book_order,book,chapter,verse,reference,position,word_text,lemma,morph,strong,manuscript,tradition
33,Micah,1,1,Micah 1:1,1,Verbum,,,,Clementine,VUL
33,Micah,1,1,Micah 1:1,2,"Domini,",,,,Clementine,VUL
33,Micah,1,1,Micah 1:1,3,quod,,,,Clementine,VUL
33,Micah,1,1,Micah 1:1,4,factum,,,,Clementine,VUL
33,Micah,1,1,Micah 1:1,5,est,,,,Clementine,VUL
33,Micah,1,1,Micah 1:1,6,ad,,,,Clementine,VUL
33,Micah,1,1,Micah 1:1,7,Michæam,,,,Clementine,VUL
33,Micah,1,1,Micah 1:1,8,"Morasthiten,",,,,Clementine,VUL
33,Micah,1,1,Micah 1:1,9,in,,,,Clementine,VUL
33,Micah,1,1,Micah 1:1,10,diebus,,,,Clementine,VUL
33,Micah,1,1,Micah 1:1,11,"Joathan,",,,,Clementine,VUL
33,Micah,1,1,Micah 1:1,12,"Achaz,",,,,Clementine,VUL
33,Micah,1,1,Micah 1:1,13,et,,,,Clementine,VUL
33,Micah,1,1,Micah 1:1,14,"Ezechiæ,",,,,Clementine,VUL
33,Micah,1,1,Micah 1:1,15,regum,,,,Clementine,VUL
33,Micah,1,1,Micah 1:1,16,"Juda,",,,,Clementine,VUL
33,Micah,1,1,Micah 1:1,17,quod,,,,Clementine,VUL
33,Micah,1,1,Micah 1:1,18,vidit,,,,Clementine,VUL
33,Micah,1,1,Micah 1:1,19,super,,,,Clementine,VUL
33,Micah,1,1,Micah 1:1,20,Samariam,,,,Clementine,VUL
33,Micah,1,1,Micah 1:1,21,et,,,,Clementine,VUL
33,Micah,1,1,Micah 1:1,22,Jerusalem.,,,,Clementine,VUL
33,Micah,1,2,Micah 1:2,1,"Audite,",,,,Clementine,VUL
33,Micah,1,2,Micah 1:2,2,populi,,,,Clementine,VUL
33,Micah,1,2,Micah 1:2,3,"omnes,",,,,Clementine,VUL
33,Micah,1,2,Micah 1:2,4,et,,,,Clementine,VUL
33,Micah,1,2,Micah 1:2,5,attendat,,,,Clementine,VUL
33,Micah,1,2,Micah 1:2,6,"terra,",,,,Clementine,VUL
33,Micah,1,2,Micah 1:2,7,et,,,,Clementine,VUL
33,Micah,1,2,Micah 1:2,8,plenitudo,,,,Clementine,VUL
33,Micah,1,2,Micah 1:2,9,ejus,,,,Clementine,VUL
33,Micah,1,2,Micah 1:2,10,:,,,,Clementine,VUL
33,Micah,1,2,Micah 1:2,11,et,,,,Clementine,VUL
33,Micah,1,2,Micah 1:2,12,sit,,,,Clementine,VUL
33,Micah,1,2,Micah 1:2,13,Dominus,,,,Clementine,VUL
33,Micah,1,2,Micah 1:2,14,Deus,,,,Clementine,VUL
33,Micah,1,2,Micah 1:2,15,vobis,,,,Clementine,VUL
33,Micah,1,2,Micah 1:2,16,in,,,,Clementine,VUL
33,Micah,1,2,Micah 1:2,17,"testem,",,,,Clementine,VUL
33,Micah,1,2,Micah 1:2,18,Dominus,,,,Clementine,VUL
33,Micah,1,2,Micah 1:2,19,de,,,,Clementine,VUL
33,Micah,1,2,Micah 1:2,20,templo,,,,Clementine,VUL
33,Micah,1,2,Micah 1:2,21,sancto,,,,Clementine,VUL
33,Micah,1,2,Micah 1:2,22,suo.,,,,Clementine,VUL
33,Micah,1,3,Micah 1:3,1,Quia,,,,Clementine,VUL
33,Micah,1,3,Micah 1:3,2,ecce,,,,Clementine,VUL
33,Micah,1,3,Micah 1:3,3,Dominus,,,,Clementine,VUL
33,Micah,1,3,Micah 1:3,4,egredietur,,,,Clementine,VUL
33,Micah,1,3,Micah 1:3,5,de,,,,Clementine,VUL
33,Micah,1,3,Micah 1:3,6,loco,,,,Clementine,VUL
33,Micah,1,3,Micah 1:3,7,"suo,",,,,Clementine,VUL
33,Micah,1,3,Micah 1:3,8,et,,,,Clementine,VUL
33,Micah,1,3,Micah 1:3,9,"descendet,",,,,Clementine,VUL
33,Micah,1,3,Micah 1:3,10,et,,,,Clementine,VUL
33,Micah,1,3,Micah 1:3,11,calcabit,,,,Clementine,VUL
33,Micah,1,3,Micah 1:3,12,super,,,,Clementine,VUL
33,Micah,1,3,Micah 1:3,13,excelsa,,,,Clementine,VUL
33,Micah,1,3,Micah 1:3,14,terræ.,,,,Clementine,VUL
33,Micah,1,4,Micah 1:4,1,Et,,,,Clementine,VUL
33,Micah,1,4,Micah 1:4,2,consumentur,,,,Clementine,VUL
33,Micah,1,4,Micah 1:4,3,montes,,,,Clementine,VUL
33,Micah,1,4,Micah 1:4,4,subtus,,,,Clementine,VUL
33,Micah,1,4,Micah 1:4,5,"eum,",,,,Clementine,VUL
33,Micah,1,4,Micah 1:4,6,et,,,,Clementine,VUL
33,Micah,1,4,Micah 1:4,7,valles,,,,Clementine,VUL
33,Micah,1,4,Micah 1:4,8,scindentur,,,,Clementine,VUL
33,Micah,1,4,Micah 1:4,9,sicut,,,,Clementine,VUL
33,Micah,1,4,Micah 1:4,10,cera,,,,Clementine,VUL
33,Micah,1,4,Micah 1:4,11,a,,,,Clementine,VUL
33,Micah,1,4,Micah 1:4,12,facie,,,,Clementine,VUL
33,Micah,1,4,Micah 1:4,13,"ignis,",,,,Clementine,VUL
33,Micah,1,4,Micah 1:4,14,et,,,,Clementine,VUL
33,Micah,1,4,Micah 1:4,15,sicut,,,,Clementine,VUL
33,Micah,1,4,Micah 1:4,16,aquæ,,,,Clementine,VUL
33,Micah,1,4,Micah 1:4,17,quæ,,,,Clementine,VUL
33,Micah,1,4,Micah 1:4,18,decurrunt,,,,Clementine,VUL
33,Micah,1,4,Micah 1:4,19,in,,,,Clementine,VUL
33,Micah,1,4,Micah 1:4,20,præceps.,,,,Clementine,VUL
33,Micah,1,5,Micah 1:5,1,In,,,,Clementine,VUL
33,Micah,1,5,Micah 1:5,2,scelere,,,,Clementine,VUL
33,Micah,1,5,Micah 1:5,3,Jacob,,,,Clementine,VUL
33,Micah,1,5,Micah 1:5,4,omne,,,,Clementine,VUL
33,Micah,1,5,Micah 1:5,5,"istud,",,,,Clementine,VUL
33,Micah,1,5,Micah 1:5,6,et,,,,Clementine,VUL
33,Micah,1,5,Micah 1:5,7,in,,,,Clementine,VUL
33,Micah,1,5,Micah 1:5,8,peccatis,,,,Clementine,VUL
33,Micah,1,5,Micah 1:5,9,domus,,,,Clementine,VUL
33,Micah,1,5,Micah 1:5,10,Israël.,,,,Clementine,VUL
33,Micah,1,5,Micah 1:5,11,Quod,,,,Clementine,VUL
33,Micah,1,5,Micah 1:5,12,scelus,,,,Clementine,VUL
33,Micah,1,5,Micah 1:5,13,Jacob,,,,Clementine,VUL
33,Micah,1,5,Micah 1:5,14,?,,,,Clementine,VUL
33,Micah,1,5,Micah 1:5,15,nonne,,,,Clementine,VUL
33,Micah,1,5,Micah 1:5,16,Samaria,,,,Clementine,VUL
33,Micah,1,5,Micah 1:5,17,?,,,,Clementine,VUL
33,Micah,1,5,Micah 1:5,18,et,,,,Clementine,VUL
33,Micah,1,5,Micah 1:5,19,quæ,,,,Clementine,VUL
33,Micah,1,5,Micah 1:5,20,excelsa,,,,Clementine,VUL
33,Micah,1,5,Micah 1:5,21,Judæ,,,,Clementine,VUL
33,Micah,1,5,Micah 1:5,22,?,,,,Clementine,VUL
33,Micah,1,5,Micah 1:5,23,nonne,,,,Clementine,VUL
33,Micah,1,5,Micah 1:5,24,Jerusalem,,,,Clementine,VUL
33,Micah,1,5,Micah 1:5,25,?,,,,Clementine,VUL
33,Micah,1,6,Micah 1:6,1,Et,,,,Clementine,VUL
33,Micah,1,6,Micah 1:6,2,ponam,,,,Clementine,VUL
33,Micah,1,6,Micah 1:6,3,Samariam,,,,Clementine,VUL
33,Micah,1,6,Micah 1:6,4,quasi,,,,Clementine,VUL
33,Micah,1,6,Micah 1:6,5,acervum,,,,Clementine,VUL
33,Micah,1,6,Micah 1:6,6,lapidum,,,,Clementine,VUL
33,Micah,1,6,Micah 1:6,7,in,,,,Clementine,VUL
33,Micah,1,6,Micah 1:6,8,"agro,",,,,Clementine,VUL
33,Micah,1,6,Micah 1:6,9,cum,,,,Clementine,VUL
33,Micah,1,6,Micah 1:6,10,plantatur,,,,Clementine,VUL
33,Micah,1,6,Micah 1:6,11,vinea,,,,Clementine,VUL
33,Micah,1,6,Micah 1:6,12,;,,,,Clementine,VUL
33,Micah,1,6,Micah 1:6,13,et,,,,Clementine,VUL
33,Micah,1,6,Micah 1:6,14,detraham,,,,Clementine,VUL
33,Micah,1,6,Micah 1:6,15,in,,,,Clementine,VUL
33,Micah,1,6,Micah 1:6,16,vallem,,,,Clementine,VUL
33,Micah,1,6,Micah 1:6,17,lapides,,,,Clementine,VUL
33,Micah,1,6,Micah 1:6,18,"ejus,",,,,Clementine,VUL
33,Micah,1,6,Micah 1:6,19,et,,,,Clementine,VUL
33,Micah,1,6,Micah 1:6,20,fundamenta,,,,Clementine,VUL
33,Micah,1,6,Micah 1:6,21,ejus,,,,Clementine,VUL
33,Micah,1,6,Micah 1:6,22,revelabo.,,,,Clementine,VUL
33,Micah,1,7,Micah 1:7,1,Et,,,,Clementine,VUL
33,Micah,1,7,Micah 1:7,2,omnia,,,,Clementine,VUL
33,Micah,1,7,Micah 1:7,3,sculptilia,,,,Clementine,VUL
33,Micah,1,7,Micah 1:7,4,ejus,,,,Clementine,VUL
33,Micah,1,7,Micah 1:7,5,"concidentur,",,,,Clementine,VUL
33,Micah,1,7,Micah 1:7,6,et,,,,Clementine,VUL
33,Micah,1,7,Micah 1:7,7,omnes,,,,Clementine,VUL
33,Micah,1,7,Micah 1:7,8,mercedes,,,,Clementine,VUL
33,Micah,1,7,Micah 1:7,9,ejus,,,,Clementine,VUL
33,Micah,1,7,Micah 1:7,10,comburentur,,,,Clementine,VUL
33,Micah,1,7,Micah 1:7,11,"igne,",,,,Clementine,VUL
33,Micah,1,7,Micah 1:7,12,et,,,,Clementine,VUL
33,Micah,1,7,Micah 1:7,13,omnia,,,,Clementine,VUL
33,Micah,1,7,Micah 1:7,14,idola,,,,Clementine,VUL
33,Micah,1,7,Micah 1:7,15,ejus,,,,Clementine,VUL
33,Micah,1,7,Micah 1:7,16,ponam,,,,Clementine,VUL
33,Micah,1,7,Micah 1:7,17,in,,,,Clementine,VUL
33,Micah,1,7,Micah 1:7,18,"perditionem,",,,,Clementine,VUL
33,Micah,1,7,Micah 1:7,19,quia,,,,Clementine,VUL
33,Micah,1,7,Micah 1:7,20,de,,,,Clementine,VUL
33,Micah,1,7,Micah 1:7,21,mercedibus,,,,Clementine,VUL
33,Micah,1,7,Micah 1:7,22,meretricis,,,,Clementine,VUL
33,Micah,1,7,Micah 1:7,23,congregata,,,,Clementine,VUL
33,Micah,1,7,Micah 1:7,24,"sunt,",,,,Clementine,VUL
33,Micah,1,7,Micah 1:7,25,et,,,,Clementine,VUL
33,Micah,1,7,Micah 1:7,26,usque,,,,Clementine,VUL
33,Micah,1,7,Micah 1:7,27,ad,,,,Clementine,VUL
33,Micah,1,7,Micah 1:7,28,mercedem,,,,Clementine,VUL
33,Micah,1,7,Micah 1:7,29,meretricis,,,,Clementine,VUL
33,Micah,1,7,Micah 1:7,30,revertentur.,,,,Clementine,VUL
33,Micah,1,8,Micah 1:8,1,Super,,,,Clementine,VUL
33,Micah,1,8,Micah 1:8,2,hoc,,,,Clementine,VUL
33,Micah,1,8,Micah 1:8,3,"plangam,",,,,Clementine,VUL
33,Micah,1,8,Micah 1:8,4,et,,,,Clementine,VUL
33,Micah,1,8,Micah 1:8,5,ululabo,,,,Clementine,VUL
33,Micah,1,8,Micah 1:8,6,;,,,,Clementine,VUL
33,Micah,1,8,Micah 1:8,7,vadam,,,,Clementine,VUL
33,Micah,1,8,Micah 1:8,8,"spoliatus,",,,,Clementine,VUL
33,Micah,1,8,Micah 1:8,9,et,,,,Clementine,VUL
33,Micah,1,8,Micah 1:8,10,nudus,,,,Clementine,VUL
33,Micah,1,8,Micah 1:8,11,;,,,,Clementine,VUL
33,Micah,1,8,Micah 1:8,12,faciam,,,,Clementine,VUL
33,Micah,1,8,Micah 1:8,13,planctum,,,,Clementine,VUL
33,Micah,1,8,Micah 1:8,14,velut,,,,Clementine,VUL
33,Micah,1,8,Micah 1:8,15,"draconum,",,,,Clementine,VUL
33,Micah,1,8,Micah 1:8,16,et,,,,Clementine,VUL
33,Micah,1,8,Micah 1:8,17,luctum,,,,Clementine,VUL
33,Micah,1,8,Micah 1:8,18,quasi,,,,Clementine,VUL
33,Micah,1,8,Micah 1:8,19,struthionum,,,,Clementine,VUL
33,Micah,1,8,Micah 1:8,20,:,,,,Clementine,VUL
33,Micah,1,9,Micah 1:9,1,quia,,,,Clementine,VUL
33,Micah,1,9,Micah 1:9,2,desperata,,,,Clementine,VUL
33,Micah,1,9,Micah 1:9,3,est,,,,Clementine,VUL
33,Micah,1,9,Micah 1:9,4,plaga,,,,Clementine,VUL
33,Micah,1,9,Micah 1:9,5,"ejus,",,,,Clementine,VUL
33,Micah,1,9,Micah 1:9,6,quia,,,,Clementine,VUL
33,Micah,1,9,Micah 1:9,7,venit,,,,Clementine,VUL
33,Micah,1,9,Micah 1:9,8,usque,,,,Clementine,VUL
33,Micah,1,9,Micah 1:9,9,ad,,,,Clementine,VUL
33,Micah,1,9,Micah 1:9,10,Judam,,,,Clementine,VUL
33,Micah,1,9,Micah 1:9,11,;,,,,Clementine,VUL
33,Micah,1,9,Micah 1:9,12,tetigit,,,,Clementine,VUL
33,Micah,1,9,Micah 1:9,13,portam,,,,Clementine,VUL
33,Micah,1,9,Micah 1:9,14,populi,,,,Clementine,VUL
33,Micah,1,9,Micah 1:9,15,mei,,,,Clementine,VUL
33,Micah,1,9,Micah 1:9,16,usque,,,,Clementine,VUL
33,Micah,1,9,Micah 1:9,17,ad,,,,Clementine,VUL
33,Micah,1,9,Micah 1:9,18,Jerusalem.,,,,Clementine,VUL
33,Micah,1,10,Micah 1:10,1,In,,,,Clementine,VUL
33,Micah,1,10,Micah 1:10,2,Geth,,,,Clementine,VUL
33,Micah,1,10,Micah 1:10,3,nolite,,,,Clementine,VUL
33,Micah,1,10,Micah 1:10,4,annuntiare,,,,Clementine,VUL
33,Micah,1,10,Micah 1:10,5,;,,,,Clementine,VUL
33,Micah,1,10,Micah 1:10,6,lacrimis,,,,Clementine,VUL
33,Micah,1,10,Micah 1:10,7,ne,,,,Clementine,VUL
33,Micah,1,10,Micah 1:10,8,ploretis,,,,Clementine,VUL
33,Micah,1,10,Micah 1:10,9,;,,,,Clementine,VUL
33,Micah,1,10,Micah 1:10,10,in,,,,Clementine,VUL
33,Micah,1,10,Micah 1:10,11,domo,,,,Clementine,VUL
33,Micah,1,10,Micah 1:10,12,pulveris,,,,Clementine,VUL
33,Micah,1,10,Micah 1:10,13,pulvere,,,,Clementine,VUL
33,Micah,1,10,Micah 1:10,14,vos,,,,Clementine,VUL
33,Micah,1,10,Micah 1:10,15,conspergite.,,,,Clementine,VUL
33,Micah,1,11,Micah 1:11,1,Et,,,,Clementine,VUL
33,Micah,1,11,Micah 1:11,2,transite,,,,Clementine,VUL
33,Micah,1,11,Micah 1:11,3,"vobis,",,,,Clementine,VUL
33,Micah,1,11,Micah 1:11,4,habitatio,,,,Clementine,VUL
33,Micah,1,11,Micah 1:11,5,"pulchra,",,,,Clementine,VUL
33,Micah,1,11,Micah 1:11,6,confusa,,,,Clementine,VUL
33,Micah,1,11,Micah 1:11,7,ignominia,,,,Clementine,VUL
33,Micah,1,11,Micah 1:11,8,:,,,,Clementine,VUL
33,Micah,1,11,Micah 1:11,9,non,,,,Clementine,VUL
33,Micah,1,11,Micah 1:11,10,est,,,,Clementine,VUL
33,Micah,1,11,Micah 1:11,11,egressa,,,,Clementine,VUL
33,Micah,1,11,Micah 1:11,12,quæ,,,,Clementine,VUL
33,Micah,1,11,Micah 1:11,13,habitat,,,,Clementine,VUL
33,Micah,1,11,Micah 1:11,14,in,,,,Clementine,VUL
33,Micah,1,11,Micah 1:11,15,exitu,,,,Clementine,VUL
33,Micah,1,11,Micah 1:11,16,:,,,,Clementine,VUL
33,Micah,1,11,Micah 1:11,17,planctum,,,,Clementine,VUL
33,Micah,1,11,Micah 1:11,18,domus,,,,Clementine,VUL
33,Micah,1,11,Micah 1:11,19,vicina,,,,Clementine,VUL
33,Micah,1,11,Micah 1:11,20,accipiet,,,,Clementine,VUL
33,Micah,1,11,Micah 1:11,21,ex,,,,Clementine,VUL
33,Micah,1,11,Micah 1:11,22,"vobis,",,,,Clementine,VUL
33,Micah,1,11,Micah 1:11,23,quæ,,,,Clementine,VUL
33,Micah,1,11,Micah 1:11,24,stetit,,,,Clementine,VUL
33,Micah,1,11,Micah 1:11,25,sibimet.,,,,Clementine,VUL
33,Micah,1,12,Micah 1:12,1,Quia,,,,Clementine,VUL
33,Micah,1,12,Micah 1:12,2,infirmata,,,,Clementine,VUL
33,Micah,1,12,Micah 1:12,3,est,,,,Clementine,VUL
33,Micah,1,12,Micah 1:12,4,in,,,,Clementine,VUL
33,Micah,1,12,Micah 1:12,5,"bonum,",,,,Clementine,VUL
33,Micah,1,12,Micah 1:12,6,quæ,,,,Clementine,VUL
33,Micah,1,12,Micah 1:12,7,habitat,,,,Clementine,VUL
33,Micah,1,12,Micah 1:12,8,in,,,,Clementine,VUL
33,Micah,1,12,Micah 1:12,9,amaritudinibus,,,,Clementine,VUL
33,Micah,1,12,Micah 1:12,10,;,,,,Clementine,VUL
33,Micah,1,12,Micah 1:12,11,quia,,,,Clementine,VUL
33,Micah,1,12,Micah 1:12,12,descendit,,,,Clementine,VUL
33,Micah,1,12,Micah 1:12,13,malum,,,,Clementine,VUL
33,Micah,1,12,Micah 1:12,14,a,,,,Clementine,VUL
33,Micah,1,12,Micah 1:12,15,Domino,,,,Clementine,VUL
33,Micah,1,12,Micah 1:12,16,in,,,,Clementine,VUL
33,Micah,1,12,Micah 1:12,17,portam,,,,Clementine,VUL
33,Micah,1,12,Micah 1:12,18,Jerusalem.,,,,Clementine,VUL
33,Micah,1,13,Micah 1:13,1,Tumultus,,,,Clementine,VUL
33,Micah,1,13,Micah 1:13,2,quadrigæ,,,,Clementine,VUL
33,Micah,1,13,Micah 1:13,3,stuporis,,,,Clementine,VUL
33,Micah,1,13,Micah 1:13,4,habitanti,,,,Clementine,VUL
33,Micah,1,13,Micah 1:13,5,Lachis,,,,Clementine,VUL
33,Micah,1,13,Micah 1:13,6,:,,,,Clementine,VUL
33,Micah,1,13,Micah 1:13,7,principium,,,,Clementine,VUL
33,Micah,1,13,Micah 1:13,8,peccati,,,,Clementine,VUL
33,Micah,1,13,Micah 1:13,9,est,,,,Clementine,VUL
33,Micah,1,13,Micah 1:13,10,filiæ,,,,Clementine,VUL
33,Micah,1,13,Micah 1:13,11,"Sion,",,,,Clementine,VUL
33,Micah,1,13,Micah 1:13,12,quia,,,,Clementine,VUL
33,Micah,1,13,Micah 1:13,13,in,,,,Clementine,VUL
33,Micah,1,13,Micah 1:13,14,te,,,,Clementine,VUL
33,Micah,1,13,Micah 1:13,15,inventa,,,,Clementine,VUL
33,Micah,1,13,Micah 1:13,16,sunt,,,,Clementine,VUL
33,Micah,1,13,Micah 1:13,17,scelera,,,,Clementine,VUL
33,Micah,1,13,Micah 1:13,18,Israël.,,,,Clementine,VUL
33,Micah,1,14,Micah 1:14,1,Propterea,,,,Clementine,VUL
33,Micah,1,14,Micah 1:14,2,dabit,,,,Clementine,VUL
33,Micah,1,14,Micah 1:14,3,emissarios,,,,Clementine,VUL
33,Micah,1,14,Micah 1:14,4,super,,,,Clementine,VUL
33,Micah,1,14,Micah 1:14,5,hæreditatem,,,,Clementine,VUL
33,Micah,1,14,Micah 1:14,6,"Geth,",,,,Clementine,VUL
33,Micah,1,14,Micah 1:14,7,domus,,,,Clementine,VUL
33,Micah,1,14,Micah 1:14,8,mendacii,,,,Clementine,VUL
33,Micah,1,14,Micah 1:14,9,in,,,,Clementine,VUL
33,Micah,1,14,Micah 1:14,10,deceptionem,,,,Clementine,VUL
33,Micah,1,14,Micah 1:14,11,regibus,,,,Clementine,VUL
33,Micah,1,14,Micah 1:14,12,Israël.,,,,Clementine,VUL
33,Micah,1,15,Micah 1:15,1,Adhuc,,,,Clementine,VUL
33,Micah,1,15,Micah 1:15,2,hæredem,,,,Clementine,VUL
33,Micah,1,15,Micah 1:15,3,adducam,,,,Clementine,VUL
33,Micah,1,15,Micah 1:15,4,tibi,,,,Clementine,VUL
33,Micah,1,15,Micah 1:15,5,quæ,,,,Clementine,VUL
33,Micah,1,15,Micah 1:15,6,habitas,,,,Clementine,VUL
33,Micah,1,15,Micah 1:15,7,in,,,,Clementine,VUL
33,Micah,1,15,Micah 1:15,8,Maresa,,,,Clementine,VUL
33,Micah,1,15,Micah 1:15,9,;,,,,Clementine,VUL
33,Micah,1,15,Micah 1:15,10,usque,,,,Clementine,VUL
33,Micah,1,15,Micah 1:15,11,ad,,,,Clementine,VUL
33,Micah,1,15,Micah 1:15,12,Odollam,,,,Clementine,VUL
33,Micah,1,15,Micah 1:15,13,veniet,,,,Clementine,VUL
33,Micah,1,15,Micah 1:15,14,gloria,,,,Clementine,VUL
33,Micah,1,15,Micah 1:15,15,Israël.,,,,Clementine,VUL
33,Micah,1,16,Micah 1:16,1,"Decalvare,",,,,Clementine,VUL
33,Micah,1,16,Micah 1:16,2,et,,,,Clementine,VUL
33,Micah,1,16,Micah 1:16,3,tondere,,,,Clementine,VUL
33,Micah,1,16,Micah 1:16,4,super,,,,Clementine,VUL
33,Micah,1,16,Micah 1:16,5,filios,,,,Clementine,VUL
33,Micah,1,16,Micah 1:16,6,deliciarum,,,,Clementine,VUL
33,Micah,1,16,Micah 1:16,7,tuarum,,,,Clementine,VUL
33,Micah,1,16,Micah 1:16,8,;,,,,Clementine,VUL
33,Micah,1,16,Micah 1:16,9,dilata,,,,Clementine,VUL
33,Micah,1,16,Micah 1:16,10,calvitium,,,,Clementine,VUL
33,Micah,1,16,Micah 1:16,11,tuum,,,,Clementine,VUL
33,Micah,1,16,Micah 1:16,12,sicut,,,,Clementine,VUL
33,Micah,1,16,Micah 1:16,13,"aquila,",,,,Clementine,VUL
33,Micah,1,16,Micah 1:16,14,quoniam,,,,Clementine,VUL
33,Micah,1,16,Micah 1:16,15,captivi,,,,Clementine,VUL
33,Micah,1,16,Micah 1:16,16,ducti,,,,Clementine,VUL
33,Micah,1,16,Micah 1:16,17,sunt,,,,Clementine,VUL
33,Micah,1,16,Micah 1:16,18,ex,,,,Clementine,VUL
33,Micah,1,16,Micah 1:16,19,te.,,,,Clementine,VUL
33,Micah,2,1,Micah 2:1,1,Væ,,,,Clementine,VUL
33,Micah,2,1,Micah 2:1,2,qui,,,,Clementine,VUL
33,Micah,2,1,Micah 2:1,3,cogitatis,,,,Clementine,VUL
33,Micah,2,1,Micah 2:1,4,"inutile,",,,,Clementine,VUL
33,Micah,2,1,Micah 2:1,5,et,,,,Clementine,VUL
33,Micah,2,1,Micah 2:1,6,operamini,,,,Clementine,VUL
33,Micah,2,1,Micah 2:1,7,malum,,,,Clementine,VUL
33,Micah,2,1,Micah 2:1,8,in,,,,Clementine,VUL
33,Micah,2,1,Micah 2:1,9,cubilibus,,,,Clementine,VUL
33,Micah,2,1,Micah 2:1,10,vestris,,,,Clementine,VUL
33,Micah,2,1,Micah 2:1,11,!,,,,Clementine,VUL
33,Micah,2,1,Micah 2:1,12,In,,,,Clementine,VUL
33,Micah,2,1,Micah 2:1,13,luce,,,,Clementine,VUL
33,Micah,2,1,Micah 2:1,14,matutina,,,,Clementine,VUL
33,Micah,2,1,Micah 2:1,15,faciunt,,,,Clementine,VUL
33,Micah,2,1,Micah 2:1,16,"illud,",,,,Clementine,VUL
33,Micah,2,1,Micah 2:1,17,quoniam,,,,Clementine,VUL
33,Micah,2,1,Micah 2:1,18,contra,,,,Clementine,VUL
33,Micah,2,1,Micah 2:1,19,Deum,,,,Clementine,VUL
33,Micah,2,1,Micah 2:1,20,est,,,,Clementine,VUL
33,Micah,2,1,Micah 2:1,21,manus,,,,Clementine,VUL
33,Micah,2,1,Micah 2:1,22,eorum.,,,,Clementine,VUL
33,Micah,2,2,Micah 2:2,1,Et,,,,Clementine,VUL
33,Micah,2,2,Micah 2:2,2,concupierunt,,,,Clementine,VUL
33,Micah,2,2,Micah 2:2,3,"agros,",,,,Clementine,VUL
33,Micah,2,2,Micah 2:2,4,et,,,,Clementine,VUL
33,Micah,2,2,Micah 2:2,5,violenter,,,,Clementine,VUL
33,Micah,2,2,Micah 2:2,6,tulerunt,,,,Clementine,VUL
33,Micah,2,2,Micah 2:2,7,:,,,,Clementine,VUL
33,Micah,2,2,Micah 2:2,8,et,,,,Clementine,VUL
33,Micah,2,2,Micah 2:2,9,rapuerunt,,,,Clementine,VUL
33,Micah,2,2,Micah 2:2,10,"domos,",,,,Clementine,VUL
33,Micah,2,2,Micah 2:2,11,et,,,,Clementine,VUL
33,Micah,2,2,Micah 2:2,12,calumniabantur,,,,Clementine,VUL
33,Micah,2,2,Micah 2:2,13,"virum,",,,,Clementine,VUL
33,Micah,2,2,Micah 2:2,14,et,,,,Clementine,VUL
33,Micah,2,2,Micah 2:2,15,domum,,,,Clementine,VUL
33,Micah,2,2,Micah 2:2,16,ejus,,,,Clementine,VUL
33,Micah,2,2,Micah 2:2,17,:,,,,Clementine,VUL
33,Micah,2,2,Micah 2:2,18,"virum,",,,,Clementine,VUL
33,Micah,2,2,Micah 2:2,19,et,,,,Clementine,VUL
33,Micah,2,2,Micah 2:2,20,hæreditatem,,,,Clementine,VUL
33,Micah,2,2,Micah 2:2,21,ejus.,,,,Clementine,VUL
33,Micah,2,3,Micah 2:3,1,Idcirco,,,,Clementine,VUL
33,Micah,2,3,Micah 2:3,2,hæc,,,,Clementine,VUL
33,Micah,2,3,Micah 2:3,3,dicit,,,,Clementine,VUL
33,Micah,2,3,Micah 2:3,4,Dominus,,,,Clementine,VUL
33,Micah,2,3,Micah 2:3,5,:,,,,Clementine,VUL
33,Micah,2,3,Micah 2:3,6,Ecce,,,,Clementine,VUL
33,Micah,2,3,Micah 2:3,7,ego,,,,Clementine,VUL
33,Micah,2,3,Micah 2:3,8,cogito,,,,Clementine,VUL
33,Micah,2,3,Micah 2:3,9,super,,,,Clementine,VUL
33,Micah,2,3,Micah 2:3,10,familiam,,,,Clementine,VUL
33,Micah,2,3,Micah 2:3,11,istam,,,,Clementine,VUL
33,Micah,2,3,Micah 2:3,12,"malum,",,,,Clementine,VUL
33,Micah,2,3,Micah 2:3,13,unde,,,,Clementine,VUL
33,Micah,2,3,Micah 2:3,14,non,,,,Clementine,VUL
33,Micah,2,3,Micah 2:3,15,auferetis,,,,Clementine,VUL
33,Micah,2,3,Micah 2:3,16,colla,,,,Clementine,VUL
33,Micah,2,3,Micah 2:3,17,"vestra,",,,,Clementine,VUL
33,Micah,2,3,Micah 2:3,18,et,,,,Clementine,VUL
33,Micah,2,3,Micah 2:3,19,non,,,,Clementine,VUL
33,Micah,2,3,Micah 2:3,20,ambulabitis,,,,Clementine,VUL
33,Micah,2,3,Micah 2:3,21,superbi,,,,Clementine,VUL
33,Micah,2,3,Micah 2:3,22,:,,,,Clementine,VUL
33,Micah,2,3,Micah 2:3,23,quoniam,,,,Clementine,VUL
33,Micah,2,3,Micah 2:3,24,tempus,,,,Clementine,VUL
33,Micah,2,3,Micah 2:3,25,pessimum,,,,Clementine,VUL
33,Micah,2,3,Micah 2:3,26,est.,,,,Clementine,VUL
33,Micah,2,4,Micah 2:4,1,In,,,,Clementine,VUL
33,Micah,2,4,Micah 2:4,2,die,,,,Clementine,VUL
33,Micah,2,4,Micah 2:4,3,illa,,,,Clementine,VUL
33,Micah,2,4,Micah 2:4,4,sumetur,,,,Clementine,VUL
33,Micah,2,4,Micah 2:4,5,super,,,,Clementine,VUL
33,Micah,2,4,Micah 2:4,6,vos,,,,Clementine,VUL
33,Micah,2,4,Micah 2:4,7,"parabola,",,,,Clementine,VUL
33,Micah,2,4,Micah 2:4,8,et,,,,Clementine,VUL
33,Micah,2,4,Micah 2:4,9,cantabitur,,,,Clementine,VUL
33,Micah,2,4,Micah 2:4,10,canticum,,,,Clementine,VUL
33,Micah,2,4,Micah 2:4,11,cum,,,,Clementine,VUL
33,Micah,2,4,Micah 2:4,12,"suavitate,",,,,Clementine,VUL
33,Micah,2,4,Micah 2:4,13,dicentium,,,,Clementine,VUL
33,Micah,2,4,Micah 2:4,14,:,,,,Clementine,VUL
33,Micah,2,4,Micah 2:4,15,Depopulatione,,,,Clementine,VUL
33,Micah,2,4,Micah 2:4,16,vastati,,,,Clementine,VUL
33,Micah,2,4,Micah 2:4,17,sumus,,,,Clementine,VUL
33,Micah,2,4,Micah 2:4,18,;,,,,Clementine,VUL
33,Micah,2,4,Micah 2:4,19,pars,,,,Clementine,VUL
33,Micah,2,4,Micah 2:4,20,populi,,,,Clementine,VUL
33,Micah,2,4,Micah 2:4,21,mei,,,,Clementine,VUL
33,Micah,2,4,Micah 2:4,22,commutata,,,,Clementine,VUL
33,Micah,2,4,Micah 2:4,23,est,,,,Clementine,VUL
33,Micah,2,4,Micah 2:4,24,:,,,,Clementine,VUL
33,Micah,2,4,Micah 2:4,25,quomodo,,,,Clementine,VUL
33,Micah,2,4,Micah 2:4,26,recedet,,,,Clementine,VUL
33,Micah,2,4,Micah 2:4,27,a,,,,Clementine,VUL
33,Micah,2,4,Micah 2:4,28,"me,",,,,Clementine,VUL
33,Micah,2,4,Micah 2:4,29,cum,,,,Clementine,VUL
33,Micah,2,4,Micah 2:4,30,"revertatur,",,,,Clementine,VUL
33,Micah,2,4,Micah 2:4,31,qui,,,,Clementine,VUL
33,Micah,2,4,Micah 2:4,32,regiones,,,,Clementine,VUL
33,Micah,2,4,Micah 2:4,33,nostras,,,,Clementine,VUL
33,Micah,2,4,Micah 2:4,34,dividat,,,,Clementine,VUL
33,Micah,2,4,Micah 2:4,35,?,,,,Clementine,VUL
33,Micah,2,5,Micah 2:5,1,Propter,,,,Clementine,VUL
33,Micah,2,5,Micah 2:5,2,hoc,,,,Clementine,VUL
33,Micah,2,5,Micah 2:5,3,non,,,,Clementine,VUL
33,Micah,2,5,Micah 2:5,4,erit,,,,Clementine,VUL
33,Micah,2,5,Micah 2:5,5,tibi,,,,Clementine,VUL
33,Micah,2,5,Micah 2:5,6,mittens,,,,Clementine,VUL
33,Micah,2,5,Micah 2:5,7,funiculum,,,,Clementine,VUL
33,Micah,2,5,Micah 2:5,8,sortis,,,,Clementine,VUL
33,Micah,2,5,Micah 2:5,9,in,,,,Clementine,VUL
33,Micah,2,5,Micah 2:5,10,cœtu,,,,Clementine,VUL
33,Micah,2,5,Micah 2:5,11,Domini.,,,,Clementine,VUL
33,Micah,2,6,Micah 2:6,1,Ne,,,,Clementine,VUL
33,Micah,2,6,Micah 2:6,2,loquamini,,,,Clementine,VUL
33,Micah,2,6,Micah 2:6,3,loquentes,,,,Clementine,VUL
33,Micah,2,6,Micah 2:6,4,;,,,,Clementine,VUL
33,Micah,2,6,Micah 2:6,5,non,,,,Clementine,VUL
33,Micah,2,6,Micah 2:6,6,stillabit,,,,Clementine,VUL
33,Micah,2,6,Micah 2:6,7,super,,,,Clementine,VUL
33,Micah,2,6,Micah 2:6,8,"istos,",,,,Clementine,VUL
33,Micah,2,6,Micah 2:6,9,non,,,,Clementine,VUL
33,Micah,2,6,Micah 2:6,10,comprehendet,,,,Clementine,VUL
33,Micah,2,6,Micah 2:6,11,confusio.,,,,Clementine,VUL
33,Micah,2,7,Micah 2:7,1,Dicit,,,,Clementine,VUL
33,Micah,2,7,Micah 2:7,2,domus,,,,Clementine,VUL
33,Micah,2,7,Micah 2:7,3,Jacob,,,,Clementine,VUL
33,Micah,2,7,Micah 2:7,4,:,,,,Clementine,VUL
33,Micah,2,7,Micah 2:7,5,Numquid,,,,Clementine,VUL
33,Micah,2,7,Micah 2:7,6,abbreviatus,,,,Clementine,VUL
33,Micah,2,7,Micah 2:7,7,est,,,,Clementine,VUL
33,Micah,2,7,Micah 2:7,8,spiritus,,,,Clementine,VUL
33,Micah,2,7,Micah 2:7,9,"Domini,",,,,Clementine,VUL
33,Micah,2,7,Micah 2:7,10,aut,,,,Clementine,VUL
33,Micah,2,7,Micah 2:7,11,tales,,,,Clementine,VUL
33,Micah,2,7,Micah 2:7,12,sunt,,,,Clementine,VUL
33,Micah,2,7,Micah 2:7,13,cogitationes,,,,Clementine,VUL
33,Micah,2,7,Micah 2:7,14,ejus,,,,Clementine,VUL
33,Micah,2,7,Micah 2:7,15,?,,,,Clementine,VUL
33,Micah,2,7,Micah 2:7,16,nonne,,,,Clementine,VUL
33,Micah,2,7,Micah 2:7,17,verba,,,,Clementine,VUL
33,Micah,2,7,Micah 2:7,18,mea,,,,Clementine,VUL
33,Micah,2,7,Micah 2:7,19,bona,,,,Clementine,VUL
33,Micah,2,7,Micah 2:7,20,sunt,,,,Clementine,VUL
33,Micah,2,7,Micah 2:7,21,cum,,,,Clementine,VUL
33,Micah,2,7,Micah 2:7,22,eo,,,,Clementine,VUL
33,Micah,2,7,Micah 2:7,23,qui,,,,Clementine,VUL
33,Micah,2,7,Micah 2:7,24,recte,,,,Clementine,VUL
33,Micah,2,7,Micah 2:7,25,graditur,,,,Clementine,VUL
33,Micah,2,7,Micah 2:7,26,?,,,,Clementine,VUL
33,Micah,2,8,Micah 2:8,1,et,,,,Clementine,VUL
33,Micah,2,8,Micah 2:8,2,e,,,,Clementine,VUL
33,Micah,2,8,Micah 2:8,3,contrario,,,,Clementine,VUL
33,Micah,2,8,Micah 2:8,4,populus,,,,Clementine,VUL
33,Micah,2,8,Micah 2:8,5,meus,,,,Clementine,VUL
33,Micah,2,8,Micah 2:8,6,in,,,,Clementine,VUL
33,Micah,2,8,Micah 2:8,7,adversarium,,,,Clementine,VUL
33,Micah,2,8,Micah 2:8,8,consurrexit.,,,,Clementine,VUL
33,Micah,2,8,Micah 2:8,9,Desuper,,,,Clementine,VUL
33,Micah,2,8,Micah 2:8,10,tunica,,,,Clementine,VUL
33,Micah,2,8,Micah 2:8,11,pallium,,,,Clementine,VUL
33,Micah,2,8,Micah 2:8,12,sustulistis,,,,Clementine,VUL
33,Micah,2,8,Micah 2:8,13,:,,,,Clementine,VUL
33,Micah,2,8,Micah 2:8,14,et,,,,Clementine,VUL
33,Micah,2,8,Micah 2:8,15,eos,,,,Clementine,VUL
33,Micah,2,8,Micah 2:8,16,qui,,,,Clementine,VUL
33,Micah,2,8,Micah 2:8,17,transibant,,,,Clementine,VUL
33,Micah,2,8,Micah 2:8,18,simpliciter,,,,Clementine,VUL
33,Micah,2,8,Micah 2:8,19,convertistis,,,,Clementine,VUL
33,Micah,2,8,Micah 2:8,20,in,,,,Clementine,VUL
33,Micah,2,8,Micah 2:8,21,bellum.,,,,Clementine,VUL
33,Micah,2,9,Micah 2:9,1,Mulieres,,,,Clementine,VUL
33,Micah,2,9,Micah 2:9,2,populi,,,,Clementine,VUL
33,Micah,2,9,Micah 2:9,3,mei,,,,Clementine,VUL
33,Micah,2,9,Micah 2:9,4,ejecistis,,,,Clementine,VUL
33,Micah,2,9,Micah 2:9,5,de,,,,Clementine,VUL
33,Micah,2,9,Micah 2:9,6,domo,,,,Clementine,VUL
33,Micah,2,9,Micah 2:9,7,deliciarum,,,,Clementine,VUL
33,Micah,2,9,Micah 2:9,8,suarum,,,,Clementine,VUL
33,Micah,2,9,Micah 2:9,9,;,,,,Clementine,VUL
33,Micah,2,9,Micah 2:9,10,a,,,,Clementine,VUL
33,Micah,2,9,Micah 2:9,11,parvulis,,,,Clementine,VUL
33,Micah,2,9,Micah 2:9,12,earum,,,,Clementine,VUL
33,Micah,2,9,Micah 2:9,13,tulistis,,,,Clementine,VUL
33,Micah,2,9,Micah 2:9,14,laudem,,,,Clementine,VUL
33,Micah,2,9,Micah 2:9,15,meam,,,,Clementine,VUL
33,Micah,2,9,Micah 2:9,16,in,,,,Clementine,VUL
33,Micah,2,9,Micah 2:9,17,perpetuum.,,,,Clementine,VUL
33,Micah,2,10,Micah 2:10,1,"Surgite,",,,,Clementine,VUL
33,Micah,2,10,Micah 2:10,2,et,,,,Clementine,VUL
33,Micah,2,10,Micah 2:10,3,"ite,",,,,Clementine,VUL
33,Micah,2,10,Micah 2:10,4,quia,,,,Clementine,VUL
33,Micah,2,10,Micah 2:10,5,non,,,,Clementine,VUL
33,Micah,2,10,Micah 2:10,6,habetis,,,,Clementine,VUL
33,Micah,2,10,Micah 2:10,7,hic,,,,Clementine,VUL
33,Micah,2,10,Micah 2:10,8,requiem,,,,Clementine,VUL
33,Micah,2,10,Micah 2:10,9,:,,,,Clementine,VUL
33,Micah,2,10,Micah 2:10,10,propter,,,,Clementine,VUL
33,Micah,2,10,Micah 2:10,11,immunditiam,,,,Clementine,VUL
33,Micah,2,10,Micah 2:10,12,ejus,,,,Clementine,VUL
33,Micah,2,10,Micah 2:10,13,corrumpetur,,,,Clementine,VUL
33,Micah,2,10,Micah 2:10,14,putredine,,,,Clementine,VUL
33,Micah,2,10,Micah 2:10,15,pessima.,,,,Clementine,VUL
33,Micah,2,11,Micah 2:11,1,Utinam,,,,Clementine,VUL
33,Micah,2,11,Micah 2:11,2,non,,,,Clementine,VUL
33,Micah,2,11,Micah 2:11,3,essem,,,,Clementine,VUL
33,Micah,2,11,Micah 2:11,4,vir,,,,Clementine,VUL
33,Micah,2,11,Micah 2:11,5,habens,,,,Clementine,VUL
33,Micah,2,11,Micah 2:11,6,"spiritum,",,,,Clementine,VUL
33,Micah,2,11,Micah 2:11,7,et,,,,Clementine,VUL
33,Micah,2,11,Micah 2:11,8,mendacium,,,,Clementine,VUL
33,Micah,2,11,Micah 2:11,9,potius,,,,Clementine,VUL
33,Micah,2,11,Micah 2:11,10,loquerer,,,,Clementine,VUL
33,Micah,2,11,Micah 2:11,11,!,,,,Clementine,VUL
33,Micah,2,11,Micah 2:11,12,Stillabo,,,,Clementine,VUL
33,Micah,2,11,Micah 2:11,13,tibi,,,,Clementine,VUL
33,Micah,2,11,Micah 2:11,14,in,,,,Clementine,VUL
33,Micah,2,11,Micah 2:11,15,vinum,,,,Clementine,VUL
33,Micah,2,11,Micah 2:11,16,et,,,,Clementine,VUL
33,Micah,2,11,Micah 2:11,17,in,,,,Clementine,VUL
33,Micah,2,11,Micah 2:11,18,ebrietatem,,,,Clementine,VUL
33,Micah,2,11,Micah 2:11,19,;,,,,Clementine,VUL
33,Micah,2,11,Micah 2:11,20,et,,,,Clementine,VUL
33,Micah,2,11,Micah 2:11,21,erit,,,,Clementine,VUL
33,Micah,2,11,Micah 2:11,22,super,,,,Clementine,VUL
33,Micah,2,11,Micah 2:11,23,quem,,,,Clementine,VUL
33,Micah,2,11,Micah 2:11,24,stillatur,,,,Clementine,VUL
33,Micah,2,11,Micah 2:11,25,populus,,,,Clementine,VUL
33,Micah,2,11,Micah 2:11,26,iste.,,,,Clementine,VUL
33,Micah,2,12,Micah 2:12,1,Congregatione,,,,Clementine,VUL
33,Micah,2,12,Micah 2:12,2,"congregabo,",,,,Clementine,VUL
33,Micah,2,12,Micah 2:12,3,"Jacob,",,,,Clementine,VUL
33,Micah,2,12,Micah 2:12,4,totum,,,,Clementine,VUL
33,Micah,2,12,Micah 2:12,5,te,,,,Clementine,VUL
33,Micah,2,12,Micah 2:12,6,;,,,,Clementine,VUL
33,Micah,2,12,Micah 2:12,7,in,,,,Clementine,VUL
33,Micah,2,12,Micah 2:12,8,unum,,,,Clementine,VUL
33,Micah,2,12,Micah 2:12,9,conducam,,,,Clementine,VUL
33,Micah,2,12,Micah 2:12,10,reliquias,,,,Clementine,VUL
33,Micah,2,12,Micah 2:12,11,Israël,,,,Clementine,VUL
33,Micah,2,12,Micah 2:12,12,:,,,,Clementine,VUL
33,Micah,2,12,Micah 2:12,13,pariter,,,,Clementine,VUL
33,Micah,2,12,Micah 2:12,14,ponam,,,,Clementine,VUL
33,Micah,2,12,Micah 2:12,15,illum,,,,Clementine,VUL
33,Micah,2,12,Micah 2:12,16,quasi,,,,Clementine,VUL
33,Micah,2,12,Micah 2:12,17,gregem,,,,Clementine,VUL
33,Micah,2,12,Micah 2:12,18,in,,,,Clementine,VUL
33,Micah,2,12,Micah 2:12,19,"ovili,",,,,Clementine,VUL
33,Micah,2,12,Micah 2:12,20,quasi,,,,Clementine,VUL
33,Micah,2,12,Micah 2:12,21,pecus,,,,Clementine,VUL
33,Micah,2,12,Micah 2:12,22,in,,,,Clementine,VUL
33,Micah,2,12,Micah 2:12,23,medio,,,,Clementine,VUL
33,Micah,2,12,Micah 2:12,24,caularum,,,,Clementine,VUL
33,Micah,2,12,Micah 2:12,25,:,,,,Clementine,VUL
33,Micah,2,12,Micah 2:12,26,tumultuabuntur,,,,Clementine,VUL
33,Micah,2,12,Micah 2:12,27,a,,,,Clementine,VUL
33,Micah,2,12,Micah 2:12,28,multitudine,,,,Clementine,VUL
33,Micah,2,12,Micah 2:12,29,hominum.,,,,Clementine,VUL
33,Micah,2,13,Micah 2:13,1,Ascendet,,,,Clementine,VUL
33,Micah,2,13,Micah 2:13,2,enim,,,,Clementine,VUL
33,Micah,2,13,Micah 2:13,3,pandens,,,,Clementine,VUL
33,Micah,2,13,Micah 2:13,4,iter,,,,Clementine,VUL
33,Micah,2,13,Micah 2:13,5,ante,,,,Clementine,VUL
33,Micah,2,13,Micah 2:13,6,eos,,,,Clementine,VUL
33,Micah,2,13,Micah 2:13,7,:,,,,Clementine,VUL
33,Micah,2,13,Micah 2:13,8,"divident,",,,,Clementine,VUL
33,Micah,2,13,Micah 2:13,9,et,,,,Clementine,VUL
33,Micah,2,13,Micah 2:13,10,transibunt,,,,Clementine,VUL
33,Micah,2,13,Micah 2:13,11,"portam,",,,,Clementine,VUL
33,Micah,2,13,Micah 2:13,12,et,,,,Clementine,VUL
33,Micah,2,13,Micah 2:13,13,ingredientur,,,,Clementine,VUL
33,Micah,2,13,Micah 2:13,14,per,,,,Clementine,VUL
33,Micah,2,13,Micah 2:13,15,eam,,,,Clementine,VUL
33,Micah,2,13,Micah 2:13,16,:,,,,Clementine,VUL
33,Micah,2,13,Micah 2:13,17,et,,,,Clementine,VUL
33,Micah,2,13,Micah 2:13,18,transibit,,,,Clementine,VUL
33,Micah,2,13,Micah 2:13,19,rex,,,,Clementine,VUL
33,Micah,2,13,Micah 2:13,20,eorum,,,,Clementine,VUL
33,Micah,2,13,Micah 2:13,21,coram,,,,Clementine,VUL
33,Micah,2,13,Micah 2:13,22,"eis,",,,,Clementine,VUL
33,Micah,2,13,Micah 2:13,23,et,,,,Clementine,VUL
33,Micah,2,13,Micah 2:13,24,Dominus,,,,Clementine,VUL
33,Micah,2,13,Micah 2:13,25,in,,,,Clementine,VUL
33,Micah,2,13,Micah 2:13,26,capite,,,,Clementine,VUL
33,Micah,2,13,Micah 2:13,27,eorum.,,,,Clementine,VUL
33,Micah,3,1,Micah 3:1,1,Et,,,,Clementine,VUL
33,Micah,3,1,Micah 3:1,2,dixi,,,,Clementine,VUL
33,Micah,3,1,Micah 3:1,3,:,,,,Clementine,VUL
33,Micah,3,1,Micah 3:1,4,"Audite,",,,,Clementine,VUL
33,Micah,3,1,Micah 3:1,5,princeps,,,,Clementine,VUL
33,Micah,3,1,Micah 3:1,6,"Jacob,",,,,Clementine,VUL
33,Micah,3,1,Micah 3:1,7,et,,,,Clementine,VUL
33,Micah,3,1,Micah 3:1,8,duces,,,,Clementine,VUL
33,Micah,3,1,Micah 3:1,9,domus,,,,Clementine,VUL
33,Micah,3,1,Micah 3:1,10,Israël,,,,Clementine,VUL
33,Micah,3,1,Micah 3:1,11,:,,,,Clementine,VUL
33,Micah,3,1,Micah 3:1,12,numquid,,,,Clementine,VUL
33,Micah,3,1,Micah 3:1,13,non,,,,Clementine,VUL
33,Micah,3,1,Micah 3:1,14,vestrum,,,,Clementine,VUL
33,Micah,3,1,Micah 3:1,15,est,,,,Clementine,VUL
33,Micah,3,1,Micah 3:1,16,scire,,,,Clementine,VUL
33,Micah,3,1,Micah 3:1,17,"judicium,",,,,Clementine,VUL
33,Micah,3,2,Micah 3:2,1,qui,,,,Clementine,VUL
33,Micah,3,2,Micah 3:2,2,odio,,,,Clementine,VUL
33,Micah,3,2,Micah 3:2,3,habetis,,,,Clementine,VUL
33,Micah,3,2,Micah 3:2,4,"bonum,",,,,Clementine,VUL
33,Micah,3,2,Micah 3:2,5,et,,,,Clementine,VUL
33,Micah,3,2,Micah 3:2,6,diligitis,,,,Clementine,VUL
33,Micah,3,2,Micah 3:2,7,malum,,,,Clementine,VUL
33,Micah,3,2,Micah 3:2,8,;,,,,Clementine,VUL
33,Micah,3,2,Micah 3:2,9,qui,,,,Clementine,VUL
33,Micah,3,2,Micah 3:2,10,violenter,,,,Clementine,VUL
33,Micah,3,2,Micah 3:2,11,tollitis,,,,Clementine,VUL
33,Micah,3,2,Micah 3:2,12,pelles,,,,Clementine,VUL
33,Micah,3,2,Micah 3:2,13,eorum,,,,Clementine,VUL
33,Micah,3,2,Micah 3:2,14,desuper,,,,Clementine,VUL
33,Micah,3,2,Micah 3:2,15,"eis,",,,,Clementine,VUL
33,Micah,3,2,Micah 3:2,16,et,,,,Clementine,VUL
33,Micah,3,2,Micah 3:2,17,carnem,,,,Clementine,VUL
33,Micah,3,2,Micah 3:2,18,eorum,,,,Clementine,VUL
33,Micah,3,2,Micah 3:2,19,desuper,,,,Clementine,VUL
33,Micah,3,2,Micah 3:2,20,ossibus,,,,Clementine,VUL
33,Micah,3,2,Micah 3:2,21,eorum,,,,Clementine,VUL
33,Micah,3,2,Micah 3:2,22,;,,,,Clementine,VUL
33,Micah,3,3,Micah 3:3,1,qui,,,,Clementine,VUL
33,Micah,3,3,Micah 3:3,2,comederunt,,,,Clementine,VUL
33,Micah,3,3,Micah 3:3,3,carnem,,,,Clementine,VUL
33,Micah,3,3,Micah 3:3,4,populi,,,,Clementine,VUL
33,Micah,3,3,Micah 3:3,5,"mei,",,,,Clementine,VUL
33,Micah,3,3,Micah 3:3,6,et,,,,Clementine,VUL
33,Micah,3,3,Micah 3:3,7,pellem,,,,Clementine,VUL
33,Micah,3,3,Micah 3:3,8,eorum,,,,Clementine,VUL
33,Micah,3,3,Micah 3:3,9,desuper,,,,Clementine,VUL
33,Micah,3,3,Micah 3:3,10,"excoriaverunt,",,,,Clementine,VUL
33,Micah,3,3,Micah 3:3,11,et,,,,Clementine,VUL
33,Micah,3,3,Micah 3:3,12,ossa,,,,Clementine,VUL
33,Micah,3,3,Micah 3:3,13,eorum,,,,Clementine,VUL
33,Micah,3,3,Micah 3:3,14,"confregerunt,",,,,Clementine,VUL
33,Micah,3,3,Micah 3:3,15,et,,,,Clementine,VUL
33,Micah,3,3,Micah 3:3,16,conciderunt,,,,Clementine,VUL
33,Micah,3,3,Micah 3:3,17,sicut,,,,Clementine,VUL
33,Micah,3,3,Micah 3:3,18,in,,,,Clementine,VUL
33,Micah,3,3,Micah 3:3,19,"lebete,",,,,Clementine,VUL
33,Micah,3,3,Micah 3:3,20,et,,,,Clementine,VUL
33,Micah,3,3,Micah 3:3,21,quasi,,,,Clementine,VUL
33,Micah,3,3,Micah 3:3,22,carnem,,,,Clementine,VUL
33,Micah,3,3,Micah 3:3,23,in,,,,Clementine,VUL
33,Micah,3,3,Micah 3:3,24,medio,,,,Clementine,VUL
33,Micah,3,3,Micah 3:3,25,ollæ,,,,Clementine,VUL
33,Micah,3,3,Micah 3:3,26,?,,,,Clementine,VUL
33,Micah,3,4,Micah 3:4,1,Tunc,,,,Clementine,VUL
33,Micah,3,4,Micah 3:4,2,clamabunt,,,,Clementine,VUL
33,Micah,3,4,Micah 3:4,3,ad,,,,Clementine,VUL
33,Micah,3,4,Micah 3:4,4,"Dominum,",,,,Clementine,VUL
33,Micah,3,4,Micah 3:4,5,et,,,,Clementine,VUL
33,Micah,3,4,Micah 3:4,6,non,,,,Clementine,VUL
33,Micah,3,4,Micah 3:4,7,exaudiet,,,,Clementine,VUL
33,Micah,3,4,Micah 3:4,8,"eos,",,,,Clementine,VUL
33,Micah,3,4,Micah 3:4,9,et,,,,Clementine,VUL
33,Micah,3,4,Micah 3:4,10,abscondet,,,,Clementine,VUL
33,Micah,3,4,Micah 3:4,11,faciem,,,,Clementine,VUL
33,Micah,3,4,Micah 3:4,12,suam,,,,Clementine,VUL
33,Micah,3,4,Micah 3:4,13,ab,,,,Clementine,VUL
33,Micah,3,4,Micah 3:4,14,eis,,,,Clementine,VUL
33,Micah,3,4,Micah 3:4,15,in,,,,Clementine,VUL
33,Micah,3,4,Micah 3:4,16,tempore,,,,Clementine,VUL
33,Micah,3,4,Micah 3:4,17,"illo,",,,,Clementine,VUL
33,Micah,3,4,Micah 3:4,18,sicut,,,,Clementine,VUL
33,Micah,3,4,Micah 3:4,19,nequiter,,,,Clementine,VUL
33,Micah,3,4,Micah 3:4,20,egerunt,,,,Clementine,VUL
33,Micah,3,4,Micah 3:4,21,in,,,,Clementine,VUL
33,Micah,3,4,Micah 3:4,22,adinventionibus,,,,Clementine,VUL
33,Micah,3,4,Micah 3:4,23,suis.,,,,Clementine,VUL
33,Micah,3,5,Micah 3:5,1,Hæc,,,,Clementine,VUL
33,Micah,3,5,Micah 3:5,2,dicit,,,,Clementine,VUL
33,Micah,3,5,Micah 3:5,3,Dominus,,,,Clementine,VUL
33,Micah,3,5,Micah 3:5,4,super,,,,Clementine,VUL
33,Micah,3,5,Micah 3:5,5,"prophetas,",,,,Clementine,VUL
33,Micah,3,5,Micah 3:5,6,qui,,,,Clementine,VUL
33,Micah,3,5,Micah 3:5,7,seducunt,,,,Clementine,VUL
33,Micah,3,5,Micah 3:5,8,populum,,,,Clementine,VUL
33,Micah,3,5,Micah 3:5,9,meum,,,,Clementine,VUL
33,Micah,3,5,Micah 3:5,10,:,,,,Clementine,VUL
33,Micah,3,5,Micah 3:5,11,qui,,,,Clementine,VUL
33,Micah,3,5,Micah 3:5,12,mordent,,,,Clementine,VUL
33,Micah,3,5,Micah 3:5,13,dentibus,,,,Clementine,VUL
33,Micah,3,5,Micah 3:5,14,"suis,",,,,Clementine,VUL
33,Micah,3,5,Micah 3:5,15,et,,,,Clementine,VUL
33,Micah,3,5,Micah 3:5,16,prædicant,,,,Clementine,VUL
33,Micah,3,5,Micah 3:5,17,pacem,,,,Clementine,VUL
33,Micah,3,5,Micah 3:5,18,;,,,,Clementine,VUL
33,Micah,3,5,Micah 3:5,19,et,,,,Clementine,VUL
33,Micah,3,5,Micah 3:5,20,si,,,,Clementine,VUL
33,Micah,3,5,Micah 3:5,21,quis,,,,Clementine,VUL
33,Micah,3,5,Micah 3:5,22,non,,,,Clementine,VUL
33,Micah,3,5,Micah 3:5,23,dederit,,,,Clementine,VUL
33,Micah,3,5,Micah 3:5,24,in,,,,Clementine,VUL
33,Micah,3,5,Micah 3:5,25,ore,,,,Clementine,VUL
33,Micah,3,5,Micah 3:5,26,eorum,,,,Clementine,VUL
33,Micah,3,5,Micah 3:5,27,"quippiam,",,,,Clementine,VUL
33,Micah,3,5,Micah 3:5,28,sanctificant,,,,Clementine,VUL
33,Micah,3,5,Micah 3:5,29,super,,,,Clementine,VUL
33,Micah,3,5,Micah 3:5,30,eum,,,,Clementine,VUL
33,Micah,3,5,Micah 3:5,31,prælium.,,,,Clementine,VUL
33,Micah,3,6,Micah 3:6,1,Propterea,,,,Clementine,VUL
33,Micah,3,6,Micah 3:6,2,nox,,,,Clementine,VUL
33,Micah,3,6,Micah 3:6,3,vobis,,,,Clementine,VUL
33,Micah,3,6,Micah 3:6,4,pro,,,,Clementine,VUL
33,Micah,3,6,Micah 3:6,5,visione,,,,Clementine,VUL
33,Micah,3,6,Micah 3:6,6,"erit,",,,,Clementine,VUL
33,Micah,3,6,Micah 3:6,7,et,,,,Clementine,VUL
33,Micah,3,6,Micah 3:6,8,tenebræ,,,,Clementine,VUL
33,Micah,3,6,Micah 3:6,9,vobis,,,,Clementine,VUL
33,Micah,3,6,Micah 3:6,10,pro,,,,Clementine,VUL
33,Micah,3,6,Micah 3:6,11,divinatione,,,,Clementine,VUL
33,Micah,3,6,Micah 3:6,12,;,,,,Clementine,VUL
33,Micah,3,6,Micah 3:6,13,et,,,,Clementine,VUL
33,Micah,3,6,Micah 3:6,14,occumbet,,,,Clementine,VUL
33,Micah,3,6,Micah 3:6,15,sol,,,,Clementine,VUL
33,Micah,3,6,Micah 3:6,16,super,,,,Clementine,VUL
33,Micah,3,6,Micah 3:6,17,"prophetas,",,,,Clementine,VUL
33,Micah,3,6,Micah 3:6,18,et,,,,Clementine,VUL
33,Micah,3,6,Micah 3:6,19,obtenebrabitur,,,,Clementine,VUL
33,Micah,3,6,Micah 3:6,20,super,,,,Clementine,VUL
33,Micah,3,6,Micah 3:6,21,eos,,,,Clementine,VUL
33,Micah,3,6,Micah 3:6,22,dies.,,,,Clementine,VUL
33,Micah,3,7,Micah 3:7,1,Et,,,,Clementine,VUL
33,Micah,3,7,Micah 3:7,2,confundentur,,,,Clementine,VUL
33,Micah,3,7,Micah 3:7,3,qui,,,,Clementine,VUL
33,Micah,3,7,Micah 3:7,4,vident,,,,Clementine,VUL
33,Micah,3,7,Micah 3:7,5,"visiones,",,,,Clementine,VUL
33,Micah,3,7,Micah 3:7,6,et,,,,Clementine,VUL
33,Micah,3,7,Micah 3:7,7,confundentur,,,,Clementine,VUL
33,Micah,3,7,Micah 3:7,8,divini,,,,Clementine,VUL
33,Micah,3,7,Micah 3:7,9,;,,,,Clementine,VUL
33,Micah,3,7,Micah 3:7,10,et,,,,Clementine,VUL
33,Micah,3,7,Micah 3:7,11,operient,,,,Clementine,VUL
33,Micah,3,7,Micah 3:7,12,omnes,,,,Clementine,VUL
33,Micah,3,7,Micah 3:7,13,vultos,,,,Clementine,VUL
33,Micah,3,7,Micah 3:7,14,"suos,",,,,Clementine,VUL
33,Micah,3,7,Micah 3:7,15,quia,,,,Clementine,VUL
33,Micah,3,7,Micah 3:7,16,non,,,,Clementine,VUL
33,Micah,3,7,Micah 3:7,17,est,,,,Clementine,VUL
33,Micah,3,7,Micah 3:7,18,responsum,,,,Clementine,VUL
33,Micah,3,7,Micah 3:7,19,Dei.,,,,Clementine,VUL
33,Micah,3,8,Micah 3:8,1,Verumtamen,,,,Clementine,VUL
33,Micah,3,8,Micah 3:8,2,ego,,,,Clementine,VUL
33,Micah,3,8,Micah 3:8,3,repletus,,,,Clementine,VUL
33,Micah,3,8,Micah 3:8,4,sum,,,,Clementine,VUL
33,Micah,3,8,Micah 3:8,5,fortitudine,,,,Clementine,VUL
33,Micah,3,8,Micah 3:8,6,spiritus,,,,Clementine,VUL
33,Micah,3,8,Micah 3:8,7,"Domini,",,,,Clementine,VUL
33,Micah,3,8,Micah 3:8,8,"judicio,",,,,Clementine,VUL
33,Micah,3,8,Micah 3:8,9,et,,,,Clementine,VUL
33,Micah,3,8,Micah 3:8,10,"virtute,",,,,Clementine,VUL
33,Micah,3,8,Micah 3:8,11,ut,,,,Clementine,VUL
33,Micah,3,8,Micah 3:8,12,annuntiem,,,,Clementine,VUL
33,Micah,3,8,Micah 3:8,13,Jacob,,,,Clementine,VUL
33,Micah,3,8,Micah 3:8,14,scelus,,,,Clementine,VUL
33,Micah,3,8,Micah 3:8,15,"suum,",,,,Clementine,VUL
33,Micah,3,8,Micah 3:8,16,et,,,,Clementine,VUL
33,Micah,3,8,Micah 3:8,17,Israël,,,,Clementine,VUL
33,Micah,3,8,Micah 3:8,18,peccatum,,,,Clementine,VUL
33,Micah,3,8,Micah 3:8,19,suum.,,,,Clementine,VUL
33,Micah,3,9,Micah 3:9,1,Audite,,,,Clementine,VUL
33,Micah,3,9,Micah 3:9,2,"hoc,",,,,Clementine,VUL
33,Micah,3,9,Micah 3:9,3,principes,,,,Clementine,VUL
33,Micah,3,9,Micah 3:9,4,domus,,,,Clementine,VUL
33,Micah,3,9,Micah 3:9,5,"Jacob,",,,,Clementine,VUL
33,Micah,3,9,Micah 3:9,6,et,,,,Clementine,VUL
33,Micah,3,9,Micah 3:9,7,judices,,,,Clementine,VUL
33,Micah,3,9,Micah 3:9,8,domus,,,,Clementine,VUL
33,Micah,3,9,Micah 3:9,9,"Israël,",,,,Clementine,VUL
33,Micah,3,9,Micah 3:9,10,qui,,,,Clementine,VUL
33,Micah,3,9,Micah 3:9,11,abominamini,,,,Clementine,VUL
33,Micah,3,9,Micah 3:9,12,"judicium,",,,,Clementine,VUL
33,Micah,3,9,Micah 3:9,13,et,,,,Clementine,VUL
33,Micah,3,9,Micah 3:9,14,omnia,,,,Clementine,VUL
33,Micah,3,9,Micah 3:9,15,recta,,,,Clementine,VUL
33,Micah,3,9,Micah 3:9,16,pervertitis,,,,Clementine,VUL
33,Micah,3,9,Micah 3:9,17,:,,,,Clementine,VUL
33,Micah,3,10,Micah 3:10,1,qui,,,,Clementine,VUL
33,Micah,3,10,Micah 3:10,2,ædificatis,,,,Clementine,VUL
33,Micah,3,10,Micah 3:10,3,Sion,,,,Clementine,VUL
33,Micah,3,10,Micah 3:10,4,in,,,,Clementine,VUL
33,Micah,3,10,Micah 3:10,5,"sanguinibus,",,,,Clementine,VUL
33,Micah,3,10,Micah 3:10,6,et,,,,Clementine,VUL
33,Micah,3,10,Micah 3:10,7,Jerusalem,,,,Clementine,VUL
33,Micah,3,10,Micah 3:10,8,in,,,,Clementine,VUL
33,Micah,3,10,Micah 3:10,9,iniquitate.,,,,Clementine,VUL
33,Micah,3,11,Micah 3:11,1,Principes,,,,Clementine,VUL
33,Micah,3,11,Micah 3:11,2,ejus,,,,Clementine,VUL
33,Micah,3,11,Micah 3:11,3,in,,,,Clementine,VUL
33,Micah,3,11,Micah 3:11,4,muneribus,,,,Clementine,VUL
33,Micah,3,11,Micah 3:11,5,"judicabant,",,,,Clementine,VUL
33,Micah,3,11,Micah 3:11,6,et,,,,Clementine,VUL
33,Micah,3,11,Micah 3:11,7,sacerdotes,,,,Clementine,VUL
33,Micah,3,11,Micah 3:11,8,ejus,,,,Clementine,VUL
33,Micah,3,11,Micah 3:11,9,in,,,,Clementine,VUL
33,Micah,3,11,Micah 3:11,10,mercede,,,,Clementine,VUL
33,Micah,3,11,Micah 3:11,11,"docebant,",,,,Clementine,VUL
33,Micah,3,11,Micah 3:11,12,et,,,,Clementine,VUL
33,Micah,3,11,Micah 3:11,13,prophetæ,,,,Clementine,VUL
33,Micah,3,11,Micah 3:11,14,ejus,,,,Clementine,VUL
33,Micah,3,11,Micah 3:11,15,in,,,,Clementine,VUL
33,Micah,3,11,Micah 3:11,16,pecunia,,,,Clementine,VUL
33,Micah,3,11,Micah 3:11,17,divinabant,,,,Clementine,VUL
33,Micah,3,11,Micah 3:11,18,:,,,,Clementine,VUL
33,Micah,3,11,Micah 3:11,19,et,,,,Clementine,VUL
33,Micah,3,11,Micah 3:11,20,super,,,,Clementine,VUL
33,Micah,3,11,Micah 3:11,21,Dominum,,,,Clementine,VUL
33,Micah,3,11,Micah 3:11,22,"requiescebant,",,,,Clementine,VUL
33,Micah,3,11,Micah 3:11,23,dicentes,,,,Clementine,VUL
33,Micah,3,11,Micah 3:11,24,:,,,,Clementine,VUL
33,Micah,3,11,Micah 3:11,25,Numquid,,,,Clementine,VUL
33,Micah,3,11,Micah 3:11,26,non,,,,Clementine,VUL
33,Micah,3,11,Micah 3:11,27,Dominus,,,,Clementine,VUL
33,Micah,3,11,Micah 3:11,28,in,,,,Clementine,VUL
33,Micah,3,11,Micah 3:11,29,medio,,,,Clementine,VUL
33,Micah,3,11,Micah 3:11,30,nostrum,,,,Clementine,VUL
33,Micah,3,11,Micah 3:11,31,?,,,,Clementine,VUL
33,Micah,3,11,Micah 3:11,32,non,,,,Clementine,VUL
33,Micah,3,11,Micah 3:11,33,venient,,,,Clementine,VUL
33,Micah,3,11,Micah 3:11,34,super,,,,Clementine,VUL
33,Micah,3,11,Micah 3:11,35,nos,,,,Clementine,VUL
33,Micah,3,11,Micah 3:11,36,mala.,,,,Clementine,VUL
33,Micah,3,12,Micah 3:12,1,Propter,,,,Clementine,VUL
33,Micah,3,12,Micah 3:12,2,"hoc,",,,,Clementine,VUL
33,Micah,3,12,Micah 3:12,3,causa,,,,Clementine,VUL
33,Micah,3,12,Micah 3:12,4,"vestri,",,,,Clementine,VUL
33,Micah,3,12,Micah 3:12,5,Sion,,,,Clementine,VUL
33,Micah,3,12,Micah 3:12,6,quasi,,,,Clementine,VUL
33,Micah,3,12,Micah 3:12,7,ager,,,,Clementine,VUL
33,Micah,3,12,Micah 3:12,8,"arabitur,",,,,Clementine,VUL
33,Micah,3,12,Micah 3:12,9,et,,,,Clementine,VUL
33,Micah,3,12,Micah 3:12,10,Jerusalem,,,,Clementine,VUL
33,Micah,3,12,Micah 3:12,11,quasi,,,,Clementine,VUL
33,Micah,3,12,Micah 3:12,12,acervus,,,,Clementine,VUL
33,Micah,3,12,Micah 3:12,13,lapidum,,,,Clementine,VUL
33,Micah,3,12,Micah 3:12,14,"erit,",,,,Clementine,VUL
33,Micah,3,12,Micah 3:12,15,et,,,,Clementine,VUL
33,Micah,3,12,Micah 3:12,16,mons,,,,Clementine,VUL
33,Micah,3,12,Micah 3:12,17,templi,,,,Clementine,VUL
33,Micah,3,12,Micah 3:12,18,in,,,,Clementine,VUL
33,Micah,3,12,Micah 3:12,19,excelsa,,,,Clementine,VUL
33,Micah,3,12,Micah 3:12,20,silvarum.,,,,Clementine,VUL
33,Micah,4,1,Micah 4:1,1,Et,,,,Clementine,VUL
33,Micah,4,1,Micah 4:1,2,erit,,,,Clementine,VUL
33,Micah,4,1,Micah 4:1,3,:,,,,Clementine,VUL
33,Micah,4,1,Micah 4:1,4,in,,,,Clementine,VUL
33,Micah,4,1,Micah 4:1,5,novissimo,,,,Clementine,VUL
33,Micah,4,1,Micah 4:1,6,dierum,,,,Clementine,VUL
33,Micah,4,1,Micah 4:1,7,erit,,,,Clementine,VUL
33,Micah,4,1,Micah 4:1,8,mons,,,,Clementine,VUL
33,Micah,4,1,Micah 4:1,9,domus,,,,Clementine,VUL
33,Micah,4,1,Micah 4:1,10,Domini,,,,Clementine,VUL
33,Micah,4,1,Micah 4:1,11,præparatus,,,,Clementine,VUL
33,Micah,4,1,Micah 4:1,12,in,,,,Clementine,VUL
33,Micah,4,1,Micah 4:1,13,vertice,,,,Clementine,VUL
33,Micah,4,1,Micah 4:1,14,"montium,",,,,Clementine,VUL
33,Micah,4,1,Micah 4:1,15,et,,,,Clementine,VUL
33,Micah,4,1,Micah 4:1,16,sublimis,,,,Clementine,VUL
33,Micah,4,1,Micah 4:1,17,super,,,,Clementine,VUL
33,Micah,4,1,Micah 4:1,18,colles,,,,Clementine,VUL
33,Micah,4,1,Micah 4:1,19,:,,,,Clementine,VUL
33,Micah,4,1,Micah 4:1,20,et,,,,Clementine,VUL
33,Micah,4,1,Micah 4:1,21,fluent,,,,Clementine,VUL
33,Micah,4,1,Micah 4:1,22,ad,,,,Clementine,VUL
33,Micah,4,1,Micah 4:1,23,eum,,,,Clementine,VUL
33,Micah,4,1,Micah 4:1,24,"populi,",,,,Clementine,VUL
33,Micah,4,2,Micah 4:2,1,et,,,,Clementine,VUL
33,Micah,4,2,Micah 4:2,2,properabunt,,,,Clementine,VUL
33,Micah,4,2,Micah 4:2,3,gentes,,,,Clementine,VUL
33,Micah,4,2,Micah 4:2,4,"multæ,",,,,Clementine,VUL
33,Micah,4,2,Micah 4:2,5,et,,,,Clementine,VUL
33,Micah,4,2,Micah 4:2,6,dicent,,,,Clementine,VUL
33,Micah,4,2,Micah 4:2,7,:,,,,Clementine,VUL
33,Micah,4,2,Micah 4:2,8,"Venite,",,,,Clementine,VUL
33,Micah,4,2,Micah 4:2,9,ascendamus,,,,Clementine,VUL
33,Micah,4,2,Micah 4:2,10,ad,,,,Clementine,VUL
33,Micah,4,2,Micah 4:2,11,montem,,,,Clementine,VUL
33,Micah,4,2,Micah 4:2,12,"Domini,",,,,Clementine,VUL
33,Micah,4,2,Micah 4:2,13,et,,,,Clementine,VUL
33,Micah,4,2,Micah 4:2,14,ad,,,,Clementine,VUL
33,Micah,4,2,Micah 4:2,15,domum,,,,Clementine,VUL
33,Micah,4,2,Micah 4:2,16,Dei,,,,Clementine,VUL
33,Micah,4,2,Micah 4:2,17,Jacob,,,,Clementine,VUL
33,Micah,4,2,Micah 4:2,18,:,,,,Clementine,VUL
33,Micah,4,2,Micah 4:2,19,et,,,,Clementine,VUL
33,Micah,4,2,Micah 4:2,20,docebit,,,,Clementine,VUL
33,Micah,4,2,Micah 4:2,21,nos,,,,Clementine,VUL
33,Micah,4,2,Micah 4:2,22,de,,,,Clementine,VUL
33,Micah,4,2,Micah 4:2,23,viis,,,,Clementine,VUL
33,Micah,4,2,Micah 4:2,24,"suis,",,,,Clementine,VUL
33,Micah,4,2,Micah 4:2,25,et,,,,Clementine,VUL
33,Micah,4,2,Micah 4:2,26,ibimus,,,,Clementine,VUL
33,Micah,4,2,Micah 4:2,27,in,,,,Clementine,VUL
33,Micah,4,2,Micah 4:2,28,semitis,,,,Clementine,VUL
33,Micah,4,2,Micah 4:2,29,"ejus,",,,,Clementine,VUL
33,Micah,4,2,Micah 4:2,30,quia,,,,Clementine,VUL
33,Micah,4,2,Micah 4:2,31,de,,,,Clementine,VUL
33,Micah,4,2,Micah 4:2,32,Sion,,,,Clementine,VUL
33,Micah,4,2,Micah 4:2,33,egredietur,,,,Clementine,VUL
33,Micah,4,2,Micah 4:2,34,"lex,",,,,Clementine,VUL
33,Micah,4,2,Micah 4:2,35,et,,,,Clementine,VUL
33,Micah,4,2,Micah 4:2,36,verbum,,,,Clementine,VUL
33,Micah,4,2,Micah 4:2,37,Domini,,,,Clementine,VUL
33,Micah,4,2,Micah 4:2,38,de,,,,Clementine,VUL
33,Micah,4,2,Micah 4:2,39,Jerusalem.,,,,Clementine,VUL
33,Micah,4,3,Micah 4:3,1,Et,,,,Clementine,VUL
33,Micah,4,3,Micah 4:3,2,judicabit,,,,Clementine,VUL
33,Micah,4,3,Micah 4:3,3,inter,,,,Clementine,VUL
33,Micah,4,3,Micah 4:3,4,populos,,,,Clementine,VUL
33,Micah,4,3,Micah 4:3,5,"multos,",,,,Clementine,VUL
33,Micah,4,3,Micah 4:3,6,et,,,,Clementine,VUL
33,Micah,4,3,Micah 4:3,7,corripiet,,,,Clementine,VUL
33,Micah,4,3,Micah 4:3,8,gentes,,,,Clementine,VUL
33,Micah,4,3,Micah 4:3,9,fortes,,,,Clementine,VUL
33,Micah,4,3,Micah 4:3,10,usque,,,,Clementine,VUL
33,Micah,4,3,Micah 4:3,11,in,,,,Clementine,VUL
33,Micah,4,3,Micah 4:3,12,longinquum,,,,Clementine,VUL
33,Micah,4,3,Micah 4:3,13,:,,,,Clementine,VUL
33,Micah,4,3,Micah 4:3,14,et,,,,Clementine,VUL
33,Micah,4,3,Micah 4:3,15,concident,,,,Clementine,VUL
33,Micah,4,3,Micah 4:3,16,gladios,,,,Clementine,VUL
33,Micah,4,3,Micah 4:3,17,suos,,,,Clementine,VUL
33,Micah,4,3,Micah 4:3,18,in,,,,Clementine,VUL
33,Micah,4,3,Micah 4:3,19,"vomeres,",,,,Clementine,VUL
33,Micah,4,3,Micah 4:3,20,et,,,,Clementine,VUL
33,Micah,4,3,Micah 4:3,21,hastas,,,,Clementine,VUL
33,Micah,4,3,Micah 4:3,22,suas,,,,Clementine,VUL
33,Micah,4,3,Micah 4:3,23,in,,,,Clementine,VUL
33,Micah,4,3,Micah 4:3,24,ligones,,,,Clementine,VUL
33,Micah,4,3,Micah 4:3,25,:,,,,Clementine,VUL
33,Micah,4,3,Micah 4:3,26,non,,,,Clementine,VUL
33,Micah,4,3,Micah 4:3,27,sumet,,,,Clementine,VUL
33,Micah,4,3,Micah 4:3,28,gens,,,,Clementine,VUL
33,Micah,4,3,Micah 4:3,29,adversus,,,,Clementine,VUL
33,Micah,4,3,Micah 4:3,30,gentem,,,,Clementine,VUL
33,Micah,4,3,Micah 4:3,31,"gladium,",,,,Clementine,VUL
33,Micah,4,3,Micah 4:3,32,et,,,,Clementine,VUL
33,Micah,4,3,Micah 4:3,33,non,,,,Clementine,VUL
33,Micah,4,3,Micah 4:3,34,discent,,,,Clementine,VUL
33,Micah,4,3,Micah 4:3,35,ultra,,,,Clementine,VUL
33,Micah,4,3,Micah 4:3,36,belligerare.,,,,Clementine,VUL
33,Micah,4,4,Micah 4:4,1,Et,,,,Clementine,VUL
33,Micah,4,4,Micah 4:4,2,sedebit,,,,Clementine,VUL
33,Micah,4,4,Micah 4:4,3,vir,,,,Clementine,VUL
33,Micah,4,4,Micah 4:4,4,subtus,,,,Clementine,VUL
33,Micah,4,4,Micah 4:4,5,vitem,,,,Clementine,VUL
33,Micah,4,4,Micah 4:4,6,suam,,,,Clementine,VUL
33,Micah,4,4,Micah 4:4,7,et,,,,Clementine,VUL
33,Micah,4,4,Micah 4:4,8,subtus,,,,Clementine,VUL
33,Micah,4,4,Micah 4:4,9,ficum,,,,Clementine,VUL
33,Micah,4,4,Micah 4:4,10,"suam,",,,,Clementine,VUL
33,Micah,4,4,Micah 4:4,11,et,,,,Clementine,VUL
33,Micah,4,4,Micah 4:4,12,non,,,,Clementine,VUL
33,Micah,4,4,Micah 4:4,13,erit,,,,Clementine,VUL
33,Micah,4,4,Micah 4:4,14,qui,,,,Clementine,VUL
33,Micah,4,4,Micah 4:4,15,"deterreat,",,,,Clementine,VUL
33,Micah,4,4,Micah 4:4,16,quia,,,,Clementine,VUL
33,Micah,4,4,Micah 4:4,17,os,,,,Clementine,VUL
33,Micah,4,4,Micah 4:4,18,Domini,,,,Clementine,VUL
33,Micah,4,4,Micah 4:4,19,exercituum,,,,Clementine,VUL
33,Micah,4,4,Micah 4:4,20,locutum,,,,Clementine,VUL
33,Micah,4,4,Micah 4:4,21,est.,,,,Clementine,VUL
33,Micah,4,5,Micah 4:5,1,Quia,,,,Clementine,VUL
33,Micah,4,5,Micah 4:5,2,omnes,,,,Clementine,VUL
33,Micah,4,5,Micah 4:5,3,populi,,,,Clementine,VUL
33,Micah,4,5,Micah 4:5,4,ambulabunt,,,,Clementine,VUL
33,Micah,4,5,Micah 4:5,5,unusquisque,,,,Clementine,VUL
33,Micah,4,5,Micah 4:5,6,in,,,,Clementine,VUL
33,Micah,4,5,Micah 4:5,7,nomine,,,,Clementine,VUL
33,Micah,4,5,Micah 4:5,8,dei,,,,Clementine,VUL
33,Micah,4,5,Micah 4:5,9,sui,,,,Clementine,VUL
33,Micah,4,5,Micah 4:5,10,;,,,,Clementine,VUL
33,Micah,4,5,Micah 4:5,11,nos,,,,Clementine,VUL
33,Micah,4,5,Micah 4:5,12,autem,,,,Clementine,VUL
33,Micah,4,5,Micah 4:5,13,ambulabimus,,,,Clementine,VUL
33,Micah,4,5,Micah 4:5,14,in,,,,Clementine,VUL
33,Micah,4,5,Micah 4:5,15,nomine,,,,Clementine,VUL
33,Micah,4,5,Micah 4:5,16,Domini,,,,Clementine,VUL
33,Micah,4,5,Micah 4:5,17,Dei,,,,Clementine,VUL
33,Micah,4,5,Micah 4:5,18,"nostri,",,,,Clementine,VUL
33,Micah,4,5,Micah 4:5,19,in,,,,Clementine,VUL
33,Micah,4,5,Micah 4:5,20,æternum,,,,Clementine,VUL
33,Micah,4,5,Micah 4:5,21,et,,,,Clementine,VUL
33,Micah,4,5,Micah 4:5,22,ultra.,,,,Clementine,VUL
33,Micah,4,6,Micah 4:6,1,In,,,,Clementine,VUL
33,Micah,4,6,Micah 4:6,2,die,,,,Clementine,VUL
33,Micah,4,6,Micah 4:6,3,"illa,",,,,Clementine,VUL
33,Micah,4,6,Micah 4:6,4,dicit,,,,Clementine,VUL
33,Micah,4,6,Micah 4:6,5,"Dominus,",,,,Clementine,VUL
33,Micah,4,6,Micah 4:6,6,congregabo,,,,Clementine,VUL
33,Micah,4,6,Micah 4:6,7,"claudicantem,",,,,Clementine,VUL
33,Micah,4,6,Micah 4:6,8,et,,,,Clementine,VUL
33,Micah,4,6,Micah 4:6,9,eam,,,,Clementine,VUL
33,Micah,4,6,Micah 4:6,10,quam,,,,Clementine,VUL
33,Micah,4,6,Micah 4:6,11,ejeceram,,,,Clementine,VUL
33,Micah,4,6,Micah 4:6,12,"colligam,",,,,Clementine,VUL
33,Micah,4,6,Micah 4:6,13,et,,,,Clementine,VUL
33,Micah,4,6,Micah 4:6,14,quam,,,,Clementine,VUL
33,Micah,4,6,Micah 4:6,15,afflixeram,,,,Clementine,VUL
33,Micah,4,6,Micah 4:6,16,:,,,,Clementine,VUL
33,Micah,4,7,Micah 4:7,1,et,,,,Clementine,VUL
33,Micah,4,7,Micah 4:7,2,ponam,,,,Clementine,VUL
33,Micah,4,7,Micah 4:7,3,claudicantem,,,,Clementine,VUL
33,Micah,4,7,Micah 4:7,4,in,,,,Clementine,VUL
33,Micah,4,7,Micah 4:7,5,"reliquias,",,,,Clementine,VUL
33,Micah,4,7,Micah 4:7,6,et,,,,Clementine,VUL
33,Micah,4,7,Micah 4:7,7,eam,,,,Clementine,VUL
33,Micah,4,7,Micah 4:7,8,quæ,,,,Clementine,VUL
33,Micah,4,7,Micah 4:7,9,"laboraverat,",,,,Clementine,VUL
33,Micah,4,7,Micah 4:7,10,in,,,,Clementine,VUL
33,Micah,4,7,Micah 4:7,11,gentem,,,,Clementine,VUL
33,Micah,4,7,Micah 4:7,12,robustam,,,,Clementine,VUL
33,Micah,4,7,Micah 4:7,13,:,,,,Clementine,VUL
33,Micah,4,7,Micah 4:7,14,et,,,,Clementine,VUL
33,Micah,4,7,Micah 4:7,15,regnabit,,,,Clementine,VUL
33,Micah,4,7,Micah 4:7,16,Dominus,,,,Clementine,VUL
33,Micah,4,7,Micah 4:7,17,super,,,,Clementine,VUL
33,Micah,4,7,Micah 4:7,18,eos,,,,Clementine,VUL
33,Micah,4,7,Micah 4:7,19,in,,,,Clementine,VUL
33,Micah,4,7,Micah 4:7,20,monte,,,,Clementine,VUL
33,Micah,4,7,Micah 4:7,21,"Sion,",,,,Clementine,VUL
33,Micah,4,7,Micah 4:7,22,ex,,,,Clementine,VUL
33,Micah,4,7,Micah 4:7,23,hoc,,,,Clementine,VUL
33,Micah,4,7,Micah 4:7,24,nunc,,,,Clementine,VUL
33,Micah,4,7,Micah 4:7,25,et,,,,Clementine,VUL
33,Micah,4,7,Micah 4:7,26,usque,,,,Clementine,VUL
33,Micah,4,7,Micah 4:7,27,in,,,,Clementine,VUL
33,Micah,4,7,Micah 4:7,28,æternum.,,,,Clementine,VUL
33,Micah,4,8,Micah 4:8,1,Et,,,,Clementine,VUL
33,Micah,4,8,Micah 4:8,2,"tu,",,,,Clementine,VUL
33,Micah,4,8,Micah 4:8,3,turris,,,,Clementine,VUL
33,Micah,4,8,Micah 4:8,4,gregis,,,,Clementine,VUL
33,Micah,4,8,Micah 4:8,5,nebulosa,,,,Clementine,VUL
33,Micah,4,8,Micah 4:8,6,filiæ,,,,Clementine,VUL
33,Micah,4,8,Micah 4:8,7,"Sion,",,,,Clementine,VUL
33,Micah,4,8,Micah 4:8,8,usque,,,,Clementine,VUL
33,Micah,4,8,Micah 4:8,9,ad,,,,Clementine,VUL
33,Micah,4,8,Micah 4:8,10,te,,,,Clementine,VUL
33,Micah,4,8,Micah 4:8,11,"veniet,",,,,Clementine,VUL
33,Micah,4,8,Micah 4:8,12,et,,,,Clementine,VUL
33,Micah,4,8,Micah 4:8,13,veniet,,,,Clementine,VUL
33,Micah,4,8,Micah 4:8,14,potestas,,,,Clementine,VUL
33,Micah,4,8,Micah 4:8,15,"prima,",,,,Clementine,VUL
33,Micah,4,8,Micah 4:8,16,regnum,,,,Clementine,VUL
33,Micah,4,8,Micah 4:8,17,filiæ,,,,Clementine,VUL
33,Micah,4,8,Micah 4:8,18,Jerusalem.,,,,Clementine,VUL
33,Micah,4,9,Micah 4:9,1,Nunc,,,,Clementine,VUL
33,Micah,4,9,Micah 4:9,2,quare,,,,Clementine,VUL
33,Micah,4,9,Micah 4:9,3,mœrore,,,,Clementine,VUL
33,Micah,4,9,Micah 4:9,4,contraheris,,,,Clementine,VUL
33,Micah,4,9,Micah 4:9,5,?,,,,Clementine,VUL
33,Micah,4,9,Micah 4:9,6,numquid,,,,Clementine,VUL
33,Micah,4,9,Micah 4:9,7,rex,,,,Clementine,VUL
33,Micah,4,9,Micah 4:9,8,non,,,,Clementine,VUL
33,Micah,4,9,Micah 4:9,9,est,,,,Clementine,VUL
33,Micah,4,9,Micah 4:9,10,"tibi,",,,,Clementine,VUL
33,Micah,4,9,Micah 4:9,11,aut,,,,Clementine,VUL
33,Micah,4,9,Micah 4:9,12,consiliarius,,,,Clementine,VUL
33,Micah,4,9,Micah 4:9,13,tuus,,,,Clementine,VUL
33,Micah,4,9,Micah 4:9,14,"periit,",,,,Clementine,VUL
33,Micah,4,9,Micah 4:9,15,quia,,,,Clementine,VUL
33,Micah,4,9,Micah 4:9,16,comprehendit,,,,Clementine,VUL
33,Micah,4,9,Micah 4:9,17,te,,,,Clementine,VUL
33,Micah,4,9,Micah 4:9,18,dolor,,,,Clementine,VUL
33,Micah,4,9,Micah 4:9,19,sicut,,,,Clementine,VUL
33,Micah,4,9,Micah 4:9,20,parturientem,,,,Clementine,VUL
33,Micah,4,9,Micah 4:9,21,?,,,,Clementine,VUL
33,Micah,4,10,Micah 4:10,1,Dole,,,,Clementine,VUL
33,Micah,4,10,Micah 4:10,2,et,,,,Clementine,VUL
33,Micah,4,10,Micah 4:10,3,"satage,",,,,Clementine,VUL
33,Micah,4,10,Micah 4:10,4,filia,,,,Clementine,VUL
33,Micah,4,10,Micah 4:10,5,"Sion,",,,,Clementine,VUL
33,Micah,4,10,Micah 4:10,6,quasi,,,,Clementine,VUL
33,Micah,4,10,Micah 4:10,7,"parturiens,",,,,Clementine,VUL
33,Micah,4,10,Micah 4:10,8,quia,,,,Clementine,VUL
33,Micah,4,10,Micah 4:10,9,nunc,,,,Clementine,VUL
33,Micah,4,10,Micah 4:10,10,egredieris,,,,Clementine,VUL
33,Micah,4,10,Micah 4:10,11,de,,,,Clementine,VUL
33,Micah,4,10,Micah 4:10,12,"civitate,",,,,Clementine,VUL
33,Micah,4,10,Micah 4:10,13,et,,,,Clementine,VUL
33,Micah,4,10,Micah 4:10,14,habitabis,,,,Clementine,VUL
33,Micah,4,10,Micah 4:10,15,in,,,,Clementine,VUL
33,Micah,4,10,Micah 4:10,16,"regione,",,,,Clementine,VUL
33,Micah,4,10,Micah 4:10,17,et,,,,Clementine,VUL
33,Micah,4,10,Micah 4:10,18,venies,,,,Clementine,VUL
33,Micah,4,10,Micah 4:10,19,usque,,,,Clementine,VUL
33,Micah,4,10,Micah 4:10,20,ad,,,,Clementine,VUL
33,Micah,4,10,Micah 4:10,21,Babylonem,,,,Clementine,VUL
33,Micah,4,10,Micah 4:10,22,:,,,,Clementine,VUL
33,Micah,4,10,Micah 4:10,23,ibi,,,,Clementine,VUL
33,Micah,4,10,Micah 4:10,24,"liberaberis,",,,,Clementine,VUL
33,Micah,4,10,Micah 4:10,25,ibi,,,,Clementine,VUL
33,Micah,4,10,Micah 4:10,26,redimet,,,,Clementine,VUL
33,Micah,4,10,Micah 4:10,27,te,,,,Clementine,VUL
33,Micah,4,10,Micah 4:10,28,Dominus,,,,Clementine,VUL
33,Micah,4,10,Micah 4:10,29,de,,,,Clementine,VUL
33,Micah,4,10,Micah 4:10,30,manu,,,,Clementine,VUL
33,Micah,4,10,Micah 4:10,31,inimicorum,,,,Clementine,VUL
33,Micah,4,10,Micah 4:10,32,tuorum.,,,,Clementine,VUL
33,Micah,4,11,Micah 4:11,1,Et,,,,Clementine,VUL
33,Micah,4,11,Micah 4:11,2,nunc,,,,Clementine,VUL
33,Micah,4,11,Micah 4:11,3,congregatæ,,,,Clementine,VUL
33,Micah,4,11,Micah 4:11,4,sunt,,,,Clementine,VUL
33,Micah,4,11,Micah 4:11,5,super,,,,Clementine,VUL
33,Micah,4,11,Micah 4:11,6,te,,,,Clementine,VUL
33,Micah,4,11,Micah 4:11,7,gentes,,,,Clementine,VUL
33,Micah,4,11,Micah 4:11,8,"multæ,",,,,Clementine,VUL
33,Micah,4,11,Micah 4:11,9,quæ,,,,Clementine,VUL
33,Micah,4,11,Micah 4:11,10,dicunt,,,,Clementine,VUL
33,Micah,4,11,Micah 4:11,11,:,,,,Clementine,VUL
33,Micah,4,11,Micah 4:11,12,"Lapidetur,",,,,Clementine,VUL
33,Micah,4,11,Micah 4:11,13,et,,,,Clementine,VUL
33,Micah,4,11,Micah 4:11,14,aspiciat,,,,Clementine,VUL
33,Micah,4,11,Micah 4:11,15,in,,,,Clementine,VUL
33,Micah,4,11,Micah 4:11,16,Sion,,,,Clementine,VUL
33,Micah,4,11,Micah 4:11,17,oculus,,,,Clementine,VUL
33,Micah,4,11,Micah 4:11,18,noster.,,,,Clementine,VUL
33,Micah,4,12,Micah 4:12,1,Ipsi,,,,Clementine,VUL
33,Micah,4,12,Micah 4:12,2,autem,,,,Clementine,VUL
33,Micah,4,12,Micah 4:12,3,non,,,,Clementine,VUL
33,Micah,4,12,Micah 4:12,4,cognoverunt,,,,Clementine,VUL
33,Micah,4,12,Micah 4:12,5,cogitationes,,,,Clementine,VUL
33,Micah,4,12,Micah 4:12,6,"Domini,",,,,Clementine,VUL
33,Micah,4,12,Micah 4:12,7,et,,,,Clementine,VUL
33,Micah,4,12,Micah 4:12,8,non,,,,Clementine,VUL
33,Micah,4,12,Micah 4:12,9,intellexerunt,,,,Clementine,VUL
33,Micah,4,12,Micah 4:12,10,consilium,,,,Clementine,VUL
33,Micah,4,12,Micah 4:12,11,"ejus,",,,,Clementine,VUL
33,Micah,4,12,Micah 4:12,12,quia,,,,Clementine,VUL
33,Micah,4,12,Micah 4:12,13,congregavit,,,,Clementine,VUL
33,Micah,4,12,Micah 4:12,14,eos,,,,Clementine,VUL
33,Micah,4,12,Micah 4:12,15,quasi,,,,Clementine,VUL
33,Micah,4,12,Micah 4:12,16,fœnum,,,,Clementine,VUL
33,Micah,4,12,Micah 4:12,17,areæ.,,,,Clementine,VUL
33,Micah,4,13,Micah 4:13,1,"Surge,",,,,Clementine,VUL
33,Micah,4,13,Micah 4:13,2,et,,,,Clementine,VUL
33,Micah,4,13,Micah 4:13,3,"tritura,",,,,Clementine,VUL
33,Micah,4,13,Micah 4:13,4,filia,,,,Clementine,VUL
33,Micah,4,13,Micah 4:13,5,"Sion,",,,,Clementine,VUL
33,Micah,4,13,Micah 4:13,6,quia,,,,Clementine,VUL
33,Micah,4,13,Micah 4:13,7,cornu,,,,Clementine,VUL
33,Micah,4,13,Micah 4:13,8,tuum,,,,Clementine,VUL
33,Micah,4,13,Micah 4:13,9,ponam,,,,Clementine,VUL
33,Micah,4,13,Micah 4:13,10,"ferreum,",,,,Clementine,VUL
33,Micah,4,13,Micah 4:13,11,et,,,,Clementine,VUL
33,Micah,4,13,Micah 4:13,12,ungulas,,,,Clementine,VUL
33,Micah,4,13,Micah 4:13,13,tuas,,,,Clementine,VUL
33,Micah,4,13,Micah 4:13,14,ponam,,,,Clementine,VUL
33,Micah,4,13,Micah 4:13,15,æreas,,,,Clementine,VUL
33,Micah,4,13,Micah 4:13,16,;,,,,Clementine,VUL
33,Micah,4,13,Micah 4:13,17,et,,,,Clementine,VUL
33,Micah,4,13,Micah 4:13,18,comminues,,,,Clementine,VUL
33,Micah,4,13,Micah 4:13,19,populos,,,,Clementine,VUL
33,Micah,4,13,Micah 4:13,20,"multos,",,,,Clementine,VUL
33,Micah,4,13,Micah 4:13,21,et,,,,Clementine,VUL
33,Micah,4,13,Micah 4:13,22,interficies,,,,Clementine,VUL
33,Micah,4,13,Micah 4:13,23,Domino,,,,Clementine,VUL
33,Micah,4,13,Micah 4:13,24,rapinas,,,,Clementine,VUL
33,Micah,4,13,Micah 4:13,25,"eorum,",,,,Clementine,VUL
33,Micah,4,13,Micah 4:13,26,et,,,,Clementine,VUL
33,Micah,4,13,Micah 4:13,27,fortitudinem,,,,Clementine,VUL
33,Micah,4,13,Micah 4:13,28,eorum,,,,Clementine,VUL
33,Micah,4,13,Micah 4:13,29,Domino,,,,Clementine,VUL
33,Micah,4,13,Micah 4:13,30,universæ,,,,Clementine,VUL
33,Micah,4,13,Micah 4:13,31,terræ.,,,,Clementine,VUL
33,Micah,5,1,Micah 5:1,1,Nunc,,,,Clementine,VUL
33,Micah,5,1,Micah 5:1,2,"vastaberis,",,,,Clementine,VUL
33,Micah,5,1,Micah 5:1,3,filia,,,,Clementine,VUL
33,Micah,5,1,Micah 5:1,4,latronis.,,,,Clementine,VUL
33,Micah,5,1,Micah 5:1,5,Obsidionem,,,,Clementine,VUL
33,Micah,5,1,Micah 5:1,6,posuerunt,,,,Clementine,VUL
33,Micah,5,1,Micah 5:1,7,super,,,,Clementine,VUL
33,Micah,5,1,Micah 5:1,8,nos,,,,Clementine,VUL
33,Micah,5,1,Micah 5:1,9,:,,,,Clementine,VUL
33,Micah,5,1,Micah 5:1,10,in,,,,Clementine,VUL
33,Micah,5,1,Micah 5:1,11,virga,,,,Clementine,VUL
33,Micah,5,1,Micah 5:1,12,percutient,,,,Clementine,VUL
33,Micah,5,1,Micah 5:1,13,maxillam,,,,Clementine,VUL
33,Micah,5,1,Micah 5:1,14,judicis,,,,Clementine,VUL
33,Micah,5,1,Micah 5:1,15,Israël.,,,,Clementine,VUL
33,Micah,5,2,Micah 5:2,1,Et,,,,Clementine,VUL
33,Micah,5,2,Micah 5:2,2,"tu,",,,,Clementine,VUL
33,Micah,5,2,Micah 5:2,3,Bethlehem,,,,Clementine,VUL
33,Micah,5,2,Micah 5:2,4,"Ephrata,",,,,Clementine,VUL
33,Micah,5,2,Micah 5:2,5,parvulus,,,,Clementine,VUL
33,Micah,5,2,Micah 5:2,6,es,,,,Clementine,VUL
33,Micah,5,2,Micah 5:2,7,in,,,,Clementine,VUL
33,Micah,5,2,Micah 5:2,8,millibus,,,,Clementine,VUL
33,Micah,5,2,Micah 5:2,9,Juda,,,,Clementine,VUL
33,Micah,5,2,Micah 5:2,10,;,,,,Clementine,VUL
33,Micah,5,2,Micah 5:2,11,ex,,,,Clementine,VUL
33,Micah,5,2,Micah 5:2,12,te,,,,Clementine,VUL
33,Micah,5,2,Micah 5:2,13,mihi,,,,Clementine,VUL
33,Micah,5,2,Micah 5:2,14,egredietur,,,,Clementine,VUL
33,Micah,5,2,Micah 5:2,15,qui,,,,Clementine,VUL
33,Micah,5,2,Micah 5:2,16,sit,,,,Clementine,VUL
33,Micah,5,2,Micah 5:2,17,dominator,,,,Clementine,VUL
33,Micah,5,2,Micah 5:2,18,in,,,,Clementine,VUL
33,Micah,5,2,Micah 5:2,19,"Israël,",,,,Clementine,VUL
33,Micah,5,2,Micah 5:2,20,et,,,,Clementine,VUL
33,Micah,5,2,Micah 5:2,21,egressus,,,,Clementine,VUL
33,Micah,5,2,Micah 5:2,22,ejus,,,,Clementine,VUL
33,Micah,5,2,Micah 5:2,23,ab,,,,Clementine,VUL
33,Micah,5,2,Micah 5:2,24,"initio,",,,,Clementine,VUL
33,Micah,5,2,Micah 5:2,25,a,,,,Clementine,VUL
33,Micah,5,2,Micah 5:2,26,diebus,,,,Clementine,VUL
33,Micah,5,2,Micah 5:2,27,æternitatis.,,,,Clementine,VUL
33,Micah,5,3,Micah 5:3,1,Propter,,,,Clementine,VUL
33,Micah,5,3,Micah 5:3,2,hoc,,,,Clementine,VUL
33,Micah,5,3,Micah 5:3,3,dabit,,,,Clementine,VUL
33,Micah,5,3,Micah 5:3,4,eos,,,,Clementine,VUL
33,Micah,5,3,Micah 5:3,5,usque,,,,Clementine,VUL
33,Micah,5,3,Micah 5:3,6,ad,,,,Clementine,VUL
33,Micah,5,3,Micah 5:3,7,tempus,,,,Clementine,VUL
33,Micah,5,3,Micah 5:3,8,in,,,,Clementine,VUL
33,Micah,5,3,Micah 5:3,9,quo,,,,Clementine,VUL
33,Micah,5,3,Micah 5:3,10,parturiens,,,,Clementine,VUL
33,Micah,5,3,Micah 5:3,11,"pariet,",,,,Clementine,VUL
33,Micah,5,3,Micah 5:3,12,et,,,,Clementine,VUL
33,Micah,5,3,Micah 5:3,13,reliquiæ,,,,Clementine,VUL
33,Micah,5,3,Micah 5:3,14,fratrum,,,,Clementine,VUL
33,Micah,5,3,Micah 5:3,15,ejus,,,,Clementine,VUL
33,Micah,5,3,Micah 5:3,16,convertentur,,,,Clementine,VUL
33,Micah,5,3,Micah 5:3,17,ad,,,,Clementine,VUL
33,Micah,5,3,Micah 5:3,18,filios,,,,Clementine,VUL
33,Micah,5,3,Micah 5:3,19,Israël.,,,,Clementine,VUL
33,Micah,5,4,Micah 5:4,1,Et,,,,Clementine,VUL
33,Micah,5,4,Micah 5:4,2,"stabit,",,,,Clementine,VUL
33,Micah,5,4,Micah 5:4,3,et,,,,Clementine,VUL
33,Micah,5,4,Micah 5:4,4,pascet,,,,Clementine,VUL
33,Micah,5,4,Micah 5:4,5,in,,,,Clementine,VUL
33,Micah,5,4,Micah 5:4,6,fortitudine,,,,Clementine,VUL
33,Micah,5,4,Micah 5:4,7,"Domini,",,,,Clementine,VUL
33,Micah,5,4,Micah 5:4,8,in,,,,Clementine,VUL
33,Micah,5,4,Micah 5:4,9,sublimitate,,,,Clementine,VUL
33,Micah,5,4,Micah 5:4,10,nominis,,,,Clementine,VUL
33,Micah,5,4,Micah 5:4,11,Domini,,,,Clementine,VUL
33,Micah,5,4,Micah 5:4,12,Dei,,,,Clementine,VUL
33,Micah,5,4,Micah 5:4,13,sui,,,,Clementine,VUL
33,Micah,5,4,Micah 5:4,14,:,,,,Clementine,VUL
33,Micah,5,4,Micah 5:4,15,et,,,,Clementine,VUL
33,Micah,5,4,Micah 5:4,16,"convertentur,",,,,Clementine,VUL
33,Micah,5,4,Micah 5:4,17,quia,,,,Clementine,VUL
33,Micah,5,4,Micah 5:4,18,nunc,,,,Clementine,VUL
33,Micah,5,4,Micah 5:4,19,magnificabitur,,,,Clementine,VUL
33,Micah,5,4,Micah 5:4,20,usque,,,,Clementine,VUL
33,Micah,5,4,Micah 5:4,21,ad,,,,Clementine,VUL
33,Micah,5,4,Micah 5:4,22,terminos,,,,Clementine,VUL
33,Micah,5,4,Micah 5:4,23,terræ.,,,,Clementine,VUL
33,Micah,5,5,Micah 5:5,1,Et,,,,Clementine,VUL
33,Micah,5,5,Micah 5:5,2,erit,,,,Clementine,VUL
33,Micah,5,5,Micah 5:5,3,iste,,,,Clementine,VUL
33,Micah,5,5,Micah 5:5,4,pax,,,,Clementine,VUL
33,Micah,5,5,Micah 5:5,5,:,,,,Clementine,VUL
33,Micah,5,5,Micah 5:5,6,cum,,,,Clementine,VUL
33,Micah,5,5,Micah 5:5,7,venerit,,,,Clementine,VUL
33,Micah,5,5,Micah 5:5,8,Assyrius,,,,Clementine,VUL
33,Micah,5,5,Micah 5:5,9,in,,,,Clementine,VUL
33,Micah,5,5,Micah 5:5,10,terram,,,,Clementine,VUL
33,Micah,5,5,Micah 5:5,11,"nostram,",,,,Clementine,VUL
33,Micah,5,5,Micah 5:5,12,et,,,,Clementine,VUL
33,Micah,5,5,Micah 5:5,13,quando,,,,Clementine,VUL
33,Micah,5,5,Micah 5:5,14,calcaverit,,,,Clementine,VUL
33,Micah,5,5,Micah 5:5,15,domibus,,,,Clementine,VUL
33,Micah,5,5,Micah 5:5,16,"nostris,",,,,Clementine,VUL
33,Micah,5,5,Micah 5:5,17,et,,,,Clementine,VUL
33,Micah,5,5,Micah 5:5,18,suscitabimus,,,,Clementine,VUL
33,Micah,5,5,Micah 5:5,19,super,,,,Clementine,VUL
33,Micah,5,5,Micah 5:5,20,eum,,,,Clementine,VUL
33,Micah,5,5,Micah 5:5,21,septem,,,,Clementine,VUL
33,Micah,5,5,Micah 5:5,22,pastores,,,,Clementine,VUL
33,Micah,5,5,Micah 5:5,23,et,,,,Clementine,VUL
33,Micah,5,5,Micah 5:5,24,octo,,,,Clementine,VUL
33,Micah,5,5,Micah 5:5,25,primates,,,,Clementine,VUL
33,Micah,5,5,Micah 5:5,26,homines,,,,Clementine,VUL
33,Micah,5,5,Micah 5:5,27,;,,,,Clementine,VUL
33,Micah,5,6,Micah 5:6,1,et,,,,Clementine,VUL
33,Micah,5,6,Micah 5:6,2,pascent,,,,Clementine,VUL
33,Micah,5,6,Micah 5:6,3,terram,,,,Clementine,VUL
33,Micah,5,6,Micah 5:6,4,Assur,,,,Clementine,VUL
33,Micah,5,6,Micah 5:6,5,in,,,,Clementine,VUL
33,Micah,5,6,Micah 5:6,6,"gladio,",,,,Clementine,VUL
33,Micah,5,6,Micah 5:6,7,et,,,,Clementine,VUL
33,Micah,5,6,Micah 5:6,8,terram,,,,Clementine,VUL
33,Micah,5,6,Micah 5:6,9,Nemrod,,,,Clementine,VUL
33,Micah,5,6,Micah 5:6,10,in,,,,Clementine,VUL
33,Micah,5,6,Micah 5:6,11,lanceis,,,,Clementine,VUL
33,Micah,5,6,Micah 5:6,12,"ejus,",,,,Clementine,VUL
33,Micah,5,6,Micah 5:6,13,et,,,,Clementine,VUL
33,Micah,5,6,Micah 5:6,14,liberabit,,,,Clementine,VUL
33,Micah,5,6,Micah 5:6,15,ab,,,,Clementine,VUL
33,Micah,5,6,Micah 5:6,16,Assur,,,,Clementine,VUL
33,Micah,5,6,Micah 5:6,17,cum,,,,Clementine,VUL
33,Micah,5,6,Micah 5:6,18,venerit,,,,Clementine,VUL
33,Micah,5,6,Micah 5:6,19,in,,,,Clementine,VUL
33,Micah,5,6,Micah 5:6,20,terram,,,,Clementine,VUL
33,Micah,5,6,Micah 5:6,21,"nostram,",,,,Clementine,VUL
33,Micah,5,6,Micah 5:6,22,et,,,,Clementine,VUL
33,Micah,5,6,Micah 5:6,23,cum,,,,Clementine,VUL
33,Micah,5,6,Micah 5:6,24,calcaverit,,,,Clementine,VUL
33,Micah,5,6,Micah 5:6,25,in,,,,Clementine,VUL
33,Micah,5,6,Micah 5:6,26,finibus,,,,Clementine,VUL
33,Micah,5,6,Micah 5:6,27,nostris.,,,,Clementine,VUL
33,Micah,5,7,Micah 5:7,1,Et,,,,Clementine,VUL
33,Micah,5,7,Micah 5:7,2,erunt,,,,Clementine,VUL
33,Micah,5,7,Micah 5:7,3,reliquiæ,,,,Clementine,VUL
33,Micah,5,7,Micah 5:7,4,Jacob,,,,Clementine,VUL
33,Micah,5,7,Micah 5:7,5,in,,,,Clementine,VUL
33,Micah,5,7,Micah 5:7,6,medio,,,,Clementine,VUL
33,Micah,5,7,Micah 5:7,7,populorum,,,,Clementine,VUL
33,Micah,5,7,Micah 5:7,8,multorum,,,,Clementine,VUL
33,Micah,5,7,Micah 5:7,9,quasi,,,,Clementine,VUL
33,Micah,5,7,Micah 5:7,10,ros,,,,Clementine,VUL
33,Micah,5,7,Micah 5:7,11,a,,,,Clementine,VUL
33,Micah,5,7,Micah 5:7,12,"Domino,",,,,Clementine,VUL
33,Micah,5,7,Micah 5:7,13,et,,,,Clementine,VUL
33,Micah,5,7,Micah 5:7,14,quasi,,,,Clementine,VUL
33,Micah,5,7,Micah 5:7,15,stillæ,,,,Clementine,VUL
33,Micah,5,7,Micah 5:7,16,super,,,,Clementine,VUL
33,Micah,5,7,Micah 5:7,17,"herbam,",,,,Clementine,VUL
33,Micah,5,7,Micah 5:7,18,quæ,,,,Clementine,VUL
33,Micah,5,7,Micah 5:7,19,non,,,,Clementine,VUL
33,Micah,5,7,Micah 5:7,20,exspectat,,,,Clementine,VUL
33,Micah,5,7,Micah 5:7,21,"virum,",,,,Clementine,VUL
33,Micah,5,7,Micah 5:7,22,et,,,,Clementine,VUL
33,Micah,5,7,Micah 5:7,23,non,,,,Clementine,VUL
33,Micah,5,7,Micah 5:7,24,præstolatur,,,,Clementine,VUL
33,Micah,5,7,Micah 5:7,25,filios,,,,Clementine,VUL
33,Micah,5,7,Micah 5:7,26,hominum.,,,,Clementine,VUL
33,Micah,5,8,Micah 5:8,1,Et,,,,Clementine,VUL
33,Micah,5,8,Micah 5:8,2,erunt,,,,Clementine,VUL
33,Micah,5,8,Micah 5:8,3,reliquiæ,,,,Clementine,VUL
33,Micah,5,8,Micah 5:8,4,Jacob,,,,Clementine,VUL
33,Micah,5,8,Micah 5:8,5,in,,,,Clementine,VUL
33,Micah,5,8,Micah 5:8,6,"gentibus,",,,,Clementine,VUL
33,Micah,5,8,Micah 5:8,7,in,,,,Clementine,VUL
33,Micah,5,8,Micah 5:8,8,medio,,,,Clementine,VUL
33,Micah,5,8,Micah 5:8,9,populorum,,,,Clementine,VUL
33,Micah,5,8,Micah 5:8,10,"multorum,",,,,Clementine,VUL
33,Micah,5,8,Micah 5:8,11,quasi,,,,Clementine,VUL
33,Micah,5,8,Micah 5:8,12,leo,,,,Clementine,VUL
33,Micah,5,8,Micah 5:8,13,in,,,,Clementine,VUL
33,Micah,5,8,Micah 5:8,14,jumentis,,,,Clementine,VUL
33,Micah,5,8,Micah 5:8,15,"silvarum,",,,,Clementine,VUL
33,Micah,5,8,Micah 5:8,16,et,,,,Clementine,VUL
33,Micah,5,8,Micah 5:8,17,quasi,,,,Clementine,VUL
33,Micah,5,8,Micah 5:8,18,catulus,,,,Clementine,VUL
33,Micah,5,8,Micah 5:8,19,leonis,,,,Clementine,VUL
33,Micah,5,8,Micah 5:8,20,in,,,,Clementine,VUL
33,Micah,5,8,Micah 5:8,21,gregibus,,,,Clementine,VUL
33,Micah,5,8,Micah 5:8,22,"pecorum,",,,,Clementine,VUL
33,Micah,5,8,Micah 5:8,23,qui,,,,Clementine,VUL
33,Micah,5,8,Micah 5:8,24,cum,,,,Clementine,VUL
33,Micah,5,8,Micah 5:8,25,"transierit,",,,,Clementine,VUL
33,Micah,5,8,Micah 5:8,26,et,,,,Clementine,VUL
33,Micah,5,8,Micah 5:8,27,"conculcaverit,",,,,Clementine,VUL
33,Micah,5,8,Micah 5:8,28,et,,,,Clementine,VUL
33,Micah,5,8,Micah 5:8,29,"ceperit,",,,,Clementine,VUL
33,Micah,5,8,Micah 5:8,30,non,,,,Clementine,VUL
33,Micah,5,8,Micah 5:8,31,est,,,,Clementine,VUL
33,Micah,5,8,Micah 5:8,32,qui,,,,Clementine,VUL
33,Micah,5,8,Micah 5:8,33,eruat.,,,,Clementine,VUL
33,Micah,5,9,Micah 5:9,1,Exaltabitur,,,,Clementine,VUL
33,Micah,5,9,Micah 5:9,2,manus,,,,Clementine,VUL
33,Micah,5,9,Micah 5:9,3,tua,,,,Clementine,VUL
33,Micah,5,9,Micah 5:9,4,super,,,,Clementine,VUL
33,Micah,5,9,Micah 5:9,5,hostes,,,,Clementine,VUL
33,Micah,5,9,Micah 5:9,6,"tuos,",,,,Clementine,VUL
33,Micah,5,9,Micah 5:9,7,et,,,,Clementine,VUL
33,Micah,5,9,Micah 5:9,8,omnes,,,,Clementine,VUL
33,Micah,5,9,Micah 5:9,9,inimici,,,,Clementine,VUL
33,Micah,5,9,Micah 5:9,10,tui,,,,Clementine,VUL
33,Micah,5,9,Micah 5:9,11,interibunt.,,,,Clementine,VUL
33,Micah,5,10,Micah 5:10,1,Et,,,,Clementine,VUL
33,Micah,5,10,Micah 5:10,2,erit,,,,Clementine,VUL
33,Micah,5,10,Micah 5:10,3,in,,,,Clementine,VUL
33,Micah,5,10,Micah 5:10,4,die,,,,Clementine,VUL
33,Micah,5,10,Micah 5:10,5,"illa,",,,,Clementine,VUL
33,Micah,5,10,Micah 5:10,6,dicit,,,,Clementine,VUL
33,Micah,5,10,Micah 5:10,7,Dominus,,,,Clementine,VUL
33,Micah,5,10,Micah 5:10,8,:,,,,Clementine,VUL
33,Micah,5,10,Micah 5:10,9,auferam,,,,Clementine,VUL
33,Micah,5,10,Micah 5:10,10,equos,,,,Clementine,VUL
33,Micah,5,10,Micah 5:10,11,tuos,,,,Clementine,VUL
33,Micah,5,10,Micah 5:10,12,de,,,,Clementine,VUL
33,Micah,5,10,Micah 5:10,13,medio,,,,Clementine,VUL
33,Micah,5,10,Micah 5:10,14,"tui,",,,,Clementine,VUL
33,Micah,5,10,Micah 5:10,15,et,,,,Clementine,VUL
33,Micah,5,10,Micah 5:10,16,disperdam,,,,Clementine,VUL
33,Micah,5,10,Micah 5:10,17,quadrigas,,,,Clementine,VUL
33,Micah,5,10,Micah 5:10,18,tuas.,,,,Clementine,VUL
33,Micah,5,11,Micah 5:11,1,Et,,,,Clementine,VUL
33,Micah,5,11,Micah 5:11,2,perdam,,,,Clementine,VUL
33,Micah,5,11,Micah 5:11,3,civitates,,,,Clementine,VUL
33,Micah,5,11,Micah 5:11,4,terræ,,,,Clementine,VUL
33,Micah,5,11,Micah 5:11,5,"tuæ,",,,,Clementine,VUL
33,Micah,5,11,Micah 5:11,6,et,,,,Clementine,VUL
33,Micah,5,11,Micah 5:11,7,destruam,,,,Clementine,VUL
33,Micah,5,11,Micah 5:11,8,omnes,,,,Clementine,VUL
33,Micah,5,11,Micah 5:11,9,munitiones,,,,Clementine,VUL
33,Micah,5,11,Micah 5:11,10,tuas,,,,Clementine,VUL
33,Micah,5,11,Micah 5:11,11,:,,,,Clementine,VUL
33,Micah,5,11,Micah 5:11,12,et,,,,Clementine,VUL
33,Micah,5,11,Micah 5:11,13,auferam,,,,Clementine,VUL
33,Micah,5,11,Micah 5:11,14,maleficia,,,,Clementine,VUL
33,Micah,5,11,Micah 5:11,15,de,,,,Clementine,VUL
33,Micah,5,11,Micah 5:11,16,manu,,,,Clementine,VUL
33,Micah,5,11,Micah 5:11,17,"tua,",,,,Clementine,VUL
33,Micah,5,11,Micah 5:11,18,et,,,,Clementine,VUL
33,Micah,5,11,Micah 5:11,19,divinationes,,,,Clementine,VUL
33,Micah,5,11,Micah 5:11,20,non,,,,Clementine,VUL
33,Micah,5,11,Micah 5:11,21,erunt,,,,Clementine,VUL
33,Micah,5,11,Micah 5:11,22,in,,,,Clementine,VUL
33,Micah,5,11,Micah 5:11,23,te,,,,Clementine,VUL
33,Micah,5,11,Micah 5:11,24,:,,,,Clementine,VUL
33,Micah,5,12,Micah 5:12,1,et,,,,Clementine,VUL
33,Micah,5,12,Micah 5:12,2,perire,,,,Clementine,VUL
33,Micah,5,12,Micah 5:12,3,faciam,,,,Clementine,VUL
33,Micah,5,12,Micah 5:12,4,sculptilia,,,,Clementine,VUL
33,Micah,5,12,Micah 5:12,5,tua,,,,Clementine,VUL
33,Micah,5,12,Micah 5:12,6,et,,,,Clementine,VUL
33,Micah,5,12,Micah 5:12,7,statuas,,,,Clementine,VUL
33,Micah,5,12,Micah 5:12,8,tuas,,,,Clementine,VUL
33,Micah,5,12,Micah 5:12,9,de,,,,Clementine,VUL
33,Micah,5,12,Micah 5:12,10,medio,,,,Clementine,VUL
33,Micah,5,12,Micah 5:12,11,"tui,",,,,Clementine,VUL
33,Micah,5,12,Micah 5:12,12,et,,,,Clementine,VUL
33,Micah,5,12,Micah 5:12,13,non,,,,Clementine,VUL
33,Micah,5,12,Micah 5:12,14,adorabis,,,,Clementine,VUL
33,Micah,5,12,Micah 5:12,15,ultra,,,,Clementine,VUL
33,Micah,5,12,Micah 5:12,16,opera,,,,Clementine,VUL
33,Micah,5,12,Micah 5:12,17,manuum,,,,Clementine,VUL
33,Micah,5,12,Micah 5:12,18,tuarum,,,,Clementine,VUL
33,Micah,5,12,Micah 5:12,19,:,,,,Clementine,VUL
33,Micah,5,13,Micah 5:13,1,et,,,,Clementine,VUL
33,Micah,5,13,Micah 5:13,2,evellam,,,,Clementine,VUL
33,Micah,5,13,Micah 5:13,3,lucos,,,,Clementine,VUL
33,Micah,5,13,Micah 5:13,4,tuos,,,,Clementine,VUL
33,Micah,5,13,Micah 5:13,5,de,,,,Clementine,VUL
33,Micah,5,13,Micah 5:13,6,medio,,,,Clementine,VUL
33,Micah,5,13,Micah 5:13,7,"tui,",,,,Clementine,VUL
33,Micah,5,13,Micah 5:13,8,et,,,,Clementine,VUL
33,Micah,5,13,Micah 5:13,9,conteram,,,,Clementine,VUL
33,Micah,5,13,Micah 5:13,10,civitates,,,,Clementine,VUL
33,Micah,5,13,Micah 5:13,11,tuas.,,,,Clementine,VUL
33,Micah,5,14,Micah 5:14,1,Et,,,,Clementine,VUL
33,Micah,5,14,Micah 5:14,2,"faciam,",,,,Clementine,VUL
33,Micah,5,14,Micah 5:14,3,in,,,,Clementine,VUL
33,Micah,5,14,Micah 5:14,4,furore,,,,Clementine,VUL
33,Micah,5,14,Micah 5:14,5,et,,,,Clementine,VUL
33,Micah,5,14,Micah 5:14,6,in,,,,Clementine,VUL
33,Micah,5,14,Micah 5:14,7,"indignatione,",,,,Clementine,VUL
33,Micah,5,14,Micah 5:14,8,ultionem,,,,Clementine,VUL
33,Micah,5,14,Micah 5:14,9,in,,,,Clementine,VUL
33,Micah,5,14,Micah 5:14,10,omnibus,,,,Clementine,VUL
33,Micah,5,14,Micah 5:14,11,gentibus,,,,Clementine,VUL
33,Micah,5,14,Micah 5:14,12,quæ,,,,Clementine,VUL
33,Micah,5,14,Micah 5:14,13,non,,,,Clementine,VUL
33,Micah,5,14,Micah 5:14,14,audierunt.,,,,Clementine,VUL
33,Micah,6,1,Micah 6:1,1,Audite,,,,Clementine,VUL
33,Micah,6,1,Micah 6:1,2,quæ,,,,Clementine,VUL
33,Micah,6,1,Micah 6:1,3,Dominus,,,,Clementine,VUL
33,Micah,6,1,Micah 6:1,4,loquitur,,,,Clementine,VUL
33,Micah,6,1,Micah 6:1,5,:,,,,Clementine,VUL
33,Micah,6,1,Micah 6:1,6,"Surge,",,,,Clementine,VUL
33,Micah,6,1,Micah 6:1,7,contende,,,,Clementine,VUL
33,Micah,6,1,Micah 6:1,8,judicio,,,,Clementine,VUL
33,Micah,6,1,Micah 6:1,9,adversum,,,,Clementine,VUL
33,Micah,6,1,Micah 6:1,10,"montes,",,,,Clementine,VUL
33,Micah,6,1,Micah 6:1,11,et,,,,Clementine,VUL
33,Micah,6,1,Micah 6:1,12,audiant,,,,Clementine,VUL
33,Micah,6,1,Micah 6:1,13,colles,,,,Clementine,VUL
33,Micah,6,1,Micah 6:1,14,vocem,,,,Clementine,VUL
33,Micah,6,1,Micah 6:1,15,tuam.,,,,Clementine,VUL
33,Micah,6,2,Micah 6:2,1,Audiant,,,,Clementine,VUL
33,Micah,6,2,Micah 6:2,2,montes,,,,Clementine,VUL
33,Micah,6,2,Micah 6:2,3,judicium,,,,Clementine,VUL
33,Micah,6,2,Micah 6:2,4,"Domini,",,,,Clementine,VUL
33,Micah,6,2,Micah 6:2,5,et,,,,Clementine,VUL
33,Micah,6,2,Micah 6:2,6,fortia,,,,Clementine,VUL
33,Micah,6,2,Micah 6:2,7,fundamenta,,,,Clementine,VUL
33,Micah,6,2,Micah 6:2,8,terræ,,,,Clementine,VUL
33,Micah,6,2,Micah 6:2,9,;,,,,Clementine,VUL
33,Micah,6,2,Micah 6:2,10,quia,,,,Clementine,VUL
33,Micah,6,2,Micah 6:2,11,judicium,,,,Clementine,VUL
33,Micah,6,2,Micah 6:2,12,Domini,,,,Clementine,VUL
33,Micah,6,2,Micah 6:2,13,cum,,,,Clementine,VUL
33,Micah,6,2,Micah 6:2,14,populo,,,,Clementine,VUL
33,Micah,6,2,Micah 6:2,15,"suo,",,,,Clementine,VUL
33,Micah,6,2,Micah 6:2,16,et,,,,Clementine,VUL
33,Micah,6,2,Micah 6:2,17,cum,,,,Clementine,VUL
33,Micah,6,2,Micah 6:2,18,Israël,,,,Clementine,VUL
33,Micah,6,2,Micah 6:2,19,dijudicabitur.,,,,Clementine,VUL
33,Micah,6,3,Micah 6:3,1,Popule,,,,Clementine,VUL
33,Micah,6,3,Micah 6:3,2,"meus,",,,,Clementine,VUL
33,Micah,6,3,Micah 6:3,3,quid,,,,Clementine,VUL
33,Micah,6,3,Micah 6:3,4,feci,,,,Clementine,VUL
33,Micah,6,3,Micah 6:3,5,tibi,,,,Clementine,VUL
33,Micah,6,3,Micah 6:3,6,?,,,,Clementine,VUL
33,Micah,6,3,Micah 6:3,7,aut,,,,Clementine,VUL
33,Micah,6,3,Micah 6:3,8,quid,,,,Clementine,VUL
33,Micah,6,3,Micah 6:3,9,molestus,,,,Clementine,VUL
33,Micah,6,3,Micah 6:3,10,fui,,,,Clementine,VUL
33,Micah,6,3,Micah 6:3,11,tibi,,,,Clementine,VUL
33,Micah,6,3,Micah 6:3,12,?,,,,Clementine,VUL
33,Micah,6,3,Micah 6:3,13,Responde,,,,Clementine,VUL
33,Micah,6,3,Micah 6:3,14,mihi.,,,,Clementine,VUL
33,Micah,6,4,Micah 6:4,1,Quia,,,,Clementine,VUL
33,Micah,6,4,Micah 6:4,2,eduxi,,,,Clementine,VUL
33,Micah,6,4,Micah 6:4,3,te,,,,Clementine,VUL
33,Micah,6,4,Micah 6:4,4,de,,,,Clementine,VUL
33,Micah,6,4,Micah 6:4,5,terra,,,,Clementine,VUL
33,Micah,6,4,Micah 6:4,6,"Ægypti,",,,,Clementine,VUL
33,Micah,6,4,Micah 6:4,7,et,,,,Clementine,VUL
33,Micah,6,4,Micah 6:4,8,de,,,,Clementine,VUL
33,Micah,6,4,Micah 6:4,9,domo,,,,Clementine,VUL
33,Micah,6,4,Micah 6:4,10,servientium,,,,Clementine,VUL
33,Micah,6,4,Micah 6:4,11,liberavi,,,,Clementine,VUL
33,Micah,6,4,Micah 6:4,12,"te,",,,,Clementine,VUL
33,Micah,6,4,Micah 6:4,13,et,,,,Clementine,VUL
33,Micah,6,4,Micah 6:4,14,misi,,,,Clementine,VUL
33,Micah,6,4,Micah 6:4,15,ante,,,,Clementine,VUL
33,Micah,6,4,Micah 6:4,16,faciem,,,,Clementine,VUL
33,Micah,6,4,Micah 6:4,17,tuam,,,,Clementine,VUL
33,Micah,6,4,Micah 6:4,18,"Moysen,",,,,Clementine,VUL
33,Micah,6,4,Micah 6:4,19,et,,,,Clementine,VUL
33,Micah,6,4,Micah 6:4,20,"Aaron,",,,,Clementine,VUL
33,Micah,6,4,Micah 6:4,21,et,,,,Clementine,VUL
33,Micah,6,4,Micah 6:4,22,Mariam.,,,,Clementine,VUL
33,Micah,6,5,Micah 6:5,1,Popule,,,,Clementine,VUL
33,Micah,6,5,Micah 6:5,2,"meus,",,,,Clementine,VUL
33,Micah,6,5,Micah 6:5,3,"memento,",,,,Clementine,VUL
33,Micah,6,5,Micah 6:5,4,"quæso,",,,,Clementine,VUL
33,Micah,6,5,Micah 6:5,5,quid,,,,Clementine,VUL
33,Micah,6,5,Micah 6:5,6,cogitaverit,,,,Clementine,VUL
33,Micah,6,5,Micah 6:5,7,"Balach,",,,,Clementine,VUL
33,Micah,6,5,Micah 6:5,8,rex,,,,Clementine,VUL
33,Micah,6,5,Micah 6:5,9,"Moab,",,,,Clementine,VUL
33,Micah,6,5,Micah 6:5,10,et,,,,Clementine,VUL
33,Micah,6,5,Micah 6:5,11,quid,,,,Clementine,VUL
33,Micah,6,5,Micah 6:5,12,responderit,,,,Clementine,VUL
33,Micah,6,5,Micah 6:5,13,ei,,,,Clementine,VUL
33,Micah,6,5,Micah 6:5,14,"Balaam,",,,,Clementine,VUL
33,Micah,6,5,Micah 6:5,15,filius,,,,Clementine,VUL
33,Micah,6,5,Micah 6:5,16,"Beor,",,,,Clementine,VUL
33,Micah,6,5,Micah 6:5,17,de,,,,Clementine,VUL
33,Micah,6,5,Micah 6:5,18,Setim,,,,Clementine,VUL
33,Micah,6,5,Micah 6:5,19,usque,,,,Clementine,VUL
33,Micah,6,5,Micah 6:5,20,ad,,,,Clementine,VUL
33,Micah,6,5,Micah 6:5,21,"Galgalam,",,,,Clementine,VUL
33,Micah,6,5,Micah 6:5,22,ut,,,,Clementine,VUL
33,Micah,6,5,Micah 6:5,23,cognosceres,,,,Clementine,VUL
33,Micah,6,5,Micah 6:5,24,justitias,,,,Clementine,VUL
33,Micah,6,5,Micah 6:5,25,Domini.,,,,Clementine,VUL
33,Micah,6,6,Micah 6:6,1,Quid,,,,Clementine,VUL
33,Micah,6,6,Micah 6:6,2,dignum,,,,Clementine,VUL
33,Micah,6,6,Micah 6:6,3,offeram,,,,Clementine,VUL
33,Micah,6,6,Micah 6:6,4,Domino,,,,Clementine,VUL
33,Micah,6,6,Micah 6:6,5,?,,,,Clementine,VUL
33,Micah,6,6,Micah 6:6,6,curvabo,,,,Clementine,VUL
33,Micah,6,6,Micah 6:6,7,genu,,,,Clementine,VUL
33,Micah,6,6,Micah 6:6,8,Deo,,,,Clementine,VUL
33,Micah,6,6,Micah 6:6,9,excelso,,,,Clementine,VUL
33,Micah,6,6,Micah 6:6,10,?,,,,Clementine,VUL
33,Micah,6,6,Micah 6:6,11,Numquid,,,,Clementine,VUL
33,Micah,6,6,Micah 6:6,12,offeram,,,,Clementine,VUL
33,Micah,6,6,Micah 6:6,13,ei,,,,Clementine,VUL
33,Micah,6,6,Micah 6:6,14,holocautomata,,,,Clementine,VUL
33,Micah,6,6,Micah 6:6,15,et,,,,Clementine,VUL
33,Micah,6,6,Micah 6:6,16,vitulos,,,,Clementine,VUL
33,Micah,6,6,Micah 6:6,17,anniculos,,,,Clementine,VUL
33,Micah,6,6,Micah 6:6,18,?,,,,Clementine,VUL
33,Micah,6,7,Micah 6:7,1,numquid,,,,Clementine,VUL
33,Micah,6,7,Micah 6:7,2,placari,,,,Clementine,VUL
33,Micah,6,7,Micah 6:7,3,potest,,,,Clementine,VUL
33,Micah,6,7,Micah 6:7,4,Dominus,,,,Clementine,VUL
33,Micah,6,7,Micah 6:7,5,in,,,,Clementine,VUL
33,Micah,6,7,Micah 6:7,6,millibus,,,,Clementine,VUL
33,Micah,6,7,Micah 6:7,7,"arietum,",,,,Clementine,VUL
33,Micah,6,7,Micah 6:7,8,aut,,,,Clementine,VUL
33,Micah,6,7,Micah 6:7,9,in,,,,Clementine,VUL
33,Micah,6,7,Micah 6:7,10,multis,,,,Clementine,VUL
33,Micah,6,7,Micah 6:7,11,millibus,,,,Clementine,VUL
33,Micah,6,7,Micah 6:7,12,hircorum,,,,Clementine,VUL
33,Micah,6,7,Micah 6:7,13,pinguium,,,,Clementine,VUL
33,Micah,6,7,Micah 6:7,14,?,,,,Clementine,VUL
33,Micah,6,7,Micah 6:7,15,numquid,,,,Clementine,VUL
33,Micah,6,7,Micah 6:7,16,dabo,,,,Clementine,VUL
33,Micah,6,7,Micah 6:7,17,primogenitum,,,,Clementine,VUL
33,Micah,6,7,Micah 6:7,18,meum,,,,Clementine,VUL
33,Micah,6,7,Micah 6:7,19,pro,,,,Clementine,VUL
33,Micah,6,7,Micah 6:7,20,scelere,,,,Clementine,VUL
33,Micah,6,7,Micah 6:7,21,"meo,",,,,Clementine,VUL
33,Micah,6,7,Micah 6:7,22,fructum,,,,Clementine,VUL
33,Micah,6,7,Micah 6:7,23,ventris,,,,Clementine,VUL
33,Micah,6,7,Micah 6:7,24,mei,,,,Clementine,VUL
33,Micah,6,7,Micah 6:7,25,pro,,,,Clementine,VUL
33,Micah,6,7,Micah 6:7,26,peccato,,,,Clementine,VUL
33,Micah,6,7,Micah 6:7,27,animæ,,,,Clementine,VUL
33,Micah,6,7,Micah 6:7,28,meæ,,,,Clementine,VUL
33,Micah,6,7,Micah 6:7,29,?,,,,Clementine,VUL
33,Micah,6,8,Micah 6:8,1,Indicabo,,,,Clementine,VUL
33,Micah,6,8,Micah 6:8,2,"tibi,",,,,Clementine,VUL
33,Micah,6,8,Micah 6:8,3,o,,,,Clementine,VUL
33,Micah,6,8,Micah 6:8,4,"homo,",,,,Clementine,VUL
33,Micah,6,8,Micah 6:8,5,quid,,,,Clementine,VUL
33,Micah,6,8,Micah 6:8,6,sit,,,,Clementine,VUL
33,Micah,6,8,Micah 6:8,7,"bonum,",,,,Clementine,VUL
33,Micah,6,8,Micah 6:8,8,et,,,,Clementine,VUL
33,Micah,6,8,Micah 6:8,9,quid,,,,Clementine,VUL
33,Micah,6,8,Micah 6:8,10,Dominus,,,,Clementine,VUL
33,Micah,6,8,Micah 6:8,11,requirat,,,,Clementine,VUL
33,Micah,6,8,Micah 6:8,12,a,,,,Clementine,VUL
33,Micah,6,8,Micah 6:8,13,te,,,,Clementine,VUL
33,Micah,6,8,Micah 6:8,14,:,,,,Clementine,VUL
33,Micah,6,8,Micah 6:8,15,utique,,,,Clementine,VUL
33,Micah,6,8,Micah 6:8,16,facere,,,,Clementine,VUL
33,Micah,6,8,Micah 6:8,17,"judicium,",,,,Clementine,VUL
33,Micah,6,8,Micah 6:8,18,et,,,,Clementine,VUL
33,Micah,6,8,Micah 6:8,19,diligere,,,,Clementine,VUL
33,Micah,6,8,Micah 6:8,20,"misericordiam,",,,,Clementine,VUL
33,Micah,6,8,Micah 6:8,21,et,,,,Clementine,VUL
33,Micah,6,8,Micah 6:8,22,sollicitum,,,,Clementine,VUL
33,Micah,6,8,Micah 6:8,23,ambulare,,,,Clementine,VUL
33,Micah,6,8,Micah 6:8,24,cum,,,,Clementine,VUL
33,Micah,6,8,Micah 6:8,25,Deo,,,,Clementine,VUL
33,Micah,6,8,Micah 6:8,26,tuo.,,,,Clementine,VUL
33,Micah,6,9,Micah 6:9,1,Vox,,,,Clementine,VUL
33,Micah,6,9,Micah 6:9,2,Domini,,,,Clementine,VUL
33,Micah,6,9,Micah 6:9,3,ad,,,,Clementine,VUL
33,Micah,6,9,Micah 6:9,4,civitatem,,,,Clementine,VUL
33,Micah,6,9,Micah 6:9,5,"clamat,",,,,Clementine,VUL
33,Micah,6,9,Micah 6:9,6,et,,,,Clementine,VUL
33,Micah,6,9,Micah 6:9,7,salus,,,,Clementine,VUL
33,Micah,6,9,Micah 6:9,8,erit,,,,Clementine,VUL
33,Micah,6,9,Micah 6:9,9,timentibus,,,,Clementine,VUL
33,Micah,6,9,Micah 6:9,10,nomen,,,,Clementine,VUL
33,Micah,6,9,Micah 6:9,11,tuum,,,,Clementine,VUL
33,Micah,6,9,Micah 6:9,12,:,,,,Clementine,VUL
33,Micah,6,9,Micah 6:9,13,"audite,",,,,Clementine,VUL
33,Micah,6,9,Micah 6:9,14,"tribus,",,,,Clementine,VUL
33,Micah,6,9,Micah 6:9,15,et,,,,Clementine,VUL
33,Micah,6,9,Micah 6:9,16,quis,,,,Clementine,VUL
33,Micah,6,9,Micah 6:9,17,approbabit,,,,Clementine,VUL
33,Micah,6,9,Micah 6:9,18,illud,,,,Clementine,VUL
33,Micah,6,9,Micah 6:9,19,?,,,,Clementine,VUL
33,Micah,6,10,Micah 6:10,1,Adhuc,,,,Clementine,VUL
33,Micah,6,10,Micah 6:10,2,ignis,,,,Clementine,VUL
33,Micah,6,10,Micah 6:10,3,in,,,,Clementine,VUL
33,Micah,6,10,Micah 6:10,4,domo,,,,Clementine,VUL
33,Micah,6,10,Micah 6:10,5,impii,,,,Clementine,VUL
33,Micah,6,10,Micah 6:10,6,thesauri,,,,Clementine,VUL
33,Micah,6,10,Micah 6:10,7,"iniquitatis,",,,,Clementine,VUL
33,Micah,6,10,Micah 6:10,8,et,,,,Clementine,VUL
33,Micah,6,10,Micah 6:10,9,mensura,,,,Clementine,VUL
33,Micah,6,10,Micah 6:10,10,minor,,,,Clementine,VUL
33,Micah,6,10,Micah 6:10,11,iræ,,,,Clementine,VUL
33,Micah,6,10,Micah 6:10,12,plena.,,,,Clementine,VUL
33,Micah,6,11,Micah 6:11,1,Numquid,,,,Clementine,VUL
33,Micah,6,11,Micah 6:11,2,justificabo,,,,Clementine,VUL
33,Micah,6,11,Micah 6:11,3,stateram,,,,Clementine,VUL
33,Micah,6,11,Micah 6:11,4,"impiam,",,,,Clementine,VUL
33,Micah,6,11,Micah 6:11,5,et,,,,Clementine,VUL
33,Micah,6,11,Micah 6:11,6,saccelli,,,,Clementine,VUL
33,Micah,6,11,Micah 6:11,7,pondera,,,,Clementine,VUL
33,Micah,6,11,Micah 6:11,8,dolosa,,,,Clementine,VUL
33,Micah,6,11,Micah 6:11,9,?,,,,Clementine,VUL
33,Micah,6,12,Micah 6:12,1,In,,,,Clementine,VUL
33,Micah,6,12,Micah 6:12,2,quibus,,,,Clementine,VUL
33,Micah,6,12,Micah 6:12,3,divites,,,,Clementine,VUL
33,Micah,6,12,Micah 6:12,4,ejus,,,,Clementine,VUL
33,Micah,6,12,Micah 6:12,5,repleti,,,,Clementine,VUL
33,Micah,6,12,Micah 6:12,6,sunt,,,,Clementine,VUL
33,Micah,6,12,Micah 6:12,7,"iniquitate,",,,,Clementine,VUL
33,Micah,6,12,Micah 6:12,8,et,,,,Clementine,VUL
33,Micah,6,12,Micah 6:12,9,habitantes,,,,Clementine,VUL
33,Micah,6,12,Micah 6:12,10,in,,,,Clementine,VUL
33,Micah,6,12,Micah 6:12,11,ea,,,,Clementine,VUL
33,Micah,6,12,Micah 6:12,12,loquebantur,,,,Clementine,VUL
33,Micah,6,12,Micah 6:12,13,"mendacium,",,,,Clementine,VUL
33,Micah,6,12,Micah 6:12,14,et,,,,Clementine,VUL
33,Micah,6,12,Micah 6:12,15,lingua,,,,Clementine,VUL
33,Micah,6,12,Micah 6:12,16,eorum,,,,Clementine,VUL
33,Micah,6,12,Micah 6:12,17,fraudulenta,,,,Clementine,VUL
33,Micah,6,12,Micah 6:12,18,in,,,,Clementine,VUL
33,Micah,6,12,Micah 6:12,19,ore,,,,Clementine,VUL
33,Micah,6,12,Micah 6:12,20,eorum.,,,,Clementine,VUL
33,Micah,6,13,Micah 6:13,1,Et,,,,Clementine,VUL
33,Micah,6,13,Micah 6:13,2,ego,,,,Clementine,VUL
33,Micah,6,13,Micah 6:13,3,ergo,,,,Clementine,VUL
33,Micah,6,13,Micah 6:13,4,cœpi,,,,Clementine,VUL
33,Micah,6,13,Micah 6:13,5,percutere,,,,Clementine,VUL
33,Micah,6,13,Micah 6:13,6,te,,,,Clementine,VUL
33,Micah,6,13,Micah 6:13,7,perditione,,,,Clementine,VUL
33,Micah,6,13,Micah 6:13,8,super,,,,Clementine,VUL
33,Micah,6,13,Micah 6:13,9,peccatis,,,,Clementine,VUL
33,Micah,6,13,Micah 6:13,10,tuis.,,,,Clementine,VUL
33,Micah,6,14,Micah 6:14,1,Tu,,,,Clementine,VUL
33,Micah,6,14,Micah 6:14,2,"comedes,",,,,Clementine,VUL
33,Micah,6,14,Micah 6:14,3,et,,,,Clementine,VUL
33,Micah,6,14,Micah 6:14,4,non,,,,Clementine,VUL
33,Micah,6,14,Micah 6:14,5,"saturaberis,",,,,Clementine,VUL
33,Micah,6,14,Micah 6:14,6,et,,,,Clementine,VUL
33,Micah,6,14,Micah 6:14,7,humiliatio,,,,Clementine,VUL
33,Micah,6,14,Micah 6:14,8,tua,,,,Clementine,VUL
33,Micah,6,14,Micah 6:14,9,in,,,,Clementine,VUL
33,Micah,6,14,Micah 6:14,10,medio,,,,Clementine,VUL
33,Micah,6,14,Micah 6:14,11,tui,,,,Clementine,VUL
33,Micah,6,14,Micah 6:14,12,:,,,,Clementine,VUL
33,Micah,6,14,Micah 6:14,13,et,,,,Clementine,VUL
33,Micah,6,14,Micah 6:14,14,"apprehendes,",,,,Clementine,VUL
33,Micah,6,14,Micah 6:14,15,et,,,,Clementine,VUL
33,Micah,6,14,Micah 6:14,16,non,,,,Clementine,VUL
33,Micah,6,14,Micah 6:14,17,"salvabis,",,,,Clementine,VUL
33,Micah,6,14,Micah 6:14,18,et,,,,Clementine,VUL
33,Micah,6,14,Micah 6:14,19,quos,,,,Clementine,VUL
33,Micah,6,14,Micah 6:14,20,"salvaveris,",,,,Clementine,VUL
33,Micah,6,14,Micah 6:14,21,in,,,,Clementine,VUL
33,Micah,6,14,Micah 6:14,22,gladium,,,,Clementine,VUL
33,Micah,6,14,Micah 6:14,23,dabo.,,,,Clementine,VUL
33,Micah,6,15,Micah 6:15,1,Tu,,,,Clementine,VUL
33,Micah,6,15,Micah 6:15,2,"seminabis,",,,,Clementine,VUL
33,Micah,6,15,Micah 6:15,3,et,,,,Clementine,VUL
33,Micah,6,15,Micah 6:15,4,non,,,,Clementine,VUL
33,Micah,6,15,Micah 6:15,5,metes,,,,Clementine,VUL
33,Micah,6,15,Micah 6:15,6,:,,,,Clementine,VUL
33,Micah,6,15,Micah 6:15,7,tu,,,,Clementine,VUL
33,Micah,6,15,Micah 6:15,8,calcabis,,,,Clementine,VUL
33,Micah,6,15,Micah 6:15,9,"olivam,",,,,Clementine,VUL
33,Micah,6,15,Micah 6:15,10,et,,,,Clementine,VUL
33,Micah,6,15,Micah 6:15,11,non,,,,Clementine,VUL
33,Micah,6,15,Micah 6:15,12,ungeris,,,,Clementine,VUL
33,Micah,6,15,Micah 6:15,13,oleo,,,,Clementine,VUL
33,Micah,6,15,Micah 6:15,14,;,,,,Clementine,VUL
33,Micah,6,15,Micah 6:15,15,et,,,,Clementine,VUL
33,Micah,6,15,Micah 6:15,16,"mustum,",,,,Clementine,VUL
33,Micah,6,15,Micah 6:15,17,et,,,,Clementine,VUL
33,Micah,6,15,Micah 6:15,18,non,,,,Clementine,VUL
33,Micah,6,15,Micah 6:15,19,bibes,,,,Clementine,VUL
33,Micah,6,15,Micah 6:15,20,vinum.,,,,Clementine,VUL
33,Micah,6,16,Micah 6:16,1,Et,,,,Clementine,VUL
33,Micah,6,16,Micah 6:16,2,custodisti,,,,Clementine,VUL
33,Micah,6,16,Micah 6:16,3,præcepta,,,,Clementine,VUL
33,Micah,6,16,Micah 6:16,4,"Amri,",,,,Clementine,VUL
33,Micah,6,16,Micah 6:16,5,et,,,,Clementine,VUL
33,Micah,6,16,Micah 6:16,6,omne,,,,Clementine,VUL
33,Micah,6,16,Micah 6:16,7,opus,,,,Clementine,VUL
33,Micah,6,16,Micah 6:16,8,domus,,,,Clementine,VUL
33,Micah,6,16,Micah 6:16,9,"Achab,",,,,Clementine,VUL
33,Micah,6,16,Micah 6:16,10,et,,,,Clementine,VUL
33,Micah,6,16,Micah 6:16,11,ambulasti,,,,Clementine,VUL
33,Micah,6,16,Micah 6:16,12,in,,,,Clementine,VUL
33,Micah,6,16,Micah 6:16,13,voluntatibus,,,,Clementine,VUL
33,Micah,6,16,Micah 6:16,14,eorum,,,,Clementine,VUL
33,Micah,6,16,Micah 6:16,15,:,,,,Clementine,VUL
33,Micah,6,16,Micah 6:16,16,ut,,,,Clementine,VUL
33,Micah,6,16,Micah 6:16,17,darem,,,,Clementine,VUL
33,Micah,6,16,Micah 6:16,18,te,,,,Clementine,VUL
33,Micah,6,16,Micah 6:16,19,in,,,,Clementine,VUL
33,Micah,6,16,Micah 6:16,20,"perditionem,",,,,Clementine,VUL
33,Micah,6,16,Micah 6:16,21,et,,,,Clementine,VUL
33,Micah,6,16,Micah 6:16,22,habitantes,,,,Clementine,VUL
33,Micah,6,16,Micah 6:16,23,in,,,,Clementine,VUL
33,Micah,6,16,Micah 6:16,24,ea,,,,Clementine,VUL
33,Micah,6,16,Micah 6:16,25,in,,,,Clementine,VUL
33,Micah,6,16,Micah 6:16,26,"sibilum,",,,,Clementine,VUL
33,Micah,6,16,Micah 6:16,27,et,,,,Clementine,VUL
33,Micah,6,16,Micah 6:16,28,opprobrium,,,,Clementine,VUL
33,Micah,6,16,Micah 6:16,29,populi,,,,Clementine,VUL
33,Micah,6,16,Micah 6:16,30,mei,,,,Clementine,VUL
33,Micah,6,16,Micah 6:16,31,portabitis.,,,,Clementine,VUL
33,Micah,7,1,Micah 7:1,1,Væ,,,,Clementine,VUL
33,Micah,7,1,Micah 7:1,2,"mihi,",,,,Clementine,VUL
33,Micah,7,1,Micah 7:1,3,quia,,,,Clementine,VUL
33,Micah,7,1,Micah 7:1,4,factus,,,,Clementine,VUL
33,Micah,7,1,Micah 7:1,5,sum,,,,Clementine,VUL
33,Micah,7,1,Micah 7:1,6,sicut,,,,Clementine,VUL
33,Micah,7,1,Micah 7:1,7,qui,,,,Clementine,VUL
33,Micah,7,1,Micah 7:1,8,colligit,,,,Clementine,VUL
33,Micah,7,1,Micah 7:1,9,in,,,,Clementine,VUL
33,Micah,7,1,Micah 7:1,10,autumno,,,,Clementine,VUL
33,Micah,7,1,Micah 7:1,11,racemos,,,,Clementine,VUL
33,Micah,7,1,Micah 7:1,12,vindemiæ,,,,Clementine,VUL
33,Micah,7,1,Micah 7:1,13,!,,,,Clementine,VUL
33,Micah,7,1,Micah 7:1,14,non,,,,Clementine,VUL
33,Micah,7,1,Micah 7:1,15,est,,,,Clementine,VUL
33,Micah,7,1,Micah 7:1,16,botrus,,,,Clementine,VUL
33,Micah,7,1,Micah 7:1,17,ad,,,,Clementine,VUL
33,Micah,7,1,Micah 7:1,18,"comedendum,",,,,Clementine,VUL
33,Micah,7,1,Micah 7:1,19,præcoquas,,,,Clementine,VUL
33,Micah,7,1,Micah 7:1,20,ficus,,,,Clementine,VUL
33,Micah,7,1,Micah 7:1,21,desideravit,,,,Clementine,VUL
33,Micah,7,1,Micah 7:1,22,anima,,,,Clementine,VUL
33,Micah,7,1,Micah 7:1,23,mea.,,,,Clementine,VUL
33,Micah,7,2,Micah 7:2,1,Periit,,,,Clementine,VUL
33,Micah,7,2,Micah 7:2,2,sanctus,,,,Clementine,VUL
33,Micah,7,2,Micah 7:2,3,de,,,,Clementine,VUL
33,Micah,7,2,Micah 7:2,4,"terra,",,,,Clementine,VUL
33,Micah,7,2,Micah 7:2,5,et,,,,Clementine,VUL
33,Micah,7,2,Micah 7:2,6,rectus,,,,Clementine,VUL
33,Micah,7,2,Micah 7:2,7,in,,,,Clementine,VUL
33,Micah,7,2,Micah 7:2,8,hominibus,,,,Clementine,VUL
33,Micah,7,2,Micah 7:2,9,non,,,,Clementine,VUL
33,Micah,7,2,Micah 7:2,10,est,,,,Clementine,VUL
33,Micah,7,2,Micah 7:2,11,:,,,,Clementine,VUL
33,Micah,7,2,Micah 7:2,12,omnes,,,,Clementine,VUL
33,Micah,7,2,Micah 7:2,13,in,,,,Clementine,VUL
33,Micah,7,2,Micah 7:2,14,sanguine,,,,Clementine,VUL
33,Micah,7,2,Micah 7:2,15,insidiantur,,,,Clementine,VUL
33,Micah,7,2,Micah 7:2,16,;,,,,Clementine,VUL
33,Micah,7,2,Micah 7:2,17,vir,,,,Clementine,VUL
33,Micah,7,2,Micah 7:2,18,fratrem,,,,Clementine,VUL
33,Micah,7,2,Micah 7:2,19,suum,,,,Clementine,VUL
33,Micah,7,2,Micah 7:2,20,ad,,,,Clementine,VUL
33,Micah,7,2,Micah 7:2,21,mortem,,,,Clementine,VUL
33,Micah,7,2,Micah 7:2,22,venatur.,,,,Clementine,VUL
33,Micah,7,3,Micah 7:3,1,Malum,,,,Clementine,VUL
33,Micah,7,3,Micah 7:3,2,manuum,,,,Clementine,VUL
33,Micah,7,3,Micah 7:3,3,suarum,,,,Clementine,VUL
33,Micah,7,3,Micah 7:3,4,dicunt,,,,Clementine,VUL
33,Micah,7,3,Micah 7:3,5,bonum,,,,Clementine,VUL
33,Micah,7,3,Micah 7:3,6,:,,,,Clementine,VUL
33,Micah,7,3,Micah 7:3,7,princeps,,,,Clementine,VUL
33,Micah,7,3,Micah 7:3,8,"postulat,",,,,Clementine,VUL
33,Micah,7,3,Micah 7:3,9,et,,,,Clementine,VUL
33,Micah,7,3,Micah 7:3,10,judex,,,,Clementine,VUL
33,Micah,7,3,Micah 7:3,11,in,,,,Clementine,VUL
33,Micah,7,3,Micah 7:3,12,reddendo,,,,Clementine,VUL
33,Micah,7,3,Micah 7:3,13,est,,,,Clementine,VUL
33,Micah,7,3,Micah 7:3,14,;,,,,Clementine,VUL
33,Micah,7,3,Micah 7:3,15,et,,,,Clementine,VUL
33,Micah,7,3,Micah 7:3,16,magnus,,,,Clementine,VUL
33,Micah,7,3,Micah 7:3,17,locutus,,,,Clementine,VUL
33,Micah,7,3,Micah 7:3,18,est,,,,Clementine,VUL
33,Micah,7,3,Micah 7:3,19,desiderium,,,,Clementine,VUL
33,Micah,7,3,Micah 7:3,20,animæ,,,,Clementine,VUL
33,Micah,7,3,Micah 7:3,21,"suæ,",,,,Clementine,VUL
33,Micah,7,3,Micah 7:3,22,et,,,,Clementine,VUL
33,Micah,7,3,Micah 7:3,23,conturbaverunt,,,,Clementine,VUL
33,Micah,7,3,Micah 7:3,24,eam.,,,,Clementine,VUL
33,Micah,7,4,Micah 7:4,1,Qui,,,,Clementine,VUL
33,Micah,7,4,Micah 7:4,2,optimus,,,,Clementine,VUL
33,Micah,7,4,Micah 7:4,3,in,,,,Clementine,VUL
33,Micah,7,4,Micah 7:4,4,eis,,,,Clementine,VUL
33,Micah,7,4,Micah 7:4,5,"est,",,,,Clementine,VUL
33,Micah,7,4,Micah 7:4,6,quasi,,,,Clementine,VUL
33,Micah,7,4,Micah 7:4,7,"paliurus,",,,,Clementine,VUL
33,Micah,7,4,Micah 7:4,8,et,,,,Clementine,VUL
33,Micah,7,4,Micah 7:4,9,qui,,,,Clementine,VUL
33,Micah,7,4,Micah 7:4,10,"rectus,",,,,Clementine,VUL
33,Micah,7,4,Micah 7:4,11,quasi,,,,Clementine,VUL
33,Micah,7,4,Micah 7:4,12,spina,,,,Clementine,VUL
33,Micah,7,4,Micah 7:4,13,de,,,,Clementine,VUL
33,Micah,7,4,Micah 7:4,14,sepe.,,,,Clementine,VUL
33,Micah,7,4,Micah 7:4,15,Dies,,,,Clementine,VUL
33,Micah,7,4,Micah 7:4,16,speculationis,,,,Clementine,VUL
33,Micah,7,4,Micah 7:4,17,"tuæ,",,,,Clementine,VUL
33,Micah,7,4,Micah 7:4,18,visitatio,,,,Clementine,VUL
33,Micah,7,4,Micah 7:4,19,tua,,,,Clementine,VUL
33,Micah,7,4,Micah 7:4,20,venit,,,,Clementine,VUL
33,Micah,7,4,Micah 7:4,21,:,,,,Clementine,VUL
33,Micah,7,4,Micah 7:4,22,nunc,,,,Clementine,VUL
33,Micah,7,4,Micah 7:4,23,erit,,,,Clementine,VUL
33,Micah,7,4,Micah 7:4,24,vastitas,,,,Clementine,VUL
33,Micah,7,4,Micah 7:4,25,eorum.,,,,Clementine,VUL
33,Micah,7,5,Micah 7:5,1,Nolite,,,,Clementine,VUL
33,Micah,7,5,Micah 7:5,2,credere,,,,Clementine,VUL
33,Micah,7,5,Micah 7:5,3,"amico,",,,,Clementine,VUL
33,Micah,7,5,Micah 7:5,4,et,,,,Clementine,VUL
33,Micah,7,5,Micah 7:5,5,nolite,,,,Clementine,VUL
33,Micah,7,5,Micah 7:5,6,confidere,,,,Clementine,VUL
33,Micah,7,5,Micah 7:5,7,in,,,,Clementine,VUL
33,Micah,7,5,Micah 7:5,8,duce,,,,Clementine,VUL
33,Micah,7,5,Micah 7:5,9,:,,,,Clementine,VUL
33,Micah,7,5,Micah 7:5,10,ab,,,,Clementine,VUL
33,Micah,7,5,Micah 7:5,11,ea,,,,Clementine,VUL
33,Micah,7,5,Micah 7:5,12,quæ,,,,Clementine,VUL
33,Micah,7,5,Micah 7:5,13,dormit,,,,Clementine,VUL
33,Micah,7,5,Micah 7:5,14,in,,,,Clementine,VUL
33,Micah,7,5,Micah 7:5,15,sinu,,,,Clementine,VUL
33,Micah,7,5,Micah 7:5,16,tuo,,,,Clementine,VUL
33,Micah,7,5,Micah 7:5,17,custodi,,,,Clementine,VUL
33,Micah,7,5,Micah 7:5,18,claustra,,,,Clementine,VUL
33,Micah,7,5,Micah 7:5,19,oris,,,,Clementine,VUL
33,Micah,7,5,Micah 7:5,20,tui.,,,,Clementine,VUL
33,Micah,7,6,Micah 7:6,1,Quia,,,,Clementine,VUL
33,Micah,7,6,Micah 7:6,2,filius,,,,Clementine,VUL
33,Micah,7,6,Micah 7:6,3,contumeliam,,,,Clementine,VUL
33,Micah,7,6,Micah 7:6,4,facit,,,,Clementine,VUL
33,Micah,7,6,Micah 7:6,5,"patri,",,,,Clementine,VUL
33,Micah,7,6,Micah 7:6,6,et,,,,Clementine,VUL
33,Micah,7,6,Micah 7:6,7,filia,,,,Clementine,VUL
33,Micah,7,6,Micah 7:6,8,consurgit,,,,Clementine,VUL
33,Micah,7,6,Micah 7:6,9,adversus,,,,Clementine,VUL
33,Micah,7,6,Micah 7:6,10,matrem,,,,Clementine,VUL
33,Micah,7,6,Micah 7:6,11,suam,,,,Clementine,VUL
33,Micah,7,6,Micah 7:6,12,:,,,,Clementine,VUL
33,Micah,7,6,Micah 7:6,13,nurus,,,,Clementine,VUL
33,Micah,7,6,Micah 7:6,14,adversus,,,,Clementine,VUL
33,Micah,7,6,Micah 7:6,15,socrum,,,,Clementine,VUL
33,Micah,7,6,Micah 7:6,16,"suam,",,,,Clementine,VUL
33,Micah,7,6,Micah 7:6,17,et,,,,Clementine,VUL
33,Micah,7,6,Micah 7:6,18,inimici,,,,Clementine,VUL
33,Micah,7,6,Micah 7:6,19,hominis,,,,Clementine,VUL
33,Micah,7,6,Micah 7:6,20,domestici,,,,Clementine,VUL
33,Micah,7,6,Micah 7:6,21,ejus.,,,,Clementine,VUL
33,Micah,7,7,Micah 7:7,1,Ego,,,,Clementine,VUL
33,Micah,7,7,Micah 7:7,2,autem,,,,Clementine,VUL
33,Micah,7,7,Micah 7:7,3,ad,,,,Clementine,VUL
33,Micah,7,7,Micah 7:7,4,Dominum,,,,Clementine,VUL
33,Micah,7,7,Micah 7:7,5,aspiciam,,,,Clementine,VUL
33,Micah,7,7,Micah 7:7,6,;,,,,Clementine,VUL
33,Micah,7,7,Micah 7:7,7,exspectabo,,,,Clementine,VUL
33,Micah,7,7,Micah 7:7,8,"Deum,",,,,Clementine,VUL
33,Micah,7,7,Micah 7:7,9,salvatorem,,,,Clementine,VUL
33,Micah,7,7,Micah 7:7,10,meum,,,,Clementine,VUL
33,Micah,7,7,Micah 7:7,11,:,,,,Clementine,VUL
33,Micah,7,7,Micah 7:7,12,audiet,,,,Clementine,VUL
33,Micah,7,7,Micah 7:7,13,me,,,,Clementine,VUL
33,Micah,7,7,Micah 7:7,14,Deus,,,,Clementine,VUL
33,Micah,7,7,Micah 7:7,15,meus.,,,,Clementine,VUL
33,Micah,7,8,Micah 7:8,1,Ne,,,,Clementine,VUL
33,Micah,7,8,Micah 7:8,2,"læteris,",,,,Clementine,VUL
33,Micah,7,8,Micah 7:8,3,inimica,,,,Clementine,VUL
33,Micah,7,8,Micah 7:8,4,"mea,",,,,Clementine,VUL
33,Micah,7,8,Micah 7:8,5,super,,,,Clementine,VUL
33,Micah,7,8,Micah 7:8,6,"me,",,,,Clementine,VUL
33,Micah,7,8,Micah 7:8,7,quia,,,,Clementine,VUL
33,Micah,7,8,Micah 7:8,8,cecidi,,,,Clementine,VUL
33,Micah,7,8,Micah 7:8,9,:,,,,Clementine,VUL
33,Micah,7,8,Micah 7:8,10,consurgam,,,,Clementine,VUL
33,Micah,7,8,Micah 7:8,11,cum,,,,Clementine,VUL
33,Micah,7,8,Micah 7:8,12,sedero,,,,Clementine,VUL
33,Micah,7,8,Micah 7:8,13,in,,,,Clementine,VUL
33,Micah,7,8,Micah 7:8,14,tenebris,,,,Clementine,VUL
33,Micah,7,8,Micah 7:8,15,:,,,,Clementine,VUL
33,Micah,7,8,Micah 7:8,16,Dominus,,,,Clementine,VUL
33,Micah,7,8,Micah 7:8,17,lux,,,,Clementine,VUL
33,Micah,7,8,Micah 7:8,18,mea,,,,Clementine,VUL
33,Micah,7,8,Micah 7:8,19,est.,,,,Clementine,VUL
33,Micah,7,9,Micah 7:9,1,Iram,,,,Clementine,VUL
33,Micah,7,9,Micah 7:9,2,Domini,,,,Clementine,VUL
33,Micah,7,9,Micah 7:9,3,"portabo,",,,,Clementine,VUL
33,Micah,7,9,Micah 7:9,4,quoniam,,,,Clementine,VUL
33,Micah,7,9,Micah 7:9,5,peccavi,,,,Clementine,VUL
33,Micah,7,9,Micah 7:9,6,"ei,",,,,Clementine,VUL
33,Micah,7,9,Micah 7:9,7,donec,,,,Clementine,VUL
33,Micah,7,9,Micah 7:9,8,causam,,,,Clementine,VUL
33,Micah,7,9,Micah 7:9,9,meam,,,,Clementine,VUL
33,Micah,7,9,Micah 7:9,10,"judicet,",,,,Clementine,VUL
33,Micah,7,9,Micah 7:9,11,et,,,,Clementine,VUL
33,Micah,7,9,Micah 7:9,12,faciat,,,,Clementine,VUL
33,Micah,7,9,Micah 7:9,13,judicium,,,,Clementine,VUL
33,Micah,7,9,Micah 7:9,14,meum.,,,,Clementine,VUL
33,Micah,7,9,Micah 7:9,15,Educet,,,,Clementine,VUL
33,Micah,7,9,Micah 7:9,16,me,,,,Clementine,VUL
33,Micah,7,9,Micah 7:9,17,in,,,,Clementine,VUL
33,Micah,7,9,Micah 7:9,18,lucem,,,,Clementine,VUL
33,Micah,7,9,Micah 7:9,19,:,,,,Clementine,VUL
33,Micah,7,9,Micah 7:9,20,videbo,,,,Clementine,VUL
33,Micah,7,9,Micah 7:9,21,justitiam,,,,Clementine,VUL
33,Micah,7,9,Micah 7:9,22,ejus.,,,,Clementine,VUL
33,Micah,7,10,Micah 7:10,1,Et,,,,Clementine,VUL
33,Micah,7,10,Micah 7:10,2,aspiciet,,,,Clementine,VUL
33,Micah,7,10,Micah 7:10,3,inimica,,,,Clementine,VUL
33,Micah,7,10,Micah 7:10,4,"mea,",,,,Clementine,VUL
33,Micah,7,10,Micah 7:10,5,et,,,,Clementine,VUL
33,Micah,7,10,Micah 7:10,6,operietur,,,,Clementine,VUL
33,Micah,7,10,Micah 7:10,7,"confusione,",,,,Clementine,VUL
33,Micah,7,10,Micah 7:10,8,quæ,,,,Clementine,VUL
33,Micah,7,10,Micah 7:10,9,dicit,,,,Clementine,VUL
33,Micah,7,10,Micah 7:10,10,ad,,,,Clementine,VUL
33,Micah,7,10,Micah 7:10,11,me,,,,Clementine,VUL
33,Micah,7,10,Micah 7:10,12,:,,,,Clementine,VUL
33,Micah,7,10,Micah 7:10,13,Ubi,,,,Clementine,VUL
33,Micah,7,10,Micah 7:10,14,est,,,,Clementine,VUL
33,Micah,7,10,Micah 7:10,15,Dominus,,,,Clementine,VUL
33,Micah,7,10,Micah 7:10,16,Deus,,,,Clementine,VUL
33,Micah,7,10,Micah 7:10,17,tuus,,,,Clementine,VUL
33,Micah,7,10,Micah 7:10,18,?,,,,Clementine,VUL
33,Micah,7,10,Micah 7:10,19,Oculi,,,,Clementine,VUL
33,Micah,7,10,Micah 7:10,20,mei,,,,Clementine,VUL
33,Micah,7,10,Micah 7:10,21,videbunt,,,,Clementine,VUL
33,Micah,7,10,Micah 7:10,22,in,,,,Clementine,VUL
33,Micah,7,10,Micah 7:10,23,eam,,,,Clementine,VUL
33,Micah,7,10,Micah 7:10,24,:,,,,Clementine,VUL
33,Micah,7,10,Micah 7:10,25,nunc,,,,Clementine,VUL
33,Micah,7,10,Micah 7:10,26,erit,,,,Clementine,VUL
33,Micah,7,10,Micah 7:10,27,in,,,,Clementine,VUL
33,Micah,7,10,Micah 7:10,28,conculcationem,,,,Clementine,VUL
33,Micah,7,10,Micah 7:10,29,ut,,,,Clementine,VUL
33,Micah,7,10,Micah 7:10,30,lutum,,,,Clementine,VUL
33,Micah,7,10,Micah 7:10,31,platearum.,,,,Clementine,VUL
33,Micah,7,11,Micah 7:11,1,"Dies,",,,,Clementine,VUL
33,Micah,7,11,Micah 7:11,2,ut,,,,Clementine,VUL
33,Micah,7,11,Micah 7:11,3,ædificentur,,,,Clementine,VUL
33,Micah,7,11,Micah 7:11,4,maceriæ,,,,Clementine,VUL
33,Micah,7,11,Micah 7:11,5,tuæ,,,,Clementine,VUL
33,Micah,7,11,Micah 7:11,6,;,,,,Clementine,VUL
33,Micah,7,11,Micah 7:11,7,in,,,,Clementine,VUL
33,Micah,7,11,Micah 7:11,8,die,,,,Clementine,VUL
33,Micah,7,11,Micah 7:11,9,illa,,,,Clementine,VUL
33,Micah,7,11,Micah 7:11,10,longe,,,,Clementine,VUL
33,Micah,7,11,Micah 7:11,11,fiet,,,,Clementine,VUL
33,Micah,7,11,Micah 7:11,12,lex.,,,,Clementine,VUL
33,Micah,7,12,Micah 7:12,1,In,,,,Clementine,VUL
33,Micah,7,12,Micah 7:12,2,die,,,,Clementine,VUL
33,Micah,7,12,Micah 7:12,3,illa,,,,Clementine,VUL
33,Micah,7,12,Micah 7:12,4,et,,,,Clementine,VUL
33,Micah,7,12,Micah 7:12,5,usque,,,,Clementine,VUL
33,Micah,7,12,Micah 7:12,6,ad,,,,Clementine,VUL
33,Micah,7,12,Micah 7:12,7,te,,,,Clementine,VUL
33,Micah,7,12,Micah 7:12,8,veniet,,,,Clementine,VUL
33,Micah,7,12,Micah 7:12,9,de,,,,Clementine,VUL
33,Micah,7,12,Micah 7:12,10,"Assur,",,,,Clementine,VUL
33,Micah,7,12,Micah 7:12,11,et,,,,Clementine,VUL
33,Micah,7,12,Micah 7:12,12,usque,,,,Clementine,VUL
33,Micah,7,12,Micah 7:12,13,ad,,,,Clementine,VUL
33,Micah,7,12,Micah 7:12,14,civitates,,,,Clementine,VUL
33,Micah,7,12,Micah 7:12,15,"munitas,",,,,Clementine,VUL
33,Micah,7,12,Micah 7:12,16,et,,,,Clementine,VUL
33,Micah,7,12,Micah 7:12,17,a,,,,Clementine,VUL
33,Micah,7,12,Micah 7:12,18,civitatibus,,,,Clementine,VUL
33,Micah,7,12,Micah 7:12,19,munitis,,,,Clementine,VUL
33,Micah,7,12,Micah 7:12,20,usque,,,,Clementine,VUL
33,Micah,7,12,Micah 7:12,21,ad,,,,Clementine,VUL
33,Micah,7,12,Micah 7:12,22,"flumen,",,,,Clementine,VUL
33,Micah,7,12,Micah 7:12,23,et,,,,Clementine,VUL
33,Micah,7,12,Micah 7:12,24,ad,,,,Clementine,VUL
33,Micah,7,12,Micah 7:12,25,mare,,,,Clementine,VUL
33,Micah,7,12,Micah 7:12,26,de,,,,Clementine,VUL
33,Micah,7,12,Micah 7:12,27,"mari,",,,,Clementine,VUL
33,Micah,7,12,Micah 7:12,28,et,,,,Clementine,VUL
33,Micah,7,12,Micah 7:12,29,ad,,,,Clementine,VUL
33,Micah,7,12,Micah 7:12,30,montem,,,,Clementine,VUL
33,Micah,7,12,Micah 7:12,31,de,,,,Clementine,VUL
33,Micah,7,12,Micah 7:12,32,monte.,,,,Clementine,VUL
33,Micah,7,13,Micah 7:13,1,Et,,,,Clementine,VUL
33,Micah,7,13,Micah 7:13,2,terra,,,,Clementine,VUL
33,Micah,7,13,Micah 7:13,3,erit,,,,Clementine,VUL
33,Micah,7,13,Micah 7:13,4,in,,,,Clementine,VUL
33,Micah,7,13,Micah 7:13,5,desolationem,,,,Clementine,VUL
33,Micah,7,13,Micah 7:13,6,propter,,,,Clementine,VUL
33,Micah,7,13,Micah 7:13,7,habitatores,,,,Clementine,VUL
33,Micah,7,13,Micah 7:13,8,"suos,",,,,Clementine,VUL
33,Micah,7,13,Micah 7:13,9,et,,,,Clementine,VUL
33,Micah,7,13,Micah 7:13,10,propter,,,,Clementine,VUL
33,Micah,7,13,Micah 7:13,11,fructum,,,,Clementine,VUL
33,Micah,7,13,Micah 7:13,12,cogitationum,,,,Clementine,VUL
33,Micah,7,13,Micah 7:13,13,eorum.,,,,Clementine,VUL
33,Micah,7,14,Micah 7:14,1,Pasce,,,,Clementine,VUL
33,Micah,7,14,Micah 7:14,2,populum,,,,Clementine,VUL
33,Micah,7,14,Micah 7:14,3,tuum,,,,Clementine,VUL
33,Micah,7,14,Micah 7:14,4,in,,,,Clementine,VUL
33,Micah,7,14,Micah 7:14,5,virga,,,,Clementine,VUL
33,Micah,7,14,Micah 7:14,6,"tua,",,,,Clementine,VUL
33,Micah,7,14,Micah 7:14,7,gregem,,,,Clementine,VUL
33,Micah,7,14,Micah 7:14,8,hæreditatis,,,,Clementine,VUL
33,Micah,7,14,Micah 7:14,9,"tuæ,",,,,Clementine,VUL
33,Micah,7,14,Micah 7:14,10,habitantes,,,,Clementine,VUL
33,Micah,7,14,Micah 7:14,11,"solos,",,,,Clementine,VUL
33,Micah,7,14,Micah 7:14,12,in,,,,Clementine,VUL
33,Micah,7,14,Micah 7:14,13,"saltu,",,,,Clementine,VUL
33,Micah,7,14,Micah 7:14,14,in,,,,Clementine,VUL
33,Micah,7,14,Micah 7:14,15,medio,,,,Clementine,VUL
33,Micah,7,14,Micah 7:14,16,Carmeli.,,,,Clementine,VUL
33,Micah,7,14,Micah 7:14,17,Pascentur,,,,Clementine,VUL
33,Micah,7,14,Micah 7:14,18,Basan,,,,Clementine,VUL
33,Micah,7,14,Micah 7:14,19,et,,,,Clementine,VUL
33,Micah,7,14,Micah 7:14,20,Galaad,,,,Clementine,VUL
33,Micah,7,14,Micah 7:14,21,juxta,,,,Clementine,VUL
33,Micah,7,14,Micah 7:14,22,dies,,,,Clementine,VUL
33,Micah,7,14,Micah 7:14,23,antiquos.,,,,Clementine,VUL
33,Micah,7,15,Micah 7:15,1,Secundum,,,,Clementine,VUL
33,Micah,7,15,Micah 7:15,2,dies,,,,Clementine,VUL
33,Micah,7,15,Micah 7:15,3,egressionis,,,,Clementine,VUL
33,Micah,7,15,Micah 7:15,4,tuæ,,,,Clementine,VUL
33,Micah,7,15,Micah 7:15,5,de,,,,Clementine,VUL
33,Micah,7,15,Micah 7:15,6,terra,,,,Clementine,VUL
33,Micah,7,15,Micah 7:15,7,"Ægypti,",,,,Clementine,VUL
33,Micah,7,15,Micah 7:15,8,ostendam,,,,Clementine,VUL
33,Micah,7,15,Micah 7:15,9,ei,,,,Clementine,VUL
33,Micah,7,15,Micah 7:15,10,mirabilia.,,,,Clementine,VUL
33,Micah,7,16,Micah 7:16,1,Videbunt,,,,Clementine,VUL
33,Micah,7,16,Micah 7:16,2,"gentes,",,,,Clementine,VUL
33,Micah,7,16,Micah 7:16,3,et,,,,Clementine,VUL
33,Micah,7,16,Micah 7:16,4,confundentur,,,,Clementine,VUL
33,Micah,7,16,Micah 7:16,5,super,,,,Clementine,VUL
33,Micah,7,16,Micah 7:16,6,omni,,,,Clementine,VUL
33,Micah,7,16,Micah 7:16,7,fortitudine,,,,Clementine,VUL
33,Micah,7,16,Micah 7:16,8,sua.,,,,Clementine,VUL
33,Micah,7,16,Micah 7:16,9,Ponent,,,,Clementine,VUL
33,Micah,7,16,Micah 7:16,10,manum,,,,Clementine,VUL
33,Micah,7,16,Micah 7:16,11,super,,,,Clementine,VUL
33,Micah,7,16,Micah 7:16,12,"os,",,,,Clementine,VUL
33,Micah,7,16,Micah 7:16,13,aures,,,,Clementine,VUL
33,Micah,7,16,Micah 7:16,14,eorum,,,,Clementine,VUL
33,Micah,7,16,Micah 7:16,15,surdæ,,,,Clementine,VUL
33,Micah,7,16,Micah 7:16,16,erunt.,,,,Clementine,VUL
33,Micah,7,17,Micah 7:17,1,Lingent,,,,Clementine,VUL
33,Micah,7,17,Micah 7:17,2,pulverem,,,,Clementine,VUL
33,Micah,7,17,Micah 7:17,3,sicut,,,,Clementine,VUL
33,Micah,7,17,Micah 7:17,4,serpentes,,,,Clementine,VUL
33,Micah,7,17,Micah 7:17,5,;,,,,Clementine,VUL
33,Micah,7,17,Micah 7:17,6,velut,,,,Clementine,VUL
33,Micah,7,17,Micah 7:17,7,reptilia,,,,Clementine,VUL
33,Micah,7,17,Micah 7:17,8,terræ,,,,Clementine,VUL
33,Micah,7,17,Micah 7:17,9,perturbabuntur,,,,Clementine,VUL
33,Micah,7,17,Micah 7:17,10,in,,,,Clementine,VUL
33,Micah,7,17,Micah 7:17,11,ædibus,,,,Clementine,VUL
33,Micah,7,17,Micah 7:17,12,suis.,,,,Clementine,VUL
33,Micah,7,17,Micah 7:17,13,Dominum,,,,Clementine,VUL
33,Micah,7,17,Micah 7:17,14,Deum,,,,Clementine,VUL
33,Micah,7,17,Micah 7:17,15,nostrum,,,,Clementine,VUL
33,Micah,7,17,Micah 7:17,16,"formidabunt,",,,,Clementine,VUL
33,Micah,7,17,Micah 7:17,17,et,,,,Clementine,VUL
33,Micah,7,17,Micah 7:17,18,timebunt,,,,Clementine,VUL
33,Micah,7,17,Micah 7:17,19,te.,,,,Clementine,VUL
33,Micah,7,18,Micah 7:18,1,"Quis,",,,,Clementine,VUL
33,Micah,7,18,Micah 7:18,2,"Deus,",,,,Clementine,VUL
33,Micah,7,18,Micah 7:18,3,similis,,,,Clementine,VUL
33,Micah,7,18,Micah 7:18,4,"tui,",,,,Clementine,VUL
33,Micah,7,18,Micah 7:18,5,qui,,,,Clementine,VUL
33,Micah,7,18,Micah 7:18,6,aufers,,,,Clementine,VUL
33,Micah,7,18,Micah 7:18,7,"iniquitatem,",,,,Clementine,VUL
33,Micah,7,18,Micah 7:18,8,et,,,,Clementine,VUL
33,Micah,7,18,Micah 7:18,9,transis,,,,Clementine,VUL
33,Micah,7,18,Micah 7:18,10,peccatum,,,,Clementine,VUL
33,Micah,7,18,Micah 7:18,11,reliquiarum,,,,Clementine,VUL
33,Micah,7,18,Micah 7:18,12,hæreditatis,,,,Clementine,VUL
33,Micah,7,18,Micah 7:18,13,tuæ,,,,Clementine,VUL
33,Micah,7,18,Micah 7:18,14,?,,,,Clementine,VUL
33,Micah,7,18,Micah 7:18,15,Non,,,,Clementine,VUL
33,Micah,7,18,Micah 7:18,16,immittet,,,,Clementine,VUL
33,Micah,7,18,Micah 7:18,17,ultra,,,,Clementine,VUL
33,Micah,7,18,Micah 7:18,18,furorem,,,,Clementine,VUL
33,Micah,7,18,Micah 7:18,19,"suum,",,,,Clementine,VUL
33,Micah,7,18,Micah 7:18,20,quoniam,,,,Clementine,VUL
33,Micah,7,18,Micah 7:18,21,volens,,,,Clementine,VUL
33,Micah,7,18,Micah 7:18,22,misericordiam,,,,Clementine,VUL
33,Micah,7,18,Micah 7:18,23,est.,,,,Clementine,VUL
33,Micah,7,19,Micah 7:19,1,"Revertetur,",,,,Clementine,VUL
33,Micah,7,19,Micah 7:19,2,et,,,,Clementine,VUL
33,Micah,7,19,Micah 7:19,3,miserebitur,,,,Clementine,VUL
33,Micah,7,19,Micah 7:19,4,nostri,,,,Clementine,VUL
33,Micah,7,19,Micah 7:19,5,;,,,,Clementine,VUL
33,Micah,7,19,Micah 7:19,6,deponet,,,,Clementine,VUL
33,Micah,7,19,Micah 7:19,7,iniquitates,,,,Clementine,VUL
33,Micah,7,19,Micah 7:19,8,"nostras,",,,,Clementine,VUL
33,Micah,7,19,Micah 7:19,9,et,,,,Clementine,VUL
33,Micah,7,19,Micah 7:19,10,projiciet,,,,Clementine,VUL
33,Micah,7,19,Micah 7:19,11,in,,,,Clementine,VUL
33,Micah,7,19,Micah 7:19,12,profundum,,,,Clementine,VUL
33,Micah,7,19,Micah 7:19,13,maris,,,,Clementine,VUL
33,Micah,7,19,Micah 7:19,14,omnia,,,,Clementine,VUL
33,Micah,7,19,Micah 7:19,15,peccata,,,,Clementine,VUL
33,Micah,7,19,Micah 7:19,16,nostra.,,,,Clementine,VUL
33,Micah,7,20,Micah 7:20,1,Dabis,,,,Clementine,VUL
33,Micah,7,20,Micah 7:20,2,veritatem,,,,Clementine,VUL
33,Micah,7,20,Micah 7:20,3,"Jacob,",,,,Clementine,VUL
33,Micah,7,20,Micah 7:20,4,misericordiam,,,,Clementine,VUL
33,Micah,7,20,Micah 7:20,5,"Abraham,",,,,Clementine,VUL
33,Micah,7,20,Micah 7:20,6,quæ,,,,Clementine,VUL
33,Micah,7,20,Micah 7:20,7,jurasti,,,,Clementine,VUL
33,Micah,7,20,Micah 7:20,8,patribus,,,,Clementine,VUL
33,Micah,7,20,Micah 7:20,9,nostris,,,,Clementine,VUL
33,Micah,7,20,Micah 7:20,10,a,,,,Clementine,VUL
33,Micah,7,20,Micah 7:20,11,diebus,,,,Clementine,VUL
33,Micah,7,20,Micah 7:20,12,antiquis.,,,,Clementine,VUL
