book_order,book,chapter,verse,reference,position,word_text,lemma,morph,strong,manuscript,tradition
20,Proverbs,1,1,Proverbs 1:1,1,Parabolæ,,,,Clementine,VUL
20,Proverbs,1,1,Proverbs 1:1,2,"Salomonis,",,,,Clementine,VUL
20,Proverbs,1,1,Proverbs 1:1,3,filii,,,,Clementine,VUL
20,Proverbs,1,1,Proverbs 1:1,4,"David,",,,,Clementine,VUL
20,Proverbs,1,1,Proverbs 1:1,5,regis,,,,Clementine,VUL
20,Proverbs,1,1,Proverbs 1:1,6,"Israël,",,,,Clementine,VUL
20,Proverbs,1,2,Proverbs 1:2,1,ad,,,,Clementine,VUL
20,Proverbs,1,2,Proverbs 1:2,2,sciendam,,,,Clementine,VUL
20,Proverbs,1,2,Proverbs 1:2,3,sapientiam,,,,Clementine,VUL
20,Proverbs,1,2,Proverbs 1:2,4,et,,,,Clementine,VUL
20,Proverbs,1,2,Proverbs 1:2,5,disciplinam,,,,Clementine,VUL
20,Proverbs,1,2,Proverbs 1:2,6,;,,,,Clementine,VUL
20,Proverbs,1,3,Proverbs 1:3,1,ad,,,,Clementine,VUL
20,Proverbs,1,3,Proverbs 1:3,2,intelligenda,,,,Clementine,VUL
20,Proverbs,1,3,Proverbs 1:3,3,verba,,,,Clementine,VUL
20,Proverbs,1,3,Proverbs 1:3,4,"prudentiæ,",,,,Clementine,VUL
20,Proverbs,1,3,Proverbs 1:3,5,et,,,,Clementine,VUL
20,Proverbs,1,3,Proverbs 1:3,6,suscipiendam,,,,Clementine,VUL
20,Proverbs,1,3,Proverbs 1:3,7,eruditionem,,,,Clementine,VUL
20,Proverbs,1,3,Proverbs 1:3,8,"doctrinæ,",,,,Clementine,VUL
20,Proverbs,1,3,Proverbs 1:3,9,"justitiam,",,,,Clementine,VUL
20,Proverbs,1,3,Proverbs 1:3,10,et,,,,Clementine,VUL
20,Proverbs,1,3,Proverbs 1:3,11,"judicium,",,,,Clementine,VUL
20,Proverbs,1,3,Proverbs 1:3,12,et,,,,Clementine,VUL
20,Proverbs,1,3,Proverbs 1:3,13,æquitatem,,,,Clementine,VUL
20,Proverbs,1,3,Proverbs 1:3,14,:,,,,Clementine,VUL
20,Proverbs,1,4,Proverbs 1:4,1,ut,,,,Clementine,VUL
20,Proverbs,1,4,Proverbs 1:4,2,detur,,,,Clementine,VUL
20,Proverbs,1,4,Proverbs 1:4,3,parvulis,,,,Clementine,VUL
20,Proverbs,1,4,Proverbs 1:4,4,"astutia,",,,,Clementine,VUL
20,Proverbs,1,4,Proverbs 1:4,5,adolescenti,,,,Clementine,VUL
20,Proverbs,1,4,Proverbs 1:4,6,scientia,,,,Clementine,VUL
20,Proverbs,1,4,Proverbs 1:4,7,et,,,,Clementine,VUL
20,Proverbs,1,4,Proverbs 1:4,8,intellectus.,,,,Clementine,VUL
20,Proverbs,1,5,Proverbs 1:5,1,Audiens,,,,Clementine,VUL
20,Proverbs,1,5,Proverbs 1:5,2,"sapiens,",,,,Clementine,VUL
20,Proverbs,1,5,Proverbs 1:5,3,sapientior,,,,Clementine,VUL
20,Proverbs,1,5,Proverbs 1:5,4,"erit,",,,,Clementine,VUL
20,Proverbs,1,5,Proverbs 1:5,5,et,,,,Clementine,VUL
20,Proverbs,1,5,Proverbs 1:5,6,intelligens,,,,Clementine,VUL
20,Proverbs,1,5,Proverbs 1:5,7,gubernacula,,,,Clementine,VUL
20,Proverbs,1,5,Proverbs 1:5,8,possidebit.,,,,Clementine,VUL
20,Proverbs,1,6,Proverbs 1:6,1,Animadvertet,,,,Clementine,VUL
20,Proverbs,1,6,Proverbs 1:6,2,parabolam,,,,Clementine,VUL
20,Proverbs,1,6,Proverbs 1:6,3,et,,,,Clementine,VUL
20,Proverbs,1,6,Proverbs 1:6,4,"interpretationem,",,,,Clementine,VUL
20,Proverbs,1,6,Proverbs 1:6,5,verba,,,,Clementine,VUL
20,Proverbs,1,6,Proverbs 1:6,6,sapientum,,,,Clementine,VUL
20,Proverbs,1,6,Proverbs 1:6,7,et,,,,Clementine,VUL
20,Proverbs,1,6,Proverbs 1:6,8,ænigmata,,,,Clementine,VUL
20,Proverbs,1,6,Proverbs 1:6,9,eorum.,,,,Clementine,VUL
20,Proverbs,1,7,Proverbs 1:7,1,Timor,,,,Clementine,VUL
20,Proverbs,1,7,Proverbs 1:7,2,Domini,,,,Clementine,VUL
20,Proverbs,1,7,Proverbs 1:7,3,principium,,,,Clementine,VUL
20,Proverbs,1,7,Proverbs 1:7,4,sapientiæ,,,,Clementine,VUL
20,Proverbs,1,7,Proverbs 1:7,5,;,,,,Clementine,VUL
20,Proverbs,1,7,Proverbs 1:7,6,sapientiam,,,,Clementine,VUL
20,Proverbs,1,7,Proverbs 1:7,7,atque,,,,Clementine,VUL
20,Proverbs,1,7,Proverbs 1:7,8,doctrinam,,,,Clementine,VUL
20,Proverbs,1,7,Proverbs 1:7,9,stulti,,,,Clementine,VUL
20,Proverbs,1,7,Proverbs 1:7,10,despiciunt.,,,,Clementine,VUL
20,Proverbs,1,8,Proverbs 1:8,1,"Audi,",,,,Clementine,VUL
20,Proverbs,1,8,Proverbs 1:8,2,fili,,,,Clementine,VUL
20,Proverbs,1,8,Proverbs 1:8,3,"mi,",,,,Clementine,VUL
20,Proverbs,1,8,Proverbs 1:8,4,disciplinam,,,,Clementine,VUL
20,Proverbs,1,8,Proverbs 1:8,5,patris,,,,Clementine,VUL
20,Proverbs,1,8,Proverbs 1:8,6,"tui,",,,,Clementine,VUL
20,Proverbs,1,8,Proverbs 1:8,7,et,,,,Clementine,VUL
20,Proverbs,1,8,Proverbs 1:8,8,ne,,,,Clementine,VUL
20,Proverbs,1,8,Proverbs 1:8,9,dimittas,,,,Clementine,VUL
20,Proverbs,1,8,Proverbs 1:8,10,legem,,,,Clementine,VUL
20,Proverbs,1,8,Proverbs 1:8,11,matris,,,,Clementine,VUL
20,Proverbs,1,8,Proverbs 1:8,12,tuæ,,,,Clementine,VUL
20,Proverbs,1,8,Proverbs 1:8,13,:,,,,Clementine,VUL
20,Proverbs,1,9,Proverbs 1:9,1,ut,,,,Clementine,VUL
20,Proverbs,1,9,Proverbs 1:9,2,addatur,,,,Clementine,VUL
20,Proverbs,1,9,Proverbs 1:9,3,gratia,,,,Clementine,VUL
20,Proverbs,1,9,Proverbs 1:9,4,capiti,,,,Clementine,VUL
20,Proverbs,1,9,Proverbs 1:9,5,"tuo,",,,,Clementine,VUL
20,Proverbs,1,9,Proverbs 1:9,6,et,,,,Clementine,VUL
20,Proverbs,1,9,Proverbs 1:9,7,torques,,,,Clementine,VUL
20,Proverbs,1,9,Proverbs 1:9,8,collo,,,,Clementine,VUL
20,Proverbs,1,9,Proverbs 1:9,9,tuo.,,,,Clementine,VUL
20,Proverbs,1,10,Proverbs 1:10,1,Fili,,,,Clementine,VUL
20,Proverbs,1,10,Proverbs 1:10,2,"mi,",,,,Clementine,VUL
20,Proverbs,1,10,Proverbs 1:10,3,si,,,,Clementine,VUL
20,Proverbs,1,10,Proverbs 1:10,4,te,,,,Clementine,VUL
20,Proverbs,1,10,Proverbs 1:10,5,lactaverint,,,,Clementine,VUL
20,Proverbs,1,10,Proverbs 1:10,6,"peccatores,",,,,Clementine,VUL
20,Proverbs,1,10,Proverbs 1:10,7,ne,,,,Clementine,VUL
20,Proverbs,1,10,Proverbs 1:10,8,acquiescas,,,,Clementine,VUL
20,Proverbs,1,10,Proverbs 1:10,9,eis.,,,,Clementine,VUL
20,Proverbs,1,11,Proverbs 1:11,1,Si,,,,Clementine,VUL
20,Proverbs,1,11,Proverbs 1:11,2,dixerint,,,,Clementine,VUL
20,Proverbs,1,11,Proverbs 1:11,3,:,,,,Clementine,VUL
20,Proverbs,1,11,Proverbs 1:11,4,Veni,,,,Clementine,VUL
20,Proverbs,1,11,Proverbs 1:11,5,"nobiscum,",,,,Clementine,VUL
20,Proverbs,1,11,Proverbs 1:11,6,insidiemur,,,,Clementine,VUL
20,Proverbs,1,11,Proverbs 1:11,7,sanguini,,,,Clementine,VUL
20,Proverbs,1,11,Proverbs 1:11,8,;,,,,Clementine,VUL
20,Proverbs,1,11,Proverbs 1:11,9,abscondamus,,,,Clementine,VUL
20,Proverbs,1,11,Proverbs 1:11,10,tendiculas,,,,Clementine,VUL
20,Proverbs,1,11,Proverbs 1:11,11,contra,,,,Clementine,VUL
20,Proverbs,1,11,Proverbs 1:11,12,insontem,,,,Clementine,VUL
20,Proverbs,1,11,Proverbs 1:11,13,frustra,,,,Clementine,VUL
20,Proverbs,1,11,Proverbs 1:11,14,;,,,,Clementine,VUL
20,Proverbs,1,12,Proverbs 1:12,1,deglutiamus,,,,Clementine,VUL
20,Proverbs,1,12,Proverbs 1:12,2,eum,,,,Clementine,VUL
20,Proverbs,1,12,Proverbs 1:12,3,sicut,,,,Clementine,VUL
20,Proverbs,1,12,Proverbs 1:12,4,infernus,,,,Clementine,VUL
20,Proverbs,1,12,Proverbs 1:12,5,"viventem,",,,,Clementine,VUL
20,Proverbs,1,12,Proverbs 1:12,6,et,,,,Clementine,VUL
20,Proverbs,1,12,Proverbs 1:12,7,integrum,,,,Clementine,VUL
20,Proverbs,1,12,Proverbs 1:12,8,quasi,,,,Clementine,VUL
20,Proverbs,1,12,Proverbs 1:12,9,descendentem,,,,Clementine,VUL
20,Proverbs,1,12,Proverbs 1:12,10,in,,,,Clementine,VUL
20,Proverbs,1,12,Proverbs 1:12,11,lacum,,,,Clementine,VUL
20,Proverbs,1,12,Proverbs 1:12,12,;,,,,Clementine,VUL
20,Proverbs,1,13,Proverbs 1:13,1,omnem,,,,Clementine,VUL
20,Proverbs,1,13,Proverbs 1:13,2,pretiosam,,,,Clementine,VUL
20,Proverbs,1,13,Proverbs 1:13,3,substantiam,,,,Clementine,VUL
20,Proverbs,1,13,Proverbs 1:13,4,reperiemus,,,,Clementine,VUL
20,Proverbs,1,13,Proverbs 1:13,5,;,,,,Clementine,VUL
20,Proverbs,1,13,Proverbs 1:13,6,implebimus,,,,Clementine,VUL
20,Proverbs,1,13,Proverbs 1:13,7,domos,,,,Clementine,VUL
20,Proverbs,1,13,Proverbs 1:13,8,nostras,,,,Clementine,VUL
20,Proverbs,1,13,Proverbs 1:13,9,spoliis,,,,Clementine,VUL
20,Proverbs,1,13,Proverbs 1:13,10,:,,,,Clementine,VUL
20,Proverbs,1,14,Proverbs 1:14,1,sortem,,,,Clementine,VUL
20,Proverbs,1,14,Proverbs 1:14,2,mitte,,,,Clementine,VUL
20,Proverbs,1,14,Proverbs 1:14,3,"nobiscum,",,,,Clementine,VUL
20,Proverbs,1,14,Proverbs 1:14,4,marsupium,,,,Clementine,VUL
20,Proverbs,1,14,Proverbs 1:14,5,unum,,,,Clementine,VUL
20,Proverbs,1,14,Proverbs 1:14,6,sit,,,,Clementine,VUL
20,Proverbs,1,14,Proverbs 1:14,7,omnium,,,,Clementine,VUL
20,Proverbs,1,14,Proverbs 1:14,8,nostrum,,,,Clementine,VUL
20,Proverbs,1,14,Proverbs 1:14,9,:,,,,Clementine,VUL
20,Proverbs,1,15,Proverbs 1:15,1,fili,,,,Clementine,VUL
20,Proverbs,1,15,Proverbs 1:15,2,"mi,",,,,Clementine,VUL
20,Proverbs,1,15,Proverbs 1:15,3,ne,,,,Clementine,VUL
20,Proverbs,1,15,Proverbs 1:15,4,ambules,,,,Clementine,VUL
20,Proverbs,1,15,Proverbs 1:15,5,cum,,,,Clementine,VUL
20,Proverbs,1,15,Proverbs 1:15,6,eis,,,,Clementine,VUL
20,Proverbs,1,15,Proverbs 1:15,7,;,,,,Clementine,VUL
20,Proverbs,1,15,Proverbs 1:15,8,prohibe,,,,Clementine,VUL
20,Proverbs,1,15,Proverbs 1:15,9,pedem,,,,Clementine,VUL
20,Proverbs,1,15,Proverbs 1:15,10,tuum,,,,Clementine,VUL
20,Proverbs,1,15,Proverbs 1:15,11,a,,,,Clementine,VUL
20,Proverbs,1,15,Proverbs 1:15,12,semitis,,,,Clementine,VUL
20,Proverbs,1,15,Proverbs 1:15,13,eorum,,,,Clementine,VUL
20,Proverbs,1,15,Proverbs 1:15,14,:,,,,Clementine,VUL
20,Proverbs,1,16,Proverbs 1:16,1,pedes,,,,Clementine,VUL
20,Proverbs,1,16,Proverbs 1:16,2,enim,,,,Clementine,VUL
20,Proverbs,1,16,Proverbs 1:16,3,illorum,,,,Clementine,VUL
20,Proverbs,1,16,Proverbs 1:16,4,ad,,,,Clementine,VUL
20,Proverbs,1,16,Proverbs 1:16,5,malum,,,,Clementine,VUL
20,Proverbs,1,16,Proverbs 1:16,6,"currunt,",,,,Clementine,VUL
20,Proverbs,1,16,Proverbs 1:16,7,et,,,,Clementine,VUL
20,Proverbs,1,16,Proverbs 1:16,8,festinant,,,,Clementine,VUL
20,Proverbs,1,16,Proverbs 1:16,9,ut,,,,Clementine,VUL
20,Proverbs,1,16,Proverbs 1:16,10,effundant,,,,Clementine,VUL
20,Proverbs,1,16,Proverbs 1:16,11,sanguinem.,,,,Clementine,VUL
20,Proverbs,1,17,Proverbs 1:17,1,Frustra,,,,Clementine,VUL
20,Proverbs,1,17,Proverbs 1:17,2,autem,,,,Clementine,VUL
20,Proverbs,1,17,Proverbs 1:17,3,jacitur,,,,Clementine,VUL
20,Proverbs,1,17,Proverbs 1:17,4,rete,,,,Clementine,VUL
20,Proverbs,1,17,Proverbs 1:17,5,ante,,,,Clementine,VUL
20,Proverbs,1,17,Proverbs 1:17,6,oculos,,,,Clementine,VUL
20,Proverbs,1,17,Proverbs 1:17,7,pennatorum.,,,,Clementine,VUL
20,Proverbs,1,18,Proverbs 1:18,1,Ipsi,,,,Clementine,VUL
20,Proverbs,1,18,Proverbs 1:18,2,quoque,,,,Clementine,VUL
20,Proverbs,1,18,Proverbs 1:18,3,contra,,,,Clementine,VUL
20,Proverbs,1,18,Proverbs 1:18,4,sanguinem,,,,Clementine,VUL
20,Proverbs,1,18,Proverbs 1:18,5,suum,,,,Clementine,VUL
20,Proverbs,1,18,Proverbs 1:18,6,"insidiantur,",,,,Clementine,VUL
20,Proverbs,1,18,Proverbs 1:18,7,et,,,,Clementine,VUL
20,Proverbs,1,18,Proverbs 1:18,8,moliuntur,,,,Clementine,VUL
20,Proverbs,1,18,Proverbs 1:18,9,fraudes,,,,Clementine,VUL
20,Proverbs,1,18,Proverbs 1:18,10,contra,,,,Clementine,VUL
20,Proverbs,1,18,Proverbs 1:18,11,animas,,,,Clementine,VUL
20,Proverbs,1,18,Proverbs 1:18,12,suas.,,,,Clementine,VUL
20,Proverbs,1,19,Proverbs 1:19,1,Sic,,,,Clementine,VUL
20,Proverbs,1,19,Proverbs 1:19,2,semitæ,,,,Clementine,VUL
20,Proverbs,1,19,Proverbs 1:19,3,omnis,,,,Clementine,VUL
20,Proverbs,1,19,Proverbs 1:19,4,avari,,,,Clementine,VUL
20,Proverbs,1,19,Proverbs 1:19,5,:,,,,Clementine,VUL
20,Proverbs,1,19,Proverbs 1:19,6,animas,,,,Clementine,VUL
20,Proverbs,1,19,Proverbs 1:19,7,possidentium,,,,Clementine,VUL
20,Proverbs,1,19,Proverbs 1:19,8,rapiunt.,,,,Clementine,VUL
20,Proverbs,1,20,Proverbs 1:20,1,Sapientia,,,,Clementine,VUL
20,Proverbs,1,20,Proverbs 1:20,2,foris,,,,Clementine,VUL
20,Proverbs,1,20,Proverbs 1:20,3,prædicat,,,,Clementine,VUL
20,Proverbs,1,20,Proverbs 1:20,4,;,,,,Clementine,VUL
20,Proverbs,1,20,Proverbs 1:20,5,in,,,,Clementine,VUL
20,Proverbs,1,20,Proverbs 1:20,6,plateis,,,,Clementine,VUL
20,Proverbs,1,20,Proverbs 1:20,7,dat,,,,Clementine,VUL
20,Proverbs,1,20,Proverbs 1:20,8,vocem,,,,Clementine,VUL
20,Proverbs,1,20,Proverbs 1:20,9,suam,,,,Clementine,VUL
20,Proverbs,1,20,Proverbs 1:20,10,:,,,,Clementine,VUL
20,Proverbs,1,21,Proverbs 1:21,1,in,,,,Clementine,VUL
20,Proverbs,1,21,Proverbs 1:21,2,capite,,,,Clementine,VUL
20,Proverbs,1,21,Proverbs 1:21,3,turbarum,,,,Clementine,VUL
20,Proverbs,1,21,Proverbs 1:21,4,clamitat,,,,Clementine,VUL
20,Proverbs,1,21,Proverbs 1:21,5,;,,,,Clementine,VUL
20,Proverbs,1,21,Proverbs 1:21,6,in,,,,Clementine,VUL
20,Proverbs,1,21,Proverbs 1:21,7,foribus,,,,Clementine,VUL
20,Proverbs,1,21,Proverbs 1:21,8,portarum,,,,Clementine,VUL
20,Proverbs,1,21,Proverbs 1:21,9,urbis,,,,Clementine,VUL
20,Proverbs,1,21,Proverbs 1:21,10,profert,,,,Clementine,VUL
20,Proverbs,1,21,Proverbs 1:21,11,verba,,,,Clementine,VUL
20,Proverbs,1,21,Proverbs 1:21,12,"sua,",,,,Clementine,VUL
20,Proverbs,1,21,Proverbs 1:21,13,dicens,,,,Clementine,VUL
20,Proverbs,1,21,Proverbs 1:21,14,:,,,,Clementine,VUL
20,Proverbs,1,22,Proverbs 1:22,1,"Usquequo,",,,,Clementine,VUL
20,Proverbs,1,22,Proverbs 1:22,2,"parvuli,",,,,Clementine,VUL
20,Proverbs,1,22,Proverbs 1:22,3,diligitis,,,,Clementine,VUL
20,Proverbs,1,22,Proverbs 1:22,4,"infantiam,",,,,Clementine,VUL
20,Proverbs,1,22,Proverbs 1:22,5,et,,,,Clementine,VUL
20,Proverbs,1,22,Proverbs 1:22,6,stulti,,,,Clementine,VUL
20,Proverbs,1,22,Proverbs 1:22,7,ea,,,,Clementine,VUL
20,Proverbs,1,22,Proverbs 1:22,8,quæ,,,,Clementine,VUL
20,Proverbs,1,22,Proverbs 1:22,9,sibi,,,,Clementine,VUL
20,Proverbs,1,22,Proverbs 1:22,10,sunt,,,,Clementine,VUL
20,Proverbs,1,22,Proverbs 1:22,11,noxia,,,,Clementine,VUL
20,Proverbs,1,22,Proverbs 1:22,12,"cupient,",,,,Clementine,VUL
20,Proverbs,1,22,Proverbs 1:22,13,et,,,,Clementine,VUL
20,Proverbs,1,22,Proverbs 1:22,14,imprudentes,,,,Clementine,VUL
20,Proverbs,1,22,Proverbs 1:22,15,odibunt,,,,Clementine,VUL
20,Proverbs,1,22,Proverbs 1:22,16,scientiam,,,,Clementine,VUL
20,Proverbs,1,22,Proverbs 1:22,17,?,,,,Clementine,VUL
20,Proverbs,1,23,Proverbs 1:23,1,convertimini,,,,Clementine,VUL
20,Proverbs,1,23,Proverbs 1:23,2,ad,,,,Clementine,VUL
20,Proverbs,1,23,Proverbs 1:23,3,correptionem,,,,Clementine,VUL
20,Proverbs,1,23,Proverbs 1:23,4,meam.,,,,Clementine,VUL
20,Proverbs,1,23,Proverbs 1:23,5,En,,,,Clementine,VUL
20,Proverbs,1,23,Proverbs 1:23,6,proferam,,,,Clementine,VUL
20,Proverbs,1,23,Proverbs 1:23,7,vobis,,,,Clementine,VUL
20,Proverbs,1,23,Proverbs 1:23,8,spiritum,,,,Clementine,VUL
20,Proverbs,1,23,Proverbs 1:23,9,"meum,",,,,Clementine,VUL
20,Proverbs,1,23,Proverbs 1:23,10,et,,,,Clementine,VUL
20,Proverbs,1,23,Proverbs 1:23,11,ostendam,,,,Clementine,VUL
20,Proverbs,1,23,Proverbs 1:23,12,vobis,,,,Clementine,VUL
20,Proverbs,1,23,Proverbs 1:23,13,verba,,,,Clementine,VUL
20,Proverbs,1,23,Proverbs 1:23,14,mea.,,,,Clementine,VUL
20,Proverbs,1,24,Proverbs 1:24,1,Quia,,,,Clementine,VUL
20,Proverbs,1,24,Proverbs 1:24,2,"vocavi,",,,,Clementine,VUL
20,Proverbs,1,24,Proverbs 1:24,3,et,,,,Clementine,VUL
20,Proverbs,1,24,Proverbs 1:24,4,renuistis,,,,Clementine,VUL
20,Proverbs,1,24,Proverbs 1:24,5,;,,,,Clementine,VUL
20,Proverbs,1,24,Proverbs 1:24,6,extendi,,,,Clementine,VUL
20,Proverbs,1,24,Proverbs 1:24,7,manum,,,,Clementine,VUL
20,Proverbs,1,24,Proverbs 1:24,8,"meam,",,,,Clementine,VUL
20,Proverbs,1,24,Proverbs 1:24,9,et,,,,Clementine,VUL
20,Proverbs,1,24,Proverbs 1:24,10,non,,,,Clementine,VUL
20,Proverbs,1,24,Proverbs 1:24,11,fuit,,,,Clementine,VUL
20,Proverbs,1,24,Proverbs 1:24,12,qui,,,,Clementine,VUL
20,Proverbs,1,24,Proverbs 1:24,13,aspiceret,,,,Clementine,VUL
20,Proverbs,1,24,Proverbs 1:24,14,:,,,,Clementine,VUL
20,Proverbs,1,25,Proverbs 1:25,1,despexistis,,,,Clementine,VUL
20,Proverbs,1,25,Proverbs 1:25,2,omne,,,,Clementine,VUL
20,Proverbs,1,25,Proverbs 1:25,3,consilium,,,,Clementine,VUL
20,Proverbs,1,25,Proverbs 1:25,4,"meum,",,,,Clementine,VUL
20,Proverbs,1,25,Proverbs 1:25,5,et,,,,Clementine,VUL
20,Proverbs,1,25,Proverbs 1:25,6,increpationes,,,,Clementine,VUL
20,Proverbs,1,25,Proverbs 1:25,7,meas,,,,Clementine,VUL
20,Proverbs,1,25,Proverbs 1:25,8,neglexistis.,,,,Clementine,VUL
20,Proverbs,1,26,Proverbs 1:26,1,Ego,,,,Clementine,VUL
20,Proverbs,1,26,Proverbs 1:26,2,quoque,,,,Clementine,VUL
20,Proverbs,1,26,Proverbs 1:26,3,in,,,,Clementine,VUL
20,Proverbs,1,26,Proverbs 1:26,4,interitu,,,,Clementine,VUL
20,Proverbs,1,26,Proverbs 1:26,5,vestro,,,,Clementine,VUL
20,Proverbs,1,26,Proverbs 1:26,6,"ridebo,",,,,Clementine,VUL
20,Proverbs,1,26,Proverbs 1:26,7,et,,,,Clementine,VUL
20,Proverbs,1,26,Proverbs 1:26,8,subsannabo,,,,Clementine,VUL
20,Proverbs,1,26,Proverbs 1:26,9,cum,,,,Clementine,VUL
20,Proverbs,1,26,Proverbs 1:26,10,vobis,,,,Clementine,VUL
20,Proverbs,1,26,Proverbs 1:26,11,id,,,,Clementine,VUL
20,Proverbs,1,26,Proverbs 1:26,12,quod,,,,Clementine,VUL
20,Proverbs,1,26,Proverbs 1:26,13,timebatis,,,,Clementine,VUL
20,Proverbs,1,26,Proverbs 1:26,14,advenerit.,,,,Clementine,VUL
20,Proverbs,1,27,Proverbs 1:27,1,Cum,,,,Clementine,VUL
20,Proverbs,1,27,Proverbs 1:27,2,irruerit,,,,Clementine,VUL
20,Proverbs,1,27,Proverbs 1:27,3,repentina,,,,Clementine,VUL
20,Proverbs,1,27,Proverbs 1:27,4,"calamitas,",,,,Clementine,VUL
20,Proverbs,1,27,Proverbs 1:27,5,et,,,,Clementine,VUL
20,Proverbs,1,27,Proverbs 1:27,6,interitus,,,,Clementine,VUL
20,Proverbs,1,27,Proverbs 1:27,7,quasi,,,,Clementine,VUL
20,Proverbs,1,27,Proverbs 1:27,8,tempestas,,,,Clementine,VUL
20,Proverbs,1,27,Proverbs 1:27,9,ingruerit,,,,Clementine,VUL
20,Proverbs,1,27,Proverbs 1:27,10,;,,,,Clementine,VUL
20,Proverbs,1,27,Proverbs 1:27,11,quando,,,,Clementine,VUL
20,Proverbs,1,27,Proverbs 1:27,12,venerit,,,,Clementine,VUL
20,Proverbs,1,27,Proverbs 1:27,13,super,,,,Clementine,VUL
20,Proverbs,1,27,Proverbs 1:27,14,vos,,,,Clementine,VUL
20,Proverbs,1,27,Proverbs 1:27,15,tribulatio,,,,Clementine,VUL
20,Proverbs,1,27,Proverbs 1:27,16,et,,,,Clementine,VUL
20,Proverbs,1,27,Proverbs 1:27,17,angustia,,,,Clementine,VUL
20,Proverbs,1,27,Proverbs 1:27,18,:,,,,Clementine,VUL
20,Proverbs,1,28,Proverbs 1:28,1,tunc,,,,Clementine,VUL
20,Proverbs,1,28,Proverbs 1:28,2,invocabunt,,,,Clementine,VUL
20,Proverbs,1,28,Proverbs 1:28,3,"me,",,,,Clementine,VUL
20,Proverbs,1,28,Proverbs 1:28,4,et,,,,Clementine,VUL
20,Proverbs,1,28,Proverbs 1:28,5,non,,,,Clementine,VUL
20,Proverbs,1,28,Proverbs 1:28,6,exaudiam,,,,Clementine,VUL
20,Proverbs,1,28,Proverbs 1:28,7,;,,,,Clementine,VUL
20,Proverbs,1,28,Proverbs 1:28,8,mane,,,,Clementine,VUL
20,Proverbs,1,28,Proverbs 1:28,9,"consurgent,",,,,Clementine,VUL
20,Proverbs,1,28,Proverbs 1:28,10,et,,,,Clementine,VUL
20,Proverbs,1,28,Proverbs 1:28,11,non,,,,Clementine,VUL
20,Proverbs,1,28,Proverbs 1:28,12,invenient,,,,Clementine,VUL
20,Proverbs,1,28,Proverbs 1:28,13,me,,,,Clementine,VUL
20,Proverbs,1,28,Proverbs 1:28,14,:,,,,Clementine,VUL
20,Proverbs,1,29,Proverbs 1:29,1,eo,,,,Clementine,VUL
20,Proverbs,1,29,Proverbs 1:29,2,quod,,,,Clementine,VUL
20,Proverbs,1,29,Proverbs 1:29,3,exosam,,,,Clementine,VUL
20,Proverbs,1,29,Proverbs 1:29,4,habuerint,,,,Clementine,VUL
20,Proverbs,1,29,Proverbs 1:29,5,"disciplinam,",,,,Clementine,VUL
20,Proverbs,1,29,Proverbs 1:29,6,et,,,,Clementine,VUL
20,Proverbs,1,29,Proverbs 1:29,7,timorem,,,,Clementine,VUL
20,Proverbs,1,29,Proverbs 1:29,8,Domini,,,,Clementine,VUL
20,Proverbs,1,29,Proverbs 1:29,9,non,,,,Clementine,VUL
20,Proverbs,1,29,Proverbs 1:29,10,"susceperint,",,,,Clementine,VUL
20,Proverbs,1,30,Proverbs 1:30,1,nec,,,,Clementine,VUL
20,Proverbs,1,30,Proverbs 1:30,2,acquieverint,,,,Clementine,VUL
20,Proverbs,1,30,Proverbs 1:30,3,consilio,,,,Clementine,VUL
20,Proverbs,1,30,Proverbs 1:30,4,"meo,",,,,Clementine,VUL
20,Proverbs,1,30,Proverbs 1:30,5,et,,,,Clementine,VUL
20,Proverbs,1,30,Proverbs 1:30,6,detraxerint,,,,Clementine,VUL
20,Proverbs,1,30,Proverbs 1:30,7,universæ,,,,Clementine,VUL
20,Proverbs,1,30,Proverbs 1:30,8,correptioni,,,,Clementine,VUL
20,Proverbs,1,30,Proverbs 1:30,9,meæ.,,,,Clementine,VUL
20,Proverbs,1,31,Proverbs 1:31,1,Comedent,,,,Clementine,VUL
20,Proverbs,1,31,Proverbs 1:31,2,igitur,,,,Clementine,VUL
20,Proverbs,1,31,Proverbs 1:31,3,fructus,,,,Clementine,VUL
20,Proverbs,1,31,Proverbs 1:31,4,viæ,,,,Clementine,VUL
20,Proverbs,1,31,Proverbs 1:31,5,"suæ,",,,,Clementine,VUL
20,Proverbs,1,31,Proverbs 1:31,6,suisque,,,,Clementine,VUL
20,Proverbs,1,31,Proverbs 1:31,7,consiliis,,,,Clementine,VUL
20,Proverbs,1,31,Proverbs 1:31,8,saturabuntur.,,,,Clementine,VUL
20,Proverbs,1,32,Proverbs 1:32,1,Aversio,,,,Clementine,VUL
20,Proverbs,1,32,Proverbs 1:32,2,parvulorum,,,,Clementine,VUL
20,Proverbs,1,32,Proverbs 1:32,3,interficiet,,,,Clementine,VUL
20,Proverbs,1,32,Proverbs 1:32,4,"eos,",,,,Clementine,VUL
20,Proverbs,1,32,Proverbs 1:32,5,et,,,,Clementine,VUL
20,Proverbs,1,32,Proverbs 1:32,6,prosperitas,,,,Clementine,VUL
20,Proverbs,1,32,Proverbs 1:32,7,stultorum,,,,Clementine,VUL
20,Proverbs,1,32,Proverbs 1:32,8,perdet,,,,Clementine,VUL
20,Proverbs,1,32,Proverbs 1:32,9,illos.,,,,Clementine,VUL
20,Proverbs,1,33,Proverbs 1:33,1,Qui,,,,Clementine,VUL
20,Proverbs,1,33,Proverbs 1:33,2,autem,,,,Clementine,VUL
20,Proverbs,1,33,Proverbs 1:33,3,me,,,,Clementine,VUL
20,Proverbs,1,33,Proverbs 1:33,4,"audierit,",,,,Clementine,VUL
20,Proverbs,1,33,Proverbs 1:33,5,absque,,,,Clementine,VUL
20,Proverbs,1,33,Proverbs 1:33,6,terrore,,,,Clementine,VUL
20,Proverbs,1,33,Proverbs 1:33,7,"requiescet,",,,,Clementine,VUL
20,Proverbs,1,33,Proverbs 1:33,8,et,,,,Clementine,VUL
20,Proverbs,1,33,Proverbs 1:33,9,abundantia,,,,Clementine,VUL
20,Proverbs,1,33,Proverbs 1:33,10,"perfruetur,",,,,Clementine,VUL
20,Proverbs,1,33,Proverbs 1:33,11,timore,,,,Clementine,VUL
20,Proverbs,1,33,Proverbs 1:33,12,malorum,,,,Clementine,VUL
20,Proverbs,1,33,Proverbs 1:33,13,sublato.,,,,Clementine,VUL
20,Proverbs,2,1,Proverbs 2:1,1,Fili,,,,Clementine,VUL
20,Proverbs,2,1,Proverbs 2:1,2,"mi,",,,,Clementine,VUL
20,Proverbs,2,1,Proverbs 2:1,3,si,,,,Clementine,VUL
20,Proverbs,2,1,Proverbs 2:1,4,susceperis,,,,Clementine,VUL
20,Proverbs,2,1,Proverbs 2:1,5,sermones,,,,Clementine,VUL
20,Proverbs,2,1,Proverbs 2:1,6,"meos,",,,,Clementine,VUL
20,Proverbs,2,1,Proverbs 2:1,7,et,,,,Clementine,VUL
20,Proverbs,2,1,Proverbs 2:1,8,mandata,,,,Clementine,VUL
20,Proverbs,2,1,Proverbs 2:1,9,mea,,,,Clementine,VUL
20,Proverbs,2,1,Proverbs 2:1,10,absconderis,,,,Clementine,VUL
20,Proverbs,2,1,Proverbs 2:1,11,penes,,,,Clementine,VUL
20,Proverbs,2,1,Proverbs 2:1,12,te,,,,Clementine,VUL
20,Proverbs,2,1,Proverbs 2:1,13,:,,,,Clementine,VUL
20,Proverbs,2,2,Proverbs 2:2,1,ut,,,,Clementine,VUL
20,Proverbs,2,2,Proverbs 2:2,2,audiat,,,,Clementine,VUL
20,Proverbs,2,2,Proverbs 2:2,3,sapientiam,,,,Clementine,VUL
20,Proverbs,2,2,Proverbs 2:2,4,auris,,,,Clementine,VUL
20,Proverbs,2,2,Proverbs 2:2,5,"tua,",,,,Clementine,VUL
20,Proverbs,2,2,Proverbs 2:2,6,inclina,,,,Clementine,VUL
20,Proverbs,2,2,Proverbs 2:2,7,cor,,,,Clementine,VUL
20,Proverbs,2,2,Proverbs 2:2,8,tuum,,,,Clementine,VUL
20,Proverbs,2,2,Proverbs 2:2,9,ad,,,,Clementine,VUL
20,Proverbs,2,2,Proverbs 2:2,10,cognoscendam,,,,Clementine,VUL
20,Proverbs,2,2,Proverbs 2:2,11,prudentiam.,,,,Clementine,VUL
20,Proverbs,2,3,Proverbs 2:3,1,Si,,,,Clementine,VUL
20,Proverbs,2,3,Proverbs 2:3,2,enim,,,,Clementine,VUL
20,Proverbs,2,3,Proverbs 2:3,3,sapientiam,,,,Clementine,VUL
20,Proverbs,2,3,Proverbs 2:3,4,"invocaveris,",,,,Clementine,VUL
20,Proverbs,2,3,Proverbs 2:3,5,et,,,,Clementine,VUL
20,Proverbs,2,3,Proverbs 2:3,6,inclinaveris,,,,Clementine,VUL
20,Proverbs,2,3,Proverbs 2:3,7,cor,,,,Clementine,VUL
20,Proverbs,2,3,Proverbs 2:3,8,tuum,,,,Clementine,VUL
20,Proverbs,2,3,Proverbs 2:3,9,prudentiæ,,,,Clementine,VUL
20,Proverbs,2,3,Proverbs 2:3,10,;,,,,Clementine,VUL
20,Proverbs,2,4,Proverbs 2:4,1,si,,,,Clementine,VUL
20,Proverbs,2,4,Proverbs 2:4,2,quæsieris,,,,Clementine,VUL
20,Proverbs,2,4,Proverbs 2:4,3,eam,,,,Clementine,VUL
20,Proverbs,2,4,Proverbs 2:4,4,quasi,,,,Clementine,VUL
20,Proverbs,2,4,Proverbs 2:4,5,"pecuniam,",,,,Clementine,VUL
20,Proverbs,2,4,Proverbs 2:4,6,et,,,,Clementine,VUL
20,Proverbs,2,4,Proverbs 2:4,7,sicut,,,,Clementine,VUL
20,Proverbs,2,4,Proverbs 2:4,8,thesauros,,,,Clementine,VUL
20,Proverbs,2,4,Proverbs 2:4,9,effoderis,,,,Clementine,VUL
20,Proverbs,2,4,Proverbs 2:4,10,illam,,,,Clementine,VUL
20,Proverbs,2,4,Proverbs 2:4,11,:,,,,Clementine,VUL
20,Proverbs,2,5,Proverbs 2:5,1,tunc,,,,Clementine,VUL
20,Proverbs,2,5,Proverbs 2:5,2,intelliges,,,,Clementine,VUL
20,Proverbs,2,5,Proverbs 2:5,3,timorem,,,,Clementine,VUL
20,Proverbs,2,5,Proverbs 2:5,4,"Domini,",,,,Clementine,VUL
20,Proverbs,2,5,Proverbs 2:5,5,et,,,,Clementine,VUL
20,Proverbs,2,5,Proverbs 2:5,6,scientiam,,,,Clementine,VUL
20,Proverbs,2,5,Proverbs 2:5,7,Dei,,,,Clementine,VUL
20,Proverbs,2,5,Proverbs 2:5,8,"invenies,",,,,Clementine,VUL
20,Proverbs,2,6,Proverbs 2:6,1,quia,,,,Clementine,VUL
20,Proverbs,2,6,Proverbs 2:6,2,Dominus,,,,Clementine,VUL
20,Proverbs,2,6,Proverbs 2:6,3,dat,,,,Clementine,VUL
20,Proverbs,2,6,Proverbs 2:6,4,"sapientiam,",,,,Clementine,VUL
20,Proverbs,2,6,Proverbs 2:6,5,et,,,,Clementine,VUL
20,Proverbs,2,6,Proverbs 2:6,6,ex,,,,Clementine,VUL
20,Proverbs,2,6,Proverbs 2:6,7,ore,,,,Clementine,VUL
20,Proverbs,2,6,Proverbs 2:6,8,ejus,,,,Clementine,VUL
20,Proverbs,2,6,Proverbs 2:6,9,prudentia,,,,Clementine,VUL
20,Proverbs,2,6,Proverbs 2:6,10,et,,,,Clementine,VUL
20,Proverbs,2,6,Proverbs 2:6,11,scientia.,,,,Clementine,VUL
20,Proverbs,2,7,Proverbs 2:7,1,Custodiet,,,,Clementine,VUL
20,Proverbs,2,7,Proverbs 2:7,2,rectorum,,,,Clementine,VUL
20,Proverbs,2,7,Proverbs 2:7,3,"salutem,",,,,Clementine,VUL
20,Proverbs,2,7,Proverbs 2:7,4,et,,,,Clementine,VUL
20,Proverbs,2,7,Proverbs 2:7,5,proteget,,,,Clementine,VUL
20,Proverbs,2,7,Proverbs 2:7,6,gradientes,,,,Clementine,VUL
20,Proverbs,2,7,Proverbs 2:7,7,"simpliciter,",,,,Clementine,VUL
20,Proverbs,2,8,Proverbs 2:8,1,servans,,,,Clementine,VUL
20,Proverbs,2,8,Proverbs 2:8,2,semitas,,,,Clementine,VUL
20,Proverbs,2,8,Proverbs 2:8,3,"justitiæ,",,,,Clementine,VUL
20,Proverbs,2,8,Proverbs 2:8,4,et,,,,Clementine,VUL
20,Proverbs,2,8,Proverbs 2:8,5,vias,,,,Clementine,VUL
20,Proverbs,2,8,Proverbs 2:8,6,sanctorum,,,,Clementine,VUL
20,Proverbs,2,8,Proverbs 2:8,7,custodiens.,,,,Clementine,VUL
20,Proverbs,2,9,Proverbs 2:9,1,Tunc,,,,Clementine,VUL
20,Proverbs,2,9,Proverbs 2:9,2,intelliges,,,,Clementine,VUL
20,Proverbs,2,9,Proverbs 2:9,3,"justitiam,",,,,Clementine,VUL
20,Proverbs,2,9,Proverbs 2:9,4,et,,,,Clementine,VUL
20,Proverbs,2,9,Proverbs 2:9,5,"judicium,",,,,Clementine,VUL
20,Proverbs,2,9,Proverbs 2:9,6,et,,,,Clementine,VUL
20,Proverbs,2,9,Proverbs 2:9,7,"æquitatem,",,,,Clementine,VUL
20,Proverbs,2,9,Proverbs 2:9,8,et,,,,Clementine,VUL
20,Proverbs,2,9,Proverbs 2:9,9,omnem,,,,Clementine,VUL
20,Proverbs,2,9,Proverbs 2:9,10,semitam,,,,Clementine,VUL
20,Proverbs,2,9,Proverbs 2:9,11,bonam.,,,,Clementine,VUL
20,Proverbs,2,10,Proverbs 2:10,1,Si,,,,Clementine,VUL
20,Proverbs,2,10,Proverbs 2:10,2,intraverit,,,,Clementine,VUL
20,Proverbs,2,10,Proverbs 2:10,3,sapientia,,,,Clementine,VUL
20,Proverbs,2,10,Proverbs 2:10,4,cor,,,,Clementine,VUL
20,Proverbs,2,10,Proverbs 2:10,5,"tuum,",,,,Clementine,VUL
20,Proverbs,2,10,Proverbs 2:10,6,et,,,,Clementine,VUL
20,Proverbs,2,10,Proverbs 2:10,7,scientia,,,,Clementine,VUL
20,Proverbs,2,10,Proverbs 2:10,8,animæ,,,,Clementine,VUL
20,Proverbs,2,10,Proverbs 2:10,9,tuæ,,,,Clementine,VUL
20,Proverbs,2,10,Proverbs 2:10,10,"placuerit,",,,,Clementine,VUL
20,Proverbs,2,11,Proverbs 2:11,1,consilium,,,,Clementine,VUL
20,Proverbs,2,11,Proverbs 2:11,2,custodiet,,,,Clementine,VUL
20,Proverbs,2,11,Proverbs 2:11,3,"te,",,,,Clementine,VUL
20,Proverbs,2,11,Proverbs 2:11,4,et,,,,Clementine,VUL
20,Proverbs,2,11,Proverbs 2:11,5,prudentia,,,,Clementine,VUL
20,Proverbs,2,11,Proverbs 2:11,6,servabit,,,,Clementine,VUL
20,Proverbs,2,11,Proverbs 2:11,7,te,,,,Clementine,VUL
20,Proverbs,2,11,Proverbs 2:11,8,:,,,,Clementine,VUL
20,Proverbs,2,12,Proverbs 2:12,1,ut,,,,Clementine,VUL
20,Proverbs,2,12,Proverbs 2:12,2,eruaris,,,,Clementine,VUL
20,Proverbs,2,12,Proverbs 2:12,3,a,,,,Clementine,VUL
20,Proverbs,2,12,Proverbs 2:12,4,via,,,,Clementine,VUL
20,Proverbs,2,12,Proverbs 2:12,5,"mala,",,,,Clementine,VUL
20,Proverbs,2,12,Proverbs 2:12,6,et,,,,Clementine,VUL
20,Proverbs,2,12,Proverbs 2:12,7,ab,,,,Clementine,VUL
20,Proverbs,2,12,Proverbs 2:12,8,homine,,,,Clementine,VUL
20,Proverbs,2,12,Proverbs 2:12,9,qui,,,,Clementine,VUL
20,Proverbs,2,12,Proverbs 2:12,10,perversa,,,,Clementine,VUL
20,Proverbs,2,12,Proverbs 2:12,11,loquitur,,,,Clementine,VUL
20,Proverbs,2,12,Proverbs 2:12,12,;,,,,Clementine,VUL
20,Proverbs,2,13,Proverbs 2:13,1,qui,,,,Clementine,VUL
20,Proverbs,2,13,Proverbs 2:13,2,relinquunt,,,,Clementine,VUL
20,Proverbs,2,13,Proverbs 2:13,3,iter,,,,Clementine,VUL
20,Proverbs,2,13,Proverbs 2:13,4,"rectum,",,,,Clementine,VUL
20,Proverbs,2,13,Proverbs 2:13,5,et,,,,Clementine,VUL
20,Proverbs,2,13,Proverbs 2:13,6,ambulant,,,,Clementine,VUL
20,Proverbs,2,13,Proverbs 2:13,7,per,,,,Clementine,VUL
20,Proverbs,2,13,Proverbs 2:13,8,vias,,,,Clementine,VUL
20,Proverbs,2,13,Proverbs 2:13,9,tenebrosas,,,,Clementine,VUL
20,Proverbs,2,13,Proverbs 2:13,10,;,,,,Clementine,VUL
20,Proverbs,2,14,Proverbs 2:14,1,qui,,,,Clementine,VUL
20,Proverbs,2,14,Proverbs 2:14,2,lætantur,,,,Clementine,VUL
20,Proverbs,2,14,Proverbs 2:14,3,cum,,,,Clementine,VUL
20,Proverbs,2,14,Proverbs 2:14,4,"malefecerint,",,,,Clementine,VUL
20,Proverbs,2,14,Proverbs 2:14,5,et,,,,Clementine,VUL
20,Proverbs,2,14,Proverbs 2:14,6,exsultant,,,,Clementine,VUL
20,Proverbs,2,14,Proverbs 2:14,7,in,,,,Clementine,VUL
20,Proverbs,2,14,Proverbs 2:14,8,rebus,,,,Clementine,VUL
20,Proverbs,2,14,Proverbs 2:14,9,pessimis,,,,Clementine,VUL
20,Proverbs,2,14,Proverbs 2:14,10,;,,,,Clementine,VUL
20,Proverbs,2,15,Proverbs 2:15,1,quorum,,,,Clementine,VUL
20,Proverbs,2,15,Proverbs 2:15,2,viæ,,,,Clementine,VUL
20,Proverbs,2,15,Proverbs 2:15,3,perversæ,,,,Clementine,VUL
20,Proverbs,2,15,Proverbs 2:15,4,"sunt,",,,,Clementine,VUL
20,Proverbs,2,15,Proverbs 2:15,5,et,,,,Clementine,VUL
20,Proverbs,2,15,Proverbs 2:15,6,infames,,,,Clementine,VUL
20,Proverbs,2,15,Proverbs 2:15,7,gressus,,,,Clementine,VUL
20,Proverbs,2,15,Proverbs 2:15,8,eorum.,,,,Clementine,VUL
20,Proverbs,2,16,Proverbs 2:16,1,Ut,,,,Clementine,VUL
20,Proverbs,2,16,Proverbs 2:16,2,eruaris,,,,Clementine,VUL
20,Proverbs,2,16,Proverbs 2:16,3,a,,,,Clementine,VUL
20,Proverbs,2,16,Proverbs 2:16,4,muliere,,,,Clementine,VUL
20,Proverbs,2,16,Proverbs 2:16,5,"aliena,",,,,Clementine,VUL
20,Proverbs,2,16,Proverbs 2:16,6,et,,,,Clementine,VUL
20,Proverbs,2,16,Proverbs 2:16,7,ab,,,,Clementine,VUL
20,Proverbs,2,16,Proverbs 2:16,8,extranea,,,,Clementine,VUL
20,Proverbs,2,16,Proverbs 2:16,9,quæ,,,,Clementine,VUL
20,Proverbs,2,16,Proverbs 2:16,10,mollit,,,,Clementine,VUL
20,Proverbs,2,16,Proverbs 2:16,11,sermones,,,,Clementine,VUL
20,Proverbs,2,16,Proverbs 2:16,12,"suos,",,,,Clementine,VUL
20,Proverbs,2,17,Proverbs 2:17,1,et,,,,Clementine,VUL
20,Proverbs,2,17,Proverbs 2:17,2,relinquit,,,,Clementine,VUL
20,Proverbs,2,17,Proverbs 2:17,3,ducem,,,,Clementine,VUL
20,Proverbs,2,17,Proverbs 2:17,4,pubertatis,,,,Clementine,VUL
20,Proverbs,2,17,Proverbs 2:17,5,"suæ,",,,,Clementine,VUL
20,Proverbs,2,18,Proverbs 2:18,1,et,,,,Clementine,VUL
20,Proverbs,2,18,Proverbs 2:18,2,pacti,,,,Clementine,VUL
20,Proverbs,2,18,Proverbs 2:18,3,Dei,,,,Clementine,VUL
20,Proverbs,2,18,Proverbs 2:18,4,sui,,,,Clementine,VUL
20,Proverbs,2,18,Proverbs 2:18,5,oblita,,,,Clementine,VUL
20,Proverbs,2,18,Proverbs 2:18,6,est.,,,,Clementine,VUL
20,Proverbs,2,18,Proverbs 2:18,7,Inclinata,,,,Clementine,VUL
20,Proverbs,2,18,Proverbs 2:18,8,est,,,,Clementine,VUL
20,Proverbs,2,18,Proverbs 2:18,9,enim,,,,Clementine,VUL
20,Proverbs,2,18,Proverbs 2:18,10,ad,,,,Clementine,VUL
20,Proverbs,2,18,Proverbs 2:18,11,mortem,,,,Clementine,VUL
20,Proverbs,2,18,Proverbs 2:18,12,domus,,,,Clementine,VUL
20,Proverbs,2,18,Proverbs 2:18,13,"ejus,",,,,Clementine,VUL
20,Proverbs,2,18,Proverbs 2:18,14,et,,,,Clementine,VUL
20,Proverbs,2,18,Proverbs 2:18,15,ad,,,,Clementine,VUL
20,Proverbs,2,18,Proverbs 2:18,16,inferos,,,,Clementine,VUL
20,Proverbs,2,18,Proverbs 2:18,17,semitæ,,,,Clementine,VUL
20,Proverbs,2,18,Proverbs 2:18,18,ipsius.,,,,Clementine,VUL
20,Proverbs,2,19,Proverbs 2:19,1,Omnes,,,,Clementine,VUL
20,Proverbs,2,19,Proverbs 2:19,2,qui,,,,Clementine,VUL
20,Proverbs,2,19,Proverbs 2:19,3,ingrediuntur,,,,Clementine,VUL
20,Proverbs,2,19,Proverbs 2:19,4,ad,,,,Clementine,VUL
20,Proverbs,2,19,Proverbs 2:19,5,eam,,,,Clementine,VUL
20,Proverbs,2,19,Proverbs 2:19,6,non,,,,Clementine,VUL
20,Proverbs,2,19,Proverbs 2:19,7,"revertentur,",,,,Clementine,VUL
20,Proverbs,2,19,Proverbs 2:19,8,nec,,,,Clementine,VUL
20,Proverbs,2,19,Proverbs 2:19,9,apprehendent,,,,Clementine,VUL
20,Proverbs,2,19,Proverbs 2:19,10,semitas,,,,Clementine,VUL
20,Proverbs,2,19,Proverbs 2:19,11,vitæ.,,,,Clementine,VUL
20,Proverbs,2,20,Proverbs 2:20,1,Ut,,,,Clementine,VUL
20,Proverbs,2,20,Proverbs 2:20,2,ambules,,,,Clementine,VUL
20,Proverbs,2,20,Proverbs 2:20,3,in,,,,Clementine,VUL
20,Proverbs,2,20,Proverbs 2:20,4,via,,,,Clementine,VUL
20,Proverbs,2,20,Proverbs 2:20,5,"bona,",,,,Clementine,VUL
20,Proverbs,2,20,Proverbs 2:20,6,et,,,,Clementine,VUL
20,Proverbs,2,20,Proverbs 2:20,7,calles,,,,Clementine,VUL
20,Proverbs,2,20,Proverbs 2:20,8,justorum,,,,Clementine,VUL
20,Proverbs,2,20,Proverbs 2:20,9,custodias,,,,Clementine,VUL
20,Proverbs,2,20,Proverbs 2:20,10,:,,,,Clementine,VUL
20,Proverbs,2,21,Proverbs 2:21,1,qui,,,,Clementine,VUL
20,Proverbs,2,21,Proverbs 2:21,2,enim,,,,Clementine,VUL
20,Proverbs,2,21,Proverbs 2:21,3,recti,,,,Clementine,VUL
20,Proverbs,2,21,Proverbs 2:21,4,sunt,,,,Clementine,VUL
20,Proverbs,2,21,Proverbs 2:21,5,habitabunt,,,,Clementine,VUL
20,Proverbs,2,21,Proverbs 2:21,6,in,,,,Clementine,VUL
20,Proverbs,2,21,Proverbs 2:21,7,"terra,",,,,Clementine,VUL
20,Proverbs,2,21,Proverbs 2:21,8,et,,,,Clementine,VUL
20,Proverbs,2,21,Proverbs 2:21,9,simplices,,,,Clementine,VUL
20,Proverbs,2,21,Proverbs 2:21,10,permanebunt,,,,Clementine,VUL
20,Proverbs,2,21,Proverbs 2:21,11,in,,,,Clementine,VUL
20,Proverbs,2,21,Proverbs 2:21,12,ea,,,,Clementine,VUL
20,Proverbs,2,21,Proverbs 2:21,13,;,,,,Clementine,VUL
20,Proverbs,2,22,Proverbs 2:22,1,impii,,,,Clementine,VUL
20,Proverbs,2,22,Proverbs 2:22,2,vero,,,,Clementine,VUL
20,Proverbs,2,22,Proverbs 2:22,3,de,,,,Clementine,VUL
20,Proverbs,2,22,Proverbs 2:22,4,terra,,,,Clementine,VUL
20,Proverbs,2,22,Proverbs 2:22,5,"perdentur,",,,,Clementine,VUL
20,Proverbs,2,22,Proverbs 2:22,6,et,,,,Clementine,VUL
20,Proverbs,2,22,Proverbs 2:22,7,qui,,,,Clementine,VUL
20,Proverbs,2,22,Proverbs 2:22,8,inique,,,,Clementine,VUL
20,Proverbs,2,22,Proverbs 2:22,9,agunt,,,,Clementine,VUL
20,Proverbs,2,22,Proverbs 2:22,10,auferentur,,,,Clementine,VUL
20,Proverbs,2,22,Proverbs 2:22,11,ex,,,,Clementine,VUL
20,Proverbs,2,22,Proverbs 2:22,12,ea.,,,,Clementine,VUL
20,Proverbs,3,1,Proverbs 3:1,1,Fili,,,,Clementine,VUL
20,Proverbs,3,1,Proverbs 3:1,2,"mi,",,,,Clementine,VUL
20,Proverbs,3,1,Proverbs 3:1,3,ne,,,,Clementine,VUL
20,Proverbs,3,1,Proverbs 3:1,4,obliviscaris,,,,Clementine,VUL
20,Proverbs,3,1,Proverbs 3:1,5,legis,,,,Clementine,VUL
20,Proverbs,3,1,Proverbs 3:1,6,"meæ,",,,,Clementine,VUL
20,Proverbs,3,1,Proverbs 3:1,7,et,,,,Clementine,VUL
20,Proverbs,3,1,Proverbs 3:1,8,præcepta,,,,Clementine,VUL
20,Proverbs,3,1,Proverbs 3:1,9,mea,,,,Clementine,VUL
20,Proverbs,3,1,Proverbs 3:1,10,cor,,,,Clementine,VUL
20,Proverbs,3,1,Proverbs 3:1,11,tuum,,,,Clementine,VUL
20,Proverbs,3,1,Proverbs 3:1,12,custodiat,,,,Clementine,VUL
20,Proverbs,3,1,Proverbs 3:1,13,:,,,,Clementine,VUL
20,Proverbs,3,2,Proverbs 3:2,1,longitudinem,,,,Clementine,VUL
20,Proverbs,3,2,Proverbs 3:2,2,enim,,,,Clementine,VUL
20,Proverbs,3,2,Proverbs 3:2,3,"dierum,",,,,Clementine,VUL
20,Proverbs,3,2,Proverbs 3:2,4,et,,,,Clementine,VUL
20,Proverbs,3,2,Proverbs 3:2,5,annos,,,,Clementine,VUL
20,Proverbs,3,2,Proverbs 3:2,6,"vitæ,",,,,Clementine,VUL
20,Proverbs,3,2,Proverbs 3:2,7,et,,,,Clementine,VUL
20,Proverbs,3,2,Proverbs 3:2,8,"pacem,",,,,Clementine,VUL
20,Proverbs,3,2,Proverbs 3:2,9,apponent,,,,Clementine,VUL
20,Proverbs,3,2,Proverbs 3:2,10,tibi.,,,,Clementine,VUL
20,Proverbs,3,3,Proverbs 3:3,1,Misericordia,,,,Clementine,VUL
20,Proverbs,3,3,Proverbs 3:3,2,et,,,,Clementine,VUL
20,Proverbs,3,3,Proverbs 3:3,3,veritas,,,,Clementine,VUL
20,Proverbs,3,3,Proverbs 3:3,4,te,,,,Clementine,VUL
20,Proverbs,3,3,Proverbs 3:3,5,non,,,,Clementine,VUL
20,Proverbs,3,3,Proverbs 3:3,6,deserant,,,,Clementine,VUL
20,Proverbs,3,3,Proverbs 3:3,7,;,,,,Clementine,VUL
20,Proverbs,3,3,Proverbs 3:3,8,circumda,,,,Clementine,VUL
20,Proverbs,3,3,Proverbs 3:3,9,eas,,,,Clementine,VUL
20,Proverbs,3,3,Proverbs 3:3,10,gutturi,,,,Clementine,VUL
20,Proverbs,3,3,Proverbs 3:3,11,"tuo,",,,,Clementine,VUL
20,Proverbs,3,3,Proverbs 3:3,12,et,,,,Clementine,VUL
20,Proverbs,3,3,Proverbs 3:3,13,describe,,,,Clementine,VUL
20,Proverbs,3,3,Proverbs 3:3,14,in,,,,Clementine,VUL
20,Proverbs,3,3,Proverbs 3:3,15,tabulis,,,,Clementine,VUL
20,Proverbs,3,3,Proverbs 3:3,16,cordis,,,,Clementine,VUL
20,Proverbs,3,3,Proverbs 3:3,17,tui,,,,Clementine,VUL
20,Proverbs,3,3,Proverbs 3:3,18,:,,,,Clementine,VUL
20,Proverbs,3,4,Proverbs 3:4,1,et,,,,Clementine,VUL
20,Proverbs,3,4,Proverbs 3:4,2,invenies,,,,Clementine,VUL
20,Proverbs,3,4,Proverbs 3:4,3,"gratiam,",,,,Clementine,VUL
20,Proverbs,3,4,Proverbs 3:4,4,et,,,,Clementine,VUL
20,Proverbs,3,4,Proverbs 3:4,5,disciplinam,,,,Clementine,VUL
20,Proverbs,3,4,Proverbs 3:4,6,"bonam,",,,,Clementine,VUL
20,Proverbs,3,4,Proverbs 3:4,7,coram,,,,Clementine,VUL
20,Proverbs,3,4,Proverbs 3:4,8,Deo,,,,Clementine,VUL
20,Proverbs,3,4,Proverbs 3:4,9,et,,,,Clementine,VUL
20,Proverbs,3,4,Proverbs 3:4,10,hominibus.,,,,Clementine,VUL
20,Proverbs,3,5,Proverbs 3:5,1,Habe,,,,Clementine,VUL
20,Proverbs,3,5,Proverbs 3:5,2,fiduciam,,,,Clementine,VUL
20,Proverbs,3,5,Proverbs 3:5,3,in,,,,Clementine,VUL
20,Proverbs,3,5,Proverbs 3:5,4,Domino,,,,Clementine,VUL
20,Proverbs,3,5,Proverbs 3:5,5,ex,,,,Clementine,VUL
20,Proverbs,3,5,Proverbs 3:5,6,toto,,,,Clementine,VUL
20,Proverbs,3,5,Proverbs 3:5,7,corde,,,,Clementine,VUL
20,Proverbs,3,5,Proverbs 3:5,8,"tuo,",,,,Clementine,VUL
20,Proverbs,3,5,Proverbs 3:5,9,et,,,,Clementine,VUL
20,Proverbs,3,5,Proverbs 3:5,10,ne,,,,Clementine,VUL
20,Proverbs,3,5,Proverbs 3:5,11,innitaris,,,,Clementine,VUL
20,Proverbs,3,5,Proverbs 3:5,12,prudentiæ,,,,Clementine,VUL
20,Proverbs,3,5,Proverbs 3:5,13,tuæ.,,,,Clementine,VUL
20,Proverbs,3,6,Proverbs 3:6,1,In,,,,Clementine,VUL
20,Proverbs,3,6,Proverbs 3:6,2,omnibus,,,,Clementine,VUL
20,Proverbs,3,6,Proverbs 3:6,3,viis,,,,Clementine,VUL
20,Proverbs,3,6,Proverbs 3:6,4,tuis,,,,Clementine,VUL
20,Proverbs,3,6,Proverbs 3:6,5,cogita,,,,Clementine,VUL
20,Proverbs,3,6,Proverbs 3:6,6,"illum,",,,,Clementine,VUL
20,Proverbs,3,6,Proverbs 3:6,7,et,,,,Clementine,VUL
20,Proverbs,3,6,Proverbs 3:6,8,ipse,,,,Clementine,VUL
20,Proverbs,3,6,Proverbs 3:6,9,diriget,,,,Clementine,VUL
20,Proverbs,3,6,Proverbs 3:6,10,gressus,,,,Clementine,VUL
20,Proverbs,3,6,Proverbs 3:6,11,tuos.,,,,Clementine,VUL
20,Proverbs,3,7,Proverbs 3:7,1,Ne,,,,Clementine,VUL
20,Proverbs,3,7,Proverbs 3:7,2,sis,,,,Clementine,VUL
20,Proverbs,3,7,Proverbs 3:7,3,sapiens,,,,Clementine,VUL
20,Proverbs,3,7,Proverbs 3:7,4,apud,,,,Clementine,VUL
20,Proverbs,3,7,Proverbs 3:7,5,temetipsum,,,,Clementine,VUL
20,Proverbs,3,7,Proverbs 3:7,6,;,,,,Clementine,VUL
20,Proverbs,3,7,Proverbs 3:7,7,time,,,,Clementine,VUL
20,Proverbs,3,7,Proverbs 3:7,8,"Deum,",,,,Clementine,VUL
20,Proverbs,3,7,Proverbs 3:7,9,et,,,,Clementine,VUL
20,Proverbs,3,7,Proverbs 3:7,10,recede,,,,Clementine,VUL
20,Proverbs,3,7,Proverbs 3:7,11,a,,,,Clementine,VUL
20,Proverbs,3,7,Proverbs 3:7,12,malo,,,,Clementine,VUL
20,Proverbs,3,7,Proverbs 3:7,13,:,,,,Clementine,VUL
20,Proverbs,3,8,Proverbs 3:8,1,sanitas,,,,Clementine,VUL
20,Proverbs,3,8,Proverbs 3:8,2,quippe,,,,Clementine,VUL
20,Proverbs,3,8,Proverbs 3:8,3,erit,,,,Clementine,VUL
20,Proverbs,3,8,Proverbs 3:8,4,umbilico,,,,Clementine,VUL
20,Proverbs,3,8,Proverbs 3:8,5,"tuo,",,,,Clementine,VUL
20,Proverbs,3,8,Proverbs 3:8,6,et,,,,Clementine,VUL
20,Proverbs,3,8,Proverbs 3:8,7,irrigatio,,,,Clementine,VUL
20,Proverbs,3,8,Proverbs 3:8,8,ossium,,,,Clementine,VUL
20,Proverbs,3,8,Proverbs 3:8,9,tuorum.,,,,Clementine,VUL
20,Proverbs,3,9,Proverbs 3:9,1,Honora,,,,Clementine,VUL
20,Proverbs,3,9,Proverbs 3:9,2,Dominum,,,,Clementine,VUL
20,Proverbs,3,9,Proverbs 3:9,3,de,,,,Clementine,VUL
20,Proverbs,3,9,Proverbs 3:9,4,tua,,,,Clementine,VUL
20,Proverbs,3,9,Proverbs 3:9,5,"substantia,",,,,Clementine,VUL
20,Proverbs,3,9,Proverbs 3:9,6,et,,,,Clementine,VUL
20,Proverbs,3,9,Proverbs 3:9,7,de,,,,Clementine,VUL
20,Proverbs,3,9,Proverbs 3:9,8,primitiis,,,,Clementine,VUL
20,Proverbs,3,9,Proverbs 3:9,9,omnium,,,,Clementine,VUL
20,Proverbs,3,9,Proverbs 3:9,10,frugum,,,,Clementine,VUL
20,Proverbs,3,9,Proverbs 3:9,11,tuarum,,,,Clementine,VUL
20,Proverbs,3,9,Proverbs 3:9,12,da,,,,Clementine,VUL
20,Proverbs,3,9,Proverbs 3:9,13,ei,,,,Clementine,VUL
20,Proverbs,3,9,Proverbs 3:9,14,:,,,,Clementine,VUL
20,Proverbs,3,10,Proverbs 3:10,1,et,,,,Clementine,VUL
20,Proverbs,3,10,Proverbs 3:10,2,implebuntur,,,,Clementine,VUL
20,Proverbs,3,10,Proverbs 3:10,3,horrea,,,,Clementine,VUL
20,Proverbs,3,10,Proverbs 3:10,4,tua,,,,Clementine,VUL
20,Proverbs,3,10,Proverbs 3:10,5,"saturitate,",,,,Clementine,VUL
20,Proverbs,3,10,Proverbs 3:10,6,et,,,,Clementine,VUL
20,Proverbs,3,10,Proverbs 3:10,7,vino,,,,Clementine,VUL
20,Proverbs,3,10,Proverbs 3:10,8,torcularia,,,,Clementine,VUL
20,Proverbs,3,10,Proverbs 3:10,9,tua,,,,Clementine,VUL
20,Proverbs,3,10,Proverbs 3:10,10,redundabunt.,,,,Clementine,VUL
20,Proverbs,3,11,Proverbs 3:11,1,Disciplinam,,,,Clementine,VUL
20,Proverbs,3,11,Proverbs 3:11,2,"Domini,",,,,Clementine,VUL
20,Proverbs,3,11,Proverbs 3:11,3,fili,,,,Clementine,VUL
20,Proverbs,3,11,Proverbs 3:11,4,"mi,",,,,Clementine,VUL
20,Proverbs,3,11,Proverbs 3:11,5,ne,,,,Clementine,VUL
20,Proverbs,3,11,Proverbs 3:11,6,"abjicias,",,,,Clementine,VUL
20,Proverbs,3,11,Proverbs 3:11,7,nec,,,,Clementine,VUL
20,Proverbs,3,11,Proverbs 3:11,8,deficias,,,,Clementine,VUL
20,Proverbs,3,11,Proverbs 3:11,9,cum,,,,Clementine,VUL
20,Proverbs,3,11,Proverbs 3:11,10,ab,,,,Clementine,VUL
20,Proverbs,3,11,Proverbs 3:11,11,eo,,,,Clementine,VUL
20,Proverbs,3,11,Proverbs 3:11,12,corriperis,,,,Clementine,VUL
20,Proverbs,3,11,Proverbs 3:11,13,:,,,,Clementine,VUL
20,Proverbs,3,12,Proverbs 3:12,1,quem,,,,Clementine,VUL
20,Proverbs,3,12,Proverbs 3:12,2,enim,,,,Clementine,VUL
20,Proverbs,3,12,Proverbs 3:12,3,diligit,,,,Clementine,VUL
20,Proverbs,3,12,Proverbs 3:12,4,"Dominus,",,,,Clementine,VUL
20,Proverbs,3,12,Proverbs 3:12,5,"corripit,",,,,Clementine,VUL
20,Proverbs,3,12,Proverbs 3:12,6,et,,,,Clementine,VUL
20,Proverbs,3,12,Proverbs 3:12,7,quasi,,,,Clementine,VUL
20,Proverbs,3,12,Proverbs 3:12,8,pater,,,,Clementine,VUL
20,Proverbs,3,12,Proverbs 3:12,9,in,,,,Clementine,VUL
20,Proverbs,3,12,Proverbs 3:12,10,filio,,,,Clementine,VUL
20,Proverbs,3,12,Proverbs 3:12,11,complacet,,,,Clementine,VUL
20,Proverbs,3,12,Proverbs 3:12,12,sibi.,,,,Clementine,VUL
20,Proverbs,3,13,Proverbs 3:13,1,Beatus,,,,Clementine,VUL
20,Proverbs,3,13,Proverbs 3:13,2,homo,,,,Clementine,VUL
20,Proverbs,3,13,Proverbs 3:13,3,qui,,,,Clementine,VUL
20,Proverbs,3,13,Proverbs 3:13,4,invenit,,,,Clementine,VUL
20,Proverbs,3,13,Proverbs 3:13,5,"sapientiam,",,,,Clementine,VUL
20,Proverbs,3,13,Proverbs 3:13,6,et,,,,Clementine,VUL
20,Proverbs,3,13,Proverbs 3:13,7,qui,,,,Clementine,VUL
20,Proverbs,3,13,Proverbs 3:13,8,affluit,,,,Clementine,VUL
20,Proverbs,3,13,Proverbs 3:13,9,prudentia.,,,,Clementine,VUL
20,Proverbs,3,14,Proverbs 3:14,1,Melior,,,,Clementine,VUL
20,Proverbs,3,14,Proverbs 3:14,2,est,,,,Clementine,VUL
20,Proverbs,3,14,Proverbs 3:14,3,acquisitio,,,,Clementine,VUL
20,Proverbs,3,14,Proverbs 3:14,4,ejus,,,,Clementine,VUL
20,Proverbs,3,14,Proverbs 3:14,5,negotiatione,,,,Clementine,VUL
20,Proverbs,3,14,Proverbs 3:14,6,"argenti,",,,,Clementine,VUL
20,Proverbs,3,14,Proverbs 3:14,7,et,,,,Clementine,VUL
20,Proverbs,3,14,Proverbs 3:14,8,auri,,,,Clementine,VUL
20,Proverbs,3,14,Proverbs 3:14,9,primi,,,,Clementine,VUL
20,Proverbs,3,14,Proverbs 3:14,10,et,,,,Clementine,VUL
20,Proverbs,3,14,Proverbs 3:14,11,purissimi,,,,Clementine,VUL
20,Proverbs,3,14,Proverbs 3:14,12,fructus,,,,Clementine,VUL
20,Proverbs,3,14,Proverbs 3:14,13,ejus.,,,,Clementine,VUL
20,Proverbs,3,15,Proverbs 3:15,1,Pretiosior,,,,Clementine,VUL
20,Proverbs,3,15,Proverbs 3:15,2,est,,,,Clementine,VUL
20,Proverbs,3,15,Proverbs 3:15,3,cunctis,,,,Clementine,VUL
20,Proverbs,3,15,Proverbs 3:15,4,"opibus,",,,,Clementine,VUL
20,Proverbs,3,15,Proverbs 3:15,5,et,,,,Clementine,VUL
20,Proverbs,3,15,Proverbs 3:15,6,omnia,,,,Clementine,VUL
20,Proverbs,3,15,Proverbs 3:15,7,quæ,,,,Clementine,VUL
20,Proverbs,3,15,Proverbs 3:15,8,desiderantur,,,,Clementine,VUL
20,Proverbs,3,15,Proverbs 3:15,9,huic,,,,Clementine,VUL
20,Proverbs,3,15,Proverbs 3:15,10,non,,,,Clementine,VUL
20,Proverbs,3,15,Proverbs 3:15,11,valent,,,,Clementine,VUL
20,Proverbs,3,15,Proverbs 3:15,12,comparari.,,,,Clementine,VUL
20,Proverbs,3,16,Proverbs 3:16,1,Longitudo,,,,Clementine,VUL
20,Proverbs,3,16,Proverbs 3:16,2,dierum,,,,Clementine,VUL
20,Proverbs,3,16,Proverbs 3:16,3,in,,,,Clementine,VUL
20,Proverbs,3,16,Proverbs 3:16,4,dextera,,,,Clementine,VUL
20,Proverbs,3,16,Proverbs 3:16,5,"ejus,",,,,Clementine,VUL
20,Proverbs,3,16,Proverbs 3:16,6,et,,,,Clementine,VUL
20,Proverbs,3,16,Proverbs 3:16,7,in,,,,Clementine,VUL
20,Proverbs,3,16,Proverbs 3:16,8,sinistra,,,,Clementine,VUL
20,Proverbs,3,16,Proverbs 3:16,9,illius,,,,Clementine,VUL
20,Proverbs,3,16,Proverbs 3:16,10,divitiæ,,,,Clementine,VUL
20,Proverbs,3,16,Proverbs 3:16,11,et,,,,Clementine,VUL
20,Proverbs,3,16,Proverbs 3:16,12,gloria.,,,,Clementine,VUL
20,Proverbs,3,17,Proverbs 3:17,1,Viæ,,,,Clementine,VUL
20,Proverbs,3,17,Proverbs 3:17,2,ejus,,,,Clementine,VUL
20,Proverbs,3,17,Proverbs 3:17,3,viæ,,,,Clementine,VUL
20,Proverbs,3,17,Proverbs 3:17,4,"pulchræ,",,,,Clementine,VUL
20,Proverbs,3,17,Proverbs 3:17,5,et,,,,Clementine,VUL
20,Proverbs,3,17,Proverbs 3:17,6,omnes,,,,Clementine,VUL
20,Proverbs,3,17,Proverbs 3:17,7,semitæ,,,,Clementine,VUL
20,Proverbs,3,17,Proverbs 3:17,8,illius,,,,Clementine,VUL
20,Proverbs,3,17,Proverbs 3:17,9,pacificæ.,,,,Clementine,VUL
20,Proverbs,3,18,Proverbs 3:18,1,Lignum,,,,Clementine,VUL
20,Proverbs,3,18,Proverbs 3:18,2,vitæ,,,,Clementine,VUL
20,Proverbs,3,18,Proverbs 3:18,3,est,,,,Clementine,VUL
20,Proverbs,3,18,Proverbs 3:18,4,his,,,,Clementine,VUL
20,Proverbs,3,18,Proverbs 3:18,5,qui,,,,Clementine,VUL
20,Proverbs,3,18,Proverbs 3:18,6,apprehenderint,,,,Clementine,VUL
20,Proverbs,3,18,Proverbs 3:18,7,"eam,",,,,Clementine,VUL
20,Proverbs,3,18,Proverbs 3:18,8,et,,,,Clementine,VUL
20,Proverbs,3,18,Proverbs 3:18,9,qui,,,,Clementine,VUL
20,Proverbs,3,18,Proverbs 3:18,10,tenuerit,,,,Clementine,VUL
20,Proverbs,3,18,Proverbs 3:18,11,eam,,,,Clementine,VUL
20,Proverbs,3,18,Proverbs 3:18,12,beatus.,,,,Clementine,VUL
20,Proverbs,3,19,Proverbs 3:19,1,Dominus,,,,Clementine,VUL
20,Proverbs,3,19,Proverbs 3:19,2,sapientia,,,,Clementine,VUL
20,Proverbs,3,19,Proverbs 3:19,3,fundavit,,,,Clementine,VUL
20,Proverbs,3,19,Proverbs 3:19,4,terram,,,,Clementine,VUL
20,Proverbs,3,19,Proverbs 3:19,5,;,,,,Clementine,VUL
20,Proverbs,3,19,Proverbs 3:19,6,stabilivit,,,,Clementine,VUL
20,Proverbs,3,19,Proverbs 3:19,7,cælos,,,,Clementine,VUL
20,Proverbs,3,19,Proverbs 3:19,8,prudentia.,,,,Clementine,VUL
20,Proverbs,3,20,Proverbs 3:20,1,Sapientia,,,,Clementine,VUL
20,Proverbs,3,20,Proverbs 3:20,2,illius,,,,Clementine,VUL
20,Proverbs,3,20,Proverbs 3:20,3,eruperunt,,,,Clementine,VUL
20,Proverbs,3,20,Proverbs 3:20,4,"abyssi,",,,,Clementine,VUL
20,Proverbs,3,20,Proverbs 3:20,5,et,,,,Clementine,VUL
20,Proverbs,3,20,Proverbs 3:20,6,nubes,,,,Clementine,VUL
20,Proverbs,3,20,Proverbs 3:20,7,rore,,,,Clementine,VUL
20,Proverbs,3,20,Proverbs 3:20,8,concrescunt.,,,,Clementine,VUL
20,Proverbs,3,21,Proverbs 3:21,1,Fili,,,,Clementine,VUL
20,Proverbs,3,21,Proverbs 3:21,2,"mi,",,,,Clementine,VUL
20,Proverbs,3,21,Proverbs 3:21,3,ne,,,,Clementine,VUL
20,Proverbs,3,21,Proverbs 3:21,4,effluant,,,,Clementine,VUL
20,Proverbs,3,21,Proverbs 3:21,5,hæc,,,,Clementine,VUL
20,Proverbs,3,21,Proverbs 3:21,6,ab,,,,Clementine,VUL
20,Proverbs,3,21,Proverbs 3:21,7,oculis,,,,Clementine,VUL
20,Proverbs,3,21,Proverbs 3:21,8,tuis.,,,,Clementine,VUL
20,Proverbs,3,21,Proverbs 3:21,9,Custodi,,,,Clementine,VUL
20,Proverbs,3,21,Proverbs 3:21,10,legem,,,,Clementine,VUL
20,Proverbs,3,21,Proverbs 3:21,11,atque,,,,Clementine,VUL
20,Proverbs,3,21,Proverbs 3:21,12,"consilium,",,,,Clementine,VUL
20,Proverbs,3,22,Proverbs 3:22,1,et,,,,Clementine,VUL
20,Proverbs,3,22,Proverbs 3:22,2,erit,,,,Clementine,VUL
20,Proverbs,3,22,Proverbs 3:22,3,vita,,,,Clementine,VUL
20,Proverbs,3,22,Proverbs 3:22,4,animæ,,,,Clementine,VUL
20,Proverbs,3,22,Proverbs 3:22,5,"tuæ,",,,,Clementine,VUL
20,Proverbs,3,22,Proverbs 3:22,6,et,,,,Clementine,VUL
20,Proverbs,3,22,Proverbs 3:22,7,gratia,,,,Clementine,VUL
20,Proverbs,3,22,Proverbs 3:22,8,faucibus,,,,Clementine,VUL
20,Proverbs,3,22,Proverbs 3:22,9,tuis.,,,,Clementine,VUL
20,Proverbs,3,23,Proverbs 3:23,1,Tunc,,,,Clementine,VUL
20,Proverbs,3,23,Proverbs 3:23,2,ambulabis,,,,Clementine,VUL
20,Proverbs,3,23,Proverbs 3:23,3,fiducialiter,,,,Clementine,VUL
20,Proverbs,3,23,Proverbs 3:23,4,in,,,,Clementine,VUL
20,Proverbs,3,23,Proverbs 3:23,5,via,,,,Clementine,VUL
20,Proverbs,3,23,Proverbs 3:23,6,"tua,",,,,Clementine,VUL
20,Proverbs,3,23,Proverbs 3:23,7,et,,,,Clementine,VUL
20,Proverbs,3,23,Proverbs 3:23,8,pes,,,,Clementine,VUL
20,Proverbs,3,23,Proverbs 3:23,9,tuus,,,,Clementine,VUL
20,Proverbs,3,23,Proverbs 3:23,10,non,,,,Clementine,VUL
20,Proverbs,3,23,Proverbs 3:23,11,impinget.,,,,Clementine,VUL
20,Proverbs,3,24,Proverbs 3:24,1,Si,,,,Clementine,VUL
20,Proverbs,3,24,Proverbs 3:24,2,"dormieris,",,,,Clementine,VUL
20,Proverbs,3,24,Proverbs 3:24,3,non,,,,Clementine,VUL
20,Proverbs,3,24,Proverbs 3:24,4,timebis,,,,Clementine,VUL
20,Proverbs,3,24,Proverbs 3:24,5,;,,,,Clementine,VUL
20,Proverbs,3,24,Proverbs 3:24,6,"quiesces,",,,,Clementine,VUL
20,Proverbs,3,24,Proverbs 3:24,7,et,,,,Clementine,VUL
20,Proverbs,3,24,Proverbs 3:24,8,suavis,,,,Clementine,VUL
20,Proverbs,3,24,Proverbs 3:24,9,erit,,,,Clementine,VUL
20,Proverbs,3,24,Proverbs 3:24,10,somnus,,,,Clementine,VUL
20,Proverbs,3,24,Proverbs 3:24,11,tuus.,,,,Clementine,VUL
20,Proverbs,3,25,Proverbs 3:25,1,Ne,,,,Clementine,VUL
20,Proverbs,3,25,Proverbs 3:25,2,paveas,,,,Clementine,VUL
20,Proverbs,3,25,Proverbs 3:25,3,repentino,,,,Clementine,VUL
20,Proverbs,3,25,Proverbs 3:25,4,"terrore,",,,,Clementine,VUL
20,Proverbs,3,25,Proverbs 3:25,5,et,,,,Clementine,VUL
20,Proverbs,3,25,Proverbs 3:25,6,irruentes,,,,Clementine,VUL
20,Proverbs,3,25,Proverbs 3:25,7,tibi,,,,Clementine,VUL
20,Proverbs,3,25,Proverbs 3:25,8,potentias,,,,Clementine,VUL
20,Proverbs,3,25,Proverbs 3:25,9,impiorum.,,,,Clementine,VUL
20,Proverbs,3,26,Proverbs 3:26,1,Dominus,,,,Clementine,VUL
20,Proverbs,3,26,Proverbs 3:26,2,enim,,,,Clementine,VUL
20,Proverbs,3,26,Proverbs 3:26,3,erit,,,,Clementine,VUL
20,Proverbs,3,26,Proverbs 3:26,4,in,,,,Clementine,VUL
20,Proverbs,3,26,Proverbs 3:26,5,latere,,,,Clementine,VUL
20,Proverbs,3,26,Proverbs 3:26,6,"tuo,",,,,Clementine,VUL
20,Proverbs,3,26,Proverbs 3:26,7,et,,,,Clementine,VUL
20,Proverbs,3,26,Proverbs 3:26,8,custodiet,,,,Clementine,VUL
20,Proverbs,3,26,Proverbs 3:26,9,pedem,,,,Clementine,VUL
20,Proverbs,3,26,Proverbs 3:26,10,"tuum,",,,,Clementine,VUL
20,Proverbs,3,26,Proverbs 3:26,11,ne,,,,Clementine,VUL
20,Proverbs,3,26,Proverbs 3:26,12,capiaris.,,,,Clementine,VUL
20,Proverbs,3,27,Proverbs 3:27,1,Noli,,,,Clementine,VUL
20,Proverbs,3,27,Proverbs 3:27,2,prohibere,,,,Clementine,VUL
20,Proverbs,3,27,Proverbs 3:27,3,benefacere,,,,Clementine,VUL
20,Proverbs,3,27,Proverbs 3:27,4,eum,,,,Clementine,VUL
20,Proverbs,3,27,Proverbs 3:27,5,qui,,,,Clementine,VUL
20,Proverbs,3,27,Proverbs 3:27,6,potest,,,,Clementine,VUL
20,Proverbs,3,27,Proverbs 3:27,7,:,,,,Clementine,VUL
20,Proverbs,3,27,Proverbs 3:27,8,si,,,,Clementine,VUL
20,Proverbs,3,27,Proverbs 3:27,9,"vales,",,,,Clementine,VUL
20,Proverbs,3,27,Proverbs 3:27,10,et,,,,Clementine,VUL
20,Proverbs,3,27,Proverbs 3:27,11,ipse,,,,Clementine,VUL
20,Proverbs,3,27,Proverbs 3:27,12,benefac.,,,,Clementine,VUL
20,Proverbs,3,28,Proverbs 3:28,1,Ne,,,,Clementine,VUL
20,Proverbs,3,28,Proverbs 3:28,2,dicas,,,,Clementine,VUL
20,Proverbs,3,28,Proverbs 3:28,3,amico,,,,Clementine,VUL
20,Proverbs,3,28,Proverbs 3:28,4,tuo,,,,Clementine,VUL
20,Proverbs,3,28,Proverbs 3:28,5,:,,,,Clementine,VUL
20,Proverbs,3,28,Proverbs 3:28,6,"Vade,",,,,Clementine,VUL
20,Proverbs,3,28,Proverbs 3:28,7,et,,,,Clementine,VUL
20,Proverbs,3,28,Proverbs 3:28,8,revertere,,,,Clementine,VUL
20,Proverbs,3,28,Proverbs 3:28,9,:,,,,Clementine,VUL
20,Proverbs,3,28,Proverbs 3:28,10,cras,,,,Clementine,VUL
20,Proverbs,3,28,Proverbs 3:28,11,dabo,,,,Clementine,VUL
20,Proverbs,3,28,Proverbs 3:28,12,tibi,,,,Clementine,VUL
20,Proverbs,3,28,Proverbs 3:28,13,:,,,,Clementine,VUL
20,Proverbs,3,28,Proverbs 3:28,14,cum,,,,Clementine,VUL
20,Proverbs,3,28,Proverbs 3:28,15,statim,,,,Clementine,VUL
20,Proverbs,3,28,Proverbs 3:28,16,possis,,,,Clementine,VUL
20,Proverbs,3,28,Proverbs 3:28,17,dare.,,,,Clementine,VUL
20,Proverbs,3,29,Proverbs 3:29,1,Ne,,,,Clementine,VUL
20,Proverbs,3,29,Proverbs 3:29,2,moliaris,,,,Clementine,VUL
20,Proverbs,3,29,Proverbs 3:29,3,amico,,,,Clementine,VUL
20,Proverbs,3,29,Proverbs 3:29,4,tuo,,,,Clementine,VUL
20,Proverbs,3,29,Proverbs 3:29,5,"malum,",,,,Clementine,VUL
20,Proverbs,3,29,Proverbs 3:29,6,cum,,,,Clementine,VUL
20,Proverbs,3,29,Proverbs 3:29,7,ille,,,,Clementine,VUL
20,Proverbs,3,29,Proverbs 3:29,8,in,,,,Clementine,VUL
20,Proverbs,3,29,Proverbs 3:29,9,te,,,,Clementine,VUL
20,Proverbs,3,29,Proverbs 3:29,10,habeat,,,,Clementine,VUL
20,Proverbs,3,29,Proverbs 3:29,11,fiduciam.,,,,Clementine,VUL
20,Proverbs,3,30,Proverbs 3:30,1,Ne,,,,Clementine,VUL
20,Proverbs,3,30,Proverbs 3:30,2,contendas,,,,Clementine,VUL
20,Proverbs,3,30,Proverbs 3:30,3,adversus,,,,Clementine,VUL
20,Proverbs,3,30,Proverbs 3:30,4,hominem,,,,Clementine,VUL
20,Proverbs,3,30,Proverbs 3:30,5,"frustra,",,,,Clementine,VUL
20,Proverbs,3,30,Proverbs 3:30,6,cum,,,,Clementine,VUL
20,Proverbs,3,30,Proverbs 3:30,7,ipse,,,,Clementine,VUL
20,Proverbs,3,30,Proverbs 3:30,8,tibi,,,,Clementine,VUL
20,Proverbs,3,30,Proverbs 3:30,9,nihil,,,,Clementine,VUL
20,Proverbs,3,30,Proverbs 3:30,10,mali,,,,Clementine,VUL
20,Proverbs,3,30,Proverbs 3:30,11,fecerit.,,,,Clementine,VUL
20,Proverbs,3,31,Proverbs 3:31,1,Ne,,,,Clementine,VUL
20,Proverbs,3,31,Proverbs 3:31,2,æmuleris,,,,Clementine,VUL
20,Proverbs,3,31,Proverbs 3:31,3,hominem,,,,Clementine,VUL
20,Proverbs,3,31,Proverbs 3:31,4,"injustum,",,,,Clementine,VUL
20,Proverbs,3,31,Proverbs 3:31,5,nec,,,,Clementine,VUL
20,Proverbs,3,31,Proverbs 3:31,6,imiteris,,,,Clementine,VUL
20,Proverbs,3,31,Proverbs 3:31,7,vias,,,,Clementine,VUL
20,Proverbs,3,31,Proverbs 3:31,8,ejus,,,,Clementine,VUL
20,Proverbs,3,31,Proverbs 3:31,9,:,,,,Clementine,VUL
20,Proverbs,3,32,Proverbs 3:32,1,quia,,,,Clementine,VUL
20,Proverbs,3,32,Proverbs 3:32,2,abominatio,,,,Clementine,VUL
20,Proverbs,3,32,Proverbs 3:32,3,Domini,,,,Clementine,VUL
20,Proverbs,3,32,Proverbs 3:32,4,est,,,,Clementine,VUL
20,Proverbs,3,32,Proverbs 3:32,5,omnis,,,,Clementine,VUL
20,Proverbs,3,32,Proverbs 3:32,6,"illusor,",,,,Clementine,VUL
20,Proverbs,3,32,Proverbs 3:32,7,et,,,,Clementine,VUL
20,Proverbs,3,32,Proverbs 3:32,8,cum,,,,Clementine,VUL
20,Proverbs,3,32,Proverbs 3:32,9,simplicibus,,,,Clementine,VUL
20,Proverbs,3,32,Proverbs 3:32,10,sermocinatio,,,,Clementine,VUL
20,Proverbs,3,32,Proverbs 3:32,11,ejus.,,,,Clementine,VUL
20,Proverbs,3,33,Proverbs 3:33,1,Egestas,,,,Clementine,VUL
20,Proverbs,3,33,Proverbs 3:33,2,a,,,,Clementine,VUL
20,Proverbs,3,33,Proverbs 3:33,3,Domino,,,,Clementine,VUL
20,Proverbs,3,33,Proverbs 3:33,4,in,,,,Clementine,VUL
20,Proverbs,3,33,Proverbs 3:33,5,domo,,,,Clementine,VUL
20,Proverbs,3,33,Proverbs 3:33,6,impii,,,,Clementine,VUL
20,Proverbs,3,33,Proverbs 3:33,7,;,,,,Clementine,VUL
20,Proverbs,3,33,Proverbs 3:33,8,habitacula,,,,Clementine,VUL
20,Proverbs,3,33,Proverbs 3:33,9,autem,,,,Clementine,VUL
20,Proverbs,3,33,Proverbs 3:33,10,justorum,,,,Clementine,VUL
20,Proverbs,3,33,Proverbs 3:33,11,benedicentur.,,,,Clementine,VUL
20,Proverbs,3,34,Proverbs 3:34,1,Ipse,,,,Clementine,VUL
20,Proverbs,3,34,Proverbs 3:34,2,deludet,,,,Clementine,VUL
20,Proverbs,3,34,Proverbs 3:34,3,"illusores,",,,,Clementine,VUL
20,Proverbs,3,34,Proverbs 3:34,4,et,,,,Clementine,VUL
20,Proverbs,3,34,Proverbs 3:34,5,mansuetis,,,,Clementine,VUL
20,Proverbs,3,34,Proverbs 3:34,6,dabit,,,,Clementine,VUL
20,Proverbs,3,34,Proverbs 3:34,7,gratiam.,,,,Clementine,VUL
20,Proverbs,3,35,Proverbs 3:35,1,Gloriam,,,,Clementine,VUL
20,Proverbs,3,35,Proverbs 3:35,2,sapientes,,,,Clementine,VUL
20,Proverbs,3,35,Proverbs 3:35,3,possidebunt,,,,Clementine,VUL
20,Proverbs,3,35,Proverbs 3:35,4,;,,,,Clementine,VUL
20,Proverbs,3,35,Proverbs 3:35,5,stultorum,,,,Clementine,VUL
20,Proverbs,3,35,Proverbs 3:35,6,exaltatio,,,,Clementine,VUL
20,Proverbs,3,35,Proverbs 3:35,7,ignominia.,,,,Clementine,VUL
20,Proverbs,4,1,Proverbs 4:1,1,"Audite,",,,,Clementine,VUL
20,Proverbs,4,1,Proverbs 4:1,2,"filii,",,,,Clementine,VUL
20,Proverbs,4,1,Proverbs 4:1,3,disciplinam,,,,Clementine,VUL
20,Proverbs,4,1,Proverbs 4:1,4,"patris,",,,,Clementine,VUL
20,Proverbs,4,1,Proverbs 4:1,5,et,,,,Clementine,VUL
20,Proverbs,4,1,Proverbs 4:1,6,attendite,,,,Clementine,VUL
20,Proverbs,4,1,Proverbs 4:1,7,ut,,,,Clementine,VUL
20,Proverbs,4,1,Proverbs 4:1,8,sciatis,,,,Clementine,VUL
20,Proverbs,4,1,Proverbs 4:1,9,prudentiam.,,,,Clementine,VUL
20,Proverbs,4,2,Proverbs 4:2,1,Donum,,,,Clementine,VUL
20,Proverbs,4,2,Proverbs 4:2,2,bonum,,,,Clementine,VUL
20,Proverbs,4,2,Proverbs 4:2,3,tribuam,,,,Clementine,VUL
20,Proverbs,4,2,Proverbs 4:2,4,vobis,,,,Clementine,VUL
20,Proverbs,4,2,Proverbs 4:2,5,:,,,,Clementine,VUL
20,Proverbs,4,2,Proverbs 4:2,6,legem,,,,Clementine,VUL
20,Proverbs,4,2,Proverbs 4:2,7,meam,,,,Clementine,VUL
20,Proverbs,4,2,Proverbs 4:2,8,ne,,,,Clementine,VUL
20,Proverbs,4,2,Proverbs 4:2,9,derelinquatis.,,,,Clementine,VUL
20,Proverbs,4,3,Proverbs 4:3,1,Nam,,,,Clementine,VUL
20,Proverbs,4,3,Proverbs 4:3,2,et,,,,Clementine,VUL
20,Proverbs,4,3,Proverbs 4:3,3,ego,,,,Clementine,VUL
20,Proverbs,4,3,Proverbs 4:3,4,filius,,,,Clementine,VUL
20,Proverbs,4,3,Proverbs 4:3,5,fui,,,,Clementine,VUL
20,Proverbs,4,3,Proverbs 4:3,6,patris,,,,Clementine,VUL
20,Proverbs,4,3,Proverbs 4:3,7,"mei,",,,,Clementine,VUL
20,Proverbs,4,3,Proverbs 4:3,8,tenellus,,,,Clementine,VUL
20,Proverbs,4,3,Proverbs 4:3,9,et,,,,Clementine,VUL
20,Proverbs,4,3,Proverbs 4:3,10,unigenitus,,,,Clementine,VUL
20,Proverbs,4,3,Proverbs 4:3,11,coram,,,,Clementine,VUL
20,Proverbs,4,3,Proverbs 4:3,12,matre,,,,Clementine,VUL
20,Proverbs,4,3,Proverbs 4:3,13,mea.,,,,Clementine,VUL
20,Proverbs,4,4,Proverbs 4:4,1,Et,,,,Clementine,VUL
20,Proverbs,4,4,Proverbs 4:4,2,docebat,,,,Clementine,VUL
20,Proverbs,4,4,Proverbs 4:4,3,"me,",,,,Clementine,VUL
20,Proverbs,4,4,Proverbs 4:4,4,atque,,,,Clementine,VUL
20,Proverbs,4,4,Proverbs 4:4,5,dicebat,,,,Clementine,VUL
20,Proverbs,4,4,Proverbs 4:4,6,:,,,,Clementine,VUL
20,Proverbs,4,4,Proverbs 4:4,7,Suscipiat,,,,Clementine,VUL
20,Proverbs,4,4,Proverbs 4:4,8,verba,,,,Clementine,VUL
20,Proverbs,4,4,Proverbs 4:4,9,mea,,,,Clementine,VUL
20,Proverbs,4,4,Proverbs 4:4,10,cor,,,,Clementine,VUL
20,Proverbs,4,4,Proverbs 4:4,11,tuum,,,,Clementine,VUL
20,Proverbs,4,4,Proverbs 4:4,12,;,,,,Clementine,VUL
20,Proverbs,4,4,Proverbs 4:4,13,custodi,,,,Clementine,VUL
20,Proverbs,4,4,Proverbs 4:4,14,præcepta,,,,Clementine,VUL
20,Proverbs,4,4,Proverbs 4:4,15,"mea,",,,,Clementine,VUL
20,Proverbs,4,4,Proverbs 4:4,16,et,,,,Clementine,VUL
20,Proverbs,4,4,Proverbs 4:4,17,vives.,,,,Clementine,VUL
20,Proverbs,4,5,Proverbs 4:5,1,Posside,,,,Clementine,VUL
20,Proverbs,4,5,Proverbs 4:5,2,"sapientiam,",,,,Clementine,VUL
20,Proverbs,4,5,Proverbs 4:5,3,posside,,,,Clementine,VUL
20,Proverbs,4,5,Proverbs 4:5,4,prudentiam,,,,Clementine,VUL
20,Proverbs,4,5,Proverbs 4:5,5,:,,,,Clementine,VUL
20,Proverbs,4,5,Proverbs 4:5,6,ne,,,,Clementine,VUL
20,Proverbs,4,5,Proverbs 4:5,7,"obliviscaris,",,,,Clementine,VUL
20,Proverbs,4,5,Proverbs 4:5,8,neque,,,,Clementine,VUL
20,Proverbs,4,5,Proverbs 4:5,9,declines,,,,Clementine,VUL
20,Proverbs,4,5,Proverbs 4:5,10,a,,,,Clementine,VUL
20,Proverbs,4,5,Proverbs 4:5,11,verbis,,,,Clementine,VUL
20,Proverbs,4,5,Proverbs 4:5,12,oris,,,,Clementine,VUL
20,Proverbs,4,5,Proverbs 4:5,13,mei.,,,,Clementine,VUL
20,Proverbs,4,6,Proverbs 4:6,1,Ne,,,,Clementine,VUL
20,Proverbs,4,6,Proverbs 4:6,2,dimittas,,,,Clementine,VUL
20,Proverbs,4,6,Proverbs 4:6,3,"eam,",,,,Clementine,VUL
20,Proverbs,4,6,Proverbs 4:6,4,et,,,,Clementine,VUL
20,Proverbs,4,6,Proverbs 4:6,5,custodiet,,,,Clementine,VUL
20,Proverbs,4,6,Proverbs 4:6,6,te,,,,Clementine,VUL
20,Proverbs,4,6,Proverbs 4:6,7,:,,,,Clementine,VUL
20,Proverbs,4,6,Proverbs 4:6,8,dilige,,,,Clementine,VUL
20,Proverbs,4,6,Proverbs 4:6,9,"eam,",,,,Clementine,VUL
20,Proverbs,4,6,Proverbs 4:6,10,et,,,,Clementine,VUL
20,Proverbs,4,6,Proverbs 4:6,11,conservabit,,,,Clementine,VUL
20,Proverbs,4,6,Proverbs 4:6,12,te.,,,,Clementine,VUL
20,Proverbs,4,7,Proverbs 4:7,1,Principium,,,,Clementine,VUL
20,Proverbs,4,7,Proverbs 4:7,2,sapientiæ,,,,Clementine,VUL
20,Proverbs,4,7,Proverbs 4:7,3,:,,,,Clementine,VUL
20,Proverbs,4,7,Proverbs 4:7,4,posside,,,,Clementine,VUL
20,Proverbs,4,7,Proverbs 4:7,5,"sapientiam,",,,,Clementine,VUL
20,Proverbs,4,7,Proverbs 4:7,6,et,,,,Clementine,VUL
20,Proverbs,4,7,Proverbs 4:7,7,in,,,,Clementine,VUL
20,Proverbs,4,7,Proverbs 4:7,8,omni,,,,Clementine,VUL
20,Proverbs,4,7,Proverbs 4:7,9,possessione,,,,Clementine,VUL
20,Proverbs,4,7,Proverbs 4:7,10,tua,,,,Clementine,VUL
20,Proverbs,4,7,Proverbs 4:7,11,acquire,,,,Clementine,VUL
20,Proverbs,4,7,Proverbs 4:7,12,prudentiam.,,,,Clementine,VUL
20,Proverbs,4,8,Proverbs 4:8,1,Arripe,,,,Clementine,VUL
20,Proverbs,4,8,Proverbs 4:8,2,"illam,",,,,Clementine,VUL
20,Proverbs,4,8,Proverbs 4:8,3,et,,,,Clementine,VUL
20,Proverbs,4,8,Proverbs 4:8,4,exaltabit,,,,Clementine,VUL
20,Proverbs,4,8,Proverbs 4:8,5,te,,,,Clementine,VUL
20,Proverbs,4,8,Proverbs 4:8,6,;,,,,Clementine,VUL
20,Proverbs,4,8,Proverbs 4:8,7,glorificaberis,,,,Clementine,VUL
20,Proverbs,4,8,Proverbs 4:8,8,ab,,,,Clementine,VUL
20,Proverbs,4,8,Proverbs 4:8,9,ea,,,,Clementine,VUL
20,Proverbs,4,8,Proverbs 4:8,10,cum,,,,Clementine,VUL
20,Proverbs,4,8,Proverbs 4:8,11,eam,,,,Clementine,VUL
20,Proverbs,4,8,Proverbs 4:8,12,fueris,,,,Clementine,VUL
20,Proverbs,4,8,Proverbs 4:8,13,amplexatus.,,,,Clementine,VUL
20,Proverbs,4,9,Proverbs 4:9,1,Dabit,,,,Clementine,VUL
20,Proverbs,4,9,Proverbs 4:9,2,capiti,,,,Clementine,VUL
20,Proverbs,4,9,Proverbs 4:9,3,tuo,,,,Clementine,VUL
20,Proverbs,4,9,Proverbs 4:9,4,augmenta,,,,Clementine,VUL
20,Proverbs,4,9,Proverbs 4:9,5,"gratiarum,",,,,Clementine,VUL
20,Proverbs,4,9,Proverbs 4:9,6,et,,,,Clementine,VUL
20,Proverbs,4,9,Proverbs 4:9,7,corona,,,,Clementine,VUL
20,Proverbs,4,9,Proverbs 4:9,8,inclyta,,,,Clementine,VUL
20,Proverbs,4,9,Proverbs 4:9,9,proteget,,,,Clementine,VUL
20,Proverbs,4,9,Proverbs 4:9,10,te.,,,,Clementine,VUL
20,Proverbs,4,10,Proverbs 4:10,1,"Audi,",,,,Clementine,VUL
20,Proverbs,4,10,Proverbs 4:10,2,fili,,,,Clementine,VUL
20,Proverbs,4,10,Proverbs 4:10,3,"mi,",,,,Clementine,VUL
20,Proverbs,4,10,Proverbs 4:10,4,et,,,,Clementine,VUL
20,Proverbs,4,10,Proverbs 4:10,5,suscipe,,,,Clementine,VUL
20,Proverbs,4,10,Proverbs 4:10,6,verba,,,,Clementine,VUL
20,Proverbs,4,10,Proverbs 4:10,7,"mea,",,,,Clementine,VUL
20,Proverbs,4,10,Proverbs 4:10,8,ut,,,,Clementine,VUL
20,Proverbs,4,10,Proverbs 4:10,9,multiplicentur,,,,Clementine,VUL
20,Proverbs,4,10,Proverbs 4:10,10,tibi,,,,Clementine,VUL
20,Proverbs,4,10,Proverbs 4:10,11,anni,,,,Clementine,VUL
20,Proverbs,4,10,Proverbs 4:10,12,vitæ.,,,,Clementine,VUL
20,Proverbs,4,11,Proverbs 4:11,1,Viam,,,,Clementine,VUL
20,Proverbs,4,11,Proverbs 4:11,2,sapientiæ,,,,Clementine,VUL
20,Proverbs,4,11,Proverbs 4:11,3,monstrabo,,,,Clementine,VUL
20,Proverbs,4,11,Proverbs 4:11,4,tibi,,,,Clementine,VUL
20,Proverbs,4,11,Proverbs 4:11,5,;,,,,Clementine,VUL
20,Proverbs,4,11,Proverbs 4:11,6,ducam,,,,Clementine,VUL
20,Proverbs,4,11,Proverbs 4:11,7,te,,,,Clementine,VUL
20,Proverbs,4,11,Proverbs 4:11,8,per,,,,Clementine,VUL
20,Proverbs,4,11,Proverbs 4:11,9,semitas,,,,Clementine,VUL
20,Proverbs,4,11,Proverbs 4:11,10,æquitatis,,,,Clementine,VUL
20,Proverbs,4,11,Proverbs 4:11,11,:,,,,Clementine,VUL
20,Proverbs,4,12,Proverbs 4:12,1,quas,,,,Clementine,VUL
20,Proverbs,4,12,Proverbs 4:12,2,cum,,,,Clementine,VUL
20,Proverbs,4,12,Proverbs 4:12,3,ingressus,,,,Clementine,VUL
20,Proverbs,4,12,Proverbs 4:12,4,"fueris,",,,,Clementine,VUL
20,Proverbs,4,12,Proverbs 4:12,5,non,,,,Clementine,VUL
20,Proverbs,4,12,Proverbs 4:12,6,arctabuntur,,,,Clementine,VUL
20,Proverbs,4,12,Proverbs 4:12,7,gressus,,,,Clementine,VUL
20,Proverbs,4,12,Proverbs 4:12,8,"tui,",,,,Clementine,VUL
20,Proverbs,4,12,Proverbs 4:12,9,et,,,,Clementine,VUL
20,Proverbs,4,12,Proverbs 4:12,10,currens,,,,Clementine,VUL
20,Proverbs,4,12,Proverbs 4:12,11,non,,,,Clementine,VUL
20,Proverbs,4,12,Proverbs 4:12,12,habebis,,,,Clementine,VUL
20,Proverbs,4,12,Proverbs 4:12,13,offendiculum.,,,,Clementine,VUL
20,Proverbs,4,13,Proverbs 4:13,1,Tene,,,,Clementine,VUL
20,Proverbs,4,13,Proverbs 4:13,2,"disciplinam,",,,,Clementine,VUL
20,Proverbs,4,13,Proverbs 4:13,3,ne,,,,Clementine,VUL
20,Proverbs,4,13,Proverbs 4:13,4,dimittas,,,,Clementine,VUL
20,Proverbs,4,13,Proverbs 4:13,5,eam,,,,Clementine,VUL
20,Proverbs,4,13,Proverbs 4:13,6,;,,,,Clementine,VUL
20,Proverbs,4,13,Proverbs 4:13,7,custodi,,,,Clementine,VUL
20,Proverbs,4,13,Proverbs 4:13,8,"illam,",,,,Clementine,VUL
20,Proverbs,4,13,Proverbs 4:13,9,quia,,,,Clementine,VUL
20,Proverbs,4,13,Proverbs 4:13,10,ipsa,,,,Clementine,VUL
20,Proverbs,4,13,Proverbs 4:13,11,est,,,,Clementine,VUL
20,Proverbs,4,13,Proverbs 4:13,12,vita,,,,Clementine,VUL
20,Proverbs,4,13,Proverbs 4:13,13,tua.,,,,Clementine,VUL
20,Proverbs,4,14,Proverbs 4:14,1,Ne,,,,Clementine,VUL
20,Proverbs,4,14,Proverbs 4:14,2,delecteris,,,,Clementine,VUL
20,Proverbs,4,14,Proverbs 4:14,3,in,,,,Clementine,VUL
20,Proverbs,4,14,Proverbs 4:14,4,semitis,,,,Clementine,VUL
20,Proverbs,4,14,Proverbs 4:14,5,"impiorum,",,,,Clementine,VUL
20,Proverbs,4,14,Proverbs 4:14,6,nec,,,,Clementine,VUL
20,Proverbs,4,14,Proverbs 4:14,7,tibi,,,,Clementine,VUL
20,Proverbs,4,14,Proverbs 4:14,8,placeat,,,,Clementine,VUL
20,Proverbs,4,14,Proverbs 4:14,9,malorum,,,,Clementine,VUL
20,Proverbs,4,14,Proverbs 4:14,10,via.,,,,Clementine,VUL
20,Proverbs,4,15,Proverbs 4:15,1,Fuge,,,,Clementine,VUL
20,Proverbs,4,15,Proverbs 4:15,2,ab,,,,Clementine,VUL
20,Proverbs,4,15,Proverbs 4:15,3,"ea,",,,,Clementine,VUL
20,Proverbs,4,15,Proverbs 4:15,4,nec,,,,Clementine,VUL
20,Proverbs,4,15,Proverbs 4:15,5,transeas,,,,Clementine,VUL
20,Proverbs,4,15,Proverbs 4:15,6,per,,,,Clementine,VUL
20,Proverbs,4,15,Proverbs 4:15,7,illam,,,,Clementine,VUL
20,Proverbs,4,15,Proverbs 4:15,8,;,,,,Clementine,VUL
20,Proverbs,4,15,Proverbs 4:15,9,"declina,",,,,Clementine,VUL
20,Proverbs,4,15,Proverbs 4:15,10,et,,,,Clementine,VUL
20,Proverbs,4,15,Proverbs 4:15,11,desere,,,,Clementine,VUL
20,Proverbs,4,15,Proverbs 4:15,12,eam.,,,,Clementine,VUL
20,Proverbs,4,16,Proverbs 4:16,1,Non,,,,Clementine,VUL
20,Proverbs,4,16,Proverbs 4:16,2,enim,,,,Clementine,VUL
20,Proverbs,4,16,Proverbs 4:16,3,dormiunt,,,,Clementine,VUL
20,Proverbs,4,16,Proverbs 4:16,4,nisi,,,,Clementine,VUL
20,Proverbs,4,16,Proverbs 4:16,5,"malefecerint,",,,,Clementine,VUL
20,Proverbs,4,16,Proverbs 4:16,6,et,,,,Clementine,VUL
20,Proverbs,4,16,Proverbs 4:16,7,rapitur,,,,Clementine,VUL
20,Proverbs,4,16,Proverbs 4:16,8,somnus,,,,Clementine,VUL
20,Proverbs,4,16,Proverbs 4:16,9,ab,,,,Clementine,VUL
20,Proverbs,4,16,Proverbs 4:16,10,eis,,,,Clementine,VUL
20,Proverbs,4,16,Proverbs 4:16,11,nisi,,,,Clementine,VUL
20,Proverbs,4,16,Proverbs 4:16,12,supplantaverint.,,,,Clementine,VUL
20,Proverbs,4,17,Proverbs 4:17,1,Comedunt,,,,Clementine,VUL
20,Proverbs,4,17,Proverbs 4:17,2,panem,,,,Clementine,VUL
20,Proverbs,4,17,Proverbs 4:17,3,"impietatis,",,,,Clementine,VUL
20,Proverbs,4,17,Proverbs 4:17,4,et,,,,Clementine,VUL
20,Proverbs,4,17,Proverbs 4:17,5,vinum,,,,Clementine,VUL
20,Proverbs,4,17,Proverbs 4:17,6,iniquitatis,,,,Clementine,VUL
20,Proverbs,4,17,Proverbs 4:17,7,bibunt.,,,,Clementine,VUL
20,Proverbs,4,18,Proverbs 4:18,1,Justorum,,,,Clementine,VUL
20,Proverbs,4,18,Proverbs 4:18,2,autem,,,,Clementine,VUL
20,Proverbs,4,18,Proverbs 4:18,3,semita,,,,Clementine,VUL
20,Proverbs,4,18,Proverbs 4:18,4,quasi,,,,Clementine,VUL
20,Proverbs,4,18,Proverbs 4:18,5,lux,,,,Clementine,VUL
20,Proverbs,4,18,Proverbs 4:18,6,splendens,,,,Clementine,VUL
20,Proverbs,4,18,Proverbs 4:18,7,"procedit,",,,,Clementine,VUL
20,Proverbs,4,18,Proverbs 4:18,8,et,,,,Clementine,VUL
20,Proverbs,4,18,Proverbs 4:18,9,crescit,,,,Clementine,VUL
20,Proverbs,4,18,Proverbs 4:18,10,usque,,,,Clementine,VUL
20,Proverbs,4,18,Proverbs 4:18,11,ad,,,,Clementine,VUL
20,Proverbs,4,18,Proverbs 4:18,12,perfectam,,,,Clementine,VUL
20,Proverbs,4,18,Proverbs 4:18,13,diem.,,,,Clementine,VUL
20,Proverbs,4,19,Proverbs 4:19,1,Via,,,,Clementine,VUL
20,Proverbs,4,19,Proverbs 4:19,2,impiorum,,,,Clementine,VUL
20,Proverbs,4,19,Proverbs 4:19,3,tenebrosa,,,,Clementine,VUL
20,Proverbs,4,19,Proverbs 4:19,4,;,,,,Clementine,VUL
20,Proverbs,4,19,Proverbs 4:19,5,nesciunt,,,,Clementine,VUL
20,Proverbs,4,19,Proverbs 4:19,6,ubi,,,,Clementine,VUL
20,Proverbs,4,19,Proverbs 4:19,7,corruant.,,,,Clementine,VUL
20,Proverbs,4,20,Proverbs 4:20,1,Fili,,,,Clementine,VUL
20,Proverbs,4,20,Proverbs 4:20,2,"mi,",,,,Clementine,VUL
20,Proverbs,4,20,Proverbs 4:20,3,ausculta,,,,Clementine,VUL
20,Proverbs,4,20,Proverbs 4:20,4,sermones,,,,Clementine,VUL
20,Proverbs,4,20,Proverbs 4:20,5,"meos,",,,,Clementine,VUL
20,Proverbs,4,20,Proverbs 4:20,6,et,,,,Clementine,VUL
20,Proverbs,4,20,Proverbs 4:20,7,ad,,,,Clementine,VUL
20,Proverbs,4,20,Proverbs 4:20,8,eloquia,,,,Clementine,VUL
20,Proverbs,4,20,Proverbs 4:20,9,mea,,,,Clementine,VUL
20,Proverbs,4,20,Proverbs 4:20,10,inclina,,,,Clementine,VUL
20,Proverbs,4,20,Proverbs 4:20,11,aurem,,,,Clementine,VUL
20,Proverbs,4,20,Proverbs 4:20,12,tuam.,,,,Clementine,VUL
20,Proverbs,4,21,Proverbs 4:21,1,Ne,,,,Clementine,VUL
20,Proverbs,4,21,Proverbs 4:21,2,recedant,,,,Clementine,VUL
20,Proverbs,4,21,Proverbs 4:21,3,ab,,,,Clementine,VUL
20,Proverbs,4,21,Proverbs 4:21,4,oculis,,,,Clementine,VUL
20,Proverbs,4,21,Proverbs 4:21,5,tuis,,,,Clementine,VUL
20,Proverbs,4,21,Proverbs 4:21,6,:,,,,Clementine,VUL
20,Proverbs,4,21,Proverbs 4:21,7,custodi,,,,Clementine,VUL
20,Proverbs,4,21,Proverbs 4:21,8,ea,,,,Clementine,VUL
20,Proverbs,4,21,Proverbs 4:21,9,in,,,,Clementine,VUL
20,Proverbs,4,21,Proverbs 4:21,10,medio,,,,Clementine,VUL
20,Proverbs,4,21,Proverbs 4:21,11,cordis,,,,Clementine,VUL
20,Proverbs,4,21,Proverbs 4:21,12,tui,,,,Clementine,VUL
20,Proverbs,4,21,Proverbs 4:21,13,:,,,,Clementine,VUL
20,Proverbs,4,22,Proverbs 4:22,1,vita,,,,Clementine,VUL
20,Proverbs,4,22,Proverbs 4:22,2,enim,,,,Clementine,VUL
20,Proverbs,4,22,Proverbs 4:22,3,sunt,,,,Clementine,VUL
20,Proverbs,4,22,Proverbs 4:22,4,invenientibus,,,,Clementine,VUL
20,Proverbs,4,22,Proverbs 4:22,5,"ea,",,,,Clementine,VUL
20,Proverbs,4,22,Proverbs 4:22,6,et,,,,Clementine,VUL
20,Proverbs,4,22,Proverbs 4:22,7,universæ,,,,Clementine,VUL
20,Proverbs,4,22,Proverbs 4:22,8,carni,,,,Clementine,VUL
20,Proverbs,4,22,Proverbs 4:22,9,sanitas.,,,,Clementine,VUL
20,Proverbs,4,23,Proverbs 4:23,1,Omni,,,,Clementine,VUL
20,Proverbs,4,23,Proverbs 4:23,2,custodia,,,,Clementine,VUL
20,Proverbs,4,23,Proverbs 4:23,3,serva,,,,Clementine,VUL
20,Proverbs,4,23,Proverbs 4:23,4,cor,,,,Clementine,VUL
20,Proverbs,4,23,Proverbs 4:23,5,"tuum,",,,,Clementine,VUL
20,Proverbs,4,23,Proverbs 4:23,6,quia,,,,Clementine,VUL
20,Proverbs,4,23,Proverbs 4:23,7,ex,,,,Clementine,VUL
20,Proverbs,4,23,Proverbs 4:23,8,ipso,,,,Clementine,VUL
20,Proverbs,4,23,Proverbs 4:23,9,vita,,,,Clementine,VUL
20,Proverbs,4,23,Proverbs 4:23,10,procedit.,,,,Clementine,VUL
20,Proverbs,4,24,Proverbs 4:24,1,Remove,,,,Clementine,VUL
20,Proverbs,4,24,Proverbs 4:24,2,a,,,,Clementine,VUL
20,Proverbs,4,24,Proverbs 4:24,3,te,,,,Clementine,VUL
20,Proverbs,4,24,Proverbs 4:24,4,os,,,,Clementine,VUL
20,Proverbs,4,24,Proverbs 4:24,5,"pravum,",,,,Clementine,VUL
20,Proverbs,4,24,Proverbs 4:24,6,et,,,,Clementine,VUL
20,Proverbs,4,24,Proverbs 4:24,7,detrahentia,,,,Clementine,VUL
20,Proverbs,4,24,Proverbs 4:24,8,labia,,,,Clementine,VUL
20,Proverbs,4,24,Proverbs 4:24,9,sint,,,,Clementine,VUL
20,Proverbs,4,24,Proverbs 4:24,10,procul,,,,Clementine,VUL
20,Proverbs,4,24,Proverbs 4:24,11,a,,,,Clementine,VUL
20,Proverbs,4,24,Proverbs 4:24,12,te.,,,,Clementine,VUL
20,Proverbs,4,25,Proverbs 4:25,1,Oculi,,,,Clementine,VUL
20,Proverbs,4,25,Proverbs 4:25,2,tui,,,,Clementine,VUL
20,Proverbs,4,25,Proverbs 4:25,3,recta,,,,Clementine,VUL
20,Proverbs,4,25,Proverbs 4:25,4,"videant,",,,,Clementine,VUL
20,Proverbs,4,25,Proverbs 4:25,5,et,,,,Clementine,VUL
20,Proverbs,4,25,Proverbs 4:25,6,palpebræ,,,,Clementine,VUL
20,Proverbs,4,25,Proverbs 4:25,7,tuæ,,,,Clementine,VUL
20,Proverbs,4,25,Proverbs 4:25,8,præcedant,,,,Clementine,VUL
20,Proverbs,4,25,Proverbs 4:25,9,gressus,,,,Clementine,VUL
20,Proverbs,4,25,Proverbs 4:25,10,tuos.,,,,Clementine,VUL
20,Proverbs,4,26,Proverbs 4:26,1,Dirige,,,,Clementine,VUL
20,Proverbs,4,26,Proverbs 4:26,2,semitam,,,,Clementine,VUL
20,Proverbs,4,26,Proverbs 4:26,3,pedibus,,,,Clementine,VUL
20,Proverbs,4,26,Proverbs 4:26,4,"tuis,",,,,Clementine,VUL
20,Proverbs,4,26,Proverbs 4:26,5,et,,,,Clementine,VUL
20,Proverbs,4,26,Proverbs 4:26,6,omnes,,,,Clementine,VUL
20,Proverbs,4,26,Proverbs 4:26,7,viæ,,,,Clementine,VUL
20,Proverbs,4,26,Proverbs 4:26,8,tuæ,,,,Clementine,VUL
20,Proverbs,4,26,Proverbs 4:26,9,stabilientur.,,,,Clementine,VUL
20,Proverbs,4,27,Proverbs 4:27,1,Ne,,,,Clementine,VUL
20,Proverbs,4,27,Proverbs 4:27,2,declines,,,,Clementine,VUL
20,Proverbs,4,27,Proverbs 4:27,3,ad,,,,Clementine,VUL
20,Proverbs,4,27,Proverbs 4:27,4,dexteram,,,,Clementine,VUL
20,Proverbs,4,27,Proverbs 4:27,5,neque,,,,Clementine,VUL
20,Proverbs,4,27,Proverbs 4:27,6,ad,,,,Clementine,VUL
20,Proverbs,4,27,Proverbs 4:27,7,sinistram,,,,Clementine,VUL
20,Proverbs,4,27,Proverbs 4:27,8,;,,,,Clementine,VUL
20,Proverbs,4,27,Proverbs 4:27,9,averte,,,,Clementine,VUL
20,Proverbs,4,27,Proverbs 4:27,10,pedem,,,,Clementine,VUL
20,Proverbs,4,27,Proverbs 4:27,11,tuum,,,,Clementine,VUL
20,Proverbs,4,27,Proverbs 4:27,12,a,,,,Clementine,VUL
20,Proverbs,4,27,Proverbs 4:27,13,malo,,,,Clementine,VUL
20,Proverbs,4,27,Proverbs 4:27,14,:,,,,Clementine,VUL
20,Proverbs,4,27,Proverbs 4:27,15,vias,,,,Clementine,VUL
20,Proverbs,4,27,Proverbs 4:27,16,enim,,,,Clementine,VUL
20,Proverbs,4,27,Proverbs 4:27,17,quæ,,,,Clementine,VUL
20,Proverbs,4,27,Proverbs 4:27,18,a,,,,Clementine,VUL
20,Proverbs,4,27,Proverbs 4:27,19,dextris,,,,Clementine,VUL
20,Proverbs,4,27,Proverbs 4:27,20,sunt,,,,Clementine,VUL
20,Proverbs,4,27,Proverbs 4:27,21,novit,,,,Clementine,VUL
20,Proverbs,4,27,Proverbs 4:27,22,Dominus,,,,Clementine,VUL
20,Proverbs,4,27,Proverbs 4:27,23,:,,,,Clementine,VUL
20,Proverbs,4,27,Proverbs 4:27,24,perversæ,,,,Clementine,VUL
20,Proverbs,4,27,Proverbs 4:27,25,vero,,,,Clementine,VUL
20,Proverbs,4,27,Proverbs 4:27,26,sunt,,,,Clementine,VUL
20,Proverbs,4,27,Proverbs 4:27,27,quæ,,,,Clementine,VUL
20,Proverbs,4,27,Proverbs 4:27,28,a,,,,Clementine,VUL
20,Proverbs,4,27,Proverbs 4:27,29,sinistris,,,,Clementine,VUL
20,Proverbs,4,27,Proverbs 4:27,30,sunt.,,,,Clementine,VUL
20,Proverbs,4,27,Proverbs 4:27,31,Ipse,,,,Clementine,VUL
20,Proverbs,4,27,Proverbs 4:27,32,autem,,,,Clementine,VUL
20,Proverbs,4,27,Proverbs 4:27,33,rectos,,,,Clementine,VUL
20,Proverbs,4,27,Proverbs 4:27,34,faciet,,,,Clementine,VUL
20,Proverbs,4,27,Proverbs 4:27,35,cursus,,,,Clementine,VUL
20,Proverbs,4,27,Proverbs 4:27,36,"tuos,",,,,Clementine,VUL
20,Proverbs,4,27,Proverbs 4:27,37,itinera,,,,Clementine,VUL
20,Proverbs,4,27,Proverbs 4:27,38,autem,,,,Clementine,VUL
20,Proverbs,4,27,Proverbs 4:27,39,tua,,,,Clementine,VUL
20,Proverbs,4,27,Proverbs 4:27,40,in,,,,Clementine,VUL
20,Proverbs,4,27,Proverbs 4:27,41,pace,,,,Clementine,VUL
20,Proverbs,4,27,Proverbs 4:27,42,producet.,,,,Clementine,VUL
20,Proverbs,5,1,Proverbs 5:1,1,Fili,,,,Clementine,VUL
20,Proverbs,5,1,Proverbs 5:1,2,"mi,",,,,Clementine,VUL
20,Proverbs,5,1,Proverbs 5:1,3,attende,,,,Clementine,VUL
20,Proverbs,5,1,Proverbs 5:1,4,ad,,,,Clementine,VUL
20,Proverbs,5,1,Proverbs 5:1,5,sapientiam,,,,Clementine,VUL
20,Proverbs,5,1,Proverbs 5:1,6,"meam,",,,,Clementine,VUL
20,Proverbs,5,1,Proverbs 5:1,7,et,,,,Clementine,VUL
20,Proverbs,5,1,Proverbs 5:1,8,prudentiæ,,,,Clementine,VUL
20,Proverbs,5,1,Proverbs 5:1,9,meæ,,,,Clementine,VUL
20,Proverbs,5,1,Proverbs 5:1,10,inclina,,,,Clementine,VUL
20,Proverbs,5,1,Proverbs 5:1,11,aurem,,,,Clementine,VUL
20,Proverbs,5,1,Proverbs 5:1,12,tuam,,,,Clementine,VUL
20,Proverbs,5,1,Proverbs 5:1,13,:,,,,Clementine,VUL
20,Proverbs,5,2,Proverbs 5:2,1,ut,,,,Clementine,VUL
20,Proverbs,5,2,Proverbs 5:2,2,custodias,,,,Clementine,VUL
20,Proverbs,5,2,Proverbs 5:2,3,"cogitationes,",,,,Clementine,VUL
20,Proverbs,5,2,Proverbs 5:2,4,et,,,,Clementine,VUL
20,Proverbs,5,2,Proverbs 5:2,5,disciplinam,,,,Clementine,VUL
20,Proverbs,5,2,Proverbs 5:2,6,labia,,,,Clementine,VUL
20,Proverbs,5,2,Proverbs 5:2,7,tua,,,,Clementine,VUL
20,Proverbs,5,2,Proverbs 5:2,8,conservent.,,,,Clementine,VUL
20,Proverbs,5,2,Proverbs 5:2,9,Ne,,,,Clementine,VUL
20,Proverbs,5,2,Proverbs 5:2,10,attendas,,,,Clementine,VUL
20,Proverbs,5,2,Proverbs 5:2,11,fallaciæ,,,,Clementine,VUL
20,Proverbs,5,2,Proverbs 5:2,12,mulieris,,,,Clementine,VUL
20,Proverbs,5,2,Proverbs 5:2,13,;,,,,Clementine,VUL
20,Proverbs,5,3,Proverbs 5:3,1,favus,,,,Clementine,VUL
20,Proverbs,5,3,Proverbs 5:3,2,enim,,,,Clementine,VUL
20,Proverbs,5,3,Proverbs 5:3,3,distillans,,,,Clementine,VUL
20,Proverbs,5,3,Proverbs 5:3,4,labia,,,,Clementine,VUL
20,Proverbs,5,3,Proverbs 5:3,5,"meretricis,",,,,Clementine,VUL
20,Proverbs,5,3,Proverbs 5:3,6,et,,,,Clementine,VUL
20,Proverbs,5,3,Proverbs 5:3,7,nitidius,,,,Clementine,VUL
20,Proverbs,5,3,Proverbs 5:3,8,oleo,,,,Clementine,VUL
20,Proverbs,5,3,Proverbs 5:3,9,guttur,,,,Clementine,VUL
20,Proverbs,5,3,Proverbs 5:3,10,ejus,,,,Clementine,VUL
20,Proverbs,5,3,Proverbs 5:3,11,:,,,,Clementine,VUL
20,Proverbs,5,4,Proverbs 5:4,1,novissima,,,,Clementine,VUL
20,Proverbs,5,4,Proverbs 5:4,2,autem,,,,Clementine,VUL
20,Proverbs,5,4,Proverbs 5:4,3,illius,,,,Clementine,VUL
20,Proverbs,5,4,Proverbs 5:4,4,amara,,,,Clementine,VUL
20,Proverbs,5,4,Proverbs 5:4,5,quasi,,,,Clementine,VUL
20,Proverbs,5,4,Proverbs 5:4,6,"absinthium,",,,,Clementine,VUL
20,Proverbs,5,4,Proverbs 5:4,7,et,,,,Clementine,VUL
20,Proverbs,5,4,Proverbs 5:4,8,acuta,,,,Clementine,VUL
20,Proverbs,5,4,Proverbs 5:4,9,quasi,,,,Clementine,VUL
20,Proverbs,5,4,Proverbs 5:4,10,gladius,,,,Clementine,VUL
20,Proverbs,5,4,Proverbs 5:4,11,biceps.,,,,Clementine,VUL
20,Proverbs,5,5,Proverbs 5:5,1,Pedes,,,,Clementine,VUL
20,Proverbs,5,5,Proverbs 5:5,2,ejus,,,,Clementine,VUL
20,Proverbs,5,5,Proverbs 5:5,3,descendunt,,,,Clementine,VUL
20,Proverbs,5,5,Proverbs 5:5,4,in,,,,Clementine,VUL
20,Proverbs,5,5,Proverbs 5:5,5,"mortem,",,,,Clementine,VUL
20,Proverbs,5,5,Proverbs 5:5,6,et,,,,Clementine,VUL
20,Proverbs,5,5,Proverbs 5:5,7,ad,,,,Clementine,VUL
20,Proverbs,5,5,Proverbs 5:5,8,inferos,,,,Clementine,VUL
20,Proverbs,5,5,Proverbs 5:5,9,gressus,,,,Clementine,VUL
20,Proverbs,5,5,Proverbs 5:5,10,illius,,,,Clementine,VUL
20,Proverbs,5,5,Proverbs 5:5,11,penetrant.,,,,Clementine,VUL
20,Proverbs,5,6,Proverbs 5:6,1,Per,,,,Clementine,VUL
20,Proverbs,5,6,Proverbs 5:6,2,semitam,,,,Clementine,VUL
20,Proverbs,5,6,Proverbs 5:6,3,vitæ,,,,Clementine,VUL
20,Proverbs,5,6,Proverbs 5:6,4,non,,,,Clementine,VUL
20,Proverbs,5,6,Proverbs 5:6,5,ambulant,,,,Clementine,VUL
20,Proverbs,5,6,Proverbs 5:6,6,;,,,,Clementine,VUL
20,Proverbs,5,6,Proverbs 5:6,7,vagi,,,,Clementine,VUL
20,Proverbs,5,6,Proverbs 5:6,8,sunt,,,,Clementine,VUL
20,Proverbs,5,6,Proverbs 5:6,9,gressus,,,,Clementine,VUL
20,Proverbs,5,6,Proverbs 5:6,10,ejus,,,,Clementine,VUL
20,Proverbs,5,6,Proverbs 5:6,11,et,,,,Clementine,VUL
20,Proverbs,5,6,Proverbs 5:6,12,investigabiles.,,,,Clementine,VUL
20,Proverbs,5,7,Proverbs 5:7,1,Nunc,,,,Clementine,VUL
20,Proverbs,5,7,Proverbs 5:7,2,ergo,,,,Clementine,VUL
20,Proverbs,5,7,Proverbs 5:7,3,fili,,,,Clementine,VUL
20,Proverbs,5,7,Proverbs 5:7,4,"mi,",,,,Clementine,VUL
20,Proverbs,5,7,Proverbs 5:7,5,audi,,,,Clementine,VUL
20,Proverbs,5,7,Proverbs 5:7,6,"me,",,,,Clementine,VUL
20,Proverbs,5,7,Proverbs 5:7,7,et,,,,Clementine,VUL
20,Proverbs,5,7,Proverbs 5:7,8,ne,,,,Clementine,VUL
20,Proverbs,5,7,Proverbs 5:7,9,recedas,,,,Clementine,VUL
20,Proverbs,5,7,Proverbs 5:7,10,a,,,,Clementine,VUL
20,Proverbs,5,7,Proverbs 5:7,11,verbis,,,,Clementine,VUL
20,Proverbs,5,7,Proverbs 5:7,12,oris,,,,Clementine,VUL
20,Proverbs,5,7,Proverbs 5:7,13,mei.,,,,Clementine,VUL
20,Proverbs,5,8,Proverbs 5:8,1,Longe,,,,Clementine,VUL
20,Proverbs,5,8,Proverbs 5:8,2,fac,,,,Clementine,VUL
20,Proverbs,5,8,Proverbs 5:8,3,ab,,,,Clementine,VUL
20,Proverbs,5,8,Proverbs 5:8,4,ea,,,,Clementine,VUL
20,Proverbs,5,8,Proverbs 5:8,5,viam,,,,Clementine,VUL
20,Proverbs,5,8,Proverbs 5:8,6,"tuam,",,,,Clementine,VUL
20,Proverbs,5,8,Proverbs 5:8,7,et,,,,Clementine,VUL
20,Proverbs,5,8,Proverbs 5:8,8,ne,,,,Clementine,VUL
20,Proverbs,5,8,Proverbs 5:8,9,appropinques,,,,Clementine,VUL
20,Proverbs,5,8,Proverbs 5:8,10,foribus,,,,Clementine,VUL
20,Proverbs,5,8,Proverbs 5:8,11,domus,,,,Clementine,VUL
20,Proverbs,5,8,Proverbs 5:8,12,ejus.,,,,Clementine,VUL
20,Proverbs,5,9,Proverbs 5:9,1,Ne,,,,Clementine,VUL
20,Proverbs,5,9,Proverbs 5:9,2,des,,,,Clementine,VUL
20,Proverbs,5,9,Proverbs 5:9,3,alienis,,,,Clementine,VUL
20,Proverbs,5,9,Proverbs 5:9,4,honorem,,,,Clementine,VUL
20,Proverbs,5,9,Proverbs 5:9,5,"tuum,",,,,Clementine,VUL
20,Proverbs,5,9,Proverbs 5:9,6,et,,,,Clementine,VUL
20,Proverbs,5,9,Proverbs 5:9,7,annos,,,,Clementine,VUL
20,Proverbs,5,9,Proverbs 5:9,8,tuos,,,,Clementine,VUL
20,Proverbs,5,9,Proverbs 5:9,9,crudeli,,,,Clementine,VUL
20,Proverbs,5,9,Proverbs 5:9,10,:,,,,Clementine,VUL
20,Proverbs,5,10,Proverbs 5:10,1,ne,,,,Clementine,VUL
20,Proverbs,5,10,Proverbs 5:10,2,forte,,,,Clementine,VUL
20,Proverbs,5,10,Proverbs 5:10,3,impleantur,,,,Clementine,VUL
20,Proverbs,5,10,Proverbs 5:10,4,extranei,,,,Clementine,VUL
20,Proverbs,5,10,Proverbs 5:10,5,viribus,,,,Clementine,VUL
20,Proverbs,5,10,Proverbs 5:10,6,"tuis,",,,,Clementine,VUL
20,Proverbs,5,10,Proverbs 5:10,7,et,,,,Clementine,VUL
20,Proverbs,5,10,Proverbs 5:10,8,labores,,,,Clementine,VUL
20,Proverbs,5,10,Proverbs 5:10,9,tui,,,,Clementine,VUL
20,Proverbs,5,10,Proverbs 5:10,10,sint,,,,Clementine,VUL
20,Proverbs,5,10,Proverbs 5:10,11,in,,,,Clementine,VUL
20,Proverbs,5,10,Proverbs 5:10,12,domo,,,,Clementine,VUL
20,Proverbs,5,10,Proverbs 5:10,13,"aliena,",,,,Clementine,VUL
20,Proverbs,5,11,Proverbs 5:11,1,et,,,,Clementine,VUL
20,Proverbs,5,11,Proverbs 5:11,2,gemas,,,,Clementine,VUL
20,Proverbs,5,11,Proverbs 5:11,3,in,,,,Clementine,VUL
20,Proverbs,5,11,Proverbs 5:11,4,"novissimis,",,,,Clementine,VUL
20,Proverbs,5,11,Proverbs 5:11,5,quando,,,,Clementine,VUL
20,Proverbs,5,11,Proverbs 5:11,6,consumpseris,,,,Clementine,VUL
20,Proverbs,5,11,Proverbs 5:11,7,carnes,,,,Clementine,VUL
20,Proverbs,5,11,Proverbs 5:11,8,tuas,,,,Clementine,VUL
20,Proverbs,5,11,Proverbs 5:11,9,et,,,,Clementine,VUL
20,Proverbs,5,11,Proverbs 5:11,10,corpus,,,,Clementine,VUL
20,Proverbs,5,11,Proverbs 5:11,11,"tuum,",,,,Clementine,VUL
20,Proverbs,5,11,Proverbs 5:11,12,et,,,,Clementine,VUL
20,Proverbs,5,11,Proverbs 5:11,13,dicas,,,,Clementine,VUL
20,Proverbs,5,11,Proverbs 5:11,14,:,,,,Clementine,VUL
20,Proverbs,5,12,Proverbs 5:12,1,Cur,,,,Clementine,VUL
20,Proverbs,5,12,Proverbs 5:12,2,detestatus,,,,Clementine,VUL
20,Proverbs,5,12,Proverbs 5:12,3,sum,,,,Clementine,VUL
20,Proverbs,5,12,Proverbs 5:12,4,"disciplinam,",,,,Clementine,VUL
20,Proverbs,5,12,Proverbs 5:12,5,et,,,,Clementine,VUL
20,Proverbs,5,12,Proverbs 5:12,6,increpationibus,,,,Clementine,VUL
20,Proverbs,5,12,Proverbs 5:12,7,non,,,,Clementine,VUL
20,Proverbs,5,12,Proverbs 5:12,8,acquievit,,,,Clementine,VUL
20,Proverbs,5,12,Proverbs 5:12,9,cor,,,,Clementine,VUL
20,Proverbs,5,12,Proverbs 5:12,10,"meum,",,,,Clementine,VUL
20,Proverbs,5,13,Proverbs 5:13,1,nec,,,,Clementine,VUL
20,Proverbs,5,13,Proverbs 5:13,2,audivi,,,,Clementine,VUL
20,Proverbs,5,13,Proverbs 5:13,3,vocem,,,,Clementine,VUL
20,Proverbs,5,13,Proverbs 5:13,4,docentium,,,,Clementine,VUL
20,Proverbs,5,13,Proverbs 5:13,5,"me,",,,,Clementine,VUL
20,Proverbs,5,13,Proverbs 5:13,6,et,,,,Clementine,VUL
20,Proverbs,5,13,Proverbs 5:13,7,magistris,,,,Clementine,VUL
20,Proverbs,5,13,Proverbs 5:13,8,non,,,,Clementine,VUL
20,Proverbs,5,13,Proverbs 5:13,9,inclinavi,,,,Clementine,VUL
20,Proverbs,5,13,Proverbs 5:13,10,aurem,,,,Clementine,VUL
20,Proverbs,5,13,Proverbs 5:13,11,meam,,,,Clementine,VUL
20,Proverbs,5,13,Proverbs 5:13,12,?,,,,Clementine,VUL
20,Proverbs,5,14,Proverbs 5:14,1,pene,,,,Clementine,VUL
20,Proverbs,5,14,Proverbs 5:14,2,fui,,,,Clementine,VUL
20,Proverbs,5,14,Proverbs 5:14,3,in,,,,Clementine,VUL
20,Proverbs,5,14,Proverbs 5:14,4,omni,,,,Clementine,VUL
20,Proverbs,5,14,Proverbs 5:14,5,"malo,",,,,Clementine,VUL
20,Proverbs,5,14,Proverbs 5:14,6,in,,,,Clementine,VUL
20,Proverbs,5,14,Proverbs 5:14,7,medio,,,,Clementine,VUL
20,Proverbs,5,14,Proverbs 5:14,8,ecclesiæ,,,,Clementine,VUL
20,Proverbs,5,14,Proverbs 5:14,9,et,,,,Clementine,VUL
20,Proverbs,5,14,Proverbs 5:14,10,synagogæ.,,,,Clementine,VUL
20,Proverbs,5,15,Proverbs 5:15,1,Bibe,,,,Clementine,VUL
20,Proverbs,5,15,Proverbs 5:15,2,aquam,,,,Clementine,VUL
20,Proverbs,5,15,Proverbs 5:15,3,de,,,,Clementine,VUL
20,Proverbs,5,15,Proverbs 5:15,4,cisterna,,,,Clementine,VUL
20,Proverbs,5,15,Proverbs 5:15,5,"tua,",,,,Clementine,VUL
20,Proverbs,5,15,Proverbs 5:15,6,et,,,,Clementine,VUL
20,Proverbs,5,15,Proverbs 5:15,7,fluenta,,,,Clementine,VUL
20,Proverbs,5,15,Proverbs 5:15,8,putei,,,,Clementine,VUL
20,Proverbs,5,15,Proverbs 5:15,9,tui,,,,Clementine,VUL
20,Proverbs,5,15,Proverbs 5:15,10,;,,,,Clementine,VUL
20,Proverbs,5,16,Proverbs 5:16,1,deriventur,,,,Clementine,VUL
20,Proverbs,5,16,Proverbs 5:16,2,fontes,,,,Clementine,VUL
20,Proverbs,5,16,Proverbs 5:16,3,tui,,,,Clementine,VUL
20,Proverbs,5,16,Proverbs 5:16,4,"foras,",,,,Clementine,VUL
20,Proverbs,5,16,Proverbs 5:16,5,et,,,,Clementine,VUL
20,Proverbs,5,16,Proverbs 5:16,6,in,,,,Clementine,VUL
20,Proverbs,5,16,Proverbs 5:16,7,plateis,,,,Clementine,VUL
20,Proverbs,5,16,Proverbs 5:16,8,aquas,,,,Clementine,VUL
20,Proverbs,5,16,Proverbs 5:16,9,tuas,,,,Clementine,VUL
20,Proverbs,5,16,Proverbs 5:16,10,divide.,,,,Clementine,VUL
20,Proverbs,5,17,Proverbs 5:17,1,Habeto,,,,Clementine,VUL
20,Proverbs,5,17,Proverbs 5:17,2,eas,,,,Clementine,VUL
20,Proverbs,5,17,Proverbs 5:17,3,"solus,",,,,Clementine,VUL
20,Proverbs,5,17,Proverbs 5:17,4,nec,,,,Clementine,VUL
20,Proverbs,5,17,Proverbs 5:17,5,sint,,,,Clementine,VUL
20,Proverbs,5,17,Proverbs 5:17,6,alieni,,,,Clementine,VUL
20,Proverbs,5,17,Proverbs 5:17,7,participes,,,,Clementine,VUL
20,Proverbs,5,17,Proverbs 5:17,8,tui.,,,,Clementine,VUL
20,Proverbs,5,18,Proverbs 5:18,1,Sit,,,,Clementine,VUL
20,Proverbs,5,18,Proverbs 5:18,2,vena,,,,Clementine,VUL
20,Proverbs,5,18,Proverbs 5:18,3,tua,,,,Clementine,VUL
20,Proverbs,5,18,Proverbs 5:18,4,"benedicta,",,,,Clementine,VUL
20,Proverbs,5,18,Proverbs 5:18,5,et,,,,Clementine,VUL
20,Proverbs,5,18,Proverbs 5:18,6,lætare,,,,Clementine,VUL
20,Proverbs,5,18,Proverbs 5:18,7,cum,,,,Clementine,VUL
20,Proverbs,5,18,Proverbs 5:18,8,muliere,,,,Clementine,VUL
20,Proverbs,5,18,Proverbs 5:18,9,adolescentiæ,,,,Clementine,VUL
20,Proverbs,5,18,Proverbs 5:18,10,tuæ.,,,,Clementine,VUL
20,Proverbs,5,19,Proverbs 5:19,1,Cerva,,,,Clementine,VUL
20,Proverbs,5,19,Proverbs 5:19,2,"carissima,",,,,Clementine,VUL
20,Proverbs,5,19,Proverbs 5:19,3,et,,,,Clementine,VUL
20,Proverbs,5,19,Proverbs 5:19,4,gratissimus,,,,Clementine,VUL
20,Proverbs,5,19,Proverbs 5:19,5,hinnulus,,,,Clementine,VUL
20,Proverbs,5,19,Proverbs 5:19,6,:,,,,Clementine,VUL
20,Proverbs,5,19,Proverbs 5:19,7,ubera,,,,Clementine,VUL
20,Proverbs,5,19,Proverbs 5:19,8,ejus,,,,Clementine,VUL
20,Proverbs,5,19,Proverbs 5:19,9,inebrient,,,,Clementine,VUL
20,Proverbs,5,19,Proverbs 5:19,10,te,,,,Clementine,VUL
20,Proverbs,5,19,Proverbs 5:19,11,in,,,,Clementine,VUL
20,Proverbs,5,19,Proverbs 5:19,12,omni,,,,Clementine,VUL
20,Proverbs,5,19,Proverbs 5:19,13,tempore,,,,Clementine,VUL
20,Proverbs,5,19,Proverbs 5:19,14,;,,,,Clementine,VUL
20,Proverbs,5,19,Proverbs 5:19,15,in,,,,Clementine,VUL
20,Proverbs,5,19,Proverbs 5:19,16,amore,,,,Clementine,VUL
20,Proverbs,5,19,Proverbs 5:19,17,ejus,,,,Clementine,VUL
20,Proverbs,5,19,Proverbs 5:19,18,delectare,,,,Clementine,VUL
20,Proverbs,5,19,Proverbs 5:19,19,jugiter.,,,,Clementine,VUL
20,Proverbs,5,20,Proverbs 5:20,1,Quare,,,,Clementine,VUL
20,Proverbs,5,20,Proverbs 5:20,2,"seduceris,",,,,Clementine,VUL
20,Proverbs,5,20,Proverbs 5:20,3,fili,,,,Clementine,VUL
20,Proverbs,5,20,Proverbs 5:20,4,"mi,",,,,Clementine,VUL
20,Proverbs,5,20,Proverbs 5:20,5,ab,,,,Clementine,VUL
20,Proverbs,5,20,Proverbs 5:20,6,"aliena,",,,,Clementine,VUL
20,Proverbs,5,20,Proverbs 5:20,7,et,,,,Clementine,VUL
20,Proverbs,5,20,Proverbs 5:20,8,foveris,,,,Clementine,VUL
20,Proverbs,5,20,Proverbs 5:20,9,in,,,,Clementine,VUL
20,Proverbs,5,20,Proverbs 5:20,10,sinu,,,,Clementine,VUL
20,Proverbs,5,20,Proverbs 5:20,11,alterius,,,,Clementine,VUL
20,Proverbs,5,20,Proverbs 5:20,12,?,,,,Clementine,VUL
20,Proverbs,5,21,Proverbs 5:21,1,Respicit,,,,Clementine,VUL
20,Proverbs,5,21,Proverbs 5:21,2,Dominus,,,,Clementine,VUL
20,Proverbs,5,21,Proverbs 5:21,3,vias,,,,Clementine,VUL
20,Proverbs,5,21,Proverbs 5:21,4,"hominis,",,,,Clementine,VUL
20,Proverbs,5,21,Proverbs 5:21,5,et,,,,Clementine,VUL
20,Proverbs,5,21,Proverbs 5:21,6,omnes,,,,Clementine,VUL
20,Proverbs,5,21,Proverbs 5:21,7,gressus,,,,Clementine,VUL
20,Proverbs,5,21,Proverbs 5:21,8,ejus,,,,Clementine,VUL
20,Proverbs,5,21,Proverbs 5:21,9,considerat.,,,,Clementine,VUL
20,Proverbs,5,22,Proverbs 5:22,1,Iniquitates,,,,Clementine,VUL
20,Proverbs,5,22,Proverbs 5:22,2,suas,,,,Clementine,VUL
20,Proverbs,5,22,Proverbs 5:22,3,capiunt,,,,Clementine,VUL
20,Proverbs,5,22,Proverbs 5:22,4,"impium,",,,,Clementine,VUL
20,Proverbs,5,22,Proverbs 5:22,5,et,,,,Clementine,VUL
20,Proverbs,5,22,Proverbs 5:22,6,funibus,,,,Clementine,VUL
20,Proverbs,5,22,Proverbs 5:22,7,peccatorum,,,,Clementine,VUL
20,Proverbs,5,22,Proverbs 5:22,8,suorum,,,,Clementine,VUL
20,Proverbs,5,22,Proverbs 5:22,9,constringitur.,,,,Clementine,VUL
20,Proverbs,5,23,Proverbs 5:23,1,Ipse,,,,Clementine,VUL
20,Proverbs,5,23,Proverbs 5:23,2,"morietur,",,,,Clementine,VUL
20,Proverbs,5,23,Proverbs 5:23,3,quia,,,,Clementine,VUL
20,Proverbs,5,23,Proverbs 5:23,4,non,,,,Clementine,VUL
20,Proverbs,5,23,Proverbs 5:23,5,habuit,,,,Clementine,VUL
20,Proverbs,5,23,Proverbs 5:23,6,"disciplinam,",,,,Clementine,VUL
20,Proverbs,5,23,Proverbs 5:23,7,et,,,,Clementine,VUL
20,Proverbs,5,23,Proverbs 5:23,8,in,,,,Clementine,VUL
20,Proverbs,5,23,Proverbs 5:23,9,multitudine,,,,Clementine,VUL
20,Proverbs,5,23,Proverbs 5:23,10,stultitiæ,,,,Clementine,VUL
20,Proverbs,5,23,Proverbs 5:23,11,suæ,,,,Clementine,VUL
20,Proverbs,5,23,Proverbs 5:23,12,decipietur.,,,,Clementine,VUL
20,Proverbs,6,1,Proverbs 6:1,1,Fili,,,,Clementine,VUL
20,Proverbs,6,1,Proverbs 6:1,2,"mi,",,,,Clementine,VUL
20,Proverbs,6,1,Proverbs 6:1,3,si,,,,Clementine,VUL
20,Proverbs,6,1,Proverbs 6:1,4,spoponderis,,,,Clementine,VUL
20,Proverbs,6,1,Proverbs 6:1,5,pro,,,,Clementine,VUL
20,Proverbs,6,1,Proverbs 6:1,6,amico,,,,Clementine,VUL
20,Proverbs,6,1,Proverbs 6:1,7,"tuo,",,,,Clementine,VUL
20,Proverbs,6,1,Proverbs 6:1,8,defixisti,,,,Clementine,VUL
20,Proverbs,6,1,Proverbs 6:1,9,apud,,,,Clementine,VUL
20,Proverbs,6,1,Proverbs 6:1,10,extraneum,,,,Clementine,VUL
20,Proverbs,6,1,Proverbs 6:1,11,manum,,,,Clementine,VUL
20,Proverbs,6,1,Proverbs 6:1,12,tuam,,,,Clementine,VUL
20,Proverbs,6,1,Proverbs 6:1,13,:,,,,Clementine,VUL
20,Proverbs,6,2,Proverbs 6:2,1,illaqueatus,,,,Clementine,VUL
20,Proverbs,6,2,Proverbs 6:2,2,es,,,,Clementine,VUL
20,Proverbs,6,2,Proverbs 6:2,3,verbis,,,,Clementine,VUL
20,Proverbs,6,2,Proverbs 6:2,4,oris,,,,Clementine,VUL
20,Proverbs,6,2,Proverbs 6:2,5,"tui,",,,,Clementine,VUL
20,Proverbs,6,2,Proverbs 6:2,6,et,,,,Clementine,VUL
20,Proverbs,6,2,Proverbs 6:2,7,captus,,,,Clementine,VUL
20,Proverbs,6,2,Proverbs 6:2,8,propriis,,,,Clementine,VUL
20,Proverbs,6,2,Proverbs 6:2,9,sermonibus.,,,,Clementine,VUL
20,Proverbs,6,3,Proverbs 6:3,1,Fac,,,,Clementine,VUL
20,Proverbs,6,3,Proverbs 6:3,2,ergo,,,,Clementine,VUL
20,Proverbs,6,3,Proverbs 6:3,3,quod,,,,Clementine,VUL
20,Proverbs,6,3,Proverbs 6:3,4,"dico,",,,,Clementine,VUL
20,Proverbs,6,3,Proverbs 6:3,5,fili,,,,Clementine,VUL
20,Proverbs,6,3,Proverbs 6:3,6,"mi,",,,,Clementine,VUL
20,Proverbs,6,3,Proverbs 6:3,7,et,,,,Clementine,VUL
20,Proverbs,6,3,Proverbs 6:3,8,temetipsum,,,,Clementine,VUL
20,Proverbs,6,3,Proverbs 6:3,9,"libera,",,,,Clementine,VUL
20,Proverbs,6,3,Proverbs 6:3,10,quia,,,,Clementine,VUL
20,Proverbs,6,3,Proverbs 6:3,11,incidisti,,,,Clementine,VUL
20,Proverbs,6,3,Proverbs 6:3,12,in,,,,Clementine,VUL
20,Proverbs,6,3,Proverbs 6:3,13,manum,,,,Clementine,VUL
20,Proverbs,6,3,Proverbs 6:3,14,proximi,,,,Clementine,VUL
20,Proverbs,6,3,Proverbs 6:3,15,tui.,,,,Clementine,VUL
20,Proverbs,6,3,Proverbs 6:3,16,"Discurre,",,,,Clementine,VUL
20,Proverbs,6,3,Proverbs 6:3,17,"festina,",,,,Clementine,VUL
20,Proverbs,6,3,Proverbs 6:3,18,suscita,,,,Clementine,VUL
20,Proverbs,6,3,Proverbs 6:3,19,amicum,,,,Clementine,VUL
20,Proverbs,6,3,Proverbs 6:3,20,tuum.,,,,Clementine,VUL
20,Proverbs,6,4,Proverbs 6:4,1,Ne,,,,Clementine,VUL
20,Proverbs,6,4,Proverbs 6:4,2,dederis,,,,Clementine,VUL
20,Proverbs,6,4,Proverbs 6:4,3,somnum,,,,Clementine,VUL
20,Proverbs,6,4,Proverbs 6:4,4,oculis,,,,Clementine,VUL
20,Proverbs,6,4,Proverbs 6:4,5,"tuis,",,,,Clementine,VUL
20,Proverbs,6,4,Proverbs 6:4,6,nec,,,,Clementine,VUL
20,Proverbs,6,4,Proverbs 6:4,7,dormitent,,,,Clementine,VUL
20,Proverbs,6,4,Proverbs 6:4,8,palpebræ,,,,Clementine,VUL
20,Proverbs,6,4,Proverbs 6:4,9,tuæ.,,,,Clementine,VUL
20,Proverbs,6,5,Proverbs 6:5,1,Eruere,,,,Clementine,VUL
20,Proverbs,6,5,Proverbs 6:5,2,quasi,,,,Clementine,VUL
20,Proverbs,6,5,Proverbs 6:5,3,damula,,,,Clementine,VUL
20,Proverbs,6,5,Proverbs 6:5,4,de,,,,Clementine,VUL
20,Proverbs,6,5,Proverbs 6:5,5,"manu,",,,,Clementine,VUL
20,Proverbs,6,5,Proverbs 6:5,6,et,,,,Clementine,VUL
20,Proverbs,6,5,Proverbs 6:5,7,quasi,,,,Clementine,VUL
20,Proverbs,6,5,Proverbs 6:5,8,avis,,,,Clementine,VUL
20,Proverbs,6,5,Proverbs 6:5,9,de,,,,Clementine,VUL
20,Proverbs,6,5,Proverbs 6:5,10,manu,,,,Clementine,VUL
20,Proverbs,6,5,Proverbs 6:5,11,aucupis.,,,,Clementine,VUL
20,Proverbs,6,6,Proverbs 6:6,1,Vade,,,,Clementine,VUL
20,Proverbs,6,6,Proverbs 6:6,2,ad,,,,Clementine,VUL
20,Proverbs,6,6,Proverbs 6:6,3,"formicam,",,,,Clementine,VUL
20,Proverbs,6,6,Proverbs 6:6,4,o,,,,Clementine,VUL
20,Proverbs,6,6,Proverbs 6:6,5,"piger,",,,,Clementine,VUL
20,Proverbs,6,6,Proverbs 6:6,6,et,,,,Clementine,VUL
20,Proverbs,6,6,Proverbs 6:6,7,considera,,,,Clementine,VUL
20,Proverbs,6,6,Proverbs 6:6,8,vias,,,,Clementine,VUL
20,Proverbs,6,6,Proverbs 6:6,9,"ejus,",,,,Clementine,VUL
20,Proverbs,6,6,Proverbs 6:6,10,et,,,,Clementine,VUL
20,Proverbs,6,6,Proverbs 6:6,11,disce,,,,Clementine,VUL
20,Proverbs,6,6,Proverbs 6:6,12,sapientiam.,,,,Clementine,VUL
20,Proverbs,6,7,Proverbs 6:7,1,Quæ,,,,Clementine,VUL
20,Proverbs,6,7,Proverbs 6:7,2,cum,,,,Clementine,VUL
20,Proverbs,6,7,Proverbs 6:7,3,non,,,,Clementine,VUL
20,Proverbs,6,7,Proverbs 6:7,4,habeat,,,,Clementine,VUL
20,Proverbs,6,7,Proverbs 6:7,5,"ducem,",,,,Clementine,VUL
20,Proverbs,6,7,Proverbs 6:7,6,nec,,,,Clementine,VUL
20,Proverbs,6,7,Proverbs 6:7,7,"præceptorem,",,,,Clementine,VUL
20,Proverbs,6,7,Proverbs 6:7,8,nec,,,,Clementine,VUL
20,Proverbs,6,7,Proverbs 6:7,9,"principem,",,,,Clementine,VUL
20,Proverbs,6,8,Proverbs 6:8,1,parat,,,,Clementine,VUL
20,Proverbs,6,8,Proverbs 6:8,2,in,,,,Clementine,VUL
20,Proverbs,6,8,Proverbs 6:8,3,æstate,,,,Clementine,VUL
20,Proverbs,6,8,Proverbs 6:8,4,cibum,,,,Clementine,VUL
20,Proverbs,6,8,Proverbs 6:8,5,"sibi,",,,,Clementine,VUL
20,Proverbs,6,8,Proverbs 6:8,6,et,,,,Clementine,VUL
20,Proverbs,6,8,Proverbs 6:8,7,congregat,,,,Clementine,VUL
20,Proverbs,6,8,Proverbs 6:8,8,in,,,,Clementine,VUL
20,Proverbs,6,8,Proverbs 6:8,9,messe,,,,Clementine,VUL
20,Proverbs,6,8,Proverbs 6:8,10,quod,,,,Clementine,VUL
20,Proverbs,6,8,Proverbs 6:8,11,comedat.,,,,Clementine,VUL
20,Proverbs,6,9,Proverbs 6:9,1,"Usquequo,",,,,Clementine,VUL
20,Proverbs,6,9,Proverbs 6:9,2,"piger,",,,,Clementine,VUL
20,Proverbs,6,9,Proverbs 6:9,3,dormies,,,,Clementine,VUL
20,Proverbs,6,9,Proverbs 6:9,4,?,,,,Clementine,VUL
20,Proverbs,6,9,Proverbs 6:9,5,quando,,,,Clementine,VUL
20,Proverbs,6,9,Proverbs 6:9,6,consurges,,,,Clementine,VUL
20,Proverbs,6,9,Proverbs 6:9,7,e,,,,Clementine,VUL
20,Proverbs,6,9,Proverbs 6:9,8,somno,,,,Clementine,VUL
20,Proverbs,6,9,Proverbs 6:9,9,tuo,,,,Clementine,VUL
20,Proverbs,6,9,Proverbs 6:9,10,?,,,,Clementine,VUL
20,Proverbs,6,10,Proverbs 6:10,1,Paululum,,,,Clementine,VUL
20,Proverbs,6,10,Proverbs 6:10,2,"dormies,",,,,Clementine,VUL
20,Proverbs,6,10,Proverbs 6:10,3,paululum,,,,Clementine,VUL
20,Proverbs,6,10,Proverbs 6:10,4,"dormitabis,",,,,Clementine,VUL
20,Proverbs,6,10,Proverbs 6:10,5,paululum,,,,Clementine,VUL
20,Proverbs,6,10,Proverbs 6:10,6,conseres,,,,Clementine,VUL
20,Proverbs,6,10,Proverbs 6:10,7,manus,,,,Clementine,VUL
20,Proverbs,6,10,Proverbs 6:10,8,ut,,,,Clementine,VUL
20,Proverbs,6,10,Proverbs 6:10,9,dormias,,,,Clementine,VUL
20,Proverbs,6,10,Proverbs 6:10,10,;,,,,Clementine,VUL
20,Proverbs,6,11,Proverbs 6:11,1,et,,,,Clementine,VUL
20,Proverbs,6,11,Proverbs 6:11,2,veniet,,,,Clementine,VUL
20,Proverbs,6,11,Proverbs 6:11,3,tibi,,,,Clementine,VUL
20,Proverbs,6,11,Proverbs 6:11,4,quasi,,,,Clementine,VUL
20,Proverbs,6,11,Proverbs 6:11,5,viator,,,,Clementine,VUL
20,Proverbs,6,11,Proverbs 6:11,6,"egestas,",,,,Clementine,VUL
20,Proverbs,6,11,Proverbs 6:11,7,et,,,,Clementine,VUL
20,Proverbs,6,11,Proverbs 6:11,8,pauperies,,,,Clementine,VUL
20,Proverbs,6,11,Proverbs 6:11,9,quasi,,,,Clementine,VUL
20,Proverbs,6,11,Proverbs 6:11,10,vir,,,,Clementine,VUL
20,Proverbs,6,11,Proverbs 6:11,11,armatus.,,,,Clementine,VUL
20,Proverbs,6,11,Proverbs 6:11,12,Si,,,,Clementine,VUL
20,Proverbs,6,11,Proverbs 6:11,13,vero,,,,Clementine,VUL
20,Proverbs,6,11,Proverbs 6:11,14,impiger,,,,Clementine,VUL
20,Proverbs,6,11,Proverbs 6:11,15,"fueris,",,,,Clementine,VUL
20,Proverbs,6,11,Proverbs 6:11,16,veniet,,,,Clementine,VUL
20,Proverbs,6,11,Proverbs 6:11,17,ut,,,,Clementine,VUL
20,Proverbs,6,11,Proverbs 6:11,18,fons,,,,Clementine,VUL
20,Proverbs,6,11,Proverbs 6:11,19,messis,,,,Clementine,VUL
20,Proverbs,6,11,Proverbs 6:11,20,"tua,",,,,Clementine,VUL
20,Proverbs,6,11,Proverbs 6:11,21,et,,,,Clementine,VUL
20,Proverbs,6,11,Proverbs 6:11,22,egestas,,,,Clementine,VUL
20,Proverbs,6,11,Proverbs 6:11,23,longe,,,,Clementine,VUL
20,Proverbs,6,11,Proverbs 6:11,24,fugiet,,,,Clementine,VUL
20,Proverbs,6,11,Proverbs 6:11,25,a,,,,Clementine,VUL
20,Proverbs,6,11,Proverbs 6:11,26,te.,,,,Clementine,VUL
20,Proverbs,6,12,Proverbs 6:12,1,Homo,,,,Clementine,VUL
20,Proverbs,6,12,Proverbs 6:12,2,"apostata,",,,,Clementine,VUL
20,Proverbs,6,12,Proverbs 6:12,3,vir,,,,Clementine,VUL
20,Proverbs,6,12,Proverbs 6:12,4,"inutilis,",,,,Clementine,VUL
20,Proverbs,6,12,Proverbs 6:12,5,graditur,,,,Clementine,VUL
20,Proverbs,6,12,Proverbs 6:12,6,ore,,,,Clementine,VUL
20,Proverbs,6,12,Proverbs 6:12,7,perverso,,,,Clementine,VUL
20,Proverbs,6,12,Proverbs 6:12,8,;,,,,Clementine,VUL
20,Proverbs,6,13,Proverbs 6:13,1,annuit,,,,Clementine,VUL
20,Proverbs,6,13,Proverbs 6:13,2,"oculis,",,,,Clementine,VUL
20,Proverbs,6,13,Proverbs 6:13,3,terit,,,,Clementine,VUL
20,Proverbs,6,13,Proverbs 6:13,4,"pede,",,,,Clementine,VUL
20,Proverbs,6,13,Proverbs 6:13,5,digito,,,,Clementine,VUL
20,Proverbs,6,13,Proverbs 6:13,6,"loquitur,",,,,Clementine,VUL
20,Proverbs,6,14,Proverbs 6:14,1,pravo,,,,Clementine,VUL
20,Proverbs,6,14,Proverbs 6:14,2,corde,,,,Clementine,VUL
20,Proverbs,6,14,Proverbs 6:14,3,machinatur,,,,Clementine,VUL
20,Proverbs,6,14,Proverbs 6:14,4,"malum,",,,,Clementine,VUL
20,Proverbs,6,14,Proverbs 6:14,5,et,,,,Clementine,VUL
20,Proverbs,6,14,Proverbs 6:14,6,omni,,,,Clementine,VUL
20,Proverbs,6,14,Proverbs 6:14,7,tempore,,,,Clementine,VUL
20,Proverbs,6,14,Proverbs 6:14,8,jurgia,,,,Clementine,VUL
20,Proverbs,6,14,Proverbs 6:14,9,seminat.,,,,Clementine,VUL
20,Proverbs,6,15,Proverbs 6:15,1,Huic,,,,Clementine,VUL
20,Proverbs,6,15,Proverbs 6:15,2,extemplo,,,,Clementine,VUL
20,Proverbs,6,15,Proverbs 6:15,3,veniet,,,,Clementine,VUL
20,Proverbs,6,15,Proverbs 6:15,4,perditio,,,,Clementine,VUL
20,Proverbs,6,15,Proverbs 6:15,5,"sua,",,,,Clementine,VUL
20,Proverbs,6,15,Proverbs 6:15,6,et,,,,Clementine,VUL
20,Proverbs,6,15,Proverbs 6:15,7,subito,,,,Clementine,VUL
20,Proverbs,6,15,Proverbs 6:15,8,"conteretur,",,,,Clementine,VUL
20,Proverbs,6,15,Proverbs 6:15,9,nec,,,,Clementine,VUL
20,Proverbs,6,15,Proverbs 6:15,10,habebit,,,,Clementine,VUL
20,Proverbs,6,15,Proverbs 6:15,11,ultra,,,,Clementine,VUL
20,Proverbs,6,15,Proverbs 6:15,12,medicinam.,,,,Clementine,VUL
20,Proverbs,6,16,Proverbs 6:16,1,Sex,,,,Clementine,VUL
20,Proverbs,6,16,Proverbs 6:16,2,sunt,,,,Clementine,VUL
20,Proverbs,6,16,Proverbs 6:16,3,quæ,,,,Clementine,VUL
20,Proverbs,6,16,Proverbs 6:16,4,odit,,,,Clementine,VUL
20,Proverbs,6,16,Proverbs 6:16,5,"Dominus,",,,,Clementine,VUL
20,Proverbs,6,16,Proverbs 6:16,6,et,,,,Clementine,VUL
20,Proverbs,6,16,Proverbs 6:16,7,septimum,,,,Clementine,VUL
20,Proverbs,6,16,Proverbs 6:16,8,detestatur,,,,Clementine,VUL
20,Proverbs,6,16,Proverbs 6:16,9,anima,,,,Clementine,VUL
20,Proverbs,6,16,Proverbs 6:16,10,ejus,,,,Clementine,VUL
20,Proverbs,6,16,Proverbs 6:16,11,:,,,,Clementine,VUL
20,Proverbs,6,17,Proverbs 6:17,1,oculos,,,,Clementine,VUL
20,Proverbs,6,17,Proverbs 6:17,2,"sublimes,",,,,Clementine,VUL
20,Proverbs,6,17,Proverbs 6:17,3,linguam,,,,Clementine,VUL
20,Proverbs,6,17,Proverbs 6:17,4,"mendacem,",,,,Clementine,VUL
20,Proverbs,6,17,Proverbs 6:17,5,manus,,,,Clementine,VUL
20,Proverbs,6,17,Proverbs 6:17,6,effundentes,,,,Clementine,VUL
20,Proverbs,6,17,Proverbs 6:17,7,innoxium,,,,Clementine,VUL
20,Proverbs,6,17,Proverbs 6:17,8,"sanguinem,",,,,Clementine,VUL
20,Proverbs,6,18,Proverbs 6:18,1,cor,,,,Clementine,VUL
20,Proverbs,6,18,Proverbs 6:18,2,machinans,,,,Clementine,VUL
20,Proverbs,6,18,Proverbs 6:18,3,cogitationes,,,,Clementine,VUL
20,Proverbs,6,18,Proverbs 6:18,4,"pessimas,",,,,Clementine,VUL
20,Proverbs,6,18,Proverbs 6:18,5,pedes,,,,Clementine,VUL
20,Proverbs,6,18,Proverbs 6:18,6,veloces,,,,Clementine,VUL
20,Proverbs,6,18,Proverbs 6:18,7,ad,,,,Clementine,VUL
20,Proverbs,6,18,Proverbs 6:18,8,currendum,,,,Clementine,VUL
20,Proverbs,6,18,Proverbs 6:18,9,in,,,,Clementine,VUL
20,Proverbs,6,18,Proverbs 6:18,10,"malum,",,,,Clementine,VUL
20,Proverbs,6,19,Proverbs 6:19,1,proferentem,,,,Clementine,VUL
20,Proverbs,6,19,Proverbs 6:19,2,mendacia,,,,Clementine,VUL
20,Proverbs,6,19,Proverbs 6:19,3,testem,,,,Clementine,VUL
20,Proverbs,6,19,Proverbs 6:19,4,"fallacem,",,,,Clementine,VUL
20,Proverbs,6,19,Proverbs 6:19,5,et,,,,Clementine,VUL
20,Proverbs,6,19,Proverbs 6:19,6,eum,,,,Clementine,VUL
20,Proverbs,6,19,Proverbs 6:19,7,qui,,,,Clementine,VUL
20,Proverbs,6,19,Proverbs 6:19,8,seminat,,,,Clementine,VUL
20,Proverbs,6,19,Proverbs 6:19,9,inter,,,,Clementine,VUL
20,Proverbs,6,19,Proverbs 6:19,10,fratres,,,,Clementine,VUL
20,Proverbs,6,19,Proverbs 6:19,11,discordias.,,,,Clementine,VUL
20,Proverbs,6,20,Proverbs 6:20,1,"Conserva,",,,,Clementine,VUL
20,Proverbs,6,20,Proverbs 6:20,2,fili,,,,Clementine,VUL
20,Proverbs,6,20,Proverbs 6:20,3,"mi,",,,,Clementine,VUL
20,Proverbs,6,20,Proverbs 6:20,4,præcepta,,,,Clementine,VUL
20,Proverbs,6,20,Proverbs 6:20,5,patris,,,,Clementine,VUL
20,Proverbs,6,20,Proverbs 6:20,6,"tui,",,,,Clementine,VUL
20,Proverbs,6,20,Proverbs 6:20,7,et,,,,Clementine,VUL
20,Proverbs,6,20,Proverbs 6:20,8,ne,,,,Clementine,VUL
20,Proverbs,6,20,Proverbs 6:20,9,dimittas,,,,Clementine,VUL
20,Proverbs,6,20,Proverbs 6:20,10,legem,,,,Clementine,VUL
20,Proverbs,6,20,Proverbs 6:20,11,matris,,,,Clementine,VUL
20,Proverbs,6,20,Proverbs 6:20,12,tuæ.,,,,Clementine,VUL
20,Proverbs,6,21,Proverbs 6:21,1,Liga,,,,Clementine,VUL
20,Proverbs,6,21,Proverbs 6:21,2,ea,,,,Clementine,VUL
20,Proverbs,6,21,Proverbs 6:21,3,in,,,,Clementine,VUL
20,Proverbs,6,21,Proverbs 6:21,4,corde,,,,Clementine,VUL
20,Proverbs,6,21,Proverbs 6:21,5,tuo,,,,Clementine,VUL
20,Proverbs,6,21,Proverbs 6:21,6,"jugiter,",,,,Clementine,VUL
20,Proverbs,6,21,Proverbs 6:21,7,et,,,,Clementine,VUL
20,Proverbs,6,21,Proverbs 6:21,8,circumda,,,,Clementine,VUL
20,Proverbs,6,21,Proverbs 6:21,9,gutturi,,,,Clementine,VUL
20,Proverbs,6,21,Proverbs 6:21,10,tuo.,,,,Clementine,VUL
20,Proverbs,6,22,Proverbs 6:22,1,Cum,,,,Clementine,VUL
20,Proverbs,6,22,Proverbs 6:22,2,"ambulaveris,",,,,Clementine,VUL
20,Proverbs,6,22,Proverbs 6:22,3,gradiantur,,,,Clementine,VUL
20,Proverbs,6,22,Proverbs 6:22,4,tecum,,,,Clementine,VUL
20,Proverbs,6,22,Proverbs 6:22,5,;,,,,Clementine,VUL
20,Proverbs,6,22,Proverbs 6:22,6,cum,,,,Clementine,VUL
20,Proverbs,6,22,Proverbs 6:22,7,"dormieris,",,,,Clementine,VUL
20,Proverbs,6,22,Proverbs 6:22,8,custodiant,,,,Clementine,VUL
20,Proverbs,6,22,Proverbs 6:22,9,te,,,,Clementine,VUL
20,Proverbs,6,22,Proverbs 6:22,10,:,,,,Clementine,VUL
20,Proverbs,6,22,Proverbs 6:22,11,et,,,,Clementine,VUL
20,Proverbs,6,22,Proverbs 6:22,12,evigilans,,,,Clementine,VUL
20,Proverbs,6,22,Proverbs 6:22,13,loquere,,,,Clementine,VUL
20,Proverbs,6,22,Proverbs 6:22,14,cum,,,,Clementine,VUL
20,Proverbs,6,22,Proverbs 6:22,15,eis.,,,,Clementine,VUL
20,Proverbs,6,23,Proverbs 6:23,1,Quia,,,,Clementine,VUL
20,Proverbs,6,23,Proverbs 6:23,2,mandatum,,,,Clementine,VUL
20,Proverbs,6,23,Proverbs 6:23,3,lucerna,,,,Clementine,VUL
20,Proverbs,6,23,Proverbs 6:23,4,"est,",,,,Clementine,VUL
20,Proverbs,6,23,Proverbs 6:23,5,et,,,,Clementine,VUL
20,Proverbs,6,23,Proverbs 6:23,6,lex,,,,Clementine,VUL
20,Proverbs,6,23,Proverbs 6:23,7,"lux,",,,,Clementine,VUL
20,Proverbs,6,23,Proverbs 6:23,8,et,,,,Clementine,VUL
20,Proverbs,6,23,Proverbs 6:23,9,via,,,,Clementine,VUL
20,Proverbs,6,23,Proverbs 6:23,10,vitæ,,,,Clementine,VUL
20,Proverbs,6,23,Proverbs 6:23,11,increpatio,,,,Clementine,VUL
20,Proverbs,6,23,Proverbs 6:23,12,disciplinæ,,,,Clementine,VUL
20,Proverbs,6,23,Proverbs 6:23,13,:,,,,Clementine,VUL
20,Proverbs,6,24,Proverbs 6:24,1,ut,,,,Clementine,VUL
20,Proverbs,6,24,Proverbs 6:24,2,custodiant,,,,Clementine,VUL
20,Proverbs,6,24,Proverbs 6:24,3,te,,,,Clementine,VUL
20,Proverbs,6,24,Proverbs 6:24,4,a,,,,Clementine,VUL
20,Proverbs,6,24,Proverbs 6:24,5,muliere,,,,Clementine,VUL
20,Proverbs,6,24,Proverbs 6:24,6,"mala,",,,,Clementine,VUL
20,Proverbs,6,24,Proverbs 6:24,7,et,,,,Clementine,VUL
20,Proverbs,6,24,Proverbs 6:24,8,a,,,,Clementine,VUL
20,Proverbs,6,24,Proverbs 6:24,9,blanda,,,,Clementine,VUL
20,Proverbs,6,24,Proverbs 6:24,10,lingua,,,,Clementine,VUL
20,Proverbs,6,24,Proverbs 6:24,11,extraneæ.,,,,Clementine,VUL
20,Proverbs,6,25,Proverbs 6:25,1,Non,,,,Clementine,VUL
20,Proverbs,6,25,Proverbs 6:25,2,concupiscat,,,,Clementine,VUL
20,Proverbs,6,25,Proverbs 6:25,3,pulchritudinem,,,,Clementine,VUL
20,Proverbs,6,25,Proverbs 6:25,4,ejus,,,,Clementine,VUL
20,Proverbs,6,25,Proverbs 6:25,5,cor,,,,Clementine,VUL
20,Proverbs,6,25,Proverbs 6:25,6,"tuum,",,,,Clementine,VUL
20,Proverbs,6,25,Proverbs 6:25,7,nec,,,,Clementine,VUL
20,Proverbs,6,25,Proverbs 6:25,8,capiaris,,,,Clementine,VUL
20,Proverbs,6,25,Proverbs 6:25,9,nutibus,,,,Clementine,VUL
20,Proverbs,6,25,Proverbs 6:25,10,illius,,,,Clementine,VUL
20,Proverbs,6,25,Proverbs 6:25,11,:,,,,Clementine,VUL
20,Proverbs,6,26,Proverbs 6:26,1,pretium,,,,Clementine,VUL
20,Proverbs,6,26,Proverbs 6:26,2,enim,,,,Clementine,VUL
20,Proverbs,6,26,Proverbs 6:26,3,scorti,,,,Clementine,VUL
20,Proverbs,6,26,Proverbs 6:26,4,vix,,,,Clementine,VUL
20,Proverbs,6,26,Proverbs 6:26,5,est,,,,Clementine,VUL
20,Proverbs,6,26,Proverbs 6:26,6,unius,,,,Clementine,VUL
20,Proverbs,6,26,Proverbs 6:26,7,"panis,",,,,Clementine,VUL
20,Proverbs,6,26,Proverbs 6:26,8,mulier,,,,Clementine,VUL
20,Proverbs,6,26,Proverbs 6:26,9,autem,,,,Clementine,VUL
20,Proverbs,6,26,Proverbs 6:26,10,viri,,,,Clementine,VUL
20,Proverbs,6,26,Proverbs 6:26,11,pretiosam,,,,Clementine,VUL
20,Proverbs,6,26,Proverbs 6:26,12,animam,,,,Clementine,VUL
20,Proverbs,6,26,Proverbs 6:26,13,capit.,,,,Clementine,VUL
20,Proverbs,6,27,Proverbs 6:27,1,Numquid,,,,Clementine,VUL
20,Proverbs,6,27,Proverbs 6:27,2,potest,,,,Clementine,VUL
20,Proverbs,6,27,Proverbs 6:27,3,homo,,,,Clementine,VUL
20,Proverbs,6,27,Proverbs 6:27,4,abscondere,,,,Clementine,VUL
20,Proverbs,6,27,Proverbs 6:27,5,ignem,,,,Clementine,VUL
20,Proverbs,6,27,Proverbs 6:27,6,in,,,,Clementine,VUL
20,Proverbs,6,27,Proverbs 6:27,7,sinu,,,,Clementine,VUL
20,Proverbs,6,27,Proverbs 6:27,8,"suo,",,,,Clementine,VUL
20,Proverbs,6,27,Proverbs 6:27,9,ut,,,,Clementine,VUL
20,Proverbs,6,27,Proverbs 6:27,10,vestimenta,,,,Clementine,VUL
20,Proverbs,6,27,Proverbs 6:27,11,illius,,,,Clementine,VUL
20,Proverbs,6,27,Proverbs 6:27,12,non,,,,Clementine,VUL
20,Proverbs,6,27,Proverbs 6:27,13,ardeant,,,,Clementine,VUL
20,Proverbs,6,27,Proverbs 6:27,14,?,,,,Clementine,VUL
20,Proverbs,6,28,Proverbs 6:28,1,aut,,,,Clementine,VUL
20,Proverbs,6,28,Proverbs 6:28,2,ambulare,,,,Clementine,VUL
20,Proverbs,6,28,Proverbs 6:28,3,super,,,,Clementine,VUL
20,Proverbs,6,28,Proverbs 6:28,4,"prunas,",,,,Clementine,VUL
20,Proverbs,6,28,Proverbs 6:28,5,ut,,,,Clementine,VUL
20,Proverbs,6,28,Proverbs 6:28,6,non,,,,Clementine,VUL
20,Proverbs,6,28,Proverbs 6:28,7,comburantur,,,,Clementine,VUL
20,Proverbs,6,28,Proverbs 6:28,8,plantæ,,,,Clementine,VUL
20,Proverbs,6,28,Proverbs 6:28,9,ejus,,,,Clementine,VUL
20,Proverbs,6,28,Proverbs 6:28,10,?,,,,Clementine,VUL
20,Proverbs,6,29,Proverbs 6:29,1,sic,,,,Clementine,VUL
20,Proverbs,6,29,Proverbs 6:29,2,qui,,,,Clementine,VUL
20,Proverbs,6,29,Proverbs 6:29,3,ingreditur,,,,Clementine,VUL
20,Proverbs,6,29,Proverbs 6:29,4,ad,,,,Clementine,VUL
20,Proverbs,6,29,Proverbs 6:29,5,mulierem,,,,Clementine,VUL
20,Proverbs,6,29,Proverbs 6:29,6,proximi,,,,Clementine,VUL
20,Proverbs,6,29,Proverbs 6:29,7,"sui,",,,,Clementine,VUL
20,Proverbs,6,29,Proverbs 6:29,8,non,,,,Clementine,VUL
20,Proverbs,6,29,Proverbs 6:29,9,erit,,,,Clementine,VUL
20,Proverbs,6,29,Proverbs 6:29,10,mundus,,,,Clementine,VUL
20,Proverbs,6,29,Proverbs 6:29,11,cum,,,,Clementine,VUL
20,Proverbs,6,29,Proverbs 6:29,12,tetigerit,,,,Clementine,VUL
20,Proverbs,6,29,Proverbs 6:29,13,eam.,,,,Clementine,VUL
20,Proverbs,6,30,Proverbs 6:30,1,Non,,,,Clementine,VUL
20,Proverbs,6,30,Proverbs 6:30,2,grandis,,,,Clementine,VUL
20,Proverbs,6,30,Proverbs 6:30,3,est,,,,Clementine,VUL
20,Proverbs,6,30,Proverbs 6:30,4,culpa,,,,Clementine,VUL
20,Proverbs,6,30,Proverbs 6:30,5,cum,,,,Clementine,VUL
20,Proverbs,6,30,Proverbs 6:30,6,quis,,,,Clementine,VUL
20,Proverbs,6,30,Proverbs 6:30,7,furatus,,,,Clementine,VUL
20,Proverbs,6,30,Proverbs 6:30,8,fuerit,,,,Clementine,VUL
20,Proverbs,6,30,Proverbs 6:30,9,:,,,,Clementine,VUL
20,Proverbs,6,30,Proverbs 6:30,10,furatur,,,,Clementine,VUL
20,Proverbs,6,30,Proverbs 6:30,11,enim,,,,Clementine,VUL
20,Proverbs,6,30,Proverbs 6:30,12,ut,,,,Clementine,VUL
20,Proverbs,6,30,Proverbs 6:30,13,esurientem,,,,Clementine,VUL
20,Proverbs,6,30,Proverbs 6:30,14,impleat,,,,Clementine,VUL
20,Proverbs,6,30,Proverbs 6:30,15,animam,,,,Clementine,VUL
20,Proverbs,6,30,Proverbs 6:30,16,;,,,,Clementine,VUL
20,Proverbs,6,31,Proverbs 6:31,1,deprehensus,,,,Clementine,VUL
20,Proverbs,6,31,Proverbs 6:31,2,quoque,,,,Clementine,VUL
20,Proverbs,6,31,Proverbs 6:31,3,reddet,,,,Clementine,VUL
20,Proverbs,6,31,Proverbs 6:31,4,"septuplum,",,,,Clementine,VUL
20,Proverbs,6,31,Proverbs 6:31,5,et,,,,Clementine,VUL
20,Proverbs,6,31,Proverbs 6:31,6,omnem,,,,Clementine,VUL
20,Proverbs,6,31,Proverbs 6:31,7,substantiam,,,,Clementine,VUL
20,Proverbs,6,31,Proverbs 6:31,8,domus,,,,Clementine,VUL
20,Proverbs,6,31,Proverbs 6:31,9,suæ,,,,Clementine,VUL
20,Proverbs,6,31,Proverbs 6:31,10,tradet.,,,,Clementine,VUL
20,Proverbs,6,32,Proverbs 6:32,1,Qui,,,,Clementine,VUL
20,Proverbs,6,32,Proverbs 6:32,2,autem,,,,Clementine,VUL
20,Proverbs,6,32,Proverbs 6:32,3,adulter,,,,Clementine,VUL
20,Proverbs,6,32,Proverbs 6:32,4,"est,",,,,Clementine,VUL
20,Proverbs,6,32,Proverbs 6:32,5,propter,,,,Clementine,VUL
20,Proverbs,6,32,Proverbs 6:32,6,cordis,,,,Clementine,VUL
20,Proverbs,6,32,Proverbs 6:32,7,inopiam,,,,Clementine,VUL
20,Proverbs,6,32,Proverbs 6:32,8,perdet,,,,Clementine,VUL
20,Proverbs,6,32,Proverbs 6:32,9,animam,,,,Clementine,VUL
20,Proverbs,6,32,Proverbs 6:32,10,suam,,,,Clementine,VUL
20,Proverbs,6,32,Proverbs 6:32,11,;,,,,Clementine,VUL
20,Proverbs,6,33,Proverbs 6:33,1,turpitudinem,,,,Clementine,VUL
20,Proverbs,6,33,Proverbs 6:33,2,et,,,,Clementine,VUL
20,Proverbs,6,33,Proverbs 6:33,3,ignominiam,,,,Clementine,VUL
20,Proverbs,6,33,Proverbs 6:33,4,congregat,,,,Clementine,VUL
20,Proverbs,6,33,Proverbs 6:33,5,"sibi,",,,,Clementine,VUL
20,Proverbs,6,33,Proverbs 6:33,6,et,,,,Clementine,VUL
20,Proverbs,6,33,Proverbs 6:33,7,opprobrium,,,,Clementine,VUL
20,Proverbs,6,33,Proverbs 6:33,8,illius,,,,Clementine,VUL
20,Proverbs,6,33,Proverbs 6:33,9,non,,,,Clementine,VUL
20,Proverbs,6,33,Proverbs 6:33,10,delebitur,,,,Clementine,VUL
20,Proverbs,6,33,Proverbs 6:33,11,:,,,,Clementine,VUL
20,Proverbs,6,34,Proverbs 6:34,1,quia,,,,Clementine,VUL
20,Proverbs,6,34,Proverbs 6:34,2,zelus,,,,Clementine,VUL
20,Proverbs,6,34,Proverbs 6:34,3,et,,,,Clementine,VUL
20,Proverbs,6,34,Proverbs 6:34,4,furor,,,,Clementine,VUL
20,Proverbs,6,34,Proverbs 6:34,5,viri,,,,Clementine,VUL
20,Proverbs,6,34,Proverbs 6:34,6,non,,,,Clementine,VUL
20,Proverbs,6,34,Proverbs 6:34,7,parcet,,,,Clementine,VUL
20,Proverbs,6,34,Proverbs 6:34,8,in,,,,Clementine,VUL
20,Proverbs,6,34,Proverbs 6:34,9,die,,,,Clementine,VUL
20,Proverbs,6,34,Proverbs 6:34,10,"vindictæ,",,,,Clementine,VUL
20,Proverbs,6,35,Proverbs 6:35,1,nec,,,,Clementine,VUL
20,Proverbs,6,35,Proverbs 6:35,2,acquiescet,,,,Clementine,VUL
20,Proverbs,6,35,Proverbs 6:35,3,cujusquam,,,,Clementine,VUL
20,Proverbs,6,35,Proverbs 6:35,4,"precibus,",,,,Clementine,VUL
20,Proverbs,6,35,Proverbs 6:35,5,nec,,,,Clementine,VUL
20,Proverbs,6,35,Proverbs 6:35,6,suscipiet,,,,Clementine,VUL
20,Proverbs,6,35,Proverbs 6:35,7,pro,,,,Clementine,VUL
20,Proverbs,6,35,Proverbs 6:35,8,redemptione,,,,Clementine,VUL
20,Proverbs,6,35,Proverbs 6:35,9,dona,,,,Clementine,VUL
20,Proverbs,6,35,Proverbs 6:35,10,plurima.,,,,Clementine,VUL
20,Proverbs,7,1,Proverbs 7:1,1,Fili,,,,Clementine,VUL
20,Proverbs,7,1,Proverbs 7:1,2,"mi,",,,,Clementine,VUL
20,Proverbs,7,1,Proverbs 7:1,3,custodi,,,,Clementine,VUL
20,Proverbs,7,1,Proverbs 7:1,4,sermones,,,,Clementine,VUL
20,Proverbs,7,1,Proverbs 7:1,5,"meos,",,,,Clementine,VUL
20,Proverbs,7,1,Proverbs 7:1,6,et,,,,Clementine,VUL
20,Proverbs,7,1,Proverbs 7:1,7,præcepta,,,,Clementine,VUL
20,Proverbs,7,1,Proverbs 7:1,8,mea,,,,Clementine,VUL
20,Proverbs,7,1,Proverbs 7:1,9,reconde,,,,Clementine,VUL
20,Proverbs,7,1,Proverbs 7:1,10,tibi.,,,,Clementine,VUL
20,Proverbs,7,1,Proverbs 7:1,11,"Fili,",,,,Clementine,VUL
20,Proverbs,7,2,Proverbs 7:2,1,serva,,,,Clementine,VUL
20,Proverbs,7,2,Proverbs 7:2,2,mandata,,,,Clementine,VUL
20,Proverbs,7,2,Proverbs 7:2,3,"mea,",,,,Clementine,VUL
20,Proverbs,7,2,Proverbs 7:2,4,et,,,,Clementine,VUL
20,Proverbs,7,2,Proverbs 7:2,5,vives,,,,Clementine,VUL
20,Proverbs,7,2,Proverbs 7:2,6,;,,,,Clementine,VUL
20,Proverbs,7,2,Proverbs 7:2,7,et,,,,Clementine,VUL
20,Proverbs,7,2,Proverbs 7:2,8,legem,,,,Clementine,VUL
20,Proverbs,7,2,Proverbs 7:2,9,meam,,,,Clementine,VUL
20,Proverbs,7,2,Proverbs 7:2,10,quasi,,,,Clementine,VUL
20,Proverbs,7,2,Proverbs 7:2,11,pupillam,,,,Clementine,VUL
20,Proverbs,7,2,Proverbs 7:2,12,oculi,,,,Clementine,VUL
20,Proverbs,7,2,Proverbs 7:2,13,tui,,,,Clementine,VUL
20,Proverbs,7,2,Proverbs 7:2,14,:,,,,Clementine,VUL
20,Proverbs,7,3,Proverbs 7:3,1,liga,,,,Clementine,VUL
20,Proverbs,7,3,Proverbs 7:3,2,eam,,,,Clementine,VUL
20,Proverbs,7,3,Proverbs 7:3,3,in,,,,Clementine,VUL
20,Proverbs,7,3,Proverbs 7:3,4,digitis,,,,Clementine,VUL
20,Proverbs,7,3,Proverbs 7:3,5,"tuis,",,,,Clementine,VUL
20,Proverbs,7,3,Proverbs 7:3,6,scribe,,,,Clementine,VUL
20,Proverbs,7,3,Proverbs 7:3,7,illam,,,,Clementine,VUL
20,Proverbs,7,3,Proverbs 7:3,8,in,,,,Clementine,VUL
20,Proverbs,7,3,Proverbs 7:3,9,tabulis,,,,Clementine,VUL
20,Proverbs,7,3,Proverbs 7:3,10,cordis,,,,Clementine,VUL
20,Proverbs,7,3,Proverbs 7:3,11,tui.,,,,Clementine,VUL
20,Proverbs,7,4,Proverbs 7:4,1,Dic,,,,Clementine,VUL
20,Proverbs,7,4,Proverbs 7:4,2,sapientiæ,,,,Clementine,VUL
20,Proverbs,7,4,Proverbs 7:4,3,:,,,,Clementine,VUL
20,Proverbs,7,4,Proverbs 7:4,4,Soror,,,,Clementine,VUL
20,Proverbs,7,4,Proverbs 7:4,5,mea,,,,Clementine,VUL
20,Proverbs,7,4,Proverbs 7:4,6,"es,",,,,Clementine,VUL
20,Proverbs,7,4,Proverbs 7:4,7,et,,,,Clementine,VUL
20,Proverbs,7,4,Proverbs 7:4,8,prudentiam,,,,Clementine,VUL
20,Proverbs,7,4,Proverbs 7:4,9,voca,,,,Clementine,VUL
20,Proverbs,7,4,Proverbs 7:4,10,amicam,,,,Clementine,VUL
20,Proverbs,7,4,Proverbs 7:4,11,tuam,,,,Clementine,VUL
20,Proverbs,7,4,Proverbs 7:4,12,:,,,,Clementine,VUL
20,Proverbs,7,5,Proverbs 7:5,1,ut,,,,Clementine,VUL
20,Proverbs,7,5,Proverbs 7:5,2,custodiant,,,,Clementine,VUL
20,Proverbs,7,5,Proverbs 7:5,3,te,,,,Clementine,VUL
20,Proverbs,7,5,Proverbs 7:5,4,a,,,,Clementine,VUL
20,Proverbs,7,5,Proverbs 7:5,5,muliere,,,,Clementine,VUL
20,Proverbs,7,5,Proverbs 7:5,6,"extranea,",,,,Clementine,VUL
20,Proverbs,7,5,Proverbs 7:5,7,et,,,,Clementine,VUL
20,Proverbs,7,5,Proverbs 7:5,8,ab,,,,Clementine,VUL
20,Proverbs,7,5,Proverbs 7:5,9,aliena,,,,Clementine,VUL
20,Proverbs,7,5,Proverbs 7:5,10,quæ,,,,Clementine,VUL
20,Proverbs,7,5,Proverbs 7:5,11,verba,,,,Clementine,VUL
20,Proverbs,7,5,Proverbs 7:5,12,sua,,,,Clementine,VUL
20,Proverbs,7,5,Proverbs 7:5,13,dulcia,,,,Clementine,VUL
20,Proverbs,7,5,Proverbs 7:5,14,facit.,,,,Clementine,VUL
20,Proverbs,7,6,Proverbs 7:6,1,De,,,,Clementine,VUL
20,Proverbs,7,6,Proverbs 7:6,2,fenestra,,,,Clementine,VUL
20,Proverbs,7,6,Proverbs 7:6,3,enim,,,,Clementine,VUL
20,Proverbs,7,6,Proverbs 7:6,4,domus,,,,Clementine,VUL
20,Proverbs,7,6,Proverbs 7:6,5,meæ,,,,Clementine,VUL
20,Proverbs,7,6,Proverbs 7:6,6,per,,,,Clementine,VUL
20,Proverbs,7,6,Proverbs 7:6,7,cancellos,,,,Clementine,VUL
20,Proverbs,7,6,Proverbs 7:6,8,"prospexi,",,,,Clementine,VUL
20,Proverbs,7,7,Proverbs 7:7,1,et,,,,Clementine,VUL
20,Proverbs,7,7,Proverbs 7:7,2,video,,,,Clementine,VUL
20,Proverbs,7,7,Proverbs 7:7,3,parvulos,,,,Clementine,VUL
20,Proverbs,7,7,Proverbs 7:7,4,;,,,,Clementine,VUL
20,Proverbs,7,7,Proverbs 7:7,5,considero,,,,Clementine,VUL
20,Proverbs,7,7,Proverbs 7:7,6,vecordem,,,,Clementine,VUL
20,Proverbs,7,7,Proverbs 7:7,7,"juvenem,",,,,Clementine,VUL
20,Proverbs,7,8,Proverbs 7:8,1,qui,,,,Clementine,VUL
20,Proverbs,7,8,Proverbs 7:8,2,transit,,,,Clementine,VUL
20,Proverbs,7,8,Proverbs 7:8,3,per,,,,Clementine,VUL
20,Proverbs,7,8,Proverbs 7:8,4,plateam,,,,Clementine,VUL
20,Proverbs,7,8,Proverbs 7:8,5,juxta,,,,Clementine,VUL
20,Proverbs,7,8,Proverbs 7:8,6,angulum,,,,Clementine,VUL
20,Proverbs,7,8,Proverbs 7:8,7,et,,,,Clementine,VUL
20,Proverbs,7,8,Proverbs 7:8,8,prope,,,,Clementine,VUL
20,Proverbs,7,8,Proverbs 7:8,9,viam,,,,Clementine,VUL
20,Proverbs,7,8,Proverbs 7:8,10,domus,,,,Clementine,VUL
20,Proverbs,7,8,Proverbs 7:8,11,illius,,,,Clementine,VUL
20,Proverbs,7,8,Proverbs 7:8,12,graditur,,,,Clementine,VUL
20,Proverbs,7,8,Proverbs 7:8,13,:,,,,Clementine,VUL
20,Proverbs,7,9,Proverbs 7:9,1,in,,,,Clementine,VUL
20,Proverbs,7,9,Proverbs 7:9,2,"obscuro,",,,,Clementine,VUL
20,Proverbs,7,9,Proverbs 7:9,3,advesperascente,,,,Clementine,VUL
20,Proverbs,7,9,Proverbs 7:9,4,"die,",,,,Clementine,VUL
20,Proverbs,7,9,Proverbs 7:9,5,in,,,,Clementine,VUL
20,Proverbs,7,9,Proverbs 7:9,6,noctis,,,,Clementine,VUL
20,Proverbs,7,9,Proverbs 7:9,7,tenebris,,,,Clementine,VUL
20,Proverbs,7,9,Proverbs 7:9,8,et,,,,Clementine,VUL
20,Proverbs,7,9,Proverbs 7:9,9,caligine.,,,,Clementine,VUL
20,Proverbs,7,10,Proverbs 7:10,1,Et,,,,Clementine,VUL
20,Proverbs,7,10,Proverbs 7:10,2,ecce,,,,Clementine,VUL
20,Proverbs,7,10,Proverbs 7:10,3,occurrit,,,,Clementine,VUL
20,Proverbs,7,10,Proverbs 7:10,4,illi,,,,Clementine,VUL
20,Proverbs,7,10,Proverbs 7:10,5,mulier,,,,Clementine,VUL
20,Proverbs,7,10,Proverbs 7:10,6,ornatu,,,,Clementine,VUL
20,Proverbs,7,10,Proverbs 7:10,7,"meretricio,",,,,Clementine,VUL
20,Proverbs,7,10,Proverbs 7:10,8,præparata,,,,Clementine,VUL
20,Proverbs,7,10,Proverbs 7:10,9,ad,,,,Clementine,VUL
20,Proverbs,7,10,Proverbs 7:10,10,capiendas,,,,Clementine,VUL
20,Proverbs,7,10,Proverbs 7:10,11,animas,,,,Clementine,VUL
20,Proverbs,7,10,Proverbs 7:10,12,:,,,,Clementine,VUL
20,Proverbs,7,10,Proverbs 7:10,13,garrula,,,,Clementine,VUL
20,Proverbs,7,10,Proverbs 7:10,14,et,,,,Clementine,VUL
20,Proverbs,7,10,Proverbs 7:10,15,"vaga,",,,,Clementine,VUL
20,Proverbs,7,11,Proverbs 7:11,1,quietis,,,,Clementine,VUL
20,Proverbs,7,11,Proverbs 7:11,2,"impatiens,",,,,Clementine,VUL
20,Proverbs,7,11,Proverbs 7:11,3,nec,,,,Clementine,VUL
20,Proverbs,7,11,Proverbs 7:11,4,valens,,,,Clementine,VUL
20,Proverbs,7,11,Proverbs 7:11,5,in,,,,Clementine,VUL
20,Proverbs,7,11,Proverbs 7:11,6,domo,,,,Clementine,VUL
20,Proverbs,7,11,Proverbs 7:11,7,consistere,,,,Clementine,VUL
20,Proverbs,7,11,Proverbs 7:11,8,pedibus,,,,Clementine,VUL
20,Proverbs,7,11,Proverbs 7:11,9,suis,,,,Clementine,VUL
20,Proverbs,7,11,Proverbs 7:11,10,;,,,,Clementine,VUL
20,Proverbs,7,12,Proverbs 7:12,1,nunc,,,,Clementine,VUL
20,Proverbs,7,12,Proverbs 7:12,2,"foris,",,,,Clementine,VUL
20,Proverbs,7,12,Proverbs 7:12,3,nunc,,,,Clementine,VUL
20,Proverbs,7,12,Proverbs 7:12,4,in,,,,Clementine,VUL
20,Proverbs,7,12,Proverbs 7:12,5,"plateis,",,,,Clementine,VUL
20,Proverbs,7,12,Proverbs 7:12,6,nunc,,,,Clementine,VUL
20,Proverbs,7,12,Proverbs 7:12,7,juxta,,,,Clementine,VUL
20,Proverbs,7,12,Proverbs 7:12,8,angulos,,,,Clementine,VUL
20,Proverbs,7,12,Proverbs 7:12,9,insidians.,,,,Clementine,VUL
20,Proverbs,7,13,Proverbs 7:13,1,Apprehensumque,,,,Clementine,VUL
20,Proverbs,7,13,Proverbs 7:13,2,deosculatur,,,,Clementine,VUL
20,Proverbs,7,13,Proverbs 7:13,3,"juvenem,",,,,Clementine,VUL
20,Proverbs,7,13,Proverbs 7:13,4,et,,,,Clementine,VUL
20,Proverbs,7,13,Proverbs 7:13,5,procaci,,,,Clementine,VUL
20,Proverbs,7,13,Proverbs 7:13,6,vultu,,,,Clementine,VUL
20,Proverbs,7,13,Proverbs 7:13,7,"blanditur,",,,,Clementine,VUL
20,Proverbs,7,13,Proverbs 7:13,8,dicens,,,,Clementine,VUL
20,Proverbs,7,13,Proverbs 7:13,9,:,,,,Clementine,VUL
20,Proverbs,7,14,Proverbs 7:14,1,Victimas,,,,Clementine,VUL
20,Proverbs,7,14,Proverbs 7:14,2,pro,,,,Clementine,VUL
20,Proverbs,7,14,Proverbs 7:14,3,salute,,,,Clementine,VUL
20,Proverbs,7,14,Proverbs 7:14,4,vovi,,,,Clementine,VUL
20,Proverbs,7,14,Proverbs 7:14,5,;,,,,Clementine,VUL
20,Proverbs,7,14,Proverbs 7:14,6,hodie,,,,Clementine,VUL
20,Proverbs,7,14,Proverbs 7:14,7,reddidi,,,,Clementine,VUL
20,Proverbs,7,14,Proverbs 7:14,8,vota,,,,Clementine,VUL
20,Proverbs,7,14,Proverbs 7:14,9,mea,,,,Clementine,VUL
20,Proverbs,7,14,Proverbs 7:14,10,:,,,,Clementine,VUL
20,Proverbs,7,15,Proverbs 7:15,1,idcirco,,,,Clementine,VUL
20,Proverbs,7,15,Proverbs 7:15,2,egressa,,,,Clementine,VUL
20,Proverbs,7,15,Proverbs 7:15,3,sum,,,,Clementine,VUL
20,Proverbs,7,15,Proverbs 7:15,4,in,,,,Clementine,VUL
20,Proverbs,7,15,Proverbs 7:15,5,occursum,,,,Clementine,VUL
20,Proverbs,7,15,Proverbs 7:15,6,"tuum,",,,,Clementine,VUL
20,Proverbs,7,15,Proverbs 7:15,7,desiderans,,,,Clementine,VUL
20,Proverbs,7,15,Proverbs 7:15,8,te,,,,Clementine,VUL
20,Proverbs,7,15,Proverbs 7:15,9,"videre,",,,,Clementine,VUL
20,Proverbs,7,15,Proverbs 7:15,10,et,,,,Clementine,VUL
20,Proverbs,7,15,Proverbs 7:15,11,reperi.,,,,Clementine,VUL
20,Proverbs,7,16,Proverbs 7:16,1,Intexui,,,,Clementine,VUL
20,Proverbs,7,16,Proverbs 7:16,2,funibus,,,,Clementine,VUL
20,Proverbs,7,16,Proverbs 7:16,3,lectulum,,,,Clementine,VUL
20,Proverbs,7,16,Proverbs 7:16,4,meum,,,,Clementine,VUL
20,Proverbs,7,16,Proverbs 7:16,5,;,,,,Clementine,VUL
20,Proverbs,7,16,Proverbs 7:16,6,stravi,,,,Clementine,VUL
20,Proverbs,7,16,Proverbs 7:16,7,tapetibus,,,,Clementine,VUL
20,Proverbs,7,16,Proverbs 7:16,8,pictis,,,,Clementine,VUL
20,Proverbs,7,16,Proverbs 7:16,9,ex,,,,Clementine,VUL
20,Proverbs,7,16,Proverbs 7:16,10,Ægypto,,,,Clementine,VUL
20,Proverbs,7,16,Proverbs 7:16,11,:,,,,Clementine,VUL
20,Proverbs,7,17,Proverbs 7:17,1,aspersi,,,,Clementine,VUL
20,Proverbs,7,17,Proverbs 7:17,2,cubile,,,,Clementine,VUL
20,Proverbs,7,17,Proverbs 7:17,3,meum,,,,Clementine,VUL
20,Proverbs,7,17,Proverbs 7:17,4,"myrrha,",,,,Clementine,VUL
20,Proverbs,7,17,Proverbs 7:17,5,et,,,,Clementine,VUL
20,Proverbs,7,17,Proverbs 7:17,6,"aloë,",,,,Clementine,VUL
20,Proverbs,7,17,Proverbs 7:17,7,et,,,,Clementine,VUL
20,Proverbs,7,17,Proverbs 7:17,8,cinnamomo.,,,,Clementine,VUL
20,Proverbs,7,18,Proverbs 7:18,1,"Veni,",,,,Clementine,VUL
20,Proverbs,7,18,Proverbs 7:18,2,inebriemur,,,,Clementine,VUL
20,Proverbs,7,18,Proverbs 7:18,3,"uberibus,",,,,Clementine,VUL
20,Proverbs,7,18,Proverbs 7:18,4,et,,,,Clementine,VUL
20,Proverbs,7,18,Proverbs 7:18,5,fruamur,,,,Clementine,VUL
20,Proverbs,7,18,Proverbs 7:18,6,cupitis,,,,Clementine,VUL
20,Proverbs,7,18,Proverbs 7:18,7,amplexibus,,,,Clementine,VUL
20,Proverbs,7,18,Proverbs 7:18,8,donec,,,,Clementine,VUL
20,Proverbs,7,18,Proverbs 7:18,9,illucescat,,,,Clementine,VUL
20,Proverbs,7,18,Proverbs 7:18,10,dies.,,,,Clementine,VUL
20,Proverbs,7,19,Proverbs 7:19,1,Non,,,,Clementine,VUL
20,Proverbs,7,19,Proverbs 7:19,2,est,,,,Clementine,VUL
20,Proverbs,7,19,Proverbs 7:19,3,enim,,,,Clementine,VUL
20,Proverbs,7,19,Proverbs 7:19,4,vir,,,,Clementine,VUL
20,Proverbs,7,19,Proverbs 7:19,5,in,,,,Clementine,VUL
20,Proverbs,7,19,Proverbs 7:19,6,domo,,,,Clementine,VUL
20,Proverbs,7,19,Proverbs 7:19,7,sua,,,,Clementine,VUL
20,Proverbs,7,19,Proverbs 7:19,8,:,,,,Clementine,VUL
20,Proverbs,7,19,Proverbs 7:19,9,abiit,,,,Clementine,VUL
20,Proverbs,7,19,Proverbs 7:19,10,via,,,,Clementine,VUL
20,Proverbs,7,19,Proverbs 7:19,11,longissima,,,,Clementine,VUL
20,Proverbs,7,19,Proverbs 7:19,12,:,,,,Clementine,VUL
20,Proverbs,7,20,Proverbs 7:20,1,sacculum,,,,Clementine,VUL
20,Proverbs,7,20,Proverbs 7:20,2,pecuniæ,,,,Clementine,VUL
20,Proverbs,7,20,Proverbs 7:20,3,secum,,,,Clementine,VUL
20,Proverbs,7,20,Proverbs 7:20,4,tulit,,,,Clementine,VUL
20,Proverbs,7,20,Proverbs 7:20,5,;,,,,Clementine,VUL
20,Proverbs,7,20,Proverbs 7:20,6,in,,,,Clementine,VUL
20,Proverbs,7,20,Proverbs 7:20,7,die,,,,Clementine,VUL
20,Proverbs,7,20,Proverbs 7:20,8,plenæ,,,,Clementine,VUL
20,Proverbs,7,20,Proverbs 7:20,9,lunæ,,,,Clementine,VUL
20,Proverbs,7,20,Proverbs 7:20,10,reversurus,,,,Clementine,VUL
20,Proverbs,7,20,Proverbs 7:20,11,est,,,,Clementine,VUL
20,Proverbs,7,20,Proverbs 7:20,12,in,,,,Clementine,VUL
20,Proverbs,7,20,Proverbs 7:20,13,domum,,,,Clementine,VUL
20,Proverbs,7,20,Proverbs 7:20,14,suam.,,,,Clementine,VUL
20,Proverbs,7,21,Proverbs 7:21,1,Irretivit,,,,Clementine,VUL
20,Proverbs,7,21,Proverbs 7:21,2,eum,,,,Clementine,VUL
20,Proverbs,7,21,Proverbs 7:21,3,multis,,,,Clementine,VUL
20,Proverbs,7,21,Proverbs 7:21,4,"sermonibus,",,,,Clementine,VUL
20,Proverbs,7,21,Proverbs 7:21,5,et,,,,Clementine,VUL
20,Proverbs,7,21,Proverbs 7:21,6,blanditiis,,,,Clementine,VUL
20,Proverbs,7,21,Proverbs 7:21,7,labiorum,,,,Clementine,VUL
20,Proverbs,7,21,Proverbs 7:21,8,protraxit,,,,Clementine,VUL
20,Proverbs,7,21,Proverbs 7:21,9,illum.,,,,Clementine,VUL
20,Proverbs,7,22,Proverbs 7:22,1,Statim,,,,Clementine,VUL
20,Proverbs,7,22,Proverbs 7:22,2,eam,,,,Clementine,VUL
20,Proverbs,7,22,Proverbs 7:22,3,sequitur,,,,Clementine,VUL
20,Proverbs,7,22,Proverbs 7:22,4,quasi,,,,Clementine,VUL
20,Proverbs,7,22,Proverbs 7:22,5,bos,,,,Clementine,VUL
20,Proverbs,7,22,Proverbs 7:22,6,ductus,,,,Clementine,VUL
20,Proverbs,7,22,Proverbs 7:22,7,ad,,,,Clementine,VUL
20,Proverbs,7,22,Proverbs 7:22,8,"victimam,",,,,Clementine,VUL
20,Proverbs,7,22,Proverbs 7:22,9,et,,,,Clementine,VUL
20,Proverbs,7,22,Proverbs 7:22,10,quasi,,,,Clementine,VUL
20,Proverbs,7,22,Proverbs 7:22,11,agnus,,,,Clementine,VUL
20,Proverbs,7,22,Proverbs 7:22,12,"lasciviens,",,,,Clementine,VUL
20,Proverbs,7,22,Proverbs 7:22,13,et,,,,Clementine,VUL
20,Proverbs,7,22,Proverbs 7:22,14,ignorans,,,,Clementine,VUL
20,Proverbs,7,22,Proverbs 7:22,15,quod,,,,Clementine,VUL
20,Proverbs,7,22,Proverbs 7:22,16,ad,,,,Clementine,VUL
20,Proverbs,7,22,Proverbs 7:22,17,vincula,,,,Clementine,VUL
20,Proverbs,7,22,Proverbs 7:22,18,stultus,,,,Clementine,VUL
20,Proverbs,7,22,Proverbs 7:22,19,trahatur,,,,Clementine,VUL
20,Proverbs,7,22,Proverbs 7:22,20,:,,,,Clementine,VUL
20,Proverbs,7,23,Proverbs 7:23,1,donec,,,,Clementine,VUL
20,Proverbs,7,23,Proverbs 7:23,2,transfigat,,,,Clementine,VUL
20,Proverbs,7,23,Proverbs 7:23,3,sagitta,,,,Clementine,VUL
20,Proverbs,7,23,Proverbs 7:23,4,jecur,,,,Clementine,VUL
20,Proverbs,7,23,Proverbs 7:23,5,"ejus,",,,,Clementine,VUL
20,Proverbs,7,23,Proverbs 7:23,6,velut,,,,Clementine,VUL
20,Proverbs,7,23,Proverbs 7:23,7,si,,,,Clementine,VUL
20,Proverbs,7,23,Proverbs 7:23,8,avis,,,,Clementine,VUL
20,Proverbs,7,23,Proverbs 7:23,9,festinet,,,,Clementine,VUL
20,Proverbs,7,23,Proverbs 7:23,10,ad,,,,Clementine,VUL
20,Proverbs,7,23,Proverbs 7:23,11,"laqueum,",,,,Clementine,VUL
20,Proverbs,7,23,Proverbs 7:23,12,et,,,,Clementine,VUL
20,Proverbs,7,23,Proverbs 7:23,13,nescit,,,,Clementine,VUL
20,Proverbs,7,23,Proverbs 7:23,14,quod,,,,Clementine,VUL
20,Proverbs,7,23,Proverbs 7:23,15,de,,,,Clementine,VUL
20,Proverbs,7,23,Proverbs 7:23,16,periculo,,,,Clementine,VUL
20,Proverbs,7,23,Proverbs 7:23,17,animæ,,,,Clementine,VUL
20,Proverbs,7,23,Proverbs 7:23,18,illius,,,,Clementine,VUL
20,Proverbs,7,23,Proverbs 7:23,19,agitur.,,,,Clementine,VUL
20,Proverbs,7,24,Proverbs 7:24,1,Nunc,,,,Clementine,VUL
20,Proverbs,7,24,Proverbs 7:24,2,"ergo,",,,,Clementine,VUL
20,Proverbs,7,24,Proverbs 7:24,3,fili,,,,Clementine,VUL
20,Proverbs,7,24,Proverbs 7:24,4,"mi,",,,,Clementine,VUL
20,Proverbs,7,24,Proverbs 7:24,5,audi,,,,Clementine,VUL
20,Proverbs,7,24,Proverbs 7:24,6,"me,",,,,Clementine,VUL
20,Proverbs,7,24,Proverbs 7:24,7,et,,,,Clementine,VUL
20,Proverbs,7,24,Proverbs 7:24,8,attende,,,,Clementine,VUL
20,Proverbs,7,24,Proverbs 7:24,9,verbis,,,,Clementine,VUL
20,Proverbs,7,24,Proverbs 7:24,10,oris,,,,Clementine,VUL
20,Proverbs,7,24,Proverbs 7:24,11,mei.,,,,Clementine,VUL
20,Proverbs,7,25,Proverbs 7:25,1,Ne,,,,Clementine,VUL
20,Proverbs,7,25,Proverbs 7:25,2,abstrahatur,,,,Clementine,VUL
20,Proverbs,7,25,Proverbs 7:25,3,in,,,,Clementine,VUL
20,Proverbs,7,25,Proverbs 7:25,4,viis,,,,Clementine,VUL
20,Proverbs,7,25,Proverbs 7:25,5,illius,,,,Clementine,VUL
20,Proverbs,7,25,Proverbs 7:25,6,mens,,,,Clementine,VUL
20,Proverbs,7,25,Proverbs 7:25,7,"tua,",,,,Clementine,VUL
20,Proverbs,7,25,Proverbs 7:25,8,neque,,,,Clementine,VUL
20,Proverbs,7,25,Proverbs 7:25,9,decipiaris,,,,Clementine,VUL
20,Proverbs,7,25,Proverbs 7:25,10,semitis,,,,Clementine,VUL
20,Proverbs,7,25,Proverbs 7:25,11,ejus,,,,Clementine,VUL
20,Proverbs,7,25,Proverbs 7:25,12,;,,,,Clementine,VUL
20,Proverbs,7,26,Proverbs 7:26,1,multos,,,,Clementine,VUL
20,Proverbs,7,26,Proverbs 7:26,2,enim,,,,Clementine,VUL
20,Proverbs,7,26,Proverbs 7:26,3,vulneratos,,,,Clementine,VUL
20,Proverbs,7,26,Proverbs 7:26,4,"dejecit,",,,,Clementine,VUL
20,Proverbs,7,26,Proverbs 7:26,5,et,,,,Clementine,VUL
20,Proverbs,7,26,Proverbs 7:26,6,fortissimi,,,,Clementine,VUL
20,Proverbs,7,26,Proverbs 7:26,7,quique,,,,Clementine,VUL
20,Proverbs,7,26,Proverbs 7:26,8,interfecti,,,,Clementine,VUL
20,Proverbs,7,26,Proverbs 7:26,9,sunt,,,,Clementine,VUL
20,Proverbs,7,26,Proverbs 7:26,10,ab,,,,Clementine,VUL
20,Proverbs,7,26,Proverbs 7:26,11,ea.,,,,Clementine,VUL
20,Proverbs,7,27,Proverbs 7:27,1,Viæ,,,,Clementine,VUL
20,Proverbs,7,27,Proverbs 7:27,2,inferi,,,,Clementine,VUL
20,Proverbs,7,27,Proverbs 7:27,3,domus,,,,Clementine,VUL
20,Proverbs,7,27,Proverbs 7:27,4,"ejus,",,,,Clementine,VUL
20,Proverbs,7,27,Proverbs 7:27,5,penetrantes,,,,Clementine,VUL
20,Proverbs,7,27,Proverbs 7:27,6,in,,,,Clementine,VUL
20,Proverbs,7,27,Proverbs 7:27,7,interiora,,,,Clementine,VUL
20,Proverbs,7,27,Proverbs 7:27,8,mortis.,,,,Clementine,VUL
20,Proverbs,8,1,Proverbs 8:1,1,Numquid,,,,Clementine,VUL
20,Proverbs,8,1,Proverbs 8:1,2,non,,,,Clementine,VUL
20,Proverbs,8,1,Proverbs 8:1,3,sapientia,,,,Clementine,VUL
20,Proverbs,8,1,Proverbs 8:1,4,"clamitat,",,,,Clementine,VUL
20,Proverbs,8,1,Proverbs 8:1,5,et,,,,Clementine,VUL
20,Proverbs,8,1,Proverbs 8:1,6,prudentia,,,,Clementine,VUL
20,Proverbs,8,1,Proverbs 8:1,7,dat,,,,Clementine,VUL
20,Proverbs,8,1,Proverbs 8:1,8,vocem,,,,Clementine,VUL
20,Proverbs,8,1,Proverbs 8:1,9,suam,,,,Clementine,VUL
20,Proverbs,8,1,Proverbs 8:1,10,?,,,,Clementine,VUL
20,Proverbs,8,2,Proverbs 8:2,1,In,,,,Clementine,VUL
20,Proverbs,8,2,Proverbs 8:2,2,summis,,,,Clementine,VUL
20,Proverbs,8,2,Proverbs 8:2,3,excelsisque,,,,Clementine,VUL
20,Proverbs,8,2,Proverbs 8:2,4,verticibus,,,,Clementine,VUL
20,Proverbs,8,2,Proverbs 8:2,5,supra,,,,Clementine,VUL
20,Proverbs,8,2,Proverbs 8:2,6,"viam,",,,,Clementine,VUL
20,Proverbs,8,2,Proverbs 8:2,7,in,,,,Clementine,VUL
20,Proverbs,8,2,Proverbs 8:2,8,mediis,,,,Clementine,VUL
20,Proverbs,8,2,Proverbs 8:2,9,semitis,,,,Clementine,VUL
20,Proverbs,8,2,Proverbs 8:2,10,"stans,",,,,Clementine,VUL
20,Proverbs,8,3,Proverbs 8:3,1,juxta,,,,Clementine,VUL
20,Proverbs,8,3,Proverbs 8:3,2,portas,,,,Clementine,VUL
20,Proverbs,8,3,Proverbs 8:3,3,"civitatis,",,,,Clementine,VUL
20,Proverbs,8,3,Proverbs 8:3,4,in,,,,Clementine,VUL
20,Proverbs,8,3,Proverbs 8:3,5,ipsis,,,,Clementine,VUL
20,Proverbs,8,3,Proverbs 8:3,6,foribus,,,,Clementine,VUL
20,Proverbs,8,3,Proverbs 8:3,7,"loquitur,",,,,Clementine,VUL
20,Proverbs,8,3,Proverbs 8:3,8,dicens,,,,Clementine,VUL
20,Proverbs,8,3,Proverbs 8:3,9,:,,,,Clementine,VUL
20,Proverbs,8,4,Proverbs 8:4,1,O,,,,Clementine,VUL
20,Proverbs,8,4,Proverbs 8:4,2,"viri,",,,,Clementine,VUL
20,Proverbs,8,4,Proverbs 8:4,3,ad,,,,Clementine,VUL
20,Proverbs,8,4,Proverbs 8:4,4,vos,,,,Clementine,VUL
20,Proverbs,8,4,Proverbs 8:4,5,"clamito,",,,,Clementine,VUL
20,Proverbs,8,4,Proverbs 8:4,6,et,,,,Clementine,VUL
20,Proverbs,8,4,Proverbs 8:4,7,vox,,,,Clementine,VUL
20,Proverbs,8,4,Proverbs 8:4,8,mea,,,,Clementine,VUL
20,Proverbs,8,4,Proverbs 8:4,9,ad,,,,Clementine,VUL
20,Proverbs,8,4,Proverbs 8:4,10,filios,,,,Clementine,VUL
20,Proverbs,8,4,Proverbs 8:4,11,hominum.,,,,Clementine,VUL
20,Proverbs,8,5,Proverbs 8:5,1,"Intelligite,",,,,Clementine,VUL
20,Proverbs,8,5,Proverbs 8:5,2,"parvuli,",,,,Clementine,VUL
20,Proverbs,8,5,Proverbs 8:5,3,"astutiam,",,,,Clementine,VUL
20,Proverbs,8,5,Proverbs 8:5,4,et,,,,Clementine,VUL
20,Proverbs,8,5,Proverbs 8:5,5,"insipientes,",,,,Clementine,VUL
20,Proverbs,8,5,Proverbs 8:5,6,animadvertite.,,,,Clementine,VUL
20,Proverbs,8,6,Proverbs 8:6,1,"Audite,",,,,Clementine,VUL
20,Proverbs,8,6,Proverbs 8:6,2,quoniam,,,,Clementine,VUL
20,Proverbs,8,6,Proverbs 8:6,3,de,,,,Clementine,VUL
20,Proverbs,8,6,Proverbs 8:6,4,rebus,,,,Clementine,VUL
20,Proverbs,8,6,Proverbs 8:6,5,magnis,,,,Clementine,VUL
20,Proverbs,8,6,Proverbs 8:6,6,locutura,,,,Clementine,VUL
20,Proverbs,8,6,Proverbs 8:6,7,"sum,",,,,Clementine,VUL
20,Proverbs,8,6,Proverbs 8:6,8,et,,,,Clementine,VUL
20,Proverbs,8,6,Proverbs 8:6,9,aperientur,,,,Clementine,VUL
20,Proverbs,8,6,Proverbs 8:6,10,labia,,,,Clementine,VUL
20,Proverbs,8,6,Proverbs 8:6,11,mea,,,,Clementine,VUL
20,Proverbs,8,6,Proverbs 8:6,12,ut,,,,Clementine,VUL
20,Proverbs,8,6,Proverbs 8:6,13,recta,,,,Clementine,VUL
20,Proverbs,8,6,Proverbs 8:6,14,prædicent.,,,,Clementine,VUL
20,Proverbs,8,7,Proverbs 8:7,1,Veritatem,,,,Clementine,VUL
20,Proverbs,8,7,Proverbs 8:7,2,meditabitur,,,,Clementine,VUL
20,Proverbs,8,7,Proverbs 8:7,3,guttur,,,,Clementine,VUL
20,Proverbs,8,7,Proverbs 8:7,4,"meum,",,,,Clementine,VUL
20,Proverbs,8,7,Proverbs 8:7,5,et,,,,Clementine,VUL
20,Proverbs,8,7,Proverbs 8:7,6,labia,,,,Clementine,VUL
20,Proverbs,8,7,Proverbs 8:7,7,mea,,,,Clementine,VUL
20,Proverbs,8,7,Proverbs 8:7,8,detestabuntur,,,,Clementine,VUL
20,Proverbs,8,7,Proverbs 8:7,9,impium.,,,,Clementine,VUL
20,Proverbs,8,8,Proverbs 8:8,1,Justi,,,,Clementine,VUL
20,Proverbs,8,8,Proverbs 8:8,2,sunt,,,,Clementine,VUL
20,Proverbs,8,8,Proverbs 8:8,3,omnes,,,,Clementine,VUL
20,Proverbs,8,8,Proverbs 8:8,4,sermones,,,,Clementine,VUL
20,Proverbs,8,8,Proverbs 8:8,5,mei,,,,Clementine,VUL
20,Proverbs,8,8,Proverbs 8:8,6,:,,,,Clementine,VUL
20,Proverbs,8,8,Proverbs 8:8,7,non,,,,Clementine,VUL
20,Proverbs,8,8,Proverbs 8:8,8,est,,,,Clementine,VUL
20,Proverbs,8,8,Proverbs 8:8,9,in,,,,Clementine,VUL
20,Proverbs,8,8,Proverbs 8:8,10,eis,,,,Clementine,VUL
20,Proverbs,8,8,Proverbs 8:8,11,pravum,,,,Clementine,VUL
20,Proverbs,8,8,Proverbs 8:8,12,"quid,",,,,Clementine,VUL
20,Proverbs,8,8,Proverbs 8:8,13,neque,,,,Clementine,VUL
20,Proverbs,8,8,Proverbs 8:8,14,perversum,,,,Clementine,VUL
20,Proverbs,8,8,Proverbs 8:8,15,;,,,,Clementine,VUL
20,Proverbs,8,9,Proverbs 8:9,1,recti,,,,Clementine,VUL
20,Proverbs,8,9,Proverbs 8:9,2,sunt,,,,Clementine,VUL
20,Proverbs,8,9,Proverbs 8:9,3,"intelligentibus,",,,,Clementine,VUL
20,Proverbs,8,9,Proverbs 8:9,4,et,,,,Clementine,VUL
20,Proverbs,8,9,Proverbs 8:9,5,æqui,,,,Clementine,VUL
20,Proverbs,8,9,Proverbs 8:9,6,invenientibus,,,,Clementine,VUL
20,Proverbs,8,9,Proverbs 8:9,7,scientiam.,,,,Clementine,VUL
20,Proverbs,8,10,Proverbs 8:10,1,Accipite,,,,Clementine,VUL
20,Proverbs,8,10,Proverbs 8:10,2,disciplinam,,,,Clementine,VUL
20,Proverbs,8,10,Proverbs 8:10,3,"meam,",,,,Clementine,VUL
20,Proverbs,8,10,Proverbs 8:10,4,et,,,,Clementine,VUL
20,Proverbs,8,10,Proverbs 8:10,5,non,,,,Clementine,VUL
20,Proverbs,8,10,Proverbs 8:10,6,pecuniam,,,,Clementine,VUL
20,Proverbs,8,10,Proverbs 8:10,7,;,,,,Clementine,VUL
20,Proverbs,8,10,Proverbs 8:10,8,doctrinam,,,,Clementine,VUL
20,Proverbs,8,10,Proverbs 8:10,9,magis,,,,Clementine,VUL
20,Proverbs,8,10,Proverbs 8:10,10,quam,,,,Clementine,VUL
20,Proverbs,8,10,Proverbs 8:10,11,aurum,,,,Clementine,VUL
20,Proverbs,8,10,Proverbs 8:10,12,eligite,,,,Clementine,VUL
20,Proverbs,8,10,Proverbs 8:10,13,:,,,,Clementine,VUL
20,Proverbs,8,11,Proverbs 8:11,1,melior,,,,Clementine,VUL
20,Proverbs,8,11,Proverbs 8:11,2,est,,,,Clementine,VUL
20,Proverbs,8,11,Proverbs 8:11,3,enim,,,,Clementine,VUL
20,Proverbs,8,11,Proverbs 8:11,4,sapientia,,,,Clementine,VUL
20,Proverbs,8,11,Proverbs 8:11,5,cunctis,,,,Clementine,VUL
20,Proverbs,8,11,Proverbs 8:11,6,"pretiosissimis,",,,,Clementine,VUL
20,Proverbs,8,11,Proverbs 8:11,7,et,,,,Clementine,VUL
20,Proverbs,8,11,Proverbs 8:11,8,omne,,,,Clementine,VUL
20,Proverbs,8,11,Proverbs 8:11,9,desiderabile,,,,Clementine,VUL
20,Proverbs,8,11,Proverbs 8:11,10,ei,,,,Clementine,VUL
20,Proverbs,8,11,Proverbs 8:11,11,non,,,,Clementine,VUL
20,Proverbs,8,11,Proverbs 8:11,12,potest,,,,Clementine,VUL
20,Proverbs,8,11,Proverbs 8:11,13,comparari.,,,,Clementine,VUL
20,Proverbs,8,12,Proverbs 8:12,1,Ego,,,,Clementine,VUL
20,Proverbs,8,12,Proverbs 8:12,2,"sapientia,",,,,Clementine,VUL
20,Proverbs,8,12,Proverbs 8:12,3,habito,,,,Clementine,VUL
20,Proverbs,8,12,Proverbs 8:12,4,in,,,,Clementine,VUL
20,Proverbs,8,12,Proverbs 8:12,5,"consilio,",,,,Clementine,VUL
20,Proverbs,8,12,Proverbs 8:12,6,et,,,,Clementine,VUL
20,Proverbs,8,12,Proverbs 8:12,7,eruditis,,,,Clementine,VUL
20,Proverbs,8,12,Proverbs 8:12,8,intersum,,,,Clementine,VUL
20,Proverbs,8,12,Proverbs 8:12,9,cogitationibus.,,,,Clementine,VUL
20,Proverbs,8,13,Proverbs 8:13,1,Timor,,,,Clementine,VUL
20,Proverbs,8,13,Proverbs 8:13,2,Domini,,,,Clementine,VUL
20,Proverbs,8,13,Proverbs 8:13,3,odit,,,,Clementine,VUL
20,Proverbs,8,13,Proverbs 8:13,4,malum,,,,Clementine,VUL
20,Proverbs,8,13,Proverbs 8:13,5,:,,,,Clementine,VUL
20,Proverbs,8,13,Proverbs 8:13,6,"arrogantiam,",,,,Clementine,VUL
20,Proverbs,8,13,Proverbs 8:13,7,et,,,,Clementine,VUL
20,Proverbs,8,13,Proverbs 8:13,8,"superbiam,",,,,Clementine,VUL
20,Proverbs,8,13,Proverbs 8:13,9,et,,,,Clementine,VUL
20,Proverbs,8,13,Proverbs 8:13,10,viam,,,,Clementine,VUL
20,Proverbs,8,13,Proverbs 8:13,11,"pravam,",,,,Clementine,VUL
20,Proverbs,8,13,Proverbs 8:13,12,et,,,,Clementine,VUL
20,Proverbs,8,13,Proverbs 8:13,13,os,,,,Clementine,VUL
20,Proverbs,8,13,Proverbs 8:13,14,"bilingue,",,,,Clementine,VUL
20,Proverbs,8,13,Proverbs 8:13,15,detestor.,,,,Clementine,VUL
20,Proverbs,8,14,Proverbs 8:14,1,Meum,,,,Clementine,VUL
20,Proverbs,8,14,Proverbs 8:14,2,est,,,,Clementine,VUL
20,Proverbs,8,14,Proverbs 8:14,3,consilium,,,,Clementine,VUL
20,Proverbs,8,14,Proverbs 8:14,4,et,,,,Clementine,VUL
20,Proverbs,8,14,Proverbs 8:14,5,æquitas,,,,Clementine,VUL
20,Proverbs,8,14,Proverbs 8:14,6,;,,,,Clementine,VUL
20,Proverbs,8,14,Proverbs 8:14,7,mea,,,,Clementine,VUL
20,Proverbs,8,14,Proverbs 8:14,8,est,,,,Clementine,VUL
20,Proverbs,8,14,Proverbs 8:14,9,"prudentia,",,,,Clementine,VUL
20,Proverbs,8,14,Proverbs 8:14,10,mea,,,,Clementine,VUL
20,Proverbs,8,14,Proverbs 8:14,11,est,,,,Clementine,VUL
20,Proverbs,8,14,Proverbs 8:14,12,fortitudo.,,,,Clementine,VUL
20,Proverbs,8,15,Proverbs 8:15,1,Per,,,,Clementine,VUL
20,Proverbs,8,15,Proverbs 8:15,2,me,,,,Clementine,VUL
20,Proverbs,8,15,Proverbs 8:15,3,reges,,,,Clementine,VUL
20,Proverbs,8,15,Proverbs 8:15,4,"regnant,",,,,Clementine,VUL
20,Proverbs,8,15,Proverbs 8:15,5,et,,,,Clementine,VUL
20,Proverbs,8,15,Proverbs 8:15,6,legum,,,,Clementine,VUL
20,Proverbs,8,15,Proverbs 8:15,7,conditores,,,,Clementine,VUL
20,Proverbs,8,15,Proverbs 8:15,8,justa,,,,Clementine,VUL
20,Proverbs,8,15,Proverbs 8:15,9,decernunt,,,,Clementine,VUL
20,Proverbs,8,15,Proverbs 8:15,10,;,,,,Clementine,VUL
20,Proverbs,8,16,Proverbs 8:16,1,per,,,,Clementine,VUL
20,Proverbs,8,16,Proverbs 8:16,2,me,,,,Clementine,VUL
20,Proverbs,8,16,Proverbs 8:16,3,principes,,,,Clementine,VUL
20,Proverbs,8,16,Proverbs 8:16,4,"imperant,",,,,Clementine,VUL
20,Proverbs,8,16,Proverbs 8:16,5,et,,,,Clementine,VUL
20,Proverbs,8,16,Proverbs 8:16,6,potentes,,,,Clementine,VUL
20,Proverbs,8,16,Proverbs 8:16,7,decernunt,,,,Clementine,VUL
20,Proverbs,8,16,Proverbs 8:16,8,justitiam.,,,,Clementine,VUL
20,Proverbs,8,17,Proverbs 8:17,1,Ego,,,,Clementine,VUL
20,Proverbs,8,17,Proverbs 8:17,2,diligentes,,,,Clementine,VUL
20,Proverbs,8,17,Proverbs 8:17,3,me,,,,Clementine,VUL
20,Proverbs,8,17,Proverbs 8:17,4,"diligo,",,,,Clementine,VUL
20,Proverbs,8,17,Proverbs 8:17,5,et,,,,Clementine,VUL
20,Proverbs,8,17,Proverbs 8:17,6,qui,,,,Clementine,VUL
20,Proverbs,8,17,Proverbs 8:17,7,mane,,,,Clementine,VUL
20,Proverbs,8,17,Proverbs 8:17,8,vigilant,,,,Clementine,VUL
20,Proverbs,8,17,Proverbs 8:17,9,ad,,,,Clementine,VUL
20,Proverbs,8,17,Proverbs 8:17,10,"me,",,,,Clementine,VUL
20,Proverbs,8,17,Proverbs 8:17,11,invenient,,,,Clementine,VUL
20,Proverbs,8,17,Proverbs 8:17,12,me.,,,,Clementine,VUL
20,Proverbs,8,18,Proverbs 8:18,1,Mecum,,,,Clementine,VUL
20,Proverbs,8,18,Proverbs 8:18,2,sunt,,,,Clementine,VUL
20,Proverbs,8,18,Proverbs 8:18,3,divitiæ,,,,Clementine,VUL
20,Proverbs,8,18,Proverbs 8:18,4,et,,,,Clementine,VUL
20,Proverbs,8,18,Proverbs 8:18,5,"gloria,",,,,Clementine,VUL
20,Proverbs,8,18,Proverbs 8:18,6,opes,,,,Clementine,VUL
20,Proverbs,8,18,Proverbs 8:18,7,superbæ,,,,Clementine,VUL
20,Proverbs,8,18,Proverbs 8:18,8,et,,,,Clementine,VUL
20,Proverbs,8,18,Proverbs 8:18,9,justitia.,,,,Clementine,VUL
20,Proverbs,8,19,Proverbs 8:19,1,Melior,,,,Clementine,VUL
20,Proverbs,8,19,Proverbs 8:19,2,est,,,,Clementine,VUL
20,Proverbs,8,19,Proverbs 8:19,3,enim,,,,Clementine,VUL
20,Proverbs,8,19,Proverbs 8:19,4,fructus,,,,Clementine,VUL
20,Proverbs,8,19,Proverbs 8:19,5,meus,,,,Clementine,VUL
20,Proverbs,8,19,Proverbs 8:19,6,auro,,,,Clementine,VUL
20,Proverbs,8,19,Proverbs 8:19,7,et,,,,Clementine,VUL
20,Proverbs,8,19,Proverbs 8:19,8,lapide,,,,Clementine,VUL
20,Proverbs,8,19,Proverbs 8:19,9,"pretioso,",,,,Clementine,VUL
20,Proverbs,8,19,Proverbs 8:19,10,et,,,,Clementine,VUL
20,Proverbs,8,19,Proverbs 8:19,11,genimina,,,,Clementine,VUL
20,Proverbs,8,19,Proverbs 8:19,12,mea,,,,Clementine,VUL
20,Proverbs,8,19,Proverbs 8:19,13,argento,,,,Clementine,VUL
20,Proverbs,8,19,Proverbs 8:19,14,electo.,,,,Clementine,VUL
20,Proverbs,8,20,Proverbs 8:20,1,In,,,,Clementine,VUL
20,Proverbs,8,20,Proverbs 8:20,2,viis,,,,Clementine,VUL
20,Proverbs,8,20,Proverbs 8:20,3,justitiæ,,,,Clementine,VUL
20,Proverbs,8,20,Proverbs 8:20,4,"ambulo,",,,,Clementine,VUL
20,Proverbs,8,20,Proverbs 8:20,5,in,,,,Clementine,VUL
20,Proverbs,8,20,Proverbs 8:20,6,medio,,,,Clementine,VUL
20,Proverbs,8,20,Proverbs 8:20,7,semitarum,,,,Clementine,VUL
20,Proverbs,8,20,Proverbs 8:20,8,judicii,,,,Clementine,VUL
20,Proverbs,8,20,Proverbs 8:20,9,:,,,,Clementine,VUL
20,Proverbs,8,21,Proverbs 8:21,1,ut,,,,Clementine,VUL
20,Proverbs,8,21,Proverbs 8:21,2,ditem,,,,Clementine,VUL
20,Proverbs,8,21,Proverbs 8:21,3,diligentes,,,,Clementine,VUL
20,Proverbs,8,21,Proverbs 8:21,4,"me,",,,,Clementine,VUL
20,Proverbs,8,21,Proverbs 8:21,5,et,,,,Clementine,VUL
20,Proverbs,8,21,Proverbs 8:21,6,thesauros,,,,Clementine,VUL
20,Proverbs,8,21,Proverbs 8:21,7,eorum,,,,Clementine,VUL
20,Proverbs,8,21,Proverbs 8:21,8,repleam.,,,,Clementine,VUL
20,Proverbs,8,22,Proverbs 8:22,1,Dominus,,,,Clementine,VUL
20,Proverbs,8,22,Proverbs 8:22,2,possedit,,,,Clementine,VUL
20,Proverbs,8,22,Proverbs 8:22,3,me,,,,Clementine,VUL
20,Proverbs,8,22,Proverbs 8:22,4,in,,,,Clementine,VUL
20,Proverbs,8,22,Proverbs 8:22,5,initio,,,,Clementine,VUL
20,Proverbs,8,22,Proverbs 8:22,6,viarum,,,,Clementine,VUL
20,Proverbs,8,22,Proverbs 8:22,7,suarum,,,,Clementine,VUL
20,Proverbs,8,22,Proverbs 8:22,8,antequam,,,,Clementine,VUL
20,Proverbs,8,22,Proverbs 8:22,9,quidquam,,,,Clementine,VUL
20,Proverbs,8,22,Proverbs 8:22,10,faceret,,,,Clementine,VUL
20,Proverbs,8,22,Proverbs 8:22,11,a,,,,Clementine,VUL
20,Proverbs,8,22,Proverbs 8:22,12,principio.,,,,Clementine,VUL
20,Proverbs,8,23,Proverbs 8:23,1,Ab,,,,Clementine,VUL
20,Proverbs,8,23,Proverbs 8:23,2,æterno,,,,Clementine,VUL
20,Proverbs,8,23,Proverbs 8:23,3,ordinata,,,,Clementine,VUL
20,Proverbs,8,23,Proverbs 8:23,4,"sum,",,,,Clementine,VUL
20,Proverbs,8,23,Proverbs 8:23,5,et,,,,Clementine,VUL
20,Proverbs,8,23,Proverbs 8:23,6,ex,,,,Clementine,VUL
20,Proverbs,8,23,Proverbs 8:23,7,antiquis,,,,Clementine,VUL
20,Proverbs,8,23,Proverbs 8:23,8,antequam,,,,Clementine,VUL
20,Proverbs,8,23,Proverbs 8:23,9,terra,,,,Clementine,VUL
20,Proverbs,8,23,Proverbs 8:23,10,fieret.,,,,Clementine,VUL
20,Proverbs,8,24,Proverbs 8:24,1,Nondum,,,,Clementine,VUL
20,Proverbs,8,24,Proverbs 8:24,2,erant,,,,Clementine,VUL
20,Proverbs,8,24,Proverbs 8:24,3,"abyssi,",,,,Clementine,VUL
20,Proverbs,8,24,Proverbs 8:24,4,et,,,,Clementine,VUL
20,Proverbs,8,24,Proverbs 8:24,5,ego,,,,Clementine,VUL
20,Proverbs,8,24,Proverbs 8:24,6,jam,,,,Clementine,VUL
20,Proverbs,8,24,Proverbs 8:24,7,concepta,,,,Clementine,VUL
20,Proverbs,8,24,Proverbs 8:24,8,eram,,,,Clementine,VUL
20,Proverbs,8,24,Proverbs 8:24,9,:,,,,Clementine,VUL
20,Proverbs,8,24,Proverbs 8:24,10,necdum,,,,Clementine,VUL
20,Proverbs,8,24,Proverbs 8:24,11,fontes,,,,Clementine,VUL
20,Proverbs,8,24,Proverbs 8:24,12,aquarum,,,,Clementine,VUL
20,Proverbs,8,24,Proverbs 8:24,13,"eruperant,",,,,Clementine,VUL
20,Proverbs,8,25,Proverbs 8:25,1,necdum,,,,Clementine,VUL
20,Proverbs,8,25,Proverbs 8:25,2,montes,,,,Clementine,VUL
20,Proverbs,8,25,Proverbs 8:25,3,gravi,,,,Clementine,VUL
20,Proverbs,8,25,Proverbs 8:25,4,mole,,,,Clementine,VUL
20,Proverbs,8,25,Proverbs 8:25,5,constiterant,,,,Clementine,VUL
20,Proverbs,8,25,Proverbs 8:25,6,:,,,,Clementine,VUL
20,Proverbs,8,25,Proverbs 8:25,7,ante,,,,Clementine,VUL
20,Proverbs,8,25,Proverbs 8:25,8,colles,,,,Clementine,VUL
20,Proverbs,8,25,Proverbs 8:25,9,ego,,,,Clementine,VUL
20,Proverbs,8,25,Proverbs 8:25,10,parturiebar.,,,,Clementine,VUL
20,Proverbs,8,26,Proverbs 8:26,1,Adhuc,,,,Clementine,VUL
20,Proverbs,8,26,Proverbs 8:26,2,terram,,,,Clementine,VUL
20,Proverbs,8,26,Proverbs 8:26,3,non,,,,Clementine,VUL
20,Proverbs,8,26,Proverbs 8:26,4,"fecerat,",,,,Clementine,VUL
20,Proverbs,8,26,Proverbs 8:26,5,et,,,,Clementine,VUL
20,Proverbs,8,26,Proverbs 8:26,6,"flumina,",,,,Clementine,VUL
20,Proverbs,8,26,Proverbs 8:26,7,et,,,,Clementine,VUL
20,Proverbs,8,26,Proverbs 8:26,8,cardines,,,,Clementine,VUL
20,Proverbs,8,26,Proverbs 8:26,9,orbis,,,,Clementine,VUL
20,Proverbs,8,26,Proverbs 8:26,10,terræ.,,,,Clementine,VUL
20,Proverbs,8,27,Proverbs 8:27,1,Quando,,,,Clementine,VUL
20,Proverbs,8,27,Proverbs 8:27,2,præparabat,,,,Clementine,VUL
20,Proverbs,8,27,Proverbs 8:27,3,"cælos,",,,,Clementine,VUL
20,Proverbs,8,27,Proverbs 8:27,4,aderam,,,,Clementine,VUL
20,Proverbs,8,27,Proverbs 8:27,5,;,,,,Clementine,VUL
20,Proverbs,8,27,Proverbs 8:27,6,quando,,,,Clementine,VUL
20,Proverbs,8,27,Proverbs 8:27,7,certa,,,,Clementine,VUL
20,Proverbs,8,27,Proverbs 8:27,8,lege,,,,Clementine,VUL
20,Proverbs,8,27,Proverbs 8:27,9,et,,,,Clementine,VUL
20,Proverbs,8,27,Proverbs 8:27,10,gyro,,,,Clementine,VUL
20,Proverbs,8,27,Proverbs 8:27,11,vallabat,,,,Clementine,VUL
20,Proverbs,8,27,Proverbs 8:27,12,abyssos,,,,Clementine,VUL
20,Proverbs,8,27,Proverbs 8:27,13,;,,,,Clementine,VUL
20,Proverbs,8,28,Proverbs 8:28,1,quando,,,,Clementine,VUL
20,Proverbs,8,28,Proverbs 8:28,2,æthera,,,,Clementine,VUL
20,Proverbs,8,28,Proverbs 8:28,3,firmabat,,,,Clementine,VUL
20,Proverbs,8,28,Proverbs 8:28,4,"sursum,",,,,Clementine,VUL
20,Proverbs,8,28,Proverbs 8:28,5,et,,,,Clementine,VUL
20,Proverbs,8,28,Proverbs 8:28,6,librabat,,,,Clementine,VUL
20,Proverbs,8,28,Proverbs 8:28,7,fontes,,,,Clementine,VUL
20,Proverbs,8,28,Proverbs 8:28,8,aquarum,,,,Clementine,VUL
20,Proverbs,8,28,Proverbs 8:28,9,;,,,,Clementine,VUL
20,Proverbs,8,29,Proverbs 8:29,1,quando,,,,Clementine,VUL
20,Proverbs,8,29,Proverbs 8:29,2,circumdabat,,,,Clementine,VUL
20,Proverbs,8,29,Proverbs 8:29,3,mari,,,,Clementine,VUL
20,Proverbs,8,29,Proverbs 8:29,4,terminum,,,,Clementine,VUL
20,Proverbs,8,29,Proverbs 8:29,5,"suum,",,,,Clementine,VUL
20,Proverbs,8,29,Proverbs 8:29,6,et,,,,Clementine,VUL
20,Proverbs,8,29,Proverbs 8:29,7,legem,,,,Clementine,VUL
20,Proverbs,8,29,Proverbs 8:29,8,ponebat,,,,Clementine,VUL
20,Proverbs,8,29,Proverbs 8:29,9,"aquis,",,,,Clementine,VUL
20,Proverbs,8,29,Proverbs 8:29,10,ne,,,,Clementine,VUL
20,Proverbs,8,29,Proverbs 8:29,11,transirent,,,,Clementine,VUL
20,Proverbs,8,29,Proverbs 8:29,12,fines,,,,Clementine,VUL
20,Proverbs,8,29,Proverbs 8:29,13,suos,,,,Clementine,VUL
20,Proverbs,8,29,Proverbs 8:29,14,;,,,,Clementine,VUL
20,Proverbs,8,29,Proverbs 8:29,15,quando,,,,Clementine,VUL
20,Proverbs,8,29,Proverbs 8:29,16,appendebat,,,,Clementine,VUL
20,Proverbs,8,29,Proverbs 8:29,17,fundamenta,,,,Clementine,VUL
20,Proverbs,8,29,Proverbs 8:29,18,terræ,,,,Clementine,VUL
20,Proverbs,8,29,Proverbs 8:29,19,:,,,,Clementine,VUL
20,Proverbs,8,30,Proverbs 8:30,1,cum,,,,Clementine,VUL
20,Proverbs,8,30,Proverbs 8:30,2,eo,,,,Clementine,VUL
20,Proverbs,8,30,Proverbs 8:30,3,"eram,",,,,Clementine,VUL
20,Proverbs,8,30,Proverbs 8:30,4,cuncta,,,,Clementine,VUL
20,Proverbs,8,30,Proverbs 8:30,5,componens.,,,,Clementine,VUL
20,Proverbs,8,30,Proverbs 8:30,6,Et,,,,Clementine,VUL
20,Proverbs,8,30,Proverbs 8:30,7,delectabar,,,,Clementine,VUL
20,Proverbs,8,30,Proverbs 8:30,8,per,,,,Clementine,VUL
20,Proverbs,8,30,Proverbs 8:30,9,singulos,,,,Clementine,VUL
20,Proverbs,8,30,Proverbs 8:30,10,"dies,",,,,Clementine,VUL
20,Proverbs,8,30,Proverbs 8:30,11,ludens,,,,Clementine,VUL
20,Proverbs,8,30,Proverbs 8:30,12,coram,,,,Clementine,VUL
20,Proverbs,8,30,Proverbs 8:30,13,eo,,,,Clementine,VUL
20,Proverbs,8,30,Proverbs 8:30,14,omni,,,,Clementine,VUL
20,Proverbs,8,30,Proverbs 8:30,15,"tempore,",,,,Clementine,VUL
20,Proverbs,8,31,Proverbs 8:31,1,ludens,,,,Clementine,VUL
20,Proverbs,8,31,Proverbs 8:31,2,in,,,,Clementine,VUL
20,Proverbs,8,31,Proverbs 8:31,3,orbe,,,,Clementine,VUL
20,Proverbs,8,31,Proverbs 8:31,4,terrarum,,,,Clementine,VUL
20,Proverbs,8,31,Proverbs 8:31,5,;,,,,Clementine,VUL
20,Proverbs,8,31,Proverbs 8:31,6,et,,,,Clementine,VUL
20,Proverbs,8,31,Proverbs 8:31,7,deliciæ,,,,Clementine,VUL
20,Proverbs,8,31,Proverbs 8:31,8,meæ,,,,Clementine,VUL
20,Proverbs,8,31,Proverbs 8:31,9,esse,,,,Clementine,VUL
20,Proverbs,8,31,Proverbs 8:31,10,cum,,,,Clementine,VUL
20,Proverbs,8,31,Proverbs 8:31,11,filiis,,,,Clementine,VUL
20,Proverbs,8,31,Proverbs 8:31,12,hominum.,,,,Clementine,VUL
20,Proverbs,8,32,Proverbs 8:32,1,Nunc,,,,Clementine,VUL
20,Proverbs,8,32,Proverbs 8:32,2,"ergo,",,,,Clementine,VUL
20,Proverbs,8,32,Proverbs 8:32,3,"filii,",,,,Clementine,VUL
20,Proverbs,8,32,Proverbs 8:32,4,audite,,,,Clementine,VUL
20,Proverbs,8,32,Proverbs 8:32,5,me,,,,Clementine,VUL
20,Proverbs,8,32,Proverbs 8:32,6,:,,,,Clementine,VUL
20,Proverbs,8,32,Proverbs 8:32,7,beati,,,,Clementine,VUL
20,Proverbs,8,32,Proverbs 8:32,8,qui,,,,Clementine,VUL
20,Proverbs,8,32,Proverbs 8:32,9,custodiunt,,,,Clementine,VUL
20,Proverbs,8,32,Proverbs 8:32,10,vias,,,,Clementine,VUL
20,Proverbs,8,32,Proverbs 8:32,11,meas.,,,,Clementine,VUL
20,Proverbs,8,33,Proverbs 8:33,1,Audite,,,,Clementine,VUL
20,Proverbs,8,33,Proverbs 8:33,2,"disciplinam,",,,,Clementine,VUL
20,Proverbs,8,33,Proverbs 8:33,3,et,,,,Clementine,VUL
20,Proverbs,8,33,Proverbs 8:33,4,estote,,,,Clementine,VUL
20,Proverbs,8,33,Proverbs 8:33,5,"sapientes,",,,,Clementine,VUL
20,Proverbs,8,33,Proverbs 8:33,6,et,,,,Clementine,VUL
20,Proverbs,8,33,Proverbs 8:33,7,nolite,,,,Clementine,VUL
20,Proverbs,8,33,Proverbs 8:33,8,abjicere,,,,Clementine,VUL
20,Proverbs,8,33,Proverbs 8:33,9,eam.,,,,Clementine,VUL
20,Proverbs,8,34,Proverbs 8:34,1,Beatus,,,,Clementine,VUL
20,Proverbs,8,34,Proverbs 8:34,2,homo,,,,Clementine,VUL
20,Proverbs,8,34,Proverbs 8:34,3,qui,,,,Clementine,VUL
20,Proverbs,8,34,Proverbs 8:34,4,audit,,,,Clementine,VUL
20,Proverbs,8,34,Proverbs 8:34,5,"me,",,,,Clementine,VUL
20,Proverbs,8,34,Proverbs 8:34,6,et,,,,Clementine,VUL
20,Proverbs,8,34,Proverbs 8:34,7,qui,,,,Clementine,VUL
20,Proverbs,8,34,Proverbs 8:34,8,vigilat,,,,Clementine,VUL
20,Proverbs,8,34,Proverbs 8:34,9,ad,,,,Clementine,VUL
20,Proverbs,8,34,Proverbs 8:34,10,fores,,,,Clementine,VUL
20,Proverbs,8,34,Proverbs 8:34,11,meas,,,,Clementine,VUL
20,Proverbs,8,34,Proverbs 8:34,12,"quotidie,",,,,Clementine,VUL
20,Proverbs,8,34,Proverbs 8:34,13,et,,,,Clementine,VUL
20,Proverbs,8,34,Proverbs 8:34,14,observat,,,,Clementine,VUL
20,Proverbs,8,34,Proverbs 8:34,15,ad,,,,Clementine,VUL
20,Proverbs,8,34,Proverbs 8:34,16,postes,,,,Clementine,VUL
20,Proverbs,8,34,Proverbs 8:34,17,ostii,,,,Clementine,VUL
20,Proverbs,8,34,Proverbs 8:34,18,mei.,,,,Clementine,VUL
20,Proverbs,8,35,Proverbs 8:35,1,Qui,,,,Clementine,VUL
20,Proverbs,8,35,Proverbs 8:35,2,me,,,,Clementine,VUL
20,Proverbs,8,35,Proverbs 8:35,3,"invenerit,",,,,Clementine,VUL
20,Proverbs,8,35,Proverbs 8:35,4,inveniet,,,,Clementine,VUL
20,Proverbs,8,35,Proverbs 8:35,5,"vitam,",,,,Clementine,VUL
20,Proverbs,8,35,Proverbs 8:35,6,et,,,,Clementine,VUL
20,Proverbs,8,35,Proverbs 8:35,7,hauriet,,,,Clementine,VUL
20,Proverbs,8,35,Proverbs 8:35,8,salutem,,,,Clementine,VUL
20,Proverbs,8,35,Proverbs 8:35,9,a,,,,Clementine,VUL
20,Proverbs,8,35,Proverbs 8:35,10,Domino.,,,,Clementine,VUL
20,Proverbs,8,36,Proverbs 8:36,1,Qui,,,,Clementine,VUL
20,Proverbs,8,36,Proverbs 8:36,2,autem,,,,Clementine,VUL
20,Proverbs,8,36,Proverbs 8:36,3,in,,,,Clementine,VUL
20,Proverbs,8,36,Proverbs 8:36,4,me,,,,Clementine,VUL
20,Proverbs,8,36,Proverbs 8:36,5,"peccaverit,",,,,Clementine,VUL
20,Proverbs,8,36,Proverbs 8:36,6,lædet,,,,Clementine,VUL
20,Proverbs,8,36,Proverbs 8:36,7,animam,,,,Clementine,VUL
20,Proverbs,8,36,Proverbs 8:36,8,suam,,,,Clementine,VUL
20,Proverbs,8,36,Proverbs 8:36,9,;,,,,Clementine,VUL
20,Proverbs,8,36,Proverbs 8:36,10,omnes,,,,Clementine,VUL
20,Proverbs,8,36,Proverbs 8:36,11,qui,,,,Clementine,VUL
20,Proverbs,8,36,Proverbs 8:36,12,me,,,,Clementine,VUL
20,Proverbs,8,36,Proverbs 8:36,13,oderunt,,,,Clementine,VUL
20,Proverbs,8,36,Proverbs 8:36,14,diligunt,,,,Clementine,VUL
20,Proverbs,8,36,Proverbs 8:36,15,mortem.,,,,Clementine,VUL
20,Proverbs,9,1,Proverbs 9:1,1,Sapientia,,,,Clementine,VUL
20,Proverbs,9,1,Proverbs 9:1,2,ædificavit,,,,Clementine,VUL
20,Proverbs,9,1,Proverbs 9:1,3,sibi,,,,Clementine,VUL
20,Proverbs,9,1,Proverbs 9:1,4,domum,,,,Clementine,VUL
20,Proverbs,9,1,Proverbs 9:1,5,:,,,,Clementine,VUL
20,Proverbs,9,1,Proverbs 9:1,6,excidit,,,,Clementine,VUL
20,Proverbs,9,1,Proverbs 9:1,7,columnas,,,,Clementine,VUL
20,Proverbs,9,1,Proverbs 9:1,8,septem.,,,,Clementine,VUL
20,Proverbs,9,2,Proverbs 9:2,1,Immolavit,,,,Clementine,VUL
20,Proverbs,9,2,Proverbs 9:2,2,victimas,,,,Clementine,VUL
20,Proverbs,9,2,Proverbs 9:2,3,"suas,",,,,Clementine,VUL
20,Proverbs,9,2,Proverbs 9:2,4,miscuit,,,,Clementine,VUL
20,Proverbs,9,2,Proverbs 9:2,5,"vinum,",,,,Clementine,VUL
20,Proverbs,9,2,Proverbs 9:2,6,et,,,,Clementine,VUL
20,Proverbs,9,2,Proverbs 9:2,7,proposuit,,,,Clementine,VUL
20,Proverbs,9,2,Proverbs 9:2,8,mensam,,,,Clementine,VUL
20,Proverbs,9,2,Proverbs 9:2,9,suam.,,,,Clementine,VUL
20,Proverbs,9,3,Proverbs 9:3,1,Misit,,,,Clementine,VUL
20,Proverbs,9,3,Proverbs 9:3,2,ancillas,,,,Clementine,VUL
20,Proverbs,9,3,Proverbs 9:3,3,suas,,,,Clementine,VUL
20,Proverbs,9,3,Proverbs 9:3,4,ut,,,,Clementine,VUL
20,Proverbs,9,3,Proverbs 9:3,5,vocarent,,,,Clementine,VUL
20,Proverbs,9,3,Proverbs 9:3,6,ad,,,,Clementine,VUL
20,Proverbs,9,3,Proverbs 9:3,7,arcem,,,,Clementine,VUL
20,Proverbs,9,3,Proverbs 9:3,8,et,,,,Clementine,VUL
20,Proverbs,9,3,Proverbs 9:3,9,ad,,,,Clementine,VUL
20,Proverbs,9,3,Proverbs 9:3,10,mœnia,,,,Clementine,VUL
20,Proverbs,9,3,Proverbs 9:3,11,civitatis.,,,,Clementine,VUL
20,Proverbs,9,4,Proverbs 9:4,1,Si,,,,Clementine,VUL
20,Proverbs,9,4,Proverbs 9:4,2,quis,,,,Clementine,VUL
20,Proverbs,9,4,Proverbs 9:4,3,est,,,,Clementine,VUL
20,Proverbs,9,4,Proverbs 9:4,4,"parvulus,",,,,Clementine,VUL
20,Proverbs,9,4,Proverbs 9:4,5,veniat,,,,Clementine,VUL
20,Proverbs,9,4,Proverbs 9:4,6,ad,,,,Clementine,VUL
20,Proverbs,9,4,Proverbs 9:4,7,me.,,,,Clementine,VUL
20,Proverbs,9,4,Proverbs 9:4,8,Et,,,,Clementine,VUL
20,Proverbs,9,4,Proverbs 9:4,9,insipientibus,,,,Clementine,VUL
20,Proverbs,9,4,Proverbs 9:4,10,locuta,,,,Clementine,VUL
20,Proverbs,9,4,Proverbs 9:4,11,est,,,,Clementine,VUL
20,Proverbs,9,4,Proverbs 9:4,12,:,,,,Clementine,VUL
20,Proverbs,9,5,Proverbs 9:5,1,"Venite,",,,,Clementine,VUL
20,Proverbs,9,5,Proverbs 9:5,2,comedite,,,,Clementine,VUL
20,Proverbs,9,5,Proverbs 9:5,3,panem,,,,Clementine,VUL
20,Proverbs,9,5,Proverbs 9:5,4,"meum,",,,,Clementine,VUL
20,Proverbs,9,5,Proverbs 9:5,5,et,,,,Clementine,VUL
20,Proverbs,9,5,Proverbs 9:5,6,bibite,,,,Clementine,VUL
20,Proverbs,9,5,Proverbs 9:5,7,vinum,,,,Clementine,VUL
20,Proverbs,9,5,Proverbs 9:5,8,quod,,,,Clementine,VUL
20,Proverbs,9,5,Proverbs 9:5,9,miscui,,,,Clementine,VUL
20,Proverbs,9,5,Proverbs 9:5,10,vobis.,,,,Clementine,VUL
20,Proverbs,9,6,Proverbs 9:6,1,Relinquite,,,,Clementine,VUL
20,Proverbs,9,6,Proverbs 9:6,2,"infantiam,",,,,Clementine,VUL
20,Proverbs,9,6,Proverbs 9:6,3,et,,,,Clementine,VUL
20,Proverbs,9,6,Proverbs 9:6,4,"vivite,",,,,Clementine,VUL
20,Proverbs,9,6,Proverbs 9:6,5,et,,,,Clementine,VUL
20,Proverbs,9,6,Proverbs 9:6,6,ambulate,,,,Clementine,VUL
20,Proverbs,9,6,Proverbs 9:6,7,per,,,,Clementine,VUL
20,Proverbs,9,6,Proverbs 9:6,8,vias,,,,Clementine,VUL
20,Proverbs,9,6,Proverbs 9:6,9,prudentiæ.,,,,Clementine,VUL
20,Proverbs,9,7,Proverbs 9:7,1,Qui,,,,Clementine,VUL
20,Proverbs,9,7,Proverbs 9:7,2,erudit,,,,Clementine,VUL
20,Proverbs,9,7,Proverbs 9:7,3,"derisorem,",,,,Clementine,VUL
20,Proverbs,9,7,Proverbs 9:7,4,ipse,,,,Clementine,VUL
20,Proverbs,9,7,Proverbs 9:7,5,injuriam,,,,Clementine,VUL
20,Proverbs,9,7,Proverbs 9:7,6,sibi,,,,Clementine,VUL
20,Proverbs,9,7,Proverbs 9:7,7,"facit,",,,,Clementine,VUL
20,Proverbs,9,7,Proverbs 9:7,8,et,,,,Clementine,VUL
20,Proverbs,9,7,Proverbs 9:7,9,qui,,,,Clementine,VUL
20,Proverbs,9,7,Proverbs 9:7,10,arguit,,,,Clementine,VUL
20,Proverbs,9,7,Proverbs 9:7,11,"impium,",,,,Clementine,VUL
20,Proverbs,9,7,Proverbs 9:7,12,sibi,,,,Clementine,VUL
20,Proverbs,9,7,Proverbs 9:7,13,maculam,,,,Clementine,VUL
20,Proverbs,9,7,Proverbs 9:7,14,generat.,,,,Clementine,VUL
20,Proverbs,9,8,Proverbs 9:8,1,Noli,,,,Clementine,VUL
20,Proverbs,9,8,Proverbs 9:8,2,arguere,,,,Clementine,VUL
20,Proverbs,9,8,Proverbs 9:8,3,"derisorem,",,,,Clementine,VUL
20,Proverbs,9,8,Proverbs 9:8,4,ne,,,,Clementine,VUL
20,Proverbs,9,8,Proverbs 9:8,5,oderit,,,,Clementine,VUL
20,Proverbs,9,8,Proverbs 9:8,6,te,,,,Clementine,VUL
20,Proverbs,9,8,Proverbs 9:8,7,:,,,,Clementine,VUL
20,Proverbs,9,8,Proverbs 9:8,8,argue,,,,Clementine,VUL
20,Proverbs,9,8,Proverbs 9:8,9,"sapientem,",,,,Clementine,VUL
20,Proverbs,9,8,Proverbs 9:8,10,et,,,,Clementine,VUL
20,Proverbs,9,8,Proverbs 9:8,11,diliget,,,,Clementine,VUL
20,Proverbs,9,8,Proverbs 9:8,12,te.,,,,Clementine,VUL
20,Proverbs,9,9,Proverbs 9:9,1,Da,,,,Clementine,VUL
20,Proverbs,9,9,Proverbs 9:9,2,sapienti,,,,Clementine,VUL
20,Proverbs,9,9,Proverbs 9:9,3,"occasionem,",,,,Clementine,VUL
20,Proverbs,9,9,Proverbs 9:9,4,et,,,,Clementine,VUL
20,Proverbs,9,9,Proverbs 9:9,5,addetur,,,,Clementine,VUL
20,Proverbs,9,9,Proverbs 9:9,6,ei,,,,Clementine,VUL
20,Proverbs,9,9,Proverbs 9:9,7,sapientia,,,,Clementine,VUL
20,Proverbs,9,9,Proverbs 9:9,8,;,,,,Clementine,VUL
20,Proverbs,9,9,Proverbs 9:9,9,doce,,,,Clementine,VUL
20,Proverbs,9,9,Proverbs 9:9,10,"justum,",,,,Clementine,VUL
20,Proverbs,9,9,Proverbs 9:9,11,et,,,,Clementine,VUL
20,Proverbs,9,9,Proverbs 9:9,12,festinabit,,,,Clementine,VUL
20,Proverbs,9,9,Proverbs 9:9,13,accipere.,,,,Clementine,VUL
20,Proverbs,9,10,Proverbs 9:10,1,Principium,,,,Clementine,VUL
20,Proverbs,9,10,Proverbs 9:10,2,sapientiæ,,,,Clementine,VUL
20,Proverbs,9,10,Proverbs 9:10,3,timor,,,,Clementine,VUL
20,Proverbs,9,10,Proverbs 9:10,4,"Domini,",,,,Clementine,VUL
20,Proverbs,9,10,Proverbs 9:10,5,et,,,,Clementine,VUL
20,Proverbs,9,10,Proverbs 9:10,6,scientia,,,,Clementine,VUL
20,Proverbs,9,10,Proverbs 9:10,7,sanctorum,,,,Clementine,VUL
20,Proverbs,9,10,Proverbs 9:10,8,prudentia.,,,,Clementine,VUL
20,Proverbs,9,11,Proverbs 9:11,1,Per,,,,Clementine,VUL
20,Proverbs,9,11,Proverbs 9:11,2,me,,,,Clementine,VUL
20,Proverbs,9,11,Proverbs 9:11,3,enim,,,,Clementine,VUL
20,Proverbs,9,11,Proverbs 9:11,4,multiplicabuntur,,,,Clementine,VUL
20,Proverbs,9,11,Proverbs 9:11,5,dies,,,,Clementine,VUL
20,Proverbs,9,11,Proverbs 9:11,6,"tui,",,,,Clementine,VUL
20,Proverbs,9,11,Proverbs 9:11,7,et,,,,Clementine,VUL
20,Proverbs,9,11,Proverbs 9:11,8,addentur,,,,Clementine,VUL
20,Proverbs,9,11,Proverbs 9:11,9,tibi,,,,Clementine,VUL
20,Proverbs,9,11,Proverbs 9:11,10,anni,,,,Clementine,VUL
20,Proverbs,9,11,Proverbs 9:11,11,vitæ.,,,,Clementine,VUL
20,Proverbs,9,12,Proverbs 9:12,1,Si,,,,Clementine,VUL
20,Proverbs,9,12,Proverbs 9:12,2,sapiens,,,,Clementine,VUL
20,Proverbs,9,12,Proverbs 9:12,3,"fueris,",,,,Clementine,VUL
20,Proverbs,9,12,Proverbs 9:12,4,tibimetipsi,,,,Clementine,VUL
20,Proverbs,9,12,Proverbs 9:12,5,eris,,,,Clementine,VUL
20,Proverbs,9,12,Proverbs 9:12,6,;,,,,Clementine,VUL
20,Proverbs,9,12,Proverbs 9:12,7,si,,,,Clementine,VUL
20,Proverbs,9,12,Proverbs 9:12,8,autem,,,,Clementine,VUL
20,Proverbs,9,12,Proverbs 9:12,9,"illusor,",,,,Clementine,VUL
20,Proverbs,9,12,Proverbs 9:12,10,solus,,,,Clementine,VUL
20,Proverbs,9,12,Proverbs 9:12,11,portabis,,,,Clementine,VUL
20,Proverbs,9,12,Proverbs 9:12,12,malum.,,,,Clementine,VUL
20,Proverbs,9,13,Proverbs 9:13,1,Mulier,,,,Clementine,VUL
20,Proverbs,9,13,Proverbs 9:13,2,stulta,,,,Clementine,VUL
20,Proverbs,9,13,Proverbs 9:13,3,et,,,,Clementine,VUL
20,Proverbs,9,13,Proverbs 9:13,4,"clamosa,",,,,Clementine,VUL
20,Proverbs,9,13,Proverbs 9:13,5,plenaque,,,,Clementine,VUL
20,Proverbs,9,13,Proverbs 9:13,6,"illecebris,",,,,Clementine,VUL
20,Proverbs,9,13,Proverbs 9:13,7,et,,,,Clementine,VUL
20,Proverbs,9,13,Proverbs 9:13,8,nihil,,,,Clementine,VUL
20,Proverbs,9,13,Proverbs 9:13,9,omnino,,,,Clementine,VUL
20,Proverbs,9,13,Proverbs 9:13,10,"sciens,",,,,Clementine,VUL
20,Proverbs,9,14,Proverbs 9:14,1,sedit,,,,Clementine,VUL
20,Proverbs,9,14,Proverbs 9:14,2,in,,,,Clementine,VUL
20,Proverbs,9,14,Proverbs 9:14,3,foribus,,,,Clementine,VUL
20,Proverbs,9,14,Proverbs 9:14,4,domus,,,,Clementine,VUL
20,Proverbs,9,14,Proverbs 9:14,5,"suæ,",,,,Clementine,VUL
20,Proverbs,9,14,Proverbs 9:14,6,super,,,,Clementine,VUL
20,Proverbs,9,14,Proverbs 9:14,7,sellam,,,,Clementine,VUL
20,Proverbs,9,14,Proverbs 9:14,8,in,,,,Clementine,VUL
20,Proverbs,9,14,Proverbs 9:14,9,excelso,,,,Clementine,VUL
20,Proverbs,9,14,Proverbs 9:14,10,urbis,,,,Clementine,VUL
20,Proverbs,9,14,Proverbs 9:14,11,"loco,",,,,Clementine,VUL
20,Proverbs,9,15,Proverbs 9:15,1,ut,,,,Clementine,VUL
20,Proverbs,9,15,Proverbs 9:15,2,vocaret,,,,Clementine,VUL
20,Proverbs,9,15,Proverbs 9:15,3,transeuntes,,,,Clementine,VUL
20,Proverbs,9,15,Proverbs 9:15,4,per,,,,Clementine,VUL
20,Proverbs,9,15,Proverbs 9:15,5,"viam,",,,,Clementine,VUL
20,Proverbs,9,15,Proverbs 9:15,6,et,,,,Clementine,VUL
20,Proverbs,9,15,Proverbs 9:15,7,pergentes,,,,Clementine,VUL
20,Proverbs,9,15,Proverbs 9:15,8,itinere,,,,Clementine,VUL
20,Proverbs,9,15,Proverbs 9:15,9,suo,,,,Clementine,VUL
20,Proverbs,9,15,Proverbs 9:15,10,:,,,,Clementine,VUL
20,Proverbs,9,16,Proverbs 9:16,1,Qui,,,,Clementine,VUL
20,Proverbs,9,16,Proverbs 9:16,2,est,,,,Clementine,VUL
20,Proverbs,9,16,Proverbs 9:16,3,parvulus,,,,Clementine,VUL
20,Proverbs,9,16,Proverbs 9:16,4,declinet,,,,Clementine,VUL
20,Proverbs,9,16,Proverbs 9:16,5,ad,,,,Clementine,VUL
20,Proverbs,9,16,Proverbs 9:16,6,me.,,,,Clementine,VUL
20,Proverbs,9,16,Proverbs 9:16,7,Et,,,,Clementine,VUL
20,Proverbs,9,16,Proverbs 9:16,8,vecordi,,,,Clementine,VUL
20,Proverbs,9,16,Proverbs 9:16,9,locuta,,,,Clementine,VUL
20,Proverbs,9,16,Proverbs 9:16,10,est,,,,Clementine,VUL
20,Proverbs,9,16,Proverbs 9:16,11,:,,,,Clementine,VUL
20,Proverbs,9,17,Proverbs 9:17,1,Aquæ,,,,Clementine,VUL
20,Proverbs,9,17,Proverbs 9:17,2,furtivæ,,,,Clementine,VUL
20,Proverbs,9,17,Proverbs 9:17,3,dulciores,,,,Clementine,VUL
20,Proverbs,9,17,Proverbs 9:17,4,"sunt,",,,,Clementine,VUL
20,Proverbs,9,17,Proverbs 9:17,5,et,,,,Clementine,VUL
20,Proverbs,9,17,Proverbs 9:17,6,panis,,,,Clementine,VUL
20,Proverbs,9,17,Proverbs 9:17,7,absconditus,,,,Clementine,VUL
20,Proverbs,9,17,Proverbs 9:17,8,suavior.,,,,Clementine,VUL
20,Proverbs,9,18,Proverbs 9:18,1,Et,,,,Clementine,VUL
20,Proverbs,9,18,Proverbs 9:18,2,ignoravit,,,,Clementine,VUL
20,Proverbs,9,18,Proverbs 9:18,3,quod,,,,Clementine,VUL
20,Proverbs,9,18,Proverbs 9:18,4,ibi,,,,Clementine,VUL
20,Proverbs,9,18,Proverbs 9:18,5,sint,,,,Clementine,VUL
20,Proverbs,9,18,Proverbs 9:18,6,"gigantes,",,,,Clementine,VUL
20,Proverbs,9,18,Proverbs 9:18,7,et,,,,Clementine,VUL
20,Proverbs,9,18,Proverbs 9:18,8,in,,,,Clementine,VUL
20,Proverbs,9,18,Proverbs 9:18,9,profundis,,,,Clementine,VUL
20,Proverbs,9,18,Proverbs 9:18,10,inferni,,,,Clementine,VUL
20,Proverbs,9,18,Proverbs 9:18,11,convivæ,,,,Clementine,VUL
20,Proverbs,9,18,Proverbs 9:18,12,ejus.,,,,Clementine,VUL
20,Proverbs,10,1,Proverbs 10:1,1,Filius,,,,Clementine,VUL
20,Proverbs,10,1,Proverbs 10:1,2,sapiens,,,,Clementine,VUL
20,Proverbs,10,1,Proverbs 10:1,3,lætificat,,,,Clementine,VUL
20,Proverbs,10,1,Proverbs 10:1,4,"patrem,",,,,Clementine,VUL
20,Proverbs,10,1,Proverbs 10:1,5,filius,,,,Clementine,VUL
20,Proverbs,10,1,Proverbs 10:1,6,vero,,,,Clementine,VUL
20,Proverbs,10,1,Proverbs 10:1,7,stultus,,,,Clementine,VUL
20,Proverbs,10,1,Proverbs 10:1,8,mœstitia,,,,Clementine,VUL
20,Proverbs,10,1,Proverbs 10:1,9,est,,,,Clementine,VUL
20,Proverbs,10,1,Proverbs 10:1,10,matris,,,,Clementine,VUL
20,Proverbs,10,1,Proverbs 10:1,11,suæ.,,,,Clementine,VUL
20,Proverbs,10,2,Proverbs 10:2,1,Nil,,,,Clementine,VUL
20,Proverbs,10,2,Proverbs 10:2,2,proderunt,,,,Clementine,VUL
20,Proverbs,10,2,Proverbs 10:2,3,thesauri,,,,Clementine,VUL
20,Proverbs,10,2,Proverbs 10:2,4,"impietatis,",,,,Clementine,VUL
20,Proverbs,10,2,Proverbs 10:2,5,justitia,,,,Clementine,VUL
20,Proverbs,10,2,Proverbs 10:2,6,vero,,,,Clementine,VUL
20,Proverbs,10,2,Proverbs 10:2,7,liberabit,,,,Clementine,VUL
20,Proverbs,10,2,Proverbs 10:2,8,a,,,,Clementine,VUL
20,Proverbs,10,2,Proverbs 10:2,9,morte.,,,,Clementine,VUL
20,Proverbs,10,3,Proverbs 10:3,1,Non,,,,Clementine,VUL
20,Proverbs,10,3,Proverbs 10:3,2,affliget,,,,Clementine,VUL
20,Proverbs,10,3,Proverbs 10:3,3,Dominus,,,,Clementine,VUL
20,Proverbs,10,3,Proverbs 10:3,4,fame,,,,Clementine,VUL
20,Proverbs,10,3,Proverbs 10:3,5,animam,,,,Clementine,VUL
20,Proverbs,10,3,Proverbs 10:3,6,"justi,",,,,Clementine,VUL
20,Proverbs,10,3,Proverbs 10:3,7,et,,,,Clementine,VUL
20,Proverbs,10,3,Proverbs 10:3,8,insidias,,,,Clementine,VUL
20,Proverbs,10,3,Proverbs 10:3,9,impiorum,,,,Clementine,VUL
20,Proverbs,10,3,Proverbs 10:3,10,subvertet.,,,,Clementine,VUL
20,Proverbs,10,4,Proverbs 10:4,1,Egestatem,,,,Clementine,VUL
20,Proverbs,10,4,Proverbs 10:4,2,operata,,,,Clementine,VUL
20,Proverbs,10,4,Proverbs 10:4,3,est,,,,Clementine,VUL
20,Proverbs,10,4,Proverbs 10:4,4,manus,,,,Clementine,VUL
20,Proverbs,10,4,Proverbs 10:4,5,remissa,,,,Clementine,VUL
20,Proverbs,10,4,Proverbs 10:4,6,;,,,,Clementine,VUL
20,Proverbs,10,4,Proverbs 10:4,7,manus,,,,Clementine,VUL
20,Proverbs,10,4,Proverbs 10:4,8,autem,,,,Clementine,VUL
20,Proverbs,10,4,Proverbs 10:4,9,fortium,,,,Clementine,VUL
20,Proverbs,10,4,Proverbs 10:4,10,divitias,,,,Clementine,VUL
20,Proverbs,10,4,Proverbs 10:4,11,parat.,,,,Clementine,VUL
20,Proverbs,10,4,Proverbs 10:4,12,Qui,,,,Clementine,VUL
20,Proverbs,10,4,Proverbs 10:4,13,nititur,,,,Clementine,VUL
20,Proverbs,10,4,Proverbs 10:4,14,"mendaciis,",,,,Clementine,VUL
20,Proverbs,10,4,Proverbs 10:4,15,hic,,,,Clementine,VUL
20,Proverbs,10,4,Proverbs 10:4,16,pascit,,,,Clementine,VUL
20,Proverbs,10,4,Proverbs 10:4,17,ventos,,,,Clementine,VUL
20,Proverbs,10,4,Proverbs 10:4,18,;,,,,Clementine,VUL
20,Proverbs,10,4,Proverbs 10:4,19,idem,,,,Clementine,VUL
20,Proverbs,10,4,Proverbs 10:4,20,autem,,,,Clementine,VUL
20,Proverbs,10,4,Proverbs 10:4,21,ipse,,,,Clementine,VUL
20,Proverbs,10,4,Proverbs 10:4,22,sequitur,,,,Clementine,VUL
20,Proverbs,10,4,Proverbs 10:4,23,aves,,,,Clementine,VUL
20,Proverbs,10,4,Proverbs 10:4,24,volantes.,,,,Clementine,VUL
20,Proverbs,10,5,Proverbs 10:5,1,Qui,,,,Clementine,VUL
20,Proverbs,10,5,Proverbs 10:5,2,congregat,,,,Clementine,VUL
20,Proverbs,10,5,Proverbs 10:5,3,in,,,,Clementine,VUL
20,Proverbs,10,5,Proverbs 10:5,4,"messe,",,,,Clementine,VUL
20,Proverbs,10,5,Proverbs 10:5,5,filius,,,,Clementine,VUL
20,Proverbs,10,5,Proverbs 10:5,6,sapiens,,,,Clementine,VUL
20,Proverbs,10,5,Proverbs 10:5,7,est,,,,Clementine,VUL
20,Proverbs,10,5,Proverbs 10:5,8,;,,,,Clementine,VUL
20,Proverbs,10,5,Proverbs 10:5,9,qui,,,,Clementine,VUL
20,Proverbs,10,5,Proverbs 10:5,10,autem,,,,Clementine,VUL
20,Proverbs,10,5,Proverbs 10:5,11,stertit,,,,Clementine,VUL
20,Proverbs,10,5,Proverbs 10:5,12,"æstate,",,,,Clementine,VUL
20,Proverbs,10,5,Proverbs 10:5,13,filius,,,,Clementine,VUL
20,Proverbs,10,5,Proverbs 10:5,14,confusionis.,,,,Clementine,VUL
20,Proverbs,10,6,Proverbs 10:6,1,Benedictio,,,,Clementine,VUL
20,Proverbs,10,6,Proverbs 10:6,2,Domini,,,,Clementine,VUL
20,Proverbs,10,6,Proverbs 10:6,3,super,,,,Clementine,VUL
20,Proverbs,10,6,Proverbs 10:6,4,caput,,,,Clementine,VUL
20,Proverbs,10,6,Proverbs 10:6,5,justi,,,,Clementine,VUL
20,Proverbs,10,6,Proverbs 10:6,6,;,,,,Clementine,VUL
20,Proverbs,10,6,Proverbs 10:6,7,os,,,,Clementine,VUL
20,Proverbs,10,6,Proverbs 10:6,8,autem,,,,Clementine,VUL
20,Proverbs,10,6,Proverbs 10:6,9,impiorum,,,,Clementine,VUL
20,Proverbs,10,6,Proverbs 10:6,10,operit,,,,Clementine,VUL
20,Proverbs,10,6,Proverbs 10:6,11,iniquitas.,,,,Clementine,VUL
20,Proverbs,10,7,Proverbs 10:7,1,Memoria,,,,Clementine,VUL
20,Proverbs,10,7,Proverbs 10:7,2,justi,,,,Clementine,VUL
20,Proverbs,10,7,Proverbs 10:7,3,cum,,,,Clementine,VUL
20,Proverbs,10,7,Proverbs 10:7,4,"laudibus,",,,,Clementine,VUL
20,Proverbs,10,7,Proverbs 10:7,5,et,,,,Clementine,VUL
20,Proverbs,10,7,Proverbs 10:7,6,nomen,,,,Clementine,VUL
20,Proverbs,10,7,Proverbs 10:7,7,impiorum,,,,Clementine,VUL
20,Proverbs,10,7,Proverbs 10:7,8,putrescet.,,,,Clementine,VUL
20,Proverbs,10,8,Proverbs 10:8,1,Sapiens,,,,Clementine,VUL
20,Proverbs,10,8,Proverbs 10:8,2,corde,,,,Clementine,VUL
20,Proverbs,10,8,Proverbs 10:8,3,præcepta,,,,Clementine,VUL
20,Proverbs,10,8,Proverbs 10:8,4,suscipit,,,,Clementine,VUL
20,Proverbs,10,8,Proverbs 10:8,5,;,,,,Clementine,VUL
20,Proverbs,10,8,Proverbs 10:8,6,stultus,,,,Clementine,VUL
20,Proverbs,10,8,Proverbs 10:8,7,cæditur,,,,Clementine,VUL
20,Proverbs,10,8,Proverbs 10:8,8,labiis.,,,,Clementine,VUL
20,Proverbs,10,9,Proverbs 10:9,1,Qui,,,,Clementine,VUL
20,Proverbs,10,9,Proverbs 10:9,2,ambulat,,,,Clementine,VUL
20,Proverbs,10,9,Proverbs 10:9,3,simpliciter,,,,Clementine,VUL
20,Proverbs,10,9,Proverbs 10:9,4,ambulat,,,,Clementine,VUL
20,Proverbs,10,9,Proverbs 10:9,5,confidenter,,,,Clementine,VUL
20,Proverbs,10,9,Proverbs 10:9,6,;,,,,Clementine,VUL
20,Proverbs,10,9,Proverbs 10:9,7,qui,,,,Clementine,VUL
20,Proverbs,10,9,Proverbs 10:9,8,autem,,,,Clementine,VUL
20,Proverbs,10,9,Proverbs 10:9,9,depravat,,,,Clementine,VUL
20,Proverbs,10,9,Proverbs 10:9,10,vias,,,,Clementine,VUL
20,Proverbs,10,9,Proverbs 10:9,11,suas,,,,Clementine,VUL
20,Proverbs,10,9,Proverbs 10:9,12,manifestus,,,,Clementine,VUL
20,Proverbs,10,9,Proverbs 10:9,13,erit.,,,,Clementine,VUL
20,Proverbs,10,10,Proverbs 10:10,1,Qui,,,,Clementine,VUL
20,Proverbs,10,10,Proverbs 10:10,2,annuit,,,,Clementine,VUL
20,Proverbs,10,10,Proverbs 10:10,3,oculo,,,,Clementine,VUL
20,Proverbs,10,10,Proverbs 10:10,4,dabit,,,,Clementine,VUL
20,Proverbs,10,10,Proverbs 10:10,5,dolorem,,,,Clementine,VUL
20,Proverbs,10,10,Proverbs 10:10,6,;,,,,Clementine,VUL
20,Proverbs,10,10,Proverbs 10:10,7,et,,,,Clementine,VUL
20,Proverbs,10,10,Proverbs 10:10,8,stultus,,,,Clementine,VUL
20,Proverbs,10,10,Proverbs 10:10,9,labiis,,,,Clementine,VUL
20,Proverbs,10,10,Proverbs 10:10,10,verberabitur.,,,,Clementine,VUL
20,Proverbs,10,11,Proverbs 10:11,1,Vena,,,,Clementine,VUL
20,Proverbs,10,11,Proverbs 10:11,2,vitæ,,,,Clementine,VUL
20,Proverbs,10,11,Proverbs 10:11,3,os,,,,Clementine,VUL
20,Proverbs,10,11,Proverbs 10:11,4,"justi,",,,,Clementine,VUL
20,Proverbs,10,11,Proverbs 10:11,5,et,,,,Clementine,VUL
20,Proverbs,10,11,Proverbs 10:11,6,os,,,,Clementine,VUL
20,Proverbs,10,11,Proverbs 10:11,7,impiorum,,,,Clementine,VUL
20,Proverbs,10,11,Proverbs 10:11,8,operit,,,,Clementine,VUL
20,Proverbs,10,11,Proverbs 10:11,9,iniquitatem.,,,,Clementine,VUL
20,Proverbs,10,12,Proverbs 10:12,1,Odium,,,,Clementine,VUL
20,Proverbs,10,12,Proverbs 10:12,2,suscitat,,,,Clementine,VUL
20,Proverbs,10,12,Proverbs 10:12,3,"rixas,",,,,Clementine,VUL
20,Proverbs,10,12,Proverbs 10:12,4,et,,,,Clementine,VUL
20,Proverbs,10,12,Proverbs 10:12,5,universa,,,,Clementine,VUL
20,Proverbs,10,12,Proverbs 10:12,6,delicta,,,,Clementine,VUL
20,Proverbs,10,12,Proverbs 10:12,7,operit,,,,Clementine,VUL
20,Proverbs,10,12,Proverbs 10:12,8,caritas.,,,,Clementine,VUL
20,Proverbs,10,13,Proverbs 10:13,1,In,,,,Clementine,VUL
20,Proverbs,10,13,Proverbs 10:13,2,labiis,,,,Clementine,VUL
20,Proverbs,10,13,Proverbs 10:13,3,sapientis,,,,Clementine,VUL
20,Proverbs,10,13,Proverbs 10:13,4,invenitur,,,,Clementine,VUL
20,Proverbs,10,13,Proverbs 10:13,5,"sapientia,",,,,Clementine,VUL
20,Proverbs,10,13,Proverbs 10:13,6,et,,,,Clementine,VUL
20,Proverbs,10,13,Proverbs 10:13,7,virga,,,,Clementine,VUL
20,Proverbs,10,13,Proverbs 10:13,8,in,,,,Clementine,VUL
20,Proverbs,10,13,Proverbs 10:13,9,dorso,,,,Clementine,VUL
20,Proverbs,10,13,Proverbs 10:13,10,ejus,,,,Clementine,VUL
20,Proverbs,10,13,Proverbs 10:13,11,qui,,,,Clementine,VUL
20,Proverbs,10,13,Proverbs 10:13,12,indiget,,,,Clementine,VUL
20,Proverbs,10,13,Proverbs 10:13,13,corde.,,,,Clementine,VUL
20,Proverbs,10,14,Proverbs 10:14,1,Sapientes,,,,Clementine,VUL
20,Proverbs,10,14,Proverbs 10:14,2,abscondunt,,,,Clementine,VUL
20,Proverbs,10,14,Proverbs 10:14,3,scientiam,,,,Clementine,VUL
20,Proverbs,10,14,Proverbs 10:14,4,;,,,,Clementine,VUL
20,Proverbs,10,14,Proverbs 10:14,5,os,,,,Clementine,VUL
20,Proverbs,10,14,Proverbs 10:14,6,autem,,,,Clementine,VUL
20,Proverbs,10,14,Proverbs 10:14,7,stulti,,,,Clementine,VUL
20,Proverbs,10,14,Proverbs 10:14,8,confusioni,,,,Clementine,VUL
20,Proverbs,10,14,Proverbs 10:14,9,proximum,,,,Clementine,VUL
20,Proverbs,10,14,Proverbs 10:14,10,est.,,,,Clementine,VUL
20,Proverbs,10,15,Proverbs 10:15,1,Substantia,,,,Clementine,VUL
20,Proverbs,10,15,Proverbs 10:15,2,"divitis,",,,,Clementine,VUL
20,Proverbs,10,15,Proverbs 10:15,3,urbs,,,,Clementine,VUL
20,Proverbs,10,15,Proverbs 10:15,4,fortitudinis,,,,Clementine,VUL
20,Proverbs,10,15,Proverbs 10:15,5,ejus,,,,Clementine,VUL
20,Proverbs,10,15,Proverbs 10:15,6,;,,,,Clementine,VUL
20,Proverbs,10,15,Proverbs 10:15,7,pavor,,,,Clementine,VUL
20,Proverbs,10,15,Proverbs 10:15,8,pauperum,,,,Clementine,VUL
20,Proverbs,10,15,Proverbs 10:15,9,egestas,,,,Clementine,VUL
20,Proverbs,10,15,Proverbs 10:15,10,eorum.,,,,Clementine,VUL
20,Proverbs,10,16,Proverbs 10:16,1,Opus,,,,Clementine,VUL
20,Proverbs,10,16,Proverbs 10:16,2,justi,,,,Clementine,VUL
20,Proverbs,10,16,Proverbs 10:16,3,ad,,,,Clementine,VUL
20,Proverbs,10,16,Proverbs 10:16,4,"vitam,",,,,Clementine,VUL
20,Proverbs,10,16,Proverbs 10:16,5,fructus,,,,Clementine,VUL
20,Proverbs,10,16,Proverbs 10:16,6,autem,,,,Clementine,VUL
20,Proverbs,10,16,Proverbs 10:16,7,impii,,,,Clementine,VUL
20,Proverbs,10,16,Proverbs 10:16,8,ad,,,,Clementine,VUL
20,Proverbs,10,16,Proverbs 10:16,9,peccatum.,,,,Clementine,VUL
20,Proverbs,10,17,Proverbs 10:17,1,Via,,,,Clementine,VUL
20,Proverbs,10,17,Proverbs 10:17,2,vitæ,,,,Clementine,VUL
20,Proverbs,10,17,Proverbs 10:17,3,custodienti,,,,Clementine,VUL
20,Proverbs,10,17,Proverbs 10:17,4,disciplinam,,,,Clementine,VUL
20,Proverbs,10,17,Proverbs 10:17,5,;,,,,Clementine,VUL
20,Proverbs,10,17,Proverbs 10:17,6,qui,,,,Clementine,VUL
20,Proverbs,10,17,Proverbs 10:17,7,autem,,,,Clementine,VUL
20,Proverbs,10,17,Proverbs 10:17,8,increpationes,,,,Clementine,VUL
20,Proverbs,10,17,Proverbs 10:17,9,"relinquit,",,,,Clementine,VUL
20,Proverbs,10,17,Proverbs 10:17,10,errat.,,,,Clementine,VUL
20,Proverbs,10,18,Proverbs 10:18,1,Abscondunt,,,,Clementine,VUL
20,Proverbs,10,18,Proverbs 10:18,2,odium,,,,Clementine,VUL
20,Proverbs,10,18,Proverbs 10:18,3,labia,,,,Clementine,VUL
20,Proverbs,10,18,Proverbs 10:18,4,mendacia,,,,Clementine,VUL
20,Proverbs,10,18,Proverbs 10:18,5,;,,,,Clementine,VUL
20,Proverbs,10,18,Proverbs 10:18,6,qui,,,,Clementine,VUL
20,Proverbs,10,18,Proverbs 10:18,7,profert,,,,Clementine,VUL
20,Proverbs,10,18,Proverbs 10:18,8,"contumeliam,",,,,Clementine,VUL
20,Proverbs,10,18,Proverbs 10:18,9,insipiens,,,,Clementine,VUL
20,Proverbs,10,18,Proverbs 10:18,10,est.,,,,Clementine,VUL
20,Proverbs,10,19,Proverbs 10:19,1,In,,,,Clementine,VUL
20,Proverbs,10,19,Proverbs 10:19,2,multiloquio,,,,Clementine,VUL
20,Proverbs,10,19,Proverbs 10:19,3,non,,,,Clementine,VUL
20,Proverbs,10,19,Proverbs 10:19,4,deerit,,,,Clementine,VUL
20,Proverbs,10,19,Proverbs 10:19,5,"peccatum,",,,,Clementine,VUL
20,Proverbs,10,19,Proverbs 10:19,6,qui,,,,Clementine,VUL
20,Proverbs,10,19,Proverbs 10:19,7,autem,,,,Clementine,VUL
20,Proverbs,10,19,Proverbs 10:19,8,moderatur,,,,Clementine,VUL
20,Proverbs,10,19,Proverbs 10:19,9,labia,,,,Clementine,VUL
20,Proverbs,10,19,Proverbs 10:19,10,sua,,,,Clementine,VUL
20,Proverbs,10,19,Proverbs 10:19,11,prudentissimus,,,,Clementine,VUL
20,Proverbs,10,19,Proverbs 10:19,12,est.,,,,Clementine,VUL
20,Proverbs,10,20,Proverbs 10:20,1,Argentum,,,,Clementine,VUL
20,Proverbs,10,20,Proverbs 10:20,2,electum,,,,Clementine,VUL
20,Proverbs,10,20,Proverbs 10:20,3,lingua,,,,Clementine,VUL
20,Proverbs,10,20,Proverbs 10:20,4,justi,,,,Clementine,VUL
20,Proverbs,10,20,Proverbs 10:20,5,;,,,,Clementine,VUL
20,Proverbs,10,20,Proverbs 10:20,6,cor,,,,Clementine,VUL
20,Proverbs,10,20,Proverbs 10:20,7,autem,,,,Clementine,VUL
20,Proverbs,10,20,Proverbs 10:20,8,impiorum,,,,Clementine,VUL
20,Proverbs,10,20,Proverbs 10:20,9,pro,,,,Clementine,VUL
20,Proverbs,10,20,Proverbs 10:20,10,nihilo.,,,,Clementine,VUL
20,Proverbs,10,21,Proverbs 10:21,1,Labia,,,,Clementine,VUL
20,Proverbs,10,21,Proverbs 10:21,2,justi,,,,Clementine,VUL
20,Proverbs,10,21,Proverbs 10:21,3,erudiunt,,,,Clementine,VUL
20,Proverbs,10,21,Proverbs 10:21,4,plurimos,,,,Clementine,VUL
20,Proverbs,10,21,Proverbs 10:21,5,;,,,,Clementine,VUL
20,Proverbs,10,21,Proverbs 10:21,6,qui,,,,Clementine,VUL
20,Proverbs,10,21,Proverbs 10:21,7,autem,,,,Clementine,VUL
20,Proverbs,10,21,Proverbs 10:21,8,indocti,,,,Clementine,VUL
20,Proverbs,10,21,Proverbs 10:21,9,sunt,,,,Clementine,VUL
20,Proverbs,10,21,Proverbs 10:21,10,in,,,,Clementine,VUL
20,Proverbs,10,21,Proverbs 10:21,11,cordis,,,,Clementine,VUL
20,Proverbs,10,21,Proverbs 10:21,12,egestate,,,,Clementine,VUL
20,Proverbs,10,21,Proverbs 10:21,13,morientur.,,,,Clementine,VUL
20,Proverbs,10,22,Proverbs 10:22,1,Benedictio,,,,Clementine,VUL
20,Proverbs,10,22,Proverbs 10:22,2,Domini,,,,Clementine,VUL
20,Proverbs,10,22,Proverbs 10:22,3,divites,,,,Clementine,VUL
20,Proverbs,10,22,Proverbs 10:22,4,"facit,",,,,Clementine,VUL
20,Proverbs,10,22,Proverbs 10:22,5,nec,,,,Clementine,VUL
20,Proverbs,10,22,Proverbs 10:22,6,sociabitur,,,,Clementine,VUL
20,Proverbs,10,22,Proverbs 10:22,7,eis,,,,Clementine,VUL
20,Proverbs,10,22,Proverbs 10:22,8,afflictio.,,,,Clementine,VUL
20,Proverbs,10,23,Proverbs 10:23,1,Quasi,,,,Clementine,VUL
20,Proverbs,10,23,Proverbs 10:23,2,per,,,,Clementine,VUL
20,Proverbs,10,23,Proverbs 10:23,3,risum,,,,Clementine,VUL
20,Proverbs,10,23,Proverbs 10:23,4,stultus,,,,Clementine,VUL
20,Proverbs,10,23,Proverbs 10:23,5,operatur,,,,Clementine,VUL
20,Proverbs,10,23,Proverbs 10:23,6,"scelus,",,,,Clementine,VUL
20,Proverbs,10,23,Proverbs 10:23,7,sapientia,,,,Clementine,VUL
20,Proverbs,10,23,Proverbs 10:23,8,autem,,,,Clementine,VUL
20,Proverbs,10,23,Proverbs 10:23,9,est,,,,Clementine,VUL
20,Proverbs,10,23,Proverbs 10:23,10,viro,,,,Clementine,VUL
20,Proverbs,10,23,Proverbs 10:23,11,prudentia.,,,,Clementine,VUL
20,Proverbs,10,24,Proverbs 10:24,1,Quod,,,,Clementine,VUL
20,Proverbs,10,24,Proverbs 10:24,2,timet,,,,Clementine,VUL
20,Proverbs,10,24,Proverbs 10:24,3,impius,,,,Clementine,VUL
20,Proverbs,10,24,Proverbs 10:24,4,veniet,,,,Clementine,VUL
20,Proverbs,10,24,Proverbs 10:24,5,super,,,,Clementine,VUL
20,Proverbs,10,24,Proverbs 10:24,6,eum,,,,Clementine,VUL
20,Proverbs,10,24,Proverbs 10:24,7,;,,,,Clementine,VUL
20,Proverbs,10,24,Proverbs 10:24,8,desiderium,,,,Clementine,VUL
20,Proverbs,10,24,Proverbs 10:24,9,suum,,,,Clementine,VUL
20,Proverbs,10,24,Proverbs 10:24,10,justus,,,,Clementine,VUL
20,Proverbs,10,24,Proverbs 10:24,11,dabitur.,,,,Clementine,VUL
20,Proverbs,10,25,Proverbs 10:25,1,Quasi,,,,Clementine,VUL
20,Proverbs,10,25,Proverbs 10:25,2,tempestas,,,,Clementine,VUL
20,Proverbs,10,25,Proverbs 10:25,3,transiens,,,,Clementine,VUL
20,Proverbs,10,25,Proverbs 10:25,4,non,,,,Clementine,VUL
20,Proverbs,10,25,Proverbs 10:25,5,erit,,,,Clementine,VUL
20,Proverbs,10,25,Proverbs 10:25,6,impius,,,,Clementine,VUL
20,Proverbs,10,25,Proverbs 10:25,7,;,,,,Clementine,VUL
20,Proverbs,10,25,Proverbs 10:25,8,justus,,,,Clementine,VUL
20,Proverbs,10,25,Proverbs 10:25,9,autem,,,,Clementine,VUL
20,Proverbs,10,25,Proverbs 10:25,10,quasi,,,,Clementine,VUL
20,Proverbs,10,25,Proverbs 10:25,11,fundamentum,,,,Clementine,VUL
20,Proverbs,10,25,Proverbs 10:25,12,sempiternum.,,,,Clementine,VUL
20,Proverbs,10,26,Proverbs 10:26,1,Sicut,,,,Clementine,VUL
20,Proverbs,10,26,Proverbs 10:26,2,acetum,,,,Clementine,VUL
20,Proverbs,10,26,Proverbs 10:26,3,"dentibus,",,,,Clementine,VUL
20,Proverbs,10,26,Proverbs 10:26,4,et,,,,Clementine,VUL
20,Proverbs,10,26,Proverbs 10:26,5,fumus,,,,Clementine,VUL
20,Proverbs,10,26,Proverbs 10:26,6,"oculis,",,,,Clementine,VUL
20,Proverbs,10,26,Proverbs 10:26,7,sic,,,,Clementine,VUL
20,Proverbs,10,26,Proverbs 10:26,8,piger,,,,Clementine,VUL
20,Proverbs,10,26,Proverbs 10:26,9,his,,,,Clementine,VUL
20,Proverbs,10,26,Proverbs 10:26,10,qui,,,,Clementine,VUL
20,Proverbs,10,26,Proverbs 10:26,11,miserunt,,,,Clementine,VUL
20,Proverbs,10,26,Proverbs 10:26,12,eum.,,,,Clementine,VUL
20,Proverbs,10,27,Proverbs 10:27,1,Timor,,,,Clementine,VUL
20,Proverbs,10,27,Proverbs 10:27,2,Domini,,,,Clementine,VUL
20,Proverbs,10,27,Proverbs 10:27,3,apponet,,,,Clementine,VUL
20,Proverbs,10,27,Proverbs 10:27,4,"dies,",,,,Clementine,VUL
20,Proverbs,10,27,Proverbs 10:27,5,et,,,,Clementine,VUL
20,Proverbs,10,27,Proverbs 10:27,6,anni,,,,Clementine,VUL
20,Proverbs,10,27,Proverbs 10:27,7,impiorum,,,,Clementine,VUL
20,Proverbs,10,27,Proverbs 10:27,8,breviabuntur.,,,,Clementine,VUL
20,Proverbs,10,28,Proverbs 10:28,1,Exspectatio,,,,Clementine,VUL
20,Proverbs,10,28,Proverbs 10:28,2,justorum,,,,Clementine,VUL
20,Proverbs,10,28,Proverbs 10:28,3,"lætitia,",,,,Clementine,VUL
20,Proverbs,10,28,Proverbs 10:28,4,spes,,,,Clementine,VUL
20,Proverbs,10,28,Proverbs 10:28,5,autem,,,,Clementine,VUL
20,Proverbs,10,28,Proverbs 10:28,6,impiorum,,,,Clementine,VUL
20,Proverbs,10,28,Proverbs 10:28,7,peribit.,,,,Clementine,VUL
20,Proverbs,10,29,Proverbs 10:29,1,Fortitudo,,,,Clementine,VUL
20,Proverbs,10,29,Proverbs 10:29,2,simplicis,,,,Clementine,VUL
20,Proverbs,10,29,Proverbs 10:29,3,via,,,,Clementine,VUL
20,Proverbs,10,29,Proverbs 10:29,4,"Domini,",,,,Clementine,VUL
20,Proverbs,10,29,Proverbs 10:29,5,et,,,,Clementine,VUL
20,Proverbs,10,29,Proverbs 10:29,6,pavor,,,,Clementine,VUL
20,Proverbs,10,29,Proverbs 10:29,7,his,,,,Clementine,VUL
20,Proverbs,10,29,Proverbs 10:29,8,qui,,,,Clementine,VUL
20,Proverbs,10,29,Proverbs 10:29,9,operantur,,,,Clementine,VUL
20,Proverbs,10,29,Proverbs 10:29,10,malum.,,,,Clementine,VUL
20,Proverbs,10,30,Proverbs 10:30,1,Justus,,,,Clementine,VUL
20,Proverbs,10,30,Proverbs 10:30,2,in,,,,Clementine,VUL
20,Proverbs,10,30,Proverbs 10:30,3,æternum,,,,Clementine,VUL
20,Proverbs,10,30,Proverbs 10:30,4,non,,,,Clementine,VUL
20,Proverbs,10,30,Proverbs 10:30,5,"commovebitur,",,,,Clementine,VUL
20,Proverbs,10,30,Proverbs 10:30,6,impii,,,,Clementine,VUL
20,Proverbs,10,30,Proverbs 10:30,7,autem,,,,Clementine,VUL
20,Proverbs,10,30,Proverbs 10:30,8,non,,,,Clementine,VUL
20,Proverbs,10,30,Proverbs 10:30,9,habitabunt,,,,Clementine,VUL
20,Proverbs,10,30,Proverbs 10:30,10,super,,,,Clementine,VUL
20,Proverbs,10,30,Proverbs 10:30,11,terram.,,,,Clementine,VUL
20,Proverbs,10,31,Proverbs 10:31,1,Os,,,,Clementine,VUL
20,Proverbs,10,31,Proverbs 10:31,2,justi,,,,Clementine,VUL
20,Proverbs,10,31,Proverbs 10:31,3,parturiet,,,,Clementine,VUL
20,Proverbs,10,31,Proverbs 10:31,4,sapientiam,,,,Clementine,VUL
20,Proverbs,10,31,Proverbs 10:31,5,;,,,,Clementine,VUL
20,Proverbs,10,31,Proverbs 10:31,6,lingua,,,,Clementine,VUL
20,Proverbs,10,31,Proverbs 10:31,7,pravorum,,,,Clementine,VUL
20,Proverbs,10,31,Proverbs 10:31,8,peribit.,,,,Clementine,VUL
20,Proverbs,10,32,Proverbs 10:32,1,Labia,,,,Clementine,VUL
20,Proverbs,10,32,Proverbs 10:32,2,justi,,,,Clementine,VUL
20,Proverbs,10,32,Proverbs 10:32,3,considerant,,,,Clementine,VUL
20,Proverbs,10,32,Proverbs 10:32,4,"placita,",,,,Clementine,VUL
20,Proverbs,10,32,Proverbs 10:32,5,et,,,,Clementine,VUL
20,Proverbs,10,32,Proverbs 10:32,6,os,,,,Clementine,VUL
20,Proverbs,10,32,Proverbs 10:32,7,impiorum,,,,Clementine,VUL
20,Proverbs,10,32,Proverbs 10:32,8,perversa.,,,,Clementine,VUL
20,Proverbs,11,1,Proverbs 11:1,1,Statera,,,,Clementine,VUL
20,Proverbs,11,1,Proverbs 11:1,2,dolosa,,,,Clementine,VUL
20,Proverbs,11,1,Proverbs 11:1,3,abominatio,,,,Clementine,VUL
20,Proverbs,11,1,Proverbs 11:1,4,est,,,,Clementine,VUL
20,Proverbs,11,1,Proverbs 11:1,5,apud,,,,Clementine,VUL
20,Proverbs,11,1,Proverbs 11:1,6,"Dominum,",,,,Clementine,VUL
20,Proverbs,11,1,Proverbs 11:1,7,et,,,,Clementine,VUL
20,Proverbs,11,1,Proverbs 11:1,8,pondus,,,,Clementine,VUL
20,Proverbs,11,1,Proverbs 11:1,9,æquum,,,,Clementine,VUL
20,Proverbs,11,1,Proverbs 11:1,10,voluntas,,,,Clementine,VUL
20,Proverbs,11,1,Proverbs 11:1,11,ejus.,,,,Clementine,VUL
20,Proverbs,11,2,Proverbs 11:2,1,Ubi,,,,Clementine,VUL
20,Proverbs,11,2,Proverbs 11:2,2,fuerit,,,,Clementine,VUL
20,Proverbs,11,2,Proverbs 11:2,3,"superbia,",,,,Clementine,VUL
20,Proverbs,11,2,Proverbs 11:2,4,ibi,,,,Clementine,VUL
20,Proverbs,11,2,Proverbs 11:2,5,erit,,,,Clementine,VUL
20,Proverbs,11,2,Proverbs 11:2,6,et,,,,Clementine,VUL
20,Proverbs,11,2,Proverbs 11:2,7,contumelia,,,,Clementine,VUL
20,Proverbs,11,2,Proverbs 11:2,8,;,,,,Clementine,VUL
20,Proverbs,11,2,Proverbs 11:2,9,ubi,,,,Clementine,VUL
20,Proverbs,11,2,Proverbs 11:2,10,autem,,,,Clementine,VUL
20,Proverbs,11,2,Proverbs 11:2,11,est,,,,Clementine,VUL
20,Proverbs,11,2,Proverbs 11:2,12,"humilitas,",,,,Clementine,VUL
20,Proverbs,11,2,Proverbs 11:2,13,ibi,,,,Clementine,VUL
20,Proverbs,11,2,Proverbs 11:2,14,et,,,,Clementine,VUL
20,Proverbs,11,2,Proverbs 11:2,15,sapientia.,,,,Clementine,VUL
20,Proverbs,11,3,Proverbs 11:3,1,Simplicitas,,,,Clementine,VUL
20,Proverbs,11,3,Proverbs 11:3,2,justorum,,,,Clementine,VUL
20,Proverbs,11,3,Proverbs 11:3,3,diriget,,,,Clementine,VUL
20,Proverbs,11,3,Proverbs 11:3,4,"eos,",,,,Clementine,VUL
20,Proverbs,11,3,Proverbs 11:3,5,et,,,,Clementine,VUL
20,Proverbs,11,3,Proverbs 11:3,6,supplantatio,,,,Clementine,VUL
20,Proverbs,11,3,Proverbs 11:3,7,perversorum,,,,Clementine,VUL
20,Proverbs,11,3,Proverbs 11:3,8,vastabit,,,,Clementine,VUL
20,Proverbs,11,3,Proverbs 11:3,9,illos.,,,,Clementine,VUL
20,Proverbs,11,4,Proverbs 11:4,1,Non,,,,Clementine,VUL
20,Proverbs,11,4,Proverbs 11:4,2,proderunt,,,,Clementine,VUL
20,Proverbs,11,4,Proverbs 11:4,3,divitiæ,,,,Clementine,VUL
20,Proverbs,11,4,Proverbs 11:4,4,in,,,,Clementine,VUL
20,Proverbs,11,4,Proverbs 11:4,5,die,,,,Clementine,VUL
20,Proverbs,11,4,Proverbs 11:4,6,ultionis,,,,Clementine,VUL
20,Proverbs,11,4,Proverbs 11:4,7,;,,,,Clementine,VUL
20,Proverbs,11,4,Proverbs 11:4,8,justitia,,,,Clementine,VUL
20,Proverbs,11,4,Proverbs 11:4,9,autem,,,,Clementine,VUL
20,Proverbs,11,4,Proverbs 11:4,10,liberabit,,,,Clementine,VUL
20,Proverbs,11,4,Proverbs 11:4,11,a,,,,Clementine,VUL
20,Proverbs,11,4,Proverbs 11:4,12,morte.,,,,Clementine,VUL
20,Proverbs,11,5,Proverbs 11:5,1,Justitia,,,,Clementine,VUL
20,Proverbs,11,5,Proverbs 11:5,2,simplicis,,,,Clementine,VUL
20,Proverbs,11,5,Proverbs 11:5,3,diriget,,,,Clementine,VUL
20,Proverbs,11,5,Proverbs 11:5,4,viam,,,,Clementine,VUL
20,Proverbs,11,5,Proverbs 11:5,5,"ejus,",,,,Clementine,VUL
20,Proverbs,11,5,Proverbs 11:5,6,et,,,,Clementine,VUL
20,Proverbs,11,5,Proverbs 11:5,7,in,,,,Clementine,VUL
20,Proverbs,11,5,Proverbs 11:5,8,impietate,,,,Clementine,VUL
20,Proverbs,11,5,Proverbs 11:5,9,sua,,,,Clementine,VUL
20,Proverbs,11,5,Proverbs 11:5,10,corruet,,,,Clementine,VUL
20,Proverbs,11,5,Proverbs 11:5,11,impius.,,,,Clementine,VUL
20,Proverbs,11,6,Proverbs 11:6,1,Justitia,,,,Clementine,VUL
20,Proverbs,11,6,Proverbs 11:6,2,rectorum,,,,Clementine,VUL
20,Proverbs,11,6,Proverbs 11:6,3,liberabit,,,,Clementine,VUL
20,Proverbs,11,6,Proverbs 11:6,4,"eos,",,,,Clementine,VUL
20,Proverbs,11,6,Proverbs 11:6,5,et,,,,Clementine,VUL
20,Proverbs,11,6,Proverbs 11:6,6,in,,,,Clementine,VUL
20,Proverbs,11,6,Proverbs 11:6,7,insidiis,,,,Clementine,VUL
20,Proverbs,11,6,Proverbs 11:6,8,suis,,,,Clementine,VUL
20,Proverbs,11,6,Proverbs 11:6,9,capientur,,,,Clementine,VUL
20,Proverbs,11,6,Proverbs 11:6,10,iniqui.,,,,Clementine,VUL
20,Proverbs,11,7,Proverbs 11:7,1,Mortuo,,,,Clementine,VUL
20,Proverbs,11,7,Proverbs 11:7,2,homine,,,,Clementine,VUL
20,Proverbs,11,7,Proverbs 11:7,3,"impio,",,,,Clementine,VUL
20,Proverbs,11,7,Proverbs 11:7,4,nulla,,,,Clementine,VUL
20,Proverbs,11,7,Proverbs 11:7,5,erit,,,,Clementine,VUL
20,Proverbs,11,7,Proverbs 11:7,6,ultra,,,,Clementine,VUL
20,Proverbs,11,7,Proverbs 11:7,7,"spes,",,,,Clementine,VUL
20,Proverbs,11,7,Proverbs 11:7,8,et,,,,Clementine,VUL
20,Proverbs,11,7,Proverbs 11:7,9,exspectatio,,,,Clementine,VUL
20,Proverbs,11,7,Proverbs 11:7,10,sollicitorum,,,,Clementine,VUL
20,Proverbs,11,7,Proverbs 11:7,11,peribit.,,,,Clementine,VUL
20,Proverbs,11,8,Proverbs 11:8,1,Justus,,,,Clementine,VUL
20,Proverbs,11,8,Proverbs 11:8,2,de,,,,Clementine,VUL
20,Proverbs,11,8,Proverbs 11:8,3,angustia,,,,Clementine,VUL
20,Proverbs,11,8,Proverbs 11:8,4,liberatus,,,,Clementine,VUL
20,Proverbs,11,8,Proverbs 11:8,5,"est,",,,,Clementine,VUL
20,Proverbs,11,8,Proverbs 11:8,6,et,,,,Clementine,VUL
20,Proverbs,11,8,Proverbs 11:8,7,tradetur,,,,Clementine,VUL
20,Proverbs,11,8,Proverbs 11:8,8,impius,,,,Clementine,VUL
20,Proverbs,11,8,Proverbs 11:8,9,pro,,,,Clementine,VUL
20,Proverbs,11,8,Proverbs 11:8,10,eo.,,,,Clementine,VUL
20,Proverbs,11,9,Proverbs 11:9,1,Simulator,,,,Clementine,VUL
20,Proverbs,11,9,Proverbs 11:9,2,ore,,,,Clementine,VUL
20,Proverbs,11,9,Proverbs 11:9,3,decipit,,,,Clementine,VUL
20,Proverbs,11,9,Proverbs 11:9,4,amicum,,,,Clementine,VUL
20,Proverbs,11,9,Proverbs 11:9,5,suum,,,,Clementine,VUL
20,Proverbs,11,9,Proverbs 11:9,6,;,,,,Clementine,VUL
20,Proverbs,11,9,Proverbs 11:9,7,justi,,,,Clementine,VUL
20,Proverbs,11,9,Proverbs 11:9,8,autem,,,,Clementine,VUL
20,Proverbs,11,9,Proverbs 11:9,9,liberabuntur,,,,Clementine,VUL
20,Proverbs,11,9,Proverbs 11:9,10,scientia.,,,,Clementine,VUL
20,Proverbs,11,10,Proverbs 11:10,1,In,,,,Clementine,VUL
20,Proverbs,11,10,Proverbs 11:10,2,bonis,,,,Clementine,VUL
20,Proverbs,11,10,Proverbs 11:10,3,justorum,,,,Clementine,VUL
20,Proverbs,11,10,Proverbs 11:10,4,exsultabit,,,,Clementine,VUL
20,Proverbs,11,10,Proverbs 11:10,5,"civitas,",,,,Clementine,VUL
20,Proverbs,11,10,Proverbs 11:10,6,et,,,,Clementine,VUL
20,Proverbs,11,10,Proverbs 11:10,7,in,,,,Clementine,VUL
20,Proverbs,11,10,Proverbs 11:10,8,perditione,,,,Clementine,VUL
20,Proverbs,11,10,Proverbs 11:10,9,impiorum,,,,Clementine,VUL
20,Proverbs,11,10,Proverbs 11:10,10,erit,,,,Clementine,VUL
20,Proverbs,11,10,Proverbs 11:10,11,laudatio.,,,,Clementine,VUL
20,Proverbs,11,11,Proverbs 11:11,1,Benedictione,,,,Clementine,VUL
20,Proverbs,11,11,Proverbs 11:11,2,justorum,,,,Clementine,VUL
20,Proverbs,11,11,Proverbs 11:11,3,exaltabitur,,,,Clementine,VUL
20,Proverbs,11,11,Proverbs 11:11,4,"civitas,",,,,Clementine,VUL
20,Proverbs,11,11,Proverbs 11:11,5,et,,,,Clementine,VUL
20,Proverbs,11,11,Proverbs 11:11,6,ore,,,,Clementine,VUL
20,Proverbs,11,11,Proverbs 11:11,7,impiorum,,,,Clementine,VUL
20,Proverbs,11,11,Proverbs 11:11,8,subvertetur.,,,,Clementine,VUL
20,Proverbs,11,12,Proverbs 11:12,1,Qui,,,,Clementine,VUL
20,Proverbs,11,12,Proverbs 11:12,2,despicit,,,,Clementine,VUL
20,Proverbs,11,12,Proverbs 11:12,3,amicum,,,,Clementine,VUL
20,Proverbs,11,12,Proverbs 11:12,4,suum,,,,Clementine,VUL
20,Proverbs,11,12,Proverbs 11:12,5,indigens,,,,Clementine,VUL
20,Proverbs,11,12,Proverbs 11:12,6,corde,,,,Clementine,VUL
20,Proverbs,11,12,Proverbs 11:12,7,est,,,,Clementine,VUL
20,Proverbs,11,12,Proverbs 11:12,8,;,,,,Clementine,VUL
20,Proverbs,11,12,Proverbs 11:12,9,vir,,,,Clementine,VUL
20,Proverbs,11,12,Proverbs 11:12,10,autem,,,,Clementine,VUL
20,Proverbs,11,12,Proverbs 11:12,11,prudens,,,,Clementine,VUL
20,Proverbs,11,12,Proverbs 11:12,12,tacebit.,,,,Clementine,VUL
20,Proverbs,11,13,Proverbs 11:13,1,Qui,,,,Clementine,VUL
20,Proverbs,11,13,Proverbs 11:13,2,ambulat,,,,Clementine,VUL
20,Proverbs,11,13,Proverbs 11:13,3,"fraudulenter,",,,,Clementine,VUL
20,Proverbs,11,13,Proverbs 11:13,4,revelat,,,,Clementine,VUL
20,Proverbs,11,13,Proverbs 11:13,5,arcana,,,,Clementine,VUL
20,Proverbs,11,13,Proverbs 11:13,6,;,,,,Clementine,VUL
20,Proverbs,11,13,Proverbs 11:13,7,qui,,,,Clementine,VUL
20,Proverbs,11,13,Proverbs 11:13,8,autem,,,,Clementine,VUL
20,Proverbs,11,13,Proverbs 11:13,9,fidelis,,,,Clementine,VUL
20,Proverbs,11,13,Proverbs 11:13,10,est,,,,Clementine,VUL
20,Proverbs,11,13,Proverbs 11:13,11,"animi,",,,,Clementine,VUL
20,Proverbs,11,13,Proverbs 11:13,12,celat,,,,Clementine,VUL
20,Proverbs,11,13,Proverbs 11:13,13,amici,,,,Clementine,VUL
20,Proverbs,11,13,Proverbs 11:13,14,commissum.,,,,Clementine,VUL
20,Proverbs,11,14,Proverbs 11:14,1,Ubi,,,,Clementine,VUL
20,Proverbs,11,14,Proverbs 11:14,2,non,,,,Clementine,VUL
20,Proverbs,11,14,Proverbs 11:14,3,est,,,,Clementine,VUL
20,Proverbs,11,14,Proverbs 11:14,4,"gubernator,",,,,Clementine,VUL
20,Proverbs,11,14,Proverbs 11:14,5,populus,,,,Clementine,VUL
20,Proverbs,11,14,Proverbs 11:14,6,corruet,,,,Clementine,VUL
20,Proverbs,11,14,Proverbs 11:14,7,;,,,,Clementine,VUL
20,Proverbs,11,14,Proverbs 11:14,8,salus,,,,Clementine,VUL
20,Proverbs,11,14,Proverbs 11:14,9,"autem,",,,,Clementine,VUL
20,Proverbs,11,14,Proverbs 11:14,10,ubi,,,,Clementine,VUL
20,Proverbs,11,14,Proverbs 11:14,11,multa,,,,Clementine,VUL
20,Proverbs,11,14,Proverbs 11:14,12,consilia.,,,,Clementine,VUL
20,Proverbs,11,15,Proverbs 11:15,1,Affligetur,,,,Clementine,VUL
20,Proverbs,11,15,Proverbs 11:15,2,malo,,,,Clementine,VUL
20,Proverbs,11,15,Proverbs 11:15,3,qui,,,,Clementine,VUL
20,Proverbs,11,15,Proverbs 11:15,4,fidem,,,,Clementine,VUL
20,Proverbs,11,15,Proverbs 11:15,5,facit,,,,Clementine,VUL
20,Proverbs,11,15,Proverbs 11:15,6,pro,,,,Clementine,VUL
20,Proverbs,11,15,Proverbs 11:15,7,extraneo,,,,Clementine,VUL
20,Proverbs,11,15,Proverbs 11:15,8,;,,,,Clementine,VUL
20,Proverbs,11,15,Proverbs 11:15,9,qui,,,,Clementine,VUL
20,Proverbs,11,15,Proverbs 11:15,10,autem,,,,Clementine,VUL
20,Proverbs,11,15,Proverbs 11:15,11,cavet,,,,Clementine,VUL
20,Proverbs,11,15,Proverbs 11:15,12,laqueos,,,,Clementine,VUL
20,Proverbs,11,15,Proverbs 11:15,13,securus,,,,Clementine,VUL
20,Proverbs,11,15,Proverbs 11:15,14,erit.,,,,Clementine,VUL
20,Proverbs,11,16,Proverbs 11:16,1,Mulier,,,,Clementine,VUL
20,Proverbs,11,16,Proverbs 11:16,2,gratiosa,,,,Clementine,VUL
20,Proverbs,11,16,Proverbs 11:16,3,inveniet,,,,Clementine,VUL
20,Proverbs,11,16,Proverbs 11:16,4,"gloriam,",,,,Clementine,VUL
20,Proverbs,11,16,Proverbs 11:16,5,et,,,,Clementine,VUL
20,Proverbs,11,16,Proverbs 11:16,6,robusti,,,,Clementine,VUL
20,Proverbs,11,16,Proverbs 11:16,7,habebunt,,,,Clementine,VUL
20,Proverbs,11,16,Proverbs 11:16,8,divitias.,,,,Clementine,VUL
20,Proverbs,11,17,Proverbs 11:17,1,Benefacit,,,,Clementine,VUL
20,Proverbs,11,17,Proverbs 11:17,2,animæ,,,,Clementine,VUL
20,Proverbs,11,17,Proverbs 11:17,3,suæ,,,,Clementine,VUL
20,Proverbs,11,17,Proverbs 11:17,4,vir,,,,Clementine,VUL
20,Proverbs,11,17,Proverbs 11:17,5,misericors,,,,Clementine,VUL
20,Proverbs,11,17,Proverbs 11:17,6,;,,,,Clementine,VUL
20,Proverbs,11,17,Proverbs 11:17,7,qui,,,,Clementine,VUL
20,Proverbs,11,17,Proverbs 11:17,8,autem,,,,Clementine,VUL
20,Proverbs,11,17,Proverbs 11:17,9,crudelis,,,,Clementine,VUL
20,Proverbs,11,17,Proverbs 11:17,10,"est,",,,,Clementine,VUL
20,Proverbs,11,17,Proverbs 11:17,11,etiam,,,,Clementine,VUL
20,Proverbs,11,17,Proverbs 11:17,12,propinquos,,,,Clementine,VUL
20,Proverbs,11,17,Proverbs 11:17,13,abjicit.,,,,Clementine,VUL
20,Proverbs,11,18,Proverbs 11:18,1,Impius,,,,Clementine,VUL
20,Proverbs,11,18,Proverbs 11:18,2,facit,,,,Clementine,VUL
20,Proverbs,11,18,Proverbs 11:18,3,opus,,,,Clementine,VUL
20,Proverbs,11,18,Proverbs 11:18,4,"instabile,",,,,Clementine,VUL
20,Proverbs,11,18,Proverbs 11:18,5,seminanti,,,,Clementine,VUL
20,Proverbs,11,18,Proverbs 11:18,6,autem,,,,Clementine,VUL
20,Proverbs,11,18,Proverbs 11:18,7,justitiam,,,,Clementine,VUL
20,Proverbs,11,18,Proverbs 11:18,8,merces,,,,Clementine,VUL
20,Proverbs,11,18,Proverbs 11:18,9,fidelis.,,,,Clementine,VUL
20,Proverbs,11,19,Proverbs 11:19,1,Clementia,,,,Clementine,VUL
20,Proverbs,11,19,Proverbs 11:19,2,præparat,,,,Clementine,VUL
20,Proverbs,11,19,Proverbs 11:19,3,"vitam,",,,,Clementine,VUL
20,Proverbs,11,19,Proverbs 11:19,4,et,,,,Clementine,VUL
20,Proverbs,11,19,Proverbs 11:19,5,sectatio,,,,Clementine,VUL
20,Proverbs,11,19,Proverbs 11:19,6,malorum,,,,Clementine,VUL
20,Proverbs,11,19,Proverbs 11:19,7,mortem.,,,,Clementine,VUL
20,Proverbs,11,20,Proverbs 11:20,1,Abominabile,,,,Clementine,VUL
20,Proverbs,11,20,Proverbs 11:20,2,Domino,,,,Clementine,VUL
20,Proverbs,11,20,Proverbs 11:20,3,cor,,,,Clementine,VUL
20,Proverbs,11,20,Proverbs 11:20,4,"pravum,",,,,Clementine,VUL
20,Proverbs,11,20,Proverbs 11:20,5,et,,,,Clementine,VUL
20,Proverbs,11,20,Proverbs 11:20,6,voluntas,,,,Clementine,VUL
20,Proverbs,11,20,Proverbs 11:20,7,ejus,,,,Clementine,VUL
20,Proverbs,11,20,Proverbs 11:20,8,in,,,,Clementine,VUL
20,Proverbs,11,20,Proverbs 11:20,9,iis,,,,Clementine,VUL
20,Proverbs,11,20,Proverbs 11:20,10,qui,,,,Clementine,VUL
20,Proverbs,11,20,Proverbs 11:20,11,simpliciter,,,,Clementine,VUL
20,Proverbs,11,20,Proverbs 11:20,12,ambulant.,,,,Clementine,VUL
20,Proverbs,11,21,Proverbs 11:21,1,Manus,,,,Clementine,VUL
20,Proverbs,11,21,Proverbs 11:21,2,in,,,,Clementine,VUL
20,Proverbs,11,21,Proverbs 11:21,3,manu,,,,Clementine,VUL
20,Proverbs,11,21,Proverbs 11:21,4,non,,,,Clementine,VUL
20,Proverbs,11,21,Proverbs 11:21,5,erit,,,,Clementine,VUL
20,Proverbs,11,21,Proverbs 11:21,6,innocens,,,,Clementine,VUL
20,Proverbs,11,21,Proverbs 11:21,7,malus,,,,Clementine,VUL
20,Proverbs,11,21,Proverbs 11:21,8,;,,,,Clementine,VUL
20,Proverbs,11,21,Proverbs 11:21,9,semen,,,,Clementine,VUL
20,Proverbs,11,21,Proverbs 11:21,10,autem,,,,Clementine,VUL
20,Proverbs,11,21,Proverbs 11:21,11,justorum,,,,Clementine,VUL
20,Proverbs,11,21,Proverbs 11:21,12,salvabitur.,,,,Clementine,VUL
20,Proverbs,11,22,Proverbs 11:22,1,Circulus,,,,Clementine,VUL
20,Proverbs,11,22,Proverbs 11:22,2,aureus,,,,Clementine,VUL
20,Proverbs,11,22,Proverbs 11:22,3,in,,,,Clementine,VUL
20,Proverbs,11,22,Proverbs 11:22,4,naribus,,,,Clementine,VUL
20,Proverbs,11,22,Proverbs 11:22,5,"suis,",,,,Clementine,VUL
20,Proverbs,11,22,Proverbs 11:22,6,mulier,,,,Clementine,VUL
20,Proverbs,11,22,Proverbs 11:22,7,pulchra,,,,Clementine,VUL
20,Proverbs,11,22,Proverbs 11:22,8,et,,,,Clementine,VUL
20,Proverbs,11,22,Proverbs 11:22,9,fatua.,,,,Clementine,VUL
20,Proverbs,11,23,Proverbs 11:23,1,Desiderium,,,,Clementine,VUL
20,Proverbs,11,23,Proverbs 11:23,2,justorum,,,,Clementine,VUL
20,Proverbs,11,23,Proverbs 11:23,3,omne,,,,Clementine,VUL
20,Proverbs,11,23,Proverbs 11:23,4,bonum,,,,Clementine,VUL
20,Proverbs,11,23,Proverbs 11:23,5,est,,,,Clementine,VUL
20,Proverbs,11,23,Proverbs 11:23,6,;,,,,Clementine,VUL
20,Proverbs,11,23,Proverbs 11:23,7,præstolatio,,,,Clementine,VUL
20,Proverbs,11,23,Proverbs 11:23,8,impiorum,,,,Clementine,VUL
20,Proverbs,11,23,Proverbs 11:23,9,furor.,,,,Clementine,VUL
20,Proverbs,11,24,Proverbs 11:24,1,Alii,,,,Clementine,VUL
20,Proverbs,11,24,Proverbs 11:24,2,dividunt,,,,Clementine,VUL
20,Proverbs,11,24,Proverbs 11:24,3,"propria,",,,,Clementine,VUL
20,Proverbs,11,24,Proverbs 11:24,4,et,,,,Clementine,VUL
20,Proverbs,11,24,Proverbs 11:24,5,ditiores,,,,Clementine,VUL
20,Proverbs,11,24,Proverbs 11:24,6,fiunt,,,,Clementine,VUL
20,Proverbs,11,24,Proverbs 11:24,7,;,,,,Clementine,VUL
20,Proverbs,11,24,Proverbs 11:24,8,alii,,,,Clementine,VUL
20,Proverbs,11,24,Proverbs 11:24,9,rapiunt,,,,Clementine,VUL
20,Proverbs,11,24,Proverbs 11:24,10,non,,,,Clementine,VUL
20,Proverbs,11,24,Proverbs 11:24,11,"sua,",,,,Clementine,VUL
20,Proverbs,11,24,Proverbs 11:24,12,et,,,,Clementine,VUL
20,Proverbs,11,24,Proverbs 11:24,13,semper,,,,Clementine,VUL
20,Proverbs,11,24,Proverbs 11:24,14,in,,,,Clementine,VUL
20,Proverbs,11,24,Proverbs 11:24,15,egestate,,,,Clementine,VUL
20,Proverbs,11,24,Proverbs 11:24,16,sunt.,,,,Clementine,VUL
20,Proverbs,11,25,Proverbs 11:25,1,Anima,,,,Clementine,VUL
20,Proverbs,11,25,Proverbs 11:25,2,quæ,,,,Clementine,VUL
20,Proverbs,11,25,Proverbs 11:25,3,benedicit,,,,Clementine,VUL
20,Proverbs,11,25,Proverbs 11:25,4,"impinguabitur,",,,,Clementine,VUL
20,Proverbs,11,25,Proverbs 11:25,5,et,,,,Clementine,VUL
20,Proverbs,11,25,Proverbs 11:25,6,qui,,,,Clementine,VUL
20,Proverbs,11,25,Proverbs 11:25,7,"inebriat,",,,,Clementine,VUL
20,Proverbs,11,25,Proverbs 11:25,8,ipse,,,,Clementine,VUL
20,Proverbs,11,25,Proverbs 11:25,9,quoque,,,,Clementine,VUL
20,Proverbs,11,25,Proverbs 11:25,10,inebriabitur.,,,,Clementine,VUL
20,Proverbs,11,26,Proverbs 11:26,1,Qui,,,,Clementine,VUL
20,Proverbs,11,26,Proverbs 11:26,2,abscondit,,,,Clementine,VUL
20,Proverbs,11,26,Proverbs 11:26,3,frumenta,,,,Clementine,VUL
20,Proverbs,11,26,Proverbs 11:26,4,maledicetur,,,,Clementine,VUL
20,Proverbs,11,26,Proverbs 11:26,5,in,,,,Clementine,VUL
20,Proverbs,11,26,Proverbs 11:26,6,populis,,,,Clementine,VUL
20,Proverbs,11,26,Proverbs 11:26,7,;,,,,Clementine,VUL
20,Proverbs,11,26,Proverbs 11:26,8,benedictio,,,,Clementine,VUL
20,Proverbs,11,26,Proverbs 11:26,9,autem,,,,Clementine,VUL
20,Proverbs,11,26,Proverbs 11:26,10,super,,,,Clementine,VUL
20,Proverbs,11,26,Proverbs 11:26,11,caput,,,,Clementine,VUL
20,Proverbs,11,26,Proverbs 11:26,12,vendentium.,,,,Clementine,VUL
20,Proverbs,11,27,Proverbs 11:27,1,Bene,,,,Clementine,VUL
20,Proverbs,11,27,Proverbs 11:27,2,consurgit,,,,Clementine,VUL
20,Proverbs,11,27,Proverbs 11:27,3,diluculo,,,,Clementine,VUL
20,Proverbs,11,27,Proverbs 11:27,4,qui,,,,Clementine,VUL
20,Proverbs,11,27,Proverbs 11:27,5,quærit,,,,Clementine,VUL
20,Proverbs,11,27,Proverbs 11:27,6,bona,,,,Clementine,VUL
20,Proverbs,11,27,Proverbs 11:27,7,;,,,,Clementine,VUL
20,Proverbs,11,27,Proverbs 11:27,8,qui,,,,Clementine,VUL
20,Proverbs,11,27,Proverbs 11:27,9,autem,,,,Clementine,VUL
20,Proverbs,11,27,Proverbs 11:27,10,investigator,,,,Clementine,VUL
20,Proverbs,11,27,Proverbs 11:27,11,malorum,,,,Clementine,VUL
20,Proverbs,11,27,Proverbs 11:27,12,"est,",,,,Clementine,VUL
20,Proverbs,11,27,Proverbs 11:27,13,opprimetur,,,,Clementine,VUL
20,Proverbs,11,27,Proverbs 11:27,14,ab,,,,Clementine,VUL
20,Proverbs,11,27,Proverbs 11:27,15,eis.,,,,Clementine,VUL
20,Proverbs,11,28,Proverbs 11:28,1,Qui,,,,Clementine,VUL
20,Proverbs,11,28,Proverbs 11:28,2,confidit,,,,Clementine,VUL
20,Proverbs,11,28,Proverbs 11:28,3,in,,,,Clementine,VUL
20,Proverbs,11,28,Proverbs 11:28,4,divitiis,,,,Clementine,VUL
20,Proverbs,11,28,Proverbs 11:28,5,suis,,,,Clementine,VUL
20,Proverbs,11,28,Proverbs 11:28,6,corruet,,,,Clementine,VUL
20,Proverbs,11,28,Proverbs 11:28,7,:,,,,Clementine,VUL
20,Proverbs,11,28,Proverbs 11:28,8,justi,,,,Clementine,VUL
20,Proverbs,11,28,Proverbs 11:28,9,autem,,,,Clementine,VUL
20,Proverbs,11,28,Proverbs 11:28,10,quasi,,,,Clementine,VUL
20,Proverbs,11,28,Proverbs 11:28,11,virens,,,,Clementine,VUL
20,Proverbs,11,28,Proverbs 11:28,12,folium,,,,Clementine,VUL
20,Proverbs,11,28,Proverbs 11:28,13,germinabunt.,,,,Clementine,VUL
20,Proverbs,11,29,Proverbs 11:29,1,Qui,,,,Clementine,VUL
20,Proverbs,11,29,Proverbs 11:29,2,conturbat,,,,Clementine,VUL
20,Proverbs,11,29,Proverbs 11:29,3,domum,,,,Clementine,VUL
20,Proverbs,11,29,Proverbs 11:29,4,suam,,,,Clementine,VUL
20,Proverbs,11,29,Proverbs 11:29,5,possidebit,,,,Clementine,VUL
20,Proverbs,11,29,Proverbs 11:29,6,"ventos,",,,,Clementine,VUL
20,Proverbs,11,29,Proverbs 11:29,7,et,,,,Clementine,VUL
20,Proverbs,11,29,Proverbs 11:29,8,qui,,,,Clementine,VUL
20,Proverbs,11,29,Proverbs 11:29,9,stultus,,,,Clementine,VUL
20,Proverbs,11,29,Proverbs 11:29,10,est,,,,Clementine,VUL
20,Proverbs,11,29,Proverbs 11:29,11,serviet,,,,Clementine,VUL
20,Proverbs,11,29,Proverbs 11:29,12,sapienti.,,,,Clementine,VUL
20,Proverbs,11,30,Proverbs 11:30,1,Fructus,,,,Clementine,VUL
20,Proverbs,11,30,Proverbs 11:30,2,justi,,,,Clementine,VUL
20,Proverbs,11,30,Proverbs 11:30,3,lignum,,,,Clementine,VUL
20,Proverbs,11,30,Proverbs 11:30,4,"vitæ,",,,,Clementine,VUL
20,Proverbs,11,30,Proverbs 11:30,5,et,,,,Clementine,VUL
20,Proverbs,11,30,Proverbs 11:30,6,qui,,,,Clementine,VUL
20,Proverbs,11,30,Proverbs 11:30,7,suscipit,,,,Clementine,VUL
20,Proverbs,11,30,Proverbs 11:30,8,animas,,,,Clementine,VUL
20,Proverbs,11,30,Proverbs 11:30,9,sapiens,,,,Clementine,VUL
20,Proverbs,11,30,Proverbs 11:30,10,est.,,,,Clementine,VUL
20,Proverbs,11,31,Proverbs 11:31,1,Si,,,,Clementine,VUL
20,Proverbs,11,31,Proverbs 11:31,2,justus,,,,Clementine,VUL
20,Proverbs,11,31,Proverbs 11:31,3,in,,,,Clementine,VUL
20,Proverbs,11,31,Proverbs 11:31,4,terra,,,,Clementine,VUL
20,Proverbs,11,31,Proverbs 11:31,5,"recipit,",,,,Clementine,VUL
20,Proverbs,11,31,Proverbs 11:31,6,quanto,,,,Clementine,VUL
20,Proverbs,11,31,Proverbs 11:31,7,magis,,,,Clementine,VUL
20,Proverbs,11,31,Proverbs 11:31,8,impius,,,,Clementine,VUL
20,Proverbs,11,31,Proverbs 11:31,9,et,,,,Clementine,VUL
20,Proverbs,11,31,Proverbs 11:31,10,peccator,,,,Clementine,VUL
20,Proverbs,11,31,Proverbs 11:31,11,!,,,,Clementine,VUL
20,Proverbs,12,1,Proverbs 12:1,1,Qui,,,,Clementine,VUL
20,Proverbs,12,1,Proverbs 12:1,2,diligit,,,,Clementine,VUL
20,Proverbs,12,1,Proverbs 12:1,3,disciplinam,,,,Clementine,VUL
20,Proverbs,12,1,Proverbs 12:1,4,diligit,,,,Clementine,VUL
20,Proverbs,12,1,Proverbs 12:1,5,scientiam,,,,Clementine,VUL
20,Proverbs,12,1,Proverbs 12:1,6,;,,,,Clementine,VUL
20,Proverbs,12,1,Proverbs 12:1,7,qui,,,,Clementine,VUL
20,Proverbs,12,1,Proverbs 12:1,8,autem,,,,Clementine,VUL
20,Proverbs,12,1,Proverbs 12:1,9,odit,,,,Clementine,VUL
20,Proverbs,12,1,Proverbs 12:1,10,increpationes,,,,Clementine,VUL
20,Proverbs,12,1,Proverbs 12:1,11,insipiens,,,,Clementine,VUL
20,Proverbs,12,1,Proverbs 12:1,12,est.,,,,Clementine,VUL
20,Proverbs,12,2,Proverbs 12:2,1,Qui,,,,Clementine,VUL
20,Proverbs,12,2,Proverbs 12:2,2,bonus,,,,Clementine,VUL
20,Proverbs,12,2,Proverbs 12:2,3,est,,,,Clementine,VUL
20,Proverbs,12,2,Proverbs 12:2,4,hauriet,,,,Clementine,VUL
20,Proverbs,12,2,Proverbs 12:2,5,gratiam,,,,Clementine,VUL
20,Proverbs,12,2,Proverbs 12:2,6,a,,,,Clementine,VUL
20,Proverbs,12,2,Proverbs 12:2,7,Domino,,,,Clementine,VUL
20,Proverbs,12,2,Proverbs 12:2,8,;,,,,Clementine,VUL
20,Proverbs,12,2,Proverbs 12:2,9,qui,,,,Clementine,VUL
20,Proverbs,12,2,Proverbs 12:2,10,autem,,,,Clementine,VUL
20,Proverbs,12,2,Proverbs 12:2,11,confidit,,,,Clementine,VUL
20,Proverbs,12,2,Proverbs 12:2,12,in,,,,Clementine,VUL
20,Proverbs,12,2,Proverbs 12:2,13,cogitationibus,,,,Clementine,VUL
20,Proverbs,12,2,Proverbs 12:2,14,suis,,,,Clementine,VUL
20,Proverbs,12,2,Proverbs 12:2,15,impie,,,,Clementine,VUL
20,Proverbs,12,2,Proverbs 12:2,16,agit.,,,,Clementine,VUL
20,Proverbs,12,3,Proverbs 12:3,1,Non,,,,Clementine,VUL
20,Proverbs,12,3,Proverbs 12:3,2,roborabitur,,,,Clementine,VUL
20,Proverbs,12,3,Proverbs 12:3,3,homo,,,,Clementine,VUL
20,Proverbs,12,3,Proverbs 12:3,4,ex,,,,Clementine,VUL
20,Proverbs,12,3,Proverbs 12:3,5,"impietate,",,,,Clementine,VUL
20,Proverbs,12,3,Proverbs 12:3,6,et,,,,Clementine,VUL
20,Proverbs,12,3,Proverbs 12:3,7,radix,,,,Clementine,VUL
20,Proverbs,12,3,Proverbs 12:3,8,justorum,,,,Clementine,VUL
20,Proverbs,12,3,Proverbs 12:3,9,non,,,,Clementine,VUL
20,Proverbs,12,3,Proverbs 12:3,10,commovebitur.,,,,Clementine,VUL
20,Proverbs,12,4,Proverbs 12:4,1,Mulier,,,,Clementine,VUL
20,Proverbs,12,4,Proverbs 12:4,2,diligens,,,,Clementine,VUL
20,Proverbs,12,4,Proverbs 12:4,3,corona,,,,Clementine,VUL
20,Proverbs,12,4,Proverbs 12:4,4,est,,,,Clementine,VUL
20,Proverbs,12,4,Proverbs 12:4,5,viro,,,,Clementine,VUL
20,Proverbs,12,4,Proverbs 12:4,6,suo,,,,Clementine,VUL
20,Proverbs,12,4,Proverbs 12:4,7,;,,,,Clementine,VUL
20,Proverbs,12,4,Proverbs 12:4,8,et,,,,Clementine,VUL
20,Proverbs,12,4,Proverbs 12:4,9,putredo,,,,Clementine,VUL
20,Proverbs,12,4,Proverbs 12:4,10,in,,,,Clementine,VUL
20,Proverbs,12,4,Proverbs 12:4,11,ossibus,,,,Clementine,VUL
20,Proverbs,12,4,Proverbs 12:4,12,"ejus,",,,,Clementine,VUL
20,Proverbs,12,4,Proverbs 12:4,13,quæ,,,,Clementine,VUL
20,Proverbs,12,4,Proverbs 12:4,14,confusione,,,,Clementine,VUL
20,Proverbs,12,4,Proverbs 12:4,15,res,,,,Clementine,VUL
20,Proverbs,12,4,Proverbs 12:4,16,dignas,,,,Clementine,VUL
20,Proverbs,12,4,Proverbs 12:4,17,gerit.,,,,Clementine,VUL
20,Proverbs,12,5,Proverbs 12:5,1,Cogitationes,,,,Clementine,VUL
20,Proverbs,12,5,Proverbs 12:5,2,justorum,,,,Clementine,VUL
20,Proverbs,12,5,Proverbs 12:5,3,"judicia,",,,,Clementine,VUL
20,Proverbs,12,5,Proverbs 12:5,4,et,,,,Clementine,VUL
20,Proverbs,12,5,Proverbs 12:5,5,consilia,,,,Clementine,VUL
20,Proverbs,12,5,Proverbs 12:5,6,impiorum,,,,Clementine,VUL
20,Proverbs,12,5,Proverbs 12:5,7,fraudulenta.,,,,Clementine,VUL
20,Proverbs,12,6,Proverbs 12:6,1,Verba,,,,Clementine,VUL
20,Proverbs,12,6,Proverbs 12:6,2,impiorum,,,,Clementine,VUL
20,Proverbs,12,6,Proverbs 12:6,3,insidiantur,,,,Clementine,VUL
20,Proverbs,12,6,Proverbs 12:6,4,sanguini,,,,Clementine,VUL
20,Proverbs,12,6,Proverbs 12:6,5,;,,,,Clementine,VUL
20,Proverbs,12,6,Proverbs 12:6,6,os,,,,Clementine,VUL
20,Proverbs,12,6,Proverbs 12:6,7,justorum,,,,Clementine,VUL
20,Proverbs,12,6,Proverbs 12:6,8,liberabit,,,,Clementine,VUL
20,Proverbs,12,6,Proverbs 12:6,9,eos.,,,,Clementine,VUL
20,Proverbs,12,7,Proverbs 12:7,1,Verte,,,,Clementine,VUL
20,Proverbs,12,7,Proverbs 12:7,2,"impios,",,,,Clementine,VUL
20,Proverbs,12,7,Proverbs 12:7,3,et,,,,Clementine,VUL
20,Proverbs,12,7,Proverbs 12:7,4,non,,,,Clementine,VUL
20,Proverbs,12,7,Proverbs 12:7,5,erunt,,,,Clementine,VUL
20,Proverbs,12,7,Proverbs 12:7,6,;,,,,Clementine,VUL
20,Proverbs,12,7,Proverbs 12:7,7,domus,,,,Clementine,VUL
20,Proverbs,12,7,Proverbs 12:7,8,autem,,,,Clementine,VUL
20,Proverbs,12,7,Proverbs 12:7,9,justorum,,,,Clementine,VUL
20,Proverbs,12,7,Proverbs 12:7,10,permanebit.,,,,Clementine,VUL
20,Proverbs,12,8,Proverbs 12:8,1,Doctrina,,,,Clementine,VUL
20,Proverbs,12,8,Proverbs 12:8,2,sua,,,,Clementine,VUL
20,Proverbs,12,8,Proverbs 12:8,3,noscetur,,,,Clementine,VUL
20,Proverbs,12,8,Proverbs 12:8,4,vir,,,,Clementine,VUL
20,Proverbs,12,8,Proverbs 12:8,5,;,,,,Clementine,VUL
20,Proverbs,12,8,Proverbs 12:8,6,qui,,,,Clementine,VUL
20,Proverbs,12,8,Proverbs 12:8,7,autem,,,,Clementine,VUL
20,Proverbs,12,8,Proverbs 12:8,8,vanus,,,,Clementine,VUL
20,Proverbs,12,8,Proverbs 12:8,9,et,,,,Clementine,VUL
20,Proverbs,12,8,Proverbs 12:8,10,excors,,,,Clementine,VUL
20,Proverbs,12,8,Proverbs 12:8,11,est,,,,Clementine,VUL
20,Proverbs,12,8,Proverbs 12:8,12,patebit,,,,Clementine,VUL
20,Proverbs,12,8,Proverbs 12:8,13,contemptui.,,,,Clementine,VUL
20,Proverbs,12,9,Proverbs 12:9,1,Melior,,,,Clementine,VUL
20,Proverbs,12,9,Proverbs 12:9,2,est,,,,Clementine,VUL
20,Proverbs,12,9,Proverbs 12:9,3,pauper,,,,Clementine,VUL
20,Proverbs,12,9,Proverbs 12:9,4,et,,,,Clementine,VUL
20,Proverbs,12,9,Proverbs 12:9,5,sufficiens,,,,Clementine,VUL
20,Proverbs,12,9,Proverbs 12:9,6,sibi,,,,Clementine,VUL
20,Proverbs,12,9,Proverbs 12:9,7,quam,,,,Clementine,VUL
20,Proverbs,12,9,Proverbs 12:9,8,gloriosus,,,,Clementine,VUL
20,Proverbs,12,9,Proverbs 12:9,9,et,,,,Clementine,VUL
20,Proverbs,12,9,Proverbs 12:9,10,indigens,,,,Clementine,VUL
20,Proverbs,12,9,Proverbs 12:9,11,pane.,,,,Clementine,VUL
20,Proverbs,12,10,Proverbs 12:10,1,Novit,,,,Clementine,VUL
20,Proverbs,12,10,Proverbs 12:10,2,justus,,,,Clementine,VUL
20,Proverbs,12,10,Proverbs 12:10,3,jumentorum,,,,Clementine,VUL
20,Proverbs,12,10,Proverbs 12:10,4,suorum,,,,Clementine,VUL
20,Proverbs,12,10,Proverbs 12:10,5,animas,,,,Clementine,VUL
20,Proverbs,12,10,Proverbs 12:10,6,;,,,,Clementine,VUL
20,Proverbs,12,10,Proverbs 12:10,7,viscera,,,,Clementine,VUL
20,Proverbs,12,10,Proverbs 12:10,8,autem,,,,Clementine,VUL
20,Proverbs,12,10,Proverbs 12:10,9,impiorum,,,,Clementine,VUL
20,Proverbs,12,10,Proverbs 12:10,10,crudelia.,,,,Clementine,VUL
20,Proverbs,12,11,Proverbs 12:11,1,Qui,,,,Clementine,VUL
20,Proverbs,12,11,Proverbs 12:11,2,operatur,,,,Clementine,VUL
20,Proverbs,12,11,Proverbs 12:11,3,terram,,,,Clementine,VUL
20,Proverbs,12,11,Proverbs 12:11,4,suam,,,,Clementine,VUL
20,Proverbs,12,11,Proverbs 12:11,5,satiabitur,,,,Clementine,VUL
20,Proverbs,12,11,Proverbs 12:11,6,panibus,,,,Clementine,VUL
20,Proverbs,12,11,Proverbs 12:11,7,;,,,,Clementine,VUL
20,Proverbs,12,11,Proverbs 12:11,8,qui,,,,Clementine,VUL
20,Proverbs,12,11,Proverbs 12:11,9,autem,,,,Clementine,VUL
20,Proverbs,12,11,Proverbs 12:11,10,sectatur,,,,Clementine,VUL
20,Proverbs,12,11,Proverbs 12:11,11,otium,,,,Clementine,VUL
20,Proverbs,12,11,Proverbs 12:11,12,stultissimus,,,,Clementine,VUL
20,Proverbs,12,11,Proverbs 12:11,13,est.,,,,Clementine,VUL
20,Proverbs,12,11,Proverbs 12:11,14,Qui,,,,Clementine,VUL
20,Proverbs,12,11,Proverbs 12:11,15,suavis,,,,Clementine,VUL
20,Proverbs,12,11,Proverbs 12:11,16,est,,,,Clementine,VUL
20,Proverbs,12,11,Proverbs 12:11,17,in,,,,Clementine,VUL
20,Proverbs,12,11,Proverbs 12:11,18,vini,,,,Clementine,VUL
20,Proverbs,12,11,Proverbs 12:11,19,"demorationibus,",,,,Clementine,VUL
20,Proverbs,12,11,Proverbs 12:11,20,in,,,,Clementine,VUL
20,Proverbs,12,11,Proverbs 12:11,21,suis,,,,Clementine,VUL
20,Proverbs,12,11,Proverbs 12:11,22,munitionibus,,,,Clementine,VUL
20,Proverbs,12,11,Proverbs 12:11,23,relinquit,,,,Clementine,VUL
20,Proverbs,12,11,Proverbs 12:11,24,contumeliam.,,,,Clementine,VUL
20,Proverbs,12,12,Proverbs 12:12,1,Desiderium,,,,Clementine,VUL
20,Proverbs,12,12,Proverbs 12:12,2,impii,,,,Clementine,VUL
20,Proverbs,12,12,Proverbs 12:12,3,munimentum,,,,Clementine,VUL
20,Proverbs,12,12,Proverbs 12:12,4,est,,,,Clementine,VUL
20,Proverbs,12,12,Proverbs 12:12,5,pessimorum,,,,Clementine,VUL
20,Proverbs,12,12,Proverbs 12:12,6,;,,,,Clementine,VUL
20,Proverbs,12,12,Proverbs 12:12,7,radix,,,,Clementine,VUL
20,Proverbs,12,12,Proverbs 12:12,8,autem,,,,Clementine,VUL
20,Proverbs,12,12,Proverbs 12:12,9,justorum,,,,Clementine,VUL
20,Proverbs,12,12,Proverbs 12:12,10,proficiet.,,,,Clementine,VUL
20,Proverbs,12,13,Proverbs 12:13,1,Propter,,,,Clementine,VUL
20,Proverbs,12,13,Proverbs 12:13,2,peccata,,,,Clementine,VUL
20,Proverbs,12,13,Proverbs 12:13,3,labiorum,,,,Clementine,VUL
20,Proverbs,12,13,Proverbs 12:13,4,ruina,,,,Clementine,VUL
20,Proverbs,12,13,Proverbs 12:13,5,proximat,,,,Clementine,VUL
20,Proverbs,12,13,Proverbs 12:13,6,malo,,,,Clementine,VUL
20,Proverbs,12,13,Proverbs 12:13,7,;,,,,Clementine,VUL
20,Proverbs,12,13,Proverbs 12:13,8,effugiet,,,,Clementine,VUL
20,Proverbs,12,13,Proverbs 12:13,9,autem,,,,Clementine,VUL
20,Proverbs,12,13,Proverbs 12:13,10,justus,,,,Clementine,VUL
20,Proverbs,12,13,Proverbs 12:13,11,de,,,,Clementine,VUL
20,Proverbs,12,13,Proverbs 12:13,12,angustia.,,,,Clementine,VUL
20,Proverbs,12,14,Proverbs 12:14,1,De,,,,Clementine,VUL
20,Proverbs,12,14,Proverbs 12:14,2,fructu,,,,Clementine,VUL
20,Proverbs,12,14,Proverbs 12:14,3,oris,,,,Clementine,VUL
20,Proverbs,12,14,Proverbs 12:14,4,sui,,,,Clementine,VUL
20,Proverbs,12,14,Proverbs 12:14,5,unusquisque,,,,Clementine,VUL
20,Proverbs,12,14,Proverbs 12:14,6,replebitur,,,,Clementine,VUL
20,Proverbs,12,14,Proverbs 12:14,7,"bonis,",,,,Clementine,VUL
20,Proverbs,12,14,Proverbs 12:14,8,et,,,,Clementine,VUL
20,Proverbs,12,14,Proverbs 12:14,9,juxta,,,,Clementine,VUL
20,Proverbs,12,14,Proverbs 12:14,10,opera,,,,Clementine,VUL
20,Proverbs,12,14,Proverbs 12:14,11,manuum,,,,Clementine,VUL
20,Proverbs,12,14,Proverbs 12:14,12,suarum,,,,Clementine,VUL
20,Proverbs,12,14,Proverbs 12:14,13,retribuetur,,,,Clementine,VUL
20,Proverbs,12,14,Proverbs 12:14,14,ei.,,,,Clementine,VUL
20,Proverbs,12,15,Proverbs 12:15,1,Via,,,,Clementine,VUL
20,Proverbs,12,15,Proverbs 12:15,2,stulti,,,,Clementine,VUL
20,Proverbs,12,15,Proverbs 12:15,3,recta,,,,Clementine,VUL
20,Proverbs,12,15,Proverbs 12:15,4,in,,,,Clementine,VUL
20,Proverbs,12,15,Proverbs 12:15,5,oculis,,,,Clementine,VUL
20,Proverbs,12,15,Proverbs 12:15,6,ejus,,,,Clementine,VUL
20,Proverbs,12,15,Proverbs 12:15,7,;,,,,Clementine,VUL
20,Proverbs,12,15,Proverbs 12:15,8,qui,,,,Clementine,VUL
20,Proverbs,12,15,Proverbs 12:15,9,autem,,,,Clementine,VUL
20,Proverbs,12,15,Proverbs 12:15,10,sapiens,,,,Clementine,VUL
20,Proverbs,12,15,Proverbs 12:15,11,est,,,,Clementine,VUL
20,Proverbs,12,15,Proverbs 12:15,12,audit,,,,Clementine,VUL
20,Proverbs,12,15,Proverbs 12:15,13,consilia.,,,,Clementine,VUL
20,Proverbs,12,16,Proverbs 12:16,1,Fatuus,,,,Clementine,VUL
20,Proverbs,12,16,Proverbs 12:16,2,statim,,,,Clementine,VUL
20,Proverbs,12,16,Proverbs 12:16,3,indicat,,,,Clementine,VUL
20,Proverbs,12,16,Proverbs 12:16,4,iram,,,,Clementine,VUL
20,Proverbs,12,16,Proverbs 12:16,5,suam,,,,Clementine,VUL
20,Proverbs,12,16,Proverbs 12:16,6,;,,,,Clementine,VUL
20,Proverbs,12,16,Proverbs 12:16,7,qui,,,,Clementine,VUL
20,Proverbs,12,16,Proverbs 12:16,8,autem,,,,Clementine,VUL
20,Proverbs,12,16,Proverbs 12:16,9,dissimulat,,,,Clementine,VUL
20,Proverbs,12,16,Proverbs 12:16,10,injuriam,,,,Clementine,VUL
20,Proverbs,12,16,Proverbs 12:16,11,callidus,,,,Clementine,VUL
20,Proverbs,12,16,Proverbs 12:16,12,est.,,,,Clementine,VUL
20,Proverbs,12,17,Proverbs 12:17,1,Qui,,,,Clementine,VUL
20,Proverbs,12,17,Proverbs 12:17,2,quod,,,,Clementine,VUL
20,Proverbs,12,17,Proverbs 12:17,3,novit,,,,Clementine,VUL
20,Proverbs,12,17,Proverbs 12:17,4,"loquitur,",,,,Clementine,VUL
20,Proverbs,12,17,Proverbs 12:17,5,index,,,,Clementine,VUL
20,Proverbs,12,17,Proverbs 12:17,6,justitiæ,,,,Clementine,VUL
20,Proverbs,12,17,Proverbs 12:17,7,est,,,,Clementine,VUL
20,Proverbs,12,17,Proverbs 12:17,8,;,,,,Clementine,VUL
20,Proverbs,12,17,Proverbs 12:17,9,qui,,,,Clementine,VUL
20,Proverbs,12,17,Proverbs 12:17,10,autem,,,,Clementine,VUL
20,Proverbs,12,17,Proverbs 12:17,11,"mentitur,",,,,Clementine,VUL
20,Proverbs,12,17,Proverbs 12:17,12,testis,,,,Clementine,VUL
20,Proverbs,12,17,Proverbs 12:17,13,est,,,,Clementine,VUL
20,Proverbs,12,17,Proverbs 12:17,14,fraudulentus.,,,,Clementine,VUL
20,Proverbs,12,18,Proverbs 12:18,1,Est,,,,Clementine,VUL
20,Proverbs,12,18,Proverbs 12:18,2,qui,,,,Clementine,VUL
20,Proverbs,12,18,Proverbs 12:18,3,"promittit,",,,,Clementine,VUL
20,Proverbs,12,18,Proverbs 12:18,4,et,,,,Clementine,VUL
20,Proverbs,12,18,Proverbs 12:18,5,quasi,,,,Clementine,VUL
20,Proverbs,12,18,Proverbs 12:18,6,gladio,,,,Clementine,VUL
20,Proverbs,12,18,Proverbs 12:18,7,pungitur,,,,Clementine,VUL
20,Proverbs,12,18,Proverbs 12:18,8,conscientiæ,,,,Clementine,VUL
20,Proverbs,12,18,Proverbs 12:18,9,:,,,,Clementine,VUL
20,Proverbs,12,18,Proverbs 12:18,10,lingua,,,,Clementine,VUL
20,Proverbs,12,18,Proverbs 12:18,11,autem,,,,Clementine,VUL
20,Proverbs,12,18,Proverbs 12:18,12,sapientium,,,,Clementine,VUL
20,Proverbs,12,18,Proverbs 12:18,13,sanitas,,,,Clementine,VUL
20,Proverbs,12,18,Proverbs 12:18,14,est.,,,,Clementine,VUL
20,Proverbs,12,19,Proverbs 12:19,1,Labium,,,,Clementine,VUL
20,Proverbs,12,19,Proverbs 12:19,2,veritatis,,,,Clementine,VUL
20,Proverbs,12,19,Proverbs 12:19,3,firmum,,,,Clementine,VUL
20,Proverbs,12,19,Proverbs 12:19,4,erit,,,,Clementine,VUL
20,Proverbs,12,19,Proverbs 12:19,5,in,,,,Clementine,VUL
20,Proverbs,12,19,Proverbs 12:19,6,perpetuum,,,,Clementine,VUL
20,Proverbs,12,19,Proverbs 12:19,7,;,,,,Clementine,VUL
20,Proverbs,12,19,Proverbs 12:19,8,qui,,,,Clementine,VUL
20,Proverbs,12,19,Proverbs 12:19,9,autem,,,,Clementine,VUL
20,Proverbs,12,19,Proverbs 12:19,10,testis,,,,Clementine,VUL
20,Proverbs,12,19,Proverbs 12:19,11,est,,,,Clementine,VUL
20,Proverbs,12,19,Proverbs 12:19,12,"repentinus,",,,,Clementine,VUL
20,Proverbs,12,19,Proverbs 12:19,13,concinnat,,,,Clementine,VUL
20,Proverbs,12,19,Proverbs 12:19,14,linguam,,,,Clementine,VUL
20,Proverbs,12,19,Proverbs 12:19,15,mendacii.,,,,Clementine,VUL
20,Proverbs,12,20,Proverbs 12:20,1,Dolus,,,,Clementine,VUL
20,Proverbs,12,20,Proverbs 12:20,2,in,,,,Clementine,VUL
20,Proverbs,12,20,Proverbs 12:20,3,corde,,,,Clementine,VUL
20,Proverbs,12,20,Proverbs 12:20,4,cogitantium,,,,Clementine,VUL
20,Proverbs,12,20,Proverbs 12:20,5,mala,,,,Clementine,VUL
20,Proverbs,12,20,Proverbs 12:20,6,;,,,,Clementine,VUL
20,Proverbs,12,20,Proverbs 12:20,7,qui,,,,Clementine,VUL
20,Proverbs,12,20,Proverbs 12:20,8,autem,,,,Clementine,VUL
20,Proverbs,12,20,Proverbs 12:20,9,pacis,,,,Clementine,VUL
20,Proverbs,12,20,Proverbs 12:20,10,ineunt,,,,Clementine,VUL
20,Proverbs,12,20,Proverbs 12:20,11,"consilia,",,,,Clementine,VUL
20,Proverbs,12,20,Proverbs 12:20,12,sequitur,,,,Clementine,VUL
20,Proverbs,12,20,Proverbs 12:20,13,eos,,,,Clementine,VUL
20,Proverbs,12,20,Proverbs 12:20,14,gaudium.,,,,Clementine,VUL
20,Proverbs,12,21,Proverbs 12:21,1,Non,,,,Clementine,VUL
20,Proverbs,12,21,Proverbs 12:21,2,contristabit,,,,Clementine,VUL
20,Proverbs,12,21,Proverbs 12:21,3,justum,,,,Clementine,VUL
20,Proverbs,12,21,Proverbs 12:21,4,quidquid,,,,Clementine,VUL
20,Proverbs,12,21,Proverbs 12:21,5,ei,,,,Clementine,VUL
20,Proverbs,12,21,Proverbs 12:21,6,acciderit,,,,Clementine,VUL
20,Proverbs,12,21,Proverbs 12:21,7,:,,,,Clementine,VUL
20,Proverbs,12,21,Proverbs 12:21,8,impii,,,,Clementine,VUL
20,Proverbs,12,21,Proverbs 12:21,9,autem,,,,Clementine,VUL
20,Proverbs,12,21,Proverbs 12:21,10,replebuntur,,,,Clementine,VUL
20,Proverbs,12,21,Proverbs 12:21,11,malo.,,,,Clementine,VUL
20,Proverbs,12,22,Proverbs 12:22,1,Abominatio,,,,Clementine,VUL
20,Proverbs,12,22,Proverbs 12:22,2,est,,,,Clementine,VUL
20,Proverbs,12,22,Proverbs 12:22,3,Domino,,,,Clementine,VUL
20,Proverbs,12,22,Proverbs 12:22,4,labia,,,,Clementine,VUL
20,Proverbs,12,22,Proverbs 12:22,5,mendacia,,,,Clementine,VUL
20,Proverbs,12,22,Proverbs 12:22,6,;,,,,Clementine,VUL
20,Proverbs,12,22,Proverbs 12:22,7,qui,,,,Clementine,VUL
20,Proverbs,12,22,Proverbs 12:22,8,autem,,,,Clementine,VUL
20,Proverbs,12,22,Proverbs 12:22,9,fideliter,,,,Clementine,VUL
20,Proverbs,12,22,Proverbs 12:22,10,agunt,,,,Clementine,VUL
20,Proverbs,12,22,Proverbs 12:22,11,placent,,,,Clementine,VUL
20,Proverbs,12,22,Proverbs 12:22,12,ei.,,,,Clementine,VUL
20,Proverbs,12,23,Proverbs 12:23,1,Homo,,,,Clementine,VUL
20,Proverbs,12,23,Proverbs 12:23,2,versatus,,,,Clementine,VUL
20,Proverbs,12,23,Proverbs 12:23,3,celat,,,,Clementine,VUL
20,Proverbs,12,23,Proverbs 12:23,4,"scientiam,",,,,Clementine,VUL
20,Proverbs,12,23,Proverbs 12:23,5,et,,,,Clementine,VUL
20,Proverbs,12,23,Proverbs 12:23,6,cor,,,,Clementine,VUL
20,Proverbs,12,23,Proverbs 12:23,7,insipientium,,,,Clementine,VUL
20,Proverbs,12,23,Proverbs 12:23,8,provocat,,,,Clementine,VUL
20,Proverbs,12,23,Proverbs 12:23,9,stultitiam.,,,,Clementine,VUL
20,Proverbs,12,24,Proverbs 12:24,1,Manus,,,,Clementine,VUL
20,Proverbs,12,24,Proverbs 12:24,2,fortium,,,,Clementine,VUL
20,Proverbs,12,24,Proverbs 12:24,3,dominabitur,,,,Clementine,VUL
20,Proverbs,12,24,Proverbs 12:24,4,;,,,,Clementine,VUL
20,Proverbs,12,24,Proverbs 12:24,5,quæ,,,,Clementine,VUL
20,Proverbs,12,24,Proverbs 12:24,6,autem,,,,Clementine,VUL
20,Proverbs,12,24,Proverbs 12:24,7,remissa,,,,Clementine,VUL
20,Proverbs,12,24,Proverbs 12:24,8,"est,",,,,Clementine,VUL
20,Proverbs,12,24,Proverbs 12:24,9,tributis,,,,Clementine,VUL
20,Proverbs,12,24,Proverbs 12:24,10,serviet.,,,,Clementine,VUL
20,Proverbs,12,25,Proverbs 12:25,1,Mœror,,,,Clementine,VUL
20,Proverbs,12,25,Proverbs 12:25,2,in,,,,Clementine,VUL
20,Proverbs,12,25,Proverbs 12:25,3,corde,,,,Clementine,VUL
20,Proverbs,12,25,Proverbs 12:25,4,viri,,,,Clementine,VUL
20,Proverbs,12,25,Proverbs 12:25,5,humiliabit,,,,Clementine,VUL
20,Proverbs,12,25,Proverbs 12:25,6,"illum,",,,,Clementine,VUL
20,Proverbs,12,25,Proverbs 12:25,7,et,,,,Clementine,VUL
20,Proverbs,12,25,Proverbs 12:25,8,sermone,,,,Clementine,VUL
20,Proverbs,12,25,Proverbs 12:25,9,bono,,,,Clementine,VUL
20,Proverbs,12,25,Proverbs 12:25,10,lætificabitur.,,,,Clementine,VUL
20,Proverbs,12,26,Proverbs 12:26,1,Qui,,,,Clementine,VUL
20,Proverbs,12,26,Proverbs 12:26,2,negligit,,,,Clementine,VUL
20,Proverbs,12,26,Proverbs 12:26,3,damnum,,,,Clementine,VUL
20,Proverbs,12,26,Proverbs 12:26,4,propter,,,,Clementine,VUL
20,Proverbs,12,26,Proverbs 12:26,5,"amicum,",,,,Clementine,VUL
20,Proverbs,12,26,Proverbs 12:26,6,justus,,,,Clementine,VUL
20,Proverbs,12,26,Proverbs 12:26,7,est,,,,Clementine,VUL
20,Proverbs,12,26,Proverbs 12:26,8,;,,,,Clementine,VUL
20,Proverbs,12,26,Proverbs 12:26,9,iter,,,,Clementine,VUL
20,Proverbs,12,26,Proverbs 12:26,10,autem,,,,Clementine,VUL
20,Proverbs,12,26,Proverbs 12:26,11,impiorum,,,,Clementine,VUL
20,Proverbs,12,26,Proverbs 12:26,12,decipiet,,,,Clementine,VUL
20,Proverbs,12,26,Proverbs 12:26,13,eos.,,,,Clementine,VUL
20,Proverbs,12,27,Proverbs 12:27,1,Non,,,,Clementine,VUL
20,Proverbs,12,27,Proverbs 12:27,2,inveniet,,,,Clementine,VUL
20,Proverbs,12,27,Proverbs 12:27,3,fraudulentus,,,,Clementine,VUL
20,Proverbs,12,27,Proverbs 12:27,4,"lucrum,",,,,Clementine,VUL
20,Proverbs,12,27,Proverbs 12:27,5,et,,,,Clementine,VUL
20,Proverbs,12,27,Proverbs 12:27,6,substantia,,,,Clementine,VUL
20,Proverbs,12,27,Proverbs 12:27,7,hominis,,,,Clementine,VUL
20,Proverbs,12,27,Proverbs 12:27,8,erit,,,,Clementine,VUL
20,Proverbs,12,27,Proverbs 12:27,9,auri,,,,Clementine,VUL
20,Proverbs,12,27,Proverbs 12:27,10,pretium.,,,,Clementine,VUL
20,Proverbs,12,28,Proverbs 12:28,1,In,,,,Clementine,VUL
20,Proverbs,12,28,Proverbs 12:28,2,semita,,,,Clementine,VUL
20,Proverbs,12,28,Proverbs 12:28,3,justitiæ,,,,Clementine,VUL
20,Proverbs,12,28,Proverbs 12:28,4,vita,,,,Clementine,VUL
20,Proverbs,12,28,Proverbs 12:28,5,;,,,,Clementine,VUL
20,Proverbs,12,28,Proverbs 12:28,6,iter,,,,Clementine,VUL
20,Proverbs,12,28,Proverbs 12:28,7,autem,,,,Clementine,VUL
20,Proverbs,12,28,Proverbs 12:28,8,devium,,,,Clementine,VUL
20,Proverbs,12,28,Proverbs 12:28,9,ducit,,,,Clementine,VUL
20,Proverbs,12,28,Proverbs 12:28,10,ad,,,,Clementine,VUL
20,Proverbs,12,28,Proverbs 12:28,11,mortem.,,,,Clementine,VUL
20,Proverbs,13,1,Proverbs 13:1,1,Filius,,,,Clementine,VUL
20,Proverbs,13,1,Proverbs 13:1,2,sapiens,,,,Clementine,VUL
20,Proverbs,13,1,Proverbs 13:1,3,doctrina,,,,Clementine,VUL
20,Proverbs,13,1,Proverbs 13:1,4,patris,,,,Clementine,VUL
20,Proverbs,13,1,Proverbs 13:1,5,;,,,,Clementine,VUL
20,Proverbs,13,1,Proverbs 13:1,6,qui,,,,Clementine,VUL
20,Proverbs,13,1,Proverbs 13:1,7,autem,,,,Clementine,VUL
20,Proverbs,13,1,Proverbs 13:1,8,illusor,,,,Clementine,VUL
20,Proverbs,13,1,Proverbs 13:1,9,est,,,,Clementine,VUL
20,Proverbs,13,1,Proverbs 13:1,10,non,,,,Clementine,VUL
20,Proverbs,13,1,Proverbs 13:1,11,audit,,,,Clementine,VUL
20,Proverbs,13,1,Proverbs 13:1,12,cum,,,,Clementine,VUL
20,Proverbs,13,1,Proverbs 13:1,13,arguitur.,,,,Clementine,VUL
20,Proverbs,13,2,Proverbs 13:2,1,De,,,,Clementine,VUL
20,Proverbs,13,2,Proverbs 13:2,2,fructu,,,,Clementine,VUL
20,Proverbs,13,2,Proverbs 13:2,3,oris,,,,Clementine,VUL
20,Proverbs,13,2,Proverbs 13:2,4,sui,,,,Clementine,VUL
20,Proverbs,13,2,Proverbs 13:2,5,homo,,,,Clementine,VUL
20,Proverbs,13,2,Proverbs 13:2,6,satiabitur,,,,Clementine,VUL
20,Proverbs,13,2,Proverbs 13:2,7,bonis,,,,Clementine,VUL
20,Proverbs,13,2,Proverbs 13:2,8,:,,,,Clementine,VUL
20,Proverbs,13,2,Proverbs 13:2,9,anima,,,,Clementine,VUL
20,Proverbs,13,2,Proverbs 13:2,10,autem,,,,Clementine,VUL
20,Proverbs,13,2,Proverbs 13:2,11,prævaricatorum,,,,Clementine,VUL
20,Proverbs,13,2,Proverbs 13:2,12,iniqua.,,,,Clementine,VUL
20,Proverbs,13,3,Proverbs 13:3,1,Qui,,,,Clementine,VUL
20,Proverbs,13,3,Proverbs 13:3,2,custodit,,,,Clementine,VUL
20,Proverbs,13,3,Proverbs 13:3,3,os,,,,Clementine,VUL
20,Proverbs,13,3,Proverbs 13:3,4,suum,,,,Clementine,VUL
20,Proverbs,13,3,Proverbs 13:3,5,custodit,,,,Clementine,VUL
20,Proverbs,13,3,Proverbs 13:3,6,animam,,,,Clementine,VUL
20,Proverbs,13,3,Proverbs 13:3,7,suam,,,,Clementine,VUL
20,Proverbs,13,3,Proverbs 13:3,8,;,,,,Clementine,VUL
20,Proverbs,13,3,Proverbs 13:3,9,qui,,,,Clementine,VUL
20,Proverbs,13,3,Proverbs 13:3,10,autem,,,,Clementine,VUL
20,Proverbs,13,3,Proverbs 13:3,11,inconsideratus,,,,Clementine,VUL
20,Proverbs,13,3,Proverbs 13:3,12,est,,,,Clementine,VUL
20,Proverbs,13,3,Proverbs 13:3,13,ad,,,,Clementine,VUL
20,Proverbs,13,3,Proverbs 13:3,14,"loquendum,",,,,Clementine,VUL
20,Proverbs,13,3,Proverbs 13:3,15,sentiet,,,,Clementine,VUL
20,Proverbs,13,3,Proverbs 13:3,16,mala.,,,,Clementine,VUL
20,Proverbs,13,4,Proverbs 13:4,1,Vult,,,,Clementine,VUL
20,Proverbs,13,4,Proverbs 13:4,2,et,,,,Clementine,VUL
20,Proverbs,13,4,Proverbs 13:4,3,non,,,,Clementine,VUL
20,Proverbs,13,4,Proverbs 13:4,4,vult,,,,Clementine,VUL
20,Proverbs,13,4,Proverbs 13:4,5,piger,,,,Clementine,VUL
20,Proverbs,13,4,Proverbs 13:4,6,;,,,,Clementine,VUL
20,Proverbs,13,4,Proverbs 13:4,7,anima,,,,Clementine,VUL
20,Proverbs,13,4,Proverbs 13:4,8,autem,,,,Clementine,VUL
20,Proverbs,13,4,Proverbs 13:4,9,operantium,,,,Clementine,VUL
20,Proverbs,13,4,Proverbs 13:4,10,impinguabitur.,,,,Clementine,VUL
20,Proverbs,13,5,Proverbs 13:5,1,Verbum,,,,Clementine,VUL
20,Proverbs,13,5,Proverbs 13:5,2,mendax,,,,Clementine,VUL
20,Proverbs,13,5,Proverbs 13:5,3,justus,,,,Clementine,VUL
20,Proverbs,13,5,Proverbs 13:5,4,detestabitur,,,,Clementine,VUL
20,Proverbs,13,5,Proverbs 13:5,5,;,,,,Clementine,VUL
20,Proverbs,13,5,Proverbs 13:5,6,impius,,,,Clementine,VUL
20,Proverbs,13,5,Proverbs 13:5,7,autem,,,,Clementine,VUL
20,Proverbs,13,5,Proverbs 13:5,8,"confundit,",,,,Clementine,VUL
20,Proverbs,13,5,Proverbs 13:5,9,et,,,,Clementine,VUL
20,Proverbs,13,5,Proverbs 13:5,10,confundetur.,,,,Clementine,VUL
20,Proverbs,13,6,Proverbs 13:6,1,Justitia,,,,Clementine,VUL
20,Proverbs,13,6,Proverbs 13:6,2,custodit,,,,Clementine,VUL
20,Proverbs,13,6,Proverbs 13:6,3,innocentis,,,,Clementine,VUL
20,Proverbs,13,6,Proverbs 13:6,4,"viam,",,,,Clementine,VUL
20,Proverbs,13,6,Proverbs 13:6,5,impietas,,,,Clementine,VUL
20,Proverbs,13,6,Proverbs 13:6,6,autem,,,,Clementine,VUL
20,Proverbs,13,6,Proverbs 13:6,7,peccatorem,,,,Clementine,VUL
20,Proverbs,13,6,Proverbs 13:6,8,supplantat.,,,,Clementine,VUL
20,Proverbs,13,7,Proverbs 13:7,1,Est,,,,Clementine,VUL
20,Proverbs,13,7,Proverbs 13:7,2,quasi,,,,Clementine,VUL
20,Proverbs,13,7,Proverbs 13:7,3,"dives,",,,,Clementine,VUL
20,Proverbs,13,7,Proverbs 13:7,4,cum,,,,Clementine,VUL
20,Proverbs,13,7,Proverbs 13:7,5,nihil,,,,Clementine,VUL
20,Proverbs,13,7,Proverbs 13:7,6,"habeat,",,,,Clementine,VUL
20,Proverbs,13,7,Proverbs 13:7,7,et,,,,Clementine,VUL
20,Proverbs,13,7,Proverbs 13:7,8,est,,,,Clementine,VUL
20,Proverbs,13,7,Proverbs 13:7,9,quasi,,,,Clementine,VUL
20,Proverbs,13,7,Proverbs 13:7,10,"pauper,",,,,Clementine,VUL
20,Proverbs,13,7,Proverbs 13:7,11,cum,,,,Clementine,VUL
20,Proverbs,13,7,Proverbs 13:7,12,in,,,,Clementine,VUL
20,Proverbs,13,7,Proverbs 13:7,13,multis,,,,Clementine,VUL
20,Proverbs,13,7,Proverbs 13:7,14,divitiis,,,,Clementine,VUL
20,Proverbs,13,7,Proverbs 13:7,15,sit.,,,,Clementine,VUL
20,Proverbs,13,8,Proverbs 13:8,1,Redemptio,,,,Clementine,VUL
20,Proverbs,13,8,Proverbs 13:8,2,animæ,,,,Clementine,VUL
20,Proverbs,13,8,Proverbs 13:8,3,viri,,,,Clementine,VUL
20,Proverbs,13,8,Proverbs 13:8,4,divitiæ,,,,Clementine,VUL
20,Proverbs,13,8,Proverbs 13:8,5,suæ,,,,Clementine,VUL
20,Proverbs,13,8,Proverbs 13:8,6,;,,,,Clementine,VUL
20,Proverbs,13,8,Proverbs 13:8,7,qui,,,,Clementine,VUL
20,Proverbs,13,8,Proverbs 13:8,8,autem,,,,Clementine,VUL
20,Proverbs,13,8,Proverbs 13:8,9,pauper,,,,Clementine,VUL
20,Proverbs,13,8,Proverbs 13:8,10,"est,",,,,Clementine,VUL
20,Proverbs,13,8,Proverbs 13:8,11,increpationem,,,,Clementine,VUL
20,Proverbs,13,8,Proverbs 13:8,12,non,,,,Clementine,VUL
20,Proverbs,13,8,Proverbs 13:8,13,sustinet.,,,,Clementine,VUL
20,Proverbs,13,9,Proverbs 13:9,1,Lux,,,,Clementine,VUL
20,Proverbs,13,9,Proverbs 13:9,2,justorum,,,,Clementine,VUL
20,Proverbs,13,9,Proverbs 13:9,3,lætificat,,,,Clementine,VUL
20,Proverbs,13,9,Proverbs 13:9,4,:,,,,Clementine,VUL
20,Proverbs,13,9,Proverbs 13:9,5,lucerna,,,,Clementine,VUL
20,Proverbs,13,9,Proverbs 13:9,6,autem,,,,Clementine,VUL
20,Proverbs,13,9,Proverbs 13:9,7,impiorum,,,,Clementine,VUL
20,Proverbs,13,9,Proverbs 13:9,8,extinguetur.,,,,Clementine,VUL
20,Proverbs,13,10,Proverbs 13:10,1,Inter,,,,Clementine,VUL
20,Proverbs,13,10,Proverbs 13:10,2,superbos,,,,Clementine,VUL
20,Proverbs,13,10,Proverbs 13:10,3,semper,,,,Clementine,VUL
20,Proverbs,13,10,Proverbs 13:10,4,jurgia,,,,Clementine,VUL
20,Proverbs,13,10,Proverbs 13:10,5,sunt,,,,Clementine,VUL
20,Proverbs,13,10,Proverbs 13:10,6,;,,,,Clementine,VUL
20,Proverbs,13,10,Proverbs 13:10,7,qui,,,,Clementine,VUL
20,Proverbs,13,10,Proverbs 13:10,8,autem,,,,Clementine,VUL
20,Proverbs,13,10,Proverbs 13:10,9,agunt,,,,Clementine,VUL
20,Proverbs,13,10,Proverbs 13:10,10,omnia,,,,Clementine,VUL
20,Proverbs,13,10,Proverbs 13:10,11,cum,,,,Clementine,VUL
20,Proverbs,13,10,Proverbs 13:10,12,"consilio,",,,,Clementine,VUL
20,Proverbs,13,10,Proverbs 13:10,13,reguntur,,,,Clementine,VUL
20,Proverbs,13,10,Proverbs 13:10,14,sapientia.,,,,Clementine,VUL
20,Proverbs,13,11,Proverbs 13:11,1,Substantia,,,,Clementine,VUL
20,Proverbs,13,11,Proverbs 13:11,2,festinata,,,,Clementine,VUL
20,Proverbs,13,11,Proverbs 13:11,3,minuetur,,,,Clementine,VUL
20,Proverbs,13,11,Proverbs 13:11,4,;,,,,Clementine,VUL
20,Proverbs,13,11,Proverbs 13:11,5,quæ,,,,Clementine,VUL
20,Proverbs,13,11,Proverbs 13:11,6,autem,,,,Clementine,VUL
20,Proverbs,13,11,Proverbs 13:11,7,paulatim,,,,Clementine,VUL
20,Proverbs,13,11,Proverbs 13:11,8,colligitur,,,,Clementine,VUL
20,Proverbs,13,11,Proverbs 13:11,9,"manu,",,,,Clementine,VUL
20,Proverbs,13,11,Proverbs 13:11,10,multiplicabitur.,,,,Clementine,VUL
20,Proverbs,13,12,Proverbs 13:12,1,Spes,,,,Clementine,VUL
20,Proverbs,13,12,Proverbs 13:12,2,quæ,,,,Clementine,VUL
20,Proverbs,13,12,Proverbs 13:12,3,differtur,,,,Clementine,VUL
20,Proverbs,13,12,Proverbs 13:12,4,affligit,,,,Clementine,VUL
20,Proverbs,13,12,Proverbs 13:12,5,animam,,,,Clementine,VUL
20,Proverbs,13,12,Proverbs 13:12,6,;,,,,Clementine,VUL
20,Proverbs,13,12,Proverbs 13:12,7,lignum,,,,Clementine,VUL
20,Proverbs,13,12,Proverbs 13:12,8,vitæ,,,,Clementine,VUL
20,Proverbs,13,12,Proverbs 13:12,9,desiderium,,,,Clementine,VUL
20,Proverbs,13,12,Proverbs 13:12,10,veniens.,,,,Clementine,VUL
20,Proverbs,13,13,Proverbs 13:13,1,Qui,,,,Clementine,VUL
20,Proverbs,13,13,Proverbs 13:13,2,detrahit,,,,Clementine,VUL
20,Proverbs,13,13,Proverbs 13:13,3,alicui,,,,Clementine,VUL
20,Proverbs,13,13,Proverbs 13:13,4,"rei,",,,,Clementine,VUL
20,Proverbs,13,13,Proverbs 13:13,5,ipse,,,,Clementine,VUL
20,Proverbs,13,13,Proverbs 13:13,6,se,,,,Clementine,VUL
20,Proverbs,13,13,Proverbs 13:13,7,in,,,,Clementine,VUL
20,Proverbs,13,13,Proverbs 13:13,8,futurum,,,,Clementine,VUL
20,Proverbs,13,13,Proverbs 13:13,9,obligat,,,,Clementine,VUL
20,Proverbs,13,13,Proverbs 13:13,10,;,,,,Clementine,VUL
20,Proverbs,13,13,Proverbs 13:13,11,qui,,,,Clementine,VUL
20,Proverbs,13,13,Proverbs 13:13,12,autem,,,,Clementine,VUL
20,Proverbs,13,13,Proverbs 13:13,13,timet,,,,Clementine,VUL
20,Proverbs,13,13,Proverbs 13:13,14,"præceptum,",,,,Clementine,VUL
20,Proverbs,13,13,Proverbs 13:13,15,in,,,,Clementine,VUL
20,Proverbs,13,13,Proverbs 13:13,16,pace,,,,Clementine,VUL
20,Proverbs,13,13,Proverbs 13:13,17,versabitur.,,,,Clementine,VUL
20,Proverbs,13,13,Proverbs 13:13,18,Animæ,,,,Clementine,VUL
20,Proverbs,13,13,Proverbs 13:13,19,dolosæ,,,,Clementine,VUL
20,Proverbs,13,13,Proverbs 13:13,20,errant,,,,Clementine,VUL
20,Proverbs,13,13,Proverbs 13:13,21,in,,,,Clementine,VUL
20,Proverbs,13,13,Proverbs 13:13,22,peccatis,,,,Clementine,VUL
20,Proverbs,13,13,Proverbs 13:13,23,:,,,,Clementine,VUL
20,Proverbs,13,13,Proverbs 13:13,24,justi,,,,Clementine,VUL
20,Proverbs,13,13,Proverbs 13:13,25,autem,,,,Clementine,VUL
20,Proverbs,13,13,Proverbs 13:13,26,misericordes,,,,Clementine,VUL
20,Proverbs,13,13,Proverbs 13:13,27,"sunt,",,,,Clementine,VUL
20,Proverbs,13,13,Proverbs 13:13,28,et,,,,Clementine,VUL
20,Proverbs,13,13,Proverbs 13:13,29,miserantur.,,,,Clementine,VUL
20,Proverbs,13,14,Proverbs 13:14,1,Lex,,,,Clementine,VUL
20,Proverbs,13,14,Proverbs 13:14,2,sapientis,,,,Clementine,VUL
20,Proverbs,13,14,Proverbs 13:14,3,fons,,,,Clementine,VUL
20,Proverbs,13,14,Proverbs 13:14,4,"vitæ,",,,,Clementine,VUL
20,Proverbs,13,14,Proverbs 13:14,5,ut,,,,Clementine,VUL
20,Proverbs,13,14,Proverbs 13:14,6,declinet,,,,Clementine,VUL
20,Proverbs,13,14,Proverbs 13:14,7,a,,,,Clementine,VUL
20,Proverbs,13,14,Proverbs 13:14,8,ruina,,,,Clementine,VUL
20,Proverbs,13,14,Proverbs 13:14,9,mortis.,,,,Clementine,VUL
20,Proverbs,13,15,Proverbs 13:15,1,Doctrina,,,,Clementine,VUL
20,Proverbs,13,15,Proverbs 13:15,2,bona,,,,Clementine,VUL
20,Proverbs,13,15,Proverbs 13:15,3,dabit,,,,Clementine,VUL
20,Proverbs,13,15,Proverbs 13:15,4,gratiam,,,,Clementine,VUL
20,Proverbs,13,15,Proverbs 13:15,5,;,,,,Clementine,VUL
20,Proverbs,13,15,Proverbs 13:15,6,in,,,,Clementine,VUL
20,Proverbs,13,15,Proverbs 13:15,7,itinere,,,,Clementine,VUL
20,Proverbs,13,15,Proverbs 13:15,8,contemptorum,,,,Clementine,VUL
20,Proverbs,13,15,Proverbs 13:15,9,vorago.,,,,Clementine,VUL
20,Proverbs,13,16,Proverbs 13:16,1,Astutus,,,,Clementine,VUL
20,Proverbs,13,16,Proverbs 13:16,2,omnia,,,,Clementine,VUL
20,Proverbs,13,16,Proverbs 13:16,3,agit,,,,Clementine,VUL
20,Proverbs,13,16,Proverbs 13:16,4,cum,,,,Clementine,VUL
20,Proverbs,13,16,Proverbs 13:16,5,consilio,,,,Clementine,VUL
20,Proverbs,13,16,Proverbs 13:16,6,;,,,,Clementine,VUL
20,Proverbs,13,16,Proverbs 13:16,7,qui,,,,Clementine,VUL
20,Proverbs,13,16,Proverbs 13:16,8,autem,,,,Clementine,VUL
20,Proverbs,13,16,Proverbs 13:16,9,fatuus,,,,Clementine,VUL
20,Proverbs,13,16,Proverbs 13:16,10,est,,,,Clementine,VUL
20,Proverbs,13,16,Proverbs 13:16,11,aperit,,,,Clementine,VUL
20,Proverbs,13,16,Proverbs 13:16,12,stultitiam.,,,,Clementine,VUL
20,Proverbs,13,17,Proverbs 13:17,1,Nuntius,,,,Clementine,VUL
20,Proverbs,13,17,Proverbs 13:17,2,impii,,,,Clementine,VUL
20,Proverbs,13,17,Proverbs 13:17,3,cadet,,,,Clementine,VUL
20,Proverbs,13,17,Proverbs 13:17,4,in,,,,Clementine,VUL
20,Proverbs,13,17,Proverbs 13:17,5,malum,,,,Clementine,VUL
20,Proverbs,13,17,Proverbs 13:17,6,;,,,,Clementine,VUL
20,Proverbs,13,17,Proverbs 13:17,7,legatus,,,,Clementine,VUL
20,Proverbs,13,17,Proverbs 13:17,8,autem,,,,Clementine,VUL
20,Proverbs,13,17,Proverbs 13:17,9,"fidelis,",,,,Clementine,VUL
20,Proverbs,13,17,Proverbs 13:17,10,sanitas.,,,,Clementine,VUL
20,Proverbs,13,18,Proverbs 13:18,1,Egestas,,,,Clementine,VUL
20,Proverbs,13,18,Proverbs 13:18,2,et,,,,Clementine,VUL
20,Proverbs,13,18,Proverbs 13:18,3,ignominia,,,,Clementine,VUL
20,Proverbs,13,18,Proverbs 13:18,4,ei,,,,Clementine,VUL
20,Proverbs,13,18,Proverbs 13:18,5,qui,,,,Clementine,VUL
20,Proverbs,13,18,Proverbs 13:18,6,deserit,,,,Clementine,VUL
20,Proverbs,13,18,Proverbs 13:18,7,disciplinam,,,,Clementine,VUL
20,Proverbs,13,18,Proverbs 13:18,8,;,,,,Clementine,VUL
20,Proverbs,13,18,Proverbs 13:18,9,qui,,,,Clementine,VUL
20,Proverbs,13,18,Proverbs 13:18,10,autem,,,,Clementine,VUL
20,Proverbs,13,18,Proverbs 13:18,11,acquiescit,,,,Clementine,VUL
20,Proverbs,13,18,Proverbs 13:18,12,arguenti,,,,Clementine,VUL
20,Proverbs,13,18,Proverbs 13:18,13,glorificabitur.,,,,Clementine,VUL
20,Proverbs,13,19,Proverbs 13:19,1,Desiderium,,,,Clementine,VUL
20,Proverbs,13,19,Proverbs 13:19,2,si,,,,Clementine,VUL
20,Proverbs,13,19,Proverbs 13:19,3,compleatur,,,,Clementine,VUL
20,Proverbs,13,19,Proverbs 13:19,4,delectat,,,,Clementine,VUL
20,Proverbs,13,19,Proverbs 13:19,5,animam,,,,Clementine,VUL
20,Proverbs,13,19,Proverbs 13:19,6,;,,,,Clementine,VUL
20,Proverbs,13,19,Proverbs 13:19,7,detestantur,,,,Clementine,VUL
20,Proverbs,13,19,Proverbs 13:19,8,stulti,,,,Clementine,VUL
20,Proverbs,13,19,Proverbs 13:19,9,eos,,,,Clementine,VUL
20,Proverbs,13,19,Proverbs 13:19,10,qui,,,,Clementine,VUL
20,Proverbs,13,19,Proverbs 13:19,11,fugiunt,,,,Clementine,VUL
20,Proverbs,13,19,Proverbs 13:19,12,mala.,,,,Clementine,VUL
20,Proverbs,13,20,Proverbs 13:20,1,Qui,,,,Clementine,VUL
20,Proverbs,13,20,Proverbs 13:20,2,cum,,,,Clementine,VUL
20,Proverbs,13,20,Proverbs 13:20,3,sapientibus,,,,Clementine,VUL
20,Proverbs,13,20,Proverbs 13:20,4,graditur,,,,Clementine,VUL
20,Proverbs,13,20,Proverbs 13:20,5,sapiens,,,,Clementine,VUL
20,Proverbs,13,20,Proverbs 13:20,6,erit,,,,Clementine,VUL
20,Proverbs,13,20,Proverbs 13:20,7,;,,,,Clementine,VUL
20,Proverbs,13,20,Proverbs 13:20,8,amicus,,,,Clementine,VUL
20,Proverbs,13,20,Proverbs 13:20,9,stultorum,,,,Clementine,VUL
20,Proverbs,13,20,Proverbs 13:20,10,similis,,,,Clementine,VUL
20,Proverbs,13,20,Proverbs 13:20,11,efficietur.,,,,Clementine,VUL
20,Proverbs,13,21,Proverbs 13:21,1,Peccatores,,,,Clementine,VUL
20,Proverbs,13,21,Proverbs 13:21,2,persequitur,,,,Clementine,VUL
20,Proverbs,13,21,Proverbs 13:21,3,"malum,",,,,Clementine,VUL
20,Proverbs,13,21,Proverbs 13:21,4,et,,,,Clementine,VUL
20,Proverbs,13,21,Proverbs 13:21,5,justis,,,,Clementine,VUL
20,Proverbs,13,21,Proverbs 13:21,6,retribuentur,,,,Clementine,VUL
20,Proverbs,13,21,Proverbs 13:21,7,bona.,,,,Clementine,VUL
20,Proverbs,13,22,Proverbs 13:22,1,Bonus,,,,Clementine,VUL
20,Proverbs,13,22,Proverbs 13:22,2,reliquit,,,,Clementine,VUL
20,Proverbs,13,22,Proverbs 13:22,3,hæredes,,,,Clementine,VUL
20,Proverbs,13,22,Proverbs 13:22,4,filios,,,,Clementine,VUL
20,Proverbs,13,22,Proverbs 13:22,5,et,,,,Clementine,VUL
20,Proverbs,13,22,Proverbs 13:22,6,"nepotes,",,,,Clementine,VUL
20,Proverbs,13,22,Proverbs 13:22,7,et,,,,Clementine,VUL
20,Proverbs,13,22,Proverbs 13:22,8,custoditur,,,,Clementine,VUL
20,Proverbs,13,22,Proverbs 13:22,9,justo,,,,Clementine,VUL
20,Proverbs,13,22,Proverbs 13:22,10,substantia,,,,Clementine,VUL
20,Proverbs,13,22,Proverbs 13:22,11,peccatoris.,,,,Clementine,VUL
20,Proverbs,13,23,Proverbs 13:23,1,Multi,,,,Clementine,VUL
20,Proverbs,13,23,Proverbs 13:23,2,cibi,,,,Clementine,VUL
20,Proverbs,13,23,Proverbs 13:23,3,in,,,,Clementine,VUL
20,Proverbs,13,23,Proverbs 13:23,4,novalibus,,,,Clementine,VUL
20,Proverbs,13,23,Proverbs 13:23,5,"patrum,",,,,Clementine,VUL
20,Proverbs,13,23,Proverbs 13:23,6,et,,,,Clementine,VUL
20,Proverbs,13,23,Proverbs 13:23,7,aliis,,,,Clementine,VUL
20,Proverbs,13,23,Proverbs 13:23,8,congregantur,,,,Clementine,VUL
20,Proverbs,13,23,Proverbs 13:23,9,absque,,,,Clementine,VUL
20,Proverbs,13,23,Proverbs 13:23,10,judicio.,,,,Clementine,VUL
20,Proverbs,13,24,Proverbs 13:24,1,Qui,,,,Clementine,VUL
20,Proverbs,13,24,Proverbs 13:24,2,parcit,,,,Clementine,VUL
20,Proverbs,13,24,Proverbs 13:24,3,virgæ,,,,Clementine,VUL
20,Proverbs,13,24,Proverbs 13:24,4,odit,,,,Clementine,VUL
20,Proverbs,13,24,Proverbs 13:24,5,filium,,,,Clementine,VUL
20,Proverbs,13,24,Proverbs 13:24,6,suum,,,,Clementine,VUL
20,Proverbs,13,24,Proverbs 13:24,7,;,,,,Clementine,VUL
20,Proverbs,13,24,Proverbs 13:24,8,qui,,,,Clementine,VUL
20,Proverbs,13,24,Proverbs 13:24,9,autem,,,,Clementine,VUL
20,Proverbs,13,24,Proverbs 13:24,10,diligit,,,,Clementine,VUL
20,Proverbs,13,24,Proverbs 13:24,11,illum,,,,Clementine,VUL
20,Proverbs,13,24,Proverbs 13:24,12,instanter,,,,Clementine,VUL
20,Proverbs,13,24,Proverbs 13:24,13,erudit.,,,,Clementine,VUL
20,Proverbs,13,25,Proverbs 13:25,1,Justus,,,,Clementine,VUL
20,Proverbs,13,25,Proverbs 13:25,2,comedit,,,,Clementine,VUL
20,Proverbs,13,25,Proverbs 13:25,3,et,,,,Clementine,VUL
20,Proverbs,13,25,Proverbs 13:25,4,replet,,,,Clementine,VUL
20,Proverbs,13,25,Proverbs 13:25,5,animam,,,,Clementine,VUL
20,Proverbs,13,25,Proverbs 13:25,6,suam,,,,Clementine,VUL
20,Proverbs,13,25,Proverbs 13:25,7,;,,,,Clementine,VUL
20,Proverbs,13,25,Proverbs 13:25,8,venter,,,,Clementine,VUL
20,Proverbs,13,25,Proverbs 13:25,9,autem,,,,Clementine,VUL
20,Proverbs,13,25,Proverbs 13:25,10,impiorum,,,,Clementine,VUL
20,Proverbs,13,25,Proverbs 13:25,11,insaturabilis.,,,,Clementine,VUL
20,Proverbs,14,1,Proverbs 14:1,1,Sapiens,,,,Clementine,VUL
20,Proverbs,14,1,Proverbs 14:1,2,mulier,,,,Clementine,VUL
20,Proverbs,14,1,Proverbs 14:1,3,ædificat,,,,Clementine,VUL
20,Proverbs,14,1,Proverbs 14:1,4,domum,,,,Clementine,VUL
20,Proverbs,14,1,Proverbs 14:1,5,suam,,,,Clementine,VUL
20,Proverbs,14,1,Proverbs 14:1,6,;,,,,Clementine,VUL
20,Proverbs,14,1,Proverbs 14:1,7,insipiens,,,,Clementine,VUL
20,Proverbs,14,1,Proverbs 14:1,8,exstructam,,,,Clementine,VUL
20,Proverbs,14,1,Proverbs 14:1,9,quoque,,,,Clementine,VUL
20,Proverbs,14,1,Proverbs 14:1,10,manibus,,,,Clementine,VUL
20,Proverbs,14,1,Proverbs 14:1,11,destruet.,,,,Clementine,VUL
20,Proverbs,14,2,Proverbs 14:2,1,Ambulans,,,,Clementine,VUL
20,Proverbs,14,2,Proverbs 14:2,2,recto,,,,Clementine,VUL
20,Proverbs,14,2,Proverbs 14:2,3,"itinere,",,,,Clementine,VUL
20,Proverbs,14,2,Proverbs 14:2,4,et,,,,Clementine,VUL
20,Proverbs,14,2,Proverbs 14:2,5,timens,,,,Clementine,VUL
20,Proverbs,14,2,Proverbs 14:2,6,"Deum,",,,,Clementine,VUL
20,Proverbs,14,2,Proverbs 14:2,7,despicitur,,,,Clementine,VUL
20,Proverbs,14,2,Proverbs 14:2,8,ab,,,,Clementine,VUL
20,Proverbs,14,2,Proverbs 14:2,9,eo,,,,Clementine,VUL
20,Proverbs,14,2,Proverbs 14:2,10,qui,,,,Clementine,VUL
20,Proverbs,14,2,Proverbs 14:2,11,infami,,,,Clementine,VUL
20,Proverbs,14,2,Proverbs 14:2,12,graditur,,,,Clementine,VUL
20,Proverbs,14,2,Proverbs 14:2,13,via.,,,,Clementine,VUL
20,Proverbs,14,3,Proverbs 14:3,1,In,,,,Clementine,VUL
20,Proverbs,14,3,Proverbs 14:3,2,ore,,,,Clementine,VUL
20,Proverbs,14,3,Proverbs 14:3,3,stulti,,,,Clementine,VUL
20,Proverbs,14,3,Proverbs 14:3,4,virga,,,,Clementine,VUL
20,Proverbs,14,3,Proverbs 14:3,5,superbiæ,,,,Clementine,VUL
20,Proverbs,14,3,Proverbs 14:3,6,;,,,,Clementine,VUL
20,Proverbs,14,3,Proverbs 14:3,7,labia,,,,Clementine,VUL
20,Proverbs,14,3,Proverbs 14:3,8,autem,,,,Clementine,VUL
20,Proverbs,14,3,Proverbs 14:3,9,sapientium,,,,Clementine,VUL
20,Proverbs,14,3,Proverbs 14:3,10,custodiunt,,,,Clementine,VUL
20,Proverbs,14,3,Proverbs 14:3,11,eos.,,,,Clementine,VUL
20,Proverbs,14,4,Proverbs 14:4,1,Ubi,,,,Clementine,VUL
20,Proverbs,14,4,Proverbs 14:4,2,non,,,,Clementine,VUL
20,Proverbs,14,4,Proverbs 14:4,3,sunt,,,,Clementine,VUL
20,Proverbs,14,4,Proverbs 14:4,4,"boves,",,,,Clementine,VUL
20,Proverbs,14,4,Proverbs 14:4,5,præsepe,,,,Clementine,VUL
20,Proverbs,14,4,Proverbs 14:4,6,vacuum,,,,Clementine,VUL
20,Proverbs,14,4,Proverbs 14:4,7,est,,,,Clementine,VUL
20,Proverbs,14,4,Proverbs 14:4,8,;,,,,Clementine,VUL
20,Proverbs,14,4,Proverbs 14:4,9,ubi,,,,Clementine,VUL
20,Proverbs,14,4,Proverbs 14:4,10,autem,,,,Clementine,VUL
20,Proverbs,14,4,Proverbs 14:4,11,plurimæ,,,,Clementine,VUL
20,Proverbs,14,4,Proverbs 14:4,12,"segetes,",,,,Clementine,VUL
20,Proverbs,14,4,Proverbs 14:4,13,ibi,,,,Clementine,VUL
20,Proverbs,14,4,Proverbs 14:4,14,manifesta,,,,Clementine,VUL
20,Proverbs,14,4,Proverbs 14:4,15,est,,,,Clementine,VUL
20,Proverbs,14,4,Proverbs 14:4,16,fortitudo,,,,Clementine,VUL
20,Proverbs,14,4,Proverbs 14:4,17,bovis.,,,,Clementine,VUL
20,Proverbs,14,5,Proverbs 14:5,1,Testis,,,,Clementine,VUL
20,Proverbs,14,5,Proverbs 14:5,2,fidelis,,,,Clementine,VUL
20,Proverbs,14,5,Proverbs 14:5,3,non,,,,Clementine,VUL
20,Proverbs,14,5,Proverbs 14:5,4,mentitur,,,,Clementine,VUL
20,Proverbs,14,5,Proverbs 14:5,5,;,,,,Clementine,VUL
20,Proverbs,14,5,Proverbs 14:5,6,profert,,,,Clementine,VUL
20,Proverbs,14,5,Proverbs 14:5,7,autem,,,,Clementine,VUL
20,Proverbs,14,5,Proverbs 14:5,8,mendacium,,,,Clementine,VUL
20,Proverbs,14,5,Proverbs 14:5,9,dolosus,,,,Clementine,VUL
20,Proverbs,14,5,Proverbs 14:5,10,testis.,,,,Clementine,VUL
20,Proverbs,14,6,Proverbs 14:6,1,Quærit,,,,Clementine,VUL
20,Proverbs,14,6,Proverbs 14:6,2,derisor,,,,Clementine,VUL
20,Proverbs,14,6,Proverbs 14:6,3,"sapientiam,",,,,Clementine,VUL
20,Proverbs,14,6,Proverbs 14:6,4,et,,,,Clementine,VUL
20,Proverbs,14,6,Proverbs 14:6,5,non,,,,Clementine,VUL
20,Proverbs,14,6,Proverbs 14:6,6,invenit,,,,Clementine,VUL
20,Proverbs,14,6,Proverbs 14:6,7,;,,,,Clementine,VUL
20,Proverbs,14,6,Proverbs 14:6,8,doctrina,,,,Clementine,VUL
20,Proverbs,14,6,Proverbs 14:6,9,prudentium,,,,Clementine,VUL
20,Proverbs,14,6,Proverbs 14:6,10,facilis.,,,,Clementine,VUL
20,Proverbs,14,7,Proverbs 14:7,1,Vade,,,,Clementine,VUL
20,Proverbs,14,7,Proverbs 14:7,2,contra,,,,Clementine,VUL
20,Proverbs,14,7,Proverbs 14:7,3,virum,,,,Clementine,VUL
20,Proverbs,14,7,Proverbs 14:7,4,"stultum,",,,,Clementine,VUL
20,Proverbs,14,7,Proverbs 14:7,5,et,,,,Clementine,VUL
20,Proverbs,14,7,Proverbs 14:7,6,nescit,,,,Clementine,VUL
20,Proverbs,14,7,Proverbs 14:7,7,labia,,,,Clementine,VUL
20,Proverbs,14,7,Proverbs 14:7,8,prudentiæ.,,,,Clementine,VUL
20,Proverbs,14,8,Proverbs 14:8,1,Sapientia,,,,Clementine,VUL
20,Proverbs,14,8,Proverbs 14:8,2,callidi,,,,Clementine,VUL
20,Proverbs,14,8,Proverbs 14:8,3,est,,,,Clementine,VUL
20,Proverbs,14,8,Proverbs 14:8,4,intelligere,,,,Clementine,VUL
20,Proverbs,14,8,Proverbs 14:8,5,viam,,,,Clementine,VUL
20,Proverbs,14,8,Proverbs 14:8,6,"suam,",,,,Clementine,VUL
20,Proverbs,14,8,Proverbs 14:8,7,et,,,,Clementine,VUL
20,Proverbs,14,8,Proverbs 14:8,8,imprudentia,,,,Clementine,VUL
20,Proverbs,14,8,Proverbs 14:8,9,stultorum,,,,Clementine,VUL
20,Proverbs,14,8,Proverbs 14:8,10,errans.,,,,Clementine,VUL
20,Proverbs,14,9,Proverbs 14:9,1,Stultus,,,,Clementine,VUL
20,Proverbs,14,9,Proverbs 14:9,2,illudet,,,,Clementine,VUL
20,Proverbs,14,9,Proverbs 14:9,3,"peccatum,",,,,Clementine,VUL
20,Proverbs,14,9,Proverbs 14:9,4,et,,,,Clementine,VUL
20,Proverbs,14,9,Proverbs 14:9,5,inter,,,,Clementine,VUL
20,Proverbs,14,9,Proverbs 14:9,6,justos,,,,Clementine,VUL
20,Proverbs,14,9,Proverbs 14:9,7,morabitur,,,,Clementine,VUL
20,Proverbs,14,9,Proverbs 14:9,8,gratia.,,,,Clementine,VUL
20,Proverbs,14,10,Proverbs 14:10,1,Cor,,,,Clementine,VUL
20,Proverbs,14,10,Proverbs 14:10,2,quod,,,,Clementine,VUL
20,Proverbs,14,10,Proverbs 14:10,3,novit,,,,Clementine,VUL
20,Proverbs,14,10,Proverbs 14:10,4,amaritudinem,,,,Clementine,VUL
20,Proverbs,14,10,Proverbs 14:10,5,animæ,,,,Clementine,VUL
20,Proverbs,14,10,Proverbs 14:10,6,"suæ,",,,,Clementine,VUL
20,Proverbs,14,10,Proverbs 14:10,7,in,,,,Clementine,VUL
20,Proverbs,14,10,Proverbs 14:10,8,gaudio,,,,Clementine,VUL
20,Proverbs,14,10,Proverbs 14:10,9,ejus,,,,Clementine,VUL
20,Proverbs,14,10,Proverbs 14:10,10,non,,,,Clementine,VUL
20,Proverbs,14,10,Proverbs 14:10,11,miscebitur,,,,Clementine,VUL
20,Proverbs,14,10,Proverbs 14:10,12,extraneus.,,,,Clementine,VUL
20,Proverbs,14,11,Proverbs 14:11,1,Domus,,,,Clementine,VUL
20,Proverbs,14,11,Proverbs 14:11,2,impiorum,,,,Clementine,VUL
20,Proverbs,14,11,Proverbs 14:11,3,delebitur,,,,Clementine,VUL
20,Proverbs,14,11,Proverbs 14:11,4,:,,,,Clementine,VUL
20,Proverbs,14,11,Proverbs 14:11,5,tabernacula,,,,Clementine,VUL
20,Proverbs,14,11,Proverbs 14:11,6,vero,,,,Clementine,VUL
20,Proverbs,14,11,Proverbs 14:11,7,justorum,,,,Clementine,VUL
20,Proverbs,14,11,Proverbs 14:11,8,germinabunt.,,,,Clementine,VUL
20,Proverbs,14,12,Proverbs 14:12,1,Est,,,,Clementine,VUL
20,Proverbs,14,12,Proverbs 14:12,2,via,,,,Clementine,VUL
20,Proverbs,14,12,Proverbs 14:12,3,quæ,,,,Clementine,VUL
20,Proverbs,14,12,Proverbs 14:12,4,videtur,,,,Clementine,VUL
20,Proverbs,14,12,Proverbs 14:12,5,homini,,,,Clementine,VUL
20,Proverbs,14,12,Proverbs 14:12,6,"justa,",,,,Clementine,VUL
20,Proverbs,14,12,Proverbs 14:12,7,novissima,,,,Clementine,VUL
20,Proverbs,14,12,Proverbs 14:12,8,autem,,,,Clementine,VUL
20,Proverbs,14,12,Proverbs 14:12,9,ejus,,,,Clementine,VUL
20,Proverbs,14,12,Proverbs 14:12,10,deducunt,,,,Clementine,VUL
20,Proverbs,14,12,Proverbs 14:12,11,ad,,,,Clementine,VUL
20,Proverbs,14,12,Proverbs 14:12,12,mortem.,,,,Clementine,VUL
20,Proverbs,14,13,Proverbs 14:13,1,Risus,,,,Clementine,VUL
20,Proverbs,14,13,Proverbs 14:13,2,dolore,,,,Clementine,VUL
20,Proverbs,14,13,Proverbs 14:13,3,"miscebitur,",,,,Clementine,VUL
20,Proverbs,14,13,Proverbs 14:13,4,et,,,,Clementine,VUL
20,Proverbs,14,13,Proverbs 14:13,5,extrema,,,,Clementine,VUL
20,Proverbs,14,13,Proverbs 14:13,6,gaudii,,,,Clementine,VUL
20,Proverbs,14,13,Proverbs 14:13,7,luctus,,,,Clementine,VUL
20,Proverbs,14,13,Proverbs 14:13,8,occupat.,,,,Clementine,VUL
20,Proverbs,14,14,Proverbs 14:14,1,Viis,,,,Clementine,VUL
20,Proverbs,14,14,Proverbs 14:14,2,suis,,,,Clementine,VUL
20,Proverbs,14,14,Proverbs 14:14,3,replebitur,,,,Clementine,VUL
20,Proverbs,14,14,Proverbs 14:14,4,"stultus,",,,,Clementine,VUL
20,Proverbs,14,14,Proverbs 14:14,5,et,,,,Clementine,VUL
20,Proverbs,14,14,Proverbs 14:14,6,super,,,,Clementine,VUL
20,Proverbs,14,14,Proverbs 14:14,7,eum,,,,Clementine,VUL
20,Proverbs,14,14,Proverbs 14:14,8,erit,,,,Clementine,VUL
20,Proverbs,14,14,Proverbs 14:14,9,vir,,,,Clementine,VUL
20,Proverbs,14,14,Proverbs 14:14,10,bonus.,,,,Clementine,VUL
20,Proverbs,14,15,Proverbs 14:15,1,Innocens,,,,Clementine,VUL
20,Proverbs,14,15,Proverbs 14:15,2,credit,,,,Clementine,VUL
20,Proverbs,14,15,Proverbs 14:15,3,omni,,,,Clementine,VUL
20,Proverbs,14,15,Proverbs 14:15,4,verbo,,,,Clementine,VUL
20,Proverbs,14,15,Proverbs 14:15,5,;,,,,Clementine,VUL
20,Proverbs,14,15,Proverbs 14:15,6,astutus,,,,Clementine,VUL
20,Proverbs,14,15,Proverbs 14:15,7,considerat,,,,Clementine,VUL
20,Proverbs,14,15,Proverbs 14:15,8,gressus,,,,Clementine,VUL
20,Proverbs,14,15,Proverbs 14:15,9,suos.,,,,Clementine,VUL
20,Proverbs,14,15,Proverbs 14:15,10,Filio,,,,Clementine,VUL
20,Proverbs,14,15,Proverbs 14:15,11,doloso,,,,Clementine,VUL
20,Proverbs,14,15,Proverbs 14:15,12,nihil,,,,Clementine,VUL
20,Proverbs,14,15,Proverbs 14:15,13,erit,,,,Clementine,VUL
20,Proverbs,14,15,Proverbs 14:15,14,boni,,,,Clementine,VUL
20,Proverbs,14,15,Proverbs 14:15,15,;,,,,Clementine,VUL
20,Proverbs,14,15,Proverbs 14:15,16,servo,,,,Clementine,VUL
20,Proverbs,14,15,Proverbs 14:15,17,autem,,,,Clementine,VUL
20,Proverbs,14,15,Proverbs 14:15,18,sapienti,,,,Clementine,VUL
20,Proverbs,14,15,Proverbs 14:15,19,prosperi,,,,Clementine,VUL
20,Proverbs,14,15,Proverbs 14:15,20,erunt,,,,Clementine,VUL
20,Proverbs,14,15,Proverbs 14:15,21,"actus,",,,,Clementine,VUL
20,Proverbs,14,15,Proverbs 14:15,22,et,,,,Clementine,VUL
20,Proverbs,14,15,Proverbs 14:15,23,dirigetur,,,,Clementine,VUL
20,Proverbs,14,15,Proverbs 14:15,24,via,,,,Clementine,VUL
20,Proverbs,14,15,Proverbs 14:15,25,ejus.,,,,Clementine,VUL
20,Proverbs,14,16,Proverbs 14:16,1,Sapiens,,,,Clementine,VUL
20,Proverbs,14,16,Proverbs 14:16,2,"timet,",,,,Clementine,VUL
20,Proverbs,14,16,Proverbs 14:16,3,et,,,,Clementine,VUL
20,Proverbs,14,16,Proverbs 14:16,4,declinat,,,,Clementine,VUL
20,Proverbs,14,16,Proverbs 14:16,5,a,,,,Clementine,VUL
20,Proverbs,14,16,Proverbs 14:16,6,malo,,,,Clementine,VUL
20,Proverbs,14,16,Proverbs 14:16,7,;,,,,Clementine,VUL
20,Proverbs,14,16,Proverbs 14:16,8,stultus,,,,Clementine,VUL
20,Proverbs,14,16,Proverbs 14:16,9,"transilit,",,,,Clementine,VUL
20,Proverbs,14,16,Proverbs 14:16,10,et,,,,Clementine,VUL
20,Proverbs,14,16,Proverbs 14:16,11,confidit.,,,,Clementine,VUL
20,Proverbs,14,17,Proverbs 14:17,1,Impatiens,,,,Clementine,VUL
20,Proverbs,14,17,Proverbs 14:17,2,operabitur,,,,Clementine,VUL
20,Proverbs,14,17,Proverbs 14:17,3,"stultitiam,",,,,Clementine,VUL
20,Proverbs,14,17,Proverbs 14:17,4,et,,,,Clementine,VUL
20,Proverbs,14,17,Proverbs 14:17,5,vir,,,,Clementine,VUL
20,Proverbs,14,17,Proverbs 14:17,6,versutus,,,,Clementine,VUL
20,Proverbs,14,17,Proverbs 14:17,7,odiosus,,,,Clementine,VUL
20,Proverbs,14,17,Proverbs 14:17,8,est.,,,,Clementine,VUL
20,Proverbs,14,18,Proverbs 14:18,1,Possidebunt,,,,Clementine,VUL
20,Proverbs,14,18,Proverbs 14:18,2,parvuli,,,,Clementine,VUL
20,Proverbs,14,18,Proverbs 14:18,3,"stultitiam,",,,,Clementine,VUL
20,Proverbs,14,18,Proverbs 14:18,4,et,,,,Clementine,VUL
20,Proverbs,14,18,Proverbs 14:18,5,exspectabunt,,,,Clementine,VUL
20,Proverbs,14,18,Proverbs 14:18,6,astuti,,,,Clementine,VUL
20,Proverbs,14,18,Proverbs 14:18,7,scientiam.,,,,Clementine,VUL
20,Proverbs,14,19,Proverbs 14:19,1,Jacebunt,,,,Clementine,VUL
20,Proverbs,14,19,Proverbs 14:19,2,mali,,,,Clementine,VUL
20,Proverbs,14,19,Proverbs 14:19,3,ante,,,,Clementine,VUL
20,Proverbs,14,19,Proverbs 14:19,4,"bonos,",,,,Clementine,VUL
20,Proverbs,14,19,Proverbs 14:19,5,et,,,,Clementine,VUL
20,Proverbs,14,19,Proverbs 14:19,6,impii,,,,Clementine,VUL
20,Proverbs,14,19,Proverbs 14:19,7,ante,,,,Clementine,VUL
20,Proverbs,14,19,Proverbs 14:19,8,portas,,,,Clementine,VUL
20,Proverbs,14,19,Proverbs 14:19,9,justorum.,,,,Clementine,VUL
20,Proverbs,14,20,Proverbs 14:20,1,Etiam,,,,Clementine,VUL
20,Proverbs,14,20,Proverbs 14:20,2,proximo,,,,Clementine,VUL
20,Proverbs,14,20,Proverbs 14:20,3,suo,,,,Clementine,VUL
20,Proverbs,14,20,Proverbs 14:20,4,pauper,,,,Clementine,VUL
20,Proverbs,14,20,Proverbs 14:20,5,odiosus,,,,Clementine,VUL
20,Proverbs,14,20,Proverbs 14:20,6,erit,,,,Clementine,VUL
20,Proverbs,14,20,Proverbs 14:20,7,:,,,,Clementine,VUL
20,Proverbs,14,20,Proverbs 14:20,8,amici,,,,Clementine,VUL
20,Proverbs,14,20,Proverbs 14:20,9,vero,,,,Clementine,VUL
20,Proverbs,14,20,Proverbs 14:20,10,divitum,,,,Clementine,VUL
20,Proverbs,14,20,Proverbs 14:20,11,multi.,,,,Clementine,VUL
20,Proverbs,14,21,Proverbs 14:21,1,Qui,,,,Clementine,VUL
20,Proverbs,14,21,Proverbs 14:21,2,despicit,,,,Clementine,VUL
20,Proverbs,14,21,Proverbs 14:21,3,proximum,,,,Clementine,VUL
20,Proverbs,14,21,Proverbs 14:21,4,suum,,,,Clementine,VUL
20,Proverbs,14,21,Proverbs 14:21,5,peccat,,,,Clementine,VUL
20,Proverbs,14,21,Proverbs 14:21,6,;,,,,Clementine,VUL
20,Proverbs,14,21,Proverbs 14:21,7,qui,,,,Clementine,VUL
20,Proverbs,14,21,Proverbs 14:21,8,autem,,,,Clementine,VUL
20,Proverbs,14,21,Proverbs 14:21,9,miseretur,,,,Clementine,VUL
20,Proverbs,14,21,Proverbs 14:21,10,pauperis,,,,Clementine,VUL
20,Proverbs,14,21,Proverbs 14:21,11,beatus,,,,Clementine,VUL
20,Proverbs,14,21,Proverbs 14:21,12,erit.,,,,Clementine,VUL
20,Proverbs,14,21,Proverbs 14:21,13,Qui,,,,Clementine,VUL
20,Proverbs,14,21,Proverbs 14:21,14,credit,,,,Clementine,VUL
20,Proverbs,14,21,Proverbs 14:21,15,in,,,,Clementine,VUL
20,Proverbs,14,21,Proverbs 14:21,16,Domino,,,,Clementine,VUL
20,Proverbs,14,21,Proverbs 14:21,17,misericordiam,,,,Clementine,VUL
20,Proverbs,14,21,Proverbs 14:21,18,diligit.,,,,Clementine,VUL
20,Proverbs,14,22,Proverbs 14:22,1,Errant,,,,Clementine,VUL
20,Proverbs,14,22,Proverbs 14:22,2,qui,,,,Clementine,VUL
20,Proverbs,14,22,Proverbs 14:22,3,operantur,,,,Clementine,VUL
20,Proverbs,14,22,Proverbs 14:22,4,malum,,,,Clementine,VUL
20,Proverbs,14,22,Proverbs 14:22,5,;,,,,Clementine,VUL
20,Proverbs,14,22,Proverbs 14:22,6,misericordia,,,,Clementine,VUL
20,Proverbs,14,22,Proverbs 14:22,7,et,,,,Clementine,VUL
20,Proverbs,14,22,Proverbs 14:22,8,veritas,,,,Clementine,VUL
20,Proverbs,14,22,Proverbs 14:22,9,præparant,,,,Clementine,VUL
20,Proverbs,14,22,Proverbs 14:22,10,bona.,,,,Clementine,VUL
20,Proverbs,14,23,Proverbs 14:23,1,In,,,,Clementine,VUL
20,Proverbs,14,23,Proverbs 14:23,2,omni,,,,Clementine,VUL
20,Proverbs,14,23,Proverbs 14:23,3,opere,,,,Clementine,VUL
20,Proverbs,14,23,Proverbs 14:23,4,erit,,,,Clementine,VUL
20,Proverbs,14,23,Proverbs 14:23,5,abundantia,,,,Clementine,VUL
20,Proverbs,14,23,Proverbs 14:23,6,;,,,,Clementine,VUL
20,Proverbs,14,23,Proverbs 14:23,7,ubi,,,,Clementine,VUL
20,Proverbs,14,23,Proverbs 14:23,8,autem,,,,Clementine,VUL
20,Proverbs,14,23,Proverbs 14:23,9,verba,,,,Clementine,VUL
20,Proverbs,14,23,Proverbs 14:23,10,sunt,,,,Clementine,VUL
20,Proverbs,14,23,Proverbs 14:23,11,"plurima,",,,,Clementine,VUL
20,Proverbs,14,23,Proverbs 14:23,12,ibi,,,,Clementine,VUL
20,Proverbs,14,23,Proverbs 14:23,13,frequenter,,,,Clementine,VUL
20,Proverbs,14,23,Proverbs 14:23,14,egestas.,,,,Clementine,VUL
20,Proverbs,14,24,Proverbs 14:24,1,Corona,,,,Clementine,VUL
20,Proverbs,14,24,Proverbs 14:24,2,sapientium,,,,Clementine,VUL
20,Proverbs,14,24,Proverbs 14:24,3,divitiæ,,,,Clementine,VUL
20,Proverbs,14,24,Proverbs 14:24,4,eorum,,,,Clementine,VUL
20,Proverbs,14,24,Proverbs 14:24,5,;,,,,Clementine,VUL
20,Proverbs,14,24,Proverbs 14:24,6,fatuitas,,,,Clementine,VUL
20,Proverbs,14,24,Proverbs 14:24,7,stultorum,,,,Clementine,VUL
20,Proverbs,14,24,Proverbs 14:24,8,imprudentia.,,,,Clementine,VUL
20,Proverbs,14,25,Proverbs 14:25,1,Liberat,,,,Clementine,VUL
20,Proverbs,14,25,Proverbs 14:25,2,animas,,,,Clementine,VUL
20,Proverbs,14,25,Proverbs 14:25,3,testis,,,,Clementine,VUL
20,Proverbs,14,25,Proverbs 14:25,4,"fidelis,",,,,Clementine,VUL
20,Proverbs,14,25,Proverbs 14:25,5,et,,,,Clementine,VUL
20,Proverbs,14,25,Proverbs 14:25,6,profert,,,,Clementine,VUL
20,Proverbs,14,25,Proverbs 14:25,7,mendacia,,,,Clementine,VUL
20,Proverbs,14,25,Proverbs 14:25,8,versipellis.,,,,Clementine,VUL
20,Proverbs,14,26,Proverbs 14:26,1,In,,,,Clementine,VUL
20,Proverbs,14,26,Proverbs 14:26,2,timore,,,,Clementine,VUL
20,Proverbs,14,26,Proverbs 14:26,3,Domini,,,,Clementine,VUL
20,Proverbs,14,26,Proverbs 14:26,4,fiducia,,,,Clementine,VUL
20,Proverbs,14,26,Proverbs 14:26,5,"fortitudinis,",,,,Clementine,VUL
20,Proverbs,14,26,Proverbs 14:26,6,et,,,,Clementine,VUL
20,Proverbs,14,26,Proverbs 14:26,7,filiis,,,,Clementine,VUL
20,Proverbs,14,26,Proverbs 14:26,8,ejus,,,,Clementine,VUL
20,Proverbs,14,26,Proverbs 14:26,9,erit,,,,Clementine,VUL
20,Proverbs,14,26,Proverbs 14:26,10,spes.,,,,Clementine,VUL
20,Proverbs,14,27,Proverbs 14:27,1,Timor,,,,Clementine,VUL
20,Proverbs,14,27,Proverbs 14:27,2,Domini,,,,Clementine,VUL
20,Proverbs,14,27,Proverbs 14:27,3,fons,,,,Clementine,VUL
20,Proverbs,14,27,Proverbs 14:27,4,"vitæ,",,,,Clementine,VUL
20,Proverbs,14,27,Proverbs 14:27,5,ut,,,,Clementine,VUL
20,Proverbs,14,27,Proverbs 14:27,6,declinent,,,,Clementine,VUL
20,Proverbs,14,27,Proverbs 14:27,7,a,,,,Clementine,VUL
20,Proverbs,14,27,Proverbs 14:27,8,ruina,,,,Clementine,VUL
20,Proverbs,14,27,Proverbs 14:27,9,mortis.,,,,Clementine,VUL
20,Proverbs,14,28,Proverbs 14:28,1,In,,,,Clementine,VUL
20,Proverbs,14,28,Proverbs 14:28,2,multitudine,,,,Clementine,VUL
20,Proverbs,14,28,Proverbs 14:28,3,populi,,,,Clementine,VUL
20,Proverbs,14,28,Proverbs 14:28,4,dignitas,,,,Clementine,VUL
20,Proverbs,14,28,Proverbs 14:28,5,"regis,",,,,Clementine,VUL
20,Proverbs,14,28,Proverbs 14:28,6,et,,,,Clementine,VUL
20,Proverbs,14,28,Proverbs 14:28,7,in,,,,Clementine,VUL
20,Proverbs,14,28,Proverbs 14:28,8,paucitate,,,,Clementine,VUL
20,Proverbs,14,28,Proverbs 14:28,9,plebis,,,,Clementine,VUL
20,Proverbs,14,28,Proverbs 14:28,10,ignominia,,,,Clementine,VUL
20,Proverbs,14,28,Proverbs 14:28,11,principis.,,,,Clementine,VUL
20,Proverbs,14,29,Proverbs 14:29,1,Qui,,,,Clementine,VUL
20,Proverbs,14,29,Proverbs 14:29,2,patiens,,,,Clementine,VUL
20,Proverbs,14,29,Proverbs 14:29,3,est,,,,Clementine,VUL
20,Proverbs,14,29,Proverbs 14:29,4,multa,,,,Clementine,VUL
20,Proverbs,14,29,Proverbs 14:29,5,gubernatur,,,,Clementine,VUL
20,Proverbs,14,29,Proverbs 14:29,6,prudentia,,,,Clementine,VUL
20,Proverbs,14,29,Proverbs 14:29,7,;,,,,Clementine,VUL
20,Proverbs,14,29,Proverbs 14:29,8,qui,,,,Clementine,VUL
20,Proverbs,14,29,Proverbs 14:29,9,autem,,,,Clementine,VUL
20,Proverbs,14,29,Proverbs 14:29,10,impatiens,,,,Clementine,VUL
20,Proverbs,14,29,Proverbs 14:29,11,est,,,,Clementine,VUL
20,Proverbs,14,29,Proverbs 14:29,12,exaltat,,,,Clementine,VUL
20,Proverbs,14,29,Proverbs 14:29,13,stultitiam,,,,Clementine,VUL
20,Proverbs,14,29,Proverbs 14:29,14,suam.,,,,Clementine,VUL
20,Proverbs,14,30,Proverbs 14:30,1,Vita,,,,Clementine,VUL
20,Proverbs,14,30,Proverbs 14:30,2,carnium,,,,Clementine,VUL
20,Proverbs,14,30,Proverbs 14:30,3,sanitas,,,,Clementine,VUL
20,Proverbs,14,30,Proverbs 14:30,4,cordis,,,,Clementine,VUL
20,Proverbs,14,30,Proverbs 14:30,5,;,,,,Clementine,VUL
20,Proverbs,14,30,Proverbs 14:30,6,putredo,,,,Clementine,VUL
20,Proverbs,14,30,Proverbs 14:30,7,ossium,,,,Clementine,VUL
20,Proverbs,14,30,Proverbs 14:30,8,invidia.,,,,Clementine,VUL
20,Proverbs,14,31,Proverbs 14:31,1,Qui,,,,Clementine,VUL
20,Proverbs,14,31,Proverbs 14:31,2,calumniatur,,,,Clementine,VUL
20,Proverbs,14,31,Proverbs 14:31,3,egentem,,,,Clementine,VUL
20,Proverbs,14,31,Proverbs 14:31,4,exprobrat,,,,Clementine,VUL
20,Proverbs,14,31,Proverbs 14:31,5,factori,,,,Clementine,VUL
20,Proverbs,14,31,Proverbs 14:31,6,ejus,,,,Clementine,VUL
20,Proverbs,14,31,Proverbs 14:31,7,;,,,,Clementine,VUL
20,Proverbs,14,31,Proverbs 14:31,8,honorat,,,,Clementine,VUL
20,Proverbs,14,31,Proverbs 14:31,9,autem,,,,Clementine,VUL
20,Proverbs,14,31,Proverbs 14:31,10,eum,,,,Clementine,VUL
20,Proverbs,14,31,Proverbs 14:31,11,qui,,,,Clementine,VUL
20,Proverbs,14,31,Proverbs 14:31,12,miseretur,,,,Clementine,VUL
20,Proverbs,14,31,Proverbs 14:31,13,pauperis.,,,,Clementine,VUL
20,Proverbs,14,32,Proverbs 14:32,1,In,,,,Clementine,VUL
20,Proverbs,14,32,Proverbs 14:32,2,malitia,,,,Clementine,VUL
20,Proverbs,14,32,Proverbs 14:32,3,sua,,,,Clementine,VUL
20,Proverbs,14,32,Proverbs 14:32,4,expelletur,,,,Clementine,VUL
20,Proverbs,14,32,Proverbs 14:32,5,impius,,,,Clementine,VUL
20,Proverbs,14,32,Proverbs 14:32,6,:,,,,Clementine,VUL
20,Proverbs,14,32,Proverbs 14:32,7,sperat,,,,Clementine,VUL
20,Proverbs,14,32,Proverbs 14:32,8,autem,,,,Clementine,VUL
20,Proverbs,14,32,Proverbs 14:32,9,justus,,,,Clementine,VUL
20,Proverbs,14,32,Proverbs 14:32,10,in,,,,Clementine,VUL
20,Proverbs,14,32,Proverbs 14:32,11,morte,,,,Clementine,VUL
20,Proverbs,14,32,Proverbs 14:32,12,sua.,,,,Clementine,VUL
20,Proverbs,14,33,Proverbs 14:33,1,In,,,,Clementine,VUL
20,Proverbs,14,33,Proverbs 14:33,2,corde,,,,Clementine,VUL
20,Proverbs,14,33,Proverbs 14:33,3,prudentis,,,,Clementine,VUL
20,Proverbs,14,33,Proverbs 14:33,4,requiescit,,,,Clementine,VUL
20,Proverbs,14,33,Proverbs 14:33,5,"sapientia,",,,,Clementine,VUL
20,Proverbs,14,33,Proverbs 14:33,6,et,,,,Clementine,VUL
20,Proverbs,14,33,Proverbs 14:33,7,indoctos,,,,Clementine,VUL
20,Proverbs,14,33,Proverbs 14:33,8,quosque,,,,Clementine,VUL
20,Proverbs,14,33,Proverbs 14:33,9,erudiet.,,,,Clementine,VUL
20,Proverbs,14,34,Proverbs 14:34,1,Justitia,,,,Clementine,VUL
20,Proverbs,14,34,Proverbs 14:34,2,elevat,,,,Clementine,VUL
20,Proverbs,14,34,Proverbs 14:34,3,gentem,,,,Clementine,VUL
20,Proverbs,14,34,Proverbs 14:34,4,;,,,,Clementine,VUL
20,Proverbs,14,34,Proverbs 14:34,5,miseros,,,,Clementine,VUL
20,Proverbs,14,34,Proverbs 14:34,6,autem,,,,Clementine,VUL
20,Proverbs,14,34,Proverbs 14:34,7,facit,,,,Clementine,VUL
20,Proverbs,14,34,Proverbs 14:34,8,populos,,,,Clementine,VUL
20,Proverbs,14,34,Proverbs 14:34,9,peccatum.,,,,Clementine,VUL
20,Proverbs,14,35,Proverbs 14:35,1,Acceptus,,,,Clementine,VUL
20,Proverbs,14,35,Proverbs 14:35,2,est,,,,Clementine,VUL
20,Proverbs,14,35,Proverbs 14:35,3,regi,,,,Clementine,VUL
20,Proverbs,14,35,Proverbs 14:35,4,minister,,,,Clementine,VUL
20,Proverbs,14,35,Proverbs 14:35,5,intelligens,,,,Clementine,VUL
20,Proverbs,14,35,Proverbs 14:35,6,;,,,,Clementine,VUL
20,Proverbs,14,35,Proverbs 14:35,7,iracundiam,,,,Clementine,VUL
20,Proverbs,14,35,Proverbs 14:35,8,ejus,,,,Clementine,VUL
20,Proverbs,14,35,Proverbs 14:35,9,inutilis,,,,Clementine,VUL
20,Proverbs,14,35,Proverbs 14:35,10,sustinebit.,,,,Clementine,VUL
20,Proverbs,15,1,Proverbs 15:1,1,Responsio,,,,Clementine,VUL
20,Proverbs,15,1,Proverbs 15:1,2,mollis,,,,Clementine,VUL
20,Proverbs,15,1,Proverbs 15:1,3,frangit,,,,Clementine,VUL
20,Proverbs,15,1,Proverbs 15:1,4,iram,,,,Clementine,VUL
20,Proverbs,15,1,Proverbs 15:1,5,;,,,,Clementine,VUL
20,Proverbs,15,1,Proverbs 15:1,6,sermo,,,,Clementine,VUL
20,Proverbs,15,1,Proverbs 15:1,7,durus,,,,Clementine,VUL
20,Proverbs,15,1,Proverbs 15:1,8,suscitat,,,,Clementine,VUL
20,Proverbs,15,1,Proverbs 15:1,9,furorem.,,,,Clementine,VUL
20,Proverbs,15,2,Proverbs 15:2,1,Lingua,,,,Clementine,VUL
20,Proverbs,15,2,Proverbs 15:2,2,sapientium,,,,Clementine,VUL
20,Proverbs,15,2,Proverbs 15:2,3,ornat,,,,Clementine,VUL
20,Proverbs,15,2,Proverbs 15:2,4,scientiam,,,,Clementine,VUL
20,Proverbs,15,2,Proverbs 15:2,5,;,,,,Clementine,VUL
20,Proverbs,15,2,Proverbs 15:2,6,os,,,,Clementine,VUL
20,Proverbs,15,2,Proverbs 15:2,7,fatuorum,,,,Clementine,VUL
20,Proverbs,15,2,Proverbs 15:2,8,ebullit,,,,Clementine,VUL
20,Proverbs,15,2,Proverbs 15:2,9,stultitiam.,,,,Clementine,VUL
20,Proverbs,15,3,Proverbs 15:3,1,In,,,,Clementine,VUL
20,Proverbs,15,3,Proverbs 15:3,2,omni,,,,Clementine,VUL
20,Proverbs,15,3,Proverbs 15:3,3,"loco,",,,,Clementine,VUL
20,Proverbs,15,3,Proverbs 15:3,4,oculi,,,,Clementine,VUL
20,Proverbs,15,3,Proverbs 15:3,5,Domini,,,,Clementine,VUL
20,Proverbs,15,3,Proverbs 15:3,6,contemplantur,,,,Clementine,VUL
20,Proverbs,15,3,Proverbs 15:3,7,bonos,,,,Clementine,VUL
20,Proverbs,15,3,Proverbs 15:3,8,et,,,,Clementine,VUL
20,Proverbs,15,3,Proverbs 15:3,9,malos.,,,,Clementine,VUL
20,Proverbs,15,4,Proverbs 15:4,1,Lingua,,,,Clementine,VUL
20,Proverbs,15,4,Proverbs 15:4,2,placabilis,,,,Clementine,VUL
20,Proverbs,15,4,Proverbs 15:4,3,lignum,,,,Clementine,VUL
20,Proverbs,15,4,Proverbs 15:4,4,vitæ,,,,Clementine,VUL
20,Proverbs,15,4,Proverbs 15:4,5,;,,,,Clementine,VUL
20,Proverbs,15,4,Proverbs 15:4,6,quæ,,,,Clementine,VUL
20,Proverbs,15,4,Proverbs 15:4,7,autem,,,,Clementine,VUL
20,Proverbs,15,4,Proverbs 15:4,8,immoderata,,,,Clementine,VUL
20,Proverbs,15,4,Proverbs 15:4,9,est,,,,Clementine,VUL
20,Proverbs,15,4,Proverbs 15:4,10,conteret,,,,Clementine,VUL
20,Proverbs,15,4,Proverbs 15:4,11,spiritum.,,,,Clementine,VUL
20,Proverbs,15,5,Proverbs 15:5,1,Stultus,,,,Clementine,VUL
20,Proverbs,15,5,Proverbs 15:5,2,irridet,,,,Clementine,VUL
20,Proverbs,15,5,Proverbs 15:5,3,disciplinam,,,,Clementine,VUL
20,Proverbs,15,5,Proverbs 15:5,4,patris,,,,Clementine,VUL
20,Proverbs,15,5,Proverbs 15:5,5,sui,,,,Clementine,VUL
20,Proverbs,15,5,Proverbs 15:5,6,;,,,,Clementine,VUL
20,Proverbs,15,5,Proverbs 15:5,7,qui,,,,Clementine,VUL
20,Proverbs,15,5,Proverbs 15:5,8,autem,,,,Clementine,VUL
20,Proverbs,15,5,Proverbs 15:5,9,custodit,,,,Clementine,VUL
20,Proverbs,15,5,Proverbs 15:5,10,increpationes,,,,Clementine,VUL
20,Proverbs,15,5,Proverbs 15:5,11,astutior,,,,Clementine,VUL
20,Proverbs,15,5,Proverbs 15:5,12,fiet.,,,,Clementine,VUL
20,Proverbs,15,5,Proverbs 15:5,13,In,,,,Clementine,VUL
20,Proverbs,15,5,Proverbs 15:5,14,abundanti,,,,Clementine,VUL
20,Proverbs,15,5,Proverbs 15:5,15,justitia,,,,Clementine,VUL
20,Proverbs,15,5,Proverbs 15:5,16,virtus,,,,Clementine,VUL
20,Proverbs,15,5,Proverbs 15:5,17,maxima,,,,Clementine,VUL
20,Proverbs,15,5,Proverbs 15:5,18,est,,,,Clementine,VUL
20,Proverbs,15,5,Proverbs 15:5,19,:,,,,Clementine,VUL
20,Proverbs,15,5,Proverbs 15:5,20,cogitationes,,,,Clementine,VUL
20,Proverbs,15,5,Proverbs 15:5,21,autem,,,,Clementine,VUL
20,Proverbs,15,5,Proverbs 15:5,22,impiorum,,,,Clementine,VUL
20,Proverbs,15,5,Proverbs 15:5,23,eradicabuntur.,,,,Clementine,VUL
20,Proverbs,15,6,Proverbs 15:6,1,Domus,,,,Clementine,VUL
20,Proverbs,15,6,Proverbs 15:6,2,justi,,,,Clementine,VUL
20,Proverbs,15,6,Proverbs 15:6,3,plurima,,,,Clementine,VUL
20,Proverbs,15,6,Proverbs 15:6,4,"fortitudo,",,,,Clementine,VUL
20,Proverbs,15,6,Proverbs 15:6,5,et,,,,Clementine,VUL
20,Proverbs,15,6,Proverbs 15:6,6,in,,,,Clementine,VUL
20,Proverbs,15,6,Proverbs 15:6,7,fructibus,,,,Clementine,VUL
20,Proverbs,15,6,Proverbs 15:6,8,impii,,,,Clementine,VUL
20,Proverbs,15,6,Proverbs 15:6,9,conturbatio.,,,,Clementine,VUL
20,Proverbs,15,7,Proverbs 15:7,1,Labia,,,,Clementine,VUL
20,Proverbs,15,7,Proverbs 15:7,2,sapientium,,,,Clementine,VUL
20,Proverbs,15,7,Proverbs 15:7,3,disseminabunt,,,,Clementine,VUL
20,Proverbs,15,7,Proverbs 15:7,4,scientiam,,,,Clementine,VUL
20,Proverbs,15,7,Proverbs 15:7,5,;,,,,Clementine,VUL
20,Proverbs,15,7,Proverbs 15:7,6,cor,,,,Clementine,VUL
20,Proverbs,15,7,Proverbs 15:7,7,stultorum,,,,Clementine,VUL
20,Proverbs,15,7,Proverbs 15:7,8,dissimile,,,,Clementine,VUL
20,Proverbs,15,7,Proverbs 15:7,9,erit.,,,,Clementine,VUL
20,Proverbs,15,8,Proverbs 15:8,1,Victimæ,,,,Clementine,VUL
20,Proverbs,15,8,Proverbs 15:8,2,impiorum,,,,Clementine,VUL
20,Proverbs,15,8,Proverbs 15:8,3,abominabiles,,,,Clementine,VUL
20,Proverbs,15,8,Proverbs 15:8,4,Domino,,,,Clementine,VUL
20,Proverbs,15,8,Proverbs 15:8,5,;,,,,Clementine,VUL
20,Proverbs,15,8,Proverbs 15:8,6,vota,,,,Clementine,VUL
20,Proverbs,15,8,Proverbs 15:8,7,justorum,,,,Clementine,VUL
20,Proverbs,15,8,Proverbs 15:8,8,placabilia.,,,,Clementine,VUL
20,Proverbs,15,9,Proverbs 15:9,1,Abominatio,,,,Clementine,VUL
20,Proverbs,15,9,Proverbs 15:9,2,est,,,,Clementine,VUL
20,Proverbs,15,9,Proverbs 15:9,3,Domino,,,,Clementine,VUL
20,Proverbs,15,9,Proverbs 15:9,4,via,,,,Clementine,VUL
20,Proverbs,15,9,Proverbs 15:9,5,impii,,,,Clementine,VUL
20,Proverbs,15,9,Proverbs 15:9,6,;,,,,Clementine,VUL
20,Proverbs,15,9,Proverbs 15:9,7,qui,,,,Clementine,VUL
20,Proverbs,15,9,Proverbs 15:9,8,sequitur,,,,Clementine,VUL
20,Proverbs,15,9,Proverbs 15:9,9,justitiam,,,,Clementine,VUL
20,Proverbs,15,9,Proverbs 15:9,10,diligitur,,,,Clementine,VUL
20,Proverbs,15,9,Proverbs 15:9,11,ab,,,,Clementine,VUL
20,Proverbs,15,9,Proverbs 15:9,12,eo.,,,,Clementine,VUL
20,Proverbs,15,10,Proverbs 15:10,1,Doctrina,,,,Clementine,VUL
20,Proverbs,15,10,Proverbs 15:10,2,mala,,,,Clementine,VUL
20,Proverbs,15,10,Proverbs 15:10,3,deserenti,,,,Clementine,VUL
20,Proverbs,15,10,Proverbs 15:10,4,viam,,,,Clementine,VUL
20,Proverbs,15,10,Proverbs 15:10,5,vitæ,,,,Clementine,VUL
20,Proverbs,15,10,Proverbs 15:10,6,;,,,,Clementine,VUL
20,Proverbs,15,10,Proverbs 15:10,7,qui,,,,Clementine,VUL
20,Proverbs,15,10,Proverbs 15:10,8,increpationes,,,,Clementine,VUL
20,Proverbs,15,10,Proverbs 15:10,9,"odit,",,,,Clementine,VUL
20,Proverbs,15,10,Proverbs 15:10,10,morietur.,,,,Clementine,VUL
20,Proverbs,15,11,Proverbs 15:11,1,Infernus,,,,Clementine,VUL
20,Proverbs,15,11,Proverbs 15:11,2,et,,,,Clementine,VUL
20,Proverbs,15,11,Proverbs 15:11,3,perditio,,,,Clementine,VUL
20,Proverbs,15,11,Proverbs 15:11,4,coram,,,,Clementine,VUL
20,Proverbs,15,11,Proverbs 15:11,5,Domino,,,,Clementine,VUL
20,Proverbs,15,11,Proverbs 15:11,6,;,,,,Clementine,VUL
20,Proverbs,15,11,Proverbs 15:11,7,quanto,,,,Clementine,VUL
20,Proverbs,15,11,Proverbs 15:11,8,magis,,,,Clementine,VUL
20,Proverbs,15,11,Proverbs 15:11,9,corda,,,,Clementine,VUL
20,Proverbs,15,11,Proverbs 15:11,10,filiorum,,,,Clementine,VUL
20,Proverbs,15,11,Proverbs 15:11,11,hominum,,,,Clementine,VUL
20,Proverbs,15,11,Proverbs 15:11,12,!,,,,Clementine,VUL
20,Proverbs,15,12,Proverbs 15:12,1,Non,,,,Clementine,VUL
20,Proverbs,15,12,Proverbs 15:12,2,amat,,,,Clementine,VUL
20,Proverbs,15,12,Proverbs 15:12,3,pestilens,,,,Clementine,VUL
20,Proverbs,15,12,Proverbs 15:12,4,eum,,,,Clementine,VUL
20,Proverbs,15,12,Proverbs 15:12,5,qui,,,,Clementine,VUL
20,Proverbs,15,12,Proverbs 15:12,6,se,,,,Clementine,VUL
20,Proverbs,15,12,Proverbs 15:12,7,"corripit,",,,,Clementine,VUL
20,Proverbs,15,12,Proverbs 15:12,8,nec,,,,Clementine,VUL
20,Proverbs,15,12,Proverbs 15:12,9,ad,,,,Clementine,VUL
20,Proverbs,15,12,Proverbs 15:12,10,sapientes,,,,Clementine,VUL
20,Proverbs,15,12,Proverbs 15:12,11,graditur.,,,,Clementine,VUL
20,Proverbs,15,13,Proverbs 15:13,1,Cor,,,,Clementine,VUL
20,Proverbs,15,13,Proverbs 15:13,2,gaudens,,,,Clementine,VUL
20,Proverbs,15,13,Proverbs 15:13,3,exhilarat,,,,Clementine,VUL
20,Proverbs,15,13,Proverbs 15:13,4,faciem,,,,Clementine,VUL
20,Proverbs,15,13,Proverbs 15:13,5,;,,,,Clementine,VUL
20,Proverbs,15,13,Proverbs 15:13,6,in,,,,Clementine,VUL
20,Proverbs,15,13,Proverbs 15:13,7,mœrore,,,,Clementine,VUL
20,Proverbs,15,13,Proverbs 15:13,8,animi,,,,Clementine,VUL
20,Proverbs,15,13,Proverbs 15:13,9,dejicitur,,,,Clementine,VUL
20,Proverbs,15,13,Proverbs 15:13,10,spiritus.,,,,Clementine,VUL
20,Proverbs,15,14,Proverbs 15:14,1,Cor,,,,Clementine,VUL
20,Proverbs,15,14,Proverbs 15:14,2,sapientis,,,,Clementine,VUL
20,Proverbs,15,14,Proverbs 15:14,3,quærit,,,,Clementine,VUL
20,Proverbs,15,14,Proverbs 15:14,4,"doctrinam,",,,,Clementine,VUL
20,Proverbs,15,14,Proverbs 15:14,5,et,,,,Clementine,VUL
20,Proverbs,15,14,Proverbs 15:14,6,os,,,,Clementine,VUL
20,Proverbs,15,14,Proverbs 15:14,7,stultorum,,,,Clementine,VUL
20,Proverbs,15,14,Proverbs 15:14,8,pascitur,,,,Clementine,VUL
20,Proverbs,15,14,Proverbs 15:14,9,imperitia.,,,,Clementine,VUL
20,Proverbs,15,15,Proverbs 15:15,1,Omnes,,,,Clementine,VUL
20,Proverbs,15,15,Proverbs 15:15,2,dies,,,,Clementine,VUL
20,Proverbs,15,15,Proverbs 15:15,3,"pauperis,",,,,Clementine,VUL
20,Proverbs,15,15,Proverbs 15:15,4,mali,,,,Clementine,VUL
20,Proverbs,15,15,Proverbs 15:15,5,;,,,,Clementine,VUL
20,Proverbs,15,15,Proverbs 15:15,6,secura,,,,Clementine,VUL
20,Proverbs,15,15,Proverbs 15:15,7,mens,,,,Clementine,VUL
20,Proverbs,15,15,Proverbs 15:15,8,quasi,,,,Clementine,VUL
20,Proverbs,15,15,Proverbs 15:15,9,juge,,,,Clementine,VUL
20,Proverbs,15,15,Proverbs 15:15,10,convivium.,,,,Clementine,VUL
20,Proverbs,15,16,Proverbs 15:16,1,Melius,,,,Clementine,VUL
20,Proverbs,15,16,Proverbs 15:16,2,est,,,,Clementine,VUL
20,Proverbs,15,16,Proverbs 15:16,3,parum,,,,Clementine,VUL
20,Proverbs,15,16,Proverbs 15:16,4,cum,,,,Clementine,VUL
20,Proverbs,15,16,Proverbs 15:16,5,timore,,,,Clementine,VUL
20,Proverbs,15,16,Proverbs 15:16,6,"Domini,",,,,Clementine,VUL
20,Proverbs,15,16,Proverbs 15:16,7,quam,,,,Clementine,VUL
20,Proverbs,15,16,Proverbs 15:16,8,thesauri,,,,Clementine,VUL
20,Proverbs,15,16,Proverbs 15:16,9,magni,,,,Clementine,VUL
20,Proverbs,15,16,Proverbs 15:16,10,et,,,,Clementine,VUL
20,Proverbs,15,16,Proverbs 15:16,11,insatiabiles.,,,,Clementine,VUL
20,Proverbs,15,17,Proverbs 15:17,1,Melius,,,,Clementine,VUL
20,Proverbs,15,17,Proverbs 15:17,2,est,,,,Clementine,VUL
20,Proverbs,15,17,Proverbs 15:17,3,vocari,,,,Clementine,VUL
20,Proverbs,15,17,Proverbs 15:17,4,ad,,,,Clementine,VUL
20,Proverbs,15,17,Proverbs 15:17,5,olera,,,,Clementine,VUL
20,Proverbs,15,17,Proverbs 15:17,6,cum,,,,Clementine,VUL
20,Proverbs,15,17,Proverbs 15:17,7,"caritate,",,,,Clementine,VUL
20,Proverbs,15,17,Proverbs 15:17,8,quam,,,,Clementine,VUL
20,Proverbs,15,17,Proverbs 15:17,9,ad,,,,Clementine,VUL
20,Proverbs,15,17,Proverbs 15:17,10,vitulum,,,,Clementine,VUL
20,Proverbs,15,17,Proverbs 15:17,11,saginatum,,,,Clementine,VUL
20,Proverbs,15,17,Proverbs 15:17,12,cum,,,,Clementine,VUL
20,Proverbs,15,17,Proverbs 15:17,13,odio.,,,,Clementine,VUL
20,Proverbs,15,18,Proverbs 15:18,1,Vir,,,,Clementine,VUL
20,Proverbs,15,18,Proverbs 15:18,2,iracundus,,,,Clementine,VUL
20,Proverbs,15,18,Proverbs 15:18,3,provocat,,,,Clementine,VUL
20,Proverbs,15,18,Proverbs 15:18,4,rixas,,,,Clementine,VUL
20,Proverbs,15,18,Proverbs 15:18,5,;,,,,Clementine,VUL
20,Proverbs,15,18,Proverbs 15:18,6,qui,,,,Clementine,VUL
20,Proverbs,15,18,Proverbs 15:18,7,patiens,,,,Clementine,VUL
20,Proverbs,15,18,Proverbs 15:18,8,est,,,,Clementine,VUL
20,Proverbs,15,18,Proverbs 15:18,9,mitigat,,,,Clementine,VUL
20,Proverbs,15,18,Proverbs 15:18,10,suscitatas.,,,,Clementine,VUL
20,Proverbs,15,19,Proverbs 15:19,1,Iter,,,,Clementine,VUL
20,Proverbs,15,19,Proverbs 15:19,2,pigrorum,,,,Clementine,VUL
20,Proverbs,15,19,Proverbs 15:19,3,quasi,,,,Clementine,VUL
20,Proverbs,15,19,Proverbs 15:19,4,sepes,,,,Clementine,VUL
20,Proverbs,15,19,Proverbs 15:19,5,spinarum,,,,Clementine,VUL
20,Proverbs,15,19,Proverbs 15:19,6,;,,,,Clementine,VUL
20,Proverbs,15,19,Proverbs 15:19,7,via,,,,Clementine,VUL
20,Proverbs,15,19,Proverbs 15:19,8,justorum,,,,Clementine,VUL
20,Proverbs,15,19,Proverbs 15:19,9,absque,,,,Clementine,VUL
20,Proverbs,15,19,Proverbs 15:19,10,offendiculo.,,,,Clementine,VUL
20,Proverbs,15,20,Proverbs 15:20,1,Filius,,,,Clementine,VUL
20,Proverbs,15,20,Proverbs 15:20,2,sapiens,,,,Clementine,VUL
20,Proverbs,15,20,Proverbs 15:20,3,lætificat,,,,Clementine,VUL
20,Proverbs,15,20,Proverbs 15:20,4,"patrem,",,,,Clementine,VUL
20,Proverbs,15,20,Proverbs 15:20,5,et,,,,Clementine,VUL
20,Proverbs,15,20,Proverbs 15:20,6,stultus,,,,Clementine,VUL
20,Proverbs,15,20,Proverbs 15:20,7,homo,,,,Clementine,VUL
20,Proverbs,15,20,Proverbs 15:20,8,despicit,,,,Clementine,VUL
20,Proverbs,15,20,Proverbs 15:20,9,matrem,,,,Clementine,VUL
20,Proverbs,15,20,Proverbs 15:20,10,suam.,,,,Clementine,VUL
20,Proverbs,15,21,Proverbs 15:21,1,Stultitia,,,,Clementine,VUL
20,Proverbs,15,21,Proverbs 15:21,2,gaudium,,,,Clementine,VUL
20,Proverbs,15,21,Proverbs 15:21,3,"stulto,",,,,Clementine,VUL
20,Proverbs,15,21,Proverbs 15:21,4,et,,,,Clementine,VUL
20,Proverbs,15,21,Proverbs 15:21,5,vir,,,,Clementine,VUL
20,Proverbs,15,21,Proverbs 15:21,6,prudens,,,,Clementine,VUL
20,Proverbs,15,21,Proverbs 15:21,7,dirigit,,,,Clementine,VUL
20,Proverbs,15,21,Proverbs 15:21,8,gressus,,,,Clementine,VUL
20,Proverbs,15,21,Proverbs 15:21,9,suos.,,,,Clementine,VUL
20,Proverbs,15,22,Proverbs 15:22,1,Dissipantur,,,,Clementine,VUL
20,Proverbs,15,22,Proverbs 15:22,2,cogitationes,,,,Clementine,VUL
20,Proverbs,15,22,Proverbs 15:22,3,ubi,,,,Clementine,VUL
20,Proverbs,15,22,Proverbs 15:22,4,non,,,,Clementine,VUL
20,Proverbs,15,22,Proverbs 15:22,5,est,,,,Clementine,VUL
20,Proverbs,15,22,Proverbs 15:22,6,consilium,,,,Clementine,VUL
20,Proverbs,15,22,Proverbs 15:22,7,;,,,,Clementine,VUL
20,Proverbs,15,22,Proverbs 15:22,8,ubi,,,,Clementine,VUL
20,Proverbs,15,22,Proverbs 15:22,9,vero,,,,Clementine,VUL
20,Proverbs,15,22,Proverbs 15:22,10,sunt,,,,Clementine,VUL
20,Proverbs,15,22,Proverbs 15:22,11,plures,,,,Clementine,VUL
20,Proverbs,15,22,Proverbs 15:22,12,"consiliarii,",,,,Clementine,VUL
20,Proverbs,15,22,Proverbs 15:22,13,confirmantur.,,,,Clementine,VUL
20,Proverbs,15,23,Proverbs 15:23,1,Lætatur,,,,Clementine,VUL
20,Proverbs,15,23,Proverbs 15:23,2,homo,,,,Clementine,VUL
20,Proverbs,15,23,Proverbs 15:23,3,in,,,,Clementine,VUL
20,Proverbs,15,23,Proverbs 15:23,4,sententia,,,,Clementine,VUL
20,Proverbs,15,23,Proverbs 15:23,5,oris,,,,Clementine,VUL
20,Proverbs,15,23,Proverbs 15:23,6,"sui,",,,,Clementine,VUL
20,Proverbs,15,23,Proverbs 15:23,7,et,,,,Clementine,VUL
20,Proverbs,15,23,Proverbs 15:23,8,sermo,,,,Clementine,VUL
20,Proverbs,15,23,Proverbs 15:23,9,opportunus,,,,Clementine,VUL
20,Proverbs,15,23,Proverbs 15:23,10,est,,,,Clementine,VUL
20,Proverbs,15,23,Proverbs 15:23,11,optimus.,,,,Clementine,VUL
20,Proverbs,15,24,Proverbs 15:24,1,Semita,,,,Clementine,VUL
20,Proverbs,15,24,Proverbs 15:24,2,vitæ,,,,Clementine,VUL
20,Proverbs,15,24,Proverbs 15:24,3,super,,,,Clementine,VUL
20,Proverbs,15,24,Proverbs 15:24,4,"eruditum,",,,,Clementine,VUL
20,Proverbs,15,24,Proverbs 15:24,5,ut,,,,Clementine,VUL
20,Proverbs,15,24,Proverbs 15:24,6,declinet,,,,Clementine,VUL
20,Proverbs,15,24,Proverbs 15:24,7,de,,,,Clementine,VUL
20,Proverbs,15,24,Proverbs 15:24,8,inferno,,,,Clementine,VUL
20,Proverbs,15,24,Proverbs 15:24,9,novissimo.,,,,Clementine,VUL
20,Proverbs,15,25,Proverbs 15:25,1,Domum,,,,Clementine,VUL
20,Proverbs,15,25,Proverbs 15:25,2,superborum,,,,Clementine,VUL
20,Proverbs,15,25,Proverbs 15:25,3,demolietur,,,,Clementine,VUL
20,Proverbs,15,25,Proverbs 15:25,4,"Dominus,",,,,Clementine,VUL
20,Proverbs,15,25,Proverbs 15:25,5,et,,,,Clementine,VUL
20,Proverbs,15,25,Proverbs 15:25,6,firmos,,,,Clementine,VUL
20,Proverbs,15,25,Proverbs 15:25,7,faciet,,,,Clementine,VUL
20,Proverbs,15,25,Proverbs 15:25,8,terminos,,,,Clementine,VUL
20,Proverbs,15,25,Proverbs 15:25,9,viduæ.,,,,Clementine,VUL
20,Proverbs,15,26,Proverbs 15:26,1,Abominatio,,,,Clementine,VUL
20,Proverbs,15,26,Proverbs 15:26,2,Domini,,,,Clementine,VUL
20,Proverbs,15,26,Proverbs 15:26,3,cogitationes,,,,Clementine,VUL
20,Proverbs,15,26,Proverbs 15:26,4,"malæ,",,,,Clementine,VUL
20,Proverbs,15,26,Proverbs 15:26,5,et,,,,Clementine,VUL
20,Proverbs,15,26,Proverbs 15:26,6,purus,,,,Clementine,VUL
20,Proverbs,15,26,Proverbs 15:26,7,sermo,,,,Clementine,VUL
20,Proverbs,15,26,Proverbs 15:26,8,pulcherrimus,,,,Clementine,VUL
20,Proverbs,15,26,Proverbs 15:26,9,firmabitur,,,,Clementine,VUL
20,Proverbs,15,26,Proverbs 15:26,10,ab,,,,Clementine,VUL
20,Proverbs,15,26,Proverbs 15:26,11,eo.,,,,Clementine,VUL
20,Proverbs,15,27,Proverbs 15:27,1,Conturbat,,,,Clementine,VUL
20,Proverbs,15,27,Proverbs 15:27,2,domum,,,,Clementine,VUL
20,Proverbs,15,27,Proverbs 15:27,3,suam,,,,Clementine,VUL
20,Proverbs,15,27,Proverbs 15:27,4,qui,,,,Clementine,VUL
20,Proverbs,15,27,Proverbs 15:27,5,sectatur,,,,Clementine,VUL
20,Proverbs,15,27,Proverbs 15:27,6,avaritiam,,,,Clementine,VUL
20,Proverbs,15,27,Proverbs 15:27,7,;,,,,Clementine,VUL
20,Proverbs,15,27,Proverbs 15:27,8,qui,,,,Clementine,VUL
20,Proverbs,15,27,Proverbs 15:27,9,autem,,,,Clementine,VUL
20,Proverbs,15,27,Proverbs 15:27,10,odit,,,,Clementine,VUL
20,Proverbs,15,27,Proverbs 15:27,11,"munera,",,,,Clementine,VUL
20,Proverbs,15,27,Proverbs 15:27,12,vivet.,,,,Clementine,VUL
20,Proverbs,15,27,Proverbs 15:27,13,Per,,,,Clementine,VUL
20,Proverbs,15,27,Proverbs 15:27,14,misericordiam,,,,Clementine,VUL
20,Proverbs,15,27,Proverbs 15:27,15,et,,,,Clementine,VUL
20,Proverbs,15,27,Proverbs 15:27,16,fidem,,,,Clementine,VUL
20,Proverbs,15,27,Proverbs 15:27,17,purgantur,,,,Clementine,VUL
20,Proverbs,15,27,Proverbs 15:27,18,peccata,,,,Clementine,VUL
20,Proverbs,15,27,Proverbs 15:27,19,:,,,,Clementine,VUL
20,Proverbs,15,27,Proverbs 15:27,20,per,,,,Clementine,VUL
20,Proverbs,15,27,Proverbs 15:27,21,timorem,,,,Clementine,VUL
20,Proverbs,15,27,Proverbs 15:27,22,autem,,,,Clementine,VUL
20,Proverbs,15,27,Proverbs 15:27,23,Domini,,,,Clementine,VUL
20,Proverbs,15,27,Proverbs 15:27,24,declinat,,,,Clementine,VUL
20,Proverbs,15,27,Proverbs 15:27,25,omnis,,,,Clementine,VUL
20,Proverbs,15,27,Proverbs 15:27,26,a,,,,Clementine,VUL
20,Proverbs,15,27,Proverbs 15:27,27,malo.,,,,Clementine,VUL
20,Proverbs,15,28,Proverbs 15:28,1,Mens,,,,Clementine,VUL
20,Proverbs,15,28,Proverbs 15:28,2,justi,,,,Clementine,VUL
20,Proverbs,15,28,Proverbs 15:28,3,meditatur,,,,Clementine,VUL
20,Proverbs,15,28,Proverbs 15:28,4,obedientiam,,,,Clementine,VUL
20,Proverbs,15,28,Proverbs 15:28,5,;,,,,Clementine,VUL
20,Proverbs,15,28,Proverbs 15:28,6,os,,,,Clementine,VUL
20,Proverbs,15,28,Proverbs 15:28,7,impiorum,,,,Clementine,VUL
20,Proverbs,15,28,Proverbs 15:28,8,redundat,,,,Clementine,VUL
20,Proverbs,15,28,Proverbs 15:28,9,malis.,,,,Clementine,VUL
20,Proverbs,15,29,Proverbs 15:29,1,Longe,,,,Clementine,VUL
20,Proverbs,15,29,Proverbs 15:29,2,est,,,,Clementine,VUL
20,Proverbs,15,29,Proverbs 15:29,3,Dominus,,,,Clementine,VUL
20,Proverbs,15,29,Proverbs 15:29,4,ab,,,,Clementine,VUL
20,Proverbs,15,29,Proverbs 15:29,5,"impiis,",,,,Clementine,VUL
20,Proverbs,15,29,Proverbs 15:29,6,et,,,,Clementine,VUL
20,Proverbs,15,29,Proverbs 15:29,7,orationes,,,,Clementine,VUL
20,Proverbs,15,29,Proverbs 15:29,8,justorum,,,,Clementine,VUL
20,Proverbs,15,29,Proverbs 15:29,9,exaudiet.,,,,Clementine,VUL
20,Proverbs,15,30,Proverbs 15:30,1,Lux,,,,Clementine,VUL
20,Proverbs,15,30,Proverbs 15:30,2,oculorum,,,,Clementine,VUL
20,Proverbs,15,30,Proverbs 15:30,3,lætificat,,,,Clementine,VUL
20,Proverbs,15,30,Proverbs 15:30,4,animam,,,,Clementine,VUL
20,Proverbs,15,30,Proverbs 15:30,5,;,,,,Clementine,VUL
20,Proverbs,15,30,Proverbs 15:30,6,fama,,,,Clementine,VUL
20,Proverbs,15,30,Proverbs 15:30,7,bona,,,,Clementine,VUL
20,Proverbs,15,30,Proverbs 15:30,8,impinguat,,,,Clementine,VUL
20,Proverbs,15,30,Proverbs 15:30,9,ossa.,,,,Clementine,VUL
20,Proverbs,15,31,Proverbs 15:31,1,Auris,,,,Clementine,VUL
20,Proverbs,15,31,Proverbs 15:31,2,quæ,,,,Clementine,VUL
20,Proverbs,15,31,Proverbs 15:31,3,audit,,,,Clementine,VUL
20,Proverbs,15,31,Proverbs 15:31,4,increpationes,,,,Clementine,VUL
20,Proverbs,15,31,Proverbs 15:31,5,vitæ,,,,Clementine,VUL
20,Proverbs,15,31,Proverbs 15:31,6,in,,,,Clementine,VUL
20,Proverbs,15,31,Proverbs 15:31,7,medio,,,,Clementine,VUL
20,Proverbs,15,31,Proverbs 15:31,8,sapientium,,,,Clementine,VUL
20,Proverbs,15,31,Proverbs 15:31,9,commorabitur.,,,,Clementine,VUL
20,Proverbs,15,32,Proverbs 15:32,1,Qui,,,,Clementine,VUL
20,Proverbs,15,32,Proverbs 15:32,2,abjicit,,,,Clementine,VUL
20,Proverbs,15,32,Proverbs 15:32,3,disciplinam,,,,Clementine,VUL
20,Proverbs,15,32,Proverbs 15:32,4,despicit,,,,Clementine,VUL
20,Proverbs,15,32,Proverbs 15:32,5,animam,,,,Clementine,VUL
20,Proverbs,15,32,Proverbs 15:32,6,suam,,,,Clementine,VUL
20,Proverbs,15,32,Proverbs 15:32,7,;,,,,Clementine,VUL
20,Proverbs,15,32,Proverbs 15:32,8,qui,,,,Clementine,VUL
20,Proverbs,15,32,Proverbs 15:32,9,autem,,,,Clementine,VUL
20,Proverbs,15,32,Proverbs 15:32,10,acquiescit,,,,Clementine,VUL
20,Proverbs,15,32,Proverbs 15:32,11,increpationibus,,,,Clementine,VUL
20,Proverbs,15,32,Proverbs 15:32,12,possessor,,,,Clementine,VUL
20,Proverbs,15,32,Proverbs 15:32,13,est,,,,Clementine,VUL
20,Proverbs,15,32,Proverbs 15:32,14,cordis.,,,,Clementine,VUL
20,Proverbs,15,33,Proverbs 15:33,1,Timor,,,,Clementine,VUL
20,Proverbs,15,33,Proverbs 15:33,2,Domini,,,,Clementine,VUL
20,Proverbs,15,33,Proverbs 15:33,3,disciplina,,,,Clementine,VUL
20,Proverbs,15,33,Proverbs 15:33,4,"sapientiæ,",,,,Clementine,VUL
20,Proverbs,15,33,Proverbs 15:33,5,et,,,,Clementine,VUL
20,Proverbs,15,33,Proverbs 15:33,6,gloriam,,,,Clementine,VUL
20,Proverbs,15,33,Proverbs 15:33,7,præcedit,,,,Clementine,VUL
20,Proverbs,15,33,Proverbs 15:33,8,humilitas.,,,,Clementine,VUL
20,Proverbs,16,1,Proverbs 16:1,1,Hominis,,,,Clementine,VUL
20,Proverbs,16,1,Proverbs 16:1,2,est,,,,Clementine,VUL
20,Proverbs,16,1,Proverbs 16:1,3,animam,,,,Clementine,VUL
20,Proverbs,16,1,Proverbs 16:1,4,"præparare,",,,,Clementine,VUL
20,Proverbs,16,1,Proverbs 16:1,5,et,,,,Clementine,VUL
20,Proverbs,16,1,Proverbs 16:1,6,Domini,,,,Clementine,VUL
20,Proverbs,16,1,Proverbs 16:1,7,gubernare,,,,Clementine,VUL
20,Proverbs,16,1,Proverbs 16:1,8,linguam.,,,,Clementine,VUL
20,Proverbs,16,2,Proverbs 16:2,1,Omnes,,,,Clementine,VUL
20,Proverbs,16,2,Proverbs 16:2,2,viæ,,,,Clementine,VUL
20,Proverbs,16,2,Proverbs 16:2,3,hominis,,,,Clementine,VUL
20,Proverbs,16,2,Proverbs 16:2,4,patent,,,,Clementine,VUL
20,Proverbs,16,2,Proverbs 16:2,5,oculis,,,,Clementine,VUL
20,Proverbs,16,2,Proverbs 16:2,6,ejus,,,,Clementine,VUL
20,Proverbs,16,2,Proverbs 16:2,7,;,,,,Clementine,VUL
20,Proverbs,16,2,Proverbs 16:2,8,spirituum,,,,Clementine,VUL
20,Proverbs,16,2,Proverbs 16:2,9,ponderator,,,,Clementine,VUL
20,Proverbs,16,2,Proverbs 16:2,10,est,,,,Clementine,VUL
20,Proverbs,16,2,Proverbs 16:2,11,Dominus.,,,,Clementine,VUL
20,Proverbs,16,3,Proverbs 16:3,1,Revela,,,,Clementine,VUL
20,Proverbs,16,3,Proverbs 16:3,2,Domino,,,,Clementine,VUL
20,Proverbs,16,3,Proverbs 16:3,3,opera,,,,Clementine,VUL
20,Proverbs,16,3,Proverbs 16:3,4,"tua,",,,,Clementine,VUL
20,Proverbs,16,3,Proverbs 16:3,5,et,,,,Clementine,VUL
20,Proverbs,16,3,Proverbs 16:3,6,dirigentur,,,,Clementine,VUL
20,Proverbs,16,3,Proverbs 16:3,7,cogitationes,,,,Clementine,VUL
20,Proverbs,16,3,Proverbs 16:3,8,tuæ.,,,,Clementine,VUL
20,Proverbs,16,4,Proverbs 16:4,1,Universa,,,,Clementine,VUL
20,Proverbs,16,4,Proverbs 16:4,2,propter,,,,Clementine,VUL
20,Proverbs,16,4,Proverbs 16:4,3,semetipsum,,,,Clementine,VUL
20,Proverbs,16,4,Proverbs 16:4,4,operatus,,,,Clementine,VUL
20,Proverbs,16,4,Proverbs 16:4,5,est,,,,Clementine,VUL
20,Proverbs,16,4,Proverbs 16:4,6,Dominus,,,,Clementine,VUL
20,Proverbs,16,4,Proverbs 16:4,7,;,,,,Clementine,VUL
20,Proverbs,16,4,Proverbs 16:4,8,impium,,,,Clementine,VUL
20,Proverbs,16,4,Proverbs 16:4,9,quoque,,,,Clementine,VUL
20,Proverbs,16,4,Proverbs 16:4,10,ad,,,,Clementine,VUL
20,Proverbs,16,4,Proverbs 16:4,11,diem,,,,Clementine,VUL
20,Proverbs,16,4,Proverbs 16:4,12,malum.,,,,Clementine,VUL
20,Proverbs,16,5,Proverbs 16:5,1,Abominatio,,,,Clementine,VUL
20,Proverbs,16,5,Proverbs 16:5,2,Domini,,,,Clementine,VUL
20,Proverbs,16,5,Proverbs 16:5,3,est,,,,Clementine,VUL
20,Proverbs,16,5,Proverbs 16:5,4,omnis,,,,Clementine,VUL
20,Proverbs,16,5,Proverbs 16:5,5,arrogans,,,,Clementine,VUL
20,Proverbs,16,5,Proverbs 16:5,6,;,,,,Clementine,VUL
20,Proverbs,16,5,Proverbs 16:5,7,etiamsi,,,,Clementine,VUL
20,Proverbs,16,5,Proverbs 16:5,8,manus,,,,Clementine,VUL
20,Proverbs,16,5,Proverbs 16:5,9,ad,,,,Clementine,VUL
20,Proverbs,16,5,Proverbs 16:5,10,manum,,,,Clementine,VUL
20,Proverbs,16,5,Proverbs 16:5,11,"fuerit,",,,,Clementine,VUL
20,Proverbs,16,5,Proverbs 16:5,12,non,,,,Clementine,VUL
20,Proverbs,16,5,Proverbs 16:5,13,est,,,,Clementine,VUL
20,Proverbs,16,5,Proverbs 16:5,14,innocens.,,,,Clementine,VUL
20,Proverbs,16,5,Proverbs 16:5,15,Initium,,,,Clementine,VUL
20,Proverbs,16,5,Proverbs 16:5,16,viæ,,,,Clementine,VUL
20,Proverbs,16,5,Proverbs 16:5,17,bonæ,,,,Clementine,VUL
20,Proverbs,16,5,Proverbs 16:5,18,facere,,,,Clementine,VUL
20,Proverbs,16,5,Proverbs 16:5,19,justitiam,,,,Clementine,VUL
20,Proverbs,16,5,Proverbs 16:5,20,;,,,,Clementine,VUL
20,Proverbs,16,5,Proverbs 16:5,21,accepta,,,,Clementine,VUL
20,Proverbs,16,5,Proverbs 16:5,22,est,,,,Clementine,VUL
20,Proverbs,16,5,Proverbs 16:5,23,autem,,,,Clementine,VUL
20,Proverbs,16,5,Proverbs 16:5,24,apud,,,,Clementine,VUL
20,Proverbs,16,5,Proverbs 16:5,25,Deum,,,,Clementine,VUL
20,Proverbs,16,5,Proverbs 16:5,26,magis,,,,Clementine,VUL
20,Proverbs,16,5,Proverbs 16:5,27,quam,,,,Clementine,VUL
20,Proverbs,16,5,Proverbs 16:5,28,immolare,,,,Clementine,VUL
20,Proverbs,16,5,Proverbs 16:5,29,hostias.,,,,Clementine,VUL
20,Proverbs,16,6,Proverbs 16:6,1,Misericordia,,,,Clementine,VUL
20,Proverbs,16,6,Proverbs 16:6,2,et,,,,Clementine,VUL
20,Proverbs,16,6,Proverbs 16:6,3,veritate,,,,Clementine,VUL
20,Proverbs,16,6,Proverbs 16:6,4,redimitur,,,,Clementine,VUL
20,Proverbs,16,6,Proverbs 16:6,5,"iniquitas,",,,,Clementine,VUL
20,Proverbs,16,6,Proverbs 16:6,6,et,,,,Clementine,VUL
20,Proverbs,16,6,Proverbs 16:6,7,in,,,,Clementine,VUL
20,Proverbs,16,6,Proverbs 16:6,8,timore,,,,Clementine,VUL
20,Proverbs,16,6,Proverbs 16:6,9,Domini,,,,Clementine,VUL
20,Proverbs,16,6,Proverbs 16:6,10,declinatur,,,,Clementine,VUL
20,Proverbs,16,6,Proverbs 16:6,11,a,,,,Clementine,VUL
20,Proverbs,16,6,Proverbs 16:6,12,malo.,,,,Clementine,VUL
20,Proverbs,16,7,Proverbs 16:7,1,Cum,,,,Clementine,VUL
20,Proverbs,16,7,Proverbs 16:7,2,placuerint,,,,Clementine,VUL
20,Proverbs,16,7,Proverbs 16:7,3,Domino,,,,Clementine,VUL
20,Proverbs,16,7,Proverbs 16:7,4,viæ,,,,Clementine,VUL
20,Proverbs,16,7,Proverbs 16:7,5,"hominis,",,,,Clementine,VUL
20,Proverbs,16,7,Proverbs 16:7,6,inimicos,,,,Clementine,VUL
20,Proverbs,16,7,Proverbs 16:7,7,quoque,,,,Clementine,VUL
20,Proverbs,16,7,Proverbs 16:7,8,ejus,,,,Clementine,VUL
20,Proverbs,16,7,Proverbs 16:7,9,convertet,,,,Clementine,VUL
20,Proverbs,16,7,Proverbs 16:7,10,ad,,,,Clementine,VUL
20,Proverbs,16,7,Proverbs 16:7,11,pacem.,,,,Clementine,VUL
20,Proverbs,16,8,Proverbs 16:8,1,Melius,,,,Clementine,VUL
20,Proverbs,16,8,Proverbs 16:8,2,est,,,,Clementine,VUL
20,Proverbs,16,8,Proverbs 16:8,3,parum,,,,Clementine,VUL
20,Proverbs,16,8,Proverbs 16:8,4,cum,,,,Clementine,VUL
20,Proverbs,16,8,Proverbs 16:8,5,justitia,,,,Clementine,VUL
20,Proverbs,16,8,Proverbs 16:8,6,quam,,,,Clementine,VUL
20,Proverbs,16,8,Proverbs 16:8,7,multi,,,,Clementine,VUL
20,Proverbs,16,8,Proverbs 16:8,8,fructus,,,,Clementine,VUL
20,Proverbs,16,8,Proverbs 16:8,9,cum,,,,Clementine,VUL
20,Proverbs,16,8,Proverbs 16:8,10,iniquitate.,,,,Clementine,VUL
20,Proverbs,16,9,Proverbs 16:9,1,Cor,,,,Clementine,VUL
20,Proverbs,16,9,Proverbs 16:9,2,hominis,,,,Clementine,VUL
20,Proverbs,16,9,Proverbs 16:9,3,disponit,,,,Clementine,VUL
20,Proverbs,16,9,Proverbs 16:9,4,viam,,,,Clementine,VUL
20,Proverbs,16,9,Proverbs 16:9,5,"suam,",,,,Clementine,VUL
20,Proverbs,16,9,Proverbs 16:9,6,sed,,,,Clementine,VUL
20,Proverbs,16,9,Proverbs 16:9,7,Domini,,,,Clementine,VUL
20,Proverbs,16,9,Proverbs 16:9,8,est,,,,Clementine,VUL
20,Proverbs,16,9,Proverbs 16:9,9,dirigere,,,,Clementine,VUL
20,Proverbs,16,9,Proverbs 16:9,10,gressus,,,,Clementine,VUL
20,Proverbs,16,9,Proverbs 16:9,11,ejus.,,,,Clementine,VUL
20,Proverbs,16,10,Proverbs 16:10,1,Divinatio,,,,Clementine,VUL
20,Proverbs,16,10,Proverbs 16:10,2,in,,,,Clementine,VUL
20,Proverbs,16,10,Proverbs 16:10,3,labiis,,,,Clementine,VUL
20,Proverbs,16,10,Proverbs 16:10,4,regis,,,,Clementine,VUL
20,Proverbs,16,10,Proverbs 16:10,5,;,,,,Clementine,VUL
20,Proverbs,16,10,Proverbs 16:10,6,in,,,,Clementine,VUL
20,Proverbs,16,10,Proverbs 16:10,7,judicio,,,,Clementine,VUL
20,Proverbs,16,10,Proverbs 16:10,8,non,,,,Clementine,VUL
20,Proverbs,16,10,Proverbs 16:10,9,errabit,,,,Clementine,VUL
20,Proverbs,16,10,Proverbs 16:10,10,os,,,,Clementine,VUL
20,Proverbs,16,10,Proverbs 16:10,11,ejus.,,,,Clementine,VUL
20,Proverbs,16,11,Proverbs 16:11,1,Pondus,,,,Clementine,VUL
20,Proverbs,16,11,Proverbs 16:11,2,et,,,,Clementine,VUL
20,Proverbs,16,11,Proverbs 16:11,3,statera,,,,Clementine,VUL
20,Proverbs,16,11,Proverbs 16:11,4,judicia,,,,Clementine,VUL
20,Proverbs,16,11,Proverbs 16:11,5,Domini,,,,Clementine,VUL
20,Proverbs,16,11,Proverbs 16:11,6,"sunt,",,,,Clementine,VUL
20,Proverbs,16,11,Proverbs 16:11,7,et,,,,Clementine,VUL
20,Proverbs,16,11,Proverbs 16:11,8,opera,,,,Clementine,VUL
20,Proverbs,16,11,Proverbs 16:11,9,ejus,,,,Clementine,VUL
20,Proverbs,16,11,Proverbs 16:11,10,omnes,,,,Clementine,VUL
20,Proverbs,16,11,Proverbs 16:11,11,lapides,,,,Clementine,VUL
20,Proverbs,16,11,Proverbs 16:11,12,sacculi.,,,,Clementine,VUL
20,Proverbs,16,12,Proverbs 16:12,1,Abominabiles,,,,Clementine,VUL
20,Proverbs,16,12,Proverbs 16:12,2,regi,,,,Clementine,VUL
20,Proverbs,16,12,Proverbs 16:12,3,qui,,,,Clementine,VUL
20,Proverbs,16,12,Proverbs 16:12,4,agunt,,,,Clementine,VUL
20,Proverbs,16,12,Proverbs 16:12,5,"impie,",,,,Clementine,VUL
20,Proverbs,16,12,Proverbs 16:12,6,quoniam,,,,Clementine,VUL
20,Proverbs,16,12,Proverbs 16:12,7,justitia,,,,Clementine,VUL
20,Proverbs,16,12,Proverbs 16:12,8,firmatur,,,,Clementine,VUL
20,Proverbs,16,12,Proverbs 16:12,9,solium.,,,,Clementine,VUL
20,Proverbs,16,13,Proverbs 16:13,1,Voluntas,,,,Clementine,VUL
20,Proverbs,16,13,Proverbs 16:13,2,regum,,,,Clementine,VUL
20,Proverbs,16,13,Proverbs 16:13,3,labia,,,,Clementine,VUL
20,Proverbs,16,13,Proverbs 16:13,4,justa,,,,Clementine,VUL
20,Proverbs,16,13,Proverbs 16:13,5,;,,,,Clementine,VUL
20,Proverbs,16,13,Proverbs 16:13,6,qui,,,,Clementine,VUL
20,Proverbs,16,13,Proverbs 16:13,7,recta,,,,Clementine,VUL
20,Proverbs,16,13,Proverbs 16:13,8,loquitur,,,,Clementine,VUL
20,Proverbs,16,13,Proverbs 16:13,9,diligetur.,,,,Clementine,VUL
20,Proverbs,16,14,Proverbs 16:14,1,Indignatio,,,,Clementine,VUL
20,Proverbs,16,14,Proverbs 16:14,2,regis,,,,Clementine,VUL
20,Proverbs,16,14,Proverbs 16:14,3,nuntii,,,,Clementine,VUL
20,Proverbs,16,14,Proverbs 16:14,4,"mortis,",,,,Clementine,VUL
20,Proverbs,16,14,Proverbs 16:14,5,et,,,,Clementine,VUL
20,Proverbs,16,14,Proverbs 16:14,6,vir,,,,Clementine,VUL
20,Proverbs,16,14,Proverbs 16:14,7,sapiens,,,,Clementine,VUL
20,Proverbs,16,14,Proverbs 16:14,8,placabit,,,,Clementine,VUL
20,Proverbs,16,14,Proverbs 16:14,9,eam.,,,,Clementine,VUL
20,Proverbs,16,15,Proverbs 16:15,1,In,,,,Clementine,VUL
20,Proverbs,16,15,Proverbs 16:15,2,hilaritate,,,,Clementine,VUL
20,Proverbs,16,15,Proverbs 16:15,3,vultus,,,,Clementine,VUL
20,Proverbs,16,15,Proverbs 16:15,4,regis,,,,Clementine,VUL
20,Proverbs,16,15,Proverbs 16:15,5,"vita,",,,,Clementine,VUL
20,Proverbs,16,15,Proverbs 16:15,6,et,,,,Clementine,VUL
20,Proverbs,16,15,Proverbs 16:15,7,clementia,,,,Clementine,VUL
20,Proverbs,16,15,Proverbs 16:15,8,ejus,,,,Clementine,VUL
20,Proverbs,16,15,Proverbs 16:15,9,quasi,,,,Clementine,VUL
20,Proverbs,16,15,Proverbs 16:15,10,imber,,,,Clementine,VUL
20,Proverbs,16,15,Proverbs 16:15,11,serotinus.,,,,Clementine,VUL
20,Proverbs,16,16,Proverbs 16:16,1,Posside,,,,Clementine,VUL
20,Proverbs,16,16,Proverbs 16:16,2,"sapientiam,",,,,Clementine,VUL
20,Proverbs,16,16,Proverbs 16:16,3,quia,,,,Clementine,VUL
20,Proverbs,16,16,Proverbs 16:16,4,auro,,,,Clementine,VUL
20,Proverbs,16,16,Proverbs 16:16,5,melior,,,,Clementine,VUL
20,Proverbs,16,16,Proverbs 16:16,6,"est,",,,,Clementine,VUL
20,Proverbs,16,16,Proverbs 16:16,7,et,,,,Clementine,VUL
20,Proverbs,16,16,Proverbs 16:16,8,acquire,,,,Clementine,VUL
20,Proverbs,16,16,Proverbs 16:16,9,"prudentiam,",,,,Clementine,VUL
20,Proverbs,16,16,Proverbs 16:16,10,quia,,,,Clementine,VUL
20,Proverbs,16,16,Proverbs 16:16,11,pretiosior,,,,Clementine,VUL
20,Proverbs,16,16,Proverbs 16:16,12,est,,,,Clementine,VUL
20,Proverbs,16,16,Proverbs 16:16,13,argento.,,,,Clementine,VUL
20,Proverbs,16,17,Proverbs 16:17,1,Semita,,,,Clementine,VUL
20,Proverbs,16,17,Proverbs 16:17,2,justorum,,,,Clementine,VUL
20,Proverbs,16,17,Proverbs 16:17,3,declinat,,,,Clementine,VUL
20,Proverbs,16,17,Proverbs 16:17,4,mala,,,,Clementine,VUL
20,Proverbs,16,17,Proverbs 16:17,5,;,,,,Clementine,VUL
20,Proverbs,16,17,Proverbs 16:17,6,custos,,,,Clementine,VUL
20,Proverbs,16,17,Proverbs 16:17,7,animæ,,,,Clementine,VUL
20,Proverbs,16,17,Proverbs 16:17,8,suæ,,,,Clementine,VUL
20,Proverbs,16,17,Proverbs 16:17,9,servat,,,,Clementine,VUL
20,Proverbs,16,17,Proverbs 16:17,10,viam,,,,Clementine,VUL
20,Proverbs,16,17,Proverbs 16:17,11,suam.,,,,Clementine,VUL
20,Proverbs,16,18,Proverbs 16:18,1,Contritionem,,,,Clementine,VUL
20,Proverbs,16,18,Proverbs 16:18,2,præcedit,,,,Clementine,VUL
20,Proverbs,16,18,Proverbs 16:18,3,"superbia,",,,,Clementine,VUL
20,Proverbs,16,18,Proverbs 16:18,4,et,,,,Clementine,VUL
20,Proverbs,16,18,Proverbs 16:18,5,ante,,,,Clementine,VUL
20,Proverbs,16,18,Proverbs 16:18,6,ruinam,,,,Clementine,VUL
20,Proverbs,16,18,Proverbs 16:18,7,exaltatur,,,,Clementine,VUL
20,Proverbs,16,18,Proverbs 16:18,8,spiritus.,,,,Clementine,VUL
20,Proverbs,16,19,Proverbs 16:19,1,Melius,,,,Clementine,VUL
20,Proverbs,16,19,Proverbs 16:19,2,est,,,,Clementine,VUL
20,Proverbs,16,19,Proverbs 16:19,3,humiliari,,,,Clementine,VUL
20,Proverbs,16,19,Proverbs 16:19,4,cum,,,,Clementine,VUL
20,Proverbs,16,19,Proverbs 16:19,5,mitibus,,,,Clementine,VUL
20,Proverbs,16,19,Proverbs 16:19,6,quam,,,,Clementine,VUL
20,Proverbs,16,19,Proverbs 16:19,7,dividere,,,,Clementine,VUL
20,Proverbs,16,19,Proverbs 16:19,8,spolia,,,,Clementine,VUL
20,Proverbs,16,19,Proverbs 16:19,9,cum,,,,Clementine,VUL
20,Proverbs,16,19,Proverbs 16:19,10,superbis.,,,,Clementine,VUL
20,Proverbs,16,20,Proverbs 16:20,1,Eruditus,,,,Clementine,VUL
20,Proverbs,16,20,Proverbs 16:20,2,in,,,,Clementine,VUL
20,Proverbs,16,20,Proverbs 16:20,3,verbo,,,,Clementine,VUL
20,Proverbs,16,20,Proverbs 16:20,4,reperiet,,,,Clementine,VUL
20,Proverbs,16,20,Proverbs 16:20,5,"bona,",,,,Clementine,VUL
20,Proverbs,16,20,Proverbs 16:20,6,et,,,,Clementine,VUL
20,Proverbs,16,20,Proverbs 16:20,7,qui,,,,Clementine,VUL
20,Proverbs,16,20,Proverbs 16:20,8,sperat,,,,Clementine,VUL
20,Proverbs,16,20,Proverbs 16:20,9,in,,,,Clementine,VUL
20,Proverbs,16,20,Proverbs 16:20,10,Domino,,,,Clementine,VUL
20,Proverbs,16,20,Proverbs 16:20,11,beatus,,,,Clementine,VUL
20,Proverbs,16,20,Proverbs 16:20,12,est.,,,,Clementine,VUL
20,Proverbs,16,21,Proverbs 16:21,1,Qui,,,,Clementine,VUL
20,Proverbs,16,21,Proverbs 16:21,2,sapiens,,,,Clementine,VUL
20,Proverbs,16,21,Proverbs 16:21,3,est,,,,Clementine,VUL
20,Proverbs,16,21,Proverbs 16:21,4,corde,,,,Clementine,VUL
20,Proverbs,16,21,Proverbs 16:21,5,appellabitur,,,,Clementine,VUL
20,Proverbs,16,21,Proverbs 16:21,6,"prudens,",,,,Clementine,VUL
20,Proverbs,16,21,Proverbs 16:21,7,et,,,,Clementine,VUL
20,Proverbs,16,21,Proverbs 16:21,8,qui,,,,Clementine,VUL
20,Proverbs,16,21,Proverbs 16:21,9,dulcis,,,,Clementine,VUL
20,Proverbs,16,21,Proverbs 16:21,10,eloquio,,,,Clementine,VUL
20,Proverbs,16,21,Proverbs 16:21,11,majora,,,,Clementine,VUL
20,Proverbs,16,21,Proverbs 16:21,12,percipiet.,,,,Clementine,VUL
20,Proverbs,16,22,Proverbs 16:22,1,Fons,,,,Clementine,VUL
20,Proverbs,16,22,Proverbs 16:22,2,vitæ,,,,Clementine,VUL
20,Proverbs,16,22,Proverbs 16:22,3,eruditio,,,,Clementine,VUL
20,Proverbs,16,22,Proverbs 16:22,4,possidentis,,,,Clementine,VUL
20,Proverbs,16,22,Proverbs 16:22,5,;,,,,Clementine,VUL
20,Proverbs,16,22,Proverbs 16:22,6,doctrina,,,,Clementine,VUL
20,Proverbs,16,22,Proverbs 16:22,7,stultorum,,,,Clementine,VUL
20,Proverbs,16,22,Proverbs 16:22,8,fatuitas.,,,,Clementine,VUL
20,Proverbs,16,23,Proverbs 16:23,1,Cor,,,,Clementine,VUL
20,Proverbs,16,23,Proverbs 16:23,2,sapientis,,,,Clementine,VUL
20,Proverbs,16,23,Proverbs 16:23,3,erudiet,,,,Clementine,VUL
20,Proverbs,16,23,Proverbs 16:23,4,os,,,,Clementine,VUL
20,Proverbs,16,23,Proverbs 16:23,5,"ejus,",,,,Clementine,VUL
20,Proverbs,16,23,Proverbs 16:23,6,et,,,,Clementine,VUL
20,Proverbs,16,23,Proverbs 16:23,7,labiis,,,,Clementine,VUL
20,Proverbs,16,23,Proverbs 16:23,8,ejus,,,,Clementine,VUL
20,Proverbs,16,23,Proverbs 16:23,9,addet,,,,Clementine,VUL
20,Proverbs,16,23,Proverbs 16:23,10,gratiam.,,,,Clementine,VUL
20,Proverbs,16,24,Proverbs 16:24,1,Favus,,,,Clementine,VUL
20,Proverbs,16,24,Proverbs 16:24,2,mellis,,,,Clementine,VUL
20,Proverbs,16,24,Proverbs 16:24,3,composita,,,,Clementine,VUL
20,Proverbs,16,24,Proverbs 16:24,4,verba,,,,Clementine,VUL
20,Proverbs,16,24,Proverbs 16:24,5,;,,,,Clementine,VUL
20,Proverbs,16,24,Proverbs 16:24,6,dulcedo,,,,Clementine,VUL
20,Proverbs,16,24,Proverbs 16:24,7,animæ,,,,Clementine,VUL
20,Proverbs,16,24,Proverbs 16:24,8,sanitas,,,,Clementine,VUL
20,Proverbs,16,24,Proverbs 16:24,9,ossium.,,,,Clementine,VUL
20,Proverbs,16,25,Proverbs 16:25,1,Est,,,,Clementine,VUL
20,Proverbs,16,25,Proverbs 16:25,2,via,,,,Clementine,VUL
20,Proverbs,16,25,Proverbs 16:25,3,quæ,,,,Clementine,VUL
20,Proverbs,16,25,Proverbs 16:25,4,videtur,,,,Clementine,VUL
20,Proverbs,16,25,Proverbs 16:25,5,homini,,,,Clementine,VUL
20,Proverbs,16,25,Proverbs 16:25,6,"recta,",,,,Clementine,VUL
20,Proverbs,16,25,Proverbs 16:25,7,et,,,,Clementine,VUL
20,Proverbs,16,25,Proverbs 16:25,8,novissima,,,,Clementine,VUL
20,Proverbs,16,25,Proverbs 16:25,9,ejus,,,,Clementine,VUL
20,Proverbs,16,25,Proverbs 16:25,10,ducunt,,,,Clementine,VUL
20,Proverbs,16,25,Proverbs 16:25,11,ad,,,,Clementine,VUL
20,Proverbs,16,25,Proverbs 16:25,12,mortem.,,,,Clementine,VUL
20,Proverbs,16,26,Proverbs 16:26,1,Anima,,,,Clementine,VUL
20,Proverbs,16,26,Proverbs 16:26,2,laborantis,,,,Clementine,VUL
20,Proverbs,16,26,Proverbs 16:26,3,laborat,,,,Clementine,VUL
20,Proverbs,16,26,Proverbs 16:26,4,"sibi,",,,,Clementine,VUL
20,Proverbs,16,26,Proverbs 16:26,5,quia,,,,Clementine,VUL
20,Proverbs,16,26,Proverbs 16:26,6,compulit,,,,Clementine,VUL
20,Proverbs,16,26,Proverbs 16:26,7,eum,,,,Clementine,VUL
20,Proverbs,16,26,Proverbs 16:26,8,os,,,,Clementine,VUL
20,Proverbs,16,26,Proverbs 16:26,9,suum.,,,,Clementine,VUL
20,Proverbs,16,27,Proverbs 16:27,1,Vir,,,,Clementine,VUL
20,Proverbs,16,27,Proverbs 16:27,2,impius,,,,Clementine,VUL
20,Proverbs,16,27,Proverbs 16:27,3,fodit,,,,Clementine,VUL
20,Proverbs,16,27,Proverbs 16:27,4,"malum,",,,,Clementine,VUL
20,Proverbs,16,27,Proverbs 16:27,5,et,,,,Clementine,VUL
20,Proverbs,16,27,Proverbs 16:27,6,in,,,,Clementine,VUL
20,Proverbs,16,27,Proverbs 16:27,7,labiis,,,,Clementine,VUL
20,Proverbs,16,27,Proverbs 16:27,8,ejus,,,,Clementine,VUL
20,Proverbs,16,27,Proverbs 16:27,9,ignis,,,,Clementine,VUL
20,Proverbs,16,27,Proverbs 16:27,10,ardescit.,,,,Clementine,VUL
20,Proverbs,16,28,Proverbs 16:28,1,Homo,,,,Clementine,VUL
20,Proverbs,16,28,Proverbs 16:28,2,perversus,,,,Clementine,VUL
20,Proverbs,16,28,Proverbs 16:28,3,suscitat,,,,Clementine,VUL
20,Proverbs,16,28,Proverbs 16:28,4,"lites,",,,,Clementine,VUL
20,Proverbs,16,28,Proverbs 16:28,5,et,,,,Clementine,VUL
20,Proverbs,16,28,Proverbs 16:28,6,verbosus,,,,Clementine,VUL
20,Proverbs,16,28,Proverbs 16:28,7,separat,,,,Clementine,VUL
20,Proverbs,16,28,Proverbs 16:28,8,principes.,,,,Clementine,VUL
20,Proverbs,16,29,Proverbs 16:29,1,Vir,,,,Clementine,VUL
20,Proverbs,16,29,Proverbs 16:29,2,iniquus,,,,Clementine,VUL
20,Proverbs,16,29,Proverbs 16:29,3,lactat,,,,Clementine,VUL
20,Proverbs,16,29,Proverbs 16:29,4,amicum,,,,Clementine,VUL
20,Proverbs,16,29,Proverbs 16:29,5,"suum,",,,,Clementine,VUL
20,Proverbs,16,29,Proverbs 16:29,6,et,,,,Clementine,VUL
20,Proverbs,16,29,Proverbs 16:29,7,ducit,,,,Clementine,VUL
20,Proverbs,16,29,Proverbs 16:29,8,eum,,,,Clementine,VUL
20,Proverbs,16,29,Proverbs 16:29,9,per,,,,Clementine,VUL
20,Proverbs,16,29,Proverbs 16:29,10,viam,,,,Clementine,VUL
20,Proverbs,16,29,Proverbs 16:29,11,non,,,,Clementine,VUL
20,Proverbs,16,29,Proverbs 16:29,12,bonam.,,,,Clementine,VUL
20,Proverbs,16,30,Proverbs 16:30,1,Qui,,,,Clementine,VUL
20,Proverbs,16,30,Proverbs 16:30,2,attonitis,,,,Clementine,VUL
20,Proverbs,16,30,Proverbs 16:30,3,oculis,,,,Clementine,VUL
20,Proverbs,16,30,Proverbs 16:30,4,cogitat,,,,Clementine,VUL
20,Proverbs,16,30,Proverbs 16:30,5,"prava,",,,,Clementine,VUL
20,Proverbs,16,30,Proverbs 16:30,6,mordens,,,,Clementine,VUL
20,Proverbs,16,30,Proverbs 16:30,7,labia,,,,Clementine,VUL
20,Proverbs,16,30,Proverbs 16:30,8,sua,,,,Clementine,VUL
20,Proverbs,16,30,Proverbs 16:30,9,perficit,,,,Clementine,VUL
20,Proverbs,16,30,Proverbs 16:30,10,malum.,,,,Clementine,VUL
20,Proverbs,16,31,Proverbs 16:31,1,Corona,,,,Clementine,VUL
20,Proverbs,16,31,Proverbs 16:31,2,dignitatis,,,,Clementine,VUL
20,Proverbs,16,31,Proverbs 16:31,3,"senectus,",,,,Clementine,VUL
20,Proverbs,16,31,Proverbs 16:31,4,quæ,,,,Clementine,VUL
20,Proverbs,16,31,Proverbs 16:31,5,in,,,,Clementine,VUL
20,Proverbs,16,31,Proverbs 16:31,6,viis,,,,Clementine,VUL
20,Proverbs,16,31,Proverbs 16:31,7,justitiæ,,,,Clementine,VUL
20,Proverbs,16,31,Proverbs 16:31,8,reperietur.,,,,Clementine,VUL
20,Proverbs,16,32,Proverbs 16:32,1,Melior,,,,Clementine,VUL
20,Proverbs,16,32,Proverbs 16:32,2,est,,,,Clementine,VUL
20,Proverbs,16,32,Proverbs 16:32,3,patiens,,,,Clementine,VUL
20,Proverbs,16,32,Proverbs 16:32,4,viro,,,,Clementine,VUL
20,Proverbs,16,32,Proverbs 16:32,5,"forti,",,,,Clementine,VUL
20,Proverbs,16,32,Proverbs 16:32,6,et,,,,Clementine,VUL
20,Proverbs,16,32,Proverbs 16:32,7,qui,,,,Clementine,VUL
20,Proverbs,16,32,Proverbs 16:32,8,dominatur,,,,Clementine,VUL
20,Proverbs,16,32,Proverbs 16:32,9,animo,,,,Clementine,VUL
20,Proverbs,16,32,Proverbs 16:32,10,suo,,,,Clementine,VUL
20,Proverbs,16,32,Proverbs 16:32,11,expugnatore,,,,Clementine,VUL
20,Proverbs,16,32,Proverbs 16:32,12,urbium.,,,,Clementine,VUL
20,Proverbs,16,33,Proverbs 16:33,1,Sortes,,,,Clementine,VUL
20,Proverbs,16,33,Proverbs 16:33,2,mittuntur,,,,Clementine,VUL
20,Proverbs,16,33,Proverbs 16:33,3,in,,,,Clementine,VUL
20,Proverbs,16,33,Proverbs 16:33,4,"sinum,",,,,Clementine,VUL
20,Proverbs,16,33,Proverbs 16:33,5,sed,,,,Clementine,VUL
20,Proverbs,16,33,Proverbs 16:33,6,a,,,,Clementine,VUL
20,Proverbs,16,33,Proverbs 16:33,7,Domino,,,,Clementine,VUL
20,Proverbs,16,33,Proverbs 16:33,8,temperantur.,,,,Clementine,VUL
20,Proverbs,17,1,Proverbs 17:1,1,Melior,,,,Clementine,VUL
20,Proverbs,17,1,Proverbs 17:1,2,est,,,,Clementine,VUL
20,Proverbs,17,1,Proverbs 17:1,3,buccella,,,,Clementine,VUL
20,Proverbs,17,1,Proverbs 17:1,4,sicca,,,,Clementine,VUL
20,Proverbs,17,1,Proverbs 17:1,5,cum,,,,Clementine,VUL
20,Proverbs,17,1,Proverbs 17:1,6,gaudio,,,,Clementine,VUL
20,Proverbs,17,1,Proverbs 17:1,7,quam,,,,Clementine,VUL
20,Proverbs,17,1,Proverbs 17:1,8,domus,,,,Clementine,VUL
20,Proverbs,17,1,Proverbs 17:1,9,plena,,,,Clementine,VUL
20,Proverbs,17,1,Proverbs 17:1,10,victimis,,,,Clementine,VUL
20,Proverbs,17,1,Proverbs 17:1,11,cum,,,,Clementine,VUL
20,Proverbs,17,1,Proverbs 17:1,12,jurgio.,,,,Clementine,VUL
20,Proverbs,17,2,Proverbs 17:2,1,Servus,,,,Clementine,VUL
20,Proverbs,17,2,Proverbs 17:2,2,sapiens,,,,Clementine,VUL
20,Proverbs,17,2,Proverbs 17:2,3,dominabitur,,,,Clementine,VUL
20,Proverbs,17,2,Proverbs 17:2,4,filiis,,,,Clementine,VUL
20,Proverbs,17,2,Proverbs 17:2,5,"stultis,",,,,Clementine,VUL
20,Proverbs,17,2,Proverbs 17:2,6,et,,,,Clementine,VUL
20,Proverbs,17,2,Proverbs 17:2,7,inter,,,,Clementine,VUL
20,Proverbs,17,2,Proverbs 17:2,8,fratres,,,,Clementine,VUL
20,Proverbs,17,2,Proverbs 17:2,9,hæreditatem,,,,Clementine,VUL
20,Proverbs,17,2,Proverbs 17:2,10,dividet.,,,,Clementine,VUL
20,Proverbs,17,3,Proverbs 17:3,1,Sicut,,,,Clementine,VUL
20,Proverbs,17,3,Proverbs 17:3,2,igne,,,,Clementine,VUL
20,Proverbs,17,3,Proverbs 17:3,3,probatur,,,,Clementine,VUL
20,Proverbs,17,3,Proverbs 17:3,4,argentum,,,,Clementine,VUL
20,Proverbs,17,3,Proverbs 17:3,5,et,,,,Clementine,VUL
20,Proverbs,17,3,Proverbs 17:3,6,aurum,,,,Clementine,VUL
20,Proverbs,17,3,Proverbs 17:3,7,"camino,",,,,Clementine,VUL
20,Proverbs,17,3,Proverbs 17:3,8,ita,,,,Clementine,VUL
20,Proverbs,17,3,Proverbs 17:3,9,corda,,,,Clementine,VUL
20,Proverbs,17,3,Proverbs 17:3,10,probat,,,,Clementine,VUL
20,Proverbs,17,3,Proverbs 17:3,11,Dominus.,,,,Clementine,VUL
20,Proverbs,17,4,Proverbs 17:4,1,Malus,,,,Clementine,VUL
20,Proverbs,17,4,Proverbs 17:4,2,obedit,,,,Clementine,VUL
20,Proverbs,17,4,Proverbs 17:4,3,linguæ,,,,Clementine,VUL
20,Proverbs,17,4,Proverbs 17:4,4,"iniquæ,",,,,Clementine,VUL
20,Proverbs,17,4,Proverbs 17:4,5,et,,,,Clementine,VUL
20,Proverbs,17,4,Proverbs 17:4,6,fallax,,,,Clementine,VUL
20,Proverbs,17,4,Proverbs 17:4,7,obtemperat,,,,Clementine,VUL
20,Proverbs,17,4,Proverbs 17:4,8,labiis,,,,Clementine,VUL
20,Proverbs,17,4,Proverbs 17:4,9,mendacibus.,,,,Clementine,VUL
20,Proverbs,17,5,Proverbs 17:5,1,Qui,,,,Clementine,VUL
20,Proverbs,17,5,Proverbs 17:5,2,despicit,,,,Clementine,VUL
20,Proverbs,17,5,Proverbs 17:5,3,pauperem,,,,Clementine,VUL
20,Proverbs,17,5,Proverbs 17:5,4,exprobrat,,,,Clementine,VUL
20,Proverbs,17,5,Proverbs 17:5,5,factori,,,,Clementine,VUL
20,Proverbs,17,5,Proverbs 17:5,6,"ejus,",,,,Clementine,VUL
20,Proverbs,17,5,Proverbs 17:5,7,et,,,,Clementine,VUL
20,Proverbs,17,5,Proverbs 17:5,8,qui,,,,Clementine,VUL
20,Proverbs,17,5,Proverbs 17:5,9,ruina,,,,Clementine,VUL
20,Proverbs,17,5,Proverbs 17:5,10,lætatur,,,,Clementine,VUL
20,Proverbs,17,5,Proverbs 17:5,11,alterius,,,,Clementine,VUL
20,Proverbs,17,5,Proverbs 17:5,12,non,,,,Clementine,VUL
20,Proverbs,17,5,Proverbs 17:5,13,erit,,,,Clementine,VUL
20,Proverbs,17,5,Proverbs 17:5,14,impunitus.,,,,Clementine,VUL
20,Proverbs,17,6,Proverbs 17:6,1,Corona,,,,Clementine,VUL
20,Proverbs,17,6,Proverbs 17:6,2,senum,,,,Clementine,VUL
20,Proverbs,17,6,Proverbs 17:6,3,filii,,,,Clementine,VUL
20,Proverbs,17,6,Proverbs 17:6,4,"filiorum,",,,,Clementine,VUL
20,Proverbs,17,6,Proverbs 17:6,5,et,,,,Clementine,VUL
20,Proverbs,17,6,Proverbs 17:6,6,gloria,,,,Clementine,VUL
20,Proverbs,17,6,Proverbs 17:6,7,filiorum,,,,Clementine,VUL
20,Proverbs,17,6,Proverbs 17:6,8,patres,,,,Clementine,VUL
20,Proverbs,17,6,Proverbs 17:6,9,eorum.,,,,Clementine,VUL
20,Proverbs,17,7,Proverbs 17:7,1,Non,,,,Clementine,VUL
20,Proverbs,17,7,Proverbs 17:7,2,decent,,,,Clementine,VUL
20,Proverbs,17,7,Proverbs 17:7,3,stultum,,,,Clementine,VUL
20,Proverbs,17,7,Proverbs 17:7,4,verba,,,,Clementine,VUL
20,Proverbs,17,7,Proverbs 17:7,5,"composita,",,,,Clementine,VUL
20,Proverbs,17,7,Proverbs 17:7,6,nec,,,,Clementine,VUL
20,Proverbs,17,7,Proverbs 17:7,7,principem,,,,Clementine,VUL
20,Proverbs,17,7,Proverbs 17:7,8,labium,,,,Clementine,VUL
20,Proverbs,17,7,Proverbs 17:7,9,mentiens.,,,,Clementine,VUL
20,Proverbs,17,8,Proverbs 17:8,1,Gemma,,,,Clementine,VUL
20,Proverbs,17,8,Proverbs 17:8,2,gratissima,,,,Clementine,VUL
20,Proverbs,17,8,Proverbs 17:8,3,exspectatio,,,,Clementine,VUL
20,Proverbs,17,8,Proverbs 17:8,4,præstolantis,,,,Clementine,VUL
20,Proverbs,17,8,Proverbs 17:8,5,;,,,,Clementine,VUL
20,Proverbs,17,8,Proverbs 17:8,6,quocumque,,,,Clementine,VUL
20,Proverbs,17,8,Proverbs 17:8,7,se,,,,Clementine,VUL
20,Proverbs,17,8,Proverbs 17:8,8,"vertit,",,,,Clementine,VUL
20,Proverbs,17,8,Proverbs 17:8,9,prudenter,,,,Clementine,VUL
20,Proverbs,17,8,Proverbs 17:8,10,intelligit.,,,,Clementine,VUL
20,Proverbs,17,9,Proverbs 17:9,1,Qui,,,,Clementine,VUL
20,Proverbs,17,9,Proverbs 17:9,2,celat,,,,Clementine,VUL
20,Proverbs,17,9,Proverbs 17:9,3,delictum,,,,Clementine,VUL
20,Proverbs,17,9,Proverbs 17:9,4,quærit,,,,Clementine,VUL
20,Proverbs,17,9,Proverbs 17:9,5,amicitias,,,,Clementine,VUL
20,Proverbs,17,9,Proverbs 17:9,6,;,,,,Clementine,VUL
20,Proverbs,17,9,Proverbs 17:9,7,qui,,,,Clementine,VUL
20,Proverbs,17,9,Proverbs 17:9,8,altero,,,,Clementine,VUL
20,Proverbs,17,9,Proverbs 17:9,9,sermone,,,,Clementine,VUL
20,Proverbs,17,9,Proverbs 17:9,10,"repetit,",,,,Clementine,VUL
20,Proverbs,17,9,Proverbs 17:9,11,separat,,,,Clementine,VUL
20,Proverbs,17,9,Proverbs 17:9,12,fœderatos.,,,,Clementine,VUL
20,Proverbs,17,10,Proverbs 17:10,1,Plus,,,,Clementine,VUL
20,Proverbs,17,10,Proverbs 17:10,2,proficit,,,,Clementine,VUL
20,Proverbs,17,10,Proverbs 17:10,3,correptio,,,,Clementine,VUL
20,Proverbs,17,10,Proverbs 17:10,4,apud,,,,Clementine,VUL
20,Proverbs,17,10,Proverbs 17:10,5,"prudentem,",,,,Clementine,VUL
20,Proverbs,17,10,Proverbs 17:10,6,quam,,,,Clementine,VUL
20,Proverbs,17,10,Proverbs 17:10,7,centum,,,,Clementine,VUL
20,Proverbs,17,10,Proverbs 17:10,8,plagæ,,,,Clementine,VUL
20,Proverbs,17,10,Proverbs 17:10,9,apud,,,,Clementine,VUL
20,Proverbs,17,10,Proverbs 17:10,10,stultum.,,,,Clementine,VUL
20,Proverbs,17,11,Proverbs 17:11,1,Semper,,,,Clementine,VUL
20,Proverbs,17,11,Proverbs 17:11,2,jurgia,,,,Clementine,VUL
20,Proverbs,17,11,Proverbs 17:11,3,quærit,,,,Clementine,VUL
20,Proverbs,17,11,Proverbs 17:11,4,malus,,,,Clementine,VUL
20,Proverbs,17,11,Proverbs 17:11,5,:,,,,Clementine,VUL
20,Proverbs,17,11,Proverbs 17:11,6,angelus,,,,Clementine,VUL
20,Proverbs,17,11,Proverbs 17:11,7,autem,,,,Clementine,VUL
20,Proverbs,17,11,Proverbs 17:11,8,crudelis,,,,Clementine,VUL
20,Proverbs,17,11,Proverbs 17:11,9,mittetur,,,,Clementine,VUL
20,Proverbs,17,11,Proverbs 17:11,10,contra,,,,Clementine,VUL
20,Proverbs,17,11,Proverbs 17:11,11,eum.,,,,Clementine,VUL
20,Proverbs,17,12,Proverbs 17:12,1,Expedit,,,,Clementine,VUL
20,Proverbs,17,12,Proverbs 17:12,2,magis,,,,Clementine,VUL
20,Proverbs,17,12,Proverbs 17:12,3,ursæ,,,,Clementine,VUL
20,Proverbs,17,12,Proverbs 17:12,4,occurrere,,,,Clementine,VUL
20,Proverbs,17,12,Proverbs 17:12,5,raptis,,,,Clementine,VUL
20,Proverbs,17,12,Proverbs 17:12,6,"fœtibus,",,,,Clementine,VUL
20,Proverbs,17,12,Proverbs 17:12,7,quam,,,,Clementine,VUL
20,Proverbs,17,12,Proverbs 17:12,8,fatuo,,,,Clementine,VUL
20,Proverbs,17,12,Proverbs 17:12,9,confidenti,,,,Clementine,VUL
20,Proverbs,17,12,Proverbs 17:12,10,in,,,,Clementine,VUL
20,Proverbs,17,12,Proverbs 17:12,11,stultitia,,,,Clementine,VUL
20,Proverbs,17,12,Proverbs 17:12,12,sua.,,,,Clementine,VUL
20,Proverbs,17,13,Proverbs 17:13,1,Qui,,,,Clementine,VUL
20,Proverbs,17,13,Proverbs 17:13,2,reddit,,,,Clementine,VUL
20,Proverbs,17,13,Proverbs 17:13,3,mala,,,,Clementine,VUL
20,Proverbs,17,13,Proverbs 17:13,4,pro,,,,Clementine,VUL
20,Proverbs,17,13,Proverbs 17:13,5,"bonis,",,,,Clementine,VUL
20,Proverbs,17,13,Proverbs 17:13,6,non,,,,Clementine,VUL
20,Proverbs,17,13,Proverbs 17:13,7,recedet,,,,Clementine,VUL
20,Proverbs,17,13,Proverbs 17:13,8,malum,,,,Clementine,VUL
20,Proverbs,17,13,Proverbs 17:13,9,de,,,,Clementine,VUL
20,Proverbs,17,13,Proverbs 17:13,10,domo,,,,Clementine,VUL
20,Proverbs,17,13,Proverbs 17:13,11,ejus.,,,,Clementine,VUL
20,Proverbs,17,14,Proverbs 17:14,1,Qui,,,,Clementine,VUL
20,Proverbs,17,14,Proverbs 17:14,2,dimittit,,,,Clementine,VUL
20,Proverbs,17,14,Proverbs 17:14,3,aquam,,,,Clementine,VUL
20,Proverbs,17,14,Proverbs 17:14,4,caput,,,,Clementine,VUL
20,Proverbs,17,14,Proverbs 17:14,5,est,,,,Clementine,VUL
20,Proverbs,17,14,Proverbs 17:14,6,"jurgiorum,",,,,Clementine,VUL
20,Proverbs,17,14,Proverbs 17:14,7,et,,,,Clementine,VUL
20,Proverbs,17,14,Proverbs 17:14,8,antequam,,,,Clementine,VUL
20,Proverbs,17,14,Proverbs 17:14,9,patiatur,,,,Clementine,VUL
20,Proverbs,17,14,Proverbs 17:14,10,contumeliam,,,,Clementine,VUL
20,Proverbs,17,14,Proverbs 17:14,11,judicium,,,,Clementine,VUL
20,Proverbs,17,14,Proverbs 17:14,12,deserit.,,,,Clementine,VUL
20,Proverbs,17,15,Proverbs 17:15,1,Qui,,,,Clementine,VUL
20,Proverbs,17,15,Proverbs 17:15,2,justificat,,,,Clementine,VUL
20,Proverbs,17,15,Proverbs 17:15,3,"impium,",,,,Clementine,VUL
20,Proverbs,17,15,Proverbs 17:15,4,et,,,,Clementine,VUL
20,Proverbs,17,15,Proverbs 17:15,5,qui,,,,Clementine,VUL
20,Proverbs,17,15,Proverbs 17:15,6,condemnat,,,,Clementine,VUL
20,Proverbs,17,15,Proverbs 17:15,7,"justum,",,,,Clementine,VUL
20,Proverbs,17,15,Proverbs 17:15,8,abominabilis,,,,Clementine,VUL
20,Proverbs,17,15,Proverbs 17:15,9,est,,,,Clementine,VUL
20,Proverbs,17,15,Proverbs 17:15,10,uterque,,,,Clementine,VUL
20,Proverbs,17,15,Proverbs 17:15,11,apud,,,,Clementine,VUL
20,Proverbs,17,15,Proverbs 17:15,12,Deum.,,,,Clementine,VUL
20,Proverbs,17,16,Proverbs 17:16,1,Quid,,,,Clementine,VUL
20,Proverbs,17,16,Proverbs 17:16,2,prodest,,,,Clementine,VUL
20,Proverbs,17,16,Proverbs 17:16,3,stulto,,,,Clementine,VUL
20,Proverbs,17,16,Proverbs 17:16,4,habere,,,,Clementine,VUL
20,Proverbs,17,16,Proverbs 17:16,5,"divitias,",,,,Clementine,VUL
20,Proverbs,17,16,Proverbs 17:16,6,cum,,,,Clementine,VUL
20,Proverbs,17,16,Proverbs 17:16,7,sapientiam,,,,Clementine,VUL
20,Proverbs,17,16,Proverbs 17:16,8,emere,,,,Clementine,VUL
20,Proverbs,17,16,Proverbs 17:16,9,non,,,,Clementine,VUL
20,Proverbs,17,16,Proverbs 17:16,10,possit,,,,Clementine,VUL
20,Proverbs,17,16,Proverbs 17:16,11,?,,,,Clementine,VUL
20,Proverbs,17,16,Proverbs 17:16,12,Qui,,,,Clementine,VUL
20,Proverbs,17,16,Proverbs 17:16,13,altum,,,,Clementine,VUL
20,Proverbs,17,16,Proverbs 17:16,14,facit,,,,Clementine,VUL
20,Proverbs,17,16,Proverbs 17:16,15,domum,,,,Clementine,VUL
20,Proverbs,17,16,Proverbs 17:16,16,suam,,,,Clementine,VUL
20,Proverbs,17,16,Proverbs 17:16,17,quærit,,,,Clementine,VUL
20,Proverbs,17,16,Proverbs 17:16,18,"ruinam,",,,,Clementine,VUL
20,Proverbs,17,16,Proverbs 17:16,19,et,,,,Clementine,VUL
20,Proverbs,17,16,Proverbs 17:16,20,qui,,,,Clementine,VUL
20,Proverbs,17,16,Proverbs 17:16,21,evitat,,,,Clementine,VUL
20,Proverbs,17,16,Proverbs 17:16,22,discere,,,,Clementine,VUL
20,Proverbs,17,16,Proverbs 17:16,23,incidet,,,,Clementine,VUL
20,Proverbs,17,16,Proverbs 17:16,24,in,,,,Clementine,VUL
20,Proverbs,17,16,Proverbs 17:16,25,mala.,,,,Clementine,VUL
20,Proverbs,17,17,Proverbs 17:17,1,Omni,,,,Clementine,VUL
20,Proverbs,17,17,Proverbs 17:17,2,tempore,,,,Clementine,VUL
20,Proverbs,17,17,Proverbs 17:17,3,diligit,,,,Clementine,VUL
20,Proverbs,17,17,Proverbs 17:17,4,qui,,,,Clementine,VUL
20,Proverbs,17,17,Proverbs 17:17,5,amicus,,,,Clementine,VUL
20,Proverbs,17,17,Proverbs 17:17,6,"est,",,,,Clementine,VUL
20,Proverbs,17,17,Proverbs 17:17,7,et,,,,Clementine,VUL
20,Proverbs,17,17,Proverbs 17:17,8,frater,,,,Clementine,VUL
20,Proverbs,17,17,Proverbs 17:17,9,in,,,,Clementine,VUL
20,Proverbs,17,17,Proverbs 17:17,10,angustiis,,,,Clementine,VUL
20,Proverbs,17,17,Proverbs 17:17,11,comprobatur.,,,,Clementine,VUL
20,Proverbs,17,18,Proverbs 17:18,1,Stultus,,,,Clementine,VUL
20,Proverbs,17,18,Proverbs 17:18,2,homo,,,,Clementine,VUL
20,Proverbs,17,18,Proverbs 17:18,3,plaudet,,,,Clementine,VUL
20,Proverbs,17,18,Proverbs 17:18,4,"manibus,",,,,Clementine,VUL
20,Proverbs,17,18,Proverbs 17:18,5,cum,,,,Clementine,VUL
20,Proverbs,17,18,Proverbs 17:18,6,spoponderit,,,,Clementine,VUL
20,Proverbs,17,18,Proverbs 17:18,7,pro,,,,Clementine,VUL
20,Proverbs,17,18,Proverbs 17:18,8,amico,,,,Clementine,VUL
20,Proverbs,17,18,Proverbs 17:18,9,suo.,,,,Clementine,VUL
20,Proverbs,17,19,Proverbs 17:19,1,Qui,,,,Clementine,VUL
20,Proverbs,17,19,Proverbs 17:19,2,meditatur,,,,Clementine,VUL
20,Proverbs,17,19,Proverbs 17:19,3,discordias,,,,Clementine,VUL
20,Proverbs,17,19,Proverbs 17:19,4,diligit,,,,Clementine,VUL
20,Proverbs,17,19,Proverbs 17:19,5,"rixas,",,,,Clementine,VUL
20,Proverbs,17,19,Proverbs 17:19,6,et,,,,Clementine,VUL
20,Proverbs,17,19,Proverbs 17:19,7,qui,,,,Clementine,VUL
20,Proverbs,17,19,Proverbs 17:19,8,exaltat,,,,Clementine,VUL
20,Proverbs,17,19,Proverbs 17:19,9,ostium,,,,Clementine,VUL
20,Proverbs,17,19,Proverbs 17:19,10,quærit,,,,Clementine,VUL
20,Proverbs,17,19,Proverbs 17:19,11,ruinam.,,,,Clementine,VUL
20,Proverbs,17,20,Proverbs 17:20,1,Qui,,,,Clementine,VUL
20,Proverbs,17,20,Proverbs 17:20,2,perversi,,,,Clementine,VUL
20,Proverbs,17,20,Proverbs 17:20,3,cordis,,,,Clementine,VUL
20,Proverbs,17,20,Proverbs 17:20,4,est,,,,Clementine,VUL
20,Proverbs,17,20,Proverbs 17:20,5,non,,,,Clementine,VUL
20,Proverbs,17,20,Proverbs 17:20,6,inveniet,,,,Clementine,VUL
20,Proverbs,17,20,Proverbs 17:20,7,"bonum,",,,,Clementine,VUL
20,Proverbs,17,20,Proverbs 17:20,8,et,,,,Clementine,VUL
20,Proverbs,17,20,Proverbs 17:20,9,qui,,,,Clementine,VUL
20,Proverbs,17,20,Proverbs 17:20,10,vertit,,,,Clementine,VUL
20,Proverbs,17,20,Proverbs 17:20,11,linguam,,,,Clementine,VUL
20,Proverbs,17,20,Proverbs 17:20,12,incidet,,,,Clementine,VUL
20,Proverbs,17,20,Proverbs 17:20,13,in,,,,Clementine,VUL
20,Proverbs,17,20,Proverbs 17:20,14,malum.,,,,Clementine,VUL
20,Proverbs,17,21,Proverbs 17:21,1,Natus,,,,Clementine,VUL
20,Proverbs,17,21,Proverbs 17:21,2,est,,,,Clementine,VUL
20,Proverbs,17,21,Proverbs 17:21,3,stultus,,,,Clementine,VUL
20,Proverbs,17,21,Proverbs 17:21,4,in,,,,Clementine,VUL
20,Proverbs,17,21,Proverbs 17:21,5,ignominiam,,,,Clementine,VUL
20,Proverbs,17,21,Proverbs 17:21,6,suam,,,,Clementine,VUL
20,Proverbs,17,21,Proverbs 17:21,7,;,,,,Clementine,VUL
20,Proverbs,17,21,Proverbs 17:21,8,sed,,,,Clementine,VUL
20,Proverbs,17,21,Proverbs 17:21,9,nec,,,,Clementine,VUL
20,Proverbs,17,21,Proverbs 17:21,10,pater,,,,Clementine,VUL
20,Proverbs,17,21,Proverbs 17:21,11,in,,,,Clementine,VUL
20,Proverbs,17,21,Proverbs 17:21,12,fatuo,,,,Clementine,VUL
20,Proverbs,17,21,Proverbs 17:21,13,lætabitur.,,,,Clementine,VUL
20,Proverbs,17,22,Proverbs 17:22,1,Animus,,,,Clementine,VUL
20,Proverbs,17,22,Proverbs 17:22,2,gaudens,,,,Clementine,VUL
20,Proverbs,17,22,Proverbs 17:22,3,ætatem,,,,Clementine,VUL
20,Proverbs,17,22,Proverbs 17:22,4,floridam,,,,Clementine,VUL
20,Proverbs,17,22,Proverbs 17:22,5,facit,,,,Clementine,VUL
20,Proverbs,17,22,Proverbs 17:22,6,;,,,,Clementine,VUL
20,Proverbs,17,22,Proverbs 17:22,7,spiritus,,,,Clementine,VUL
20,Proverbs,17,22,Proverbs 17:22,8,tristis,,,,Clementine,VUL
20,Proverbs,17,22,Proverbs 17:22,9,exsiccat,,,,Clementine,VUL
20,Proverbs,17,22,Proverbs 17:22,10,ossa.,,,,Clementine,VUL
20,Proverbs,17,23,Proverbs 17:23,1,Munera,,,,Clementine,VUL
20,Proverbs,17,23,Proverbs 17:23,2,de,,,,Clementine,VUL
20,Proverbs,17,23,Proverbs 17:23,3,sinu,,,,Clementine,VUL
20,Proverbs,17,23,Proverbs 17:23,4,impius,,,,Clementine,VUL
20,Proverbs,17,23,Proverbs 17:23,5,"accipit,",,,,Clementine,VUL
20,Proverbs,17,23,Proverbs 17:23,6,ut,,,,Clementine,VUL
20,Proverbs,17,23,Proverbs 17:23,7,pervertat,,,,Clementine,VUL
20,Proverbs,17,23,Proverbs 17:23,8,semitas,,,,Clementine,VUL
20,Proverbs,17,23,Proverbs 17:23,9,judicii.,,,,Clementine,VUL
20,Proverbs,17,24,Proverbs 17:24,1,In,,,,Clementine,VUL
20,Proverbs,17,24,Proverbs 17:24,2,facie,,,,Clementine,VUL
20,Proverbs,17,24,Proverbs 17:24,3,prudentis,,,,Clementine,VUL
20,Proverbs,17,24,Proverbs 17:24,4,lucet,,,,Clementine,VUL
20,Proverbs,17,24,Proverbs 17:24,5,sapientia,,,,Clementine,VUL
20,Proverbs,17,24,Proverbs 17:24,6,;,,,,Clementine,VUL
20,Proverbs,17,24,Proverbs 17:24,7,oculi,,,,Clementine,VUL
20,Proverbs,17,24,Proverbs 17:24,8,stultorum,,,,Clementine,VUL
20,Proverbs,17,24,Proverbs 17:24,9,in,,,,Clementine,VUL
20,Proverbs,17,24,Proverbs 17:24,10,finibus,,,,Clementine,VUL
20,Proverbs,17,24,Proverbs 17:24,11,terræ.,,,,Clementine,VUL
20,Proverbs,17,25,Proverbs 17:25,1,Ira,,,,Clementine,VUL
20,Proverbs,17,25,Proverbs 17:25,2,patris,,,,Clementine,VUL
20,Proverbs,17,25,Proverbs 17:25,3,filius,,,,Clementine,VUL
20,Proverbs,17,25,Proverbs 17:25,4,"stultus,",,,,Clementine,VUL
20,Proverbs,17,25,Proverbs 17:25,5,et,,,,Clementine,VUL
20,Proverbs,17,25,Proverbs 17:25,6,dolor,,,,Clementine,VUL
20,Proverbs,17,25,Proverbs 17:25,7,matris,,,,Clementine,VUL
20,Proverbs,17,25,Proverbs 17:25,8,quæ,,,,Clementine,VUL
20,Proverbs,17,25,Proverbs 17:25,9,genuit,,,,Clementine,VUL
20,Proverbs,17,25,Proverbs 17:25,10,eum.,,,,Clementine,VUL
20,Proverbs,17,26,Proverbs 17:26,1,Non,,,,Clementine,VUL
20,Proverbs,17,26,Proverbs 17:26,2,est,,,,Clementine,VUL
20,Proverbs,17,26,Proverbs 17:26,3,bonum,,,,Clementine,VUL
20,Proverbs,17,26,Proverbs 17:26,4,damnum,,,,Clementine,VUL
20,Proverbs,17,26,Proverbs 17:26,5,inferre,,,,Clementine,VUL
20,Proverbs,17,26,Proverbs 17:26,6,"justo,",,,,Clementine,VUL
20,Proverbs,17,26,Proverbs 17:26,7,nec,,,,Clementine,VUL
20,Proverbs,17,26,Proverbs 17:26,8,percutere,,,,Clementine,VUL
20,Proverbs,17,26,Proverbs 17:26,9,principem,,,,Clementine,VUL
20,Proverbs,17,26,Proverbs 17:26,10,qui,,,,Clementine,VUL
20,Proverbs,17,26,Proverbs 17:26,11,recta,,,,Clementine,VUL
20,Proverbs,17,26,Proverbs 17:26,12,judicat.,,,,Clementine,VUL
20,Proverbs,17,27,Proverbs 17:27,1,Qui,,,,Clementine,VUL
20,Proverbs,17,27,Proverbs 17:27,2,moderatur,,,,Clementine,VUL
20,Proverbs,17,27,Proverbs 17:27,3,sermones,,,,Clementine,VUL
20,Proverbs,17,27,Proverbs 17:27,4,suos,,,,Clementine,VUL
20,Proverbs,17,27,Proverbs 17:27,5,doctus,,,,Clementine,VUL
20,Proverbs,17,27,Proverbs 17:27,6,et,,,,Clementine,VUL
20,Proverbs,17,27,Proverbs 17:27,7,prudens,,,,Clementine,VUL
20,Proverbs,17,27,Proverbs 17:27,8,"est,",,,,Clementine,VUL
20,Proverbs,17,27,Proverbs 17:27,9,et,,,,Clementine,VUL
20,Proverbs,17,27,Proverbs 17:27,10,pretiosi,,,,Clementine,VUL
20,Proverbs,17,27,Proverbs 17:27,11,spiritus,,,,Clementine,VUL
20,Proverbs,17,27,Proverbs 17:27,12,vir,,,,Clementine,VUL
20,Proverbs,17,27,Proverbs 17:27,13,eruditus.,,,,Clementine,VUL
20,Proverbs,17,28,Proverbs 17:28,1,Stultus,,,,Clementine,VUL
20,Proverbs,17,28,Proverbs 17:28,2,"quoque,",,,,Clementine,VUL
20,Proverbs,17,28,Proverbs 17:28,3,si,,,,Clementine,VUL
20,Proverbs,17,28,Proverbs 17:28,4,"tacuerit,",,,,Clementine,VUL
20,Proverbs,17,28,Proverbs 17:28,5,sapiens,,,,Clementine,VUL
20,Proverbs,17,28,Proverbs 17:28,6,"reputabitur,",,,,Clementine,VUL
20,Proverbs,17,28,Proverbs 17:28,7,et,,,,Clementine,VUL
20,Proverbs,17,28,Proverbs 17:28,8,si,,,,Clementine,VUL
20,Proverbs,17,28,Proverbs 17:28,9,compresserit,,,,Clementine,VUL
20,Proverbs,17,28,Proverbs 17:28,10,labia,,,,Clementine,VUL
20,Proverbs,17,28,Proverbs 17:28,11,"sua,",,,,Clementine,VUL
20,Proverbs,17,28,Proverbs 17:28,12,intelligens.,,,,Clementine,VUL
20,Proverbs,18,1,Proverbs 18:1,1,Occasiones,,,,Clementine,VUL
20,Proverbs,18,1,Proverbs 18:1,2,quærit,,,,Clementine,VUL
20,Proverbs,18,1,Proverbs 18:1,3,qui,,,,Clementine,VUL
20,Proverbs,18,1,Proverbs 18:1,4,vult,,,,Clementine,VUL
20,Proverbs,18,1,Proverbs 18:1,5,recedere,,,,Clementine,VUL
20,Proverbs,18,1,Proverbs 18:1,6,ab,,,,Clementine,VUL
20,Proverbs,18,1,Proverbs 18:1,7,amico,,,,Clementine,VUL
20,Proverbs,18,1,Proverbs 18:1,8,:,,,,Clementine,VUL
20,Proverbs,18,1,Proverbs 18:1,9,omni,,,,Clementine,VUL
20,Proverbs,18,1,Proverbs 18:1,10,tempore,,,,Clementine,VUL
20,Proverbs,18,1,Proverbs 18:1,11,erit,,,,Clementine,VUL
20,Proverbs,18,1,Proverbs 18:1,12,exprobrabilis.,,,,Clementine,VUL
20,Proverbs,18,2,Proverbs 18:2,1,Non,,,,Clementine,VUL
20,Proverbs,18,2,Proverbs 18:2,2,recipit,,,,Clementine,VUL
20,Proverbs,18,2,Proverbs 18:2,3,stultus,,,,Clementine,VUL
20,Proverbs,18,2,Proverbs 18:2,4,verba,,,,Clementine,VUL
20,Proverbs,18,2,Proverbs 18:2,5,"prudentiæ,",,,,Clementine,VUL
20,Proverbs,18,2,Proverbs 18:2,6,nisi,,,,Clementine,VUL
20,Proverbs,18,2,Proverbs 18:2,7,ea,,,,Clementine,VUL
20,Proverbs,18,2,Proverbs 18:2,8,dixeris,,,,Clementine,VUL
20,Proverbs,18,2,Proverbs 18:2,9,quæ,,,,Clementine,VUL
20,Proverbs,18,2,Proverbs 18:2,10,versantur,,,,Clementine,VUL
20,Proverbs,18,2,Proverbs 18:2,11,in,,,,Clementine,VUL
20,Proverbs,18,2,Proverbs 18:2,12,corde,,,,Clementine,VUL
20,Proverbs,18,2,Proverbs 18:2,13,ejus.,,,,Clementine,VUL
20,Proverbs,18,3,Proverbs 18:3,1,"Impius,",,,,Clementine,VUL
20,Proverbs,18,3,Proverbs 18:3,2,cum,,,,Clementine,VUL
20,Proverbs,18,3,Proverbs 18:3,3,in,,,,Clementine,VUL
20,Proverbs,18,3,Proverbs 18:3,4,profundum,,,,Clementine,VUL
20,Proverbs,18,3,Proverbs 18:3,5,venerit,,,,Clementine,VUL
20,Proverbs,18,3,Proverbs 18:3,6,"peccatorum,",,,,Clementine,VUL
20,Proverbs,18,3,Proverbs 18:3,7,contemnit,,,,Clementine,VUL
20,Proverbs,18,3,Proverbs 18:3,8,;,,,,Clementine,VUL
20,Proverbs,18,3,Proverbs 18:3,9,sed,,,,Clementine,VUL
20,Proverbs,18,3,Proverbs 18:3,10,sequitur,,,,Clementine,VUL
20,Proverbs,18,3,Proverbs 18:3,11,eum,,,,Clementine,VUL
20,Proverbs,18,3,Proverbs 18:3,12,ignominia,,,,Clementine,VUL
20,Proverbs,18,3,Proverbs 18:3,13,et,,,,Clementine,VUL
20,Proverbs,18,3,Proverbs 18:3,14,opprobrium.,,,,Clementine,VUL
20,Proverbs,18,4,Proverbs 18:4,1,Aqua,,,,Clementine,VUL
20,Proverbs,18,4,Proverbs 18:4,2,profunda,,,,Clementine,VUL
20,Proverbs,18,4,Proverbs 18:4,3,verba,,,,Clementine,VUL
20,Proverbs,18,4,Proverbs 18:4,4,ex,,,,Clementine,VUL
20,Proverbs,18,4,Proverbs 18:4,5,ore,,,,Clementine,VUL
20,Proverbs,18,4,Proverbs 18:4,6,"viri,",,,,Clementine,VUL
20,Proverbs,18,4,Proverbs 18:4,7,et,,,,Clementine,VUL
20,Proverbs,18,4,Proverbs 18:4,8,torrens,,,,Clementine,VUL
20,Proverbs,18,4,Proverbs 18:4,9,redundans,,,,Clementine,VUL
20,Proverbs,18,4,Proverbs 18:4,10,fons,,,,Clementine,VUL
20,Proverbs,18,4,Proverbs 18:4,11,sapientiæ.,,,,Clementine,VUL
20,Proverbs,18,5,Proverbs 18:5,1,Accipere,,,,Clementine,VUL
20,Proverbs,18,5,Proverbs 18:5,2,personam,,,,Clementine,VUL
20,Proverbs,18,5,Proverbs 18:5,3,impii,,,,Clementine,VUL
20,Proverbs,18,5,Proverbs 18:5,4,non,,,,Clementine,VUL
20,Proverbs,18,5,Proverbs 18:5,5,est,,,,Clementine,VUL
20,Proverbs,18,5,Proverbs 18:5,6,"bonum,",,,,Clementine,VUL
20,Proverbs,18,5,Proverbs 18:5,7,ut,,,,Clementine,VUL
20,Proverbs,18,5,Proverbs 18:5,8,declines,,,,Clementine,VUL
20,Proverbs,18,5,Proverbs 18:5,9,a,,,,Clementine,VUL
20,Proverbs,18,5,Proverbs 18:5,10,veritate,,,,Clementine,VUL
20,Proverbs,18,5,Proverbs 18:5,11,judicii.,,,,Clementine,VUL
20,Proverbs,18,6,Proverbs 18:6,1,Labia,,,,Clementine,VUL
20,Proverbs,18,6,Proverbs 18:6,2,stulti,,,,Clementine,VUL
20,Proverbs,18,6,Proverbs 18:6,3,miscent,,,,Clementine,VUL
20,Proverbs,18,6,Proverbs 18:6,4,se,,,,Clementine,VUL
20,Proverbs,18,6,Proverbs 18:6,5,"rixis,",,,,Clementine,VUL
20,Proverbs,18,6,Proverbs 18:6,6,et,,,,Clementine,VUL
20,Proverbs,18,6,Proverbs 18:6,7,os,,,,Clementine,VUL
20,Proverbs,18,6,Proverbs 18:6,8,ejus,,,,Clementine,VUL
20,Proverbs,18,6,Proverbs 18:6,9,jurgia,,,,Clementine,VUL
20,Proverbs,18,6,Proverbs 18:6,10,provocat.,,,,Clementine,VUL
20,Proverbs,18,7,Proverbs 18:7,1,Os,,,,Clementine,VUL
20,Proverbs,18,7,Proverbs 18:7,2,stulti,,,,Clementine,VUL
20,Proverbs,18,7,Proverbs 18:7,3,contritio,,,,Clementine,VUL
20,Proverbs,18,7,Proverbs 18:7,4,"ejus,",,,,Clementine,VUL
20,Proverbs,18,7,Proverbs 18:7,5,et,,,,Clementine,VUL
20,Proverbs,18,7,Proverbs 18:7,6,labia,,,,Clementine,VUL
20,Proverbs,18,7,Proverbs 18:7,7,ipsius,,,,Clementine,VUL
20,Proverbs,18,7,Proverbs 18:7,8,ruina,,,,Clementine,VUL
20,Proverbs,18,7,Proverbs 18:7,9,animæ,,,,Clementine,VUL
20,Proverbs,18,7,Proverbs 18:7,10,ejus.,,,,Clementine,VUL
20,Proverbs,18,8,Proverbs 18:8,1,Verba,,,,Clementine,VUL
20,Proverbs,18,8,Proverbs 18:8,2,bilinguis,,,,Clementine,VUL
20,Proverbs,18,8,Proverbs 18:8,3,quasi,,,,Clementine,VUL
20,Proverbs,18,8,Proverbs 18:8,4,"simplicia,",,,,Clementine,VUL
20,Proverbs,18,8,Proverbs 18:8,5,et,,,,Clementine,VUL
20,Proverbs,18,8,Proverbs 18:8,6,ipsa,,,,Clementine,VUL
20,Proverbs,18,8,Proverbs 18:8,7,perveniunt,,,,Clementine,VUL
20,Proverbs,18,8,Proverbs 18:8,8,usque,,,,Clementine,VUL
20,Proverbs,18,8,Proverbs 18:8,9,ad,,,,Clementine,VUL
20,Proverbs,18,8,Proverbs 18:8,10,interiora,,,,Clementine,VUL
20,Proverbs,18,8,Proverbs 18:8,11,ventris.,,,,Clementine,VUL
20,Proverbs,18,8,Proverbs 18:8,12,Pigrum,,,,Clementine,VUL
20,Proverbs,18,8,Proverbs 18:8,13,dejicit,,,,Clementine,VUL
20,Proverbs,18,8,Proverbs 18:8,14,timor,,,,Clementine,VUL
20,Proverbs,18,8,Proverbs 18:8,15,;,,,,Clementine,VUL
20,Proverbs,18,8,Proverbs 18:8,16,animæ,,,,Clementine,VUL
20,Proverbs,18,8,Proverbs 18:8,17,autem,,,,Clementine,VUL
20,Proverbs,18,8,Proverbs 18:8,18,effeminatorum,,,,Clementine,VUL
20,Proverbs,18,8,Proverbs 18:8,19,esurient.,,,,Clementine,VUL
20,Proverbs,18,9,Proverbs 18:9,1,Qui,,,,Clementine,VUL
20,Proverbs,18,9,Proverbs 18:9,2,mollis,,,,Clementine,VUL
20,Proverbs,18,9,Proverbs 18:9,3,et,,,,Clementine,VUL
20,Proverbs,18,9,Proverbs 18:9,4,dissolutus,,,,Clementine,VUL
20,Proverbs,18,9,Proverbs 18:9,5,est,,,,Clementine,VUL
20,Proverbs,18,9,Proverbs 18:9,6,in,,,,Clementine,VUL
20,Proverbs,18,9,Proverbs 18:9,7,opere,,,,Clementine,VUL
20,Proverbs,18,9,Proverbs 18:9,8,suo,,,,Clementine,VUL
20,Proverbs,18,9,Proverbs 18:9,9,frater,,,,Clementine,VUL
20,Proverbs,18,9,Proverbs 18:9,10,est,,,,Clementine,VUL
20,Proverbs,18,9,Proverbs 18:9,11,sua,,,,Clementine,VUL
20,Proverbs,18,9,Proverbs 18:9,12,opera,,,,Clementine,VUL
20,Proverbs,18,9,Proverbs 18:9,13,dissipantis.,,,,Clementine,VUL
20,Proverbs,18,10,Proverbs 18:10,1,Turris,,,,Clementine,VUL
20,Proverbs,18,10,Proverbs 18:10,2,fortissima,,,,Clementine,VUL
20,Proverbs,18,10,Proverbs 18:10,3,nomen,,,,Clementine,VUL
20,Proverbs,18,10,Proverbs 18:10,4,Domini,,,,Clementine,VUL
20,Proverbs,18,10,Proverbs 18:10,5,;,,,,Clementine,VUL
20,Proverbs,18,10,Proverbs 18:10,6,ad,,,,Clementine,VUL
20,Proverbs,18,10,Proverbs 18:10,7,ipsum,,,,Clementine,VUL
20,Proverbs,18,10,Proverbs 18:10,8,currit,,,,Clementine,VUL
20,Proverbs,18,10,Proverbs 18:10,9,"justus,",,,,Clementine,VUL
20,Proverbs,18,10,Proverbs 18:10,10,et,,,,Clementine,VUL
20,Proverbs,18,10,Proverbs 18:10,11,exaltabitur.,,,,Clementine,VUL
20,Proverbs,18,11,Proverbs 18:11,1,Substantia,,,,Clementine,VUL
20,Proverbs,18,11,Proverbs 18:11,2,divitis,,,,Clementine,VUL
20,Proverbs,18,11,Proverbs 18:11,3,urbs,,,,Clementine,VUL
20,Proverbs,18,11,Proverbs 18:11,4,roboris,,,,Clementine,VUL
20,Proverbs,18,11,Proverbs 18:11,5,"ejus,",,,,Clementine,VUL
20,Proverbs,18,11,Proverbs 18:11,6,et,,,,Clementine,VUL
20,Proverbs,18,11,Proverbs 18:11,7,quasi,,,,Clementine,VUL
20,Proverbs,18,11,Proverbs 18:11,8,murus,,,,Clementine,VUL
20,Proverbs,18,11,Proverbs 18:11,9,validus,,,,Clementine,VUL
20,Proverbs,18,11,Proverbs 18:11,10,circumdans,,,,Clementine,VUL
20,Proverbs,18,11,Proverbs 18:11,11,eum.,,,,Clementine,VUL
20,Proverbs,18,12,Proverbs 18:12,1,Antequam,,,,Clementine,VUL
20,Proverbs,18,12,Proverbs 18:12,2,"conteratur,",,,,Clementine,VUL
20,Proverbs,18,12,Proverbs 18:12,3,exaltatur,,,,Clementine,VUL
20,Proverbs,18,12,Proverbs 18:12,4,cor,,,,Clementine,VUL
20,Proverbs,18,12,Proverbs 18:12,5,"hominis,",,,,Clementine,VUL
20,Proverbs,18,12,Proverbs 18:12,6,et,,,,Clementine,VUL
20,Proverbs,18,12,Proverbs 18:12,7,antequam,,,,Clementine,VUL
20,Proverbs,18,12,Proverbs 18:12,8,"glorificetur,",,,,Clementine,VUL
20,Proverbs,18,12,Proverbs 18:12,9,humiliatur.,,,,Clementine,VUL
20,Proverbs,18,13,Proverbs 18:13,1,Qui,,,,Clementine,VUL
20,Proverbs,18,13,Proverbs 18:13,2,prius,,,,Clementine,VUL
20,Proverbs,18,13,Proverbs 18:13,3,respondet,,,,Clementine,VUL
20,Proverbs,18,13,Proverbs 18:13,4,quam,,,,Clementine,VUL
20,Proverbs,18,13,Proverbs 18:13,5,"audiat,",,,,Clementine,VUL
20,Proverbs,18,13,Proverbs 18:13,6,stultum,,,,Clementine,VUL
20,Proverbs,18,13,Proverbs 18:13,7,se,,,,Clementine,VUL
20,Proverbs,18,13,Proverbs 18:13,8,esse,,,,Clementine,VUL
20,Proverbs,18,13,Proverbs 18:13,9,"demonstrat,",,,,Clementine,VUL
20,Proverbs,18,13,Proverbs 18:13,10,et,,,,Clementine,VUL
20,Proverbs,18,13,Proverbs 18:13,11,confusione,,,,Clementine,VUL
20,Proverbs,18,13,Proverbs 18:13,12,dignum.,,,,Clementine,VUL
20,Proverbs,18,14,Proverbs 18:14,1,Spiritus,,,,Clementine,VUL
20,Proverbs,18,14,Proverbs 18:14,2,viri,,,,Clementine,VUL
20,Proverbs,18,14,Proverbs 18:14,3,sustentat,,,,Clementine,VUL
20,Proverbs,18,14,Proverbs 18:14,4,imbecillitatem,,,,Clementine,VUL
20,Proverbs,18,14,Proverbs 18:14,5,suam,,,,Clementine,VUL
20,Proverbs,18,14,Proverbs 18:14,6,;,,,,Clementine,VUL
20,Proverbs,18,14,Proverbs 18:14,7,spiritum,,,,Clementine,VUL
20,Proverbs,18,14,Proverbs 18:14,8,vero,,,,Clementine,VUL
20,Proverbs,18,14,Proverbs 18:14,9,ad,,,,Clementine,VUL
20,Proverbs,18,14,Proverbs 18:14,10,irascendum,,,,Clementine,VUL
20,Proverbs,18,14,Proverbs 18:14,11,facilem,,,,Clementine,VUL
20,Proverbs,18,14,Proverbs 18:14,12,quis,,,,Clementine,VUL
20,Proverbs,18,14,Proverbs 18:14,13,poterit,,,,Clementine,VUL
20,Proverbs,18,14,Proverbs 18:14,14,sustinere,,,,Clementine,VUL
20,Proverbs,18,14,Proverbs 18:14,15,?,,,,Clementine,VUL
20,Proverbs,18,15,Proverbs 18:15,1,Cor,,,,Clementine,VUL
20,Proverbs,18,15,Proverbs 18:15,2,prudens,,,,Clementine,VUL
20,Proverbs,18,15,Proverbs 18:15,3,possidebit,,,,Clementine,VUL
20,Proverbs,18,15,Proverbs 18:15,4,"scientiam,",,,,Clementine,VUL
20,Proverbs,18,15,Proverbs 18:15,5,et,,,,Clementine,VUL
20,Proverbs,18,15,Proverbs 18:15,6,auris,,,,Clementine,VUL
20,Proverbs,18,15,Proverbs 18:15,7,sapientium,,,,Clementine,VUL
20,Proverbs,18,15,Proverbs 18:15,8,quærit,,,,Clementine,VUL
20,Proverbs,18,15,Proverbs 18:15,9,doctrinam.,,,,Clementine,VUL
20,Proverbs,18,16,Proverbs 18:16,1,Donum,,,,Clementine,VUL
20,Proverbs,18,16,Proverbs 18:16,2,hominis,,,,Clementine,VUL
20,Proverbs,18,16,Proverbs 18:16,3,dilatat,,,,Clementine,VUL
20,Proverbs,18,16,Proverbs 18:16,4,viam,,,,Clementine,VUL
20,Proverbs,18,16,Proverbs 18:16,5,"ejus,",,,,Clementine,VUL
20,Proverbs,18,16,Proverbs 18:16,6,et,,,,Clementine,VUL
20,Proverbs,18,16,Proverbs 18:16,7,ante,,,,Clementine,VUL
20,Proverbs,18,16,Proverbs 18:16,8,principes,,,,Clementine,VUL
20,Proverbs,18,16,Proverbs 18:16,9,spatium,,,,Clementine,VUL
20,Proverbs,18,16,Proverbs 18:16,10,ei,,,,Clementine,VUL
20,Proverbs,18,16,Proverbs 18:16,11,facit.,,,,Clementine,VUL
20,Proverbs,18,17,Proverbs 18:17,1,Justus,,,,Clementine,VUL
20,Proverbs,18,17,Proverbs 18:17,2,prior,,,,Clementine,VUL
20,Proverbs,18,17,Proverbs 18:17,3,est,,,,Clementine,VUL
20,Proverbs,18,17,Proverbs 18:17,4,accusator,,,,Clementine,VUL
20,Proverbs,18,17,Proverbs 18:17,5,sui,,,,Clementine,VUL
20,Proverbs,18,17,Proverbs 18:17,6,:,,,,Clementine,VUL
20,Proverbs,18,17,Proverbs 18:17,7,venit,,,,Clementine,VUL
20,Proverbs,18,17,Proverbs 18:17,8,amicus,,,,Clementine,VUL
20,Proverbs,18,17,Proverbs 18:17,9,"ejus,",,,,Clementine,VUL
20,Proverbs,18,17,Proverbs 18:17,10,et,,,,Clementine,VUL
20,Proverbs,18,17,Proverbs 18:17,11,investigabit,,,,Clementine,VUL
20,Proverbs,18,17,Proverbs 18:17,12,eum.,,,,Clementine,VUL
20,Proverbs,18,18,Proverbs 18:18,1,Contradictiones,,,,Clementine,VUL
20,Proverbs,18,18,Proverbs 18:18,2,comprimit,,,,Clementine,VUL
20,Proverbs,18,18,Proverbs 18:18,3,"sors,",,,,Clementine,VUL
20,Proverbs,18,18,Proverbs 18:18,4,et,,,,Clementine,VUL
20,Proverbs,18,18,Proverbs 18:18,5,inter,,,,Clementine,VUL
20,Proverbs,18,18,Proverbs 18:18,6,potentes,,,,Clementine,VUL
20,Proverbs,18,18,Proverbs 18:18,7,quoque,,,,Clementine,VUL
20,Proverbs,18,18,Proverbs 18:18,8,dijudicat.,,,,Clementine,VUL
20,Proverbs,18,19,Proverbs 18:19,1,Frater,,,,Clementine,VUL
20,Proverbs,18,19,Proverbs 18:19,2,qui,,,,Clementine,VUL
20,Proverbs,18,19,Proverbs 18:19,3,adjuvatur,,,,Clementine,VUL
20,Proverbs,18,19,Proverbs 18:19,4,a,,,,Clementine,VUL
20,Proverbs,18,19,Proverbs 18:19,5,fratre,,,,Clementine,VUL
20,Proverbs,18,19,Proverbs 18:19,6,quasi,,,,Clementine,VUL
20,Proverbs,18,19,Proverbs 18:19,7,civitas,,,,Clementine,VUL
20,Proverbs,18,19,Proverbs 18:19,8,"firma,",,,,Clementine,VUL
20,Proverbs,18,19,Proverbs 18:19,9,et,,,,Clementine,VUL
20,Proverbs,18,19,Proverbs 18:19,10,judicia,,,,Clementine,VUL
20,Proverbs,18,19,Proverbs 18:19,11,quasi,,,,Clementine,VUL
20,Proverbs,18,19,Proverbs 18:19,12,vectes,,,,Clementine,VUL
20,Proverbs,18,19,Proverbs 18:19,13,urbium.,,,,Clementine,VUL
20,Proverbs,18,20,Proverbs 18:20,1,De,,,,Clementine,VUL
20,Proverbs,18,20,Proverbs 18:20,2,fructu,,,,Clementine,VUL
20,Proverbs,18,20,Proverbs 18:20,3,oris,,,,Clementine,VUL
20,Proverbs,18,20,Proverbs 18:20,4,viri,,,,Clementine,VUL
20,Proverbs,18,20,Proverbs 18:20,5,replebitur,,,,Clementine,VUL
20,Proverbs,18,20,Proverbs 18:20,6,venter,,,,Clementine,VUL
20,Proverbs,18,20,Proverbs 18:20,7,"ejus,",,,,Clementine,VUL
20,Proverbs,18,20,Proverbs 18:20,8,et,,,,Clementine,VUL
20,Proverbs,18,20,Proverbs 18:20,9,genimina,,,,Clementine,VUL
20,Proverbs,18,20,Proverbs 18:20,10,labiorum,,,,Clementine,VUL
20,Proverbs,18,20,Proverbs 18:20,11,ipsius,,,,Clementine,VUL
20,Proverbs,18,20,Proverbs 18:20,12,saturabunt,,,,Clementine,VUL
20,Proverbs,18,20,Proverbs 18:20,13,eum.,,,,Clementine,VUL
20,Proverbs,18,21,Proverbs 18:21,1,Mors,,,,Clementine,VUL
20,Proverbs,18,21,Proverbs 18:21,2,et,,,,Clementine,VUL
20,Proverbs,18,21,Proverbs 18:21,3,vita,,,,Clementine,VUL
20,Proverbs,18,21,Proverbs 18:21,4,in,,,,Clementine,VUL
20,Proverbs,18,21,Proverbs 18:21,5,manu,,,,Clementine,VUL
20,Proverbs,18,21,Proverbs 18:21,6,linguæ,,,,Clementine,VUL
20,Proverbs,18,21,Proverbs 18:21,7,;,,,,Clementine,VUL
20,Proverbs,18,21,Proverbs 18:21,8,qui,,,,Clementine,VUL
20,Proverbs,18,21,Proverbs 18:21,9,diligunt,,,,Clementine,VUL
20,Proverbs,18,21,Proverbs 18:21,10,eam,,,,Clementine,VUL
20,Proverbs,18,21,Proverbs 18:21,11,comedent,,,,Clementine,VUL
20,Proverbs,18,21,Proverbs 18:21,12,fructus,,,,Clementine,VUL
20,Proverbs,18,21,Proverbs 18:21,13,ejus.,,,,Clementine,VUL
20,Proverbs,18,22,Proverbs 18:22,1,Qui,,,,Clementine,VUL
20,Proverbs,18,22,Proverbs 18:22,2,invenit,,,,Clementine,VUL
20,Proverbs,18,22,Proverbs 18:22,3,mulierem,,,,Clementine,VUL
20,Proverbs,18,22,Proverbs 18:22,4,bonam,,,,Clementine,VUL
20,Proverbs,18,22,Proverbs 18:22,5,invenit,,,,Clementine,VUL
20,Proverbs,18,22,Proverbs 18:22,6,"bonum,",,,,Clementine,VUL
20,Proverbs,18,22,Proverbs 18:22,7,et,,,,Clementine,VUL
20,Proverbs,18,22,Proverbs 18:22,8,hauriet,,,,Clementine,VUL
20,Proverbs,18,22,Proverbs 18:22,9,jucunditatem,,,,Clementine,VUL
20,Proverbs,18,22,Proverbs 18:22,10,a,,,,Clementine,VUL
20,Proverbs,18,22,Proverbs 18:22,11,Domino.,,,,Clementine,VUL
20,Proverbs,18,22,Proverbs 18:22,12,Qui,,,,Clementine,VUL
20,Proverbs,18,22,Proverbs 18:22,13,expellit,,,,Clementine,VUL
20,Proverbs,18,22,Proverbs 18:22,14,mulierem,,,,Clementine,VUL
20,Proverbs,18,22,Proverbs 18:22,15,bonam,,,,Clementine,VUL
20,Proverbs,18,22,Proverbs 18:22,16,expellit,,,,Clementine,VUL
20,Proverbs,18,22,Proverbs 18:22,17,bonum,,,,Clementine,VUL
20,Proverbs,18,22,Proverbs 18:22,18,;,,,,Clementine,VUL
20,Proverbs,18,22,Proverbs 18:22,19,qui,,,,Clementine,VUL
20,Proverbs,18,22,Proverbs 18:22,20,autem,,,,Clementine,VUL
20,Proverbs,18,22,Proverbs 18:22,21,tenet,,,,Clementine,VUL
20,Proverbs,18,22,Proverbs 18:22,22,adulteram,,,,Clementine,VUL
20,Proverbs,18,22,Proverbs 18:22,23,stultus,,,,Clementine,VUL
20,Proverbs,18,22,Proverbs 18:22,24,est,,,,Clementine,VUL
20,Proverbs,18,22,Proverbs 18:22,25,et,,,,Clementine,VUL
20,Proverbs,18,22,Proverbs 18:22,26,impius.,,,,Clementine,VUL
20,Proverbs,18,23,Proverbs 18:23,1,Cum,,,,Clementine,VUL
20,Proverbs,18,23,Proverbs 18:23,2,obsecrationibus,,,,Clementine,VUL
20,Proverbs,18,23,Proverbs 18:23,3,loquetur,,,,Clementine,VUL
20,Proverbs,18,23,Proverbs 18:23,4,"pauper,",,,,Clementine,VUL
20,Proverbs,18,23,Proverbs 18:23,5,et,,,,Clementine,VUL
20,Proverbs,18,23,Proverbs 18:23,6,dives,,,,Clementine,VUL
20,Proverbs,18,23,Proverbs 18:23,7,effabitur,,,,Clementine,VUL
20,Proverbs,18,23,Proverbs 18:23,8,rigide.,,,,Clementine,VUL
20,Proverbs,18,24,Proverbs 18:24,1,Vir,,,,Clementine,VUL
20,Proverbs,18,24,Proverbs 18:24,2,amabilis,,,,Clementine,VUL
20,Proverbs,18,24,Proverbs 18:24,3,ad,,,,Clementine,VUL
20,Proverbs,18,24,Proverbs 18:24,4,societatem,,,,Clementine,VUL
20,Proverbs,18,24,Proverbs 18:24,5,magis,,,,Clementine,VUL
20,Proverbs,18,24,Proverbs 18:24,6,amicus,,,,Clementine,VUL
20,Proverbs,18,24,Proverbs 18:24,7,erit,,,,Clementine,VUL
20,Proverbs,18,24,Proverbs 18:24,8,quam,,,,Clementine,VUL
20,Proverbs,18,24,Proverbs 18:24,9,frater.,,,,Clementine,VUL
20,Proverbs,19,1,Proverbs 19:1,1,Melior,,,,Clementine,VUL
20,Proverbs,19,1,Proverbs 19:1,2,est,,,,Clementine,VUL
20,Proverbs,19,1,Proverbs 19:1,3,pauper,,,,Clementine,VUL
20,Proverbs,19,1,Proverbs 19:1,4,qui,,,,Clementine,VUL
20,Proverbs,19,1,Proverbs 19:1,5,ambulat,,,,Clementine,VUL
20,Proverbs,19,1,Proverbs 19:1,6,in,,,,Clementine,VUL
20,Proverbs,19,1,Proverbs 19:1,7,simplicitate,,,,Clementine,VUL
20,Proverbs,19,1,Proverbs 19:1,8,sua,,,,Clementine,VUL
20,Proverbs,19,1,Proverbs 19:1,9,quam,,,,Clementine,VUL
20,Proverbs,19,1,Proverbs 19:1,10,dives,,,,Clementine,VUL
20,Proverbs,19,1,Proverbs 19:1,11,torquens,,,,Clementine,VUL
20,Proverbs,19,1,Proverbs 19:1,12,labia,,,,Clementine,VUL
20,Proverbs,19,1,Proverbs 19:1,13,"sua,",,,,Clementine,VUL
20,Proverbs,19,1,Proverbs 19:1,14,et,,,,Clementine,VUL
20,Proverbs,19,1,Proverbs 19:1,15,insipiens.,,,,Clementine,VUL
20,Proverbs,19,2,Proverbs 19:2,1,Ubi,,,,Clementine,VUL
20,Proverbs,19,2,Proverbs 19:2,2,non,,,,Clementine,VUL
20,Proverbs,19,2,Proverbs 19:2,3,est,,,,Clementine,VUL
20,Proverbs,19,2,Proverbs 19:2,4,scientia,,,,Clementine,VUL
20,Proverbs,19,2,Proverbs 19:2,5,"animæ,",,,,Clementine,VUL
20,Proverbs,19,2,Proverbs 19:2,6,non,,,,Clementine,VUL
20,Proverbs,19,2,Proverbs 19:2,7,est,,,,Clementine,VUL
20,Proverbs,19,2,Proverbs 19:2,8,"bonum,",,,,Clementine,VUL
20,Proverbs,19,2,Proverbs 19:2,9,et,,,,Clementine,VUL
20,Proverbs,19,2,Proverbs 19:2,10,qui,,,,Clementine,VUL
20,Proverbs,19,2,Proverbs 19:2,11,festinus,,,,Clementine,VUL
20,Proverbs,19,2,Proverbs 19:2,12,est,,,,Clementine,VUL
20,Proverbs,19,2,Proverbs 19:2,13,pedibus,,,,Clementine,VUL
20,Proverbs,19,2,Proverbs 19:2,14,offendet.,,,,Clementine,VUL
20,Proverbs,19,3,Proverbs 19:3,1,Stultitia,,,,Clementine,VUL
20,Proverbs,19,3,Proverbs 19:3,2,hominis,,,,Clementine,VUL
20,Proverbs,19,3,Proverbs 19:3,3,supplantat,,,,Clementine,VUL
20,Proverbs,19,3,Proverbs 19:3,4,gressus,,,,Clementine,VUL
20,Proverbs,19,3,Proverbs 19:3,5,"ejus,",,,,Clementine,VUL
20,Proverbs,19,3,Proverbs 19:3,6,et,,,,Clementine,VUL
20,Proverbs,19,3,Proverbs 19:3,7,contra,,,,Clementine,VUL
20,Proverbs,19,3,Proverbs 19:3,8,Deum,,,,Clementine,VUL
20,Proverbs,19,3,Proverbs 19:3,9,fervet,,,,Clementine,VUL
20,Proverbs,19,3,Proverbs 19:3,10,animo,,,,Clementine,VUL
20,Proverbs,19,3,Proverbs 19:3,11,suo.,,,,Clementine,VUL
20,Proverbs,19,4,Proverbs 19:4,1,Divitiæ,,,,Clementine,VUL
20,Proverbs,19,4,Proverbs 19:4,2,addunt,,,,Clementine,VUL
20,Proverbs,19,4,Proverbs 19:4,3,amicos,,,,Clementine,VUL
20,Proverbs,19,4,Proverbs 19:4,4,plurimos,,,,Clementine,VUL
20,Proverbs,19,4,Proverbs 19:4,5,;,,,,Clementine,VUL
20,Proverbs,19,4,Proverbs 19:4,6,a,,,,Clementine,VUL
20,Proverbs,19,4,Proverbs 19:4,7,paupere,,,,Clementine,VUL
20,Proverbs,19,4,Proverbs 19:4,8,autem,,,,Clementine,VUL
20,Proverbs,19,4,Proverbs 19:4,9,et,,,,Clementine,VUL
20,Proverbs,19,4,Proverbs 19:4,10,hi,,,,Clementine,VUL
20,Proverbs,19,4,Proverbs 19:4,11,quos,,,,Clementine,VUL
20,Proverbs,19,4,Proverbs 19:4,12,habuit,,,,Clementine,VUL
20,Proverbs,19,4,Proverbs 19:4,13,separantur.,,,,Clementine,VUL
20,Proverbs,19,5,Proverbs 19:5,1,Testis,,,,Clementine,VUL
20,Proverbs,19,5,Proverbs 19:5,2,falsus,,,,Clementine,VUL
20,Proverbs,19,5,Proverbs 19:5,3,non,,,,Clementine,VUL
20,Proverbs,19,5,Proverbs 19:5,4,erit,,,,Clementine,VUL
20,Proverbs,19,5,Proverbs 19:5,5,"impunitus,",,,,Clementine,VUL
20,Proverbs,19,5,Proverbs 19:5,6,et,,,,Clementine,VUL
20,Proverbs,19,5,Proverbs 19:5,7,qui,,,,Clementine,VUL
20,Proverbs,19,5,Proverbs 19:5,8,mendacia,,,,Clementine,VUL
20,Proverbs,19,5,Proverbs 19:5,9,loquitur,,,,Clementine,VUL
20,Proverbs,19,5,Proverbs 19:5,10,non,,,,Clementine,VUL
20,Proverbs,19,5,Proverbs 19:5,11,effugiet.,,,,Clementine,VUL
20,Proverbs,19,6,Proverbs 19:6,1,Multi,,,,Clementine,VUL
20,Proverbs,19,6,Proverbs 19:6,2,colunt,,,,Clementine,VUL
20,Proverbs,19,6,Proverbs 19:6,3,personam,,,,Clementine,VUL
20,Proverbs,19,6,Proverbs 19:6,4,"potentis,",,,,Clementine,VUL
20,Proverbs,19,6,Proverbs 19:6,5,et,,,,Clementine,VUL
20,Proverbs,19,6,Proverbs 19:6,6,amici,,,,Clementine,VUL
20,Proverbs,19,6,Proverbs 19:6,7,sunt,,,,Clementine,VUL
20,Proverbs,19,6,Proverbs 19:6,8,dona,,,,Clementine,VUL
20,Proverbs,19,6,Proverbs 19:6,9,tribuentis.,,,,Clementine,VUL
20,Proverbs,19,7,Proverbs 19:7,1,Fratres,,,,Clementine,VUL
20,Proverbs,19,7,Proverbs 19:7,2,hominis,,,,Clementine,VUL
20,Proverbs,19,7,Proverbs 19:7,3,pauperis,,,,Clementine,VUL
20,Proverbs,19,7,Proverbs 19:7,4,oderunt,,,,Clementine,VUL
20,Proverbs,19,7,Proverbs 19:7,5,eum,,,,Clementine,VUL
20,Proverbs,19,7,Proverbs 19:7,6,;,,,,Clementine,VUL
20,Proverbs,19,7,Proverbs 19:7,7,insuper,,,,Clementine,VUL
20,Proverbs,19,7,Proverbs 19:7,8,et,,,,Clementine,VUL
20,Proverbs,19,7,Proverbs 19:7,9,amici,,,,Clementine,VUL
20,Proverbs,19,7,Proverbs 19:7,10,procul,,,,Clementine,VUL
20,Proverbs,19,7,Proverbs 19:7,11,recesserunt,,,,Clementine,VUL
20,Proverbs,19,7,Proverbs 19:7,12,ab,,,,Clementine,VUL
20,Proverbs,19,7,Proverbs 19:7,13,eo.,,,,Clementine,VUL
20,Proverbs,19,7,Proverbs 19:7,14,Qui,,,,Clementine,VUL
20,Proverbs,19,7,Proverbs 19:7,15,tantum,,,,Clementine,VUL
20,Proverbs,19,7,Proverbs 19:7,16,verba,,,,Clementine,VUL
20,Proverbs,19,7,Proverbs 19:7,17,sectatur,,,,Clementine,VUL
20,Proverbs,19,7,Proverbs 19:7,18,nihil,,,,Clementine,VUL
20,Proverbs,19,7,Proverbs 19:7,19,habebit,,,,Clementine,VUL
20,Proverbs,19,7,Proverbs 19:7,20,;,,,,Clementine,VUL
20,Proverbs,19,8,Proverbs 19:8,1,qui,,,,Clementine,VUL
20,Proverbs,19,8,Proverbs 19:8,2,autem,,,,Clementine,VUL
20,Proverbs,19,8,Proverbs 19:8,3,possessor,,,,Clementine,VUL
20,Proverbs,19,8,Proverbs 19:8,4,est,,,,Clementine,VUL
20,Proverbs,19,8,Proverbs 19:8,5,mentis,,,,Clementine,VUL
20,Proverbs,19,8,Proverbs 19:8,6,diligit,,,,Clementine,VUL
20,Proverbs,19,8,Proverbs 19:8,7,animam,,,,Clementine,VUL
20,Proverbs,19,8,Proverbs 19:8,8,"suam,",,,,Clementine,VUL
20,Proverbs,19,8,Proverbs 19:8,9,et,,,,Clementine,VUL
20,Proverbs,19,8,Proverbs 19:8,10,custos,,,,Clementine,VUL
20,Proverbs,19,8,Proverbs 19:8,11,prudentiæ,,,,Clementine,VUL
20,Proverbs,19,8,Proverbs 19:8,12,inveniet,,,,Clementine,VUL
20,Proverbs,19,8,Proverbs 19:8,13,bona.,,,,Clementine,VUL
20,Proverbs,19,9,Proverbs 19:9,1,Falsus,,,,Clementine,VUL
20,Proverbs,19,9,Proverbs 19:9,2,testis,,,,Clementine,VUL
20,Proverbs,19,9,Proverbs 19:9,3,non,,,,Clementine,VUL
20,Proverbs,19,9,Proverbs 19:9,4,erit,,,,Clementine,VUL
20,Proverbs,19,9,Proverbs 19:9,5,"impunitus,",,,,Clementine,VUL
20,Proverbs,19,9,Proverbs 19:9,6,et,,,,Clementine,VUL
20,Proverbs,19,9,Proverbs 19:9,7,qui,,,,Clementine,VUL
20,Proverbs,19,9,Proverbs 19:9,8,loquitur,,,,Clementine,VUL
20,Proverbs,19,9,Proverbs 19:9,9,mendacia,,,,Clementine,VUL
20,Proverbs,19,9,Proverbs 19:9,10,peribit.,,,,Clementine,VUL
20,Proverbs,19,10,Proverbs 19:10,1,Non,,,,Clementine,VUL
20,Proverbs,19,10,Proverbs 19:10,2,decent,,,,Clementine,VUL
20,Proverbs,19,10,Proverbs 19:10,3,stultum,,,,Clementine,VUL
20,Proverbs,19,10,Proverbs 19:10,4,"deliciæ,",,,,Clementine,VUL
20,Proverbs,19,10,Proverbs 19:10,5,nec,,,,Clementine,VUL
20,Proverbs,19,10,Proverbs 19:10,6,servum,,,,Clementine,VUL
20,Proverbs,19,10,Proverbs 19:10,7,dominari,,,,Clementine,VUL
20,Proverbs,19,10,Proverbs 19:10,8,principibus.,,,,Clementine,VUL
20,Proverbs,19,11,Proverbs 19:11,1,Doctrina,,,,Clementine,VUL
20,Proverbs,19,11,Proverbs 19:11,2,viri,,,,Clementine,VUL
20,Proverbs,19,11,Proverbs 19:11,3,per,,,,Clementine,VUL
20,Proverbs,19,11,Proverbs 19:11,4,patientiam,,,,Clementine,VUL
20,Proverbs,19,11,Proverbs 19:11,5,"noscitur,",,,,Clementine,VUL
20,Proverbs,19,11,Proverbs 19:11,6,et,,,,Clementine,VUL
20,Proverbs,19,11,Proverbs 19:11,7,gloria,,,,Clementine,VUL
20,Proverbs,19,11,Proverbs 19:11,8,ejus,,,,Clementine,VUL
20,Proverbs,19,11,Proverbs 19:11,9,est,,,,Clementine,VUL
20,Proverbs,19,11,Proverbs 19:11,10,iniqua,,,,Clementine,VUL
20,Proverbs,19,11,Proverbs 19:11,11,prætergredi.,,,,Clementine,VUL
20,Proverbs,19,12,Proverbs 19:12,1,Sicut,,,,Clementine,VUL
20,Proverbs,19,12,Proverbs 19:12,2,fremitus,,,,Clementine,VUL
20,Proverbs,19,12,Proverbs 19:12,3,"leonis,",,,,Clementine,VUL
20,Proverbs,19,12,Proverbs 19:12,4,ita,,,,Clementine,VUL
20,Proverbs,19,12,Proverbs 19:12,5,et,,,,Clementine,VUL
20,Proverbs,19,12,Proverbs 19:12,6,regis,,,,Clementine,VUL
20,Proverbs,19,12,Proverbs 19:12,7,"ira,",,,,Clementine,VUL
20,Proverbs,19,12,Proverbs 19:12,8,et,,,,Clementine,VUL
20,Proverbs,19,12,Proverbs 19:12,9,sicut,,,,Clementine,VUL
20,Proverbs,19,12,Proverbs 19:12,10,ros,,,,Clementine,VUL
20,Proverbs,19,12,Proverbs 19:12,11,super,,,,Clementine,VUL
20,Proverbs,19,12,Proverbs 19:12,12,"herbam,",,,,Clementine,VUL
20,Proverbs,19,12,Proverbs 19:12,13,ita,,,,Clementine,VUL
20,Proverbs,19,12,Proverbs 19:12,14,et,,,,Clementine,VUL
20,Proverbs,19,12,Proverbs 19:12,15,hilaritas,,,,Clementine,VUL
20,Proverbs,19,12,Proverbs 19:12,16,ejus.,,,,Clementine,VUL
20,Proverbs,19,13,Proverbs 19:13,1,Dolor,,,,Clementine,VUL
20,Proverbs,19,13,Proverbs 19:13,2,patris,,,,Clementine,VUL
20,Proverbs,19,13,Proverbs 19:13,3,filius,,,,Clementine,VUL
20,Proverbs,19,13,Proverbs 19:13,4,"stultus,",,,,Clementine,VUL
20,Proverbs,19,13,Proverbs 19:13,5,et,,,,Clementine,VUL
20,Proverbs,19,13,Proverbs 19:13,6,tecta,,,,Clementine,VUL
20,Proverbs,19,13,Proverbs 19:13,7,jugiter,,,,Clementine,VUL
20,Proverbs,19,13,Proverbs 19:13,8,perstillantia,,,,Clementine,VUL
20,Proverbs,19,13,Proverbs 19:13,9,litigiosa,,,,Clementine,VUL
20,Proverbs,19,13,Proverbs 19:13,10,mulier.,,,,Clementine,VUL
20,Proverbs,19,14,Proverbs 19:14,1,Domus,,,,Clementine,VUL
20,Proverbs,19,14,Proverbs 19:14,2,et,,,,Clementine,VUL
20,Proverbs,19,14,Proverbs 19:14,3,divitiæ,,,,Clementine,VUL
20,Proverbs,19,14,Proverbs 19:14,4,dantur,,,,Clementine,VUL
20,Proverbs,19,14,Proverbs 19:14,5,a,,,,Clementine,VUL
20,Proverbs,19,14,Proverbs 19:14,6,parentibus,,,,Clementine,VUL
20,Proverbs,19,14,Proverbs 19:14,7,;,,,,Clementine,VUL
20,Proverbs,19,14,Proverbs 19:14,8,a,,,,Clementine,VUL
20,Proverbs,19,14,Proverbs 19:14,9,Domino,,,,Clementine,VUL
20,Proverbs,19,14,Proverbs 19:14,10,autem,,,,Clementine,VUL
20,Proverbs,19,14,Proverbs 19:14,11,proprie,,,,Clementine,VUL
20,Proverbs,19,14,Proverbs 19:14,12,uxor,,,,Clementine,VUL
20,Proverbs,19,14,Proverbs 19:14,13,prudens.,,,,Clementine,VUL
20,Proverbs,19,15,Proverbs 19:15,1,Pigredo,,,,Clementine,VUL
20,Proverbs,19,15,Proverbs 19:15,2,immittit,,,,Clementine,VUL
20,Proverbs,19,15,Proverbs 19:15,3,"soporem,",,,,Clementine,VUL
20,Proverbs,19,15,Proverbs 19:15,4,et,,,,Clementine,VUL
20,Proverbs,19,15,Proverbs 19:15,5,anima,,,,Clementine,VUL
20,Proverbs,19,15,Proverbs 19:15,6,dissoluta,,,,Clementine,VUL
20,Proverbs,19,15,Proverbs 19:15,7,esuriet.,,,,Clementine,VUL
20,Proverbs,19,16,Proverbs 19:16,1,Qui,,,,Clementine,VUL
20,Proverbs,19,16,Proverbs 19:16,2,custodit,,,,Clementine,VUL
20,Proverbs,19,16,Proverbs 19:16,3,mandatum,,,,Clementine,VUL
20,Proverbs,19,16,Proverbs 19:16,4,custodit,,,,Clementine,VUL
20,Proverbs,19,16,Proverbs 19:16,5,animam,,,,Clementine,VUL
20,Proverbs,19,16,Proverbs 19:16,6,suam,,,,Clementine,VUL
20,Proverbs,19,16,Proverbs 19:16,7,;,,,,Clementine,VUL
20,Proverbs,19,16,Proverbs 19:16,8,qui,,,,Clementine,VUL
20,Proverbs,19,16,Proverbs 19:16,9,autem,,,,Clementine,VUL
20,Proverbs,19,16,Proverbs 19:16,10,negligit,,,,Clementine,VUL
20,Proverbs,19,16,Proverbs 19:16,11,viam,,,,Clementine,VUL
20,Proverbs,19,16,Proverbs 19:16,12,suam,,,,Clementine,VUL
20,Proverbs,19,16,Proverbs 19:16,13,mortificabitur.,,,,Clementine,VUL
20,Proverbs,19,17,Proverbs 19:17,1,Fœneratur,,,,Clementine,VUL
20,Proverbs,19,17,Proverbs 19:17,2,Domino,,,,Clementine,VUL
20,Proverbs,19,17,Proverbs 19:17,3,qui,,,,Clementine,VUL
20,Proverbs,19,17,Proverbs 19:17,4,miseretur,,,,Clementine,VUL
20,Proverbs,19,17,Proverbs 19:17,5,"pauperis,",,,,Clementine,VUL
20,Proverbs,19,17,Proverbs 19:17,6,et,,,,Clementine,VUL
20,Proverbs,19,17,Proverbs 19:17,7,vicissitudinem,,,,Clementine,VUL
20,Proverbs,19,17,Proverbs 19:17,8,suam,,,,Clementine,VUL
20,Proverbs,19,17,Proverbs 19:17,9,reddet,,,,Clementine,VUL
20,Proverbs,19,17,Proverbs 19:17,10,ei.,,,,Clementine,VUL
20,Proverbs,19,18,Proverbs 19:18,1,Erudi,,,,Clementine,VUL
20,Proverbs,19,18,Proverbs 19:18,2,filium,,,,Clementine,VUL
20,Proverbs,19,18,Proverbs 19:18,3,tuum,,,,Clementine,VUL
20,Proverbs,19,18,Proverbs 19:18,4,;,,,,Clementine,VUL
20,Proverbs,19,18,Proverbs 19:18,5,ne,,,,Clementine,VUL
20,Proverbs,19,18,Proverbs 19:18,6,desperes,,,,Clementine,VUL
20,Proverbs,19,18,Proverbs 19:18,7,:,,,,Clementine,VUL
20,Proverbs,19,18,Proverbs 19:18,8,ad,,,,Clementine,VUL
20,Proverbs,19,18,Proverbs 19:18,9,interfectionem,,,,Clementine,VUL
20,Proverbs,19,18,Proverbs 19:18,10,autem,,,,Clementine,VUL
20,Proverbs,19,18,Proverbs 19:18,11,ejus,,,,Clementine,VUL
20,Proverbs,19,18,Proverbs 19:18,12,ne,,,,Clementine,VUL
20,Proverbs,19,18,Proverbs 19:18,13,ponas,,,,Clementine,VUL
20,Proverbs,19,18,Proverbs 19:18,14,animam,,,,Clementine,VUL
20,Proverbs,19,18,Proverbs 19:18,15,tuam.,,,,Clementine,VUL
20,Proverbs,19,19,Proverbs 19:19,1,Qui,,,,Clementine,VUL
20,Proverbs,19,19,Proverbs 19:19,2,impatiens,,,,Clementine,VUL
20,Proverbs,19,19,Proverbs 19:19,3,est,,,,Clementine,VUL
20,Proverbs,19,19,Proverbs 19:19,4,sustinebit,,,,Clementine,VUL
20,Proverbs,19,19,Proverbs 19:19,5,"damnum,",,,,Clementine,VUL
20,Proverbs,19,19,Proverbs 19:19,6,et,,,,Clementine,VUL
20,Proverbs,19,19,Proverbs 19:19,7,cum,,,,Clementine,VUL
20,Proverbs,19,19,Proverbs 19:19,8,"rapuerit,",,,,Clementine,VUL
20,Proverbs,19,19,Proverbs 19:19,9,aliud,,,,Clementine,VUL
20,Proverbs,19,19,Proverbs 19:19,10,apponet.,,,,Clementine,VUL
20,Proverbs,19,20,Proverbs 19:20,1,Audi,,,,Clementine,VUL
20,Proverbs,19,20,Proverbs 19:20,2,"consilium,",,,,Clementine,VUL
20,Proverbs,19,20,Proverbs 19:20,3,et,,,,Clementine,VUL
20,Proverbs,19,20,Proverbs 19:20,4,suscipe,,,,Clementine,VUL
20,Proverbs,19,20,Proverbs 19:20,5,"disciplinam,",,,,Clementine,VUL
20,Proverbs,19,20,Proverbs 19:20,6,ut,,,,Clementine,VUL
20,Proverbs,19,20,Proverbs 19:20,7,sis,,,,Clementine,VUL
20,Proverbs,19,20,Proverbs 19:20,8,sapiens,,,,Clementine,VUL
20,Proverbs,19,20,Proverbs 19:20,9,in,,,,Clementine,VUL
20,Proverbs,19,20,Proverbs 19:20,10,novissimis,,,,Clementine,VUL
20,Proverbs,19,20,Proverbs 19:20,11,tuis.,,,,Clementine,VUL
20,Proverbs,19,21,Proverbs 19:21,1,Multæ,,,,Clementine,VUL
20,Proverbs,19,21,Proverbs 19:21,2,cogitationes,,,,Clementine,VUL
20,Proverbs,19,21,Proverbs 19:21,3,in,,,,Clementine,VUL
20,Proverbs,19,21,Proverbs 19:21,4,corde,,,,Clementine,VUL
20,Proverbs,19,21,Proverbs 19:21,5,viri,,,,Clementine,VUL
20,Proverbs,19,21,Proverbs 19:21,6,;,,,,Clementine,VUL
20,Proverbs,19,21,Proverbs 19:21,7,voluntas,,,,Clementine,VUL
20,Proverbs,19,21,Proverbs 19:21,8,autem,,,,Clementine,VUL
20,Proverbs,19,21,Proverbs 19:21,9,Domini,,,,Clementine,VUL
20,Proverbs,19,21,Proverbs 19:21,10,permanebit.,,,,Clementine,VUL
20,Proverbs,19,22,Proverbs 19:22,1,Homo,,,,Clementine,VUL
20,Proverbs,19,22,Proverbs 19:22,2,indigens,,,,Clementine,VUL
20,Proverbs,19,22,Proverbs 19:22,3,misericors,,,,Clementine,VUL
20,Proverbs,19,22,Proverbs 19:22,4,"est,",,,,Clementine,VUL
20,Proverbs,19,22,Proverbs 19:22,5,et,,,,Clementine,VUL
20,Proverbs,19,22,Proverbs 19:22,6,melior,,,,Clementine,VUL
20,Proverbs,19,22,Proverbs 19:22,7,est,,,,Clementine,VUL
20,Proverbs,19,22,Proverbs 19:22,8,pauper,,,,Clementine,VUL
20,Proverbs,19,22,Proverbs 19:22,9,quam,,,,Clementine,VUL
20,Proverbs,19,22,Proverbs 19:22,10,vir,,,,Clementine,VUL
20,Proverbs,19,22,Proverbs 19:22,11,mendax.,,,,Clementine,VUL
20,Proverbs,19,23,Proverbs 19:23,1,Timor,,,,Clementine,VUL
20,Proverbs,19,23,Proverbs 19:23,2,Domini,,,,Clementine,VUL
20,Proverbs,19,23,Proverbs 19:23,3,ad,,,,Clementine,VUL
20,Proverbs,19,23,Proverbs 19:23,4,"vitam,",,,,Clementine,VUL
20,Proverbs,19,23,Proverbs 19:23,5,et,,,,Clementine,VUL
20,Proverbs,19,23,Proverbs 19:23,6,in,,,,Clementine,VUL
20,Proverbs,19,23,Proverbs 19:23,7,plenitudine,,,,Clementine,VUL
20,Proverbs,19,23,Proverbs 19:23,8,commorabitur,,,,Clementine,VUL
20,Proverbs,19,23,Proverbs 19:23,9,absque,,,,Clementine,VUL
20,Proverbs,19,23,Proverbs 19:23,10,visitatione,,,,Clementine,VUL
20,Proverbs,19,23,Proverbs 19:23,11,pessima.,,,,Clementine,VUL
20,Proverbs,19,24,Proverbs 19:24,1,Abscondit,,,,Clementine,VUL
20,Proverbs,19,24,Proverbs 19:24,2,piger,,,,Clementine,VUL
20,Proverbs,19,24,Proverbs 19:24,3,manum,,,,Clementine,VUL
20,Proverbs,19,24,Proverbs 19:24,4,suam,,,,Clementine,VUL
20,Proverbs,19,24,Proverbs 19:24,5,sub,,,,Clementine,VUL
20,Proverbs,19,24,Proverbs 19:24,6,"ascella,",,,,Clementine,VUL
20,Proverbs,19,24,Proverbs 19:24,7,nec,,,,Clementine,VUL
20,Proverbs,19,24,Proverbs 19:24,8,ad,,,,Clementine,VUL
20,Proverbs,19,24,Proverbs 19:24,9,os,,,,Clementine,VUL
20,Proverbs,19,24,Proverbs 19:24,10,suum,,,,Clementine,VUL
20,Proverbs,19,24,Proverbs 19:24,11,applicat,,,,Clementine,VUL
20,Proverbs,19,24,Proverbs 19:24,12,eam.,,,,Clementine,VUL
20,Proverbs,19,25,Proverbs 19:25,1,Pestilente,,,,Clementine,VUL
20,Proverbs,19,25,Proverbs 19:25,2,flagellato,,,,Clementine,VUL
20,Proverbs,19,25,Proverbs 19:25,3,stultus,,,,Clementine,VUL
20,Proverbs,19,25,Proverbs 19:25,4,sapientior,,,,Clementine,VUL
20,Proverbs,19,25,Proverbs 19:25,5,erit,,,,Clementine,VUL
20,Proverbs,19,25,Proverbs 19:25,6,;,,,,Clementine,VUL
20,Proverbs,19,25,Proverbs 19:25,7,si,,,,Clementine,VUL
20,Proverbs,19,25,Proverbs 19:25,8,autem,,,,Clementine,VUL
20,Proverbs,19,25,Proverbs 19:25,9,corripueris,,,,Clementine,VUL
20,Proverbs,19,25,Proverbs 19:25,10,"sapientem,",,,,Clementine,VUL
20,Proverbs,19,25,Proverbs 19:25,11,intelliget,,,,Clementine,VUL
20,Proverbs,19,25,Proverbs 19:25,12,disciplinam.,,,,Clementine,VUL
20,Proverbs,19,26,Proverbs 19:26,1,Qui,,,,Clementine,VUL
20,Proverbs,19,26,Proverbs 19:26,2,affligit,,,,Clementine,VUL
20,Proverbs,19,26,Proverbs 19:26,3,"patrem,",,,,Clementine,VUL
20,Proverbs,19,26,Proverbs 19:26,4,et,,,,Clementine,VUL
20,Proverbs,19,26,Proverbs 19:26,5,fugat,,,,Clementine,VUL
20,Proverbs,19,26,Proverbs 19:26,6,"matrem,",,,,Clementine,VUL
20,Proverbs,19,26,Proverbs 19:26,7,ignominiosus,,,,Clementine,VUL
20,Proverbs,19,26,Proverbs 19:26,8,est,,,,Clementine,VUL
20,Proverbs,19,26,Proverbs 19:26,9,et,,,,Clementine,VUL
20,Proverbs,19,26,Proverbs 19:26,10,infelix.,,,,Clementine,VUL
20,Proverbs,19,27,Proverbs 19:27,1,Non,,,,Clementine,VUL
20,Proverbs,19,27,Proverbs 19:27,2,"cesses,",,,,Clementine,VUL
20,Proverbs,19,27,Proverbs 19:27,3,"fili,",,,,Clementine,VUL
20,Proverbs,19,27,Proverbs 19:27,4,audire,,,,Clementine,VUL
20,Proverbs,19,27,Proverbs 19:27,5,"doctrinam,",,,,Clementine,VUL
20,Proverbs,19,27,Proverbs 19:27,6,nec,,,,Clementine,VUL
20,Proverbs,19,27,Proverbs 19:27,7,ignores,,,,Clementine,VUL
20,Proverbs,19,27,Proverbs 19:27,8,sermones,,,,Clementine,VUL
20,Proverbs,19,27,Proverbs 19:27,9,scientiæ.,,,,Clementine,VUL
20,Proverbs,19,28,Proverbs 19:28,1,Testis,,,,Clementine,VUL
20,Proverbs,19,28,Proverbs 19:28,2,iniquus,,,,Clementine,VUL
20,Proverbs,19,28,Proverbs 19:28,3,deridet,,,,Clementine,VUL
20,Proverbs,19,28,Proverbs 19:28,4,"judicium,",,,,Clementine,VUL
20,Proverbs,19,28,Proverbs 19:28,5,et,,,,Clementine,VUL
20,Proverbs,19,28,Proverbs 19:28,6,os,,,,Clementine,VUL
20,Proverbs,19,28,Proverbs 19:28,7,impiorum,,,,Clementine,VUL
20,Proverbs,19,28,Proverbs 19:28,8,devorat,,,,Clementine,VUL
20,Proverbs,19,28,Proverbs 19:28,9,iniquitatem.,,,,Clementine,VUL
20,Proverbs,19,29,Proverbs 19:29,1,Parata,,,,Clementine,VUL
20,Proverbs,19,29,Proverbs 19:29,2,sunt,,,,Clementine,VUL
20,Proverbs,19,29,Proverbs 19:29,3,derisoribus,,,,Clementine,VUL
20,Proverbs,19,29,Proverbs 19:29,4,"judicia,",,,,Clementine,VUL
20,Proverbs,19,29,Proverbs 19:29,5,et,,,,Clementine,VUL
20,Proverbs,19,29,Proverbs 19:29,6,mallei,,,,Clementine,VUL
20,Proverbs,19,29,Proverbs 19:29,7,percutientes,,,,Clementine,VUL
20,Proverbs,19,29,Proverbs 19:29,8,stultorum,,,,Clementine,VUL
20,Proverbs,19,29,Proverbs 19:29,9,corporibus.,,,,Clementine,VUL
20,Proverbs,20,1,Proverbs 20:1,1,Luxuriosa,,,,Clementine,VUL
20,Proverbs,20,1,Proverbs 20:1,2,res,,,,Clementine,VUL
20,Proverbs,20,1,Proverbs 20:1,3,"vinum,",,,,Clementine,VUL
20,Proverbs,20,1,Proverbs 20:1,4,et,,,,Clementine,VUL
20,Proverbs,20,1,Proverbs 20:1,5,tumultuosa,,,,Clementine,VUL
20,Proverbs,20,1,Proverbs 20:1,6,ebrietas,,,,Clementine,VUL
20,Proverbs,20,1,Proverbs 20:1,7,:,,,,Clementine,VUL
20,Proverbs,20,1,Proverbs 20:1,8,quicumque,,,,Clementine,VUL
20,Proverbs,20,1,Proverbs 20:1,9,his,,,,Clementine,VUL
20,Proverbs,20,1,Proverbs 20:1,10,delectatur,,,,Clementine,VUL
20,Proverbs,20,1,Proverbs 20:1,11,non,,,,Clementine,VUL
20,Proverbs,20,1,Proverbs 20:1,12,erit,,,,Clementine,VUL
20,Proverbs,20,1,Proverbs 20:1,13,sapiens.,,,,Clementine,VUL
20,Proverbs,20,2,Proverbs 20:2,1,Sicut,,,,Clementine,VUL
20,Proverbs,20,2,Proverbs 20:2,2,rugitus,,,,Clementine,VUL
20,Proverbs,20,2,Proverbs 20:2,3,"leonis,",,,,Clementine,VUL
20,Proverbs,20,2,Proverbs 20:2,4,ita,,,,Clementine,VUL
20,Proverbs,20,2,Proverbs 20:2,5,et,,,,Clementine,VUL
20,Proverbs,20,2,Proverbs 20:2,6,terror,,,,Clementine,VUL
20,Proverbs,20,2,Proverbs 20:2,7,regis,,,,Clementine,VUL
20,Proverbs,20,2,Proverbs 20:2,8,:,,,,Clementine,VUL
20,Proverbs,20,2,Proverbs 20:2,9,qui,,,,Clementine,VUL
20,Proverbs,20,2,Proverbs 20:2,10,provocat,,,,Clementine,VUL
20,Proverbs,20,2,Proverbs 20:2,11,eum,,,,Clementine,VUL
20,Proverbs,20,2,Proverbs 20:2,12,peccat,,,,Clementine,VUL
20,Proverbs,20,2,Proverbs 20:2,13,in,,,,Clementine,VUL
20,Proverbs,20,2,Proverbs 20:2,14,animam,,,,Clementine,VUL
20,Proverbs,20,2,Proverbs 20:2,15,suam.,,,,Clementine,VUL
20,Proverbs,20,3,Proverbs 20:3,1,Honor,,,,Clementine,VUL
20,Proverbs,20,3,Proverbs 20:3,2,est,,,,Clementine,VUL
20,Proverbs,20,3,Proverbs 20:3,3,homini,,,,Clementine,VUL
20,Proverbs,20,3,Proverbs 20:3,4,qui,,,,Clementine,VUL
20,Proverbs,20,3,Proverbs 20:3,5,separat,,,,Clementine,VUL
20,Proverbs,20,3,Proverbs 20:3,6,se,,,,Clementine,VUL
20,Proverbs,20,3,Proverbs 20:3,7,a,,,,Clementine,VUL
20,Proverbs,20,3,Proverbs 20:3,8,contentionibus,,,,Clementine,VUL
20,Proverbs,20,3,Proverbs 20:3,9,;,,,,Clementine,VUL
20,Proverbs,20,3,Proverbs 20:3,10,omnes,,,,Clementine,VUL
20,Proverbs,20,3,Proverbs 20:3,11,autem,,,,Clementine,VUL
20,Proverbs,20,3,Proverbs 20:3,12,stulti,,,,Clementine,VUL
20,Proverbs,20,3,Proverbs 20:3,13,miscentur,,,,Clementine,VUL
20,Proverbs,20,3,Proverbs 20:3,14,contumeliis.,,,,Clementine,VUL
20,Proverbs,20,4,Proverbs 20:4,1,Propter,,,,Clementine,VUL
20,Proverbs,20,4,Proverbs 20:4,2,frigus,,,,Clementine,VUL
20,Proverbs,20,4,Proverbs 20:4,3,piger,,,,Clementine,VUL
20,Proverbs,20,4,Proverbs 20:4,4,arare,,,,Clementine,VUL
20,Proverbs,20,4,Proverbs 20:4,5,noluit,,,,Clementine,VUL
20,Proverbs,20,4,Proverbs 20:4,6,;,,,,Clementine,VUL
20,Proverbs,20,4,Proverbs 20:4,7,mendicabit,,,,Clementine,VUL
20,Proverbs,20,4,Proverbs 20:4,8,ergo,,,,Clementine,VUL
20,Proverbs,20,4,Proverbs 20:4,9,"æstate,",,,,Clementine,VUL
20,Proverbs,20,4,Proverbs 20:4,10,et,,,,Clementine,VUL
20,Proverbs,20,4,Proverbs 20:4,11,non,,,,Clementine,VUL
20,Proverbs,20,4,Proverbs 20:4,12,dabitur,,,,Clementine,VUL
20,Proverbs,20,4,Proverbs 20:4,13,illi.,,,,Clementine,VUL
20,Proverbs,20,5,Proverbs 20:5,1,Sicut,,,,Clementine,VUL
20,Proverbs,20,5,Proverbs 20:5,2,aqua,,,,Clementine,VUL
20,Proverbs,20,5,Proverbs 20:5,3,"profunda,",,,,Clementine,VUL
20,Proverbs,20,5,Proverbs 20:5,4,sic,,,,Clementine,VUL
20,Proverbs,20,5,Proverbs 20:5,5,consilium,,,,Clementine,VUL
20,Proverbs,20,5,Proverbs 20:5,6,in,,,,Clementine,VUL
20,Proverbs,20,5,Proverbs 20:5,7,corde,,,,Clementine,VUL
20,Proverbs,20,5,Proverbs 20:5,8,viri,,,,Clementine,VUL
20,Proverbs,20,5,Proverbs 20:5,9,;,,,,Clementine,VUL
20,Proverbs,20,5,Proverbs 20:5,10,sed,,,,Clementine,VUL
20,Proverbs,20,5,Proverbs 20:5,11,homo,,,,Clementine,VUL
20,Proverbs,20,5,Proverbs 20:5,12,sapiens,,,,Clementine,VUL
20,Proverbs,20,5,Proverbs 20:5,13,exhauriet,,,,Clementine,VUL
20,Proverbs,20,5,Proverbs 20:5,14,illud.,,,,Clementine,VUL
20,Proverbs,20,6,Proverbs 20:6,1,Multi,,,,Clementine,VUL
20,Proverbs,20,6,Proverbs 20:6,2,homines,,,,Clementine,VUL
20,Proverbs,20,6,Proverbs 20:6,3,misericordes,,,,Clementine,VUL
20,Proverbs,20,6,Proverbs 20:6,4,vocantur,,,,Clementine,VUL
20,Proverbs,20,6,Proverbs 20:6,5,;,,,,Clementine,VUL
20,Proverbs,20,6,Proverbs 20:6,6,virum,,,,Clementine,VUL
20,Proverbs,20,6,Proverbs 20:6,7,autem,,,,Clementine,VUL
20,Proverbs,20,6,Proverbs 20:6,8,fidelem,,,,Clementine,VUL
20,Proverbs,20,6,Proverbs 20:6,9,quis,,,,Clementine,VUL
20,Proverbs,20,6,Proverbs 20:6,10,inveniet,,,,Clementine,VUL
20,Proverbs,20,6,Proverbs 20:6,11,?,,,,Clementine,VUL
20,Proverbs,20,7,Proverbs 20:7,1,Justus,,,,Clementine,VUL
20,Proverbs,20,7,Proverbs 20:7,2,qui,,,,Clementine,VUL
20,Proverbs,20,7,Proverbs 20:7,3,ambulat,,,,Clementine,VUL
20,Proverbs,20,7,Proverbs 20:7,4,in,,,,Clementine,VUL
20,Proverbs,20,7,Proverbs 20:7,5,simplicitate,,,,Clementine,VUL
20,Proverbs,20,7,Proverbs 20:7,6,sua,,,,Clementine,VUL
20,Proverbs,20,7,Proverbs 20:7,7,beatos,,,,Clementine,VUL
20,Proverbs,20,7,Proverbs 20:7,8,post,,,,Clementine,VUL
20,Proverbs,20,7,Proverbs 20:7,9,se,,,,Clementine,VUL
20,Proverbs,20,7,Proverbs 20:7,10,filios,,,,Clementine,VUL
20,Proverbs,20,7,Proverbs 20:7,11,derelinquet.,,,,Clementine,VUL
20,Proverbs,20,8,Proverbs 20:8,1,Rex,,,,Clementine,VUL
20,Proverbs,20,8,Proverbs 20:8,2,qui,,,,Clementine,VUL
20,Proverbs,20,8,Proverbs 20:8,3,sedet,,,,Clementine,VUL
20,Proverbs,20,8,Proverbs 20:8,4,in,,,,Clementine,VUL
20,Proverbs,20,8,Proverbs 20:8,5,solio,,,,Clementine,VUL
20,Proverbs,20,8,Proverbs 20:8,6,judicii,,,,Clementine,VUL
20,Proverbs,20,8,Proverbs 20:8,7,dissipat,,,,Clementine,VUL
20,Proverbs,20,8,Proverbs 20:8,8,omne,,,,Clementine,VUL
20,Proverbs,20,8,Proverbs 20:8,9,malum,,,,Clementine,VUL
20,Proverbs,20,8,Proverbs 20:8,10,intuitu,,,,Clementine,VUL
20,Proverbs,20,8,Proverbs 20:8,11,suo.,,,,Clementine,VUL
20,Proverbs,20,9,Proverbs 20:9,1,Quis,,,,Clementine,VUL
20,Proverbs,20,9,Proverbs 20:9,2,potest,,,,Clementine,VUL
20,Proverbs,20,9,Proverbs 20:9,3,dicere,,,,Clementine,VUL
20,Proverbs,20,9,Proverbs 20:9,4,:,,,,Clementine,VUL
20,Proverbs,20,9,Proverbs 20:9,5,Mundum,,,,Clementine,VUL
20,Proverbs,20,9,Proverbs 20:9,6,est,,,,Clementine,VUL
20,Proverbs,20,9,Proverbs 20:9,7,cor,,,,Clementine,VUL
20,Proverbs,20,9,Proverbs 20:9,8,meum,,,,Clementine,VUL
20,Proverbs,20,9,Proverbs 20:9,9,;,,,,Clementine,VUL
20,Proverbs,20,9,Proverbs 20:9,10,purus,,,,Clementine,VUL
20,Proverbs,20,9,Proverbs 20:9,11,sum,,,,Clementine,VUL
20,Proverbs,20,9,Proverbs 20:9,12,a,,,,Clementine,VUL
20,Proverbs,20,9,Proverbs 20:9,13,peccato,,,,Clementine,VUL
20,Proverbs,20,9,Proverbs 20:9,14,?,,,,Clementine,VUL
20,Proverbs,20,10,Proverbs 20:10,1,Pondus,,,,Clementine,VUL
20,Proverbs,20,10,Proverbs 20:10,2,et,,,,Clementine,VUL
20,Proverbs,20,10,Proverbs 20:10,3,"pondus,",,,,Clementine,VUL
20,Proverbs,20,10,Proverbs 20:10,4,mensura,,,,Clementine,VUL
20,Proverbs,20,10,Proverbs 20:10,5,et,,,,Clementine,VUL
20,Proverbs,20,10,Proverbs 20:10,6,mensura,,,,Clementine,VUL
20,Proverbs,20,10,Proverbs 20:10,7,:,,,,Clementine,VUL
20,Proverbs,20,10,Proverbs 20:10,8,utrumque,,,,Clementine,VUL
20,Proverbs,20,10,Proverbs 20:10,9,abominabile,,,,Clementine,VUL
20,Proverbs,20,10,Proverbs 20:10,10,est,,,,Clementine,VUL
20,Proverbs,20,10,Proverbs 20:10,11,apud,,,,Clementine,VUL
20,Proverbs,20,10,Proverbs 20:10,12,Deum.,,,,Clementine,VUL
20,Proverbs,20,11,Proverbs 20:11,1,Ex,,,,Clementine,VUL
20,Proverbs,20,11,Proverbs 20:11,2,studiis,,,,Clementine,VUL
20,Proverbs,20,11,Proverbs 20:11,3,suis,,,,Clementine,VUL
20,Proverbs,20,11,Proverbs 20:11,4,intelligitur,,,,Clementine,VUL
20,Proverbs,20,11,Proverbs 20:11,5,"puer,",,,,Clementine,VUL
20,Proverbs,20,11,Proverbs 20:11,6,si,,,,Clementine,VUL
20,Proverbs,20,11,Proverbs 20:11,7,munda,,,,Clementine,VUL
20,Proverbs,20,11,Proverbs 20:11,8,et,,,,Clementine,VUL
20,Proverbs,20,11,Proverbs 20:11,9,recta,,,,Clementine,VUL
20,Proverbs,20,11,Proverbs 20:11,10,sint,,,,Clementine,VUL
20,Proverbs,20,11,Proverbs 20:11,11,opera,,,,Clementine,VUL
20,Proverbs,20,11,Proverbs 20:11,12,ejus.,,,,Clementine,VUL
20,Proverbs,20,12,Proverbs 20:12,1,Aurem,,,,Clementine,VUL
20,Proverbs,20,12,Proverbs 20:12,2,"audientem,",,,,Clementine,VUL
20,Proverbs,20,12,Proverbs 20:12,3,et,,,,Clementine,VUL
20,Proverbs,20,12,Proverbs 20:12,4,oculum,,,,Clementine,VUL
20,Proverbs,20,12,Proverbs 20:12,5,videntem,,,,Clementine,VUL
20,Proverbs,20,12,Proverbs 20:12,6,:,,,,Clementine,VUL
20,Proverbs,20,12,Proverbs 20:12,7,Dominus,,,,Clementine,VUL
20,Proverbs,20,12,Proverbs 20:12,8,fecit,,,,Clementine,VUL
20,Proverbs,20,12,Proverbs 20:12,9,utrumque.,,,,Clementine,VUL
20,Proverbs,20,13,Proverbs 20:13,1,Noli,,,,Clementine,VUL
20,Proverbs,20,13,Proverbs 20:13,2,diligere,,,,Clementine,VUL
20,Proverbs,20,13,Proverbs 20:13,3,"somnum,",,,,Clementine,VUL
20,Proverbs,20,13,Proverbs 20:13,4,ne,,,,Clementine,VUL
20,Proverbs,20,13,Proverbs 20:13,5,te,,,,Clementine,VUL
20,Proverbs,20,13,Proverbs 20:13,6,egestas,,,,Clementine,VUL
20,Proverbs,20,13,Proverbs 20:13,7,opprimat,,,,Clementine,VUL
20,Proverbs,20,13,Proverbs 20:13,8,:,,,,Clementine,VUL
20,Proverbs,20,13,Proverbs 20:13,9,aperi,,,,Clementine,VUL
20,Proverbs,20,13,Proverbs 20:13,10,oculos,,,,Clementine,VUL
20,Proverbs,20,13,Proverbs 20:13,11,"tuos,",,,,Clementine,VUL
20,Proverbs,20,13,Proverbs 20:13,12,et,,,,Clementine,VUL
20,Proverbs,20,13,Proverbs 20:13,13,saturare,,,,Clementine,VUL
20,Proverbs,20,13,Proverbs 20:13,14,panibus.,,,,Clementine,VUL
20,Proverbs,20,14,Proverbs 20:14,1,Malum,,,,Clementine,VUL
20,Proverbs,20,14,Proverbs 20:14,2,"est,",,,,Clementine,VUL
20,Proverbs,20,14,Proverbs 20:14,3,malum,,,,Clementine,VUL
20,Proverbs,20,14,Proverbs 20:14,4,"est,",,,,Clementine,VUL
20,Proverbs,20,14,Proverbs 20:14,5,dicit,,,,Clementine,VUL
20,Proverbs,20,14,Proverbs 20:14,6,omnis,,,,Clementine,VUL
20,Proverbs,20,14,Proverbs 20:14,7,emptor,,,,Clementine,VUL
20,Proverbs,20,14,Proverbs 20:14,8,;,,,,Clementine,VUL
20,Proverbs,20,14,Proverbs 20:14,9,et,,,,Clementine,VUL
20,Proverbs,20,14,Proverbs 20:14,10,cum,,,,Clementine,VUL
20,Proverbs,20,14,Proverbs 20:14,11,"recesserit,",,,,Clementine,VUL
20,Proverbs,20,14,Proverbs 20:14,12,tunc,,,,Clementine,VUL
20,Proverbs,20,14,Proverbs 20:14,13,gloriabitur.,,,,Clementine,VUL
20,Proverbs,20,15,Proverbs 20:15,1,Est,,,,Clementine,VUL
20,Proverbs,20,15,Proverbs 20:15,2,aurum,,,,Clementine,VUL
20,Proverbs,20,15,Proverbs 20:15,3,et,,,,Clementine,VUL
20,Proverbs,20,15,Proverbs 20:15,4,multitudo,,,,Clementine,VUL
20,Proverbs,20,15,Proverbs 20:15,5,"gemmarum,",,,,Clementine,VUL
20,Proverbs,20,15,Proverbs 20:15,6,et,,,,Clementine,VUL
20,Proverbs,20,15,Proverbs 20:15,7,vas,,,,Clementine,VUL
20,Proverbs,20,15,Proverbs 20:15,8,pretiosum,,,,Clementine,VUL
20,Proverbs,20,15,Proverbs 20:15,9,labia,,,,Clementine,VUL
20,Proverbs,20,15,Proverbs 20:15,10,scientiæ.,,,,Clementine,VUL
20,Proverbs,20,16,Proverbs 20:16,1,Tolle,,,,Clementine,VUL
20,Proverbs,20,16,Proverbs 20:16,2,vestimentum,,,,Clementine,VUL
20,Proverbs,20,16,Proverbs 20:16,3,ejus,,,,Clementine,VUL
20,Proverbs,20,16,Proverbs 20:16,4,qui,,,,Clementine,VUL
20,Proverbs,20,16,Proverbs 20:16,5,fidejussor,,,,Clementine,VUL
20,Proverbs,20,16,Proverbs 20:16,6,extitit,,,,Clementine,VUL
20,Proverbs,20,16,Proverbs 20:16,7,"alieni,",,,,Clementine,VUL
20,Proverbs,20,16,Proverbs 20:16,8,et,,,,Clementine,VUL
20,Proverbs,20,16,Proverbs 20:16,9,pro,,,,Clementine,VUL
20,Proverbs,20,16,Proverbs 20:16,10,extraneis,,,,Clementine,VUL
20,Proverbs,20,16,Proverbs 20:16,11,aufer,,,,Clementine,VUL
20,Proverbs,20,16,Proverbs 20:16,12,pignus,,,,Clementine,VUL
20,Proverbs,20,16,Proverbs 20:16,13,ab,,,,Clementine,VUL
20,Proverbs,20,16,Proverbs 20:16,14,eo.,,,,Clementine,VUL
20,Proverbs,20,17,Proverbs 20:17,1,Suavis,,,,Clementine,VUL
20,Proverbs,20,17,Proverbs 20:17,2,est,,,,Clementine,VUL
20,Proverbs,20,17,Proverbs 20:17,3,homini,,,,Clementine,VUL
20,Proverbs,20,17,Proverbs 20:17,4,panis,,,,Clementine,VUL
20,Proverbs,20,17,Proverbs 20:17,5,"mendacii,",,,,Clementine,VUL
20,Proverbs,20,17,Proverbs 20:17,6,et,,,,Clementine,VUL
20,Proverbs,20,17,Proverbs 20:17,7,postea,,,,Clementine,VUL
20,Proverbs,20,17,Proverbs 20:17,8,implebitur,,,,Clementine,VUL
20,Proverbs,20,17,Proverbs 20:17,9,os,,,,Clementine,VUL
20,Proverbs,20,17,Proverbs 20:17,10,ejus,,,,Clementine,VUL
20,Proverbs,20,17,Proverbs 20:17,11,calculo.,,,,Clementine,VUL
20,Proverbs,20,18,Proverbs 20:18,1,Cogitationes,,,,Clementine,VUL
20,Proverbs,20,18,Proverbs 20:18,2,consiliis,,,,Clementine,VUL
20,Proverbs,20,18,Proverbs 20:18,3,"roborantur,",,,,Clementine,VUL
20,Proverbs,20,18,Proverbs 20:18,4,et,,,,Clementine,VUL
20,Proverbs,20,18,Proverbs 20:18,5,gubernaculis,,,,Clementine,VUL
20,Proverbs,20,18,Proverbs 20:18,6,tractanda,,,,Clementine,VUL
20,Proverbs,20,18,Proverbs 20:18,7,sunt,,,,Clementine,VUL
20,Proverbs,20,18,Proverbs 20:18,8,bella.,,,,Clementine,VUL
20,Proverbs,20,19,Proverbs 20:19,1,Ei,,,,Clementine,VUL
20,Proverbs,20,19,Proverbs 20:19,2,qui,,,,Clementine,VUL
20,Proverbs,20,19,Proverbs 20:19,3,revelat,,,,Clementine,VUL
20,Proverbs,20,19,Proverbs 20:19,4,"mysteria,",,,,Clementine,VUL
20,Proverbs,20,19,Proverbs 20:19,5,et,,,,Clementine,VUL
20,Proverbs,20,19,Proverbs 20:19,6,ambulat,,,,Clementine,VUL
20,Proverbs,20,19,Proverbs 20:19,7,"fraudulenter,",,,,Clementine,VUL
20,Proverbs,20,19,Proverbs 20:19,8,et,,,,Clementine,VUL
20,Proverbs,20,19,Proverbs 20:19,9,dilatat,,,,Clementine,VUL
20,Proverbs,20,19,Proverbs 20:19,10,labia,,,,Clementine,VUL
20,Proverbs,20,19,Proverbs 20:19,11,"sua,",,,,Clementine,VUL
20,Proverbs,20,19,Proverbs 20:19,12,ne,,,,Clementine,VUL
20,Proverbs,20,19,Proverbs 20:19,13,commiscearis.,,,,Clementine,VUL
20,Proverbs,20,20,Proverbs 20:20,1,Qui,,,,Clementine,VUL
20,Proverbs,20,20,Proverbs 20:20,2,maledicit,,,,Clementine,VUL
20,Proverbs,20,20,Proverbs 20:20,3,patri,,,,Clementine,VUL
20,Proverbs,20,20,Proverbs 20:20,4,suo,,,,Clementine,VUL
20,Proverbs,20,20,Proverbs 20:20,5,et,,,,Clementine,VUL
20,Proverbs,20,20,Proverbs 20:20,6,"matri,",,,,Clementine,VUL
20,Proverbs,20,20,Proverbs 20:20,7,extinguetur,,,,Clementine,VUL
20,Proverbs,20,20,Proverbs 20:20,8,lucerna,,,,Clementine,VUL
20,Proverbs,20,20,Proverbs 20:20,9,ejus,,,,Clementine,VUL
20,Proverbs,20,20,Proverbs 20:20,10,in,,,,Clementine,VUL
20,Proverbs,20,20,Proverbs 20:20,11,mediis,,,,Clementine,VUL
20,Proverbs,20,20,Proverbs 20:20,12,tenebris,,,,Clementine,VUL
20,Proverbs,20,20,Proverbs 20:20,13,:,,,,Clementine,VUL
20,Proverbs,20,21,Proverbs 20:21,1,hæreditas,,,,Clementine,VUL
20,Proverbs,20,21,Proverbs 20:21,2,ad,,,,Clementine,VUL
20,Proverbs,20,21,Proverbs 20:21,3,quam,,,,Clementine,VUL
20,Proverbs,20,21,Proverbs 20:21,4,festinatur,,,,Clementine,VUL
20,Proverbs,20,21,Proverbs 20:21,5,in,,,,Clementine,VUL
20,Proverbs,20,21,Proverbs 20:21,6,"principio,",,,,Clementine,VUL
20,Proverbs,20,21,Proverbs 20:21,7,in,,,,Clementine,VUL
20,Proverbs,20,21,Proverbs 20:21,8,novissimo,,,,Clementine,VUL
20,Proverbs,20,21,Proverbs 20:21,9,benedictione,,,,Clementine,VUL
20,Proverbs,20,21,Proverbs 20:21,10,carebit.,,,,Clementine,VUL
20,Proverbs,20,22,Proverbs 20:22,1,Ne,,,,Clementine,VUL
20,Proverbs,20,22,Proverbs 20:22,2,dicas,,,,Clementine,VUL
20,Proverbs,20,22,Proverbs 20:22,3,:,,,,Clementine,VUL
20,Proverbs,20,22,Proverbs 20:22,4,Reddam,,,,Clementine,VUL
20,Proverbs,20,22,Proverbs 20:22,5,malum,,,,Clementine,VUL
20,Proverbs,20,22,Proverbs 20:22,6,:,,,,Clementine,VUL
20,Proverbs,20,22,Proverbs 20:22,7,exspecta,,,,Clementine,VUL
20,Proverbs,20,22,Proverbs 20:22,8,"Dominum,",,,,Clementine,VUL
20,Proverbs,20,22,Proverbs 20:22,9,et,,,,Clementine,VUL
20,Proverbs,20,22,Proverbs 20:22,10,liberabit,,,,Clementine,VUL
20,Proverbs,20,22,Proverbs 20:22,11,te.,,,,Clementine,VUL
20,Proverbs,20,23,Proverbs 20:23,1,Abominatio,,,,Clementine,VUL
20,Proverbs,20,23,Proverbs 20:23,2,est,,,,Clementine,VUL
20,Proverbs,20,23,Proverbs 20:23,3,apud,,,,Clementine,VUL
20,Proverbs,20,23,Proverbs 20:23,4,Dominum,,,,Clementine,VUL
20,Proverbs,20,23,Proverbs 20:23,5,pondus,,,,Clementine,VUL
20,Proverbs,20,23,Proverbs 20:23,6,et,,,,Clementine,VUL
20,Proverbs,20,23,Proverbs 20:23,7,pondus,,,,Clementine,VUL
20,Proverbs,20,23,Proverbs 20:23,8,;,,,,Clementine,VUL
20,Proverbs,20,23,Proverbs 20:23,9,statera,,,,Clementine,VUL
20,Proverbs,20,23,Proverbs 20:23,10,dolosa,,,,Clementine,VUL
20,Proverbs,20,23,Proverbs 20:23,11,non,,,,Clementine,VUL
20,Proverbs,20,23,Proverbs 20:23,12,est,,,,Clementine,VUL
20,Proverbs,20,23,Proverbs 20:23,13,bona.,,,,Clementine,VUL
20,Proverbs,20,24,Proverbs 20:24,1,A,,,,Clementine,VUL
20,Proverbs,20,24,Proverbs 20:24,2,Domino,,,,Clementine,VUL
20,Proverbs,20,24,Proverbs 20:24,3,diriguntur,,,,Clementine,VUL
20,Proverbs,20,24,Proverbs 20:24,4,gressus,,,,Clementine,VUL
20,Proverbs,20,24,Proverbs 20:24,5,viri,,,,Clementine,VUL
20,Proverbs,20,24,Proverbs 20:24,6,:,,,,Clementine,VUL
20,Proverbs,20,24,Proverbs 20:24,7,quis,,,,Clementine,VUL
20,Proverbs,20,24,Proverbs 20:24,8,autem,,,,Clementine,VUL
20,Proverbs,20,24,Proverbs 20:24,9,hominum,,,,Clementine,VUL
20,Proverbs,20,24,Proverbs 20:24,10,intelligere,,,,Clementine,VUL
20,Proverbs,20,24,Proverbs 20:24,11,potest,,,,Clementine,VUL
20,Proverbs,20,24,Proverbs 20:24,12,viam,,,,Clementine,VUL
20,Proverbs,20,24,Proverbs 20:24,13,suam,,,,Clementine,VUL
20,Proverbs,20,24,Proverbs 20:24,14,?,,,,Clementine,VUL
20,Proverbs,20,25,Proverbs 20:25,1,Ruina,,,,Clementine,VUL
20,Proverbs,20,25,Proverbs 20:25,2,est,,,,Clementine,VUL
20,Proverbs,20,25,Proverbs 20:25,3,homini,,,,Clementine,VUL
20,Proverbs,20,25,Proverbs 20:25,4,devorare,,,,Clementine,VUL
20,Proverbs,20,25,Proverbs 20:25,5,"sanctos,",,,,Clementine,VUL
20,Proverbs,20,25,Proverbs 20:25,6,et,,,,Clementine,VUL
20,Proverbs,20,25,Proverbs 20:25,7,post,,,,Clementine,VUL
20,Proverbs,20,25,Proverbs 20:25,8,vota,,,,Clementine,VUL
20,Proverbs,20,25,Proverbs 20:25,9,retractare.,,,,Clementine,VUL
20,Proverbs,20,26,Proverbs 20:26,1,Dissipat,,,,Clementine,VUL
20,Proverbs,20,26,Proverbs 20:26,2,impios,,,,Clementine,VUL
20,Proverbs,20,26,Proverbs 20:26,3,rex,,,,Clementine,VUL
20,Proverbs,20,26,Proverbs 20:26,4,"sapiens,",,,,Clementine,VUL
20,Proverbs,20,26,Proverbs 20:26,5,et,,,,Clementine,VUL
20,Proverbs,20,26,Proverbs 20:26,6,incurvat,,,,Clementine,VUL
20,Proverbs,20,26,Proverbs 20:26,7,super,,,,Clementine,VUL
20,Proverbs,20,26,Proverbs 20:26,8,eos,,,,Clementine,VUL
20,Proverbs,20,26,Proverbs 20:26,9,fornicem.,,,,Clementine,VUL
20,Proverbs,20,27,Proverbs 20:27,1,Lucerna,,,,Clementine,VUL
20,Proverbs,20,27,Proverbs 20:27,2,Domini,,,,Clementine,VUL
20,Proverbs,20,27,Proverbs 20:27,3,spiraculum,,,,Clementine,VUL
20,Proverbs,20,27,Proverbs 20:27,4,"hominis,",,,,Clementine,VUL
20,Proverbs,20,27,Proverbs 20:27,5,quæ,,,,Clementine,VUL
20,Proverbs,20,27,Proverbs 20:27,6,investigat,,,,Clementine,VUL
20,Proverbs,20,27,Proverbs 20:27,7,omnia,,,,Clementine,VUL
20,Proverbs,20,27,Proverbs 20:27,8,secreta,,,,Clementine,VUL
20,Proverbs,20,27,Proverbs 20:27,9,ventris.,,,,Clementine,VUL
20,Proverbs,20,28,Proverbs 20:28,1,Misericordia,,,,Clementine,VUL
20,Proverbs,20,28,Proverbs 20:28,2,et,,,,Clementine,VUL
20,Proverbs,20,28,Proverbs 20:28,3,veritas,,,,Clementine,VUL
20,Proverbs,20,28,Proverbs 20:28,4,custodiunt,,,,Clementine,VUL
20,Proverbs,20,28,Proverbs 20:28,5,"regem,",,,,Clementine,VUL
20,Proverbs,20,28,Proverbs 20:28,6,et,,,,Clementine,VUL
20,Proverbs,20,28,Proverbs 20:28,7,roboratur,,,,Clementine,VUL
20,Proverbs,20,28,Proverbs 20:28,8,clementia,,,,Clementine,VUL
20,Proverbs,20,28,Proverbs 20:28,9,thronus,,,,Clementine,VUL
20,Proverbs,20,28,Proverbs 20:28,10,ejus.,,,,Clementine,VUL
20,Proverbs,20,29,Proverbs 20:29,1,Exsultatio,,,,Clementine,VUL
20,Proverbs,20,29,Proverbs 20:29,2,juvenum,,,,Clementine,VUL
20,Proverbs,20,29,Proverbs 20:29,3,fortitudo,,,,Clementine,VUL
20,Proverbs,20,29,Proverbs 20:29,4,"eorum,",,,,Clementine,VUL
20,Proverbs,20,29,Proverbs 20:29,5,et,,,,Clementine,VUL
20,Proverbs,20,29,Proverbs 20:29,6,dignitas,,,,Clementine,VUL
20,Proverbs,20,29,Proverbs 20:29,7,senum,,,,Clementine,VUL
20,Proverbs,20,29,Proverbs 20:29,8,canities.,,,,Clementine,VUL
20,Proverbs,20,30,Proverbs 20:30,1,Livor,,,,Clementine,VUL
20,Proverbs,20,30,Proverbs 20:30,2,vulneris,,,,Clementine,VUL
20,Proverbs,20,30,Proverbs 20:30,3,absterget,,,,Clementine,VUL
20,Proverbs,20,30,Proverbs 20:30,4,"mala,",,,,Clementine,VUL
20,Proverbs,20,30,Proverbs 20:30,5,et,,,,Clementine,VUL
20,Proverbs,20,30,Proverbs 20:30,6,plagæ,,,,Clementine,VUL
20,Proverbs,20,30,Proverbs 20:30,7,in,,,,Clementine,VUL
20,Proverbs,20,30,Proverbs 20:30,8,secretioribus,,,,Clementine,VUL
20,Proverbs,20,30,Proverbs 20:30,9,ventris.,,,,Clementine,VUL
20,Proverbs,21,1,Proverbs 21:1,1,Sicut,,,,Clementine,VUL
20,Proverbs,21,1,Proverbs 21:1,2,divisiones,,,,Clementine,VUL
20,Proverbs,21,1,Proverbs 21:1,3,"aquarum,",,,,Clementine,VUL
20,Proverbs,21,1,Proverbs 21:1,4,ita,,,,Clementine,VUL
20,Proverbs,21,1,Proverbs 21:1,5,cor,,,,Clementine,VUL
20,Proverbs,21,1,Proverbs 21:1,6,regis,,,,Clementine,VUL
20,Proverbs,21,1,Proverbs 21:1,7,in,,,,Clementine,VUL
20,Proverbs,21,1,Proverbs 21:1,8,manu,,,,Clementine,VUL
20,Proverbs,21,1,Proverbs 21:1,9,Domini,,,,Clementine,VUL
20,Proverbs,21,1,Proverbs 21:1,10,:,,,,Clementine,VUL
20,Proverbs,21,1,Proverbs 21:1,11,quocumque,,,,Clementine,VUL
20,Proverbs,21,1,Proverbs 21:1,12,"voluerit,",,,,Clementine,VUL
20,Proverbs,21,1,Proverbs 21:1,13,inclinabit,,,,Clementine,VUL
20,Proverbs,21,1,Proverbs 21:1,14,illud.,,,,Clementine,VUL
20,Proverbs,21,2,Proverbs 21:2,1,Omnis,,,,Clementine,VUL
20,Proverbs,21,2,Proverbs 21:2,2,via,,,,Clementine,VUL
20,Proverbs,21,2,Proverbs 21:2,3,viri,,,,Clementine,VUL
20,Proverbs,21,2,Proverbs 21:2,4,recta,,,,Clementine,VUL
20,Proverbs,21,2,Proverbs 21:2,5,sibi,,,,Clementine,VUL
20,Proverbs,21,2,Proverbs 21:2,6,videtur,,,,Clementine,VUL
20,Proverbs,21,2,Proverbs 21:2,7,:,,,,Clementine,VUL
20,Proverbs,21,2,Proverbs 21:2,8,appendit,,,,Clementine,VUL
20,Proverbs,21,2,Proverbs 21:2,9,autem,,,,Clementine,VUL
20,Proverbs,21,2,Proverbs 21:2,10,corda,,,,Clementine,VUL
20,Proverbs,21,2,Proverbs 21:2,11,Dominus.,,,,Clementine,VUL
20,Proverbs,21,3,Proverbs 21:3,1,Facere,,,,Clementine,VUL
20,Proverbs,21,3,Proverbs 21:3,2,misericordiam,,,,Clementine,VUL
20,Proverbs,21,3,Proverbs 21:3,3,et,,,,Clementine,VUL
20,Proverbs,21,3,Proverbs 21:3,4,judicium,,,,Clementine,VUL
20,Proverbs,21,3,Proverbs 21:3,5,magis,,,,Clementine,VUL
20,Proverbs,21,3,Proverbs 21:3,6,placet,,,,Clementine,VUL
20,Proverbs,21,3,Proverbs 21:3,7,Domino,,,,Clementine,VUL
20,Proverbs,21,3,Proverbs 21:3,8,quam,,,,Clementine,VUL
20,Proverbs,21,3,Proverbs 21:3,9,victimæ.,,,,Clementine,VUL
20,Proverbs,21,4,Proverbs 21:4,1,Exaltatio,,,,Clementine,VUL
20,Proverbs,21,4,Proverbs 21:4,2,oculorum,,,,Clementine,VUL
20,Proverbs,21,4,Proverbs 21:4,3,est,,,,Clementine,VUL
20,Proverbs,21,4,Proverbs 21:4,4,dilatatio,,,,Clementine,VUL
20,Proverbs,21,4,Proverbs 21:4,5,cordis,,,,Clementine,VUL
20,Proverbs,21,4,Proverbs 21:4,6,;,,,,Clementine,VUL
20,Proverbs,21,4,Proverbs 21:4,7,lucerna,,,,Clementine,VUL
20,Proverbs,21,4,Proverbs 21:4,8,impiorum,,,,Clementine,VUL
20,Proverbs,21,4,Proverbs 21:4,9,peccatum.,,,,Clementine,VUL
20,Proverbs,21,5,Proverbs 21:5,1,Cogitationes,,,,Clementine,VUL
20,Proverbs,21,5,Proverbs 21:5,2,robusti,,,,Clementine,VUL
20,Proverbs,21,5,Proverbs 21:5,3,semper,,,,Clementine,VUL
20,Proverbs,21,5,Proverbs 21:5,4,in,,,,Clementine,VUL
20,Proverbs,21,5,Proverbs 21:5,5,abundantia,,,,Clementine,VUL
20,Proverbs,21,5,Proverbs 21:5,6,;,,,,Clementine,VUL
20,Proverbs,21,5,Proverbs 21:5,7,omnis,,,,Clementine,VUL
20,Proverbs,21,5,Proverbs 21:5,8,autem,,,,Clementine,VUL
20,Proverbs,21,5,Proverbs 21:5,9,piger,,,,Clementine,VUL
20,Proverbs,21,5,Proverbs 21:5,10,semper,,,,Clementine,VUL
20,Proverbs,21,5,Proverbs 21:5,11,in,,,,Clementine,VUL
20,Proverbs,21,5,Proverbs 21:5,12,egestate,,,,Clementine,VUL
20,Proverbs,21,5,Proverbs 21:5,13,est.,,,,Clementine,VUL
20,Proverbs,21,6,Proverbs 21:6,1,Qui,,,,Clementine,VUL
20,Proverbs,21,6,Proverbs 21:6,2,congregat,,,,Clementine,VUL
20,Proverbs,21,6,Proverbs 21:6,3,thesauros,,,,Clementine,VUL
20,Proverbs,21,6,Proverbs 21:6,4,lingua,,,,Clementine,VUL
20,Proverbs,21,6,Proverbs 21:6,5,mendacii,,,,Clementine,VUL
20,Proverbs,21,6,Proverbs 21:6,6,vanus,,,,Clementine,VUL
20,Proverbs,21,6,Proverbs 21:6,7,et,,,,Clementine,VUL
20,Proverbs,21,6,Proverbs 21:6,8,excors,,,,Clementine,VUL
20,Proverbs,21,6,Proverbs 21:6,9,"est,",,,,Clementine,VUL
20,Proverbs,21,6,Proverbs 21:6,10,et,,,,Clementine,VUL
20,Proverbs,21,6,Proverbs 21:6,11,impingetur,,,,Clementine,VUL
20,Proverbs,21,6,Proverbs 21:6,12,ad,,,,Clementine,VUL
20,Proverbs,21,6,Proverbs 21:6,13,laqueos,,,,Clementine,VUL
20,Proverbs,21,6,Proverbs 21:6,14,mortis.,,,,Clementine,VUL
20,Proverbs,21,7,Proverbs 21:7,1,Rapinæ,,,,Clementine,VUL
20,Proverbs,21,7,Proverbs 21:7,2,impiorum,,,,Clementine,VUL
20,Proverbs,21,7,Proverbs 21:7,3,detrahent,,,,Clementine,VUL
20,Proverbs,21,7,Proverbs 21:7,4,"eos,",,,,Clementine,VUL
20,Proverbs,21,7,Proverbs 21:7,5,quia,,,,Clementine,VUL
20,Proverbs,21,7,Proverbs 21:7,6,noluerunt,,,,Clementine,VUL
20,Proverbs,21,7,Proverbs 21:7,7,facere,,,,Clementine,VUL
20,Proverbs,21,7,Proverbs 21:7,8,judicium.,,,,Clementine,VUL
20,Proverbs,21,8,Proverbs 21:8,1,Perversa,,,,Clementine,VUL
20,Proverbs,21,8,Proverbs 21:8,2,via,,,,Clementine,VUL
20,Proverbs,21,8,Proverbs 21:8,3,viri,,,,Clementine,VUL
20,Proverbs,21,8,Proverbs 21:8,4,aliena,,,,Clementine,VUL
20,Proverbs,21,8,Proverbs 21:8,5,est,,,,Clementine,VUL
20,Proverbs,21,8,Proverbs 21:8,6,;,,,,Clementine,VUL
20,Proverbs,21,8,Proverbs 21:8,7,qui,,,,Clementine,VUL
20,Proverbs,21,8,Proverbs 21:8,8,autem,,,,Clementine,VUL
20,Proverbs,21,8,Proverbs 21:8,9,mundus,,,,Clementine,VUL
20,Proverbs,21,8,Proverbs 21:8,10,"est,",,,,Clementine,VUL
20,Proverbs,21,8,Proverbs 21:8,11,rectum,,,,Clementine,VUL
20,Proverbs,21,8,Proverbs 21:8,12,opus,,,,Clementine,VUL
20,Proverbs,21,8,Proverbs 21:8,13,ejus.,,,,Clementine,VUL
20,Proverbs,21,9,Proverbs 21:9,1,Melius,,,,Clementine,VUL
20,Proverbs,21,9,Proverbs 21:9,2,est,,,,Clementine,VUL
20,Proverbs,21,9,Proverbs 21:9,3,sedere,,,,Clementine,VUL
20,Proverbs,21,9,Proverbs 21:9,4,in,,,,Clementine,VUL
20,Proverbs,21,9,Proverbs 21:9,5,angulo,,,,Clementine,VUL
20,Proverbs,21,9,Proverbs 21:9,6,"domatis,",,,,Clementine,VUL
20,Proverbs,21,9,Proverbs 21:9,7,quam,,,,Clementine,VUL
20,Proverbs,21,9,Proverbs 21:9,8,cum,,,,Clementine,VUL
20,Proverbs,21,9,Proverbs 21:9,9,muliere,,,,Clementine,VUL
20,Proverbs,21,9,Proverbs 21:9,10,"litigiosa,",,,,Clementine,VUL
20,Proverbs,21,9,Proverbs 21:9,11,et,,,,Clementine,VUL
20,Proverbs,21,9,Proverbs 21:9,12,in,,,,Clementine,VUL
20,Proverbs,21,9,Proverbs 21:9,13,domo,,,,Clementine,VUL
20,Proverbs,21,9,Proverbs 21:9,14,communi.,,,,Clementine,VUL
20,Proverbs,21,10,Proverbs 21:10,1,Anima,,,,Clementine,VUL
20,Proverbs,21,10,Proverbs 21:10,2,impii,,,,Clementine,VUL
20,Proverbs,21,10,Proverbs 21:10,3,desiderat,,,,Clementine,VUL
20,Proverbs,21,10,Proverbs 21:10,4,malum,,,,Clementine,VUL
20,Proverbs,21,10,Proverbs 21:10,5,:,,,,Clementine,VUL
20,Proverbs,21,10,Proverbs 21:10,6,non,,,,Clementine,VUL
20,Proverbs,21,10,Proverbs 21:10,7,miserebitur,,,,Clementine,VUL
20,Proverbs,21,10,Proverbs 21:10,8,proximo,,,,Clementine,VUL
20,Proverbs,21,10,Proverbs 21:10,9,suo.,,,,Clementine,VUL
20,Proverbs,21,11,Proverbs 21:11,1,Mulctato,,,,Clementine,VUL
20,Proverbs,21,11,Proverbs 21:11,2,"pestilente,",,,,Clementine,VUL
20,Proverbs,21,11,Proverbs 21:11,3,sapientior,,,,Clementine,VUL
20,Proverbs,21,11,Proverbs 21:11,4,erit,,,,Clementine,VUL
20,Proverbs,21,11,Proverbs 21:11,5,"parvulus,",,,,Clementine,VUL
20,Proverbs,21,11,Proverbs 21:11,6,et,,,,Clementine,VUL
20,Proverbs,21,11,Proverbs 21:11,7,si,,,,Clementine,VUL
20,Proverbs,21,11,Proverbs 21:11,8,sectetur,,,,Clementine,VUL
20,Proverbs,21,11,Proverbs 21:11,9,"sapientem,",,,,Clementine,VUL
20,Proverbs,21,11,Proverbs 21:11,10,sumet,,,,Clementine,VUL
20,Proverbs,21,11,Proverbs 21:11,11,scientiam.,,,,Clementine,VUL
20,Proverbs,21,12,Proverbs 21:12,1,Excogitat,,,,Clementine,VUL
20,Proverbs,21,12,Proverbs 21:12,2,justus,,,,Clementine,VUL
20,Proverbs,21,12,Proverbs 21:12,3,de,,,,Clementine,VUL
20,Proverbs,21,12,Proverbs 21:12,4,domo,,,,Clementine,VUL
20,Proverbs,21,12,Proverbs 21:12,5,"impii,",,,,Clementine,VUL
20,Proverbs,21,12,Proverbs 21:12,6,ut,,,,Clementine,VUL
20,Proverbs,21,12,Proverbs 21:12,7,detrahat,,,,Clementine,VUL
20,Proverbs,21,12,Proverbs 21:12,8,impios,,,,Clementine,VUL
20,Proverbs,21,12,Proverbs 21:12,9,a,,,,Clementine,VUL
20,Proverbs,21,12,Proverbs 21:12,10,malo.,,,,Clementine,VUL
20,Proverbs,21,13,Proverbs 21:13,1,Qui,,,,Clementine,VUL
20,Proverbs,21,13,Proverbs 21:13,2,obturat,,,,Clementine,VUL
20,Proverbs,21,13,Proverbs 21:13,3,aurem,,,,Clementine,VUL
20,Proverbs,21,13,Proverbs 21:13,4,suam,,,,Clementine,VUL
20,Proverbs,21,13,Proverbs 21:13,5,ad,,,,Clementine,VUL
20,Proverbs,21,13,Proverbs 21:13,6,clamorem,,,,Clementine,VUL
20,Proverbs,21,13,Proverbs 21:13,7,"pauperis,",,,,Clementine,VUL
20,Proverbs,21,13,Proverbs 21:13,8,et,,,,Clementine,VUL
20,Proverbs,21,13,Proverbs 21:13,9,ipse,,,,Clementine,VUL
20,Proverbs,21,13,Proverbs 21:13,10,"clamabit,",,,,Clementine,VUL
20,Proverbs,21,13,Proverbs 21:13,11,et,,,,Clementine,VUL
20,Proverbs,21,13,Proverbs 21:13,12,non,,,,Clementine,VUL
20,Proverbs,21,13,Proverbs 21:13,13,exaudietur.,,,,Clementine,VUL
20,Proverbs,21,14,Proverbs 21:14,1,Munus,,,,Clementine,VUL
20,Proverbs,21,14,Proverbs 21:14,2,absconditum,,,,Clementine,VUL
20,Proverbs,21,14,Proverbs 21:14,3,extinguit,,,,Clementine,VUL
20,Proverbs,21,14,Proverbs 21:14,4,"iras,",,,,Clementine,VUL
20,Proverbs,21,14,Proverbs 21:14,5,et,,,,Clementine,VUL
20,Proverbs,21,14,Proverbs 21:14,6,donum,,,,Clementine,VUL
20,Proverbs,21,14,Proverbs 21:14,7,in,,,,Clementine,VUL
20,Proverbs,21,14,Proverbs 21:14,8,sinu,,,,Clementine,VUL
20,Proverbs,21,14,Proverbs 21:14,9,indignationem,,,,Clementine,VUL
20,Proverbs,21,14,Proverbs 21:14,10,maximam.,,,,Clementine,VUL
20,Proverbs,21,15,Proverbs 21:15,1,Gaudium,,,,Clementine,VUL
20,Proverbs,21,15,Proverbs 21:15,2,justo,,,,Clementine,VUL
20,Proverbs,21,15,Proverbs 21:15,3,est,,,,Clementine,VUL
20,Proverbs,21,15,Proverbs 21:15,4,facere,,,,Clementine,VUL
20,Proverbs,21,15,Proverbs 21:15,5,"judicium,",,,,Clementine,VUL
20,Proverbs,21,15,Proverbs 21:15,6,et,,,,Clementine,VUL
20,Proverbs,21,15,Proverbs 21:15,7,pavor,,,,Clementine,VUL
20,Proverbs,21,15,Proverbs 21:15,8,operantibus,,,,Clementine,VUL
20,Proverbs,21,15,Proverbs 21:15,9,iniquitatem.,,,,Clementine,VUL
20,Proverbs,21,16,Proverbs 21:16,1,Vir,,,,Clementine,VUL
20,Proverbs,21,16,Proverbs 21:16,2,qui,,,,Clementine,VUL
20,Proverbs,21,16,Proverbs 21:16,3,erraverit,,,,Clementine,VUL
20,Proverbs,21,16,Proverbs 21:16,4,a,,,,Clementine,VUL
20,Proverbs,21,16,Proverbs 21:16,5,via,,,,Clementine,VUL
20,Proverbs,21,16,Proverbs 21:16,6,doctrinæ,,,,Clementine,VUL
20,Proverbs,21,16,Proverbs 21:16,7,in,,,,Clementine,VUL
20,Proverbs,21,16,Proverbs 21:16,8,cœtu,,,,Clementine,VUL
20,Proverbs,21,16,Proverbs 21:16,9,gigantum,,,,Clementine,VUL
20,Proverbs,21,16,Proverbs 21:16,10,commorabitur.,,,,Clementine,VUL
20,Proverbs,21,17,Proverbs 21:17,1,Qui,,,,Clementine,VUL
20,Proverbs,21,17,Proverbs 21:17,2,diligit,,,,Clementine,VUL
20,Proverbs,21,17,Proverbs 21:17,3,epulas,,,,Clementine,VUL
20,Proverbs,21,17,Proverbs 21:17,4,in,,,,Clementine,VUL
20,Proverbs,21,17,Proverbs 21:17,5,egestate,,,,Clementine,VUL
20,Proverbs,21,17,Proverbs 21:17,6,erit,,,,Clementine,VUL
20,Proverbs,21,17,Proverbs 21:17,7,;,,,,Clementine,VUL
20,Proverbs,21,17,Proverbs 21:17,8,qui,,,,Clementine,VUL
20,Proverbs,21,17,Proverbs 21:17,9,amat,,,,Clementine,VUL
20,Proverbs,21,17,Proverbs 21:17,10,vinum,,,,Clementine,VUL
20,Proverbs,21,17,Proverbs 21:17,11,et,,,,Clementine,VUL
20,Proverbs,21,17,Proverbs 21:17,12,pinguia,,,,Clementine,VUL
20,Proverbs,21,17,Proverbs 21:17,13,non,,,,Clementine,VUL
20,Proverbs,21,17,Proverbs 21:17,14,ditabitur.,,,,Clementine,VUL
20,Proverbs,21,18,Proverbs 21:18,1,Pro,,,,Clementine,VUL
20,Proverbs,21,18,Proverbs 21:18,2,justo,,,,Clementine,VUL
20,Proverbs,21,18,Proverbs 21:18,3,datur,,,,Clementine,VUL
20,Proverbs,21,18,Proverbs 21:18,4,"impius,",,,,Clementine,VUL
20,Proverbs,21,18,Proverbs 21:18,5,et,,,,Clementine,VUL
20,Proverbs,21,18,Proverbs 21:18,6,pro,,,,Clementine,VUL
20,Proverbs,21,18,Proverbs 21:18,7,rectis,,,,Clementine,VUL
20,Proverbs,21,18,Proverbs 21:18,8,iniquus.,,,,Clementine,VUL
20,Proverbs,21,19,Proverbs 21:19,1,Melius,,,,Clementine,VUL
20,Proverbs,21,19,Proverbs 21:19,2,est,,,,Clementine,VUL
20,Proverbs,21,19,Proverbs 21:19,3,habitare,,,,Clementine,VUL
20,Proverbs,21,19,Proverbs 21:19,4,in,,,,Clementine,VUL
20,Proverbs,21,19,Proverbs 21:19,5,terra,,,,Clementine,VUL
20,Proverbs,21,19,Proverbs 21:19,6,deserta,,,,Clementine,VUL
20,Proverbs,21,19,Proverbs 21:19,7,quam,,,,Clementine,VUL
20,Proverbs,21,19,Proverbs 21:19,8,cum,,,,Clementine,VUL
20,Proverbs,21,19,Proverbs 21:19,9,muliere,,,,Clementine,VUL
20,Proverbs,21,19,Proverbs 21:19,10,rixosa,,,,Clementine,VUL
20,Proverbs,21,19,Proverbs 21:19,11,et,,,,Clementine,VUL
20,Proverbs,21,19,Proverbs 21:19,12,iracunda.,,,,Clementine,VUL
20,Proverbs,21,20,Proverbs 21:20,1,Thesaurus,,,,Clementine,VUL
20,Proverbs,21,20,Proverbs 21:20,2,"desiderabilis,",,,,Clementine,VUL
20,Proverbs,21,20,Proverbs 21:20,3,et,,,,Clementine,VUL
20,Proverbs,21,20,Proverbs 21:20,4,oleum,,,,Clementine,VUL
20,Proverbs,21,20,Proverbs 21:20,5,in,,,,Clementine,VUL
20,Proverbs,21,20,Proverbs 21:20,6,habitaculo,,,,Clementine,VUL
20,Proverbs,21,20,Proverbs 21:20,7,justi,,,,Clementine,VUL
20,Proverbs,21,20,Proverbs 21:20,8,:,,,,Clementine,VUL
20,Proverbs,21,20,Proverbs 21:20,9,et,,,,Clementine,VUL
20,Proverbs,21,20,Proverbs 21:20,10,imprudens,,,,Clementine,VUL
20,Proverbs,21,20,Proverbs 21:20,11,homo,,,,Clementine,VUL
20,Proverbs,21,20,Proverbs 21:20,12,dissipabit,,,,Clementine,VUL
20,Proverbs,21,20,Proverbs 21:20,13,illud.,,,,Clementine,VUL
20,Proverbs,21,21,Proverbs 21:21,1,Qui,,,,Clementine,VUL
20,Proverbs,21,21,Proverbs 21:21,2,sequitur,,,,Clementine,VUL
20,Proverbs,21,21,Proverbs 21:21,3,justitiam,,,,Clementine,VUL
20,Proverbs,21,21,Proverbs 21:21,4,et,,,,Clementine,VUL
20,Proverbs,21,21,Proverbs 21:21,5,misericordiam,,,,Clementine,VUL
20,Proverbs,21,21,Proverbs 21:21,6,inveniet,,,,Clementine,VUL
20,Proverbs,21,21,Proverbs 21:21,7,"vitam,",,,,Clementine,VUL
20,Proverbs,21,21,Proverbs 21:21,8,"justitiam,",,,,Clementine,VUL
20,Proverbs,21,21,Proverbs 21:21,9,et,,,,Clementine,VUL
20,Proverbs,21,21,Proverbs 21:21,10,gloriam.,,,,Clementine,VUL
20,Proverbs,21,22,Proverbs 21:22,1,Civitatem,,,,Clementine,VUL
20,Proverbs,21,22,Proverbs 21:22,2,fortium,,,,Clementine,VUL
20,Proverbs,21,22,Proverbs 21:22,3,ascendit,,,,Clementine,VUL
20,Proverbs,21,22,Proverbs 21:22,4,"sapiens,",,,,Clementine,VUL
20,Proverbs,21,22,Proverbs 21:22,5,et,,,,Clementine,VUL
20,Proverbs,21,22,Proverbs 21:22,6,destruxit,,,,Clementine,VUL
20,Proverbs,21,22,Proverbs 21:22,7,robur,,,,Clementine,VUL
20,Proverbs,21,22,Proverbs 21:22,8,fiduciæ,,,,Clementine,VUL
20,Proverbs,21,22,Proverbs 21:22,9,ejus.,,,,Clementine,VUL
20,Proverbs,21,23,Proverbs 21:23,1,Qui,,,,Clementine,VUL
20,Proverbs,21,23,Proverbs 21:23,2,custodit,,,,Clementine,VUL
20,Proverbs,21,23,Proverbs 21:23,3,os,,,,Clementine,VUL
20,Proverbs,21,23,Proverbs 21:23,4,suum,,,,Clementine,VUL
20,Proverbs,21,23,Proverbs 21:23,5,et,,,,Clementine,VUL
20,Proverbs,21,23,Proverbs 21:23,6,linguam,,,,Clementine,VUL
20,Proverbs,21,23,Proverbs 21:23,7,suam,,,,Clementine,VUL
20,Proverbs,21,23,Proverbs 21:23,8,custodit,,,,Clementine,VUL
20,Proverbs,21,23,Proverbs 21:23,9,ab,,,,Clementine,VUL
20,Proverbs,21,23,Proverbs 21:23,10,angustiis,,,,Clementine,VUL
20,Proverbs,21,23,Proverbs 21:23,11,animam,,,,Clementine,VUL
20,Proverbs,21,23,Proverbs 21:23,12,suam.,,,,Clementine,VUL
20,Proverbs,21,24,Proverbs 21:24,1,Superbus,,,,Clementine,VUL
20,Proverbs,21,24,Proverbs 21:24,2,et,,,,Clementine,VUL
20,Proverbs,21,24,Proverbs 21:24,3,arrogans,,,,Clementine,VUL
20,Proverbs,21,24,Proverbs 21:24,4,vocatur,,,,Clementine,VUL
20,Proverbs,21,24,Proverbs 21:24,5,"indoctus,",,,,Clementine,VUL
20,Proverbs,21,24,Proverbs 21:24,6,qui,,,,Clementine,VUL
20,Proverbs,21,24,Proverbs 21:24,7,in,,,,Clementine,VUL
20,Proverbs,21,24,Proverbs 21:24,8,ira,,,,Clementine,VUL
20,Proverbs,21,24,Proverbs 21:24,9,operatur,,,,Clementine,VUL
20,Proverbs,21,24,Proverbs 21:24,10,superbiam.,,,,Clementine,VUL
20,Proverbs,21,25,Proverbs 21:25,1,Desideria,,,,Clementine,VUL
20,Proverbs,21,25,Proverbs 21:25,2,occidunt,,,,Clementine,VUL
20,Proverbs,21,25,Proverbs 21:25,3,pigrum,,,,Clementine,VUL
20,Proverbs,21,25,Proverbs 21:25,4,:,,,,Clementine,VUL
20,Proverbs,21,25,Proverbs 21:25,5,noluerunt,,,,Clementine,VUL
20,Proverbs,21,25,Proverbs 21:25,6,enim,,,,Clementine,VUL
20,Proverbs,21,25,Proverbs 21:25,7,quidquam,,,,Clementine,VUL
20,Proverbs,21,25,Proverbs 21:25,8,manus,,,,Clementine,VUL
20,Proverbs,21,25,Proverbs 21:25,9,ejus,,,,Clementine,VUL
20,Proverbs,21,25,Proverbs 21:25,10,operari.,,,,Clementine,VUL
20,Proverbs,21,26,Proverbs 21:26,1,Tota,,,,Clementine,VUL
20,Proverbs,21,26,Proverbs 21:26,2,die,,,,Clementine,VUL
20,Proverbs,21,26,Proverbs 21:26,3,concupiscit,,,,Clementine,VUL
20,Proverbs,21,26,Proverbs 21:26,4,et,,,,Clementine,VUL
20,Proverbs,21,26,Proverbs 21:26,5,desiderat,,,,Clementine,VUL
20,Proverbs,21,26,Proverbs 21:26,6,;,,,,Clementine,VUL
20,Proverbs,21,26,Proverbs 21:26,7,qui,,,,Clementine,VUL
20,Proverbs,21,26,Proverbs 21:26,8,autem,,,,Clementine,VUL
20,Proverbs,21,26,Proverbs 21:26,9,justus,,,,Clementine,VUL
20,Proverbs,21,26,Proverbs 21:26,10,"est,",,,,Clementine,VUL
20,Proverbs,21,26,Proverbs 21:26,11,"tribuet,",,,,Clementine,VUL
20,Proverbs,21,26,Proverbs 21:26,12,et,,,,Clementine,VUL
20,Proverbs,21,26,Proverbs 21:26,13,non,,,,Clementine,VUL
20,Proverbs,21,26,Proverbs 21:26,14,cessabit.,,,,Clementine,VUL
20,Proverbs,21,27,Proverbs 21:27,1,Hostiæ,,,,Clementine,VUL
20,Proverbs,21,27,Proverbs 21:27,2,impiorum,,,,Clementine,VUL
20,Proverbs,21,27,Proverbs 21:27,3,"abominabiles,",,,,Clementine,VUL
20,Proverbs,21,27,Proverbs 21:27,4,quia,,,,Clementine,VUL
20,Proverbs,21,27,Proverbs 21:27,5,offeruntur,,,,Clementine,VUL
20,Proverbs,21,27,Proverbs 21:27,6,ex,,,,Clementine,VUL
20,Proverbs,21,27,Proverbs 21:27,7,scelere.,,,,Clementine,VUL
20,Proverbs,21,28,Proverbs 21:28,1,Testis,,,,Clementine,VUL
20,Proverbs,21,28,Proverbs 21:28,2,mendax,,,,Clementine,VUL
20,Proverbs,21,28,Proverbs 21:28,3,peribit,,,,Clementine,VUL
20,Proverbs,21,28,Proverbs 21:28,4,;,,,,Clementine,VUL
20,Proverbs,21,28,Proverbs 21:28,5,vir,,,,Clementine,VUL
20,Proverbs,21,28,Proverbs 21:28,6,obediens,,,,Clementine,VUL
20,Proverbs,21,28,Proverbs 21:28,7,loquetur,,,,Clementine,VUL
20,Proverbs,21,28,Proverbs 21:28,8,victoriam.,,,,Clementine,VUL
20,Proverbs,21,29,Proverbs 21:29,1,Vir,,,,Clementine,VUL
20,Proverbs,21,29,Proverbs 21:29,2,impius,,,,Clementine,VUL
20,Proverbs,21,29,Proverbs 21:29,3,procaciter,,,,Clementine,VUL
20,Proverbs,21,29,Proverbs 21:29,4,obfirmat,,,,Clementine,VUL
20,Proverbs,21,29,Proverbs 21:29,5,vultum,,,,Clementine,VUL
20,Proverbs,21,29,Proverbs 21:29,6,suum,,,,Clementine,VUL
20,Proverbs,21,29,Proverbs 21:29,7,;,,,,Clementine,VUL
20,Proverbs,21,29,Proverbs 21:29,8,qui,,,,Clementine,VUL
20,Proverbs,21,29,Proverbs 21:29,9,autem,,,,Clementine,VUL
20,Proverbs,21,29,Proverbs 21:29,10,rectus,,,,Clementine,VUL
20,Proverbs,21,29,Proverbs 21:29,11,est,,,,Clementine,VUL
20,Proverbs,21,29,Proverbs 21:29,12,corrigit,,,,Clementine,VUL
20,Proverbs,21,29,Proverbs 21:29,13,viam,,,,Clementine,VUL
20,Proverbs,21,29,Proverbs 21:29,14,suam.,,,,Clementine,VUL
20,Proverbs,21,30,Proverbs 21:30,1,Non,,,,Clementine,VUL
20,Proverbs,21,30,Proverbs 21:30,2,est,,,,Clementine,VUL
20,Proverbs,21,30,Proverbs 21:30,3,"sapientia,",,,,Clementine,VUL
20,Proverbs,21,30,Proverbs 21:30,4,non,,,,Clementine,VUL
20,Proverbs,21,30,Proverbs 21:30,5,est,,,,Clementine,VUL
20,Proverbs,21,30,Proverbs 21:30,6,"prudentia,",,,,Clementine,VUL
20,Proverbs,21,30,Proverbs 21:30,7,non,,,,Clementine,VUL
20,Proverbs,21,30,Proverbs 21:30,8,est,,,,Clementine,VUL
20,Proverbs,21,30,Proverbs 21:30,9,consilium,,,,Clementine,VUL
20,Proverbs,21,30,Proverbs 21:30,10,contra,,,,Clementine,VUL
20,Proverbs,21,30,Proverbs 21:30,11,Dominum.,,,,Clementine,VUL
20,Proverbs,21,31,Proverbs 21:31,1,Equus,,,,Clementine,VUL
20,Proverbs,21,31,Proverbs 21:31,2,paratur,,,,Clementine,VUL
20,Proverbs,21,31,Proverbs 21:31,3,ad,,,,Clementine,VUL
20,Proverbs,21,31,Proverbs 21:31,4,diem,,,,Clementine,VUL
20,Proverbs,21,31,Proverbs 21:31,5,belli,,,,Clementine,VUL
20,Proverbs,21,31,Proverbs 21:31,6,;,,,,Clementine,VUL
20,Proverbs,21,31,Proverbs 21:31,7,Dominus,,,,Clementine,VUL
20,Proverbs,21,31,Proverbs 21:31,8,autem,,,,Clementine,VUL
20,Proverbs,21,31,Proverbs 21:31,9,salutem,,,,Clementine,VUL
20,Proverbs,21,31,Proverbs 21:31,10,tribuit.,,,,Clementine,VUL
20,Proverbs,22,1,Proverbs 22:1,1,Melius,,,,Clementine,VUL
20,Proverbs,22,1,Proverbs 22:1,2,est,,,,Clementine,VUL
20,Proverbs,22,1,Proverbs 22:1,3,nomen,,,,Clementine,VUL
20,Proverbs,22,1,Proverbs 22:1,4,bonum,,,,Clementine,VUL
20,Proverbs,22,1,Proverbs 22:1,5,quam,,,,Clementine,VUL
20,Proverbs,22,1,Proverbs 22:1,6,divitiæ,,,,Clementine,VUL
20,Proverbs,22,1,Proverbs 22:1,7,multæ,,,,Clementine,VUL
20,Proverbs,22,1,Proverbs 22:1,8,;,,,,Clementine,VUL
20,Proverbs,22,1,Proverbs 22:1,9,super,,,,Clementine,VUL
20,Proverbs,22,1,Proverbs 22:1,10,argentum,,,,Clementine,VUL
20,Proverbs,22,1,Proverbs 22:1,11,et,,,,Clementine,VUL
20,Proverbs,22,1,Proverbs 22:1,12,aurum,,,,Clementine,VUL
20,Proverbs,22,1,Proverbs 22:1,13,gratia,,,,Clementine,VUL
20,Proverbs,22,1,Proverbs 22:1,14,bona.,,,,Clementine,VUL
20,Proverbs,22,2,Proverbs 22:2,1,Dives,,,,Clementine,VUL
20,Proverbs,22,2,Proverbs 22:2,2,et,,,,Clementine,VUL
20,Proverbs,22,2,Proverbs 22:2,3,pauper,,,,Clementine,VUL
20,Proverbs,22,2,Proverbs 22:2,4,obviaverunt,,,,Clementine,VUL
20,Proverbs,22,2,Proverbs 22:2,5,sibi,,,,Clementine,VUL
20,Proverbs,22,2,Proverbs 22:2,6,:,,,,Clementine,VUL
20,Proverbs,22,2,Proverbs 22:2,7,utriusque,,,,Clementine,VUL
20,Proverbs,22,2,Proverbs 22:2,8,operator,,,,Clementine,VUL
20,Proverbs,22,2,Proverbs 22:2,9,est,,,,Clementine,VUL
20,Proverbs,22,2,Proverbs 22:2,10,Dominus.,,,,Clementine,VUL
20,Proverbs,22,3,Proverbs 22:3,1,Callidus,,,,Clementine,VUL
20,Proverbs,22,3,Proverbs 22:3,2,vidit,,,,Clementine,VUL
20,Proverbs,22,3,Proverbs 22:3,3,"malum,",,,,Clementine,VUL
20,Proverbs,22,3,Proverbs 22:3,4,et,,,,Clementine,VUL
20,Proverbs,22,3,Proverbs 22:3,5,abscondit,,,,Clementine,VUL
20,Proverbs,22,3,Proverbs 22:3,6,se,,,,Clementine,VUL
20,Proverbs,22,3,Proverbs 22:3,7,;,,,,Clementine,VUL
20,Proverbs,22,3,Proverbs 22:3,8,innocens,,,,Clementine,VUL
20,Proverbs,22,3,Proverbs 22:3,9,"pertransiit,",,,,Clementine,VUL
20,Proverbs,22,3,Proverbs 22:3,10,et,,,,Clementine,VUL
20,Proverbs,22,3,Proverbs 22:3,11,afflictus,,,,Clementine,VUL
20,Proverbs,22,3,Proverbs 22:3,12,est,,,,Clementine,VUL
20,Proverbs,22,3,Proverbs 22:3,13,damno.,,,,Clementine,VUL
20,Proverbs,22,4,Proverbs 22:4,1,Finis,,,,Clementine,VUL
20,Proverbs,22,4,Proverbs 22:4,2,modestiæ,,,,Clementine,VUL
20,Proverbs,22,4,Proverbs 22:4,3,timor,,,,Clementine,VUL
20,Proverbs,22,4,Proverbs 22:4,4,"Domini,",,,,Clementine,VUL
20,Proverbs,22,4,Proverbs 22:4,5,"divitiæ,",,,,Clementine,VUL
20,Proverbs,22,4,Proverbs 22:4,6,et,,,,Clementine,VUL
20,Proverbs,22,4,Proverbs 22:4,7,"gloria,",,,,Clementine,VUL
20,Proverbs,22,4,Proverbs 22:4,8,et,,,,Clementine,VUL
20,Proverbs,22,4,Proverbs 22:4,9,vita.,,,,Clementine,VUL
20,Proverbs,22,5,Proverbs 22:5,1,Arma,,,,Clementine,VUL
20,Proverbs,22,5,Proverbs 22:5,2,et,,,,Clementine,VUL
20,Proverbs,22,5,Proverbs 22:5,3,gladii,,,,Clementine,VUL
20,Proverbs,22,5,Proverbs 22:5,4,in,,,,Clementine,VUL
20,Proverbs,22,5,Proverbs 22:5,5,via,,,,Clementine,VUL
20,Proverbs,22,5,Proverbs 22:5,6,perversi,,,,Clementine,VUL
20,Proverbs,22,5,Proverbs 22:5,7,;,,,,Clementine,VUL
20,Proverbs,22,5,Proverbs 22:5,8,custos,,,,Clementine,VUL
20,Proverbs,22,5,Proverbs 22:5,9,autem,,,,Clementine,VUL
20,Proverbs,22,5,Proverbs 22:5,10,animæ,,,,Clementine,VUL
20,Proverbs,22,5,Proverbs 22:5,11,suæ,,,,Clementine,VUL
20,Proverbs,22,5,Proverbs 22:5,12,longe,,,,Clementine,VUL
20,Proverbs,22,5,Proverbs 22:5,13,recedit,,,,Clementine,VUL
20,Proverbs,22,5,Proverbs 22:5,14,ab,,,,Clementine,VUL
20,Proverbs,22,5,Proverbs 22:5,15,eis.,,,,Clementine,VUL
20,Proverbs,22,6,Proverbs 22:6,1,Proverbium,,,,Clementine,VUL
20,Proverbs,22,6,Proverbs 22:6,2,est,,,,Clementine,VUL
20,Proverbs,22,6,Proverbs 22:6,3,:,,,,Clementine,VUL
20,Proverbs,22,6,Proverbs 22:6,4,adolescens,,,,Clementine,VUL
20,Proverbs,22,6,Proverbs 22:6,5,juxta,,,,Clementine,VUL
20,Proverbs,22,6,Proverbs 22:6,6,viam,,,,Clementine,VUL
20,Proverbs,22,6,Proverbs 22:6,7,suam,,,,Clementine,VUL
20,Proverbs,22,6,Proverbs 22:6,8,;,,,,Clementine,VUL
20,Proverbs,22,6,Proverbs 22:6,9,etiam,,,,Clementine,VUL
20,Proverbs,22,6,Proverbs 22:6,10,cum,,,,Clementine,VUL
20,Proverbs,22,6,Proverbs 22:6,11,"senuerit,",,,,Clementine,VUL
20,Proverbs,22,6,Proverbs 22:6,12,non,,,,Clementine,VUL
20,Proverbs,22,6,Proverbs 22:6,13,recedet,,,,Clementine,VUL
20,Proverbs,22,6,Proverbs 22:6,14,ab,,,,Clementine,VUL
20,Proverbs,22,6,Proverbs 22:6,15,ea.,,,,Clementine,VUL
20,Proverbs,22,7,Proverbs 22:7,1,Dives,,,,Clementine,VUL
20,Proverbs,22,7,Proverbs 22:7,2,pauperibus,,,,Clementine,VUL
20,Proverbs,22,7,Proverbs 22:7,3,"imperat,",,,,Clementine,VUL
20,Proverbs,22,7,Proverbs 22:7,4,et,,,,Clementine,VUL
20,Proverbs,22,7,Proverbs 22:7,5,qui,,,,Clementine,VUL
20,Proverbs,22,7,Proverbs 22:7,6,accipit,,,,Clementine,VUL
20,Proverbs,22,7,Proverbs 22:7,7,mutuum,,,,Clementine,VUL
20,Proverbs,22,7,Proverbs 22:7,8,servus,,,,Clementine,VUL
20,Proverbs,22,7,Proverbs 22:7,9,est,,,,Clementine,VUL
20,Proverbs,22,7,Proverbs 22:7,10,fœnerantis.,,,,Clementine,VUL
20,Proverbs,22,8,Proverbs 22:8,1,Qui,,,,Clementine,VUL
20,Proverbs,22,8,Proverbs 22:8,2,seminat,,,,Clementine,VUL
20,Proverbs,22,8,Proverbs 22:8,3,iniquitatem,,,,Clementine,VUL
20,Proverbs,22,8,Proverbs 22:8,4,metet,,,,Clementine,VUL
20,Proverbs,22,8,Proverbs 22:8,5,"mala,",,,,Clementine,VUL
20,Proverbs,22,8,Proverbs 22:8,6,et,,,,Clementine,VUL
20,Proverbs,22,8,Proverbs 22:8,7,virga,,,,Clementine,VUL
20,Proverbs,22,8,Proverbs 22:8,8,iræ,,,,Clementine,VUL
20,Proverbs,22,8,Proverbs 22:8,9,suæ,,,,Clementine,VUL
20,Proverbs,22,8,Proverbs 22:8,10,consummabitur.,,,,Clementine,VUL
20,Proverbs,22,9,Proverbs 22:9,1,Qui,,,,Clementine,VUL
20,Proverbs,22,9,Proverbs 22:9,2,pronus,,,,Clementine,VUL
20,Proverbs,22,9,Proverbs 22:9,3,est,,,,Clementine,VUL
20,Proverbs,22,9,Proverbs 22:9,4,ad,,,,Clementine,VUL
20,Proverbs,22,9,Proverbs 22:9,5,misericordiam,,,,Clementine,VUL
20,Proverbs,22,9,Proverbs 22:9,6,benedicetur,,,,Clementine,VUL
20,Proverbs,22,9,Proverbs 22:9,7,:,,,,Clementine,VUL
20,Proverbs,22,9,Proverbs 22:9,8,de,,,,Clementine,VUL
20,Proverbs,22,9,Proverbs 22:9,9,panibus,,,,Clementine,VUL
20,Proverbs,22,9,Proverbs 22:9,10,enim,,,,Clementine,VUL
20,Proverbs,22,9,Proverbs 22:9,11,suis,,,,Clementine,VUL
20,Proverbs,22,9,Proverbs 22:9,12,dedit,,,,Clementine,VUL
20,Proverbs,22,9,Proverbs 22:9,13,pauperi.,,,,Clementine,VUL
20,Proverbs,22,9,Proverbs 22:9,14,Victoriam,,,,Clementine,VUL
20,Proverbs,22,9,Proverbs 22:9,15,et,,,,Clementine,VUL
20,Proverbs,22,9,Proverbs 22:9,16,honorem,,,,Clementine,VUL
20,Proverbs,22,9,Proverbs 22:9,17,acquiret,,,,Clementine,VUL
20,Proverbs,22,9,Proverbs 22:9,18,qui,,,,Clementine,VUL
20,Proverbs,22,9,Proverbs 22:9,19,dat,,,,Clementine,VUL
20,Proverbs,22,9,Proverbs 22:9,20,munera,,,,Clementine,VUL
20,Proverbs,22,9,Proverbs 22:9,21,;,,,,Clementine,VUL
20,Proverbs,22,9,Proverbs 22:9,22,animam,,,,Clementine,VUL
20,Proverbs,22,9,Proverbs 22:9,23,autem,,,,Clementine,VUL
20,Proverbs,22,9,Proverbs 22:9,24,aufert,,,,Clementine,VUL
20,Proverbs,22,9,Proverbs 22:9,25,accipientium.,,,,Clementine,VUL
20,Proverbs,22,10,Proverbs 22:10,1,Ejice,,,,Clementine,VUL
20,Proverbs,22,10,Proverbs 22:10,2,"derisorem,",,,,Clementine,VUL
20,Proverbs,22,10,Proverbs 22:10,3,et,,,,Clementine,VUL
20,Proverbs,22,10,Proverbs 22:10,4,exibit,,,,Clementine,VUL
20,Proverbs,22,10,Proverbs 22:10,5,cum,,,,Clementine,VUL
20,Proverbs,22,10,Proverbs 22:10,6,eo,,,,Clementine,VUL
20,Proverbs,22,10,Proverbs 22:10,7,"jurgium,",,,,Clementine,VUL
20,Proverbs,22,10,Proverbs 22:10,8,cessabuntque,,,,Clementine,VUL
20,Proverbs,22,10,Proverbs 22:10,9,causæ,,,,Clementine,VUL
20,Proverbs,22,10,Proverbs 22:10,10,et,,,,Clementine,VUL
20,Proverbs,22,10,Proverbs 22:10,11,contumeliæ.,,,,Clementine,VUL
20,Proverbs,22,11,Proverbs 22:11,1,Qui,,,,Clementine,VUL
20,Proverbs,22,11,Proverbs 22:11,2,diligit,,,,Clementine,VUL
20,Proverbs,22,11,Proverbs 22:11,3,cordis,,,,Clementine,VUL
20,Proverbs,22,11,Proverbs 22:11,4,"munditiam,",,,,Clementine,VUL
20,Proverbs,22,11,Proverbs 22:11,5,propter,,,,Clementine,VUL
20,Proverbs,22,11,Proverbs 22:11,6,gratiam,,,,Clementine,VUL
20,Proverbs,22,11,Proverbs 22:11,7,labiorum,,,,Clementine,VUL
20,Proverbs,22,11,Proverbs 22:11,8,suorum,,,,Clementine,VUL
20,Proverbs,22,11,Proverbs 22:11,9,habebit,,,,Clementine,VUL
20,Proverbs,22,11,Proverbs 22:11,10,amicum,,,,Clementine,VUL
20,Proverbs,22,11,Proverbs 22:11,11,regem.,,,,Clementine,VUL
20,Proverbs,22,12,Proverbs 22:12,1,Oculi,,,,Clementine,VUL
20,Proverbs,22,12,Proverbs 22:12,2,Domini,,,,Clementine,VUL
20,Proverbs,22,12,Proverbs 22:12,3,custodiunt,,,,Clementine,VUL
20,Proverbs,22,12,Proverbs 22:12,4,"scientiam,",,,,Clementine,VUL
20,Proverbs,22,12,Proverbs 22:12,5,et,,,,Clementine,VUL
20,Proverbs,22,12,Proverbs 22:12,6,supplantantur,,,,Clementine,VUL
20,Proverbs,22,12,Proverbs 22:12,7,verba,,,,Clementine,VUL
20,Proverbs,22,12,Proverbs 22:12,8,iniqui.,,,,Clementine,VUL
20,Proverbs,22,13,Proverbs 22:13,1,Dicit,,,,Clementine,VUL
20,Proverbs,22,13,Proverbs 22:13,2,piger,,,,Clementine,VUL
20,Proverbs,22,13,Proverbs 22:13,3,:,,,,Clementine,VUL
20,Proverbs,22,13,Proverbs 22:13,4,Leo,,,,Clementine,VUL
20,Proverbs,22,13,Proverbs 22:13,5,est,,,,Clementine,VUL
20,Proverbs,22,13,Proverbs 22:13,6,foris,,,,Clementine,VUL
20,Proverbs,22,13,Proverbs 22:13,7,;,,,,Clementine,VUL
20,Proverbs,22,13,Proverbs 22:13,8,in,,,,Clementine,VUL
20,Proverbs,22,13,Proverbs 22:13,9,medio,,,,Clementine,VUL
20,Proverbs,22,13,Proverbs 22:13,10,platearum,,,,Clementine,VUL
20,Proverbs,22,13,Proverbs 22:13,11,occidendus,,,,Clementine,VUL
20,Proverbs,22,13,Proverbs 22:13,12,sum.,,,,Clementine,VUL
20,Proverbs,22,14,Proverbs 22:14,1,Fovea,,,,Clementine,VUL
20,Proverbs,22,14,Proverbs 22:14,2,profunda,,,,Clementine,VUL
20,Proverbs,22,14,Proverbs 22:14,3,os,,,,Clementine,VUL
20,Proverbs,22,14,Proverbs 22:14,4,alienæ,,,,Clementine,VUL
20,Proverbs,22,14,Proverbs 22:14,5,:,,,,Clementine,VUL
20,Proverbs,22,14,Proverbs 22:14,6,cui,,,,Clementine,VUL
20,Proverbs,22,14,Proverbs 22:14,7,iratus,,,,Clementine,VUL
20,Proverbs,22,14,Proverbs 22:14,8,est,,,,Clementine,VUL
20,Proverbs,22,14,Proverbs 22:14,9,"Dominus,",,,,Clementine,VUL
20,Proverbs,22,14,Proverbs 22:14,10,incidet,,,,Clementine,VUL
20,Proverbs,22,14,Proverbs 22:14,11,in,,,,Clementine,VUL
20,Proverbs,22,14,Proverbs 22:14,12,eam.,,,,Clementine,VUL
20,Proverbs,22,15,Proverbs 22:15,1,Stultitia,,,,Clementine,VUL
20,Proverbs,22,15,Proverbs 22:15,2,colligata,,,,Clementine,VUL
20,Proverbs,22,15,Proverbs 22:15,3,est,,,,Clementine,VUL
20,Proverbs,22,15,Proverbs 22:15,4,in,,,,Clementine,VUL
20,Proverbs,22,15,Proverbs 22:15,5,corde,,,,Clementine,VUL
20,Proverbs,22,15,Proverbs 22:15,6,"pueri,",,,,Clementine,VUL
20,Proverbs,22,15,Proverbs 22:15,7,et,,,,Clementine,VUL
20,Proverbs,22,15,Proverbs 22:15,8,virga,,,,Clementine,VUL
20,Proverbs,22,15,Proverbs 22:15,9,disciplinæ,,,,Clementine,VUL
20,Proverbs,22,15,Proverbs 22:15,10,fugabit,,,,Clementine,VUL
20,Proverbs,22,15,Proverbs 22:15,11,eam.,,,,Clementine,VUL
20,Proverbs,22,16,Proverbs 22:16,1,Qui,,,,Clementine,VUL
20,Proverbs,22,16,Proverbs 22:16,2,calumniatur,,,,Clementine,VUL
20,Proverbs,22,16,Proverbs 22:16,3,pauperem,,,,Clementine,VUL
20,Proverbs,22,16,Proverbs 22:16,4,ut,,,,Clementine,VUL
20,Proverbs,22,16,Proverbs 22:16,5,augeat,,,,Clementine,VUL
20,Proverbs,22,16,Proverbs 22:16,6,divitias,,,,Clementine,VUL
20,Proverbs,22,16,Proverbs 22:16,7,"suas,",,,,Clementine,VUL
20,Proverbs,22,16,Proverbs 22:16,8,dabit,,,,Clementine,VUL
20,Proverbs,22,16,Proverbs 22:16,9,ipse,,,,Clementine,VUL
20,Proverbs,22,16,Proverbs 22:16,10,"ditiori,",,,,Clementine,VUL
20,Proverbs,22,16,Proverbs 22:16,11,et,,,,Clementine,VUL
20,Proverbs,22,16,Proverbs 22:16,12,egebit.,,,,Clementine,VUL
20,Proverbs,22,17,Proverbs 22:17,1,Inclina,,,,Clementine,VUL
20,Proverbs,22,17,Proverbs 22:17,2,aurem,,,,Clementine,VUL
20,Proverbs,22,17,Proverbs 22:17,3,"tuam,",,,,Clementine,VUL
20,Proverbs,22,17,Proverbs 22:17,4,et,,,,Clementine,VUL
20,Proverbs,22,17,Proverbs 22:17,5,audi,,,,Clementine,VUL
20,Proverbs,22,17,Proverbs 22:17,6,verba,,,,Clementine,VUL
20,Proverbs,22,17,Proverbs 22:17,7,sapientium,,,,Clementine,VUL
20,Proverbs,22,17,Proverbs 22:17,8,:,,,,Clementine,VUL
20,Proverbs,22,17,Proverbs 22:17,9,appone,,,,Clementine,VUL
20,Proverbs,22,17,Proverbs 22:17,10,autem,,,,Clementine,VUL
20,Proverbs,22,17,Proverbs 22:17,11,cor,,,,Clementine,VUL
20,Proverbs,22,17,Proverbs 22:17,12,ad,,,,Clementine,VUL
20,Proverbs,22,17,Proverbs 22:17,13,doctrinam,,,,Clementine,VUL
20,Proverbs,22,17,Proverbs 22:17,14,"meam,",,,,Clementine,VUL
20,Proverbs,22,18,Proverbs 22:18,1,quæ,,,,Clementine,VUL
20,Proverbs,22,18,Proverbs 22:18,2,pulchra,,,,Clementine,VUL
20,Proverbs,22,18,Proverbs 22:18,3,erit,,,,Clementine,VUL
20,Proverbs,22,18,Proverbs 22:18,4,tibi,,,,Clementine,VUL
20,Proverbs,22,18,Proverbs 22:18,5,cum,,,,Clementine,VUL
20,Proverbs,22,18,Proverbs 22:18,6,servaveris,,,,Clementine,VUL
20,Proverbs,22,18,Proverbs 22:18,7,eam,,,,Clementine,VUL
20,Proverbs,22,18,Proverbs 22:18,8,in,,,,Clementine,VUL
20,Proverbs,22,18,Proverbs 22:18,9,ventre,,,,Clementine,VUL
20,Proverbs,22,18,Proverbs 22:18,10,"tuo,",,,,Clementine,VUL
20,Proverbs,22,18,Proverbs 22:18,11,et,,,,Clementine,VUL
20,Proverbs,22,18,Proverbs 22:18,12,redundabit,,,,Clementine,VUL
20,Proverbs,22,18,Proverbs 22:18,13,in,,,,Clementine,VUL
20,Proverbs,22,18,Proverbs 22:18,14,labiis,,,,Clementine,VUL
20,Proverbs,22,18,Proverbs 22:18,15,tuis,,,,Clementine,VUL
20,Proverbs,22,18,Proverbs 22:18,16,:,,,,Clementine,VUL
20,Proverbs,22,19,Proverbs 22:19,1,ut,,,,Clementine,VUL
20,Proverbs,22,19,Proverbs 22:19,2,sit,,,,Clementine,VUL
20,Proverbs,22,19,Proverbs 22:19,3,in,,,,Clementine,VUL
20,Proverbs,22,19,Proverbs 22:19,4,Domino,,,,Clementine,VUL
20,Proverbs,22,19,Proverbs 22:19,5,fiducia,,,,Clementine,VUL
20,Proverbs,22,19,Proverbs 22:19,6,"tua,",,,,Clementine,VUL
20,Proverbs,22,19,Proverbs 22:19,7,unde,,,,Clementine,VUL
20,Proverbs,22,19,Proverbs 22:19,8,et,,,,Clementine,VUL
20,Proverbs,22,19,Proverbs 22:19,9,ostendi,,,,Clementine,VUL
20,Proverbs,22,19,Proverbs 22:19,10,eam,,,,Clementine,VUL
20,Proverbs,22,19,Proverbs 22:19,11,tibi,,,,Clementine,VUL
20,Proverbs,22,19,Proverbs 22:19,12,hodie.,,,,Clementine,VUL
20,Proverbs,22,20,Proverbs 22:20,1,Ecce,,,,Clementine,VUL
20,Proverbs,22,20,Proverbs 22:20,2,descripsi,,,,Clementine,VUL
20,Proverbs,22,20,Proverbs 22:20,3,eam,,,,Clementine,VUL
20,Proverbs,22,20,Proverbs 22:20,4,tibi,,,,Clementine,VUL
20,Proverbs,22,20,Proverbs 22:20,5,"tripliciter,",,,,Clementine,VUL
20,Proverbs,22,20,Proverbs 22:20,6,in,,,,Clementine,VUL
20,Proverbs,22,20,Proverbs 22:20,7,cogitationibus,,,,Clementine,VUL
20,Proverbs,22,20,Proverbs 22:20,8,et,,,,Clementine,VUL
20,Proverbs,22,20,Proverbs 22:20,9,scientia,,,,Clementine,VUL
20,Proverbs,22,20,Proverbs 22:20,10,:,,,,Clementine,VUL
20,Proverbs,22,21,Proverbs 22:21,1,ut,,,,Clementine,VUL
20,Proverbs,22,21,Proverbs 22:21,2,ostenderem,,,,Clementine,VUL
20,Proverbs,22,21,Proverbs 22:21,3,tibi,,,,Clementine,VUL
20,Proverbs,22,21,Proverbs 22:21,4,firmitatem,,,,Clementine,VUL
20,Proverbs,22,21,Proverbs 22:21,5,et,,,,Clementine,VUL
20,Proverbs,22,21,Proverbs 22:21,6,eloquia,,,,Clementine,VUL
20,Proverbs,22,21,Proverbs 22:21,7,"veritatis,",,,,Clementine,VUL
20,Proverbs,22,21,Proverbs 22:21,8,respondere,,,,Clementine,VUL
20,Proverbs,22,21,Proverbs 22:21,9,ex,,,,Clementine,VUL
20,Proverbs,22,21,Proverbs 22:21,10,his,,,,Clementine,VUL
20,Proverbs,22,21,Proverbs 22:21,11,illis,,,,Clementine,VUL
20,Proverbs,22,21,Proverbs 22:21,12,qui,,,,Clementine,VUL
20,Proverbs,22,21,Proverbs 22:21,13,miserunt,,,,Clementine,VUL
20,Proverbs,22,21,Proverbs 22:21,14,te.,,,,Clementine,VUL
20,Proverbs,22,22,Proverbs 22:22,1,Non,,,,Clementine,VUL
20,Proverbs,22,22,Proverbs 22:22,2,facias,,,,Clementine,VUL
20,Proverbs,22,22,Proverbs 22:22,3,violentiam,,,,Clementine,VUL
20,Proverbs,22,22,Proverbs 22:22,4,pauperi,,,,Clementine,VUL
20,Proverbs,22,22,Proverbs 22:22,5,quia,,,,Clementine,VUL
20,Proverbs,22,22,Proverbs 22:22,6,pauper,,,,Clementine,VUL
20,Proverbs,22,22,Proverbs 22:22,7,"est,",,,,Clementine,VUL
20,Proverbs,22,22,Proverbs 22:22,8,neque,,,,Clementine,VUL
20,Proverbs,22,22,Proverbs 22:22,9,conteras,,,,Clementine,VUL
20,Proverbs,22,22,Proverbs 22:22,10,egenum,,,,Clementine,VUL
20,Proverbs,22,22,Proverbs 22:22,11,in,,,,Clementine,VUL
20,Proverbs,22,22,Proverbs 22:22,12,porta,,,,Clementine,VUL
20,Proverbs,22,22,Proverbs 22:22,13,:,,,,Clementine,VUL
20,Proverbs,22,23,Proverbs 22:23,1,quia,,,,Clementine,VUL
20,Proverbs,22,23,Proverbs 22:23,2,judicabit,,,,Clementine,VUL
20,Proverbs,22,23,Proverbs 22:23,3,Dominus,,,,Clementine,VUL
20,Proverbs,22,23,Proverbs 22:23,4,causam,,,,Clementine,VUL
20,Proverbs,22,23,Proverbs 22:23,5,"ejus,",,,,Clementine,VUL
20,Proverbs,22,23,Proverbs 22:23,6,et,,,,Clementine,VUL
20,Proverbs,22,23,Proverbs 22:23,7,configet,,,,Clementine,VUL
20,Proverbs,22,23,Proverbs 22:23,8,eos,,,,Clementine,VUL
20,Proverbs,22,23,Proverbs 22:23,9,qui,,,,Clementine,VUL
20,Proverbs,22,23,Proverbs 22:23,10,confixerunt,,,,Clementine,VUL
20,Proverbs,22,23,Proverbs 22:23,11,animam,,,,Clementine,VUL
20,Proverbs,22,23,Proverbs 22:23,12,ejus.,,,,Clementine,VUL
20,Proverbs,22,24,Proverbs 22:24,1,Noli,,,,Clementine,VUL
20,Proverbs,22,24,Proverbs 22:24,2,esse,,,,Clementine,VUL
20,Proverbs,22,24,Proverbs 22:24,3,amicus,,,,Clementine,VUL
20,Proverbs,22,24,Proverbs 22:24,4,homini,,,,Clementine,VUL
20,Proverbs,22,24,Proverbs 22:24,5,"iracundo,",,,,Clementine,VUL
20,Proverbs,22,24,Proverbs 22:24,6,neque,,,,Clementine,VUL
20,Proverbs,22,24,Proverbs 22:24,7,ambules,,,,Clementine,VUL
20,Proverbs,22,24,Proverbs 22:24,8,cum,,,,Clementine,VUL
20,Proverbs,22,24,Proverbs 22:24,9,viro,,,,Clementine,VUL
20,Proverbs,22,24,Proverbs 22:24,10,furioso,,,,Clementine,VUL
20,Proverbs,22,24,Proverbs 22:24,11,:,,,,Clementine,VUL
20,Proverbs,22,25,Proverbs 22:25,1,ne,,,,Clementine,VUL
20,Proverbs,22,25,Proverbs 22:25,2,forte,,,,Clementine,VUL
20,Proverbs,22,25,Proverbs 22:25,3,discas,,,,Clementine,VUL
20,Proverbs,22,25,Proverbs 22:25,4,semitas,,,,Clementine,VUL
20,Proverbs,22,25,Proverbs 22:25,5,"ejus,",,,,Clementine,VUL
20,Proverbs,22,25,Proverbs 22:25,6,et,,,,Clementine,VUL
20,Proverbs,22,25,Proverbs 22:25,7,sumas,,,,Clementine,VUL
20,Proverbs,22,25,Proverbs 22:25,8,scandalum,,,,Clementine,VUL
20,Proverbs,22,25,Proverbs 22:25,9,animæ,,,,Clementine,VUL
20,Proverbs,22,25,Proverbs 22:25,10,tuæ.,,,,Clementine,VUL
20,Proverbs,22,26,Proverbs 22:26,1,Noli,,,,Clementine,VUL
20,Proverbs,22,26,Proverbs 22:26,2,esse,,,,Clementine,VUL
20,Proverbs,22,26,Proverbs 22:26,3,cum,,,,Clementine,VUL
20,Proverbs,22,26,Proverbs 22:26,4,his,,,,Clementine,VUL
20,Proverbs,22,26,Proverbs 22:26,5,qui,,,,Clementine,VUL
20,Proverbs,22,26,Proverbs 22:26,6,defigunt,,,,Clementine,VUL
20,Proverbs,22,26,Proverbs 22:26,7,manus,,,,Clementine,VUL
20,Proverbs,22,26,Proverbs 22:26,8,"suas,",,,,Clementine,VUL
20,Proverbs,22,26,Proverbs 22:26,9,et,,,,Clementine,VUL
20,Proverbs,22,26,Proverbs 22:26,10,qui,,,,Clementine,VUL
20,Proverbs,22,26,Proverbs 22:26,11,vades,,,,Clementine,VUL
20,Proverbs,22,26,Proverbs 22:26,12,se,,,,Clementine,VUL
20,Proverbs,22,26,Proverbs 22:26,13,offerunt,,,,Clementine,VUL
20,Proverbs,22,26,Proverbs 22:26,14,pro,,,,Clementine,VUL
20,Proverbs,22,26,Proverbs 22:26,15,debitis,,,,Clementine,VUL
20,Proverbs,22,26,Proverbs 22:26,16,:,,,,Clementine,VUL
20,Proverbs,22,27,Proverbs 22:27,1,si,,,,Clementine,VUL
20,Proverbs,22,27,Proverbs 22:27,2,enim,,,,Clementine,VUL
20,Proverbs,22,27,Proverbs 22:27,3,non,,,,Clementine,VUL
20,Proverbs,22,27,Proverbs 22:27,4,habes,,,,Clementine,VUL
20,Proverbs,22,27,Proverbs 22:27,5,unde,,,,Clementine,VUL
20,Proverbs,22,27,Proverbs 22:27,6,"restituas,",,,,Clementine,VUL
20,Proverbs,22,27,Proverbs 22:27,7,quid,,,,Clementine,VUL
20,Proverbs,22,27,Proverbs 22:27,8,causæ,,,,Clementine,VUL
20,Proverbs,22,27,Proverbs 22:27,9,est,,,,Clementine,VUL
20,Proverbs,22,27,Proverbs 22:27,10,ut,,,,Clementine,VUL
20,Proverbs,22,27,Proverbs 22:27,11,tollat,,,,Clementine,VUL
20,Proverbs,22,27,Proverbs 22:27,12,operimentum,,,,Clementine,VUL
20,Proverbs,22,27,Proverbs 22:27,13,de,,,,Clementine,VUL
20,Proverbs,22,27,Proverbs 22:27,14,cubili,,,,Clementine,VUL
20,Proverbs,22,27,Proverbs 22:27,15,tuo,,,,Clementine,VUL
20,Proverbs,22,27,Proverbs 22:27,16,?,,,,Clementine,VUL
20,Proverbs,22,28,Proverbs 22:28,1,Ne,,,,Clementine,VUL
20,Proverbs,22,28,Proverbs 22:28,2,transgrediaris,,,,Clementine,VUL
20,Proverbs,22,28,Proverbs 22:28,3,terminos,,,,Clementine,VUL
20,Proverbs,22,28,Proverbs 22:28,4,"antiquos,",,,,Clementine,VUL
20,Proverbs,22,28,Proverbs 22:28,5,quos,,,,Clementine,VUL
20,Proverbs,22,28,Proverbs 22:28,6,posuerunt,,,,Clementine,VUL
20,Proverbs,22,28,Proverbs 22:28,7,patres,,,,Clementine,VUL
20,Proverbs,22,28,Proverbs 22:28,8,tui.,,,,Clementine,VUL
20,Proverbs,22,29,Proverbs 22:29,1,Vidisti,,,,Clementine,VUL
20,Proverbs,22,29,Proverbs 22:29,2,virum,,,,Clementine,VUL
20,Proverbs,22,29,Proverbs 22:29,3,velocem,,,,Clementine,VUL
20,Proverbs,22,29,Proverbs 22:29,4,in,,,,Clementine,VUL
20,Proverbs,22,29,Proverbs 22:29,5,opere,,,,Clementine,VUL
20,Proverbs,22,29,Proverbs 22:29,6,suo,,,,Clementine,VUL
20,Proverbs,22,29,Proverbs 22:29,7,?,,,,Clementine,VUL
20,Proverbs,22,29,Proverbs 22:29,8,coram,,,,Clementine,VUL
20,Proverbs,22,29,Proverbs 22:29,9,regibus,,,,Clementine,VUL
20,Proverbs,22,29,Proverbs 22:29,10,"stabit,",,,,Clementine,VUL
20,Proverbs,22,29,Proverbs 22:29,11,nec,,,,Clementine,VUL
20,Proverbs,22,29,Proverbs 22:29,12,erit,,,,Clementine,VUL
20,Proverbs,22,29,Proverbs 22:29,13,ante,,,,Clementine,VUL
20,Proverbs,22,29,Proverbs 22:29,14,ignobiles.,,,,Clementine,VUL
20,Proverbs,23,1,Proverbs 23:1,1,Quando,,,,Clementine,VUL
20,Proverbs,23,1,Proverbs 23:1,2,sederis,,,,Clementine,VUL
20,Proverbs,23,1,Proverbs 23:1,3,ut,,,,Clementine,VUL
20,Proverbs,23,1,Proverbs 23:1,4,comedas,,,,Clementine,VUL
20,Proverbs,23,1,Proverbs 23:1,5,cum,,,,Clementine,VUL
20,Proverbs,23,1,Proverbs 23:1,6,"principe,",,,,Clementine,VUL
20,Proverbs,23,1,Proverbs 23:1,7,diligenter,,,,Clementine,VUL
20,Proverbs,23,1,Proverbs 23:1,8,attende,,,,Clementine,VUL
20,Proverbs,23,1,Proverbs 23:1,9,quæ,,,,Clementine,VUL
20,Proverbs,23,1,Proverbs 23:1,10,apposita,,,,Clementine,VUL
20,Proverbs,23,1,Proverbs 23:1,11,sunt,,,,Clementine,VUL
20,Proverbs,23,1,Proverbs 23:1,12,ante,,,,Clementine,VUL
20,Proverbs,23,1,Proverbs 23:1,13,faciem,,,,Clementine,VUL
20,Proverbs,23,1,Proverbs 23:1,14,tuam.,,,,Clementine,VUL
20,Proverbs,23,2,Proverbs 23:2,1,Et,,,,Clementine,VUL
20,Proverbs,23,2,Proverbs 23:2,2,statue,,,,Clementine,VUL
20,Proverbs,23,2,Proverbs 23:2,3,cultrum,,,,Clementine,VUL
20,Proverbs,23,2,Proverbs 23:2,4,in,,,,Clementine,VUL
20,Proverbs,23,2,Proverbs 23:2,5,gutture,,,,Clementine,VUL
20,Proverbs,23,2,Proverbs 23:2,6,tuo,,,,Clementine,VUL
20,Proverbs,23,2,Proverbs 23:2,7,:,,,,Clementine,VUL
20,Proverbs,23,2,Proverbs 23:2,8,si,,,,Clementine,VUL
20,Proverbs,23,2,Proverbs 23:2,9,tamen,,,,Clementine,VUL
20,Proverbs,23,2,Proverbs 23:2,10,habes,,,,Clementine,VUL
20,Proverbs,23,2,Proverbs 23:2,11,in,,,,Clementine,VUL
20,Proverbs,23,2,Proverbs 23:2,12,potestate,,,,Clementine,VUL
20,Proverbs,23,2,Proverbs 23:2,13,animam,,,,Clementine,VUL
20,Proverbs,23,2,Proverbs 23:2,14,tuam.,,,,Clementine,VUL
20,Proverbs,23,3,Proverbs 23:3,1,Ne,,,,Clementine,VUL
20,Proverbs,23,3,Proverbs 23:3,2,desideres,,,,Clementine,VUL
20,Proverbs,23,3,Proverbs 23:3,3,de,,,,Clementine,VUL
20,Proverbs,23,3,Proverbs 23:3,4,cibis,,,,Clementine,VUL
20,Proverbs,23,3,Proverbs 23:3,5,"ejus,",,,,Clementine,VUL
20,Proverbs,23,3,Proverbs 23:3,6,in,,,,Clementine,VUL
20,Proverbs,23,3,Proverbs 23:3,7,quo,,,,Clementine,VUL
20,Proverbs,23,3,Proverbs 23:3,8,est,,,,Clementine,VUL
20,Proverbs,23,3,Proverbs 23:3,9,panis,,,,Clementine,VUL
20,Proverbs,23,3,Proverbs 23:3,10,mendacii.,,,,Clementine,VUL
20,Proverbs,23,4,Proverbs 23:4,1,Noli,,,,Clementine,VUL
20,Proverbs,23,4,Proverbs 23:4,2,laborare,,,,Clementine,VUL
20,Proverbs,23,4,Proverbs 23:4,3,ut,,,,Clementine,VUL
20,Proverbs,23,4,Proverbs 23:4,4,"diteris,",,,,Clementine,VUL
20,Proverbs,23,4,Proverbs 23:4,5,sed,,,,Clementine,VUL
20,Proverbs,23,4,Proverbs 23:4,6,prudentiæ,,,,Clementine,VUL
20,Proverbs,23,4,Proverbs 23:4,7,tuæ,,,,Clementine,VUL
20,Proverbs,23,4,Proverbs 23:4,8,pone,,,,Clementine,VUL
20,Proverbs,23,4,Proverbs 23:4,9,modum.,,,,Clementine,VUL
20,Proverbs,23,5,Proverbs 23:5,1,Ne,,,,Clementine,VUL
20,Proverbs,23,5,Proverbs 23:5,2,erigas,,,,Clementine,VUL
20,Proverbs,23,5,Proverbs 23:5,3,oculos,,,,Clementine,VUL
20,Proverbs,23,5,Proverbs 23:5,4,tuos,,,,Clementine,VUL
20,Proverbs,23,5,Proverbs 23:5,5,ad,,,,Clementine,VUL
20,Proverbs,23,5,Proverbs 23:5,6,opes,,,,Clementine,VUL
20,Proverbs,23,5,Proverbs 23:5,7,quas,,,,Clementine,VUL
20,Proverbs,23,5,Proverbs 23:5,8,non,,,,Clementine,VUL
20,Proverbs,23,5,Proverbs 23:5,9,potes,,,,Clementine,VUL
20,Proverbs,23,5,Proverbs 23:5,10,"habere,",,,,Clementine,VUL
20,Proverbs,23,5,Proverbs 23:5,11,quia,,,,Clementine,VUL
20,Proverbs,23,5,Proverbs 23:5,12,facient,,,,Clementine,VUL
20,Proverbs,23,5,Proverbs 23:5,13,sibi,,,,Clementine,VUL
20,Proverbs,23,5,Proverbs 23:5,14,pennas,,,,Clementine,VUL
20,Proverbs,23,5,Proverbs 23:5,15,quasi,,,,Clementine,VUL
20,Proverbs,23,5,Proverbs 23:5,16,"aquilæ,",,,,Clementine,VUL
20,Proverbs,23,5,Proverbs 23:5,17,et,,,,Clementine,VUL
20,Proverbs,23,5,Proverbs 23:5,18,volabunt,,,,Clementine,VUL
20,Proverbs,23,5,Proverbs 23:5,19,in,,,,Clementine,VUL
20,Proverbs,23,5,Proverbs 23:5,20,cælum.,,,,Clementine,VUL
20,Proverbs,23,6,Proverbs 23:6,1,Ne,,,,Clementine,VUL
20,Proverbs,23,6,Proverbs 23:6,2,comedas,,,,Clementine,VUL
20,Proverbs,23,6,Proverbs 23:6,3,cum,,,,Clementine,VUL
20,Proverbs,23,6,Proverbs 23:6,4,homine,,,,Clementine,VUL
20,Proverbs,23,6,Proverbs 23:6,5,"invido,",,,,Clementine,VUL
20,Proverbs,23,6,Proverbs 23:6,6,et,,,,Clementine,VUL
20,Proverbs,23,6,Proverbs 23:6,7,ne,,,,Clementine,VUL
20,Proverbs,23,6,Proverbs 23:6,8,desideres,,,,Clementine,VUL
20,Proverbs,23,6,Proverbs 23:6,9,cibos,,,,Clementine,VUL
20,Proverbs,23,6,Proverbs 23:6,10,ejus,,,,Clementine,VUL
20,Proverbs,23,6,Proverbs 23:6,11,:,,,,Clementine,VUL
20,Proverbs,23,7,Proverbs 23:7,1,quoniam,,,,Clementine,VUL
20,Proverbs,23,7,Proverbs 23:7,2,in,,,,Clementine,VUL
20,Proverbs,23,7,Proverbs 23:7,3,similitudinem,,,,Clementine,VUL
20,Proverbs,23,7,Proverbs 23:7,4,arioli,,,,Clementine,VUL
20,Proverbs,23,7,Proverbs 23:7,5,et,,,,Clementine,VUL
20,Proverbs,23,7,Proverbs 23:7,6,conjectoris,,,,Clementine,VUL
20,Proverbs,23,7,Proverbs 23:7,7,æstimat,,,,Clementine,VUL
20,Proverbs,23,7,Proverbs 23:7,8,quod,,,,Clementine,VUL
20,Proverbs,23,7,Proverbs 23:7,9,ignorat.,,,,Clementine,VUL
20,Proverbs,23,7,Proverbs 23:7,10,Comede,,,,Clementine,VUL
20,Proverbs,23,7,Proverbs 23:7,11,et,,,,Clementine,VUL
20,Proverbs,23,7,Proverbs 23:7,12,"bibe,",,,,Clementine,VUL
20,Proverbs,23,7,Proverbs 23:7,13,dicet,,,,Clementine,VUL
20,Proverbs,23,7,Proverbs 23:7,14,tibi,,,,Clementine,VUL
20,Proverbs,23,7,Proverbs 23:7,15,;,,,,Clementine,VUL
20,Proverbs,23,7,Proverbs 23:7,16,et,,,,Clementine,VUL
20,Proverbs,23,7,Proverbs 23:7,17,mens,,,,Clementine,VUL
20,Proverbs,23,7,Proverbs 23:7,18,ejus,,,,Clementine,VUL
20,Proverbs,23,7,Proverbs 23:7,19,non,,,,Clementine,VUL
20,Proverbs,23,7,Proverbs 23:7,20,est,,,,Clementine,VUL
20,Proverbs,23,7,Proverbs 23:7,21,tecum.,,,,Clementine,VUL
20,Proverbs,23,8,Proverbs 23:8,1,Cibos,,,,Clementine,VUL
20,Proverbs,23,8,Proverbs 23:8,2,quos,,,,Clementine,VUL
20,Proverbs,23,8,Proverbs 23:8,3,comederas,,,,Clementine,VUL
20,Proverbs,23,8,Proverbs 23:8,4,"evomes,",,,,Clementine,VUL
20,Proverbs,23,8,Proverbs 23:8,5,et,,,,Clementine,VUL
20,Proverbs,23,8,Proverbs 23:8,6,perdes,,,,Clementine,VUL
20,Proverbs,23,8,Proverbs 23:8,7,pulchros,,,,Clementine,VUL
20,Proverbs,23,8,Proverbs 23:8,8,sermones,,,,Clementine,VUL
20,Proverbs,23,8,Proverbs 23:8,9,tuos.,,,,Clementine,VUL
20,Proverbs,23,9,Proverbs 23:9,1,In,,,,Clementine,VUL
20,Proverbs,23,9,Proverbs 23:9,2,auribus,,,,Clementine,VUL
20,Proverbs,23,9,Proverbs 23:9,3,insipientium,,,,Clementine,VUL
20,Proverbs,23,9,Proverbs 23:9,4,ne,,,,Clementine,VUL
20,Proverbs,23,9,Proverbs 23:9,5,"loquaris,",,,,Clementine,VUL
20,Proverbs,23,9,Proverbs 23:9,6,qui,,,,Clementine,VUL
20,Proverbs,23,9,Proverbs 23:9,7,despicient,,,,Clementine,VUL
20,Proverbs,23,9,Proverbs 23:9,8,doctrinam,,,,Clementine,VUL
20,Proverbs,23,9,Proverbs 23:9,9,eloquii,,,,Clementine,VUL
20,Proverbs,23,9,Proverbs 23:9,10,tui.,,,,Clementine,VUL
20,Proverbs,23,10,Proverbs 23:10,1,Ne,,,,Clementine,VUL
20,Proverbs,23,10,Proverbs 23:10,2,attingas,,,,Clementine,VUL
20,Proverbs,23,10,Proverbs 23:10,3,parvulorum,,,,Clementine,VUL
20,Proverbs,23,10,Proverbs 23:10,4,"terminos,",,,,Clementine,VUL
20,Proverbs,23,10,Proverbs 23:10,5,et,,,,Clementine,VUL
20,Proverbs,23,10,Proverbs 23:10,6,agrum,,,,Clementine,VUL
20,Proverbs,23,10,Proverbs 23:10,7,pupillorum,,,,Clementine,VUL
20,Proverbs,23,10,Proverbs 23:10,8,ne,,,,Clementine,VUL
20,Proverbs,23,10,Proverbs 23:10,9,introëas,,,,Clementine,VUL
20,Proverbs,23,10,Proverbs 23:10,10,:,,,,Clementine,VUL
20,Proverbs,23,11,Proverbs 23:11,1,propinquus,,,,Clementine,VUL
20,Proverbs,23,11,Proverbs 23:11,2,enim,,,,Clementine,VUL
20,Proverbs,23,11,Proverbs 23:11,3,illorum,,,,Clementine,VUL
20,Proverbs,23,11,Proverbs 23:11,4,fortis,,,,Clementine,VUL
20,Proverbs,23,11,Proverbs 23:11,5,"est,",,,,Clementine,VUL
20,Proverbs,23,11,Proverbs 23:11,6,et,,,,Clementine,VUL
20,Proverbs,23,11,Proverbs 23:11,7,ipse,,,,Clementine,VUL
20,Proverbs,23,11,Proverbs 23:11,8,judicabit,,,,Clementine,VUL
20,Proverbs,23,11,Proverbs 23:11,9,contra,,,,Clementine,VUL
20,Proverbs,23,11,Proverbs 23:11,10,te,,,,Clementine,VUL
20,Proverbs,23,11,Proverbs 23:11,11,causam,,,,Clementine,VUL
20,Proverbs,23,11,Proverbs 23:11,12,illorum.,,,,Clementine,VUL
20,Proverbs,23,12,Proverbs 23:12,1,Ingrediatur,,,,Clementine,VUL
20,Proverbs,23,12,Proverbs 23:12,2,ad,,,,Clementine,VUL
20,Proverbs,23,12,Proverbs 23:12,3,doctrinam,,,,Clementine,VUL
20,Proverbs,23,12,Proverbs 23:12,4,cor,,,,Clementine,VUL
20,Proverbs,23,12,Proverbs 23:12,5,"tuum,",,,,Clementine,VUL
20,Proverbs,23,12,Proverbs 23:12,6,et,,,,Clementine,VUL
20,Proverbs,23,12,Proverbs 23:12,7,aures,,,,Clementine,VUL
20,Proverbs,23,12,Proverbs 23:12,8,tuæ,,,,Clementine,VUL
20,Proverbs,23,12,Proverbs 23:12,9,ad,,,,Clementine,VUL
20,Proverbs,23,12,Proverbs 23:12,10,verba,,,,Clementine,VUL
20,Proverbs,23,12,Proverbs 23:12,11,scientiæ.,,,,Clementine,VUL
20,Proverbs,23,13,Proverbs 23:13,1,Noli,,,,Clementine,VUL
20,Proverbs,23,13,Proverbs 23:13,2,subtrahere,,,,Clementine,VUL
20,Proverbs,23,13,Proverbs 23:13,3,a,,,,Clementine,VUL
20,Proverbs,23,13,Proverbs 23:13,4,puero,,,,Clementine,VUL
20,Proverbs,23,13,Proverbs 23:13,5,disciplinam,,,,Clementine,VUL
20,Proverbs,23,13,Proverbs 23:13,6,:,,,,Clementine,VUL
20,Proverbs,23,13,Proverbs 23:13,7,si,,,,Clementine,VUL
20,Proverbs,23,13,Proverbs 23:13,8,enim,,,,Clementine,VUL
20,Proverbs,23,13,Proverbs 23:13,9,percusseris,,,,Clementine,VUL
20,Proverbs,23,13,Proverbs 23:13,10,eum,,,,Clementine,VUL
20,Proverbs,23,13,Proverbs 23:13,11,"virga,",,,,Clementine,VUL
20,Proverbs,23,13,Proverbs 23:13,12,non,,,,Clementine,VUL
20,Proverbs,23,13,Proverbs 23:13,13,morietur.,,,,Clementine,VUL
20,Proverbs,23,14,Proverbs 23:14,1,Tu,,,,Clementine,VUL
20,Proverbs,23,14,Proverbs 23:14,2,virga,,,,Clementine,VUL
20,Proverbs,23,14,Proverbs 23:14,3,percuties,,,,Clementine,VUL
20,Proverbs,23,14,Proverbs 23:14,4,"eum,",,,,Clementine,VUL
20,Proverbs,23,14,Proverbs 23:14,5,et,,,,Clementine,VUL
20,Proverbs,23,14,Proverbs 23:14,6,animam,,,,Clementine,VUL
20,Proverbs,23,14,Proverbs 23:14,7,ejus,,,,Clementine,VUL
20,Proverbs,23,14,Proverbs 23:14,8,de,,,,Clementine,VUL
20,Proverbs,23,14,Proverbs 23:14,9,inferno,,,,Clementine,VUL
20,Proverbs,23,14,Proverbs 23:14,10,liberabis.,,,,Clementine,VUL
20,Proverbs,23,15,Proverbs 23:15,1,Fili,,,,Clementine,VUL
20,Proverbs,23,15,Proverbs 23:15,2,"mi,",,,,Clementine,VUL
20,Proverbs,23,15,Proverbs 23:15,3,si,,,,Clementine,VUL
20,Proverbs,23,15,Proverbs 23:15,4,sapiens,,,,Clementine,VUL
20,Proverbs,23,15,Proverbs 23:15,5,fuerit,,,,Clementine,VUL
20,Proverbs,23,15,Proverbs 23:15,6,animus,,,,Clementine,VUL
20,Proverbs,23,15,Proverbs 23:15,7,"tuus,",,,,Clementine,VUL
20,Proverbs,23,15,Proverbs 23:15,8,gaudebit,,,,Clementine,VUL
20,Proverbs,23,15,Proverbs 23:15,9,tecum,,,,Clementine,VUL
20,Proverbs,23,15,Proverbs 23:15,10,cor,,,,Clementine,VUL
20,Proverbs,23,15,Proverbs 23:15,11,meum,,,,Clementine,VUL
20,Proverbs,23,15,Proverbs 23:15,12,:,,,,Clementine,VUL
20,Proverbs,23,16,Proverbs 23:16,1,et,,,,Clementine,VUL
20,Proverbs,23,16,Proverbs 23:16,2,exsultabunt,,,,Clementine,VUL
20,Proverbs,23,16,Proverbs 23:16,3,renes,,,,Clementine,VUL
20,Proverbs,23,16,Proverbs 23:16,4,"mei,",,,,Clementine,VUL
20,Proverbs,23,16,Proverbs 23:16,5,cum,,,,Clementine,VUL
20,Proverbs,23,16,Proverbs 23:16,6,locuta,,,,Clementine,VUL
20,Proverbs,23,16,Proverbs 23:16,7,fuerint,,,,Clementine,VUL
20,Proverbs,23,16,Proverbs 23:16,8,rectum,,,,Clementine,VUL
20,Proverbs,23,16,Proverbs 23:16,9,labia,,,,Clementine,VUL
20,Proverbs,23,16,Proverbs 23:16,10,tua.,,,,Clementine,VUL
20,Proverbs,23,17,Proverbs 23:17,1,Non,,,,Clementine,VUL
20,Proverbs,23,17,Proverbs 23:17,2,æmuletur,,,,Clementine,VUL
20,Proverbs,23,17,Proverbs 23:17,3,cor,,,,Clementine,VUL
20,Proverbs,23,17,Proverbs 23:17,4,tuum,,,,Clementine,VUL
20,Proverbs,23,17,Proverbs 23:17,5,"peccatores,",,,,Clementine,VUL
20,Proverbs,23,17,Proverbs 23:17,6,sed,,,,Clementine,VUL
20,Proverbs,23,17,Proverbs 23:17,7,in,,,,Clementine,VUL
20,Proverbs,23,17,Proverbs 23:17,8,timore,,,,Clementine,VUL
20,Proverbs,23,17,Proverbs 23:17,9,Domini,,,,Clementine,VUL
20,Proverbs,23,17,Proverbs 23:17,10,esto,,,,Clementine,VUL
20,Proverbs,23,17,Proverbs 23:17,11,tota,,,,Clementine,VUL
20,Proverbs,23,17,Proverbs 23:17,12,die,,,,Clementine,VUL
20,Proverbs,23,17,Proverbs 23:17,13,:,,,,Clementine,VUL
20,Proverbs,23,18,Proverbs 23:18,1,quia,,,,Clementine,VUL
20,Proverbs,23,18,Proverbs 23:18,2,habebis,,,,Clementine,VUL
20,Proverbs,23,18,Proverbs 23:18,3,spem,,,,Clementine,VUL
20,Proverbs,23,18,Proverbs 23:18,4,in,,,,Clementine,VUL
20,Proverbs,23,18,Proverbs 23:18,5,"novissimo,",,,,Clementine,VUL
20,Proverbs,23,18,Proverbs 23:18,6,et,,,,Clementine,VUL
20,Proverbs,23,18,Proverbs 23:18,7,præstolatio,,,,Clementine,VUL
20,Proverbs,23,18,Proverbs 23:18,8,tua,,,,Clementine,VUL
20,Proverbs,23,18,Proverbs 23:18,9,non,,,,Clementine,VUL
20,Proverbs,23,18,Proverbs 23:18,10,auferetur.,,,,Clementine,VUL
20,Proverbs,23,19,Proverbs 23:19,1,"Audi,",,,,Clementine,VUL
20,Proverbs,23,19,Proverbs 23:19,2,fili,,,,Clementine,VUL
20,Proverbs,23,19,Proverbs 23:19,3,"mi,",,,,Clementine,VUL
20,Proverbs,23,19,Proverbs 23:19,4,et,,,,Clementine,VUL
20,Proverbs,23,19,Proverbs 23:19,5,esto,,,,Clementine,VUL
20,Proverbs,23,19,Proverbs 23:19,6,"sapiens,",,,,Clementine,VUL
20,Proverbs,23,19,Proverbs 23:19,7,et,,,,Clementine,VUL
20,Proverbs,23,19,Proverbs 23:19,8,dirige,,,,Clementine,VUL
20,Proverbs,23,19,Proverbs 23:19,9,in,,,,Clementine,VUL
20,Proverbs,23,19,Proverbs 23:19,10,via,,,,Clementine,VUL
20,Proverbs,23,19,Proverbs 23:19,11,animum,,,,Clementine,VUL
20,Proverbs,23,19,Proverbs 23:19,12,tuum.,,,,Clementine,VUL
20,Proverbs,23,20,Proverbs 23:20,1,Noli,,,,Clementine,VUL
20,Proverbs,23,20,Proverbs 23:20,2,esse,,,,Clementine,VUL
20,Proverbs,23,20,Proverbs 23:20,3,in,,,,Clementine,VUL
20,Proverbs,23,20,Proverbs 23:20,4,conviviis,,,,Clementine,VUL
20,Proverbs,23,20,Proverbs 23:20,5,"potatorum,",,,,Clementine,VUL
20,Proverbs,23,20,Proverbs 23:20,6,nec,,,,Clementine,VUL
20,Proverbs,23,20,Proverbs 23:20,7,in,,,,Clementine,VUL
20,Proverbs,23,20,Proverbs 23:20,8,comessationibus,,,,Clementine,VUL
20,Proverbs,23,20,Proverbs 23:20,9,eorum,,,,Clementine,VUL
20,Proverbs,23,20,Proverbs 23:20,10,qui,,,,Clementine,VUL
20,Proverbs,23,20,Proverbs 23:20,11,carnes,,,,Clementine,VUL
20,Proverbs,23,20,Proverbs 23:20,12,ad,,,,Clementine,VUL
20,Proverbs,23,20,Proverbs 23:20,13,vescendum,,,,Clementine,VUL
20,Proverbs,23,20,Proverbs 23:20,14,conferunt,,,,Clementine,VUL
20,Proverbs,23,20,Proverbs 23:20,15,:,,,,Clementine,VUL
20,Proverbs,23,21,Proverbs 23:21,1,quia,,,,Clementine,VUL
20,Proverbs,23,21,Proverbs 23:21,2,vacantes,,,,Clementine,VUL
20,Proverbs,23,21,Proverbs 23:21,3,potibus,,,,Clementine,VUL
20,Proverbs,23,21,Proverbs 23:21,4,et,,,,Clementine,VUL
20,Proverbs,23,21,Proverbs 23:21,5,dantes,,,,Clementine,VUL
20,Proverbs,23,21,Proverbs 23:21,6,symbola,,,,Clementine,VUL
20,Proverbs,23,21,Proverbs 23:21,7,"consumentur,",,,,Clementine,VUL
20,Proverbs,23,21,Proverbs 23:21,8,et,,,,Clementine,VUL
20,Proverbs,23,21,Proverbs 23:21,9,vestietur,,,,Clementine,VUL
20,Proverbs,23,21,Proverbs 23:21,10,pannis,,,,Clementine,VUL
20,Proverbs,23,21,Proverbs 23:21,11,dormitatio.,,,,Clementine,VUL
20,Proverbs,23,22,Proverbs 23:22,1,Audi,,,,Clementine,VUL
20,Proverbs,23,22,Proverbs 23:22,2,patrem,,,,Clementine,VUL
20,Proverbs,23,22,Proverbs 23:22,3,"tuum,",,,,Clementine,VUL
20,Proverbs,23,22,Proverbs 23:22,4,qui,,,,Clementine,VUL
20,Proverbs,23,22,Proverbs 23:22,5,genuit,,,,Clementine,VUL
20,Proverbs,23,22,Proverbs 23:22,6,"te,",,,,Clementine,VUL
20,Proverbs,23,22,Proverbs 23:22,7,et,,,,Clementine,VUL
20,Proverbs,23,22,Proverbs 23:22,8,ne,,,,Clementine,VUL
20,Proverbs,23,22,Proverbs 23:22,9,contemnas,,,,Clementine,VUL
20,Proverbs,23,22,Proverbs 23:22,10,cum,,,,Clementine,VUL
20,Proverbs,23,22,Proverbs 23:22,11,senuerit,,,,Clementine,VUL
20,Proverbs,23,22,Proverbs 23:22,12,mater,,,,Clementine,VUL
20,Proverbs,23,22,Proverbs 23:22,13,tua.,,,,Clementine,VUL
20,Proverbs,23,23,Proverbs 23:23,1,Veritatem,,,,Clementine,VUL
20,Proverbs,23,23,Proverbs 23:23,2,"eme,",,,,Clementine,VUL
20,Proverbs,23,23,Proverbs 23:23,3,et,,,,Clementine,VUL
20,Proverbs,23,23,Proverbs 23:23,4,noli,,,,Clementine,VUL
20,Proverbs,23,23,Proverbs 23:23,5,vendere,,,,Clementine,VUL
20,Proverbs,23,23,Proverbs 23:23,6,"sapientiam,",,,,Clementine,VUL
20,Proverbs,23,23,Proverbs 23:23,7,et,,,,Clementine,VUL
20,Proverbs,23,23,Proverbs 23:23,8,"doctrinam,",,,,Clementine,VUL
20,Proverbs,23,23,Proverbs 23:23,9,et,,,,Clementine,VUL
20,Proverbs,23,23,Proverbs 23:23,10,intelligentiam.,,,,Clementine,VUL
20,Proverbs,23,24,Proverbs 23:24,1,Exsultat,,,,Clementine,VUL
20,Proverbs,23,24,Proverbs 23:24,2,gaudio,,,,Clementine,VUL
20,Proverbs,23,24,Proverbs 23:24,3,pater,,,,Clementine,VUL
20,Proverbs,23,24,Proverbs 23:24,4,justi,,,,Clementine,VUL
20,Proverbs,23,24,Proverbs 23:24,5,;,,,,Clementine,VUL
20,Proverbs,23,24,Proverbs 23:24,6,qui,,,,Clementine,VUL
20,Proverbs,23,24,Proverbs 23:24,7,sapientem,,,,Clementine,VUL
20,Proverbs,23,24,Proverbs 23:24,8,"genuit,",,,,Clementine,VUL
20,Proverbs,23,24,Proverbs 23:24,9,lætabitur,,,,Clementine,VUL
20,Proverbs,23,24,Proverbs 23:24,10,in,,,,Clementine,VUL
20,Proverbs,23,24,Proverbs 23:24,11,eo.,,,,Clementine,VUL
20,Proverbs,23,25,Proverbs 23:25,1,Gaudeat,,,,Clementine,VUL
20,Proverbs,23,25,Proverbs 23:25,2,pater,,,,Clementine,VUL
20,Proverbs,23,25,Proverbs 23:25,3,tuus,,,,Clementine,VUL
20,Proverbs,23,25,Proverbs 23:25,4,et,,,,Clementine,VUL
20,Proverbs,23,25,Proverbs 23:25,5,mater,,,,Clementine,VUL
20,Proverbs,23,25,Proverbs 23:25,6,"tua,",,,,Clementine,VUL
20,Proverbs,23,25,Proverbs 23:25,7,et,,,,Clementine,VUL
20,Proverbs,23,25,Proverbs 23:25,8,exsultet,,,,Clementine,VUL
20,Proverbs,23,25,Proverbs 23:25,9,quæ,,,,Clementine,VUL
20,Proverbs,23,25,Proverbs 23:25,10,genuit,,,,Clementine,VUL
20,Proverbs,23,25,Proverbs 23:25,11,te.,,,,Clementine,VUL
20,Proverbs,23,26,Proverbs 23:26,1,"Præbe,",,,,Clementine,VUL
20,Proverbs,23,26,Proverbs 23:26,2,fili,,,,Clementine,VUL
20,Proverbs,23,26,Proverbs 23:26,3,"mi,",,,,Clementine,VUL
20,Proverbs,23,26,Proverbs 23:26,4,cor,,,,Clementine,VUL
20,Proverbs,23,26,Proverbs 23:26,5,tuum,,,,Clementine,VUL
20,Proverbs,23,26,Proverbs 23:26,6,"mihi,",,,,Clementine,VUL
20,Proverbs,23,26,Proverbs 23:26,7,et,,,,Clementine,VUL
20,Proverbs,23,26,Proverbs 23:26,8,oculi,,,,Clementine,VUL
20,Proverbs,23,26,Proverbs 23:26,9,tui,,,,Clementine,VUL
20,Proverbs,23,26,Proverbs 23:26,10,vias,,,,Clementine,VUL
20,Proverbs,23,26,Proverbs 23:26,11,meas,,,,Clementine,VUL
20,Proverbs,23,26,Proverbs 23:26,12,custodiant.,,,,Clementine,VUL
20,Proverbs,23,27,Proverbs 23:27,1,Fovea,,,,Clementine,VUL
20,Proverbs,23,27,Proverbs 23:27,2,enim,,,,Clementine,VUL
20,Proverbs,23,27,Proverbs 23:27,3,profunda,,,,Clementine,VUL
20,Proverbs,23,27,Proverbs 23:27,4,est,,,,Clementine,VUL
20,Proverbs,23,27,Proverbs 23:27,5,"meretrix,",,,,Clementine,VUL
20,Proverbs,23,27,Proverbs 23:27,6,et,,,,Clementine,VUL
20,Proverbs,23,27,Proverbs 23:27,7,puteus,,,,Clementine,VUL
20,Proverbs,23,27,Proverbs 23:27,8,angustus,,,,Clementine,VUL
20,Proverbs,23,27,Proverbs 23:27,9,aliena.,,,,Clementine,VUL
20,Proverbs,23,28,Proverbs 23:28,1,Insidiatur,,,,Clementine,VUL
20,Proverbs,23,28,Proverbs 23:28,2,in,,,,Clementine,VUL
20,Proverbs,23,28,Proverbs 23:28,3,via,,,,Clementine,VUL
20,Proverbs,23,28,Proverbs 23:28,4,quasi,,,,Clementine,VUL
20,Proverbs,23,28,Proverbs 23:28,5,"latro,",,,,Clementine,VUL
20,Proverbs,23,28,Proverbs 23:28,6,et,,,,Clementine,VUL
20,Proverbs,23,28,Proverbs 23:28,7,quos,,,,Clementine,VUL
20,Proverbs,23,28,Proverbs 23:28,8,incautos,,,,Clementine,VUL
20,Proverbs,23,28,Proverbs 23:28,9,"viderit,",,,,Clementine,VUL
20,Proverbs,23,28,Proverbs 23:28,10,interficiet.,,,,Clementine,VUL
20,Proverbs,23,29,Proverbs 23:29,1,Cui,,,,Clementine,VUL
20,Proverbs,23,29,Proverbs 23:29,2,væ,,,,Clementine,VUL
20,Proverbs,23,29,Proverbs 23:29,3,?,,,,Clementine,VUL
20,Proverbs,23,29,Proverbs 23:29,4,cujus,,,,Clementine,VUL
20,Proverbs,23,29,Proverbs 23:29,5,patri,,,,Clementine,VUL
20,Proverbs,23,29,Proverbs 23:29,6,væ,,,,Clementine,VUL
20,Proverbs,23,29,Proverbs 23:29,7,?,,,,Clementine,VUL
20,Proverbs,23,29,Proverbs 23:29,8,cui,,,,Clementine,VUL
20,Proverbs,23,29,Proverbs 23:29,9,rixæ,,,,Clementine,VUL
20,Proverbs,23,29,Proverbs 23:29,10,?,,,,Clementine,VUL
20,Proverbs,23,29,Proverbs 23:29,11,cui,,,,Clementine,VUL
20,Proverbs,23,29,Proverbs 23:29,12,foveæ,,,,Clementine,VUL
20,Proverbs,23,29,Proverbs 23:29,13,?,,,,Clementine,VUL
20,Proverbs,23,29,Proverbs 23:29,14,cui,,,,Clementine,VUL
20,Proverbs,23,29,Proverbs 23:29,15,sine,,,,Clementine,VUL
20,Proverbs,23,29,Proverbs 23:29,16,causa,,,,Clementine,VUL
20,Proverbs,23,29,Proverbs 23:29,17,vulnera,,,,Clementine,VUL
20,Proverbs,23,29,Proverbs 23:29,18,?,,,,Clementine,VUL
20,Proverbs,23,29,Proverbs 23:29,19,cui,,,,Clementine,VUL
20,Proverbs,23,29,Proverbs 23:29,20,suffusio,,,,Clementine,VUL
20,Proverbs,23,29,Proverbs 23:29,21,oculorum,,,,Clementine,VUL
20,Proverbs,23,29,Proverbs 23:29,22,?,,,,Clementine,VUL
20,Proverbs,23,30,Proverbs 23:30,1,nonne,,,,Clementine,VUL
20,Proverbs,23,30,Proverbs 23:30,2,his,,,,Clementine,VUL
20,Proverbs,23,30,Proverbs 23:30,3,qui,,,,Clementine,VUL
20,Proverbs,23,30,Proverbs 23:30,4,commorantur,,,,Clementine,VUL
20,Proverbs,23,30,Proverbs 23:30,5,in,,,,Clementine,VUL
20,Proverbs,23,30,Proverbs 23:30,6,"vino,",,,,Clementine,VUL
20,Proverbs,23,30,Proverbs 23:30,7,et,,,,Clementine,VUL
20,Proverbs,23,30,Proverbs 23:30,8,student,,,,Clementine,VUL
20,Proverbs,23,30,Proverbs 23:30,9,calicibus,,,,Clementine,VUL
20,Proverbs,23,30,Proverbs 23:30,10,epotandis,,,,Clementine,VUL
20,Proverbs,23,30,Proverbs 23:30,11,?,,,,Clementine,VUL
20,Proverbs,23,31,Proverbs 23:31,1,Ne,,,,Clementine,VUL
20,Proverbs,23,31,Proverbs 23:31,2,intuearis,,,,Clementine,VUL
20,Proverbs,23,31,Proverbs 23:31,3,vinum,,,,Clementine,VUL
20,Proverbs,23,31,Proverbs 23:31,4,quando,,,,Clementine,VUL
20,Proverbs,23,31,Proverbs 23:31,5,"flavescit,",,,,Clementine,VUL
20,Proverbs,23,31,Proverbs 23:31,6,cum,,,,Clementine,VUL
20,Proverbs,23,31,Proverbs 23:31,7,splenduerit,,,,Clementine,VUL
20,Proverbs,23,31,Proverbs 23:31,8,in,,,,Clementine,VUL
20,Proverbs,23,31,Proverbs 23:31,9,vitro,,,,Clementine,VUL
20,Proverbs,23,31,Proverbs 23:31,10,color,,,,Clementine,VUL
20,Proverbs,23,31,Proverbs 23:31,11,ejus,,,,Clementine,VUL
20,Proverbs,23,31,Proverbs 23:31,12,:,,,,Clementine,VUL
20,Proverbs,23,31,Proverbs 23:31,13,ingreditur,,,,Clementine,VUL
20,Proverbs,23,31,Proverbs 23:31,14,"blande,",,,,Clementine,VUL
20,Proverbs,23,32,Proverbs 23:32,1,sed,,,,Clementine,VUL
20,Proverbs,23,32,Proverbs 23:32,2,in,,,,Clementine,VUL
20,Proverbs,23,32,Proverbs 23:32,3,novissimo,,,,Clementine,VUL
20,Proverbs,23,32,Proverbs 23:32,4,mordebit,,,,Clementine,VUL
20,Proverbs,23,32,Proverbs 23:32,5,ut,,,,Clementine,VUL
20,Proverbs,23,32,Proverbs 23:32,6,"coluber,",,,,Clementine,VUL
20,Proverbs,23,32,Proverbs 23:32,7,et,,,,Clementine,VUL
20,Proverbs,23,32,Proverbs 23:32,8,sicut,,,,Clementine,VUL
20,Proverbs,23,32,Proverbs 23:32,9,regulus,,,,Clementine,VUL
20,Proverbs,23,32,Proverbs 23:32,10,venena,,,,Clementine,VUL
20,Proverbs,23,32,Proverbs 23:32,11,diffundet.,,,,Clementine,VUL
20,Proverbs,23,33,Proverbs 23:33,1,Oculi,,,,Clementine,VUL
20,Proverbs,23,33,Proverbs 23:33,2,tui,,,,Clementine,VUL
20,Proverbs,23,33,Proverbs 23:33,3,videbunt,,,,Clementine,VUL
20,Proverbs,23,33,Proverbs 23:33,4,"extraneas,",,,,Clementine,VUL
20,Proverbs,23,33,Proverbs 23:33,5,et,,,,Clementine,VUL
20,Proverbs,23,33,Proverbs 23:33,6,cor,,,,Clementine,VUL
20,Proverbs,23,33,Proverbs 23:33,7,tuum,,,,Clementine,VUL
20,Proverbs,23,33,Proverbs 23:33,8,loquetur,,,,Clementine,VUL
20,Proverbs,23,33,Proverbs 23:33,9,perversa.,,,,Clementine,VUL
20,Proverbs,23,34,Proverbs 23:34,1,Et,,,,Clementine,VUL
20,Proverbs,23,34,Proverbs 23:34,2,eris,,,,Clementine,VUL
20,Proverbs,23,34,Proverbs 23:34,3,sicut,,,,Clementine,VUL
20,Proverbs,23,34,Proverbs 23:34,4,dormiens,,,,Clementine,VUL
20,Proverbs,23,34,Proverbs 23:34,5,in,,,,Clementine,VUL
20,Proverbs,23,34,Proverbs 23:34,6,medio,,,,Clementine,VUL
20,Proverbs,23,34,Proverbs 23:34,7,"mari,",,,,Clementine,VUL
20,Proverbs,23,34,Proverbs 23:34,8,et,,,,Clementine,VUL
20,Proverbs,23,34,Proverbs 23:34,9,quasi,,,,Clementine,VUL
20,Proverbs,23,34,Proverbs 23:34,10,sopitus,,,,Clementine,VUL
20,Proverbs,23,34,Proverbs 23:34,11,"gubernator,",,,,Clementine,VUL
20,Proverbs,23,34,Proverbs 23:34,12,amisso,,,,Clementine,VUL
20,Proverbs,23,34,Proverbs 23:34,13,clavo.,,,,Clementine,VUL
20,Proverbs,23,35,Proverbs 23:35,1,Et,,,,Clementine,VUL
20,Proverbs,23,35,Proverbs 23:35,2,dices,,,,Clementine,VUL
20,Proverbs,23,35,Proverbs 23:35,3,:,,,,Clementine,VUL
20,Proverbs,23,35,Proverbs 23:35,4,Verberaverunt,,,,Clementine,VUL
20,Proverbs,23,35,Proverbs 23:35,5,"me,",,,,Clementine,VUL
20,Proverbs,23,35,Proverbs 23:35,6,sed,,,,Clementine,VUL
20,Proverbs,23,35,Proverbs 23:35,7,non,,,,Clementine,VUL
20,Proverbs,23,35,Proverbs 23:35,8,dolui,,,,Clementine,VUL
20,Proverbs,23,35,Proverbs 23:35,9,;,,,,Clementine,VUL
20,Proverbs,23,35,Proverbs 23:35,10,traxerunt,,,,Clementine,VUL
20,Proverbs,23,35,Proverbs 23:35,11,"me,",,,,Clementine,VUL
20,Proverbs,23,35,Proverbs 23:35,12,et,,,,Clementine,VUL
20,Proverbs,23,35,Proverbs 23:35,13,ego,,,,Clementine,VUL
20,Proverbs,23,35,Proverbs 23:35,14,non,,,,Clementine,VUL
20,Proverbs,23,35,Proverbs 23:35,15,sensi.,,,,Clementine,VUL
20,Proverbs,23,35,Proverbs 23:35,16,Quando,,,,Clementine,VUL
20,Proverbs,23,35,Proverbs 23:35,17,"evigilabo,",,,,Clementine,VUL
20,Proverbs,23,35,Proverbs 23:35,18,et,,,,Clementine,VUL
20,Proverbs,23,35,Proverbs 23:35,19,rursus,,,,Clementine,VUL
20,Proverbs,23,35,Proverbs 23:35,20,vina,,,,Clementine,VUL
20,Proverbs,23,35,Proverbs 23:35,21,reperiam,,,,Clementine,VUL
20,Proverbs,23,35,Proverbs 23:35,22,?,,,,Clementine,VUL
20,Proverbs,24,1,Proverbs 24:1,1,Ne,,,,Clementine,VUL
20,Proverbs,24,1,Proverbs 24:1,2,æmuleris,,,,Clementine,VUL
20,Proverbs,24,1,Proverbs 24:1,3,viros,,,,Clementine,VUL
20,Proverbs,24,1,Proverbs 24:1,4,"malos,",,,,Clementine,VUL
20,Proverbs,24,1,Proverbs 24:1,5,nec,,,,Clementine,VUL
20,Proverbs,24,1,Proverbs 24:1,6,desideres,,,,Clementine,VUL
20,Proverbs,24,1,Proverbs 24:1,7,esse,,,,Clementine,VUL
20,Proverbs,24,1,Proverbs 24:1,8,cum,,,,Clementine,VUL
20,Proverbs,24,1,Proverbs 24:1,9,eis,,,,Clementine,VUL
20,Proverbs,24,1,Proverbs 24:1,10,:,,,,Clementine,VUL
20,Proverbs,24,2,Proverbs 24:2,1,quia,,,,Clementine,VUL
20,Proverbs,24,2,Proverbs 24:2,2,rapinas,,,,Clementine,VUL
20,Proverbs,24,2,Proverbs 24:2,3,meditatur,,,,Clementine,VUL
20,Proverbs,24,2,Proverbs 24:2,4,mens,,,,Clementine,VUL
20,Proverbs,24,2,Proverbs 24:2,5,"eorum,",,,,Clementine,VUL
20,Proverbs,24,2,Proverbs 24:2,6,et,,,,Clementine,VUL
20,Proverbs,24,2,Proverbs 24:2,7,fraudes,,,,Clementine,VUL
20,Proverbs,24,2,Proverbs 24:2,8,labia,,,,Clementine,VUL
20,Proverbs,24,2,Proverbs 24:2,9,eorum,,,,Clementine,VUL
20,Proverbs,24,2,Proverbs 24:2,10,loquuntur.,,,,Clementine,VUL
20,Proverbs,24,3,Proverbs 24:3,1,Sapientia,,,,Clementine,VUL
20,Proverbs,24,3,Proverbs 24:3,2,ædificabitur,,,,Clementine,VUL
20,Proverbs,24,3,Proverbs 24:3,3,"domus,",,,,Clementine,VUL
20,Proverbs,24,3,Proverbs 24:3,4,et,,,,Clementine,VUL
20,Proverbs,24,3,Proverbs 24:3,5,prudentia,,,,Clementine,VUL
20,Proverbs,24,3,Proverbs 24:3,6,roborabitur.,,,,Clementine,VUL
20,Proverbs,24,4,Proverbs 24:4,1,In,,,,Clementine,VUL
20,Proverbs,24,4,Proverbs 24:4,2,doctrina,,,,Clementine,VUL
20,Proverbs,24,4,Proverbs 24:4,3,replebuntur,,,,Clementine,VUL
20,Proverbs,24,4,Proverbs 24:4,4,"cellaria,",,,,Clementine,VUL
20,Proverbs,24,4,Proverbs 24:4,5,universa,,,,Clementine,VUL
20,Proverbs,24,4,Proverbs 24:4,6,substantia,,,,Clementine,VUL
20,Proverbs,24,4,Proverbs 24:4,7,pretiosa,,,,Clementine,VUL
20,Proverbs,24,4,Proverbs 24:4,8,et,,,,Clementine,VUL
20,Proverbs,24,4,Proverbs 24:4,9,pulcherrima.,,,,Clementine,VUL
20,Proverbs,24,5,Proverbs 24:5,1,Vir,,,,Clementine,VUL
20,Proverbs,24,5,Proverbs 24:5,2,sapiens,,,,Clementine,VUL
20,Proverbs,24,5,Proverbs 24:5,3,fortis,,,,Clementine,VUL
20,Proverbs,24,5,Proverbs 24:5,4,"est,",,,,Clementine,VUL
20,Proverbs,24,5,Proverbs 24:5,5,et,,,,Clementine,VUL
20,Proverbs,24,5,Proverbs 24:5,6,vir,,,,Clementine,VUL
20,Proverbs,24,5,Proverbs 24:5,7,doctus,,,,Clementine,VUL
20,Proverbs,24,5,Proverbs 24:5,8,robustus,,,,Clementine,VUL
20,Proverbs,24,5,Proverbs 24:5,9,et,,,,Clementine,VUL
20,Proverbs,24,5,Proverbs 24:5,10,validus,,,,Clementine,VUL
20,Proverbs,24,5,Proverbs 24:5,11,:,,,,Clementine,VUL
20,Proverbs,24,6,Proverbs 24:6,1,quia,,,,Clementine,VUL
20,Proverbs,24,6,Proverbs 24:6,2,cum,,,,Clementine,VUL
20,Proverbs,24,6,Proverbs 24:6,3,dispositione,,,,Clementine,VUL
20,Proverbs,24,6,Proverbs 24:6,4,initur,,,,Clementine,VUL
20,Proverbs,24,6,Proverbs 24:6,5,"bellum,",,,,Clementine,VUL
20,Proverbs,24,6,Proverbs 24:6,6,et,,,,Clementine,VUL
20,Proverbs,24,6,Proverbs 24:6,7,erit,,,,Clementine,VUL
20,Proverbs,24,6,Proverbs 24:6,8,salus,,,,Clementine,VUL
20,Proverbs,24,6,Proverbs 24:6,9,ubi,,,,Clementine,VUL
20,Proverbs,24,6,Proverbs 24:6,10,multa,,,,Clementine,VUL
20,Proverbs,24,6,Proverbs 24:6,11,consilia,,,,Clementine,VUL
20,Proverbs,24,6,Proverbs 24:6,12,sunt.,,,,Clementine,VUL
20,Proverbs,24,7,Proverbs 24:7,1,Excelsa,,,,Clementine,VUL
20,Proverbs,24,7,Proverbs 24:7,2,stulto,,,,Clementine,VUL
20,Proverbs,24,7,Proverbs 24:7,3,sapientia,,,,Clementine,VUL
20,Proverbs,24,7,Proverbs 24:7,4,;,,,,Clementine,VUL
20,Proverbs,24,7,Proverbs 24:7,5,in,,,,Clementine,VUL
20,Proverbs,24,7,Proverbs 24:7,6,porta,,,,Clementine,VUL
20,Proverbs,24,7,Proverbs 24:7,7,non,,,,Clementine,VUL
20,Proverbs,24,7,Proverbs 24:7,8,aperiet,,,,Clementine,VUL
20,Proverbs,24,7,Proverbs 24:7,9,os,,,,Clementine,VUL
20,Proverbs,24,7,Proverbs 24:7,10,suum.,,,,Clementine,VUL
20,Proverbs,24,8,Proverbs 24:8,1,Qui,,,,Clementine,VUL
20,Proverbs,24,8,Proverbs 24:8,2,cogitat,,,,Clementine,VUL
20,Proverbs,24,8,Proverbs 24:8,3,mala,,,,Clementine,VUL
20,Proverbs,24,8,Proverbs 24:8,4,facere,,,,Clementine,VUL
20,Proverbs,24,8,Proverbs 24:8,5,stultus,,,,Clementine,VUL
20,Proverbs,24,8,Proverbs 24:8,6,vocabitur,,,,Clementine,VUL
20,Proverbs,24,8,Proverbs 24:8,7,:,,,,Clementine,VUL
20,Proverbs,24,9,Proverbs 24:9,1,cogitatio,,,,Clementine,VUL
20,Proverbs,24,9,Proverbs 24:9,2,stulti,,,,Clementine,VUL
20,Proverbs,24,9,Proverbs 24:9,3,peccatum,,,,Clementine,VUL
20,Proverbs,24,9,Proverbs 24:9,4,"est,",,,,Clementine,VUL
20,Proverbs,24,9,Proverbs 24:9,5,et,,,,Clementine,VUL
20,Proverbs,24,9,Proverbs 24:9,6,abominatio,,,,Clementine,VUL
20,Proverbs,24,9,Proverbs 24:9,7,hominum,,,,Clementine,VUL
20,Proverbs,24,9,Proverbs 24:9,8,detractor.,,,,Clementine,VUL
20,Proverbs,24,10,Proverbs 24:10,1,Si,,,,Clementine,VUL
20,Proverbs,24,10,Proverbs 24:10,2,desperaveris,,,,Clementine,VUL
20,Proverbs,24,10,Proverbs 24:10,3,lassus,,,,Clementine,VUL
20,Proverbs,24,10,Proverbs 24:10,4,in,,,,Clementine,VUL
20,Proverbs,24,10,Proverbs 24:10,5,die,,,,Clementine,VUL
20,Proverbs,24,10,Proverbs 24:10,6,"angustiæ,",,,,Clementine,VUL
20,Proverbs,24,10,Proverbs 24:10,7,imminuetur,,,,Clementine,VUL
20,Proverbs,24,10,Proverbs 24:10,8,fortitudo,,,,Clementine,VUL
20,Proverbs,24,10,Proverbs 24:10,9,tua.,,,,Clementine,VUL
20,Proverbs,24,11,Proverbs 24:11,1,Erue,,,,Clementine,VUL
20,Proverbs,24,11,Proverbs 24:11,2,eos,,,,Clementine,VUL
20,Proverbs,24,11,Proverbs 24:11,3,qui,,,,Clementine,VUL
20,Proverbs,24,11,Proverbs 24:11,4,ducuntur,,,,Clementine,VUL
20,Proverbs,24,11,Proverbs 24:11,5,ad,,,,Clementine,VUL
20,Proverbs,24,11,Proverbs 24:11,6,"mortem,",,,,Clementine,VUL
20,Proverbs,24,11,Proverbs 24:11,7,et,,,,Clementine,VUL
20,Proverbs,24,11,Proverbs 24:11,8,qui,,,,Clementine,VUL
20,Proverbs,24,11,Proverbs 24:11,9,trahuntur,,,,Clementine,VUL
20,Proverbs,24,11,Proverbs 24:11,10,ad,,,,Clementine,VUL
20,Proverbs,24,11,Proverbs 24:11,11,"interitum,",,,,Clementine,VUL
20,Proverbs,24,11,Proverbs 24:11,12,liberare,,,,Clementine,VUL
20,Proverbs,24,11,Proverbs 24:11,13,ne,,,,Clementine,VUL
20,Proverbs,24,11,Proverbs 24:11,14,cesses.,,,,Clementine,VUL
20,Proverbs,24,12,Proverbs 24:12,1,Si,,,,Clementine,VUL
20,Proverbs,24,12,Proverbs 24:12,2,dixeris,,,,Clementine,VUL
20,Proverbs,24,12,Proverbs 24:12,3,:,,,,Clementine,VUL
20,Proverbs,24,12,Proverbs 24:12,4,Vires,,,,Clementine,VUL
20,Proverbs,24,12,Proverbs 24:12,5,non,,,,Clementine,VUL
20,Proverbs,24,12,Proverbs 24:12,6,suppetunt,,,,Clementine,VUL
20,Proverbs,24,12,Proverbs 24:12,7,;,,,,Clementine,VUL
20,Proverbs,24,12,Proverbs 24:12,8,qui,,,,Clementine,VUL
20,Proverbs,24,12,Proverbs 24:12,9,inspector,,,,Clementine,VUL
20,Proverbs,24,12,Proverbs 24:12,10,est,,,,Clementine,VUL
20,Proverbs,24,12,Proverbs 24:12,11,cordis,,,,Clementine,VUL
20,Proverbs,24,12,Proverbs 24:12,12,ipse,,,,Clementine,VUL
20,Proverbs,24,12,Proverbs 24:12,13,intelligit,,,,Clementine,VUL
20,Proverbs,24,12,Proverbs 24:12,14,:,,,,Clementine,VUL
20,Proverbs,24,12,Proverbs 24:12,15,et,,,,Clementine,VUL
20,Proverbs,24,12,Proverbs 24:12,16,servatorem,,,,Clementine,VUL
20,Proverbs,24,12,Proverbs 24:12,17,animæ,,,,Clementine,VUL
20,Proverbs,24,12,Proverbs 24:12,18,tuæ,,,,Clementine,VUL
20,Proverbs,24,12,Proverbs 24:12,19,nihil,,,,Clementine,VUL
20,Proverbs,24,12,Proverbs 24:12,20,"fallit,",,,,Clementine,VUL
20,Proverbs,24,12,Proverbs 24:12,21,reddetque,,,,Clementine,VUL
20,Proverbs,24,12,Proverbs 24:12,22,homini,,,,Clementine,VUL
20,Proverbs,24,12,Proverbs 24:12,23,juxta,,,,Clementine,VUL
20,Proverbs,24,12,Proverbs 24:12,24,opera,,,,Clementine,VUL
20,Proverbs,24,12,Proverbs 24:12,25,sua.,,,,Clementine,VUL
20,Proverbs,24,13,Proverbs 24:13,1,"Comede,",,,,Clementine,VUL
20,Proverbs,24,13,Proverbs 24:13,2,fili,,,,Clementine,VUL
20,Proverbs,24,13,Proverbs 24:13,3,"mi,",,,,Clementine,VUL
20,Proverbs,24,13,Proverbs 24:13,4,"mel,",,,,Clementine,VUL
20,Proverbs,24,13,Proverbs 24:13,5,quia,,,,Clementine,VUL
20,Proverbs,24,13,Proverbs 24:13,6,bonum,,,,Clementine,VUL
20,Proverbs,24,13,Proverbs 24:13,7,"est,",,,,Clementine,VUL
20,Proverbs,24,13,Proverbs 24:13,8,et,,,,Clementine,VUL
20,Proverbs,24,13,Proverbs 24:13,9,favum,,,,Clementine,VUL
20,Proverbs,24,13,Proverbs 24:13,10,dulcissimum,,,,Clementine,VUL
20,Proverbs,24,13,Proverbs 24:13,11,gutturi,,,,Clementine,VUL
20,Proverbs,24,13,Proverbs 24:13,12,tuo.,,,,Clementine,VUL
20,Proverbs,24,14,Proverbs 24:14,1,Sic,,,,Clementine,VUL
20,Proverbs,24,14,Proverbs 24:14,2,et,,,,Clementine,VUL
20,Proverbs,24,14,Proverbs 24:14,3,doctrina,,,,Clementine,VUL
20,Proverbs,24,14,Proverbs 24:14,4,sapientiæ,,,,Clementine,VUL
20,Proverbs,24,14,Proverbs 24:14,5,animæ,,,,Clementine,VUL
20,Proverbs,24,14,Proverbs 24:14,6,tuæ,,,,Clementine,VUL
20,Proverbs,24,14,Proverbs 24:14,7,:,,,,Clementine,VUL
20,Proverbs,24,14,Proverbs 24:14,8,quam,,,,Clementine,VUL
20,Proverbs,24,14,Proverbs 24:14,9,cum,,,,Clementine,VUL
20,Proverbs,24,14,Proverbs 24:14,10,"inveneris,",,,,Clementine,VUL
20,Proverbs,24,14,Proverbs 24:14,11,habebis,,,,Clementine,VUL
20,Proverbs,24,14,Proverbs 24:14,12,in,,,,Clementine,VUL
20,Proverbs,24,14,Proverbs 24:14,13,novissimis,,,,Clementine,VUL
20,Proverbs,24,14,Proverbs 24:14,14,"spem,",,,,Clementine,VUL
20,Proverbs,24,14,Proverbs 24:14,15,et,,,,Clementine,VUL
20,Proverbs,24,14,Proverbs 24:14,16,spes,,,,Clementine,VUL
20,Proverbs,24,14,Proverbs 24:14,17,tua,,,,Clementine,VUL
20,Proverbs,24,14,Proverbs 24:14,18,non,,,,Clementine,VUL
20,Proverbs,24,14,Proverbs 24:14,19,peribit.,,,,Clementine,VUL
20,Proverbs,24,15,Proverbs 24:15,1,Ne,,,,Clementine,VUL
20,Proverbs,24,15,Proverbs 24:15,2,"insidieris,",,,,Clementine,VUL
20,Proverbs,24,15,Proverbs 24:15,3,et,,,,Clementine,VUL
20,Proverbs,24,15,Proverbs 24:15,4,quæras,,,,Clementine,VUL
20,Proverbs,24,15,Proverbs 24:15,5,impietatem,,,,Clementine,VUL
20,Proverbs,24,15,Proverbs 24:15,6,in,,,,Clementine,VUL
20,Proverbs,24,15,Proverbs 24:15,7,domo,,,,Clementine,VUL
20,Proverbs,24,15,Proverbs 24:15,8,"justi,",,,,Clementine,VUL
20,Proverbs,24,15,Proverbs 24:15,9,neque,,,,Clementine,VUL
20,Proverbs,24,15,Proverbs 24:15,10,vastes,,,,Clementine,VUL
20,Proverbs,24,15,Proverbs 24:15,11,requiem,,,,Clementine,VUL
20,Proverbs,24,15,Proverbs 24:15,12,ejus.,,,,Clementine,VUL
20,Proverbs,24,16,Proverbs 24:16,1,Septies,,,,Clementine,VUL
20,Proverbs,24,16,Proverbs 24:16,2,enim,,,,Clementine,VUL
20,Proverbs,24,16,Proverbs 24:16,3,cadet,,,,Clementine,VUL
20,Proverbs,24,16,Proverbs 24:16,4,"justus,",,,,Clementine,VUL
20,Proverbs,24,16,Proverbs 24:16,5,et,,,,Clementine,VUL
20,Proverbs,24,16,Proverbs 24:16,6,resurget,,,,Clementine,VUL
20,Proverbs,24,16,Proverbs 24:16,7,:,,,,Clementine,VUL
20,Proverbs,24,16,Proverbs 24:16,8,impii,,,,Clementine,VUL
20,Proverbs,24,16,Proverbs 24:16,9,autem,,,,Clementine,VUL
20,Proverbs,24,16,Proverbs 24:16,10,corruent,,,,Clementine,VUL
20,Proverbs,24,16,Proverbs 24:16,11,in,,,,Clementine,VUL
20,Proverbs,24,16,Proverbs 24:16,12,malum.,,,,Clementine,VUL
20,Proverbs,24,17,Proverbs 24:17,1,Cum,,,,Clementine,VUL
20,Proverbs,24,17,Proverbs 24:17,2,ceciderit,,,,Clementine,VUL
20,Proverbs,24,17,Proverbs 24:17,3,inimicus,,,,Clementine,VUL
20,Proverbs,24,17,Proverbs 24:17,4,tuus,,,,Clementine,VUL
20,Proverbs,24,17,Proverbs 24:17,5,ne,,,,Clementine,VUL
20,Proverbs,24,17,Proverbs 24:17,6,"gaudeas,",,,,Clementine,VUL
20,Proverbs,24,17,Proverbs 24:17,7,et,,,,Clementine,VUL
20,Proverbs,24,17,Proverbs 24:17,8,in,,,,Clementine,VUL
20,Proverbs,24,17,Proverbs 24:17,9,ruina,,,,Clementine,VUL
20,Proverbs,24,17,Proverbs 24:17,10,ejus,,,,Clementine,VUL
20,Proverbs,24,17,Proverbs 24:17,11,ne,,,,Clementine,VUL
20,Proverbs,24,17,Proverbs 24:17,12,exsultet,,,,Clementine,VUL
20,Proverbs,24,17,Proverbs 24:17,13,cor,,,,Clementine,VUL
20,Proverbs,24,17,Proverbs 24:17,14,tuum,,,,Clementine,VUL
20,Proverbs,24,17,Proverbs 24:17,15,:,,,,Clementine,VUL
20,Proverbs,24,18,Proverbs 24:18,1,ne,,,,Clementine,VUL
20,Proverbs,24,18,Proverbs 24:18,2,forte,,,,Clementine,VUL
20,Proverbs,24,18,Proverbs 24:18,3,videat,,,,Clementine,VUL
20,Proverbs,24,18,Proverbs 24:18,4,"Dominus,",,,,Clementine,VUL
20,Proverbs,24,18,Proverbs 24:18,5,et,,,,Clementine,VUL
20,Proverbs,24,18,Proverbs 24:18,6,displiceat,,,,Clementine,VUL
20,Proverbs,24,18,Proverbs 24:18,7,"ei,",,,,Clementine,VUL
20,Proverbs,24,18,Proverbs 24:18,8,et,,,,Clementine,VUL
20,Proverbs,24,18,Proverbs 24:18,9,auferat,,,,Clementine,VUL
20,Proverbs,24,18,Proverbs 24:18,10,ab,,,,Clementine,VUL
20,Proverbs,24,18,Proverbs 24:18,11,eo,,,,Clementine,VUL
20,Proverbs,24,18,Proverbs 24:18,12,iram,,,,Clementine,VUL
20,Proverbs,24,18,Proverbs 24:18,13,suam.,,,,Clementine,VUL
20,Proverbs,24,19,Proverbs 24:19,1,Ne,,,,Clementine,VUL
20,Proverbs,24,19,Proverbs 24:19,2,contendas,,,,Clementine,VUL
20,Proverbs,24,19,Proverbs 24:19,3,cum,,,,Clementine,VUL
20,Proverbs,24,19,Proverbs 24:19,4,"pessimis,",,,,Clementine,VUL
20,Proverbs,24,19,Proverbs 24:19,5,nec,,,,Clementine,VUL
20,Proverbs,24,19,Proverbs 24:19,6,æmuleris,,,,Clementine,VUL
20,Proverbs,24,19,Proverbs 24:19,7,impios,,,,Clementine,VUL
20,Proverbs,24,19,Proverbs 24:19,8,:,,,,Clementine,VUL
20,Proverbs,24,20,Proverbs 24:20,1,quoniam,,,,Clementine,VUL
20,Proverbs,24,20,Proverbs 24:20,2,non,,,,Clementine,VUL
20,Proverbs,24,20,Proverbs 24:20,3,habent,,,,Clementine,VUL
20,Proverbs,24,20,Proverbs 24:20,4,futurorum,,,,Clementine,VUL
20,Proverbs,24,20,Proverbs 24:20,5,spem,,,,Clementine,VUL
20,Proverbs,24,20,Proverbs 24:20,6,"mali,",,,,Clementine,VUL
20,Proverbs,24,20,Proverbs 24:20,7,et,,,,Clementine,VUL
20,Proverbs,24,20,Proverbs 24:20,8,lucerna,,,,Clementine,VUL
20,Proverbs,24,20,Proverbs 24:20,9,impiorum,,,,Clementine,VUL
20,Proverbs,24,20,Proverbs 24:20,10,extinguetur.,,,,Clementine,VUL
20,Proverbs,24,21,Proverbs 24:21,1,Time,,,,Clementine,VUL
20,Proverbs,24,21,Proverbs 24:21,2,"Dominum,",,,,Clementine,VUL
20,Proverbs,24,21,Proverbs 24:21,3,fili,,,,Clementine,VUL
20,Proverbs,24,21,Proverbs 24:21,4,"mi,",,,,Clementine,VUL
20,Proverbs,24,21,Proverbs 24:21,5,et,,,,Clementine,VUL
20,Proverbs,24,21,Proverbs 24:21,6,"regem,",,,,Clementine,VUL
20,Proverbs,24,21,Proverbs 24:21,7,et,,,,Clementine,VUL
20,Proverbs,24,21,Proverbs 24:21,8,cum,,,,Clementine,VUL
20,Proverbs,24,21,Proverbs 24:21,9,detractoribus,,,,Clementine,VUL
20,Proverbs,24,21,Proverbs 24:21,10,non,,,,Clementine,VUL
20,Proverbs,24,21,Proverbs 24:21,11,commiscearis,,,,Clementine,VUL
20,Proverbs,24,21,Proverbs 24:21,12,:,,,,Clementine,VUL
20,Proverbs,24,22,Proverbs 24:22,1,quoniam,,,,Clementine,VUL
20,Proverbs,24,22,Proverbs 24:22,2,repente,,,,Clementine,VUL
20,Proverbs,24,22,Proverbs 24:22,3,consurget,,,,Clementine,VUL
20,Proverbs,24,22,Proverbs 24:22,4,perditio,,,,Clementine,VUL
20,Proverbs,24,22,Proverbs 24:22,5,"eorum,",,,,Clementine,VUL
20,Proverbs,24,22,Proverbs 24:22,6,et,,,,Clementine,VUL
20,Proverbs,24,22,Proverbs 24:22,7,ruinam,,,,Clementine,VUL
20,Proverbs,24,22,Proverbs 24:22,8,utriusque,,,,Clementine,VUL
20,Proverbs,24,22,Proverbs 24:22,9,quis,,,,Clementine,VUL
20,Proverbs,24,22,Proverbs 24:22,10,novit,,,,Clementine,VUL
20,Proverbs,24,22,Proverbs 24:22,11,?,,,,Clementine,VUL
20,Proverbs,24,23,Proverbs 24:23,1,Hæc,,,,Clementine,VUL
20,Proverbs,24,23,Proverbs 24:23,2,quoque,,,,Clementine,VUL
20,Proverbs,24,23,Proverbs 24:23,3,sapientibus.,,,,Clementine,VUL
20,Proverbs,24,23,Proverbs 24:23,4,Cognoscere,,,,Clementine,VUL
20,Proverbs,24,23,Proverbs 24:23,5,personam,,,,Clementine,VUL
20,Proverbs,24,23,Proverbs 24:23,6,in,,,,Clementine,VUL
20,Proverbs,24,23,Proverbs 24:23,7,judicio,,,,Clementine,VUL
20,Proverbs,24,23,Proverbs 24:23,8,non,,,,Clementine,VUL
20,Proverbs,24,23,Proverbs 24:23,9,est,,,,Clementine,VUL
20,Proverbs,24,23,Proverbs 24:23,10,bonum.,,,,Clementine,VUL
20,Proverbs,24,24,Proverbs 24:24,1,Qui,,,,Clementine,VUL
20,Proverbs,24,24,Proverbs 24:24,2,dicunt,,,,Clementine,VUL
20,Proverbs,24,24,Proverbs 24:24,3,impio,,,,Clementine,VUL
20,Proverbs,24,24,Proverbs 24:24,4,:,,,,Clementine,VUL
20,Proverbs,24,24,Proverbs 24:24,5,Justus,,,,Clementine,VUL
20,Proverbs,24,24,Proverbs 24:24,6,es,,,,Clementine,VUL
20,Proverbs,24,24,Proverbs 24:24,7,:,,,,Clementine,VUL
20,Proverbs,24,24,Proverbs 24:24,8,maledicent,,,,Clementine,VUL
20,Proverbs,24,24,Proverbs 24:24,9,eis,,,,Clementine,VUL
20,Proverbs,24,24,Proverbs 24:24,10,"populi,",,,,Clementine,VUL
20,Proverbs,24,24,Proverbs 24:24,11,et,,,,Clementine,VUL
20,Proverbs,24,24,Proverbs 24:24,12,detestabuntur,,,,Clementine,VUL
20,Proverbs,24,24,Proverbs 24:24,13,eos,,,,Clementine,VUL
20,Proverbs,24,24,Proverbs 24:24,14,tribus.,,,,Clementine,VUL
20,Proverbs,24,25,Proverbs 24:25,1,Qui,,,,Clementine,VUL
20,Proverbs,24,25,Proverbs 24:25,2,arguunt,,,,Clementine,VUL
20,Proverbs,24,25,Proverbs 24:25,3,eum,,,,Clementine,VUL
20,Proverbs,24,25,Proverbs 24:25,4,"laudabuntur,",,,,Clementine,VUL
20,Proverbs,24,25,Proverbs 24:25,5,et,,,,Clementine,VUL
20,Proverbs,24,25,Proverbs 24:25,6,super,,,,Clementine,VUL
20,Proverbs,24,25,Proverbs 24:25,7,ipsos,,,,Clementine,VUL
20,Proverbs,24,25,Proverbs 24:25,8,veniet,,,,Clementine,VUL
20,Proverbs,24,25,Proverbs 24:25,9,benedictio.,,,,Clementine,VUL
20,Proverbs,24,26,Proverbs 24:26,1,Labia,,,,Clementine,VUL
20,Proverbs,24,26,Proverbs 24:26,2,deosculabitur,,,,Clementine,VUL
20,Proverbs,24,26,Proverbs 24:26,3,qui,,,,Clementine,VUL
20,Proverbs,24,26,Proverbs 24:26,4,recta,,,,Clementine,VUL
20,Proverbs,24,26,Proverbs 24:26,5,verba,,,,Clementine,VUL
20,Proverbs,24,26,Proverbs 24:26,6,respondet.,,,,Clementine,VUL
20,Proverbs,24,27,Proverbs 24:27,1,Præpara,,,,Clementine,VUL
20,Proverbs,24,27,Proverbs 24:27,2,foris,,,,Clementine,VUL
20,Proverbs,24,27,Proverbs 24:27,3,opus,,,,Clementine,VUL
20,Proverbs,24,27,Proverbs 24:27,4,"tuum,",,,,Clementine,VUL
20,Proverbs,24,27,Proverbs 24:27,5,et,,,,Clementine,VUL
20,Proverbs,24,27,Proverbs 24:27,6,diligenter,,,,Clementine,VUL
20,Proverbs,24,27,Proverbs 24:27,7,exerce,,,,Clementine,VUL
20,Proverbs,24,27,Proverbs 24:27,8,agrum,,,,Clementine,VUL
20,Proverbs,24,27,Proverbs 24:27,9,"tuum,",,,,Clementine,VUL
20,Proverbs,24,27,Proverbs 24:27,10,ut,,,,Clementine,VUL
20,Proverbs,24,27,Proverbs 24:27,11,postea,,,,Clementine,VUL
20,Proverbs,24,27,Proverbs 24:27,12,ædifices,,,,Clementine,VUL
20,Proverbs,24,27,Proverbs 24:27,13,domum,,,,Clementine,VUL
20,Proverbs,24,27,Proverbs 24:27,14,tuam.,,,,Clementine,VUL
20,Proverbs,24,28,Proverbs 24:28,1,Ne,,,,Clementine,VUL
20,Proverbs,24,28,Proverbs 24:28,2,sis,,,,Clementine,VUL
20,Proverbs,24,28,Proverbs 24:28,3,testis,,,,Clementine,VUL
20,Proverbs,24,28,Proverbs 24:28,4,frustra,,,,Clementine,VUL
20,Proverbs,24,28,Proverbs 24:28,5,contra,,,,Clementine,VUL
20,Proverbs,24,28,Proverbs 24:28,6,proximum,,,,Clementine,VUL
20,Proverbs,24,28,Proverbs 24:28,7,"tuum,",,,,Clementine,VUL
20,Proverbs,24,28,Proverbs 24:28,8,nec,,,,Clementine,VUL
20,Proverbs,24,28,Proverbs 24:28,9,lactes,,,,Clementine,VUL
20,Proverbs,24,28,Proverbs 24:28,10,quemquam,,,,Clementine,VUL
20,Proverbs,24,28,Proverbs 24:28,11,labiis,,,,Clementine,VUL
20,Proverbs,24,28,Proverbs 24:28,12,tuis.,,,,Clementine,VUL
20,Proverbs,24,29,Proverbs 24:29,1,Ne,,,,Clementine,VUL
20,Proverbs,24,29,Proverbs 24:29,2,dicas,,,,Clementine,VUL
20,Proverbs,24,29,Proverbs 24:29,3,:,,,,Clementine,VUL
20,Proverbs,24,29,Proverbs 24:29,4,Quomodo,,,,Clementine,VUL
20,Proverbs,24,29,Proverbs 24:29,5,fecit,,,,Clementine,VUL
20,Proverbs,24,29,Proverbs 24:29,6,"mihi,",,,,Clementine,VUL
20,Proverbs,24,29,Proverbs 24:29,7,sic,,,,Clementine,VUL
20,Proverbs,24,29,Proverbs 24:29,8,faciam,,,,Clementine,VUL
20,Proverbs,24,29,Proverbs 24:29,9,ei,,,,Clementine,VUL
20,Proverbs,24,29,Proverbs 24:29,10,;,,,,Clementine,VUL
20,Proverbs,24,29,Proverbs 24:29,11,reddam,,,,Clementine,VUL
20,Proverbs,24,29,Proverbs 24:29,12,unicuique,,,,Clementine,VUL
20,Proverbs,24,29,Proverbs 24:29,13,secundum,,,,Clementine,VUL
20,Proverbs,24,29,Proverbs 24:29,14,opus,,,,Clementine,VUL
20,Proverbs,24,29,Proverbs 24:29,15,suum.,,,,Clementine,VUL
20,Proverbs,24,30,Proverbs 24:30,1,Per,,,,Clementine,VUL
20,Proverbs,24,30,Proverbs 24:30,2,agrum,,,,Clementine,VUL
20,Proverbs,24,30,Proverbs 24:30,3,hominis,,,,Clementine,VUL
20,Proverbs,24,30,Proverbs 24:30,4,pigri,,,,Clementine,VUL
20,Proverbs,24,30,Proverbs 24:30,5,"transivi,",,,,Clementine,VUL
20,Proverbs,24,30,Proverbs 24:30,6,et,,,,Clementine,VUL
20,Proverbs,24,30,Proverbs 24:30,7,per,,,,Clementine,VUL
20,Proverbs,24,30,Proverbs 24:30,8,vineam,,,,Clementine,VUL
20,Proverbs,24,30,Proverbs 24:30,9,viri,,,,Clementine,VUL
20,Proverbs,24,30,Proverbs 24:30,10,stulti,,,,Clementine,VUL
20,Proverbs,24,30,Proverbs 24:30,11,:,,,,Clementine,VUL
20,Proverbs,24,31,Proverbs 24:31,1,et,,,,Clementine,VUL
20,Proverbs,24,31,Proverbs 24:31,2,ecce,,,,Clementine,VUL
20,Proverbs,24,31,Proverbs 24:31,3,totum,,,,Clementine,VUL
20,Proverbs,24,31,Proverbs 24:31,4,repleverant,,,,Clementine,VUL
20,Proverbs,24,31,Proverbs 24:31,5,"urticæ,",,,,Clementine,VUL
20,Proverbs,24,31,Proverbs 24:31,6,et,,,,Clementine,VUL
20,Proverbs,24,31,Proverbs 24:31,7,operuerant,,,,Clementine,VUL
20,Proverbs,24,31,Proverbs 24:31,8,superficiem,,,,Clementine,VUL
20,Proverbs,24,31,Proverbs 24:31,9,ejus,,,,Clementine,VUL
20,Proverbs,24,31,Proverbs 24:31,10,"spinæ,",,,,Clementine,VUL
20,Proverbs,24,31,Proverbs 24:31,11,et,,,,Clementine,VUL
20,Proverbs,24,31,Proverbs 24:31,12,maceria,,,,Clementine,VUL
20,Proverbs,24,31,Proverbs 24:31,13,lapidum,,,,Clementine,VUL
20,Proverbs,24,31,Proverbs 24:31,14,destructa,,,,Clementine,VUL
20,Proverbs,24,31,Proverbs 24:31,15,erat.,,,,Clementine,VUL
20,Proverbs,24,32,Proverbs 24:32,1,Quod,,,,Clementine,VUL
20,Proverbs,24,32,Proverbs 24:32,2,cum,,,,Clementine,VUL
20,Proverbs,24,32,Proverbs 24:32,3,"vidissem,",,,,Clementine,VUL
20,Proverbs,24,32,Proverbs 24:32,4,posui,,,,Clementine,VUL
20,Proverbs,24,32,Proverbs 24:32,5,in,,,,Clementine,VUL
20,Proverbs,24,32,Proverbs 24:32,6,corde,,,,Clementine,VUL
20,Proverbs,24,32,Proverbs 24:32,7,"meo,",,,,Clementine,VUL
20,Proverbs,24,32,Proverbs 24:32,8,et,,,,Clementine,VUL
20,Proverbs,24,32,Proverbs 24:32,9,exemplo,,,,Clementine,VUL
20,Proverbs,24,32,Proverbs 24:32,10,didici,,,,Clementine,VUL
20,Proverbs,24,32,Proverbs 24:32,11,disciplinam.,,,,Clementine,VUL
20,Proverbs,24,33,Proverbs 24:33,1,"Parum,",,,,Clementine,VUL
20,Proverbs,24,33,Proverbs 24:33,2,"inquam,",,,,Clementine,VUL
20,Proverbs,24,33,Proverbs 24:33,3,"dormies,",,,,Clementine,VUL
20,Proverbs,24,33,Proverbs 24:33,4,modicum,,,,Clementine,VUL
20,Proverbs,24,33,Proverbs 24:33,5,dormitabis,,,,Clementine,VUL
20,Proverbs,24,33,Proverbs 24:33,6,;,,,,Clementine,VUL
20,Proverbs,24,33,Proverbs 24:33,7,pauxillum,,,,Clementine,VUL
20,Proverbs,24,33,Proverbs 24:33,8,manus,,,,Clementine,VUL
20,Proverbs,24,33,Proverbs 24:33,9,conseres,,,,Clementine,VUL
20,Proverbs,24,33,Proverbs 24:33,10,ut,,,,Clementine,VUL
20,Proverbs,24,33,Proverbs 24:33,11,quiescas,,,,Clementine,VUL
20,Proverbs,24,33,Proverbs 24:33,12,:,,,,Clementine,VUL
20,Proverbs,24,34,Proverbs 24:34,1,et,,,,Clementine,VUL
20,Proverbs,24,34,Proverbs 24:34,2,veniet,,,,Clementine,VUL
20,Proverbs,24,34,Proverbs 24:34,3,tibi,,,,Clementine,VUL
20,Proverbs,24,34,Proverbs 24:34,4,quasi,,,,Clementine,VUL
20,Proverbs,24,34,Proverbs 24:34,5,cursor,,,,Clementine,VUL
20,Proverbs,24,34,Proverbs 24:34,6,"egestas,",,,,Clementine,VUL
20,Proverbs,24,34,Proverbs 24:34,7,et,,,,Clementine,VUL
20,Proverbs,24,34,Proverbs 24:34,8,mendicitas,,,,Clementine,VUL
20,Proverbs,24,34,Proverbs 24:34,9,quasi,,,,Clementine,VUL
20,Proverbs,24,34,Proverbs 24:34,10,vir,,,,Clementine,VUL
20,Proverbs,24,34,Proverbs 24:34,11,armatus.,,,,Clementine,VUL
20,Proverbs,25,1,Proverbs 25:1,1,Hæ,,,,Clementine,VUL
20,Proverbs,25,1,Proverbs 25:1,2,quoque,,,,Clementine,VUL
20,Proverbs,25,1,Proverbs 25:1,3,parabolæ,,,,Clementine,VUL
20,Proverbs,25,1,Proverbs 25:1,4,"Salomonis,",,,,Clementine,VUL
20,Proverbs,25,1,Proverbs 25:1,5,quas,,,,Clementine,VUL
20,Proverbs,25,1,Proverbs 25:1,6,transtulerunt,,,,Clementine,VUL
20,Proverbs,25,1,Proverbs 25:1,7,viri,,,,Clementine,VUL
20,Proverbs,25,1,Proverbs 25:1,8,Ezechiæ,,,,Clementine,VUL
20,Proverbs,25,1,Proverbs 25:1,9,regis,,,,Clementine,VUL
20,Proverbs,25,1,Proverbs 25:1,10,Juda.,,,,Clementine,VUL
20,Proverbs,25,2,Proverbs 25:2,1,Gloria,,,,Clementine,VUL
20,Proverbs,25,2,Proverbs 25:2,2,Dei,,,,Clementine,VUL
20,Proverbs,25,2,Proverbs 25:2,3,est,,,,Clementine,VUL
20,Proverbs,25,2,Proverbs 25:2,4,celare,,,,Clementine,VUL
20,Proverbs,25,2,Proverbs 25:2,5,"verbum,",,,,Clementine,VUL
20,Proverbs,25,2,Proverbs 25:2,6,et,,,,Clementine,VUL
20,Proverbs,25,2,Proverbs 25:2,7,gloria,,,,Clementine,VUL
20,Proverbs,25,2,Proverbs 25:2,8,regum,,,,Clementine,VUL
20,Proverbs,25,2,Proverbs 25:2,9,investigare,,,,Clementine,VUL
20,Proverbs,25,2,Proverbs 25:2,10,sermonem.,,,,Clementine,VUL
20,Proverbs,25,3,Proverbs 25:3,1,Cælum,,,,Clementine,VUL
20,Proverbs,25,3,Proverbs 25:3,2,"sursum,",,,,Clementine,VUL
20,Proverbs,25,3,Proverbs 25:3,3,et,,,,Clementine,VUL
20,Proverbs,25,3,Proverbs 25:3,4,terra,,,,Clementine,VUL
20,Proverbs,25,3,Proverbs 25:3,5,"deorsum,",,,,Clementine,VUL
20,Proverbs,25,3,Proverbs 25:3,6,et,,,,Clementine,VUL
20,Proverbs,25,3,Proverbs 25:3,7,cor,,,,Clementine,VUL
20,Proverbs,25,3,Proverbs 25:3,8,regum,,,,Clementine,VUL
20,Proverbs,25,3,Proverbs 25:3,9,inscrutabile.,,,,Clementine,VUL
20,Proverbs,25,4,Proverbs 25:4,1,Aufer,,,,Clementine,VUL
20,Proverbs,25,4,Proverbs 25:4,2,rubiginem,,,,Clementine,VUL
20,Proverbs,25,4,Proverbs 25:4,3,de,,,,Clementine,VUL
20,Proverbs,25,4,Proverbs 25:4,4,"argento,",,,,Clementine,VUL
20,Proverbs,25,4,Proverbs 25:4,5,et,,,,Clementine,VUL
20,Proverbs,25,4,Proverbs 25:4,6,egredietur,,,,Clementine,VUL
20,Proverbs,25,4,Proverbs 25:4,7,vas,,,,Clementine,VUL
20,Proverbs,25,4,Proverbs 25:4,8,purissimum.,,,,Clementine,VUL
20,Proverbs,25,5,Proverbs 25:5,1,Aufer,,,,Clementine,VUL
20,Proverbs,25,5,Proverbs 25:5,2,impietatem,,,,Clementine,VUL
20,Proverbs,25,5,Proverbs 25:5,3,de,,,,Clementine,VUL
20,Proverbs,25,5,Proverbs 25:5,4,vultu,,,,Clementine,VUL
20,Proverbs,25,5,Proverbs 25:5,5,"regis,",,,,Clementine,VUL
20,Proverbs,25,5,Proverbs 25:5,6,et,,,,Clementine,VUL
20,Proverbs,25,5,Proverbs 25:5,7,firmabitur,,,,Clementine,VUL
20,Proverbs,25,5,Proverbs 25:5,8,justitia,,,,Clementine,VUL
20,Proverbs,25,5,Proverbs 25:5,9,thronus,,,,Clementine,VUL
20,Proverbs,25,5,Proverbs 25:5,10,ejus.,,,,Clementine,VUL
20,Proverbs,25,6,Proverbs 25:6,1,Ne,,,,Clementine,VUL
20,Proverbs,25,6,Proverbs 25:6,2,gloriosus,,,,Clementine,VUL
20,Proverbs,25,6,Proverbs 25:6,3,appareas,,,,Clementine,VUL
20,Proverbs,25,6,Proverbs 25:6,4,coram,,,,Clementine,VUL
20,Proverbs,25,6,Proverbs 25:6,5,"rege,",,,,Clementine,VUL
20,Proverbs,25,6,Proverbs 25:6,6,et,,,,Clementine,VUL
20,Proverbs,25,6,Proverbs 25:6,7,in,,,,Clementine,VUL
20,Proverbs,25,6,Proverbs 25:6,8,loco,,,,Clementine,VUL
20,Proverbs,25,6,Proverbs 25:6,9,magnorum,,,,Clementine,VUL
20,Proverbs,25,6,Proverbs 25:6,10,ne,,,,Clementine,VUL
20,Proverbs,25,6,Proverbs 25:6,11,steteris.,,,,Clementine,VUL
20,Proverbs,25,7,Proverbs 25:7,1,Melius,,,,Clementine,VUL
20,Proverbs,25,7,Proverbs 25:7,2,est,,,,Clementine,VUL
20,Proverbs,25,7,Proverbs 25:7,3,enim,,,,Clementine,VUL
20,Proverbs,25,7,Proverbs 25:7,4,ut,,,,Clementine,VUL
20,Proverbs,25,7,Proverbs 25:7,5,dicatur,,,,Clementine,VUL
20,Proverbs,25,7,Proverbs 25:7,6,tibi,,,,Clementine,VUL
20,Proverbs,25,7,Proverbs 25:7,7,:,,,,Clementine,VUL
20,Proverbs,25,7,Proverbs 25:7,8,Ascende,,,,Clementine,VUL
20,Proverbs,25,7,Proverbs 25:7,9,"huc,",,,,Clementine,VUL
20,Proverbs,25,7,Proverbs 25:7,10,quam,,,,Clementine,VUL
20,Proverbs,25,7,Proverbs 25:7,11,ut,,,,Clementine,VUL
20,Proverbs,25,7,Proverbs 25:7,12,humilieris,,,,Clementine,VUL
20,Proverbs,25,7,Proverbs 25:7,13,coram,,,,Clementine,VUL
20,Proverbs,25,7,Proverbs 25:7,14,principe.,,,,Clementine,VUL
20,Proverbs,25,8,Proverbs 25:8,1,Quæ,,,,Clementine,VUL
20,Proverbs,25,8,Proverbs 25:8,2,viderunt,,,,Clementine,VUL
20,Proverbs,25,8,Proverbs 25:8,3,oculi,,,,Clementine,VUL
20,Proverbs,25,8,Proverbs 25:8,4,tui,,,,Clementine,VUL
20,Proverbs,25,8,Proverbs 25:8,5,ne,,,,Clementine,VUL
20,Proverbs,25,8,Proverbs 25:8,6,proferas,,,,Clementine,VUL
20,Proverbs,25,8,Proverbs 25:8,7,in,,,,Clementine,VUL
20,Proverbs,25,8,Proverbs 25:8,8,jurgio,,,,Clementine,VUL
20,Proverbs,25,8,Proverbs 25:8,9,"cito,",,,,Clementine,VUL
20,Proverbs,25,8,Proverbs 25:8,10,ne,,,,Clementine,VUL
20,Proverbs,25,8,Proverbs 25:8,11,postea,,,,Clementine,VUL
20,Proverbs,25,8,Proverbs 25:8,12,emendare,,,,Clementine,VUL
20,Proverbs,25,8,Proverbs 25:8,13,non,,,,Clementine,VUL
20,Proverbs,25,8,Proverbs 25:8,14,"possis,",,,,Clementine,VUL
20,Proverbs,25,8,Proverbs 25:8,15,cum,,,,Clementine,VUL
20,Proverbs,25,8,Proverbs 25:8,16,dehonestaveris,,,,Clementine,VUL
20,Proverbs,25,8,Proverbs 25:8,17,amicum,,,,Clementine,VUL
20,Proverbs,25,8,Proverbs 25:8,18,tuum.,,,,Clementine,VUL
20,Proverbs,25,9,Proverbs 25:9,1,Causam,,,,Clementine,VUL
20,Proverbs,25,9,Proverbs 25:9,2,tuam,,,,Clementine,VUL
20,Proverbs,25,9,Proverbs 25:9,3,tracta,,,,Clementine,VUL
20,Proverbs,25,9,Proverbs 25:9,4,cum,,,,Clementine,VUL
20,Proverbs,25,9,Proverbs 25:9,5,amico,,,,Clementine,VUL
20,Proverbs,25,9,Proverbs 25:9,6,"tuo,",,,,Clementine,VUL
20,Proverbs,25,9,Proverbs 25:9,7,et,,,,Clementine,VUL
20,Proverbs,25,9,Proverbs 25:9,8,secretum,,,,Clementine,VUL
20,Proverbs,25,9,Proverbs 25:9,9,extraneo,,,,Clementine,VUL
20,Proverbs,25,9,Proverbs 25:9,10,ne,,,,Clementine,VUL
20,Proverbs,25,9,Proverbs 25:9,11,reveles,,,,Clementine,VUL
20,Proverbs,25,9,Proverbs 25:9,12,:,,,,Clementine,VUL
20,Proverbs,25,10,Proverbs 25:10,1,ne,,,,Clementine,VUL
20,Proverbs,25,10,Proverbs 25:10,2,forte,,,,Clementine,VUL
20,Proverbs,25,10,Proverbs 25:10,3,insultet,,,,Clementine,VUL
20,Proverbs,25,10,Proverbs 25:10,4,tibi,,,,Clementine,VUL
20,Proverbs,25,10,Proverbs 25:10,5,cum,,,,Clementine,VUL
20,Proverbs,25,10,Proverbs 25:10,6,"audierit,",,,,Clementine,VUL
20,Proverbs,25,10,Proverbs 25:10,7,et,,,,Clementine,VUL
20,Proverbs,25,10,Proverbs 25:10,8,exprobrare,,,,Clementine,VUL
20,Proverbs,25,10,Proverbs 25:10,9,non,,,,Clementine,VUL
20,Proverbs,25,10,Proverbs 25:10,10,cesset.,,,,Clementine,VUL
20,Proverbs,25,10,Proverbs 25:10,11,Gratia,,,,Clementine,VUL
20,Proverbs,25,10,Proverbs 25:10,12,et,,,,Clementine,VUL
20,Proverbs,25,10,Proverbs 25:10,13,amicitia,,,,Clementine,VUL
20,Proverbs,25,10,Proverbs 25:10,14,liberant,,,,Clementine,VUL
20,Proverbs,25,10,Proverbs 25:10,15,:,,,,Clementine,VUL
20,Proverbs,25,10,Proverbs 25:10,16,quas,,,,Clementine,VUL
20,Proverbs,25,10,Proverbs 25:10,17,tibi,,,,Clementine,VUL
20,Proverbs,25,10,Proverbs 25:10,18,"serva,",,,,Clementine,VUL
20,Proverbs,25,10,Proverbs 25:10,19,ne,,,,Clementine,VUL
20,Proverbs,25,10,Proverbs 25:10,20,exprobrabilis,,,,Clementine,VUL
20,Proverbs,25,10,Proverbs 25:10,21,fias.,,,,Clementine,VUL
20,Proverbs,25,11,Proverbs 25:11,1,Mala,,,,Clementine,VUL
20,Proverbs,25,11,Proverbs 25:11,2,aurea,,,,Clementine,VUL
20,Proverbs,25,11,Proverbs 25:11,3,in,,,,Clementine,VUL
20,Proverbs,25,11,Proverbs 25:11,4,lectis,,,,Clementine,VUL
20,Proverbs,25,11,Proverbs 25:11,5,"argenteis,",,,,Clementine,VUL
20,Proverbs,25,11,Proverbs 25:11,6,qui,,,,Clementine,VUL
20,Proverbs,25,11,Proverbs 25:11,7,loquitur,,,,Clementine,VUL
20,Proverbs,25,11,Proverbs 25:11,8,verbum,,,,Clementine,VUL
20,Proverbs,25,11,Proverbs 25:11,9,in,,,,Clementine,VUL
20,Proverbs,25,11,Proverbs 25:11,10,tempore,,,,Clementine,VUL
20,Proverbs,25,11,Proverbs 25:11,11,suo.,,,,Clementine,VUL
20,Proverbs,25,12,Proverbs 25:12,1,Inauris,,,,Clementine,VUL
20,Proverbs,25,12,Proverbs 25:12,2,"aurea,",,,,Clementine,VUL
20,Proverbs,25,12,Proverbs 25:12,3,et,,,,Clementine,VUL
20,Proverbs,25,12,Proverbs 25:12,4,margaritum,,,,Clementine,VUL
20,Proverbs,25,12,Proverbs 25:12,5,"fulgens,",,,,Clementine,VUL
20,Proverbs,25,12,Proverbs 25:12,6,qui,,,,Clementine,VUL
20,Proverbs,25,12,Proverbs 25:12,7,arguit,,,,Clementine,VUL
20,Proverbs,25,12,Proverbs 25:12,8,sapientem,,,,Clementine,VUL
20,Proverbs,25,12,Proverbs 25:12,9,et,,,,Clementine,VUL
20,Proverbs,25,12,Proverbs 25:12,10,aurem,,,,Clementine,VUL
20,Proverbs,25,12,Proverbs 25:12,11,obedientem.,,,,Clementine,VUL
20,Proverbs,25,13,Proverbs 25:13,1,Sicut,,,,Clementine,VUL
20,Proverbs,25,13,Proverbs 25:13,2,frigus,,,,Clementine,VUL
20,Proverbs,25,13,Proverbs 25:13,3,nivis,,,,Clementine,VUL
20,Proverbs,25,13,Proverbs 25:13,4,in,,,,Clementine,VUL
20,Proverbs,25,13,Proverbs 25:13,5,die,,,,Clementine,VUL
20,Proverbs,25,13,Proverbs 25:13,6,"messis,",,,,Clementine,VUL
20,Proverbs,25,13,Proverbs 25:13,7,ita,,,,Clementine,VUL
20,Proverbs,25,13,Proverbs 25:13,8,legatus,,,,Clementine,VUL
20,Proverbs,25,13,Proverbs 25:13,9,fidelis,,,,Clementine,VUL
20,Proverbs,25,13,Proverbs 25:13,10,ei,,,,Clementine,VUL
20,Proverbs,25,13,Proverbs 25:13,11,qui,,,,Clementine,VUL
20,Proverbs,25,13,Proverbs 25:13,12,misit,,,,Clementine,VUL
20,Proverbs,25,13,Proverbs 25:13,13,eum,,,,Clementine,VUL
20,Proverbs,25,13,Proverbs 25:13,14,:,,,,Clementine,VUL
20,Proverbs,25,13,Proverbs 25:13,15,animam,,,,Clementine,VUL
20,Proverbs,25,13,Proverbs 25:13,16,ipsius,,,,Clementine,VUL
20,Proverbs,25,13,Proverbs 25:13,17,requiescere,,,,Clementine,VUL
20,Proverbs,25,13,Proverbs 25:13,18,facit.,,,,Clementine,VUL
20,Proverbs,25,14,Proverbs 25:14,1,"Nubes,",,,,Clementine,VUL
20,Proverbs,25,14,Proverbs 25:14,2,et,,,,Clementine,VUL
20,Proverbs,25,14,Proverbs 25:14,3,"ventus,",,,,Clementine,VUL
20,Proverbs,25,14,Proverbs 25:14,4,et,,,,Clementine,VUL
20,Proverbs,25,14,Proverbs 25:14,5,pluviæ,,,,Clementine,VUL
20,Proverbs,25,14,Proverbs 25:14,6,non,,,,Clementine,VUL
20,Proverbs,25,14,Proverbs 25:14,7,"sequentes,",,,,Clementine,VUL
20,Proverbs,25,14,Proverbs 25:14,8,vir,,,,Clementine,VUL
20,Proverbs,25,14,Proverbs 25:14,9,gloriosus,,,,Clementine,VUL
20,Proverbs,25,14,Proverbs 25:14,10,et,,,,Clementine,VUL
20,Proverbs,25,14,Proverbs 25:14,11,promissa,,,,Clementine,VUL
20,Proverbs,25,14,Proverbs 25:14,12,non,,,,Clementine,VUL
20,Proverbs,25,14,Proverbs 25:14,13,complens.,,,,Clementine,VUL
20,Proverbs,25,15,Proverbs 25:15,1,Patientia,,,,Clementine,VUL
20,Proverbs,25,15,Proverbs 25:15,2,lenietur,,,,Clementine,VUL
20,Proverbs,25,15,Proverbs 25:15,3,"princeps,",,,,Clementine,VUL
20,Proverbs,25,15,Proverbs 25:15,4,et,,,,Clementine,VUL
20,Proverbs,25,15,Proverbs 25:15,5,lingua,,,,Clementine,VUL
20,Proverbs,25,15,Proverbs 25:15,6,mollis,,,,Clementine,VUL
20,Proverbs,25,15,Proverbs 25:15,7,confringet,,,,Clementine,VUL
20,Proverbs,25,15,Proverbs 25:15,8,duritiam.,,,,Clementine,VUL
20,Proverbs,25,16,Proverbs 25:16,1,Mel,,,,Clementine,VUL
20,Proverbs,25,16,Proverbs 25:16,2,invenisti,,,,Clementine,VUL
20,Proverbs,25,16,Proverbs 25:16,3,:,,,,Clementine,VUL
20,Proverbs,25,16,Proverbs 25:16,4,comede,,,,Clementine,VUL
20,Proverbs,25,16,Proverbs 25:16,5,quod,,,,Clementine,VUL
20,Proverbs,25,16,Proverbs 25:16,6,sufficit,,,,Clementine,VUL
20,Proverbs,25,16,Proverbs 25:16,7,"tibi,",,,,Clementine,VUL
20,Proverbs,25,16,Proverbs 25:16,8,ne,,,,Clementine,VUL
20,Proverbs,25,16,Proverbs 25:16,9,forte,,,,Clementine,VUL
20,Proverbs,25,16,Proverbs 25:16,10,satiatus,,,,Clementine,VUL
20,Proverbs,25,16,Proverbs 25:16,11,evomas,,,,Clementine,VUL
20,Proverbs,25,16,Proverbs 25:16,12,illud.,,,,Clementine,VUL
20,Proverbs,25,17,Proverbs 25:17,1,Subtrahe,,,,Clementine,VUL
20,Proverbs,25,17,Proverbs 25:17,2,pedem,,,,Clementine,VUL
20,Proverbs,25,17,Proverbs 25:17,3,tuum,,,,Clementine,VUL
20,Proverbs,25,17,Proverbs 25:17,4,de,,,,Clementine,VUL
20,Proverbs,25,17,Proverbs 25:17,5,domo,,,,Clementine,VUL
20,Proverbs,25,17,Proverbs 25:17,6,proximi,,,,Clementine,VUL
20,Proverbs,25,17,Proverbs 25:17,7,"tui,",,,,Clementine,VUL
20,Proverbs,25,17,Proverbs 25:17,8,nequando,,,,Clementine,VUL
20,Proverbs,25,17,Proverbs 25:17,9,satiatus,,,,Clementine,VUL
20,Proverbs,25,17,Proverbs 25:17,10,oderit,,,,Clementine,VUL
20,Proverbs,25,17,Proverbs 25:17,11,te.,,,,Clementine,VUL
20,Proverbs,25,18,Proverbs 25:18,1,"Jaculum,",,,,Clementine,VUL
20,Proverbs,25,18,Proverbs 25:18,2,et,,,,Clementine,VUL
20,Proverbs,25,18,Proverbs 25:18,3,"gladius,",,,,Clementine,VUL
20,Proverbs,25,18,Proverbs 25:18,4,et,,,,Clementine,VUL
20,Proverbs,25,18,Proverbs 25:18,5,sagitta,,,,Clementine,VUL
20,Proverbs,25,18,Proverbs 25:18,6,"acuta,",,,,Clementine,VUL
20,Proverbs,25,18,Proverbs 25:18,7,homo,,,,Clementine,VUL
20,Proverbs,25,18,Proverbs 25:18,8,qui,,,,Clementine,VUL
20,Proverbs,25,18,Proverbs 25:18,9,loquitur,,,,Clementine,VUL
20,Proverbs,25,18,Proverbs 25:18,10,contra,,,,Clementine,VUL
20,Proverbs,25,18,Proverbs 25:18,11,proximum,,,,Clementine,VUL
20,Proverbs,25,18,Proverbs 25:18,12,suum,,,,Clementine,VUL
20,Proverbs,25,18,Proverbs 25:18,13,falsum,,,,Clementine,VUL
20,Proverbs,25,18,Proverbs 25:18,14,testimonium.,,,,Clementine,VUL
20,Proverbs,25,19,Proverbs 25:19,1,Dens,,,,Clementine,VUL
20,Proverbs,25,19,Proverbs 25:19,2,"putridus,",,,,Clementine,VUL
20,Proverbs,25,19,Proverbs 25:19,3,et,,,,Clementine,VUL
20,Proverbs,25,19,Proverbs 25:19,4,pes,,,,Clementine,VUL
20,Proverbs,25,19,Proverbs 25:19,5,"lassus,",,,,Clementine,VUL
20,Proverbs,25,19,Proverbs 25:19,6,qui,,,,Clementine,VUL
20,Proverbs,25,19,Proverbs 25:19,7,sperat,,,,Clementine,VUL
20,Proverbs,25,19,Proverbs 25:19,8,super,,,,Clementine,VUL
20,Proverbs,25,19,Proverbs 25:19,9,infideli,,,,Clementine,VUL
20,Proverbs,25,19,Proverbs 25:19,10,in,,,,Clementine,VUL
20,Proverbs,25,19,Proverbs 25:19,11,die,,,,Clementine,VUL
20,Proverbs,25,19,Proverbs 25:19,12,"angustiæ,",,,,Clementine,VUL
20,Proverbs,25,20,Proverbs 25:20,1,et,,,,Clementine,VUL
20,Proverbs,25,20,Proverbs 25:20,2,amittit,,,,Clementine,VUL
20,Proverbs,25,20,Proverbs 25:20,3,pallium,,,,Clementine,VUL
20,Proverbs,25,20,Proverbs 25:20,4,in,,,,Clementine,VUL
20,Proverbs,25,20,Proverbs 25:20,5,die,,,,Clementine,VUL
20,Proverbs,25,20,Proverbs 25:20,6,frigoris.,,,,Clementine,VUL
20,Proverbs,25,20,Proverbs 25:20,7,Acetum,,,,Clementine,VUL
20,Proverbs,25,20,Proverbs 25:20,8,in,,,,Clementine,VUL
20,Proverbs,25,20,Proverbs 25:20,9,"nitro,",,,,Clementine,VUL
20,Proverbs,25,20,Proverbs 25:20,10,qui,,,,Clementine,VUL
20,Proverbs,25,20,Proverbs 25:20,11,cantat,,,,Clementine,VUL
20,Proverbs,25,20,Proverbs 25:20,12,carmina,,,,Clementine,VUL
20,Proverbs,25,20,Proverbs 25:20,13,cordi,,,,Clementine,VUL
20,Proverbs,25,20,Proverbs 25:20,14,pessimo.,,,,Clementine,VUL
20,Proverbs,25,20,Proverbs 25:20,15,Sicut,,,,Clementine,VUL
20,Proverbs,25,20,Proverbs 25:20,16,tinea,,,,Clementine,VUL
20,Proverbs,25,20,Proverbs 25:20,17,"vestimento,",,,,Clementine,VUL
20,Proverbs,25,20,Proverbs 25:20,18,et,,,,Clementine,VUL
20,Proverbs,25,20,Proverbs 25:20,19,vermis,,,,Clementine,VUL
20,Proverbs,25,20,Proverbs 25:20,20,"ligno,",,,,Clementine,VUL
20,Proverbs,25,20,Proverbs 25:20,21,ita,,,,Clementine,VUL
20,Proverbs,25,20,Proverbs 25:20,22,tristitia,,,,Clementine,VUL
20,Proverbs,25,20,Proverbs 25:20,23,viri,,,,Clementine,VUL
20,Proverbs,25,20,Proverbs 25:20,24,nocet,,,,Clementine,VUL
20,Proverbs,25,20,Proverbs 25:20,25,cordi.,,,,Clementine,VUL
20,Proverbs,25,21,Proverbs 25:21,1,Si,,,,Clementine,VUL
20,Proverbs,25,21,Proverbs 25:21,2,esurierit,,,,Clementine,VUL
20,Proverbs,25,21,Proverbs 25:21,3,inimicus,,,,Clementine,VUL
20,Proverbs,25,21,Proverbs 25:21,4,"tuus,",,,,Clementine,VUL
20,Proverbs,25,21,Proverbs 25:21,5,ciba,,,,Clementine,VUL
20,Proverbs,25,21,Proverbs 25:21,6,illum,,,,Clementine,VUL
20,Proverbs,25,21,Proverbs 25:21,7,;,,,,Clementine,VUL
20,Proverbs,25,21,Proverbs 25:21,8,si,,,,Clementine,VUL
20,Proverbs,25,21,Proverbs 25:21,9,"sitierit,",,,,Clementine,VUL
20,Proverbs,25,21,Proverbs 25:21,10,da,,,,Clementine,VUL
20,Proverbs,25,21,Proverbs 25:21,11,ei,,,,Clementine,VUL
20,Proverbs,25,21,Proverbs 25:21,12,aquam,,,,Clementine,VUL
20,Proverbs,25,21,Proverbs 25:21,13,bibere,,,,Clementine,VUL
20,Proverbs,25,21,Proverbs 25:21,14,:,,,,Clementine,VUL
20,Proverbs,25,22,Proverbs 25:22,1,prunas,,,,Clementine,VUL
20,Proverbs,25,22,Proverbs 25:22,2,enim,,,,Clementine,VUL
20,Proverbs,25,22,Proverbs 25:22,3,congregabis,,,,Clementine,VUL
20,Proverbs,25,22,Proverbs 25:22,4,super,,,,Clementine,VUL
20,Proverbs,25,22,Proverbs 25:22,5,caput,,,,Clementine,VUL
20,Proverbs,25,22,Proverbs 25:22,6,"ejus,",,,,Clementine,VUL
20,Proverbs,25,22,Proverbs 25:22,7,et,,,,Clementine,VUL
20,Proverbs,25,22,Proverbs 25:22,8,Dominus,,,,Clementine,VUL
20,Proverbs,25,22,Proverbs 25:22,9,reddet,,,,Clementine,VUL
20,Proverbs,25,22,Proverbs 25:22,10,tibi.,,,,Clementine,VUL
20,Proverbs,25,23,Proverbs 25:23,1,Ventus,,,,Clementine,VUL
20,Proverbs,25,23,Proverbs 25:23,2,aquilo,,,,Clementine,VUL
20,Proverbs,25,23,Proverbs 25:23,3,dissipat,,,,Clementine,VUL
20,Proverbs,25,23,Proverbs 25:23,4,"pluvias,",,,,Clementine,VUL
20,Proverbs,25,23,Proverbs 25:23,5,et,,,,Clementine,VUL
20,Proverbs,25,23,Proverbs 25:23,6,facies,,,,Clementine,VUL
20,Proverbs,25,23,Proverbs 25:23,7,tristis,,,,Clementine,VUL
20,Proverbs,25,23,Proverbs 25:23,8,linguam,,,,Clementine,VUL
20,Proverbs,25,23,Proverbs 25:23,9,detrahentem.,,,,Clementine,VUL
20,Proverbs,25,24,Proverbs 25:24,1,Melius,,,,Clementine,VUL
20,Proverbs,25,24,Proverbs 25:24,2,est,,,,Clementine,VUL
20,Proverbs,25,24,Proverbs 25:24,3,sedere,,,,Clementine,VUL
20,Proverbs,25,24,Proverbs 25:24,4,in,,,,Clementine,VUL
20,Proverbs,25,24,Proverbs 25:24,5,angulo,,,,Clementine,VUL
20,Proverbs,25,24,Proverbs 25:24,6,domatis,,,,Clementine,VUL
20,Proverbs,25,24,Proverbs 25:24,7,quam,,,,Clementine,VUL
20,Proverbs,25,24,Proverbs 25:24,8,cum,,,,Clementine,VUL
20,Proverbs,25,24,Proverbs 25:24,9,muliere,,,,Clementine,VUL
20,Proverbs,25,24,Proverbs 25:24,10,litigiosa,,,,Clementine,VUL
20,Proverbs,25,24,Proverbs 25:24,11,et,,,,Clementine,VUL
20,Proverbs,25,24,Proverbs 25:24,12,in,,,,Clementine,VUL
20,Proverbs,25,24,Proverbs 25:24,13,domo,,,,Clementine,VUL
20,Proverbs,25,24,Proverbs 25:24,14,communi.,,,,Clementine,VUL
20,Proverbs,25,25,Proverbs 25:25,1,Aqua,,,,Clementine,VUL
20,Proverbs,25,25,Proverbs 25:25,2,frigida,,,,Clementine,VUL
20,Proverbs,25,25,Proverbs 25:25,3,animæ,,,,Clementine,VUL
20,Proverbs,25,25,Proverbs 25:25,4,"sitienti,",,,,Clementine,VUL
20,Proverbs,25,25,Proverbs 25:25,5,et,,,,Clementine,VUL
20,Proverbs,25,25,Proverbs 25:25,6,nuntius,,,,Clementine,VUL
20,Proverbs,25,25,Proverbs 25:25,7,bonus,,,,Clementine,VUL
20,Proverbs,25,25,Proverbs 25:25,8,de,,,,Clementine,VUL
20,Proverbs,25,25,Proverbs 25:25,9,terra,,,,Clementine,VUL
20,Proverbs,25,25,Proverbs 25:25,10,longinqua.,,,,Clementine,VUL
20,Proverbs,25,26,Proverbs 25:26,1,Fons,,,,Clementine,VUL
20,Proverbs,25,26,Proverbs 25:26,2,turbatus,,,,Clementine,VUL
20,Proverbs,25,26,Proverbs 25:26,3,pede,,,,Clementine,VUL
20,Proverbs,25,26,Proverbs 25:26,4,et,,,,Clementine,VUL
20,Proverbs,25,26,Proverbs 25:26,5,vena,,,,Clementine,VUL
20,Proverbs,25,26,Proverbs 25:26,6,"corrupta,",,,,Clementine,VUL
20,Proverbs,25,26,Proverbs 25:26,7,justus,,,,Clementine,VUL
20,Proverbs,25,26,Proverbs 25:26,8,cadens,,,,Clementine,VUL
20,Proverbs,25,26,Proverbs 25:26,9,coram,,,,Clementine,VUL
20,Proverbs,25,26,Proverbs 25:26,10,impio.,,,,Clementine,VUL
20,Proverbs,25,27,Proverbs 25:27,1,Sicut,,,,Clementine,VUL
20,Proverbs,25,27,Proverbs 25:27,2,qui,,,,Clementine,VUL
20,Proverbs,25,27,Proverbs 25:27,3,mel,,,,Clementine,VUL
20,Proverbs,25,27,Proverbs 25:27,4,multum,,,,Clementine,VUL
20,Proverbs,25,27,Proverbs 25:27,5,comedit,,,,Clementine,VUL
20,Proverbs,25,27,Proverbs 25:27,6,non,,,,Clementine,VUL
20,Proverbs,25,27,Proverbs 25:27,7,est,,,,Clementine,VUL
20,Proverbs,25,27,Proverbs 25:27,8,ei,,,,Clementine,VUL
20,Proverbs,25,27,Proverbs 25:27,9,"bonum,",,,,Clementine,VUL
20,Proverbs,25,27,Proverbs 25:27,10,sic,,,,Clementine,VUL
20,Proverbs,25,27,Proverbs 25:27,11,qui,,,,Clementine,VUL
20,Proverbs,25,27,Proverbs 25:27,12,scrutator,,,,Clementine,VUL
20,Proverbs,25,27,Proverbs 25:27,13,est,,,,Clementine,VUL
20,Proverbs,25,27,Proverbs 25:27,14,majestatis,,,,Clementine,VUL
20,Proverbs,25,27,Proverbs 25:27,15,opprimetur,,,,Clementine,VUL
20,Proverbs,25,27,Proverbs 25:27,16,a,,,,Clementine,VUL
20,Proverbs,25,27,Proverbs 25:27,17,gloria.,,,,Clementine,VUL
20,Proverbs,25,28,Proverbs 25:28,1,Sicut,,,,Clementine,VUL
20,Proverbs,25,28,Proverbs 25:28,2,urbs,,,,Clementine,VUL
20,Proverbs,25,28,Proverbs 25:28,3,patens,,,,Clementine,VUL
20,Proverbs,25,28,Proverbs 25:28,4,et,,,,Clementine,VUL
20,Proverbs,25,28,Proverbs 25:28,5,absque,,,,Clementine,VUL
20,Proverbs,25,28,Proverbs 25:28,6,murorum,,,,Clementine,VUL
20,Proverbs,25,28,Proverbs 25:28,7,"ambitu,",,,,Clementine,VUL
20,Proverbs,25,28,Proverbs 25:28,8,ita,,,,Clementine,VUL
20,Proverbs,25,28,Proverbs 25:28,9,vir,,,,Clementine,VUL
20,Proverbs,25,28,Proverbs 25:28,10,qui,,,,Clementine,VUL
20,Proverbs,25,28,Proverbs 25:28,11,non,,,,Clementine,VUL
20,Proverbs,25,28,Proverbs 25:28,12,potest,,,,Clementine,VUL
20,Proverbs,25,28,Proverbs 25:28,13,in,,,,Clementine,VUL
20,Proverbs,25,28,Proverbs 25:28,14,loquendo,,,,Clementine,VUL
20,Proverbs,25,28,Proverbs 25:28,15,cohibere,,,,Clementine,VUL
20,Proverbs,25,28,Proverbs 25:28,16,spiritum,,,,Clementine,VUL
20,Proverbs,25,28,Proverbs 25:28,17,suum.,,,,Clementine,VUL
20,Proverbs,26,1,Proverbs 26:1,1,Quomodo,,,,Clementine,VUL
20,Proverbs,26,1,Proverbs 26:1,2,nix,,,,Clementine,VUL
20,Proverbs,26,1,Proverbs 26:1,3,in,,,,Clementine,VUL
20,Proverbs,26,1,Proverbs 26:1,4,"æstate,",,,,Clementine,VUL
20,Proverbs,26,1,Proverbs 26:1,5,et,,,,Clementine,VUL
20,Proverbs,26,1,Proverbs 26:1,6,pluviæ,,,,Clementine,VUL
20,Proverbs,26,1,Proverbs 26:1,7,in,,,,Clementine,VUL
20,Proverbs,26,1,Proverbs 26:1,8,"messe,",,,,Clementine,VUL
20,Proverbs,26,1,Proverbs 26:1,9,sic,,,,Clementine,VUL
20,Proverbs,26,1,Proverbs 26:1,10,indecens,,,,Clementine,VUL
20,Proverbs,26,1,Proverbs 26:1,11,est,,,,Clementine,VUL
20,Proverbs,26,1,Proverbs 26:1,12,stulto,,,,Clementine,VUL
20,Proverbs,26,1,Proverbs 26:1,13,gloria.,,,,Clementine,VUL
20,Proverbs,26,2,Proverbs 26:2,1,Sicut,,,,Clementine,VUL
20,Proverbs,26,2,Proverbs 26:2,2,avis,,,,Clementine,VUL
20,Proverbs,26,2,Proverbs 26:2,3,ad,,,,Clementine,VUL
20,Proverbs,26,2,Proverbs 26:2,4,alia,,,,Clementine,VUL
20,Proverbs,26,2,Proverbs 26:2,5,"transvolans,",,,,Clementine,VUL
20,Proverbs,26,2,Proverbs 26:2,6,et,,,,Clementine,VUL
20,Proverbs,26,2,Proverbs 26:2,7,passer,,,,Clementine,VUL
20,Proverbs,26,2,Proverbs 26:2,8,quolibet,,,,Clementine,VUL
20,Proverbs,26,2,Proverbs 26:2,9,"vadens,",,,,Clementine,VUL
20,Proverbs,26,2,Proverbs 26:2,10,sic,,,,Clementine,VUL
20,Proverbs,26,2,Proverbs 26:2,11,maledictum,,,,Clementine,VUL
20,Proverbs,26,2,Proverbs 26:2,12,frustra,,,,Clementine,VUL
20,Proverbs,26,2,Proverbs 26:2,13,prolatum,,,,Clementine,VUL
20,Proverbs,26,2,Proverbs 26:2,14,in,,,,Clementine,VUL
20,Proverbs,26,2,Proverbs 26:2,15,quempiam,,,,Clementine,VUL
20,Proverbs,26,2,Proverbs 26:2,16,superveniet.,,,,Clementine,VUL
20,Proverbs,26,3,Proverbs 26:3,1,Flagellum,,,,Clementine,VUL
20,Proverbs,26,3,Proverbs 26:3,2,"equo,",,,,Clementine,VUL
20,Proverbs,26,3,Proverbs 26:3,3,et,,,,Clementine,VUL
20,Proverbs,26,3,Proverbs 26:3,4,camus,,,,Clementine,VUL
20,Proverbs,26,3,Proverbs 26:3,5,"asino,",,,,Clementine,VUL
20,Proverbs,26,3,Proverbs 26:3,6,et,,,,Clementine,VUL
20,Proverbs,26,3,Proverbs 26:3,7,virga,,,,Clementine,VUL
20,Proverbs,26,3,Proverbs 26:3,8,in,,,,Clementine,VUL
20,Proverbs,26,3,Proverbs 26:3,9,dorso,,,,Clementine,VUL
20,Proverbs,26,3,Proverbs 26:3,10,imprudentium.,,,,Clementine,VUL
20,Proverbs,26,4,Proverbs 26:4,1,Ne,,,,Clementine,VUL
20,Proverbs,26,4,Proverbs 26:4,2,respondeas,,,,Clementine,VUL
20,Proverbs,26,4,Proverbs 26:4,3,stulto,,,,Clementine,VUL
20,Proverbs,26,4,Proverbs 26:4,4,juxta,,,,Clementine,VUL
20,Proverbs,26,4,Proverbs 26:4,5,stultitiam,,,,Clementine,VUL
20,Proverbs,26,4,Proverbs 26:4,6,"suam,",,,,Clementine,VUL
20,Proverbs,26,4,Proverbs 26:4,7,ne,,,,Clementine,VUL
20,Proverbs,26,4,Proverbs 26:4,8,efficiaris,,,,Clementine,VUL
20,Proverbs,26,4,Proverbs 26:4,9,ei,,,,Clementine,VUL
20,Proverbs,26,4,Proverbs 26:4,10,similis.,,,,Clementine,VUL
20,Proverbs,26,5,Proverbs 26:5,1,Responde,,,,Clementine,VUL
20,Proverbs,26,5,Proverbs 26:5,2,stulto,,,,Clementine,VUL
20,Proverbs,26,5,Proverbs 26:5,3,juxta,,,,Clementine,VUL
20,Proverbs,26,5,Proverbs 26:5,4,stultitiam,,,,Clementine,VUL
20,Proverbs,26,5,Proverbs 26:5,5,"suam,",,,,Clementine,VUL
20,Proverbs,26,5,Proverbs 26:5,6,ne,,,,Clementine,VUL
20,Proverbs,26,5,Proverbs 26:5,7,sibi,,,,Clementine,VUL
20,Proverbs,26,5,Proverbs 26:5,8,sapiens,,,,Clementine,VUL
20,Proverbs,26,5,Proverbs 26:5,9,esse,,,,Clementine,VUL
20,Proverbs,26,5,Proverbs 26:5,10,videatur.,,,,Clementine,VUL
20,Proverbs,26,6,Proverbs 26:6,1,Claudus,,,,Clementine,VUL
20,Proverbs,26,6,Proverbs 26:6,2,"pedibus,",,,,Clementine,VUL
20,Proverbs,26,6,Proverbs 26:6,3,et,,,,Clementine,VUL
20,Proverbs,26,6,Proverbs 26:6,4,iniquitatem,,,,Clementine,VUL
20,Proverbs,26,6,Proverbs 26:6,5,"bibens,",,,,Clementine,VUL
20,Proverbs,26,6,Proverbs 26:6,6,qui,,,,Clementine,VUL
20,Proverbs,26,6,Proverbs 26:6,7,mittit,,,,Clementine,VUL
20,Proverbs,26,6,Proverbs 26:6,8,verba,,,,Clementine,VUL
20,Proverbs,26,6,Proverbs 26:6,9,per,,,,Clementine,VUL
20,Proverbs,26,6,Proverbs 26:6,10,nuntium,,,,Clementine,VUL
20,Proverbs,26,6,Proverbs 26:6,11,stultum.,,,,Clementine,VUL
20,Proverbs,26,7,Proverbs 26:7,1,Quomodo,,,,Clementine,VUL
20,Proverbs,26,7,Proverbs 26:7,2,pulchras,,,,Clementine,VUL
20,Proverbs,26,7,Proverbs 26:7,3,frustra,,,,Clementine,VUL
20,Proverbs,26,7,Proverbs 26:7,4,habet,,,,Clementine,VUL
20,Proverbs,26,7,Proverbs 26:7,5,claudus,,,,Clementine,VUL
20,Proverbs,26,7,Proverbs 26:7,6,"tibias,",,,,Clementine,VUL
20,Proverbs,26,7,Proverbs 26:7,7,sic,,,,Clementine,VUL
20,Proverbs,26,7,Proverbs 26:7,8,indecens,,,,Clementine,VUL
20,Proverbs,26,7,Proverbs 26:7,9,est,,,,Clementine,VUL
20,Proverbs,26,7,Proverbs 26:7,10,in,,,,Clementine,VUL
20,Proverbs,26,7,Proverbs 26:7,11,ore,,,,Clementine,VUL
20,Proverbs,26,7,Proverbs 26:7,12,stultorum,,,,Clementine,VUL
20,Proverbs,26,7,Proverbs 26:7,13,parabola.,,,,Clementine,VUL
20,Proverbs,26,8,Proverbs 26:8,1,Sicut,,,,Clementine,VUL
20,Proverbs,26,8,Proverbs 26:8,2,qui,,,,Clementine,VUL
20,Proverbs,26,8,Proverbs 26:8,3,mittit,,,,Clementine,VUL
20,Proverbs,26,8,Proverbs 26:8,4,lapidem,,,,Clementine,VUL
20,Proverbs,26,8,Proverbs 26:8,5,in,,,,Clementine,VUL
20,Proverbs,26,8,Proverbs 26:8,6,acervum,,,,Clementine,VUL
20,Proverbs,26,8,Proverbs 26:8,7,"Mercurii,",,,,Clementine,VUL
20,Proverbs,26,8,Proverbs 26:8,8,ita,,,,Clementine,VUL
20,Proverbs,26,8,Proverbs 26:8,9,qui,,,,Clementine,VUL
20,Proverbs,26,8,Proverbs 26:8,10,tribuit,,,,Clementine,VUL
20,Proverbs,26,8,Proverbs 26:8,11,insipienti,,,,Clementine,VUL
20,Proverbs,26,8,Proverbs 26:8,12,honorem.,,,,Clementine,VUL
20,Proverbs,26,9,Proverbs 26:9,1,Quomodo,,,,Clementine,VUL
20,Proverbs,26,9,Proverbs 26:9,2,si,,,,Clementine,VUL
20,Proverbs,26,9,Proverbs 26:9,3,spina,,,,Clementine,VUL
20,Proverbs,26,9,Proverbs 26:9,4,nascatur,,,,Clementine,VUL
20,Proverbs,26,9,Proverbs 26:9,5,in,,,,Clementine,VUL
20,Proverbs,26,9,Proverbs 26:9,6,manu,,,,Clementine,VUL
20,Proverbs,26,9,Proverbs 26:9,7,"temulenti,",,,,Clementine,VUL
20,Proverbs,26,9,Proverbs 26:9,8,sic,,,,Clementine,VUL
20,Proverbs,26,9,Proverbs 26:9,9,parabola,,,,Clementine,VUL
20,Proverbs,26,9,Proverbs 26:9,10,in,,,,Clementine,VUL
20,Proverbs,26,9,Proverbs 26:9,11,ore,,,,Clementine,VUL
20,Proverbs,26,9,Proverbs 26:9,12,stultorum.,,,,Clementine,VUL
20,Proverbs,26,10,Proverbs 26:10,1,Judicium,,,,Clementine,VUL
20,Proverbs,26,10,Proverbs 26:10,2,determinat,,,,Clementine,VUL
20,Proverbs,26,10,Proverbs 26:10,3,"causas,",,,,Clementine,VUL
20,Proverbs,26,10,Proverbs 26:10,4,et,,,,Clementine,VUL
20,Proverbs,26,10,Proverbs 26:10,5,qui,,,,Clementine,VUL
20,Proverbs,26,10,Proverbs 26:10,6,imponit,,,,Clementine,VUL
20,Proverbs,26,10,Proverbs 26:10,7,stulto,,,,Clementine,VUL
20,Proverbs,26,10,Proverbs 26:10,8,silentium,,,,Clementine,VUL
20,Proverbs,26,10,Proverbs 26:10,9,iras,,,,Clementine,VUL
20,Proverbs,26,10,Proverbs 26:10,10,mitigat.,,,,Clementine,VUL
20,Proverbs,26,11,Proverbs 26:11,1,Sicut,,,,Clementine,VUL
20,Proverbs,26,11,Proverbs 26:11,2,canis,,,,Clementine,VUL
20,Proverbs,26,11,Proverbs 26:11,3,qui,,,,Clementine,VUL
20,Proverbs,26,11,Proverbs 26:11,4,revertitur,,,,Clementine,VUL
20,Proverbs,26,11,Proverbs 26:11,5,ad,,,,Clementine,VUL
20,Proverbs,26,11,Proverbs 26:11,6,vomitum,,,,Clementine,VUL
20,Proverbs,26,11,Proverbs 26:11,7,"suum,",,,,Clementine,VUL
20,Proverbs,26,11,Proverbs 26:11,8,sic,,,,Clementine,VUL
20,Proverbs,26,11,Proverbs 26:11,9,imprudens,,,,Clementine,VUL
20,Proverbs,26,11,Proverbs 26:11,10,qui,,,,Clementine,VUL
20,Proverbs,26,11,Proverbs 26:11,11,iterat,,,,Clementine,VUL
20,Proverbs,26,11,Proverbs 26:11,12,stultitiam,,,,Clementine,VUL
20,Proverbs,26,11,Proverbs 26:11,13,suam.,,,,Clementine,VUL
20,Proverbs,26,12,Proverbs 26:12,1,Vidisti,,,,Clementine,VUL
20,Proverbs,26,12,Proverbs 26:12,2,hominem,,,,Clementine,VUL
20,Proverbs,26,12,Proverbs 26:12,3,sapientem,,,,Clementine,VUL
20,Proverbs,26,12,Proverbs 26:12,4,sibi,,,,Clementine,VUL
20,Proverbs,26,12,Proverbs 26:12,5,videri,,,,Clementine,VUL
20,Proverbs,26,12,Proverbs 26:12,6,?,,,,Clementine,VUL
20,Proverbs,26,12,Proverbs 26:12,7,magis,,,,Clementine,VUL
20,Proverbs,26,12,Proverbs 26:12,8,illo,,,,Clementine,VUL
20,Proverbs,26,12,Proverbs 26:12,9,spem,,,,Clementine,VUL
20,Proverbs,26,12,Proverbs 26:12,10,habebit,,,,Clementine,VUL
20,Proverbs,26,12,Proverbs 26:12,11,insipiens.,,,,Clementine,VUL
20,Proverbs,26,13,Proverbs 26:13,1,Dicit,,,,Clementine,VUL
20,Proverbs,26,13,Proverbs 26:13,2,piger,,,,Clementine,VUL
20,Proverbs,26,13,Proverbs 26:13,3,:,,,,Clementine,VUL
20,Proverbs,26,13,Proverbs 26:13,4,Leo,,,,Clementine,VUL
20,Proverbs,26,13,Proverbs 26:13,5,est,,,,Clementine,VUL
20,Proverbs,26,13,Proverbs 26:13,6,in,,,,Clementine,VUL
20,Proverbs,26,13,Proverbs 26:13,7,"via,",,,,Clementine,VUL
20,Proverbs,26,13,Proverbs 26:13,8,et,,,,Clementine,VUL
20,Proverbs,26,13,Proverbs 26:13,9,leæna,,,,Clementine,VUL
20,Proverbs,26,13,Proverbs 26:13,10,in,,,,Clementine,VUL
20,Proverbs,26,13,Proverbs 26:13,11,itineribus.,,,,Clementine,VUL
20,Proverbs,26,14,Proverbs 26:14,1,Sicut,,,,Clementine,VUL
20,Proverbs,26,14,Proverbs 26:14,2,ostium,,,,Clementine,VUL
20,Proverbs,26,14,Proverbs 26:14,3,vertitur,,,,Clementine,VUL
20,Proverbs,26,14,Proverbs 26:14,4,in,,,,Clementine,VUL
20,Proverbs,26,14,Proverbs 26:14,5,cardine,,,,Clementine,VUL
20,Proverbs,26,14,Proverbs 26:14,6,"suo,",,,,Clementine,VUL
20,Proverbs,26,14,Proverbs 26:14,7,ita,,,,Clementine,VUL
20,Proverbs,26,14,Proverbs 26:14,8,piger,,,,Clementine,VUL
20,Proverbs,26,14,Proverbs 26:14,9,in,,,,Clementine,VUL
20,Proverbs,26,14,Proverbs 26:14,10,lectulo,,,,Clementine,VUL
20,Proverbs,26,14,Proverbs 26:14,11,suo.,,,,Clementine,VUL
20,Proverbs,26,15,Proverbs 26:15,1,Abscondit,,,,Clementine,VUL
20,Proverbs,26,15,Proverbs 26:15,2,piger,,,,Clementine,VUL
20,Proverbs,26,15,Proverbs 26:15,3,manum,,,,Clementine,VUL
20,Proverbs,26,15,Proverbs 26:15,4,sub,,,,Clementine,VUL
20,Proverbs,26,15,Proverbs 26:15,5,ascella,,,,Clementine,VUL
20,Proverbs,26,15,Proverbs 26:15,6,"sua,",,,,Clementine,VUL
20,Proverbs,26,15,Proverbs 26:15,7,et,,,,Clementine,VUL
20,Proverbs,26,15,Proverbs 26:15,8,laborat,,,,Clementine,VUL
20,Proverbs,26,15,Proverbs 26:15,9,si,,,,Clementine,VUL
20,Proverbs,26,15,Proverbs 26:15,10,ad,,,,Clementine,VUL
20,Proverbs,26,15,Proverbs 26:15,11,os,,,,Clementine,VUL
20,Proverbs,26,15,Proverbs 26:15,12,suum,,,,Clementine,VUL
20,Proverbs,26,15,Proverbs 26:15,13,eam,,,,Clementine,VUL
20,Proverbs,26,15,Proverbs 26:15,14,converterit.,,,,Clementine,VUL
20,Proverbs,26,16,Proverbs 26:16,1,Sapientior,,,,Clementine,VUL
20,Proverbs,26,16,Proverbs 26:16,2,sibi,,,,Clementine,VUL
20,Proverbs,26,16,Proverbs 26:16,3,piger,,,,Clementine,VUL
20,Proverbs,26,16,Proverbs 26:16,4,videtur,,,,Clementine,VUL
20,Proverbs,26,16,Proverbs 26:16,5,septem,,,,Clementine,VUL
20,Proverbs,26,16,Proverbs 26:16,6,viris,,,,Clementine,VUL
20,Proverbs,26,16,Proverbs 26:16,7,loquentibus,,,,Clementine,VUL
20,Proverbs,26,16,Proverbs 26:16,8,sententias.,,,,Clementine,VUL
20,Proverbs,26,17,Proverbs 26:17,1,Sicut,,,,Clementine,VUL
20,Proverbs,26,17,Proverbs 26:17,2,qui,,,,Clementine,VUL
20,Proverbs,26,17,Proverbs 26:17,3,apprehendit,,,,Clementine,VUL
20,Proverbs,26,17,Proverbs 26:17,4,auribus,,,,Clementine,VUL
20,Proverbs,26,17,Proverbs 26:17,5,"canem,",,,,Clementine,VUL
20,Proverbs,26,17,Proverbs 26:17,6,sic,,,,Clementine,VUL
20,Proverbs,26,17,Proverbs 26:17,7,qui,,,,Clementine,VUL
20,Proverbs,26,17,Proverbs 26:17,8,transit,,,,Clementine,VUL
20,Proverbs,26,17,Proverbs 26:17,9,impatiens,,,,Clementine,VUL
20,Proverbs,26,17,Proverbs 26:17,10,et,,,,Clementine,VUL
20,Proverbs,26,17,Proverbs 26:17,11,commiscetur,,,,Clementine,VUL
20,Proverbs,26,17,Proverbs 26:17,12,rixæ,,,,Clementine,VUL
20,Proverbs,26,17,Proverbs 26:17,13,alterius.,,,,Clementine,VUL
20,Proverbs,26,18,Proverbs 26:18,1,Sicut,,,,Clementine,VUL
20,Proverbs,26,18,Proverbs 26:18,2,noxius,,,,Clementine,VUL
20,Proverbs,26,18,Proverbs 26:18,3,est,,,,Clementine,VUL
20,Proverbs,26,18,Proverbs 26:18,4,qui,,,,Clementine,VUL
20,Proverbs,26,18,Proverbs 26:18,5,mittit,,,,Clementine,VUL
20,Proverbs,26,18,Proverbs 26:18,6,sagittas,,,,Clementine,VUL
20,Proverbs,26,18,Proverbs 26:18,7,et,,,,Clementine,VUL
20,Proverbs,26,18,Proverbs 26:18,8,lanceas,,,,Clementine,VUL
20,Proverbs,26,18,Proverbs 26:18,9,in,,,,Clementine,VUL
20,Proverbs,26,18,Proverbs 26:18,10,"mortem,",,,,Clementine,VUL
20,Proverbs,26,19,Proverbs 26:19,1,ita,,,,Clementine,VUL
20,Proverbs,26,19,Proverbs 26:19,2,vir,,,,Clementine,VUL
20,Proverbs,26,19,Proverbs 26:19,3,fraudulenter,,,,Clementine,VUL
20,Proverbs,26,19,Proverbs 26:19,4,nocet,,,,Clementine,VUL
20,Proverbs,26,19,Proverbs 26:19,5,amico,,,,Clementine,VUL
20,Proverbs,26,19,Proverbs 26:19,6,"suo,",,,,Clementine,VUL
20,Proverbs,26,19,Proverbs 26:19,7,et,,,,Clementine,VUL
20,Proverbs,26,19,Proverbs 26:19,8,cum,,,,Clementine,VUL
20,Proverbs,26,19,Proverbs 26:19,9,fuerit,,,,Clementine,VUL
20,Proverbs,26,19,Proverbs 26:19,10,deprehensus,,,,Clementine,VUL
20,Proverbs,26,19,Proverbs 26:19,11,dicit,,,,Clementine,VUL
20,Proverbs,26,19,Proverbs 26:19,12,:,,,,Clementine,VUL
20,Proverbs,26,19,Proverbs 26:19,13,Ludens,,,,Clementine,VUL
20,Proverbs,26,19,Proverbs 26:19,14,feci.,,,,Clementine,VUL
20,Proverbs,26,20,Proverbs 26:20,1,Cum,,,,Clementine,VUL
20,Proverbs,26,20,Proverbs 26:20,2,defecerint,,,,Clementine,VUL
20,Proverbs,26,20,Proverbs 26:20,3,ligna,,,,Clementine,VUL
20,Proverbs,26,20,Proverbs 26:20,4,extinguetur,,,,Clementine,VUL
20,Proverbs,26,20,Proverbs 26:20,5,"ignis,",,,,Clementine,VUL
20,Proverbs,26,20,Proverbs 26:20,6,et,,,,Clementine,VUL
20,Proverbs,26,20,Proverbs 26:20,7,susurrone,,,,Clementine,VUL
20,Proverbs,26,20,Proverbs 26:20,8,"subtracto,",,,,Clementine,VUL
20,Proverbs,26,20,Proverbs 26:20,9,jurgia,,,,Clementine,VUL
20,Proverbs,26,20,Proverbs 26:20,10,conquiescent.,,,,Clementine,VUL
20,Proverbs,26,21,Proverbs 26:21,1,Sicut,,,,Clementine,VUL
20,Proverbs,26,21,Proverbs 26:21,2,carbones,,,,Clementine,VUL
20,Proverbs,26,21,Proverbs 26:21,3,ad,,,,Clementine,VUL
20,Proverbs,26,21,Proverbs 26:21,4,"prunas,",,,,Clementine,VUL
20,Proverbs,26,21,Proverbs 26:21,5,et,,,,Clementine,VUL
20,Proverbs,26,21,Proverbs 26:21,6,ligna,,,,Clementine,VUL
20,Proverbs,26,21,Proverbs 26:21,7,ad,,,,Clementine,VUL
20,Proverbs,26,21,Proverbs 26:21,8,"ignem,",,,,Clementine,VUL
20,Proverbs,26,21,Proverbs 26:21,9,sic,,,,Clementine,VUL
20,Proverbs,26,21,Proverbs 26:21,10,homo,,,,Clementine,VUL
20,Proverbs,26,21,Proverbs 26:21,11,iracundus,,,,Clementine,VUL
20,Proverbs,26,21,Proverbs 26:21,12,suscitat,,,,Clementine,VUL
20,Proverbs,26,21,Proverbs 26:21,13,rixas.,,,,Clementine,VUL
20,Proverbs,26,22,Proverbs 26:22,1,Verba,,,,Clementine,VUL
20,Proverbs,26,22,Proverbs 26:22,2,susurronis,,,,Clementine,VUL
20,Proverbs,26,22,Proverbs 26:22,3,quasi,,,,Clementine,VUL
20,Proverbs,26,22,Proverbs 26:22,4,"simplicia,",,,,Clementine,VUL
20,Proverbs,26,22,Proverbs 26:22,5,et,,,,Clementine,VUL
20,Proverbs,26,22,Proverbs 26:22,6,ipsa,,,,Clementine,VUL
20,Proverbs,26,22,Proverbs 26:22,7,perveniunt,,,,Clementine,VUL
20,Proverbs,26,22,Proverbs 26:22,8,ad,,,,Clementine,VUL
20,Proverbs,26,22,Proverbs 26:22,9,intima,,,,Clementine,VUL
20,Proverbs,26,22,Proverbs 26:22,10,ventris.,,,,Clementine,VUL
20,Proverbs,26,23,Proverbs 26:23,1,Quomodo,,,,Clementine,VUL
20,Proverbs,26,23,Proverbs 26:23,2,si,,,,Clementine,VUL
20,Proverbs,26,23,Proverbs 26:23,3,argento,,,,Clementine,VUL
20,Proverbs,26,23,Proverbs 26:23,4,sordido,,,,Clementine,VUL
20,Proverbs,26,23,Proverbs 26:23,5,ornare,,,,Clementine,VUL
20,Proverbs,26,23,Proverbs 26:23,6,velis,,,,Clementine,VUL
20,Proverbs,26,23,Proverbs 26:23,7,vas,,,,Clementine,VUL
20,Proverbs,26,23,Proverbs 26:23,8,"fictile,",,,,Clementine,VUL
20,Proverbs,26,23,Proverbs 26:23,9,sic,,,,Clementine,VUL
20,Proverbs,26,23,Proverbs 26:23,10,labia,,,,Clementine,VUL
20,Proverbs,26,23,Proverbs 26:23,11,tumentia,,,,Clementine,VUL
20,Proverbs,26,23,Proverbs 26:23,12,cum,,,,Clementine,VUL
20,Proverbs,26,23,Proverbs 26:23,13,pessimo,,,,Clementine,VUL
20,Proverbs,26,23,Proverbs 26:23,14,corde,,,,Clementine,VUL
20,Proverbs,26,23,Proverbs 26:23,15,sociata.,,,,Clementine,VUL
20,Proverbs,26,24,Proverbs 26:24,1,Labiis,,,,Clementine,VUL
20,Proverbs,26,24,Proverbs 26:24,2,suis,,,,Clementine,VUL
20,Proverbs,26,24,Proverbs 26:24,3,intelligitur,,,,Clementine,VUL
20,Proverbs,26,24,Proverbs 26:24,4,"inimicus,",,,,Clementine,VUL
20,Proverbs,26,24,Proverbs 26:24,5,cum,,,,Clementine,VUL
20,Proverbs,26,24,Proverbs 26:24,6,in,,,,Clementine,VUL
20,Proverbs,26,24,Proverbs 26:24,7,corde,,,,Clementine,VUL
20,Proverbs,26,24,Proverbs 26:24,8,tractaverit,,,,Clementine,VUL
20,Proverbs,26,24,Proverbs 26:24,9,dolos.,,,,Clementine,VUL
20,Proverbs,26,25,Proverbs 26:25,1,Quando,,,,Clementine,VUL
20,Proverbs,26,25,Proverbs 26:25,2,submiserit,,,,Clementine,VUL
20,Proverbs,26,25,Proverbs 26:25,3,vocem,,,,Clementine,VUL
20,Proverbs,26,25,Proverbs 26:25,4,"suam,",,,,Clementine,VUL
20,Proverbs,26,25,Proverbs 26:25,5,ne,,,,Clementine,VUL
20,Proverbs,26,25,Proverbs 26:25,6,credideris,,,,Clementine,VUL
20,Proverbs,26,25,Proverbs 26:25,7,"ei,",,,,Clementine,VUL
20,Proverbs,26,25,Proverbs 26:25,8,quoniam,,,,Clementine,VUL
20,Proverbs,26,25,Proverbs 26:25,9,septem,,,,Clementine,VUL
20,Proverbs,26,25,Proverbs 26:25,10,nequitiæ,,,,Clementine,VUL
20,Proverbs,26,25,Proverbs 26:25,11,sunt,,,,Clementine,VUL
20,Proverbs,26,25,Proverbs 26:25,12,in,,,,Clementine,VUL
20,Proverbs,26,25,Proverbs 26:25,13,corde,,,,Clementine,VUL
20,Proverbs,26,25,Proverbs 26:25,14,illius.,,,,Clementine,VUL
20,Proverbs,26,26,Proverbs 26:26,1,Qui,,,,Clementine,VUL
20,Proverbs,26,26,Proverbs 26:26,2,operit,,,,Clementine,VUL
20,Proverbs,26,26,Proverbs 26:26,3,odium,,,,Clementine,VUL
20,Proverbs,26,26,Proverbs 26:26,4,"fraudulenter,",,,,Clementine,VUL
20,Proverbs,26,26,Proverbs 26:26,5,revelabitur,,,,Clementine,VUL
20,Proverbs,26,26,Proverbs 26:26,6,malitia,,,,Clementine,VUL
20,Proverbs,26,26,Proverbs 26:26,7,ejus,,,,Clementine,VUL
20,Proverbs,26,26,Proverbs 26:26,8,in,,,,Clementine,VUL
20,Proverbs,26,26,Proverbs 26:26,9,consilio.,,,,Clementine,VUL
20,Proverbs,26,27,Proverbs 26:27,1,Qui,,,,Clementine,VUL
20,Proverbs,26,27,Proverbs 26:27,2,fodit,,,,Clementine,VUL
20,Proverbs,26,27,Proverbs 26:27,3,foveam,,,,Clementine,VUL
20,Proverbs,26,27,Proverbs 26:27,4,incidet,,,,Clementine,VUL
20,Proverbs,26,27,Proverbs 26:27,5,in,,,,Clementine,VUL
20,Proverbs,26,27,Proverbs 26:27,6,"eam,",,,,Clementine,VUL
20,Proverbs,26,27,Proverbs 26:27,7,et,,,,Clementine,VUL
20,Proverbs,26,27,Proverbs 26:27,8,qui,,,,Clementine,VUL
20,Proverbs,26,27,Proverbs 26:27,9,volvit,,,,Clementine,VUL
20,Proverbs,26,27,Proverbs 26:27,10,lapidem,,,,Clementine,VUL
20,Proverbs,26,27,Proverbs 26:27,11,revertetur,,,,Clementine,VUL
20,Proverbs,26,27,Proverbs 26:27,12,ad,,,,Clementine,VUL
20,Proverbs,26,27,Proverbs 26:27,13,eum.,,,,Clementine,VUL
20,Proverbs,26,28,Proverbs 26:28,1,Lingua,,,,Clementine,VUL
20,Proverbs,26,28,Proverbs 26:28,2,fallax,,,,Clementine,VUL
20,Proverbs,26,28,Proverbs 26:28,3,non,,,,Clementine,VUL
20,Proverbs,26,28,Proverbs 26:28,4,amat,,,,Clementine,VUL
20,Proverbs,26,28,Proverbs 26:28,5,"veritatem,",,,,Clementine,VUL
20,Proverbs,26,28,Proverbs 26:28,6,et,,,,Clementine,VUL
20,Proverbs,26,28,Proverbs 26:28,7,os,,,,Clementine,VUL
20,Proverbs,26,28,Proverbs 26:28,8,lubricum,,,,Clementine,VUL
20,Proverbs,26,28,Proverbs 26:28,9,operatur,,,,Clementine,VUL
20,Proverbs,26,28,Proverbs 26:28,10,ruinas.,,,,Clementine,VUL
20,Proverbs,27,1,Proverbs 27:1,1,Ne,,,,Clementine,VUL
20,Proverbs,27,1,Proverbs 27:1,2,glorieris,,,,Clementine,VUL
20,Proverbs,27,1,Proverbs 27:1,3,in,,,,Clementine,VUL
20,Proverbs,27,1,Proverbs 27:1,4,"crastinum,",,,,Clementine,VUL
20,Proverbs,27,1,Proverbs 27:1,5,ignorans,,,,Clementine,VUL
20,Proverbs,27,1,Proverbs 27:1,6,quid,,,,Clementine,VUL
20,Proverbs,27,1,Proverbs 27:1,7,superventura,,,,Clementine,VUL
20,Proverbs,27,1,Proverbs 27:1,8,pariat,,,,Clementine,VUL
20,Proverbs,27,1,Proverbs 27:1,9,dies.,,,,Clementine,VUL
20,Proverbs,27,2,Proverbs 27:2,1,Laudet,,,,Clementine,VUL
20,Proverbs,27,2,Proverbs 27:2,2,te,,,,Clementine,VUL
20,Proverbs,27,2,Proverbs 27:2,3,"alienus,",,,,Clementine,VUL
20,Proverbs,27,2,Proverbs 27:2,4,et,,,,Clementine,VUL
20,Proverbs,27,2,Proverbs 27:2,5,non,,,,Clementine,VUL
20,Proverbs,27,2,Proverbs 27:2,6,os,,,,Clementine,VUL
20,Proverbs,27,2,Proverbs 27:2,7,tuum,,,,Clementine,VUL
20,Proverbs,27,2,Proverbs 27:2,8,;,,,,Clementine,VUL
20,Proverbs,27,2,Proverbs 27:2,9,"extraneus,",,,,Clementine,VUL
20,Proverbs,27,2,Proverbs 27:2,10,et,,,,Clementine,VUL
20,Proverbs,27,2,Proverbs 27:2,11,non,,,,Clementine,VUL
20,Proverbs,27,2,Proverbs 27:2,12,labia,,,,Clementine,VUL
20,Proverbs,27,2,Proverbs 27:2,13,tua.,,,,Clementine,VUL
20,Proverbs,27,3,Proverbs 27:3,1,Grave,,,,Clementine,VUL
20,Proverbs,27,3,Proverbs 27:3,2,est,,,,Clementine,VUL
20,Proverbs,27,3,Proverbs 27:3,3,"saxum,",,,,Clementine,VUL
20,Proverbs,27,3,Proverbs 27:3,4,et,,,,Clementine,VUL
20,Proverbs,27,3,Proverbs 27:3,5,onerosa,,,,Clementine,VUL
20,Proverbs,27,3,Proverbs 27:3,6,"arena,",,,,Clementine,VUL
20,Proverbs,27,3,Proverbs 27:3,7,sed,,,,Clementine,VUL
20,Proverbs,27,3,Proverbs 27:3,8,ira,,,,Clementine,VUL
20,Proverbs,27,3,Proverbs 27:3,9,stulti,,,,Clementine,VUL
20,Proverbs,27,3,Proverbs 27:3,10,utroque,,,,Clementine,VUL
20,Proverbs,27,3,Proverbs 27:3,11,gravior.,,,,Clementine,VUL
20,Proverbs,27,4,Proverbs 27:4,1,Ira,,,,Clementine,VUL
20,Proverbs,27,4,Proverbs 27:4,2,non,,,,Clementine,VUL
20,Proverbs,27,4,Proverbs 27:4,3,habet,,,,Clementine,VUL
20,Proverbs,27,4,Proverbs 27:4,4,misericordiam,,,,Clementine,VUL
20,Proverbs,27,4,Proverbs 27:4,5,nec,,,,Clementine,VUL
20,Proverbs,27,4,Proverbs 27:4,6,erumpens,,,,Clementine,VUL
20,Proverbs,27,4,Proverbs 27:4,7,"furor,",,,,Clementine,VUL
20,Proverbs,27,4,Proverbs 27:4,8,et,,,,Clementine,VUL
20,Proverbs,27,4,Proverbs 27:4,9,impetum,,,,Clementine,VUL
20,Proverbs,27,4,Proverbs 27:4,10,concitati,,,,Clementine,VUL
20,Proverbs,27,4,Proverbs 27:4,11,ferre,,,,Clementine,VUL
20,Proverbs,27,4,Proverbs 27:4,12,quis,,,,Clementine,VUL
20,Proverbs,27,4,Proverbs 27:4,13,poterit,,,,Clementine,VUL
20,Proverbs,27,4,Proverbs 27:4,14,?,,,,Clementine,VUL
20,Proverbs,27,5,Proverbs 27:5,1,Melior,,,,Clementine,VUL
20,Proverbs,27,5,Proverbs 27:5,2,est,,,,Clementine,VUL
20,Proverbs,27,5,Proverbs 27:5,3,manifesta,,,,Clementine,VUL
20,Proverbs,27,5,Proverbs 27:5,4,correptio,,,,Clementine,VUL
20,Proverbs,27,5,Proverbs 27:5,5,quam,,,,Clementine,VUL
20,Proverbs,27,5,Proverbs 27:5,6,amor,,,,Clementine,VUL
20,Proverbs,27,5,Proverbs 27:5,7,absconditus.,,,,Clementine,VUL
20,Proverbs,27,6,Proverbs 27:6,1,Meliora,,,,Clementine,VUL
20,Proverbs,27,6,Proverbs 27:6,2,sunt,,,,Clementine,VUL
20,Proverbs,27,6,Proverbs 27:6,3,vulnera,,,,Clementine,VUL
20,Proverbs,27,6,Proverbs 27:6,4,diligentis,,,,Clementine,VUL
20,Proverbs,27,6,Proverbs 27:6,5,quam,,,,Clementine,VUL
20,Proverbs,27,6,Proverbs 27:6,6,fraudulenta,,,,Clementine,VUL
20,Proverbs,27,6,Proverbs 27:6,7,oscula,,,,Clementine,VUL
20,Proverbs,27,6,Proverbs 27:6,8,odientis.,,,,Clementine,VUL
20,Proverbs,27,7,Proverbs 27:7,1,Anima,,,,Clementine,VUL
20,Proverbs,27,7,Proverbs 27:7,2,saturata,,,,Clementine,VUL
20,Proverbs,27,7,Proverbs 27:7,3,calcabit,,,,Clementine,VUL
20,Proverbs,27,7,Proverbs 27:7,4,"favum,",,,,Clementine,VUL
20,Proverbs,27,7,Proverbs 27:7,5,et,,,,Clementine,VUL
20,Proverbs,27,7,Proverbs 27:7,6,anima,,,,Clementine,VUL
20,Proverbs,27,7,Proverbs 27:7,7,esuriens,,,,Clementine,VUL
20,Proverbs,27,7,Proverbs 27:7,8,etiam,,,,Clementine,VUL
20,Proverbs,27,7,Proverbs 27:7,9,amarum,,,,Clementine,VUL
20,Proverbs,27,7,Proverbs 27:7,10,pro,,,,Clementine,VUL
20,Proverbs,27,7,Proverbs 27:7,11,dulci,,,,Clementine,VUL
20,Proverbs,27,7,Proverbs 27:7,12,sumet.,,,,Clementine,VUL
20,Proverbs,27,8,Proverbs 27:8,1,Sicut,,,,Clementine,VUL
20,Proverbs,27,8,Proverbs 27:8,2,avis,,,,Clementine,VUL
20,Proverbs,27,8,Proverbs 27:8,3,transmigrans,,,,Clementine,VUL
20,Proverbs,27,8,Proverbs 27:8,4,de,,,,Clementine,VUL
20,Proverbs,27,8,Proverbs 27:8,5,nido,,,,Clementine,VUL
20,Proverbs,27,8,Proverbs 27:8,6,"suo,",,,,Clementine,VUL
20,Proverbs,27,8,Proverbs 27:8,7,sic,,,,Clementine,VUL
20,Proverbs,27,8,Proverbs 27:8,8,vir,,,,Clementine,VUL
20,Proverbs,27,8,Proverbs 27:8,9,qui,,,,Clementine,VUL
20,Proverbs,27,8,Proverbs 27:8,10,derelinquit,,,,Clementine,VUL
20,Proverbs,27,8,Proverbs 27:8,11,locum,,,,Clementine,VUL
20,Proverbs,27,8,Proverbs 27:8,12,suum.,,,,Clementine,VUL
20,Proverbs,27,9,Proverbs 27:9,1,Unguento,,,,Clementine,VUL
20,Proverbs,27,9,Proverbs 27:9,2,et,,,,Clementine,VUL
20,Proverbs,27,9,Proverbs 27:9,3,variis,,,,Clementine,VUL
20,Proverbs,27,9,Proverbs 27:9,4,odoribus,,,,Clementine,VUL
20,Proverbs,27,9,Proverbs 27:9,5,delectatur,,,,Clementine,VUL
20,Proverbs,27,9,Proverbs 27:9,6,"cor,",,,,Clementine,VUL
20,Proverbs,27,9,Proverbs 27:9,7,et,,,,Clementine,VUL
20,Proverbs,27,9,Proverbs 27:9,8,bonis,,,,Clementine,VUL
20,Proverbs,27,9,Proverbs 27:9,9,amici,,,,Clementine,VUL
20,Proverbs,27,9,Proverbs 27:9,10,consiliis,,,,Clementine,VUL
20,Proverbs,27,9,Proverbs 27:9,11,anima,,,,Clementine,VUL
20,Proverbs,27,9,Proverbs 27:9,12,dulcoratur.,,,,Clementine,VUL
20,Proverbs,27,10,Proverbs 27:10,1,Amicum,,,,Clementine,VUL
20,Proverbs,27,10,Proverbs 27:10,2,tuum,,,,Clementine,VUL
20,Proverbs,27,10,Proverbs 27:10,3,et,,,,Clementine,VUL
20,Proverbs,27,10,Proverbs 27:10,4,amicum,,,,Clementine,VUL
20,Proverbs,27,10,Proverbs 27:10,5,patris,,,,Clementine,VUL
20,Proverbs,27,10,Proverbs 27:10,6,tui,,,,Clementine,VUL
20,Proverbs,27,10,Proverbs 27:10,7,ne,,,,Clementine,VUL
20,Proverbs,27,10,Proverbs 27:10,8,"dimiseris,",,,,Clementine,VUL
20,Proverbs,27,10,Proverbs 27:10,9,et,,,,Clementine,VUL
20,Proverbs,27,10,Proverbs 27:10,10,domum,,,,Clementine,VUL
20,Proverbs,27,10,Proverbs 27:10,11,fratris,,,,Clementine,VUL
20,Proverbs,27,10,Proverbs 27:10,12,tui,,,,Clementine,VUL
20,Proverbs,27,10,Proverbs 27:10,13,ne,,,,Clementine,VUL
20,Proverbs,27,10,Proverbs 27:10,14,ingrediaris,,,,Clementine,VUL
20,Proverbs,27,10,Proverbs 27:10,15,in,,,,Clementine,VUL
20,Proverbs,27,10,Proverbs 27:10,16,die,,,,Clementine,VUL
20,Proverbs,27,10,Proverbs 27:10,17,afflictionis,,,,Clementine,VUL
20,Proverbs,27,10,Proverbs 27:10,18,tuæ.,,,,Clementine,VUL
20,Proverbs,27,10,Proverbs 27:10,19,Melior,,,,Clementine,VUL
20,Proverbs,27,10,Proverbs 27:10,20,est,,,,Clementine,VUL
20,Proverbs,27,10,Proverbs 27:10,21,vicinus,,,,Clementine,VUL
20,Proverbs,27,10,Proverbs 27:10,22,juxta,,,,Clementine,VUL
20,Proverbs,27,10,Proverbs 27:10,23,quam,,,,Clementine,VUL
20,Proverbs,27,10,Proverbs 27:10,24,frater,,,,Clementine,VUL
20,Proverbs,27,10,Proverbs 27:10,25,procul.,,,,Clementine,VUL
20,Proverbs,27,11,Proverbs 27:11,1,Stude,,,,Clementine,VUL
20,Proverbs,27,11,Proverbs 27:11,2,"sapientiæ,",,,,Clementine,VUL
20,Proverbs,27,11,Proverbs 27:11,3,fili,,,,Clementine,VUL
20,Proverbs,27,11,Proverbs 27:11,4,"mi,",,,,Clementine,VUL
20,Proverbs,27,11,Proverbs 27:11,5,et,,,,Clementine,VUL
20,Proverbs,27,11,Proverbs 27:11,6,lætifica,,,,Clementine,VUL
20,Proverbs,27,11,Proverbs 27:11,7,cor,,,,Clementine,VUL
20,Proverbs,27,11,Proverbs 27:11,8,"meum,",,,,Clementine,VUL
20,Proverbs,27,11,Proverbs 27:11,9,ut,,,,Clementine,VUL
20,Proverbs,27,11,Proverbs 27:11,10,possis,,,,Clementine,VUL
20,Proverbs,27,11,Proverbs 27:11,11,exprobranti,,,,Clementine,VUL
20,Proverbs,27,11,Proverbs 27:11,12,respondere,,,,Clementine,VUL
20,Proverbs,27,11,Proverbs 27:11,13,sermonem.,,,,Clementine,VUL
20,Proverbs,27,12,Proverbs 27:12,1,Astutus,,,,Clementine,VUL
20,Proverbs,27,12,Proverbs 27:12,2,videns,,,,Clementine,VUL
20,Proverbs,27,12,Proverbs 27:12,3,"malum,",,,,Clementine,VUL
20,Proverbs,27,12,Proverbs 27:12,4,absconditus,,,,Clementine,VUL
20,Proverbs,27,12,Proverbs 27:12,5,est,,,,Clementine,VUL
20,Proverbs,27,12,Proverbs 27:12,6,:,,,,Clementine,VUL
20,Proverbs,27,12,Proverbs 27:12,7,parvuli,,,,Clementine,VUL
20,Proverbs,27,12,Proverbs 27:12,8,transeuntes,,,,Clementine,VUL
20,Proverbs,27,12,Proverbs 27:12,9,sustinuerunt,,,,Clementine,VUL
20,Proverbs,27,12,Proverbs 27:12,10,dispendia.,,,,Clementine,VUL
20,Proverbs,27,13,Proverbs 27:13,1,Tolle,,,,Clementine,VUL
20,Proverbs,27,13,Proverbs 27:13,2,vestimentum,,,,Clementine,VUL
20,Proverbs,27,13,Proverbs 27:13,3,ejus,,,,Clementine,VUL
20,Proverbs,27,13,Proverbs 27:13,4,qui,,,,Clementine,VUL
20,Proverbs,27,13,Proverbs 27:13,5,spopondit,,,,Clementine,VUL
20,Proverbs,27,13,Proverbs 27:13,6,pro,,,,Clementine,VUL
20,Proverbs,27,13,Proverbs 27:13,7,"extraneo,",,,,Clementine,VUL
20,Proverbs,27,13,Proverbs 27:13,8,et,,,,Clementine,VUL
20,Proverbs,27,13,Proverbs 27:13,9,pro,,,,Clementine,VUL
20,Proverbs,27,13,Proverbs 27:13,10,alienis,,,,Clementine,VUL
20,Proverbs,27,13,Proverbs 27:13,11,aufer,,,,Clementine,VUL
20,Proverbs,27,13,Proverbs 27:13,12,ei,,,,Clementine,VUL
20,Proverbs,27,13,Proverbs 27:13,13,pignus.,,,,Clementine,VUL
20,Proverbs,27,14,Proverbs 27:14,1,Qui,,,,Clementine,VUL
20,Proverbs,27,14,Proverbs 27:14,2,benedicit,,,,Clementine,VUL
20,Proverbs,27,14,Proverbs 27:14,3,proximo,,,,Clementine,VUL
20,Proverbs,27,14,Proverbs 27:14,4,suo,,,,Clementine,VUL
20,Proverbs,27,14,Proverbs 27:14,5,voce,,,,Clementine,VUL
20,Proverbs,27,14,Proverbs 27:14,6,"grandi,",,,,Clementine,VUL
20,Proverbs,27,14,Proverbs 27:14,7,de,,,,Clementine,VUL
20,Proverbs,27,14,Proverbs 27:14,8,nocte,,,,Clementine,VUL
20,Proverbs,27,14,Proverbs 27:14,9,consurgens,,,,Clementine,VUL
20,Proverbs,27,14,Proverbs 27:14,10,maledicenti,,,,Clementine,VUL
20,Proverbs,27,14,Proverbs 27:14,11,similis,,,,Clementine,VUL
20,Proverbs,27,14,Proverbs 27:14,12,erit.,,,,Clementine,VUL
20,Proverbs,27,15,Proverbs 27:15,1,Tecta,,,,Clementine,VUL
20,Proverbs,27,15,Proverbs 27:15,2,perstillantia,,,,Clementine,VUL
20,Proverbs,27,15,Proverbs 27:15,3,in,,,,Clementine,VUL
20,Proverbs,27,15,Proverbs 27:15,4,die,,,,Clementine,VUL
20,Proverbs,27,15,Proverbs 27:15,5,frigoris,,,,Clementine,VUL
20,Proverbs,27,15,Proverbs 27:15,6,et,,,,Clementine,VUL
20,Proverbs,27,15,Proverbs 27:15,7,litigiosa,,,,Clementine,VUL
20,Proverbs,27,15,Proverbs 27:15,8,mulier,,,,Clementine,VUL
20,Proverbs,27,15,Proverbs 27:15,9,comparantur.,,,,Clementine,VUL
20,Proverbs,27,16,Proverbs 27:16,1,Qui,,,,Clementine,VUL
20,Proverbs,27,16,Proverbs 27:16,2,retinet,,,,Clementine,VUL
20,Proverbs,27,16,Proverbs 27:16,3,eam,,,,Clementine,VUL
20,Proverbs,27,16,Proverbs 27:16,4,quasi,,,,Clementine,VUL
20,Proverbs,27,16,Proverbs 27:16,5,qui,,,,Clementine,VUL
20,Proverbs,27,16,Proverbs 27:16,6,ventum,,,,Clementine,VUL
20,Proverbs,27,16,Proverbs 27:16,7,"teneat,",,,,Clementine,VUL
20,Proverbs,27,16,Proverbs 27:16,8,et,,,,Clementine,VUL
20,Proverbs,27,16,Proverbs 27:16,9,oleum,,,,Clementine,VUL
20,Proverbs,27,16,Proverbs 27:16,10,dexteræ,,,,Clementine,VUL
20,Proverbs,27,16,Proverbs 27:16,11,suæ,,,,Clementine,VUL
20,Proverbs,27,16,Proverbs 27:16,12,vocabit.,,,,Clementine,VUL
20,Proverbs,27,17,Proverbs 27:17,1,Ferrum,,,,Clementine,VUL
20,Proverbs,27,17,Proverbs 27:17,2,ferro,,,,Clementine,VUL
20,Proverbs,27,17,Proverbs 27:17,3,"exacuitur,",,,,Clementine,VUL
20,Proverbs,27,17,Proverbs 27:17,4,et,,,,Clementine,VUL
20,Proverbs,27,17,Proverbs 27:17,5,homo,,,,Clementine,VUL
20,Proverbs,27,17,Proverbs 27:17,6,exacuit,,,,Clementine,VUL
20,Proverbs,27,17,Proverbs 27:17,7,faciem,,,,Clementine,VUL
20,Proverbs,27,17,Proverbs 27:17,8,amici,,,,Clementine,VUL
20,Proverbs,27,17,Proverbs 27:17,9,sui.,,,,Clementine,VUL
20,Proverbs,27,18,Proverbs 27:18,1,Qui,,,,Clementine,VUL
20,Proverbs,27,18,Proverbs 27:18,2,servat,,,,Clementine,VUL
20,Proverbs,27,18,Proverbs 27:18,3,ficum,,,,Clementine,VUL
20,Proverbs,27,18,Proverbs 27:18,4,comedet,,,,Clementine,VUL
20,Proverbs,27,18,Proverbs 27:18,5,fructus,,,,Clementine,VUL
20,Proverbs,27,18,Proverbs 27:18,6,"ejus,",,,,Clementine,VUL
20,Proverbs,27,18,Proverbs 27:18,7,et,,,,Clementine,VUL
20,Proverbs,27,18,Proverbs 27:18,8,qui,,,,Clementine,VUL
20,Proverbs,27,18,Proverbs 27:18,9,custos,,,,Clementine,VUL
20,Proverbs,27,18,Proverbs 27:18,10,est,,,,Clementine,VUL
20,Proverbs,27,18,Proverbs 27:18,11,domini,,,,Clementine,VUL
20,Proverbs,27,18,Proverbs 27:18,12,sui,,,,Clementine,VUL
20,Proverbs,27,18,Proverbs 27:18,13,glorificabitur.,,,,Clementine,VUL
20,Proverbs,27,19,Proverbs 27:19,1,Quomodo,,,,Clementine,VUL
20,Proverbs,27,19,Proverbs 27:19,2,in,,,,Clementine,VUL
20,Proverbs,27,19,Proverbs 27:19,3,aquis,,,,Clementine,VUL
20,Proverbs,27,19,Proverbs 27:19,4,resplendent,,,,Clementine,VUL
20,Proverbs,27,19,Proverbs 27:19,5,vultus,,,,Clementine,VUL
20,Proverbs,27,19,Proverbs 27:19,6,"prospicientium,",,,,Clementine,VUL
20,Proverbs,27,19,Proverbs 27:19,7,sic,,,,Clementine,VUL
20,Proverbs,27,19,Proverbs 27:19,8,corda,,,,Clementine,VUL
20,Proverbs,27,19,Proverbs 27:19,9,hominum,,,,Clementine,VUL
20,Proverbs,27,19,Proverbs 27:19,10,manifesta,,,,Clementine,VUL
20,Proverbs,27,19,Proverbs 27:19,11,sunt,,,,Clementine,VUL
20,Proverbs,27,19,Proverbs 27:19,12,prudentibus.,,,,Clementine,VUL
20,Proverbs,27,20,Proverbs 27:20,1,Infernus,,,,Clementine,VUL
20,Proverbs,27,20,Proverbs 27:20,2,et,,,,Clementine,VUL
20,Proverbs,27,20,Proverbs 27:20,3,perditio,,,,Clementine,VUL
20,Proverbs,27,20,Proverbs 27:20,4,numquam,,,,Clementine,VUL
20,Proverbs,27,20,Proverbs 27:20,5,implentur,,,,Clementine,VUL
20,Proverbs,27,20,Proverbs 27:20,6,:,,,,Clementine,VUL
20,Proverbs,27,20,Proverbs 27:20,7,similiter,,,,Clementine,VUL
20,Proverbs,27,20,Proverbs 27:20,8,et,,,,Clementine,VUL
20,Proverbs,27,20,Proverbs 27:20,9,oculi,,,,Clementine,VUL
20,Proverbs,27,20,Proverbs 27:20,10,hominum,,,,Clementine,VUL
20,Proverbs,27,20,Proverbs 27:20,11,insatiabiles.,,,,Clementine,VUL
20,Proverbs,27,21,Proverbs 27:21,1,Quomodo,,,,Clementine,VUL
20,Proverbs,27,21,Proverbs 27:21,2,probatur,,,,Clementine,VUL
20,Proverbs,27,21,Proverbs 27:21,3,in,,,,Clementine,VUL
20,Proverbs,27,21,Proverbs 27:21,4,conflatorio,,,,Clementine,VUL
20,Proverbs,27,21,Proverbs 27:21,5,argentum,,,,Clementine,VUL
20,Proverbs,27,21,Proverbs 27:21,6,et,,,,Clementine,VUL
20,Proverbs,27,21,Proverbs 27:21,7,in,,,,Clementine,VUL
20,Proverbs,27,21,Proverbs 27:21,8,fornace,,,,Clementine,VUL
20,Proverbs,27,21,Proverbs 27:21,9,"aurum,",,,,Clementine,VUL
20,Proverbs,27,21,Proverbs 27:21,10,sic,,,,Clementine,VUL
20,Proverbs,27,21,Proverbs 27:21,11,probatur,,,,Clementine,VUL
20,Proverbs,27,21,Proverbs 27:21,12,homo,,,,Clementine,VUL
20,Proverbs,27,21,Proverbs 27:21,13,ore,,,,Clementine,VUL
20,Proverbs,27,21,Proverbs 27:21,14,laudantis.,,,,Clementine,VUL
20,Proverbs,27,21,Proverbs 27:21,15,Cor,,,,Clementine,VUL
20,Proverbs,27,21,Proverbs 27:21,16,iniqui,,,,Clementine,VUL
20,Proverbs,27,21,Proverbs 27:21,17,inquirit,,,,Clementine,VUL
20,Proverbs,27,21,Proverbs 27:21,18,"mala,",,,,Clementine,VUL
20,Proverbs,27,21,Proverbs 27:21,19,cor,,,,Clementine,VUL
20,Proverbs,27,21,Proverbs 27:21,20,autem,,,,Clementine,VUL
20,Proverbs,27,21,Proverbs 27:21,21,rectum,,,,Clementine,VUL
20,Proverbs,27,21,Proverbs 27:21,22,inquirit,,,,Clementine,VUL
20,Proverbs,27,21,Proverbs 27:21,23,scientiam.,,,,Clementine,VUL
20,Proverbs,27,22,Proverbs 27:22,1,Si,,,,Clementine,VUL
20,Proverbs,27,22,Proverbs 27:22,2,contuderis,,,,Clementine,VUL
20,Proverbs,27,22,Proverbs 27:22,3,stultum,,,,Clementine,VUL
20,Proverbs,27,22,Proverbs 27:22,4,in,,,,Clementine,VUL
20,Proverbs,27,22,Proverbs 27:22,5,pila,,,,Clementine,VUL
20,Proverbs,27,22,Proverbs 27:22,6,quasi,,,,Clementine,VUL
20,Proverbs,27,22,Proverbs 27:22,7,ptisanas,,,,Clementine,VUL
20,Proverbs,27,22,Proverbs 27:22,8,feriente,,,,Clementine,VUL
20,Proverbs,27,22,Proverbs 27:22,9,desuper,,,,Clementine,VUL
20,Proverbs,27,22,Proverbs 27:22,10,"pilo,",,,,Clementine,VUL
20,Proverbs,27,22,Proverbs 27:22,11,non,,,,Clementine,VUL
20,Proverbs,27,22,Proverbs 27:22,12,auferetur,,,,Clementine,VUL
20,Proverbs,27,22,Proverbs 27:22,13,ab,,,,Clementine,VUL
20,Proverbs,27,22,Proverbs 27:22,14,eo,,,,Clementine,VUL
20,Proverbs,27,22,Proverbs 27:22,15,stultitia,,,,Clementine,VUL
20,Proverbs,27,22,Proverbs 27:22,16,ejus.,,,,Clementine,VUL
20,Proverbs,27,23,Proverbs 27:23,1,Diligenter,,,,Clementine,VUL
20,Proverbs,27,23,Proverbs 27:23,2,agnosce,,,,Clementine,VUL
20,Proverbs,27,23,Proverbs 27:23,3,vultum,,,,Clementine,VUL
20,Proverbs,27,23,Proverbs 27:23,4,pecoris,,,,Clementine,VUL
20,Proverbs,27,23,Proverbs 27:23,5,"tui,",,,,Clementine,VUL
20,Proverbs,27,23,Proverbs 27:23,6,tuosque,,,,Clementine,VUL
20,Proverbs,27,23,Proverbs 27:23,7,greges,,,,Clementine,VUL
20,Proverbs,27,23,Proverbs 27:23,8,considera,,,,Clementine,VUL
20,Proverbs,27,23,Proverbs 27:23,9,:,,,,Clementine,VUL
20,Proverbs,27,24,Proverbs 27:24,1,non,,,,Clementine,VUL
20,Proverbs,27,24,Proverbs 27:24,2,enim,,,,Clementine,VUL
20,Proverbs,27,24,Proverbs 27:24,3,habebis,,,,Clementine,VUL
20,Proverbs,27,24,Proverbs 27:24,4,jugiter,,,,Clementine,VUL
20,Proverbs,27,24,Proverbs 27:24,5,"potestatem,",,,,Clementine,VUL
20,Proverbs,27,24,Proverbs 27:24,6,sed,,,,Clementine,VUL
20,Proverbs,27,24,Proverbs 27:24,7,corona,,,,Clementine,VUL
20,Proverbs,27,24,Proverbs 27:24,8,tribuetur,,,,Clementine,VUL
20,Proverbs,27,24,Proverbs 27:24,9,in,,,,Clementine,VUL
20,Proverbs,27,24,Proverbs 27:24,10,generationem,,,,Clementine,VUL
20,Proverbs,27,24,Proverbs 27:24,11,et,,,,Clementine,VUL
20,Proverbs,27,24,Proverbs 27:24,12,generationem.,,,,Clementine,VUL
20,Proverbs,27,25,Proverbs 27:25,1,Aperta,,,,Clementine,VUL
20,Proverbs,27,25,Proverbs 27:25,2,sunt,,,,Clementine,VUL
20,Proverbs,27,25,Proverbs 27:25,3,"prata,",,,,Clementine,VUL
20,Proverbs,27,25,Proverbs 27:25,4,et,,,,Clementine,VUL
20,Proverbs,27,25,Proverbs 27:25,5,apparuerunt,,,,Clementine,VUL
20,Proverbs,27,25,Proverbs 27:25,6,herbæ,,,,Clementine,VUL
20,Proverbs,27,25,Proverbs 27:25,7,"virentes,",,,,Clementine,VUL
20,Proverbs,27,25,Proverbs 27:25,8,et,,,,Clementine,VUL
20,Proverbs,27,25,Proverbs 27:25,9,collecta,,,,Clementine,VUL
20,Proverbs,27,25,Proverbs 27:25,10,sunt,,,,Clementine,VUL
20,Proverbs,27,25,Proverbs 27:25,11,fœna,,,,Clementine,VUL
20,Proverbs,27,25,Proverbs 27:25,12,de,,,,Clementine,VUL
20,Proverbs,27,25,Proverbs 27:25,13,montibus.,,,,Clementine,VUL
20,Proverbs,27,26,Proverbs 27:26,1,Agni,,,,Clementine,VUL
20,Proverbs,27,26,Proverbs 27:26,2,ad,,,,Clementine,VUL
20,Proverbs,27,26,Proverbs 27:26,3,vestimentum,,,,Clementine,VUL
20,Proverbs,27,26,Proverbs 27:26,4,"tuum,",,,,Clementine,VUL
20,Proverbs,27,26,Proverbs 27:26,5,et,,,,Clementine,VUL
20,Proverbs,27,26,Proverbs 27:26,6,hædi,,,,Clementine,VUL
20,Proverbs,27,26,Proverbs 27:26,7,ad,,,,Clementine,VUL
20,Proverbs,27,26,Proverbs 27:26,8,agri,,,,Clementine,VUL
20,Proverbs,27,26,Proverbs 27:26,9,pretium.,,,,Clementine,VUL
20,Proverbs,27,27,Proverbs 27:27,1,Sufficiat,,,,Clementine,VUL
20,Proverbs,27,27,Proverbs 27:27,2,tibi,,,,Clementine,VUL
20,Proverbs,27,27,Proverbs 27:27,3,lac,,,,Clementine,VUL
20,Proverbs,27,27,Proverbs 27:27,4,caprarum,,,,Clementine,VUL
20,Proverbs,27,27,Proverbs 27:27,5,in,,,,Clementine,VUL
20,Proverbs,27,27,Proverbs 27:27,6,cibos,,,,Clementine,VUL
20,Proverbs,27,27,Proverbs 27:27,7,"tuos,",,,,Clementine,VUL
20,Proverbs,27,27,Proverbs 27:27,8,et,,,,Clementine,VUL
20,Proverbs,27,27,Proverbs 27:27,9,in,,,,Clementine,VUL
20,Proverbs,27,27,Proverbs 27:27,10,necessaria,,,,Clementine,VUL
20,Proverbs,27,27,Proverbs 27:27,11,domus,,,,Clementine,VUL
20,Proverbs,27,27,Proverbs 27:27,12,"tuæ,",,,,Clementine,VUL
20,Proverbs,27,27,Proverbs 27:27,13,et,,,,Clementine,VUL
20,Proverbs,27,27,Proverbs 27:27,14,ad,,,,Clementine,VUL
20,Proverbs,27,27,Proverbs 27:27,15,victum,,,,Clementine,VUL
20,Proverbs,27,27,Proverbs 27:27,16,ancillis,,,,Clementine,VUL
20,Proverbs,27,27,Proverbs 27:27,17,tuis.,,,,Clementine,VUL
20,Proverbs,28,1,Proverbs 28:1,1,Fugit,,,,Clementine,VUL
20,Proverbs,28,1,Proverbs 28:1,2,impius,,,,Clementine,VUL
20,Proverbs,28,1,Proverbs 28:1,3,nemine,,,,Clementine,VUL
20,Proverbs,28,1,Proverbs 28:1,4,persequente,,,,Clementine,VUL
20,Proverbs,28,1,Proverbs 28:1,5,;,,,,Clementine,VUL
20,Proverbs,28,1,Proverbs 28:1,6,justus,,,,Clementine,VUL
20,Proverbs,28,1,Proverbs 28:1,7,"autem,",,,,Clementine,VUL
20,Proverbs,28,1,Proverbs 28:1,8,quasi,,,,Clementine,VUL
20,Proverbs,28,1,Proverbs 28:1,9,leo,,,,Clementine,VUL
20,Proverbs,28,1,Proverbs 28:1,10,"confidens,",,,,Clementine,VUL
20,Proverbs,28,1,Proverbs 28:1,11,absque,,,,Clementine,VUL
20,Proverbs,28,1,Proverbs 28:1,12,terrore,,,,Clementine,VUL
20,Proverbs,28,1,Proverbs 28:1,13,erit.,,,,Clementine,VUL
20,Proverbs,28,2,Proverbs 28:2,1,Propter,,,,Clementine,VUL
20,Proverbs,28,2,Proverbs 28:2,2,peccata,,,,Clementine,VUL
20,Proverbs,28,2,Proverbs 28:2,3,terræ,,,,Clementine,VUL
20,Proverbs,28,2,Proverbs 28:2,4,multi,,,,Clementine,VUL
20,Proverbs,28,2,Proverbs 28:2,5,principes,,,,Clementine,VUL
20,Proverbs,28,2,Proverbs 28:2,6,ejus,,,,Clementine,VUL
20,Proverbs,28,2,Proverbs 28:2,7,;,,,,Clementine,VUL
20,Proverbs,28,2,Proverbs 28:2,8,et,,,,Clementine,VUL
20,Proverbs,28,2,Proverbs 28:2,9,propter,,,,Clementine,VUL
20,Proverbs,28,2,Proverbs 28:2,10,hominis,,,,Clementine,VUL
20,Proverbs,28,2,Proverbs 28:2,11,"sapientiam,",,,,Clementine,VUL
20,Proverbs,28,2,Proverbs 28:2,12,et,,,,Clementine,VUL
20,Proverbs,28,2,Proverbs 28:2,13,horum,,,,Clementine,VUL
20,Proverbs,28,2,Proverbs 28:2,14,scientiam,,,,Clementine,VUL
20,Proverbs,28,2,Proverbs 28:2,15,quæ,,,,Clementine,VUL
20,Proverbs,28,2,Proverbs 28:2,16,"dicuntur,",,,,Clementine,VUL
20,Proverbs,28,2,Proverbs 28:2,17,vita,,,,Clementine,VUL
20,Proverbs,28,2,Proverbs 28:2,18,ducis,,,,Clementine,VUL
20,Proverbs,28,2,Proverbs 28:2,19,longior,,,,Clementine,VUL
20,Proverbs,28,2,Proverbs 28:2,20,erit.,,,,Clementine,VUL
20,Proverbs,28,3,Proverbs 28:3,1,Vir,,,,Clementine,VUL
20,Proverbs,28,3,Proverbs 28:3,2,pauper,,,,Clementine,VUL
20,Proverbs,28,3,Proverbs 28:3,3,calumnians,,,,Clementine,VUL
20,Proverbs,28,3,Proverbs 28:3,4,pauperes,,,,Clementine,VUL
20,Proverbs,28,3,Proverbs 28:3,5,similis,,,,Clementine,VUL
20,Proverbs,28,3,Proverbs 28:3,6,est,,,,Clementine,VUL
20,Proverbs,28,3,Proverbs 28:3,7,imbri,,,,Clementine,VUL
20,Proverbs,28,3,Proverbs 28:3,8,vehementi,,,,Clementine,VUL
20,Proverbs,28,3,Proverbs 28:3,9,in,,,,Clementine,VUL
20,Proverbs,28,3,Proverbs 28:3,10,quo,,,,Clementine,VUL
20,Proverbs,28,3,Proverbs 28:3,11,paratur,,,,Clementine,VUL
20,Proverbs,28,3,Proverbs 28:3,12,fames.,,,,Clementine,VUL
20,Proverbs,28,4,Proverbs 28:4,1,Qui,,,,Clementine,VUL
20,Proverbs,28,4,Proverbs 28:4,2,derelinquunt,,,,Clementine,VUL
20,Proverbs,28,4,Proverbs 28:4,3,legem,,,,Clementine,VUL
20,Proverbs,28,4,Proverbs 28:4,4,laudant,,,,Clementine,VUL
20,Proverbs,28,4,Proverbs 28:4,5,impium,,,,Clementine,VUL
20,Proverbs,28,4,Proverbs 28:4,6,;,,,,Clementine,VUL
20,Proverbs,28,4,Proverbs 28:4,7,qui,,,,Clementine,VUL
20,Proverbs,28,4,Proverbs 28:4,8,"custodiunt,",,,,Clementine,VUL
20,Proverbs,28,4,Proverbs 28:4,9,succenduntur,,,,Clementine,VUL
20,Proverbs,28,4,Proverbs 28:4,10,contra,,,,Clementine,VUL
20,Proverbs,28,4,Proverbs 28:4,11,eum.,,,,Clementine,VUL
20,Proverbs,28,5,Proverbs 28:5,1,Viri,,,,Clementine,VUL
20,Proverbs,28,5,Proverbs 28:5,2,mali,,,,Clementine,VUL
20,Proverbs,28,5,Proverbs 28:5,3,non,,,,Clementine,VUL
20,Proverbs,28,5,Proverbs 28:5,4,cogitant,,,,Clementine,VUL
20,Proverbs,28,5,Proverbs 28:5,5,judicium,,,,Clementine,VUL
20,Proverbs,28,5,Proverbs 28:5,6,;,,,,Clementine,VUL
20,Proverbs,28,5,Proverbs 28:5,7,qui,,,,Clementine,VUL
20,Proverbs,28,5,Proverbs 28:5,8,autem,,,,Clementine,VUL
20,Proverbs,28,5,Proverbs 28:5,9,inquirunt,,,,Clementine,VUL
20,Proverbs,28,5,Proverbs 28:5,10,Dominum,,,,Clementine,VUL
20,Proverbs,28,5,Proverbs 28:5,11,animadvertunt,,,,Clementine,VUL
20,Proverbs,28,5,Proverbs 28:5,12,omnia.,,,,Clementine,VUL
20,Proverbs,28,6,Proverbs 28:6,1,Melior,,,,Clementine,VUL
20,Proverbs,28,6,Proverbs 28:6,2,est,,,,Clementine,VUL
20,Proverbs,28,6,Proverbs 28:6,3,pauper,,,,Clementine,VUL
20,Proverbs,28,6,Proverbs 28:6,4,ambulans,,,,Clementine,VUL
20,Proverbs,28,6,Proverbs 28:6,5,in,,,,Clementine,VUL
20,Proverbs,28,6,Proverbs 28:6,6,simplicitate,,,,Clementine,VUL
20,Proverbs,28,6,Proverbs 28:6,7,sua,,,,Clementine,VUL
20,Proverbs,28,6,Proverbs 28:6,8,quam,,,,Clementine,VUL
20,Proverbs,28,6,Proverbs 28:6,9,dives,,,,Clementine,VUL
20,Proverbs,28,6,Proverbs 28:6,10,in,,,,Clementine,VUL
20,Proverbs,28,6,Proverbs 28:6,11,pravis,,,,Clementine,VUL
20,Proverbs,28,6,Proverbs 28:6,12,itineribus.,,,,Clementine,VUL
20,Proverbs,28,7,Proverbs 28:7,1,Qui,,,,Clementine,VUL
20,Proverbs,28,7,Proverbs 28:7,2,custodit,,,,Clementine,VUL
20,Proverbs,28,7,Proverbs 28:7,3,legem,,,,Clementine,VUL
20,Proverbs,28,7,Proverbs 28:7,4,filius,,,,Clementine,VUL
20,Proverbs,28,7,Proverbs 28:7,5,sapiens,,,,Clementine,VUL
20,Proverbs,28,7,Proverbs 28:7,6,est,,,,Clementine,VUL
20,Proverbs,28,7,Proverbs 28:7,7,;,,,,Clementine,VUL
20,Proverbs,28,7,Proverbs 28:7,8,qui,,,,Clementine,VUL
20,Proverbs,28,7,Proverbs 28:7,9,autem,,,,Clementine,VUL
20,Proverbs,28,7,Proverbs 28:7,10,comessatores,,,,Clementine,VUL
20,Proverbs,28,7,Proverbs 28:7,11,pascit,,,,Clementine,VUL
20,Proverbs,28,7,Proverbs 28:7,12,confundit,,,,Clementine,VUL
20,Proverbs,28,7,Proverbs 28:7,13,patrem,,,,Clementine,VUL
20,Proverbs,28,7,Proverbs 28:7,14,suum.,,,,Clementine,VUL
20,Proverbs,28,8,Proverbs 28:8,1,Qui,,,,Clementine,VUL
20,Proverbs,28,8,Proverbs 28:8,2,coacervat,,,,Clementine,VUL
20,Proverbs,28,8,Proverbs 28:8,3,divitias,,,,Clementine,VUL
20,Proverbs,28,8,Proverbs 28:8,4,usuris,,,,Clementine,VUL
20,Proverbs,28,8,Proverbs 28:8,5,et,,,,Clementine,VUL
20,Proverbs,28,8,Proverbs 28:8,6,"fœnore,",,,,Clementine,VUL
20,Proverbs,28,8,Proverbs 28:8,7,liberali,,,,Clementine,VUL
20,Proverbs,28,8,Proverbs 28:8,8,in,,,,Clementine,VUL
20,Proverbs,28,8,Proverbs 28:8,9,pauperes,,,,Clementine,VUL
20,Proverbs,28,8,Proverbs 28:8,10,congregat,,,,Clementine,VUL
20,Proverbs,28,8,Proverbs 28:8,11,eas.,,,,Clementine,VUL
20,Proverbs,28,9,Proverbs 28:9,1,Qui,,,,Clementine,VUL
20,Proverbs,28,9,Proverbs 28:9,2,declinat,,,,Clementine,VUL
20,Proverbs,28,9,Proverbs 28:9,3,aures,,,,Clementine,VUL
20,Proverbs,28,9,Proverbs 28:9,4,suas,,,,Clementine,VUL
20,Proverbs,28,9,Proverbs 28:9,5,ne,,,,Clementine,VUL
20,Proverbs,28,9,Proverbs 28:9,6,audiat,,,,Clementine,VUL
20,Proverbs,28,9,Proverbs 28:9,7,"legem,",,,,Clementine,VUL
20,Proverbs,28,9,Proverbs 28:9,8,oratio,,,,Clementine,VUL
20,Proverbs,28,9,Proverbs 28:9,9,ejus,,,,Clementine,VUL
20,Proverbs,28,9,Proverbs 28:9,10,erit,,,,Clementine,VUL
20,Proverbs,28,9,Proverbs 28:9,11,execrabilis.,,,,Clementine,VUL
20,Proverbs,28,10,Proverbs 28:10,1,Qui,,,,Clementine,VUL
20,Proverbs,28,10,Proverbs 28:10,2,decipit,,,,Clementine,VUL
20,Proverbs,28,10,Proverbs 28:10,3,justos,,,,Clementine,VUL
20,Proverbs,28,10,Proverbs 28:10,4,in,,,,Clementine,VUL
20,Proverbs,28,10,Proverbs 28:10,5,via,,,,Clementine,VUL
20,Proverbs,28,10,Proverbs 28:10,6,"mala,",,,,Clementine,VUL
20,Proverbs,28,10,Proverbs 28:10,7,in,,,,Clementine,VUL
20,Proverbs,28,10,Proverbs 28:10,8,interitu,,,,Clementine,VUL
20,Proverbs,28,10,Proverbs 28:10,9,suo,,,,Clementine,VUL
20,Proverbs,28,10,Proverbs 28:10,10,"corruet,",,,,Clementine,VUL
20,Proverbs,28,10,Proverbs 28:10,11,et,,,,Clementine,VUL
20,Proverbs,28,10,Proverbs 28:10,12,simplices,,,,Clementine,VUL
20,Proverbs,28,10,Proverbs 28:10,13,possidebunt,,,,Clementine,VUL
20,Proverbs,28,10,Proverbs 28:10,14,bona,,,,Clementine,VUL
20,Proverbs,28,10,Proverbs 28:10,15,ejus.,,,,Clementine,VUL
20,Proverbs,28,11,Proverbs 28:11,1,Sapiens,,,,Clementine,VUL
20,Proverbs,28,11,Proverbs 28:11,2,sibi,,,,Clementine,VUL
20,Proverbs,28,11,Proverbs 28:11,3,videtur,,,,Clementine,VUL
20,Proverbs,28,11,Proverbs 28:11,4,vir,,,,Clementine,VUL
20,Proverbs,28,11,Proverbs 28:11,5,dives,,,,Clementine,VUL
20,Proverbs,28,11,Proverbs 28:11,6,;,,,,Clementine,VUL
20,Proverbs,28,11,Proverbs 28:11,7,pauper,,,,Clementine,VUL
20,Proverbs,28,11,Proverbs 28:11,8,autem,,,,Clementine,VUL
20,Proverbs,28,11,Proverbs 28:11,9,prudens,,,,Clementine,VUL
20,Proverbs,28,11,Proverbs 28:11,10,scrutabitur,,,,Clementine,VUL
20,Proverbs,28,11,Proverbs 28:11,11,eum.,,,,Clementine,VUL
20,Proverbs,28,12,Proverbs 28:12,1,In,,,,Clementine,VUL
20,Proverbs,28,12,Proverbs 28:12,2,exsultatione,,,,Clementine,VUL
20,Proverbs,28,12,Proverbs 28:12,3,justorum,,,,Clementine,VUL
20,Proverbs,28,12,Proverbs 28:12,4,multa,,,,Clementine,VUL
20,Proverbs,28,12,Proverbs 28:12,5,gloria,,,,Clementine,VUL
20,Proverbs,28,12,Proverbs 28:12,6,est,,,,Clementine,VUL
20,Proverbs,28,12,Proverbs 28:12,7,;,,,,Clementine,VUL
20,Proverbs,28,12,Proverbs 28:12,8,regnantibus,,,,Clementine,VUL
20,Proverbs,28,12,Proverbs 28:12,9,"impiis,",,,,Clementine,VUL
20,Proverbs,28,12,Proverbs 28:12,10,ruinæ,,,,Clementine,VUL
20,Proverbs,28,12,Proverbs 28:12,11,hominum.,,,,Clementine,VUL
20,Proverbs,28,13,Proverbs 28:13,1,Qui,,,,Clementine,VUL
20,Proverbs,28,13,Proverbs 28:13,2,abscondit,,,,Clementine,VUL
20,Proverbs,28,13,Proverbs 28:13,3,scelera,,,,Clementine,VUL
20,Proverbs,28,13,Proverbs 28:13,4,sua,,,,Clementine,VUL
20,Proverbs,28,13,Proverbs 28:13,5,non,,,,Clementine,VUL
20,Proverbs,28,13,Proverbs 28:13,6,dirigetur,,,,Clementine,VUL
20,Proverbs,28,13,Proverbs 28:13,7,;,,,,Clementine,VUL
20,Proverbs,28,13,Proverbs 28:13,8,qui,,,,Clementine,VUL
20,Proverbs,28,13,Proverbs 28:13,9,autem,,,,Clementine,VUL
20,Proverbs,28,13,Proverbs 28:13,10,confessus,,,,Clementine,VUL
20,Proverbs,28,13,Proverbs 28:13,11,fuerit,,,,Clementine,VUL
20,Proverbs,28,13,Proverbs 28:13,12,et,,,,Clementine,VUL
20,Proverbs,28,13,Proverbs 28:13,13,reliquerit,,,,Clementine,VUL
20,Proverbs,28,13,Proverbs 28:13,14,"ea,",,,,Clementine,VUL
20,Proverbs,28,13,Proverbs 28:13,15,misericordiam,,,,Clementine,VUL
20,Proverbs,28,13,Proverbs 28:13,16,consequetur.,,,,Clementine,VUL
20,Proverbs,28,14,Proverbs 28:14,1,Beatus,,,,Clementine,VUL
20,Proverbs,28,14,Proverbs 28:14,2,homo,,,,Clementine,VUL
20,Proverbs,28,14,Proverbs 28:14,3,qui,,,,Clementine,VUL
20,Proverbs,28,14,Proverbs 28:14,4,semper,,,,Clementine,VUL
20,Proverbs,28,14,Proverbs 28:14,5,est,,,,Clementine,VUL
20,Proverbs,28,14,Proverbs 28:14,6,pavidus,,,,Clementine,VUL
20,Proverbs,28,14,Proverbs 28:14,7,;,,,,Clementine,VUL
20,Proverbs,28,14,Proverbs 28:14,8,qui,,,,Clementine,VUL
20,Proverbs,28,14,Proverbs 28:14,9,vero,,,,Clementine,VUL
20,Proverbs,28,14,Proverbs 28:14,10,mentis,,,,Clementine,VUL
20,Proverbs,28,14,Proverbs 28:14,11,est,,,,Clementine,VUL
20,Proverbs,28,14,Proverbs 28:14,12,duræ,,,,Clementine,VUL
20,Proverbs,28,14,Proverbs 28:14,13,corruet,,,,Clementine,VUL
20,Proverbs,28,14,Proverbs 28:14,14,in,,,,Clementine,VUL
20,Proverbs,28,14,Proverbs 28:14,15,malum.,,,,Clementine,VUL
20,Proverbs,28,15,Proverbs 28:15,1,Leo,,,,Clementine,VUL
20,Proverbs,28,15,Proverbs 28:15,2,rugiens,,,,Clementine,VUL
20,Proverbs,28,15,Proverbs 28:15,3,et,,,,Clementine,VUL
20,Proverbs,28,15,Proverbs 28:15,4,ursus,,,,Clementine,VUL
20,Proverbs,28,15,Proverbs 28:15,5,"esuriens,",,,,Clementine,VUL
20,Proverbs,28,15,Proverbs 28:15,6,princeps,,,,Clementine,VUL
20,Proverbs,28,15,Proverbs 28:15,7,impius,,,,Clementine,VUL
20,Proverbs,28,15,Proverbs 28:15,8,super,,,,Clementine,VUL
20,Proverbs,28,15,Proverbs 28:15,9,populum,,,,Clementine,VUL
20,Proverbs,28,15,Proverbs 28:15,10,pauperem.,,,,Clementine,VUL
20,Proverbs,28,16,Proverbs 28:16,1,Dux,,,,Clementine,VUL
20,Proverbs,28,16,Proverbs 28:16,2,indigens,,,,Clementine,VUL
20,Proverbs,28,16,Proverbs 28:16,3,prudentia,,,,Clementine,VUL
20,Proverbs,28,16,Proverbs 28:16,4,multos,,,,Clementine,VUL
20,Proverbs,28,16,Proverbs 28:16,5,opprimet,,,,Clementine,VUL
20,Proverbs,28,16,Proverbs 28:16,6,per,,,,Clementine,VUL
20,Proverbs,28,16,Proverbs 28:16,7,calumniam,,,,Clementine,VUL
20,Proverbs,28,16,Proverbs 28:16,8,;,,,,Clementine,VUL
20,Proverbs,28,16,Proverbs 28:16,9,qui,,,,Clementine,VUL
20,Proverbs,28,16,Proverbs 28:16,10,autem,,,,Clementine,VUL
20,Proverbs,28,16,Proverbs 28:16,11,odit,,,,Clementine,VUL
20,Proverbs,28,16,Proverbs 28:16,12,"avaritiam,",,,,Clementine,VUL
20,Proverbs,28,16,Proverbs 28:16,13,longi,,,,Clementine,VUL
20,Proverbs,28,16,Proverbs 28:16,14,fient,,,,Clementine,VUL
20,Proverbs,28,16,Proverbs 28:16,15,dies,,,,Clementine,VUL
20,Proverbs,28,16,Proverbs 28:16,16,ejus.,,,,Clementine,VUL
20,Proverbs,28,17,Proverbs 28:17,1,Hominem,,,,Clementine,VUL
20,Proverbs,28,17,Proverbs 28:17,2,qui,,,,Clementine,VUL
20,Proverbs,28,17,Proverbs 28:17,3,calumniatur,,,,Clementine,VUL
20,Proverbs,28,17,Proverbs 28:17,4,animæ,,,,Clementine,VUL
20,Proverbs,28,17,Proverbs 28:17,5,"sanguinem,",,,,Clementine,VUL
20,Proverbs,28,17,Proverbs 28:17,6,si,,,,Clementine,VUL
20,Proverbs,28,17,Proverbs 28:17,7,usque,,,,Clementine,VUL
20,Proverbs,28,17,Proverbs 28:17,8,ad,,,,Clementine,VUL
20,Proverbs,28,17,Proverbs 28:17,9,lacum,,,,Clementine,VUL
20,Proverbs,28,17,Proverbs 28:17,10,"fugerit,",,,,Clementine,VUL
20,Proverbs,28,17,Proverbs 28:17,11,nemo,,,,Clementine,VUL
20,Proverbs,28,17,Proverbs 28:17,12,sustinet.,,,,Clementine,VUL
20,Proverbs,28,18,Proverbs 28:18,1,Qui,,,,Clementine,VUL
20,Proverbs,28,18,Proverbs 28:18,2,ambulat,,,,Clementine,VUL
20,Proverbs,28,18,Proverbs 28:18,3,simpliciter,,,,Clementine,VUL
20,Proverbs,28,18,Proverbs 28:18,4,salvus,,,,Clementine,VUL
20,Proverbs,28,18,Proverbs 28:18,5,erit,,,,Clementine,VUL
20,Proverbs,28,18,Proverbs 28:18,6,;,,,,Clementine,VUL
20,Proverbs,28,18,Proverbs 28:18,7,qui,,,,Clementine,VUL
20,Proverbs,28,18,Proverbs 28:18,8,perversis,,,,Clementine,VUL
20,Proverbs,28,18,Proverbs 28:18,9,graditur,,,,Clementine,VUL
20,Proverbs,28,18,Proverbs 28:18,10,viis,,,,Clementine,VUL
20,Proverbs,28,18,Proverbs 28:18,11,concidet,,,,Clementine,VUL
20,Proverbs,28,18,Proverbs 28:18,12,semel.,,,,Clementine,VUL
20,Proverbs,28,19,Proverbs 28:19,1,Qui,,,,Clementine,VUL
20,Proverbs,28,19,Proverbs 28:19,2,operatur,,,,Clementine,VUL
20,Proverbs,28,19,Proverbs 28:19,3,terram,,,,Clementine,VUL
20,Proverbs,28,19,Proverbs 28:19,4,suam,,,,Clementine,VUL
20,Proverbs,28,19,Proverbs 28:19,5,satiabitur,,,,Clementine,VUL
20,Proverbs,28,19,Proverbs 28:19,6,panibus,,,,Clementine,VUL
20,Proverbs,28,19,Proverbs 28:19,7,;,,,,Clementine,VUL
20,Proverbs,28,19,Proverbs 28:19,8,qui,,,,Clementine,VUL
20,Proverbs,28,19,Proverbs 28:19,9,autem,,,,Clementine,VUL
20,Proverbs,28,19,Proverbs 28:19,10,sectatur,,,,Clementine,VUL
20,Proverbs,28,19,Proverbs 28:19,11,otium,,,,Clementine,VUL
20,Proverbs,28,19,Proverbs 28:19,12,replebitur,,,,Clementine,VUL
20,Proverbs,28,19,Proverbs 28:19,13,egestate.,,,,Clementine,VUL
20,Proverbs,28,20,Proverbs 28:20,1,Vir,,,,Clementine,VUL
20,Proverbs,28,20,Proverbs 28:20,2,fidelis,,,,Clementine,VUL
20,Proverbs,28,20,Proverbs 28:20,3,multum,,,,Clementine,VUL
20,Proverbs,28,20,Proverbs 28:20,4,laudabitur,,,,Clementine,VUL
20,Proverbs,28,20,Proverbs 28:20,5,;,,,,Clementine,VUL
20,Proverbs,28,20,Proverbs 28:20,6,qui,,,,Clementine,VUL
20,Proverbs,28,20,Proverbs 28:20,7,autem,,,,Clementine,VUL
20,Proverbs,28,20,Proverbs 28:20,8,festinat,,,,Clementine,VUL
20,Proverbs,28,20,Proverbs 28:20,9,ditari,,,,Clementine,VUL
20,Proverbs,28,20,Proverbs 28:20,10,non,,,,Clementine,VUL
20,Proverbs,28,20,Proverbs 28:20,11,erit,,,,Clementine,VUL
20,Proverbs,28,20,Proverbs 28:20,12,innocens.,,,,Clementine,VUL
20,Proverbs,28,21,Proverbs 28:21,1,Qui,,,,Clementine,VUL
20,Proverbs,28,21,Proverbs 28:21,2,cognoscit,,,,Clementine,VUL
20,Proverbs,28,21,Proverbs 28:21,3,in,,,,Clementine,VUL
20,Proverbs,28,21,Proverbs 28:21,4,judicio,,,,Clementine,VUL
20,Proverbs,28,21,Proverbs 28:21,5,faciem,,,,Clementine,VUL
20,Proverbs,28,21,Proverbs 28:21,6,non,,,,Clementine,VUL
20,Proverbs,28,21,Proverbs 28:21,7,bene,,,,Clementine,VUL
20,Proverbs,28,21,Proverbs 28:21,8,facit,,,,Clementine,VUL
20,Proverbs,28,21,Proverbs 28:21,9,;,,,,Clementine,VUL
20,Proverbs,28,21,Proverbs 28:21,10,iste,,,,Clementine,VUL
20,Proverbs,28,21,Proverbs 28:21,11,et,,,,Clementine,VUL
20,Proverbs,28,21,Proverbs 28:21,12,pro,,,,Clementine,VUL
20,Proverbs,28,21,Proverbs 28:21,13,buccella,,,,Clementine,VUL
20,Proverbs,28,21,Proverbs 28:21,14,panis,,,,Clementine,VUL
20,Proverbs,28,21,Proverbs 28:21,15,deserit,,,,Clementine,VUL
20,Proverbs,28,21,Proverbs 28:21,16,veritatem.,,,,Clementine,VUL
20,Proverbs,28,22,Proverbs 28:22,1,Vir,,,,Clementine,VUL
20,Proverbs,28,22,Proverbs 28:22,2,qui,,,,Clementine,VUL
20,Proverbs,28,22,Proverbs 28:22,3,festinat,,,,Clementine,VUL
20,Proverbs,28,22,Proverbs 28:22,4,"ditari,",,,,Clementine,VUL
20,Proverbs,28,22,Proverbs 28:22,5,et,,,,Clementine,VUL
20,Proverbs,28,22,Proverbs 28:22,6,aliis,,,,Clementine,VUL
20,Proverbs,28,22,Proverbs 28:22,7,"invidet,",,,,Clementine,VUL
20,Proverbs,28,22,Proverbs 28:22,8,ignorat,,,,Clementine,VUL
20,Proverbs,28,22,Proverbs 28:22,9,quod,,,,Clementine,VUL
20,Proverbs,28,22,Proverbs 28:22,10,egestas,,,,Clementine,VUL
20,Proverbs,28,22,Proverbs 28:22,11,superveniet,,,,Clementine,VUL
20,Proverbs,28,22,Proverbs 28:22,12,ei.,,,,Clementine,VUL
20,Proverbs,28,23,Proverbs 28:23,1,Qui,,,,Clementine,VUL
20,Proverbs,28,23,Proverbs 28:23,2,corripit,,,,Clementine,VUL
20,Proverbs,28,23,Proverbs 28:23,3,hominem,,,,Clementine,VUL
20,Proverbs,28,23,Proverbs 28:23,4,gratiam,,,,Clementine,VUL
20,Proverbs,28,23,Proverbs 28:23,5,postea,,,,Clementine,VUL
20,Proverbs,28,23,Proverbs 28:23,6,inveniet,,,,Clementine,VUL
20,Proverbs,28,23,Proverbs 28:23,7,apud,,,,Clementine,VUL
20,Proverbs,28,23,Proverbs 28:23,8,"eum,",,,,Clementine,VUL
20,Proverbs,28,23,Proverbs 28:23,9,magis,,,,Clementine,VUL
20,Proverbs,28,23,Proverbs 28:23,10,quam,,,,Clementine,VUL
20,Proverbs,28,23,Proverbs 28:23,11,ille,,,,Clementine,VUL
20,Proverbs,28,23,Proverbs 28:23,12,qui,,,,Clementine,VUL
20,Proverbs,28,23,Proverbs 28:23,13,per,,,,Clementine,VUL
20,Proverbs,28,23,Proverbs 28:23,14,linguæ,,,,Clementine,VUL
20,Proverbs,28,23,Proverbs 28:23,15,blandimenta,,,,Clementine,VUL
20,Proverbs,28,23,Proverbs 28:23,16,decipit.,,,,Clementine,VUL
20,Proverbs,28,24,Proverbs 28:24,1,Qui,,,,Clementine,VUL
20,Proverbs,28,24,Proverbs 28:24,2,subtrahit,,,,Clementine,VUL
20,Proverbs,28,24,Proverbs 28:24,3,aliquid,,,,Clementine,VUL
20,Proverbs,28,24,Proverbs 28:24,4,a,,,,Clementine,VUL
20,Proverbs,28,24,Proverbs 28:24,5,patre,,,,Clementine,VUL
20,Proverbs,28,24,Proverbs 28:24,6,suo,,,,Clementine,VUL
20,Proverbs,28,24,Proverbs 28:24,7,et,,,,Clementine,VUL
20,Proverbs,28,24,Proverbs 28:24,8,a,,,,Clementine,VUL
20,Proverbs,28,24,Proverbs 28:24,9,"matre,",,,,Clementine,VUL
20,Proverbs,28,24,Proverbs 28:24,10,et,,,,Clementine,VUL
20,Proverbs,28,24,Proverbs 28:24,11,dicit,,,,Clementine,VUL
20,Proverbs,28,24,Proverbs 28:24,12,hoc,,,,Clementine,VUL
20,Proverbs,28,24,Proverbs 28:24,13,non,,,,Clementine,VUL
20,Proverbs,28,24,Proverbs 28:24,14,esse,,,,Clementine,VUL
20,Proverbs,28,24,Proverbs 28:24,15,"peccatum,",,,,Clementine,VUL
20,Proverbs,28,24,Proverbs 28:24,16,particeps,,,,Clementine,VUL
20,Proverbs,28,24,Proverbs 28:24,17,homicidæ,,,,Clementine,VUL
20,Proverbs,28,24,Proverbs 28:24,18,est.,,,,Clementine,VUL
20,Proverbs,28,25,Proverbs 28:25,1,Qui,,,,Clementine,VUL
20,Proverbs,28,25,Proverbs 28:25,2,se,,,,Clementine,VUL
20,Proverbs,28,25,Proverbs 28:25,3,jactat,,,,Clementine,VUL
20,Proverbs,28,25,Proverbs 28:25,4,et,,,,Clementine,VUL
20,Proverbs,28,25,Proverbs 28:25,5,"dilatat,",,,,Clementine,VUL
20,Proverbs,28,25,Proverbs 28:25,6,jurgia,,,,Clementine,VUL
20,Proverbs,28,25,Proverbs 28:25,7,concitat,,,,Clementine,VUL
20,Proverbs,28,25,Proverbs 28:25,8,;,,,,Clementine,VUL
20,Proverbs,28,25,Proverbs 28:25,9,qui,,,,Clementine,VUL
20,Proverbs,28,25,Proverbs 28:25,10,vero,,,,Clementine,VUL
20,Proverbs,28,25,Proverbs 28:25,11,sperat,,,,Clementine,VUL
20,Proverbs,28,25,Proverbs 28:25,12,in,,,,Clementine,VUL
20,Proverbs,28,25,Proverbs 28:25,13,Domino,,,,Clementine,VUL
20,Proverbs,28,25,Proverbs 28:25,14,sanabitur.,,,,Clementine,VUL
20,Proverbs,28,26,Proverbs 28:26,1,Qui,,,,Clementine,VUL
20,Proverbs,28,26,Proverbs 28:26,2,confidit,,,,Clementine,VUL
20,Proverbs,28,26,Proverbs 28:26,3,in,,,,Clementine,VUL
20,Proverbs,28,26,Proverbs 28:26,4,corde,,,,Clementine,VUL
20,Proverbs,28,26,Proverbs 28:26,5,suo,,,,Clementine,VUL
20,Proverbs,28,26,Proverbs 28:26,6,stultus,,,,Clementine,VUL
20,Proverbs,28,26,Proverbs 28:26,7,est,,,,Clementine,VUL
20,Proverbs,28,26,Proverbs 28:26,8,;,,,,Clementine,VUL
20,Proverbs,28,26,Proverbs 28:26,9,qui,,,,Clementine,VUL
20,Proverbs,28,26,Proverbs 28:26,10,autem,,,,Clementine,VUL
20,Proverbs,28,26,Proverbs 28:26,11,graditur,,,,Clementine,VUL
20,Proverbs,28,26,Proverbs 28:26,12,"sapienter,",,,,Clementine,VUL
20,Proverbs,28,26,Proverbs 28:26,13,ipse,,,,Clementine,VUL
20,Proverbs,28,26,Proverbs 28:26,14,salvabitur.,,,,Clementine,VUL
20,Proverbs,28,27,Proverbs 28:27,1,Qui,,,,Clementine,VUL
20,Proverbs,28,27,Proverbs 28:27,2,dat,,,,Clementine,VUL
20,Proverbs,28,27,Proverbs 28:27,3,pauperi,,,,Clementine,VUL
20,Proverbs,28,27,Proverbs 28:27,4,non,,,,Clementine,VUL
20,Proverbs,28,27,Proverbs 28:27,5,indigebit,,,,Clementine,VUL
20,Proverbs,28,27,Proverbs 28:27,6,;,,,,Clementine,VUL
20,Proverbs,28,27,Proverbs 28:27,7,qui,,,,Clementine,VUL
20,Proverbs,28,27,Proverbs 28:27,8,despicit,,,,Clementine,VUL
20,Proverbs,28,27,Proverbs 28:27,9,deprecantem,,,,Clementine,VUL
20,Proverbs,28,27,Proverbs 28:27,10,sustinebit,,,,Clementine,VUL
20,Proverbs,28,27,Proverbs 28:27,11,penuriam.,,,,Clementine,VUL
20,Proverbs,28,28,Proverbs 28:28,1,Cum,,,,Clementine,VUL
20,Proverbs,28,28,Proverbs 28:28,2,surrexerint,,,,Clementine,VUL
20,Proverbs,28,28,Proverbs 28:28,3,"impii,",,,,Clementine,VUL
20,Proverbs,28,28,Proverbs 28:28,4,abscondentur,,,,Clementine,VUL
20,Proverbs,28,28,Proverbs 28:28,5,homines,,,,Clementine,VUL
20,Proverbs,28,28,Proverbs 28:28,6,;,,,,Clementine,VUL
20,Proverbs,28,28,Proverbs 28:28,7,cum,,,,Clementine,VUL
20,Proverbs,28,28,Proverbs 28:28,8,illi,,,,Clementine,VUL
20,Proverbs,28,28,Proverbs 28:28,9,"perierint,",,,,Clementine,VUL
20,Proverbs,28,28,Proverbs 28:28,10,multiplicabuntur,,,,Clementine,VUL
20,Proverbs,28,28,Proverbs 28:28,11,justi.,,,,Clementine,VUL
20,Proverbs,29,1,Proverbs 29:1,1,Viro,,,,Clementine,VUL
20,Proverbs,29,1,Proverbs 29:1,2,qui,,,,Clementine,VUL
20,Proverbs,29,1,Proverbs 29:1,3,corripientem,,,,Clementine,VUL
20,Proverbs,29,1,Proverbs 29:1,4,dura,,,,Clementine,VUL
20,Proverbs,29,1,Proverbs 29:1,5,cervice,,,,Clementine,VUL
20,Proverbs,29,1,Proverbs 29:1,6,"contemnit,",,,,Clementine,VUL
20,Proverbs,29,1,Proverbs 29:1,7,repentinus,,,,Clementine,VUL
20,Proverbs,29,1,Proverbs 29:1,8,ei,,,,Clementine,VUL
20,Proverbs,29,1,Proverbs 29:1,9,superveniet,,,,Clementine,VUL
20,Proverbs,29,1,Proverbs 29:1,10,"interitus,",,,,Clementine,VUL
20,Proverbs,29,1,Proverbs 29:1,11,et,,,,Clementine,VUL
20,Proverbs,29,1,Proverbs 29:1,12,eum,,,,Clementine,VUL
20,Proverbs,29,1,Proverbs 29:1,13,sanitas,,,,Clementine,VUL
20,Proverbs,29,1,Proverbs 29:1,14,non,,,,Clementine,VUL
20,Proverbs,29,1,Proverbs 29:1,15,sequetur.,,,,Clementine,VUL
20,Proverbs,29,2,Proverbs 29:2,1,In,,,,Clementine,VUL
20,Proverbs,29,2,Proverbs 29:2,2,multiplicatione,,,,Clementine,VUL
20,Proverbs,29,2,Proverbs 29:2,3,justorum,,,,Clementine,VUL
20,Proverbs,29,2,Proverbs 29:2,4,lætabitur,,,,Clementine,VUL
20,Proverbs,29,2,Proverbs 29:2,5,vulgus,,,,Clementine,VUL
20,Proverbs,29,2,Proverbs 29:2,6,;,,,,Clementine,VUL
20,Proverbs,29,2,Proverbs 29:2,7,cum,,,,Clementine,VUL
20,Proverbs,29,2,Proverbs 29:2,8,impii,,,,Clementine,VUL
20,Proverbs,29,2,Proverbs 29:2,9,sumpserint,,,,Clementine,VUL
20,Proverbs,29,2,Proverbs 29:2,10,"principatum,",,,,Clementine,VUL
20,Proverbs,29,2,Proverbs 29:2,11,gemet,,,,Clementine,VUL
20,Proverbs,29,2,Proverbs 29:2,12,populus.,,,,Clementine,VUL
20,Proverbs,29,3,Proverbs 29:3,1,Vir,,,,Clementine,VUL
20,Proverbs,29,3,Proverbs 29:3,2,qui,,,,Clementine,VUL
20,Proverbs,29,3,Proverbs 29:3,3,amat,,,,Clementine,VUL
20,Proverbs,29,3,Proverbs 29:3,4,sapientiam,,,,Clementine,VUL
20,Proverbs,29,3,Proverbs 29:3,5,lætificat,,,,Clementine,VUL
20,Proverbs,29,3,Proverbs 29:3,6,patrem,,,,Clementine,VUL
20,Proverbs,29,3,Proverbs 29:3,7,suum,,,,Clementine,VUL
20,Proverbs,29,3,Proverbs 29:3,8,;,,,,Clementine,VUL
20,Proverbs,29,3,Proverbs 29:3,9,qui,,,,Clementine,VUL
20,Proverbs,29,3,Proverbs 29:3,10,autem,,,,Clementine,VUL
20,Proverbs,29,3,Proverbs 29:3,11,nutrit,,,,Clementine,VUL
20,Proverbs,29,3,Proverbs 29:3,12,scorta,,,,Clementine,VUL
20,Proverbs,29,3,Proverbs 29:3,13,perdet,,,,Clementine,VUL
20,Proverbs,29,3,Proverbs 29:3,14,substantiam.,,,,Clementine,VUL
20,Proverbs,29,4,Proverbs 29:4,1,Rex,,,,Clementine,VUL
20,Proverbs,29,4,Proverbs 29:4,2,justus,,,,Clementine,VUL
20,Proverbs,29,4,Proverbs 29:4,3,erigit,,,,Clementine,VUL
20,Proverbs,29,4,Proverbs 29:4,4,terram,,,,Clementine,VUL
20,Proverbs,29,4,Proverbs 29:4,5,;,,,,Clementine,VUL
20,Proverbs,29,4,Proverbs 29:4,6,vir,,,,Clementine,VUL
20,Proverbs,29,4,Proverbs 29:4,7,avarus,,,,Clementine,VUL
20,Proverbs,29,4,Proverbs 29:4,8,destruet,,,,Clementine,VUL
20,Proverbs,29,4,Proverbs 29:4,9,eam.,,,,Clementine,VUL
20,Proverbs,29,5,Proverbs 29:5,1,Homo,,,,Clementine,VUL
20,Proverbs,29,5,Proverbs 29:5,2,qui,,,,Clementine,VUL
20,Proverbs,29,5,Proverbs 29:5,3,blandis,,,,Clementine,VUL
20,Proverbs,29,5,Proverbs 29:5,4,fictisque,,,,Clementine,VUL
20,Proverbs,29,5,Proverbs 29:5,5,sermonibus,,,,Clementine,VUL
20,Proverbs,29,5,Proverbs 29:5,6,loquitur,,,,Clementine,VUL
20,Proverbs,29,5,Proverbs 29:5,7,amico,,,,Clementine,VUL
20,Proverbs,29,5,Proverbs 29:5,8,suo,,,,Clementine,VUL
20,Proverbs,29,5,Proverbs 29:5,9,rete,,,,Clementine,VUL
20,Proverbs,29,5,Proverbs 29:5,10,expandit,,,,Clementine,VUL
20,Proverbs,29,5,Proverbs 29:5,11,gressibus,,,,Clementine,VUL
20,Proverbs,29,5,Proverbs 29:5,12,ejus.,,,,Clementine,VUL
20,Proverbs,29,6,Proverbs 29:6,1,Peccantem,,,,Clementine,VUL
20,Proverbs,29,6,Proverbs 29:6,2,virum,,,,Clementine,VUL
20,Proverbs,29,6,Proverbs 29:6,3,iniquum,,,,Clementine,VUL
20,Proverbs,29,6,Proverbs 29:6,4,involvet,,,,Clementine,VUL
20,Proverbs,29,6,Proverbs 29:6,5,"laqueus,",,,,Clementine,VUL
20,Proverbs,29,6,Proverbs 29:6,6,et,,,,Clementine,VUL
20,Proverbs,29,6,Proverbs 29:6,7,justus,,,,Clementine,VUL
20,Proverbs,29,6,Proverbs 29:6,8,laudabit,,,,Clementine,VUL
20,Proverbs,29,6,Proverbs 29:6,9,atque,,,,Clementine,VUL
20,Proverbs,29,6,Proverbs 29:6,10,gaudebit.,,,,Clementine,VUL
20,Proverbs,29,7,Proverbs 29:7,1,Novit,,,,Clementine,VUL
20,Proverbs,29,7,Proverbs 29:7,2,justus,,,,Clementine,VUL
20,Proverbs,29,7,Proverbs 29:7,3,causam,,,,Clementine,VUL
20,Proverbs,29,7,Proverbs 29:7,4,pauperum,,,,Clementine,VUL
20,Proverbs,29,7,Proverbs 29:7,5,;,,,,Clementine,VUL
20,Proverbs,29,7,Proverbs 29:7,6,impius,,,,Clementine,VUL
20,Proverbs,29,7,Proverbs 29:7,7,ignorat,,,,Clementine,VUL
20,Proverbs,29,7,Proverbs 29:7,8,scientiam.,,,,Clementine,VUL
20,Proverbs,29,8,Proverbs 29:8,1,Homines,,,,Clementine,VUL
20,Proverbs,29,8,Proverbs 29:8,2,pestilentes,,,,Clementine,VUL
20,Proverbs,29,8,Proverbs 29:8,3,dissipant,,,,Clementine,VUL
20,Proverbs,29,8,Proverbs 29:8,4,civitatem,,,,Clementine,VUL
20,Proverbs,29,8,Proverbs 29:8,5,;,,,,Clementine,VUL
20,Proverbs,29,8,Proverbs 29:8,6,sapientes,,,,Clementine,VUL
20,Proverbs,29,8,Proverbs 29:8,7,vero,,,,Clementine,VUL
20,Proverbs,29,8,Proverbs 29:8,8,avertunt,,,,Clementine,VUL
20,Proverbs,29,8,Proverbs 29:8,9,furorem.,,,,Clementine,VUL
20,Proverbs,29,9,Proverbs 29:9,1,Vir,,,,Clementine,VUL
20,Proverbs,29,9,Proverbs 29:9,2,sapiens,,,,Clementine,VUL
20,Proverbs,29,9,Proverbs 29:9,3,si,,,,Clementine,VUL
20,Proverbs,29,9,Proverbs 29:9,4,cum,,,,Clementine,VUL
20,Proverbs,29,9,Proverbs 29:9,5,stulto,,,,Clementine,VUL
20,Proverbs,29,9,Proverbs 29:9,6,"contenderit,",,,,Clementine,VUL
20,Proverbs,29,9,Proverbs 29:9,7,sive,,,,Clementine,VUL
20,Proverbs,29,9,Proverbs 29:9,8,"irascatur,",,,,Clementine,VUL
20,Proverbs,29,9,Proverbs 29:9,9,sive,,,,Clementine,VUL
20,Proverbs,29,9,Proverbs 29:9,10,"rideat,",,,,Clementine,VUL
20,Proverbs,29,9,Proverbs 29:9,11,non,,,,Clementine,VUL
20,Proverbs,29,9,Proverbs 29:9,12,inveniet,,,,Clementine,VUL
20,Proverbs,29,9,Proverbs 29:9,13,requiem.,,,,Clementine,VUL
20,Proverbs,29,10,Proverbs 29:10,1,Viri,,,,Clementine,VUL
20,Proverbs,29,10,Proverbs 29:10,2,sanguinum,,,,Clementine,VUL
20,Proverbs,29,10,Proverbs 29:10,3,oderunt,,,,Clementine,VUL
20,Proverbs,29,10,Proverbs 29:10,4,simplicem,,,,Clementine,VUL
20,Proverbs,29,10,Proverbs 29:10,5,;,,,,Clementine,VUL
20,Proverbs,29,10,Proverbs 29:10,6,justi,,,,Clementine,VUL
20,Proverbs,29,10,Proverbs 29:10,7,autem,,,,Clementine,VUL
20,Proverbs,29,10,Proverbs 29:10,8,quærunt,,,,Clementine,VUL
20,Proverbs,29,10,Proverbs 29:10,9,animam,,,,Clementine,VUL
20,Proverbs,29,10,Proverbs 29:10,10,ejus.,,,,Clementine,VUL
20,Proverbs,29,11,Proverbs 29:11,1,Totum,,,,Clementine,VUL
20,Proverbs,29,11,Proverbs 29:11,2,spiritum,,,,Clementine,VUL
20,Proverbs,29,11,Proverbs 29:11,3,suum,,,,Clementine,VUL
20,Proverbs,29,11,Proverbs 29:11,4,profert,,,,Clementine,VUL
20,Proverbs,29,11,Proverbs 29:11,5,stultus,,,,Clementine,VUL
20,Proverbs,29,11,Proverbs 29:11,6,;,,,,Clementine,VUL
20,Proverbs,29,11,Proverbs 29:11,7,sapiens,,,,Clementine,VUL
20,Proverbs,29,11,Proverbs 29:11,8,"differt,",,,,Clementine,VUL
20,Proverbs,29,11,Proverbs 29:11,9,et,,,,Clementine,VUL
20,Proverbs,29,11,Proverbs 29:11,10,reservat,,,,Clementine,VUL
20,Proverbs,29,11,Proverbs 29:11,11,in,,,,Clementine,VUL
20,Proverbs,29,11,Proverbs 29:11,12,posterum.,,,,Clementine,VUL
20,Proverbs,29,12,Proverbs 29:12,1,Princeps,,,,Clementine,VUL
20,Proverbs,29,12,Proverbs 29:12,2,qui,,,,Clementine,VUL
20,Proverbs,29,12,Proverbs 29:12,3,libenter,,,,Clementine,VUL
20,Proverbs,29,12,Proverbs 29:12,4,audit,,,,Clementine,VUL
20,Proverbs,29,12,Proverbs 29:12,5,verba,,,,Clementine,VUL
20,Proverbs,29,12,Proverbs 29:12,6,"mendacii,",,,,Clementine,VUL
20,Proverbs,29,12,Proverbs 29:12,7,omnes,,,,Clementine,VUL
20,Proverbs,29,12,Proverbs 29:12,8,ministros,,,,Clementine,VUL
20,Proverbs,29,12,Proverbs 29:12,9,habet,,,,Clementine,VUL
20,Proverbs,29,12,Proverbs 29:12,10,impios.,,,,Clementine,VUL
20,Proverbs,29,13,Proverbs 29:13,1,Pauper,,,,Clementine,VUL
20,Proverbs,29,13,Proverbs 29:13,2,et,,,,Clementine,VUL
20,Proverbs,29,13,Proverbs 29:13,3,creditor,,,,Clementine,VUL
20,Proverbs,29,13,Proverbs 29:13,4,obviaverunt,,,,Clementine,VUL
20,Proverbs,29,13,Proverbs 29:13,5,sibi,,,,Clementine,VUL
20,Proverbs,29,13,Proverbs 29:13,6,:,,,,Clementine,VUL
20,Proverbs,29,13,Proverbs 29:13,7,utriusque,,,,Clementine,VUL
20,Proverbs,29,13,Proverbs 29:13,8,illuminator,,,,Clementine,VUL
20,Proverbs,29,13,Proverbs 29:13,9,est,,,,Clementine,VUL
20,Proverbs,29,13,Proverbs 29:13,10,Dominus.,,,,Clementine,VUL
20,Proverbs,29,14,Proverbs 29:14,1,Rex,,,,Clementine,VUL
20,Proverbs,29,14,Proverbs 29:14,2,qui,,,,Clementine,VUL
20,Proverbs,29,14,Proverbs 29:14,3,judicat,,,,Clementine,VUL
20,Proverbs,29,14,Proverbs 29:14,4,in,,,,Clementine,VUL
20,Proverbs,29,14,Proverbs 29:14,5,veritate,,,,Clementine,VUL
20,Proverbs,29,14,Proverbs 29:14,6,"pauperes,",,,,Clementine,VUL
20,Proverbs,29,14,Proverbs 29:14,7,thronus,,,,Clementine,VUL
20,Proverbs,29,14,Proverbs 29:14,8,ejus,,,,Clementine,VUL
20,Proverbs,29,14,Proverbs 29:14,9,in,,,,Clementine,VUL
20,Proverbs,29,14,Proverbs 29:14,10,æternum,,,,Clementine,VUL
20,Proverbs,29,14,Proverbs 29:14,11,firmabitur.,,,,Clementine,VUL
20,Proverbs,29,15,Proverbs 29:15,1,Virga,,,,Clementine,VUL
20,Proverbs,29,15,Proverbs 29:15,2,atque,,,,Clementine,VUL
20,Proverbs,29,15,Proverbs 29:15,3,correptio,,,,Clementine,VUL
20,Proverbs,29,15,Proverbs 29:15,4,tribuit,,,,Clementine,VUL
20,Proverbs,29,15,Proverbs 29:15,5,sapientiam,,,,Clementine,VUL
20,Proverbs,29,15,Proverbs 29:15,6,;,,,,Clementine,VUL
20,Proverbs,29,15,Proverbs 29:15,7,puer,,,,Clementine,VUL
20,Proverbs,29,15,Proverbs 29:15,8,autem,,,,Clementine,VUL
20,Proverbs,29,15,Proverbs 29:15,9,qui,,,,Clementine,VUL
20,Proverbs,29,15,Proverbs 29:15,10,dimittitur,,,,Clementine,VUL
20,Proverbs,29,15,Proverbs 29:15,11,voluntati,,,,Clementine,VUL
20,Proverbs,29,15,Proverbs 29:15,12,suæ,,,,Clementine,VUL
20,Proverbs,29,15,Proverbs 29:15,13,confundit,,,,Clementine,VUL
20,Proverbs,29,15,Proverbs 29:15,14,matrem,,,,Clementine,VUL
20,Proverbs,29,15,Proverbs 29:15,15,suam.,,,,Clementine,VUL
20,Proverbs,29,16,Proverbs 29:16,1,In,,,,Clementine,VUL
20,Proverbs,29,16,Proverbs 29:16,2,multiplicatione,,,,Clementine,VUL
20,Proverbs,29,16,Proverbs 29:16,3,impiorum,,,,Clementine,VUL
20,Proverbs,29,16,Proverbs 29:16,4,multiplicabuntur,,,,Clementine,VUL
20,Proverbs,29,16,Proverbs 29:16,5,"scelera,",,,,Clementine,VUL
20,Proverbs,29,16,Proverbs 29:16,6,et,,,,Clementine,VUL
20,Proverbs,29,16,Proverbs 29:16,7,justi,,,,Clementine,VUL
20,Proverbs,29,16,Proverbs 29:16,8,ruinas,,,,Clementine,VUL
20,Proverbs,29,16,Proverbs 29:16,9,eorum,,,,Clementine,VUL
20,Proverbs,29,16,Proverbs 29:16,10,videbunt.,,,,Clementine,VUL
20,Proverbs,29,17,Proverbs 29:17,1,Erudi,,,,Clementine,VUL
20,Proverbs,29,17,Proverbs 29:17,2,filium,,,,Clementine,VUL
20,Proverbs,29,17,Proverbs 29:17,3,"tuum,",,,,Clementine,VUL
20,Proverbs,29,17,Proverbs 29:17,4,et,,,,Clementine,VUL
20,Proverbs,29,17,Proverbs 29:17,5,refrigerabit,,,,Clementine,VUL
20,Proverbs,29,17,Proverbs 29:17,6,"te,",,,,Clementine,VUL
20,Proverbs,29,17,Proverbs 29:17,7,et,,,,Clementine,VUL
20,Proverbs,29,17,Proverbs 29:17,8,dabit,,,,Clementine,VUL
20,Proverbs,29,17,Proverbs 29:17,9,delicias,,,,Clementine,VUL
20,Proverbs,29,17,Proverbs 29:17,10,animæ,,,,Clementine,VUL
20,Proverbs,29,17,Proverbs 29:17,11,tuæ.,,,,Clementine,VUL
20,Proverbs,29,18,Proverbs 29:18,1,Cum,,,,Clementine,VUL
20,Proverbs,29,18,Proverbs 29:18,2,prophetia,,,,Clementine,VUL
20,Proverbs,29,18,Proverbs 29:18,3,"defecerit,",,,,Clementine,VUL
20,Proverbs,29,18,Proverbs 29:18,4,dissipabitur,,,,Clementine,VUL
20,Proverbs,29,18,Proverbs 29:18,5,populus,,,,Clementine,VUL
20,Proverbs,29,18,Proverbs 29:18,6,;,,,,Clementine,VUL
20,Proverbs,29,18,Proverbs 29:18,7,qui,,,,Clementine,VUL
20,Proverbs,29,18,Proverbs 29:18,8,vero,,,,Clementine,VUL
20,Proverbs,29,18,Proverbs 29:18,9,custodit,,,,Clementine,VUL
20,Proverbs,29,18,Proverbs 29:18,10,legem,,,,Clementine,VUL
20,Proverbs,29,18,Proverbs 29:18,11,beatus,,,,Clementine,VUL
20,Proverbs,29,18,Proverbs 29:18,12,est.,,,,Clementine,VUL
20,Proverbs,29,19,Proverbs 29:19,1,Servus,,,,Clementine,VUL
20,Proverbs,29,19,Proverbs 29:19,2,verbis,,,,Clementine,VUL
20,Proverbs,29,19,Proverbs 29:19,3,non,,,,Clementine,VUL
20,Proverbs,29,19,Proverbs 29:19,4,potest,,,,Clementine,VUL
20,Proverbs,29,19,Proverbs 29:19,5,"erudiri,",,,,Clementine,VUL
20,Proverbs,29,19,Proverbs 29:19,6,quia,,,,Clementine,VUL
20,Proverbs,29,19,Proverbs 29:19,7,quod,,,,Clementine,VUL
20,Proverbs,29,19,Proverbs 29:19,8,dicis,,,,Clementine,VUL
20,Proverbs,29,19,Proverbs 29:19,9,"intelligit,",,,,Clementine,VUL
20,Proverbs,29,19,Proverbs 29:19,10,et,,,,Clementine,VUL
20,Proverbs,29,19,Proverbs 29:19,11,respondere,,,,Clementine,VUL
20,Proverbs,29,19,Proverbs 29:19,12,contemnit.,,,,Clementine,VUL
20,Proverbs,29,20,Proverbs 29:20,1,Vidisti,,,,Clementine,VUL
20,Proverbs,29,20,Proverbs 29:20,2,hominem,,,,Clementine,VUL
20,Proverbs,29,20,Proverbs 29:20,3,velocem,,,,Clementine,VUL
20,Proverbs,29,20,Proverbs 29:20,4,ad,,,,Clementine,VUL
20,Proverbs,29,20,Proverbs 29:20,5,loquendum,,,,Clementine,VUL
20,Proverbs,29,20,Proverbs 29:20,6,?,,,,Clementine,VUL
20,Proverbs,29,20,Proverbs 29:20,7,stultitia,,,,Clementine,VUL
20,Proverbs,29,20,Proverbs 29:20,8,magis,,,,Clementine,VUL
20,Proverbs,29,20,Proverbs 29:20,9,speranda,,,,Clementine,VUL
20,Proverbs,29,20,Proverbs 29:20,10,est,,,,Clementine,VUL
20,Proverbs,29,20,Proverbs 29:20,11,quam,,,,Clementine,VUL
20,Proverbs,29,20,Proverbs 29:20,12,illius,,,,Clementine,VUL
20,Proverbs,29,20,Proverbs 29:20,13,correptio.,,,,Clementine,VUL
20,Proverbs,29,21,Proverbs 29:21,1,Qui,,,,Clementine,VUL
20,Proverbs,29,21,Proverbs 29:21,2,delicate,,,,Clementine,VUL
20,Proverbs,29,21,Proverbs 29:21,3,a,,,,Clementine,VUL
20,Proverbs,29,21,Proverbs 29:21,4,pueritia,,,,Clementine,VUL
20,Proverbs,29,21,Proverbs 29:21,5,nutrit,,,,Clementine,VUL
20,Proverbs,29,21,Proverbs 29:21,6,servum,,,,Clementine,VUL
20,Proverbs,29,21,Proverbs 29:21,7,suum,,,,Clementine,VUL
20,Proverbs,29,21,Proverbs 29:21,8,postea,,,,Clementine,VUL
20,Proverbs,29,21,Proverbs 29:21,9,sentiet,,,,Clementine,VUL
20,Proverbs,29,21,Proverbs 29:21,10,eum,,,,Clementine,VUL
20,Proverbs,29,21,Proverbs 29:21,11,contumacem.,,,,Clementine,VUL
20,Proverbs,29,22,Proverbs 29:22,1,Vir,,,,Clementine,VUL
20,Proverbs,29,22,Proverbs 29:22,2,iracundus,,,,Clementine,VUL
20,Proverbs,29,22,Proverbs 29:22,3,provocat,,,,Clementine,VUL
20,Proverbs,29,22,Proverbs 29:22,4,"rixas,",,,,Clementine,VUL
20,Proverbs,29,22,Proverbs 29:22,5,et,,,,Clementine,VUL
20,Proverbs,29,22,Proverbs 29:22,6,qui,,,,Clementine,VUL
20,Proverbs,29,22,Proverbs 29:22,7,ad,,,,Clementine,VUL
20,Proverbs,29,22,Proverbs 29:22,8,indignandum,,,,Clementine,VUL
20,Proverbs,29,22,Proverbs 29:22,9,facilis,,,,Clementine,VUL
20,Proverbs,29,22,Proverbs 29:22,10,est,,,,Clementine,VUL
20,Proverbs,29,22,Proverbs 29:22,11,erit,,,,Clementine,VUL
20,Proverbs,29,22,Proverbs 29:22,12,ad,,,,Clementine,VUL
20,Proverbs,29,22,Proverbs 29:22,13,peccandum,,,,Clementine,VUL
20,Proverbs,29,22,Proverbs 29:22,14,proclivior.,,,,Clementine,VUL
20,Proverbs,29,23,Proverbs 29:23,1,Superbum,,,,Clementine,VUL
20,Proverbs,29,23,Proverbs 29:23,2,sequitur,,,,Clementine,VUL
20,Proverbs,29,23,Proverbs 29:23,3,"humilitas,",,,,Clementine,VUL
20,Proverbs,29,23,Proverbs 29:23,4,et,,,,Clementine,VUL
20,Proverbs,29,23,Proverbs 29:23,5,humilem,,,,Clementine,VUL
20,Proverbs,29,23,Proverbs 29:23,6,spiritu,,,,Clementine,VUL
20,Proverbs,29,23,Proverbs 29:23,7,suscipiet,,,,Clementine,VUL
20,Proverbs,29,23,Proverbs 29:23,8,gloria.,,,,Clementine,VUL
20,Proverbs,29,24,Proverbs 29:24,1,Qui,,,,Clementine,VUL
20,Proverbs,29,24,Proverbs 29:24,2,cum,,,,Clementine,VUL
20,Proverbs,29,24,Proverbs 29:24,3,fure,,,,Clementine,VUL
20,Proverbs,29,24,Proverbs 29:24,4,participat,,,,Clementine,VUL
20,Proverbs,29,24,Proverbs 29:24,5,odit,,,,Clementine,VUL
20,Proverbs,29,24,Proverbs 29:24,6,animam,,,,Clementine,VUL
20,Proverbs,29,24,Proverbs 29:24,7,suam,,,,Clementine,VUL
20,Proverbs,29,24,Proverbs 29:24,8,;,,,,Clementine,VUL
20,Proverbs,29,24,Proverbs 29:24,9,adjurantem,,,,Clementine,VUL
20,Proverbs,29,24,Proverbs 29:24,10,"audit,",,,,Clementine,VUL
20,Proverbs,29,24,Proverbs 29:24,11,et,,,,Clementine,VUL
20,Proverbs,29,24,Proverbs 29:24,12,non,,,,Clementine,VUL
20,Proverbs,29,24,Proverbs 29:24,13,indicat.,,,,Clementine,VUL
20,Proverbs,29,25,Proverbs 29:25,1,Qui,,,,Clementine,VUL
20,Proverbs,29,25,Proverbs 29:25,2,timet,,,,Clementine,VUL
20,Proverbs,29,25,Proverbs 29:25,3,hominem,,,,Clementine,VUL
20,Proverbs,29,25,Proverbs 29:25,4,cito,,,,Clementine,VUL
20,Proverbs,29,25,Proverbs 29:25,5,corruet,,,,Clementine,VUL
20,Proverbs,29,25,Proverbs 29:25,6,;,,,,Clementine,VUL
20,Proverbs,29,25,Proverbs 29:25,7,qui,,,,Clementine,VUL
20,Proverbs,29,25,Proverbs 29:25,8,sperat,,,,Clementine,VUL
20,Proverbs,29,25,Proverbs 29:25,9,in,,,,Clementine,VUL
20,Proverbs,29,25,Proverbs 29:25,10,Domino,,,,Clementine,VUL
20,Proverbs,29,25,Proverbs 29:25,11,sublevabitur.,,,,Clementine,VUL
20,Proverbs,29,26,Proverbs 29:26,1,Multi,,,,Clementine,VUL
20,Proverbs,29,26,Proverbs 29:26,2,requirunt,,,,Clementine,VUL
20,Proverbs,29,26,Proverbs 29:26,3,faciem,,,,Clementine,VUL
20,Proverbs,29,26,Proverbs 29:26,4,"principis,",,,,Clementine,VUL
20,Proverbs,29,26,Proverbs 29:26,5,et,,,,Clementine,VUL
20,Proverbs,29,26,Proverbs 29:26,6,judicium,,,,Clementine,VUL
20,Proverbs,29,26,Proverbs 29:26,7,a,,,,Clementine,VUL
20,Proverbs,29,26,Proverbs 29:26,8,Domino,,,,Clementine,VUL
20,Proverbs,29,26,Proverbs 29:26,9,egreditur,,,,Clementine,VUL
20,Proverbs,29,26,Proverbs 29:26,10,singulorum.,,,,Clementine,VUL
20,Proverbs,29,27,Proverbs 29:27,1,Abominantur,,,,Clementine,VUL
20,Proverbs,29,27,Proverbs 29:27,2,justi,,,,Clementine,VUL
20,Proverbs,29,27,Proverbs 29:27,3,virum,,,,Clementine,VUL
20,Proverbs,29,27,Proverbs 29:27,4,"impium,",,,,Clementine,VUL
20,Proverbs,29,27,Proverbs 29:27,5,et,,,,Clementine,VUL
20,Proverbs,29,27,Proverbs 29:27,6,abominantur,,,,Clementine,VUL
20,Proverbs,29,27,Proverbs 29:27,7,impii,,,,Clementine,VUL
20,Proverbs,29,27,Proverbs 29:27,8,eos,,,,Clementine,VUL
20,Proverbs,29,27,Proverbs 29:27,9,qui,,,,Clementine,VUL
20,Proverbs,29,27,Proverbs 29:27,10,in,,,,Clementine,VUL
20,Proverbs,29,27,Proverbs 29:27,11,recta,,,,Clementine,VUL
20,Proverbs,29,27,Proverbs 29:27,12,sunt,,,,Clementine,VUL
20,Proverbs,29,27,Proverbs 29:27,13,via.,,,,Clementine,VUL
20,Proverbs,29,27,Proverbs 29:27,14,Verbum,,,,Clementine,VUL
20,Proverbs,29,27,Proverbs 29:27,15,custodiens,,,,Clementine,VUL
20,Proverbs,29,27,Proverbs 29:27,16,filius,,,,Clementine,VUL
20,Proverbs,29,27,Proverbs 29:27,17,extra,,,,Clementine,VUL
20,Proverbs,29,27,Proverbs 29:27,18,perditionem,,,,Clementine,VUL
20,Proverbs,29,27,Proverbs 29:27,19,erit.,,,,Clementine,VUL
20,Proverbs,30,1,Proverbs 30:1,1,Verba,,,,Clementine,VUL
20,Proverbs,30,1,Proverbs 30:1,2,"Congregantis,",,,,Clementine,VUL
20,Proverbs,30,1,Proverbs 30:1,3,filii,,,,Clementine,VUL
20,Proverbs,30,1,Proverbs 30:1,4,Vomentis.,,,,Clementine,VUL
20,Proverbs,30,1,Proverbs 30:1,5,Visio,,,,Clementine,VUL
20,Proverbs,30,1,Proverbs 30:1,6,quam,,,,Clementine,VUL
20,Proverbs,30,1,Proverbs 30:1,7,locutus,,,,Clementine,VUL
20,Proverbs,30,1,Proverbs 30:1,8,est,,,,Clementine,VUL
20,Proverbs,30,1,Proverbs 30:1,9,vir,,,,Clementine,VUL
20,Proverbs,30,1,Proverbs 30:1,10,cum,,,,Clementine,VUL
20,Proverbs,30,1,Proverbs 30:1,11,quo,,,,Clementine,VUL
20,Proverbs,30,1,Proverbs 30:1,12,est,,,,Clementine,VUL
20,Proverbs,30,1,Proverbs 30:1,13,"Deus,",,,,Clementine,VUL
20,Proverbs,30,1,Proverbs 30:1,14,et,,,,Clementine,VUL
20,Proverbs,30,1,Proverbs 30:1,15,qui,,,,Clementine,VUL
20,Proverbs,30,1,Proverbs 30:1,16,Deo,,,,Clementine,VUL
20,Proverbs,30,1,Proverbs 30:1,17,secum,,,,Clementine,VUL
20,Proverbs,30,1,Proverbs 30:1,18,morante,,,,Clementine,VUL
20,Proverbs,30,1,Proverbs 30:1,19,"confortatus,",,,,Clementine,VUL
20,Proverbs,30,1,Proverbs 30:1,20,ait,,,,Clementine,VUL
20,Proverbs,30,1,Proverbs 30:1,21,:,,,,Clementine,VUL
20,Proverbs,30,2,Proverbs 30:2,1,Stultissimus,,,,Clementine,VUL
20,Proverbs,30,2,Proverbs 30:2,2,sum,,,,Clementine,VUL
20,Proverbs,30,2,Proverbs 30:2,3,"virorum,",,,,Clementine,VUL
20,Proverbs,30,2,Proverbs 30:2,4,et,,,,Clementine,VUL
20,Proverbs,30,2,Proverbs 30:2,5,sapientia,,,,Clementine,VUL
20,Proverbs,30,2,Proverbs 30:2,6,hominum,,,,Clementine,VUL
20,Proverbs,30,2,Proverbs 30:2,7,non,,,,Clementine,VUL
20,Proverbs,30,2,Proverbs 30:2,8,est,,,,Clementine,VUL
20,Proverbs,30,2,Proverbs 30:2,9,mecum.,,,,Clementine,VUL
20,Proverbs,30,3,Proverbs 30:3,1,Non,,,,Clementine,VUL
20,Proverbs,30,3,Proverbs 30:3,2,didici,,,,Clementine,VUL
20,Proverbs,30,3,Proverbs 30:3,3,"sapientiam,",,,,Clementine,VUL
20,Proverbs,30,3,Proverbs 30:3,4,et,,,,Clementine,VUL
20,Proverbs,30,3,Proverbs 30:3,5,non,,,,Clementine,VUL
20,Proverbs,30,3,Proverbs 30:3,6,novi,,,,Clementine,VUL
20,Proverbs,30,3,Proverbs 30:3,7,scientiam,,,,Clementine,VUL
20,Proverbs,30,3,Proverbs 30:3,8,sanctorum.,,,,Clementine,VUL
20,Proverbs,30,4,Proverbs 30:4,1,Quis,,,,Clementine,VUL
20,Proverbs,30,4,Proverbs 30:4,2,ascendit,,,,Clementine,VUL
20,Proverbs,30,4,Proverbs 30:4,3,in,,,,Clementine,VUL
20,Proverbs,30,4,Proverbs 30:4,4,"cælum,",,,,Clementine,VUL
20,Proverbs,30,4,Proverbs 30:4,5,atque,,,,Clementine,VUL
20,Proverbs,30,4,Proverbs 30:4,6,descendit,,,,Clementine,VUL
20,Proverbs,30,4,Proverbs 30:4,7,?,,,,Clementine,VUL
20,Proverbs,30,4,Proverbs 30:4,8,quis,,,,Clementine,VUL
20,Proverbs,30,4,Proverbs 30:4,9,continuit,,,,Clementine,VUL
20,Proverbs,30,4,Proverbs 30:4,10,spiritum,,,,Clementine,VUL
20,Proverbs,30,4,Proverbs 30:4,11,in,,,,Clementine,VUL
20,Proverbs,30,4,Proverbs 30:4,12,manibus,,,,Clementine,VUL
20,Proverbs,30,4,Proverbs 30:4,13,suis,,,,Clementine,VUL
20,Proverbs,30,4,Proverbs 30:4,14,?,,,,Clementine,VUL
20,Proverbs,30,4,Proverbs 30:4,15,quis,,,,Clementine,VUL
20,Proverbs,30,4,Proverbs 30:4,16,colligavit,,,,Clementine,VUL
20,Proverbs,30,4,Proverbs 30:4,17,aquas,,,,Clementine,VUL
20,Proverbs,30,4,Proverbs 30:4,18,quasi,,,,Clementine,VUL
20,Proverbs,30,4,Proverbs 30:4,19,in,,,,Clementine,VUL
20,Proverbs,30,4,Proverbs 30:4,20,vestimento,,,,Clementine,VUL
20,Proverbs,30,4,Proverbs 30:4,21,?,,,,Clementine,VUL
20,Proverbs,30,4,Proverbs 30:4,22,quis,,,,Clementine,VUL
20,Proverbs,30,4,Proverbs 30:4,23,suscitavit,,,,Clementine,VUL
20,Proverbs,30,4,Proverbs 30:4,24,omnes,,,,Clementine,VUL
20,Proverbs,30,4,Proverbs 30:4,25,terminos,,,,Clementine,VUL
20,Proverbs,30,4,Proverbs 30:4,26,terræ,,,,Clementine,VUL
20,Proverbs,30,4,Proverbs 30:4,27,?,,,,Clementine,VUL
20,Proverbs,30,4,Proverbs 30:4,28,quod,,,,Clementine,VUL
20,Proverbs,30,4,Proverbs 30:4,29,nomen,,,,Clementine,VUL
20,Proverbs,30,4,Proverbs 30:4,30,est,,,,Clementine,VUL
20,Proverbs,30,4,Proverbs 30:4,31,"ejus,",,,,Clementine,VUL
20,Proverbs,30,4,Proverbs 30:4,32,et,,,,Clementine,VUL
20,Proverbs,30,4,Proverbs 30:4,33,quod,,,,Clementine,VUL
20,Proverbs,30,4,Proverbs 30:4,34,nomen,,,,Clementine,VUL
20,Proverbs,30,4,Proverbs 30:4,35,filii,,,,Clementine,VUL
20,Proverbs,30,4,Proverbs 30:4,36,"ejus,",,,,Clementine,VUL
20,Proverbs,30,4,Proverbs 30:4,37,si,,,,Clementine,VUL
20,Proverbs,30,4,Proverbs 30:4,38,nosti,,,,Clementine,VUL
20,Proverbs,30,4,Proverbs 30:4,39,?,,,,Clementine,VUL
20,Proverbs,30,5,Proverbs 30:5,1,Omnis,,,,Clementine,VUL
20,Proverbs,30,5,Proverbs 30:5,2,sermo,,,,Clementine,VUL
20,Proverbs,30,5,Proverbs 30:5,3,Dei,,,,Clementine,VUL
20,Proverbs,30,5,Proverbs 30:5,4,ignitus,,,,Clementine,VUL
20,Proverbs,30,5,Proverbs 30:5,5,:,,,,Clementine,VUL
20,Proverbs,30,5,Proverbs 30:5,6,clypeus,,,,Clementine,VUL
20,Proverbs,30,5,Proverbs 30:5,7,est,,,,Clementine,VUL
20,Proverbs,30,5,Proverbs 30:5,8,sperantibus,,,,Clementine,VUL
20,Proverbs,30,5,Proverbs 30:5,9,in,,,,Clementine,VUL
20,Proverbs,30,5,Proverbs 30:5,10,se.,,,,Clementine,VUL
20,Proverbs,30,6,Proverbs 30:6,1,Ne,,,,Clementine,VUL
20,Proverbs,30,6,Proverbs 30:6,2,addas,,,,Clementine,VUL
20,Proverbs,30,6,Proverbs 30:6,3,quidquam,,,,Clementine,VUL
20,Proverbs,30,6,Proverbs 30:6,4,verbis,,,,Clementine,VUL
20,Proverbs,30,6,Proverbs 30:6,5,"illius,",,,,Clementine,VUL
20,Proverbs,30,6,Proverbs 30:6,6,et,,,,Clementine,VUL
20,Proverbs,30,6,Proverbs 30:6,7,"arguaris,",,,,Clementine,VUL
20,Proverbs,30,6,Proverbs 30:6,8,inveniarisque,,,,Clementine,VUL
20,Proverbs,30,6,Proverbs 30:6,9,mendax.,,,,Clementine,VUL
20,Proverbs,30,7,Proverbs 30:7,1,Duo,,,,Clementine,VUL
20,Proverbs,30,7,Proverbs 30:7,2,rogavi,,,,Clementine,VUL
20,Proverbs,30,7,Proverbs 30:7,3,te,,,,Clementine,VUL
20,Proverbs,30,7,Proverbs 30:7,4,:,,,,Clementine,VUL
20,Proverbs,30,7,Proverbs 30:7,5,ne,,,,Clementine,VUL
20,Proverbs,30,7,Proverbs 30:7,6,deneges,,,,Clementine,VUL
20,Proverbs,30,7,Proverbs 30:7,7,mihi,,,,Clementine,VUL
20,Proverbs,30,7,Proverbs 30:7,8,antequam,,,,Clementine,VUL
20,Proverbs,30,7,Proverbs 30:7,9,moriar,,,,Clementine,VUL
20,Proverbs,30,7,Proverbs 30:7,10,:,,,,Clementine,VUL
20,Proverbs,30,8,Proverbs 30:8,1,vanitatem,,,,Clementine,VUL
20,Proverbs,30,8,Proverbs 30:8,2,et,,,,Clementine,VUL
20,Proverbs,30,8,Proverbs 30:8,3,verba,,,,Clementine,VUL
20,Proverbs,30,8,Proverbs 30:8,4,mendacia,,,,Clementine,VUL
20,Proverbs,30,8,Proverbs 30:8,5,longe,,,,Clementine,VUL
20,Proverbs,30,8,Proverbs 30:8,6,fac,,,,Clementine,VUL
20,Proverbs,30,8,Proverbs 30:8,7,a,,,,Clementine,VUL
20,Proverbs,30,8,Proverbs 30:8,8,me,,,,Clementine,VUL
20,Proverbs,30,8,Proverbs 30:8,9,;,,,,Clementine,VUL
20,Proverbs,30,8,Proverbs 30:8,10,mendicitatem,,,,Clementine,VUL
20,Proverbs,30,8,Proverbs 30:8,11,et,,,,Clementine,VUL
20,Proverbs,30,8,Proverbs 30:8,12,divitias,,,,Clementine,VUL
20,Proverbs,30,8,Proverbs 30:8,13,ne,,,,Clementine,VUL
20,Proverbs,30,8,Proverbs 30:8,14,dederis,,,,Clementine,VUL
20,Proverbs,30,8,Proverbs 30:8,15,mihi,,,,Clementine,VUL
20,Proverbs,30,8,Proverbs 30:8,16,:,,,,Clementine,VUL
20,Proverbs,30,8,Proverbs 30:8,17,tribue,,,,Clementine,VUL
20,Proverbs,30,8,Proverbs 30:8,18,tantum,,,,Clementine,VUL
20,Proverbs,30,8,Proverbs 30:8,19,victui,,,,Clementine,VUL
20,Proverbs,30,8,Proverbs 30:8,20,meo,,,,Clementine,VUL
20,Proverbs,30,8,Proverbs 30:8,21,"necessaria,",,,,Clementine,VUL
20,Proverbs,30,9,Proverbs 30:9,1,ne,,,,Clementine,VUL
20,Proverbs,30,9,Proverbs 30:9,2,forte,,,,Clementine,VUL
20,Proverbs,30,9,Proverbs 30:9,3,satiatus,,,,Clementine,VUL
20,Proverbs,30,9,Proverbs 30:9,4,illiciar,,,,Clementine,VUL
20,Proverbs,30,9,Proverbs 30:9,5,ad,,,,Clementine,VUL
20,Proverbs,30,9,Proverbs 30:9,6,"negandum,",,,,Clementine,VUL
20,Proverbs,30,9,Proverbs 30:9,7,et,,,,Clementine,VUL
20,Proverbs,30,9,Proverbs 30:9,8,dicam,,,,Clementine,VUL
20,Proverbs,30,9,Proverbs 30:9,9,:,,,,Clementine,VUL
20,Proverbs,30,9,Proverbs 30:9,10,Quis,,,,Clementine,VUL
20,Proverbs,30,9,Proverbs 30:9,11,est,,,,Clementine,VUL
20,Proverbs,30,9,Proverbs 30:9,12,Dominus,,,,Clementine,VUL
20,Proverbs,30,9,Proverbs 30:9,13,?,,,,Clementine,VUL
20,Proverbs,30,9,Proverbs 30:9,14,aut,,,,Clementine,VUL
20,Proverbs,30,9,Proverbs 30:9,15,egestate,,,,Clementine,VUL
20,Proverbs,30,9,Proverbs 30:9,16,"compulsus,",,,,Clementine,VUL
20,Proverbs,30,9,Proverbs 30:9,17,"furer,",,,,Clementine,VUL
20,Proverbs,30,9,Proverbs 30:9,18,et,,,,Clementine,VUL
20,Proverbs,30,9,Proverbs 30:9,19,perjurem,,,,Clementine,VUL
20,Proverbs,30,9,Proverbs 30:9,20,nomen,,,,Clementine,VUL
20,Proverbs,30,9,Proverbs 30:9,21,Dei,,,,Clementine,VUL
20,Proverbs,30,9,Proverbs 30:9,22,mei.,,,,Clementine,VUL
20,Proverbs,30,10,Proverbs 30:10,1,Ne,,,,Clementine,VUL
20,Proverbs,30,10,Proverbs 30:10,2,accuses,,,,Clementine,VUL
20,Proverbs,30,10,Proverbs 30:10,3,servum,,,,Clementine,VUL
20,Proverbs,30,10,Proverbs 30:10,4,ad,,,,Clementine,VUL
20,Proverbs,30,10,Proverbs 30:10,5,dominum,,,,Clementine,VUL
20,Proverbs,30,10,Proverbs 30:10,6,"suum,",,,,Clementine,VUL
20,Proverbs,30,10,Proverbs 30:10,7,ne,,,,Clementine,VUL
20,Proverbs,30,10,Proverbs 30:10,8,forte,,,,Clementine,VUL
20,Proverbs,30,10,Proverbs 30:10,9,maledicat,,,,Clementine,VUL
20,Proverbs,30,10,Proverbs 30:10,10,"tibi,",,,,Clementine,VUL
20,Proverbs,30,10,Proverbs 30:10,11,et,,,,Clementine,VUL
20,Proverbs,30,10,Proverbs 30:10,12,corruas.,,,,Clementine,VUL
20,Proverbs,30,11,Proverbs 30:11,1,Generatio,,,,Clementine,VUL
20,Proverbs,30,11,Proverbs 30:11,2,quæ,,,,Clementine,VUL
20,Proverbs,30,11,Proverbs 30:11,3,patri,,,,Clementine,VUL
20,Proverbs,30,11,Proverbs 30:11,4,suo,,,,Clementine,VUL
20,Proverbs,30,11,Proverbs 30:11,5,"maledicit,",,,,Clementine,VUL
20,Proverbs,30,11,Proverbs 30:11,6,et,,,,Clementine,VUL
20,Proverbs,30,11,Proverbs 30:11,7,quæ,,,,Clementine,VUL
20,Proverbs,30,11,Proverbs 30:11,8,matri,,,,Clementine,VUL
20,Proverbs,30,11,Proverbs 30:11,9,suæ,,,,Clementine,VUL
20,Proverbs,30,11,Proverbs 30:11,10,non,,,,Clementine,VUL
20,Proverbs,30,11,Proverbs 30:11,11,benedicit,,,,Clementine,VUL
20,Proverbs,30,11,Proverbs 30:11,12,;,,,,Clementine,VUL
20,Proverbs,30,12,Proverbs 30:12,1,generatio,,,,Clementine,VUL
20,Proverbs,30,12,Proverbs 30:12,2,quæ,,,,Clementine,VUL
20,Proverbs,30,12,Proverbs 30:12,3,sibi,,,,Clementine,VUL
20,Proverbs,30,12,Proverbs 30:12,4,munda,,,,Clementine,VUL
20,Proverbs,30,12,Proverbs 30:12,5,"videtur,",,,,Clementine,VUL
20,Proverbs,30,12,Proverbs 30:12,6,et,,,,Clementine,VUL
20,Proverbs,30,12,Proverbs 30:12,7,tamen,,,,Clementine,VUL
20,Proverbs,30,12,Proverbs 30:12,8,non,,,,Clementine,VUL
20,Proverbs,30,12,Proverbs 30:12,9,est,,,,Clementine,VUL
20,Proverbs,30,12,Proverbs 30:12,10,lota,,,,Clementine,VUL
20,Proverbs,30,12,Proverbs 30:12,11,a,,,,Clementine,VUL
20,Proverbs,30,12,Proverbs 30:12,12,sordibus,,,,Clementine,VUL
20,Proverbs,30,12,Proverbs 30:12,13,suis,,,,Clementine,VUL
20,Proverbs,30,12,Proverbs 30:12,14,;,,,,Clementine,VUL
20,Proverbs,30,13,Proverbs 30:13,1,generatio,,,,Clementine,VUL
20,Proverbs,30,13,Proverbs 30:13,2,cujus,,,,Clementine,VUL
20,Proverbs,30,13,Proverbs 30:13,3,excelsi,,,,Clementine,VUL
20,Proverbs,30,13,Proverbs 30:13,4,sunt,,,,Clementine,VUL
20,Proverbs,30,13,Proverbs 30:13,5,"oculi,",,,,Clementine,VUL
20,Proverbs,30,13,Proverbs 30:13,6,et,,,,Clementine,VUL
20,Proverbs,30,13,Proverbs 30:13,7,palpebræ,,,,Clementine,VUL
20,Proverbs,30,13,Proverbs 30:13,8,ejus,,,,Clementine,VUL
20,Proverbs,30,13,Proverbs 30:13,9,in,,,,Clementine,VUL
20,Proverbs,30,13,Proverbs 30:13,10,alta,,,,Clementine,VUL
20,Proverbs,30,13,Proverbs 30:13,11,surrectæ,,,,Clementine,VUL
20,Proverbs,30,13,Proverbs 30:13,12,;,,,,Clementine,VUL
20,Proverbs,30,14,Proverbs 30:14,1,generatio,,,,Clementine,VUL
20,Proverbs,30,14,Proverbs 30:14,2,quæ,,,,Clementine,VUL
20,Proverbs,30,14,Proverbs 30:14,3,pro,,,,Clementine,VUL
20,Proverbs,30,14,Proverbs 30:14,4,dentibus,,,,Clementine,VUL
20,Proverbs,30,14,Proverbs 30:14,5,gladios,,,,Clementine,VUL
20,Proverbs,30,14,Proverbs 30:14,6,"habet,",,,,Clementine,VUL
20,Proverbs,30,14,Proverbs 30:14,7,et,,,,Clementine,VUL
20,Proverbs,30,14,Proverbs 30:14,8,commandit,,,,Clementine,VUL
20,Proverbs,30,14,Proverbs 30:14,9,molaribus,,,,Clementine,VUL
20,Proverbs,30,14,Proverbs 30:14,10,"suis,",,,,Clementine,VUL
20,Proverbs,30,14,Proverbs 30:14,11,ut,,,,Clementine,VUL
20,Proverbs,30,14,Proverbs 30:14,12,comedat,,,,Clementine,VUL
20,Proverbs,30,14,Proverbs 30:14,13,inopes,,,,Clementine,VUL
20,Proverbs,30,14,Proverbs 30:14,14,de,,,,Clementine,VUL
20,Proverbs,30,14,Proverbs 30:14,15,"terra,",,,,Clementine,VUL
20,Proverbs,30,14,Proverbs 30:14,16,et,,,,Clementine,VUL
20,Proverbs,30,14,Proverbs 30:14,17,pauperes,,,,Clementine,VUL
20,Proverbs,30,14,Proverbs 30:14,18,ex,,,,Clementine,VUL
20,Proverbs,30,14,Proverbs 30:14,19,hominibus.,,,,Clementine,VUL
20,Proverbs,30,15,Proverbs 30:15,1,Sanguisugæ,,,,Clementine,VUL
20,Proverbs,30,15,Proverbs 30:15,2,duæ,,,,Clementine,VUL
20,Proverbs,30,15,Proverbs 30:15,3,sunt,,,,Clementine,VUL
20,Proverbs,30,15,Proverbs 30:15,4,"filiæ,",,,,Clementine,VUL
20,Proverbs,30,15,Proverbs 30:15,5,dicentes,,,,Clementine,VUL
20,Proverbs,30,15,Proverbs 30:15,6,:,,,,Clementine,VUL
20,Proverbs,30,15,Proverbs 30:15,7,"Affer,",,,,Clementine,VUL
20,Proverbs,30,15,Proverbs 30:15,8,affer.,,,,Clementine,VUL
20,Proverbs,30,15,Proverbs 30:15,9,Tria,,,,Clementine,VUL
20,Proverbs,30,15,Proverbs 30:15,10,sunt,,,,Clementine,VUL
20,Proverbs,30,15,Proverbs 30:15,11,"insaturabilia,",,,,Clementine,VUL
20,Proverbs,30,15,Proverbs 30:15,12,et,,,,Clementine,VUL
20,Proverbs,30,15,Proverbs 30:15,13,quartum,,,,Clementine,VUL
20,Proverbs,30,15,Proverbs 30:15,14,quod,,,,Clementine,VUL
20,Proverbs,30,15,Proverbs 30:15,15,numquam,,,,Clementine,VUL
20,Proverbs,30,15,Proverbs 30:15,16,dicit,,,,Clementine,VUL
20,Proverbs,30,15,Proverbs 30:15,17,:,,,,Clementine,VUL
20,Proverbs,30,15,Proverbs 30:15,18,Sufficit.,,,,Clementine,VUL
20,Proverbs,30,16,Proverbs 30:16,1,"Infernus,",,,,Clementine,VUL
20,Proverbs,30,16,Proverbs 30:16,2,et,,,,Clementine,VUL
20,Proverbs,30,16,Proverbs 30:16,3,os,,,,Clementine,VUL
20,Proverbs,30,16,Proverbs 30:16,4,"vulvæ,",,,,Clementine,VUL
20,Proverbs,30,16,Proverbs 30:16,5,et,,,,Clementine,VUL
20,Proverbs,30,16,Proverbs 30:16,6,terra,,,,Clementine,VUL
20,Proverbs,30,16,Proverbs 30:16,7,quæ,,,,Clementine,VUL
20,Proverbs,30,16,Proverbs 30:16,8,non,,,,Clementine,VUL
20,Proverbs,30,16,Proverbs 30:16,9,satiatur,,,,Clementine,VUL
20,Proverbs,30,16,Proverbs 30:16,10,aqua,,,,Clementine,VUL
20,Proverbs,30,16,Proverbs 30:16,11,:,,,,Clementine,VUL
20,Proverbs,30,16,Proverbs 30:16,12,ignis,,,,Clementine,VUL
20,Proverbs,30,16,Proverbs 30:16,13,vero,,,,Clementine,VUL
20,Proverbs,30,16,Proverbs 30:16,14,numquam,,,,Clementine,VUL
20,Proverbs,30,16,Proverbs 30:16,15,dicit,,,,Clementine,VUL
20,Proverbs,30,16,Proverbs 30:16,16,:,,,,Clementine,VUL
20,Proverbs,30,16,Proverbs 30:16,17,Sufficit.,,,,Clementine,VUL
20,Proverbs,30,17,Proverbs 30:17,1,Oculum,,,,Clementine,VUL
20,Proverbs,30,17,Proverbs 30:17,2,qui,,,,Clementine,VUL
20,Proverbs,30,17,Proverbs 30:17,3,subsannat,,,,Clementine,VUL
20,Proverbs,30,17,Proverbs 30:17,4,"patrem,",,,,Clementine,VUL
20,Proverbs,30,17,Proverbs 30:17,5,et,,,,Clementine,VUL
20,Proverbs,30,17,Proverbs 30:17,6,qui,,,,Clementine,VUL
20,Proverbs,30,17,Proverbs 30:17,7,despicit,,,,Clementine,VUL
20,Proverbs,30,17,Proverbs 30:17,8,partum,,,,Clementine,VUL
20,Proverbs,30,17,Proverbs 30:17,9,matris,,,,Clementine,VUL
20,Proverbs,30,17,Proverbs 30:17,10,"suæ,",,,,Clementine,VUL
20,Proverbs,30,17,Proverbs 30:17,11,effodiant,,,,Clementine,VUL
20,Proverbs,30,17,Proverbs 30:17,12,eum,,,,Clementine,VUL
20,Proverbs,30,17,Proverbs 30:17,13,corvi,,,,Clementine,VUL
20,Proverbs,30,17,Proverbs 30:17,14,de,,,,Clementine,VUL
20,Proverbs,30,17,Proverbs 30:17,15,"torrentibus,",,,,Clementine,VUL
20,Proverbs,30,17,Proverbs 30:17,16,et,,,,Clementine,VUL
20,Proverbs,30,17,Proverbs 30:17,17,comedant,,,,Clementine,VUL
20,Proverbs,30,17,Proverbs 30:17,18,eum,,,,Clementine,VUL
20,Proverbs,30,17,Proverbs 30:17,19,filii,,,,Clementine,VUL
20,Proverbs,30,17,Proverbs 30:17,20,aquilæ,,,,Clementine,VUL
20,Proverbs,30,17,Proverbs 30:17,21,!,,,,Clementine,VUL
20,Proverbs,30,18,Proverbs 30:18,1,Tria,,,,Clementine,VUL
20,Proverbs,30,18,Proverbs 30:18,2,sunt,,,,Clementine,VUL
20,Proverbs,30,18,Proverbs 30:18,3,difficilia,,,,Clementine,VUL
20,Proverbs,30,18,Proverbs 30:18,4,"mihi,",,,,Clementine,VUL
20,Proverbs,30,18,Proverbs 30:18,5,et,,,,Clementine,VUL
20,Proverbs,30,18,Proverbs 30:18,6,quartum,,,,Clementine,VUL
20,Proverbs,30,18,Proverbs 30:18,7,penitus,,,,Clementine,VUL
20,Proverbs,30,18,Proverbs 30:18,8,ignoro,,,,Clementine,VUL
20,Proverbs,30,18,Proverbs 30:18,9,:,,,,Clementine,VUL
20,Proverbs,30,19,Proverbs 30:19,1,viam,,,,Clementine,VUL
20,Proverbs,30,19,Proverbs 30:19,2,aquilæ,,,,Clementine,VUL
20,Proverbs,30,19,Proverbs 30:19,3,in,,,,Clementine,VUL
20,Proverbs,30,19,Proverbs 30:19,4,"cælo,",,,,Clementine,VUL
20,Proverbs,30,19,Proverbs 30:19,5,viam,,,,Clementine,VUL
20,Proverbs,30,19,Proverbs 30:19,6,colubri,,,,Clementine,VUL
20,Proverbs,30,19,Proverbs 30:19,7,super,,,,Clementine,VUL
20,Proverbs,30,19,Proverbs 30:19,8,"petram,",,,,Clementine,VUL
20,Proverbs,30,19,Proverbs 30:19,9,viam,,,,Clementine,VUL
20,Proverbs,30,19,Proverbs 30:19,10,navis,,,,Clementine,VUL
20,Proverbs,30,19,Proverbs 30:19,11,in,,,,Clementine,VUL
20,Proverbs,30,19,Proverbs 30:19,12,medio,,,,Clementine,VUL
20,Proverbs,30,19,Proverbs 30:19,13,"mari,",,,,Clementine,VUL
20,Proverbs,30,19,Proverbs 30:19,14,et,,,,Clementine,VUL
20,Proverbs,30,19,Proverbs 30:19,15,viam,,,,Clementine,VUL
20,Proverbs,30,19,Proverbs 30:19,16,viri,,,,Clementine,VUL
20,Proverbs,30,19,Proverbs 30:19,17,in,,,,Clementine,VUL
20,Proverbs,30,19,Proverbs 30:19,18,adolescentia.,,,,Clementine,VUL
20,Proverbs,30,20,Proverbs 30:20,1,Talis,,,,Clementine,VUL
20,Proverbs,30,20,Proverbs 30:20,2,est,,,,Clementine,VUL
20,Proverbs,30,20,Proverbs 30:20,3,et,,,,Clementine,VUL
20,Proverbs,30,20,Proverbs 30:20,4,via,,,,Clementine,VUL
20,Proverbs,30,20,Proverbs 30:20,5,mulieris,,,,Clementine,VUL
20,Proverbs,30,20,Proverbs 30:20,6,"adulteræ,",,,,Clementine,VUL
20,Proverbs,30,20,Proverbs 30:20,7,quæ,,,,Clementine,VUL
20,Proverbs,30,20,Proverbs 30:20,8,"comedit,",,,,Clementine,VUL
20,Proverbs,30,20,Proverbs 30:20,9,et,,,,Clementine,VUL
20,Proverbs,30,20,Proverbs 30:20,10,tergens,,,,Clementine,VUL
20,Proverbs,30,20,Proverbs 30:20,11,os,,,,Clementine,VUL
20,Proverbs,30,20,Proverbs 30:20,12,suum,,,,Clementine,VUL
20,Proverbs,30,20,Proverbs 30:20,13,dicit,,,,Clementine,VUL
20,Proverbs,30,20,Proverbs 30:20,14,:,,,,Clementine,VUL
20,Proverbs,30,20,Proverbs 30:20,15,Non,,,,Clementine,VUL
20,Proverbs,30,20,Proverbs 30:20,16,sum,,,,Clementine,VUL
20,Proverbs,30,20,Proverbs 30:20,17,operata,,,,Clementine,VUL
20,Proverbs,30,20,Proverbs 30:20,18,malum.,,,,Clementine,VUL
20,Proverbs,30,21,Proverbs 30:21,1,Per,,,,Clementine,VUL
20,Proverbs,30,21,Proverbs 30:21,2,tria,,,,Clementine,VUL
20,Proverbs,30,21,Proverbs 30:21,3,movetur,,,,Clementine,VUL
20,Proverbs,30,21,Proverbs 30:21,4,"terra,",,,,Clementine,VUL
20,Proverbs,30,21,Proverbs 30:21,5,et,,,,Clementine,VUL
20,Proverbs,30,21,Proverbs 30:21,6,quartum,,,,Clementine,VUL
20,Proverbs,30,21,Proverbs 30:21,7,non,,,,Clementine,VUL
20,Proverbs,30,21,Proverbs 30:21,8,potest,,,,Clementine,VUL
20,Proverbs,30,21,Proverbs 30:21,9,sustinere,,,,Clementine,VUL
20,Proverbs,30,21,Proverbs 30:21,10,:,,,,Clementine,VUL
20,Proverbs,30,22,Proverbs 30:22,1,per,,,,Clementine,VUL
20,Proverbs,30,22,Proverbs 30:22,2,"servum,",,,,Clementine,VUL
20,Proverbs,30,22,Proverbs 30:22,3,cum,,,,Clementine,VUL
20,Proverbs,30,22,Proverbs 30:22,4,regnaverit,,,,Clementine,VUL
20,Proverbs,30,22,Proverbs 30:22,5,;,,,,Clementine,VUL
20,Proverbs,30,22,Proverbs 30:22,6,per,,,,Clementine,VUL
20,Proverbs,30,22,Proverbs 30:22,7,"stultum,",,,,Clementine,VUL
20,Proverbs,30,22,Proverbs 30:22,8,cum,,,,Clementine,VUL
20,Proverbs,30,22,Proverbs 30:22,9,saturatus,,,,Clementine,VUL
20,Proverbs,30,22,Proverbs 30:22,10,fuerit,,,,Clementine,VUL
20,Proverbs,30,22,Proverbs 30:22,11,cibo,,,,Clementine,VUL
20,Proverbs,30,22,Proverbs 30:22,12,;,,,,Clementine,VUL
20,Proverbs,30,23,Proverbs 30:23,1,per,,,,Clementine,VUL
20,Proverbs,30,23,Proverbs 30:23,2,odiosam,,,,Clementine,VUL
20,Proverbs,30,23,Proverbs 30:23,3,"mulierem,",,,,Clementine,VUL
20,Proverbs,30,23,Proverbs 30:23,4,cum,,,,Clementine,VUL
20,Proverbs,30,23,Proverbs 30:23,5,in,,,,Clementine,VUL
20,Proverbs,30,23,Proverbs 30:23,6,matrimonio,,,,Clementine,VUL
20,Proverbs,30,23,Proverbs 30:23,7,fuerit,,,,Clementine,VUL
20,Proverbs,30,23,Proverbs 30:23,8,assumpta,,,,Clementine,VUL
20,Proverbs,30,23,Proverbs 30:23,9,;,,,,Clementine,VUL
20,Proverbs,30,23,Proverbs 30:23,10,et,,,,Clementine,VUL
20,Proverbs,30,23,Proverbs 30:23,11,per,,,,Clementine,VUL
20,Proverbs,30,23,Proverbs 30:23,12,"ancillam,",,,,Clementine,VUL
20,Proverbs,30,23,Proverbs 30:23,13,cum,,,,Clementine,VUL
20,Proverbs,30,23,Proverbs 30:23,14,fuerit,,,,Clementine,VUL
20,Proverbs,30,23,Proverbs 30:23,15,hæres,,,,Clementine,VUL
20,Proverbs,30,23,Proverbs 30:23,16,dominæ,,,,Clementine,VUL
20,Proverbs,30,23,Proverbs 30:23,17,suæ.,,,,Clementine,VUL
20,Proverbs,30,24,Proverbs 30:24,1,Quatuor,,,,Clementine,VUL
20,Proverbs,30,24,Proverbs 30:24,2,sunt,,,,Clementine,VUL
20,Proverbs,30,24,Proverbs 30:24,3,minima,,,,Clementine,VUL
20,Proverbs,30,24,Proverbs 30:24,4,"terræ,",,,,Clementine,VUL
20,Proverbs,30,24,Proverbs 30:24,5,et,,,,Clementine,VUL
20,Proverbs,30,24,Proverbs 30:24,6,ipsa,,,,Clementine,VUL
20,Proverbs,30,24,Proverbs 30:24,7,sunt,,,,Clementine,VUL
20,Proverbs,30,24,Proverbs 30:24,8,sapientiora,,,,Clementine,VUL
20,Proverbs,30,24,Proverbs 30:24,9,sapientibus,,,,Clementine,VUL
20,Proverbs,30,24,Proverbs 30:24,10,:,,,,Clementine,VUL
20,Proverbs,30,25,Proverbs 30:25,1,"formicæ,",,,,Clementine,VUL
20,Proverbs,30,25,Proverbs 30:25,2,populus,,,,Clementine,VUL
20,Proverbs,30,25,Proverbs 30:25,3,"infirmus,",,,,Clementine,VUL
20,Proverbs,30,25,Proverbs 30:25,4,qui,,,,Clementine,VUL
20,Proverbs,30,25,Proverbs 30:25,5,præparat,,,,Clementine,VUL
20,Proverbs,30,25,Proverbs 30:25,6,in,,,,Clementine,VUL
20,Proverbs,30,25,Proverbs 30:25,7,messe,,,,Clementine,VUL
20,Proverbs,30,25,Proverbs 30:25,8,cibum,,,,Clementine,VUL
20,Proverbs,30,25,Proverbs 30:25,9,sibi,,,,Clementine,VUL
20,Proverbs,30,25,Proverbs 30:25,10,;,,,,Clementine,VUL
20,Proverbs,30,26,Proverbs 30:26,1,"lepusculus,",,,,Clementine,VUL
20,Proverbs,30,26,Proverbs 30:26,2,plebs,,,,Clementine,VUL
20,Proverbs,30,26,Proverbs 30:26,3,"invalida,",,,,Clementine,VUL
20,Proverbs,30,26,Proverbs 30:26,4,qui,,,,Clementine,VUL
20,Proverbs,30,26,Proverbs 30:26,5,collocat,,,,Clementine,VUL
20,Proverbs,30,26,Proverbs 30:26,6,in,,,,Clementine,VUL
20,Proverbs,30,26,Proverbs 30:26,7,petra,,,,Clementine,VUL
20,Proverbs,30,26,Proverbs 30:26,8,cubile,,,,Clementine,VUL
20,Proverbs,30,26,Proverbs 30:26,9,suum,,,,Clementine,VUL
20,Proverbs,30,26,Proverbs 30:26,10,;,,,,Clementine,VUL
20,Proverbs,30,27,Proverbs 30:27,1,regem,,,,Clementine,VUL
20,Proverbs,30,27,Proverbs 30:27,2,locusta,,,,Clementine,VUL
20,Proverbs,30,27,Proverbs 30:27,3,non,,,,Clementine,VUL
20,Proverbs,30,27,Proverbs 30:27,4,"habet,",,,,Clementine,VUL
20,Proverbs,30,27,Proverbs 30:27,5,et,,,,Clementine,VUL
20,Proverbs,30,27,Proverbs 30:27,6,egreditur,,,,Clementine,VUL
20,Proverbs,30,27,Proverbs 30:27,7,universa,,,,Clementine,VUL
20,Proverbs,30,27,Proverbs 30:27,8,per,,,,Clementine,VUL
20,Proverbs,30,27,Proverbs 30:27,9,turmas,,,,Clementine,VUL
20,Proverbs,30,27,Proverbs 30:27,10,suas,,,,Clementine,VUL
20,Proverbs,30,27,Proverbs 30:27,11,;,,,,Clementine,VUL
20,Proverbs,30,28,Proverbs 30:28,1,stellio,,,,Clementine,VUL
20,Proverbs,30,28,Proverbs 30:28,2,manibus,,,,Clementine,VUL
20,Proverbs,30,28,Proverbs 30:28,3,"nititur,",,,,Clementine,VUL
20,Proverbs,30,28,Proverbs 30:28,4,et,,,,Clementine,VUL
20,Proverbs,30,28,Proverbs 30:28,5,moratur,,,,Clementine,VUL
20,Proverbs,30,28,Proverbs 30:28,6,in,,,,Clementine,VUL
20,Proverbs,30,28,Proverbs 30:28,7,ædibus,,,,Clementine,VUL
20,Proverbs,30,28,Proverbs 30:28,8,regis.,,,,Clementine,VUL
20,Proverbs,30,29,Proverbs 30:29,1,Tria,,,,Clementine,VUL
20,Proverbs,30,29,Proverbs 30:29,2,sunt,,,,Clementine,VUL
20,Proverbs,30,29,Proverbs 30:29,3,quæ,,,,Clementine,VUL
20,Proverbs,30,29,Proverbs 30:29,4,bene,,,,Clementine,VUL
20,Proverbs,30,29,Proverbs 30:29,5,"gradiuntur,",,,,Clementine,VUL
20,Proverbs,30,29,Proverbs 30:29,6,et,,,,Clementine,VUL
20,Proverbs,30,29,Proverbs 30:29,7,quartum,,,,Clementine,VUL
20,Proverbs,30,29,Proverbs 30:29,8,quod,,,,Clementine,VUL
20,Proverbs,30,29,Proverbs 30:29,9,incedit,,,,Clementine,VUL
20,Proverbs,30,29,Proverbs 30:29,10,feliciter,,,,Clementine,VUL
20,Proverbs,30,29,Proverbs 30:29,11,:,,,,Clementine,VUL
20,Proverbs,30,30,Proverbs 30:30,1,"leo,",,,,Clementine,VUL
20,Proverbs,30,30,Proverbs 30:30,2,fortissimus,,,,Clementine,VUL
20,Proverbs,30,30,Proverbs 30:30,3,"bestiarum,",,,,Clementine,VUL
20,Proverbs,30,30,Proverbs 30:30,4,ad,,,,Clementine,VUL
20,Proverbs,30,30,Proverbs 30:30,5,nullius,,,,Clementine,VUL
20,Proverbs,30,30,Proverbs 30:30,6,pavebit,,,,Clementine,VUL
20,Proverbs,30,30,Proverbs 30:30,7,occursum,,,,Clementine,VUL
20,Proverbs,30,30,Proverbs 30:30,8,;,,,,Clementine,VUL
20,Proverbs,30,31,Proverbs 30:31,1,gallus,,,,Clementine,VUL
20,Proverbs,30,31,Proverbs 30:31,2,succinctus,,,,Clementine,VUL
20,Proverbs,30,31,Proverbs 30:31,3,lumbos,,,,Clementine,VUL
20,Proverbs,30,31,Proverbs 30:31,4,;,,,,Clementine,VUL
20,Proverbs,30,31,Proverbs 30:31,5,et,,,,Clementine,VUL
20,Proverbs,30,31,Proverbs 30:31,6,aries,,,,Clementine,VUL
20,Proverbs,30,31,Proverbs 30:31,7,;,,,,Clementine,VUL
20,Proverbs,30,31,Proverbs 30:31,8,nec,,,,Clementine,VUL
20,Proverbs,30,31,Proverbs 30:31,9,est,,,,Clementine,VUL
20,Proverbs,30,31,Proverbs 30:31,10,"rex,",,,,Clementine,VUL
20,Proverbs,30,31,Proverbs 30:31,11,qui,,,,Clementine,VUL
20,Proverbs,30,31,Proverbs 30:31,12,resistat,,,,Clementine,VUL
20,Proverbs,30,31,Proverbs 30:31,13,ei.,,,,Clementine,VUL
20,Proverbs,30,32,Proverbs 30:32,1,Est,,,,Clementine,VUL
20,Proverbs,30,32,Proverbs 30:32,2,qui,,,,Clementine,VUL
20,Proverbs,30,32,Proverbs 30:32,3,stultus,,,,Clementine,VUL
20,Proverbs,30,32,Proverbs 30:32,4,apparuit,,,,Clementine,VUL
20,Proverbs,30,32,Proverbs 30:32,5,postquam,,,,Clementine,VUL
20,Proverbs,30,32,Proverbs 30:32,6,elevatus,,,,Clementine,VUL
20,Proverbs,30,32,Proverbs 30:32,7,est,,,,Clementine,VUL
20,Proverbs,30,32,Proverbs 30:32,8,in,,,,Clementine,VUL
20,Proverbs,30,32,Proverbs 30:32,9,sublime,,,,Clementine,VUL
20,Proverbs,30,32,Proverbs 30:32,10,;,,,,Clementine,VUL
20,Proverbs,30,32,Proverbs 30:32,11,si,,,,Clementine,VUL
20,Proverbs,30,32,Proverbs 30:32,12,enim,,,,Clementine,VUL
20,Proverbs,30,32,Proverbs 30:32,13,"intellexisset,",,,,Clementine,VUL
20,Proverbs,30,32,Proverbs 30:32,14,ori,,,,Clementine,VUL
20,Proverbs,30,32,Proverbs 30:32,15,suo,,,,Clementine,VUL
20,Proverbs,30,32,Proverbs 30:32,16,imposuisset,,,,Clementine,VUL
20,Proverbs,30,32,Proverbs 30:32,17,manum.,,,,Clementine,VUL
20,Proverbs,30,33,Proverbs 30:33,1,Qui,,,,Clementine,VUL
20,Proverbs,30,33,Proverbs 30:33,2,autem,,,,Clementine,VUL
20,Proverbs,30,33,Proverbs 30:33,3,fortiter,,,,Clementine,VUL
20,Proverbs,30,33,Proverbs 30:33,4,premit,,,,Clementine,VUL
20,Proverbs,30,33,Proverbs 30:33,5,ubera,,,,Clementine,VUL
20,Proverbs,30,33,Proverbs 30:33,6,ad,,,,Clementine,VUL
20,Proverbs,30,33,Proverbs 30:33,7,eliciendum,,,,Clementine,VUL
20,Proverbs,30,33,Proverbs 30:33,8,lac,,,,Clementine,VUL
20,Proverbs,30,33,Proverbs 30:33,9,exprimit,,,,Clementine,VUL
20,Proverbs,30,33,Proverbs 30:33,10,butyrum,,,,Clementine,VUL
20,Proverbs,30,33,Proverbs 30:33,11,;,,,,Clementine,VUL
20,Proverbs,30,33,Proverbs 30:33,12,et,,,,Clementine,VUL
20,Proverbs,30,33,Proverbs 30:33,13,qui,,,,Clementine,VUL
20,Proverbs,30,33,Proverbs 30:33,14,vehementer,,,,Clementine,VUL
20,Proverbs,30,33,Proverbs 30:33,15,emungit,,,,Clementine,VUL
20,Proverbs,30,33,Proverbs 30:33,16,elicit,,,,Clementine,VUL
20,Proverbs,30,33,Proverbs 30:33,17,sanguinem,,,,Clementine,VUL
20,Proverbs,30,33,Proverbs 30:33,18,;,,,,Clementine,VUL
20,Proverbs,30,33,Proverbs 30:33,19,et,,,,Clementine,VUL
20,Proverbs,30,33,Proverbs 30:33,20,qui,,,,Clementine,VUL
20,Proverbs,30,33,Proverbs 30:33,21,provocat,,,,Clementine,VUL
20,Proverbs,30,33,Proverbs 30:33,22,iras,,,,Clementine,VUL
20,Proverbs,30,33,Proverbs 30:33,23,producit,,,,Clementine,VUL
20,Proverbs,30,33,Proverbs 30:33,24,discordias.,,,,Clementine,VUL
20,Proverbs,31,1,Proverbs 31:1,1,Verba,,,,Clementine,VUL
20,Proverbs,31,1,Proverbs 31:1,2,Lamuelis,,,,Clementine,VUL
20,Proverbs,31,1,Proverbs 31:1,3,regis.,,,,Clementine,VUL
20,Proverbs,31,1,Proverbs 31:1,4,Visio,,,,Clementine,VUL
20,Proverbs,31,1,Proverbs 31:1,5,qua,,,,Clementine,VUL
20,Proverbs,31,1,Proverbs 31:1,6,erudivit,,,,Clementine,VUL
20,Proverbs,31,1,Proverbs 31:1,7,eum,,,,Clementine,VUL
20,Proverbs,31,1,Proverbs 31:1,8,mater,,,,Clementine,VUL
20,Proverbs,31,1,Proverbs 31:1,9,sua.,,,,Clementine,VUL
20,Proverbs,31,2,Proverbs 31:2,1,"Quid,",,,,Clementine,VUL
20,Proverbs,31,2,Proverbs 31:2,2,dilecte,,,,Clementine,VUL
20,Proverbs,31,2,Proverbs 31:2,3,mi,,,,Clementine,VUL
20,Proverbs,31,2,Proverbs 31:2,4,?,,,,Clementine,VUL
20,Proverbs,31,2,Proverbs 31:2,5,"quid,",,,,Clementine,VUL
20,Proverbs,31,2,Proverbs 31:2,6,dilecte,,,,Clementine,VUL
20,Proverbs,31,2,Proverbs 31:2,7,uteri,,,,Clementine,VUL
20,Proverbs,31,2,Proverbs 31:2,8,mei,,,,Clementine,VUL
20,Proverbs,31,2,Proverbs 31:2,9,?,,,,Clementine,VUL
20,Proverbs,31,2,Proverbs 31:2,10,"quid,",,,,Clementine,VUL
20,Proverbs,31,2,Proverbs 31:2,11,dilecte,,,,Clementine,VUL
20,Proverbs,31,2,Proverbs 31:2,12,votorum,,,,Clementine,VUL
20,Proverbs,31,2,Proverbs 31:2,13,meorum,,,,Clementine,VUL
20,Proverbs,31,2,Proverbs 31:2,14,?,,,,Clementine,VUL
20,Proverbs,31,3,Proverbs 31:3,1,Ne,,,,Clementine,VUL
20,Proverbs,31,3,Proverbs 31:3,2,dederis,,,,Clementine,VUL
20,Proverbs,31,3,Proverbs 31:3,3,mulieribus,,,,Clementine,VUL
20,Proverbs,31,3,Proverbs 31:3,4,substantiam,,,,Clementine,VUL
20,Proverbs,31,3,Proverbs 31:3,5,"tuam,",,,,Clementine,VUL
20,Proverbs,31,3,Proverbs 31:3,6,et,,,,Clementine,VUL
20,Proverbs,31,3,Proverbs 31:3,7,divitias,,,,Clementine,VUL
20,Proverbs,31,3,Proverbs 31:3,8,tuas,,,,Clementine,VUL
20,Proverbs,31,3,Proverbs 31:3,9,ad,,,,Clementine,VUL
20,Proverbs,31,3,Proverbs 31:3,10,delendos,,,,Clementine,VUL
20,Proverbs,31,3,Proverbs 31:3,11,reges.,,,,Clementine,VUL
20,Proverbs,31,4,Proverbs 31:4,1,Noli,,,,Clementine,VUL
20,Proverbs,31,4,Proverbs 31:4,2,"regibus,",,,,Clementine,VUL
20,Proverbs,31,4,Proverbs 31:4,3,o,,,,Clementine,VUL
20,Proverbs,31,4,Proverbs 31:4,4,"Lamuel,",,,,Clementine,VUL
20,Proverbs,31,4,Proverbs 31:4,5,noli,,,,Clementine,VUL
20,Proverbs,31,4,Proverbs 31:4,6,regibus,,,,Clementine,VUL
20,Proverbs,31,4,Proverbs 31:4,7,dare,,,,Clementine,VUL
20,Proverbs,31,4,Proverbs 31:4,8,"vinum,",,,,Clementine,VUL
20,Proverbs,31,4,Proverbs 31:4,9,quia,,,,Clementine,VUL
20,Proverbs,31,4,Proverbs 31:4,10,nullum,,,,Clementine,VUL
20,Proverbs,31,4,Proverbs 31:4,11,secretum,,,,Clementine,VUL
20,Proverbs,31,4,Proverbs 31:4,12,est,,,,Clementine,VUL
20,Proverbs,31,4,Proverbs 31:4,13,ubi,,,,Clementine,VUL
20,Proverbs,31,4,Proverbs 31:4,14,regnat,,,,Clementine,VUL
20,Proverbs,31,4,Proverbs 31:4,15,ebrietas,,,,Clementine,VUL
20,Proverbs,31,4,Proverbs 31:4,16,;,,,,Clementine,VUL
20,Proverbs,31,5,Proverbs 31:5,1,et,,,,Clementine,VUL
20,Proverbs,31,5,Proverbs 31:5,2,ne,,,,Clementine,VUL
20,Proverbs,31,5,Proverbs 31:5,3,forte,,,,Clementine,VUL
20,Proverbs,31,5,Proverbs 31:5,4,"bibant,",,,,Clementine,VUL
20,Proverbs,31,5,Proverbs 31:5,5,et,,,,Clementine,VUL
20,Proverbs,31,5,Proverbs 31:5,6,obliviscantur,,,,Clementine,VUL
20,Proverbs,31,5,Proverbs 31:5,7,"judiciorum,",,,,Clementine,VUL
20,Proverbs,31,5,Proverbs 31:5,8,et,,,,Clementine,VUL
20,Proverbs,31,5,Proverbs 31:5,9,mutent,,,,Clementine,VUL
20,Proverbs,31,5,Proverbs 31:5,10,causam,,,,Clementine,VUL
20,Proverbs,31,5,Proverbs 31:5,11,filiorum,,,,Clementine,VUL
20,Proverbs,31,5,Proverbs 31:5,12,pauperis.,,,,Clementine,VUL
20,Proverbs,31,6,Proverbs 31:6,1,Date,,,,Clementine,VUL
20,Proverbs,31,6,Proverbs 31:6,2,siceram,,,,Clementine,VUL
20,Proverbs,31,6,Proverbs 31:6,3,"mœrentibus,",,,,Clementine,VUL
20,Proverbs,31,6,Proverbs 31:6,4,et,,,,Clementine,VUL
20,Proverbs,31,6,Proverbs 31:6,5,vinum,,,,Clementine,VUL
20,Proverbs,31,6,Proverbs 31:6,6,his,,,,Clementine,VUL
20,Proverbs,31,6,Proverbs 31:6,7,qui,,,,Clementine,VUL
20,Proverbs,31,6,Proverbs 31:6,8,amaro,,,,Clementine,VUL
20,Proverbs,31,6,Proverbs 31:6,9,sunt,,,,Clementine,VUL
20,Proverbs,31,6,Proverbs 31:6,10,animo.,,,,Clementine,VUL
20,Proverbs,31,7,Proverbs 31:7,1,"Bibant,",,,,Clementine,VUL
20,Proverbs,31,7,Proverbs 31:7,2,et,,,,Clementine,VUL
20,Proverbs,31,7,Proverbs 31:7,3,obliviscantur,,,,Clementine,VUL
20,Proverbs,31,7,Proverbs 31:7,4,egestatis,,,,Clementine,VUL
20,Proverbs,31,7,Proverbs 31:7,5,"suæ,",,,,Clementine,VUL
20,Proverbs,31,7,Proverbs 31:7,6,et,,,,Clementine,VUL
20,Proverbs,31,7,Proverbs 31:7,7,doloris,,,,Clementine,VUL
20,Proverbs,31,7,Proverbs 31:7,8,sui,,,,Clementine,VUL
20,Proverbs,31,7,Proverbs 31:7,9,non,,,,Clementine,VUL
20,Proverbs,31,7,Proverbs 31:7,10,recordentur,,,,Clementine,VUL
20,Proverbs,31,7,Proverbs 31:7,11,amplius.,,,,Clementine,VUL
20,Proverbs,31,8,Proverbs 31:8,1,Aperi,,,,Clementine,VUL
20,Proverbs,31,8,Proverbs 31:8,2,os,,,,Clementine,VUL
20,Proverbs,31,8,Proverbs 31:8,3,tuum,,,,Clementine,VUL
20,Proverbs,31,8,Proverbs 31:8,4,"muto,",,,,Clementine,VUL
20,Proverbs,31,8,Proverbs 31:8,5,et,,,,Clementine,VUL
20,Proverbs,31,8,Proverbs 31:8,6,causis,,,,Clementine,VUL
20,Proverbs,31,8,Proverbs 31:8,7,omnium,,,,Clementine,VUL
20,Proverbs,31,8,Proverbs 31:8,8,filiorum,,,,Clementine,VUL
20,Proverbs,31,8,Proverbs 31:8,9,qui,,,,Clementine,VUL
20,Proverbs,31,8,Proverbs 31:8,10,pertranseunt.,,,,Clementine,VUL
20,Proverbs,31,9,Proverbs 31:9,1,Aperi,,,,Clementine,VUL
20,Proverbs,31,9,Proverbs 31:9,2,os,,,,Clementine,VUL
20,Proverbs,31,9,Proverbs 31:9,3,"tuum,",,,,Clementine,VUL
20,Proverbs,31,9,Proverbs 31:9,4,decerne,,,,Clementine,VUL
20,Proverbs,31,9,Proverbs 31:9,5,quod,,,,Clementine,VUL
20,Proverbs,31,9,Proverbs 31:9,6,justum,,,,Clementine,VUL
20,Proverbs,31,9,Proverbs 31:9,7,"est,",,,,Clementine,VUL
20,Proverbs,31,9,Proverbs 31:9,8,et,,,,Clementine,VUL
20,Proverbs,31,9,Proverbs 31:9,9,judica,,,,Clementine,VUL
20,Proverbs,31,9,Proverbs 31:9,10,inopem,,,,Clementine,VUL
20,Proverbs,31,9,Proverbs 31:9,11,et,,,,Clementine,VUL
20,Proverbs,31,9,Proverbs 31:9,12,pauperem.,,,,Clementine,VUL
20,Proverbs,31,10,Proverbs 31:10,1,Mulierem,,,,Clementine,VUL
20,Proverbs,31,10,Proverbs 31:10,2,fortem,,,,Clementine,VUL
20,Proverbs,31,10,Proverbs 31:10,3,quis,,,,Clementine,VUL
20,Proverbs,31,10,Proverbs 31:10,4,inveniet,,,,Clementine,VUL
20,Proverbs,31,10,Proverbs 31:10,5,?,,,,Clementine,VUL
20,Proverbs,31,10,Proverbs 31:10,6,procul,,,,Clementine,VUL
20,Proverbs,31,10,Proverbs 31:10,7,et,,,,Clementine,VUL
20,Proverbs,31,10,Proverbs 31:10,8,de,,,,Clementine,VUL
20,Proverbs,31,10,Proverbs 31:10,9,ultimis,,,,Clementine,VUL
20,Proverbs,31,10,Proverbs 31:10,10,finibus,,,,Clementine,VUL
20,Proverbs,31,10,Proverbs 31:10,11,pretium,,,,Clementine,VUL
20,Proverbs,31,10,Proverbs 31:10,12,ejus.,,,,Clementine,VUL
20,Proverbs,31,11,Proverbs 31:11,1,Confidit,,,,Clementine,VUL
20,Proverbs,31,11,Proverbs 31:11,2,in,,,,Clementine,VUL
20,Proverbs,31,11,Proverbs 31:11,3,ea,,,,Clementine,VUL
20,Proverbs,31,11,Proverbs 31:11,4,cor,,,,Clementine,VUL
20,Proverbs,31,11,Proverbs 31:11,5,viri,,,,Clementine,VUL
20,Proverbs,31,11,Proverbs 31:11,6,"sui,",,,,Clementine,VUL
20,Proverbs,31,11,Proverbs 31:11,7,et,,,,Clementine,VUL
20,Proverbs,31,11,Proverbs 31:11,8,spoliis,,,,Clementine,VUL
20,Proverbs,31,11,Proverbs 31:11,9,non,,,,Clementine,VUL
20,Proverbs,31,11,Proverbs 31:11,10,indigebit.,,,,Clementine,VUL
20,Proverbs,31,12,Proverbs 31:12,1,Reddet,,,,Clementine,VUL
20,Proverbs,31,12,Proverbs 31:12,2,ei,,,,Clementine,VUL
20,Proverbs,31,12,Proverbs 31:12,3,"bonum,",,,,Clementine,VUL
20,Proverbs,31,12,Proverbs 31:12,4,et,,,,Clementine,VUL
20,Proverbs,31,12,Proverbs 31:12,5,non,,,,Clementine,VUL
20,Proverbs,31,12,Proverbs 31:12,6,"malum,",,,,Clementine,VUL
20,Proverbs,31,12,Proverbs 31:12,7,omnibus,,,,Clementine,VUL
20,Proverbs,31,12,Proverbs 31:12,8,diebus,,,,Clementine,VUL
20,Proverbs,31,12,Proverbs 31:12,9,vitæ,,,,Clementine,VUL
20,Proverbs,31,12,Proverbs 31:12,10,suæ.,,,,Clementine,VUL
20,Proverbs,31,13,Proverbs 31:13,1,Quæsivit,,,,Clementine,VUL
20,Proverbs,31,13,Proverbs 31:13,2,lanam,,,,Clementine,VUL
20,Proverbs,31,13,Proverbs 31:13,3,et,,,,Clementine,VUL
20,Proverbs,31,13,Proverbs 31:13,4,"linum,",,,,Clementine,VUL
20,Proverbs,31,13,Proverbs 31:13,5,et,,,,Clementine,VUL
20,Proverbs,31,13,Proverbs 31:13,6,operata,,,,Clementine,VUL
20,Proverbs,31,13,Proverbs 31:13,7,est,,,,Clementine,VUL
20,Proverbs,31,13,Proverbs 31:13,8,consilia,,,,Clementine,VUL
20,Proverbs,31,13,Proverbs 31:13,9,manuum,,,,Clementine,VUL
20,Proverbs,31,13,Proverbs 31:13,10,suarum.,,,,Clementine,VUL
20,Proverbs,31,14,Proverbs 31:14,1,Facta,,,,Clementine,VUL
20,Proverbs,31,14,Proverbs 31:14,2,est,,,,Clementine,VUL
20,Proverbs,31,14,Proverbs 31:14,3,quasi,,,,Clementine,VUL
20,Proverbs,31,14,Proverbs 31:14,4,navis,,,,Clementine,VUL
20,Proverbs,31,14,Proverbs 31:14,5,"institoris,",,,,Clementine,VUL
20,Proverbs,31,14,Proverbs 31:14,6,de,,,,Clementine,VUL
20,Proverbs,31,14,Proverbs 31:14,7,longe,,,,Clementine,VUL
20,Proverbs,31,14,Proverbs 31:14,8,portans,,,,Clementine,VUL
20,Proverbs,31,14,Proverbs 31:14,9,panem,,,,Clementine,VUL
20,Proverbs,31,14,Proverbs 31:14,10,suum.,,,,Clementine,VUL
20,Proverbs,31,15,Proverbs 31:15,1,Et,,,,Clementine,VUL
20,Proverbs,31,15,Proverbs 31:15,2,de,,,,Clementine,VUL
20,Proverbs,31,15,Proverbs 31:15,3,nocte,,,,Clementine,VUL
20,Proverbs,31,15,Proverbs 31:15,4,"surrexit,",,,,Clementine,VUL
20,Proverbs,31,15,Proverbs 31:15,5,deditque,,,,Clementine,VUL
20,Proverbs,31,15,Proverbs 31:15,6,prædam,,,,Clementine,VUL
20,Proverbs,31,15,Proverbs 31:15,7,domesticis,,,,Clementine,VUL
20,Proverbs,31,15,Proverbs 31:15,8,"suis,",,,,Clementine,VUL
20,Proverbs,31,15,Proverbs 31:15,9,et,,,,Clementine,VUL
20,Proverbs,31,15,Proverbs 31:15,10,cibaria,,,,Clementine,VUL
20,Proverbs,31,15,Proverbs 31:15,11,ancillis,,,,Clementine,VUL
20,Proverbs,31,15,Proverbs 31:15,12,suis.,,,,Clementine,VUL
20,Proverbs,31,16,Proverbs 31:16,1,Consideravit,,,,Clementine,VUL
20,Proverbs,31,16,Proverbs 31:16,2,"agrum,",,,,Clementine,VUL
20,Proverbs,31,16,Proverbs 31:16,3,et,,,,Clementine,VUL
20,Proverbs,31,16,Proverbs 31:16,4,emit,,,,Clementine,VUL
20,Proverbs,31,16,Proverbs 31:16,5,eum,,,,Clementine,VUL
20,Proverbs,31,16,Proverbs 31:16,6,;,,,,Clementine,VUL
20,Proverbs,31,16,Proverbs 31:16,7,de,,,,Clementine,VUL
20,Proverbs,31,16,Proverbs 31:16,8,fructu,,,,Clementine,VUL
20,Proverbs,31,16,Proverbs 31:16,9,manuum,,,,Clementine,VUL
20,Proverbs,31,16,Proverbs 31:16,10,suarum,,,,Clementine,VUL
20,Proverbs,31,16,Proverbs 31:16,11,plantavit,,,,Clementine,VUL
20,Proverbs,31,16,Proverbs 31:16,12,vineam.,,,,Clementine,VUL
20,Proverbs,31,17,Proverbs 31:17,1,Accinxit,,,,Clementine,VUL
20,Proverbs,31,17,Proverbs 31:17,2,fortitudine,,,,Clementine,VUL
20,Proverbs,31,17,Proverbs 31:17,3,lumbos,,,,Clementine,VUL
20,Proverbs,31,17,Proverbs 31:17,4,"suos,",,,,Clementine,VUL
20,Proverbs,31,17,Proverbs 31:17,5,et,,,,Clementine,VUL
20,Proverbs,31,17,Proverbs 31:17,6,roboravit,,,,Clementine,VUL
20,Proverbs,31,17,Proverbs 31:17,7,brachium,,,,Clementine,VUL
20,Proverbs,31,17,Proverbs 31:17,8,suum.,,,,Clementine,VUL
20,Proverbs,31,18,Proverbs 31:18,1,"Gustavit,",,,,Clementine,VUL
20,Proverbs,31,18,Proverbs 31:18,2,et,,,,Clementine,VUL
20,Proverbs,31,18,Proverbs 31:18,3,vidit,,,,Clementine,VUL
20,Proverbs,31,18,Proverbs 31:18,4,quia,,,,Clementine,VUL
20,Proverbs,31,18,Proverbs 31:18,5,bona,,,,Clementine,VUL
20,Proverbs,31,18,Proverbs 31:18,6,est,,,,Clementine,VUL
20,Proverbs,31,18,Proverbs 31:18,7,negotiatio,,,,Clementine,VUL
20,Proverbs,31,18,Proverbs 31:18,8,ejus,,,,Clementine,VUL
20,Proverbs,31,18,Proverbs 31:18,9,;,,,,Clementine,VUL
20,Proverbs,31,18,Proverbs 31:18,10,non,,,,Clementine,VUL
20,Proverbs,31,18,Proverbs 31:18,11,extinguetur,,,,Clementine,VUL
20,Proverbs,31,18,Proverbs 31:18,12,in,,,,Clementine,VUL
20,Proverbs,31,18,Proverbs 31:18,13,nocte,,,,Clementine,VUL
20,Proverbs,31,18,Proverbs 31:18,14,lucerna,,,,Clementine,VUL
20,Proverbs,31,18,Proverbs 31:18,15,ejus.,,,,Clementine,VUL
20,Proverbs,31,19,Proverbs 31:19,1,Manum,,,,Clementine,VUL
20,Proverbs,31,19,Proverbs 31:19,2,suam,,,,Clementine,VUL
20,Proverbs,31,19,Proverbs 31:19,3,misit,,,,Clementine,VUL
20,Proverbs,31,19,Proverbs 31:19,4,ad,,,,Clementine,VUL
20,Proverbs,31,19,Proverbs 31:19,5,"fortia,",,,,Clementine,VUL
20,Proverbs,31,19,Proverbs 31:19,6,et,,,,Clementine,VUL
20,Proverbs,31,19,Proverbs 31:19,7,digiti,,,,Clementine,VUL
20,Proverbs,31,19,Proverbs 31:19,8,ejus,,,,Clementine,VUL
20,Proverbs,31,19,Proverbs 31:19,9,apprehenderunt,,,,Clementine,VUL
20,Proverbs,31,19,Proverbs 31:19,10,fusum.,,,,Clementine,VUL
20,Proverbs,31,20,Proverbs 31:20,1,Manum,,,,Clementine,VUL
20,Proverbs,31,20,Proverbs 31:20,2,suam,,,,Clementine,VUL
20,Proverbs,31,20,Proverbs 31:20,3,aperuit,,,,Clementine,VUL
20,Proverbs,31,20,Proverbs 31:20,4,"inopi,",,,,Clementine,VUL
20,Proverbs,31,20,Proverbs 31:20,5,et,,,,Clementine,VUL
20,Proverbs,31,20,Proverbs 31:20,6,palmas,,,,Clementine,VUL
20,Proverbs,31,20,Proverbs 31:20,7,suas,,,,Clementine,VUL
20,Proverbs,31,20,Proverbs 31:20,8,extendit,,,,Clementine,VUL
20,Proverbs,31,20,Proverbs 31:20,9,ad,,,,Clementine,VUL
20,Proverbs,31,20,Proverbs 31:20,10,pauperem.,,,,Clementine,VUL
20,Proverbs,31,21,Proverbs 31:21,1,Non,,,,Clementine,VUL
20,Proverbs,31,21,Proverbs 31:21,2,timebit,,,,Clementine,VUL
20,Proverbs,31,21,Proverbs 31:21,3,domui,,,,Clementine,VUL
20,Proverbs,31,21,Proverbs 31:21,4,suæ,,,,Clementine,VUL
20,Proverbs,31,21,Proverbs 31:21,5,a,,,,Clementine,VUL
20,Proverbs,31,21,Proverbs 31:21,6,frigoribus,,,,Clementine,VUL
20,Proverbs,31,21,Proverbs 31:21,7,nivis,,,,Clementine,VUL
20,Proverbs,31,21,Proverbs 31:21,8,;,,,,Clementine,VUL
20,Proverbs,31,21,Proverbs 31:21,9,omnes,,,,Clementine,VUL
20,Proverbs,31,21,Proverbs 31:21,10,enim,,,,Clementine,VUL
20,Proverbs,31,21,Proverbs 31:21,11,domestici,,,,Clementine,VUL
20,Proverbs,31,21,Proverbs 31:21,12,ejus,,,,Clementine,VUL
20,Proverbs,31,21,Proverbs 31:21,13,vestiti,,,,Clementine,VUL
20,Proverbs,31,21,Proverbs 31:21,14,sunt,,,,Clementine,VUL
20,Proverbs,31,21,Proverbs 31:21,15,duplicibus.,,,,Clementine,VUL
20,Proverbs,31,22,Proverbs 31:22,1,Stragulatam,,,,Clementine,VUL
20,Proverbs,31,22,Proverbs 31:22,2,vestem,,,,Clementine,VUL
20,Proverbs,31,22,Proverbs 31:22,3,fecit,,,,Clementine,VUL
20,Proverbs,31,22,Proverbs 31:22,4,sibi,,,,Clementine,VUL
20,Proverbs,31,22,Proverbs 31:22,5,;,,,,Clementine,VUL
20,Proverbs,31,22,Proverbs 31:22,6,byssus,,,,Clementine,VUL
20,Proverbs,31,22,Proverbs 31:22,7,et,,,,Clementine,VUL
20,Proverbs,31,22,Proverbs 31:22,8,purpura,,,,Clementine,VUL
20,Proverbs,31,22,Proverbs 31:22,9,indumentum,,,,Clementine,VUL
20,Proverbs,31,22,Proverbs 31:22,10,ejus.,,,,Clementine,VUL
20,Proverbs,31,23,Proverbs 31:23,1,Nobilis,,,,Clementine,VUL
20,Proverbs,31,23,Proverbs 31:23,2,in,,,,Clementine,VUL
20,Proverbs,31,23,Proverbs 31:23,3,portis,,,,Clementine,VUL
20,Proverbs,31,23,Proverbs 31:23,4,vir,,,,Clementine,VUL
20,Proverbs,31,23,Proverbs 31:23,5,"ejus,",,,,Clementine,VUL
20,Proverbs,31,23,Proverbs 31:23,6,quando,,,,Clementine,VUL
20,Proverbs,31,23,Proverbs 31:23,7,sederit,,,,Clementine,VUL
20,Proverbs,31,23,Proverbs 31:23,8,cum,,,,Clementine,VUL
20,Proverbs,31,23,Proverbs 31:23,9,senatoribus,,,,Clementine,VUL
20,Proverbs,31,23,Proverbs 31:23,10,terræ.,,,,Clementine,VUL
20,Proverbs,31,24,Proverbs 31:24,1,Sindonem,,,,Clementine,VUL
20,Proverbs,31,24,Proverbs 31:24,2,"fecit,",,,,Clementine,VUL
20,Proverbs,31,24,Proverbs 31:24,3,et,,,,Clementine,VUL
20,Proverbs,31,24,Proverbs 31:24,4,"vendidit,",,,,Clementine,VUL
20,Proverbs,31,24,Proverbs 31:24,5,et,,,,Clementine,VUL
20,Proverbs,31,24,Proverbs 31:24,6,cingulum,,,,Clementine,VUL
20,Proverbs,31,24,Proverbs 31:24,7,tradidit,,,,Clementine,VUL
20,Proverbs,31,24,Proverbs 31:24,8,Chananæo.,,,,Clementine,VUL
20,Proverbs,31,25,Proverbs 31:25,1,Fortitudo,,,,Clementine,VUL
20,Proverbs,31,25,Proverbs 31:25,2,et,,,,Clementine,VUL
20,Proverbs,31,25,Proverbs 31:25,3,decor,,,,Clementine,VUL
20,Proverbs,31,25,Proverbs 31:25,4,indumentum,,,,Clementine,VUL
20,Proverbs,31,25,Proverbs 31:25,5,"ejus,",,,,Clementine,VUL
20,Proverbs,31,25,Proverbs 31:25,6,et,,,,Clementine,VUL
20,Proverbs,31,25,Proverbs 31:25,7,ridebit,,,,Clementine,VUL
20,Proverbs,31,25,Proverbs 31:25,8,in,,,,Clementine,VUL
20,Proverbs,31,25,Proverbs 31:25,9,die,,,,Clementine,VUL
20,Proverbs,31,25,Proverbs 31:25,10,novissimo.,,,,Clementine,VUL
20,Proverbs,31,26,Proverbs 31:26,1,Os,,,,Clementine,VUL
20,Proverbs,31,26,Proverbs 31:26,2,suum,,,,Clementine,VUL
20,Proverbs,31,26,Proverbs 31:26,3,aperuit,,,,Clementine,VUL
20,Proverbs,31,26,Proverbs 31:26,4,"sapientiæ,",,,,Clementine,VUL
20,Proverbs,31,26,Proverbs 31:26,5,et,,,,Clementine,VUL
20,Proverbs,31,26,Proverbs 31:26,6,lex,,,,Clementine,VUL
20,Proverbs,31,26,Proverbs 31:26,7,clementiæ,,,,Clementine,VUL
20,Proverbs,31,26,Proverbs 31:26,8,in,,,,Clementine,VUL
20,Proverbs,31,26,Proverbs 31:26,9,lingua,,,,Clementine,VUL
20,Proverbs,31,26,Proverbs 31:26,10,ejus.,,,,Clementine,VUL
20,Proverbs,31,27,Proverbs 31:27,1,Consideravit,,,,Clementine,VUL
20,Proverbs,31,27,Proverbs 31:27,2,semitas,,,,Clementine,VUL
20,Proverbs,31,27,Proverbs 31:27,3,domus,,,,Clementine,VUL
20,Proverbs,31,27,Proverbs 31:27,4,"suæ,",,,,Clementine,VUL
20,Proverbs,31,27,Proverbs 31:27,5,et,,,,Clementine,VUL
20,Proverbs,31,27,Proverbs 31:27,6,panem,,,,Clementine,VUL
20,Proverbs,31,27,Proverbs 31:27,7,otiosa,,,,Clementine,VUL
20,Proverbs,31,27,Proverbs 31:27,8,non,,,,Clementine,VUL
20,Proverbs,31,27,Proverbs 31:27,9,comedit.,,,,Clementine,VUL
20,Proverbs,31,28,Proverbs 31:28,1,Surrexerunt,,,,Clementine,VUL
20,Proverbs,31,28,Proverbs 31:28,2,filii,,,,Clementine,VUL
20,Proverbs,31,28,Proverbs 31:28,3,"ejus,",,,,Clementine,VUL
20,Proverbs,31,28,Proverbs 31:28,4,et,,,,Clementine,VUL
20,Proverbs,31,28,Proverbs 31:28,5,beatissimam,,,,Clementine,VUL
20,Proverbs,31,28,Proverbs 31:28,6,prædicaverunt,,,,Clementine,VUL
20,Proverbs,31,28,Proverbs 31:28,7,;,,,,Clementine,VUL
20,Proverbs,31,28,Proverbs 31:28,8,vir,,,,Clementine,VUL
20,Proverbs,31,28,Proverbs 31:28,9,"ejus,",,,,Clementine,VUL
20,Proverbs,31,28,Proverbs 31:28,10,et,,,,Clementine,VUL
20,Proverbs,31,28,Proverbs 31:28,11,laudavit,,,,Clementine,VUL
20,Proverbs,31,28,Proverbs 31:28,12,eam.,,,,Clementine,VUL
20,Proverbs,31,29,Proverbs 31:29,1,Multæ,,,,Clementine,VUL
20,Proverbs,31,29,Proverbs 31:29,2,filiæ,,,,Clementine,VUL
20,Proverbs,31,29,Proverbs 31:29,3,congregaverunt,,,,Clementine,VUL
20,Proverbs,31,29,Proverbs 31:29,4,divitias,,,,Clementine,VUL
20,Proverbs,31,29,Proverbs 31:29,5,;,,,,Clementine,VUL
20,Proverbs,31,29,Proverbs 31:29,6,tu,,,,Clementine,VUL
20,Proverbs,31,29,Proverbs 31:29,7,supergressa,,,,Clementine,VUL
20,Proverbs,31,29,Proverbs 31:29,8,es,,,,Clementine,VUL
20,Proverbs,31,29,Proverbs 31:29,9,universas.,,,,Clementine,VUL
20,Proverbs,31,30,Proverbs 31:30,1,Fallax,,,,Clementine,VUL
20,Proverbs,31,30,Proverbs 31:30,2,"gratia,",,,,Clementine,VUL
20,Proverbs,31,30,Proverbs 31:30,3,et,,,,Clementine,VUL
20,Proverbs,31,30,Proverbs 31:30,4,vana,,,,Clementine,VUL
20,Proverbs,31,30,Proverbs 31:30,5,est,,,,Clementine,VUL
20,Proverbs,31,30,Proverbs 31:30,6,pulchritudo,,,,Clementine,VUL
20,Proverbs,31,30,Proverbs 31:30,7,:,,,,Clementine,VUL
20,Proverbs,31,30,Proverbs 31:30,8,mulier,,,,Clementine,VUL
20,Proverbs,31,30,Proverbs 31:30,9,timens,,,,Clementine,VUL
20,Proverbs,31,30,Proverbs 31:30,10,"Dominum,",,,,Clementine,VUL
20,Proverbs,31,30,Proverbs 31:30,11,ipsa,,,,Clementine,VUL
20,Proverbs,31,30,Proverbs 31:30,12,laudabitur.,,,,Clementine,VUL
20,Proverbs,31,31,Proverbs 31:31,1,Date,,,,Clementine,VUL
20,Proverbs,31,31,Proverbs 31:31,2,ei,,,,Clementine,VUL
20,Proverbs,31,31,Proverbs 31:31,3,de,,,,Clementine,VUL
20,Proverbs,31,31,Proverbs 31:31,4,fructu,,,,Clementine,VUL
20,Proverbs,31,31,Proverbs 31:31,5,manuum,,,,Clementine,VUL
20,Proverbs,31,31,Proverbs 31:31,6,"suarum,",,,,Clementine,VUL
20,Proverbs,31,31,Proverbs 31:31,7,et,,,,Clementine,VUL
20,Proverbs,31,31,Proverbs 31:31,8,laudent,,,,Clementine,VUL
20,Proverbs,31,31,Proverbs 31:31,9,eam,,,,Clementine,VUL
20,Proverbs,31,31,Proverbs 31:31,10,in,,,,Clementine,VUL
20,Proverbs,31,31,Proverbs 31:31,11,portis,,,,Clementine,VUL
20,Proverbs,31,31,Proverbs 31:31,12,opera,,,,Clementine,VUL
20,Proverbs,31,31,Proverbs 31:31,13,ejus.,,,,Clementine,VUL
