book_order,book,chapter,verse,reference,position,word_text,lemma,morph,strong,manuscript,tradition
7,Judges,1,1,Judges 1:1,1,וַהֲוָה,,,,Jonathan,TARG
7,Judges,1,1,Judges 1:1,2,בָּתַר,,,,Jonathan,TARG
7,Judges,1,1,Judges 1:1,3,דְמִית,,,,Jonathan,TARG
7,Judges,1,1,Judges 1:1,4,יְהוֹשֻׁעַ,,,,Jonathan,TARG
7,Judges,1,1,Judges 1:1,5,וּשְׁאִילוּ,,,,Jonathan,TARG
7,Judges,1,1,Judges 1:1,6,בְּנֵי,,,,Jonathan,TARG
7,Judges,1,1,Judges 1:1,7,יִשְׂרָאֵל,,,,Jonathan,TARG
7,Judges,1,1,Judges 1:1,8,בְּמֵימְרָא,,,,Jonathan,TARG
7,Judges,1,1,Judges 1:1,9,דַייָ,,,,Jonathan,TARG
7,Judges,1,1,Judges 1:1,10,לְמֵימַר,,,,Jonathan,TARG
7,Judges,1,1,Judges 1:1,11,מַן,,,,Jonathan,TARG
7,Judges,1,1,Judges 1:1,12,יִסַק,,,,Jonathan,TARG
7,Judges,1,1,Judges 1:1,13,לָנָא,,,,Jonathan,TARG
7,Judges,1,1,Judges 1:1,14,לְוַת,,,,Jonathan,TARG
7,Judges,1,1,Judges 1:1,15,כְּנַעֲנָאָה,,,,Jonathan,TARG
7,Judges,1,1,Judges 1:1,16,בְּקַדְמֵיתָא,,,,Jonathan,TARG
7,Judges,1,1,Judges 1:1,17,לְאַגָחָא,,,,Jonathan,TARG
7,Judges,1,1,Judges 1:1,18,קְרָבָא,,,,Jonathan,TARG
7,Judges,1,1,Judges 1:1,19,בֵּיהּ:,,,,Jonathan,TARG
7,Judges,1,2,Judges 1:2,1,וַאֲמַר,,,,Jonathan,TARG
7,Judges,1,2,Judges 1:2,2,יְיָ,,,,Jonathan,TARG
7,Judges,1,2,Judges 1:2,3,יְהוּדָה,,,,Jonathan,TARG
7,Judges,1,2,Judges 1:2,4,יִסַק,,,,Jonathan,TARG
7,Judges,1,2,Judges 1:2,5,הָא,,,,Jonathan,TARG
7,Judges,1,2,Judges 1:2,6,מַסְרִית,,,,Jonathan,TARG
7,Judges,1,2,Judges 1:2,7,יַת,,,,Jonathan,TARG
7,Judges,1,2,Judges 1:2,8,יַתְבֵי,,,,Jonathan,TARG
7,Judges,1,2,Judges 1:2,9,אַרְעָא,,,,Jonathan,TARG
7,Judges,1,2,Judges 1:2,10,בִּידֵיהּ:,,,,Jonathan,TARG
7,Judges,1,3,Judges 1:3,1,וַאֲמַר,,,,Jonathan,TARG
7,Judges,1,3,Judges 1:3,2,יְהוּדָה,,,,Jonathan,TARG
7,Judges,1,3,Judges 1:3,3,לְשִׁמְעוֹן,,,,Jonathan,TARG
7,Judges,1,3,Judges 1:3,4,אֲחוּהִי,,,,Jonathan,TARG
7,Judges,1,3,Judges 1:3,5,סַק,,,,Jonathan,TARG
7,Judges,1,3,Judges 1:3,6,עִמִי,,,,Jonathan,TARG
7,Judges,1,3,Judges 1:3,7,בְּעַדְבִי,,,,Jonathan,TARG
7,Judges,1,3,Judges 1:3,8,וּנְגִיחַ,,,,Jonathan,TARG
7,Judges,1,3,Judges 1:3,9,קְרָבָא,,,,Jonathan,TARG
7,Judges,1,3,Judges 1:3,10,עִם,,,,Jonathan,TARG
7,Judges,1,3,Judges 1:3,11,כְּנַעֲנָאָה,,,,Jonathan,TARG
7,Judges,1,3,Judges 1:3,12,וְאֵהַךְ,,,,Jonathan,TARG
7,Judges,1,3,Judges 1:3,13,אַף,,,,Jonathan,TARG
7,Judges,1,3,Judges 1:3,14,אֲנָא,,,,Jonathan,TARG
7,Judges,1,3,Judges 1:3,15,עִמָךְ,,,,Jonathan,TARG
7,Judges,1,3,Judges 1:3,16,בְּעַדְבָךְ,,,,Jonathan,TARG
7,Judges,1,3,Judges 1:3,17,וַאֲזַל,,,,Jonathan,TARG
7,Judges,1,3,Judges 1:3,18,עִמֵיהּ,,,,Jonathan,TARG
7,Judges,1,3,Judges 1:3,19,שִׁמְעוֹן:,,,,Jonathan,TARG
7,Judges,1,4,Judges 1:4,1,וּסְלִיקוּ,,,,Jonathan,TARG
7,Judges,1,4,Judges 1:4,2,דְבֵית,,,,Jonathan,TARG
7,Judges,1,4,Judges 1:4,3,יְהוּדָה,,,,Jonathan,TARG
7,Judges,1,4,Judges 1:4,4,וּמְסַר,,,,Jonathan,TARG
7,Judges,1,4,Judges 1:4,5,יְיָ,,,,Jonathan,TARG
7,Judges,1,4,Judges 1:4,6,יַת,,,,Jonathan,TARG
7,Judges,1,4,Judges 1:4,7,כְּנַעֲנָאָה,,,,Jonathan,TARG
7,Judges,1,4,Judges 1:4,8,וּפְרִיזָאָה,,,,Jonathan,TARG
7,Judges,1,4,Judges 1:4,9,בִּידֵיהוֹן,,,,Jonathan,TARG
7,Judges,1,4,Judges 1:4,10,וּמְחָנוּן,,,,Jonathan,TARG
7,Judges,1,4,Judges 1:4,11,בְּבֶזֶק,,,,Jonathan,TARG
7,Judges,1,4,Judges 1:4,12,עַסְרָא,,,,Jonathan,TARG
7,Judges,1,4,Judges 1:4,13,אַלְפִין,,,,Jonathan,TARG
7,Judges,1,4,Judges 1:4,14,גַבְרָא:,,,,Jonathan,TARG
7,Judges,1,5,Judges 1:5,1,וְאַשְׁכָּחוּ,,,,Jonathan,TARG
7,Judges,1,5,Judges 1:5,2,יַת,,,,Jonathan,TARG
7,Judges,1,5,Judges 1:5,3,אֲדֹנִי,,,,Jonathan,TARG
7,Judges,1,5,Judges 1:5,4,בֶזֶק,,,,Jonathan,TARG
7,Judges,1,5,Judges 1:5,5,בְּבֶזֶק,,,,Jonathan,TARG
7,Judges,1,5,Judges 1:5,6,וְאַגִיחוּ,,,,Jonathan,TARG
7,Judges,1,5,Judges 1:5,7,קְרָבָא,,,,Jonathan,TARG
7,Judges,1,5,Judges 1:5,8,בֵּיהּ,,,,Jonathan,TARG
7,Judges,1,5,Judges 1:5,9,וּמְחוֹ,,,,Jonathan,TARG
7,Judges,1,5,Judges 1:5,10,יַת,,,,Jonathan,TARG
7,Judges,1,5,Judges 1:5,11,כְּנַעֲנָאֵי,,,,Jonathan,TARG
7,Judges,1,5,Judges 1:5,12,וְיַת,,,,Jonathan,TARG
7,Judges,1,5,Judges 1:5,13,פְּרִיזָאֵי:,,,,Jonathan,TARG
7,Judges,1,6,Judges 1:6,1,וַעֲרַק,,,,Jonathan,TARG
7,Judges,1,6,Judges 1:6,2,אֲדֹנִי,,,,Jonathan,TARG
7,Judges,1,6,Judges 1:6,3,בֶזֶק,,,,Jonathan,TARG
7,Judges,1,6,Judges 1:6,4,וּרְדָפוּ,,,,Jonathan,TARG
7,Judges,1,6,Judges 1:6,5,בַּתְרוֹהִי,,,,Jonathan,TARG
7,Judges,1,6,Judges 1:6,6,וַאֲחַדוּ,,,,Jonathan,TARG
7,Judges,1,6,Judges 1:6,7,יָתֵיהּ,,,,Jonathan,TARG
7,Judges,1,6,Judges 1:6,8,וְקַצִיצוּ,,,,Jonathan,TARG
7,Judges,1,6,Judges 1:6,9,יַת,,,,Jonathan,TARG
7,Judges,1,6,Judges 1:6,10,קַרְסֻלֵי,,,,Jonathan,TARG
7,Judges,1,6,Judges 1:6,11,יְדוֹהִי,,,,Jonathan,TARG
7,Judges,1,6,Judges 1:6,12,וְרַגְלוֹהִי:,,,,Jonathan,TARG
7,Judges,1,7,Judges 1:7,1,וַאֲמַר,,,,Jonathan,TARG
7,Judges,1,7,Judges 1:7,2,אֲדֹנִי,,,,Jonathan,TARG
7,Judges,1,7,Judges 1:7,3,בֶזֶק,,,,Jonathan,TARG
7,Judges,1,7,Judges 1:7,4,שַׁבְעִין,,,,Jonathan,TARG
7,Judges,1,7,Judges 1:7,5,מַלְכִין,,,,Jonathan,TARG
7,Judges,1,7,Judges 1:7,6,קַרְסֻלֵי,,,,Jonathan,TARG
7,Judges,1,7,Judges 1:7,7,יְדֵיהוֹן,,,,Jonathan,TARG
7,Judges,1,7,Judges 1:7,8,וְרַגְלֵיהוֹן,,,,Jonathan,TARG
7,Judges,1,7,Judges 1:7,9,מְקַצְצִין,,,,Jonathan,TARG
7,Judges,1,7,Judges 1:7,10,הֲווֹ,,,,Jonathan,TARG
7,Judges,1,7,Judges 1:7,11,מְלַקְטִין,,,,Jonathan,TARG
7,Judges,1,7,Judges 1:7,12,לַחְמָא,,,,Jonathan,TARG
7,Judges,1,7,Judges 1:7,13,תְּחוֹת,,,,Jonathan,TARG
7,Judges,1,7,Judges 1:7,14,פָּתוֹרִי,,,,Jonathan,TARG
7,Judges,1,7,Judges 1:7,15,כְּמָא,,,,Jonathan,TARG
7,Judges,1,7,Judges 1:7,16,דְעַבְדִית,,,,Jonathan,TARG
7,Judges,1,7,Judges 1:7,17,כֵּן,,,,Jonathan,TARG
7,Judges,1,7,Judges 1:7,18,שַׁלֵים,,,,Jonathan,TARG
7,Judges,1,7,Judges 1:7,19,לִי,,,,Jonathan,TARG
7,Judges,1,7,Judges 1:7,20,יְיָ,,,,Jonathan,TARG
7,Judges,1,7,Judges 1:7,21,וְאַיְתוֹהִי,,,,Jonathan,TARG
7,Judges,1,7,Judges 1:7,22,לִירוּשְׁלֵם,,,,Jonathan,TARG
7,Judges,1,7,Judges 1:7,23,וּמִית,,,,Jonathan,TARG
7,Judges,1,7,Judges 1:7,24,תַּמָן:,,,,Jonathan,TARG
7,Judges,1,8,Judges 1:8,1,וְאַגִיחוּ,,,,Jonathan,TARG
7,Judges,1,8,Judges 1:8,2,קְרָבָא,,,,Jonathan,TARG
7,Judges,1,8,Judges 1:8,3,בְנֵי,,,,Jonathan,TARG
7,Judges,1,8,Judges 1:8,4,יְהוּדָה,,,,Jonathan,TARG
7,Judges,1,8,Judges 1:8,5,בִּירוּשְׁלֵם,,,,Jonathan,TARG
7,Judges,1,8,Judges 1:8,6,וּכְבַשׁוּ,,,,Jonathan,TARG
7,Judges,1,8,Judges 1:8,7,יָתָהּ,,,,Jonathan,TARG
7,Judges,1,8,Judges 1:8,8,וּמְחוֹהָא,,,,Jonathan,TARG
7,Judges,1,8,Judges 1:8,9,לְפִתְגַם,,,,Jonathan,TARG
7,Judges,1,8,Judges 1:8,10,דְחָרֶב,,,,Jonathan,TARG
7,Judges,1,8,Judges 1:8,11,וְיַת,,,,Jonathan,TARG
7,Judges,1,8,Judges 1:8,12,קַרְתָּא,,,,Jonathan,TARG
7,Judges,1,8,Judges 1:8,13,אוֹקִידוּ,,,,Jonathan,TARG
7,Judges,1,8,Judges 1:8,14,בְנוּרָא:,,,,Jonathan,TARG
7,Judges,1,9,Judges 1:9,1,וּבָתַר,,,,Jonathan,TARG
7,Judges,1,9,Judges 1:9,2,כֵּן,,,,Jonathan,TARG
7,Judges,1,9,Judges 1:9,3,נְחָתוּ,,,,Jonathan,TARG
7,Judges,1,9,Judges 1:9,4,בְּנֵי,,,,Jonathan,TARG
7,Judges,1,9,Judges 1:9,5,יְהוּדָה,,,,Jonathan,TARG
7,Judges,1,9,Judges 1:9,6,לְאַגָחָא,,,,Jonathan,TARG
7,Judges,1,9,Judges 1:9,7,קְרָבָא,,,,Jonathan,TARG
7,Judges,1,9,Judges 1:9,8,בִּכְנַעֲנָאֵי,,,,Jonathan,TARG
7,Judges,1,9,Judges 1:9,9,יָתֵיב,,,,Jonathan,TARG
7,Judges,1,9,Judges 1:9,10,טוּרָא,,,,Jonathan,TARG
7,Judges,1,9,Judges 1:9,11,וְדָרוֹמָא,,,,Jonathan,TARG
7,Judges,1,9,Judges 1:9,12,וּשְׁפֶלְתָּא:,,,,Jonathan,TARG
7,Judges,1,10,Judges 1:10,1,וַאֲזַלוּ,,,,Jonathan,TARG
7,Judges,1,10,Judges 1:10,2,דְבֵית,,,,Jonathan,TARG
7,Judges,1,10,Judges 1:10,3,יְהוּדָה,,,,Jonathan,TARG
7,Judges,1,10,Judges 1:10,4,לְוַת,,,,Jonathan,TARG
7,Judges,1,10,Judges 1:10,5,כְּנַעֲנָאֵי,,,,Jonathan,TARG
7,Judges,1,10,Judges 1:10,6,דְיַתְבִין,,,,Jonathan,TARG
7,Judges,1,10,Judges 1:10,7,בְּחֶבְרוֹן,,,,Jonathan,TARG
7,Judges,1,10,Judges 1:10,8,וְשׁוּם,,,,Jonathan,TARG
7,Judges,1,10,Judges 1:10,9,חֶבְרוֹן,,,,Jonathan,TARG
7,Judges,1,10,Judges 1:10,10,מִלְקַדְמִין,,,,Jonathan,TARG
7,Judges,1,10,Judges 1:10,11,קִרְיַת,,,,Jonathan,TARG
7,Judges,1,10,Judges 1:10,12,אַרְבַּע,,,,Jonathan,TARG
7,Judges,1,10,Judges 1:10,13,וּמְחוֹ,,,,Jonathan,TARG
7,Judges,1,10,Judges 1:10,14,יַת,,,,Jonathan,TARG
7,Judges,1,10,Judges 1:10,15,שֵׁשַׁי,,,,Jonathan,TARG
7,Judges,1,10,Judges 1:10,16,וְיַת,,,,Jonathan,TARG
7,Judges,1,10,Judges 1:10,17,אֲחִימָן,,,,Jonathan,TARG
7,Judges,1,10,Judges 1:10,18,וְיַת,,,,Jonathan,TARG
7,Judges,1,10,Judges 1:10,19,תַּלְמָי:,,,,Jonathan,TARG
7,Judges,1,11,Judges 1:11,1,וַאֲזַלוּ,,,,Jonathan,TARG
7,Judges,1,11,Judges 1:11,2,מִתַּמָן,,,,Jonathan,TARG
7,Judges,1,11,Judges 1:11,3,לְוַת,,,,Jonathan,TARG
7,Judges,1,11,Judges 1:11,4,יַתְבֵי,,,,Jonathan,TARG
7,Judges,1,11,Judges 1:11,5,דְבִיר,,,,Jonathan,TARG
7,Judges,1,11,Judges 1:11,6,וְשׁוּם,,,,Jonathan,TARG
7,Judges,1,11,Judges 1:11,7,דְבִיר,,,,Jonathan,TARG
7,Judges,1,11,Judges 1:11,8,מִלְקַדְמִין,,,,Jonathan,TARG
7,Judges,1,11,Judges 1:11,9,קִרְיַת,,,,Jonathan,TARG
7,Judges,1,11,Judges 1:11,10,אַרְכֵי:,,,,Jonathan,TARG
7,Judges,1,12,Judges 1:12,1,וַאֲמַר,,,,Jonathan,TARG
7,Judges,1,12,Judges 1:12,2,כָּלֵב,,,,Jonathan,TARG
7,Judges,1,12,Judges 1:12,3,דְיִמְחֵי,,,,Jonathan,TARG
7,Judges,1,12,Judges 1:12,4,יַת,,,,Jonathan,TARG
7,Judges,1,12,Judges 1:12,5,קִרְיַת,,,,Jonathan,TARG
7,Judges,1,12,Judges 1:12,6,אַרְכֵי,,,,Jonathan,TARG
7,Judges,1,12,Judges 1:12,7,וְיִכְבְּשִׁינָהּ,,,,Jonathan,TARG
7,Judges,1,12,Judges 1:12,8,וְאֶתֵּן,,,,Jonathan,TARG
7,Judges,1,12,Judges 1:12,9,לֵיהּ,,,,Jonathan,TARG
7,Judges,1,12,Judges 1:12,10,יַת,,,,Jonathan,TARG
7,Judges,1,12,Judges 1:12,11,עַכְסָה,,,,Jonathan,TARG
7,Judges,1,12,Judges 1:12,12,בְּרַתִּי,,,,Jonathan,TARG
7,Judges,1,12,Judges 1:12,13,לְאִתּוּ:,,,,Jonathan,TARG
7,Judges,1,13,Judges 1:13,1,וְכַבְּשָׁהּ,,,,Jonathan,TARG
7,Judges,1,13,Judges 1:13,2,עָתְנִיאֵל,,,,Jonathan,TARG
7,Judges,1,13,Judges 1:13,3,בַּר,,,,Jonathan,TARG
7,Judges,1,13,Judges 1:13,4,קְנַז,,,,Jonathan,TARG
7,Judges,1,13,Judges 1:13,5,אֲחוֹהִי,,,,Jonathan,TARG
7,Judges,1,13,Judges 1:13,6,דְכָלֵב,,,,Jonathan,TARG
7,Judges,1,13,Judges 1:13,7,דִזְעֵיר,,,,Jonathan,TARG
7,Judges,1,13,Judges 1:13,8,מִנֵיהּ,,,,Jonathan,TARG
7,Judges,1,13,Judges 1:13,9,וִיהַב,,,,Jonathan,TARG
7,Judges,1,13,Judges 1:13,10,לֵיהּ,,,,Jonathan,TARG
7,Judges,1,13,Judges 1:13,11,יַת,,,,Jonathan,TARG
7,Judges,1,13,Judges 1:13,12,עַכְסָה,,,,Jonathan,TARG
7,Judges,1,13,Judges 1:13,13,בְרַתֵּיהּ,,,,Jonathan,TARG
7,Judges,1,13,Judges 1:13,14,לְאִתּוּ:,,,,Jonathan,TARG
7,Judges,1,14,Judges 1:14,1,וַהֲוָה,,,,Jonathan,TARG
7,Judges,1,14,Judges 1:14,2,בְּמֵעֲלָהּ,,,,Jonathan,TARG
7,Judges,1,14,Judges 1:14,3,וְאַמְלַכְתֵּיהּ,,,,Jonathan,TARG
7,Judges,1,14,Judges 1:14,4,לְמִשְׁאַל,,,,Jonathan,TARG
7,Judges,1,14,Judges 1:14,5,מִן,,,,Jonathan,TARG
7,Judges,1,14,Judges 1:14,6,אֲבוּהָא,,,,Jonathan,TARG
7,Judges,1,14,Judges 1:14,7,אַחְסַנְתָּא,,,,Jonathan,TARG
7,Judges,1,14,Judges 1:14,8,וְאִתְרְכִינַת,,,,Jonathan,TARG
7,Judges,1,14,Judges 1:14,9,מֵעַל,,,,Jonathan,TARG
7,Judges,1,14,Judges 1:14,10,חֲמָרָא,,,,Jonathan,TARG
7,Judges,1,14,Judges 1:14,11,וַאֲמַר,,,,Jonathan,TARG
7,Judges,1,14,Judges 1:14,12,לָהּ,,,,Jonathan,TARG
7,Judges,1,14,Judges 1:14,13,כָּלֵב,,,,Jonathan,TARG
7,Judges,1,14,Judges 1:14,14,מַה,,,,Jonathan,TARG
7,Judges,1,14,Judges 1:14,15,לִיךְ:,,,,Jonathan,TARG
7,Judges,1,15,Judges 1:15,1,וַאֲמָרַת,,,,Jonathan,TARG
7,Judges,1,15,Judges 1:15,2,לֵיהּ,,,,Jonathan,TARG
7,Judges,1,15,Judges 1:15,3,הַב,,,,Jonathan,TARG
7,Judges,1,15,Judges 1:15,4,לִי,,,,Jonathan,TARG
7,Judges,1,15,Judges 1:15,5,אַחֲסַנְתָּא,,,,Jonathan,TARG
7,Judges,1,15,Judges 1:15,6,אֲרֵי,,,,Jonathan,TARG
7,Judges,1,15,Judges 1:15,7,לַאֲרַע,,,,Jonathan,TARG
7,Judges,1,15,Judges 1:15,8,דָרוֹמָא,,,,Jonathan,TARG
7,Judges,1,15,Judges 1:15,9,יְהַבְתָּנִי,,,,Jonathan,TARG
7,Judges,1,15,Judges 1:15,10,וְתִתֶּן,,,,Jonathan,TARG
7,Judges,1,15,Judges 1:15,11,לִי,,,,Jonathan,TARG
7,Judges,1,15,Judges 1:15,12,אֲתַר,,,,Jonathan,TARG
7,Judges,1,15,Judges 1:15,13,בֵּית,,,,Jonathan,TARG
7,Judges,1,15,Judges 1:15,14,שַׁקְיָא,,,,Jonathan,TARG
7,Judges,1,15,Judges 1:15,15,דְמַיָא,,,,Jonathan,TARG
7,Judges,1,15,Judges 1:15,16,וִיהַב,,,,Jonathan,TARG
7,Judges,1,15,Judges 1:15,17,לָהּ,,,,Jonathan,TARG
7,Judges,1,15,Judges 1:15,18,כָּלֵב,,,,Jonathan,TARG
7,Judges,1,15,Judges 1:15,19,יַת,,,,Jonathan,TARG
7,Judges,1,15,Judges 1:15,20,בֵּית,,,,Jonathan,TARG
7,Judges,1,15,Judges 1:15,21,שַׁקְיָא,,,,Jonathan,TARG
7,Judges,1,15,Judges 1:15,22,עִלָאָה,,,,Jonathan,TARG
7,Judges,1,15,Judges 1:15,23,וְיַת,,,,Jonathan,TARG
7,Judges,1,15,Judges 1:15,24,בֵּית,,,,Jonathan,TARG
7,Judges,1,15,Judges 1:15,25,שַׁקְיָא,,,,Jonathan,TARG
7,Judges,1,15,Judges 1:15,26,תַּחְתָּאָה:,,,,Jonathan,TARG
7,Judges,1,16,Judges 1:16,1,וּבְנֵי,,,,Jonathan,TARG
7,Judges,1,16,Judges 1:16,2,שַׁלְמָאָה,,,,Jonathan,TARG
7,Judges,1,16,Judges 1:16,3,חָמוּהִי,,,,Jonathan,TARG
7,Judges,1,16,Judges 1:16,4,דְמֹשֶׁה,,,,Jonathan,TARG
7,Judges,1,16,Judges 1:16,5,סְלִיקוּ,,,,Jonathan,TARG
7,Judges,1,16,Judges 1:16,6,מִן,,,,Jonathan,TARG
7,Judges,1,16,Judges 1:16,7,קַרְתָּא,,,,Jonathan,TARG
7,Judges,1,16,Judges 1:16,8,יְרִיחוֹ,,,,Jonathan,TARG
7,Judges,1,16,Judges 1:16,9,עִם,,,,Jonathan,TARG
7,Judges,1,16,Judges 1:16,10,בְּנֵי,,,,Jonathan,TARG
7,Judges,1,16,Judges 1:16,11,יְהוּדָה,,,,Jonathan,TARG
7,Judges,1,16,Judges 1:16,12,מִדְבַּר,,,,Jonathan,TARG
7,Judges,1,16,Judges 1:16,13,יְהוּדָה,,,,Jonathan,TARG
7,Judges,1,16,Judges 1:16,14,דִי,,,,Jonathan,TARG
7,Judges,1,16,Judges 1:16,15,בְּדָרוֹם,,,,Jonathan,TARG
7,Judges,1,16,Judges 1:16,16,עֲרָד,,,,Jonathan,TARG
7,Judges,1,16,Judges 1:16,17,וַאֲזַלוּ,,,,Jonathan,TARG
7,Judges,1,16,Judges 1:16,18,וִיתַבוּ,,,,Jonathan,TARG
7,Judges,1,16,Judges 1:16,19,עִם,,,,Jonathan,TARG
7,Judges,1,16,Judges 1:16,20,עַמָא:,,,,Jonathan,TARG
7,Judges,1,17,Judges 1:17,1,וַאֲזַל,,,,Jonathan,TARG
7,Judges,1,17,Judges 1:17,2,יְהוּדָה,,,,Jonathan,TARG
7,Judges,1,17,Judges 1:17,3,עִם,,,,Jonathan,TARG
7,Judges,1,17,Judges 1:17,4,שִׁמְעוֹן,,,,Jonathan,TARG
7,Judges,1,17,Judges 1:17,5,אֲחוֹהִי,,,,Jonathan,TARG
7,Judges,1,17,Judges 1:17,6,וּמְחוֹ,,,,Jonathan,TARG
7,Judges,1,17,Judges 1:17,7,יַת,,,,Jonathan,TARG
7,Judges,1,17,Judges 1:17,8,כְּנַעֲנָאָה,,,,Jonathan,TARG
7,Judges,1,17,Judges 1:17,9,יָתֵיב,,,,Jonathan,TARG
7,Judges,1,17,Judges 1:17,10,צְפַת,,,,Jonathan,TARG
7,Judges,1,17,Judges 1:17,11,וְגַמַרוּ,,,,Jonathan,TARG
7,Judges,1,17,Judges 1:17,12,יָתָהּ,,,,Jonathan,TARG
7,Judges,1,17,Judges 1:17,13,וּקְרָא,,,,Jonathan,TARG
7,Judges,1,17,Judges 1:17,14,יַת,,,,Jonathan,TARG
7,Judges,1,17,Judges 1:17,15,שְׁמָא,,,,Jonathan,TARG
7,Judges,1,17,Judges 1:17,16,דְקַרְתָּא,,,,Jonathan,TARG
7,Judges,1,17,Judges 1:17,17,חָרְמָה:,,,,Jonathan,TARG
7,Judges,1,18,Judges 1:18,1,וּכְבַשׁ,,,,Jonathan,TARG
7,Judges,1,18,Judges 1:18,2,יְהוּדָה,,,,Jonathan,TARG
7,Judges,1,18,Judges 1:18,3,יַת,,,,Jonathan,TARG
7,Judges,1,18,Judges 1:18,4,עַזָה,,,,Jonathan,TARG
7,Judges,1,18,Judges 1:18,5,וְיַת,,,,Jonathan,TARG
7,Judges,1,18,Judges 1:18,6,תְּחוּמָא,,,,Jonathan,TARG
7,Judges,1,18,Judges 1:18,7,וְיַת,,,,Jonathan,TARG
7,Judges,1,18,Judges 1:18,8,אַשְׁקְלוֹן,,,,Jonathan,TARG
7,Judges,1,18,Judges 1:18,9,וְיַת,,,,Jonathan,TARG
7,Judges,1,18,Judges 1:18,10,תְּחוּמָא,,,,Jonathan,TARG
7,Judges,1,18,Judges 1:18,11,וְיַת,,,,Jonathan,TARG
7,Judges,1,18,Judges 1:18,12,עֶקְרוֹן,,,,Jonathan,TARG
7,Judges,1,18,Judges 1:18,13,וְיַת,,,,Jonathan,TARG
7,Judges,1,18,Judges 1:18,14,תְּחוּמָא:,,,,Jonathan,TARG
7,Judges,1,19,Judges 1:19,1,וַהֲוָה,,,,Jonathan,TARG
7,Judges,1,19,Judges 1:19,2,מֵימְרָא,,,,Jonathan,TARG
7,Judges,1,19,Judges 1:19,3,דַייָ,,,,Jonathan,TARG
7,Judges,1,19,Judges 1:19,4,בְּסַעֲדֵיהּ,,,,Jonathan,TARG
7,Judges,1,19,Judges 1:19,5,דְבֵית,,,,Jonathan,TARG
7,Judges,1,19,Judges 1:19,6,יְהוּדָה,,,,Jonathan,TARG
7,Judges,1,19,Judges 1:19,7,וְתָרִיכוּ,,,,Jonathan,TARG
7,Judges,1,19,Judges 1:19,8,יַת,,,,Jonathan,TARG
7,Judges,1,19,Judges 1:19,9,יַתְבֵי,,,,Jonathan,TARG
7,Judges,1,19,Judges 1:19,10,טוּרָא,,,,Jonathan,TARG
7,Judges,1,19,Judges 1:19,11,וּבָּתַר,,,,Jonathan,TARG
7,Judges,1,19,Judges 1:19,12,כֵּן,,,,Jonathan,TARG
7,Judges,1,19,Judges 1:19,13,דְחָבוּ,,,,Jonathan,TARG
7,Judges,1,19,Judges 1:19,14,לָא,,,,Jonathan,TARG
7,Judges,1,19,Judges 1:19,15,יְכִילוּ,,,,Jonathan,TARG
7,Judges,1,19,Judges 1:19,16,לְתָרָכָא,,,,Jonathan,TARG
7,Judges,1,19,Judges 1:19,17,יַת,,,,Jonathan,TARG
7,Judges,1,19,Judges 1:19,18,יַתְבֵי,,,,Jonathan,TARG
7,Judges,1,19,Judges 1:19,19,מֵישְׁרָא,,,,Jonathan,TARG
7,Judges,1,19,Judges 1:19,20,אֲרֵי,,,,Jonathan,TARG
7,Judges,1,19,Judges 1:19,21,דְתִיכִין,,,,Jonathan,TARG
7,Judges,1,19,Judges 1:19,22,דְבַרְזְלָא,,,,Jonathan,TARG
7,Judges,1,19,Judges 1:19,23,לְהוֹן:,,,,Jonathan,TARG
7,Judges,1,20,Judges 1:20,1,וִיהַבוּ,,,,Jonathan,TARG
7,Judges,1,20,Judges 1:20,2,לְכָלֵב,,,,Jonathan,TARG
7,Judges,1,20,Judges 1:20,3,יַת,,,,Jonathan,TARG
7,Judges,1,20,Judges 1:20,4,חֶבְרוֹן,,,,Jonathan,TARG
7,Judges,1,20,Judges 1:20,5,כְּמָא,,,,Jonathan,TARG
7,Judges,1,20,Judges 1:20,6,דְמַלֵיל,,,,Jonathan,TARG
7,Judges,1,20,Judges 1:20,7,מֹשֶׁה,,,,Jonathan,TARG
7,Judges,1,20,Judges 1:20,8,וְתָרֵיךְ,,,,Jonathan,TARG
7,Judges,1,20,Judges 1:20,9,מִתַּמָן,,,,Jonathan,TARG
7,Judges,1,20,Judges 1:20,10,יַת,,,,Jonathan,TARG
7,Judges,1,20,Judges 1:20,11,תְּלָתָא,,,,Jonathan,TARG
7,Judges,1,20,Judges 1:20,12,בְּנֵי,,,,Jonathan,TARG
7,Judges,1,20,Judges 1:20,13,גִבָּרַיָא:,,,,Jonathan,TARG
7,Judges,1,21,Judges 1:21,1,וְיַת,,,,Jonathan,TARG
7,Judges,1,21,Judges 1:21,2,יְבוּסָאֵי,,,,Jonathan,TARG
7,Judges,1,21,Judges 1:21,3,יַתְבֵי,,,,Jonathan,TARG
7,Judges,1,21,Judges 1:21,4,יְרוּשְׁלֵם,,,,Jonathan,TARG
7,Judges,1,21,Judges 1:21,5,לָא,,,,Jonathan,TARG
7,Judges,1,21,Judges 1:21,6,תָרִיכוּ,,,,Jonathan,TARG
7,Judges,1,21,Judges 1:21,7,בְּנֵי,,,,Jonathan,TARG
7,Judges,1,21,Judges 1:21,8,בִנְיָמִין,,,,Jonathan,TARG
7,Judges,1,21,Judges 1:21,9,וִיתִיבוּ,,,,Jonathan,TARG
7,Judges,1,21,Judges 1:21,10,יְבוּסָאֵי,,,,Jonathan,TARG
7,Judges,1,21,Judges 1:21,11,עִם,,,,Jonathan,TARG
7,Judges,1,21,Judges 1:21,12,בְּנֵי,,,,Jonathan,TARG
7,Judges,1,21,Judges 1:21,13,בִנְיָמִין,,,,Jonathan,TARG
7,Judges,1,21,Judges 1:21,14,בִּירוּשְׁלֵם,,,,Jonathan,TARG
7,Judges,1,21,Judges 1:21,15,עַד,,,,Jonathan,TARG
7,Judges,1,21,Judges 1:21,16,יוֹמָא,,,,Jonathan,TARG
7,Judges,1,21,Judges 1:21,17,הָדֵין:,,,,Jonathan,TARG
7,Judges,1,22,Judges 1:22,1,וּסְלִיקוּ,,,,Jonathan,TARG
7,Judges,1,22,Judges 1:22,2,דְבֵית,,,,Jonathan,TARG
7,Judges,1,22,Judges 1:22,3,יוֹסֵף,,,,Jonathan,TARG
7,Judges,1,22,Judges 1:22,4,אַף,,,,Jonathan,TARG
7,Judges,1,22,Judges 1:22,5,אִנוּן,,,,Jonathan,TARG
7,Judges,1,22,Judges 1:22,6,לְבֵית,,,,Jonathan,TARG
7,Judges,1,22,Judges 1:22,7,אֵל,,,,Jonathan,TARG
7,Judges,1,22,Judges 1:22,8,וּמֵימְרָא,,,,Jonathan,TARG
7,Judges,1,22,Judges 1:22,9,דַייָ,,,,Jonathan,TARG
7,Judges,1,22,Judges 1:22,10,בְּסַעְדְהוֹן:,,,,Jonathan,TARG
7,Judges,1,23,Judges 1:23,1,וּשְׁלַחוּ,,,,Jonathan,TARG
7,Judges,1,23,Judges 1:23,2,מְאַלְלִין,,,,Jonathan,TARG
7,Judges,1,23,Judges 1:23,3,דְבֵית,,,,Jonathan,TARG
7,Judges,1,23,Judges 1:23,4,יוֹסֵף,,,,Jonathan,TARG
7,Judges,1,23,Judges 1:23,5,לְבֵית,,,,Jonathan,TARG
7,Judges,1,23,Judges 1:23,6,אֵל,,,,Jonathan,TARG
7,Judges,1,23,Judges 1:23,7,וְשׁוּם,,,,Jonathan,TARG
7,Judges,1,23,Judges 1:23,8,קַרְתָּא,,,,Jonathan,TARG
7,Judges,1,23,Judges 1:23,9,מִלְקַדְמִין,,,,Jonathan,TARG
7,Judges,1,23,Judges 1:23,10,לוּז:,,,,Jonathan,TARG
7,Judges,1,24,Judges 1:24,1,וַחֲזוֹ,,,,Jonathan,TARG
7,Judges,1,24,Judges 1:24,2,נָטְרַיָא,,,,Jonathan,TARG
7,Judges,1,24,Judges 1:24,3,גַבְרָא,,,,Jonathan,TARG
7,Judges,1,24,Judges 1:24,4,נָפֵיק,,,,Jonathan,TARG
7,Judges,1,24,Judges 1:24,5,מִן,,,,Jonathan,TARG
7,Judges,1,24,Judges 1:24,6,קַרְתָּא,,,,Jonathan,TARG
7,Judges,1,24,Judges 1:24,7,וַאֲמַרוּ,,,,Jonathan,TARG
7,Judges,1,24,Judges 1:24,8,לֵיהּ,,,,Jonathan,TARG
7,Judges,1,24,Judges 1:24,9,אַחֲזֵינָא,,,,Jonathan,TARG
7,Judges,1,24,Judges 1:24,10,כְעַן,,,,Jonathan,TARG
7,Judges,1,24,Judges 1:24,11,יַת,,,,Jonathan,TARG
7,Judges,1,24,Judges 1:24,12,מַעֲלָנָא,,,,Jonathan,TARG
7,Judges,1,24,Judges 1:24,13,דְקַרְתָּא,,,,Jonathan,TARG
7,Judges,1,24,Judges 1:24,14,וְנַעְבֵּד,,,,Jonathan,TARG
7,Judges,1,24,Judges 1:24,15,עִמָךְ,,,,Jonathan,TARG
7,Judges,1,24,Judges 1:24,16,טִיבוּ:,,,,Jonathan,TARG
7,Judges,1,25,Judges 1:25,1,וְאַחֲזִינוּן,,,,Jonathan,TARG
7,Judges,1,25,Judges 1:25,2,יַת,,,,Jonathan,TARG
7,Judges,1,25,Judges 1:25,3,מַעֲלָנָא,,,,Jonathan,TARG
7,Judges,1,25,Judges 1:25,4,דְקַרְתָּא,,,,Jonathan,TARG
7,Judges,1,25,Judges 1:25,5,וּמְחוֹ,,,,Jonathan,TARG
7,Judges,1,25,Judges 1:25,6,יַת,,,,Jonathan,TARG
7,Judges,1,25,Judges 1:25,7,קַרְתָּא,,,,Jonathan,TARG
7,Judges,1,25,Judges 1:25,8,לְפִתְגַם,,,,Jonathan,TARG
7,Judges,1,25,Judges 1:25,9,דְחָרֶב,,,,Jonathan,TARG
7,Judges,1,25,Judges 1:25,10,וְיַת,,,,Jonathan,TARG
7,Judges,1,25,Judges 1:25,11,גַבְרָא,,,,Jonathan,TARG
7,Judges,1,25,Judges 1:25,12,וְיַת,,,,Jonathan,TARG
7,Judges,1,25,Judges 1:25,13,כָּל,,,,Jonathan,TARG
7,Judges,1,25,Judges 1:25,14,זַרְעִיתֵיהּ,,,,Jonathan,TARG
7,Judges,1,25,Judges 1:25,15,שֵׁזִיבוּ:,,,,Jonathan,TARG
7,Judges,1,26,Judges 1:26,1,וַאֲזַל,,,,Jonathan,TARG
7,Judges,1,26,Judges 1:26,2,גַבְרָא,,,,Jonathan,TARG
7,Judges,1,26,Judges 1:26,3,לְאַרְעָא,,,,Jonathan,TARG
7,Judges,1,26,Judges 1:26,4,חִתָּאֵי,,,,Jonathan,TARG
7,Judges,1,26,Judges 1:26,5,וּבְנָא,,,,Jonathan,TARG
7,Judges,1,26,Judges 1:26,6,קַרְתָּא,,,,Jonathan,TARG
7,Judges,1,26,Judges 1:26,7,וּקְרָא,,,,Jonathan,TARG
7,Judges,1,26,Judges 1:26,8,שְׁמָהּ,,,,Jonathan,TARG
7,Judges,1,26,Judges 1:26,9,לוּז,,,,Jonathan,TARG
7,Judges,1,26,Judges 1:26,10,הוּא,,,,Jonathan,TARG
7,Judges,1,26,Judges 1:26,11,שְׁמָהּ,,,,Jonathan,TARG
7,Judges,1,26,Judges 1:26,12,עַד,,,,Jonathan,TARG
7,Judges,1,26,Judges 1:26,13,יוֹמָא,,,,Jonathan,TARG
7,Judges,1,26,Judges 1:26,14,הָדֵין:,,,,Jonathan,TARG
7,Judges,1,27,Judges 1:27,1,וְלָא,,,,Jonathan,TARG
7,Judges,1,27,Judges 1:27,2,תָרִיכוּ,,,,Jonathan,TARG
7,Judges,1,27,Judges 1:27,3,דְבֵית,,,,Jonathan,TARG
7,Judges,1,27,Judges 1:27,4,מְנַשֶׁה,,,,Jonathan,TARG
7,Judges,1,27,Judges 1:27,5,יַת,,,,Jonathan,TARG
7,Judges,1,27,Judges 1:27,6,בֵּית,,,,Jonathan,TARG
7,Judges,1,27,Judges 1:27,7,שְׁאָן,,,,Jonathan,TARG
7,Judges,1,27,Judges 1:27,8,וְיַת,,,,Jonathan,TARG
7,Judges,1,27,Judges 1:27,9,כַּפְרְנָהָא,,,,Jonathan,TARG
7,Judges,1,27,Judges 1:27,10,וְיַת,,,,Jonathan,TARG
7,Judges,1,27,Judges 1:27,11,תַּעֲנָךְ,,,,Jonathan,TARG
7,Judges,1,27,Judges 1:27,12,וְיַת,,,,Jonathan,TARG
7,Judges,1,27,Judges 1:27,13,כַּפְרְנָהָא,,,,Jonathan,TARG
7,Judges,1,27,Judges 1:27,14,וְיַת,,,,Jonathan,TARG
7,Judges,1,27,Judges 1:27,15,יַתְבֵי,,,,Jonathan,TARG
7,Judges,1,27,Judges 1:27,16,דוֹר,,,,Jonathan,TARG
7,Judges,1,27,Judges 1:27,17,וְיַת,,,,Jonathan,TARG
7,Judges,1,27,Judges 1:27,18,כַּפְרְנָהָא,,,,Jonathan,TARG
7,Judges,1,27,Judges 1:27,19,וְיַת,,,,Jonathan,TARG
7,Judges,1,27,Judges 1:27,20,יַתְבֵי,,,,Jonathan,TARG
7,Judges,1,27,Judges 1:27,21,יִבְלְעָם,,,,Jonathan,TARG
7,Judges,1,27,Judges 1:27,22,וְיַת,,,,Jonathan,TARG
7,Judges,1,27,Judges 1:27,23,כַּפְרְנָהָא,,,,Jonathan,TARG
7,Judges,1,27,Judges 1:27,24,וְיַת,,,,Jonathan,TARG
7,Judges,1,27,Judges 1:27,25,יַתְבֵי,,,,Jonathan,TARG
7,Judges,1,27,Judges 1:27,26,מְגִדוֹ,,,,Jonathan,TARG
7,Judges,1,27,Judges 1:27,27,וְיַת,,,,Jonathan,TARG
7,Judges,1,27,Judges 1:27,28,כַּפְרְנָהָא,,,,Jonathan,TARG
7,Judges,1,27,Judges 1:27,29,וּשְׁרֵי,,,,Jonathan,TARG
7,Judges,1,27,Judges 1:27,30,כְנַעֲנָאָה,,,,Jonathan,TARG
7,Judges,1,27,Judges 1:27,31,לְמִתַּב,,,,Jonathan,TARG
7,Judges,1,27,Judges 1:27,32,בְּאַרְעָא,,,,Jonathan,TARG
7,Judges,1,27,Judges 1:27,33,הָדָא:,,,,Jonathan,TARG
7,Judges,1,28,Judges 1:28,1,וַהֲוָה,,,,Jonathan,TARG
7,Judges,1,28,Judges 1:28,2,כַּד,,,,Jonathan,TARG
7,Judges,1,28,Judges 1:28,3,תַּקֵיף,,,,Jonathan,TARG
7,Judges,1,28,Judges 1:28,4,יִשְׂרָאֵל,,,,Jonathan,TARG
7,Judges,1,28,Judges 1:28,5,וְשַׁוֵי,,,,Jonathan,TARG
7,Judges,1,28,Judges 1:28,6,יַת,,,,Jonathan,TARG
7,Judges,1,28,Judges 1:28,7,כְּנַעֲנָאָה,,,,Jonathan,TARG
7,Judges,1,28,Judges 1:28,8,לְמַסְקֵי,,,,Jonathan,TARG
7,Judges,1,28,Judges 1:28,9,מִסִין,,,,Jonathan,TARG
7,Judges,1,28,Judges 1:28,10,וְתָרָכָא,,,,Jonathan,TARG
7,Judges,1,28,Judges 1:28,11,לָא,,,,Jonathan,TARG
7,Judges,1,28,Judges 1:28,12,תָרְכִינוּן:,,,,Jonathan,TARG
7,Judges,1,29,Judges 1:29,1,וּדְבֵית,,,,Jonathan,TARG
7,Judges,1,29,Judges 1:29,2,אֶפְרַיִם,,,,Jonathan,TARG
7,Judges,1,29,Judges 1:29,3,לָא,,,,Jonathan,TARG
7,Judges,1,29,Judges 1:29,4,תָרִיךְ,,,,Jonathan,TARG
7,Judges,1,29,Judges 1:29,5,יַת,,,,Jonathan,TARG
7,Judges,1,29,Judges 1:29,6,כְּנַעֲנָאֵי,,,,Jonathan,TARG
7,Judges,1,29,Judges 1:29,7,דְיַתְבִין,,,,Jonathan,TARG
7,Judges,1,29,Judges 1:29,8,בְּגָזֶר,,,,Jonathan,TARG
7,Judges,1,29,Judges 1:29,9,וִיתִבוּ,,,,Jonathan,TARG
7,Judges,1,29,Judges 1:29,10,כְּנַעֲנָאֵי,,,,Jonathan,TARG
7,Judges,1,29,Judges 1:29,11,בֵינֵיהוֹן,,,,Jonathan,TARG
7,Judges,1,29,Judges 1:29,12,בְּגָזֶר:,,,,Jonathan,TARG
7,Judges,1,30,Judges 1:30,1,דְּבֵית,,,,Jonathan,TARG
7,Judges,1,30,Judges 1:30,2,זְבוּלוּן,,,,Jonathan,TARG
7,Judges,1,30,Judges 1:30,3,לָא,,,,Jonathan,TARG
7,Judges,1,30,Judges 1:30,4,תָרִיכוּ,,,,Jonathan,TARG
7,Judges,1,30,Judges 1:30,5,יַת,,,,Jonathan,TARG
7,Judges,1,30,Judges 1:30,6,יַתְבֵי,,,,Jonathan,TARG
7,Judges,1,30,Judges 1:30,7,קִטְרוֹן,,,,Jonathan,TARG
7,Judges,1,30,Judges 1:30,8,וְיַת,,,,Jonathan,TARG
7,Judges,1,30,Judges 1:30,9,יַתְבֵי,,,,Jonathan,TARG
7,Judges,1,30,Judges 1:30,10,נַהֲלֹל,,,,Jonathan,TARG
7,Judges,1,30,Judges 1:30,11,וִיתִבוּ,,,,Jonathan,TARG
7,Judges,1,30,Judges 1:30,12,כְנַעֲנָאֵי,,,,Jonathan,TARG
7,Judges,1,30,Judges 1:30,13,בֵּינֵיהוֹן,,,,Jonathan,TARG
7,Judges,1,30,Judges 1:30,14,וַהֲווֹ,,,,Jonathan,TARG
7,Judges,1,30,Judges 1:30,15,לְמַסְקֵי,,,,Jonathan,TARG
7,Judges,1,30,Judges 1:30,16,מִסִין:,,,,Jonathan,TARG
7,Judges,1,31,Judges 1:31,1,דְבֵית,,,,Jonathan,TARG
7,Judges,1,31,Judges 1:31,2,אָשֵׁר,,,,Jonathan,TARG
7,Judges,1,31,Judges 1:31,3,לָא,,,,Jonathan,TARG
7,Judges,1,31,Judges 1:31,4,תָרִיכוּ,,,,Jonathan,TARG
7,Judges,1,31,Judges 1:31,5,יַת,,,,Jonathan,TARG
7,Judges,1,31,Judges 1:31,6,יַתְבֵי,,,,Jonathan,TARG
7,Judges,1,31,Judges 1:31,7,עַכּוֹ,,,,Jonathan,TARG
7,Judges,1,31,Judges 1:31,8,וְיַת,,,,Jonathan,TARG
7,Judges,1,31,Judges 1:31,9,יַתְבֵי,,,,Jonathan,TARG
7,Judges,1,31,Judges 1:31,10,צִידוֹן,,,,Jonathan,TARG
7,Judges,1,31,Judges 1:31,11,וְיַת,,,,Jonathan,TARG
7,Judges,1,31,Judges 1:31,12,אַחְלָב,,,,Jonathan,TARG
7,Judges,1,31,Judges 1:31,13,וְיַת,,,,Jonathan,TARG
7,Judges,1,31,Judges 1:31,14,אַכְזִיב,,,,Jonathan,TARG
7,Judges,1,31,Judges 1:31,15,וְיַת,,,,Jonathan,TARG
7,Judges,1,31,Judges 1:31,16,חֶלְבָּה,,,,Jonathan,TARG
7,Judges,1,31,Judges 1:31,17,וְיַת,,,,Jonathan,TARG
7,Judges,1,31,Judges 1:31,18,אֲפִיק,,,,Jonathan,TARG
7,Judges,1,31,Judges 1:31,19,וְיַת,,,,Jonathan,TARG
7,Judges,1,31,Judges 1:31,20,רְחוֹב:,,,,Jonathan,TARG
7,Judges,1,32,Judges 1:32,1,וִיתִיבוּ,,,,Jonathan,TARG
7,Judges,1,32,Judges 1:32,2,דְבֵית,,,,Jonathan,TARG
7,Judges,1,32,Judges 1:32,3,אָשֵׁר,,,,Jonathan,TARG
7,Judges,1,32,Judges 1:32,4,בְּגוֹ,,,,Jonathan,TARG
7,Judges,1,32,Judges 1:32,5,כְּנַעֲנָאֵי,,,,Jonathan,TARG
7,Judges,1,32,Judges 1:32,6,יַתְבֵי,,,,Jonathan,TARG
7,Judges,1,32,Judges 1:32,7,אַרְעָא,,,,Jonathan,TARG
7,Judges,1,32,Judges 1:32,8,אֲרֵי,,,,Jonathan,TARG
7,Judges,1,32,Judges 1:32,9,לָא,,,,Jonathan,TARG
7,Judges,1,32,Judges 1:32,10,תָרְכִינוּן:,,,,Jonathan,TARG
7,Judges,1,33,Judges 1:33,1,דְבֵית,,,,Jonathan,TARG
7,Judges,1,33,Judges 1:33,2,נַפְתָּלִי,,,,Jonathan,TARG
7,Judges,1,33,Judges 1:33,3,לָא,,,,Jonathan,TARG
7,Judges,1,33,Judges 1:33,4,תָרִיכוּ,,,,Jonathan,TARG
7,Judges,1,33,Judges 1:33,5,יַת,,,,Jonathan,TARG
7,Judges,1,33,Judges 1:33,6,יַתְבֵי,,,,Jonathan,TARG
7,Judges,1,33,Judges 1:33,7,בֵית,,,,Jonathan,TARG
7,Judges,1,33,Judges 1:33,8,שֶׁמֶשׁ,,,,Jonathan,TARG
7,Judges,1,33,Judges 1:33,9,וְיַת,,,,Jonathan,TARG
7,Judges,1,33,Judges 1:33,10,יַתְבֵי,,,,Jonathan,TARG
7,Judges,1,33,Judges 1:33,11,בֵית,,,,Jonathan,TARG
7,Judges,1,33,Judges 1:33,12,עֲנָת,,,,Jonathan,TARG
7,Judges,1,33,Judges 1:33,13,וִיתִיבוּ,,,,Jonathan,TARG
7,Judges,1,33,Judges 1:33,14,בְּגוֹ,,,,Jonathan,TARG
7,Judges,1,33,Judges 1:33,15,כְנַעֲנָאֵי,,,,Jonathan,TARG
7,Judges,1,33,Judges 1:33,16,יַתְבֵי,,,,Jonathan,TARG
7,Judges,1,33,Judges 1:33,17,אַרְעָא,,,,Jonathan,TARG
7,Judges,1,33,Judges 1:33,18,וְיַתְבֵי,,,,Jonathan,TARG
7,Judges,1,33,Judges 1:33,19,בֵית,,,,Jonathan,TARG
7,Judges,1,33,Judges 1:33,20,שֶׁמֶשׁ,,,,Jonathan,TARG
7,Judges,1,33,Judges 1:33,21,וּבֵית,,,,Jonathan,TARG
7,Judges,1,33,Judges 1:33,22,עֲנָת,,,,Jonathan,TARG
7,Judges,1,33,Judges 1:33,23,הֲווֹ,,,,Jonathan,TARG
7,Judges,1,33,Judges 1:33,24,לְהוֹן,,,,Jonathan,TARG
7,Judges,1,33,Judges 1:33,25,לְמַסְקֵי,,,,Jonathan,TARG
7,Judges,1,33,Judges 1:33,26,מִסִין:,,,,Jonathan,TARG
7,Judges,1,34,Judges 1:34,1,וּדְחַקוּ,,,,Jonathan,TARG
7,Judges,1,34,Judges 1:34,2,אֱמוֹרָאֵי,,,,Jonathan,TARG
7,Judges,1,34,Judges 1:34,3,יַת,,,,Jonathan,TARG
7,Judges,1,34,Judges 1:34,4,בְּנֵי,,,,Jonathan,TARG
7,Judges,1,34,Judges 1:34,5,דָן,,,,Jonathan,TARG
7,Judges,1,34,Judges 1:34,6,לְטוּרָא,,,,Jonathan,TARG
7,Judges,1,34,Judges 1:34,7,אֲרֵי,,,,Jonathan,TARG
7,Judges,1,34,Judges 1:34,8,לָא,,,,Jonathan,TARG
7,Judges,1,34,Judges 1:34,9,שַׁבְקוּנוּן,,,,Jonathan,TARG
7,Judges,1,34,Judges 1:34,10,לְמֵחַת,,,,Jonathan,TARG
7,Judges,1,34,Judges 1:34,11,לְמֵישְׁרָא:,,,,Jonathan,TARG
7,Judges,1,35,Judges 1:35,1,וּשְׁרִי,,,,Jonathan,TARG
7,Judges,1,35,Judges 1:35,2,אֱמוֹרָאָה,,,,Jonathan,TARG
7,Judges,1,35,Judges 1:35,3,לְמִתַּב,,,,Jonathan,TARG
7,Judges,1,35,Judges 1:35,4,בְּטוּר,,,,Jonathan,TARG
7,Judges,1,35,Judges 1:35,5,חֶרֶס,,,,Jonathan,TARG
7,Judges,1,35,Judges 1:35,6,בְּאַיָלוֹן,,,,Jonathan,TARG
7,Judges,1,35,Judges 1:35,7,וּבְשַׁעַלְבִים,,,,Jonathan,TARG
7,Judges,1,35,Judges 1:35,8,וּתְקֵיפַת,,,,Jonathan,TARG
7,Judges,1,35,Judges 1:35,9,יַד,,,,Jonathan,TARG
7,Judges,1,35,Judges 1:35,10,בֵּית,,,,Jonathan,TARG
7,Judges,1,35,Judges 1:35,11,יוֹסֵף,,,,Jonathan,TARG
7,Judges,1,35,Judges 1:35,12,וַהֲווֹ,,,,Jonathan,TARG
7,Judges,1,35,Judges 1:35,13,לְמַסְקֵי,,,,Jonathan,TARG
7,Judges,1,35,Judges 1:35,14,מִסִין:,,,,Jonathan,TARG
7,Judges,1,36,Judges 1:36,1,וּתְחוּם,,,,Jonathan,TARG
7,Judges,1,36,Judges 1:36,2,אֱמוֹרָאָה,,,,Jonathan,TARG
7,Judges,1,36,Judges 1:36,3,מִמַסְקְנֵי,,,,Jonathan,TARG
7,Judges,1,36,Judges 1:36,4,עַקְרַ,,,,Jonathan,TARG
7,Judges,1,36,Judges 1:36,5,בִּים,,,,Jonathan,TARG
7,Judges,1,36,Judges 1:36,6,מִן,,,,Jonathan,TARG
7,Judges,1,36,Judges 1:36,7,כֵּיפָא,,,,Jonathan,TARG
7,Judges,1,36,Judges 1:36,8,וּלְעֵילָא:,,,,Jonathan,TARG
7,Judges,2,1,Judges 2:1,1,וּסְלִיק,,,,Jonathan,TARG
7,Judges,2,1,Judges 2:1,2,נְבִיָא,,,,Jonathan,TARG
7,Judges,2,1,Judges 2:1,3,בִּשְׁלִיחוּת,,,,Jonathan,TARG
7,Judges,2,1,Judges 2:1,4,מִן,,,,Jonathan,TARG
7,Judges,2,1,Judges 2:1,5,קֳדָם,,,,Jonathan,TARG
7,Judges,2,1,Judges 2:1,6,יְיָ,,,,Jonathan,TARG
7,Judges,2,1,Judges 2:1,7,מִן,,,,Jonathan,TARG
7,Judges,2,1,Judges 2:1,8,גִלְגְלָא,,,,Jonathan,TARG
7,Judges,2,1,Judges 2:1,9,לַבּוֹכִים,,,,Jonathan,TARG
7,Judges,2,1,Judges 2:1,10,וַאֲמַר,,,,Jonathan,TARG
7,Judges,2,1,Judges 2:1,11,אֲסֵקִית,,,,Jonathan,TARG
7,Judges,2,1,Judges 2:1,12,יַתְכוֹן,,,,Jonathan,TARG
7,Judges,2,1,Judges 2:1,13,מִמִצְרַיִם,,,,Jonathan,TARG
7,Judges,2,1,Judges 2:1,14,וְאַעֲלִית,,,,Jonathan,TARG
7,Judges,2,1,Judges 2:1,15,יַתְכוֹן,,,,Jonathan,TARG
7,Judges,2,1,Judges 2:1,16,לְאַרְעָא,,,,Jonathan,TARG
7,Judges,2,1,Judges 2:1,17,דִי,,,,Jonathan,TARG
7,Judges,2,1,Judges 2:1,18,קַיֵמִית,,,,Jonathan,TARG
7,Judges,2,1,Judges 2:1,19,לַאֲבָהַתְכוֹן,,,,Jonathan,TARG
7,Judges,2,1,Judges 2:1,20,וַאֲמַרִית,,,,Jonathan,TARG
7,Judges,2,1,Judges 2:1,21,לָא,,,,Jonathan,TARG
7,Judges,2,1,Judges 2:1,22,אַשְׁנֵי,,,,Jonathan,TARG
7,Judges,2,1,Judges 2:1,23,קְיָמַי,,,,Jonathan,TARG
7,Judges,2,1,Judges 2:1,24,עִמְכוֹן,,,,Jonathan,TARG
7,Judges,2,1,Judges 2:1,25,לְעֳלָם:,,,,Jonathan,TARG
7,Judges,2,2,Judges 2:2,1,וְאַתּוּן,,,,Jonathan,TARG
7,Judges,2,2,Judges 2:2,2,לָא,,,,Jonathan,TARG
7,Judges,2,2,Judges 2:2,3,תִגְזְרוּן,,,,Jonathan,TARG
7,Judges,2,2,Judges 2:2,4,קְיָם,,,,Jonathan,TARG
7,Judges,2,2,Judges 2:2,5,לְיַתְבֵי,,,,Jonathan,TARG
7,Judges,2,2,Judges 2:2,6,אַרְעָא,,,,Jonathan,TARG
7,Judges,2,2,Judges 2:2,7,הָדָא,,,,Jonathan,TARG
7,Judges,2,2,Judges 2:2,8,אֲגוֹרֵיהוֹן,,,,Jonathan,TARG
7,Judges,2,2,Judges 2:2,9,תְּתָרְעוּן,,,,Jonathan,TARG
7,Judges,2,2,Judges 2:2,10,וְלָא,,,,Jonathan,TARG
7,Judges,2,2,Judges 2:2,11,קַבֵּלְתּוּן,,,,Jonathan,TARG
7,Judges,2,2,Judges 2:2,12,לְמֵימְרִי,,,,Jonathan,TARG
7,Judges,2,2,Judges 2:2,13,מָא,,,,Jonathan,TARG
7,Judges,2,2,Judges 2:2,14,דָא,,,,Jonathan,TARG
7,Judges,2,2,Judges 2:2,15,עֲבַדְתּוּן:,,,,Jonathan,TARG
7,Judges,2,3,Judges 2:3,1,וְאַף,,,,Jonathan,TARG
7,Judges,2,3,Judges 2:3,2,אַמְרֵית,,,,Jonathan,TARG
7,Judges,2,3,Judges 2:3,3,לָא,,,,Jonathan,TARG
7,Judges,2,3,Judges 2:3,4,אֲתָרֵיךְ,,,,Jonathan,TARG
7,Judges,2,3,Judges 2:3,5,יַתְהוֹן,,,,Jonathan,TARG
7,Judges,2,3,Judges 2:3,6,מִן,,,,Jonathan,TARG
7,Judges,2,3,Judges 2:3,7,קֳדָמֵיכוֹן,,,,Jonathan,TARG
7,Judges,2,3,Judges 2:3,8,וִיהוֹן,,,,Jonathan,TARG
7,Judges,2,3,Judges 2:3,9,לְכוֹן,,,,Jonathan,TARG
7,Judges,2,3,Judges 2:3,10,לִמְעִיקִין,,,,Jonathan,TARG
7,Judges,2,3,Judges 2:3,11,וְטַעֲוַתְהוֹן,,,,Jonathan,TARG
7,Judges,2,3,Judges 2:3,12,יְהוֹן,,,,Jonathan,TARG
7,Judges,2,3,Judges 2:3,13,לְכוֹן,,,,Jonathan,TARG
7,Judges,2,3,Judges 2:3,14,לְתַקָלָא:,,,,Jonathan,TARG
7,Judges,2,4,Judges 2:4,1,וַהֲוָה,,,,Jonathan,TARG
7,Judges,2,4,Judges 2:4,2,כַּד,,,,Jonathan,TARG
7,Judges,2,4,Judges 2:4,3,מַלֵיל,,,,Jonathan,TARG
7,Judges,2,4,Judges 2:4,4,נְבִיָא,,,,Jonathan,TARG
7,Judges,2,4,Judges 2:4,5,דַייָ,,,,Jonathan,TARG
7,Judges,2,4,Judges 2:4,6,יַת,,,,Jonathan,TARG
7,Judges,2,4,Judges 2:4,7,פִּתְגָמַיָא,,,,Jonathan,TARG
7,Judges,2,4,Judges 2:4,8,הָאִלֵין,,,,Jonathan,TARG
7,Judges,2,4,Judges 2:4,9,לְכָל,,,,Jonathan,TARG
7,Judges,2,4,Judges 2:4,10,בְּנֵי,,,,Jonathan,TARG
7,Judges,2,4,Judges 2:4,11,יִשְׂרָאֵל,,,,Jonathan,TARG
7,Judges,2,4,Judges 2:4,12,וַאֲרִימוּ,,,,Jonathan,TARG
7,Judges,2,4,Judges 2:4,13,עַמָא,,,,Jonathan,TARG
7,Judges,2,4,Judges 2:4,14,יַת,,,,Jonathan,TARG
7,Judges,2,4,Judges 2:4,15,קַלְהוֹן,,,,Jonathan,TARG
7,Judges,2,4,Judges 2:4,16,וּבְכוֹ:,,,,Jonathan,TARG
7,Judges,2,5,Judges 2:5,1,וּקְרוֹ,,,,Jonathan,TARG
7,Judges,2,5,Judges 2:5,2,שְׁמָא,,,,Jonathan,TARG
7,Judges,2,5,Judges 2:5,3,דְאַתְרָא,,,,Jonathan,TARG
7,Judges,2,5,Judges 2:5,4,הַהוּא,,,,Jonathan,TARG
7,Judges,2,5,Judges 2:5,5,בּוֹכִים,,,,Jonathan,TARG
7,Judges,2,5,Judges 2:5,6,וּנְכִיסוּ,,,,Jonathan,TARG
7,Judges,2,5,Judges 2:5,7,תַמָן,,,,Jonathan,TARG
7,Judges,2,5,Judges 2:5,8,נִכְסַת,,,,Jonathan,TARG
7,Judges,2,5,Judges 2:5,9,קוּדְשַׁיָא,,,,Jonathan,TARG
7,Judges,2,5,Judges 2:5,10,קֳדָם,,,,Jonathan,TARG
7,Judges,2,5,Judges 2:5,11,דַיָי:,,,,Jonathan,TARG
7,Judges,2,6,Judges 2:6,1,וּשְׁלַח,,,,Jonathan,TARG
7,Judges,2,6,Judges 2:6,2,יְהוֹשֻׁעַ,,,,Jonathan,TARG
7,Judges,2,6,Judges 2:6,3,יַת,,,,Jonathan,TARG
7,Judges,2,6,Judges 2:6,4,עַמָא,,,,Jonathan,TARG
7,Judges,2,6,Judges 2:6,5,וַאֲזַלוּ,,,,Jonathan,TARG
7,Judges,2,6,Judges 2:6,6,בְּנֵי,,,,Jonathan,TARG
7,Judges,2,6,Judges 2:6,7,יִשְׂרָאֵל,,,,Jonathan,TARG
7,Judges,2,6,Judges 2:6,8,גְבַר,,,,Jonathan,TARG
7,Judges,2,6,Judges 2:6,9,לְאַחְסַנְתֵּיה,,,,Jonathan,TARG
7,Judges,2,6,Judges 2:6,10,לְמֵירַת,,,,Jonathan,TARG
7,Judges,2,6,Judges 2:6,11,יַת,,,,Jonathan,TARG
7,Judges,2,6,Judges 2:6,12,אַרְעָא:,,,,Jonathan,TARG
7,Judges,2,7,Judges 2:7,1,וּפְלַח,,,,Jonathan,TARG
7,Judges,2,7,Judges 2:7,2,עַמָא,,,,Jonathan,TARG
7,Judges,2,7,Judges 2:7,3,קֳדָם,,,,Jonathan,TARG
7,Judges,2,7,Judges 2:7,4,יְיָ,,,,Jonathan,TARG
7,Judges,2,7,Judges 2:7,5,כָּל,,,,Jonathan,TARG
7,Judges,2,7,Judges 2:7,6,יוֹמֵי,,,,Jonathan,TARG
7,Judges,2,7,Judges 2:7,7,יְהוֹשֻׁעַ,,,,Jonathan,TARG
7,Judges,2,7,Judges 2:7,8,וְכֹל,,,,Jonathan,TARG
7,Judges,2,7,Judges 2:7,9,יוֹמֵי,,,,Jonathan,TARG
7,Judges,2,7,Judges 2:7,10,סָבַיָא,,,,Jonathan,TARG
7,Judges,2,7,Judges 2:7,11,דִי,,,,Jonathan,TARG
7,Judges,2,7,Judges 2:7,12,אוֹרִיכוּ,,,,Jonathan,TARG
7,Judges,2,7,Judges 2:7,13,יוֹמִין,,,,Jonathan,TARG
7,Judges,2,7,Judges 2:7,14,בָּתַר,,,,Jonathan,TARG
7,Judges,2,7,Judges 2:7,15,יְהוֹשֻׁעַ,,,,Jonathan,TARG
7,Judges,2,7,Judges 2:7,16,דַחֲזוֹ,,,,Jonathan,TARG
7,Judges,2,7,Judges 2:7,17,יַת,,,,Jonathan,TARG
7,Judges,2,7,Judges 2:7,18,כָּל,,,,Jonathan,TARG
7,Judges,2,7,Judges 2:7,19,עוֹבָדָא,,,,Jonathan,TARG
7,Judges,2,7,Judges 2:7,20,דַייָ,,,,Jonathan,TARG
7,Judges,2,7,Judges 2:7,21,רַבָּא,,,,Jonathan,TARG
7,Judges,2,7,Judges 2:7,22,דִי,,,,Jonathan,TARG
7,Judges,2,7,Judges 2:7,23,עֲבַד,,,,Jonathan,TARG
7,Judges,2,7,Judges 2:7,24,לְיִשְׂרָאֵל:,,,,Jonathan,TARG
7,Judges,2,8,Judges 2:8,1,וּמִית,,,,Jonathan,TARG
7,Judges,2,8,Judges 2:8,2,יְהוֹשֻׁעַ,,,,Jonathan,TARG
7,Judges,2,8,Judges 2:8,3,בַּר,,,,Jonathan,TARG
7,Judges,2,8,Judges 2:8,4,נוּן,,,,Jonathan,TARG
7,Judges,2,8,Judges 2:8,5,עַבְדָא,,,,Jonathan,TARG
7,Judges,2,8,Judges 2:8,6,דַייָ,,,,Jonathan,TARG
7,Judges,2,8,Judges 2:8,7,בַּר,,,,Jonathan,TARG
7,Judges,2,8,Judges 2:8,8,מְאָה,,,,Jonathan,TARG
7,Judges,2,8,Judges 2:8,9,וַעֲשַׂר,,,,Jonathan,TARG
7,Judges,2,8,Judges 2:8,10,שְׁנִין:,,,,Jonathan,TARG
7,Judges,2,9,Judges 2:9,1,וּקְבַרוּ,,,,Jonathan,TARG
7,Judges,2,9,Judges 2:9,2,יָתֵיהּ,,,,Jonathan,TARG
7,Judges,2,9,Judges 2:9,3,בִּתְחוּם,,,,Jonathan,TARG
7,Judges,2,9,Judges 2:9,4,אַחְסַנְתֵּיהּ,,,,Jonathan,TARG
7,Judges,2,9,Judges 2:9,5,בְּתִמְנַת,,,,Jonathan,TARG
7,Judges,2,9,Judges 2:9,6,חֶרֶס,,,,Jonathan,TARG
7,Judges,2,9,Judges 2:9,7,בְּטוּרָא,,,,Jonathan,TARG
7,Judges,2,9,Judges 2:9,8,דְבֵית,,,,Jonathan,TARG
7,Judges,2,9,Judges 2:9,9,אֶפְרַיִם,,,,Jonathan,TARG
7,Judges,2,9,Judges 2:9,10,מִצִיפּוּנָא,,,,Jonathan,TARG
7,Judges,2,9,Judges 2:9,11,לְטוּר,,,,Jonathan,TARG
7,Judges,2,9,Judges 2:9,12,גָעַשׁ:,,,,Jonathan,TARG
7,Judges,2,10,Judges 2:10,1,וְאַף,,,,Jonathan,TARG
7,Judges,2,10,Judges 2:10,2,כָּל,,,,Jonathan,TARG
7,Judges,2,10,Judges 2:10,3,דָרָא,,,,Jonathan,TARG
7,Judges,2,10,Judges 2:10,4,הַהוּא,,,,Jonathan,TARG
7,Judges,2,10,Judges 2:10,5,אִתְכְּנִישׁוּ,,,,Jonathan,TARG
7,Judges,2,10,Judges 2:10,6,לְוַת,,,,Jonathan,TARG
7,Judges,2,10,Judges 2:10,7,אֲבָהָתוֹהִי,,,,Jonathan,TARG
7,Judges,2,10,Judges 2:10,8,וְקָם,,,,Jonathan,TARG
7,Judges,2,10,Judges 2:10,9,דָרָא,,,,Jonathan,TARG
7,Judges,2,10,Judges 2:10,10,אוֹחֲרָנָא,,,,Jonathan,TARG
7,Judges,2,10,Judges 2:10,11,בַּתְרֵיהוֹן,,,,Jonathan,TARG
7,Judges,2,10,Judges 2:10,12,דְלָא,,,,Jonathan,TARG
7,Judges,2,10,Judges 2:10,13,יַדְעִין,,,,Jonathan,TARG
7,Judges,2,10,Judges 2:10,14,לְמִדְחַל,,,,Jonathan,TARG
7,Judges,2,10,Judges 2:10,15,מִן,,,,Jonathan,TARG
7,Judges,2,10,Judges 2:10,16,קֳדָם,,,,Jonathan,TARG
7,Judges,2,10,Judges 2:10,17,יְיָ,,,,Jonathan,TARG
7,Judges,2,10,Judges 2:10,18,וְאַף,,,,Jonathan,TARG
7,Judges,2,10,Judges 2:10,19,יַת,,,,Jonathan,TARG
7,Judges,2,10,Judges 2:10,20,עוֹבָדָא,,,,Jonathan,TARG
7,Judges,2,10,Judges 2:10,21,דִי,,,,Jonathan,TARG
7,Judges,2,10,Judges 2:10,22,עֲבַד,,,,Jonathan,TARG
7,Judges,2,10,Judges 2:10,23,לְיִשְׂרָאֵל:,,,,Jonathan,TARG
7,Judges,2,11,Judges 2:11,1,וַעֲבַדוּ,,,,Jonathan,TARG
7,Judges,2,11,Judges 2:11,2,בְּנֵי,,,,Jonathan,TARG
7,Judges,2,11,Judges 2:11,3,יִשְׂרָאֵל,,,,Jonathan,TARG
7,Judges,2,11,Judges 2:11,4,יַת,,,,Jonathan,TARG
7,Judges,2,11,Judges 2:11,5,דְבִישׁ,,,,Jonathan,TARG
7,Judges,2,11,Judges 2:11,6,קֳדָם,,,,Jonathan,TARG
7,Judges,2,11,Judges 2:11,7,יְיָ,,,,Jonathan,TARG
7,Judges,2,11,Judges 2:11,8,וּפְלַחוּ,,,,Jonathan,TARG
7,Judges,2,11,Judges 2:11,9,יַת,,,,Jonathan,TARG
7,Judges,2,11,Judges 2:11,10,בַּעֲלַיָא:,,,,Jonathan,TARG
7,Judges,2,12,Judges 2:12,1,וּשְׁבַקוּ,,,,Jonathan,TARG
7,Judges,2,12,Judges 2:12,2,יַת,,,,Jonathan,TARG
7,Judges,2,12,Judges 2:12,3,פּוּלְחָנָא,,,,Jonathan,TARG
7,Judges,2,12,Judges 2:12,4,דַייָ,,,,Jonathan,TARG
7,Judges,2,12,Judges 2:12,5,אֱלָהָא,,,,Jonathan,TARG
7,Judges,2,12,Judges 2:12,6,דַאַבָהַתְהוֹן,,,,Jonathan,TARG
7,Judges,2,12,Judges 2:12,7,דְאַפֵּיק,,,,Jonathan,TARG
7,Judges,2,12,Judges 2:12,8,יַתְהוֹן,,,,Jonathan,TARG
7,Judges,2,12,Judges 2:12,9,מֵאַרְעָא,,,,Jonathan,TARG
7,Judges,2,12,Judges 2:12,10,דְמִצְרַיִם,,,,Jonathan,TARG
7,Judges,2,12,Judges 2:12,11,וּטְעוֹ,,,,Jonathan,TARG
7,Judges,2,12,Judges 2:12,12,בָּתַר,,,,Jonathan,TARG
7,Judges,2,12,Judges 2:12,13,טַעֲוַת,,,,Jonathan,TARG
7,Judges,2,12,Judges 2:12,14,עַמְמַיָא,,,,Jonathan,TARG
7,Judges,2,12,Judges 2:12,15,מִטַעֲוַת,,,,Jonathan,TARG
7,Judges,2,12,Judges 2:12,16,עַמְמַיָא,,,,Jonathan,TARG
7,Judges,2,12,Judges 2:12,17,דִי,,,,Jonathan,TARG
7,Judges,2,12,Judges 2:12,18,בְסַחֲרָנֵיהוֹן,,,,Jonathan,TARG
7,Judges,2,12,Judges 2:12,19,וּסְגִידוּ,,,,Jonathan,TARG
7,Judges,2,12,Judges 2:12,20,לָהֶן,,,,Jonathan,TARG
7,Judges,2,12,Judges 2:12,21,וְאַרְגִיזוּ,,,,Jonathan,TARG
7,Judges,2,12,Judges 2:12,22,קֳדָם,,,,Jonathan,TARG
7,Judges,2,12,Judges 2:12,23,יְיָ:,,,,Jonathan,TARG
7,Judges,2,13,Judges 2:13,1,וּשְׁבַקוּ,,,,Jonathan,TARG
7,Judges,2,13,Judges 2:13,2,יַת,,,,Jonathan,TARG
7,Judges,2,13,Judges 2:13,3,פּוּלְחָנָא,,,,Jonathan,TARG
7,Judges,2,13,Judges 2:13,4,דַייָ,,,,Jonathan,TARG
7,Judges,2,13,Judges 2:13,5,וּפְלַחוּ,,,,Jonathan,TARG
7,Judges,2,13,Judges 2:13,6,לְבַעֲלָא,,,,Jonathan,TARG
7,Judges,2,13,Judges 2:13,7,וּלְעַשְׁתָּרָתָא:,,,,Jonathan,TARG
7,Judges,2,14,Judges 2:14,1,וּתְקֵף,,,,Jonathan,TARG
7,Judges,2,14,Judges 2:14,2,רוּגְזָא,,,,Jonathan,TARG
7,Judges,2,14,Judges 2:14,3,דַייָ,,,,Jonathan,TARG
7,Judges,2,14,Judges 2:14,4,בְּיִשְׂרָאֵל,,,,Jonathan,TARG
7,Judges,2,14,Judges 2:14,5,וּמַסְרִינוּן,,,,Jonathan,TARG
7,Judges,2,14,Judges 2:14,6,בְּיַד,,,,Jonathan,TARG
7,Judges,2,14,Judges 2:14,7,בוֹזְזֵיהֶן,,,,Jonathan,TARG
7,Judges,2,14,Judges 2:14,8,וּבְזוֹ,,,,Jonathan,TARG
7,Judges,2,14,Judges 2:14,9,יַתְהוֹן,,,,Jonathan,TARG
7,Judges,2,14,Judges 2:14,10,וּמַסְרִינוּן,,,,Jonathan,TARG
7,Judges,2,14,Judges 2:14,11,בְּיַד,,,,Jonathan,TARG
7,Judges,2,14,Judges 2:14,12,בַּעֲלֵי,,,,Jonathan,TARG
7,Judges,2,14,Judges 2:14,13,דְבָבֵיהוֹן,,,,Jonathan,TARG
7,Judges,2,14,Judges 2:14,14,מִסְחוֹר,,,,Jonathan,TARG
7,Judges,2,14,Judges 2:14,15,סְחוֹר,,,,Jonathan,TARG
7,Judges,2,14,Judges 2:14,16,וְלָא,,,,Jonathan,TARG
7,Judges,2,14,Judges 2:14,17,יָכִילוּ,,,,Jonathan,TARG
7,Judges,2,14,Judges 2:14,18,עוֹד,,,,Jonathan,TARG
7,Judges,2,14,Judges 2:14,19,לְמֵיקָם,,,,Jonathan,TARG
7,Judges,2,14,Judges 2:14,20,קֳדָם,,,,Jonathan,TARG
7,Judges,2,14,Judges 2:14,21,בַּעֲלֵי,,,,Jonathan,TARG
7,Judges,2,14,Judges 2:14,22,דְבָבֵיהוֹן:,,,,Jonathan,TARG
7,Judges,2,15,Judges 2:15,1,בְּכָל,,,,Jonathan,TARG
7,Judges,2,15,Judges 2:15,2,אֲתַר,,,,Jonathan,TARG
7,Judges,2,15,Judges 2:15,3,דִי,,,,Jonathan,TARG
7,Judges,2,15,Judges 2:15,4,נְפַקוּ,,,,Jonathan,TARG
7,Judges,2,15,Judges 2:15,5,מָחָא,,,,Jonathan,TARG
7,Judges,2,15,Judges 2:15,6,מִן,,,,Jonathan,TARG
7,Judges,2,15,Judges 2:15,7,קֳדָם,,,,Jonathan,TARG
7,Judges,2,15,Judges 2:15,8,יְיָ,,,,Jonathan,TARG
7,Judges,2,15,Judges 2:15,9,הֲוַת,,,,Jonathan,TARG
7,Judges,2,15,Judges 2:15,10,בְּהוֹן,,,,Jonathan,TARG
7,Judges,2,15,Judges 2:15,11,לְבִישָׁא,,,,Jonathan,TARG
7,Judges,2,15,Judges 2:15,12,כְּמָא,,,,Jonathan,TARG
7,Judges,2,15,Judges 2:15,13,דְמַלֵיל,,,,Jonathan,TARG
7,Judges,2,15,Judges 2:15,14,יְיָ,,,,Jonathan,TARG
7,Judges,2,15,Judges 2:15,15,וּכְמָא,,,,Jonathan,TARG
7,Judges,2,15,Judges 2:15,16,דְקַיֵם,,,,Jonathan,TARG
7,Judges,2,15,Judges 2:15,17,יְיָ,,,,Jonathan,TARG
7,Judges,2,15,Judges 2:15,18,לְהוֹן,,,,Jonathan,TARG
7,Judges,2,15,Judges 2:15,19,וְעָקַת,,,,Jonathan,TARG
7,Judges,2,15,Judges 2:15,20,לְהוֹן,,,,Jonathan,TARG
7,Judges,2,15,Judges 2:15,21,לַחֲדָא:,,,,Jonathan,TARG
7,Judges,2,16,Judges 2:16,1,וַאֲקֵים,,,,Jonathan,TARG
7,Judges,2,16,Judges 2:16,2,יְיָ,,,,Jonathan,TARG
7,Judges,2,16,Judges 2:16,3,נְגִידִין,,,,Jonathan,TARG
7,Judges,2,16,Judges 2:16,4,וּפַרְקִינוּן,,,,Jonathan,TARG
7,Judges,2,16,Judges 2:16,5,מִיַד,,,,Jonathan,TARG
7,Judges,2,16,Judges 2:16,6,בָּזְזֵיהוֹן:,,,,Jonathan,TARG
7,Judges,2,17,Judges 2:17,1,וְאַף,,,,Jonathan,TARG
7,Judges,2,17,Judges 2:17,2,מִן,,,,Jonathan,TARG
7,Judges,2,17,Judges 2:17,3,נְגִידֵיהוֹן,,,,Jonathan,TARG
7,Judges,2,17,Judges 2:17,4,לָא,,,,Jonathan,TARG
7,Judges,2,17,Judges 2:17,5,קַבִּילוּ,,,,Jonathan,TARG
7,Judges,2,17,Judges 2:17,6,אֲרֵי,,,,Jonathan,TARG
7,Judges,2,17,Judges 2:17,7,טָעוּ,,,,Jonathan,TARG
7,Judges,2,17,Judges 2:17,8,בָּתַר,,,,Jonathan,TARG
7,Judges,2,17,Judges 2:17,9,טַעֲוַת,,,,Jonathan,TARG
7,Judges,2,17,Judges 2:17,10,עַמְמַיָא,,,,Jonathan,TARG
7,Judges,2,17,Judges 2:17,11,וּסְגִידוּ,,,,Jonathan,TARG
7,Judges,2,17,Judges 2:17,12,לְהוֹן,,,,Jonathan,TARG
7,Judges,2,17,Judges 2:17,13,סָטוּ,,,,Jonathan,TARG
7,Judges,2,17,Judges 2:17,14,בִּפְרִיעַ,,,,Jonathan,TARG
7,Judges,2,17,Judges 2:17,15,מִן,,,,Jonathan,TARG
7,Judges,2,17,Judges 2:17,16,אוֹרְחָא,,,,Jonathan,TARG
7,Judges,2,17,Judges 2:17,17,דַאֲזַלוּ,,,,Jonathan,TARG
7,Judges,2,17,Judges 2:17,18,אֲבָהַתְהוֹן,,,,Jonathan,TARG
7,Judges,2,17,Judges 2:17,19,לְקַבָּלָא,,,,Jonathan,TARG
7,Judges,2,17,Judges 2:17,20,פִּקוּדַיָא,,,,Jonathan,TARG
7,Judges,2,17,Judges 2:17,21,דַייָ,,,,Jonathan,TARG
7,Judges,2,17,Judges 2:17,22,לָא,,,,Jonathan,TARG
7,Judges,2,17,Judges 2:17,23,עֲבַדוּ,,,,Jonathan,TARG
7,Judges,2,17,Judges 2:17,24,כֵן:,,,,Jonathan,TARG
7,Judges,2,18,Judges 2:18,1,וַאֲרֵי,,,,Jonathan,TARG
7,Judges,2,18,Judges 2:18,2,אָקֵים,,,,Jonathan,TARG
7,Judges,2,18,Judges 2:18,3,יְיָ,,,,Jonathan,TARG
7,Judges,2,18,Judges 2:18,4,לְהוֹן,,,,Jonathan,TARG
7,Judges,2,18,Judges 2:18,5,נְגִידִין,,,,Jonathan,TARG
7,Judges,2,18,Judges 2:18,6,וַהֲוָה,,,,Jonathan,TARG
7,Judges,2,18,Judges 2:18,7,מֵימְרָא,,,,Jonathan,TARG
7,Judges,2,18,Judges 2:18,8,דַייָ,,,,Jonathan,TARG
7,Judges,2,18,Judges 2:18,9,בְּסַעֲדֵיהּ,,,,Jonathan,TARG
7,Judges,2,18,Judges 2:18,10,דִנְגִידָא,,,,Jonathan,TARG
7,Judges,2,18,Judges 2:18,11,וּפָרִיק,,,,Jonathan,TARG
7,Judges,2,18,Judges 2:18,12,לְהוֹן,,,,Jonathan,TARG
7,Judges,2,18,Judges 2:18,13,מִיַד,,,,Jonathan,TARG
7,Judges,2,18,Judges 2:18,14,בַּעֲלֵי,,,,Jonathan,TARG
7,Judges,2,18,Judges 2:18,15,דְבָבֵיהוֹן,,,,Jonathan,TARG
7,Judges,2,18,Judges 2:18,16,כָּל,,,,Jonathan,TARG
7,Judges,2,18,Judges 2:18,17,יוֹמֵי,,,,Jonathan,TARG
7,Judges,2,18,Judges 2:18,18,נְגִידָא,,,,Jonathan,TARG
7,Judges,2,18,Judges 2:18,19,אֲרֵי,,,,Jonathan,TARG
7,Judges,2,18,Judges 2:18,20,מְתִיב,,,,Jonathan,TARG
7,Judges,2,18,Judges 2:18,21,מִמֵימְרָא,,,,Jonathan,TARG
7,Judges,2,18,Judges 2:18,22,דַאֲמַר,,,,Jonathan,TARG
7,Judges,2,18,Judges 2:18,23,יְיָ,,,,Jonathan,TARG
7,Judges,2,18,Judges 2:18,24,וּמְקַבֵּל,,,,Jonathan,TARG
7,Judges,2,18,Judges 2:18,25,צְלוֹתְהוֹן,,,,Jonathan,TARG
7,Judges,2,18,Judges 2:18,26,וּפָרִיק,,,,Jonathan,TARG
7,Judges,2,18,Judges 2:18,27,לְהוֹן,,,,Jonathan,TARG
7,Judges,2,18,Judges 2:18,28,מִן,,,,Jonathan,TARG
7,Judges,2,18,Judges 2:18,29,קֳדָם,,,,Jonathan,TARG
7,Judges,2,18,Judges 2:18,30,דַחֲקֵיהוֹן,,,,Jonathan,TARG
7,Judges,2,18,Judges 2:18,31,וּמְשַׁעְבְּדֵיהוֹן:,,,,Jonathan,TARG
7,Judges,2,19,Judges 2:19,1,וַהֲוָה,,,,Jonathan,TARG
7,Judges,2,19,Judges 2:19,2,כַּד,,,,Jonathan,TARG
7,Judges,2,19,Judges 2:19,3,מָאִית,,,,Jonathan,TARG
7,Judges,2,19,Judges 2:19,4,נְגִידָא,,,,Jonathan,TARG
7,Judges,2,19,Judges 2:19,5,תַּיְבִין,,,,Jonathan,TARG
7,Judges,2,19,Judges 2:19,6,וּמְחַבְּלִין,,,,Jonathan,TARG
7,Judges,2,19,Judges 2:19,7,מֵאֲבָהַתְהוֹן,,,,Jonathan,TARG
7,Judges,2,19,Judges 2:19,8,לִמְהַךְ,,,,Jonathan,TARG
7,Judges,2,19,Judges 2:19,9,בָּתַר,,,,Jonathan,TARG
7,Judges,2,19,Judges 2:19,10,טַעֲוַת,,,,Jonathan,TARG
7,Judges,2,19,Judges 2:19,11,עַמְמַיָא,,,,Jonathan,TARG
7,Judges,2,19,Judges 2:19,12,לְמִפְלַחְהֶן,,,,Jonathan,TARG
7,Judges,2,19,Judges 2:19,13,וּלְמִסְגַד,,,,Jonathan,TARG
7,Judges,2,19,Judges 2:19,14,לָהֶן,,,,Jonathan,TARG
7,Judges,2,19,Judges 2:19,15,לָא,,,,Jonathan,TARG
7,Judges,2,19,Judges 2:19,16,שַׁבְקִין,,,,Jonathan,TARG
7,Judges,2,19,Judges 2:19,17,מֵעוֹבְדֵיהוֹן,,,,Jonathan,TARG
7,Judges,2,19,Judges 2:19,18,בִּישַׁיָא,,,,Jonathan,TARG
7,Judges,2,19,Judges 2:19,19,וּמֵאוֹרְחַתְהוֹן,,,,Jonathan,TARG
7,Judges,2,19,Judges 2:19,20,מְקַלְקְלָתָא:,,,,Jonathan,TARG
7,Judges,2,20,Judges 2:20,1,וּתְקֵיף,,,,Jonathan,TARG
7,Judges,2,20,Judges 2:20,2,רוּגְזָא,,,,Jonathan,TARG
7,Judges,2,20,Judges 2:20,3,דַייָ,,,,Jonathan,TARG
7,Judges,2,20,Judges 2:20,4,בְּיִשְׂרָאֵל,,,,Jonathan,TARG
7,Judges,2,20,Judges 2:20,5,וַאֲמַר,,,,Jonathan,TARG
7,Judges,2,20,Judges 2:20,6,חֲלַף,,,,Jonathan,TARG
7,Judges,2,20,Judges 2:20,7,דִי,,,,Jonathan,TARG
7,Judges,2,20,Judges 2:20,8,עֲבָרוּ,,,,Jonathan,TARG
7,Judges,2,20,Judges 2:20,9,עַמָא,,,,Jonathan,TARG
7,Judges,2,20,Judges 2:20,10,הָדֵין,,,,Jonathan,TARG
7,Judges,2,20,Judges 2:20,11,עַל,,,,Jonathan,TARG
7,Judges,2,20,Judges 2:20,12,קַיָמִי,,,,Jonathan,TARG
7,Judges,2,20,Judges 2:20,13,דִי,,,,Jonathan,TARG
7,Judges,2,20,Judges 2:20,14,פַקֵדִית,,,,Jonathan,TARG
7,Judges,2,20,Judges 2:20,15,יַת,,,,Jonathan,TARG
7,Judges,2,20,Judges 2:20,16,אֲבָהַתְהוֹן,,,,Jonathan,TARG
7,Judges,2,20,Judges 2:20,17,וְלָא,,,,Jonathan,TARG
7,Judges,2,20,Judges 2:20,18,קַבִּילוּ,,,,Jonathan,TARG
7,Judges,2,20,Judges 2:20,19,לְמֵימְרִי:,,,,Jonathan,TARG
7,Judges,2,21,Judges 2:21,1,אַף,,,,Jonathan,TARG
7,Judges,2,21,Judges 2:21,2,אֲנָא,,,,Jonathan,TARG
7,Judges,2,21,Judges 2:21,3,לָא,,,,Jonathan,TARG
7,Judges,2,21,Judges 2:21,4,אוֹסִיף,,,,Jonathan,TARG
7,Judges,2,21,Judges 2:21,5,לְתָרָכָא,,,,Jonathan,TARG
7,Judges,2,21,Judges 2:21,6,אֱנָשׁ,,,,Jonathan,TARG
7,Judges,2,21,Judges 2:21,7,מִן,,,,Jonathan,TARG
7,Judges,2,21,Judges 2:21,8,קֳדָמֵיהוֹן,,,,Jonathan,TARG
7,Judges,2,21,Judges 2:21,9,מִן,,,,Jonathan,TARG
7,Judges,2,21,Judges 2:21,10,עַמְמַיָא,,,,Jonathan,TARG
7,Judges,2,21,Judges 2:21,11,דִי,,,,Jonathan,TARG
7,Judges,2,21,Judges 2:21,12,שְׁבַק,,,,Jonathan,TARG
7,Judges,2,21,Judges 2:21,13,יְהוֹשֻׁעַ,,,,Jonathan,TARG
7,Judges,2,21,Judges 2:21,14,וּמִית:,,,,Jonathan,TARG
7,Judges,2,22,Judges 2:22,1,בְּדִיל,,,,Jonathan,TARG
7,Judges,2,22,Judges 2:22,2,לְנַסָאָה,,,,Jonathan,TARG
7,Judges,2,22,Judges 2:22,3,בְּהוֹן,,,,Jonathan,TARG
7,Judges,2,22,Judges 2:22,4,יַת,,,,Jonathan,TARG
7,Judges,2,22,Judges 2:22,5,יִשְׂרָאֵל,,,,Jonathan,TARG
7,Judges,2,22,Judges 2:22,6,הֲנַטְרִין,,,,Jonathan,TARG
7,Judges,2,22,Judges 2:22,7,אִינוּן,,,,Jonathan,TARG
7,Judges,2,22,Judges 2:22,8,יַת,,,,Jonathan,TARG
7,Judges,2,22,Judges 2:22,9,אוֹרְחָן,,,,Jonathan,TARG
7,Judges,2,22,Judges 2:22,10,דְתַקְנַן,,,,Jonathan,TARG
7,Judges,2,22,Judges 2:22,11,קֳדָם,,,,Jonathan,TARG
7,Judges,2,22,Judges 2:22,12,יְיָ,,,,Jonathan,TARG
7,Judges,2,22,Judges 2:22,13,לִמְהַךְ,,,,Jonathan,TARG
7,Judges,2,22,Judges 2:22,14,בְּהוֹן,,,,Jonathan,TARG
7,Judges,2,22,Judges 2:22,15,כְּמָא,,,,Jonathan,TARG
7,Judges,2,22,Judges 2:22,16,דִי,,,,Jonathan,TARG
7,Judges,2,22,Judges 2:22,17,נְטַרוּ,,,,Jonathan,TARG
7,Judges,2,22,Judges 2:22,18,אֲבָהַתְהוֹן,,,,Jonathan,TARG
7,Judges,2,22,Judges 2:22,19,אִם,,,,Jonathan,TARG
7,Judges,2,22,Judges 2:22,20,לָא:,,,,Jonathan,TARG
7,Judges,2,23,Judges 2:23,1,וּשְׁבַק,,,,Jonathan,TARG
7,Judges,2,23,Judges 2:23,2,יְיָ,,,,Jonathan,TARG
7,Judges,2,23,Judges 2:23,3,יַת,,,,Jonathan,TARG
7,Judges,2,23,Judges 2:23,4,כָּל,,,,Jonathan,TARG
7,Judges,2,23,Judges 2:23,5,עַמְמַיָא,,,,Jonathan,TARG
7,Judges,2,23,Judges 2:23,6,הָאִלֵין,,,,Jonathan,TARG
7,Judges,2,23,Judges 2:23,7,בְּדִיל,,,,Jonathan,TARG
7,Judges,2,23,Judges 2:23,8,דְלָא,,,,Jonathan,TARG
7,Judges,2,23,Judges 2:23,9,לְתָרָכוּתְהוֹן,,,,Jonathan,TARG
7,Judges,2,23,Judges 2:23,10,בִּפְרִיעַ,,,,Jonathan,TARG
7,Judges,2,23,Judges 2:23,11,וְלָא,,,,Jonathan,TARG
7,Judges,2,23,Judges 2:23,12,מַסְרִינוּן,,,,Jonathan,TARG
7,Judges,2,23,Judges 2:23,13,בִידָא,,,,Jonathan,TARG
7,Judges,2,23,Judges 2:23,14,דִיהוֹשֻׁעַ:,,,,Jonathan,TARG
7,Judges,3,1,Judges 3:1,1,וְאִלֵין,,,,Jonathan,TARG
7,Judges,3,1,Judges 3:1,2,עַמְמַיָא,,,,Jonathan,TARG
7,Judges,3,1,Judges 3:1,3,דִי,,,,Jonathan,TARG
7,Judges,3,1,Judges 3:1,4,שְׁבַק,,,,Jonathan,TARG
7,Judges,3,1,Judges 3:1,5,יְיָ,,,,Jonathan,TARG
7,Judges,3,1,Judges 3:1,6,לְנַסָאָה,,,,Jonathan,TARG
7,Judges,3,1,Judges 3:1,7,בְהוֹן,,,,Jonathan,TARG
7,Judges,3,1,Judges 3:1,8,יַת,,,,Jonathan,TARG
7,Judges,3,1,Judges 3:1,9,יִשְׂרָאֵל,,,,Jonathan,TARG
7,Judges,3,1,Judges 3:1,10,יַת,,,,Jonathan,TARG
7,Judges,3,1,Judges 3:1,11,כָּל,,,,Jonathan,TARG
7,Judges,3,1,Judges 3:1,12,דְלָא,,,,Jonathan,TARG
7,Judges,3,1,Judges 3:1,13,הֲווֹ,,,,Jonathan,TARG
7,Judges,3,1,Judges 3:1,14,יָדְעִין,,,,Jonathan,TARG
7,Judges,3,1,Judges 3:1,15,יַת,,,,Jonathan,TARG
7,Judges,3,1,Judges 3:1,16,כָּל,,,,Jonathan,TARG
7,Judges,3,1,Judges 3:1,17,קְרָבֵי,,,,Jonathan,TARG
7,Judges,3,1,Judges 3:1,18,כְנָעַן:,,,,Jonathan,TARG
7,Judges,3,2,Judges 3:2,1,לְחוֹד,,,,Jonathan,TARG
7,Judges,3,2,Judges 3:2,2,בְּדִיל,,,,Jonathan,TARG
7,Judges,3,2,Judges 3:2,3,דְיֵדְעוּן,,,,Jonathan,TARG
7,Judges,3,2,Judges 3:2,4,דָרַיָא,,,,Jonathan,TARG
7,Judges,3,2,Judges 3:2,5,דִבְנֵי,,,,Jonathan,TARG
7,Judges,3,2,Judges 3:2,6,יִשְׂרָאֵל,,,,Jonathan,TARG
7,Judges,3,2,Judges 3:2,7,לַאֲלָפוּתְהוֹן,,,,Jonathan,TARG
7,Judges,3,2,Judges 3:2,8,קְרָבָא,,,,Jonathan,TARG
7,Judges,3,2,Judges 3:2,9,לְחוֹד,,,,Jonathan,TARG
7,Judges,3,2,Judges 3:2,10,דְמִלְקַדְמִין,,,,Jonathan,TARG
7,Judges,3,2,Judges 3:2,11,לָא,,,,Jonathan,TARG
7,Judges,3,2,Judges 3:2,12,הֲווֹ,,,,Jonathan,TARG
7,Judges,3,2,Judges 3:2,13,יָדְעִין:,,,,Jonathan,TARG
7,Judges,3,3,Judges 3:3,1,חַמְשָׁא,,,,Jonathan,TARG
7,Judges,3,3,Judges 3:3,2,טוּרְנֵי,,,,Jonathan,TARG
7,Judges,3,3,Judges 3:3,3,פְּלִשְׁתָּאֵי,,,,Jonathan,TARG
7,Judges,3,3,Judges 3:3,4,וְכָל,,,,Jonathan,TARG
7,Judges,3,3,Judges 3:3,5,כְּנַעֲנָאֵי,,,,Jonathan,TARG
7,Judges,3,3,Judges 3:3,6,וְצִידוֹנָאֵי,,,,Jonathan,TARG
7,Judges,3,3,Judges 3:3,7,וְחִוָאֵי,,,,Jonathan,TARG
7,Judges,3,3,Judges 3:3,8,יַתְבֵי,,,,Jonathan,TARG
7,Judges,3,3,Judges 3:3,9,טוּרָא,,,,Jonathan,TARG
7,Judges,3,3,Judges 3:3,10,דִלְבָנוֹן,,,,Jonathan,TARG
7,Judges,3,3,Judges 3:3,11,מִטוּר,,,,Jonathan,TARG
7,Judges,3,3,Judges 3:3,12,מֵישַׁר,,,,Jonathan,TARG
7,Judges,3,3,Judges 3:3,13,חֶרְמוֹן,,,,Jonathan,TARG
7,Judges,3,3,Judges 3:3,14,עַד,,,,Jonathan,TARG
7,Judges,3,3,Judges 3:3,15,מַעֲלָנָא,,,,Jonathan,TARG
7,Judges,3,3,Judges 3:3,16,דַחֲמָת:,,,,Jonathan,TARG
7,Judges,3,4,Judges 3:4,1,וַהֲווֹ,,,,Jonathan,TARG
7,Judges,3,4,Judges 3:4,2,לְנַסָאָה,,,,Jonathan,TARG
7,Judges,3,4,Judges 3:4,3,בְּהוֹן,,,,Jonathan,TARG
7,Judges,3,4,Judges 3:4,4,יַת,,,,Jonathan,TARG
7,Judges,3,4,Judges 3:4,5,יִשְׂרָאֵל,,,,Jonathan,TARG
7,Judges,3,4,Judges 3:4,6,לְמִידַע,,,,Jonathan,TARG
7,Judges,3,4,Judges 3:4,7,הַיְקַבְּלוּן,,,,Jonathan,TARG
7,Judges,3,4,Judges 3:4,8,יַת,,,,Jonathan,TARG
7,Judges,3,4,Judges 3:4,9,פִּקוּדַיָא,,,,Jonathan,TARG
7,Judges,3,4,Judges 3:4,10,דַייָ,,,,Jonathan,TARG
7,Judges,3,4,Judges 3:4,11,דְפַקֵד,,,,Jonathan,TARG
7,Judges,3,4,Judges 3:4,12,יַת,,,,Jonathan,TARG
7,Judges,3,4,Judges 3:4,13,אֲבָהַתְהוֹן,,,,Jonathan,TARG
7,Judges,3,4,Judges 3:4,14,בִּידָא,,,,Jonathan,TARG
7,Judges,3,4,Judges 3:4,15,דְמֹשֶׁה:,,,,Jonathan,TARG
7,Judges,3,5,Judges 3:5,1,וּבְנֵי,,,,Jonathan,TARG
7,Judges,3,5,Judges 3:5,2,יִשְׂרָאֵל,,,,Jonathan,TARG
7,Judges,3,5,Judges 3:5,3,יְתִיבוּ,,,,Jonathan,TARG
7,Judges,3,5,Judges 3:5,4,בְּגוֹ,,,,Jonathan,TARG
7,Judges,3,5,Judges 3:5,5,כְנַעֲנָאֵי,,,,Jonathan,TARG
7,Judges,3,5,Judges 3:5,6,חִתָּאֵי,,,,Jonathan,TARG
7,Judges,3,5,Judges 3:5,7,וֶאֱמוֹרָאֵי,,,,Jonathan,TARG
7,Judges,3,5,Judges 3:5,8,וּפְרִיזָאֵי,,,,Jonathan,TARG
7,Judges,3,5,Judges 3:5,9,וְחִוָאֵי,,,,Jonathan,TARG
7,Judges,3,5,Judges 3:5,10,וִיבוּסָאֵי:,,,,Jonathan,TARG
7,Judges,3,6,Judges 3:6,1,וּנְסִיבוּ,,,,Jonathan,TARG
7,Judges,3,6,Judges 3:6,2,יַת,,,,Jonathan,TARG
7,Judges,3,6,Judges 3:6,3,בְּנָתֵיהוֹן,,,,Jonathan,TARG
7,Judges,3,6,Judges 3:6,4,לְהוֹן,,,,Jonathan,TARG
7,Judges,3,6,Judges 3:6,5,לִנְשִׁין,,,,Jonathan,TARG
7,Judges,3,6,Judges 3:6,6,וְיַת,,,,Jonathan,TARG
7,Judges,3,6,Judges 3:6,7,בְּנַתְהוֹן,,,,Jonathan,TARG
7,Judges,3,6,Judges 3:6,8,יְהִיבוּ,,,,Jonathan,TARG
7,Judges,3,6,Judges 3:6,9,לִבְנֵיהוֹן,,,,Jonathan,TARG
7,Judges,3,6,Judges 3:6,10,וּפְלַחוּ,,,,Jonathan,TARG
7,Judges,3,6,Judges 3:6,11,יַת,,,,Jonathan,TARG
7,Judges,3,6,Judges 3:6,12,טַעֲוַתְהוֹן:,,,,Jonathan,TARG
7,Judges,3,7,Judges 3:7,1,וַעֲבַדוּ,,,,Jonathan,TARG
7,Judges,3,7,Judges 3:7,2,בְנֵי,,,,Jonathan,TARG
7,Judges,3,7,Judges 3:7,3,יִשְׂרָאֵל,,,,Jonathan,TARG
7,Judges,3,7,Judges 3:7,4,יַת,,,,Jonathan,TARG
7,Judges,3,7,Judges 3:7,5,דְבִישׁ,,,,Jonathan,TARG
7,Judges,3,7,Judges 3:7,6,קֳדָם,,,,Jonathan,TARG
7,Judges,3,7,Judges 3:7,7,יְיָ,,,,Jonathan,TARG
7,Judges,3,7,Judges 3:7,8,וְאִתְנְשִׁיאוּ,,,,Jonathan,TARG
7,Judges,3,7,Judges 3:7,9,יַת,,,,Jonathan,TARG
7,Judges,3,7,Judges 3:7,10,פּוּלְחָנָא,,,,Jonathan,TARG
7,Judges,3,7,Judges 3:7,11,דַייָ,,,,Jonathan,TARG
7,Judges,3,7,Judges 3:7,12,אֱלָהָהוֹן,,,,Jonathan,TARG
7,Judges,3,7,Judges 3:7,13,וּפְלַחוּ,,,,Jonathan,TARG
7,Judges,3,7,Judges 3:7,14,יַת,,,,Jonathan,TARG
7,Judges,3,7,Judges 3:7,15,בְּעָלַיָא,,,,Jonathan,TARG
7,Judges,3,7,Judges 3:7,16,וְלַאֲשָׁרָתָא:,,,,Jonathan,TARG
7,Judges,3,8,Judges 3:8,1,וּתְקֵיף,,,,Jonathan,TARG
7,Judges,3,8,Judges 3:8,2,רוּגְזָא,,,,Jonathan,TARG
7,Judges,3,8,Judges 3:8,3,דַייָ,,,,Jonathan,TARG
7,Judges,3,8,Judges 3:8,4,בְּיִשְׂרָאֵל,,,,Jonathan,TARG
7,Judges,3,8,Judges 3:8,5,וּמַסְרִינוּן,,,,Jonathan,TARG
7,Judges,3,8,Judges 3:8,6,בְּיַד,,,,Jonathan,TARG
7,Judges,3,8,Judges 3:8,7,כּוּשַׁן,,,,Jonathan,TARG
7,Judges,3,8,Judges 3:8,8,חַיָבָא,,,,Jonathan,TARG
7,Judges,3,8,Judges 3:8,9,מַלְכָּא,,,,Jonathan,TARG
7,Judges,3,8,Judges 3:8,10,דַאֲרָם,,,,Jonathan,TARG
7,Judges,3,8,Judges 3:8,11,דִי,,,,Jonathan,TARG
7,Judges,3,8,Judges 3:8,12,עַל,,,,Jonathan,TARG
7,Judges,3,8,Judges 3:8,13,פְּרָת,,,,Jonathan,TARG
7,Judges,3,8,Judges 3:8,14,וּפְלַחוּ,,,,Jonathan,TARG
7,Judges,3,8,Judges 3:8,15,בְּנֵי,,,,Jonathan,TARG
7,Judges,3,8,Judges 3:8,16,יִשְׂרָאֵל,,,,Jonathan,TARG
7,Judges,3,8,Judges 3:8,17,יַת,,,,Jonathan,TARG
7,Judges,3,8,Judges 3:8,18,כּוּשַׁן,,,,Jonathan,TARG
7,Judges,3,8,Judges 3:8,19,חַיָבָא,,,,Jonathan,TARG
7,Judges,3,8,Judges 3:8,20,תְּמָנֵי,,,,Jonathan,TARG
7,Judges,3,8,Judges 3:8,21,שְׁנִין:,,,,Jonathan,TARG
7,Judges,3,9,Judges 3:9,1,וּזְעִיקוּ,,,,Jonathan,TARG
7,Judges,3,9,Judges 3:9,2,בְּנֵי,,,,Jonathan,TARG
7,Judges,3,9,Judges 3:9,3,יִשְׂרָאֵל,,,,Jonathan,TARG
7,Judges,3,9,Judges 3:9,4,קֳדָם,,,,Jonathan,TARG
7,Judges,3,9,Judges 3:9,5,יְיָ,,,,Jonathan,TARG
7,Judges,3,9,Judges 3:9,6,וְאֲקֵים,,,,Jonathan,TARG
7,Judges,3,9,Judges 3:9,7,יְיָ,,,,Jonathan,TARG
7,Judges,3,9,Judges 3:9,8,פָרִיק,,,,Jonathan,TARG
7,Judges,3,9,Judges 3:9,9,לִבְנֵי,,,,Jonathan,TARG
7,Judges,3,9,Judges 3:9,10,יִשְׂרָאֵל,,,,Jonathan,TARG
7,Judges,3,9,Judges 3:9,11,וּפַרְקִינוּן,,,,Jonathan,TARG
7,Judges,3,9,Judges 3:9,12,יַת,,,,Jonathan,TARG
7,Judges,3,9,Judges 3:9,13,עָתְנִיאֵל,,,,Jonathan,TARG
7,Judges,3,9,Judges 3:9,14,בַּר,,,,Jonathan,TARG
7,Judges,3,9,Judges 3:9,15,קְנַז,,,,Jonathan,TARG
7,Judges,3,9,Judges 3:9,16,אֲחוּהִי,,,,Jonathan,TARG
7,Judges,3,9,Judges 3:9,17,דְכָלֵב,,,,Jonathan,TARG
7,Judges,3,9,Judges 3:9,18,דִזְעֵיר,,,,Jonathan,TARG
7,Judges,3,9,Judges 3:9,19,מִנֵיהּ:,,,,Jonathan,TARG
7,Judges,3,10,Judges 3:10,1,וּשְׁרַת,,,,Jonathan,TARG
7,Judges,3,10,Judges 3:10,2,עֲלוֹהִי,,,,Jonathan,TARG
7,Judges,3,10,Judges 3:10,3,רוּחַ,,,,Jonathan,TARG
7,Judges,3,10,Judges 3:10,4,נְבוּאָה,,,,Jonathan,TARG
7,Judges,3,10,Judges 3:10,5,מִן,,,,Jonathan,TARG
7,Judges,3,10,Judges 3:10,6,קֳדָם,,,,Jonathan,TARG
7,Judges,3,10,Judges 3:10,7,יְיָ,,,,Jonathan,TARG
7,Judges,3,10,Judges 3:10,8,וְדָן,,,,Jonathan,TARG
7,Judges,3,10,Judges 3:10,9,יַת,,,,Jonathan,TARG
7,Judges,3,10,Judges 3:10,10,יִשְׂרָאֵל,,,,Jonathan,TARG
7,Judges,3,10,Judges 3:10,11,וּנְפַק,,,,Jonathan,TARG
7,Judges,3,10,Judges 3:10,12,לְאַגָחָא,,,,Jonathan,TARG
7,Judges,3,10,Judges 3:10,13,קְרָבָא,,,,Jonathan,TARG
7,Judges,3,10,Judges 3:10,14,וּמְסַר,,,,Jonathan,TARG
7,Judges,3,10,Judges 3:10,15,יְיָ,,,,Jonathan,TARG
7,Judges,3,10,Judges 3:10,16,בִּידוֹהִי,,,,Jonathan,TARG
7,Judges,3,10,Judges 3:10,17,יַת,,,,Jonathan,TARG
7,Judges,3,10,Judges 3:10,18,כּוּשַׁן,,,,Jonathan,TARG
7,Judges,3,10,Judges 3:10,19,חַיָבָא,,,,Jonathan,TARG
7,Judges,3,10,Judges 3:10,20,מַלְכָּא,,,,Jonathan,TARG
7,Judges,3,10,Judges 3:10,21,דַאֲרָם,,,,Jonathan,TARG
7,Judges,3,10,Judges 3:10,22,דִי,,,,Jonathan,TARG
7,Judges,3,10,Judges 3:10,23,עַל,,,,Jonathan,TARG
7,Judges,3,10,Judges 3:10,24,פְרָת,,,,Jonathan,TARG
7,Judges,3,10,Judges 3:10,25,וּתְקֵפַת,,,,Jonathan,TARG
7,Judges,3,10,Judges 3:10,26,יְדֵיהּ,,,,Jonathan,TARG
7,Judges,3,10,Judges 3:10,27,עַל,,,,Jonathan,TARG
7,Judges,3,10,Judges 3:10,28,כּוּשַׁן,,,,Jonathan,TARG
7,Judges,3,10,Judges 3:10,29,חַיָבָא:,,,,Jonathan,TARG
7,Judges,3,11,Judges 3:11,1,וּשְׁדוֹכַת,,,,Jonathan,TARG
7,Judges,3,11,Judges 3:11,2,אַרְעָא,,,,Jonathan,TARG
7,Judges,3,11,Judges 3:11,3,דְיִשְׂרָאֵל,,,,Jonathan,TARG
7,Judges,3,11,Judges 3:11,4,אַרְבְּעִין,,,,Jonathan,TARG
7,Judges,3,11,Judges 3:11,5,שְׁנִין,,,,Jonathan,TARG
7,Judges,3,11,Judges 3:11,6,וּמִית,,,,Jonathan,TARG
7,Judges,3,11,Judges 3:11,7,עָתְנִיאֵל,,,,Jonathan,TARG
7,Judges,3,11,Judges 3:11,8,בַּר,,,,Jonathan,TARG
7,Judges,3,11,Judges 3:11,9,קְנַז:,,,,Jonathan,TARG
7,Judges,3,12,Judges 3:12,1,וְאוֹסִיפוּ,,,,Jonathan,TARG
7,Judges,3,12,Judges 3:12,2,בְּנֵי,,,,Jonathan,TARG
7,Judges,3,12,Judges 3:12,3,יִשְׂרָאֵל,,,,Jonathan,TARG
7,Judges,3,12,Judges 3:12,4,לְמֶעְבַּד,,,,Jonathan,TARG
7,Judges,3,12,Judges 3:12,5,דְבִישׁ,,,,Jonathan,TARG
7,Judges,3,12,Judges 3:12,6,קֳדָם,,,,Jonathan,TARG
7,Judges,3,12,Judges 3:12,7,יְיָ,,,,Jonathan,TARG
7,Judges,3,12,Judges 3:12,8,וּתְקֵיף,,,,Jonathan,TARG
7,Judges,3,12,Judges 3:12,9,יְיָ,,,,Jonathan,TARG
7,Judges,3,12,Judges 3:12,10,יַת,,,,Jonathan,TARG
7,Judges,3,12,Judges 3:12,11,עֶגְלוֹן,,,,Jonathan,TARG
7,Judges,3,12,Judges 3:12,12,מַלְכָּא,,,,Jonathan,TARG
7,Judges,3,12,Judges 3:12,13,דְמוֹאָב,,,,Jonathan,TARG
7,Judges,3,12,Judges 3:12,14,עַל,,,,Jonathan,TARG
7,Judges,3,12,Judges 3:12,15,יִשְׂרָאֵל,,,,Jonathan,TARG
7,Judges,3,12,Judges 3:12,16,עַל,,,,Jonathan,TARG
7,Judges,3,12,Judges 3:12,17,דַעֲבָדוּ,,,,Jonathan,TARG
7,Judges,3,12,Judges 3:12,18,יַת,,,,Jonathan,TARG
7,Judges,3,12,Judges 3:12,19,דְבִישׁ,,,,Jonathan,TARG
7,Judges,3,12,Judges 3:12,20,קֳדָם,,,,Jonathan,TARG
7,Judges,3,12,Judges 3:12,21,יְיָ:,,,,Jonathan,TARG
7,Judges,3,13,Judges 3:13,1,וּכְנַשׁ,,,,Jonathan,TARG
7,Judges,3,13,Judges 3:13,2,לְוָתֵיה,,,,Jonathan,TARG
7,Judges,3,13,Judges 3:13,3,יַת,,,,Jonathan,TARG
7,Judges,3,13,Judges 3:13,4,בְּנֵי,,,,Jonathan,TARG
7,Judges,3,13,Judges 3:13,5,עַמוֹן,,,,Jonathan,TARG
7,Judges,3,13,Judges 3:13,6,וַעֲמָלֵק,,,,Jonathan,TARG
7,Judges,3,13,Judges 3:13,7,וַאֲזַל,,,,Jonathan,TARG
7,Judges,3,13,Judges 3:13,8,וּמְחָא,,,,Jonathan,TARG
7,Judges,3,13,Judges 3:13,9,יַת,,,,Jonathan,TARG
7,Judges,3,13,Judges 3:13,10,יִשְׂרָאֵל,,,,Jonathan,TARG
7,Judges,3,13,Judges 3:13,11,וִירִיתוּ,,,,Jonathan,TARG
7,Judges,3,13,Judges 3:13,12,יַת,,,,Jonathan,TARG
7,Judges,3,13,Judges 3:13,13,קַרְתָּא,,,,Jonathan,TARG
7,Judges,3,13,Judges 3:13,14,יְרִיחוֹ:,,,,Jonathan,TARG
7,Judges,3,14,Judges 3:14,1,וּפְלַחוּ,,,,Jonathan,TARG
7,Judges,3,14,Judges 3:14,2,בְּנֵי,,,,Jonathan,TARG
7,Judges,3,14,Judges 3:14,3,יִשְׂרָאֵל,,,,Jonathan,TARG
7,Judges,3,14,Judges 3:14,4,יַת,,,,Jonathan,TARG
7,Judges,3,14,Judges 3:14,5,עֶגְלוֹן,,,,Jonathan,TARG
7,Judges,3,14,Judges 3:14,6,מַלְכָּא,,,,Jonathan,TARG
7,Judges,3,14,Judges 3:14,7,דְמוֹאָב,,,,Jonathan,TARG
7,Judges,3,14,Judges 3:14,8,תַּמְנֵי,,,,Jonathan,TARG
7,Judges,3,14,Judges 3:14,9,עַסְרֵי,,,,Jonathan,TARG
7,Judges,3,14,Judges 3:14,10,שְׁנִין:,,,,Jonathan,TARG
7,Judges,3,15,Judges 3:15,1,וּזְעִיקוּ,,,,Jonathan,TARG
7,Judges,3,15,Judges 3:15,2,בְנֵי,,,,Jonathan,TARG
7,Judges,3,15,Judges 3:15,3,יִשְׂרָאֵל,,,,Jonathan,TARG
7,Judges,3,15,Judges 3:15,4,קֳדָם,,,,Jonathan,TARG
7,Judges,3,15,Judges 3:15,5,יְיָ,,,,Jonathan,TARG
7,Judges,3,15,Judges 3:15,6,וַאֲקֵים,,,,Jonathan,TARG
7,Judges,3,15,Judges 3:15,7,יְיָ,,,,Jonathan,TARG
7,Judges,3,15,Judges 3:15,8,לְהוֹן,,,,Jonathan,TARG
7,Judges,3,15,Judges 3:15,9,פָּרִיק,,,,Jonathan,TARG
7,Judges,3,15,Judges 3:15,10,יַת,,,,Jonathan,TARG
7,Judges,3,15,Judges 3:15,11,אֵהוּד,,,,Jonathan,TARG
7,Judges,3,15,Judges 3:15,12,בַּר,,,,Jonathan,TARG
7,Judges,3,15,Judges 3:15,13,גֵרָא,,,,Jonathan,TARG
7,Judges,3,15,Judges 3:15,14,בַּר,,,,Jonathan,TARG
7,Judges,3,15,Judges 3:15,15,שִׁבְטָא,,,,Jonathan,TARG
7,Judges,3,15,Judges 3:15,16,דְבִנְיָמִין,,,,Jonathan,TARG
7,Judges,3,15,Judges 3:15,17,גַבְרָא,,,,Jonathan,TARG
7,Judges,3,15,Judges 3:15,18,גְמִיד,,,,Jonathan,TARG
7,Judges,3,15,Judges 3:15,19,בִּידֵיהּ,,,,Jonathan,TARG
7,Judges,3,15,Judges 3:15,20,דְיַמִינָא,,,,Jonathan,TARG
7,Judges,3,15,Judges 3:15,21,וְשַׁדָרוּ,,,,Jonathan,TARG
7,Judges,3,15,Judges 3:15,22,בְנֵי,,,,Jonathan,TARG
7,Judges,3,15,Judges 3:15,23,יִשְׂרָאֵל,,,,Jonathan,TARG
7,Judges,3,15,Judges 3:15,24,בִּידֵיהּ,,,,Jonathan,TARG
7,Judges,3,15,Judges 3:15,25,תִּקְרוּבְתָּא,,,,Jonathan,TARG
7,Judges,3,15,Judges 3:15,26,לְעֶגְלוֹן,,,,Jonathan,TARG
7,Judges,3,15,Judges 3:15,27,מַלְכָּא,,,,Jonathan,TARG
7,Judges,3,15,Judges 3:15,28,דְמוֹאָב:,,,,Jonathan,TARG
7,Judges,3,16,Judges 3:16,1,וַעֲבַד,,,,Jonathan,TARG
7,Judges,3,16,Judges 3:16,2,לֵיהּ,,,,Jonathan,TARG
7,Judges,3,16,Judges 3:16,3,אֵהוּד,,,,Jonathan,TARG
7,Judges,3,16,Judges 3:16,4,חַרְבָּא,,,,Jonathan,TARG
7,Judges,3,16,Judges 3:16,5,וְלָהּ,,,,Jonathan,TARG
7,Judges,3,16,Judges 3:16,6,תְּרֵין,,,,Jonathan,TARG
7,Judges,3,16,Judges 3:16,7,פּוּמִין,,,,Jonathan,TARG
7,Judges,3,16,Judges 3:16,8,גַרְמִידָא,,,,Jonathan,TARG
7,Judges,3,16,Judges 3:16,9,אָרְכָּא,,,,Jonathan,TARG
7,Judges,3,16,Judges 3:16,10,וְזָרֵיז,,,,Jonathan,TARG
7,Judges,3,16,Judges 3:16,11,יָתָהּ,,,,Jonathan,TARG
7,Judges,3,16,Judges 3:16,12,מִלְרַע,,,,Jonathan,TARG
7,Judges,3,16,Judges 3:16,13,לִלְבוּשׁוֹהִי,,,,Jonathan,TARG
7,Judges,3,16,Judges 3:16,14,עַל,,,,Jonathan,TARG
7,Judges,3,16,Judges 3:16,15,יַרְכֵיהּ,,,,Jonathan,TARG
7,Judges,3,16,Judges 3:16,16,דְיַמִינֵיהּ:,,,,Jonathan,TARG
7,Judges,3,17,Judges 3:17,1,וְקָרֵיב,,,,Jonathan,TARG
7,Judges,3,17,Judges 3:17,2,יַת,,,,Jonathan,TARG
7,Judges,3,17,Judges 3:17,3,תִּקְרוּבְתָּא,,,,Jonathan,TARG
7,Judges,3,17,Judges 3:17,4,לְעֶגְלוֹן,,,,Jonathan,TARG
7,Judges,3,17,Judges 3:17,5,מַלְכָּא,,,,Jonathan,TARG
7,Judges,3,17,Judges 3:17,6,דְמוֹאָב,,,,Jonathan,TARG
7,Judges,3,17,Judges 3:17,7,וְעֶגְלוֹן,,,,Jonathan,TARG
7,Judges,3,17,Judges 3:17,8,גְבַר,,,,Jonathan,TARG
7,Judges,3,17,Judges 3:17,9,פַטִים,,,,Jonathan,TARG
7,Judges,3,17,Judges 3:17,10,לַחֲדָא:,,,,Jonathan,TARG
7,Judges,3,18,Judges 3:18,1,וַהֲוָה,,,,Jonathan,TARG
7,Judges,3,18,Judges 3:18,2,כַּד,,,,Jonathan,TARG
7,Judges,3,18,Judges 3:18,3,שֵׁיצֵי,,,,Jonathan,TARG
7,Judges,3,18,Judges 3:18,4,לְקָרָבָא,,,,Jonathan,TARG
7,Judges,3,18,Judges 3:18,5,יַת,,,,Jonathan,TARG
7,Judges,3,18,Judges 3:18,6,תִּקְרוּבְתָּא,,,,Jonathan,TARG
7,Judges,3,18,Judges 3:18,7,וּשְׁלַח,,,,Jonathan,TARG
7,Judges,3,18,Judges 3:18,8,יַת,,,,Jonathan,TARG
7,Judges,3,18,Judges 3:18,9,עַמָא,,,,Jonathan,TARG
7,Judges,3,18,Judges 3:18,10,נַטְלֵי,,,,Jonathan,TARG
7,Judges,3,18,Judges 3:18,11,תִּקְרוּבְתָּא:,,,,Jonathan,TARG
7,Judges,3,19,Judges 3:19,1,וְהוּא,,,,Jonathan,TARG
7,Judges,3,19,Judges 3:19,2,תַב,,,,Jonathan,TARG
7,Judges,3,19,Judges 3:19,3,מִן,,,,Jonathan,TARG
7,Judges,3,19,Judges 3:19,4,מַחֲצָבַיָא,,,,Jonathan,TARG
7,Judges,3,19,Judges 3:19,5,דְעִם,,,,Jonathan,TARG
7,Judges,3,19,Judges 3:19,6,גִלְגָלָא,,,,Jonathan,TARG
7,Judges,3,19,Judges 3:19,7,וַאֲמַר,,,,Jonathan,TARG
7,Judges,3,19,Judges 3:19,8,פִּתְגָמָא,,,,Jonathan,TARG
7,Judges,3,19,Judges 3:19,9,דְסִתְרָא,,,,Jonathan,TARG
7,Judges,3,19,Judges 3:19,10,אִית,,,,Jonathan,TARG
7,Judges,3,19,Judges 3:19,11,לִי,,,,Jonathan,TARG
7,Judges,3,19,Judges 3:19,12,לְמַלָלָא,,,,Jonathan,TARG
7,Judges,3,19,Judges 3:19,13,עִמָךְ,,,,Jonathan,TARG
7,Judges,3,19,Judges 3:19,14,מַלְכָּא,,,,Jonathan,TARG
7,Judges,3,19,Judges 3:19,15,וַאֲמַר,,,,Jonathan,TARG
7,Judges,3,19,Judges 3:19,16,סְלִיק,,,,Jonathan,TARG
7,Judges,3,19,Judges 3:19,17,וּנְפַקוּ,,,,Jonathan,TARG
7,Judges,3,19,Judges 3:19,18,מֵעִלַווֹהִי,,,,Jonathan,TARG
7,Judges,3,19,Judges 3:19,19,כָּל,,,,Jonathan,TARG
7,Judges,3,19,Judges 3:19,20,דְקַיְמִין,,,,Jonathan,TARG
7,Judges,3,19,Judges 3:19,21,עֲלוֹהִי:,,,,Jonathan,TARG
7,Judges,3,20,Judges 3:20,1,וְאֵהוּד,,,,Jonathan,TARG
7,Judges,3,20,Judges 3:20,2,עָאל,,,,Jonathan,TARG
7,Judges,3,20,Judges 3:20,3,לְוָתֵיהּ,,,,Jonathan,TARG
7,Judges,3,20,Judges 3:20,4,וְהוּא,,,,Jonathan,TARG
7,Judges,3,20,Judges 3:20,5,יָתֵיב,,,,Jonathan,TARG
7,Judges,3,20,Judges 3:20,6,בַּעֲלִיַת,,,,Jonathan,TARG
7,Judges,3,20,Judges 3:20,7,בֵּית,,,,Jonathan,TARG
7,Judges,3,20,Judges 3:20,8,קַיְטָא,,,,Jonathan,TARG
7,Judges,3,20,Judges 3:20,9,דִילֵיהּ,,,,Jonathan,TARG
7,Judges,3,20,Judges 3:20,10,בִּלְחוֹדוֹהִי,,,,Jonathan,TARG
7,Judges,3,20,Judges 3:20,11,וַאֲמַר,,,,Jonathan,TARG
7,Judges,3,20,Judges 3:20,12,אֵהוּד,,,,Jonathan,TARG
7,Judges,3,20,Judges 3:20,13,פִּתְגָמָא,,,,Jonathan,TARG
7,Judges,3,20,Judges 3:20,14,דַייָ,,,,Jonathan,TARG
7,Judges,3,20,Judges 3:20,15,לִי,,,,Jonathan,TARG
7,Judges,3,20,Judges 3:20,16,לְמַלָלָא,,,,Jonathan,TARG
7,Judges,3,20,Judges 3:20,17,עִמָךְ,,,,Jonathan,TARG
7,Judges,3,20,Judges 3:20,18,וְקָם,,,,Jonathan,TARG
7,Judges,3,20,Judges 3:20,19,מֵעַל,,,,Jonathan,TARG
7,Judges,3,20,Judges 3:20,20,כּוּרְסֵיהּ:,,,,Jonathan,TARG
7,Judges,3,21,Judges 3:21,1,וְאוֹשִׁיט,,,,Jonathan,TARG
7,Judges,3,21,Judges 3:21,2,אֵהוּד,,,,Jonathan,TARG
7,Judges,3,21,Judges 3:21,3,יַת,,,,Jonathan,TARG
7,Judges,3,21,Judges 3:21,4,יַד,,,,Jonathan,TARG
7,Judges,3,21,Judges 3:21,5,שְׂמָאלֵיהּ,,,,Jonathan,TARG
7,Judges,3,21,Judges 3:21,6,וּנְסִיב,,,,Jonathan,TARG
7,Judges,3,21,Judges 3:21,7,יַת,,,,Jonathan,TARG
7,Judges,3,21,Judges 3:21,8,חַרְבָּא,,,,Jonathan,TARG
7,Judges,3,21,Judges 3:21,9,מֵעַל,,,,Jonathan,TARG
7,Judges,3,21,Judges 3:21,10,יַרְכָא,,,,Jonathan,TARG
7,Judges,3,21,Judges 3:21,11,דְיַמִינֵיהּ,,,,Jonathan,TARG
7,Judges,3,21,Judges 3:21,12,וּקְבָעָה,,,,Jonathan,TARG
7,Judges,3,21,Judges 3:21,13,בִּמְעוֹהִי:,,,,Jonathan,TARG
7,Judges,3,22,Judges 3:22,1,וְעַל,,,,Jonathan,TARG
7,Judges,3,22,Judges 3:22,2,אַף,,,,Jonathan,TARG
7,Judges,3,22,Judges 3:22,3,דִסְתְּקָא,,,,Jonathan,TARG
7,Judges,3,22,Judges 3:22,4,בָּתַר,,,,Jonathan,TARG
7,Judges,3,22,Judges 3:22,5,שְׁנָנָא,,,,Jonathan,TARG
7,Judges,3,22,Judges 3:22,6,וְטִמְטֵם,,,,Jonathan,TARG
7,Judges,3,22,Judges 3:22,7,שׁוּמְנָא,,,,Jonathan,TARG
7,Judges,3,22,Judges 3:22,8,בְּאַפֵּי,,,,Jonathan,TARG
7,Judges,3,22,Judges 3:22,9,שְׁנָנָא,,,,Jonathan,TARG
7,Judges,3,22,Judges 3:22,10,אֲרֵי,,,,Jonathan,TARG
7,Judges,3,22,Judges 3:22,11,לָא,,,,Jonathan,TARG
7,Judges,3,22,Judges 3:22,12,שְׁלַף,,,,Jonathan,TARG
7,Judges,3,22,Judges 3:22,13,חַרְבָּא,,,,Jonathan,TARG
7,Judges,3,22,Judges 3:22,14,מִמְעוֹהִי,,,,Jonathan,TARG
7,Judges,3,22,Judges 3:22,15,וּנְפַק,,,,Jonathan,TARG
7,Judges,3,22,Judges 3:22,16,אוּכְלֵיהּ,,,,Jonathan,TARG
7,Judges,3,22,Judges 3:22,17,שְׁפִיךְ:,,,,Jonathan,TARG
7,Judges,3,23,Judges 3:23,1,וּנְפַק,,,,Jonathan,TARG
7,Judges,3,23,Judges 3:23,2,אֵהוּד,,,,Jonathan,TARG
7,Judges,3,23,Judges 3:23,3,לְאַכְסַדְרָא,,,,Jonathan,TARG
7,Judges,3,23,Judges 3:23,4,וַאֲחַר,,,,Jonathan,TARG
7,Judges,3,23,Judges 3:23,5,דָשֵׁי,,,,Jonathan,TARG
7,Judges,3,23,Judges 3:23,6,עִילִיתָא,,,,Jonathan,TARG
7,Judges,3,23,Judges 3:23,7,בְאַפּוֹהִי,,,,Jonathan,TARG
7,Judges,3,23,Judges 3:23,8,וְאַגָף:,,,,Jonathan,TARG
7,Judges,3,24,Judges 3:24,1,וְהוּא,,,,Jonathan,TARG
7,Judges,3,24,Judges 3:24,2,נְפַק,,,,Jonathan,TARG
7,Judges,3,24,Judges 3:24,3,וְעַבְדוֹהִי,,,,Jonathan,TARG
7,Judges,3,24,Judges 3:24,4,עֲלוֹ,,,,Jonathan,TARG
7,Judges,3,24,Judges 3:24,5,וַחֲזוֹ,,,,Jonathan,TARG
7,Judges,3,24,Judges 3:24,6,וְהָא,,,,Jonathan,TARG
7,Judges,3,24,Judges 3:24,7,דָשֵׁי,,,,Jonathan,TARG
7,Judges,3,24,Judges 3:24,8,עִילִיתָא,,,,Jonathan,TARG
7,Judges,3,24,Judges 3:24,9,אֲחִידָן,,,,Jonathan,TARG
7,Judges,3,24,Judges 3:24,10,וַאֲמַרוּ,,,,Jonathan,TARG
7,Judges,3,24,Judges 3:24,11,בְּרַם,,,,Jonathan,TARG
7,Judges,3,24,Judges 3:24,12,עָבִיד,,,,Jonathan,TARG
7,Judges,3,24,Judges 3:24,13,הוּא,,,,Jonathan,TARG
7,Judges,3,24,Judges 3:24,14,יַת,,,,Jonathan,TARG
7,Judges,3,24,Judges 3:24,15,צוֹרְכֵיהּ,,,,Jonathan,TARG
7,Judges,3,24,Judges 3:24,16,בְּאִדְרוֹן,,,,Jonathan,TARG
7,Judges,3,24,Judges 3:24,17,בֵּית,,,,Jonathan,TARG
7,Judges,3,24,Judges 3:24,18,קַיְטָא:,,,,Jonathan,TARG
7,Judges,3,25,Judges 3:25,1,וְאוֹרִיכוּ,,,,Jonathan,TARG
7,Judges,3,25,Judges 3:25,2,עַד,,,,Jonathan,TARG
7,Judges,3,25,Judges 3:25,3,סַגִי,,,,Jonathan,TARG
7,Judges,3,25,Judges 3:25,4,וְהָא,,,,Jonathan,TARG
7,Judges,3,25,Judges 3:25,5,לֵיתוֹהִי,,,,Jonathan,TARG
7,Judges,3,25,Judges 3:25,6,פָּתַח,,,,Jonathan,TARG
7,Judges,3,25,Judges 3:25,7,דָשֵׁי,,,,Jonathan,TARG
7,Judges,3,25,Judges 3:25,8,עִלִיתָא,,,,Jonathan,TARG
7,Judges,3,25,Judges 3:25,9,וּנְסִיבוּ,,,,Jonathan,TARG
7,Judges,3,25,Judges 3:25,10,יַת,,,,Jonathan,TARG
7,Judges,3,25,Judges 3:25,11,מַפְתְּחָא,,,,Jonathan,TARG
7,Judges,3,25,Judges 3:25,12,וּפְתַחוּ,,,,Jonathan,TARG
7,Judges,3,25,Judges 3:25,13,וְהָא,,,,Jonathan,TARG
7,Judges,3,25,Judges 3:25,14,רִבּוֹנְהוֹן,,,,Jonathan,TARG
7,Judges,3,25,Judges 3:25,15,טָרִיף,,,,Jonathan,TARG
7,Judges,3,25,Judges 3:25,16,רְמֵי,,,,Jonathan,TARG
7,Judges,3,25,Judges 3:25,17,עַל,,,,Jonathan,TARG
7,Judges,3,25,Judges 3:25,18,אַרְעָא,,,,Jonathan,TARG
7,Judges,3,25,Judges 3:25,19,מִית:,,,,Jonathan,TARG
7,Judges,3,26,Judges 3:26,1,וְאֵהוּד,,,,Jonathan,TARG
7,Judges,3,26,Judges 3:26,2,אִשְׁתְּזִיב,,,,Jonathan,TARG
7,Judges,3,26,Judges 3:26,3,עַד,,,,Jonathan,TARG
7,Judges,3,26,Judges 3:26,4,אִתְעַכְּבֵיהוֹן,,,,Jonathan,TARG
7,Judges,3,26,Judges 3:26,5,וְהוּא,,,,Jonathan,TARG
7,Judges,3,26,Judges 3:26,6,עֲבַר,,,,Jonathan,TARG
7,Judges,3,26,Judges 3:26,7,יַת,,,,Jonathan,TARG
7,Judges,3,26,Judges 3:26,8,מַחְצְבַיָא,,,,Jonathan,TARG
7,Judges,3,26,Judges 3:26,9,וְאִשְׁתְּזֵיב,,,,Jonathan,TARG
7,Judges,3,26,Judges 3:26,10,לִשְׂעִירָתָא:,,,,Jonathan,TARG
7,Judges,3,27,Judges 3:27,1,וַהֲוָה,,,,Jonathan,TARG
7,Judges,3,27,Judges 3:27,2,בְּמֵיתוֹהִי,,,,Jonathan,TARG
7,Judges,3,27,Judges 3:27,3,וּתְקַע,,,,Jonathan,TARG
7,Judges,3,27,Judges 3:27,4,בְּשׁוֹפָרָא,,,,Jonathan,TARG
7,Judges,3,27,Judges 3:27,5,בְּטוּרָא,,,,Jonathan,TARG
7,Judges,3,27,Judges 3:27,6,דְבֵית,,,,Jonathan,TARG
7,Judges,3,27,Judges 3:27,7,אֶפְרָיִם,,,,Jonathan,TARG
7,Judges,3,27,Judges 3:27,8,וּנְחָתוּ,,,,Jonathan,TARG
7,Judges,3,27,Judges 3:27,9,עִמֵיהּ,,,,Jonathan,TARG
7,Judges,3,27,Judges 3:27,10,בְּנֵי,,,,Jonathan,TARG
7,Judges,3,27,Judges 3:27,11,יִשְׂרָאֵל,,,,Jonathan,TARG
7,Judges,3,27,Judges 3:27,12,מִן,,,,Jonathan,TARG
7,Judges,3,27,Judges 3:27,13,טוּרָא,,,,Jonathan,TARG
7,Judges,3,27,Judges 3:27,14,וְהוּא,,,,Jonathan,TARG
7,Judges,3,27,Judges 3:27,15,קֳדָמֵיהוֹן:,,,,Jonathan,TARG
7,Judges,3,28,Judges 3:28,1,וַאֲמַר,,,,Jonathan,TARG
7,Judges,3,28,Judges 3:28,2,לְהוֹן,,,,Jonathan,TARG
7,Judges,3,28,Judges 3:28,3,רְדִיפוּ,,,,Jonathan,TARG
7,Judges,3,28,Judges 3:28,4,בַתְרַי,,,,Jonathan,TARG
7,Judges,3,28,Judges 3:28,5,אֲרֵי,,,,Jonathan,TARG
7,Judges,3,28,Judges 3:28,6,מְסַר,,,,Jonathan,TARG
7,Judges,3,28,Judges 3:28,7,יְיָ,,,,Jonathan,TARG
7,Judges,3,28,Judges 3:28,8,יַת,,,,Jonathan,TARG
7,Judges,3,28,Judges 3:28,9,בַּעֲלֵי,,,,Jonathan,TARG
7,Judges,3,28,Judges 3:28,10,דְבָבֵיכוֹן,,,,Jonathan,TARG
7,Judges,3,28,Judges 3:28,11,יַת,,,,Jonathan,TARG
7,Judges,3,28,Judges 3:28,12,מוֹאֲבָאֵי,,,,Jonathan,TARG
7,Judges,3,28,Judges 3:28,13,בִּידֵיכוֹן,,,,Jonathan,TARG
7,Judges,3,28,Judges 3:28,14,וּנְחָתוּ,,,,Jonathan,TARG
7,Judges,3,28,Judges 3:28,15,בַתְרוֹהִי,,,,Jonathan,TARG
7,Judges,3,28,Judges 3:28,16,וַאֲחַדוּ,,,,Jonathan,TARG
7,Judges,3,28,Judges 3:28,17,יַת,,,,Jonathan,TARG
7,Judges,3,28,Judges 3:28,18,מְגִיזַת,,,,Jonathan,TARG
7,Judges,3,28,Judges 3:28,19,עָבְרָאֵי,,,,Jonathan,TARG
7,Judges,3,28,Judges 3:28,20,יַרְדְנָא,,,,Jonathan,TARG
7,Judges,3,28,Judges 3:28,21,עַל,,,,Jonathan,TARG
7,Judges,3,28,Judges 3:28,22,מוֹאָב,,,,Jonathan,TARG
7,Judges,3,28,Judges 3:28,23,וְלָא,,,,Jonathan,TARG
7,Judges,3,28,Judges 3:28,24,שְׁבַקוּ,,,,Jonathan,TARG
7,Judges,3,28,Judges 3:28,25,אֱנַשׁ,,,,Jonathan,TARG
7,Judges,3,28,Judges 3:28,26,לְמֶעְבַר:,,,,Jonathan,TARG
7,Judges,3,29,Judges 3:29,1,וּקְטַלוּ,,,,Jonathan,TARG
7,Judges,3,29,Judges 3:29,2,יַת,,,,Jonathan,TARG
7,Judges,3,29,Judges 3:29,3,מוֹאָב,,,,Jonathan,TARG
7,Judges,3,29,Judges 3:29,4,בְּעִדָנָא,,,,Jonathan,TARG
7,Judges,3,29,Judges 3:29,5,הַהִיא,,,,Jonathan,TARG
7,Judges,3,29,Judges 3:29,6,כְּעַסְרָא,,,,Jonathan,TARG
7,Judges,3,29,Judges 3:29,7,אַלְפִין,,,,Jonathan,TARG
7,Judges,3,29,Judges 3:29,8,גַבְרָא,,,,Jonathan,TARG
7,Judges,3,29,Judges 3:29,9,כָּל,,,,Jonathan,TARG
7,Judges,3,29,Judges 3:29,10,אֵימְתָן,,,,Jonathan,TARG
7,Judges,3,29,Judges 3:29,11,וְכָל,,,,Jonathan,TARG
7,Judges,3,29,Judges 3:29,12,גְבַר,,,,Jonathan,TARG
7,Judges,3,29,Judges 3:29,13,גִבַּר,,,,Jonathan,TARG
7,Judges,3,29,Judges 3:29,14,חֵילָא,,,,Jonathan,TARG
7,Judges,3,29,Judges 3:29,15,וְלָא,,,,Jonathan,TARG
7,Judges,3,29,Judges 3:29,16,אִישְׁתְּזֵיב,,,,Jonathan,TARG
7,Judges,3,29,Judges 3:29,17,אֱנָשׁ:,,,,Jonathan,TARG
7,Judges,3,30,Judges 3:30,1,וְאִתַּבָּרוּ,,,,Jonathan,TARG
7,Judges,3,30,Judges 3:30,2,מוֹאֲבָאֵי,,,,Jonathan,TARG
7,Judges,3,30,Judges 3:30,3,בְּיוֹמָא,,,,Jonathan,TARG
7,Judges,3,30,Judges 3:30,4,הַהוּא,,,,Jonathan,TARG
7,Judges,3,30,Judges 3:30,5,תְּחוֹת,,,,Jonathan,TARG
7,Judges,3,30,Judges 3:30,6,יַד,,,,Jonathan,TARG
7,Judges,3,30,Judges 3:30,7,אֱנַשׁ,,,,Jonathan,TARG
7,Judges,3,30,Judges 3:30,8,יִשְׂרָאֵל,,,,Jonathan,TARG
7,Judges,3,30,Judges 3:30,9,וּשְׁדוֹכַת,,,,Jonathan,TARG
7,Judges,3,30,Judges 3:30,10,אַרְעָא,,,,Jonathan,TARG
7,Judges,3,30,Judges 3:30,11,דְיִשְׂרָאֵל,,,,Jonathan,TARG
7,Judges,3,30,Judges 3:30,12,תְּמָנָן,,,,Jonathan,TARG
7,Judges,3,30,Judges 3:30,13,שְׁנִין:,,,,Jonathan,TARG
7,Judges,3,31,Judges 3:31,1,וּבַתְרוֹהִי,,,,Jonathan,TARG
7,Judges,3,31,Judges 3:31,2,הֲוָה,,,,Jonathan,TARG
7,Judges,3,31,Judges 3:31,3,שַׁמְגַר,,,,Jonathan,TARG
7,Judges,3,31,Judges 3:31,4,בַּר,,,,Jonathan,TARG
7,Judges,3,31,Judges 3:31,5,עֲנָת,,,,Jonathan,TARG
7,Judges,3,31,Judges 3:31,6,וּקְטַל,,,,Jonathan,TARG
7,Judges,3,31,Judges 3:31,7,יַת,,,,Jonathan,TARG
7,Judges,3,31,Judges 3:31,8,פְּלִשְׁתָּאֵי,,,,Jonathan,TARG
7,Judges,3,31,Judges 3:31,9,שִׁית,,,,Jonathan,TARG
7,Judges,3,31,Judges 3:31,10,מְאָה,,,,Jonathan,TARG
7,Judges,3,31,Judges 3:31,11,גַבְרִין,,,,Jonathan,TARG
7,Judges,3,31,Judges 3:31,12,בִּפְרַשׁ,,,,Jonathan,TARG
7,Judges,3,31,Judges 3:31,13,תּוֹרַיָא,,,,Jonathan,TARG
7,Judges,3,31,Judges 3:31,14,וּפְרַק,,,,Jonathan,TARG
7,Judges,3,31,Judges 3:31,15,אַף,,,,Jonathan,TARG
7,Judges,3,31,Judges 3:31,16,הוּא,,,,Jonathan,TARG
7,Judges,3,31,Judges 3:31,17,יַת,,,,Jonathan,TARG
7,Judges,3,31,Judges 3:31,18,יִשְׂרָאֵל:,,,,Jonathan,TARG
7,Judges,4,1,Judges 4:1,1,וְאוֹסִיפוּ,,,,Jonathan,TARG
7,Judges,4,1,Judges 4:1,2,בְּנֵי,,,,Jonathan,TARG
7,Judges,4,1,Judges 4:1,3,יִשְׂרָאֵל,,,,Jonathan,TARG
7,Judges,4,1,Judges 4:1,4,לְמֶעְבַּד,,,,Jonathan,TARG
7,Judges,4,1,Judges 4:1,5,דְבִישׁ,,,,Jonathan,TARG
7,Judges,4,1,Judges 4:1,6,קֳדָם,,,,Jonathan,TARG
7,Judges,4,1,Judges 4:1,7,יְיָ,,,,Jonathan,TARG
7,Judges,4,1,Judges 4:1,8,וְאֵהוּד,,,,Jonathan,TARG
7,Judges,4,1,Judges 4:1,9,מִית:,,,,Jonathan,TARG
7,Judges,4,2,Judges 4:2,1,וּמְסַרְנוּן,,,,Jonathan,TARG
7,Judges,4,2,Judges 4:2,2,יְיָ,,,,Jonathan,TARG
7,Judges,4,2,Judges 4:2,3,בְּיַד,,,,Jonathan,TARG
7,Judges,4,2,Judges 4:2,4,יָבִין,,,,Jonathan,TARG
7,Judges,4,2,Judges 4:2,5,מַלְכָּא,,,,Jonathan,TARG
7,Judges,4,2,Judges 4:2,6,דִכְנַעַן,,,,Jonathan,TARG
7,Judges,4,2,Judges 4:2,7,דִי,,,,Jonathan,TARG
7,Judges,4,2,Judges 4:2,8,מְלַךְ,,,,Jonathan,TARG
7,Judges,4,2,Judges 4:2,9,בְּחָצוֹר,,,,Jonathan,TARG
7,Judges,4,2,Judges 4:2,10,וְרַב,,,,Jonathan,TARG
7,Judges,4,2,Judges 4:2,11,חֵילֵיה,,,,Jonathan,TARG
7,Judges,4,2,Judges 4:2,12,סִיסְרָא,,,,Jonathan,TARG
7,Judges,4,2,Judges 4:2,13,וְהוּא,,,,Jonathan,TARG
7,Judges,4,2,Judges 4:2,14,יָתֵיב,,,,Jonathan,TARG
7,Judges,4,2,Judges 4:2,15,בִּתְקוֹף,,,,Jonathan,TARG
7,Judges,4,2,Judges 4:2,16,כְּרַכֵּי,,,,Jonathan,TARG
7,Judges,4,2,Judges 4:2,17,עַמְמַיָא:,,,,Jonathan,TARG
7,Judges,4,3,Judges 4:3,1,וּצְעָקוּ,,,,Jonathan,TARG
7,Judges,4,3,Judges 4:3,2,בְנֵי,,,,Jonathan,TARG
7,Judges,4,3,Judges 4:3,3,יִשְׂרָאֵל,,,,Jonathan,TARG
7,Judges,4,3,Judges 4:3,4,קֳדָם,,,,Jonathan,TARG
7,Judges,4,3,Judges 4:3,5,יְיָ,,,,Jonathan,TARG
7,Judges,4,3,Judges 4:3,6,אֲרֵי,,,,Jonathan,TARG
7,Judges,4,3,Judges 4:3,7,תְשַׁע,,,,Jonathan,TARG
7,Judges,4,3,Judges 4:3,8,מֵאָה,,,,Jonathan,TARG
7,Judges,4,3,Judges 4:3,9,רְתִיכִין,,,,Jonathan,TARG
7,Judges,4,3,Judges 4:3,10,דְבַרְזְלָא,,,,Jonathan,TARG
7,Judges,4,3,Judges 4:3,11,לֵיהּ,,,,Jonathan,TARG
7,Judges,4,3,Judges 4:3,12,וְהוּא,,,,Jonathan,TARG
7,Judges,4,3,Judges 4:3,13,דְחַק,,,,Jonathan,TARG
7,Judges,4,3,Judges 4:3,14,יַת,,,,Jonathan,TARG
7,Judges,4,3,Judges 4:3,15,בְּנֵי,,,,Jonathan,TARG
7,Judges,4,3,Judges 4:3,16,יִשְׂרָאֵל,,,,Jonathan,TARG
7,Judges,4,3,Judges 4:3,17,בְּתוּקְפָא,,,,Jonathan,TARG
7,Judges,4,3,Judges 4:3,18,עַסְרִין,,,,Jonathan,TARG
7,Judges,4,3,Judges 4:3,19,שְׁנִין:,,,,Jonathan,TARG
7,Judges,4,4,Judges 4:4,1,וּדְבוֹרָה,,,,Jonathan,TARG
7,Judges,4,4,Judges 4:4,2,אִתְּתָא,,,,Jonathan,TARG
7,Judges,4,4,Judges 4:4,3,נְבִיאֲתָא,,,,Jonathan,TARG
7,Judges,4,4,Judges 4:4,4,אִיתַּת,,,,Jonathan,TARG
7,Judges,4,4,Judges 4:4,5,לַפִּידוֹת,,,,Jonathan,TARG
7,Judges,4,4,Judges 4:4,6,הִיא,,,,Jonathan,TARG
7,Judges,4,4,Judges 4:4,7,דַיְנָא,,,,Jonathan,TARG
7,Judges,4,4,Judges 4:4,8,יַת,,,,Jonathan,TARG
7,Judges,4,4,Judges 4:4,9,יִשְׂרָאֵל,,,,Jonathan,TARG
7,Judges,4,4,Judges 4:4,10,בְּעִדָנָא,,,,Jonathan,TARG
7,Judges,4,4,Judges 4:4,11,הַהִיא:,,,,Jonathan,TARG
7,Judges,4,5,Judges 4:5,1,וְהִיא,,,,Jonathan,TARG
7,Judges,4,5,Judges 4:5,2,יַתְבָה,,,,Jonathan,TARG
7,Judges,4,5,Judges 4:5,3,בְּקַרְתָּא,,,,Jonathan,TARG
7,Judges,4,5,Judges 4:5,4,בַּעֲטָרוֹת,,,,Jonathan,TARG
7,Judges,4,5,Judges 4:5,5,דְבוֹרָה,,,,Jonathan,TARG
7,Judges,4,5,Judges 4:5,6,מִתְפַּרְנְסָא,,,,Jonathan,TARG
7,Judges,4,5,Judges 4:5,7,מִן,,,,Jonathan,TARG
7,Judges,4,5,Judges 4:5,8,דִילָהּ,,,,Jonathan,TARG
7,Judges,4,5,Judges 4:5,9,וְלָה,,,,Jonathan,TARG
7,Judges,4,5,Judges 4:5,10,דִקְלִין,,,,Jonathan,TARG
7,Judges,4,5,Judges 4:5,11,בִּירִיחוֹ,,,,Jonathan,TARG
7,Judges,4,5,Judges 4:5,12,פַּרְדְסִין,,,,Jonathan,TARG
7,Judges,4,5,Judges 4:5,13,בְּרָמָתָא,,,,Jonathan,TARG
7,Judges,4,5,Judges 4:5,14,זֵיתִין,,,,Jonathan,TARG
7,Judges,4,5,Judges 4:5,15,עָבְדִין,,,,Jonathan,TARG
7,Judges,4,5,Judges 4:5,16,מְשַׁח,,,,Jonathan,TARG
7,Judges,4,5,Judges 4:5,17,בְּבִקְעֲתָא,,,,Jonathan,TARG
7,Judges,4,5,Judges 4:5,18,בֵּית,,,,Jonathan,TARG
7,Judges,4,5,Judges 4:5,19,שַׁקְיָא,,,,Jonathan,TARG
7,Judges,4,5,Judges 4:5,20,בְּבֵית,,,,Jonathan,TARG
7,Judges,4,5,Judges 4:5,21,אֵל,,,,Jonathan,TARG
7,Judges,4,5,Judges 4:5,22,עֲפַר,,,,Jonathan,TARG
7,Judges,4,5,Judges 4:5,23,חִוַר,,,,Jonathan,TARG
7,Judges,4,5,Judges 4:5,24,בְּטוּר,,,,Jonathan,TARG
7,Judges,4,5,Judges 4:5,25,מַלְכָּא,,,,Jonathan,TARG
7,Judges,4,5,Judges 4:5,26,וְסַלְקִין,,,,Jonathan,TARG
7,Judges,4,5,Judges 4:5,27,לְוָתָהּ,,,,Jonathan,TARG
7,Judges,4,5,Judges 4:5,28,בְנֵי,,,,Jonathan,TARG
7,Judges,4,5,Judges 4:5,29,יִשְׂרָאֵל,,,,Jonathan,TARG
7,Judges,4,5,Judges 4:5,30,לְדִינָא:,,,,Jonathan,TARG
7,Judges,4,6,Judges 4:6,1,וּשְׁלָחַת,,,,Jonathan,TARG
7,Judges,4,6,Judges 4:6,2,וּקְרַת,,,,Jonathan,TARG
7,Judges,4,6,Judges 4:6,3,לְבָרָק,,,,Jonathan,TARG
7,Judges,4,6,Judges 4:6,4,בַּר,,,,Jonathan,TARG
7,Judges,4,6,Judges 4:6,5,אֲבִינוֹעַם,,,,Jonathan,TARG
7,Judges,4,6,Judges 4:6,6,מִקֶדֶשׁ,,,,Jonathan,TARG
7,Judges,4,6,Judges 4:6,7,דְבֵית,,,,Jonathan,TARG
7,Judges,4,6,Judges 4:6,8,נַפְתָּלִי,,,,Jonathan,TARG
7,Judges,4,6,Judges 4:6,9,וַאֲמַרַת,,,,Jonathan,TARG
7,Judges,4,6,Judges 4:6,10,לֵיהּ,,,,Jonathan,TARG
7,Judges,4,6,Judges 4:6,11,הֲלָא,,,,Jonathan,TARG
7,Judges,4,6,Judges 4:6,12,פָּקַד,,,,Jonathan,TARG
7,Judges,4,6,Judges 4:6,13,יְיָ,,,,Jonathan,TARG
7,Judges,4,6,Judges 4:6,14,אֱלָהָא,,,,Jonathan,TARG
7,Judges,4,6,Judges 4:6,15,דְיִשְׂרָאֵל,,,,Jonathan,TARG
7,Judges,4,6,Judges 4:6,16,אֱזֵיל,,,,Jonathan,TARG
7,Judges,4,6,Judges 4:6,17,וְתִתְנְגִיד,,,,Jonathan,TARG
7,Judges,4,6,Judges 4:6,18,בְּטוּרָא,,,,Jonathan,TARG
7,Judges,4,6,Judges 4:6,19,דְתָבוֹר,,,,Jonathan,TARG
7,Judges,4,6,Judges 4:6,20,וְתִדְבַּר,,,,Jonathan,TARG
7,Judges,4,6,Judges 4:6,21,עִמָךְ,,,,Jonathan,TARG
7,Judges,4,6,Judges 4:6,22,עַסְרָא,,,,Jonathan,TARG
7,Judges,4,6,Judges 4:6,23,אַלְפִין,,,,Jonathan,TARG
7,Judges,4,6,Judges 4:6,24,גַבְרָא,,,,Jonathan,TARG
7,Judges,4,6,Judges 4:6,25,מִבְּנֵי,,,,Jonathan,TARG
7,Judges,4,6,Judges 4:6,26,נַפְתָּלִי,,,,Jonathan,TARG
7,Judges,4,6,Judges 4:6,27,וּמִבְּנֵי,,,,Jonathan,TARG
7,Judges,4,6,Judges 4:6,28,זְבוּלֻן:,,,,Jonathan,TARG
7,Judges,4,7,Judges 4:7,1,וֶאֱתַתֵּיב,,,,Jonathan,TARG
7,Judges,4,7,Judges 4:7,2,עַל,,,,Jonathan,TARG
7,Judges,4,7,Judges 4:7,3,יְדָךְ,,,,Jonathan,TARG
7,Judges,4,7,Judges 4:7,4,לְנַחְלָא,,,,Jonathan,TARG
7,Judges,4,7,Judges 4:7,5,דְקִישׁוֹן,,,,Jonathan,TARG
7,Judges,4,7,Judges 4:7,6,יַת,,,,Jonathan,TARG
7,Judges,4,7,Judges 4:7,7,סִיסְרָא,,,,Jonathan,TARG
7,Judges,4,7,Judges 4:7,8,רַב,,,,Jonathan,TARG
7,Judges,4,7,Judges 4:7,9,חֵילָא,,,,Jonathan,TARG
7,Judges,4,7,Judges 4:7,10,דְיָבִין,,,,Jonathan,TARG
7,Judges,4,7,Judges 4:7,11,וְיַת,,,,Jonathan,TARG
7,Judges,4,7,Judges 4:7,12,רְתִיכוֹהִי,,,,Jonathan,TARG
7,Judges,4,7,Judges 4:7,13,וְיַת,,,,Jonathan,TARG
7,Judges,4,7,Judges 4:7,14,מַשִׁרְיָתֵיהּ,,,,Jonathan,TARG
7,Judges,4,7,Judges 4:7,15,וְאֶמְסְרִנֵהּ,,,,Jonathan,TARG
7,Judges,4,7,Judges 4:7,16,בִידָךְ:,,,,Jonathan,TARG
7,Judges,4,8,Judges 4:8,1,וַאֲמַר,,,,Jonathan,TARG
7,Judges,4,8,Judges 4:8,2,לָהּ,,,,Jonathan,TARG
7,Judges,4,8,Judges 4:8,3,בָּרָק,,,,Jonathan,TARG
7,Judges,4,8,Judges 4:8,4,אִם,,,,Jonathan,TARG
7,Judges,4,8,Judges 4:8,5,תֵּיזְלִין,,,,Jonathan,TARG
7,Judges,4,8,Judges 4:8,6,עִמִי,,,,Jonathan,TARG
7,Judges,4,8,Judges 4:8,7,וְאֵיזִיל,,,,Jonathan,TARG
7,Judges,4,8,Judges 4:8,8,וְאִם,,,,Jonathan,TARG
7,Judges,4,8,Judges 4:8,9,לָא,,,,Jonathan,TARG
7,Judges,4,8,Judges 4:8,10,תֵּיזְלִין,,,,Jonathan,TARG
7,Judges,4,8,Judges 4:8,11,עִמִי,,,,Jonathan,TARG
7,Judges,4,8,Judges 4:8,12,לָא,,,,Jonathan,TARG
7,Judges,4,8,Judges 4:8,13,אֵיזִיל:,,,,Jonathan,TARG
7,Judges,4,9,Judges 4:9,1,וַאֲמַרַת,,,,Jonathan,TARG
7,Judges,4,9,Judges 4:9,2,מֵיזַל,,,,Jonathan,TARG
7,Judges,4,9,Judges 4:9,3,אֵיזִיל,,,,Jonathan,TARG
7,Judges,4,9,Judges 4:9,4,עִמָךְ,,,,Jonathan,TARG
7,Judges,4,9,Judges 4:9,5,לְחוֹד,,,,Jonathan,TARG
7,Judges,4,9,Judges 4:9,6,אֲרֵי,,,,Jonathan,TARG
7,Judges,4,9,Judges 4:9,7,לָא,,,,Jonathan,TARG
7,Judges,4,9,Judges 4:9,8,תְהֵי,,,,Jonathan,TARG
7,Judges,4,9,Judges 4:9,9,תוּשְׁבַּחְתָּךְ,,,,Jonathan,TARG
7,Judges,4,9,Judges 4:9,10,עַל,,,,Jonathan,TARG
7,Judges,4,9,Judges 4:9,11,אוֹרְחָא,,,,Jonathan,TARG
7,Judges,4,9,Judges 4:9,12,דְאַתְּ,,,,Jonathan,TARG
7,Judges,4,9,Judges 4:9,13,אָזֵיל,,,,Jonathan,TARG
7,Judges,4,9,Judges 4:9,14,אֲרֵי,,,,Jonathan,TARG
7,Judges,4,9,Judges 4:9,15,בְּיַד,,,,Jonathan,TARG
7,Judges,4,9,Judges 4:9,16,אִתְּתָא,,,,Jonathan,TARG
7,Judges,4,9,Judges 4:9,17,יִמְסוֹר,,,,Jonathan,TARG
7,Judges,4,9,Judges 4:9,18,יְיָ,,,,Jonathan,TARG
7,Judges,4,9,Judges 4:9,19,יַת,,,,Jonathan,TARG
7,Judges,4,9,Judges 4:9,20,סִיסְרָא,,,,Jonathan,TARG
7,Judges,4,9,Judges 4:9,21,וְקָמַת,,,,Jonathan,TARG
7,Judges,4,9,Judges 4:9,22,דְבוֹרָה,,,,Jonathan,TARG
7,Judges,4,9,Judges 4:9,23,וַאֲזַלַת,,,,Jonathan,TARG
7,Judges,4,9,Judges 4:9,24,עִם,,,,Jonathan,TARG
7,Judges,4,9,Judges 4:9,25,בָּרָק,,,,Jonathan,TARG
7,Judges,4,9,Judges 4:9,26,לְקֶדֶשׁ:,,,,Jonathan,TARG
7,Judges,4,10,Judges 4:10,1,וּכְנַשׁ,,,,Jonathan,TARG
7,Judges,4,10,Judges 4:10,2,בָּרָק,,,,Jonathan,TARG
7,Judges,4,10,Judges 4:10,3,יַת,,,,Jonathan,TARG
7,Judges,4,10,Judges 4:10,4,שִׁבְטָא,,,,Jonathan,TARG
7,Judges,4,10,Judges 4:10,5,דִזְבוּלֻן,,,,Jonathan,TARG
7,Judges,4,10,Judges 4:10,6,וְיַת,,,,Jonathan,TARG
7,Judges,4,10,Judges 4:10,7,שִׁבְטָא,,,,Jonathan,TARG
7,Judges,4,10,Judges 4:10,8,דְנַפְתָּלִי,,,,Jonathan,TARG
7,Judges,4,10,Judges 4:10,9,לְקֶדֶשׁ,,,,Jonathan,TARG
7,Judges,4,10,Judges 4:10,10,וּסְלִיקוּ,,,,Jonathan,TARG
7,Judges,4,10,Judges 4:10,11,עִמֵיהּ,,,,Jonathan,TARG
7,Judges,4,10,Judges 4:10,12,עַסְרָא,,,,Jonathan,TARG
7,Judges,4,10,Judges 4:10,13,אַלְפִין,,,,Jonathan,TARG
7,Judges,4,10,Judges 4:10,14,גַבְרָא,,,,Jonathan,TARG
7,Judges,4,10,Judges 4:10,15,וּסְלִיקַת,,,,Jonathan,TARG
7,Judges,4,10,Judges 4:10,16,עִמֵיהּ,,,,Jonathan,TARG
7,Judges,4,10,Judges 4:10,17,דְבוֹרָה:,,,,Jonathan,TARG
7,Judges,4,11,Judges 4:11,1,וְחֶבֶר,,,,Jonathan,TARG
7,Judges,4,11,Judges 4:11,2,שַׁלְמָאָה,,,,Jonathan,TARG
7,Judges,4,11,Judges 4:11,3,אִתְפָּרַשׁ,,,,Jonathan,TARG
7,Judges,4,11,Judges 4:11,4,מִשַׁלְמָאֵי,,,,Jonathan,TARG
7,Judges,4,11,Judges 4:11,5,מִבְּנֵי,,,,Jonathan,TARG
7,Judges,4,11,Judges 4:11,6,חוֹבָב,,,,Jonathan,TARG
7,Judges,4,11,Judges 4:11,7,חֲמוּהִי,,,,Jonathan,TARG
7,Judges,4,11,Judges 4:11,8,דְמֹשֶׁה,,,,Jonathan,TARG
7,Judges,4,11,Judges 4:11,9,וּפַרְסֵיהּ,,,,Jonathan,TARG
7,Judges,4,11,Judges 4:11,10,לְמַשְׁכְּנֵיהּ,,,,Jonathan,TARG
7,Judges,4,11,Judges 4:11,11,עַד,,,,Jonathan,TARG
7,Judges,4,11,Judges 4:11,12,מֵישַׁר,,,,Jonathan,TARG
7,Judges,4,11,Judges 4:11,13,אַגְנַיָא,,,,Jonathan,TARG
7,Judges,4,11,Judges 4:11,14,דְעִם,,,,Jonathan,TARG
7,Judges,4,11,Judges 4:11,15,קֶדֶשׁ:,,,,Jonathan,TARG
7,Judges,4,12,Judges 4:12,1,וְחַוִיאוּ,,,,Jonathan,TARG
7,Judges,4,12,Judges 4:12,2,לְסִיסְרָא,,,,Jonathan,TARG
7,Judges,4,12,Judges 4:12,3,אֲרֵי,,,,Jonathan,TARG
7,Judges,4,12,Judges 4:12,4,סְלִיק,,,,Jonathan,TARG
7,Judges,4,12,Judges 4:12,5,בָּרָק,,,,Jonathan,TARG
7,Judges,4,12,Judges 4:12,6,בַּר,,,,Jonathan,TARG
7,Judges,4,12,Judges 4:12,7,אֲבִינוֹעַם,,,,Jonathan,TARG
7,Judges,4,12,Judges 4:12,8,לְטוּר,,,,Jonathan,TARG
7,Judges,4,12,Judges 4:12,9,תָּבוֹר:,,,,Jonathan,TARG
7,Judges,4,13,Judges 4:13,1,וּכְנַשׁ,,,,Jonathan,TARG
7,Judges,4,13,Judges 4:13,2,סִיסְרָא,,,,Jonathan,TARG
7,Judges,4,13,Judges 4:13,3,יַת,,,,Jonathan,TARG
7,Judges,4,13,Judges 4:13,4,כָּל,,,,Jonathan,TARG
7,Judges,4,13,Judges 4:13,5,רְתִיכֵיהּ,,,,Jonathan,TARG
7,Judges,4,13,Judges 4:13,6,תְּשַׁע,,,,Jonathan,TARG
7,Judges,4,13,Judges 4:13,7,מְאָה,,,,Jonathan,TARG
7,Judges,4,13,Judges 4:13,8,רְתִיכִין,,,,Jonathan,TARG
7,Judges,4,13,Judges 4:13,9,דְבַרְזְלָא,,,,Jonathan,TARG
7,Judges,4,13,Judges 4:13,10,וְיַת,,,,Jonathan,TARG
7,Judges,4,13,Judges 4:13,11,כָּל,,,,Jonathan,TARG
7,Judges,4,13,Judges 4:13,12,עַמָא,,,,Jonathan,TARG
7,Judges,4,13,Judges 4:13,13,דְעִמֵיהּ,,,,Jonathan,TARG
7,Judges,4,13,Judges 4:13,14,מִתְקוֹף,,,,Jonathan,TARG
7,Judges,4,13,Judges 4:13,15,כְּרַכֵּי,,,,Jonathan,TARG
7,Judges,4,13,Judges 4:13,16,עַמְמַיָא,,,,Jonathan,TARG
7,Judges,4,13,Judges 4:13,17,לְנַחֲלָא,,,,Jonathan,TARG
7,Judges,4,13,Judges 4:13,18,דְקִישׁוֹן:,,,,Jonathan,TARG
7,Judges,4,14,Judges 4:14,1,וַאֲמַרַת,,,,Jonathan,TARG
7,Judges,4,14,Judges 4:14,2,דְבוֹרָה,,,,Jonathan,TARG
7,Judges,4,14,Judges 4:14,3,לְבָרָק,,,,Jonathan,TARG
7,Judges,4,14,Judges 4:14,4,קוּם,,,,Jonathan,TARG
7,Judges,4,14,Judges 4:14,5,אֲרֵי,,,,Jonathan,TARG
7,Judges,4,14,Judges 4:14,6,דֵין,,,,Jonathan,TARG
7,Judges,4,14,Judges 4:14,7,יוֹמָא,,,,Jonathan,TARG
7,Judges,4,14,Judges 4:14,8,דִמְסַר,,,,Jonathan,TARG
7,Judges,4,14,Judges 4:14,9,יְיָ,,,,Jonathan,TARG
7,Judges,4,14,Judges 4:14,10,יַת,,,,Jonathan,TARG
7,Judges,4,14,Judges 4:14,11,סִיסְרָא,,,,Jonathan,TARG
7,Judges,4,14,Judges 4:14,12,בִּידָךְ,,,,Jonathan,TARG
7,Judges,4,14,Judges 4:14,13,הֲלָא,,,,Jonathan,TARG
7,Judges,4,14,Judges 4:14,14,מַלְאָכָא,,,,Jonathan,TARG
7,Judges,4,14,Judges 4:14,15,דַייָ,,,,Jonathan,TARG
7,Judges,4,14,Judges 4:14,16,נְפַק,,,,Jonathan,TARG
7,Judges,4,14,Judges 4:14,17,לְאַצְלָחָא,,,,Jonathan,TARG
7,Judges,4,14,Judges 4:14,18,קֳדָמָךְ,,,,Jonathan,TARG
7,Judges,4,14,Judges 4:14,19,וּנְחַת,,,,Jonathan,TARG
7,Judges,4,14,Judges 4:14,20,בָּרָק,,,,Jonathan,TARG
7,Judges,4,14,Judges 4:14,21,מִטוּרָא,,,,Jonathan,TARG
7,Judges,4,14,Judges 4:14,22,דְתָבוֹר,,,,Jonathan,TARG
7,Judges,4,14,Judges 4:14,23,וְעַסְרָא,,,,Jonathan,TARG
7,Judges,4,14,Judges 4:14,24,אַלְפִין,,,,Jonathan,TARG
7,Judges,4,14,Judges 4:14,25,גַבְרָא,,,,Jonathan,TARG
7,Judges,4,14,Judges 4:14,26,בַּתְרוֹהִי:,,,,Jonathan,TARG
7,Judges,4,15,Judges 4:15,1,וְתַבֵּר,,,,Jonathan,TARG
7,Judges,4,15,Judges 4:15,2,יְיָ,,,,Jonathan,TARG
7,Judges,4,15,Judges 4:15,3,יַת,,,,Jonathan,TARG
7,Judges,4,15,Judges 4:15,4,סִיסְרָא,,,,Jonathan,TARG
7,Judges,4,15,Judges 4:15,5,וְיַת,,,,Jonathan,TARG
7,Judges,4,15,Judges 4:15,6,כָּל,,,,Jonathan,TARG
7,Judges,4,15,Judges 4:15,7,רְתִיכַיָא,,,,Jonathan,TARG
7,Judges,4,15,Judges 4:15,8,וְיַת,,,,Jonathan,TARG
7,Judges,4,15,Judges 4:15,9,כָּל,,,,Jonathan,TARG
7,Judges,4,15,Judges 4:15,10,מַשְׁרִיתָא,,,,Jonathan,TARG
7,Judges,4,15,Judges 4:15,11,לְפִתְגַם,,,,Jonathan,TARG
7,Judges,4,15,Judges 4:15,12,דְחֶרֶב,,,,Jonathan,TARG
7,Judges,4,15,Judges 4:15,13,קֳדָם,,,,Jonathan,TARG
7,Judges,4,15,Judges 4:15,14,בָּרָק,,,,Jonathan,TARG
7,Judges,4,15,Judges 4:15,15,וּנְחַת,,,,Jonathan,TARG
7,Judges,4,15,Judges 4:15,16,סִיסְרָא,,,,Jonathan,TARG
7,Judges,4,15,Judges 4:15,17,מֵעַל,,,,Jonathan,TARG
7,Judges,4,15,Judges 4:15,18,רְתִיכָא,,,,Jonathan,TARG
7,Judges,4,15,Judges 4:15,19,וְאַפַּךְ,,,,Jonathan,TARG
7,Judges,4,15,Judges 4:15,20,בְּרַגְלוֹהִי:,,,,Jonathan,TARG
7,Judges,4,16,Judges 4:16,1,וּבָרָק,,,,Jonathan,TARG
7,Judges,4,16,Judges 4:16,2,רְדַף,,,,Jonathan,TARG
7,Judges,4,16,Judges 4:16,3,בָּתַר,,,,Jonathan,TARG
7,Judges,4,16,Judges 4:16,4,רְתִיכָא,,,,Jonathan,TARG
7,Judges,4,16,Judges 4:16,5,וּבָתַר,,,,Jonathan,TARG
7,Judges,4,16,Judges 4:16,6,מַשְׁרִיתָא,,,,Jonathan,TARG
7,Judges,4,16,Judges 4:16,7,עַד,,,,Jonathan,TARG
7,Judges,4,16,Judges 4:16,8,תְּקוֹף,,,,Jonathan,TARG
7,Judges,4,16,Judges 4:16,9,כְּרַכֵּי,,,,Jonathan,TARG
7,Judges,4,16,Judges 4:16,10,עַמְמַיָא,,,,Jonathan,TARG
7,Judges,4,16,Judges 4:16,11,וְאִתְקְטָלָא,,,,Jonathan,TARG
7,Judges,4,16,Judges 4:16,12,כָּל,,,,Jonathan,TARG
7,Judges,4,16,Judges 4:16,13,מַשִׁרְיַת,,,,Jonathan,TARG
7,Judges,4,16,Judges 4:16,14,סִיסְרָא,,,,Jonathan,TARG
7,Judges,4,16,Judges 4:16,15,לְפִתְגַם,,,,Jonathan,TARG
7,Judges,4,16,Judges 4:16,16,דְחָרֶב,,,,Jonathan,TARG
7,Judges,4,16,Judges 4:16,17,לָא,,,,Jonathan,TARG
7,Judges,4,16,Judges 4:16,18,אִשְׁתָּאַר,,,,Jonathan,TARG
7,Judges,4,16,Judges 4:16,19,עַד,,,,Jonathan,TARG
7,Judges,4,16,Judges 4:16,20,חָד:,,,,Jonathan,TARG
7,Judges,4,17,Judges 4:17,1,וְסִיסְרָא,,,,Jonathan,TARG
7,Judges,4,17,Judges 4:17,2,אַפֵּךְ,,,,Jonathan,TARG
7,Judges,4,17,Judges 4:17,3,בְּרַגְלוֹהִי,,,,Jonathan,TARG
7,Judges,4,17,Judges 4:17,4,לְמַשְׁכְּנָא,,,,Jonathan,TARG
7,Judges,4,17,Judges 4:17,5,דְיָעֵל,,,,Jonathan,TARG
7,Judges,4,17,Judges 4:17,6,אִתַּת,,,,Jonathan,TARG
7,Judges,4,17,Judges 4:17,7,חֶבֶר,,,,Jonathan,TARG
7,Judges,4,17,Judges 4:17,8,שַׁלְמָאָה,,,,Jonathan,TARG
7,Judges,4,17,Judges 4:17,9,אֲרֵי,,,,Jonathan,TARG
7,Judges,4,17,Judges 4:17,10,שְׁלָמָא,,,,Jonathan,TARG
7,Judges,4,17,Judges 4:17,11,בֵּין,,,,Jonathan,TARG
7,Judges,4,17,Judges 4:17,12,יָבִין,,,,Jonathan,TARG
7,Judges,4,17,Judges 4:17,13,מַלְכָּא,,,,Jonathan,TARG
7,Judges,4,17,Judges 4:17,14,דְחָצוֹר,,,,Jonathan,TARG
7,Judges,4,17,Judges 4:17,15,וּבֵין,,,,Jonathan,TARG
7,Judges,4,17,Judges 4:17,16,בֵּית,,,,Jonathan,TARG
7,Judges,4,17,Judges 4:17,17,חֶבֶר,,,,Jonathan,TARG
7,Judges,4,17,Judges 4:17,18,שַׁלְמָאָה:,,,,Jonathan,TARG
7,Judges,4,18,Judges 4:18,1,וְנַפְקַת,,,,Jonathan,TARG
7,Judges,4,18,Judges 4:18,2,יָעֵל,,,,Jonathan,TARG
7,Judges,4,18,Judges 4:18,3,לִקְדָמוּת,,,,Jonathan,TARG
7,Judges,4,18,Judges 4:18,4,סִיסְרָא,,,,Jonathan,TARG
7,Judges,4,18,Judges 4:18,5,וַאֲמַרַת,,,,Jonathan,TARG
7,Judges,4,18,Judges 4:18,6,לֵיהּ,,,,Jonathan,TARG
7,Judges,4,18,Judges 4:18,7,זוּר,,,,Jonathan,TARG
7,Judges,4,18,Judges 4:18,8,רִבּוֹנִי,,,,Jonathan,TARG
7,Judges,4,18,Judges 4:18,9,זוּר,,,,Jonathan,TARG
7,Judges,4,18,Judges 4:18,10,לְוָתִי,,,,Jonathan,TARG
7,Judges,4,18,Judges 4:18,11,לָא,,,,Jonathan,TARG
7,Judges,4,18,Judges 4:18,12,תִדְחַל,,,,Jonathan,TARG
7,Judges,4,18,Judges 4:18,13,וְזַר,,,,Jonathan,TARG
7,Judges,4,18,Judges 4:18,14,לְוָתָהּ,,,,Jonathan,TARG
7,Judges,4,18,Judges 4:18,15,לְמַשְׁכְּנָא,,,,Jonathan,TARG
7,Judges,4,18,Judges 4:18,16,וְכַסִיתֵיהּ,,,,Jonathan,TARG
7,Judges,4,18,Judges 4:18,17,בְּגוּנְכָא:,,,,Jonathan,TARG
7,Judges,4,19,Judges 4:19,1,וַאֲמַר,,,,Jonathan,TARG
7,Judges,4,19,Judges 4:19,2,לָהּ,,,,Jonathan,TARG
7,Judges,4,19,Judges 4:19,3,אַשְׁקִינִי,,,,Jonathan,TARG
7,Judges,4,19,Judges 4:19,4,כְעַן,,,,Jonathan,TARG
7,Judges,4,19,Judges 4:19,5,זְעֵיר,,,,Jonathan,TARG
7,Judges,4,19,Judges 4:19,6,מַיָא,,,,Jonathan,TARG
7,Judges,4,19,Judges 4:19,7,אֲרֵי,,,,Jonathan,TARG
7,Judges,4,19,Judges 4:19,8,צָחֵי,,,,Jonathan,TARG
7,Judges,4,19,Judges 4:19,9,אֲנָא,,,,Jonathan,TARG
7,Judges,4,19,Judges 4:19,10,לְמִשְׁתֵּי,,,,Jonathan,TARG
7,Judges,4,19,Judges 4:19,11,וּפְתַחַת,,,,Jonathan,TARG
7,Judges,4,19,Judges 4:19,12,יַת,,,,Jonathan,TARG
7,Judges,4,19,Judges 4:19,13,נוֹדָא,,,,Jonathan,TARG
7,Judges,4,19,Judges 4:19,14,דְחֶלְבָּא,,,,Jonathan,TARG
7,Judges,4,19,Judges 4:19,15,וְאַשְׁקִיתֵיהּ,,,,Jonathan,TARG
7,Judges,4,19,Judges 4:19,16,וְכַסִיתֵיהּ:,,,,Jonathan,TARG
7,Judges,4,20,Judges 4:20,1,וַאֲמַר,,,,Jonathan,TARG
7,Judges,4,20,Judges 4:20,2,לָה,,,,Jonathan,TARG
7,Judges,4,20,Judges 4:20,3,קוּמִי,,,,Jonathan,TARG
7,Judges,4,20,Judges 4:20,4,בִּתְרַע,,,,Jonathan,TARG
7,Judges,4,20,Judges 4:20,5,מַשְׁכְּנָא,,,,Jonathan,TARG
7,Judges,4,20,Judges 4:20,6,וִיהֵי,,,,Jonathan,TARG
7,Judges,4,20,Judges 4:20,7,אִם,,,,Jonathan,TARG
7,Judges,4,20,Judges 4:20,8,אֱנַשׁ,,,,Jonathan,TARG
7,Judges,4,20,Judges 4:20,9,יֵיתֵי,,,,Jonathan,TARG
7,Judges,4,20,Judges 4:20,10,וְיִשְׁאֲלִנָיךְ,,,,Jonathan,TARG
7,Judges,4,20,Judges 4:20,11,וְיֵמַר,,,,Jonathan,TARG
7,Judges,4,20,Judges 4:20,12,הֲאִית,,,,Jonathan,TARG
7,Judges,4,20,Judges 4:20,13,כָּא,,,,Jonathan,TARG
7,Judges,4,20,Judges 4:20,14,גַבְרָא,,,,Jonathan,TARG
7,Judges,4,20,Judges 4:20,15,וְתֵימְרִין,,,,Jonathan,TARG
7,Judges,4,20,Judges 4:20,16,לָא:,,,,Jonathan,TARG
7,Judges,4,21,Judges 4:21,1,וּנְסִיבַת,,,,Jonathan,TARG
7,Judges,4,21,Judges 4:21,2,יָעֵל,,,,Jonathan,TARG
7,Judges,4,21,Judges 4:21,3,אִתַּת,,,,Jonathan,TARG
7,Judges,4,21,Judges 4:21,4,חֶבֶר,,,,Jonathan,TARG
7,Judges,4,21,Judges 4:21,5,יַת,,,,Jonathan,TARG
7,Judges,4,21,Judges 4:21,6,סִכַּת,,,,Jonathan,TARG
7,Judges,4,21,Judges 4:21,7,מַשְׁכְּנָא,,,,Jonathan,TARG
7,Judges,4,21,Judges 4:21,8,וְשַׁוִיאַת,,,,Jonathan,TARG
7,Judges,4,21,Judges 4:21,9,יַת,,,,Jonathan,TARG
7,Judges,4,21,Judges 4:21,10,אַרְזַפְתָּא,,,,Jonathan,TARG
7,Judges,4,21,Judges 4:21,11,בִּידָהּ,,,,Jonathan,TARG
7,Judges,4,21,Judges 4:21,12,וַעֲלַת,,,,Jonathan,TARG
7,Judges,4,21,Judges 4:21,13,לְוָתֵיהּ,,,,Jonathan,TARG
7,Judges,4,21,Judges 4:21,14,בְּרָז,,,,Jonathan,TARG
7,Judges,4,21,Judges 4:21,15,וּנְקִישַׁת,,,,Jonathan,TARG
7,Judges,4,21,Judges 4:21,16,יַת,,,,Jonathan,TARG
7,Judges,4,21,Judges 4:21,17,סִכְּתָא,,,,Jonathan,TARG
7,Judges,4,21,Judges 4:21,18,בְּצִדְעֵיהּ,,,,Jonathan,TARG
7,Judges,4,21,Judges 4:21,19,וּנְעָצַת,,,,Jonathan,TARG
7,Judges,4,21,Judges 4:21,20,בְּעַרְעָא,,,,Jonathan,TARG
7,Judges,4,21,Judges 4:21,21,וְהוּא,,,,Jonathan,TARG
7,Judges,4,21,Judges 4:21,22,דְמוּךְ,,,,Jonathan,TARG
7,Judges,4,21,Judges 4:21,23,וְאִשְׁתַּלְהִי,,,,Jonathan,TARG
7,Judges,4,21,Judges 4:21,24,וּמִית:,,,,Jonathan,TARG
7,Judges,4,22,Judges 4:22,1,וְהָא,,,,Jonathan,TARG
7,Judges,4,22,Judges 4:22,2,בָרָק,,,,Jonathan,TARG
7,Judges,4,22,Judges 4:22,3,רְדַף,,,,Jonathan,TARG
7,Judges,4,22,Judges 4:22,4,יַת,,,,Jonathan,TARG
7,Judges,4,22,Judges 4:22,5,סִיסְרָא,,,,Jonathan,TARG
7,Judges,4,22,Judges 4:22,6,וְנַפְקַת,,,,Jonathan,TARG
7,Judges,4,22,Judges 4:22,7,יָעֵל,,,,Jonathan,TARG
7,Judges,4,22,Judges 4:22,8,לִקְדָמוּתֵיהּ,,,,Jonathan,TARG
7,Judges,4,22,Judges 4:22,9,וַאֲמַרַת,,,,Jonathan,TARG
7,Judges,4,22,Judges 4:22,10,לֵיהּ,,,,Jonathan,TARG
7,Judges,4,22,Judges 4:22,11,אִיתָא,,,,Jonathan,TARG
7,Judges,4,22,Judges 4:22,12,וְאַחֲזִינָךְ,,,,Jonathan,TARG
7,Judges,4,22,Judges 4:22,13,יַת,,,,Jonathan,TARG
7,Judges,4,22,Judges 4:22,14,גַבְרָא,,,,Jonathan,TARG
7,Judges,4,22,Judges 4:22,15,דְאַתְּ,,,,Jonathan,TARG
7,Judges,4,22,Judges 4:22,16,בָּעֵי,,,,Jonathan,TARG
7,Judges,4,22,Judges 4:22,17,וְעַל,,,,Jonathan,TARG
7,Judges,4,22,Judges 4:22,18,לְוָתָהּ,,,,Jonathan,TARG
7,Judges,4,22,Judges 4:22,19,וְהָא,,,,Jonathan,TARG
7,Judges,4,22,Judges 4:22,20,סִיסְרָא,,,,Jonathan,TARG
7,Judges,4,22,Judges 4:22,21,טָרִיף,,,,Jonathan,TARG
7,Judges,4,22,Judges 4:22,22,וּמִית,,,,Jonathan,TARG
7,Judges,4,22,Judges 4:22,23,וְסִכְּתָא,,,,Jonathan,TARG
7,Judges,4,22,Judges 4:22,24,נְעִיצָא,,,,Jonathan,TARG
7,Judges,4,22,Judges 4:22,25,בְּצִדְעֵיהּ:,,,,Jonathan,TARG
7,Judges,4,23,Judges 4:23,1,וּתְבַר,,,,Jonathan,TARG
7,Judges,4,23,Judges 4:23,2,יְיָ,,,,Jonathan,TARG
7,Judges,4,23,Judges 4:23,3,בְּיוֹמָא,,,,Jonathan,TARG
7,Judges,4,23,Judges 4:23,4,הַהוּא,,,,Jonathan,TARG
7,Judges,4,23,Judges 4:23,5,יַת,,,,Jonathan,TARG
7,Judges,4,23,Judges 4:23,6,יָבִין,,,,Jonathan,TARG
7,Judges,4,23,Judges 4:23,7,מַלְכָּא,,,,Jonathan,TARG
7,Judges,4,23,Judges 4:23,8,דִכְנָעַן,,,,Jonathan,TARG
7,Judges,4,23,Judges 4:23,9,קֳדָם,,,,Jonathan,TARG
7,Judges,4,23,Judges 4:23,10,בְּנֵי,,,,Jonathan,TARG
7,Judges,4,23,Judges 4:23,11,יִשְׂרָאֵל:,,,,Jonathan,TARG
7,Judges,4,24,Judges 4:24,1,וְאַזְלַת,,,,Jonathan,TARG
7,Judges,4,24,Judges 4:24,2,יַד,,,,Jonathan,TARG
7,Judges,4,24,Judges 4:24,3,בְּנֵי,,,,Jonathan,TARG
7,Judges,4,24,Judges 4:24,4,יִשְׂרָאֵל,,,,Jonathan,TARG
7,Judges,4,24,Judges 4:24,5,אָזְלָא,,,,Jonathan,TARG
7,Judges,4,24,Judges 4:24,6,וְתָקְפָא,,,,Jonathan,TARG
7,Judges,4,24,Judges 4:24,7,עַל,,,,Jonathan,TARG
7,Judges,4,24,Judges 4:24,8,יָבִין,,,,Jonathan,TARG
7,Judges,4,24,Judges 4:24,9,מַלְכָּא,,,,Jonathan,TARG
7,Judges,4,24,Judges 4:24,10,דִכְנָעַן,,,,Jonathan,TARG
7,Judges,4,24,Judges 4:24,11,עַד,,,,Jonathan,TARG
7,Judges,4,24,Judges 4:24,12,דִי,,,,Jonathan,TARG
7,Judges,4,24,Judges 4:24,13,שֵׁצִיאוּ,,,,Jonathan,TARG
7,Judges,4,24,Judges 4:24,14,יַת,,,,Jonathan,TARG
7,Judges,4,24,Judges 4:24,15,יָבִין,,,,Jonathan,TARG
7,Judges,4,24,Judges 4:24,16,מַלְכָּא,,,,Jonathan,TARG
7,Judges,4,24,Judges 4:24,17,דִכְנָעַן:,,,,Jonathan,TARG
7,Judges,5,1,Judges 5:1,1,וְשַׁבַּחַת,,,,Jonathan,TARG
7,Judges,5,1,Judges 5:1,2,דְבוֹרָה,,,,Jonathan,TARG
7,Judges,5,1,Judges 5:1,3,וּבָרָק,,,,Jonathan,TARG
7,Judges,5,1,Judges 5:1,4,בַּר,,,,Jonathan,TARG
7,Judges,5,1,Judges 5:1,5,אֲבִינוֹעַם,,,,Jonathan,TARG
7,Judges,5,1,Judges 5:1,6,עַל,,,,Jonathan,TARG
7,Judges,5,1,Judges 5:1,7,נִסָא,,,,Jonathan,TARG
7,Judges,5,1,Judges 5:1,8,וּפוּרְקָנָא,,,,Jonathan,TARG
7,Judges,5,1,Judges 5:1,9,דְאִתְעֲבִידָא,,,,Jonathan,TARG
7,Judges,5,1,Judges 5:1,10,לְיִשְׂרָאֵל,,,,Jonathan,TARG
7,Judges,5,1,Judges 5:1,11,בְּיוֹמָא,,,,Jonathan,TARG
7,Judges,5,1,Judges 5:1,12,הַהוּא,,,,Jonathan,TARG
7,Judges,5,1,Judges 5:1,13,לְמֵימָר:,,,,Jonathan,TARG
7,Judges,5,2,Judges 5:2,1,כַּד,,,,Jonathan,TARG
7,Judges,5,2,Judges 5:2,2,מְרָדוּ,,,,Jonathan,TARG
7,Judges,5,2,Judges 5:2,3,בֵּית,,,,Jonathan,TARG
7,Judges,5,2,Judges 5:2,4,יִשְׂרָאֵל,,,,Jonathan,TARG
7,Judges,5,2,Judges 5:2,5,בְּאוֹרַיְתָא,,,,Jonathan,TARG
7,Judges,5,2,Judges 5:2,6,אֲתוֹ,,,,Jonathan,TARG
7,Judges,5,2,Judges 5:2,7,עֲלֵיהוֹן,,,,Jonathan,TARG
7,Judges,5,2,Judges 5:2,8,עַמְמַיָא,,,,Jonathan,TARG
7,Judges,5,2,Judges 5:2,9,וּטְרָדוּנוּן,,,,Jonathan,TARG
7,Judges,5,2,Judges 5:2,10,מִקְרְוֵיהוֹן,,,,Jonathan,TARG
7,Judges,5,2,Judges 5:2,11,וְכַד,,,,Jonathan,TARG
7,Judges,5,2,Judges 5:2,12,תָּבוּ,,,,Jonathan,TARG
7,Judges,5,2,Judges 5:2,13,לְמֶעְבַד,,,,Jonathan,TARG
7,Judges,5,2,Judges 5:2,14,אוֹרַיְתָא,,,,Jonathan,TARG
7,Judges,5,2,Judges 5:2,15,אִתְגַבָּרוּ,,,,Jonathan,TARG
7,Judges,5,2,Judges 5:2,16,אִנוּן,,,,Jonathan,TARG
7,Judges,5,2,Judges 5:2,17,עַל,,,,Jonathan,TARG
7,Judges,5,2,Judges 5:2,18,בַּעֲלֵי,,,,Jonathan,TARG
7,Judges,5,2,Judges 5:2,19,דְבָבֵיהוֹן,,,,Jonathan,TARG
7,Judges,5,2,Judges 5:2,20,וְסָרְכוּנוּן,,,,Jonathan,TARG
7,Judges,5,2,Judges 5:2,21,מִכָּל,,,,Jonathan,TARG
7,Judges,5,2,Judges 5:2,22,תְּחוּם,,,,Jonathan,TARG
7,Judges,5,2,Judges 5:2,23,אַרְעָא,,,,Jonathan,TARG
7,Judges,5,2,Judges 5:2,24,דְיִשְׂרָאֵל,,,,Jonathan,TARG
7,Judges,5,2,Judges 5:2,25,בְּכֵן,,,,Jonathan,TARG
7,Judges,5,2,Judges 5:2,26,עַל,,,,Jonathan,TARG
7,Judges,5,2,Judges 5:2,27,פּוּרְעָנוּת,,,,Jonathan,TARG
7,Judges,5,2,Judges 5:2,28,תְּבַר,,,,Jonathan,TARG
7,Judges,5,2,Judges 5:2,29,סִיסְרָא,,,,Jonathan,TARG
7,Judges,5,2,Judges 5:2,30,וְכָל,,,,Jonathan,TARG
7,Judges,5,2,Judges 5:2,31,מַשִׁרְיָתֵהּ,,,,Jonathan,TARG
7,Judges,5,2,Judges 5:2,32,וְעַל,,,,Jonathan,TARG
7,Judges,5,2,Judges 5:2,33,נִסָא,,,,Jonathan,TARG
7,Judges,5,2,Judges 5:2,34,וּפוּרְקָנָא,,,,Jonathan,TARG
7,Judges,5,2,Judges 5:2,35,דְאִתְעֲבֵיד,,,,Jonathan,TARG
7,Judges,5,2,Judges 5:2,36,לְהוֹן,,,,Jonathan,TARG
7,Judges,5,2,Judges 5:2,37,לְיִשְׂרָאֵל,,,,Jonathan,TARG
7,Judges,5,2,Judges 5:2,38,בְּכֵן,,,,Jonathan,TARG
7,Judges,5,2,Judges 5:2,39,תָּבוּ,,,,Jonathan,TARG
7,Judges,5,2,Judges 5:2,40,חַכִּימַיָא,,,,Jonathan,TARG
7,Judges,5,2,Judges 5:2,41,לְמֵתַב,,,,Jonathan,TARG
7,Judges,5,2,Judges 5:2,42,בְּבָתֵּי,,,,Jonathan,TARG
7,Judges,5,2,Judges 5:2,43,כְנִשְׁתָּא,,,,Jonathan,TARG
7,Judges,5,2,Judges 5:2,44,בְּרֵישׁ,,,,Jonathan,TARG
7,Judges,5,2,Judges 5:2,45,גְלֵי,,,,Jonathan,TARG
7,Judges,5,2,Judges 5:2,46,וּלְאַלְפָא,,,,Jonathan,TARG
7,Judges,5,2,Judges 5:2,47,יַת,,,,Jonathan,TARG
7,Judges,5,2,Judges 5:2,48,עַמָא,,,,Jonathan,TARG
7,Judges,5,2,Judges 5:2,49,פִּתְגָמֵי,,,,Jonathan,TARG
7,Judges,5,2,Judges 5:2,50,אוֹרַיְתָא,,,,Jonathan,TARG
7,Judges,5,2,Judges 5:2,51,בְּכֵן,,,,Jonathan,TARG
7,Judges,5,2,Judges 5:2,52,בָּרִיכוּ,,,,Jonathan,TARG
7,Judges,5,2,Judges 5:2,53,וְאוֹדוּ,,,,Jonathan,TARG
7,Judges,5,2,Judges 5:2,54,קֳדָם,,,,Jonathan,TARG
7,Judges,5,2,Judges 5:2,55,יְיָ:,,,,Jonathan,TARG
7,Judges,5,3,Judges 5:3,1,שְׁמָעוּ,,,,Jonathan,TARG
7,Judges,5,3,Judges 5:3,2,מַלְכַיָא,,,,Jonathan,TARG
7,Judges,5,3,Judges 5:3,3,דַאֲתוֹ,,,,Jonathan,TARG
7,Judges,5,3,Judges 5:3,4,עִם,,,,Jonathan,TARG
7,Judges,5,3,Judges 5:3,5,סִיסְרָא,,,,Jonathan,TARG
7,Judges,5,3,Judges 5:3,6,לִקְרָבָא,,,,Jonathan,TARG
7,Judges,5,3,Judges 5:3,7,אֲצִיתוּ,,,,Jonathan,TARG
7,Judges,5,3,Judges 5:3,8,שִׁלְטוֹנַיָא,,,,Jonathan,TARG
7,Judges,5,3,Judges 5:3,9,דַהֲווֹ,,,,Jonathan,TARG
7,Judges,5,3,Judges 5:3,10,עִם,,,,Jonathan,TARG
7,Judges,5,3,Judges 5:3,11,יָבִין,,,,Jonathan,TARG
7,Judges,5,3,Judges 5:3,12,מַלְכָּא,,,,Jonathan,TARG
7,Judges,5,3,Judges 5:3,13,דִכְנָעַן,,,,Jonathan,TARG
7,Judges,5,3,Judges 5:3,14,לָא,,,,Jonathan,TARG
7,Judges,5,3,Judges 5:3,15,בְּחֵילַתְכוֹן,,,,Jonathan,TARG
7,Judges,5,3,Judges 5:3,16,וְלָא,,,,Jonathan,TARG
7,Judges,5,3,Judges 5:3,17,בִּגְבוּרַתְכוֹן,,,,Jonathan,TARG
7,Judges,5,3,Judges 5:3,18,אִתְגַבַּרְתּוּן,,,,Jonathan,TARG
7,Judges,5,3,Judges 5:3,19,וּסְלֵקְתּוּן,,,,Jonathan,TARG
7,Judges,5,3,Judges 5:3,20,עַל,,,,Jonathan,TARG
7,Judges,5,3,Judges 5:3,21,דְבֵית,,,,Jonathan,TARG
7,Judges,5,3,Judges 5:3,22,יִשְׂרָאֵל,,,,Jonathan,TARG
7,Judges,5,3,Judges 5:3,23,אֲמַרַת,,,,Jonathan,TARG
7,Judges,5,3,Judges 5:3,24,דְבוֹרָה,,,,Jonathan,TARG
7,Judges,5,3,Judges 5:3,25,בִּנְבוּאָה,,,,Jonathan,TARG
7,Judges,5,3,Judges 5:3,26,קֳדָם,,,,Jonathan,TARG
7,Judges,5,3,Judges 5:3,27,יְיָ,,,,Jonathan,TARG
7,Judges,5,3,Judges 5:3,28,אֲנָא,,,,Jonathan,TARG
7,Judges,5,3,Judges 5:3,29,מְשַׁבְּחָא,,,,Jonathan,TARG
7,Judges,5,3,Judges 5:3,30,מוֹדָא,,,,Jonathan,TARG
7,Judges,5,3,Judges 5:3,31,וּמְבָרְכָא,,,,Jonathan,TARG
7,Judges,5,3,Judges 5:3,32,קֳדָם,,,,Jonathan,TARG
7,Judges,5,3,Judges 5:3,33,יְיָ,,,,Jonathan,TARG
7,Judges,5,3,Judges 5:3,34,אֱלָהָא,,,,Jonathan,TARG
7,Judges,5,3,Judges 5:3,35,דְיִשְׂרָאֵל:,,,,Jonathan,TARG
7,Judges,5,4,Judges 5:4,1,יְיָ,,,,Jonathan,TARG
7,Judges,5,4,Judges 5:4,2,אוֹרַיְתָךְ,,,,Jonathan,TARG
7,Judges,5,4,Judges 5:4,3,דִיהַבְתָּא,,,,Jonathan,TARG
7,Judges,5,4,Judges 5:4,4,לְיִשְׂרָאֵל,,,,Jonathan,TARG
7,Judges,5,4,Judges 5:4,5,כַּד,,,,Jonathan,TARG
7,Judges,5,4,Judges 5:4,6,עָבְרִין,,,,Jonathan,TARG
7,Judges,5,4,Judges 5:4,7,עֲלָהּ,,,,Jonathan,TARG
7,Judges,5,4,Judges 5:4,8,הֲוָה,,,,Jonathan,TARG
7,Judges,5,4,Judges 5:4,9,שַׁלְטִין,,,,Jonathan,TARG
7,Judges,5,4,Judges 5:4,10,בְּהוֹן,,,,Jonathan,TARG
7,Judges,5,4,Judges 5:4,11,עַמְמַיָא,,,,Jonathan,TARG
7,Judges,5,4,Judges 5:4,12,וְכַד,,,,Jonathan,TARG
7,Judges,5,4,Judges 5:4,13,תַּיְבִין,,,,Jonathan,TARG
7,Judges,5,4,Judges 5:4,14,לָהּ,,,,Jonathan,TARG
7,Judges,5,4,Judges 5:4,15,מִתְגַבְּרִין,,,,Jonathan,TARG
7,Judges,5,4,Judges 5:4,16,אִנוּן,,,,Jonathan,TARG
7,Judges,5,4,Judges 5:4,17,עַל,,,,Jonathan,TARG
7,Judges,5,4,Judges 5:4,18,בַּעֲלֵי,,,,Jonathan,TARG
7,Judges,5,4,Judges 5:4,19,דְבָבֵיהוֹן,,,,Jonathan,TARG
7,Judges,5,4,Judges 5:4,20,יְיָ,,,,Jonathan,TARG
7,Judges,5,4,Judges 5:4,21,בְּיוֹם,,,,Jonathan,TARG
7,Judges,5,4,Judges 5:4,22,אִתְגַלֵיתָךְ,,,,Jonathan,TARG
7,Judges,5,4,Judges 5:4,23,לְמִתְּנָהּ,,,,Jonathan,TARG
7,Judges,5,4,Judges 5:4,24,לְהוֹן,,,,Jonathan,TARG
7,Judges,5,4,Judges 5:4,25,מִשֵׂעִיר,,,,Jonathan,TARG
7,Judges,5,4,Judges 5:4,26,בְּהוֹן,,,,Jonathan,TARG
7,Judges,5,4,Judges 5:4,27,אִתְגַלֵיתָא,,,,Jonathan,TARG
7,Judges,5,4,Judges 5:4,28,בְּהוֹפָעוֹת,,,,Jonathan,TARG
7,Judges,5,4,Judges 5:4,29,יְקָרָךְ,,,,Jonathan,TARG
7,Judges,5,4,Judges 5:4,30,עַל,,,,Jonathan,TARG
7,Judges,5,4,Judges 5:4,31,תְּחוּמֵי,,,,Jonathan,TARG
7,Judges,5,4,Judges 5:4,32,אֱדוֹם,,,,Jonathan,TARG
7,Judges,5,4,Judges 5:4,33,אַרְעָא,,,,Jonathan,TARG
7,Judges,5,4,Judges 5:4,34,זָעַת,,,,Jonathan,TARG
7,Judges,5,4,Judges 5:4,35,אַף,,,,Jonathan,TARG
7,Judges,5,4,Judges 5:4,36,שְׁמַיָא,,,,Jonathan,TARG
7,Judges,5,4,Judges 5:4,37,מָכוּ,,,,Jonathan,TARG
7,Judges,5,4,Judges 5:4,38,אַף,,,,Jonathan,TARG
7,Judges,5,4,Judges 5:4,39,עֲנָנַיָא,,,,Jonathan,TARG
7,Judges,5,4,Judges 5:4,40,נְגִידוּ,,,,Jonathan,TARG
7,Judges,5,4,Judges 5:4,41,מִטְרָא:,,,,Jonathan,TARG
7,Judges,5,5,Judges 5:5,1,טוּרַיָא,,,,Jonathan,TARG
7,Judges,5,5,Judges 5:5,2,זָעוּ,,,,Jonathan,TARG
7,Judges,5,5,Judges 5:5,3,מִן,,,,Jonathan,TARG
7,Judges,5,5,Judges 5:5,4,קֳדָם,,,,Jonathan,TARG
7,Judges,5,5,Judges 5:5,5,יְיָ,,,,Jonathan,TARG
7,Judges,5,5,Judges 5:5,6,טוּרָא,,,,Jonathan,TARG
7,Judges,5,5,Judges 5:5,7,דְתָבוֹר,,,,Jonathan,TARG
7,Judges,5,5,Judges 5:5,8,טוּרָא,,,,Jonathan,TARG
7,Judges,5,5,Judges 5:5,9,דְחֶרְמוֹן,,,,Jonathan,TARG
7,Judges,5,5,Judges 5:5,10,וְטוּרָא,,,,Jonathan,TARG
7,Judges,5,5,Judges 5:5,11,דְכַרְמְלָא,,,,Jonathan,TARG
7,Judges,5,5,Judges 5:5,12,מִתְרַגְשִׁין,,,,Jonathan,TARG
7,Judges,5,5,Judges 5:5,13,דֵין,,,,Jonathan,TARG
7,Judges,5,5,Judges 5:5,14,עִם,,,,Jonathan,TARG
7,Judges,5,5,Judges 5:5,15,דֵין,,,,Jonathan,TARG
7,Judges,5,5,Judges 5:5,16,וְאָמְרִין,,,,Jonathan,TARG
7,Judges,5,5,Judges 5:5,17,דֵין,,,,Jonathan,TARG
7,Judges,5,5,Judges 5:5,18,לְדֵין,,,,Jonathan,TARG
7,Judges,5,5,Judges 5:5,19,דֵין,,,,Jonathan,TARG
7,Judges,5,5,Judges 5:5,20,אֲמַר,,,,Jonathan,TARG
7,Judges,5,5,Judges 5:5,21,עֲלַי,,,,Jonathan,TARG
7,Judges,5,5,Judges 5:5,22,תִּשְׁרֵי,,,,Jonathan,TARG
7,Judges,5,5,Judges 5:5,23,שְׁכִנְתֵּיהּ,,,,Jonathan,TARG
7,Judges,5,5,Judges 5:5,24,וְלִי,,,,Jonathan,TARG
7,Judges,5,5,Judges 5:5,25,חַזְיָא,,,,Jonathan,TARG
7,Judges,5,5,Judges 5:5,26,וְדִין,,,,Jonathan,TARG
7,Judges,5,5,Judges 5:5,27,לְדֵין,,,,Jonathan,TARG
7,Judges,5,5,Judges 5:5,28,אֲמַר,,,,Jonathan,TARG
7,Judges,5,5,Judges 5:5,29,עֲלַי,,,,Jonathan,TARG
7,Judges,5,5,Judges 5:5,30,תִּשְׁרֵי,,,,Jonathan,TARG
7,Judges,5,5,Judges 5:5,31,שְׁכִנְתֵּיהּ,,,,Jonathan,TARG
7,Judges,5,5,Judges 5:5,32,וְלִי,,,,Jonathan,TARG
7,Judges,5,5,Judges 5:5,33,חַזְיָא,,,,Jonathan,TARG
7,Judges,5,5,Judges 5:5,34,אַשְׁרֵי,,,,Jonathan,TARG
7,Judges,5,5,Judges 5:5,35,שְׁכִנְתֵּיהּ,,,,Jonathan,TARG
7,Judges,5,5,Judges 5:5,36,עַל,,,,Jonathan,TARG
7,Judges,5,5,Judges 5:5,37,טוּרָא,,,,Jonathan,TARG
7,Judges,5,5,Judges 5:5,38,דְסִינַי,,,,Jonathan,TARG
7,Judges,5,5,Judges 5:5,39,דְהוּא,,,,Jonathan,TARG
7,Judges,5,5,Judges 5:5,40,חֲלָשׁ,,,,Jonathan,TARG
7,Judges,5,5,Judges 5:5,41,וּזְעֵיר,,,,Jonathan,TARG
7,Judges,5,5,Judges 5:5,42,מִכָּל,,,,Jonathan,TARG
7,Judges,5,5,Judges 5:5,43,טוּרַיָא,,,,Jonathan,TARG
7,Judges,5,5,Judges 5:5,44,דֵין,,,,Jonathan,TARG
7,Judges,5,5,Judges 5:5,45,סִינַי,,,,Jonathan,TARG
7,Judges,5,5,Judges 5:5,46,מִתְרְגִיף,,,,Jonathan,TARG
7,Judges,5,5,Judges 5:5,47,וּמִתְרְגִישׁ,,,,Jonathan,TARG
7,Judges,5,5,Judges 5:5,48,וְסָלִיק,,,,Jonathan,TARG
7,Judges,5,5,Judges 5:5,49,תְּנָנֵיהּ,,,,Jonathan,TARG
7,Judges,5,5,Judges 5:5,50,כִּתְנָנָא,,,,Jonathan,TARG
7,Judges,5,5,Judges 5:5,51,דְאַתּוּנָא,,,,Jonathan,TARG
7,Judges,5,5,Judges 5:5,52,מִן,,,,Jonathan,TARG
7,Judges,5,5,Judges 5:5,53,קֳדָם,,,,Jonathan,TARG
7,Judges,5,5,Judges 5:5,54,דְאִתְגְלֵי,,,,Jonathan,TARG
7,Judges,5,5,Judges 5:5,55,עַלוֹהִי,,,,Jonathan,TARG
7,Judges,5,5,Judges 5:5,56,יְקָרָא,,,,Jonathan,TARG
7,Judges,5,5,Judges 5:5,57,דַייָ,,,,Jonathan,TARG
7,Judges,5,5,Judges 5:5,58,אֱלָהָא,,,,Jonathan,TARG
7,Judges,5,5,Judges 5:5,59,דְיִשְׂרָאֵל:,,,,Jonathan,TARG
7,Judges,5,6,Judges 5:6,1,כַּד,,,,Jonathan,TARG
7,Judges,5,6,Judges 5:6,2,חָבוּ,,,,Jonathan,TARG
7,Judges,5,6,Judges 5:6,3,בְּיוֹמֵי,,,,Jonathan,TARG
7,Judges,5,6,Judges 5:6,4,שַׁמְגַר,,,,Jonathan,TARG
7,Judges,5,6,Judges 5:6,5,בַּר,,,,Jonathan,TARG
7,Judges,5,6,Judges 5:6,6,עֲנָת,,,,Jonathan,TARG
7,Judges,5,6,Judges 5:6,7,בְּיוֹמֵי,,,,Jonathan,TARG
7,Judges,5,6,Judges 5:6,8,יָעֵל,,,,Jonathan,TARG
7,Judges,5,6,Judges 5:6,9,פְּסַקוּ,,,,Jonathan,TARG
7,Judges,5,6,Judges 5:6,10,עָדֵי,,,,Jonathan,TARG
7,Judges,5,6,Judges 5:6,11,אוֹרְחָן,,,,Jonathan,TARG
7,Judges,5,6,Judges 5:6,12,דַהֲווֹן,,,,Jonathan,TARG
7,Judges,5,6,Judges 5:6,13,מְהַלְכִין,,,,Jonathan,TARG
7,Judges,5,6,Judges 5:6,14,בִּשְׁבִילִין,,,,Jonathan,TARG
7,Judges,5,6,Judges 5:6,15,דְתַקְנִין,,,,Jonathan,TARG
7,Judges,5,6,Judges 5:6,16,תָּבוּ,,,,Jonathan,TARG
7,Judges,5,6,Judges 5:6,17,לְמֶהֱוֵי,,,,Jonathan,TARG
7,Judges,5,6,Judges 5:6,18,אָזְלִין,,,,Jonathan,TARG
7,Judges,5,6,Judges 5:6,19,בְּאוֹרְחָן,,,,Jonathan,TARG
7,Judges,5,6,Judges 5:6,20,מְגַנְבָן:,,,,Jonathan,TARG
7,Judges,5,7,Judges 5:7,1,חֲרוֹבָא,,,,Jonathan,TARG
7,Judges,5,7,Judges 5:7,2,קִרְוֵי,,,,Jonathan,TARG
7,Judges,5,7,Judges 5:7,3,פַצְחַיָא,,,,Jonathan,TARG
7,Judges,5,7,Judges 5:7,4,דַהֲווֹ,,,,Jonathan,TARG
7,Judges,5,7,Judges 5:7,5,יַתְבִין,,,,Jonathan,TARG
7,Judges,5,7,Judges 5:7,6,בְּאַרְעָא,,,,Jonathan,TARG
7,Judges,5,7,Judges 5:7,7,דְיִשְׂרָאֵל,,,,Jonathan,TARG
7,Judges,5,7,Judges 5:7,8,אִצְטְדִיאָה,,,,Jonathan,TARG
7,Judges,5,7,Judges 5:7,9,וְאִטַלְטַלוּ,,,,Jonathan,TARG
7,Judges,5,7,Judges 5:7,10,דַיָרֵיהוֹן,,,,Jonathan,TARG
7,Judges,5,7,Judges 5:7,11,עַד,,,,Jonathan,TARG
7,Judges,5,7,Judges 5:7,12,דְאִשְׁתַּלְחֵית,,,,Jonathan,TARG
7,Judges,5,7,Judges 5:7,13,אֲנָא,,,,Jonathan,TARG
7,Judges,5,7,Judges 5:7,14,דְבוֹרָה,,,,Jonathan,TARG
7,Judges,5,7,Judges 5:7,15,אִשְׁתַּלְחֵית,,,,Jonathan,TARG
7,Judges,5,7,Judges 5:7,16,לְהִתְנַבָּאָה,,,,Jonathan,TARG
7,Judges,5,7,Judges 5:7,17,עַל,,,,Jonathan,TARG
7,Judges,5,7,Judges 5:7,18,דְבֵית,,,,Jonathan,TARG
7,Judges,5,7,Judges 5:7,19,יִשְׂרָאֵל:,,,,Jonathan,TARG
7,Judges,5,8,Judges 5:8,1,כַּד,,,,Jonathan,TARG
7,Judges,5,8,Judges 5:8,2,אִתְרְעִיאוּ,,,,Jonathan,TARG
7,Judges,5,8,Judges 5:8,3,בְנֵי,,,,Jonathan,TARG
7,Judges,5,8,Judges 5:8,4,יִשְׂרָאֵל,,,,Jonathan,TARG
7,Judges,5,8,Judges 5:8,5,לְמִפְלַח,,,,Jonathan,TARG
7,Judges,5,8,Judges 5:8,6,לְטַעֲוָתָא,,,,Jonathan,TARG
7,Judges,5,8,Judges 5:8,7,חֲדַתָּן,,,,Jonathan,TARG
7,Judges,5,8,Judges 5:8,8,דְמִקָרֵב,,,,Jonathan,TARG
7,Judges,5,8,Judges 5:8,9,אִתְעֲבִידָא,,,,Jonathan,TARG
7,Judges,5,8,Judges 5:8,10,דְלָא,,,,Jonathan,TARG
7,Judges,5,8,Judges 5:8,11,אִיתְעַסְקוּ,,,,Jonathan,TARG
7,Judges,5,8,Judges 5:8,12,בְהוֹן,,,,Jonathan,TARG
7,Judges,5,8,Judges 5:8,13,אֲבָהַתְהוֹן,,,,Jonathan,TARG
7,Judges,5,8,Judges 5:8,14,אֲתוּ,,,,Jonathan,TARG
7,Judges,5,8,Judges 5:8,15,עֲלֵיהוֹן,,,,Jonathan,TARG
7,Judges,5,8,Judges 5:8,16,עַמְמַיָא,,,,Jonathan,TARG
7,Judges,5,8,Judges 5:8,17,וּטְרָדוּנוּן,,,,Jonathan,TARG
7,Judges,5,8,Judges 5:8,18,מִקִרְוֵיהוֹן,,,,Jonathan,TARG
7,Judges,5,8,Judges 5:8,19,וְכַד,,,,Jonathan,TARG
7,Judges,5,8,Judges 5:8,20,תָּבוּ,,,,Jonathan,TARG
7,Judges,5,8,Judges 5:8,21,לְמֶעְבַּד,,,,Jonathan,TARG
7,Judges,5,8,Judges 5:8,22,אוֹרַיְתָא,,,,Jonathan,TARG
7,Judges,5,8,Judges 5:8,23,לָא,,,,Jonathan,TARG
7,Judges,5,8,Judges 5:8,24,יְכִילוּ,,,,Jonathan,TARG
7,Judges,5,8,Judges 5:8,25,לְהוֹן,,,,Jonathan,TARG
7,Judges,5,8,Judges 5:8,26,עַד,,,,Jonathan,TARG
7,Judges,5,8,Judges 5:8,27,דְאִתְגַבְּרוּ,,,,Jonathan,TARG
7,Judges,5,8,Judges 5:8,28,וּסְלִיק,,,,Jonathan,TARG
7,Judges,5,8,Judges 5:8,29,עֲלֵיהוֹן,,,,Jonathan,TARG
7,Judges,5,8,Judges 5:8,30,סִיסְרָא,,,,Jonathan,TARG
7,Judges,5,8,Judges 5:8,31,סַנְאָה,,,,Jonathan,TARG
7,Judges,5,8,Judges 5:8,32,וּמְעִיקָא,,,,Jonathan,TARG
7,Judges,5,8,Judges 5:8,33,בְּאַרְבְּעִין,,,,Jonathan,TARG
7,Judges,5,8,Judges 5:8,34,אַלְפִין,,,,Jonathan,TARG
7,Judges,5,8,Judges 5:8,35,רֵישֵׁי,,,,Jonathan,TARG
7,Judges,5,8,Judges 5:8,36,מַשִׁרְיָן,,,,Jonathan,TARG
7,Judges,5,8,Judges 5:8,37,בְּחַמְשִׁין,,,,Jonathan,TARG
7,Judges,5,8,Judges 5:8,38,אַלְפִין,,,,Jonathan,TARG
7,Judges,5,8,Judges 5:8,39,אַחֲדֵי,,,,Jonathan,TARG
7,Judges,5,8,Judges 5:8,40,סַיְפִין,,,,Jonathan,TARG
7,Judges,5,8,Judges 5:8,41,בְּשִׁתִּין,,,,Jonathan,TARG
7,Judges,5,8,Judges 5:8,42,אַלְפִין,,,,Jonathan,TARG
7,Judges,5,8,Judges 5:8,43,אַחֲדֵי,,,,Jonathan,TARG
7,Judges,5,8,Judges 5:8,44,רוֹמְחִין,,,,Jonathan,TARG
7,Judges,5,8,Judges 5:8,45,בְּשִׁבְעִין,,,,Jonathan,TARG
7,Judges,5,8,Judges 5:8,46,אַלְפִין,,,,Jonathan,TARG
7,Judges,5,8,Judges 5:8,47,אַחֲדֵי,,,,Jonathan,TARG
7,Judges,5,8,Judges 5:8,48,תְּרֵיסִין,,,,Jonathan,TARG
7,Judges,5,8,Judges 5:8,49,בִּתְמָנָן,,,,Jonathan,TARG
7,Judges,5,8,Judges 5:8,50,אַלְפִין,,,,Jonathan,TARG
7,Judges,5,8,Judges 5:8,51,מְחַצְצֵי,,,,Jonathan,TARG
7,Judges,5,8,Judges 5:8,52,גִירַיָא,,,,Jonathan,TARG
7,Judges,5,8,Judges 5:8,53,בַּר,,,,Jonathan,TARG
7,Judges,5,8,Judges 5:8,54,מִתְּשַׁע,,,,Jonathan,TARG
7,Judges,5,8,Judges 5:8,55,מְאָה,,,,Jonathan,TARG
7,Judges,5,8,Judges 5:8,56,רְתִיכִין,,,,Jonathan,TARG
7,Judges,5,8,Judges 5:8,57,דְבַרְזְלָא,,,,Jonathan,TARG
7,Judges,5,8,Judges 5:8,58,דַהֲווֹ,,,,Jonathan,TARG
7,Judges,5,8,Judges 5:8,59,עִמֵיהּ,,,,Jonathan,TARG
7,Judges,5,8,Judges 5:8,60,וּרְתִיכוֹהִי,,,,Jonathan,TARG
7,Judges,5,8,Judges 5:8,61,כָּל,,,,Jonathan,TARG
7,Judges,5,8,Judges 5:8,62,אִלֵין,,,,Jonathan,TARG
7,Judges,5,8,Judges 5:8,63,אַלְפַּיָא,,,,Jonathan,TARG
7,Judges,5,8,Judges 5:8,64,וְכָל,,,,Jonathan,TARG
7,Judges,5,8,Judges 5:8,65,אִלֵין,,,,Jonathan,TARG
7,Judges,5,8,Judges 5:8,66,מַשִׁרְיָתָא,,,,Jonathan,TARG
7,Judges,5,8,Judges 5:8,67,לָא,,,,Jonathan,TARG
7,Judges,5,8,Judges 5:8,68,יָכִילוּ,,,,Jonathan,TARG
7,Judges,5,8,Judges 5:8,69,לְמֵיקַם,,,,Jonathan,TARG
7,Judges,5,8,Judges 5:8,70,קֳדָם,,,,Jonathan,TARG
7,Judges,5,8,Judges 5:8,71,בָרָק,,,,Jonathan,TARG
7,Judges,5,8,Judges 5:8,72,וְקָדָם,,,,Jonathan,TARG
7,Judges,5,8,Judges 5:8,73,עַשְׂרָא,,,,Jonathan,TARG
7,Judges,5,8,Judges 5:8,74,אַלְפִין,,,,Jonathan,TARG
7,Judges,5,8,Judges 5:8,75,גַבְרָא,,,,Jonathan,TARG
7,Judges,5,8,Judges 5:8,76,דְעִמֵיהּ:,,,,Jonathan,TARG
7,Judges,5,9,Judges 5:9,1,אֲמַרַת,,,,Jonathan,TARG
7,Judges,5,9,Judges 5:9,2,דְבוֹרָה,,,,Jonathan,TARG
7,Judges,5,9,Judges 5:9,3,בִּנְבוּאָה,,,,Jonathan,TARG
7,Judges,5,9,Judges 5:9,4,אֲנָא,,,,Jonathan,TARG
7,Judges,5,9,Judges 5:9,5,שְׁלִיחָא,,,,Jonathan,TARG
7,Judges,5,9,Judges 5:9,6,לְשַׁבָּחָא,,,,Jonathan,TARG
7,Judges,5,9,Judges 5:9,7,לְסַפְרֵי,,,,Jonathan,TARG
7,Judges,5,9,Judges 5:9,8,יִשְׂרָאֵל,,,,Jonathan,TARG
7,Judges,5,9,Judges 5:9,9,דְכַד,,,,Jonathan,TARG
7,Judges,5,9,Judges 5:9,10,הֲוַת,,,,Jonathan,TARG
7,Judges,5,9,Judges 5:9,11,עַקְתָא,,,,Jonathan,TARG
7,Judges,5,9,Judges 5:9,12,הַהִיא,,,,Jonathan,TARG
7,Judges,5,9,Judges 5:9,13,לָא,,,,Jonathan,TARG
7,Judges,5,9,Judges 5:9,14,פְּסָקוּ,,,,Jonathan,TARG
7,Judges,5,9,Judges 5:9,15,מִלְמִדְרַשׁ,,,,Jonathan,TARG
7,Judges,5,9,Judges 5:9,16,בְּאוֹרַיְתָא,,,,Jonathan,TARG
7,Judges,5,9,Judges 5:9,17,וּכְדוּ,,,,Jonathan,TARG
7,Judges,5,9,Judges 5:9,18,יָאֵי,,,,Jonathan,TARG
7,Judges,5,9,Judges 5:9,19,לְהוֹן,,,,Jonathan,TARG
7,Judges,5,9,Judges 5:9,20,דְיַתְבִין,,,,Jonathan,TARG
7,Judges,5,9,Judges 5:9,21,בְּבָתֵּי,,,,Jonathan,TARG
7,Judges,5,9,Judges 5:9,22,כְנִשְׁתָּא,,,,Jonathan,TARG
7,Judges,5,9,Judges 5:9,23,בְּרֵישׁ,,,,Jonathan,TARG
7,Judges,5,9,Judges 5:9,24,גְלֵי,,,,Jonathan,TARG
7,Judges,5,9,Judges 5:9,25,וּמְאַלְפִין,,,,Jonathan,TARG
7,Judges,5,9,Judges 5:9,26,יַת,,,,Jonathan,TARG
7,Judges,5,9,Judges 5:9,27,עַמָא,,,,Jonathan,TARG
7,Judges,5,9,Judges 5:9,28,פִּתְגָמֵי,,,,Jonathan,TARG
7,Judges,5,9,Judges 5:9,29,אוֹרַיְתָא,,,,Jonathan,TARG
7,Judges,5,9,Judges 5:9,30,וּמְבָרְכִין,,,,Jonathan,TARG
7,Judges,5,9,Judges 5:9,31,וּמוֹדִין,,,,Jonathan,TARG
7,Judges,5,9,Judges 5:9,32,קֳדָם,,,,Jonathan,TARG
7,Judges,5,9,Judges 5:9,33,יְיָ:,,,,Jonathan,TARG
7,Judges,5,10,Judges 5:10,1,דַהֲווֹ,,,,Jonathan,TARG
7,Judges,5,10,Judges 5:10,2,מְבַטְלִין,,,,Jonathan,TARG
7,Judges,5,10,Judges 5:10,3,עִסְקֵיהוֹן,,,,Jonathan,TARG
7,Judges,5,10,Judges 5:10,4,רְכִיבִין,,,,Jonathan,TARG
7,Judges,5,10,Judges 5:10,5,עַל,,,,Jonathan,TARG
7,Judges,5,10,Judges 5:10,6,אַתְנָן,,,,Jonathan,TARG
7,Judges,5,10,Judges 5:10,7,דַחֲשִׁיקָן,,,,Jonathan,TARG
7,Judges,5,10,Judges 5:10,8,בְּכָל,,,,Jonathan,TARG
7,Judges,5,10,Judges 5:10,9,מִינֵי,,,,Jonathan,TARG
7,Judges,5,10,Judges 5:10,10,צִיוּרִין,,,,Jonathan,TARG
7,Judges,5,10,Judges 5:10,11,וּמְהַלְכִין,,,,Jonathan,TARG
7,Judges,5,10,Judges 5:10,12,בְּכָל,,,,Jonathan,TARG
7,Judges,5,10,Judges 5:10,13,תְּחוּם,,,,Jonathan,TARG
7,Judges,5,10,Judges 5:10,14,אַרְעָא,,,,Jonathan,TARG
7,Judges,5,10,Judges 5:10,15,דְיִשְׂרָאֵל,,,,Jonathan,TARG
7,Judges,5,10,Judges 5:10,16,וּמִתְחַבְּרִין,,,,Jonathan,TARG
7,Judges,5,10,Judges 5:10,17,לְמִתַּב,,,,Jonathan,TARG
7,Judges,5,10,Judges 5:10,18,עַל,,,,Jonathan,TARG
7,Judges,5,10,Judges 5:10,19,דִינָא,,,,Jonathan,TARG
7,Judges,5,10,Judges 5:10,20,דַהֲווֹ,,,,Jonathan,TARG
7,Judges,5,10,Judges 5:10,21,אָזְלִין,,,,Jonathan,TARG
7,Judges,5,10,Judges 5:10,22,בְּאוֹרְחַתְהוֹן,,,,Jonathan,TARG
7,Judges,5,10,Judges 5:10,23,וּמִשְׁתָּעִין,,,,Jonathan,TARG
7,Judges,5,10,Judges 5:10,24,עַל,,,,Jonathan,TARG
7,Judges,5,10,Judges 5:10,25,גְבוּרָן,,,,Jonathan,TARG
7,Judges,5,10,Judges 5:10,26,דְאִתְעֲבִידָא,,,,Jonathan,TARG
7,Judges,5,10,Judges 5:10,27,לְהוֹן,,,,Jonathan,TARG
7,Judges,5,10,Judges 5:10,28,בְּאַרְעָא,,,,Jonathan,TARG
7,Judges,5,10,Judges 5:10,29,דְיִשְׂרָאֵל:,,,,Jonathan,TARG
7,Judges,5,11,Judges 5:11,1,מַאֲתַר,,,,Jonathan,TARG
7,Judges,5,11,Judges 5:11,2,דַהֲווֹ,,,,Jonathan,TARG
7,Judges,5,11,Judges 5:11,3,אָנְסִין,,,,Jonathan,TARG
7,Judges,5,11,Judges 5:11,4,לְהוֹן,,,,Jonathan,TARG
7,Judges,5,11,Judges 5:11,5,וְנַסְבִּין,,,,Jonathan,TARG
7,Judges,5,11,Judges 5:11,6,מַה,,,,Jonathan,TARG
7,Judges,5,11,Judges 5:11,7,דְבִידֵיהוֹן,,,,Jonathan,TARG
7,Judges,5,11,Judges 5:11,8,בֵּית,,,,Jonathan,TARG
7,Judges,5,11,Judges 5:11,9,מְכוּנַת,,,,Jonathan,TARG
7,Judges,5,11,Judges 5:11,10,לִסְטִין,,,,Jonathan,TARG
7,Judges,5,11,Judges 5:11,11,וּמְתוּבַת,,,,Jonathan,TARG
7,Judges,5,11,Judges 5:11,12,מוּכְסִין,,,,Jonathan,TARG
7,Judges,5,11,Judges 5:11,13,עַל,,,,Jonathan,TARG
7,Judges,5,11,Judges 5:11,14,גוּבִין,,,,Jonathan,TARG
7,Judges,5,11,Judges 5:11,15,בֵּית,,,,Jonathan,TARG
7,Judges,5,11,Judges 5:11,16,שַׁקְיָא,,,,Jonathan,TARG
7,Judges,5,11,Judges 5:11,17,דְמַיָא,,,,Jonathan,TARG
7,Judges,5,11,Judges 5:11,18,לַאֲתַר,,,,Jonathan,TARG
7,Judges,5,11,Judges 5:11,19,דַהֲוָאָה,,,,Jonathan,TARG
7,Judges,5,11,Judges 5:11,20,נַפְקָן,,,,Jonathan,TARG
7,Judges,5,11,Judges 5:11,21,בְּנָתָא,,,,Jonathan,TARG
7,Judges,5,11,Judges 5:11,22,דְיִשְׂרָאֵל,,,,Jonathan,TARG
7,Judges,5,11,Judges 5:11,23,לְמִמְלֵי,,,,Jonathan,TARG
7,Judges,5,11,Judges 5:11,24,מַיָא,,,,Jonathan,TARG
7,Judges,5,11,Judges 5:11,25,דְלָא,,,,Jonathan,TARG
7,Judges,5,11,Judges 5:11,26,הֲוָאָה,,,,Jonathan,TARG
7,Judges,5,11,Judges 5:11,27,יָכְלִין,,,,Jonathan,TARG
7,Judges,5,11,Judges 5:11,28,לְאַשְׁמָעָא,,,,Jonathan,TARG
7,Judges,5,11,Judges 5:11,29,קַל,,,,Jonathan,TARG
7,Judges,5,11,Judges 5:11,30,טַרְפַת,,,,Jonathan,TARG
7,Judges,5,11,Judges 5:11,31,פַּרְסַת,,,,Jonathan,TARG
7,Judges,5,11,Judges 5:11,32,רַגְלֵיהוֹן,,,,Jonathan,TARG
7,Judges,5,11,Judges 5:11,33,מִן,,,,Jonathan,TARG
7,Judges,5,11,Judges 5:11,34,קֳדָם,,,,Jonathan,TARG
7,Judges,5,11,Judges 5:11,35,סַנְאָה,,,,Jonathan,TARG
7,Judges,5,11,Judges 5:11,36,וּמְעִיקָא,,,,Jonathan,TARG
7,Judges,5,11,Judges 5:11,37,תַּמָן,,,,Jonathan,TARG
7,Judges,5,11,Judges 5:11,38,יוֹדוּן,,,,Jonathan,TARG
7,Judges,5,11,Judges 5:11,39,וְעַל,,,,Jonathan,TARG
7,Judges,5,11,Judges 5:11,40,זַכְוָתֵיהּ,,,,Jonathan,TARG
7,Judges,5,11,Judges 5:11,41,דַייָ,,,,Jonathan,TARG
7,Judges,5,11,Judges 5:11,42,וְעַל,,,,Jonathan,TARG
7,Judges,5,11,Judges 5:11,43,זַכְוָתֵיה,,,,Jonathan,TARG
7,Judges,5,11,Judges 5:11,44,דְיָתֵב,,,,Jonathan,TARG
7,Judges,5,11,Judges 5:11,45,קִרְוֵי,,,,Jonathan,TARG
7,Judges,5,11,Judges 5:11,46,פַּצְחַיָא,,,,Jonathan,TARG
7,Judges,5,11,Judges 5:11,47,בְּאַרְעָא,,,,Jonathan,TARG
7,Judges,5,11,Judges 5:11,48,דְיִשְׂרָאֵל,,,,Jonathan,TARG
7,Judges,5,11,Judges 5:11,49,בְּכֵן,,,,Jonathan,TARG
7,Judges,5,11,Judges 5:11,50,נְחָתוּ,,,,Jonathan,TARG
7,Judges,5,11,Judges 5:11,51,מִכְּרַכֵּי,,,,Jonathan,TARG
7,Judges,5,11,Judges 5:11,52,תוּקְפָא,,,,Jonathan,TARG
7,Judges,5,11,Judges 5:11,53,לְמִתַּב,,,,Jonathan,TARG
7,Judges,5,11,Judges 5:11,54,בְּקִרְוֵי,,,,Jonathan,TARG
7,Judges,5,11,Judges 5:11,55,פַּצְחַיָא,,,,Jonathan,TARG
7,Judges,5,11,Judges 5:11,56,עַמֵיהּ,,,,Jonathan,TARG
7,Judges,5,11,Judges 5:11,57,דַיָי:,,,,Jonathan,TARG
7,Judges,5,12,Judges 5:12,1,שַׁבָּחִי,,,,Jonathan,TARG
7,Judges,5,12,Judges 5:12,2,שַׁבָּחִי,,,,Jonathan,TARG
7,Judges,5,12,Judges 5:12,3,דְבוֹרָה,,,,Jonathan,TARG
7,Judges,5,12,Judges 5:12,4,שַׁבָּחִי,,,,Jonathan,TARG
7,Judges,5,12,Judges 5:12,5,וְאוֹדִי,,,,Jonathan,TARG
7,Judges,5,12,Judges 5:12,6,מַלִילִי,,,,Jonathan,TARG
7,Judges,5,12,Judges 5:12,7,תּוּשְׁבְּחָא,,,,Jonathan,TARG
7,Judges,5,12,Judges 5:12,8,קוּם,,,,Jonathan,TARG
7,Judges,5,12,Judges 5:12,9,בָּרָק,,,,Jonathan,TARG
7,Judges,5,12,Judges 5:12,10,וּשְׁבִי,,,,Jonathan,TARG
7,Judges,5,12,Judges 5:12,11,שִׁבְיָךְ,,,,Jonathan,TARG
7,Judges,5,12,Judges 5:12,12,בַּר,,,,Jonathan,TARG
7,Judges,5,12,Judges 5:12,13,אֲבִינוֹעַם:,,,,Jonathan,TARG
7,Judges,5,13,Judges 5:13,1,בְּכֵן,,,,Jonathan,TARG
7,Judges,5,13,Judges 5:13,2,נְחַת,,,,Jonathan,TARG
7,Judges,5,13,Judges 5:13,3,חַד,,,,Jonathan,TARG
7,Judges,5,13,Judges 5:13,4,מִמַשְׁרִיַת,,,,Jonathan,TARG
7,Judges,5,13,Judges 5:13,5,יִשְׂרָאֵל,,,,Jonathan,TARG
7,Judges,5,13,Judges 5:13,6,וְתַבַּר,,,,Jonathan,TARG
7,Judges,5,13,Judges 5:13,7,תְּקוֹף,,,,Jonathan,TARG
7,Judges,5,13,Judges 5:13,8,גִבָּרֵי,,,,Jonathan,TARG
7,Judges,5,13,Judges 5:13,9,עַמְמַיָא,,,,Jonathan,TARG
7,Judges,5,13,Judges 5:13,10,הָא,,,,Jonathan,TARG
7,Judges,5,13,Judges 5:13,11,לָא,,,,Jonathan,TARG
7,Judges,5,13,Judges 5:13,12,מִגְבוּרָא,,,,Jonathan,TARG
7,Judges,5,13,Judges 5:13,13,דִדְהוֹן,,,,Jonathan,TARG
7,Judges,5,13,Judges 5:13,14,הֲוַת,,,,Jonathan,TARG
7,Judges,5,13,Judges 5:13,15,דָא,,,,Jonathan,TARG
7,Judges,5,13,Judges 5:13,16,אֱלָהֵן,,,,Jonathan,TARG
7,Judges,5,13,Judges 5:13,17,יְיָ,,,,Jonathan,TARG
7,Judges,5,13,Judges 5:13,18,תְּבַר,,,,Jonathan,TARG
7,Judges,5,13,Judges 5:13,19,קֳדָם,,,,Jonathan,TARG
7,Judges,5,13,Judges 5:13,20,עַמֵיהּ,,,,Jonathan,TARG
7,Judges,5,13,Judges 5:13,21,תְּקוֹף,,,,Jonathan,TARG
7,Judges,5,13,Judges 5:13,22,גִבָּרֵי,,,,Jonathan,TARG
7,Judges,5,13,Judges 5:13,23,סַנְאֵיהוֹן:,,,,Jonathan,TARG
7,Judges,5,14,Judges 5:14,1,מִדְבֵית,,,,Jonathan,TARG
7,Judges,5,14,Judges 5:14,2,אֶפְרַיִם,,,,Jonathan,TARG
7,Judges,5,14,Judges 5:14,3,קָם,,,,Jonathan,TARG
7,Judges,5,14,Judges 5:14,4,יְהוֹשֻׁעַ,,,,Jonathan,TARG
7,Judges,5,14,Judges 5:14,5,בַּר,,,,Jonathan,TARG
7,Judges,5,14,Judges 5:14,6,נוּן,,,,Jonathan,TARG
7,Judges,5,14,Judges 5:14,7,בְּקַדְמֵיתָא,,,,Jonathan,TARG
7,Judges,5,14,Judges 5:14,8,אַגִיחַ,,,,Jonathan,TARG
7,Judges,5,14,Judges 5:14,9,קְרָבָא,,,,Jonathan,TARG
7,Judges,5,14,Judges 5:14,10,בִּדְבֵית,,,,Jonathan,TARG
7,Judges,5,14,Judges 5:14,11,עֲמָלֵק,,,,Jonathan,TARG
7,Judges,5,14,Judges 5:14,12,בַּתְרוֹהִי,,,,Jonathan,TARG
7,Judges,5,14,Judges 5:14,13,קָם,,,,Jonathan,TARG
7,Judges,5,14,Judges 5:14,14,מַלְכָּא,,,,Jonathan,TARG
7,Judges,5,14,Judges 5:14,15,שָׁאוּל,,,,Jonathan,TARG
7,Judges,5,14,Judges 5:14,16,מִדְבֵית,,,,Jonathan,TARG
7,Judges,5,14,Judges 5:14,17,בִּנְיָמִין,,,,Jonathan,TARG
7,Judges,5,14,Judges 5:14,18,וְקַטֵל,,,,Jonathan,TARG
7,Judges,5,14,Judges 5:14,19,יַת,,,,Jonathan,TARG
7,Judges,5,14,Judges 5:14,20,דְבֵית,,,,Jonathan,TARG
7,Judges,5,14,Judges 5:14,21,עֲמָלֵק,,,,Jonathan,TARG
7,Judges,5,14,Judges 5:14,22,וְאַגִיחַ,,,,Jonathan,TARG
7,Judges,5,14,Judges 5:14,23,קְרָבָא,,,,Jonathan,TARG
7,Judges,5,14,Judges 5:14,24,בִּשְׁאַר,,,,Jonathan,TARG
7,Judges,5,14,Judges 5:14,25,עַמְמַיָא,,,,Jonathan,TARG
7,Judges,5,14,Judges 5:14,26,מִדְבֵית,,,,Jonathan,TARG
7,Judges,5,14,Judges 5:14,27,מָכִיר,,,,Jonathan,TARG
7,Judges,5,14,Judges 5:14,28,נַחֲתוּ,,,,Jonathan,TARG
7,Judges,5,14,Judges 5:14,29,כַּד,,,,Jonathan,TARG
7,Judges,5,14,Judges 5:14,30,מְרַשְׁמִין,,,,Jonathan,TARG
7,Judges,5,14,Judges 5:14,31,בִּקְרָבָא,,,,Jonathan,TARG
7,Judges,5,14,Judges 5:14,32,מִשִׁבְטָא,,,,Jonathan,TARG
7,Judges,5,14,Judges 5:14,33,זְבוּלֻן,,,,Jonathan,TARG
7,Judges,5,14,Judges 5:14,34,כַּתְבִין,,,,Jonathan,TARG
7,Judges,5,14,Judges 5:14,35,בְּקוֹלְמוֹס,,,,Jonathan,TARG
7,Judges,5,14,Judges 5:14,36,דְסֵפֶר,,,,Jonathan,TARG
7,Judges,5,14,Judges 5:14,37,חָד:,,,,Jonathan,TARG
7,Judges,5,15,Judges 5:15,1,וְרַבְרְבֵי,,,,Jonathan,TARG
7,Judges,5,15,Judges 5:15,2,יִשָׂשכָר,,,,Jonathan,TARG
7,Judges,5,15,Judges 5:15,3,מִשְׁתַּמְעִין,,,,Jonathan,TARG
7,Judges,5,15,Judges 5:15,4,לְמִילֵי,,,,Jonathan,TARG
7,Judges,5,15,Judges 5:15,5,דְבוֹרָה,,,,Jonathan,TARG
7,Judges,5,15,Judges 5:15,6,וּשְׁאַר,,,,Jonathan,TARG
7,Judges,5,15,Judges 5:15,7,שִׁבְטָא,,,,Jonathan,TARG
7,Judges,5,15,Judges 5:15,8,דְיִשָׂשכָר,,,,Jonathan,TARG
7,Judges,5,15,Judges 5:15,9,מְשַׁמְשִׁין,,,,Jonathan,TARG
7,Judges,5,15,Judges 5:15,10,קֳדָם,,,,Jonathan,TARG
7,Judges,5,15,Judges 5:15,11,בָּרָק,,,,Jonathan,TARG
7,Judges,5,15,Judges 5:15,12,מִשְׁתַּלְחִין,,,,Jonathan,TARG
7,Judges,5,15,Judges 5:15,13,בְּקִרְוֵי,,,,Jonathan,TARG
7,Judges,5,15,Judges 5:15,14,מַשְׁרָא,,,,Jonathan,TARG
7,Judges,5,15,Judges 5:15,15,לְכָל,,,,Jonathan,TARG
7,Judges,5,15,Judges 5:15,16,אֲתַר,,,,Jonathan,TARG
7,Judges,5,15,Judges 5:15,17,דְצָרִיךְ,,,,Jonathan,TARG
7,Judges,5,15,Judges 5:15,18,לְתַּמָן,,,,Jonathan,TARG
7,Judges,5,15,Judges 5:15,19,בְּתוּשְׁלַחְתֵּיה,,,,Jonathan,TARG
7,Judges,5,15,Judges 5:15,20,אַזְלִין,,,,Jonathan,TARG
7,Judges,5,15,Judges 5:15,21,בְּזַרְעִית,,,,Jonathan,TARG
7,Judges,5,15,Judges 5:15,22,רְאוּבֵן,,,,Jonathan,TARG
7,Judges,5,15,Judges 5:15,23,סַגִיאִין,,,,Jonathan,TARG
7,Judges,5,15,Judges 5:15,24,נִבְלֵי,,,,Jonathan,TARG
7,Judges,5,15,Judges 5:15,25,לִבָּא:,,,,Jonathan,TARG
7,Judges,5,16,Judges 5:16,1,לְמָא,,,,Jonathan,TARG
7,Judges,5,16,Judges 5:16,2,תַבְתּוּן,,,,Jonathan,TARG
7,Judges,5,16,Judges 5:16,3,מִמַשִׁרְיַת,,,,Jonathan,TARG
7,Judges,5,16,Judges 5:16,4,קְרָבָא,,,,Jonathan,TARG
7,Judges,5,16,Judges 5:16,5,לְמִתַּב,,,,Jonathan,TARG
7,Judges,5,16,Judges 5:16,6,בֵּין,,,,Jonathan,TARG
7,Judges,5,16,Judges 5:16,7,תְּחוּמִין,,,,Jonathan,TARG
7,Judges,5,16,Judges 5:16,8,בְּפָרָשַׁת,,,,Jonathan,TARG
7,Judges,5,16,Judges 5:16,9,אָרְחָא,,,,Jonathan,TARG
7,Judges,5,16,Judges 5:16,10,לְמִשְׁמַע,,,,Jonathan,TARG
7,Judges,5,16,Judges 5:16,11,בְּשׂוֹרְתָּא,,,,Jonathan,TARG
7,Judges,5,16,Judges 5:16,12,דָא,,,,Jonathan,TARG
7,Judges,5,16,Judges 5:16,13,מִן,,,,Jonathan,TARG
7,Judges,5,16,Judges 5:16,14,דָא,,,,Jonathan,TARG
7,Judges,5,16,Judges 5:16,15,לְבָרָק,,,,Jonathan,TARG
7,Judges,5,16,Judges 5:16,16,אַתּוּן,,,,Jonathan,TARG
7,Judges,5,16,Judges 5:16,17,אָמְרִין,,,,Jonathan,TARG
7,Judges,5,16,Judges 5:16,18,דִילָךְ,,,,Jonathan,TARG
7,Judges,5,16,Judges 5:16,19,אֲנַחְנָא,,,,Jonathan,TARG
7,Judges,5,16,Judges 5:16,20,לְסִיסְרָא,,,,Jonathan,TARG
7,Judges,5,16,Judges 5:16,21,אַתּוּן,,,,Jonathan,TARG
7,Judges,5,16,Judges 5:16,22,אָמְרִין,,,,Jonathan,TARG
7,Judges,5,16,Judges 5:16,23,דִילָךְ,,,,Jonathan,TARG
7,Judges,5,16,Judges 5:16,24,אֲנַחְנָא,,,,Jonathan,TARG
7,Judges,5,16,Judges 5:16,25,לְמִשְׁמַע,,,,Jonathan,TARG
7,Judges,5,16,Judges 5:16,26,בְּשׂוֹרָא,,,,Jonathan,TARG
7,Judges,5,16,Judges 5:16,27,לְמִידַע,,,,Jonathan,TARG
7,Judges,5,16,Judges 5:16,28,אֵידָא,,,,Jonathan,TARG
7,Judges,5,16,Judges 5:16,29,הִיא,,,,Jonathan,TARG
7,Judges,5,16,Judges 5:16,30,מַשְׁרִיתָא,,,,Jonathan,TARG
7,Judges,5,16,Judges 5:16,31,נַצְחָא,,,,Jonathan,TARG
7,Judges,5,16,Judges 5:16,32,בִּקְרָבָא,,,,Jonathan,TARG
7,Judges,5,16,Judges 5:16,33,לְמֶהֱוֵי,,,,Jonathan,TARG
7,Judges,5,16,Judges 5:16,34,עִמֵיהּ,,,,Jonathan,TARG
7,Judges,5,16,Judges 5:16,35,אֵיכְדֵין,,,,Jonathan,TARG
7,Judges,5,16,Judges 5:16,36,כָּשֵׁר,,,,Jonathan,TARG
7,Judges,5,16,Judges 5:16,37,לְמֶעְבַּד,,,,Jonathan,TARG
7,Judges,5,16,Judges 5:16,38,לְכוֹן,,,,Jonathan,TARG
7,Judges,5,16,Judges 5:16,39,דְבֵית,,,,Jonathan,TARG
7,Judges,5,16,Judges 5:16,40,רְאוּבֵן,,,,Jonathan,TARG
7,Judges,5,16,Judges 5:16,41,הֲלָא,,,,Jonathan,TARG
7,Judges,5,16,Judges 5:16,42,יָדְעִיתוּן,,,,Jonathan,TARG
7,Judges,5,16,Judges 5:16,43,דִקְדָמוֹהִי,,,,Jonathan,TARG
7,Judges,5,16,Judges 5:16,44,גַלְיָן,,,,Jonathan,TARG
7,Judges,5,16,Judges 5:16,45,מַחְשְׁבוֹת,,,,Jonathan,TARG
7,Judges,5,16,Judges 5:16,46,לִבָּא:,,,,Jonathan,TARG
7,Judges,5,17,Judges 5:17,1,דְבֵית,,,,Jonathan,TARG
7,Judges,5,17,Judges 5:17,2,גִלְעָד,,,,Jonathan,TARG
7,Judges,5,17,Judges 5:17,3,בְּעִבְרָא,,,,Jonathan,TARG
7,Judges,5,17,Judges 5:17,4,דְיַרְדְנָא,,,,Jonathan,TARG
7,Judges,5,17,Judges 5:17,5,שָׁרָן,,,,Jonathan,TARG
7,Judges,5,17,Judges 5:17,6,וּדְבֵית,,,,Jonathan,TARG
7,Judges,5,17,Judges 5:17,7,דָן,,,,Jonathan,TARG
7,Judges,5,17,Judges 5:17,8,גָזוּ,,,,Jonathan,TARG
7,Judges,5,17,Judges 5:17,9,עָבְרוּ,,,,Jonathan,TARG
7,Judges,5,17,Judges 5:17,10,יַרְדְנָא,,,,Jonathan,TARG
7,Judges,5,17,Judges 5:17,11,וְשַׁוִיאוּ,,,,Jonathan,TARG
7,Judges,5,17,Judges 5:17,12,נִכְסֵיהוֹן,,,,Jonathan,TARG
7,Judges,5,17,Judges 5:17,13,בִּסְפִינָן,,,,Jonathan,TARG
7,Judges,5,17,Judges 5:17,14,דְבֵית,,,,Jonathan,TARG
7,Judges,5,17,Judges 5:17,15,אָשֵׁר,,,,Jonathan,TARG
7,Judges,5,17,Judges 5:17,16,עַל,,,,Jonathan,TARG
7,Judges,5,17,Judges 5:17,17,סְפַר,,,,Jonathan,TARG
7,Judges,5,17,Judges 5:17,18,יַמַיָא,,,,Jonathan,TARG
7,Judges,5,17,Judges 5:17,19,שְׁרוֹ,,,,Jonathan,TARG
7,Judges,5,17,Judges 5:17,20,קִרְוֵי,,,,Jonathan,TARG
7,Judges,5,17,Judges 5:17,21,עַמְמַיָא,,,,Jonathan,TARG
7,Judges,5,17,Judges 5:17,22,דְפַּגָרוּ,,,,Jonathan,TARG
7,Judges,5,17,Judges 5:17,23,תָּבוּ,,,,Jonathan,TARG
7,Judges,5,17,Judges 5:17,24,וּבָנְיָן,,,,Jonathan,TARG
7,Judges,5,17,Judges 5:17,25,וִיתִיבוּ,,,,Jonathan,TARG
7,Judges,5,17,Judges 5:17,26,בְהוֹן:,,,,Jonathan,TARG
7,Judges,5,18,Judges 5:18,1,דְבֵית,,,,Jonathan,TARG
7,Judges,5,18,Judges 5:18,2,זְבוּלֻן,,,,Jonathan,TARG
7,Judges,5,18,Judges 5:18,3,לָקֳבֵיל,,,,Jonathan,TARG
7,Judges,5,18,Judges 5:18,4,עַמְמַיָא,,,,Jonathan,TARG
7,Judges,5,18,Judges 5:18,5,דְגַדִיפוּ,,,,Jonathan,TARG
7,Judges,5,18,Judges 5:18,6,קֳדָם,,,,Jonathan,TARG
7,Judges,5,18,Judges 5:18,7,יְיָ,,,,Jonathan,TARG
7,Judges,5,18,Judges 5:18,8,מְסַרוּ,,,,Jonathan,TARG
7,Judges,5,18,Judges 5:18,9,נַפְשֵׁיהוֹן,,,,Jonathan,TARG
7,Judges,5,18,Judges 5:18,10,לְקַטָלָא,,,,Jonathan,TARG
7,Judges,5,18,Judges 5:18,11,אִנוּן,,,,Jonathan,TARG
7,Judges,5,18,Judges 5:18,12,וּדְבֵית,,,,Jonathan,TARG
7,Judges,5,18,Judges 5:18,13,נַפְתָּלִי,,,,Jonathan,TARG
7,Judges,5,18,Judges 5:18,14,יְשַׁבְּחוּנוּן,,,,Jonathan,TARG
7,Judges,5,18,Judges 5:18,15,כָּל,,,,Jonathan,TARG
7,Judges,5,18,Judges 5:18,16,עַמְמֵי,,,,Jonathan,TARG
7,Judges,5,18,Judges 5:18,17,אַרְעָא:,,,,Jonathan,TARG
7,Judges,5,19,Judges 5:19,1,אֲתוֹ,,,,Jonathan,TARG
7,Judges,5,19,Judges 5:19,2,מַלְכַיָא,,,,Jonathan,TARG
7,Judges,5,19,Judges 5:19,3,דַהֲווֹ,,,,Jonathan,TARG
7,Judges,5,19,Judges 5:19,4,עִם,,,,Jonathan,TARG
7,Judges,5,19,Judges 5:19,5,סִיסְרָא,,,,Jonathan,TARG
7,Judges,5,19,Judges 5:19,6,וְאַגִיחוּ,,,,Jonathan,TARG
7,Judges,5,19,Judges 5:19,7,קְרָבָא,,,,Jonathan,TARG
7,Judges,5,19,Judges 5:19,8,בְּכֵן,,,,Jonathan,TARG
7,Judges,5,19,Judges 5:19,9,אֲגִיחוּ,,,,Jonathan,TARG
7,Judges,5,19,Judges 5:19,10,קְרָבָא,,,,Jonathan,TARG
7,Judges,5,19,Judges 5:19,11,מַלְכֵי,,,,Jonathan,TARG
7,Judges,5,19,Judges 5:19,12,כְנַעַן,,,,Jonathan,TARG
7,Judges,5,19,Judges 5:19,13,בְּתַעְנָךְ,,,,Jonathan,TARG
7,Judges,5,19,Judges 5:19,14,הֲווֹ,,,,Jonathan,TARG
7,Judges,5,19,Judges 5:19,15,שָׁרָן,,,,Jonathan,TARG
7,Judges,5,19,Judges 5:19,16,וּמָטָן,,,,Jonathan,TARG
7,Judges,5,19,Judges 5:19,17,עַל,,,,Jonathan,TARG
7,Judges,5,19,Judges 5:19,18,מֵי,,,,Jonathan,TARG
7,Judges,5,19,Judges 5:19,19,מְגִדוֹ,,,,Jonathan,TARG
7,Judges,5,19,Judges 5:19,20,מָמוֹן,,,,Jonathan,TARG
7,Judges,5,19,Judges 5:19,21,דִכְסַף,,,,Jonathan,TARG
7,Judges,5,19,Judges 5:19,22,לָא,,,,Jonathan,TARG
7,Judges,5,19,Judges 5:19,23,קַבִּילוּ:,,,,Jonathan,TARG
7,Judges,5,20,Judges 5:20,1,מִן,,,,Jonathan,TARG
7,Judges,5,20,Judges 5:20,2,שְׁמַיָא,,,,Jonathan,TARG
7,Judges,5,20,Judges 5:20,3,אִתְגַח,,,,Jonathan,TARG
7,Judges,5,20,Judges 5:20,4,עִמְהוֹן,,,,Jonathan,TARG
7,Judges,5,20,Judges 5:20,5,קְרָבָא,,,,Jonathan,TARG
7,Judges,5,20,Judges 5:20,6,מַאֲתַר,,,,Jonathan,TARG
7,Judges,5,20,Judges 5:20,7,דְנַפְקִין,,,,Jonathan,TARG
7,Judges,5,20,Judges 5:20,8,כּוֹכְבַיָא,,,,Jonathan,TARG
7,Judges,5,20,Judges 5:20,9,מְכַבְשֵׁי,,,,Jonathan,TARG
7,Judges,5,20,Judges 5:20,10,דַבָּרֵיהוֹן,,,,Jonathan,TARG
7,Judges,5,20,Judges 5:20,11,תַּמָן,,,,Jonathan,TARG
7,Judges,5,20,Judges 5:20,12,אִתָּגַח,,,,Jonathan,TARG
7,Judges,5,20,Judges 5:20,13,קְרָבָא,,,,Jonathan,TARG
7,Judges,5,20,Judges 5:20,14,עִם,,,,Jonathan,TARG
7,Judges,5,20,Judges 5:20,15,סִיסְרָא:,,,,Jonathan,TARG
7,Judges,5,21,Judges 5:21,1,נַחֲלָא,,,,Jonathan,TARG
7,Judges,5,21,Judges 5:21,2,דְקִישׁוֹן,,,,Jonathan,TARG
7,Judges,5,21,Judges 5:21,3,תַּבְּרִינוּן,,,,Jonathan,TARG
7,Judges,5,21,Judges 5:21,4,נַחֲלָא,,,,Jonathan,TARG
7,Judges,5,21,Judges 5:21,5,דְאִתְעֲבִידוּ,,,,Jonathan,TARG
7,Judges,5,21,Judges 5:21,6,בֵיהּ,,,,Jonathan,TARG
7,Judges,5,21,Judges 5:21,7,נִסִין,,,,Jonathan,TARG
7,Judges,5,21,Judges 5:21,8,וּגְבוּרָן,,,,Jonathan,TARG
7,Judges,5,21,Judges 5:21,9,מִלְקַדְמֵין,,,,Jonathan,TARG
7,Judges,5,21,Judges 5:21,10,לְיִשְׂרָאֵל,,,,Jonathan,TARG
7,Judges,5,21,Judges 5:21,11,הוּא,,,,Jonathan,TARG
7,Judges,5,21,Judges 5:21,12,נַחֲלָא,,,,Jonathan,TARG
7,Judges,5,21,Judges 5:21,13,דְקִישׁוֹן,,,,Jonathan,TARG
7,Judges,5,21,Judges 5:21,14,תַּמָן,,,,Jonathan,TARG
7,Judges,5,21,Judges 5:21,15,דוּשִׁישַׁת,,,,Jonathan,TARG
7,Judges,5,21,Judges 5:21,16,נַפְשִׁי,,,,Jonathan,TARG
7,Judges,5,21,Judges 5:21,17,קְטִילֵי,,,,Jonathan,TARG
7,Judges,5,21,Judges 5:21,18,גִבָּרֵיהוֹן,,,,Jonathan,TARG
7,Judges,5,21,Judges 5:21,19,בִּתְקוֹף:,,,,Jonathan,TARG
7,Judges,5,22,Judges 5:22,1,בְּכֵן,,,,Jonathan,TARG
7,Judges,5,22,Judges 5:22,2,אִשְׁתַּלְפָא,,,,Jonathan,TARG
7,Judges,5,22,Judges 5:22,3,טוּפְרֵי,,,,Jonathan,TARG
7,Judges,5,22,Judges 5:22,4,סוּסְוַתְהוֹן,,,,Jonathan,TARG
7,Judges,5,22,Judges 5:22,5,מִפִּנוּכָא,,,,Jonathan,TARG
7,Judges,5,22,Judges 5:22,6,דַהֲוָה,,,,Jonathan,TARG
7,Judges,5,22,Judges 5:22,7,מְפַנֵיךְ,,,,Jonathan,TARG
7,Judges,5,22,Judges 5:22,8,קֳדָם,,,,Jonathan,TARG
7,Judges,5,22,Judges 5:22,9,רְתִיכֵי,,,,Jonathan,TARG
7,Judges,5,22,Judges 5:22,10,גִבָּרוֹהִי:,,,,Jonathan,TARG
7,Judges,5,23,Judges 5:23,1,לוּטוּ,,,,Jonathan,TARG
7,Judges,5,23,Judges 5:23,2,מֵרוֹז,,,,Jonathan,TARG
7,Judges,5,23,Judges 5:23,3,אֲמַר,,,,Jonathan,TARG
7,Judges,5,23,Judges 5:23,4,בָּרָק,,,,Jonathan,TARG
7,Judges,5,23,Judges 5:23,5,נְבִיָא,,,,Jonathan,TARG
7,Judges,5,23,Judges 5:23,6,דַייָ,,,,Jonathan,TARG
7,Judges,5,23,Judges 5:23,7,לוּטוּ,,,,Jonathan,TARG
7,Judges,5,23,Judges 5:23,8,וְתַבָּרוּ,,,,Jonathan,TARG
7,Judges,5,23,Judges 5:23,9,יַת,,,,Jonathan,TARG
7,Judges,5,23,Judges 5:23,10,יַתְבָהָא,,,,Jonathan,TARG
7,Judges,5,23,Judges 5:23,11,אֲרֵי,,,,Jonathan,TARG
7,Judges,5,23,Judges 5:23,12,לָא,,,,Jonathan,TARG
7,Judges,5,23,Judges 5:23,13,אֲתוֹ,,,,Jonathan,TARG
7,Judges,5,23,Judges 5:23,14,לְסַעְדָן,,,,Jonathan,TARG
7,Judges,5,23,Judges 5:23,15,עַמָא,,,,Jonathan,TARG
7,Judges,5,23,Judges 5:23,16,דַייָ,,,,Jonathan,TARG
7,Judges,5,23,Judges 5:23,17,כַּד,,,,Jonathan,TARG
7,Judges,5,23,Judges 5:23,18,אַגִיחַ,,,,Jonathan,TARG
7,Judges,5,23,Judges 5:23,19,קְרָבָא,,,,Jonathan,TARG
7,Judges,5,23,Judges 5:23,20,בְּגִבָּרַיָא:,,,,Jonathan,TARG
7,Judges,5,24,Judges 5:24,1,תִּתְבָּרַךְ,,,,Jonathan,TARG
7,Judges,5,24,Judges 5:24,2,מִבִּרְכַת,,,,Jonathan,TARG
7,Judges,5,24,Judges 5:24,3,נְשַׁיָא,,,,Jonathan,TARG
7,Judges,5,24,Judges 5:24,4,טָבָתָא,,,,Jonathan,TARG
7,Judges,5,24,Judges 5:24,5,יָעֵל,,,,Jonathan,TARG
7,Judges,5,24,Judges 5:24,6,אִתַּת,,,,Jonathan,TARG
7,Judges,5,24,Judges 5:24,7,חֶבֶר,,,,Jonathan,TARG
7,Judges,5,24,Judges 5:24,8,שַׁלְמָאָה,,,,Jonathan,TARG
7,Judges,5,24,Judges 5:24,9,כַּחֲדָא,,,,Jonathan,TARG
7,Judges,5,24,Judges 5:24,10,מִנְשַׁיָא,,,,Jonathan,TARG
7,Judges,5,24,Judges 5:24,11,דִמְשַׁמְשִׁין,,,,Jonathan,TARG
7,Judges,5,24,Judges 5:24,12,בְּבָתֵּי,,,,Jonathan,TARG
7,Judges,5,24,Judges 5:24,13,מֶדְרָשִׁין,,,,Jonathan,TARG
7,Judges,5,24,Judges 5:24,14,תִּתְבָּרַךְ:,,,,Jonathan,TARG
7,Judges,5,25,Judges 5:25,1,מַיָא,,,,Jonathan,TARG
7,Judges,5,25,Judges 5:25,2,שְׁאַל,,,,Jonathan,TARG
7,Judges,5,25,Judges 5:25,3,מִנָה,,,,Jonathan,TARG
7,Judges,5,25,Judges 5:25,4,סִיסְרָא,,,,Jonathan,TARG
7,Judges,5,25,Judges 5:25,5,רַשִׁיעָא,,,,Jonathan,TARG
7,Judges,5,25,Judges 5:25,6,חַלְבָא,,,,Jonathan,TARG
7,Judges,5,25,Judges 5:25,7,אַשְׁקִיתֵיהּ,,,,Jonathan,TARG
7,Judges,5,25,Judges 5:25,8,לְמִדַע,,,,Jonathan,TARG
7,Judges,5,25,Judges 5:25,9,אִם,,,,Jonathan,TARG
7,Judges,5,25,Judges 5:25,10,אִית,,,,Jonathan,TARG
7,Judges,5,25,Judges 5:25,11,רַעֲיוֹנוֹהִי,,,,Jonathan,TARG
7,Judges,5,25,Judges 5:25,12,עֲלוֹהִי,,,,Jonathan,TARG
7,Judges,5,25,Judges 5:25,13,בְּפַיְלֵי,,,,Jonathan,TARG
7,Judges,5,25,Judges 5:25,14,גִבָּרַיָא,,,,Jonathan,TARG
7,Judges,5,25,Judges 5:25,15,קְרִיבַת,,,,Jonathan,TARG
7,Judges,5,25,Judges 5:25,16,לָקֳדָמוֹהִי,,,,Jonathan,TARG
7,Judges,5,25,Judges 5:25,17,שְׁמַן,,,,Jonathan,TARG
7,Judges,5,25,Judges 5:25,18,דְגוּבְנִין:,,,,Jonathan,TARG
7,Judges,5,26,Judges 5:26,1,טַבְתָא,,,,Jonathan,TARG
7,Judges,5,26,Judges 5:26,2,יָעֵל,,,,Jonathan,TARG
7,Judges,5,26,Judges 5:26,3,אִתַת,,,,Jonathan,TARG
7,Judges,5,26,Judges 5:26,4,חֶבֶר,,,,Jonathan,TARG
7,Judges,5,26,Judges 5:26,5,שַׁלְמָאָה,,,,Jonathan,TARG
7,Judges,5,26,Judges 5:26,6,דְקַיְמַת,,,,Jonathan,TARG
7,Judges,5,26,Judges 5:26,7,מַה,,,,Jonathan,TARG
7,Judges,5,26,Judges 5:26,8,דִכְתִיב,,,,Jonathan,TARG
7,Judges,5,26,Judges 5:26,9,בִּסְפַר,,,,Jonathan,TARG
7,Judges,5,26,Judges 5:26,10,אוֹרַיְתָא,,,,Jonathan,TARG
7,Judges,5,26,Judges 5:26,11,דְמֹשֶׁה,,,,Jonathan,TARG
7,Judges,5,26,Judges 5:26,12,לָא,,,,Jonathan,TARG
7,Judges,5,26,Judges 5:26,13,יֱהֶוֵי,,,,Jonathan,TARG
7,Judges,5,26,Judges 5:26,14,תִקוּן,,,,Jonathan,TARG
7,Judges,5,26,Judges 5:26,15,זֵין,,,,Jonathan,TARG
7,Judges,5,26,Judges 5:26,16,דִגְבַר,,,,Jonathan,TARG
7,Judges,5,26,Judges 5:26,17,עַל,,,,Jonathan,TARG
7,Judges,5,26,Judges 5:26,18,אִתְּתָא,,,,Jonathan,TARG
7,Judges,5,26,Judges 5:26,19,וְלָא,,,,Jonathan,TARG
7,Judges,5,26,Judges 5:26,20,יְתַקֵן,,,,Jonathan,TARG
7,Judges,5,26,Judges 5:26,21,גְבַר,,,,Jonathan,TARG
7,Judges,5,26,Judges 5:26,22,בְּתִקוּנֵי,,,,Jonathan,TARG
7,Judges,5,26,Judges 5:26,23,אִתְּתָא,,,,Jonathan,TARG
7,Judges,5,26,Judges 5:26,24,אֱלָהֵן,,,,Jonathan,TARG
7,Judges,5,26,Judges 5:26,25,יְדָהָא,,,,Jonathan,TARG
7,Judges,5,26,Judges 5:26,26,לְסִכְתָא,,,,Jonathan,TARG
7,Judges,5,26,Judges 5:26,27,אוֹשִׁיטַת,,,,Jonathan,TARG
7,Judges,5,26,Judges 5:26,28,וִימִינָא,,,,Jonathan,TARG
7,Judges,5,26,Judges 5:26,29,לְאַרְזַפְתָּא,,,,Jonathan,TARG
7,Judges,5,26,Judges 5:26,30,דְנַפְחִין,,,,Jonathan,TARG
7,Judges,5,26,Judges 5:26,31,לְמִתְבַּר,,,,Jonathan,TARG
7,Judges,5,26,Judges 5:26,32,רַשִׁיעִין,,,,Jonathan,TARG
7,Judges,5,26,Judges 5:26,33,וַאֲנוּסִין,,,,Jonathan,TARG
7,Judges,5,26,Judges 5:26,34,מַחֲתֵיהּ,,,,Jonathan,TARG
7,Judges,5,26,Judges 5:26,35,לְסִיסְרָא,,,,Jonathan,TARG
7,Judges,5,26,Judges 5:26,36,תַּבְרַת,,,,Jonathan,TARG
7,Judges,5,26,Judges 5:26,37,רֵישֵׁיהּ,,,,Jonathan,TARG
7,Judges,5,26,Judges 5:26,38,פַּצְעַת,,,,Jonathan,TARG
7,Judges,5,26,Judges 5:26,39,מוֹחֵיהּ,,,,Jonathan,TARG
7,Judges,5,26,Judges 5:26,40,אַעֲבָרַת,,,,Jonathan,TARG
7,Judges,5,26,Judges 5:26,41,סִכְתָא,,,,Jonathan,TARG
7,Judges,5,26,Judges 5:26,42,בְּצִדְעֵיהּ:,,,,Jonathan,TARG
7,Judges,5,27,Judges 5:27,1,בֵּין,,,,Jonathan,TARG
7,Judges,5,27,Judges 5:27,2,רִגְלָהָא,,,,Jonathan,TARG
7,Judges,5,27,Judges 5:27,3,כְּרַע,,,,Jonathan,TARG
7,Judges,5,27,Judges 5:27,4,נְפַל,,,,Jonathan,TARG
7,Judges,5,27,Judges 5:27,5,שְׁכִיב,,,,Jonathan,TARG
7,Judges,5,27,Judges 5:27,6,בֵּין,,,,Jonathan,TARG
7,Judges,5,27,Judges 5:27,7,רִגְלָהָא,,,,Jonathan,TARG
7,Judges,5,27,Judges 5:27,8,כְּרַע,,,,Jonathan,TARG
7,Judges,5,27,Judges 5:27,9,נְפַל,,,,Jonathan,TARG
7,Judges,5,27,Judges 5:27,10,בַּאֲתַר,,,,Jonathan,TARG
7,Judges,5,27,Judges 5:27,11,דִכְרַע,,,,Jonathan,TARG
7,Judges,5,27,Judges 5:27,12,תַּמָן,,,,Jonathan,TARG
7,Judges,5,27,Judges 5:27,13,נְפַל,,,,Jonathan,TARG
7,Judges,5,27,Judges 5:27,14,בְּזִיזָא,,,,Jonathan,TARG
7,Judges,5,27,Judges 5:27,15,סִיסְרָא:,,,,Jonathan,TARG
7,Judges,5,28,Judges 5:28,1,מִן,,,,Jonathan,TARG
7,Judges,5,28,Judges 5:28,2,חֲרַכָּא,,,,Jonathan,TARG
7,Judges,5,28,Judges 5:28,3,אִסְתְּכִיאַת,,,,Jonathan,TARG
7,Judges,5,28,Judges 5:28,4,וּמְדַיְקָא,,,,Jonathan,TARG
7,Judges,5,28,Judges 5:28,5,אִמֵיהּ,,,,Jonathan,TARG
7,Judges,5,28,Judges 5:28,6,דְסִיסְרָא,,,,Jonathan,TARG
7,Judges,5,28,Judges 5:28,7,מִבֵּינֵי,,,,Jonathan,TARG
7,Judges,5,28,Judges 5:28,8,אַעֲיָתָא,,,,Jonathan,TARG
7,Judges,5,28,Judges 5:28,9,אֲמַרַת,,,,Jonathan,TARG
7,Judges,5,28,Judges 5:28,10,מָא,,,,Jonathan,TARG
7,Judges,5,28,Judges 5:28,11,דֵין,,,,Jonathan,TARG
7,Judges,5,28,Judges 5:28,12,אוֹחֲרָא,,,,Jonathan,TARG
7,Judges,5,28,Judges 5:28,13,רְתִיכוֹהִי,,,,Jonathan,TARG
7,Judges,5,28,Judges 5:28,14,דְסִיסְרָא,,,,Jonathan,TARG
7,Judges,5,28,Judges 5:28,15,בְּרִי,,,,Jonathan,TARG
7,Judges,5,28,Judges 5:28,16,מִלְמֵיתִי,,,,Jonathan,TARG
7,Judges,5,28,Judges 5:28,17,מָא,,,,Jonathan,TARG
7,Judges,5,28,Judges 5:28,18,דֵין,,,,Jonathan,TARG
7,Judges,5,28,Judges 5:28,19,אִתְעֲכָּבוּ,,,,Jonathan,TARG
7,Judges,5,28,Judges 5:28,20,רְהָטַיָא,,,,Jonathan,TARG
7,Judges,5,28,Judges 5:28,21,דַהֲווֹ,,,,Jonathan,TARG
7,Judges,5,28,Judges 5:28,22,מַיְתָן,,,,Jonathan,TARG
7,Judges,5,28,Judges 5:28,23,לִי,,,,Jonathan,TARG
7,Judges,5,28,Judges 5:28,24,אִגֶרֶת,,,,Jonathan,TARG
7,Judges,5,28,Judges 5:28,25,נִצְחָנִין:,,,,Jonathan,TARG
7,Judges,5,29,Judges 5:29,1,חֲכִּימַת,,,,Jonathan,TARG
7,Judges,5,29,Judges 5:29,2,פְּרִיסְתְּוָתָהָא,,,,Jonathan,TARG
7,Judges,5,29,Judges 5:29,3,עַנְיָן,,,,Jonathan,TARG
7,Judges,5,29,Judges 5:29,4,לָהּ,,,,Jonathan,TARG
7,Judges,5,29,Judges 5:29,5,אַף,,,,Jonathan,TARG
7,Judges,5,29,Judges 5:29,6,הִיא,,,,Jonathan,TARG
7,Judges,5,29,Judges 5:29,7,בְּחוּכְמָא,,,,Jonathan,TARG
7,Judges,5,29,Judges 5:29,8,מְתִיבָא,,,,Jonathan,TARG
7,Judges,5,29,Judges 5:29,9,וְאָמְרָה,,,,Jonathan,TARG
7,Judges,5,29,Judges 5:29,10,לְמֵימַר,,,,Jonathan,TARG
7,Judges,5,29,Judges 5:29,11,לָהֶן:,,,,Jonathan,TARG
7,Judges,5,30,Judges 5:30,1,הֲלָא,,,,Jonathan,TARG
7,Judges,5,30,Judges 5:30,2,מִדְמַשְׁכְּחִין,,,,Jonathan,TARG
7,Judges,5,30,Judges 5:30,3,מְפַלְגִין,,,,Jonathan,TARG
7,Judges,5,30,Judges 5:30,4,בִּזְתָא,,,,Jonathan,TARG
7,Judges,5,30,Judges 5:30,5,יַהֲבִין,,,,Jonathan,TARG
7,Judges,5,30,Judges 5:30,6,גְבַר,,,,Jonathan,TARG
7,Judges,5,30,Judges 5:30,7,וּבֵיתֵיהּ,,,,Jonathan,TARG
7,Judges,5,30,Judges 5:30,8,כָּל,,,,Jonathan,TARG
7,Judges,5,30,Judges 5:30,9,חַד,,,,Jonathan,TARG
7,Judges,5,30,Judges 5:30,10,וְחַד,,,,Jonathan,TARG
7,Judges,5,30,Judges 5:30,11,בִּזָא,,,,Jonathan,TARG
7,Judges,5,30,Judges 5:30,12,סַגִי,,,,Jonathan,TARG
7,Judges,5,30,Judges 5:30,13,קֳדָם,,,,Jonathan,TARG
7,Judges,5,30,Judges 5:30,14,סִיסְרָא,,,,Jonathan,TARG
7,Judges,5,30,Judges 5:30,15,בִּזַת,,,,Jonathan,TARG
7,Judges,5,30,Judges 5:30,16,צִיוּרֵי,,,,Jonathan,TARG
7,Judges,5,30,Judges 5:30,17,צִבְעוֹנִין,,,,Jonathan,TARG
7,Judges,5,30,Judges 5:30,18,עַל,,,,Jonathan,TARG
7,Judges,5,30,Judges 5:30,19,צַוְרֵיהּ,,,,Jonathan,TARG
7,Judges,5,30,Judges 5:30,20,נִכְסֵי,,,,Jonathan,TARG
7,Judges,5,30,Judges 5:30,21,עַתִּירַיָא,,,,Jonathan,TARG
7,Judges,5,30,Judges 5:30,22,וּמָנֵי,,,,Jonathan,TARG
7,Judges,5,30,Judges 5:30,23,חֲמוּדָא,,,,Jonathan,TARG
7,Judges,5,30,Judges 5:30,24,קֳדָם,,,,Jonathan,TARG
7,Judges,5,30,Judges 5:30,25,גִבָּרוֹהִי,,,,Jonathan,TARG
7,Judges,5,30,Judges 5:30,26,דְבָזוּ:,,,,Jonathan,TARG
7,Judges,5,31,Judges 5:31,1,כְּסִיסְרָא,,,,Jonathan,TARG
7,Judges,5,31,Judges 5:31,2,כֵּן,,,,Jonathan,TARG
7,Judges,5,31,Judges 5:31,3,יֵיבְדוּן,,,,Jonathan,TARG
7,Judges,5,31,Judges 5:31,4,כָּל,,,,Jonathan,TARG
7,Judges,5,31,Judges 5:31,5,סַנְאֵי,,,,Jonathan,TARG
7,Judges,5,31,Judges 5:31,6,עַמָךְ,,,,Jonathan,TARG
7,Judges,5,31,Judges 5:31,7,יְיָ,,,,Jonathan,TARG
7,Judges,5,31,Judges 5:31,8,וְרַחֲמוֹהִי,,,,Jonathan,TARG
7,Judges,5,31,Judges 5:31,9,צַדִיקַיָא,,,,Jonathan,TARG
7,Judges,5,31,Judges 5:31,10,יְהוֹן,,,,Jonathan,TARG
7,Judges,5,31,Judges 5:31,11,עֲתִידִין,,,,Jonathan,TARG
7,Judges,5,31,Judges 5:31,12,לְאַזְהָרָא,,,,Jonathan,TARG
7,Judges,5,31,Judges 5:31,13,כְּזֵיהוֹר,,,,Jonathan,TARG
7,Judges,5,31,Judges 5:31,14,יְקָרֵיהּ,,,,Jonathan,TARG
7,Judges,5,31,Judges 5:31,15,עַל,,,,Jonathan,TARG
7,Judges,5,31,Judges 5:31,16,חַד,,,,Jonathan,TARG
7,Judges,5,31,Judges 5:31,17,תְּלַת,,,,Jonathan,TARG
7,Judges,5,31,Judges 5:31,18,מְאָה,,,,Jonathan,TARG
7,Judges,5,31,Judges 5:31,19,וְאַרְבְּעִין,,,,Jonathan,TARG
7,Judges,5,31,Judges 5:31,20,וּתְלָתָא,,,,Jonathan,TARG
7,Judges,5,31,Judges 5:31,21,כְּמִפַּק,,,,Jonathan,TARG
7,Judges,5,31,Judges 5:31,22,שִׁמְשָׁא,,,,Jonathan,TARG
7,Judges,5,31,Judges 5:31,23,בִּגְבוּרְתֵּיה,,,,Jonathan,TARG
7,Judges,5,31,Judges 5:31,24,וּשְׁדוֹכַת,,,,Jonathan,TARG
7,Judges,5,31,Judges 5:31,25,אַרְעָא,,,,Jonathan,TARG
7,Judges,5,31,Judges 5:31,26,דְיִשְׂרָאֵל,,,,Jonathan,TARG
7,Judges,5,31,Judges 5:31,27,מִלְמֶעְבֵּד,,,,Jonathan,TARG
7,Judges,5,31,Judges 5:31,28,קְרָבָא,,,,Jonathan,TARG
7,Judges,5,31,Judges 5:31,29,אַרְבְּעִין,,,,Jonathan,TARG
7,Judges,5,31,Judges 5:31,30,שְׁנִין:,,,,Jonathan,TARG
7,Judges,6,1,Judges 6:1,1,וַעֲבָדוּ,,,,Jonathan,TARG
7,Judges,6,1,Judges 6:1,2,בְנֵי,,,,Jonathan,TARG
7,Judges,6,1,Judges 6:1,3,יִשְׂרָאֵל,,,,Jonathan,TARG
7,Judges,6,1,Judges 6:1,4,דְבִישׁ,,,,Jonathan,TARG
7,Judges,6,1,Judges 6:1,5,קֳדָם,,,,Jonathan,TARG
7,Judges,6,1,Judges 6:1,6,יְיָ,,,,Jonathan,TARG
7,Judges,6,1,Judges 6:1,7,וּמַסְרִינוּן,,,,Jonathan,TARG
7,Judges,6,1,Judges 6:1,8,יְיָ,,,,Jonathan,TARG
7,Judges,6,1,Judges 6:1,9,בִּידָא,,,,Jonathan,TARG
7,Judges,6,1,Judges 6:1,10,דְמִדְיָנָאֵי,,,,Jonathan,TARG
7,Judges,6,1,Judges 6:1,11,שְׁבַע,,,,Jonathan,TARG
7,Judges,6,1,Judges 6:1,12,שְׁנִין:,,,,Jonathan,TARG
7,Judges,6,2,Judges 6:2,1,וּתְקֵיפַת,,,,Jonathan,TARG
7,Judges,6,2,Judges 6:2,2,יַד,,,,Jonathan,TARG
7,Judges,6,2,Judges 6:2,3,מִדְיָנָאֵי,,,,Jonathan,TARG
7,Judges,6,2,Judges 6:2,4,עַל,,,,Jonathan,TARG
7,Judges,6,2,Judges 6:2,5,יִשְׂרָאל,,,,Jonathan,TARG
7,Judges,6,2,Judges 6:2,6,מִן,,,,Jonathan,TARG
7,Judges,6,2,Judges 6:2,7,קֳדָם,,,,Jonathan,TARG
7,Judges,6,2,Judges 6:2,8,מִדְיָנָאֵי,,,,Jonathan,TARG
7,Judges,6,2,Judges 6:2,9,עֲבָדוּ,,,,Jonathan,TARG
7,Judges,6,2,Judges 6:2,10,לְהוֹן,,,,Jonathan,TARG
7,Judges,6,2,Judges 6:2,11,בְּנֵי,,,,Jonathan,TARG
7,Judges,6,2,Judges 6:2,12,יִשְׂרָאֵל,,,,Jonathan,TARG
7,Judges,6,2,Judges 6:2,13,יַת,,,,Jonathan,TARG
7,Judges,6,2,Judges 6:2,14,מַטְמוֹרִיתָא,,,,Jonathan,TARG
7,Judges,6,2,Judges 6:2,15,דִבְטוּרַיָא,,,,Jonathan,TARG
7,Judges,6,2,Judges 6:2,16,וְיַת,,,,Jonathan,TARG
7,Judges,6,2,Judges 6:2,17,מְעָרָתָא,,,,Jonathan,TARG
7,Judges,6,2,Judges 6:2,18,וְיַת,,,,Jonathan,TARG
7,Judges,6,2,Judges 6:2,19,מְצוֹדָתָא:,,,,Jonathan,TARG
7,Judges,6,3,Judges 6:3,1,וַהֲוָה,,,,Jonathan,TARG
7,Judges,6,3,Judges 6:3,2,כַּד,,,,Jonathan,TARG
7,Judges,6,3,Judges 6:3,3,זְרַע,,,,Jonathan,TARG
7,Judges,6,3,Judges 6:3,4,יִשְׂרָאֵל,,,,Jonathan,TARG
7,Judges,6,3,Judges 6:3,5,וְסַלְקִין,,,,Jonathan,TARG
7,Judges,6,3,Judges 6:3,6,מִדְיָנָאֵי,,,,Jonathan,TARG
7,Judges,6,3,Judges 6:3,7,וַעֲמַלְקָאֵי,,,,Jonathan,TARG
7,Judges,6,3,Judges 6:3,8,וּבְנֵי,,,,Jonathan,TARG
7,Judges,6,3,Judges 6:3,9,מַדִינְחָא,,,,Jonathan,TARG
7,Judges,6,3,Judges 6:3,10,וְסַלְקִין,,,,Jonathan,TARG
7,Judges,6,3,Judges 6:3,11,עֲלוֹהִי:,,,,Jonathan,TARG
7,Judges,6,4,Judges 6:4,1,וּשְׁרוֹ,,,,Jonathan,TARG
7,Judges,6,4,Judges 6:4,2,עֲלֵיהוֹן,,,,Jonathan,TARG
7,Judges,6,4,Judges 6:4,3,וּמְחַבְּלִין,,,,Jonathan,TARG
7,Judges,6,4,Judges 6:4,4,יַת,,,,Jonathan,TARG
7,Judges,6,4,Judges 6:4,5,עֲלַלְתָּא,,,,Jonathan,TARG
7,Judges,6,4,Judges 6:4,6,דְאַרְעָא,,,,Jonathan,TARG
7,Judges,6,4,Judges 6:4,7,עַד,,,,Jonathan,TARG
7,Judges,6,4,Judges 6:4,8,מַעְלָנָא,,,,Jonathan,TARG
7,Judges,6,4,Judges 6:4,9,דְעַזָה,,,,Jonathan,TARG
7,Judges,6,4,Judges 6:4,10,וְלָא,,,,Jonathan,TARG
7,Judges,6,4,Judges 6:4,11,מְשַׁאֲרִין,,,,Jonathan,TARG
7,Judges,6,4,Judges 6:4,12,מָזוֹן,,,,Jonathan,TARG
7,Judges,6,4,Judges 6:4,13,לְקַיָימָא,,,,Jonathan,TARG
7,Judges,6,4,Judges 6:4,14,נְפַשׁ,,,,Jonathan,TARG
7,Judges,6,4,Judges 6:4,15,בְּיִשְׂרָאֵל,,,,Jonathan,TARG
7,Judges,6,4,Judges 6:4,16,וְאִמַר,,,,Jonathan,TARG
7,Judges,6,4,Judges 6:4,17,וְתוֹר,,,,Jonathan,TARG
7,Judges,6,4,Judges 6:4,18,וַחֲמָר:,,,,Jonathan,TARG
7,Judges,6,5,Judges 6:5,1,אֲרֵי,,,,Jonathan,TARG
7,Judges,6,5,Judges 6:5,2,אִינוּן,,,,Jonathan,TARG
7,Judges,6,5,Judges 6:5,3,וְגֵיתֵיהוֹן,,,,Jonathan,TARG
7,Judges,6,5,Judges 6:5,4,סַלְקִין,,,,Jonathan,TARG
7,Judges,6,5,Judges 6:5,5,וּמַשְׁכְּנֵיהוֹן,,,,Jonathan,TARG
7,Judges,6,5,Judges 6:5,6,וְאָתָן,,,,Jonathan,TARG
7,Judges,6,5,Judges 6:5,7,כְּמִסַת,,,,Jonathan,TARG
7,Judges,6,5,Judges 6:5,8,גוֹבָא,,,,Jonathan,TARG
7,Judges,6,5,Judges 6:5,9,לִסְגֵי,,,,Jonathan,TARG
7,Judges,6,5,Judges 6:5,10,וּלְהוֹן,,,,Jonathan,TARG
7,Judges,6,5,Judges 6:5,11,וְלִגְמַלֵיהוֹן,,,,Jonathan,TARG
7,Judges,6,5,Judges 6:5,12,לֵית,,,,Jonathan,TARG
7,Judges,6,5,Judges 6:5,13,מִנְיָן,,,,Jonathan,TARG
7,Judges,6,5,Judges 6:5,14,וְעָלִין,,,,Jonathan,TARG
7,Judges,6,5,Judges 6:5,15,בְּאַרְעָא,,,,Jonathan,TARG
7,Judges,6,5,Judges 6:5,16,לְחַבָּלוּתָהּ:,,,,Jonathan,TARG
7,Judges,6,6,Judges 6:6,1,וּמְאַךְ,,,,Jonathan,TARG
7,Judges,6,6,Judges 6:6,2,יִשְׂרָאֵל,,,,Jonathan,TARG
7,Judges,6,6,Judges 6:6,3,לַחֲדָא,,,,Jonathan,TARG
7,Judges,6,6,Judges 6:6,4,מִן,,,,Jonathan,TARG
7,Judges,6,6,Judges 6:6,5,קֳדָם,,,,Jonathan,TARG
7,Judges,6,6,Judges 6:6,6,מִדְיָנָאֵי,,,,Jonathan,TARG
7,Judges,6,6,Judges 6:6,7,וּזְעִיקוּ,,,,Jonathan,TARG
7,Judges,6,6,Judges 6:6,8,בְנֵי,,,,Jonathan,TARG
7,Judges,6,6,Judges 6:6,9,יִשְׂרָאֵל,,,,Jonathan,TARG
7,Judges,6,6,Judges 6:6,10,קֳדָם,,,,Jonathan,TARG
7,Judges,6,6,Judges 6:6,11,יְיָ:,,,,Jonathan,TARG
7,Judges,6,7,Judges 6:7,1,וַהֲוָה,,,,Jonathan,TARG
7,Judges,6,7,Judges 6:7,2,כַּד,,,,Jonathan,TARG
7,Judges,6,7,Judges 6:7,3,זְעִיקוּ,,,,Jonathan,TARG
7,Judges,6,7,Judges 6:7,4,בְּנֵי,,,,Jonathan,TARG
7,Judges,6,7,Judges 6:7,5,יִשְׂרָאֵל,,,,Jonathan,TARG
7,Judges,6,7,Judges 6:7,6,קֳדָם,,,,Jonathan,TARG
7,Judges,6,7,Judges 6:7,7,יְיָ,,,,Jonathan,TARG
7,Judges,6,7,Judges 6:7,8,עַל,,,,Jonathan,TARG
7,Judges,6,7,Judges 6:7,9,עֵסַק,,,,Jonathan,TARG
7,Judges,6,7,Judges 6:7,10,מִדְיָנָאֵי:,,,,Jonathan,TARG
7,Judges,6,8,Judges 6:8,1,וּשְׁלַח,,,,Jonathan,TARG
7,Judges,6,8,Judges 6:8,2,יְיָ,,,,Jonathan,TARG
7,Judges,6,8,Judges 6:8,3,גַבְרָא,,,,Jonathan,TARG
7,Judges,6,8,Judges 6:8,4,נְבִיָא,,,,Jonathan,TARG
7,Judges,6,8,Judges 6:8,5,לְוַת,,,,Jonathan,TARG
7,Judges,6,8,Judges 6:8,6,בְּנֵי,,,,Jonathan,TARG
7,Judges,6,8,Judges 6:8,7,יִשְׂרָאֵל,,,,Jonathan,TARG
7,Judges,6,8,Judges 6:8,8,וַאֲמַר,,,,Jonathan,TARG
7,Judges,6,8,Judges 6:8,9,לְהוֹן,,,,Jonathan,TARG
7,Judges,6,8,Judges 6:8,10,כִּדְנַן,,,,Jonathan,TARG
7,Judges,6,8,Judges 6:8,11,אֲמַר,,,,Jonathan,TARG
7,Judges,6,8,Judges 6:8,12,יְיָ,,,,Jonathan,TARG
7,Judges,6,8,Judges 6:8,13,אֱלָהָא,,,,Jonathan,TARG
7,Judges,6,8,Judges 6:8,14,דְיִשְׂרָאֵל,,,,Jonathan,TARG
7,Judges,6,8,Judges 6:8,15,אֲנָא,,,,Jonathan,TARG
7,Judges,6,8,Judges 6:8,16,אַסְקֵית,,,,Jonathan,TARG
7,Judges,6,8,Judges 6:8,17,יַתְכוֹן,,,,Jonathan,TARG
7,Judges,6,8,Judges 6:8,18,מִמִצְרַיִם,,,,Jonathan,TARG
7,Judges,6,8,Judges 6:8,19,וְאַפְקֵית,,,,Jonathan,TARG
7,Judges,6,8,Judges 6:8,20,יַתְכוֹן,,,,Jonathan,TARG
7,Judges,6,8,Judges 6:8,21,מִבֵּית,,,,Jonathan,TARG
7,Judges,6,8,Judges 6:8,22,עַבְדוּתָא:,,,,Jonathan,TARG
7,Judges,6,9,Judges 6:9,1,וְשֵׁיזְבֵית,,,,Jonathan,TARG
7,Judges,6,9,Judges 6:9,2,יַתְכוֹן,,,,Jonathan,TARG
7,Judges,6,9,Judges 6:9,3,מִידָא,,,,Jonathan,TARG
7,Judges,6,9,Judges 6:9,4,דְמִצְרָאֵי,,,,Jonathan,TARG
7,Judges,6,9,Judges 6:9,5,וּמִידָא,,,,Jonathan,TARG
7,Judges,6,9,Judges 6:9,6,כָּל,,,,Jonathan,TARG
7,Judges,6,9,Judges 6:9,7,דַחֲקֵיכוֹן,,,,Jonathan,TARG
7,Judges,6,9,Judges 6:9,8,וְתָרְכֵית,,,,Jonathan,TARG
7,Judges,6,9,Judges 6:9,9,יַתְהוֹן,,,,Jonathan,TARG
7,Judges,6,9,Judges 6:9,10,מִן,,,,Jonathan,TARG
7,Judges,6,9,Judges 6:9,11,קֳדָמֵיכוֹן,,,,Jonathan,TARG
7,Judges,6,9,Judges 6:9,12,וְיַהֲבֵית,,,,Jonathan,TARG
7,Judges,6,9,Judges 6:9,13,לְכוֹן,,,,Jonathan,TARG
7,Judges,6,9,Judges 6:9,14,יַת,,,,Jonathan,TARG
7,Judges,6,9,Judges 6:9,15,אַרְעֲהוֹן:,,,,Jonathan,TARG
7,Judges,6,10,Judges 6:10,1,וַאֲמָרִת,,,,Jonathan,TARG
7,Judges,6,10,Judges 6:10,2,לְכוֹן,,,,Jonathan,TARG
7,Judges,6,10,Judges 6:10,3,אֲנָא,,,,Jonathan,TARG
7,Judges,6,10,Judges 6:10,4,יְיָ,,,,Jonathan,TARG
7,Judges,6,10,Judges 6:10,5,אֱלָהָכוֹן,,,,Jonathan,TARG
7,Judges,6,10,Judges 6:10,6,לָא,,,,Jonathan,TARG
7,Judges,6,10,Judges 6:10,7,תִדְחֲלוּ,,,,Jonathan,TARG
7,Judges,6,10,Judges 6:10,8,יַת,,,,Jonathan,TARG
7,Judges,6,10,Judges 6:10,9,טַעֲוַת,,,,Jonathan,TARG
7,Judges,6,10,Judges 6:10,10,אֱמוֹרָאֵי,,,,Jonathan,TARG
7,Judges,6,10,Judges 6:10,11,דְאַתּוּן,,,,Jonathan,TARG
7,Judges,6,10,Judges 6:10,12,יַתְבִין,,,,Jonathan,TARG
7,Judges,6,10,Judges 6:10,13,בְּאַרְעֲהוֹן,,,,Jonathan,TARG
7,Judges,6,10,Judges 6:10,14,וְלָא,,,,Jonathan,TARG
7,Judges,6,10,Judges 6:10,15,קַבֵּלְתּוּן,,,,Jonathan,TARG
7,Judges,6,10,Judges 6:10,16,לְמֵימְרִי:,,,,Jonathan,TARG
7,Judges,6,11,Judges 6:11,1,וַאֲתָא,,,,Jonathan,TARG
7,Judges,6,11,Judges 6:11,2,מַלְאָכָא,,,,Jonathan,TARG
7,Judges,6,11,Judges 6:11,3,דַייָ,,,,Jonathan,TARG
7,Judges,6,11,Judges 6:11,4,וִיתֵב,,,,Jonathan,TARG
7,Judges,6,11,Judges 6:11,5,תְּחוֹת,,,,Jonathan,TARG
7,Judges,6,11,Judges 6:11,6,בּוּטְמָא,,,,Jonathan,TARG
7,Judges,6,11,Judges 6:11,7,דִי,,,,Jonathan,TARG
7,Judges,6,11,Judges 6:11,8,בְעָפְרָה,,,,Jonathan,TARG
7,Judges,6,11,Judges 6:11,9,דִי,,,,Jonathan,TARG
7,Judges,6,11,Judges 6:11,10,לְיוֹאָשׁ,,,,Jonathan,TARG
7,Judges,6,11,Judges 6:11,11,אֲבוּהִי,,,,Jonathan,TARG
7,Judges,6,11,Judges 6:11,12,דְעֶזְרִי,,,,Jonathan,TARG
7,Judges,6,11,Judges 6:11,13,וְגִדְעוֹן,,,,Jonathan,TARG
7,Judges,6,11,Judges 6:11,14,בְּרֵיהּ,,,,Jonathan,TARG
7,Judges,6,11,Judges 6:11,15,חָבֵיט,,,,Jonathan,TARG
7,Judges,6,11,Judges 6:11,16,חִטִין,,,,Jonathan,TARG
7,Judges,6,11,Judges 6:11,17,בְּמַעֲצַרְתָּא,,,,Jonathan,TARG
7,Judges,6,11,Judges 6:11,18,לַעֲרָקָא,,,,Jonathan,TARG
7,Judges,6,11,Judges 6:11,19,מִן,,,,Jonathan,TARG
7,Judges,6,11,Judges 6:11,20,קֳדָם,,,,Jonathan,TARG
7,Judges,6,11,Judges 6:11,21,מִדְיָנָאֵי:,,,,Jonathan,TARG
7,Judges,6,12,Judges 6:12,1,וְאִתְגְלֵי,,,,Jonathan,TARG
7,Judges,6,12,Judges 6:12,2,לֵיהּ,,,,Jonathan,TARG
7,Judges,6,12,Judges 6:12,3,מַלְאָכָא,,,,Jonathan,TARG
7,Judges,6,12,Judges 6:12,4,דַייָ,,,,Jonathan,TARG
7,Judges,6,12,Judges 6:12,5,וַאֲמַר,,,,Jonathan,TARG
7,Judges,6,12,Judges 6:12,6,לֵיהּ,,,,Jonathan,TARG
7,Judges,6,12,Judges 6:12,7,מֵימְרָא,,,,Jonathan,TARG
7,Judges,6,12,Judges 6:12,8,דַייָ,,,,Jonathan,TARG
7,Judges,6,12,Judges 6:12,9,בְּסַעְדָךְ,,,,Jonathan,TARG
7,Judges,6,12,Judges 6:12,10,גִבַּר,,,,Jonathan,TARG
7,Judges,6,12,Judges 6:12,11,חֵילָא:,,,,Jonathan,TARG
7,Judges,6,13,Judges 6:13,1,וַאֲמַר,,,,Jonathan,TARG
7,Judges,6,13,Judges 6:13,2,לֵיהּ,,,,Jonathan,TARG
7,Judges,6,13,Judges 6:13,3,גִדְעוֹן,,,,Jonathan,TARG
7,Judges,6,13,Judges 6:13,4,בְּבָעוּ,,,,Jonathan,TARG
7,Judges,6,13,Judges 6:13,5,רִבּוֹנִי,,,,Jonathan,TARG
7,Judges,6,13,Judges 6:13,6,וְאִית,,,,Jonathan,TARG
7,Judges,6,13,Judges 6:13,7,שְׁכִנְתָּא,,,,Jonathan,TARG
7,Judges,6,13,Judges 6:13,8,דַיְיָ,,,,Jonathan,TARG
7,Judges,6,13,Judges 6:13,9,בְּסַעְדָנָא,,,,Jonathan,TARG
7,Judges,6,13,Judges 6:13,10,וּלְמָא,,,,Jonathan,TARG
7,Judges,6,13,Judges 6:13,11,עַרְעָנָא,,,,Jonathan,TARG
7,Judges,6,13,Judges 6:13,12,כָּל,,,,Jonathan,TARG
7,Judges,6,13,Judges 6:13,13,דָא,,,,Jonathan,TARG
7,Judges,6,13,Judges 6:13,14,וְאָן,,,,Jonathan,TARG
7,Judges,6,13,Judges 6:13,15,כָּל,,,,Jonathan,TARG
7,Judges,6,13,Judges 6:13,16,פְּרִשְׁוָתֵיהּ,,,,Jonathan,TARG
7,Judges,6,13,Judges 6:13,17,דְאִשְׁתְּעִיאוּ,,,,Jonathan,TARG
7,Judges,6,13,Judges 6:13,18,לָנָא,,,,Jonathan,TARG
7,Judges,6,13,Judges 6:13,19,אַבְהָתָנָא,,,,Jonathan,TARG
7,Judges,6,13,Judges 6:13,20,לְמֵימַר,,,,Jonathan,TARG
7,Judges,6,13,Judges 6:13,21,הֲלָא,,,,Jonathan,TARG
7,Judges,6,13,Judges 6:13,22,מִמִצְרַיִם,,,,Jonathan,TARG
7,Judges,6,13,Judges 6:13,23,אַסְקָנָא,,,,Jonathan,TARG
7,Judges,6,13,Judges 6:13,24,יְיָ,,,,Jonathan,TARG
7,Judges,6,13,Judges 6:13,25,וּכְעַן,,,,Jonathan,TARG
7,Judges,6,13,Judges 6:13,26,רַטְשָׁנָא,,,,Jonathan,TARG
7,Judges,6,13,Judges 6:13,27,יְיָ,,,,Jonathan,TARG
7,Judges,6,13,Judges 6:13,28,וּמַסְרָנָא,,,,Jonathan,TARG
7,Judges,6,13,Judges 6:13,29,בִּידָא,,,,Jonathan,TARG
7,Judges,6,13,Judges 6:13,30,דְמִדְיָנָאֵי:,,,,Jonathan,TARG
7,Judges,6,14,Judges 6:14,1,וְאִתְפְּנֵי,,,,Jonathan,TARG
7,Judges,6,14,Judges 6:14,2,לֵיהּ,,,,Jonathan,TARG
7,Judges,6,14,Judges 6:14,3,יְיָ,,,,Jonathan,TARG
7,Judges,6,14,Judges 6:14,4,וַאֲמַר,,,,Jonathan,TARG
7,Judges,6,14,Judges 6:14,5,אֱזִיל,,,,Jonathan,TARG
7,Judges,6,14,Judges 6:14,6,בְּחֵילָךְ,,,,Jonathan,TARG
7,Judges,6,14,Judges 6:14,7,דֵין,,,,Jonathan,TARG
7,Judges,6,14,Judges 6:14,8,וְתִפְרוֹק,,,,Jonathan,TARG
7,Judges,6,14,Judges 6:14,9,יַת,,,,Jonathan,TARG
7,Judges,6,14,Judges 6:14,10,יִשְׂרָאֵל,,,,Jonathan,TARG
7,Judges,6,14,Judges 6:14,11,מִידָא,,,,Jonathan,TARG
7,Judges,6,14,Judges 6:14,12,דְמִדְיָנָאֵי,,,,Jonathan,TARG
7,Judges,6,14,Judges 6:14,13,הֲלָא,,,,Jonathan,TARG
7,Judges,6,14,Judges 6:14,14,שְׁלַחְתִּיךְ:,,,,Jonathan,TARG
7,Judges,6,15,Judges 6:15,1,וַאֲמַר,,,,Jonathan,TARG
7,Judges,6,15,Judges 6:15,2,לֵיהּ,,,,Jonathan,TARG
7,Judges,6,15,Judges 6:15,3,בְּבָעוּ,,,,Jonathan,TARG
7,Judges,6,15,Judges 6:15,4,יְיָ,,,,Jonathan,TARG
7,Judges,6,15,Judges 6:15,5,בְּמָא,,,,Jonathan,TARG
7,Judges,6,15,Judges 6:15,6,אֶפְרוֹק,,,,Jonathan,TARG
7,Judges,6,15,Judges 6:15,7,יַת,,,,Jonathan,TARG
7,Judges,6,15,Judges 6:15,8,יִשְׂרָאֵל,,,,Jonathan,TARG
7,Judges,6,15,Judges 6:15,9,הֲלָא,,,,Jonathan,TARG
7,Judges,6,15,Judges 6:15,10,הָא,,,,Jonathan,TARG
7,Judges,6,15,Judges 6:15,11,זַרְעִיתִי,,,,Jonathan,TARG
7,Judges,6,15,Judges 6:15,12,זְעִירָא,,,,Jonathan,TARG
7,Judges,6,15,Judges 6:15,13,בְּשֵׁבֶט,,,,Jonathan,TARG
7,Judges,6,15,Judges 6:15,14,מְנַשֶׁה,,,,Jonathan,TARG
7,Judges,6,15,Judges 6:15,15,וַאֲנָא,,,,Jonathan,TARG
7,Judges,6,15,Judges 6:15,16,חֲלַשׁ,,,,Jonathan,TARG
7,Judges,6,15,Judges 6:15,17,בְּבֵית,,,,Jonathan,TARG
7,Judges,6,15,Judges 6:15,18,אַבָּא:,,,,Jonathan,TARG
7,Judges,6,16,Judges 6:16,1,וַאֲמַר,,,,Jonathan,TARG
7,Judges,6,16,Judges 6:16,2,לֵיהּ,,,,Jonathan,TARG
7,Judges,6,16,Judges 6:16,3,יְיָ,,,,Jonathan,TARG
7,Judges,6,16,Judges 6:16,4,אֲרֵי,,,,Jonathan,TARG
7,Judges,6,16,Judges 6:16,5,יְהֵי,,,,Jonathan,TARG
7,Judges,6,16,Judges 6:16,6,מֵימְרִי,,,,Jonathan,TARG
7,Judges,6,16,Judges 6:16,7,בְּסַעֲדָךְ,,,,Jonathan,TARG
7,Judges,6,16,Judges 6:16,8,וְתִקְטוֹל,,,,Jonathan,TARG
7,Judges,6,16,Judges 6:16,9,יַת,,,,Jonathan,TARG
7,Judges,6,16,Judges 6:16,10,מִדְיָן,,,,Jonathan,TARG
7,Judges,6,16,Judges 6:16,11,כְּגַבְרָא,,,,Jonathan,TARG
7,Judges,6,16,Judges 6:16,12,חָד:,,,,Jonathan,TARG
7,Judges,6,17,Judges 6:17,1,וַאֲמַר,,,,Jonathan,TARG
7,Judges,6,17,Judges 6:17,2,לֵיהּ,,,,Jonathan,TARG
7,Judges,6,17,Judges 6:17,3,אִם,,,,Jonathan,TARG
7,Judges,6,17,Judges 6:17,4,כְּעַן,,,,Jonathan,TARG
7,Judges,6,17,Judges 6:17,5,אַשְׁכָּחִית,,,,Jonathan,TARG
7,Judges,6,17,Judges 6:17,6,רַחֲמִין,,,,Jonathan,TARG
7,Judges,6,17,Judges 6:17,7,בְעֵינָךְ,,,,Jonathan,TARG
7,Judges,6,17,Judges 6:17,8,וְתַעְבֵּיד,,,,Jonathan,TARG
7,Judges,6,17,Judges 6:17,9,לִי,,,,Jonathan,TARG
7,Judges,6,17,Judges 6:17,10,אָת,,,,Jonathan,TARG
7,Judges,6,17,Judges 6:17,11,דִי,,,,Jonathan,TARG
7,Judges,6,17,Judges 6:17,12,אַתְּ,,,,Jonathan,TARG
7,Judges,6,17,Judges 6:17,13,מְמַלֵיל,,,,Jonathan,TARG
7,Judges,6,17,Judges 6:17,14,עִמִי:,,,,Jonathan,TARG
7,Judges,6,18,Judges 6:18,1,לָא,,,,Jonathan,TARG
7,Judges,6,18,Judges 6:18,2,כְעַן,,,,Jonathan,TARG
7,Judges,6,18,Judges 6:18,3,תַּעֲדֵי,,,,Jonathan,TARG
7,Judges,6,18,Judges 6:18,4,מִכָּא,,,,Jonathan,TARG
7,Judges,6,18,Judges 6:18,5,עַד,,,,Jonathan,TARG
7,Judges,6,18,Judges 6:18,6,מֵתָאִי,,,,Jonathan,TARG
7,Judges,6,18,Judges 6:18,7,לְוָתָךְ,,,,Jonathan,TARG
7,Judges,6,18,Judges 6:18,8,וְאַפֵק,,,,Jonathan,TARG
7,Judges,6,18,Judges 6:18,9,יַת,,,,Jonathan,TARG
7,Judges,6,18,Judges 6:18,10,תִּקְרוּבְתִּי,,,,Jonathan,TARG
7,Judges,6,18,Judges 6:18,11,וְאַנִיחַ,,,,Jonathan,TARG
7,Judges,6,18,Judges 6:18,12,קֳדָמָךְ,,,,Jonathan,TARG
7,Judges,6,18,Judges 6:18,13,וַאֲמַר,,,,Jonathan,TARG
7,Judges,6,18,Judges 6:18,14,אֲנָא,,,,Jonathan,TARG
7,Judges,6,18,Judges 6:18,15,אוֹרִיךְ,,,,Jonathan,TARG
7,Judges,6,18,Judges 6:18,16,עַד,,,,Jonathan,TARG
7,Judges,6,18,Judges 6:18,17,דִתְתוּב:,,,,Jonathan,TARG
7,Judges,6,19,Judges 6:19,1,וְגִדְעוֹן,,,,Jonathan,TARG
7,Judges,6,19,Judges 6:19,2,אָתָא,,,,Jonathan,TARG
7,Judges,6,19,Judges 6:19,3,וַעֲבַד,,,,Jonathan,TARG
7,Judges,6,19,Judges 6:19,4,גַדְיָא,,,,Jonathan,TARG
7,Judges,6,19,Judges 6:19,5,בַּר,,,,Jonathan,TARG
7,Judges,6,19,Judges 6:19,6,עִזֵי,,,,Jonathan,TARG
7,Judges,6,19,Judges 6:19,7,וּמְכִילְתָּא,,,,Jonathan,TARG
7,Judges,6,19,Judges 6:19,8,דְקִמְחָא,,,,Jonathan,TARG
7,Judges,6,19,Judges 6:19,9,אָפָה,,,,Jonathan,TARG
7,Judges,6,19,Judges 6:19,10,פַּטֵיר,,,,Jonathan,TARG
7,Judges,6,19,Judges 6:19,11,בִּסְרָא,,,,Jonathan,TARG
7,Judges,6,19,Judges 6:19,12,שַׁוִי,,,,Jonathan,TARG
7,Judges,6,19,Judges 6:19,13,בְּסַלָא,,,,Jonathan,TARG
7,Judges,6,19,Judges 6:19,14,וְתַבְשִׁילָא,,,,Jonathan,TARG
7,Judges,6,19,Judges 6:19,15,שַׁוִי,,,,Jonathan,TARG
7,Judges,6,19,Judges 6:19,16,בְּקִדְרָא,,,,Jonathan,TARG
7,Judges,6,19,Judges 6:19,17,וְאַפֵּיק,,,,Jonathan,TARG
7,Judges,6,19,Judges 6:19,18,לְוָתֵיה,,,,Jonathan,TARG
7,Judges,6,19,Judges 6:19,19,לִתְחוֹת,,,,Jonathan,TARG
7,Judges,6,19,Judges 6:19,20,אִילָנָא,,,,Jonathan,TARG
7,Judges,6,19,Judges 6:19,21,וְקָרֵב:,,,,Jonathan,TARG
7,Judges,6,20,Judges 6:20,1,וַאֲמַר,,,,Jonathan,TARG
7,Judges,6,20,Judges 6:20,2,לֵיהּ,,,,Jonathan,TARG
7,Judges,6,20,Judges 6:20,3,מַלְאָכָא,,,,Jonathan,TARG
7,Judges,6,20,Judges 6:20,4,דַיְיָ,,,,Jonathan,TARG
7,Judges,6,20,Judges 6:20,5,סַב,,,,Jonathan,TARG
7,Judges,6,20,Judges 6:20,6,יַת,,,,Jonathan,TARG
7,Judges,6,20,Judges 6:20,7,בִּסְרָא,,,,Jonathan,TARG
7,Judges,6,20,Judges 6:20,8,וְיַת,,,,Jonathan,TARG
7,Judges,6,20,Judges 6:20,9,פַּטִירָא,,,,Jonathan,TARG
7,Judges,6,20,Judges 6:20,10,וְאָחֵית,,,,Jonathan,TARG
7,Judges,6,20,Judges 6:20,11,לְכֵיפָא,,,,Jonathan,TARG
7,Judges,6,20,Judges 6:20,12,דֵיכִי,,,,Jonathan,TARG
7,Judges,6,20,Judges 6:20,13,וְיַת,,,,Jonathan,TARG
7,Judges,6,20,Judges 6:20,14,תַּבְשִׁילָא,,,,Jonathan,TARG
7,Judges,6,20,Judges 6:20,15,שְׁפוֹךְ,,,,Jonathan,TARG
7,Judges,6,20,Judges 6:20,16,וַעֲבַד,,,,Jonathan,TARG
7,Judges,6,20,Judges 6:20,17,כֵּן:,,,,Jonathan,TARG
7,Judges,6,21,Judges 6:21,1,וְאוֹשֵׁיט,,,,Jonathan,TARG
7,Judges,6,21,Judges 6:21,2,מַלְאָכָא,,,,Jonathan,TARG
7,Judges,6,21,Judges 6:21,3,דַייָ,,,,Jonathan,TARG
7,Judges,6,21,Judges 6:21,4,יַת,,,,Jonathan,TARG
7,Judges,6,21,Judges 6:21,5,רֵישׁ,,,,Jonathan,TARG
7,Judges,6,21,Judges 6:21,6,שׁוֹטִיתָא,,,,Jonathan,TARG
7,Judges,6,21,Judges 6:21,7,דְבִידֵיהּ,,,,Jonathan,TARG
7,Judges,6,21,Judges 6:21,8,וְקָרֵיב,,,,Jonathan,TARG
7,Judges,6,21,Judges 6:21,9,בְּבִסְרָא,,,,Jonathan,TARG
7,Judges,6,21,Judges 6:21,10,וּבְפַּטִירָא,,,,Jonathan,TARG
7,Judges,6,21,Judges 6:21,11,וּסְלֵיקַת,,,,Jonathan,TARG
7,Judges,6,21,Judges 6:21,12,אֶשְׁתָּא,,,,Jonathan,TARG
7,Judges,6,21,Judges 6:21,13,מִן,,,,Jonathan,TARG
7,Judges,6,21,Judges 6:21,14,טִנָרָא,,,,Jonathan,TARG
7,Judges,6,21,Judges 6:21,15,וְאַכְלַת,,,,Jonathan,TARG
7,Judges,6,21,Judges 6:21,16,יַת,,,,Jonathan,TARG
7,Judges,6,21,Judges 6:21,17,בִּסְרָא,,,,Jonathan,TARG
7,Judges,6,21,Judges 6:21,18,וְיַת,,,,Jonathan,TARG
7,Judges,6,21,Judges 6:21,19,פַּטִירָא,,,,Jonathan,TARG
7,Judges,6,21,Judges 6:21,20,וּמַלְאָכָא,,,,Jonathan,TARG
7,Judges,6,21,Judges 6:21,21,דַייָ,,,,Jonathan,TARG
7,Judges,6,21,Judges 6:21,22,אִסְתַּלֵק,,,,Jonathan,TARG
7,Judges,6,21,Judges 6:21,23,מִלְקֳבֵיל,,,,Jonathan,TARG
7,Judges,6,21,Judges 6:21,24,עֵינוֹהִי:,,,,Jonathan,TARG
7,Judges,6,22,Judges 6:22,1,וַחֲזָא,,,,Jonathan,TARG
7,Judges,6,22,Judges 6:22,2,גִדְעוֹן,,,,Jonathan,TARG
7,Judges,6,22,Judges 6:22,3,אֲרֵי,,,,Jonathan,TARG
7,Judges,6,22,Judges 6:22,4,מַלְאָכָא,,,,Jonathan,TARG
7,Judges,6,22,Judges 6:22,5,דַייָ,,,,Jonathan,TARG
7,Judges,6,22,Judges 6:22,6,הוּא,,,,Jonathan,TARG
7,Judges,6,22,Judges 6:22,7,וַאֲמַר,,,,Jonathan,TARG
7,Judges,6,22,Judges 6:22,8,גִדְעוֹן,,,,Jonathan,TARG
7,Judges,6,22,Judges 6:22,9,בְּבָעוּ,,,,Jonathan,TARG
7,Judges,6,22,Judges 6:22,10,יְיָ,,,,Jonathan,TARG
7,Judges,6,22,Judges 6:22,11,אֱלֹהִים,,,,Jonathan,TARG
7,Judges,6,22,Judges 6:22,12,אֲרֵי,,,,Jonathan,TARG
7,Judges,6,22,Judges 6:22,13,עַל,,,,Jonathan,TARG
7,Judges,6,22,Judges 6:22,14,כֵּן,,,,Jonathan,TARG
7,Judges,6,22,Judges 6:22,15,חֲזֵיתִי,,,,Jonathan,TARG
7,Judges,6,22,Judges 6:22,16,מַלְאָכָא,,,,Jonathan,TARG
7,Judges,6,22,Judges 6:22,17,דַייָ,,,,Jonathan,TARG
7,Judges,6,22,Judges 6:22,18,אַפִּין,,,,Jonathan,TARG
7,Judges,6,22,Judges 6:22,19,בְּאַפִּין:,,,,Jonathan,TARG
7,Judges,6,23,Judges 6:23,1,וַאֲמַר,,,,Jonathan,TARG
7,Judges,6,23,Judges 6:23,2,לֵיהּ,,,,Jonathan,TARG
7,Judges,6,23,Judges 6:23,3,יְיָ,,,,Jonathan,TARG
7,Judges,6,23,Judges 6:23,4,שְׁלַם,,,,Jonathan,TARG
7,Judges,6,23,Judges 6:23,5,לָךְ,,,,Jonathan,TARG
7,Judges,6,23,Judges 6:23,6,לָא,,,,Jonathan,TARG
7,Judges,6,23,Judges 6:23,7,תִדְחַל,,,,Jonathan,TARG
7,Judges,6,23,Judges 6:23,8,לָא,,,,Jonathan,TARG
7,Judges,6,23,Judges 6:23,9,תְמוּת:,,,,Jonathan,TARG
7,Judges,6,24,Judges 6:24,1,וּבְנָא,,,,Jonathan,TARG
7,Judges,6,24,Judges 6:24,2,תַמָן,,,,Jonathan,TARG
7,Judges,6,24,Judges 6:24,3,גִדְעוֹן,,,,Jonathan,TARG
7,Judges,6,24,Judges 6:24,4,מַדְבְּחָא,,,,Jonathan,TARG
7,Judges,6,24,Judges 6:24,5,קֳדָם,,,,Jonathan,TARG
7,Judges,6,24,Judges 6:24,6,יְיָ,,,,Jonathan,TARG
7,Judges,6,24,Judges 6:24,7,וּפְלַח,,,,Jonathan,TARG
7,Judges,6,24,Judges 6:24,8,עֲלוֹהִי,,,,Jonathan,TARG
7,Judges,6,24,Judges 6:24,9,קֳדָם,,,,Jonathan,TARG
7,Judges,6,24,Judges 6:24,10,יְיָ,,,,Jonathan,TARG
7,Judges,6,24,Judges 6:24,11,דַעֲבַד,,,,Jonathan,TARG
7,Judges,6,24,Judges 6:24,12,לֵיהּ,,,,Jonathan,TARG
7,Judges,6,24,Judges 6:24,13,שְׁלָם,,,,Jonathan,TARG
7,Judges,6,24,Judges 6:24,14,עַד,,,,Jonathan,TARG
7,Judges,6,24,Judges 6:24,15,יוֹמָא,,,,Jonathan,TARG
7,Judges,6,24,Judges 6:24,16,הָדֵין,,,,Jonathan,TARG
7,Judges,6,24,Judges 6:24,17,עַד,,,,Jonathan,TARG
7,Judges,6,24,Judges 6:24,18,כְּעַן,,,,Jonathan,TARG
7,Judges,6,24,Judges 6:24,19,אִיתוֹהִי,,,,Jonathan,TARG
7,Judges,6,24,Judges 6:24,20,בְּעָפְרַת,,,,Jonathan,TARG
7,Judges,6,24,Judges 6:24,21,אֲבוּהִי,,,,Jonathan,TARG
7,Judges,6,24,Judges 6:24,22,דְעֵזֶר:,,,,Jonathan,TARG
7,Judges,6,25,Judges 6:25,1,וַהֲוָה,,,,Jonathan,TARG
7,Judges,6,25,Judges 6:25,2,בְּלֵילְיָא,,,,Jonathan,TARG
7,Judges,6,25,Judges 6:25,3,הַהוּא,,,,Jonathan,TARG
7,Judges,6,25,Judges 6:25,4,וַאֲמַר,,,,Jonathan,TARG
7,Judges,6,25,Judges 6:25,5,לֵיהּ,,,,Jonathan,TARG
7,Judges,6,25,Judges 6:25,6,יְיָ,,,,Jonathan,TARG
7,Judges,6,25,Judges 6:25,7,סַב,,,,Jonathan,TARG
7,Judges,6,25,Judges 6:25,8,יַת,,,,Jonathan,TARG
7,Judges,6,25,Judges 6:25,9,תּוֹר,,,,Jonathan,TARG
7,Judges,6,25,Judges 6:25,10,בַּר,,,,Jonathan,TARG
7,Judges,6,25,Judges 6:25,11,תּוֹרֵי,,,,Jonathan,TARG
7,Judges,6,25,Judges 6:25,12,דִי,,,,Jonathan,TARG
7,Judges,6,25,Judges 6:25,13,לַאֲבוּךְ,,,,Jonathan,TARG
7,Judges,6,25,Judges 6:25,14,וְתוֹר,,,,Jonathan,TARG
7,Judges,6,25,Judges 6:25,15,תִּנְיָנָא,,,,Jonathan,TARG
7,Judges,6,25,Judges 6:25,16,דְאִתְפַּטִים,,,,Jonathan,TARG
7,Judges,6,25,Judges 6:25,17,שְׁבַע,,,,Jonathan,TARG
7,Judges,6,25,Judges 6:25,18,שְׁנִין,,,,Jonathan,TARG
7,Judges,6,25,Judges 6:25,19,וּתְפַגֵר,,,,Jonathan,TARG
7,Judges,6,25,Judges 6:25,20,יַת,,,,Jonathan,TARG
7,Judges,6,25,Judges 6:25,21,אֱגוֹרָא,,,,Jonathan,TARG
7,Judges,6,25,Judges 6:25,22,דְבַעֲלָא,,,,Jonathan,TARG
7,Judges,6,25,Judges 6:25,23,דִי,,,,Jonathan,TARG
7,Judges,6,25,Judges 6:25,24,לַאֲבוּךְ,,,,Jonathan,TARG
7,Judges,6,25,Judges 6:25,25,וְיַת,,,,Jonathan,TARG
7,Judges,6,25,Judges 6:25,26,אֲשֶׁרְתָּא,,,,Jonathan,TARG
7,Judges,6,25,Judges 6:25,27,דִי,,,,Jonathan,TARG
7,Judges,6,25,Judges 6:25,28,עֲלוֹהִי,,,,Jonathan,TARG
7,Judges,6,25,Judges 6:25,29,תְּקוֹץ:,,,,Jonathan,TARG
7,Judges,6,26,Judges 6:26,1,וְתִבְנֵי,,,,Jonathan,TARG
7,Judges,6,26,Judges 6:26,2,מַדְבְּחָא,,,,Jonathan,TARG
7,Judges,6,26,Judges 6:26,3,קֳדָם,,,,Jonathan,TARG
7,Judges,6,26,Judges 6:26,4,יְיָ,,,,Jonathan,TARG
7,Judges,6,26,Judges 6:26,5,אֱלָהָךְ,,,,Jonathan,TARG
7,Judges,6,26,Judges 6:26,6,עַל,,,,Jonathan,TARG
7,Judges,6,26,Judges 6:26,7,רֵישׁ,,,,Jonathan,TARG
7,Judges,6,26,Judges 6:26,8,תּוּקְפָא,,,,Jonathan,TARG
7,Judges,6,26,Judges 6:26,9,הָדֵין,,,,Jonathan,TARG
7,Judges,6,26,Judges 6:26,10,בְּסִדְרָא,,,,Jonathan,TARG
7,Judges,6,26,Judges 6:26,11,וְתִסַב,,,,Jonathan,TARG
7,Judges,6,26,Judges 6:26,12,יַת,,,,Jonathan,TARG
7,Judges,6,26,Judges 6:26,13,תּוֹרָא,,,,Jonathan,TARG
7,Judges,6,26,Judges 6:26,14,תִּנְיָנָא,,,,Jonathan,TARG
7,Judges,6,26,Judges 6:26,15,וְתַסֵיק,,,,Jonathan,TARG
7,Judges,6,26,Judges 6:26,16,עֲלָתָא,,,,Jonathan,TARG
7,Judges,6,26,Judges 6:26,17,בְּאָעֵי,,,,Jonathan,TARG
7,Judges,6,26,Judges 6:26,18,אֲשֶׁרְתָּא,,,,Jonathan,TARG
7,Judges,6,26,Judges 6:26,19,דִי,,,,Jonathan,TARG
7,Judges,6,26,Judges 6:26,20,תְקוֹץ:,,,,Jonathan,TARG
7,Judges,6,27,Judges 6:27,1,וּדְבַר,,,,Jonathan,TARG
7,Judges,6,27,Judges 6:27,2,גִדְעוֹן,,,,Jonathan,TARG
7,Judges,6,27,Judges 6:27,3,עַסְרָאן,,,,Jonathan,TARG
7,Judges,6,27,Judges 6:27,4,גַבְרִין,,,,Jonathan,TARG
7,Judges,6,27,Judges 6:27,5,מֵעַבְדוֹהִי,,,,Jonathan,TARG
7,Judges,6,27,Judges 6:27,6,וַעֲבַד,,,,Jonathan,TARG
7,Judges,6,27,Judges 6:27,7,כְּמָא,,,,Jonathan,TARG
7,Judges,6,27,Judges 6:27,8,דְמַלֵיל,,,,Jonathan,TARG
7,Judges,6,27,Judges 6:27,9,עִמֵיהּ,,,,Jonathan,TARG
7,Judges,6,27,Judges 6:27,10,יְיָ,,,,Jonathan,TARG
7,Judges,6,27,Judges 6:27,11,וַהֲוָה,,,,Jonathan,TARG
7,Judges,6,27,Judges 6:27,12,מִדְדָחִיל,,,,Jonathan,TARG
7,Judges,6,27,Judges 6:27,13,מִן,,,,Jonathan,TARG
7,Judges,6,27,Judges 6:27,14,בֵּית,,,,Jonathan,TARG
7,Judges,6,27,Judges 6:27,15,אֲבוּהִי,,,,Jonathan,TARG
7,Judges,6,27,Judges 6:27,16,וּמִן,,,,Jonathan,TARG
7,Judges,6,27,Judges 6:27,17,אֱנָשֵׁי,,,,Jonathan,TARG
7,Judges,6,27,Judges 6:27,18,קַרְתָּא,,,,Jonathan,TARG
7,Judges,6,27,Judges 6:27,19,מִלְמֶעְבַּד,,,,Jonathan,TARG
7,Judges,6,27,Judges 6:27,20,בִּימָמָא,,,,Jonathan,TARG
7,Judges,6,27,Judges 6:27,21,וַעֲבַד,,,,Jonathan,TARG
7,Judges,6,27,Judges 6:27,22,לֵילְיָא:,,,,Jonathan,TARG
7,Judges,6,28,Judges 6:28,1,וְאַקְדִימוּ,,,,Jonathan,TARG
7,Judges,6,28,Judges 6:28,2,אֱנָשֵׁי,,,,Jonathan,TARG
7,Judges,6,28,Judges 6:28,3,קַרְתָּא,,,,Jonathan,TARG
7,Judges,6,28,Judges 6:28,4,בְּצַפְרָא,,,,Jonathan,TARG
7,Judges,6,28,Judges 6:28,5,וְהָא,,,,Jonathan,TARG
7,Judges,6,28,Judges 6:28,6,מִתְרַע,,,,Jonathan,TARG
7,Judges,6,28,Judges 6:28,7,אֱגוֹרָא,,,,Jonathan,TARG
7,Judges,6,28,Judges 6:28,8,דְבַעֲלָא,,,,Jonathan,TARG
7,Judges,6,28,Judges 6:28,9,וַאֲשֶׁרְתָּא,,,,Jonathan,TARG
7,Judges,6,28,Judges 6:28,10,דִי,,,,Jonathan,TARG
7,Judges,6,28,Judges 6:28,11,עֲלוֹהִי,,,,Jonathan,TARG
7,Judges,6,28,Judges 6:28,12,קְצִיצָא,,,,Jonathan,TARG
7,Judges,6,28,Judges 6:28,13,וְיַת,,,,Jonathan,TARG
7,Judges,6,28,Judges 6:28,14,תּוֹרָא,,,,Jonathan,TARG
7,Judges,6,28,Judges 6:28,15,תִנְיָנָא,,,,Jonathan,TARG
7,Judges,6,28,Judges 6:28,16,מִסַק,,,,Jonathan,TARG
7,Judges,6,28,Judges 6:28,17,עַל,,,,Jonathan,TARG
7,Judges,6,28,Judges 6:28,18,מַדְבְּחָא,,,,Jonathan,TARG
7,Judges,6,28,Judges 6:28,19,דְבָנוּי:,,,,Jonathan,TARG
7,Judges,6,29,Judges 6:29,1,וַאֲמַרוּ,,,,Jonathan,TARG
7,Judges,6,29,Judges 6:29,2,גְבַר,,,,Jonathan,TARG
7,Judges,6,29,Judges 6:29,3,לְחַבְרֵיהּ,,,,Jonathan,TARG
7,Judges,6,29,Judges 6:29,4,מָן,,,,Jonathan,TARG
7,Judges,6,29,Judges 6:29,5,עֲבַד,,,,Jonathan,TARG
7,Judges,6,29,Judges 6:29,6,פִּתְגָמָא,,,,Jonathan,TARG
7,Judges,6,29,Judges 6:29,7,הָדֵין,,,,Jonathan,TARG
7,Judges,6,29,Judges 6:29,8,וּתְבַעוּ,,,,Jonathan,TARG
7,Judges,6,29,Judges 6:29,9,וּבְעוֹ,,,,Jonathan,TARG
7,Judges,6,29,Judges 6:29,10,וַאֲמַרוּ,,,,Jonathan,TARG
7,Judges,6,29,Judges 6:29,11,גִדְעוֹן,,,,Jonathan,TARG
7,Judges,6,29,Judges 6:29,12,בַּר,,,,Jonathan,TARG
7,Judges,6,29,Judges 6:29,13,יוֹאָשׁ,,,,Jonathan,TARG
7,Judges,6,29,Judges 6:29,14,עֲבַד,,,,Jonathan,TARG
7,Judges,6,29,Judges 6:29,15,פִּתְגָמָא,,,,Jonathan,TARG
7,Judges,6,29,Judges 6:29,16,הָדֵין:,,,,Jonathan,TARG
7,Judges,6,30,Judges 6:30,1,וַאֲמַרוּ,,,,Jonathan,TARG
7,Judges,6,30,Judges 6:30,2,אֱנָשֵׁי,,,,Jonathan,TARG
7,Judges,6,30,Judges 6:30,3,קַרְתָּא,,,,Jonathan,TARG
7,Judges,6,30,Judges 6:30,4,לְיוֹאָשׁ,,,,Jonathan,TARG
7,Judges,6,30,Judges 6:30,5,אַפֵיק,,,,Jonathan,TARG
7,Judges,6,30,Judges 6:30,6,יַת,,,,Jonathan,TARG
7,Judges,6,30,Judges 6:30,7,בְּרָךְ,,,,Jonathan,TARG
7,Judges,6,30,Judges 6:30,8,וְיִתְקְטַל,,,,Jonathan,TARG
7,Judges,6,30,Judges 6:30,9,אֲרֵי,,,,Jonathan,TARG
7,Judges,6,30,Judges 6:30,10,תְרַע,,,,Jonathan,TARG
7,Judges,6,30,Judges 6:30,11,יַת,,,,Jonathan,TARG
7,Judges,6,30,Judges 6:30,12,אֵיגוֹרָא,,,,Jonathan,TARG
7,Judges,6,30,Judges 6:30,13,דְבַעֲלָא,,,,Jonathan,TARG
7,Judges,6,30,Judges 6:30,14,וַאֲרֵי,,,,Jonathan,TARG
7,Judges,6,30,Judges 6:30,15,קָץ,,,,Jonathan,TARG
7,Judges,6,30,Judges 6:30,16,אֲשֶׁרְתָּא,,,,Jonathan,TARG
7,Judges,6,30,Judges 6:30,17,דִי,,,,Jonathan,TARG
7,Judges,6,30,Judges 6:30,18,עֲלוֹהִי:,,,,Jonathan,TARG
7,Judges,6,31,Judges 6:31,1,וַאֲמַר,,,,Jonathan,TARG
7,Judges,6,31,Judges 6:31,2,יוֹאָשׁ,,,,Jonathan,TARG
7,Judges,6,31,Judges 6:31,3,לְכָל,,,,Jonathan,TARG
7,Judges,6,31,Judges 6:31,4,דְקָמוּ,,,,Jonathan,TARG
7,Judges,6,31,Judges 6:31,5,עֲלוֹהִי,,,,Jonathan,TARG
7,Judges,6,31,Judges 6:31,6,הֲאַתּוּן,,,,Jonathan,TARG
7,Judges,6,31,Judges 6:31,7,תִּתְפַּרְעִין,,,,Jonathan,TARG
7,Judges,6,31,Judges 6:31,8,לְבַעֲלָא,,,,Jonathan,TARG
7,Judges,6,31,Judges 6:31,9,אִם,,,,Jonathan,TARG
7,Judges,6,31,Judges 6:31,10,אַתּוּן,,,,Jonathan,TARG
7,Judges,6,31,Judges 6:31,11,תִּפְרְקוּן,,,,Jonathan,TARG
7,Judges,6,31,Judges 6:31,12,יָתֵיהּ,,,,Jonathan,TARG
7,Judges,6,31,Judges 6:31,13,דְיִתְפְּרַע,,,,Jonathan,TARG
7,Judges,6,31,Judges 6:31,14,לֵיהּ,,,,Jonathan,TARG
7,Judges,6,31,Judges 6:31,15,יִתְקְטֵל,,,,Jonathan,TARG
7,Judges,6,31,Judges 6:31,16,בְּרַם,,,,Jonathan,TARG
7,Judges,6,31,Judges 6:31,17,אַרְכָּא,,,,Jonathan,TARG
7,Judges,6,31,Judges 6:31,18,יִתְיְהֵב,,,,Jonathan,TARG
7,Judges,6,31,Judges 6:31,19,לֵיהּ,,,,Jonathan,TARG
7,Judges,6,31,Judges 6:31,20,עַד,,,,Jonathan,TARG
7,Judges,6,31,Judges 6:31,21,צַפְרָא,,,,Jonathan,TARG
7,Judges,6,31,Judges 6:31,22,אִם,,,,Jonathan,TARG
7,Judges,6,31,Judges 6:31,23,צְרוֹךְ,,,,Jonathan,TARG
7,Judges,6,31,Judges 6:31,24,אִית,,,,Jonathan,TARG
7,Judges,6,31,Judges 6:31,25,בֵּיהּ,,,,Jonathan,TARG
7,Judges,6,31,Judges 6:31,26,יִתְפְּרַע,,,,Jonathan,TARG
7,Judges,6,31,Judges 6:31,27,לֵיהּ,,,,Jonathan,TARG
7,Judges,6,31,Judges 6:31,28,בַּעֲלָא,,,,Jonathan,TARG
7,Judges,6,31,Judges 6:31,29,אֲרֵי,,,,Jonathan,TARG
7,Judges,6,31,Judges 6:31,30,תְּרַע,,,,Jonathan,TARG
7,Judges,6,31,Judges 6:31,31,יַת,,,,Jonathan,TARG
7,Judges,6,31,Judges 6:31,32,אֱגוֹרֵיהּ:,,,,Jonathan,TARG
7,Judges,6,32,Judges 6:32,1,וּקְרָא,,,,Jonathan,TARG
7,Judges,6,32,Judges 6:32,2,לֵיהּ,,,,Jonathan,TARG
7,Judges,6,32,Judges 6:32,3,בְּיוֹמָא,,,,Jonathan,TARG
7,Judges,6,32,Judges 6:32,4,הַהוּא,,,,Jonathan,TARG
7,Judges,6,32,Judges 6:32,5,יְרֻבַּעַל,,,,Jonathan,TARG
7,Judges,6,32,Judges 6:32,6,לְמֵימָר,,,,Jonathan,TARG
7,Judges,6,32,Judges 6:32,7,יִתְפְּרַע,,,,Jonathan,TARG
7,Judges,6,32,Judges 6:32,8,לֵיהּ,,,,Jonathan,TARG
7,Judges,6,32,Judges 6:32,9,בַּעֲלָא,,,,Jonathan,TARG
7,Judges,6,32,Judges 6:32,10,אֲרֵי,,,,Jonathan,TARG
7,Judges,6,32,Judges 6:32,11,תְּרַע,,,,Jonathan,TARG
7,Judges,6,32,Judges 6:32,12,יַת,,,,Jonathan,TARG
7,Judges,6,32,Judges 6:32,13,אֱגוֹרֵיהּ:,,,,Jonathan,TARG
7,Judges,6,33,Judges 6:33,1,וְכָל,,,,Jonathan,TARG
7,Judges,6,33,Judges 6:33,2,מִדְיָנָאֵי,,,,Jonathan,TARG
7,Judges,6,33,Judges 6:33,3,וַעֲמַלְקָאֵי,,,,Jonathan,TARG
7,Judges,6,33,Judges 6:33,4,וּבְנֵי,,,,Jonathan,TARG
7,Judges,6,33,Judges 6:33,5,מַדִינְחָא,,,,Jonathan,TARG
7,Judges,6,33,Judges 6:33,6,אִתְכְּנִישׁוּ,,,,Jonathan,TARG
7,Judges,6,33,Judges 6:33,7,כַּחֲדָא,,,,Jonathan,TARG
7,Judges,6,33,Judges 6:33,8,וַעֲבָרוּ,,,,Jonathan,TARG
7,Judges,6,33,Judges 6:33,9,וּשְׁרוֹ,,,,Jonathan,TARG
7,Judges,6,33,Judges 6:33,10,בְּמֵישַׁר,,,,Jonathan,TARG
7,Judges,6,33,Judges 6:33,11,יִזְרְעֶאל:,,,,Jonathan,TARG
7,Judges,6,34,Judges 6:34,1,וְרוּחַ,,,,Jonathan,TARG
7,Judges,6,34,Judges 6:34,2,גְבוּרָא,,,,Jonathan,TARG
7,Judges,6,34,Judges 6:34,3,מִן,,,,Jonathan,TARG
7,Judges,6,34,Judges 6:34,4,קֳדָם,,,,Jonathan,TARG
7,Judges,6,34,Judges 6:34,5,יְיָ,,,,Jonathan,TARG
7,Judges,6,34,Judges 6:34,6,לְבִישַׁת,,,,Jonathan,TARG
7,Judges,6,34,Judges 6:34,7,יַת,,,,Jonathan,TARG
7,Judges,6,34,Judges 6:34,8,גִדְעוֹן,,,,Jonathan,TARG
7,Judges,6,34,Judges 6:34,9,וּתְקַע,,,,Jonathan,TARG
7,Judges,6,34,Judges 6:34,10,בְּשׁוֹפָרָא,,,,Jonathan,TARG
7,Judges,6,34,Judges 6:34,11,וְאִתְכְּנִישׁוּ,,,,Jonathan,TARG
7,Judges,6,34,Judges 6:34,12,אֱנַשׁ,,,,Jonathan,TARG
7,Judges,6,34,Judges 6:34,13,אֲבִיעֶזֶר,,,,Jonathan,TARG
7,Judges,6,34,Judges 6:34,14,בַּתְרוֹהִי:,,,,Jonathan,TARG
7,Judges,6,35,Judges 6:35,1,וְאִזְגַדִין,,,,Jonathan,TARG
7,Judges,6,35,Judges 6:35,2,שָׁלַח,,,,Jonathan,TARG
7,Judges,6,35,Judges 6:35,3,בְּכָל,,,,Jonathan,TARG
7,Judges,6,35,Judges 6:35,4,תְּחוּם,,,,Jonathan,TARG
7,Judges,6,35,Judges 6:35,5,מְנַשֶׁה,,,,Jonathan,TARG
7,Judges,6,35,Judges 6:35,6,וְאִתְכְּנִישׁוּ,,,,Jonathan,TARG
7,Judges,6,35,Judges 6:35,7,אַף,,,,Jonathan,TARG
7,Judges,6,35,Judges 6:35,8,אִינוּן,,,,Jonathan,TARG
7,Judges,6,35,Judges 6:35,9,בַּתְרוֹהִי,,,,Jonathan,TARG
7,Judges,6,35,Judges 6:35,10,וְאִזְגַדִין,,,,Jonathan,TARG
7,Judges,6,35,Judges 6:35,11,שָׁלַח,,,,Jonathan,TARG
7,Judges,6,35,Judges 6:35,12,בְּשֵׁבֶט,,,,Jonathan,TARG
7,Judges,6,35,Judges 6:35,13,אָשֵׁר,,,,Jonathan,TARG
7,Judges,6,35,Judges 6:35,14,וּבְשֵׁבֶט,,,,Jonathan,TARG
7,Judges,6,35,Judges 6:35,15,זְבוּלֻן,,,,Jonathan,TARG
7,Judges,6,35,Judges 6:35,16,וּבְשֵׁבֶט,,,,Jonathan,TARG
7,Judges,6,35,Judges 6:35,17,נַפְתָּלִי,,,,Jonathan,TARG
7,Judges,6,35,Judges 6:35,18,וּסְלִיקוּ,,,,Jonathan,TARG
7,Judges,6,35,Judges 6:35,19,לָקֳדָמוּתְהוֹן:,,,,Jonathan,TARG
7,Judges,6,36,Judges 6:36,1,וַאֲמַר,,,,Jonathan,TARG
7,Judges,6,36,Judges 6:36,2,גִדְעוֹן,,,,Jonathan,TARG
7,Judges,6,36,Judges 6:36,3,קֳדָם,,,,Jonathan,TARG
7,Judges,6,36,Judges 6:36,4,יְיָ,,,,Jonathan,TARG
7,Judges,6,36,Judges 6:36,5,אִם,,,,Jonathan,TARG
7,Judges,6,36,Judges 6:36,6,אִיתָךְ,,,,Jonathan,TARG
7,Judges,6,36,Judges 6:36,7,פָּרִיק,,,,Jonathan,TARG
7,Judges,6,36,Judges 6:36,8,בִּידִי,,,,Jonathan,TARG
7,Judges,6,36,Judges 6:36,9,יַת,,,,Jonathan,TARG
7,Judges,6,36,Judges 6:36,10,יִשְׂרָאֵל,,,,Jonathan,TARG
7,Judges,6,36,Judges 6:36,11,כְּמָא,,,,Jonathan,TARG
7,Judges,6,36,Judges 6:36,12,דְמַלֵילְתָּא:,,,,Jonathan,TARG
7,Judges,6,37,Judges 6:37,1,הָא,,,,Jonathan,TARG
7,Judges,6,37,Judges 6:37,2,אֲנָא,,,,Jonathan,TARG
7,Judges,6,37,Judges 6:37,3,מָחֵת,,,,Jonathan,TARG
7,Judges,6,37,Judges 6:37,4,יַת,,,,Jonathan,TARG
7,Judges,6,37,Judges 6:37,5,גִזְתָא,,,,Jonathan,TARG
7,Judges,6,37,Judges 6:37,6,דְעִמְרָא,,,,Jonathan,TARG
7,Judges,6,37,Judges 6:37,7,בְּבֵית,,,,Jonathan,TARG
7,Judges,6,37,Judges 6:37,8,אִדְרֵי,,,,Jonathan,TARG
7,Judges,6,37,Judges 6:37,9,אִם,,,,Jonathan,TARG
7,Judges,6,37,Judges 6:37,10,טַלָא,,,,Jonathan,TARG
7,Judges,6,37,Judges 6:37,11,יְהֵי,,,,Jonathan,TARG
7,Judges,6,37,Judges 6:37,12,עַל,,,,Jonathan,TARG
7,Judges,6,37,Judges 6:37,13,גִזְתָא,,,,Jonathan,TARG
7,Judges,6,37,Judges 6:37,14,בִּלְחוֹדָהּ,,,,Jonathan,TARG
7,Judges,6,37,Judges 6:37,15,וְעַל,,,,Jonathan,TARG
7,Judges,6,37,Judges 6:37,16,כָּל,,,,Jonathan,TARG
7,Judges,6,37,Judges 6:37,17,אַרְעָא,,,,Jonathan,TARG
7,Judges,6,37,Judges 6:37,18,יוּבְשָׁא,,,,Jonathan,TARG
7,Judges,6,37,Judges 6:37,19,וְאִדַע,,,,Jonathan,TARG
7,Judges,6,37,Judges 6:37,20,אֲרֵי,,,,Jonathan,TARG
7,Judges,6,37,Judges 6:37,21,תִפְרוֹק,,,,Jonathan,TARG
7,Judges,6,37,Judges 6:37,22,בִּידִי,,,,Jonathan,TARG
7,Judges,6,37,Judges 6:37,23,יַת,,,,Jonathan,TARG
7,Judges,6,37,Judges 6:37,24,יִשְׂרָאֵל,,,,Jonathan,TARG
7,Judges,6,37,Judges 6:37,25,כְּמָא,,,,Jonathan,TARG
7,Judges,6,37,Judges 6:37,26,דְמַלֵלְתָּא:,,,,Jonathan,TARG
7,Judges,6,38,Judges 6:38,1,וַהֲוָה,,,,Jonathan,TARG
7,Judges,6,38,Judges 6:38,2,כֵן,,,,Jonathan,TARG
7,Judges,6,38,Judges 6:38,3,וְאַקְדֵים,,,,Jonathan,TARG
7,Judges,6,38,Judges 6:38,4,מִיוֹמָא,,,,Jonathan,TARG
7,Judges,6,38,Judges 6:38,5,דְבַתְרוֹהִי,,,,Jonathan,TARG
7,Judges,6,38,Judges 6:38,6,וַעֲצַר,,,,Jonathan,TARG
7,Judges,6,38,Judges 6:38,7,יַת,,,,Jonathan,TARG
7,Judges,6,38,Judges 6:38,8,גִזְתָא,,,,Jonathan,TARG
7,Judges,6,38,Judges 6:38,9,וּנְפַץ,,,,Jonathan,TARG
7,Judges,6,38,Judges 6:38,10,טַלָא,,,,Jonathan,TARG
7,Judges,6,38,Judges 6:38,11,מִן,,,,Jonathan,TARG
7,Judges,6,38,Judges 6:38,12,גִזְתָא,,,,Jonathan,TARG
7,Judges,6,38,Judges 6:38,13,מְלֵי,,,,Jonathan,TARG
7,Judges,6,38,Judges 6:38,14,לַקְנָא,,,,Jonathan,TARG
7,Judges,6,38,Judges 6:38,15,דְמַיָא:,,,,Jonathan,TARG
7,Judges,6,39,Judges 6:39,1,וַאֲמַר,,,,Jonathan,TARG
7,Judges,6,39,Judges 6:39,2,גִדְעוֹן,,,,Jonathan,TARG
7,Judges,6,39,Judges 6:39,3,קֳדָם,,,,Jonathan,TARG
7,Judges,6,39,Judges 6:39,4,יְיָ,,,,Jonathan,TARG
7,Judges,6,39,Judges 6:39,5,לָא,,,,Jonathan,TARG
7,Judges,6,39,Judges 6:39,6,יִתְקֵיף,,,,Jonathan,TARG
7,Judges,6,39,Judges 6:39,7,רוּגְזָךְ,,,,Jonathan,TARG
7,Judges,6,39,Judges 6:39,8,בִּי,,,,Jonathan,TARG
7,Judges,6,39,Judges 6:39,9,וַאֲמַלֵל,,,,Jonathan,TARG
7,Judges,6,39,Judges 6:39,10,בְּרַם,,,,Jonathan,TARG
7,Judges,6,39,Judges 6:39,11,זִמְנָא,,,,Jonathan,TARG
7,Judges,6,39,Judges 6:39,12,הָדָא,,,,Jonathan,TARG
7,Judges,6,39,Judges 6:39,13,אֲנַסֵי,,,,Jonathan,TARG
7,Judges,6,39,Judges 6:39,14,כְעַן,,,,Jonathan,TARG
7,Judges,6,39,Judges 6:39,15,לְחוֹד,,,,Jonathan,TARG
7,Judges,6,39,Judges 6:39,16,זִמְנָא,,,,Jonathan,TARG
7,Judges,6,39,Judges 6:39,17,בְּגִזְתָא,,,,Jonathan,TARG
7,Judges,6,39,Judges 6:39,18,יְהֵי,,,,Jonathan,TARG
7,Judges,6,39,Judges 6:39,19,כְעַן,,,,Jonathan,TARG
7,Judges,6,39,Judges 6:39,20,יוּבְשָׁא,,,,Jonathan,TARG
7,Judges,6,39,Judges 6:39,21,עַל,,,,Jonathan,TARG
7,Judges,6,39,Judges 6:39,22,גִזְתָא,,,,Jonathan,TARG
7,Judges,6,39,Judges 6:39,23,בִּלְחוֹדָהּ,,,,Jonathan,TARG
7,Judges,6,39,Judges 6:39,24,וְעַל,,,,Jonathan,TARG
7,Judges,6,39,Judges 6:39,25,כָּל,,,,Jonathan,TARG
7,Judges,6,39,Judges 6:39,26,אַרְעָא,,,,Jonathan,TARG
7,Judges,6,39,Judges 6:39,27,יְהֵי,,,,Jonathan,TARG
7,Judges,6,39,Judges 6:39,28,טַלָא:,,,,Jonathan,TARG
7,Judges,6,40,Judges 6:40,1,וַעֲבַד,,,,Jonathan,TARG
7,Judges,6,40,Judges 6:40,2,יְיָ,,,,Jonathan,TARG
7,Judges,6,40,Judges 6:40,3,כֵּן,,,,Jonathan,TARG
7,Judges,6,40,Judges 6:40,4,בְלֵילְיָא,,,,Jonathan,TARG
7,Judges,6,40,Judges 6:40,5,הַהוּא,,,,Jonathan,TARG
7,Judges,6,40,Judges 6:40,6,וַהֲוָה,,,,Jonathan,TARG
7,Judges,6,40,Judges 6:40,7,יוּבְשָׁא,,,,Jonathan,TARG
7,Judges,6,40,Judges 6:40,8,עַל,,,,Jonathan,TARG
7,Judges,6,40,Judges 6:40,9,גִזְתָא,,,,Jonathan,TARG
7,Judges,6,40,Judges 6:40,10,בִלְחוֹדָהּ,,,,Jonathan,TARG
7,Judges,6,40,Judges 6:40,11,וְעַל,,,,Jonathan,TARG
7,Judges,6,40,Judges 6:40,12,כָּל,,,,Jonathan,TARG
7,Judges,6,40,Judges 6:40,13,אַרְעָא,,,,Jonathan,TARG
7,Judges,6,40,Judges 6:40,14,הֲוָה,,,,Jonathan,TARG
7,Judges,6,40,Judges 6:40,15,טַלָא:,,,,Jonathan,TARG
7,Judges,7,1,Judges 7:1,1,וְאַקְדֵים,,,,Jonathan,TARG
7,Judges,7,1,Judges 7:1,2,יְרֻבַּעַל,,,,Jonathan,TARG
7,Judges,7,1,Judges 7:1,3,הוּא,,,,Jonathan,TARG
7,Judges,7,1,Judges 7:1,4,גִדְעוֹן,,,,Jonathan,TARG
7,Judges,7,1,Judges 7:1,5,וְכָל,,,,Jonathan,TARG
7,Judges,7,1,Judges 7:1,6,עַמָא,,,,Jonathan,TARG
7,Judges,7,1,Judges 7:1,7,דִי,,,,Jonathan,TARG
7,Judges,7,1,Judges 7:1,8,עִמֵיהּ,,,,Jonathan,TARG
7,Judges,7,1,Judges 7:1,9,וּשְׁרוֹ,,,,Jonathan,TARG
7,Judges,7,1,Judges 7:1,10,עַל,,,,Jonathan,TARG
7,Judges,7,1,Judges 7:1,11,עֵין,,,,Jonathan,TARG
7,Judges,7,1,Judges 7:1,12,חֲרוֹד,,,,Jonathan,TARG
7,Judges,7,1,Judges 7:1,13,וּמַשִׁרְיַת,,,,Jonathan,TARG
7,Judges,7,1,Judges 7:1,14,מִדְיָנָאֵי,,,,Jonathan,TARG
7,Judges,7,1,Judges 7:1,15,שַׁרְיָא,,,,Jonathan,TARG
7,Judges,7,1,Judges 7:1,16,לְקִבְלֵיהּ,,,,Jonathan,TARG
7,Judges,7,1,Judges 7:1,17,מִצִפּוּנָא,,,,Jonathan,TARG
7,Judges,7,1,Judges 7:1,18,מִגִבְעֲתָא,,,,Jonathan,TARG
7,Judges,7,1,Judges 7:1,19,דְמִסְתַּכְיָא,,,,Jonathan,TARG
7,Judges,7,1,Judges 7:1,20,לְמֵישְׁרָא:,,,,Jonathan,TARG
7,Judges,7,2,Judges 7:2,1,וַאֲמַר,,,,Jonathan,TARG
7,Judges,7,2,Judges 7:2,2,יְיָ,,,,Jonathan,TARG
7,Judges,7,2,Judges 7:2,3,לְגִדְעוֹן,,,,Jonathan,TARG
7,Judges,7,2,Judges 7:2,4,סַגִי,,,,Jonathan,TARG
7,Judges,7,2,Judges 7:2,5,עַמָא,,,,Jonathan,TARG
7,Judges,7,2,Judges 7:2,6,דִי,,,,Jonathan,TARG
7,Judges,7,2,Judges 7:2,7,עִמָךְ,,,,Jonathan,TARG
7,Judges,7,2,Judges 7:2,8,מִלְמִמְסַר,,,,Jonathan,TARG
7,Judges,7,2,Judges 7:2,9,יַת,,,,Jonathan,TARG
7,Judges,7,2,Judges 7:2,10,מִדְיָנָאֵי,,,,Jonathan,TARG
7,Judges,7,2,Judges 7:2,11,בִּידֵיהוֹן,,,,Jonathan,TARG
7,Judges,7,2,Judges 7:2,12,דִלְמָא,,,,Jonathan,TARG
7,Judges,7,2,Judges 7:2,13,יִתְרַבְרְבוּן,,,,Jonathan,TARG
7,Judges,7,2,Judges 7:2,14,קֳדָמַי,,,,Jonathan,TARG
7,Judges,7,2,Judges 7:2,15,יִשְׂרָאֵל,,,,Jonathan,TARG
7,Judges,7,2,Judges 7:2,16,לְמֵימַר,,,,Jonathan,TARG
7,Judges,7,2,Judges 7:2,17,יְדָנָא,,,,Jonathan,TARG
7,Judges,7,2,Judges 7:2,18,פְרָקַת,,,,Jonathan,TARG
7,Judges,7,2,Judges 7:2,19,לָנָא:,,,,Jonathan,TARG
7,Judges,7,3,Judges 7:3,1,וּכְעַן,,,,Jonathan,TARG
7,Judges,7,3,Judges 7:3,2,אַכְלֵי,,,,Jonathan,TARG
7,Judges,7,3,Judges 7:3,3,כְעַן,,,,Jonathan,TARG
7,Judges,7,3,Judges 7:3,4,קֳדָם,,,,Jonathan,TARG
7,Judges,7,3,Judges 7:3,5,עַמָא,,,,Jonathan,TARG
7,Judges,7,3,Judges 7:3,6,לְמֵימָר,,,,Jonathan,TARG
7,Judges,7,3,Judges 7:3,7,מָן,,,,Jonathan,TARG
7,Judges,7,3,Judges 7:3,8,דְדָחֵיל,,,,Jonathan,TARG
7,Judges,7,3,Judges 7:3,9,וְזָע,,,,Jonathan,TARG
7,Judges,7,3,Judges 7:3,10,יְתוּב,,,,Jonathan,TARG
7,Judges,7,3,Judges 7:3,11,וְיִתְבְּחַר,,,,Jonathan,TARG
7,Judges,7,3,Judges 7:3,12,מִטוּרָא,,,,Jonathan,TARG
7,Judges,7,3,Judges 7:3,13,דְגִלְעָד,,,,Jonathan,TARG
7,Judges,7,3,Judges 7:3,14,וְתַב,,,,Jonathan,TARG
7,Judges,7,3,Judges 7:3,15,מִן,,,,Jonathan,TARG
7,Judges,7,3,Judges 7:3,16,עַמָא,,,,Jonathan,TARG
7,Judges,7,3,Judges 7:3,17,עַסְרִין,,,,Jonathan,TARG
7,Judges,7,3,Judges 7:3,18,וּתְרֵין,,,,Jonathan,TARG
7,Judges,7,3,Judges 7:3,19,אַלְפִין,,,,Jonathan,TARG
7,Judges,7,3,Judges 7:3,20,וְעַסְרָא,,,,Jonathan,TARG
7,Judges,7,3,Judges 7:3,21,אַלְפִין,,,,Jonathan,TARG
7,Judges,7,3,Judges 7:3,22,אִשְׁתַּאֲרוּ:,,,,Jonathan,TARG
7,Judges,7,4,Judges 7:4,1,וַאֲמַר,,,,Jonathan,TARG
7,Judges,7,4,Judges 7:4,2,יְיָ,,,,Jonathan,TARG
7,Judges,7,4,Judges 7:4,3,לְגִדְעוֹן,,,,Jonathan,TARG
7,Judges,7,4,Judges 7:4,4,עוֹד,,,,Jonathan,TARG
7,Judges,7,4,Judges 7:4,5,עַמָא,,,,Jonathan,TARG
7,Judges,7,4,Judges 7:4,6,סַגִי,,,,Jonathan,TARG
7,Judges,7,4,Judges 7:4,7,אָחִית,,,,Jonathan,TARG
7,Judges,7,4,Judges 7:4,8,יַתְהוֹן,,,,Jonathan,TARG
7,Judges,7,4,Judges 7:4,9,לְמַיָא,,,,Jonathan,TARG
7,Judges,7,4,Judges 7:4,10,וְאֶבְחָרִינוּן,,,,Jonathan,TARG
7,Judges,7,4,Judges 7:4,11,לָךְ,,,,Jonathan,TARG
7,Judges,7,4,Judges 7:4,12,תַּמָן,,,,Jonathan,TARG
7,Judges,7,4,Judges 7:4,13,וִיהֵי,,,,Jonathan,TARG
7,Judges,7,4,Judges 7:4,14,דִי,,,,Jonathan,TARG
7,Judges,7,4,Judges 7:4,15,אֵימַר,,,,Jonathan,TARG
7,Judges,7,4,Judges 7:4,16,לָךְ,,,,Jonathan,TARG
7,Judges,7,4,Judges 7:4,17,דֵין,,,,Jonathan,TARG
7,Judges,7,4,Judges 7:4,18,יֵיזִיל,,,,Jonathan,TARG
7,Judges,7,4,Judges 7:4,19,עִמָךְ,,,,Jonathan,TARG
7,Judges,7,4,Judges 7:4,20,הוּא,,,,Jonathan,TARG
7,Judges,7,4,Judges 7:4,21,יֵיזִיל,,,,Jonathan,TARG
7,Judges,7,4,Judges 7:4,22,עִמָךְ,,,,Jonathan,TARG
7,Judges,7,4,Judges 7:4,23,וְכֹל,,,,Jonathan,TARG
7,Judges,7,4,Judges 7:4,24,דִי,,,,Jonathan,TARG
7,Judges,7,4,Judges 7:4,25,אֵימַר,,,,Jonathan,TARG
7,Judges,7,4,Judges 7:4,26,לָךְ,,,,Jonathan,TARG
7,Judges,7,4,Judges 7:4,27,דֵין,,,,Jonathan,TARG
7,Judges,7,4,Judges 7:4,28,לָא,,,,Jonathan,TARG
7,Judges,7,4,Judges 7:4,29,יֵיזִיל,,,,Jonathan,TARG
7,Judges,7,4,Judges 7:4,30,עִמָךְ,,,,Jonathan,TARG
7,Judges,7,4,Judges 7:4,31,הוּא,,,,Jonathan,TARG
7,Judges,7,4,Judges 7:4,32,לָא,,,,Jonathan,TARG
7,Judges,7,4,Judges 7:4,33,יֵיזִיל:,,,,Jonathan,TARG
7,Judges,7,5,Judges 7:5,1,וַאֲחֵית,,,,Jonathan,TARG
7,Judges,7,5,Judges 7:5,2,יַת,,,,Jonathan,TARG
7,Judges,7,5,Judges 7:5,3,עַמָא,,,,Jonathan,TARG
7,Judges,7,5,Judges 7:5,4,לְמַיָא,,,,Jonathan,TARG
7,Judges,7,5,Judges 7:5,5,וַאֲמַר,,,,Jonathan,TARG
7,Judges,7,5,Judges 7:5,6,יְיָ,,,,Jonathan,TARG
7,Judges,7,5,Judges 7:5,7,לְגִדְעוֹן,,,,Jonathan,TARG
7,Judges,7,5,Judges 7:5,8,כֹּל,,,,Jonathan,TARG
7,Judges,7,5,Judges 7:5,9,דִי,,,,Jonathan,TARG
7,Judges,7,5,Judges 7:5,10,לָחֵיךְ,,,,Jonathan,TARG
7,Judges,7,5,Judges 7:5,11,בְּלִישָׁנֵיהּ,,,,Jonathan,TARG
7,Judges,7,5,Judges 7:5,12,מִן,,,,Jonathan,TARG
7,Judges,7,5,Judges 7:5,13,מַיָא,,,,Jonathan,TARG
7,Judges,7,5,Judges 7:5,14,כְּמָא,,,,Jonathan,TARG
7,Judges,7,5,Judges 7:5,15,דִמְלָחֵיךְ,,,,Jonathan,TARG
7,Judges,7,5,Judges 7:5,16,כַּלְבָּא,,,,Jonathan,TARG
7,Judges,7,5,Judges 7:5,17,תְּקִים,,,,Jonathan,TARG
7,Judges,7,5,Judges 7:5,18,יָתֵיהּ,,,,Jonathan,TARG
7,Judges,7,5,Judges 7:5,19,בִּלְחוֹדֵיה,,,,Jonathan,TARG
7,Judges,7,5,Judges 7:5,20,וְכֹל,,,,Jonathan,TARG
7,Judges,7,5,Judges 7:5,21,דִכְרַע,,,,Jonathan,TARG
7,Judges,7,5,Judges 7:5,22,עַל,,,,Jonathan,TARG
7,Judges,7,5,Judges 7:5,23,בִּרְכּוֹהִי,,,,Jonathan,TARG
7,Judges,7,5,Judges 7:5,24,לְמִשְׁתֵּי:,,,,Jonathan,TARG
7,Judges,7,6,Judges 7:6,1,וַהֲוָה,,,,Jonathan,TARG
7,Judges,7,6,Judges 7:6,2,מִנְיַן,,,,Jonathan,TARG
7,Judges,7,6,Judges 7:6,3,דְשָׁדָן,,,,Jonathan,TARG
7,Judges,7,6,Judges 7:6,4,בִּידֵיהוֹן,,,,Jonathan,TARG
7,Judges,7,6,Judges 7:6,5,לְפוּמְהוֹן,,,,Jonathan,TARG
7,Judges,7,6,Judges 7:6,6,תְּלַת,,,,Jonathan,TARG
7,Judges,7,6,Judges 7:6,7,מְאָה,,,,Jonathan,TARG
7,Judges,7,6,Judges 7:6,8,גַבְרָא,,,,Jonathan,TARG
7,Judges,7,6,Judges 7:6,9,וְכָל,,,,Jonathan,TARG
7,Judges,7,6,Judges 7:6,10,שְׁאָר,,,,Jonathan,TARG
7,Judges,7,6,Judges 7:6,11,עַמָא,,,,Jonathan,TARG
7,Judges,7,6,Judges 7:6,12,כְּרָעוּ,,,,Jonathan,TARG
7,Judges,7,6,Judges 7:6,13,עַל,,,,Jonathan,TARG
7,Judges,7,6,Judges 7:6,14,בִּרְכֵּיהוֹן,,,,Jonathan,TARG
7,Judges,7,6,Judges 7:6,15,לְמִשְׁתֵּי,,,,Jonathan,TARG
7,Judges,7,6,Judges 7:6,16,מַיָא:,,,,Jonathan,TARG
7,Judges,7,7,Judges 7:7,1,וַאֲמַר,,,,Jonathan,TARG
7,Judges,7,7,Judges 7:7,2,יְיָ,,,,Jonathan,TARG
7,Judges,7,7,Judges 7:7,3,לְגִדְעוֹן,,,,Jonathan,TARG
7,Judges,7,7,Judges 7:7,4,בִּתְלַת,,,,Jonathan,TARG
7,Judges,7,7,Judges 7:7,5,מְאָה,,,,Jonathan,TARG
7,Judges,7,7,Judges 7:7,6,גוּבְרִין,,,,Jonathan,TARG
7,Judges,7,7,Judges 7:7,7,דְשָׁדַן,,,,Jonathan,TARG
7,Judges,7,7,Judges 7:7,8,בִּידֵיהוֹן,,,,Jonathan,TARG
7,Judges,7,7,Judges 7:7,9,לְפוּמְהוֹן,,,,Jonathan,TARG
7,Judges,7,7,Judges 7:7,10,אֶפְרוֹק,,,,Jonathan,TARG
7,Judges,7,7,Judges 7:7,11,יַתְכוֹן,,,,Jonathan,TARG
7,Judges,7,7,Judges 7:7,12,וְאֶמְסַר,,,,Jonathan,TARG
7,Judges,7,7,Judges 7:7,13,יַת,,,,Jonathan,TARG
7,Judges,7,7,Judges 7:7,14,מִדְיָנָאֵי,,,,Jonathan,TARG
7,Judges,7,7,Judges 7:7,15,בִּידָךְ,,,,Jonathan,TARG
7,Judges,7,7,Judges 7:7,16,וְכָל,,,,Jonathan,TARG
7,Judges,7,7,Judges 7:7,17,עַמָא,,,,Jonathan,TARG
7,Judges,7,7,Judges 7:7,18,יֵיזְלוּן,,,,Jonathan,TARG
7,Judges,7,7,Judges 7:7,19,גְבַר,,,,Jonathan,TARG
7,Judges,7,7,Judges 7:7,20,לְאַתְרֵיה:,,,,Jonathan,TARG
7,Judges,7,8,Judges 7:8,1,וּנְסִיבוּ,,,,Jonathan,TARG
7,Judges,7,8,Judges 7:8,2,יַת,,,,Jonathan,TARG
7,Judges,7,8,Judges 7:8,3,זְוָדֵי,,,,Jonathan,TARG
7,Judges,7,8,Judges 7:8,4,עַמָא,,,,Jonathan,TARG
7,Judges,7,8,Judges 7:8,5,בִּידֵיהוֹן,,,,Jonathan,TARG
7,Judges,7,8,Judges 7:8,6,וְיַת,,,,Jonathan,TARG
7,Judges,7,8,Judges 7:8,7,שְׁפָרֵיהוֹן,,,,Jonathan,TARG
7,Judges,7,8,Judges 7:8,8,וְיַת,,,,Jonathan,TARG
7,Judges,7,8,Judges 7:8,9,כָּל,,,,Jonathan,TARG
7,Judges,7,8,Judges 7:8,10,אֱנָשׁ,,,,Jonathan,TARG
7,Judges,7,8,Judges 7:8,11,יִשְׂרָאֵל,,,,Jonathan,TARG
7,Judges,7,8,Judges 7:8,12,שְׁלַח,,,,Jonathan,TARG
7,Judges,7,8,Judges 7:8,13,גְבַר,,,,Jonathan,TARG
7,Judges,7,8,Judges 7:8,14,לְקִרְווֹהִי,,,,Jonathan,TARG
7,Judges,7,8,Judges 7:8,15,וּבִתְלַת,,,,Jonathan,TARG
7,Judges,7,8,Judges 7:8,16,מְאָה,,,,Jonathan,TARG
7,Judges,7,8,Judges 7:8,17,גַבְרָא,,,,Jonathan,TARG
7,Judges,7,8,Judges 7:8,18,אַתְקַף,,,,Jonathan,TARG
7,Judges,7,8,Judges 7:8,19,וּמַשִׁרְיַת,,,,Jonathan,TARG
7,Judges,7,8,Judges 7:8,20,מִדְיָנָאֵי,,,,Jonathan,TARG
7,Judges,7,8,Judges 7:8,21,שַׁרְיָא,,,,Jonathan,TARG
7,Judges,7,8,Judges 7:8,22,לְקִבְּלֵיהּ,,,,Jonathan,TARG
7,Judges,7,8,Judges 7:8,23,מִשִׁפּוּלֵי,,,,Jonathan,TARG
7,Judges,7,8,Judges 7:8,24,מֵישְׁרָא:,,,,Jonathan,TARG
7,Judges,7,9,Judges 7:9,1,וַהֲוָה,,,,Jonathan,TARG
7,Judges,7,9,Judges 7:9,2,בְּלֵילְיָא,,,,Jonathan,TARG
7,Judges,7,9,Judges 7:9,3,הַהוּא,,,,Jonathan,TARG
7,Judges,7,9,Judges 7:9,4,וַאֲמַר,,,,Jonathan,TARG
7,Judges,7,9,Judges 7:9,5,לֵיהּ,,,,Jonathan,TARG
7,Judges,7,9,Judges 7:9,6,יְיָ,,,,Jonathan,TARG
7,Judges,7,9,Judges 7:9,7,קוּם,,,,Jonathan,TARG
7,Judges,7,9,Judges 7:9,8,חוֹת,,,,Jonathan,TARG
7,Judges,7,9,Judges 7:9,9,בְּמַשְׁרִיתָא,,,,Jonathan,TARG
7,Judges,7,9,Judges 7:9,10,אֲרֵי,,,,Jonathan,TARG
7,Judges,7,9,Judges 7:9,11,מְסַרְתִּינוּן,,,,Jonathan,TARG
7,Judges,7,9,Judges 7:9,12,בִּידָךְ:,,,,Jonathan,TARG
7,Judges,7,10,Judges 7:10,1,וְאִם,,,,Jonathan,TARG
7,Judges,7,10,Judges 7:10,2,דָחִיל,,,,Jonathan,TARG
7,Judges,7,10,Judges 7:10,3,אַתְּ,,,,Jonathan,TARG
7,Judges,7,10,Judges 7:10,4,לְמֵיחַת,,,,Jonathan,TARG
7,Judges,7,10,Judges 7:10,5,חוֹת,,,,Jonathan,TARG
7,Judges,7,10,Judges 7:10,6,אַתְּ,,,,Jonathan,TARG
7,Judges,7,10,Judges 7:10,7,וּפוּרָה,,,,Jonathan,TARG
7,Judges,7,10,Judges 7:10,8,עוּלֵמָךְ,,,,Jonathan,TARG
7,Judges,7,10,Judges 7:10,9,לְמַשְׁרִיתָא:,,,,Jonathan,TARG
7,Judges,7,11,Judges 7:11,1,וְתִשְׁמַע,,,,Jonathan,TARG
7,Judges,7,11,Judges 7:11,2,מַה,,,,Jonathan,TARG
7,Judges,7,11,Judges 7:11,3,יְמַלְלוּן,,,,Jonathan,TARG
7,Judges,7,11,Judges 7:11,4,וּבָתַר,,,,Jonathan,TARG
7,Judges,7,11,Judges 7:11,5,כֵּן,,,,Jonathan,TARG
7,Judges,7,11,Judges 7:11,6,יִתְקוֹף,,,,Jonathan,TARG
7,Judges,7,11,Judges 7:11,7,יְדָךְ,,,,Jonathan,TARG
7,Judges,7,11,Judges 7:11,8,וְתֵחוֹת,,,,Jonathan,TARG
7,Judges,7,11,Judges 7:11,9,בְּמַשְׁרִיתָא,,,,Jonathan,TARG
7,Judges,7,11,Judges 7:11,10,וּנְחַת,,,,Jonathan,TARG
7,Judges,7,11,Judges 7:11,11,הוּא,,,,Jonathan,TARG
7,Judges,7,11,Judges 7:11,12,וּפוּרָה,,,,Jonathan,TARG
7,Judges,7,11,Judges 7:11,13,עוּלֵימֵיהּ,,,,Jonathan,TARG
7,Judges,7,11,Judges 7:11,14,לִסְטַר,,,,Jonathan,TARG
7,Judges,7,11,Judges 7:11,15,מְזַרְזַיָא,,,,Jonathan,TARG
7,Judges,7,11,Judges 7:11,16,דִי,,,,Jonathan,TARG
7,Judges,7,11,Judges 7:11,17,בְּמַשְׁרִיתָא:,,,,Jonathan,TARG
7,Judges,7,12,Judges 7:12,1,וּמִדְיָנָאֵי,,,,Jonathan,TARG
7,Judges,7,12,Judges 7:12,2,וַעֲמַלְקָאֵי,,,,Jonathan,TARG
7,Judges,7,12,Judges 7:12,3,וְכָל,,,,Jonathan,TARG
7,Judges,7,12,Judges 7:12,4,בְּנֵי,,,,Jonathan,TARG
7,Judges,7,12,Judges 7:12,5,מַדִינְחָא,,,,Jonathan,TARG
7,Judges,7,12,Judges 7:12,6,רָמָן,,,,Jonathan,TARG
7,Judges,7,12,Judges 7:12,7,בְּמֵישְׁרָא,,,,Jonathan,TARG
7,Judges,7,12,Judges 7:12,8,כְּגוֹבָאֵי,,,,Jonathan,TARG
7,Judges,7,12,Judges 7:12,9,לִסְגֵי,,,,Jonathan,TARG
7,Judges,7,12,Judges 7:12,10,וְלִגְמַלֵיהוֹן,,,,Jonathan,TARG
7,Judges,7,12,Judges 7:12,11,לֵית,,,,Jonathan,TARG
7,Judges,7,12,Judges 7:12,12,מִנְיַן,,,,Jonathan,TARG
7,Judges,7,12,Judges 7:12,13,כְּחָלָא,,,,Jonathan,TARG
7,Judges,7,12,Judges 7:12,14,דִי,,,,Jonathan,TARG
7,Judges,7,12,Judges 7:12,15,עַל,,,,Jonathan,TARG
7,Judges,7,12,Judges 7:12,16,כֵּיף,,,,Jonathan,TARG
7,Judges,7,12,Judges 7:12,17,יַמָא,,,,Jonathan,TARG
7,Judges,7,12,Judges 7:12,18,לִסְגֵי:,,,,Jonathan,TARG
7,Judges,7,13,Judges 7:13,1,וַאֲתָא,,,,Jonathan,TARG
7,Judges,7,13,Judges 7:13,2,גִדְעוֹן,,,,Jonathan,TARG
7,Judges,7,13,Judges 7:13,3,וְהָא,,,,Jonathan,TARG
7,Judges,7,13,Judges 7:13,4,גַבְרָא,,,,Jonathan,TARG
7,Judges,7,13,Judges 7:13,5,מִשְׁתָּעֵי,,,,Jonathan,TARG
7,Judges,7,13,Judges 7:13,6,לְחַבְרֵיהּ,,,,Jonathan,TARG
7,Judges,7,13,Judges 7:13,7,חֶלְמָא,,,,Jonathan,TARG
7,Judges,7,13,Judges 7:13,8,וַאֲמַר,,,,Jonathan,TARG
7,Judges,7,13,Judges 7:13,9,הָא,,,,Jonathan,TARG
7,Judges,7,13,Judges 7:13,10,חֶלְמָא,,,,Jonathan,TARG
7,Judges,7,13,Judges 7:13,11,חַלְמֵית,,,,Jonathan,TARG
7,Judges,7,13,Judges 7:13,12,וְהָא,,,,Jonathan,TARG
7,Judges,7,13,Judges 7:13,13,חֲרַר,,,,Jonathan,TARG
7,Judges,7,13,Judges 7:13,14,דִלְחֵם,,,,Jonathan,TARG
7,Judges,7,13,Judges 7:13,15,שְׂעוֹרִין,,,,Jonathan,TARG
7,Judges,7,13,Judges 7:13,16,מִתְהַפִּיךְ,,,,Jonathan,TARG
7,Judges,7,13,Judges 7:13,17,בְּמַשִׁרְיַת,,,,Jonathan,TARG
7,Judges,7,13,Judges 7:13,18,מִדְיָנָאֵי,,,,Jonathan,TARG
7,Judges,7,13,Judges 7:13,19,וַאֲתָא,,,,Jonathan,TARG
7,Judges,7,13,Judges 7:13,20,עַד,,,,Jonathan,TARG
7,Judges,7,13,Judges 7:13,21,מַשְׁכְּנָא,,,,Jonathan,TARG
7,Judges,7,13,Judges 7:13,22,וּמְחָהִי,,,,Jonathan,TARG
7,Judges,7,13,Judges 7:13,23,וּנְפַל,,,,Jonathan,TARG
7,Judges,7,13,Judges 7:13,24,וְאַפְכֵיהּ,,,,Jonathan,TARG
7,Judges,7,13,Judges 7:13,25,לְעֵילָא,,,,Jonathan,TARG
7,Judges,7,13,Judges 7:13,26,וּנְפַל,,,,Jonathan,TARG
7,Judges,7,13,Judges 7:13,27,מַשְׁכְּנָא:,,,,Jonathan,TARG
7,Judges,7,14,Judges 7:14,1,וַאֲתֵיב,,,,Jonathan,TARG
7,Judges,7,14,Judges 7:14,2,חַבְרֵיהּ,,,,Jonathan,TARG
7,Judges,7,14,Judges 7:14,3,וַאֲמַר,,,,Jonathan,TARG
7,Judges,7,14,Judges 7:14,4,לֵית,,,,Jonathan,TARG
7,Judges,7,14,Judges 7:14,5,דָא,,,,Jonathan,TARG
7,Judges,7,14,Judges 7:14,6,אֱלָהֵן,,,,Jonathan,TARG
7,Judges,7,14,Judges 7:14,7,חַרְבָּא,,,,Jonathan,TARG
7,Judges,7,14,Judges 7:14,8,דְגִדְעוֹן,,,,Jonathan,TARG
7,Judges,7,14,Judges 7:14,9,בַּר,,,,Jonathan,TARG
7,Judges,7,14,Judges 7:14,10,יוֹאָשׁ,,,,Jonathan,TARG
7,Judges,7,14,Judges 7:14,11,אֱנָשׁ,,,,Jonathan,TARG
7,Judges,7,14,Judges 7:14,12,יִשְׂרָאֵל,,,,Jonathan,TARG
7,Judges,7,14,Judges 7:14,13,מְסַר,,,,Jonathan,TARG
7,Judges,7,14,Judges 7:14,14,יְיָ,,,,Jonathan,TARG
7,Judges,7,14,Judges 7:14,15,בִּידֵיהּ,,,,Jonathan,TARG
7,Judges,7,14,Judges 7:14,16,יַת,,,,Jonathan,TARG
7,Judges,7,14,Judges 7:14,17,מִדְיָנָאֵי,,,,Jonathan,TARG
7,Judges,7,14,Judges 7:14,18,וְיַת,,,,Jonathan,TARG
7,Judges,7,14,Judges 7:14,19,כָּל,,,,Jonathan,TARG
7,Judges,7,14,Judges 7:14,20,מַשְׁרִיתָא:,,,,Jonathan,TARG
7,Judges,7,15,Judges 7:15,1,וַהֲוָה,,,,Jonathan,TARG
7,Judges,7,15,Judges 7:15,2,כַּד,,,,Jonathan,TARG
7,Judges,7,15,Judges 7:15,3,שְׁמַע,,,,Jonathan,TARG
7,Judges,7,15,Judges 7:15,4,גִדְעוֹן,,,,Jonathan,TARG
7,Judges,7,15,Judges 7:15,5,יַת,,,,Jonathan,TARG
7,Judges,7,15,Judges 7:15,6,שׁוּעִית,,,,Jonathan,TARG
7,Judges,7,15,Judges 7:15,7,חֶלְמָא,,,,Jonathan,TARG
7,Judges,7,15,Judges 7:15,8,וְיַת,,,,Jonathan,TARG
7,Judges,7,15,Judges 7:15,9,פִּשְׁרֵיהּ,,,,Jonathan,TARG
7,Judges,7,15,Judges 7:15,10,וְאוֹדֵי,,,,Jonathan,TARG
7,Judges,7,15,Judges 7:15,11,וְתַב,,,,Jonathan,TARG
7,Judges,7,15,Judges 7:15,12,לְמַשְׁרִיתָא,,,,Jonathan,TARG
7,Judges,7,15,Judges 7:15,13,דְיִשְׂרָאֵל,,,,Jonathan,TARG
7,Judges,7,15,Judges 7:15,14,וַאֲמַר,,,,Jonathan,TARG
7,Judges,7,15,Judges 7:15,15,קוּמוּ,,,,Jonathan,TARG
7,Judges,7,15,Judges 7:15,16,אֲרֵי,,,,Jonathan,TARG
7,Judges,7,15,Judges 7:15,17,מְסַר,,,,Jonathan,TARG
7,Judges,7,15,Judges 7:15,18,יְיָ,,,,Jonathan,TARG
7,Judges,7,15,Judges 7:15,19,בִּידֵיכוֹן,,,,Jonathan,TARG
7,Judges,7,15,Judges 7:15,20,יַת,,,,Jonathan,TARG
7,Judges,7,15,Judges 7:15,21,מַשִׁרְיַת,,,,Jonathan,TARG
7,Judges,7,15,Judges 7:15,22,מִדְיָנָאֵי:,,,,Jonathan,TARG
7,Judges,7,16,Judges 7:16,1,וּפַלֵג,,,,Jonathan,TARG
7,Judges,7,16,Judges 7:16,2,יַת,,,,Jonathan,TARG
7,Judges,7,16,Judges 7:16,3,תְּלַת,,,,Jonathan,TARG
7,Judges,7,16,Judges 7:16,4,מְאָה,,,,Jonathan,TARG
7,Judges,7,16,Judges 7:16,5,גַבְרָא,,,,Jonathan,TARG
7,Judges,7,16,Judges 7:16,6,לִתְלַת,,,,Jonathan,TARG
7,Judges,7,16,Judges 7:16,7,מַשִׁרְיָן,,,,Jonathan,TARG
7,Judges,7,16,Judges 7:16,8,וִיהַב,,,,Jonathan,TARG
7,Judges,7,16,Judges 7:16,9,שׁוֹפָרַיָא,,,,Jonathan,TARG
7,Judges,7,16,Judges 7:16,10,בְּיַד,,,,Jonathan,TARG
7,Judges,7,16,Judges 7:16,11,כּוּלְהוֹן,,,,Jonathan,TARG
7,Judges,7,16,Judges 7:16,12,וְכַדִין,,,,Jonathan,TARG
7,Judges,7,16,Judges 7:16,13,רֵיקָנִין,,,,Jonathan,TARG
7,Judges,7,16,Judges 7:16,14,וּבְעוּרַיָא,,,,Jonathan,TARG
7,Judges,7,16,Judges 7:16,15,בְּגוֹ,,,,Jonathan,TARG
7,Judges,7,16,Judges 7:16,16,כַדִין:,,,,Jonathan,TARG
7,Judges,7,17,Judges 7:17,1,וַאֲמַר,,,,Jonathan,TARG
7,Judges,7,17,Judges 7:17,2,לְהוֹן,,,,Jonathan,TARG
7,Judges,7,17,Judges 7:17,3,מִנִי,,,,Jonathan,TARG
7,Judges,7,17,Judges 7:17,4,תֶחֱזוּן,,,,Jonathan,TARG
7,Judges,7,17,Judges 7:17,5,וְכֵן,,,,Jonathan,TARG
7,Judges,7,17,Judges 7:17,6,תַּעְבְּדוּן,,,,Jonathan,TARG
7,Judges,7,17,Judges 7:17,7,וְהָא,,,,Jonathan,TARG
7,Judges,7,17,Judges 7:17,8,אֲנָא,,,,Jonathan,TARG
7,Judges,7,17,Judges 7:17,9,אָתֵי,,,,Jonathan,TARG
7,Judges,7,17,Judges 7:17,10,בִּסְיָפֵי,,,,Jonathan,TARG
7,Judges,7,17,Judges 7:17,11,מַשְׁרִיתָא,,,,Jonathan,TARG
7,Judges,7,17,Judges 7:17,12,וִיהֵי,,,,Jonathan,TARG
7,Judges,7,17,Judges 7:17,13,כְּמָא,,,,Jonathan,TARG
7,Judges,7,17,Judges 7:17,14,דְאַעֲבֵּיד,,,,Jonathan,TARG
7,Judges,7,17,Judges 7:17,15,כֵּן,,,,Jonathan,TARG
7,Judges,7,17,Judges 7:17,16,תַּעְבְּדוּן:,,,,Jonathan,TARG
7,Judges,7,18,Judges 7:18,1,וְאֶתְקַע,,,,Jonathan,TARG
7,Judges,7,18,Judges 7:18,2,בְּשׁוֹפָרָא,,,,Jonathan,TARG
7,Judges,7,18,Judges 7:18,3,אֲנָא,,,,Jonathan,TARG
7,Judges,7,18,Judges 7:18,4,וְכָל,,,,Jonathan,TARG
7,Judges,7,18,Judges 7:18,5,דְעִמִי,,,,Jonathan,TARG
7,Judges,7,18,Judges 7:18,6,וְתִתְקְעוּן,,,,Jonathan,TARG
7,Judges,7,18,Judges 7:18,7,בְּשׁוֹפָרַיָא,,,,Jonathan,TARG
7,Judges,7,18,Judges 7:18,8,אַף,,,,Jonathan,TARG
7,Judges,7,18,Judges 7:18,9,אַתּוּן,,,,Jonathan,TARG
7,Judges,7,18,Judges 7:18,10,סַחֲרָנוּת,,,,Jonathan,TARG
7,Judges,7,18,Judges 7:18,11,כָּל,,,,Jonathan,TARG
7,Judges,7,18,Judges 7:18,12,מַשְׁרִיתָא,,,,Jonathan,TARG
7,Judges,7,18,Judges 7:18,13,וְתֵימְרוּן,,,,Jonathan,TARG
7,Judges,7,18,Judges 7:18,14,חַרְבָּא,,,,Jonathan,TARG
7,Judges,7,18,Judges 7:18,15,דְמִקַטְלָא,,,,Jonathan,TARG
7,Judges,7,18,Judges 7:18,16,מִן,,,,Jonathan,TARG
7,Judges,7,18,Judges 7:18,17,קֳדָם,,,,Jonathan,TARG
7,Judges,7,18,Judges 7:18,18,יְיָ,,,,Jonathan,TARG
7,Judges,7,18,Judges 7:18,19,וְנִצְחָנָא,,,,Jonathan,TARG
7,Judges,7,18,Judges 7:18,20,עַל,,,,Jonathan,TARG
7,Judges,7,18,Judges 7:18,21,יְדֵי,,,,Jonathan,TARG
7,Judges,7,18,Judges 7:18,22,גִדְעוֹן:,,,,Jonathan,TARG
7,Judges,7,19,Judges 7:19,1,וַאֲתָא,,,,Jonathan,TARG
7,Judges,7,19,Judges 7:19,2,גִדְעוֹן,,,,Jonathan,TARG
7,Judges,7,19,Judges 7:19,3,וּמְאָה,,,,Jonathan,TARG
7,Judges,7,19,Judges 7:19,4,גַבְרָא,,,,Jonathan,TARG
7,Judges,7,19,Judges 7:19,5,דְעִמֵיהּ,,,,Jonathan,TARG
7,Judges,7,19,Judges 7:19,6,בִּסְיָפֵי,,,,Jonathan,TARG
7,Judges,7,19,Judges 7:19,7,מַשְׁרִיתָא,,,,Jonathan,TARG
7,Judges,7,19,Judges 7:19,8,בְּרֵישׁ,,,,Jonathan,TARG
7,Judges,7,19,Judges 7:19,9,מַטַרְתָּא,,,,Jonathan,TARG
7,Judges,7,19,Judges 7:19,10,מְצִיעֲתָא,,,,Jonathan,TARG
7,Judges,7,19,Judges 7:19,11,בְּרַם,,,,Jonathan,TARG
7,Judges,7,19,Judges 7:19,12,אֲקָמָא,,,,Jonathan,TARG
7,Judges,7,19,Judges 7:19,13,אֲקִימוּ,,,,Jonathan,TARG
7,Judges,7,19,Judges 7:19,14,יַת,,,,Jonathan,TARG
7,Judges,7,19,Judges 7:19,15,נָטְרַיָא,,,,Jonathan,TARG
7,Judges,7,19,Judges 7:19,16,וּתְקָעוּ,,,,Jonathan,TARG
7,Judges,7,19,Judges 7:19,17,בְּשׁוֹפָרַיָא,,,,Jonathan,TARG
7,Judges,7,19,Judges 7:19,18,וּנְפָצוּ,,,,Jonathan,TARG
7,Judges,7,19,Judges 7:19,19,כַדִין,,,,Jonathan,TARG
7,Judges,7,19,Judges 7:19,20,דְבִידֵיהוֹן:,,,,Jonathan,TARG
7,Judges,7,20,Judges 7:20,1,וּתְקָעוּ,,,,Jonathan,TARG
7,Judges,7,20,Judges 7:20,2,תְּלַת,,,,Jonathan,TARG
7,Judges,7,20,Judges 7:20,3,מַשִׁרְיָן,,,,Jonathan,TARG
7,Judges,7,20,Judges 7:20,4,בְּשׁוֹפָרַיָא,,,,Jonathan,TARG
7,Judges,7,20,Judges 7:20,5,וְתַבָּרוּ,,,,Jonathan,TARG
7,Judges,7,20,Judges 7:20,6,כַדַיָא,,,,Jonathan,TARG
7,Judges,7,20,Judges 7:20,7,וְאַתְקִיפוּ,,,,Jonathan,TARG
7,Judges,7,20,Judges 7:20,8,בְּיַד,,,,Jonathan,TARG
7,Judges,7,20,Judges 7:20,9,סְמָלְהוֹן,,,,Jonathan,TARG
7,Judges,7,20,Judges 7:20,10,בִּבְעוּרַיָא,,,,Jonathan,TARG
7,Judges,7,20,Judges 7:20,11,וּבְיַד,,,,Jonathan,TARG
7,Judges,7,20,Judges 7:20,12,יְמִינְהוֹן,,,,Jonathan,TARG
7,Judges,7,20,Judges 7:20,13,בְּשׁוֹפָרַיָא,,,,Jonathan,TARG
7,Judges,7,20,Judges 7:20,14,לְמִתְקַע,,,,Jonathan,TARG
7,Judges,7,20,Judges 7:20,15,וַאֲמַרוּ,,,,Jonathan,TARG
7,Judges,7,20,Judges 7:20,16,חַרְבָּא,,,,Jonathan,TARG
7,Judges,7,20,Judges 7:20,17,מִן,,,,Jonathan,TARG
7,Judges,7,20,Judges 7:20,18,קֳדָם,,,,Jonathan,TARG
7,Judges,7,20,Judges 7:20,19,יְיָ,,,,Jonathan,TARG
7,Judges,7,20,Judges 7:20,20,וְנַצְחָנָא,,,,Jonathan,TARG
7,Judges,7,20,Judges 7:20,21,עַל,,,,Jonathan,TARG
7,Judges,7,20,Judges 7:20,22,יְדֵי,,,,Jonathan,TARG
7,Judges,7,20,Judges 7:20,23,גִדְעוֹן:,,,,Jonathan,TARG
7,Judges,7,21,Judges 7:21,1,וְקָמוּ,,,,Jonathan,TARG
7,Judges,7,21,Judges 7:21,2,גְבַר,,,,Jonathan,TARG
7,Judges,7,21,Judges 7:21,3,בְּאַתְרֵיהּ,,,,Jonathan,TARG
7,Judges,7,21,Judges 7:21,4,סְחוֹר,,,,Jonathan,TARG
7,Judges,7,21,Judges 7:21,5,סְחוֹר,,,,Jonathan,TARG
7,Judges,7,21,Judges 7:21,6,לְמַשְׁרִיתָא,,,,Jonathan,TARG
7,Judges,7,21,Judges 7:21,7,וּרְהָטַת,,,,Jonathan,TARG
7,Judges,7,21,Judges 7:21,8,כָּל,,,,Jonathan,TARG
7,Judges,7,21,Judges 7:21,9,מַשְׁרִיתָא,,,,Jonathan,TARG
7,Judges,7,21,Judges 7:21,10,וְיַבִּיבוּ,,,,Jonathan,TARG
7,Judges,7,21,Judges 7:21,11,וְאַפָכוּ:,,,,Jonathan,TARG
7,Judges,7,22,Judges 7:22,1,וּתְקָעוּ,,,,Jonathan,TARG
7,Judges,7,22,Judges 7:22,2,תְּלַת,,,,Jonathan,TARG
7,Judges,7,22,Judges 7:22,3,מְאָה,,,,Jonathan,TARG
7,Judges,7,22,Judges 7:22,4,שׁוֹפָרַיָא,,,,Jonathan,TARG
7,Judges,7,22,Judges 7:22,5,וְשַׁוִי,,,,Jonathan,TARG
7,Judges,7,22,Judges 7:22,6,יְיָ,,,,Jonathan,TARG
7,Judges,7,22,Judges 7:22,7,יַת,,,,Jonathan,TARG
7,Judges,7,22,Judges 7:22,8,חֶרֶב,,,,Jonathan,TARG
7,Judges,7,22,Judges 7:22,9,גְבַר,,,,Jonathan,TARG
7,Judges,7,22,Judges 7:22,10,בְּחַבְרֵיהּ,,,,Jonathan,TARG
7,Judges,7,22,Judges 7:22,11,וּבְכָל,,,,Jonathan,TARG
7,Judges,7,22,Judges 7:22,12,מַשְׁרִיתָא,,,,Jonathan,TARG
7,Judges,7,22,Judges 7:22,13,וְאַפְּכַת,,,,Jonathan,TARG
7,Judges,7,22,Judges 7:22,14,מַשְׁרִיתָא,,,,Jonathan,TARG
7,Judges,7,22,Judges 7:22,15,עַד,,,,Jonathan,TARG
7,Judges,7,22,Judges 7:22,16,בֵּית,,,,Jonathan,TARG
7,Judges,7,22,Judges 7:22,17,שִׁיטָה,,,,Jonathan,TARG
7,Judges,7,22,Judges 7:22,18,לִצְרֵירַת,,,,Jonathan,TARG
7,Judges,7,22,Judges 7:22,19,עַד,,,,Jonathan,TARG
7,Judges,7,22,Judges 7:22,20,כֵּיף,,,,Jonathan,TARG
7,Judges,7,22,Judges 7:22,21,מֵישַׁר,,,,Jonathan,TARG
7,Judges,7,22,Judges 7:22,22,אָבֵל,,,,Jonathan,TARG
7,Judges,7,22,Judges 7:22,23,מְחוֹלָה,,,,Jonathan,TARG
7,Judges,7,22,Judges 7:22,24,לְטַבָּת:,,,,Jonathan,TARG
7,Judges,7,23,Judges 7:23,1,וְאִתְכְּנִישׁ,,,,Jonathan,TARG
7,Judges,7,23,Judges 7:23,2,אֱנַשׁ,,,,Jonathan,TARG
7,Judges,7,23,Judges 7:23,3,יִשְׂרָאֵל,,,,Jonathan,TARG
7,Judges,7,23,Judges 7:23,4,מִנַפְתָּלִי,,,,Jonathan,TARG
7,Judges,7,23,Judges 7:23,5,וּמִן,,,,Jonathan,TARG
7,Judges,7,23,Judges 7:23,6,שִׁבְטָא,,,,Jonathan,TARG
7,Judges,7,23,Judges 7:23,7,דְאָשֵׁר,,,,Jonathan,TARG
7,Judges,7,23,Judges 7:23,8,וּמִן,,,,Jonathan,TARG
7,Judges,7,23,Judges 7:23,9,כָּל,,,,Jonathan,TARG
7,Judges,7,23,Judges 7:23,10,שִׁבְטָא,,,,Jonathan,TARG
7,Judges,7,23,Judges 7:23,11,דִמְנַשֶׁה,,,,Jonathan,TARG
7,Judges,7,23,Judges 7:23,12,וּרְדָפוּ,,,,Jonathan,TARG
7,Judges,7,23,Judges 7:23,13,בָּתַר,,,,Jonathan,TARG
7,Judges,7,23,Judges 7:23,14,מִדְיָנָאֵי:,,,,Jonathan,TARG
7,Judges,7,24,Judges 7:24,1,וְאִזְגַדִין,,,,Jonathan,TARG
7,Judges,7,24,Judges 7:24,2,שְׁלַח,,,,Jonathan,TARG
7,Judges,7,24,Judges 7:24,3,גִדְעוֹן,,,,Jonathan,TARG
7,Judges,7,24,Judges 7:24,4,בְּכָל,,,,Jonathan,TARG
7,Judges,7,24,Judges 7:24,5,טוּרָא,,,,Jonathan,TARG
7,Judges,7,24,Judges 7:24,6,דְבֵית,,,,Jonathan,TARG
7,Judges,7,24,Judges 7:24,7,אֶפְרַיִם,,,,Jonathan,TARG
7,Judges,7,24,Judges 7:24,8,לְמֵימָר,,,,Jonathan,TARG
7,Judges,7,24,Judges 7:24,9,חוּתוּ,,,,Jonathan,TARG
7,Judges,7,24,Judges 7:24,10,לָקֳדָמוּת,,,,Jonathan,TARG
7,Judges,7,24,Judges 7:24,11,מִדְיָנָאֵי,,,,Jonathan,TARG
7,Judges,7,24,Judges 7:24,12,וַאֲחָדוּ,,,,Jonathan,TARG
7,Judges,7,24,Judges 7:24,13,עֲלֵיהוֹן,,,,Jonathan,TARG
7,Judges,7,24,Judges 7:24,14,יַת,,,,Jonathan,TARG
7,Judges,7,24,Judges 7:24,15,מִגִיזָתָא,,,,Jonathan,TARG
7,Judges,7,24,Judges 7:24,16,עַד,,,,Jonathan,TARG
7,Judges,7,24,Judges 7:24,17,בֵּית,,,,Jonathan,TARG
7,Judges,7,24,Judges 7:24,18,בָּרָה,,,,Jonathan,TARG
7,Judges,7,24,Judges 7:24,19,וְיַת,,,,Jonathan,TARG
7,Judges,7,24,Judges 7:24,20,יַרְדְנָא,,,,Jonathan,TARG
7,Judges,7,24,Judges 7:24,21,וְאִתְכְּנִישׁ,,,,Jonathan,TARG
7,Judges,7,24,Judges 7:24,22,כָּל,,,,Jonathan,TARG
7,Judges,7,24,Judges 7:24,23,אֱנָשׁ,,,,Jonathan,TARG
7,Judges,7,24,Judges 7:24,24,אֶפְרַיִם,,,,Jonathan,TARG
7,Judges,7,24,Judges 7:24,25,וַאֲחָדוּ,,,,Jonathan,TARG
7,Judges,7,24,Judges 7:24,26,יַת,,,,Jonathan,TARG
7,Judges,7,24,Judges 7:24,27,מְגִיזָתָא,,,,Jonathan,TARG
7,Judges,7,24,Judges 7:24,28,עַד,,,,Jonathan,TARG
7,Judges,7,24,Judges 7:24,29,בֵּית,,,,Jonathan,TARG
7,Judges,7,24,Judges 7:24,30,בָּרָה,,,,Jonathan,TARG
7,Judges,7,24,Judges 7:24,31,וְיַת,,,,Jonathan,TARG
7,Judges,7,24,Judges 7:24,32,יַרְדָנָא:,,,,Jonathan,TARG
7,Judges,7,25,Judges 7:25,1,וַאֲחָדוּ,,,,Jonathan,TARG
7,Judges,7,25,Judges 7:25,2,תְּרֵין,,,,Jonathan,TARG
7,Judges,7,25,Judges 7:25,3,רַבְרְבֵי,,,,Jonathan,TARG
7,Judges,7,25,Judges 7:25,4,מִדְיָן,,,,Jonathan,TARG
7,Judges,7,25,Judges 7:25,5,יַת,,,,Jonathan,TARG
7,Judges,7,25,Judges 7:25,6,עוֹרֵב,,,,Jonathan,TARG
7,Judges,7,25,Judges 7:25,7,וְיַת,,,,Jonathan,TARG
7,Judges,7,25,Judges 7:25,8,זְאֵב,,,,Jonathan,TARG
7,Judges,7,25,Judges 7:25,9,וּקְטָלוּ,,,,Jonathan,TARG
7,Judges,7,25,Judges 7:25,10,יַת,,,,Jonathan,TARG
7,Judges,7,25,Judges 7:25,11,עוֹרֵב,,,,Jonathan,TARG
7,Judges,7,25,Judges 7:25,12,בִּשְׁקִיף,,,,Jonathan,TARG
7,Judges,7,25,Judges 7:25,13,עוֹרֵב,,,,Jonathan,TARG
7,Judges,7,25,Judges 7:25,14,וְיַת,,,,Jonathan,TARG
7,Judges,7,25,Judges 7:25,15,זְאֵב,,,,Jonathan,TARG
7,Judges,7,25,Judges 7:25,16,קְטָלוּ,,,,Jonathan,TARG
7,Judges,7,25,Judges 7:25,17,בְּמֵישַׁר,,,,Jonathan,TARG
7,Judges,7,25,Judges 7:25,18,זְאֵב,,,,Jonathan,TARG
7,Judges,7,25,Judges 7:25,19,וּרְדָפוּ,,,,Jonathan,TARG
7,Judges,7,25,Judges 7:25,20,בָּתַר,,,,Jonathan,TARG
7,Judges,7,25,Judges 7:25,21,מִדְיָנָאֵי,,,,Jonathan,TARG
7,Judges,7,25,Judges 7:25,22,וְרֵישׁ,,,,Jonathan,TARG
7,Judges,7,25,Judges 7:25,23,עוֹרֵב,,,,Jonathan,TARG
7,Judges,7,25,Judges 7:25,24,וּזְאֵב,,,,Jonathan,TARG
7,Judges,7,25,Judges 7:25,25,אַיְתִיאוּ,,,,Jonathan,TARG
7,Judges,7,25,Judges 7:25,26,לְוַת,,,,Jonathan,TARG
7,Judges,7,25,Judges 7:25,27,גִדְעוֹן,,,,Jonathan,TARG
7,Judges,7,25,Judges 7:25,28,מֵעִבְרָא,,,,Jonathan,TARG
7,Judges,7,25,Judges 7:25,29,לְיַרְדְנָא:,,,,Jonathan,TARG
7,Judges,8,1,Judges 8:1,1,וַאֲמַרוּ,,,,Jonathan,TARG
7,Judges,8,1,Judges 8:1,2,לֵיהּ,,,,Jonathan,TARG
7,Judges,8,1,Judges 8:1,3,אֱנָשׁ,,,,Jonathan,TARG
7,Judges,8,1,Judges 8:1,4,אֶפְרַיִם,,,,Jonathan,TARG
7,Judges,8,1,Judges 8:1,5,מָא,,,,Jonathan,TARG
7,Judges,8,1,Judges 8:1,6,פִּתְגָמָא,,,,Jonathan,TARG
7,Judges,8,1,Judges 8:1,7,הָדֵין,,,,Jonathan,TARG
7,Judges,8,1,Judges 8:1,8,עֲבַדְתָּא,,,,Jonathan,TARG
7,Judges,8,1,Judges 8:1,9,לָנָא,,,,Jonathan,TARG
7,Judges,8,1,Judges 8:1,10,בְּדִיל,,,,Jonathan,TARG
7,Judges,8,1,Judges 8:1,11,מַה,,,,Jonathan,TARG
7,Judges,8,1,Judges 8:1,12,לָא,,,,Jonathan,TARG
7,Judges,8,1,Judges 8:1,13,קְרֵיתָא,,,,Jonathan,TARG
7,Judges,8,1,Judges 8:1,14,לָנָא,,,,Jonathan,TARG
7,Judges,8,1,Judges 8:1,15,כִּדְאַזַלְתָּא,,,,Jonathan,TARG
7,Judges,8,1,Judges 8:1,16,לְאַגָחָא,,,,Jonathan,TARG
7,Judges,8,1,Judges 8:1,17,קְרָבָא,,,,Jonathan,TARG
7,Judges,8,1,Judges 8:1,18,בְּמִדְיָן,,,,Jonathan,TARG
7,Judges,8,1,Judges 8:1,19,וְדַיְנִין,,,,Jonathan,TARG
7,Judges,8,1,Judges 8:1,20,עִמֵיהּ,,,,Jonathan,TARG
7,Judges,8,1,Judges 8:1,21,בִּתְקוֹף:,,,,Jonathan,TARG
7,Judges,8,2,Judges 8:2,1,וַאֲמַר,,,,Jonathan,TARG
7,Judges,8,2,Judges 8:2,2,לְהוֹן,,,,Jonathan,TARG
7,Judges,8,2,Judges 8:2,3,מֶה,,,,Jonathan,TARG
7,Judges,8,2,Judges 8:2,4,עַבְדֵית,,,,Jonathan,TARG
7,Judges,8,2,Judges 8:2,5,כְּעַן,,,,Jonathan,TARG
7,Judges,8,2,Judges 8:2,6,כְּוַתְכוֹן,,,,Jonathan,TARG
7,Judges,8,2,Judges 8:2,7,הֲלָא,,,,Jonathan,TARG
7,Judges,8,2,Judges 8:2,8,טָבִין,,,,Jonathan,TARG
7,Judges,8,2,Judges 8:2,9,חַלָשַׁיָא,,,,Jonathan,TARG
7,Judges,8,2,Judges 8:2,10,דְבֵית,,,,Jonathan,TARG
7,Judges,8,2,Judges 8:2,11,אֶפְרַיִם,,,,Jonathan,TARG
7,Judges,8,2,Judges 8:2,12,מִתַּקְפַיָא,,,,Jonathan,TARG
7,Judges,8,2,Judges 8:2,13,דְבֵית,,,,Jonathan,TARG
7,Judges,8,2,Judges 8:2,14,אֲבִיעֶזֶר:,,,,Jonathan,TARG
7,Judges,8,3,Judges 8:3,1,בְּיֶדְכוֹן,,,,Jonathan,TARG
7,Judges,8,3,Judges 8:3,2,מְסַר,,,,Jonathan,TARG
7,Judges,8,3,Judges 8:3,3,יְיָ,,,,Jonathan,TARG
7,Judges,8,3,Judges 8:3,4,יַת,,,,Jonathan,TARG
7,Judges,8,3,Judges 8:3,5,רַבְרְבֵי,,,,Jonathan,TARG
7,Judges,8,3,Judges 8:3,6,מִדְיָן,,,,Jonathan,TARG
7,Judges,8,3,Judges 8:3,7,יַת,,,,Jonathan,TARG
7,Judges,8,3,Judges 8:3,8,עוֹרֵב,,,,Jonathan,TARG
7,Judges,8,3,Judges 8:3,9,וְיַת,,,,Jonathan,TARG
7,Judges,8,3,Judges 8:3,10,זְאֵב,,,,Jonathan,TARG
7,Judges,8,3,Judges 8:3,11,וּמַה,,,,Jonathan,TARG
7,Judges,8,3,Judges 8:3,12,יְכֵלִית,,,,Jonathan,TARG
7,Judges,8,3,Judges 8:3,13,לְמֶעְבַּד,,,,Jonathan,TARG
7,Judges,8,3,Judges 8:3,14,כְּוַתְכוֹן,,,,Jonathan,TARG
7,Judges,8,3,Judges 8:3,15,בְּכֵן,,,,Jonathan,TARG
7,Judges,8,3,Judges 8:3,16,נָחִת,,,,Jonathan,TARG
7,Judges,8,3,Judges 8:3,17,רוּחֵיהוֹן,,,,Jonathan,TARG
7,Judges,8,3,Judges 8:3,18,מִנֵיהּ,,,,Jonathan,TARG
7,Judges,8,3,Judges 8:3,19,בְּמַלָלוּתֵיה,,,,Jonathan,TARG
7,Judges,8,3,Judges 8:3,20,פִּתְגָמָא,,,,Jonathan,TARG
7,Judges,8,3,Judges 8:3,21,הָדֵין:,,,,Jonathan,TARG
7,Judges,8,4,Judges 8:4,1,וַאֲתָא,,,,Jonathan,TARG
7,Judges,8,4,Judges 8:4,2,גִדְעוֹן,,,,Jonathan,TARG
7,Judges,8,4,Judges 8:4,3,לְיַרְדְנָא,,,,Jonathan,TARG
7,Judges,8,4,Judges 8:4,4,עֲבַר,,,,Jonathan,TARG
7,Judges,8,4,Judges 8:4,5,הוּא,,,,Jonathan,TARG
7,Judges,8,4,Judges 8:4,6,וּתְלַת,,,,Jonathan,TARG
7,Judges,8,4,Judges 8:4,7,מְאָה,,,,Jonathan,TARG
7,Judges,8,4,Judges 8:4,8,גַבְרַיָא,,,,Jonathan,TARG
7,Judges,8,4,Judges 8:4,9,דְעִמֵיהּ,,,,Jonathan,TARG
7,Judges,8,4,Judges 8:4,10,כַּד,,,,Jonathan,TARG
7,Judges,8,4,Judges 8:4,11,מְשַׁלְהֵן,,,,Jonathan,TARG
7,Judges,8,4,Judges 8:4,12,וְרָדְפִין:,,,,Jonathan,TARG
7,Judges,8,5,Judges 8:5,1,וַאֲמַר,,,,Jonathan,TARG
7,Judges,8,5,Judges 8:5,2,לֶאֱנָשֵׁי,,,,Jonathan,TARG
7,Judges,8,5,Judges 8:5,3,סֻכּוֹת,,,,Jonathan,TARG
7,Judges,8,5,Judges 8:5,4,הָבוּ,,,,Jonathan,TARG
7,Judges,8,5,Judges 8:5,5,כְעַן,,,,Jonathan,TARG
7,Judges,8,5,Judges 8:5,6,פִּתָּא,,,,Jonathan,TARG
7,Judges,8,5,Judges 8:5,7,דְלַחְמָא,,,,Jonathan,TARG
7,Judges,8,5,Judges 8:5,8,לְעַמָא,,,,Jonathan,TARG
7,Judges,8,5,Judges 8:5,9,דִי,,,,Jonathan,TARG
7,Judges,8,5,Judges 8:5,10,עִמִי,,,,Jonathan,TARG
7,Judges,8,5,Judges 8:5,11,אֲרֵי,,,,Jonathan,TARG
7,Judges,8,5,Judges 8:5,12,מְשַׁלְהָן,,,,Jonathan,TARG
7,Judges,8,5,Judges 8:5,13,אִנוּן,,,,Jonathan,TARG
7,Judges,8,5,Judges 8:5,14,וַאֲנָא,,,,Jonathan,TARG
7,Judges,8,5,Judges 8:5,15,רָדִיף,,,,Jonathan,TARG
7,Judges,8,5,Judges 8:5,16,בָּתַר,,,,Jonathan,TARG
7,Judges,8,5,Judges 8:5,17,זֶבַח,,,,Jonathan,TARG
7,Judges,8,5,Judges 8:5,18,וְצַלְמֻנָע,,,,Jonathan,TARG
7,Judges,8,5,Judges 8:5,19,מַלְכֵי,,,,Jonathan,TARG
7,Judges,8,5,Judges 8:5,20,מִדְיָן:,,,,Jonathan,TARG
7,Judges,8,6,Judges 8:6,1,וַאֲמַר,,,,Jonathan,TARG
7,Judges,8,6,Judges 8:6,2,רַבְרְבֵי,,,,Jonathan,TARG
7,Judges,8,6,Judges 8:6,3,סֻכּוֹת,,,,Jonathan,TARG
7,Judges,8,6,Judges 8:6,4,הָא,,,,Jonathan,TARG
7,Judges,8,6,Judges 8:6,5,כְּאִלּוּ,,,,Jonathan,TARG
7,Judges,8,6,Judges 8:6,6,זֶבַח,,,,Jonathan,TARG
7,Judges,8,6,Judges 8:6,7,וְצַלְמֻנָע,,,,Jonathan,TARG
7,Judges,8,6,Judges 8:6,8,כְעַן,,,,Jonathan,TARG
7,Judges,8,6,Judges 8:6,9,מְסִירִין,,,,Jonathan,TARG
7,Judges,8,6,Judges 8:6,10,בִּידָךְ,,,,Jonathan,TARG
7,Judges,8,6,Judges 8:6,11,אֲרֵי,,,,Jonathan,TARG
7,Judges,8,6,Judges 8:6,12,נִתַּן,,,,Jonathan,TARG
7,Judges,8,6,Judges 8:6,13,לְחֵילָךְ,,,,Jonathan,TARG
7,Judges,8,6,Judges 8:6,14,לַחֲמָא:,,,,Jonathan,TARG
7,Judges,8,7,Judges 8:7,1,וַאֲמַר,,,,Jonathan,TARG
7,Judges,8,7,Judges 8:7,2,גִדְעוֹן,,,,Jonathan,TARG
7,Judges,8,7,Judges 8:7,3,בְּכֵן,,,,Jonathan,TARG
7,Judges,8,7,Judges 8:7,4,כַּד,,,,Jonathan,TARG
7,Judges,8,7,Judges 8:7,5,יִמְסַר,,,,Jonathan,TARG
7,Judges,8,7,Judges 8:7,6,יְיָ,,,,Jonathan,TARG
7,Judges,8,7,Judges 8:7,7,יַת,,,,Jonathan,TARG
7,Judges,8,7,Judges 8:7,8,זֶבַח,,,,Jonathan,TARG
7,Judges,8,7,Judges 8:7,9,וְיַת,,,,Jonathan,TARG
7,Judges,8,7,Judges 8:7,10,צַלְמֻנָע,,,,Jonathan,TARG
7,Judges,8,7,Judges 8:7,11,בִּידִי,,,,Jonathan,TARG
7,Judges,8,7,Judges 8:7,12,וְאָדוּשׁ,,,,Jonathan,TARG
7,Judges,8,7,Judges 8:7,13,יַת,,,,Jonathan,TARG
7,Judges,8,7,Judges 8:7,14,בִּסְרֵיכוֹן,,,,Jonathan,TARG
7,Judges,8,7,Judges 8:7,15,עַל,,,,Jonathan,TARG
7,Judges,8,7,Judges 8:7,16,כּוּבֵי,,,,Jonathan,TARG
7,Judges,8,7,Judges 8:7,17,מַדְבְּרָא,,,,Jonathan,TARG
7,Judges,8,7,Judges 8:7,18,וְעַל,,,,Jonathan,TARG
7,Judges,8,7,Judges 8:7,19,בַּרְקָנַיָא:,,,,Jonathan,TARG
7,Judges,8,8,Judges 8:8,1,וּסְלִיק,,,,Jonathan,TARG
7,Judges,8,8,Judges 8:8,2,מִתַּמָן,,,,Jonathan,TARG
7,Judges,8,8,Judges 8:8,3,לִפְנוּאֵל,,,,Jonathan,TARG
7,Judges,8,8,Judges 8:8,4,וּמַלֵל,,,,Jonathan,TARG
7,Judges,8,8,Judges 8:8,5,לְוַתְהוֹן,,,,Jonathan,TARG
7,Judges,8,8,Judges 8:8,6,כְּדָא,,,,Jonathan,TARG
7,Judges,8,8,Judges 8:8,7,וַאֲתִיבוּ,,,,Jonathan,TARG
7,Judges,8,8,Judges 8:8,8,יָתֵיה,,,,Jonathan,TARG
7,Judges,8,8,Judges 8:8,9,אֱנָשֵׁי,,,,Jonathan,TARG
7,Judges,8,8,Judges 8:8,10,פְּנוּאֵל,,,,Jonathan,TARG
7,Judges,8,8,Judges 8:8,11,כְּמָא,,,,Jonathan,TARG
7,Judges,8,8,Judges 8:8,12,דַאֲתִיבוּ,,,,Jonathan,TARG
7,Judges,8,8,Judges 8:8,13,אֱנָשֵׁי,,,,Jonathan,TARG
7,Judges,8,8,Judges 8:8,14,סֻכּוֹת:,,,,Jonathan,TARG
7,Judges,8,9,Judges 8:9,1,וַאֲמַר,,,,Jonathan,TARG
7,Judges,8,9,Judges 8:9,2,אַף,,,,Jonathan,TARG
7,Judges,8,9,Judges 8:9,3,לֶאֱנָשֵׁי,,,,Jonathan,TARG
7,Judges,8,9,Judges 8:9,4,פְּנוּאֵל,,,,Jonathan,TARG
7,Judges,8,9,Judges 8:9,5,לְמֵימַר,,,,Jonathan,TARG
7,Judges,8,9,Judges 8:9,6,כַּד,,,,Jonathan,TARG
7,Judges,8,9,Judges 8:9,7,אֵיתוּב,,,,Jonathan,TARG
7,Judges,8,9,Judges 8:9,8,בִּשְׁלָם,,,,Jonathan,TARG
7,Judges,8,9,Judges 8:9,9,אֶתְרַע,,,,Jonathan,TARG
7,Judges,8,9,Judges 8:9,10,יַת,,,,Jonathan,TARG
7,Judges,8,9,Judges 8:9,11,מַגְדְלָא,,,,Jonathan,TARG
7,Judges,8,9,Judges 8:9,12,הָדֵין:,,,,Jonathan,TARG
7,Judges,8,10,Judges 8:10,1,וְזֶבַח,,,,Jonathan,TARG
7,Judges,8,10,Judges 8:10,2,וְצַלְמֻנָע,,,,Jonathan,TARG
7,Judges,8,10,Judges 8:10,3,בַּקַרְקֹר,,,,Jonathan,TARG
7,Judges,8,10,Judges 8:10,4,וּמַשִׁרְיָתֵיהוֹן,,,,Jonathan,TARG
7,Judges,8,10,Judges 8:10,5,עִמְהוֹן,,,,Jonathan,TARG
7,Judges,8,10,Judges 8:10,6,כַּחֲמֵשֶׁת,,,,Jonathan,TARG
7,Judges,8,10,Judges 8:10,7,עֲסַר,,,,Jonathan,TARG
7,Judges,8,10,Judges 8:10,8,אַלְפִין,,,,Jonathan,TARG
7,Judges,8,10,Judges 8:10,9,כֹּל,,,,Jonathan,TARG
7,Judges,8,10,Judges 8:10,10,דְאִשְׁתָּאֲרוּ,,,,Jonathan,TARG
7,Judges,8,10,Judges 8:10,11,מִכֹּל,,,,Jonathan,TARG
7,Judges,8,10,Judges 8:10,12,מַשִׁרְיַת,,,,Jonathan,TARG
7,Judges,8,10,Judges 8:10,13,בְּנֵי,,,,Jonathan,TARG
7,Judges,8,10,Judges 8:10,14,מַדִנְחָא,,,,Jonathan,TARG
7,Judges,8,10,Judges 8:10,15,וּדְאִתְקַטָלוּ,,,,Jonathan,TARG
7,Judges,8,10,Judges 8:10,16,מְאָה,,,,Jonathan,TARG
7,Judges,8,10,Judges 8:10,17,וְעַשְׂרִין,,,,Jonathan,TARG
7,Judges,8,10,Judges 8:10,18,אַלְפִין,,,,Jonathan,TARG
7,Judges,8,10,Judges 8:10,19,גַבְרָא,,,,Jonathan,TARG
7,Judges,8,10,Judges 8:10,20,שְׁלִיפֵי,,,,Jonathan,TARG
7,Judges,8,10,Judges 8:10,21,חַרְבָּא:,,,,Jonathan,TARG
7,Judges,8,11,Judges 8:11,1,וּסְלֵיק,,,,Jonathan,TARG
7,Judges,8,11,Judges 8:11,2,גִדְעוֹן,,,,Jonathan,TARG
7,Judges,8,11,Judges 8:11,3,בְּאוֹרַח,,,,Jonathan,TARG
7,Judges,8,11,Judges 8:11,4,מַשִׁרְיַת,,,,Jonathan,TARG
7,Judges,8,11,Judges 8:11,5,עֲרָבָאֵי,,,,Jonathan,TARG
7,Judges,8,11,Judges 8:11,6,דְשָׁרָן,,,,Jonathan,TARG
7,Judges,8,11,Judges 8:11,7,בִּשְׁכוּנִין,,,,Jonathan,TARG
7,Judges,8,11,Judges 8:11,8,בְּמַדְבְּרָא,,,,Jonathan,TARG
7,Judges,8,11,Judges 8:11,9,מִמַדִינְחָא,,,,Jonathan,TARG
7,Judges,8,11,Judges 8:11,10,לְנוֹבַח,,,,Jonathan,TARG
7,Judges,8,11,Judges 8:11,11,וְרָמָתָא,,,,Jonathan,TARG
7,Judges,8,11,Judges 8:11,12,וּמְחָא,,,,Jonathan,TARG
7,Judges,8,11,Judges 8:11,13,יַת,,,,Jonathan,TARG
7,Judges,8,11,Judges 8:11,14,מַשְׁרִיתָא,,,,Jonathan,TARG
7,Judges,8,11,Judges 8:11,15,וּמַשְׁרִיתָא,,,,Jonathan,TARG
7,Judges,8,11,Judges 8:11,16,שַׁרְיָא,,,,Jonathan,TARG
7,Judges,8,11,Judges 8:11,17,לְרוֹחְצָן:,,,,Jonathan,TARG
7,Judges,8,12,Judges 8:12,1,וְאַפָכוּ,,,,Jonathan,TARG
7,Judges,8,12,Judges 8:12,2,זֶבַח,,,,Jonathan,TARG
7,Judges,8,12,Judges 8:12,3,וְצַלְמֻנָע,,,,Jonathan,TARG
7,Judges,8,12,Judges 8:12,4,וּרְדַף,,,,Jonathan,TARG
7,Judges,8,12,Judges 8:12,5,בַּתְרֵיהוֹן,,,,Jonathan,TARG
7,Judges,8,12,Judges 8:12,6,וַאֲחַד,,,,Jonathan,TARG
7,Judges,8,12,Judges 8:12,7,יַת,,,,Jonathan,TARG
7,Judges,8,12,Judges 8:12,8,תְּרֵין,,,,Jonathan,TARG
7,Judges,8,12,Judges 8:12,9,מַלְכֵי,,,,Jonathan,TARG
7,Judges,8,12,Judges 8:12,10,מִדְיָן,,,,Jonathan,TARG
7,Judges,8,12,Judges 8:12,11,יַת,,,,Jonathan,TARG
7,Judges,8,12,Judges 8:12,12,זֶבַח,,,,Jonathan,TARG
7,Judges,8,12,Judges 8:12,13,וְיַת,,,,Jonathan,TARG
7,Judges,8,12,Judges 8:12,14,צַלְמֻנָע,,,,Jonathan,TARG
7,Judges,8,12,Judges 8:12,15,וְכָל,,,,Jonathan,TARG
7,Judges,8,12,Judges 8:12,16,מַשְׁרִיתָא,,,,Jonathan,TARG
7,Judges,8,12,Judges 8:12,17,אָזִיעַ:,,,,Jonathan,TARG
7,Judges,8,13,Judges 8:13,1,וְתַב,,,,Jonathan,TARG
7,Judges,8,13,Judges 8:13,2,גִדְעוֹן,,,,Jonathan,TARG
7,Judges,8,13,Judges 8:13,3,בַּר,,,,Jonathan,TARG
7,Judges,8,13,Judges 8:13,4,יוֹאָשׁ,,,,Jonathan,TARG
7,Judges,8,13,Judges 8:13,5,מִן,,,,Jonathan,TARG
7,Judges,8,13,Judges 8:13,6,קְרָבָא,,,,Jonathan,TARG
7,Judges,8,13,Judges 8:13,7,עַד,,,,Jonathan,TARG
7,Judges,8,13,Judges 8:13,8,לָא,,,,Jonathan,TARG
7,Judges,8,13,Judges 8:13,9,מֵעַל,,,,Jonathan,TARG
7,Judges,8,13,Judges 8:13,10,שִׁמְשָׁא:,,,,Jonathan,TARG
7,Judges,8,14,Judges 8:14,1,וַאֲחַד,,,,Jonathan,TARG
7,Judges,8,14,Judges 8:14,2,עוּלֵימָא,,,,Jonathan,TARG
7,Judges,8,14,Judges 8:14,3,מֵאֱנָשֵׁי,,,,Jonathan,TARG
7,Judges,8,14,Judges 8:14,4,סֻכּוֹת,,,,Jonathan,TARG
7,Judges,8,14,Judges 8:14,5,וְשַׁאֲלֵיהּ,,,,Jonathan,TARG
7,Judges,8,14,Judges 8:14,6,וּכְתַב,,,,Jonathan,TARG
7,Judges,8,14,Judges 8:14,7,לֵיהּ,,,,Jonathan,TARG
7,Judges,8,14,Judges 8:14,8,יַת,,,,Jonathan,TARG
7,Judges,8,14,Judges 8:14,9,רַבְרְבֵי,,,,Jonathan,TARG
7,Judges,8,14,Judges 8:14,10,סֻכּוֹת,,,,Jonathan,TARG
7,Judges,8,14,Judges 8:14,11,וְיַת,,,,Jonathan,TARG
7,Judges,8,14,Judges 8:14,12,סָבָהָא,,,,Jonathan,TARG
7,Judges,8,14,Judges 8:14,13,שַׁבְעִין,,,,Jonathan,TARG
7,Judges,8,14,Judges 8:14,14,וְשִׁבְעָה,,,,Jonathan,TARG
7,Judges,8,14,Judges 8:14,15,גוּבְרִין:,,,,Jonathan,TARG
7,Judges,8,15,Judges 8:15,1,וַאֲתָא,,,,Jonathan,TARG
7,Judges,8,15,Judges 8:15,2,לְוַת,,,,Jonathan,TARG
7,Judges,8,15,Judges 8:15,3,אֱנָשֵׁי,,,,Jonathan,TARG
7,Judges,8,15,Judges 8:15,4,סֻכּוֹת,,,,Jonathan,TARG
7,Judges,8,15,Judges 8:15,5,וַאֲמַר,,,,Jonathan,TARG
7,Judges,8,15,Judges 8:15,6,הָא,,,,Jonathan,TARG
7,Judges,8,15,Judges 8:15,7,זֶבַח,,,,Jonathan,TARG
7,Judges,8,15,Judges 8:15,8,וְצַלְמֻנָע,,,,Jonathan,TARG
7,Judges,8,15,Judges 8:15,9,דְחַסִדְתּוּן,,,,Jonathan,TARG
7,Judges,8,15,Judges 8:15,10,יָתִי,,,,Jonathan,TARG
7,Judges,8,15,Judges 8:15,11,לְמֵימָר,,,,Jonathan,TARG
7,Judges,8,15,Judges 8:15,12,הָא,,,,Jonathan,TARG
7,Judges,8,15,Judges 8:15,13,כְאִלוּ,,,,Jonathan,TARG
7,Judges,8,15,Judges 8:15,14,זֶבַח,,,,Jonathan,TARG
7,Judges,8,15,Judges 8:15,15,וְצַלְמֻנָע,,,,Jonathan,TARG
7,Judges,8,15,Judges 8:15,16,כְּעַן,,,,Jonathan,TARG
7,Judges,8,15,Judges 8:15,17,מְסִירִין,,,,Jonathan,TARG
7,Judges,8,15,Judges 8:15,18,בִּידָךְ,,,,Jonathan,TARG
7,Judges,8,15,Judges 8:15,19,אֲרֵי,,,,Jonathan,TARG
7,Judges,8,15,Judges 8:15,20,נִתַּן,,,,Jonathan,TARG
7,Judges,8,15,Judges 8:15,21,לְגַבְרָךְ,,,,Jonathan,TARG
7,Judges,8,15,Judges 8:15,22,דִמְשַׁלְהֵן,,,,Jonathan,TARG
7,Judges,8,15,Judges 8:15,23,לַחְמָא:,,,,Jonathan,TARG
7,Judges,8,16,Judges 8:16,1,וּדְבַר,,,,Jonathan,TARG
7,Judges,8,16,Judges 8:16,2,יַת,,,,Jonathan,TARG
7,Judges,8,16,Judges 8:16,3,סָבֵי,,,,Jonathan,TARG
7,Judges,8,16,Judges 8:16,4,קַרְתָּא,,,,Jonathan,TARG
7,Judges,8,16,Judges 8:16,5,וְיַת,,,,Jonathan,TARG
7,Judges,8,16,Judges 8:16,6,כּוּבֵי,,,,Jonathan,TARG
7,Judges,8,16,Judges 8:16,7,מַדְבְּרָא,,,,Jonathan,TARG
7,Judges,8,16,Judges 8:16,8,וְיַת,,,,Jonathan,TARG
7,Judges,8,16,Judges 8:16,9,בַּרְקָנַיָא,,,,Jonathan,TARG
7,Judges,8,16,Judges 8:16,10,וְתַבַּר,,,,Jonathan,TARG
7,Judges,8,16,Judges 8:16,11,עֲלֵיהוֹן,,,,Jonathan,TARG
7,Judges,8,16,Judges 8:16,12,יַת,,,,Jonathan,TARG
7,Judges,8,16,Judges 8:16,13,אֱנָשֵׁי,,,,Jonathan,TARG
7,Judges,8,16,Judges 8:16,14,סֻכּוֹת:,,,,Jonathan,TARG
7,Judges,8,17,Judges 8:17,1,וְיַת,,,,Jonathan,TARG
7,Judges,8,17,Judges 8:17,2,מִגְדַל,,,,Jonathan,TARG
7,Judges,8,17,Judges 8:17,3,פְּנוּאֵל,,,,Jonathan,TARG
7,Judges,8,17,Judges 8:17,4,תְּרַע,,,,Jonathan,TARG
7,Judges,8,17,Judges 8:17,5,וּקְטַל,,,,Jonathan,TARG
7,Judges,8,17,Judges 8:17,6,יַת,,,,Jonathan,TARG
7,Judges,8,17,Judges 8:17,7,אֱנָשֵׁי,,,,Jonathan,TARG
7,Judges,8,17,Judges 8:17,8,קַרְתָּא:,,,,Jonathan,TARG
7,Judges,8,18,Judges 8:18,1,וַאֲמַר,,,,Jonathan,TARG
7,Judges,8,18,Judges 8:18,2,לְזֶבַח,,,,Jonathan,TARG
7,Judges,8,18,Judges 8:18,3,וּלְצַלְמֻנָע,,,,Jonathan,TARG
7,Judges,8,18,Judges 8:18,4,הֵיכָא,,,,Jonathan,TARG
7,Judges,8,18,Judges 8:18,5,גַבְרַיָא,,,,Jonathan,TARG
7,Judges,8,18,Judges 8:18,6,דִקְטַלְתּוּן,,,,Jonathan,TARG
7,Judges,8,18,Judges 8:18,7,בְּתָבוֹר,,,,Jonathan,TARG
7,Judges,8,18,Judges 8:18,8,וַאֲמַרוּ,,,,Jonathan,TARG
7,Judges,8,18,Judges 8:18,9,כְּוָתָךְ,,,,Jonathan,TARG
7,Judges,8,18,Judges 8:18,10,כֵּן,,,,Jonathan,TARG
7,Judges,8,18,Judges 8:18,11,אַף,,,,Jonathan,TARG
7,Judges,8,18,Judges 8:18,12,אִינוּן,,,,Jonathan,TARG
7,Judges,8,18,Judges 8:18,13,חַד,,,,Jonathan,TARG
7,Judges,8,18,Judges 8:18,14,מִנְהוֹן,,,,Jonathan,TARG
7,Judges,8,18,Judges 8:18,15,כְּחֶזְוָא,,,,Jonathan,TARG
7,Judges,8,18,Judges 8:18,16,דִבְנֵי,,,,Jonathan,TARG
7,Judges,8,18,Judges 8:18,17,מַלְכָּא:,,,,Jonathan,TARG
7,Judges,8,19,Judges 8:19,1,וַאֲמַר,,,,Jonathan,TARG
7,Judges,8,19,Judges 8:19,2,אַחַי,,,,Jonathan,TARG
7,Judges,8,19,Judges 8:19,3,בְּנֵי,,,,Jonathan,TARG
7,Judges,8,19,Judges 8:19,4,אִמָא,,,,Jonathan,TARG
7,Judges,8,19,Judges 8:19,5,אִנוּן,,,,Jonathan,TARG
7,Judges,8,19,Judges 8:19,6,קַיָם,,,,Jonathan,TARG
7,Judges,8,19,Judges 8:19,7,הוּא,,,,Jonathan,TARG
7,Judges,8,19,Judges 8:19,8,יְיָ,,,,Jonathan,TARG
7,Judges,8,19,Judges 8:19,9,אֵלוּ,,,,Jonathan,TARG
7,Judges,8,19,Judges 8:19,10,קַיֵמְתּוּן,,,,Jonathan,TARG
7,Judges,8,19,Judges 8:19,11,יַתְהוֹן,,,,Jonathan,TARG
7,Judges,8,19,Judges 8:19,12,לָא,,,,Jonathan,TARG
7,Judges,8,19,Judges 8:19,13,קַטְלֵית,,,,Jonathan,TARG
7,Judges,8,19,Judges 8:19,14,יַתְכוֹן:,,,,Jonathan,TARG
7,Judges,8,20,Judges 8:20,1,וַאֲמַר,,,,Jonathan,TARG
7,Judges,8,20,Judges 8:20,2,לְיֶתֶר,,,,Jonathan,TARG
7,Judges,8,20,Judges 8:20,3,בּוּכְרֵיהּ,,,,Jonathan,TARG
7,Judges,8,20,Judges 8:20,4,קוּם,,,,Jonathan,TARG
7,Judges,8,20,Judges 8:20,5,קְטוֹל,,,,Jonathan,TARG
7,Judges,8,20,Judges 8:20,6,יַתְהוֹן,,,,Jonathan,TARG
7,Judges,8,20,Judges 8:20,7,וְלָא,,,,Jonathan,TARG
7,Judges,8,20,Judges 8:20,8,שְׁלַף,,,,Jonathan,TARG
7,Judges,8,20,Judges 8:20,9,עוּלֵימָא,,,,Jonathan,TARG
7,Judges,8,20,Judges 8:20,10,חַרְבֵּיהּ,,,,Jonathan,TARG
7,Judges,8,20,Judges 8:20,11,אֲרֵי,,,,Jonathan,TARG
7,Judges,8,20,Judges 8:20,12,דָחִיל,,,,Jonathan,TARG
7,Judges,8,20,Judges 8:20,13,אֲרֵי,,,,Jonathan,TARG
7,Judges,8,20,Judges 8:20,14,עַד,,,,Jonathan,TARG
7,Judges,8,20,Judges 8:20,15,כְּעַן,,,,Jonathan,TARG
7,Judges,8,20,Judges 8:20,16,יָנִיק:,,,,Jonathan,TARG
7,Judges,8,21,Judges 8:21,1,וַאֲמַר,,,,Jonathan,TARG
7,Judges,8,21,Judges 8:21,2,זֶבַח,,,,Jonathan,TARG
7,Judges,8,21,Judges 8:21,3,וְצַלְמֻנָע,,,,Jonathan,TARG
7,Judges,8,21,Judges 8:21,4,קוּם,,,,Jonathan,TARG
7,Judges,8,21,Judges 8:21,5,אַתְּ,,,,Jonathan,TARG
7,Judges,8,21,Judges 8:21,6,וּשְׁלַט,,,,Jonathan,TARG
7,Judges,8,21,Judges 8:21,7,בָּנָא,,,,Jonathan,TARG
7,Judges,8,21,Judges 8:21,8,אֲרֵי,,,,Jonathan,TARG
7,Judges,8,21,Judges 8:21,9,כְגַבְרָא,,,,Jonathan,TARG
7,Judges,8,21,Judges 8:21,10,כֵּן,,,,Jonathan,TARG
7,Judges,8,21,Judges 8:21,11,גְבוּרְתֵּיהּ,,,,Jonathan,TARG
7,Judges,8,21,Judges 8:21,12,וְקָם,,,,Jonathan,TARG
7,Judges,8,21,Judges 8:21,13,גִדְעוֹן,,,,Jonathan,TARG
7,Judges,8,21,Judges 8:21,14,וּקְטַל,,,,Jonathan,TARG
7,Judges,8,21,Judges 8:21,15,יַת,,,,Jonathan,TARG
7,Judges,8,21,Judges 8:21,16,זֶבַח,,,,Jonathan,TARG
7,Judges,8,21,Judges 8:21,17,וְיַת,,,,Jonathan,TARG
7,Judges,8,21,Judges 8:21,18,צַלְמֻנָע,,,,Jonathan,TARG
7,Judges,8,21,Judges 8:21,19,וּנְסִיב,,,,Jonathan,TARG
7,Judges,8,21,Judges 8:21,20,יַת,,,,Jonathan,TARG
7,Judges,8,21,Judges 8:21,21,עִנְקַיָא,,,,Jonathan,TARG
7,Judges,8,21,Judges 8:21,22,דִי,,,,Jonathan,TARG
7,Judges,8,21,Judges 8:21,23,בְצַוְארֵי,,,,Jonathan,TARG
7,Judges,8,21,Judges 8:21,24,גְמַלֵיהוֹן:,,,,Jonathan,TARG
7,Judges,8,22,Judges 8:22,1,וַאֲמַרוּ,,,,Jonathan,TARG
7,Judges,8,22,Judges 8:22,2,אֱנָשׁ,,,,Jonathan,TARG
7,Judges,8,22,Judges 8:22,3,יִשְׂרָאֵל,,,,Jonathan,TARG
7,Judges,8,22,Judges 8:22,4,לְגִדְעוֹן,,,,Jonathan,TARG
7,Judges,8,22,Judges 8:22,5,מְלוֹךְ,,,,Jonathan,TARG
7,Judges,8,22,Judges 8:22,6,עֲלָנָא,,,,Jonathan,TARG
7,Judges,8,22,Judges 8:22,7,אַף,,,,Jonathan,TARG
7,Judges,8,22,Judges 8:22,8,אַתְּ,,,,Jonathan,TARG
7,Judges,8,22,Judges 8:22,9,אַף,,,,Jonathan,TARG
7,Judges,8,22,Judges 8:22,10,בְּרָךְ,,,,Jonathan,TARG
7,Judges,8,22,Judges 8:22,11,אַף,,,,Jonathan,TARG
7,Judges,8,22,Judges 8:22,12,בַּר,,,,Jonathan,TARG
7,Judges,8,22,Judges 8:22,13,בְּרָךְ,,,,Jonathan,TARG
7,Judges,8,22,Judges 8:22,14,אֲרֵי,,,,Jonathan,TARG
7,Judges,8,22,Judges 8:22,15,פְרַקְתָּנָא,,,,Jonathan,TARG
7,Judges,8,22,Judges 8:22,16,מִן,,,,Jonathan,TARG
7,Judges,8,22,Judges 8:22,17,יַד,,,,Jonathan,TARG
7,Judges,8,22,Judges 8:22,18,מִדְיָנָאֵי:,,,,Jonathan,TARG
7,Judges,8,23,Judges 8:23,1,וַאֲמַר,,,,Jonathan,TARG
7,Judges,8,23,Judges 8:23,2,לְהוֹן,,,,Jonathan,TARG
7,Judges,8,23,Judges 8:23,3,גִדְעוֹן,,,,Jonathan,TARG
7,Judges,8,23,Judges 8:23,4,לָא,,,,Jonathan,TARG
7,Judges,8,23,Judges 8:23,5,אֶמְלוֹךְ,,,,Jonathan,TARG
7,Judges,8,23,Judges 8:23,6,אֲנָא,,,,Jonathan,TARG
7,Judges,8,23,Judges 8:23,7,עֲלֵיכוֹן,,,,Jonathan,TARG
7,Judges,8,23,Judges 8:23,8,וְלָא,,,,Jonathan,TARG
7,Judges,8,23,Judges 8:23,9,יִמְלוֹךְ,,,,Jonathan,TARG
7,Judges,8,23,Judges 8:23,10,בְּרִי,,,,Jonathan,TARG
7,Judges,8,23,Judges 8:23,11,עֲלֵיכוֹן,,,,Jonathan,TARG
7,Judges,8,23,Judges 8:23,12,יְיָ,,,,Jonathan,TARG
7,Judges,8,23,Judges 8:23,13,יִמְלוֹךְ,,,,Jonathan,TARG
7,Judges,8,23,Judges 8:23,14,עֲלֵיכוֹן:,,,,Jonathan,TARG
7,Judges,8,24,Judges 8:24,1,וַאֲמַר,,,,Jonathan,TARG
7,Judges,8,24,Judges 8:24,2,לְהוֹן,,,,Jonathan,TARG
7,Judges,8,24,Judges 8:24,3,גִדְעוֹן,,,,Jonathan,TARG
7,Judges,8,24,Judges 8:24,4,שָׁאֵיל,,,,Jonathan,TARG
7,Judges,8,24,Judges 8:24,5,אֲנָא,,,,Jonathan,TARG
7,Judges,8,24,Judges 8:24,6,מִנְכוֹן,,,,Jonathan,TARG
7,Judges,8,24,Judges 8:24,7,שְׁאֵילָה,,,,Jonathan,TARG
7,Judges,8,24,Judges 8:24,8,וְהָבוּ,,,,Jonathan,TARG
7,Judges,8,24,Judges 8:24,9,לִי,,,,Jonathan,TARG
7,Judges,8,24,Judges 8:24,10,גְבַר,,,,Jonathan,TARG
7,Judges,8,24,Judges 8:24,11,קָדָשֵׁיהּ,,,,Jonathan,TARG
7,Judges,8,24,Judges 8:24,12,מִן,,,,Jonathan,TARG
7,Judges,8,24,Judges 8:24,13,בִּזְתָא,,,,Jonathan,TARG
7,Judges,8,24,Judges 8:24,14,אֲרֵי,,,,Jonathan,TARG
7,Judges,8,24,Judges 8:24,15,קָדָשֵׁי,,,,Jonathan,TARG
7,Judges,8,24,Judges 8:24,16,דְדַהֲבָא,,,,Jonathan,TARG
7,Judges,8,24,Judges 8:24,17,לְהוֹן,,,,Jonathan,TARG
7,Judges,8,24,Judges 8:24,18,אֲרֵי,,,,Jonathan,TARG
7,Judges,8,24,Judges 8:24,19,עֲרָבָאֵי,,,,Jonathan,TARG
7,Judges,8,24,Judges 8:24,20,אִינוּן:,,,,Jonathan,TARG
7,Judges,8,25,Judges 8:25,1,וַאֲמַרוּ,,,,Jonathan,TARG
7,Judges,8,25,Judges 8:25,2,מִתַּן,,,,Jonathan,TARG
7,Judges,8,25,Judges 8:25,3,נִתָּן,,,,Jonathan,TARG
7,Judges,8,25,Judges 8:25,4,וּפָרְשׁוּ,,,,Jonathan,TARG
7,Judges,8,25,Judges 8:25,5,יַת,,,,Jonathan,TARG
7,Judges,8,25,Judges 8:25,6,כְּסוּתָא,,,,Jonathan,TARG
7,Judges,8,25,Judges 8:25,7,וּרְמוּ,,,,Jonathan,TARG
7,Judges,8,25,Judges 8:25,8,לְתַמָן,,,,Jonathan,TARG
7,Judges,8,25,Judges 8:25,9,גְבַר,,,,Jonathan,TARG
7,Judges,8,25,Judges 8:25,10,קָדְשֵׁיהּ,,,,Jonathan,TARG
7,Judges,8,25,Judges 8:25,11,מִן,,,,Jonathan,TARG
7,Judges,8,25,Judges 8:25,12,בִּזְתָא:,,,,Jonathan,TARG
7,Judges,8,26,Judges 8:26,1,וַהֲוָה,,,,Jonathan,TARG
7,Judges,8,26,Judges 8:26,2,מַתְקַל,,,,Jonathan,TARG
7,Judges,8,26,Judges 8:26,3,קָדָשֵׁי,,,,Jonathan,TARG
7,Judges,8,26,Judges 8:26,4,דְדַהֲבָא,,,,Jonathan,TARG
7,Judges,8,26,Judges 8:26,5,דִשְׁאַל,,,,Jonathan,TARG
7,Judges,8,26,Judges 8:26,6,אֶלֶף,,,,Jonathan,TARG
7,Judges,8,26,Judges 8:26,7,וּשְׁבַע,,,,Jonathan,TARG
7,Judges,8,26,Judges 8:26,8,מְאָה,,,,Jonathan,TARG
7,Judges,8,26,Judges 8:26,9,דַהֲבָא,,,,Jonathan,TARG
7,Judges,8,26,Judges 8:26,10,בַּר,,,,Jonathan,TARG
7,Judges,8,26,Judges 8:26,11,מִן,,,,Jonathan,TARG
7,Judges,8,26,Judges 8:26,12,סַהֲרָנַיָא,,,,Jonathan,TARG
7,Judges,8,26,Judges 8:26,13,וּכְלִילָא,,,,Jonathan,TARG
7,Judges,8,26,Judges 8:26,14,וּלְבוּשֵׁי,,,,Jonathan,TARG
7,Judges,8,26,Judges 8:26,15,אַרְגְוָנָא,,,,Jonathan,TARG
7,Judges,8,26,Judges 8:26,16,דִי,,,,Jonathan,TARG
7,Judges,8,26,Judges 8:26,17,עַל,,,,Jonathan,TARG
7,Judges,8,26,Judges 8:26,18,מַלְכֵי,,,,Jonathan,TARG
7,Judges,8,26,Judges 8:26,19,מִדְיָן,,,,Jonathan,TARG
7,Judges,8,26,Judges 8:26,20,וּבַר,,,,Jonathan,TARG
7,Judges,8,26,Judges 8:26,21,מִן,,,,Jonathan,TARG
7,Judges,8,26,Judges 8:26,22,עֲנָקַיָא,,,,Jonathan,TARG
7,Judges,8,26,Judges 8:26,23,דִי,,,,Jonathan,TARG
7,Judges,8,26,Judges 8:26,24,בְּצַוְרֵי,,,,Jonathan,TARG
7,Judges,8,26,Judges 8:26,25,גְמַלֵיהוֹן:,,,,Jonathan,TARG
7,Judges,8,27,Judges 8:27,1,וַעֲבַד,,,,Jonathan,TARG
7,Judges,8,27,Judges 8:27,2,יָתֵיה,,,,Jonathan,TARG
7,Judges,8,27,Judges 8:27,3,גִדְעוֹן,,,,Jonathan,TARG
7,Judges,8,27,Judges 8:27,4,לְאֵיפוֹדָא,,,,Jonathan,TARG
7,Judges,8,27,Judges 8:27,5,וַאֲקֵים,,,,Jonathan,TARG
7,Judges,8,27,Judges 8:27,6,יָתֵיהּ,,,,Jonathan,TARG
7,Judges,8,27,Judges 8:27,7,בְּקַרְתֵּיהּ,,,,Jonathan,TARG
7,Judges,8,27,Judges 8:27,8,בְּעָפְרָה,,,,Jonathan,TARG
7,Judges,8,27,Judges 8:27,9,וּטְעוֹ,,,,Jonathan,TARG
7,Judges,8,27,Judges 8:27,10,כָל,,,,Jonathan,TARG
7,Judges,8,27,Judges 8:27,11,יִשְׂרָאֵל,,,,Jonathan,TARG
7,Judges,8,27,Judges 8:27,12,בַּתְרוֹהִי,,,,Jonathan,TARG
7,Judges,8,27,Judges 8:27,13,לְתַמָן,,,,Jonathan,TARG
7,Judges,8,27,Judges 8:27,14,וַהֲוָה,,,,Jonathan,TARG
7,Judges,8,27,Judges 8:27,15,לְגִדְעוֹן,,,,Jonathan,TARG
7,Judges,8,27,Judges 8:27,16,וּלְבֵיתֵיהּ,,,,Jonathan,TARG
7,Judges,8,27,Judges 8:27,17,לְתַקָלָא:,,,,Jonathan,TARG
7,Judges,8,28,Judges 8:28,1,וְאִתְּבַרוּ,,,,Jonathan,TARG
7,Judges,8,28,Judges 8:28,2,מִדְיָנָאֵי,,,,Jonathan,TARG
7,Judges,8,28,Judges 8:28,3,קֳדָם,,,,Jonathan,TARG
7,Judges,8,28,Judges 8:28,4,בְּנֵי,,,,Jonathan,TARG
7,Judges,8,28,Judges 8:28,5,יִשְׂרָאֵל,,,,Jonathan,TARG
7,Judges,8,28,Judges 8:28,6,וְלָא,,,,Jonathan,TARG
7,Judges,8,28,Judges 8:28,7,אוֹסִיפוּ,,,,Jonathan,TARG
7,Judges,8,28,Judges 8:28,8,לַאֲרָמָא,,,,Jonathan,TARG
7,Judges,8,28,Judges 8:28,9,רֵישֵׁיהוֹן,,,,Jonathan,TARG
7,Judges,8,28,Judges 8:28,10,וּשְׁדוֹכַת,,,,Jonathan,TARG
7,Judges,8,28,Judges 8:28,11,אַרְעָא,,,,Jonathan,TARG
7,Judges,8,28,Judges 8:28,12,דְיִשְׂרָאֵל,,,,Jonathan,TARG
7,Judges,8,28,Judges 8:28,13,אַרְבְּעִין,,,,Jonathan,TARG
7,Judges,8,28,Judges 8:28,14,שְׁנִין,,,,Jonathan,TARG
7,Judges,8,28,Judges 8:28,15,בְּיוֹמֵי,,,,Jonathan,TARG
7,Judges,8,28,Judges 8:28,16,גִדְעוֹן:,,,,Jonathan,TARG
7,Judges,8,29,Judges 8:29,1,וַאֲזַל,,,,Jonathan,TARG
7,Judges,8,29,Judges 8:29,2,יְרֻבַּעַל,,,,Jonathan,TARG
7,Judges,8,29,Judges 8:29,3,בַּר,,,,Jonathan,TARG
7,Judges,8,29,Judges 8:29,4,יוֹאָשׁ,,,,Jonathan,TARG
7,Judges,8,29,Judges 8:29,5,וִיתֵיב,,,,Jonathan,TARG
7,Judges,8,29,Judges 8:29,6,בְּבֵיתֵיהּ:,,,,Jonathan,TARG
7,Judges,8,30,Judges 8:30,1,וּלְגִדְעוֹן,,,,Jonathan,TARG
7,Judges,8,30,Judges 8:30,2,הֲווֹ,,,,Jonathan,TARG
7,Judges,8,30,Judges 8:30,3,שַׁבְעִין,,,,Jonathan,TARG
7,Judges,8,30,Judges 8:30,4,בְּנִין,,,,Jonathan,TARG
7,Judges,8,30,Judges 8:30,5,נַפְקֵי,,,,Jonathan,TARG
7,Judges,8,30,Judges 8:30,6,יַרְכֵיהּ,,,,Jonathan,TARG
7,Judges,8,30,Judges 8:30,7,אֲרֵי,,,,Jonathan,TARG
7,Judges,8,30,Judges 8:30,8,נְשִׁין,,,,Jonathan,TARG
7,Judges,8,30,Judges 8:30,9,סַגִיאִין,,,,Jonathan,TARG
7,Judges,8,30,Judges 8:30,10,הֲוָאָה,,,,Jonathan,TARG
7,Judges,8,30,Judges 8:30,11,לֵיהּ:,,,,Jonathan,TARG
7,Judges,8,31,Judges 8:31,1,וּלְחֵנָתֵיהּ,,,,Jonathan,TARG
7,Judges,8,31,Judges 8:31,2,דִי,,,,Jonathan,TARG
7,Judges,8,31,Judges 8:31,3,בִשְׁכֶם,,,,Jonathan,TARG
7,Judges,8,31,Judges 8:31,4,יְלִידַת,,,,Jonathan,TARG
7,Judges,8,31,Judges 8:31,5,לֵיהּ,,,,Jonathan,TARG
7,Judges,8,31,Judges 8:31,6,אַף,,,,Jonathan,TARG
7,Judges,8,31,Judges 8:31,7,הִיא,,,,Jonathan,TARG
7,Judges,8,31,Judges 8:31,8,בַּר,,,,Jonathan,TARG
7,Judges,8,31,Judges 8:31,9,וְשַׁוִי,,,,Jonathan,TARG
7,Judges,8,31,Judges 8:31,10,יַת,,,,Jonathan,TARG
7,Judges,8,31,Judges 8:31,11,שְׁמֵיהּ,,,,Jonathan,TARG
7,Judges,8,31,Judges 8:31,12,אֲבִימֶלֶךְ:,,,,Jonathan,TARG
7,Judges,8,32,Judges 8:32,1,וּמִית,,,,Jonathan,TARG
7,Judges,8,32,Judges 8:32,2,גִדְעוֹן,,,,Jonathan,TARG
7,Judges,8,32,Judges 8:32,3,בַּר,,,,Jonathan,TARG
7,Judges,8,32,Judges 8:32,4,יוֹאָשׁ,,,,Jonathan,TARG
7,Judges,8,32,Judges 8:32,5,בְּסֵיבוּ,,,,Jonathan,TARG
7,Judges,8,32,Judges 8:32,6,טָבָא,,,,Jonathan,TARG
7,Judges,8,32,Judges 8:32,7,וְאִתְקְבַר,,,,Jonathan,TARG
7,Judges,8,32,Judges 8:32,8,בְּקִבְרָא,,,,Jonathan,TARG
7,Judges,8,32,Judges 8:32,9,דְיוֹאָשׁ,,,,Jonathan,TARG
7,Judges,8,32,Judges 8:32,10,אֲבוּהִי,,,,Jonathan,TARG
7,Judges,8,32,Judges 8:32,11,בְּעָפְרָה,,,,Jonathan,TARG
7,Judges,8,32,Judges 8:32,12,דַאֲבוּהִי,,,,Jonathan,TARG
7,Judges,8,32,Judges 8:32,13,דְעָזֶר:,,,,Jonathan,TARG
7,Judges,8,33,Judges 8:33,1,וַהֲוָה,,,,Jonathan,TARG
7,Judges,8,33,Judges 8:33,2,כַּד,,,,Jonathan,TARG
7,Judges,8,33,Judges 8:33,3,מִית,,,,Jonathan,TARG
7,Judges,8,33,Judges 8:33,4,גִדְעוֹן,,,,Jonathan,TARG
7,Judges,8,33,Judges 8:33,5,וְתָבוּ,,,,Jonathan,TARG
7,Judges,8,33,Judges 8:33,6,בְּנֵי,,,,Jonathan,TARG
7,Judges,8,33,Judges 8:33,7,יִשְׂרָאֵל,,,,Jonathan,TARG
7,Judges,8,33,Judges 8:33,8,וְטָעוּ,,,,Jonathan,TARG
7,Judges,8,33,Judges 8:33,9,בָּתַר,,,,Jonathan,TARG
7,Judges,8,33,Judges 8:33,10,בַּעֲלַיָא,,,,Jonathan,TARG
7,Judges,8,33,Judges 8:33,11,וְשַׁוִיאוּ,,,,Jonathan,TARG
7,Judges,8,33,Judges 8:33,12,לְהוֹן,,,,Jonathan,TARG
7,Judges,8,33,Judges 8:33,13,בָּעֵיל,,,,Jonathan,TARG
7,Judges,8,33,Judges 8:33,14,קְיָם,,,,Jonathan,TARG
7,Judges,8,33,Judges 8:33,15,לְטַעֲוָתָא:,,,,Jonathan,TARG
7,Judges,8,34,Judges 8:34,1,וְלָא,,,,Jonathan,TARG
7,Judges,8,34,Judges 8:34,2,אִדְכָּרוּ,,,,Jonathan,TARG
7,Judges,8,34,Judges 8:34,3,בְּנֵי,,,,Jonathan,TARG
7,Judges,8,34,Judges 8:34,4,יִשְׂרָאֵל,,,,Jonathan,TARG
7,Judges,8,34,Judges 8:34,5,יַת,,,,Jonathan,TARG
7,Judges,8,34,Judges 8:34,6,פּוּלְחָנָא,,,,Jonathan,TARG
7,Judges,8,34,Judges 8:34,7,דַייָ,,,,Jonathan,TARG
7,Judges,8,34,Judges 8:34,8,אֱלָהָהוֹן,,,,Jonathan,TARG
7,Judges,8,34,Judges 8:34,9,דִי,,,,Jonathan,TARG
7,Judges,8,34,Judges 8:34,10,שֵׁיזִיב,,,,Jonathan,TARG
7,Judges,8,34,Judges 8:34,11,יַתְהוֹן,,,,Jonathan,TARG
7,Judges,8,34,Judges 8:34,12,מִיַד,,,,Jonathan,TARG
7,Judges,8,34,Judges 8:34,13,כָּל,,,,Jonathan,TARG
7,Judges,8,34,Judges 8:34,14,בַּעֲלֵי,,,,Jonathan,TARG
7,Judges,8,34,Judges 8:34,15,דְבָבֵיהוֹן,,,,Jonathan,TARG
7,Judges,8,34,Judges 8:34,16,מִסְחוֹר,,,,Jonathan,TARG
7,Judges,8,34,Judges 8:34,17,סְחוֹר:,,,,Jonathan,TARG
7,Judges,8,35,Judges 8:35,1,וְלָא,,,,Jonathan,TARG
7,Judges,8,35,Judges 8:35,2,עֲבָדוּ,,,,Jonathan,TARG
7,Judges,8,35,Judges 8:35,3,טֵיבוּ,,,,Jonathan,TARG
7,Judges,8,35,Judges 8:35,4,עִם,,,,Jonathan,TARG
7,Judges,8,35,Judges 8:35,5,בֵּית,,,,Jonathan,TARG
7,Judges,8,35,Judges 8:35,6,יְרֻבַּעַל,,,,Jonathan,TARG
7,Judges,8,35,Judges 8:35,7,גִדְעוֹן,,,,Jonathan,TARG
7,Judges,8,35,Judges 8:35,8,כְּכָל,,,,Jonathan,TARG
7,Judges,8,35,Judges 8:35,9,טַבְתָא,,,,Jonathan,TARG
7,Judges,8,35,Judges 8:35,10,דִי,,,,Jonathan,TARG
7,Judges,8,35,Judges 8:35,11,עֲבַד,,,,Jonathan,TARG
7,Judges,8,35,Judges 8:35,12,עִם,,,,Jonathan,TARG
7,Judges,8,35,Judges 8:35,13,יִשְׂרָאֵל:,,,,Jonathan,TARG
7,Judges,9,1,Judges 9:1,1,וַאֲזַל,,,,Jonathan,TARG
7,Judges,9,1,Judges 9:1,2,אֲבִימֶלֶךְ,,,,Jonathan,TARG
7,Judges,9,1,Judges 9:1,3,בַּר,,,,Jonathan,TARG
7,Judges,9,1,Judges 9:1,4,יְרֻבַּעַל,,,,Jonathan,TARG
7,Judges,9,1,Judges 9:1,5,לִשְׁכֶם,,,,Jonathan,TARG
7,Judges,9,1,Judges 9:1,6,לְוַת,,,,Jonathan,TARG
7,Judges,9,1,Judges 9:1,7,אֲחֵי,,,,Jonathan,TARG
7,Judges,9,1,Judges 9:1,8,אִמֵיהּ,,,,Jonathan,TARG
7,Judges,9,1,Judges 9:1,9,וּמַלֵיל,,,,Jonathan,TARG
7,Judges,9,1,Judges 9:1,10,עִמְהוֹן,,,,Jonathan,TARG
7,Judges,9,1,Judges 9:1,11,וְעִם,,,,Jonathan,TARG
7,Judges,9,1,Judges 9:1,12,כָּל,,,,Jonathan,TARG
7,Judges,9,1,Judges 9:1,13,זַרְעִית,,,,Jonathan,TARG
7,Judges,9,1,Judges 9:1,14,בֵּית,,,,Jonathan,TARG
7,Judges,9,1,Judges 9:1,15,אֲבוּהָא,,,,Jonathan,TARG
7,Judges,9,1,Judges 9:1,16,דְאִימֵיהּ,,,,Jonathan,TARG
7,Judges,9,1,Judges 9:1,17,לְמֵימָר:,,,,Jonathan,TARG
7,Judges,9,2,Judges 9:2,1,מַלִילוּ,,,,Jonathan,TARG
7,Judges,9,2,Judges 9:2,2,כְּעַן,,,,Jonathan,TARG
7,Judges,9,2,Judges 9:2,3,קֳדָם,,,,Jonathan,TARG
7,Judges,9,2,Judges 9:2,4,כָּל,,,,Jonathan,TARG
7,Judges,9,2,Judges 9:2,5,יַתְבֵי,,,,Jonathan,TARG
7,Judges,9,2,Judges 9:2,6,שְׁכֶם,,,,Jonathan,TARG
7,Judges,9,2,Judges 9:2,7,מַה,,,,Jonathan,TARG
7,Judges,9,2,Judges 9:2,8,טַב,,,,Jonathan,TARG
7,Judges,9,2,Judges 9:2,9,לְכוֹן,,,,Jonathan,TARG
7,Judges,9,2,Judges 9:2,10,דְיִמְלְכוּן,,,,Jonathan,TARG
7,Judges,9,2,Judges 9:2,11,עֲלֵיכוֹן,,,,Jonathan,TARG
7,Judges,9,2,Judges 9:2,12,שַׁבְעִין,,,,Jonathan,TARG
7,Judges,9,2,Judges 9:2,13,גַבְרָא,,,,Jonathan,TARG
7,Judges,9,2,Judges 9:2,14,כָּל,,,,Jonathan,TARG
7,Judges,9,2,Judges 9:2,15,בְּנֵי,,,,Jonathan,TARG
7,Judges,9,2,Judges 9:2,16,יְרֻבַּעַל,,,,Jonathan,TARG
7,Judges,9,2,Judges 9:2,17,אוֹ,,,,Jonathan,TARG
7,Judges,9,2,Judges 9:2,18,דְיִמְלוֹךְ,,,,Jonathan,TARG
7,Judges,9,2,Judges 9:2,19,עֲלֵיכוֹן,,,,Jonathan,TARG
7,Judges,9,2,Judges 9:2,20,גַבְרָא,,,,Jonathan,TARG
7,Judges,9,2,Judges 9:2,21,חָד,,,,Jonathan,TARG
7,Judges,9,2,Judges 9:2,22,וְתִדְכְּרוּן,,,,Jonathan,TARG
7,Judges,9,2,Judges 9:2,23,אֲרֵי,,,,Jonathan,TARG
7,Judges,9,2,Judges 9:2,24,קָרִיבְכוֹן,,,,Jonathan,TARG
7,Judges,9,2,Judges 9:2,25,וּבִשְׂרְכוֹן,,,,Jonathan,TARG
7,Judges,9,2,Judges 9:2,26,אֲנָא:,,,,Jonathan,TARG
7,Judges,9,3,Judges 9:3,1,וּמַלִילוּ,,,,Jonathan,TARG
7,Judges,9,3,Judges 9:3,2,אֲחֵי,,,,Jonathan,TARG
7,Judges,9,3,Judges 9:3,3,אִמֵיהּ,,,,Jonathan,TARG
7,Judges,9,3,Judges 9:3,4,עֲלוֹהִי,,,,Jonathan,TARG
7,Judges,9,3,Judges 9:3,5,קֳדָם,,,,Jonathan,TARG
7,Judges,9,3,Judges 9:3,6,כָּל,,,,Jonathan,TARG
7,Judges,9,3,Judges 9:3,7,יַתְבֵי,,,,Jonathan,TARG
7,Judges,9,3,Judges 9:3,8,שְׁכֶם,,,,Jonathan,TARG
7,Judges,9,3,Judges 9:3,9,יַת,,,,Jonathan,TARG
7,Judges,9,3,Judges 9:3,10,כָּל,,,,Jonathan,TARG
7,Judges,9,3,Judges 9:3,11,פִּתְגָמַיָא,,,,Jonathan,TARG
7,Judges,9,3,Judges 9:3,12,הָאִלֵין,,,,Jonathan,TARG
7,Judges,9,3,Judges 9:3,13,וְאִתְפְּנֵי,,,,Jonathan,TARG
7,Judges,9,3,Judges 9:3,14,לִבְּהוֹן,,,,Jonathan,TARG
7,Judges,9,3,Judges 9:3,15,בָּתַר,,,,Jonathan,TARG
7,Judges,9,3,Judges 9:3,16,אֲבִימֶלֶךְ,,,,Jonathan,TARG
7,Judges,9,3,Judges 9:3,17,אֲרֵי,,,,Jonathan,TARG
7,Judges,9,3,Judges 9:3,18,אֲמַרוּ,,,,Jonathan,TARG
7,Judges,9,3,Judges 9:3,19,אֲחוּנָא,,,,Jonathan,TARG
7,Judges,9,3,Judges 9:3,20,הוּא:,,,,Jonathan,TARG
7,Judges,9,4,Judges 9:4,1,וִיהָבוּ,,,,Jonathan,TARG
7,Judges,9,4,Judges 9:4,2,לֵיהּ,,,,Jonathan,TARG
7,Judges,9,4,Judges 9:4,3,שַׁבְעִין,,,,Jonathan,TARG
7,Judges,9,4,Judges 9:4,4,כְּסָף,,,,Jonathan,TARG
7,Judges,9,4,Judges 9:4,5,מִבֵּית,,,,Jonathan,TARG
7,Judges,9,4,Judges 9:4,6,בָּעֵיל,,,,Jonathan,TARG
7,Judges,9,4,Judges 9:4,7,קְיָם,,,,Jonathan,TARG
7,Judges,9,4,Judges 9:4,8,וַאֲגַר,,,,Jonathan,TARG
7,Judges,9,4,Judges 9:4,9,בְּהוֹן,,,,Jonathan,TARG
7,Judges,9,4,Judges 9:4,10,אֲבִימֶלֶךְ,,,,Jonathan,TARG
7,Judges,9,4,Judges 9:4,11,גַבְרִין,,,,Jonathan,TARG
7,Judges,9,4,Judges 9:4,12,סְרִיקִין,,,,Jonathan,TARG
7,Judges,9,4,Judges 9:4,13,וּבְסִירִין,,,,Jonathan,TARG
7,Judges,9,4,Judges 9:4,14,וַאֲזַלוּ,,,,Jonathan,TARG
7,Judges,9,4,Judges 9:4,15,בַּתְרוֹהִי:,,,,Jonathan,TARG
7,Judges,9,5,Judges 9:5,1,וְעַל,,,,Jonathan,TARG
7,Judges,9,5,Judges 9:5,2,לְבֵית,,,,Jonathan,TARG
7,Judges,9,5,Judges 9:5,3,אֲבוּהִי,,,,Jonathan,TARG
7,Judges,9,5,Judges 9:5,4,לְעָפְרָה,,,,Jonathan,TARG
7,Judges,9,5,Judges 9:5,5,וּקְטַל,,,,Jonathan,TARG
7,Judges,9,5,Judges 9:5,6,יַת,,,,Jonathan,TARG
7,Judges,9,5,Judges 9:5,7,אֲחוֹהִי,,,,Jonathan,TARG
7,Judges,9,5,Judges 9:5,8,בְנֵי,,,,Jonathan,TARG
7,Judges,9,5,Judges 9:5,9,יְרֻבַּעַל,,,,Jonathan,TARG
7,Judges,9,5,Judges 9:5,10,שַׁבְעִין,,,,Jonathan,TARG
7,Judges,9,5,Judges 9:5,11,גַבְרָא,,,,Jonathan,TARG
7,Judges,9,5,Judges 9:5,12,עַל,,,,Jonathan,TARG
7,Judges,9,5,Judges 9:5,13,אַבְנָא,,,,Jonathan,TARG
7,Judges,9,5,Judges 9:5,14,חֲדָא,,,,Jonathan,TARG
7,Judges,9,5,Judges 9:5,15,וְאִשְׁתָּאַר,,,,Jonathan,TARG
7,Judges,9,5,Judges 9:5,16,יוֹתָם,,,,Jonathan,TARG
7,Judges,9,5,Judges 9:5,17,בַּר,,,,Jonathan,TARG
7,Judges,9,5,Judges 9:5,18,יְרֻבַּעַל,,,,Jonathan,TARG
7,Judges,9,5,Judges 9:5,19,זְעֵירָא,,,,Jonathan,TARG
7,Judges,9,5,Judges 9:5,20,אֲרֵי,,,,Jonathan,TARG
7,Judges,9,5,Judges 9:5,21,אִיטַמָר:,,,,Jonathan,TARG
7,Judges,9,6,Judges 9:6,1,וְאִתְכְּנִישׁוּ,,,,Jonathan,TARG
7,Judges,9,6,Judges 9:6,2,כָּל,,,,Jonathan,TARG
7,Judges,9,6,Judges 9:6,3,יַתְבֵי,,,,Jonathan,TARG
7,Judges,9,6,Judges 9:6,4,שְׁכֶם,,,,Jonathan,TARG
7,Judges,9,6,Judges 9:6,5,וְכָל,,,,Jonathan,TARG
7,Judges,9,6,Judges 9:6,6,בֵּית,,,,Jonathan,TARG
7,Judges,9,6,Judges 9:6,7,מִלוֹא,,,,Jonathan,TARG
7,Judges,9,6,Judges 9:6,8,וַאֲזָלוּ,,,,Jonathan,TARG
7,Judges,9,6,Judges 9:6,9,וְאַמְלִיכוּ,,,,Jonathan,TARG
7,Judges,9,6,Judges 9:6,10,יַת,,,,Jonathan,TARG
7,Judges,9,6,Judges 9:6,11,אֲבִימֶלֶךְ,,,,Jonathan,TARG
7,Judges,9,6,Judges 9:6,12,לְמֶהֱוֵי,,,,Jonathan,TARG
7,Judges,9,6,Judges 9:6,13,מַלְכָּא,,,,Jonathan,TARG
7,Judges,9,6,Judges 9:6,14,עִם,,,,Jonathan,TARG
7,Judges,9,6,Judges 9:6,15,מֵישַׁר,,,,Jonathan,TARG
7,Judges,9,6,Judges 9:6,16,קָמָתָא,,,,Jonathan,TARG
7,Judges,9,6,Judges 9:6,17,דִי,,,,Jonathan,TARG
7,Judges,9,6,Judges 9:6,18,בִּשְׁכֶם:,,,,Jonathan,TARG
7,Judges,9,7,Judges 9:7,1,וְחַוִיאוּ,,,,Jonathan,TARG
7,Judges,9,7,Judges 9:7,2,לְיוֹתָם,,,,Jonathan,TARG
7,Judges,9,7,Judges 9:7,3,וַאֲזַל,,,,Jonathan,TARG
7,Judges,9,7,Judges 9:7,4,וְקָם,,,,Jonathan,TARG
7,Judges,9,7,Judges 9:7,5,בְּרֵישׁ,,,,Jonathan,TARG
7,Judges,9,7,Judges 9:7,6,טוּרָא,,,,Jonathan,TARG
7,Judges,9,7,Judges 9:7,7,דִגְרִיזִין,,,,Jonathan,TARG
7,Judges,9,7,Judges 9:7,8,וַאֲרֵים,,,,Jonathan,TARG
7,Judges,9,7,Judges 9:7,9,קָלֵיהּ,,,,Jonathan,TARG
7,Judges,9,7,Judges 9:7,10,וּקְרָא,,,,Jonathan,TARG
7,Judges,9,7,Judges 9:7,11,וַאֲמַר,,,,Jonathan,TARG
7,Judges,9,7,Judges 9:7,12,לְהוֹן,,,,Jonathan,TARG
7,Judges,9,7,Judges 9:7,13,קַבִּילוּ,,,,Jonathan,TARG
7,Judges,9,7,Judges 9:7,14,מִנִי,,,,Jonathan,TARG
7,Judges,9,7,Judges 9:7,15,יַתְבֵי,,,,Jonathan,TARG
7,Judges,9,7,Judges 9:7,16,שְׁכֶם,,,,Jonathan,TARG
7,Judges,9,7,Judges 9:7,17,וִיקַבֵּל,,,,Jonathan,TARG
7,Judges,9,7,Judges 9:7,18,צְלוֹתְכוֹן,,,,Jonathan,TARG
7,Judges,9,7,Judges 9:7,19,יְיָ:,,,,Jonathan,TARG
7,Judges,9,8,Judges 9:8,1,הֲמֵיזַל,,,,Jonathan,TARG
7,Judges,9,8,Judges 9:8,2,אֲזָלוּ,,,,Jonathan,TARG
7,Judges,9,8,Judges 9:8,3,אִילָנַיָא,,,,Jonathan,TARG
7,Judges,9,8,Judges 9:8,4,לְמַנָאָה,,,,Jonathan,TARG
7,Judges,9,8,Judges 9:8,5,עֲלֵיהוֹן,,,,Jonathan,TARG
7,Judges,9,8,Judges 9:8,6,מַלְכָּא,,,,Jonathan,TARG
7,Judges,9,8,Judges 9:8,7,וְאֲמָרוּ,,,,Jonathan,TARG
7,Judges,9,8,Judges 9:8,8,לְזֵיתָא,,,,Jonathan,TARG
7,Judges,9,8,Judges 9:8,9,מְלוֹךְ,,,,Jonathan,TARG
7,Judges,9,8,Judges 9:8,10,עֲלָנָא:,,,,Jonathan,TARG
7,Judges,9,9,Judges 9:9,1,וַאֲמַר,,,,Jonathan,TARG
7,Judges,9,9,Judges 9:9,2,לְהוֹן,,,,Jonathan,TARG
7,Judges,9,9,Judges 9:9,3,זֵיתָא,,,,Jonathan,TARG
7,Judges,9,9,Judges 9:9,4,הַאֶשְׁבּוֹק,,,,Jonathan,TARG
7,Judges,9,9,Judges 9:9,5,יַת,,,,Jonathan,TARG
7,Judges,9,9,Judges 9:9,6,מִשְׁחִי,,,,Jonathan,TARG
7,Judges,9,9,Judges 9:9,7,דְמִנֵיהּ,,,,Jonathan,TARG
7,Judges,9,9,Judges 9:9,8,מְיַקְרִין,,,,Jonathan,TARG
7,Judges,9,9,Judges 9:9,9,קֳדָם,,,,Jonathan,TARG
7,Judges,9,9,Judges 9:9,10,יְיָ,,,,Jonathan,TARG
7,Judges,9,9,Judges 9:9,11,וּבֵיהּ,,,,Jonathan,TARG
7,Judges,9,9,Judges 9:9,12,מִתְפַּנְקִין,,,,Jonathan,TARG
7,Judges,9,9,Judges 9:9,13,בְּנֵי,,,,Jonathan,TARG
7,Judges,9,9,Judges 9:9,14,אֱנָשָׁא,,,,Jonathan,TARG
7,Judges,9,9,Judges 9:9,15,וְאֵהַךְ,,,,Jonathan,TARG
7,Judges,9,9,Judges 9:9,16,לְמֶעְבַּד,,,,Jonathan,TARG
7,Judges,9,9,Judges 9:9,17,מַלְכוּ,,,,Jonathan,TARG
7,Judges,9,9,Judges 9:9,18,עַל,,,,Jonathan,TARG
7,Judges,9,9,Judges 9:9,19,אִילָנַיָא:,,,,Jonathan,TARG
7,Judges,9,10,Judges 9:10,1,וַאֲמָרוּ,,,,Jonathan,TARG
7,Judges,9,10,Judges 9:10,2,אִלָנַיָא,,,,Jonathan,TARG
7,Judges,9,10,Judges 9:10,3,לְתֵינָתָא,,,,Jonathan,TARG
7,Judges,9,10,Judges 9:10,4,אִיתָא,,,,Jonathan,TARG
7,Judges,9,10,Judges 9:10,5,אַתְּ,,,,Jonathan,TARG
7,Judges,9,10,Judges 9:10,6,מְלוֹכִי,,,,Jonathan,TARG
7,Judges,9,10,Judges 9:10,7,עֲלָנָא:,,,,Jonathan,TARG
7,Judges,9,11,Judges 9:11,1,וַאֲמָרַת,,,,Jonathan,TARG
7,Judges,9,11,Judges 9:11,2,לְהוֹן,,,,Jonathan,TARG
7,Judges,9,11,Judges 9:11,3,תֵינָתָא,,,,Jonathan,TARG
7,Judges,9,11,Judges 9:11,4,הֲאֶשְׁבוֹק,,,,Jonathan,TARG
7,Judges,9,11,Judges 9:11,5,יַת,,,,Jonathan,TARG
7,Judges,9,11,Judges 9:11,6,חוּלְיִי,,,,Jonathan,TARG
7,Judges,9,11,Judges 9:11,7,וְיַת,,,,Jonathan,TARG
7,Judges,9,11,Judges 9:11,8,דְבֵילְתִּי,,,,Jonathan,TARG
7,Judges,9,11,Judges 9:11,9,שַׁפִּירְתָּא,,,,Jonathan,TARG
7,Judges,9,11,Judges 9:11,10,וְאֵהַךְ,,,,Jonathan,TARG
7,Judges,9,11,Judges 9:11,11,לְמֶעְבַּד,,,,Jonathan,TARG
7,Judges,9,11,Judges 9:11,12,מַלְכוּ,,,,Jonathan,TARG
7,Judges,9,11,Judges 9:11,13,עַל,,,,Jonathan,TARG
7,Judges,9,11,Judges 9:11,14,אִילָנַיָא:,,,,Jonathan,TARG
7,Judges,9,12,Judges 9:12,1,וַאֲמָרוּ,,,,Jonathan,TARG
7,Judges,9,12,Judges 9:12,2,אִילָנַיָא,,,,Jonathan,TARG
7,Judges,9,12,Judges 9:12,3,לְגוּפְנָא,,,,Jonathan,TARG
7,Judges,9,12,Judges 9:12,4,אִיתָא,,,,Jonathan,TARG
7,Judges,9,12,Judges 9:12,5,אַתְּ,,,,Jonathan,TARG
7,Judges,9,12,Judges 9:12,6,מְלוֹכִי,,,,Jonathan,TARG
7,Judges,9,12,Judges 9:12,7,עֲלָנָא:,,,,Jonathan,TARG
7,Judges,9,13,Judges 9:13,1,וַאֲמַרַת,,,,Jonathan,TARG
7,Judges,9,13,Judges 9:13,2,לְהוֹן,,,,Jonathan,TARG
7,Judges,9,13,Judges 9:13,3,גוּפְנָא,,,,Jonathan,TARG
7,Judges,9,13,Judges 9:13,4,הֲאֶשְׁבוֹק,,,,Jonathan,TARG
7,Judges,9,13,Judges 9:13,5,יַת,,,,Jonathan,TARG
7,Judges,9,13,Judges 9:13,6,חַמְרִי,,,,Jonathan,TARG
7,Judges,9,13,Judges 9:13,7,דְמִנֵיהּ,,,,Jonathan,TARG
7,Judges,9,13,Judges 9:13,8,מְנַסְכִין,,,,Jonathan,TARG
7,Judges,9,13,Judges 9:13,9,קֳדָם,,,,Jonathan,TARG
7,Judges,9,13,Judges 9:13,10,יְיָ,,,,Jonathan,TARG
7,Judges,9,13,Judges 9:13,11,וּבֵיהּ,,,,Jonathan,TARG
7,Judges,9,13,Judges 9:13,12,חָדָן,,,,Jonathan,TARG
7,Judges,9,13,Judges 9:13,13,רַבְרְבַיָא,,,,Jonathan,TARG
7,Judges,9,13,Judges 9:13,14,וְאֵיהַךְ,,,,Jonathan,TARG
7,Judges,9,13,Judges 9:13,15,לְמֶעְבַּד,,,,Jonathan,TARG
7,Judges,9,13,Judges 9:13,16,מַלְכוּ,,,,Jonathan,TARG
7,Judges,9,13,Judges 9:13,17,עַל,,,,Jonathan,TARG
7,Judges,9,13,Judges 9:13,18,אִילָנַיָא:,,,,Jonathan,TARG
7,Judges,9,14,Judges 9:14,1,וַאֲמַרוּ,,,,Jonathan,TARG
7,Judges,9,14,Judges 9:14,2,כָל,,,,Jonathan,TARG
7,Judges,9,14,Judges 9:14,3,אִילָנַיָא,,,,Jonathan,TARG
7,Judges,9,14,Judges 9:14,4,לְאַטָדָא,,,,Jonathan,TARG
7,Judges,9,14,Judges 9:14,5,אִיתָא,,,,Jonathan,TARG
7,Judges,9,14,Judges 9:14,6,אַתְּ,,,,Jonathan,TARG
7,Judges,9,14,Judges 9:14,7,מְלוֹךְ,,,,Jonathan,TARG
7,Judges,9,14,Judges 9:14,8,עֲלָנָא:,,,,Jonathan,TARG
7,Judges,9,15,Judges 9:15,1,וַאֲמַר,,,,Jonathan,TARG
7,Judges,9,15,Judges 9:15,2,אֲטָדָא,,,,Jonathan,TARG
7,Judges,9,15,Judges 9:15,3,לְאִילָנַיָא,,,,Jonathan,TARG
7,Judges,9,15,Judges 9:15,4,אִם,,,,Jonathan,TARG
7,Judges,9,15,Judges 9:15,5,בִּקְשׁוֹט,,,,Jonathan,TARG
7,Judges,9,15,Judges 9:15,6,אַתּוּן,,,,Jonathan,TARG
7,Judges,9,15,Judges 9:15,7,מָשְׁחִין,,,,Jonathan,TARG
7,Judges,9,15,Judges 9:15,8,יָתִי,,,,Jonathan,TARG
7,Judges,9,15,Judges 9:15,9,לְמֶהֱוֵי,,,,Jonathan,TARG
7,Judges,9,15,Judges 9:15,10,מַלְכָּא,,,,Jonathan,TARG
7,Judges,9,15,Judges 9:15,11,עֲלֵיכוֹן,,,,Jonathan,TARG
7,Judges,9,15,Judges 9:15,12,עוּלוּ,,,,Jonathan,TARG
7,Judges,9,15,Judges 9:15,13,שְׁרוֹ,,,,Jonathan,TARG
7,Judges,9,15,Judges 9:15,14,בְטוּלִי,,,,Jonathan,TARG
7,Judges,9,15,Judges 9:15,15,וְאִם,,,,Jonathan,TARG
7,Judges,9,15,Judges 9:15,16,לָא,,,,Jonathan,TARG
7,Judges,9,15,Judges 9:15,17,תִפּוֹק,,,,Jonathan,TARG
7,Judges,9,15,Judges 9:15,18,אֶשְׁתָּא,,,,Jonathan,TARG
7,Judges,9,15,Judges 9:15,19,מִן,,,,Jonathan,TARG
7,Judges,9,15,Judges 9:15,20,אֲטָדָא,,,,Jonathan,TARG
7,Judges,9,15,Judges 9:15,21,וְתֵיכוּל,,,,Jonathan,TARG
7,Judges,9,15,Judges 9:15,22,יַת,,,,Jonathan,TARG
7,Judges,9,15,Judges 9:15,23,אַרְזֵי,,,,Jonathan,TARG
7,Judges,9,15,Judges 9:15,24,לִבְנָן:,,,,Jonathan,TARG
7,Judges,9,16,Judges 9:16,1,וּכְעַן,,,,Jonathan,TARG
7,Judges,9,16,Judges 9:16,2,אִם,,,,Jonathan,TARG
7,Judges,9,16,Judges 9:16,3,בְּקוּשְׁטָא,,,,Jonathan,TARG
7,Judges,9,16,Judges 9:16,4,וּבִשְׁלֶמְתָּא,,,,Jonathan,TARG
7,Judges,9,16,Judges 9:16,5,עֲבַדְתּוּן,,,,Jonathan,TARG
7,Judges,9,16,Judges 9:16,6,וְאַמְלַכְתּוּן,,,,Jonathan,TARG
7,Judges,9,16,Judges 9:16,7,יַת,,,,Jonathan,TARG
7,Judges,9,16,Judges 9:16,8,אֲבִימֶלֶךְ,,,,Jonathan,TARG
7,Judges,9,16,Judges 9:16,9,וְאִם,,,,Jonathan,TARG
7,Judges,9,16,Judges 9:16,10,טַבְתָא,,,,Jonathan,TARG
7,Judges,9,16,Judges 9:16,11,עֲבַדְתּוּן,,,,Jonathan,TARG
7,Judges,9,16,Judges 9:16,12,עִם,,,,Jonathan,TARG
7,Judges,9,16,Judges 9:16,13,יְרוּבַּעַל,,,,Jonathan,TARG
7,Judges,9,16,Judges 9:16,14,וְעִם,,,,Jonathan,TARG
7,Judges,9,16,Judges 9:16,15,בֵּיתֵיהּ,,,,Jonathan,TARG
7,Judges,9,16,Judges 9:16,16,וְאִם,,,,Jonathan,TARG
7,Judges,9,16,Judges 9:16,17,כְּגוּמְלָא,,,,Jonathan,TARG
7,Judges,9,16,Judges 9:16,18,דִידוֹהִי,,,,Jonathan,TARG
7,Judges,9,16,Judges 9:16,19,עֲבַדְתּוּן,,,,Jonathan,TARG
7,Judges,9,16,Judges 9:16,20,לֵיהּ:,,,,Jonathan,TARG
7,Judges,9,17,Judges 9:17,1,דְאַגִיחַ,,,,Jonathan,TARG
7,Judges,9,17,Judges 9:17,2,אַבָּא,,,,Jonathan,TARG
7,Judges,9,17,Judges 9:17,3,עֲלֵיכוֹן,,,,Jonathan,TARG
7,Judges,9,17,Judges 9:17,4,וּמְסַר,,,,Jonathan,TARG
7,Judges,9,17,Judges 9:17,5,יַת,,,,Jonathan,TARG
7,Judges,9,17,Judges 9:17,6,נַפְשֵׁיהּ,,,,Jonathan,TARG
7,Judges,9,17,Judges 9:17,7,כְּעַל,,,,Jonathan,TARG
7,Judges,9,17,Judges 9:17,8,גַב,,,,Jonathan,TARG
7,Judges,9,17,Judges 9:17,9,לְאִתְקְטָלָא,,,,Jonathan,TARG
7,Judges,9,17,Judges 9:17,10,וְשֵׁזִיב,,,,Jonathan,TARG
7,Judges,9,17,Judges 9:17,11,יַתְכוֹן,,,,Jonathan,TARG
7,Judges,9,17,Judges 9:17,12,מִיַד,,,,Jonathan,TARG
7,Judges,9,17,Judges 9:17,13,מִדְיָנָאֵי:,,,,Jonathan,TARG
7,Judges,9,18,Judges 9:18,1,וְאַתּוּן,,,,Jonathan,TARG
7,Judges,9,18,Judges 9:18,2,קַמְתּוּן,,,,Jonathan,TARG
7,Judges,9,18,Judges 9:18,3,עַל,,,,Jonathan,TARG
7,Judges,9,18,Judges 9:18,4,בֵּית,,,,Jonathan,TARG
7,Judges,9,18,Judges 9:18,5,אַבָּא,,,,Jonathan,TARG
7,Judges,9,18,Judges 9:18,6,יוֹמָא,,,,Jonathan,TARG
7,Judges,9,18,Judges 9:18,7,דֵין,,,,Jonathan,TARG
7,Judges,9,18,Judges 9:18,8,וּקְטַלְתּוּן,,,,Jonathan,TARG
7,Judges,9,18,Judges 9:18,9,יַת,,,,Jonathan,TARG
7,Judges,9,18,Judges 9:18,10,בְּנוֹהִי,,,,Jonathan,TARG
7,Judges,9,18,Judges 9:18,11,שַׁבְעִין,,,,Jonathan,TARG
7,Judges,9,18,Judges 9:18,12,גַבְרָא,,,,Jonathan,TARG
7,Judges,9,18,Judges 9:18,13,עַל,,,,Jonathan,TARG
7,Judges,9,18,Judges 9:18,14,אַבְנָא,,,,Jonathan,TARG
7,Judges,9,18,Judges 9:18,15,חֲדָא,,,,Jonathan,TARG
7,Judges,9,18,Judges 9:18,16,וְאַמְלַכְתּוּן,,,,Jonathan,TARG
7,Judges,9,18,Judges 9:18,17,יַת,,,,Jonathan,TARG
7,Judges,9,18,Judges 9:18,18,אֲבִימֶלֶךְ,,,,Jonathan,TARG
7,Judges,9,18,Judges 9:18,19,בַּר,,,,Jonathan,TARG
7,Judges,9,18,Judges 9:18,20,אַמְתֵיהּ,,,,Jonathan,TARG
7,Judges,9,18,Judges 9:18,21,עַל,,,,Jonathan,TARG
7,Judges,9,18,Judges 9:18,22,יַתְבֵי,,,,Jonathan,TARG
7,Judges,9,18,Judges 9:18,23,שְׁכֶם,,,,Jonathan,TARG
7,Judges,9,18,Judges 9:18,24,אֲרֵי,,,,Jonathan,TARG
7,Judges,9,18,Judges 9:18,25,אֲחוּכוֹן,,,,Jonathan,TARG
7,Judges,9,18,Judges 9:18,26,הוּא:,,,,Jonathan,TARG
7,Judges,9,19,Judges 9:19,1,וְאִם,,,,Jonathan,TARG
7,Judges,9,19,Judges 9:19,2,בְּקוּשְׁטָא,,,,Jonathan,TARG
7,Judges,9,19,Judges 9:19,3,וּבִשְׁלֶמְתָּא,,,,Jonathan,TARG
7,Judges,9,19,Judges 9:19,4,עֲבַדְתּוּן,,,,Jonathan,TARG
7,Judges,9,19,Judges 9:19,5,עִם,,,,Jonathan,TARG
7,Judges,9,19,Judges 9:19,6,יְרוּבַּעַל,,,,Jonathan,TARG
7,Judges,9,19,Judges 9:19,7,וְעִם,,,,Jonathan,TARG
7,Judges,9,19,Judges 9:19,8,בֵּיתֵיהּ,,,,Jonathan,TARG
7,Judges,9,19,Judges 9:19,9,יוֹמָא,,,,Jonathan,TARG
7,Judges,9,19,Judges 9:19,10,דֵין,,,,Jonathan,TARG
7,Judges,9,19,Judges 9:19,11,חֲדוּ,,,,Jonathan,TARG
7,Judges,9,19,Judges 9:19,12,בַּאֲבִימֶלֶךְ,,,,Jonathan,TARG
7,Judges,9,19,Judges 9:19,13,וְיֶחֱדֵי,,,,Jonathan,TARG
7,Judges,9,19,Judges 9:19,14,אַף,,,,Jonathan,TARG
7,Judges,9,19,Judges 9:19,15,הוּא,,,,Jonathan,TARG
7,Judges,9,19,Judges 9:19,16,בְּכוֹן:,,,,Jonathan,TARG
7,Judges,9,20,Judges 9:20,1,וְאִם,,,,Jonathan,TARG
7,Judges,9,20,Judges 9:20,2,לָא,,,,Jonathan,TARG
7,Judges,9,20,Judges 9:20,3,תִפּוֹק,,,,Jonathan,TARG
7,Judges,9,20,Judges 9:20,4,אֶשְׁתָּא,,,,Jonathan,TARG
7,Judges,9,20,Judges 9:20,5,מֵאֲבִימֶלֶךְ,,,,Jonathan,TARG
7,Judges,9,20,Judges 9:20,6,וְתֵיכוּל,,,,Jonathan,TARG
7,Judges,9,20,Judges 9:20,7,יַת,,,,Jonathan,TARG
7,Judges,9,20,Judges 9:20,8,יַתְבֵי,,,,Jonathan,TARG
7,Judges,9,20,Judges 9:20,9,שְׁכֶם,,,,Jonathan,TARG
7,Judges,9,20,Judges 9:20,10,וְיַת,,,,Jonathan,TARG
7,Judges,9,20,Judges 9:20,11,בֵּית,,,,Jonathan,TARG
7,Judges,9,20,Judges 9:20,12,מִלוֹא,,,,Jonathan,TARG
7,Judges,9,20,Judges 9:20,13,וְתִפּוֹק,,,,Jonathan,TARG
7,Judges,9,20,Judges 9:20,14,אֶשְׁתָּא,,,,Jonathan,TARG
7,Judges,9,20,Judges 9:20,15,מִיַתְבֵי,,,,Jonathan,TARG
7,Judges,9,20,Judges 9:20,16,שְׁכֶם,,,,Jonathan,TARG
7,Judges,9,20,Judges 9:20,17,וּמִבֵּית,,,,Jonathan,TARG
7,Judges,9,20,Judges 9:20,18,מִלוֹא,,,,Jonathan,TARG
7,Judges,9,20,Judges 9:20,19,וְתֵיכוּל,,,,Jonathan,TARG
7,Judges,9,20,Judges 9:20,20,יַת,,,,Jonathan,TARG
7,Judges,9,20,Judges 9:20,21,אֲבִימֶלֶךְ:,,,,Jonathan,TARG
7,Judges,9,21,Judges 9:21,1,וַאֲפֵּךְ,,,,Jonathan,TARG
7,Judges,9,21,Judges 9:21,2,יוֹתָם,,,,Jonathan,TARG
7,Judges,9,21,Judges 9:21,3,וַעֲרַק,,,,Jonathan,TARG
7,Judges,9,21,Judges 9:21,4,וַאֲזַל,,,,Jonathan,TARG
7,Judges,9,21,Judges 9:21,5,לִבְאֵר,,,,Jonathan,TARG
7,Judges,9,21,Judges 9:21,6,וִיתֵיב,,,,Jonathan,TARG
7,Judges,9,21,Judges 9:21,7,תַּמָן,,,,Jonathan,TARG
7,Judges,9,21,Judges 9:21,8,מִן,,,,Jonathan,TARG
7,Judges,9,21,Judges 9:21,9,קֳדָם,,,,Jonathan,TARG
7,Judges,9,21,Judges 9:21,10,אֲבִימֶלֶךְ,,,,Jonathan,TARG
7,Judges,9,21,Judges 9:21,11,אֲחוֹהִי:,,,,Jonathan,TARG
7,Judges,9,22,Judges 9:22,1,וּמְלַךְ,,,,Jonathan,TARG
7,Judges,9,22,Judges 9:22,2,אֲבִימֶלֶךְ,,,,Jonathan,TARG
7,Judges,9,22,Judges 9:22,3,עַל,,,,Jonathan,TARG
7,Judges,9,22,Judges 9:22,4,יִשְׂרָאֵל,,,,Jonathan,TARG
7,Judges,9,22,Judges 9:22,5,תְּלַת,,,,Jonathan,TARG
7,Judges,9,22,Judges 9:22,6,שְׁנִין:,,,,Jonathan,TARG
7,Judges,9,23,Judges 9:23,1,וּשְׁלַח,,,,Jonathan,TARG
7,Judges,9,23,Judges 9:23,2,יְיָ,,,,Jonathan,TARG
7,Judges,9,23,Judges 9:23,3,רוּחָא,,,,Jonathan,TARG
7,Judges,9,23,Judges 9:23,4,בִּישָׁא,,,,Jonathan,TARG
7,Judges,9,23,Judges 9:23,5,בֵּין,,,,Jonathan,TARG
7,Judges,9,23,Judges 9:23,6,אֲבִימֶלֶךְ,,,,Jonathan,TARG
7,Judges,9,23,Judges 9:23,7,וּבֵין,,,,Jonathan,TARG
7,Judges,9,23,Judges 9:23,8,יַתְבֵי,,,,Jonathan,TARG
7,Judges,9,23,Judges 9:23,9,שְׁכֶם,,,,Jonathan,TARG
7,Judges,9,23,Judges 9:23,10,וְשַׁקָרוּ,,,,Jonathan,TARG
7,Judges,9,23,Judges 9:23,11,יַתְבֵי,,,,Jonathan,TARG
7,Judges,9,23,Judges 9:23,12,שְׁכֶם,,,,Jonathan,TARG
7,Judges,9,23,Judges 9:23,13,בַּאֲבִימֶלֶךְ:,,,,Jonathan,TARG
7,Judges,9,24,Judges 9:24,1,לְמֵיתֵי,,,,Jonathan,TARG
7,Judges,9,24,Judges 9:24,2,חֲטוֹף,,,,Jonathan,TARG
7,Judges,9,24,Judges 9:24,3,שַׁבְעִין,,,,Jonathan,TARG
7,Judges,9,24,Judges 9:24,4,בְּנֵי,,,,Jonathan,TARG
7,Judges,9,24,Judges 9:24,5,יְרֻבַּעַל,,,,Jonathan,TARG
7,Judges,9,24,Judges 9:24,6,וּדְמֵיהוֹן,,,,Jonathan,TARG
7,Judges,9,24,Judges 9:24,7,לְשַׁוָאָה,,,,Jonathan,TARG
7,Judges,9,24,Judges 9:24,8,עַל,,,,Jonathan,TARG
7,Judges,9,24,Judges 9:24,9,אֲבִימֶלֶךְ,,,,Jonathan,TARG
7,Judges,9,24,Judges 9:24,10,אֲחוּהוֹן,,,,Jonathan,TARG
7,Judges,9,24,Judges 9:24,11,דִקְטַל,,,,Jonathan,TARG
7,Judges,9,24,Judges 9:24,12,יַתְהוֹן,,,,Jonathan,TARG
7,Judges,9,24,Judges 9:24,13,וְעַל,,,,Jonathan,TARG
7,Judges,9,24,Judges 9:24,14,יַתְבֵי,,,,Jonathan,TARG
7,Judges,9,24,Judges 9:24,15,שְׁכֶם,,,,Jonathan,TARG
7,Judges,9,24,Judges 9:24,16,דְתַקִיפוּ,,,,Jonathan,TARG
7,Judges,9,24,Judges 9:24,17,יַת,,,,Jonathan,TARG
7,Judges,9,24,Judges 9:24,18,יְדוֹהִי,,,,Jonathan,TARG
7,Judges,9,24,Judges 9:24,19,לְמִקְטַל,,,,Jonathan,TARG
7,Judges,9,24,Judges 9:24,20,יַת,,,,Jonathan,TARG
7,Judges,9,24,Judges 9:24,21,אֲחוֹהִי:,,,,Jonathan,TARG
7,Judges,9,25,Judges 9:25,1,וְשַׁוִיאוּ,,,,Jonathan,TARG
7,Judges,9,25,Judges 9:25,2,לֵיהּ,,,,Jonathan,TARG
7,Judges,9,25,Judges 9:25,3,יַתְבֵי,,,,Jonathan,TARG
7,Judges,9,25,Judges 9:25,4,שְׁכֶם,,,,Jonathan,TARG
7,Judges,9,25,Judges 9:25,5,כְּמַנִין,,,,Jonathan,TARG
7,Judges,9,25,Judges 9:25,6,עַל,,,,Jonathan,TARG
7,Judges,9,25,Judges 9:25,7,רֵישֵׁי,,,,Jonathan,TARG
7,Judges,9,25,Judges 9:25,8,טוּרַיָא,,,,Jonathan,TARG
7,Judges,9,25,Judges 9:25,9,וְאַנְסִין,,,,Jonathan,TARG
7,Judges,9,25,Judges 9:25,10,יַת,,,,Jonathan,TARG
7,Judges,9,25,Judges 9:25,11,כָּל,,,,Jonathan,TARG
7,Judges,9,25,Judges 9:25,12,דִי,,,,Jonathan,TARG
7,Judges,9,25,Judges 9:25,13,עֲבַר,,,,Jonathan,TARG
7,Judges,9,25,Judges 9:25,14,עֲלֵיהוֹן,,,,Jonathan,TARG
7,Judges,9,25,Judges 9:25,15,בְּאוֹרְחָא,,,,Jonathan,TARG
7,Judges,9,25,Judges 9:25,16,וְאִתְחַוָא,,,,Jonathan,TARG
7,Judges,9,25,Judges 9:25,17,לַאֲבִימֶלֶךְ:,,,,Jonathan,TARG
7,Judges,9,26,Judges 9:26,1,וַאֲתָא,,,,Jonathan,TARG
7,Judges,9,26,Judges 9:26,2,גַעַל,,,,Jonathan,TARG
7,Judges,9,26,Judges 9:26,3,בַּר,,,,Jonathan,TARG
7,Judges,9,26,Judges 9:26,4,עֶבֶד,,,,Jonathan,TARG
7,Judges,9,26,Judges 9:26,5,וַאֲחוֹהִי,,,,Jonathan,TARG
7,Judges,9,26,Judges 9:26,6,וַעֲבָרוּ,,,,Jonathan,TARG
7,Judges,9,26,Judges 9:26,7,בִּשְׁכֶם,,,,Jonathan,TARG
7,Judges,9,26,Judges 9:26,8,וְאִתְרְחִיצוּ,,,,Jonathan,TARG
7,Judges,9,26,Judges 9:26,9,עֲלוֹהִי,,,,Jonathan,TARG
7,Judges,9,26,Judges 9:26,10,יָתְבֵי,,,,Jonathan,TARG
7,Judges,9,26,Judges 9:26,11,שְׁכֶם:,,,,Jonathan,TARG
7,Judges,9,27,Judges 9:27,1,וּנְפַקוּ,,,,Jonathan,TARG
7,Judges,9,27,Judges 9:27,2,לְחַקְלָא,,,,Jonathan,TARG
7,Judges,9,27,Judges 9:27,3,וּקְטַפוּ,,,,Jonathan,TARG
7,Judges,9,27,Judges 9:27,4,יַת,,,,Jonathan,TARG
7,Judges,9,27,Judges 9:27,5,כַּרְמֵיהוֹן,,,,Jonathan,TARG
7,Judges,9,27,Judges 9:27,6,וַעֲצָרוּ,,,,Jonathan,TARG
7,Judges,9,27,Judges 9:27,7,וַעֲבַדוּ,,,,Jonathan,TARG
7,Judges,9,27,Judges 9:27,8,חִנְגִין,,,,Jonathan,TARG
7,Judges,9,27,Judges 9:27,9,וַעֲלוּ,,,,Jonathan,TARG
7,Judges,9,27,Judges 9:27,10,לְבֵית,,,,Jonathan,TARG
7,Judges,9,27,Judges 9:27,11,טַעֲוַתְהוֹן,,,,Jonathan,TARG
7,Judges,9,27,Judges 9:27,12,וַאֲכַלוּ,,,,Jonathan,TARG
7,Judges,9,27,Judges 9:27,13,וּשְׁתִיאוּ,,,,Jonathan,TARG
7,Judges,9,27,Judges 9:27,14,וּלְטִיטוּ,,,,Jonathan,TARG
7,Judges,9,27,Judges 9:27,15,יַת,,,,Jonathan,TARG
7,Judges,9,27,Judges 9:27,16,אֲבִימֶלֶךְ:,,,,Jonathan,TARG
7,Judges,9,28,Judges 9:28,1,וַאֲמַר,,,,Jonathan,TARG
7,Judges,9,28,Judges 9:28,2,גַעַל,,,,Jonathan,TARG
7,Judges,9,28,Judges 9:28,3,בַּר,,,,Jonathan,TARG
7,Judges,9,28,Judges 9:28,4,עֶבֶד,,,,Jonathan,TARG
7,Judges,9,28,Judges 9:28,5,מַן,,,,Jonathan,TARG
7,Judges,9,28,Judges 9:28,6,אֲבִימֶלֶךְ,,,,Jonathan,TARG
7,Judges,9,28,Judges 9:28,7,וּמַן,,,,Jonathan,TARG
7,Judges,9,28,Judges 9:28,8,שְׁכֶם,,,,Jonathan,TARG
7,Judges,9,28,Judges 9:28,9,אֲרֵי,,,,Jonathan,TARG
7,Judges,9,28,Judges 9:28,10,נִפְלְחִנֵיהּ,,,,Jonathan,TARG
7,Judges,9,28,Judges 9:28,11,הֲלָא,,,,Jonathan,TARG
7,Judges,9,28,Judges 9:28,12,בַּר,,,,Jonathan,TARG
7,Judges,9,28,Judges 9:28,13,יְרוּבַּעַל,,,,Jonathan,TARG
7,Judges,9,28,Judges 9:28,14,וּזְבֻל,,,,Jonathan,TARG
7,Judges,9,28,Judges 9:28,15,שׁוּלְטְנֵיהּ,,,,Jonathan,TARG
7,Judges,9,28,Judges 9:28,16,פְּלַחוּ,,,,Jonathan,TARG
7,Judges,9,28,Judges 9:28,17,יַת,,,,Jonathan,TARG
7,Judges,9,28,Judges 9:28,18,אֱנָשֵׁי,,,,Jonathan,TARG
7,Judges,9,28,Judges 9:28,19,חֲמוֹר,,,,Jonathan,TARG
7,Judges,9,28,Judges 9:28,20,אֲבוּהִי,,,,Jonathan,TARG
7,Judges,9,28,Judges 9:28,21,דִשְׁכֶם,,,,Jonathan,TARG
7,Judges,9,28,Judges 9:28,22,וּמָא,,,,Jonathan,TARG
7,Judges,9,28,Judges 9:28,23,דֵין,,,,Jonathan,TARG
7,Judges,9,28,Judges 9:28,24,נִפְלְחִנֵיהּ,,,,Jonathan,TARG
7,Judges,9,28,Judges 9:28,25,אֲנַחְנָא:,,,,Jonathan,TARG
7,Judges,9,29,Judges 9:29,1,וּמַן,,,,Jonathan,TARG
7,Judges,9,29,Judges 9:29,2,יִמְסַר,,,,Jonathan,TARG
7,Judges,9,29,Judges 9:29,3,יַת,,,,Jonathan,TARG
7,Judges,9,29,Judges 9:29,4,עַמָא,,,,Jonathan,TARG
7,Judges,9,29,Judges 9:29,5,הָדֵין,,,,Jonathan,TARG
7,Judges,9,29,Judges 9:29,6,בִּידִי,,,,Jonathan,TARG
7,Judges,9,29,Judges 9:29,7,וְאַעֲדִי,,,,Jonathan,TARG
7,Judges,9,29,Judges 9:29,8,יַת,,,,Jonathan,TARG
7,Judges,9,29,Judges 9:29,9,אֲבִימֶלֶךְ,,,,Jonathan,TARG
7,Judges,9,29,Judges 9:29,10,וַאֲמַר,,,,Jonathan,TARG
7,Judges,9,29,Judges 9:29,11,לַאֲבִימֶלֶךְ,,,,Jonathan,TARG
7,Judges,9,29,Judges 9:29,12,טַקֵיס,,,,Jonathan,TARG
7,Judges,9,29,Judges 9:29,13,יַת,,,,Jonathan,TARG
7,Judges,9,29,Judges 9:29,14,מַשִׁרְיָתָךְ,,,,Jonathan,TARG
7,Judges,9,29,Judges 9:29,15,וּפוּק:,,,,Jonathan,TARG
7,Judges,9,30,Judges 9:30,1,וּשְׁמַע,,,,Jonathan,TARG
7,Judges,9,30,Judges 9:30,2,זְבוּל,,,,Jonathan,TARG
7,Judges,9,30,Judges 9:30,3,רַב,,,,Jonathan,TARG
7,Judges,9,30,Judges 9:30,4,קַרְתָּא,,,,Jonathan,TARG
7,Judges,9,30,Judges 9:30,5,יַת,,,,Jonathan,TARG
7,Judges,9,30,Judges 9:30,6,פִּתְגָמֵי,,,,Jonathan,TARG
7,Judges,9,30,Judges 9:30,7,גַעַל,,,,Jonathan,TARG
7,Judges,9,30,Judges 9:30,8,בַּר,,,,Jonathan,TARG
7,Judges,9,30,Judges 9:30,9,עֶבֶד,,,,Jonathan,TARG
7,Judges,9,30,Judges 9:30,10,וּתְקֵיף,,,,Jonathan,TARG
7,Judges,9,30,Judges 9:30,11,רוּגְזֵיהּ:,,,,Jonathan,TARG
7,Judges,9,31,Judges 9:31,1,וּשְׁלַח,,,,Jonathan,TARG
7,Judges,9,31,Judges 9:31,2,אִזְגַדִין,,,,Jonathan,TARG
7,Judges,9,31,Judges 9:31,3,לְוַת,,,,Jonathan,TARG
7,Judges,9,31,Judges 9:31,4,אֲבִימֶלֶךְ,,,,Jonathan,TARG
7,Judges,9,31,Judges 9:31,5,בְּרָז,,,,Jonathan,TARG
7,Judges,9,31,Judges 9:31,6,לְמֵימָר,,,,Jonathan,TARG
7,Judges,9,31,Judges 9:31,7,הָא,,,,Jonathan,TARG
7,Judges,9,31,Judges 9:31,8,גַעַל,,,,Jonathan,TARG
7,Judges,9,31,Judges 9:31,9,בַּר,,,,Jonathan,TARG
7,Judges,9,31,Judges 9:31,10,עֶבֶד,,,,Jonathan,TARG
7,Judges,9,31,Judges 9:31,11,וַאֲחוֹהִי,,,,Jonathan,TARG
7,Judges,9,31,Judges 9:31,12,אָתָן,,,,Jonathan,TARG
7,Judges,9,31,Judges 9:31,13,לִשְׁכֶם,,,,Jonathan,TARG
7,Judges,9,31,Judges 9:31,14,וְהָא,,,,Jonathan,TARG
7,Judges,9,31,Judges 9:31,15,אִנוּן,,,,Jonathan,TARG
7,Judges,9,31,Judges 9:31,16,צָיְרִין,,,,Jonathan,TARG
7,Judges,9,31,Judges 9:31,17,יַת,,,,Jonathan,TARG
7,Judges,9,31,Judges 9:31,18,קַרְתָּא,,,,Jonathan,TARG
7,Judges,9,31,Judges 9:31,19,עֲלָךְ:,,,,Jonathan,TARG
7,Judges,9,32,Judges 9:32,1,וּכְעַן,,,,Jonathan,TARG
7,Judges,9,32,Judges 9:32,2,קוּם,,,,Jonathan,TARG
7,Judges,9,32,Judges 9:32,3,בְּלֵילְיָא,,,,Jonathan,TARG
7,Judges,9,32,Judges 9:32,4,אַתְּ,,,,Jonathan,TARG
7,Judges,9,32,Judges 9:32,5,וְעַמָא,,,,Jonathan,TARG
7,Judges,9,32,Judges 9:32,6,דְעִמָךְ,,,,Jonathan,TARG
7,Judges,9,32,Judges 9:32,7,וּכְמוֹן,,,,Jonathan,TARG
7,Judges,9,32,Judges 9:32,8,בְּחַקְלָא:,,,,Jonathan,TARG
7,Judges,9,33,Judges 9:33,1,וִיהֵי,,,,Jonathan,TARG
7,Judges,9,33,Judges 9:33,2,בְצַפְרָא,,,,Jonathan,TARG
7,Judges,9,33,Judges 9:33,3,כְּמַדְנַח,,,,Jonathan,TARG
7,Judges,9,33,Judges 9:33,4,שִׁמְשָׁא,,,,Jonathan,TARG
7,Judges,9,33,Judges 9:33,5,תַּקְדֵים,,,,Jonathan,TARG
7,Judges,9,33,Judges 9:33,6,וְתִתְנְגֵיד,,,,Jonathan,TARG
7,Judges,9,33,Judges 9:33,7,עַל,,,,Jonathan,TARG
7,Judges,9,33,Judges 9:33,8,קַרְתָּא,,,,Jonathan,TARG
7,Judges,9,33,Judges 9:33,9,וְהָא,,,,Jonathan,TARG
7,Judges,9,33,Judges 9:33,10,הוּא,,,,Jonathan,TARG
7,Judges,9,33,Judges 9:33,11,וְעַמָא,,,,Jonathan,TARG
7,Judges,9,33,Judges 9:33,12,דִי,,,,Jonathan,TARG
7,Judges,9,33,Judges 9:33,13,עִמֵיהּ,,,,Jonathan,TARG
7,Judges,9,33,Judges 9:33,14,נַפְקִין,,,,Jonathan,TARG
7,Judges,9,33,Judges 9:33,15,לָקֳדָמוּתָךְ,,,,Jonathan,TARG
7,Judges,9,33,Judges 9:33,16,וְתַעְבֵּיד,,,,Jonathan,TARG
7,Judges,9,33,Judges 9:33,17,לֵיהּ,,,,Jonathan,TARG
7,Judges,9,33,Judges 9:33,18,כְּמָא,,,,Jonathan,TARG
7,Judges,9,33,Judges 9:33,19,דְתַשְׁכַּח,,,,Jonathan,TARG
7,Judges,9,33,Judges 9:33,20,יְדָךְ:,,,,Jonathan,TARG
7,Judges,9,34,Judges 9:34,1,וְקָם,,,,Jonathan,TARG
7,Judges,9,34,Judges 9:34,2,אֲבִימֶלֶךְ,,,,Jonathan,TARG
7,Judges,9,34,Judges 9:34,3,וְכָל,,,,Jonathan,TARG
7,Judges,9,34,Judges 9:34,4,עַמָא,,,,Jonathan,TARG
7,Judges,9,34,Judges 9:34,5,דִי,,,,Jonathan,TARG
7,Judges,9,34,Judges 9:34,6,עִמֵיהּ,,,,Jonathan,TARG
7,Judges,9,34,Judges 9:34,7,בְּלֵילְיָא,,,,Jonathan,TARG
7,Judges,9,34,Judges 9:34,8,וּכְמָנוּ,,,,Jonathan,TARG
7,Judges,9,34,Judges 9:34,9,עַל,,,,Jonathan,TARG
7,Judges,9,34,Judges 9:34,10,שְׁכֶם,,,,Jonathan,TARG
7,Judges,9,34,Judges 9:34,11,אַרְבָּעָא,,,,Jonathan,TARG
7,Judges,9,34,Judges 9:34,12,מַשִׁרְיָן:,,,,Jonathan,TARG
7,Judges,9,35,Judges 9:35,1,וּנְפַק,,,,Jonathan,TARG
7,Judges,9,35,Judges 9:35,2,גַעַל,,,,Jonathan,TARG
7,Judges,9,35,Judges 9:35,3,בַּר,,,,Jonathan,TARG
7,Judges,9,35,Judges 9:35,4,עֶבֶד,,,,Jonathan,TARG
7,Judges,9,35,Judges 9:35,5,וְקָם,,,,Jonathan,TARG
7,Judges,9,35,Judges 9:35,6,בְּמַעֲלָנָא,,,,Jonathan,TARG
7,Judges,9,35,Judges 9:35,7,דִתְרַע,,,,Jonathan,TARG
7,Judges,9,35,Judges 9:35,8,קַרְתָּא,,,,Jonathan,TARG
7,Judges,9,35,Judges 9:35,9,וְקָם,,,,Jonathan,TARG
7,Judges,9,35,Judges 9:35,10,אֲבִימֶלֶךְ,,,,Jonathan,TARG
7,Judges,9,35,Judges 9:35,11,וְעַמָא,,,,Jonathan,TARG
7,Judges,9,35,Judges 9:35,12,דִי,,,,Jonathan,TARG
7,Judges,9,35,Judges 9:35,13,עִמֵיהּ,,,,Jonathan,TARG
7,Judges,9,35,Judges 9:35,14,מִן,,,,Jonathan,TARG
7,Judges,9,35,Judges 9:35,15,כְּמָנָא:,,,,Jonathan,TARG
7,Judges,9,36,Judges 9:36,1,וַחֲזָא,,,,Jonathan,TARG
7,Judges,9,36,Judges 9:36,2,גַעַל,,,,Jonathan,TARG
7,Judges,9,36,Judges 9:36,3,יַת,,,,Jonathan,TARG
7,Judges,9,36,Judges 9:36,4,עַמָא,,,,Jonathan,TARG
7,Judges,9,36,Judges 9:36,5,וַאֲמַר,,,,Jonathan,TARG
7,Judges,9,36,Judges 9:36,6,לִזְבוּל,,,,Jonathan,TARG
7,Judges,9,36,Judges 9:36,7,הָא,,,,Jonathan,TARG
7,Judges,9,36,Judges 9:36,8,עַמָא,,,,Jonathan,TARG
7,Judges,9,36,Judges 9:36,9,נָחִית,,,,Jonathan,TARG
7,Judges,9,36,Judges 9:36,10,מֵרֵישֵׁי,,,,Jonathan,TARG
7,Judges,9,36,Judges 9:36,11,טוּרַיָא,,,,Jonathan,TARG
7,Judges,9,36,Judges 9:36,12,וַאֲמַר,,,,Jonathan,TARG
7,Judges,9,36,Judges 9:36,13,לֵיהּ,,,,Jonathan,TARG
7,Judges,9,36,Judges 9:36,14,זְבוּל,,,,Jonathan,TARG
7,Judges,9,36,Judges 9:36,15,יַת,,,,Jonathan,TARG
7,Judges,9,36,Judges 9:36,16,טוּלָא,,,,Jonathan,TARG
7,Judges,9,36,Judges 9:36,17,דְטוּרַיָא,,,,Jonathan,TARG
7,Judges,9,36,Judges 9:36,18,אַתְּ,,,,Jonathan,TARG
7,Judges,9,36,Judges 9:36,19,חָזֵי,,,,Jonathan,TARG
7,Judges,9,36,Judges 9:36,20,כְּגַבְרַיָא:,,,,Jonathan,TARG
7,Judges,9,37,Judges 9:37,1,וְאוֹסֵף,,,,Jonathan,TARG
7,Judges,9,37,Judges 9:37,2,עוֹד,,,,Jonathan,TARG
7,Judges,9,37,Judges 9:37,3,גַעַל,,,,Jonathan,TARG
7,Judges,9,37,Judges 9:37,4,לְמַלָלָא,,,,Jonathan,TARG
7,Judges,9,37,Judges 9:37,5,וַאֲמַר,,,,Jonathan,TARG
7,Judges,9,37,Judges 9:37,6,הָא,,,,Jonathan,TARG
7,Judges,9,37,Judges 9:37,7,עַמָא,,,,Jonathan,TARG
7,Judges,9,37,Judges 9:37,8,נָחְתִין,,,,Jonathan,TARG
7,Judges,9,37,Judges 9:37,9,מִן,,,,Jonathan,TARG
7,Judges,9,37,Judges 9:37,10,תּוּקְפָא,,,,Jonathan,TARG
7,Judges,9,37,Judges 9:37,11,דְאַרְעָא,,,,Jonathan,TARG
7,Judges,9,37,Judges 9:37,12,וּמַשְׁרִיתָא,,,,Jonathan,TARG
7,Judges,9,37,Judges 9:37,13,חֲדָא,,,,Jonathan,TARG
7,Judges,9,37,Judges 9:37,14,אַתְיָא,,,,Jonathan,TARG
7,Judges,9,37,Judges 9:37,15,מֵאוֹרַח,,,,Jonathan,TARG
7,Judges,9,37,Judges 9:37,16,מֵישַׁר,,,,Jonathan,TARG
7,Judges,9,37,Judges 9:37,17,מְעוֹנְנַיָא:,,,,Jonathan,TARG
7,Judges,9,38,Judges 9:38,1,וַאֲמַר,,,,Jonathan,TARG
7,Judges,9,38,Judges 9:38,2,לֵיהּ,,,,Jonathan,TARG
7,Judges,9,38,Judges 9:38,3,זְבוּל,,,,Jonathan,TARG
7,Judges,9,38,Judges 9:38,4,אָן,,,,Jonathan,TARG
7,Judges,9,38,Judges 9:38,5,אִנוּן,,,,Jonathan,TARG
7,Judges,9,38,Judges 9:38,6,פִּתְגָמָךְ,,,,Jonathan,TARG
7,Judges,9,38,Judges 9:38,7,דִי,,,,Jonathan,TARG
7,Judges,9,38,Judges 9:38,8,אַתְּ,,,,Jonathan,TARG
7,Judges,9,38,Judges 9:38,9,אֲמַר,,,,Jonathan,TARG
7,Judges,9,38,Judges 9:38,10,מַן,,,,Jonathan,TARG
7,Judges,9,38,Judges 9:38,11,אֲבִימֶלֶךְ,,,,Jonathan,TARG
7,Judges,9,38,Judges 9:38,12,אֲרֵי,,,,Jonathan,TARG
7,Judges,9,38,Judges 9:38,13,נִפְלְחִינֵיהּ,,,,Jonathan,TARG
7,Judges,9,38,Judges 9:38,14,הֲלָא,,,,Jonathan,TARG
7,Judges,9,38,Judges 9:38,15,דֵין,,,,Jonathan,TARG
7,Judges,9,38,Judges 9:38,16,עַמָא,,,,Jonathan,TARG
7,Judges,9,38,Judges 9:38,17,דְקַצְתָּא,,,,Jonathan,TARG
7,Judges,9,38,Judges 9:38,18,בֵּיהּ,,,,Jonathan,TARG
7,Judges,9,38,Judges 9:38,19,פּוּק,,,,Jonathan,TARG
7,Judges,9,38,Judges 9:38,20,כְעַן,,,,Jonathan,TARG
7,Judges,9,38,Judges 9:38,21,וַאֲגַח,,,,Jonathan,TARG
7,Judges,9,38,Judges 9:38,22,קְרָבָא,,,,Jonathan,TARG
7,Judges,9,38,Judges 9:38,23,בֵּיהּ:,,,,Jonathan,TARG
7,Judges,9,39,Judges 9:39,1,וּנְפַק,,,,Jonathan,TARG
7,Judges,9,39,Judges 9:39,2,גַעַל,,,,Jonathan,TARG
7,Judges,9,39,Judges 9:39,3,קֳדָם,,,,Jonathan,TARG
7,Judges,9,39,Judges 9:39,4,יַתְבֵי,,,,Jonathan,TARG
7,Judges,9,39,Judges 9:39,5,שְׁכֶם,,,,Jonathan,TARG
7,Judges,9,39,Judges 9:39,6,וַאֲגַח,,,,Jonathan,TARG
7,Judges,9,39,Judges 9:39,7,קְרָבָא,,,,Jonathan,TARG
7,Judges,9,39,Judges 9:39,8,בַּאֲבִימֶלֶךְ:,,,,Jonathan,TARG
7,Judges,9,40,Judges 9:40,1,וְרַדְפֵיהּ,,,,Jonathan,TARG
7,Judges,9,40,Judges 9:40,2,אֲבִימֶלֶךְ,,,,Jonathan,TARG
7,Judges,9,40,Judges 9:40,3,וְאַפַּךְ,,,,Jonathan,TARG
7,Judges,9,40,Judges 9:40,4,מִן,,,,Jonathan,TARG
7,Judges,9,40,Judges 9:40,5,קֳדָמוֹהִי,,,,Jonathan,TARG
7,Judges,9,40,Judges 9:40,6,וּנְפַלוּ,,,,Jonathan,TARG
7,Judges,9,40,Judges 9:40,7,קְטוֹלִין,,,,Jonathan,TARG
7,Judges,9,40,Judges 9:40,8,סַגִיאִין,,,,Jonathan,TARG
7,Judges,9,40,Judges 9:40,9,עַד,,,,Jonathan,TARG
7,Judges,9,40,Judges 9:40,10,מַעֲלָנָא,,,,Jonathan,TARG
7,Judges,9,40,Judges 9:40,11,דְתַרְעָא:,,,,Jonathan,TARG
7,Judges,9,41,Judges 9:41,1,וִיתֵיב,,,,Jonathan,TARG
7,Judges,9,41,Judges 9:41,2,אֲבִימֶלֶךְ,,,,Jonathan,TARG
7,Judges,9,41,Judges 9:41,3,בָּארוּמָא,,,,Jonathan,TARG
7,Judges,9,41,Judges 9:41,4,וְתָרֵיךְ,,,,Jonathan,TARG
7,Judges,9,41,Judges 9:41,5,זְבוּל,,,,Jonathan,TARG
7,Judges,9,41,Judges 9:41,6,יַת,,,,Jonathan,TARG
7,Judges,9,41,Judges 9:41,7,גַעַל,,,,Jonathan,TARG
7,Judges,9,41,Judges 9:41,8,וְיַת,,,,Jonathan,TARG
7,Judges,9,41,Judges 9:41,9,אֲחוֹהִי,,,,Jonathan,TARG
7,Judges,9,41,Judges 9:41,10,מִלְמֵיתַב,,,,Jonathan,TARG
7,Judges,9,41,Judges 9:41,11,בִּשְׁכֶם:,,,,Jonathan,TARG
7,Judges,9,42,Judges 9:42,1,וַהֲוָה,,,,Jonathan,TARG
7,Judges,9,42,Judges 9:42,2,בְּיוֹמָא,,,,Jonathan,TARG
7,Judges,9,42,Judges 9:42,3,דְבַתְרוֹהִי,,,,Jonathan,TARG
7,Judges,9,42,Judges 9:42,4,וּנְפַק,,,,Jonathan,TARG
7,Judges,9,42,Judges 9:42,5,עַמָא,,,,Jonathan,TARG
7,Judges,9,42,Judges 9:42,6,לְחַקְלָא,,,,Jonathan,TARG
7,Judges,9,42,Judges 9:42,7,וְחַוִיאוּ,,,,Jonathan,TARG
7,Judges,9,42,Judges 9:42,8,לַאֲבִימֶלֶךְ:,,,,Jonathan,TARG
7,Judges,9,43,Judges 9:43,1,וְדַבֵּר,,,,Jonathan,TARG
7,Judges,9,43,Judges 9:43,2,יַת,,,,Jonathan,TARG
7,Judges,9,43,Judges 9:43,3,עַמָא,,,,Jonathan,TARG
7,Judges,9,43,Judges 9:43,4,וּפַלְגִנוּן,,,,Jonathan,TARG
7,Judges,9,43,Judges 9:43,5,לִתְלַת,,,,Jonathan,TARG
7,Judges,9,43,Judges 9:43,6,מַשִׁרְיָן,,,,Jonathan,TARG
7,Judges,9,43,Judges 9:43,7,וּכְמַן,,,,Jonathan,TARG
7,Judges,9,43,Judges 9:43,8,בְּחַקְלָא,,,,Jonathan,TARG
7,Judges,9,43,Judges 9:43,9,וַחֲזָא,,,,Jonathan,TARG
7,Judges,9,43,Judges 9:43,10,וְהָא,,,,Jonathan,TARG
7,Judges,9,43,Judges 9:43,11,עַמָא,,,,Jonathan,TARG
7,Judges,9,43,Judges 9:43,12,נָפֵיק,,,,Jonathan,TARG
7,Judges,9,43,Judges 9:43,13,מִן,,,,Jonathan,TARG
7,Judges,9,43,Judges 9:43,14,קַרְתָּא,,,,Jonathan,TARG
7,Judges,9,43,Judges 9:43,15,וְקָם,,,,Jonathan,TARG
7,Judges,9,43,Judges 9:43,16,עֲלֵיהוֹן,,,,Jonathan,TARG
7,Judges,9,43,Judges 9:43,17,וּמְחָנוּן:,,,,Jonathan,TARG
7,Judges,9,44,Judges 9:44,1,וַאֲבִימֶלֶךְ,,,,Jonathan,TARG
7,Judges,9,44,Judges 9:44,2,וְכָל,,,,Jonathan,TARG
7,Judges,9,44,Judges 9:44,3,מַשִׁרְיָן,,,,Jonathan,TARG
7,Judges,9,44,Judges 9:44,4,דְעִמֵיהּ,,,,Jonathan,TARG
7,Judges,9,44,Judges 9:44,5,אִתְנְגִידוּ,,,,Jonathan,TARG
7,Judges,9,44,Judges 9:44,6,וְקָמוּ,,,,Jonathan,TARG
7,Judges,9,44,Judges 9:44,7,בְּמַעֲלָנָא,,,,Jonathan,TARG
7,Judges,9,44,Judges 9:44,8,דִתְרַע,,,,Jonathan,TARG
7,Judges,9,44,Judges 9:44,9,קַרְתָּא,,,,Jonathan,TARG
7,Judges,9,44,Judges 9:44,10,וְתַרְתֵּין,,,,Jonathan,TARG
7,Judges,9,44,Judges 9:44,11,מַשִׁרְיָן,,,,Jonathan,TARG
7,Judges,9,44,Judges 9:44,12,אִתְנְגִידוּ,,,,Jonathan,TARG
7,Judges,9,44,Judges 9:44,13,עַל,,,,Jonathan,TARG
7,Judges,9,44,Judges 9:44,14,כָּל,,,,Jonathan,TARG
7,Judges,9,44,Judges 9:44,15,דִי,,,,Jonathan,TARG
7,Judges,9,44,Judges 9:44,16,בְחַקְלָא,,,,Jonathan,TARG
7,Judges,9,44,Judges 9:44,17,וְקַטְלוּנוּן:,,,,Jonathan,TARG
7,Judges,9,45,Judges 9:45,1,וַאֲבִימֶלֶךְ,,,,Jonathan,TARG
7,Judges,9,45,Judges 9:45,2,אַגִיחַ,,,,Jonathan,TARG
7,Judges,9,45,Judges 9:45,3,קְרָבָא,,,,Jonathan,TARG
7,Judges,9,45,Judges 9:45,4,בְקַרְתָּא,,,,Jonathan,TARG
7,Judges,9,45,Judges 9:45,5,כָּל,,,,Jonathan,TARG
7,Judges,9,45,Judges 9:45,6,יוֹמָא,,,,Jonathan,TARG
7,Judges,9,45,Judges 9:45,7,הַהוּא,,,,Jonathan,TARG
7,Judges,9,45,Judges 9:45,8,וּכְבַשׁ,,,,Jonathan,TARG
7,Judges,9,45,Judges 9:45,9,יַת,,,,Jonathan,TARG
7,Judges,9,45,Judges 9:45,10,קַרְתָּא,,,,Jonathan,TARG
7,Judges,9,45,Judges 9:45,11,וְיַת,,,,Jonathan,TARG
7,Judges,9,45,Judges 9:45,12,עַמָא,,,,Jonathan,TARG
7,Judges,9,45,Judges 9:45,13,דִי,,,,Jonathan,TARG
7,Judges,9,45,Judges 9:45,14,בָהּ,,,,Jonathan,TARG
7,Judges,9,45,Judges 9:45,15,קְטַל,,,,Jonathan,TARG
7,Judges,9,45,Judges 9:45,16,וּתְרַע,,,,Jonathan,TARG
7,Judges,9,45,Judges 9:45,17,יַת,,,,Jonathan,TARG
7,Judges,9,45,Judges 9:45,18,קַרְתָּא,,,,Jonathan,TARG
7,Judges,9,45,Judges 9:45,19,וְזַרְעָה,,,,Jonathan,TARG
7,Judges,9,45,Judges 9:45,20,מִלְחָא:,,,,Jonathan,TARG
7,Judges,9,46,Judges 9:46,1,וּשְׁמָעוּ,,,,Jonathan,TARG
7,Judges,9,46,Judges 9:46,2,כָּל,,,,Jonathan,TARG
7,Judges,9,46,Judges 9:46,3,יַתְבֵי,,,,Jonathan,TARG
7,Judges,9,46,Judges 9:46,4,מִגְדַל,,,,Jonathan,TARG
7,Judges,9,46,Judges 9:46,5,שְׁכֶם,,,,Jonathan,TARG
7,Judges,9,46,Judges 9:46,6,וַאֲתוֹ,,,,Jonathan,TARG
7,Judges,9,46,Judges 9:46,7,לִצְרִיחַ,,,,Jonathan,TARG
7,Judges,9,46,Judges 9:46,8,בֵּית,,,,Jonathan,TARG
7,Judges,9,46,Judges 9:46,9,אֵל,,,,Jonathan,TARG
7,Judges,9,46,Judges 9:46,10,לְמִגְזַר,,,,Jonathan,TARG
7,Judges,9,46,Judges 9:46,11,קְיָם:,,,,Jonathan,TARG
7,Judges,9,47,Judges 9:47,1,וְאִתְחֲוָאָה,,,,Jonathan,TARG
7,Judges,9,47,Judges 9:47,2,לַאֲבִימֶלֶךְ,,,,Jonathan,TARG
7,Judges,9,47,Judges 9:47,3,אֲרֵי,,,,Jonathan,TARG
7,Judges,9,47,Judges 9:47,4,אִתְכַּנָשׁוּ,,,,Jonathan,TARG
7,Judges,9,47,Judges 9:47,5,כָּל,,,,Jonathan,TARG
7,Judges,9,47,Judges 9:47,6,יַתְבֵי,,,,Jonathan,TARG
7,Judges,9,47,Judges 9:47,7,מִגְדַל,,,,Jonathan,TARG
7,Judges,9,47,Judges 9:47,8,שְׁכֶם:,,,,Jonathan,TARG
7,Judges,9,48,Judges 9:48,1,וּסְלֵיק,,,,Jonathan,TARG
7,Judges,9,48,Judges 9:48,2,אֲבִימֶלֶךְ,,,,Jonathan,TARG
7,Judges,9,48,Judges 9:48,3,לְטוּרָא,,,,Jonathan,TARG
7,Judges,9,48,Judges 9:48,4,דְצַלְמוֹן,,,,Jonathan,TARG
7,Judges,9,48,Judges 9:48,5,הוּא,,,,Jonathan,TARG
7,Judges,9,48,Judges 9:48,6,וְכָל,,,,Jonathan,TARG
7,Judges,9,48,Judges 9:48,7,עַמָא,,,,Jonathan,TARG
7,Judges,9,48,Judges 9:48,8,דִי,,,,Jonathan,TARG
7,Judges,9,48,Judges 9:48,9,עִמֵיהּ,,,,Jonathan,TARG
7,Judges,9,48,Judges 9:48,10,וּנְסֵיב,,,,Jonathan,TARG
7,Judges,9,48,Judges 9:48,11,אֲבִימֶלֶךְ,,,,Jonathan,TARG
7,Judges,9,48,Judges 9:48,12,יַת,,,,Jonathan,TARG
7,Judges,9,48,Judges 9:48,13,כּוּלְבַיָא,,,,Jonathan,TARG
7,Judges,9,48,Judges 9:48,14,בִּידֵיהּ,,,,Jonathan,TARG
7,Judges,9,48,Judges 9:48,15,וְקָץ,,,,Jonathan,TARG
7,Judges,9,48,Judges 9:48,16,סוֹכַת,,,,Jonathan,TARG
7,Judges,9,48,Judges 9:48,17,אָעִין,,,,Jonathan,TARG
7,Judges,9,48,Judges 9:48,18,וּנְטָלָהּ,,,,Jonathan,TARG
7,Judges,9,48,Judges 9:48,19,וְשַׁוֵי,,,,Jonathan,TARG
7,Judges,9,48,Judges 9:48,20,עַל,,,,Jonathan,TARG
7,Judges,9,48,Judges 9:48,21,כִּתְפוֹהִי,,,,Jonathan,TARG
7,Judges,9,48,Judges 9:48,22,וַאֲמַר,,,,Jonathan,TARG
7,Judges,9,48,Judges 9:48,23,לְעַמָא,,,,Jonathan,TARG
7,Judges,9,48,Judges 9:48,24,דִי,,,,Jonathan,TARG
7,Judges,9,48,Judges 9:48,25,עִמֵיהּ,,,,Jonathan,TARG
7,Judges,9,48,Judges 9:48,26,מַה,,,,Jonathan,TARG
7,Judges,9,48,Judges 9:48,27,חֲזֵיתוּן,,,,Jonathan,TARG
7,Judges,9,48,Judges 9:48,28,עַבָדִית,,,,Jonathan,TARG
7,Judges,9,48,Judges 9:48,29,אוֹחוּ,,,,Jonathan,TARG
7,Judges,9,48,Judges 9:48,30,עֲבִידוּ,,,,Jonathan,TARG
7,Judges,9,48,Judges 9:48,31,כְּוָתִי:,,,,Jonathan,TARG
7,Judges,9,49,Judges 9:49,1,וְקָצוּ,,,,Jonathan,TARG
7,Judges,9,49,Judges 9:49,2,אַף,,,,Jonathan,TARG
7,Judges,9,49,Judges 9:49,3,כָּל,,,,Jonathan,TARG
7,Judges,9,49,Judges 9:49,4,עַמָא,,,,Jonathan,TARG
7,Judges,9,49,Judges 9:49,5,גְבַר,,,,Jonathan,TARG
7,Judges,9,49,Judges 9:49,6,סוֹכֵיה,,,,Jonathan,TARG
7,Judges,9,49,Judges 9:49,7,וַאֲזַלוּ,,,,Jonathan,TARG
7,Judges,9,49,Judges 9:49,8,בָּתַר,,,,Jonathan,TARG
7,Judges,9,49,Judges 9:49,9,אֲבִימֶלֶךְ,,,,Jonathan,TARG
7,Judges,9,49,Judges 9:49,10,וְשַׁוִיאוּ,,,,Jonathan,TARG
7,Judges,9,49,Judges 9:49,11,עַל,,,,Jonathan,TARG
7,Judges,9,49,Judges 9:49,12,צְרִיחַ,,,,Jonathan,TARG
7,Judges,9,49,Judges 9:49,13,וְאַדְלִיקוּ,,,,Jonathan,TARG
7,Judges,9,49,Judges 9:49,14,עֲלֵיהוֹן,,,,Jonathan,TARG
7,Judges,9,49,Judges 9:49,15,יַת,,,,Jonathan,TARG
7,Judges,9,49,Judges 9:49,16,צְרִיחַ,,,,Jonathan,TARG
7,Judges,9,49,Judges 9:49,17,בְּנוּרָא,,,,Jonathan,TARG
7,Judges,9,49,Judges 9:49,18,וְאִתְקְטָלוּ,,,,Jonathan,TARG
7,Judges,9,49,Judges 9:49,19,אַף,,,,Jonathan,TARG
7,Judges,9,49,Judges 9:49,20,כָּל,,,,Jonathan,TARG
7,Judges,9,49,Judges 9:49,21,אֱנָשֵׁי,,,,Jonathan,TARG
7,Judges,9,49,Judges 9:49,22,מִגְדַל,,,,Jonathan,TARG
7,Judges,9,49,Judges 9:49,23,שְׁכֶם,,,,Jonathan,TARG
7,Judges,9,49,Judges 9:49,24,כְּאֶלֶף,,,,Jonathan,TARG
7,Judges,9,49,Judges 9:49,25,גְבַר,,,,Jonathan,TARG
7,Judges,9,49,Judges 9:49,26,וְאִתְּתָא:,,,,Jonathan,TARG
7,Judges,9,50,Judges 9:50,1,וַאֲזַל,,,,Jonathan,TARG
7,Judges,9,50,Judges 9:50,2,אֲבִימֶלֶךְ,,,,Jonathan,TARG
7,Judges,9,50,Judges 9:50,3,לְתֵבֵץ,,,,Jonathan,TARG
7,Judges,9,50,Judges 9:50,4,וּשְׁרָא,,,,Jonathan,TARG
7,Judges,9,50,Judges 9:50,5,בְּתֵבֵץ,,,,Jonathan,TARG
7,Judges,9,50,Judges 9:50,6,וְכַבְּשָׁהּ:,,,,Jonathan,TARG
7,Judges,9,51,Judges 9:51,1,וּמִגְדַל,,,,Jonathan,TARG
7,Judges,9,51,Judges 9:51,2,תַּקִיף,,,,Jonathan,TARG
7,Judges,9,51,Judges 9:51,3,הֲוָה,,,,Jonathan,TARG
7,Judges,9,51,Judges 9:51,4,בְּגוֹ,,,,Jonathan,TARG
7,Judges,9,51,Judges 9:51,5,קַרְתָּא,,,,Jonathan,TARG
7,Judges,9,51,Judges 9:51,6,וְאַפִיכוּ,,,,Jonathan,TARG
7,Judges,9,51,Judges 9:51,7,לְתַמָן,,,,Jonathan,TARG
7,Judges,9,51,Judges 9:51,8,כָּל,,,,Jonathan,TARG
7,Judges,9,51,Judges 9:51,9,גַבְרַיָא,,,,Jonathan,TARG
7,Judges,9,51,Judges 9:51,10,וּנְשַׁיָא,,,,Jonathan,TARG
7,Judges,9,51,Judges 9:51,11,וְכָל,,,,Jonathan,TARG
7,Judges,9,51,Judges 9:51,12,יַתְבֵי,,,,Jonathan,TARG
7,Judges,9,51,Judges 9:51,13,קַרְתָּא,,,,Jonathan,TARG
7,Judges,9,51,Judges 9:51,14,וְאַגִיפוּ,,,,Jonathan,TARG
7,Judges,9,51,Judges 9:51,15,בְּאַפֵּיהוֹן,,,,Jonathan,TARG
7,Judges,9,51,Judges 9:51,16,וּסְלִיקוּ,,,,Jonathan,TARG
7,Judges,9,51,Judges 9:51,17,עַל,,,,Jonathan,TARG
7,Judges,9,51,Judges 9:51,18,אִגַר,,,,Jonathan,TARG
7,Judges,9,51,Judges 9:51,19,מִגְדָלָא:,,,,Jonathan,TARG
7,Judges,9,52,Judges 9:52,1,וַאֲתָא,,,,Jonathan,TARG
7,Judges,9,52,Judges 9:52,2,אֲבִימֶלֶךְ,,,,Jonathan,TARG
7,Judges,9,52,Judges 9:52,3,עַד,,,,Jonathan,TARG
7,Judges,9,52,Judges 9:52,4,מִגְדָלָא,,,,Jonathan,TARG
7,Judges,9,52,Judges 9:52,5,וְאַגִיחַ,,,,Jonathan,TARG
7,Judges,9,52,Judges 9:52,6,קְרָבָא,,,,Jonathan,TARG
7,Judges,9,52,Judges 9:52,7,בֵּיהּ,,,,Jonathan,TARG
7,Judges,9,52,Judges 9:52,8,וְקָרֵיב,,,,Jonathan,TARG
7,Judges,9,52,Judges 9:52,9,עַד,,,,Jonathan,TARG
7,Judges,9,52,Judges 9:52,10,תְּרַע,,,,Jonathan,TARG
7,Judges,9,52,Judges 9:52,11,מִגְדָלָא,,,,Jonathan,TARG
7,Judges,9,52,Judges 9:52,12,לְאוֹקָדוּתֵיה,,,,Jonathan,TARG
7,Judges,9,52,Judges 9:52,13,בְּנוּרָא:,,,,Jonathan,TARG
7,Judges,9,53,Judges 9:53,1,וּרְמַת,,,,Jonathan,TARG
7,Judges,9,53,Judges 9:53,2,אִתְּתָא,,,,Jonathan,TARG
7,Judges,9,53,Judges 9:53,3,חֲדָא,,,,Jonathan,TARG
7,Judges,9,53,Judges 9:53,4,פַּלְגוּת,,,,Jonathan,TARG
7,Judges,9,53,Judges 9:53,5,רְכַב,,,,Jonathan,TARG
7,Judges,9,53,Judges 9:53,6,רְחַיָא,,,,Jonathan,TARG
7,Judges,9,53,Judges 9:53,7,עַל,,,,Jonathan,TARG
7,Judges,9,53,Judges 9:53,8,רֵישָׁא,,,,Jonathan,TARG
7,Judges,9,53,Judges 9:53,9,דַאֲבִימֶלֶךְ,,,,Jonathan,TARG
7,Judges,9,53,Judges 9:53,10,וְרַעַת,,,,Jonathan,TARG
7,Judges,9,53,Judges 9:53,11,יַת,,,,Jonathan,TARG
7,Judges,9,53,Judges 9:53,12,גוּלְגַלְתֵּיהּ:,,,,Jonathan,TARG
7,Judges,9,54,Judges 9:54,1,וּקְרָא,,,,Jonathan,TARG
7,Judges,9,54,Judges 9:54,2,בִּפְרִיעַ,,,,Jonathan,TARG
7,Judges,9,54,Judges 9:54,3,לְעוּלֵימָא,,,,Jonathan,TARG
7,Judges,9,54,Judges 9:54,4,נָטִיל,,,,Jonathan,TARG
7,Judges,9,54,Judges 9:54,5,זְיָנֵיהּ,,,,Jonathan,TARG
7,Judges,9,54,Judges 9:54,6,וַאֲמַר,,,,Jonathan,TARG
7,Judges,9,54,Judges 9:54,7,לֵיהּ,,,,Jonathan,TARG
7,Judges,9,54,Judges 9:54,8,שְׁלוֹף,,,,Jonathan,TARG
7,Judges,9,54,Judges 9:54,9,חַרְבָּךְ,,,,Jonathan,TARG
7,Judges,9,54,Judges 9:54,10,וּקְטוֹלְנִי,,,,Jonathan,TARG
7,Judges,9,54,Judges 9:54,11,דִלְמָא,,,,Jonathan,TARG
7,Judges,9,54,Judges 9:54,12,יֵימְרוּן,,,,Jonathan,TARG
7,Judges,9,54,Judges 9:54,13,עָלֵי,,,,Jonathan,TARG
7,Judges,9,54,Judges 9:54,14,אִתְּתָא,,,,Jonathan,TARG
7,Judges,9,54,Judges 9:54,15,קְטַלְתֵּיהּ,,,,Jonathan,TARG
7,Judges,9,54,Judges 9:54,16,וְקַטְלֵיהּ,,,,Jonathan,TARG
7,Judges,9,54,Judges 9:54,17,עוּלֵימֵיהּ,,,,Jonathan,TARG
7,Judges,9,54,Judges 9:54,18,וּמִית:,,,,Jonathan,TARG
7,Judges,9,55,Judges 9:55,1,וַחֲזוֹ,,,,Jonathan,TARG
7,Judges,9,55,Judges 9:55,2,גְבַר,,,,Jonathan,TARG
7,Judges,9,55,Judges 9:55,3,יִשְׂרָאֵל,,,,Jonathan,TARG
7,Judges,9,55,Judges 9:55,4,אֲרֵי,,,,Jonathan,TARG
7,Judges,9,55,Judges 9:55,5,מִית,,,,Jonathan,TARG
7,Judges,9,55,Judges 9:55,6,אֲבִימֶלֶךְ,,,,Jonathan,TARG
7,Judges,9,55,Judges 9:55,7,וַאֲזָלוּ,,,,Jonathan,TARG
7,Judges,9,55,Judges 9:55,8,אֱנַשׁ,,,,Jonathan,TARG
7,Judges,9,55,Judges 9:55,9,לְאַתְרֵיהּ:,,,,Jonathan,TARG
7,Judges,9,56,Judges 9:56,1,וַאֲתֵיב,,,,Jonathan,TARG
7,Judges,9,56,Judges 9:56,2,יְיָ,,,,Jonathan,TARG
7,Judges,9,56,Judges 9:56,3,יַת,,,,Jonathan,TARG
7,Judges,9,56,Judges 9:56,4,בִּישַׁת,,,,Jonathan,TARG
7,Judges,9,56,Judges 9:56,5,אֲבִימֶלֶךְ,,,,Jonathan,TARG
7,Judges,9,56,Judges 9:56,6,דַעֲבַד,,,,Jonathan,TARG
7,Judges,9,56,Judges 9:56,7,לַאֲבוּהִי,,,,Jonathan,TARG
7,Judges,9,56,Judges 9:56,8,לְמִקְטַל,,,,Jonathan,TARG
7,Judges,9,56,Judges 9:56,9,יַת,,,,Jonathan,TARG
7,Judges,9,56,Judges 9:56,10,שַׁבְעִין,,,,Jonathan,TARG
7,Judges,9,56,Judges 9:56,11,אֲחוֹהִי:,,,,Jonathan,TARG
7,Judges,9,57,Judges 9:57,1,וְיַת,,,,Jonathan,TARG
7,Judges,9,57,Judges 9:57,2,כָּל,,,,Jonathan,TARG
7,Judges,9,57,Judges 9:57,3,בִּישַׁת,,,,Jonathan,TARG
7,Judges,9,57,Judges 9:57,4,אֱנָשֵׁי,,,,Jonathan,TARG
7,Judges,9,57,Judges 9:57,5,שְׁכֶם,,,,Jonathan,TARG
7,Judges,9,57,Judges 9:57,6,אֲתֵיב,,,,Jonathan,TARG
7,Judges,9,57,Judges 9:57,7,יְיָ,,,,Jonathan,TARG
7,Judges,9,57,Judges 9:57,8,בְּרֵישֵׁיהוֹן,,,,Jonathan,TARG
7,Judges,9,57,Judges 9:57,9,וַאֲתָת,,,,Jonathan,TARG
7,Judges,9,57,Judges 9:57,10,לְהוֹן,,,,Jonathan,TARG
7,Judges,9,57,Judges 9:57,11,לְוָטַת,,,,Jonathan,TARG
7,Judges,9,57,Judges 9:57,12,יוֹתָם,,,,Jonathan,TARG
7,Judges,9,57,Judges 9:57,13,בַּר,,,,Jonathan,TARG
7,Judges,9,57,Judges 9:57,14,יְרֻבַּעַל:,,,,Jonathan,TARG
7,Judges,10,1,Judges 10:1,1,וְקָם,,,,Jonathan,TARG
7,Judges,10,1,Judges 10:1,2,בָּתַר,,,,Jonathan,TARG
7,Judges,10,1,Judges 10:1,3,אֲבִימֶלֶךְ,,,,Jonathan,TARG
7,Judges,10,1,Judges 10:1,4,לְמִפְרַק,,,,Jonathan,TARG
7,Judges,10,1,Judges 10:1,5,יַת,,,,Jonathan,TARG
7,Judges,10,1,Judges 10:1,6,יִשְׂרָאֵל,,,,Jonathan,TARG
7,Judges,10,1,Judges 10:1,7,תּוֹלָע,,,,Jonathan,TARG
7,Judges,10,1,Judges 10:1,8,בַּר,,,,Jonathan,TARG
7,Judges,10,1,Judges 10:1,9,פּוּאָה,,,,Jonathan,TARG
7,Judges,10,1,Judges 10:1,10,בַּר,,,,Jonathan,TARG
7,Judges,10,1,Judges 10:1,11,דּוֹדוֹ,,,,Jonathan,TARG
7,Judges,10,1,Judges 10:1,12,גַבְרָא,,,,Jonathan,TARG
7,Judges,10,1,Judges 10:1,13,מִשִׁבְטָא,,,,Jonathan,TARG
7,Judges,10,1,Judges 10:1,14,דְבֵית,,,,Jonathan,TARG
7,Judges,10,1,Judges 10:1,15,יִשָׂשכָר,,,,Jonathan,TARG
7,Judges,10,1,Judges 10:1,16,וְהוּא,,,,Jonathan,TARG
7,Judges,10,1,Judges 10:1,17,יָתֵיב,,,,Jonathan,TARG
7,Judges,10,1,Judges 10:1,18,בְּשָׁמִיר,,,,Jonathan,TARG
7,Judges,10,1,Judges 10:1,19,בְּטוּרָא,,,,Jonathan,TARG
7,Judges,10,1,Judges 10:1,20,דְבֵית,,,,Jonathan,TARG
7,Judges,10,1,Judges 10:1,21,אֶפְרָיִם:,,,,Jonathan,TARG
7,Judges,10,2,Judges 10:2,1,וְדָן,,,,Jonathan,TARG
7,Judges,10,2,Judges 10:2,2,יַת,,,,Jonathan,TARG
7,Judges,10,2,Judges 10:2,3,יִשְׂרָאֵל,,,,Jonathan,TARG
7,Judges,10,2,Judges 10:2,4,עַסְרִין,,,,Jonathan,TARG
7,Judges,10,2,Judges 10:2,5,וּתְלַת,,,,Jonathan,TARG
7,Judges,10,2,Judges 10:2,6,שְׁנִין,,,,Jonathan,TARG
7,Judges,10,2,Judges 10:2,7,וּמִית,,,,Jonathan,TARG
7,Judges,10,2,Judges 10:2,8,וְאִתְקְבַר,,,,Jonathan,TARG
7,Judges,10,2,Judges 10:2,9,בְּשָׁמִיר:,,,,Jonathan,TARG
7,Judges,10,3,Judges 10:3,1,וְקָם,,,,Jonathan,TARG
7,Judges,10,3,Judges 10:3,2,בַּתְרוֹהִי,,,,Jonathan,TARG
7,Judges,10,3,Judges 10:3,3,יָאִיר,,,,Jonathan,TARG
7,Judges,10,3,Judges 10:3,4,גִלְעָדָאָה,,,,Jonathan,TARG
7,Judges,10,3,Judges 10:3,5,וְדָן,,,,Jonathan,TARG
7,Judges,10,3,Judges 10:3,6,יַת,,,,Jonathan,TARG
7,Judges,10,3,Judges 10:3,7,יִשְׂרָאֵל,,,,Jonathan,TARG
7,Judges,10,3,Judges 10:3,8,עַסְרִין,,,,Jonathan,TARG
7,Judges,10,3,Judges 10:3,9,וְתַרְתֵּין,,,,Jonathan,TARG
7,Judges,10,3,Judges 10:3,10,שְׁנִין:,,,,Jonathan,TARG
7,Judges,10,4,Judges 10:4,1,וַהֲווֹ,,,,Jonathan,TARG
7,Judges,10,4,Judges 10:4,2,לֵיהּ,,,,Jonathan,TARG
7,Judges,10,4,Judges 10:4,3,תְּלָתִין,,,,Jonathan,TARG
7,Judges,10,4,Judges 10:4,4,בְּנִין,,,,Jonathan,TARG
7,Judges,10,4,Judges 10:4,5,רְכִיבִין,,,,Jonathan,TARG
7,Judges,10,4,Judges 10:4,6,עַל,,,,Jonathan,TARG
7,Judges,10,4,Judges 10:4,7,תְּלָתִין,,,,Jonathan,TARG
7,Judges,10,4,Judges 10:4,8,עוּלִין,,,,Jonathan,TARG
7,Judges,10,4,Judges 10:4,9,וּתְלָתִין,,,,Jonathan,TARG
7,Judges,10,4,Judges 10:4,10,קִרְוִין,,,,Jonathan,TARG
7,Judges,10,4,Judges 10:4,11,לְהוֹן,,,,Jonathan,TARG
7,Judges,10,4,Judges 10:4,12,לְהוֹן,,,,Jonathan,TARG
7,Judges,10,4,Judges 10:4,13,קְרַן,,,,Jonathan,TARG
7,Judges,10,4,Judges 10:4,14,כַּפְּרָנֵי,,,,Jonathan,TARG
7,Judges,10,4,Judges 10:4,15,יָאִיר,,,,Jonathan,TARG
7,Judges,10,4,Judges 10:4,16,עַד,,,,Jonathan,TARG
7,Judges,10,4,Judges 10:4,17,יוֹמָא,,,,Jonathan,TARG
7,Judges,10,4,Judges 10:4,18,הָדֵין,,,,Jonathan,TARG
7,Judges,10,4,Judges 10:4,19,דִי,,,,Jonathan,TARG
7,Judges,10,4,Judges 10:4,20,בְּאַרְעָא,,,,Jonathan,TARG
7,Judges,10,4,Judges 10:4,21,דְגִלְעָד:,,,,Jonathan,TARG
7,Judges,10,5,Judges 10:5,1,וּמִית,,,,Jonathan,TARG
7,Judges,10,5,Judges 10:5,2,יָאִיר,,,,Jonathan,TARG
7,Judges,10,5,Judges 10:5,3,וְאִתְקְבַר,,,,Jonathan,TARG
7,Judges,10,5,Judges 10:5,4,בְּקָמוֹן:,,,,Jonathan,TARG
7,Judges,10,6,Judges 10:6,1,וְאוֹסִיפוּ,,,,Jonathan,TARG
7,Judges,10,6,Judges 10:6,2,בְּנֵי,,,,Jonathan,TARG
7,Judges,10,6,Judges 10:6,3,יִשְׂרָאֵל,,,,Jonathan,TARG
7,Judges,10,6,Judges 10:6,4,לְמֶעְבַּד,,,,Jonathan,TARG
7,Judges,10,6,Judges 10:6,5,דְבִישׁ,,,,Jonathan,TARG
7,Judges,10,6,Judges 10:6,6,קֳדָם,,,,Jonathan,TARG
7,Judges,10,6,Judges 10:6,7,יְיָ,,,,Jonathan,TARG
7,Judges,10,6,Judges 10:6,8,וּפְלָחוּ,,,,Jonathan,TARG
7,Judges,10,6,Judges 10:6,9,יַת,,,,Jonathan,TARG
7,Judges,10,6,Judges 10:6,10,בַּעֲלַיָא,,,,Jonathan,TARG
7,Judges,10,6,Judges 10:6,11,וְיַת,,,,Jonathan,TARG
7,Judges,10,6,Judges 10:6,12,עַשְׁתְּרָתָא,,,,Jonathan,TARG
7,Judges,10,6,Judges 10:6,13,וְיַת,,,,Jonathan,TARG
7,Judges,10,6,Judges 10:6,14,טַעֲוַת,,,,Jonathan,TARG
7,Judges,10,6,Judges 10:6,15,אֲרָם,,,,Jonathan,TARG
7,Judges,10,6,Judges 10:6,16,וְיַת,,,,Jonathan,TARG
7,Judges,10,6,Judges 10:6,17,טַעֲוַת,,,,Jonathan,TARG
7,Judges,10,6,Judges 10:6,18,צִידוֹן,,,,Jonathan,TARG
7,Judges,10,6,Judges 10:6,19,וְיַת,,,,Jonathan,TARG
7,Judges,10,6,Judges 10:6,20,טַעֲוַת,,,,Jonathan,TARG
7,Judges,10,6,Judges 10:6,21,מוֹאָב,,,,Jonathan,TARG
7,Judges,10,6,Judges 10:6,22,וְיַת,,,,Jonathan,TARG
7,Judges,10,6,Judges 10:6,23,טַעֲוַת,,,,Jonathan,TARG
7,Judges,10,6,Judges 10:6,24,בְּנֵי,,,,Jonathan,TARG
7,Judges,10,6,Judges 10:6,25,עַמוֹן,,,,Jonathan,TARG
7,Judges,10,6,Judges 10:6,26,וְיַת,,,,Jonathan,TARG
7,Judges,10,6,Judges 10:6,27,טַעֲוַת,,,,Jonathan,TARG
7,Judges,10,6,Judges 10:6,28,פְּלִשְׁתָּאֵי,,,,Jonathan,TARG
7,Judges,10,6,Judges 10:6,29,וּשְׁבַקוּ,,,,Jonathan,TARG
7,Judges,10,6,Judges 10:6,30,יַת,,,,Jonathan,TARG
7,Judges,10,6,Judges 10:6,31,פּוּלְחָנָא,,,,Jonathan,TARG
7,Judges,10,6,Judges 10:6,32,דַייָ,,,,Jonathan,TARG
7,Judges,10,6,Judges 10:6,33,וְלָא,,,,Jonathan,TARG
7,Judges,10,6,Judges 10:6,34,פְּלָחוּ,,,,Jonathan,TARG
7,Judges,10,6,Judges 10:6,35,קֳדָמוֹהִי:,,,,Jonathan,TARG
7,Judges,10,7,Judges 10:7,1,וּתְקֵיף,,,,Jonathan,TARG
7,Judges,10,7,Judges 10:7,2,רוּגְזָא,,,,Jonathan,TARG
7,Judges,10,7,Judges 10:7,3,דַייָ,,,,Jonathan,TARG
7,Judges,10,7,Judges 10:7,4,בְּיִשְׂרָאֵל,,,,Jonathan,TARG
7,Judges,10,7,Judges 10:7,5,וּמַסְרִינוּן,,,,Jonathan,TARG
7,Judges,10,7,Judges 10:7,6,בְּיַד,,,,Jonathan,TARG
7,Judges,10,7,Judges 10:7,7,פְּלִשְׁתָּאֵי,,,,Jonathan,TARG
7,Judges,10,7,Judges 10:7,8,וּבְיַד,,,,Jonathan,TARG
7,Judges,10,7,Judges 10:7,9,בְּנֵי,,,,Jonathan,TARG
7,Judges,10,7,Judges 10:7,10,עַמוֹן:,,,,Jonathan,TARG
7,Judges,10,8,Judges 10:8,1,וּדְחַקוּ,,,,Jonathan,TARG
7,Judges,10,8,Judges 10:8,2,וְשַׁעֲבִּידוּ,,,,Jonathan,TARG
7,Judges,10,8,Judges 10:8,3,יַת,,,,Jonathan,TARG
7,Judges,10,8,Judges 10:8,4,בְּנֵי,,,,Jonathan,TARG
7,Judges,10,8,Judges 10:8,5,יִשְׂרָאֵל,,,,Jonathan,TARG
7,Judges,10,8,Judges 10:8,6,בְּשַׁתָּא,,,,Jonathan,TARG
7,Judges,10,8,Judges 10:8,7,הַהִיא,,,,Jonathan,TARG
7,Judges,10,8,Judges 10:8,8,תְּמַנְיָא,,,,Jonathan,TARG
7,Judges,10,8,Judges 10:8,9,עַסְרֵי,,,,Jonathan,TARG
7,Judges,10,8,Judges 10:8,10,שְׁנִין,,,,Jonathan,TARG
7,Judges,10,8,Judges 10:8,11,יַת,,,,Jonathan,TARG
7,Judges,10,8,Judges 10:8,12,כָּל,,,,Jonathan,TARG
7,Judges,10,8,Judges 10:8,13,בְּנֵי,,,,Jonathan,TARG
7,Judges,10,8,Judges 10:8,14,יִשְׂרָאֵל,,,,Jonathan,TARG
7,Judges,10,8,Judges 10:8,15,דִבְעִבְרָא,,,,Jonathan,TARG
7,Judges,10,8,Judges 10:8,16,דְיַרְדְנָא,,,,Jonathan,TARG
7,Judges,10,8,Judges 10:8,17,בְּאַרְעָא,,,,Jonathan,TARG
7,Judges,10,8,Judges 10:8,18,אֱמוֹרָאָה,,,,Jonathan,TARG
7,Judges,10,8,Judges 10:8,19,דִי,,,,Jonathan,TARG
7,Judges,10,8,Judges 10:8,20,בְגִלְעָד:,,,,Jonathan,TARG
7,Judges,10,9,Judges 10:9,1,וַעֲבָרוּ,,,,Jonathan,TARG
7,Judges,10,9,Judges 10:9,2,בְנֵי,,,,Jonathan,TARG
7,Judges,10,9,Judges 10:9,3,עַמוֹן,,,,Jonathan,TARG
7,Judges,10,9,Judges 10:9,4,יַת,,,,Jonathan,TARG
7,Judges,10,9,Judges 10:9,5,יַרְדְנָא,,,,Jonathan,TARG
7,Judges,10,9,Judges 10:9,6,לְאַגָחָא,,,,Jonathan,TARG
7,Judges,10,9,Judges 10:9,7,קְרָבָא,,,,Jonathan,TARG
7,Judges,10,9,Judges 10:9,8,אַף,,,,Jonathan,TARG
7,Judges,10,9,Judges 10:9,9,בִּיהוּדָה,,,,Jonathan,TARG
7,Judges,10,9,Judges 10:9,10,וּבִדְבֵית,,,,Jonathan,TARG
7,Judges,10,9,Judges 10:9,11,בִנְיָמִין,,,,Jonathan,TARG
7,Judges,10,9,Judges 10:9,12,וּבִדְבֵית,,,,Jonathan,TARG
7,Judges,10,9,Judges 10:9,13,אֶפְרַיִם,,,,Jonathan,TARG
7,Judges,10,9,Judges 10:9,14,וְעָקַת,,,,Jonathan,TARG
7,Judges,10,9,Judges 10:9,15,לְיִשְׂרָאֵל,,,,Jonathan,TARG
7,Judges,10,9,Judges 10:9,16,לַחֲדָא:,,,,Jonathan,TARG
7,Judges,10,10,Judges 10:10,1,וּזְעִיקוּ,,,,Jonathan,TARG
7,Judges,10,10,Judges 10:10,2,בְּנֵי,,,,Jonathan,TARG
7,Judges,10,10,Judges 10:10,3,יִשְׂרָאֵל,,,,Jonathan,TARG
7,Judges,10,10,Judges 10:10,4,קֳדָם,,,,Jonathan,TARG
7,Judges,10,10,Judges 10:10,5,יְיָ,,,,Jonathan,TARG
7,Judges,10,10,Judges 10:10,6,לְמֵימָר,,,,Jonathan,TARG
7,Judges,10,10,Judges 10:10,7,חַבְנָא,,,,Jonathan,TARG
7,Judges,10,10,Judges 10:10,8,קֳדָמָךְ,,,,Jonathan,TARG
7,Judges,10,10,Judges 10:10,9,וַאֲרֵי,,,,Jonathan,TARG
7,Judges,10,10,Judges 10:10,10,שְׁבַקְנָא,,,,Jonathan,TARG
7,Judges,10,10,Judges 10:10,11,יַת,,,,Jonathan,TARG
7,Judges,10,10,Judges 10:10,12,פּוּלְחָנָא,,,,Jonathan,TARG
7,Judges,10,10,Judges 10:10,13,דַייָ,,,,Jonathan,TARG
7,Judges,10,10,Judges 10:10,14,אֱלָהָנָא,,,,Jonathan,TARG
7,Judges,10,10,Judges 10:10,15,וּפְלַחְנָא,,,,Jonathan,TARG
7,Judges,10,10,Judges 10:10,16,יַת,,,,Jonathan,TARG
7,Judges,10,10,Judges 10:10,17,בַּעֲלַיָא:,,,,Jonathan,TARG
7,Judges,10,11,Judges 10:11,1,וַאֲמַר,,,,Jonathan,TARG
7,Judges,10,11,Judges 10:11,2,יְיָ,,,,Jonathan,TARG
7,Judges,10,11,Judges 10:11,3,לִבְנֵי,,,,Jonathan,TARG
7,Judges,10,11,Judges 10:11,4,יִשְׂרָאֵל,,,,Jonathan,TARG
7,Judges,10,11,Judges 10:11,5,הֲלָא,,,,Jonathan,TARG
7,Judges,10,11,Judges 10:11,6,מִמִצְרַיִם,,,,Jonathan,TARG
7,Judges,10,11,Judges 10:11,7,וּמִן,,,,Jonathan,TARG
7,Judges,10,11,Judges 10:11,8,אֱמוֹרָאָה,,,,Jonathan,TARG
7,Judges,10,11,Judges 10:11,9,וּמִן,,,,Jonathan,TARG
7,Judges,10,11,Judges 10:11,10,בְּנֵי,,,,Jonathan,TARG
7,Judges,10,11,Judges 10:11,11,עַמוֹן,,,,Jonathan,TARG
7,Judges,10,11,Judges 10:11,12,וּמִפְּלִשְׁתָּאֵי:,,,,Jonathan,TARG
7,Judges,10,12,Judges 10:12,1,וְצִידוֹנָאֵי,,,,Jonathan,TARG
7,Judges,10,12,Judges 10:12,2,וַעֲמַלְקָאֵי,,,,Jonathan,TARG
7,Judges,10,12,Judges 10:12,3,וֶאֱנָשֵׁי,,,,Jonathan,TARG
7,Judges,10,12,Judges 10:12,4,מָעוֹן,,,,Jonathan,TARG
7,Judges,10,12,Judges 10:12,5,דָחֲקוּ,,,,Jonathan,TARG
7,Judges,10,12,Judges 10:12,6,יַתְכוֹן,,,,Jonathan,TARG
7,Judges,10,12,Judges 10:12,7,וּבָעִיתוּן,,,,Jonathan,TARG
7,Judges,10,12,Judges 10:12,8,קֳדָמַי,,,,Jonathan,TARG
7,Judges,10,12,Judges 10:12,9,וּפַרְקֵית,,,,Jonathan,TARG
7,Judges,10,12,Judges 10:12,10,יַתְכוֹן,,,,Jonathan,TARG
7,Judges,10,12,Judges 10:12,11,מִידֵיהוֹן:,,,,Jonathan,TARG
7,Judges,10,13,Judges 10:13,1,וְאַתּוּן,,,,Jonathan,TARG
7,Judges,10,13,Judges 10:13,2,שְׁבַקְתּוּן,,,,Jonathan,TARG
7,Judges,10,13,Judges 10:13,3,פּוּלְחָנִי,,,,Jonathan,TARG
7,Judges,10,13,Judges 10:13,4,וּפְלַחְתּוּן,,,,Jonathan,TARG
7,Judges,10,13,Judges 10:13,5,לְטַעֲוַת,,,,Jonathan,TARG
7,Judges,10,13,Judges 10:13,6,עַמְמַיָא,,,,Jonathan,TARG
7,Judges,10,13,Judges 10:13,7,בְּכֵן,,,,Jonathan,TARG
7,Judges,10,13,Judges 10:13,8,לָא,,,,Jonathan,TARG
7,Judges,10,13,Judges 10:13,9,אוֹסִיף,,,,Jonathan,TARG
7,Judges,10,13,Judges 10:13,10,לְמִפְרַק,,,,Jonathan,TARG
7,Judges,10,13,Judges 10:13,11,יַתְכוֹן:,,,,Jonathan,TARG
7,Judges,10,14,Judges 10:14,1,אֱזִילוּ,,,,Jonathan,TARG
7,Judges,10,14,Judges 10:14,2,וּבְעוֹ,,,,Jonathan,TARG
7,Judges,10,14,Judges 10:14,3,מִן,,,,Jonathan,TARG
7,Judges,10,14,Judges 10:14,4,טַעֲוָתָא,,,,Jonathan,TARG
7,Judges,10,14,Judges 10:14,5,דְאִיתְרְעִיתוּן,,,,Jonathan,TARG
7,Judges,10,14,Judges 10:14,6,בְּהוֹן,,,,Jonathan,TARG
7,Judges,10,14,Judges 10:14,7,הַאִם,,,,Jonathan,TARG
7,Judges,10,14,Judges 10:14,8,יָכְלִין,,,,Jonathan,TARG
7,Judges,10,14,Judges 10:14,9,לְמִפְרַקְכוֹן,,,,Jonathan,TARG
7,Judges,10,14,Judges 10:14,10,בְּעִידָן,,,,Jonathan,TARG
7,Judges,10,14,Judges 10:14,11,עֲקַתְכוֹן:,,,,Jonathan,TARG
7,Judges,10,15,Judges 10:15,1,וַאֲמַרוּ,,,,Jonathan,TARG
7,Judges,10,15,Judges 10:15,2,בְנֵי,,,,Jonathan,TARG
7,Judges,10,15,Judges 10:15,3,יִשְׂרָאֵל,,,,Jonathan,TARG
7,Judges,10,15,Judges 10:15,4,קֳדָם,,,,Jonathan,TARG
7,Judges,10,15,Judges 10:15,5,יְיָ,,,,Jonathan,TARG
7,Judges,10,15,Judges 10:15,6,חַבְנָא,,,,Jonathan,TARG
7,Judges,10,15,Judges 10:15,7,עֲבֵיד,,,,Jonathan,TARG
7,Judges,10,15,Judges 10:15,8,אַתְּ,,,,Jonathan,TARG
7,Judges,10,15,Judges 10:15,9,לָנָא,,,,Jonathan,TARG
7,Judges,10,15,Judges 10:15,10,כְּכָל,,,,Jonathan,TARG
7,Judges,10,15,Judges 10:15,11,דְתַקִין,,,,Jonathan,TARG
7,Judges,10,15,Judges 10:15,12,קֳדָמָךְ,,,,Jonathan,TARG
7,Judges,10,15,Judges 10:15,13,בְּרַם,,,,Jonathan,TARG
7,Judges,10,15,Judges 10:15,14,שֵׁיזַבְנָא,,,,Jonathan,TARG
7,Judges,10,15,Judges 10:15,15,כְעַן,,,,Jonathan,TARG
7,Judges,10,15,Judges 10:15,16,יוֹמָא,,,,Jonathan,TARG
7,Judges,10,15,Judges 10:15,17,דֵין:,,,,Jonathan,TARG
7,Judges,10,16,Judges 10:16,1,וְאַעֲדִיאוּ,,,,Jonathan,TARG
7,Judges,10,16,Judges 10:16,2,יַת,,,,Jonathan,TARG
7,Judges,10,16,Judges 10:16,3,טַעֲוַת,,,,Jonathan,TARG
7,Judges,10,16,Judges 10:16,4,עַמְמַיָא,,,,Jonathan,TARG
7,Judges,10,16,Judges 10:16,5,מִבֵּינֵיהוֹן,,,,Jonathan,TARG
7,Judges,10,16,Judges 10:16,6,וּפְלָחוּ,,,,Jonathan,TARG
7,Judges,10,16,Judges 10:16,7,קֳדָם,,,,Jonathan,TARG
7,Judges,10,16,Judges 10:16,8,יְיָ,,,,Jonathan,TARG
7,Judges,10,16,Judges 10:16,9,וְעָקַת,,,,Jonathan,TARG
7,Judges,10,16,Judges 10:16,10,נַפְשֵׁיהּ,,,,Jonathan,TARG
7,Judges,10,16,Judges 10:16,11,בַּעֲמַל,,,,Jonathan,TARG
7,Judges,10,16,Judges 10:16,12,יִשְׂרָאֵל:,,,,Jonathan,TARG
7,Judges,10,17,Judges 10:17,1,וְאִתְכְּנִישׁוּ,,,,Jonathan,TARG
7,Judges,10,17,Judges 10:17,2,בְּנֵי,,,,Jonathan,TARG
7,Judges,10,17,Judges 10:17,3,עַמוֹן,,,,Jonathan,TARG
7,Judges,10,17,Judges 10:17,4,וּשְׁרוֹ,,,,Jonathan,TARG
7,Judges,10,17,Judges 10:17,5,בַּגִלְעָד,,,,Jonathan,TARG
7,Judges,10,17,Judges 10:17,6,וְאִתְכְּנִישׁוּ,,,,Jonathan,TARG
7,Judges,10,17,Judges 10:17,7,בְּנֵי,,,,Jonathan,TARG
7,Judges,10,17,Judges 10:17,8,יִשְׂרָאֵל,,,,Jonathan,TARG
7,Judges,10,17,Judges 10:17,9,וּשְׁרוֹ,,,,Jonathan,TARG
7,Judges,10,17,Judges 10:17,10,בְּמִצְפָּה:,,,,Jonathan,TARG
7,Judges,10,18,Judges 10:18,1,וַאֲמַרוּ,,,,Jonathan,TARG
7,Judges,10,18,Judges 10:18,2,עַמָא,,,,Jonathan,TARG
7,Judges,10,18,Judges 10:18,3,רַבְרְבֵי,,,,Jonathan,TARG
7,Judges,10,18,Judges 10:18,4,גִלְעָד,,,,Jonathan,TARG
7,Judges,10,18,Judges 10:18,5,גְבַר,,,,Jonathan,TARG
7,Judges,10,18,Judges 10:18,6,לְחַבְרֵיהּ,,,,Jonathan,TARG
7,Judges,10,18,Judges 10:18,7,מַן,,,,Jonathan,TARG
7,Judges,10,18,Judges 10:18,8,גַבְרָא,,,,Jonathan,TARG
7,Judges,10,18,Judges 10:18,9,דְיִשְׁרֵי,,,,Jonathan,TARG
7,Judges,10,18,Judges 10:18,10,לְאַגָחָא,,,,Jonathan,TARG
7,Judges,10,18,Judges 10:18,11,קְרָבָא,,,,Jonathan,TARG
7,Judges,10,18,Judges 10:18,12,בִּבְנֵי,,,,Jonathan,TARG
7,Judges,10,18,Judges 10:18,13,עַמוֹן,,,,Jonathan,TARG
7,Judges,10,18,Judges 10:18,14,יְהֵי,,,,Jonathan,TARG
7,Judges,10,18,Judges 10:18,15,לְרֵישׁ,,,,Jonathan,TARG
7,Judges,10,18,Judges 10:18,16,לְכֹל,,,,Jonathan,TARG
7,Judges,10,18,Judges 10:18,17,יַתְבֵי,,,,Jonathan,TARG
7,Judges,10,18,Judges 10:18,18,גִלְעָד:,,,,Jonathan,TARG
7,Judges,11,1,Judges 11:1,1,וְיִפְתָּח,,,,Jonathan,TARG
7,Judges,11,1,Judges 11:1,2,גִלְעָדָא,,,,Jonathan,TARG
7,Judges,11,1,Judges 11:1,3,הֲוָה,,,,Jonathan,TARG
7,Judges,11,1,Judges 11:1,4,גִבַּר,,,,Jonathan,TARG
7,Judges,11,1,Judges 11:1,5,חֵילָא,,,,Jonathan,TARG
7,Judges,11,1,Judges 11:1,6,וְהוּא,,,,Jonathan,TARG
7,Judges,11,1,Judges 11:1,7,בַּר,,,,Jonathan,TARG
7,Judges,11,1,Judges 11:1,8,אִתְּתָא,,,,Jonathan,TARG
7,Judges,11,1,Judges 11:1,9,פּוּנְדְקִיתָא,,,,Jonathan,TARG
7,Judges,11,1,Judges 11:1,10,וְאוֹלִיד,,,,Jonathan,TARG
7,Judges,11,1,Judges 11:1,11,גִלְעָד,,,,Jonathan,TARG
7,Judges,11,1,Judges 11:1,12,יַת,,,,Jonathan,TARG
7,Judges,11,1,Judges 11:1,13,יִפְתָּח:,,,,Jonathan,TARG
7,Judges,11,2,Judges 11:2,1,וִילֵידַת,,,,Jonathan,TARG
7,Judges,11,2,Judges 11:2,2,אִתַּת,,,,Jonathan,TARG
7,Judges,11,2,Judges 11:2,3,גִלְעָד,,,,Jonathan,TARG
7,Judges,11,2,Judges 11:2,4,לֵיהּ,,,,Jonathan,TARG
7,Judges,11,2,Judges 11:2,5,בְּנִין,,,,Jonathan,TARG
7,Judges,11,2,Judges 11:2,6,וּרְבִיאוּ,,,,Jonathan,TARG
7,Judges,11,2,Judges 11:2,7,בְנֵי,,,,Jonathan,TARG
7,Judges,11,2,Judges 11:2,8,אִתְּתָא,,,,Jonathan,TARG
7,Judges,11,2,Judges 11:2,9,וְתָרִיכוּ,,,,Jonathan,TARG
7,Judges,11,2,Judges 11:2,10,יַת,,,,Jonathan,TARG
7,Judges,11,2,Judges 11:2,11,יִפְתָּח,,,,Jonathan,TARG
7,Judges,11,2,Judges 11:2,12,וַאֲמַרוּ,,,,Jonathan,TARG
7,Judges,11,2,Judges 11:2,13,לֵיהּ,,,,Jonathan,TARG
7,Judges,11,2,Judges 11:2,14,לָא,,,,Jonathan,TARG
7,Judges,11,2,Judges 11:2,15,תַחְסֵין,,,,Jonathan,TARG
7,Judges,11,2,Judges 11:2,16,בְּבֵית,,,,Jonathan,TARG
7,Judges,11,2,Judges 11:2,17,אֲבוּנָא,,,,Jonathan,TARG
7,Judges,11,2,Judges 11:2,18,אֲרֵי,,,,Jonathan,TARG
7,Judges,11,2,Judges 11:2,19,בַּר,,,,Jonathan,TARG
7,Judges,11,2,Judges 11:2,20,אִתְּתָא,,,,Jonathan,TARG
7,Judges,11,2,Judges 11:2,21,אוֹחֲרִי,,,,Jonathan,TARG
7,Judges,11,2,Judges 11:2,22,אַתְּ:,,,,Jonathan,TARG
7,Judges,11,3,Judges 11:3,1,וַעֲרַק,,,,Jonathan,TARG
7,Judges,11,3,Judges 11:3,2,יִפְתַּח,,,,Jonathan,TARG
7,Judges,11,3,Judges 11:3,3,מִן,,,,Jonathan,TARG
7,Judges,11,3,Judges 11:3,4,קֳדָם,,,,Jonathan,TARG
7,Judges,11,3,Judges 11:3,5,אֲחוֹהִי,,,,Jonathan,TARG
7,Judges,11,3,Judges 11:3,6,וִיתֵיב,,,,Jonathan,TARG
7,Judges,11,3,Judges 11:3,7,בְּאַרְעָא,,,,Jonathan,TARG
7,Judges,11,3,Judges 11:3,8,טָבָא,,,,Jonathan,TARG
7,Judges,11,3,Judges 11:3,9,וְאִתְכְּנִישׁוּ,,,,Jonathan,TARG
7,Judges,11,3,Judges 11:3,10,לְוַת,,,,Jonathan,TARG
7,Judges,11,3,Judges 11:3,11,יִפְתַּח,,,,Jonathan,TARG
7,Judges,11,3,Judges 11:3,12,גַבְרִין,,,,Jonathan,TARG
7,Judges,11,3,Judges 11:3,13,סְרִיקִין,,,,Jonathan,TARG
7,Judges,11,3,Judges 11:3,14,וּנְפָקוּ,,,,Jonathan,TARG
7,Judges,11,3,Judges 11:3,15,עִמֵיהּ:,,,,Jonathan,TARG
7,Judges,11,4,Judges 11:4,1,וַהֲוָה,,,,Jonathan,TARG
7,Judges,11,4,Judges 11:4,2,מִזְמַן,,,,Jonathan,TARG
7,Judges,11,4,Judges 11:4,3,יוֹמִין,,,,Jonathan,TARG
7,Judges,11,4,Judges 11:4,4,וְאַגִיחוּ,,,,Jonathan,TARG
7,Judges,11,4,Judges 11:4,5,קְרָבָא,,,,Jonathan,TARG
7,Judges,11,4,Judges 11:4,6,בְּנֵי,,,,Jonathan,TARG
7,Judges,11,4,Judges 11:4,7,עַמוֹן,,,,Jonathan,TARG
7,Judges,11,4,Judges 11:4,8,עִם,,,,Jonathan,TARG
7,Judges,11,4,Judges 11:4,9,יִשְׂרָאֵל:,,,,Jonathan,TARG
7,Judges,11,5,Judges 11:5,1,וַהֲוָה,,,,Jonathan,TARG
7,Judges,11,5,Judges 11:5,2,כַּד,,,,Jonathan,TARG
7,Judges,11,5,Judges 11:5,3,אַגִיחוּ,,,,Jonathan,TARG
7,Judges,11,5,Judges 11:5,4,קְרָבָא,,,,Jonathan,TARG
7,Judges,11,5,Judges 11:5,5,בְּנֵי,,,,Jonathan,TARG
7,Judges,11,5,Judges 11:5,6,עַמוֹן,,,,Jonathan,TARG
7,Judges,11,5,Judges 11:5,7,עִם,,,,Jonathan,TARG
7,Judges,11,5,Judges 11:5,8,יִשְׂרָאֵל,,,,Jonathan,TARG
7,Judges,11,5,Judges 11:5,9,וַאֲזַלוּ,,,,Jonathan,TARG
7,Judges,11,5,Judges 11:5,10,סָבֵי,,,,Jonathan,TARG
7,Judges,11,5,Judges 11:5,11,גִלְעָד,,,,Jonathan,TARG
7,Judges,11,5,Judges 11:5,12,לְמִדְבַּר,,,,Jonathan,TARG
7,Judges,11,5,Judges 11:5,13,יַת,,,,Jonathan,TARG
7,Judges,11,5,Judges 11:5,14,יִפְתַּח,,,,Jonathan,TARG
7,Judges,11,5,Judges 11:5,15,מֵאֲרַע,,,,Jonathan,TARG
7,Judges,11,5,Judges 11:5,16,טָב:,,,,Jonathan,TARG
7,Judges,11,6,Judges 11:6,1,וַאֲמַרוּ,,,,Jonathan,TARG
7,Judges,11,6,Judges 11:6,2,לְיִפְתַּח,,,,Jonathan,TARG
7,Judges,11,6,Judges 11:6,3,אִיתָא,,,,Jonathan,TARG
7,Judges,11,6,Judges 11:6,4,וּתְהֵי,,,,Jonathan,TARG
7,Judges,11,6,Judges 11:6,5,לָנָא,,,,Jonathan,TARG
7,Judges,11,6,Judges 11:6,6,לְרַבָּא,,,,Jonathan,TARG
7,Judges,11,6,Judges 11:6,7,וּנְגִיחַ,,,,Jonathan,TARG
7,Judges,11,6,Judges 11:6,8,קְרָבָא,,,,Jonathan,TARG
7,Judges,11,6,Judges 11:6,9,בִּבְנֵי,,,,Jonathan,TARG
7,Judges,11,6,Judges 11:6,10,עַמוֹן:,,,,Jonathan,TARG
7,Judges,11,7,Judges 11:7,1,וַאֲמַר,,,,Jonathan,TARG
7,Judges,11,7,Judges 11:7,2,יִפְתָּח,,,,Jonathan,TARG
7,Judges,11,7,Judges 11:7,3,לְסָבֵי,,,,Jonathan,TARG
7,Judges,11,7,Judges 11:7,4,גִלְעָד,,,,Jonathan,TARG
7,Judges,11,7,Judges 11:7,5,הֲלָא,,,,Jonathan,TARG
7,Judges,11,7,Judges 11:7,6,אַתּוּן,,,,Jonathan,TARG
7,Judges,11,7,Judges 11:7,7,סְנֵיתוּן,,,,Jonathan,TARG
7,Judges,11,7,Judges 11:7,8,יָתִי,,,,Jonathan,TARG
7,Judges,11,7,Judges 11:7,9,וְתָרִיכְתּוּנִי,,,,Jonathan,TARG
7,Judges,11,7,Judges 11:7,10,מִבֵּית,,,,Jonathan,TARG
7,Judges,11,7,Judges 11:7,11,אַבָּא,,,,Jonathan,TARG
7,Judges,11,7,Judges 11:7,12,וּמָא,,,,Jonathan,TARG
7,Judges,11,7,Judges 11:7,13,דֵין,,,,Jonathan,TARG
7,Judges,11,7,Judges 11:7,14,אֲתֵיתוּן,,,,Jonathan,TARG
7,Judges,11,7,Judges 11:7,15,לְוָתִי,,,,Jonathan,TARG
7,Judges,11,7,Judges 11:7,16,כְּעַן,,,,Jonathan,TARG
7,Judges,11,7,Judges 11:7,17,כַּד,,,,Jonathan,TARG
7,Judges,11,7,Judges 11:7,18,עָקַת,,,,Jonathan,TARG
7,Judges,11,7,Judges 11:7,19,לְכוֹן:,,,,Jonathan,TARG
7,Judges,11,8,Judges 11:8,1,וַאֲמַרוּ,,,,Jonathan,TARG
7,Judges,11,8,Judges 11:8,2,סָבֵי,,,,Jonathan,TARG
7,Judges,11,8,Judges 11:8,3,גִלְעָד,,,,Jonathan,TARG
7,Judges,11,8,Judges 11:8,4,לְיִפְתָּח,,,,Jonathan,TARG
7,Judges,11,8,Judges 11:8,5,בְּכֵן,,,,Jonathan,TARG
7,Judges,11,8,Judges 11:8,6,כְּעַן,,,,Jonathan,TARG
7,Judges,11,8,Judges 11:8,7,תַּבְנָא,,,,Jonathan,TARG
7,Judges,11,8,Judges 11:8,8,לְוָתָךְ,,,,Jonathan,TARG
7,Judges,11,8,Judges 11:8,9,וּתְהַךְ,,,,Jonathan,TARG
7,Judges,11,8,Judges 11:8,10,עִמָנָא,,,,Jonathan,TARG
7,Judges,11,8,Judges 11:8,11,וְתַגִיחַ,,,,Jonathan,TARG
7,Judges,11,8,Judges 11:8,12,קְרָבָא,,,,Jonathan,TARG
7,Judges,11,8,Judges 11:8,13,בִּבְנֵי,,,,Jonathan,TARG
7,Judges,11,8,Judges 11:8,14,עַמוֹן,,,,Jonathan,TARG
7,Judges,11,8,Judges 11:8,15,וּתְהֵי,,,,Jonathan,TARG
7,Judges,11,8,Judges 11:8,16,לָנָא,,,,Jonathan,TARG
7,Judges,11,8,Judges 11:8,17,לְרֵישׁ,,,,Jonathan,TARG
7,Judges,11,8,Judges 11:8,18,לְכֹל,,,,Jonathan,TARG
7,Judges,11,8,Judges 11:8,19,יַתְבֵי,,,,Jonathan,TARG
7,Judges,11,8,Judges 11:8,20,גִלְעָד:,,,,Jonathan,TARG
7,Judges,11,9,Judges 11:9,1,וַאֲמַר,,,,Jonathan,TARG
7,Judges,11,9,Judges 11:9,2,יִפְתָּח,,,,Jonathan,TARG
7,Judges,11,9,Judges 11:9,3,לְסָבֵי,,,,Jonathan,TARG
7,Judges,11,9,Judges 11:9,4,גִלְעָד,,,,Jonathan,TARG
7,Judges,11,9,Judges 11:9,5,אִם,,,,Jonathan,TARG
7,Judges,11,9,Judges 11:9,6,מְתִיבִין,,,,Jonathan,TARG
7,Judges,11,9,Judges 11:9,7,אַתּוּן,,,,Jonathan,TARG
7,Judges,11,9,Judges 11:9,8,יָתִי,,,,Jonathan,TARG
7,Judges,11,9,Judges 11:9,9,לְאַגָחָא,,,,Jonathan,TARG
7,Judges,11,9,Judges 11:9,10,קְרָבָא,,,,Jonathan,TARG
7,Judges,11,9,Judges 11:9,11,בִּבְנֵי,,,,Jonathan,TARG
7,Judges,11,9,Judges 11:9,12,עַמוֹן,,,,Jonathan,TARG
7,Judges,11,9,Judges 11:9,13,וְיִמְסַר,,,,Jonathan,TARG
7,Judges,11,9,Judges 11:9,14,יְיָ,,,,Jonathan,TARG
7,Judges,11,9,Judges 11:9,15,יַתְהוֹן,,,,Jonathan,TARG
7,Judges,11,9,Judges 11:9,16,קֳדָמַי,,,,Jonathan,TARG
7,Judges,11,9,Judges 11:9,17,אֲנָא,,,,Jonathan,TARG
7,Judges,11,9,Judges 11:9,18,אֱהֶוֵי,,,,Jonathan,TARG
7,Judges,11,9,Judges 11:9,19,לְכוֹן,,,,Jonathan,TARG
7,Judges,11,9,Judges 11:9,20,לְרֵישׁ:,,,,Jonathan,TARG
7,Judges,11,10,Judges 11:10,1,וַאֲמַרוּ,,,,Jonathan,TARG
7,Judges,11,10,Judges 11:10,2,סָבֵי,,,,Jonathan,TARG
7,Judges,11,10,Judges 11:10,3,גִלְעָד,,,,Jonathan,TARG
7,Judges,11,10,Judges 11:10,4,לְיִפְתָּח,,,,Jonathan,TARG
7,Judges,11,10,Judges 11:10,5,מֵימְרָא,,,,Jonathan,TARG
7,Judges,11,10,Judges 11:10,6,דַייָ,,,,Jonathan,TARG
7,Judges,11,10,Judges 11:10,7,יְהֵי,,,,Jonathan,TARG
7,Judges,11,10,Judges 11:10,8,סָהִיד,,,,Jonathan,TARG
7,Judges,11,10,Judges 11:10,9,בֵּינָנָא,,,,Jonathan,TARG
7,Judges,11,10,Judges 11:10,10,אִם,,,,Jonathan,TARG
7,Judges,11,10,Judges 11:10,11,לָא,,,,Jonathan,TARG
7,Judges,11,10,Judges 11:10,12,כְּפִתְגָמָךְ,,,,Jonathan,TARG
7,Judges,11,10,Judges 11:10,13,כֵּן,,,,Jonathan,TARG
7,Judges,11,10,Judges 11:10,14,נַעְבֵּד:,,,,Jonathan,TARG
7,Judges,11,11,Judges 11:11,1,וַאֲזַל,,,,Jonathan,TARG
7,Judges,11,11,Judges 11:11,2,יִפְתָּח,,,,Jonathan,TARG
7,Judges,11,11,Judges 11:11,3,עִם,,,,Jonathan,TARG
7,Judges,11,11,Judges 11:11,4,סָבֵי,,,,Jonathan,TARG
7,Judges,11,11,Judges 11:11,5,גִלְעָד,,,,Jonathan,TARG
7,Judges,11,11,Judges 11:11,6,וּמַנִיאוּ,,,,Jonathan,TARG
7,Judges,11,11,Judges 11:11,7,עַמָא,,,,Jonathan,TARG
7,Judges,11,11,Judges 11:11,8,יָתֵיהּ,,,,Jonathan,TARG
7,Judges,11,11,Judges 11:11,9,עֲלֵיהוֹן,,,,Jonathan,TARG
7,Judges,11,11,Judges 11:11,10,לְרֵישׁ,,,,Jonathan,TARG
7,Judges,11,11,Judges 11:11,11,וּלְרַבָּא,,,,Jonathan,TARG
7,Judges,11,11,Judges 11:11,12,וּסְדַר,,,,Jonathan,TARG
7,Judges,11,11,Judges 11:11,13,יִפְתָּח,,,,Jonathan,TARG
7,Judges,11,11,Judges 11:11,14,יַת,,,,Jonathan,TARG
7,Judges,11,11,Judges 11:11,15,כָּל,,,,Jonathan,TARG
7,Judges,11,11,Judges 11:11,16,פִּתְגָמוֹהִי,,,,Jonathan,TARG
7,Judges,11,11,Judges 11:11,17,קֳדָם,,,,Jonathan,TARG
7,Judges,11,11,Judges 11:11,18,יְיָ,,,,Jonathan,TARG
7,Judges,11,11,Judges 11:11,19,בְּמִצְפַּיָא:,,,,Jonathan,TARG
7,Judges,11,12,Judges 11:12,1,וּשְׁלַח,,,,Jonathan,TARG
7,Judges,11,12,Judges 11:12,2,יִפְתָּח,,,,Jonathan,TARG
7,Judges,11,12,Judges 11:12,3,אִזְגַדִין,,,,Jonathan,TARG
7,Judges,11,12,Judges 11:12,4,לְוַת,,,,Jonathan,TARG
7,Judges,11,12,Judges 11:12,5,מַלְכָּא,,,,Jonathan,TARG
7,Judges,11,12,Judges 11:12,6,דִבְנֵי,,,,Jonathan,TARG
7,Judges,11,12,Judges 11:12,7,עַמוֹן,,,,Jonathan,TARG
7,Judges,11,12,Judges 11:12,8,לְמֵימָר,,,,Jonathan,TARG
7,Judges,11,12,Judges 11:12,9,מַה,,,,Jonathan,TARG
7,Judges,11,12,Judges 11:12,10,לִי,,,,Jonathan,TARG
7,Judges,11,12,Judges 11:12,11,וְלָךְ,,,,Jonathan,TARG
7,Judges,11,12,Judges 11:12,12,אֲרֵי,,,,Jonathan,TARG
7,Judges,11,12,Judges 11:12,13,אֲתֵיתָא,,,,Jonathan,TARG
7,Judges,11,12,Judges 11:12,14,לְוָתִי,,,,Jonathan,TARG
7,Judges,11,12,Judges 11:12,15,לְאַגָחָא,,,,Jonathan,TARG
7,Judges,11,12,Judges 11:12,16,קְרָבָא,,,,Jonathan,TARG
7,Judges,11,12,Judges 11:12,17,בְּאַרְעִי:,,,,Jonathan,TARG
7,Judges,11,13,Judges 11:13,1,וַאֲמַר,,,,Jonathan,TARG
7,Judges,11,13,Judges 11:13,2,מַלְכָּא,,,,Jonathan,TARG
7,Judges,11,13,Judges 11:13,3,דִבְנֵי,,,,Jonathan,TARG
7,Judges,11,13,Judges 11:13,4,עַמוֹן,,,,Jonathan,TARG
7,Judges,11,13,Judges 11:13,5,לְאִזְגַדֵי,,,,Jonathan,TARG
7,Judges,11,13,Judges 11:13,6,יִפְתָּח,,,,Jonathan,TARG
7,Judges,11,13,Judges 11:13,7,אֲרֵי,,,,Jonathan,TARG
7,Judges,11,13,Judges 11:13,8,נְסִיב,,,,Jonathan,TARG
7,Judges,11,13,Judges 11:13,9,יִשְׂרָאֵל,,,,Jonathan,TARG
7,Judges,11,13,Judges 11:13,10,יַת,,,,Jonathan,TARG
7,Judges,11,13,Judges 11:13,11,אַרְעִי,,,,Jonathan,TARG
7,Judges,11,13,Judges 11:13,12,בְּמִסְקֵיהּ,,,,Jonathan,TARG
7,Judges,11,13,Judges 11:13,13,מִמִצְרַיִם,,,,Jonathan,TARG
7,Judges,11,13,Judges 11:13,14,מֵאַרְנוֹנָא,,,,Jonathan,TARG
7,Judges,11,13,Judges 11:13,15,וְעַד,,,,Jonathan,TARG
7,Judges,11,13,Judges 11:13,16,יוּבְקָא,,,,Jonathan,TARG
7,Judges,11,13,Judges 11:13,17,וְעַד,,,,Jonathan,TARG
7,Judges,11,13,Judges 11:13,18,יַרְדְנָא,,,,Jonathan,TARG
7,Judges,11,13,Judges 11:13,19,וּכְעַן,,,,Jonathan,TARG
7,Judges,11,13,Judges 11:13,20,אֲתֵיב,,,,Jonathan,TARG
7,Judges,11,13,Judges 11:13,21,יַתְהֶן,,,,Jonathan,TARG
7,Judges,11,13,Judges 11:13,22,בִּשְׁלָם:,,,,Jonathan,TARG
7,Judges,11,14,Judges 11:14,1,וְאוֹסִיף,,,,Jonathan,TARG
7,Judges,11,14,Judges 11:14,2,עוֹד,,,,Jonathan,TARG
7,Judges,11,14,Judges 11:14,3,יִפְתָּח,,,,Jonathan,TARG
7,Judges,11,14,Judges 11:14,4,וּשְׁלַח,,,,Jonathan,TARG
7,Judges,11,14,Judges 11:14,5,אִזְגַדִין,,,,Jonathan,TARG
7,Judges,11,14,Judges 11:14,6,לְוַת,,,,Jonathan,TARG
7,Judges,11,14,Judges 11:14,7,מַלְכָא,,,,Jonathan,TARG
7,Judges,11,14,Judges 11:14,8,דִבְנֵי,,,,Jonathan,TARG
7,Judges,11,14,Judges 11:14,9,עַמוֹן:,,,,Jonathan,TARG
7,Judges,11,15,Judges 11:15,1,וַאֲמַר,,,,Jonathan,TARG
7,Judges,11,15,Judges 11:15,2,לֵיהּ,,,,Jonathan,TARG
7,Judges,11,15,Judges 11:15,3,כִּדְנַן,,,,Jonathan,TARG
7,Judges,11,15,Judges 11:15,4,אֲמַר,,,,Jonathan,TARG
7,Judges,11,15,Judges 11:15,5,יִפְתָּח,,,,Jonathan,TARG
7,Judges,11,15,Judges 11:15,6,לָא,,,,Jonathan,TARG
7,Judges,11,15,Judges 11:15,7,נִסִיב,,,,Jonathan,TARG
7,Judges,11,15,Judges 11:15,8,יִשְׂרָאֵל,,,,Jonathan,TARG
7,Judges,11,15,Judges 11:15,9,יַת,,,,Jonathan,TARG
7,Judges,11,15,Judges 11:15,10,אַרְעָא,,,,Jonathan,TARG
7,Judges,11,15,Judges 11:15,11,דְמוֹאָב,,,,Jonathan,TARG
7,Judges,11,15,Judges 11:15,12,וְיַת,,,,Jonathan,TARG
7,Judges,11,15,Judges 11:15,13,אַרְעָא,,,,Jonathan,TARG
7,Judges,11,15,Judges 11:15,14,בְּנֵי,,,,Jonathan,TARG
7,Judges,11,15,Judges 11:15,15,עַמוֹן:,,,,Jonathan,TARG
7,Judges,11,16,Judges 11:16,1,אֲרֵי,,,,Jonathan,TARG
7,Judges,11,16,Judges 11:16,2,בְּמִסַקְהוֹן,,,,Jonathan,TARG
7,Judges,11,16,Judges 11:16,3,מִמִצְרָיִם,,,,Jonathan,TARG
7,Judges,11,16,Judges 11:16,4,וַאֲזַל,,,,Jonathan,TARG
7,Judges,11,16,Judges 11:16,5,יִשְׂרָאֵל,,,,Jonathan,TARG
7,Judges,11,16,Judges 11:16,6,בְּמַדְבְּרָא,,,,Jonathan,TARG
7,Judges,11,16,Judges 11:16,7,עַד,,,,Jonathan,TARG
7,Judges,11,16,Judges 11:16,8,יַמָא,,,,Jonathan,TARG
7,Judges,11,16,Judges 11:16,9,דְסוּף,,,,Jonathan,TARG
7,Judges,11,16,Judges 11:16,10,וַאֲתָא,,,,Jonathan,TARG
7,Judges,11,16,Judges 11:16,11,לִרְקָם:,,,,Jonathan,TARG
7,Judges,11,17,Judges 11:17,1,וּשְׁלַח,,,,Jonathan,TARG
7,Judges,11,17,Judges 11:17,2,יִשְׂרָאֵל,,,,Jonathan,TARG
7,Judges,11,17,Judges 11:17,3,אִזְגַדִין,,,,Jonathan,TARG
7,Judges,11,17,Judges 11:17,4,לְוַת,,,,Jonathan,TARG
7,Judges,11,17,Judges 11:17,5,מַלְכָּא,,,,Jonathan,TARG
7,Judges,11,17,Judges 11:17,6,דֶאֱדוֹם,,,,Jonathan,TARG
7,Judges,11,17,Judges 11:17,7,לְמֵימָר,,,,Jonathan,TARG
7,Judges,11,17,Judges 11:17,8,אֶעְבָּר,,,,Jonathan,TARG
7,Judges,11,17,Judges 11:17,9,כְּעַן,,,,Jonathan,TARG
7,Judges,11,17,Judges 11:17,10,בְּאַרְעָךְ,,,,Jonathan,TARG
7,Judges,11,17,Judges 11:17,11,וְלָא,,,,Jonathan,TARG
7,Judges,11,17,Judges 11:17,12,שְׁמַע,,,,Jonathan,TARG
7,Judges,11,17,Judges 11:17,13,מַלְכָּא,,,,Jonathan,TARG
7,Judges,11,17,Judges 11:17,14,דְאֱדוֹם,,,,Jonathan,TARG
7,Judges,11,17,Judges 11:17,15,וְאַף,,,,Jonathan,TARG
7,Judges,11,17,Judges 11:17,16,לְוַת,,,,Jonathan,TARG
7,Judges,11,17,Judges 11:17,17,מַלְכָּא,,,,Jonathan,TARG
7,Judges,11,17,Judges 11:17,18,דְמוֹאָב,,,,Jonathan,TARG
7,Judges,11,17,Judges 11:17,19,שְׁלַח,,,,Jonathan,TARG
7,Judges,11,17,Judges 11:17,20,וְלָא,,,,Jonathan,TARG
7,Judges,11,17,Judges 11:17,21,קַבֵּל,,,,Jonathan,TARG
7,Judges,11,17,Judges 11:17,22,וִיתֵיב,,,,Jonathan,TARG
7,Judges,11,17,Judges 11:17,23,יִשְׂרָאֵל,,,,Jonathan,TARG
7,Judges,11,17,Judges 11:17,24,בִּרְקָם:,,,,Jonathan,TARG
7,Judges,11,18,Judges 11:18,1,וַאֲזַל,,,,Jonathan,TARG
7,Judges,11,18,Judges 11:18,2,בְּמַדְבְּרָא,,,,Jonathan,TARG
7,Judges,11,18,Judges 11:18,3,וְאַקֵיף,,,,Jonathan,TARG
7,Judges,11,18,Judges 11:18,4,יַת,,,,Jonathan,TARG
7,Judges,11,18,Judges 11:18,5,אֲרַע,,,,Jonathan,TARG
7,Judges,11,18,Judges 11:18,6,אֱדוֹם,,,,Jonathan,TARG
7,Judges,11,18,Judges 11:18,7,וְיַת,,,,Jonathan,TARG
7,Judges,11,18,Judges 11:18,8,אֲרַע,,,,Jonathan,TARG
7,Judges,11,18,Judges 11:18,9,מוֹאָב,,,,Jonathan,TARG
7,Judges,11,18,Judges 11:18,10,וַאֲתוֹ,,,,Jonathan,TARG
7,Judges,11,18,Judges 11:18,11,מִמַדְנַח,,,,Jonathan,TARG
7,Judges,11,18,Judges 11:18,12,שִׁמְשָׁא,,,,Jonathan,TARG
7,Judges,11,18,Judges 11:18,13,לְאַרְעָא,,,,Jonathan,TARG
7,Judges,11,18,Judges 11:18,14,דְמוֹאָב,,,,Jonathan,TARG
7,Judges,11,18,Judges 11:18,15,וּשְׁרוֹ,,,,Jonathan,TARG
7,Judges,11,18,Judges 11:18,16,בְּעִיבְרָא,,,,Jonathan,TARG
7,Judges,11,18,Judges 11:18,17,דְאַרְנוֹן,,,,Jonathan,TARG
7,Judges,11,18,Judges 11:18,18,וְלָא,,,,Jonathan,TARG
7,Judges,11,18,Judges 11:18,19,עָלוּ,,,,Jonathan,TARG
7,Judges,11,18,Judges 11:18,20,בִּתְחוּם,,,,Jonathan,TARG
7,Judges,11,18,Judges 11:18,21,מוֹאָב,,,,Jonathan,TARG
7,Judges,11,18,Judges 11:18,22,אֲרֵי,,,,Jonathan,TARG
7,Judges,11,18,Judges 11:18,23,אַרְנוֹן,,,,Jonathan,TARG
7,Judges,11,18,Judges 11:18,24,תְּחוּם,,,,Jonathan,TARG
7,Judges,11,18,Judges 11:18,25,מוֹאָב:,,,,Jonathan,TARG
7,Judges,11,19,Judges 11:19,1,וּשְׁלַח,,,,Jonathan,TARG
7,Judges,11,19,Judges 11:19,2,יִשְׂרָאֵל,,,,Jonathan,TARG
7,Judges,11,19,Judges 11:19,3,אִזְגַדִין,,,,Jonathan,TARG
7,Judges,11,19,Judges 11:19,4,לְוַת,,,,Jonathan,TARG
7,Judges,11,19,Judges 11:19,5,סִיחוֹן,,,,Jonathan,TARG
7,Judges,11,19,Judges 11:19,6,מַלְכָּא,,,,Jonathan,TARG
7,Judges,11,19,Judges 11:19,7,דֶאֱמוֹרָאָה,,,,Jonathan,TARG
7,Judges,11,19,Judges 11:19,8,מַלְכָּא,,,,Jonathan,TARG
7,Judges,11,19,Judges 11:19,9,דְחֶשְׁבּוֹן,,,,Jonathan,TARG
7,Judges,11,19,Judges 11:19,10,וַאֲמַר,,,,Jonathan,TARG
7,Judges,11,19,Judges 11:19,11,לֵיהּ,,,,Jonathan,TARG
7,Judges,11,19,Judges 11:19,12,יִשְׂרָאֵל,,,,Jonathan,TARG
7,Judges,11,19,Judges 11:19,13,נֶעְבַּר,,,,Jonathan,TARG
7,Judges,11,19,Judges 11:19,14,כְּעַן,,,,Jonathan,TARG
7,Judges,11,19,Judges 11:19,15,בְּאַרְעָךְ,,,,Jonathan,TARG
7,Judges,11,19,Judges 11:19,16,עַד,,,,Jonathan,TARG
7,Judges,11,19,Judges 11:19,17,אַתְרִי:,,,,Jonathan,TARG
7,Judges,11,20,Judges 11:20,1,וְלָא,,,,Jonathan,TARG
7,Judges,11,20,Judges 11:20,2,הֵימִין,,,,Jonathan,TARG
7,Judges,11,20,Judges 11:20,3,סִיחוֹן,,,,Jonathan,TARG
7,Judges,11,20,Judges 11:20,4,יַת,,,,Jonathan,TARG
7,Judges,11,20,Judges 11:20,5,יִשְׂרָאֵל,,,,Jonathan,TARG
7,Judges,11,20,Judges 11:20,6,לְמֶעְבַּר,,,,Jonathan,TARG
7,Judges,11,20,Judges 11:20,7,בִּתְחוּמֵיהּ,,,,Jonathan,TARG
7,Judges,11,20,Judges 11:20,8,וּכְנַשׁ,,,,Jonathan,TARG
7,Judges,11,20,Judges 11:20,9,סִיחוֹן,,,,Jonathan,TARG
7,Judges,11,20,Judges 11:20,10,יַת,,,,Jonathan,TARG
7,Judges,11,20,Judges 11:20,11,כָּל,,,,Jonathan,TARG
7,Judges,11,20,Judges 11:20,12,עַמֵיהּ,,,,Jonathan,TARG
7,Judges,11,20,Judges 11:20,13,וּשְׁרוֹ,,,,Jonathan,TARG
7,Judges,11,20,Judges 11:20,14,בְּיָהְצָה,,,,Jonathan,TARG
7,Judges,11,20,Judges 11:20,15,וְאַגִיחַ,,,,Jonathan,TARG
7,Judges,11,20,Judges 11:20,16,קְרָבָא,,,,Jonathan,TARG
7,Judges,11,20,Judges 11:20,17,עִם,,,,Jonathan,TARG
7,Judges,11,20,Judges 11:20,18,יִשְׂרָאֵל:,,,,Jonathan,TARG
7,Judges,11,21,Judges 11:21,1,וּמְסַר,,,,Jonathan,TARG
7,Judges,11,21,Judges 11:21,2,יְיָ,,,,Jonathan,TARG
7,Judges,11,21,Judges 11:21,3,אֱלָהָא,,,,Jonathan,TARG
7,Judges,11,21,Judges 11:21,4,דְיִשְׂרָאֵל,,,,Jonathan,TARG
7,Judges,11,21,Judges 11:21,5,יַת,,,,Jonathan,TARG
7,Judges,11,21,Judges 11:21,6,סִיחוֹן,,,,Jonathan,TARG
7,Judges,11,21,Judges 11:21,7,וְיַת,,,,Jonathan,TARG
7,Judges,11,21,Judges 11:21,8,כָּל,,,,Jonathan,TARG
7,Judges,11,21,Judges 11:21,9,עַמֵיהּ,,,,Jonathan,TARG
7,Judges,11,21,Judges 11:21,10,בִּידָא,,,,Jonathan,TARG
7,Judges,11,21,Judges 11:21,11,דְיִשְׂרָאֵל,,,,Jonathan,TARG
7,Judges,11,21,Judges 11:21,12,וּמְחוֹנוּן,,,,Jonathan,TARG
7,Judges,11,21,Judges 11:21,13,וִירֵית,,,,Jonathan,TARG
7,Judges,11,21,Judges 11:21,14,יִשְׂרָאֵל,,,,Jonathan,TARG
7,Judges,11,21,Judges 11:21,15,יַת,,,,Jonathan,TARG
7,Judges,11,21,Judges 11:21,16,כָּל,,,,Jonathan,TARG
7,Judges,11,21,Judges 11:21,17,אֲרַע,,,,Jonathan,TARG
7,Judges,11,21,Judges 11:21,18,אֱמוֹרָאָה,,,,Jonathan,TARG
7,Judges,11,21,Judges 11:21,19,יָתֵיב,,,,Jonathan,TARG
7,Judges,11,21,Judges 11:21,20,אַרְעָא,,,,Jonathan,TARG
7,Judges,11,21,Judges 11:21,21,הַהִיא:,,,,Jonathan,TARG
7,Judges,11,22,Judges 11:22,1,וִירִיתוּ,,,,Jonathan,TARG
7,Judges,11,22,Judges 11:22,2,יַת,,,,Jonathan,TARG
7,Judges,11,22,Judges 11:22,3,כָּל,,,,Jonathan,TARG
7,Judges,11,22,Judges 11:22,4,תְּחוּם,,,,Jonathan,TARG
7,Judges,11,22,Judges 11:22,5,אֱמוֹרָאָה,,,,Jonathan,TARG
7,Judges,11,22,Judges 11:22,6,מֵאַרְנוֹנָא,,,,Jonathan,TARG
7,Judges,11,22,Judges 11:22,7,וְעַד,,,,Jonathan,TARG
7,Judges,11,22,Judges 11:22,8,יוּבְקָא,,,,Jonathan,TARG
7,Judges,11,22,Judges 11:22,9,וּמִן,,,,Jonathan,TARG
7,Judges,11,22,Judges 11:22,10,מַדְבְּרָא,,,,Jonathan,TARG
7,Judges,11,22,Judges 11:22,11,וְעַד,,,,Jonathan,TARG
7,Judges,11,22,Judges 11:22,12,יַרְדְנָא:,,,,Jonathan,TARG
7,Judges,11,23,Judges 11:23,1,וּכְעַן,,,,Jonathan,TARG
7,Judges,11,23,Judges 11:23,2,יְיָ,,,,Jonathan,TARG
7,Judges,11,23,Judges 11:23,3,אֱלָהָא,,,,Jonathan,TARG
7,Judges,11,23,Judges 11:23,4,דְיִשְׂרָאֵל,,,,Jonathan,TARG
7,Judges,11,23,Judges 11:23,5,תָּרִיךְ,,,,Jonathan,TARG
7,Judges,11,23,Judges 11:23,6,יַת,,,,Jonathan,TARG
7,Judges,11,23,Judges 11:23,7,אֱמוֹרָאָה,,,,Jonathan,TARG
7,Judges,11,23,Judges 11:23,8,מִן,,,,Jonathan,TARG
7,Judges,11,23,Judges 11:23,9,קֳדָם,,,,Jonathan,TARG
7,Judges,11,23,Judges 11:23,10,עַמֵיהּ,,,,Jonathan,TARG
7,Judges,11,23,Judges 11:23,11,יִשְׂרָאֵל,,,,Jonathan,TARG
7,Judges,11,23,Judges 11:23,12,וְאַתְּ,,,,Jonathan,TARG
7,Judges,11,23,Judges 11:23,13,מְדַמֵי,,,,Jonathan,TARG
7,Judges,11,23,Judges 11:23,14,לְמֵירְתֵיהּ:,,,,Jonathan,TARG
7,Judges,11,24,Judges 11:24,1,הֲלָא,,,,Jonathan,TARG
7,Judges,11,24,Judges 11:24,2,יַת,,,,Jonathan,TARG
7,Judges,11,24,Judges 11:24,3,דְיַחְסְנִנָךְ,,,,Jonathan,TARG
7,Judges,11,24,Judges 11:24,4,כְּמוֹשׁ,,,,Jonathan,TARG
7,Judges,11,24,Judges 11:24,5,טַעֲוָתָךְ,,,,Jonathan,TARG
7,Judges,11,24,Judges 11:24,6,יָתֵיהּ,,,,Jonathan,TARG
7,Judges,11,24,Judges 11:24,7,תַּחְסִין,,,,Jonathan,TARG
7,Judges,11,24,Judges 11:24,8,וְיַת,,,,Jonathan,TARG
7,Judges,11,24,Judges 11:24,9,כָּל,,,,Jonathan,TARG
7,Judges,11,24,Judges 11:24,10,דְתָרֵיךְ,,,,Jonathan,TARG
7,Judges,11,24,Judges 11:24,11,יְיָ,,,,Jonathan,TARG
7,Judges,11,24,Judges 11:24,12,אֱלָהָנָא,,,,Jonathan,TARG
7,Judges,11,24,Judges 11:24,13,מִן,,,,Jonathan,TARG
7,Judges,11,24,Judges 11:24,14,קֳדָמָנָא,,,,Jonathan,TARG
7,Judges,11,24,Judges 11:24,15,יָתֵיהּ,,,,Jonathan,TARG
7,Judges,11,24,Judges 11:24,16,נִירָת:,,,,Jonathan,TARG
7,Judges,11,25,Judges 11:25,1,וּכְעַן,,,,Jonathan,TARG
7,Judges,11,25,Judges 11:25,2,הֲטַב,,,,Jonathan,TARG
7,Judges,11,25,Judges 11:25,3,טַב,,,,Jonathan,TARG
7,Judges,11,25,Judges 11:25,4,אַתְּ,,,,Jonathan,TARG
7,Judges,11,25,Judges 11:25,5,מִבָּלָק,,,,Jonathan,TARG
7,Judges,11,25,Judges 11:25,6,בַּר,,,,Jonathan,TARG
7,Judges,11,25,Judges 11:25,7,צִפּוֹר,,,,Jonathan,TARG
7,Judges,11,25,Judges 11:25,8,מַלְכָּא,,,,Jonathan,TARG
7,Judges,11,25,Judges 11:25,9,דְמוֹאָב,,,,Jonathan,TARG
7,Judges,11,25,Judges 11:25,10,הֲמֵידַן,,,,Jonathan,TARG
7,Judges,11,25,Judges 11:25,11,דַן,,,,Jonathan,TARG
7,Judges,11,25,Judges 11:25,12,עִם,,,,Jonathan,TARG
7,Judges,11,25,Judges 11:25,13,יִשְׂרָאֵל,,,,Jonathan,TARG
7,Judges,11,25,Judges 11:25,14,אִם,,,,Jonathan,TARG
7,Judges,11,25,Judges 11:25,15,קְרָבָא,,,,Jonathan,TARG
7,Judges,11,25,Judges 11:25,16,אַגִיחַ,,,,Jonathan,TARG
7,Judges,11,25,Judges 11:25,17,בְּהוֹן:,,,,Jonathan,TARG
7,Judges,11,26,Judges 11:26,1,כַּד,,,,Jonathan,TARG
7,Judges,11,26,Judges 11:26,2,יָתֵיב,,,,Jonathan,TARG
7,Judges,11,26,Judges 11:26,3,יִשְׂרָאֵל,,,,Jonathan,TARG
7,Judges,11,26,Judges 11:26,4,בְּחֶשְׁבּוֹן,,,,Jonathan,TARG
7,Judges,11,26,Judges 11:26,5,וּבְכַפְרָנָהָא,,,,Jonathan,TARG
7,Judges,11,26,Judges 11:26,6,וּבְעַרְעוֹר,,,,Jonathan,TARG
7,Judges,11,26,Judges 11:26,7,וּבְכַפְרָנָהָא,,,,Jonathan,TARG
7,Judges,11,26,Judges 11:26,8,וּבְכָל,,,,Jonathan,TARG
7,Judges,11,26,Judges 11:26,9,קִרְוַיָא,,,,Jonathan,TARG
7,Judges,11,26,Judges 11:26,10,דְעַל,,,,Jonathan,TARG
7,Judges,11,26,Judges 11:26,11,תְּחוּמֵי,,,,Jonathan,TARG
7,Judges,11,26,Judges 11:26,12,אַרְנוֹן,,,,Jonathan,TARG
7,Judges,11,26,Judges 11:26,13,תְּלַת,,,,Jonathan,TARG
7,Judges,11,26,Judges 11:26,14,מְאָה,,,,Jonathan,TARG
7,Judges,11,26,Judges 11:26,15,שְׁנִין,,,,Jonathan,TARG
7,Judges,11,26,Judges 11:26,16,וּמָא,,,,Jonathan,TARG
7,Judges,11,26,Judges 11:26,17,דֵין,,,,Jonathan,TARG
7,Judges,11,26,Judges 11:26,18,לָא,,,,Jonathan,TARG
7,Judges,11,26,Judges 11:26,19,שְׁזַבְתּוּן,,,,Jonathan,TARG
7,Judges,11,26,Judges 11:26,20,בְּעִדָנָא,,,,Jonathan,TARG
7,Judges,11,26,Judges 11:26,21,הַהִיא:,,,,Jonathan,TARG
7,Judges,11,27,Judges 11:27,1,וַאֲנָא,,,,Jonathan,TARG
7,Judges,11,27,Judges 11:27,2,לָא,,,,Jonathan,TARG
7,Judges,11,27,Judges 11:27,3,חָטֵית,,,,Jonathan,TARG
7,Judges,11,27,Judges 11:27,4,לָךְ,,,,Jonathan,TARG
7,Judges,11,27,Judges 11:27,5,וְאַתְּ,,,,Jonathan,TARG
7,Judges,11,27,Judges 11:27,6,עָבֵיד,,,,Jonathan,TARG
7,Judges,11,27,Judges 11:27,7,עִמִי,,,,Jonathan,TARG
7,Judges,11,27,Judges 11:27,8,בִּישָׁא,,,,Jonathan,TARG
7,Judges,11,27,Judges 11:27,9,לְאַגָחָא,,,,Jonathan,TARG
7,Judges,11,27,Judges 11:27,10,קְרָבָא,,,,Jonathan,TARG
7,Judges,11,27,Judges 11:27,11,בִי,,,,Jonathan,TARG
7,Judges,11,27,Judges 11:27,12,יְדִין,,,,Jonathan,TARG
7,Judges,11,27,Judges 11:27,13,יְיָ,,,,Jonathan,TARG
7,Judges,11,27,Judges 11:27,14,דַעֲבַד,,,,Jonathan,TARG
7,Judges,11,27,Judges 11:27,15,דִינָא,,,,Jonathan,TARG
7,Judges,11,27,Judges 11:27,16,יוֹמָא,,,,Jonathan,TARG
7,Judges,11,27,Judges 11:27,17,דֵין,,,,Jonathan,TARG
7,Judges,11,27,Judges 11:27,18,בֵּין,,,,Jonathan,TARG
7,Judges,11,27,Judges 11:27,19,בְּנֵי,,,,Jonathan,TARG
7,Judges,11,27,Judges 11:27,20,יִשְׂרָאֵל,,,,Jonathan,TARG
7,Judges,11,27,Judges 11:27,21,וּבֵין,,,,Jonathan,TARG
7,Judges,11,27,Judges 11:27,22,בְּנֵי,,,,Jonathan,TARG
7,Judges,11,27,Judges 11:27,23,עַמוֹן:,,,,Jonathan,TARG
7,Judges,11,28,Judges 11:28,1,וְלָא,,,,Jonathan,TARG
7,Judges,11,28,Judges 11:28,2,קַבֵּיל,,,,Jonathan,TARG
7,Judges,11,28,Judges 11:28,3,מַלְכָּא,,,,Jonathan,TARG
7,Judges,11,28,Judges 11:28,4,דִבְנֵי,,,,Jonathan,TARG
7,Judges,11,28,Judges 11:28,5,עַמוֹן,,,,Jonathan,TARG
7,Judges,11,28,Judges 11:28,6,לְפִתְגָמֵי,,,,Jonathan,TARG
7,Judges,11,28,Judges 11:28,7,יִפְתָּח,,,,Jonathan,TARG
7,Judges,11,28,Judges 11:28,8,דִשְׁלַח,,,,Jonathan,TARG
7,Judges,11,28,Judges 11:28,9,לְוָתֵיהּ:,,,,Jonathan,TARG
7,Judges,11,29,Judges 11:29,1,וּשְׁרַת,,,,Jonathan,TARG
7,Judges,11,29,Judges 11:29,2,עַל,,,,Jonathan,TARG
7,Judges,11,29,Judges 11:29,3,יִפְתָּח,,,,Jonathan,TARG
7,Judges,11,29,Judges 11:29,4,רוּחַ,,,,Jonathan,TARG
7,Judges,11,29,Judges 11:29,5,גְבוּרָא,,,,Jonathan,TARG
7,Judges,11,29,Judges 11:29,6,מִן,,,,Jonathan,TARG
7,Judges,11,29,Judges 11:29,7,קֳדָם,,,,Jonathan,TARG
7,Judges,11,29,Judges 11:29,8,יְיָ,,,,Jonathan,TARG
7,Judges,11,29,Judges 11:29,9,וַעֲבַר,,,,Jonathan,TARG
7,Judges,11,29,Judges 11:29,10,יַת,,,,Jonathan,TARG
7,Judges,11,29,Judges 11:29,11,גִלְעָד,,,,Jonathan,TARG
7,Judges,11,29,Judges 11:29,12,וְיַת,,,,Jonathan,TARG
7,Judges,11,29,Judges 11:29,13,מְנַשֶׁה,,,,Jonathan,TARG
7,Judges,11,29,Judges 11:29,14,וַעֲבַר,,,,Jonathan,TARG
7,Judges,11,29,Judges 11:29,15,יַת,,,,Jonathan,TARG
7,Judges,11,29,Judges 11:29,16,מִצְפַּיָא,,,,Jonathan,TARG
7,Judges,11,29,Judges 11:29,17,דְגִלְעָד,,,,Jonathan,TARG
7,Judges,11,29,Judges 11:29,18,וּמִמִצְפַּיָא,,,,Jonathan,TARG
7,Judges,11,29,Judges 11:29,19,דְגִלְעָד,,,,Jonathan,TARG
7,Judges,11,29,Judges 11:29,20,עֲבַר,,,,Jonathan,TARG
7,Judges,11,29,Judges 11:29,21,בְּנֵי,,,,Jonathan,TARG
7,Judges,11,29,Judges 11:29,22,עַמוֹן:,,,,Jonathan,TARG
7,Judges,11,30,Judges 11:30,1,וְקַיֵם,,,,Jonathan,TARG
7,Judges,11,30,Judges 11:30,2,יִפְתָּח,,,,Jonathan,TARG
7,Judges,11,30,Judges 11:30,3,קְיָם,,,,Jonathan,TARG
7,Judges,11,30,Judges 11:30,4,קֳדָם,,,,Jonathan,TARG
7,Judges,11,30,Judges 11:30,5,יְיָ,,,,Jonathan,TARG
7,Judges,11,30,Judges 11:30,6,וַאֲמַר,,,,Jonathan,TARG
7,Judges,11,30,Judges 11:30,7,אִם,,,,Jonathan,TARG
7,Judges,11,30,Judges 11:30,8,מִמְסַר,,,,Jonathan,TARG
7,Judges,11,30,Judges 11:30,9,תִּמְסַר,,,,Jonathan,TARG
7,Judges,11,30,Judges 11:30,10,יַת,,,,Jonathan,TARG
7,Judges,11,30,Judges 11:30,11,בְּנֵי,,,,Jonathan,TARG
7,Judges,11,30,Judges 11:30,12,עַמוֹן,,,,Jonathan,TARG
7,Judges,11,30,Judges 11:30,13,בִּידִי:,,,,Jonathan,TARG
7,Judges,11,31,Judges 11:31,1,וִיהֵי,,,,Jonathan,TARG
7,Judges,11,31,Judges 11:31,2,דְיִפּוֹק,,,,Jonathan,TARG
7,Judges,11,31,Judges 11:31,3,מֵפַק,,,,Jonathan,TARG
7,Judges,11,31,Judges 11:31,4,בַּר,,,,Jonathan,TARG
7,Judges,11,31,Judges 11:31,5,מִדָשֵׁי,,,,Jonathan,TARG
7,Judges,11,31,Judges 11:31,6,בֵיתִי,,,,Jonathan,TARG
7,Judges,11,31,Judges 11:31,7,לָקֳדָמוּתִי,,,,Jonathan,TARG
7,Judges,11,31,Judges 11:31,8,כַּד,,,,Jonathan,TARG
7,Judges,11,31,Judges 11:31,9,אֵתוּב,,,,Jonathan,TARG
7,Judges,11,31,Judges 11:31,10,בִּשְׁלָם,,,,Jonathan,TARG
7,Judges,11,31,Judges 11:31,11,מִבְּנֵי,,,,Jonathan,TARG
7,Judges,11,31,Judges 11:31,12,עַמוֹן,,,,Jonathan,TARG
7,Judges,11,31,Judges 11:31,13,וִיהֵי,,,,Jonathan,TARG
7,Judges,11,31,Judges 11:31,14,קֳדָם,,,,Jonathan,TARG
7,Judges,11,31,Judges 11:31,15,יְיָ,,,,Jonathan,TARG
7,Judges,11,31,Judges 11:31,16,וְאַסְקִינֵיהּ,,,,Jonathan,TARG
7,Judges,11,31,Judges 11:31,17,עֲלָתָא:,,,,Jonathan,TARG
7,Judges,11,32,Judges 11:32,1,וַעֲבַר,,,,Jonathan,TARG
7,Judges,11,32,Judges 11:32,2,יִפְתָּח,,,,Jonathan,TARG
7,Judges,11,32,Judges 11:32,3,לְוַת,,,,Jonathan,TARG
7,Judges,11,32,Judges 11:32,4,בְּנֵי,,,,Jonathan,TARG
7,Judges,11,32,Judges 11:32,5,עַמוֹן,,,,Jonathan,TARG
7,Judges,11,32,Judges 11:32,6,לְאַגָחָא,,,,Jonathan,TARG
7,Judges,11,32,Judges 11:32,7,קְרָבָא,,,,Jonathan,TARG
7,Judges,11,32,Judges 11:32,8,בְהוֹן,,,,Jonathan,TARG
7,Judges,11,32,Judges 11:32,9,וּמְסָרִינוּן,,,,Jonathan,TARG
7,Judges,11,32,Judges 11:32,10,יְיָ,,,,Jonathan,TARG
7,Judges,11,32,Judges 11:32,11,בִּידֵיהּ:,,,,Jonathan,TARG
7,Judges,11,33,Judges 11:33,1,וּמְחָנוּן,,,,Jonathan,TARG
7,Judges,11,33,Judges 11:33,2,מֵעֲרוֹעֵר,,,,Jonathan,TARG
7,Judges,11,33,Judges 11:33,3,עַד,,,,Jonathan,TARG
7,Judges,11,33,Judges 11:33,4,מַעֲלָנָא,,,,Jonathan,TARG
7,Judges,11,33,Judges 11:33,5,דְמִנִית,,,,Jonathan,TARG
7,Judges,11,33,Judges 11:33,6,עַשְׂרִין,,,,Jonathan,TARG
7,Judges,11,33,Judges 11:33,7,קִרְוִין,,,,Jonathan,TARG
7,Judges,11,33,Judges 11:33,8,וְעַד,,,,Jonathan,TARG
7,Judges,11,33,Judges 11:33,9,מֵישַׁר,,,,Jonathan,TARG
7,Judges,11,33,Judges 11:33,10,כְּרָמַיָא,,,,Jonathan,TARG
7,Judges,11,33,Judges 11:33,11,מַחֲתָא,,,,Jonathan,TARG
7,Judges,11,33,Judges 11:33,12,רַבְּתָא,,,,Jonathan,TARG
7,Judges,11,33,Judges 11:33,13,לַחֲדָא,,,,Jonathan,TARG
7,Judges,11,33,Judges 11:33,14,וְאִתְבָּרוּ,,,,Jonathan,TARG
7,Judges,11,33,Judges 11:33,15,בְּנֵי,,,,Jonathan,TARG
7,Judges,11,33,Judges 11:33,16,עַמוֹן,,,,Jonathan,TARG
7,Judges,11,33,Judges 11:33,17,מִן,,,,Jonathan,TARG
7,Judges,11,33,Judges 11:33,18,קֳדָם,,,,Jonathan,TARG
7,Judges,11,33,Judges 11:33,19,בְּנֵי,,,,Jonathan,TARG
7,Judges,11,33,Judges 11:33,20,יִשְׂרָאֵל:,,,,Jonathan,TARG
7,Judges,11,34,Judges 11:34,1,וַאֲתָא,,,,Jonathan,TARG
7,Judges,11,34,Judges 11:34,2,יִפְתָּח,,,,Jonathan,TARG
7,Judges,11,34,Judges 11:34,3,לְמִצְפַּיָא,,,,Jonathan,TARG
7,Judges,11,34,Judges 11:34,4,לְבֵיתֵיהּ,,,,Jonathan,TARG
7,Judges,11,34,Judges 11:34,5,וְהָא,,,,Jonathan,TARG
7,Judges,11,34,Judges 11:34,6,בְרַתֵּיהּ,,,,Jonathan,TARG
7,Judges,11,34,Judges 11:34,7,נַפְקַת,,,,Jonathan,TARG
7,Judges,11,34,Judges 11:34,8,לָקֳדָמוּתֵיהּ,,,,Jonathan,TARG
7,Judges,11,34,Judges 11:34,9,בְּתֻפִין,,,,Jonathan,TARG
7,Judges,11,34,Judges 11:34,10,וּבְחִנְגִין,,,,Jonathan,TARG
7,Judges,11,34,Judges 11:34,11,וּלְחוֹד,,,,Jonathan,TARG
7,Judges,11,34,Judges 11:34,12,הִיא,,,,Jonathan,TARG
7,Judges,11,34,Judges 11:34,13,יְחִידָה,,,,Jonathan,TARG
7,Judges,11,34,Judges 11:34,14,לֵית,,,,Jonathan,TARG
7,Judges,11,34,Judges 11:34,15,לֵיהּ,,,,Jonathan,TARG
7,Judges,11,34,Judges 11:34,16,מִנֵיהּ,,,,Jonathan,TARG
7,Judges,11,34,Judges 11:34,17,בַּר,,,,Jonathan,TARG
7,Judges,11,34,Judges 11:34,18,אוֹ,,,,Jonathan,TARG
7,Judges,11,34,Judges 11:34,19,בְרַת:,,,,Jonathan,TARG
7,Judges,11,35,Judges 11:35,1,וַהֲוָה,,,,Jonathan,TARG
7,Judges,11,35,Judges 11:35,2,כַּד,,,,Jonathan,TARG
7,Judges,11,35,Judges 11:35,3,חֲזֵי,,,,Jonathan,TARG
7,Judges,11,35,Judges 11:35,4,יָתָהּ,,,,Jonathan,TARG
7,Judges,11,35,Judges 11:35,5,וּבְזַע,,,,Jonathan,TARG
7,Judges,11,35,Judges 11:35,6,יַת,,,,Jonathan,TARG
7,Judges,11,35,Judges 11:35,7,לְבוּשׁוֹהִי,,,,Jonathan,TARG
7,Judges,11,35,Judges 11:35,8,וַאֲמַר,,,,Jonathan,TARG
7,Judges,11,35,Judges 11:35,9,וַוי,,,,Jonathan,TARG
7,Judges,11,35,Judges 11:35,10,בְּרַתִּי,,,,Jonathan,TARG
7,Judges,11,35,Judges 11:35,11,אַכְרָעָא,,,,Jonathan,TARG
7,Judges,11,35,Judges 11:35,12,אַכְרַעְתִּינִי,,,,Jonathan,TARG
7,Judges,11,35,Judges 11:35,13,וְאַתְּ,,,,Jonathan,TARG
7,Judges,11,35,Judges 11:35,14,הֲוֵית,,,,Jonathan,TARG
7,Judges,11,35,Judges 11:35,15,בְּעָכְרִי,,,,Jonathan,TARG
7,Judges,11,35,Judges 11:35,16,וַאֲנָא,,,,Jonathan,TARG
7,Judges,11,35,Judges 11:35,17,פַּתְחֵית,,,,Jonathan,TARG
7,Judges,11,35,Judges 11:35,18,פּוּמִי,,,,Jonathan,TARG
7,Judges,11,35,Judges 11:35,19,בִּנְדַר,,,,Jonathan,TARG
7,Judges,11,35,Judges 11:35,20,קֳדָם,,,,Jonathan,TARG
7,Judges,11,35,Judges 11:35,21,יְיָ,,,,Jonathan,TARG
7,Judges,11,35,Judges 11:35,22,וְלָא,,,,Jonathan,TARG
7,Judges,11,35,Judges 11:35,23,אֵיכוּל,,,,Jonathan,TARG
7,Judges,11,35,Judges 11:35,24,לְמֵיתָב:,,,,Jonathan,TARG
7,Judges,11,36,Judges 11:36,1,וַאֲמָרַת,,,,Jonathan,TARG
7,Judges,11,36,Judges 11:36,2,לֵיהּ,,,,Jonathan,TARG
7,Judges,11,36,Judges 11:36,3,אַבָּא,,,,Jonathan,TARG
7,Judges,11,36,Judges 11:36,4,פְּתַחְתָּא,,,,Jonathan,TARG
7,Judges,11,36,Judges 11:36,5,יַת,,,,Jonathan,TARG
7,Judges,11,36,Judges 11:36,6,פּוּמָךְ,,,,Jonathan,TARG
7,Judges,11,36,Judges 11:36,7,בִּנְדַר,,,,Jonathan,TARG
7,Judges,11,36,Judges 11:36,8,קֳדָם,,,,Jonathan,TARG
7,Judges,11,36,Judges 11:36,9,יְיָ,,,,Jonathan,TARG
7,Judges,11,36,Judges 11:36,10,ָעֲבֵיד,,,,Jonathan,TARG
7,Judges,11,36,Judges 11:36,11,לִי,,,,Jonathan,TARG
7,Judges,11,36,Judges 11:36,12,כְמָא,,,,Jonathan,TARG
7,Judges,11,36,Judges 11:36,13,דִי,,,,Jonathan,TARG
7,Judges,11,36,Judges 11:36,14,נְפַק,,,,Jonathan,TARG
7,Judges,11,36,Judges 11:36,15,מִפּוּמָךְ,,,,Jonathan,TARG
7,Judges,11,36,Judges 11:36,16,בָּתַר,,,,Jonathan,TARG
7,Judges,11,36,Judges 11:36,17,דַעֲבַד,,,,Jonathan,TARG
7,Judges,11,36,Judges 11:36,18,לָךְ,,,,Jonathan,TARG
7,Judges,11,36,Judges 11:36,19,יְיָ,,,,Jonathan,TARG
7,Judges,11,36,Judges 11:36,20,פּוּרְעָנוּתָא,,,,Jonathan,TARG
7,Judges,11,36,Judges 11:36,21,מִבַּעֲלֵי,,,,Jonathan,TARG
7,Judges,11,36,Judges 11:36,22,דְבָבָךְ,,,,Jonathan,TARG
7,Judges,11,36,Judges 11:36,23,מִבְּנֵי,,,,Jonathan,TARG
7,Judges,11,36,Judges 11:36,24,עַמוֹן:,,,,Jonathan,TARG
7,Judges,11,37,Judges 11:37,1,וַאֲמַרַת,,,,Jonathan,TARG
7,Judges,11,37,Judges 11:37,2,לַאֲבוּהָא,,,,Jonathan,TARG
7,Judges,11,37,Judges 11:37,3,יִתְעֲבֵיד,,,,Jonathan,TARG
7,Judges,11,37,Judges 11:37,4,לִי,,,,Jonathan,TARG
7,Judges,11,37,Judges 11:37,5,פִּתְגָמָא,,,,Jonathan,TARG
7,Judges,11,37,Judges 11:37,6,הָדֵין,,,,Jonathan,TARG
7,Judges,11,37,Judges 11:37,7,שְׁבוֹק,,,,Jonathan,TARG
7,Judges,11,37,Judges 11:37,8,מִנִי,,,,Jonathan,TARG
7,Judges,11,37,Judges 11:37,9,תְּרֵין,,,,Jonathan,TARG
7,Judges,11,37,Judges 11:37,10,יַרְחִין,,,,Jonathan,TARG
7,Judges,11,37,Judges 11:37,11,וְאֵהַךְ,,,,Jonathan,TARG
7,Judges,11,37,Judges 11:37,12,וְאִתְנְגִיד,,,,Jonathan,TARG
7,Judges,11,37,Judges 11:37,13,עַל,,,,Jonathan,TARG
7,Judges,11,37,Judges 11:37,14,טוּרַיָא,,,,Jonathan,TARG
7,Judges,11,37,Judges 11:37,15,וְאֶבְכֶּה,,,,Jonathan,TARG
7,Judges,11,37,Judges 11:37,16,עַל,,,,Jonathan,TARG
7,Judges,11,37,Judges 11:37,17,בְּתוּלַי,,,,Jonathan,TARG
7,Judges,11,37,Judges 11:37,18,אֲנָא,,,,Jonathan,TARG
7,Judges,11,37,Judges 11:37,19,וְחַבְרָתִי:,,,,Jonathan,TARG
7,Judges,11,38,Judges 11:38,1,וַאֲמַר,,,,Jonathan,TARG
7,Judges,11,38,Judges 11:38,2,אֱזִילִי,,,,Jonathan,TARG
7,Judges,11,38,Judges 11:38,3,וּשְׁלַח,,,,Jonathan,TARG
7,Judges,11,38,Judges 11:38,4,יָתָהּ,,,,Jonathan,TARG
7,Judges,11,38,Judges 11:38,5,תְּרֵין,,,,Jonathan,TARG
7,Judges,11,38,Judges 11:38,6,יַרְחִין,,,,Jonathan,TARG
7,Judges,11,38,Judges 11:38,7,וַאֲזַלַת,,,,Jonathan,TARG
7,Judges,11,38,Judges 11:38,8,הִיא,,,,Jonathan,TARG
7,Judges,11,38,Judges 11:38,9,וְחַבְרָתָהָא,,,,Jonathan,TARG
7,Judges,11,38,Judges 11:38,10,וּבְכַת,,,,Jonathan,TARG
7,Judges,11,38,Judges 11:38,11,עַל,,,,Jonathan,TARG
7,Judges,11,38,Judges 11:38,12,בְּתוּלָהָא,,,,Jonathan,TARG
7,Judges,11,38,Judges 11:38,13,עַל,,,,Jonathan,TARG
7,Judges,11,38,Judges 11:38,14,טוּרַיָא:,,,,Jonathan,TARG
7,Judges,11,39,Judges 11:39,1,וַהֲוָה,,,,Jonathan,TARG
7,Judges,11,39,Judges 11:39,2,מִסּוֹף,,,,Jonathan,TARG
7,Judges,11,39,Judges 11:39,3,תְּרֵין,,,,Jonathan,TARG
7,Judges,11,39,Judges 11:39,4,יַרְחִין,,,,Jonathan,TARG
7,Judges,11,39,Judges 11:39,5,וְתָבַת,,,,Jonathan,TARG
7,Judges,11,39,Judges 11:39,6,לְוַת,,,,Jonathan,TARG
7,Judges,11,39,Judges 11:39,7,אֲבוּהָא,,,,Jonathan,TARG
7,Judges,11,39,Judges 11:39,8,וַעֲבַד,,,,Jonathan,TARG
7,Judges,11,39,Judges 11:39,9,לָהּ,,,,Jonathan,TARG
7,Judges,11,39,Judges 11:39,10,יַת,,,,Jonathan,TARG
7,Judges,11,39,Judges 11:39,11,נִדְרֵיהּ,,,,Jonathan,TARG
7,Judges,11,39,Judges 11:39,12,דִי,,,,Jonathan,TARG
7,Judges,11,39,Judges 11:39,13,נְדַר,,,,Jonathan,TARG
7,Judges,11,39,Judges 11:39,14,וְהִיא,,,,Jonathan,TARG
7,Judges,11,39,Judges 11:39,15,לָא,,,,Jonathan,TARG
7,Judges,11,39,Judges 11:39,16,יָדְעַת,,,,Jonathan,TARG
7,Judges,11,39,Judges 11:39,17,גְבַר,,,,Jonathan,TARG
7,Judges,11,39,Judges 11:39,18,וַהֲוַת,,,,Jonathan,TARG
7,Judges,11,39,Judges 11:39,19,לִגְזֵירָא,,,,Jonathan,TARG
7,Judges,11,39,Judges 11:39,20,בְּיִשְׂרָאֵל:,,,,Jonathan,TARG
7,Judges,11,39,Judges 11:39,21,[בְּדִיל,,,,Jonathan,TARG
7,Judges,11,39,Judges 11:39,22,דְלָא,,,,Jonathan,TARG
7,Judges,11,39,Judges 11:39,23,לְאַסָקָא,,,,Jonathan,TARG
7,Judges,11,39,Judges 11:39,24,גְבַר,,,,Jonathan,TARG
7,Judges,11,39,Judges 11:39,25,יַת,,,,Jonathan,TARG
7,Judges,11,39,Judges 11:39,26,בְּרֵיהּ,,,,Jonathan,TARG
7,Judges,11,39,Judges 11:39,27,וְיַת,,,,Jonathan,TARG
7,Judges,11,39,Judges 11:39,28,בְּרַתֵּיהּ,,,,Jonathan,TARG
7,Judges,11,39,Judges 11:39,29,לַעֲלָתָא,,,,Jonathan,TARG
7,Judges,11,39,Judges 11:39,30,כְּמָא,,,,Jonathan,TARG
7,Judges,11,39,Judges 11:39,31,דַעֲבַד,,,,Jonathan,TARG
7,Judges,11,39,Judges 11:39,32,יִפְתַּח,,,,Jonathan,TARG
7,Judges,11,39,Judges 11:39,33,גִלְעָדָאָה,,,,Jonathan,TARG
7,Judges,11,39,Judges 11:39,34,וְלָא,,,,Jonathan,TARG
7,Judges,11,39,Judges 11:39,35,שָׁאֵיל,,,,Jonathan,TARG
7,Judges,11,39,Judges 11:39,36,לְפִינְחָס,,,,Jonathan,TARG
7,Judges,11,39,Judges 11:39,37,כַּהֲנָא,,,,Jonathan,TARG
7,Judges,11,39,Judges 11:39,38,וְאִילוּ,,,,Jonathan,TARG
7,Judges,11,39,Judges 11:39,39,שָׁאֵיל,,,,Jonathan,TARG
7,Judges,11,39,Judges 11:39,40,לְפִינְחָס,,,,Jonathan,TARG
7,Judges,11,39,Judges 11:39,41,כַּהֲנָא,,,,Jonathan,TARG
7,Judges,11,39,Judges 11:39,42,הֲוָה,,,,Jonathan,TARG
7,Judges,11,39,Judges 11:39,43,פָרִיק,,,,Jonathan,TARG
7,Judges,11,39,Judges 11:39,44,יָתָהּ,,,,Jonathan,TARG
7,Judges,11,39,Judges 11:39,45,בְּדָמִין:],,,,Jonathan,TARG
7,Judges,11,40,Judges 11:40,1,מִזְמַן,,,,Jonathan,TARG
7,Judges,11,40,Judges 11:40,2,לִזְמַן,,,,Jonathan,TARG
7,Judges,11,40,Judges 11:40,3,אַזְלַן,,,,Jonathan,TARG
7,Judges,11,40,Judges 11:40,4,בְּנַת,,,,Jonathan,TARG
7,Judges,11,40,Judges 11:40,5,יִשְׂרָאֵל,,,,Jonathan,TARG
7,Judges,11,40,Judges 11:40,6,לַאֲלָאָה,,,,Jonathan,TARG
7,Judges,11,40,Judges 11:40,7,לְבַת,,,,Jonathan,TARG
7,Judges,11,40,Judges 11:40,8,יִפְתָּח,,,,Jonathan,TARG
7,Judges,11,40,Judges 11:40,9,גִלְעָדָאָה,,,,Jonathan,TARG
7,Judges,11,40,Judges 11:40,10,אַרְבְּעָא,,,,Jonathan,TARG
7,Judges,11,40,Judges 11:40,11,יוֹמִין,,,,Jonathan,TARG
7,Judges,11,40,Judges 11:40,12,בְּשַׁתָּא:,,,,Jonathan,TARG
7,Judges,12,1,Judges 12:1,1,וְאִתְכְּנַשׁ,,,,Jonathan,TARG
7,Judges,12,1,Judges 12:1,2,אֱנַשׁ,,,,Jonathan,TARG
7,Judges,12,1,Judges 12:1,3,אֶפְרַיִם,,,,Jonathan,TARG
7,Judges,12,1,Judges 12:1,4,וַעֲבַר,,,,Jonathan,TARG
7,Judges,12,1,Judges 12:1,5,לְצִפּוּנָא,,,,Jonathan,TARG
7,Judges,12,1,Judges 12:1,6,וַאֲמַרוּ,,,,Jonathan,TARG
7,Judges,12,1,Judges 12:1,7,לְיִפְתָּח,,,,Jonathan,TARG
7,Judges,12,1,Judges 12:1,8,מָא,,,,Jonathan,TARG
7,Judges,12,1,Judges 12:1,9,דֵין,,,,Jonathan,TARG
7,Judges,12,1,Judges 12:1,10,עֲבַרְתָּא,,,,Jonathan,TARG
7,Judges,12,1,Judges 12:1,11,לְאַגָחָא,,,,Jonathan,TARG
7,Judges,12,1,Judges 12:1,12,קְרָבָא,,,,Jonathan,TARG
7,Judges,12,1,Judges 12:1,13,בִּבְנֵי,,,,Jonathan,TARG
7,Judges,12,1,Judges 12:1,14,עַמוֹן,,,,Jonathan,TARG
7,Judges,12,1,Judges 12:1,15,וְלָנָא,,,,Jonathan,TARG
7,Judges,12,1,Judges 12:1,16,לָא,,,,Jonathan,TARG
7,Judges,12,1,Judges 12:1,17,קְרֵיתָא,,,,Jonathan,TARG
7,Judges,12,1,Judges 12:1,18,לְמֵיזַל,,,,Jonathan,TARG
7,Judges,12,1,Judges 12:1,19,עִמָךְ,,,,Jonathan,TARG
7,Judges,12,1,Judges 12:1,20,בֵּיתָךְ,,,,Jonathan,TARG
7,Judges,12,1,Judges 12:1,21,נוֹקֵד,,,,Jonathan,TARG
7,Judges,12,1,Judges 12:1,22,עֲלָךְ,,,,Jonathan,TARG
7,Judges,12,1,Judges 12:1,23,בְּנוּרָא:,,,,Jonathan,TARG
7,Judges,12,2,Judges 12:2,1,וַאֲמַר,,,,Jonathan,TARG
7,Judges,12,2,Judges 12:2,2,יִפְתָּח,,,,Jonathan,TARG
7,Judges,12,2,Judges 12:2,3,לְהוֹן,,,,Jonathan,TARG
7,Judges,12,2,Judges 12:2,4,אֱנַשׁ,,,,Jonathan,TARG
7,Judges,12,2,Judges 12:2,5,דִין,,,,Jonathan,TARG
7,Judges,12,2,Judges 12:2,6,הֱוֵיתִי,,,,Jonathan,TARG
7,Judges,12,2,Judges 12:2,7,אֲנָא,,,,Jonathan,TARG
7,Judges,12,2,Judges 12:2,8,וְעַמִי,,,,Jonathan,TARG
7,Judges,12,2,Judges 12:2,9,וּבְנֵי,,,,Jonathan,TARG
7,Judges,12,2,Judges 12:2,10,עַמוֹן,,,,Jonathan,TARG
7,Judges,12,2,Judges 12:2,11,לַחֲדָא,,,,Jonathan,TARG
7,Judges,12,2,Judges 12:2,12,וּבְעֵית,,,,Jonathan,TARG
7,Judges,12,2,Judges 12:2,13,אֲנָא,,,,Jonathan,TARG
7,Judges,12,2,Judges 12:2,14,מִנְכוֹן,,,,Jonathan,TARG
7,Judges,12,2,Judges 12:2,15,וְלָא,,,,Jonathan,TARG
7,Judges,12,2,Judges 12:2,16,פְרַקְתּוּן,,,,Jonathan,TARG
7,Judges,12,2,Judges 12:2,17,יָתִי,,,,Jonathan,TARG
7,Judges,12,2,Judges 12:2,18,מִיֶדְהוֹן:,,,,Jonathan,TARG
7,Judges,12,3,Judges 12:3,1,וַחֲזֵית,,,,Jonathan,TARG
7,Judges,12,3,Judges 12:3,2,אֲרֵי,,,,Jonathan,TARG
7,Judges,12,3,Judges 12:3,3,לֵיתָךְ,,,,Jonathan,TARG
7,Judges,12,3,Judges 12:3,4,פָּרִיק,,,,Jonathan,TARG
7,Judges,12,3,Judges 12:3,5,וּמָסְרִית,,,,Jonathan,TARG
7,Judges,12,3,Judges 12:3,6,נַפְשִׁי,,,,Jonathan,TARG
7,Judges,12,3,Judges 12:3,7,כְּעַל,,,,Jonathan,TARG
7,Judges,12,3,Judges 12:3,8,גַב,,,,Jonathan,TARG
7,Judges,12,3,Judges 12:3,9,לְאִתְקְטָלָא,,,,Jonathan,TARG
7,Judges,12,3,Judges 12:3,10,וְעַבְרֵית,,,,Jonathan,TARG
7,Judges,12,3,Judges 12:3,11,לְוַת,,,,Jonathan,TARG
7,Judges,12,3,Judges 12:3,12,בְּנֵי,,,,Jonathan,TARG
7,Judges,12,3,Judges 12:3,13,עַמוֹן,,,,Jonathan,TARG
7,Judges,12,3,Judges 12:3,14,וּמַסְרִינוּן,,,,Jonathan,TARG
7,Judges,12,3,Judges 12:3,15,יְיָ,,,,Jonathan,TARG
7,Judges,12,3,Judges 12:3,16,בִּידִי,,,,Jonathan,TARG
7,Judges,12,3,Judges 12:3,17,וּלְמָא,,,,Jonathan,TARG
7,Judges,12,3,Judges 12:3,18,סְלֵיקְתּוּן,,,,Jonathan,TARG
7,Judges,12,3,Judges 12:3,19,לְוָתִי,,,,Jonathan,TARG
7,Judges,12,3,Judges 12:3,20,יוֹמָא,,,,Jonathan,TARG
7,Judges,12,3,Judges 12:3,21,דֵין,,,,Jonathan,TARG
7,Judges,12,3,Judges 12:3,22,לְאַגָחָא,,,,Jonathan,TARG
7,Judges,12,3,Judges 12:3,23,קְרָבָא,,,,Jonathan,TARG
7,Judges,12,3,Judges 12:3,24,בִי:,,,,Jonathan,TARG
7,Judges,12,4,Judges 12:4,1,וּכְנַשׁ,,,,Jonathan,TARG
7,Judges,12,4,Judges 12:4,2,יִפְתָּח,,,,Jonathan,TARG
7,Judges,12,4,Judges 12:4,3,יַת,,,,Jonathan,TARG
7,Judges,12,4,Judges 12:4,4,כָּל,,,,Jonathan,TARG
7,Judges,12,4,Judges 12:4,5,אֱנָשֵׁי,,,,Jonathan,TARG
7,Judges,12,4,Judges 12:4,6,גִלְעָד,,,,Jonathan,TARG
7,Judges,12,4,Judges 12:4,7,וְאַגִיחַ,,,,Jonathan,TARG
7,Judges,12,4,Judges 12:4,8,קְרָבָא,,,,Jonathan,TARG
7,Judges,12,4,Judges 12:4,9,עִם,,,,Jonathan,TARG
7,Judges,12,4,Judges 12:4,10,דְבֵית,,,,Jonathan,TARG
7,Judges,12,4,Judges 12:4,11,אֶפְרָיִם,,,,Jonathan,TARG
7,Judges,12,4,Judges 12:4,12,וּמְחוֹ,,,,Jonathan,TARG
7,Judges,12,4,Judges 12:4,13,אֱנָשֵׁי,,,,Jonathan,TARG
7,Judges,12,4,Judges 12:4,14,גִלְעָד,,,,Jonathan,TARG
7,Judges,12,4,Judges 12:4,15,יַת,,,,Jonathan,TARG
7,Judges,12,4,Judges 12:4,16,דְבֵית,,,,Jonathan,TARG
7,Judges,12,4,Judges 12:4,17,אֶפְרַיִם,,,,Jonathan,TARG
7,Judges,12,4,Judges 12:4,18,אֲרֵי,,,,Jonathan,TARG
7,Judges,12,4,Judges 12:4,19,אֲמַרוּ,,,,Jonathan,TARG
7,Judges,12,4,Judges 12:4,20,מְשֵׁיזְבַיָא,,,,Jonathan,TARG
7,Judges,12,4,Judges 12:4,21,דְבֵית,,,,Jonathan,TARG
7,Judges,12,4,Judges 12:4,22,אֶפְרַיִם,,,,Jonathan,TARG
7,Judges,12,4,Judges 12:4,23,מָה,,,,Jonathan,TARG
7,Judges,12,4,Judges 12:4,24,אַתּוּן,,,,Jonathan,TARG
7,Judges,12,4,Judges 12:4,25,חֲשִׁיבִין,,,,Jonathan,TARG
7,Judges,12,4,Judges 12:4,26,דְבֵית,,,,Jonathan,TARG
7,Judges,12,4,Judges 12:4,27,גִלְעָד,,,,Jonathan,TARG
7,Judges,12,4,Judges 12:4,28,בְּנֵי,,,,Jonathan,TARG
7,Judges,12,4,Judges 12:4,29,בֵית,,,,Jonathan,TARG
7,Judges,12,4,Judges 12:4,30,אֶפְרַיִם,,,,Jonathan,TARG
7,Judges,12,4,Judges 12:4,31,בְּגוֹ,,,,Jonathan,TARG
7,Judges,12,4,Judges 12:4,32,בֵית,,,,Jonathan,TARG
7,Judges,12,4,Judges 12:4,33,מְנַשֶׁה:,,,,Jonathan,TARG
7,Judges,12,5,Judges 12:5,1,וַאֲחַדוּ,,,,Jonathan,TARG
7,Judges,12,5,Judges 12:5,2,דְבֵית,,,,Jonathan,TARG
7,Judges,12,5,Judges 12:5,3,גִלְעָד,,,,Jonathan,TARG
7,Judges,12,5,Judges 12:5,4,יַת,,,,Jonathan,TARG
7,Judges,12,5,Judges 12:5,5,מְגִיזַת,,,,Jonathan,TARG
7,Judges,12,5,Judges 12:5,6,יַרְדְנָא,,,,Jonathan,TARG
7,Judges,12,5,Judges 12:5,7,עַל,,,,Jonathan,TARG
7,Judges,12,5,Judges 12:5,8,דְבֵית,,,,Jonathan,TARG
7,Judges,12,5,Judges 12:5,9,אֶפְרַיִם,,,,Jonathan,TARG
7,Judges,12,5,Judges 12:5,10,וַהֲוָה,,,,Jonathan,TARG
7,Judges,12,5,Judges 12:5,11,כַּד,,,,Jonathan,TARG
7,Judges,12,5,Judges 12:5,12,אֲמַר,,,,Jonathan,TARG
7,Judges,12,5,Judges 12:5,13,חַד,,,,Jonathan,TARG
7,Judges,12,5,Judges 12:5,14,מִמְשֵׁיזְבַיָא,,,,Jonathan,TARG
7,Judges,12,5,Judges 12:5,15,דְבֵית,,,,Jonathan,TARG
7,Judges,12,5,Judges 12:5,16,אֶפְרַיִם,,,,Jonathan,TARG
7,Judges,12,5,Judges 12:5,17,אֶעְבַר,,,,Jonathan,TARG
7,Judges,12,5,Judges 12:5,18,וְאָמְרִין,,,,Jonathan,TARG
7,Judges,12,5,Judges 12:5,19,לֵיהּ,,,,Jonathan,TARG
7,Judges,12,5,Judges 12:5,20,אֱנָשֵׁי,,,,Jonathan,TARG
7,Judges,12,5,Judges 12:5,21,גִלְעָד,,,,Jonathan,TARG
7,Judges,12,5,Judges 12:5,22,אֶפְרָתִי,,,,Jonathan,TARG
7,Judges,12,5,Judges 12:5,23,אַתְּ,,,,Jonathan,TARG
7,Judges,12,5,Judges 12:5,24,וַאֲמַר,,,,Jonathan,TARG
7,Judges,12,5,Judges 12:5,25,לָא:,,,,Jonathan,TARG
7,Judges,12,6,Judges 12:6,1,וְאָמְרִין,,,,Jonathan,TARG
7,Judges,12,6,Judges 12:6,2,לֵיהּ,,,,Jonathan,TARG
7,Judges,12,6,Judges 12:6,3,אֱמַר,,,,Jonathan,TARG
7,Judges,12,6,Judges 12:6,4,כְּעַן,,,,Jonathan,TARG
7,Judges,12,6,Judges 12:6,5,שׁוּבַּלְתָּא,,,,Jonathan,TARG
7,Judges,12,6,Judges 12:6,6,וַאֲמַר,,,,Jonathan,TARG
7,Judges,12,6,Judges 12:6,7,סוּבַּלְתָא,,,,Jonathan,TARG
7,Judges,12,6,Judges 12:6,8,וְלָא,,,,Jonathan,TARG
7,Judges,12,6,Judges 12:6,9,מְתַקֵין,,,,Jonathan,TARG
7,Judges,12,6,Judges 12:6,10,לְמַלָלָא,,,,Jonathan,TARG
7,Judges,12,6,Judges 12:6,11,כֵּן,,,,Jonathan,TARG
7,Judges,12,6,Judges 12:6,12,וְאַחֲדִין,,,,Jonathan,TARG
7,Judges,12,6,Judges 12:6,13,לֵיהּ,,,,Jonathan,TARG
7,Judges,12,6,Judges 12:6,14,וְנַכְסִין,,,,Jonathan,TARG
7,Judges,12,6,Judges 12:6,15,לֵיהּ,,,,Jonathan,TARG
7,Judges,12,6,Judges 12:6,16,בִמְזִיגַת,,,,Jonathan,TARG
7,Judges,12,6,Judges 12:6,17,יַרְדְנָא,,,,Jonathan,TARG
7,Judges,12,6,Judges 12:6,18,וְאִתְקְטָלוּ,,,,Jonathan,TARG
7,Judges,12,6,Judges 12:6,19,בְעִידָנָא,,,,Jonathan,TARG
7,Judges,12,6,Judges 12:6,20,הַהִיא,,,,Jonathan,TARG
7,Judges,12,6,Judges 12:6,21,מֵאֶפְרַיִם,,,,Jonathan,TARG
7,Judges,12,6,Judges 12:6,22,אַרְבְּעִין,,,,Jonathan,TARG
7,Judges,12,6,Judges 12:6,23,וּתְרֵין,,,,Jonathan,TARG
7,Judges,12,6,Judges 12:6,24,אַלְפִין:,,,,Jonathan,TARG
7,Judges,12,7,Judges 12:7,1,וְדָן,,,,Jonathan,TARG
7,Judges,12,7,Judges 12:7,2,יִפְתָּח,,,,Jonathan,TARG
7,Judges,12,7,Judges 12:7,3,יַת,,,,Jonathan,TARG
7,Judges,12,7,Judges 12:7,4,יִשְׂרָאֵל,,,,Jonathan,TARG
7,Judges,12,7,Judges 12:7,5,שִׁית,,,,Jonathan,TARG
7,Judges,12,7,Judges 12:7,6,שְׁנִין,,,,Jonathan,TARG
7,Judges,12,7,Judges 12:7,7,וּמִית,,,,Jonathan,TARG
7,Judges,12,7,Judges 12:7,8,יִפְתָּח,,,,Jonathan,TARG
7,Judges,12,7,Judges 12:7,9,גִלְעָדָאָה,,,,Jonathan,TARG
7,Judges,12,7,Judges 12:7,10,וְאִתְקְבַר,,,,Jonathan,TARG
7,Judges,12,7,Judges 12:7,11,בְּקִרְוֵי,,,,Jonathan,TARG
7,Judges,12,7,Judges 12:7,12,גִלְעָד:,,,,Jonathan,TARG
7,Judges,12,8,Judges 12:8,1,וְדָן,,,,Jonathan,TARG
7,Judges,12,8,Judges 12:8,2,בַּתְרוֹהִי,,,,Jonathan,TARG
7,Judges,12,8,Judges 12:8,3,יַת,,,,Jonathan,TARG
7,Judges,12,8,Judges 12:8,4,יִשְׂרָאֵל,,,,Jonathan,TARG
7,Judges,12,8,Judges 12:8,5,אִבְצָן,,,,Jonathan,TARG
7,Judges,12,8,Judges 12:8,6,דְמִבֵּית,,,,Jonathan,TARG
7,Judges,12,8,Judges 12:8,7,לֶחֶם:,,,,Jonathan,TARG
7,Judges,12,9,Judges 12:9,1,וַהֲוָה,,,,Jonathan,TARG
7,Judges,12,9,Judges 12:9,2,לֵיהּ,,,,Jonathan,TARG
7,Judges,12,9,Judges 12:9,3,תְּלָתִין,,,,Jonathan,TARG
7,Judges,12,9,Judges 12:9,4,בְּנִין,,,,Jonathan,TARG
7,Judges,12,9,Judges 12:9,5,וּתְלָתִין,,,,Jonathan,TARG
7,Judges,12,9,Judges 12:9,6,בְּנָן,,,,Jonathan,TARG
7,Judges,12,9,Judges 12:9,7,שִׁלַח,,,,Jonathan,TARG
7,Judges,12,9,Judges 12:9,8,לְבָרָא,,,,Jonathan,TARG
7,Judges,12,9,Judges 12:9,9,וּתְלָתִין,,,,Jonathan,TARG
7,Judges,12,9,Judges 12:9,10,בְּנָן,,,,Jonathan,TARG
7,Judges,12,9,Judges 12:9,11,כַּלָן,,,,Jonathan,TARG
7,Judges,12,9,Judges 12:9,12,אָעֵיל,,,,Jonathan,TARG
7,Judges,12,9,Judges 12:9,13,לִבְנוֹהִי,,,,Jonathan,TARG
7,Judges,12,9,Judges 12:9,14,מִן,,,,Jonathan,TARG
7,Judges,12,9,Judges 12:9,15,בְּרָא,,,,Jonathan,TARG
7,Judges,12,9,Judges 12:9,16,וְדָן,,,,Jonathan,TARG
7,Judges,12,9,Judges 12:9,17,יַת,,,,Jonathan,TARG
7,Judges,12,9,Judges 12:9,18,יִשְׂרָאֵל,,,,Jonathan,TARG
7,Judges,12,9,Judges 12:9,19,שְׁבַע,,,,Jonathan,TARG
7,Judges,12,9,Judges 12:9,20,שְׁנִין:,,,,Jonathan,TARG
7,Judges,12,10,Judges 12:10,1,וּמִית,,,,Jonathan,TARG
7,Judges,12,10,Judges 12:10,2,אִבְצָן,,,,Jonathan,TARG
7,Judges,12,10,Judges 12:10,3,וְאִתְקְבַר,,,,Jonathan,TARG
7,Judges,12,10,Judges 12:10,4,בְּבֵית,,,,Jonathan,TARG
7,Judges,12,10,Judges 12:10,5,לֶחֶם:,,,,Jonathan,TARG
7,Judges,12,11,Judges 12:11,1,וְדָן,,,,Jonathan,TARG
7,Judges,12,11,Judges 12:11,2,בַּתְרוֹהִי,,,,Jonathan,TARG
7,Judges,12,11,Judges 12:11,3,יַת,,,,Jonathan,TARG
7,Judges,12,11,Judges 12:11,4,יִשְׂרָאֵל,,,,Jonathan,TARG
7,Judges,12,11,Judges 12:11,5,אֵילוֹן,,,,Jonathan,TARG
7,Judges,12,11,Judges 12:11,6,דְמִבֵּית,,,,Jonathan,TARG
7,Judges,12,11,Judges 12:11,7,זְבוּלֻן,,,,Jonathan,TARG
7,Judges,12,11,Judges 12:11,8,וְדָן,,,,Jonathan,TARG
7,Judges,12,11,Judges 12:11,9,יַת,,,,Jonathan,TARG
7,Judges,12,11,Judges 12:11,10,יִשְׂרָאֵל,,,,Jonathan,TARG
7,Judges,12,11,Judges 12:11,11,עֲסַר,,,,Jonathan,TARG
7,Judges,12,11,Judges 12:11,12,שְׁנִין:,,,,Jonathan,TARG
7,Judges,12,12,Judges 12:12,1,וּמִית,,,,Jonathan,TARG
7,Judges,12,12,Judges 12:12,2,אֵילוֹן,,,,Jonathan,TARG
7,Judges,12,12,Judges 12:12,3,דְבֵית,,,,Jonathan,TARG
7,Judges,12,12,Judges 12:12,4,זְבוּלֻן,,,,Jonathan,TARG
7,Judges,12,12,Judges 12:12,5,וְאִתְקְבַר,,,,Jonathan,TARG
7,Judges,12,12,Judges 12:12,6,בְּאַיָלוֹן,,,,Jonathan,TARG
7,Judges,12,12,Judges 12:12,7,בְּאֲרַע,,,,Jonathan,TARG
7,Judges,12,12,Judges 12:12,8,זְבוּלֻן:,,,,Jonathan,TARG
7,Judges,12,13,Judges 12:13,1,וְדָן,,,,Jonathan,TARG
7,Judges,12,13,Judges 12:13,2,בַּתְרוֹהִי,,,,Jonathan,TARG
7,Judges,12,13,Judges 12:13,3,יַת,,,,Jonathan,TARG
7,Judges,12,13,Judges 12:13,4,יִשְׂרָאֵל,,,,Jonathan,TARG
7,Judges,12,13,Judges 12:13,5,עַבְדוֹן,,,,Jonathan,TARG
7,Judges,12,13,Judges 12:13,6,בַּר,,,,Jonathan,TARG
7,Judges,12,13,Judges 12:13,7,הִלֵל,,,,Jonathan,TARG
7,Judges,12,13,Judges 12:13,8,דְמִפִּרְעָתוֹן:,,,,Jonathan,TARG
7,Judges,12,14,Judges 12:14,1,וַהֲוָה,,,,Jonathan,TARG
7,Judges,12,14,Judges 12:14,2,לֵיהּ,,,,Jonathan,TARG
7,Judges,12,14,Judges 12:14,3,אַרְבְּעִין,,,,Jonathan,TARG
7,Judges,12,14,Judges 12:14,4,בְּנִין,,,,Jonathan,TARG
7,Judges,12,14,Judges 12:14,5,וּתְלָתִין,,,,Jonathan,TARG
7,Judges,12,14,Judges 12:14,6,בְּנֵי,,,,Jonathan,TARG
7,Judges,12,14,Judges 12:14,7,בְנִין,,,,Jonathan,TARG
7,Judges,12,14,Judges 12:14,8,רְכִיבִין,,,,Jonathan,TARG
7,Judges,12,14,Judges 12:14,9,עַל,,,,Jonathan,TARG
7,Judges,12,14,Judges 12:14,10,שַׁבְעִין,,,,Jonathan,TARG
7,Judges,12,14,Judges 12:14,11,עַיְלִין,,,,Jonathan,TARG
7,Judges,12,14,Judges 12:14,12,וְדָן,,,,Jonathan,TARG
7,Judges,12,14,Judges 12:14,13,יַת,,,,Jonathan,TARG
7,Judges,12,14,Judges 12:14,14,יִשְׂרָאֵל,,,,Jonathan,TARG
7,Judges,12,14,Judges 12:14,15,תְּמַנְיָא,,,,Jonathan,TARG
7,Judges,12,14,Judges 12:14,16,שְׁנִין:,,,,Jonathan,TARG
7,Judges,12,15,Judges 12:15,1,וּמִית,,,,Jonathan,TARG
7,Judges,12,15,Judges 12:15,2,עַבְדוֹן,,,,Jonathan,TARG
7,Judges,12,15,Judges 12:15,3,בַּר,,,,Jonathan,TARG
7,Judges,12,15,Judges 12:15,4,הִלֵל,,,,Jonathan,TARG
7,Judges,12,15,Judges 12:15,5,דְמִפִּרְעָתוֹן,,,,Jonathan,TARG
7,Judges,12,15,Judges 12:15,6,וְאִתְקְבַר,,,,Jonathan,TARG
7,Judges,12,15,Judges 12:15,7,בְּפִרְעָתוֹן,,,,Jonathan,TARG
7,Judges,12,15,Judges 12:15,8,בְּאַרַע,,,,Jonathan,TARG
7,Judges,12,15,Judges 12:15,9,שִׁבְטָא,,,,Jonathan,TARG
7,Judges,12,15,Judges 12:15,10,דְאֶפְרַיִם,,,,Jonathan,TARG
7,Judges,12,15,Judges 12:15,11,בְּטוּרָא,,,,Jonathan,TARG
7,Judges,12,15,Judges 12:15,12,דְבֵית,,,,Jonathan,TARG
7,Judges,12,15,Judges 12:15,13,עֲמָלֵק:,,,,Jonathan,TARG
7,Judges,13,1,Judges 13:1,1,וְאוֹסִיפוּ,,,,Jonathan,TARG
7,Judges,13,1,Judges 13:1,2,בְּנֵי,,,,Jonathan,TARG
7,Judges,13,1,Judges 13:1,3,יִשְׂרָאֵל,,,,Jonathan,TARG
7,Judges,13,1,Judges 13:1,4,לְמֶעְבַּד,,,,Jonathan,TARG
7,Judges,13,1,Judges 13:1,5,דְבִישׁ,,,,Jonathan,TARG
7,Judges,13,1,Judges 13:1,6,קֳדָם,,,,Jonathan,TARG
7,Judges,13,1,Judges 13:1,7,יְיָ,,,,Jonathan,TARG
7,Judges,13,1,Judges 13:1,8,וּמַסְרִינוּן,,,,Jonathan,TARG
7,Judges,13,1,Judges 13:1,9,יְיָ,,,,Jonathan,TARG
7,Judges,13,1,Judges 13:1,10,בִידָא,,,,Jonathan,TARG
7,Judges,13,1,Judges 13:1,11,דִפְלִשְׁתָּאֵי,,,,Jonathan,TARG
7,Judges,13,1,Judges 13:1,12,אַרְבְּעִין,,,,Jonathan,TARG
7,Judges,13,1,Judges 13:1,13,שְׁנִין:,,,,Jonathan,TARG
7,Judges,13,2,Judges 13:2,1,וַהֲוָה,,,,Jonathan,TARG
7,Judges,13,2,Judges 13:2,2,גַבְרָא,,,,Jonathan,TARG
7,Judges,13,2,Judges 13:2,3,חַד,,,,Jonathan,TARG
7,Judges,13,2,Judges 13:2,4,מִצָרְעָה,,,,Jonathan,TARG
7,Judges,13,2,Judges 13:2,5,מִזַרְעִית,,,,Jonathan,TARG
7,Judges,13,2,Judges 13:2,6,דָן,,,,Jonathan,TARG
7,Judges,13,2,Judges 13:2,7,וּשְׁמֵיהּ,,,,Jonathan,TARG
7,Judges,13,2,Judges 13:2,8,מָנוֹחַ,,,,Jonathan,TARG
7,Judges,13,2,Judges 13:2,9,וְאִתְּתֵיהּ,,,,Jonathan,TARG
7,Judges,13,2,Judges 13:2,10,עֲקָרָה,,,,Jonathan,TARG
7,Judges,13,2,Judges 13:2,11,לֵית,,,,Jonathan,TARG
7,Judges,13,2,Judges 13:2,12,לָהּ,,,,Jonathan,TARG
7,Judges,13,2,Judges 13:2,13,וְלָד:,,,,Jonathan,TARG
7,Judges,13,3,Judges 13:3,1,וְאִתְחֲזֵי,,,,Jonathan,TARG
7,Judges,13,3,Judges 13:3,2,מַלְאָכָא,,,,Jonathan,TARG
7,Judges,13,3,Judges 13:3,3,דַייָ,,,,Jonathan,TARG
7,Judges,13,3,Judges 13:3,4,לְאִתְּתָא,,,,Jonathan,TARG
7,Judges,13,3,Judges 13:3,5,וַאֲמַר,,,,Jonathan,TARG
7,Judges,13,3,Judges 13:3,6,לָהּ,,,,Jonathan,TARG
7,Judges,13,3,Judges 13:3,7,הָא,,,,Jonathan,TARG
7,Judges,13,3,Judges 13:3,8,כְעַן,,,,Jonathan,TARG
7,Judges,13,3,Judges 13:3,9,אַתְּ,,,,Jonathan,TARG
7,Judges,13,3,Judges 13:3,10,עֲקְרָא,,,,Jonathan,TARG
7,Judges,13,3,Judges 13:3,11,וְלֵית,,,,Jonathan,TARG
7,Judges,13,3,Judges 13:3,12,לִיךְ,,,,Jonathan,TARG
7,Judges,13,3,Judges 13:3,13,וְלָד,,,,Jonathan,TARG
7,Judges,13,3,Judges 13:3,14,וְתַעֲדִין,,,,Jonathan,TARG
7,Judges,13,3,Judges 13:3,15,וְתֵלְדִין,,,,Jonathan,TARG
7,Judges,13,3,Judges 13:3,16,בַּר:,,,,Jonathan,TARG
7,Judges,13,4,Judges 13:4,1,וּכְעַן,,,,Jonathan,TARG
7,Judges,13,4,Judges 13:4,2,אִסְתַּמָרִי,,,,Jonathan,TARG
7,Judges,13,4,Judges 13:4,3,כְעַן,,,,Jonathan,TARG
7,Judges,13,4,Judges 13:4,4,וְלָא,,,,Jonathan,TARG
7,Judges,13,4,Judges 13:4,5,תִשְׁתִּין,,,,Jonathan,TARG
7,Judges,13,4,Judges 13:4,6,חֲמַר,,,,Jonathan,TARG
7,Judges,13,4,Judges 13:4,7,חֲדַת,,,,Jonathan,TARG
7,Judges,13,4,Judges 13:4,8,וְעַתִּיק,,,,Jonathan,TARG
7,Judges,13,4,Judges 13:4,9,וְלָא,,,,Jonathan,TARG
7,Judges,13,4,Judges 13:4,10,תֵיכְלִין,,,,Jonathan,TARG
7,Judges,13,4,Judges 13:4,11,כָּל,,,,Jonathan,TARG
7,Judges,13,4,Judges 13:4,12,מְסָאָב:,,,,Jonathan,TARG
7,Judges,13,5,Judges 13:5,1,אֲרֵי,,,,Jonathan,TARG
7,Judges,13,5,Judges 13:5,2,הָא,,,,Jonathan,TARG
7,Judges,13,5,Judges 13:5,3,אַתְּ,,,,Jonathan,TARG
7,Judges,13,5,Judges 13:5,4,מְעַדְיָא,,,,Jonathan,TARG
7,Judges,13,5,Judges 13:5,5,וְתֵלְדִין,,,,Jonathan,TARG
7,Judges,13,5,Judges 13:5,6,בַּר,,,,Jonathan,TARG
7,Judges,13,5,Judges 13:5,7,וּמִסְפַּר,,,,Jonathan,TARG
7,Judges,13,5,Judges 13:5,8,לָא,,,,Jonathan,TARG
7,Judges,13,5,Judges 13:5,9,יֶעְבַר,,,,Jonathan,TARG
7,Judges,13,5,Judges 13:5,10,עַל,,,,Jonathan,TARG
7,Judges,13,5,Judges 13:5,11,רֵישֵׁיהּ,,,,Jonathan,TARG
7,Judges,13,5,Judges 13:5,12,אֲרֵי,,,,Jonathan,TARG
7,Judges,13,5,Judges 13:5,13,נְזִירָא,,,,Jonathan,TARG
7,Judges,13,5,Judges 13:5,14,דַייָ,,,,Jonathan,TARG
7,Judges,13,5,Judges 13:5,15,יְהֵי,,,,Jonathan,TARG
7,Judges,13,5,Judges 13:5,16,רַבְיָא,,,,Jonathan,TARG
7,Judges,13,5,Judges 13:5,17,מִן,,,,Jonathan,TARG
7,Judges,13,5,Judges 13:5,18,בִּטְנָא,,,,Jonathan,TARG
7,Judges,13,5,Judges 13:5,19,וְהוּא,,,,Jonathan,TARG
7,Judges,13,5,Judges 13:5,20,יִשְׁרֵי,,,,Jonathan,TARG
7,Judges,13,5,Judges 13:5,21,לְמִפְרַק,,,,Jonathan,TARG
7,Judges,13,5,Judges 13:5,22,יַת,,,,Jonathan,TARG
7,Judges,13,5,Judges 13:5,23,יִשְׂרָאֵל,,,,Jonathan,TARG
7,Judges,13,5,Judges 13:5,24,מִידָא,,,,Jonathan,TARG
7,Judges,13,5,Judges 13:5,25,דִפְלִשְׁתָּאֵי:,,,,Jonathan,TARG
7,Judges,13,6,Judges 13:6,1,וַאֲתַת,,,,Jonathan,TARG
7,Judges,13,6,Judges 13:6,2,אִתְּתָא,,,,Jonathan,TARG
7,Judges,13,6,Judges 13:6,3,וַאֲמַרַת,,,,Jonathan,TARG
7,Judges,13,6,Judges 13:6,4,לְבַעֲלָהּ,,,,Jonathan,TARG
7,Judges,13,6,Judges 13:6,5,לְמֵימַר,,,,Jonathan,TARG
7,Judges,13,6,Judges 13:6,6,נְבִיָא,,,,Jonathan,TARG
7,Judges,13,6,Judges 13:6,7,דַייָ,,,,Jonathan,TARG
7,Judges,13,6,Judges 13:6,8,אֲתָא,,,,Jonathan,TARG
7,Judges,13,6,Judges 13:6,9,לְוָתִי,,,,Jonathan,TARG
7,Judges,13,6,Judges 13:6,10,וְחֶזְוֵיהּ,,,,Jonathan,TARG
7,Judges,13,6,Judges 13:6,11,כְּחֵיזוּ,,,,Jonathan,TARG
7,Judges,13,6,Judges 13:6,12,מַלְאָכָא,,,,Jonathan,TARG
7,Judges,13,6,Judges 13:6,13,דַייָ,,,,Jonathan,TARG
7,Judges,13,6,Judges 13:6,14,חָסִין,,,,Jonathan,TARG
7,Judges,13,6,Judges 13:6,15,לַחֲדָא,,,,Jonathan,TARG
7,Judges,13,6,Judges 13:6,16,וְלָא,,,,Jonathan,TARG
7,Judges,13,6,Judges 13:6,17,שְׁאִלְתֵּיהּ,,,,Jonathan,TARG
7,Judges,13,6,Judges 13:6,18,אֵי,,,,Jonathan,TARG
7,Judges,13,6,Judges 13:6,19,מִדֵין,,,,Jonathan,TARG
7,Judges,13,6,Judges 13:6,20,הוּא,,,,Jonathan,TARG
7,Judges,13,6,Judges 13:6,21,וְיַת,,,,Jonathan,TARG
7,Judges,13,6,Judges 13:6,22,שְׁמֵיהּ,,,,Jonathan,TARG
7,Judges,13,6,Judges 13:6,23,לָא,,,,Jonathan,TARG
7,Judges,13,6,Judges 13:6,24,חֲוֵי,,,,Jonathan,TARG
7,Judges,13,6,Judges 13:6,25,לִי:,,,,Jonathan,TARG
7,Judges,13,7,Judges 13:7,1,וַאֲמַר,,,,Jonathan,TARG
7,Judges,13,7,Judges 13:7,2,לִי,,,,Jonathan,TARG
7,Judges,13,7,Judges 13:7,3,הָא,,,,Jonathan,TARG
7,Judges,13,7,Judges 13:7,4,אַתְּ,,,,Jonathan,TARG
7,Judges,13,7,Judges 13:7,5,מְעַדְיָא,,,,Jonathan,TARG
7,Judges,13,7,Judges 13:7,6,וּתְלִידִין,,,,Jonathan,TARG
7,Judges,13,7,Judges 13:7,7,בַּר,,,,Jonathan,TARG
7,Judges,13,7,Judges 13:7,8,וּכְעַן,,,,Jonathan,TARG
7,Judges,13,7,Judges 13:7,9,לָא,,,,Jonathan,TARG
7,Judges,13,7,Judges 13:7,10,תִשְׁתִּין,,,,Jonathan,TARG
7,Judges,13,7,Judges 13:7,11,חֲמַר,,,,Jonathan,TARG
7,Judges,13,7,Judges 13:7,12,חֲדַת,,,,Jonathan,TARG
7,Judges,13,7,Judges 13:7,13,וְעַתִּיק,,,,Jonathan,TARG
7,Judges,13,7,Judges 13:7,14,וְלָא,,,,Jonathan,TARG
7,Judges,13,7,Judges 13:7,15,תֵיכְלִין,,,,Jonathan,TARG
7,Judges,13,7,Judges 13:7,16,כָּל,,,,Jonathan,TARG
7,Judges,13,7,Judges 13:7,17,מְסָאָב,,,,Jonathan,TARG
7,Judges,13,7,Judges 13:7,18,אֲרֵי,,,,Jonathan,TARG
7,Judges,13,7,Judges 13:7,19,נְזִירָא,,,,Jonathan,TARG
7,Judges,13,7,Judges 13:7,20,דַיְיָ,,,,Jonathan,TARG
7,Judges,13,7,Judges 13:7,21,יְהֵי,,,,Jonathan,TARG
7,Judges,13,7,Judges 13:7,22,רַבְיָא,,,,Jonathan,TARG
7,Judges,13,7,Judges 13:7,23,מִן,,,,Jonathan,TARG
7,Judges,13,7,Judges 13:7,24,בִּטְנָא,,,,Jonathan,TARG
7,Judges,13,7,Judges 13:7,25,עַד,,,,Jonathan,TARG
7,Judges,13,7,Judges 13:7,26,יוֹם,,,,Jonathan,TARG
7,Judges,13,7,Judges 13:7,27,מוֹתֵיהּ:,,,,Jonathan,TARG
7,Judges,13,8,Judges 13:8,1,וְצַלִי,,,,Jonathan,TARG
7,Judges,13,8,Judges 13:8,2,מָנוֹחַ,,,,Jonathan,TARG
7,Judges,13,8,Judges 13:8,3,קֳדָם,,,,Jonathan,TARG
7,Judges,13,8,Judges 13:8,4,יְיָ,,,,Jonathan,TARG
7,Judges,13,8,Judges 13:8,5,וַאֲמַר,,,,Jonathan,TARG
7,Judges,13,8,Judges 13:8,6,בְבָעוּ,,,,Jonathan,TARG
7,Judges,13,8,Judges 13:8,7,יְיָ,,,,Jonathan,TARG
7,Judges,13,8,Judges 13:8,8,נְבִיָא,,,,Jonathan,TARG
7,Judges,13,8,Judges 13:8,9,דַייָ,,,,Jonathan,TARG
7,Judges,13,8,Judges 13:8,10,דִשְׁלַחְתָּא,,,,Jonathan,TARG
7,Judges,13,8,Judges 13:8,11,יֵיתֵי,,,,Jonathan,TARG
7,Judges,13,8,Judges 13:8,12,כְעַן,,,,Jonathan,TARG
7,Judges,13,8,Judges 13:8,13,עוֹד,,,,Jonathan,TARG
7,Judges,13,8,Judges 13:8,14,לְוָתָנָא,,,,Jonathan,TARG
7,Judges,13,8,Judges 13:8,15,וְיַלְפִינָנָא,,,,Jonathan,TARG
7,Judges,13,8,Judges 13:8,16,מַה,,,,Jonathan,TARG
7,Judges,13,8,Judges 13:8,17,נַעְבֵּד,,,,Jonathan,TARG
7,Judges,13,8,Judges 13:8,18,לְרַבְיָא,,,,Jonathan,TARG
7,Judges,13,8,Judges 13:8,19,דְאִתְיְלִיד:,,,,Jonathan,TARG
7,Judges,13,9,Judges 13:9,1,וּשְׁמִיעַ,,,,Jonathan,TARG
7,Judges,13,9,Judges 13:9,2,קֳדָם,,,,Jonathan,TARG
7,Judges,13,9,Judges 13:9,3,יְיָ,,,,Jonathan,TARG
7,Judges,13,9,Judges 13:9,4,צְלוֹתֵיהּ,,,,Jonathan,TARG
7,Judges,13,9,Judges 13:9,5,דְמָנוֹחַ,,,,Jonathan,TARG
7,Judges,13,9,Judges 13:9,6,וַאֲתָא,,,,Jonathan,TARG
7,Judges,13,9,Judges 13:9,7,מַלְאָכָא,,,,Jonathan,TARG
7,Judges,13,9,Judges 13:9,8,דַייָ,,,,Jonathan,TARG
7,Judges,13,9,Judges 13:9,9,עוֹד,,,,Jonathan,TARG
7,Judges,13,9,Judges 13:9,10,לְוַת,,,,Jonathan,TARG
7,Judges,13,9,Judges 13:9,11,אִתְּתָא,,,,Jonathan,TARG
7,Judges,13,9,Judges 13:9,12,וְהִיא,,,,Jonathan,TARG
7,Judges,13,9,Judges 13:9,13,יַתְבָא,,,,Jonathan,TARG
7,Judges,13,9,Judges 13:9,14,בְּחַקְלָא,,,,Jonathan,TARG
7,Judges,13,9,Judges 13:9,15,וּמָנוֹחַ,,,,Jonathan,TARG
7,Judges,13,9,Judges 13:9,16,בַּעֲלָהּ,,,,Jonathan,TARG
7,Judges,13,9,Judges 13:9,17,לֵית,,,,Jonathan,TARG
7,Judges,13,9,Judges 13:9,18,עִמָהּ:,,,,Jonathan,TARG
7,Judges,13,10,Judges 13:10,1,וְאוֹחִיאַת,,,,Jonathan,TARG
7,Judges,13,10,Judges 13:10,2,אִתְּתָא,,,,Jonathan,TARG
7,Judges,13,10,Judges 13:10,3,וּרְהָטַת,,,,Jonathan,TARG
7,Judges,13,10,Judges 13:10,4,וְחַוִיאַת,,,,Jonathan,TARG
7,Judges,13,10,Judges 13:10,5,לְבַעֲלָהּ,,,,Jonathan,TARG
7,Judges,13,10,Judges 13:10,6,וַאֲמַרַת,,,,Jonathan,TARG
7,Judges,13,10,Judges 13:10,7,לֵיהּ,,,,Jonathan,TARG
7,Judges,13,10,Judges 13:10,8,הָא,,,,Jonathan,TARG
7,Judges,13,10,Judges 13:10,9,אִתְחַזֵי,,,,Jonathan,TARG
7,Judges,13,10,Judges 13:10,10,לִי,,,,Jonathan,TARG
7,Judges,13,10,Judges 13:10,11,גַבְרָא,,,,Jonathan,TARG
7,Judges,13,10,Judges 13:10,12,דִי,,,,Jonathan,TARG
7,Judges,13,10,Judges 13:10,13,אָתָא,,,,Jonathan,TARG
7,Judges,13,10,Judges 13:10,14,בְיוֹמָא,,,,Jonathan,TARG
7,Judges,13,10,Judges 13:10,15,דֵיכִי,,,,Jonathan,TARG
7,Judges,13,10,Judges 13:10,16,לְוָתִי:,,,,Jonathan,TARG
7,Judges,13,11,Judges 13:11,1,וְקָם,,,,Jonathan,TARG
7,Judges,13,11,Judges 13:11,2,וַאֲזַל,,,,Jonathan,TARG
7,Judges,13,11,Judges 13:11,3,מָנוֹחַ,,,,Jonathan,TARG
7,Judges,13,11,Judges 13:11,4,בָּתַר,,,,Jonathan,TARG
7,Judges,13,11,Judges 13:11,5,אִתְּתֵיהּ,,,,Jonathan,TARG
7,Judges,13,11,Judges 13:11,6,וַאֲתָא,,,,Jonathan,TARG
7,Judges,13,11,Judges 13:11,7,לְוַת,,,,Jonathan,TARG
7,Judges,13,11,Judges 13:11,8,גַבְרָא,,,,Jonathan,TARG
7,Judges,13,11,Judges 13:11,9,וַאֲמַר,,,,Jonathan,TARG
7,Judges,13,11,Judges 13:11,10,לֵיהּ,,,,Jonathan,TARG
7,Judges,13,11,Judges 13:11,11,הַאַתְּ,,,,Jonathan,TARG
7,Judges,13,11,Judges 13:11,12,גַבְרָא,,,,Jonathan,TARG
7,Judges,13,11,Judges 13:11,13,דִי,,,,Jonathan,TARG
7,Judges,13,11,Judges 13:11,14,מַלַלְתָּא,,,,Jonathan,TARG
7,Judges,13,11,Judges 13:11,15,עִם,,,,Jonathan,TARG
7,Judges,13,11,Judges 13:11,16,אִתְּתָא,,,,Jonathan,TARG
7,Judges,13,11,Judges 13:11,17,וַאֲמַר,,,,Jonathan,TARG
7,Judges,13,11,Judges 13:11,18,אֲנָא:,,,,Jonathan,TARG
7,Judges,13,12,Judges 13:12,1,וַאֲמַר,,,,Jonathan,TARG
7,Judges,13,12,Judges 13:12,2,מָנוֹחַ,,,,Jonathan,TARG
7,Judges,13,12,Judges 13:12,3,כְּעַן,,,,Jonathan,TARG
7,Judges,13,12,Judges 13:12,4,יִתְקַיְמוּן,,,,Jonathan,TARG
7,Judges,13,12,Judges 13:12,5,פִּתְגָמָךְ,,,,Jonathan,TARG
7,Judges,13,12,Judges 13:12,6,מַה,,,,Jonathan,TARG
7,Judges,13,12,Judges 13:12,7,יְהֵא,,,,Jonathan,TARG
7,Judges,13,12,Judges 13:12,8,דַחַזֵי,,,,Jonathan,TARG
7,Judges,13,12,Judges 13:12,9,לְרַבְיָא,,,,Jonathan,TARG
7,Judges,13,12,Judges 13:12,10,וּמַה,,,,Jonathan,TARG
7,Judges,13,12,Judges 13:12,11,נַעְבֵּיד,,,,Jonathan,TARG
7,Judges,13,12,Judges 13:12,12,לֵיהּ:,,,,Jonathan,TARG
7,Judges,13,13,Judges 13:13,1,וַאֲמַר,,,,Jonathan,TARG
7,Judges,13,13,Judges 13:13,2,מַלְאָכָא,,,,Jonathan,TARG
7,Judges,13,13,Judges 13:13,3,דַייָ,,,,Jonathan,TARG
7,Judges,13,13,Judges 13:13,4,לְמָנוֹחַ,,,,Jonathan,TARG
7,Judges,13,13,Judges 13:13,5,מִכֹּל,,,,Jonathan,TARG
7,Judges,13,13,Judges 13:13,6,דַאֲמַרִית,,,,Jonathan,TARG
7,Judges,13,13,Judges 13:13,7,לְאִתְּתָא,,,,Jonathan,TARG
7,Judges,13,13,Judges 13:13,8,תִּסְתַּמָר:,,,,Jonathan,TARG
7,Judges,13,14,Judges 13:14,1,מִכֹּל,,,,Jonathan,TARG
7,Judges,13,14,Judges 13:14,2,דְיִפּוֹק,,,,Jonathan,TARG
7,Judges,13,14,Judges 13:14,3,מִגוּפְנָא,,,,Jonathan,TARG
7,Judges,13,14,Judges 13:14,4,דְחַמְרָא,,,,Jonathan,TARG
7,Judges,13,14,Judges 13:14,5,לָא,,,,Jonathan,TARG
7,Judges,13,14,Judges 13:14,6,תֵיכוּל,,,,Jonathan,TARG
7,Judges,13,14,Judges 13:14,7,וַחֲמַר,,,,Jonathan,TARG
7,Judges,13,14,Judges 13:14,8,חֲדַת,,,,Jonathan,TARG
7,Judges,13,14,Judges 13:14,9,וְעַתִּיק,,,,Jonathan,TARG
7,Judges,13,14,Judges 13:14,10,לָא,,,,Jonathan,TARG
7,Judges,13,14,Judges 13:14,11,תִשְׁתֵּי,,,,Jonathan,TARG
7,Judges,13,14,Judges 13:14,12,וְכָל,,,,Jonathan,TARG
7,Judges,13,14,Judges 13:14,13,מְסָאָב,,,,Jonathan,TARG
7,Judges,13,14,Judges 13:14,14,לָא,,,,Jonathan,TARG
7,Judges,13,14,Judges 13:14,15,תֵיכוּל,,,,Jonathan,TARG
7,Judges,13,14,Judges 13:14,16,כָּל,,,,Jonathan,TARG
7,Judges,13,14,Judges 13:14,17,דִי,,,,Jonathan,TARG
7,Judges,13,14,Judges 13:14,18,פַקֵידְתָּהּ,,,,Jonathan,TARG
7,Judges,13,14,Judges 13:14,19,תִּטָר:,,,,Jonathan,TARG
7,Judges,13,15,Judges 13:15,1,וַאֲמַר,,,,Jonathan,TARG
7,Judges,13,15,Judges 13:15,2,מָנוֹחַ,,,,Jonathan,TARG
7,Judges,13,15,Judges 13:15,3,לְמַלְאָכָא,,,,Jonathan,TARG
7,Judges,13,15,Judges 13:15,4,דַייָ,,,,Jonathan,TARG
7,Judges,13,15,Judges 13:15,5,נֵיחוֹד,,,,Jonathan,TARG
7,Judges,13,15,Judges 13:15,6,כְּעַן,,,,Jonathan,TARG
7,Judges,13,15,Judges 13:15,7,יָתָךְ,,,,Jonathan,TARG
7,Judges,13,15,Judges 13:15,8,וְנַעְבֵּיד,,,,Jonathan,TARG
7,Judges,13,15,Judges 13:15,9,קֳדָמָךְ,,,,Jonathan,TARG
7,Judges,13,15,Judges 13:15,10,גַדְיָא,,,,Jonathan,TARG
7,Judges,13,15,Judges 13:15,11,בַּר,,,,Jonathan,TARG
7,Judges,13,15,Judges 13:15,12,עִזֵי:,,,,Jonathan,TARG
7,Judges,13,16,Judges 13:16,1,וַאֲמַר,,,,Jonathan,TARG
7,Judges,13,16,Judges 13:16,2,מַלְאָכָא,,,,Jonathan,TARG
7,Judges,13,16,Judges 13:16,3,דַייָ,,,,Jonathan,TARG
7,Judges,13,16,Judges 13:16,4,לְמָנוֹחַ,,,,Jonathan,TARG
7,Judges,13,16,Judges 13:16,5,אִם,,,,Jonathan,TARG
7,Judges,13,16,Judges 13:16,6,תַּחֲדִינַנִי,,,,Jonathan,TARG
7,Judges,13,16,Judges 13:16,7,לָא,,,,Jonathan,TARG
7,Judges,13,16,Judges 13:16,8,אֵיכוּל,,,,Jonathan,TARG
7,Judges,13,16,Judges 13:16,9,בְּלַחְמָךְ,,,,Jonathan,TARG
7,Judges,13,16,Judges 13:16,10,וְאִם,,,,Jonathan,TARG
7,Judges,13,16,Judges 13:16,11,תַּעְבֵּיד,,,,Jonathan,TARG
7,Judges,13,16,Judges 13:16,12,עֲלָתָא,,,,Jonathan,TARG
7,Judges,13,16,Judges 13:16,13,קֳדָם,,,,Jonathan,TARG
7,Judges,13,16,Judges 13:16,14,יְיָ,,,,Jonathan,TARG
7,Judges,13,16,Judges 13:16,15,תַּסְקִינָהּ,,,,Jonathan,TARG
7,Judges,13,16,Judges 13:16,16,אֲרֵי,,,,Jonathan,TARG
7,Judges,13,16,Judges 13:16,17,לָא,,,,Jonathan,TARG
7,Judges,13,16,Judges 13:16,18,יְדַע,,,,Jonathan,TARG
7,Judges,13,16,Judges 13:16,19,מָנוֹחַ,,,,Jonathan,TARG
7,Judges,13,16,Judges 13:16,20,אֲרֵי,,,,Jonathan,TARG
7,Judges,13,16,Judges 13:16,21,מַלְאָכָא,,,,Jonathan,TARG
7,Judges,13,16,Judges 13:16,22,דַייָ,,,,Jonathan,TARG
7,Judges,13,16,Judges 13:16,23,הוּא:,,,,Jonathan,TARG
7,Judges,13,17,Judges 13:17,1,וַאֲמַר,,,,Jonathan,TARG
7,Judges,13,17,Judges 13:17,2,מָנוֹחַ,,,,Jonathan,TARG
7,Judges,13,17,Judges 13:17,3,לְמַלְאָכָא,,,,Jonathan,TARG
7,Judges,13,17,Judges 13:17,4,דַייָ,,,,Jonathan,TARG
7,Judges,13,17,Judges 13:17,5,מַה,,,,Jonathan,TARG
7,Judges,13,17,Judges 13:17,6,שְׁמָךְ,,,,Jonathan,TARG
7,Judges,13,17,Judges 13:17,7,אֲרֵי,,,,Jonathan,TARG
7,Judges,13,17,Judges 13:17,8,יִתְקַיְמוּן,,,,Jonathan,TARG
7,Judges,13,17,Judges 13:17,9,פִּתְגָמָךְ,,,,Jonathan,TARG
7,Judges,13,17,Judges 13:17,10,וּנְיַקְרִינָךְ:,,,,Jonathan,TARG
7,Judges,13,18,Judges 13:18,1,וַאֲמַר,,,,Jonathan,TARG
7,Judges,13,18,Judges 13:18,2,לֵיהּ,,,,Jonathan,TARG
7,Judges,13,18,Judges 13:18,3,מַלְאָכָא,,,,Jonathan,TARG
7,Judges,13,18,Judges 13:18,4,דַייָ,,,,Jonathan,TARG
7,Judges,13,18,Judges 13:18,5,לְמָא,,,,Jonathan,TARG
7,Judges,13,18,Judges 13:18,6,דְנַן,,,,Jonathan,TARG
7,Judges,13,18,Judges 13:18,7,אַתְּ,,,,Jonathan,TARG
7,Judges,13,18,Judges 13:18,8,שָׁאֵיל,,,,Jonathan,TARG
7,Judges,13,18,Judges 13:18,9,לִשְׁמִי,,,,Jonathan,TARG
7,Judges,13,18,Judges 13:18,10,וְהוּא,,,,Jonathan,TARG
7,Judges,13,18,Judges 13:18,11,מְפָרָשׁ:,,,,Jonathan,TARG
7,Judges,13,19,Judges 13:19,1,וּנְסִיב,,,,Jonathan,TARG
7,Judges,13,19,Judges 13:19,2,מָנוֹחַ,,,,Jonathan,TARG
7,Judges,13,19,Judges 13:19,3,יַת,,,,Jonathan,TARG
7,Judges,13,19,Judges 13:19,4,גַדְיָא,,,,Jonathan,TARG
7,Judges,13,19,Judges 13:19,5,בַּר,,,,Jonathan,TARG
7,Judges,13,19,Judges 13:19,6,עִזֵי,,,,Jonathan,TARG
7,Judges,13,19,Judges 13:19,7,וְיַת,,,,Jonathan,TARG
7,Judges,13,19,Judges 13:19,8,תִּקְרוֹבְתָּא,,,,Jonathan,TARG
7,Judges,13,19,Judges 13:19,9,וְאַסִיק,,,,Jonathan,TARG
7,Judges,13,19,Judges 13:19,10,עַל,,,,Jonathan,TARG
7,Judges,13,19,Judges 13:19,11,טִינָרָא,,,,Jonathan,TARG
7,Judges,13,19,Judges 13:19,12,קֳדָם,,,,Jonathan,TARG
7,Judges,13,19,Judges 13:19,13,יְיָ,,,,Jonathan,TARG
7,Judges,13,19,Judges 13:19,14,וּמַפְרַשׁ,,,,Jonathan,TARG
7,Judges,13,19,Judges 13:19,15,לְמֶעְבַּד,,,,Jonathan,TARG
7,Judges,13,19,Judges 13:19,16,וּמָנוֹחַ,,,,Jonathan,TARG
7,Judges,13,19,Judges 13:19,17,וְאִתְּתֵיהּ,,,,Jonathan,TARG
7,Judges,13,19,Judges 13:19,18,חָזָן:,,,,Jonathan,TARG
7,Judges,13,20,Judges 13:20,1,וַהֲוָה,,,,Jonathan,TARG
7,Judges,13,20,Judges 13:20,2,בְּמֵיסַק,,,,Jonathan,TARG
7,Judges,13,20,Judges 13:20,3,שַׁלְהוֹבִיתָא,,,,Jonathan,TARG
7,Judges,13,20,Judges 13:20,4,מֵעִלַוֵי,,,,Jonathan,TARG
7,Judges,13,20,Judges 13:20,5,מַדְבְּחָא,,,,Jonathan,TARG
7,Judges,13,20,Judges 13:20,6,לְצֵית,,,,Jonathan,TARG
7,Judges,13,20,Judges 13:20,7,שְׁמַיָא,,,,Jonathan,TARG
7,Judges,13,20,Judges 13:20,8,וּסְלֵיק,,,,Jonathan,TARG
7,Judges,13,20,Judges 13:20,9,מַלְאָכָא,,,,Jonathan,TARG
7,Judges,13,20,Judges 13:20,10,דַייָ,,,,Jonathan,TARG
7,Judges,13,20,Judges 13:20,11,בְּשַׁלְהוֹבִית,,,,Jonathan,TARG
7,Judges,13,20,Judges 13:20,12,מַדְבְּחָא,,,,Jonathan,TARG
7,Judges,13,20,Judges 13:20,13,וּמָנוֹחַ,,,,Jonathan,TARG
7,Judges,13,20,Judges 13:20,14,וְאִתְּתֵיהּ,,,,Jonathan,TARG
7,Judges,13,20,Judges 13:20,15,חָזָן,,,,Jonathan,TARG
7,Judges,13,20,Judges 13:20,16,וּנְפַלוּ,,,,Jonathan,TARG
7,Judges,13,20,Judges 13:20,17,עַל,,,,Jonathan,TARG
7,Judges,13,20,Judges 13:20,18,אַפֵּיהוֹן,,,,Jonathan,TARG
7,Judges,13,20,Judges 13:20,19,עַל,,,,Jonathan,TARG
7,Judges,13,20,Judges 13:20,20,אַרְעָא:,,,,Jonathan,TARG
7,Judges,13,21,Judges 13:21,1,וְלָא,,,,Jonathan,TARG
7,Judges,13,21,Judges 13:21,2,אוֹסִיף,,,,Jonathan,TARG
7,Judges,13,21,Judges 13:21,3,עוֹד,,,,Jonathan,TARG
7,Judges,13,21,Judges 13:21,4,מַלְאָכָא,,,,Jonathan,TARG
7,Judges,13,21,Judges 13:21,5,דַייָ,,,,Jonathan,TARG
7,Judges,13,21,Judges 13:21,6,לְאִתְחַזָאָה,,,,Jonathan,TARG
7,Judges,13,21,Judges 13:21,7,לְמָנוֹחַ,,,,Jonathan,TARG
7,Judges,13,21,Judges 13:21,8,וּלְאִתְּתֵיהּ,,,,Jonathan,TARG
7,Judges,13,21,Judges 13:21,9,בְּכֵן,,,,Jonathan,TARG
7,Judges,13,21,Judges 13:21,10,יְדַע,,,,Jonathan,TARG
7,Judges,13,21,Judges 13:21,11,מָנוֹחַ,,,,Jonathan,TARG
7,Judges,13,21,Judges 13:21,12,אֲרֵי,,,,Jonathan,TARG
7,Judges,13,21,Judges 13:21,13,מַלְאָכָא,,,,Jonathan,TARG
7,Judges,13,21,Judges 13:21,14,דַייָ,,,,Jonathan,TARG
7,Judges,13,21,Judges 13:21,15,הוּא:,,,,Jonathan,TARG
7,Judges,13,22,Judges 13:22,1,וַאֲמַר,,,,Jonathan,TARG
7,Judges,13,22,Judges 13:22,2,מָנוֹחַ,,,,Jonathan,TARG
7,Judges,13,22,Judges 13:22,3,לְאִתְּתֵיהּ,,,,Jonathan,TARG
7,Judges,13,22,Judges 13:22,4,מֵמַת,,,,Jonathan,TARG
7,Judges,13,22,Judges 13:22,5,נְמוּת,,,,Jonathan,TARG
7,Judges,13,22,Judges 13:22,6,אֲרֵי,,,,Jonathan,TARG
7,Judges,13,22,Judges 13:22,7,מַלְאָכָא,,,,Jonathan,TARG
7,Judges,13,22,Judges 13:22,8,דַייָ,,,,Jonathan,TARG
7,Judges,13,22,Judges 13:22,9,חֲזֵינָא:,,,,Jonathan,TARG
7,Judges,13,23,Judges 13:23,1,וַאֲמַרַת,,,,Jonathan,TARG
7,Judges,13,23,Judges 13:23,2,לֵיהּ,,,,Jonathan,TARG
7,Judges,13,23,Judges 13:23,3,אִתְּתֵיהּ,,,,Jonathan,TARG
7,Judges,13,23,Judges 13:23,4,אִלוּ,,,,Jonathan,TARG
7,Judges,13,23,Judges 13:23,5,רַעֲוָא,,,,Jonathan,TARG
7,Judges,13,23,Judges 13:23,6,קֳדָם,,,,Jonathan,TARG
7,Judges,13,23,Judges 13:23,7,יְיָ,,,,Jonathan,TARG
7,Judges,13,23,Judges 13:23,8,דִנְמוּת,,,,Jonathan,TARG
7,Judges,13,23,Judges 13:23,9,לָא,,,,Jonathan,TARG
7,Judges,13,23,Judges 13:23,10,קַבֵּיל,,,,Jonathan,TARG
7,Judges,13,23,Judges 13:23,11,מִנָנָא,,,,Jonathan,TARG
7,Judges,13,23,Judges 13:23,12,עֲלָתָא,,,,Jonathan,TARG
7,Judges,13,23,Judges 13:23,13,וּמִנְחָתָא,,,,Jonathan,TARG
7,Judges,13,23,Judges 13:23,14,וְלָא,,,,Jonathan,TARG
7,Judges,13,23,Judges 13:23,15,אַחֲזִינָנָא,,,,Jonathan,TARG
7,Judges,13,23,Judges 13:23,16,יַת,,,,Jonathan,TARG
7,Judges,13,23,Judges 13:23,17,כָּל,,,,Jonathan,TARG
7,Judges,13,23,Judges 13:23,18,אִלֵין,,,,Jonathan,TARG
7,Judges,13,23,Judges 13:23,19,וּכְעִידַן,,,,Jonathan,TARG
7,Judges,13,23,Judges 13:23,20,פּוֹן,,,,Jonathan,TARG
7,Judges,13,23,Judges 13:23,21,לָא,,,,Jonathan,TARG
7,Judges,13,23,Judges 13:23,22,אַשְׁמְעִינָנָא,,,,Jonathan,TARG
7,Judges,13,23,Judges 13:23,23,כַּהֲדָא:,,,,Jonathan,TARG
7,Judges,13,24,Judges 13:24,1,וִילֵדַת,,,,Jonathan,TARG
7,Judges,13,24,Judges 13:24,2,אִתְּתָא,,,,Jonathan,TARG
7,Judges,13,24,Judges 13:24,3,בַּר,,,,Jonathan,TARG
7,Judges,13,24,Judges 13:24,4,וּקְרַת,,,,Jonathan,TARG
7,Judges,13,24,Judges 13:24,5,יַת,,,,Jonathan,TARG
7,Judges,13,24,Judges 13:24,6,שְׁמֵיהּ,,,,Jonathan,TARG
7,Judges,13,24,Judges 13:24,7,שִׁמְשׁוֹן,,,,Jonathan,TARG
7,Judges,13,24,Judges 13:24,8,וּרְבָא,,,,Jonathan,TARG
7,Judges,13,24,Judges 13:24,9,רַבְיָא,,,,Jonathan,TARG
7,Judges,13,24,Judges 13:24,10,וּבָרְכֵיהּ,,,,Jonathan,TARG
7,Judges,13,24,Judges 13:24,11,יְיָ:,,,,Jonathan,TARG
7,Judges,13,25,Judges 13:25,1,וּשְׁרִיאַת,,,,Jonathan,TARG
7,Judges,13,25,Judges 13:25,2,רוּחַ,,,,Jonathan,TARG
7,Judges,13,25,Judges 13:25,3,גְבוּרָא,,,,Jonathan,TARG
7,Judges,13,25,Judges 13:25,4,מִן,,,,Jonathan,TARG
7,Judges,13,25,Judges 13:25,5,קֳדָם,,,,Jonathan,TARG
7,Judges,13,25,Judges 13:25,6,יְיָ,,,,Jonathan,TARG
7,Judges,13,25,Judges 13:25,7,לְתַקָפוּתֵיהּ,,,,Jonathan,TARG
7,Judges,13,25,Judges 13:25,8,בְּמַשִׁרְיַת,,,,Jonathan,TARG
7,Judges,13,25,Judges 13:25,9,דָן,,,,Jonathan,TARG
7,Judges,13,25,Judges 13:25,10,בֵּין,,,,Jonathan,TARG
7,Judges,13,25,Judges 13:25,11,צָרְעָה,,,,Jonathan,TARG
7,Judges,13,25,Judges 13:25,12,וּבֵין,,,,Jonathan,TARG
7,Judges,13,25,Judges 13:25,13,אֶשְׁתָּאֹל:,,,,Jonathan,TARG
7,Judges,14,1,Judges 14:1,1,וּנְחַת,,,,Jonathan,TARG
7,Judges,14,1,Judges 14:1,2,שִׁמְשׁוֹן,,,,Jonathan,TARG
7,Judges,14,1,Judges 14:1,3,לְתִמְנָת,,,,Jonathan,TARG
7,Judges,14,1,Judges 14:1,4,וַחֲזָא,,,,Jonathan,TARG
7,Judges,14,1,Judges 14:1,5,אִתְּתָא,,,,Jonathan,TARG
7,Judges,14,1,Judges 14:1,6,בְּתִמְנָת,,,,Jonathan,TARG
7,Judges,14,1,Judges 14:1,7,מִבְנַת,,,,Jonathan,TARG
7,Judges,14,1,Judges 14:1,8,פְּלִשְׁתָּאֵי:,,,,Jonathan,TARG
7,Judges,14,2,Judges 14:2,1,וּסְלִיק,,,,Jonathan,TARG
7,Judges,14,2,Judges 14:2,2,וְחַוִי,,,,Jonathan,TARG
7,Judges,14,2,Judges 14:2,3,לַאֲבוּהִי,,,,Jonathan,TARG
7,Judges,14,2,Judges 14:2,4,וּלְאִמֵיהּ,,,,Jonathan,TARG
7,Judges,14,2,Judges 14:2,5,וַאֲמַר,,,,Jonathan,TARG
7,Judges,14,2,Judges 14:2,6,אִתְּתָא,,,,Jonathan,TARG
7,Judges,14,2,Judges 14:2,7,חֲזֵיתִי,,,,Jonathan,TARG
7,Judges,14,2,Judges 14:2,8,בְּתִמְנָת,,,,Jonathan,TARG
7,Judges,14,2,Judges 14:2,9,מִבְּנַת,,,,Jonathan,TARG
7,Judges,14,2,Judges 14:2,10,פְּלִשְׁתָּאֵי,,,,Jonathan,TARG
7,Judges,14,2,Judges 14:2,11,וּכְעַן,,,,Jonathan,TARG
7,Judges,14,2,Judges 14:2,12,סָבוּ,,,,Jonathan,TARG
7,Judges,14,2,Judges 14:2,13,יָתָהּ,,,,Jonathan,TARG
7,Judges,14,2,Judges 14:2,14,לִי,,,,Jonathan,TARG
7,Judges,14,2,Judges 14:2,15,לְאִתּוּ:,,,,Jonathan,TARG
7,Judges,14,3,Judges 14:3,1,וַאֲמַרוּ,,,,Jonathan,TARG
7,Judges,14,3,Judges 14:3,2,לֵיהּ,,,,Jonathan,TARG
7,Judges,14,3,Judges 14:3,3,אֲבוּהִי,,,,Jonathan,TARG
7,Judges,14,3,Judges 14:3,4,וְאִמֵיהּ,,,,Jonathan,TARG
7,Judges,14,3,Judges 14:3,5,הָא,,,,Jonathan,TARG
7,Judges,14,3,Judges 14:3,6,לֵית,,,,Jonathan,TARG
7,Judges,14,3,Judges 14:3,7,בִּבְנַת,,,,Jonathan,TARG
7,Judges,14,3,Judges 14:3,8,אַחָךְ,,,,Jonathan,TARG
7,Judges,14,3,Judges 14:3,9,וּבְכָל,,,,Jonathan,TARG
7,Judges,14,3,Judges 14:3,10,עַמִי,,,,Jonathan,TARG
7,Judges,14,3,Judges 14:3,11,אִתְּתָא,,,,Jonathan,TARG
7,Judges,14,3,Judges 14:3,12,דְאַתְּ,,,,Jonathan,TARG
7,Judges,14,3,Judges 14:3,13,אָזֵיל,,,,Jonathan,TARG
7,Judges,14,3,Judges 14:3,14,לְמִיסַב,,,,Jonathan,TARG
7,Judges,14,3,Judges 14:3,15,אִתְּתָא,,,,Jonathan,TARG
7,Judges,14,3,Judges 14:3,16,מִפְּלִשְׁתָּאֵי,,,,Jonathan,TARG
7,Judges,14,3,Judges 14:3,17,עֲרֵלַיָא,,,,Jonathan,TARG
7,Judges,14,3,Judges 14:3,18,וַאֲמַר,,,,Jonathan,TARG
7,Judges,14,3,Judges 14:3,19,שִׁמְשׁוֹן,,,,Jonathan,TARG
7,Judges,14,3,Judges 14:3,20,לַאֲבוּהִי,,,,Jonathan,TARG
7,Judges,14,3,Judges 14:3,21,יָתָהּ,,,,Jonathan,TARG
7,Judges,14,3,Judges 14:3,22,סַב,,,,Jonathan,TARG
7,Judges,14,3,Judges 14:3,23,לִי,,,,Jonathan,TARG
7,Judges,14,3,Judges 14:3,24,אֲרֵי,,,,Jonathan,TARG
7,Judges,14,3,Judges 14:3,25,הִיא,,,,Jonathan,TARG
7,Judges,14,3,Judges 14:3,26,כַּשְׁרַת,,,,Jonathan,TARG
7,Judges,14,3,Judges 14:3,27,בְּעֵינָי:,,,,Jonathan,TARG
7,Judges,14,4,Judges 14:4,1,וַאֲבוּהִי,,,,Jonathan,TARG
7,Judges,14,4,Judges 14:4,2,וְאִמֵיהּ,,,,Jonathan,TARG
7,Judges,14,4,Judges 14:4,3,לָא,,,,Jonathan,TARG
7,Judges,14,4,Judges 14:4,4,יָדְעִין,,,,Jonathan,TARG
7,Judges,14,4,Judges 14:4,5,אֲרֵי,,,,Jonathan,TARG
7,Judges,14,4,Judges 14:4,6,מִן,,,,Jonathan,TARG
7,Judges,14,4,Judges 14:4,7,קֳדָם,,,,Jonathan,TARG
7,Judges,14,4,Judges 14:4,8,יְיָ,,,,Jonathan,TARG
7,Judges,14,4,Judges 14:4,9,הוּא,,,,Jonathan,TARG
7,Judges,14,4,Judges 14:4,10,אֲרֵי,,,,Jonathan,TARG
7,Judges,14,4,Judges 14:4,11,תוּסְקָפָא,,,,Jonathan,TARG
7,Judges,14,4,Judges 14:4,12,הוּא,,,,Jonathan,TARG
7,Judges,14,4,Judges 14:4,13,בָעֵי,,,,Jonathan,TARG
7,Judges,14,4,Judges 14:4,14,לְאִתְגְרָאָה,,,,Jonathan,TARG
7,Judges,14,4,Judges 14:4,15,בִּפְלִשְׁתָּאֵי,,,,Jonathan,TARG
7,Judges,14,4,Judges 14:4,16,וּבְעִידָנָא,,,,Jonathan,TARG
7,Judges,14,4,Judges 14:4,17,הַהִיא,,,,Jonathan,TARG
7,Judges,14,4,Judges 14:4,18,פְּלִשְׁתָּאֵי,,,,Jonathan,TARG
7,Judges,14,4,Judges 14:4,19,שַׁלְטִין,,,,Jonathan,TARG
7,Judges,14,4,Judges 14:4,20,בְּיִשְׂרָאֵל:,,,,Jonathan,TARG
7,Judges,14,5,Judges 14:5,1,וּנְחַת,,,,Jonathan,TARG
7,Judges,14,5,Judges 14:5,2,שִׁמְשׁוֹן,,,,Jonathan,TARG
7,Judges,14,5,Judges 14:5,3,וַאֲבוּהִי,,,,Jonathan,TARG
7,Judges,14,5,Judges 14:5,4,וְאִמֵיהּ,,,,Jonathan,TARG
7,Judges,14,5,Judges 14:5,5,לְתִמְנַת,,,,Jonathan,TARG
7,Judges,14,5,Judges 14:5,6,וַאֲתוֹ,,,,Jonathan,TARG
7,Judges,14,5,Judges 14:5,7,עַד,,,,Jonathan,TARG
7,Judges,14,5,Judges 14:5,8,כַּרְמֵי,,,,Jonathan,TARG
7,Judges,14,5,Judges 14:5,9,תִמְנָת,,,,Jonathan,TARG
7,Judges,14,5,Judges 14:5,10,וְהָא,,,,Jonathan,TARG
7,Judges,14,5,Judges 14:5,11,אַרְיָא,,,,Jonathan,TARG
7,Judges,14,5,Judges 14:5,12,בַּר,,,,Jonathan,TARG
7,Judges,14,5,Judges 14:5,13,אַרְיְוָן,,,,Jonathan,TARG
7,Judges,14,5,Judges 14:5,14,נָהִים,,,,Jonathan,TARG
7,Judges,14,5,Judges 14:5,15,לָקֳדָמוּתֵיהּ:,,,,Jonathan,TARG
7,Judges,14,6,Judges 14:6,1,וּשְׁרַת,,,,Jonathan,TARG
7,Judges,14,6,Judges 14:6,2,עֲלוֹהִי,,,,Jonathan,TARG
7,Judges,14,6,Judges 14:6,3,רוּחַ,,,,Jonathan,TARG
7,Judges,14,6,Judges 14:6,4,גְבוּרָא,,,,Jonathan,TARG
7,Judges,14,6,Judges 14:6,5,מִן,,,,Jonathan,TARG
7,Judges,14,6,Judges 14:6,6,קֳדָם,,,,Jonathan,TARG
7,Judges,14,6,Judges 14:6,7,יְיָ,,,,Jonathan,TARG
7,Judges,14,6,Judges 14:6,8,וְהַדְמֵיהּ,,,,Jonathan,TARG
7,Judges,14,6,Judges 14:6,9,כְּמָא,,,,Jonathan,TARG
7,Judges,14,6,Judges 14:6,10,דִמְהַדְמִין,,,,Jonathan,TARG
7,Judges,14,6,Judges 14:6,11,גַדְיָא,,,,Jonathan,TARG
7,Judges,14,6,Judges 14:6,12,וּמִדַעַם,,,,Jonathan,TARG
7,Judges,14,6,Judges 14:6,13,לֵית,,,,Jonathan,TARG
7,Judges,14,6,Judges 14:6,14,בִּידֵיהּ,,,,Jonathan,TARG
7,Judges,14,6,Judges 14:6,15,וְלָא,,,,Jonathan,TARG
7,Judges,14,6,Judges 14:6,16,חַוִי,,,,Jonathan,TARG
7,Judges,14,6,Judges 14:6,17,לַאֲבוּהִי,,,,Jonathan,TARG
7,Judges,14,6,Judges 14:6,18,וּלְאִמֵיהּ,,,,Jonathan,TARG
7,Judges,14,6,Judges 14:6,19,יַת,,,,Jonathan,TARG
7,Judges,14,6,Judges 14:6,20,דַעֲבָד:,,,,Jonathan,TARG
7,Judges,14,7,Judges 14:7,1,וּנְחַת,,,,Jonathan,TARG
7,Judges,14,7,Judges 14:7,2,וּשְׁאִיל,,,,Jonathan,TARG
7,Judges,14,7,Judges 14:7,3,בְּאִתְּתָא,,,,Jonathan,TARG
7,Judges,14,7,Judges 14:7,4,וְכַשְׁרַת,,,,Jonathan,TARG
7,Judges,14,7,Judges 14:7,5,בְּעֵינֵי,,,,Jonathan,TARG
7,Judges,14,7,Judges 14:7,6,שִׁמְשׁוֹן:,,,,Jonathan,TARG
7,Judges,14,8,Judges 14:8,1,וְתַב,,,,Jonathan,TARG
7,Judges,14,8,Judges 14:8,2,לִזְמַן,,,,Jonathan,TARG
7,Judges,14,8,Judges 14:8,3,יוֹמִין,,,,Jonathan,TARG
7,Judges,14,8,Judges 14:8,4,לְמִסְבָּהּ,,,,Jonathan,TARG
7,Judges,14,8,Judges 14:8,5,וְסָר,,,,Jonathan,TARG
7,Judges,14,8,Judges 14:8,6,לְמֶחֱזֵי,,,,Jonathan,TARG
7,Judges,14,8,Judges 14:8,7,יַת,,,,Jonathan,TARG
7,Judges,14,8,Judges 14:8,8,פִּגְרָא,,,,Jonathan,TARG
7,Judges,14,8,Judges 14:8,9,דְאַרְיָא,,,,Jonathan,TARG
7,Judges,14,8,Judges 14:8,10,וְהָא,,,,Jonathan,TARG
7,Judges,14,8,Judges 14:8,11,קִינָא,,,,Jonathan,TARG
7,Judges,14,8,Judges 14:8,12,דְדַבַּרְיָתָא,,,,Jonathan,TARG
7,Judges,14,8,Judges 14:8,13,בְּפִגְרָא,,,,Jonathan,TARG
7,Judges,14,8,Judges 14:8,14,דְאַרְיָא,,,,Jonathan,TARG
7,Judges,14,8,Judges 14:8,15,וּבֵיהּ,,,,Jonathan,TARG
7,Judges,14,8,Judges 14:8,16,דוּבְשָׁא:,,,,Jonathan,TARG
7,Judges,14,9,Judges 14:9,1,וְנַסְחֵיהּ,,,,Jonathan,TARG
7,Judges,14,9,Judges 14:9,2,בִּידֵיהּ,,,,Jonathan,TARG
7,Judges,14,9,Judges 14:9,3,וַאֲזַל,,,,Jonathan,TARG
7,Judges,14,9,Judges 14:9,4,מֵיזַל,,,,Jonathan,TARG
7,Judges,14,9,Judges 14:9,5,וְאָכִיל,,,,Jonathan,TARG
7,Judges,14,9,Judges 14:9,6,וַאֲזַל,,,,Jonathan,TARG
7,Judges,14,9,Judges 14:9,7,לְוָת,,,,Jonathan,TARG
7,Judges,14,9,Judges 14:9,8,אָבוּהִי,,,,Jonathan,TARG
7,Judges,14,9,Judges 14:9,9,וּלְוַת,,,,Jonathan,TARG
7,Judges,14,9,Judges 14:9,10,אִמֵיהּ,,,,Jonathan,TARG
7,Judges,14,9,Judges 14:9,11,וִיהַב,,,,Jonathan,TARG
7,Judges,14,9,Judges 14:9,12,לְהוֹן,,,,Jonathan,TARG
7,Judges,14,9,Judges 14:9,13,וַאֲכַלוּ,,,,Jonathan,TARG
7,Judges,14,9,Judges 14:9,14,וְלָא,,,,Jonathan,TARG
7,Judges,14,9,Judges 14:9,15,חֲוִי,,,,Jonathan,TARG
7,Judges,14,9,Judges 14:9,16,לְהוֹן,,,,Jonathan,TARG
7,Judges,14,9,Judges 14:9,17,אֲרֵי,,,,Jonathan,TARG
7,Judges,14,9,Judges 14:9,18,מִפִּגְרָא,,,,Jonathan,TARG
7,Judges,14,9,Judges 14:9,19,דְאַרְיָא,,,,Jonathan,TARG
7,Judges,14,9,Judges 14:9,20,נְסִיחַ,,,,Jonathan,TARG
7,Judges,14,9,Judges 14:9,21,דוּבְשָׁא:,,,,Jonathan,TARG
7,Judges,14,10,Judges 14:10,1,וּנְחַת,,,,Jonathan,TARG
7,Judges,14,10,Judges 14:10,2,אֲבוּהִי,,,,Jonathan,TARG
7,Judges,14,10,Judges 14:10,3,עַל,,,,Jonathan,TARG
7,Judges,14,10,Judges 14:10,4,עֵיסַק,,,,Jonathan,TARG
7,Judges,14,10,Judges 14:10,5,אִתְּתָא,,,,Jonathan,TARG
7,Judges,14,10,Judges 14:10,6,וַעֲבַד,,,,Jonathan,TARG
7,Judges,14,10,Judges 14:10,7,תַּמָן,,,,Jonathan,TARG
7,Judges,14,10,Judges 14:10,8,שִׁמְשׁוֹן,,,,Jonathan,TARG
7,Judges,14,10,Judges 14:10,9,מִשְׁתַּיָא,,,,Jonathan,TARG
7,Judges,14,10,Judges 14:10,10,אֲרֵי,,,,Jonathan,TARG
7,Judges,14,10,Judges 14:10,11,כֵּן,,,,Jonathan,TARG
7,Judges,14,10,Judges 14:10,12,עָבְדִין,,,,Jonathan,TARG
7,Judges,14,10,Judges 14:10,13,עוּלֵמַיָא:,,,,Jonathan,TARG
7,Judges,14,11,Judges 14:11,1,וַהֲוָה,,,,Jonathan,TARG
7,Judges,14,11,Judges 14:11,2,כַּד,,,,Jonathan,TARG
7,Judges,14,11,Judges 14:11,3,חֲזוֹ,,,,Jonathan,TARG
7,Judges,14,11,Judges 14:11,4,יָתֵיהּ,,,,Jonathan,TARG
7,Judges,14,11,Judges 14:11,5,וְדַבָּרוּ,,,,Jonathan,TARG
7,Judges,14,11,Judges 14:11,6,תְּלָתִין,,,,Jonathan,TARG
7,Judges,14,11,Judges 14:11,7,חֲבֵרִין,,,,Jonathan,TARG
7,Judges,14,11,Judges 14:11,8,וַהֲווֹ,,,,Jonathan,TARG
7,Judges,14,11,Judges 14:11,9,עִמֵיהּ:,,,,Jonathan,TARG
7,Judges,14,12,Judges 14:12,1,וַאֲמַר,,,,Jonathan,TARG
7,Judges,14,12,Judges 14:12,2,לְהוֹן,,,,Jonathan,TARG
7,Judges,14,12,Judges 14:12,3,שִׁמְשׁוֹן,,,,Jonathan,TARG
7,Judges,14,12,Judges 14:12,4,אֵיחוּד,,,,Jonathan,TARG
7,Judges,14,12,Judges 14:12,5,כְּעַן,,,,Jonathan,TARG
7,Judges,14,12,Judges 14:12,6,לְכוֹן,,,,Jonathan,TARG
7,Judges,14,12,Judges 14:12,7,חוּדִיתָא,,,,Jonathan,TARG
7,Judges,14,12,Judges 14:12,8,אִם,,,,Jonathan,TARG
7,Judges,14,12,Judges 14:12,9,חַוָאָה,,,,Jonathan,TARG
7,Judges,14,12,Judges 14:12,10,תְחַווּן,,,,Jonathan,TARG
7,Judges,14,12,Judges 14:12,11,יָתָהּ,,,,Jonathan,TARG
7,Judges,14,12,Judges 14:12,12,לִי,,,,Jonathan,TARG
7,Judges,14,12,Judges 14:12,13,שַׁבְעַת,,,,Jonathan,TARG
7,Judges,14,12,Judges 14:12,14,יוֹמֵי,,,,Jonathan,TARG
7,Judges,14,12,Judges 14:12,15,מִשְׁתַּיָא,,,,Jonathan,TARG
7,Judges,14,12,Judges 14:12,16,וְתַשְׁכְּחוּן,,,,Jonathan,TARG
7,Judges,14,12,Judges 14:12,17,וְאֶתֵּן,,,,Jonathan,TARG
7,Judges,14,12,Judges 14:12,18,לְכוֹן,,,,Jonathan,TARG
7,Judges,14,12,Judges 14:12,19,תְּלָתִין,,,,Jonathan,TARG
7,Judges,14,12,Judges 14:12,20,פִּלְדָסִין,,,,Jonathan,TARG
7,Judges,14,12,Judges 14:12,21,וּתְלָתִין,,,,Jonathan,TARG
7,Judges,14,12,Judges 14:12,22,אִצְטָלַוָן,,,,Jonathan,TARG
7,Judges,14,12,Judges 14:12,23,דִלְבוּשָׁא:,,,,Jonathan,TARG
7,Judges,14,13,Judges 14:13,1,וְאִם,,,,Jonathan,TARG
7,Judges,14,13,Judges 14:13,2,לָא,,,,Jonathan,TARG
7,Judges,14,13,Judges 14:13,3,תוּכְלוּן,,,,Jonathan,TARG
7,Judges,14,13,Judges 14:13,4,לְחַוָאָה,,,,Jonathan,TARG
7,Judges,14,13,Judges 14:13,5,לִי,,,,Jonathan,TARG
7,Judges,14,13,Judges 14:13,6,וְתִתְּנוּן,,,,Jonathan,TARG
7,Judges,14,13,Judges 14:13,7,אַתּוּן,,,,Jonathan,TARG
7,Judges,14,13,Judges 14:13,8,לִי,,,,Jonathan,TARG
7,Judges,14,13,Judges 14:13,9,תְּלָתִין,,,,Jonathan,TARG
7,Judges,14,13,Judges 14:13,10,פִּלְדָסִין,,,,Jonathan,TARG
7,Judges,14,13,Judges 14:13,11,וּתְלָתִין,,,,Jonathan,TARG
7,Judges,14,13,Judges 14:13,12,אִצְטָלַוָן,,,,Jonathan,TARG
7,Judges,14,13,Judges 14:13,13,דִלְבוּשָׁא,,,,Jonathan,TARG
7,Judges,14,13,Judges 14:13,14,וַאֲמַרוּ,,,,Jonathan,TARG
7,Judges,14,13,Judges 14:13,15,לֵיהּ,,,,Jonathan,TARG
7,Judges,14,13,Judges 14:13,16,חוּד,,,,Jonathan,TARG
7,Judges,14,13,Judges 14:13,17,חִידָתָךְ,,,,Jonathan,TARG
7,Judges,14,13,Judges 14:13,18,וְנַשְׁמְעִינָהּ:,,,,Jonathan,TARG
7,Judges,14,14,Judges 14:14,1,וַאֲמַר,,,,Jonathan,TARG
7,Judges,14,14,Judges 14:14,2,לְהוֹן,,,,Jonathan,TARG
7,Judges,14,14,Judges 14:14,3,מֵאָכְלָא,,,,Jonathan,TARG
7,Judges,14,14,Judges 14:14,4,נְפַק,,,,Jonathan,TARG
7,Judges,14,14,Judges 14:14,5,מֵיכְלָא,,,,Jonathan,TARG
7,Judges,14,14,Judges 14:14,6,וּמִתַּקִיפָא,,,,Jonathan,TARG
7,Judges,14,14,Judges 14:14,7,נְפַק,,,,Jonathan,TARG
7,Judges,14,14,Judges 14:14,8,חוּלְיָא,,,,Jonathan,TARG
7,Judges,14,14,Judges 14:14,9,וְלָא,,,,Jonathan,TARG
7,Judges,14,14,Judges 14:14,10,יְכִילוּ,,,,Jonathan,TARG
7,Judges,14,14,Judges 14:14,11,לְחַוָאָה,,,,Jonathan,TARG
7,Judges,14,14,Judges 14:14,12,חוּדִיתָא,,,,Jonathan,TARG
7,Judges,14,14,Judges 14:14,13,תְּלָתָא,,,,Jonathan,TARG
7,Judges,14,14,Judges 14:14,14,יוֹמִין:,,,,Jonathan,TARG
7,Judges,14,15,Judges 14:15,1,וַהֲוָה,,,,Jonathan,TARG
7,Judges,14,15,Judges 14:15,2,בְּיוֹמָא,,,,Jonathan,TARG
7,Judges,14,15,Judges 14:15,3,שְׁבִיעָאָה,,,,Jonathan,TARG
7,Judges,14,15,Judges 14:15,4,וַאֲמַרוּ,,,,Jonathan,TARG
7,Judges,14,15,Judges 14:15,5,לְאִתַּת,,,,Jonathan,TARG
7,Judges,14,15,Judges 14:15,6,שִׁמְשׁוֹן,,,,Jonathan,TARG
7,Judges,14,15,Judges 14:15,7,שַׁדִילִי,,,,Jonathan,TARG
7,Judges,14,15,Judges 14:15,8,יַת,,,,Jonathan,TARG
7,Judges,14,15,Judges 14:15,9,בַּעֲלִיךְ,,,,Jonathan,TARG
7,Judges,14,15,Judges 14:15,10,וִיחַוֵי,,,,Jonathan,TARG
7,Judges,14,15,Judges 14:15,11,לָנָא,,,,Jonathan,TARG
7,Judges,14,15,Judges 14:15,12,יַת,,,,Jonathan,TARG
7,Judges,14,15,Judges 14:15,13,חוּדִיתָא,,,,Jonathan,TARG
7,Judges,14,15,Judges 14:15,14,דִלְמָא,,,,Jonathan,TARG
7,Judges,14,15,Judges 14:15,15,נוֹקִיד,,,,Jonathan,TARG
7,Judges,14,15,Judges 14:15,16,יָתִיךְ,,,,Jonathan,TARG
7,Judges,14,15,Judges 14:15,17,וְיַת,,,,Jonathan,TARG
7,Judges,14,15,Judges 14:15,18,בֵּית,,,,Jonathan,TARG
7,Judges,14,15,Judges 14:15,19,אָבוּךְ,,,,Jonathan,TARG
7,Judges,14,15,Judges 14:15,20,בְּנוּרָא,,,,Jonathan,TARG
7,Judges,14,15,Judges 14:15,21,הַלְמַסְכְּנוּתָנָא,,,,Jonathan,TARG
7,Judges,14,15,Judges 14:15,22,קְרֵיתוּן,,,,Jonathan,TARG
7,Judges,14,15,Judges 14:15,23,יָתָנָא,,,,Jonathan,TARG
7,Judges,14,15,Judges 14:15,24,הַלְכָא:,,,,Jonathan,TARG
7,Judges,14,16,Judges 14:16,1,וּבְכַת,,,,Jonathan,TARG
7,Judges,14,16,Judges 14:16,2,אִתַּת,,,,Jonathan,TARG
7,Judges,14,16,Judges 14:16,3,שִׁמְשׁוֹן,,,,Jonathan,TARG
7,Judges,14,16,Judges 14:16,4,עֲלוֹהִי,,,,Jonathan,TARG
7,Judges,14,16,Judges 14:16,5,וַאֲמַרַת,,,,Jonathan,TARG
7,Judges,14,16,Judges 14:16,6,לְחוֹד,,,,Jonathan,TARG
7,Judges,14,16,Judges 14:16,7,שְׂנֵאתַנִי,,,,Jonathan,TARG
7,Judges,14,16,Judges 14:16,8,וְלָא,,,,Jonathan,TARG
7,Judges,14,16,Judges 14:16,9,רְחַמְתָּנִי,,,,Jonathan,TARG
7,Judges,14,16,Judges 14:16,10,חוּדְתָּא,,,,Jonathan,TARG
7,Judges,14,16,Judges 14:16,11,חַדְתָּא,,,,Jonathan,TARG
7,Judges,14,16,Judges 14:16,12,לִבְנֵי,,,,Jonathan,TARG
7,Judges,14,16,Judges 14:16,13,עַמִי,,,,Jonathan,TARG
7,Judges,14,16,Judges 14:16,14,וְלִי,,,,Jonathan,TARG
7,Judges,14,16,Judges 14:16,15,לָא,,,,Jonathan,TARG
7,Judges,14,16,Judges 14:16,16,חֲוֵיתָא,,,,Jonathan,TARG
7,Judges,14,16,Judges 14:16,17,וַאֲמַר,,,,Jonathan,TARG
7,Judges,14,16,Judges 14:16,18,לָהּ,,,,Jonathan,TARG
7,Judges,14,16,Judges 14:16,19,הָא,,,,Jonathan,TARG
7,Judges,14,16,Judges 14:16,20,לְאַבָּא,,,,Jonathan,TARG
7,Judges,14,16,Judges 14:16,21,וּלְאִמָא,,,,Jonathan,TARG
7,Judges,14,16,Judges 14:16,22,לָא,,,,Jonathan,TARG
7,Judges,14,16,Judges 14:16,23,חֲוֵיתִי,,,,Jonathan,TARG
7,Judges,14,16,Judges 14:16,24,וְלִיךְ,,,,Jonathan,TARG
7,Judges,14,16,Judges 14:16,25,אֵכְדֵין,,,,Jonathan,TARG
7,Judges,14,16,Judges 14:16,26,אֲחַוֵי:,,,,Jonathan,TARG
7,Judges,14,17,Judges 14:17,1,וּבְכַת,,,,Jonathan,TARG
7,Judges,14,17,Judges 14:17,2,עֲלוֹהִי,,,,Jonathan,TARG
7,Judges,14,17,Judges 14:17,3,שַׁבְעָא,,,,Jonathan,TARG
7,Judges,14,17,Judges 14:17,4,יוֹמַיָא,,,,Jonathan,TARG
7,Judges,14,17,Judges 14:17,5,דַהֲוָה,,,,Jonathan,TARG
7,Judges,14,17,Judges 14:17,6,לְהוֹן,,,,Jonathan,TARG
7,Judges,14,17,Judges 14:17,7,מִשְׁתַּיָא,,,,Jonathan,TARG
7,Judges,14,17,Judges 14:17,8,וַהֲוָה,,,,Jonathan,TARG
7,Judges,14,17,Judges 14:17,9,בְּיוֹמָא,,,,Jonathan,TARG
7,Judges,14,17,Judges 14:17,10,שְׁבִיעָאָה,,,,Jonathan,TARG
7,Judges,14,17,Judges 14:17,11,וְחַוִי,,,,Jonathan,TARG
7,Judges,14,17,Judges 14:17,12,לָהּ,,,,Jonathan,TARG
7,Judges,14,17,Judges 14:17,13,אֲרֵי,,,,Jonathan,TARG
7,Judges,14,17,Judges 14:17,14,דְחַקְתֵּיהּ,,,,Jonathan,TARG
7,Judges,14,17,Judges 14:17,15,וְחַוִיאַת,,,,Jonathan,TARG
7,Judges,14,17,Judges 14:17,16,חוּדִיתָא,,,,Jonathan,TARG
7,Judges,14,17,Judges 14:17,17,לִבְנֵי,,,,Jonathan,TARG
7,Judges,14,17,Judges 14:17,18,עַמָהּ:,,,,Jonathan,TARG
7,Judges,14,18,Judges 14:18,1,וַאֲמַרוּ,,,,Jonathan,TARG
7,Judges,14,18,Judges 14:18,2,לֵיהּ,,,,Jonathan,TARG
7,Judges,14,18,Judges 14:18,3,אֱנָשֵׁי,,,,Jonathan,TARG
7,Judges,14,18,Judges 14:18,4,קַרְתָּא,,,,Jonathan,TARG
7,Judges,14,18,Judges 14:18,5,בְּיוֹמָא,,,,Jonathan,TARG
7,Judges,14,18,Judges 14:18,6,שְׁבִיעָאָה,,,,Jonathan,TARG
7,Judges,14,18,Judges 14:18,7,עַד,,,,Jonathan,TARG
7,Judges,14,18,Judges 14:18,8,לָא,,,,Jonathan,TARG
7,Judges,14,18,Judges 14:18,9,מֵעַל,,,,Jonathan,TARG
7,Judges,14,18,Judges 14:18,10,שִׁמְשָׁא,,,,Jonathan,TARG
7,Judges,14,18,Judges 14:18,11,מַה,,,,Jonathan,TARG
7,Judges,14,18,Judges 14:18,12,חַלֵי,,,,Jonathan,TARG
7,Judges,14,18,Judges 14:18,13,מִדוּבְשָׁא,,,,Jonathan,TARG
7,Judges,14,18,Judges 14:18,14,וּמַה,,,,Jonathan,TARG
7,Judges,14,18,Judges 14:18,15,תַּקִיף,,,,Jonathan,TARG
7,Judges,14,18,Judges 14:18,16,מֵאַרְיָא,,,,Jonathan,TARG
7,Judges,14,18,Judges 14:18,17,וַאֲמַר,,,,Jonathan,TARG
7,Judges,14,18,Judges 14:18,18,לְהוֹן,,,,Jonathan,TARG
7,Judges,14,18,Judges 14:18,19,אִילוּלָפוֹן,,,,Jonathan,TARG
7,Judges,14,18,Judges 14:18,20,בְּדַקְתּוּן,,,,Jonathan,TARG
7,Judges,14,18,Judges 14:18,21,בְּאִתְּתִי,,,,Jonathan,TARG
7,Judges,14,18,Judges 14:18,22,לָא,,,,Jonathan,TARG
7,Judges,14,18,Judges 14:18,23,אַשְׁכַּחְתּוּן,,,,Jonathan,TARG
7,Judges,14,18,Judges 14:18,24,חוּדָתִי:,,,,Jonathan,TARG
7,Judges,14,19,Judges 14:19,1,וּשְׁרַת,,,,Jonathan,TARG
7,Judges,14,19,Judges 14:19,2,עֲלוֹהִי,,,,Jonathan,TARG
7,Judges,14,19,Judges 14:19,3,רוּחַ,,,,Jonathan,TARG
7,Judges,14,19,Judges 14:19,4,גְבוּרָא,,,,Jonathan,TARG
7,Judges,14,19,Judges 14:19,5,מִן,,,,Jonathan,TARG
7,Judges,14,19,Judges 14:19,6,קֳדָם,,,,Jonathan,TARG
7,Judges,14,19,Judges 14:19,7,יְיָ,,,,Jonathan,TARG
7,Judges,14,19,Judges 14:19,8,וּנְחַת,,,,Jonathan,TARG
7,Judges,14,19,Judges 14:19,9,לְאַשְׁקְלוֹן,,,,Jonathan,TARG
7,Judges,14,19,Judges 14:19,10,וּקְטַל,,,,Jonathan,TARG
7,Judges,14,19,Judges 14:19,11,מִנְהוֹן,,,,Jonathan,TARG
7,Judges,14,19,Judges 14:19,12,תְּלָתִין,,,,Jonathan,TARG
7,Judges,14,19,Judges 14:19,13,גַבְרָא,,,,Jonathan,TARG
7,Judges,14,19,Judges 14:19,14,וּנְסִיב,,,,Jonathan,TARG
7,Judges,14,19,Judges 14:19,15,יַת,,,,Jonathan,TARG
7,Judges,14,19,Judges 14:19,16,זְרָזֵהוֹן,,,,Jonathan,TARG
7,Judges,14,19,Judges 14:19,17,וִיהַב,,,,Jonathan,TARG
7,Judges,14,19,Judges 14:19,18,אִצְטְלָוַיָא,,,,Jonathan,TARG
7,Judges,14,19,Judges 14:19,19,לִדְחַוִיאוּ,,,,Jonathan,TARG
7,Judges,14,19,Judges 14:19,20,חוּדִיתָא,,,,Jonathan,TARG
7,Judges,14,19,Judges 14:19,21,וּתְקֵיף,,,,Jonathan,TARG
7,Judges,14,19,Judges 14:19,22,רוּגְזֵיהּ,,,,Jonathan,TARG
7,Judges,14,19,Judges 14:19,23,וּסְלִיק,,,,Jonathan,TARG
7,Judges,14,19,Judges 14:19,24,לְבֵית,,,,Jonathan,TARG
7,Judges,14,19,Judges 14:19,25,אָבוּהִי:,,,,Jonathan,TARG
7,Judges,14,20,Judges 14:20,1,וַהֲוַת,,,,Jonathan,TARG
7,Judges,14,20,Judges 14:20,2,אִתַּת,,,,Jonathan,TARG
7,Judges,14,20,Judges 14:20,3,שִׁמְשׁוֹן,,,,Jonathan,TARG
7,Judges,14,20,Judges 14:20,4,לִדְחַבְרֵיהּ,,,,Jonathan,TARG
7,Judges,14,20,Judges 14:20,5,דַהֲוָה,,,,Jonathan,TARG
7,Judges,14,20,Judges 14:20,6,שׁוֹשְׁבִינֵיהּ:,,,,Jonathan,TARG
7,Judges,15,1,Judges 15:1,1,וַהֲוָה,,,,Jonathan,TARG
7,Judges,15,1,Judges 15:1,2,לִזְמַן,,,,Jonathan,TARG
7,Judges,15,1,Judges 15:1,3,יוֹמִין,,,,Jonathan,TARG
7,Judges,15,1,Judges 15:1,4,בְּיוֹמֵי,,,,Jonathan,TARG
7,Judges,15,1,Judges 15:1,5,חֲצַד,,,,Jonathan,TARG
7,Judges,15,1,Judges 15:1,6,חִטִין,,,,Jonathan,TARG
7,Judges,15,1,Judges 15:1,7,וְאַדְכַּר,,,,Jonathan,TARG
7,Judges,15,1,Judges 15:1,8,שִׁמְשׁוֹן,,,,Jonathan,TARG
7,Judges,15,1,Judges 15:1,9,יַת,,,,Jonathan,TARG
7,Judges,15,1,Judges 15:1,10,אִתְּתֵיהּ,,,,Jonathan,TARG
7,Judges,15,1,Judges 15:1,11,בְּגַדְיָא,,,,Jonathan,TARG
7,Judges,15,1,Judges 15:1,12,בַר,,,,Jonathan,TARG
7,Judges,15,1,Judges 15:1,13,עִזֵי,,,,Jonathan,TARG
7,Judges,15,1,Judges 15:1,14,וַאֲמַר,,,,Jonathan,TARG
7,Judges,15,1,Judges 15:1,15,אֵיעוּל,,,,Jonathan,TARG
7,Judges,15,1,Judges 15:1,16,לְוַת,,,,Jonathan,TARG
7,Judges,15,1,Judges 15:1,17,אִתְּתִי,,,,Jonathan,TARG
7,Judges,15,1,Judges 15:1,18,לְאִדְרוֹן,,,,Jonathan,TARG
7,Judges,15,1,Judges 15:1,19,בֵּית,,,,Jonathan,TARG
7,Judges,15,1,Judges 15:1,20,מִשְׁכְּבָא,,,,Jonathan,TARG
7,Judges,15,1,Judges 15:1,21,וְלָא,,,,Jonathan,TARG
7,Judges,15,1,Judges 15:1,22,שַׁבְקֵיהּ,,,,Jonathan,TARG
7,Judges,15,1,Judges 15:1,23,אֲבוּהָא,,,,Jonathan,TARG
7,Judges,15,1,Judges 15:1,24,לְמֵיעַל:,,,,Jonathan,TARG
7,Judges,15,2,Judges 15:2,1,וַאֲמַר,,,,Jonathan,TARG
7,Judges,15,2,Judges 15:2,2,אֲבוּהָא,,,,Jonathan,TARG
7,Judges,15,2,Judges 15:2,3,מֵימַר,,,,Jonathan,TARG
7,Judges,15,2,Judges 15:2,4,אֲמַרִית,,,,Jonathan,TARG
7,Judges,15,2,Judges 15:2,5,אֲרֵי,,,,Jonathan,TARG
7,Judges,15,2,Judges 15:2,6,מִסְנָא,,,,Jonathan,TARG
7,Judges,15,2,Judges 15:2,7,סְנֵיתָהּ,,,,Jonathan,TARG
7,Judges,15,2,Judges 15:2,8,וִיהָבִיתָהּ,,,,Jonathan,TARG
7,Judges,15,2,Judges 15:2,9,לְחַבְרָךְ,,,,Jonathan,TARG
7,Judges,15,2,Judges 15:2,10,הֲלָא,,,,Jonathan,TARG
7,Judges,15,2,Judges 15:2,11,אֲחָתָהּ,,,,Jonathan,TARG
7,Judges,15,2,Judges 15:2,12,זְעֶרְתָּא,,,,Jonathan,TARG
7,Judges,15,2,Judges 15:2,13,שַׁפִירָא,,,,Jonathan,TARG
7,Judges,15,2,Judges 15:2,14,מִנָהּ,,,,Jonathan,TARG
7,Judges,15,2,Judges 15:2,15,תְּהֵי,,,,Jonathan,TARG
7,Judges,15,2,Judges 15:2,16,כְעַן,,,,Jonathan,TARG
7,Judges,15,2,Judges 15:2,17,לָךְ,,,,Jonathan,TARG
7,Judges,15,2,Judges 15:2,18,חִלוּפָא:,,,,Jonathan,TARG
7,Judges,15,3,Judges 15:3,1,וַאֲמַר,,,,Jonathan,TARG
7,Judges,15,3,Judges 15:3,2,לְהוֹן,,,,Jonathan,TARG
7,Judges,15,3,Judges 15:3,3,שִׁמְשׁוֹן,,,,Jonathan,TARG
7,Judges,15,3,Judges 15:3,4,זַכַּאי,,,,Jonathan,TARG
7,Judges,15,3,Judges 15:3,5,אֲנָא,,,,Jonathan,TARG
7,Judges,15,3,Judges 15:3,6,זִמְנָא,,,,Jonathan,TARG
7,Judges,15,3,Judges 15:3,7,הָדָא,,,,Jonathan,TARG
7,Judges,15,3,Judges 15:3,8,מִפְּלִשְׁתָּאֵי,,,,Jonathan,TARG
7,Judges,15,3,Judges 15:3,9,אֲרֵי,,,,Jonathan,TARG
7,Judges,15,3,Judges 15:3,10,עָבִיד,,,,Jonathan,TARG
7,Judges,15,3,Judges 15:3,11,אֲנָא,,,,Jonathan,TARG
7,Judges,15,3,Judges 15:3,12,עִמְהוֹן,,,,Jonathan,TARG
7,Judges,15,3,Judges 15:3,13,בִּישָׁא:,,,,Jonathan,TARG
7,Judges,15,4,Judges 15:4,1,וַאֲזַל,,,,Jonathan,TARG
7,Judges,15,4,Judges 15:4,2,שִׁמְשׁוֹן,,,,Jonathan,TARG
7,Judges,15,4,Judges 15:4,3,וַאֲחַד,,,,Jonathan,TARG
7,Judges,15,4,Judges 15:4,4,תְּלַת,,,,Jonathan,TARG
7,Judges,15,4,Judges 15:4,5,מֵאָה,,,,Jonathan,TARG
7,Judges,15,4,Judges 15:4,6,תַעֲלִין,,,,Jonathan,TARG
7,Judges,15,4,Judges 15:4,7,וּנְסִיב,,,,Jonathan,TARG
7,Judges,15,4,Judges 15:4,8,בְּעוּרַיָא,,,,Jonathan,TARG
7,Judges,15,4,Judges 15:4,9,וּקְטַר,,,,Jonathan,TARG
7,Judges,15,4,Judges 15:4,10,דַנְבָא,,,,Jonathan,TARG
7,Judges,15,4,Judges 15:4,11,בְּרֵישׁ,,,,Jonathan,TARG
7,Judges,15,4,Judges 15:4,12,דַנְבָא,,,,Jonathan,TARG
7,Judges,15,4,Judges 15:4,13,וְשַׁוִי,,,,Jonathan,TARG
7,Judges,15,4,Judges 15:4,14,בְעוּרָא,,,,Jonathan,TARG
7,Judges,15,4,Judges 15:4,15,חָד,,,,Jonathan,TARG
7,Judges,15,4,Judges 15:4,16,בֵּין,,,,Jonathan,TARG
7,Judges,15,4,Judges 15:4,17,תְּרֵין,,,,Jonathan,TARG
7,Judges,15,4,Judges 15:4,18,דִנְבַיָא,,,,Jonathan,TARG
7,Judges,15,4,Judges 15:4,19,בִּמְצִיעָן:,,,,Jonathan,TARG
7,Judges,15,5,Judges 15:5,1,וְאַדְלֵיק,,,,Jonathan,TARG
7,Judges,15,5,Judges 15:5,2,אֶשְׁתָּא,,,,Jonathan,TARG
7,Judges,15,5,Judges 15:5,3,בִּבְעוּרַיָא,,,,Jonathan,TARG
7,Judges,15,5,Judges 15:5,4,וּשְׁלַח,,,,Jonathan,TARG
7,Judges,15,5,Judges 15:5,5,בְּקָמַת,,,,Jonathan,TARG
7,Judges,15,5,Judges 15:5,6,פְּלִשְׁתָּאֵי,,,,Jonathan,TARG
7,Judges,15,5,Judges 15:5,7,וְאַדְלֵיק,,,,Jonathan,TARG
7,Judges,15,5,Judges 15:5,8,מִגָדִישַׁיָא,,,,Jonathan,TARG
7,Judges,15,5,Judges 15:5,9,וְעַד,,,,Jonathan,TARG
7,Judges,15,5,Judges 15:5,10,כַּרְמַיָא,,,,Jonathan,TARG
7,Judges,15,5,Judges 15:5,11,וְעַד,,,,Jonathan,TARG
7,Judges,15,5,Judges 15:5,12,זֵיתָא:,,,,Jonathan,TARG
7,Judges,15,6,Judges 15:6,1,וַאֲמַרוּ,,,,Jonathan,TARG
7,Judges,15,6,Judges 15:6,2,פְלִשְׁתָּאֵי,,,,Jonathan,TARG
7,Judges,15,6,Judges 15:6,3,מַן,,,,Jonathan,TARG
7,Judges,15,6,Judges 15:6,4,עֲבַד,,,,Jonathan,TARG
7,Judges,15,6,Judges 15:6,5,דָא,,,,Jonathan,TARG
7,Judges,15,6,Judges 15:6,6,וַאֲמַרוּ,,,,Jonathan,TARG
7,Judges,15,6,Judges 15:6,7,שִׁמְשׁוֹן,,,,Jonathan,TARG
7,Judges,15,6,Judges 15:6,8,חֲתָנֵיהּ,,,,Jonathan,TARG
7,Judges,15,6,Judges 15:6,9,דְתִמְנִי,,,,Jonathan,TARG
7,Judges,15,6,Judges 15:6,10,אֲרֵי,,,,Jonathan,TARG
7,Judges,15,6,Judges 15:6,11,נְסִיב,,,,Jonathan,TARG
7,Judges,15,6,Judges 15:6,12,יַת,,,,Jonathan,TARG
7,Judges,15,6,Judges 15:6,13,אִתְּתֵיהּ,,,,Jonathan,TARG
7,Judges,15,6,Judges 15:6,14,וְיַהֲבָהּ,,,,Jonathan,TARG
7,Judges,15,6,Judges 15:6,15,לְחַבְרֵיהּ,,,,Jonathan,TARG
7,Judges,15,6,Judges 15:6,16,וּסְלִיקוּ,,,,Jonathan,TARG
7,Judges,15,6,Judges 15:6,17,פְלִשְׁתָּאֵי,,,,Jonathan,TARG
7,Judges,15,6,Judges 15:6,18,וְאוֹקִידוּ,,,,Jonathan,TARG
7,Judges,15,6,Judges 15:6,19,יָתָהּ,,,,Jonathan,TARG
7,Judges,15,6,Judges 15:6,20,וְיַת,,,,Jonathan,TARG
7,Judges,15,6,Judges 15:6,21,אֲבוּהָא,,,,Jonathan,TARG
7,Judges,15,6,Judges 15:6,22,בְּנוּרָא:,,,,Jonathan,TARG
7,Judges,15,7,Judges 15:7,1,וַאֲמַר,,,,Jonathan,TARG
7,Judges,15,7,Judges 15:7,2,לְהוֹן,,,,Jonathan,TARG
7,Judges,15,7,Judges 15:7,3,שִׁמְשׁוֹן,,,,Jonathan,TARG
7,Judges,15,7,Judges 15:7,4,אִם,,,,Jonathan,TARG
7,Judges,15,7,Judges 15:7,5,תַּעְבְדוּן,,,,Jonathan,TARG
7,Judges,15,7,Judges 15:7,6,כַּהֲדָא,,,,Jonathan,TARG
7,Judges,15,7,Judges 15:7,7,אֱלָהֵן,,,,Jonathan,TARG
7,Judges,15,7,Judges 15:7,8,כַּד,,,,Jonathan,TARG
7,Judges,15,7,Judges 15:7,9,אֶתְפְּרַע,,,,Jonathan,TARG
7,Judges,15,7,Judges 15:7,10,מִנְכוֹן,,,,Jonathan,TARG
7,Judges,15,7,Judges 15:7,11,וּבָתַר,,,,Jonathan,TARG
7,Judges,15,7,Judges 15:7,12,כֵּן,,,,Jonathan,TARG
7,Judges,15,7,Judges 15:7,13,אֶתְמְנָע:,,,,Jonathan,TARG
7,Judges,15,8,Judges 15:8,1,וּמְחָא,,,,Jonathan,TARG
7,Judges,15,8,Judges 15:8,2,יָתְהוֹן,,,,Jonathan,TARG
7,Judges,15,8,Judges 15:8,3,פָּרָשִׁין,,,,Jonathan,TARG
7,Judges,15,8,Judges 15:8,4,עִם,,,,Jonathan,TARG
7,Judges,15,8,Judges 15:8,5,רִגְלָאִין,,,,Jonathan,TARG
7,Judges,15,8,Judges 15:8,6,מְחָא,,,,Jonathan,TARG
7,Judges,15,8,Judges 15:8,7,סַגִיאָה,,,,Jonathan,TARG
7,Judges,15,8,Judges 15:8,8,וּנְחַת,,,,Jonathan,TARG
7,Judges,15,8,Judges 15:8,9,וִיתֵיב,,,,Jonathan,TARG
7,Judges,15,8,Judges 15:8,10,בִּשְׁקֵיף,,,,Jonathan,TARG
7,Judges,15,8,Judges 15:8,11,כֵּיף,,,,Jonathan,TARG
7,Judges,15,8,Judges 15:8,12,עֵיטָם:,,,,Jonathan,TARG
7,Judges,15,9,Judges 15:9,1,וּסְלִיקוּ,,,,Jonathan,TARG
7,Judges,15,9,Judges 15:9,2,פְלִשְׁתָּאֵי,,,,Jonathan,TARG
7,Judges,15,9,Judges 15:9,3,וּשְׁרוֹ,,,,Jonathan,TARG
7,Judges,15,9,Judges 15:9,4,בְּאַרְעָא,,,,Jonathan,TARG
7,Judges,15,9,Judges 15:9,5,דְבֵית,,,,Jonathan,TARG
7,Judges,15,9,Judges 15:9,6,יְהוּדָה,,,,Jonathan,TARG
7,Judges,15,9,Judges 15:9,7,וְאִתְרְטִישׁוּ,,,,Jonathan,TARG
7,Judges,15,9,Judges 15:9,8,עַל,,,,Jonathan,TARG
7,Judges,15,9,Judges 15:9,9,לֶחִי:,,,,Jonathan,TARG
7,Judges,15,10,Judges 15:10,1,וַאֲמַרוּ,,,,Jonathan,TARG
7,Judges,15,10,Judges 15:10,2,אֱנָשֵׁי,,,,Jonathan,TARG
7,Judges,15,10,Judges 15:10,3,יְהוּדָה,,,,Jonathan,TARG
7,Judges,15,10,Judges 15:10,4,לְמָא,,,,Jonathan,TARG
7,Judges,15,10,Judges 15:10,5,סְלֵקְתּוּן,,,,Jonathan,TARG
7,Judges,15,10,Judges 15:10,6,עֲלָנָא,,,,Jonathan,TARG
7,Judges,15,10,Judges 15:10,7,וַאֲמַרוּ,,,,Jonathan,TARG
7,Judges,15,10,Judges 15:10,8,לְמֵיסַר,,,,Jonathan,TARG
7,Judges,15,10,Judges 15:10,9,יַת,,,,Jonathan,TARG
7,Judges,15,10,Judges 15:10,10,שִׁמְשׁוֹן,,,,Jonathan,TARG
7,Judges,15,10,Judges 15:10,11,סְלִיקְנָא,,,,Jonathan,TARG
7,Judges,15,10,Judges 15:10,12,לְמֶעְבַּד,,,,Jonathan,TARG
7,Judges,15,10,Judges 15:10,13,לֵיהּ,,,,Jonathan,TARG
7,Judges,15,10,Judges 15:10,14,כְּמָא,,,,Jonathan,TARG
7,Judges,15,10,Judges 15:10,15,דַעֲבַד,,,,Jonathan,TARG
7,Judges,15,10,Judges 15:10,16,לָנָא:,,,,Jonathan,TARG
7,Judges,15,11,Judges 15:11,1,וּנְחָתוּ,,,,Jonathan,TARG
7,Judges,15,11,Judges 15:11,2,תְּלָתָא,,,,Jonathan,TARG
7,Judges,15,11,Judges 15:11,3,אַלְפִין,,,,Jonathan,TARG
7,Judges,15,11,Judges 15:11,4,גַבְרָא,,,,Jonathan,TARG
7,Judges,15,11,Judges 15:11,5,מִדְבֵית,,,,Jonathan,TARG
7,Judges,15,11,Judges 15:11,6,יְהוּדָה,,,,Jonathan,TARG
7,Judges,15,11,Judges 15:11,7,לִשְׁקֵיף,,,,Jonathan,TARG
7,Judges,15,11,Judges 15:11,8,כֵּיף,,,,Jonathan,TARG
7,Judges,15,11,Judges 15:11,9,עֵיטָם,,,,Jonathan,TARG
7,Judges,15,11,Judges 15:11,10,וַאֲמַרוּ,,,,Jonathan,TARG
7,Judges,15,11,Judges 15:11,11,לְשִׁמְשׁוֹן,,,,Jonathan,TARG
7,Judges,15,11,Judges 15:11,12,הֲלָא,,,,Jonathan,TARG
7,Judges,15,11,Judges 15:11,13,יְדַעְתָּא,,,,Jonathan,TARG
7,Judges,15,11,Judges 15:11,14,אֲרֵי,,,,Jonathan,TARG
7,Judges,15,11,Judges 15:11,15,שַׁלְטִין,,,,Jonathan,TARG
7,Judges,15,11,Judges 15:11,16,בָּנָא,,,,Jonathan,TARG
7,Judges,15,11,Judges 15:11,17,פְּלִשְׁתָּאֵי,,,,Jonathan,TARG
7,Judges,15,11,Judges 15:11,18,וּמַה,,,,Jonathan,TARG
7,Judges,15,11,Judges 15:11,19,דָא,,,,Jonathan,TARG
7,Judges,15,11,Judges 15:11,20,עֲבַדְתְּ,,,,Jonathan,TARG
7,Judges,15,11,Judges 15:11,21,לָנָא,,,,Jonathan,TARG
7,Judges,15,11,Judges 15:11,22,וַאֲמַר,,,,Jonathan,TARG
7,Judges,15,11,Judges 15:11,23,לְהוֹן,,,,Jonathan,TARG
7,Judges,15,11,Judges 15:11,24,כְּמָא,,,,Jonathan,TARG
7,Judges,15,11,Judges 15:11,25,דַעֲבַדוּ,,,,Jonathan,TARG
7,Judges,15,11,Judges 15:11,26,לִי,,,,Jonathan,TARG
7,Judges,15,11,Judges 15:11,27,כֵּן,,,,Jonathan,TARG
7,Judges,15,11,Judges 15:11,28,עַבְדֵית,,,,Jonathan,TARG
7,Judges,15,11,Judges 15:11,29,לְהוֹן:,,,,Jonathan,TARG
7,Judges,15,12,Judges 15:12,1,וַאֲמַרוּ,,,,Jonathan,TARG
7,Judges,15,12,Judges 15:12,2,לֵיהּ,,,,Jonathan,TARG
7,Judges,15,12,Judges 15:12,3,לְמֵיסְרָךְ,,,,Jonathan,TARG
7,Judges,15,12,Judges 15:12,4,נְחַתְנָא,,,,Jonathan,TARG
7,Judges,15,12,Judges 15:12,5,לְמִמְסְרָךְ,,,,Jonathan,TARG
7,Judges,15,12,Judges 15:12,6,בִּידָא,,,,Jonathan,TARG
7,Judges,15,12,Judges 15:12,7,דִפְלִשְׁתָּאֵי,,,,Jonathan,TARG
7,Judges,15,12,Judges 15:12,8,וַאֲמַר,,,,Jonathan,TARG
7,Judges,15,12,Judges 15:12,9,לְהוֹן,,,,Jonathan,TARG
7,Judges,15,12,Judges 15:12,10,שִׁמְשׁוֹן,,,,Jonathan,TARG
7,Judges,15,12,Judges 15:12,11,קַיִימוּ,,,,Jonathan,TARG
7,Judges,15,12,Judges 15:12,12,לִי,,,,Jonathan,TARG
7,Judges,15,12,Judges 15:12,13,דִלְמָא,,,,Jonathan,TARG
7,Judges,15,12,Judges 15:12,14,תִשְׁלְטוּן,,,,Jonathan,TARG
7,Judges,15,12,Judges 15:12,15,בִּי,,,,Jonathan,TARG
7,Judges,15,12,Judges 15:12,16,אַתּוּן:,,,,Jonathan,TARG
7,Judges,15,13,Judges 15:13,1,וַאֲמַרוּ,,,,Jonathan,TARG
7,Judges,15,13,Judges 15:13,2,לֵיהּ,,,,Jonathan,TARG
7,Judges,15,13,Judges 15:13,3,לְמֵימָר,,,,Jonathan,TARG
7,Judges,15,13,Judges 15:13,4,לָא,,,,Jonathan,TARG
7,Judges,15,13,Judges 15:13,5,אֲרֵי,,,,Jonathan,TARG
7,Judges,15,13,Judges 15:13,6,מֵיסַר,,,,Jonathan,TARG
7,Judges,15,13,Judges 15:13,7,נִיסְרִינָךְ,,,,Jonathan,TARG
7,Judges,15,13,Judges 15:13,8,וְנִמְסְרִינָךְ,,,,Jonathan,TARG
7,Judges,15,13,Judges 15:13,9,בִּידֵיהוֹן,,,,Jonathan,TARG
7,Judges,15,13,Judges 15:13,10,וּמִקְטַל,,,,Jonathan,TARG
7,Judges,15,13,Judges 15:13,11,לָא,,,,Jonathan,TARG
7,Judges,15,13,Judges 15:13,12,נִקְטְלִנָךְ,,,,Jonathan,TARG
7,Judges,15,13,Judges 15:13,13,וְאַסְרוּהִי,,,,Jonathan,TARG
7,Judges,15,13,Judges 15:13,14,בְּתַרְתֵּין,,,,Jonathan,TARG
7,Judges,15,13,Judges 15:13,15,גְדִילַן,,,,Jonathan,TARG
7,Judges,15,13,Judges 15:13,16,חַדְתִּין,,,,Jonathan,TARG
7,Judges,15,13,Judges 15:13,17,וְאַסְקוּהִי,,,,Jonathan,TARG
7,Judges,15,13,Judges 15:13,18,מִן,,,,Jonathan,TARG
7,Judges,15,13,Judges 15:13,19,כֵּיפָא:,,,,Jonathan,TARG
7,Judges,15,14,Judges 15:14,1,הוּא,,,,Jonathan,TARG
7,Judges,15,14,Judges 15:14,2,אֲתָא,,,,Jonathan,TARG
7,Judges,15,14,Judges 15:14,3,עַד,,,,Jonathan,TARG
7,Judges,15,14,Judges 15:14,4,לֶחִי,,,,Jonathan,TARG
7,Judges,15,14,Judges 15:14,5,וּפְלִשְׁתָּאֵי,,,,Jonathan,TARG
7,Judges,15,14,Judges 15:14,6,יַבִּיבוּ,,,,Jonathan,TARG
7,Judges,15,14,Judges 15:14,7,לָקֳדָמוּתֵיהּ,,,,Jonathan,TARG
7,Judges,15,14,Judges 15:14,8,וּשְׁרַת,,,,Jonathan,TARG
7,Judges,15,14,Judges 15:14,9,עֲלוֹהִי,,,,Jonathan,TARG
7,Judges,15,14,Judges 15:14,10,רוּחַ,,,,Jonathan,TARG
7,Judges,15,14,Judges 15:14,11,גְבוּרָא,,,,Jonathan,TARG
7,Judges,15,14,Judges 15:14,12,מִן,,,,Jonathan,TARG
7,Judges,15,14,Judges 15:14,13,קֳדָם,,,,Jonathan,TARG
7,Judges,15,14,Judges 15:14,14,יְיָ,,,,Jonathan,TARG
7,Judges,15,14,Judges 15:14,15,וַהֲוָאָה,,,,Jonathan,TARG
7,Judges,15,14,Judges 15:14,16,גְדִילָתָא,,,,Jonathan,TARG
7,Judges,15,14,Judges 15:14,17,דְעַל,,,,Jonathan,TARG
7,Judges,15,14,Judges 15:14,18,דַרְעוֹהִי,,,,Jonathan,TARG
7,Judges,15,14,Judges 15:14,19,כְּכִתָּנָא,,,,Jonathan,TARG
7,Judges,15,14,Judges 15:14,20,דְאָרַח,,,,Jonathan,TARG
7,Judges,15,14,Judges 15:14,21,בֵּיהּ,,,,Jonathan,TARG
7,Judges,15,14,Judges 15:14,22,נוּרָא,,,,Jonathan,TARG
7,Judges,15,14,Judges 15:14,23,וְאִתְמְסִיוּ,,,,Jonathan,TARG
7,Judges,15,14,Judges 15:14,24,אֱסָרוֹהִי,,,,Jonathan,TARG
7,Judges,15,14,Judges 15:14,25,מֵעַל,,,,Jonathan,TARG
7,Judges,15,14,Judges 15:14,26,יְדוֹהִי:,,,,Jonathan,TARG
7,Judges,15,15,Judges 15:15,1,וְאַשְׁכַּח,,,,Jonathan,TARG
7,Judges,15,15,Judges 15:15,2,לוֹעָא,,,,Jonathan,TARG
7,Judges,15,15,Judges 15:15,3,דַחֲמָרָא,,,,Jonathan,TARG
7,Judges,15,15,Judges 15:15,4,בְּטִינָתָא,,,,Jonathan,TARG
7,Judges,15,15,Judges 15:15,5,וְאוֹשִׁיט,,,,Jonathan,TARG
7,Judges,15,15,Judges 15:15,6,יְדֵיהּ,,,,Jonathan,TARG
7,Judges,15,15,Judges 15:15,7,וְנַסְבָהּ,,,,Jonathan,TARG
7,Judges,15,15,Judges 15:15,8,וּקְטַל,,,,Jonathan,TARG
7,Judges,15,15,Judges 15:15,9,בָּהּ,,,,Jonathan,TARG
7,Judges,15,15,Judges 15:15,10,אֲלַף,,,,Jonathan,TARG
7,Judges,15,15,Judges 15:15,11,גַבְרָא:,,,,Jonathan,TARG
7,Judges,15,16,Judges 15:16,1,וַאֲמַר,,,,Jonathan,TARG
7,Judges,15,16,Judges 15:16,2,שִׁמְשׁוֹן,,,,Jonathan,TARG
7,Judges,15,16,Judges 15:16,3,בְּלוֹעָא,,,,Jonathan,TARG
7,Judges,15,16,Judges 15:16,4,דַחֲמָרָא,,,,Jonathan,TARG
7,Judges,15,16,Judges 15:16,5,רְמִיתִנוּן,,,,Jonathan,TARG
7,Judges,15,16,Judges 15:16,6,דְגוֹרִין,,,,Jonathan,TARG
7,Judges,15,16,Judges 15:16,7,בְּלוֹעָא,,,,Jonathan,TARG
7,Judges,15,16,Judges 15:16,8,דַחֲמָרָא,,,,Jonathan,TARG
7,Judges,15,16,Judges 15:16,9,קְטָלִית,,,,Jonathan,TARG
7,Judges,15,16,Judges 15:16,10,אֲלַף,,,,Jonathan,TARG
7,Judges,15,16,Judges 15:16,11,גַבְרָא:,,,,Jonathan,TARG
7,Judges,15,17,Judges 15:17,1,וַהֲוָה,,,,Jonathan,TARG
7,Judges,15,17,Judges 15:17,2,כְּשֵׁיצָיוּתֵיהּ,,,,Jonathan,TARG
7,Judges,15,17,Judges 15:17,3,לְמַלָלָא,,,,Jonathan,TARG
7,Judges,15,17,Judges 15:17,4,וּרְמָא,,,,Jonathan,TARG
7,Judges,15,17,Judges 15:17,5,לוֹעָא,,,,Jonathan,TARG
7,Judges,15,17,Judges 15:17,6,מִן,,,,Jonathan,TARG
7,Judges,15,17,Judges 15:17,7,יְדֵיהּ,,,,Jonathan,TARG
7,Judges,15,17,Judges 15:17,8,וּקְרָא,,,,Jonathan,TARG
7,Judges,15,17,Judges 15:17,9,לְאַתְרָא,,,,Jonathan,TARG
7,Judges,15,17,Judges 15:17,10,הַהוּא,,,,Jonathan,TARG
7,Judges,15,17,Judges 15:17,11,רָמַת,,,,Jonathan,TARG
7,Judges,15,17,Judges 15:17,12,לְחִי:,,,,Jonathan,TARG
7,Judges,15,18,Judges 15:18,1,וּצְחִי,,,,Jonathan,TARG
7,Judges,15,18,Judges 15:18,2,לַחֲדָא,,,,Jonathan,TARG
7,Judges,15,18,Judges 15:18,3,וְצַלִי,,,,Jonathan,TARG
7,Judges,15,18,Judges 15:18,4,קֳדָם,,,,Jonathan,TARG
7,Judges,15,18,Judges 15:18,5,יְיָ,,,,Jonathan,TARG
7,Judges,15,18,Judges 15:18,6,וַאֲמַר,,,,Jonathan,TARG
7,Judges,15,18,Judges 15:18,7,אַתְּ,,,,Jonathan,TARG
7,Judges,15,18,Judges 15:18,8,עֲבַדְתָּ,,,,Jonathan,TARG
7,Judges,15,18,Judges 15:18,9,עַל,,,,Jonathan,TARG
7,Judges,15,18,Judges 15:18,10,יַד,,,,Jonathan,TARG
7,Judges,15,18,Judges 15:18,11,עַבְדָךְ,,,,Jonathan,TARG
7,Judges,15,18,Judges 15:18,12,יַת,,,,Jonathan,TARG
7,Judges,15,18,Judges 15:18,13,פּוּרְקָנָא,,,,Jonathan,TARG
7,Judges,15,18,Judges 15:18,14,רַבָּא,,,,Jonathan,TARG
7,Judges,15,18,Judges 15:18,15,הָדָא,,,,Jonathan,TARG
7,Judges,15,18,Judges 15:18,16,וּכְעַן,,,,Jonathan,TARG
7,Judges,15,18,Judges 15:18,17,אֵימוּת,,,,Jonathan,TARG
7,Judges,15,18,Judges 15:18,18,בְּצָחוּתָא,,,,Jonathan,TARG
7,Judges,15,18,Judges 15:18,19,וְאִתְמְסַר,,,,Jonathan,TARG
7,Judges,15,18,Judges 15:18,20,בִּידָא,,,,Jonathan,TARG
7,Judges,15,18,Judges 15:18,21,דַעֲרֵלַיָא:,,,,Jonathan,TARG
7,Judges,15,19,Judges 15:19,1,וּבְזַע,,,,Jonathan,TARG
7,Judges,15,19,Judges 15:19,2,יְיָ,,,,Jonathan,TARG
7,Judges,15,19,Judges 15:19,3,יַת,,,,Jonathan,TARG
7,Judges,15,19,Judges 15:19,4,כֵּיפָא,,,,Jonathan,TARG
7,Judges,15,19,Judges 15:19,5,דִי,,,,Jonathan,TARG
7,Judges,15,19,Judges 15:19,6,בְּלוֹעָא,,,,Jonathan,TARG
7,Judges,15,19,Judges 15:19,7,וּנְפַקוּ,,,,Jonathan,TARG
7,Judges,15,19,Judges 15:19,8,מִנֵיהּ,,,,Jonathan,TARG
7,Judges,15,19,Judges 15:19,9,מַיָא,,,,Jonathan,TARG
7,Judges,15,19,Judges 15:19,10,וּשְׁתִי,,,,Jonathan,TARG
7,Judges,15,19,Judges 15:19,11,וְתָבַת,,,,Jonathan,TARG
7,Judges,15,19,Judges 15:19,12,רוּחֵיהּ,,,,Jonathan,TARG
7,Judges,15,19,Judges 15:19,13,וַחֲיָא,,,,Jonathan,TARG
7,Judges,15,19,Judges 15:19,14,עַל,,,,Jonathan,TARG
7,Judges,15,19,Judges 15:19,15,כֵּן,,,,Jonathan,TARG
7,Judges,15,19,Judges 15:19,16,אִתְקְרֵי,,,,Jonathan,TARG
7,Judges,15,19,Judges 15:19,17,שְׁמָהּ,,,,Jonathan,TARG
7,Judges,15,19,Judges 15:19,18,עֵינָא,,,,Jonathan,TARG
7,Judges,15,19,Judges 15:19,19,דְאִתְיְהִיבַת,,,,Jonathan,TARG
7,Judges,15,19,Judges 15:19,20,בִּצְלוֹתָא,,,,Jonathan,TARG
7,Judges,15,19,Judges 15:19,21,דְשִׁמְשׁוֹן,,,,Jonathan,TARG
7,Judges,15,19,Judges 15:19,22,הִיא,,,,Jonathan,TARG
7,Judges,15,19,Judges 15:19,23,קַיְמָא,,,,Jonathan,TARG
7,Judges,15,19,Judges 15:19,24,בַּלֶחִי,,,,Jonathan,TARG
7,Judges,15,19,Judges 15:19,25,עַד,,,,Jonathan,TARG
7,Judges,15,19,Judges 15:19,26,יוֹמָא,,,,Jonathan,TARG
7,Judges,15,19,Judges 15:19,27,הָדֵין:,,,,Jonathan,TARG
7,Judges,15,20,Judges 15:20,1,וְדָן,,,,Jonathan,TARG
7,Judges,15,20,Judges 15:20,2,יַת,,,,Jonathan,TARG
7,Judges,15,20,Judges 15:20,3,יִשְׂרָאֵל,,,,Jonathan,TARG
7,Judges,15,20,Judges 15:20,4,בְּיוֹמֵי,,,,Jonathan,TARG
7,Judges,15,20,Judges 15:20,5,פְּלִשְׁתָּאֵי,,,,Jonathan,TARG
7,Judges,15,20,Judges 15:20,6,עַסְרִין,,,,Jonathan,TARG
7,Judges,15,20,Judges 15:20,7,שְׁנִין:,,,,Jonathan,TARG
7,Judges,16,1,Judges 16:1,1,וַאֲזַל,,,,Jonathan,TARG
7,Judges,16,1,Judges 16:1,2,שִׁמְשׁוֹן,,,,Jonathan,TARG
7,Judges,16,1,Judges 16:1,3,לְעַזָתָא,,,,Jonathan,TARG
7,Judges,16,1,Judges 16:1,4,וַחֲזָא,,,,Jonathan,TARG
7,Judges,16,1,Judges 16:1,5,תַמָן,,,,Jonathan,TARG
7,Judges,16,1,Judges 16:1,6,אִתְּתָא,,,,Jonathan,TARG
7,Judges,16,1,Judges 16:1,7,פּוּנְדְקִיתָא,,,,Jonathan,TARG
7,Judges,16,1,Judges 16:1,8,וְעַל,,,,Jonathan,TARG
7,Judges,16,1,Judges 16:1,9,לְוָתָהּ:,,,,Jonathan,TARG
7,Judges,16,2,Judges 16:2,1,לְעַזָתָאֵי,,,,Jonathan,TARG
7,Judges,16,2,Judges 16:2,2,אִתְחַוָה,,,,Jonathan,TARG
7,Judges,16,2,Judges 16:2,3,לְמֵימָר,,,,Jonathan,TARG
7,Judges,16,2,Judges 16:2,4,אֲתָא,,,,Jonathan,TARG
7,Judges,16,2,Judges 16:2,5,שִׁמְשׁוֹן,,,,Jonathan,TARG
7,Judges,16,2,Judges 16:2,6,הַלְכָא,,,,Jonathan,TARG
7,Judges,16,2,Judges 16:2,7,וְאַסְחֲרוּ,,,,Jonathan,TARG
7,Judges,16,2,Judges 16:2,8,וּכְמָנוּ,,,,Jonathan,TARG
7,Judges,16,2,Judges 16:2,9,לֵיהּ,,,,Jonathan,TARG
7,Judges,16,2,Judges 16:2,10,כָּל,,,,Jonathan,TARG
7,Judges,16,2,Judges 16:2,11,לֵילְיָא,,,,Jonathan,TARG
7,Judges,16,2,Judges 16:2,12,בְּמַעֲלָנָא,,,,Jonathan,TARG
7,Judges,16,2,Judges 16:2,13,דִתְרַע,,,,Jonathan,TARG
7,Judges,16,2,Judges 16:2,14,קַרְתָּא,,,,Jonathan,TARG
7,Judges,16,2,Judges 16:2,15,וּשְׁתִיקוּ,,,,Jonathan,TARG
7,Judges,16,2,Judges 16:2,16,כָּל,,,,Jonathan,TARG
7,Judges,16,2,Judges 16:2,17,לֵילְיָא,,,,Jonathan,TARG
7,Judges,16,2,Judges 16:2,18,לְמֵימָר,,,,Jonathan,TARG
7,Judges,16,2,Judges 16:2,19,עַד,,,,Jonathan,TARG
7,Judges,16,2,Judges 16:2,20,נֵיהוֹר,,,,Jonathan,TARG
7,Judges,16,2,Judges 16:2,21,צַפְרָא,,,,Jonathan,TARG
7,Judges,16,2,Judges 16:2,22,וְנִקְטְלִינֵיהּ:,,,,Jonathan,TARG
7,Judges,16,3,Judges 16:3,1,וּשְׁכַב,,,,Jonathan,TARG
7,Judges,16,3,Judges 16:3,2,שִׁמְשׁוֹן,,,,Jonathan,TARG
7,Judges,16,3,Judges 16:3,3,עַד,,,,Jonathan,TARG
7,Judges,16,3,Judges 16:3,4,פַּלְגוּת,,,,Jonathan,TARG
7,Judges,16,3,Judges 16:3,5,לֵילְיָא,,,,Jonathan,TARG
7,Judges,16,3,Judges 16:3,6,וְקָם,,,,Jonathan,TARG
7,Judges,16,3,Judges 16:3,7,בְּפַלְגוּת,,,,Jonathan,TARG
7,Judges,16,3,Judges 16:3,8,לֵילְיָא,,,,Jonathan,TARG
7,Judges,16,3,Judges 16:3,9,וַאֲחַד,,,,Jonathan,TARG
7,Judges,16,3,Judges 16:3,10,בְּדָשֵׁי,,,,Jonathan,TARG
7,Judges,16,3,Judges 16:3,11,תְּרַע,,,,Jonathan,TARG
7,Judges,16,3,Judges 16:3,12,קַרְתָּא,,,,Jonathan,TARG
7,Judges,16,3,Judges 16:3,13,וּבִתְרֵין,,,,Jonathan,TARG
7,Judges,16,3,Judges 16:3,14,סִפַּיָא,,,,Jonathan,TARG
7,Judges,16,3,Judges 16:3,15,וְנַטְלִינוּן,,,,Jonathan,TARG
7,Judges,16,3,Judges 16:3,16,עִם,,,,Jonathan,TARG
7,Judges,16,3,Judges 16:3,17,עַבְּרָא,,,,Jonathan,TARG
7,Judges,16,3,Judges 16:3,18,וְשַׁוִי,,,,Jonathan,TARG
7,Judges,16,3,Judges 16:3,19,עַל,,,,Jonathan,TARG
7,Judges,16,3,Judges 16:3,20,כְּתֵפוֹהִי,,,,Jonathan,TARG
7,Judges,16,3,Judges 16:3,21,וְאַסְקִינוּן,,,,Jonathan,TARG
7,Judges,16,3,Judges 16:3,22,לְרֵישׁ,,,,Jonathan,TARG
7,Judges,16,3,Judges 16:3,23,טוּרָא,,,,Jonathan,TARG
7,Judges,16,3,Judges 16:3,24,דְעַל,,,,Jonathan,TARG
7,Judges,16,3,Judges 16:3,25,אַפֵּי,,,,Jonathan,TARG
7,Judges,16,3,Judges 16:3,26,חֶבְרוֹן:,,,,Jonathan,TARG
7,Judges,16,4,Judges 16:4,1,וַהֲוָה,,,,Jonathan,TARG
7,Judges,16,4,Judges 16:4,2,בָּתַר,,,,Jonathan,TARG
7,Judges,16,4,Judges 16:4,3,כֵּן,,,,Jonathan,TARG
7,Judges,16,4,Judges 16:4,4,וּרְחֵים,,,,Jonathan,TARG
7,Judges,16,4,Judges 16:4,5,אִתְּתָא,,,,Jonathan,TARG
7,Judges,16,4,Judges 16:4,6,בְּנַחֲלָא,,,,Jonathan,TARG
7,Judges,16,4,Judges 16:4,7,דְשׂוֹרֵק,,,,Jonathan,TARG
7,Judges,16,4,Judges 16:4,8,וּשְׁמָהּ,,,,Jonathan,TARG
7,Judges,16,4,Judges 16:4,9,דְלִילָהּ:,,,,Jonathan,TARG
7,Judges,16,5,Judges 16:5,1,וּסְלִיקוּ,,,,Jonathan,TARG
7,Judges,16,5,Judges 16:5,2,לְוָתָהּ,,,,Jonathan,TARG
7,Judges,16,5,Judges 16:5,3,טוּרְנֵי,,,,Jonathan,TARG
7,Judges,16,5,Judges 16:5,4,פְּלִשְׁתָּאֵי,,,,Jonathan,TARG
7,Judges,16,5,Judges 16:5,5,וַאֲמַרוּ,,,,Jonathan,TARG
7,Judges,16,5,Judges 16:5,6,לָהּ,,,,Jonathan,TARG
7,Judges,16,5,Judges 16:5,7,שְׁדִילִי,,,,Jonathan,TARG
7,Judges,16,5,Judges 16:5,8,יָתֵיהּ,,,,Jonathan,TARG
7,Judges,16,5,Judges 16:5,9,וַחֲזִי,,,,Jonathan,TARG
7,Judges,16,5,Judges 16:5,10,בַּמֶה,,,,Jonathan,TARG
7,Judges,16,5,Judges 16:5,11,חֵילֵיהּ,,,,Jonathan,TARG
7,Judges,16,5,Judges 16:5,12,רַבָּא,,,,Jonathan,TARG
7,Judges,16,5,Judges 16:5,13,וּבַמֶה,,,,Jonathan,TARG
7,Judges,16,5,Judges 16:5,14,נֵיכוּל,,,,Jonathan,TARG
7,Judges,16,5,Judges 16:5,15,לֵיהּ,,,,Jonathan,TARG
7,Judges,16,5,Judges 16:5,16,וְנִסְרִינֵיהּ,,,,Jonathan,TARG
7,Judges,16,5,Judges 16:5,17,לְעַנָיוּתֵיהּ,,,,Jonathan,TARG
7,Judges,16,5,Judges 16:5,18,וַאֲנַחְנָא,,,,Jonathan,TARG
7,Judges,16,5,Judges 16:5,19,נִתַּן,,,,Jonathan,TARG
7,Judges,16,5,Judges 16:5,20,לָךְ,,,,Jonathan,TARG
7,Judges,16,5,Judges 16:5,21,גְבַר,,,,Jonathan,TARG
7,Judges,16,5,Judges 16:5,22,אֲלַף,,,,Jonathan,TARG
7,Judges,16,5,Judges 16:5,23,וּמְאָה,,,,Jonathan,TARG
7,Judges,16,5,Judges 16:5,24,סַלְעִין,,,,Jonathan,TARG
7,Judges,16,5,Judges 16:5,25,דִכְסַף:,,,,Jonathan,TARG
7,Judges,16,6,Judges 16:6,1,וַאֲמַרַת,,,,Jonathan,TARG
7,Judges,16,6,Judges 16:6,2,דְלִילָה,,,,Jonathan,TARG
7,Judges,16,6,Judges 16:6,3,לְשִׁמְשׁוֹן,,,,Jonathan,TARG
7,Judges,16,6,Judges 16:6,4,חֲוֵי,,,,Jonathan,TARG
7,Judges,16,6,Judges 16:6,5,כְעַן,,,,Jonathan,TARG
7,Judges,16,6,Judges 16:6,6,לִי,,,,Jonathan,TARG
7,Judges,16,6,Judges 16:6,7,בְּמֶה,,,,Jonathan,TARG
7,Judges,16,6,Judges 16:6,8,חֵילָךְ,,,,Jonathan,TARG
7,Judges,16,6,Judges 16:6,9,סַגִי,,,,Jonathan,TARG
7,Judges,16,6,Judges 16:6,10,וּבְמָה,,,,Jonathan,TARG
7,Judges,16,6,Judges 16:6,11,תִתְאַסַר,,,,Jonathan,TARG
7,Judges,16,6,Judges 16:6,12,לְעַנְיוּתָךְ:,,,,Jonathan,TARG
7,Judges,16,7,Judges 16:7,1,וַאֲמַר,,,,Jonathan,TARG
7,Judges,16,7,Judges 16:7,2,לָהּ,,,,Jonathan,TARG
7,Judges,16,7,Judges 16:7,3,שִׁמְשׁוֹן,,,,Jonathan,TARG
7,Judges,16,7,Judges 16:7,4,אִם,,,,Jonathan,TARG
7,Judges,16,7,Judges 16:7,5,יֵיסְרוּנַנִי,,,,Jonathan,TARG
7,Judges,16,7,Judges 16:7,6,בְּשַׁבְעָא,,,,Jonathan,TARG
7,Judges,16,7,Judges 16:7,7,יְתָרִין,,,,Jonathan,TARG
7,Judges,16,7,Judges 16:7,8,רְטִיבִין,,,,Jonathan,TARG
7,Judges,16,7,Judges 16:7,9,דְלָא,,,,Jonathan,TARG
7,Judges,16,7,Judges 16:7,10,יַבִּישׁוּ,,,,Jonathan,TARG
7,Judges,16,7,Judges 16:7,11,וְאֶחֱלוֹשׁ,,,,Jonathan,TARG
7,Judges,16,7,Judges 16:7,12,וְאֶהֱוֵי,,,,Jonathan,TARG
7,Judges,16,7,Judges 16:7,13,כְּחַד,,,,Jonathan,TARG
7,Judges,16,7,Judges 16:7,14,מִן,,,,Jonathan,TARG
7,Judges,16,7,Judges 16:7,15,בְּנֵי,,,,Jonathan,TARG
7,Judges,16,7,Judges 16:7,16,אֱנָשָׁא:,,,,Jonathan,TARG
7,Judges,16,8,Judges 16:8,1,וְאַסִיקוּ,,,,Jonathan,TARG
7,Judges,16,8,Judges 16:8,2,לָהּ,,,,Jonathan,TARG
7,Judges,16,8,Judges 16:8,3,טוּרְנֵי,,,,Jonathan,TARG
7,Judges,16,8,Judges 16:8,4,פְּלִשְׁתָּאֵי,,,,Jonathan,TARG
7,Judges,16,8,Judges 16:8,5,שַׁבְעָא,,,,Jonathan,TARG
7,Judges,16,8,Judges 16:8,6,יְתָרִין,,,,Jonathan,TARG
7,Judges,16,8,Judges 16:8,7,רְטִיבִין,,,,Jonathan,TARG
7,Judges,16,8,Judges 16:8,8,דְלָא,,,,Jonathan,TARG
7,Judges,16,8,Judges 16:8,9,יַבִּישׁוּ,,,,Jonathan,TARG
7,Judges,16,8,Judges 16:8,10,וַאֲסַרְתֵּיהּ,,,,Jonathan,TARG
7,Judges,16,8,Judges 16:8,11,בְּהוֹן:,,,,Jonathan,TARG
7,Judges,16,9,Judges 16:9,1,וּכְמָנָא,,,,Jonathan,TARG
7,Judges,16,9,Judges 16:9,2,יְתַב,,,,Jonathan,TARG
7,Judges,16,9,Judges 16:9,3,לָהּ,,,,Jonathan,TARG
7,Judges,16,9,Judges 16:9,4,בְּאִדְרוֹן,,,,Jonathan,TARG
7,Judges,16,9,Judges 16:9,5,בֵּית,,,,Jonathan,TARG
7,Judges,16,9,Judges 16:9,6,מִשְׁכְּבָא,,,,Jonathan,TARG
7,Judges,16,9,Judges 16:9,7,וַאֲמַרַת,,,,Jonathan,TARG
7,Judges,16,9,Judges 16:9,8,לֵיהּ,,,,Jonathan,TARG
7,Judges,16,9,Judges 16:9,9,פְּלִשְׁתָּאֵי,,,,Jonathan,TARG
7,Judges,16,9,Judges 16:9,10,אֲתוֹ,,,,Jonathan,TARG
7,Judges,16,9,Judges 16:9,11,עֲלָךְ,,,,Jonathan,TARG
7,Judges,16,9,Judges 16:9,12,שִׁמְשׁוֹן,,,,Jonathan,TARG
7,Judges,16,9,Judges 16:9,13,וּפְסַק,,,,Jonathan,TARG
7,Judges,16,9,Judges 16:9,14,יַת,,,,Jonathan,TARG
7,Judges,16,9,Judges 16:9,15,יְתָרַיָא,,,,Jonathan,TARG
7,Judges,16,9,Judges 16:9,16,כְּמָא,,,,Jonathan,TARG
7,Judges,16,9,Judges 16:9,17,דְמִתְפְּסַק,,,,Jonathan,TARG
7,Judges,16,9,Judges 16:9,18,חוּטָא,,,,Jonathan,TARG
7,Judges,16,9,Judges 16:9,19,דְכִתָּנָא,,,,Jonathan,TARG
7,Judges,16,9,Judges 16:9,20,דַאֲרַח,,,,Jonathan,TARG
7,Judges,16,9,Judges 16:9,21,בֵיהּ,,,,Jonathan,TARG
7,Judges,16,9,Judges 16:9,22,נוּרָא,,,,Jonathan,TARG
7,Judges,16,9,Judges 16:9,23,וְלָא,,,,Jonathan,TARG
7,Judges,16,9,Judges 16:9,24,אִתְיְדַע,,,,Jonathan,TARG
7,Judges,16,9,Judges 16:9,25,חֵילֵיהּ:,,,,Jonathan,TARG
7,Judges,16,10,Judges 16:10,1,וַאֲמַרַת,,,,Jonathan,TARG
7,Judges,16,10,Judges 16:10,2,דְלִילָה,,,,Jonathan,TARG
7,Judges,16,10,Judges 16:10,3,לְשִׁמְשׁוֹן,,,,Jonathan,TARG
7,Judges,16,10,Judges 16:10,4,הָא,,,,Jonathan,TARG
7,Judges,16,10,Judges 16:10,5,שְׁקַרְתָּ,,,,Jonathan,TARG
7,Judges,16,10,Judges 16:10,6,בִּי,,,,Jonathan,TARG
7,Judges,16,10,Judges 16:10,7,וּמַלֵילְתָּא,,,,Jonathan,TARG
7,Judges,16,10,Judges 16:10,8,עִמִי,,,,Jonathan,TARG
7,Judges,16,10,Judges 16:10,9,כַּדְבִין,,,,Jonathan,TARG
7,Judges,16,10,Judges 16:10,10,כְּעַן,,,,Jonathan,TARG
7,Judges,16,10,Judges 16:10,11,חַוֵי,,,,Jonathan,TARG
7,Judges,16,10,Judges 16:10,12,כְעַן,,,,Jonathan,TARG
7,Judges,16,10,Judges 16:10,13,לִי,,,,Jonathan,TARG
7,Judges,16,10,Judges 16:10,14,בְּמַה,,,,Jonathan,TARG
7,Judges,16,10,Judges 16:10,15,תִּתְאַסָר:,,,,Jonathan,TARG
7,Judges,16,11,Judges 16:11,1,וַאֲמַר,,,,Jonathan,TARG
7,Judges,16,11,Judges 16:11,2,לָהּ,,,,Jonathan,TARG
7,Judges,16,11,Judges 16:11,3,אִם,,,,Jonathan,TARG
7,Judges,16,11,Judges 16:11,4,מֵיסַר,,,,Jonathan,TARG
7,Judges,16,11,Judges 16:11,5,יֵיסְרוּנַנִי,,,,Jonathan,TARG
7,Judges,16,11,Judges 16:11,6,בִּגְדִילָן,,,,Jonathan,TARG
7,Judges,16,11,Judges 16:11,7,חַדְתָּן,,,,Jonathan,TARG
7,Judges,16,11,Judges 16:11,8,דְלָא,,,,Jonathan,TARG
7,Judges,16,11,Judges 16:11,9,אִתְעֲבִידָא,,,,Jonathan,TARG
7,Judges,16,11,Judges 16:11,10,בְהוֹן,,,,Jonathan,TARG
7,Judges,16,11,Judges 16:11,11,עֲבִידְתָּא,,,,Jonathan,TARG
7,Judges,16,11,Judges 16:11,12,וְאֶחֱלוֹשׁ,,,,Jonathan,TARG
7,Judges,16,11,Judges 16:11,13,וְאֶהֱוֵי,,,,Jonathan,TARG
7,Judges,16,11,Judges 16:11,14,כְּחַד,,,,Jonathan,TARG
7,Judges,16,11,Judges 16:11,15,מִבְּנֵי,,,,Jonathan,TARG
7,Judges,16,11,Judges 16:11,16,אֱנָשָׁא:,,,,Jonathan,TARG
7,Judges,16,12,Judges 16:12,1,וּנְסִיבַת,,,,Jonathan,TARG
7,Judges,16,12,Judges 16:12,2,דְלִילָה,,,,Jonathan,TARG
7,Judges,16,12,Judges 16:12,3,גְדִילָן,,,,Jonathan,TARG
7,Judges,16,12,Judges 16:12,4,חַדְתָּן,,,,Jonathan,TARG
7,Judges,16,12,Judges 16:12,5,וַאֲסַרְתֵּיהּ,,,,Jonathan,TARG
7,Judges,16,12,Judges 16:12,6,בְּהוֹן,,,,Jonathan,TARG
7,Judges,16,12,Judges 16:12,7,וַאֲמַרַת,,,,Jonathan,TARG
7,Judges,16,12,Judges 16:12,8,לֵיהּ,,,,Jonathan,TARG
7,Judges,16,12,Judges 16:12,9,פְּלִשְׁתָּאֵי,,,,Jonathan,TARG
7,Judges,16,12,Judges 16:12,10,אֲתוֹ,,,,Jonathan,TARG
7,Judges,16,12,Judges 16:12,11,עֲלָךְ,,,,Jonathan,TARG
7,Judges,16,12,Judges 16:12,12,שִׁמְשׁוֹן,,,,Jonathan,TARG
7,Judges,16,12,Judges 16:12,13,וּכְמָנָא,,,,Jonathan,TARG
7,Judges,16,12,Judges 16:12,14,יָתֵיב,,,,Jonathan,TARG
7,Judges,16,12,Judges 16:12,15,בְּאִידְרוֹן,,,,Jonathan,TARG
7,Judges,16,12,Judges 16:12,16,בֵּית,,,,Jonathan,TARG
7,Judges,16,12,Judges 16:12,17,מִשְׁכְּבָא,,,,Jonathan,TARG
7,Judges,16,12,Judges 16:12,18,וּפַסְקִינוּן,,,,Jonathan,TARG
7,Judges,16,12,Judges 16:12,19,מֵעַל,,,,Jonathan,TARG
7,Judges,16,12,Judges 16:12,20,דַרְעוֹהִי,,,,Jonathan,TARG
7,Judges,16,12,Judges 16:12,21,כְּחוּטָא:,,,,Jonathan,TARG
7,Judges,16,13,Judges 16:13,1,וַאֲמַרַת,,,,Jonathan,TARG
7,Judges,16,13,Judges 16:13,2,דְלִילָה,,,,Jonathan,TARG
7,Judges,16,13,Judges 16:13,3,לְשִׁמְשׁוֹן,,,,Jonathan,TARG
7,Judges,16,13,Judges 16:13,4,עַד,,,,Jonathan,TARG
7,Judges,16,13,Judges 16:13,5,הָכָא,,,,Jonathan,TARG
7,Judges,16,13,Judges 16:13,6,שְׁקַרְתָּ,,,,Jonathan,TARG
7,Judges,16,13,Judges 16:13,7,בִּי,,,,Jonathan,TARG
7,Judges,16,13,Judges 16:13,8,וּמַלֵילְתָּא,,,,Jonathan,TARG
7,Judges,16,13,Judges 16:13,9,עִמִי,,,,Jonathan,TARG
7,Judges,16,13,Judges 16:13,10,כַּדְבִין,,,,Jonathan,TARG
7,Judges,16,13,Judges 16:13,11,חַוִי,,,,Jonathan,TARG
7,Judges,16,13,Judges 16:13,12,כְעַן,,,,Jonathan,TARG
7,Judges,16,13,Judges 16:13,13,לִי,,,,Jonathan,TARG
7,Judges,16,13,Judges 16:13,14,בַּמֶה,,,,Jonathan,TARG
7,Judges,16,13,Judges 16:13,15,תִּתְאַסָר,,,,Jonathan,TARG
7,Judges,16,13,Judges 16:13,16,וַאֲמַר,,,,Jonathan,TARG
7,Judges,16,13,Judges 16:13,17,לָהּ,,,,Jonathan,TARG
7,Judges,16,13,Judges 16:13,18,אִם,,,,Jonathan,TARG
7,Judges,16,13,Judges 16:13,19,תִּשְׁתִּין,,,,Jonathan,TARG
7,Judges,16,13,Judges 16:13,20,יַת,,,,Jonathan,TARG
7,Judges,16,13,Judges 16:13,21,שְׁבַע,,,,Jonathan,TARG
7,Judges,16,13,Judges 16:13,22,גְדִילַת,,,,Jonathan,TARG
7,Judges,16,13,Judges 16:13,23,רֵישִׁי,,,,Jonathan,TARG
7,Judges,16,13,Judges 16:13,24,עִם,,,,Jonathan,TARG
7,Judges,16,13,Judges 16:13,25,אַכְסְנָא,,,,Jonathan,TARG
7,Judges,16,13,Judges 16:13,26,דְמַשְׁתֵּיתָא:,,,,Jonathan,TARG
7,Judges,16,14,Judges 16:14,1,וְנִקְשַׁת,,,,Jonathan,TARG
7,Judges,16,14,Judges 16:14,2,בְסִכְתָא,,,,Jonathan,TARG
7,Judges,16,14,Judges 16:14,3,וַאֲמַרַת,,,,Jonathan,TARG
7,Judges,16,14,Judges 16:14,4,לֵיהּ,,,,Jonathan,TARG
7,Judges,16,14,Judges 16:14,5,פְּלִשְׁתָּאֵי,,,,Jonathan,TARG
7,Judges,16,14,Judges 16:14,6,אֲתוֹ,,,,Jonathan,TARG
7,Judges,16,14,Judges 16:14,7,עֲלָךְ,,,,Jonathan,TARG
7,Judges,16,14,Judges 16:14,8,שִׁמְשׁוֹן,,,,Jonathan,TARG
7,Judges,16,14,Judges 16:14,9,וְאִתְעַר,,,,Jonathan,TARG
7,Judges,16,14,Judges 16:14,10,מִשִׁנְתֵיהּ,,,,Jonathan,TARG
7,Judges,16,14,Judges 16:14,11,וּנְטַל,,,,Jonathan,TARG
7,Judges,16,14,Judges 16:14,12,יַת,,,,Jonathan,TARG
7,Judges,16,14,Judges 16:14,13,אַכְסַן,,,,Jonathan,TARG
7,Judges,16,14,Judges 16:14,14,דְגַרְדָאִין,,,,Jonathan,TARG
7,Judges,16,14,Judges 16:14,15,וְיַת,,,,Jonathan,TARG
7,Judges,16,14,Judges 16:14,16,מַשְׁתֵּיתָא:,,,,Jonathan,TARG
7,Judges,16,15,Judges 16:15,1,וַאֲמַרַת,,,,Jonathan,TARG
7,Judges,16,15,Judges 16:15,2,לֵיהּ,,,,Jonathan,TARG
7,Judges,16,15,Judges 16:15,3,אֵיכְדֵין,,,,Jonathan,TARG
7,Judges,16,15,Judges 16:15,4,תֵּימַר,,,,Jonathan,TARG
7,Judges,16,15,Judges 16:15,5,רְחִימְתִּיךְ,,,,Jonathan,TARG
7,Judges,16,15,Judges 16:15,6,וְלִבָּךְ,,,,Jonathan,TARG
7,Judges,16,15,Judges 16:15,7,לֵית,,,,Jonathan,TARG
7,Judges,16,15,Judges 16:15,8,עִמִי,,,,Jonathan,TARG
7,Judges,16,15,Judges 16:15,9,דְנַן,,,,Jonathan,TARG
7,Judges,16,15,Judges 16:15,10,תְּלַת,,,,Jonathan,TARG
7,Judges,16,15,Judges 16:15,11,זִמְנִין,,,,Jonathan,TARG
7,Judges,16,15,Judges 16:15,12,שַׁקַרְתָּא,,,,Jonathan,TARG
7,Judges,16,15,Judges 16:15,13,בִּי,,,,Jonathan,TARG
7,Judges,16,15,Judges 16:15,14,וְלָא,,,,Jonathan,TARG
7,Judges,16,15,Judges 16:15,15,חַוֵיתָ,,,,Jonathan,TARG
7,Judges,16,15,Judges 16:15,16,לִי,,,,Jonathan,TARG
7,Judges,16,15,Judges 16:15,17,בְּמָה,,,,Jonathan,TARG
7,Judges,16,15,Judges 16:15,18,חֵילָךְ,,,,Jonathan,TARG
7,Judges,16,15,Judges 16:15,19,סַגִי:,,,,Jonathan,TARG
7,Judges,16,16,Judges 16:16,1,וַהֲוָה,,,,Jonathan,TARG
7,Judges,16,16,Judges 16:16,2,כַּד,,,,Jonathan,TARG
7,Judges,16,16,Judges 16:16,3,אֲעִיקַת,,,,Jonathan,TARG
7,Judges,16,16,Judges 16:16,4,לֵיהּ,,,,Jonathan,TARG
7,Judges,16,16,Judges 16:16,5,בְּפִתְגָמָהָא,,,,Jonathan,TARG
7,Judges,16,16,Judges 16:16,6,כָּל,,,,Jonathan,TARG
7,Judges,16,16,Judges 16:16,7,יוֹמַיָא,,,,Jonathan,TARG
7,Judges,16,16,Judges 16:16,8,וּדְחַקְתֵּיהּ,,,,Jonathan,TARG
7,Judges,16,16,Judges 16:16,9,וְעָקַת,,,,Jonathan,TARG
7,Judges,16,16,Judges 16:16,10,נַפְשֵׁיהּ,,,,Jonathan,TARG
7,Judges,16,16,Judges 16:16,11,לִמְמָת:,,,,Jonathan,TARG
7,Judges,16,17,Judges 16:17,1,וְחַוֵי,,,,Jonathan,TARG
7,Judges,16,17,Judges 16:17,2,לָהּ,,,,Jonathan,TARG
7,Judges,16,17,Judges 16:17,3,יַת,,,,Jonathan,TARG
7,Judges,16,17,Judges 16:17,4,כָּל,,,,Jonathan,TARG
7,Judges,16,17,Judges 16:17,5,לִבֵּיהּ,,,,Jonathan,TARG
7,Judges,16,17,Judges 16:17,6,וַאֲמַר,,,,Jonathan,TARG
7,Judges,16,17,Judges 16:17,7,לָהּ,,,,Jonathan,TARG
7,Judges,16,17,Judges 16:17,8,מִסְפַּר,,,,Jonathan,TARG
7,Judges,16,17,Judges 16:17,9,לָא,,,,Jonathan,TARG
7,Judges,16,17,Judges 16:17,10,עֲדָא,,,,Jonathan,TARG
7,Judges,16,17,Judges 16:17,11,עַל,,,,Jonathan,TARG
7,Judges,16,17,Judges 16:17,12,רֵישִׁי,,,,Jonathan,TARG
7,Judges,16,17,Judges 16:17,13,אֲרֵי,,,,Jonathan,TARG
7,Judges,16,17,Judges 16:17,14,נְזִירָא,,,,Jonathan,TARG
7,Judges,16,17,Judges 16:17,15,דַייָ,,,,Jonathan,TARG
7,Judges,16,17,Judges 16:17,16,אֲנָא,,,,Jonathan,TARG
7,Judges,16,17,Judges 16:17,17,מִבִּטְנָא,,,,Jonathan,TARG
7,Judges,16,17,Judges 16:17,18,דְאִמָא,,,,Jonathan,TARG
7,Judges,16,17,Judges 16:17,19,אִם,,,,Jonathan,TARG
7,Judges,16,17,Judges 16:17,20,אִתְגְלַח,,,,Jonathan,TARG
7,Judges,16,17,Judges 16:17,21,וְיַדְעִי,,,,Jonathan,TARG
7,Judges,16,17,Judges 16:17,22,מִנִי,,,,Jonathan,TARG
7,Judges,16,17,Judges 16:17,23,חֵילִי,,,,Jonathan,TARG
7,Judges,16,17,Judges 16:17,24,וְאֶחֱלוֹשׁ,,,,Jonathan,TARG
7,Judges,16,17,Judges 16:17,25,וְאֶהֱוֵי,,,,Jonathan,TARG
7,Judges,16,17,Judges 16:17,26,כְּחַד,,,,Jonathan,TARG
7,Judges,16,17,Judges 16:17,27,מִן,,,,Jonathan,TARG
7,Judges,16,17,Judges 16:17,28,בְּנֵי,,,,Jonathan,TARG
7,Judges,16,17,Judges 16:17,29,אֱנָשָׁא:,,,,Jonathan,TARG
7,Judges,16,18,Judges 16:18,1,וַחֲזַת,,,,Jonathan,TARG
7,Judges,16,18,Judges 16:18,2,דְלִילָה,,,,Jonathan,TARG
7,Judges,16,18,Judges 16:18,3,אֲרֵי,,,,Jonathan,TARG
7,Judges,16,18,Judges 16:18,4,חַוֵי,,,,Jonathan,TARG
7,Judges,16,18,Judges 16:18,5,לָהּ,,,,Jonathan,TARG
7,Judges,16,18,Judges 16:18,6,יַת,,,,Jonathan,TARG
7,Judges,16,18,Judges 16:18,7,כָּל,,,,Jonathan,TARG
7,Judges,16,18,Judges 16:18,8,לִבֵּיהּ,,,,Jonathan,TARG
7,Judges,16,18,Judges 16:18,9,וּשְׁלָחַת,,,,Jonathan,TARG
7,Judges,16,18,Judges 16:18,10,וּקְרַת,,,,Jonathan,TARG
7,Judges,16,18,Judges 16:18,11,לְטוּרְנֵי,,,,Jonathan,TARG
7,Judges,16,18,Judges 16:18,12,פְּלִשְׁתָּאֵי,,,,Jonathan,TARG
7,Judges,16,18,Judges 16:18,13,לְמֵימָר,,,,Jonathan,TARG
7,Judges,16,18,Judges 16:18,14,סַקוּ,,,,Jonathan,TARG
7,Judges,16,18,Judges 16:18,15,בְּרַם,,,,Jonathan,TARG
7,Judges,16,18,Judges 16:18,16,זִמְנָא,,,,Jonathan,TARG
7,Judges,16,18,Judges 16:18,17,הָדָא,,,,Jonathan,TARG
7,Judges,16,18,Judges 16:18,18,אֲרֵי,,,,Jonathan,TARG
7,Judges,16,18,Judges 16:18,19,חֲוֵי,,,,Jonathan,TARG
7,Judges,16,18,Judges 16:18,20,לִי,,,,Jonathan,TARG
7,Judges,16,18,Judges 16:18,21,יַת,,,,Jonathan,TARG
7,Judges,16,18,Judges 16:18,22,כָּל,,,,Jonathan,TARG
7,Judges,16,18,Judges 16:18,23,לִבֵּיהּ,,,,Jonathan,TARG
7,Judges,16,18,Judges 16:18,24,וּסְלִיקוּ,,,,Jonathan,TARG
7,Judges,16,18,Judges 16:18,25,לְוָתָהּ,,,,Jonathan,TARG
7,Judges,16,18,Judges 16:18,26,טוּרְנֵי,,,,Jonathan,TARG
7,Judges,16,18,Judges 16:18,27,פְּלִשְׁתָּאֵי,,,,Jonathan,TARG
7,Judges,16,18,Judges 16:18,28,וְאַסִיקוּ,,,,Jonathan,TARG
7,Judges,16,18,Judges 16:18,29,כַסְפָּא,,,,Jonathan,TARG
7,Judges,16,18,Judges 16:18,30,בִּידֵיהוֹן:,,,,Jonathan,TARG
7,Judges,16,19,Judges 16:19,1,וְאַשְׁכַּבְתֵּיהּ,,,,Jonathan,TARG
7,Judges,16,19,Judges 16:19,2,עַל,,,,Jonathan,TARG
7,Judges,16,19,Judges 16:19,3,בִּרְכָּהָא,,,,Jonathan,TARG
7,Judges,16,19,Judges 16:19,4,וּקְרַת,,,,Jonathan,TARG
7,Judges,16,19,Judges 16:19,5,לְגַבְרָא,,,,Jonathan,TARG
7,Judges,16,19,Judges 16:19,6,וּגְדַעַת,,,,Jonathan,TARG
7,Judges,16,19,Judges 16:19,7,יַת,,,,Jonathan,TARG
7,Judges,16,19,Judges 16:19,8,שְׁבַע,,,,Jonathan,TARG
7,Judges,16,19,Judges 16:19,9,גְדִילַת,,,,Jonathan,TARG
7,Judges,16,19,Judges 16:19,10,רֵישֵׁיהּ,,,,Jonathan,TARG
7,Judges,16,19,Judges 16:19,11,וּשְׁרִיאַת,,,,Jonathan,TARG
7,Judges,16,19,Judges 16:19,12,לְעַנָיוּתֵיהּ,,,,Jonathan,TARG
7,Judges,16,19,Judges 16:19,13,וַעֲדָא,,,,Jonathan,TARG
7,Judges,16,19,Judges 16:19,14,חֵילֵיהּ,,,,Jonathan,TARG
7,Judges,16,19,Judges 16:19,15,מִנֵיהּ:,,,,Jonathan,TARG
7,Judges,16,20,Judges 16:20,1,וַאֲמַרַת,,,,Jonathan,TARG
7,Judges,16,20,Judges 16:20,2,פְּלִשְׁתָּאֵי,,,,Jonathan,TARG
7,Judges,16,20,Judges 16:20,3,אֲתוֹ,,,,Jonathan,TARG
7,Judges,16,20,Judges 16:20,4,עֲלָךְ,,,,Jonathan,TARG
7,Judges,16,20,Judges 16:20,5,שִׁמְשׁוֹן,,,,Jonathan,TARG
7,Judges,16,20,Judges 16:20,6,וְאִתְעַר,,,,Jonathan,TARG
7,Judges,16,20,Judges 16:20,7,מִשִׁנְתֵיהּ,,,,Jonathan,TARG
7,Judges,16,20,Judges 16:20,8,וַאֲמַר,,,,Jonathan,TARG
7,Judges,16,20,Judges 16:20,9,אֶפּוֹק,,,,Jonathan,TARG
7,Judges,16,20,Judges 16:20,10,כִּזְמַן,,,,Jonathan,TARG
7,Judges,16,20,Judges 16:20,11,בִּזְמַן,,,,Jonathan,TARG
7,Judges,16,20,Judges 16:20,12,וְאִתְגַבַּר,,,,Jonathan,TARG
7,Judges,16,20,Judges 16:20,13,וְהוּא,,,,Jonathan,TARG
7,Judges,16,20,Judges 16:20,14,לָא,,,,Jonathan,TARG
7,Judges,16,20,Judges 16:20,15,יְדַע,,,,Jonathan,TARG
7,Judges,16,20,Judges 16:20,16,אֲרֵי,,,,Jonathan,TARG
7,Judges,16,20,Judges 16:20,17,גְבוּרְתָּא,,,,Jonathan,TARG
7,Judges,16,20,Judges 16:20,18,דַייָ,,,,Jonathan,TARG
7,Judges,16,20,Judges 16:20,19,עֲדָת,,,,Jonathan,TARG
7,Judges,16,20,Judges 16:20,20,מִנֵיהּ:,,,,Jonathan,TARG
7,Judges,16,21,Judges 16:21,1,וַאֲחָדוּהוּ,,,,Jonathan,TARG
7,Judges,16,21,Judges 16:21,2,פְּלִשְׁתָּאֵי,,,,Jonathan,TARG
7,Judges,16,21,Judges 16:21,3,וְנַקְרוּ,,,,Jonathan,TARG
7,Judges,16,21,Judges 16:21,4,יַת,,,,Jonathan,TARG
7,Judges,16,21,Judges 16:21,5,עֵינוֹהִי,,,,Jonathan,TARG
7,Judges,16,21,Judges 16:21,6,וְאַחִיתוּ,,,,Jonathan,TARG
7,Judges,16,21,Judges 16:21,7,יָתֵיהּ,,,,Jonathan,TARG
7,Judges,16,21,Judges 16:21,8,לְעַזָת,,,,Jonathan,TARG
7,Judges,16,21,Judges 16:21,9,וַאֲסָרוּהוּ,,,,Jonathan,TARG
7,Judges,16,21,Judges 16:21,10,בְּשַׁלְשְׁלָן,,,,Jonathan,TARG
7,Judges,16,21,Judges 16:21,11,דִנְחָשׁ,,,,Jonathan,TARG
7,Judges,16,21,Judges 16:21,12,וַהֲוָה,,,,Jonathan,TARG
7,Judges,16,21,Judges 16:21,13,טָחִין,,,,Jonathan,TARG
7,Judges,16,21,Judges 16:21,14,רֵחַיָא,,,,Jonathan,TARG
7,Judges,16,21,Judges 16:21,15,בְּבֵית,,,,Jonathan,TARG
7,Judges,16,21,Judges 16:21,16,אֲסִירַיָא:,,,,Jonathan,TARG
7,Judges,16,22,Judges 16:22,1,וּשְׁרֵי,,,,Jonathan,TARG
7,Judges,16,22,Judges 16:22,2,שְׂעַר,,,,Jonathan,TARG
7,Judges,16,22,Judges 16:22,3,רֵישֵׁיהּ,,,,Jonathan,TARG
7,Judges,16,22,Judges 16:22,4,לְצַמָחָא,,,,Jonathan,TARG
7,Judges,16,22,Judges 16:22,5,בָּתַר,,,,Jonathan,TARG
7,Judges,16,22,Judges 16:22,6,דְאִתְגַלָח:,,,,Jonathan,TARG
7,Judges,16,23,Judges 16:23,1,וְטוּרְנֵי,,,,Jonathan,TARG
7,Judges,16,23,Judges 16:23,2,פְלִשְׁתָּאֵי,,,,Jonathan,TARG
7,Judges,16,23,Judges 16:23,3,אִתְכְּנִישׁוּ,,,,Jonathan,TARG
7,Judges,16,23,Judges 16:23,4,לְדַבָּחָא,,,,Jonathan,TARG
7,Judges,16,23,Judges 16:23,5,דְבַח,,,,Jonathan,TARG
7,Judges,16,23,Judges 16:23,6,רַבָּא,,,,Jonathan,TARG
7,Judges,16,23,Judges 16:23,7,לְדָגוֹן,,,,Jonathan,TARG
7,Judges,16,23,Judges 16:23,8,טַעֲוַתְהוֹן,,,,Jonathan,TARG
7,Judges,16,23,Judges 16:23,9,וּלְחֶדְוָא,,,,Jonathan,TARG
7,Judges,16,23,Judges 16:23,10,וַאֲמַרוּ,,,,Jonathan,TARG
7,Judges,16,23,Judges 16:23,11,מְסָרַת,,,,Jonathan,TARG
7,Judges,16,23,Judges 16:23,12,דְחַלְתָּנָא,,,,Jonathan,TARG
7,Judges,16,23,Judges 16:23,13,בִּידָנָא,,,,Jonathan,TARG
7,Judges,16,23,Judges 16:23,14,יַת,,,,Jonathan,TARG
7,Judges,16,23,Judges 16:23,15,שִׁמְשׁוֹן,,,,Jonathan,TARG
7,Judges,16,23,Judges 16:23,16,בְּעֵיל,,,,Jonathan,TARG
7,Judges,16,23,Judges 16:23,17,דְבָבָנָא:,,,,Jonathan,TARG
7,Judges,16,24,Judges 16:24,1,וַחֲזוֹ,,,,Jonathan,TARG
7,Judges,16,24,Judges 16:24,2,יָתֵיהּ,,,,Jonathan,TARG
7,Judges,16,24,Judges 16:24,3,עַמָא,,,,Jonathan,TARG
7,Judges,16,24,Judges 16:24,4,וְשַׁבָּחוּ,,,,Jonathan,TARG
7,Judges,16,24,Judges 16:24,5,יַת,,,,Jonathan,TARG
7,Judges,16,24,Judges 16:24,6,טַעֲוַתְהוֹן,,,,Jonathan,TARG
7,Judges,16,24,Judges 16:24,7,אֲרֵי,,,,Jonathan,TARG
7,Judges,16,24,Judges 16:24,8,אֲמַרוּ,,,,Jonathan,TARG
7,Judges,16,24,Judges 16:24,9,מְסָרַת,,,,Jonathan,TARG
7,Judges,16,24,Judges 16:24,10,דְחַלְתָּנָא,,,,Jonathan,TARG
7,Judges,16,24,Judges 16:24,11,בִּידָנָא,,,,Jonathan,TARG
7,Judges,16,24,Judges 16:24,12,יַת,,,,Jonathan,TARG
7,Judges,16,24,Judges 16:24,13,בְּעֵיל,,,,Jonathan,TARG
7,Judges,16,24,Judges 16:24,14,דְבָבָנָא,,,,Jonathan,TARG
7,Judges,16,24,Judges 16:24,15,וְיַת,,,,Jonathan,TARG
7,Judges,16,24,Judges 16:24,16,מַחֲרִיב,,,,Jonathan,TARG
7,Judges,16,24,Judges 16:24,17,אַרְעָנָא,,,,Jonathan,TARG
7,Judges,16,24,Judges 16:24,18,וְדִי,,,,Jonathan,TARG
7,Judges,16,24,Judges 16:24,19,מַסְגֵי,,,,Jonathan,TARG
7,Judges,16,24,Judges 16:24,20,יַת,,,,Jonathan,TARG
7,Judges,16,24,Judges 16:24,21,קְטִילָנָא:,,,,Jonathan,TARG
7,Judges,16,25,Judges 16:25,1,וַהֲוָה,,,,Jonathan,TARG
7,Judges,16,25,Judges 16:25,2,כַּד,,,,Jonathan,TARG
7,Judges,16,25,Judges 16:25,3,שְׁפַר,,,,Jonathan,TARG
7,Judges,16,25,Judges 16:25,4,לִבְּהוֹן,,,,Jonathan,TARG
7,Judges,16,25,Judges 16:25,5,וַאֲמַרוּ,,,,Jonathan,TARG
7,Judges,16,25,Judges 16:25,6,קְרוּ,,,,Jonathan,TARG
7,Judges,16,25,Judges 16:25,7,לְשִׁמְשׁוֹן,,,,Jonathan,TARG
7,Judges,16,25,Judges 16:25,8,וִיחַיִךְ,,,,Jonathan,TARG
7,Judges,16,25,Judges 16:25,9,לָנָא,,,,Jonathan,TARG
7,Judges,16,25,Judges 16:25,10,וּקְרוֹ,,,,Jonathan,TARG
7,Judges,16,25,Judges 16:25,11,לְשִׁמְשׁוֹן,,,,Jonathan,TARG
7,Judges,16,25,Judges 16:25,12,מִבֵּית,,,,Jonathan,TARG
7,Judges,16,25,Judges 16:25,13,אֲסִירַיָא,,,,Jonathan,TARG
7,Judges,16,25,Judges 16:25,14,וְחַיִיךְ,,,,Jonathan,TARG
7,Judges,16,25,Judges 16:25,15,קֳדָמֵיהוֹן,,,,Jonathan,TARG
7,Judges,16,25,Judges 16:25,16,וַאֲקִימוּ,,,,Jonathan,TARG
7,Judges,16,25,Judges 16:25,17,יָתֵיהּ,,,,Jonathan,TARG
7,Judges,16,25,Judges 16:25,18,בֵּין,,,,Jonathan,TARG
7,Judges,16,25,Judges 16:25,19,עַמוּדַיָא:,,,,Jonathan,TARG
7,Judges,16,26,Judges 16:26,1,וַאֲמַר,,,,Jonathan,TARG
7,Judges,16,26,Judges 16:26,2,שִׁמְשׁוֹן,,,,Jonathan,TARG
7,Judges,16,26,Judges 16:26,3,לְעוּלֵימָא,,,,Jonathan,TARG
7,Judges,16,26,Judges 16:26,4,דְמַתְקֵיף,,,,Jonathan,TARG
7,Judges,16,26,Judges 16:26,5,בִּידֵיהּ,,,,Jonathan,TARG
7,Judges,16,26,Judges 16:26,6,שְׁבוֹק,,,,Jonathan,TARG
7,Judges,16,26,Judges 16:26,7,מִנִי,,,,Jonathan,TARG
7,Judges,16,26,Judges 16:26,8,וַאֲמִישֵׁנִי,,,,Jonathan,TARG
7,Judges,16,26,Judges 16:26,9,יַת,,,,Jonathan,TARG
7,Judges,16,26,Judges 16:26,10,עַמוּדַיָא,,,,Jonathan,TARG
7,Judges,16,26,Judges 16:26,11,דְבֵיתָא,,,,Jonathan,TARG
7,Judges,16,26,Judges 16:26,12,מְתַקֵן,,,,Jonathan,TARG
7,Judges,16,26,Judges 16:26,13,עִלַוֵיהוֹן,,,,Jonathan,TARG
7,Judges,16,26,Judges 16:26,14,וְאִסְתְּמִיךְ,,,,Jonathan,TARG
7,Judges,16,26,Judges 16:26,15,עִלַוֵיהוֹן:,,,,Jonathan,TARG
7,Judges,16,27,Judges 16:27,1,וּבֵיתָא,,,,Jonathan,TARG
7,Judges,16,27,Judges 16:27,2,מָלֵי,,,,Jonathan,TARG
7,Judges,16,27,Judges 16:27,3,גַבְרַיָא,,,,Jonathan,TARG
7,Judges,16,27,Judges 16:27,4,וּנְשַׁיָא,,,,Jonathan,TARG
7,Judges,16,27,Judges 16:27,5,וְתַמָן,,,,Jonathan,TARG
7,Judges,16,27,Judges 16:27,6,כָּל,,,,Jonathan,TARG
7,Judges,16,27,Judges 16:27,7,טוּרְנֵי,,,,Jonathan,TARG
7,Judges,16,27,Judges 16:27,8,פְלִישְׁתָּאֵי,,,,Jonathan,TARG
7,Judges,16,27,Judges 16:27,9,וְעַל,,,,Jonathan,TARG
7,Judges,16,27,Judges 16:27,10,אִגְרָא,,,,Jonathan,TARG
7,Judges,16,27,Judges 16:27,11,כִּתְלָתָא,,,,Jonathan,TARG
7,Judges,16,27,Judges 16:27,12,אַלְפִין,,,,Jonathan,TARG
7,Judges,16,27,Judges 16:27,13,גַבְרָא,,,,Jonathan,TARG
7,Judges,16,27,Judges 16:27,14,וְאִתְּתָא,,,,Jonathan,TARG
7,Judges,16,27,Judges 16:27,15,דְחָזָן,,,,Jonathan,TARG
7,Judges,16,27,Judges 16:27,16,בְּחוֹכָא,,,,Jonathan,TARG
7,Judges,16,27,Judges 16:27,17,דְשִׁמְשׁוֹן:,,,,Jonathan,TARG
7,Judges,16,28,Judges 16:28,1,וְצַלִי,,,,Jonathan,TARG
7,Judges,16,28,Judges 16:28,2,שִׁמְשׁוֹן,,,,Jonathan,TARG
7,Judges,16,28,Judges 16:28,3,קֳדָם,,,,Jonathan,TARG
7,Judges,16,28,Judges 16:28,4,יְיָ,,,,Jonathan,TARG
7,Judges,16,28,Judges 16:28,5,וַאֲמַר,,,,Jonathan,TARG
7,Judges,16,28,Judges 16:28,6,יְיָ,,,,Jonathan,TARG
7,Judges,16,28,Judges 16:28,7,אֱלֹהִים,,,,Jonathan,TARG
7,Judges,16,28,Judges 16:28,8,יֵיעוּל,,,,Jonathan,TARG
7,Judges,16,28,Judges 16:28,9,דָכְרָנִי,,,,Jonathan,TARG
7,Judges,16,28,Judges 16:28,10,קֳדָמָךְ,,,,Jonathan,TARG
7,Judges,16,28,Judges 16:28,11,וְתַקֵפְנִי,,,,Jonathan,TARG
7,Judges,16,28,Judges 16:28,12,כְעַן,,,,Jonathan,TARG
7,Judges,16,28,Judges 16:28,13,בְּרַם,,,,Jonathan,TARG
7,Judges,16,28,Judges 16:28,14,זִמְנָא,,,,Jonathan,TARG
7,Judges,16,28,Judges 16:28,15,הָדָא,,,,Jonathan,TARG
7,Judges,16,28,Judges 16:28,16,יְיָ,,,,Jonathan,TARG
7,Judges,16,28,Judges 16:28,17,וְאִתְפְּרַע,,,,Jonathan,TARG
7,Judges,16,28,Judges 16:28,18,פּוּרְעָנוּתָא,,,,Jonathan,TARG
7,Judges,16,28,Judges 16:28,19,חָדָא,,,,Jonathan,TARG
7,Judges,16,28,Judges 16:28,20,מִתַּרְתֵּי,,,,Jonathan,TARG
7,Judges,16,28,Judges 16:28,21,עֵינַי,,,,Jonathan,TARG
7,Judges,16,28,Judges 16:28,22,דְנַקְרוּ,,,,Jonathan,TARG
7,Judges,16,28,Judges 16:28,23,לִי,,,,Jonathan,TARG
7,Judges,16,28,Judges 16:28,24,פְּלִשְׁתָּאֵי:,,,,Jonathan,TARG
7,Judges,16,29,Judges 16:29,1,וַאֲחַד,,,,Jonathan,TARG
7,Judges,16,29,Judges 16:29,2,שִׁמְשׁוֹן,,,,Jonathan,TARG
7,Judges,16,29,Judges 16:29,3,יַת,,,,Jonathan,TARG
7,Judges,16,29,Judges 16:29,4,תְּרֵין,,,,Jonathan,TARG
7,Judges,16,29,Judges 16:29,5,עַמוּדֵי,,,,Jonathan,TARG
7,Judges,16,29,Judges 16:29,6,מְצִיעָאֵי,,,,Jonathan,TARG
7,Judges,16,29,Judges 16:29,7,דְבֵיתָא,,,,Jonathan,TARG
7,Judges,16,29,Judges 16:29,8,מַתְקַן,,,,Jonathan,TARG
7,Judges,16,29,Judges 16:29,9,עִלַוֵיהוֹן,,,,Jonathan,TARG
7,Judges,16,29,Judges 16:29,10,וְאִסְתְּמִיךְ,,,,Jonathan,TARG
7,Judges,16,29,Judges 16:29,11,עֲלֵיהוֹן,,,,Jonathan,TARG
7,Judges,16,29,Judges 16:29,12,חַד,,,,Jonathan,TARG
7,Judges,16,29,Judges 16:29,13,בִּימִינֵיהּ,,,,Jonathan,TARG
7,Judges,16,29,Judges 16:29,14,וְחַד,,,,Jonathan,TARG
7,Judges,16,29,Judges 16:29,15,בִּסְמָלֵיהּ:,,,,Jonathan,TARG
7,Judges,16,30,Judges 16:30,1,וַאֲמַר,,,,Jonathan,TARG
7,Judges,16,30,Judges 16:30,2,שִׁמְשׁוֹן,,,,Jonathan,TARG
7,Judges,16,30,Judges 16:30,3,תְּמוּת,,,,Jonathan,TARG
7,Judges,16,30,Judges 16:30,4,נַפְשִׁי,,,,Jonathan,TARG
7,Judges,16,30,Judges 16:30,5,עִם,,,,Jonathan,TARG
7,Judges,16,30,Judges 16:30,6,פְּלִשְׁתָּאֵי,,,,Jonathan,TARG
7,Judges,16,30,Judges 16:30,7,וּנְגַד,,,,Jonathan,TARG
7,Judges,16,30,Judges 16:30,8,בְּחֵילָא,,,,Jonathan,TARG
7,Judges,16,30,Judges 16:30,9,וּנְפַל,,,,Jonathan,TARG
7,Judges,16,30,Judges 16:30,10,בֵּיתָא,,,,Jonathan,TARG
7,Judges,16,30,Judges 16:30,11,עַל,,,,Jonathan,TARG
7,Judges,16,30,Judges 16:30,12,טוּרְנַיָא,,,,Jonathan,TARG
7,Judges,16,30,Judges 16:30,13,וְעַל,,,,Jonathan,TARG
7,Judges,16,30,Judges 16:30,14,כָּל,,,,Jonathan,TARG
7,Judges,16,30,Judges 16:30,15,עַמָא,,,,Jonathan,TARG
7,Judges,16,30,Judges 16:30,16,דִי,,,,Jonathan,TARG
7,Judges,16,30,Judges 16:30,17,בֵיהּ,,,,Jonathan,TARG
7,Judges,16,30,Judges 16:30,18,וַהֲווֹ,,,,Jonathan,TARG
7,Judges,16,30,Judges 16:30,19,קְטִילַיָא,,,,Jonathan,TARG
7,Judges,16,30,Judges 16:30,20,דִי,,,,Jonathan,TARG
7,Judges,16,30,Judges 16:30,21,קְטַל,,,,Jonathan,TARG
7,Judges,16,30,Judges 16:30,22,בְּמוֹתֵיהּ,,,,Jonathan,TARG
7,Judges,16,30,Judges 16:30,23,סַגִיאִין,,,,Jonathan,TARG
7,Judges,16,30,Judges 16:30,24,מִדִי,,,,Jonathan,TARG
7,Judges,16,30,Judges 16:30,25,קְטַל,,,,Jonathan,TARG
7,Judges,16,30,Judges 16:30,26,בְּחַיוֹהִי:,,,,Jonathan,TARG
7,Judges,16,31,Judges 16:31,1,וּנְחָתוּ,,,,Jonathan,TARG
7,Judges,16,31,Judges 16:31,2,אֲחוֹהִי,,,,Jonathan,TARG
7,Judges,16,31,Judges 16:31,3,וְכָל,,,,Jonathan,TARG
7,Judges,16,31,Judges 16:31,4,בֵּית,,,,Jonathan,TARG
7,Judges,16,31,Judges 16:31,5,אֲבוּהִי,,,,Jonathan,TARG
7,Judges,16,31,Judges 16:31,6,וּנְטָלוּ,,,,Jonathan,TARG
7,Judges,16,31,Judges 16:31,7,יָתֵיהּ,,,,Jonathan,TARG
7,Judges,16,31,Judges 16:31,8,וּסְלִיקוּ,,,,Jonathan,TARG
7,Judges,16,31,Judges 16:31,9,וּקְבָרוּ,,,,Jonathan,TARG
7,Judges,16,31,Judges 16:31,10,יָתֵיהּ,,,,Jonathan,TARG
7,Judges,16,31,Judges 16:31,11,בֵּין,,,,Jonathan,TARG
7,Judges,16,31,Judges 16:31,12,צָרְעָה,,,,Jonathan,TARG
7,Judges,16,31,Judges 16:31,13,וּבֵין,,,,Jonathan,TARG
7,Judges,16,31,Judges 16:31,14,אֶשְׁתָּאֹל,,,,Jonathan,TARG
7,Judges,16,31,Judges 16:31,15,בְּקִבְרָא,,,,Jonathan,TARG
7,Judges,16,31,Judges 16:31,16,דְמָנוֹחַ,,,,Jonathan,TARG
7,Judges,16,31,Judges 16:31,17,אֲבוּהִי,,,,Jonathan,TARG
7,Judges,16,31,Judges 16:31,18,וְהוּא,,,,Jonathan,TARG
7,Judges,16,31,Judges 16:31,19,דָן,,,,Jonathan,TARG
7,Judges,16,31,Judges 16:31,20,יַת,,,,Jonathan,TARG
7,Judges,16,31,Judges 16:31,21,יִשְׂרָאֵל,,,,Jonathan,TARG
7,Judges,16,31,Judges 16:31,22,עַסְרִין,,,,Jonathan,TARG
7,Judges,16,31,Judges 16:31,23,שְׁנִין:,,,,Jonathan,TARG
7,Judges,17,1,Judges 17:1,1,וַהֲוָה,,,,Jonathan,TARG
7,Judges,17,1,Judges 17:1,2,גַבְרָא,,,,Jonathan,TARG
7,Judges,17,1,Judges 17:1,3,מִטוּרָא,,,,Jonathan,TARG
7,Judges,17,1,Judges 17:1,4,דְבֵית,,,,Jonathan,TARG
7,Judges,17,1,Judges 17:1,5,אֶפְרַיִם,,,,Jonathan,TARG
7,Judges,17,1,Judges 17:1,6,וּשְׁמֵיהּ,,,,Jonathan,TARG
7,Judges,17,1,Judges 17:1,7,מִיכָיְהוּ:,,,,Jonathan,TARG
7,Judges,17,2,Judges 17:2,1,וַאֲמַר,,,,Jonathan,TARG
7,Judges,17,2,Judges 17:2,2,לְאִמֵיהּ,,,,Jonathan,TARG
7,Judges,17,2,Judges 17:2,3,אֲלַף,,,,Jonathan,TARG
7,Judges,17,2,Judges 17:2,4,וּמְאָה,,,,Jonathan,TARG
7,Judges,17,2,Judges 17:2,5,סַלְעִין,,,,Jonathan,TARG
7,Judges,17,2,Judges 17:2,6,דִכְסַף,,,,Jonathan,TARG
7,Judges,17,2,Judges 17:2,7,דְאִתְנְסִיב,,,,Jonathan,TARG
7,Judges,17,2,Judges 17:2,8,לִיךְ,,,,Jonathan,TARG
7,Judges,17,2,Judges 17:2,9,וְאַתְּ,,,,Jonathan,TARG
7,Judges,17,2,Judges 17:2,10,אוֹמִית,,,,Jonathan,TARG
7,Judges,17,2,Judges 17:2,11,וְאַף,,,,Jonathan,TARG
7,Judges,17,2,Judges 17:2,12,אֲמַרְתְּ,,,,Jonathan,TARG
7,Judges,17,2,Judges 17:2,13,קֳדָמַי,,,,Jonathan,TARG
7,Judges,17,2,Judges 17:2,14,הָא,,,,Jonathan,TARG
7,Judges,17,2,Judges 17:2,15,כַסְפָּא,,,,Jonathan,TARG
7,Judges,17,2,Judges 17:2,16,עִמִי,,,,Jonathan,TARG
7,Judges,17,2,Judges 17:2,17,אֲנָא,,,,Jonathan,TARG
7,Judges,17,2,Judges 17:2,18,נְסִבְתֵּיהּ,,,,Jonathan,TARG
7,Judges,17,2,Judges 17:2,19,וַאֲמַרַת,,,,Jonathan,TARG
7,Judges,17,2,Judges 17:2,20,אִמֵיהּ,,,,Jonathan,TARG
7,Judges,17,2,Judges 17:2,21,בְּרִיךְ,,,,Jonathan,TARG
7,Judges,17,2,Judges 17:2,22,בְּרִי,,,,Jonathan,TARG
7,Judges,17,2,Judges 17:2,23,קֳדָם,,,,Jonathan,TARG
7,Judges,17,2,Judges 17:2,24,יְיָ:,,,,Jonathan,TARG
7,Judges,17,3,Judges 17:3,1,וַאֲתֵיב,,,,Jonathan,TARG
7,Judges,17,3,Judges 17:3,2,יַת,,,,Jonathan,TARG
7,Judges,17,3,Judges 17:3,3,אֲלַף,,,,Jonathan,TARG
7,Judges,17,3,Judges 17:3,4,וּמְאָה,,,,Jonathan,TARG
7,Judges,17,3,Judges 17:3,5,סַלְעִין,,,,Jonathan,TARG
7,Judges,17,3,Judges 17:3,6,דִכְסַף,,,,Jonathan,TARG
7,Judges,17,3,Judges 17:3,7,לְאִמֵיהּ,,,,Jonathan,TARG
7,Judges,17,3,Judges 17:3,8,וַאֲמַרַת,,,,Jonathan,TARG
7,Judges,17,3,Judges 17:3,9,אִמֵיהּ,,,,Jonathan,TARG
7,Judges,17,3,Judges 17:3,10,אַקְדָשָׁא,,,,Jonathan,TARG
7,Judges,17,3,Judges 17:3,11,אַקְדֵשִׁית,,,,Jonathan,TARG
7,Judges,17,3,Judges 17:3,12,יַת,,,,Jonathan,TARG
7,Judges,17,3,Judges 17:3,13,כַּסְפָּא,,,,Jonathan,TARG
7,Judges,17,3,Judges 17:3,14,קֳדָם,,,,Jonathan,TARG
7,Judges,17,3,Judges 17:3,15,יְיָ,,,,Jonathan,TARG
7,Judges,17,3,Judges 17:3,16,מִן,,,,Jonathan,TARG
7,Judges,17,3,Judges 17:3,17,יְדִי,,,,Jonathan,TARG
7,Judges,17,3,Judges 17:3,18,לִבְרִי,,,,Jonathan,TARG
7,Judges,17,3,Judges 17:3,19,לְמֶעְבַּד,,,,Jonathan,TARG
7,Judges,17,3,Judges 17:3,20,צְלַם,,,,Jonathan,TARG
7,Judges,17,3,Judges 17:3,21,וּמַתְּכָא,,,,Jonathan,TARG
7,Judges,17,3,Judges 17:3,22,וּכְעַן,,,,Jonathan,TARG
7,Judges,17,3,Judges 17:3,23,אֲתֵבִינֵיהּ,,,,Jonathan,TARG
7,Judges,17,3,Judges 17:3,24,לָךְ:,,,,Jonathan,TARG
7,Judges,17,4,Judges 17:4,1,וַאֲתֵיב,,,,Jonathan,TARG
7,Judges,17,4,Judges 17:4,2,יַת,,,,Jonathan,TARG
7,Judges,17,4,Judges 17:4,3,כַּסְפָּא,,,,Jonathan,TARG
7,Judges,17,4,Judges 17:4,4,לְאִמֵיהּ,,,,Jonathan,TARG
7,Judges,17,4,Judges 17:4,5,וּנְסִיבַת,,,,Jonathan,TARG
7,Judges,17,4,Judges 17:4,6,אִמֵיהּ,,,,Jonathan,TARG
7,Judges,17,4,Judges 17:4,7,מָאתָן,,,,Jonathan,TARG
7,Judges,17,4,Judges 17:4,8,סַלְעִין,,,,Jonathan,TARG
7,Judges,17,4,Judges 17:4,9,דִכְסַף,,,,Jonathan,TARG
7,Judges,17,4,Judges 17:4,10,וִיהַבְתֵּיהּ,,,,Jonathan,TARG
7,Judges,17,4,Judges 17:4,11,לְקִינָאָה,,,,Jonathan,TARG
7,Judges,17,4,Judges 17:4,12,וְעַבְדֵיהּ,,,,Jonathan,TARG
7,Judges,17,4,Judges 17:4,13,צְלַם,,,,Jonathan,TARG
7,Judges,17,4,Judges 17:4,14,וּמַתְּכָא,,,,Jonathan,TARG
7,Judges,17,4,Judges 17:4,15,וַהֲוָה,,,,Jonathan,TARG
7,Judges,17,4,Judges 17:4,16,בְּבֵית,,,,Jonathan,TARG
7,Judges,17,4,Judges 17:4,17,מִיכָיְהוּ:,,,,Jonathan,TARG
7,Judges,17,5,Judges 17:5,1,וְגַבְרָא,,,,Jonathan,TARG
7,Judges,17,5,Judges 17:5,2,מִיכָה,,,,Jonathan,TARG
7,Judges,17,5,Judges 17:5,3,לֵיהּ,,,,Jonathan,TARG
7,Judges,17,5,Judges 17:5,4,בֵּית,,,,Jonathan,TARG
7,Judges,17,5,Judges 17:5,5,טַעֲוָתָא,,,,Jonathan,TARG
7,Judges,17,5,Judges 17:5,6,וַעֲבַד,,,,Jonathan,TARG
7,Judges,17,5,Judges 17:5,7,אֵפוֹד,,,,Jonathan,TARG
7,Judges,17,5,Judges 17:5,8,וּדְמָאִין,,,,Jonathan,TARG
7,Judges,17,5,Judges 17:5,9,וּקְרֵיב,,,,Jonathan,TARG
7,Judges,17,5,Judges 17:5,10,יַת,,,,Jonathan,TARG
7,Judges,17,5,Judges 17:5,11,קוּרְבַּן,,,,Jonathan,TARG
7,Judges,17,5,Judges 17:5,12,חָד,,,,Jonathan,TARG
7,Judges,17,5,Judges 17:5,13,מִבְּנוֹהִי,,,,Jonathan,TARG
7,Judges,17,5,Judges 17:5,14,וַהֲוָא,,,,Jonathan,TARG
7,Judges,17,5,Judges 17:5,15,לֵיהּ,,,,Jonathan,TARG
7,Judges,17,5,Judges 17:5,16,לְכוּמָרָא:,,,,Jonathan,TARG
7,Judges,17,6,Judges 17:6,1,בְּיוֹמַיָא,,,,Jonathan,TARG
7,Judges,17,6,Judges 17:6,2,הָאִינוּן,,,,Jonathan,TARG
7,Judges,17,6,Judges 17:6,3,לֵית,,,,Jonathan,TARG
7,Judges,17,6,Judges 17:6,4,מַלְכָּא,,,,Jonathan,TARG
7,Judges,17,6,Judges 17:6,5,בְּיִשְׂרָאֵל,,,,Jonathan,TARG
7,Judges,17,6,Judges 17:6,6,גְבַר,,,,Jonathan,TARG
7,Judges,17,6,Judges 17:6,7,דְכָשַׁר,,,,Jonathan,TARG
7,Judges,17,6,Judges 17:6,8,בְּעֵינוֹהִי,,,,Jonathan,TARG
7,Judges,17,6,Judges 17:6,9,יַעְבֵד:,,,,Jonathan,TARG
7,Judges,17,7,Judges 17:7,1,וַהֲוָה,,,,Jonathan,TARG
7,Judges,17,7,Judges 17:7,2,עוּלֵימָא,,,,Jonathan,TARG
7,Judges,17,7,Judges 17:7,3,מִבֵּית,,,,Jonathan,TARG
7,Judges,17,7,Judges 17:7,4,לֶחֶם,,,,Jonathan,TARG
7,Judges,17,7,Judges 17:7,5,יְהוּדָה,,,,Jonathan,TARG
7,Judges,17,7,Judges 17:7,6,מִזַרְעִית,,,,Jonathan,TARG
7,Judges,17,7,Judges 17:7,7,יְהוּדָה,,,,Jonathan,TARG
7,Judges,17,7,Judges 17:7,8,וְהוּא,,,,Jonathan,TARG
7,Judges,17,7,Judges 17:7,9,לֵוִי,,,,Jonathan,TARG
7,Judges,17,7,Judges 17:7,10,וְהוּא,,,,Jonathan,TARG
7,Judges,17,7,Judges 17:7,11,דָר,,,,Jonathan,TARG
7,Judges,17,7,Judges 17:7,12,תַמָן:,,,,Jonathan,TARG
7,Judges,17,8,Judges 17:8,1,וַאֲזַל,,,,Jonathan,TARG
7,Judges,17,8,Judges 17:8,2,גַבְרָא,,,,Jonathan,TARG
7,Judges,17,8,Judges 17:8,3,מִקַרְתֵּיהּ,,,,Jonathan,TARG
7,Judges,17,8,Judges 17:8,4,מִבֵּית,,,,Jonathan,TARG
7,Judges,17,8,Judges 17:8,5,לֶחֶם,,,,Jonathan,TARG
7,Judges,17,8,Judges 17:8,6,יְהוּדָה,,,,Jonathan,TARG
7,Judges,17,8,Judges 17:8,7,לְמֵידַר,,,,Jonathan,TARG
7,Judges,17,8,Judges 17:8,8,בַּאֲתַר,,,,Jonathan,TARG
7,Judges,17,8,Judges 17:8,9,דְיַשְׁכַּח,,,,Jonathan,TARG
7,Judges,17,8,Judges 17:8,10,וַאֲתָא,,,,Jonathan,TARG
7,Judges,17,8,Judges 17:8,11,לְטוּרָא,,,,Jonathan,TARG
7,Judges,17,8,Judges 17:8,12,דְבֵית,,,,Jonathan,TARG
7,Judges,17,8,Judges 17:8,13,אֶפְרַיִם,,,,Jonathan,TARG
7,Judges,17,8,Judges 17:8,14,עַד,,,,Jonathan,TARG
7,Judges,17,8,Judges 17:8,15,בֵּית,,,,Jonathan,TARG
7,Judges,17,8,Judges 17:8,16,מִיכָה,,,,Jonathan,TARG
7,Judges,17,8,Judges 17:8,17,לְמֶעְבַּד,,,,Jonathan,TARG
7,Judges,17,8,Judges 17:8,18,אוֹרְחֵיהּ:,,,,Jonathan,TARG
7,Judges,17,9,Judges 17:9,1,וַאֲמַר,,,,Jonathan,TARG
7,Judges,17,9,Judges 17:9,2,לֵיהּ,,,,Jonathan,TARG
7,Judges,17,9,Judges 17:9,3,מִיכָה,,,,Jonathan,TARG
7,Judges,17,9,Judges 17:9,4,מִנָן,,,,Jonathan,TARG
7,Judges,17,9,Judges 17:9,5,אַתְּ,,,,Jonathan,TARG
7,Judges,17,9,Judges 17:9,6,אָתֵי,,,,Jonathan,TARG
7,Judges,17,9,Judges 17:9,7,וַאֲמַר,,,,Jonathan,TARG
7,Judges,17,9,Judges 17:9,8,לֵיהּ,,,,Jonathan,TARG
7,Judges,17,9,Judges 17:9,9,לֵיוָאָה,,,,Jonathan,TARG
7,Judges,17,9,Judges 17:9,10,אֲנָא,,,,Jonathan,TARG
7,Judges,17,9,Judges 17:9,11,מִבֵּית,,,,Jonathan,TARG
7,Judges,17,9,Judges 17:9,12,לֶחֶם,,,,Jonathan,TARG
7,Judges,17,9,Judges 17:9,13,יְהוּדָה,,,,Jonathan,TARG
7,Judges,17,9,Judges 17:9,14,וִאֲנָא,,,,Jonathan,TARG
7,Judges,17,9,Judges 17:9,15,אָזֵיל,,,,Jonathan,TARG
7,Judges,17,9,Judges 17:9,16,לְמֵידַר,,,,Jonathan,TARG
7,Judges,17,9,Judges 17:9,17,בַּאֲתַר,,,,Jonathan,TARG
7,Judges,17,9,Judges 17:9,18,דְאַשְׁכַּח:,,,,Jonathan,TARG
7,Judges,17,10,Judges 17:10,1,וַאֲמַר,,,,Jonathan,TARG
7,Judges,17,10,Judges 17:10,2,לֵיהּ,,,,Jonathan,TARG
7,Judges,17,10,Judges 17:10,3,מִיכָה,,,,Jonathan,TARG
7,Judges,17,10,Judges 17:10,4,תִּיב,,,,Jonathan,TARG
7,Judges,17,10,Judges 17:10,5,עִמִי,,,,Jonathan,TARG
7,Judges,17,10,Judges 17:10,6,וֶהֱוֵי,,,,Jonathan,TARG
7,Judges,17,10,Judges 17:10,7,לִי,,,,Jonathan,TARG
7,Judges,17,10,Judges 17:10,8,לְאַב,,,,Jonathan,TARG
7,Judges,17,10,Judges 17:10,9,וּלְכָהִין,,,,Jonathan,TARG
7,Judges,17,10,Judges 17:10,10,וַאֲנָא,,,,Jonathan,TARG
7,Judges,17,10,Judges 17:10,11,אֶתֵּן,,,,Jonathan,TARG
7,Judges,17,10,Judges 17:10,12,לָךְ,,,,Jonathan,TARG
7,Judges,17,10,Judges 17:10,13,עֲסַר,,,,Jonathan,TARG
7,Judges,17,10,Judges 17:10,14,סַלְעִין,,,,Jonathan,TARG
7,Judges,17,10,Judges 17:10,15,דִכְסַף,,,,Jonathan,TARG
7,Judges,17,10,Judges 17:10,16,לִזְמַן,,,,Jonathan,TARG
7,Judges,17,10,Judges 17:10,17,עִידַן,,,,Jonathan,TARG
7,Judges,17,10,Judges 17:10,18,וְזוּג,,,,Jonathan,TARG
7,Judges,17,10,Judges 17:10,19,לְבוּשִׁין,,,,Jonathan,TARG
7,Judges,17,10,Judges 17:10,20,וּפַּרְנָסָתָךְ,,,,Jonathan,TARG
7,Judges,17,10,Judges 17:10,21,וַאֲזַל,,,,Jonathan,TARG
7,Judges,17,10,Judges 17:10,22,לֵיוָאָה:,,,,Jonathan,TARG
7,Judges,17,11,Judges 17:11,1,וּצְבִי,,,,Jonathan,TARG
7,Judges,17,11,Judges 17:11,2,לֵיוָאָה,,,,Jonathan,TARG
7,Judges,17,11,Judges 17:11,3,לְמִיתַּב,,,,Jonathan,TARG
7,Judges,17,11,Judges 17:11,4,עִם,,,,Jonathan,TARG
7,Judges,17,11,Judges 17:11,5,גַבְרָא,,,,Jonathan,TARG
7,Judges,17,11,Judges 17:11,6,וַהֲוָה,,,,Jonathan,TARG
7,Judges,17,11,Judges 17:11,7,עוּלֵימָא,,,,Jonathan,TARG
7,Judges,17,11,Judges 17:11,8,לֵיהּ,,,,Jonathan,TARG
7,Judges,17,11,Judges 17:11,9,כְּחַד,,,,Jonathan,TARG
7,Judges,17,11,Judges 17:11,10,מִבְּנוֹהִי:,,,,Jonathan,TARG
7,Judges,17,12,Judges 17:12,1,וְקָרֵיב,,,,Jonathan,TARG
7,Judges,17,12,Judges 17:12,2,מִיכָה,,,,Jonathan,TARG
7,Judges,17,12,Judges 17:12,3,יַת,,,,Jonathan,TARG
7,Judges,17,12,Judges 17:12,4,קוּרְבַּן,,,,Jonathan,TARG
7,Judges,17,12,Judges 17:12,5,לֵיוָאָה,,,,Jonathan,TARG
7,Judges,17,12,Judges 17:12,6,וַהֲוָה,,,,Jonathan,TARG
7,Judges,17,12,Judges 17:12,7,לֵיהּ,,,,Jonathan,TARG
7,Judges,17,12,Judges 17:12,8,עוּלֵימָא,,,,Jonathan,TARG
7,Judges,17,12,Judges 17:12,9,לְכָהִין,,,,Jonathan,TARG
7,Judges,17,12,Judges 17:12,10,וַהֲוָה,,,,Jonathan,TARG
7,Judges,17,12,Judges 17:12,11,בְּבֵית,,,,Jonathan,TARG
7,Judges,17,12,Judges 17:12,12,מִיכָה:,,,,Jonathan,TARG
7,Judges,17,13,Judges 17:13,1,וַאֲמַר,,,,Jonathan,TARG
7,Judges,17,13,Judges 17:13,2,מִיכָה,,,,Jonathan,TARG
7,Judges,17,13,Judges 17:13,3,כְּעַן,,,,Jonathan,TARG
7,Judges,17,13,Judges 17:13,4,יָדַעְנָא,,,,Jonathan,TARG
7,Judges,17,13,Judges 17:13,5,אֲרֵי,,,,Jonathan,TARG
7,Judges,17,13,Judges 17:13,6,אוֹטֵיב,,,,Jonathan,TARG
7,Judges,17,13,Judges 17:13,7,יְיָ,,,,Jonathan,TARG
7,Judges,17,13,Judges 17:13,8,לִי,,,,Jonathan,TARG
7,Judges,17,13,Judges 17:13,9,אֲרֵי,,,,Jonathan,TARG
7,Judges,17,13,Judges 17:13,10,הֲוָה,,,,Jonathan,TARG
7,Judges,17,13,Judges 17:13,11,לִי,,,,Jonathan,TARG
7,Judges,17,13,Judges 17:13,12,לֵוָאָה,,,,Jonathan,TARG
7,Judges,17,13,Judges 17:13,13,לְכוּמְרָא:,,,,Jonathan,TARG
7,Judges,18,1,Judges 18:1,1,בְּיוֹמַיָא,,,,Jonathan,TARG
7,Judges,18,1,Judges 18:1,2,הָאִינוּן,,,,Jonathan,TARG
7,Judges,18,1,Judges 18:1,3,לֵית,,,,Jonathan,TARG
7,Judges,18,1,Judges 18:1,4,מַלְכָּא,,,,Jonathan,TARG
7,Judges,18,1,Judges 18:1,5,בְּיִשְׂרָאֵל,,,,Jonathan,TARG
7,Judges,18,1,Judges 18:1,6,וּבְיוֹמַיָא,,,,Jonathan,TARG
7,Judges,18,1,Judges 18:1,7,הָאִינוּן,,,,Jonathan,TARG
7,Judges,18,1,Judges 18:1,8,שִׁבְטָא,,,,Jonathan,TARG
7,Judges,18,1,Judges 18:1,9,דְבֵית,,,,Jonathan,TARG
7,Judges,18,1,Judges 18:1,10,דָן,,,,Jonathan,TARG
7,Judges,18,1,Judges 18:1,11,בָּעָן,,,,Jonathan,TARG
7,Judges,18,1,Judges 18:1,12,לְהוֹן,,,,Jonathan,TARG
7,Judges,18,1,Judges 18:1,13,אַחֲסַנְתָּא,,,,Jonathan,TARG
7,Judges,18,1,Judges 18:1,14,לְמִתַּב,,,,Jonathan,TARG
7,Judges,18,1,Judges 18:1,15,אֲרֵי,,,,Jonathan,TARG
7,Judges,18,1,Judges 18:1,16,לָא,,,,Jonathan,TARG
7,Judges,18,1,Judges 18:1,17,אִתְפַּלְגַת,,,,Jonathan,TARG
7,Judges,18,1,Judges 18:1,18,לְהוֹן,,,,Jonathan,TARG
7,Judges,18,1,Judges 18:1,19,עַד,,,,Jonathan,TARG
7,Judges,18,1,Judges 18:1,20,יוֹמָא,,,,Jonathan,TARG
7,Judges,18,1,Judges 18:1,21,הַהוּא,,,,Jonathan,TARG
7,Judges,18,1,Judges 18:1,22,מִגוֹ,,,,Jonathan,TARG
7,Judges,18,1,Judges 18:1,23,שִׁבְטַיָא,,,,Jonathan,TARG
7,Judges,18,1,Judges 18:1,24,דְיִשְׂרָאֵל,,,,Jonathan,TARG
7,Judges,18,1,Judges 18:1,25,בְּאַחְסָנָא:,,,,Jonathan,TARG
7,Judges,18,2,Judges 18:2,1,וּשְׁלֵחוּ,,,,Jonathan,TARG
7,Judges,18,2,Judges 18:2,2,בְנֵי,,,,Jonathan,TARG
7,Judges,18,2,Judges 18:2,3,דָן,,,,Jonathan,TARG
7,Judges,18,2,Judges 18:2,4,מִזַרְעֲיַתְהוֹן,,,,Jonathan,TARG
7,Judges,18,2,Judges 18:2,5,חַמְשָׁא,,,,Jonathan,TARG
7,Judges,18,2,Judges 18:2,6,גוּבְרִין,,,,Jonathan,TARG
7,Judges,18,2,Judges 18:2,7,מִקְצַתְהוֹן,,,,Jonathan,TARG
7,Judges,18,2,Judges 18:2,8,גַבְרִין,,,,Jonathan,TARG
7,Judges,18,2,Judges 18:2,9,בְּנֵי,,,,Jonathan,TARG
7,Judges,18,2,Judges 18:2,10,חֵילָא,,,,Jonathan,TARG
7,Judges,18,2,Judges 18:2,11,מִצָרְעָה,,,,Jonathan,TARG
7,Judges,18,2,Judges 18:2,12,וּמֵאֶשְׁתָּאוֹל,,,,Jonathan,TARG
7,Judges,18,2,Judges 18:2,13,לְאַלָלָא,,,,Jonathan,TARG
7,Judges,18,2,Judges 18:2,14,יַת,,,,Jonathan,TARG
7,Judges,18,2,Judges 18:2,15,אַרְעָא,,,,Jonathan,TARG
7,Judges,18,2,Judges 18:2,16,וּלְמִבְדְקָא,,,,Jonathan,TARG
7,Judges,18,2,Judges 18:2,17,וַאֲמַרוּ,,,,Jonathan,TARG
7,Judges,18,2,Judges 18:2,18,לְהוֹן,,,,Jonathan,TARG
7,Judges,18,2,Judges 18:2,19,אֶזִילוּ,,,,Jonathan,TARG
7,Judges,18,2,Judges 18:2,20,בְּדוּקוּ,,,,Jonathan,TARG
7,Judges,18,2,Judges 18:2,21,יַת,,,,Jonathan,TARG
7,Judges,18,2,Judges 18:2,22,אַרְעָא,,,,Jonathan,TARG
7,Judges,18,2,Judges 18:2,23,וַאֲתוֹ,,,,Jonathan,TARG
7,Judges,18,2,Judges 18:2,24,לְטוּרָא,,,,Jonathan,TARG
7,Judges,18,2,Judges 18:2,25,דְבֵית,,,,Jonathan,TARG
7,Judges,18,2,Judges 18:2,26,אֶפְרַיִם,,,,Jonathan,TARG
7,Judges,18,2,Judges 18:2,27,עַד,,,,Jonathan,TARG
7,Judges,18,2,Judges 18:2,28,בֵּית,,,,Jonathan,TARG
7,Judges,18,2,Judges 18:2,29,מִיכָה,,,,Jonathan,TARG
7,Judges,18,2,Judges 18:2,30,וּבָתוּ,,,,Jonathan,TARG
7,Judges,18,2,Judges 18:2,31,תַמָן:,,,,Jonathan,TARG
7,Judges,18,3,Judges 18:3,1,אִינוּן,,,,Jonathan,TARG
7,Judges,18,3,Judges 18:3,2,עִם,,,,Jonathan,TARG
7,Judges,18,3,Judges 18:3,3,בִּיתָא,,,,Jonathan,TARG
7,Judges,18,3,Judges 18:3,4,דְמִיכָה,,,,Jonathan,TARG
7,Judges,18,3,Judges 18:3,5,וִאִינוּן,,,,Jonathan,TARG
7,Judges,18,3,Judges 18:3,6,אִשְׁתְּמוֹדָעוּ,,,,Jonathan,TARG
7,Judges,18,3,Judges 18:3,7,יַת,,,,Jonathan,TARG
7,Judges,18,3,Judges 18:3,8,קַל,,,,Jonathan,TARG
7,Judges,18,3,Judges 18:3,9,עוּלֵימָא,,,,Jonathan,TARG
7,Judges,18,3,Judges 18:3,10,לִיוָאָה,,,,Jonathan,TARG
7,Judges,18,3,Judges 18:3,11,וְזַרוּ,,,,Jonathan,TARG
7,Judges,18,3,Judges 18:3,12,לְתַמָן,,,,Jonathan,TARG
7,Judges,18,3,Judges 18:3,13,וַאֲמַרוּ,,,,Jonathan,TARG
7,Judges,18,3,Judges 18:3,14,לֵיהּ,,,,Jonathan,TARG
7,Judges,18,3,Judges 18:3,15,מַן,,,,Jonathan,TARG
7,Judges,18,3,Judges 18:3,16,אַיְתָךְ,,,,Jonathan,TARG
7,Judges,18,3,Judges 18:3,17,הַלִכָא,,,,Jonathan,TARG
7,Judges,18,3,Judges 18:3,18,וּמָא,,,,Jonathan,TARG
7,Judges,18,3,Judges 18:3,19,אַתְּ,,,,Jonathan,TARG
7,Judges,18,3,Judges 18:3,20,עָבֵיד,,,,Jonathan,TARG
7,Judges,18,3,Judges 18:3,21,הָכָא,,,,Jonathan,TARG
7,Judges,18,3,Judges 18:3,22,וּמַה,,,,Jonathan,TARG
7,Judges,18,3,Judges 18:3,23,לָךְ,,,,Jonathan,TARG
7,Judges,18,3,Judges 18:3,24,כְּדֵין:,,,,Jonathan,TARG
7,Judges,18,4,Judges 18:4,1,וַאֲמַר,,,,Jonathan,TARG
7,Judges,18,4,Judges 18:4,2,לְהוֹן,,,,Jonathan,TARG
7,Judges,18,4,Judges 18:4,3,כְּדֵין,,,,Jonathan,TARG
7,Judges,18,4,Judges 18:4,4,וּכְדֵין,,,,Jonathan,TARG
7,Judges,18,4,Judges 18:4,5,עֲבַד,,,,Jonathan,TARG
7,Judges,18,4,Judges 18:4,6,לִי,,,,Jonathan,TARG
7,Judges,18,4,Judges 18:4,7,מִיכָה,,,,Jonathan,TARG
7,Judges,18,4,Judges 18:4,8,וְאַגִרַנִי,,,,Jonathan,TARG
7,Judges,18,4,Judges 18:4,9,וַהֲוֵית,,,,Jonathan,TARG
7,Judges,18,4,Judges 18:4,10,לֵיהּ,,,,Jonathan,TARG
7,Judges,18,4,Judges 18:4,11,לְכוּמְרָא:,,,,Jonathan,TARG
7,Judges,18,5,Judges 18:5,1,וַאֲמַרוּ,,,,Jonathan,TARG
7,Judges,18,5,Judges 18:5,2,לֵיהּ,,,,Jonathan,TARG
7,Judges,18,5,Judges 18:5,3,שְׁאֵיל,,,,Jonathan,TARG
7,Judges,18,5,Judges 18:5,4,כְּעַל,,,,Jonathan,TARG
7,Judges,18,5,Judges 18:5,5,בְמֵימְרָא,,,,Jonathan,TARG
7,Judges,18,5,Judges 18:5,6,דַייָ,,,,Jonathan,TARG
7,Judges,18,5,Judges 18:5,7,וְנֵידַע,,,,Jonathan,TARG
7,Judges,18,5,Judges 18:5,8,הַתַצְלַח,,,,Jonathan,TARG
7,Judges,18,5,Judges 18:5,9,אוֹרְחָנָא,,,,Jonathan,TARG
7,Judges,18,5,Judges 18:5,10,דִי,,,,Jonathan,TARG
7,Judges,18,5,Judges 18:5,11,אֲנַחְנָא,,,,Jonathan,TARG
7,Judges,18,5,Judges 18:5,12,אָזְלִין,,,,Jonathan,TARG
7,Judges,18,5,Judges 18:5,13,עֲלָהּ:,,,,Jonathan,TARG
7,Judges,18,6,Judges 18:6,1,וַאֲמַר,,,,Jonathan,TARG
7,Judges,18,6,Judges 18:6,2,לְהוֹן,,,,Jonathan,TARG
7,Judges,18,6,Judges 18:6,3,כַּהֲנָא,,,,Jonathan,TARG
7,Judges,18,6,Judges 18:6,4,אֱזִילוּ,,,,Jonathan,TARG
7,Judges,18,6,Judges 18:6,5,לִשְׁלָם,,,,Jonathan,TARG
7,Judges,18,6,Judges 18:6,6,אַתְקִין,,,,Jonathan,TARG
7,Judges,18,6,Judges 18:6,7,יְיָ,,,,Jonathan,TARG
7,Judges,18,6,Judges 18:6,8,אוֹרְחַתְכוֹן,,,,Jonathan,TARG
7,Judges,18,6,Judges 18:6,9,דִי,,,,Jonathan,TARG
7,Judges,18,6,Judges 18:6,10,תְהָכוּן,,,,Jonathan,TARG
7,Judges,18,6,Judges 18:6,11,בָּהּ:,,,,Jonathan,TARG
7,Judges,18,7,Judges 18:7,1,וַאֲזַלוּ,,,,Jonathan,TARG
7,Judges,18,7,Judges 18:7,2,חַמְשָׁא,,,,Jonathan,TARG
7,Judges,18,7,Judges 18:7,3,גוּבְרִין,,,,Jonathan,TARG
7,Judges,18,7,Judges 18:7,4,וַאֲתוֹ,,,,Jonathan,TARG
7,Judges,18,7,Judges 18:7,5,לְלָיִשׁ,,,,Jonathan,TARG
7,Judges,18,7,Judges 18:7,6,וַחֲזוֹ,,,,Jonathan,TARG
7,Judges,18,7,Judges 18:7,7,יַת,,,,Jonathan,TARG
7,Judges,18,7,Judges 18:7,8,עַמָא,,,,Jonathan,TARG
7,Judges,18,7,Judges 18:7,9,דִי,,,,Jonathan,TARG
7,Judges,18,7,Judges 18:7,10,בְגַוָהּ,,,,Jonathan,TARG
7,Judges,18,7,Judges 18:7,11,יַתְבִין,,,,Jonathan,TARG
7,Judges,18,7,Judges 18:7,12,לְרוֹחֲצָן,,,,Jonathan,TARG
7,Judges,18,7,Judges 18:7,13,כְּהִלְכַת,,,,Jonathan,TARG
7,Judges,18,7,Judges 18:7,14,צִידוֹנָאֵי,,,,Jonathan,TARG
7,Judges,18,7,Judges 18:7,15,דְשָׁקְטִין,,,,Jonathan,TARG
7,Judges,18,7,Judges 18:7,16,וּשְׁרָן,,,,Jonathan,TARG
7,Judges,18,7,Judges 18:7,17,לְרוֹחֲצָן,,,,Jonathan,TARG
7,Judges,18,7,Judges 18:7,18,וְלֵית,,,,Jonathan,TARG
7,Judges,18,7,Judges 18:7,19,דְמַנְזַק,,,,Jonathan,TARG
7,Judges,18,7,Judges 18:7,20,פִּתְגָמָא,,,,Jonathan,TARG
7,Judges,18,7,Judges 18:7,21,בְּאַרְעָא,,,,Jonathan,TARG
7,Judges,18,7,Judges 18:7,22,יְרוּתִין,,,,Jonathan,TARG
7,Judges,18,7,Judges 18:7,23,זְעִירִין,,,,Jonathan,TARG
7,Judges,18,7,Judges 18:7,24,וּרְחִיקִין,,,,Jonathan,TARG
7,Judges,18,7,Judges 18:7,25,אִינוּן,,,,Jonathan,TARG
7,Judges,18,7,Judges 18:7,26,מִצִידוֹנָאֵי,,,,Jonathan,TARG
7,Judges,18,7,Judges 18:7,27,וּפִתְגַם,,,,Jonathan,TARG
7,Judges,18,7,Judges 18:7,28,לֵית,,,,Jonathan,TARG
7,Judges,18,7,Judges 18:7,29,לְהוֹן,,,,Jonathan,TARG
7,Judges,18,7,Judges 18:7,30,עִם,,,,Jonathan,TARG
7,Judges,18,7,Judges 18:7,31,אֱנָשׁ:,,,,Jonathan,TARG
7,Judges,18,8,Judges 18:8,1,וַאֲתוֹ,,,,Jonathan,TARG
7,Judges,18,8,Judges 18:8,2,לְוַת,,,,Jonathan,TARG
7,Judges,18,8,Judges 18:8,3,אֲחוּהוֹן,,,,Jonathan,TARG
7,Judges,18,8,Judges 18:8,4,צָרְעָה,,,,Jonathan,TARG
7,Judges,18,8,Judges 18:8,5,וְאֶשְׁתָּאוֹל,,,,Jonathan,TARG
7,Judges,18,8,Judges 18:8,6,וַאֲמַרוּ,,,,Jonathan,TARG
7,Judges,18,8,Judges 18:8,7,לְהוֹן,,,,Jonathan,TARG
7,Judges,18,8,Judges 18:8,8,אֲחוּהוֹן,,,,Jonathan,TARG
7,Judges,18,8,Judges 18:8,9,מָה,,,,Jonathan,TARG
7,Judges,18,8,Judges 18:8,10,אַתּוּן:,,,,Jonathan,TARG
7,Judges,18,9,Judges 18:9,1,וַאֲמַרוּ,,,,Jonathan,TARG
7,Judges,18,9,Judges 18:9,2,קוּמוּ,,,,Jonathan,TARG
7,Judges,18,9,Judges 18:9,3,וְנִיסַק,,,,Jonathan,TARG
7,Judges,18,9,Judges 18:9,4,עֲלֵיהוֹן,,,,Jonathan,TARG
7,Judges,18,9,Judges 18:9,5,אֲרֵי,,,,Jonathan,TARG
7,Judges,18,9,Judges 18:9,6,חֲזֵינָא,,,,Jonathan,TARG
7,Judges,18,9,Judges 18:9,7,יַת,,,,Jonathan,TARG
7,Judges,18,9,Judges 18:9,8,אַרְעָא,,,,Jonathan,TARG
7,Judges,18,9,Judges 18:9,9,וְהָא,,,,Jonathan,TARG
7,Judges,18,9,Judges 18:9,10,טָבָא,,,,Jonathan,TARG
7,Judges,18,9,Judges 18:9,11,לַחֲדָא,,,,Jonathan,TARG
7,Judges,18,9,Judges 18:9,12,וְאַתּוּן,,,,Jonathan,TARG
7,Judges,18,9,Judges 18:9,13,שַׁתְקִין,,,,Jonathan,TARG
7,Judges,18,9,Judges 18:9,14,לָא,,,,Jonathan,TARG
7,Judges,18,9,Judges 18:9,15,תִתְרַשְׁלוּן,,,,Jonathan,TARG
7,Judges,18,9,Judges 18:9,16,לְמֵיזַל,,,,Jonathan,TARG
7,Judges,18,9,Judges 18:9,17,לְמֵיעַל,,,,Jonathan,TARG
7,Judges,18,9,Judges 18:9,18,לְמֵירַת,,,,Jonathan,TARG
7,Judges,18,9,Judges 18:9,19,יַת,,,,Jonathan,TARG
7,Judges,18,9,Judges 18:9,20,אַרְעָא:,,,,Jonathan,TARG
7,Judges,18,10,Judges 18:10,1,כְּמֵיתֵיכוֹן,,,,Jonathan,TARG
7,Judges,18,10,Judges 18:10,2,תַּעֲלוּן,,,,Jonathan,TARG
7,Judges,18,10,Judges 18:10,3,לְוַת,,,,Jonathan,TARG
7,Judges,18,10,Judges 18:10,4,עַמָא,,,,Jonathan,TARG
7,Judges,18,10,Judges 18:10,5,דְשָׁרָן,,,,Jonathan,TARG
7,Judges,18,10,Judges 18:10,6,לְרוֹחֲצָן,,,,Jonathan,TARG
7,Judges,18,10,Judges 18:10,7,וְאַרְעָא,,,,Jonathan,TARG
7,Judges,18,10,Judges 18:10,8,פַּתְיוּת,,,,Jonathan,TARG
7,Judges,18,10,Judges 18:10,9,יְדִין,,,,Jonathan,TARG
7,Judges,18,10,Judges 18:10,10,אֲרֵי,,,,Jonathan,TARG
7,Judges,18,10,Judges 18:10,11,מַסְרָא,,,,Jonathan,TARG
7,Judges,18,10,Judges 18:10,12,יְיָ,,,,Jonathan,TARG
7,Judges,18,10,Judges 18:10,13,בִידֵיכוֹן,,,,Jonathan,TARG
7,Judges,18,10,Judges 18:10,14,אַתְרָא,,,,Jonathan,TARG
7,Judges,18,10,Judges 18:10,15,דְלֵית,,,,Jonathan,TARG
7,Judges,18,10,Judges 18:10,16,תַּמָן,,,,Jonathan,TARG
7,Judges,18,10,Judges 18:10,17,חֻסְרָן,,,,Jonathan,TARG
7,Judges,18,10,Judges 18:10,18,כָּל,,,,Jonathan,TARG
7,Judges,18,10,Judges 18:10,19,מִדַעַם,,,,Jonathan,TARG
7,Judges,18,10,Judges 18:10,20,דִי,,,,Jonathan,TARG
7,Judges,18,10,Judges 18:10,21,בְאַרְעָא:,,,,Jonathan,TARG
7,Judges,18,11,Judges 18:11,1,וּנְטָלוּ,,,,Jonathan,TARG
7,Judges,18,11,Judges 18:11,2,מִתַּמָן,,,,Jonathan,TARG
7,Judges,18,11,Judges 18:11,3,מִזַרְעִית,,,,Jonathan,TARG
7,Judges,18,11,Judges 18:11,4,דָן,,,,Jonathan,TARG
7,Judges,18,11,Judges 18:11,5,מִצָרְעָה,,,,Jonathan,TARG
7,Judges,18,11,Judges 18:11,6,וּמֵאֶשְׁתָּאֹל,,,,Jonathan,TARG
7,Judges,18,11,Judges 18:11,7,שִׁית,,,,Jonathan,TARG
7,Judges,18,11,Judges 18:11,8,מְאָה,,,,Jonathan,TARG
7,Judges,18,11,Judges 18:11,9,גַבְרִין,,,,Jonathan,TARG
7,Judges,18,11,Judges 18:11,10,מְזָרְזִין,,,,Jonathan,TARG
7,Judges,18,11,Judges 18:11,11,בְמָנֵי,,,,Jonathan,TARG
7,Judges,18,11,Judges 18:11,12,קְרָבָא:,,,,Jonathan,TARG
7,Judges,18,12,Judges 18:12,1,וּסְלִיקוּ,,,,Jonathan,TARG
7,Judges,18,12,Judges 18:12,2,וּשְׁרוֹ,,,,Jonathan,TARG
7,Judges,18,12,Judges 18:12,3,בְּקִרְיַת,,,,Jonathan,TARG
7,Judges,18,12,Judges 18:12,4,יְעָרִים,,,,Jonathan,TARG
7,Judges,18,12,Judges 18:12,5,בְּאַרְעָא,,,,Jonathan,TARG
7,Judges,18,12,Judges 18:12,6,דְבֵית,,,,Jonathan,TARG
7,Judges,18,12,Judges 18:12,7,יְהוּדָה,,,,Jonathan,TARG
7,Judges,18,12,Judges 18:12,8,עַל,,,,Jonathan,TARG
7,Judges,18,12,Judges 18:12,9,כֵּן,,,,Jonathan,TARG
7,Judges,18,12,Judges 18:12,10,קְרוֹ,,,,Jonathan,TARG
7,Judges,18,12,Judges 18:12,11,לְאַתְרָא,,,,Jonathan,TARG
7,Judges,18,12,Judges 18:12,12,הַהוּא,,,,Jonathan,TARG
7,Judges,18,12,Judges 18:12,13,מַשִׁרְיַת,,,,Jonathan,TARG
7,Judges,18,12,Judges 18:12,14,דָן,,,,Jonathan,TARG
7,Judges,18,12,Judges 18:12,15,עַד,,,,Jonathan,TARG
7,Judges,18,12,Judges 18:12,16,יוֹמָא,,,,Jonathan,TARG
7,Judges,18,12,Judges 18:12,17,הָדֵין,,,,Jonathan,TARG
7,Judges,18,12,Judges 18:12,18,הָא,,,,Jonathan,TARG
7,Judges,18,12,Judges 18:12,19,הוּא,,,,Jonathan,TARG
7,Judges,18,12,Judges 18:12,20,אֲחוֹרֵי,,,,Jonathan,TARG
7,Judges,18,12,Judges 18:12,21,קִרְיַת,,,,Jonathan,TARG
7,Judges,18,12,Judges 18:12,22,יְעָרִים:,,,,Jonathan,TARG
7,Judges,18,13,Judges 18:13,1,וַעֲבָרוּ,,,,Jonathan,TARG
7,Judges,18,13,Judges 18:13,2,מִתַּמָן,,,,Jonathan,TARG
7,Judges,18,13,Judges 18:13,3,לְטוּרָא,,,,Jonathan,TARG
7,Judges,18,13,Judges 18:13,4,דְבֵית,,,,Jonathan,TARG
7,Judges,18,13,Judges 18:13,5,אֶפְרַיִם,,,,Jonathan,TARG
7,Judges,18,13,Judges 18:13,6,וַאֲתוֹ,,,,Jonathan,TARG
7,Judges,18,13,Judges 18:13,7,עַד,,,,Jonathan,TARG
7,Judges,18,13,Judges 18:13,8,בֵּית,,,,Jonathan,TARG
7,Judges,18,13,Judges 18:13,9,מִיכָה:,,,,Jonathan,TARG
7,Judges,18,14,Judges 18:14,1,וַאֲתִיבוּ,,,,Jonathan,TARG
7,Judges,18,14,Judges 18:14,2,חַמְשָׁא,,,,Jonathan,TARG
7,Judges,18,14,Judges 18:14,3,גוּבְרַיָא,,,,Jonathan,TARG
7,Judges,18,14,Judges 18:14,4,דַאֲזַלוּ,,,,Jonathan,TARG
7,Judges,18,14,Judges 18:14,5,לְאַלָלָא,,,,Jonathan,TARG
7,Judges,18,14,Judges 18:14,6,יַת,,,,Jonathan,TARG
7,Judges,18,14,Judges 18:14,7,אַרְעָא,,,,Jonathan,TARG
7,Judges,18,14,Judges 18:14,8,לַיִשׁ,,,,Jonathan,TARG
7,Judges,18,14,Judges 18:14,9,וַאֲמַרוּ,,,,Jonathan,TARG
7,Judges,18,14,Judges 18:14,10,לַאֲחוּהוֹן,,,,Jonathan,TARG
7,Judges,18,14,Judges 18:14,11,הַיְדַעְתּוּן,,,,Jonathan,TARG
7,Judges,18,14,Judges 18:14,12,אֲרֵי,,,,Jonathan,TARG
7,Judges,18,14,Judges 18:14,13,אִית,,,,Jonathan,TARG
7,Judges,18,14,Judges 18:14,14,בְּבָתַּיָא,,,,Jonathan,TARG
7,Judges,18,14,Judges 18:14,15,הָאִלֵין,,,,Jonathan,TARG
7,Judges,18,14,Judges 18:14,16,אֵפוֹד,,,,Jonathan,TARG
7,Judges,18,14,Judges 18:14,17,וּדְמָאִין,,,,Jonathan,TARG
7,Judges,18,14,Judges 18:14,18,וּצְלֵים,,,,Jonathan,TARG
7,Judges,18,14,Judges 18:14,19,וּמַתְּכָא,,,,Jonathan,TARG
7,Judges,18,14,Judges 18:14,20,וּכְעַן,,,,Jonathan,TARG
7,Judges,18,14,Judges 18:14,21,דְעוּ,,,,Jonathan,TARG
7,Judges,18,14,Judges 18:14,22,מַה,,,,Jonathan,TARG
7,Judges,18,14,Judges 18:14,23,תַעְבְּדוּן:,,,,Jonathan,TARG
7,Judges,18,15,Judges 18:15,1,וְזָרוּ,,,,Jonathan,TARG
7,Judges,18,15,Judges 18:15,2,לְתַמָן,,,,Jonathan,TARG
7,Judges,18,15,Judges 18:15,3,וְעָלוּ,,,,Jonathan,TARG
7,Judges,18,15,Judges 18:15,4,לְבֵית,,,,Jonathan,TARG
7,Judges,18,15,Judges 18:15,5,עוּלֵימָא,,,,Jonathan,TARG
7,Judges,18,15,Judges 18:15,6,לְוָאָה,,,,Jonathan,TARG
7,Judges,18,15,Judges 18:15,7,בֵּית,,,,Jonathan,TARG
7,Judges,18,15,Judges 18:15,8,מִיכָה,,,,Jonathan,TARG
7,Judges,18,15,Judges 18:15,9,וּשְׁאִילוּ,,,,Jonathan,TARG
7,Judges,18,15,Judges 18:15,10,לֵיהּ,,,,Jonathan,TARG
7,Judges,18,15,Judges 18:15,11,לִשְׁלָם:,,,,Jonathan,TARG
7,Judges,18,16,Judges 18:16,1,וְשִׁית,,,,Jonathan,TARG
7,Judges,18,16,Judges 18:16,2,מְאָה,,,,Jonathan,TARG
7,Judges,18,16,Judges 18:16,3,גַבְרִין,,,,Jonathan,TARG
7,Judges,18,16,Judges 18:16,4,מְזָרְזִין,,,,Jonathan,TARG
7,Judges,18,16,Judges 18:16,5,בְּמָנֵי,,,,Jonathan,TARG
7,Judges,18,16,Judges 18:16,6,קְרָבֵיהוֹן,,,,Jonathan,TARG
7,Judges,18,16,Judges 18:16,7,קַיְמִין,,,,Jonathan,TARG
7,Judges,18,16,Judges 18:16,8,בְּמַעֲלָנָא,,,,Jonathan,TARG
7,Judges,18,16,Judges 18:16,9,דִתְרַע,,,,Jonathan,TARG
7,Judges,18,16,Judges 18:16,10,דְמִשֵׁבֶט,,,,Jonathan,TARG
7,Judges,18,16,Judges 18:16,11,בְּנֵי,,,,Jonathan,TARG
7,Judges,18,16,Judges 18:16,12,דָן:,,,,Jonathan,TARG
7,Judges,18,17,Judges 18:17,1,וּסְלִיקוּ,,,,Jonathan,TARG
7,Judges,18,17,Judges 18:17,2,חַמְשָׁא,,,,Jonathan,TARG
7,Judges,18,17,Judges 18:17,3,גַבְרַיָא,,,,Jonathan,TARG
7,Judges,18,17,Judges 18:17,4,דַאֲזָלוּ,,,,Jonathan,TARG
7,Judges,18,17,Judges 18:17,5,לְאַלָלָא,,,,Jonathan,TARG
7,Judges,18,17,Judges 18:17,6,יַת,,,,Jonathan,TARG
7,Judges,18,17,Judges 18:17,7,אַרְעָא,,,,Jonathan,TARG
7,Judges,18,17,Judges 18:17,8,עָלוּ,,,,Jonathan,TARG
7,Judges,18,17,Judges 18:17,9,לְתַמָן,,,,Jonathan,TARG
7,Judges,18,17,Judges 18:17,10,וּנְסִיבוּ,,,,Jonathan,TARG
7,Judges,18,17,Judges 18:17,11,יַת,,,,Jonathan,TARG
7,Judges,18,17,Judges 18:17,12,צַלְמָנָא,,,,Jonathan,TARG
7,Judges,18,17,Judges 18:17,13,וְיַת,,,,Jonathan,TARG
7,Judges,18,17,Judges 18:17,14,אֵפוֹדָא,,,,Jonathan,TARG
7,Judges,18,17,Judges 18:17,15,וְיַת,,,,Jonathan,TARG
7,Judges,18,17,Judges 18:17,16,דְמָאִין,,,,Jonathan,TARG
7,Judges,18,17,Judges 18:17,17,וְיַת,,,,Jonathan,TARG
7,Judges,18,17,Judges 18:17,18,מַתְּכָא,,,,Jonathan,TARG
7,Judges,18,17,Judges 18:17,19,וְכַהֲנָא,,,,Jonathan,TARG
7,Judges,18,17,Judges 18:17,20,קָאִים,,,,Jonathan,TARG
7,Judges,18,17,Judges 18:17,21,בְּמַעֲלָנָא,,,,Jonathan,TARG
7,Judges,18,17,Judges 18:17,22,דְתַרְעָא,,,,Jonathan,TARG
7,Judges,18,17,Judges 18:17,23,וְשִׁית,,,,Jonathan,TARG
7,Judges,18,17,Judges 18:17,24,מְאָה,,,,Jonathan,TARG
7,Judges,18,17,Judges 18:17,25,גַבְרֵי,,,,Jonathan,TARG
7,Judges,18,17,Judges 18:17,26,דִמְזָרְזֵי,,,,Jonathan,TARG
7,Judges,18,17,Judges 18:17,27,בְּמָנֵי,,,,Jonathan,TARG
7,Judges,18,17,Judges 18:17,28,קְרָבָא:,,,,Jonathan,TARG
7,Judges,18,18,Judges 18:18,1,וְאִלֵין,,,,Jonathan,TARG
7,Judges,18,18,Judges 18:18,2,עָלוּ,,,,Jonathan,TARG
7,Judges,18,18,Judges 18:18,3,לְבֵית,,,,Jonathan,TARG
7,Judges,18,18,Judges 18:18,4,מִיכָה,,,,Jonathan,TARG
7,Judges,18,18,Judges 18:18,5,וּנְסִיבוּ,,,,Jonathan,TARG
7,Judges,18,18,Judges 18:18,6,יַת,,,,Jonathan,TARG
7,Judges,18,18,Judges 18:18,7,צְלַם,,,,Jonathan,TARG
7,Judges,18,18,Judges 18:18,8,אֵפוֹדָא,,,,Jonathan,TARG
7,Judges,18,18,Judges 18:18,9,וְיַת,,,,Jonathan,TARG
7,Judges,18,18,Judges 18:18,10,דְמָאִין,,,,Jonathan,TARG
7,Judges,18,18,Judges 18:18,11,וְיַת,,,,Jonathan,TARG
7,Judges,18,18,Judges 18:18,12,מַתְּכָא,,,,Jonathan,TARG
7,Judges,18,18,Judges 18:18,13,וַאֲמַר,,,,Jonathan,TARG
7,Judges,18,18,Judges 18:18,14,לְהוֹן,,,,Jonathan,TARG
7,Judges,18,18,Judges 18:18,15,כַּהֲנָא,,,,Jonathan,TARG
7,Judges,18,18,Judges 18:18,16,מָה,,,,Jonathan,TARG
7,Judges,18,18,Judges 18:18,17,אַתּוּן,,,,Jonathan,TARG
7,Judges,18,18,Judges 18:18,18,עָבְדִין:,,,,Jonathan,TARG
7,Judges,18,19,Judges 18:19,1,וַאֲמַרוּ,,,,Jonathan,TARG
7,Judges,18,19,Judges 18:19,2,לֵיהּ,,,,Jonathan,TARG
7,Judges,18,19,Judges 18:19,3,שְׁתוֹק,,,,Jonathan,TARG
7,Judges,18,19,Judges 18:19,4,שַׁוֵי,,,,Jonathan,TARG
7,Judges,18,19,Judges 18:19,5,יְדָךְ,,,,Jonathan,TARG
7,Judges,18,19,Judges 18:19,6,עַל,,,,Jonathan,TARG
7,Judges,18,19,Judges 18:19,7,פּוּמָךְ,,,,Jonathan,TARG
7,Judges,18,19,Judges 18:19,8,וֶאֱזֵיל,,,,Jonathan,TARG
7,Judges,18,19,Judges 18:19,9,עִמָּנָא,,,,Jonathan,TARG
7,Judges,18,19,Judges 18:19,10,וֶהֱוֵי,,,,Jonathan,TARG
7,Judges,18,19,Judges 18:19,11,לָנָא,,,,Jonathan,TARG
7,Judges,18,19,Judges 18:19,12,לְאָב,,,,Jonathan,TARG
7,Judges,18,19,Judges 18:19,13,וּלְכַהֲנָא,,,,Jonathan,TARG
7,Judges,18,19,Judges 18:19,14,הֲטַב,,,,Jonathan,TARG
7,Judges,18,19,Judges 18:19,15,דִתְהֵי,,,,Jonathan,TARG
7,Judges,18,19,Judges 18:19,16,כָהִין,,,,Jonathan,TARG
7,Judges,18,19,Judges 18:19,17,לְבֵית,,,,Jonathan,TARG
7,Judges,18,19,Judges 18:19,18,גַבְרָא,,,,Jonathan,TARG
7,Judges,18,19,Judges 18:19,19,חָד,,,,Jonathan,TARG
7,Judges,18,19,Judges 18:19,20,אוֹ,,,,Jonathan,TARG
7,Judges,18,19,Judges 18:19,21,דִתְהֵי,,,,Jonathan,TARG
7,Judges,18,19,Judges 18:19,22,כָהִין,,,,Jonathan,TARG
7,Judges,18,19,Judges 18:19,23,לְשִׁבְטָא,,,,Jonathan,TARG
7,Judges,18,19,Judges 18:19,24,וּלְזַרְעִית,,,,Jonathan,TARG
7,Judges,18,19,Judges 18:19,25,בְּיִשְׂרָאֵל:,,,,Jonathan,TARG
7,Judges,18,20,Judges 18:20,1,וּשְׁפַר,,,,Jonathan,TARG
7,Judges,18,20,Judges 18:20,2,לִבָּא,,,,Jonathan,TARG
7,Judges,18,20,Judges 18:20,3,דְכַהֲנָא,,,,Jonathan,TARG
7,Judges,18,20,Judges 18:20,4,וּנְסִיב,,,,Jonathan,TARG
7,Judges,18,20,Judges 18:20,5,יַת,,,,Jonathan,TARG
7,Judges,18,20,Judges 18:20,6,אֵפוֹדָא,,,,Jonathan,TARG
7,Judges,18,20,Judges 18:20,7,וְיַת,,,,Jonathan,TARG
7,Judges,18,20,Judges 18:20,8,דְמָאִין,,,,Jonathan,TARG
7,Judges,18,20,Judges 18:20,9,וְיַת,,,,Jonathan,TARG
7,Judges,18,20,Judges 18:20,10,צַלְמָא,,,,Jonathan,TARG
7,Judges,18,20,Judges 18:20,11,וְעַל,,,,Jonathan,TARG
7,Judges,18,20,Judges 18:20,12,בְּגוֹ,,,,Jonathan,TARG
7,Judges,18,20,Judges 18:20,13,עַמָא:,,,,Jonathan,TARG
7,Judges,18,21,Judges 18:21,1,וְאִתְפְּנִיאוּ,,,,Jonathan,TARG
7,Judges,18,21,Judges 18:21,2,וַאֲזַלוּ,,,,Jonathan,TARG
7,Judges,18,21,Judges 18:21,3,וְשַׁוִיאוּ,,,,Jonathan,TARG
7,Judges,18,21,Judges 18:21,4,יַת,,,,Jonathan,TARG
7,Judges,18,21,Judges 18:21,5,טַפְלַיָא,,,,Jonathan,TARG
7,Judges,18,21,Judges 18:21,6,וְיַת,,,,Jonathan,TARG
7,Judges,18,21,Judges 18:21,7,בְּעִירָא,,,,Jonathan,TARG
7,Judges,18,21,Judges 18:21,8,וְיַת,,,,Jonathan,TARG
7,Judges,18,21,Judges 18:21,9,קִנְיָנָא,,,,Jonathan,TARG
7,Judges,18,21,Judges 18:21,10,קֳדָמֵיהוֹן:,,,,Jonathan,TARG
7,Judges,18,22,Judges 18:22,1,אִינוּן,,,,Jonathan,TARG
7,Judges,18,22,Judges 18:22,2,אַרְחִיקוּ,,,,Jonathan,TARG
7,Judges,18,22,Judges 18:22,3,מִבֵּית,,,,Jonathan,TARG
7,Judges,18,22,Judges 18:22,4,מִיכָה,,,,Jonathan,TARG
7,Judges,18,22,Judges 18:22,5,וְגַבְרַיָא,,,,Jonathan,TARG
7,Judges,18,22,Judges 18:22,6,דִבְבָתַּיָא,,,,Jonathan,TARG
7,Judges,18,22,Judges 18:22,7,דְעִם,,,,Jonathan,TARG
7,Judges,18,22,Judges 18:22,8,בֵּית,,,,Jonathan,TARG
7,Judges,18,22,Judges 18:22,9,מִיכָה,,,,Jonathan,TARG
7,Judges,18,22,Judges 18:22,10,אִתְכְּנִישׁוּ,,,,Jonathan,TARG
7,Judges,18,22,Judges 18:22,11,וְאַדְבִּיקוּ,,,,Jonathan,TARG
7,Judges,18,22,Judges 18:22,12,יַת,,,,Jonathan,TARG
7,Judges,18,22,Judges 18:22,13,בְּנֵי,,,,Jonathan,TARG
7,Judges,18,22,Judges 18:22,14,דָן:,,,,Jonathan,TARG
7,Judges,18,23,Judges 18:23,1,וּקְרוֹ,,,,Jonathan,TARG
7,Judges,18,23,Judges 18:23,2,לִבְנֵי,,,,Jonathan,TARG
7,Judges,18,23,Judges 18:23,3,דָן,,,,Jonathan,TARG
7,Judges,18,23,Judges 18:23,4,וְאַסְחֲרוּ,,,,Jonathan,TARG
7,Judges,18,23,Judges 18:23,5,אַפֵּיהוֹן,,,,Jonathan,TARG
7,Judges,18,23,Judges 18:23,6,וַאֲמַרוּ,,,,Jonathan,TARG
7,Judges,18,23,Judges 18:23,7,לְמִיכָה,,,,Jonathan,TARG
7,Judges,18,23,Judges 18:23,8,מַה,,,,Jonathan,TARG
7,Judges,18,23,Judges 18:23,9,לָךְ,,,,Jonathan,TARG
7,Judges,18,23,Judges 18:23,10,אֲרֵי,,,,Jonathan,TARG
7,Judges,18,23,Judges 18:23,11,אִתְכְּנִישְׁתָּא:,,,,Jonathan,TARG
7,Judges,18,24,Judges 18:24,1,וַאֲמַר,,,,Jonathan,TARG
7,Judges,18,24,Judges 18:24,2,יַת,,,,Jonathan,TARG
7,Judges,18,24,Judges 18:24,3,דַחַלְתִּי,,,,Jonathan,TARG
7,Judges,18,24,Judges 18:24,4,דִי,,,,Jonathan,TARG
7,Judges,18,24,Judges 18:24,5,עֲבָדִית,,,,Jonathan,TARG
7,Judges,18,24,Judges 18:24,6,נְסֵיבְתּוּן,,,,Jonathan,TARG
7,Judges,18,24,Judges 18:24,7,וְיַת,,,,Jonathan,TARG
7,Judges,18,24,Judges 18:24,8,כַּהֲנָא,,,,Jonathan,TARG
7,Judges,18,24,Judges 18:24,9,וַאֲזַלְתּוּן,,,,Jonathan,TARG
7,Judges,18,24,Judges 18:24,10,וּמַה,,,,Jonathan,TARG
7,Judges,18,24,Judges 18:24,11,לִי,,,,Jonathan,TARG
7,Judges,18,24,Judges 18:24,12,עוֹד,,,,Jonathan,TARG
7,Judges,18,24,Judges 18:24,13,וּמַה,,,,Jonathan,TARG
7,Judges,18,24,Judges 18:24,14,דֵין,,,,Jonathan,TARG
7,Judges,18,24,Judges 18:24,15,תֵּימְרוּן,,,,Jonathan,TARG
7,Judges,18,24,Judges 18:24,16,לִי,,,,Jonathan,TARG
7,Judges,18,24,Judges 18:24,17,מַה,,,,Jonathan,TARG
7,Judges,18,24,Judges 18:24,18,לָךְ:,,,,Jonathan,TARG
7,Judges,18,25,Judges 18:25,1,וַאֲמַרוּ,,,,Jonathan,TARG
7,Judges,18,25,Judges 18:25,2,לֵיהּ,,,,Jonathan,TARG
7,Judges,18,25,Judges 18:25,3,בְּנֵי,,,,Jonathan,TARG
7,Judges,18,25,Judges 18:25,4,דָן,,,,Jonathan,TARG
7,Judges,18,25,Judges 18:25,5,לָא,,,,Jonathan,TARG
7,Judges,18,25,Judges 18:25,6,תַשְׁמַע,,,,Jonathan,TARG
7,Judges,18,25,Judges 18:25,7,קָלָךְ,,,,Jonathan,TARG
7,Judges,18,25,Judges 18:25,8,עִמָנָא,,,,Jonathan,TARG
7,Judges,18,25,Judges 18:25,9,דִלְמָא,,,,Jonathan,TARG
7,Judges,18,25,Judges 18:25,10,יִשְׁלְטוּן,,,,Jonathan,TARG
7,Judges,18,25,Judges 18:25,11,בְּכוֹן,,,,Jonathan,TARG
7,Judges,18,25,Judges 18:25,12,גַבְרִין,,,,Jonathan,TARG
7,Judges,18,25,Judges 18:25,13,מְרִירַן,,,,Jonathan,TARG
7,Judges,18,25,Judges 18:25,14,נַפְשָׁן,,,,Jonathan,TARG
7,Judges,18,25,Judges 18:25,15,וְתָסֵיף,,,,Jonathan,TARG
7,Judges,18,25,Judges 18:25,16,נַפְשָׁךְ,,,,Jonathan,TARG
7,Judges,18,25,Judges 18:25,17,וּנְפַשׁ,,,,Jonathan,TARG
7,Judges,18,25,Judges 18:25,18,אֱנָשׁ,,,,Jonathan,TARG
7,Judges,18,25,Judges 18:25,19,בֵיתָךְ:,,,,Jonathan,TARG
7,Judges,18,26,Judges 18:26,1,וַאֲזַלוּ,,,,Jonathan,TARG
7,Judges,18,26,Judges 18:26,2,בְּנֵי,,,,Jonathan,TARG
7,Judges,18,26,Judges 18:26,3,דָן,,,,Jonathan,TARG
7,Judges,18,26,Judges 18:26,4,לְאוֹרְחֵיהוֹן,,,,Jonathan,TARG
7,Judges,18,26,Judges 18:26,5,וַחֲזָא,,,,Jonathan,TARG
7,Judges,18,26,Judges 18:26,6,מִיכָה,,,,Jonathan,TARG
7,Judges,18,26,Judges 18:26,7,אֲרֵי,,,,Jonathan,TARG
7,Judges,18,26,Judges 18:26,8,תַקִיפִין,,,,Jonathan,TARG
7,Judges,18,26,Judges 18:26,9,אִינוּן,,,,Jonathan,TARG
7,Judges,18,26,Judges 18:26,10,מִינֵיהּ,,,,Jonathan,TARG
7,Judges,18,26,Judges 18:26,11,וְאִתְפְּנֵי,,,,Jonathan,TARG
7,Judges,18,26,Judges 18:26,12,וְתַב,,,,Jonathan,TARG
7,Judges,18,26,Judges 18:26,13,לְבֵיתֵיהּ:,,,,Jonathan,TARG
7,Judges,18,27,Judges 18:27,1,וְאִינוּן,,,,Jonathan,TARG
7,Judges,18,27,Judges 18:27,2,נְסִיבוּ,,,,Jonathan,TARG
7,Judges,18,27,Judges 18:27,3,יַת,,,,Jonathan,TARG
7,Judges,18,27,Judges 18:27,4,דַעֲבַד,,,,Jonathan,TARG
7,Judges,18,27,Judges 18:27,5,מִיכָה,,,,Jonathan,TARG
7,Judges,18,27,Judges 18:27,6,וְדַבֵּרוּ,,,,Jonathan,TARG
7,Judges,18,27,Judges 18:27,7,יַת,,,,Jonathan,TARG
7,Judges,18,27,Judges 18:27,8,כַּהֲנָא,,,,Jonathan,TARG
7,Judges,18,27,Judges 18:27,9,דִי,,,,Jonathan,TARG
7,Judges,18,27,Judges 18:27,10,הֲוָה,,,,Jonathan,TARG
7,Judges,18,27,Judges 18:27,11,לֵיהּ,,,,Jonathan,TARG
7,Judges,18,27,Judges 18:27,12,וַאֲתוֹ,,,,Jonathan,TARG
7,Judges,18,27,Judges 18:27,13,לְלַיִשׁ,,,,Jonathan,TARG
7,Judges,18,27,Judges 18:27,14,לְעַמָא,,,,Jonathan,TARG
7,Judges,18,27,Judges 18:27,15,דְשָׁקְטִין,,,,Jonathan,TARG
7,Judges,18,27,Judges 18:27,16,וְשָׁרָן,,,,Jonathan,TARG
7,Judges,18,27,Judges 18:27,17,לְרוֹחֲצָן,,,,Jonathan,TARG
7,Judges,18,27,Judges 18:27,18,וּמְחוֹ,,,,Jonathan,TARG
7,Judges,18,27,Judges 18:27,19,יַתְהוֹן,,,,Jonathan,TARG
7,Judges,18,27,Judges 18:27,20,לְפִּתְגָם,,,,Jonathan,TARG
7,Judges,18,27,Judges 18:27,21,דְחָרֶב,,,,Jonathan,TARG
7,Judges,18,27,Judges 18:27,22,וְיַת,,,,Jonathan,TARG
7,Judges,18,27,Judges 18:27,23,קַרְתָּא,,,,Jonathan,TARG
7,Judges,18,27,Judges 18:27,24,אוֹקִידוּ,,,,Jonathan,TARG
7,Judges,18,27,Judges 18:27,25,בְּנוּרָא:,,,,Jonathan,TARG
7,Judges,18,28,Judges 18:28,1,וְלֵית,,,,Jonathan,TARG
7,Judges,18,28,Judges 18:28,2,דִמְשֵׁיזִיב,,,,Jonathan,TARG
7,Judges,18,28,Judges 18:28,3,אֲרֵי,,,,Jonathan,TARG
7,Judges,18,28,Judges 18:28,4,רְחִיקָא,,,,Jonathan,TARG
7,Judges,18,28,Judges 18:28,5,הִיא,,,,Jonathan,TARG
7,Judges,18,28,Judges 18:28,6,מִצִידוֹן,,,,Jonathan,TARG
7,Judges,18,28,Judges 18:28,7,וּפִתְגַם,,,,Jonathan,TARG
7,Judges,18,28,Judges 18:28,8,לֵית,,,,Jonathan,TARG
7,Judges,18,28,Judges 18:28,9,לְהוֹן,,,,Jonathan,TARG
7,Judges,18,28,Judges 18:28,10,עִם,,,,Jonathan,TARG
7,Judges,18,28,Judges 18:28,11,אֱנַשׁ,,,,Jonathan,TARG
7,Judges,18,28,Judges 18:28,12,וְאִינוּן,,,,Jonathan,TARG
7,Judges,18,28,Judges 18:28,13,בְּמֵשַׁר,,,,Jonathan,TARG
7,Judges,18,28,Judges 18:28,14,דִלְבֵית,,,,Jonathan,TARG
7,Judges,18,28,Judges 18:28,15,רְחוֹב,,,,Jonathan,TARG
7,Judges,18,28,Judges 18:28,16,וּבְנוֹ,,,,Jonathan,TARG
7,Judges,18,28,Judges 18:28,17,יַת,,,,Jonathan,TARG
7,Judges,18,28,Judges 18:28,18,קַרְתָּא,,,,Jonathan,TARG
7,Judges,18,28,Judges 18:28,19,וִיתִיבוּ,,,,Jonathan,TARG
7,Judges,18,28,Judges 18:28,20,בָהּ:,,,,Jonathan,TARG
7,Judges,18,29,Judges 18:29,1,וּקְרוֹ,,,,Jonathan,TARG
7,Judges,18,29,Judges 18:29,2,שְׁמָא,,,,Jonathan,TARG
7,Judges,18,29,Judges 18:29,3,דְקַרְתָּא,,,,Jonathan,TARG
7,Judges,18,29,Judges 18:29,4,דָן,,,,Jonathan,TARG
7,Judges,18,29,Judges 18:29,5,בְּשׁוּם,,,,Jonathan,TARG
7,Judges,18,29,Judges 18:29,6,דָן,,,,Jonathan,TARG
7,Judges,18,29,Judges 18:29,7,אֲבוּהוֹן,,,,Jonathan,TARG
7,Judges,18,29,Judges 18:29,8,דְאִתְיְלִיד,,,,Jonathan,TARG
7,Judges,18,29,Judges 18:29,9,לְיִשְׂרָאֵל,,,,Jonathan,TARG
7,Judges,18,29,Judges 18:29,10,וּבְרַם,,,,Jonathan,TARG
7,Judges,18,29,Judges 18:29,11,לַיִשׁ,,,,Jonathan,TARG
7,Judges,18,29,Judges 18:29,12,שְׁמָא,,,,Jonathan,TARG
7,Judges,18,29,Judges 18:29,13,דְקַרְתָּא,,,,Jonathan,TARG
7,Judges,18,29,Judges 18:29,14,מִלְקַדְמִין:,,,,Jonathan,TARG
7,Judges,18,30,Judges 18:30,1,וַאֲקִימוּ,,,,Jonathan,TARG
7,Judges,18,30,Judges 18:30,2,לְהוֹן,,,,Jonathan,TARG
7,Judges,18,30,Judges 18:30,3,בְּנֵי,,,,Jonathan,TARG
7,Judges,18,30,Judges 18:30,4,דָן,,,,Jonathan,TARG
7,Judges,18,30,Judges 18:30,5,יַת,,,,Jonathan,TARG
7,Judges,18,30,Judges 18:30,6,צַלְמָא,,,,Jonathan,TARG
7,Judges,18,30,Judges 18:30,7,וִיהוֹנָתָן,,,,Jonathan,TARG
7,Judges,18,30,Judges 18:30,8,בַּר,,,,Jonathan,TARG
7,Judges,18,30,Judges 18:30,9,גֵרְשֹׁם,,,,Jonathan,TARG
7,Judges,18,30,Judges 18:30,10,בַּר,,,,Jonathan,TARG
7,Judges,18,30,Judges 18:30,11,מְנַשֶׁה,,,,Jonathan,TARG
7,Judges,18,30,Judges 18:30,12,הוּא,,,,Jonathan,TARG
7,Judges,18,30,Judges 18:30,13,וּבְנוֹהִי,,,,Jonathan,TARG
7,Judges,18,30,Judges 18:30,14,הֲווֹ,,,,Jonathan,TARG
7,Judges,18,30,Judges 18:30,15,כוּמָרִין,,,,Jonathan,TARG
7,Judges,18,30,Judges 18:30,16,לְשִׁבְטָא,,,,Jonathan,TARG
7,Judges,18,30,Judges 18:30,17,דְבֵית,,,,Jonathan,TARG
7,Judges,18,30,Judges 18:30,18,דָן,,,,Jonathan,TARG
7,Judges,18,30,Judges 18:30,19,עַד,,,,Jonathan,TARG
7,Judges,18,30,Judges 18:30,20,יוֹמָא,,,,Jonathan,TARG
7,Judges,18,30,Judges 18:30,21,דִי,,,,Jonathan,TARG
7,Judges,18,30,Judges 18:30,22,גְלוֹ,,,,Jonathan,TARG
7,Judges,18,30,Judges 18:30,23,יַתְבֵי,,,,Jonathan,TARG
7,Judges,18,30,Judges 18:30,24,אַרְעָא:,,,,Jonathan,TARG
7,Judges,18,31,Judges 18:31,1,וְשַׁוִיאוּ,,,,Jonathan,TARG
7,Judges,18,31,Judges 18:31,2,לְהוֹן,,,,Jonathan,TARG
7,Judges,18,31,Judges 18:31,3,יַת,,,,Jonathan,TARG
7,Judges,18,31,Judges 18:31,4,צְלָם,,,,Jonathan,TARG
7,Judges,18,31,Judges 18:31,5,מִיכָה,,,,Jonathan,TARG
7,Judges,18,31,Judges 18:31,6,דִי,,,,Jonathan,TARG
7,Judges,18,31,Judges 18:31,7,עֲבַד,,,,Jonathan,TARG
7,Judges,18,31,Judges 18:31,8,כָּל,,,,Jonathan,TARG
7,Judges,18,31,Judges 18:31,9,יוֹמַיָא,,,,Jonathan,TARG
7,Judges,18,31,Judges 18:31,10,דַהֲוָה,,,,Jonathan,TARG
7,Judges,18,31,Judges 18:31,11,קַיָם,,,,Jonathan,TARG
7,Judges,18,31,Judges 18:31,12,בֵּית,,,,Jonathan,TARG
7,Judges,18,31,Judges 18:31,13,מַקְדְשָׁא,,,,Jonathan,TARG
7,Judges,18,31,Judges 18:31,14,דַייָ,,,,Jonathan,TARG
7,Judges,18,31,Judges 18:31,15,בְּשִׁלֹה:,,,,Jonathan,TARG
7,Judges,19,1,Judges 19:1,1,וַהֲוָה,,,,Jonathan,TARG
7,Judges,19,1,Judges 19:1,2,בְיוֹמַיָא,,,,Jonathan,TARG
7,Judges,19,1,Judges 19:1,3,הָאִינוּן,,,,Jonathan,TARG
7,Judges,19,1,Judges 19:1,4,וּמַלְכָּא,,,,Jonathan,TARG
7,Judges,19,1,Judges 19:1,5,לֵית,,,,Jonathan,TARG
7,Judges,19,1,Judges 19:1,6,בְּיִשְׂרָאֵל,,,,Jonathan,TARG
7,Judges,19,1,Judges 19:1,7,וַהֲוָה,,,,Jonathan,TARG
7,Judges,19,1,Judges 19:1,8,גְבַר,,,,Jonathan,TARG
7,Judges,19,1,Judges 19:1,9,לְוָאָה,,,,Jonathan,TARG
7,Judges,19,1,Judges 19:1,10,דָר,,,,Jonathan,TARG
7,Judges,19,1,Judges 19:1,11,בִּסְיָפֵי,,,,Jonathan,TARG
7,Judges,19,1,Judges 19:1,12,טוּרָא,,,,Jonathan,TARG
7,Judges,19,1,Judges 19:1,13,דְבֵית,,,,Jonathan,TARG
7,Judges,19,1,Judges 19:1,14,אֶפְרַיִם,,,,Jonathan,TARG
7,Judges,19,1,Judges 19:1,15,וּנְסֵיב,,,,Jonathan,TARG
7,Judges,19,1,Judges 19:1,16,לֵיהּ,,,,Jonathan,TARG
7,Judges,19,1,Judges 19:1,17,אִתְּתָא,,,,Jonathan,TARG
7,Judges,19,1,Judges 19:1,18,לְחֵינָתָא,,,,Jonathan,TARG
7,Judges,19,1,Judges 19:1,19,מִבֵּית,,,,Jonathan,TARG
7,Judges,19,1,Judges 19:1,20,לֶחֶם,,,,Jonathan,TARG
7,Judges,19,1,Judges 19:1,21,דְבֵית,,,,Jonathan,TARG
7,Judges,19,1,Judges 19:1,22,יְהוּדָה:,,,,Jonathan,TARG
7,Judges,19,2,Judges 19:2,1,וּבְסָרַת,,,,Jonathan,TARG
7,Judges,19,2,Judges 19:2,2,עֲלוֹהִי,,,,Jonathan,TARG
7,Judges,19,2,Judges 19:2,3,לְחֵינָתֵיהּ,,,,Jonathan,TARG
7,Judges,19,2,Judges 19:2,4,וַאֲזָלַת,,,,Jonathan,TARG
7,Judges,19,2,Judges 19:2,5,מִלְוָתֵיהּ,,,,Jonathan,TARG
7,Judges,19,2,Judges 19:2,6,לְבֵית,,,,Jonathan,TARG
7,Judges,19,2,Judges 19:2,7,אֲבוּהָא,,,,Jonathan,TARG
7,Judges,19,2,Judges 19:2,8,לְבֵית,,,,Jonathan,TARG
7,Judges,19,2,Judges 19:2,9,לֶחֶם,,,,Jonathan,TARG
7,Judges,19,2,Judges 19:2,10,דְבֵית,,,,Jonathan,TARG
7,Judges,19,2,Judges 19:2,11,יְהוּדָה,,,,Jonathan,TARG
7,Judges,19,2,Judges 19:2,12,וַהֲוָת,,,,Jonathan,TARG
7,Judges,19,2,Judges 19:2,13,תַּמָן,,,,Jonathan,TARG
7,Judges,19,2,Judges 19:2,14,יוֹמִין,,,,Jonathan,TARG
7,Judges,19,2,Judges 19:2,15,אַרְבְּעָא,,,,Jonathan,TARG
7,Judges,19,2,Judges 19:2,16,יַרְחִין:,,,,Jonathan,TARG
7,Judges,19,3,Judges 19:3,1,וְּקָם,,,,Jonathan,TARG
7,Judges,19,3,Judges 19:3,2,בַּעֲלָהּ,,,,Jonathan,TARG
7,Judges,19,3,Judges 19:3,3,וַאֲזַל,,,,Jonathan,TARG
7,Judges,19,3,Judges 19:3,4,בַּתְרָהָא,,,,Jonathan,TARG
7,Judges,19,3,Judges 19:3,5,לְמַלֵיל,,,,Jonathan,TARG
7,Judges,19,3,Judges 19:3,6,עַל,,,,Jonathan,TARG
7,Judges,19,3,Judges 19:3,7,לִבָּהּ,,,,Jonathan,TARG
7,Judges,19,3,Judges 19:3,8,לַאֲתָבוּתָהּ,,,,Jonathan,TARG
7,Judges,19,3,Judges 19:3,9,וְעוּלֵימֵיהּ,,,,Jonathan,TARG
7,Judges,19,3,Judges 19:3,10,עִמֵיהּ,,,,Jonathan,TARG
7,Judges,19,3,Judges 19:3,11,וְזוּג,,,,Jonathan,TARG
7,Judges,19,3,Judges 19:3,12,חֲמָרִין,,,,Jonathan,TARG
7,Judges,19,3,Judges 19:3,13,וְאַעֲלָתֵיהּ,,,,Jonathan,TARG
7,Judges,19,3,Judges 19:3,14,לְבֵית,,,,Jonathan,TARG
7,Judges,19,3,Judges 19:3,15,אֲבוּהָא,,,,Jonathan,TARG
7,Judges,19,3,Judges 19:3,16,וַחֲזָהוּ,,,,Jonathan,TARG
7,Judges,19,3,Judges 19:3,17,אֲבוּהָא,,,,Jonathan,TARG
7,Judges,19,3,Judges 19:3,18,דְעוּלֶמְתָּא,,,,Jonathan,TARG
7,Judges,19,3,Judges 19:3,19,וַחֲדִי,,,,Jonathan,TARG
7,Judges,19,3,Judges 19:3,20,לָקֳדָמוּתֵיהּ:,,,,Jonathan,TARG
7,Judges,19,4,Judges 19:4,1,וְאַתְקֵיף,,,,Jonathan,TARG
7,Judges,19,4,Judges 19:4,2,בֵּיהּ,,,,Jonathan,TARG
7,Judges,19,4,Judges 19:4,3,חֲמוּהִי,,,,Jonathan,TARG
7,Judges,19,4,Judges 19:4,4,אֲבוּהָא,,,,Jonathan,TARG
7,Judges,19,4,Judges 19:4,5,דְעוּלֶמְתָּא,,,,Jonathan,TARG
7,Judges,19,4,Judges 19:4,6,וִיתֵיב,,,,Jonathan,TARG
7,Judges,19,4,Judges 19:4,7,עִמֵיהּ,,,,Jonathan,TARG
7,Judges,19,4,Judges 19:4,8,תְּלָתָא,,,,Jonathan,TARG
7,Judges,19,4,Judges 19:4,9,יוֹמִין,,,,Jonathan,TARG
7,Judges,19,4,Judges 19:4,10,וַאֲכָלוּ,,,,Jonathan,TARG
7,Judges,19,4,Judges 19:4,11,וּשְׁתִיאוּ,,,,Jonathan,TARG
7,Judges,19,4,Judges 19:4,12,וּבָתוּ,,,,Jonathan,TARG
7,Judges,19,4,Judges 19:4,13,תַמָן:,,,,Jonathan,TARG
7,Judges,19,5,Judges 19:5,1,וַהֲוָה,,,,Jonathan,TARG
7,Judges,19,5,Judges 19:5,2,בְּיוֹמָא,,,,Jonathan,TARG
7,Judges,19,5,Judges 19:5,3,רְבִיעָאָה,,,,Jonathan,TARG
7,Judges,19,5,Judges 19:5,4,וְאַקְדִימוּ,,,,Jonathan,TARG
7,Judges,19,5,Judges 19:5,5,בְּצַפְרָא,,,,Jonathan,TARG
7,Judges,19,5,Judges 19:5,6,וְקָם,,,,Jonathan,TARG
7,Judges,19,5,Judges 19:5,7,לְמֵיזַל,,,,Jonathan,TARG
7,Judges,19,5,Judges 19:5,8,וַאֲמַר,,,,Jonathan,TARG
7,Judges,19,5,Judges 19:5,9,אֲבוּהָא,,,,Jonathan,TARG
7,Judges,19,5,Judges 19:5,10,דְעוּלֶמְתָּא,,,,Jonathan,TARG
7,Judges,19,5,Judges 19:5,11,לַחֲתָנֵיהּ,,,,Jonathan,TARG
7,Judges,19,5,Judges 19:5,12,סְעֵיד,,,,Jonathan,TARG
7,Judges,19,5,Judges 19:5,13,לִבָּךְ,,,,Jonathan,TARG
7,Judges,19,5,Judges 19:5,14,פִּתָא,,,,Jonathan,TARG
7,Judges,19,5,Judges 19:5,15,דְלַחְמָא,,,,Jonathan,TARG
7,Judges,19,5,Judges 19:5,16,וּבָתַר,,,,Jonathan,TARG
7,Judges,19,5,Judges 19:5,17,כֵּן,,,,Jonathan,TARG
7,Judges,19,5,Judges 19:5,18,תֵּיזְלוּן:,,,,Jonathan,TARG
7,Judges,19,6,Judges 19:6,1,וְאַסְחֲרוּ,,,,Jonathan,TARG
7,Judges,19,6,Judges 19:6,2,וַאֲכַלוּ,,,,Jonathan,TARG
7,Judges,19,6,Judges 19:6,3,תַרְוֵיהוֹן,,,,Jonathan,TARG
7,Judges,19,6,Judges 19:6,4,כַּחֲדָא,,,,Jonathan,TARG
7,Judges,19,6,Judges 19:6,5,וּשְׁתִיאוּ,,,,Jonathan,TARG
7,Judges,19,6,Judges 19:6,6,וַאֲמַר,,,,Jonathan,TARG
7,Judges,19,6,Judges 19:6,7,אֲבוּהָא,,,,Jonathan,TARG
7,Judges,19,6,Judges 19:6,8,דְעוּלֶמְתָּא,,,,Jonathan,TARG
7,Judges,19,6,Judges 19:6,9,לְגַבְרָא,,,,Jonathan,TARG
7,Judges,19,6,Judges 19:6,10,שְׁרֵי,,,,Jonathan,TARG
7,Judges,19,6,Judges 19:6,11,כְעַן,,,,Jonathan,TARG
7,Judges,19,6,Judges 19:6,12,וּבִית,,,,Jonathan,TARG
7,Judges,19,6,Judges 19:6,13,וְיִשְׁפַּר,,,,Jonathan,TARG
7,Judges,19,6,Judges 19:6,14,לִבָךְ:,,,,Jonathan,TARG
7,Judges,19,7,Judges 19:7,1,וְקָם,,,,Jonathan,TARG
7,Judges,19,7,Judges 19:7,2,גַבְרָא,,,,Jonathan,TARG
7,Judges,19,7,Judges 19:7,3,לְמֵיזַל,,,,Jonathan,TARG
7,Judges,19,7,Judges 19:7,4,וְאַתְקֵיף,,,,Jonathan,TARG
7,Judges,19,7,Judges 19:7,5,בֵּיהּ,,,,Jonathan,TARG
7,Judges,19,7,Judges 19:7,6,חֲמוּהִי,,,,Jonathan,TARG
7,Judges,19,7,Judges 19:7,7,וְתַב,,,,Jonathan,TARG
7,Judges,19,7,Judges 19:7,8,וּבָת,,,,Jonathan,TARG
7,Judges,19,7,Judges 19:7,9,תַּמָן:,,,,Jonathan,TARG
7,Judges,19,8,Judges 19:8,1,וְאַקְדֵים,,,,Jonathan,TARG
7,Judges,19,8,Judges 19:8,2,בְּצַפְרָא,,,,Jonathan,TARG
7,Judges,19,8,Judges 19:8,3,בְּיוֹמָא,,,,Jonathan,TARG
7,Judges,19,8,Judges 19:8,4,חֲמִישָׁאָה,,,,Jonathan,TARG
7,Judges,19,8,Judges 19:8,5,לְמֵיזַל,,,,Jonathan,TARG
7,Judges,19,8,Judges 19:8,6,וַאֲמַר,,,,Jonathan,TARG
7,Judges,19,8,Judges 19:8,7,אֲבוּהָא,,,,Jonathan,TARG
7,Judges,19,8,Judges 19:8,8,דְעוּלֶמְתָּא,,,,Jonathan,TARG
7,Judges,19,8,Judges 19:8,9,סְעוֹד,,,,Jonathan,TARG
7,Judges,19,8,Judges 19:8,10,כְּעַן,,,,Jonathan,TARG
7,Judges,19,8,Judges 19:8,11,לִבָּךְ,,,,Jonathan,TARG
7,Judges,19,8,Judges 19:8,12,וְאִתְעַכְּבוּ,,,,Jonathan,TARG
7,Judges,19,8,Judges 19:8,13,עַד,,,,Jonathan,TARG
7,Judges,19,8,Judges 19:8,14,מִתְפְּנֵי,,,,Jonathan,TARG
7,Judges,19,8,Judges 19:8,15,יוֹמָא,,,,Jonathan,TARG
7,Judges,19,8,Judges 19:8,16,וַאֲכָלוּ,,,,Jonathan,TARG
7,Judges,19,8,Judges 19:8,17,תַּרְוֵיהוֹן:,,,,Jonathan,TARG
7,Judges,19,9,Judges 19:9,1,וְקָם,,,,Jonathan,TARG
7,Judges,19,9,Judges 19:9,2,גַבְרָא,,,,Jonathan,TARG
7,Judges,19,9,Judges 19:9,3,לְמֵיזַל,,,,Jonathan,TARG
7,Judges,19,9,Judges 19:9,4,הוּא,,,,Jonathan,TARG
7,Judges,19,9,Judges 19:9,5,וּלְחֵינָתֵיהּ,,,,Jonathan,TARG
7,Judges,19,9,Judges 19:9,6,וְעוּלֵימֵיהּ,,,,Jonathan,TARG
7,Judges,19,9,Judges 19:9,7,וַאֲמַר,,,,Jonathan,TARG
7,Judges,19,9,Judges 19:9,8,לֵיהּ,,,,Jonathan,TARG
7,Judges,19,9,Judges 19:9,9,חֲמוֹהִי,,,,Jonathan,TARG
7,Judges,19,9,Judges 19:9,10,אֲבוּהָא,,,,Jonathan,TARG
7,Judges,19,9,Judges 19:9,11,דְעוּלֶמְתָּא,,,,Jonathan,TARG
7,Judges,19,9,Judges 19:9,12,הָא,,,,Jonathan,TARG
7,Judges,19,9,Judges 19:9,13,כְעַן,,,,Jonathan,TARG
7,Judges,19,9,Judges 19:9,14,פְּנָא,,,,Jonathan,TARG
7,Judges,19,9,Judges 19:9,15,יוֹמָא,,,,Jonathan,TARG
7,Judges,19,9,Judges 19:9,16,לְמֶעֱרַב,,,,Jonathan,TARG
7,Judges,19,9,Judges 19:9,17,בִּיתוּ,,,,Jonathan,TARG
7,Judges,19,9,Judges 19:9,18,כְעַן,,,,Jonathan,TARG
7,Judges,19,9,Judges 19:9,19,הָכָא,,,,Jonathan,TARG
7,Judges,19,9,Judges 19:9,20,לְחוֹד,,,,Jonathan,TARG
7,Judges,19,9,Judges 19:9,21,יוֹמָא,,,,Jonathan,TARG
7,Judges,19,9,Judges 19:9,22,דֵין,,,,Jonathan,TARG
7,Judges,19,9,Judges 19:9,23,בִּית,,,,Jonathan,TARG
7,Judges,19,9,Judges 19:9,24,הָכָא,,,,Jonathan,TARG
7,Judges,19,9,Judges 19:9,25,וְיִשְׁפַּר,,,,Jonathan,TARG
7,Judges,19,9,Judges 19:9,26,לִבָּךְ,,,,Jonathan,TARG
7,Judges,19,9,Judges 19:9,27,וּתְקַדְמוּן,,,,Jonathan,TARG
7,Judges,19,9,Judges 19:9,28,מְחָר,,,,Jonathan,TARG
7,Judges,19,9,Judges 19:9,29,לְאוֹרְחַתְכוֹן,,,,Jonathan,TARG
7,Judges,19,9,Judges 19:9,30,וּתְהַךְ,,,,Jonathan,TARG
7,Judges,19,9,Judges 19:9,31,לְקִירְוָךְ:,,,,Jonathan,TARG
7,Judges,19,10,Judges 19:10,1,וְלָא,,,,Jonathan,TARG
7,Judges,19,10,Judges 19:10,2,אֲבָא,,,,Jonathan,TARG
7,Judges,19,10,Judges 19:10,3,גַבְרָא,,,,Jonathan,TARG
7,Judges,19,10,Judges 19:10,4,לִמְבָת,,,,Jonathan,TARG
7,Judges,19,10,Judges 19:10,5,וְקָם,,,,Jonathan,TARG
7,Judges,19,10,Judges 19:10,6,וַאֲזַל,,,,Jonathan,TARG
7,Judges,19,10,Judges 19:10,7,וַאֲתָא,,,,Jonathan,TARG
7,Judges,19,10,Judges 19:10,8,עַד,,,,Jonathan,TARG
7,Judges,19,10,Judges 19:10,9,לָקֳבֵיל,,,,Jonathan,TARG
7,Judges,19,10,Judges 19:10,10,יְבוּס,,,,Jonathan,TARG
7,Judges,19,10,Judges 19:10,11,הִיא,,,,Jonathan,TARG
7,Judges,19,10,Judges 19:10,12,יְרוּשְׁלֵם,,,,Jonathan,TARG
7,Judges,19,10,Judges 19:10,13,וְעִמֵיהּ,,,,Jonathan,TARG
7,Judges,19,10,Judges 19:10,14,זוּג,,,,Jonathan,TARG
7,Judges,19,10,Judges 19:10,15,חֲמָרִין,,,,Jonathan,TARG
7,Judges,19,10,Judges 19:10,16,חֲשִׁיקִין,,,,Jonathan,TARG
7,Judges,19,10,Judges 19:10,17,וּלְחֵינָתֵיהּ,,,,Jonathan,TARG
7,Judges,19,10,Judges 19:10,18,עִמֵיהּ:,,,,Jonathan,TARG
7,Judges,19,11,Judges 19:11,1,אִינוּן,,,,Jonathan,TARG
7,Judges,19,11,Judges 19:11,2,עִם,,,,Jonathan,TARG
7,Judges,19,11,Judges 19:11,3,יְבוּס,,,,Jonathan,TARG
7,Judges,19,11,Judges 19:11,4,וְיוֹמָא,,,,Jonathan,TARG
7,Judges,19,11,Judges 19:11,5,מְאַךְ,,,,Jonathan,TARG
7,Judges,19,11,Judges 19:11,6,לַחֲדָא,,,,Jonathan,TARG
7,Judges,19,11,Judges 19:11,7,וַאֲמַר,,,,Jonathan,TARG
7,Judges,19,11,Judges 19:11,8,עוּלֵימָא,,,,Jonathan,TARG
7,Judges,19,11,Judges 19:11,9,לְרִבּוֹנֵיהּ,,,,Jonathan,TARG
7,Judges,19,11,Judges 19:11,10,אִיתָא,,,,Jonathan,TARG
7,Judges,19,11,Judges 19:11,11,כְעַן,,,,Jonathan,TARG
7,Judges,19,11,Judges 19:11,12,וּנְזוּר,,,,Jonathan,TARG
7,Judges,19,11,Judges 19:11,13,לְקַרְתָּא,,,,Jonathan,TARG
7,Judges,19,11,Judges 19:11,14,דִיבוּסָאֵי,,,,Jonathan,TARG
7,Judges,19,11,Judges 19:11,15,הָדָא,,,,Jonathan,TARG
7,Judges,19,11,Judges 19:11,16,וּנְבֵית,,,,Jonathan,TARG
7,Judges,19,11,Judges 19:11,17,בָּהּ:,,,,Jonathan,TARG
7,Judges,19,12,Judges 19:12,1,וַאֲמַר,,,,Jonathan,TARG
7,Judges,19,12,Judges 19:12,2,לֵיהּ,,,,Jonathan,TARG
7,Judges,19,12,Judges 19:12,3,רִבּוֹנֵיהּ,,,,Jonathan,TARG
7,Judges,19,12,Judges 19:12,4,לָא,,,,Jonathan,TARG
7,Judges,19,12,Judges 19:12,5,נְזוּר,,,,Jonathan,TARG
7,Judges,19,12,Judges 19:12,6,לְקַרְתָּא,,,,Jonathan,TARG
7,Judges,19,12,Judges 19:12,7,בְּנֵי,,,,Jonathan,TARG
7,Judges,19,12,Judges 19:12,8,עַמְמַיָא,,,,Jonathan,TARG
7,Judges,19,12,Judges 19:12,9,דְלָא,,,,Jonathan,TARG
7,Judges,19,12,Judges 19:12,10,מִבְּנֵי,,,,Jonathan,TARG
7,Judges,19,12,Judges 19:12,11,יִשְׂרָאֵל,,,,Jonathan,TARG
7,Judges,19,12,Judges 19:12,12,אִינוּן,,,,Jonathan,TARG
7,Judges,19,12,Judges 19:12,13,וְנִתְמְטֵי,,,,Jonathan,TARG
7,Judges,19,12,Judges 19:12,14,עַד,,,,Jonathan,TARG
7,Judges,19,12,Judges 19:12,15,גִבְעָתָא:,,,,Jonathan,TARG
7,Judges,19,13,Judges 19:13,1,וַאֲמַר,,,,Jonathan,TARG
7,Judges,19,13,Judges 19:13,2,לְעוּלֵימֵיהּ,,,,Jonathan,TARG
7,Judges,19,13,Judges 19:13,3,אִיתָא,,,,Jonathan,TARG
7,Judges,19,13,Judges 19:13,4,וּנְקָרֵיב,,,,Jonathan,TARG
7,Judges,19,13,Judges 19:13,5,בְּחַד,,,,Jonathan,TARG
7,Judges,19,13,Judges 19:13,6,מִן,,,,Jonathan,TARG
7,Judges,19,13,Judges 19:13,7,אַתְרַיָא,,,,Jonathan,TARG
7,Judges,19,13,Judges 19:13,8,וּנְבִית,,,,Jonathan,TARG
7,Judges,19,13,Judges 19:13,9,בְּגִבְעָתָא,,,,Jonathan,TARG
7,Judges,19,13,Judges 19:13,10,אוֹ,,,,Jonathan,TARG
7,Judges,19,13,Judges 19:13,11,בְרָמָתָא:,,,,Jonathan,TARG
7,Judges,19,14,Judges 19:14,1,וַעֲבָרוּ,,,,Jonathan,TARG
7,Judges,19,14,Judges 19:14,2,וַאֲזַלוּ,,,,Jonathan,TARG
7,Judges,19,14,Judges 19:14,3,וְעָלַת,,,,Jonathan,TARG
7,Judges,19,14,Judges 19:14,4,לְהוֹן,,,,Jonathan,TARG
7,Judges,19,14,Judges 19:14,5,שִׁמְשָׁא,,,,Jonathan,TARG
7,Judges,19,14,Judges 19:14,6,בִּסְטַר,,,,Jonathan,TARG
7,Judges,19,14,Judges 19:14,7,גִבְעֲתָא,,,,Jonathan,TARG
7,Judges,19,14,Judges 19:14,8,דִי,,,,Jonathan,TARG
7,Judges,19,14,Judges 19:14,9,לְשֵׁבֶט,,,,Jonathan,TARG
7,Judges,19,14,Judges 19:14,10,בִנְיָמִין:,,,,Jonathan,TARG
7,Judges,19,15,Judges 19:15,1,וְזָרוּ,,,,Jonathan,TARG
7,Judges,19,15,Judges 19:15,2,לְתַמָן,,,,Jonathan,TARG
7,Judges,19,15,Judges 19:15,3,לְמֵיעַל,,,,Jonathan,TARG
7,Judges,19,15,Judges 19:15,4,לְמֵבַת,,,,Jonathan,TARG
7,Judges,19,15,Judges 19:15,5,בְּגִבְעָתָא,,,,Jonathan,TARG
7,Judges,19,15,Judges 19:15,6,וַאֲתָא,,,,Jonathan,TARG
7,Judges,19,15,Judges 19:15,7,וִיתֵיב,,,,Jonathan,TARG
7,Judges,19,15,Judges 19:15,8,בִּרְחוֹבָא,,,,Jonathan,TARG
7,Judges,19,15,Judges 19:15,9,דְקַרְתָּא,,,,Jonathan,TARG
7,Judges,19,15,Judges 19:15,10,וְלֵית,,,,Jonathan,TARG
7,Judges,19,15,Judges 19:15,11,אֱנָשׁ,,,,Jonathan,TARG
7,Judges,19,15,Judges 19:15,12,דִכְנֵישׁ,,,,Jonathan,TARG
7,Judges,19,15,Judges 19:15,13,יַתְהוֹן,,,,Jonathan,TARG
7,Judges,19,15,Judges 19:15,14,לְבֵיתָא,,,,Jonathan,TARG
7,Judges,19,15,Judges 19:15,15,לִמְבָת:,,,,Jonathan,TARG
7,Judges,19,16,Judges 19:16,1,וְהָא,,,,Jonathan,TARG
7,Judges,19,16,Judges 19:16,2,גַבְרָא,,,,Jonathan,TARG
7,Judges,19,16,Judges 19:16,3,סָבָא,,,,Jonathan,TARG
7,Judges,19,16,Judges 19:16,4,אָתָא,,,,Jonathan,TARG
7,Judges,19,16,Judges 19:16,5,מִן,,,,Jonathan,TARG
7,Judges,19,16,Judges 19:16,6,עִיבִידְתֵּיהּ,,,,Jonathan,TARG
7,Judges,19,16,Judges 19:16,7,מִן,,,,Jonathan,TARG
7,Judges,19,16,Judges 19:16,8,חַקְלָא,,,,Jonathan,TARG
7,Judges,19,16,Judges 19:16,9,בְּרַמְשָׁא,,,,Jonathan,TARG
7,Judges,19,16,Judges 19:16,10,וְגַבְרָא,,,,Jonathan,TARG
7,Judges,19,16,Judges 19:16,11,מִטוּרָא,,,,Jonathan,TARG
7,Judges,19,16,Judges 19:16,12,דְבֵית,,,,Jonathan,TARG
7,Judges,19,16,Judges 19:16,13,אֶפְרַיִם,,,,Jonathan,TARG
7,Judges,19,16,Judges 19:16,14,וְהוּא,,,,Jonathan,TARG
7,Judges,19,16,Judges 19:16,15,דָר,,,,Jonathan,TARG
7,Judges,19,16,Judges 19:16,16,בְּגִבְעָתָא,,,,Jonathan,TARG
7,Judges,19,16,Judges 19:16,17,וֶאֱנָשֵׁי,,,,Jonathan,TARG
7,Judges,19,16,Judges 19:16,18,אַתְרָא,,,,Jonathan,TARG
7,Judges,19,16,Judges 19:16,19,מִן,,,,Jonathan,TARG
7,Judges,19,16,Judges 19:16,20,שִׁבְטָא,,,,Jonathan,TARG
7,Judges,19,16,Judges 19:16,21,דְבֵית,,,,Jonathan,TARG
7,Judges,19,16,Judges 19:16,22,בִּנְיָמִין:,,,,Jonathan,TARG
7,Judges,19,17,Judges 19:17,1,וּזְקֵיף,,,,Jonathan,TARG
7,Judges,19,17,Judges 19:17,2,עֵינוֹהִי,,,,Jonathan,TARG
7,Judges,19,17,Judges 19:17,3,וַחֲזָא,,,,Jonathan,TARG
7,Judges,19,17,Judges 19:17,4,יַת,,,,Jonathan,TARG
7,Judges,19,17,Judges 19:17,5,גַבְרָא,,,,Jonathan,TARG
7,Judges,19,17,Judges 19:17,6,דַאֲרַח,,,,Jonathan,TARG
7,Judges,19,17,Judges 19:17,7,בִּרְחוֹב,,,,Jonathan,TARG
7,Judges,19,17,Judges 19:17,8,קַרְתָּא,,,,Jonathan,TARG
7,Judges,19,17,Judges 19:17,9,וַאֲמַר,,,,Jonathan,TARG
7,Judges,19,17,Judges 19:17,10,גַבְרָא,,,,Jonathan,TARG
7,Judges,19,17,Judges 19:17,11,סָבָא,,,,Jonathan,TARG
7,Judges,19,17,Judges 19:17,12,לְאָן,,,,Jonathan,TARG
7,Judges,19,17,Judges 19:17,13,אַתְּ,,,,Jonathan,TARG
7,Judges,19,17,Judges 19:17,14,אָזִיל,,,,Jonathan,TARG
7,Judges,19,17,Judges 19:17,15,וּמְנָן,,,,Jonathan,TARG
7,Judges,19,17,Judges 19:17,16,אַתְּ,,,,Jonathan,TARG
7,Judges,19,17,Judges 19:17,17,אָתֵי:,,,,Jonathan,TARG
7,Judges,19,18,Judges 19:18,1,וַאֲמַר,,,,Jonathan,TARG
7,Judges,19,18,Judges 19:18,2,לֵיהּ,,,,Jonathan,TARG
7,Judges,19,18,Judges 19:18,3,עָבְרִין,,,,Jonathan,TARG
7,Judges,19,18,Judges 19:18,4,אֲנַחֲנָא,,,,Jonathan,TARG
7,Judges,19,18,Judges 19:18,5,מִבֵּית,,,,Jonathan,TARG
7,Judges,19,18,Judges 19:18,6,לֶחֶם,,,,Jonathan,TARG
7,Judges,19,18,Judges 19:18,7,דְבֵית,,,,Jonathan,TARG
7,Judges,19,18,Judges 19:18,8,יְהוּדָה,,,,Jonathan,TARG
7,Judges,19,18,Judges 19:18,9,עַד,,,,Jonathan,TARG
7,Judges,19,18,Judges 19:18,10,סְיָפֵי,,,,Jonathan,TARG
7,Judges,19,18,Judges 19:18,11,טוּרָא,,,,Jonathan,TARG
7,Judges,19,18,Judges 19:18,12,דְבֵית,,,,Jonathan,TARG
7,Judges,19,18,Judges 19:18,13,אֶפְרַיִם,,,,Jonathan,TARG
7,Judges,19,18,Judges 19:18,14,מִתַּמָן,,,,Jonathan,TARG
7,Judges,19,18,Judges 19:18,15,אֲנָא,,,,Jonathan,TARG
7,Judges,19,18,Judges 19:18,16,וַאֲנָא,,,,Jonathan,TARG
7,Judges,19,18,Judges 19:18,17,אָזֵיל,,,,Jonathan,TARG
7,Judges,19,18,Judges 19:18,18,עַד,,,,Jonathan,TARG
7,Judges,19,18,Judges 19:18,19,בֵּית,,,,Jonathan,TARG
7,Judges,19,18,Judges 19:18,20,לֶחֶם,,,,Jonathan,TARG
7,Judges,19,18,Judges 19:18,21,דְבֵית,,,,Jonathan,TARG
7,Judges,19,18,Judges 19:18,22,יְהוּדָה,,,,Jonathan,TARG
7,Judges,19,18,Judges 19:18,23,וּלְבֵית,,,,Jonathan,TARG
7,Judges,19,18,Judges 19:18,24,מַקְדְשָׁא,,,,Jonathan,TARG
7,Judges,19,18,Judges 19:18,25,דַייָ,,,,Jonathan,TARG
7,Judges,19,18,Judges 19:18,26,אֲנָא,,,,Jonathan,TARG
7,Judges,19,18,Judges 19:18,27,אָזִיל,,,,Jonathan,TARG
7,Judges,19,18,Judges 19:18,28,וְלֵית,,,,Jonathan,TARG
7,Judges,19,18,Judges 19:18,29,אֱנַשׁ,,,,Jonathan,TARG
7,Judges,19,18,Judges 19:18,30,דְכָנֵישׁ,,,,Jonathan,TARG
7,Judges,19,18,Judges 19:18,31,יָתִי,,,,Jonathan,TARG
7,Judges,19,18,Judges 19:18,32,לְבֵיתָא:,,,,Jonathan,TARG
7,Judges,19,19,Judges 19:19,1,וְאַף,,,,Jonathan,TARG
7,Judges,19,19,Judges 19:19,2,תִּבְנָא,,,,Jonathan,TARG
7,Judges,19,19,Judges 19:19,3,וְאַף,,,,Jonathan,TARG
7,Judges,19,19,Judges 19:19,4,כִּסְתָא,,,,Jonathan,TARG
7,Judges,19,19,Judges 19:19,5,אִית,,,,Jonathan,TARG
7,Judges,19,19,Judges 19:19,6,לַחֲמָרָנָא,,,,Jonathan,TARG
7,Judges,19,19,Judges 19:19,7,וְאַף,,,,Jonathan,TARG
7,Judges,19,19,Judges 19:19,8,לְחַם,,,,Jonathan,TARG
7,Judges,19,19,Judges 19:19,9,וַחֲמָר,,,,Jonathan,TARG
7,Judges,19,19,Judges 19:19,10,אִית,,,,Jonathan,TARG
7,Judges,19,19,Judges 19:19,11,לִי,,,,Jonathan,TARG
7,Judges,19,19,Judges 19:19,12,וּלְאַמְתָךְ,,,,Jonathan,TARG
7,Judges,19,19,Judges 19:19,13,וּלְעוּלֵימָא,,,,Jonathan,TARG
7,Judges,19,19,Judges 19:19,14,דְעִם,,,,Jonathan,TARG
7,Judges,19,19,Judges 19:19,15,עַבְדָךְ,,,,Jonathan,TARG
7,Judges,19,19,Judges 19:19,16,לֵית,,,,Jonathan,TARG
7,Judges,19,19,Judges 19:19,17,חוּסְרַן,,,,Jonathan,TARG
7,Judges,19,19,Judges 19:19,18,כָּל,,,,Jonathan,TARG
7,Judges,19,19,Judges 19:19,19,מִדָעַם:,,,,Jonathan,TARG
7,Judges,19,20,Judges 19:20,1,וַאֲמַר,,,,Jonathan,TARG
7,Judges,19,20,Judges 19:20,2,גַבְרָא,,,,Jonathan,TARG
7,Judges,19,20,Judges 19:20,3,סָבָא,,,,Jonathan,TARG
7,Judges,19,20,Judges 19:20,4,שְׁלָם,,,,Jonathan,TARG
7,Judges,19,20,Judges 19:20,5,לָךְ,,,,Jonathan,TARG
7,Judges,19,20,Judges 19:20,6,לְחוֹד,,,,Jonathan,TARG
7,Judges,19,20,Judges 19:20,7,כָּל,,,,Jonathan,TARG
7,Judges,19,20,Judges 19:20,8,חוֹסְרָנָךְ,,,,Jonathan,TARG
7,Judges,19,20,Judges 19:20,9,עָלַי,,,,Jonathan,TARG
7,Judges,19,20,Judges 19:20,10,לְחוֹד,,,,Jonathan,TARG
7,Judges,19,20,Judges 19:20,11,בִּרְחוֹבָא,,,,Jonathan,TARG
7,Judges,19,20,Judges 19:20,12,לָא,,,,Jonathan,TARG
7,Judges,19,20,Judges 19:20,13,תְבִית:,,,,Jonathan,TARG
7,Judges,19,21,Judges 19:21,1,וְאַעֲלֵיהּ,,,,Jonathan,TARG
7,Judges,19,21,Judges 19:21,2,לְבֵיתֵיהּ,,,,Jonathan,TARG
7,Judges,19,21,Judges 19:21,3,וּרְמָא,,,,Jonathan,TARG
7,Judges,19,21,Judges 19:21,4,כִּסְתָא,,,,Jonathan,TARG
7,Judges,19,21,Judges 19:21,5,לַחֲמָרֵיהּ,,,,Jonathan,TARG
7,Judges,19,21,Judges 19:21,6,וְאַסְחוּ,,,,Jonathan,TARG
7,Judges,19,21,Judges 19:21,7,רַגְלֵיהוֹן,,,,Jonathan,TARG
7,Judges,19,21,Judges 19:21,8,וְאָכָלוּ,,,,Jonathan,TARG
7,Judges,19,21,Judges 19:21,9,וְשָׁתִיאוּ:,,,,Jonathan,TARG
7,Judges,19,22,Judges 19:22,1,אִינוּן,,,,Jonathan,TARG
7,Judges,19,22,Judges 19:22,2,מְטִיבִין,,,,Jonathan,TARG
7,Judges,19,22,Judges 19:22,3,יַת,,,,Jonathan,TARG
7,Judges,19,22,Judges 19:22,4,לִבְּהוֹן,,,,Jonathan,TARG
7,Judges,19,22,Judges 19:22,5,וְהָא,,,,Jonathan,TARG
7,Judges,19,22,Judges 19:22,6,אֱנָשֵׁי,,,,Jonathan,TARG
7,Judges,19,22,Judges 19:22,7,קַרְתָּא,,,,Jonathan,TARG
7,Judges,19,22,Judges 19:22,8,גַבְרִין,,,,Jonathan,TARG
7,Judges,19,22,Judges 19:22,9,בְּנֵי,,,,Jonathan,TARG
7,Judges,19,22,Judges 19:22,10,רִשְׁעָא,,,,Jonathan,TARG
7,Judges,19,22,Judges 19:22,11,אַקִיפוּ,,,,Jonathan,TARG
7,Judges,19,22,Judges 19:22,12,יַת,,,,Jonathan,TARG
7,Judges,19,22,Judges 19:22,13,בֵּיתָא,,,,Jonathan,TARG
7,Judges,19,22,Judges 19:22,14,דַחֲקִין,,,,Jonathan,TARG
7,Judges,19,22,Judges 19:22,15,לְמִתְבַּר,,,,Jonathan,TARG
7,Judges,19,22,Judges 19:22,16,דָשָׁא,,,,Jonathan,TARG
7,Judges,19,22,Judges 19:22,17,וַאֲמַרוּ,,,,Jonathan,TARG
7,Judges,19,22,Judges 19:22,18,לְגַבְרָא,,,,Jonathan,TARG
7,Judges,19,22,Judges 19:22,19,מָרֵיהּ,,,,Jonathan,TARG
7,Judges,19,22,Judges 19:22,20,דְבֵיתָא,,,,Jonathan,TARG
7,Judges,19,22,Judges 19:22,21,סָבָא,,,,Jonathan,TARG
7,Judges,19,22,Judges 19:22,22,לְמֵימַר,,,,Jonathan,TARG
7,Judges,19,22,Judges 19:22,23,אַפֵּיק,,,,Jonathan,TARG
7,Judges,19,22,Judges 19:22,24,יַת,,,,Jonathan,TARG
7,Judges,19,22,Judges 19:22,25,גַבְרָא,,,,Jonathan,TARG
7,Judges,19,22,Judges 19:22,26,דְעַל,,,,Jonathan,TARG
7,Judges,19,22,Judges 19:22,27,לְבֵיתָךְ,,,,Jonathan,TARG
7,Judges,19,22,Judges 19:22,28,וְנֵדְעִינֵיהּ:,,,,Jonathan,TARG
7,Judges,19,23,Judges 19:23,1,וּנְפַק,,,,Jonathan,TARG
7,Judges,19,23,Judges 19:23,2,לְוַתְהוֹן,,,,Jonathan,TARG
7,Judges,19,23,Judges 19:23,3,גַבְרָא,,,,Jonathan,TARG
7,Judges,19,23,Judges 19:23,4,מָרֵיהּ,,,,Jonathan,TARG
7,Judges,19,23,Judges 19:23,5,דְבֵיתָא,,,,Jonathan,TARG
7,Judges,19,23,Judges 19:23,6,וַאֲמַר,,,,Jonathan,TARG
7,Judges,19,23,Judges 19:23,7,לְהוֹן,,,,Jonathan,TARG
7,Judges,19,23,Judges 19:23,8,בְּבָעוּ,,,,Jonathan,TARG
7,Judges,19,23,Judges 19:23,9,אֲחַי,,,,Jonathan,TARG
7,Judges,19,23,Judges 19:23,10,לָא,,,,Jonathan,TARG
7,Judges,19,23,Judges 19:23,11,תַבְאֲשׁוּן,,,,Jonathan,TARG
7,Judges,19,23,Judges 19:23,12,כְּעַן,,,,Jonathan,TARG
7,Judges,19,23,Judges 19:23,13,בָּתַר,,,,Jonathan,TARG
7,Judges,19,23,Judges 19:23,14,דְעַל,,,,Jonathan,TARG
7,Judges,19,23,Judges 19:23,15,גַבְרָא,,,,Jonathan,TARG
7,Judges,19,23,Judges 19:23,16,הָדֵין,,,,Jonathan,TARG
7,Judges,19,23,Judges 19:23,17,לְבֵיתִי,,,,Jonathan,TARG
7,Judges,19,23,Judges 19:23,18,לָא,,,,Jonathan,TARG
7,Judges,19,23,Judges 19:23,19,תַעְבְּדוּן,,,,Jonathan,TARG
7,Judges,19,23,Judges 19:23,20,יַת,,,,Jonathan,TARG
7,Judges,19,23,Judges 19:23,21,קְלָנָא,,,,Jonathan,TARG
7,Judges,19,23,Judges 19:23,22,הָדֵין:,,,,Jonathan,TARG
7,Judges,19,24,Judges 19:24,1,הָא,,,,Jonathan,TARG
7,Judges,19,24,Judges 19:24,2,בְרַתִּי,,,,Jonathan,TARG
7,Judges,19,24,Judges 19:24,3,בְתוּלְתָּא,,,,Jonathan,TARG
7,Judges,19,24,Judges 19:24,4,וּלְחֵינָתֵיהּ,,,,Jonathan,TARG
7,Judges,19,24,Judges 19:24,5,אַפֵּיק,,,,Jonathan,TARG
7,Judges,19,24,Judges 19:24,6,כְּעַן,,,,Jonathan,TARG
7,Judges,19,24,Judges 19:24,7,יַתְהֶן,,,,Jonathan,TARG
7,Judges,19,24,Judges 19:24,8,וְעַנוּ,,,,Jonathan,TARG
7,Judges,19,24,Judges 19:24,9,יַתְהֶן,,,,Jonathan,TARG
7,Judges,19,24,Judges 19:24,10,וַעֲבִידוּ,,,,Jonathan,TARG
7,Judges,19,24,Judges 19:24,11,לְהֵן,,,,Jonathan,TARG
7,Judges,19,24,Judges 19:24,12,דְתַקִין,,,,Jonathan,TARG
7,Judges,19,24,Judges 19:24,13,בְּעֵינֵיכוֹן,,,,Jonathan,TARG
7,Judges,19,24,Judges 19:24,14,וּלְגַבְרָא,,,,Jonathan,TARG
7,Judges,19,24,Judges 19:24,15,הָדֵין,,,,Jonathan,TARG
7,Judges,19,24,Judges 19:24,16,לָא,,,,Jonathan,TARG
7,Judges,19,24,Judges 19:24,17,תַעְבְדוּן,,,,Jonathan,TARG
7,Judges,19,24,Judges 19:24,18,עִיסַק,,,,Jonathan,TARG
7,Judges,19,24,Judges 19:24,19,קְלָנָא,,,,Jonathan,TARG
7,Judges,19,24,Judges 19:24,20,הָדֵין:,,,,Jonathan,TARG
7,Judges,19,25,Judges 19:25,1,וְלָא,,,,Jonathan,TARG
7,Judges,19,25,Judges 19:25,2,אָבוּ,,,,Jonathan,TARG
7,Judges,19,25,Judges 19:25,3,גַבְרַיָא,,,,Jonathan,TARG
7,Judges,19,25,Judges 19:25,4,לְקַבָּלָא,,,,Jonathan,TARG
7,Judges,19,25,Judges 19:25,5,מִנֵיהּ,,,,Jonathan,TARG
7,Judges,19,25,Judges 19:25,6,וְאַתְקֵיף,,,,Jonathan,TARG
7,Judges,19,25,Judges 19:25,7,גַבְרָא,,,,Jonathan,TARG
7,Judges,19,25,Judges 19:25,8,בִּלְחֵינָתֵיהּ,,,,Jonathan,TARG
7,Judges,19,25,Judges 19:25,9,וְאַפֵּיק,,,,Jonathan,TARG
7,Judges,19,25,Judges 19:25,10,לְוַתְהוֹן,,,,Jonathan,TARG
7,Judges,19,25,Judges 19:25,11,לְבָּרָא,,,,Jonathan,TARG
7,Judges,19,25,Judges 19:25,12,וִידָעוּ,,,,Jonathan,TARG
7,Judges,19,25,Judges 19:25,13,יָתָהּ,,,,Jonathan,TARG
7,Judges,19,25,Judges 19:25,14,וְאִתְלְעָבוּ,,,,Jonathan,TARG
7,Judges,19,25,Judges 19:25,15,בָהּ,,,,Jonathan,TARG
7,Judges,19,25,Judges 19:25,16,כָּל,,,,Jonathan,TARG
7,Judges,19,25,Judges 19:25,17,לֵילְיָא,,,,Jonathan,TARG
7,Judges,19,25,Judges 19:25,18,עַד,,,,Jonathan,TARG
7,Judges,19,25,Judges 19:25,19,צַפְרָא,,,,Jonathan,TARG
7,Judges,19,25,Judges 19:25,20,וְשַׁלְחוּהָא,,,,Jonathan,TARG
7,Judges,19,25,Judges 19:25,21,כְּמֵיסַק,,,,Jonathan,TARG
7,Judges,19,25,Judges 19:25,22,צַפְרָא:,,,,Jonathan,TARG
7,Judges,19,26,Judges 19:26,1,וַאֲתַת,,,,Jonathan,TARG
7,Judges,19,26,Judges 19:26,2,אִתְּתָא,,,,Jonathan,TARG
7,Judges,19,26,Judges 19:26,3,לְמִפְנֵי,,,,Jonathan,TARG
7,Judges,19,26,Judges 19:26,4,צַפְרָא,,,,Jonathan,TARG
7,Judges,19,26,Judges 19:26,5,וּנְפַלַת,,,,Jonathan,TARG
7,Judges,19,26,Judges 19:26,6,בִּתְרַע,,,,Jonathan,TARG
7,Judges,19,26,Judges 19:26,7,בֵּית,,,,Jonathan,TARG
7,Judges,19,26,Judges 19:26,8,גַבְרָא,,,,Jonathan,TARG
7,Judges,19,26,Judges 19:26,9,דִי,,,,Jonathan,TARG
7,Judges,19,26,Judges 19:26,10,רִבּוֹנָהּ,,,,Jonathan,TARG
7,Judges,19,26,Judges 19:26,11,תַּמָן,,,,Jonathan,TARG
7,Judges,19,26,Judges 19:26,12,עַד,,,,Jonathan,TARG
7,Judges,19,26,Judges 19:26,13,דִי,,,,Jonathan,TARG
7,Judges,19,26,Judges 19:26,14,נְהוֹר:,,,,Jonathan,TARG
7,Judges,19,27,Judges 19:27,1,וְקָם,,,,Jonathan,TARG
7,Judges,19,27,Judges 19:27,2,רִבּוֹנָהָא,,,,Jonathan,TARG
7,Judges,19,27,Judges 19:27,3,בְּצַפְרָא,,,,Jonathan,TARG
7,Judges,19,27,Judges 19:27,4,וּפְתַח,,,,Jonathan,TARG
7,Judges,19,27,Judges 19:27,5,דָשֵׁי,,,,Jonathan,TARG
7,Judges,19,27,Judges 19:27,6,בֵיתָא,,,,Jonathan,TARG
7,Judges,19,27,Judges 19:27,7,וּנְפַק,,,,Jonathan,TARG
7,Judges,19,27,Judges 19:27,8,לְמֵיזַל,,,,Jonathan,TARG
7,Judges,19,27,Judges 19:27,9,לְאָרְחֵיהּ,,,,Jonathan,TARG
7,Judges,19,27,Judges 19:27,10,וְהָא,,,,Jonathan,TARG
7,Judges,19,27,Judges 19:27,11,אִתְּתָא,,,,Jonathan,TARG
7,Judges,19,27,Judges 19:27,12,לְחֵינָתֵיהּ,,,,Jonathan,TARG
7,Judges,19,27,Judges 19:27,13,רַמְיָא,,,,Jonathan,TARG
7,Judges,19,27,Judges 19:27,14,בִּתְרַע,,,,Jonathan,TARG
7,Judges,19,27,Judges 19:27,15,בֵיתָא,,,,Jonathan,TARG
7,Judges,19,27,Judges 19:27,16,וִידָהָא,,,,Jonathan,TARG
7,Judges,19,27,Judges 19:27,17,מַחֲתִין,,,,Jonathan,TARG
7,Judges,19,27,Judges 19:27,18,עַל,,,,Jonathan,TARG
7,Judges,19,27,Judges 19:27,19,סִיפָא:,,,,Jonathan,TARG
7,Judges,19,28,Judges 19:28,1,וַאֲמַר,,,,Jonathan,TARG
7,Judges,19,28,Judges 19:28,2,לָהּ,,,,Jonathan,TARG
7,Judges,19,28,Judges 19:28,3,קוּמִי,,,,Jonathan,TARG
7,Judges,19,28,Judges 19:28,4,וְנֵיזֵיל,,,,Jonathan,TARG
7,Judges,19,28,Judges 19:28,5,וְלָא,,,,Jonathan,TARG
7,Judges,19,28,Judges 19:28,6,מְתִיבָא,,,,Jonathan,TARG
7,Judges,19,28,Judges 19:28,7,וְנַסְבָהּ,,,,Jonathan,TARG
7,Judges,19,28,Judges 19:28,8,עַל,,,,Jonathan,TARG
7,Judges,19,28,Judges 19:28,9,חֲמָרָא,,,,Jonathan,TARG
7,Judges,19,28,Judges 19:28,10,וְקָם,,,,Jonathan,TARG
7,Judges,19,28,Judges 19:28,11,גַבְרָא,,,,Jonathan,TARG
7,Judges,19,28,Judges 19:28,12,וְאַזַל,,,,Jonathan,TARG
7,Judges,19,28,Judges 19:28,13,לְאַתְרֵיהּ:,,,,Jonathan,TARG
7,Judges,19,29,Judges 19:29,1,וַאֲתָא,,,,Jonathan,TARG
7,Judges,19,29,Judges 19:29,2,לְבֵיתֵיהּ,,,,Jonathan,TARG
7,Judges,19,29,Judges 19:29,3,וּנְסִיב,,,,Jonathan,TARG
7,Judges,19,29,Judges 19:29,4,יַת,,,,Jonathan,TARG
7,Judges,19,29,Judges 19:29,5,סַכִּינָא,,,,Jonathan,TARG
7,Judges,19,29,Judges 19:29,6,וְאַתְקֵיף,,,,Jonathan,TARG
7,Judges,19,29,Judges 19:29,7,בִּלְחֵינָתֵיהּ,,,,Jonathan,TARG
7,Judges,19,29,Judges 19:29,8,וְהַדְמָה,,,,Jonathan,TARG
7,Judges,19,29,Judges 19:29,9,לְאֵיבְרָהָא,,,,Jonathan,TARG
7,Judges,19,29,Judges 19:29,10,לִתְרֵי,,,,Jonathan,TARG
7,Judges,19,29,Judges 19:29,11,עֲשַׂר,,,,Jonathan,TARG
7,Judges,19,29,Judges 19:29,12,אֵיבָרִין,,,,Jonathan,TARG
7,Judges,19,29,Judges 19:29,13,וְשַׁלְחָהּ,,,,Jonathan,TARG
7,Judges,19,29,Judges 19:29,14,בְּכָל,,,,Jonathan,TARG
7,Judges,19,29,Judges 19:29,15,תְּחוּם,,,,Jonathan,TARG
7,Judges,19,29,Judges 19:29,16,אֲרַע,,,,Jonathan,TARG
7,Judges,19,29,Judges 19:29,17,דְיִשְׂרָאֵל:,,,,Jonathan,TARG
7,Judges,19,30,Judges 19:30,1,וַהֲוָה,,,,Jonathan,TARG
7,Judges,19,30,Judges 19:30,2,כָּל,,,,Jonathan,TARG
7,Judges,19,30,Judges 19:30,3,דְחָזֵי,,,,Jonathan,TARG
7,Judges,19,30,Judges 19:30,4,וַאֲמַר,,,,Jonathan,TARG
7,Judges,19,30,Judges 19:30,5,לָא,,,,Jonathan,TARG
7,Judges,19,30,Judges 19:30,6,הֲוַת,,,,Jonathan,TARG
7,Judges,19,30,Judges 19:30,7,וְלָא,,,,Jonathan,TARG
7,Judges,19,30,Judges 19:30,8,אִתְחֲזִיאַת,,,,Jonathan,TARG
7,Judges,19,30,Judges 19:30,9,כַּהֲדָא,,,,Jonathan,TARG
7,Judges,19,30,Judges 19:30,10,לְמִן,,,,Jonathan,TARG
7,Judges,19,30,Judges 19:30,11,יוֹמָא,,,,Jonathan,TARG
7,Judges,19,30,Judges 19:30,12,דִי,,,,Jonathan,TARG
7,Judges,19,30,Judges 19:30,13,סְלִיקוּ,,,,Jonathan,TARG
7,Judges,19,30,Judges 19:30,14,בְּנֵי,,,,Jonathan,TARG
7,Judges,19,30,Judges 19:30,15,יִשְׂרָאֵל,,,,Jonathan,TARG
7,Judges,19,30,Judges 19:30,16,מֵאַרְעָא,,,,Jonathan,TARG
7,Judges,19,30,Judges 19:30,17,דְמִצְרָיִם,,,,Jonathan,TARG
7,Judges,19,30,Judges 19:30,18,עַד,,,,Jonathan,TARG
7,Judges,19,30,Judges 19:30,19,יוֹמָא,,,,Jonathan,TARG
7,Judges,19,30,Judges 19:30,20,הָדֵין,,,,Jonathan,TARG
7,Judges,19,30,Judges 19:30,21,שַׁווּ,,,,Jonathan,TARG
7,Judges,19,30,Judges 19:30,22,לִבְּכוֹן,,,,Jonathan,TARG
7,Judges,19,30,Judges 19:30,23,עֲלָהּ,,,,Jonathan,TARG
7,Judges,19,30,Judges 19:30,24,אִתְיַעְצוּ,,,,Jonathan,TARG
7,Judges,19,30,Judges 19:30,25,וּמַלִילוּ:,,,,Jonathan,TARG
7,Judges,20,1,Judges 20:1,1,וּנְפַקוּ,,,,Jonathan,TARG
7,Judges,20,1,Judges 20:1,2,כָּל,,,,Jonathan,TARG
7,Judges,20,1,Judges 20:1,3,בְּנֵי,,,,Jonathan,TARG
7,Judges,20,1,Judges 20:1,4,יִשְׂרָאֵל,,,,Jonathan,TARG
7,Judges,20,1,Judges 20:1,5,וְאִתְכְּנִישַׁת,,,,Jonathan,TARG
7,Judges,20,1,Judges 20:1,6,כְּנִשְׁתָּא,,,,Jonathan,TARG
7,Judges,20,1,Judges 20:1,7,כְגַבְרָא,,,,Jonathan,TARG
7,Judges,20,1,Judges 20:1,8,חָד,,,,Jonathan,TARG
7,Judges,20,1,Judges 20:1,9,לְמִדָן,,,,Jonathan,TARG
7,Judges,20,1,Judges 20:1,10,וְעַד,,,,Jonathan,TARG
7,Judges,20,1,Judges 20:1,11,בְּאֵר,,,,Jonathan,TARG
7,Judges,20,1,Judges 20:1,12,שֶׁבַע,,,,Jonathan,TARG
7,Judges,20,1,Judges 20:1,13,וְאַרְעָא,,,,Jonathan,TARG
7,Judges,20,1,Judges 20:1,14,גִלְעָד,,,,Jonathan,TARG
7,Judges,20,1,Judges 20:1,15,לָקֳדָם,,,,Jonathan,TARG
7,Judges,20,1,Judges 20:1,16,יְיָ,,,,Jonathan,TARG
7,Judges,20,1,Judges 20:1,17,לְמִצְפַּיָא:,,,,Jonathan,TARG
7,Judges,20,2,Judges 20:2,1,וְאִתְעַתָּדוּ,,,,Jonathan,TARG
7,Judges,20,2,Judges 20:2,2,רֵישֵׁי,,,,Jonathan,TARG
7,Judges,20,2,Judges 20:2,3,כָל,,,,Jonathan,TARG
7,Judges,20,2,Judges 20:2,4,עַמָא,,,,Jonathan,TARG
7,Judges,20,2,Judges 20:2,5,כָּל,,,,Jonathan,TARG
7,Judges,20,2,Judges 20:2,6,שִׁבְטַיָא,,,,Jonathan,TARG
7,Judges,20,2,Judges 20:2,7,דְיִשְׂרָאֵל,,,,Jonathan,TARG
7,Judges,20,2,Judges 20:2,8,בִּקְהַל,,,,Jonathan,TARG
7,Judges,20,2,Judges 20:2,9,עַמָא,,,,Jonathan,TARG
7,Judges,20,2,Judges 20:2,10,דַייָ,,,,Jonathan,TARG
7,Judges,20,2,Judges 20:2,11,אַרְבַּע,,,,Jonathan,TARG
7,Judges,20,2,Judges 20:2,12,מְאָה,,,,Jonathan,TARG
7,Judges,20,2,Judges 20:2,13,אַלְפִין,,,,Jonathan,TARG
7,Judges,20,2,Judges 20:2,14,גְבַר,,,,Jonathan,TARG
7,Judges,20,2,Judges 20:2,15,רִגְלֵי,,,,Jonathan,TARG
7,Judges,20,2,Judges 20:2,16,שַׁלְפֵי,,,,Jonathan,TARG
7,Judges,20,2,Judges 20:2,17,סַיְפָא:,,,,Jonathan,TARG
7,Judges,20,3,Judges 20:3,1,וּשְׁמָעוּ,,,,Jonathan,TARG
7,Judges,20,3,Judges 20:3,2,בְּנֵי,,,,Jonathan,TARG
7,Judges,20,3,Judges 20:3,3,בִנְיָמִין,,,,Jonathan,TARG
7,Judges,20,3,Judges 20:3,4,אֲרֵי,,,,Jonathan,TARG
7,Judges,20,3,Judges 20:3,5,סַלִיקוּ,,,,Jonathan,TARG
7,Judges,20,3,Judges 20:3,6,בְנֵי,,,,Jonathan,TARG
7,Judges,20,3,Judges 20:3,7,יִשְׂרָאֵל,,,,Jonathan,TARG
7,Judges,20,3,Judges 20:3,8,לְמִצְפַּיָא,,,,Jonathan,TARG
7,Judges,20,3,Judges 20:3,9,וַאֲמַרוּ,,,,Jonathan,TARG
7,Judges,20,3,Judges 20:3,10,בְּנֵי,,,,Jonathan,TARG
7,Judges,20,3,Judges 20:3,11,יִשְׂרָאֵל,,,,Jonathan,TARG
7,Judges,20,3,Judges 20:3,12,מַלִילוּ,,,,Jonathan,TARG
7,Judges,20,3,Judges 20:3,13,אֵיכְדֵין,,,,Jonathan,TARG
7,Judges,20,3,Judges 20:3,14,הֲוַת,,,,Jonathan,TARG
7,Judges,20,3,Judges 20:3,15,בִּישָׁתָא,,,,Jonathan,TARG
7,Judges,20,3,Judges 20:3,16,הָדָא:,,,,Jonathan,TARG
7,Judges,20,4,Judges 20:4,1,וַאֲתֵיב,,,,Jonathan,TARG
7,Judges,20,4,Judges 20:4,2,גַבְרָא,,,,Jonathan,TARG
7,Judges,20,4,Judges 20:4,3,לֵוָאָה,,,,Jonathan,TARG
7,Judges,20,4,Judges 20:4,4,בַּעֲלָא,,,,Jonathan,TARG
7,Judges,20,4,Judges 20:4,5,דְאִתְּתָא,,,,Jonathan,TARG
7,Judges,20,4,Judges 20:4,6,קְטִלְתָּא,,,,Jonathan,TARG
7,Judges,20,4,Judges 20:4,7,וַאֲמַר,,,,Jonathan,TARG
7,Judges,20,4,Judges 20:4,8,לְגִבְעָתָא,,,,Jonathan,TARG
7,Judges,20,4,Judges 20:4,9,דִי,,,,Jonathan,TARG
7,Judges,20,4,Judges 20:4,10,לְשִׁבְטָא,,,,Jonathan,TARG
7,Judges,20,4,Judges 20:4,11,בִנְיָמִין,,,,Jonathan,TARG
7,Judges,20,4,Judges 20:4,12,עָלִית,,,,Jonathan,TARG
7,Judges,20,4,Judges 20:4,13,אֲנָא,,,,Jonathan,TARG
7,Judges,20,4,Judges 20:4,14,וּלְחֵינָתִי,,,,Jonathan,TARG
7,Judges,20,4,Judges 20:4,15,לִמְבָת:,,,,Jonathan,TARG
7,Judges,20,5,Judges 20:5,1,וְקָמוּ,,,,Jonathan,TARG
7,Judges,20,5,Judges 20:5,2,עֲלַי,,,,Jonathan,TARG
7,Judges,20,5,Judges 20:5,3,יַתְבֵי,,,,Jonathan,TARG
7,Judges,20,5,Judges 20:5,4,גִבְעָתָא,,,,Jonathan,TARG
7,Judges,20,5,Judges 20:5,5,וְאַקִיפוּ,,,,Jonathan,TARG
7,Judges,20,5,Judges 20:5,6,עֲלַי,,,,Jonathan,TARG
7,Judges,20,5,Judges 20:5,7,יַת,,,,Jonathan,TARG
7,Judges,20,5,Judges 20:5,8,בֵּיתָא,,,,Jonathan,TARG
7,Judges,20,5,Judges 20:5,9,בְּלֵילְיָא,,,,Jonathan,TARG
7,Judges,20,5,Judges 20:5,10,עָלַי,,,,Jonathan,TARG
7,Judges,20,5,Judges 20:5,11,חֲשִׁיבוּ,,,,Jonathan,TARG
7,Judges,20,5,Judges 20:5,12,לְמִקְטַל,,,,Jonathan,TARG
7,Judges,20,5,Judges 20:5,13,וְיַת,,,,Jonathan,TARG
7,Judges,20,5,Judges 20:5,14,לְחֵינָתִי,,,,Jonathan,TARG
7,Judges,20,5,Judges 20:5,15,עַנְיוּהָא,,,,Jonathan,TARG
7,Judges,20,5,Judges 20:5,16,וּמִיתַת:,,,,Jonathan,TARG
7,Judges,20,6,Judges 20:6,1,וַאֲחָדִית,,,,Jonathan,TARG
7,Judges,20,6,Judges 20:6,2,בִּלְחֵינָתִי,,,,Jonathan,TARG
7,Judges,20,6,Judges 20:6,3,וְהַדְמִיתָהּ,,,,Jonathan,TARG
7,Judges,20,6,Judges 20:6,4,וּשְׁלַחְתָּהּ,,,,Jonathan,TARG
7,Judges,20,6,Judges 20:6,5,בְּכָל,,,,Jonathan,TARG
7,Judges,20,6,Judges 20:6,6,תְּחוּם,,,,Jonathan,TARG
7,Judges,20,6,Judges 20:6,7,אַחְסָנַת,,,,Jonathan,TARG
7,Judges,20,6,Judges 20:6,8,אַרְעָא,,,,Jonathan,TARG
7,Judges,20,6,Judges 20:6,9,דְיִשְׂרָאֵל,,,,Jonathan,TARG
7,Judges,20,6,Judges 20:6,10,אֲרֵי,,,,Jonathan,TARG
7,Judges,20,6,Judges 20:6,11,עֲבָדוּ,,,,Jonathan,TARG
7,Judges,20,6,Judges 20:6,12,עֵיצַת,,,,Jonathan,TARG
7,Judges,20,6,Judges 20:6,13,חֶטְאִין,,,,Jonathan,TARG
7,Judges,20,6,Judges 20:6,14,וּדְלָא,,,,Jonathan,TARG
7,Judges,20,6,Judges 20:6,15,כָשַׁר,,,,Jonathan,TARG
7,Judges,20,6,Judges 20:6,16,בְּיִשְׂרָאֵל:,,,,Jonathan,TARG
7,Judges,20,7,Judges 20:7,1,הָא,,,,Jonathan,TARG
7,Judges,20,7,Judges 20:7,2,כוּלְכוֹן,,,,Jonathan,TARG
7,Judges,20,7,Judges 20:7,3,בְּנֵי,,,,Jonathan,TARG
7,Judges,20,7,Judges 20:7,4,יִשְׂרָאֵל,,,,Jonathan,TARG
7,Judges,20,7,Judges 20:7,5,הָבוּ,,,,Jonathan,TARG
7,Judges,20,7,Judges 20:7,6,לְכוֹן,,,,Jonathan,TARG
7,Judges,20,7,Judges 20:7,7,פִּתְגָם,,,,Jonathan,TARG
7,Judges,20,7,Judges 20:7,8,וְעֵצָה,,,,Jonathan,TARG
7,Judges,20,7,Judges 20:7,9,הַלְכָא:,,,,Jonathan,TARG
7,Judges,20,8,Judges 20:8,1,וְקָם,,,,Jonathan,TARG
7,Judges,20,8,Judges 20:8,2,כָּל,,,,Jonathan,TARG
7,Judges,20,8,Judges 20:8,3,עַמָא,,,,Jonathan,TARG
7,Judges,20,8,Judges 20:8,4,כְּגַבְרָא,,,,Jonathan,TARG
7,Judges,20,8,Judges 20:8,5,חָד,,,,Jonathan,TARG
7,Judges,20,8,Judges 20:8,6,לְמֵימָר,,,,Jonathan,TARG
7,Judges,20,8,Judges 20:8,7,לָא,,,,Jonathan,TARG
7,Judges,20,8,Judges 20:8,8,נֵיזִיל,,,,Jonathan,TARG
7,Judges,20,8,Judges 20:8,9,גְבַר,,,,Jonathan,TARG
7,Judges,20,8,Judges 20:8,10,לְמַשְׁכְּנֵיהּ,,,,Jonathan,TARG
7,Judges,20,8,Judges 20:8,11,וְלָא,,,,Jonathan,TARG
7,Judges,20,8,Judges 20:8,12,נְזוּר,,,,Jonathan,TARG
7,Judges,20,8,Judges 20:8,13,גְבַר,,,,Jonathan,TARG
7,Judges,20,8,Judges 20:8,14,לְבֵיתֵיהּ:,,,,Jonathan,TARG
7,Judges,20,9,Judges 20:9,1,וּכְעַן,,,,Jonathan,TARG
7,Judges,20,9,Judges 20:9,2,דֵין,,,,Jonathan,TARG
7,Judges,20,9,Judges 20:9,3,פִּתְגָם,,,,Jonathan,TARG
7,Judges,20,9,Judges 20:9,4,דְנַעֲבֵיד,,,,Jonathan,TARG
7,Judges,20,9,Judges 20:9,5,לְגִבְעָתָא,,,,Jonathan,TARG
7,Judges,20,9,Judges 20:9,6,נִתְמַנֵי,,,,Jonathan,TARG
7,Judges,20,9,Judges 20:9,7,עֲלָהּ,,,,Jonathan,TARG
7,Judges,20,9,Judges 20:9,8,בְּעַדְבָא:,,,,Jonathan,TARG
7,Judges,20,10,Judges 20:10,1,וּנְדַבֵּר,,,,Jonathan,TARG
7,Judges,20,10,Judges 20:10,2,עַשְׂרָא,,,,Jonathan,TARG
7,Judges,20,10,Judges 20:10,3,גַבְרִין,,,,Jonathan,TARG
7,Judges,20,10,Judges 20:10,4,לִמְאָה,,,,Jonathan,TARG
7,Judges,20,10,Judges 20:10,5,לְכָל,,,,Jonathan,TARG
7,Judges,20,10,Judges 20:10,6,שִׁבְטַיָא,,,,Jonathan,TARG
7,Judges,20,10,Judges 20:10,7,דְיִשְׂרָאֵל,,,,Jonathan,TARG
7,Judges,20,10,Judges 20:10,8,וּמְאָה,,,,Jonathan,TARG
7,Judges,20,10,Judges 20:10,9,לְאַלְפָא,,,,Jonathan,TARG
7,Judges,20,10,Judges 20:10,10,וְאַלְפָא,,,,Jonathan,TARG
7,Judges,20,10,Judges 20:10,11,לְרִבּוֹתָא,,,,Jonathan,TARG
7,Judges,20,10,Judges 20:10,12,לְמִיסַב,,,,Jonathan,TARG
7,Judges,20,10,Judges 20:10,13,זְוָדִין,,,,Jonathan,TARG
7,Judges,20,10,Judges 20:10,14,לְעַמָא,,,,Jonathan,TARG
7,Judges,20,10,Judges 20:10,15,לְמֶעֱבַּד,,,,Jonathan,TARG
7,Judges,20,10,Judges 20:10,16,לְאַיְתָיוּתְהוֹן,,,,Jonathan,TARG
7,Judges,20,10,Judges 20:10,17,לְגִבְעָתָא,,,,Jonathan,TARG
7,Judges,20,10,Judges 20:10,18,דְבֵית,,,,Jonathan,TARG
7,Judges,20,10,Judges 20:10,19,בִּנְיָמִין,,,,Jonathan,TARG
7,Judges,20,10,Judges 20:10,20,כְּכָל,,,,Jonathan,TARG
7,Judges,20,10,Judges 20:10,21,קְלָנָא,,,,Jonathan,TARG
7,Judges,20,10,Judges 20:10,22,דְאִתְעֲבִיד,,,,Jonathan,TARG
7,Judges,20,10,Judges 20:10,23,בְּיִשְׂרָאֵל:,,,,Jonathan,TARG
7,Judges,20,11,Judges 20:11,1,וְאִתְכְּנִישׁ,,,,Jonathan,TARG
7,Judges,20,11,Judges 20:11,2,כָּל,,,,Jonathan,TARG
7,Judges,20,11,Judges 20:11,3,אֱנַשׁ,,,,Jonathan,TARG
7,Judges,20,11,Judges 20:11,4,יִשְׂרָאֵל,,,,Jonathan,TARG
7,Judges,20,11,Judges 20:11,5,לְקַרְתָּא,,,,Jonathan,TARG
7,Judges,20,11,Judges 20:11,6,כְּגַבְרָא,,,,Jonathan,TARG
7,Judges,20,11,Judges 20:11,7,חַד,,,,Jonathan,TARG
7,Judges,20,11,Judges 20:11,8,שָׁוָן:,,,,Jonathan,TARG
7,Judges,20,12,Judges 20:12,1,וּשְׁלָחוּ,,,,Jonathan,TARG
7,Judges,20,12,Judges 20:12,2,שִׁבְטַיָא,,,,Jonathan,TARG
7,Judges,20,12,Judges 20:12,3,דְיִשְׂרָאֵל,,,,Jonathan,TARG
7,Judges,20,12,Judges 20:12,4,גַבְרִין,,,,Jonathan,TARG
7,Judges,20,12,Judges 20:12,5,בְּכָל,,,,Jonathan,TARG
7,Judges,20,12,Judges 20:12,6,שִׁבְטָא,,,,Jonathan,TARG
7,Judges,20,12,Judges 20:12,7,דְבִנְיָמִין,,,,Jonathan,TARG
7,Judges,20,12,Judges 20:12,8,לְמֵימָר,,,,Jonathan,TARG
7,Judges,20,12,Judges 20:12,9,מַה,,,,Jonathan,TARG
7,Judges,20,12,Judges 20:12,10,בִּישְׁתָא,,,,Jonathan,TARG
7,Judges,20,12,Judges 20:12,11,הָדָא,,,,Jonathan,TARG
7,Judges,20,12,Judges 20:12,12,דַהֲוָת,,,,Jonathan,TARG
7,Judges,20,12,Judges 20:12,13,בְּכוֹן:,,,,Jonathan,TARG
7,Judges,20,13,Judges 20:13,1,וּכְעַן,,,,Jonathan,TARG
7,Judges,20,13,Judges 20:13,2,אַיְתוּ,,,,Jonathan,TARG
7,Judges,20,13,Judges 20:13,3,יַת,,,,Jonathan,TARG
7,Judges,20,13,Judges 20:13,4,גַּבְרַיָא,,,,Jonathan,TARG
7,Judges,20,13,Judges 20:13,5,בְּנֵי,,,,Jonathan,TARG
7,Judges,20,13,Judges 20:13,6,רִשְׁעָא,,,,Jonathan,TARG
7,Judges,20,13,Judges 20:13,7,דִי,,,,Jonathan,TARG
7,Judges,20,13,Judges 20:13,8,בְגִבְעָתָא,,,,Jonathan,TARG
7,Judges,20,13,Judges 20:13,9,וְנִקְטְלִינוּן,,,,Jonathan,TARG
7,Judges,20,13,Judges 20:13,10,וּנְפַלֵי,,,,Jonathan,TARG
7,Judges,20,13,Judges 20:13,11,עָבְדֵי,,,,Jonathan,TARG
7,Judges,20,13,Judges 20:13,12,בִּישְׁתָא,,,,Jonathan,TARG
7,Judges,20,13,Judges 20:13,13,מִיִשְׂרָאֵל,,,,Jonathan,TARG
7,Judges,20,13,Judges 20:13,14,וְלָא,,,,Jonathan,TARG
7,Judges,20,13,Judges 20:13,15,אָבוּ,,,,Jonathan,TARG
7,Judges,20,13,Judges 20:13,16,בְנֵי,,,,Jonathan,TARG
7,Judges,20,13,Judges 20:13,17,בִּנְיָמִין,,,,Jonathan,TARG
7,Judges,20,13,Judges 20:13,18,לְקַבָּלָא,,,,Jonathan,TARG
7,Judges,20,13,Judges 20:13,19,לִמֵימַר,,,,Jonathan,TARG
7,Judges,20,13,Judges 20:13,20,אֲחוּהוֹן,,,,Jonathan,TARG
7,Judges,20,13,Judges 20:13,21,בְּנֵי,,,,Jonathan,TARG
7,Judges,20,13,Judges 20:13,22,יִשְׂרָאֵל:,,,,Jonathan,TARG
7,Judges,20,14,Judges 20:14,1,וְאִתְכְּנִישׁוּ,,,,Jonathan,TARG
7,Judges,20,14,Judges 20:14,2,בְנֵי,,,,Jonathan,TARG
7,Judges,20,14,Judges 20:14,3,בִנְיָמִין,,,,Jonathan,TARG
7,Judges,20,14,Judges 20:14,4,מִן,,,,Jonathan,TARG
7,Judges,20,14,Judges 20:14,5,קִרְוַיָא,,,,Jonathan,TARG
7,Judges,20,14,Judges 20:14,6,לְגִבְעָתָא,,,,Jonathan,TARG
7,Judges,20,14,Judges 20:14,7,לְמִפַּק,,,,Jonathan,TARG
7,Judges,20,14,Judges 20:14,8,לְאַגָחָא,,,,Jonathan,TARG
7,Judges,20,14,Judges 20:14,9,קְרָבָא,,,,Jonathan,TARG
7,Judges,20,14,Judges 20:14,10,עִם,,,,Jonathan,TARG
7,Judges,20,14,Judges 20:14,11,בְּנֵי,,,,Jonathan,TARG
7,Judges,20,14,Judges 20:14,12,יִשְׂרָאֵל:,,,,Jonathan,TARG
7,Judges,20,15,Judges 20:15,1,וְאִתְמְנִיאוּ,,,,Jonathan,TARG
7,Judges,20,15,Judges 20:15,2,בְנֵי,,,,Jonathan,TARG
7,Judges,20,15,Judges 20:15,3,בִנְיָמִין,,,,Jonathan,TARG
7,Judges,20,15,Judges 20:15,4,בְּיוֹמָא,,,,Jonathan,TARG
7,Judges,20,15,Judges 20:15,5,הַהוּא,,,,Jonathan,TARG
7,Judges,20,15,Judges 20:15,6,מִן,,,,Jonathan,TARG
7,Judges,20,15,Judges 20:15,7,קִרְוַיָא,,,,Jonathan,TARG
7,Judges,20,15,Judges 20:15,8,עַסְרִין,,,,Jonathan,TARG
7,Judges,20,15,Judges 20:15,9,וְשִׁיתָּא,,,,Jonathan,TARG
7,Judges,20,15,Judges 20:15,10,אַלְפִין,,,,Jonathan,TARG
7,Judges,20,15,Judges 20:15,11,גַבְרָא,,,,Jonathan,TARG
7,Judges,20,15,Judges 20:15,12,שַׁלְפֵי,,,,Jonathan,TARG
7,Judges,20,15,Judges 20:15,13,סַיְפָא,,,,Jonathan,TARG
7,Judges,20,15,Judges 20:15,14,בַּר,,,,Jonathan,TARG
7,Judges,20,15,Judges 20:15,15,מִיַתְבֵי,,,,Jonathan,TARG
7,Judges,20,15,Judges 20:15,16,גִבְעֲתָא,,,,Jonathan,TARG
7,Judges,20,15,Judges 20:15,17,אִתְמְנִיאוּ,,,,Jonathan,TARG
7,Judges,20,15,Judges 20:15,18,שְׁבַע,,,,Jonathan,TARG
7,Judges,20,15,Judges 20:15,19,מְאָה,,,,Jonathan,TARG
7,Judges,20,15,Judges 20:15,20,גְבַּר,,,,Jonathan,TARG
7,Judges,20,15,Judges 20:15,21,עוּלֵים:,,,,Jonathan,TARG
7,Judges,20,16,Judges 20:16,1,מִכָּל,,,,Jonathan,TARG
7,Judges,20,16,Judges 20:16,2,עַמָא,,,,Jonathan,TARG
7,Judges,20,16,Judges 20:16,3,הָדֵין,,,,Jonathan,TARG
7,Judges,20,16,Judges 20:16,4,שְׁבַע,,,,Jonathan,TARG
7,Judges,20,16,Judges 20:16,5,מְאָה,,,,Jonathan,TARG
7,Judges,20,16,Judges 20:16,6,גְבַר,,,,Jonathan,TARG
7,Judges,20,16,Judges 20:16,7,עוּלֵים,,,,Jonathan,TARG
7,Judges,20,16,Judges 20:16,8,גַבְרָא,,,,Jonathan,TARG
7,Judges,20,16,Judges 20:16,9,גְמִיד,,,,Jonathan,TARG
7,Judges,20,16,Judges 20:16,10,בִּידֵיהּ,,,,Jonathan,TARG
7,Judges,20,16,Judges 20:16,11,דְיַמִינָא,,,,Jonathan,TARG
7,Judges,20,16,Judges 20:16,12,כָּל,,,,Jonathan,TARG
7,Judges,20,16,Judges 20:16,13,אִלֵין,,,,Jonathan,TARG
7,Judges,20,16,Judges 20:16,14,דְשָׁדָן,,,,Jonathan,TARG
7,Judges,20,16,Judges 20:16,15,אַבְנָא,,,,Jonathan,TARG
7,Judges,20,16,Judges 20:16,16,בְקִלְעָא,,,,Jonathan,TARG
7,Judges,20,16,Judges 20:16,17,וּמַרְמָן,,,,Jonathan,TARG
7,Judges,20,16,Judges 20:16,18,בְּבִינַת,,,,Jonathan,TARG
7,Judges,20,16,Judges 20:16,19,שַׂעֲרָא,,,,Jonathan,TARG
7,Judges,20,16,Judges 20:16,20,וְלָא,,,,Jonathan,TARG
7,Judges,20,16,Judges 20:16,21,מְשַׁנָן:,,,,Jonathan,TARG
7,Judges,20,17,Judges 20:17,1,וֶאֱנַשׁ,,,,Jonathan,TARG
7,Judges,20,17,Judges 20:17,2,יִשְׂרָאֵל,,,,Jonathan,TARG
7,Judges,20,17,Judges 20:17,3,אִתְמַנִיאוּ,,,,Jonathan,TARG
7,Judges,20,17,Judges 20:17,4,בַּר,,,,Jonathan,TARG
7,Judges,20,17,Judges 20:17,5,מִדְבֵית,,,,Jonathan,TARG
7,Judges,20,17,Judges 20:17,6,בִּנְיָמִין,,,,Jonathan,TARG
7,Judges,20,17,Judges 20:17,7,אַרְבַּע,,,,Jonathan,TARG
7,Judges,20,17,Judges 20:17,8,מְאָה,,,,Jonathan,TARG
7,Judges,20,17,Judges 20:17,9,אַלְפִין,,,,Jonathan,TARG
7,Judges,20,17,Judges 20:17,10,גַבְרָא,,,,Jonathan,TARG
7,Judges,20,17,Judges 20:17,11,שַׁלְפֵי,,,,Jonathan,TARG
7,Judges,20,17,Judges 20:17,12,סַיְפָא,,,,Jonathan,TARG
7,Judges,20,17,Judges 20:17,13,כָּל,,,,Jonathan,TARG
7,Judges,20,17,Judges 20:17,14,אִלֵין,,,,Jonathan,TARG
7,Judges,20,17,Judges 20:17,15,גַבְרֵי,,,,Jonathan,TARG
7,Judges,20,17,Judges 20:17,16,עָבְדֵי,,,,Jonathan,TARG
7,Judges,20,17,Judges 20:17,17,קְרָבָא:,,,,Jonathan,TARG
7,Judges,20,18,Judges 20:18,1,וְקָמוּ,,,,Jonathan,TARG
7,Judges,20,18,Judges 20:18,2,וּסְלִיקוּ,,,,Jonathan,TARG
7,Judges,20,18,Judges 20:18,3,לְבֵית,,,,Jonathan,TARG
7,Judges,20,18,Judges 20:18,4,אֵל,,,,Jonathan,TARG
7,Judges,20,18,Judges 20:18,5,וּשְׁאִילוּ,,,,Jonathan,TARG
7,Judges,20,18,Judges 20:18,6,בְמֵימְרָא,,,,Jonathan,TARG
7,Judges,20,18,Judges 20:18,7,דַייָ,,,,Jonathan,TARG
7,Judges,20,18,Judges 20:18,8,וַאֲמַרוּ,,,,Jonathan,TARG
7,Judges,20,18,Judges 20:18,9,בְּנֵי,,,,Jonathan,TARG
7,Judges,20,18,Judges 20:18,10,יִשְׂרָאֵל,,,,Jonathan,TARG
7,Judges,20,18,Judges 20:18,11,מַן,,,,Jonathan,TARG
7,Judges,20,18,Judges 20:18,12,יִסַק,,,,Jonathan,TARG
7,Judges,20,18,Judges 20:18,13,לָנָא,,,,Jonathan,TARG
7,Judges,20,18,Judges 20:18,14,בְּקַדְמֵיתָא,,,,Jonathan,TARG
7,Judges,20,18,Judges 20:18,15,לְאַגָחָא,,,,Jonathan,TARG
7,Judges,20,18,Judges 20:18,16,קְרָבָא,,,,Jonathan,TARG
7,Judges,20,18,Judges 20:18,17,עִם,,,,Jonathan,TARG
7,Judges,20,18,Judges 20:18,18,בְּנֵי,,,,Jonathan,TARG
7,Judges,20,18,Judges 20:18,19,בִּנְיָמִין,,,,Jonathan,TARG
7,Judges,20,18,Judges 20:18,20,וַאֲמַר,,,,Jonathan,TARG
7,Judges,20,18,Judges 20:18,21,יְיָ,,,,Jonathan,TARG
7,Judges,20,18,Judges 20:18,22,יְהוּדָה,,,,Jonathan,TARG
7,Judges,20,18,Judges 20:18,23,בְּקַדְמֵיתָא:,,,,Jonathan,TARG
7,Judges,20,19,Judges 20:19,1,וְקָמוּ,,,,Jonathan,TARG
7,Judges,20,19,Judges 20:19,2,בְּנֵי,,,,Jonathan,TARG
7,Judges,20,19,Judges 20:19,3,יִשְׂרָאֵל,,,,Jonathan,TARG
7,Judges,20,19,Judges 20:19,4,בְּצַפְרָא,,,,Jonathan,TARG
7,Judges,20,19,Judges 20:19,5,וּשְׁרוֹ,,,,Jonathan,TARG
7,Judges,20,19,Judges 20:19,6,עַל,,,,Jonathan,TARG
7,Judges,20,19,Judges 20:19,7,גִבְעָתָא:,,,,Jonathan,TARG
7,Judges,20,20,Judges 20:20,1,וּנְפַק,,,,Jonathan,TARG
7,Judges,20,20,Judges 20:20,2,אֱנַשׁ,,,,Jonathan,TARG
7,Judges,20,20,Judges 20:20,3,יִשְׂרָאֵל,,,,Jonathan,TARG
7,Judges,20,20,Judges 20:20,4,לְאַגָחָא,,,,Jonathan,TARG
7,Judges,20,20,Judges 20:20,5,קְרָבָא,,,,Jonathan,TARG
7,Judges,20,20,Judges 20:20,6,עִם,,,,Jonathan,TARG
7,Judges,20,20,Judges 20:20,7,דְבֵית,,,,Jonathan,TARG
7,Judges,20,20,Judges 20:20,8,בִּנְיָמִין,,,,Jonathan,TARG
7,Judges,20,20,Judges 20:20,9,וְסַדַרוּ,,,,Jonathan,TARG
7,Judges,20,20,Judges 20:20,10,עִמְהוֹן,,,,Jonathan,TARG
7,Judges,20,20,Judges 20:20,11,אֱנַשׁ,,,,Jonathan,TARG
7,Judges,20,20,Judges 20:20,12,יִשְׂרָאֵל,,,,Jonathan,TARG
7,Judges,20,20,Judges 20:20,13,קְרָבָא,,,,Jonathan,TARG
7,Judges,20,20,Judges 20:20,14,עַל,,,,Jonathan,TARG
7,Judges,20,20,Judges 20:20,15,גִבְעָתָא:,,,,Jonathan,TARG
7,Judges,20,21,Judges 20:21,1,וּנְפַקוּ,,,,Jonathan,TARG
7,Judges,20,21,Judges 20:21,2,בְנֵי,,,,Jonathan,TARG
7,Judges,20,21,Judges 20:21,3,בִנְיָמִין,,,,Jonathan,TARG
7,Judges,20,21,Judges 20:21,4,מִן,,,,Jonathan,TARG
7,Judges,20,21,Judges 20:21,5,גִבְעָתָא,,,,Jonathan,TARG
7,Judges,20,21,Judges 20:21,6,וְחַבִּילוּ,,,,Jonathan,TARG
7,Judges,20,21,Judges 20:21,7,בְּיִשְׂרָאֵל,,,,Jonathan,TARG
7,Judges,20,21,Judges 20:21,8,בְּיוֹמָא,,,,Jonathan,TARG
7,Judges,20,21,Judges 20:21,9,הַהוּא,,,,Jonathan,TARG
7,Judges,20,21,Judges 20:21,10,עַסְרִין,,,,Jonathan,TARG
7,Judges,20,21,Judges 20:21,11,וּתְרֵין,,,,Jonathan,TARG
7,Judges,20,21,Judges 20:21,12,אַלְפִין,,,,Jonathan,TARG
7,Judges,20,21,Judges 20:21,13,גַבְרָא,,,,Jonathan,TARG
7,Judges,20,21,Judges 20:21,14,קְטִילִין,,,,Jonathan,TARG
7,Judges,20,21,Judges 20:21,15,רְמָן,,,,Jonathan,TARG
7,Judges,20,21,Judges 20:21,16,לְאַרְעָא:,,,,Jonathan,TARG
7,Judges,20,22,Judges 20:22,1,וְאִתְקֵף,,,,Jonathan,TARG
7,Judges,20,22,Judges 20:22,2,עַמָא,,,,Jonathan,TARG
7,Judges,20,22,Judges 20:22,3,אֱנַשׁ,,,,Jonathan,TARG
7,Judges,20,22,Judges 20:22,4,יִשְׂרָאֵל,,,,Jonathan,TARG
7,Judges,20,22,Judges 20:22,5,וְאוֹסִיפוּ,,,,Jonathan,TARG
7,Judges,20,22,Judges 20:22,6,לְסַדָרָא,,,,Jonathan,TARG
7,Judges,20,22,Judges 20:22,7,קְרָבָא,,,,Jonathan,TARG
7,Judges,20,22,Judges 20:22,8,בְּאַתְרָא,,,,Jonathan,TARG
7,Judges,20,22,Judges 20:22,9,דְסַדַרוּ,,,,Jonathan,TARG
7,Judges,20,22,Judges 20:22,10,תַּמָן,,,,Jonathan,TARG
7,Judges,20,22,Judges 20:22,11,בְּיוֹמָא,,,,Jonathan,TARG
7,Judges,20,22,Judges 20:22,12,קַדְמָאָה:,,,,Jonathan,TARG
7,Judges,20,23,Judges 20:23,1,וּסְלִיקוּ,,,,Jonathan,TARG
7,Judges,20,23,Judges 20:23,2,בְנֵי,,,,Jonathan,TARG
7,Judges,20,23,Judges 20:23,3,יִשְׂרָאֵל,,,,Jonathan,TARG
7,Judges,20,23,Judges 20:23,4,וּבְכוֹ,,,,Jonathan,TARG
7,Judges,20,23,Judges 20:23,5,קֳדָם,,,,Jonathan,TARG
7,Judges,20,23,Judges 20:23,6,יְיָ,,,,Jonathan,TARG
7,Judges,20,23,Judges 20:23,7,עַד,,,,Jonathan,TARG
7,Judges,20,23,Judges 20:23,8,רַמְשָׁא,,,,Jonathan,TARG
7,Judges,20,23,Judges 20:23,9,וּשְׁאִילוּ,,,,Jonathan,TARG
7,Judges,20,23,Judges 20:23,10,בְמֵימְרָא,,,,Jonathan,TARG
7,Judges,20,23,Judges 20:23,11,דַייָ,,,,Jonathan,TARG
7,Judges,20,23,Judges 20:23,12,לְמֵימַר,,,,Jonathan,TARG
7,Judges,20,23,Judges 20:23,13,הַאוֹסִיף,,,,Jonathan,TARG
7,Judges,20,23,Judges 20:23,14,לְמִקְרַב,,,,Jonathan,TARG
7,Judges,20,23,Judges 20:23,15,לְאַגָחָא,,,,Jonathan,TARG
7,Judges,20,23,Judges 20:23,16,קְרָבָא,,,,Jonathan,TARG
7,Judges,20,23,Judges 20:23,17,עִם,,,,Jonathan,TARG
7,Judges,20,23,Judges 20:23,18,בְּנֵי,,,,Jonathan,TARG
7,Judges,20,23,Judges 20:23,19,בִנְיָמִין,,,,Jonathan,TARG
7,Judges,20,23,Judges 20:23,20,אֲחִי,,,,Jonathan,TARG
7,Judges,20,23,Judges 20:23,21,וַאֲמַר,,,,Jonathan,TARG
7,Judges,20,23,Judges 20:23,22,יְיָ,,,,Jonathan,TARG
7,Judges,20,23,Judges 20:23,23,סַקוּ,,,,Jonathan,TARG
7,Judges,20,23,Judges 20:23,24,עֲלֵיהוֹן:,,,,Jonathan,TARG
7,Judges,20,24,Judges 20:24,1,וּקְרִיבוּ,,,,Jonathan,TARG
7,Judges,20,24,Judges 20:24,2,בְּנֵי,,,,Jonathan,TARG
7,Judges,20,24,Judges 20:24,3,יִשְׂרָאֵל,,,,Jonathan,TARG
7,Judges,20,24,Judges 20:24,4,לְוַת,,,,Jonathan,TARG
7,Judges,20,24,Judges 20:24,5,בְּנֵי,,,,Jonathan,TARG
7,Judges,20,24,Judges 20:24,6,בִנְיָמִין,,,,Jonathan,TARG
7,Judges,20,24,Judges 20:24,7,בְּיוֹמָא,,,,Jonathan,TARG
7,Judges,20,24,Judges 20:24,8,תִּנְיָנָא:,,,,Jonathan,TARG
7,Judges,20,25,Judges 20:25,1,וּנְפַק,,,,Jonathan,TARG
7,Judges,20,25,Judges 20:25,2,בִּנְיָמִין,,,,Jonathan,TARG
7,Judges,20,25,Judges 20:25,3,לִקֳדָמוּתְהוֹן,,,,Jonathan,TARG
7,Judges,20,25,Judges 20:25,4,מִן,,,,Jonathan,TARG
7,Judges,20,25,Judges 20:25,5,גִבְעֲתָא,,,,Jonathan,TARG
7,Judges,20,25,Judges 20:25,6,בְּיוֹמָא,,,,Jonathan,TARG
7,Judges,20,25,Judges 20:25,7,תִּנְיָנָא,,,,Jonathan,TARG
7,Judges,20,25,Judges 20:25,8,וְחַבִּילוּ,,,,Jonathan,TARG
7,Judges,20,25,Judges 20:25,9,בִּבְנֵי,,,,Jonathan,TARG
7,Judges,20,25,Judges 20:25,10,יִשְׂרָאֵל,,,,Jonathan,TARG
7,Judges,20,25,Judges 20:25,11,עוֹד,,,,Jonathan,TARG
7,Judges,20,25,Judges 20:25,12,תַּמְנַת,,,,Jonathan,TARG
7,Judges,20,25,Judges 20:25,13,עֲסַר,,,,Jonathan,TARG
7,Judges,20,25,Judges 20:25,14,אַלְפִין,,,,Jonathan,TARG
7,Judges,20,25,Judges 20:25,15,גַבְרָא,,,,Jonathan,TARG
7,Judges,20,25,Judges 20:25,16,קְטִילִין,,,,Jonathan,TARG
7,Judges,20,25,Judges 20:25,17,רְמָן,,,,Jonathan,TARG
7,Judges,20,25,Judges 20:25,18,לְאַרְעָא,,,,Jonathan,TARG
7,Judges,20,25,Judges 20:25,19,כָּל,,,,Jonathan,TARG
7,Judges,20,25,Judges 20:25,20,אִלֵין,,,,Jonathan,TARG
7,Judges,20,25,Judges 20:25,21,שַׁלְפֵי,,,,Jonathan,TARG
7,Judges,20,25,Judges 20:25,22,סַיְפָא:,,,,Jonathan,TARG
7,Judges,20,26,Judges 20:26,1,וּסְלִיקוּ,,,,Jonathan,TARG
7,Judges,20,26,Judges 20:26,2,כָּל,,,,Jonathan,TARG
7,Judges,20,26,Judges 20:26,3,בְּנֵי,,,,Jonathan,TARG
7,Judges,20,26,Judges 20:26,4,יִשְׂרָאֵל,,,,Jonathan,TARG
7,Judges,20,26,Judges 20:26,5,וְכָל,,,,Jonathan,TARG
7,Judges,20,26,Judges 20:26,6,עַמָא,,,,Jonathan,TARG
7,Judges,20,26,Judges 20:26,7,וַאֲתוֹ,,,,Jonathan,TARG
7,Judges,20,26,Judges 20:26,8,לְבֵית,,,,Jonathan,TARG
7,Judges,20,26,Judges 20:26,9,אֵל,,,,Jonathan,TARG
7,Judges,20,26,Judges 20:26,10,וּבְכוֹ,,,,Jonathan,TARG
7,Judges,20,26,Judges 20:26,11,וִיתִיבוּ,,,,Jonathan,TARG
7,Judges,20,26,Judges 20:26,12,תַמָן,,,,Jonathan,TARG
7,Judges,20,26,Judges 20:26,13,קֳדָם,,,,Jonathan,TARG
7,Judges,20,26,Judges 20:26,14,יְיָ,,,,Jonathan,TARG
7,Judges,20,26,Judges 20:26,15,וְצָמוּ,,,,Jonathan,TARG
7,Judges,20,26,Judges 20:26,16,בְּיוֹמָא,,,,Jonathan,TARG
7,Judges,20,26,Judges 20:26,17,הַהוּא,,,,Jonathan,TARG
7,Judges,20,26,Judges 20:26,18,עַד,,,,Jonathan,TARG
7,Judges,20,26,Judges 20:26,19,רַמְשָׁא,,,,Jonathan,TARG
7,Judges,20,26,Judges 20:26,20,וַאֲסִיקוּ,,,,Jonathan,TARG
7,Judges,20,26,Judges 20:26,21,עֲלַוָן,,,,Jonathan,TARG
7,Judges,20,26,Judges 20:26,22,וְנִכְסַת,,,,Jonathan,TARG
7,Judges,20,26,Judges 20:26,23,קוּדְשִׁין,,,,Jonathan,TARG
7,Judges,20,26,Judges 20:26,24,קֳדָם,,,,Jonathan,TARG
7,Judges,20,26,Judges 20:26,25,יְיָ:,,,,Jonathan,TARG
7,Judges,20,27,Judges 20:27,1,וּשְׁאִילוּ,,,,Jonathan,TARG
7,Judges,20,27,Judges 20:27,2,בְנֵי,,,,Jonathan,TARG
7,Judges,20,27,Judges 20:27,3,יִשְׂרָאֵל,,,,Jonathan,TARG
7,Judges,20,27,Judges 20:27,4,בְּמֵימְרָא,,,,Jonathan,TARG
7,Judges,20,27,Judges 20:27,5,דַייָ,,,,Jonathan,TARG
7,Judges,20,27,Judges 20:27,6,וְתַמָן,,,,Jonathan,TARG
7,Judges,20,27,Judges 20:27,7,אֲרוֹן,,,,Jonathan,TARG
7,Judges,20,27,Judges 20:27,8,קְיָמָא,,,,Jonathan,TARG
7,Judges,20,27,Judges 20:27,9,דַייָ,,,,Jonathan,TARG
7,Judges,20,27,Judges 20:27,10,בְּיוֹמַיָא,,,,Jonathan,TARG
7,Judges,20,27,Judges 20:27,11,הָאִנוּן:,,,,Jonathan,TARG
7,Judges,20,28,Judges 20:28,1,וּפִינְחָס,,,,Jonathan,TARG
7,Judges,20,28,Judges 20:28,2,בַּר,,,,Jonathan,TARG
7,Judges,20,28,Judges 20:28,3,אֶלְעָזָר,,,,Jonathan,TARG
7,Judges,20,28,Judges 20:28,4,בַּר,,,,Jonathan,TARG
7,Judges,20,28,Judges 20:28,5,אַהֲרֹן,,,,Jonathan,TARG
7,Judges,20,28,Judges 20:28,6,קָאִים,,,,Jonathan,TARG
7,Judges,20,28,Judges 20:28,7,קֳדָמוֹהִי,,,,Jonathan,TARG
7,Judges,20,28,Judges 20:28,8,בְּיוֹמַיָא,,,,Jonathan,TARG
7,Judges,20,28,Judges 20:28,9,הָאִנוּן,,,,Jonathan,TARG
7,Judges,20,28,Judges 20:28,10,לְמֵימָר,,,,Jonathan,TARG
7,Judges,20,28,Judges 20:28,11,הַאוֹסֵף,,,,Jonathan,TARG
7,Judges,20,28,Judges 20:28,12,עוֹד,,,,Jonathan,TARG
7,Judges,20,28,Judges 20:28,13,לְמִפַּק,,,,Jonathan,TARG
7,Judges,20,28,Judges 20:28,14,לְאַגָחָא,,,,Jonathan,TARG
7,Judges,20,28,Judges 20:28,15,קְרָבָא,,,,Jonathan,TARG
7,Judges,20,28,Judges 20:28,16,עִם,,,,Jonathan,TARG
7,Judges,20,28,Judges 20:28,17,בְּנֵי,,,,Jonathan,TARG
7,Judges,20,28,Judges 20:28,18,בִּנְיָמִין,,,,Jonathan,TARG
7,Judges,20,28,Judges 20:28,19,אָחִי,,,,Jonathan,TARG
7,Judges,20,28,Judges 20:28,20,אִם,,,,Jonathan,TARG
7,Judges,20,28,Judges 20:28,21,אִתְמְנַע,,,,Jonathan,TARG
7,Judges,20,28,Judges 20:28,22,וַאֲמַר,,,,Jonathan,TARG
7,Judges,20,28,Judges 20:28,23,יְיָ,,,,Jonathan,TARG
7,Judges,20,28,Judges 20:28,24,סַקוּ,,,,Jonathan,TARG
7,Judges,20,28,Judges 20:28,25,אֲרֵי,,,,Jonathan,TARG
7,Judges,20,28,Judges 20:28,26,מְחָר,,,,Jonathan,TARG
7,Judges,20,28,Judges 20:28,27,אֶמְסָרִינוּן,,,,Jonathan,TARG
7,Judges,20,28,Judges 20:28,28,בִּידָךְ:,,,,Jonathan,TARG
7,Judges,20,29,Judges 20:29,1,וְשַׁוִי,,,,Jonathan,TARG
7,Judges,20,29,Judges 20:29,2,יִשְׂרָאֵל,,,,Jonathan,TARG
7,Judges,20,29,Judges 20:29,3,כְּמָנִין,,,,Jonathan,TARG
7,Judges,20,29,Judges 20:29,4,עַל,,,,Jonathan,TARG
7,Judges,20,29,Judges 20:29,5,גִבְעֲתָא,,,,Jonathan,TARG
7,Judges,20,29,Judges 20:29,6,סְחוֹר,,,,Jonathan,TARG
7,Judges,20,29,Judges 20:29,7,סְחוֹר:,,,,Jonathan,TARG
7,Judges,20,30,Judges 20:30,1,וּסְלִיקוּ,,,,Jonathan,TARG
7,Judges,20,30,Judges 20:30,2,בְנֵי,,,,Jonathan,TARG
7,Judges,20,30,Judges 20:30,3,יִשְׂרָאֵל,,,,Jonathan,TARG
7,Judges,20,30,Judges 20:30,4,לְוַת,,,,Jonathan,TARG
7,Judges,20,30,Judges 20:30,5,בְּנֵי,,,,Jonathan,TARG
7,Judges,20,30,Judges 20:30,6,בִנְיָמִין,,,,Jonathan,TARG
7,Judges,20,30,Judges 20:30,7,בְּיוֹמָא,,,,Jonathan,TARG
7,Judges,20,30,Judges 20:30,8,תְּלִיתָאָה,,,,Jonathan,TARG
7,Judges,20,30,Judges 20:30,9,וְסַדָרוּ,,,,Jonathan,TARG
7,Judges,20,30,Judges 20:30,10,קְרָבָא,,,,Jonathan,TARG
7,Judges,20,30,Judges 20:30,11,עַל,,,,Jonathan,TARG
7,Judges,20,30,Judges 20:30,12,גִבְעֲתָא,,,,Jonathan,TARG
7,Judges,20,30,Judges 20:30,13,כִּזְמַן,,,,Jonathan,TARG
7,Judges,20,30,Judges 20:30,14,בִּזְמָן:,,,,Jonathan,TARG
7,Judges,20,31,Judges 20:31,1,וּנְפָקוּ,,,,Jonathan,TARG
7,Judges,20,31,Judges 20:31,2,בְּנֵי,,,,Jonathan,TARG
7,Judges,20,31,Judges 20:31,3,בִּנְיָמִין,,,,Jonathan,TARG
7,Judges,20,31,Judges 20:31,4,לִקְדָמוּת,,,,Jonathan,TARG
7,Judges,20,31,Judges 20:31,5,עַמָא,,,,Jonathan,TARG
7,Judges,20,31,Judges 20:31,6,אִתְנְגִידוּ,,,,Jonathan,TARG
7,Judges,20,31,Judges 20:31,7,מִן,,,,Jonathan,TARG
7,Judges,20,31,Judges 20:31,8,קַרְתָּא,,,,Jonathan,TARG
7,Judges,20,31,Judges 20:31,9,וּשְׁרִיאוּ,,,,Jonathan,TARG
7,Judges,20,31,Judges 20:31,10,לְקַטָלָא,,,,Jonathan,TARG
7,Judges,20,31,Judges 20:31,11,מֵעַמָא,,,,Jonathan,TARG
7,Judges,20,31,Judges 20:31,12,קְטִילִין,,,,Jonathan,TARG
7,Judges,20,31,Judges 20:31,13,כִּזְמַן,,,,Jonathan,TARG
7,Judges,20,31,Judges 20:31,14,בִּזְמָן,,,,Jonathan,TARG
7,Judges,20,31,Judges 20:31,15,בִּכְבֵשׁ,,,,Jonathan,TARG
7,Judges,20,31,Judges 20:31,16,אָרְחָתָא,,,,Jonathan,TARG
7,Judges,20,31,Judges 20:31,17,דַחֲדָא,,,,Jonathan,TARG
7,Judges,20,31,Judges 20:31,18,סַלְקָא,,,,Jonathan,TARG
7,Judges,20,31,Judges 20:31,19,לְבֵית,,,,Jonathan,TARG
7,Judges,20,31,Judges 20:31,20,אֵל,,,,Jonathan,TARG
7,Judges,20,31,Judges 20:31,21,וַחֲדָא,,,,Jonathan,TARG
7,Judges,20,31,Judges 20:31,22,לְגִבְעֲתָא,,,,Jonathan,TARG
7,Judges,20,31,Judges 20:31,23,בְּחַקְלָא,,,,Jonathan,TARG
7,Judges,20,31,Judges 20:31,24,כִּתְלָתִין,,,,Jonathan,TARG
7,Judges,20,31,Judges 20:31,25,גַבְרָא,,,,Jonathan,TARG
7,Judges,20,31,Judges 20:31,26,בְּיִשְׂרָאֵל:,,,,Jonathan,TARG
7,Judges,20,32,Judges 20:32,1,וַאֲמַרוּ,,,,Jonathan,TARG
7,Judges,20,32,Judges 20:32,2,בְּנֵי,,,,Jonathan,TARG
7,Judges,20,32,Judges 20:32,3,בִּנְיָמִין,,,,Jonathan,TARG
7,Judges,20,32,Judges 20:32,4,תְּבִירִין,,,,Jonathan,TARG
7,Judges,20,32,Judges 20:32,5,אִנוּן,,,,Jonathan,TARG
7,Judges,20,32,Judges 20:32,6,קֳדָמָנָא,,,,Jonathan,TARG
7,Judges,20,32,Judges 20:32,7,כִּדְבְּקַדְמֵיתָא,,,,Jonathan,TARG
7,Judges,20,32,Judges 20:32,8,וּבְנֵי,,,,Jonathan,TARG
7,Judges,20,32,Judges 20:32,9,יִשְׂרָאֵל,,,,Jonathan,TARG
7,Judges,20,32,Judges 20:32,10,אֲמַרוּ,,,,Jonathan,TARG
7,Judges,20,32,Judges 20:32,11,נְפַךְ,,,,Jonathan,TARG
7,Judges,20,32,Judges 20:32,12,וְנִגוֹדִנּוּן,,,,Jonathan,TARG
7,Judges,20,32,Judges 20:32,13,מִן,,,,Jonathan,TARG
7,Judges,20,32,Judges 20:32,14,קַרְתָּא,,,,Jonathan,TARG
7,Judges,20,32,Judges 20:32,15,לְכִבְשַׁיָא:,,,,Jonathan,TARG
7,Judges,20,33,Judges 20:33,1,וְכָל,,,,Jonathan,TARG
7,Judges,20,33,Judges 20:33,2,אֱנַשׁ,,,,Jonathan,TARG
7,Judges,20,33,Judges 20:33,3,יִשְׂרָאֵל,,,,Jonathan,TARG
7,Judges,20,33,Judges 20:33,4,קָמוּ,,,,Jonathan,TARG
7,Judges,20,33,Judges 20:33,5,מֵאַתְרֵיהוֹן,,,,Jonathan,TARG
7,Judges,20,33,Judges 20:33,6,וְסַדָרוּ,,,,Jonathan,TARG
7,Judges,20,33,Judges 20:33,7,קְרָבָא,,,,Jonathan,TARG
7,Judges,20,33,Judges 20:33,8,בְּמֵישְׁרֵי,,,,Jonathan,TARG
7,Judges,20,33,Judges 20:33,9,יְרִיחוֹ,,,,Jonathan,TARG
7,Judges,20,33,Judges 20:33,10,וּכְמָנָא,,,,Jonathan,TARG
7,Judges,20,33,Judges 20:33,11,יִשְׂרָאֵל,,,,Jonathan,TARG
7,Judges,20,33,Judges 20:33,12,מַגִיחַ,,,,Jonathan,TARG
7,Judges,20,33,Judges 20:33,13,מֵאַתְרֵיהּ,,,,Jonathan,TARG
7,Judges,20,33,Judges 20:33,14,מִמֵישַׁר,,,,Jonathan,TARG
7,Judges,20,33,Judges 20:33,15,גִבְעָתָא:,,,,Jonathan,TARG
7,Judges,20,34,Judges 20:34,1,וַאֲתוֹ,,,,Jonathan,TARG
7,Judges,20,34,Judges 20:34,2,מִדָרוֹם,,,,Jonathan,TARG
7,Judges,20,34,Judges 20:34,3,לְגִבְעָתָא,,,,Jonathan,TARG
7,Judges,20,34,Judges 20:34,4,עַסְרָא,,,,Jonathan,TARG
7,Judges,20,34,Judges 20:34,5,אַלְפִין,,,,Jonathan,TARG
7,Judges,20,34,Judges 20:34,6,גְבַר,,,,Jonathan,TARG
7,Judges,20,34,Judges 20:34,7,עוּלֵים,,,,Jonathan,TARG
7,Judges,20,34,Judges 20:34,8,מִכָּל,,,,Jonathan,TARG
7,Judges,20,34,Judges 20:34,9,יִשְׂרָאֵל,,,,Jonathan,TARG
7,Judges,20,34,Judges 20:34,10,וְעָבְדֵי,,,,Jonathan,TARG
7,Judges,20,34,Judges 20:34,11,קְרָבָא,,,,Jonathan,TARG
7,Judges,20,34,Judges 20:34,12,תַקִיפוּ,,,,Jonathan,TARG
7,Judges,20,34,Judges 20:34,13,וְאִנוּן,,,,Jonathan,TARG
7,Judges,20,34,Judges 20:34,14,לָא,,,,Jonathan,TARG
7,Judges,20,34,Judges 20:34,15,יָדְעִין,,,,Jonathan,TARG
7,Judges,20,34,Judges 20:34,16,אֲרֵי,,,,Jonathan,TARG
7,Judges,20,34,Judges 20:34,17,קְרִיבַת,,,,Jonathan,TARG
7,Judges,20,34,Judges 20:34,18,דְתֵיתֵי,,,,Jonathan,TARG
7,Judges,20,34,Judges 20:34,19,לְהוֹן,,,,Jonathan,TARG
7,Judges,20,34,Judges 20:34,20,בִּישְׁתָּא:,,,,Jonathan,TARG
7,Judges,20,35,Judges 20:35,1,וְתַבֵּר,,,,Jonathan,TARG
7,Judges,20,35,Judges 20:35,2,יְיָ,,,,Jonathan,TARG
7,Judges,20,35,Judges 20:35,3,יַת,,,,Jonathan,TARG
7,Judges,20,35,Judges 20:35,4,בִּנְיָמִין,,,,Jonathan,TARG
7,Judges,20,35,Judges 20:35,5,קֳדָם,,,,Jonathan,TARG
7,Judges,20,35,Judges 20:35,6,יִשְׂרָאֵל,,,,Jonathan,TARG
7,Judges,20,35,Judges 20:35,7,וְחַבִּילוּ,,,,Jonathan,TARG
7,Judges,20,35,Judges 20:35,8,בְּנֵי,,,,Jonathan,TARG
7,Judges,20,35,Judges 20:35,9,יִשְׂרָאֵל,,,,Jonathan,TARG
7,Judges,20,35,Judges 20:35,10,בִּדְבֵית,,,,Jonathan,TARG
7,Judges,20,35,Judges 20:35,11,בִּנְיָמִין,,,,Jonathan,TARG
7,Judges,20,35,Judges 20:35,12,בְּיוֹמָא,,,,Jonathan,TARG
7,Judges,20,35,Judges 20:35,13,הַהוּא,,,,Jonathan,TARG
7,Judges,20,35,Judges 20:35,14,עַסְרִין,,,,Jonathan,TARG
7,Judges,20,35,Judges 20:35,15,וְחַמְשָׁא,,,,Jonathan,TARG
7,Judges,20,35,Judges 20:35,16,אַלְפִין,,,,Jonathan,TARG
7,Judges,20,35,Judges 20:35,17,וּמֵאָה,,,,Jonathan,TARG
7,Judges,20,35,Judges 20:35,18,גַבְרָא,,,,Jonathan,TARG
7,Judges,20,35,Judges 20:35,19,כָּל,,,,Jonathan,TARG
7,Judges,20,35,Judges 20:35,20,אִלֵין,,,,Jonathan,TARG
7,Judges,20,35,Judges 20:35,21,שַׁלְפֵי,,,,Jonathan,TARG
7,Judges,20,35,Judges 20:35,22,סַיְפָא:,,,,Jonathan,TARG
7,Judges,20,36,Judges 20:36,1,וַחֲזוֹ,,,,Jonathan,TARG
7,Judges,20,36,Judges 20:36,2,בְנֵי,,,,Jonathan,TARG
7,Judges,20,36,Judges 20:36,3,בִנְיָמִין,,,,Jonathan,TARG
7,Judges,20,36,Judges 20:36,4,אֲרֵי,,,,Jonathan,TARG
7,Judges,20,36,Judges 20:36,5,אִתְבָּרוּ,,,,Jonathan,TARG
7,Judges,20,36,Judges 20:36,6,וִיהֲבוּ,,,,Jonathan,TARG
7,Judges,20,36,Judges 20:36,7,אֱנַשׁ,,,,Jonathan,TARG
7,Judges,20,36,Judges 20:36,8,יִשְׂרָאֵל,,,,Jonathan,TARG
7,Judges,20,36,Judges 20:36,9,אֲתַר,,,,Jonathan,TARG
7,Judges,20,36,Judges 20:36,10,לְבִנְיָמִין,,,,Jonathan,TARG
7,Judges,20,36,Judges 20:36,11,אֲרֵי,,,,Jonathan,TARG
7,Judges,20,36,Judges 20:36,12,אִתְרְחִיצוּ,,,,Jonathan,TARG
7,Judges,20,36,Judges 20:36,13,עַל,,,,Jonathan,TARG
7,Judges,20,36,Judges 20:36,14,כְּמָנָא,,,,Jonathan,TARG
7,Judges,20,36,Judges 20:36,15,דְשַׁוִיאוּ,,,,Jonathan,TARG
7,Judges,20,36,Judges 20:36,16,עַל,,,,Jonathan,TARG
7,Judges,20,36,Judges 20:36,17,גִבְעֲתָא:,,,,Jonathan,TARG
7,Judges,20,37,Judges 20:37,1,וּכְמָנָא,,,,Jonathan,TARG
7,Judges,20,37,Judges 20:37,2,אוֹחִי,,,,Jonathan,TARG
7,Judges,20,37,Judges 20:37,3,וְאִתְנְגִיד,,,,Jonathan,TARG
7,Judges,20,37,Judges 20:37,4,עַל,,,,Jonathan,TARG
7,Judges,20,37,Judges 20:37,5,גִבְעֲתָא,,,,Jonathan,TARG
7,Judges,20,37,Judges 20:37,6,וְאִתְנְגִיד,,,,Jonathan,TARG
7,Judges,20,37,Judges 20:37,7,כְּמָנָא,,,,Jonathan,TARG
7,Judges,20,37,Judges 20:37,8,וּמְחָא,,,,Jonathan,TARG
7,Judges,20,37,Judges 20:37,9,יַת,,,,Jonathan,TARG
7,Judges,20,37,Judges 20:37,10,כָּל,,,,Jonathan,TARG
7,Judges,20,37,Judges 20:37,11,קַרְתָּא,,,,Jonathan,TARG
7,Judges,20,37,Judges 20:37,12,לְפִּתְּגָם,,,,Jonathan,TARG
7,Judges,20,37,Judges 20:37,13,דְחָרֶב:,,,,Jonathan,TARG
7,Judges,20,38,Judges 20:38,1,וְזִמְנָא,,,,Jonathan,TARG
7,Judges,20,38,Judges 20:38,2,הֲוָה,,,,Jonathan,TARG
7,Judges,20,38,Judges 20:38,3,מְתַקֵן,,,,Jonathan,TARG
7,Judges,20,38,Judges 20:38,4,לֶאֱנַשׁ,,,,Jonathan,TARG
7,Judges,20,38,Judges 20:38,5,יִשְׂרָאֵל,,,,Jonathan,TARG
7,Judges,20,38,Judges 20:38,6,עִם,,,,Jonathan,TARG
7,Judges,20,38,Judges 20:38,7,כְּמָנָא,,,,Jonathan,TARG
7,Judges,20,38,Judges 20:38,8,דְיִסְגוּן,,,,Jonathan,TARG
7,Judges,20,38,Judges 20:38,9,לְאַסָקוּתְהוֹן,,,,Jonathan,TARG
7,Judges,20,38,Judges 20:38,10,יְטוּר,,,,Jonathan,TARG
7,Judges,20,38,Judges 20:38,11,דִתְנָן,,,,Jonathan,TARG
7,Judges,20,38,Judges 20:38,12,מִן,,,,Jonathan,TARG
7,Judges,20,38,Judges 20:38,13,קַרְתָּא:,,,,Jonathan,TARG
7,Judges,20,39,Judges 20:39,1,וְאִתְחֲזַר,,,,Jonathan,TARG
7,Judges,20,39,Judges 20:39,2,אֱנַשׁ,,,,Jonathan,TARG
7,Judges,20,39,Judges 20:39,3,יִשְׂרָאֵל,,,,Jonathan,TARG
7,Judges,20,39,Judges 20:39,4,בִּקְרָבָא,,,,Jonathan,TARG
7,Judges,20,39,Judges 20:39,5,וּדְבֵית,,,,Jonathan,TARG
7,Judges,20,39,Judges 20:39,6,בִּנְיָמִין,,,,Jonathan,TARG
7,Judges,20,39,Judges 20:39,7,שְׁרִיאוּ,,,,Jonathan,TARG
7,Judges,20,39,Judges 20:39,8,לְקַטָלָא,,,,Jonathan,TARG
7,Judges,20,39,Judges 20:39,9,קְטִילַיָא,,,,Jonathan,TARG
7,Judges,20,39,Judges 20:39,10,בֶאֱנַשׁ,,,,Jonathan,TARG
7,Judges,20,39,Judges 20:39,11,יִשְׂרָאֵל,,,,Jonathan,TARG
7,Judges,20,39,Judges 20:39,12,כִּתְלָתִין,,,,Jonathan,TARG
7,Judges,20,39,Judges 20:39,13,גַבְרָא,,,,Jonathan,TARG
7,Judges,20,39,Judges 20:39,14,אֲרֵי,,,,Jonathan,TARG
7,Judges,20,39,Judges 20:39,15,אֲמַרוּ,,,,Jonathan,TARG
7,Judges,20,39,Judges 20:39,16,בְּרַם,,,,Jonathan,TARG
7,Judges,20,39,Judges 20:39,17,מִתְּבַר,,,,Jonathan,TARG
7,Judges,20,39,Judges 20:39,18,תְּבִירִין,,,,Jonathan,TARG
7,Judges,20,39,Judges 20:39,19,אִנוּן,,,,Jonathan,TARG
7,Judges,20,39,Judges 20:39,20,קֳדָמָנָא,,,,Jonathan,TARG
7,Judges,20,39,Judges 20:39,21,כִּקְרָבָא,,,,Jonathan,TARG
7,Judges,20,39,Judges 20:39,22,קַדְמָאָה:,,,,Jonathan,TARG
7,Judges,20,40,Judges 20:40,1,וּתְנָנָא,,,,Jonathan,TARG
7,Judges,20,40,Judges 20:40,2,שְׁרֵי,,,,Jonathan,TARG
7,Judges,20,40,Judges 20:40,3,לְאַסָקָא,,,,Jonathan,TARG
7,Judges,20,40,Judges 20:40,4,מִן,,,,Jonathan,TARG
7,Judges,20,40,Judges 20:40,5,קַרְתָּא,,,,Jonathan,TARG
7,Judges,20,40,Judges 20:40,6,יְטוּר,,,,Jonathan,TARG
7,Judges,20,40,Judges 20:40,7,דִתְנָן,,,,Jonathan,TARG
7,Judges,20,40,Judges 20:40,8,וְאִתְפְּנִיאוּ,,,,Jonathan,TARG
7,Judges,20,40,Judges 20:40,9,דְּבֵית,,,,Jonathan,TARG
7,Judges,20,40,Judges 20:40,10,בִּנְיָמִין,,,,Jonathan,TARG
7,Judges,20,40,Judges 20:40,11,בַּתְרֵיהוֹן,,,,Jonathan,TARG
7,Judges,20,40,Judges 20:40,12,וְהָא,,,,Jonathan,TARG
7,Judges,20,40,Judges 20:40,13,סְלִיק,,,,Jonathan,TARG
7,Judges,20,40,Judges 20:40,14,תְּנָנָא,,,,Jonathan,TARG
7,Judges,20,40,Judges 20:40,15,דְקַרְתָּא,,,,Jonathan,TARG
7,Judges,20,40,Judges 20:40,16,לְצֵית,,,,Jonathan,TARG
7,Judges,20,40,Judges 20:40,17,שְׁמַיָא:,,,,Jonathan,TARG
7,Judges,20,41,Judges 20:41,1,וֶאֱנַשׁ,,,,Jonathan,TARG
7,Judges,20,41,Judges 20:41,2,יִשְׂרָאֵל,,,,Jonathan,TARG
7,Judges,20,41,Judges 20:41,3,אִתְחַזֵר,,,,Jonathan,TARG
7,Judges,20,41,Judges 20:41,4,וְאִתְבְּהֵיל,,,,Jonathan,TARG
7,Judges,20,41,Judges 20:41,5,אֱנַשׁ,,,,Jonathan,TARG
7,Judges,20,41,Judges 20:41,6,בִּנְיָמִין,,,,Jonathan,TARG
7,Judges,20,41,Judges 20:41,7,אֲרֵי,,,,Jonathan,TARG
7,Judges,20,41,Judges 20:41,8,חֲזָא,,,,Jonathan,TARG
7,Judges,20,41,Judges 20:41,9,אֲרֵי,,,,Jonathan,TARG
7,Judges,20,41,Judges 20:41,10,קְרִיבַת,,,,Jonathan,TARG
7,Judges,20,41,Judges 20:41,11,דִתֵיתֵי,,,,Jonathan,TARG
7,Judges,20,41,Judges 20:41,12,לְהוֹן,,,,Jonathan,TARG
7,Judges,20,41,Judges 20:41,13,בִּישְׁתָּא:,,,,Jonathan,TARG
7,Judges,20,42,Judges 20:42,1,וְאִתְפְּנִיאוּ,,,,Jonathan,TARG
7,Judges,20,42,Judges 20:42,2,קֳדָם,,,,Jonathan,TARG
7,Judges,20,42,Judges 20:42,3,אֱנָשׁ,,,,Jonathan,TARG
7,Judges,20,42,Judges 20:42,4,יִשְׂרָאֵל,,,,Jonathan,TARG
7,Judges,20,42,Judges 20:42,5,לְאוֹרַח,,,,Jonathan,TARG
7,Judges,20,42,Judges 20:42,6,מַדְבְּרָא,,,,Jonathan,TARG
7,Judges,20,42,Judges 20:42,7,וְעָבְדֵי,,,,Jonathan,TARG
7,Judges,20,42,Judges 20:42,8,קְרָבָא,,,,Jonathan,TARG
7,Judges,20,42,Judges 20:42,9,אַדְבִּיקוּנוּן,,,,Jonathan,TARG
7,Judges,20,42,Judges 20:42,10,וֶאֱנָשׁ,,,,Jonathan,TARG
7,Judges,20,42,Judges 20:42,11,כְּמָנָא,,,,Jonathan,TARG
7,Judges,20,42,Judges 20:42,12,קָמוּ,,,,Jonathan,TARG
7,Judges,20,42,Judges 20:42,13,מִקִרְוֵיהוֹן,,,,Jonathan,TARG
7,Judges,20,42,Judges 20:42,14,קָטְלִין,,,,Jonathan,TARG
7,Judges,20,42,Judges 20:42,15,בְּהוֹן,,,,Jonathan,TARG
7,Judges,20,42,Judges 20:42,16,מִכָּא,,,,Jonathan,TARG
7,Judges,20,42,Judges 20:42,17,וּמִכָּא:,,,,Jonathan,TARG
7,Judges,20,43,Judges 20:43,1,טַלְטִילוּ,,,,Jonathan,TARG
7,Judges,20,43,Judges 20:43,2,יַת,,,,Jonathan,TARG
7,Judges,20,43,Judges 20:43,3,דְבֵית,,,,Jonathan,TARG
7,Judges,20,43,Judges 20:43,4,בִּנְיָמִין,,,,Jonathan,TARG
7,Judges,20,43,Judges 20:43,5,רְדָפוּנוּן,,,,Jonathan,TARG
7,Judges,20,43,Judges 20:43,6,מִבֵּית,,,,Jonathan,TARG
7,Judges,20,43,Judges 20:43,7,נְיַחֲהוֹן,,,,Jonathan,TARG
7,Judges,20,43,Judges 20:43,8,טְרָדוּנוּן,,,,Jonathan,TARG
7,Judges,20,43,Judges 20:43,9,עַד,,,,Jonathan,TARG
7,Judges,20,43,Judges 20:43,10,לָקֳבֵיל,,,,Jonathan,TARG
7,Judges,20,43,Judges 20:43,11,גִבְעֲתָא,,,,Jonathan,TARG
7,Judges,20,43,Judges 20:43,12,מִמַדְנַח,,,,Jonathan,TARG
7,Judges,20,43,Judges 20:43,13,שִׁמְשָׁא:,,,,Jonathan,TARG
7,Judges,20,44,Judges 20:44,1,וְאִתְקְטָלוּ,,,,Jonathan,TARG
7,Judges,20,44,Judges 20:44,2,מִדְבֵית,,,,Jonathan,TARG
7,Judges,20,44,Judges 20:44,3,בִּנְיָמִין,,,,Jonathan,TARG
7,Judges,20,44,Judges 20:44,4,תַּמְנַת,,,,Jonathan,TARG
7,Judges,20,44,Judges 20:44,5,עֲסַר,,,,Jonathan,TARG
7,Judges,20,44,Judges 20:44,6,אַלְפִין,,,,Jonathan,TARG
7,Judges,20,44,Judges 20:44,7,גַבְרָא,,,,Jonathan,TARG
7,Judges,20,44,Judges 20:44,8,יַת,,,,Jonathan,TARG
7,Judges,20,44,Judges 20:44,9,כָּל,,,,Jonathan,TARG
7,Judges,20,44,Judges 20:44,10,אִלֵין,,,,Jonathan,TARG
7,Judges,20,44,Judges 20:44,11,גַבְרָא,,,,Jonathan,TARG
7,Judges,20,44,Judges 20:44,12,עַבְדֵי,,,,Jonathan,TARG
7,Judges,20,44,Judges 20:44,13,קְרָבָא:,,,,Jonathan,TARG
7,Judges,20,45,Judges 20:45,1,וְאִתְפְּנִיאוּ,,,,Jonathan,TARG
7,Judges,20,45,Judges 20:45,2,וְאַפִּיכוּ,,,,Jonathan,TARG
7,Judges,20,45,Judges 20:45,3,לְמַדְבְּרָא,,,,Jonathan,TARG
7,Judges,20,45,Judges 20:45,4,לְכֵיף,,,,Jonathan,TARG
7,Judges,20,45,Judges 20:45,5,רִמוֹן,,,,Jonathan,TARG
7,Judges,20,45,Judges 20:45,6,וְאִטַמָרוּ,,,,Jonathan,TARG
7,Judges,20,45,Judges 20:45,7,בְּכִיבְשַׁיָא,,,,Jonathan,TARG
7,Judges,20,45,Judges 20:45,8,חַמְשָׁא,,,,Jonathan,TARG
7,Judges,20,45,Judges 20:45,9,אַלְפִין,,,,Jonathan,TARG
7,Judges,20,45,Judges 20:45,10,גַבְרָא,,,,Jonathan,TARG
7,Judges,20,45,Judges 20:45,11,וְאַדְבִּיקוּ,,,,Jonathan,TARG
7,Judges,20,45,Judges 20:45,12,בַתְרֵיהוֹן,,,,Jonathan,TARG
7,Judges,20,45,Judges 20:45,13,עַד,,,,Jonathan,TARG
7,Judges,20,45,Judges 20:45,14,גִדְעֹם,,,,Jonathan,TARG
7,Judges,20,45,Judges 20:45,15,וּקְטִילוּ,,,,Jonathan,TARG
7,Judges,20,45,Judges 20:45,16,מִנְהוֹן,,,,Jonathan,TARG
7,Judges,20,45,Judges 20:45,17,תְּרֵין,,,,Jonathan,TARG
7,Judges,20,45,Judges 20:45,18,אַלְפִין,,,,Jonathan,TARG
7,Judges,20,45,Judges 20:45,19,גַבְרָא:,,,,Jonathan,TARG
7,Judges,20,46,Judges 20:46,1,וַהֲווֹ,,,,Jonathan,TARG
7,Judges,20,46,Judges 20:46,2,כָּל,,,,Jonathan,TARG
7,Judges,20,46,Judges 20:46,3,דְאִתְקְטִילוּ,,,,Jonathan,TARG
7,Judges,20,46,Judges 20:46,4,מִדְבֵית,,,,Jonathan,TARG
7,Judges,20,46,Judges 20:46,5,בִּנְיָמִין,,,,Jonathan,TARG
7,Judges,20,46,Judges 20:46,6,עַסְרִין,,,,Jonathan,TARG
7,Judges,20,46,Judges 20:46,7,וְחַמְשָׁא,,,,Jonathan,TARG
7,Judges,20,46,Judges 20:46,8,אַלְפִין,,,,Jonathan,TARG
7,Judges,20,46,Judges 20:46,9,גַבְרָא,,,,Jonathan,TARG
7,Judges,20,46,Judges 20:46,10,שַׁלְפֵי,,,,Jonathan,TARG
7,Judges,20,46,Judges 20:46,11,סַיְפָא,,,,Jonathan,TARG
7,Judges,20,46,Judges 20:46,12,בְּיוֹמָא,,,,Jonathan,TARG
7,Judges,20,46,Judges 20:46,13,הַהוּא,,,,Jonathan,TARG
7,Judges,20,46,Judges 20:46,14,יַת,,,,Jonathan,TARG
7,Judges,20,46,Judges 20:46,15,כָּל,,,,Jonathan,TARG
7,Judges,20,46,Judges 20:46,16,אִלֵין,,,,Jonathan,TARG
7,Judges,20,46,Judges 20:46,17,גַבְרֵי,,,,Jonathan,TARG
7,Judges,20,46,Judges 20:46,18,עָבְדֵי,,,,Jonathan,TARG
7,Judges,20,46,Judges 20:46,19,קְרָבָא:,,,,Jonathan,TARG
7,Judges,20,47,Judges 20:47,1,וְאִתְפְּנִיאוּ,,,,Jonathan,TARG
7,Judges,20,47,Judges 20:47,2,וְאַפִּיכוּ,,,,Jonathan,TARG
7,Judges,20,47,Judges 20:47,3,לְמַדְבְּרָא,,,,Jonathan,TARG
7,Judges,20,47,Judges 20:47,4,לְכֵיף,,,,Jonathan,TARG
7,Judges,20,47,Judges 20:47,5,רִמוֹן,,,,Jonathan,TARG
7,Judges,20,47,Judges 20:47,6,שִׁית,,,,Jonathan,TARG
7,Judges,20,47,Judges 20:47,7,מְאָה,,,,Jonathan,TARG
7,Judges,20,47,Judges 20:47,8,גַבְרָא,,,,Jonathan,TARG
7,Judges,20,47,Judges 20:47,9,וִיתִיבוּ,,,,Jonathan,TARG
7,Judges,20,47,Judges 20:47,10,בְּכֵיף,,,,Jonathan,TARG
7,Judges,20,47,Judges 20:47,11,רִמוֹן,,,,Jonathan,TARG
7,Judges,20,47,Judges 20:47,12,אַרְבְּעָא,,,,Jonathan,TARG
7,Judges,20,47,Judges 20:47,13,יַרְחִין:,,,,Jonathan,TARG
7,Judges,20,48,Judges 20:48,1,וֶאֱנַשׁ,,,,Jonathan,TARG
7,Judges,20,48,Judges 20:48,2,יִשְׂרָאֵל,,,,Jonathan,TARG
7,Judges,20,48,Judges 20:48,3,תָּבוּ,,,,Jonathan,TARG
7,Judges,20,48,Judges 20:48,4,לְוַת,,,,Jonathan,TARG
7,Judges,20,48,Judges 20:48,5,בְּנֵי,,,,Jonathan,TARG
7,Judges,20,48,Judges 20:48,6,בִנְיָמִין,,,,Jonathan,TARG
7,Judges,20,48,Judges 20:48,7,וּמְחוֹנוּן,,,,Jonathan,TARG
7,Judges,20,48,Judges 20:48,8,לְפִּתְגַם,,,,Jonathan,TARG
7,Judges,20,48,Judges 20:48,9,דְחָרֶב,,,,Jonathan,TARG
7,Judges,20,48,Judges 20:48,10,מִקִרְוֵיהוֹן,,,,Jonathan,TARG
7,Judges,20,48,Judges 20:48,11,גַמְרִינוּן,,,,Jonathan,TARG
7,Judges,20,48,Judges 20:48,12,עַד,,,,Jonathan,TARG
7,Judges,20,48,Judges 20:48,13,בְּעִירָא,,,,Jonathan,TARG
7,Judges,20,48,Judges 20:48,14,עַד,,,,Jonathan,TARG
7,Judges,20,48,Judges 20:48,15,כָּל,,,,Jonathan,TARG
7,Judges,20,48,Judges 20:48,16,דְאִשְׁתְּכַח,,,,Jonathan,TARG
7,Judges,20,48,Judges 20:48,17,אַף,,,,Jonathan,TARG
7,Judges,20,48,Judges 20:48,18,כָּל,,,,Jonathan,TARG
7,Judges,20,48,Judges 20:48,19,קִרְוַיָא,,,,Jonathan,TARG
7,Judges,20,48,Judges 20:48,20,דְאִשְׁתַּכָּחָא,,,,Jonathan,TARG
7,Judges,20,48,Judges 20:48,21,אוֹקִידוּ,,,,Jonathan,TARG
7,Judges,20,48,Judges 20:48,22,בְּנוּרָא:,,,,Jonathan,TARG
7,Judges,21,1,Judges 21:1,1,וֶאֱנַשׁ,,,,Jonathan,TARG
7,Judges,21,1,Judges 21:1,2,יִשְׂרָאֵל,,,,Jonathan,TARG
7,Judges,21,1,Judges 21:1,3,קַיֵם,,,,Jonathan,TARG
7,Judges,21,1,Judges 21:1,4,בְּמִצְפַּיָא,,,,Jonathan,TARG
7,Judges,21,1,Judges 21:1,5,לְמֵימָר,,,,Jonathan,TARG
7,Judges,21,1,Judges 21:1,6,אֱנַשׁ,,,,Jonathan,TARG
7,Judges,21,1,Judges 21:1,7,מִנָנָא,,,,Jonathan,TARG
7,Judges,21,1,Judges 21:1,8,לָא,,,,Jonathan,TARG
7,Judges,21,1,Judges 21:1,9,יִתֵּן,,,,Jonathan,TARG
7,Judges,21,1,Judges 21:1,10,בְּרַתֵּיהּ,,,,Jonathan,TARG
7,Judges,21,1,Judges 21:1,11,לִדְבֵית,,,,Jonathan,TARG
7,Judges,21,1,Judges 21:1,12,בִּנְיָמִין,,,,Jonathan,TARG
7,Judges,21,1,Judges 21:1,13,לְאִתּוּ:,,,,Jonathan,TARG
7,Judges,21,2,Judges 21:2,1,וַאֲתָא,,,,Jonathan,TARG
7,Judges,21,2,Judges 21:2,2,עַמָא,,,,Jonathan,TARG
7,Judges,21,2,Judges 21:2,3,לְבֵית,,,,Jonathan,TARG
7,Judges,21,2,Judges 21:2,4,אֵל,,,,Jonathan,TARG
7,Judges,21,2,Judges 21:2,5,וִיתִיבוּ,,,,Jonathan,TARG
7,Judges,21,2,Judges 21:2,6,תַמָן,,,,Jonathan,TARG
7,Judges,21,2,Judges 21:2,7,עַד,,,,Jonathan,TARG
7,Judges,21,2,Judges 21:2,8,רַמְשָׁא,,,,Jonathan,TARG
7,Judges,21,2,Judges 21:2,9,קֳדָם,,,,Jonathan,TARG
7,Judges,21,2,Judges 21:2,10,יְיָ,,,,Jonathan,TARG
7,Judges,21,2,Judges 21:2,11,וַאֲרִימוּ,,,,Jonathan,TARG
7,Judges,21,2,Judges 21:2,12,קָלְהוֹן,,,,Jonathan,TARG
7,Judges,21,2,Judges 21:2,13,וּבְכוֹ,,,,Jonathan,TARG
7,Judges,21,2,Judges 21:2,14,בְּכִי,,,,Jonathan,TARG
7,Judges,21,2,Judges 21:2,15,סַגְיָא:,,,,Jonathan,TARG
7,Judges,21,3,Judges 21:3,1,וַאֲמֵרוּ,,,,Jonathan,TARG
7,Judges,21,3,Judges 21:3,2,לְמָא,,,,Jonathan,TARG
7,Judges,21,3,Judges 21:3,3,יְיָ,,,,Jonathan,TARG
7,Judges,21,3,Judges 21:3,4,אֱלָהָא,,,,Jonathan,TARG
7,Judges,21,3,Judges 21:3,5,דְיִשְׂרָאֵל,,,,Jonathan,TARG
7,Judges,21,3,Judges 21:3,6,הֲוַת,,,,Jonathan,TARG
7,Judges,21,3,Judges 21:3,7,דָא,,,,Jonathan,TARG
7,Judges,21,3,Judges 21:3,8,בְּיִשְׂרָאֵל,,,,Jonathan,TARG
7,Judges,21,3,Judges 21:3,9,לְמִשְׁגֵי,,,,Jonathan,TARG
7,Judges,21,3,Judges 21:3,10,יוֹמָא,,,,Jonathan,TARG
7,Judges,21,3,Judges 21:3,11,דֵין,,,,Jonathan,TARG
7,Judges,21,3,Judges 21:3,12,מִיִשְׂרָאֵל,,,,Jonathan,TARG
7,Judges,21,3,Judges 21:3,13,שִׁבְטָא,,,,Jonathan,TARG
7,Judges,21,3,Judges 21:3,14,חָד:,,,,Jonathan,TARG
7,Judges,21,4,Judges 21:4,1,וַהֲוָה,,,,Jonathan,TARG
7,Judges,21,4,Judges 21:4,2,מִיוֹמָא,,,,Jonathan,TARG
7,Judges,21,4,Judges 21:4,3,דְבַתְרוֹהִי,,,,Jonathan,TARG
7,Judges,21,4,Judges 21:4,4,וְאַקְדִימוּ,,,,Jonathan,TARG
7,Judges,21,4,Judges 21:4,5,עַמָא,,,,Jonathan,TARG
7,Judges,21,4,Judges 21:4,6,וּבְנוֹ,,,,Jonathan,TARG
7,Judges,21,4,Judges 21:4,7,תַמָן,,,,Jonathan,TARG
7,Judges,21,4,Judges 21:4,8,מַדְבְּחָא,,,,Jonathan,TARG
7,Judges,21,4,Judges 21:4,9,וְאַסִיקוּ,,,,Jonathan,TARG
7,Judges,21,4,Judges 21:4,10,עֲלַוָן,,,,Jonathan,TARG
7,Judges,21,4,Judges 21:4,11,וְנִכְסַת,,,,Jonathan,TARG
7,Judges,21,4,Judges 21:4,12,קוּדְשִׁין:,,,,Jonathan,TARG
7,Judges,21,5,Judges 21:5,1,וַאֲמַרוּ,,,,Jonathan,TARG
7,Judges,21,5,Judges 21:5,2,בְּנֵי,,,,Jonathan,TARG
7,Judges,21,5,Judges 21:5,3,יִשְׂרָאֵל,,,,Jonathan,TARG
7,Judges,21,5,Judges 21:5,4,מַן,,,,Jonathan,TARG
7,Judges,21,5,Judges 21:5,5,דְלָא,,,,Jonathan,TARG
7,Judges,21,5,Judges 21:5,6,סְלִיק,,,,Jonathan,TARG
7,Judges,21,5,Judges 21:5,7,בִּקְהָלָא,,,,Jonathan,TARG
7,Judges,21,5,Judges 21:5,8,מִכָּל,,,,Jonathan,TARG
7,Judges,21,5,Judges 21:5,9,שִׁבְטַיָא,,,,Jonathan,TARG
7,Judges,21,5,Judges 21:5,10,דְיִשְׂרָאֵל,,,,Jonathan,TARG
7,Judges,21,5,Judges 21:5,11,לָקֳדָם,,,,Jonathan,TARG
7,Judges,21,5,Judges 21:5,12,יְיָ,,,,Jonathan,TARG
7,Judges,21,5,Judges 21:5,13,אֲרֵי,,,,Jonathan,TARG
7,Judges,21,5,Judges 21:5,14,שְׁבוּעֲתָא,,,,Jonathan,TARG
7,Judges,21,5,Judges 21:5,15,רַבְּתָא,,,,Jonathan,TARG
7,Judges,21,5,Judges 21:5,16,הֲוַת,,,,Jonathan,TARG
7,Judges,21,5,Judges 21:5,17,לִדְלָא,,,,Jonathan,TARG
7,Judges,21,5,Judges 21:5,18,סְלִיק,,,,Jonathan,TARG
7,Judges,21,5,Judges 21:5,19,לִקְדָם,,,,Jonathan,TARG
7,Judges,21,5,Judges 21:5,20,יְיָ,,,,Jonathan,TARG
7,Judges,21,5,Judges 21:5,21,לְמִצְפַּיָא,,,,Jonathan,TARG
7,Judges,21,5,Judges 21:5,22,לְמֵימַר,,,,Jonathan,TARG
7,Judges,21,5,Judges 21:5,23,אִתְקְטָלָא,,,,Jonathan,TARG
7,Judges,21,5,Judges 21:5,24,יִתְקְטֵיל:,,,,Jonathan,TARG
7,Judges,21,6,Judges 21:6,1,וְאִתְנְחָמוּ,,,,Jonathan,TARG
7,Judges,21,6,Judges 21:6,2,בְּנֵי,,,,Jonathan,TARG
7,Judges,21,6,Judges 21:6,3,יִשְׂרָאֵל,,,,Jonathan,TARG
7,Judges,21,6,Judges 21:6,4,עַל,,,,Jonathan,TARG
7,Judges,21,6,Judges 21:6,5,דְבֵית,,,,Jonathan,TARG
7,Judges,21,6,Judges 21:6,6,בִּנְיָמִין,,,,Jonathan,TARG
7,Judges,21,6,Judges 21:6,7,אֲחוּהוֹן,,,,Jonathan,TARG
7,Judges,21,6,Judges 21:6,8,וַאֲמַרוּ,,,,Jonathan,TARG
7,Judges,21,6,Judges 21:6,9,אִתְמְנַע,,,,Jonathan,TARG
7,Judges,21,6,Judges 21:6,10,יוֹמָא,,,,Jonathan,TARG
7,Judges,21,6,Judges 21:6,11,דֵין,,,,Jonathan,TARG
7,Judges,21,6,Judges 21:6,12,שִׁבְטָא,,,,Jonathan,TARG
7,Judges,21,6,Judges 21:6,13,חַד,,,,Jonathan,TARG
7,Judges,21,6,Judges 21:6,14,מִיִשְׂרָאֵל:,,,,Jonathan,TARG
7,Judges,21,7,Judges 21:7,1,מַה,,,,Jonathan,TARG
7,Judges,21,7,Judges 21:7,2,נַעְבֵּיד,,,,Jonathan,TARG
7,Judges,21,7,Judges 21:7,3,לְהוֹן,,,,Jonathan,TARG
7,Judges,21,7,Judges 21:7,4,לִדְאִשְׁתַּאֲרוּ,,,,Jonathan,TARG
7,Judges,21,7,Judges 21:7,5,לִנְשִׁין,,,,Jonathan,TARG
7,Judges,21,7,Judges 21:7,6,וַאֲנַחְנָא,,,,Jonathan,TARG
7,Judges,21,7,Judges 21:7,7,קַיֵמְנָא,,,,Jonathan,TARG
7,Judges,21,7,Judges 21:7,8,בְּמֵימְרָא,,,,Jonathan,TARG
7,Judges,21,7,Judges 21:7,9,דַייָ,,,,Jonathan,TARG
7,Judges,21,7,Judges 21:7,10,בְּדִיל,,,,Jonathan,TARG
7,Judges,21,7,Judges 21:7,11,דְלָא,,,,Jonathan,TARG
7,Judges,21,7,Judges 21:7,12,לְמִתַּן,,,,Jonathan,TARG
7,Judges,21,7,Judges 21:7,13,לְהוֹן,,,,Jonathan,TARG
7,Judges,21,7,Judges 21:7,14,מִבְּנָתָנָא,,,,Jonathan,TARG
7,Judges,21,7,Judges 21:7,15,לִנְשִׁין:,,,,Jonathan,TARG
7,Judges,21,8,Judges 21:8,1,וַאֲמַרוּ,,,,Jonathan,TARG
7,Judges,21,8,Judges 21:8,2,מַן,,,,Jonathan,TARG
7,Judges,21,8,Judges 21:8,3,חַד,,,,Jonathan,TARG
7,Judges,21,8,Judges 21:8,4,מִשִׁבְטַיָא,,,,Jonathan,TARG
7,Judges,21,8,Judges 21:8,5,דְיִשְׂרָאֵל,,,,Jonathan,TARG
7,Judges,21,8,Judges 21:8,6,דְלָא,,,,Jonathan,TARG
7,Judges,21,8,Judges 21:8,7,סְלִיק,,,,Jonathan,TARG
7,Judges,21,8,Judges 21:8,8,לָקֳדָם,,,,Jonathan,TARG
7,Judges,21,8,Judges 21:8,9,יְיָ,,,,Jonathan,TARG
7,Judges,21,8,Judges 21:8,10,לְמִצְפַּיָא,,,,Jonathan,TARG
7,Judges,21,8,Judges 21:8,11,וְהָא,,,,Jonathan,TARG
7,Judges,21,8,Judges 21:8,12,לָא,,,,Jonathan,TARG
7,Judges,21,8,Judges 21:8,13,אֲתָא,,,,Jonathan,TARG
7,Judges,21,8,Judges 21:8,14,אֲנַשׁ,,,,Jonathan,TARG
7,Judges,21,8,Judges 21:8,15,לְמַשְׁרִיתָא,,,,Jonathan,TARG
7,Judges,21,8,Judges 21:8,16,מֵיָבֵשׁ,,,,Jonathan,TARG
7,Judges,21,8,Judges 21:8,17,גִלְעָד,,,,Jonathan,TARG
7,Judges,21,8,Judges 21:8,18,לִקְהָלָא:,,,,Jonathan,TARG
7,Judges,21,9,Judges 21:9,1,וְאִתְמְנִיאוּ,,,,Jonathan,TARG
7,Judges,21,9,Judges 21:9,2,עַמָא,,,,Jonathan,TARG
7,Judges,21,9,Judges 21:9,3,וְהָא,,,,Jonathan,TARG
7,Judges,21,9,Judges 21:9,4,לֵית,,,,Jonathan,TARG
7,Judges,21,9,Judges 21:9,5,תַּמָן,,,,Jonathan,TARG
7,Judges,21,9,Judges 21:9,6,אֱנַשׁ,,,,Jonathan,TARG
7,Judges,21,9,Judges 21:9,7,מִיַשְׁבֵי,,,,Jonathan,TARG
7,Judges,21,9,Judges 21:9,8,יָבֵשׁ,,,,Jonathan,TARG
7,Judges,21,9,Judges 21:9,9,גִלְעָד:,,,,Jonathan,TARG
7,Judges,21,10,Judges 21:10,1,וּשְׁלַחוּ,,,,Jonathan,TARG
7,Judges,21,10,Judges 21:10,2,תַמָן,,,,Jonathan,TARG
7,Judges,21,10,Judges 21:10,3,כְּנִשְׁתָּא,,,,Jonathan,TARG
7,Judges,21,10,Judges 21:10,4,תְּרֵי,,,,Jonathan,TARG
7,Judges,21,10,Judges 21:10,5,עֲסַר,,,,Jonathan,TARG
7,Judges,21,10,Judges 21:10,6,אַלְפִין,,,,Jonathan,TARG
7,Judges,21,10,Judges 21:10,7,גַבְרָא,,,,Jonathan,TARG
7,Judges,21,10,Judges 21:10,8,מְזָרְזֵי,,,,Jonathan,TARG
7,Judges,21,10,Judges 21:10,9,חֵילָא,,,,Jonathan,TARG
7,Judges,21,10,Judges 21:10,10,וּפַקִידוּ,,,,Jonathan,TARG
7,Judges,21,10,Judges 21:10,11,יַתְהוֹן,,,,Jonathan,TARG
7,Judges,21,10,Judges 21:10,12,לְמֵימָר,,,,Jonathan,TARG
7,Judges,21,10,Judges 21:10,13,אֱזִילוּ,,,,Jonathan,TARG
7,Judges,21,10,Judges 21:10,14,וְתִמְחוּן,,,,Jonathan,TARG
7,Judges,21,10,Judges 21:10,15,יַת,,,,Jonathan,TARG
7,Judges,21,10,Judges 21:10,16,יַתְבֵי,,,,Jonathan,TARG
7,Judges,21,10,Judges 21:10,17,יָבֵשׁ,,,,Jonathan,TARG
7,Judges,21,10,Judges 21:10,18,גִלְעָד,,,,Jonathan,TARG
7,Judges,21,10,Judges 21:10,19,לְפִתְגַם,,,,Jonathan,TARG
7,Judges,21,10,Judges 21:10,20,דְחָרֶב,,,,Jonathan,TARG
7,Judges,21,10,Judges 21:10,21,וּנְשַׁיָא,,,,Jonathan,TARG
7,Judges,21,10,Judges 21:10,22,וְטַפְלָא:,,,,Jonathan,TARG
7,Judges,21,11,Judges 21:11,1,וְדֵין,,,,Jonathan,TARG
7,Judges,21,11,Judges 21:11,2,פִּתְגָמָא,,,,Jonathan,TARG
7,Judges,21,11,Judges 21:11,3,דִי,,,,Jonathan,TARG
7,Judges,21,11,Judges 21:11,4,תַעְבְּדוּן,,,,Jonathan,TARG
7,Judges,21,11,Judges 21:11,5,כָּל,,,,Jonathan,TARG
7,Judges,21,11,Judges 21:11,6,דְכוּרָא,,,,Jonathan,TARG
7,Judges,21,11,Judges 21:11,7,וְכָל,,,,Jonathan,TARG
7,Judges,21,11,Judges 21:11,8,אִתְּתָא,,,,Jonathan,TARG
7,Judges,21,11,Judges 21:11,9,דִידַעַת,,,,Jonathan,TARG
7,Judges,21,11,Judges 21:11,10,מִשְׁכְּבֵי,,,,Jonathan,TARG
7,Judges,21,11,Judges 21:11,11,דְכוּרָא,,,,Jonathan,TARG
7,Judges,21,11,Judges 21:11,12,תִּגְמְרוּן:,,,,Jonathan,TARG
7,Judges,21,12,Judges 21:12,1,וְאַשְׁכָּחוּ,,,,Jonathan,TARG
7,Judges,21,12,Judges 21:12,2,מִיַתְבֵי,,,,Jonathan,TARG
7,Judges,21,12,Judges 21:12,3,יָבֵשׁ,,,,Jonathan,TARG
7,Judges,21,12,Judges 21:12,4,גִלְעָד,,,,Jonathan,TARG
7,Judges,21,12,Judges 21:12,5,אַרְבַּע,,,,Jonathan,TARG
7,Judges,21,12,Judges 21:12,6,מְאָה,,,,Jonathan,TARG
7,Judges,21,12,Judges 21:12,7,עוּלֵימָן,,,,Jonathan,TARG
7,Judges,21,12,Judges 21:12,8,בְּתוּלָן,,,,Jonathan,TARG
7,Judges,21,12,Judges 21:12,9,דְלָא,,,,Jonathan,TARG
7,Judges,21,12,Judges 21:12,10,יָדְעָא,,,,Jonathan,TARG
7,Judges,21,12,Judges 21:12,11,גְבַר,,,,Jonathan,TARG
7,Judges,21,12,Judges 21:12,12,מִשְׁכְּבֵי,,,,Jonathan,TARG
7,Judges,21,12,Judges 21:12,13,דְכוּרָא,,,,Jonathan,TARG
7,Judges,21,12,Judges 21:12,14,וְאַיְתִיאוּ,,,,Jonathan,TARG
7,Judges,21,12,Judges 21:12,15,יַתְהוֹן,,,,Jonathan,TARG
7,Judges,21,12,Judges 21:12,16,לְמַשְׁרִיתָא,,,,Jonathan,TARG
7,Judges,21,12,Judges 21:12,17,לְשִׁילוֹ,,,,Jonathan,TARG
7,Judges,21,12,Judges 21:12,18,דִי,,,,Jonathan,TARG
7,Judges,21,12,Judges 21:12,19,בְּאַרְעָא,,,,Jonathan,TARG
7,Judges,21,12,Judges 21:12,20,דִכְנָעַן:,,,,Jonathan,TARG
7,Judges,21,13,Judges 21:13,1,וּשְׁלָחוּ,,,,Jonathan,TARG
7,Judges,21,13,Judges 21:13,2,כָּל,,,,Jonathan,TARG
7,Judges,21,13,Judges 21:13,3,כְּנִשְׁתָּא,,,,Jonathan,TARG
7,Judges,21,13,Judges 21:13,4,וּמַלִילוּ,,,,Jonathan,TARG
7,Judges,21,13,Judges 21:13,5,עִם,,,,Jonathan,TARG
7,Judges,21,13,Judges 21:13,6,בְּנֵי,,,,Jonathan,TARG
7,Judges,21,13,Judges 21:13,7,בִנְיָמִין,,,,Jonathan,TARG
7,Judges,21,13,Judges 21:13,8,דִי,,,,Jonathan,TARG
7,Judges,21,13,Judges 21:13,9,בְּכֵיף,,,,Jonathan,TARG
7,Judges,21,13,Judges 21:13,10,רִמוֹן,,,,Jonathan,TARG
7,Judges,21,13,Judges 21:13,11,וּקְרוֹ,,,,Jonathan,TARG
7,Judges,21,13,Judges 21:13,12,לְהוֹן,,,,Jonathan,TARG
7,Judges,21,13,Judges 21:13,13,מִלִין,,,,Jonathan,TARG
7,Judges,21,13,Judges 21:13,14,דִשְׁלָם:,,,,Jonathan,TARG
7,Judges,21,14,Judges 21:14,1,וְתָבוּ,,,,Jonathan,TARG
7,Judges,21,14,Judges 21:14,2,בְנֵי,,,,Jonathan,TARG
7,Judges,21,14,Judges 21:14,3,בִנְיָמִין,,,,Jonathan,TARG
7,Judges,21,14,Judges 21:14,4,בְּעִידָנָא,,,,Jonathan,TARG
7,Judges,21,14,Judges 21:14,5,הַהִיא,,,,Jonathan,TARG
7,Judges,21,14,Judges 21:14,6,וִיהָבוּ,,,,Jonathan,TARG
7,Judges,21,14,Judges 21:14,7,לְהוֹן,,,,Jonathan,TARG
7,Judges,21,14,Judges 21:14,8,נְשִׁין,,,,Jonathan,TARG
7,Judges,21,14,Judges 21:14,9,דְקַיְמוּ,,,,Jonathan,TARG
7,Judges,21,14,Judges 21:14,10,מִנְשֵׁי,,,,Jonathan,TARG
7,Judges,21,14,Judges 21:14,11,יָבֵשׁ,,,,Jonathan,TARG
7,Judges,21,14,Judges 21:14,12,גִלְעָד,,,,Jonathan,TARG
7,Judges,21,14,Judges 21:14,13,וְלָא,,,,Jonathan,TARG
7,Judges,21,14,Judges 21:14,14,סַפִּיקוּ,,,,Jonathan,TARG
7,Judges,21,14,Judges 21:14,15,לְהוֹן,,,,Jonathan,TARG
7,Judges,21,14,Judges 21:14,16,כֵּן:,,,,Jonathan,TARG
7,Judges,21,15,Judges 21:15,1,וְעַמָא,,,,Jonathan,TARG
7,Judges,21,15,Judges 21:15,2,אִתְנַחֲמוּ,,,,Jonathan,TARG
7,Judges,21,15,Judges 21:15,3,עַל,,,,Jonathan,TARG
7,Judges,21,15,Judges 21:15,4,דְבֵית,,,,Jonathan,TARG
7,Judges,21,15,Judges 21:15,5,בִּנְיָמִן,,,,Jonathan,TARG
7,Judges,21,15,Judges 21:15,6,אֲרֵי,,,,Jonathan,TARG
7,Judges,21,15,Judges 21:15,7,עֲבַד,,,,Jonathan,TARG
7,Judges,21,15,Judges 21:15,8,יְיָ,,,,Jonathan,TARG
7,Judges,21,15,Judges 21:15,9,תַּרְעָתָא,,,,Jonathan,TARG
7,Judges,21,15,Judges 21:15,10,בְּשִׁבְטַיָא,,,,Jonathan,TARG
7,Judges,21,15,Judges 21:15,11,דְיִשְׂרָאֵל:,,,,Jonathan,TARG
7,Judges,21,16,Judges 21:16,1,וַאֲמַרוּ,,,,Jonathan,TARG
7,Judges,21,16,Judges 21:16,2,סָבֵי,,,,Jonathan,TARG
7,Judges,21,16,Judges 21:16,3,כְנִשְׁתָּא,,,,Jonathan,TARG
7,Judges,21,16,Judges 21:16,4,מַה,,,,Jonathan,TARG
7,Judges,21,16,Judges 21:16,5,נַעְבֵּד,,,,Jonathan,TARG
7,Judges,21,16,Judges 21:16,6,לִדְאִשְׁתַּאֲרוּ,,,,Jonathan,TARG
7,Judges,21,16,Judges 21:16,7,לִנְשִׁין,,,,Jonathan,TARG
7,Judges,21,16,Judges 21:16,8,אֲרֵי,,,,Jonathan,TARG
7,Judges,21,16,Judges 21:16,9,פְסָקַת,,,,Jonathan,TARG
7,Judges,21,16,Judges 21:16,10,מִדְבֵית,,,,Jonathan,TARG
7,Judges,21,16,Judges 21:16,11,בִּנְיָמִן,,,,Jonathan,TARG
7,Judges,21,16,Judges 21:16,12,אִתְּתָא:,,,,Jonathan,TARG
7,Judges,21,17,Judges 21:17,1,וַאֲמַרוּ,,,,Jonathan,TARG
7,Judges,21,17,Judges 21:17,2,יְרוּתַת,,,,Jonathan,TARG
7,Judges,21,17,Judges 21:17,3,שְׁזֵיבְתָּא,,,,Jonathan,TARG
7,Judges,21,17,Judges 21:17,4,לִבְנֵי,,,,Jonathan,TARG
7,Judges,21,17,Judges 21:17,5,בִנְיָמִן,,,,Jonathan,TARG
7,Judges,21,17,Judges 21:17,6,וְלָא,,,,Jonathan,TARG
7,Judges,21,17,Judges 21:17,7,יִתְמְחֵי,,,,Jonathan,TARG
7,Judges,21,17,Judges 21:17,8,שִׁבְטָא,,,,Jonathan,TARG
7,Judges,21,17,Judges 21:17,9,מִיִשְׂרָאֵל:,,,,Jonathan,TARG
7,Judges,21,18,Judges 21:18,1,וַאֲנַחְנָא,,,,Jonathan,TARG
7,Judges,21,18,Judges 21:18,2,לָא,,,,Jonathan,TARG
7,Judges,21,18,Judges 21:18,3,נֵיכוּל,,,,Jonathan,TARG
7,Judges,21,18,Judges 21:18,4,לְמִתַּן,,,,Jonathan,TARG
7,Judges,21,18,Judges 21:18,5,לְהוֹן,,,,Jonathan,TARG
7,Judges,21,18,Judges 21:18,6,נְשִׁין,,,,Jonathan,TARG
7,Judges,21,18,Judges 21:18,7,מִבְּנָתָנָא,,,,Jonathan,TARG
7,Judges,21,18,Judges 21:18,8,אֲרֵי,,,,Jonathan,TARG
7,Judges,21,18,Judges 21:18,9,קַיְימוּ,,,,Jonathan,TARG
7,Judges,21,18,Judges 21:18,10,בְנֵי,,,,Jonathan,TARG
7,Judges,21,18,Judges 21:18,11,יִשְׂרָאֵל,,,,Jonathan,TARG
7,Judges,21,18,Judges 21:18,12,לְמֵימָר,,,,Jonathan,TARG
7,Judges,21,18,Judges 21:18,13,לִיט,,,,Jonathan,TARG
7,Judges,21,18,Judges 21:18,14,דִי,,,,Jonathan,TARG
7,Judges,21,18,Judges 21:18,15,יִתֵּן,,,,Jonathan,TARG
7,Judges,21,18,Judges 21:18,16,אִתְּתָא,,,,Jonathan,TARG
7,Judges,21,18,Judges 21:18,17,לִדְבֵית,,,,Jonathan,TARG
7,Judges,21,18,Judges 21:18,18,בִּנְיָמִין:,,,,Jonathan,TARG
7,Judges,21,19,Judges 21:19,1,וַאֲמַרוּ,,,,Jonathan,TARG
7,Judges,21,19,Judges 21:19,2,הָא,,,,Jonathan,TARG
7,Judges,21,19,Judges 21:19,3,חַגָא,,,,Jonathan,TARG
7,Judges,21,19,Judges 21:19,4,קֳדָם,,,,Jonathan,TARG
7,Judges,21,19,Judges 21:19,5,יְיָ,,,,Jonathan,TARG
7,Judges,21,19,Judges 21:19,6,בְּשִׁלוֹ,,,,Jonathan,TARG
7,Judges,21,19,Judges 21:19,7,מִזְמַן,,,,Jonathan,TARG
7,Judges,21,19,Judges 21:19,8,מוֹעֵד,,,,Jonathan,TARG
7,Judges,21,19,Judges 21:19,9,לְמוֹעֵד,,,,Jonathan,TARG
7,Judges,21,19,Judges 21:19,10,דִי,,,,Jonathan,TARG
7,Judges,21,19,Judges 21:19,11,מִצִיפּוּנָא,,,,Jonathan,TARG
7,Judges,21,19,Judges 21:19,12,לְבֵית,,,,Jonathan,TARG
7,Judges,21,19,Judges 21:19,13,אֵל,,,,Jonathan,TARG
7,Judges,21,19,Judges 21:19,14,מַדְּנַח,,,,Jonathan,TARG
7,Judges,21,19,Judges 21:19,15,שִׁמְשָׁא,,,,Jonathan,TARG
7,Judges,21,19,Judges 21:19,16,לְכִבְשָׁא,,,,Jonathan,TARG
7,Judges,21,19,Judges 21:19,17,דְסָלֵיק,,,,Jonathan,TARG
7,Judges,21,19,Judges 21:19,18,מִבֵּית,,,,Jonathan,TARG
7,Judges,21,19,Judges 21:19,19,אֵל,,,,Jonathan,TARG
7,Judges,21,19,Judges 21:19,20,לִשְׁכֶם,,,,Jonathan,TARG
7,Judges,21,19,Judges 21:19,21,וּמִדָרוֹמָא,,,,Jonathan,TARG
7,Judges,21,19,Judges 21:19,22,לִלְבוֹנָתָא:,,,,Jonathan,TARG
7,Judges,21,20,Judges 21:20,1,וּפַקִידוּ,,,,Jonathan,TARG
7,Judges,21,20,Judges 21:20,2,יַת,,,,Jonathan,TARG
7,Judges,21,20,Judges 21:20,3,בְּנֵי,,,,Jonathan,TARG
7,Judges,21,20,Judges 21:20,4,בִנְיָמִין,,,,Jonathan,TARG
7,Judges,21,20,Judges 21:20,5,לְמֵימָר,,,,Jonathan,TARG
7,Judges,21,20,Judges 21:20,6,אֱזִילוּ,,,,Jonathan,TARG
7,Judges,21,20,Judges 21:20,7,וְתִכְמְנוּן,,,,Jonathan,TARG
7,Judges,21,20,Judges 21:20,8,בְּכַרְמַיָא:,,,,Jonathan,TARG
7,Judges,21,21,Judges 21:21,1,וְתֶחְזוּן,,,,Jonathan,TARG
7,Judges,21,21,Judges 21:21,2,וְהָא,,,,Jonathan,TARG
7,Judges,21,21,Judges 21:21,3,אִם,,,,Jonathan,TARG
7,Judges,21,21,Judges 21:21,4,יִפְקוּן,,,,Jonathan,TARG
7,Judges,21,21,Judges 21:21,5,בְּנַת,,,,Jonathan,TARG
7,Judges,21,21,Judges 21:21,6,שִׁילוֹ,,,,Jonathan,TARG
7,Judges,21,21,Judges 21:21,7,לְמֵיחַג,,,,Jonathan,TARG
7,Judges,21,21,Judges 21:21,8,בְּחִנְגַיָא,,,,Jonathan,TARG
7,Judges,21,21,Judges 21:21,9,וְתִפְקוּן,,,,Jonathan,TARG
7,Judges,21,21,Judges 21:21,10,מִן,,,,Jonathan,TARG
7,Judges,21,21,Judges 21:21,11,כַרְמַיָא,,,,Jonathan,TARG
7,Judges,21,21,Judges 21:21,12,וּתְחַטְפוּן,,,,Jonathan,TARG
7,Judges,21,21,Judges 21:21,13,לְכוֹן,,,,Jonathan,TARG
7,Judges,21,21,Judges 21:21,14,גְבַר,,,,Jonathan,TARG
7,Judges,21,21,Judges 21:21,15,אִתְּתֵיהּ,,,,Jonathan,TARG
7,Judges,21,21,Judges 21:21,16,מִבְּנַת,,,,Jonathan,TARG
7,Judges,21,21,Judges 21:21,17,שִׁילוֹ,,,,Jonathan,TARG
7,Judges,21,21,Judges 21:21,18,וּתְהָכוּן,,,,Jonathan,TARG
7,Judges,21,21,Judges 21:21,19,לְאַרְעָא,,,,Jonathan,TARG
7,Judges,21,21,Judges 21:21,20,שִׁבְטָא,,,,Jonathan,TARG
7,Judges,21,21,Judges 21:21,21,דְבִנְיָמִן:,,,,Jonathan,TARG
7,Judges,21,22,Judges 21:22,1,וִיהֵי,,,,Jonathan,TARG
7,Judges,21,22,Judges 21:22,2,אֲרֵי,,,,Jonathan,TARG
7,Judges,21,22,Judges 21:22,3,יֵיתוּן,,,,Jonathan,TARG
7,Judges,21,22,Judges 21:22,4,אֲבָהַתְהוֹן,,,,Jonathan,TARG
7,Judges,21,22,Judges 21:22,5,אוֹ,,,,Jonathan,TARG
7,Judges,21,22,Judges 21:22,6,אֲחֵיהוֹן,,,,Jonathan,TARG
7,Judges,21,22,Judges 21:22,7,לְמִידַן,,,,Jonathan,TARG
7,Judges,21,22,Judges 21:22,8,קֳדָמָנָא,,,,Jonathan,TARG
7,Judges,21,22,Judges 21:22,9,וְנֵימַר,,,,Jonathan,TARG
7,Judges,21,22,Judges 21:22,10,לְהוֹן,,,,Jonathan,TARG
7,Judges,21,22,Judges 21:22,11,חֲנִינוּנוּן,,,,Jonathan,TARG
7,Judges,21,22,Judges 21:22,12,לְהוֹן,,,,Jonathan,TARG
7,Judges,21,22,Judges 21:22,13,אֲרֵי,,,,Jonathan,TARG
7,Judges,21,22,Judges 21:22,14,לָא,,,,Jonathan,TARG
7,Judges,21,22,Judges 21:22,15,סַפִּיקְנָא,,,,Jonathan,TARG
7,Judges,21,22,Judges 21:22,16,לְמִתַּן,,,,Jonathan,TARG
7,Judges,21,22,Judges 21:22,17,גְבַר,,,,Jonathan,TARG
7,Judges,21,22,Judges 21:22,18,אִתְּתֵיהּ,,,,Jonathan,TARG
7,Judges,21,22,Judges 21:22,19,בִּקְרָבָא,,,,Jonathan,TARG
7,Judges,21,22,Judges 21:22,20,אֲרֵי,,,,Jonathan,TARG
7,Judges,21,22,Judges 21:22,21,לָא,,,,Jonathan,TARG
7,Judges,21,22,Judges 21:22,22,אַתּוּן,,,,Jonathan,TARG
7,Judges,21,22,Judges 21:22,23,יַהֲבִין,,,,Jonathan,TARG
7,Judges,21,22,Judges 21:22,24,לְהוֹן,,,,Jonathan,TARG
7,Judges,21,22,Judges 21:22,25,כְּעִידַן,,,,Jonathan,TARG
7,Judges,21,22,Judges 21:22,26,פּוֹן,,,,Jonathan,TARG
7,Judges,21,22,Judges 21:22,27,תְּחוֹבוּן:,,,,Jonathan,TARG
7,Judges,21,23,Judges 21:23,1,וַעֲבָדוּ,,,,Jonathan,TARG
7,Judges,21,23,Judges 21:23,2,כֵּן,,,,Jonathan,TARG
7,Judges,21,23,Judges 21:23,3,בְּנֵי,,,,Jonathan,TARG
7,Judges,21,23,Judges 21:23,4,בִנְיָמִן,,,,Jonathan,TARG
7,Judges,21,23,Judges 21:23,5,וּנְסִיבוּ,,,,Jonathan,TARG
7,Judges,21,23,Judges 21:23,6,נְשִׁין,,,,Jonathan,TARG
7,Judges,21,23,Judges 21:23,7,לְמִנְיָנֵיהוֹן,,,,Jonathan,TARG
7,Judges,21,23,Judges 21:23,8,מִן,,,,Jonathan,TARG
7,Judges,21,23,Judges 21:23,9,חִנְגַיָא,,,,Jonathan,TARG
7,Judges,21,23,Judges 21:23,10,דִי,,,,Jonathan,TARG
7,Judges,21,23,Judges 21:23,11,אֲנָסוּ,,,,Jonathan,TARG
7,Judges,21,23,Judges 21:23,12,וַאֲזַלוּ,,,,Jonathan,TARG
7,Judges,21,23,Judges 21:23,13,וְתָבוּ,,,,Jonathan,TARG
7,Judges,21,23,Judges 21:23,14,לְאַחְסַנְתְּהוֹן,,,,Jonathan,TARG
7,Judges,21,23,Judges 21:23,15,וּבְנוֹ,,,,Jonathan,TARG
7,Judges,21,23,Judges 21:23,16,יַת,,,,Jonathan,TARG
7,Judges,21,23,Judges 21:23,17,קִרְוַיָא,,,,Jonathan,TARG
7,Judges,21,23,Judges 21:23,18,וִיתִיבוּ,,,,Jonathan,TARG
7,Judges,21,23,Judges 21:23,19,בְהוֹן:,,,,Jonathan,TARG
7,Judges,21,24,Judges 21:24,1,וְהַלִיכוּ,,,,Jonathan,TARG
7,Judges,21,24,Judges 21:24,2,מִתַּמָן,,,,Jonathan,TARG
7,Judges,21,24,Judges 21:24,3,בְּנֵי,,,,Jonathan,TARG
7,Judges,21,24,Judges 21:24,4,יִשְׂרָאֵל,,,,Jonathan,TARG
7,Judges,21,24,Judges 21:24,5,בְּעִידָנָא,,,,Jonathan,TARG
7,Judges,21,24,Judges 21:24,6,הַהִיא,,,,Jonathan,TARG
7,Judges,21,24,Judges 21:24,7,גְבַר,,,,Jonathan,TARG
7,Judges,21,24,Judges 21:24,8,לְשִׁבְטֵיהּ,,,,Jonathan,TARG
7,Judges,21,24,Judges 21:24,9,וּלְזַרְעִיתֵיהּ,,,,Jonathan,TARG
7,Judges,21,24,Judges 21:24,10,וּנְפַקוּ,,,,Jonathan,TARG
7,Judges,21,24,Judges 21:24,11,מִתַּמָן,,,,Jonathan,TARG
7,Judges,21,24,Judges 21:24,12,גְבַר,,,,Jonathan,TARG
7,Judges,21,24,Judges 21:24,13,לְאַחְסַנְתֵּיהּ:,,,,Jonathan,TARG
7,Judges,21,25,Judges 21:25,1,בְּיוֹמַיָא,,,,Jonathan,TARG
7,Judges,21,25,Judges 21:25,2,הָאִינוּן,,,,Jonathan,TARG
7,Judges,21,25,Judges 21:25,3,לֵית,,,,Jonathan,TARG
7,Judges,21,25,Judges 21:25,4,מַלְכָּא,,,,Jonathan,TARG
7,Judges,21,25,Judges 21:25,5,בְּיִשְׂרָאֵל,,,,Jonathan,TARG
7,Judges,21,25,Judges 21:25,6,גְבַר,,,,Jonathan,TARG
7,Judges,21,25,Judges 21:25,7,דְכָשַׁר,,,,Jonathan,TARG
7,Judges,21,25,Judges 21:25,8,בְּעֵינוֹהִי,,,,Jonathan,TARG
7,Judges,21,25,Judges 21:25,9,יַעְבַּד:,,,,Jonathan,TARG
