book_order,book,chapter,verse,reference,position,word_text,lemma,morph,strong,manuscript,tradition
10,2 Samuel,1,1,2 Samuel 1:1,1,ܘܗܘܐ,,,,Peshitta,PESH
10,2 Samuel,1,1,2 Samuel 1:1,2,ܡܢ,,,,Peshitta,PESH
10,2 Samuel,1,1,2 Samuel 1:1,3,ܒܬܪ,,,,Peshitta,PESH
10,2 Samuel,1,1,2 Samuel 1:1,4,ܕܡܝܬ,,,,Peshitta,PESH
10,2 Samuel,1,1,2 Samuel 1:1,5,ܫܐܘܠ,,,,Peshitta,PESH
10,2 Samuel,1,1,2 Samuel 1:1,6,ܘܕܘܝܕ,,,,Peshitta,PESH
10,2 Samuel,1,1,2 Samuel 1:1,7,ܗܦܟ,,,,Peshitta,PESH
10,2 Samuel,1,1,2 Samuel 1:1,8,ܡܢ,,,,Peshitta,PESH
10,2 Samuel,1,1,2 Samuel 1:1,9,ܕܠܡܚܪܒ,,,,Peshitta,PESH
10,2 Samuel,1,1,2 Samuel 1:1,10,ܠܥܡ̈ܠܩܝܐ,,,,Peshitta,PESH
10,2 Samuel,1,1,2 Samuel 1:1,11,ܘܝܬܒ,,,,Peshitta,PESH
10,2 Samuel,1,1,2 Samuel 1:1,12,ܕܘܝܕ,,,,Peshitta,PESH
10,2 Samuel,1,1,2 Samuel 1:1,13,ܒܨܢܩܠܓ,,,,Peshitta,PESH
10,2 Samuel,1,1,2 Samuel 1:1,14,ܝܘܡ̈ܬܐ,,,,Peshitta,PESH
10,2 Samuel,1,1,2 Samuel 1:1,15,ܬܪ̈ܝܢ,,,,Peshitta,PESH
10,2 Samuel,1,2,2 Samuel 1:2,1,ܘܗܘܐ,,,,Peshitta,PESH
10,2 Samuel,1,2,2 Samuel 1:2,2,ܒܝܘܡܐ,,,,Peshitta,PESH
10,2 Samuel,1,2,2 Samuel 1:2,3,ܬܠܝܬܝܐ,,,,Peshitta,PESH
10,2 Samuel,1,2,2 Samuel 1:2,4,ܘܗܐ,,,,Peshitta,PESH
10,2 Samuel,1,2,2 Samuel 1:2,5,ܓܒܪܐ,,,,Peshitta,PESH
10,2 Samuel,1,2,2 Samuel 1:2,6,ܐܬܐ,,,,Peshitta,PESH
10,2 Samuel,1,2,2 Samuel 1:2,7,ܡܢ,,,,Peshitta,PESH
10,2 Samuel,1,2,2 Samuel 1:2,8,ܡܫܪܝܬܐ,,,,Peshitta,PESH
10,2 Samuel,1,2,2 Samuel 1:2,9,ܡܢ,,,,Peshitta,PESH
10,2 Samuel,1,2,2 Samuel 1:2,10,ܠܘܬ,,,,Peshitta,PESH
10,2 Samuel,1,2,2 Samuel 1:2,11,ܫܐܘܠ,,,,Peshitta,PESH
10,2 Samuel,1,2,2 Samuel 1:2,12,ܘܡܨܪܝܢ,,,,Peshitta,PESH
10,2 Samuel,1,2,2 Samuel 1:2,13,ܠܒ̈ܘܫܘܗܝ,,,,Peshitta,PESH
10,2 Samuel,1,2,2 Samuel 1:2,14,ܘܐܕܡܬܐ,,,,Peshitta,PESH
10,2 Samuel,1,2,2 Samuel 1:2,15,ܒܪܝܫܗ,,,,Peshitta,PESH
10,2 Samuel,1,2,2 Samuel 1:2,16,ܘܗܘܐ,,,,Peshitta,PESH
10,2 Samuel,1,2,2 Samuel 1:2,17,ܕܟܕ,,,,Peshitta,PESH
10,2 Samuel,1,2,2 Samuel 1:2,18,ܐܬܐ,,,,Peshitta,PESH
10,2 Samuel,1,2,2 Samuel 1:2,19,ܠܘܬ,,,,Peshitta,PESH
10,2 Samuel,1,2,2 Samuel 1:2,20,ܕܘܝܕ,,,,Peshitta,PESH
10,2 Samuel,1,2,2 Samuel 1:2,21,ܢܦܠ,,,,Peshitta,PESH
10,2 Samuel,1,2,2 Samuel 1:2,22,ܥܠ,,,,Peshitta,PESH
10,2 Samuel,1,2,2 Samuel 1:2,23,ܐܪܥܐ,,,,Peshitta,PESH
10,2 Samuel,1,2,2 Samuel 1:2,24,ܘܣܓܕ,,,,Peshitta,PESH
10,2 Samuel,1,2,2 Samuel 1:2,25,ܠܗ,,,,Peshitta,PESH
10,2 Samuel,1,3,2 Samuel 1:3,1,ܘܐܡܪ,,,,Peshitta,PESH
10,2 Samuel,1,3,2 Samuel 1:3,2,ܠܗ,,,,Peshitta,PESH
10,2 Samuel,1,3,2 Samuel 1:3,3,ܕܘܝܕ,,,,Peshitta,PESH
10,2 Samuel,1,3,2 Samuel 1:3,4,ܡܢ,,,,Peshitta,PESH
10,2 Samuel,1,3,2 Samuel 1:3,5,ܐܝܡܟܐ,,,,Peshitta,PESH
10,2 Samuel,1,3,2 Samuel 1:3,6,ܐܬܝܬ,,,,Peshitta,PESH
10,2 Samuel,1,3,2 Samuel 1:3,7,ܘܐܡܪ,,,,Peshitta,PESH
10,2 Samuel,1,3,2 Samuel 1:3,8,ܠܗ,,,,Peshitta,PESH
10,2 Samuel,1,3,2 Samuel 1:3,9,ܡܢ,,,,Peshitta,PESH
10,2 Samuel,1,3,2 Samuel 1:3,10,ܡܫܪܝܬܐ,,,,Peshitta,PESH
10,2 Samuel,1,3,2 Samuel 1:3,11,ܕܐܝܣܪܝܠ,,,,Peshitta,PESH
10,2 Samuel,1,3,2 Samuel 1:3,12,ܐܫܬܘܙܒܬ,,,,Peshitta,PESH
10,2 Samuel,1,4,2 Samuel 1:4,1,ܘܐܡܪ,,,,Peshitta,PESH
10,2 Samuel,1,4,2 Samuel 1:4,2,ܠܗ,,,,Peshitta,PESH
10,2 Samuel,1,4,2 Samuel 1:4,3,ܕܘܝܕ,,,,Peshitta,PESH
10,2 Samuel,1,4,2 Samuel 1:4,4,ܡܢܐ,,,,Peshitta,PESH
10,2 Samuel,1,4,2 Samuel 1:4,5,ܗ̇ܘ,,,,Peshitta,PESH
10,2 Samuel,1,4,2 Samuel 1:4,6,ܦܬܓܡܐ,,,,Peshitta,PESH
10,2 Samuel,1,4,2 Samuel 1:4,7,ܚܘܢܝ,,,,Peshitta,PESH
10,2 Samuel,1,4,2 Samuel 1:4,8,ܘܐܡܪ,,,,Peshitta,PESH
10,2 Samuel,1,4,2 Samuel 1:4,9,ܥܪܩ,,,,Peshitta,PESH
10,2 Samuel,1,4,2 Samuel 1:4,10,ܥܡܐ,,,,Peshitta,PESH
10,2 Samuel,1,4,2 Samuel 1:4,11,ܡܢ,,,,Peshitta,PESH
10,2 Samuel,1,4,2 Samuel 1:4,12,ܩܪܒܐ,,,,Peshitta,PESH
10,2 Samuel,1,4,2 Samuel 1:4,13,ܘܐܦ,,,,Peshitta,PESH
10,2 Samuel,1,4,2 Samuel 1:4,14,ܣܘܓܐܐ,,,,Peshitta,PESH
10,2 Samuel,1,4,2 Samuel 1:4,15,ܢܦܠܘ,,,,Peshitta,PESH
10,2 Samuel,1,4,2 Samuel 1:4,16,ܡܢ,,,,Peshitta,PESH
10,2 Samuel,1,4,2 Samuel 1:4,17,ܥܡܐ,,,,Peshitta,PESH
10,2 Samuel,1,4,2 Samuel 1:4,18,ܘܫܐܘܠ,,,,Peshitta,PESH
10,2 Samuel,1,4,2 Samuel 1:4,19,ܘܝܘܢܬܢ,,,,Peshitta,PESH
10,2 Samuel,1,4,2 Samuel 1:4,20,ܒܪܗ,,,,Peshitta,PESH
10,2 Samuel,1,4,2 Samuel 1:4,21,ܡܝܬܘ,,,,Peshitta,PESH
10,2 Samuel,1,5,2 Samuel 1:5,1,ܘܐܡܪ,,,,Peshitta,PESH
10,2 Samuel,1,5,2 Samuel 1:5,2,ܕܘܝܕ,,,,Peshitta,PESH
10,2 Samuel,1,5,2 Samuel 1:5,3,ܠܥܠܝܡܐ,,,,Peshitta,PESH
10,2 Samuel,1,5,2 Samuel 1:5,4,ܚܘܢܝ,,,,Peshitta,PESH
10,2 Samuel,1,5,2 Samuel 1:5,5,ܐܝܟܢܐ,,,,Peshitta,PESH
10,2 Samuel,1,5,2 Samuel 1:5,6,ܡܝܬܘ,,,,Peshitta,PESH
10,2 Samuel,1,5,2 Samuel 1:5,7,ܫܐܘܠ,,,,Peshitta,PESH
10,2 Samuel,1,5,2 Samuel 1:5,8,ܘܝܘܢܬܢ,,,,Peshitta,PESH
10,2 Samuel,1,5,2 Samuel 1:5,9,ܒܪܗ,,,,Peshitta,PESH
10,2 Samuel,1,6,2 Samuel 1:6,1,ܘܐܡܪ,,,,Peshitta,PESH
10,2 Samuel,1,6,2 Samuel 1:6,2,ܠܗ,,,,Peshitta,PESH
10,2 Samuel,1,6,2 Samuel 1:6,3,ܥܠܝܡܐ,,,,Peshitta,PESH
10,2 Samuel,1,6,2 Samuel 1:6,4,ܗ̇ܘ,,,,Peshitta,PESH
10,2 Samuel,1,6,2 Samuel 1:6,5,ܡܣܬܩܒܠܘ,,,,Peshitta,PESH
10,2 Samuel,1,6,2 Samuel 1:6,6,ܐܣܬܩܒܠܬ,,,,Peshitta,PESH
10,2 Samuel,1,6,2 Samuel 1:6,7,ܒܛܘܪܐ,,,,Peshitta,PESH
10,2 Samuel,1,6,2 Samuel 1:6,8,ܕܓܠܒܘܥ,,,,Peshitta,PESH
10,2 Samuel,1,6,2 Samuel 1:6,9,ܘܗܐ,,,,Peshitta,PESH
10,2 Samuel,1,6,2 Samuel 1:6,10,ܫܐܘܠ,,,,Peshitta,PESH
10,2 Samuel,1,6,2 Samuel 1:6,11,ܣܡܝܟ,,,,Peshitta,PESH
10,2 Samuel,1,6,2 Samuel 1:6,12,ܥܠ,,,,Peshitta,PESH
10,2 Samuel,1,6,2 Samuel 1:6,13,ܡܘܪܢܝܬܗ,,,,Peshitta,PESH
10,2 Samuel,1,6,2 Samuel 1:6,14,ܘܡܪ̈ܟܒܬܐ,,,,Peshitta,PESH
10,2 Samuel,1,6,2 Samuel 1:6,15,ܘܓܒܪ̈ܐ,,,,Peshitta,PESH
10,2 Samuel,1,6,2 Samuel 1:6,16,ܦܪ̈ܫܐ,,,,Peshitta,PESH
10,2 Samuel,1,6,2 Samuel 1:6,17,ܐܕܪܟܘܗܝ,,,,Peshitta,PESH
10,2 Samuel,1,7,2 Samuel 1:7,1,ܘܐܬܦܢܝ,,,,Peshitta,PESH
10,2 Samuel,1,7,2 Samuel 1:7,2,ܠܒܣܬܪܗ,,,,Peshitta,PESH
10,2 Samuel,1,7,2 Samuel 1:7,3,ܘܚܙܢܝ,,,,Peshitta,PESH
10,2 Samuel,1,7,2 Samuel 1:7,4,ܘܩܪܢܝ,,,,Peshitta,PESH
10,2 Samuel,1,7,2 Samuel 1:7,5,ܘܐܡܪܬ,,,,Peshitta,PESH
10,2 Samuel,1,7,2 Samuel 1:7,6,ܗܐ,,,,Peshitta,PESH
10,2 Samuel,1,7,2 Samuel 1:7,7,ܐܢܐ,,,,Peshitta,PESH
10,2 Samuel,1,8,2 Samuel 1:8,1,ܘܐܡܪ,,,,Peshitta,PESH
10,2 Samuel,1,8,2 Samuel 1:8,2,ܠܝ,,,,Peshitta,PESH
10,2 Samuel,1,8,2 Samuel 1:8,3,ܡ̇ܢ,,,,Peshitta,PESH
10,2 Samuel,1,8,2 Samuel 1:8,4,ܐܢܬ,,,,Peshitta,PESH
10,2 Samuel,1,8,2 Samuel 1:8,5,ܘܐܡܪܬ,,,,Peshitta,PESH
10,2 Samuel,1,8,2 Samuel 1:8,6,ܠܗ,,,,Peshitta,PESH
10,2 Samuel,1,8,2 Samuel 1:8,7,ܥܡܠܩܝܐ,,,,Peshitta,PESH
10,2 Samuel,1,8,2 Samuel 1:8,8,ܐܢܐ,,,,Peshitta,PESH
10,2 Samuel,1,9,2 Samuel 1:9,1,ܘܐܡܪ,,,,Peshitta,PESH
10,2 Samuel,1,9,2 Samuel 1:9,2,ܠܝ,,,,Peshitta,PESH
10,2 Samuel,1,9,2 Samuel 1:9,3,ܩܘܡ,,,,Peshitta,PESH
10,2 Samuel,1,9,2 Samuel 1:9,4,ܥܠܝ,,,,Peshitta,PESH
10,2 Samuel,1,9,2 Samuel 1:9,5,ܘܩܛܘܠܝܢܝ,,,,Peshitta,PESH
10,2 Samuel,1,9,2 Samuel 1:9,6,ܡܛܠ,,,,Peshitta,PESH
10,2 Samuel,1,9,2 Samuel 1:9,7,ܕܐܚܕܘܢܝ,,,,Peshitta,PESH
10,2 Samuel,1,9,2 Samuel 1:9,8,ܨܘܪ̈ܢܐ,,,,Peshitta,PESH
10,2 Samuel,1,9,2 Samuel 1:9,9,ܘܟܠܗ̇,,,,Peshitta,PESH
10,2 Samuel,1,9,2 Samuel 1:9,10,ܢܦܫܝ,,,,Peshitta,PESH
10,2 Samuel,1,9,2 Samuel 1:9,11,ܒܝ,,,,Peshitta,PESH
10,2 Samuel,1,10,2 Samuel 1:10,1,ܘܩܡܬ,,,,Peshitta,PESH
10,2 Samuel,1,10,2 Samuel 1:10,2,ܥܠܘܗܝ,,,,Peshitta,PESH
10,2 Samuel,1,10,2 Samuel 1:10,3,ܘܩܛܠܬܗ,,,,Peshitta,PESH
10,2 Samuel,1,10,2 Samuel 1:10,4,ܡܛܠ,,,,Peshitta,PESH
10,2 Samuel,1,10,2 Samuel 1:10,5,ܕܝܕܥܬ,,,,Peshitta,PESH
10,2 Samuel,1,10,2 Samuel 1:10,6,ܕܠܐ,,,,Peshitta,PESH
10,2 Samuel,1,10,2 Samuel 1:10,7,ܚܝܐ,,,,Peshitta,PESH
10,2 Samuel,1,10,2 Samuel 1:10,8,ܒܬܪ,,,,Peshitta,PESH
10,2 Samuel,1,10,2 Samuel 1:10,9,ܡܦܘܠܬܗ,,,,Peshitta,PESH
10,2 Samuel,1,10,2 Samuel 1:10,10,ܘܢܣܒܬ,,,,Peshitta,PESH
10,2 Samuel,1,10,2 Samuel 1:10,11,ܟܠܝܠܐ,,,,Peshitta,PESH
10,2 Samuel,1,10,2 Samuel 1:10,12,ܕܒܪܝܫܗ,,,,Peshitta,PESH
10,2 Samuel,1,10,2 Samuel 1:10,13,ܘܩܘܠܒܐ,,,,Peshitta,PESH
10,2 Samuel,1,10,2 Samuel 1:10,14,ܕܒܕܪܥܗ,,,,Peshitta,PESH
10,2 Samuel,1,10,2 Samuel 1:10,15,ܘܐܝܬܝܬ,,,,Peshitta,PESH
10,2 Samuel,1,10,2 Samuel 1:10,16,ܐܢܘܢ,,,,Peshitta,PESH
10,2 Samuel,1,10,2 Samuel 1:10,17,ܠܡܪܝ,,,,Peshitta,PESH
10,2 Samuel,1,10,2 Samuel 1:10,18,ܠܗܪܟܐ,,,,Peshitta,PESH
10,2 Samuel,1,11,2 Samuel 1:11,1,ܘܐܚܕ,,,,Peshitta,PESH
10,2 Samuel,1,11,2 Samuel 1:11,2,ܕܘܝܕ,,,,Peshitta,PESH
10,2 Samuel,1,11,2 Samuel 1:11,3,ܒܠܒ̈ܘܫܘܗܝ,,,,Peshitta,PESH
10,2 Samuel,1,11,2 Samuel 1:11,4,ܘܨܪܝ,,,,Peshitta,PESH
10,2 Samuel,1,11,2 Samuel 1:11,5,ܐܢܘܢ,,,,Peshitta,PESH
10,2 Samuel,1,11,2 Samuel 1:11,6,ܘܐܦ,,,,Peshitta,PESH
10,2 Samuel,1,11,2 Samuel 1:11,7,ܟܠܗܘܢ,,,,Peshitta,PESH
10,2 Samuel,1,11,2 Samuel 1:11,8,ܓܒܪ̈ܐ,,,,Peshitta,PESH
10,2 Samuel,1,11,2 Samuel 1:11,9,ܕܥܡܗ,,,,Peshitta,PESH
10,2 Samuel,1,12,2 Samuel 1:12,1,ܘܐܪܩܕܘ,,,,Peshitta,PESH
10,2 Samuel,1,12,2 Samuel 1:12,2,ܘܒܟܘ,,,,Peshitta,PESH
10,2 Samuel,1,12,2 Samuel 1:12,3,ܘܨܡܘ,,,,Peshitta,PESH
10,2 Samuel,1,12,2 Samuel 1:12,4,ܥܕܡܐ,,,,Peshitta,PESH
10,2 Samuel,1,12,2 Samuel 1:12,5,ܠܪܡܫܐ,,,,Peshitta,PESH
10,2 Samuel,1,12,2 Samuel 1:12,6,ܥܠ,,,,Peshitta,PESH
10,2 Samuel,1,12,2 Samuel 1:12,7,ܫܐܘܠ,,,,Peshitta,PESH
10,2 Samuel,1,12,2 Samuel 1:12,8,ܘܥܠ,,,,Peshitta,PESH
10,2 Samuel,1,12,2 Samuel 1:12,9,ܝܘܢܬܢ,,,,Peshitta,PESH
10,2 Samuel,1,12,2 Samuel 1:12,10,ܒܪܗ,,,,Peshitta,PESH
10,2 Samuel,1,12,2 Samuel 1:12,11,ܘܥܠ,,,,Peshitta,PESH
10,2 Samuel,1,12,2 Samuel 1:12,12,ܥܡܗ,,,,Peshitta,PESH
10,2 Samuel,1,12,2 Samuel 1:12,13,ܕܡܪܝܐ,,,,Peshitta,PESH
10,2 Samuel,1,12,2 Samuel 1:12,14,ܘܥܠ,,,,Peshitta,PESH
10,2 Samuel,1,12,2 Samuel 1:12,15,ܒܢ̈ܝ,,,,Peshitta,PESH
10,2 Samuel,1,12,2 Samuel 1:12,16,ܐܝܣܪܝܠ,,,,Peshitta,PESH
10,2 Samuel,1,12,2 Samuel 1:12,17,ܕܢܦܠܘ,,,,Peshitta,PESH
10,2 Samuel,1,12,2 Samuel 1:12,18,ܒܚܪܒܐ,,,,Peshitta,PESH
10,2 Samuel,1,13,2 Samuel 1:13,1,ܘܐܡܪ,,,,Peshitta,PESH
10,2 Samuel,1,13,2 Samuel 1:13,2,ܕܘܝܕ,,,,Peshitta,PESH
10,2 Samuel,1,13,2 Samuel 1:13,3,ܠܥܠܝܡܐ,,,,Peshitta,PESH
10,2 Samuel,1,13,2 Samuel 1:13,4,ܗ̇ܘ,,,,Peshitta,PESH
10,2 Samuel,1,13,2 Samuel 1:13,5,ܕܚܘܝܗ,,,,Peshitta,PESH
10,2 Samuel,1,13,2 Samuel 1:13,6,ܡܢ,,,,Peshitta,PESH
10,2 Samuel,1,13,2 Samuel 1:13,7,ܐܝܡܟܐ,,,,Peshitta,PESH
10,2 Samuel,1,13,2 Samuel 1:13,8,ܐܢܬ,,,,Peshitta,PESH
10,2 Samuel,1,13,2 Samuel 1:13,9,ܘܐܡܪ,,,,Peshitta,PESH
10,2 Samuel,1,13,2 Samuel 1:13,10,ܠܗ,,,,Peshitta,PESH
10,2 Samuel,1,13,2 Samuel 1:13,11,ܒܪ,,,,Peshitta,PESH
10,2 Samuel,1,13,2 Samuel 1:13,12,ܓܒܪܐ,,,,Peshitta,PESH
10,2 Samuel,1,13,2 Samuel 1:13,13,ܐܢܐ,,,,Peshitta,PESH
10,2 Samuel,1,13,2 Samuel 1:13,14,ܓܝܘܪܐ,,,,Peshitta,PESH
10,2 Samuel,1,13,2 Samuel 1:13,15,ܥܡܠܩܝܐ,,,,Peshitta,PESH
10,2 Samuel,1,14,2 Samuel 1:14,1,ܘܐܡܪ,,,,Peshitta,PESH
10,2 Samuel,1,14,2 Samuel 1:14,2,ܠܗ,,,,Peshitta,PESH
10,2 Samuel,1,14,2 Samuel 1:14,3,ܕܘܝܕ,,,,Peshitta,PESH
10,2 Samuel,1,14,2 Samuel 1:14,4,ܐܝܟܢܐ,,,,Peshitta,PESH
10,2 Samuel,1,14,2 Samuel 1:14,5,ܠܐ,,,,Peshitta,PESH
10,2 Samuel,1,14,2 Samuel 1:14,6,ܕܚܠܬ,,,,Peshitta,PESH
10,2 Samuel,1,14,2 Samuel 1:14,7,ܠܡܘܫܛܘ,,,,Peshitta,PESH
10,2 Samuel,1,14,2 Samuel 1:14,8,ܐܝܕܟ,,,,Peshitta,PESH
10,2 Samuel,1,14,2 Samuel 1:14,9,ܠܡܚܒܠܘ,,,,Peshitta,PESH
10,2 Samuel,1,14,2 Samuel 1:14,10,ܠܡܫܝܚܗ,,,,Peshitta,PESH
10,2 Samuel,1,14,2 Samuel 1:14,11,ܕܡܪܝܐ,,,,Peshitta,PESH
10,2 Samuel,1,15,2 Samuel 1:15,1,ܘܩܪܐ,,,,Peshitta,PESH
10,2 Samuel,1,15,2 Samuel 1:15,2,ܕܘܝܕ,,,,Peshitta,PESH
10,2 Samuel,1,15,2 Samuel 1:15,3,ܠܚܕ,,,,Peshitta,PESH
10,2 Samuel,1,15,2 Samuel 1:15,4,ܡܢ,,,,Peshitta,PESH
10,2 Samuel,1,15,2 Samuel 1:15,5,ܥ̈ܠܝܡܐ,,,,Peshitta,PESH
10,2 Samuel,1,15,2 Samuel 1:15,6,ܘܐܡܪ,,,,Peshitta,PESH
10,2 Samuel,1,15,2 Samuel 1:15,7,ܠܗ,,,,Peshitta,PESH
10,2 Samuel,1,15,2 Samuel 1:15,8,ܩܪܘܒ,,,,Peshitta,PESH
10,2 Samuel,1,15,2 Samuel 1:15,9,ܦܓܥ,,,,Peshitta,PESH
10,2 Samuel,1,15,2 Samuel 1:15,10,ܒܗ,,,,Peshitta,PESH
10,2 Samuel,1,15,2 Samuel 1:15,11,ܘܩܪܒ,,,,Peshitta,PESH
10,2 Samuel,1,15,2 Samuel 1:15,12,ܦܓܥ,,,,Peshitta,PESH
10,2 Samuel,1,15,2 Samuel 1:15,13,ܒܗ,,,,Peshitta,PESH
10,2 Samuel,1,15,2 Samuel 1:15,14,ܘܡܚܝܗܝ,,,,Peshitta,PESH
10,2 Samuel,1,15,2 Samuel 1:15,15,ܘܡܝܬ,,,,Peshitta,PESH
10,2 Samuel,1,16,2 Samuel 1:16,1,ܘܐܡܪ,,,,Peshitta,PESH
10,2 Samuel,1,16,2 Samuel 1:16,2,ܠܗ,,,,Peshitta,PESH
10,2 Samuel,1,16,2 Samuel 1:16,3,ܕܘܝܕ,,,,Peshitta,PESH
10,2 Samuel,1,16,2 Samuel 1:16,4,ܕܡܟ,,,,Peshitta,PESH
10,2 Samuel,1,16,2 Samuel 1:16,5,ܒܪܝܫܟ,,,,Peshitta,PESH
10,2 Samuel,1,16,2 Samuel 1:16,6,ܡܛܠ,,,,Peshitta,PESH
10,2 Samuel,1,16,2 Samuel 1:16,7,ܕܦܘܡܟ,,,,Peshitta,PESH
10,2 Samuel,1,16,2 Samuel 1:16,8,ܣܗܕ,,,,Peshitta,PESH
10,2 Samuel,1,16,2 Samuel 1:16,9,ܒܟ,,,,Peshitta,PESH
10,2 Samuel,1,16,2 Samuel 1:16,10,ܕܐܡܪܬ,,,,Peshitta,PESH
10,2 Samuel,1,16,2 Samuel 1:16,11,ܕܐܢܐ,,,,Peshitta,PESH
10,2 Samuel,1,16,2 Samuel 1:16,12,ܩܛܠܬ,,,,Peshitta,PESH
10,2 Samuel,1,16,2 Samuel 1:16,13,ܠܡܫܝܚܗ,,,,Peshitta,PESH
10,2 Samuel,1,16,2 Samuel 1:16,14,ܕܡܪܝܐ,,,,Peshitta,PESH
10,2 Samuel,1,17,2 Samuel 1:17,1,ܘܐܠܐ,,,,Peshitta,PESH
10,2 Samuel,1,17,2 Samuel 1:17,2,ܕܘܝܕ,,,,Peshitta,PESH
10,2 Samuel,1,17,2 Samuel 1:17,3,ܐܘܠܝܬܐ,,,,Peshitta,PESH
10,2 Samuel,1,17,2 Samuel 1:17,4,ܗܕܐ,,,,Peshitta,PESH
10,2 Samuel,1,17,2 Samuel 1:17,5,ܥܠ,,,,Peshitta,PESH
10,2 Samuel,1,17,2 Samuel 1:17,6,ܫܐܘܠ,,,,Peshitta,PESH
10,2 Samuel,1,17,2 Samuel 1:17,7,ܘܥܠ,,,,Peshitta,PESH
10,2 Samuel,1,17,2 Samuel 1:17,8,ܝܘܢܬܢ,,,,Peshitta,PESH
10,2 Samuel,1,17,2 Samuel 1:17,9,ܒܪܗ,,,,Peshitta,PESH
10,2 Samuel,1,18,2 Samuel 1:18,1,ܘܐܡܪ,,,,Peshitta,PESH
10,2 Samuel,1,18,2 Samuel 1:18,2,ܠܡܠܦܘ,,,,Peshitta,PESH
10,2 Samuel,1,18,2 Samuel 1:18,3,ܠܒܢ̈ܝ,,,,Peshitta,PESH
10,2 Samuel,1,18,2 Samuel 1:18,4,ܝܗܘܕܐ,,,,Peshitta,PESH
10,2 Samuel,1,18,2 Samuel 1:18,5,ܩܫܬܐ,,,,Peshitta,PESH
10,2 Samuel,1,18,2 Samuel 1:18,6,ܗܐ,,,,Peshitta,PESH
10,2 Samuel,1,18,2 Samuel 1:18,7,ܟܬܝܒ,,,,Peshitta,PESH
10,2 Samuel,1,18,2 Samuel 1:18,8,ܒܣܦܪ,,,,Peshitta,PESH
10,2 Samuel,1,18,2 Samuel 1:18,9,ܐܫܝܪ,,,,Peshitta,PESH
10,2 Samuel,1,19,2 Samuel 1:19,1,ܛܒܝܐ,,,,Peshitta,PESH
10,2 Samuel,1,19,2 Samuel 1:19,2,ܐܝܣܪܝܠ,,,,Peshitta,PESH
10,2 Samuel,1,19,2 Samuel 1:19,3,ܥܠ,,,,Peshitta,PESH
10,2 Samuel,1,19,2 Samuel 1:19,4,ܪ̈ܡܬܟ,,,,Peshitta,PESH
10,2 Samuel,1,19,2 Samuel 1:19,5,ܩ̈ܛܝܠܐ,,,,Peshitta,PESH
10,2 Samuel,1,19,2 Samuel 1:19,6,ܐܝܟܢܐ,,,,Peshitta,PESH
10,2 Samuel,1,19,2 Samuel 1:19,7,ܢܦܠܘ,,,,Peshitta,PESH
10,2 Samuel,1,19,2 Samuel 1:19,8,ܓܢܒܪ̈ܐ,,,,Peshitta,PESH
10,2 Samuel,1,20,2 Samuel 1:20,1,ܠܐ,,,,Peshitta,PESH
10,2 Samuel,1,20,2 Samuel 1:20,2,ܬܚܘܘܢ,,,,Peshitta,PESH
10,2 Samuel,1,20,2 Samuel 1:20,3,ܒܓܬ,,,,Peshitta,PESH
10,2 Samuel,1,20,2 Samuel 1:20,4,ܘܠܐ,,,,Peshitta,PESH
10,2 Samuel,1,20,2 Samuel 1:20,5,ܬܣܒܪܘܢ,,,,Peshitta,PESH
10,2 Samuel,1,20,2 Samuel 1:20,6,ܒܫ̈ܘܩܐ,,,,Peshitta,PESH
10,2 Samuel,1,20,2 Samuel 1:20,7,ܕܐܫܩܠܘܢ,,,,Peshitta,PESH
10,2 Samuel,1,20,2 Samuel 1:20,8,ܕܠܐ,,,,Peshitta,PESH
10,2 Samuel,1,20,2 Samuel 1:20,9,ܢܚ̈ܕܝܢ,,,,Peshitta,PESH
10,2 Samuel,1,20,2 Samuel 1:20,10,ܒܢ̈ܬ,,,,Peshitta,PESH
10,2 Samuel,1,20,2 Samuel 1:20,11,ܦܠܫ̈ܬܝܐ,,,,Peshitta,PESH
10,2 Samuel,1,20,2 Samuel 1:20,12,ܘܠܐ,,,,Peshitta,PESH
10,2 Samuel,1,20,2 Samuel 1:20,13,ܢܕ̈ܘܨܢ,,,,Peshitta,PESH
10,2 Samuel,1,20,2 Samuel 1:20,14,ܒ̈ܢܬ,,,,Peshitta,PESH
10,2 Samuel,1,20,2 Samuel 1:20,15,ܥܘܪ̈ܠܐ,,,,Peshitta,PESH
10,2 Samuel,1,21,2 Samuel 1:21,1,ܛܘܪ̈ܐ,,,,Peshitta,PESH
10,2 Samuel,1,21,2 Samuel 1:21,2,ܕܓܠܒܘܥ,,,,Peshitta,PESH
10,2 Samuel,1,21,2 Samuel 1:21,3,ܠܐ,,,,Peshitta,PESH
10,2 Samuel,1,21,2 Samuel 1:21,4,ܛܠܐ,,,,Peshitta,PESH
10,2 Samuel,1,21,2 Samuel 1:21,5,ܘܠܐ,,,,Peshitta,PESH
10,2 Samuel,1,21,2 Samuel 1:21,6,ܡܛܪܐ,,,,Peshitta,PESH
10,2 Samuel,1,21,2 Samuel 1:21,7,ܥܠܝܟܘܢ,,,,Peshitta,PESH
10,2 Samuel,1,21,2 Samuel 1:21,8,ܘܚ̈ܩܠܬܐ,,,,Peshitta,PESH
10,2 Samuel,1,21,2 Samuel 1:21,9,ܕܡܦܪ̈ܫܝܢ,,,,Peshitta,PESH
10,2 Samuel,1,21,2 Samuel 1:21,10,ܡܛܠ,,,,Peshitta,PESH
10,2 Samuel,1,21,2 Samuel 1:21,11,ܕܬܡܢ,,,,Peshitta,PESH
10,2 Samuel,1,21,2 Samuel 1:21,12,ܐܬܬܒܪܬ,,,,Peshitta,PESH
10,2 Samuel,1,21,2 Samuel 1:21,13,ܣܟܪܐ,,,,Peshitta,PESH
10,2 Samuel,1,21,2 Samuel 1:21,14,ܕܓܢܒܪ̈ܐ,,,,Peshitta,PESH
10,2 Samuel,1,21,2 Samuel 1:21,15,ܣܟܪܗ,,,,Peshitta,PESH
10,2 Samuel,1,21,2 Samuel 1:21,16,ܕܫܐܘܠ,,,,Peshitta,PESH
10,2 Samuel,1,21,2 Samuel 1:21,17,ܕܡܫܝܚ,,,,Peshitta,PESH
10,2 Samuel,1,21,2 Samuel 1:21,18,ܗܘܐ,,,,Peshitta,PESH
10,2 Samuel,1,21,2 Samuel 1:21,19,ܒܡܫܚܐ,,,,Peshitta,PESH
10,2 Samuel,1,22,2 Samuel 1:22,1,ܡܢ,,,,Peshitta,PESH
10,2 Samuel,1,22,2 Samuel 1:22,2,ܕܡܐ,,,,Peshitta,PESH
10,2 Samuel,1,22,2 Samuel 1:22,3,ܕܩ̈ܛܝܠܐ,,,,Peshitta,PESH
10,2 Samuel,1,22,2 Samuel 1:22,4,ܘܡܢ,,,,Peshitta,PESH
10,2 Samuel,1,22,2 Samuel 1:22,5,ܬܪܒܐ,,,,Peshitta,PESH
10,2 Samuel,1,22,2 Samuel 1:22,6,ܕܓܢܒܪ̈ܐ,,,,Peshitta,PESH
10,2 Samuel,1,22,2 Samuel 1:22,7,ܩܫܬܗ,,,,Peshitta,PESH
10,2 Samuel,1,22,2 Samuel 1:22,8,ܕܝܘܢܬܢ,,,,Peshitta,PESH
10,2 Samuel,1,22,2 Samuel 1:22,9,ܠܐ,,,,Peshitta,PESH
10,2 Samuel,1,22,2 Samuel 1:22,10,ܗܦܟܐ,,,,Peshitta,PESH
10,2 Samuel,1,22,2 Samuel 1:22,11,ܗܘܬ,,,,Peshitta,PESH
10,2 Samuel,1,22,2 Samuel 1:22,12,ܠܒܣܬܪܗ̇,,,,Peshitta,PESH
10,2 Samuel,1,22,2 Samuel 1:22,13,ܘܚܪܒܗ,,,,Peshitta,PESH
10,2 Samuel,1,22,2 Samuel 1:22,14,ܕܫܐܘܠ,,,,Peshitta,PESH
10,2 Samuel,1,22,2 Samuel 1:22,15,ܠܐ,,,,Peshitta,PESH
10,2 Samuel,1,22,2 Samuel 1:22,16,ܗܦܟ,,,,Peshitta,PESH
10,2 Samuel,1,22,2 Samuel 1:22,17,ܗܘܐ,,,,Peshitta,PESH
10,2 Samuel,1,22,2 Samuel 1:22,18,ܣܪܝܩܐܝܬ,,,,Peshitta,PESH
10,2 Samuel,1,23,2 Samuel 1:23,1,ܫܐܘܠ,,,,Peshitta,PESH
10,2 Samuel,1,23,2 Samuel 1:23,2,ܘܝܘܢܬܢ,,,,Peshitta,PESH
10,2 Samuel,1,23,2 Samuel 1:23,3,ܪ̈ܚܝܡܐ,,,,Peshitta,PESH
10,2 Samuel,1,23,2 Samuel 1:23,4,ܘܒܣ̈ܝܡܐ,,,,Peshitta,PESH
10,2 Samuel,1,23,2 Samuel 1:23,5,ܒܚܝ̈ܝܗܘܢ,,,,Peshitta,PESH
10,2 Samuel,1,23,2 Samuel 1:23,6,ܘܒܡܘܬܗܘܢ,,,,Peshitta,PESH
10,2 Samuel,1,23,2 Samuel 1:23,7,ܠܐ,,,,Peshitta,PESH
10,2 Samuel,1,23,2 Samuel 1:23,8,ܦܪܫܘ,,,,Peshitta,PESH
10,2 Samuel,1,23,2 Samuel 1:23,9,ܡܢ,,,,Peshitta,PESH
10,2 Samuel,1,23,2 Samuel 1:23,10,ܢܫܪ̈ܐ,,,,Peshitta,PESH
10,2 Samuel,1,23,2 Samuel 1:23,11,ܩ̈ܠܝܠܝܢ,,,,Peshitta,PESH
10,2 Samuel,1,23,2 Samuel 1:23,12,ܗܘܘ,,,,Peshitta,PESH
10,2 Samuel,1,23,2 Samuel 1:23,13,ܘܡܢ,,,,Peshitta,PESH
10,2 Samuel,1,23,2 Samuel 1:23,14,ܐܪ̈ܝܘܬܐ,,,,Peshitta,PESH
10,2 Samuel,1,23,2 Samuel 1:23,15,ܥܫ̈ܝܢܝܢ,,,,Peshitta,PESH
10,2 Samuel,1,23,2 Samuel 1:23,16,ܗܘܘ,,,,Peshitta,PESH
10,2 Samuel,1,24,2 Samuel 1:24,1,ܒܢ̈ܬ,,,,Peshitta,PESH
10,2 Samuel,1,24,2 Samuel 1:24,2,ܐܝܣܪܝܠ,,,,Peshitta,PESH
10,2 Samuel,1,24,2 Samuel 1:24,3,ܥܠ,,,,Peshitta,PESH
10,2 Samuel,1,24,2 Samuel 1:24,4,ܫܐܘܠ,,,,Peshitta,PESH
10,2 Samuel,1,24,2 Samuel 1:24,5,ܒܟܝ̈ܝܢ,,,,Peshitta,PESH
10,2 Samuel,1,24,2 Samuel 1:24,6,ܕܡܠܒܫ,,,,Peshitta,PESH
10,2 Samuel,1,24,2 Samuel 1:24,7,ܗܘܐ,,,,Peshitta,PESH
10,2 Samuel,1,24,2 Samuel 1:24,8,ܠܟܝܢ,,,,Peshitta,PESH
10,2 Samuel,1,24,2 Samuel 1:24,9,ܙܚܘܪ̈ܝܬܐ,,,,Peshitta,PESH
10,2 Samuel,1,24,2 Samuel 1:24,10,ܥܠ,,,,Peshitta,PESH
10,2 Samuel,1,24,2 Samuel 1:24,11,ܨܘ̈ܒܥܢܐ,,,,Peshitta,PESH
10,2 Samuel,1,24,2 Samuel 1:24,12,ܘܡܣܩ,,,,Peshitta,PESH
10,2 Samuel,1,24,2 Samuel 1:24,13,ܗܘܐ,,,,Peshitta,PESH
10,2 Samuel,1,24,2 Samuel 1:24,14,ܨܘܪ̈ܬܐ,,,,Peshitta,PESH
10,2 Samuel,1,24,2 Samuel 1:24,15,ܕܕܗܒܐ,,,,Peshitta,PESH
10,2 Samuel,1,24,2 Samuel 1:24,16,ܥܠ,,,,Peshitta,PESH
10,2 Samuel,1,24,2 Samuel 1:24,17,ܠܒܘܫ̈ܝܟܝܢ,,,,Peshitta,PESH
10,2 Samuel,1,25,2 Samuel 1:25,1,ܐܝܟܢܐ,,,,Peshitta,PESH
10,2 Samuel,1,25,2 Samuel 1:25,2,ܢܦܠܘ,,,,Peshitta,PESH
10,2 Samuel,1,25,2 Samuel 1:25,3,ܓܢܒܪ̈ܐ,,,,Peshitta,PESH
10,2 Samuel,1,25,2 Samuel 1:25,4,ܒܓܘ,,,,Peshitta,PESH
10,2 Samuel,1,25,2 Samuel 1:25,5,ܩܪܒܐ,,,,Peshitta,PESH
10,2 Samuel,1,25,2 Samuel 1:25,6,ܝܘܢܬܢ,,,,Peshitta,PESH
10,2 Samuel,1,25,2 Samuel 1:25,7,ܥܠ,,,,Peshitta,PESH
10,2 Samuel,1,25,2 Samuel 1:25,8,ܪ̈ܡܬܟ,,,,Peshitta,PESH
10,2 Samuel,1,25,2 Samuel 1:25,9,ܩ̈ܛܝܠܐ,,,,Peshitta,PESH
10,2 Samuel,1,26,2 Samuel 1:26,1,ܥܩܬ,,,,Peshitta,PESH
10,2 Samuel,1,26,2 Samuel 1:26,2,ܠܝ,,,,Peshitta,PESH
10,2 Samuel,1,26,2 Samuel 1:26,3,ܥܠܝܟ,,,,Peshitta,PESH
10,2 Samuel,1,26,2 Samuel 1:26,4,ܐܚܝ,,,,Peshitta,PESH
10,2 Samuel,1,26,2 Samuel 1:26,5,ܝܘܢܬܢ,,,,Peshitta,PESH
10,2 Samuel,1,26,2 Samuel 1:26,6,ܚܒܝܒ,,,,Peshitta,PESH
10,2 Samuel,1,26,2 Samuel 1:26,7,ܗܘܝܬ,,,,Peshitta,PESH
10,2 Samuel,1,26,2 Samuel 1:26,8,ܠܝ,,,,Peshitta,PESH
10,2 Samuel,1,26,2 Samuel 1:26,9,ܛܒ,,,,Peshitta,PESH
10,2 Samuel,1,26,2 Samuel 1:26,10,ܦܪܝܫܐ,,,,Peshitta,PESH
10,2 Samuel,1,26,2 Samuel 1:26,11,ܗܘܬ,,,,Peshitta,PESH
10,2 Samuel,1,26,2 Samuel 1:26,12,ܠܝ,,,,Peshitta,PESH
10,2 Samuel,1,26,2 Samuel 1:26,13,ܪܚܡܬܟ,,,,Peshitta,PESH
10,2 Samuel,1,26,2 Samuel 1:26,14,ܡܢ,,,,Peshitta,PESH
10,2 Samuel,1,26,2 Samuel 1:26,15,ܪܚܡܬܐ,,,,Peshitta,PESH
10,2 Samuel,1,26,2 Samuel 1:26,16,ܕܢܫ̈ܐ,,,,Peshitta,PESH
10,2 Samuel,1,27,2 Samuel 1:27,1,ܐܝܟܢܐ,,,,Peshitta,PESH
10,2 Samuel,1,27,2 Samuel 1:27,2,ܢܦܠܘ,,,,Peshitta,PESH
10,2 Samuel,1,27,2 Samuel 1:27,3,ܓܢܒܪ̈ܐ,,,,Peshitta,PESH
10,2 Samuel,1,27,2 Samuel 1:27,4,ܘܐܒܕܘ,,,,Peshitta,PESH
10,2 Samuel,1,27,2 Samuel 1:27,5,ܡܐ̈ܢܐ,,,,Peshitta,PESH
10,2 Samuel,1,27,2 Samuel 1:27,6,ܕܩܪܒܐ,,,,Peshitta,PESH
10,2 Samuel,2,1,2 Samuel 2:1,1,ܘܗܘܐ,,,,Peshitta,PESH
10,2 Samuel,2,1,2 Samuel 2:1,2,ܡܢ,,,,Peshitta,PESH
10,2 Samuel,2,1,2 Samuel 2:1,3,ܒܬܪܟܢ,,,,Peshitta,PESH
10,2 Samuel,2,1,2 Samuel 2:1,4,ܘܫܐܠ,,,,Peshitta,PESH
10,2 Samuel,2,1,2 Samuel 2:1,5,ܕܘܝܕ,,,,Peshitta,PESH
10,2 Samuel,2,1,2 Samuel 2:1,6,ܒܡܪܝܐ,,,,Peshitta,PESH
10,2 Samuel,2,1,2 Samuel 2:1,7,ܘܐܡܪ,,,,Peshitta,PESH
10,2 Samuel,2,1,2 Samuel 2:1,8,ܐܣܩ,,,,Peshitta,PESH
10,2 Samuel,2,1,2 Samuel 2:1,9,ܠܚܕܐ,,,,Peshitta,PESH
10,2 Samuel,2,1,2 Samuel 2:1,10,ܡܢ,,,,Peshitta,PESH
10,2 Samuel,2,1,2 Samuel 2:1,11,ܩܘܪ̈ܝܐ,,,,Peshitta,PESH
10,2 Samuel,2,1,2 Samuel 2:1,12,ܕܝܗܘܕܐ,,,,Peshitta,PESH
10,2 Samuel,2,1,2 Samuel 2:1,13,ܘܐܡܪ,,,,Peshitta,PESH
10,2 Samuel,2,1,2 Samuel 2:1,14,ܠܗ,,,,Peshitta,PESH
10,2 Samuel,2,1,2 Samuel 2:1,15,ܡܪܝܐ,,,,Peshitta,PESH
10,2 Samuel,2,1,2 Samuel 2:1,16,ܣܩ,,,,Peshitta,PESH
10,2 Samuel,2,1,2 Samuel 2:1,17,ܘܐܡܪ,,,,Peshitta,PESH
10,2 Samuel,2,1,2 Samuel 2:1,18,ܕܘܝܕ,,,,Peshitta,PESH
10,2 Samuel,2,1,2 Samuel 2:1,19,ܠܐܝܟܐ,,,,Peshitta,PESH
10,2 Samuel,2,1,2 Samuel 2:1,20,ܐܣܩ,,,,Peshitta,PESH
10,2 Samuel,2,1,2 Samuel 2:1,21,ܘܐܡܪ,,,,Peshitta,PESH
10,2 Samuel,2,1,2 Samuel 2:1,22,ܠܗ,,,,Peshitta,PESH
10,2 Samuel,2,1,2 Samuel 2:1,23,ܠܚܒܪܘܢ,,,,Peshitta,PESH
10,2 Samuel,2,2,2 Samuel 2:2,1,ܘܣܠܩ,,,,Peshitta,PESH
10,2 Samuel,2,2,2 Samuel 2:2,2,ܠܬܡܢ,,,,Peshitta,PESH
10,2 Samuel,2,2,2 Samuel 2:2,3,ܕܘܝܕ,,,,Peshitta,PESH
10,2 Samuel,2,2,2 Samuel 2:2,4,ܘܐܦ,,,,Peshitta,PESH
10,2 Samuel,2,2,2 Samuel 2:2,5,ܬܪ̈ܬܝܢ,,,,Peshitta,PESH
10,2 Samuel,2,2,2 Samuel 2:2,6,ܢܫ̈ܘܗܝ,,,,Peshitta,PESH
10,2 Samuel,2,2,2 Samuel 2:2,7,ܐܚܝܢܥܡ,,,,Peshitta,PESH
10,2 Samuel,2,2,2 Samuel 2:2,8,ܕܡܢ,,,,Peshitta,PESH
10,2 Samuel,2,2,2 Samuel 2:2,9,ܐܝܙܪܥܝܠ,,,,Peshitta,PESH
10,2 Samuel,2,2,2 Samuel 2:2,10,ܘܐܒܝܓܠ,,,,Peshitta,PESH
10,2 Samuel,2,2,2 Samuel 2:2,11,ܐܢܬܬܗ,,,,Peshitta,PESH
10,2 Samuel,2,2,2 Samuel 2:2,12,ܕܢܒܠ,,,,Peshitta,PESH
10,2 Samuel,2,2,2 Samuel 2:2,13,ܟܪܡܠܝܐ,,,,Peshitta,PESH
10,2 Samuel,2,3,2 Samuel 2:3,1,ܘܕܘܝܕ,,,,Peshitta,PESH
10,2 Samuel,2,3,2 Samuel 2:3,2,ܘܓܒܪ̈ܘܗܝ,,,,Peshitta,PESH
10,2 Samuel,2,3,2 Samuel 2:3,3,ܥܡܗ,,,,Peshitta,PESH
10,2 Samuel,2,3,2 Samuel 2:3,4,ܣܠܩܘ,,,,Peshitta,PESH
10,2 Samuel,2,3,2 Samuel 2:3,5,ܘܐܢܫ̈ܝ,,,,Peshitta,PESH
10,2 Samuel,2,3,2 Samuel 2:3,6,ܒܝܬܗ,,,,Peshitta,PESH
10,2 Samuel,2,3,2 Samuel 2:3,7,ܘܝܬܒܘ,,,,Peshitta,PESH
10,2 Samuel,2,3,2 Samuel 2:3,8,ܒܚܒܪܘܢ,,,,Peshitta,PESH
10,2 Samuel,2,4,2 Samuel 2:4,1,ܘܐܬܘ,,,,Peshitta,PESH
10,2 Samuel,2,4,2 Samuel 2:4,2,ܐܢܫܐ,,,,Peshitta,PESH
10,2 Samuel,2,4,2 Samuel 2:4,3,ܕܝܗܘܕܐ,,,,Peshitta,PESH
10,2 Samuel,2,4,2 Samuel 2:4,4,ܠܡܡܫܚ,,,,Peshitta,PESH
10,2 Samuel,2,4,2 Samuel 2:4,5,ܬܡܢ,,,,Peshitta,PESH
10,2 Samuel,2,4,2 Samuel 2:4,6,ܠܕܘܝܕ,,,,Peshitta,PESH
10,2 Samuel,2,4,2 Samuel 2:4,7,ܕܢܡܠܟ,,,,Peshitta,PESH
10,2 Samuel,2,4,2 Samuel 2:4,8,ܥܠ,,,,Peshitta,PESH
10,2 Samuel,2,4,2 Samuel 2:4,9,ܕܒܝܬ,,,,Peshitta,PESH
10,2 Samuel,2,4,2 Samuel 2:4,10,ܝܗܘܕܐ,,,,Peshitta,PESH
10,2 Samuel,2,4,2 Samuel 2:4,11,ܘܚܘܝܘ,,,,Peshitta,PESH
10,2 Samuel,2,4,2 Samuel 2:4,12,ܠܕܘܝܕ,,,,Peshitta,PESH
10,2 Samuel,2,4,2 Samuel 2:4,13,ܘܐܡܪܘ,,,,Peshitta,PESH
10,2 Samuel,2,4,2 Samuel 2:4,14,ܠܗ,,,,Peshitta,PESH
10,2 Samuel,2,4,2 Samuel 2:4,15,ܕܐܢܫ̈ܝ,,,,Peshitta,PESH
10,2 Samuel,2,4,2 Samuel 2:4,16,ܝܒܝܫ,,,,Peshitta,PESH
10,2 Samuel,2,4,2 Samuel 2:4,17,ܕܓܠܥܕ,,,,Peshitta,PESH
10,2 Samuel,2,4,2 Samuel 2:4,18,ܩܒܪܘ,,,,Peshitta,PESH
10,2 Samuel,2,4,2 Samuel 2:4,19,ܠܫܐܘܠ,,,,Peshitta,PESH
10,2 Samuel,2,5,2 Samuel 2:5,1,ܘܫܕܪ,,,,Peshitta,PESH
10,2 Samuel,2,5,2 Samuel 2:5,2,ܕܘܝܕ,,,,Peshitta,PESH
10,2 Samuel,2,5,2 Samuel 2:5,3,ܐܝ̈ܙܓܕܐ,,,,Peshitta,PESH
10,2 Samuel,2,5,2 Samuel 2:5,4,ܠܘܬ,,,,Peshitta,PESH
10,2 Samuel,2,5,2 Samuel 2:5,5,ܐܢܫ̈ܝ,,,,Peshitta,PESH
10,2 Samuel,2,5,2 Samuel 2:5,6,ܝܒܝܫ,,,,Peshitta,PESH
10,2 Samuel,2,5,2 Samuel 2:5,7,ܕܓܠܥܕ,,,,Peshitta,PESH
10,2 Samuel,2,5,2 Samuel 2:5,8,ܘܐܡܪ,,,,Peshitta,PESH
10,2 Samuel,2,5,2 Samuel 2:5,9,ܠܗܘܢ,,,,Peshitta,PESH
10,2 Samuel,2,5,2 Samuel 2:5,10,ܒܪ̈ܝܟܝܢ,,,,Peshitta,PESH
10,2 Samuel,2,5,2 Samuel 2:5,11,ܐܢܬܘܢ,,,,Peshitta,PESH
10,2 Samuel,2,5,2 Samuel 2:5,12,ܠܡܪܝܐ,,,,Peshitta,PESH
10,2 Samuel,2,5,2 Samuel 2:5,13,ܕܥܒܕܬܘܢ,,,,Peshitta,PESH
10,2 Samuel,2,5,2 Samuel 2:5,14,ܛܝܒܘܬܐ,,,,Peshitta,PESH
10,2 Samuel,2,5,2 Samuel 2:5,15,ܗܕܐ,,,,Peshitta,PESH
10,2 Samuel,2,5,2 Samuel 2:5,16,ܥܡ,,,,Peshitta,PESH
10,2 Samuel,2,5,2 Samuel 2:5,17,ܡܪܟܘܢ,,,,Peshitta,PESH
10,2 Samuel,2,5,2 Samuel 2:5,18,ܥܡ,,,,Peshitta,PESH
10,2 Samuel,2,5,2 Samuel 2:5,19,ܫܐܘܠ,,,,Peshitta,PESH
10,2 Samuel,2,5,2 Samuel 2:5,20,ܕܩܒܪܬܘܢܝܗܝ,,,,Peshitta,PESH
10,2 Samuel,2,6,2 Samuel 2:6,1,ܘܗܫܐ,,,,Peshitta,PESH
10,2 Samuel,2,6,2 Samuel 2:6,2,ܢܥܒܕ,,,,Peshitta,PESH
10,2 Samuel,2,6,2 Samuel 2:6,3,ܡܪܝܐ,,,,Peshitta,PESH
10,2 Samuel,2,6,2 Samuel 2:6,4,ܥܡܟܘܢ,,,,Peshitta,PESH
10,2 Samuel,2,6,2 Samuel 2:6,5,ܛܝܒܘܬܐ,,,,Peshitta,PESH
10,2 Samuel,2,6,2 Samuel 2:6,6,ܘܩܘܫܬܐ,,,,Peshitta,PESH
10,2 Samuel,2,6,2 Samuel 2:6,7,ܘܐܦ,,,,Peshitta,PESH
10,2 Samuel,2,6,2 Samuel 2:6,8,ܐܢܐ,,,,Peshitta,PESH
10,2 Samuel,2,6,2 Samuel 2:6,9,ܐܥܒܕ,,,,Peshitta,PESH
10,2 Samuel,2,6,2 Samuel 2:6,10,ܥܡܟܘܢ,,,,Peshitta,PESH
10,2 Samuel,2,6,2 Samuel 2:6,11,ܛܝܒܘܬܐ,,,,Peshitta,PESH
10,2 Samuel,2,6,2 Samuel 2:6,12,ܗܕܐ,,,,Peshitta,PESH
10,2 Samuel,2,6,2 Samuel 2:6,13,ܕܥܒܕܬܘܢ,,,,Peshitta,PESH
10,2 Samuel,2,6,2 Samuel 2:6,14,ܦܬܓܡܐ,,,,Peshitta,PESH
10,2 Samuel,2,6,2 Samuel 2:6,15,ܗܢܐ,,,,Peshitta,PESH
10,2 Samuel,2,7,2 Samuel 2:7,1,ܘܗܫܐ,,,,Peshitta,PESH
10,2 Samuel,2,7,2 Samuel 2:7,2,ܢܬܚ̈ܝܠܢ,,,,Peshitta,PESH
10,2 Samuel,2,7,2 Samuel 2:7,3,ܐ̈ܝܕܝܟܘܢ,,,,Peshitta,PESH
10,2 Samuel,2,7,2 Samuel 2:7,4,ܘܗܘܘ,,,,Peshitta,PESH
10,2 Samuel,2,7,2 Samuel 2:7,5,ܒܢ̈ܝ,,,,Peshitta,PESH
10,2 Samuel,2,7,2 Samuel 2:7,6,ܚܝܠܐ,,,,Peshitta,PESH
10,2 Samuel,2,7,2 Samuel 2:7,7,ܡܛܠ,,,,Peshitta,PESH
10,2 Samuel,2,7,2 Samuel 2:7,8,ܕܡܝܬ,,,,Peshitta,PESH
10,2 Samuel,2,7,2 Samuel 2:7,9,ܫܐܘܠ,,,,Peshitta,PESH
10,2 Samuel,2,7,2 Samuel 2:7,10,ܡܪܟܘܢ,,,,Peshitta,PESH
10,2 Samuel,2,7,2 Samuel 2:7,11,ܘܠܝ,,,,Peshitta,PESH
10,2 Samuel,2,7,2 Samuel 2:7,12,ܡܫܚܘ,,,,Peshitta,PESH
10,2 Samuel,2,7,2 Samuel 2:7,13,ܒܢ̈ܝ,,,,Peshitta,PESH
10,2 Samuel,2,7,2 Samuel 2:7,14,ܝܗܘܕܐ,,,,Peshitta,PESH
10,2 Samuel,2,7,2 Samuel 2:7,15,ܕܐܡܠܟ,,,,Peshitta,PESH
10,2 Samuel,2,7,2 Samuel 2:7,16,ܥܠܝܗܘܢ,,,,Peshitta,PESH
10,2 Samuel,2,8,2 Samuel 2:8,1,ܘܐܒܢܝܪ,,,,Peshitta,PESH
10,2 Samuel,2,8,2 Samuel 2:8,2,ܒܪ,,,,Peshitta,PESH
10,2 Samuel,2,8,2 Samuel 2:8,3,ܢܝܪ,,,,Peshitta,PESH
10,2 Samuel,2,8,2 Samuel 2:8,4,ܪܒ,,,,Peshitta,PESH
10,2 Samuel,2,8,2 Samuel 2:8,5,ܚܝܠܗ,,,,Peshitta,PESH
10,2 Samuel,2,8,2 Samuel 2:8,6,ܕܫܐܘܠ,,,,Peshitta,PESH
10,2 Samuel,2,8,2 Samuel 2:8,7,ܕܒܪ,,,,Peshitta,PESH
10,2 Samuel,2,8,2 Samuel 2:8,8,ܠܐܫܒܫܘܠ,,,,Peshitta,PESH
10,2 Samuel,2,8,2 Samuel 2:8,9,ܒܪ,,,,Peshitta,PESH
10,2 Samuel,2,8,2 Samuel 2:8,10,ܫܐܘܠ,,,,Peshitta,PESH
10,2 Samuel,2,8,2 Samuel 2:8,11,ܘܐܥܒܪܗ,,,,Peshitta,PESH
10,2 Samuel,2,8,2 Samuel 2:8,12,ܠܡܚܢܝܡ,,,,Peshitta,PESH
10,2 Samuel,2,9,2 Samuel 2:9,1,ܘܐܡܠܟܗ,,,,Peshitta,PESH
10,2 Samuel,2,9,2 Samuel 2:9,2,ܥܠ,,,,Peshitta,PESH
10,2 Samuel,2,9,2 Samuel 2:9,3,ܓܠܥܕ,,,,Peshitta,PESH
10,2 Samuel,2,9,2 Samuel 2:9,4,ܘܥܠ,,,,Peshitta,PESH
10,2 Samuel,2,9,2 Samuel 2:9,5,ܓܫܘܪ,,,,Peshitta,PESH
10,2 Samuel,2,9,2 Samuel 2:9,6,ܘܥܠ,,,,Peshitta,PESH
10,2 Samuel,2,9,2 Samuel 2:9,7,ܐܝܙܪܥܝܠ,,,,Peshitta,PESH
10,2 Samuel,2,9,2 Samuel 2:9,8,ܘܥܠ,,,,Peshitta,PESH
10,2 Samuel,2,9,2 Samuel 2:9,9,ܐܦܪܝܡ,,,,Peshitta,PESH
10,2 Samuel,2,9,2 Samuel 2:9,10,ܘܥܠ,,,,Peshitta,PESH
10,2 Samuel,2,9,2 Samuel 2:9,11,ܒܢܝܡܝܢ,,,,Peshitta,PESH
10,2 Samuel,2,9,2 Samuel 2:9,12,ܘܥܠ,,,,Peshitta,PESH
10,2 Samuel,2,9,2 Samuel 2:9,13,ܟܠܗ,,,,Peshitta,PESH
10,2 Samuel,2,9,2 Samuel 2:9,14,ܐܝܣܪܝܠ,,,,Peshitta,PESH
10,2 Samuel,2,10,2 Samuel 2:10,1,ܒܪ,,,,Peshitta,PESH
10,2 Samuel,2,10,2 Samuel 2:10,2,ܐܪ̈ܒܥܝܢ,,,,Peshitta,PESH
10,2 Samuel,2,10,2 Samuel 2:10,3,ܗܘܐ,,,,Peshitta,PESH
10,2 Samuel,2,10,2 Samuel 2:10,4,ܫ̈ܢܝܢ,,,,Peshitta,PESH
10,2 Samuel,2,10,2 Samuel 2:10,5,ܐܫܒܫܘܠ,,,,Peshitta,PESH
10,2 Samuel,2,10,2 Samuel 2:10,6,ܒܪ,,,,Peshitta,PESH
10,2 Samuel,2,10,2 Samuel 2:10,7,ܫܐܘܠ,,,,Peshitta,PESH
10,2 Samuel,2,10,2 Samuel 2:10,8,ܟܕ,,,,Peshitta,PESH
10,2 Samuel,2,10,2 Samuel 2:10,9,ܐܡܠܟ,,,,Peshitta,PESH
10,2 Samuel,2,10,2 Samuel 2:10,10,ܥܠ,,,,Peshitta,PESH
10,2 Samuel,2,10,2 Samuel 2:10,11,ܐܝܣܪܝܠ,,,,Peshitta,PESH
10,2 Samuel,2,10,2 Samuel 2:10,12,ܘܬܪ̈ܬܝܢ,,,,Peshitta,PESH
10,2 Samuel,2,10,2 Samuel 2:10,13,ܫ̈ܢܝܢ,,,,Peshitta,PESH
10,2 Samuel,2,10,2 Samuel 2:10,14,ܐܡܠܟ,,,,Peshitta,PESH
10,2 Samuel,2,10,2 Samuel 2:10,15,ܒܪܡ,,,,Peshitta,PESH
10,2 Samuel,2,10,2 Samuel 2:10,16,ܕܒܝܬ,,,,Peshitta,PESH
10,2 Samuel,2,10,2 Samuel 2:10,17,ܝܗܘܕܐ,,,,Peshitta,PESH
10,2 Samuel,2,10,2 Samuel 2:10,18,ܗܘܘ,,,,Peshitta,PESH
10,2 Samuel,2,10,2 Samuel 2:10,19,ܒܬܪ,,,,Peshitta,PESH
10,2 Samuel,2,10,2 Samuel 2:10,20,ܕܘܝܕ,,,,Peshitta,PESH
10,2 Samuel,2,11,2 Samuel 2:11,1,ܘܗܘܐ,,,,Peshitta,PESH
10,2 Samuel,2,11,2 Samuel 2:11,2,ܡܢܝܢܐ,,,,Peshitta,PESH
10,2 Samuel,2,11,2 Samuel 2:11,3,ܕܝܘܡ̈ܬܐ,,,,Peshitta,PESH
10,2 Samuel,2,11,2 Samuel 2:11,4,ܕܐܡܠܟ,,,,Peshitta,PESH
10,2 Samuel,2,11,2 Samuel 2:11,5,ܡܠܟܐ,,,,Peshitta,PESH
10,2 Samuel,2,11,2 Samuel 2:11,6,ܕܘܝܕ,,,,Peshitta,PESH
10,2 Samuel,2,11,2 Samuel 2:11,7,ܒܚܒܪܘܢ,,,,Peshitta,PESH
10,2 Samuel,2,11,2 Samuel 2:11,8,ܥܠ,,,,Peshitta,PESH
10,2 Samuel,2,11,2 Samuel 2:11,9,ܕܒܝܬ,,,,Peshitta,PESH
10,2 Samuel,2,11,2 Samuel 2:11,10,ܝܗܘܕܐ,,,,Peshitta,PESH
10,2 Samuel,2,11,2 Samuel 2:11,11,ܫܒܥ,,,,Peshitta,PESH
10,2 Samuel,2,11,2 Samuel 2:11,12,ܫ̈ܢܝܢ,,,,Peshitta,PESH
10,2 Samuel,2,11,2 Samuel 2:11,13,ܘܫܬܐ,,,,Peshitta,PESH
10,2 Samuel,2,11,2 Samuel 2:11,14,ܝܪ̈ܚܝܢ,,,,Peshitta,PESH
10,2 Samuel,2,12,2 Samuel 2:12,1,ܘܢܦܩ,,,,Peshitta,PESH
10,2 Samuel,2,12,2 Samuel 2:12,2,ܐܒܢܝܪ,,,,Peshitta,PESH
10,2 Samuel,2,12,2 Samuel 2:12,3,ܒܪ,,,,Peshitta,PESH
10,2 Samuel,2,12,2 Samuel 2:12,4,ܢܝܪ,,,,Peshitta,PESH
10,2 Samuel,2,12,2 Samuel 2:12,5,ܘܥܒ̈ܕܘܗܝ,,,,Peshitta,PESH
10,2 Samuel,2,12,2 Samuel 2:12,6,ܕܐܫܒܫܘܠ,,,,Peshitta,PESH
10,2 Samuel,2,12,2 Samuel 2:12,7,ܒܪ,,,,Peshitta,PESH
10,2 Samuel,2,12,2 Samuel 2:12,8,ܫܐܘܠ,,,,Peshitta,PESH
10,2 Samuel,2,12,2 Samuel 2:12,9,ܡܢ,,,,Peshitta,PESH
10,2 Samuel,2,12,2 Samuel 2:12,10,ܡܚܢܝܡ,,,,Peshitta,PESH
10,2 Samuel,2,12,2 Samuel 2:12,11,ܠܓܒܥܘܢ,,,,Peshitta,PESH
10,2 Samuel,2,13,2 Samuel 2:13,1,ܘܝܘܐܒ,,,,Peshitta,PESH
10,2 Samuel,2,13,2 Samuel 2:13,2,ܒܪ,,,,Peshitta,PESH
10,2 Samuel,2,13,2 Samuel 2:13,3,ܨܘܪܝܐ,,,,Peshitta,PESH
10,2 Samuel,2,13,2 Samuel 2:13,4,ܘܓܒܪ̈ܘܗܝ,,,,Peshitta,PESH
10,2 Samuel,2,13,2 Samuel 2:13,5,ܕܕܘܝܕ,,,,Peshitta,PESH
10,2 Samuel,2,13,2 Samuel 2:13,6,ܢܦܩܘ,,,,Peshitta,PESH
10,2 Samuel,2,13,2 Samuel 2:13,7,ܘܦܓܥܘ,,,,Peshitta,PESH
10,2 Samuel,2,13,2 Samuel 2:13,8,ܒܗܘܢ,,,,Peshitta,PESH
10,2 Samuel,2,13,2 Samuel 2:13,9,ܒ̈ܥܠܝܡܐ,,,,Peshitta,PESH
10,2 Samuel,2,13,2 Samuel 2:13,10,ܒܓܒܥܘܢ,,,,Peshitta,PESH
10,2 Samuel,2,13,2 Samuel 2:13,11,ܐܟܚܕܐ,,,,Peshitta,PESH
10,2 Samuel,2,13,2 Samuel 2:13,12,ܘܝܬܒܘ,,,,Peshitta,PESH
10,2 Samuel,2,13,2 Samuel 2:13,13,ܗܠܝܢ,,,,Peshitta,PESH
10,2 Samuel,2,13,2 Samuel 2:13,14,ܥܠܝܡ̈ܐ,,,,Peshitta,PESH
10,2 Samuel,2,13,2 Samuel 2:13,15,ܡܟܐ,,,,Peshitta,PESH
10,2 Samuel,2,13,2 Samuel 2:13,16,ܘܗܠܝܢ,,,,Peshitta,PESH
10,2 Samuel,2,13,2 Samuel 2:13,17,ܥܠܝܡ̈ܐ,,,,Peshitta,PESH
10,2 Samuel,2,13,2 Samuel 2:13,18,ܡܟܐ,,,,Peshitta,PESH
10,2 Samuel,2,14,2 Samuel 2:14,1,ܘܐܡܪ,,,,Peshitta,PESH
10,2 Samuel,2,14,2 Samuel 2:14,2,ܐܒܢܝܪ,,,,Peshitta,PESH
10,2 Samuel,2,14,2 Samuel 2:14,3,ܠܝܘܐܒ,,,,Peshitta,PESH
10,2 Samuel,2,14,2 Samuel 2:14,4,ܢܩܘܡܘܢ,,,,Peshitta,PESH
10,2 Samuel,2,14,2 Samuel 2:14,5,ܛ̈ܠܝܐ,,,,Peshitta,PESH
10,2 Samuel,2,14,2 Samuel 2:14,6,ܢܫܬܥܘܢ,,,,Peshitta,PESH
10,2 Samuel,2,14,2 Samuel 2:14,7,ܩܕܡܝܢ,,,,Peshitta,PESH
10,2 Samuel,2,14,2 Samuel 2:14,8,ܘܐܡܪ,,,,Peshitta,PESH
10,2 Samuel,2,14,2 Samuel 2:14,9,ܝܘܐܒ,,,,Peshitta,PESH
10,2 Samuel,2,14,2 Samuel 2:14,10,ܢܩܘܡܘܢ,,,,Peshitta,PESH
10,2 Samuel,2,15,2 Samuel 2:15,1,ܘܩܡܘ,,,,Peshitta,PESH
10,2 Samuel,2,15,2 Samuel 2:15,2,ܘܥܒܪܘ,,,,Peshitta,PESH
10,2 Samuel,2,15,2 Samuel 2:15,3,ܒܡܢܝܢܐ,,,,Peshitta,PESH
10,2 Samuel,2,15,2 Samuel 2:15,4,ܬܪ̈ܥܣܪ,,,,Peshitta,PESH
10,2 Samuel,2,15,2 Samuel 2:15,5,ܕܒܢܝܡܝܢ,,,,Peshitta,PESH
10,2 Samuel,2,15,2 Samuel 2:15,6,ܕܐܫܒܫܘܠ,,,,Peshitta,PESH
10,2 Samuel,2,15,2 Samuel 2:15,7,ܒܪ,,,,Peshitta,PESH
10,2 Samuel,2,15,2 Samuel 2:15,8,ܫܐܘܠ,,,,Peshitta,PESH
10,2 Samuel,2,15,2 Samuel 2:15,9,ܘܬܪ̈ܥܣܪ,,,,Peshitta,PESH
10,2 Samuel,2,15,2 Samuel 2:15,10,ܡܢ,,,,Peshitta,PESH
10,2 Samuel,2,15,2 Samuel 2:15,11,ܓܒܪ̈ܐ,,,,Peshitta,PESH
10,2 Samuel,2,15,2 Samuel 2:15,12,ܕܕܘܝܕ,,,,Peshitta,PESH
10,2 Samuel,2,16,2 Samuel 2:16,1,ܘܐܚܕܘ,,,,Peshitta,PESH
10,2 Samuel,2,16,2 Samuel 2:16,2,ܐܢܫ,,,,Peshitta,PESH
10,2 Samuel,2,16,2 Samuel 2:16,3,ܒܪܝܫ,,,,Peshitta,PESH
10,2 Samuel,2,16,2 Samuel 2:16,4,ܚܒܪܗ,,,,Peshitta,PESH
10,2 Samuel,2,16,2 Samuel 2:16,5,ܘܣܝܦܗ,,,,Peshitta,PESH
10,2 Samuel,2,16,2 Samuel 2:16,6,ܡܢ,,,,Peshitta,PESH
10,2 Samuel,2,16,2 Samuel 2:16,7,ܓܢܒ,,,,Peshitta,PESH
10,2 Samuel,2,16,2 Samuel 2:16,8,ܚܒܪܗ,,,,Peshitta,PESH
10,2 Samuel,2,16,2 Samuel 2:16,9,ܘܢܦܠܘ,,,,Peshitta,PESH
10,2 Samuel,2,16,2 Samuel 2:16,10,ܐܟܚܕܐ,,,,Peshitta,PESH
10,2 Samuel,2,16,2 Samuel 2:16,11,ܘܩܪܘ,,,,Peshitta,PESH
10,2 Samuel,2,16,2 Samuel 2:16,12,ܠܐܬܪܐ,,,,Peshitta,PESH
10,2 Samuel,2,16,2 Samuel 2:16,13,ܗ̇ܘ,,,,Peshitta,PESH
10,2 Samuel,2,16,2 Samuel 2:16,14,ܚܩܠܬ,,,,Peshitta,PESH
10,2 Samuel,2,16,2 Samuel 2:16,15,ܨܕܢ,,,,Peshitta,PESH
10,2 Samuel,2,16,2 Samuel 2:16,16,ܕܒܓܒܥܘܢ,,,,Peshitta,PESH
10,2 Samuel,2,17,2 Samuel 2:17,1,ܘܗܘܐ,,,,Peshitta,PESH
10,2 Samuel,2,17,2 Samuel 2:17,2,ܩܪܒܐ,,,,Peshitta,PESH
10,2 Samuel,2,17,2 Samuel 2:17,3,ܥܫܝܢ,,,,Peshitta,PESH
10,2 Samuel,2,17,2 Samuel 2:17,4,ܛܒ,,,,Peshitta,PESH
10,2 Samuel,2,17,2 Samuel 2:17,5,ܒܝܘܡܐ,,,,Peshitta,PESH
10,2 Samuel,2,17,2 Samuel 2:17,6,ܗ̇ܘ,,,,Peshitta,PESH
10,2 Samuel,2,17,2 Samuel 2:17,7,ܘܐܬܬܒܪ,,,,Peshitta,PESH
10,2 Samuel,2,17,2 Samuel 2:17,8,ܐܒܢܝܪ,,,,Peshitta,PESH
10,2 Samuel,2,17,2 Samuel 2:17,9,ܘܓܒܪ̈ܐ,,,,Peshitta,PESH
10,2 Samuel,2,17,2 Samuel 2:17,10,ܕܐܝܣܪܝܠ,,,,Peshitta,PESH
10,2 Samuel,2,17,2 Samuel 2:17,11,ܩܕܡ,,,,Peshitta,PESH
10,2 Samuel,2,17,2 Samuel 2:17,12,ܥܒ̈ܕܘܗܝ,,,,Peshitta,PESH
10,2 Samuel,2,17,2 Samuel 2:17,13,ܕܕܘܝܕ,,,,Peshitta,PESH
10,2 Samuel,2,18,2 Samuel 2:18,1,ܘܗܘܘ,,,,Peshitta,PESH
10,2 Samuel,2,18,2 Samuel 2:18,2,ܬܡܢ,,,,Peshitta,PESH
10,2 Samuel,2,18,2 Samuel 2:18,3,ܬܠܬܐ,,,,Peshitta,PESH
10,2 Samuel,2,18,2 Samuel 2:18,4,ܒܢ̈ܝܗ,,,,Peshitta,PESH
10,2 Samuel,2,18,2 Samuel 2:18,5,ܕܨܘܪܝܐ,,,,Peshitta,PESH
10,2 Samuel,2,18,2 Samuel 2:18,6,ܝܘܐܒ,,,,Peshitta,PESH
10,2 Samuel,2,18,2 Samuel 2:18,7,ܘܐܒܝܫܝ,,,,Peshitta,PESH
10,2 Samuel,2,18,2 Samuel 2:18,8,ܘܥܫܐܝܠ,,,,Peshitta,PESH
10,2 Samuel,2,18,2 Samuel 2:18,9,ܘܥܫܐܝܠ,,,,Peshitta,PESH
10,2 Samuel,2,18,2 Samuel 2:18,10,ܩܠܝܠ,,,,Peshitta,PESH
10,2 Samuel,2,18,2 Samuel 2:18,11,ܗܘܐ,,,,Peshitta,PESH
10,2 Samuel,2,18,2 Samuel 2:18,12,ܒܪ̈ܓܠܘܗܝ,,,,Peshitta,PESH
10,2 Samuel,2,18,2 Samuel 2:18,13,ܐܝܟ,,,,Peshitta,PESH
10,2 Samuel,2,18,2 Samuel 2:18,14,ܚܕ,,,,Peshitta,PESH
10,2 Samuel,2,18,2 Samuel 2:18,15,ܡܢ,,,,Peshitta,PESH
10,2 Samuel,2,18,2 Samuel 2:18,16,ܛܒ̈ܝܐ,,,,Peshitta,PESH
10,2 Samuel,2,18,2 Samuel 2:18,17,ܕܒܡܕܒܪܐ,,,,Peshitta,PESH
10,2 Samuel,2,19,2 Samuel 2:19,1,ܘܪܕܦ,,,,Peshitta,PESH
10,2 Samuel,2,19,2 Samuel 2:19,2,ܥܫܐܝܠ,,,,Peshitta,PESH
10,2 Samuel,2,19,2 Samuel 2:19,3,ܒܬܪ,,,,Peshitta,PESH
10,2 Samuel,2,19,2 Samuel 2:19,4,ܐܒܢܝܪ,,,,Peshitta,PESH
10,2 Samuel,2,19,2 Samuel 2:19,5,ܘܠܐ,,,,Peshitta,PESH
10,2 Samuel,2,19,2 Samuel 2:19,6,ܣܛܐ,,,,Peshitta,PESH
10,2 Samuel,2,19,2 Samuel 2:19,7,ܠܡܐܙܠ,,,,Peshitta,PESH
10,2 Samuel,2,19,2 Samuel 2:19,8,ܠܐ,,,,Peshitta,PESH
10,2 Samuel,2,19,2 Samuel 2:19,9,ܠܝܡܝܢܐ,,,,Peshitta,PESH
10,2 Samuel,2,19,2 Samuel 2:19,10,ܘܠܐ,,,,Peshitta,PESH
10,2 Samuel,2,19,2 Samuel 2:19,11,ܠܣܡܠܐ,,,,Peshitta,PESH
10,2 Samuel,2,19,2 Samuel 2:19,12,ܡܢ,,,,Peshitta,PESH
10,2 Samuel,2,19,2 Samuel 2:19,13,ܒܬܪ,,,,Peshitta,PESH
10,2 Samuel,2,19,2 Samuel 2:19,14,ܐܒܢܝܪ,,,,Peshitta,PESH
10,2 Samuel,2,20,2 Samuel 2:20,1,ܘܐܬܦܢܝ,,,,Peshitta,PESH
10,2 Samuel,2,20,2 Samuel 2:20,2,ܐܒܢܝܪ,,,,Peshitta,PESH
10,2 Samuel,2,20,2 Samuel 2:20,3,ܠܒܣܬܪܗ,,,,Peshitta,PESH
10,2 Samuel,2,20,2 Samuel 2:20,4,ܘܐܡܪ,,,,Peshitta,PESH
10,2 Samuel,2,20,2 Samuel 2:20,5,ܐܢܬ,,,,Peshitta,PESH
10,2 Samuel,2,20,2 Samuel 2:20,6,ܗܘ,,,,Peshitta,PESH
10,2 Samuel,2,20,2 Samuel 2:20,7,ܗܢܐ,,,,Peshitta,PESH
10,2 Samuel,2,20,2 Samuel 2:20,8,ܥܫܐܝܠ,,,,Peshitta,PESH
10,2 Samuel,2,20,2 Samuel 2:20,9,ܘܐܡܪ,,,,Peshitta,PESH
10,2 Samuel,2,20,2 Samuel 2:20,10,ܐܢܐ,,,,Peshitta,PESH
10,2 Samuel,2,20,2 Samuel 2:20,11,ܗܘ,,,,Peshitta,PESH
10,2 Samuel,2,21,2 Samuel 2:21,1,ܘܐܡܪ,,,,Peshitta,PESH
10,2 Samuel,2,21,2 Samuel 2:21,2,ܠܗ,,,,Peshitta,PESH
10,2 Samuel,2,21,2 Samuel 2:21,3,ܐܒܢܝܪ,,,,Peshitta,PESH
10,2 Samuel,2,21,2 Samuel 2:21,4,ܣܛܝ,,,,Peshitta,PESH
10,2 Samuel,2,21,2 Samuel 2:21,5,ܠܟ,,,,Peshitta,PESH
10,2 Samuel,2,21,2 Samuel 2:21,6,ܠܝܡܝܢܟ,,,,Peshitta,PESH
10,2 Samuel,2,21,2 Samuel 2:21,7,ܐܘ,,,,Peshitta,PESH
10,2 Samuel,2,21,2 Samuel 2:21,8,ܠܣܡܠܟ,,,,Peshitta,PESH
10,2 Samuel,2,21,2 Samuel 2:21,9,ܘܐܚܘܕ,,,,Peshitta,PESH
10,2 Samuel,2,21,2 Samuel 2:21,10,ܠܟ,,,,Peshitta,PESH
10,2 Samuel,2,21,2 Samuel 2:21,11,ܚܕ,,,,Peshitta,PESH
10,2 Samuel,2,21,2 Samuel 2:21,12,ܡܢ,,,,Peshitta,PESH
10,2 Samuel,2,21,2 Samuel 2:21,13,ܛܠܝ̈ܐ,,,,Peshitta,PESH
10,2 Samuel,2,21,2 Samuel 2:21,14,ܘܣܒ,,,,Peshitta,PESH
10,2 Samuel,2,21,2 Samuel 2:21,15,ܠܟ,,,,Peshitta,PESH
10,2 Samuel,2,21,2 Samuel 2:21,16,ܙܝܢܗ,,,,Peshitta,PESH
10,2 Samuel,2,21,2 Samuel 2:21,17,ܘܠܐ,,,,Peshitta,PESH
10,2 Samuel,2,21,2 Samuel 2:21,18,ܨܒܐ,,,,Peshitta,PESH
10,2 Samuel,2,21,2 Samuel 2:21,19,ܥܫܐܝܠ,,,,Peshitta,PESH
10,2 Samuel,2,21,2 Samuel 2:21,20,ܕܢܣܛܐ,,,,Peshitta,PESH
10,2 Samuel,2,21,2 Samuel 2:21,21,ܡܢ,,,,Peshitta,PESH
10,2 Samuel,2,21,2 Samuel 2:21,22,ܒܬܪܗ,,,,Peshitta,PESH
10,2 Samuel,2,22,2 Samuel 2:22,1,ܘܐܘܣܦ,,,,Peshitta,PESH
10,2 Samuel,2,22,2 Samuel 2:22,2,ܬܘܒ,,,,Peshitta,PESH
10,2 Samuel,2,22,2 Samuel 2:22,3,ܐܒܢܝܪ,,,,Peshitta,PESH
10,2 Samuel,2,22,2 Samuel 2:22,4,ܠܡܐܡܪ,,,,Peshitta,PESH
10,2 Samuel,2,22,2 Samuel 2:22,5,ܠܥܫܐܝܠ,,,,Peshitta,PESH
10,2 Samuel,2,22,2 Samuel 2:22,6,ܕܢܣܛܐ,,,,Peshitta,PESH
10,2 Samuel,2,22,2 Samuel 2:22,7,ܡܢ,,,,Peshitta,PESH
10,2 Samuel,2,22,2 Samuel 2:22,8,ܒܬܪܗ,,,,Peshitta,PESH
10,2 Samuel,2,22,2 Samuel 2:22,9,ܘܐܡܪ,,,,Peshitta,PESH
10,2 Samuel,2,22,2 Samuel 2:22,10,ܣܛܝ,,,,Peshitta,PESH
10,2 Samuel,2,22,2 Samuel 2:22,11,ܠܟ,,,,Peshitta,PESH
10,2 Samuel,2,22,2 Samuel 2:22,12,ܡܢ,,,,Peshitta,PESH
10,2 Samuel,2,22,2 Samuel 2:22,13,ܒܬܪܝ,,,,Peshitta,PESH
10,2 Samuel,2,22,2 Samuel 2:22,14,ܕܠܐ,,,,Peshitta,PESH
10,2 Samuel,2,22,2 Samuel 2:22,15,ܐܡܚܝܟ,,,,Peshitta,PESH
10,2 Samuel,2,22,2 Samuel 2:22,16,ܘܐܪܡܝܟ,,,,Peshitta,PESH
10,2 Samuel,2,22,2 Samuel 2:22,17,ܥܠ,,,,Peshitta,PESH
10,2 Samuel,2,22,2 Samuel 2:22,18,ܐܪܥܐ,,,,Peshitta,PESH
10,2 Samuel,2,22,2 Samuel 2:22,19,ܘܐܝܟܢܐ,,,,Peshitta,PESH
10,2 Samuel,2,22,2 Samuel 2:22,20,ܐܪܝܡ,,,,Peshitta,PESH
10,2 Samuel,2,22,2 Samuel 2:22,21,ܐ̈ܦܝ,,,,Peshitta,PESH
10,2 Samuel,2,22,2 Samuel 2:22,22,ܘܐܚܘܪ,,,,Peshitta,PESH
10,2 Samuel,2,22,2 Samuel 2:22,23,ܒܝܘܐܒ,,,,Peshitta,PESH
10,2 Samuel,2,22,2 Samuel 2:22,24,ܐܚܘܟ,,,,Peshitta,PESH
10,2 Samuel,2,23,2 Samuel 2:23,1,ܘܠܐ,,,,Peshitta,PESH
10,2 Samuel,2,23,2 Samuel 2:23,2,ܨܒܐ,,,,Peshitta,PESH
10,2 Samuel,2,23,2 Samuel 2:23,3,ܠܡܣܛܐ,,,,Peshitta,PESH
10,2 Samuel,2,23,2 Samuel 2:23,4,ܘܡܚܝܗܝ,,,,Peshitta,PESH
10,2 Samuel,2,23,2 Samuel 2:23,5,ܐܒܢܝܪ,,,,Peshitta,PESH
10,2 Samuel,2,23,2 Samuel 2:23,6,ܒܕܘܢܒܐ,,,,Peshitta,PESH
10,2 Samuel,2,23,2 Samuel 2:23,7,ܕܢܝܙܟܐ,,,,Peshitta,PESH
10,2 Samuel,2,23,2 Samuel 2:23,8,ܥܠ,,,,Peshitta,PESH
10,2 Samuel,2,23,2 Samuel 2:23,9,ܚܕܝܗ,,,,Peshitta,PESH
10,2 Samuel,2,23,2 Samuel 2:23,10,ܘܢܦܩ,,,,Peshitta,PESH
10,2 Samuel,2,23,2 Samuel 2:23,11,ܡܢ,,,,Peshitta,PESH
10,2 Samuel,2,23,2 Samuel 2:23,12,ܒܣܬܪܗ,,,,Peshitta,PESH
10,2 Samuel,2,23,2 Samuel 2:23,13,ܘܢܦܠ,,,,Peshitta,PESH
10,2 Samuel,2,23,2 Samuel 2:23,14,ܬܡܢ,,,,Peshitta,PESH
10,2 Samuel,2,23,2 Samuel 2:23,15,ܘܡܝܬ,,,,Peshitta,PESH
10,2 Samuel,2,23,2 Samuel 2:23,16,ܥܠ,,,,Peshitta,PESH
10,2 Samuel,2,23,2 Samuel 2:23,17,ܕܘܟܬܗ,,,,Peshitta,PESH
10,2 Samuel,2,23,2 Samuel 2:23,18,ܘܟܘܠ,,,,Peshitta,PESH
10,2 Samuel,2,23,2 Samuel 2:23,19,ܕܐܬܐ,,,,Peshitta,PESH
10,2 Samuel,2,23,2 Samuel 2:23,20,ܗܘܐ,,,,Peshitta,PESH
10,2 Samuel,2,23,2 Samuel 2:23,21,ܠܘܬ,,,,Peshitta,PESH
10,2 Samuel,2,23,2 Samuel 2:23,22,ܕܘܟܬܐ,,,,Peshitta,PESH
10,2 Samuel,2,23,2 Samuel 2:23,23,ܗ̇ܝ,,,,Peshitta,PESH
10,2 Samuel,2,23,2 Samuel 2:23,24,ܕܢܦܠ,,,,Peshitta,PESH
10,2 Samuel,2,23,2 Samuel 2:23,25,ܬܡܢ,,,,Peshitta,PESH
10,2 Samuel,2,23,2 Samuel 2:23,26,ܥܫܐܝܠ,,,,Peshitta,PESH
10,2 Samuel,2,23,2 Samuel 2:23,27,ܩܐܡ,,,,Peshitta,PESH
10,2 Samuel,2,23,2 Samuel 2:23,28,ܗܘܐ,,,,Peshitta,PESH
10,2 Samuel,2,24,2 Samuel 2:24,1,ܘܩܡ,,,,Peshitta,PESH
10,2 Samuel,2,24,2 Samuel 2:24,2,ܝܘܐܒ,,,,Peshitta,PESH
10,2 Samuel,2,24,2 Samuel 2:24,3,ܘܐܒܝܫܝ,,,,Peshitta,PESH
10,2 Samuel,2,24,2 Samuel 2:24,4,ܘܪܕܦܘ,,,,Peshitta,PESH
10,2 Samuel,2,24,2 Samuel 2:24,5,ܒܬܪ,,,,Peshitta,PESH
10,2 Samuel,2,24,2 Samuel 2:24,6,ܐܒܢܝܪ,,,,Peshitta,PESH
10,2 Samuel,2,24,2 Samuel 2:24,7,ܫܡܫܐ,,,,Peshitta,PESH
10,2 Samuel,2,24,2 Samuel 2:24,8,ܥܪܒ,,,,Peshitta,PESH
10,2 Samuel,2,24,2 Samuel 2:24,9,ܘܗܢܘܢ,,,,Peshitta,PESH
10,2 Samuel,2,24,2 Samuel 2:24,10,ܡܛܝܘ,,,,Peshitta,PESH
10,2 Samuel,2,24,2 Samuel 2:24,11,ܠܓܒܥܬ,,,,Peshitta,PESH
10,2 Samuel,2,24,2 Samuel 2:24,12,ܝܡܐ,,,,Peshitta,PESH
10,2 Samuel,2,24,2 Samuel 2:24,13,ܕܩܕܡ,,,,Peshitta,PESH
10,2 Samuel,2,24,2 Samuel 2:24,14,ܓܝܚ,,,,Peshitta,PESH
10,2 Samuel,2,24,2 Samuel 2:24,15,ܒܐܘܪܚܐ,,,,Peshitta,PESH
10,2 Samuel,2,24,2 Samuel 2:24,16,ܕܡܕܒܪܐ,,,,Peshitta,PESH
10,2 Samuel,2,24,2 Samuel 2:24,17,ܕܓܒܥܘܢ,,,,Peshitta,PESH
10,2 Samuel,2,25,2 Samuel 2:25,1,ܘܐܬܟܢܫܘ,,,,Peshitta,PESH
10,2 Samuel,2,25,2 Samuel 2:25,2,ܒܢ̈ܝ,,,,Peshitta,PESH
10,2 Samuel,2,25,2 Samuel 2:25,3,ܒܢܝܡܝܢ,,,,Peshitta,PESH
10,2 Samuel,2,25,2 Samuel 2:25,4,ܒܬܪ,,,,Peshitta,PESH
10,2 Samuel,2,25,2 Samuel 2:25,5,ܐܒܢܝܪ,,,,Peshitta,PESH
10,2 Samuel,2,25,2 Samuel 2:25,6,ܘܗܘܘ,,,,Peshitta,PESH
10,2 Samuel,2,25,2 Samuel 2:25,7,ܓܘܕܐ,,,,Peshitta,PESH
10,2 Samuel,2,25,2 Samuel 2:25,8,ܚܕܐ,,,,Peshitta,PESH
10,2 Samuel,2,25,2 Samuel 2:25,9,ܘܩܡܘ,,,,Peshitta,PESH
10,2 Samuel,2,25,2 Samuel 2:25,10,ܥܠ,,,,Peshitta,PESH
10,2 Samuel,2,25,2 Samuel 2:25,11,ܪܝܫ,,,,Peshitta,PESH
10,2 Samuel,2,25,2 Samuel 2:25,12,ܪܡܬܐ,,,,Peshitta,PESH
10,2 Samuel,2,25,2 Samuel 2:25,13,ܚܕܐ,,,,Peshitta,PESH
10,2 Samuel,2,26,2 Samuel 2:26,1,ܘܩܪܐ,,,,Peshitta,PESH
10,2 Samuel,2,26,2 Samuel 2:26,2,ܐܒܢܝܪ,,,,Peshitta,PESH
10,2 Samuel,2,26,2 Samuel 2:26,3,ܠܝܘܐܒ,,,,Peshitta,PESH
10,2 Samuel,2,26,2 Samuel 2:26,4,ܘܐܡܪ,,,,Peshitta,PESH
10,2 Samuel,2,26,2 Samuel 2:26,5,ܠܥܠܡܝܢ,,,,Peshitta,PESH
10,2 Samuel,2,26,2 Samuel 2:26,6,ܬܩ̇ܛܠ,,,,Peshitta,PESH
10,2 Samuel,2,26,2 Samuel 2:26,7,ܚܪܒܐ,,,,Peshitta,PESH
10,2 Samuel,2,26,2 Samuel 2:26,8,ܠܐ,,,,Peshitta,PESH
10,2 Samuel,2,26,2 Samuel 2:26,9,ܝܕܥ,,,,Peshitta,PESH
10,2 Samuel,2,26,2 Samuel 2:26,10,ܐܢܬ,,,,Peshitta,PESH
10,2 Samuel,2,26,2 Samuel 2:26,11,ܕܡܪܝܪܐܝܬ,,,,Peshitta,PESH
10,2 Samuel,2,26,2 Samuel 2:26,12,ܬܗܘܐ,,,,Peshitta,PESH
10,2 Samuel,2,26,2 Samuel 2:26,13,ܒܚܪܬܐ,,,,Peshitta,PESH
10,2 Samuel,2,26,2 Samuel 2:26,14,ܥܕܡܐ,,,,Peshitta,PESH
10,2 Samuel,2,26,2 Samuel 2:26,15,ܠܐܡܬܝ,,,,Peshitta,PESH
10,2 Samuel,2,26,2 Samuel 2:26,16,ܠܐ,,,,Peshitta,PESH
10,2 Samuel,2,26,2 Samuel 2:26,17,ܬܐܡܪ,,,,Peshitta,PESH
10,2 Samuel,2,26,2 Samuel 2:26,18,ܠܥܡܐ,,,,Peshitta,PESH
10,2 Samuel,2,26,2 Samuel 2:26,19,ܠܡܗܦܟ,,,,Peshitta,PESH
10,2 Samuel,2,26,2 Samuel 2:26,20,ܡܢ,,,,Peshitta,PESH
10,2 Samuel,2,26,2 Samuel 2:26,21,ܒܬܪ,,,,Peshitta,PESH
10,2 Samuel,2,26,2 Samuel 2:26,22,ܐ̈ܚܝܗܘܢ,,,,Peshitta,PESH
10,2 Samuel,2,27,2 Samuel 2:27,1,ܘܐܡܪ,,,,Peshitta,PESH
10,2 Samuel,2,27,2 Samuel 2:27,2,ܝܘܐܒ,,,,Peshitta,PESH
10,2 Samuel,2,27,2 Samuel 2:27,3,ܚܝ,,,,Peshitta,PESH
10,2 Samuel,2,27,2 Samuel 2:27,4,ܗܘ,,,,Peshitta,PESH
10,2 Samuel,2,27,2 Samuel 2:27,5,ܡܪܝܐ,,,,Peshitta,PESH
10,2 Samuel,2,27,2 Samuel 2:27,6,ܐܠܘ,,,,Peshitta,PESH
10,2 Samuel,2,27,2 Samuel 2:27,7,ܠܐ,,,,Peshitta,PESH
10,2 Samuel,2,27,2 Samuel 2:27,8,ܡܠܠܬ,,,,Peshitta,PESH
10,2 Samuel,2,27,2 Samuel 2:27,9,ܐܠܐ,,,,Peshitta,PESH
10,2 Samuel,2,27,2 Samuel 2:27,10,ܫܪܝܪܐܝܬ,,,,Peshitta,PESH
10,2 Samuel,2,27,2 Samuel 2:27,11,ܠܨܦܪܐ,,,,Peshitta,PESH
10,2 Samuel,2,27,2 Samuel 2:27,12,ܡܦܪܩ,,,,Peshitta,PESH
10,2 Samuel,2,27,2 Samuel 2:27,13,ܗܘܝܬ,,,,Peshitta,PESH
10,2 Samuel,2,27,2 Samuel 2:27,14,ܠܥܡܐ,,,,Peshitta,PESH
10,2 Samuel,2,27,2 Samuel 2:27,15,ܓܒܪ,,,,Peshitta,PESH
10,2 Samuel,2,27,2 Samuel 2:27,16,ܡܢ,,,,Peshitta,PESH
10,2 Samuel,2,27,2 Samuel 2:27,17,ܒܬܪ,,,,Peshitta,PESH
10,2 Samuel,2,27,2 Samuel 2:27,18,ܐܚܘܗܝ,,,,Peshitta,PESH
10,2 Samuel,2,28,2 Samuel 2:28,1,ܘܩܪܐ,,,,Peshitta,PESH
10,2 Samuel,2,28,2 Samuel 2:28,2,ܝܘܐܒ,,,,Peshitta,PESH
10,2 Samuel,2,28,2 Samuel 2:28,3,ܒܫܝܦܘܪܐ,,,,Peshitta,PESH
10,2 Samuel,2,28,2 Samuel 2:28,4,ܘܩܡܘ,,,,Peshitta,PESH
10,2 Samuel,2,28,2 Samuel 2:28,5,ܟܠܗ,,,,Peshitta,PESH
10,2 Samuel,2,28,2 Samuel 2:28,6,ܥܡܐ,,,,Peshitta,PESH
10,2 Samuel,2,28,2 Samuel 2:28,7,ܘܠܐ,,,,Peshitta,PESH
10,2 Samuel,2,28,2 Samuel 2:28,8,ܪܕܦܘ,,,,Peshitta,PESH
10,2 Samuel,2,28,2 Samuel 2:28,9,ܬܘܒ,,,,Peshitta,PESH
10,2 Samuel,2,28,2 Samuel 2:28,10,ܒܬܪ,,,,Peshitta,PESH
10,2 Samuel,2,28,2 Samuel 2:28,11,ܐܝܣܪܝܠ,,,,Peshitta,PESH
10,2 Samuel,2,28,2 Samuel 2:28,12,ܘܠܐ,,,,Peshitta,PESH
10,2 Samuel,2,28,2 Samuel 2:28,13,ܐܘܣܦܘ,,,,Peshitta,PESH
10,2 Samuel,2,28,2 Samuel 2:28,14,ܬܘܒ,,,,Peshitta,PESH
10,2 Samuel,2,28,2 Samuel 2:28,15,ܠܡܬܟܬܫܘ,,,,Peshitta,PESH
10,2 Samuel,2,29,2 Samuel 2:29,1,ܘܐܒܢܝܪ,,,,Peshitta,PESH
10,2 Samuel,2,29,2 Samuel 2:29,2,ܘܓܒܪ̈ܘܗܝ,,,,Peshitta,PESH
10,2 Samuel,2,29,2 Samuel 2:29,3,ܗܠܟܘ,,,,Peshitta,PESH
10,2 Samuel,2,29,2 Samuel 2:29,4,ܒܚܘܪܒܐ,,,,Peshitta,PESH
10,2 Samuel,2,29,2 Samuel 2:29,5,ܟܠܗ,,,,Peshitta,PESH
10,2 Samuel,2,29,2 Samuel 2:29,6,ܠܠܝܐ,,,,Peshitta,PESH
10,2 Samuel,2,29,2 Samuel 2:29,7,ܗ̇ܘ,,,,Peshitta,PESH
10,2 Samuel,2,29,2 Samuel 2:29,8,ܘܥܒܪܘ,,,,Peshitta,PESH
10,2 Samuel,2,29,2 Samuel 2:29,9,ܝܘܪܕܢܢ,,,,Peshitta,PESH
10,2 Samuel,2,29,2 Samuel 2:29,10,ܘܐܙܠܘ,,,,Peshitta,PESH
10,2 Samuel,2,29,2 Samuel 2:29,11,ܠܐ̈ܦܝ,,,,Peshitta,PESH
10,2 Samuel,2,29,2 Samuel 2:29,12,ܓܫܘܪ,,,,Peshitta,PESH
10,2 Samuel,2,29,2 Samuel 2:29,13,ܘܐܬܘ,,,,Peshitta,PESH
10,2 Samuel,2,29,2 Samuel 2:29,14,ܠܡܚܢܝܡ,,,,Peshitta,PESH
10,2 Samuel,2,30,2 Samuel 2:30,1,ܘܝܘܐܒ,,,,Peshitta,PESH
10,2 Samuel,2,30,2 Samuel 2:30,2,ܗܦܟ,,,,Peshitta,PESH
10,2 Samuel,2,30,2 Samuel 2:30,3,ܡܢ,,,,Peshitta,PESH
10,2 Samuel,2,30,2 Samuel 2:30,4,ܒܬܪ,,,,Peshitta,PESH
10,2 Samuel,2,30,2 Samuel 2:30,5,ܐܒܢܝܪ,,,,Peshitta,PESH
10,2 Samuel,2,30,2 Samuel 2:30,6,ܘܟܢܫܘ,,,,Peshitta,PESH
10,2 Samuel,2,30,2 Samuel 2:30,7,ܟܠܗ,,,,Peshitta,PESH
10,2 Samuel,2,30,2 Samuel 2:30,8,ܥܡܐ,,,,Peshitta,PESH
10,2 Samuel,2,30,2 Samuel 2:30,9,ܘܐܬܡܢܝܘ,,,,Peshitta,PESH
10,2 Samuel,2,30,2 Samuel 2:30,10,ܕܐܬܡܚܝܘ,,,,Peshitta,PESH
10,2 Samuel,2,30,2 Samuel 2:30,11,ܡܢ,,,,Peshitta,PESH
10,2 Samuel,2,30,2 Samuel 2:30,12,ܓܒܪ̈ܐ,,,,Peshitta,PESH
10,2 Samuel,2,30,2 Samuel 2:30,13,ܕܕܘܝܕ,,,,Peshitta,PESH
10,2 Samuel,2,30,2 Samuel 2:30,14,ܬܪ̈ܥܣܪ,,,,Peshitta,PESH
10,2 Samuel,2,30,2 Samuel 2:30,15,ܓܒܪ̈ܝܢ,,,,Peshitta,PESH
10,2 Samuel,2,30,2 Samuel 2:30,16,ܘܥܫܐܝܠ,,,,Peshitta,PESH
10,2 Samuel,2,30,2 Samuel 2:30,17,ܡܝܬ,,,,Peshitta,PESH
10,2 Samuel,2,31,2 Samuel 2:31,1,ܘܓܒܪ̈ܐ,,,,Peshitta,PESH
10,2 Samuel,2,31,2 Samuel 2:31,2,ܕܕܘܝܕ,,,,Peshitta,PESH
10,2 Samuel,2,31,2 Samuel 2:31,3,ܩ̇ܛܠܘ,,,,Peshitta,PESH
10,2 Samuel,2,31,2 Samuel 2:31,4,ܡܢ,,,,Peshitta,PESH
10,2 Samuel,2,31,2 Samuel 2:31,5,ܒܢܝܡܝܢ,,,,Peshitta,PESH
10,2 Samuel,2,31,2 Samuel 2:31,6,ܘܡܢ,,,,Peshitta,PESH
10,2 Samuel,2,31,2 Samuel 2:31,7,ܓܒܪ̈ܐ,,,,Peshitta,PESH
10,2 Samuel,2,31,2 Samuel 2:31,8,ܕܐܒܢܝܪ,,,,Peshitta,PESH
10,2 Samuel,2,31,2 Samuel 2:31,9,ܬܠܬܡܐܐ,,,,Peshitta,PESH
10,2 Samuel,2,31,2 Samuel 2:31,10,ܘܫܬܝܢ,,,,Peshitta,PESH
10,2 Samuel,2,31,2 Samuel 2:31,11,ܓܒܪ̈ܝܢ,,,,Peshitta,PESH
10,2 Samuel,2,32,2 Samuel 2:32,1,ܘܫܩܠܘܗܝ,,,,Peshitta,PESH
10,2 Samuel,2,32,2 Samuel 2:32,2,ܠܥܫܐܝܠ,,,,Peshitta,PESH
10,2 Samuel,2,32,2 Samuel 2:32,3,ܘܩܒܪܘܗܝ,,,,Peshitta,PESH
10,2 Samuel,2,32,2 Samuel 2:32,4,ܒܩܒܪܐ,,,,Peshitta,PESH
10,2 Samuel,2,32,2 Samuel 2:32,5,ܕܐܒܘܗܝ,,,,Peshitta,PESH
10,2 Samuel,2,32,2 Samuel 2:32,6,ܒܝܬ,,,,Peshitta,PESH
10,2 Samuel,2,32,2 Samuel 2:32,7,ܠܚܡ,,,,Peshitta,PESH
10,2 Samuel,2,32,2 Samuel 2:32,8,ܘܐܙܠܘ,,,,Peshitta,PESH
10,2 Samuel,2,32,2 Samuel 2:32,9,ܟܠܗ,,,,Peshitta,PESH
10,2 Samuel,2,32,2 Samuel 2:32,10,ܠܠܝܐ,,,,Peshitta,PESH
10,2 Samuel,2,32,2 Samuel 2:32,11,ܝܘܐܒ,,,,Peshitta,PESH
10,2 Samuel,2,32,2 Samuel 2:32,12,ܘܚܒܪ̈ܘܗܝ,,,,Peshitta,PESH
10,2 Samuel,2,32,2 Samuel 2:32,13,ܘܢܗܪ,,,,Peshitta,PESH
10,2 Samuel,2,32,2 Samuel 2:32,14,ܠܗܘܢ,,,,Peshitta,PESH
10,2 Samuel,2,32,2 Samuel 2:32,15,ܒܚܒܪܘܢ,,,,Peshitta,PESH
10,2 Samuel,3,1,2 Samuel 3:1,1,ܘܗܘܐ,,,,Peshitta,PESH
10,2 Samuel,3,1,2 Samuel 3:1,2,ܩܪܒܐ,,,,Peshitta,PESH
10,2 Samuel,3,1,2 Samuel 3:1,3,ܠܒܝܬ,,,,Peshitta,PESH
10,2 Samuel,3,1,2 Samuel 3:1,4,ܫܐܘܠ,,,,Peshitta,PESH
10,2 Samuel,3,1,2 Samuel 3:1,5,ܘܠܒܝܬ,,,,Peshitta,PESH
10,2 Samuel,3,1,2 Samuel 3:1,6,ܕܘܝܕ,,,,Peshitta,PESH
10,2 Samuel,3,1,2 Samuel 3:1,7,ܘܕܘܝܕ,,,,Peshitta,PESH
10,2 Samuel,3,1,2 Samuel 3:1,8,ܐܙ̇ܠ,,,,Peshitta,PESH
10,2 Samuel,3,1,2 Samuel 3:1,9,ܘܥ̇ܫܢ,,,,Peshitta,PESH
10,2 Samuel,3,1,2 Samuel 3:1,10,ܘܕܒܝܬ,,,,Peshitta,PESH
10,2 Samuel,3,1,2 Samuel 3:1,11,ܫܐܘܠ,,,,Peshitta,PESH
10,2 Samuel,3,1,2 Samuel 3:1,12,ܐܙܠܝܢ,,,,Peshitta,PESH
10,2 Samuel,3,1,2 Samuel 3:1,13,ܘܡܬܡܣܟܢܝܢ,,,,Peshitta,PESH
10,2 Samuel,3,2,2 Samuel 3:2,1,ܘܐܬܝܠܕܘ,,,,Peshitta,PESH
10,2 Samuel,3,2,2 Samuel 3:2,2,ܠܕܘܝܕ,,,,Peshitta,PESH
10,2 Samuel,3,2,2 Samuel 3:2,3,ܒܢ̇ܝܐ,,,,Peshitta,PESH
10,2 Samuel,3,2,2 Samuel 3:2,4,ܒܚܒܪܘܢ,,,,Peshitta,PESH
10,2 Samuel,3,2,2 Samuel 3:2,5,ܘܗܘܐ,,,,Peshitta,PESH
10,2 Samuel,3,2,2 Samuel 3:2,6,ܒܘܟܪܗ,,,,Peshitta,PESH
10,2 Samuel,3,2,2 Samuel 3:2,7,ܚܡܢܘܢ,,,,Peshitta,PESH
10,2 Samuel,3,2,2 Samuel 3:2,8,ܡܢ,,,,Peshitta,PESH
10,2 Samuel,3,2,2 Samuel 3:2,9,ܐܚܝܢܥܡ,,,,Peshitta,PESH
10,2 Samuel,3,2,2 Samuel 3:2,10,ܐܝܙܪܥܠܝܬܐ,,,,Peshitta,PESH
10,2 Samuel,3,3,2 Samuel 3:3,1,ܘܬܢܝܢܗ,,,,Peshitta,PESH
10,2 Samuel,3,3,2 Samuel 3:3,2,ܟܠܒ,,,,Peshitta,PESH
10,2 Samuel,3,3,2 Samuel 3:3,3,ܡܢ,,,,Peshitta,PESH
10,2 Samuel,3,3,2 Samuel 3:3,4,ܐܒܝܓܠ,,,,Peshitta,PESH
10,2 Samuel,3,3,2 Samuel 3:3,5,ܐܢܬܬܗ,,,,Peshitta,PESH
10,2 Samuel,3,3,2 Samuel 3:3,6,ܕܢܒܠ,,,,Peshitta,PESH
10,2 Samuel,3,3,2 Samuel 3:3,7,ܟܪܡܠܝܐ,,,,Peshitta,PESH
10,2 Samuel,3,3,2 Samuel 3:3,8,ܘܬܠܝܬܝܐ,,,,Peshitta,PESH
10,2 Samuel,3,3,2 Samuel 3:3,9,ܐܒܫܠܘܡ,,,,Peshitta,PESH
10,2 Samuel,3,3,2 Samuel 3:3,10,ܒܪ,,,,Peshitta,PESH
10,2 Samuel,3,3,2 Samuel 3:3,11,ܡܥܟܐ,,,,Peshitta,PESH
10,2 Samuel,3,3,2 Samuel 3:3,12,ܒܪܬ,,,,Peshitta,PESH
10,2 Samuel,3,3,2 Samuel 3:3,13,ܬܘܠܡܝ,,,,Peshitta,PESH
10,2 Samuel,3,3,2 Samuel 3:3,14,ܡܠܟܐ,,,,Peshitta,PESH
10,2 Samuel,3,3,2 Samuel 3:3,15,ܕܓܫܘܪ,,,,Peshitta,PESH
10,2 Samuel,3,4,2 Samuel 3:4,1,ܘܐܪܒܝܥܝܐ,,,,Peshitta,PESH
10,2 Samuel,3,4,2 Samuel 3:4,2,ܐܕܘܢܝܐ,,,,Peshitta,PESH
10,2 Samuel,3,4,2 Samuel 3:4,3,ܒܪ,,,,Peshitta,PESH
10,2 Samuel,3,4,2 Samuel 3:4,4,ܚܓܝܬ,,,,Peshitta,PESH
10,2 Samuel,3,4,2 Samuel 3:4,5,ܘܚܡܝܫܝܐ,,,,Peshitta,PESH
10,2 Samuel,3,4,2 Samuel 3:4,6,ܫܦܛܝܐ,,,,Peshitta,PESH
10,2 Samuel,3,4,2 Samuel 3:4,7,ܒܪ,,,,Peshitta,PESH
10,2 Samuel,3,4,2 Samuel 3:4,8,ܐܦܝܛܠ,,,,Peshitta,PESH
10,2 Samuel,3,5,2 Samuel 3:5,1,ܘܫܬܝܬܝܐ,,,,Peshitta,PESH
10,2 Samuel,3,5,2 Samuel 3:5,2,ܐܝܬܪܥܡ,,,,Peshitta,PESH
10,2 Samuel,3,5,2 Samuel 3:5,3,ܕܡܢ,,,,Peshitta,PESH
10,2 Samuel,3,5,2 Samuel 3:5,4,ܥܓܠܐ,,,,Peshitta,PESH
10,2 Samuel,3,5,2 Samuel 3:5,5,ܐܢܬܬܗ,,,,Peshitta,PESH
10,2 Samuel,3,5,2 Samuel 3:5,6,ܕܕܘܝܕ,,,,Peshitta,PESH
10,2 Samuel,3,5,2 Samuel 3:5,7,ܗܠܝܢ,,,,Peshitta,PESH
10,2 Samuel,3,5,2 Samuel 3:5,8,ܐܬܝܠܕܘ,,,,Peshitta,PESH
10,2 Samuel,3,5,2 Samuel 3:5,9,ܠܕܘܝܕ,,,,Peshitta,PESH
10,2 Samuel,3,5,2 Samuel 3:5,10,ܒܚܒܪܘܢ,,,,Peshitta,PESH
10,2 Samuel,3,6,2 Samuel 3:6,1,ܘܗܘܐ,,,,Peshitta,PESH
10,2 Samuel,3,6,2 Samuel 3:6,2,ܕܟܕ,,,,Peshitta,PESH
10,2 Samuel,3,6,2 Samuel 3:6,3,ܗܘܐ,,,,Peshitta,PESH
10,2 Samuel,3,6,2 Samuel 3:6,4,ܩܪܒܐ,,,,Peshitta,PESH
10,2 Samuel,3,6,2 Samuel 3:6,5,ܒܝܬ,,,,Peshitta,PESH
10,2 Samuel,3,6,2 Samuel 3:6,6,ܒܝܬܐ,,,,Peshitta,PESH
10,2 Samuel,3,6,2 Samuel 3:6,7,ܕܫܐܘܠ,,,,Peshitta,PESH
10,2 Samuel,3,6,2 Samuel 3:6,8,ܠܒܝܬ,,,,Peshitta,PESH
10,2 Samuel,3,6,2 Samuel 3:6,9,ܒܝܬܐ,,,,Peshitta,PESH
10,2 Samuel,3,6,2 Samuel 3:6,10,ܕܕܘܝܕ,,,,Peshitta,PESH
10,2 Samuel,3,6,2 Samuel 3:6,11,ܘܐܒܢܝܪ,,,,Peshitta,PESH
10,2 Samuel,3,6,2 Samuel 3:6,12,ܡܚܡܣܢ,,,,Peshitta,PESH
10,2 Samuel,3,6,2 Samuel 3:6,13,ܗܘܐ,,,,Peshitta,PESH
10,2 Samuel,3,6,2 Samuel 3:6,14,ܒܕܒܝܬ,,,,Peshitta,PESH
10,2 Samuel,3,6,2 Samuel 3:6,15,ܫܐܘܠ,,,,Peshitta,PESH
10,2 Samuel,3,7,2 Samuel 3:7,1,ܘܠܫܐܘܠ,,,,Peshitta,PESH
10,2 Samuel,3,7,2 Samuel 3:7,2,ܐܝܬ,,,,Peshitta,PESH
10,2 Samuel,3,7,2 Samuel 3:7,3,ܗܘܐ,,,,Peshitta,PESH
10,2 Samuel,3,7,2 Samuel 3:7,4,ܕܪܘܟܬܐ,,,,Peshitta,PESH
10,2 Samuel,3,7,2 Samuel 3:7,5,ܘܫܡܗ̇,,,,Peshitta,PESH
10,2 Samuel,3,7,2 Samuel 3:7,6,ܪܨܦܐ,,,,Peshitta,PESH
10,2 Samuel,3,7,2 Samuel 3:7,7,ܒܪܬ,,,,Peshitta,PESH
10,2 Samuel,3,7,2 Samuel 3:7,8,ܐܢܐ,,,,Peshitta,PESH
10,2 Samuel,3,7,2 Samuel 3:7,9,ܘܐܡܪ,,,,Peshitta,PESH
10,2 Samuel,3,7,2 Samuel 3:7,10,ܐܫܒܫܘܠ,,,,Peshitta,PESH
10,2 Samuel,3,7,2 Samuel 3:7,11,ܠܐܒܢܝܪ,,,,Peshitta,PESH
10,2 Samuel,3,7,2 Samuel 3:7,12,ܠܡܢܐ,,,,Peshitta,PESH
10,2 Samuel,3,7,2 Samuel 3:7,13,ܥܐܠ,,,,Peshitta,PESH
10,2 Samuel,3,7,2 Samuel 3:7,14,ܐܢܬ,,,,Peshitta,PESH
10,2 Samuel,3,7,2 Samuel 3:7,15,ܥܠ,,,,Peshitta,PESH
10,2 Samuel,3,7,2 Samuel 3:7,16,ܕܪܘܟܬܗ,,,,Peshitta,PESH
10,2 Samuel,3,7,2 Samuel 3:7,17,ܕܐܒܝ,,,,Peshitta,PESH
10,2 Samuel,3,8,2 Samuel 3:8,1,ܘܐܬܒܐܫ,,,,Peshitta,PESH
10,2 Samuel,3,8,2 Samuel 3:8,2,ܠܐܒܢܝܪ,,,,Peshitta,PESH
10,2 Samuel,3,8,2 Samuel 3:8,3,ܛܒ,,,,Peshitta,PESH
10,2 Samuel,3,8,2 Samuel 3:8,4,ܥܠ,,,,Peshitta,PESH
10,2 Samuel,3,8,2 Samuel 3:8,5,ܡ̈ܠܘܗܝ,,,,Peshitta,PESH
10,2 Samuel,3,8,2 Samuel 3:8,6,ܕܐܫܒܫܘܠ,,,,Peshitta,PESH
10,2 Samuel,3,8,2 Samuel 3:8,7,ܘܐܡܪ,,,,Peshitta,PESH
10,2 Samuel,3,8,2 Samuel 3:8,8,ܐܒܢܝܪ,,,,Peshitta,PESH
10,2 Samuel,3,8,2 Samuel 3:8,9,ܪܝܫ,,,,Peshitta,PESH
10,2 Samuel,3,8,2 Samuel 3:8,10,ܟܠܒ̈ܐ,,,,Peshitta,PESH
10,2 Samuel,3,8,2 Samuel 3:8,11,ܐܢܐ,,,,Peshitta,PESH
10,2 Samuel,3,8,2 Samuel 3:8,12,ܕܝܗܘܕܐ,,,,Peshitta,PESH
10,2 Samuel,3,8,2 Samuel 3:8,13,ܝܘܡܢܐ,,,,Peshitta,PESH
10,2 Samuel,3,8,2 Samuel 3:8,14,ܘܥܒܕܬ,,,,Peshitta,PESH
10,2 Samuel,3,8,2 Samuel 3:8,15,ܛܝܒܘܬܐ,,,,Peshitta,PESH
10,2 Samuel,3,8,2 Samuel 3:8,16,ܥܡ,,,,Peshitta,PESH
10,2 Samuel,3,8,2 Samuel 3:8,17,ܕܒܝܬ,,,,Peshitta,PESH
10,2 Samuel,3,8,2 Samuel 3:8,18,ܫܐܘܠ,,,,Peshitta,PESH
10,2 Samuel,3,8,2 Samuel 3:8,19,ܐܒܘܟ,,,,Peshitta,PESH
10,2 Samuel,3,8,2 Samuel 3:8,20,ܘܒܐ̈ܚܘܗܝ,,,,Peshitta,PESH
10,2 Samuel,3,8,2 Samuel 3:8,21,ܘܒܪ̈ܚܡܘܗܝ,,,,Peshitta,PESH
10,2 Samuel,3,8,2 Samuel 3:8,22,ܘܠܐ,,,,Peshitta,PESH
10,2 Samuel,3,8,2 Samuel 3:8,23,ܐܫܠܡܬܟ,,,,Peshitta,PESH
10,2 Samuel,3,8,2 Samuel 3:8,24,ܒܐ̈ܝܕܘܗܝ,,,,Peshitta,PESH
10,2 Samuel,3,8,2 Samuel 3:8,25,ܕܕܘܝܕ,,,,Peshitta,PESH
10,2 Samuel,3,8,2 Samuel 3:8,26,ܘܐܢܬ,,,,Peshitta,PESH
10,2 Samuel,3,8,2 Samuel 3:8,27,ܕܟܪܬ,,,,Peshitta,PESH
10,2 Samuel,3,8,2 Samuel 3:8,28,ܥܠܝ,,,,Peshitta,PESH
10,2 Samuel,3,8,2 Samuel 3:8,29,ܥܘܠܐ,,,,Peshitta,PESH
10,2 Samuel,3,8,2 Samuel 3:8,30,ܕܐܢܬܬܐ,,,,Peshitta,PESH
10,2 Samuel,3,8,2 Samuel 3:8,31,ܝܘܡܢܐ,,,,Peshitta,PESH
10,2 Samuel,3,9,2 Samuel 3:9,1,ܗܟܢܐ,,,,Peshitta,PESH
10,2 Samuel,3,9,2 Samuel 3:9,2,ܢܥܒܕ,,,,Peshitta,PESH
10,2 Samuel,3,9,2 Samuel 3:9,3,ܐܠܗܐ,,,,Peshitta,PESH
10,2 Samuel,3,9,2 Samuel 3:9,4,ܠܐܒܢܝܪ,,,,Peshitta,PESH
10,2 Samuel,3,9,2 Samuel 3:9,5,ܘܗܟܢܐ,,,,Peshitta,PESH
10,2 Samuel,3,9,2 Samuel 3:9,6,ܢܘܣܦ,,,,Peshitta,PESH
10,2 Samuel,3,9,2 Samuel 3:9,7,ܠܗ,,,,Peshitta,PESH
10,2 Samuel,3,9,2 Samuel 3:9,8,ܐܠܐ,,,,Peshitta,PESH
10,2 Samuel,3,9,2 Samuel 3:9,9,ܐܝܟܢܐ,,,,Peshitta,PESH
10,2 Samuel,3,9,2 Samuel 3:9,10,ܕܐܡܪ,,,,Peshitta,PESH
10,2 Samuel,3,9,2 Samuel 3:9,11,ܡܪܝܐ,,,,Peshitta,PESH
10,2 Samuel,3,9,2 Samuel 3:9,12,ܠܕܘܝܕ,,,,Peshitta,PESH
10,2 Samuel,3,9,2 Samuel 3:9,13,ܗܟܢܐ,,,,Peshitta,PESH
10,2 Samuel,3,9,2 Samuel 3:9,14,ܐܥܒܕ,,,,Peshitta,PESH
10,2 Samuel,3,9,2 Samuel 3:9,15,ܠܗ,,,,Peshitta,PESH
10,2 Samuel,3,10,2 Samuel 3:10,1,ܠܡܥܒܪܘ,,,,Peshitta,PESH
10,2 Samuel,3,10,2 Samuel 3:10,2,ܡܠܟܘܬܐ,,,,Peshitta,PESH
10,2 Samuel,3,10,2 Samuel 3:10,3,ܡܢ,,,,Peshitta,PESH
10,2 Samuel,3,10,2 Samuel 3:10,4,ܕܒܝܬ,,,,Peshitta,PESH
10,2 Samuel,3,10,2 Samuel 3:10,5,ܫܐܘܠ,,,,Peshitta,PESH
10,2 Samuel,3,10,2 Samuel 3:10,6,ܘܠܡܩܡܘ,,,,Peshitta,PESH
10,2 Samuel,3,10,2 Samuel 3:10,7,ܟܘܪܣܝܗ,,,,Peshitta,PESH
10,2 Samuel,3,10,2 Samuel 3:10,8,ܕܕܘܝܕ,,,,Peshitta,PESH
10,2 Samuel,3,10,2 Samuel 3:10,9,ܥܠ,,,,Peshitta,PESH
10,2 Samuel,3,10,2 Samuel 3:10,10,ܐܝܣܪܝܠ,,,,Peshitta,PESH
10,2 Samuel,3,10,2 Samuel 3:10,11,ܘܥܠ,,,,Peshitta,PESH
10,2 Samuel,3,10,2 Samuel 3:10,12,ܝܗܘܕܐ,,,,Peshitta,PESH
10,2 Samuel,3,10,2 Samuel 3:10,13,ܡܢ,,,,Peshitta,PESH
10,2 Samuel,3,10,2 Samuel 3:10,14,ܕܢ,,,,Peshitta,PESH
10,2 Samuel,3,10,2 Samuel 3:10,15,ܘܥܕܡܐ,,,,Peshitta,PESH
10,2 Samuel,3,10,2 Samuel 3:10,16,ܠܒܪܫܒܥ,,,,Peshitta,PESH
10,2 Samuel,3,11,2 Samuel 3:11,1,ܘܠܐ,,,,Peshitta,PESH
10,2 Samuel,3,11,2 Samuel 3:11,2,ܐܫܟܚ,,,,Peshitta,PESH
10,2 Samuel,3,11,2 Samuel 3:11,3,ܬܘܒ,,,,Peshitta,PESH
10,2 Samuel,3,11,2 Samuel 3:11,4,ܐܫܒܫܘܠ,,,,Peshitta,PESH
10,2 Samuel,3,11,2 Samuel 3:11,5,ܠܡܬܒܘܬܗ,,,,Peshitta,PESH
10,2 Samuel,3,11,2 Samuel 3:11,6,ܠܐܒܢܝܪ,,,,Peshitta,PESH
10,2 Samuel,3,11,2 Samuel 3:11,7,ܦܬܓܡܐ,,,,Peshitta,PESH
10,2 Samuel,3,11,2 Samuel 3:11,8,ܡܢ,,,,Peshitta,PESH
10,2 Samuel,3,11,2 Samuel 3:11,9,ܕܚܠܬܗ,,,,Peshitta,PESH
10,2 Samuel,3,12,2 Samuel 3:12,1,ܘܫܕܪ,,,,Peshitta,PESH
10,2 Samuel,3,12,2 Samuel 3:12,2,ܐܒܢܝܪ,,,,Peshitta,PESH
10,2 Samuel,3,12,2 Samuel 3:12,3,ܐܝ̈ܙܓܕܐ,,,,Peshitta,PESH
10,2 Samuel,3,12,2 Samuel 3:12,4,ܠܘܬ,,,,Peshitta,PESH
10,2 Samuel,3,12,2 Samuel 3:12,5,ܕܘܝܕ,,,,Peshitta,PESH
10,2 Samuel,3,12,2 Samuel 3:12,6,ܠܡܐܡܪ,,,,Peshitta,PESH
10,2 Samuel,3,12,2 Samuel 3:12,7,ܡܢܐ,,,,Peshitta,PESH
10,2 Samuel,3,12,2 Samuel 3:12,8,ܗܝ,,,,Peshitta,PESH
10,2 Samuel,3,12,2 Samuel 3:12,9,ܐܪܥܐ,,,,Peshitta,PESH
10,2 Samuel,3,12,2 Samuel 3:12,10,ܐܩܝܡ,,,,Peshitta,PESH
10,2 Samuel,3,12,2 Samuel 3:12,11,ܩܝܡܟ,,,,Peshitta,PESH
10,2 Samuel,3,12,2 Samuel 3:12,12,ܥܡܝ,,,,Peshitta,PESH
10,2 Samuel,3,12,2 Samuel 3:12,13,ܘܗܐ,,,,Peshitta,PESH
10,2 Samuel,3,12,2 Samuel 3:12,14,ܐܝܕܝ,,,,Peshitta,PESH
10,2 Samuel,3,12,2 Samuel 3:12,15,ܥܡܟ,,,,Peshitta,PESH
10,2 Samuel,3,12,2 Samuel 3:12,16,ܠܡܦܢܝܘ,,,,Peshitta,PESH
10,2 Samuel,3,12,2 Samuel 3:12,17,ܠܘܬܟ,,,,Peshitta,PESH
10,2 Samuel,3,12,2 Samuel 3:12,18,ܠܟܘܠܗ,,,,Peshitta,PESH
10,2 Samuel,3,12,2 Samuel 3:12,19,ܐܝܣܪܝܠ,,,,Peshitta,PESH
10,2 Samuel,3,13,2 Samuel 3:13,1,ܘܐܡܪ,,,,Peshitta,PESH
10,2 Samuel,3,13,2 Samuel 3:13,2,ܕܘܝܕ,,,,Peshitta,PESH
10,2 Samuel,3,13,2 Samuel 3:13,3,ܫܦܝܪ,,,,Peshitta,PESH
10,2 Samuel,3,13,2 Samuel 3:13,4,ܐܢܐ,,,,Peshitta,PESH
10,2 Samuel,3,13,2 Samuel 3:13,5,ܡܩܝܡ,,,,Peshitta,PESH
10,2 Samuel,3,13,2 Samuel 3:13,6,ܐܢܐ,,,,Peshitta,PESH
10,2 Samuel,3,13,2 Samuel 3:13,7,ܥܡܟ,,,,Peshitta,PESH
10,2 Samuel,3,13,2 Samuel 3:13,8,ܩܝܡܐ,,,,Peshitta,PESH
10,2 Samuel,3,13,2 Samuel 3:13,9,ܒܪܡ,,,,Peshitta,PESH
10,2 Samuel,3,13,2 Samuel 3:13,10,ܦܬܓܡܐ,,,,Peshitta,PESH
10,2 Samuel,3,13,2 Samuel 3:13,11,ܚܕ,,,,Peshitta,PESH
10,2 Samuel,3,13,2 Samuel 3:13,12,ܫܐܠ,,,,Peshitta,PESH
10,2 Samuel,3,13,2 Samuel 3:13,13,ܐܢܐ,,,,Peshitta,PESH
10,2 Samuel,3,13,2 Samuel 3:13,14,ܡܢܟ,,,,Peshitta,PESH
10,2 Samuel,3,13,2 Samuel 3:13,15,ܠܐ,,,,Peshitta,PESH
10,2 Samuel,3,13,2 Samuel 3:13,16,ܬܚܙܐ,,,,Peshitta,PESH
10,2 Samuel,3,13,2 Samuel 3:13,17,ܐ̈ܦܝ,,,,Peshitta,PESH
10,2 Samuel,3,13,2 Samuel 3:13,18,ܐܠܐ,,,,Peshitta,PESH
10,2 Samuel,3,13,2 Samuel 3:13,19,ܐܢ,,,,Peshitta,PESH
10,2 Samuel,3,13,2 Samuel 3:13,20,ܬܝܬܐ,,,,Peshitta,PESH
10,2 Samuel,3,13,2 Samuel 3:13,21,ܥܡܟ,,,,Peshitta,PESH
10,2 Samuel,3,13,2 Samuel 3:13,22,ܠܡܠܟܠ,,,,Peshitta,PESH
10,2 Samuel,3,13,2 Samuel 3:13,23,ܒܪܬ,,,,Peshitta,PESH
10,2 Samuel,3,13,2 Samuel 3:13,24,ܫܐܘܠ,,,,Peshitta,PESH
10,2 Samuel,3,14,2 Samuel 3:14,1,ܘܫܕܪ,,,,Peshitta,PESH
10,2 Samuel,3,14,2 Samuel 3:14,2,ܕܘܝܕ,,,,Peshitta,PESH
10,2 Samuel,3,14,2 Samuel 3:14,3,ܐܝ̈ܙܓܕܐ,,,,Peshitta,PESH
10,2 Samuel,3,14,2 Samuel 3:14,4,ܠܘܬ,,,,Peshitta,PESH
10,2 Samuel,3,14,2 Samuel 3:14,5,ܐܫܒܫܘܠ,,,,Peshitta,PESH
10,2 Samuel,3,14,2 Samuel 3:14,6,ܒܪ,,,,Peshitta,PESH
10,2 Samuel,3,14,2 Samuel 3:14,7,ܫܐܘܠ,,,,Peshitta,PESH
10,2 Samuel,3,14,2 Samuel 3:14,8,ܘܐܡܪ,,,,Peshitta,PESH
10,2 Samuel,3,14,2 Samuel 3:14,9,ܠܗ,,,,Peshitta,PESH
10,2 Samuel,3,14,2 Samuel 3:14,10,ܗܒ,,,,Peshitta,PESH
10,2 Samuel,3,14,2 Samuel 3:14,11,ܠܝ,,,,Peshitta,PESH
10,2 Samuel,3,14,2 Samuel 3:14,12,ܐܢܬܬܝ,,,,Peshitta,PESH
10,2 Samuel,3,14,2 Samuel 3:14,13,ܕܡܟܪܬ,,,,Peshitta,PESH
10,2 Samuel,3,14,2 Samuel 3:14,14,ܠܝ,,,,Peshitta,PESH
10,2 Samuel,3,14,2 Samuel 3:14,15,ܒܡܐܬܝܢ,,,,Peshitta,PESH
10,2 Samuel,3,14,2 Samuel 3:14,16,ܥܘܪ̈ܠܘܬܐ,,,,Peshitta,PESH
10,2 Samuel,3,14,2 Samuel 3:14,17,ܕܦܠܫ̈ܬܝܐ,,,,Peshitta,PESH
10,2 Samuel,3,15,2 Samuel 3:15,1,ܘܫܕܪ,,,,Peshitta,PESH
10,2 Samuel,3,15,2 Samuel 3:15,2,ܐܫܒܫܘܠ,,,,Peshitta,PESH
10,2 Samuel,3,15,2 Samuel 3:15,3,ܘܕܒܪܗ̇,,,,Peshitta,PESH
10,2 Samuel,3,15,2 Samuel 3:15,4,ܡܢ,,,,Peshitta,PESH
10,2 Samuel,3,15,2 Samuel 3:15,5,ܠܘܬ,,,,Peshitta,PESH
10,2 Samuel,3,15,2 Samuel 3:15,6,ܒܥܠܗ̇,,,,Peshitta,PESH
10,2 Samuel,3,15,2 Samuel 3:15,7,ܡܢ,,,,Peshitta,PESH
10,2 Samuel,3,15,2 Samuel 3:15,8,ܠܘܬ,,,,Peshitta,PESH
10,2 Samuel,3,15,2 Samuel 3:15,9,ܦܠܛܝ,,,,Peshitta,PESH
10,2 Samuel,3,15,2 Samuel 3:15,10,ܒܪ,,,,Peshitta,PESH
10,2 Samuel,3,15,2 Samuel 3:15,11,ܠܝܫ,,,,Peshitta,PESH
10,2 Samuel,3,15,2 Samuel 3:15,12,ܕܡܢ,,,,Peshitta,PESH
10,2 Samuel,3,15,2 Samuel 3:15,13,ܓܠܝܡ,,,,Peshitta,PESH
10,2 Samuel,3,16,2 Samuel 3:16,1,ܘܐܙ̇ܠ,,,,Peshitta,PESH
10,2 Samuel,3,16,2 Samuel 3:16,2,ܒܥܠܗ̇,,,,Peshitta,PESH
10,2 Samuel,3,16,2 Samuel 3:16,3,ܡܗܠܟ,,,,Peshitta,PESH
10,2 Samuel,3,16,2 Samuel 3:16,4,ܘܒܟ̇ܐ,,,,Peshitta,PESH
10,2 Samuel,3,16,2 Samuel 3:16,5,ܒܬܪܗ̇,,,,Peshitta,PESH
10,2 Samuel,3,16,2 Samuel 3:16,6,ܥܕܡܐ,,,,Peshitta,PESH
10,2 Samuel,3,16,2 Samuel 3:16,7,ܠܒܝܬ,,,,Peshitta,PESH
10,2 Samuel,3,16,2 Samuel 3:16,8,ܚܘܪܝܡ,,,,Peshitta,PESH
10,2 Samuel,3,16,2 Samuel 3:16,9,ܘܐܡܪ,,,,Peshitta,PESH
10,2 Samuel,3,16,2 Samuel 3:16,10,ܠܗ,,,,Peshitta,PESH
10,2 Samuel,3,16,2 Samuel 3:16,11,ܐܒܢܝܪ,,,,Peshitta,PESH
10,2 Samuel,3,16,2 Samuel 3:16,12,ܗܦܘܟ,,,,Peshitta,PESH
10,2 Samuel,3,16,2 Samuel 3:16,13,ܘܗܦܟ,,,,Peshitta,PESH
10,2 Samuel,3,17,2 Samuel 3:17,1,ܘܡܠܬܗ,,,,Peshitta,PESH
10,2 Samuel,3,17,2 Samuel 3:17,2,ܕܐܒܢܝܪ,,,,Peshitta,PESH
10,2 Samuel,3,17,2 Samuel 3:17,3,ܗܘܬ,,,,Peshitta,PESH
10,2 Samuel,3,17,2 Samuel 3:17,4,ܥܠ,,,,Peshitta,PESH
10,2 Samuel,3,17,2 Samuel 3:17,5,ܣ̈ܒܐ,,,,Peshitta,PESH
10,2 Samuel,3,17,2 Samuel 3:17,6,ܕܐܝܣܪܝܠ,,,,Peshitta,PESH
10,2 Samuel,3,17,2 Samuel 3:17,7,ܘܐܡܪ,,,,Peshitta,PESH
10,2 Samuel,3,17,2 Samuel 3:17,8,ܠܗܘܢ,,,,Peshitta,PESH
10,2 Samuel,3,17,2 Samuel 3:17,9,ܐܦ,,,,Peshitta,PESH
10,2 Samuel,3,17,2 Samuel 3:17,10,ܡܢ,,,,Peshitta,PESH
10,2 Samuel,3,17,2 Samuel 3:17,11,ܐܬܡܠܝ,,,,Peshitta,PESH
10,2 Samuel,3,17,2 Samuel 3:17,12,ܘܐܦ,,,,Peshitta,PESH
10,2 Samuel,3,17,2 Samuel 3:17,13,ܡܢ,,,,Peshitta,PESH
10,2 Samuel,3,17,2 Samuel 3:17,14,ܡܢܬܡܠܝ,,,,Peshitta,PESH
10,2 Samuel,3,17,2 Samuel 3:17,15,ܒܥܝܢ,,,,Peshitta,PESH
10,2 Samuel,3,17,2 Samuel 3:17,16,ܗܘܝܬܘܢ,,,,Peshitta,PESH
10,2 Samuel,3,17,2 Samuel 3:17,17,ܠܕܘܝܕ,,,,Peshitta,PESH
10,2 Samuel,3,17,2 Samuel 3:17,18,ܕܢܡܠܟ,,,,Peshitta,PESH
10,2 Samuel,3,17,2 Samuel 3:17,19,ܥܠܝܟܘܢ,,,,Peshitta,PESH
10,2 Samuel,3,18,2 Samuel 3:18,1,ܘܗܫܐ,,,,Peshitta,PESH
10,2 Samuel,3,18,2 Samuel 3:18,2,ܥܒܕܘ,,,,Peshitta,PESH
10,2 Samuel,3,18,2 Samuel 3:18,3,ܗܟܢܐ,,,,Peshitta,PESH
10,2 Samuel,3,18,2 Samuel 3:18,4,ܡܛܠ,,,,Peshitta,PESH
10,2 Samuel,3,18,2 Samuel 3:18,5,ܕܡܪܝܐ,,,,Peshitta,PESH
10,2 Samuel,3,18,2 Samuel 3:18,6,ܐܡܪ,,,,Peshitta,PESH
10,2 Samuel,3,18,2 Samuel 3:18,7,ܥܠ,,,,Peshitta,PESH
10,2 Samuel,3,18,2 Samuel 3:18,8,ܕܘܝܕ,,,,Peshitta,PESH
10,2 Samuel,3,18,2 Samuel 3:18,9,ܕܒܝܕ,,,,Peshitta,PESH
10,2 Samuel,3,18,2 Samuel 3:18,10,ܕܘܝܕ,,,,Peshitta,PESH
10,2 Samuel,3,18,2 Samuel 3:18,11,ܥܒܕܝ,,,,Peshitta,PESH
10,2 Samuel,3,18,2 Samuel 3:18,12,ܐܥܒܕ,,,,Peshitta,PESH
10,2 Samuel,3,18,2 Samuel 3:18,13,ܦܘܪܩܢܐ,,,,Peshitta,PESH
10,2 Samuel,3,18,2 Samuel 3:18,14,ܠܥܡܝ,,,,Peshitta,PESH
10,2 Samuel,3,18,2 Samuel 3:18,15,ܐܝܣܪܝܠ,,,,Peshitta,PESH
10,2 Samuel,3,18,2 Samuel 3:18,16,ܡܢ,,,,Peshitta,PESH
10,2 Samuel,3,18,2 Samuel 3:18,17,ܐܝܕܐ,,,,Peshitta,PESH
10,2 Samuel,3,18,2 Samuel 3:18,18,ܕܦܠܫ̈ܬܝܐ,,,,Peshitta,PESH
10,2 Samuel,3,18,2 Samuel 3:18,19,ܘܡܢ,,,,Peshitta,PESH
10,2 Samuel,3,18,2 Samuel 3:18,20,ܐܝܕܐ,,,,Peshitta,PESH
10,2 Samuel,3,18,2 Samuel 3:18,21,ܕܟܠܗܘܢ,,,,Peshitta,PESH
10,2 Samuel,3,18,2 Samuel 3:18,22,ܒ̈ܥܠܕܒܒܝܗܘܢ,,,,Peshitta,PESH
10,2 Samuel,3,19,2 Samuel 3:19,1,ܘܡܠܠ,,,,Peshitta,PESH
10,2 Samuel,3,19,2 Samuel 3:19,2,ܐܒܢܝܪ,,,,Peshitta,PESH
10,2 Samuel,3,19,2 Samuel 3:19,3,ܐܦ,,,,Peshitta,PESH
10,2 Samuel,3,19,2 Samuel 3:19,4,ܩܕܡ,,,,Peshitta,PESH
10,2 Samuel,3,19,2 Samuel 3:19,5,ܒܢ̈ܝ,,,,Peshitta,PESH
10,2 Samuel,3,19,2 Samuel 3:19,6,ܒܢܝܡܝܢ,,,,Peshitta,PESH
10,2 Samuel,3,19,2 Samuel 3:19,7,ܘܐܙܠ,,,,Peshitta,PESH
10,2 Samuel,3,19,2 Samuel 3:19,8,ܐܒܢܝܪ,,,,Peshitta,PESH
10,2 Samuel,3,19,2 Samuel 3:19,9,ܠܡܡܠܠܘ,,,,Peshitta,PESH
10,2 Samuel,3,19,2 Samuel 3:19,10,ܩܕܡ,,,,Peshitta,PESH
10,2 Samuel,3,19,2 Samuel 3:19,11,ܕܘܝܕ,,,,Peshitta,PESH
10,2 Samuel,3,19,2 Samuel 3:19,12,ܒܚܒܪܘܢ,,,,Peshitta,PESH
10,2 Samuel,3,19,2 Samuel 3:19,13,ܟܕ,,,,Peshitta,PESH
10,2 Samuel,3,19,2 Samuel 3:19,14,ܫܦܪ,,,,Peshitta,PESH
10,2 Samuel,3,19,2 Samuel 3:19,15,ܒܥܝ̈ܢܝ,,,,Peshitta,PESH
10,2 Samuel,3,19,2 Samuel 3:19,16,ܐܝܣܪܝܠ,,,,Peshitta,PESH
10,2 Samuel,3,19,2 Samuel 3:19,17,ܘܒܥܝܢ̈ܝ,,,,Peshitta,PESH
10,2 Samuel,3,19,2 Samuel 3:19,18,ܟܠܗ,,,,Peshitta,PESH
10,2 Samuel,3,19,2 Samuel 3:19,19,ܒܝܬ,,,,Peshitta,PESH
10,2 Samuel,3,19,2 Samuel 3:19,20,ܒܢܝܡܝܢ,,,,Peshitta,PESH
10,2 Samuel,3,20,2 Samuel 3:20,1,ܘܐܬܐ,,,,Peshitta,PESH
10,2 Samuel,3,20,2 Samuel 3:20,2,ܐܒܢܝܪ,,,,Peshitta,PESH
10,2 Samuel,3,20,2 Samuel 3:20,3,ܠܘܬ,,,,Peshitta,PESH
10,2 Samuel,3,20,2 Samuel 3:20,4,ܕܘܝܕ,,,,Peshitta,PESH
10,2 Samuel,3,20,2 Samuel 3:20,5,ܠܚܒܪܘܢ,,,,Peshitta,PESH
10,2 Samuel,3,20,2 Samuel 3:20,6,ܘܥܡܗ,,,,Peshitta,PESH
10,2 Samuel,3,20,2 Samuel 3:20,7,ܥܣܪ̈ܝܢ,,,,Peshitta,PESH
10,2 Samuel,3,20,2 Samuel 3:20,8,ܓܒܪ̈ܝܢ,,,,Peshitta,PESH
10,2 Samuel,3,20,2 Samuel 3:20,9,ܘܥܒܕ,,,,Peshitta,PESH
10,2 Samuel,3,20,2 Samuel 3:20,10,ܕܘܝܕ,,,,Peshitta,PESH
10,2 Samuel,3,20,2 Samuel 3:20,11,ܠܐܒܢܝܪ,,,,Peshitta,PESH
10,2 Samuel,3,20,2 Samuel 3:20,12,ܘܠܥܣܪ̈ܝܢ,,,,Peshitta,PESH
10,2 Samuel,3,20,2 Samuel 3:20,13,ܓܒܪ̈ܝܢ,,,,Peshitta,PESH
10,2 Samuel,3,20,2 Samuel 3:20,14,ܕܥܡܗ,,,,Peshitta,PESH
10,2 Samuel,3,20,2 Samuel 3:20,15,ܡܫܬܝܐ,,,,Peshitta,PESH
10,2 Samuel,3,20,2 Samuel 3:20,16,ܪܒܐ,,,,Peshitta,PESH
10,2 Samuel,3,21,2 Samuel 3:21,1,ܘܐܡܪ,,,,Peshitta,PESH
10,2 Samuel,3,21,2 Samuel 3:21,2,ܐܒܢܝܪ,,,,Peshitta,PESH
10,2 Samuel,3,21,2 Samuel 3:21,3,ܠܕܘܝܕ,,,,Peshitta,PESH
10,2 Samuel,3,21,2 Samuel 3:21,4,ܐܩܘܡ,,,,Peshitta,PESH
10,2 Samuel,3,21,2 Samuel 3:21,5,ܐܙ̇ܠ,,,,Peshitta,PESH
10,2 Samuel,3,21,2 Samuel 3:21,6,ܐܟܢܫ,,,,Peshitta,PESH
10,2 Samuel,3,21,2 Samuel 3:21,7,ܠܡܪܝ,,,,Peshitta,PESH
10,2 Samuel,3,21,2 Samuel 3:21,8,ܡܠܟܐ,,,,Peshitta,PESH
10,2 Samuel,3,21,2 Samuel 3:21,9,ܠܟܠܗ,,,,Peshitta,PESH
10,2 Samuel,3,21,2 Samuel 3:21,10,ܐܝܣܪܝܠ,,,,Peshitta,PESH
10,2 Samuel,3,21,2 Samuel 3:21,11,ܘܢܩܝܡܘܢ,,,,Peshitta,PESH
10,2 Samuel,3,21,2 Samuel 3:21,12,ܥܡܟ,,,,Peshitta,PESH
10,2 Samuel,3,21,2 Samuel 3:21,13,ܩܝܡܐ,,,,Peshitta,PESH
10,2 Samuel,3,21,2 Samuel 3:21,14,ܘܬܡܠܟ,,,,Peshitta,PESH
10,2 Samuel,3,21,2 Samuel 3:21,15,ܒܟܠ,,,,Peshitta,PESH
10,2 Samuel,3,21,2 Samuel 3:21,16,ܕܪܓܐ,,,,Peshitta,PESH
10,2 Samuel,3,21,2 Samuel 3:21,17,ܢܦܫܟ,,,,Peshitta,PESH
10,2 Samuel,3,21,2 Samuel 3:21,18,ܘܫܕܪ,,,,Peshitta,PESH
10,2 Samuel,3,21,2 Samuel 3:21,19,ܕܘܝܕ,,,,Peshitta,PESH
10,2 Samuel,3,21,2 Samuel 3:21,20,ܠܐܒܢܝܪ,,,,Peshitta,PESH
10,2 Samuel,3,21,2 Samuel 3:21,21,ܘܐܙܠ,,,,Peshitta,PESH
10,2 Samuel,3,21,2 Samuel 3:21,22,ܒܫܠܡܐ,,,,Peshitta,PESH
10,2 Samuel,3,22,2 Samuel 3:22,1,ܘܗܐ,,,,Peshitta,PESH
10,2 Samuel,3,22,2 Samuel 3:22,2,ܓܒܪ̈ܐ,,,,Peshitta,PESH
10,2 Samuel,3,22,2 Samuel 3:22,3,ܕܕܘܝܕ,,,,Peshitta,PESH
10,2 Samuel,3,22,2 Samuel 3:22,4,ܘܝܘܐܒ,,,,Peshitta,PESH
10,2 Samuel,3,22,2 Samuel 3:22,5,ܐܬܘ,,,,Peshitta,PESH
10,2 Samuel,3,22,2 Samuel 3:22,6,ܡܢ,,,,Peshitta,PESH
10,2 Samuel,3,22,2 Samuel 3:22,7,ܓܝܣܐ,,,,Peshitta,PESH
10,2 Samuel,3,22,2 Samuel 3:22,8,ܘܕܒܪܬܐ,,,,Peshitta,PESH
10,2 Samuel,3,22,2 Samuel 3:22,9,ܣܓܝܐܬܐ,,,,Peshitta,PESH
10,2 Samuel,3,22,2 Samuel 3:22,10,ܐܝܬܝܘ,,,,Peshitta,PESH
10,2 Samuel,3,22,2 Samuel 3:22,11,ܥܡܗܘܢ,,,,Peshitta,PESH
10,2 Samuel,3,22,2 Samuel 3:22,12,ܘܐܒܢܝܪ,,,,Peshitta,PESH
10,2 Samuel,3,22,2 Samuel 3:22,13,ܠܐ,,,,Peshitta,PESH
10,2 Samuel,3,22,2 Samuel 3:22,14,ܗܘܐ,,,,Peshitta,PESH
10,2 Samuel,3,22,2 Samuel 3:22,15,ܥܡ,,,,Peshitta,PESH
10,2 Samuel,3,22,2 Samuel 3:22,16,ܕܘܝܕ,,,,Peshitta,PESH
10,2 Samuel,3,22,2 Samuel 3:22,17,ܗܘܐ,,,,Peshitta,PESH
10,2 Samuel,3,22,2 Samuel 3:22,18,ܒܚܒܪܘܢ,,,,Peshitta,PESH
10,2 Samuel,3,22,2 Samuel 3:22,19,ܡܛܘܠ,,,,Peshitta,PESH
10,2 Samuel,3,22,2 Samuel 3:22,20,ܕܫܕܪܗ,,,,Peshitta,PESH
10,2 Samuel,3,22,2 Samuel 3:22,21,ܘܐܙܠ,,,,Peshitta,PESH
10,2 Samuel,3,22,2 Samuel 3:22,22,ܒܫܠܡܐ,,,,Peshitta,PESH
10,2 Samuel,3,23,2 Samuel 3:23,1,ܘܐܬܐ,,,,Peshitta,PESH
10,2 Samuel,3,23,2 Samuel 3:23,2,ܝܘܐܒ,,,,Peshitta,PESH
10,2 Samuel,3,23,2 Samuel 3:23,3,ܘܟܠܗ,,,,Peshitta,PESH
10,2 Samuel,3,23,2 Samuel 3:23,4,ܥܡܐ,,,,Peshitta,PESH
10,2 Samuel,3,23,2 Samuel 3:23,5,ܕܥܡܗ,,,,Peshitta,PESH
10,2 Samuel,3,23,2 Samuel 3:23,6,ܘܚܘܝܘ,,,,Peshitta,PESH
10,2 Samuel,3,23,2 Samuel 3:23,7,ܠܝܘܐܒ,,,,Peshitta,PESH
10,2 Samuel,3,23,2 Samuel 3:23,8,ܕܐܬܐ,,,,Peshitta,PESH
10,2 Samuel,3,23,2 Samuel 3:23,9,ܐܒܢܝܪ,,,,Peshitta,PESH
10,2 Samuel,3,23,2 Samuel 3:23,10,ܒܪ,,,,Peshitta,PESH
10,2 Samuel,3,23,2 Samuel 3:23,11,ܢܝܪ,,,,Peshitta,PESH
10,2 Samuel,3,23,2 Samuel 3:23,12,ܠܘܬ,,,,Peshitta,PESH
10,2 Samuel,3,23,2 Samuel 3:23,13,ܡܠܟܐ,,,,Peshitta,PESH
10,2 Samuel,3,23,2 Samuel 3:23,14,ܕܘܝܕ,,,,Peshitta,PESH
10,2 Samuel,3,23,2 Samuel 3:23,15,ܘܫܕܪܗ,,,,Peshitta,PESH
10,2 Samuel,3,23,2 Samuel 3:23,16,ܘܐܙܠ,,,,Peshitta,PESH
10,2 Samuel,3,23,2 Samuel 3:23,17,ܒܫܠܡܐ,,,,Peshitta,PESH
10,2 Samuel,3,24,2 Samuel 3:24,1,ܘܐܬܐ,,,,Peshitta,PESH
10,2 Samuel,3,24,2 Samuel 3:24,2,ܝܘܐܒ,,,,Peshitta,PESH
10,2 Samuel,3,24,2 Samuel 3:24,3,ܠܘܬ,,,,Peshitta,PESH
10,2 Samuel,3,24,2 Samuel 3:24,4,ܡܠܟܐ,,,,Peshitta,PESH
10,2 Samuel,3,24,2 Samuel 3:24,5,ܕܘܝܕ,,,,Peshitta,PESH
10,2 Samuel,3,24,2 Samuel 3:24,6,ܘܐܡܪ,,,,Peshitta,PESH
10,2 Samuel,3,24,2 Samuel 3:24,7,ܠܗ,,,,Peshitta,PESH
10,2 Samuel,3,24,2 Samuel 3:24,8,ܡܢܐ,,,,Peshitta,PESH
10,2 Samuel,3,24,2 Samuel 3:24,9,ܥܒܕܬ,,,,Peshitta,PESH
10,2 Samuel,3,24,2 Samuel 3:24,10,ܗܐ,,,,Peshitta,PESH
10,2 Samuel,3,24,2 Samuel 3:24,11,ܐܬܐ,,,,Peshitta,PESH
10,2 Samuel,3,24,2 Samuel 3:24,12,ܐܒܢܝܪ,,,,Peshitta,PESH
10,2 Samuel,3,24,2 Samuel 3:24,13,ܠܘܬܟ,,,,Peshitta,PESH
10,2 Samuel,3,24,2 Samuel 3:24,14,ܠܡܢܐ,,,,Peshitta,PESH
10,2 Samuel,3,24,2 Samuel 3:24,15,ܫܕܪܬܝܗܝ,,,,Peshitta,PESH
10,2 Samuel,3,24,2 Samuel 3:24,16,ܘܐܙܠ,,,,Peshitta,PESH
10,2 Samuel,3,24,2 Samuel 3:24,17,ܡܢ,,,,Peshitta,PESH
10,2 Samuel,3,24,2 Samuel 3:24,18,ܠܘܬܟ,,,,Peshitta,PESH
10,2 Samuel,3,25,2 Samuel 3:25,1,ܠܐ,,,,Peshitta,PESH
10,2 Samuel,3,25,2 Samuel 3:25,2,ܝܕܥ,,,,Peshitta,PESH
10,2 Samuel,3,25,2 Samuel 3:25,3,ܐܢܬ,,,,Peshitta,PESH
10,2 Samuel,3,25,2 Samuel 3:25,4,ܕܐܒܢܝܪ,,,,Peshitta,PESH
10,2 Samuel,3,25,2 Samuel 3:25,5,ܒܪ,,,,Peshitta,PESH
10,2 Samuel,3,25,2 Samuel 3:25,6,ܢܝܪ,,,,Peshitta,PESH
10,2 Samuel,3,25,2 Samuel 3:25,7,ܠܡܫܕܠܘܬܟ,,,,Peshitta,PESH
10,2 Samuel,3,25,2 Samuel 3:25,8,ܐܬܐ,,,,Peshitta,PESH
10,2 Samuel,3,25,2 Samuel 3:25,9,ܘܠܡܕܥ,,,,Peshitta,PESH
10,2 Samuel,3,25,2 Samuel 3:25,10,ܡܦܩܟ,,,,Peshitta,PESH
10,2 Samuel,3,25,2 Samuel 3:25,11,ܘܡܥܠܟ,,,,Peshitta,PESH
10,2 Samuel,3,25,2 Samuel 3:25,12,ܘܠܡܕܥ,,,,Peshitta,PESH
10,2 Samuel,3,25,2 Samuel 3:25,13,ܟܠ,,,,Peshitta,PESH
10,2 Samuel,3,25,2 Samuel 3:25,14,ܕܥܒܕ,,,,Peshitta,PESH
10,2 Samuel,3,25,2 Samuel 3:25,15,ܐܢܬ,,,,Peshitta,PESH
10,2 Samuel,3,26,2 Samuel 3:26,1,ܘܢܦܩ,,,,Peshitta,PESH
10,2 Samuel,3,26,2 Samuel 3:26,2,ܝܘܐܒ,,,,Peshitta,PESH
10,2 Samuel,3,26,2 Samuel 3:26,3,ܡܢ,,,,Peshitta,PESH
10,2 Samuel,3,26,2 Samuel 3:26,4,ܠܘܬ,,,,Peshitta,PESH
10,2 Samuel,3,26,2 Samuel 3:26,5,ܕܘܝܕ,,,,Peshitta,PESH
10,2 Samuel,3,26,2 Samuel 3:26,6,ܘܫܕܪ,,,,Peshitta,PESH
10,2 Samuel,3,26,2 Samuel 3:26,7,ܐܝ̈ܙܓܕܐ,,,,Peshitta,PESH
10,2 Samuel,3,26,2 Samuel 3:26,8,ܒܬܪ,,,,Peshitta,PESH
10,2 Samuel,3,26,2 Samuel 3:26,9,ܐܒܢܝܪ,,,,Peshitta,PESH
10,2 Samuel,3,26,2 Samuel 3:26,10,ܘܐܗܦܟܘܗܝ,,,,Peshitta,PESH
10,2 Samuel,3,26,2 Samuel 3:26,11,ܡܢ,,,,Peshitta,PESH
10,2 Samuel,3,26,2 Samuel 3:26,12,ܟܪܗܣܝܪܐ,,,,Peshitta,PESH
10,2 Samuel,3,26,2 Samuel 3:26,13,ܘܕܘܝܕ,,,,Peshitta,PESH
10,2 Samuel,3,26,2 Samuel 3:26,14,ܠܐ,,,,Peshitta,PESH
10,2 Samuel,3,26,2 Samuel 3:26,15,ܝܕܥ,,,,Peshitta,PESH
10,2 Samuel,3,27,2 Samuel 3:27,1,ܘܗܦܟ,,,,Peshitta,PESH
10,2 Samuel,3,27,2 Samuel 3:27,2,ܐܒܢܝܪ,,,,Peshitta,PESH
10,2 Samuel,3,27,2 Samuel 3:27,3,ܠܚܒܪܘܢ,,,,Peshitta,PESH
10,2 Samuel,3,27,2 Samuel 3:27,4,ܘܛܫܝܗ,,,,Peshitta,PESH
10,2 Samuel,3,27,2 Samuel 3:27,5,ܝܘܐܒ,,,,Peshitta,PESH
10,2 Samuel,3,27,2 Samuel 3:27,6,ܠܓܘ,,,,Peshitta,PESH
10,2 Samuel,3,27,2 Samuel 3:27,7,ܡܢ,,,,Peshitta,PESH
10,2 Samuel,3,27,2 Samuel 3:27,8,ܬܪܥܐ,,,,Peshitta,PESH
10,2 Samuel,3,27,2 Samuel 3:27,9,ܠܡܡܠܠܘ,,,,Peshitta,PESH
10,2 Samuel,3,27,2 Samuel 3:27,10,ܥܡܗ,,,,Peshitta,PESH
10,2 Samuel,3,27,2 Samuel 3:27,11,ܒܫܠܝܐ,,,,Peshitta,PESH
10,2 Samuel,3,27,2 Samuel 3:27,12,ܘܡܚܝܗܝ,,,,Peshitta,PESH
10,2 Samuel,3,27,2 Samuel 3:27,13,ܬܡܢ,,,,Peshitta,PESH
10,2 Samuel,3,27,2 Samuel 3:27,14,ܒܚܘܡܫܗ,,,,Peshitta,PESH
10,2 Samuel,3,27,2 Samuel 3:27,15,ܘܡܝܬ,,,,Peshitta,PESH
10,2 Samuel,3,27,2 Samuel 3:27,16,ܒܕܡܐ,,,,Peshitta,PESH
10,2 Samuel,3,27,2 Samuel 3:27,17,ܕܥܫܐܝܠ,,,,Peshitta,PESH
10,2 Samuel,3,27,2 Samuel 3:27,18,ܐܚܘܗܝ,,,,Peshitta,PESH
10,2 Samuel,3,28,2 Samuel 3:28,1,ܘܫܡܥ,,,,Peshitta,PESH
10,2 Samuel,3,28,2 Samuel 3:28,2,ܕܘܝܕ,,,,Peshitta,PESH
10,2 Samuel,3,28,2 Samuel 3:28,3,ܡܢ,,,,Peshitta,PESH
10,2 Samuel,3,28,2 Samuel 3:28,4,ܒܬܪܟܢ,,,,Peshitta,PESH
10,2 Samuel,3,28,2 Samuel 3:28,5,ܘܐܡܪ,,,,Peshitta,PESH
10,2 Samuel,3,28,2 Samuel 3:28,6,ܙܟܝ,,,,Peshitta,PESH
10,2 Samuel,3,28,2 Samuel 3:28,7,ܐܢܐ,,,,Peshitta,PESH
10,2 Samuel,3,28,2 Samuel 3:28,8,ܘܡܠܟܘܬܝ,,,,Peshitta,PESH
10,2 Samuel,3,28,2 Samuel 3:28,9,ܡܢ,,,,Peshitta,PESH
10,2 Samuel,3,28,2 Samuel 3:28,10,ܩܕܡ,,,,Peshitta,PESH
10,2 Samuel,3,28,2 Samuel 3:28,11,ܡܪܝܐ,,,,Peshitta,PESH
10,2 Samuel,3,28,2 Samuel 3:28,12,ܠܥܠܡ,,,,Peshitta,PESH
10,2 Samuel,3,28,2 Samuel 3:28,13,ܡܢ,,,,Peshitta,PESH
10,2 Samuel,3,28,2 Samuel 3:28,14,ܕܡܗ,,,,Peshitta,PESH
10,2 Samuel,3,28,2 Samuel 3:28,15,ܕܐܒܢܝܪ,,,,Peshitta,PESH
10,2 Samuel,3,28,2 Samuel 3:28,16,ܒܪ,,,,Peshitta,PESH
10,2 Samuel,3,28,2 Samuel 3:28,17,ܢܝܪ,,,,Peshitta,PESH
10,2 Samuel,3,29,2 Samuel 3:29,1,ܢܬܬܢܝܚ,,,,Peshitta,PESH
10,2 Samuel,3,29,2 Samuel 3:29,2,ܥܠ,,,,Peshitta,PESH
10,2 Samuel,3,29,2 Samuel 3:29,3,ܪܝܫܗ,,,,Peshitta,PESH
10,2 Samuel,3,29,2 Samuel 3:29,4,ܕܝܘܐܒ,,,,Peshitta,PESH
10,2 Samuel,3,29,2 Samuel 3:29,5,ܘܥܠ,,,,Peshitta,PESH
10,2 Samuel,3,29,2 Samuel 3:29,6,ܪܝܫ,,,,Peshitta,PESH
10,2 Samuel,3,29,2 Samuel 3:29,7,ܟܠܗ,,,,Peshitta,PESH
10,2 Samuel,3,29,2 Samuel 3:29,8,ܒܝܬ,,,,Peshitta,PESH
10,2 Samuel,3,29,2 Samuel 3:29,9,ܐܒܘܗܝ,,,,Peshitta,PESH
10,2 Samuel,3,29,2 Samuel 3:29,10,ܘܠܐ,,,,Peshitta,PESH
10,2 Samuel,3,29,2 Samuel 3:29,11,ܢܥܢܕ,,,,Peshitta,PESH
10,2 Samuel,3,29,2 Samuel 3:29,12,ܡܢ,,,,Peshitta,PESH
10,2 Samuel,3,29,2 Samuel 3:29,13,ܒܝܬܗ,,,,Peshitta,PESH
10,2 Samuel,3,29,2 Samuel 3:29,14,ܕܝܘܐܒ,,,,Peshitta,PESH
10,2 Samuel,3,29,2 Samuel 3:29,15,ܕܝܒܐ,,,,Peshitta,PESH
10,2 Samuel,3,29,2 Samuel 3:29,16,ܘܓܪܒܐ,,,,Peshitta,PESH
10,2 Samuel,3,29,2 Samuel 3:29,17,ܘܕܐܚܕ,,,,Peshitta,PESH
10,2 Samuel,3,29,2 Samuel 3:29,18,ܡܘܥܙܠܐ,,,,Peshitta,PESH
10,2 Samuel,3,29,2 Samuel 3:29,19,ܘܕܢܦܠ,,,,Peshitta,PESH
10,2 Samuel,3,29,2 Samuel 3:29,20,ܒܚܪܒܐ,,,,Peshitta,PESH
10,2 Samuel,3,29,2 Samuel 3:29,21,ܘܕܚܣܝܪ,,,,Peshitta,PESH
10,2 Samuel,3,29,2 Samuel 3:29,22,ܠܚܡܐ,,,,Peshitta,PESH
10,2 Samuel,3,30,2 Samuel 3:30,1,ܝܘܐܒ,,,,Peshitta,PESH
10,2 Samuel,3,30,2 Samuel 3:30,2,ܘܐܒܝܫܝ,,,,Peshitta,PESH
10,2 Samuel,3,30,2 Samuel 3:30,3,ܐܚܘܗܝ,,,,Peshitta,PESH
10,2 Samuel,3,30,2 Samuel 3:30,4,ܩܛܠܘ,,,,Peshitta,PESH
10,2 Samuel,3,30,2 Samuel 3:30,5,ܠܐܒܢܝܪ,,,,Peshitta,PESH
10,2 Samuel,3,30,2 Samuel 3:30,6,ܥܠ,,,,Peshitta,PESH
10,2 Samuel,3,30,2 Samuel 3:30,7,ܕܩܛܠ,,,,Peshitta,PESH
10,2 Samuel,3,30,2 Samuel 3:30,8,ܠܥܫܐܝܠ,,,,Peshitta,PESH
10,2 Samuel,3,30,2 Samuel 3:30,9,ܐܚܘܗܘܢ,,,,Peshitta,PESH
10,2 Samuel,3,30,2 Samuel 3:30,10,ܒܓܒܥܘܢ,,,,Peshitta,PESH
10,2 Samuel,3,30,2 Samuel 3:30,11,ܒܩܪܒܐ,,,,Peshitta,PESH
10,2 Samuel,3,31,2 Samuel 3:31,1,ܘܐܡܪ,,,,Peshitta,PESH
10,2 Samuel,3,31,2 Samuel 3:31,2,ܕܘܝܕ,,,,Peshitta,PESH
10,2 Samuel,3,31,2 Samuel 3:31,3,ܠܝܘܐܒ,,,,Peshitta,PESH
10,2 Samuel,3,31,2 Samuel 3:31,4,ܘܠܟܠܗ,,,,Peshitta,PESH
10,2 Samuel,3,31,2 Samuel 3:31,5,ܥܡܐ,,,,Peshitta,PESH
10,2 Samuel,3,31,2 Samuel 3:31,6,ܕܥܡܗ,,,,Peshitta,PESH
10,2 Samuel,3,31,2 Samuel 3:31,7,ܨܪܘ,,,,Peshitta,PESH
10,2 Samuel,3,31,2 Samuel 3:31,8,ܡܐ̈ܢܝܟܘܢ,,,,Peshitta,PESH
10,2 Samuel,3,31,2 Samuel 3:31,9,ܘܐܬܟܒܢܘ,,,,Peshitta,PESH
10,2 Samuel,3,31,2 Samuel 3:31,10,ܣܩ̈ܐ,,,,Peshitta,PESH
10,2 Samuel,3,31,2 Samuel 3:31,11,ܘܐܪܩܕܘ,,,,Peshitta,PESH
10,2 Samuel,3,31,2 Samuel 3:31,12,ܩܕܡ,,,,Peshitta,PESH
10,2 Samuel,3,31,2 Samuel 3:31,13,ܐܒܢܝܪ,,,,Peshitta,PESH
10,2 Samuel,3,31,2 Samuel 3:31,14,ܘܡܠܟܐ,,,,Peshitta,PESH
10,2 Samuel,3,31,2 Samuel 3:31,15,ܕܘܝܕ,,,,Peshitta,PESH
10,2 Samuel,3,31,2 Samuel 3:31,16,ܘܟܘܠܗ,,,,Peshitta,PESH
10,2 Samuel,3,31,2 Samuel 3:31,17,ܥܡܐ,,,,Peshitta,PESH
10,2 Samuel,3,31,2 Samuel 3:31,18,ܐܙܠܝܢ,,,,Peshitta,PESH
10,2 Samuel,3,31,2 Samuel 3:31,19,ܒܬܪ,,,,Peshitta,PESH
10,2 Samuel,3,31,2 Samuel 3:31,20,ܥܪܣܐ,,,,Peshitta,PESH
10,2 Samuel,3,32,2 Samuel 3:32,1,ܘܩܒܪܘܗܝ,,,,Peshitta,PESH
10,2 Samuel,3,32,2 Samuel 3:32,2,ܠܐܒܢܝܪ,,,,Peshitta,PESH
10,2 Samuel,3,32,2 Samuel 3:32,3,ܒܚܒܪܘܢ,,,,Peshitta,PESH
10,2 Samuel,3,32,2 Samuel 3:32,4,ܘܐܪܝܡ,,,,Peshitta,PESH
10,2 Samuel,3,32,2 Samuel 3:32,5,ܡܠܟܐ,,,,Peshitta,PESH
10,2 Samuel,3,32,2 Samuel 3:32,6,ܩܠܗ,,,,Peshitta,PESH
10,2 Samuel,3,32,2 Samuel 3:32,7,ܘܒܟܐ,,,,Peshitta,PESH
10,2 Samuel,3,32,2 Samuel 3:32,8,ܥܠ,,,,Peshitta,PESH
10,2 Samuel,3,32,2 Samuel 3:32,9,ܩܒܪܗ,,,,Peshitta,PESH
10,2 Samuel,3,32,2 Samuel 3:32,10,ܕܐܒܢܝܪ,,,,Peshitta,PESH
10,2 Samuel,3,32,2 Samuel 3:32,11,ܘܒܟܘ,,,,Peshitta,PESH
10,2 Samuel,3,32,2 Samuel 3:32,12,ܟܠܗ,,,,Peshitta,PESH
10,2 Samuel,3,32,2 Samuel 3:32,13,ܥܡܐ,,,,Peshitta,PESH
10,2 Samuel,3,33,2 Samuel 3:33,1,ܘܐܬܐܒܠ,,,,Peshitta,PESH
10,2 Samuel,3,33,2 Samuel 3:33,2,ܡܠܟܐ,,,,Peshitta,PESH
10,2 Samuel,3,33,2 Samuel 3:33,3,ܥܠ,,,,Peshitta,PESH
10,2 Samuel,3,33,2 Samuel 3:33,4,ܐܒܢܝܪ,,,,Peshitta,PESH
10,2 Samuel,3,33,2 Samuel 3:33,5,ܘܐܡܪ,,,,Peshitta,PESH
10,2 Samuel,3,33,2 Samuel 3:33,6,ܐܝܟ,,,,Peshitta,PESH
10,2 Samuel,3,33,2 Samuel 3:33,7,ܡܘܬܗ,,,,Peshitta,PESH
10,2 Samuel,3,33,2 Samuel 3:33,8,ܕܢܒܠ,,,,Peshitta,PESH
10,2 Samuel,3,33,2 Samuel 3:33,9,ܡܝܬ,,,,Peshitta,PESH
10,2 Samuel,3,33,2 Samuel 3:33,10,ܐܒܢܝܪ,,,,Peshitta,PESH
10,2 Samuel,3,34,2 Samuel 3:34,1,ܐ̈ܝܕܝܟ,,,,Peshitta,PESH
10,2 Samuel,3,34,2 Samuel 3:34,2,ܠܐ,,,,Peshitta,PESH
10,2 Samuel,3,34,2 Samuel 3:34,3,ܐܣܝܪ̈ܢ,,,,Peshitta,PESH
10,2 Samuel,3,34,2 Samuel 3:34,4,ܘܪ̈ܓܠܝܟ,,,,Peshitta,PESH
10,2 Samuel,3,34,2 Samuel 3:34,5,ܠܐ,,,,Peshitta,PESH
10,2 Samuel,3,34,2 Samuel 3:34,6,ܒܫ̈ܫܠܬܐ,,,,Peshitta,PESH
10,2 Samuel,3,34,2 Samuel 3:34,7,ܩܪܒܬ,,,,Peshitta,PESH
10,2 Samuel,3,34,2 Samuel 3:34,8,ܐܝܟ,,,,Peshitta,PESH
10,2 Samuel,3,34,2 Samuel 3:34,9,ܢܦܠܐ,,,,Peshitta,PESH
10,2 Samuel,3,34,2 Samuel 3:34,10,ܩܕܡ,,,,Peshitta,PESH
10,2 Samuel,3,34,2 Samuel 3:34,11,ܒܢ̈ܝ,,,,Peshitta,PESH
10,2 Samuel,3,34,2 Samuel 3:34,12,ܥܘܠܐ,,,,Peshitta,PESH
10,2 Samuel,3,34,2 Samuel 3:34,13,ܢܦܠܬ,,,,Peshitta,PESH
10,2 Samuel,3,34,2 Samuel 3:34,14,ܘܐܘܣܦܘ,,,,Peshitta,PESH
10,2 Samuel,3,34,2 Samuel 3:34,15,ܟܠܗ,,,,Peshitta,PESH
10,2 Samuel,3,34,2 Samuel 3:34,16,ܥܡܐ,,,,Peshitta,PESH
10,2 Samuel,3,34,2 Samuel 3:34,17,ܠܡܒܟܐ,,,,Peshitta,PESH
10,2 Samuel,3,34,2 Samuel 3:34,18,ܥܠܘܗܝ,,,,Peshitta,PESH
10,2 Samuel,3,35,2 Samuel 3:35,1,ܘܐܡܪܘ,,,,Peshitta,PESH
10,2 Samuel,3,35,2 Samuel 3:35,2,ܟܠܗ,,,,Peshitta,PESH
10,2 Samuel,3,35,2 Samuel 3:35,3,ܥܡܐ,,,,Peshitta,PESH
10,2 Samuel,3,35,2 Samuel 3:35,4,ܠܡܘܟܠܘܬܗ,,,,Peshitta,PESH
10,2 Samuel,3,35,2 Samuel 3:35,5,ܠܕܘܝܕ,,,,Peshitta,PESH
10,2 Samuel,3,35,2 Samuel 3:35,6,ܠܚܡܐ,,,,Peshitta,PESH
10,2 Samuel,3,35,2 Samuel 3:35,7,ܥܕ,,,,Peshitta,PESH
10,2 Samuel,3,35,2 Samuel 3:35,8,ܩܝܡ,,,,Peshitta,PESH
10,2 Samuel,3,35,2 Samuel 3:35,9,ܝܘܡܐ,,,,Peshitta,PESH
10,2 Samuel,3,35,2 Samuel 3:35,10,ܘܝܡܐ,,,,Peshitta,PESH
10,2 Samuel,3,35,2 Samuel 3:35,11,ܕܘܝܕ,,,,Peshitta,PESH
10,2 Samuel,3,35,2 Samuel 3:35,12,ܘܐܡܪ,,,,Peshitta,PESH
10,2 Samuel,3,35,2 Samuel 3:35,13,ܗܟܢܐ,,,,Peshitta,PESH
10,2 Samuel,3,35,2 Samuel 3:35,14,ܢܥܒܕ,,,,Peshitta,PESH
10,2 Samuel,3,35,2 Samuel 3:35,15,ܠܝ,,,,Peshitta,PESH
10,2 Samuel,3,35,2 Samuel 3:35,16,ܐܠܗܐ,,,,Peshitta,PESH
10,2 Samuel,3,35,2 Samuel 3:35,17,ܘܗܟܢܐ,,,,Peshitta,PESH
10,2 Samuel,3,35,2 Samuel 3:35,18,ܢܘܣܦ,,,,Peshitta,PESH
10,2 Samuel,3,35,2 Samuel 3:35,19,ܠܝ,,,,Peshitta,PESH
10,2 Samuel,3,35,2 Samuel 3:35,20,ܐܢ,,,,Peshitta,PESH
10,2 Samuel,3,35,2 Samuel 3:35,21,ܩܕܡ,,,,Peshitta,PESH
10,2 Samuel,3,35,2 Samuel 3:35,22,ܕܢܥܪܒ,,,,Peshitta,PESH
10,2 Samuel,3,35,2 Samuel 3:35,23,ܫܡܫܐ,,,,Peshitta,PESH
10,2 Samuel,3,35,2 Samuel 3:35,24,ܐܛܥܡ,,,,Peshitta,PESH
10,2 Samuel,3,35,2 Samuel 3:35,25,ܠܚܡܐ,,,,Peshitta,PESH
10,2 Samuel,3,35,2 Samuel 3:35,26,ܐܘ,,,,Peshitta,PESH
10,2 Samuel,3,35,2 Samuel 3:35,27,ܡܕܡ,,,,Peshitta,PESH
10,2 Samuel,3,36,2 Samuel 3:36,1,ܘܟܠܗ,,,,Peshitta,PESH
10,2 Samuel,3,36,2 Samuel 3:36,2,ܥܡܐ,,,,Peshitta,PESH
10,2 Samuel,3,36,2 Samuel 3:36,3,ܝܕܥܘ,,,,Peshitta,PESH
10,2 Samuel,3,36,2 Samuel 3:36,4,ܘܛܐܒ,,,,Peshitta,PESH
10,2 Samuel,3,36,2 Samuel 3:36,5,ܒܥܝܢܝ̈ܗܘܢ,,,,Peshitta,PESH
10,2 Samuel,3,36,2 Samuel 3:36,6,ܟܠ,,,,Peshitta,PESH
10,2 Samuel,3,36,2 Samuel 3:36,7,ܕܥܒܕ,,,,Peshitta,PESH
10,2 Samuel,3,36,2 Samuel 3:36,8,ܡܠܟܐ,,,,Peshitta,PESH
10,2 Samuel,3,36,2 Samuel 3:36,9,ܘܫܦܪ,,,,Peshitta,PESH
10,2 Samuel,3,36,2 Samuel 3:36,10,ܒܥܝܢ̈ܝ,,,,Peshitta,PESH
10,2 Samuel,3,36,2 Samuel 3:36,11,ܟܠܗ,,,,Peshitta,PESH
10,2 Samuel,3,36,2 Samuel 3:36,12,ܥܡܐ,,,,Peshitta,PESH
10,2 Samuel,3,37,2 Samuel 3:37,1,ܘܝܕܥܘ,,,,Peshitta,PESH
10,2 Samuel,3,37,2 Samuel 3:37,2,ܟܠܗ,,,,Peshitta,PESH
10,2 Samuel,3,37,2 Samuel 3:37,3,ܥܡܐ,,,,Peshitta,PESH
10,2 Samuel,3,37,2 Samuel 3:37,4,ܘܟܠܗ,,,,Peshitta,PESH
10,2 Samuel,3,37,2 Samuel 3:37,5,ܐܝܣܪܝܠ,,,,Peshitta,PESH
10,2 Samuel,3,37,2 Samuel 3:37,6,ܒܝܘܡܐ,,,,Peshitta,PESH
10,2 Samuel,3,37,2 Samuel 3:37,7,ܗ̇ܘ,,,,Peshitta,PESH
10,2 Samuel,3,37,2 Samuel 3:37,8,ܕܠܐ,,,,Peshitta,PESH
10,2 Samuel,3,37,2 Samuel 3:37,9,ܗܘܐ,,,,Peshitta,PESH
10,2 Samuel,3,37,2 Samuel 3:37,10,ܡܢ,,,,Peshitta,PESH
10,2 Samuel,3,37,2 Samuel 3:37,11,ܡܠܟܐ,,,,Peshitta,PESH
10,2 Samuel,3,37,2 Samuel 3:37,12,ܗܘܬ,,,,Peshitta,PESH
10,2 Samuel,3,37,2 Samuel 3:37,13,ܠܡܩܛܠܗ,,,,Peshitta,PESH
10,2 Samuel,3,37,2 Samuel 3:37,14,ܠܐܒܢܝܪ,,,,Peshitta,PESH
10,2 Samuel,3,37,2 Samuel 3:37,15,ܒܪ,,,,Peshitta,PESH
10,2 Samuel,3,37,2 Samuel 3:37,16,ܢܝܪ,,,,Peshitta,PESH
10,2 Samuel,3,38,2 Samuel 3:38,1,ܘܐܡܪ,,,,Peshitta,PESH
10,2 Samuel,3,38,2 Samuel 3:38,2,ܡܠܟܐ,,,,Peshitta,PESH
10,2 Samuel,3,38,2 Samuel 3:38,3,ܠܐ,,,,Peshitta,PESH
10,2 Samuel,3,38,2 Samuel 3:38,4,ܝܕܥܝܢ,,,,Peshitta,PESH
10,2 Samuel,3,38,2 Samuel 3:38,5,ܐܢܬܘܢ,,,,Peshitta,PESH
10,2 Samuel,3,38,2 Samuel 3:38,6,ܕܪܝܫܐ,,,,Peshitta,PESH
10,2 Samuel,3,38,2 Samuel 3:38,7,ܪܒܐ,,,,Peshitta,PESH
10,2 Samuel,3,38,2 Samuel 3:38,8,ܢܦܠ,,,,Peshitta,PESH
10,2 Samuel,3,38,2 Samuel 3:38,9,ܝܘܡܢܐ,,,,Peshitta,PESH
10,2 Samuel,3,38,2 Samuel 3:38,10,ܡܢ,,,,Peshitta,PESH
10,2 Samuel,3,38,2 Samuel 3:38,11,ܐܝܣܪܝܠ,,,,Peshitta,PESH
10,2 Samuel,3,39,2 Samuel 3:39,1,ܘܐܢܐ,,,,Peshitta,PESH
10,2 Samuel,3,39,2 Samuel 3:39,2,ܝܘܡܢܐ,,,,Peshitta,PESH
10,2 Samuel,3,39,2 Samuel 3:39,3,ܕܚܠ,,,,Peshitta,PESH
10,2 Samuel,3,39,2 Samuel 3:39,4,ܐܢܐ,,,,Peshitta,PESH
10,2 Samuel,3,39,2 Samuel 3:39,5,ܘܚܙܝܬ,,,,Peshitta,PESH
10,2 Samuel,3,39,2 Samuel 3:39,6,ܐܢܐ,,,,Peshitta,PESH
10,2 Samuel,3,39,2 Samuel 3:39,7,ܡܠܟܐ,,,,Peshitta,PESH
10,2 Samuel,3,39,2 Samuel 3:39,8,ܕܓܒܪ̈ܐ,,,,Peshitta,PESH
10,2 Samuel,3,39,2 Samuel 3:39,9,ܗܠܝܢ,,,,Peshitta,PESH
10,2 Samuel,3,39,2 Samuel 3:39,10,ܒ̈ܢܝ,,,,Peshitta,PESH
10,2 Samuel,3,39,2 Samuel 3:39,11,ܨܘܪܝܐ,,,,Peshitta,PESH
10,2 Samuel,3,39,2 Samuel 3:39,12,ܩܫܝܢ,,,,Peshitta,PESH
10,2 Samuel,3,39,2 Samuel 3:39,13,ܡܢܝ,,,,Peshitta,PESH
10,2 Samuel,3,39,2 Samuel 3:39,14,ܢܦܪܘܥ,,,,Peshitta,PESH
10,2 Samuel,3,39,2 Samuel 3:39,15,ܡܪܝܐ,,,,Peshitta,PESH
10,2 Samuel,3,39,2 Samuel 3:39,16,ܠܥܒ̇ܕ,,,,Peshitta,PESH
10,2 Samuel,3,39,2 Samuel 3:39,17,ܒܝܫܬܐ,,,,Peshitta,PESH
10,2 Samuel,3,39,2 Samuel 3:39,18,ܐܝܟ,,,,Peshitta,PESH
10,2 Samuel,3,39,2 Samuel 3:39,19,ܒܝܫܬܗ,,,,Peshitta,PESH
10,2 Samuel,4,1,2 Samuel 4:1,1,ܘܫܡܥ,,,,Peshitta,PESH
10,2 Samuel,4,1,2 Samuel 4:1,2,ܐܫܒܫܘܠ,,,,Peshitta,PESH
10,2 Samuel,4,1,2 Samuel 4:1,3,ܒܪ,,,,Peshitta,PESH
10,2 Samuel,4,1,2 Samuel 4:1,4,ܫܐܘܠ,,,,Peshitta,PESH
10,2 Samuel,4,1,2 Samuel 4:1,5,ܕܡܝܬ,,,,Peshitta,PESH
10,2 Samuel,4,1,2 Samuel 4:1,6,ܐܒܢܝܪ,,,,Peshitta,PESH
10,2 Samuel,4,1,2 Samuel 4:1,7,ܒܚܒܪܘܢ,,,,Peshitta,PESH
10,2 Samuel,4,1,2 Samuel 4:1,8,ܘܐܬܪܫܠ,,,,Peshitta,PESH
10,2 Samuel,4,1,2 Samuel 4:1,9,ܐ̈ܝܕܘܗܝ,,,,Peshitta,PESH
10,2 Samuel,4,1,2 Samuel 4:1,10,ܘܟܠܗ,,,,Peshitta,PESH
10,2 Samuel,4,1,2 Samuel 4:1,11,ܐܝܣܪܐܝܠ,,,,Peshitta,PESH
10,2 Samuel,4,1,2 Samuel 4:1,12,ܐܬܕܠܚܘ,,,,Peshitta,PESH
10,2 Samuel,4,2,2 Samuel 4:2,1,ܘܬܪ̈ܝܢ,,,,Peshitta,PESH
10,2 Samuel,4,2,2 Samuel 4:2,2,ܓܒܪ̈ܝܢ,,,,Peshitta,PESH
10,2 Samuel,4,2,2 Samuel 4:2,3,ܪ̈ܒܝ,,,,Peshitta,PESH
10,2 Samuel,4,2,2 Samuel 4:2,4,ܓܝܣܐ,,,,Peshitta,PESH
10,2 Samuel,4,2,2 Samuel 4:2,5,ܗܘܘ,,,,Peshitta,PESH
10,2 Samuel,4,2,2 Samuel 4:2,6,ܥܡ,,,,Peshitta,PESH
10,2 Samuel,4,2,2 Samuel 4:2,7,ܒܪܗ,,,,Peshitta,PESH
10,2 Samuel,4,2,2 Samuel 4:2,8,ܕܫܐܘܠ,,,,Peshitta,PESH
10,2 Samuel,4,2,2 Samuel 4:2,9,ܫܡܗ,,,,Peshitta,PESH
10,2 Samuel,4,2,2 Samuel 4:2,10,ܕܚܕ,,,,Peshitta,PESH
10,2 Samuel,4,2,2 Samuel 4:2,11,ܒܥܢܐ,,,,Peshitta,PESH
10,2 Samuel,4,2,2 Samuel 4:2,12,ܘܫܡܗ,,,,Peshitta,PESH
10,2 Samuel,4,2,2 Samuel 4:2,13,ܕܐܚܪܢܐ,,,,Peshitta,PESH
10,2 Samuel,4,2,2 Samuel 4:2,14,ܪܟܒ,,,,Peshitta,PESH
10,2 Samuel,4,2,2 Samuel 4:2,15,ܒܢ̈ܝ,,,,Peshitta,PESH
10,2 Samuel,4,2,2 Samuel 4:2,16,ܪܡܘܢ,,,,Peshitta,PESH
10,2 Samuel,4,2,2 Samuel 4:2,17,ܕܡܢ,,,,Peshitta,PESH
10,2 Samuel,4,2,2 Samuel 4:2,18,ܒܪܘܬܝ,,,,Peshitta,PESH
10,2 Samuel,4,2,2 Samuel 4:2,19,ܡܢ,,,,Peshitta,PESH
10,2 Samuel,4,2,2 Samuel 4:2,20,ܒܢ̈ܝ,,,,Peshitta,PESH
10,2 Samuel,4,2,2 Samuel 4:2,21,ܒܢܝܡܝܢ,,,,Peshitta,PESH
10,2 Samuel,4,2,2 Samuel 4:2,22,ܡܛܠ,,,,Peshitta,PESH
10,2 Samuel,4,2,2 Samuel 4:2,23,ܕܐܦ,,,,Peshitta,PESH
10,2 Samuel,4,2,2 Samuel 4:2,24,ܒܪܘܬܝ,,,,Peshitta,PESH
10,2 Samuel,4,2,2 Samuel 4:2,25,ܡܬܚܫܒܐ,,,,Peshitta,PESH
10,2 Samuel,4,2,2 Samuel 4:2,26,ܥܡ,,,,Peshitta,PESH
10,2 Samuel,4,2,2 Samuel 4:2,27,ܒܢ̈ܝ,,,,Peshitta,PESH
10,2 Samuel,4,2,2 Samuel 4:2,28,ܒܢܝܡܝܢ,,,,Peshitta,PESH
10,2 Samuel,4,3,2 Samuel 4:3,1,ܘܥܪܩܘ,,,,Peshitta,PESH
10,2 Samuel,4,3,2 Samuel 4:3,2,ܒܪ̈ܘܬܝܐ,,,,Peshitta,PESH
10,2 Samuel,4,3,2 Samuel 4:3,3,ܠܓܬܝܡ,,,,Peshitta,PESH
10,2 Samuel,4,3,2 Samuel 4:3,4,ܘܗܘܘ,,,,Peshitta,PESH
10,2 Samuel,4,3,2 Samuel 4:3,5,ܬܡܢ,,,,Peshitta,PESH
10,2 Samuel,4,3,2 Samuel 4:3,6,ܥܡܘܪ̈ܐ,,,,Peshitta,PESH
10,2 Samuel,4,3,2 Samuel 4:3,7,ܥܕܡܐ,,,,Peshitta,PESH
10,2 Samuel,4,3,2 Samuel 4:3,8,ܠܝܘܡܢܐ,,,,Peshitta,PESH
10,2 Samuel,4,4,2 Samuel 4:4,1,ܘܠܝܘܢܬܢ,,,,Peshitta,PESH
10,2 Samuel,4,4,2 Samuel 4:4,2,ܒܪ,,,,Peshitta,PESH
10,2 Samuel,4,4,2 Samuel 4:4,3,ܫܐܘܠ,,,,Peshitta,PESH
10,2 Samuel,4,4,2 Samuel 4:4,4,ܐܝܬ,,,,Peshitta,PESH
10,2 Samuel,4,4,2 Samuel 4:4,5,ܗܘܐ,,,,Peshitta,PESH
10,2 Samuel,4,4,2 Samuel 4:4,6,ܠܗ,,,,Peshitta,PESH
10,2 Samuel,4,4,2 Samuel 4:4,7,ܒܪܐ,,,,Peshitta,PESH
10,2 Samuel,4,4,2 Samuel 4:4,8,ܘܡܣܪ̈ܚܢ,,,,Peshitta,PESH
10,2 Samuel,4,4,2 Samuel 4:4,9,ܗܘ̈ܝ,,,,Peshitta,PESH
10,2 Samuel,4,4,2 Samuel 4:4,10,ܪ̈ܓܠܘܗܝ,,,,Peshitta,PESH
10,2 Samuel,4,4,2 Samuel 4:4,11,ܘܒܪ,,,,Peshitta,PESH
10,2 Samuel,4,4,2 Samuel 4:4,12,ܚܡܫ,,,,Peshitta,PESH
10,2 Samuel,4,4,2 Samuel 4:4,13,ܗܘܐ,,,,Peshitta,PESH
10,2 Samuel,4,4,2 Samuel 4:4,14,ܫ̈ܢܝܢ,,,,Peshitta,PESH
10,2 Samuel,4,4,2 Samuel 4:4,15,ܟܕ,,,,Peshitta,PESH
10,2 Samuel,4,4,2 Samuel 4:4,16,ܐܬܬ,,,,Peshitta,PESH
10,2 Samuel,4,4,2 Samuel 4:4,17,ܗܘܬ,,,,Peshitta,PESH
10,2 Samuel,4,4,2 Samuel 4:4,18,ܫܡܘܥܬܐ,,,,Peshitta,PESH
10,2 Samuel,4,4,2 Samuel 4:4,19,ܕܫܐܘܠ,,,,Peshitta,PESH
10,2 Samuel,4,4,2 Samuel 4:4,20,ܘܕܝܘܢܬܢ,,,,Peshitta,PESH
10,2 Samuel,4,4,2 Samuel 4:4,21,ܡܢ,,,,Peshitta,PESH
10,2 Samuel,4,4,2 Samuel 4:4,22,ܐܝܙܪܥܝܠ,,,,Peshitta,PESH
10,2 Samuel,4,4,2 Samuel 4:4,23,ܘܫܩܠܬܗ,,,,Peshitta,PESH
10,2 Samuel,4,4,2 Samuel 4:4,24,ܡܪܒܝܢܝܬܗ,,,,Peshitta,PESH
10,2 Samuel,4,4,2 Samuel 4:4,25,ܘܥܪܩܬ,,,,Peshitta,PESH
10,2 Samuel,4,4,2 Samuel 4:4,26,ܘܟܕ,,,,Peshitta,PESH
10,2 Samuel,4,4,2 Samuel 4:4,27,ܡܣܬܪܗܒܐ,,,,Peshitta,PESH
10,2 Samuel,4,4,2 Samuel 4:4,28,ܠܡܥܪܩ,,,,Peshitta,PESH
10,2 Samuel,4,4,2 Samuel 4:4,29,ܢܦܠ,,,,Peshitta,PESH
10,2 Samuel,4,4,2 Samuel 4:4,30,ܘܐܬܚܓܪ,,,,Peshitta,PESH
10,2 Samuel,4,4,2 Samuel 4:4,31,ܘܫܡܗ,,,,Peshitta,PESH
10,2 Samuel,4,4,2 Samuel 4:4,32,ܡܦܝܒܫܬ,,,,Peshitta,PESH
10,2 Samuel,4,5,2 Samuel 4:5,1,ܘܐܙܠܘ,,,,Peshitta,PESH
10,2 Samuel,4,5,2 Samuel 4:5,2,ܒܢ̈ܝ,,,,Peshitta,PESH
10,2 Samuel,4,5,2 Samuel 4:5,3,ܪܡܘܢ,,,,Peshitta,PESH
10,2 Samuel,4,5,2 Samuel 4:5,4,ܒܪ̈ܘܬܝܐ,,,,Peshitta,PESH
10,2 Samuel,4,5,2 Samuel 4:5,5,ܪܟܒ,,,,Peshitta,PESH
10,2 Samuel,4,5,2 Samuel 4:5,6,ܘܒܥܢܐ,,,,Peshitta,PESH
10,2 Samuel,4,5,2 Samuel 4:5,7,ܘܐܬܘ,,,,Peshitta,PESH
10,2 Samuel,4,5,2 Samuel 4:5,8,ܟܕ,,,,Peshitta,PESH
10,2 Samuel,4,5,2 Samuel 4:5,9,ܚܡ,,,,Peshitta,PESH
10,2 Samuel,4,5,2 Samuel 4:5,10,ܝܘܡܐ,,,,Peshitta,PESH
10,2 Samuel,4,5,2 Samuel 4:5,11,ܠܒܝܬܗ,,,,Peshitta,PESH
10,2 Samuel,4,5,2 Samuel 4:5,12,ܕܐܫܒܫܘܠ,,,,Peshitta,PESH
10,2 Samuel,4,5,2 Samuel 4:5,13,ܘܗܘ,,,,Peshitta,PESH
10,2 Samuel,4,5,2 Samuel 4:5,14,ܕܡܟ,,,,Peshitta,PESH
10,2 Samuel,4,5,2 Samuel 4:5,15,ܡܕܡܟܐ,,,,Peshitta,PESH
10,2 Samuel,4,5,2 Samuel 4:5,16,ܕܛܗܪܐ,,,,Peshitta,PESH
10,2 Samuel,4,6,2 Samuel 4:6,1,ܘܗܐ,,,,Peshitta,PESH
10,2 Samuel,4,6,2 Samuel 4:6,2,ܐܬܘ,,,,Peshitta,PESH
10,2 Samuel,4,6,2 Samuel 4:6,3,ܥܕܡܐ,,,,Peshitta,PESH
10,2 Samuel,4,6,2 Samuel 4:6,4,ܠܓܘ,,,,Peshitta,PESH
10,2 Samuel,4,6,2 Samuel 4:6,5,ܒܝܬܐ,,,,Peshitta,PESH
10,2 Samuel,4,6,2 Samuel 4:6,6,ܘܢܣܒܘ,,,,Peshitta,PESH
10,2 Samuel,4,6,2 Samuel 4:6,7,ܒܢ̈ܝ,,,,Peshitta,PESH
10,2 Samuel,4,6,2 Samuel 4:6,8,ܚܛܐ,,,,Peshitta,PESH
10,2 Samuel,4,6,2 Samuel 4:6,9,ܘܡܚܐܘܗܝ,,,,Peshitta,PESH
10,2 Samuel,4,6,2 Samuel 4:6,10,ܥܠ,,,,Peshitta,PESH
10,2 Samuel,4,6,2 Samuel 4:6,11,ܚܘܡܫܗ,,,,Peshitta,PESH
10,2 Samuel,4,6,2 Samuel 4:6,12,ܪܟܒ,,,,Peshitta,PESH
10,2 Samuel,4,6,2 Samuel 4:6,13,ܘܒܥܢܐ,,,,Peshitta,PESH
10,2 Samuel,4,6,2 Samuel 4:6,14,ܐܚܘܗܝ,,,,Peshitta,PESH
10,2 Samuel,4,6,2 Samuel 4:6,15,ܘܐܬܦܠܛܘ,,,,Peshitta,PESH
10,2 Samuel,4,7,2 Samuel 4:7,1,ܘܐܬܘ,,,,Peshitta,PESH
10,2 Samuel,4,7,2 Samuel 4:7,2,ܠܒܝܬܐ,,,,Peshitta,PESH
10,2 Samuel,4,7,2 Samuel 4:7,3,ܘܗܘ,,,,Peshitta,PESH
10,2 Samuel,4,7,2 Samuel 4:7,4,ܕܡܟ,,,,Peshitta,PESH
10,2 Samuel,4,7,2 Samuel 4:7,5,ܥܠ,,,,Peshitta,PESH
10,2 Samuel,4,7,2 Samuel 4:7,6,ܥܪܣܗ,,,,Peshitta,PESH
10,2 Samuel,4,7,2 Samuel 4:7,7,ܒܩܝܛܘܢܐ,,,,Peshitta,PESH
10,2 Samuel,4,7,2 Samuel 4:7,8,ܕܡܫܟܒܗ,,,,Peshitta,PESH
10,2 Samuel,4,7,2 Samuel 4:7,9,ܘܡܚܐܘܗܝ,,,,Peshitta,PESH
10,2 Samuel,4,7,2 Samuel 4:7,10,ܘܩܛܠܘܗܝ,,,,Peshitta,PESH
10,2 Samuel,4,7,2 Samuel 4:7,11,ܘܢܣܒܘ,,,,Peshitta,PESH
10,2 Samuel,4,7,2 Samuel 4:7,12,ܪܝܫܗ,,,,Peshitta,PESH
10,2 Samuel,4,7,2 Samuel 4:7,13,ܘܐܙܠܘ,,,,Peshitta,PESH
10,2 Samuel,4,7,2 Samuel 4:7,14,ܒܐܘܪܚܐ,,,,Peshitta,PESH
10,2 Samuel,4,7,2 Samuel 4:7,15,ܕܥܪܒܐ,,,,Peshitta,PESH
10,2 Samuel,4,7,2 Samuel 4:7,16,ܟܠܗ,,,,Peshitta,PESH
10,2 Samuel,4,7,2 Samuel 4:7,17,ܠܠܝܐ,,,,Peshitta,PESH
10,2 Samuel,4,8,2 Samuel 4:8,1,ܘܐܝܬܝܘ,,,,Peshitta,PESH
10,2 Samuel,4,8,2 Samuel 4:8,2,ܪܝܫܗ,,,,Peshitta,PESH
10,2 Samuel,4,8,2 Samuel 4:8,3,ܕܐܫܒܫܘܠ,,,,Peshitta,PESH
10,2 Samuel,4,8,2 Samuel 4:8,4,ܠܚܒܪܘܢ,,,,Peshitta,PESH
10,2 Samuel,4,8,2 Samuel 4:8,5,ܠܕܘܝܕ,,,,Peshitta,PESH
10,2 Samuel,4,8,2 Samuel 4:8,6,ܘܐܡܪܘ,,,,Peshitta,PESH
10,2 Samuel,4,8,2 Samuel 4:8,7,ܠܡܠܟܐ,,,,Peshitta,PESH
10,2 Samuel,4,8,2 Samuel 4:8,8,ܕܘܝܕ,,,,Peshitta,PESH
10,2 Samuel,4,8,2 Samuel 4:8,9,ܗܐ,,,,Peshitta,PESH
10,2 Samuel,4,8,2 Samuel 4:8,10,ܪܝܫܗ,,,,Peshitta,PESH
10,2 Samuel,4,8,2 Samuel 4:8,11,ܕܐܫܒܫܘܠ,,,,Peshitta,PESH
10,2 Samuel,4,8,2 Samuel 4:8,12,ܒܪ,,,,Peshitta,PESH
10,2 Samuel,4,8,2 Samuel 4:8,13,ܫܐܘܠ,,,,Peshitta,PESH
10,2 Samuel,4,8,2 Samuel 4:8,14,ܒܥܠܕܒܒܟ,,,,Peshitta,PESH
10,2 Samuel,4,8,2 Samuel 4:8,15,ܘܒܥ̇ܐ,,,,Peshitta,PESH
10,2 Samuel,4,8,2 Samuel 4:8,16,ܢܦܫܟ,,,,Peshitta,PESH
10,2 Samuel,4,8,2 Samuel 4:8,17,ܘܢܬܠ,,,,Peshitta,PESH
10,2 Samuel,4,8,2 Samuel 4:8,18,ܡܪܝܐ,,,,Peshitta,PESH
10,2 Samuel,4,8,2 Samuel 4:8,19,ܠܡܪܢ,,,,Peshitta,PESH
10,2 Samuel,4,8,2 Samuel 4:8,20,ܡܠܟܐ,,,,Peshitta,PESH
10,2 Samuel,4,8,2 Samuel 4:8,21,ܬܒܥܬܐ,,,,Peshitta,PESH
10,2 Samuel,4,8,2 Samuel 4:8,22,ܝܘܡܢܐ,,,,Peshitta,PESH
10,2 Samuel,4,8,2 Samuel 4:8,23,ܡܢ,,,,Peshitta,PESH
10,2 Samuel,4,8,2 Samuel 4:8,24,ܫܐܘܠ,,,,Peshitta,PESH
10,2 Samuel,4,8,2 Samuel 4:8,25,ܘܡܢ,,,,Peshitta,PESH
10,2 Samuel,4,8,2 Samuel 4:8,26,ܙܪܥܗ,,,,Peshitta,PESH
10,2 Samuel,4,9,2 Samuel 4:9,1,ܘܥܢܐ,,,,Peshitta,PESH
10,2 Samuel,4,9,2 Samuel 4:9,2,ܕܘܝܕ,,,,Peshitta,PESH
10,2 Samuel,4,9,2 Samuel 4:9,3,ܠܪܟܒ,,,,Peshitta,PESH
10,2 Samuel,4,9,2 Samuel 4:9,4,ܘܠܒܥܢܐ,,,,Peshitta,PESH
10,2 Samuel,4,9,2 Samuel 4:9,5,ܐܚܘܗܝ,,,,Peshitta,PESH
10,2 Samuel,4,9,2 Samuel 4:9,6,ܒܢ̈ܝ,,,,Peshitta,PESH
10,2 Samuel,4,9,2 Samuel 4:9,7,ܪܡܘܢ,,,,Peshitta,PESH
10,2 Samuel,4,9,2 Samuel 4:9,8,ܒܪ̈ܘܬܝܐ,,,,Peshitta,PESH
10,2 Samuel,4,9,2 Samuel 4:9,9,ܘܐܡܪ,,,,Peshitta,PESH
10,2 Samuel,4,9,2 Samuel 4:9,10,ܚܝ,,,,Peshitta,PESH
10,2 Samuel,4,9,2 Samuel 4:9,11,ܗܘ,,,,Peshitta,PESH
10,2 Samuel,4,9,2 Samuel 4:9,12,ܡܪܝܐ,,,,Peshitta,PESH
10,2 Samuel,4,9,2 Samuel 4:9,13,ܕܦܪܩ,,,,Peshitta,PESH
10,2 Samuel,4,9,2 Samuel 4:9,14,ܢܦܫܝ,,,,Peshitta,PESH
10,2 Samuel,4,9,2 Samuel 4:9,15,ܡܢ,,,,Peshitta,PESH
10,2 Samuel,4,9,2 Samuel 4:9,16,ܟܘܠ,,,,Peshitta,PESH
10,2 Samuel,4,9,2 Samuel 4:9,17,ܥܩܐ,,,,Peshitta,PESH
10,2 Samuel,4,10,2 Samuel 4:10,1,ܐܠܐ,,,,Peshitta,PESH
10,2 Samuel,4,10,2 Samuel 4:10,2,ܡ̇ܢ,,,,Peshitta,PESH
10,2 Samuel,4,10,2 Samuel 4:10,3,ܕܚܘܝܢܝ,,,,Peshitta,PESH
10,2 Samuel,4,10,2 Samuel 4:10,4,ܘܐܡܪ,,,,Peshitta,PESH
10,2 Samuel,4,10,2 Samuel 4:10,5,ܠܝ,,,,Peshitta,PESH
10,2 Samuel,4,10,2 Samuel 4:10,6,ܕܗܐ,,,,Peshitta,PESH
10,2 Samuel,4,10,2 Samuel 4:10,7,ܡܝܬ,,,,Peshitta,PESH
10,2 Samuel,4,10,2 Samuel 4:10,8,ܫܐܘܠ,,,,Peshitta,PESH
10,2 Samuel,4,10,2 Samuel 4:10,9,ܘܗܘܐ,,,,Peshitta,PESH
10,2 Samuel,4,10,2 Samuel 4:10,10,ܗܘ,,,,Peshitta,PESH
10,2 Samuel,4,10,2 Samuel 4:10,11,ܐܝܟ,,,,Peshitta,PESH
10,2 Samuel,4,10,2 Samuel 4:10,12,ܡܣܒܪܢܐ,,,,Peshitta,PESH
10,2 Samuel,4,10,2 Samuel 4:10,13,ܒܥܝܢ̈ܝ,,,,Peshitta,PESH
10,2 Samuel,4,10,2 Samuel 4:10,14,ܐܠܐ,,,,Peshitta,PESH
10,2 Samuel,4,10,2 Samuel 4:10,15,ܐܚܕܬܗ,,,,Peshitta,PESH
10,2 Samuel,4,10,2 Samuel 4:10,16,ܘܩܛܠܬܗ,,,,Peshitta,PESH
10,2 Samuel,4,10,2 Samuel 4:10,17,ܒܨܢܩܠܓ,,,,Peshitta,PESH
10,2 Samuel,4,10,2 Samuel 4:10,18,ܚܠܦ,,,,Peshitta,PESH
10,2 Samuel,4,10,2 Samuel 4:10,19,ܕܐܬܠ,,,,Peshitta,PESH
10,2 Samuel,4,10,2 Samuel 4:10,20,ܠܗ,,,,Peshitta,PESH
10,2 Samuel,4,10,2 Samuel 4:10,21,ܕܣܒܪܬܐ,,,,Peshitta,PESH
10,2 Samuel,4,11,2 Samuel 4:11,1,ܘܐܦ,,,,Peshitta,PESH
10,2 Samuel,4,11,2 Samuel 4:11,2,ܓܒܪ̈ܐ,,,,Peshitta,PESH
10,2 Samuel,4,11,2 Samuel 4:11,3,ܪ̈ܫܝܥܐ,,,,Peshitta,PESH
10,2 Samuel,4,11,2 Samuel 4:11,4,ܩܛܠܘ,,,,Peshitta,PESH
10,2 Samuel,4,11,2 Samuel 4:11,5,ܠܓܒܪܐ,,,,Peshitta,PESH
10,2 Samuel,4,11,2 Samuel 4:11,6,ܒܒܝܬܗ,,,,Peshitta,PESH
10,2 Samuel,4,11,2 Samuel 4:11,7,ܥܠ,,,,Peshitta,PESH
10,2 Samuel,4,11,2 Samuel 4:11,8,ܡܫܟܒܗ,,,,Peshitta,PESH
10,2 Samuel,4,11,2 Samuel 4:11,9,ܗܫܐ,,,,Peshitta,PESH
10,2 Samuel,4,11,2 Samuel 4:11,10,ܐܬܒܥ,,,,Peshitta,PESH
10,2 Samuel,4,11,2 Samuel 4:11,11,ܕܡܗ,,,,Peshitta,PESH
10,2 Samuel,4,11,2 Samuel 4:11,12,ܡܢ,,,,Peshitta,PESH
10,2 Samuel,4,11,2 Samuel 4:11,13,ܐ̈ܝܕܝܟܘܢ,,,,Peshitta,PESH
10,2 Samuel,4,11,2 Samuel 4:11,14,ܘܐܘܒܕܟܘܢ,,,,Peshitta,PESH
10,2 Samuel,4,11,2 Samuel 4:11,15,ܡܢ,,,,Peshitta,PESH
10,2 Samuel,4,11,2 Samuel 4:11,16,ܐܪܥܐ,,,,Peshitta,PESH
10,2 Samuel,4,12,2 Samuel 4:12,1,ܘܫܕܪ,,,,Peshitta,PESH
10,2 Samuel,4,12,2 Samuel 4:12,2,ܕܘܝܕ,,,,Peshitta,PESH
10,2 Samuel,4,12,2 Samuel 4:12,3,ܠܥ̈ܠܝܡܐ,,,,Peshitta,PESH
10,2 Samuel,4,12,2 Samuel 4:12,4,ܘܩ̇ܛܠܘ,,,,Peshitta,PESH
10,2 Samuel,4,12,2 Samuel 4:12,5,ܐܢܘܢ,,,,Peshitta,PESH
10,2 Samuel,4,12,2 Samuel 4:12,6,ܘܦܣܩܘ,,,,Peshitta,PESH
10,2 Samuel,4,12,2 Samuel 4:12,7,ܐ̈ܝܕܝܗܘܢ,,,,Peshitta,PESH
10,2 Samuel,4,12,2 Samuel 4:12,8,ܘܪ̈ܓܠܝܗܘܢ,,,,Peshitta,PESH
10,2 Samuel,4,12,2 Samuel 4:12,9,ܘܬܠܘ,,,,Peshitta,PESH
10,2 Samuel,4,12,2 Samuel 4:12,10,ܥܠ,,,,Peshitta,PESH
10,2 Samuel,4,12,2 Samuel 4:12,11,ܪܡܬܐ,,,,Peshitta,PESH
10,2 Samuel,4,12,2 Samuel 4:12,12,ܒܚܒܪܘܢ,,,,Peshitta,PESH
10,2 Samuel,4,12,2 Samuel 4:12,13,ܘܪܝܫܗ,,,,Peshitta,PESH
10,2 Samuel,4,12,2 Samuel 4:12,14,ܕܐܫܒܫܘܠ,,,,Peshitta,PESH
10,2 Samuel,4,12,2 Samuel 4:12,15,ܢܣܒܘ,,,,Peshitta,PESH
10,2 Samuel,4,12,2 Samuel 4:12,16,ܩܒܪܘܗܝ,,,,Peshitta,PESH
10,2 Samuel,4,12,2 Samuel 4:12,17,ܒܩܒܪܐ,,,,Peshitta,PESH
10,2 Samuel,4,12,2 Samuel 4:12,18,ܕܐܒܢܝܪ,,,,Peshitta,PESH
10,2 Samuel,4,12,2 Samuel 4:12,19,ܒܚܒܪܘܢ,,,,Peshitta,PESH
10,2 Samuel,5,1,2 Samuel 5:1,1,ܘܐܬܘ,,,,Peshitta,PESH
10,2 Samuel,5,1,2 Samuel 5:1,2,ܟܘܠܗܘܢ,,,,Peshitta,PESH
10,2 Samuel,5,1,2 Samuel 5:1,3,ܫܒ̈ܛܐ,,,,Peshitta,PESH
10,2 Samuel,5,1,2 Samuel 5:1,4,ܕܒܝܬ,,,,Peshitta,PESH
10,2 Samuel,5,1,2 Samuel 5:1,5,ܐܝܣܪܝܠ,,,,Peshitta,PESH
10,2 Samuel,5,1,2 Samuel 5:1,6,ܠܘܬ,,,,Peshitta,PESH
10,2 Samuel,5,1,2 Samuel 5:1,7,ܕܘܝܕ,,,,Peshitta,PESH
10,2 Samuel,5,1,2 Samuel 5:1,8,ܠܚܒܪܘܢ,,,,Peshitta,PESH
10,2 Samuel,5,1,2 Samuel 5:1,9,ܘܐܡܪܘ,,,,Peshitta,PESH
10,2 Samuel,5,1,2 Samuel 5:1,10,ܠܗ,,,,Peshitta,PESH
10,2 Samuel,5,1,2 Samuel 5:1,11,ܗܐ,,,,Peshitta,PESH
10,2 Samuel,5,1,2 Samuel 5:1,12,ܒܣܪܟ,,,,Peshitta,PESH
10,2 Samuel,5,1,2 Samuel 5:1,13,ܚܢܢ,,,,Peshitta,PESH
10,2 Samuel,5,1,2 Samuel 5:1,14,ܘܓܪܡܟ,,,,Peshitta,PESH
10,2 Samuel,5,2,2 Samuel 5:2,1,ܐܦ,,,,Peshitta,PESH
10,2 Samuel,5,2,2 Samuel 5:2,2,ܡܢ,,,,Peshitta,PESH
10,2 Samuel,5,2,2 Samuel 5:2,3,ܐܬܡܠܝ,,,,Peshitta,PESH
10,2 Samuel,5,2,2 Samuel 5:2,4,ܐܦ,,,,Peshitta,PESH
10,2 Samuel,5,2,2 Samuel 5:2,5,ܡܢ,,,,Peshitta,PESH
10,2 Samuel,5,2,2 Samuel 5:2,6,ܡܢܬܡܠܝ,,,,Peshitta,PESH
10,2 Samuel,5,2,2 Samuel 5:2,7,ܟܕ,,,,Peshitta,PESH
10,2 Samuel,5,2,2 Samuel 5:2,8,ܫܐܘܠ,,,,Peshitta,PESH
10,2 Samuel,5,2,2 Samuel 5:2,9,ܗܘܐ,,,,Peshitta,PESH
10,2 Samuel,5,2,2 Samuel 5:2,10,ܡܠܟܐ,,,,Peshitta,PESH
10,2 Samuel,5,2,2 Samuel 5:2,11,ܥܠܝܢ,,,,Peshitta,PESH
10,2 Samuel,5,2,2 Samuel 5:2,12,ܐܢܬ,,,,Peshitta,PESH
10,2 Samuel,5,2,2 Samuel 5:2,13,ܗܘ,,,,Peshitta,PESH
10,2 Samuel,5,2,2 Samuel 5:2,14,ܡܦܩ,,,,Peshitta,PESH
10,2 Samuel,5,2,2 Samuel 5:2,15,ܗܘܝܬ,,,,Peshitta,PESH
10,2 Samuel,5,2,2 Samuel 5:2,16,ܘܡܥܠ,,,,Peshitta,PESH
10,2 Samuel,5,2,2 Samuel 5:2,17,ܠܐܝܣܪܝܠ,,,,Peshitta,PESH
10,2 Samuel,5,2,2 Samuel 5:2,18,ܘܐܡܪ,,,,Peshitta,PESH
10,2 Samuel,5,2,2 Samuel 5:2,19,ܠܟ,,,,Peshitta,PESH
10,2 Samuel,5,2,2 Samuel 5:2,20,ܡܪܝܐ,,,,Peshitta,PESH
10,2 Samuel,5,2,2 Samuel 5:2,21,ܕܐܢܬ,,,,Peshitta,PESH
10,2 Samuel,5,2,2 Samuel 5:2,22,ܬܪܥܐ,,,,Peshitta,PESH
10,2 Samuel,5,2,2 Samuel 5:2,23,ܠܥܡܝ,,,,Peshitta,PESH
10,2 Samuel,5,2,2 Samuel 5:2,24,ܐܝܣܪܝܠ,,,,Peshitta,PESH
10,2 Samuel,5,2,2 Samuel 5:2,25,ܘܐܢܬ,,,,Peshitta,PESH
10,2 Samuel,5,2,2 Samuel 5:2,26,ܬܗܘܐ,,,,Peshitta,PESH
10,2 Samuel,5,2,2 Samuel 5:2,27,ܡܕܒܪܢܐ,,,,Peshitta,PESH
10,2 Samuel,5,2,2 Samuel 5:2,28,ܥܠ,,,,Peshitta,PESH
10,2 Samuel,5,2,2 Samuel 5:2,29,ܥܡܝ,,,,Peshitta,PESH
10,2 Samuel,5,2,2 Samuel 5:2,30,ܐܝܣܪܝܠ,,,,Peshitta,PESH
10,2 Samuel,5,3,2 Samuel 5:3,1,ܘܐܬܘ,,,,Peshitta,PESH
10,2 Samuel,5,3,2 Samuel 5:3,2,ܟܠܗܘܢ,,,,Peshitta,PESH
10,2 Samuel,5,3,2 Samuel 5:3,3,ܣܒ̈ܐ,,,,Peshitta,PESH
10,2 Samuel,5,3,2 Samuel 5:3,4,ܕܐܝܣܪܝܠ,,,,Peshitta,PESH
10,2 Samuel,5,3,2 Samuel 5:3,5,ܠܘܬ,,,,Peshitta,PESH
10,2 Samuel,5,3,2 Samuel 5:3,6,ܡܠܟܐ,,,,Peshitta,PESH
10,2 Samuel,5,3,2 Samuel 5:3,7,ܠܚܒܪܘܢ,,,,Peshitta,PESH
10,2 Samuel,5,3,2 Samuel 5:3,8,ܘܐܩܝܡ,,,,Peshitta,PESH
10,2 Samuel,5,3,2 Samuel 5:3,9,ܠܗܘܢ,,,,Peshitta,PESH
10,2 Samuel,5,3,2 Samuel 5:3,10,ܡܠܟܐ,,,,Peshitta,PESH
10,2 Samuel,5,3,2 Samuel 5:3,11,ܕܘܝܕ,,,,Peshitta,PESH
10,2 Samuel,5,3,2 Samuel 5:3,12,ܒܚܒܪܘܢ,,,,Peshitta,PESH
10,2 Samuel,5,3,2 Samuel 5:3,13,ܩܝܡܐ,,,,Peshitta,PESH
10,2 Samuel,5,3,2 Samuel 5:3,14,ܩܕܡ,,,,Peshitta,PESH
10,2 Samuel,5,3,2 Samuel 5:3,15,ܡܪܝܐ,,,,Peshitta,PESH
10,2 Samuel,5,3,2 Samuel 5:3,16,ܘܡܫܚܘ,,,,Peshitta,PESH
10,2 Samuel,5,3,2 Samuel 5:3,17,ܠܕܘܝܕ,,,,Peshitta,PESH
10,2 Samuel,5,3,2 Samuel 5:3,18,ܕܢܡܠܟ,,,,Peshitta,PESH
10,2 Samuel,5,3,2 Samuel 5:3,19,ܥܠ,,,,Peshitta,PESH
10,2 Samuel,5,3,2 Samuel 5:3,20,ܐܝܣܪܝܠ,,,,Peshitta,PESH
10,2 Samuel,5,4,2 Samuel 5:4,1,ܒܪ,,,,Peshitta,PESH
10,2 Samuel,5,4,2 Samuel 5:4,2,ܬܠܬܝܢ,,,,Peshitta,PESH
10,2 Samuel,5,4,2 Samuel 5:4,3,ܗܘܐ,,,,Peshitta,PESH
10,2 Samuel,5,4,2 Samuel 5:4,4,ܫܢܝ̈ܢ,,,,Peshitta,PESH
10,2 Samuel,5,4,2 Samuel 5:4,5,ܕܘܝܕ,,,,Peshitta,PESH
10,2 Samuel,5,4,2 Samuel 5:4,6,ܟܕ,,,,Peshitta,PESH
10,2 Samuel,5,4,2 Samuel 5:4,7,ܐܡܠܟ,,,,Peshitta,PESH
10,2 Samuel,5,4,2 Samuel 5:4,8,ܘܐܪ̈ܒܥܝܢ,,,,Peshitta,PESH
10,2 Samuel,5,4,2 Samuel 5:4,9,ܫܢܝ̈ܢ,,,,Peshitta,PESH
10,2 Samuel,5,4,2 Samuel 5:4,10,ܐܡܠܟ,,,,Peshitta,PESH
10,2 Samuel,5,5,2 Samuel 5:5,1,ܒܚܒܪܘܢ,,,,Peshitta,PESH
10,2 Samuel,5,5,2 Samuel 5:5,2,ܐܡܠܟ,,,,Peshitta,PESH
10,2 Samuel,5,5,2 Samuel 5:5,3,ܥܠ,,,,Peshitta,PESH
10,2 Samuel,5,5,2 Samuel 5:5,4,ܕܒܝܬ,,,,Peshitta,PESH
10,2 Samuel,5,5,2 Samuel 5:5,5,ܝܗܘܕܐ,,,,Peshitta,PESH
10,2 Samuel,5,5,2 Samuel 5:5,6,ܫܒܥ,,,,Peshitta,PESH
10,2 Samuel,5,5,2 Samuel 5:5,7,ܫܢܝ̈ܢ,,,,Peshitta,PESH
10,2 Samuel,5,5,2 Samuel 5:5,8,ܘܫܬܐ,,,,Peshitta,PESH
10,2 Samuel,5,5,2 Samuel 5:5,9,ܝܪ̈ܚܝܢ,,,,Peshitta,PESH
10,2 Samuel,5,5,2 Samuel 5:5,10,ܘܒܐܘܪܫܠܡ,,,,Peshitta,PESH
10,2 Samuel,5,5,2 Samuel 5:5,11,ܐܡܠܟ,,,,Peshitta,PESH
10,2 Samuel,5,5,2 Samuel 5:5,12,ܬܠܬܝܢ,,,,Peshitta,PESH
10,2 Samuel,5,5,2 Samuel 5:5,13,ܘܬܠܬ,,,,Peshitta,PESH
10,2 Samuel,5,5,2 Samuel 5:5,14,ܫܢ̈ܝܢ,,,,Peshitta,PESH
10,2 Samuel,5,5,2 Samuel 5:5,15,ܥܠ,,,,Peshitta,PESH
10,2 Samuel,5,5,2 Samuel 5:5,16,ܟܠܗ,,,,Peshitta,PESH
10,2 Samuel,5,5,2 Samuel 5:5,17,ܐܝܣܪܝܠ,,,,Peshitta,PESH
10,2 Samuel,5,5,2 Samuel 5:5,18,ܘܝܗܘܕܐ,,,,Peshitta,PESH
10,2 Samuel,5,6,2 Samuel 5:6,1,ܘܐܙܠ,,,,Peshitta,PESH
10,2 Samuel,5,6,2 Samuel 5:6,2,ܡܠܟܐ,,,,Peshitta,PESH
10,2 Samuel,5,6,2 Samuel 5:6,3,ܕܘܝܕ,,,,Peshitta,PESH
10,2 Samuel,5,6,2 Samuel 5:6,4,ܘܓܒܪ̈ܘܗܝ,,,,Peshitta,PESH
10,2 Samuel,5,6,2 Samuel 5:6,5,ܠܐܘܪܫܠܡ,,,,Peshitta,PESH
10,2 Samuel,5,6,2 Samuel 5:6,6,ܥܠ,,,,Peshitta,PESH
10,2 Samuel,5,6,2 Samuel 5:6,7,ܝܒܘܣ̈ܝܐ,,,,Peshitta,PESH
10,2 Samuel,5,6,2 Samuel 5:6,8,ܝܬ̈ܒܝ,,,,Peshitta,PESH
10,2 Samuel,5,6,2 Samuel 5:6,9,ܐܪܥܐ,,,,Peshitta,PESH
10,2 Samuel,5,6,2 Samuel 5:6,10,ܘܐܡܪܘ,,,,Peshitta,PESH
10,2 Samuel,5,6,2 Samuel 5:6,11,ܠܕܘܝܕ,,,,Peshitta,PESH
10,2 Samuel,5,6,2 Samuel 5:6,12,ܠܡܐܡܪ,,,,Peshitta,PESH
10,2 Samuel,5,6,2 Samuel 5:6,13,ܠܐ,,,,Peshitta,PESH
10,2 Samuel,5,6,2 Samuel 5:6,14,ܬܥܘܠ,,,,Peshitta,PESH
10,2 Samuel,5,6,2 Samuel 5:6,15,ܠܗܪܟܐ,,,,Peshitta,PESH
10,2 Samuel,5,6,2 Samuel 5:6,16,ܐܠܐ,,,,Peshitta,PESH
10,2 Samuel,5,6,2 Samuel 5:6,17,ܐܢ,,,,Peshitta,PESH
10,2 Samuel,5,6,2 Samuel 5:6,18,ܐܥܒܪܬ,,,,Peshitta,PESH
10,2 Samuel,5,6,2 Samuel 5:6,19,ܥܘܝܪ̈ܐ,,,,Peshitta,PESH
10,2 Samuel,5,6,2 Samuel 5:6,20,ܘܚܓܝܪ̈ܐ,,,,Peshitta,PESH
10,2 Samuel,5,6,2 Samuel 5:6,21,ܘܐܡܪܘ,,,,Peshitta,PESH
10,2 Samuel,5,6,2 Samuel 5:6,22,ܠܐ,,,,Peshitta,PESH
10,2 Samuel,5,6,2 Samuel 5:6,23,ܢܥܘܠ,,,,Peshitta,PESH
10,2 Samuel,5,6,2 Samuel 5:6,24,ܕܘܝܕ,,,,Peshitta,PESH
10,2 Samuel,5,6,2 Samuel 5:6,25,ܠܗܪܟܐ,,,,Peshitta,PESH
10,2 Samuel,5,7,2 Samuel 5:7,1,ܘܐܚܕ,,,,Peshitta,PESH
10,2 Samuel,5,7,2 Samuel 5:7,2,ܕܘܝܕ,,,,Peshitta,PESH
10,2 Samuel,5,7,2 Samuel 5:7,3,ܠܡܨܪܘܬ,,,,Peshitta,PESH
10,2 Samuel,5,7,2 Samuel 5:7,4,ܨܗܝܘܢ,,,,Peshitta,PESH
10,2 Samuel,5,7,2 Samuel 5:7,5,ܗܝ,,,,Peshitta,PESH
10,2 Samuel,5,7,2 Samuel 5:7,6,ܗܝ,,,,Peshitta,PESH
10,2 Samuel,5,7,2 Samuel 5:7,7,ܩܪܝܬܗ,,,,Peshitta,PESH
10,2 Samuel,5,7,2 Samuel 5:7,8,ܕܕܘܝܕ,,,,Peshitta,PESH
10,2 Samuel,5,8,2 Samuel 5:8,1,ܘܐܡܪ,,,,Peshitta,PESH
10,2 Samuel,5,8,2 Samuel 5:8,2,ܕܘܝܕ,,,,Peshitta,PESH
10,2 Samuel,5,8,2 Samuel 5:8,3,ܒܝܘܡܐ,,,,Peshitta,PESH
10,2 Samuel,5,8,2 Samuel 5:8,4,ܗ̇ܘ,,,,Peshitta,PESH
10,2 Samuel,5,8,2 Samuel 5:8,5,ܟܠ,,,,Peshitta,PESH
10,2 Samuel,5,8,2 Samuel 5:8,6,ܕܢܡܚܐ,,,,Peshitta,PESH
10,2 Samuel,5,8,2 Samuel 5:8,7,ܠܝܒܘܣܝܐ,,,,Peshitta,PESH
10,2 Samuel,5,8,2 Samuel 5:8,8,ܘܕܢܩܪܘܒ,,,,Peshitta,PESH
10,2 Samuel,5,8,2 Samuel 5:8,9,ܒܣܟܪܐ,,,,Peshitta,PESH
10,2 Samuel,5,8,2 Samuel 5:8,10,ܠܥܘܝܪܐ,,,,Peshitta,PESH
10,2 Samuel,5,8,2 Samuel 5:8,11,ܘܠܚܓܝܪܐ,,,,Peshitta,PESH
10,2 Samuel,5,8,2 Samuel 5:8,12,ܣܢ̇ܐ,,,,Peshitta,PESH
10,2 Samuel,5,8,2 Samuel 5:8,13,ܢܦܫܗ,,,,Peshitta,PESH
10,2 Samuel,5,8,2 Samuel 5:8,14,ܗܘ,,,,Peshitta,PESH
10,2 Samuel,5,8,2 Samuel 5:8,15,ܕܕܘܝܕ,,,,Peshitta,PESH
10,2 Samuel,5,8,2 Samuel 5:8,16,ܡܛܠ,,,,Peshitta,PESH
10,2 Samuel,5,8,2 Samuel 5:8,17,ܗܢܐ,,,,Peshitta,PESH
10,2 Samuel,5,8,2 Samuel 5:8,18,ܐܡܪܝܢ,,,,Peshitta,PESH
10,2 Samuel,5,8,2 Samuel 5:8,19,ܥܘܝܪܐ,,,,Peshitta,PESH
10,2 Samuel,5,8,2 Samuel 5:8,20,ܘܚܓܝܪܐ,,,,Peshitta,PESH
10,2 Samuel,5,8,2 Samuel 5:8,21,ܠܐ,,,,Peshitta,PESH
10,2 Samuel,5,8,2 Samuel 5:8,22,ܢܥܘܠ,,,,Peshitta,PESH
10,2 Samuel,5,8,2 Samuel 5:8,23,ܠܒܝܬܐ,,,,Peshitta,PESH
10,2 Samuel,5,9,2 Samuel 5:9,1,ܘܝܬܒ,,,,Peshitta,PESH
10,2 Samuel,5,9,2 Samuel 5:9,2,ܕܘܝܕ,,,,Peshitta,PESH
10,2 Samuel,5,9,2 Samuel 5:9,3,ܒܡܨܪܘܬ,,,,Peshitta,PESH
10,2 Samuel,5,9,2 Samuel 5:9,4,ܗܝ,,,,Peshitta,PESH
10,2 Samuel,5,9,2 Samuel 5:9,5,ܗܝ,,,,Peshitta,PESH
10,2 Samuel,5,9,2 Samuel 5:9,6,ܨܗܝܘܢ,,,,Peshitta,PESH
10,2 Samuel,5,9,2 Samuel 5:9,7,ܘܩܪܗ̇,,,,Peshitta,PESH
10,2 Samuel,5,9,2 Samuel 5:9,8,ܩܪܝܬܗ,,,,Peshitta,PESH
10,2 Samuel,5,9,2 Samuel 5:9,9,ܕܕܘܝܕ,,,,Peshitta,PESH
10,2 Samuel,5,9,2 Samuel 5:9,10,ܘܒܢܐ,,,,Peshitta,PESH
10,2 Samuel,5,9,2 Samuel 5:9,11,ܕܘܝܕ,,,,Peshitta,PESH
10,2 Samuel,5,9,2 Samuel 5:9,12,ܚܕܪ̈ܝܗ̇,,,,Peshitta,PESH
10,2 Samuel,5,9,2 Samuel 5:9,13,ܡܢ,,,,Peshitta,PESH
10,2 Samuel,5,9,2 Samuel 5:9,14,ܠܓܘ,,,,Peshitta,PESH
10,2 Samuel,5,10,2 Samuel 5:10,1,ܘܕܘܝܕ,,,,Peshitta,PESH
10,2 Samuel,5,10,2 Samuel 5:10,2,ܐܙ̇ܠ,,,,Peshitta,PESH
10,2 Samuel,5,10,2 Samuel 5:10,3,ܘܝ̇ܪܒ,,,,Peshitta,PESH
10,2 Samuel,5,10,2 Samuel 5:10,4,ܘܡܪܝܐ,,,,Peshitta,PESH
10,2 Samuel,5,10,2 Samuel 5:10,5,ܐܠܗܗ,,,,Peshitta,PESH
10,2 Samuel,5,10,2 Samuel 5:10,6,ܨܒܐܘܬ,,,,Peshitta,PESH
10,2 Samuel,5,10,2 Samuel 5:10,7,ܥܡܗ,,,,Peshitta,PESH
10,2 Samuel,5,11,2 Samuel 5:11,1,ܘܫܕܪ,,,,Peshitta,PESH
10,2 Samuel,5,11,2 Samuel 5:11,2,ܚܝܪܡ,,,,Peshitta,PESH
10,2 Samuel,5,11,2 Samuel 5:11,3,ܡܠܟܐ,,,,Peshitta,PESH
10,2 Samuel,5,11,2 Samuel 5:11,4,ܕܨܘܪ,,,,Peshitta,PESH
10,2 Samuel,5,11,2 Samuel 5:11,5,ܐܝ̈ܙܓܕܐ,,,,Peshitta,PESH
10,2 Samuel,5,11,2 Samuel 5:11,6,ܠܘܬ,,,,Peshitta,PESH
10,2 Samuel,5,11,2 Samuel 5:11,7,ܕܘܝܕ,,,,Peshitta,PESH
10,2 Samuel,5,11,2 Samuel 5:11,8,ܘܩܝ̈ܣܐ,,,,Peshitta,PESH
10,2 Samuel,5,11,2 Samuel 5:11,9,ܕܐܪܙܐ,,,,Peshitta,PESH
10,2 Samuel,5,11,2 Samuel 5:11,10,ܘܐ̈ܘܡܢܐ,,,,Peshitta,PESH
10,2 Samuel,5,11,2 Samuel 5:11,11,ܕܩܝܣܐ,,,,Peshitta,PESH
10,2 Samuel,5,11,2 Samuel 5:11,12,ܘܐܘ̈ܡܢܐ,,,,Peshitta,PESH
10,2 Samuel,5,11,2 Samuel 5:11,13,ܕܟܐܦܐ,,,,Peshitta,PESH
10,2 Samuel,5,11,2 Samuel 5:11,14,ܕܐܣܬܐ,,,,Peshitta,PESH
10,2 Samuel,5,11,2 Samuel 5:11,15,ܘܒܢܘ,,,,Peshitta,PESH
10,2 Samuel,5,11,2 Samuel 5:11,16,ܒܝܬܐ,,,,Peshitta,PESH
10,2 Samuel,5,11,2 Samuel 5:11,17,ܠܕܘܝܕ,,,,Peshitta,PESH
10,2 Samuel,5,12,2 Samuel 5:12,1,ܘܝܕܥ,,,,Peshitta,PESH
10,2 Samuel,5,12,2 Samuel 5:12,2,ܕܘܝܕ,,,,Peshitta,PESH
10,2 Samuel,5,12,2 Samuel 5:12,3,ܕܐܬܩܢܗ,,,,Peshitta,PESH
10,2 Samuel,5,12,2 Samuel 5:12,4,ܡܪܝܐ,,,,Peshitta,PESH
10,2 Samuel,5,12,2 Samuel 5:12,5,ܡܠܟܐ,,,,Peshitta,PESH
10,2 Samuel,5,12,2 Samuel 5:12,6,ܥܠ,,,,Peshitta,PESH
10,2 Samuel,5,12,2 Samuel 5:12,7,ܐܝܣܪܝܠ,,,,Peshitta,PESH
10,2 Samuel,5,12,2 Samuel 5:12,8,ܘܐܬܬܪܝܡܬ,,,,Peshitta,PESH
10,2 Samuel,5,12,2 Samuel 5:12,9,ܡܠܟܘܬܗ,,,,Peshitta,PESH
10,2 Samuel,5,12,2 Samuel 5:12,10,ܥܠ,,,,Peshitta,PESH
10,2 Samuel,5,12,2 Samuel 5:12,11,ܥܡܗ,,,,Peshitta,PESH
10,2 Samuel,5,12,2 Samuel 5:12,12,ܐܝܣܪܝܠ,,,,Peshitta,PESH
10,2 Samuel,5,13,2 Samuel 5:13,1,ܘܢܣܒ,,,,Peshitta,PESH
10,2 Samuel,5,13,2 Samuel 5:13,2,ܬܘܒ,,,,Peshitta,PESH
10,2 Samuel,5,13,2 Samuel 5:13,3,ܕܘܝܕ,,,,Peshitta,PESH
10,2 Samuel,5,13,2 Samuel 5:13,4,ܕܪ̈ܘܟܬܐ,,,,Peshitta,PESH
10,2 Samuel,5,13,2 Samuel 5:13,5,ܘܢܫ̈ܐ,,,,Peshitta,PESH
10,2 Samuel,5,13,2 Samuel 5:13,6,ܡܢ,,,,Peshitta,PESH
10,2 Samuel,5,13,2 Samuel 5:13,7,ܐܘܪܫܠܡ,,,,Peshitta,PESH
10,2 Samuel,5,13,2 Samuel 5:13,8,ܡܢ,,,,Peshitta,PESH
10,2 Samuel,5,13,2 Samuel 5:13,9,ܒܬܪ,,,,Peshitta,PESH
10,2 Samuel,5,13,2 Samuel 5:13,10,ܕܐܬܐ,,,,Peshitta,PESH
10,2 Samuel,5,13,2 Samuel 5:13,11,ܡܢ,,,,Peshitta,PESH
10,2 Samuel,5,13,2 Samuel 5:13,12,ܚܒܪܘܢ,,,,Peshitta,PESH
10,2 Samuel,5,13,2 Samuel 5:13,13,ܘܐܬܝܠܕܘ,,,,Peshitta,PESH
10,2 Samuel,5,13,2 Samuel 5:13,14,ܬܘܒ,,,,Peshitta,PESH
10,2 Samuel,5,13,2 Samuel 5:13,15,ܠܕܘܝܕ,,,,Peshitta,PESH
10,2 Samuel,5,13,2 Samuel 5:13,16,ܒ̈ܢܝܐ,,,,Peshitta,PESH
10,2 Samuel,5,13,2 Samuel 5:13,17,ܘܒܢ̈ܬܐ,,,,Peshitta,PESH
10,2 Samuel,5,14,2 Samuel 5:14,1,ܘܗܠܝܢ,,,,Peshitta,PESH
10,2 Samuel,5,14,2 Samuel 5:14,2,ܫܡ̈ܗܐ,,,,Peshitta,PESH
10,2 Samuel,5,14,2 Samuel 5:14,3,ܕܒ̈ܢܝܐ,,,,Peshitta,PESH
10,2 Samuel,5,14,2 Samuel 5:14,4,ܕܐܬܝܠܕܘ,,,,Peshitta,PESH
10,2 Samuel,5,14,2 Samuel 5:14,5,ܠܗ,,,,Peshitta,PESH
10,2 Samuel,5,14,2 Samuel 5:14,6,ܒܐܘܪܫܠܡ,,,,Peshitta,PESH
10,2 Samuel,5,14,2 Samuel 5:14,7,ܫܡܘܥ,,,,Peshitta,PESH
10,2 Samuel,5,14,2 Samuel 5:14,8,ܘܫܟܘܒ,,,,Peshitta,PESH
10,2 Samuel,5,14,2 Samuel 5:14,9,ܘܢܬܢ,,,,Peshitta,PESH
10,2 Samuel,5,14,2 Samuel 5:14,10,ܘܫܠܝܡܘܢ,,,,Peshitta,PESH
10,2 Samuel,5,15,2 Samuel 5:15,1,ܘܝܘܟܒܪ,,,,Peshitta,PESH
10,2 Samuel,5,15,2 Samuel 5:15,2,ܘܐܠܝܫܥ,,,,Peshitta,PESH
10,2 Samuel,5,15,2 Samuel 5:15,3,ܘܢܦܓ,,,,Peshitta,PESH
10,2 Samuel,5,15,2 Samuel 5:15,4,ܘܢܦܝܥ,,,,Peshitta,PESH
10,2 Samuel,5,16,2 Samuel 5:16,1,ܘܐܠܝܫܡܥ,,,,Peshitta,PESH
10,2 Samuel,5,16,2 Samuel 5:16,2,ܘܐܠܝܕܥ,,,,Peshitta,PESH
10,2 Samuel,5,16,2 Samuel 5:16,3,ܘܐܠܝܦܠܛ,,,,Peshitta,PESH
10,2 Samuel,5,17,2 Samuel 5:17,1,ܘܫܡܥܘ,,,,Peshitta,PESH
10,2 Samuel,5,17,2 Samuel 5:17,2,ܦܠܫ̈ܬܝܐ,,,,Peshitta,PESH
10,2 Samuel,5,17,2 Samuel 5:17,3,ܕܡܫܚܘ,,,,Peshitta,PESH
10,2 Samuel,5,17,2 Samuel 5:17,4,ܠܕܘܝܕ,,,,Peshitta,PESH
10,2 Samuel,5,17,2 Samuel 5:17,5,ܕܢܡܠܟ,,,,Peshitta,PESH
10,2 Samuel,5,17,2 Samuel 5:17,6,ܥܠ,,,,Peshitta,PESH
10,2 Samuel,5,17,2 Samuel 5:17,7,ܐܝܣܪܝܠ,,,,Peshitta,PESH
10,2 Samuel,5,17,2 Samuel 5:17,8,ܘܣܠܩܘ,,,,Peshitta,PESH
10,2 Samuel,5,17,2 Samuel 5:17,9,ܟܠܗܘܢ,,,,Peshitta,PESH
10,2 Samuel,5,17,2 Samuel 5:17,10,ܦܠܫ̈ܬܝܐ,,,,Peshitta,PESH
10,2 Samuel,5,17,2 Samuel 5:17,11,ܠܡܒܥܐ,,,,Peshitta,PESH
10,2 Samuel,5,17,2 Samuel 5:17,12,ܠܕܘܝܕ,,,,Peshitta,PESH
10,2 Samuel,5,17,2 Samuel 5:17,13,ܘܫܡܥ,,,,Peshitta,PESH
10,2 Samuel,5,17,2 Samuel 5:17,14,ܕܘܝܕ,,,,Peshitta,PESH
10,2 Samuel,5,17,2 Samuel 5:17,15,ܘܢܚܬ,,,,Peshitta,PESH
10,2 Samuel,5,17,2 Samuel 5:17,16,ܠܗ,,,,Peshitta,PESH
10,2 Samuel,5,17,2 Samuel 5:17,17,ܠܡܨܪܘܬ,,,,Peshitta,PESH
10,2 Samuel,5,18,2 Samuel 5:18,1,ܘܦܠܫ̈ܬܝܐ,,,,Peshitta,PESH
10,2 Samuel,5,18,2 Samuel 5:18,2,ܐܬܘ,,,,Peshitta,PESH
10,2 Samuel,5,18,2 Samuel 5:18,3,ܫܪܘ,,,,Peshitta,PESH
10,2 Samuel,5,18,2 Samuel 5:18,4,ܒܥܘܡܩܐ,,,,Peshitta,PESH
10,2 Samuel,5,18,2 Samuel 5:18,5,ܕܓܢܒܪ̈ܐ,,,,Peshitta,PESH
10,2 Samuel,5,19,2 Samuel 5:19,1,ܘܫܐܠ,,,,Peshitta,PESH
10,2 Samuel,5,19,2 Samuel 5:19,2,ܕܘܝܕ,,,,Peshitta,PESH
10,2 Samuel,5,19,2 Samuel 5:19,3,ܒܡܪܝܐ,,,,Peshitta,PESH
10,2 Samuel,5,19,2 Samuel 5:19,4,ܘܐܡܪ,,,,Peshitta,PESH
10,2 Samuel,5,19,2 Samuel 5:19,5,ܐܣܩ,,,,Peshitta,PESH
10,2 Samuel,5,19,2 Samuel 5:19,6,ܥܠ,,,,Peshitta,PESH
10,2 Samuel,5,19,2 Samuel 5:19,7,ܦܠܫ̈ܬܝܐ,,,,Peshitta,PESH
10,2 Samuel,5,19,2 Samuel 5:19,8,ܡܫܠܡ,,,,Peshitta,PESH
10,2 Samuel,5,19,2 Samuel 5:19,9,ܐܢܬ,,,,Peshitta,PESH
10,2 Samuel,5,19,2 Samuel 5:19,10,ܠܗܘܢ,,,,Peshitta,PESH
10,2 Samuel,5,19,2 Samuel 5:19,11,ܒܐ̈ܝܕܝ,,,,Peshitta,PESH
10,2 Samuel,5,19,2 Samuel 5:19,12,ܘܐܡܪ,,,,Peshitta,PESH
10,2 Samuel,5,19,2 Samuel 5:19,13,ܠܗ,,,,Peshitta,PESH
10,2 Samuel,5,19,2 Samuel 5:19,14,ܡܪܝܐ,,,,Peshitta,PESH
10,2 Samuel,5,19,2 Samuel 5:19,15,ܣܩ,,,,Peshitta,PESH
10,2 Samuel,5,19,2 Samuel 5:19,16,ܡܛܠ,,,,Peshitta,PESH
10,2 Samuel,5,19,2 Samuel 5:19,17,ܕܒܐ̈ܝܕܝܟ,,,,Peshitta,PESH
10,2 Samuel,5,19,2 Samuel 5:19,18,ܡܫܠܡ,,,,Peshitta,PESH
10,2 Samuel,5,19,2 Samuel 5:19,19,ܐܢܐ,,,,Peshitta,PESH
10,2 Samuel,5,19,2 Samuel 5:19,20,ܠܗܘܢ,,,,Peshitta,PESH
10,2 Samuel,5,20,2 Samuel 5:20,1,ܘܐܬܐ,,,,Peshitta,PESH
10,2 Samuel,5,20,2 Samuel 5:20,2,ܕܘܝܕ,,,,Peshitta,PESH
10,2 Samuel,5,20,2 Samuel 5:20,3,ܠܒܥܠ,,,,Peshitta,PESH
10,2 Samuel,5,20,2 Samuel 5:20,4,ܦܪܨܝܡ,,,,Peshitta,PESH
10,2 Samuel,5,20,2 Samuel 5:20,5,ܘܡܚܐ,,,,Peshitta,PESH
10,2 Samuel,5,20,2 Samuel 5:20,6,ܐܢܘܢ,,,,Peshitta,PESH
10,2 Samuel,5,20,2 Samuel 5:20,7,ܬܡܢ,,,,Peshitta,PESH
10,2 Samuel,5,20,2 Samuel 5:20,8,ܘܐܡܪ,,,,Peshitta,PESH
10,2 Samuel,5,20,2 Samuel 5:20,9,ܕܘܝܕ,,,,Peshitta,PESH
10,2 Samuel,5,20,2 Samuel 5:20,10,ܬܪܥ,,,,Peshitta,PESH
10,2 Samuel,5,20,2 Samuel 5:20,11,ܡܪܝܐ,,,,Peshitta,PESH
10,2 Samuel,5,20,2 Samuel 5:20,12,ܠܒ̈ܥܠܕܒܒܘܗܝ,,,,Peshitta,PESH
10,2 Samuel,5,20,2 Samuel 5:20,13,ܩܕܡܝ,,,,Peshitta,PESH
10,2 Samuel,5,20,2 Samuel 5:20,14,ܐܝܟ,,,,Peshitta,PESH
10,2 Samuel,5,20,2 Samuel 5:20,15,ܬܘܪܥܬܐ,,,,Peshitta,PESH
10,2 Samuel,5,20,2 Samuel 5:20,16,ܕܡ̈ܝܐ,,,,Peshitta,PESH
10,2 Samuel,5,20,2 Samuel 5:20,17,ܡܛܠ,,,,Peshitta,PESH
10,2 Samuel,5,20,2 Samuel 5:20,18,ܗܢܐ,,,,Peshitta,PESH
10,2 Samuel,5,20,2 Samuel 5:20,19,ܩܪܐ,,,,Peshitta,PESH
10,2 Samuel,5,20,2 Samuel 5:20,20,ܫܡܗ,,,,Peshitta,PESH
10,2 Samuel,5,20,2 Samuel 5:20,21,ܕܐܬܪܐ,,,,Peshitta,PESH
10,2 Samuel,5,20,2 Samuel 5:20,22,ܗܘ,,,,Peshitta,PESH
10,2 Samuel,5,20,2 Samuel 5:20,23,ܒܥܠ,,,,Peshitta,PESH
10,2 Samuel,5,20,2 Samuel 5:20,24,ܦܪܨܝܡ,,,,Peshitta,PESH
10,2 Samuel,5,21,2 Samuel 5:21,1,ܘܫܒܩܘ,,,,Peshitta,PESH
10,2 Samuel,5,21,2 Samuel 5:21,2,ܬܡܢ,,,,Peshitta,PESH
10,2 Samuel,5,21,2 Samuel 5:21,3,ܦܬܟܪ̈ܝܗܘܢ,,,,Peshitta,PESH
10,2 Samuel,5,21,2 Samuel 5:21,4,ܘܫܩܠ,,,,Peshitta,PESH
10,2 Samuel,5,21,2 Samuel 5:21,5,ܐܢܘܢ,,,,Peshitta,PESH
10,2 Samuel,5,21,2 Samuel 5:21,6,ܕܘܝܕ,,,,Peshitta,PESH
10,2 Samuel,5,21,2 Samuel 5:21,7,ܘܓܒܪ̈ܘܗܝ,,,,Peshitta,PESH
10,2 Samuel,5,22,2 Samuel 5:22,1,ܘܐܘܣܦܘ,,,,Peshitta,PESH
10,2 Samuel,5,22,2 Samuel 5:22,2,ܬܘܒ,,,,Peshitta,PESH
10,2 Samuel,5,22,2 Samuel 5:22,3,ܦܠܫ̈ܬܝܐ,,,,Peshitta,PESH
10,2 Samuel,5,22,2 Samuel 5:22,4,ܠܡܣܩ,,,,Peshitta,PESH
10,2 Samuel,5,22,2 Samuel 5:22,5,ܘܫܪܘ,,,,Peshitta,PESH
10,2 Samuel,5,22,2 Samuel 5:22,6,ܒܥܘܡܩܐ,,,,Peshitta,PESH
10,2 Samuel,5,22,2 Samuel 5:22,7,ܕܓܢܒܪ̈ܐ,,,,Peshitta,PESH
10,2 Samuel,5,23,2 Samuel 5:23,1,ܘܫܐܠ,,,,Peshitta,PESH
10,2 Samuel,5,23,2 Samuel 5:23,2,ܕܘܝܕ,,,,Peshitta,PESH
10,2 Samuel,5,23,2 Samuel 5:23,3,ܒܡܪܝܐ,,,,Peshitta,PESH
10,2 Samuel,5,23,2 Samuel 5:23,4,ܘܐܡܪ,,,,Peshitta,PESH
10,2 Samuel,5,23,2 Samuel 5:23,5,ܠܗ,,,,Peshitta,PESH
10,2 Samuel,5,23,2 Samuel 5:23,6,ܡܪܝܐ,,,,Peshitta,PESH
10,2 Samuel,5,23,2 Samuel 5:23,7,ܠܐ,,,,Peshitta,PESH
10,2 Samuel,5,23,2 Samuel 5:23,8,ܬܣܩ,,,,Peshitta,PESH
10,2 Samuel,5,23,2 Samuel 5:23,9,ܐܠܐ,,,,Peshitta,PESH
10,2 Samuel,5,23,2 Samuel 5:23,10,ܗܦܘܟ,,,,Peshitta,PESH
10,2 Samuel,5,23,2 Samuel 5:23,11,ܠܟ,,,,Peshitta,PESH
10,2 Samuel,5,23,2 Samuel 5:23,12,ܡܢ,,,,Peshitta,PESH
10,2 Samuel,5,23,2 Samuel 5:23,13,ܒܣܬܪܗܘܢ,,,,Peshitta,PESH
10,2 Samuel,5,23,2 Samuel 5:23,14,ܘܬܐ,,,,Peshitta,PESH
10,2 Samuel,5,23,2 Samuel 5:23,15,ܥܠܝܗܘܢ,,,,Peshitta,PESH
10,2 Samuel,5,23,2 Samuel 5:23,16,ܡܢ,,,,Peshitta,PESH
10,2 Samuel,5,23,2 Samuel 5:23,17,ܠܘܩܒܠ,,,,Peshitta,PESH
10,2 Samuel,5,23,2 Samuel 5:23,18,ܒܟܝܡ,,,,Peshitta,PESH
10,2 Samuel,5,24,2 Samuel 5:24,1,ܘܡܐ,,,,Peshitta,PESH
10,2 Samuel,5,24,2 Samuel 5:24,2,ܕܫܡܥܬ,,,,Peshitta,PESH
10,2 Samuel,5,24,2 Samuel 5:24,3,ܩܠܐ,,,,Peshitta,PESH
10,2 Samuel,5,24,2 Samuel 5:24,4,ܕܗܠܟܬܐ,,,,Peshitta,PESH
10,2 Samuel,5,24,2 Samuel 5:24,5,ܒܪܝܫܗ,,,,Peshitta,PESH
10,2 Samuel,5,24,2 Samuel 5:24,6,ܕܛܘܪܐ,,,,Peshitta,PESH
10,2 Samuel,5,24,2 Samuel 5:24,7,ܕܒܐܟܝܡ,,,,Peshitta,PESH
10,2 Samuel,5,24,2 Samuel 5:24,8,ܗܝܕܝܢ,,,,Peshitta,PESH
10,2 Samuel,5,24,2 Samuel 5:24,9,ܬܬܥܫܢ,,,,Peshitta,PESH
10,2 Samuel,5,24,2 Samuel 5:24,10,ܡܛܠ,,,,Peshitta,PESH
10,2 Samuel,5,24,2 Samuel 5:24,11,ܕܗܝܕܝܢ,,,,Peshitta,PESH
10,2 Samuel,5,24,2 Samuel 5:24,12,ܢܦ̇ܩ,,,,Peshitta,PESH
10,2 Samuel,5,24,2 Samuel 5:24,13,ܡܪܝܐ,,,,Peshitta,PESH
10,2 Samuel,5,24,2 Samuel 5:24,14,ܩܕܡܝܟ,,,,Peshitta,PESH
10,2 Samuel,5,24,2 Samuel 5:24,15,ܠܡܡܚܐ,,,,Peshitta,PESH
10,2 Samuel,5,24,2 Samuel 5:24,16,ܠܡܫܪܝܬܐ,,,,Peshitta,PESH
10,2 Samuel,5,24,2 Samuel 5:24,17,ܕܦܠܫ̈ܬܝܐ,,,,Peshitta,PESH
10,2 Samuel,5,25,2 Samuel 5:25,1,ܘܥܒܕ,,,,Peshitta,PESH
10,2 Samuel,5,25,2 Samuel 5:25,2,ܕܘܝܕ,,,,Peshitta,PESH
10,2 Samuel,5,25,2 Samuel 5:25,3,ܗܟܢܐ,,,,Peshitta,PESH
10,2 Samuel,5,25,2 Samuel 5:25,4,ܐܝܟܢܐ,,,,Peshitta,PESH
10,2 Samuel,5,25,2 Samuel 5:25,5,ܕܦܩܕܗ,,,,Peshitta,PESH
10,2 Samuel,5,25,2 Samuel 5:25,6,ܡܪܝܐ,,,,Peshitta,PESH
10,2 Samuel,5,25,2 Samuel 5:25,7,ܘܡܚܐ,,,,Peshitta,PESH
10,2 Samuel,5,25,2 Samuel 5:25,8,ܠܦܠܫ̈ܬܝܐ,,,,Peshitta,PESH
10,2 Samuel,5,25,2 Samuel 5:25,9,ܡܢ,,,,Peshitta,PESH
10,2 Samuel,5,25,2 Samuel 5:25,10,ܓܒܥ,,,,Peshitta,PESH
10,2 Samuel,5,25,2 Samuel 5:25,11,ܘܥܕܡܐ,,,,Peshitta,PESH
10,2 Samuel,5,25,2 Samuel 5:25,12,ܠܡܥܠܢܐ,,,,Peshitta,PESH
10,2 Samuel,5,25,2 Samuel 5:25,13,ܕܓܕܪ,,,,Peshitta,PESH
10,2 Samuel,6,1,2 Samuel 6:1,1,ܘܟܢܫ,,,,Peshitta,PESH
10,2 Samuel,6,1,2 Samuel 6:1,2,ܬܘܒ,,,,Peshitta,PESH
10,2 Samuel,6,1,2 Samuel 6:1,3,ܕܘܝܕ,,,,Peshitta,PESH
10,2 Samuel,6,1,2 Samuel 6:1,4,ܠܟܠܗܘܢ,,,,Peshitta,PESH
10,2 Samuel,6,1,2 Samuel 6:1,5,ܓܕܘܕ̈ܐ,,,,Peshitta,PESH
10,2 Samuel,6,1,2 Samuel 6:1,6,ܕܐܝܣܪܐܝܠ,,,,Peshitta,PESH
10,2 Samuel,6,1,2 Samuel 6:1,7,ܬܠܬܝܢ,,,,Peshitta,PESH
10,2 Samuel,6,1,2 Samuel 6:1,8,ܐ̈ܠܦܝܢ,,,,Peshitta,PESH
10,2 Samuel,6,2,2 Samuel 6:2,1,ܘܩܡ,,,,Peshitta,PESH
10,2 Samuel,6,2,2 Samuel 6:2,2,ܐܙܠ,,,,Peshitta,PESH
10,2 Samuel,6,2,2 Samuel 6:2,3,ܕܘܝܕ,,,,Peshitta,PESH
10,2 Samuel,6,2,2 Samuel 6:2,4,ܘܟܠܗ,,,,Peshitta,PESH
10,2 Samuel,6,2,2 Samuel 6:2,5,ܥܡܐ,,,,Peshitta,PESH
10,2 Samuel,6,2,2 Samuel 6:2,6,ܕܥܡܗ,,,,Peshitta,PESH
10,2 Samuel,6,2,2 Samuel 6:2,7,ܡܢ,,,,Peshitta,PESH
10,2 Samuel,6,2,2 Samuel 6:2,8,ܓܒܪ̈ܐ,,,,Peshitta,PESH
10,2 Samuel,6,2,2 Samuel 6:2,9,ܕܝܗܘܕܐ,,,,Peshitta,PESH
10,2 Samuel,6,2,2 Samuel 6:2,10,ܘܐܙܠ,,,,Peshitta,PESH
10,2 Samuel,6,2,2 Samuel 6:2,11,ܠܓܒܥ,,,,Peshitta,PESH
10,2 Samuel,6,2,2 Samuel 6:2,12,ܠܡܣܩܘ,,,,Peshitta,PESH
10,2 Samuel,6,2,2 Samuel 6:2,13,ܡܢ,,,,Peshitta,PESH
10,2 Samuel,6,2,2 Samuel 6:2,14,ܬܡܢ,,,,Peshitta,PESH
10,2 Samuel,6,2,2 Samuel 6:2,15,ܠܐܪܘܢܗ,,,,Peshitta,PESH
10,2 Samuel,6,2,2 Samuel 6:2,16,ܕܐܠܗܐ,,,,Peshitta,PESH
10,2 Samuel,6,2,2 Samuel 6:2,17,ܕܐܬܩܪܝ,,,,Peshitta,PESH
10,2 Samuel,6,2,2 Samuel 6:2,18,ܬܡܢ,,,,Peshitta,PESH
10,2 Samuel,6,2,2 Samuel 6:2,19,ܫܡܗ,,,,Peshitta,PESH
10,2 Samuel,6,2,2 Samuel 6:2,20,ܕܡܪܝܐ,,,,Peshitta,PESH
10,2 Samuel,6,2,2 Samuel 6:2,21,ܨܒܐܘܬ,,,,Peshitta,PESH
10,2 Samuel,6,2,2 Samuel 6:2,22,ܝܬ̇ܒ,,,,Peshitta,PESH
10,2 Samuel,6,2,2 Samuel 6:2,23,ܥܠ,,,,Peshitta,PESH
10,2 Samuel,6,2,2 Samuel 6:2,24,ܟܪ̈ܘܒܐ,,,,Peshitta,PESH
10,2 Samuel,6,3,2 Samuel 6:3,1,ܘܣܡܘܗܝ,,,,Peshitta,PESH
10,2 Samuel,6,3,2 Samuel 6:3,2,ܠܐܪܘܢܗ,,,,Peshitta,PESH
10,2 Samuel,6,3,2 Samuel 6:3,3,ܕܐܠܗܐ,,,,Peshitta,PESH
10,2 Samuel,6,3,2 Samuel 6:3,4,ܥܠ,,,,Peshitta,PESH
10,2 Samuel,6,3,2 Samuel 6:3,5,ܥܓܠܬܐ,,,,Peshitta,PESH
10,2 Samuel,6,3,2 Samuel 6:3,6,ܚܕܬܐ,,,,Peshitta,PESH
10,2 Samuel,6,3,2 Samuel 6:3,7,ܘܫܩܠܘܗܝ,,,,Peshitta,PESH
10,2 Samuel,6,3,2 Samuel 6:3,8,ܡܢ,,,,Peshitta,PESH
10,2 Samuel,6,3,2 Samuel 6:3,9,ܒܝܬ,,,,Peshitta,PESH
10,2 Samuel,6,3,2 Samuel 6:3,10,ܐܒܝܢܕܒ,,,,Peshitta,PESH
10,2 Samuel,6,3,2 Samuel 6:3,11,ܕܒܓܒܥܬܐ,,,,Peshitta,PESH
10,2 Samuel,6,3,2 Samuel 6:3,12,ܘܥܐܙܐ,,,,Peshitta,PESH
10,2 Samuel,6,3,2 Samuel 6:3,13,ܘܐܚܝܐ,,,,Peshitta,PESH
10,2 Samuel,6,3,2 Samuel 6:3,14,ܒ̈ܢܝ,,,,Peshitta,PESH
10,2 Samuel,6,3,2 Samuel 6:3,15,ܐܒܝܢܕܒ,,,,Peshitta,PESH
10,2 Samuel,6,3,2 Samuel 6:3,16,ܡܕܒܪܝܢ,,,,Peshitta,PESH
10,2 Samuel,6,3,2 Samuel 6:3,17,ܠܥܓܠܬܐ,,,,Peshitta,PESH
10,2 Samuel,6,3,2 Samuel 6:3,18,ܒܐܚܪܝܬܐ,,,,Peshitta,PESH
10,2 Samuel,6,4,2 Samuel 6:4,1,ܘܫܩܠܘܗܝ,,,,Peshitta,PESH
10,2 Samuel,6,4,2 Samuel 6:4,2,ܡܢ,,,,Peshitta,PESH
10,2 Samuel,6,4,2 Samuel 6:4,3,ܒܝܬ,,,,Peshitta,PESH
10,2 Samuel,6,4,2 Samuel 6:4,4,ܐܒܝܢܕܒ,,,,Peshitta,PESH
10,2 Samuel,6,4,2 Samuel 6:4,5,ܕܒܓܒܥ,,,,Peshitta,PESH
10,2 Samuel,6,4,2 Samuel 6:4,6,ܠܐܪܘܢܗ,,,,Peshitta,PESH
10,2 Samuel,6,4,2 Samuel 6:4,7,ܕܐܠܗܐ,,,,Peshitta,PESH
10,2 Samuel,6,4,2 Samuel 6:4,8,ܘܐܚܝܐ,,,,Peshitta,PESH
10,2 Samuel,6,4,2 Samuel 6:4,9,ܐܙ̇ܠ,,,,Peshitta,PESH
10,2 Samuel,6,4,2 Samuel 6:4,10,ܩܕܡ,,,,Peshitta,PESH
10,2 Samuel,6,4,2 Samuel 6:4,11,ܐܪܘܢܐ,,,,Peshitta,PESH
10,2 Samuel,6,5,2 Samuel 6:5,1,ܘܕܘܝܕ,,,,Peshitta,PESH
10,2 Samuel,6,5,2 Samuel 6:5,2,ܘܟܠܗ,,,,Peshitta,PESH
10,2 Samuel,6,5,2 Samuel 6:5,3,ܒܝܬ,,,,Peshitta,PESH
10,2 Samuel,6,5,2 Samuel 6:5,4,ܐܝܣܪܝܠ,,,,Peshitta,PESH
10,2 Samuel,6,5,2 Samuel 6:5,5,ܡܫܬܥܝܢ,,,,Peshitta,PESH
10,2 Samuel,6,5,2 Samuel 6:5,6,ܩܕܡ,,,,Peshitta,PESH
10,2 Samuel,6,5,2 Samuel 6:5,7,ܡܪܝܐ,,,,Peshitta,PESH
10,2 Samuel,6,5,2 Samuel 6:5,8,ܒܩܝܣ̈ܐ,,,,Peshitta,PESH
10,2 Samuel,6,5,2 Samuel 6:5,9,ܕܐܪܙܐ,,,,Peshitta,PESH
10,2 Samuel,6,5,2 Samuel 6:5,10,ܘܕܒܪܘܬܐ,,,,Peshitta,PESH
10,2 Samuel,6,5,2 Samuel 6:5,11,ܘܒܟܢܪ̈ܐ,,,,Peshitta,PESH
10,2 Samuel,6,5,2 Samuel 6:5,12,ܘܒܩܬܪ̈ܐ,,,,Peshitta,PESH
10,2 Samuel,6,5,2 Samuel 6:5,13,ܘܒ̈ܦܠܓܐ,,,,Peshitta,PESH
10,2 Samuel,6,5,2 Samuel 6:5,14,ܘܒܪ̈ܒܝܥܐ,,,,Peshitta,PESH
10,2 Samuel,6,5,2 Samuel 6:5,15,ܘܒܨ̈ܨܠܐ,,,,Peshitta,PESH
10,2 Samuel,6,6,2 Samuel 6:6,1,ܘܐܬܘ,,,,Peshitta,PESH
10,2 Samuel,6,6,2 Samuel 6:6,2,ܥܕܡܐ,,,,Peshitta,PESH
10,2 Samuel,6,6,2 Samuel 6:6,3,ܠܐܕܪ̈ܐ,,,,Peshitta,PESH
10,2 Samuel,6,6,2 Samuel 6:6,4,ܬܩ̈ܢܐ,,,,Peshitta,PESH
10,2 Samuel,6,6,2 Samuel 6:6,5,ܘܐܘܫܛ,,,,Peshitta,PESH
10,2 Samuel,6,6,2 Samuel 6:6,6,ܥܐܙܐ,,,,Peshitta,PESH
10,2 Samuel,6,6,2 Samuel 6:6,7,ܐܝܕܗ,,,,Peshitta,PESH
10,2 Samuel,6,6,2 Samuel 6:6,8,ܥܠ,,,,Peshitta,PESH
10,2 Samuel,6,6,2 Samuel 6:6,9,ܐܪܘܢܗ,,,,Peshitta,PESH
10,2 Samuel,6,6,2 Samuel 6:6,10,ܕܡܪܝܐ,,,,Peshitta,PESH
10,2 Samuel,6,6,2 Samuel 6:6,11,ܘܐܚܕ,,,,Peshitta,PESH
10,2 Samuel,6,6,2 Samuel 6:6,12,ܒܗ,,,,Peshitta,PESH
10,2 Samuel,6,6,2 Samuel 6:6,13,ܡܛܘܠ,,,,Peshitta,PESH
10,2 Samuel,6,6,2 Samuel 6:6,14,ܕܐܫܬܡܛܘ,,,,Peshitta,PESH
10,2 Samuel,6,6,2 Samuel 6:6,15,ܠܗܘܢ,,,,Peshitta,PESH
10,2 Samuel,6,6,2 Samuel 6:6,16,ܬܘܪ̈ܐ,,,,Peshitta,PESH
10,2 Samuel,6,7,2 Samuel 6:7,1,ܘܐܬܚܡܬ,,,,Peshitta,PESH
10,2 Samuel,6,7,2 Samuel 6:7,2,ܪܘܓܙܗ,,,,Peshitta,PESH
10,2 Samuel,6,7,2 Samuel 6:7,3,ܕܡܪܝܐ,,,,Peshitta,PESH
10,2 Samuel,6,7,2 Samuel 6:7,4,ܒܥܐܙܐ,,,,Peshitta,PESH
10,2 Samuel,6,7,2 Samuel 6:7,5,ܘܡܚܝܗܝ,,,,Peshitta,PESH
10,2 Samuel,6,7,2 Samuel 6:7,6,ܬܡܢ,,,,Peshitta,PESH
10,2 Samuel,6,7,2 Samuel 6:7,7,ܡܪܝܐ,,,,Peshitta,PESH
10,2 Samuel,6,7,2 Samuel 6:7,8,ܥܠ,,,,Peshitta,PESH
10,2 Samuel,6,7,2 Samuel 6:7,9,ܕܐܘܫܛ,,,,Peshitta,PESH
10,2 Samuel,6,7,2 Samuel 6:7,10,ܐܝܕܗ,,,,Peshitta,PESH
10,2 Samuel,6,7,2 Samuel 6:7,11,ܘܡܝܬ,,,,Peshitta,PESH
10,2 Samuel,6,7,2 Samuel 6:7,12,ܬܡܢ,,,,Peshitta,PESH
10,2 Samuel,6,7,2 Samuel 6:7,13,ܠܘܬ,,,,Peshitta,PESH
10,2 Samuel,6,7,2 Samuel 6:7,14,ܐܪܘܢܗ,,,,Peshitta,PESH
10,2 Samuel,6,7,2 Samuel 6:7,15,ܕܐܠܗܐ,,,,Peshitta,PESH
10,2 Samuel,6,8,2 Samuel 6:8,1,ܘܐܬܒܐܫ,,,,Peshitta,PESH
10,2 Samuel,6,8,2 Samuel 6:8,2,ܠܕܘܝܕ,,,,Peshitta,PESH
10,2 Samuel,6,8,2 Samuel 6:8,3,ܥܠ,,,,Peshitta,PESH
10,2 Samuel,6,8,2 Samuel 6:8,4,ܕܬܪܥ,,,,Peshitta,PESH
10,2 Samuel,6,8,2 Samuel 6:8,5,ܡܪܝܐ,,,,Peshitta,PESH
10,2 Samuel,6,8,2 Samuel 6:8,6,ܬܘܪܥܬܐ,,,,Peshitta,PESH
10,2 Samuel,6,8,2 Samuel 6:8,7,ܒܥܐܙܐ,,,,Peshitta,PESH
10,2 Samuel,6,8,2 Samuel 6:8,8,ܘܩܪܐ,,,,Peshitta,PESH
10,2 Samuel,6,8,2 Samuel 6:8,9,ܠܐܬܪܐ,,,,Peshitta,PESH
10,2 Samuel,6,8,2 Samuel 6:8,10,ܗ̇ܘ,,,,Peshitta,PESH
10,2 Samuel,6,8,2 Samuel 6:8,11,ܬܘܪܥܬܐ,,,,Peshitta,PESH
10,2 Samuel,6,8,2 Samuel 6:8,12,ܕܥܐܙܐ,,,,Peshitta,PESH
10,2 Samuel,6,8,2 Samuel 6:8,13,ܥܕܡܐ,,,,Peshitta,PESH
10,2 Samuel,6,8,2 Samuel 6:8,14,ܠܝܘܡܢܐ,,,,Peshitta,PESH
10,2 Samuel,6,9,2 Samuel 6:9,1,ܘܕܚܠ,,,,Peshitta,PESH
10,2 Samuel,6,9,2 Samuel 6:9,2,ܕܘܝܕ,,,,Peshitta,PESH
10,2 Samuel,6,9,2 Samuel 6:9,3,ܒܝܘܡܐ,,,,Peshitta,PESH
10,2 Samuel,6,9,2 Samuel 6:9,4,ܗ̇ܘ,,,,Peshitta,PESH
10,2 Samuel,6,9,2 Samuel 6:9,5,ܡܢ,,,,Peshitta,PESH
10,2 Samuel,6,9,2 Samuel 6:9,6,ܩܕܡ,,,,Peshitta,PESH
10,2 Samuel,6,9,2 Samuel 6:9,7,ܡܪܝܐ,,,,Peshitta,PESH
10,2 Samuel,6,9,2 Samuel 6:9,8,ܘܐܡܪ,,,,Peshitta,PESH
10,2 Samuel,6,9,2 Samuel 6:9,9,ܐܝܟܢܐ,,,,Peshitta,PESH
10,2 Samuel,6,9,2 Samuel 6:9,10,ܐܥܠ,,,,Peshitta,PESH
10,2 Samuel,6,9,2 Samuel 6:9,11,ܠܘܬܝ,,,,Peshitta,PESH
10,2 Samuel,6,9,2 Samuel 6:9,12,ܐܪܘܢܗ,,,,Peshitta,PESH
10,2 Samuel,6,9,2 Samuel 6:9,13,ܕܡܪܝܐ,,,,Peshitta,PESH
10,2 Samuel,6,10,2 Samuel 6:10,1,ܘܠܐ,,,,Peshitta,PESH
10,2 Samuel,6,10,2 Samuel 6:10,2,ܨܒܐ,,,,Peshitta,PESH
10,2 Samuel,6,10,2 Samuel 6:10,3,ܕܘܝܕ,,,,Peshitta,PESH
10,2 Samuel,6,10,2 Samuel 6:10,4,ܠܡܥܠܘ,,,,Peshitta,PESH
10,2 Samuel,6,10,2 Samuel 6:10,5,ܠܘܬܗ,,,,Peshitta,PESH
10,2 Samuel,6,10,2 Samuel 6:10,6,ܠܐܪܘܢܗ,,,,Peshitta,PESH
10,2 Samuel,6,10,2 Samuel 6:10,7,ܕܐܠܗܐ,,,,Peshitta,PESH
10,2 Samuel,6,10,2 Samuel 6:10,8,ܠܩܪܝܬܗ,,,,Peshitta,PESH
10,2 Samuel,6,10,2 Samuel 6:10,9,ܕܕܘܝܕ,,,,Peshitta,PESH
10,2 Samuel,6,10,2 Samuel 6:10,10,ܘܐܣܛܝܗ,,,,Peshitta,PESH
10,2 Samuel,6,10,2 Samuel 6:10,11,ܕܘܝܕ,,,,Peshitta,PESH
10,2 Samuel,6,10,2 Samuel 6:10,12,ܠܒܝܬ,,,,Peshitta,PESH
10,2 Samuel,6,10,2 Samuel 6:10,13,ܥܘܒܪ,,,,Peshitta,PESH
10,2 Samuel,6,10,2 Samuel 6:10,14,ܐܕܘܡ,,,,Peshitta,PESH
10,2 Samuel,6,10,2 Samuel 6:10,15,ܓܬܝܐ,,,,Peshitta,PESH
10,2 Samuel,6,11,2 Samuel 6:11,1,ܘܝܬܒ,,,,Peshitta,PESH
10,2 Samuel,6,11,2 Samuel 6:11,2,ܐܪܘܢܗ,,,,Peshitta,PESH
10,2 Samuel,6,11,2 Samuel 6:11,3,ܕܡܪܝܐ,,,,Peshitta,PESH
10,2 Samuel,6,11,2 Samuel 6:11,4,ܒܝܬ,,,,Peshitta,PESH
10,2 Samuel,6,11,2 Samuel 6:11,5,ܥܘܒܪ,,,,Peshitta,PESH
10,2 Samuel,6,11,2 Samuel 6:11,6,ܐܕܘܡ,,,,Peshitta,PESH
10,2 Samuel,6,11,2 Samuel 6:11,7,ܓܬܝܐ,,,,Peshitta,PESH
10,2 Samuel,6,11,2 Samuel 6:11,8,ܬܠܬܐ,,,,Peshitta,PESH
10,2 Samuel,6,11,2 Samuel 6:11,9,ܝܪ̈ܚܝܢ,,,,Peshitta,PESH
10,2 Samuel,6,11,2 Samuel 6:11,10,ܘܒܪܟ,,,,Peshitta,PESH
10,2 Samuel,6,11,2 Samuel 6:11,11,ܡܪܝܐ,,,,Peshitta,PESH
10,2 Samuel,6,11,2 Samuel 6:11,12,ܠܥܘܒܪ,,,,Peshitta,PESH
10,2 Samuel,6,11,2 Samuel 6:11,13,ܐܕܘܡ,,,,Peshitta,PESH
10,2 Samuel,6,11,2 Samuel 6:11,14,ܓܬܝܐ,,,,Peshitta,PESH
10,2 Samuel,6,11,2 Samuel 6:11,15,ܘܠܟܠܗ,,,,Peshitta,PESH
10,2 Samuel,6,11,2 Samuel 6:11,16,ܒܝܬܗ,,,,Peshitta,PESH
10,2 Samuel,6,12,2 Samuel 6:12,1,ܘܚܘܝܘ,,,,Peshitta,PESH
10,2 Samuel,6,12,2 Samuel 6:12,2,ܠܡܠܟܐ,,,,Peshitta,PESH
10,2 Samuel,6,12,2 Samuel 6:12,3,ܕܘܝܕ,,,,Peshitta,PESH
10,2 Samuel,6,12,2 Samuel 6:12,4,ܘܐܡܪܘ,,,,Peshitta,PESH
10,2 Samuel,6,12,2 Samuel 6:12,5,ܠܗ,,,,Peshitta,PESH
10,2 Samuel,6,12,2 Samuel 6:12,6,ܕܒܪܟ,,,,Peshitta,PESH
10,2 Samuel,6,12,2 Samuel 6:12,7,ܡܪܝܐ,,,,Peshitta,PESH
10,2 Samuel,6,12,2 Samuel 6:12,8,ܠܥܘܒܪ,,,,Peshitta,PESH
10,2 Samuel,6,12,2 Samuel 6:12,9,ܐܕܘܡ,,,,Peshitta,PESH
10,2 Samuel,6,12,2 Samuel 6:12,10,ܘܠܟܠ,,,,Peshitta,PESH
10,2 Samuel,6,12,2 Samuel 6:12,11,ܡܕܡ,,,,Peshitta,PESH
10,2 Samuel,6,12,2 Samuel 6:12,12,ܕܐܝܬ,,,,Peshitta,PESH
10,2 Samuel,6,12,2 Samuel 6:12,13,ܠܗ,,,,Peshitta,PESH
10,2 Samuel,6,12,2 Samuel 6:12,14,ܡܛܠ,,,,Peshitta,PESH
10,2 Samuel,6,12,2 Samuel 6:12,15,ܐܪܘܢܗ,,,,Peshitta,PESH
10,2 Samuel,6,12,2 Samuel 6:12,16,ܕܡܪܝܐ,,,,Peshitta,PESH
10,2 Samuel,6,12,2 Samuel 6:12,17,ܘܐܙܠ,,,,Peshitta,PESH
10,2 Samuel,6,12,2 Samuel 6:12,18,ܕܘܝܕ,,,,Peshitta,PESH
10,2 Samuel,6,12,2 Samuel 6:12,19,ܘܐܣܩ,,,,Peshitta,PESH
10,2 Samuel,6,12,2 Samuel 6:12,20,ܠܐܪܘܢܗ,,,,Peshitta,PESH
10,2 Samuel,6,12,2 Samuel 6:12,21,ܕܡܪܝܐ,,,,Peshitta,PESH
10,2 Samuel,6,12,2 Samuel 6:12,22,ܡܢ,,,,Peshitta,PESH
10,2 Samuel,6,12,2 Samuel 6:12,23,ܒܝܬ,,,,Peshitta,PESH
10,2 Samuel,6,12,2 Samuel 6:12,24,ܥܘܒܪ,,,,Peshitta,PESH
10,2 Samuel,6,12,2 Samuel 6:12,25,ܐܕܘܡ,,,,Peshitta,PESH
10,2 Samuel,6,12,2 Samuel 6:12,26,ܠܩܪܝܬܗ,,,,Peshitta,PESH
10,2 Samuel,6,12,2 Samuel 6:12,27,ܕܕܘܝܕ,,,,Peshitta,PESH
10,2 Samuel,6,12,2 Samuel 6:12,28,ܒܚܕܘܬܐ,,,,Peshitta,PESH
10,2 Samuel,6,13,2 Samuel 6:13,1,ܘܗܘܐ,,,,Peshitta,PESH
10,2 Samuel,6,13,2 Samuel 6:13,2,ܕܟܕ,,,,Peshitta,PESH
10,2 Samuel,6,13,2 Samuel 6:13,3,ܗܠܟܘ,,,,Peshitta,PESH
10,2 Samuel,6,13,2 Samuel 6:13,4,ܫܩܝ̈ܠܝ,,,,Peshitta,PESH
10,2 Samuel,6,13,2 Samuel 6:13,5,ܐܪܘܢܗ,,,,Peshitta,PESH
10,2 Samuel,6,13,2 Samuel 6:13,6,ܕܡܪܝܐ,,,,Peshitta,PESH
10,2 Samuel,6,13,2 Samuel 6:13,7,ܫܬ,,,,Peshitta,PESH
10,2 Samuel,6,13,2 Samuel 6:13,8,ܦܣ̈ܥܢ,,,,Peshitta,PESH
10,2 Samuel,6,13,2 Samuel 6:13,9,ܕܒܚ,,,,Peshitta,PESH
10,2 Samuel,6,13,2 Samuel 6:13,10,ܕܘܝܕ,,,,Peshitta,PESH
10,2 Samuel,6,13,2 Samuel 6:13,11,ܬܘܪ̈ܐ,,,,Peshitta,PESH
10,2 Samuel,6,13,2 Samuel 6:13,12,ܡܦܛܡ̈ܐ,,,,Peshitta,PESH
10,2 Samuel,6,14,2 Samuel 6:14,1,ܘܕܘܝܕ,,,,Peshitta,PESH
10,2 Samuel,6,14,2 Samuel 6:14,2,ܡܫܒܚ,,,,Peshitta,PESH
10,2 Samuel,6,14,2 Samuel 6:14,3,ܒܟܠ,,,,Peshitta,PESH
10,2 Samuel,6,14,2 Samuel 6:14,4,ܥܘܫܢܐ,,,,Peshitta,PESH
10,2 Samuel,6,14,2 Samuel 6:14,5,ܩܕܡ,,,,Peshitta,PESH
10,2 Samuel,6,14,2 Samuel 6:14,6,ܡܪܝܐ,,,,Peshitta,PESH
10,2 Samuel,6,14,2 Samuel 6:14,7,ܘܕܘܝܕ,,,,Peshitta,PESH
10,2 Samuel,6,14,2 Samuel 6:14,8,ܠܒܝܫ,,,,Peshitta,PESH
10,2 Samuel,6,14,2 Samuel 6:14,9,ܦܕܬܐ,,,,Peshitta,PESH
10,2 Samuel,6,14,2 Samuel 6:14,10,ܕܒܘܨܐ,,,,Peshitta,PESH
10,2 Samuel,6,15,2 Samuel 6:15,1,ܘܕܘܝܕ,,,,Peshitta,PESH
10,2 Samuel,6,15,2 Samuel 6:15,2,ܘܟܠܗ,,,,Peshitta,PESH
10,2 Samuel,6,15,2 Samuel 6:15,3,ܐܝܣܪܝܠ,,,,Peshitta,PESH
10,2 Samuel,6,15,2 Samuel 6:15,4,ܡܣܩܝܢ,,,,Peshitta,PESH
10,2 Samuel,6,15,2 Samuel 6:15,5,ܠܐܪܘܢܗ,,,,Peshitta,PESH
10,2 Samuel,6,15,2 Samuel 6:15,6,ܕܡܪܝܐ,,,,Peshitta,PESH
10,2 Samuel,6,15,2 Samuel 6:15,7,ܒܝܘܒܒܐ,,,,Peshitta,PESH
10,2 Samuel,6,15,2 Samuel 6:15,8,ܘܒܩܠܐ,,,,Peshitta,PESH
10,2 Samuel,6,15,2 Samuel 6:15,9,ܕܫܝܦܘܪܐ,,,,Peshitta,PESH
10,2 Samuel,6,16,2 Samuel 6:16,1,ܘܗܘܐ,,,,Peshitta,PESH
10,2 Samuel,6,16,2 Samuel 6:16,2,ܐܪܘܢܗ,,,,Peshitta,PESH
10,2 Samuel,6,16,2 Samuel 6:16,3,ܕܡܪܝܐ,,,,Peshitta,PESH
10,2 Samuel,6,16,2 Samuel 6:16,4,ܒܒܝܬܗ,,,,Peshitta,PESH
10,2 Samuel,6,16,2 Samuel 6:16,5,ܕܕܘܝܕ,,,,Peshitta,PESH
10,2 Samuel,6,16,2 Samuel 6:16,6,ܘܡܠܟܠ,,,,Peshitta,PESH
10,2 Samuel,6,16,2 Samuel 6:16,7,ܒܪܬ,,,,Peshitta,PESH
10,2 Samuel,6,16,2 Samuel 6:16,8,ܫܐܘܠ,,,,Peshitta,PESH
10,2 Samuel,6,16,2 Samuel 6:16,9,ܐܕܝܩܬ,,,,Peshitta,PESH
10,2 Samuel,6,16,2 Samuel 6:16,10,ܡܢ,,,,Peshitta,PESH
10,2 Samuel,6,16,2 Samuel 6:16,11,ܟܘܬܐ,,,,Peshitta,PESH
10,2 Samuel,6,16,2 Samuel 6:16,12,ܘܚܙܬ,,,,Peshitta,PESH
10,2 Samuel,6,16,2 Samuel 6:16,13,ܠܡܠܟܐ,,,,Peshitta,PESH
10,2 Samuel,6,16,2 Samuel 6:16,14,ܕܘܝܕ,,,,Peshitta,PESH
10,2 Samuel,6,16,2 Samuel 6:16,15,ܕܚ̇ܕܐ,,,,Peshitta,PESH
10,2 Samuel,6,16,2 Samuel 6:16,16,ܘܡܫܬܥܐ,,,,Peshitta,PESH
10,2 Samuel,6,16,2 Samuel 6:16,17,ܩܕܡ,,,,Peshitta,PESH
10,2 Samuel,6,16,2 Samuel 6:16,18,ܐܪܘܢܗ,,,,Peshitta,PESH
10,2 Samuel,6,16,2 Samuel 6:16,19,ܕܡܪܝܐ,,,,Peshitta,PESH
10,2 Samuel,6,16,2 Samuel 6:16,20,ܘܒܣܪܬ,,,,Peshitta,PESH
10,2 Samuel,6,16,2 Samuel 6:16,21,ܥܠܘܗܝ,,,,Peshitta,PESH
10,2 Samuel,6,16,2 Samuel 6:16,22,ܒܠܒܗ̇,,,,Peshitta,PESH
10,2 Samuel,6,17,2 Samuel 6:17,1,ܘܐܝܬܝܘܗ̇,,,,Peshitta,PESH
10,2 Samuel,6,17,2 Samuel 6:17,2,ܠܩܒܘܬܗ,,,,Peshitta,PESH
10,2 Samuel,6,17,2 Samuel 6:17,3,ܕܡܪܝܐ,,,,Peshitta,PESH
10,2 Samuel,6,17,2 Samuel 6:17,4,ܘܐܩܝܡܘܗ̇,,,,Peshitta,PESH
10,2 Samuel,6,17,2 Samuel 6:17,5,ܒܓܘ,,,,Peshitta,PESH
10,2 Samuel,6,17,2 Samuel 6:17,6,ܡܫܟܢܐ,,,,Peshitta,PESH
10,2 Samuel,6,17,2 Samuel 6:17,7,ܕܢܩܫ,,,,Peshitta,PESH
10,2 Samuel,6,17,2 Samuel 6:17,8,ܠܗ̇,,,,Peshitta,PESH
10,2 Samuel,6,17,2 Samuel 6:17,9,ܕܘܝܕ,,,,Peshitta,PESH
10,2 Samuel,6,17,2 Samuel 6:17,10,ܘܐܣܩ,,,,Peshitta,PESH
10,2 Samuel,6,17,2 Samuel 6:17,11,ܕܘܝܕ,,,,Peshitta,PESH
10,2 Samuel,6,17,2 Samuel 6:17,12,ܥ̈ܠܘܬܐ,,,,Peshitta,PESH
10,2 Samuel,6,17,2 Samuel 6:17,13,ܘܫ̈ܠܡܐ,,,,Peshitta,PESH
10,2 Samuel,6,17,2 Samuel 6:17,14,ܩܕܡ,,,,Peshitta,PESH
10,2 Samuel,6,17,2 Samuel 6:17,15,ܡܪܝܐ,,,,Peshitta,PESH
10,2 Samuel,6,18,2 Samuel 6:18,1,ܘܟܕ,,,,Peshitta,PESH
10,2 Samuel,6,18,2 Samuel 6:18,2,ܫܠܡ,,,,Peshitta,PESH
10,2 Samuel,6,18,2 Samuel 6:18,3,ܕܘܝܕ,,,,Peshitta,PESH
10,2 Samuel,6,18,2 Samuel 6:18,4,ܠܡܣܩܘ,,,,Peshitta,PESH
10,2 Samuel,6,18,2 Samuel 6:18,5,ܥ̈ܠܘܬܐ,,,,Peshitta,PESH
10,2 Samuel,6,18,2 Samuel 6:18,6,ܘܫ̈ܠܡܐ,,,,Peshitta,PESH
10,2 Samuel,6,18,2 Samuel 6:18,7,ܠܡܪܝܐ,,,,Peshitta,PESH
10,2 Samuel,6,18,2 Samuel 6:18,8,ܒܪܟ,,,,Peshitta,PESH
10,2 Samuel,6,18,2 Samuel 6:18,9,ܠܥܡܐ,,,,Peshitta,PESH
10,2 Samuel,6,18,2 Samuel 6:18,10,ܒܫܡܗ,,,,Peshitta,PESH
10,2 Samuel,6,18,2 Samuel 6:18,11,ܕܡܪܝܐ,,,,Peshitta,PESH
10,2 Samuel,6,18,2 Samuel 6:18,12,ܚܝܠܬܢܐ,,,,Peshitta,PESH
10,2 Samuel,6,19,2 Samuel 6:19,1,ܘܦܠܓ,,,,Peshitta,PESH
10,2 Samuel,6,19,2 Samuel 6:19,2,ܠܟܠܗ,,,,Peshitta,PESH
10,2 Samuel,6,19,2 Samuel 6:19,3,ܥܡܐ,,,,Peshitta,PESH
10,2 Samuel,6,19,2 Samuel 6:19,4,ܠܟܠܗ,,,,Peshitta,PESH
10,2 Samuel,6,19,2 Samuel 6:19,5,ܟܢܫܐ,,,,Peshitta,PESH
10,2 Samuel,6,19,2 Samuel 6:19,6,ܕܐܝܣܪܝܠ,,,,Peshitta,PESH
10,2 Samuel,6,19,2 Samuel 6:19,7,ܡܢ,,,,Peshitta,PESH
10,2 Samuel,6,19,2 Samuel 6:19,8,ܓܒܪܐ,,,,Peshitta,PESH
10,2 Samuel,6,19,2 Samuel 6:19,9,ܘܥܕܡܐ,,,,Peshitta,PESH
10,2 Samuel,6,19,2 Samuel 6:19,10,ܠܐܢܬܬܐ,,,,Peshitta,PESH
10,2 Samuel,6,19,2 Samuel 6:19,11,ܓܪܝܨܬܐ,,,,Peshitta,PESH
10,2 Samuel,6,19,2 Samuel 6:19,12,ܚܕܐ,,,,Peshitta,PESH
10,2 Samuel,6,19,2 Samuel 6:19,13,ܕܠܚܡܐ,,,,Peshitta,PESH
10,2 Samuel,6,19,2 Samuel 6:19,14,ܘܢܩܣܐ,,,,Peshitta,PESH
10,2 Samuel,6,19,2 Samuel 6:19,15,ܚܕ,,,,Peshitta,PESH
10,2 Samuel,6,19,2 Samuel 6:19,16,ܘܣܢܪܩܐ,,,,Peshitta,PESH
10,2 Samuel,6,19,2 Samuel 6:19,17,ܚܕ,,,,Peshitta,PESH
10,2 Samuel,6,19,2 Samuel 6:19,18,ܘܐܙܠܘ,,,,Peshitta,PESH
10,2 Samuel,6,19,2 Samuel 6:19,19,ܟܠܗ,,,,Peshitta,PESH
10,2 Samuel,6,19,2 Samuel 6:19,20,ܥܡܐ,,,,Peshitta,PESH
10,2 Samuel,6,19,2 Samuel 6:19,21,ܐܢܫ,,,,Peshitta,PESH
10,2 Samuel,6,19,2 Samuel 6:19,22,ܠܒܝܬܗ,,,,Peshitta,PESH
10,2 Samuel,6,20,2 Samuel 6:20,1,ܘܗܦܟ,,,,Peshitta,PESH
10,2 Samuel,6,20,2 Samuel 6:20,2,ܕܘܝܕ,,,,Peshitta,PESH
10,2 Samuel,6,20,2 Samuel 6:20,3,ܠܡܐܙܠ,,,,Peshitta,PESH
10,2 Samuel,6,20,2 Samuel 6:20,4,ܠܒܝܬܗ,,,,Peshitta,PESH
10,2 Samuel,6,20,2 Samuel 6:20,5,ܘܢܦܩܬ,,,,Peshitta,PESH
10,2 Samuel,6,20,2 Samuel 6:20,6,ܡܠܟܠ,,,,Peshitta,PESH
10,2 Samuel,6,20,2 Samuel 6:20,7,ܒܪܬ,,,,Peshitta,PESH
10,2 Samuel,6,20,2 Samuel 6:20,8,ܫܐܘܠ,,,,Peshitta,PESH
10,2 Samuel,6,20,2 Samuel 6:20,9,ܠܐܘܪܥܗ,,,,Peshitta,PESH
10,2 Samuel,6,20,2 Samuel 6:20,10,ܕܕܘܝܕ,,,,Peshitta,PESH
10,2 Samuel,6,20,2 Samuel 6:20,11,ܘܐܡܪܬ,,,,Peshitta,PESH
10,2 Samuel,6,20,2 Samuel 6:20,12,ܡܐ,,,,Peshitta,PESH
10,2 Samuel,6,20,2 Samuel 6:20,13,ܝܩܝܪ,,,,Peshitta,PESH
10,2 Samuel,6,20,2 Samuel 6:20,14,ܝܘܡܢܐ,,,,Peshitta,PESH
10,2 Samuel,6,20,2 Samuel 6:20,15,ܡܠܟܐ,,,,Peshitta,PESH
10,2 Samuel,6,20,2 Samuel 6:20,16,ܕܐܝܣܪܝܠ,,,,Peshitta,PESH
10,2 Samuel,6,20,2 Samuel 6:20,17,ܕܐܬܓܠܝ,,,,Peshitta,PESH
10,2 Samuel,6,20,2 Samuel 6:20,18,ܝܘܡܢܐ,,,,Peshitta,PESH
10,2 Samuel,6,20,2 Samuel 6:20,19,ܠܥܝܢ,,,,Peshitta,PESH
10,2 Samuel,6,20,2 Samuel 6:20,20,ܐ̈ܡܗܬܐ,,,,Peshitta,PESH
10,2 Samuel,6,20,2 Samuel 6:20,21,ܕܥܒ̈ܕܘܗܝ,,,,Peshitta,PESH
10,2 Samuel,6,20,2 Samuel 6:20,22,ܡܬܓܠܝܘ,,,,Peshitta,PESH
10,2 Samuel,6,20,2 Samuel 6:20,23,ܐܬܓܠܝܬ,,,,Peshitta,PESH
10,2 Samuel,6,20,2 Samuel 6:20,24,ܐܝܟ,,,,Peshitta,PESH
10,2 Samuel,6,20,2 Samuel 6:20,25,ܚܕ,,,,Peshitta,PESH
10,2 Samuel,6,20,2 Samuel 6:20,26,ܡܢ,,,,Peshitta,PESH
10,2 Samuel,6,20,2 Samuel 6:20,27,ܣܪ̈ܝܩܐ,,,,Peshitta,PESH
10,2 Samuel,6,21,2 Samuel 6:21,1,ܘܐܡܪ,,,,Peshitta,PESH
10,2 Samuel,6,21,2 Samuel 6:21,2,ܕܘܝܕ,,,,Peshitta,PESH
10,2 Samuel,6,21,2 Samuel 6:21,3,ܠܡܠܟܠ,,,,Peshitta,PESH
10,2 Samuel,6,21,2 Samuel 6:21,4,ܩܕܡ,,,,Peshitta,PESH
10,2 Samuel,6,21,2 Samuel 6:21,5,ܡܪܝܐ,,,,Peshitta,PESH
10,2 Samuel,6,21,2 Samuel 6:21,6,ܕܨܒܐ,,,,Peshitta,PESH
10,2 Samuel,6,21,2 Samuel 6:21,7,ܒܝ,,,,Peshitta,PESH
10,2 Samuel,6,21,2 Samuel 6:21,8,ܡܢ,,,,Peshitta,PESH
10,2 Samuel,6,21,2 Samuel 6:21,9,ܐܒܘܟܝ,,,,Peshitta,PESH
10,2 Samuel,6,21,2 Samuel 6:21,10,ܘܡܢ,,,,Peshitta,PESH
10,2 Samuel,6,21,2 Samuel 6:21,11,ܟܠܗ,,,,Peshitta,PESH
10,2 Samuel,6,21,2 Samuel 6:21,12,ܒܝܬܗ,,,,Peshitta,PESH
10,2 Samuel,6,21,2 Samuel 6:21,13,ܘܦܩܕܢܝ,,,,Peshitta,PESH
10,2 Samuel,6,21,2 Samuel 6:21,14,ܕܐܗܘܐ,,,,Peshitta,PESH
10,2 Samuel,6,21,2 Samuel 6:21,15,ܡܕܒܪܢܐ,,,,Peshitta,PESH
10,2 Samuel,6,21,2 Samuel 6:21,16,ܥܠ,,,,Peshitta,PESH
10,2 Samuel,6,21,2 Samuel 6:21,17,ܥܡܗ,,,,Peshitta,PESH
10,2 Samuel,6,21,2 Samuel 6:21,18,ܕܡܪܝܐ,,,,Peshitta,PESH
10,2 Samuel,6,21,2 Samuel 6:21,19,ܥܠ,,,,Peshitta,PESH
10,2 Samuel,6,21,2 Samuel 6:21,20,ܐܝܣܪܝܠ,,,,Peshitta,PESH
10,2 Samuel,6,21,2 Samuel 6:21,21,ܡܛܠ,,,,Peshitta,PESH
10,2 Samuel,6,21,2 Samuel 6:21,22,ܗ̇ܘ,,,,Peshitta,PESH
10,2 Samuel,6,21,2 Samuel 6:21,23,ܓܚܟܬ,,,,Peshitta,PESH
10,2 Samuel,6,21,2 Samuel 6:21,24,ܩܕܡ,,,,Peshitta,PESH
10,2 Samuel,6,21,2 Samuel 6:21,25,ܡܪܝܐ,,,,Peshitta,PESH
10,2 Samuel,6,22,2 Samuel 6:22,1,ܘܒܨܝܪ,,,,Peshitta,PESH
10,2 Samuel,6,22,2 Samuel 6:22,2,ܗܘܝܬ,,,,Peshitta,PESH
10,2 Samuel,6,22,2 Samuel 6:22,3,ܬܘܒ,,,,Peshitta,PESH
10,2 Samuel,6,22,2 Samuel 6:22,4,ܡܢ,,,,Peshitta,PESH
10,2 Samuel,6,22,2 Samuel 6:22,5,ܗܕܐ,,,,Peshitta,PESH
10,2 Samuel,6,22,2 Samuel 6:22,6,ܘܗܘܝܬ,,,,Peshitta,PESH
10,2 Samuel,6,22,2 Samuel 6:22,7,ܫܦܠ,,,,Peshitta,PESH
10,2 Samuel,6,22,2 Samuel 6:22,8,ܒܥܝܢ̈ܝ,,,,Peshitta,PESH
10,2 Samuel,6,22,2 Samuel 6:22,9,ܢܦܫܝ,,,,Peshitta,PESH
10,2 Samuel,6,22,2 Samuel 6:22,10,ܕܥܡ,,,,Peshitta,PESH
10,2 Samuel,6,22,2 Samuel 6:22,11,ܐ̈ܡܗܬܐ,,,,Peshitta,PESH
10,2 Samuel,6,22,2 Samuel 6:22,12,ܕܐܡܪܬܝ,,,,Peshitta,PESH
10,2 Samuel,6,22,2 Samuel 6:22,13,ܥܡܗܝܢ,,,,Peshitta,PESH
10,2 Samuel,6,22,2 Samuel 6:22,14,ܐܬܝܩܪ,,,,Peshitta,PESH
10,2 Samuel,6,23,2 Samuel 6:23,1,ܘܠܡܠܟܠ,,,,Peshitta,PESH
10,2 Samuel,6,23,2 Samuel 6:23,2,ܒܪܬ,,,,Peshitta,PESH
10,2 Samuel,6,23,2 Samuel 6:23,3,ܫܐܘܠ,,,,Peshitta,PESH
10,2 Samuel,6,23,2 Samuel 6:23,4,ܠܐ,,,,Peshitta,PESH
10,2 Samuel,6,23,2 Samuel 6:23,5,ܗܘܐ,,,,Peshitta,PESH
10,2 Samuel,6,23,2 Samuel 6:23,6,ܠܗ̇,,,,Peshitta,PESH
10,2 Samuel,6,23,2 Samuel 6:23,7,ܝܠܕܐ,,,,Peshitta,PESH
10,2 Samuel,6,23,2 Samuel 6:23,8,ܥܕܡܐ,,,,Peshitta,PESH
10,2 Samuel,6,23,2 Samuel 6:23,9,ܠܝܘܡܐ,,,,Peshitta,PESH
10,2 Samuel,6,23,2 Samuel 6:23,10,ܕܡܝܬܬ,,,,Peshitta,PESH
10,2 Samuel,7,1,2 Samuel 7:1,1,ܘܟܕ,,,,Peshitta,PESH
10,2 Samuel,7,1,2 Samuel 7:1,2,ܝܬܒ,,,,Peshitta,PESH
10,2 Samuel,7,1,2 Samuel 7:1,3,ܡܠܟܐ,,,,Peshitta,PESH
10,2 Samuel,7,1,2 Samuel 7:1,4,ܒܒܝܬܗ,,,,Peshitta,PESH
10,2 Samuel,7,1,2 Samuel 7:1,5,ܘܡܪܝܐ,,,,Peshitta,PESH
10,2 Samuel,7,1,2 Samuel 7:1,6,ܐܢܝܚ,,,,Peshitta,PESH
10,2 Samuel,7,1,2 Samuel 7:1,7,ܠܗ,,,,Peshitta,PESH
10,2 Samuel,7,1,2 Samuel 7:1,8,ܡܢ,,,,Peshitta,PESH
10,2 Samuel,7,1,2 Samuel 7:1,9,ܟܠܗܘܢ,,,,Peshitta,PESH
10,2 Samuel,7,1,2 Samuel 7:1,10,ܒ̈ܥܠܕܒܒܘܗܝ,,,,Peshitta,PESH
10,2 Samuel,7,2,2 Samuel 7:2,1,ܐܡܪ,,,,Peshitta,PESH
10,2 Samuel,7,2,2 Samuel 7:2,2,ܡܠܟܐ,,,,Peshitta,PESH
10,2 Samuel,7,2,2 Samuel 7:2,3,ܠܢܬܢ,,,,Peshitta,PESH
10,2 Samuel,7,2,2 Samuel 7:2,4,ܢܒܝܐ,,,,Peshitta,PESH
10,2 Samuel,7,2,2 Samuel 7:2,5,ܚܙܝ,,,,Peshitta,PESH
10,2 Samuel,7,2,2 Samuel 7:2,6,ܕܐܢܐ,,,,Peshitta,PESH
10,2 Samuel,7,2,2 Samuel 7:2,7,ܝܬܒ,,,,Peshitta,PESH
10,2 Samuel,7,2,2 Samuel 7:2,8,ܒܒܝܬܐ,,,,Peshitta,PESH
10,2 Samuel,7,2,2 Samuel 7:2,9,ܕܐܪ̈ܙܐ,,,,Peshitta,PESH
10,2 Samuel,7,2,2 Samuel 7:2,10,ܘܐܪܘܢܗ,,,,Peshitta,PESH
10,2 Samuel,7,2,2 Samuel 7:2,11,ܕܐܠܗܐ,,,,Peshitta,PESH
10,2 Samuel,7,2,2 Samuel 7:2,12,ܝܬ̇ܒ,,,,Peshitta,PESH
10,2 Samuel,7,2,2 Samuel 7:2,13,ܒܓܘ,,,,Peshitta,PESH
10,2 Samuel,7,2,2 Samuel 7:2,14,ܝܪ̈ܝܥܬܐ,,,,Peshitta,PESH
10,2 Samuel,7,3,2 Samuel 7:3,1,ܘܐܡܪ,,,,Peshitta,PESH
10,2 Samuel,7,3,2 Samuel 7:3,2,ܢܬܢ,,,,Peshitta,PESH
10,2 Samuel,7,3,2 Samuel 7:3,3,ܠܡܠܟܐ,,,,Peshitta,PESH
10,2 Samuel,7,3,2 Samuel 7:3,4,ܟܠ,,,,Peshitta,PESH
10,2 Samuel,7,3,2 Samuel 7:3,5,ܕܒܠܒܟ,,,,Peshitta,PESH
10,2 Samuel,7,3,2 Samuel 7:3,6,ܥܒܕ,,,,Peshitta,PESH
10,2 Samuel,7,3,2 Samuel 7:3,7,ܡܛܠ,,,,Peshitta,PESH
10,2 Samuel,7,3,2 Samuel 7:3,8,ܕܡܪܝܐ,,,,Peshitta,PESH
10,2 Samuel,7,3,2 Samuel 7:3,9,ܥܡܟ,,,,Peshitta,PESH
10,2 Samuel,7,4,2 Samuel 7:4,1,ܒܗ,,,,Peshitta,PESH
10,2 Samuel,7,4,2 Samuel 7:4,2,ܒܠܠܝܐ,,,,Peshitta,PESH
10,2 Samuel,7,4,2 Samuel 7:4,3,ܗ̇ܘ,,,,Peshitta,PESH
10,2 Samuel,7,4,2 Samuel 7:4,4,ܗܘܐ,,,,Peshitta,PESH
10,2 Samuel,7,4,2 Samuel 7:4,5,ܦܬܓܡܗ,,,,Peshitta,PESH
10,2 Samuel,7,4,2 Samuel 7:4,6,ܕܡܪܝܐ,,,,Peshitta,PESH
10,2 Samuel,7,4,2 Samuel 7:4,7,ܥܠ,,,,Peshitta,PESH
10,2 Samuel,7,4,2 Samuel 7:4,8,ܢܬܢ,,,,Peshitta,PESH
10,2 Samuel,7,4,2 Samuel 7:4,9,ܢܒܝܐ,,,,Peshitta,PESH
10,2 Samuel,7,4,2 Samuel 7:4,10,ܠܡܐܡܪ,,,,Peshitta,PESH
10,2 Samuel,7,5,2 Samuel 7:5,1,ܙܠ,,,,Peshitta,PESH
10,2 Samuel,7,5,2 Samuel 7:5,2,ܐܡܪ,,,,Peshitta,PESH
10,2 Samuel,7,5,2 Samuel 7:5,3,ܠܥܒܕܝ,,,,Peshitta,PESH
10,2 Samuel,7,5,2 Samuel 7:5,4,ܕܘܝܕ,,,,Peshitta,PESH
10,2 Samuel,7,5,2 Samuel 7:5,5,ܗܟܢܐ,,,,Peshitta,PESH
10,2 Samuel,7,5,2 Samuel 7:5,6,ܐܡܪ,,,,Peshitta,PESH
10,2 Samuel,7,5,2 Samuel 7:5,7,ܡܪܝܐ,,,,Peshitta,PESH
10,2 Samuel,7,5,2 Samuel 7:5,8,ܐܢܬ,,,,Peshitta,PESH
10,2 Samuel,7,5,2 Samuel 7:5,9,ܠܐ,,,,Peshitta,PESH
10,2 Samuel,7,5,2 Samuel 7:5,10,ܬܒܢܐ,,,,Peshitta,PESH
10,2 Samuel,7,5,2 Samuel 7:5,11,ܠܝ,,,,Peshitta,PESH
10,2 Samuel,7,5,2 Samuel 7:5,12,ܒܝܬܐ,,,,Peshitta,PESH
10,2 Samuel,7,5,2 Samuel 7:5,13,ܠܡܘܬܒܝ,,,,Peshitta,PESH
10,2 Samuel,7,6,2 Samuel 7:6,1,ܡܛܠ,,,,Peshitta,PESH
10,2 Samuel,7,6,2 Samuel 7:6,2,ܕܠܐ,,,,Peshitta,PESH
10,2 Samuel,7,6,2 Samuel 7:6,3,ܝܬܒܬ,,,,Peshitta,PESH
10,2 Samuel,7,6,2 Samuel 7:6,4,ܒܒܝܬܐ,,,,Peshitta,PESH
10,2 Samuel,7,6,2 Samuel 7:6,5,ܡܢ,,,,Peshitta,PESH
10,2 Samuel,7,6,2 Samuel 7:6,6,ܝܘܡܐ,,,,Peshitta,PESH
10,2 Samuel,7,6,2 Samuel 7:6,7,ܕܐܣܩܬ,,,,Peshitta,PESH
10,2 Samuel,7,6,2 Samuel 7:6,8,ܠܒܢ̈ܝ,,,,Peshitta,PESH
10,2 Samuel,7,6,2 Samuel 7:6,9,ܐܝܣܪܝܠ,,,,Peshitta,PESH
10,2 Samuel,7,6,2 Samuel 7:6,10,ܡܢ,,,,Peshitta,PESH
10,2 Samuel,7,6,2 Samuel 7:6,11,ܐܪܥܐ,,,,Peshitta,PESH
10,2 Samuel,7,6,2 Samuel 7:6,12,ܕܡܨܪܝܢ,,,,Peshitta,PESH
10,2 Samuel,7,6,2 Samuel 7:6,13,ܘܥܕܡܐ,,,,Peshitta,PESH
10,2 Samuel,7,6,2 Samuel 7:6,14,ܠܝܘܡܢܐ,,,,Peshitta,PESH
10,2 Samuel,7,6,2 Samuel 7:6,15,ܘܗܘܝܬ,,,,Peshitta,PESH
10,2 Samuel,7,6,2 Samuel 7:6,16,ܡܗܠܟ,,,,Peshitta,PESH
10,2 Samuel,7,6,2 Samuel 7:6,17,ܒܡܫ̈ܟܢܐ,,,,Peshitta,PESH
10,2 Samuel,7,7,2 Samuel 7:7,1,ܒܟܘܠ,,,,Peshitta,PESH
10,2 Samuel,7,7,2 Samuel 7:7,2,ܕܗܠܟܬ,,,,Peshitta,PESH
10,2 Samuel,7,7,2 Samuel 7:7,3,ܒܟܠܗܘܢ,,,,Peshitta,PESH
10,2 Samuel,7,7,2 Samuel 7:7,4,ܒܢ̈ܝ,,,,Peshitta,PESH
10,2 Samuel,7,7,2 Samuel 7:7,5,ܐܝܣܪܝܠ,,,,Peshitta,PESH
10,2 Samuel,7,7,2 Samuel 7:7,6,ܕܠܡܐ,,,,Peshitta,PESH
10,2 Samuel,7,7,2 Samuel 7:7,7,ܡܠܬܐ,,,,Peshitta,PESH
10,2 Samuel,7,7,2 Samuel 7:7,8,ܐܡܪܬ,,,,Peshitta,PESH
10,2 Samuel,7,7,2 Samuel 7:7,9,ܠܚܕ,,,,Peshitta,PESH
10,2 Samuel,7,7,2 Samuel 7:7,10,ܡܢ,,,,Peshitta,PESH
10,2 Samuel,7,7,2 Samuel 7:7,11,ܫܒ̈ܛܐ,,,,Peshitta,PESH
10,2 Samuel,7,7,2 Samuel 7:7,12,ܕܐܝܣܪܝܠ,,,,Peshitta,PESH
10,2 Samuel,7,7,2 Samuel 7:7,13,ܕܦܩܕܬ,,,,Peshitta,PESH
10,2 Samuel,7,7,2 Samuel 7:7,14,ܠܡܪܥܐ,,,,Peshitta,PESH
10,2 Samuel,7,7,2 Samuel 7:7,15,ܠܥܡܝ,,,,Peshitta,PESH
10,2 Samuel,7,7,2 Samuel 7:7,16,ܐܝܣܪܝܠ,,,,Peshitta,PESH
10,2 Samuel,7,7,2 Samuel 7:7,17,ܕܠܡܐ,,,,Peshitta,PESH
10,2 Samuel,7,7,2 Samuel 7:7,18,ܐܡܪܬ,,,,Peshitta,PESH
10,2 Samuel,7,7,2 Samuel 7:7,19,ܕܠܡܢܐ,,,,Peshitta,PESH
10,2 Samuel,7,7,2 Samuel 7:7,20,ܠܐ,,,,Peshitta,PESH
10,2 Samuel,7,7,2 Samuel 7:7,21,ܒܢܝܬܘܢ,,,,Peshitta,PESH
10,2 Samuel,7,7,2 Samuel 7:7,22,ܠܝ,,,,Peshitta,PESH
10,2 Samuel,7,7,2 Samuel 7:7,23,ܒܝܬܐ,,,,Peshitta,PESH
10,2 Samuel,7,7,2 Samuel 7:7,24,ܕܐܪ̈ܙܐ,,,,Peshitta,PESH
10,2 Samuel,7,8,2 Samuel 7:8,1,ܗܫܐ,,,,Peshitta,PESH
10,2 Samuel,7,8,2 Samuel 7:8,2,ܗܟܢܐ,,,,Peshitta,PESH
10,2 Samuel,7,8,2 Samuel 7:8,3,ܬܐܡܪ,,,,Peshitta,PESH
10,2 Samuel,7,8,2 Samuel 7:8,4,ܠܥܒܕܝ,,,,Peshitta,PESH
10,2 Samuel,7,8,2 Samuel 7:8,5,ܕܘܝܕ,,,,Peshitta,PESH
10,2 Samuel,7,8,2 Samuel 7:8,6,ܗܟܢܐ,,,,Peshitta,PESH
10,2 Samuel,7,8,2 Samuel 7:8,7,ܐܡܪ,,,,Peshitta,PESH
10,2 Samuel,7,8,2 Samuel 7:8,8,ܡܪܝܐ,,,,Peshitta,PESH
10,2 Samuel,7,8,2 Samuel 7:8,9,ܚܝܠܬܢܐ,,,,Peshitta,PESH
10,2 Samuel,7,8,2 Samuel 7:8,10,ܐܢܐ,,,,Peshitta,PESH
10,2 Samuel,7,8,2 Samuel 7:8,11,ܕܒܪܬܟ,,,,Peshitta,PESH
10,2 Samuel,7,8,2 Samuel 7:8,12,ܡܢ,,,,Peshitta,PESH
10,2 Samuel,7,8,2 Samuel 7:8,13,ܕܝܪܐ,,,,Peshitta,PESH
10,2 Samuel,7,8,2 Samuel 7:8,14,ܡܢ,,,,Peshitta,PESH
10,2 Samuel,7,8,2 Samuel 7:8,15,ܒܣܬܪ,,,,Peshitta,PESH
10,2 Samuel,7,8,2 Samuel 7:8,16,ܥܢܐ,,,,Peshitta,PESH
10,2 Samuel,7,8,2 Samuel 7:8,17,ܕܬܗܘܐ,,,,Peshitta,PESH
10,2 Samuel,7,8,2 Samuel 7:8,18,ܡܕܒܪܢܐ,,,,Peshitta,PESH
10,2 Samuel,7,8,2 Samuel 7:8,19,ܥܠ,,,,Peshitta,PESH
10,2 Samuel,7,8,2 Samuel 7:8,20,ܥܡܝ,,,,Peshitta,PESH
10,2 Samuel,7,8,2 Samuel 7:8,21,ܐܝܣܪܝܠ,,,,Peshitta,PESH
10,2 Samuel,7,9,2 Samuel 7:9,1,ܘܗܘܝܬ,,,,Peshitta,PESH
10,2 Samuel,7,9,2 Samuel 7:9,2,ܥܡܟ,,,,Peshitta,PESH
10,2 Samuel,7,9,2 Samuel 7:9,3,ܠܟܪ,,,,Peshitta,PESH
10,2 Samuel,7,9,2 Samuel 7:9,4,ܕܐܙܠܬ,,,,Peshitta,PESH
10,2 Samuel,7,9,2 Samuel 7:9,5,ܘܐܘܒܕܬ,,,,Peshitta,PESH
10,2 Samuel,7,9,2 Samuel 7:9,6,ܠܟܠܗܘܢ,,,,Peshitta,PESH
10,2 Samuel,7,9,2 Samuel 7:9,7,ܒ̈ܥܠܕܒܒܝܟ,,,,Peshitta,PESH
10,2 Samuel,7,9,2 Samuel 7:9,8,ܡܢ,,,,Peshitta,PESH
10,2 Samuel,7,9,2 Samuel 7:9,9,ܩܕܡܝܟ,,,,Peshitta,PESH
10,2 Samuel,7,9,2 Samuel 7:9,10,ܘܐܥܒܕ,,,,Peshitta,PESH
10,2 Samuel,7,9,2 Samuel 7:9,11,ܠܟ,,,,Peshitta,PESH
10,2 Samuel,7,9,2 Samuel 7:9,12,ܫܡܐ,,,,Peshitta,PESH
10,2 Samuel,7,9,2 Samuel 7:9,13,ܪܒܐ,,,,Peshitta,PESH
10,2 Samuel,7,9,2 Samuel 7:9,14,ܐܝܟ,,,,Peshitta,PESH
10,2 Samuel,7,9,2 Samuel 7:9,15,ܫܡܐ,,,,Peshitta,PESH
10,2 Samuel,7,9,2 Samuel 7:9,16,ܕܪ̈ܘܪܒܢܐ,,,,Peshitta,PESH
10,2 Samuel,7,9,2 Samuel 7:9,17,ܕܐܝܬ,,,,Peshitta,PESH
10,2 Samuel,7,9,2 Samuel 7:9,18,ܒܐܪܥܐ,,,,Peshitta,PESH
10,2 Samuel,7,10,2 Samuel 7:10,1,ܘܐܥܒܕ,,,,Peshitta,PESH
10,2 Samuel,7,10,2 Samuel 7:10,2,ܐܬܪܐ,,,,Peshitta,PESH
10,2 Samuel,7,10,2 Samuel 7:10,3,ܠܥܡܝ,,,,Peshitta,PESH
10,2 Samuel,7,10,2 Samuel 7:10,4,ܐܝܣܪܐܝܠ,,,,Peshitta,PESH
10,2 Samuel,7,10,2 Samuel 7:10,5,ܘܐܨܒܝܘܗܝ,,,,Peshitta,PESH
10,2 Samuel,7,10,2 Samuel 7:10,6,ܘܐܫܪܝܘܗܝ,,,,Peshitta,PESH
10,2 Samuel,7,10,2 Samuel 7:10,7,ܒܐܬܪܗ,,,,Peshitta,PESH
10,2 Samuel,7,10,2 Samuel 7:10,8,ܒܫܠܝܐ,,,,Peshitta,PESH
10,2 Samuel,7,10,2 Samuel 7:10,9,ܘܬܘܒ,,,,Peshitta,PESH
10,2 Samuel,7,10,2 Samuel 7:10,10,ܠܐ,,,,Peshitta,PESH
10,2 Samuel,7,10,2 Samuel 7:10,11,ܢܙܘܥ,,,,Peshitta,PESH
10,2 Samuel,7,10,2 Samuel 7:10,12,ܘܠܐ,,,,Peshitta,PESH
10,2 Samuel,7,10,2 Samuel 7:10,13,ܢܘܣܦܘܢ,,,,Peshitta,PESH
10,2 Samuel,7,10,2 Samuel 7:10,14,ܬܘܒ,,,,Peshitta,PESH
10,2 Samuel,7,10,2 Samuel 7:10,15,ܒܢܝ̈,,,,Peshitta,PESH
10,2 Samuel,7,10,2 Samuel 7:10,16,ܥܘܠܐ,,,,Peshitta,PESH
10,2 Samuel,7,10,2 Samuel 7:10,17,ܠܡܫܥܒܕܘܬܗ,,,,Peshitta,PESH
10,2 Samuel,7,10,2 Samuel 7:10,18,ܐܝܟ,,,,Peshitta,PESH
10,2 Samuel,7,10,2 Samuel 7:10,19,ܕܒܩܕܡܝܬܐ,,,,Peshitta,PESH
10,2 Samuel,7,11,2 Samuel 7:11,1,ܡܢ,,,,Peshitta,PESH
10,2 Samuel,7,11,2 Samuel 7:11,2,ܝܘܡܐ,,,,Peshitta,PESH
10,2 Samuel,7,11,2 Samuel 7:11,3,ܕܐܦܩܕܬܟ,,,,Peshitta,PESH
10,2 Samuel,7,11,2 Samuel 7:11,4,ܕܝܢܐ,,,,Peshitta,PESH
10,2 Samuel,7,11,2 Samuel 7:11,5,ܥܠ,,,,Peshitta,PESH
10,2 Samuel,7,11,2 Samuel 7:11,6,ܥܡܝ,,,,Peshitta,PESH
10,2 Samuel,7,11,2 Samuel 7:11,7,ܐܝܣܪܝܠ,,,,Peshitta,PESH
10,2 Samuel,7,11,2 Samuel 7:11,8,ܘܠܟ,,,,Peshitta,PESH
10,2 Samuel,7,11,2 Samuel 7:11,9,ܐܢܝܚܬ,,,,Peshitta,PESH
10,2 Samuel,7,11,2 Samuel 7:11,10,ܡܢ,,,,Peshitta,PESH
10,2 Samuel,7,11,2 Samuel 7:11,11,ܟܠܗܘܢ,,,,Peshitta,PESH
10,2 Samuel,7,11,2 Samuel 7:11,12,ܒ̈ܥܠܕܒܒܝܟ,,,,Peshitta,PESH
10,2 Samuel,7,11,2 Samuel 7:11,13,ܘܚܘܝܟ,,,,Peshitta,PESH
10,2 Samuel,7,11,2 Samuel 7:11,14,ܡܪܝܐ,,,,Peshitta,PESH
10,2 Samuel,7,11,2 Samuel 7:11,15,ܕܒܝܬܐ,,,,Peshitta,PESH
10,2 Samuel,7,11,2 Samuel 7:11,16,ܥܒܕ,,,,Peshitta,PESH
10,2 Samuel,7,11,2 Samuel 7:11,17,ܠܟ,,,,Peshitta,PESH
10,2 Samuel,7,11,2 Samuel 7:11,18,ܡܪܝܐ,,,,Peshitta,PESH
10,2 Samuel,7,12,2 Samuel 7:12,1,ܘܡܐ,,,,Peshitta,PESH
10,2 Samuel,7,12,2 Samuel 7:12,2,ܕܫܠܡܘ,,,,Peshitta,PESH
10,2 Samuel,7,12,2 Samuel 7:12,3,ܝܘܡ̈ܬܟ,,,,Peshitta,PESH
10,2 Samuel,7,12,2 Samuel 7:12,4,ܘܫܟܒܬ,,,,Peshitta,PESH
10,2 Samuel,7,12,2 Samuel 7:12,5,ܥܡ,,,,Peshitta,PESH
10,2 Samuel,7,12,2 Samuel 7:12,6,ܐ̈ܒܗܝܟ,,,,Peshitta,PESH
10,2 Samuel,7,12,2 Samuel 7:12,7,ܐܩܝܡ,,,,Peshitta,PESH
10,2 Samuel,7,12,2 Samuel 7:12,8,ܙܪܥܟ,,,,Peshitta,PESH
10,2 Samuel,7,12,2 Samuel 7:12,9,ܡܢ,,,,Peshitta,PESH
10,2 Samuel,7,12,2 Samuel 7:12,10,ܒܬܪܟ,,,,Peshitta,PESH
10,2 Samuel,7,12,2 Samuel 7:12,11,ܕܢܦܩ,,,,Peshitta,PESH
10,2 Samuel,7,12,2 Samuel 7:12,12,ܡܢ,,,,Peshitta,PESH
10,2 Samuel,7,12,2 Samuel 7:12,13,ܚܨܟ,,,,Peshitta,PESH
10,2 Samuel,7,12,2 Samuel 7:12,14,ܘܐܬܩܢ,,,,Peshitta,PESH
10,2 Samuel,7,12,2 Samuel 7:12,15,ܡܠܟܘܬܗ,,,,Peshitta,PESH
10,2 Samuel,7,13,2 Samuel 7:13,1,ܘܗ̣ܘ,,,,Peshitta,PESH
10,2 Samuel,7,13,2 Samuel 7:13,2,ܢܒܢܐ,,,,Peshitta,PESH
10,2 Samuel,7,13,2 Samuel 7:13,3,ܒܝܬܐ,,,,Peshitta,PESH
10,2 Samuel,7,13,2 Samuel 7:13,4,ܠܫܡܝ,,,,Peshitta,PESH
10,2 Samuel,7,13,2 Samuel 7:13,5,ܘܐܬܩܢ,,,,Peshitta,PESH
10,2 Samuel,7,13,2 Samuel 7:13,6,ܟܘܪܣܝܐ,,,,Peshitta,PESH
10,2 Samuel,7,13,2 Samuel 7:13,7,ܕܡܠܟܘܬܗ,,,,Peshitta,PESH
10,2 Samuel,7,13,2 Samuel 7:13,8,ܥܕܡܐ,,,,Peshitta,PESH
10,2 Samuel,7,13,2 Samuel 7:13,9,ܠܥܠܡ,,,,Peshitta,PESH
10,2 Samuel,7,14,2 Samuel 7:14,1,ܐܢܐ,,,,Peshitta,PESH
10,2 Samuel,7,14,2 Samuel 7:14,2,ܐܗܘܐ,,,,Peshitta,PESH
10,2 Samuel,7,14,2 Samuel 7:14,3,ܠܗ,,,,Peshitta,PESH
10,2 Samuel,7,14,2 Samuel 7:14,4,ܠܐܒܐ,,,,Peshitta,PESH
10,2 Samuel,7,14,2 Samuel 7:14,5,ܘܗܘ,,,,Peshitta,PESH
10,2 Samuel,7,14,2 Samuel 7:14,6,ܢܗܘܐ,,,,Peshitta,PESH
10,2 Samuel,7,14,2 Samuel 7:14,7,ܠܝ,,,,Peshitta,PESH
10,2 Samuel,7,14,2 Samuel 7:14,8,ܠܒܪܐ,,,,Peshitta,PESH
10,2 Samuel,7,14,2 Samuel 7:14,9,ܘܒܣܟܠܘܬܗ,,,,Peshitta,PESH
10,2 Samuel,7,14,2 Samuel 7:14,10,ܐܟܣܝܘܗܝ,,,,Peshitta,PESH
10,2 Samuel,7,14,2 Samuel 7:14,11,ܒܫܒܛܐ,,,,Peshitta,PESH
10,2 Samuel,7,14,2 Samuel 7:14,12,ܕܓܒܪܐ,,,,Peshitta,PESH
10,2 Samuel,7,14,2 Samuel 7:14,13,ܘܒܢܓܕܐ,,,,Peshitta,PESH
10,2 Samuel,7,14,2 Samuel 7:14,14,ܕܒܢ̈ܝ,,,,Peshitta,PESH
10,2 Samuel,7,14,2 Samuel 7:14,15,ܐܢܫܐ,,,,Peshitta,PESH
10,2 Samuel,7,15,2 Samuel 7:15,1,ܘܚܣܕܝ,,,,Peshitta,PESH
10,2 Samuel,7,15,2 Samuel 7:15,2,ܠܐ,,,,Peshitta,PESH
10,2 Samuel,7,15,2 Samuel 7:15,3,ܐܥܒܪ,,,,Peshitta,PESH
10,2 Samuel,7,15,2 Samuel 7:15,4,ܡܢܗ,,,,Peshitta,PESH
10,2 Samuel,7,15,2 Samuel 7:15,5,ܐܝܟܢܐ,,,,Peshitta,PESH
10,2 Samuel,7,15,2 Samuel 7:15,6,ܕܐܥܒܪܬ,,,,Peshitta,PESH
10,2 Samuel,7,15,2 Samuel 7:15,7,ܡܢ,,,,Peshitta,PESH
10,2 Samuel,7,15,2 Samuel 7:15,8,ܫܐܘܠ,,,,Peshitta,PESH
10,2 Samuel,7,15,2 Samuel 7:15,9,ܕܗܘܐ,,,,Peshitta,PESH
10,2 Samuel,7,15,2 Samuel 7:15,10,ܡܢ,,,,Peshitta,PESH
10,2 Samuel,7,15,2 Samuel 7:15,11,ܩܕܡܝܟ,,,,Peshitta,PESH
10,2 Samuel,7,15,2 Samuel 7:15,12,ܘܐܥܒܪܬܗ,,,,Peshitta,PESH
10,2 Samuel,7,15,2 Samuel 7:15,13,ܡܢ,,,,Peshitta,PESH
10,2 Samuel,7,15,2 Samuel 7:15,14,ܩܕܡܝ,,,,Peshitta,PESH
10,2 Samuel,7,16,2 Samuel 7:16,1,ܘܢܗܘܐ,,,,Peshitta,PESH
10,2 Samuel,7,16,2 Samuel 7:16,2,ܡܗܝܡܢ,,,,Peshitta,PESH
10,2 Samuel,7,16,2 Samuel 7:16,3,ܒܝܬܟ,,,,Peshitta,PESH
10,2 Samuel,7,16,2 Samuel 7:16,4,ܘܡܠܟܘܬܟ,,,,Peshitta,PESH
10,2 Samuel,7,16,2 Samuel 7:16,5,ܥܕܡܐ,,,,Peshitta,PESH
10,2 Samuel,7,16,2 Samuel 7:16,6,ܠܥܠܡ,,,,Peshitta,PESH
10,2 Samuel,7,16,2 Samuel 7:16,7,ܩܕܡܝ,,,,Peshitta,PESH
10,2 Samuel,7,16,2 Samuel 7:16,8,ܘܟܘܪܣܝܟ,,,,Peshitta,PESH
10,2 Samuel,7,16,2 Samuel 7:16,9,ܢܬܩܢ,,,,Peshitta,PESH
10,2 Samuel,7,16,2 Samuel 7:16,10,ܩܕܡܝ,,,,Peshitta,PESH
10,2 Samuel,7,16,2 Samuel 7:16,11,ܥܕܡܐ,,,,Peshitta,PESH
10,2 Samuel,7,16,2 Samuel 7:16,12,ܠܥܠܡ,,,,Peshitta,PESH
10,2 Samuel,7,17,2 Samuel 7:17,1,ܟܘܠܗܝܢ,,,,Peshitta,PESH
10,2 Samuel,7,17,2 Samuel 7:17,2,ܡ̈ܠܐ,,,,Peshitta,PESH
10,2 Samuel,7,17,2 Samuel 7:17,3,ܗܠܝܢ,,,,Peshitta,PESH
10,2 Samuel,7,17,2 Samuel 7:17,4,ܘܟܠܗ,,,,Peshitta,PESH
10,2 Samuel,7,17,2 Samuel 7:17,5,ܚܙܘܐ,,,,Peshitta,PESH
10,2 Samuel,7,17,2 Samuel 7:17,6,ܗܢܐ,,,,Peshitta,PESH
10,2 Samuel,7,17,2 Samuel 7:17,7,ܗܟܢܐ,,,,Peshitta,PESH
10,2 Samuel,7,17,2 Samuel 7:17,8,ܐܡܪ,,,,Peshitta,PESH
10,2 Samuel,7,17,2 Samuel 7:17,9,ܢܬܢ,,,,Peshitta,PESH
10,2 Samuel,7,17,2 Samuel 7:17,10,ܢܒܝܐ,,,,Peshitta,PESH
10,2 Samuel,7,17,2 Samuel 7:17,11,ܠܕܘܝܕ,,,,Peshitta,PESH
10,2 Samuel,7,18,2 Samuel 7:18,1,ܘܐܬܐ,,,,Peshitta,PESH
10,2 Samuel,7,18,2 Samuel 7:18,2,ܡܠܟܐ,,,,Peshitta,PESH
10,2 Samuel,7,18,2 Samuel 7:18,3,ܕܘܝܕ,,,,Peshitta,PESH
10,2 Samuel,7,18,2 Samuel 7:18,4,ܘܝܬܒ,,,,Peshitta,PESH
10,2 Samuel,7,18,2 Samuel 7:18,5,ܩܕܡ,,,,Peshitta,PESH
10,2 Samuel,7,18,2 Samuel 7:18,6,ܡܪܝܐ,,,,Peshitta,PESH
10,2 Samuel,7,18,2 Samuel 7:18,7,ܘܐܡܪ,,,,Peshitta,PESH
10,2 Samuel,7,18,2 Samuel 7:18,8,ܡ̇ܢ,,,,Peshitta,PESH
10,2 Samuel,7,18,2 Samuel 7:18,9,ܐܢܐ,,,,Peshitta,PESH
10,2 Samuel,7,18,2 Samuel 7:18,10,ܡܪܝܐ,,,,Peshitta,PESH
10,2 Samuel,7,18,2 Samuel 7:18,11,ܐܠܗܐ,,,,Peshitta,PESH
10,2 Samuel,7,18,2 Samuel 7:18,12,ܘܡܢܐ,,,,Peshitta,PESH
10,2 Samuel,7,18,2 Samuel 7:18,13,ܗܘ,,,,Peshitta,PESH
10,2 Samuel,7,18,2 Samuel 7:18,14,ܒܝܬܝ,,,,Peshitta,PESH
10,2 Samuel,7,18,2 Samuel 7:18,15,ܕܡܛܝܬܢܝ,,,,Peshitta,PESH
10,2 Samuel,7,18,2 Samuel 7:18,16,ܥܕܡܐ,,,,Peshitta,PESH
10,2 Samuel,7,18,2 Samuel 7:18,17,ܠܗܪܟܐ,,,,Peshitta,PESH
10,2 Samuel,7,19,2 Samuel 7:19,1,ܒܨܝܪܐ,,,,Peshitta,PESH
10,2 Samuel,7,19,2 Samuel 7:19,2,ܗܝ,,,,Peshitta,PESH
10,2 Samuel,7,19,2 Samuel 7:19,3,ܗܕܐ,,,,Peshitta,PESH
10,2 Samuel,7,19,2 Samuel 7:19,4,ܒܥܝܢ̈ܝܟ,,,,Peshitta,PESH
10,2 Samuel,7,19,2 Samuel 7:19,5,ܡܪܝܐ,,,,Peshitta,PESH
10,2 Samuel,7,19,2 Samuel 7:19,6,ܐܠܗܐ,,,,Peshitta,PESH
10,2 Samuel,7,19,2 Samuel 7:19,7,ܕܐܡܪܬ,,,,Peshitta,PESH
10,2 Samuel,7,19,2 Samuel 7:19,8,ܥܠ,,,,Peshitta,PESH
10,2 Samuel,7,19,2 Samuel 7:19,9,ܒܝܬ,,,,Peshitta,PESH
10,2 Samuel,7,19,2 Samuel 7:19,10,ܥܒܕܟ,,,,Peshitta,PESH
10,2 Samuel,7,19,2 Samuel 7:19,11,ܡܢ,,,,Peshitta,PESH
10,2 Samuel,7,19,2 Samuel 7:19,12,ܪܘܚܩܐ,,,,Peshitta,PESH
10,2 Samuel,7,19,2 Samuel 7:19,13,ܗܢܘ,,,,Peshitta,PESH
10,2 Samuel,7,19,2 Samuel 7:19,14,ܝܘܠܦܢܗ,,,,Peshitta,PESH
10,2 Samuel,7,19,2 Samuel 7:19,15,ܕܐܢܫܐ,,,,Peshitta,PESH
10,2 Samuel,7,19,2 Samuel 7:19,16,ܡܪܝܐ,,,,Peshitta,PESH
10,2 Samuel,7,19,2 Samuel 7:19,17,ܐܠܗܐ,,,,Peshitta,PESH
10,2 Samuel,7,20,2 Samuel 7:20,1,ܘܡܢܐ,,,,Peshitta,PESH
10,2 Samuel,7,20,2 Samuel 7:20,2,ܬܘܒ,,,,Peshitta,PESH
10,2 Samuel,7,20,2 Samuel 7:20,3,ܢܘܣܦ,,,,Peshitta,PESH
10,2 Samuel,7,20,2 Samuel 7:20,4,ܥܒܕܟ,,,,Peshitta,PESH
10,2 Samuel,7,20,2 Samuel 7:20,5,ܕܘܝܕ,,,,Peshitta,PESH
10,2 Samuel,7,20,2 Samuel 7:20,6,ܕܢܐܡܪ,,,,Peshitta,PESH
10,2 Samuel,7,20,2 Samuel 7:20,7,ܠܟ,,,,Peshitta,PESH
10,2 Samuel,7,20,2 Samuel 7:20,8,ܐܢܬ,,,,Peshitta,PESH
10,2 Samuel,7,20,2 Samuel 7:20,9,ܝܕܥ,,,,Peshitta,PESH
10,2 Samuel,7,20,2 Samuel 7:20,10,ܐܢܬ,,,,Peshitta,PESH
10,2 Samuel,7,20,2 Samuel 7:20,11,ܠܗ,,,,Peshitta,PESH
10,2 Samuel,7,20,2 Samuel 7:20,12,ܠܥܒܕܟ,,,,Peshitta,PESH
10,2 Samuel,7,20,2 Samuel 7:20,13,ܡܪܝܐ,,,,Peshitta,PESH
10,2 Samuel,7,20,2 Samuel 7:20,14,ܐܠܗܐ,,,,Peshitta,PESH
10,2 Samuel,7,21,2 Samuel 7:21,1,ܡܛܠ,,,,Peshitta,PESH
10,2 Samuel,7,21,2 Samuel 7:21,2,ܦܬ̈ܓܡܝܟ,,,,Peshitta,PESH
10,2 Samuel,7,21,2 Samuel 7:21,3,ܘܐܝܟ,,,,Peshitta,PESH
10,2 Samuel,7,21,2 Samuel 7:21,4,ܠܒܟ,,,,Peshitta,PESH
10,2 Samuel,7,21,2 Samuel 7:21,5,ܥܒܕܬ,,,,Peshitta,PESH
10,2 Samuel,7,21,2 Samuel 7:21,6,ܗܕܐ,,,,Peshitta,PESH
10,2 Samuel,7,21,2 Samuel 7:21,7,ܟܠܗ̇,,,,Peshitta,PESH
10,2 Samuel,7,21,2 Samuel 7:21,8,ܪܒܘܬܐ,,,,Peshitta,PESH
10,2 Samuel,7,21,2 Samuel 7:21,9,ܠܡܘܕܥܘ,,,,Peshitta,PESH
10,2 Samuel,7,21,2 Samuel 7:21,10,ܠܥܒܕܟ,,,,Peshitta,PESH
10,2 Samuel,7,22,2 Samuel 7:22,1,ܡܛܠ,,,,Peshitta,PESH
10,2 Samuel,7,22,2 Samuel 7:22,2,ܗܢܐ,,,,Peshitta,PESH
10,2 Samuel,7,22,2 Samuel 7:22,3,ܪܒ,,,,Peshitta,PESH
10,2 Samuel,7,22,2 Samuel 7:22,4,ܐܢܬ,,,,Peshitta,PESH
10,2 Samuel,7,22,2 Samuel 7:22,5,ܡܪܝܐ,,,,Peshitta,PESH
10,2 Samuel,7,22,2 Samuel 7:22,6,ܐܠܗܐ,,,,Peshitta,PESH
10,2 Samuel,7,22,2 Samuel 7:22,7,ܡܛܠ,,,,Peshitta,PESH
10,2 Samuel,7,22,2 Samuel 7:22,8,ܕܠܝܬ,,,,Peshitta,PESH
10,2 Samuel,7,22,2 Samuel 7:22,9,ܐܟܘܬܟ,,,,Peshitta,PESH
10,2 Samuel,7,22,2 Samuel 7:22,10,ܘܠܝܬ,,,,Peshitta,PESH
10,2 Samuel,7,22,2 Samuel 7:22,11,ܐܠܗ,,,,Peshitta,PESH
10,2 Samuel,7,22,2 Samuel 7:22,12,ܠܒܪ,,,,Peshitta,PESH
10,2 Samuel,7,22,2 Samuel 7:22,13,ܡܢܟ,,,,Peshitta,PESH
10,2 Samuel,7,22,2 Samuel 7:22,14,ܕܫܡܥܢ,,,,Peshitta,PESH
10,2 Samuel,7,22,2 Samuel 7:22,15,ܒܐ̈ܕܢܝܢ,,,,Peshitta,PESH
10,2 Samuel,7,23,2 Samuel 7:23,1,ܘܡܢܘ,,,,Peshitta,PESH
10,2 Samuel,7,23,2 Samuel 7:23,2,ܐܝܟ,,,,Peshitta,PESH
10,2 Samuel,7,23,2 Samuel 7:23,3,ܥܡܟ,,,,Peshitta,PESH
10,2 Samuel,7,23,2 Samuel 7:23,4,ܐܝܣܪܝܠ,,,,Peshitta,PESH
10,2 Samuel,7,23,2 Samuel 7:23,5,ܥܡܐ,,,,Peshitta,PESH
10,2 Samuel,7,23,2 Samuel 7:23,6,ܚܕ,,,,Peshitta,PESH
10,2 Samuel,7,23,2 Samuel 7:23,7,ܒܐܪܥܐ,,,,Peshitta,PESH
10,2 Samuel,7,23,2 Samuel 7:23,8,ܕܐܙܠ,,,,Peshitta,PESH
10,2 Samuel,7,23,2 Samuel 7:23,9,ܐܠܗܐ,,,,Peshitta,PESH
10,2 Samuel,7,23,2 Samuel 7:23,10,ܠܡܦܪܩ,,,,Peshitta,PESH
10,2 Samuel,7,23,2 Samuel 7:23,11,ܠܗ,,,,Peshitta,PESH
10,2 Samuel,7,23,2 Samuel 7:23,12,ܥܡܐ,,,,Peshitta,PESH
10,2 Samuel,7,23,2 Samuel 7:23,13,ܘܠܡܥܒܕ,,,,Peshitta,PESH
10,2 Samuel,7,23,2 Samuel 7:23,14,ܠܗ,,,,Peshitta,PESH
10,2 Samuel,7,23,2 Samuel 7:23,15,ܫܡܐ,,,,Peshitta,PESH
10,2 Samuel,7,23,2 Samuel 7:23,16,ܘܠܡܥܒܕ,,,,Peshitta,PESH
10,2 Samuel,7,23,2 Samuel 7:23,17,ܠܗ,,,,Peshitta,PESH
10,2 Samuel,7,23,2 Samuel 7:23,18,ܪܒܘܬܐ,,,,Peshitta,PESH
10,2 Samuel,7,23,2 Samuel 7:23,19,ܘܚ̈ܙܘܢܐ,,,,Peshitta,PESH
10,2 Samuel,7,23,2 Samuel 7:23,20,ܥܠ,,,,Peshitta,PESH
10,2 Samuel,7,23,2 Samuel 7:23,21,ܐܪܥܐ,,,,Peshitta,PESH
10,2 Samuel,7,23,2 Samuel 7:23,22,ܐܝܟ,,,,Peshitta,PESH
10,2 Samuel,7,23,2 Samuel 7:23,23,ܕܡܢ,,,,Peshitta,PESH
10,2 Samuel,7,23,2 Samuel 7:23,24,ܩܕܝܡ,,,,Peshitta,PESH
10,2 Samuel,7,23,2 Samuel 7:23,25,ܥܠ,,,,Peshitta,PESH
10,2 Samuel,7,23,2 Samuel 7:23,26,ܥܡܟ,,,,Peshitta,PESH
10,2 Samuel,7,23,2 Samuel 7:23,27,ܕܦܪܩܬ,,,,Peshitta,PESH
10,2 Samuel,7,23,2 Samuel 7:23,28,ܠܟ,,,,Peshitta,PESH
10,2 Samuel,7,23,2 Samuel 7:23,29,ܡܢ,,,,Peshitta,PESH
10,2 Samuel,7,23,2 Samuel 7:23,30,ܡܨܪܝܢ,,,,Peshitta,PESH
10,2 Samuel,7,23,2 Samuel 7:23,31,ܥܡܐ,,,,Peshitta,PESH
10,2 Samuel,7,23,2 Samuel 7:23,32,ܕܐܢܬ,,,,Peshitta,PESH
10,2 Samuel,7,23,2 Samuel 7:23,33,ܐܠܗܗ,,,,Peshitta,PESH
10,2 Samuel,7,24,2 Samuel 7:24,1,ܘܬܩܢܬ,,,,Peshitta,PESH
10,2 Samuel,7,24,2 Samuel 7:24,2,ܠܟ,,,,Peshitta,PESH
10,2 Samuel,7,24,2 Samuel 7:24,3,ܠܥܡܟ,,,,Peshitta,PESH
10,2 Samuel,7,24,2 Samuel 7:24,4,ܐܝܣܪܝܠ,,,,Peshitta,PESH
10,2 Samuel,7,24,2 Samuel 7:24,5,ܕܢܗܘܐ,,,,Peshitta,PESH
10,2 Samuel,7,24,2 Samuel 7:24,6,ܠܟ,,,,Peshitta,PESH
10,2 Samuel,7,24,2 Samuel 7:24,7,ܥܡܐ,,,,Peshitta,PESH
10,2 Samuel,7,24,2 Samuel 7:24,8,ܥܕܡܐ,,,,Peshitta,PESH
10,2 Samuel,7,24,2 Samuel 7:24,9,ܠܥܠܡ,,,,Peshitta,PESH
10,2 Samuel,7,24,2 Samuel 7:24,10,ܘܐܢܬ,,,,Peshitta,PESH
10,2 Samuel,7,24,2 Samuel 7:24,11,ܡܪܝܐ,,,,Peshitta,PESH
10,2 Samuel,7,24,2 Samuel 7:24,12,ܗܘܝܬ,,,,Peshitta,PESH
10,2 Samuel,7,24,2 Samuel 7:24,13,ܠܗܘܢ,,,,Peshitta,PESH
10,2 Samuel,7,24,2 Samuel 7:24,14,ܐܠܗܐ,,,,Peshitta,PESH
10,2 Samuel,7,25,2 Samuel 7:25,1,ܘܗܫܐ,,,,Peshitta,PESH
10,2 Samuel,7,25,2 Samuel 7:25,2,ܡܪܝܐ,,,,Peshitta,PESH
10,2 Samuel,7,25,2 Samuel 7:25,3,ܐܠܗܐ,,,,Peshitta,PESH
10,2 Samuel,7,25,2 Samuel 7:25,4,ܡܠܬܐ,,,,Peshitta,PESH
10,2 Samuel,7,25,2 Samuel 7:25,5,ܕܐܡܪܬ,,,,Peshitta,PESH
10,2 Samuel,7,25,2 Samuel 7:25,6,ܥܠ,,,,Peshitta,PESH
10,2 Samuel,7,25,2 Samuel 7:25,7,ܥܒܕܟ,,,,Peshitta,PESH
10,2 Samuel,7,25,2 Samuel 7:25,8,ܘܥܠ,,,,Peshitta,PESH
10,2 Samuel,7,25,2 Samuel 7:25,9,ܒܝܬܗ,,,,Peshitta,PESH
10,2 Samuel,7,25,2 Samuel 7:25,10,ܐܫܪ,,,,Peshitta,PESH
10,2 Samuel,7,25,2 Samuel 7:25,11,ܥܕܡܐ,,,,Peshitta,PESH
10,2 Samuel,7,25,2 Samuel 7:25,12,ܠܥܠܡ,,,,Peshitta,PESH
10,2 Samuel,7,25,2 Samuel 7:25,13,ܘܥܒܕ,,,,Peshitta,PESH
10,2 Samuel,7,25,2 Samuel 7:25,14,ܐܝܟ,,,,Peshitta,PESH
10,2 Samuel,7,25,2 Samuel 7:25,15,ܕܐܡܪܬ,,,,Peshitta,PESH
10,2 Samuel,7,26,2 Samuel 7:26,1,ܘܢܐܪܒ,,,,Peshitta,PESH
10,2 Samuel,7,26,2 Samuel 7:26,2,ܫܡܟ,,,,Peshitta,PESH
10,2 Samuel,7,26,2 Samuel 7:26,3,ܥܕܡܐ,,,,Peshitta,PESH
10,2 Samuel,7,26,2 Samuel 7:26,4,ܠܥܠܡ,,,,Peshitta,PESH
10,2 Samuel,7,26,2 Samuel 7:26,5,ܐܝܟ,,,,Peshitta,PESH
10,2 Samuel,7,26,2 Samuel 7:26,6,ܕܐܡܪܬ,,,,Peshitta,PESH
10,2 Samuel,7,26,2 Samuel 7:26,7,ܡܪܝܐ,,,,Peshitta,PESH
10,2 Samuel,7,26,2 Samuel 7:26,8,ܚܝܠܬܢܐ,,,,Peshitta,PESH
10,2 Samuel,7,26,2 Samuel 7:26,9,ܐܠܗܐ,,,,Peshitta,PESH
10,2 Samuel,7,26,2 Samuel 7:26,10,ܕܐܝܣܪܝܠ,,,,Peshitta,PESH
10,2 Samuel,7,26,2 Samuel 7:26,11,ܘܒܝܬܗ,,,,Peshitta,PESH
10,2 Samuel,7,26,2 Samuel 7:26,12,ܕܥܒܕܟ,,,,Peshitta,PESH
10,2 Samuel,7,26,2 Samuel 7:26,13,ܕܘܝܕ,,,,Peshitta,PESH
10,2 Samuel,7,26,2 Samuel 7:26,14,ܢܗܘܐ,,,,Peshitta,PESH
10,2 Samuel,7,26,2 Samuel 7:26,15,ܡܬܩܢ,,,,Peshitta,PESH
10,2 Samuel,7,26,2 Samuel 7:26,16,ܩܕܡܝܟ,,,,Peshitta,PESH
10,2 Samuel,7,26,2 Samuel 7:26,17,ܥܕܡܐ,,,,Peshitta,PESH
10,2 Samuel,7,26,2 Samuel 7:26,18,ܠܥܠܡ,,,,Peshitta,PESH
10,2 Samuel,7,27,2 Samuel 7:27,1,ܡܛܘܠ,,,,Peshitta,PESH
10,2 Samuel,7,27,2 Samuel 7:27,2,ܕܐܢܬ,,,,Peshitta,PESH
10,2 Samuel,7,27,2 Samuel 7:27,3,ܡܪܝܐ,,,,Peshitta,PESH
10,2 Samuel,7,27,2 Samuel 7:27,4,ܚܝܠܬܢܐ,,,,Peshitta,PESH
10,2 Samuel,7,27,2 Samuel 7:27,5,ܐܠܗܐ,,,,Peshitta,PESH
10,2 Samuel,7,27,2 Samuel 7:27,6,ܕܐܝܣܪܝܠ,,,,Peshitta,PESH
10,2 Samuel,7,27,2 Samuel 7:27,7,ܓܠܝܬ,,,,Peshitta,PESH
10,2 Samuel,7,27,2 Samuel 7:27,8,ܠܐܕܢܗ,,,,Peshitta,PESH
10,2 Samuel,7,27,2 Samuel 7:27,9,ܕܥܒܕܟ,,,,Peshitta,PESH
10,2 Samuel,7,27,2 Samuel 7:27,10,ܘܐܡܪܬ,,,,Peshitta,PESH
10,2 Samuel,7,27,2 Samuel 7:27,11,ܕܐܒܢܐ,,,,Peshitta,PESH
10,2 Samuel,7,27,2 Samuel 7:27,12,ܠܟ,,,,Peshitta,PESH
10,2 Samuel,7,27,2 Samuel 7:27,13,ܒܝܬܐ,,,,Peshitta,PESH
10,2 Samuel,7,27,2 Samuel 7:27,14,ܡܛܠ,,,,Peshitta,PESH
10,2 Samuel,7,27,2 Samuel 7:27,15,ܗܢܐ,,,,Peshitta,PESH
10,2 Samuel,7,27,2 Samuel 7:27,16,ܐܬܪܥܝ,,,,Peshitta,PESH
10,2 Samuel,7,27,2 Samuel 7:27,17,ܥܒܕܟ,,,,Peshitta,PESH
10,2 Samuel,7,27,2 Samuel 7:27,18,ܒܠܒܗ,,,,Peshitta,PESH
10,2 Samuel,7,27,2 Samuel 7:27,19,ܠܡܨܠܝܘ,,,,Peshitta,PESH
10,2 Samuel,7,27,2 Samuel 7:27,20,ܩܕܡܝܟ,,,,Peshitta,PESH
10,2 Samuel,7,27,2 Samuel 7:27,21,ܨܠܘܬܐ,,,,Peshitta,PESH
10,2 Samuel,7,27,2 Samuel 7:27,22,ܗܕܐ,,,,Peshitta,PESH
10,2 Samuel,7,28,2 Samuel 7:28,1,ܘܗܫܐ,,,,Peshitta,PESH
10,2 Samuel,7,28,2 Samuel 7:28,2,ܡܪܝܐ,,,,Peshitta,PESH
10,2 Samuel,7,28,2 Samuel 7:28,3,ܐܠܗܐ,,,,Peshitta,PESH
10,2 Samuel,7,28,2 Samuel 7:28,4,ܐܢܬ,,,,Peshitta,PESH
10,2 Samuel,7,28,2 Samuel 7:28,5,ܗܘ,,,,Peshitta,PESH
10,2 Samuel,7,28,2 Samuel 7:28,6,ܐܠܗܐ,,,,Peshitta,PESH
10,2 Samuel,7,28,2 Samuel 7:28,7,ܘܡ̈ܠܝܟ,,,,Peshitta,PESH
10,2 Samuel,7,28,2 Samuel 7:28,8,ܢܗ̈ܘܝܢ,,,,Peshitta,PESH
10,2 Samuel,7,28,2 Samuel 7:28,9,ܫܪ̈ܝܪܢ,,,,Peshitta,PESH
10,2 Samuel,7,28,2 Samuel 7:28,10,ܕܐܡܪܬ,,,,Peshitta,PESH
10,2 Samuel,7,28,2 Samuel 7:28,11,ܥܠ,,,,Peshitta,PESH
10,2 Samuel,7,28,2 Samuel 7:28,12,ܥܒܕܟ,,,,Peshitta,PESH
10,2 Samuel,7,28,2 Samuel 7:28,13,ܛܒܬܐ,,,,Peshitta,PESH
10,2 Samuel,7,28,2 Samuel 7:28,14,ܗܕܐ,,,,Peshitta,PESH
10,2 Samuel,7,29,2 Samuel 7:29,1,ܡܟܝܠ,,,,Peshitta,PESH
10,2 Samuel,7,29,2 Samuel 7:29,2,ܫܪܐ,,,,Peshitta,PESH
10,2 Samuel,7,29,2 Samuel 7:29,3,ܘܒܪܟ,,,,Peshitta,PESH
10,2 Samuel,7,29,2 Samuel 7:29,4,ܒܝܬܗ,,,,Peshitta,PESH
10,2 Samuel,7,29,2 Samuel 7:29,5,ܕܥܒܕܟ,,,,Peshitta,PESH
10,2 Samuel,7,29,2 Samuel 7:29,6,ܕܢܗܘܐ,,,,Peshitta,PESH
10,2 Samuel,7,29,2 Samuel 7:29,7,ܩܕܡܝܟ,,,,Peshitta,PESH
10,2 Samuel,7,29,2 Samuel 7:29,8,ܠܥܠܡ,,,,Peshitta,PESH
10,2 Samuel,7,29,2 Samuel 7:29,9,ܡܛܠ,,,,Peshitta,PESH
10,2 Samuel,7,29,2 Samuel 7:29,10,ܕܐܢܬ,,,,Peshitta,PESH
10,2 Samuel,7,29,2 Samuel 7:29,11,ܡܪܝܐ,,,,Peshitta,PESH
10,2 Samuel,7,29,2 Samuel 7:29,12,ܐܠܗܐ,,,,Peshitta,PESH
10,2 Samuel,7,29,2 Samuel 7:29,13,ܡܠܠܬ,,,,Peshitta,PESH
10,2 Samuel,7,29,2 Samuel 7:29,14,ܘܡܢ,,,,Peshitta,PESH
10,2 Samuel,7,29,2 Samuel 7:29,15,ܒܘܪܟܬܟ,,,,Peshitta,PESH
10,2 Samuel,7,29,2 Samuel 7:29,16,ܢܬܒܪܟ,,,,Peshitta,PESH
10,2 Samuel,7,29,2 Samuel 7:29,17,ܒܝܬ,,,,Peshitta,PESH
10,2 Samuel,7,29,2 Samuel 7:29,18,ܥܒܕܟ,,,,Peshitta,PESH
10,2 Samuel,7,29,2 Samuel 7:29,19,ܥܕܡܐ,,,,Peshitta,PESH
10,2 Samuel,7,29,2 Samuel 7:29,20,ܠܥܠܡ,,,,Peshitta,PESH
10,2 Samuel,8,1,2 Samuel 8:1,1,ܘܗܘܐ,,,,Peshitta,PESH
10,2 Samuel,8,1,2 Samuel 8:1,2,ܡܢ,,,,Peshitta,PESH
10,2 Samuel,8,1,2 Samuel 8:1,3,ܒܬܪܟܢ,,,,Peshitta,PESH
10,2 Samuel,8,1,2 Samuel 8:1,4,ܘܡܚܐ,,,,Peshitta,PESH
10,2 Samuel,8,1,2 Samuel 8:1,5,ܕܘܝܕ,,,,Peshitta,PESH
10,2 Samuel,8,1,2 Samuel 8:1,6,ܠܦܠܫܬ̈ܝܐ,,,,Peshitta,PESH
10,2 Samuel,8,1,2 Samuel 8:1,7,ܘܬܒܪ,,,,Peshitta,PESH
10,2 Samuel,8,1,2 Samuel 8:1,8,ܐܢܘܢ,,,,Peshitta,PESH
10,2 Samuel,8,1,2 Samuel 8:1,9,ܘܢܣܒ,,,,Peshitta,PESH
10,2 Samuel,8,1,2 Samuel 8:1,10,ܕܘܝܕ,,,,Peshitta,PESH
10,2 Samuel,8,1,2 Samuel 8:1,11,ܠܪܡܬ,,,,Peshitta,PESH
10,2 Samuel,8,1,2 Samuel 8:1,12,ܓܡܐ,,,,Peshitta,PESH
10,2 Samuel,8,1,2 Samuel 8:1,13,ܡܢ,,,,Peshitta,PESH
10,2 Samuel,8,1,2 Samuel 8:1,14,ܦܠܫܬ̈ܝܐ,,,,Peshitta,PESH
10,2 Samuel,8,2,2 Samuel 8:2,1,ܘܡܚܐ,,,,Peshitta,PESH
10,2 Samuel,8,2,2 Samuel 8:2,2,ܠܡܘܐ̈ܒܝܐ,,,,Peshitta,PESH
10,2 Samuel,8,2,2 Samuel 8:2,3,ܘܡܫܚ,,,,Peshitta,PESH
10,2 Samuel,8,2,2 Samuel 8:2,4,ܐܢܘܢ,,,,Peshitta,PESH
10,2 Samuel,8,2,2 Samuel 8:2,5,ܒܚ̈ܒܠܐ,,,,Peshitta,PESH
10,2 Samuel,8,2,2 Samuel 8:2,6,ܘܐܫܟܒ,,,,Peshitta,PESH
10,2 Samuel,8,2,2 Samuel 8:2,7,ܐܢܘܢ,,,,Peshitta,PESH
10,2 Samuel,8,2,2 Samuel 8:2,8,ܥܠ,,,,Peshitta,PESH
10,2 Samuel,8,2,2 Samuel 8:2,9,ܐܪܥܐ,,,,Peshitta,PESH
10,2 Samuel,8,2,2 Samuel 8:2,10,ܘܡܫܚ,,,,Peshitta,PESH
10,2 Samuel,8,2,2 Samuel 8:2,11,ܬܪ̈ܝܢ,,,,Peshitta,PESH
10,2 Samuel,8,2,2 Samuel 8:2,12,ܚܒ̈ܠܝܢ,,,,Peshitta,PESH
10,2 Samuel,8,2,2 Samuel 8:2,13,ܠܡܩܛܠ,,,,Peshitta,PESH
10,2 Samuel,8,2,2 Samuel 8:2,14,ܘܡܠܐ,,,,Peshitta,PESH
10,2 Samuel,8,2,2 Samuel 8:2,15,ܚܒܠܐ,,,,Peshitta,PESH
10,2 Samuel,8,2,2 Samuel 8:2,16,ܠܡܚܝܘ,,,,Peshitta,PESH
10,2 Samuel,8,2,2 Samuel 8:2,17,ܘܗܘܘ,,,,Peshitta,PESH
10,2 Samuel,8,2,2 Samuel 8:2,18,ܡܘܐ̈ܒܝܐ,,,,Peshitta,PESH
10,2 Samuel,8,2,2 Samuel 8:2,19,ܥܒ̈ܕܐ,,,,Peshitta,PESH
10,2 Samuel,8,2,2 Samuel 8:2,20,ܠܕܘܝܕ,,,,Peshitta,PESH
10,2 Samuel,8,2,2 Samuel 8:2,21,ܡܩܪ̈ܒܝ,,,,Peshitta,PESH
10,2 Samuel,8,2,2 Samuel 8:2,22,ܩܘܪ̈ܒܢܐ,,,,Peshitta,PESH
10,2 Samuel,8,3,2 Samuel 8:3,1,ܘܡܚܐ,,,,Peshitta,PESH
10,2 Samuel,8,3,2 Samuel 8:3,2,ܕܘܝܕ,,,,Peshitta,PESH
10,2 Samuel,8,3,2 Samuel 8:3,3,ܠܗܕܪܥܙܪ,,,,Peshitta,PESH
10,2 Samuel,8,3,2 Samuel 8:3,4,ܒܪ,,,,Peshitta,PESH
10,2 Samuel,8,3,2 Samuel 8:3,5,ܪܚܘܒ,,,,Peshitta,PESH
10,2 Samuel,8,3,2 Samuel 8:3,6,ܡܠܟܐ,,,,Peshitta,PESH
10,2 Samuel,8,3,2 Samuel 8:3,7,ܕܨܘܒܐ,,,,Peshitta,PESH
10,2 Samuel,8,3,2 Samuel 8:3,8,ܟܕ,,,,Peshitta,PESH
10,2 Samuel,8,3,2 Samuel 8:3,9,ܐܙܠ,,,,Peshitta,PESH
10,2 Samuel,8,3,2 Samuel 8:3,10,ܕܢܗܦܟ,,,,Peshitta,PESH
10,2 Samuel,8,3,2 Samuel 8:3,11,ܐܝܕܗ,,,,Peshitta,PESH
10,2 Samuel,8,3,2 Samuel 8:3,12,ܒܢܗܪܐ,,,,Peshitta,PESH
10,2 Samuel,8,3,2 Samuel 8:3,13,ܦܪܬ,,,,Peshitta,PESH
10,2 Samuel,8,4,2 Samuel 8:4,1,ܘܚܪܒ,,,,Peshitta,PESH
10,2 Samuel,8,4,2 Samuel 8:4,2,ܕܘܝܕ,,,,Peshitta,PESH
10,2 Samuel,8,4,2 Samuel 8:4,3,ܡܢܗ,,,,Peshitta,PESH
10,2 Samuel,8,4,2 Samuel 8:4,4,ܐܠܦ,,,,Peshitta,PESH
10,2 Samuel,8,4,2 Samuel 8:4,5,ܘܫܒܥܡܐܐ,,,,Peshitta,PESH
10,2 Samuel,8,4,2 Samuel 8:4,6,ܡܪ̈ܟܒܢ,,,,Peshitta,PESH
10,2 Samuel,8,4,2 Samuel 8:4,7,ܘܥܣܪ̈ܝܢ,,,,Peshitta,PESH
10,2 Samuel,8,4,2 Samuel 8:4,8,ܐ̈ܠܦܝܢ,,,,Peshitta,PESH
10,2 Samuel,8,4,2 Samuel 8:4,9,ܓܒܪ̈ܝܢ,,,,Peshitta,PESH
10,2 Samuel,8,4,2 Samuel 8:4,10,ܪ̈ܓܠܝܝܢ,,,,Peshitta,PESH
10,2 Samuel,8,4,2 Samuel 8:4,11,ܘܥܩܪ,,,,Peshitta,PESH
10,2 Samuel,8,4,2 Samuel 8:4,12,ܕܘܝܕ,,,,Peshitta,PESH
10,2 Samuel,8,4,2 Samuel 8:4,13,ܟܠܗܝܢ,,,,Peshitta,PESH
10,2 Samuel,8,4,2 Samuel 8:4,14,ܡܪ̈ܟܒܬܐ,,,,Peshitta,PESH
10,2 Samuel,8,4,2 Samuel 8:4,15,ܘܫܒܩ,,,,Peshitta,PESH
10,2 Samuel,8,4,2 Samuel 8:4,16,ܡܢܗܝܢ,,,,Peshitta,PESH
10,2 Samuel,8,4,2 Samuel 8:4,17,ܡܐܐ,,,,Peshitta,PESH
10,2 Samuel,8,4,2 Samuel 8:4,18,ܡܪ̈ܟܒܢ,,,,Peshitta,PESH
10,2 Samuel,8,5,2 Samuel 8:5,1,ܘܐܬܬ,,,,Peshitta,PESH
10,2 Samuel,8,5,2 Samuel 8:5,2,ܐܕܘܡ,,,,Peshitta,PESH
10,2 Samuel,8,5,2 Samuel 8:5,3,ܘܕܪܡܣܘܩ,,,,Peshitta,PESH
10,2 Samuel,8,5,2 Samuel 8:5,4,ܠܡܥܕܪܘ,,,,Peshitta,PESH
10,2 Samuel,8,5,2 Samuel 8:5,5,ܠܗܕܪܥܙܪ,,,,Peshitta,PESH
10,2 Samuel,8,5,2 Samuel 8:5,6,ܡܠܟܐ,,,,Peshitta,PESH
10,2 Samuel,8,5,2 Samuel 8:5,7,ܕܨܘܒܐ,,,,Peshitta,PESH
10,2 Samuel,8,5,2 Samuel 8:5,8,ܘܡܚܐ,,,,Peshitta,PESH
10,2 Samuel,8,5,2 Samuel 8:5,9,ܕܘܝܕ,,,,Peshitta,PESH
10,2 Samuel,8,5,2 Samuel 8:5,10,ܒܐܕܘܡ,,,,Peshitta,PESH
10,2 Samuel,8,5,2 Samuel 8:5,11,ܥܣܪ̈ܝܢ,,,,Peshitta,PESH
10,2 Samuel,8,5,2 Samuel 8:5,12,ܘܬܪ̈ܝܢ,,,,Peshitta,PESH
10,2 Samuel,8,5,2 Samuel 8:5,13,ܐ̈ܠܦܝܢ,,,,Peshitta,PESH
10,2 Samuel,8,6,2 Samuel 8:6,1,ܘܐܩܝܡ,,,,Peshitta,PESH
10,2 Samuel,8,6,2 Samuel 8:6,2,ܕܘܝܕ,,,,Peshitta,PESH
10,2 Samuel,8,6,2 Samuel 8:6,3,ܩܝ̈ܘܡܐ,,,,Peshitta,PESH
10,2 Samuel,8,6,2 Samuel 8:6,4,ܒܐܕܘܡ,,,,Peshitta,PESH
10,2 Samuel,8,6,2 Samuel 8:6,5,ܘܒܕܪܡܣܘܩ,,,,Peshitta,PESH
10,2 Samuel,8,6,2 Samuel 8:6,6,ܘܗܘܘ,,,,Peshitta,PESH
10,2 Samuel,8,6,2 Samuel 8:6,7,ܐܕ̈ܘܡܝܐ,,,,Peshitta,PESH
10,2 Samuel,8,6,2 Samuel 8:6,8,ܠܕܘܝܕ,,,,Peshitta,PESH
10,2 Samuel,8,6,2 Samuel 8:6,9,ܥܒ̈ܕܐ,,,,Peshitta,PESH
10,2 Samuel,8,6,2 Samuel 8:6,10,ܡܣ̈ܩܝ,,,,Peshitta,PESH
10,2 Samuel,8,6,2 Samuel 8:6,11,ܡܕܐܬܐ,,,,Peshitta,PESH
10,2 Samuel,8,6,2 Samuel 8:6,12,ܘܦܪܩ,,,,Peshitta,PESH
10,2 Samuel,8,6,2 Samuel 8:6,13,ܡܪܝܐ,,,,Peshitta,PESH
10,2 Samuel,8,6,2 Samuel 8:6,14,ܠܕܘܝܕ,,,,Peshitta,PESH
10,2 Samuel,8,6,2 Samuel 8:6,15,ܠܟܪ,,,,Peshitta,PESH
10,2 Samuel,8,6,2 Samuel 8:6,16,ܕܐܙܠ,,,,Peshitta,PESH
10,2 Samuel,8,7,2 Samuel 8:7,1,ܘܢܣܒ,,,,Peshitta,PESH
10,2 Samuel,8,7,2 Samuel 8:7,2,ܕܘܝܕ,,,,Peshitta,PESH
10,2 Samuel,8,7,2 Samuel 8:7,3,ܫ̈ܠܛܐ,,,,Peshitta,PESH
10,2 Samuel,8,7,2 Samuel 8:7,4,ܕܕܗܒܐ,,,,Peshitta,PESH
10,2 Samuel,8,7,2 Samuel 8:7,5,ܕܐܝܬ,,,,Peshitta,PESH
10,2 Samuel,8,7,2 Samuel 8:7,6,ܗܘܘ,,,,Peshitta,PESH
10,2 Samuel,8,7,2 Samuel 8:7,7,ܥܠ,,,,Peshitta,PESH
10,2 Samuel,8,7,2 Samuel 8:7,8,ܥܒ̈ܕܘܗܝ,,,,Peshitta,PESH
10,2 Samuel,8,7,2 Samuel 8:7,9,ܕܗܕܪܥܙܪ,,,,Peshitta,PESH
10,2 Samuel,8,7,2 Samuel 8:7,10,ܘܢܣܒ,,,,Peshitta,PESH
10,2 Samuel,8,7,2 Samuel 8:7,11,ܡܠܟܐ,,,,Peshitta,PESH
10,2 Samuel,8,7,2 Samuel 8:7,12,ܕܘܝܕ,,,,Peshitta,PESH
10,2 Samuel,8,7,2 Samuel 8:7,13,ܢܚܫܐ,,,,Peshitta,PESH
10,2 Samuel,8,7,2 Samuel 8:7,14,ܣܘܓܐܐ,,,,Peshitta,PESH
10,2 Samuel,8,7,2 Samuel 8:7,15,ܕܛܒ,,,,Peshitta,PESH
10,2 Samuel,8,7,2 Samuel 8:7,16,ܘܐܝܬܝ,,,,Peshitta,PESH
10,2 Samuel,8,7,2 Samuel 8:7,17,ܐܢܘܢ,,,,Peshitta,PESH
10,2 Samuel,8,7,2 Samuel 8:7,18,ܠܐܘܪܫܠܡ,,,,Peshitta,PESH
10,2 Samuel,8,8,2 Samuel 8:8,1,ܡܢ,,,,Peshitta,PESH
10,2 Samuel,8,8,2 Samuel 8:8,2,ܛܒܚ,,,,Peshitta,PESH
10,2 Samuel,8,8,2 Samuel 8:8,3,ܘܡܢ,,,,Peshitta,PESH
10,2 Samuel,8,8,2 Samuel 8:8,4,ܒܪܘܬܝ,,,,Peshitta,PESH
10,2 Samuel,8,8,2 Samuel 8:8,5,ܩܘܪ̈ܝܗ,,,,Peshitta,PESH
10,2 Samuel,8,8,2 Samuel 8:8,6,ܕܗܕܪܥܙܪ,,,,Peshitta,PESH
10,2 Samuel,8,9,2 Samuel 8:9,1,ܘܫܡܥ,,,,Peshitta,PESH
10,2 Samuel,8,9,2 Samuel 8:9,2,ܬܘܥ,,,,Peshitta,PESH
10,2 Samuel,8,9,2 Samuel 8:9,3,ܡܠܟܐ,,,,Peshitta,PESH
10,2 Samuel,8,9,2 Samuel 8:9,4,ܕܚܡܬ,,,,Peshitta,PESH
10,2 Samuel,8,9,2 Samuel 8:9,5,ܕܡܚܐ,,,,Peshitta,PESH
10,2 Samuel,8,9,2 Samuel 8:9,6,ܕܘܝܕ,,,,Peshitta,PESH
10,2 Samuel,8,9,2 Samuel 8:9,7,ܠܟܘܠܗ,,,,Peshitta,PESH
10,2 Samuel,8,9,2 Samuel 8:9,8,ܚܝܠܐ,,,,Peshitta,PESH
10,2 Samuel,8,9,2 Samuel 8:9,9,ܕܗܕܪܥܙܪ,,,,Peshitta,PESH
10,2 Samuel,8,10,2 Samuel 8:10,1,ܘܫܕܪ,,,,Peshitta,PESH
10,2 Samuel,8,10,2 Samuel 8:10,2,ܬܘܥ,,,,Peshitta,PESH
10,2 Samuel,8,10,2 Samuel 8:10,3,ܠܝܘܪܡ,,,,Peshitta,PESH
10,2 Samuel,8,10,2 Samuel 8:10,4,ܒܪܗ,,,,Peshitta,PESH
10,2 Samuel,8,10,2 Samuel 8:10,5,ܠܘܬ,,,,Peshitta,PESH
10,2 Samuel,8,10,2 Samuel 8:10,6,ܡܠܟܐ,,,,Peshitta,PESH
10,2 Samuel,8,10,2 Samuel 8:10,7,ܕܘܝܕ,,,,Peshitta,PESH
10,2 Samuel,8,10,2 Samuel 8:10,8,ܕܢܫܐܠ,,,,Peshitta,PESH
10,2 Samuel,8,10,2 Samuel 8:10,9,ܒܫܠܡܗ,,,,Peshitta,PESH
10,2 Samuel,8,10,2 Samuel 8:10,10,ܘܢܒܪܟܝܘܗܝ,,,,Peshitta,PESH
10,2 Samuel,8,10,2 Samuel 8:10,11,ܥܠ,,,,Peshitta,PESH
10,2 Samuel,8,10,2 Samuel 8:10,12,ܕܐܬܟܬܫ,,,,Peshitta,PESH
10,2 Samuel,8,10,2 Samuel 8:10,13,ܥܡ,,,,Peshitta,PESH
10,2 Samuel,8,10,2 Samuel 8:10,14,ܗܕܪܥܙܪ,,,,Peshitta,PESH
10,2 Samuel,8,10,2 Samuel 8:10,15,ܘܡܚܝܗܝ,,,,Peshitta,PESH
10,2 Samuel,8,10,2 Samuel 8:10,16,ܡܛܠ,,,,Peshitta,PESH
10,2 Samuel,8,10,2 Samuel 8:10,17,ܕܓܒܪܐ,,,,Peshitta,PESH
10,2 Samuel,8,10,2 Samuel 8:10,18,ܗܘܐ,,,,Peshitta,PESH
10,2 Samuel,8,10,2 Samuel 8:10,19,ܩܪܒܬܢܐ,,,,Peshitta,PESH
10,2 Samuel,8,10,2 Samuel 8:10,20,ܗܕܪܥܙܪ,,,,Peshitta,PESH
10,2 Samuel,8,10,2 Samuel 8:10,21,ܘܢܣܒ,,,,Peshitta,PESH
10,2 Samuel,8,10,2 Samuel 8:10,22,ܒܐܝܕܗ,,,,Peshitta,PESH
10,2 Samuel,8,10,2 Samuel 8:10,23,ܝܘܪܡ,,,,Peshitta,PESH
10,2 Samuel,8,10,2 Samuel 8:10,24,ܒܪ,,,,Peshitta,PESH
10,2 Samuel,8,10,2 Samuel 8:10,25,ܬܘܥ,,,,Peshitta,PESH
10,2 Samuel,8,10,2 Samuel 8:10,26,ܡܐ̈ܢܝ,,,,Peshitta,PESH
10,2 Samuel,8,10,2 Samuel 8:10,27,ܟܣܦܐ,,,,Peshitta,PESH
10,2 Samuel,8,10,2 Samuel 8:10,28,ܘܡܐ̈ܢܝ,,,,Peshitta,PESH
10,2 Samuel,8,10,2 Samuel 8:10,29,ܕܗܒܐ,,,,Peshitta,PESH
10,2 Samuel,8,10,2 Samuel 8:10,30,ܘܡܐ̈ܢܝ,,,,Peshitta,PESH
10,2 Samuel,8,10,2 Samuel 8:10,31,ܢܚܫܐ,,,,Peshitta,PESH
10,2 Samuel,8,10,2 Samuel 8:10,32,ܘܐܝܬܝ,,,,Peshitta,PESH
10,2 Samuel,8,10,2 Samuel 8:10,33,ܠܕܘܝܕ,,,,Peshitta,PESH
10,2 Samuel,8,11,2 Samuel 8:11,1,ܘܐܦ,,,,Peshitta,PESH
10,2 Samuel,8,11,2 Samuel 8:11,2,ܠܗܘܢ,,,,Peshitta,PESH
10,2 Samuel,8,11,2 Samuel 8:11,3,ܩ̇ܕܫ,,,,Peshitta,PESH
10,2 Samuel,8,11,2 Samuel 8:11,4,ܡܠܟܐ,,,,Peshitta,PESH
10,2 Samuel,8,11,2 Samuel 8:11,5,ܕܘܝܕ,,,,Peshitta,PESH
10,2 Samuel,8,11,2 Samuel 8:11,6,ܠܡܪܝܐ,,,,Peshitta,PESH
10,2 Samuel,8,11,2 Samuel 8:11,7,ܥܡ,,,,Peshitta,PESH
10,2 Samuel,8,11,2 Samuel 8:11,8,ܟܣܦܐ,,,,Peshitta,PESH
10,2 Samuel,8,11,2 Samuel 8:11,9,ܘܕܗܒܐ,,,,Peshitta,PESH
10,2 Samuel,8,11,2 Samuel 8:11,10,ܕܩ̇ܕܫ,,,,Peshitta,PESH
10,2 Samuel,8,11,2 Samuel 8:11,11,ܡܢ,,,,Peshitta,PESH
10,2 Samuel,8,11,2 Samuel 8:11,12,ܟܘܠܗܘܢ,,,,Peshitta,PESH
10,2 Samuel,8,11,2 Samuel 8:11,13,ܥܡ̈ܡܐ,,,,Peshitta,PESH
10,2 Samuel,8,11,2 Samuel 8:11,14,ܕܟܒܫ,,,,Peshitta,PESH
10,2 Samuel,8,12,2 Samuel 8:12,1,ܡܢ,,,,Peshitta,PESH
10,2 Samuel,8,12,2 Samuel 8:12,2,ܐܕܘܡ,,,,Peshitta,PESH
10,2 Samuel,8,12,2 Samuel 8:12,3,ܘܡܢ,,,,Peshitta,PESH
10,2 Samuel,8,12,2 Samuel 8:12,4,ܡܘܐܒ,,,,Peshitta,PESH
10,2 Samuel,8,12,2 Samuel 8:12,5,ܘܡܢ,,,,Peshitta,PESH
10,2 Samuel,8,12,2 Samuel 8:12,6,ܒܢ̈ܝ,,,,Peshitta,PESH
10,2 Samuel,8,12,2 Samuel 8:12,7,ܥܡܘܢ,,,,Peshitta,PESH
10,2 Samuel,8,12,2 Samuel 8:12,8,ܘܡܢ,,,,Peshitta,PESH
10,2 Samuel,8,12,2 Samuel 8:12,9,ܒܢ̈ܝ,,,,Peshitta,PESH
10,2 Samuel,8,12,2 Samuel 8:12,10,ܦܠܫܬ̈ܝܐ,,,,Peshitta,PESH
10,2 Samuel,8,12,2 Samuel 8:12,11,ܘܡܢ,,,,Peshitta,PESH
10,2 Samuel,8,12,2 Samuel 8:12,12,ܒܢ̈ܝ,,,,Peshitta,PESH
10,2 Samuel,8,12,2 Samuel 8:12,13,ܥܡ̈ܠܩܝܐ,,,,Peshitta,PESH
10,2 Samuel,8,12,2 Samuel 8:12,14,ܘܡܢ,,,,Peshitta,PESH
10,2 Samuel,8,12,2 Samuel 8:12,15,ܫܘܠܛܢܗ,,,,Peshitta,PESH
10,2 Samuel,8,12,2 Samuel 8:12,16,ܕܗܕܪܥܙܪ,,,,Peshitta,PESH
10,2 Samuel,8,12,2 Samuel 8:12,17,ܒܪ,,,,Peshitta,PESH
10,2 Samuel,8,12,2 Samuel 8:12,18,ܪܚܘܒ,,,,Peshitta,PESH
10,2 Samuel,8,12,2 Samuel 8:12,19,ܡܠܟܐ,,,,Peshitta,PESH
10,2 Samuel,8,12,2 Samuel 8:12,20,ܕܨܘܒܐ,,,,Peshitta,PESH
10,2 Samuel,8,13,2 Samuel 8:13,1,ܘܥܒܕ,,,,Peshitta,PESH
10,2 Samuel,8,13,2 Samuel 8:13,2,ܬܡܢ,,,,Peshitta,PESH
10,2 Samuel,8,13,2 Samuel 8:13,3,ܕܘܝܕ,,,,Peshitta,PESH
10,2 Samuel,8,13,2 Samuel 8:13,4,ܩܪܒܐ,,,,Peshitta,PESH
10,2 Samuel,8,13,2 Samuel 8:13,5,ܟܕ,,,,Peshitta,PESH
10,2 Samuel,8,13,2 Samuel 8:13,6,ܗܦܟ,,,,Peshitta,PESH
10,2 Samuel,8,13,2 Samuel 8:13,7,ܡܢ,,,,Peshitta,PESH
10,2 Samuel,8,13,2 Samuel 8:13,8,ܒܬܪ,,,,Peshitta,PESH
10,2 Samuel,8,13,2 Samuel 8:13,9,ܕܡܚܐ,,,,Peshitta,PESH
10,2 Samuel,8,13,2 Samuel 8:13,10,ܗܘܐ,,,,Peshitta,PESH
10,2 Samuel,8,13,2 Samuel 8:13,11,ܠܐܕܘܡ,,,,Peshitta,PESH
10,2 Samuel,8,13,2 Samuel 8:13,12,ܒܢܚܠܐ,,,,Peshitta,PESH
10,2 Samuel,8,13,2 Samuel 8:13,13,ܕܡܠܚܐ,,,,Peshitta,PESH
10,2 Samuel,8,13,2 Samuel 8:13,14,ܚܪܒ,,,,Peshitta,PESH
10,2 Samuel,8,13,2 Samuel 8:13,15,ܬܡܢܬܥܣܪ̈,,,,Peshitta,PESH
10,2 Samuel,8,13,2 Samuel 8:13,16,ܐ̈ܠܦܝܢ,,,,Peshitta,PESH
10,2 Samuel,8,14,2 Samuel 8:14,1,ܘܐܩܝܡ,,,,Peshitta,PESH
10,2 Samuel,8,14,2 Samuel 8:14,2,ܕܘܝܕ,,,,Peshitta,PESH
10,2 Samuel,8,14,2 Samuel 8:14,3,ܩܝ̈ܘܡܐ,,,,Peshitta,PESH
10,2 Samuel,8,14,2 Samuel 8:14,4,ܒܟܘܠܗ̇,,,,Peshitta,PESH
10,2 Samuel,8,14,2 Samuel 8:14,5,ܐܕܘܡ,,,,Peshitta,PESH
10,2 Samuel,8,14,2 Samuel 8:14,6,ܘܗܘܘ,,,,Peshitta,PESH
10,2 Samuel,8,14,2 Samuel 8:14,7,ܟܠܗܘܢ,,,,Peshitta,PESH
10,2 Samuel,8,14,2 Samuel 8:14,8,ܐ̈ܕܘܡܝܐ,,,,Peshitta,PESH
10,2 Samuel,8,14,2 Samuel 8:14,9,ܥܒ̈ܕܐ,,,,Peshitta,PESH
10,2 Samuel,8,14,2 Samuel 8:14,10,ܠܕܘܝܕ,,,,Peshitta,PESH
10,2 Samuel,8,14,2 Samuel 8:14,11,ܘܦܪܩ,,,,Peshitta,PESH
10,2 Samuel,8,14,2 Samuel 8:14,12,ܡܪܝܐ,,,,Peshitta,PESH
10,2 Samuel,8,14,2 Samuel 8:14,13,ܠܕܘܝܕ,,,,Peshitta,PESH
10,2 Samuel,8,14,2 Samuel 8:14,14,ܠܟܪ,,,,Peshitta,PESH
10,2 Samuel,8,14,2 Samuel 8:14,15,ܕܐܙܠ,,,,Peshitta,PESH
10,2 Samuel,8,15,2 Samuel 8:15,1,ܘܐܡܠܟ,,,,Peshitta,PESH
10,2 Samuel,8,15,2 Samuel 8:15,2,ܕܘܝܕ,,,,Peshitta,PESH
10,2 Samuel,8,15,2 Samuel 8:15,3,ܥܠ,,,,Peshitta,PESH
10,2 Samuel,8,15,2 Samuel 8:15,4,ܟܠܗ,,,,Peshitta,PESH
10,2 Samuel,8,15,2 Samuel 8:15,5,ܐܝܣܪܝܠ,,,,Peshitta,PESH
10,2 Samuel,8,15,2 Samuel 8:15,6,ܘܗܘܐ,,,,Peshitta,PESH
10,2 Samuel,8,15,2 Samuel 8:15,7,ܕܘܝܕ,,,,Peshitta,PESH
10,2 Samuel,8,15,2 Samuel 8:15,8,ܥܒ̇ܕ,,,,Peshitta,PESH
10,2 Samuel,8,15,2 Samuel 8:15,9,ܕܝܢܐ,,,,Peshitta,PESH
10,2 Samuel,8,15,2 Samuel 8:15,10,ܘܙܕܝܩܘܬܐ,,,,Peshitta,PESH
10,2 Samuel,8,15,2 Samuel 8:15,11,ܥܠ,,,,Peshitta,PESH
10,2 Samuel,8,15,2 Samuel 8:15,12,ܟܠܗ,,,,Peshitta,PESH
10,2 Samuel,8,15,2 Samuel 8:15,13,ܥܡܗ,,,,Peshitta,PESH
10,2 Samuel,8,16,2 Samuel 8:16,1,ܘܝܘܐܒ,,,,Peshitta,PESH
10,2 Samuel,8,16,2 Samuel 8:16,2,ܒܪ,,,,Peshitta,PESH
10,2 Samuel,8,16,2 Samuel 8:16,3,ܨܘܪܝܐ,,,,Peshitta,PESH
10,2 Samuel,8,16,2 Samuel 8:16,4,ܥܠ,,,,Peshitta,PESH
10,2 Samuel,8,16,2 Samuel 8:16,5,ܚܝܠܐ,,,,Peshitta,PESH
10,2 Samuel,8,16,2 Samuel 8:16,6,ܘܝܘܫܦܛ,,,,Peshitta,PESH
10,2 Samuel,8,16,2 Samuel 8:16,7,ܒܪ,,,,Peshitta,PESH
10,2 Samuel,8,16,2 Samuel 8:16,8,ܐܚܝܠܘܕ,,,,Peshitta,PESH
10,2 Samuel,8,16,2 Samuel 8:16,9,ܡܥܗܕܢܐ,,,,Peshitta,PESH
10,2 Samuel,8,17,2 Samuel 8:17,1,ܘܨܕܘܩ,,,,Peshitta,PESH
10,2 Samuel,8,17,2 Samuel 8:17,2,ܒܪ,,,,Peshitta,PESH
10,2 Samuel,8,17,2 Samuel 8:17,3,ܐܚܝܛܘܒ,,,,Peshitta,PESH
10,2 Samuel,8,17,2 Samuel 8:17,4,ܓܠܝܘܢܝܐ,,,,Peshitta,PESH
10,2 Samuel,8,17,2 Samuel 8:17,5,ܘܐܒܝܬܪ,,,,Peshitta,PESH
10,2 Samuel,8,17,2 Samuel 8:17,6,ܒܪ,,,,Peshitta,PESH
10,2 Samuel,8,17,2 Samuel 8:17,7,ܐܚܝܡܠܟ,,,,Peshitta,PESH
10,2 Samuel,8,17,2 Samuel 8:17,8,ܟܗܢܐ,,,,Peshitta,PESH
10,2 Samuel,8,17,2 Samuel 8:17,9,ܘܫܪܝܐ,,,,Peshitta,PESH
10,2 Samuel,8,17,2 Samuel 8:17,10,ܣܦܪܐ,,,,Peshitta,PESH
10,2 Samuel,8,18,2 Samuel 8:18,1,ܘܒܢܝܐ,,,,Peshitta,PESH
10,2 Samuel,8,18,2 Samuel 8:18,2,ܒܪ,,,,Peshitta,PESH
10,2 Samuel,8,18,2 Samuel 8:18,3,ܝܘܝܕܥ,,,,Peshitta,PESH
10,2 Samuel,8,18,2 Samuel 8:18,4,ܥܠ,,,,Peshitta,PESH
10,2 Samuel,8,18,2 Samuel 8:18,5,ܚܐܪ̈ܐ,,,,Peshitta,PESH
10,2 Samuel,8,18,2 Samuel 8:18,6,ܘܥܠ,,,,Peshitta,PESH
10,2 Samuel,8,18,2 Samuel 8:18,7,ܦܠܚ̈ܐ,,,,Peshitta,PESH
10,2 Samuel,8,18,2 Samuel 8:18,8,ܘܒܢ̈ܝ,,,,Peshitta,PESH
10,2 Samuel,8,18,2 Samuel 8:18,9,ܕܘܝܕ,,,,Peshitta,PESH
10,2 Samuel,8,18,2 Samuel 8:18,10,ܪ̈ܘܪܒܝܢ,,,,Peshitta,PESH
10,2 Samuel,8,18,2 Samuel 8:18,11,ܗܘܘ,,,,Peshitta,PESH
10,2 Samuel,9,1,2 Samuel 9:1,1,ܘܐܡܪ,,,,Peshitta,PESH
10,2 Samuel,9,1,2 Samuel 9:1,2,ܕܘܝܕ,,,,Peshitta,PESH
10,2 Samuel,9,1,2 Samuel 9:1,3,ܐܝܬ,,,,Peshitta,PESH
10,2 Samuel,9,1,2 Samuel 9:1,4,ܟܝ,,,,Peshitta,PESH
10,2 Samuel,9,1,2 Samuel 9:1,5,ܐܢܫ,,,,Peshitta,PESH
10,2 Samuel,9,1,2 Samuel 9:1,6,ܕܐܫܬܚܪ,,,,Peshitta,PESH
10,2 Samuel,9,1,2 Samuel 9:1,7,ܡܢ,,,,Peshitta,PESH
10,2 Samuel,9,1,2 Samuel 9:1,8,ܕܒܝܬ,,,,Peshitta,PESH
10,2 Samuel,9,1,2 Samuel 9:1,9,ܫܐܘܠ,,,,Peshitta,PESH
10,2 Samuel,9,1,2 Samuel 9:1,10,ܐܥܒܕ,,,,Peshitta,PESH
10,2 Samuel,9,1,2 Samuel 9:1,11,ܥܠܘܗܝ,,,,Peshitta,PESH
10,2 Samuel,9,1,2 Samuel 9:1,12,ܪ̈ܚܡܐ,,,,Peshitta,PESH
10,2 Samuel,9,1,2 Samuel 9:1,13,ܡܛܠ,,,,Peshitta,PESH
10,2 Samuel,9,1,2 Samuel 9:1,14,ܝܘܢܬܢ,,,,Peshitta,PESH
10,2 Samuel,9,2,2 Samuel 9:2,1,ܘܠܒܝܬ,,,,Peshitta,PESH
10,2 Samuel,9,2,2 Samuel 9:2,2,ܫܐܘܠ,,,,Peshitta,PESH
10,2 Samuel,9,2,2 Samuel 9:2,3,ܐܝܬ,,,,Peshitta,PESH
10,2 Samuel,9,2,2 Samuel 9:2,4,ܗܘܐ,,,,Peshitta,PESH
10,2 Samuel,9,2,2 Samuel 9:2,5,ܥܒܕܐ,,,,Peshitta,PESH
10,2 Samuel,9,2,2 Samuel 9:2,6,ܘܫܡܗ,,,,Peshitta,PESH
10,2 Samuel,9,2,2 Samuel 9:2,7,ܨܝܒܐ,,,,Peshitta,PESH
10,2 Samuel,9,2,2 Samuel 9:2,8,ܘܩܪܐܘܗܝ,,,,Peshitta,PESH
10,2 Samuel,9,2,2 Samuel 9:2,9,ܠܘܬ,,,,Peshitta,PESH
10,2 Samuel,9,2,2 Samuel 9:2,10,ܕܘܝܕ,,,,Peshitta,PESH
10,2 Samuel,9,2,2 Samuel 9:2,11,ܘܐܡܪ,,,,Peshitta,PESH
10,2 Samuel,9,2,2 Samuel 9:2,12,ܠܗ,,,,Peshitta,PESH
10,2 Samuel,9,2,2 Samuel 9:2,13,ܡܠܟܐ,,,,Peshitta,PESH
10,2 Samuel,9,2,2 Samuel 9:2,14,ܐܢܬ,,,,Peshitta,PESH
10,2 Samuel,9,2,2 Samuel 9:2,15,ܗܘ,,,,Peshitta,PESH
10,2 Samuel,9,2,2 Samuel 9:2,16,ܨܝܒܐ,,,,Peshitta,PESH
10,2 Samuel,9,2,2 Samuel 9:2,17,ܘܐܡܪ,,,,Peshitta,PESH
10,2 Samuel,9,2,2 Samuel 9:2,18,ܐܢܐ,,,,Peshitta,PESH
10,2 Samuel,9,2,2 Samuel 9:2,19,ܥܒܕܟ,,,,Peshitta,PESH
10,2 Samuel,9,3,2 Samuel 9:3,1,ܘܐܡܪ,,,,Peshitta,PESH
10,2 Samuel,9,3,2 Samuel 9:3,2,ܠܗ,,,,Peshitta,PESH
10,2 Samuel,9,3,2 Samuel 9:3,3,ܡܠܟܐ,,,,Peshitta,PESH
10,2 Samuel,9,3,2 Samuel 9:3,4,ܐܝܬ,,,,Peshitta,PESH
10,2 Samuel,9,3,2 Samuel 9:3,5,ܬܘܒ,,,,Peshitta,PESH
10,2 Samuel,9,3,2 Samuel 9:3,6,ܐܢܫ,,,,Peshitta,PESH
10,2 Samuel,9,3,2 Samuel 9:3,7,ܡܢ,,,,Peshitta,PESH
10,2 Samuel,9,3,2 Samuel 9:3,8,ܕܒܝܬ,,,,Peshitta,PESH
10,2 Samuel,9,3,2 Samuel 9:3,9,ܫܐܘܠ,,,,Peshitta,PESH
10,2 Samuel,9,3,2 Samuel 9:3,10,ܐܥܒܕ,,,,Peshitta,PESH
10,2 Samuel,9,3,2 Samuel 9:3,11,ܥܠܘܗܝ,,,,Peshitta,PESH
10,2 Samuel,9,3,2 Samuel 9:3,12,ܪ̈ܚܡܐ,,,,Peshitta,PESH
10,2 Samuel,9,3,2 Samuel 9:3,13,ܡܛܠ,,,,Peshitta,PESH
10,2 Samuel,9,3,2 Samuel 9:3,14,ܐܠܗܐ,,,,Peshitta,PESH
10,2 Samuel,9,3,2 Samuel 9:3,15,ܘܐܡܪ,,,,Peshitta,PESH
10,2 Samuel,9,3,2 Samuel 9:3,16,ܨܝܒܐ,,,,Peshitta,PESH
10,2 Samuel,9,3,2 Samuel 9:3,17,ܠܡܠܟܐ,,,,Peshitta,PESH
10,2 Samuel,9,3,2 Samuel 9:3,18,ܩܝܡ,,,,Peshitta,PESH
10,2 Samuel,9,3,2 Samuel 9:3,19,ܒܪܐ,,,,Peshitta,PESH
10,2 Samuel,9,3,2 Samuel 9:3,20,ܠܝܘܢܬܢ,,,,Peshitta,PESH
10,2 Samuel,9,3,2 Samuel 9:3,21,ܘܡܣܪ̈ܚܢ,,,,Peshitta,PESH
10,2 Samuel,9,3,2 Samuel 9:3,22,ܪ̈ܓܠܘܗܝ,,,,Peshitta,PESH
10,2 Samuel,9,4,2 Samuel 9:4,1,ܐܡܪ,,,,Peshitta,PESH
10,2 Samuel,9,4,2 Samuel 9:4,2,ܠܗ,,,,Peshitta,PESH
10,2 Samuel,9,4,2 Samuel 9:4,3,ܡܠܟܐ,,,,Peshitta,PESH
10,2 Samuel,9,4,2 Samuel 9:4,4,ܐܝܟܘ,,,,Peshitta,PESH
10,2 Samuel,9,4,2 Samuel 9:4,5,ܐܡܪ,,,,Peshitta,PESH
10,2 Samuel,9,4,2 Samuel 9:4,6,ܨܝܒܐ,,,,Peshitta,PESH
10,2 Samuel,9,4,2 Samuel 9:4,7,ܠܡܠܟܐ,,,,Peshitta,PESH
10,2 Samuel,9,4,2 Samuel 9:4,8,ܗܐ,,,,Peshitta,PESH
10,2 Samuel,9,4,2 Samuel 9:4,9,ܒܝܬ,,,,Peshitta,PESH
10,2 Samuel,9,4,2 Samuel 9:4,10,ܡܟܝܪ,,,,Peshitta,PESH
10,2 Samuel,9,4,2 Samuel 9:4,11,ܗ̣ܘ,,,,Peshitta,PESH
10,2 Samuel,9,4,2 Samuel 9:4,12,ܒܪ,,,,Peshitta,PESH
10,2 Samuel,9,4,2 Samuel 9:4,13,ܓܡܝܠ,,,,Peshitta,PESH
10,2 Samuel,9,4,2 Samuel 9:4,14,ܡܢ,,,,Peshitta,PESH
10,2 Samuel,9,4,2 Samuel 9:4,15,ܠܘܕܒܪ,,,,Peshitta,PESH
10,2 Samuel,9,5,2 Samuel 9:5,1,ܘܫܕܪ,,,,Peshitta,PESH
10,2 Samuel,9,5,2 Samuel 9:5,2,ܡܠܟܐ,,,,Peshitta,PESH
10,2 Samuel,9,5,2 Samuel 9:5,3,ܘܕܒܪܗ,,,,Peshitta,PESH
10,2 Samuel,9,5,2 Samuel 9:5,4,ܡܢ,,,,Peshitta,PESH
10,2 Samuel,9,5,2 Samuel 9:5,5,ܒܝܬ,,,,Peshitta,PESH
10,2 Samuel,9,5,2 Samuel 9:5,6,ܡܟܝܪ,,,,Peshitta,PESH
10,2 Samuel,9,5,2 Samuel 9:5,7,ܒܪ,,,,Peshitta,PESH
10,2 Samuel,9,5,2 Samuel 9:5,8,ܓܡܝܠ,,,,Peshitta,PESH
10,2 Samuel,9,5,2 Samuel 9:5,9,ܡܢ,,,,Peshitta,PESH
10,2 Samuel,9,5,2 Samuel 9:5,10,ܠܘܕܒܪ,,,,Peshitta,PESH
10,2 Samuel,9,6,2 Samuel 9:6,1,ܘܐܬܐ,,,,Peshitta,PESH
10,2 Samuel,9,6,2 Samuel 9:6,2,ܡܦܝܒܫܬ,,,,Peshitta,PESH
10,2 Samuel,9,6,2 Samuel 9:6,3,ܒܪ,,,,Peshitta,PESH
10,2 Samuel,9,6,2 Samuel 9:6,4,ܝܘܢܬܢ,,,,Peshitta,PESH
10,2 Samuel,9,6,2 Samuel 9:6,5,ܒܪ,,,,Peshitta,PESH
10,2 Samuel,9,6,2 Samuel 9:6,6,ܫܐܘܠ,,,,Peshitta,PESH
10,2 Samuel,9,6,2 Samuel 9:6,7,ܠܘܬ,,,,Peshitta,PESH
10,2 Samuel,9,6,2 Samuel 9:6,8,ܕܘܝܕ,,,,Peshitta,PESH
10,2 Samuel,9,6,2 Samuel 9:6,9,ܘܢܦܠ,,,,Peshitta,PESH
10,2 Samuel,9,6,2 Samuel 9:6,10,ܥܠ,,,,Peshitta,PESH
10,2 Samuel,9,6,2 Samuel 9:6,11,ܐ̈ܦܘܗܝ,,,,Peshitta,PESH
10,2 Samuel,9,6,2 Samuel 9:6,12,ܘܣܓܕ,,,,Peshitta,PESH
10,2 Samuel,9,6,2 Samuel 9:6,13,ܘܐܡܪ,,,,Peshitta,PESH
10,2 Samuel,9,6,2 Samuel 9:6,14,ܠܗ,,,,Peshitta,PESH
10,2 Samuel,9,6,2 Samuel 9:6,15,ܕܘܝܕ,,,,Peshitta,PESH
10,2 Samuel,9,6,2 Samuel 9:6,16,ܡܦܝܒܫܬ,,,,Peshitta,PESH
10,2 Samuel,9,6,2 Samuel 9:6,17,ܘܐܡܪ,,,,Peshitta,PESH
10,2 Samuel,9,6,2 Samuel 9:6,18,ܐܬܐ,,,,Peshitta,PESH
10,2 Samuel,9,6,2 Samuel 9:6,19,ܥܒܕܟ,,,,Peshitta,PESH
10,2 Samuel,9,7,2 Samuel 9:7,1,ܐܡܪ,,,,Peshitta,PESH
10,2 Samuel,9,7,2 Samuel 9:7,2,ܠܗ,,,,Peshitta,PESH
10,2 Samuel,9,7,2 Samuel 9:7,3,ܕܘܝܕ,,,,Peshitta,PESH
10,2 Samuel,9,7,2 Samuel 9:7,4,ܠܐ,,,,Peshitta,PESH
10,2 Samuel,9,7,2 Samuel 9:7,5,ܬܕܚܠ,,,,Peshitta,PESH
10,2 Samuel,9,7,2 Samuel 9:7,6,ܡܛܠ,,,,Peshitta,PESH
10,2 Samuel,9,7,2 Samuel 9:7,7,ܕܥܒܕ,,,,Peshitta,PESH
10,2 Samuel,9,7,2 Samuel 9:7,8,ܐܢܐ,,,,Peshitta,PESH
10,2 Samuel,9,7,2 Samuel 9:7,9,ܥܡܟ,,,,Peshitta,PESH
10,2 Samuel,9,7,2 Samuel 9:7,10,ܛܝܒܘܬܐ,,,,Peshitta,PESH
10,2 Samuel,9,7,2 Samuel 9:7,11,ܡܛܠ,,,,Peshitta,PESH
10,2 Samuel,9,7,2 Samuel 9:7,12,ܝܘܢܬܢ,,,,Peshitta,PESH
10,2 Samuel,9,7,2 Samuel 9:7,13,ܐܒܘܟ,,,,Peshitta,PESH
10,2 Samuel,9,7,2 Samuel 9:7,14,ܘܡܦܢܐ,,,,Peshitta,PESH
10,2 Samuel,9,7,2 Samuel 9:7,15,ܐܢܐ,,,,Peshitta,PESH
10,2 Samuel,9,7,2 Samuel 9:7,16,ܠܟ,,,,Peshitta,PESH
10,2 Samuel,9,7,2 Samuel 9:7,17,ܟܠܗܝܢ,,,,Peshitta,PESH
10,2 Samuel,9,7,2 Samuel 9:7,18,ܚܩ̈ܠܬܐ,,,,Peshitta,PESH
10,2 Samuel,9,7,2 Samuel 9:7,19,ܕܫܐܘܠ,,,,Peshitta,PESH
10,2 Samuel,9,7,2 Samuel 9:7,20,ܐܒܘܟ,,,,Peshitta,PESH
10,2 Samuel,9,7,2 Samuel 9:7,21,ܘܐܢܬ,,,,Peshitta,PESH
10,2 Samuel,9,7,2 Samuel 9:7,22,ܬܗܘܐ,,,,Peshitta,PESH
10,2 Samuel,9,7,2 Samuel 9:7,23,ܐܟ̇ܠ,,,,Peshitta,PESH
10,2 Samuel,9,7,2 Samuel 9:7,24,ܠܚܡܐ,,,,Peshitta,PESH
10,2 Samuel,9,7,2 Samuel 9:7,25,ܥܠ,,,,Peshitta,PESH
10,2 Samuel,9,7,2 Samuel 9:7,26,ܦܬܘܪܝ,,,,Peshitta,PESH
10,2 Samuel,9,7,2 Samuel 9:7,27,ܐܡܝܢܐܝܬ,,,,Peshitta,PESH
10,2 Samuel,9,8,2 Samuel 9:8,1,ܘܣܓܕ,,,,Peshitta,PESH
10,2 Samuel,9,8,2 Samuel 9:8,2,ܘܐܡܪ,,,,Peshitta,PESH
10,2 Samuel,9,8,2 Samuel 9:8,3,ܡܢܐ,,,,Peshitta,PESH
10,2 Samuel,9,8,2 Samuel 9:8,4,ܚܫܝܒ,,,,Peshitta,PESH
10,2 Samuel,9,8,2 Samuel 9:8,5,ܥܒܕܟ,,,,Peshitta,PESH
10,2 Samuel,9,8,2 Samuel 9:8,6,ܕܚܪܬ,,,,Peshitta,PESH
10,2 Samuel,9,8,2 Samuel 9:8,7,ܒܝ,,,,Peshitta,PESH
10,2 Samuel,9,8,2 Samuel 9:8,8,ܕܐܝܟ,,,,Peshitta,PESH
10,2 Samuel,9,8,2 Samuel 9:8,9,ܟܠܒܐ,,,,Peshitta,PESH
10,2 Samuel,9,8,2 Samuel 9:8,10,ܐܢܐ,,,,Peshitta,PESH
10,2 Samuel,9,8,2 Samuel 9:8,11,ܡܝܬܐ,,,,Peshitta,PESH
10,2 Samuel,9,9,2 Samuel 9:9,1,ܘܩܪܐ,,,,Peshitta,PESH
10,2 Samuel,9,9,2 Samuel 9:9,2,ܡܠܟܐ,,,,Peshitta,PESH
10,2 Samuel,9,9,2 Samuel 9:9,3,ܠܨܝܒܐ,,,,Peshitta,PESH
10,2 Samuel,9,9,2 Samuel 9:9,4,ܘܐܡܪ,,,,Peshitta,PESH
10,2 Samuel,9,9,2 Samuel 9:9,5,ܠܗ,,,,Peshitta,PESH
10,2 Samuel,9,9,2 Samuel 9:9,6,ܟܠ,,,,Peshitta,PESH
10,2 Samuel,9,9,2 Samuel 9:9,7,ܕܐܝܬ,,,,Peshitta,PESH
10,2 Samuel,9,9,2 Samuel 9:9,8,ܗܘܐ,,,,Peshitta,PESH
10,2 Samuel,9,9,2 Samuel 9:9,9,ܠܫܐܘܠ,,,,Peshitta,PESH
10,2 Samuel,9,9,2 Samuel 9:9,10,ܘܠܟܠܗ,,,,Peshitta,PESH
10,2 Samuel,9,9,2 Samuel 9:9,11,ܒܝܬܗ,,,,Peshitta,PESH
10,2 Samuel,9,9,2 Samuel 9:9,12,ܝܗܒܬ,,,,Peshitta,PESH
10,2 Samuel,9,9,2 Samuel 9:9,13,ܠܒܪ,,,,Peshitta,PESH
10,2 Samuel,9,9,2 Samuel 9:9,14,ܡܪ̈ܝܟ,,,,Peshitta,PESH
10,2 Samuel,9,10,2 Samuel 9:10,1,ܘܬܦܠܘܚ,,,,Peshitta,PESH
10,2 Samuel,9,10,2 Samuel 9:10,2,ܠܗ,,,,Peshitta,PESH
10,2 Samuel,9,10,2 Samuel 9:10,3,ܐܪܥܐ,,,,Peshitta,PESH
10,2 Samuel,9,10,2 Samuel 9:10,4,ܐܢܬ,,,,Peshitta,PESH
10,2 Samuel,9,10,2 Samuel 9:10,5,ܘܒܢܝ̈ܟ,,,,Peshitta,PESH
10,2 Samuel,9,10,2 Samuel 9:10,6,ܘܥܒ̈ܕܝܟ,,,,Peshitta,PESH
10,2 Samuel,9,10,2 Samuel 9:10,7,ܘܬܥܠ,,,,Peshitta,PESH
10,2 Samuel,9,10,2 Samuel 9:10,8,ܠܒܪ,,,,Peshitta,PESH
10,2 Samuel,9,10,2 Samuel 9:10,9,ܡܪ̈ܝܟ,,,,Peshitta,PESH
10,2 Samuel,9,10,2 Samuel 9:10,10,ܠܚܡܐ,,,,Peshitta,PESH
10,2 Samuel,9,10,2 Samuel 9:10,11,ܘܢܐܟܘܠ,,,,Peshitta,PESH
10,2 Samuel,9,10,2 Samuel 9:10,12,ܘܡܦܝܒܫܬ,,,,Peshitta,PESH
10,2 Samuel,9,10,2 Samuel 9:10,13,ܒܪ,,,,Peshitta,PESH
10,2 Samuel,9,10,2 Samuel 9:10,14,ܡܪ̈ܝܟ,,,,Peshitta,PESH
10,2 Samuel,9,10,2 Samuel 9:10,15,ܢܗܘܐ,,,,Peshitta,PESH
10,2 Samuel,9,10,2 Samuel 9:10,16,ܐܟ̇ܠ,,,,Peshitta,PESH
10,2 Samuel,9,10,2 Samuel 9:10,17,ܠܚܡܐ,,,,Peshitta,PESH
10,2 Samuel,9,10,2 Samuel 9:10,18,ܥܠ,,,,Peshitta,PESH
10,2 Samuel,9,10,2 Samuel 9:10,19,ܦܬܘܪܝ,,,,Peshitta,PESH
10,2 Samuel,9,10,2 Samuel 9:10,20,ܐܡܝܢܐܝܬ,,,,Peshitta,PESH
10,2 Samuel,9,10,2 Samuel 9:10,21,ܘܠܨܝܒܐ,,,,Peshitta,PESH
10,2 Samuel,9,10,2 Samuel 9:10,22,ܐܝܬ,,,,Peshitta,PESH
10,2 Samuel,9,10,2 Samuel 9:10,23,ܗܘܐ,,,,Peshitta,PESH
10,2 Samuel,9,10,2 Samuel 9:10,24,ܠܗ,,,,Peshitta,PESH
10,2 Samuel,9,10,2 Samuel 9:10,25,ܚܡܫܬܥܣܪ̈,,,,Peshitta,PESH
10,2 Samuel,9,10,2 Samuel 9:10,26,ܒܢܝ̈ܢ,,,,Peshitta,PESH
10,2 Samuel,9,10,2 Samuel 9:10,27,ܘܥܣܪ̈ܝܢ,,,,Peshitta,PESH
10,2 Samuel,9,10,2 Samuel 9:10,28,ܥܒ̈ܕܝܢ,,,,Peshitta,PESH
10,2 Samuel,9,11,2 Samuel 9:11,1,ܘܐܡܪ,,,,Peshitta,PESH
10,2 Samuel,9,11,2 Samuel 9:11,2,ܨܝܒܐ,,,,Peshitta,PESH
10,2 Samuel,9,11,2 Samuel 9:11,3,ܠܡܠܟܐ,,,,Peshitta,PESH
10,2 Samuel,9,11,2 Samuel 9:11,4,ܟܠ,,,,Peshitta,PESH
10,2 Samuel,9,11,2 Samuel 9:11,5,ܕܦܩܕ,,,,Peshitta,PESH
10,2 Samuel,9,11,2 Samuel 9:11,6,ܡܪܝ,,,,Peshitta,PESH
10,2 Samuel,9,11,2 Samuel 9:11,7,ܡܠܟܐ,,,,Peshitta,PESH
10,2 Samuel,9,11,2 Samuel 9:11,8,ܠܥܒܕܗ,,,,Peshitta,PESH
10,2 Samuel,9,11,2 Samuel 9:11,9,ܗܟܢܐ,,,,Peshitta,PESH
10,2 Samuel,9,11,2 Samuel 9:11,10,ܥܒܕ,,,,Peshitta,PESH
10,2 Samuel,9,11,2 Samuel 9:11,11,ܥܒܕܟ,,,,Peshitta,PESH
10,2 Samuel,9,11,2 Samuel 9:11,12,ܘܡܦܝܒܫܬ,,,,Peshitta,PESH
10,2 Samuel,9,11,2 Samuel 9:11,13,ܐܟܠ,,,,Peshitta,PESH
10,2 Samuel,9,11,2 Samuel 9:11,14,ܗܘܐ,,,,Peshitta,PESH
10,2 Samuel,9,11,2 Samuel 9:11,15,ܠܚܡܐ,,,,Peshitta,PESH
10,2 Samuel,9,11,2 Samuel 9:11,16,ܥܠ,,,,Peshitta,PESH
10,2 Samuel,9,11,2 Samuel 9:11,17,ܦܬܘܪܗ,,,,Peshitta,PESH
10,2 Samuel,9,11,2 Samuel 9:11,18,ܕܡܠܟܐ,,,,Peshitta,PESH
10,2 Samuel,9,11,2 Samuel 9:11,19,ܐܝܟ,,,,Peshitta,PESH
10,2 Samuel,9,11,2 Samuel 9:11,20,ܚܕ,,,,Peshitta,PESH
10,2 Samuel,9,11,2 Samuel 9:11,21,ܡܢ,,,,Peshitta,PESH
10,2 Samuel,9,11,2 Samuel 9:11,22,ܒܢ̈ܝ,,,,Peshitta,PESH
10,2 Samuel,9,11,2 Samuel 9:11,23,ܡܠܟܐ,,,,Peshitta,PESH
10,2 Samuel,9,12,2 Samuel 9:12,1,ܘܠܡܦܝܒܫܬ,,,,Peshitta,PESH
10,2 Samuel,9,12,2 Samuel 9:12,2,ܐܝܬ,,,,Peshitta,PESH
10,2 Samuel,9,12,2 Samuel 9:12,3,ܗܘܐ,,,,Peshitta,PESH
10,2 Samuel,9,12,2 Samuel 9:12,4,ܠܗ,,,,Peshitta,PESH
10,2 Samuel,9,12,2 Samuel 9:12,5,ܒܪܐ,,,,Peshitta,PESH
10,2 Samuel,9,12,2 Samuel 9:12,6,ܙܥܘܪܐ,,,,Peshitta,PESH
10,2 Samuel,9,12,2 Samuel 9:12,7,ܘܫܡܗ,,,,Peshitta,PESH
10,2 Samuel,9,12,2 Samuel 9:12,8,ܡܝܟܐ,,,,Peshitta,PESH
10,2 Samuel,9,12,2 Samuel 9:12,9,ܘܟܠܗ,,,,Peshitta,PESH
10,2 Samuel,9,12,2 Samuel 9:12,10,ܝܬܒܐ,,,,Peshitta,PESH
10,2 Samuel,9,12,2 Samuel 9:12,11,ܕܒܝܬ,,,,Peshitta,PESH
10,2 Samuel,9,12,2 Samuel 9:12,12,ܨܝܒܐ,,,,Peshitta,PESH
10,2 Samuel,9,12,2 Samuel 9:12,13,ܗܘܘ,,,,Peshitta,PESH
10,2 Samuel,9,12,2 Samuel 9:12,14,ܥܒ̈ܕܐ,,,,Peshitta,PESH
10,2 Samuel,9,12,2 Samuel 9:12,15,ܕܡܦܝܒܫܬ,,,,Peshitta,PESH
10,2 Samuel,9,13,2 Samuel 9:13,1,ܘܡܦܝܒܫܬ,,,,Peshitta,PESH
10,2 Samuel,9,13,2 Samuel 9:13,2,ܝܬܒ,,,,Peshitta,PESH
10,2 Samuel,9,13,2 Samuel 9:13,3,ܗܘܐ,,,,Peshitta,PESH
10,2 Samuel,9,13,2 Samuel 9:13,4,ܒܐܘܪܫܠܡ,,,,Peshitta,PESH
10,2 Samuel,9,13,2 Samuel 9:13,5,ܡܛܠ,,,,Peshitta,PESH
10,2 Samuel,9,13,2 Samuel 9:13,6,ܕܥܠ,,,,Peshitta,PESH
10,2 Samuel,9,13,2 Samuel 9:13,7,ܦܬܘܪܐ,,,,Peshitta,PESH
10,2 Samuel,9,13,2 Samuel 9:13,8,ܕܡܠܟܐ,,,,Peshitta,PESH
10,2 Samuel,9,13,2 Samuel 9:13,9,ܐܡܝܢܐܝܬ,,,,Peshitta,PESH
10,2 Samuel,9,13,2 Samuel 9:13,10,ܠܥܣ,,,,Peshitta,PESH
10,2 Samuel,9,13,2 Samuel 9:13,11,ܗܘܐ,,,,Peshitta,PESH
10,2 Samuel,9,13,2 Samuel 9:13,12,ܘܡܣܪ̈ܚܢ,,,,Peshitta,PESH
10,2 Samuel,9,13,2 Samuel 9:13,13,ܗ̈ܘܝ,,,,Peshitta,PESH
10,2 Samuel,9,13,2 Samuel 9:13,14,ܬܪ̈ܬܝܗܝܢ,,,,Peshitta,PESH
10,2 Samuel,9,13,2 Samuel 9:13,15,ܪ̈ܓܠܘܗܝ,,,,Peshitta,PESH
10,2 Samuel,10,1,2 Samuel 10:1,1,ܘܡܢ,,,,Peshitta,PESH
10,2 Samuel,10,1,2 Samuel 10:1,2,ܒܬܪܟܝܢ,,,,Peshitta,PESH
10,2 Samuel,10,1,2 Samuel 10:1,3,ܡܝܬ,,,,Peshitta,PESH
10,2 Samuel,10,1,2 Samuel 10:1,4,ܡܠܟܐ,,,,Peshitta,PESH
10,2 Samuel,10,1,2 Samuel 10:1,5,ܕܒܢ̈ܝ,,,,Peshitta,PESH
10,2 Samuel,10,1,2 Samuel 10:1,6,ܥܡܘܢ,,,,Peshitta,PESH
10,2 Samuel,10,1,2 Samuel 10:1,7,ܘܐܡܠܟ,,,,Peshitta,PESH
10,2 Samuel,10,1,2 Samuel 10:1,8,ܚܢܘܢ,,,,Peshitta,PESH
10,2 Samuel,10,1,2 Samuel 10:1,9,ܒܪܗ,,,,Peshitta,PESH
10,2 Samuel,10,1,2 Samuel 10:1,10,ܒܬܪܗ,,,,Peshitta,PESH
10,2 Samuel,10,2,2 Samuel 10:2,1,ܘܐܡܪ,,,,Peshitta,PESH
10,2 Samuel,10,2,2 Samuel 10:2,2,ܕܘܝܕ,,,,Peshitta,PESH
10,2 Samuel,10,2,2 Samuel 10:2,3,ܐܥܒܕ,,,,Peshitta,PESH
10,2 Samuel,10,2,2 Samuel 10:2,4,ܛܝܒܘܬܐ,,,,Peshitta,PESH
10,2 Samuel,10,2,2 Samuel 10:2,5,ܥܡ,,,,Peshitta,PESH
10,2 Samuel,10,2,2 Samuel 10:2,6,ܚܢܘܢ,,,,Peshitta,PESH
10,2 Samuel,10,2,2 Samuel 10:2,7,ܒܪ,,,,Peshitta,PESH
10,2 Samuel,10,2,2 Samuel 10:2,8,ܢܚܫ,,,,Peshitta,PESH
10,2 Samuel,10,2,2 Samuel 10:2,9,ܐܝܟ,,,,Peshitta,PESH
10,2 Samuel,10,2,2 Samuel 10:2,10,ܕܥܒܕ,,,,Peshitta,PESH
10,2 Samuel,10,2,2 Samuel 10:2,11,ܐܒܘܗܝ,,,,Peshitta,PESH
10,2 Samuel,10,2,2 Samuel 10:2,12,ܥܡܝ,,,,Peshitta,PESH
10,2 Samuel,10,2,2 Samuel 10:2,13,ܛܝܒܘܬܐ,,,,Peshitta,PESH
10,2 Samuel,10,2,2 Samuel 10:2,14,ܘܫܕܪ,,,,Peshitta,PESH
10,2 Samuel,10,2,2 Samuel 10:2,15,ܕܘܝܕ,,,,Peshitta,PESH
10,2 Samuel,10,2,2 Samuel 10:2,16,ܠܡܒܝܐܘܬܗ,,,,Peshitta,PESH
10,2 Samuel,10,2,2 Samuel 10:2,17,ܥܠ,,,,Peshitta,PESH
10,2 Samuel,10,2,2 Samuel 10:2,18,ܐܒܘܗܝ,,,,Peshitta,PESH
10,2 Samuel,10,2,2 Samuel 10:2,19,ܒܝܕ,,,,Peshitta,PESH
10,2 Samuel,10,2,2 Samuel 10:2,20,ܥܒ̈ܕܘܗܝ,,,,Peshitta,PESH
10,2 Samuel,10,2,2 Samuel 10:2,21,ܘܐܬܘ,,,,Peshitta,PESH
10,2 Samuel,10,2,2 Samuel 10:2,22,ܥܒ̈ܕܘܗܝ,,,,Peshitta,PESH
10,2 Samuel,10,2,2 Samuel 10:2,23,ܕܕܘܝܕ,,,,Peshitta,PESH
10,2 Samuel,10,2,2 Samuel 10:2,24,ܠܐܪܥܐ,,,,Peshitta,PESH
10,2 Samuel,10,2,2 Samuel 10:2,25,ܕܒܢ̈ܝ,,,,Peshitta,PESH
10,2 Samuel,10,2,2 Samuel 10:2,26,ܥܡܘܢ,,,,Peshitta,PESH
10,2 Samuel,10,3,2 Samuel 10:3,1,ܘܐܡܪ̈ܝܢ,,,,Peshitta,PESH
10,2 Samuel,10,3,2 Samuel 10:3,2,ܪ̈ܘܪܒܢܐ,,,,Peshitta,PESH
10,2 Samuel,10,3,2 Samuel 10:3,3,ܕܒܢ̈ܝ,,,,Peshitta,PESH
10,2 Samuel,10,3,2 Samuel 10:3,4,ܥܡܘܢ,,,,Peshitta,PESH
10,2 Samuel,10,3,2 Samuel 10:3,5,ܠܚܢܘܢ,,,,Peshitta,PESH
10,2 Samuel,10,3,2 Samuel 10:3,6,ܡܪܗܘܢ,,,,Peshitta,PESH
10,2 Samuel,10,3,2 Samuel 10:3,7,ܡܝܩܪܘ,,,,Peshitta,PESH
10,2 Samuel,10,3,2 Samuel 10:3,8,ܡܝܩܪ,,,,Peshitta,PESH
10,2 Samuel,10,3,2 Samuel 10:3,9,ܗܘܐ,,,,Peshitta,PESH
10,2 Samuel,10,3,2 Samuel 10:3,10,ܕܘܝܕ,,,,Peshitta,PESH
10,2 Samuel,10,3,2 Samuel 10:3,11,ܠܐܒܘܟ,,,,Peshitta,PESH
10,2 Samuel,10,3,2 Samuel 10:3,12,ܒܥܝܢ̈ܝܟ,,,,Peshitta,PESH
10,2 Samuel,10,3,2 Samuel 10:3,13,ܕܫܕܪ,,,,Peshitta,PESH
10,2 Samuel,10,3,2 Samuel 10:3,14,ܠܘܬܟ,,,,Peshitta,PESH
10,2 Samuel,10,3,2 Samuel 10:3,15,ܡܒܝܐ̈ܢܐ,,,,Peshitta,PESH
10,2 Samuel,10,3,2 Samuel 10:3,16,ܠܐ,,,,Peshitta,PESH
10,2 Samuel,10,3,2 Samuel 10:3,17,ܗܘܐ,,,,Peshitta,PESH
10,2 Samuel,10,3,2 Samuel 10:3,18,ܡܛܘܠ,,,,Peshitta,PESH
10,2 Samuel,10,3,2 Samuel 10:3,19,ܕܢܓܫܝܗ̇,,,,Peshitta,PESH
10,2 Samuel,10,3,2 Samuel 10:3,20,ܠܩܪܝܬܐ,,,,Peshitta,PESH
10,2 Samuel,10,3,2 Samuel 10:3,21,ܘܢܒܕܩܝܗ̇,,,,Peshitta,PESH
10,2 Samuel,10,3,2 Samuel 10:3,22,ܘܢܗܦܟܝܗ̇,,,,Peshitta,PESH
10,2 Samuel,10,3,2 Samuel 10:3,23,ܫܕܪ,,,,Peshitta,PESH
10,2 Samuel,10,3,2 Samuel 10:3,24,ܕܘܝܕ,,,,Peshitta,PESH
10,2 Samuel,10,3,2 Samuel 10:3,25,ܥܒ̈ܕܘܗܝ,,,,Peshitta,PESH
10,2 Samuel,10,3,2 Samuel 10:3,26,ܠܘܬܟ,,,,Peshitta,PESH
10,2 Samuel,10,4,2 Samuel 10:4,1,ܘܐܚܕ,,,,Peshitta,PESH
10,2 Samuel,10,4,2 Samuel 10:4,2,ܐܢܘܢ,,,,Peshitta,PESH
10,2 Samuel,10,4,2 Samuel 10:4,3,ܚܢܘܢ,,,,Peshitta,PESH
10,2 Samuel,10,4,2 Samuel 10:4,4,ܠܥܒ̈ܕܘܗܝ,,,,Peshitta,PESH
10,2 Samuel,10,4,2 Samuel 10:4,5,ܕܕܘܝܕ,,,,Peshitta,PESH
10,2 Samuel,10,4,2 Samuel 10:4,6,ܘܓܪܥ,,,,Peshitta,PESH
10,2 Samuel,10,4,2 Samuel 10:4,7,ܦܠܓܐ,,,,Peshitta,PESH
10,2 Samuel,10,4,2 Samuel 10:4,8,ܕܕܩܢܝ̈ܗܘܢ,,,,Peshitta,PESH
10,2 Samuel,10,4,2 Samuel 10:4,9,ܘܡܚܝ,,,,Peshitta,PESH
10,2 Samuel,10,4,2 Samuel 10:4,10,ܟܘܬܝܢ̈ܝܬܗܘܢ,,,,Peshitta,PESH
10,2 Samuel,10,4,2 Samuel 10:4,11,ܒܓܐܪ̈ܐ,,,,Peshitta,PESH
10,2 Samuel,10,4,2 Samuel 10:4,12,ܥܕܡܐ,,,,Peshitta,PESH
10,2 Samuel,10,4,2 Samuel 10:4,13,ܠܐܫܬ̈ܝܗܘܢ,,,,Peshitta,PESH
10,2 Samuel,10,4,2 Samuel 10:4,14,ܘܫܕܪ,,,,Peshitta,PESH
10,2 Samuel,10,4,2 Samuel 10:4,15,ܐܢܘܢ,,,,Peshitta,PESH
10,2 Samuel,10,5,2 Samuel 10:5,1,ܘܚܘܝܘ,,,,Peshitta,PESH
10,2 Samuel,10,5,2 Samuel 10:5,2,ܠܕܘܝܕ,,,,Peshitta,PESH
10,2 Samuel,10,5,2 Samuel 10:5,3,ܘܫܕܪ,,,,Peshitta,PESH
10,2 Samuel,10,5,2 Samuel 10:5,4,ܠܐܘܪܥܗܘܢ,,,,Peshitta,PESH
10,2 Samuel,10,5,2 Samuel 10:5,5,ܡܛܠ,,,,Peshitta,PESH
10,2 Samuel,10,5,2 Samuel 10:5,6,ܕܗܘܘ,,,,Peshitta,PESH
10,2 Samuel,10,5,2 Samuel 10:5,7,ܐܢܫܐ,,,,Peshitta,PESH
10,2 Samuel,10,5,2 Samuel 10:5,8,ܒܗܝܬܝܢ,,,,Peshitta,PESH
10,2 Samuel,10,5,2 Samuel 10:5,9,ܛܒ,,,,Peshitta,PESH
10,2 Samuel,10,5,2 Samuel 10:5,10,ܐܡܪ,,,,Peshitta,PESH
10,2 Samuel,10,5,2 Samuel 10:5,11,ܠܗܘܢ,,,,Peshitta,PESH
10,2 Samuel,10,5,2 Samuel 10:5,12,ܡܠܟܐ,,,,Peshitta,PESH
10,2 Samuel,10,5,2 Samuel 10:5,13,ܬܒܘ,,,,Peshitta,PESH
10,2 Samuel,10,5,2 Samuel 10:5,14,ܒܐܝܪܝܚܘ,,,,Peshitta,PESH
10,2 Samuel,10,5,2 Samuel 10:5,15,ܥܕܡܐ,,,,Peshitta,PESH
10,2 Samuel,10,5,2 Samuel 10:5,16,ܕܢܐܥܘܢ,,,,Peshitta,PESH
10,2 Samuel,10,5,2 Samuel 10:5,17,ܕܩܢܝܟܘܢ,,,,Peshitta,PESH
10,2 Samuel,10,5,2 Samuel 10:5,18,ܘܗܝ,,,,Peshitta,PESH
10,2 Samuel,10,5,2 Samuel 10:5,19,ܕܝܢ,,,,Peshitta,PESH
10,2 Samuel,10,5,2 Samuel 10:5,20,ܬܐܬܘܢ,,,,Peshitta,PESH
10,2 Samuel,10,6,2 Samuel 10:6,1,ܘܚܙܘ,,,,Peshitta,PESH
10,2 Samuel,10,6,2 Samuel 10:6,2,ܒܢܝ̈,,,,Peshitta,PESH
10,2 Samuel,10,6,2 Samuel 10:6,3,ܥܡܘܢ,,,,Peshitta,PESH
10,2 Samuel,10,6,2 Samuel 10:6,4,ܕܐܣܟܠܘ,,,,Peshitta,PESH
10,2 Samuel,10,6,2 Samuel 10:6,5,ܒܕܘܝܕ,,,,Peshitta,PESH
10,2 Samuel,10,6,2 Samuel 10:6,6,ܘܫܕܪܘ,,,,Peshitta,PESH
10,2 Samuel,10,6,2 Samuel 10:6,7,ܒ̈ܢܝ,,,,Peshitta,PESH
10,2 Samuel,10,6,2 Samuel 10:6,8,ܥܡܘܢ,,,,Peshitta,PESH
10,2 Samuel,10,6,2 Samuel 10:6,9,ܘܐܓܪܘ,,,,Peshitta,PESH
10,2 Samuel,10,6,2 Samuel 10:6,10,ܠܐܕܘܡ,,,,Peshitta,PESH
10,2 Samuel,10,6,2 Samuel 10:6,11,ܒܪ,,,,Peshitta,PESH
10,2 Samuel,10,6,2 Samuel 10:6,12,ܪܚܘܒ,,,,Peshitta,PESH
10,2 Samuel,10,6,2 Samuel 10:6,13,ܘܠܐܕܘܡ,,,,Peshitta,PESH
10,2 Samuel,10,6,2 Samuel 10:6,14,ܒܪ,,,,Peshitta,PESH
10,2 Samuel,10,6,2 Samuel 10:6,15,ܨܘܒܐ,,,,Peshitta,PESH
10,2 Samuel,10,6,2 Samuel 10:6,16,ܥܣܪ̈ܝܢ,,,,Peshitta,PESH
10,2 Samuel,10,6,2 Samuel 10:6,17,ܐ̈ܠܦܝܢ,,,,Peshitta,PESH
10,2 Samuel,10,6,2 Samuel 10:6,18,ܪ̈ܓܠܝܝܢ,,,,Peshitta,PESH
10,2 Samuel,10,6,2 Samuel 10:6,19,ܘܡܢ,,,,Peshitta,PESH
10,2 Samuel,10,6,2 Samuel 10:6,20,ܡܠܟܐ,,,,Peshitta,PESH
10,2 Samuel,10,6,2 Samuel 10:6,21,ܕܡܥܟܐ,,,,Peshitta,PESH
10,2 Samuel,10,6,2 Samuel 10:6,22,ܐܠܦ,,,,Peshitta,PESH
10,2 Samuel,10,6,2 Samuel 10:6,23,ܓܒܪ̈ܝܢ,,,,Peshitta,PESH
10,2 Samuel,10,6,2 Samuel 10:6,24,ܘܕܐܫܝܛܘܒ,,,,Peshitta,PESH
10,2 Samuel,10,6,2 Samuel 10:6,25,ܬܪ̈ܥܣܪ,,,,Peshitta,PESH
10,2 Samuel,10,6,2 Samuel 10:6,26,ܐ̈ܠܦܝܢ,,,,Peshitta,PESH
10,2 Samuel,10,6,2 Samuel 10:6,27,ܪ̈ܓܠܝܝܢ,,,,Peshitta,PESH
10,2 Samuel,10,7,2 Samuel 10:7,1,ܘܫܡܥ,,,,Peshitta,PESH
10,2 Samuel,10,7,2 Samuel 10:7,2,ܕܘܝܕ,,,,Peshitta,PESH
10,2 Samuel,10,7,2 Samuel 10:7,3,ܘܫܕܪ,,,,Peshitta,PESH
10,2 Samuel,10,7,2 Samuel 10:7,4,ܠܝܘܐܒ,,,,Peshitta,PESH
10,2 Samuel,10,7,2 Samuel 10:7,5,ܘܠܟܠܗ,,,,Peshitta,PESH
10,2 Samuel,10,7,2 Samuel 10:7,6,ܚܝܠܐ,,,,Peshitta,PESH
10,2 Samuel,10,7,2 Samuel 10:7,7,ܕܓܒܪ̈ܐ,,,,Peshitta,PESH
10,2 Samuel,10,8,2 Samuel 10:8,1,ܘܢܦܩܘ,,,,Peshitta,PESH
10,2 Samuel,10,8,2 Samuel 10:8,2,ܒܢ̈ܝ,,,,Peshitta,PESH
10,2 Samuel,10,8,2 Samuel 10:8,3,ܥܡܘܢ,,,,Peshitta,PESH
10,2 Samuel,10,8,2 Samuel 10:8,4,ܘܣܕܪܘ,,,,Peshitta,PESH
10,2 Samuel,10,8,2 Samuel 10:8,5,ܩܪܒܐ,,,,Peshitta,PESH
10,2 Samuel,10,8,2 Samuel 10:8,6,ܒܡܥܠܢܐ,,,,Peshitta,PESH
10,2 Samuel,10,8,2 Samuel 10:8,7,ܕܬܪܥܐ,,,,Peshitta,PESH
10,2 Samuel,10,8,2 Samuel 10:8,8,ܕܐܕܘܡ,,,,Peshitta,PESH
10,2 Samuel,10,8,2 Samuel 10:8,9,ܒܪ,,,,Peshitta,PESH
10,2 Samuel,10,8,2 Samuel 10:8,10,ܪܚܘܒ,,,,Peshitta,PESH
10,2 Samuel,10,8,2 Samuel 10:8,11,ܘܕܐܕܘܡ,,,,Peshitta,PESH
10,2 Samuel,10,8,2 Samuel 10:8,12,ܒܪ,,,,Peshitta,PESH
10,2 Samuel,10,8,2 Samuel 10:8,13,ܨܘܒܐ,,,,Peshitta,PESH
10,2 Samuel,10,8,2 Samuel 10:8,14,ܘܕܐܫܝܛܘܒ,,,,Peshitta,PESH
10,2 Samuel,10,8,2 Samuel 10:8,15,ܘܕܡܥܟܐ,,,,Peshitta,PESH
10,2 Samuel,10,8,2 Samuel 10:8,16,ܒܠܚܘܕܝܗܘܢ,,,,Peshitta,PESH
10,2 Samuel,10,8,2 Samuel 10:8,17,ܒܚܩܠܐ,,,,Peshitta,PESH
10,2 Samuel,10,9,2 Samuel 10:9,1,ܘܚܙܐ,,,,Peshitta,PESH
10,2 Samuel,10,9,2 Samuel 10:9,2,ܝܘܐܒ,,,,Peshitta,PESH
10,2 Samuel,10,9,2 Samuel 10:9,3,ܕܐܬܬܣܝܡ,,,,Peshitta,PESH
10,2 Samuel,10,9,2 Samuel 10:9,4,ܥܠܘܗܝ,,,,Peshitta,PESH
10,2 Samuel,10,9,2 Samuel 10:9,5,ܩܪܒܐ,,,,Peshitta,PESH
10,2 Samuel,10,9,2 Samuel 10:9,6,ܡܢ,,,,Peshitta,PESH
10,2 Samuel,10,9,2 Samuel 10:9,7,ܩܕܡܘܗܝ,,,,Peshitta,PESH
10,2 Samuel,10,9,2 Samuel 10:9,8,ܘܡܢ,,,,Peshitta,PESH
10,2 Samuel,10,9,2 Samuel 10:9,9,ܒܣܬܪܗ,,,,Peshitta,PESH
10,2 Samuel,10,9,2 Samuel 10:9,10,ܘܓܒܐ,,,,Peshitta,PESH
10,2 Samuel,10,9,2 Samuel 10:9,11,ܡܢ,,,,Peshitta,PESH
10,2 Samuel,10,9,2 Samuel 10:9,12,ܟܘܠܗܘܢ,,,,Peshitta,PESH
10,2 Samuel,10,9,2 Samuel 10:9,13,ܓܒ̈ܝܐ,,,,Peshitta,PESH
10,2 Samuel,10,9,2 Samuel 10:9,14,ܕܐܝܣܪܝܠ,,,,Peshitta,PESH
10,2 Samuel,10,9,2 Samuel 10:9,15,ܘܣܕܪ,,,,Peshitta,PESH
10,2 Samuel,10,9,2 Samuel 10:9,16,ܠܘܩܒܠ,,,,Peshitta,PESH
10,2 Samuel,10,9,2 Samuel 10:9,17,ܐܕܘܡ,,,,Peshitta,PESH
10,2 Samuel,10,10,2 Samuel 10:10,1,ܘܫܪܟܐ,,,,Peshitta,PESH
10,2 Samuel,10,10,2 Samuel 10:10,2,ܕܥܡܐ,,,,Peshitta,PESH
10,2 Samuel,10,10,2 Samuel 10:10,3,ܐܫܠܡ,,,,Peshitta,PESH
10,2 Samuel,10,10,2 Samuel 10:10,4,ܠܐܒܝܫܝ,,,,Peshitta,PESH
10,2 Samuel,10,10,2 Samuel 10:10,5,ܐܚܘܗܝ,,,,Peshitta,PESH
10,2 Samuel,10,10,2 Samuel 10:10,6,ܘܣܕܪ,,,,Peshitta,PESH
10,2 Samuel,10,10,2 Samuel 10:10,7,ܠܘܩܒܠ,,,,Peshitta,PESH
10,2 Samuel,10,10,2 Samuel 10:10,8,ܒܢ̈ܝ,,,,Peshitta,PESH
10,2 Samuel,10,10,2 Samuel 10:10,9,ܥܡܘܢ,,,,Peshitta,PESH
10,2 Samuel,10,11,2 Samuel 10:11,1,ܘܐܡܪ,,,,Peshitta,PESH
10,2 Samuel,10,11,2 Samuel 10:11,2,ܠܐܒܝܫܝ,,,,Peshitta,PESH
10,2 Samuel,10,11,2 Samuel 10:11,3,ܐܚܘܗܝ,,,,Peshitta,PESH
10,2 Samuel,10,11,2 Samuel 10:11,4,ܐܢ,,,,Peshitta,PESH
10,2 Samuel,10,11,2 Samuel 10:11,5,ܢܥܫܢ,,,,Peshitta,PESH
10,2 Samuel,10,11,2 Samuel 10:11,6,ܡܢܝ,,,,Peshitta,PESH
10,2 Samuel,10,11,2 Samuel 10:11,7,ܐܕܘܡ,,,,Peshitta,PESH
10,2 Samuel,10,11,2 Samuel 10:11,8,ܗܘܝ,,,,Peshitta,PESH
10,2 Samuel,10,11,2 Samuel 10:11,9,ܠܝ,,,,Peshitta,PESH
10,2 Samuel,10,11,2 Samuel 10:11,10,ܡܥܕܪܢܐ,,,,Peshitta,PESH
10,2 Samuel,10,11,2 Samuel 10:11,11,ܘܐܢ,,,,Peshitta,PESH
10,2 Samuel,10,11,2 Samuel 10:11,12,ܒܢ̈ܝ,,,,Peshitta,PESH
10,2 Samuel,10,11,2 Samuel 10:11,13,ܥܡܘܢ,,,,Peshitta,PESH
10,2 Samuel,10,11,2 Samuel 10:11,14,ܢܥܫܢܘܢ,,,,Peshitta,PESH
10,2 Samuel,10,11,2 Samuel 10:11,15,ܡܢܟ,,,,Peshitta,PESH
10,2 Samuel,10,11,2 Samuel 10:11,16,ܐܬܐ,,,,Peshitta,PESH
10,2 Samuel,10,11,2 Samuel 10:11,17,ܘܐܥܕܪܟ,,,,Peshitta,PESH
10,2 Samuel,10,12,2 Samuel 10:12,1,ܘܢܬܚܝܠ,,,,Peshitta,PESH
10,2 Samuel,10,12,2 Samuel 10:12,2,ܘܢܣܬܕܪ,,,,Peshitta,PESH
10,2 Samuel,10,12,2 Samuel 10:12,3,ܥܠ,,,,Peshitta,PESH
10,2 Samuel,10,12,2 Samuel 10:12,4,ܐ̈ܦܝ,,,,Peshitta,PESH
10,2 Samuel,10,12,2 Samuel 10:12,5,ܥܡܢ,,,,Peshitta,PESH
10,2 Samuel,10,12,2 Samuel 10:12,6,ܘܥܠ,,,,Peshitta,PESH
10,2 Samuel,10,12,2 Samuel 10:12,7,ܐ̈ܦܝ,,,,Peshitta,PESH
10,2 Samuel,10,12,2 Samuel 10:12,8,ܩܘܪ̈ܝܐ,,,,Peshitta,PESH
10,2 Samuel,10,12,2 Samuel 10:12,9,ܕܐܠܗܢ,,,,Peshitta,PESH
10,2 Samuel,10,12,2 Samuel 10:12,10,ܘܡܪܝܐ,,,,Peshitta,PESH
10,2 Samuel,10,12,2 Samuel 10:12,11,ܢܥܒܕ,,,,Peshitta,PESH
10,2 Samuel,10,12,2 Samuel 10:12,12,ܡܕܡ,,,,Peshitta,PESH
10,2 Samuel,10,12,2 Samuel 10:12,13,ܕܫܦܝܪ,,,,Peshitta,PESH
10,2 Samuel,10,12,2 Samuel 10:12,14,ܒܥܝܢ̈ܘܗܝ,,,,Peshitta,PESH
10,2 Samuel,10,13,2 Samuel 10:13,1,ܘܩܪܒ,,,,Peshitta,PESH
10,2 Samuel,10,13,2 Samuel 10:13,2,ܝܘܐܒ,,,,Peshitta,PESH
10,2 Samuel,10,13,2 Samuel 10:13,3,ܘܥܡܐ,,,,Peshitta,PESH
10,2 Samuel,10,13,2 Samuel 10:13,4,ܕܥܡܗ,,,,Peshitta,PESH
10,2 Samuel,10,13,2 Samuel 10:13,5,ܠܡܬܟܬܫܘ,,,,Peshitta,PESH
10,2 Samuel,10,13,2 Samuel 10:13,6,ܥܡ,,,,Peshitta,PESH
10,2 Samuel,10,13,2 Samuel 10:13,7,ܐܕܘܡ,,,,Peshitta,PESH
10,2 Samuel,10,13,2 Samuel 10:13,8,ܘܥܪܩܘ,,,,Peshitta,PESH
10,2 Samuel,10,13,2 Samuel 10:13,9,ܡܢ,,,,Peshitta,PESH
10,2 Samuel,10,13,2 Samuel 10:13,10,ܩܕܡܘܗܝ,,,,Peshitta,PESH
10,2 Samuel,10,14,2 Samuel 10:14,1,ܘܒܢ̈ܝ,,,,Peshitta,PESH
10,2 Samuel,10,14,2 Samuel 10:14,2,ܥܡܘܢ,,,,Peshitta,PESH
10,2 Samuel,10,14,2 Samuel 10:14,3,ܚܙܘ,,,,Peshitta,PESH
10,2 Samuel,10,14,2 Samuel 10:14,4,ܕܥܪܩ,,,,Peshitta,PESH
10,2 Samuel,10,14,2 Samuel 10:14,5,ܐܕܘܡ,,,,Peshitta,PESH
10,2 Samuel,10,14,2 Samuel 10:14,6,ܘܥܪܩܘ,,,,Peshitta,PESH
10,2 Samuel,10,14,2 Samuel 10:14,7,ܐܦ,,,,Peshitta,PESH
10,2 Samuel,10,14,2 Samuel 10:14,8,ܗܢܘܢ,,,,Peshitta,PESH
10,2 Samuel,10,14,2 Samuel 10:14,9,ܡܢ,,,,Peshitta,PESH
10,2 Samuel,10,14,2 Samuel 10:14,10,ܩܕܡ,,,,Peshitta,PESH
10,2 Samuel,10,14,2 Samuel 10:14,11,ܐܒܝܫܝ,,,,Peshitta,PESH
10,2 Samuel,10,14,2 Samuel 10:14,12,ܘܥܠܘ,,,,Peshitta,PESH
10,2 Samuel,10,14,2 Samuel 10:14,13,ܠܩܪܝܬܐ,,,,Peshitta,PESH
10,2 Samuel,10,14,2 Samuel 10:14,14,ܘܗܦܟ,,,,Peshitta,PESH
10,2 Samuel,10,14,2 Samuel 10:14,15,ܝܘܐܒ,,,,Peshitta,PESH
10,2 Samuel,10,14,2 Samuel 10:14,16,ܡܢ,,,,Peshitta,PESH
10,2 Samuel,10,14,2 Samuel 10:14,17,ܒܢ̈ܝ,,,,Peshitta,PESH
10,2 Samuel,10,14,2 Samuel 10:14,18,ܥܡܘܢ,,,,Peshitta,PESH
10,2 Samuel,10,14,2 Samuel 10:14,19,ܘܥܠ,,,,Peshitta,PESH
10,2 Samuel,10,14,2 Samuel 10:14,20,ܠܐܘܪܫܠܡ,,,,Peshitta,PESH
10,2 Samuel,10,15,2 Samuel 10:15,1,ܘܚܙܐ,,,,Peshitta,PESH
10,2 Samuel,10,15,2 Samuel 10:15,2,ܐܕܘܡ,,,,Peshitta,PESH
10,2 Samuel,10,15,2 Samuel 10:15,3,ܕܐܬܬܒܪ,,,,Peshitta,PESH
10,2 Samuel,10,15,2 Samuel 10:15,4,ܩܕܡ,,,,Peshitta,PESH
10,2 Samuel,10,15,2 Samuel 10:15,5,ܐܝܣܪܝܠ,,,,Peshitta,PESH
10,2 Samuel,10,15,2 Samuel 10:15,6,ܘܐܬܟܢܫܘ,,,,Peshitta,PESH
10,2 Samuel,10,15,2 Samuel 10:15,7,ܐܟܚܕܐ,,,,Peshitta,PESH
10,2 Samuel,10,16,2 Samuel 10:16,1,ܘܫܕܪ,,,,Peshitta,PESH
10,2 Samuel,10,16,2 Samuel 10:16,2,ܗܕܪܥܙܪ,,,,Peshitta,PESH
10,2 Samuel,10,16,2 Samuel 10:16,3,ܘܐܦܩ,,,,Peshitta,PESH
10,2 Samuel,10,16,2 Samuel 10:16,4,ܠܐܕܘܡ,,,,Peshitta,PESH
10,2 Samuel,10,16,2 Samuel 10:16,5,ܕܡܢ,,,,Peshitta,PESH
10,2 Samuel,10,16,2 Samuel 10:16,6,ܥܒܪ,,,,Peshitta,PESH
10,2 Samuel,10,16,2 Samuel 10:16,7,ܢܗܪܐ,,,,Peshitta,PESH
10,2 Samuel,10,16,2 Samuel 10:16,8,ܘܐܬܘ,,,,Peshitta,PESH
10,2 Samuel,10,16,2 Samuel 10:16,9,ܠܚܝܠܡ,,,,Peshitta,PESH
10,2 Samuel,10,16,2 Samuel 10:16,10,ܘܫܘܒܟ,,,,Peshitta,PESH
10,2 Samuel,10,16,2 Samuel 10:16,11,ܪܒ,,,,Peshitta,PESH
10,2 Samuel,10,16,2 Samuel 10:16,12,ܚܝܠܐ,,,,Peshitta,PESH
10,2 Samuel,10,16,2 Samuel 10:16,13,ܕܗܕܪܥܙܪ,,,,Peshitta,PESH
10,2 Samuel,10,16,2 Samuel 10:16,14,ܩܕܡܝܗܘܢ,,,,Peshitta,PESH
10,2 Samuel,10,17,2 Samuel 10:17,1,ܘܚܘܝܘ,,,,Peshitta,PESH
10,2 Samuel,10,17,2 Samuel 10:17,2,ܠܕܘܝܕ,,,,Peshitta,PESH
10,2 Samuel,10,17,2 Samuel 10:17,3,ܘܟܢܫ,,,,Peshitta,PESH
10,2 Samuel,10,17,2 Samuel 10:17,4,ܠܟܠܗ,,,,Peshitta,PESH
10,2 Samuel,10,17,2 Samuel 10:17,5,ܐܝܣܪܝܠ,,,,Peshitta,PESH
10,2 Samuel,10,17,2 Samuel 10:17,6,ܘܥܒܪܘ,,,,Peshitta,PESH
10,2 Samuel,10,17,2 Samuel 10:17,7,ܝܘܪܕܢܢ,,,,Peshitta,PESH
10,2 Samuel,10,17,2 Samuel 10:17,8,ܘܐܬܘ,,,,Peshitta,PESH
10,2 Samuel,10,17,2 Samuel 10:17,9,ܠܚܝܠܡ,,,,Peshitta,PESH
10,2 Samuel,10,17,2 Samuel 10:17,10,ܘܫܘܒܟ,,,,Peshitta,PESH
10,2 Samuel,10,17,2 Samuel 10:17,11,ܪܒ,,,,Peshitta,PESH
10,2 Samuel,10,17,2 Samuel 10:17,12,ܚܝܠܐ,,,,Peshitta,PESH
10,2 Samuel,10,17,2 Samuel 10:17,13,ܕܗܕܪܥܙܪ,,,,Peshitta,PESH
10,2 Samuel,10,17,2 Samuel 10:17,14,ܩܕܡܝܗܘܢ,,,,Peshitta,PESH
10,2 Samuel,10,17,2 Samuel 10:17,15,ܘܐܣܬܕܪ,,,,Peshitta,PESH
10,2 Samuel,10,17,2 Samuel 10:17,16,ܐܕܘܡ,,,,Peshitta,PESH
10,2 Samuel,10,17,2 Samuel 10:17,17,ܠܘܩܒܠ,,,,Peshitta,PESH
10,2 Samuel,10,17,2 Samuel 10:17,18,ܐܝܣܪܝܠ,,,,Peshitta,PESH
10,2 Samuel,10,17,2 Samuel 10:17,19,ܘܕܘܝܕ,,,,Peshitta,PESH
10,2 Samuel,10,17,2 Samuel 10:17,20,ܐܬܟܬܫ,,,,Peshitta,PESH
10,2 Samuel,10,17,2 Samuel 10:17,21,ܥܡ,,,,Peshitta,PESH
10,2 Samuel,10,17,2 Samuel 10:17,22,ܐܕܘܡ,,,,Peshitta,PESH
10,2 Samuel,10,18,2 Samuel 10:18,1,ܘܥܪܩ,,,,Peshitta,PESH
10,2 Samuel,10,18,2 Samuel 10:18,2,ܐܕܘܡ,,,,Peshitta,PESH
10,2 Samuel,10,18,2 Samuel 10:18,3,ܡܢ,,,,Peshitta,PESH
10,2 Samuel,10,18,2 Samuel 10:18,4,ܩܕܡ,,,,Peshitta,PESH
10,2 Samuel,10,18,2 Samuel 10:18,5,ܐܝܣܪܝܠ,,,,Peshitta,PESH
10,2 Samuel,10,18,2 Samuel 10:18,6,ܘܩ̇ܛܠ,,,,Peshitta,PESH
10,2 Samuel,10,18,2 Samuel 10:18,7,ܕܘܝܕ,,,,Peshitta,PESH
10,2 Samuel,10,18,2 Samuel 10:18,8,ܡܢ,,,,Peshitta,PESH
10,2 Samuel,10,18,2 Samuel 10:18,9,ܐܕܘܡ,,,,Peshitta,PESH
10,2 Samuel,10,18,2 Samuel 10:18,10,ܐܠܦ,,,,Peshitta,PESH
10,2 Samuel,10,18,2 Samuel 10:18,11,ܘܫܒܥܡܐܐ,,,,Peshitta,PESH
10,2 Samuel,10,18,2 Samuel 10:18,12,ܡܪ̈ܟܒܢ,,,,Peshitta,PESH
10,2 Samuel,10,18,2 Samuel 10:18,13,ܘܐܪܒܥܐ,,,,Peshitta,PESH
10,2 Samuel,10,18,2 Samuel 10:18,14,ܐ̈ܠܦܝܢ,,,,Peshitta,PESH
10,2 Samuel,10,18,2 Samuel 10:18,15,ܦܪ̈ܫܝܢ,,,,Peshitta,PESH
10,2 Samuel,10,18,2 Samuel 10:18,16,ܘܥܡܐ,,,,Peshitta,PESH
10,2 Samuel,10,18,2 Samuel 10:18,17,ܣܓܝܐܐ,,,,Peshitta,PESH
10,2 Samuel,10,18,2 Samuel 10:18,18,ܘܠܫܘܒܟ,,,,Peshitta,PESH
10,2 Samuel,10,18,2 Samuel 10:18,19,ܪܒ,,,,Peshitta,PESH
10,2 Samuel,10,18,2 Samuel 10:18,20,ܚܝܠܐ,,,,Peshitta,PESH
10,2 Samuel,10,18,2 Samuel 10:18,21,ܕܗܕܪܥܙܪ,,,,Peshitta,PESH
10,2 Samuel,10,18,2 Samuel 10:18,22,ܡܚܝܗܝ,,,,Peshitta,PESH
10,2 Samuel,10,18,2 Samuel 10:18,23,ܘܡܝܬ,,,,Peshitta,PESH
10,2 Samuel,10,18,2 Samuel 10:18,24,ܬܡܢ,,,,Peshitta,PESH
10,2 Samuel,10,19,2 Samuel 10:19,1,ܘܚܙܘ,,,,Peshitta,PESH
10,2 Samuel,10,19,2 Samuel 10:19,2,ܟܠܗܘܢ,,,,Peshitta,PESH
10,2 Samuel,10,19,2 Samuel 10:19,3,ܥܒ̈ܕܘܗܝ,,,,Peshitta,PESH
10,2 Samuel,10,19,2 Samuel 10:19,4,ܕܗܕܪܥܙܪ,,,,Peshitta,PESH
10,2 Samuel,10,19,2 Samuel 10:19,5,ܕܐܬܬܒܪܘ,,,,Peshitta,PESH
10,2 Samuel,10,19,2 Samuel 10:19,6,ܩܕܡ,,,,Peshitta,PESH
10,2 Samuel,10,19,2 Samuel 10:19,7,ܒܢ̈ܝ,,,,Peshitta,PESH
10,2 Samuel,10,19,2 Samuel 10:19,8,ܐܝܣܪܝܠ,,,,Peshitta,PESH
10,2 Samuel,10,19,2 Samuel 10:19,9,ܘܐܫܠܡܘ,,,,Peshitta,PESH
10,2 Samuel,10,19,2 Samuel 10:19,10,ܠܐܝܣܪܝܠ,,,,Peshitta,PESH
10,2 Samuel,10,19,2 Samuel 10:19,11,ܘܦܠܚܘ,,,,Peshitta,PESH
10,2 Samuel,10,19,2 Samuel 10:19,12,ܐܢܘܢ,,,,Peshitta,PESH
10,2 Samuel,10,19,2 Samuel 10:19,13,ܘܕܚܠܘ,,,,Peshitta,PESH
10,2 Samuel,10,19,2 Samuel 10:19,14,ܐܕܘܡ,,,,Peshitta,PESH
10,2 Samuel,10,19,2 Samuel 10:19,15,ܠܡܥܕܪܘ,,,,Peshitta,PESH
10,2 Samuel,10,19,2 Samuel 10:19,16,ܬܘܒ,,,,Peshitta,PESH
10,2 Samuel,10,19,2 Samuel 10:19,17,ܠܒܢ̈ܝ,,,,Peshitta,PESH
10,2 Samuel,10,19,2 Samuel 10:19,18,ܥܡܘܢ,,,,Peshitta,PESH
10,2 Samuel,11,1,2 Samuel 11:1,1,ܘܠܗܦܟܬܐ,,,,Peshitta,PESH
10,2 Samuel,11,1,2 Samuel 11:1,2,ܕܫܢܬܐ,,,,Peshitta,PESH
10,2 Samuel,11,1,2 Samuel 11:1,3,ܠܙܒܢܐ,,,,Peshitta,PESH
10,2 Samuel,11,1,2 Samuel 11:1,4,ܕܡܦܩܢܐ,,,,Peshitta,PESH
10,2 Samuel,11,1,2 Samuel 11:1,5,ܕܡܠܟܐ,,,,Peshitta,PESH
10,2 Samuel,11,1,2 Samuel 11:1,6,ܫܕܪ,,,,Peshitta,PESH
10,2 Samuel,11,1,2 Samuel 11:1,7,ܕܘܝܕ,,,,Peshitta,PESH
10,2 Samuel,11,1,2 Samuel 11:1,8,ܠܝܘܐܒ,,,,Peshitta,PESH
10,2 Samuel,11,1,2 Samuel 11:1,9,ܘܠܥܒ̈ܕܘܗܝ,,,,Peshitta,PESH
10,2 Samuel,11,1,2 Samuel 11:1,10,ܥܡܗ,,,,Peshitta,PESH
10,2 Samuel,11,1,2 Samuel 11:1,11,ܘܠܟܠܗ,,,,Peshitta,PESH
10,2 Samuel,11,1,2 Samuel 11:1,12,ܐܝܣܪܝܠ,,,,Peshitta,PESH
10,2 Samuel,11,1,2 Samuel 11:1,13,ܘܫܪܘ,,,,Peshitta,PESH
10,2 Samuel,11,1,2 Samuel 11:1,14,ܥܠ,,,,Peshitta,PESH
10,2 Samuel,11,1,2 Samuel 11:1,15,ܪܒܬ,,,,Peshitta,PESH
10,2 Samuel,11,1,2 Samuel 11:1,16,ܘܕܘܝܕ,,,,Peshitta,PESH
10,2 Samuel,11,1,2 Samuel 11:1,17,ܝܬܒ,,,,Peshitta,PESH
10,2 Samuel,11,1,2 Samuel 11:1,18,ܗܘܐ,,,,Peshitta,PESH
10,2 Samuel,11,1,2 Samuel 11:1,19,ܒܐܘܪܫܠܡ,,,,Peshitta,PESH
10,2 Samuel,11,2,2 Samuel 11:2,1,ܘܠܥܕܢ,,,,Peshitta,PESH
10,2 Samuel,11,2,2 Samuel 11:2,2,ܪܡܫܐ,,,,Peshitta,PESH
10,2 Samuel,11,2,2 Samuel 11:2,3,ܩܡ,,,,Peshitta,PESH
10,2 Samuel,11,2,2 Samuel 11:2,4,ܕܘܝܕ,,,,Peshitta,PESH
10,2 Samuel,11,2,2 Samuel 11:2,5,ܡܢ,,,,Peshitta,PESH
10,2 Samuel,11,2,2 Samuel 11:2,6,ܡܫܟܒܗ,,,,Peshitta,PESH
10,2 Samuel,11,2,2 Samuel 11:2,7,ܘܡܗܠܟ,,,,Peshitta,PESH
10,2 Samuel,11,2,2 Samuel 11:2,8,ܥܠ,,,,Peshitta,PESH
10,2 Samuel,11,2,2 Samuel 11:2,9,ܐܓܪܐ,,,,Peshitta,PESH
10,2 Samuel,11,2,2 Samuel 11:2,10,ܕܒܝܬ,,,,Peshitta,PESH
10,2 Samuel,11,2,2 Samuel 11:2,11,ܡܠܟܘܬܗ,,,,Peshitta,PESH
10,2 Samuel,11,2,2 Samuel 11:2,12,ܘܚܙܐ,,,,Peshitta,PESH
10,2 Samuel,11,2,2 Samuel 11:2,13,ܐܢܬܬܐ,,,,Peshitta,PESH
10,2 Samuel,11,2,2 Samuel 11:2,14,ܚܕܐ,,,,Peshitta,PESH
10,2 Samuel,11,2,2 Samuel 11:2,15,ܟܕ,,,,Peshitta,PESH
10,2 Samuel,11,2,2 Samuel 11:2,16,ܣܚܝܐ,,,,Peshitta,PESH
10,2 Samuel,11,2,2 Samuel 11:2,17,ܘܐܢܬܬܐ,,,,Peshitta,PESH
10,2 Samuel,11,2,2 Samuel 11:2,18,ܛܒ,,,,Peshitta,PESH
10,2 Samuel,11,2,2 Samuel 11:2,19,ܫܦܝܪ,,,,Peshitta,PESH
10,2 Samuel,11,2,2 Samuel 11:2,20,ܗܘܐ,,,,Peshitta,PESH
10,2 Samuel,11,2,2 Samuel 11:2,21,ܚܙܘܗ̇,,,,Peshitta,PESH
10,2 Samuel,11,3,2 Samuel 11:3,1,ܘܫܕܪ,,,,Peshitta,PESH
10,2 Samuel,11,3,2 Samuel 11:3,2,ܕܘܝܕ,,,,Peshitta,PESH
10,2 Samuel,11,3,2 Samuel 11:3,3,ܘܫܐܠ,,,,Peshitta,PESH
10,2 Samuel,11,3,2 Samuel 11:3,4,ܥܠܝܗ̇,,,,Peshitta,PESH
10,2 Samuel,11,3,2 Samuel 11:3,5,ܥܠ,,,,Peshitta,PESH
10,2 Samuel,11,3,2 Samuel 11:3,6,ܐܢܬܬܐ,,,,Peshitta,PESH
10,2 Samuel,11,3,2 Samuel 11:3,7,ܘܐܡܪܝܢ,,,,Peshitta,PESH
10,2 Samuel,11,3,2 Samuel 11:3,8,ܗܕܐ,,,,Peshitta,PESH
10,2 Samuel,11,3,2 Samuel 11:3,9,ܒܬܫܒܥ,,,,Peshitta,PESH
10,2 Samuel,11,3,2 Samuel 11:3,10,ܒܪܬ,,,,Peshitta,PESH
10,2 Samuel,11,3,2 Samuel 11:3,11,ܐܚܝܢܥܡ,,,,Peshitta,PESH
10,2 Samuel,11,3,2 Samuel 11:3,12,ܐܢܬܬܗ,,,,Peshitta,PESH
10,2 Samuel,11,3,2 Samuel 11:3,13,ܕܐܘܪܝܐ,,,,Peshitta,PESH
10,2 Samuel,11,3,2 Samuel 11:3,14,ܚܬܝܐ,,,,Peshitta,PESH
10,2 Samuel,11,4,2 Samuel 11:4,1,ܘܫܕܪ,,,,Peshitta,PESH
10,2 Samuel,11,4,2 Samuel 11:4,2,ܕܘܝܕ,,,,Peshitta,PESH
10,2 Samuel,11,4,2 Samuel 11:4,3,ܡܠܐܟܐ,,,,Peshitta,PESH
10,2 Samuel,11,4,2 Samuel 11:4,4,ܘܕܒܪܗ̇,,,,Peshitta,PESH
10,2 Samuel,11,4,2 Samuel 11:4,5,ܘܥܠܬ,,,,Peshitta,PESH
10,2 Samuel,11,4,2 Samuel 11:4,6,ܠܘܬܗ,,,,Peshitta,PESH
10,2 Samuel,11,4,2 Samuel 11:4,7,ܘܕܡܟ,,,,Peshitta,PESH
10,2 Samuel,11,4,2 Samuel 11:4,8,ܥܡܗ̇,,,,Peshitta,PESH
10,2 Samuel,11,4,2 Samuel 11:4,9,ܟܕ,,,,Peshitta,PESH
10,2 Samuel,11,4,2 Samuel 11:4,10,ܣܚܬ,,,,Peshitta,PESH
10,2 Samuel,11,4,2 Samuel 11:4,11,ܡܢ,,,,Peshitta,PESH
10,2 Samuel,11,4,2 Samuel 11:4,12,ܟܦܣܗ̇,,,,Peshitta,PESH
10,2 Samuel,11,4,2 Samuel 11:4,13,ܘܗܦܟܬ,,,,Peshitta,PESH
10,2 Samuel,11,4,2 Samuel 11:4,14,ܬܘܒ,,,,Peshitta,PESH
10,2 Samuel,11,4,2 Samuel 11:4,15,ܘܐܙܠܬ,,,,Peshitta,PESH
10,2 Samuel,11,4,2 Samuel 11:4,16,ܠܒܝܬܗ̇,,,,Peshitta,PESH
10,2 Samuel,11,5,2 Samuel 11:5,1,ܘܒܛܢܬ,,,,Peshitta,PESH
10,2 Samuel,11,5,2 Samuel 11:5,2,ܐܢܬܬܐ,,,,Peshitta,PESH
10,2 Samuel,11,5,2 Samuel 11:5,3,ܘܫܕܪܬ,,,,Peshitta,PESH
10,2 Samuel,11,5,2 Samuel 11:5,4,ܚܘܝܬ,,,,Peshitta,PESH
10,2 Samuel,11,5,2 Samuel 11:5,5,ܠܕܘܝܕ,,,,Peshitta,PESH
10,2 Samuel,11,5,2 Samuel 11:5,6,ܘܐܡܪܐ,,,,Peshitta,PESH
10,2 Samuel,11,5,2 Samuel 11:5,7,ܠܗ,,,,Peshitta,PESH
10,2 Samuel,11,5,2 Samuel 11:5,8,ܕܒܛܢܐ,,,,Peshitta,PESH
10,2 Samuel,11,5,2 Samuel 11:5,9,ܐܢܐ,,,,Peshitta,PESH
10,2 Samuel,11,6,2 Samuel 11:6,1,ܘܫܕܪ,,,,Peshitta,PESH
10,2 Samuel,11,6,2 Samuel 11:6,2,ܕܘܝܕ,,,,Peshitta,PESH
10,2 Samuel,11,6,2 Samuel 11:6,3,ܠܘܬ,,,,Peshitta,PESH
10,2 Samuel,11,6,2 Samuel 11:6,4,ܝܘܐܒ,,,,Peshitta,PESH
10,2 Samuel,11,6,2 Samuel 11:6,5,ܘܫܠܚ,,,,Peshitta,PESH
10,2 Samuel,11,6,2 Samuel 11:6,6,ܠܗ,,,,Peshitta,PESH
10,2 Samuel,11,6,2 Samuel 11:6,7,ܫܕܪ,,,,Peshitta,PESH
10,2 Samuel,11,6,2 Samuel 11:6,8,ܠܝ,,,,Peshitta,PESH
10,2 Samuel,11,6,2 Samuel 11:6,9,ܠܐܘܪܝܐ,,,,Peshitta,PESH
10,2 Samuel,11,6,2 Samuel 11:6,10,ܚܬܝܐ,,,,Peshitta,PESH
10,2 Samuel,11,6,2 Samuel 11:6,11,ܘܫܕܪܗ,,,,Peshitta,PESH
10,2 Samuel,11,6,2 Samuel 11:6,12,ܝܘܐܒ,,,,Peshitta,PESH
10,2 Samuel,11,6,2 Samuel 11:6,13,ܠܐܘܪܝܐ,,,,Peshitta,PESH
10,2 Samuel,11,6,2 Samuel 11:6,14,ܚܬܝܐ,,,,Peshitta,PESH
10,2 Samuel,11,6,2 Samuel 11:6,15,ܠܘܬ,,,,Peshitta,PESH
10,2 Samuel,11,6,2 Samuel 11:6,16,ܕܘܝܕ,,,,Peshitta,PESH
10,2 Samuel,11,7,2 Samuel 11:7,1,ܘܐܬܐ,,,,Peshitta,PESH
10,2 Samuel,11,7,2 Samuel 11:7,2,ܐܘܪܝܐ,,,,Peshitta,PESH
10,2 Samuel,11,7,2 Samuel 11:7,3,ܠܘܬ,,,,Peshitta,PESH
10,2 Samuel,11,7,2 Samuel 11:7,4,ܕܘܝܕ,,,,Peshitta,PESH
10,2 Samuel,11,7,2 Samuel 11:7,5,ܘܫܐܠ,,,,Peshitta,PESH
10,2 Samuel,11,7,2 Samuel 11:7,6,ܕܘܝܕ,,,,Peshitta,PESH
10,2 Samuel,11,7,2 Samuel 11:7,7,ܠܐܘܪܝܐ,,,,Peshitta,PESH
10,2 Samuel,11,7,2 Samuel 11:7,8,ܥܠ,,,,Peshitta,PESH
10,2 Samuel,11,7,2 Samuel 11:7,9,ܝܘܐܒ,,,,Peshitta,PESH
10,2 Samuel,11,7,2 Samuel 11:7,10,ܘܥܠ,,,,Peshitta,PESH
10,2 Samuel,11,7,2 Samuel 11:7,11,ܥܡܐ,,,,Peshitta,PESH
10,2 Samuel,11,7,2 Samuel 11:7,12,ܘܥܠ,,,,Peshitta,PESH
10,2 Samuel,11,7,2 Samuel 11:7,13,ܩܪܒܐ,,,,Peshitta,PESH
10,2 Samuel,11,8,2 Samuel 11:8,1,ܘܐܡܪ,,,,Peshitta,PESH
10,2 Samuel,11,8,2 Samuel 11:8,2,ܕܘܝܕ,,,,Peshitta,PESH
10,2 Samuel,11,8,2 Samuel 11:8,3,ܠܐܘܪܝܐ,,,,Peshitta,PESH
10,2 Samuel,11,8,2 Samuel 11:8,4,ܚܘܬ,,,,Peshitta,PESH
10,2 Samuel,11,8,2 Samuel 11:8,5,ܠܒܝܬܟ,,,,Peshitta,PESH
10,2 Samuel,11,8,2 Samuel 11:8,6,ܘܐܫܝܓ,,,,Peshitta,PESH
10,2 Samuel,11,8,2 Samuel 11:8,7,ܪ̈ܓܠܝܟ,,,,Peshitta,PESH
10,2 Samuel,11,8,2 Samuel 11:8,8,ܘܢܦܩ,,,,Peshitta,PESH
10,2 Samuel,11,8,2 Samuel 11:8,9,ܐܘܪܝܐ,,,,Peshitta,PESH
10,2 Samuel,11,8,2 Samuel 11:8,10,ܡܢ,,,,Peshitta,PESH
10,2 Samuel,11,8,2 Samuel 11:8,11,ܒܝܬ,,,,Peshitta,PESH
10,2 Samuel,11,8,2 Samuel 11:8,12,ܡܠܟܐ,,,,Peshitta,PESH
10,2 Samuel,11,8,2 Samuel 11:8,13,ܘܢܦܩܬ,,,,Peshitta,PESH
10,2 Samuel,11,8,2 Samuel 11:8,14,ܒܬܪܗ,,,,Peshitta,PESH
10,2 Samuel,11,8,2 Samuel 11:8,15,ܡܘܗܒܬܐ,,,,Peshitta,PESH
10,2 Samuel,11,8,2 Samuel 11:8,16,ܕܡܠܟܐ,,,,Peshitta,PESH
10,2 Samuel,11,9,2 Samuel 11:9,1,ܘܕܡܟ,,,,Peshitta,PESH
10,2 Samuel,11,9,2 Samuel 11:9,2,ܐܘܪܝܐ,,,,Peshitta,PESH
10,2 Samuel,11,9,2 Samuel 11:9,3,ܒܬܪܥܐ,,,,Peshitta,PESH
10,2 Samuel,11,9,2 Samuel 11:9,4,ܕܡܠܟܐ,,,,Peshitta,PESH
10,2 Samuel,11,9,2 Samuel 11:9,5,ܥܠ,,,,Peshitta,PESH
10,2 Samuel,11,9,2 Samuel 11:9,6,ܓܢܒ,,,,Peshitta,PESH
10,2 Samuel,11,9,2 Samuel 11:9,7,ܟܘܠܗܘܢ,,,,Peshitta,PESH
10,2 Samuel,11,9,2 Samuel 11:9,8,ܥܒ̈ܕܐ,,,,Peshitta,PESH
10,2 Samuel,11,9,2 Samuel 11:9,9,ܕܡܪܗ,,,,Peshitta,PESH
10,2 Samuel,11,9,2 Samuel 11:9,10,ܘܠܐ,,,,Peshitta,PESH
10,2 Samuel,11,9,2 Samuel 11:9,11,ܢܚܬ,,,,Peshitta,PESH
10,2 Samuel,11,9,2 Samuel 11:9,12,ܠܒܝܬܗ,,,,Peshitta,PESH
10,2 Samuel,11,10,2 Samuel 11:10,1,ܘܚܘܝܘ,,,,Peshitta,PESH
10,2 Samuel,11,10,2 Samuel 11:10,2,ܠܕܘܝܕ,,,,Peshitta,PESH
10,2 Samuel,11,10,2 Samuel 11:10,3,ܕܠܐ,,,,Peshitta,PESH
10,2 Samuel,11,10,2 Samuel 11:10,4,ܢܚܬ,,,,Peshitta,PESH
10,2 Samuel,11,10,2 Samuel 11:10,5,ܐܘܪܝܐ,,,,Peshitta,PESH
10,2 Samuel,11,10,2 Samuel 11:10,6,ܠܒܝܬܗ,,,,Peshitta,PESH
10,2 Samuel,11,10,2 Samuel 11:10,7,ܘܐܡܪ,,,,Peshitta,PESH
10,2 Samuel,11,10,2 Samuel 11:10,8,ܠܗ,,,,Peshitta,PESH
10,2 Samuel,11,10,2 Samuel 11:10,9,ܕܘܝܕ,,,,Peshitta,PESH
10,2 Samuel,11,10,2 Samuel 11:10,10,ܠܐܘܪܝܐ,,,,Peshitta,PESH
10,2 Samuel,11,10,2 Samuel 11:10,11,ܗܐ,,,,Peshitta,PESH
10,2 Samuel,11,10,2 Samuel 11:10,12,ܡܢ,,,,Peshitta,PESH
10,2 Samuel,11,10,2 Samuel 11:10,13,ܐܘܪܚܐ,,,,Peshitta,PESH
10,2 Samuel,11,10,2 Samuel 11:10,14,ܐܬܝܬ,,,,Peshitta,PESH
10,2 Samuel,11,10,2 Samuel 11:10,15,ܠܡܢܐ,,,,Peshitta,PESH
10,2 Samuel,11,10,2 Samuel 11:10,16,ܠܐ,,,,Peshitta,PESH
10,2 Samuel,11,10,2 Samuel 11:10,17,ܢܚܬܬ,,,,Peshitta,PESH
10,2 Samuel,11,10,2 Samuel 11:10,18,ܠܒܝܬܟ,,,,Peshitta,PESH
10,2 Samuel,11,11,2 Samuel 11:11,1,ܐܡܪ,,,,Peshitta,PESH
10,2 Samuel,11,11,2 Samuel 11:11,2,ܠܗ,,,,Peshitta,PESH
10,2 Samuel,11,11,2 Samuel 11:11,3,ܐܘܪܝܐ,,,,Peshitta,PESH
10,2 Samuel,11,11,2 Samuel 11:11,4,ܠܕܘܝܕ,,,,Peshitta,PESH
10,2 Samuel,11,11,2 Samuel 11:11,5,ܩܒܘܬܐ,,,,Peshitta,PESH
10,2 Samuel,11,11,2 Samuel 11:11,6,ܕܕܝܬܩܐ,,,,Peshitta,PESH
10,2 Samuel,11,11,2 Samuel 11:11,7,ܕܡܪܝܐ,,,,Peshitta,PESH
10,2 Samuel,11,11,2 Samuel 11:11,8,ܘܐܝܣܪܝܠ,,,,Peshitta,PESH
10,2 Samuel,11,11,2 Samuel 11:11,9,ܘܝܗܘܕܐ,,,,Peshitta,PESH
10,2 Samuel,11,11,2 Samuel 11:11,10,ܝܬ̈ܒܝܢ,,,,Peshitta,PESH
10,2 Samuel,11,11,2 Samuel 11:11,11,ܒܡ̈ܛܠܐ,,,,Peshitta,PESH
10,2 Samuel,11,11,2 Samuel 11:11,12,ܘܡܪܝ,,,,Peshitta,PESH
10,2 Samuel,11,11,2 Samuel 11:11,13,ܝܘܐܒ,,,,Peshitta,PESH
10,2 Samuel,11,11,2 Samuel 11:11,14,ܘܥܒ̈ܕܘܗܝ,,,,Peshitta,PESH
10,2 Samuel,11,11,2 Samuel 11:11,15,ܕܡܪܝ,,,,Peshitta,PESH
10,2 Samuel,11,11,2 Samuel 11:11,16,ܫܪܝܢ,,,,Peshitta,PESH
10,2 Samuel,11,11,2 Samuel 11:11,17,ܥܠ,,,,Peshitta,PESH
10,2 Samuel,11,11,2 Samuel 11:11,18,ܐ̈ܦܝ,,,,Peshitta,PESH
10,2 Samuel,11,11,2 Samuel 11:11,19,ܕܒܪܐ,,,,Peshitta,PESH
10,2 Samuel,11,11,2 Samuel 11:11,20,ܘܐܢܐ,,,,Peshitta,PESH
10,2 Samuel,11,11,2 Samuel 11:11,21,ܐܙܠ,,,,Peshitta,PESH
10,2 Samuel,11,11,2 Samuel 11:11,22,ܠܒܝܬܝ,,,,Peshitta,PESH
10,2 Samuel,11,11,2 Samuel 11:11,23,ܘܐܠܥܣ,,,,Peshitta,PESH
10,2 Samuel,11,11,2 Samuel 11:11,24,ܘܐܫܬܐ,,,,Peshitta,PESH
10,2 Samuel,11,11,2 Samuel 11:11,25,ܘܐܕܡܟ,,,,Peshitta,PESH
10,2 Samuel,11,11,2 Samuel 11:11,26,ܥܡ,,,,Peshitta,PESH
10,2 Samuel,11,11,2 Samuel 11:11,27,ܐܢܬܬܝ,,,,Peshitta,PESH
10,2 Samuel,11,11,2 Samuel 11:11,28,ܠܐ,,,,Peshitta,PESH
10,2 Samuel,11,11,2 Samuel 11:11,29,ܚܝ̈ܝܟ,,,,Peshitta,PESH
10,2 Samuel,11,11,2 Samuel 11:11,30,ܘܠܐ,,,,Peshitta,PESH
10,2 Samuel,11,11,2 Samuel 11:11,31,ܚܝ̈ܝ,,,,Peshitta,PESH
10,2 Samuel,11,11,2 Samuel 11:11,32,ܢܦܫܟ,,,,Peshitta,PESH
10,2 Samuel,11,11,2 Samuel 11:11,33,ܠܐ,,,,Peshitta,PESH
10,2 Samuel,11,11,2 Samuel 11:11,34,ܥܒܕ,,,,Peshitta,PESH
10,2 Samuel,11,11,2 Samuel 11:11,35,ܐܢܐ,,,,Peshitta,PESH
10,2 Samuel,11,11,2 Samuel 11:11,36,ܐܝܟ,,,,Peshitta,PESH
10,2 Samuel,11,11,2 Samuel 11:11,37,ܗܕܐ,,,,Peshitta,PESH
10,2 Samuel,11,12,2 Samuel 11:12,1,ܐܡܪ,,,,Peshitta,PESH
10,2 Samuel,11,12,2 Samuel 11:12,2,ܠܗ,,,,Peshitta,PESH
10,2 Samuel,11,12,2 Samuel 11:12,3,ܕܘܝܕ,,,,Peshitta,PESH
10,2 Samuel,11,12,2 Samuel 11:12,4,ܠܐܘܪܝܐ,,,,Peshitta,PESH
10,2 Samuel,11,12,2 Samuel 11:12,5,ܦܘܫ,,,,Peshitta,PESH
10,2 Samuel,11,12,2 Samuel 11:12,6,ܝܘܡܢܐ,,,,Peshitta,PESH
10,2 Samuel,11,12,2 Samuel 11:12,7,ܗܪܟܐ,,,,Peshitta,PESH
10,2 Samuel,11,12,2 Samuel 11:12,8,ܘܡܚܪ,,,,Peshitta,PESH
10,2 Samuel,11,12,2 Samuel 11:12,9,ܐܫܕܪܟ,,,,Peshitta,PESH
10,2 Samuel,11,12,2 Samuel 11:12,10,ܘܦܫ,,,,Peshitta,PESH
10,2 Samuel,11,12,2 Samuel 11:12,11,ܐܘܪܝܐ,,,,Peshitta,PESH
10,2 Samuel,11,12,2 Samuel 11:12,12,ܒܐܘܪܫܠܡ,,,,Peshitta,PESH
10,2 Samuel,11,12,2 Samuel 11:12,13,ܗ̇ܘ,,,,Peshitta,PESH
10,2 Samuel,11,12,2 Samuel 11:12,14,ܝܘܡܐ,,,,Peshitta,PESH
10,2 Samuel,11,12,2 Samuel 11:12,15,ܘܠܝܘܡܐ,,,,Peshitta,PESH
10,2 Samuel,11,12,2 Samuel 11:12,16,ܐܚܪܢܐ,,,,Peshitta,PESH
10,2 Samuel,11,13,2 Samuel 11:13,1,ܩܪܝܗܝ,,,,Peshitta,PESH
10,2 Samuel,11,13,2 Samuel 11:13,2,ܕܘܝܕ,,,,Peshitta,PESH
10,2 Samuel,11,13,2 Samuel 11:13,3,ܘܠܥܣ,,,,Peshitta,PESH
10,2 Samuel,11,13,2 Samuel 11:13,4,ܩܕܡܘܗܝ,,,,Peshitta,PESH
10,2 Samuel,11,13,2 Samuel 11:13,5,ܘܐܫܬܝ,,,,Peshitta,PESH
10,2 Samuel,11,13,2 Samuel 11:13,6,ܘܪܘܝ,,,,Peshitta,PESH
10,2 Samuel,11,13,2 Samuel 11:13,7,ܘܢܦܩ,,,,Peshitta,PESH
10,2 Samuel,11,13,2 Samuel 11:13,8,ܒܪܡܫܐ,,,,Peshitta,PESH
10,2 Samuel,11,13,2 Samuel 11:13,9,ܘܕܡܟ,,,,Peshitta,PESH
10,2 Samuel,11,13,2 Samuel 11:13,10,ܥܠ,,,,Peshitta,PESH
10,2 Samuel,11,13,2 Samuel 11:13,11,ܓܢܒ,,,,Peshitta,PESH
10,2 Samuel,11,13,2 Samuel 11:13,12,ܥܒ̈ܕܐ,,,,Peshitta,PESH
10,2 Samuel,11,13,2 Samuel 11:13,13,ܕܡܪܗ,,,,Peshitta,PESH
10,2 Samuel,11,13,2 Samuel 11:13,14,ܘܠܒܝܬܗ,,,,Peshitta,PESH
10,2 Samuel,11,13,2 Samuel 11:13,15,ܠܐ,,,,Peshitta,PESH
10,2 Samuel,11,13,2 Samuel 11:13,16,ܢܚܬ,,,,Peshitta,PESH
10,2 Samuel,11,14,2 Samuel 11:14,1,ܘܒܨܦܪܐ,,,,Peshitta,PESH
10,2 Samuel,11,14,2 Samuel 11:14,2,ܟܬܒ,,,,Peshitta,PESH
10,2 Samuel,11,14,2 Samuel 11:14,3,ܐܝܓܪܬܐ,,,,Peshitta,PESH
10,2 Samuel,11,14,2 Samuel 11:14,4,ܕܘܝܕ,,,,Peshitta,PESH
10,2 Samuel,11,14,2 Samuel 11:14,5,ܠܝܘܐܒ,,,,Peshitta,PESH
10,2 Samuel,11,14,2 Samuel 11:14,6,ܘܫܕܪ,,,,Peshitta,PESH
10,2 Samuel,11,14,2 Samuel 11:14,7,ܒܐܝܕܗ,,,,Peshitta,PESH
10,2 Samuel,11,14,2 Samuel 11:14,8,ܕܐܘܪܝܐ,,,,Peshitta,PESH
10,2 Samuel,11,15,2 Samuel 11:15,1,ܘܟܬܒ,,,,Peshitta,PESH
10,2 Samuel,11,15,2 Samuel 11:15,2,ܠܗ,,,,Peshitta,PESH
10,2 Samuel,11,15,2 Samuel 11:15,3,ܥܒܕܝܗܝ,,,,Peshitta,PESH
10,2 Samuel,11,15,2 Samuel 11:15,4,ܠܐܘܪܝܐ,,,,Peshitta,PESH
10,2 Samuel,11,15,2 Samuel 11:15,5,ܒܪܝܫ,,,,Peshitta,PESH
10,2 Samuel,11,15,2 Samuel 11:15,6,ܚܝܠܐ,,,,Peshitta,PESH
10,2 Samuel,11,15,2 Samuel 11:15,7,ܕܩܪܒܐ,,,,Peshitta,PESH
10,2 Samuel,11,15,2 Samuel 11:15,8,ܘܗܦܘܟܘ,,,,Peshitta,PESH
10,2 Samuel,11,15,2 Samuel 11:15,9,ܠܟܘܢ,,,,Peshitta,PESH
10,2 Samuel,11,15,2 Samuel 11:15,10,ܡܢ,,,,Peshitta,PESH
10,2 Samuel,11,15,2 Samuel 11:15,11,ܒܬܪܗ,,,,Peshitta,PESH
10,2 Samuel,11,15,2 Samuel 11:15,12,ܕܢܒܠܥ,,,,Peshitta,PESH
10,2 Samuel,11,15,2 Samuel 11:15,13,ܘܢܡܘܬ,,,,Peshitta,PESH
10,2 Samuel,11,16,2 Samuel 11:16,1,ܘܟܕ,,,,Peshitta,PESH
10,2 Samuel,11,16,2 Samuel 11:16,2,ܫܪܐ,,,,Peshitta,PESH
10,2 Samuel,11,16,2 Samuel 11:16,3,ܝܘܐܒ,,,,Peshitta,PESH
10,2 Samuel,11,16,2 Samuel 11:16,4,ܥܠ,,,,Peshitta,PESH
10,2 Samuel,11,16,2 Samuel 11:16,5,ܩܪܝܬܐ,,,,Peshitta,PESH
10,2 Samuel,11,16,2 Samuel 11:16,6,ܐܩܝܡ,,,,Peshitta,PESH
10,2 Samuel,11,16,2 Samuel 11:16,7,ܠܐܘܪܝܐ,,,,Peshitta,PESH
10,2 Samuel,11,16,2 Samuel 11:16,8,ܒܕܘܟܬܐ,,,,Peshitta,PESH
10,2 Samuel,11,16,2 Samuel 11:16,9,ܕܝܕܥ,,,,Peshitta,PESH
10,2 Samuel,11,16,2 Samuel 11:16,10,ܕܓܒܪ̈ܐ,,,,Peshitta,PESH
10,2 Samuel,11,16,2 Samuel 11:16,11,ܚܝ̈ܠܬܢܐ,,,,Peshitta,PESH
10,2 Samuel,11,16,2 Samuel 11:16,12,ܬܡܢ,,,,Peshitta,PESH
10,2 Samuel,11,17,2 Samuel 11:17,1,ܘܢܦܩܘ,,,,Peshitta,PESH
10,2 Samuel,11,17,2 Samuel 11:17,2,ܐܢܫܐ,,,,Peshitta,PESH
10,2 Samuel,11,17,2 Samuel 11:17,3,ܕܩܪܝܬܐ,,,,Peshitta,PESH
10,2 Samuel,11,17,2 Samuel 11:17,4,ܘܐܬܟܬܫܘ,,,,Peshitta,PESH
10,2 Samuel,11,17,2 Samuel 11:17,5,ܥܡ,,,,Peshitta,PESH
10,2 Samuel,11,17,2 Samuel 11:17,6,ܝܘܐܒ,,,,Peshitta,PESH
10,2 Samuel,11,17,2 Samuel 11:17,7,ܘܢܦܠܘ,,,,Peshitta,PESH
10,2 Samuel,11,17,2 Samuel 11:17,8,ܬܡܢ,,,,Peshitta,PESH
10,2 Samuel,11,17,2 Samuel 11:17,9,ܡܢ,,,,Peshitta,PESH
10,2 Samuel,11,17,2 Samuel 11:17,10,ܥܡܐ,,,,Peshitta,PESH
10,2 Samuel,11,17,2 Samuel 11:17,11,ܡܢ,,,,Peshitta,PESH
10,2 Samuel,11,17,2 Samuel 11:17,12,ܥܒ̈ܕܘܗܝ,,,,Peshitta,PESH
10,2 Samuel,11,17,2 Samuel 11:17,13,ܕܕܘܝܕ,,,,Peshitta,PESH
10,2 Samuel,11,17,2 Samuel 11:17,14,ܘܡܝܬ,,,,Peshitta,PESH
10,2 Samuel,11,17,2 Samuel 11:17,15,ܐܦ,,,,Peshitta,PESH
10,2 Samuel,11,17,2 Samuel 11:17,16,ܐܘܪܝܐ,,,,Peshitta,PESH
10,2 Samuel,11,17,2 Samuel 11:17,17,ܚܬܝܐ,,,,Peshitta,PESH
10,2 Samuel,11,18,2 Samuel 11:18,1,ܘܫܕܪ,,,,Peshitta,PESH
10,2 Samuel,11,18,2 Samuel 11:18,2,ܝܘܐܒ,,,,Peshitta,PESH
10,2 Samuel,11,18,2 Samuel 11:18,3,ܘܚܘܝ,,,,Peshitta,PESH
10,2 Samuel,11,18,2 Samuel 11:18,4,ܠܕܘܝܕ,,,,Peshitta,PESH
10,2 Samuel,11,18,2 Samuel 11:18,5,ܟܠܡܕܡ,,,,Peshitta,PESH
10,2 Samuel,11,18,2 Samuel 11:18,6,ܕܗܘܐ,,,,Peshitta,PESH
10,2 Samuel,11,18,2 Samuel 11:18,7,ܒܩܪܒܐ,,,,Peshitta,PESH
10,2 Samuel,11,19,2 Samuel 11:19,1,ܘܦܩܕܗ,,,,Peshitta,PESH
10,2 Samuel,11,19,2 Samuel 11:19,2,ܝܘܐܒ,,,,Peshitta,PESH
10,2 Samuel,11,19,2 Samuel 11:19,3,ܠܡܠܐܟܐ,,,,Peshitta,PESH
10,2 Samuel,11,19,2 Samuel 11:19,4,ܘܐܡܪ,,,,Peshitta,PESH
10,2 Samuel,11,19,2 Samuel 11:19,5,ܠܗ,,,,Peshitta,PESH
10,2 Samuel,11,19,2 Samuel 11:19,6,ܡܐ,,,,Peshitta,PESH
10,2 Samuel,11,19,2 Samuel 11:19,7,ܕܛܠܩܬ,,,,Peshitta,PESH
10,2 Samuel,11,19,2 Samuel 11:19,8,ܠܡܐܡܪ,,,,Peshitta,PESH
10,2 Samuel,11,19,2 Samuel 11:19,9,ܠܡܠܟܐ,,,,Peshitta,PESH
10,2 Samuel,11,19,2 Samuel 11:19,10,ܟܠܡܕܡ,,,,Peshitta,PESH
10,2 Samuel,11,19,2 Samuel 11:19,11,ܕܗܘܐ,,,,Peshitta,PESH
10,2 Samuel,11,19,2 Samuel 11:19,12,ܒܩܪܒܐ,,,,Peshitta,PESH
10,2 Samuel,11,20,2 Samuel 11:20,1,ܐܢܗܘ,,,,Peshitta,PESH
10,2 Samuel,11,20,2 Samuel 11:20,2,ܕܣܠܩܬ,,,,Peshitta,PESH
10,2 Samuel,11,20,2 Samuel 11:20,3,ܚܡܬܗ,,,,Peshitta,PESH
10,2 Samuel,11,20,2 Samuel 11:20,4,ܕܡܠܟܐ,,,,Peshitta,PESH
10,2 Samuel,11,20,2 Samuel 11:20,5,ܘܐܡܪ,,,,Peshitta,PESH
10,2 Samuel,11,20,2 Samuel 11:20,6,ܠܟ,,,,Peshitta,PESH
10,2 Samuel,11,20,2 Samuel 11:20,7,ܠܡܢܐ,,,,Peshitta,PESH
10,2 Samuel,11,20,2 Samuel 11:20,8,ܐܬܩܪܒܬܘܢ,,,,Peshitta,PESH
10,2 Samuel,11,20,2 Samuel 11:20,9,ܠܘܬ,,,,Peshitta,PESH
10,2 Samuel,11,20,2 Samuel 11:20,10,ܩܪܝܬܐ,,,,Peshitta,PESH
10,2 Samuel,11,20,2 Samuel 11:20,11,ܠܡܬܟܬܫܘ,,,,Peshitta,PESH
10,2 Samuel,11,20,2 Samuel 11:20,12,ܥܡܗ̇,,,,Peshitta,PESH
10,2 Samuel,11,20,2 Samuel 11:20,13,ܠܐ,,,,Peshitta,PESH
10,2 Samuel,11,20,2 Samuel 11:20,14,ܝܕܥܝܢ,,,,Peshitta,PESH
10,2 Samuel,11,20,2 Samuel 11:20,15,ܗܘܝܬܘܢ,,,,Peshitta,PESH
10,2 Samuel,11,20,2 Samuel 11:20,16,ܕܫܕܝܢ,,,,Peshitta,PESH
10,2 Samuel,11,20,2 Samuel 11:20,17,ܡܢ,,,,Peshitta,PESH
10,2 Samuel,11,20,2 Samuel 11:20,18,ܫܘܪܐ,,,,Peshitta,PESH
10,2 Samuel,11,21,2 Samuel 11:21,1,ܡܢܘ,,,,Peshitta,PESH
10,2 Samuel,11,21,2 Samuel 11:21,2,ܩܛܠܗ,,,,Peshitta,PESH
10,2 Samuel,11,21,2 Samuel 11:21,3,ܠܐܒܝܡܠܟ,,,,Peshitta,PESH
10,2 Samuel,11,21,2 Samuel 11:21,4,ܒܪ,,,,Peshitta,PESH
10,2 Samuel,11,21,2 Samuel 11:21,5,ܢܕܘܒܥܠ,,,,Peshitta,PESH
10,2 Samuel,11,21,2 Samuel 11:21,6,ܠܐ,,,,Peshitta,PESH
10,2 Samuel,11,21,2 Samuel 11:21,7,ܗܘܐ,,,,Peshitta,PESH
10,2 Samuel,11,21,2 Samuel 11:21,8,ܐܢܬܬܐ,,,,Peshitta,PESH
10,2 Samuel,11,21,2 Samuel 11:21,9,ܫܕܬ,,,,Peshitta,PESH
10,2 Samuel,11,21,2 Samuel 11:21,10,ܥܠܘܗܝ,,,,Peshitta,PESH
10,2 Samuel,11,21,2 Samuel 11:21,11,ܬܒܪܐ,,,,Peshitta,PESH
10,2 Samuel,11,21,2 Samuel 11:21,12,ܕܪܟܒܐ,,,,Peshitta,PESH
10,2 Samuel,11,21,2 Samuel 11:21,13,ܕܪܚܝܐ,,,,Peshitta,PESH
10,2 Samuel,11,21,2 Samuel 11:21,14,ܡܢ,,,,Peshitta,PESH
10,2 Samuel,11,21,2 Samuel 11:21,15,ܫܘܪܐ,,,,Peshitta,PESH
10,2 Samuel,11,21,2 Samuel 11:21,16,ܘܡܝܬ,,,,Peshitta,PESH
10,2 Samuel,11,21,2 Samuel 11:21,17,ܠܡܢܐ,,,,Peshitta,PESH
10,2 Samuel,11,21,2 Samuel 11:21,18,ܐܬܩܪܒܬܘܢ,,,,Peshitta,PESH
10,2 Samuel,11,21,2 Samuel 11:21,19,ܠܘܬ,,,,Peshitta,PESH
10,2 Samuel,11,21,2 Samuel 11:21,20,ܫܘܪܐ,,,,Peshitta,PESH
10,2 Samuel,11,21,2 Samuel 11:21,21,ܐܢܗܘ,,,,Peshitta,PESH
10,2 Samuel,11,21,2 Samuel 11:21,22,ܕܐܡܪ,,,,Peshitta,PESH
10,2 Samuel,11,21,2 Samuel 11:21,23,ܠܟ,,,,Peshitta,PESH
10,2 Samuel,11,21,2 Samuel 11:21,24,ܗܠܝܢ,,,,Peshitta,PESH
10,2 Samuel,11,21,2 Samuel 11:21,25,ܐܡܪ,,,,Peshitta,PESH
10,2 Samuel,11,21,2 Samuel 11:21,26,ܠܗ,,,,Peshitta,PESH
10,2 Samuel,11,21,2 Samuel 11:21,27,ܐܦ,,,,Peshitta,PESH
10,2 Samuel,11,21,2 Samuel 11:21,28,ܥܒܕܟ,,,,Peshitta,PESH
10,2 Samuel,11,21,2 Samuel 11:21,29,ܐܘܪܝܐ,,,,Peshitta,PESH
10,2 Samuel,11,21,2 Samuel 11:21,30,ܚܬܝܐ,,,,Peshitta,PESH
10,2 Samuel,11,21,2 Samuel 11:21,31,ܡܝܬ,,,,Peshitta,PESH
10,2 Samuel,11,22,2 Samuel 11:22,1,ܘܐܙܠ,,,,Peshitta,PESH
10,2 Samuel,11,22,2 Samuel 11:22,2,ܡܠܐܟܐ,,,,Peshitta,PESH
10,2 Samuel,11,22,2 Samuel 11:22,3,ܘܚܘܝ,,,,Peshitta,PESH
10,2 Samuel,11,22,2 Samuel 11:22,4,ܠܕܘܝܕ,,,,Peshitta,PESH
10,2 Samuel,11,22,2 Samuel 11:22,5,ܟܠܡܕܡ,,,,Peshitta,PESH
10,2 Samuel,11,22,2 Samuel 11:22,6,ܕܦܩܕܗ,,,,Peshitta,PESH
10,2 Samuel,11,22,2 Samuel 11:22,7,ܝܘܐܒ,,,,Peshitta,PESH
10,2 Samuel,11,23,2 Samuel 11:23,1,ܘܐܡܪ,,,,Peshitta,PESH
10,2 Samuel,11,23,2 Samuel 11:23,2,ܠܗ,,,,Peshitta,PESH
10,2 Samuel,11,23,2 Samuel 11:23,3,ܡܠܐܟܐ,,,,Peshitta,PESH
10,2 Samuel,11,23,2 Samuel 11:23,4,ܠܕܘܝܕ,,,,Peshitta,PESH
10,2 Samuel,11,23,2 Samuel 11:23,5,ܥܫܢܘ,,,,Peshitta,PESH
10,2 Samuel,11,23,2 Samuel 11:23,6,ܡܢܢ,,,,Peshitta,PESH
10,2 Samuel,11,23,2 Samuel 11:23,7,ܐܢܫܐ,,,,Peshitta,PESH
10,2 Samuel,11,23,2 Samuel 11:23,8,ܘܢܦܩܘ,,,,Peshitta,PESH
10,2 Samuel,11,23,2 Samuel 11:23,9,ܥܠܝܢ,,,,Peshitta,PESH
10,2 Samuel,11,23,2 Samuel 11:23,10,ܠܕܒܪܐ,,,,Peshitta,PESH
10,2 Samuel,11,23,2 Samuel 11:23,11,ܘܐܬܬܣܝܡܢ,,,,Peshitta,PESH
10,2 Samuel,11,23,2 Samuel 11:23,12,ܥܠܝܗܘܢ,,,,Peshitta,PESH
10,2 Samuel,11,23,2 Samuel 11:23,13,ܥܕܡܐ,,,,Peshitta,PESH
10,2 Samuel,11,23,2 Samuel 11:23,14,ܠܬܪܥܐ,,,,Peshitta,PESH
10,2 Samuel,11,23,2 Samuel 11:23,15,ܕܩܪܝܬܐ,,,,Peshitta,PESH
10,2 Samuel,11,24,2 Samuel 11:24,1,ܘܫܕܘ,,,,Peshitta,PESH
10,2 Samuel,11,24,2 Samuel 11:24,2,ܗܢܘܢ,,,,Peshitta,PESH
10,2 Samuel,11,24,2 Samuel 11:24,3,ܕܩܝܡܝܢ,,,,Peshitta,PESH
10,2 Samuel,11,24,2 Samuel 11:24,4,ܥܠ,,,,Peshitta,PESH
10,2 Samuel,11,24,2 Samuel 11:24,5,ܫܘܪܐ,,,,Peshitta,PESH
10,2 Samuel,11,24,2 Samuel 11:24,6,ܘܡܝܬܘ,,,,Peshitta,PESH
10,2 Samuel,11,24,2 Samuel 11:24,7,ܡܢ,,,,Peshitta,PESH
10,2 Samuel,11,24,2 Samuel 11:24,8,ܥܒ̈ܕܝܟ,,,,Peshitta,PESH
10,2 Samuel,11,24,2 Samuel 11:24,9,ܡܠܟܐ,,,,Peshitta,PESH
10,2 Samuel,11,24,2 Samuel 11:24,10,ܘܐܦ,,,,Peshitta,PESH
10,2 Samuel,11,24,2 Samuel 11:24,11,ܥܒܕܟ,,,,Peshitta,PESH
10,2 Samuel,11,24,2 Samuel 11:24,12,ܐܘܪܝܐ,,,,Peshitta,PESH
10,2 Samuel,11,24,2 Samuel 11:24,13,ܚܬܝܐ,,,,Peshitta,PESH
10,2 Samuel,11,24,2 Samuel 11:24,14,ܡܝܬ,,,,Peshitta,PESH
10,2 Samuel,11,25,2 Samuel 11:25,1,ܘܐܡܪ,,,,Peshitta,PESH
10,2 Samuel,11,25,2 Samuel 11:25,2,ܕܘܝܕ,,,,Peshitta,PESH
10,2 Samuel,11,25,2 Samuel 11:25,3,ܠܡܠܐܟܐ,,,,Peshitta,PESH
10,2 Samuel,11,25,2 Samuel 11:25,4,ܐܡܪ,,,,Peshitta,PESH
10,2 Samuel,11,25,2 Samuel 11:25,5,ܠܝܘܐܒ,,,,Peshitta,PESH
10,2 Samuel,11,25,2 Samuel 11:25,6,ܠܐ,,,,Peshitta,PESH
10,2 Samuel,11,25,2 Samuel 11:25,7,ܢܬܒܐܫ,,,,Peshitta,PESH
10,2 Samuel,11,25,2 Samuel 11:25,8,ܒܥܝܢ̈ܝܟ,,,,Peshitta,PESH
10,2 Samuel,11,25,2 Samuel 11:25,9,ܥܠ,,,,Peshitta,PESH
10,2 Samuel,11,25,2 Samuel 11:25,10,ܗܕܐ,,,,Peshitta,PESH
10,2 Samuel,11,25,2 Samuel 11:25,11,ܐܦ,,,,Peshitta,PESH
10,2 Samuel,11,25,2 Samuel 11:25,12,ܗܟܢܐ,,,,Peshitta,PESH
10,2 Samuel,11,25,2 Samuel 11:25,13,ܐܦ,,,,Peshitta,PESH
10,2 Samuel,11,25,2 Samuel 11:25,14,ܗܟܢܐ,,,,Peshitta,PESH
10,2 Samuel,11,25,2 Samuel 11:25,15,ܓܕܫ,,,,Peshitta,PESH
10,2 Samuel,11,25,2 Samuel 11:25,16,ܒܩܪܒܐ,,,,Peshitta,PESH
10,2 Samuel,11,25,2 Samuel 11:25,17,ܐܥܫܢ,,,,Peshitta,PESH
10,2 Samuel,11,25,2 Samuel 11:25,18,ܩܪܒܐ,,,,Peshitta,PESH
10,2 Samuel,11,25,2 Samuel 11:25,19,ܥܠ,,,,Peshitta,PESH
10,2 Samuel,11,25,2 Samuel 11:25,20,ܩܪܝܬܐ,,,,Peshitta,PESH
10,2 Samuel,11,25,2 Samuel 11:25,21,ܘܐܚܘܕܝܗ̇,,,,Peshitta,PESH
10,2 Samuel,11,25,2 Samuel 11:25,22,ܘܣܚܘܦܝܗ̇,,,,Peshitta,PESH
10,2 Samuel,11,26,2 Samuel 11:26,1,ܘܫܡܥܬ,,,,Peshitta,PESH
10,2 Samuel,11,26,2 Samuel 11:26,2,ܐܢܬܬܗ,,,,Peshitta,PESH
10,2 Samuel,11,26,2 Samuel 11:26,3,ܕܐܘܪܝܐ,,,,Peshitta,PESH
10,2 Samuel,11,26,2 Samuel 11:26,4,ܚܬܝܐ,,,,Peshitta,PESH
10,2 Samuel,11,26,2 Samuel 11:26,5,ܕܡܝܬ,,,,Peshitta,PESH
10,2 Samuel,11,26,2 Samuel 11:26,6,ܒܥܠܗ̇,,,,Peshitta,PESH
10,2 Samuel,11,26,2 Samuel 11:26,7,ܘܐܪܩܕܬ,,,,Peshitta,PESH
10,2 Samuel,11,26,2 Samuel 11:26,8,ܥܠ,,,,Peshitta,PESH
10,2 Samuel,11,26,2 Samuel 11:26,9,ܒܥܠܗ̇,,,,Peshitta,PESH
10,2 Samuel,11,27,2 Samuel 11:27,1,ܘܥܒܪܘ,,,,Peshitta,PESH
10,2 Samuel,11,27,2 Samuel 11:27,2,ܝܘܡ̈ܬܐ,,,,Peshitta,PESH
10,2 Samuel,11,27,2 Samuel 11:27,3,ܕܐܒܠܗ̇,,,,Peshitta,PESH
10,2 Samuel,11,27,2 Samuel 11:27,4,ܘܫܕܪ,,,,Peshitta,PESH
10,2 Samuel,11,27,2 Samuel 11:27,5,ܕܘܝܕ,,,,Peshitta,PESH
10,2 Samuel,11,27,2 Samuel 11:27,6,ܘܐܥܠܗ̇,,,,Peshitta,PESH
10,2 Samuel,11,27,2 Samuel 11:27,7,ܠܒܝܬܗ,,,,Peshitta,PESH
10,2 Samuel,11,27,2 Samuel 11:27,8,ܘܗܘܬ,,,,Peshitta,PESH
10,2 Samuel,11,27,2 Samuel 11:27,9,ܠܗ,,,,Peshitta,PESH
10,2 Samuel,11,27,2 Samuel 11:27,10,ܐܢܬܬܐ,,,,Peshitta,PESH
10,2 Samuel,11,27,2 Samuel 11:27,11,ܘܝܠܕܬ,,,,Peshitta,PESH
10,2 Samuel,11,27,2 Samuel 11:27,12,ܠܗ,,,,Peshitta,PESH
10,2 Samuel,11,27,2 Samuel 11:27,13,ܒܪܐ,,,,Peshitta,PESH
10,2 Samuel,11,27,2 Samuel 11:27,14,ܘܐܬܒܐܫܬ,,,,Peshitta,PESH
10,2 Samuel,11,27,2 Samuel 11:27,15,ܥܒܝܕܬܐ,,,,Peshitta,PESH
10,2 Samuel,11,27,2 Samuel 11:27,16,ܕܥܒܕ,,,,Peshitta,PESH
10,2 Samuel,11,27,2 Samuel 11:27,17,ܕܘܝܕ,,,,Peshitta,PESH
10,2 Samuel,11,27,2 Samuel 11:27,18,ܩܕܡ,,,,Peshitta,PESH
10,2 Samuel,11,27,2 Samuel 11:27,19,ܡܪܝܐ,,,,Peshitta,PESH
10,2 Samuel,12,1,2 Samuel 12:1,1,ܘܫܕܪ,,,,Peshitta,PESH
10,2 Samuel,12,1,2 Samuel 12:1,2,ܡܪܝܐ,,,,Peshitta,PESH
10,2 Samuel,12,1,2 Samuel 12:1,3,ܠܢܬܢ,,,,Peshitta,PESH
10,2 Samuel,12,1,2 Samuel 12:1,4,ܢܒܝܐ,,,,Peshitta,PESH
10,2 Samuel,12,1,2 Samuel 12:1,5,ܠܘܬ,,,,Peshitta,PESH
10,2 Samuel,12,1,2 Samuel 12:1,6,ܕܘܝܕ,,,,Peshitta,PESH
10,2 Samuel,12,1,2 Samuel 12:1,7,ܘܐܬܐ,,,,Peshitta,PESH
10,2 Samuel,12,1,2 Samuel 12:1,8,ܠܘܬܗ,,,,Peshitta,PESH
10,2 Samuel,12,1,2 Samuel 12:1,9,ܘܐܡܪ,,,,Peshitta,PESH
10,2 Samuel,12,1,2 Samuel 12:1,10,ܠܗ,,,,Peshitta,PESH
10,2 Samuel,12,1,2 Samuel 12:1,11,ܬܪ̈ܝܢ,,,,Peshitta,PESH
10,2 Samuel,12,1,2 Samuel 12:1,12,ܐܢܫ̈ܝܢ,,,,Peshitta,PESH
10,2 Samuel,12,1,2 Samuel 12:1,13,ܐܝܬ,,,,Peshitta,PESH
10,2 Samuel,12,1,2 Samuel 12:1,14,ܗܘܘ,,,,Peshitta,PESH
10,2 Samuel,12,1,2 Samuel 12:1,15,ܒܩܪܝܬܐ,,,,Peshitta,PESH
10,2 Samuel,12,1,2 Samuel 12:1,16,ܚܕܐ,,,,Peshitta,PESH
10,2 Samuel,12,1,2 Samuel 12:1,17,ܚܕ,,,,Peshitta,PESH
10,2 Samuel,12,1,2 Samuel 12:1,18,ܥܬܝܪ,,,,Peshitta,PESH
10,2 Samuel,12,1,2 Samuel 12:1,19,ܘܚܕ,,,,Peshitta,PESH
10,2 Samuel,12,1,2 Samuel 12:1,20,ܡܣܟܝܢ,,,,Peshitta,PESH
10,2 Samuel,12,2,2 Samuel 12:2,1,ܠܥܬܝܪܐ,,,,Peshitta,PESH
10,2 Samuel,12,2,2 Samuel 12:2,2,ܐܝܬ,,,,Peshitta,PESH
10,2 Samuel,12,2,2 Samuel 12:2,3,ܗܘܐ,,,,Peshitta,PESH
10,2 Samuel,12,2,2 Samuel 12:2,4,ܠܗ,,,,Peshitta,PESH
10,2 Samuel,12,2,2 Samuel 12:2,5,ܥܢܐ,,,,Peshitta,PESH
10,2 Samuel,12,2,2 Samuel 12:2,6,ܘܬܘܪ̈ܐ,,,,Peshitta,PESH
10,2 Samuel,12,2,2 Samuel 12:2,7,ܣܘܓܐܐ,,,,Peshitta,PESH
10,2 Samuel,12,2,2 Samuel 12:2,8,ܕܛܒ,,,,Peshitta,PESH
10,2 Samuel,12,3,2 Samuel 12:3,1,ܘܠܡܣܟܢܐ,,,,Peshitta,PESH
10,2 Samuel,12,3,2 Samuel 12:3,2,ܠܝܬ,,,,Peshitta,PESH
10,2 Samuel,12,3,2 Samuel 12:3,3,ܗܘܐ,,,,Peshitta,PESH
10,2 Samuel,12,3,2 Samuel 12:3,4,ܠܗ,,,,Peshitta,PESH
10,2 Samuel,12,3,2 Samuel 12:3,5,ܡܕܡ,,,,Peshitta,PESH
10,2 Samuel,12,3,2 Samuel 12:3,6,ܐܠܐ,,,,Peshitta,PESH
10,2 Samuel,12,3,2 Samuel 12:3,7,ܐܢ,,,,Peshitta,PESH
10,2 Samuel,12,3,2 Samuel 12:3,8,ܦܪܬܐ,,,,Peshitta,PESH
10,2 Samuel,12,3,2 Samuel 12:3,9,ܚܕܐ,,,,Peshitta,PESH
10,2 Samuel,12,3,2 Samuel 12:3,10,ܙܥܘܪܬܐ,,,,Peshitta,PESH
10,2 Samuel,12,3,2 Samuel 12:3,11,ܕܩܢܐ,,,,Peshitta,PESH
10,2 Samuel,12,3,2 Samuel 12:3,12,ܗܘܐ,,,,Peshitta,PESH
10,2 Samuel,12,3,2 Samuel 12:3,13,ܘܚܝܐ,,,,Peshitta,PESH
10,2 Samuel,12,3,2 Samuel 12:3,14,ܗܘܬ,,,,Peshitta,PESH
10,2 Samuel,12,3,2 Samuel 12:3,15,ܥܡܗ,,,,Peshitta,PESH
10,2 Samuel,12,3,2 Samuel 12:3,16,ܘܥܡ,,,,Peshitta,PESH
10,2 Samuel,12,3,2 Samuel 12:3,17,ܒܢ̈ܘܗܝ,,,,Peshitta,PESH
10,2 Samuel,12,3,2 Samuel 12:3,18,ܐܟܚܕܐ,,,,Peshitta,PESH
10,2 Samuel,12,3,2 Samuel 12:3,19,ܡܢ,,,,Peshitta,PESH
10,2 Samuel,12,3,2 Samuel 12:3,20,ܠܚܡܗ,,,,Peshitta,PESH
10,2 Samuel,12,3,2 Samuel 12:3,21,ܐܟܠܐ,,,,Peshitta,PESH
10,2 Samuel,12,3,2 Samuel 12:3,22,ܗܘܬ,,,,Peshitta,PESH
10,2 Samuel,12,3,2 Samuel 12:3,23,ܘܡܢ,,,,Peshitta,PESH
10,2 Samuel,12,3,2 Samuel 12:3,24,ܟܣܗ,,,,Peshitta,PESH
10,2 Samuel,12,3,2 Samuel 12:3,25,ܫܬܝܐ,,,,Peshitta,PESH
10,2 Samuel,12,3,2 Samuel 12:3,26,ܗܘܬ,,,,Peshitta,PESH
10,2 Samuel,12,3,2 Samuel 12:3,27,ܘܒܥܘܒܗ,,,,Peshitta,PESH
10,2 Samuel,12,3,2 Samuel 12:3,28,ܕܡܟܐ,,,,Peshitta,PESH
10,2 Samuel,12,3,2 Samuel 12:3,29,ܗܘܬ,,,,Peshitta,PESH
10,2 Samuel,12,3,2 Samuel 12:3,30,ܘܐܝܟ,,,,Peshitta,PESH
10,2 Samuel,12,3,2 Samuel 12:3,31,ܒܪܬܐ,,,,Peshitta,PESH
10,2 Samuel,12,3,2 Samuel 12:3,32,ܥܒܝܕܐ,,,,Peshitta,PESH
10,2 Samuel,12,3,2 Samuel 12:3,33,ܗܘܬ,,,,Peshitta,PESH
10,2 Samuel,12,3,2 Samuel 12:3,34,ܠܗ,,,,Peshitta,PESH
10,2 Samuel,12,4,2 Samuel 12:4,1,ܐܬܐ,,,,Peshitta,PESH
10,2 Samuel,12,4,2 Samuel 12:4,2,ܐܪܚܐ,,,,Peshitta,PESH
10,2 Samuel,12,4,2 Samuel 12:4,3,ܠܓܒܪܐ,,,,Peshitta,PESH
10,2 Samuel,12,4,2 Samuel 12:4,4,ܥܬܝܪܐ,,,,Peshitta,PESH
10,2 Samuel,12,4,2 Samuel 12:4,5,ܘܚܣ,,,,Peshitta,PESH
10,2 Samuel,12,4,2 Samuel 12:4,6,ܕܢܣܒ,,,,Peshitta,PESH
10,2 Samuel,12,4,2 Samuel 12:4,7,ܡܢ,,,,Peshitta,PESH
10,2 Samuel,12,4,2 Samuel 12:4,8,ܬܘܪ̈ܘܗܝ,,,,Peshitta,PESH
10,2 Samuel,12,4,2 Samuel 12:4,9,ܘܡܢ,,,,Peshitta,PESH
10,2 Samuel,12,4,2 Samuel 12:4,10,ܥܢܗ,,,,Peshitta,PESH
10,2 Samuel,12,4,2 Samuel 12:4,11,ܘܢܥܒܕ,,,,Peshitta,PESH
10,2 Samuel,12,4,2 Samuel 12:4,12,ܠܐܪܚܐ,,,,Peshitta,PESH
10,2 Samuel,12,4,2 Samuel 12:4,13,ܕܐܬܐ,,,,Peshitta,PESH
10,2 Samuel,12,4,2 Samuel 12:4,14,ܠܗ,,,,Peshitta,PESH
10,2 Samuel,12,4,2 Samuel 12:4,15,ܘܢܣܒ,,,,Peshitta,PESH
10,2 Samuel,12,4,2 Samuel 12:4,16,ܦܪܬܗ,,,,Peshitta,PESH
10,2 Samuel,12,4,2 Samuel 12:4,17,ܕܗ̇ܘ,,,,Peshitta,PESH
10,2 Samuel,12,4,2 Samuel 12:4,18,ܡܣܟܢܐ,,,,Peshitta,PESH
10,2 Samuel,12,4,2 Samuel 12:4,19,ܘܥܒܕ,,,,Peshitta,PESH
10,2 Samuel,12,4,2 Samuel 12:4,20,ܠܐܪܚܐ,,,,Peshitta,PESH
10,2 Samuel,12,4,2 Samuel 12:4,21,ܕܐܬܐ,,,,Peshitta,PESH
10,2 Samuel,12,4,2 Samuel 12:4,22,ܠܗ,,,,Peshitta,PESH
10,2 Samuel,12,5,2 Samuel 12:5,1,ܗܝܕܝܢ,,,,Peshitta,PESH
10,2 Samuel,12,5,2 Samuel 12:5,2,ܐܬܚܡܬ,,,,Peshitta,PESH
10,2 Samuel,12,5,2 Samuel 12:5,3,ܕܘܝܕ,,,,Peshitta,PESH
10,2 Samuel,12,5,2 Samuel 12:5,4,ܥܠܘܗܝ,,,,Peshitta,PESH
10,2 Samuel,12,5,2 Samuel 12:5,5,ܥܠ,,,,Peshitta,PESH
10,2 Samuel,12,5,2 Samuel 12:5,6,ܓܒܪܐ,,,,Peshitta,PESH
10,2 Samuel,12,5,2 Samuel 12:5,7,ܘܐܡܪ,,,,Peshitta,PESH
10,2 Samuel,12,5,2 Samuel 12:5,8,ܚܝ,,,,Peshitta,PESH
10,2 Samuel,12,5,2 Samuel 12:5,9,ܗܘ,,,,Peshitta,PESH
10,2 Samuel,12,5,2 Samuel 12:5,10,ܡܪܝܐ,,,,Peshitta,PESH
10,2 Samuel,12,5,2 Samuel 12:5,11,ܕܚܝܒ,,,,Peshitta,PESH
10,2 Samuel,12,5,2 Samuel 12:5,12,ܡܘܬܐ,,,,Peshitta,PESH
10,2 Samuel,12,5,2 Samuel 12:5,13,ܗܘ,,,,Peshitta,PESH
10,2 Samuel,12,5,2 Samuel 12:5,14,ܓܒܪܐ,,,,Peshitta,PESH
10,2 Samuel,12,5,2 Samuel 12:5,15,ܕܥܒܕ,,,,Peshitta,PESH
10,2 Samuel,12,5,2 Samuel 12:5,16,ܗܕܐ,,,,Peshitta,PESH
10,2 Samuel,12,6,2 Samuel 12:6,1,ܦܪܬܐ,,,,Peshitta,PESH
10,2 Samuel,12,6,2 Samuel 12:6,2,ܢܦܪܥܝܗ,,,,Peshitta,PESH
10,2 Samuel,12,6,2 Samuel 12:6,3,ܚܕܐ,,,,Peshitta,PESH
10,2 Samuel,12,6,2 Samuel 12:6,4,ܒܐܪ̈ܒܥ,,,,Peshitta,PESH
10,2 Samuel,12,6,2 Samuel 12:6,5,ܥܠ,,,,Peshitta,PESH
10,2 Samuel,12,6,2 Samuel 12:6,6,ܕܥܒܕ,,,,Peshitta,PESH
10,2 Samuel,12,6,2 Samuel 12:6,7,ܗܟܢܐ,,,,Peshitta,PESH
10,2 Samuel,12,6,2 Samuel 12:6,8,ܘܠܐ,,,,Peshitta,PESH
10,2 Samuel,12,6,2 Samuel 12:6,9,ܚܣ,,,,Peshitta,PESH
10,2 Samuel,12,7,2 Samuel 12:7,1,ܐܡܪ,,,,Peshitta,PESH
10,2 Samuel,12,7,2 Samuel 12:7,2,ܠܗ,,,,Peshitta,PESH
10,2 Samuel,12,7,2 Samuel 12:7,3,ܢܬܢ,,,,Peshitta,PESH
10,2 Samuel,12,7,2 Samuel 12:7,4,ܠܕܘܝܕ,,,,Peshitta,PESH
10,2 Samuel,12,7,2 Samuel 12:7,5,ܐܢܬ,,,,Peshitta,PESH
10,2 Samuel,12,7,2 Samuel 12:7,6,ܗܘ,,,,Peshitta,PESH
10,2 Samuel,12,7,2 Samuel 12:7,7,ܓܒܪܐ,,,,Peshitta,PESH
10,2 Samuel,12,7,2 Samuel 12:7,8,ܗܟܢܐ,,,,Peshitta,PESH
10,2 Samuel,12,7,2 Samuel 12:7,9,ܐܡܪ,,,,Peshitta,PESH
10,2 Samuel,12,7,2 Samuel 12:7,10,ܡܪܝܐ,,,,Peshitta,PESH
10,2 Samuel,12,7,2 Samuel 12:7,11,ܐܠܗܐ,,,,Peshitta,PESH
10,2 Samuel,12,7,2 Samuel 12:7,12,ܕܐܝܣܪܝܠ,,,,Peshitta,PESH
10,2 Samuel,12,7,2 Samuel 12:7,13,ܐܢܐ,,,,Peshitta,PESH
10,2 Samuel,12,7,2 Samuel 12:7,14,ܡܫܚܬܟ,,,,Peshitta,PESH
10,2 Samuel,12,7,2 Samuel 12:7,15,ܕܬܡܠܟ,,,,Peshitta,PESH
10,2 Samuel,12,7,2 Samuel 12:7,16,ܥܠ,,,,Peshitta,PESH
10,2 Samuel,12,7,2 Samuel 12:7,17,ܥܡܝ,,,,Peshitta,PESH
10,2 Samuel,12,7,2 Samuel 12:7,18,ܐܝܣܪܝܠ,,,,Peshitta,PESH
10,2 Samuel,12,7,2 Samuel 12:7,19,ܘܐܢܐ,,,,Peshitta,PESH
10,2 Samuel,12,7,2 Samuel 12:7,20,ܦܨܝܬܟ,,,,Peshitta,PESH
10,2 Samuel,12,7,2 Samuel 12:7,21,ܡܢ,,,,Peshitta,PESH
10,2 Samuel,12,7,2 Samuel 12:7,22,ܐ̈ܝܕܘܗܝ,,,,Peshitta,PESH
10,2 Samuel,12,7,2 Samuel 12:7,23,ܕܫܐܘܠ,,,,Peshitta,PESH
10,2 Samuel,12,8,2 Samuel 12:8,1,ܘܝܗܒܬ,,,,Peshitta,PESH
10,2 Samuel,12,8,2 Samuel 12:8,2,ܠܟ,,,,Peshitta,PESH
10,2 Samuel,12,8,2 Samuel 12:8,3,ܒܢ̈ܬ,,,,Peshitta,PESH
10,2 Samuel,12,8,2 Samuel 12:8,4,ܡܪܟ,,,,Peshitta,PESH
10,2 Samuel,12,8,2 Samuel 12:8,5,ܘܢܫ̈ܘܗܝ,,,,Peshitta,PESH
10,2 Samuel,12,8,2 Samuel 12:8,6,ܕܡܪܟ,,,,Peshitta,PESH
10,2 Samuel,12,8,2 Samuel 12:8,7,ܐܕܡܟܬ,,,,Peshitta,PESH
10,2 Samuel,12,8,2 Samuel 12:8,8,ܒܥܘܒܟ,,,,Peshitta,PESH
10,2 Samuel,12,8,2 Samuel 12:8,9,ܘܝܗܒܬ,,,,Peshitta,PESH
10,2 Samuel,12,8,2 Samuel 12:8,10,ܠܟ,,,,Peshitta,PESH
10,2 Samuel,12,8,2 Samuel 12:8,11,ܒܢ̈ܬ,,,,Peshitta,PESH
10,2 Samuel,12,8,2 Samuel 12:8,12,ܐܝܣܪܝܠ,,,,Peshitta,PESH
10,2 Samuel,12,8,2 Samuel 12:8,13,ܘܝܗܘܕܐ,,,,Peshitta,PESH
10,2 Samuel,12,8,2 Samuel 12:8,14,ܘܐܢ,,,,Peshitta,PESH
10,2 Samuel,12,8,2 Samuel 12:8,15,ܙܥܘܪ̈ܝܢ,,,,Peshitta,PESH
10,2 Samuel,12,8,2 Samuel 12:8,16,ܗ̈ܘܝ,,,,Peshitta,PESH
10,2 Samuel,12,8,2 Samuel 12:8,17,ܐܡܪܬ,,,,Peshitta,PESH
10,2 Samuel,12,8,2 Samuel 12:8,18,ܕܝܢ,,,,Peshitta,PESH
10,2 Samuel,12,8,2 Samuel 12:8,19,ܘܐܘܣܦܬ,,,,Peshitta,PESH
10,2 Samuel,12,8,2 Samuel 12:8,20,ܠܟ,,,,Peshitta,PESH
10,2 Samuel,12,8,2 Samuel 12:8,21,ܐܟܘܬܗܝܢ,,,,Peshitta,PESH
10,2 Samuel,12,8,2 Samuel 12:8,22,ܘܐܟܘܬܗܝܢ,,,,Peshitta,PESH
10,2 Samuel,12,9,2 Samuel 12:9,1,ܠܡܢܐ,,,,Peshitta,PESH
10,2 Samuel,12,9,2 Samuel 12:9,2,ܫܛܬ,,,,Peshitta,PESH
10,2 Samuel,12,9,2 Samuel 12:9,3,ܦܘܩܕܢܗ,,,,Peshitta,PESH
10,2 Samuel,12,9,2 Samuel 12:9,4,ܕܡܪܝܐ,,,,Peshitta,PESH
10,2 Samuel,12,9,2 Samuel 12:9,5,ܘܥܒܕܬ,,,,Peshitta,PESH
10,2 Samuel,12,9,2 Samuel 12:9,6,ܕܒܝܫ,,,,Peshitta,PESH
10,2 Samuel,12,9,2 Samuel 12:9,7,ܩܕܡ,,,,Peshitta,PESH
10,2 Samuel,12,9,2 Samuel 12:9,8,ܡܪܝܐ,,,,Peshitta,PESH
10,2 Samuel,12,9,2 Samuel 12:9,9,ܠܐܘܪܝܐ,,,,Peshitta,PESH
10,2 Samuel,12,9,2 Samuel 12:9,10,ܚܬܝܐ,,,,Peshitta,PESH
10,2 Samuel,12,9,2 Samuel 12:9,11,ܩܛܠܬ,,,,Peshitta,PESH
10,2 Samuel,12,9,2 Samuel 12:9,12,ܒܚܪܒܐ,,,,Peshitta,PESH
10,2 Samuel,12,9,2 Samuel 12:9,13,ܘܐܢܬܬܗ,,,,Peshitta,PESH
10,2 Samuel,12,9,2 Samuel 12:9,14,ܢܣܒܬ,,,,Peshitta,PESH
10,2 Samuel,12,9,2 Samuel 12:9,15,ܠܟ,,,,Peshitta,PESH
10,2 Samuel,12,9,2 Samuel 12:9,16,ܐܢܬܬܐ,,,,Peshitta,PESH
10,2 Samuel,12,9,2 Samuel 12:9,17,ܘܠܗ,,,,Peshitta,PESH
10,2 Samuel,12,9,2 Samuel 12:9,18,ܩܛܠܬ,,,,Peshitta,PESH
10,2 Samuel,12,9,2 Samuel 12:9,19,ܒܚܪܒܐ,,,,Peshitta,PESH
10,2 Samuel,12,9,2 Samuel 12:9,20,ܕܒܢ̈ܝ,,,,Peshitta,PESH
10,2 Samuel,12,9,2 Samuel 12:9,21,ܥܡܘܢ,,,,Peshitta,PESH
10,2 Samuel,12,10,2 Samuel 12:10,1,ܡܟܝܠ,,,,Peshitta,PESH
10,2 Samuel,12,10,2 Samuel 12:10,2,ܠܐ,,,,Peshitta,PESH
10,2 Samuel,12,10,2 Samuel 12:10,3,ܬܥܢܕ,,,,Peshitta,PESH
10,2 Samuel,12,10,2 Samuel 12:10,4,ܚܪܒܐ,,,,Peshitta,PESH
10,2 Samuel,12,10,2 Samuel 12:10,5,ܡܢ,,,,Peshitta,PESH
10,2 Samuel,12,10,2 Samuel 12:10,6,ܒܝܬܟ,,,,Peshitta,PESH
10,2 Samuel,12,10,2 Samuel 12:10,7,ܥܕܡܐ,,,,Peshitta,PESH
10,2 Samuel,12,10,2 Samuel 12:10,8,ܠܥܠܡ,,,,Peshitta,PESH
10,2 Samuel,12,10,2 Samuel 12:10,9,ܥܠ,,,,Peshitta,PESH
10,2 Samuel,12,10,2 Samuel 12:10,10,ܕܫܛܬܢܝ,,,,Peshitta,PESH
10,2 Samuel,12,10,2 Samuel 12:10,11,ܘܢܣܒܬ,,,,Peshitta,PESH
10,2 Samuel,12,10,2 Samuel 12:10,12,ܐܢܬܬܗ,,,,Peshitta,PESH
10,2 Samuel,12,10,2 Samuel 12:10,13,ܕܐܘܪܝܐ,,,,Peshitta,PESH
10,2 Samuel,12,10,2 Samuel 12:10,14,ܚܬܝܐ,,,,Peshitta,PESH
10,2 Samuel,12,10,2 Samuel 12:10,15,ܕܬܗܘܐ,,,,Peshitta,PESH
10,2 Samuel,12,10,2 Samuel 12:10,16,ܠܟ,,,,Peshitta,PESH
10,2 Samuel,12,10,2 Samuel 12:10,17,ܐܢܬܬܐ,,,,Peshitta,PESH
10,2 Samuel,12,11,2 Samuel 12:11,1,ܗܟܢܐ,,,,Peshitta,PESH
10,2 Samuel,12,11,2 Samuel 12:11,2,ܐܡܪ,,,,Peshitta,PESH
10,2 Samuel,12,11,2 Samuel 12:11,3,ܡܪܝܐ,,,,Peshitta,PESH
10,2 Samuel,12,11,2 Samuel 12:11,4,ܗܐ,,,,Peshitta,PESH
10,2 Samuel,12,11,2 Samuel 12:11,5,ܡܩܝܡ,,,,Peshitta,PESH
10,2 Samuel,12,11,2 Samuel 12:11,6,ܐܢܐ,,,,Peshitta,PESH
10,2 Samuel,12,11,2 Samuel 12:11,7,ܥܠܝܟ,,,,Peshitta,PESH
10,2 Samuel,12,11,2 Samuel 12:11,8,ܒܝܫܬܐ,,,,Peshitta,PESH
10,2 Samuel,12,11,2 Samuel 12:11,9,ܡܢ,,,,Peshitta,PESH
10,2 Samuel,12,11,2 Samuel 12:11,10,ܒܝܬܟ,,,,Peshitta,PESH
10,2 Samuel,12,11,2 Samuel 12:11,11,ܘܐܕܒܪ,,,,Peshitta,PESH
10,2 Samuel,12,11,2 Samuel 12:11,12,ܢܫ̈ܝܟ,,,,Peshitta,PESH
10,2 Samuel,12,11,2 Samuel 12:11,13,ܠܥܢܝ̈ܟ,,,,Peshitta,PESH
10,2 Samuel,12,11,2 Samuel 12:11,14,ܘܐܬܠ,,,,Peshitta,PESH
10,2 Samuel,12,11,2 Samuel 12:11,15,ܠܚܒܪܟ,,,,Peshitta,PESH
10,2 Samuel,12,11,2 Samuel 12:11,16,ܘܢܕܡܟ,,,,Peshitta,PESH
10,2 Samuel,12,11,2 Samuel 12:11,17,ܥܡܗܝܢ,,,,Peshitta,PESH
10,2 Samuel,12,11,2 Samuel 12:11,18,ܠܥܝܢ,,,,Peshitta,PESH
10,2 Samuel,12,11,2 Samuel 12:11,19,ܫܡܫܐ,,,,Peshitta,PESH
10,2 Samuel,12,11,2 Samuel 12:11,20,ܗܢܐ,,,,Peshitta,PESH
10,2 Samuel,12,12,2 Samuel 12:12,1,ܐܢܬ,,,,Peshitta,PESH
10,2 Samuel,12,12,2 Samuel 12:12,2,ܥܒܕܬ,,,,Peshitta,PESH
10,2 Samuel,12,12,2 Samuel 12:12,3,ܡܛܫܝܐܝܬ,,,,Peshitta,PESH
10,2 Samuel,12,12,2 Samuel 12:12,4,ܘܐܢܐ,,,,Peshitta,PESH
10,2 Samuel,12,12,2 Samuel 12:12,5,ܐܥܒܕܝܗ̇,,,,Peshitta,PESH
10,2 Samuel,12,12,2 Samuel 12:12,6,ܠܗܕܐ,,,,Peshitta,PESH
10,2 Samuel,12,12,2 Samuel 12:12,7,ܠܥܝܢ,,,,Peshitta,PESH
10,2 Samuel,12,12,2 Samuel 12:12,8,ܟܘܠܗ,,,,Peshitta,PESH
10,2 Samuel,12,12,2 Samuel 12:12,9,ܐܝܣܪܐܝܠ,,,,Peshitta,PESH
10,2 Samuel,12,12,2 Samuel 12:12,10,ܘܠܘܩܒܠ,,,,Peshitta,PESH
10,2 Samuel,12,12,2 Samuel 12:12,11,ܫܡܫܐ,,,,Peshitta,PESH
10,2 Samuel,12,13,2 Samuel 12:13,1,ܘܐܡܪ,,,,Peshitta,PESH
10,2 Samuel,12,13,2 Samuel 12:13,2,ܕܘܝܕ,,,,Peshitta,PESH
10,2 Samuel,12,13,2 Samuel 12:13,3,ܠܢܬܢ,,,,Peshitta,PESH
10,2 Samuel,12,13,2 Samuel 12:13,4,ܚܛܝܬ,,,,Peshitta,PESH
10,2 Samuel,12,13,2 Samuel 12:13,5,ܩܕܡ,,,,Peshitta,PESH
10,2 Samuel,12,13,2 Samuel 12:13,6,ܡܪܝܐ,,,,Peshitta,PESH
10,2 Samuel,12,13,2 Samuel 12:13,7,ܐܡܪ,,,,Peshitta,PESH
10,2 Samuel,12,13,2 Samuel 12:13,8,ܠܗ,,,,Peshitta,PESH
10,2 Samuel,12,13,2 Samuel 12:13,9,ܢܬܢ,,,,Peshitta,PESH
10,2 Samuel,12,13,2 Samuel 12:13,10,ܠܕܘܝܕ,,,,Peshitta,PESH
10,2 Samuel,12,13,2 Samuel 12:13,11,ܐܦ,,,,Peshitta,PESH
10,2 Samuel,12,13,2 Samuel 12:13,12,ܡܪܝܐ,,,,Peshitta,PESH
10,2 Samuel,12,13,2 Samuel 12:13,13,ܐܥܒܪ,,,,Peshitta,PESH
10,2 Samuel,12,13,2 Samuel 12:13,14,ܣܟܠܘܬܟ,,,,Peshitta,PESH
10,2 Samuel,12,13,2 Samuel 12:13,15,ܠܐ,,,,Peshitta,PESH
10,2 Samuel,12,13,2 Samuel 12:13,16,ܬܡܘܬ,,,,Peshitta,PESH
10,2 Samuel,12,14,2 Samuel 12:14,1,ܒܪܡ,,,,Peshitta,PESH
10,2 Samuel,12,14,2 Samuel 12:14,2,ܕܝܢ,,,,Peshitta,PESH
10,2 Samuel,12,14,2 Samuel 12:14,3,ܥܠ,,,,Peshitta,PESH
10,2 Samuel,12,14,2 Samuel 12:14,4,ܕܪܘܪܒܬ,,,,Peshitta,PESH
10,2 Samuel,12,14,2 Samuel 12:14,5,ܠܒ̈ܥܠܕܒܒܘܗܝ,,,,Peshitta,PESH
10,2 Samuel,12,14,2 Samuel 12:14,6,ܕܡܪܝܐ,,,,Peshitta,PESH
10,2 Samuel,12,14,2 Samuel 12:14,7,ܒܥܒܝܕܬܐ,,,,Peshitta,PESH
10,2 Samuel,12,14,2 Samuel 12:14,8,ܗܕܐ,,,,Peshitta,PESH
10,2 Samuel,12,14,2 Samuel 12:14,9,ܐܦ,,,,Peshitta,PESH
10,2 Samuel,12,14,2 Samuel 12:14,10,ܒܪܐ,,,,Peshitta,PESH
10,2 Samuel,12,14,2 Samuel 12:14,11,ܕܡܬܝܠܕ,,,,Peshitta,PESH
10,2 Samuel,12,14,2 Samuel 12:14,12,ܠܟ,,,,Peshitta,PESH
10,2 Samuel,12,14,2 Samuel 12:14,13,ܡܢܗ̇,,,,Peshitta,PESH
10,2 Samuel,12,14,2 Samuel 12:14,14,ܡܡܬ,,,,Peshitta,PESH
10,2 Samuel,12,14,2 Samuel 12:14,15,ܢܡܘܬ,,,,Peshitta,PESH
10,2 Samuel,12,15,2 Samuel 12:15,1,ܘܐܙܠ,,,,Peshitta,PESH
10,2 Samuel,12,15,2 Samuel 12:15,2,ܢܬܢ,,,,Peshitta,PESH
10,2 Samuel,12,15,2 Samuel 12:15,3,ܠܒܝܬܗ,,,,Peshitta,PESH
10,2 Samuel,12,15,2 Samuel 12:15,4,ܘܡܚܝܗܝ,,,,Peshitta,PESH
10,2 Samuel,12,15,2 Samuel 12:15,5,ܡܪܝܐ,,,,Peshitta,PESH
10,2 Samuel,12,15,2 Samuel 12:15,6,ܠܛܠܝܐ,,,,Peshitta,PESH
10,2 Samuel,12,15,2 Samuel 12:15,7,ܕܝܠܕܬ,,,,Peshitta,PESH
10,2 Samuel,12,15,2 Samuel 12:15,8,ܐܢܬܬܗ,,,,Peshitta,PESH
10,2 Samuel,12,15,2 Samuel 12:15,9,ܕܐܘܪܝܐ,,,,Peshitta,PESH
10,2 Samuel,12,15,2 Samuel 12:15,10,ܚܬܝܐ,,,,Peshitta,PESH
10,2 Samuel,12,15,2 Samuel 12:15,11,ܠܕܘܝܕ,,,,Peshitta,PESH
10,2 Samuel,12,15,2 Samuel 12:15,12,ܘܚܣܢ,,,,Peshitta,PESH
10,2 Samuel,12,16,2 Samuel 12:16,1,ܘܒܥܐ,,,,Peshitta,PESH
10,2 Samuel,12,16,2 Samuel 12:16,2,ܕܘܝܕ,,,,Peshitta,PESH
10,2 Samuel,12,16,2 Samuel 12:16,3,ܡܢ,,,,Peshitta,PESH
10,2 Samuel,12,16,2 Samuel 12:16,4,ܐܠܗܐ,,,,Peshitta,PESH
10,2 Samuel,12,16,2 Samuel 12:16,5,ܥܠ,,,,Peshitta,PESH
10,2 Samuel,12,16,2 Samuel 12:16,6,ܐ̈ܦܝ,,,,Peshitta,PESH
10,2 Samuel,12,16,2 Samuel 12:16,7,ܛܠܝܐ,,,,Peshitta,PESH
10,2 Samuel,12,16,2 Samuel 12:16,8,ܘܨܡ,,,,Peshitta,PESH
10,2 Samuel,12,16,2 Samuel 12:16,9,ܕܘܝܕ,,,,Peshitta,PESH
10,2 Samuel,12,16,2 Samuel 12:16,10,ܨܘܡܐ,,,,Peshitta,PESH
10,2 Samuel,12,16,2 Samuel 12:16,11,ܘܒܬ,,,,Peshitta,PESH
10,2 Samuel,12,16,2 Samuel 12:16,12,ܒܗ,,,,Peshitta,PESH
10,2 Samuel,12,16,2 Samuel 12:16,13,ܘܕܡܟ,,,,Peshitta,PESH
10,2 Samuel,12,16,2 Samuel 12:16,14,ܥܠ,,,,Peshitta,PESH
10,2 Samuel,12,16,2 Samuel 12:16,15,ܐܪܥܐ,,,,Peshitta,PESH
10,2 Samuel,12,17,2 Samuel 12:17,1,ܘܩܡܘ,,,,Peshitta,PESH
10,2 Samuel,12,17,2 Samuel 12:17,2,ܣܒ̈ܐ,,,,Peshitta,PESH
10,2 Samuel,12,17,2 Samuel 12:17,3,ܕܒܝܬܗ,,,,Peshitta,PESH
10,2 Samuel,12,17,2 Samuel 12:17,4,ܕܢܩܝܡܘܢܝܗܝ,,,,Peshitta,PESH
10,2 Samuel,12,17,2 Samuel 12:17,5,ܡܢ,,,,Peshitta,PESH
10,2 Samuel,12,17,2 Samuel 12:17,6,ܐܪܥܐ,,,,Peshitta,PESH
10,2 Samuel,12,17,2 Samuel 12:17,7,ܘܠܐ,,,,Peshitta,PESH
10,2 Samuel,12,17,2 Samuel 12:17,8,ܨܒܐ,,,,Peshitta,PESH
10,2 Samuel,12,17,2 Samuel 12:17,9,ܘܠܐ,,,,Peshitta,PESH
10,2 Samuel,12,17,2 Samuel 12:17,10,ܠܥܣ,,,,Peshitta,PESH
10,2 Samuel,12,17,2 Samuel 12:17,11,ܥܡܗܘܢ,,,,Peshitta,PESH
10,2 Samuel,12,17,2 Samuel 12:17,12,ܠܚܡܐ,,,,Peshitta,PESH
10,2 Samuel,12,18,2 Samuel 12:18,1,ܘܠܝܘܡܐ,,,,Peshitta,PESH
10,2 Samuel,12,18,2 Samuel 12:18,2,ܕܫܒܥܐ,,,,Peshitta,PESH
10,2 Samuel,12,18,2 Samuel 12:18,3,ܡܝܬ,,,,Peshitta,PESH
10,2 Samuel,12,18,2 Samuel 12:18,4,ܠܗ,,,,Peshitta,PESH
10,2 Samuel,12,18,2 Samuel 12:18,5,ܛܠܝܐ,,,,Peshitta,PESH
10,2 Samuel,12,18,2 Samuel 12:18,6,ܘܕܚܠܘ,,,,Peshitta,PESH
10,2 Samuel,12,18,2 Samuel 12:18,7,ܥܒ̈ܕܘܗܝ,,,,Peshitta,PESH
10,2 Samuel,12,18,2 Samuel 12:18,8,ܕܕܘܝܕ,,,,Peshitta,PESH
10,2 Samuel,12,18,2 Samuel 12:18,9,ܕܢܚܘܘܢܝܗܝ,,,,Peshitta,PESH
10,2 Samuel,12,18,2 Samuel 12:18,10,ܕܡܝܬ,,,,Peshitta,PESH
10,2 Samuel,12,18,2 Samuel 12:18,11,ܠܗ,,,,Peshitta,PESH
10,2 Samuel,12,18,2 Samuel 12:18,12,ܛܠܝܐ,,,,Peshitta,PESH
10,2 Samuel,12,18,2 Samuel 12:18,13,ܡܛܠ,,,,Peshitta,PESH
10,2 Samuel,12,18,2 Samuel 12:18,14,ܕܐܡܪܝܢ,,,,Peshitta,PESH
10,2 Samuel,12,18,2 Samuel 12:18,15,ܟܕ,,,,Peshitta,PESH
10,2 Samuel,12,18,2 Samuel 12:18,16,ܚܝ,,,,Peshitta,PESH
10,2 Samuel,12,18,2 Samuel 12:18,17,ܗܘܐ,,,,Peshitta,PESH
10,2 Samuel,12,18,2 Samuel 12:18,18,ܛܠܝܐ,,,,Peshitta,PESH
10,2 Samuel,12,18,2 Samuel 12:18,19,ܐܡܪܝܢ,,,,Peshitta,PESH
10,2 Samuel,12,18,2 Samuel 12:18,20,ܗܘܝܢ,,,,Peshitta,PESH
10,2 Samuel,12,18,2 Samuel 12:18,21,ܠܗ,,,,Peshitta,PESH
10,2 Samuel,12,18,2 Samuel 12:18,22,ܘܠܐ,,,,Peshitta,PESH
10,2 Samuel,12,18,2 Samuel 12:18,23,ܫܡܥ,,,,Peshitta,PESH
10,2 Samuel,12,18,2 Samuel 12:18,24,ܗܘܐ,,,,Peshitta,PESH
10,2 Samuel,12,18,2 Samuel 12:18,25,ܠܢ,,,,Peshitta,PESH
10,2 Samuel,12,18,2 Samuel 12:18,26,ܐܝܟܢܐ,,,,Peshitta,PESH
10,2 Samuel,12,18,2 Samuel 12:18,27,ܢܐܡܪ,,,,Peshitta,PESH
10,2 Samuel,12,18,2 Samuel 12:18,28,ܠܗ,,,,Peshitta,PESH
10,2 Samuel,12,18,2 Samuel 12:18,29,ܗܫܐ,,,,Peshitta,PESH
10,2 Samuel,12,18,2 Samuel 12:18,30,ܕܡܝܬ,,,,Peshitta,PESH
10,2 Samuel,12,18,2 Samuel 12:18,31,ܠܗ,,,,Peshitta,PESH
10,2 Samuel,12,18,2 Samuel 12:18,32,ܛܠܝܐ,,,,Peshitta,PESH
10,2 Samuel,12,18,2 Samuel 12:18,33,ܥܒܕ,,,,Peshitta,PESH
10,2 Samuel,12,18,2 Samuel 12:18,34,ܒܝܫܬܐ,,,,Peshitta,PESH
10,2 Samuel,12,19,2 Samuel 12:19,1,ܘܟܕ,,,,Peshitta,PESH
10,2 Samuel,12,19,2 Samuel 12:19,2,ܚܙܐ,,,,Peshitta,PESH
10,2 Samuel,12,19,2 Samuel 12:19,3,ܕܘܝܕ,,,,Peshitta,PESH
10,2 Samuel,12,19,2 Samuel 12:19,4,ܠܥܒ̈ܕܘܗܝ,,,,Peshitta,PESH
10,2 Samuel,12,19,2 Samuel 12:19,5,ܕܡܠܚܫܝܢ,,,,Peshitta,PESH
10,2 Samuel,12,19,2 Samuel 12:19,6,ܐܬܒܝܢ,,,,Peshitta,PESH
10,2 Samuel,12,19,2 Samuel 12:19,7,ܕܘܝܕ,,,,Peshitta,PESH
10,2 Samuel,12,19,2 Samuel 12:19,8,ܕܡܝܬ,,,,Peshitta,PESH
10,2 Samuel,12,19,2 Samuel 12:19,9,ܠܗ,,,,Peshitta,PESH
10,2 Samuel,12,19,2 Samuel 12:19,10,ܛܠܝܐ,,,,Peshitta,PESH
10,2 Samuel,12,19,2 Samuel 12:19,11,ܘܐܡܪ,,,,Peshitta,PESH
10,2 Samuel,12,19,2 Samuel 12:19,12,ܕܘܝܕ,,,,Peshitta,PESH
10,2 Samuel,12,19,2 Samuel 12:19,13,ܠܥܒ̈ܕܘܗܝ,,,,Peshitta,PESH
10,2 Samuel,12,19,2 Samuel 12:19,14,ܡܝܬ,,,,Peshitta,PESH
10,2 Samuel,12,19,2 Samuel 12:19,15,ܠܗ,,,,Peshitta,PESH
10,2 Samuel,12,19,2 Samuel 12:19,16,ܛܠܝܐ,,,,Peshitta,PESH
10,2 Samuel,12,19,2 Samuel 12:19,17,ܐܡܪܝܢ,,,,Peshitta,PESH
10,2 Samuel,12,19,2 Samuel 12:19,18,ܠܗ,,,,Peshitta,PESH
10,2 Samuel,12,19,2 Samuel 12:19,19,ܡܝܬ,,,,Peshitta,PESH
10,2 Samuel,12,19,2 Samuel 12:19,20,ܠܗ,,,,Peshitta,PESH
10,2 Samuel,12,20,2 Samuel 12:20,1,ܘܩܡ,,,,Peshitta,PESH
10,2 Samuel,12,20,2 Samuel 12:20,2,ܕܘܝܕ,,,,Peshitta,PESH
10,2 Samuel,12,20,2 Samuel 12:20,3,ܡܢ,,,,Peshitta,PESH
10,2 Samuel,12,20,2 Samuel 12:20,4,ܐܪܥܐ,,,,Peshitta,PESH
10,2 Samuel,12,20,2 Samuel 12:20,5,ܘܐܫܝܓ,,,,Peshitta,PESH
10,2 Samuel,12,20,2 Samuel 12:20,6,ܘܡܫܚ,,,,Peshitta,PESH
10,2 Samuel,12,20,2 Samuel 12:20,7,ܘܚܠܦ,,,,Peshitta,PESH
10,2 Samuel,12,20,2 Samuel 12:20,8,ܡܐ̈ܢܘܗܝ,,,,Peshitta,PESH
10,2 Samuel,12,20,2 Samuel 12:20,9,ܘܥܠ,,,,Peshitta,PESH
10,2 Samuel,12,20,2 Samuel 12:20,10,ܠܒܝܬܗ,,,,Peshitta,PESH
10,2 Samuel,12,20,2 Samuel 12:20,11,ܕܡܪܝܐ,,,,Peshitta,PESH
10,2 Samuel,12,20,2 Samuel 12:20,12,ܘܣܓܕ,,,,Peshitta,PESH
10,2 Samuel,12,20,2 Samuel 12:20,13,ܘܐܬܐ,,,,Peshitta,PESH
10,2 Samuel,12,20,2 Samuel 12:20,14,ܠܒܝܬܗ,,,,Peshitta,PESH
10,2 Samuel,12,20,2 Samuel 12:20,15,ܘܫܐܠ,,,,Peshitta,PESH
10,2 Samuel,12,20,2 Samuel 12:20,16,ܠܚܡܐ,,,,Peshitta,PESH
10,2 Samuel,12,20,2 Samuel 12:20,17,ܘܣܡܘ,,,,Peshitta,PESH
10,2 Samuel,12,20,2 Samuel 12:20,18,ܠܗ,,,,Peshitta,PESH
10,2 Samuel,12,20,2 Samuel 12:20,19,ܘܠܥܣ,,,,Peshitta,PESH
10,2 Samuel,12,21,2 Samuel 12:21,1,ܐܡܪ̈ܝܢ,,,,Peshitta,PESH
10,2 Samuel,12,21,2 Samuel 12:21,2,ܠܗ,,,,Peshitta,PESH
10,2 Samuel,12,21,2 Samuel 12:21,3,ܥܒ̈ܕܘܗܝ,,,,Peshitta,PESH
10,2 Samuel,12,21,2 Samuel 12:21,4,ܗܢܐ,,,,Peshitta,PESH
10,2 Samuel,12,21,2 Samuel 12:21,5,ܡܢܐ,,,,Peshitta,PESH
10,2 Samuel,12,21,2 Samuel 12:21,6,ܥܒܕܬ,,,,Peshitta,PESH
10,2 Samuel,12,21,2 Samuel 12:21,7,ܟܕ,,,,Peshitta,PESH
10,2 Samuel,12,21,2 Samuel 12:21,8,ܚܝ,,,,Peshitta,PESH
10,2 Samuel,12,21,2 Samuel 12:21,9,ܗܘܐ,,,,Peshitta,PESH
10,2 Samuel,12,21,2 Samuel 12:21,10,ܛܠܝܐ,,,,Peshitta,PESH
10,2 Samuel,12,21,2 Samuel 12:21,11,ܨܐܡ,,,,Peshitta,PESH
10,2 Samuel,12,21,2 Samuel 12:21,12,ܗܘܝܬ,,,,Peshitta,PESH
10,2 Samuel,12,21,2 Samuel 12:21,13,ܘܒܥܐ,,,,Peshitta,PESH
10,2 Samuel,12,21,2 Samuel 12:21,14,ܘܟܕ,,,,Peshitta,PESH
10,2 Samuel,12,21,2 Samuel 12:21,15,ܡܝܬ,,,,Peshitta,PESH
10,2 Samuel,12,21,2 Samuel 12:21,16,ܩܡܬ,,,,Peshitta,PESH
10,2 Samuel,12,21,2 Samuel 12:21,17,ܠܥܣܬ,,,,Peshitta,PESH
10,2 Samuel,12,21,2 Samuel 12:21,18,ܠܚܡܐ,,,,Peshitta,PESH
10,2 Samuel,12,22,2 Samuel 12:22,1,ܐܡܪ,,,,Peshitta,PESH
10,2 Samuel,12,22,2 Samuel 12:22,2,ܠܗܘܢ,,,,Peshitta,PESH
10,2 Samuel,12,22,2 Samuel 12:22,3,ܕܘܝܕ,,,,Peshitta,PESH
10,2 Samuel,12,22,2 Samuel 12:22,4,ܟܕ,,,,Peshitta,PESH
10,2 Samuel,12,22,2 Samuel 12:22,5,ܛܠܝܐ,,,,Peshitta,PESH
10,2 Samuel,12,22,2 Samuel 12:22,6,ܚܝ,,,,Peshitta,PESH
10,2 Samuel,12,22,2 Samuel 12:22,7,ܨܐܡ,,,,Peshitta,PESH
10,2 Samuel,12,22,2 Samuel 12:22,8,ܗܘܝܬ,,,,Peshitta,PESH
10,2 Samuel,12,22,2 Samuel 12:22,9,ܘܒܥܐ,,,,Peshitta,PESH
10,2 Samuel,12,22,2 Samuel 12:22,10,ܡܛܠ,,,,Peshitta,PESH
10,2 Samuel,12,22,2 Samuel 12:22,11,ܕܐܡܪ,,,,Peshitta,PESH
10,2 Samuel,12,22,2 Samuel 12:22,12,ܗܘܝܬ,,,,Peshitta,PESH
10,2 Samuel,12,22,2 Samuel 12:22,13,ܡܢܘ,,,,Peshitta,PESH
10,2 Samuel,12,22,2 Samuel 12:22,14,ܝܕܥ̇,,,,Peshitta,PESH
10,2 Samuel,12,22,2 Samuel 12:22,15,ܐܢ,,,,Peshitta,PESH
10,2 Samuel,12,22,2 Samuel 12:22,16,ܡܪܚܡ,,,,Peshitta,PESH
10,2 Samuel,12,22,2 Samuel 12:22,17,ܥܠܘܗܝ,,,,Peshitta,PESH
10,2 Samuel,12,22,2 Samuel 12:22,18,ܐܠܗܐ,,,,Peshitta,PESH
10,2 Samuel,12,22,2 Samuel 12:22,19,ܘܚܝ̇ܐ,,,,Peshitta,PESH
10,2 Samuel,12,22,2 Samuel 12:22,20,ܛܠܝܐ,,,,Peshitta,PESH
10,2 Samuel,12,23,2 Samuel 12:23,1,ܡܟܝܠ,,,,Peshitta,PESH
10,2 Samuel,12,23,2 Samuel 12:23,2,ܕܡܝܬ,,,,Peshitta,PESH
10,2 Samuel,12,23,2 Samuel 12:23,3,ܠܗ,,,,Peshitta,PESH
10,2 Samuel,12,23,2 Samuel 12:23,4,ܠܡܢܐ,,,,Peshitta,PESH
10,2 Samuel,12,23,2 Samuel 12:23,5,ܨܐܡ,,,,Peshitta,PESH
10,2 Samuel,12,23,2 Samuel 12:23,6,ܐܢܐ,,,,Peshitta,PESH
10,2 Samuel,12,23,2 Samuel 12:23,7,ܠܡܐ,,,,Peshitta,PESH
10,2 Samuel,12,23,2 Samuel 12:23,8,ܡܫܟܚܐ,,,,Peshitta,PESH
10,2 Samuel,12,23,2 Samuel 12:23,9,ܕܬܘܒ,,,,Peshitta,PESH
10,2 Samuel,12,23,2 Samuel 12:23,10,ܢܗܦܘܟ,,,,Peshitta,PESH
10,2 Samuel,12,23,2 Samuel 12:23,11,ܐܢܐ,,,,Peshitta,PESH
10,2 Samuel,12,23,2 Samuel 12:23,12,ܐܙܠ,,,,Peshitta,PESH
10,2 Samuel,12,23,2 Samuel 12:23,13,ܐܢܐ,,,,Peshitta,PESH
10,2 Samuel,12,23,2 Samuel 12:23,14,ܠܘܬܗ,,,,Peshitta,PESH
10,2 Samuel,12,23,2 Samuel 12:23,15,ܘܗܘ,,,,Peshitta,PESH
10,2 Samuel,12,23,2 Samuel 12:23,16,ܠܐ,,,,Peshitta,PESH
10,2 Samuel,12,23,2 Samuel 12:23,17,ܡܫܟܚ,,,,Peshitta,PESH
10,2 Samuel,12,23,2 Samuel 12:23,18,ܕܢܐܬܐ,,,,Peshitta,PESH
10,2 Samuel,12,23,2 Samuel 12:23,19,ܠܘܬܝ,,,,Peshitta,PESH
10,2 Samuel,12,24,2 Samuel 12:24,1,ܘܒܝܐ,,,,Peshitta,PESH
10,2 Samuel,12,24,2 Samuel 12:24,2,ܕܘܝܕ,,,,Peshitta,PESH
10,2 Samuel,12,24,2 Samuel 12:24,3,ܠܒܪܬ,,,,Peshitta,PESH
10,2 Samuel,12,24,2 Samuel 12:24,4,ܫܒܥ,,,,Peshitta,PESH
10,2 Samuel,12,24,2 Samuel 12:24,5,ܐܢܬܬܗ,,,,Peshitta,PESH
10,2 Samuel,12,24,2 Samuel 12:24,6,ܘܥܠ,,,,Peshitta,PESH
10,2 Samuel,12,24,2 Samuel 12:24,7,ܠܘܬܗ̇,,,,Peshitta,PESH
10,2 Samuel,12,24,2 Samuel 12:24,8,ܘܕܡܟ,,,,Peshitta,PESH
10,2 Samuel,12,24,2 Samuel 12:24,9,ܥܡܗ̇,,,,Peshitta,PESH
10,2 Samuel,12,24,2 Samuel 12:24,10,ܘܝܠܕܬ,,,,Peshitta,PESH
10,2 Samuel,12,24,2 Samuel 12:24,11,ܒܪܐ,,,,Peshitta,PESH
10,2 Samuel,12,24,2 Samuel 12:24,12,ܘܩܪܬ,,,,Peshitta,PESH
10,2 Samuel,12,24,2 Samuel 12:24,13,ܫܡܗ,,,,Peshitta,PESH
10,2 Samuel,12,24,2 Samuel 12:24,14,ܫܠܝܡܘܢ,,,,Peshitta,PESH
10,2 Samuel,12,24,2 Samuel 12:24,15,ܘܡܪܝܐ,,,,Peshitta,PESH
10,2 Samuel,12,24,2 Samuel 12:24,16,ܪܚܡܗ,,,,Peshitta,PESH
10,2 Samuel,12,24,2 Samuel 12:24,17,ܠܛܠܝܐ,,,,Peshitta,PESH
10,2 Samuel,12,25,2 Samuel 12:25,1,ܘܫܕܪ,,,,Peshitta,PESH
10,2 Samuel,12,25,2 Samuel 12:25,2,ܠܢܬܢ,,,,Peshitta,PESH
10,2 Samuel,12,25,2 Samuel 12:25,3,ܢܒܝܐ,,,,Peshitta,PESH
10,2 Samuel,12,25,2 Samuel 12:25,4,ܘܩܪܐ,,,,Peshitta,PESH
10,2 Samuel,12,25,2 Samuel 12:25,5,ܫܡܗ,,,,Peshitta,PESH
10,2 Samuel,12,25,2 Samuel 12:25,6,ܝܕܝܕܐ,,,,Peshitta,PESH
10,2 Samuel,12,25,2 Samuel 12:25,7,ܡܛܠ,,,,Peshitta,PESH
10,2 Samuel,12,25,2 Samuel 12:25,8,ܕܡܪܝܐ,,,,Peshitta,PESH
10,2 Samuel,12,25,2 Samuel 12:25,9,ܝܕܕܗ,,,,Peshitta,PESH
10,2 Samuel,12,26,2 Samuel 12:26,1,ܘܐܬܟܬܫ,,,,Peshitta,PESH
10,2 Samuel,12,26,2 Samuel 12:26,2,ܝܘܐܒ,,,,Peshitta,PESH
10,2 Samuel,12,26,2 Samuel 12:26,3,ܒܪܒܬ,,,,Peshitta,PESH
10,2 Samuel,12,26,2 Samuel 12:26,4,ܕܒܢ̈ܝ,,,,Peshitta,PESH
10,2 Samuel,12,26,2 Samuel 12:26,5,ܥܡܘܢ,,,,Peshitta,PESH
10,2 Samuel,12,26,2 Samuel 12:26,6,ܘܐܚܕ,,,,Peshitta,PESH
10,2 Samuel,12,26,2 Samuel 12:26,7,ܩܪܝܬܐ,,,,Peshitta,PESH
10,2 Samuel,12,26,2 Samuel 12:26,8,ܕܡܠܟܘܬܐ,,,,Peshitta,PESH
10,2 Samuel,12,27,2 Samuel 12:27,1,ܘܫܕܪ,,,,Peshitta,PESH
10,2 Samuel,12,27,2 Samuel 12:27,2,ܝܘܐܒ,,,,Peshitta,PESH
10,2 Samuel,12,27,2 Samuel 12:27,3,ܐܝ̈ܙܓܕܐ,,,,Peshitta,PESH
10,2 Samuel,12,27,2 Samuel 12:27,4,ܠܘܬ,,,,Peshitta,PESH
10,2 Samuel,12,27,2 Samuel 12:27,5,ܕܘܝܕ,,,,Peshitta,PESH
10,2 Samuel,12,27,2 Samuel 12:27,6,ܘܐܡܪ,,,,Peshitta,PESH
10,2 Samuel,12,27,2 Samuel 12:27,7,ܐܬܟܬܫܬ,,,,Peshitta,PESH
10,2 Samuel,12,27,2 Samuel 12:27,8,ܒܪܒܬ,,,,Peshitta,PESH
10,2 Samuel,12,27,2 Samuel 12:27,9,ܘܐܦ,,,,Peshitta,PESH
10,2 Samuel,12,27,2 Samuel 12:27,10,ܐܚܕܬ,,,,Peshitta,PESH
10,2 Samuel,12,27,2 Samuel 12:27,11,ܩܪܝܬܐ,,,,Peshitta,PESH
10,2 Samuel,12,27,2 Samuel 12:27,12,ܕܡܠܟܘܬܐ,,,,Peshitta,PESH
10,2 Samuel,12,28,2 Samuel 12:28,1,ܗܫܐ,,,,Peshitta,PESH
10,2 Samuel,12,28,2 Samuel 12:28,2,ܟܢܫ,,,,Peshitta,PESH
10,2 Samuel,12,28,2 Samuel 12:28,3,ܠܫܪܟܐ,,,,Peshitta,PESH
10,2 Samuel,12,28,2 Samuel 12:28,4,ܕܥܡܐ,,,,Peshitta,PESH
10,2 Samuel,12,28,2 Samuel 12:28,5,ܘܬܐ,,,,Peshitta,PESH
10,2 Samuel,12,28,2 Samuel 12:28,6,ܫܪܝ,,,,Peshitta,PESH
10,2 Samuel,12,28,2 Samuel 12:28,7,ܥܠ,,,,Peshitta,PESH
10,2 Samuel,12,28,2 Samuel 12:28,8,ܩܪܝܬܐ,,,,Peshitta,PESH
10,2 Samuel,12,28,2 Samuel 12:28,9,ܘܐܚܘܕܝܗ̇,,,,Peshitta,PESH
10,2 Samuel,12,28,2 Samuel 12:28,10,ܕܠܡܐ,,,,Peshitta,PESH
10,2 Samuel,12,28,2 Samuel 12:28,11,ܐܚܕܝܗ̇,,,,Peshitta,PESH
10,2 Samuel,12,28,2 Samuel 12:28,12,ܐܢܐ,,,,Peshitta,PESH
10,2 Samuel,12,28,2 Samuel 12:28,13,ܠܩܪܝܬܐ,,,,Peshitta,PESH
10,2 Samuel,12,28,2 Samuel 12:28,14,ܘܢܬܩܪܐ,,,,Peshitta,PESH
10,2 Samuel,12,28,2 Samuel 12:28,15,ܫܡܝ,,,,Peshitta,PESH
10,2 Samuel,12,28,2 Samuel 12:28,16,ܥܠܝܗ̇,,,,Peshitta,PESH
10,2 Samuel,12,29,2 Samuel 12:29,1,ܘܟܢܫ,,,,Peshitta,PESH
10,2 Samuel,12,29,2 Samuel 12:29,2,ܕܘܝܕ,,,,Peshitta,PESH
10,2 Samuel,12,29,2 Samuel 12:29,3,ܠܟܠܗ,,,,Peshitta,PESH
10,2 Samuel,12,29,2 Samuel 12:29,4,ܥܡܐ,,,,Peshitta,PESH
10,2 Samuel,12,29,2 Samuel 12:29,5,ܘܐܙܠ,,,,Peshitta,PESH
10,2 Samuel,12,29,2 Samuel 12:29,6,ܥܠ,,,,Peshitta,PESH
10,2 Samuel,12,29,2 Samuel 12:29,7,ܪܒܬ,,,,Peshitta,PESH
10,2 Samuel,12,29,2 Samuel 12:29,8,ܘܐܬܟܬܫ,,,,Peshitta,PESH
10,2 Samuel,12,29,2 Samuel 12:29,9,ܒܗ̇,,,,Peshitta,PESH
10,2 Samuel,12,29,2 Samuel 12:29,10,ܘܐܚܕܗ̇,,,,Peshitta,PESH
10,2 Samuel,12,30,2 Samuel 12:30,1,ܘܢܣܒ,,,,Peshitta,PESH
10,2 Samuel,12,30,2 Samuel 12:30,2,ܟܠܝܠܐ,,,,Peshitta,PESH
10,2 Samuel,12,30,2 Samuel 12:30,3,ܕܡܠܟܗܘܢ,,,,Peshitta,PESH
10,2 Samuel,12,30,2 Samuel 12:30,4,ܡܢ,,,,Peshitta,PESH
10,2 Samuel,12,30,2 Samuel 12:30,5,ܪܝܫܗ,,,,Peshitta,PESH
10,2 Samuel,12,30,2 Samuel 12:30,6,ܕܬܩܠ,,,,Peshitta,PESH
10,2 Samuel,12,30,2 Samuel 12:30,7,ܗܘܐ,,,,Peshitta,PESH
10,2 Samuel,12,30,2 Samuel 12:30,8,ܟܟܪܐ,,,,Peshitta,PESH
10,2 Samuel,12,30,2 Samuel 12:30,9,ܕܕܗܒܐ,,,,Peshitta,PESH
10,2 Samuel,12,30,2 Samuel 12:30,10,ܘܐܝܬ,,,,Peshitta,PESH
10,2 Samuel,12,30,2 Samuel 12:30,11,ܗ̈ܘܝ,,,,Peshitta,PESH
10,2 Samuel,12,30,2 Samuel 12:30,12,ܒܗ,,,,Peshitta,PESH
10,2 Samuel,12,30,2 Samuel 12:30,13,ܟܐ̈ܦܐ,,,,Peshitta,PESH
10,2 Samuel,12,30,2 Samuel 12:30,14,ܛܒܬ̈ܐ,,,,Peshitta,PESH
10,2 Samuel,12,30,2 Samuel 12:30,15,ܘܐܬܬܣܝܡ,,,,Peshitta,PESH
10,2 Samuel,12,30,2 Samuel 12:30,16,ܒܪܝܫܗ,,,,Peshitta,PESH
10,2 Samuel,12,30,2 Samuel 12:30,17,ܕܕܘܝܕ,,,,Peshitta,PESH
10,2 Samuel,12,30,2 Samuel 12:30,18,ܘܒܙܬܐ,,,,Peshitta,PESH
10,2 Samuel,12,30,2 Samuel 12:30,19,ܕܩܪܝܬܐ,,,,Peshitta,PESH
10,2 Samuel,12,30,2 Samuel 12:30,20,ܐܦܩ,,,,Peshitta,PESH
10,2 Samuel,12,30,2 Samuel 12:30,21,ܣܘܓܐܐ,,,,Peshitta,PESH
10,2 Samuel,12,30,2 Samuel 12:30,22,ܕܛܒ,,,,Peshitta,PESH
10,2 Samuel,12,31,2 Samuel 12:31,1,ܘܠܥܡܐ,,,,Peshitta,PESH
10,2 Samuel,12,31,2 Samuel 12:31,2,ܕܐܝܬ,,,,Peshitta,PESH
10,2 Samuel,12,31,2 Samuel 12:31,3,ܗܘܐ,,,,Peshitta,PESH
10,2 Samuel,12,31,2 Samuel 12:31,4,ܒܗ̇,,,,Peshitta,PESH
10,2 Samuel,12,31,2 Samuel 12:31,5,ܐܦܩ,,,,Peshitta,PESH
10,2 Samuel,12,31,2 Samuel 12:31,6,ܘܐܪܡܝ,,,,Peshitta,PESH
10,2 Samuel,12,31,2 Samuel 12:31,7,ܐܢܘܢ,,,,Peshitta,PESH
10,2 Samuel,12,31,2 Samuel 12:31,8,ܒܩܘܠܪ̈ܐ,,,,Peshitta,PESH
10,2 Samuel,12,31,2 Samuel 12:31,9,ܕܦܪܙܠܐ,,,,Peshitta,PESH
10,2 Samuel,12,31,2 Samuel 12:31,10,ܘܒܫܫ̈ܠܬܐ,,,,Peshitta,PESH
10,2 Samuel,12,31,2 Samuel 12:31,11,ܘܐܥܒܪ,,,,Peshitta,PESH
10,2 Samuel,12,31,2 Samuel 12:31,12,ܐܢܘܢ,,,,Peshitta,PESH
10,2 Samuel,12,31,2 Samuel 12:31,13,ܒܡܫܘܚܬܐ,,,,Peshitta,PESH
10,2 Samuel,12,31,2 Samuel 12:31,14,ܘܗܟܢܐ,,,,Peshitta,PESH
10,2 Samuel,12,31,2 Samuel 12:31,15,ܥܒܕ,,,,Peshitta,PESH
10,2 Samuel,12,31,2 Samuel 12:31,16,ܠܟܘܠܗܝܢ,,,,Peshitta,PESH
10,2 Samuel,12,31,2 Samuel 12:31,17,ܩܘܪ̈ܝܐ,,,,Peshitta,PESH
10,2 Samuel,12,31,2 Samuel 12:31,18,ܕܒܢ̈ܝ,,,,Peshitta,PESH
10,2 Samuel,12,31,2 Samuel 12:31,19,ܥܡܘܢ,,,,Peshitta,PESH
10,2 Samuel,12,31,2 Samuel 12:31,20,ܘܗܦܟ,,,,Peshitta,PESH
10,2 Samuel,12,31,2 Samuel 12:31,21,ܕܘܝܕ,,,,Peshitta,PESH
10,2 Samuel,12,31,2 Samuel 12:31,22,ܘܟܠܗ,,,,Peshitta,PESH
10,2 Samuel,12,31,2 Samuel 12:31,23,ܥܡܐ,,,,Peshitta,PESH
10,2 Samuel,12,31,2 Samuel 12:31,24,ܠܐܘܪܫܠܡ,,,,Peshitta,PESH
10,2 Samuel,13,1,2 Samuel 13:1,1,ܘܡܢ,,,,Peshitta,PESH
10,2 Samuel,13,1,2 Samuel 13:1,2,ܒܬܪܟܢ,,,,Peshitta,PESH
10,2 Samuel,13,1,2 Samuel 13:1,3,ܐܝܬ,,,,Peshitta,PESH
10,2 Samuel,13,1,2 Samuel 13:1,4,ܗܘܬ,,,,Peshitta,PESH
10,2 Samuel,13,1,2 Samuel 13:1,5,ܚܬܐ,,,,Peshitta,PESH
10,2 Samuel,13,1,2 Samuel 13:1,6,ܠܐܒܫܠܘܡ,,,,Peshitta,PESH
10,2 Samuel,13,1,2 Samuel 13:1,7,ܒܪ,,,,Peshitta,PESH
10,2 Samuel,13,1,2 Samuel 13:1,8,ܕܘܝܕ,,,,Peshitta,PESH
10,2 Samuel,13,1,2 Samuel 13:1,9,ܘܫܡܗ̇,,,,Peshitta,PESH
10,2 Samuel,13,1,2 Samuel 13:1,10,ܬܡܪ,,,,Peshitta,PESH
10,2 Samuel,13,1,2 Samuel 13:1,11,ܘܪܚܡܗ̇,,,,Peshitta,PESH
10,2 Samuel,13,1,2 Samuel 13:1,12,ܚܡܢܘܢ,,,,Peshitta,PESH
10,2 Samuel,13,1,2 Samuel 13:1,13,ܒܪ,,,,Peshitta,PESH
10,2 Samuel,13,1,2 Samuel 13:1,14,ܕܘܝܕ,,,,Peshitta,PESH
10,2 Samuel,13,2,2 Samuel 13:2,1,ܘܐܬܬܥܝܩܬ,,,,Peshitta,PESH
10,2 Samuel,13,2,2 Samuel 13:2,2,ܠܚܡܢܘܢ,,,,Peshitta,PESH
10,2 Samuel,13,2,2 Samuel 13:2,3,ܥܠ,,,,Peshitta,PESH
10,2 Samuel,13,2,2 Samuel 13:2,4,ܐ̈ܦܝ,,,,Peshitta,PESH
10,2 Samuel,13,2,2 Samuel 13:2,5,ܬܡܪ,,,,Peshitta,PESH
10,2 Samuel,13,2,2 Samuel 13:2,6,ܚܬܗ,,,,Peshitta,PESH
10,2 Samuel,13,2,2 Samuel 13:2,7,ܕܒܬܘܠܬܐ,,,,Peshitta,PESH
10,2 Samuel,13,2,2 Samuel 13:2,8,ܗܝ,,,,Peshitta,PESH
10,2 Samuel,13,2,2 Samuel 13:2,9,ܘܠܐ,,,,Peshitta,PESH
10,2 Samuel,13,2,2 Samuel 13:2,10,ܡܫܟܚ,,,,Peshitta,PESH
10,2 Samuel,13,2,2 Samuel 13:2,11,ܗܘܐ,,,,Peshitta,PESH
10,2 Samuel,13,2,2 Samuel 13:2,12,ܚܡܢܘܢ,,,,Peshitta,PESH
10,2 Samuel,13,2,2 Samuel 13:2,13,ܕܢܐܡܪ,,,,Peshitta,PESH
10,2 Samuel,13,2,2 Samuel 13:2,14,ܠܗ̇,,,,Peshitta,PESH
10,2 Samuel,13,2,2 Samuel 13:2,15,ܡܕܡ,,,,Peshitta,PESH
10,2 Samuel,13,3,2 Samuel 13:3,1,ܘܠܚܡܢܘܢ,,,,Peshitta,PESH
10,2 Samuel,13,3,2 Samuel 13:3,2,ܐܝܬ,,,,Peshitta,PESH
10,2 Samuel,13,3,2 Samuel 13:3,3,ܗܘܐ,,,,Peshitta,PESH
10,2 Samuel,13,3,2 Samuel 13:3,4,ܪܚܡܐ,,,,Peshitta,PESH
10,2 Samuel,13,3,2 Samuel 13:3,5,ܘܫܡܗ,,,,Peshitta,PESH
10,2 Samuel,13,3,2 Samuel 13:3,6,ܝܘܢܕܒ,,,,Peshitta,PESH
10,2 Samuel,13,3,2 Samuel 13:3,7,ܒܪ,,,,Peshitta,PESH
10,2 Samuel,13,3,2 Samuel 13:3,8,ܫܡܐ,,,,Peshitta,PESH
10,2 Samuel,13,3,2 Samuel 13:3,9,ܐܚܘܗܝ,,,,Peshitta,PESH
10,2 Samuel,13,3,2 Samuel 13:3,10,ܕܕܘܝܕ,,,,Peshitta,PESH
10,2 Samuel,13,3,2 Samuel 13:3,11,ܘܝܘܢܕܒ,,,,Peshitta,PESH
10,2 Samuel,13,3,2 Samuel 13:3,12,ܓܒܪܐ,,,,Peshitta,PESH
10,2 Samuel,13,3,2 Samuel 13:3,13,ܗܘܐ,,,,Peshitta,PESH
10,2 Samuel,13,3,2 Samuel 13:3,14,ܚܟܝܡܐ,,,,Peshitta,PESH
10,2 Samuel,13,3,2 Samuel 13:3,15,ܕܛܒ,,,,Peshitta,PESH
10,2 Samuel,13,4,2 Samuel 13:4,1,ܐܡܪ,,,,Peshitta,PESH
10,2 Samuel,13,4,2 Samuel 13:4,2,ܠܗ,,,,Peshitta,PESH
10,2 Samuel,13,4,2 Samuel 13:4,3,ܠܚܡܢܘܢ,,,,Peshitta,PESH
10,2 Samuel,13,4,2 Samuel 13:4,4,ܒܪ,,,,Peshitta,PESH
10,2 Samuel,13,4,2 Samuel 13:4,5,ܡܠܟܐ,,,,Peshitta,PESH
10,2 Samuel,13,4,2 Samuel 13:4,6,ܡܢܘ,,,,Peshitta,PESH
10,2 Samuel,13,4,2 Samuel 13:4,7,ܕܗܟܢܐ,,,,Peshitta,PESH
10,2 Samuel,13,4,2 Samuel 13:4,8,ܐܙܠ,,,,Peshitta,PESH
10,2 Samuel,13,4,2 Samuel 13:4,9,ܐܢܬ,,,,Peshitta,PESH
10,2 Samuel,13,4,2 Samuel 13:4,10,ܡܢ,,,,Peshitta,PESH
10,2 Samuel,13,4,2 Samuel 13:4,11,ܨܦܪ,,,,Peshitta,PESH
10,2 Samuel,13,4,2 Samuel 13:4,12,ܠܨܦܪ,,,,Peshitta,PESH
10,2 Samuel,13,4,2 Samuel 13:4,13,ܠܐ,,,,Peshitta,PESH
10,2 Samuel,13,4,2 Samuel 13:4,14,ܐܡܪ,,,,Peshitta,PESH
10,2 Samuel,13,4,2 Samuel 13:4,15,ܐܢܬ,,,,Peshitta,PESH
10,2 Samuel,13,4,2 Samuel 13:4,16,ܠܝ,,,,Peshitta,PESH
10,2 Samuel,13,4,2 Samuel 13:4,17,ܐܡܪ,,,,Peshitta,PESH
10,2 Samuel,13,4,2 Samuel 13:4,18,ܠܗ,,,,Peshitta,PESH
10,2 Samuel,13,4,2 Samuel 13:4,19,ܚܡܢܘܢ,,,,Peshitta,PESH
10,2 Samuel,13,4,2 Samuel 13:4,20,ܠܬܡܪ,,,,Peshitta,PESH
10,2 Samuel,13,4,2 Samuel 13:4,21,ܚܬܗ,,,,Peshitta,PESH
10,2 Samuel,13,4,2 Samuel 13:4,22,ܕܐܒܫܠܘܡ,,,,Peshitta,PESH
10,2 Samuel,13,4,2 Samuel 13:4,23,ܐܚܝ,,,,Peshitta,PESH
10,2 Samuel,13,4,2 Samuel 13:4,24,ܪܚܡ,,,,Peshitta,PESH
10,2 Samuel,13,4,2 Samuel 13:4,25,ܐܢܐ,,,,Peshitta,PESH
10,2 Samuel,13,5,2 Samuel 13:5,1,ܐܡܪ,,,,Peshitta,PESH
10,2 Samuel,13,5,2 Samuel 13:5,2,ܠܗ,,,,Peshitta,PESH
10,2 Samuel,13,5,2 Samuel 13:5,3,ܝܘܢܕܒ,,,,Peshitta,PESH
10,2 Samuel,13,5,2 Samuel 13:5,4,ܕܡܟ,,,,Peshitta,PESH
10,2 Samuel,13,5,2 Samuel 13:5,5,ܥܠ,,,,Peshitta,PESH
10,2 Samuel,13,5,2 Samuel 13:5,6,ܥܪܣܟ,,,,Peshitta,PESH
10,2 Samuel,13,5,2 Samuel 13:5,7,ܘܐܬܟܪܗ,,,,Peshitta,PESH
10,2 Samuel,13,5,2 Samuel 13:5,8,ܘܡܐ,,,,Peshitta,PESH
10,2 Samuel,13,5,2 Samuel 13:5,9,ܕܐܬܐ,,,,Peshitta,PESH
10,2 Samuel,13,5,2 Samuel 13:5,10,ܐܒܘܟ,,,,Peshitta,PESH
10,2 Samuel,13,5,2 Samuel 13:5,11,ܠܡܚܙܝܟ,,,,Peshitta,PESH
10,2 Samuel,13,5,2 Samuel 13:5,12,ܐܡܪ,,,,Peshitta,PESH
10,2 Samuel,13,5,2 Samuel 13:5,13,ܠܗ,,,,Peshitta,PESH
10,2 Samuel,13,5,2 Samuel 13:5,14,ܬܐܬܐ,,,,Peshitta,PESH
10,2 Samuel,13,5,2 Samuel 13:5,15,ܬܡܪ,,,,Peshitta,PESH
10,2 Samuel,13,5,2 Samuel 13:5,16,ܚܬܝ,,,,Peshitta,PESH
10,2 Samuel,13,5,2 Samuel 13:5,17,ܬܘܟܠܢܝ,,,,Peshitta,PESH
10,2 Samuel,13,5,2 Samuel 13:5,18,ܠܚܡܐ,,,,Peshitta,PESH
10,2 Samuel,13,5,2 Samuel 13:5,19,ܘܬܥܒܕ,,,,Peshitta,PESH
10,2 Samuel,13,5,2 Samuel 13:5,20,ܠܝ,,,,Peshitta,PESH
10,2 Samuel,13,5,2 Samuel 13:5,21,ܠܒ̈ܘܬܐ,,,,Peshitta,PESH
10,2 Samuel,13,5,2 Samuel 13:5,22,ܕܐܚܙܐ,,,,Peshitta,PESH
10,2 Samuel,13,5,2 Samuel 13:5,23,ܘܐܠܥܣ,,,,Peshitta,PESH
10,2 Samuel,13,5,2 Samuel 13:5,24,ܡܢ,,,,Peshitta,PESH
10,2 Samuel,13,5,2 Samuel 13:5,25,ܐ̈ܝܕܝܗ̇,,,,Peshitta,PESH
10,2 Samuel,13,6,2 Samuel 13:6,1,ܘܕܡܟ,,,,Peshitta,PESH
10,2 Samuel,13,6,2 Samuel 13:6,2,ܚܡܢܘܢ,,,,Peshitta,PESH
10,2 Samuel,13,6,2 Samuel 13:6,3,ܘܐܬܟܪܗ,,,,Peshitta,PESH
10,2 Samuel,13,6,2 Samuel 13:6,4,ܘܐܬܐ,,,,Peshitta,PESH
10,2 Samuel,13,6,2 Samuel 13:6,5,ܡܠܟܐ,,,,Peshitta,PESH
10,2 Samuel,13,6,2 Samuel 13:6,6,ܠܡܚܙܝܗ,,,,Peshitta,PESH
10,2 Samuel,13,6,2 Samuel 13:6,7,ܐܡܪ,,,,Peshitta,PESH
10,2 Samuel,13,6,2 Samuel 13:6,8,ܠܗ,,,,Peshitta,PESH
10,2 Samuel,13,6,2 Samuel 13:6,9,ܚܡܢܘܢ,,,,Peshitta,PESH
10,2 Samuel,13,6,2 Samuel 13:6,10,ܠܡܠܟܐ,,,,Peshitta,PESH
10,2 Samuel,13,6,2 Samuel 13:6,11,ܬܐܬܐ,,,,Peshitta,PESH
10,2 Samuel,13,6,2 Samuel 13:6,12,ܠܘܬܝ,,,,Peshitta,PESH
10,2 Samuel,13,6,2 Samuel 13:6,13,ܬܡܪ,,,,Peshitta,PESH
10,2 Samuel,13,6,2 Samuel 13:6,14,ܚܬܝ,,,,Peshitta,PESH
10,2 Samuel,13,6,2 Samuel 13:6,15,ܘܬܥܒܕ,,,,Peshitta,PESH
10,2 Samuel,13,6,2 Samuel 13:6,16,ܠܥܢ̈ܝ,,,,Peshitta,PESH
10,2 Samuel,13,6,2 Samuel 13:6,17,ܬܪ̈ܝܢ,,,,Peshitta,PESH
10,2 Samuel,13,6,2 Samuel 13:6,18,ܠܒ̈ܘܬܐ,,,,Peshitta,PESH
10,2 Samuel,13,6,2 Samuel 13:6,19,ܘܐܠܥܣ,,,,Peshitta,PESH
10,2 Samuel,13,6,2 Samuel 13:6,20,ܡܢ,,,,Peshitta,PESH
10,2 Samuel,13,6,2 Samuel 13:6,21,ܐ̈ܝܕܝܗ̇,,,,Peshitta,PESH
10,2 Samuel,13,7,2 Samuel 13:7,1,ܘܫܠܚ,,,,Peshitta,PESH
10,2 Samuel,13,7,2 Samuel 13:7,2,ܕܘܝܕ,,,,Peshitta,PESH
10,2 Samuel,13,7,2 Samuel 13:7,3,ܠܬܡܪ,,,,Peshitta,PESH
10,2 Samuel,13,7,2 Samuel 13:7,4,ܘܐܡܪ,,,,Peshitta,PESH
10,2 Samuel,13,7,2 Samuel 13:7,5,ܠܗ̇,,,,Peshitta,PESH
10,2 Samuel,13,7,2 Samuel 13:7,6,ܙܠܝ,,,,Peshitta,PESH
10,2 Samuel,13,7,2 Samuel 13:7,7,ܠܘܬ,,,,Peshitta,PESH
10,2 Samuel,13,7,2 Samuel 13:7,8,ܚܡܢܘܢ,,,,Peshitta,PESH
10,2 Samuel,13,7,2 Samuel 13:7,9,ܐܚܘܟܝ,,,,Peshitta,PESH
10,2 Samuel,13,7,2 Samuel 13:7,10,ܘܥܒܕܝ,,,,Peshitta,PESH
10,2 Samuel,13,7,2 Samuel 13:7,11,ܠܗ,,,,Peshitta,PESH
10,2 Samuel,13,7,2 Samuel 13:7,12,ܡܐܟܘܠܬܐ,,,,Peshitta,PESH
10,2 Samuel,13,8,2 Samuel 13:8,1,ܘܐܙܠܬ,,,,Peshitta,PESH
10,2 Samuel,13,8,2 Samuel 13:8,2,ܬܡܪ,,,,Peshitta,PESH
10,2 Samuel,13,8,2 Samuel 13:8,3,ܠܒܝܬ,,,,Peshitta,PESH
10,2 Samuel,13,8,2 Samuel 13:8,4,ܚܡܢܘܢ,,,,Peshitta,PESH
10,2 Samuel,13,8,2 Samuel 13:8,5,ܐܚܘܗ̇,,,,Peshitta,PESH
10,2 Samuel,13,8,2 Samuel 13:8,6,ܘܗܘ,,,,Peshitta,PESH
10,2 Samuel,13,8,2 Samuel 13:8,7,ܕܡܟ,,,,Peshitta,PESH
10,2 Samuel,13,8,2 Samuel 13:8,8,ܗܘܐ,,,,Peshitta,PESH
10,2 Samuel,13,8,2 Samuel 13:8,9,ܘܢܣܒܬ,,,,Peshitta,PESH
10,2 Samuel,13,8,2 Samuel 13:8,10,ܠܝܫܐ,,,,Peshitta,PESH
10,2 Samuel,13,8,2 Samuel 13:8,11,ܠܫܬ,,,,Peshitta,PESH
10,2 Samuel,13,8,2 Samuel 13:8,12,ܘܥܒܕܬ,,,,Peshitta,PESH
10,2 Samuel,13,8,2 Samuel 13:8,13,ܠܒ̈ܘܬܐ,,,,Peshitta,PESH
10,2 Samuel,13,9,2 Samuel 13:9,1,ܘܢܣܒܬ,,,,Peshitta,PESH
10,2 Samuel,13,9,2 Samuel 13:9,2,ܠܒ̈ܘܬܐ,,,,Peshitta,PESH
10,2 Samuel,13,9,2 Samuel 13:9,3,ܘܣܡܬ,,,,Peshitta,PESH
10,2 Samuel,13,9,2 Samuel 13:9,4,ܩܕܡܘܗܝ,,,,Peshitta,PESH
10,2 Samuel,13,9,2 Samuel 13:9,5,ܘܠܐ,,,,Peshitta,PESH
10,2 Samuel,13,9,2 Samuel 13:9,6,ܨܒܐ,,,,Peshitta,PESH
10,2 Samuel,13,9,2 Samuel 13:9,7,ܠܡܐܟܠ,,,,Peshitta,PESH
10,2 Samuel,13,9,2 Samuel 13:9,8,ܐܡܪ,,,,Peshitta,PESH
10,2 Samuel,13,9,2 Samuel 13:9,9,ܚܡܢܘܢ,,,,Peshitta,PESH
10,2 Samuel,13,9,2 Samuel 13:9,10,ܢܦܩܘܢ,,,,Peshitta,PESH
10,2 Samuel,13,9,2 Samuel 13:9,11,ܐܢܫܐ,,,,Peshitta,PESH
10,2 Samuel,13,9,2 Samuel 13:9,12,ܟܠܗܘܢ,,,,Peshitta,PESH
10,2 Samuel,13,9,2 Samuel 13:9,13,ܡܢ,,,,Peshitta,PESH
10,2 Samuel,13,9,2 Samuel 13:9,14,ܠܘܬܝ,,,,Peshitta,PESH
10,2 Samuel,13,9,2 Samuel 13:9,15,ܘܢܦܩܘ,,,,Peshitta,PESH
10,2 Samuel,13,9,2 Samuel 13:9,16,ܟܠܗܘܢ,,,,Peshitta,PESH
10,2 Samuel,13,9,2 Samuel 13:9,17,ܐܢܫܐ,,,,Peshitta,PESH
10,2 Samuel,13,9,2 Samuel 13:9,18,ܡܢ,,,,Peshitta,PESH
10,2 Samuel,13,9,2 Samuel 13:9,19,ܠܘܬܗ,,,,Peshitta,PESH
10,2 Samuel,13,10,2 Samuel 13:10,1,ܐܡܪ,,,,Peshitta,PESH
10,2 Samuel,13,10,2 Samuel 13:10,2,ܠܗ̇,,,,Peshitta,PESH
10,2 Samuel,13,10,2 Samuel 13:10,3,ܚܡܢܘܢ,,,,Peshitta,PESH
10,2 Samuel,13,10,2 Samuel 13:10,4,ܠܬܡܪ,,,,Peshitta,PESH
10,2 Samuel,13,10,2 Samuel 13:10,5,ܐܥܠܝ,,,,Peshitta,PESH
10,2 Samuel,13,10,2 Samuel 13:10,6,ܠܝ,,,,Peshitta,PESH
10,2 Samuel,13,10,2 Samuel 13:10,7,ܡܐܟܘܠܬܐ,,,,Peshitta,PESH
10,2 Samuel,13,10,2 Samuel 13:10,8,ܠܩܝܛܘܢܐ,,,,Peshitta,PESH
10,2 Samuel,13,10,2 Samuel 13:10,9,ܘܐܠܥܣ,,,,Peshitta,PESH
10,2 Samuel,13,10,2 Samuel 13:10,10,ܡܢ,,,,Peshitta,PESH
10,2 Samuel,13,10,2 Samuel 13:10,11,ܐ̈ܝܕܝܟܝ,,,,Peshitta,PESH
10,2 Samuel,13,10,2 Samuel 13:10,12,ܘܢܣܒܬ,,,,Peshitta,PESH
10,2 Samuel,13,10,2 Samuel 13:10,13,ܬܡܪ,,,,Peshitta,PESH
10,2 Samuel,13,10,2 Samuel 13:10,14,ܠܒ̈ܘܬܐ,,,,Peshitta,PESH
10,2 Samuel,13,10,2 Samuel 13:10,15,ܕܥܒܕܬ,,,,Peshitta,PESH
10,2 Samuel,13,10,2 Samuel 13:10,16,ܘܐܥܠܬ,,,,Peshitta,PESH
10,2 Samuel,13,10,2 Samuel 13:10,17,ܠܚܡܢܘܢ,,,,Peshitta,PESH
10,2 Samuel,13,10,2 Samuel 13:10,18,ܐܚܘܗ̇,,,,Peshitta,PESH
10,2 Samuel,13,10,2 Samuel 13:10,19,ܠܩܝܛܘܢܐ,,,,Peshitta,PESH
10,2 Samuel,13,11,2 Samuel 13:11,1,ܘܩܪܒܬ,,,,Peshitta,PESH
10,2 Samuel,13,11,2 Samuel 13:11,2,ܠܗ,,,,Peshitta,PESH
10,2 Samuel,13,11,2 Samuel 13:11,3,ܠܡܠܥܣ,,,,Peshitta,PESH
10,2 Samuel,13,11,2 Samuel 13:11,4,ܘܐܚܕܗ̇,,,,Peshitta,PESH
10,2 Samuel,13,11,2 Samuel 13:11,5,ܘܐܡܪ,,,,Peshitta,PESH
10,2 Samuel,13,11,2 Samuel 13:11,6,ܠܗ̇,,,,Peshitta,PESH
10,2 Samuel,13,11,2 Samuel 13:11,7,ܬܝ,,,,Peshitta,PESH
10,2 Samuel,13,11,2 Samuel 13:11,8,ܕܡܟ,,,,Peshitta,PESH
10,2 Samuel,13,11,2 Samuel 13:11,9,ܥܡܝ,,,,Peshitta,PESH
10,2 Samuel,13,11,2 Samuel 13:11,10,ܚܬܝ,,,,Peshitta,PESH
10,2 Samuel,13,12,2 Samuel 13:12,1,ܐܡܪܐ,,,,Peshitta,PESH
10,2 Samuel,13,12,2 Samuel 13:12,2,ܠܗ,,,,Peshitta,PESH
10,2 Samuel,13,12,2 Samuel 13:12,3,ܠܐ,,,,Peshitta,PESH
10,2 Samuel,13,12,2 Samuel 13:12,4,ܐܚܝ,,,,Peshitta,PESH
10,2 Samuel,13,12,2 Samuel 13:12,5,ܠܐ,,,,Peshitta,PESH
10,2 Samuel,13,12,2 Samuel 13:12,6,ܬܨܥܪܢܝ,,,,Peshitta,PESH
10,2 Samuel,13,12,2 Samuel 13:12,7,ܠܐ,,,,Peshitta,PESH
10,2 Samuel,13,12,2 Samuel 13:12,8,ܘ̇ܠܐ,,,,Peshitta,PESH
10,2 Samuel,13,12,2 Samuel 13:12,9,ܕܢܬܥܒܕ,,,,Peshitta,PESH
10,2 Samuel,13,12,2 Samuel 13:12,10,ܗܟܢܐ,,,,Peshitta,PESH
10,2 Samuel,13,12,2 Samuel 13:12,11,ܒܐܝܣܪܝܠ,,,,Peshitta,PESH
10,2 Samuel,13,13,2 Samuel 13:13,1,ܐܢܐ,,,,Peshitta,PESH
10,2 Samuel,13,13,2 Samuel 13:13,2,ܠܐܝܟܐ,,,,Peshitta,PESH
10,2 Samuel,13,13,2 Samuel 13:13,3,ܐܘܒܠ,,,,Peshitta,PESH
10,2 Samuel,13,13,2 Samuel 13:13,4,ܚܣܕܝ,,,,Peshitta,PESH
10,2 Samuel,13,13,2 Samuel 13:13,5,ܘܐܢܬ,,,,Peshitta,PESH
10,2 Samuel,13,13,2 Samuel 13:13,6,ܕܝܢ,,,,Peshitta,PESH
10,2 Samuel,13,13,2 Samuel 13:13,7,ܡܬܚܫܒ,,,,Peshitta,PESH
10,2 Samuel,13,13,2 Samuel 13:13,8,ܐܢܬ,,,,Peshitta,PESH
10,2 Samuel,13,13,2 Samuel 13:13,9,ܒܐܝܣܪܝܠ,,,,Peshitta,PESH
10,2 Samuel,13,13,2 Samuel 13:13,10,ܐܝܟ,,,,Peshitta,PESH
10,2 Samuel,13,13,2 Samuel 13:13,11,ܚܕ,,,,Peshitta,PESH
10,2 Samuel,13,13,2 Samuel 13:13,12,ܡܢ,,,,Peshitta,PESH
10,2 Samuel,13,13,2 Samuel 13:13,13,ܫ̈ܛܝܐ,,,,Peshitta,PESH
10,2 Samuel,13,13,2 Samuel 13:13,14,ܗܫܐ,,,,Peshitta,PESH
10,2 Samuel,13,13,2 Samuel 13:13,15,ܐܡܪ,,,,Peshitta,PESH
10,2 Samuel,13,13,2 Samuel 13:13,16,ܠܡܠܟܐ,,,,Peshitta,PESH
10,2 Samuel,13,13,2 Samuel 13:13,17,ܘܠܐ,,,,Peshitta,PESH
10,2 Samuel,13,13,2 Samuel 13:13,18,ܟܠܐ,,,,Peshitta,PESH
10,2 Samuel,13,13,2 Samuel 13:13,19,ܠܝ,,,,Peshitta,PESH
10,2 Samuel,13,13,2 Samuel 13:13,20,ܡܢܟ,,,,Peshitta,PESH
10,2 Samuel,13,14,2 Samuel 13:14,1,ܘܠܐ,,,,Peshitta,PESH
10,2 Samuel,13,14,2 Samuel 13:14,2,ܨܒܐ,,,,Peshitta,PESH
10,2 Samuel,13,14,2 Samuel 13:14,3,ܠܡܫܡܥܗ̇,,,,Peshitta,PESH
10,2 Samuel,13,14,2 Samuel 13:14,4,ܘܐܚܕܗ̇,,,,Peshitta,PESH
10,2 Samuel,13,14,2 Samuel 13:14,5,ܘܚܣܢܗ̇,,,,Peshitta,PESH
10,2 Samuel,13,14,2 Samuel 13:14,6,ܘܕܡܟ,,,,Peshitta,PESH
10,2 Samuel,13,14,2 Samuel 13:14,7,ܥܡܗ̇,,,,Peshitta,PESH
10,2 Samuel,13,14,2 Samuel 13:14,8,ܘܨܥܪܗ̇,,,,Peshitta,PESH
10,2 Samuel,13,15,2 Samuel 13:15,1,ܘܣܢܗ̇,,,,Peshitta,PESH
10,2 Samuel,13,15,2 Samuel 13:15,2,ܚܡܢܘܢ,,,,Peshitta,PESH
10,2 Samuel,13,15,2 Samuel 13:15,3,ܣܢܐܬܐ,,,,Peshitta,PESH
10,2 Samuel,13,15,2 Samuel 13:15,4,ܪܒܬܐ,,,,Peshitta,PESH
10,2 Samuel,13,15,2 Samuel 13:15,5,ܘܣܓܝܬ,,,,Peshitta,PESH
10,2 Samuel,13,15,2 Samuel 13:15,6,ܣܢܐܬܐ,,,,Peshitta,PESH
10,2 Samuel,13,15,2 Samuel 13:15,7,ܕܣܢܗ̇,,,,Peshitta,PESH
10,2 Samuel,13,15,2 Samuel 13:15,8,ܝܬܝܪ,,,,Peshitta,PESH
10,2 Samuel,13,15,2 Samuel 13:15,9,ܡܢ,,,,Peshitta,PESH
10,2 Samuel,13,15,2 Samuel 13:15,10,ܪܚܡܬܐ,,,,Peshitta,PESH
10,2 Samuel,13,15,2 Samuel 13:15,11,ܕܪܚܡܗ̇,,,,Peshitta,PESH
10,2 Samuel,13,15,2 Samuel 13:15,12,ܐܡܪ,,,,Peshitta,PESH
10,2 Samuel,13,15,2 Samuel 13:15,13,ܠܗ̇,,,,Peshitta,PESH
10,2 Samuel,13,15,2 Samuel 13:15,14,ܚܡܢܘܢ,,,,Peshitta,PESH
10,2 Samuel,13,15,2 Samuel 13:15,15,ܩܘܡܝ,,,,Peshitta,PESH
10,2 Samuel,13,15,2 Samuel 13:15,16,ܙܠܝ,,,,Peshitta,PESH
10,2 Samuel,13,16,2 Samuel 13:16,1,ܐܡܪܐ,,,,Peshitta,PESH
10,2 Samuel,13,16,2 Samuel 13:16,2,ܠܗ,,,,Peshitta,PESH
10,2 Samuel,13,16,2 Samuel 13:16,3,ܡܟܝܠ,,,,Peshitta,PESH
10,2 Samuel,13,16,2 Samuel 13:16,4,ܕܥܒܕܬ,,,,Peshitta,PESH
10,2 Samuel,13,16,2 Samuel 13:16,5,ܒܝ,,,,Peshitta,PESH
10,2 Samuel,13,16,2 Samuel 13:16,6,ܒܝܫܬܐ,,,,Peshitta,PESH
10,2 Samuel,13,16,2 Samuel 13:16,7,ܗܕܐ,,,,Peshitta,PESH
10,2 Samuel,13,16,2 Samuel 13:16,8,ܪܒܬܐ,,,,Peshitta,PESH
10,2 Samuel,13,16,2 Samuel 13:16,9,ܡܫܕܪ,,,,Peshitta,PESH
10,2 Samuel,13,16,2 Samuel 13:16,10,ܐܢܬ,,,,Peshitta,PESH
10,2 Samuel,13,16,2 Samuel 13:16,11,ܠܝ,,,,Peshitta,PESH
10,2 Samuel,13,16,2 Samuel 13:16,12,ܘܠܐ,,,,Peshitta,PESH
10,2 Samuel,13,16,2 Samuel 13:16,13,ܨܒܐ,,,,Peshitta,PESH
10,2 Samuel,13,16,2 Samuel 13:16,14,ܠܡܫܡܥܗ̇,,,,Peshitta,PESH
10,2 Samuel,13,17,2 Samuel 13:17,1,ܘܩܪܐ,,,,Peshitta,PESH
10,2 Samuel,13,17,2 Samuel 13:17,2,ܠܛܠܝܐ,,,,Peshitta,PESH
10,2 Samuel,13,17,2 Samuel 13:17,3,ܡܫܡܫܢܗ,,,,Peshitta,PESH
10,2 Samuel,13,17,2 Samuel 13:17,4,ܘܐܡܪ,,,,Peshitta,PESH
10,2 Samuel,13,17,2 Samuel 13:17,5,ܠܗ,,,,Peshitta,PESH
10,2 Samuel,13,17,2 Samuel 13:17,6,ܐܦܩܝܗ̇,,,,Peshitta,PESH
10,2 Samuel,13,17,2 Samuel 13:17,7,ܠܗܕܐ,,,,Peshitta,PESH
10,2 Samuel,13,17,2 Samuel 13:17,8,ܡܢ,,,,Peshitta,PESH
10,2 Samuel,13,17,2 Samuel 13:17,9,ܠܘܬܝ,,,,Peshitta,PESH
10,2 Samuel,13,17,2 Samuel 13:17,10,ܠܒܪ,,,,Peshitta,PESH
10,2 Samuel,13,17,2 Samuel 13:17,11,ܘܐܚܘܕ,,,,Peshitta,PESH
10,2 Samuel,13,17,2 Samuel 13:17,12,ܬܪܥܐ,,,,Peshitta,PESH
10,2 Samuel,13,17,2 Samuel 13:17,13,ܒܐ̈ܦܝܗ̇,,,,Peshitta,PESH
10,2 Samuel,13,19,2 Samuel 13:19,1,ܘܢܣܒܬ,,,,Peshitta,PESH
10,2 Samuel,13,19,2 Samuel 13:19,2,ܬܡܪ,,,,Peshitta,PESH
10,2 Samuel,13,19,2 Samuel 13:19,3,ܩܛܡܐ,,,,Peshitta,PESH
10,2 Samuel,13,19,2 Samuel 13:19,4,ܘܐܪܡܝܬ,,,,Peshitta,PESH
10,2 Samuel,13,19,2 Samuel 13:19,5,ܒܪܝܫܗ̇,,,,Peshitta,PESH
10,2 Samuel,13,19,2 Samuel 13:19,6,ܘܟܘܬܝܢܐ,,,,Peshitta,PESH
10,2 Samuel,13,19,2 Samuel 13:19,7,ܡܚܛܒܬܐ,,,,Peshitta,PESH
10,2 Samuel,13,19,2 Samuel 13:19,8,ܕܠܒܝܫܐ,,,,Peshitta,PESH
10,2 Samuel,13,19,2 Samuel 13:19,9,ܗܘܬ,,,,Peshitta,PESH
10,2 Samuel,13,19,2 Samuel 13:19,10,ܣܕܩܬ,,,,Peshitta,PESH
10,2 Samuel,13,19,2 Samuel 13:19,11,ܘܣܡܬ,,,,Peshitta,PESH
10,2 Samuel,13,19,2 Samuel 13:19,12,ܐ̈ܝܕܝܗ̇,,,,Peshitta,PESH
10,2 Samuel,13,19,2 Samuel 13:19,13,ܥܠ,,,,Peshitta,PESH
10,2 Samuel,13,19,2 Samuel 13:19,14,ܪܝܫܗ̇,,,,Peshitta,PESH
10,2 Samuel,13,19,2 Samuel 13:19,15,ܘܡܝܠܠܐ,,,,Peshitta,PESH
10,2 Samuel,13,19,2 Samuel 13:19,16,ܘܐܙܠܐ,,,,Peshitta,PESH
10,2 Samuel,13,20,2 Samuel 13:20,1,ܐܡܪ,,,,Peshitta,PESH
10,2 Samuel,13,20,2 Samuel 13:20,2,ܠܗ̇,,,,Peshitta,PESH
10,2 Samuel,13,20,2 Samuel 13:20,3,ܐܒܫܠܘܡ,,,,Peshitta,PESH
10,2 Samuel,13,20,2 Samuel 13:20,4,ܐܚܘܗ̇,,,,Peshitta,PESH
10,2 Samuel,13,20,2 Samuel 13:20,5,ܚܡܢܘܢ,,,,Peshitta,PESH
10,2 Samuel,13,20,2 Samuel 13:20,6,ܐܚܘܟܝ,,,,Peshitta,PESH
10,2 Samuel,13,20,2 Samuel 13:20,7,ܕܡܟ,,,,Peshitta,PESH
10,2 Samuel,13,20,2 Samuel 13:20,8,ܠܘܬܟܝ,,,,Peshitta,PESH
10,2 Samuel,13,20,2 Samuel 13:20,9,ܗܫܐ,,,,Peshitta,PESH
10,2 Samuel,13,20,2 Samuel 13:20,10,ܚܬܝ,,,,Peshitta,PESH
10,2 Samuel,13,20,2 Samuel 13:20,11,ܫܬܘܩܝ,,,,Peshitta,PESH
10,2 Samuel,13,20,2 Samuel 13:20,12,ܠܟܝ,,,,Peshitta,PESH
10,2 Samuel,13,20,2 Samuel 13:20,13,ܐܚܘܟܝ,,,,Peshitta,PESH
10,2 Samuel,13,20,2 Samuel 13:20,14,ܗܘ,,,,Peshitta,PESH
10,2 Samuel,13,20,2 Samuel 13:20,15,ܠܐ,,,,Peshitta,PESH
10,2 Samuel,13,20,2 Samuel 13:20,16,ܬܐܬܐ,,,,Peshitta,PESH
10,2 Samuel,13,20,2 Samuel 13:20,17,ܥܠ,,,,Peshitta,PESH
10,2 Samuel,13,20,2 Samuel 13:20,18,ܒܠܟܝ,,,,Peshitta,PESH
10,2 Samuel,13,20,2 Samuel 13:20,19,ܗܕܐ,,,,Peshitta,PESH
10,2 Samuel,13,20,2 Samuel 13:20,20,ܥܒܝܕܬܐ,,,,Peshitta,PESH
10,2 Samuel,13,20,2 Samuel 13:20,21,ܘܝܬܒܬ,,,,Peshitta,PESH
10,2 Samuel,13,20,2 Samuel 13:20,22,ܬܡܪ,,,,Peshitta,PESH
10,2 Samuel,13,20,2 Samuel 13:20,23,ܘܬܡܝܗܐ,,,,Peshitta,PESH
10,2 Samuel,13,20,2 Samuel 13:20,24,ܗܘܬ,,,,Peshitta,PESH
10,2 Samuel,13,20,2 Samuel 13:20,25,ܒܝܬ,,,,Peshitta,PESH
10,2 Samuel,13,20,2 Samuel 13:20,26,ܐܒܫܠܘܡ,,,,Peshitta,PESH
10,2 Samuel,13,20,2 Samuel 13:20,27,ܐܚܘܗ̇,,,,Peshitta,PESH
10,2 Samuel,13,21,2 Samuel 13:21,1,ܘܕܘܝܕ,,,,Peshitta,PESH
10,2 Samuel,13,21,2 Samuel 13:21,2,ܡܠܟܐ,,,,Peshitta,PESH
10,2 Samuel,13,21,2 Samuel 13:21,3,ܫܡܥ,,,,Peshitta,PESH
10,2 Samuel,13,21,2 Samuel 13:21,4,ܒܟܠܗܝܢ,,,,Peshitta,PESH
10,2 Samuel,13,21,2 Samuel 13:21,5,ܡ̈ܠܐ,,,,Peshitta,PESH
10,2 Samuel,13,21,2 Samuel 13:21,6,ܗܠܝܢ,,,,Peshitta,PESH
10,2 Samuel,13,21,2 Samuel 13:21,7,ܘܐܬܐܒܫ,,,,Peshitta,PESH
10,2 Samuel,13,21,2 Samuel 13:21,8,ܠܗ,,,,Peshitta,PESH
10,2 Samuel,13,21,2 Samuel 13:21,9,ܛܒ,,,,Peshitta,PESH
10,2 Samuel,13,22,2 Samuel 13:22,1,ܘܠܐ,,,,Peshitta,PESH
10,2 Samuel,13,22,2 Samuel 13:22,2,ܐܡܪ,,,,Peshitta,PESH
10,2 Samuel,13,22,2 Samuel 13:22,3,ܐܒܫܠܘܡ,,,,Peshitta,PESH
10,2 Samuel,13,22,2 Samuel 13:22,4,ܠܚܡܢܘܢ,,,,Peshitta,PESH
10,2 Samuel,13,22,2 Samuel 13:22,5,ܠܐ,,,,Peshitta,PESH
10,2 Samuel,13,22,2 Samuel 13:22,6,ܛܒܬܐ,,,,Peshitta,PESH
10,2 Samuel,13,22,2 Samuel 13:22,7,ܘܠܐ,,,,Peshitta,PESH
10,2 Samuel,13,22,2 Samuel 13:22,8,ܒܝܫܬܐ,,,,Peshitta,PESH
10,2 Samuel,13,22,2 Samuel 13:22,9,ܡܛܠ,,,,Peshitta,PESH
10,2 Samuel,13,22,2 Samuel 13:22,10,ܕܣܢܝܗܝ,,,,Peshitta,PESH
10,2 Samuel,13,22,2 Samuel 13:22,11,ܐܒܫܠܘܡ,,,,Peshitta,PESH
10,2 Samuel,13,22,2 Samuel 13:22,12,ܠܚܡܢܘܢ,,,,Peshitta,PESH
10,2 Samuel,13,22,2 Samuel 13:22,13,ܥܠ,,,,Peshitta,PESH
10,2 Samuel,13,22,2 Samuel 13:22,14,ܕܨܥܪ,,,,Peshitta,PESH
10,2 Samuel,13,22,2 Samuel 13:22,15,ܠܬܡܪ,,,,Peshitta,PESH
10,2 Samuel,13,22,2 Samuel 13:22,16,ܚܬܗ,,,,Peshitta,PESH
10,2 Samuel,13,23,2 Samuel 13:23,1,ܘܠܥܕܢ,,,,Peshitta,PESH
10,2 Samuel,13,23,2 Samuel 13:23,2,ܒܥܕܢ,,,,Peshitta,PESH
10,2 Samuel,13,23,2 Samuel 13:23,3,ܗܘܘ,,,,Peshitta,PESH
10,2 Samuel,13,23,2 Samuel 13:23,4,ܓܙܘ̈ܙܐ,,,,Peshitta,PESH
10,2 Samuel,13,23,2 Samuel 13:23,5,ܠܐܒܫܠܘܡ,,,,Peshitta,PESH
10,2 Samuel,13,23,2 Samuel 13:23,6,ܒܒܥܠ,,,,Peshitta,PESH
10,2 Samuel,13,23,2 Samuel 13:23,7,ܚܨܘܪ,,,,Peshitta,PESH
10,2 Samuel,13,23,2 Samuel 13:23,8,ܕܥܡ,,,,Peshitta,PESH
10,2 Samuel,13,23,2 Samuel 13:23,9,ܐܦܪܝܡ,,,,Peshitta,PESH
10,2 Samuel,13,23,2 Samuel 13:23,10,ܘܙܡܢ,,,,Peshitta,PESH
10,2 Samuel,13,23,2 Samuel 13:23,11,ܐܒܫܠܘܡ,,,,Peshitta,PESH
10,2 Samuel,13,23,2 Samuel 13:23,12,ܠܟܠܗܘܢ,,,,Peshitta,PESH
10,2 Samuel,13,23,2 Samuel 13:23,13,ܒܢ̈ܝ,,,,Peshitta,PESH
10,2 Samuel,13,23,2 Samuel 13:23,14,ܡܠܟܐ,,,,Peshitta,PESH
10,2 Samuel,13,24,2 Samuel 13:24,1,ܘܐܬܐ,,,,Peshitta,PESH
10,2 Samuel,13,24,2 Samuel 13:24,2,ܐܒܫܠܘܡ,,,,Peshitta,PESH
10,2 Samuel,13,24,2 Samuel 13:24,3,ܠܘܬ,,,,Peshitta,PESH
10,2 Samuel,13,24,2 Samuel 13:24,4,ܡܠܟܐ,,,,Peshitta,PESH
10,2 Samuel,13,24,2 Samuel 13:24,5,ܘܐܡܪ,,,,Peshitta,PESH
10,2 Samuel,13,24,2 Samuel 13:24,6,ܠܗ,,,,Peshitta,PESH
10,2 Samuel,13,24,2 Samuel 13:24,7,ܓܙܘ̈ܙܐ,,,,Peshitta,PESH
10,2 Samuel,13,24,2 Samuel 13:24,8,ܐܝܬ,,,,Peshitta,PESH
10,2 Samuel,13,24,2 Samuel 13:24,9,ܠܥܒܕܟ,,,,Peshitta,PESH
10,2 Samuel,13,24,2 Samuel 13:24,10,ܢܐܙܠ,,,,Peshitta,PESH
10,2 Samuel,13,24,2 Samuel 13:24,11,ܡܠܟܐ,,,,Peshitta,PESH
10,2 Samuel,13,24,2 Samuel 13:24,12,ܘܥܒ̈ܕܘܗܝ,,,,Peshitta,PESH
10,2 Samuel,13,24,2 Samuel 13:24,13,ܥܡ,,,,Peshitta,PESH
10,2 Samuel,13,24,2 Samuel 13:24,14,ܥܒܕܟ,,,,Peshitta,PESH
10,2 Samuel,13,25,2 Samuel 13:25,1,ܐܡܪ,,,,Peshitta,PESH
10,2 Samuel,13,25,2 Samuel 13:25,2,ܠܗ,,,,Peshitta,PESH
10,2 Samuel,13,25,2 Samuel 13:25,3,ܠܐ,,,,Peshitta,PESH
10,2 Samuel,13,25,2 Samuel 13:25,4,ܒܪܝ,,,,Peshitta,PESH
10,2 Samuel,13,25,2 Samuel 13:25,5,ܠܐ,,,,Peshitta,PESH
10,2 Samuel,13,25,2 Samuel 13:25,6,ܢܐܙܠ,,,,Peshitta,PESH
10,2 Samuel,13,25,2 Samuel 13:25,7,ܟܠܢ,,,,Peshitta,PESH
10,2 Samuel,13,25,2 Samuel 13:25,8,ܕܠܐ,,,,Peshitta,PESH
10,2 Samuel,13,25,2 Samuel 13:25,9,ܢܐܩܪ,,,,Peshitta,PESH
10,2 Samuel,13,25,2 Samuel 13:25,10,ܥܠܝܟ,,,,Peshitta,PESH
10,2 Samuel,13,25,2 Samuel 13:25,11,ܘܐܠܨܗ,,,,Peshitta,PESH
10,2 Samuel,13,25,2 Samuel 13:25,12,ܘܠܐ,,,,Peshitta,PESH
10,2 Samuel,13,25,2 Samuel 13:25,13,ܨܒܐ,,,,Peshitta,PESH
10,2 Samuel,13,25,2 Samuel 13:25,14,ܕܢܐܙܠ,,,,Peshitta,PESH
10,2 Samuel,13,25,2 Samuel 13:25,15,ܥܡܗ,,,,Peshitta,PESH
10,2 Samuel,13,25,2 Samuel 13:25,16,ܘܒܪܟܗ,,,,Peshitta,PESH
10,2 Samuel,13,26,2 Samuel 13:26,1,ܐܡܪ,,,,Peshitta,PESH
10,2 Samuel,13,26,2 Samuel 13:26,2,ܠܗ,,,,Peshitta,PESH
10,2 Samuel,13,26,2 Samuel 13:26,3,ܐܒܫܠܘܡ,,,,Peshitta,PESH
10,2 Samuel,13,26,2 Samuel 13:26,4,ܘܡܐ,,,,Peshitta,PESH
10,2 Samuel,13,26,2 Samuel 13:26,5,ܕܠܐ,,,,Peshitta,PESH
10,2 Samuel,13,26,2 Samuel 13:26,6,ܢܐܙܠ,,,,Peshitta,PESH
10,2 Samuel,13,26,2 Samuel 13:26,7,ܥܡܝ,,,,Peshitta,PESH
10,2 Samuel,13,26,2 Samuel 13:26,8,ܚܡܢܘܢ,,,,Peshitta,PESH
10,2 Samuel,13,26,2 Samuel 13:26,9,ܐܚܝ,,,,Peshitta,PESH
10,2 Samuel,13,26,2 Samuel 13:26,10,ܐܡܪ,,,,Peshitta,PESH
10,2 Samuel,13,26,2 Samuel 13:26,11,ܠܗ,,,,Peshitta,PESH
10,2 Samuel,13,26,2 Samuel 13:26,12,ܡܠܟܐ,,,,Peshitta,PESH
10,2 Samuel,13,26,2 Samuel 13:26,13,ܠܡܢܐ,,,,Peshitta,PESH
10,2 Samuel,13,26,2 Samuel 13:26,14,ܐܙܠ,,,,Peshitta,PESH
10,2 Samuel,13,26,2 Samuel 13:26,15,ܥܡܟ,,,,Peshitta,PESH
10,2 Samuel,13,27,2 Samuel 13:27,1,ܘܐܠܨܗ,,,,Peshitta,PESH
10,2 Samuel,13,27,2 Samuel 13:27,2,ܐܒܫܠܘܡ,,,,Peshitta,PESH
10,2 Samuel,13,27,2 Samuel 13:27,3,ܘܫܕܪ,,,,Peshitta,PESH
10,2 Samuel,13,27,2 Samuel 13:27,4,ܥܡܗ,,,,Peshitta,PESH
10,2 Samuel,13,27,2 Samuel 13:27,5,ܠܚܡܢܘܢ,,,,Peshitta,PESH
10,2 Samuel,13,27,2 Samuel 13:27,6,ܘܠܟܠܗܘܢ,,,,Peshitta,PESH
10,2 Samuel,13,27,2 Samuel 13:27,7,ܒܢ̈ܝ,,,,Peshitta,PESH
10,2 Samuel,13,27,2 Samuel 13:27,8,ܡܠܟܐ,,,,Peshitta,PESH
10,2 Samuel,13,28,2 Samuel 13:28,1,ܘܦܩܕ,,,,Peshitta,PESH
10,2 Samuel,13,28,2 Samuel 13:28,2,ܐܒܫܠܘܡ,,,,Peshitta,PESH
10,2 Samuel,13,28,2 Samuel 13:28,3,ܠܥܒ̈ܕܘܗܝ,,,,Peshitta,PESH
10,2 Samuel,13,28,2 Samuel 13:28,4,ܘܐܡܪ,,,,Peshitta,PESH
10,2 Samuel,13,28,2 Samuel 13:28,5,ܠܗܘܢ,,,,Peshitta,PESH
10,2 Samuel,13,28,2 Samuel 13:28,6,ܡܐ,,,,Peshitta,PESH
10,2 Samuel,13,28,2 Samuel 13:28,7,ܕܫܦܪ,,,,Peshitta,PESH
10,2 Samuel,13,28,2 Samuel 13:28,8,ܠܒܗ,,,,Peshitta,PESH
10,2 Samuel,13,28,2 Samuel 13:28,9,ܕܚܡܢܘܢ,,,,Peshitta,PESH
10,2 Samuel,13,28,2 Samuel 13:28,10,ܒܚܡܪܐ,,,,Peshitta,PESH
10,2 Samuel,13,28,2 Samuel 13:28,11,ܘܐܡܪܬ,,,,Peshitta,PESH
10,2 Samuel,13,28,2 Samuel 13:28,12,ܠܟܘܢ,,,,Peshitta,PESH
10,2 Samuel,13,28,2 Samuel 13:28,13,ܡܚܐܘܗܝ,,,,Peshitta,PESH
10,2 Samuel,13,28,2 Samuel 13:28,14,ܠܚܡܢܘܢ,,,,Peshitta,PESH
10,2 Samuel,13,28,2 Samuel 13:28,15,ܘܩܘܛܠܘܗܝ,,,,Peshitta,PESH
10,2 Samuel,13,28,2 Samuel 13:28,16,ܠܐ,,,,Peshitta,PESH
10,2 Samuel,13,28,2 Samuel 13:28,17,ܬܕܚܠܘܢ,,,,Peshitta,PESH
10,2 Samuel,13,28,2 Samuel 13:28,18,ܐܢܐ,,,,Peshitta,PESH
10,2 Samuel,13,28,2 Samuel 13:28,19,ܗܘ,,,,Peshitta,PESH
10,2 Samuel,13,28,2 Samuel 13:28,20,ܦܩܕܬܟܘܢ,,,,Peshitta,PESH
10,2 Samuel,13,28,2 Samuel 13:28,21,ܐܬܚܝܠܘ,,,,Peshitta,PESH
10,2 Samuel,13,28,2 Samuel 13:28,22,ܘܗܘܘ,,,,Peshitta,PESH
10,2 Samuel,13,28,2 Samuel 13:28,23,ܓܒܪ̈ܐ,,,,Peshitta,PESH
10,2 Samuel,13,29,2 Samuel 13:29,1,ܘܥܒܕܘ,,,,Peshitta,PESH
10,2 Samuel,13,29,2 Samuel 13:29,2,ܥܒ̈ܕܘܗܝ,,,,Peshitta,PESH
10,2 Samuel,13,29,2 Samuel 13:29,3,ܕܐܒܫܠܘܡ,,,,Peshitta,PESH
10,2 Samuel,13,29,2 Samuel 13:29,4,ܐܝܟ,,,,Peshitta,PESH
10,2 Samuel,13,29,2 Samuel 13:29,5,ܕܦܩܕ,,,,Peshitta,PESH
10,2 Samuel,13,29,2 Samuel 13:29,6,ܐܢܘܢ,,,,Peshitta,PESH
10,2 Samuel,13,29,2 Samuel 13:29,7,ܐܒܫܠܘܡ,,,,Peshitta,PESH
10,2 Samuel,13,29,2 Samuel 13:29,8,ܘܩܡܘ,,,,Peshitta,PESH
10,2 Samuel,13,29,2 Samuel 13:29,9,ܟܠܗܘܢ,,,,Peshitta,PESH
10,2 Samuel,13,29,2 Samuel 13:29,10,ܒܢ̈ܝ,,,,Peshitta,PESH
10,2 Samuel,13,29,2 Samuel 13:29,11,ܡܠܟܐ,,,,Peshitta,PESH
10,2 Samuel,13,29,2 Samuel 13:29,12,ܘܪܟܒܘ,,,,Peshitta,PESH
10,2 Samuel,13,29,2 Samuel 13:29,13,ܓܒܪ,,,,Peshitta,PESH
10,2 Samuel,13,29,2 Samuel 13:29,14,ܥܠ,,,,Peshitta,PESH
10,2 Samuel,13,29,2 Samuel 13:29,15,ܟܘܕܢܝܗ,,,,Peshitta,PESH
10,2 Samuel,13,29,2 Samuel 13:29,16,ܘܥܪܩܘ,,,,Peshitta,PESH
10,2 Samuel,13,30,2 Samuel 13:30,1,ܘܥܕ,,,,Peshitta,PESH
10,2 Samuel,13,30,2 Samuel 13:30,2,ܗܢܘܢ,,,,Peshitta,PESH
10,2 Samuel,13,30,2 Samuel 13:30,3,ܒܐܘܪܚܐ,,,,Peshitta,PESH
10,2 Samuel,13,30,2 Samuel 13:30,4,ܡܛܐ,,,,Peshitta,PESH
10,2 Samuel,13,30,2 Samuel 13:30,5,ܛܒܐ,,,,Peshitta,PESH
10,2 Samuel,13,30,2 Samuel 13:30,6,ܠܕܘܝܕ,,,,Peshitta,PESH
10,2 Samuel,13,30,2 Samuel 13:30,7,ܕܩܛܠ,,,,Peshitta,PESH
10,2 Samuel,13,30,2 Samuel 13:30,8,ܐܢܘܢ,,,,Peshitta,PESH
10,2 Samuel,13,30,2 Samuel 13:30,9,ܐܒܫܠܘܡ,,,,Peshitta,PESH
10,2 Samuel,13,30,2 Samuel 13:30,10,ܠܟܠܗܘܢ,,,,Peshitta,PESH
10,2 Samuel,13,30,2 Samuel 13:30,11,ܒܢ̈ܝ,,,,Peshitta,PESH
10,2 Samuel,13,30,2 Samuel 13:30,12,ܡܠܟܐ,,,,Peshitta,PESH
10,2 Samuel,13,30,2 Samuel 13:30,13,ܘܠܐ,,,,Peshitta,PESH
10,2 Samuel,13,30,2 Samuel 13:30,14,ܫܒܩ,,,,Peshitta,PESH
10,2 Samuel,13,30,2 Samuel 13:30,15,ܡܢܗܘܢ,,,,Peshitta,PESH
10,2 Samuel,13,30,2 Samuel 13:30,16,ܐܢܫ,,,,Peshitta,PESH
10,2 Samuel,13,31,2 Samuel 13:31,1,ܘܩܡ,,,,Peshitta,PESH
10,2 Samuel,13,31,2 Samuel 13:31,2,ܡܠܟܐ,,,,Peshitta,PESH
10,2 Samuel,13,31,2 Samuel 13:31,3,ܘܣܕܩ,,,,Peshitta,PESH
10,2 Samuel,13,31,2 Samuel 13:31,4,ܠܒ̈ܘܫܘܗܝ,,,,Peshitta,PESH
10,2 Samuel,13,31,2 Samuel 13:31,5,ܘܕܡܟ,,,,Peshitta,PESH
10,2 Samuel,13,31,2 Samuel 13:31,6,ܥܠ,,,,Peshitta,PESH
10,2 Samuel,13,31,2 Samuel 13:31,7,ܐܪܥܐ,,,,Peshitta,PESH
10,2 Samuel,13,31,2 Samuel 13:31,8,ܘܟܠܗܘܢ,,,,Peshitta,PESH
10,2 Samuel,13,31,2 Samuel 13:31,9,ܥܒ̈ܕܘܗܝ,,,,Peshitta,PESH
10,2 Samuel,13,31,2 Samuel 13:31,10,ܩܝܡܝܢ,,,,Peshitta,PESH
10,2 Samuel,13,31,2 Samuel 13:31,11,ܟܕ,,,,Peshitta,PESH
10,2 Samuel,13,31,2 Samuel 13:31,12,ܡܣܕܩܝܢ,,,,Peshitta,PESH
10,2 Samuel,13,31,2 Samuel 13:31,13,ܠܒܘܫ̈ܝܗܘܢ,,,,Peshitta,PESH
10,2 Samuel,13,32,2 Samuel 13:32,1,ܘܥܢܐ,,,,Peshitta,PESH
10,2 Samuel,13,32,2 Samuel 13:32,2,ܝܘܢܕܒ,,,,Peshitta,PESH
10,2 Samuel,13,32,2 Samuel 13:32,3,ܒܪ,,,,Peshitta,PESH
10,2 Samuel,13,32,2 Samuel 13:32,4,ܫܡܐ,,,,Peshitta,PESH
10,2 Samuel,13,32,2 Samuel 13:32,5,ܐܚܘܗܝ,,,,Peshitta,PESH
10,2 Samuel,13,32,2 Samuel 13:32,6,ܕܕܘܝܕ,,,,Peshitta,PESH
10,2 Samuel,13,32,2 Samuel 13:32,7,ܘܐܡܪ,,,,Peshitta,PESH
10,2 Samuel,13,32,2 Samuel 13:32,8,ܠܗ,,,,Peshitta,PESH
10,2 Samuel,13,32,2 Samuel 13:32,9,ܠܐ,,,,Peshitta,PESH
10,2 Samuel,13,32,2 Samuel 13:32,10,ܢܣܒܪ,,,,Peshitta,PESH
10,2 Samuel,13,32,2 Samuel 13:32,11,ܡܪܝ,,,,Peshitta,PESH
10,2 Samuel,13,32,2 Samuel 13:32,12,ܡܠܟܐ,,,,Peshitta,PESH
10,2 Samuel,13,32,2 Samuel 13:32,13,ܕܟܠܗܘܢ,,,,Peshitta,PESH
10,2 Samuel,13,32,2 Samuel 13:32,14,ܒܢ̈ܝ,,,,Peshitta,PESH
10,2 Samuel,13,32,2 Samuel 13:32,15,ܡܠܟܐ,,,,Peshitta,PESH
10,2 Samuel,13,32,2 Samuel 13:32,16,ܡܝܬܘ,,,,Peshitta,PESH
10,2 Samuel,13,32,2 Samuel 13:32,17,ܡܛܠ,,,,Peshitta,PESH
10,2 Samuel,13,32,2 Samuel 13:32,18,ܕܚܡܢܘܢ,,,,Peshitta,PESH
10,2 Samuel,13,32,2 Samuel 13:32,19,ܗܘ,,,,Peshitta,PESH
10,2 Samuel,13,32,2 Samuel 13:32,20,ܒܠܚܘܕܘܗܝ,,,,Peshitta,PESH
10,2 Samuel,13,32,2 Samuel 13:32,21,ܡܝܬ,,,,Peshitta,PESH
10,2 Samuel,13,32,2 Samuel 13:32,22,ܣܝܡܐ,,,,Peshitta,PESH
10,2 Samuel,13,32,2 Samuel 13:32,23,ܗܘܬ,,,,Peshitta,PESH
10,2 Samuel,13,32,2 Samuel 13:32,24,ܓܝܪ,,,,Peshitta,PESH
10,2 Samuel,13,32,2 Samuel 13:32,25,ܒܪܥܝܢܗ,,,,Peshitta,PESH
10,2 Samuel,13,32,2 Samuel 13:32,26,ܕܐܒܫܠܘܡ,,,,Peshitta,PESH
10,2 Samuel,13,32,2 Samuel 13:32,27,ܡܢ,,,,Peshitta,PESH
10,2 Samuel,13,32,2 Samuel 13:32,28,ܝܘܡܐ,,,,Peshitta,PESH
10,2 Samuel,13,32,2 Samuel 13:32,29,ܕܨܥܪ,,,,Peshitta,PESH
10,2 Samuel,13,32,2 Samuel 13:32,30,ܠܬܡܪ,,,,Peshitta,PESH
10,2 Samuel,13,32,2 Samuel 13:32,31,ܚܬܗ,,,,Peshitta,PESH
10,2 Samuel,13,33,2 Samuel 13:33,1,ܘܐܦ,,,,Peshitta,PESH
10,2 Samuel,13,33,2 Samuel 13:33,2,ܗܫܐ,,,,Peshitta,PESH
10,2 Samuel,13,33,2 Samuel 13:33,3,ܠܐ,,,,Peshitta,PESH
10,2 Samuel,13,33,2 Samuel 13:33,4,ܢܣܒܪ,,,,Peshitta,PESH
10,2 Samuel,13,33,2 Samuel 13:33,5,ܡܪܝ,,,,Peshitta,PESH
10,2 Samuel,13,33,2 Samuel 13:33,6,ܡܠܟܐ,,,,Peshitta,PESH
10,2 Samuel,13,33,2 Samuel 13:33,7,ܕܟܠܗܘܢ,,,,Peshitta,PESH
10,2 Samuel,13,33,2 Samuel 13:33,8,ܒܢ̈ܝ,,,,Peshitta,PESH
10,2 Samuel,13,33,2 Samuel 13:33,9,ܡܠܟܐ,,,,Peshitta,PESH
10,2 Samuel,13,33,2 Samuel 13:33,10,ܡܝܬܘ,,,,Peshitta,PESH
10,2 Samuel,13,33,2 Samuel 13:33,11,ܡܛܠ,,,,Peshitta,PESH
10,2 Samuel,13,33,2 Samuel 13:33,12,ܕܚܡܢܘܢ,,,,Peshitta,PESH
10,2 Samuel,13,33,2 Samuel 13:33,13,ܗܘ,,,,Peshitta,PESH
10,2 Samuel,13,33,2 Samuel 13:33,14,ܒܠܚܘܕܘܗܝ,,,,Peshitta,PESH
10,2 Samuel,13,33,2 Samuel 13:33,15,ܡܝܬ,,,,Peshitta,PESH
10,2 Samuel,13,34,2 Samuel 13:34,1,ܘܥܪܩ,,,,Peshitta,PESH
10,2 Samuel,13,34,2 Samuel 13:34,2,ܠܗ,,,,Peshitta,PESH
10,2 Samuel,13,34,2 Samuel 13:34,3,ܐܒܫܠܘܡ,,,,Peshitta,PESH
10,2 Samuel,13,34,2 Samuel 13:34,4,ܘܐܪܝܡ,,,,Peshitta,PESH
10,2 Samuel,13,34,2 Samuel 13:34,5,ܕܘܩܐ,,,,Peshitta,PESH
10,2 Samuel,13,34,2 Samuel 13:34,6,ܥܝܢ̈ܘܗܝ,,,,Peshitta,PESH
10,2 Samuel,13,34,2 Samuel 13:34,7,ܘܚܙܐ,,,,Peshitta,PESH
10,2 Samuel,13,34,2 Samuel 13:34,8,ܐܢܫܐ,,,,Peshitta,PESH
10,2 Samuel,13,34,2 Samuel 13:34,9,ܣ̈ܓܝܐܐ,,,,Peshitta,PESH
10,2 Samuel,13,34,2 Samuel 13:34,10,ܕܐܬܝܢ,,,,Peshitta,PESH
10,2 Samuel,13,34,2 Samuel 13:34,11,ܒܐܘܪܚܐ,,,,Peshitta,PESH
10,2 Samuel,13,34,2 Samuel 13:34,12,ܡܢ,,,,Peshitta,PESH
10,2 Samuel,13,34,2 Samuel 13:34,13,ܓܒܐ,,,,Peshitta,PESH
10,2 Samuel,13,34,2 Samuel 13:34,14,ܕܛܘܪܐ,,,,Peshitta,PESH
10,2 Samuel,13,35,2 Samuel 13:35,1,ܐܡܪ,,,,Peshitta,PESH
10,2 Samuel,13,35,2 Samuel 13:35,2,ܠܗ,,,,Peshitta,PESH
10,2 Samuel,13,35,2 Samuel 13:35,3,ܝܘܢܕܒ,,,,Peshitta,PESH
10,2 Samuel,13,35,2 Samuel 13:35,4,ܠܡܠܟܐ,,,,Peshitta,PESH
10,2 Samuel,13,35,2 Samuel 13:35,5,ܗܐ,,,,Peshitta,PESH
10,2 Samuel,13,35,2 Samuel 13:35,6,ܒܢ̈ܝ,,,,Peshitta,PESH
10,2 Samuel,13,35,2 Samuel 13:35,7,ܡܠܟܐ,,,,Peshitta,PESH
10,2 Samuel,13,35,2 Samuel 13:35,8,ܐܬܘ,,,,Peshitta,PESH
10,2 Samuel,13,35,2 Samuel 13:35,9,ܐܝܟܢܐ,,,,Peshitta,PESH
10,2 Samuel,13,35,2 Samuel 13:35,10,ܕܐܡܪ,,,,Peshitta,PESH
10,2 Samuel,13,35,2 Samuel 13:35,11,ܥܒܕܟ,,,,Peshitta,PESH
10,2 Samuel,13,35,2 Samuel 13:35,12,ܗܟܢܐ,,,,Peshitta,PESH
10,2 Samuel,13,35,2 Samuel 13:35,13,ܗܘܐ,,,,Peshitta,PESH
10,2 Samuel,13,36,2 Samuel 13:36,1,ܘܟܕ,,,,Peshitta,PESH
10,2 Samuel,13,36,2 Samuel 13:36,2,ܫܠܡ,,,,Peshitta,PESH
10,2 Samuel,13,36,2 Samuel 13:36,3,ܠܡܡܠܠܘ,,,,Peshitta,PESH
10,2 Samuel,13,36,2 Samuel 13:36,4,ܐܬܘ,,,,Peshitta,PESH
10,2 Samuel,13,36,2 Samuel 13:36,5,ܒܢ̈ܝ,,,,Peshitta,PESH
10,2 Samuel,13,36,2 Samuel 13:36,6,ܡܠܟܐ,,,,Peshitta,PESH
10,2 Samuel,13,36,2 Samuel 13:36,7,ܘܐܪܝܡܘ,,,,Peshitta,PESH
10,2 Samuel,13,36,2 Samuel 13:36,8,ܩܠܗܘܢ,,,,Peshitta,PESH
10,2 Samuel,13,36,2 Samuel 13:36,9,ܘܒܟܘ,,,,Peshitta,PESH
10,2 Samuel,13,36,2 Samuel 13:36,10,ܘܐܦ,,,,Peshitta,PESH
10,2 Samuel,13,36,2 Samuel 13:36,11,ܡܠܟܐ,,,,Peshitta,PESH
10,2 Samuel,13,36,2 Samuel 13:36,12,ܘܟܠܗܘܢ,,,,Peshitta,PESH
10,2 Samuel,13,36,2 Samuel 13:36,13,ܥܒ̈ܕܘܗܝ,,,,Peshitta,PESH
10,2 Samuel,13,36,2 Samuel 13:36,14,ܒܟܘ,,,,Peshitta,PESH
10,2 Samuel,13,36,2 Samuel 13:36,15,ܒܟܬܐ,,,,Peshitta,PESH
10,2 Samuel,13,36,2 Samuel 13:36,16,ܪܒܬܐ,,,,Peshitta,PESH
10,2 Samuel,13,37,2 Samuel 13:37,1,ܘܐܒܫܠܘܡ,,,,Peshitta,PESH
10,2 Samuel,13,37,2 Samuel 13:37,2,ܥܪܩ,,,,Peshitta,PESH
10,2 Samuel,13,37,2 Samuel 13:37,3,ܘܐܙܠ,,,,Peshitta,PESH
10,2 Samuel,13,37,2 Samuel 13:37,4,ܠܘܬ,,,,Peshitta,PESH
10,2 Samuel,13,37,2 Samuel 13:37,5,ܬܘܠܡܝ,,,,Peshitta,PESH
10,2 Samuel,13,37,2 Samuel 13:37,6,ܒܪ,,,,Peshitta,PESH
10,2 Samuel,13,37,2 Samuel 13:37,7,ܥܡܝܗܘܕ,,,,Peshitta,PESH
10,2 Samuel,13,37,2 Samuel 13:37,8,ܡܠܟܐ,,,,Peshitta,PESH
10,2 Samuel,13,37,2 Samuel 13:37,9,ܕܓܫܘܪ,,,,Peshitta,PESH
10,2 Samuel,13,37,2 Samuel 13:37,10,ܘܝܬܒ,,,,Peshitta,PESH
10,2 Samuel,13,37,2 Samuel 13:37,11,ܕܘܝܕ,,,,Peshitta,PESH
10,2 Samuel,13,37,2 Samuel 13:37,12,ܒܐܒܠܐ,,,,Peshitta,PESH
10,2 Samuel,13,37,2 Samuel 13:37,13,ܥܠ,,,,Peshitta,PESH
10,2 Samuel,13,37,2 Samuel 13:37,14,ܒܪܗ,,,,Peshitta,PESH
10,2 Samuel,13,37,2 Samuel 13:37,15,ܝܘܡ̈ܬܐ,,,,Peshitta,PESH
10,2 Samuel,13,37,2 Samuel 13:37,16,ܣ̈ܓܝܐܐ,,,,Peshitta,PESH
10,2 Samuel,13,38,2 Samuel 13:38,1,ܘܐܒܫܠܘܡ,,,,Peshitta,PESH
10,2 Samuel,13,38,2 Samuel 13:38,2,ܥܪܩ,,,,Peshitta,PESH
10,2 Samuel,13,38,2 Samuel 13:38,3,ܘܐܙܠ,,,,Peshitta,PESH
10,2 Samuel,13,38,2 Samuel 13:38,4,ܠܓܫܘܪ,,,,Peshitta,PESH
10,2 Samuel,13,38,2 Samuel 13:38,5,ܘܗܘܐ,,,,Peshitta,PESH
10,2 Samuel,13,38,2 Samuel 13:38,6,ܬܡܢ,,,,Peshitta,PESH
10,2 Samuel,13,38,2 Samuel 13:38,7,ܬܠܬ,,,,Peshitta,PESH
10,2 Samuel,13,38,2 Samuel 13:38,8,ܫ̈ܢܝܢ,,,,Peshitta,PESH
10,2 Samuel,13,39,2 Samuel 13:39,1,ܘܐܗܡܝ,,,,Peshitta,PESH
10,2 Samuel,13,39,2 Samuel 13:39,2,ܡܠܟܐ,,,,Peshitta,PESH
10,2 Samuel,13,39,2 Samuel 13:39,3,ܕܘܝܕ,,,,Peshitta,PESH
10,2 Samuel,13,39,2 Samuel 13:39,4,ܠܡܦܩ,,,,Peshitta,PESH
10,2 Samuel,13,39,2 Samuel 13:39,5,ܒܬܪ,,,,Peshitta,PESH
10,2 Samuel,13,39,2 Samuel 13:39,6,ܐܒܫܠܘܡ,,,,Peshitta,PESH
10,2 Samuel,13,39,2 Samuel 13:39,7,ܡܛܠ,,,,Peshitta,PESH
10,2 Samuel,13,39,2 Samuel 13:39,8,ܕܐܬܒܝܐ,,,,Peshitta,PESH
10,2 Samuel,13,39,2 Samuel 13:39,9,ܥܠ,,,,Peshitta,PESH
10,2 Samuel,13,39,2 Samuel 13:39,10,ܚܡܢܘܢ,,,,Peshitta,PESH
10,2 Samuel,13,39,2 Samuel 13:39,11,ܕܡܝܬ,,,,Peshitta,PESH
10,2 Samuel,14,1,2 Samuel 14:1,1,ܘܝܕܥ,,,,Peshitta,PESH
10,2 Samuel,14,1,2 Samuel 14:1,2,ܝܘܐܒ,,,,Peshitta,PESH
10,2 Samuel,14,1,2 Samuel 14:1,3,ܒܪ,,,,Peshitta,PESH
10,2 Samuel,14,1,2 Samuel 14:1,4,ܨܘܪܝܐ,,,,Peshitta,PESH
10,2 Samuel,14,1,2 Samuel 14:1,5,ܕܐܬܪܥܝ,,,,Peshitta,PESH
10,2 Samuel,14,1,2 Samuel 14:1,6,ܠܒܗ,,,,Peshitta,PESH
10,2 Samuel,14,1,2 Samuel 14:1,7,ܕܕܘܝܕ,,,,Peshitta,PESH
10,2 Samuel,14,1,2 Samuel 14:1,8,ܡܠܟܐ,,,,Peshitta,PESH
10,2 Samuel,14,1,2 Samuel 14:1,9,ܠܐܒܫܠܘܡ,,,,Peshitta,PESH
10,2 Samuel,14,2,2 Samuel 14:2,1,ܘܫܕܪ,,,,Peshitta,PESH
10,2 Samuel,14,2,2 Samuel 14:2,2,ܝܘܐܒ,,,,Peshitta,PESH
10,2 Samuel,14,2,2 Samuel 14:2,3,ܠܬܩܘܥ,,,,Peshitta,PESH
10,2 Samuel,14,2,2 Samuel 14:2,4,ܘܕܒܪ,,,,Peshitta,PESH
10,2 Samuel,14,2,2 Samuel 14:2,5,ܡܢ,,,,Peshitta,PESH
10,2 Samuel,14,2,2 Samuel 14:2,6,ܬܡܢ,,,,Peshitta,PESH
10,2 Samuel,14,2,2 Samuel 14:2,7,ܐܢܬܬܐ,,,,Peshitta,PESH
10,2 Samuel,14,2,2 Samuel 14:2,8,ܚܟܝܡܬܐ,,,,Peshitta,PESH
10,2 Samuel,14,2,2 Samuel 14:2,9,ܘܐܡܪ,,,,Peshitta,PESH
10,2 Samuel,14,2,2 Samuel 14:2,10,ܠܗ̇,,,,Peshitta,PESH
10,2 Samuel,14,2,2 Samuel 14:2,11,ܐܬܐܒܠܝ,,,,Peshitta,PESH
10,2 Samuel,14,2,2 Samuel 14:2,12,ܘܠܒܫܝ,,,,Peshitta,PESH
10,2 Samuel,14,2,2 Samuel 14:2,13,ܠܒܘܫܐ,,,,Peshitta,PESH
10,2 Samuel,14,2,2 Samuel 14:2,14,ܕܐܒܠܐ,,,,Peshitta,PESH
10,2 Samuel,14,2,2 Samuel 14:2,15,ܘܠܐ,,,,Peshitta,PESH
10,2 Samuel,14,2,2 Samuel 14:2,16,ܬܡܫܚܝܢ,,,,Peshitta,PESH
10,2 Samuel,14,2,2 Samuel 14:2,17,ܡܫܚܐ,,,,Peshitta,PESH
10,2 Samuel,14,2,2 Samuel 14:2,18,ܘܗܘܝ,,,,Peshitta,PESH
10,2 Samuel,14,2,2 Samuel 14:2,19,ܐܝܟ,,,,Peshitta,PESH
10,2 Samuel,14,2,2 Samuel 14:2,20,ܐܢܬܬܐ,,,,Peshitta,PESH
10,2 Samuel,14,2,2 Samuel 14:2,21,ܕܗܐ,,,,Peshitta,PESH
10,2 Samuel,14,2,2 Samuel 14:2,22,ܝܘܡ̈ܬܐ,,,,Peshitta,PESH
10,2 Samuel,14,2,2 Samuel 14:2,23,ܣ̈ܓܝܐܐ,,,,Peshitta,PESH
10,2 Samuel,14,2,2 Samuel 14:2,24,ܡܬܐܒܠܐ,,,,Peshitta,PESH
10,2 Samuel,14,2,2 Samuel 14:2,25,ܥܠ,,,,Peshitta,PESH
10,2 Samuel,14,2,2 Samuel 14:2,26,ܡܝܬܐ,,,,Peshitta,PESH
10,2 Samuel,14,3,2 Samuel 14:3,1,ܘܥܘܠܝ,,,,Peshitta,PESH
10,2 Samuel,14,3,2 Samuel 14:3,2,ܠܟܝ,,,,Peshitta,PESH
10,2 Samuel,14,3,2 Samuel 14:3,3,ܠܘܬ,,,,Peshitta,PESH
10,2 Samuel,14,3,2 Samuel 14:3,4,ܡܠܟܐ,,,,Peshitta,PESH
10,2 Samuel,14,3,2 Samuel 14:3,5,ܘܐܡܪ,,,,Peshitta,PESH
10,2 Samuel,14,3,2 Samuel 14:3,6,ܠܗ,,,,Peshitta,PESH
10,2 Samuel,14,3,2 Samuel 14:3,7,ܡܠܬܐ,,,,Peshitta,PESH
10,2 Samuel,14,3,2 Samuel 14:3,8,ܗܕܐ,,,,Peshitta,PESH
10,2 Samuel,14,3,2 Samuel 14:3,9,ܘܬܩܢ,,,,Peshitta,PESH
10,2 Samuel,14,3,2 Samuel 14:3,10,ܝܘܐܒ,,,,Peshitta,PESH
10,2 Samuel,14,3,2 Samuel 14:3,11,ܡ̈ܠܐ,,,,Peshitta,PESH
10,2 Samuel,14,3,2 Samuel 14:3,12,ܘܣܡ,,,,Peshitta,PESH
10,2 Samuel,14,3,2 Samuel 14:3,13,ܒܦܘܡܗ̇,,,,Peshitta,PESH
10,2 Samuel,14,4,2 Samuel 14:4,1,ܘܥܠܬ,,,,Peshitta,PESH
10,2 Samuel,14,4,2 Samuel 14:4,2,ܐܢܬܬܐ,,,,Peshitta,PESH
10,2 Samuel,14,4,2 Samuel 14:4,3,ܬܩܘܥܝܬܐ,,,,Peshitta,PESH
10,2 Samuel,14,4,2 Samuel 14:4,4,ܠܘܬ,,,,Peshitta,PESH
10,2 Samuel,14,4,2 Samuel 14:4,5,ܡܠܟܐ,,,,Peshitta,PESH
10,2 Samuel,14,4,2 Samuel 14:4,6,ܘܢܦܠܬ,,,,Peshitta,PESH
10,2 Samuel,14,4,2 Samuel 14:4,7,ܥܠ,,,,Peshitta,PESH
10,2 Samuel,14,4,2 Samuel 14:4,8,ܐ̈ܦܝܗ̇,,,,Peshitta,PESH
10,2 Samuel,14,4,2 Samuel 14:4,9,ܥܠ,,,,Peshitta,PESH
10,2 Samuel,14,4,2 Samuel 14:4,10,ܐܪܥܐ,,,,Peshitta,PESH
10,2 Samuel,14,4,2 Samuel 14:4,11,ܘܣܓܕܬ,,,,Peshitta,PESH
10,2 Samuel,14,4,2 Samuel 14:4,12,ܘܐܡܪܬ,,,,Peshitta,PESH
10,2 Samuel,14,4,2 Samuel 14:4,13,ܦܪܘܩܝܢܝ,,,,Peshitta,PESH
10,2 Samuel,14,4,2 Samuel 14:4,14,ܡܪܝ,,,,Peshitta,PESH
10,2 Samuel,14,4,2 Samuel 14:4,15,ܡܠܟܐ,,,,Peshitta,PESH
10,2 Samuel,14,5,2 Samuel 14:5,1,ܐܡܪ,,,,Peshitta,PESH
10,2 Samuel,14,5,2 Samuel 14:5,2,ܠܗ̇,,,,Peshitta,PESH
10,2 Samuel,14,5,2 Samuel 14:5,3,ܡܠܟܐ,,,,Peshitta,PESH
10,2 Samuel,14,5,2 Samuel 14:5,4,ܡܐ,,,,Peshitta,PESH
10,2 Samuel,14,5,2 Samuel 14:5,5,ܠܟܝ,,,,Peshitta,PESH
10,2 Samuel,14,5,2 Samuel 14:5,6,ܐܡܪܐ,,,,Peshitta,PESH
10,2 Samuel,14,5,2 Samuel 14:5,7,ܠܗ,,,,Peshitta,PESH
10,2 Samuel,14,5,2 Samuel 14:5,8,ܫܪܝܪܐܝܬ,,,,Peshitta,PESH
10,2 Samuel,14,5,2 Samuel 14:5,9,ܐܢܬܬܐ,,,,Peshitta,PESH
10,2 Samuel,14,5,2 Samuel 14:5,10,ܐܢܐ,,,,Peshitta,PESH
10,2 Samuel,14,5,2 Samuel 14:5,11,ܐܪܡܠܬܐ,,,,Peshitta,PESH
10,2 Samuel,14,5,2 Samuel 14:5,12,ܒܥܠܝ,,,,Peshitta,PESH
10,2 Samuel,14,5,2 Samuel 14:5,13,ܡܝܬ,,,,Peshitta,PESH
10,2 Samuel,14,5,2 Samuel 14:5,14,ܠܗ,,,,Peshitta,PESH
10,2 Samuel,14,6,2 Samuel 14:6,1,ܘܠܐܡܬܟ,,,,Peshitta,PESH
10,2 Samuel,14,6,2 Samuel 14:6,2,ܐܝܬ,,,,Peshitta,PESH
10,2 Samuel,14,6,2 Samuel 14:6,3,ܗܘܘ,,,,Peshitta,PESH
10,2 Samuel,14,6,2 Samuel 14:6,4,ܬܪ̈ܝܢ,,,,Peshitta,PESH
10,2 Samuel,14,6,2 Samuel 14:6,5,ܒ̈ܢܝܢ,,,,Peshitta,PESH
10,2 Samuel,14,6,2 Samuel 14:6,6,ܘܢܨܘ,,,,Peshitta,PESH
10,2 Samuel,14,6,2 Samuel 14:6,7,ܬܪ̈ܝܗܘܢ,,,,Peshitta,PESH
10,2 Samuel,14,6,2 Samuel 14:6,8,ܒܕܒܪܐ,,,,Peshitta,PESH
10,2 Samuel,14,6,2 Samuel 14:6,9,ܘܠܐ,,,,Peshitta,PESH
10,2 Samuel,14,6,2 Samuel 14:6,10,ܐܝܬ,,,,Peshitta,PESH
10,2 Samuel,14,6,2 Samuel 14:6,11,ܗܘܐ,,,,Peshitta,PESH
10,2 Samuel,14,6,2 Samuel 14:6,12,ܡܦܨܝܢܐ,,,,Peshitta,PESH
10,2 Samuel,14,6,2 Samuel 14:6,13,ܒܝܢܬܗܘܢ,,,,Peshitta,PESH
10,2 Samuel,14,6,2 Samuel 14:6,14,ܘܚܣܢ,,,,Peshitta,PESH
10,2 Samuel,14,6,2 Samuel 14:6,15,ܚܕ,,,,Peshitta,PESH
10,2 Samuel,14,6,2 Samuel 14:6,16,ܠܚܒܪܗ,,,,Peshitta,PESH
10,2 Samuel,14,6,2 Samuel 14:6,17,ܘܩܛܠܗ,,,,Peshitta,PESH
10,2 Samuel,14,7,2 Samuel 14:7,1,ܘܗܐ,,,,Peshitta,PESH
10,2 Samuel,14,7,2 Samuel 14:7,2,ܩܡܬ,,,,Peshitta,PESH
10,2 Samuel,14,7,2 Samuel 14:7,3,ܠܗ̇,,,,Peshitta,PESH
10,2 Samuel,14,7,2 Samuel 14:7,4,ܟܠܗ̇,,,,Peshitta,PESH
10,2 Samuel,14,7,2 Samuel 14:7,5,ܫܪܒܬܐ,,,,Peshitta,PESH
10,2 Samuel,14,7,2 Samuel 14:7,6,ܥܠ,,,,Peshitta,PESH
10,2 Samuel,14,7,2 Samuel 14:7,7,ܐܡܬܟ,,,,Peshitta,PESH
10,2 Samuel,14,7,2 Samuel 14:7,8,ܘܐܡܪܝܢ,,,,Peshitta,PESH
10,2 Samuel,14,7,2 Samuel 14:7,9,ܗܒܝܘܗܝ,,,,Peshitta,PESH
10,2 Samuel,14,7,2 Samuel 14:7,10,ܠܢ,,,,Peshitta,PESH
10,2 Samuel,14,7,2 Samuel 14:7,11,ܠܗ̇ܘ,,,,Peshitta,PESH
10,2 Samuel,14,7,2 Samuel 14:7,12,ܕܩܛܠ,,,,Peshitta,PESH
10,2 Samuel,14,7,2 Samuel 14:7,13,ܠܐܚܘܗܝ,,,,Peshitta,PESH
10,2 Samuel,14,7,2 Samuel 14:7,14,ܘܢܩܛܠܝܘܗܝ,,,,Peshitta,PESH
10,2 Samuel,14,7,2 Samuel 14:7,15,ܥܠ,,,,Peshitta,PESH
10,2 Samuel,14,7,2 Samuel 14:7,16,ܐ̈ܦܝ,,,,Peshitta,PESH
10,2 Samuel,14,7,2 Samuel 14:7,17,ܐܚܘܗܝ,,,,Peshitta,PESH
10,2 Samuel,14,7,2 Samuel 14:7,18,ܕܩܛܠ,,,,Peshitta,PESH
10,2 Samuel,14,7,2 Samuel 14:7,19,ܘܒܥܝܢ,,,,Peshitta,PESH
10,2 Samuel,14,7,2 Samuel 14:7,20,ܕܢܘܒܕܘܢܗ,,,,Peshitta,PESH
10,2 Samuel,14,7,2 Samuel 14:7,21,ܠܝܪܘܬܐ,,,,Peshitta,PESH
10,2 Samuel,14,7,2 Samuel 14:7,22,ܘܒܥܝܢ,,,,Peshitta,PESH
10,2 Samuel,14,7,2 Samuel 14:7,23,ܕܢܕܥܟܘܢ,,,,Peshitta,PESH
10,2 Samuel,14,7,2 Samuel 14:7,24,ܓܡܘܪܬܐ,,,,Peshitta,PESH
10,2 Samuel,14,7,2 Samuel 14:7,25,ܕܐܫܬܚܪܬ,,,,Peshitta,PESH
10,2 Samuel,14,7,2 Samuel 14:7,26,ܠܝ,,,,Peshitta,PESH
10,2 Samuel,14,7,2 Samuel 14:7,27,ܕܠܐ,,,,Peshitta,PESH
10,2 Samuel,14,7,2 Samuel 14:7,28,ܢܫܒܩܘܢ,,,,Peshitta,PESH
10,2 Samuel,14,7,2 Samuel 14:7,29,ܠܐܒܘܗܝ,,,,Peshitta,PESH
10,2 Samuel,14,7,2 Samuel 14:7,30,ܫܡܐ,,,,Peshitta,PESH
10,2 Samuel,14,7,2 Samuel 14:7,31,ܘܫܪܒܬܐ,,,,Peshitta,PESH
10,2 Samuel,14,7,2 Samuel 14:7,32,ܥܠ,,,,Peshitta,PESH
10,2 Samuel,14,7,2 Samuel 14:7,33,ܐ̈ܦܝ,,,,Peshitta,PESH
10,2 Samuel,14,7,2 Samuel 14:7,34,ܐܪܥܐ,,,,Peshitta,PESH
10,2 Samuel,14,8,2 Samuel 14:8,1,ܐܡܪ,,,,Peshitta,PESH
10,2 Samuel,14,8,2 Samuel 14:8,2,ܠܗ̇,,,,Peshitta,PESH
10,2 Samuel,14,8,2 Samuel 14:8,3,ܡܠܟܐ,,,,Peshitta,PESH
10,2 Samuel,14,8,2 Samuel 14:8,4,ܙܠܝ,,,,Peshitta,PESH
10,2 Samuel,14,8,2 Samuel 14:8,5,ܠܒܝܬܟܝ,,,,Peshitta,PESH
10,2 Samuel,14,8,2 Samuel 14:8,6,ܐܢܐ,,,,Peshitta,PESH
10,2 Samuel,14,8,2 Samuel 14:8,7,ܐܦܩܘܕ,,,,Peshitta,PESH
10,2 Samuel,14,8,2 Samuel 14:8,8,ܥܠܝܟܝ,,,,Peshitta,PESH
10,2 Samuel,14,9,2 Samuel 14:9,1,ܐܡܪܐ,,,,Peshitta,PESH
10,2 Samuel,14,9,2 Samuel 14:9,2,ܐܢܬܬܐ,,,,Peshitta,PESH
10,2 Samuel,14,9,2 Samuel 14:9,3,ܬܩܘܥܝܬܐ,,,,Peshitta,PESH
10,2 Samuel,14,9,2 Samuel 14:9,4,ܠܡܠܟܐ,,,,Peshitta,PESH
10,2 Samuel,14,9,2 Samuel 14:9,5,ܡܪܝ,,,,Peshitta,PESH
10,2 Samuel,14,9,2 Samuel 14:9,6,ܡܠܟܐ,,,,Peshitta,PESH
10,2 Samuel,14,9,2 Samuel 14:9,7,ܗܕܐ,,,,Peshitta,PESH
10,2 Samuel,14,9,2 Samuel 14:9,8,ܣܟܠܘܬܐ,,,,Peshitta,PESH
10,2 Samuel,14,9,2 Samuel 14:9,9,ܥܠܝ,,,,Peshitta,PESH
10,2 Samuel,14,9,2 Samuel 14:9,10,ܘܥܠ,,,,Peshitta,PESH
10,2 Samuel,14,9,2 Samuel 14:9,11,ܒܝܬ,,,,Peshitta,PESH
10,2 Samuel,14,9,2 Samuel 14:9,12,ܐܒܝ,,,,Peshitta,PESH
10,2 Samuel,14,9,2 Samuel 14:9,13,ܘܡܠܟܐ,,,,Peshitta,PESH
10,2 Samuel,14,9,2 Samuel 14:9,14,ܘܟܘܪܣܝܗ,,,,Peshitta,PESH
10,2 Samuel,14,9,2 Samuel 14:9,15,ܡܦܨܝ,,,,Peshitta,PESH
10,2 Samuel,14,10,2 Samuel 14:10,1,ܐܡܪ,,,,Peshitta,PESH
10,2 Samuel,14,10,2 Samuel 14:10,2,ܠܗ̇,,,,Peshitta,PESH
10,2 Samuel,14,10,2 Samuel 14:10,3,ܡܠܟܐ,,,,Peshitta,PESH
10,2 Samuel,14,10,2 Samuel 14:10,4,ܡ̇ܢ,,,,Peshitta,PESH
10,2 Samuel,14,10,2 Samuel 14:10,5,ܕܐܡ̇ܪ,,,,Peshitta,PESH
10,2 Samuel,14,10,2 Samuel 14:10,6,ܠܟܝ,,,,Peshitta,PESH
10,2 Samuel,14,10,2 Samuel 14:10,7,ܡܕܡ,,,,Peshitta,PESH
10,2 Samuel,14,10,2 Samuel 14:10,8,ܐܝܬܐܝܘܗܝ,,,,Peshitta,PESH
10,2 Samuel,14,10,2 Samuel 14:10,9,ܠܘܬܝ,,,,Peshitta,PESH
10,2 Samuel,14,10,2 Samuel 14:10,10,ܘܬܘܒ,,,,Peshitta,PESH
10,2 Samuel,14,10,2 Samuel 14:10,11,ܠܐ,,,,Peshitta,PESH
10,2 Samuel,14,10,2 Samuel 14:10,12,ܡܬܩܪܒ,,,,Peshitta,PESH
10,2 Samuel,14,10,2 Samuel 14:10,13,ܠܟܝ,,,,Peshitta,PESH
10,2 Samuel,14,11,2 Samuel 14:11,1,ܘܐܡܪܬ,,,,Peshitta,PESH
10,2 Samuel,14,11,2 Samuel 14:11,2,ܢܬܕܟܪ,,,,Peshitta,PESH
10,2 Samuel,14,11,2 Samuel 14:11,3,ܡܪܝ,,,,Peshitta,PESH
10,2 Samuel,14,11,2 Samuel 14:11,4,ܡܠܟܐ,,,,Peshitta,PESH
10,2 Samuel,14,11,2 Samuel 14:11,5,ܕܡܪܝܐ,,,,Peshitta,PESH
10,2 Samuel,14,11,2 Samuel 14:11,6,ܐܠܗܟ,,,,Peshitta,PESH
10,2 Samuel,14,11,2 Samuel 14:11,7,ܒܣܘܓܐܐ,,,,Peshitta,PESH
10,2 Samuel,14,11,2 Samuel 14:11,8,ܕܚܘܕܬܐ,,,,Peshitta,PESH
10,2 Samuel,14,11,2 Samuel 14:11,9,ܕܕܡܐ,,,,Peshitta,PESH
10,2 Samuel,14,11,2 Samuel 14:11,10,ܠܐ,,,,Peshitta,PESH
10,2 Samuel,14,11,2 Samuel 14:11,11,ܡܚܒܠ,,,,Peshitta,PESH
10,2 Samuel,14,11,2 Samuel 14:11,12,ܠܐ,,,,Peshitta,PESH
10,2 Samuel,14,11,2 Samuel 14:11,13,ܢܘܒܕܘܢ,,,,Peshitta,PESH
10,2 Samuel,14,11,2 Samuel 14:11,14,ܠܒܪܝ,,,,Peshitta,PESH
10,2 Samuel,14,11,2 Samuel 14:11,15,ܐܡܪ,,,,Peshitta,PESH
10,2 Samuel,14,11,2 Samuel 14:11,16,ܠܗ̇,,,,Peshitta,PESH
10,2 Samuel,14,11,2 Samuel 14:11,17,ܡܠܟܐ,,,,Peshitta,PESH
10,2 Samuel,14,11,2 Samuel 14:11,18,ܚܝ,,,,Peshitta,PESH
10,2 Samuel,14,11,2 Samuel 14:11,19,ܗܘ,,,,Peshitta,PESH
10,2 Samuel,14,11,2 Samuel 14:11,20,ܡܪܝܐ,,,,Peshitta,PESH
10,2 Samuel,14,11,2 Samuel 14:11,21,ܐܠܗܐ,,,,Peshitta,PESH
10,2 Samuel,14,11,2 Samuel 14:11,22,ܐܢ,,,,Peshitta,PESH
10,2 Samuel,14,11,2 Samuel 14:11,23,ܢܦܠ,,,,Peshitta,PESH
10,2 Samuel,14,11,2 Samuel 14:11,24,ܡܢ,,,,Peshitta,PESH
10,2 Samuel,14,11,2 Samuel 14:11,25,ܣܥܪܐ,,,,Peshitta,PESH
10,2 Samuel,14,11,2 Samuel 14:11,26,ܕܪܝܫܗ,,,,Peshitta,PESH
10,2 Samuel,14,11,2 Samuel 14:11,27,ܕܒܪܟܝ,,,,Peshitta,PESH
10,2 Samuel,14,11,2 Samuel 14:11,28,ܥܠ,,,,Peshitta,PESH
10,2 Samuel,14,11,2 Samuel 14:11,29,ܐܪܥܐ,,,,Peshitta,PESH
10,2 Samuel,14,12,2 Samuel 14:12,1,ܘܐܡܪܬ,,,,Peshitta,PESH
10,2 Samuel,14,12,2 Samuel 14:12,2,ܐܢܬܬܐ,,,,Peshitta,PESH
10,2 Samuel,14,12,2 Samuel 14:12,3,ܬܐܡܪ,,,,Peshitta,PESH
10,2 Samuel,14,12,2 Samuel 14:12,4,ܐܡܬܟ,,,,Peshitta,PESH
10,2 Samuel,14,12,2 Samuel 14:12,5,ܡܠܬܐ,,,,Peshitta,PESH
10,2 Samuel,14,12,2 Samuel 14:12,6,ܠܡܠܟܐ,,,,Peshitta,PESH
10,2 Samuel,14,12,2 Samuel 14:12,7,ܐܡܪ,,,,Peshitta,PESH
10,2 Samuel,14,12,2 Samuel 14:12,8,ܠܗ̇,,,,Peshitta,PESH
10,2 Samuel,14,12,2 Samuel 14:12,9,ܡܠܟܐ,,,,Peshitta,PESH
10,2 Samuel,14,12,2 Samuel 14:12,10,ܐܡܪܝ,,,,Peshitta,PESH
10,2 Samuel,14,13,2 Samuel 14:13,1,ܐܡܪܐ,,,,Peshitta,PESH
10,2 Samuel,14,13,2 Samuel 14:13,2,ܠܗ,,,,Peshitta,PESH
10,2 Samuel,14,13,2 Samuel 14:13,3,ܐܢܬܬܐ,,,,Peshitta,PESH
10,2 Samuel,14,13,2 Samuel 14:13,4,ܠܡܢܐ,,,,Peshitta,PESH
10,2 Samuel,14,13,2 Samuel 14:13,5,ܐܬܚܫܒܬ,,,,Peshitta,PESH
10,2 Samuel,14,13,2 Samuel 14:13,6,ܗܕܐ,,,,Peshitta,PESH
10,2 Samuel,14,13,2 Samuel 14:13,7,ܥܠ,,,,Peshitta,PESH
10,2 Samuel,14,13,2 Samuel 14:13,8,ܥܡܗ,,,,Peshitta,PESH
10,2 Samuel,14,13,2 Samuel 14:13,9,ܕܐܠܗܐ,,,,Peshitta,PESH
10,2 Samuel,14,13,2 Samuel 14:13,10,ܘܠܡܢܐ,,,,Peshitta,PESH
10,2 Samuel,14,13,2 Samuel 14:13,11,ܐܡܪܬ,,,,Peshitta,PESH
10,2 Samuel,14,13,2 Samuel 14:13,12,ܡܠܟܐ,,,,Peshitta,PESH
10,2 Samuel,14,13,2 Samuel 14:13,13,ܐܝܟ,,,,Peshitta,PESH
10,2 Samuel,14,13,2 Samuel 14:13,14,ܚܝܒܐ,,,,Peshitta,PESH
10,2 Samuel,14,13,2 Samuel 14:13,15,ܘܠܐ,,,,Peshitta,PESH
10,2 Samuel,14,13,2 Samuel 14:13,16,ܡܗܦܟ,,,,Peshitta,PESH
10,2 Samuel,14,13,2 Samuel 14:13,17,ܐܢܬ,,,,Peshitta,PESH
10,2 Samuel,14,13,2 Samuel 14:13,18,ܡܠܟܐ,,,,Peshitta,PESH
10,2 Samuel,14,13,2 Samuel 14:13,19,ܛܥܝܟ,,,,Peshitta,PESH
10,2 Samuel,14,14,2 Samuel 14:14,1,ܡܡܬ,,,,Peshitta,PESH
10,2 Samuel,14,14,2 Samuel 14:14,2,ܡܝܬܝܢܢ,,,,Peshitta,PESH
10,2 Samuel,14,14,2 Samuel 14:14,3,ܘܐܝܟ,,,,Peshitta,PESH
10,2 Samuel,14,14,2 Samuel 14:14,4,ܡ̈ܝܐ,,,,Peshitta,PESH
10,2 Samuel,14,14,2 Samuel 14:14,5,ܚܢܢ,,,,Peshitta,PESH
10,2 Samuel,14,14,2 Samuel 14:14,6,ܕܡܬܐܫܕܝܢ,,,,Peshitta,PESH
10,2 Samuel,14,14,2 Samuel 14:14,7,ܒܐܪܥܐ,,,,Peshitta,PESH
10,2 Samuel,14,14,2 Samuel 14:14,8,ܘܠܐ,,,,Peshitta,PESH
10,2 Samuel,14,14,2 Samuel 14:14,9,ܡܬܟܢܫܝܢ,,,,Peshitta,PESH
10,2 Samuel,14,14,2 Samuel 14:14,10,ܘܠܐ,,,,Peshitta,PESH
10,2 Samuel,14,14,2 Samuel 14:14,11,ܫܩ̇ܠ,,,,Peshitta,PESH
10,2 Samuel,14,14,2 Samuel 14:14,12,ܐܠܗܐ,,,,Peshitta,PESH
10,2 Samuel,14,14,2 Samuel 14:14,13,ܢܦܫܐ,,,,Peshitta,PESH
10,2 Samuel,14,14,2 Samuel 14:14,14,ܘܡܬܚܫܒ,,,,Peshitta,PESH
10,2 Samuel,14,14,2 Samuel 14:14,15,ܡܚܫܒܬܐ,,,,Peshitta,PESH
10,2 Samuel,14,14,2 Samuel 14:14,16,ܕܠܐ,,,,Peshitta,PESH
10,2 Samuel,14,14,2 Samuel 14:14,17,ܢܛܥܐ,,,,Peshitta,PESH
10,2 Samuel,14,14,2 Samuel 14:14,18,ܡܢܗ,,,,Peshitta,PESH
10,2 Samuel,14,14,2 Samuel 14:14,19,ܐܢܫ,,,,Peshitta,PESH
10,2 Samuel,14,15,2 Samuel 14:15,1,ܗܫܐ,,,,Peshitta,PESH
10,2 Samuel,14,15,2 Samuel 14:15,2,ܗܐ,,,,Peshitta,PESH
10,2 Samuel,14,15,2 Samuel 14:15,3,ܐܡܪܬ,,,,Peshitta,PESH
10,2 Samuel,14,15,2 Samuel 14:15,4,ܠܡܪܝ,,,,Peshitta,PESH
10,2 Samuel,14,15,2 Samuel 14:15,5,ܡܠܟܐ,,,,Peshitta,PESH
10,2 Samuel,14,15,2 Samuel 14:15,6,ܡܠܬܐ,,,,Peshitta,PESH
10,2 Samuel,14,15,2 Samuel 14:15,7,ܗܕܐ,,,,Peshitta,PESH
10,2 Samuel,14,15,2 Samuel 14:15,8,ܕܠܚܘܢܝ,,,,Peshitta,PESH
10,2 Samuel,14,15,2 Samuel 14:15,9,ܓܝܪ,,,,Peshitta,PESH
10,2 Samuel,14,15,2 Samuel 14:15,10,ܥܡܐ,,,,Peshitta,PESH
10,2 Samuel,14,15,2 Samuel 14:15,11,ܘܐܡܪܬ,,,,Peshitta,PESH
10,2 Samuel,14,15,2 Samuel 14:15,12,ܐܡܬܟ,,,,Peshitta,PESH
10,2 Samuel,14,15,2 Samuel 14:15,13,ܐܢܐ,,,,Peshitta,PESH
10,2 Samuel,14,15,2 Samuel 14:15,14,ܐܡܪ,,,,Peshitta,PESH
10,2 Samuel,14,15,2 Samuel 14:15,15,ܠܡܠܟܐ,,,,Peshitta,PESH
10,2 Samuel,14,16,2 Samuel 14:16,1,ܟܒܪ,,,,Peshitta,PESH
10,2 Samuel,14,16,2 Samuel 14:16,2,ܢܦܨܐ,,,,Peshitta,PESH
10,2 Samuel,14,16,2 Samuel 14:16,3,ܠܐܡܬܗ,,,,Peshitta,PESH
10,2 Samuel,14,16,2 Samuel 14:16,4,ܡܢ,,,,Peshitta,PESH
10,2 Samuel,14,16,2 Samuel 14:16,5,ܐ̈ܝܕܝ,,,,Peshitta,PESH
10,2 Samuel,14,16,2 Samuel 14:16,6,ܐܢܫܐ,,,,Peshitta,PESH
10,2 Samuel,14,16,2 Samuel 14:16,7,ܕܠܐ,,,,Peshitta,PESH
10,2 Samuel,14,16,2 Samuel 14:16,8,ܢܘܒܕܘܢܢܝ,,,,Peshitta,PESH
10,2 Samuel,14,16,2 Samuel 14:16,9,ܠܝ,,,,Peshitta,PESH
10,2 Samuel,14,16,2 Samuel 14:16,10,ܘܠܒܪܝ,,,,Peshitta,PESH
10,2 Samuel,14,16,2 Samuel 14:16,11,ܡܢ,,,,Peshitta,PESH
10,2 Samuel,14,16,2 Samuel 14:16,12,ܝܪܬܘܬܗ,,,,Peshitta,PESH
10,2 Samuel,14,16,2 Samuel 14:16,13,ܕܐܠܗܐ,,,,Peshitta,PESH
10,2 Samuel,14,17,2 Samuel 14:17,1,ܘܐܡܪܬ,,,,Peshitta,PESH
10,2 Samuel,14,17,2 Samuel 14:17,2,ܐܡܬܟ,,,,Peshitta,PESH
10,2 Samuel,14,17,2 Samuel 14:17,3,ܬܫܪ,,,,Peshitta,PESH
10,2 Samuel,14,17,2 Samuel 14:17,4,ܡܠܬܗ,,,,Peshitta,PESH
10,2 Samuel,14,17,2 Samuel 14:17,5,ܕܡܪܝ,,,,Peshitta,PESH
10,2 Samuel,14,17,2 Samuel 14:17,6,ܡܠܟܐ,,,,Peshitta,PESH
10,2 Samuel,14,17,2 Samuel 14:17,7,ܘܬܗܘܐ,,,,Peshitta,PESH
10,2 Samuel,14,17,2 Samuel 14:17,8,ܩܘܪܒܢܐ,,,,Peshitta,PESH
10,2 Samuel,14,17,2 Samuel 14:17,9,ܡܛܠ,,,,Peshitta,PESH
10,2 Samuel,14,17,2 Samuel 14:17,10,ܕܐܝܟ,,,,Peshitta,PESH
10,2 Samuel,14,17,2 Samuel 14:17,11,ܡܠܐܟܗ,,,,Peshitta,PESH
10,2 Samuel,14,17,2 Samuel 14:17,12,ܕܐܠܗܐ,,,,Peshitta,PESH
10,2 Samuel,14,17,2 Samuel 14:17,13,ܗܟܢܐ,,,,Peshitta,PESH
10,2 Samuel,14,17,2 Samuel 14:17,14,ܡܪܝ,,,,Peshitta,PESH
10,2 Samuel,14,17,2 Samuel 14:17,15,ܡܠܟܐ,,,,Peshitta,PESH
10,2 Samuel,14,17,2 Samuel 14:17,16,ܠܡܫܡܥ,,,,Peshitta,PESH
10,2 Samuel,14,17,2 Samuel 14:17,17,ܛܒ,,,,Peshitta,PESH
10,2 Samuel,14,17,2 Samuel 14:17,18,ܘܒܝܫ,,,,Peshitta,PESH
10,2 Samuel,14,17,2 Samuel 14:17,19,ܘܡܪܝܐ,,,,Peshitta,PESH
10,2 Samuel,14,17,2 Samuel 14:17,20,ܐܠܗܟ,,,,Peshitta,PESH
10,2 Samuel,14,17,2 Samuel 14:17,21,ܢܗܘܐ,,,,Peshitta,PESH
10,2 Samuel,14,17,2 Samuel 14:17,22,ܥܡܟ,,,,Peshitta,PESH
10,2 Samuel,14,18,2 Samuel 14:18,1,ܘܥܢܐ,,,,Peshitta,PESH
10,2 Samuel,14,18,2 Samuel 14:18,2,ܡܠܟܐ,,,,Peshitta,PESH
10,2 Samuel,14,18,2 Samuel 14:18,3,ܘܐܡܪ,,,,Peshitta,PESH
10,2 Samuel,14,18,2 Samuel 14:18,4,ܠܗ̇,,,,Peshitta,PESH
10,2 Samuel,14,18,2 Samuel 14:18,5,ܠܐܢܬܬܐ,,,,Peshitta,PESH
10,2 Samuel,14,18,2 Samuel 14:18,6,ܠܐ,,,,Peshitta,PESH
10,2 Samuel,14,18,2 Samuel 14:18,7,ܬܛܫܝܢ,,,,Peshitta,PESH
10,2 Samuel,14,18,2 Samuel 14:18,8,ܡܢܝ,,,,Peshitta,PESH
10,2 Samuel,14,18,2 Samuel 14:18,9,ܡܕܡ,,,,Peshitta,PESH
10,2 Samuel,14,18,2 Samuel 14:18,10,ܕܫܐܠ,,,,Peshitta,PESH
10,2 Samuel,14,18,2 Samuel 14:18,11,ܐܢܐ,,,,Peshitta,PESH
10,2 Samuel,14,18,2 Samuel 14:18,12,ܠܟܝ,,,,Peshitta,PESH
10,2 Samuel,14,18,2 Samuel 14:18,13,ܐܡܪܐ,,,,Peshitta,PESH
10,2 Samuel,14,18,2 Samuel 14:18,14,ܠܗ,,,,Peshitta,PESH
10,2 Samuel,14,18,2 Samuel 14:18,15,ܐܢܬܬܐ,,,,Peshitta,PESH
10,2 Samuel,14,18,2 Samuel 14:18,16,ܐܡܪ,,,,Peshitta,PESH
10,2 Samuel,14,18,2 Samuel 14:18,17,ܡܪܝ,,,,Peshitta,PESH
10,2 Samuel,14,18,2 Samuel 14:18,18,ܡܠܟܐ,,,,Peshitta,PESH
10,2 Samuel,14,19,2 Samuel 14:19,1,ܐܡܪ,,,,Peshitta,PESH
10,2 Samuel,14,19,2 Samuel 14:19,2,ܠܗ̇,,,,Peshitta,PESH
10,2 Samuel,14,19,2 Samuel 14:19,3,ܡܠܟܐ,,,,Peshitta,PESH
10,2 Samuel,14,19,2 Samuel 14:19,4,ܐܝܕܗ,,,,Peshitta,PESH
10,2 Samuel,14,19,2 Samuel 14:19,5,ܕܝܘܐܒ,,,,Peshitta,PESH
10,2 Samuel,14,19,2 Samuel 14:19,6,ܐܝܬ,,,,Peshitta,PESH
10,2 Samuel,14,19,2 Samuel 14:19,7,ܥܡܟܝ,,,,Peshitta,PESH
10,2 Samuel,14,19,2 Samuel 14:19,8,ܒܗܠܝܢ,,,,Peshitta,PESH
10,2 Samuel,14,19,2 Samuel 14:19,9,ܟܠܗܝܢ,,,,Peshitta,PESH
10,2 Samuel,14,19,2 Samuel 14:19,10,ܘܥܢܬ,,,,Peshitta,PESH
10,2 Samuel,14,19,2 Samuel 14:19,11,ܐܢܬܬܐ,,,,Peshitta,PESH
10,2 Samuel,14,19,2 Samuel 14:19,12,ܘܐܡܪܬ,,,,Peshitta,PESH
10,2 Samuel,14,19,2 Samuel 14:19,13,ܠܗ,,,,Peshitta,PESH
10,2 Samuel,14,19,2 Samuel 14:19,14,ܚܝܐ,,,,Peshitta,PESH
10,2 Samuel,14,19,2 Samuel 14:19,15,ܗܝ,,,,Peshitta,PESH
10,2 Samuel,14,19,2 Samuel 14:19,16,ܢܦܫܟ,,,,Peshitta,PESH
10,2 Samuel,14,19,2 Samuel 14:19,17,ܡܪܝ,,,,Peshitta,PESH
10,2 Samuel,14,19,2 Samuel 14:19,18,ܡܠܟܐ,,,,Peshitta,PESH
10,2 Samuel,14,19,2 Samuel 14:19,19,ܕܠܐ,,,,Peshitta,PESH
10,2 Samuel,14,19,2 Samuel 14:19,20,ܠܝܡܝܢܐ,,,,Peshitta,PESH
10,2 Samuel,14,19,2 Samuel 14:19,21,ܘܠܐ,,,,Peshitta,PESH
10,2 Samuel,14,19,2 Samuel 14:19,22,ܠܣܡܠܐ,,,,Peshitta,PESH
10,2 Samuel,14,19,2 Samuel 14:19,23,ܣܛܝܬ,,,,Peshitta,PESH
10,2 Samuel,14,19,2 Samuel 14:19,24,ܡܢ,,,,Peshitta,PESH
10,2 Samuel,14,19,2 Samuel 14:19,25,ܟܠ,,,,Peshitta,PESH
10,2 Samuel,14,19,2 Samuel 14:19,26,ܡܕܡ,,,,Peshitta,PESH
10,2 Samuel,14,19,2 Samuel 14:19,27,ܕܐܡܪ,,,,Peshitta,PESH
10,2 Samuel,14,19,2 Samuel 14:19,28,ܡܪܝ,,,,Peshitta,PESH
10,2 Samuel,14,19,2 Samuel 14:19,29,ܡܠܟܐ,,,,Peshitta,PESH
10,2 Samuel,14,19,2 Samuel 14:19,30,ܥܒܕܟ,,,,Peshitta,PESH
10,2 Samuel,14,19,2 Samuel 14:19,31,ܗܘ,,,,Peshitta,PESH
10,2 Samuel,14,19,2 Samuel 14:19,32,ܝܘܐܒ,,,,Peshitta,PESH
10,2 Samuel,14,19,2 Samuel 14:19,33,ܦܩܕܢܝ,,,,Peshitta,PESH
10,2 Samuel,14,19,2 Samuel 14:19,34,ܘܗܘ,,,,Peshitta,PESH
10,2 Samuel,14,19,2 Samuel 14:19,35,ܣܡ,,,,Peshitta,PESH
10,2 Samuel,14,19,2 Samuel 14:19,36,ܒܦܘܡܗ̇,,,,Peshitta,PESH
10,2 Samuel,14,19,2 Samuel 14:19,37,ܕܐܡܬܟ,,,,Peshitta,PESH
10,2 Samuel,14,19,2 Samuel 14:19,38,ܟܘܠܗܝܢ,,,,Peshitta,PESH
10,2 Samuel,14,19,2 Samuel 14:19,39,ܡ̈ܠܐ,,,,Peshitta,PESH
10,2 Samuel,14,19,2 Samuel 14:19,40,ܗܠܝܢ,,,,Peshitta,PESH
10,2 Samuel,14,20,2 Samuel 14:20,1,ܡܛܠ,,,,Peshitta,PESH
10,2 Samuel,14,20,2 Samuel 14:20,2,ܕܬܥܒܕ,,,,Peshitta,PESH
10,2 Samuel,14,20,2 Samuel 14:20,3,ܒܐ̈ܦܝ,,,,Peshitta,PESH
10,2 Samuel,14,20,2 Samuel 14:20,4,ܡܛܠ,,,,Peshitta,PESH
10,2 Samuel,14,20,2 Samuel 14:20,5,ܗ̇ܘ,,,,Peshitta,PESH
10,2 Samuel,14,20,2 Samuel 14:20,6,ܥܒܕ,,,,Peshitta,PESH
10,2 Samuel,14,20,2 Samuel 14:20,7,ܥܒܕܟ,,,,Peshitta,PESH
10,2 Samuel,14,20,2 Samuel 14:20,8,ܝܘܐܒ,,,,Peshitta,PESH
10,2 Samuel,14,20,2 Samuel 14:20,9,ܗܟܢܐ,,,,Peshitta,PESH
10,2 Samuel,14,20,2 Samuel 14:20,10,ܘܡܪܝ,,,,Peshitta,PESH
10,2 Samuel,14,20,2 Samuel 14:20,11,ܚܟܝܡ,,,,Peshitta,PESH
10,2 Samuel,14,20,2 Samuel 14:20,12,ܐܝܟ,,,,Peshitta,PESH
10,2 Samuel,14,20,2 Samuel 14:20,13,ܚܟܡܬܐ,,,,Peshitta,PESH
10,2 Samuel,14,20,2 Samuel 14:20,14,ܕܡܠܐ̈ܟܘܗܝ,,,,Peshitta,PESH
10,2 Samuel,14,20,2 Samuel 14:20,15,ܕܐܠܗܐ,,,,Peshitta,PESH
10,2 Samuel,14,20,2 Samuel 14:20,16,ܠܡܕܥ,,,,Peshitta,PESH
10,2 Samuel,14,20,2 Samuel 14:20,17,ܟܠ,,,,Peshitta,PESH
10,2 Samuel,14,20,2 Samuel 14:20,18,ܕܐܝܬ,,,,Peshitta,PESH
10,2 Samuel,14,20,2 Samuel 14:20,19,ܒܐܪܥܐ,,,,Peshitta,PESH
10,2 Samuel,14,21,2 Samuel 14:21,1,ܐܡܪ,,,,Peshitta,PESH
10,2 Samuel,14,21,2 Samuel 14:21,2,ܠܗ,,,,Peshitta,PESH
10,2 Samuel,14,21,2 Samuel 14:21,3,ܡܠܟܐ,,,,Peshitta,PESH
10,2 Samuel,14,21,2 Samuel 14:21,4,ܠܝܘܐܒ,,,,Peshitta,PESH
10,2 Samuel,14,21,2 Samuel 14:21,5,ܗܐ,,,,Peshitta,PESH
10,2 Samuel,14,21,2 Samuel 14:21,6,ܥܒܕܬ,,,,Peshitta,PESH
10,2 Samuel,14,21,2 Samuel 14:21,7,ܐܝܟ,,,,Peshitta,PESH
10,2 Samuel,14,21,2 Samuel 14:21,8,ܕܐܡܪܬ,,,,Peshitta,PESH
10,2 Samuel,14,21,2 Samuel 14:21,9,ܙܠ,,,,Peshitta,PESH
10,2 Samuel,14,21,2 Samuel 14:21,10,ܐܝܬܝܗܝ,,,,Peshitta,PESH
10,2 Samuel,14,21,2 Samuel 14:21,11,ܠܝ,,,,Peshitta,PESH
10,2 Samuel,14,21,2 Samuel 14:21,12,ܠܐܒܫܠܘܡ,,,,Peshitta,PESH
10,2 Samuel,14,21,2 Samuel 14:21,13,ܛܠܝܐ,,,,Peshitta,PESH
10,2 Samuel,14,22,2 Samuel 14:22,1,ܘܢܦܠ,,,,Peshitta,PESH
10,2 Samuel,14,22,2 Samuel 14:22,2,ܝܘܐܒ,,,,Peshitta,PESH
10,2 Samuel,14,22,2 Samuel 14:22,3,ܥܠ,,,,Peshitta,PESH
10,2 Samuel,14,22,2 Samuel 14:22,4,ܐ̈ܦܘܗܝ,,,,Peshitta,PESH
10,2 Samuel,14,22,2 Samuel 14:22,5,ܥܠ,,,,Peshitta,PESH
10,2 Samuel,14,22,2 Samuel 14:22,6,ܐܪܥܐ,,,,Peshitta,PESH
10,2 Samuel,14,22,2 Samuel 14:22,7,ܘܣܓܕ,,,,Peshitta,PESH
10,2 Samuel,14,22,2 Samuel 14:22,8,ܘܒܪܟ,,,,Peshitta,PESH
10,2 Samuel,14,22,2 Samuel 14:22,9,ܠܡܠܟܐ,,,,Peshitta,PESH
10,2 Samuel,14,22,2 Samuel 14:22,10,ܘܐܡܪ,,,,Peshitta,PESH
10,2 Samuel,14,22,2 Samuel 14:22,11,ܝܘܐܒ,,,,Peshitta,PESH
10,2 Samuel,14,22,2 Samuel 14:22,12,ܝܘܡܢܐ,,,,Peshitta,PESH
10,2 Samuel,14,22,2 Samuel 14:22,13,ܝܕܥ,,,,Peshitta,PESH
10,2 Samuel,14,22,2 Samuel 14:22,14,ܥܒܕܟ,,,,Peshitta,PESH
10,2 Samuel,14,22,2 Samuel 14:22,15,ܕܐܫܟܚܬ,,,,Peshitta,PESH
10,2 Samuel,14,22,2 Samuel 14:22,16,ܪ̈ܚܡܐ,,,,Peshitta,PESH
10,2 Samuel,14,22,2 Samuel 14:22,17,ܒܥܝܢ̈ܝܟ,,,,Peshitta,PESH
10,2 Samuel,14,22,2 Samuel 14:22,18,ܡܪܝ,,,,Peshitta,PESH
10,2 Samuel,14,22,2 Samuel 14:22,19,ܡܠܟܐ,,,,Peshitta,PESH
10,2 Samuel,14,22,2 Samuel 14:22,20,ܕܥܒܕ,,,,Peshitta,PESH
10,2 Samuel,14,22,2 Samuel 14:22,21,ܡܠܟܐ,,,,Peshitta,PESH
10,2 Samuel,14,22,2 Samuel 14:22,22,ܡܠܬܐ,,,,Peshitta,PESH
10,2 Samuel,14,22,2 Samuel 14:22,23,ܕܥܒܕܗ,,,,Peshitta,PESH
10,2 Samuel,14,23,2 Samuel 14:23,1,ܘܩܡ,,,,Peshitta,PESH
10,2 Samuel,14,23,2 Samuel 14:23,2,ܝܘܐܒ,,,,Peshitta,PESH
10,2 Samuel,14,23,2 Samuel 14:23,3,ܘܐܙܠ,,,,Peshitta,PESH
10,2 Samuel,14,23,2 Samuel 14:23,4,ܠܓܫܘܪ,,,,Peshitta,PESH
10,2 Samuel,14,23,2 Samuel 14:23,5,ܘܐܝܬܝܗ,,,,Peshitta,PESH
10,2 Samuel,14,23,2 Samuel 14:23,6,ܠܐܒܫܠܘܡ,,,,Peshitta,PESH
10,2 Samuel,14,23,2 Samuel 14:23,7,ܠܐܘܪܫܠܡ,,,,Peshitta,PESH
10,2 Samuel,14,24,2 Samuel 14:24,1,ܘܐܡܪ,,,,Peshitta,PESH
10,2 Samuel,14,24,2 Samuel 14:24,2,ܡܠܟܐ,,,,Peshitta,PESH
10,2 Samuel,14,24,2 Samuel 14:24,3,ܢܐܙܠ,,,,Peshitta,PESH
10,2 Samuel,14,24,2 Samuel 14:24,4,ܠܒܝܬܗ,,,,Peshitta,PESH
10,2 Samuel,14,24,2 Samuel 14:24,5,ܘܩܕܡܝ,,,,Peshitta,PESH
10,2 Samuel,14,24,2 Samuel 14:24,6,ܠܐ,,,,Peshitta,PESH
10,2 Samuel,14,24,2 Samuel 14:24,7,ܢܬܚܙܐ,,,,Peshitta,PESH
10,2 Samuel,14,24,2 Samuel 14:24,8,ܘܐܙܠ,,,,Peshitta,PESH
10,2 Samuel,14,24,2 Samuel 14:24,9,ܐܒܫܠܘܡ,,,,Peshitta,PESH
10,2 Samuel,14,24,2 Samuel 14:24,10,ܠܒܝܬܗ,,,,Peshitta,PESH
10,2 Samuel,14,24,2 Samuel 14:24,11,ܘܐ̈ܦܝ,,,,Peshitta,PESH
10,2 Samuel,14,24,2 Samuel 14:24,12,ܡܠܟܐ,,,,Peshitta,PESH
10,2 Samuel,14,24,2 Samuel 14:24,13,ܠܐ,,,,Peshitta,PESH
10,2 Samuel,14,24,2 Samuel 14:24,14,ܚܙܐ,,,,Peshitta,PESH
10,2 Samuel,14,25,2 Samuel 14:25,1,ܘܐܝܟ,,,,Peshitta,PESH
10,2 Samuel,14,25,2 Samuel 14:25,2,ܐܒܫܠܘܡ,,,,Peshitta,PESH
10,2 Samuel,14,25,2 Samuel 14:25,3,ܠܝܬ,,,,Peshitta,PESH
10,2 Samuel,14,25,2 Samuel 14:25,4,ܗܘܐ,,,,Peshitta,PESH
10,2 Samuel,14,25,2 Samuel 14:25,5,ܓܒܪܐ,,,,Peshitta,PESH
10,2 Samuel,14,25,2 Samuel 14:25,6,ܒܐܝܣܪܝܠ,,,,Peshitta,PESH
10,2 Samuel,14,25,2 Samuel 14:25,7,ܕܡܫܬܒܚ,,,,Peshitta,PESH
10,2 Samuel,14,25,2 Samuel 14:25,8,ܛܒ,,,,Peshitta,PESH
10,2 Samuel,14,25,2 Samuel 14:25,9,ܡܢ,,,,Peshitta,PESH
10,2 Samuel,14,25,2 Samuel 14:25,10,ܦܣܬܐ,,,,Peshitta,PESH
10,2 Samuel,14,25,2 Samuel 14:25,11,ܕܪܓܠܗ,,,,Peshitta,PESH
10,2 Samuel,14,25,2 Samuel 14:25,12,ܘܥܕܡܐ,,,,Peshitta,PESH
10,2 Samuel,14,25,2 Samuel 14:25,13,ܠܡܘܚܗ,,,,Peshitta,PESH
10,2 Samuel,14,25,2 Samuel 14:25,14,ܠܝܬ,,,,Peshitta,PESH
10,2 Samuel,14,25,2 Samuel 14:25,15,ܗܘܐ,,,,Peshitta,PESH
10,2 Samuel,14,25,2 Samuel 14:25,16,ܒܗ,,,,Peshitta,PESH
10,2 Samuel,14,25,2 Samuel 14:25,17,ܡܘܡܐ,,,,Peshitta,PESH
10,2 Samuel,14,26,2 Samuel 14:26,1,ܘܡܐ,,,,Peshitta,PESH
10,2 Samuel,14,26,2 Samuel 14:26,2,ܕܡܣܦܪ,,,,Peshitta,PESH
10,2 Samuel,14,26,2 Samuel 14:26,3,ܗܘܐ,,,,Peshitta,PESH
10,2 Samuel,14,26,2 Samuel 14:26,4,ܪܝܫܗ,,,,Peshitta,PESH
10,2 Samuel,14,26,2 Samuel 14:26,5,ܡܢ,,,,Peshitta,PESH
10,2 Samuel,14,26,2 Samuel 14:26,6,ܥܕܢ,,,,Peshitta,PESH
10,2 Samuel,14,26,2 Samuel 14:26,7,ܠܥܕܢ,,,,Peshitta,PESH
10,2 Samuel,14,26,2 Samuel 14:26,8,ܡܣܦܪ,,,,Peshitta,PESH
10,2 Samuel,14,26,2 Samuel 14:26,9,ܗܘܐ,,,,Peshitta,PESH
10,2 Samuel,14,26,2 Samuel 14:26,10,ܡܛܠ,,,,Peshitta,PESH
10,2 Samuel,14,26,2 Samuel 14:26,11,ܕܥܫܢ,,,,Peshitta,PESH
10,2 Samuel,14,26,2 Samuel 14:26,12,ܗܘܐ,,,,Peshitta,PESH
10,2 Samuel,14,26,2 Samuel 14:26,13,ܥܠܘܗܝ,,,,Peshitta,PESH
10,2 Samuel,14,26,2 Samuel 14:26,14,ܡܣܦܪ,,,,Peshitta,PESH
10,2 Samuel,14,26,2 Samuel 14:26,15,ܗܘܐ,,,,Peshitta,PESH
10,2 Samuel,14,26,2 Samuel 14:26,16,ܠܗ,,,,Peshitta,PESH
10,2 Samuel,14,26,2 Samuel 14:26,17,ܘܬܩܠ,,,,Peshitta,PESH
10,2 Samuel,14,26,2 Samuel 14:26,18,ܗܘܐ,,,,Peshitta,PESH
10,2 Samuel,14,26,2 Samuel 14:26,19,ܣܥܪܐ,,,,Peshitta,PESH
10,2 Samuel,14,26,2 Samuel 14:26,20,ܕܪܝܫܗ,,,,Peshitta,PESH
10,2 Samuel,14,26,2 Samuel 14:26,21,ܡܐܬܝܢ,,,,Peshitta,PESH
10,2 Samuel,14,26,2 Samuel 14:26,22,ܡܬܩ̈ܠܝܢ,,,,Peshitta,PESH
10,2 Samuel,14,26,2 Samuel 14:26,23,ܒܡܬܩܠܐ,,,,Peshitta,PESH
10,2 Samuel,14,26,2 Samuel 14:26,24,ܕܡܠܟܐ,,,,Peshitta,PESH
10,2 Samuel,14,27,2 Samuel 14:27,1,ܘܐܬܝܠܕܘ,,,,Peshitta,PESH
10,2 Samuel,14,27,2 Samuel 14:27,2,ܠܐܒܫܠܘܡ,,,,Peshitta,PESH
10,2 Samuel,14,27,2 Samuel 14:27,3,ܬܠܬܐ,,,,Peshitta,PESH
10,2 Samuel,14,27,2 Samuel 14:27,4,ܒܢܝ̈ܢ,,,,Peshitta,PESH
10,2 Samuel,14,27,2 Samuel 14:27,5,ܘܒܪܬܐ,,,,Peshitta,PESH
10,2 Samuel,14,27,2 Samuel 14:27,6,ܚܕܐ,,,,Peshitta,PESH
10,2 Samuel,14,27,2 Samuel 14:27,7,ܘܫܡܗ̇,,,,Peshitta,PESH
10,2 Samuel,14,27,2 Samuel 14:27,8,ܬܡܪ,,,,Peshitta,PESH
10,2 Samuel,14,27,2 Samuel 14:27,9,ܘܐܦ,,,,Peshitta,PESH
10,2 Samuel,14,27,2 Samuel 14:27,10,ܗܝ,,,,Peshitta,PESH
10,2 Samuel,14,27,2 Samuel 14:27,11,ܗܘܬ,,,,Peshitta,PESH
10,2 Samuel,14,27,2 Samuel 14:27,12,ܐܢܬܬܐ,,,,Peshitta,PESH
10,2 Samuel,14,27,2 Samuel 14:27,13,ܫܦܝܪܬ,,,,Peshitta,PESH
10,2 Samuel,14,27,2 Samuel 14:27,14,ܒܚܙܘܐ,,,,Peshitta,PESH
10,2 Samuel,14,28,2 Samuel 14:28,1,ܘܝܬܒ,,,,Peshitta,PESH
10,2 Samuel,14,28,2 Samuel 14:28,2,ܐܒܫܠܘܡ,,,,Peshitta,PESH
10,2 Samuel,14,28,2 Samuel 14:28,3,ܒܐܘܪܫܠܡ,,,,Peshitta,PESH
10,2 Samuel,14,28,2 Samuel 14:28,4,ܬܪ̈ܬܝܢ,,,,Peshitta,PESH
10,2 Samuel,14,28,2 Samuel 14:28,5,ܫܢ̈ܝܢ,,,,Peshitta,PESH
10,2 Samuel,14,28,2 Samuel 14:28,6,ܘܐ̈ܦܝ,,,,Peshitta,PESH
10,2 Samuel,14,28,2 Samuel 14:28,7,ܡܠܟܐ,,,,Peshitta,PESH
10,2 Samuel,14,28,2 Samuel 14:28,8,ܠܐ,,,,Peshitta,PESH
10,2 Samuel,14,28,2 Samuel 14:28,9,ܚܙܐ,,,,Peshitta,PESH
10,2 Samuel,14,29,2 Samuel 14:29,1,ܘܫܕܪ,,,,Peshitta,PESH
10,2 Samuel,14,29,2 Samuel 14:29,2,ܐܒܫܠܘܡ,,,,Peshitta,PESH
10,2 Samuel,14,29,2 Samuel 14:29,3,ܥܠ,,,,Peshitta,PESH
10,2 Samuel,14,29,2 Samuel 14:29,4,ܝܘܐܒ,,,,Peshitta,PESH
10,2 Samuel,14,29,2 Samuel 14:29,5,ܕܢܫܕܪܝܘܗܝ,,,,Peshitta,PESH
10,2 Samuel,14,29,2 Samuel 14:29,6,ܠܘܬ,,,,Peshitta,PESH
10,2 Samuel,14,29,2 Samuel 14:29,7,ܡܠܟܐ,,,,Peshitta,PESH
10,2 Samuel,14,29,2 Samuel 14:29,8,ܘܠܐ,,,,Peshitta,PESH
10,2 Samuel,14,29,2 Samuel 14:29,9,ܨܒܐ,,,,Peshitta,PESH
10,2 Samuel,14,29,2 Samuel 14:29,10,ܕܢܐܬܐ,,,,Peshitta,PESH
10,2 Samuel,14,29,2 Samuel 14:29,11,ܘܫܕܪ,,,,Peshitta,PESH
10,2 Samuel,14,29,2 Samuel 14:29,12,ܬܘܒ,,,,Peshitta,PESH
10,2 Samuel,14,29,2 Samuel 14:29,13,ܕܬܪ̈ܬܝܢ,,,,Peshitta,PESH
10,2 Samuel,14,29,2 Samuel 14:29,14,ܙܒܢ̈ܝܢ,,,,Peshitta,PESH
10,2 Samuel,14,29,2 Samuel 14:29,15,ܘܠܐ,,,,Peshitta,PESH
10,2 Samuel,14,29,2 Samuel 14:29,16,ܨܒܐ,,,,Peshitta,PESH
10,2 Samuel,14,29,2 Samuel 14:29,17,ܠܡܐܬܐ,,,,Peshitta,PESH
10,2 Samuel,14,30,2 Samuel 14:30,1,ܘܐܡܪ,,,,Peshitta,PESH
10,2 Samuel,14,30,2 Samuel 14:30,2,ܐܒܫܠܘܡ,,,,Peshitta,PESH
10,2 Samuel,14,30,2 Samuel 14:30,3,ܠܥܒ̈ܕܘܗܝ,,,,Peshitta,PESH
10,2 Samuel,14,30,2 Samuel 14:30,4,ܚܙܘ,,,,Peshitta,PESH
10,2 Samuel,14,30,2 Samuel 14:30,5,ܚܩܠܐ,,,,Peshitta,PESH
10,2 Samuel,14,30,2 Samuel 14:30,6,ܐܝܟܐ,,,,Peshitta,PESH
10,2 Samuel,14,30,2 Samuel 14:30,7,ܕܐܝܬ,,,,Peshitta,PESH
10,2 Samuel,14,30,2 Samuel 14:30,8,ܠܝܘܐܒ,,,,Peshitta,PESH
10,2 Samuel,14,30,2 Samuel 14:30,9,ܥܠ,,,,Peshitta,PESH
10,2 Samuel,14,30,2 Samuel 14:30,10,ܓܢܒܝ,,,,Peshitta,PESH
10,2 Samuel,14,30,2 Samuel 14:30,11,ܕܚ̈ܛܐ,,,,Peshitta,PESH
10,2 Samuel,14,30,2 Samuel 14:30,12,ܐܘ,,,,Peshitta,PESH
10,2 Samuel,14,30,2 Samuel 14:30,13,ܕܣܥܪ̈ܐ,,,,Peshitta,PESH
10,2 Samuel,14,30,2 Samuel 14:30,14,ܙܠܘ,,,,Peshitta,PESH
10,2 Samuel,14,30,2 Samuel 14:30,15,ܐܘܩܕܘܗ̇,,,,Peshitta,PESH
10,2 Samuel,14,30,2 Samuel 14:30,16,ܒܢܘܪܐ,,,,Peshitta,PESH
10,2 Samuel,14,30,2 Samuel 14:30,17,ܘܐܘܩܕܘ,,,,Peshitta,PESH
10,2 Samuel,14,30,2 Samuel 14:30,18,ܥܒ̈ܕܘܗܝ,,,,Peshitta,PESH
10,2 Samuel,14,30,2 Samuel 14:30,19,ܕܐܒܫܠܘܡ,,,,Peshitta,PESH
10,2 Samuel,14,30,2 Samuel 14:30,20,ܠܚܩܠܗ,,,,Peshitta,PESH
10,2 Samuel,14,30,2 Samuel 14:30,21,ܕܝܘܐܒ,,,,Peshitta,PESH
10,2 Samuel,14,31,2 Samuel 14:31,1,ܘܩܡ,,,,Peshitta,PESH
10,2 Samuel,14,31,2 Samuel 14:31,2,ܝܘܐܒ,,,,Peshitta,PESH
10,2 Samuel,14,31,2 Samuel 14:31,3,ܘܐܙܠ,,,,Peshitta,PESH
10,2 Samuel,14,31,2 Samuel 14:31,4,ܠܒܝܬܗ,,,,Peshitta,PESH
10,2 Samuel,14,31,2 Samuel 14:31,5,ܕܐܒܫܠܘܡ,,,,Peshitta,PESH
10,2 Samuel,14,31,2 Samuel 14:31,6,ܘܐܡܪ,,,,Peshitta,PESH
10,2 Samuel,14,31,2 Samuel 14:31,7,ܠܗ,,,,Peshitta,PESH
10,2 Samuel,14,31,2 Samuel 14:31,8,ܝܘܐܒ,,,,Peshitta,PESH
10,2 Samuel,14,31,2 Samuel 14:31,9,ܠܐܒܫܠܘܡ,,,,Peshitta,PESH
10,2 Samuel,14,31,2 Samuel 14:31,10,ܠܡܢܐ,,,,Peshitta,PESH
10,2 Samuel,14,31,2 Samuel 14:31,11,ܐܘܩܕܘ,,,,Peshitta,PESH
10,2 Samuel,14,31,2 Samuel 14:31,12,ܥܒ̈ܕܝܟ,,,,Peshitta,PESH
10,2 Samuel,14,31,2 Samuel 14:31,13,ܚܩܠܝ,,,,Peshitta,PESH
10,2 Samuel,14,31,2 Samuel 14:31,14,ܒܢܘܪܐ,,,,Peshitta,PESH
10,2 Samuel,14,32,2 Samuel 14:32,1,ܐܡܪ,,,,Peshitta,PESH
10,2 Samuel,14,32,2 Samuel 14:32,2,ܠܗ,,,,Peshitta,PESH
10,2 Samuel,14,32,2 Samuel 14:32,3,ܐܒܫܠܘܡ,,,,Peshitta,PESH
10,2 Samuel,14,32,2 Samuel 14:32,4,ܠܝܘܐܒ,,,,Peshitta,PESH
10,2 Samuel,14,32,2 Samuel 14:32,5,ܗܐ,,,,Peshitta,PESH
10,2 Samuel,14,32,2 Samuel 14:32,6,ܫܕܪܬ,,,,Peshitta,PESH
10,2 Samuel,14,32,2 Samuel 14:32,7,ܥܠܝܟ,,,,Peshitta,PESH
10,2 Samuel,14,32,2 Samuel 14:32,8,ܘܐܡܪܬ,,,,Peshitta,PESH
10,2 Samuel,14,32,2 Samuel 14:32,9,ܕܬܐܬܐ,,,,Peshitta,PESH
10,2 Samuel,14,32,2 Samuel 14:32,10,ܐܫܕܪܟ,,,,Peshitta,PESH
10,2 Samuel,14,32,2 Samuel 14:32,11,ܠܘܬ,,,,Peshitta,PESH
10,2 Samuel,14,32,2 Samuel 14:32,12,ܡܠܟܐ,,,,Peshitta,PESH
10,2 Samuel,14,32,2 Samuel 14:32,13,ܠܡܢܐ,,,,Peshitta,PESH
10,2 Samuel,14,32,2 Samuel 14:32,14,ܐܬܝܬ,,,,Peshitta,PESH
10,2 Samuel,14,32,2 Samuel 14:32,15,ܡܢ,,,,Peshitta,PESH
10,2 Samuel,14,32,2 Samuel 14:32,16,ܓܫܘܪ,,,,Peshitta,PESH
10,2 Samuel,14,32,2 Samuel 14:32,17,ܦܩܚ,,,,Peshitta,PESH
10,2 Samuel,14,32,2 Samuel 14:32,18,ܗܘܐ,,,,Peshitta,PESH
10,2 Samuel,14,32,2 Samuel 14:32,19,ܠܝ,,,,Peshitta,PESH
10,2 Samuel,14,32,2 Samuel 14:32,20,ܟܕ,,,,Peshitta,PESH
10,2 Samuel,14,32,2 Samuel 14:32,21,ܐܢܐ,,,,Peshitta,PESH
10,2 Samuel,14,32,2 Samuel 14:32,22,ܬܡܢ,,,,Peshitta,PESH
10,2 Samuel,14,32,2 Samuel 14:32,23,ܘܗܫܐ,,,,Peshitta,PESH
10,2 Samuel,14,32,2 Samuel 14:32,24,ܨܒܐ,,,,Peshitta,PESH
10,2 Samuel,14,32,2 Samuel 14:32,25,ܐܢܐ,,,,Peshitta,PESH
10,2 Samuel,14,32,2 Samuel 14:32,26,ܕܐܬܚܙܐ,,,,Peshitta,PESH
10,2 Samuel,14,32,2 Samuel 14:32,27,ܩܕܡ,,,,Peshitta,PESH
10,2 Samuel,14,32,2 Samuel 14:32,28,ܡܠܟܐ,,,,Peshitta,PESH
10,2 Samuel,14,32,2 Samuel 14:32,29,ܐܢ,,,,Peshitta,PESH
10,2 Samuel,14,32,2 Samuel 14:32,30,ܐܝܬ,,,,Peshitta,PESH
10,2 Samuel,14,32,2 Samuel 14:32,31,ܠܝ,,,,Peshitta,PESH
10,2 Samuel,14,32,2 Samuel 14:32,32,ܣܟܠܘܬܐ,,,,Peshitta,PESH
10,2 Samuel,14,32,2 Samuel 14:32,33,ܢܩܛܠܢܝ,,,,Peshitta,PESH
10,2 Samuel,14,33,2 Samuel 14:33,1,ܘܐܬܐ,,,,Peshitta,PESH
10,2 Samuel,14,33,2 Samuel 14:33,2,ܝܘܐܒ,,,,Peshitta,PESH
10,2 Samuel,14,33,2 Samuel 14:33,3,ܩܕܡ,,,,Peshitta,PESH
10,2 Samuel,14,33,2 Samuel 14:33,4,ܡܠܟܐ,,,,Peshitta,PESH
10,2 Samuel,14,33,2 Samuel 14:33,5,ܘܚܘܝܗ,,,,Peshitta,PESH
10,2 Samuel,14,33,2 Samuel 14:33,6,ܡ̈ܠܘܗܝ,,,,Peshitta,PESH
10,2 Samuel,14,33,2 Samuel 14:33,7,ܕܐܒܫܠܘܡ,,,,Peshitta,PESH
10,2 Samuel,14,33,2 Samuel 14:33,8,ܘܩܪܝܗܝ,,,,Peshitta,PESH
10,2 Samuel,14,33,2 Samuel 14:33,9,ܠܐܒܫܠܘܡ,,,,Peshitta,PESH
10,2 Samuel,14,33,2 Samuel 14:33,10,ܘܥܠ,,,,Peshitta,PESH
10,2 Samuel,14,33,2 Samuel 14:33,11,ܐܒܫܠܘܡ,,,,Peshitta,PESH
10,2 Samuel,14,33,2 Samuel 14:33,12,ܩܕܡ,,,,Peshitta,PESH
10,2 Samuel,14,33,2 Samuel 14:33,13,ܡܠܟܐ,,,,Peshitta,PESH
10,2 Samuel,14,33,2 Samuel 14:33,14,ܘܣܓܕ,,,,Peshitta,PESH
10,2 Samuel,14,33,2 Samuel 14:33,15,ܥܠ,,,,Peshitta,PESH
10,2 Samuel,14,33,2 Samuel 14:33,16,ܐ̈ܦܘܗܝ,,,,Peshitta,PESH
10,2 Samuel,14,33,2 Samuel 14:33,17,ܥܠ,,,,Peshitta,PESH
10,2 Samuel,14,33,2 Samuel 14:33,18,ܐܪܥܐ,,,,Peshitta,PESH
10,2 Samuel,14,33,2 Samuel 14:33,19,ܩܕܡ,,,,Peshitta,PESH
10,2 Samuel,14,33,2 Samuel 14:33,20,ܡܠܟܐ,,,,Peshitta,PESH
10,2 Samuel,14,33,2 Samuel 14:33,21,ܘܢܫܩܗ,,,,Peshitta,PESH
10,2 Samuel,14,33,2 Samuel 14:33,22,ܡܠܟܐ,,,,Peshitta,PESH
10,2 Samuel,14,33,2 Samuel 14:33,23,ܠܐܒܫܠܘܡ,,,,Peshitta,PESH
10,2 Samuel,15,1,2 Samuel 15:1,1,ܘܡܢ,,,,Peshitta,PESH
10,2 Samuel,15,1,2 Samuel 15:1,2,ܒܬܪܟܢ,,,,Peshitta,PESH
10,2 Samuel,15,1,2 Samuel 15:1,3,ܥܒܕ,,,,Peshitta,PESH
10,2 Samuel,15,1,2 Samuel 15:1,4,ܠܗ,,,,Peshitta,PESH
10,2 Samuel,15,1,2 Samuel 15:1,5,ܐܒܫܠܘܡ,,,,Peshitta,PESH
10,2 Samuel,15,1,2 Samuel 15:1,6,ܡܪ̈ܟܒܬܐ,,,,Peshitta,PESH
10,2 Samuel,15,1,2 Samuel 15:1,7,ܘܦܪ̈ܫܐ,,,,Peshitta,PESH
10,2 Samuel,15,1,2 Samuel 15:1,8,ܘܚܡܫܝܢ,,,,Peshitta,PESH
10,2 Samuel,15,1,2 Samuel 15:1,9,ܛܒܠܪ̈ܝܢ,,,,Peshitta,PESH
10,2 Samuel,15,1,2 Samuel 15:1,10,ܕܪܗܛܝܢ,,,,Peshitta,PESH
10,2 Samuel,15,1,2 Samuel 15:1,11,ܗܘܘ,,,,Peshitta,PESH
10,2 Samuel,15,1,2 Samuel 15:1,12,ܩܕܡܘܗܝ,,,,Peshitta,PESH
10,2 Samuel,15,2,2 Samuel 15:2,1,ܘܡܩܕܡ,,,,Peshitta,PESH
10,2 Samuel,15,2,2 Samuel 15:2,2,ܗܘܐ,,,,Peshitta,PESH
10,2 Samuel,15,2,2 Samuel 15:2,3,ܐܒܫܠܘܡ,,,,Peshitta,PESH
10,2 Samuel,15,2,2 Samuel 15:2,4,ܘܩܐܡ,,,,Peshitta,PESH
10,2 Samuel,15,2,2 Samuel 15:2,5,ܗܘܐ,,,,Peshitta,PESH
10,2 Samuel,15,2,2 Samuel 15:2,6,ܥܠ,,,,Peshitta,PESH
10,2 Samuel,15,2,2 Samuel 15:2,7,ܓܢܒ,,,,Peshitta,PESH
10,2 Samuel,15,2,2 Samuel 15:2,8,ܬܪܥܐ,,,,Peshitta,PESH
10,2 Samuel,15,2,2 Samuel 15:2,9,ܕܡܠܟܐ,,,,Peshitta,PESH
10,2 Samuel,15,2,2 Samuel 15:2,10,ܘܟܠ,,,,Peshitta,PESH
10,2 Samuel,15,2,2 Samuel 15:2,11,ܓܒܪܐ,,,,Peshitta,PESH
10,2 Samuel,15,2,2 Samuel 15:2,12,ܕܐܝܬ,,,,Peshitta,PESH
10,2 Samuel,15,2,2 Samuel 15:2,13,ܗܘܐ,,,,Peshitta,PESH
10,2 Samuel,15,2,2 Samuel 15:2,14,ܠܗ,,,,Peshitta,PESH
10,2 Samuel,15,2,2 Samuel 15:2,15,ܕܝܢܐ,,,,Peshitta,PESH
10,2 Samuel,15,2,2 Samuel 15:2,16,ܠܡܕܢ,,,,Peshitta,PESH
10,2 Samuel,15,2,2 Samuel 15:2,17,ܩܕܡ,,,,Peshitta,PESH
10,2 Samuel,15,2,2 Samuel 15:2,18,ܡܠܟܐ,,,,Peshitta,PESH
10,2 Samuel,15,2,2 Samuel 15:2,19,ܩܪܐ,,,,Peshitta,PESH
10,2 Samuel,15,2,2 Samuel 15:2,20,ܗܘܐ,,,,Peshitta,PESH
10,2 Samuel,15,2,2 Samuel 15:2,21,ܠܗ,,,,Peshitta,PESH
10,2 Samuel,15,2,2 Samuel 15:2,22,ܐܒܫܠܘܡ,,,,Peshitta,PESH
10,2 Samuel,15,2,2 Samuel 15:2,23,ܠܘܬܗ,,,,Peshitta,PESH
10,2 Samuel,15,2,2 Samuel 15:2,24,ܘܐܡܪ,,,,Peshitta,PESH
10,2 Samuel,15,2,2 Samuel 15:2,25,ܠܗ,,,,Peshitta,PESH
10,2 Samuel,15,2,2 Samuel 15:2,26,ܡܢ,,,,Peshitta,PESH
10,2 Samuel,15,2,2 Samuel 15:2,27,ܐܝܕܐ,,,,Peshitta,PESH
10,2 Samuel,15,2,2 Samuel 15:2,28,ܐܢܬ,,,,Peshitta,PESH
10,2 Samuel,15,2,2 Samuel 15:2,29,ܩܪܝܬܐ,,,,Peshitta,PESH
10,2 Samuel,15,2,2 Samuel 15:2,30,ܐܡܪ,,,,Peshitta,PESH
10,2 Samuel,15,2,2 Samuel 15:2,31,ܠܗ,,,,Peshitta,PESH
10,2 Samuel,15,2,2 Samuel 15:2,32,ܥܒܕܟ,,,,Peshitta,PESH
10,2 Samuel,15,2,2 Samuel 15:2,33,ܐܢܐ,,,,Peshitta,PESH
10,2 Samuel,15,2,2 Samuel 15:2,34,ܡܢ,,,,Peshitta,PESH
10,2 Samuel,15,2,2 Samuel 15:2,35,ܚܕ,,,,Peshitta,PESH
10,2 Samuel,15,2,2 Samuel 15:2,36,ܡܢ,,,,Peshitta,PESH
10,2 Samuel,15,2,2 Samuel 15:2,37,ܫܒ̈ܛܐ,,,,Peshitta,PESH
10,2 Samuel,15,2,2 Samuel 15:2,38,ܕܐܝܣܪܝܠ,,,,Peshitta,PESH
10,2 Samuel,15,3,2 Samuel 15:3,1,ܐܡܪ,,,,Peshitta,PESH
10,2 Samuel,15,3,2 Samuel 15:3,2,ܠܗ,,,,Peshitta,PESH
10,2 Samuel,15,3,2 Samuel 15:3,3,ܐܒܫܠܘܡ,,,,Peshitta,PESH
10,2 Samuel,15,3,2 Samuel 15:3,4,ܗܐ,,,,Peshitta,PESH
10,2 Samuel,15,3,2 Samuel 15:3,5,ܚܙܐ,,,,Peshitta,PESH
10,2 Samuel,15,3,2 Samuel 15:3,6,ܐܢܐ,,,,Peshitta,PESH
10,2 Samuel,15,3,2 Samuel 15:3,7,ܡ̈ܠܝܟ,,,,Peshitta,PESH
10,2 Samuel,15,3,2 Samuel 15:3,8,ܫܦܝܪ̈ܢ,,,,Peshitta,PESH
10,2 Samuel,15,3,2 Samuel 15:3,9,ܘܬܪ̈ܝܨܢ,,,,Peshitta,PESH
10,2 Samuel,15,3,2 Samuel 15:3,10,ܘܫܡܘܥܐ,,,,Peshitta,PESH
10,2 Samuel,15,3,2 Samuel 15:3,11,ܠܝܬ,,,,Peshitta,PESH
10,2 Samuel,15,3,2 Samuel 15:3,12,ܠܟ,,,,Peshitta,PESH
10,2 Samuel,15,3,2 Samuel 15:3,13,ܡܢ,,,,Peshitta,PESH
10,2 Samuel,15,3,2 Samuel 15:3,14,ܠܘܬ,,,,Peshitta,PESH
10,2 Samuel,15,3,2 Samuel 15:3,15,ܡܠܟܐ,,,,Peshitta,PESH
10,2 Samuel,15,4,2 Samuel 15:4,1,ܘܐܡܪ,,,,Peshitta,PESH
10,2 Samuel,15,4,2 Samuel 15:4,2,ܐܒܫܠܘܡ,,,,Peshitta,PESH
10,2 Samuel,15,4,2 Samuel 15:4,3,ܡ̇ܢ,,,,Peshitta,PESH
10,2 Samuel,15,4,2 Samuel 15:4,4,ܕܝܢ,,,,Peshitta,PESH
10,2 Samuel,15,4,2 Samuel 15:4,5,ܥܒܕܢܝ,,,,Peshitta,PESH
10,2 Samuel,15,4,2 Samuel 15:4,6,ܕܝܢܐ,,,,Peshitta,PESH
10,2 Samuel,15,4,2 Samuel 15:4,7,ܒܐܪܥܐ,,,,Peshitta,PESH
10,2 Samuel,15,4,2 Samuel 15:4,8,ܘܠܘܬܝ,,,,Peshitta,PESH
10,2 Samuel,15,4,2 Samuel 15:4,9,ܕܝܢ,,,,Peshitta,PESH
10,2 Samuel,15,4,2 Samuel 15:4,10,ܐܬܐ,,,,Peshitta,PESH
10,2 Samuel,15,4,2 Samuel 15:4,11,ܟܠ,,,,Peshitta,PESH
10,2 Samuel,15,4,2 Samuel 15:4,12,ܓܒܪܐ,,,,Peshitta,PESH
10,2 Samuel,15,4,2 Samuel 15:4,13,ܕܐܝܬ,,,,Peshitta,PESH
10,2 Samuel,15,4,2 Samuel 15:4,14,ܠܗ,,,,Peshitta,PESH
10,2 Samuel,15,4,2 Samuel 15:4,15,ܕܝܢܐ,,,,Peshitta,PESH
10,2 Samuel,15,4,2 Samuel 15:4,16,ܘܬܒܥܬܐ,,,,Peshitta,PESH
10,2 Samuel,15,4,2 Samuel 15:4,17,ܘܡܙܟܐ,,,,Peshitta,PESH
10,2 Samuel,15,4,2 Samuel 15:4,18,ܗܘܝܬ,,,,Peshitta,PESH
10,2 Samuel,15,4,2 Samuel 15:4,19,ܠܗ,,,,Peshitta,PESH
10,2 Samuel,15,5,2 Samuel 15:5,1,ܘܡܐ,,,,Peshitta,PESH
10,2 Samuel,15,5,2 Samuel 15:5,2,ܕܩܐܡ,,,,Peshitta,PESH
10,2 Samuel,15,5,2 Samuel 15:5,3,ܗܘܐ,,,,Peshitta,PESH
10,2 Samuel,15,5,2 Samuel 15:5,4,ܓܒܪܐ,,,,Peshitta,PESH
10,2 Samuel,15,5,2 Samuel 15:5,5,ܠܡܣܓܕ,,,,Peshitta,PESH
10,2 Samuel,15,5,2 Samuel 15:5,6,ܠܗ,,,,Peshitta,PESH
10,2 Samuel,15,5,2 Samuel 15:5,7,ܐܚܕ,,,,Peshitta,PESH
10,2 Samuel,15,5,2 Samuel 15:5,8,ܗܘܐ,,,,Peshitta,PESH
10,2 Samuel,15,5,2 Samuel 15:5,9,ܒܐܝܕܗ,,,,Peshitta,PESH
10,2 Samuel,15,5,2 Samuel 15:5,10,ܘܢܫܩ,,,,Peshitta,PESH
10,2 Samuel,15,5,2 Samuel 15:5,11,ܗܘܐ,,,,Peshitta,PESH
10,2 Samuel,15,5,2 Samuel 15:5,12,ܠܗ,,,,Peshitta,PESH
10,2 Samuel,15,6,2 Samuel 15:6,1,ܘܥܒܕ,,,,Peshitta,PESH
10,2 Samuel,15,6,2 Samuel 15:6,2,ܗܘܐ,,,,Peshitta,PESH
10,2 Samuel,15,6,2 Samuel 15:6,3,ܐܒܫܠܘܡ,,,,Peshitta,PESH
10,2 Samuel,15,6,2 Samuel 15:6,4,ܗܟܢܐ,,,,Peshitta,PESH
10,2 Samuel,15,6,2 Samuel 15:6,5,ܠܟܘܠܗ,,,,Peshitta,PESH
10,2 Samuel,15,6,2 Samuel 15:6,6,ܐܝܣܪܝܠ,,,,Peshitta,PESH
10,2 Samuel,15,6,2 Samuel 15:6,7,ܕܐܬܝܢ,,,,Peshitta,PESH
10,2 Samuel,15,6,2 Samuel 15:6,8,ܗܘܘ,,,,Peshitta,PESH
10,2 Samuel,15,6,2 Samuel 15:6,9,ܠܡܕܢ,,,,Peshitta,PESH
10,2 Samuel,15,6,2 Samuel 15:6,10,ܩܕܡ,,,,Peshitta,PESH
10,2 Samuel,15,6,2 Samuel 15:6,11,ܡܠܟܐ,,,,Peshitta,PESH
10,2 Samuel,15,6,2 Samuel 15:6,12,ܘܐܣܛܝܗ,,,,Peshitta,PESH
10,2 Samuel,15,6,2 Samuel 15:6,13,ܐܒܫܠܘܡ,,,,Peshitta,PESH
10,2 Samuel,15,6,2 Samuel 15:6,14,ܠܒܐ,,,,Peshitta,PESH
10,2 Samuel,15,6,2 Samuel 15:6,15,ܕܟܠܗܘܢ,,,,Peshitta,PESH
10,2 Samuel,15,6,2 Samuel 15:6,16,ܒܢ̈ܝ,,,,Peshitta,PESH
10,2 Samuel,15,6,2 Samuel 15:6,17,ܐܝܣܪܝܠ,,,,Peshitta,PESH
10,2 Samuel,15,7,2 Samuel 15:7,1,ܘܡܢ,,,,Peshitta,PESH
10,2 Samuel,15,7,2 Samuel 15:7,2,ܒܬܪ,,,,Peshitta,PESH
10,2 Samuel,15,7,2 Samuel 15:7,3,ܐܪ̈ܒܥ,,,,Peshitta,PESH
10,2 Samuel,15,7,2 Samuel 15:7,4,ܫܢܝ̈ܢ,,,,Peshitta,PESH
10,2 Samuel,15,7,2 Samuel 15:7,5,ܐܡܪ,,,,Peshitta,PESH
10,2 Samuel,15,7,2 Samuel 15:7,6,ܐܒܫܠܘܡ,,,,Peshitta,PESH
10,2 Samuel,15,7,2 Samuel 15:7,7,ܠܡܠܟܐ,,,,Peshitta,PESH
10,2 Samuel,15,7,2 Samuel 15:7,8,ܐܙܠ,,,,Peshitta,PESH
10,2 Samuel,15,7,2 Samuel 15:7,9,ܐܫܠܡ,,,,Peshitta,PESH
10,2 Samuel,15,7,2 Samuel 15:7,10,ܢܕܪܝ,,,,Peshitta,PESH
10,2 Samuel,15,7,2 Samuel 15:7,11,ܕܢܕܪܬ,,,,Peshitta,PESH
10,2 Samuel,15,7,2 Samuel 15:7,12,ܠܡܪܝܐ,,,,Peshitta,PESH
10,2 Samuel,15,7,2 Samuel 15:7,13,ܒܚܒܪܘܢ,,,,Peshitta,PESH
10,2 Samuel,15,8,2 Samuel 15:8,1,ܢܕܪܐ,,,,Peshitta,PESH
10,2 Samuel,15,8,2 Samuel 15:8,2,ܓܝܪ,,,,Peshitta,PESH
10,2 Samuel,15,8,2 Samuel 15:8,3,ܢܕܪ,,,,Peshitta,PESH
10,2 Samuel,15,8,2 Samuel 15:8,4,ܥܒܕܟ,,,,Peshitta,PESH
10,2 Samuel,15,8,2 Samuel 15:8,5,ܟܕ,,,,Peshitta,PESH
10,2 Samuel,15,8,2 Samuel 15:8,6,ܝܬܒ,,,,Peshitta,PESH
10,2 Samuel,15,8,2 Samuel 15:8,7,ܗܘܝܬ,,,,Peshitta,PESH
10,2 Samuel,15,8,2 Samuel 15:8,8,ܒܓܫܘܪ,,,,Peshitta,PESH
10,2 Samuel,15,8,2 Samuel 15:8,9,ܘܒܐܕܘܡ,,,,Peshitta,PESH
10,2 Samuel,15,8,2 Samuel 15:8,10,ܕܐܢ,,,,Peshitta,PESH
10,2 Samuel,15,8,2 Samuel 15:8,11,ܡܗܦܟܘ,,,,Peshitta,PESH
10,2 Samuel,15,8,2 Samuel 15:8,12,ܢܗܦܟܢܝ,,,,Peshitta,PESH
10,2 Samuel,15,8,2 Samuel 15:8,13,ܡܪܝܐ,,,,Peshitta,PESH
10,2 Samuel,15,8,2 Samuel 15:8,14,ܠܐܘܪܫܠܡ,,,,Peshitta,PESH
10,2 Samuel,15,8,2 Samuel 15:8,15,ܐܦܠܘܚ,,,,Peshitta,PESH
10,2 Samuel,15,8,2 Samuel 15:8,16,ܠܡܪܝܐ,,,,Peshitta,PESH
10,2 Samuel,15,9,2 Samuel 15:9,1,ܐܡܪ,,,,Peshitta,PESH
10,2 Samuel,15,9,2 Samuel 15:9,2,ܠܗ,,,,Peshitta,PESH
10,2 Samuel,15,9,2 Samuel 15:9,3,ܡܠܟܐ,,,,Peshitta,PESH
10,2 Samuel,15,9,2 Samuel 15:9,4,ܙܠ,,,,Peshitta,PESH
10,2 Samuel,15,9,2 Samuel 15:9,5,ܒܫܠܡܐ,,,,Peshitta,PESH
10,2 Samuel,15,9,2 Samuel 15:9,6,ܘܩܡ,,,,Peshitta,PESH
10,2 Samuel,15,9,2 Samuel 15:9,7,ܐܙܠ,,,,Peshitta,PESH
10,2 Samuel,15,9,2 Samuel 15:9,8,ܠܚܒܪܘܢ,,,,Peshitta,PESH
10,2 Samuel,15,10,2 Samuel 15:10,1,ܘܫܕܪ,,,,Peshitta,PESH
10,2 Samuel,15,10,2 Samuel 15:10,2,ܐܒܫܠܘܡ,,,,Peshitta,PESH
10,2 Samuel,15,10,2 Samuel 15:10,3,ܓܫ̈ܘܫܐ,,,,Peshitta,PESH
10,2 Samuel,15,10,2 Samuel 15:10,4,ܒܟܠܗܘܢ,,,,Peshitta,PESH
10,2 Samuel,15,10,2 Samuel 15:10,5,ܫܒ̈ܛܐ,,,,Peshitta,PESH
10,2 Samuel,15,10,2 Samuel 15:10,6,ܕܐܝܣܪܝܠ,,,,Peshitta,PESH
10,2 Samuel,15,10,2 Samuel 15:10,7,ܘܦܩܕ,,,,Peshitta,PESH
10,2 Samuel,15,10,2 Samuel 15:10,8,ܕܡܐ,,,,Peshitta,PESH
10,2 Samuel,15,10,2 Samuel 15:10,9,ܕܫܡܥܬܘܢ,,,,Peshitta,PESH
10,2 Samuel,15,10,2 Samuel 15:10,10,ܩܠܐ,,,,Peshitta,PESH
10,2 Samuel,15,10,2 Samuel 15:10,11,ܕܫܝܦܘܪܐ,,,,Peshitta,PESH
10,2 Samuel,15,10,2 Samuel 15:10,12,ܐܡܪܘ,,,,Peshitta,PESH
10,2 Samuel,15,10,2 Samuel 15:10,13,ܕܐܡܠܟ,,,,Peshitta,PESH
10,2 Samuel,15,10,2 Samuel 15:10,14,ܐܒܫܠܘܡ,,,,Peshitta,PESH
10,2 Samuel,15,10,2 Samuel 15:10,15,ܒܚܒܪܘܢ,,,,Peshitta,PESH
10,2 Samuel,15,11,2 Samuel 15:11,1,ܘܥܡ,,,,Peshitta,PESH
10,2 Samuel,15,11,2 Samuel 15:11,2,ܐܒܫܠܘܡ,,,,Peshitta,PESH
10,2 Samuel,15,11,2 Samuel 15:11,3,ܐܙܠܘ,,,,Peshitta,PESH
10,2 Samuel,15,11,2 Samuel 15:11,4,ܡܐܬܝܢ,,,,Peshitta,PESH
10,2 Samuel,15,11,2 Samuel 15:11,5,ܓܒܪ̈ܝܢ,,,,Peshitta,PESH
10,2 Samuel,15,11,2 Samuel 15:11,6,ܡܢ,,,,Peshitta,PESH
10,2 Samuel,15,11,2 Samuel 15:11,7,ܐܘܪܫܠܡ,,,,Peshitta,PESH
10,2 Samuel,15,11,2 Samuel 15:11,8,ܘܐܙܠܘ,,,,Peshitta,PESH
10,2 Samuel,15,11,2 Samuel 15:11,9,ܬܡܝܡܐܝܬ,,,,Peshitta,PESH
10,2 Samuel,15,11,2 Samuel 15:11,10,ܟܕ,,,,Peshitta,PESH
10,2 Samuel,15,11,2 Samuel 15:11,11,ܠܐ,,,,Peshitta,PESH
10,2 Samuel,15,11,2 Samuel 15:11,12,ܝܕܥܝܢ,,,,Peshitta,PESH
10,2 Samuel,15,11,2 Samuel 15:11,13,ܡܕܡ,,,,Peshitta,PESH
10,2 Samuel,15,12,2 Samuel 15:12,1,ܘܫܕܪ,,,,Peshitta,PESH
10,2 Samuel,15,12,2 Samuel 15:12,2,ܐܒܫܠܘܡ,,,,Peshitta,PESH
10,2 Samuel,15,12,2 Samuel 15:12,3,ܥܠ,,,,Peshitta,PESH
10,2 Samuel,15,12,2 Samuel 15:12,4,ܐܚܝܬܘܦܝܠ,,,,Peshitta,PESH
10,2 Samuel,15,12,2 Samuel 15:12,5,ܓܠܝܘܢܝܐ,,,,Peshitta,PESH
10,2 Samuel,15,12,2 Samuel 15:12,6,ܡ̇ܠܟ,,,,Peshitta,PESH
10,2 Samuel,15,12,2 Samuel 15:12,7,ܡܠܟܗ,,,,Peshitta,PESH
10,2 Samuel,15,12,2 Samuel 15:12,8,ܕܕܘܝܕ,,,,Peshitta,PESH
10,2 Samuel,15,12,2 Samuel 15:12,9,ܘܕܒܪܗ,,,,Peshitta,PESH
10,2 Samuel,15,12,2 Samuel 15:12,10,ܡܢ,,,,Peshitta,PESH
10,2 Samuel,15,12,2 Samuel 15:12,11,ܩܪܝܬܗ,,,,Peshitta,PESH
10,2 Samuel,15,12,2 Samuel 15:12,12,ܡܢ,,,,Peshitta,PESH
10,2 Samuel,15,12,2 Samuel 15:12,13,ܓܠܝܘ,,,,Peshitta,PESH
10,2 Samuel,15,12,2 Samuel 15:12,14,ܟܕ,,,,Peshitta,PESH
10,2 Samuel,15,12,2 Samuel 15:12,15,ܕܒܚ,,,,Peshitta,PESH
10,2 Samuel,15,12,2 Samuel 15:12,16,ܕܒܚܬܐ,,,,Peshitta,PESH
10,2 Samuel,15,12,2 Samuel 15:12,17,ܘܡܪܕܐ,,,,Peshitta,PESH
10,2 Samuel,15,12,2 Samuel 15:12,18,ܐܙܠ,,,,Peshitta,PESH
10,2 Samuel,15,12,2 Samuel 15:12,19,ܗܘܐ,,,,Peshitta,PESH
10,2 Samuel,15,12,2 Samuel 15:12,20,ܘܥܫܢ,,,,Peshitta,PESH
10,2 Samuel,15,12,2 Samuel 15:12,21,ܘܥܡܐ,,,,Peshitta,PESH
10,2 Samuel,15,12,2 Samuel 15:12,22,ܛܒ,,,,Peshitta,PESH
10,2 Samuel,15,12,2 Samuel 15:12,23,ܣܓܐ,,,,Peshitta,PESH
10,2 Samuel,15,12,2 Samuel 15:12,24,ܗܘܐ,,,,Peshitta,PESH
10,2 Samuel,15,12,2 Samuel 15:12,25,ܥܠ,,,,Peshitta,PESH
10,2 Samuel,15,12,2 Samuel 15:12,26,ܓܢܒ,,,,Peshitta,PESH
10,2 Samuel,15,12,2 Samuel 15:12,27,ܐܒܫܠܘܡ,,,,Peshitta,PESH
10,2 Samuel,15,13,2 Samuel 15:13,1,ܘܐܬܐ,,,,Peshitta,PESH
10,2 Samuel,15,13,2 Samuel 15:13,2,ܡܣܒܪܢܐ,,,,Peshitta,PESH
10,2 Samuel,15,13,2 Samuel 15:13,3,ܠܘܬ,,,,Peshitta,PESH
10,2 Samuel,15,13,2 Samuel 15:13,4,ܕܘܝܕ,,,,Peshitta,PESH
10,2 Samuel,15,13,2 Samuel 15:13,5,ܘܐܡܪ,,,,Peshitta,PESH
10,2 Samuel,15,13,2 Samuel 15:13,6,ܠܗ,,,,Peshitta,PESH
10,2 Samuel,15,13,2 Samuel 15:13,7,ܐܫܬܘܝ,,,,Peshitta,PESH
10,2 Samuel,15,13,2 Samuel 15:13,8,ܠܒܗܘܢ,,,,Peshitta,PESH
10,2 Samuel,15,13,2 Samuel 15:13,9,ܕܒ̈ܢܝ,,,,Peshitta,PESH
10,2 Samuel,15,13,2 Samuel 15:13,10,ܐܝܣܪܝܠ,,,,Peshitta,PESH
10,2 Samuel,15,13,2 Samuel 15:13,11,ܒܬܪ,,,,Peshitta,PESH
10,2 Samuel,15,13,2 Samuel 15:13,12,ܐܒܫܠܘܡ,,,,Peshitta,PESH
10,2 Samuel,15,14,2 Samuel 15:14,1,ܘܐܡܪ,,,,Peshitta,PESH
10,2 Samuel,15,14,2 Samuel 15:14,2,ܕܘܝܕ,,,,Peshitta,PESH
10,2 Samuel,15,14,2 Samuel 15:14,3,ܠܟܠܗܘܢ,,,,Peshitta,PESH
10,2 Samuel,15,14,2 Samuel 15:14,4,ܥܒ̈ܕܘܗܝ,,,,Peshitta,PESH
10,2 Samuel,15,14,2 Samuel 15:14,5,ܕܥܡܗ,,,,Peshitta,PESH
10,2 Samuel,15,14,2 Samuel 15:14,6,ܒܐܘܪܫܠܡ,,,,Peshitta,PESH
10,2 Samuel,15,14,2 Samuel 15:14,7,ܩܘܡܘ,,,,Peshitta,PESH
10,2 Samuel,15,14,2 Samuel 15:14,8,ܢܥܪܘܩ,,,,Peshitta,PESH
10,2 Samuel,15,14,2 Samuel 15:14,9,ܠܢ,,,,Peshitta,PESH
10,2 Samuel,15,14,2 Samuel 15:14,10,ܕܠܡܐ,,,,Peshitta,PESH
10,2 Samuel,15,14,2 Samuel 15:14,11,ܠܐ,,,,Peshitta,PESH
10,2 Samuel,15,14,2 Samuel 15:14,12,ܢܫܟܚ,,,,Peshitta,PESH
10,2 Samuel,15,14,2 Samuel 15:14,13,ܠܡܬܦܠܛܘ,,,,Peshitta,PESH
10,2 Samuel,15,14,2 Samuel 15:14,14,ܡܢ,,,,Peshitta,PESH
10,2 Samuel,15,14,2 Samuel 15:14,15,ܩܕܡ,,,,Peshitta,PESH
10,2 Samuel,15,14,2 Samuel 15:14,16,ܐܒܫܠܘܡ,,,,Peshitta,PESH
10,2 Samuel,15,14,2 Samuel 15:14,17,ܒܥܓܠ,,,,Peshitta,PESH
10,2 Samuel,15,14,2 Samuel 15:14,18,ܢܐܙܠ,,,,Peshitta,PESH
10,2 Samuel,15,14,2 Samuel 15:14,19,ܠܢ,,,,Peshitta,PESH
10,2 Samuel,15,14,2 Samuel 15:14,20,ܕܠܡܐ,,,,Peshitta,PESH
10,2 Samuel,15,14,2 Samuel 15:14,21,ܢܣܬܪܗܒ,,,,Peshitta,PESH
10,2 Samuel,15,14,2 Samuel 15:14,22,ܘܢܕܪܟܢ,,,,Peshitta,PESH
10,2 Samuel,15,14,2 Samuel 15:14,23,ܘܢܕܚܐ,,,,Peshitta,PESH
10,2 Samuel,15,14,2 Samuel 15:14,24,ܥܠܝܢ,,,,Peshitta,PESH
10,2 Samuel,15,14,2 Samuel 15:14,25,ܒܝܫܬܐ,,,,Peshitta,PESH
10,2 Samuel,15,14,2 Samuel 15:14,26,ܘܢܡܚܝܗ̇,,,,Peshitta,PESH
10,2 Samuel,15,14,2 Samuel 15:14,27,ܠܩܪܝܬܐ,,,,Peshitta,PESH
10,2 Samuel,15,14,2 Samuel 15:14,28,ܒܦܘܡܐ,,,,Peshitta,PESH
10,2 Samuel,15,14,2 Samuel 15:14,29,ܕܚܪܒܐ,,,,Peshitta,PESH
10,2 Samuel,15,15,2 Samuel 15:15,1,ܘܐܡܪܘ,,,,Peshitta,PESH
10,2 Samuel,15,15,2 Samuel 15:15,2,ܥܒ̈ܕܘܗܝ,,,,Peshitta,PESH
10,2 Samuel,15,15,2 Samuel 15:15,3,ܕܡܠܟܐ,,,,Peshitta,PESH
10,2 Samuel,15,15,2 Samuel 15:15,4,ܠܡܠܟܐ,,,,Peshitta,PESH
10,2 Samuel,15,15,2 Samuel 15:15,5,ܟܠܡܕܡ,,,,Peshitta,PESH
10,2 Samuel,15,15,2 Samuel 15:15,6,ܕܨܒܐ,,,,Peshitta,PESH
10,2 Samuel,15,15,2 Samuel 15:15,7,ܐܢܬ,,,,Peshitta,PESH
10,2 Samuel,15,15,2 Samuel 15:15,8,ܡܪܢ,,,,Peshitta,PESH
10,2 Samuel,15,15,2 Samuel 15:15,9,ܡܠܟܐ,,,,Peshitta,PESH
10,2 Samuel,15,15,2 Samuel 15:15,10,ܗܟܢܐ,,,,Peshitta,PESH
10,2 Samuel,15,15,2 Samuel 15:15,11,ܥܒܕܝܢ,,,,Peshitta,PESH
10,2 Samuel,15,15,2 Samuel 15:15,12,ܥܒ̈ܕܝܟ,,,,Peshitta,PESH
10,2 Samuel,15,16,2 Samuel 15:16,1,ܘܢܦܩ,,,,Peshitta,PESH
10,2 Samuel,15,16,2 Samuel 15:16,2,ܡܠܟܐ,,,,Peshitta,PESH
10,2 Samuel,15,16,2 Samuel 15:16,3,ܘܟܠܗܘܢ,,,,Peshitta,PESH
10,2 Samuel,15,16,2 Samuel 15:16,4,ܒܢ̈ܝ,,,,Peshitta,PESH
10,2 Samuel,15,16,2 Samuel 15:16,5,ܒܝܬܗ,,,,Peshitta,PESH
10,2 Samuel,15,16,2 Samuel 15:16,6,ܠܪܓܠܗ,,,,Peshitta,PESH
10,2 Samuel,15,16,2 Samuel 15:16,7,ܘܫܒܩ,,,,Peshitta,PESH
10,2 Samuel,15,16,2 Samuel 15:16,8,ܡܠܟܐ,,,,Peshitta,PESH
10,2 Samuel,15,16,2 Samuel 15:16,9,ܥܣܪ̈,,,,Peshitta,PESH
10,2 Samuel,15,16,2 Samuel 15:16,10,ܢܫ̈ܐ,,,,Peshitta,PESH
10,2 Samuel,15,16,2 Samuel 15:16,11,ܕܪ̈ܘܟܬܐ,,,,Peshitta,PESH
10,2 Samuel,15,16,2 Samuel 15:16,12,ܕܢܛܪ̈ܢ,,,,Peshitta,PESH
10,2 Samuel,15,16,2 Samuel 15:16,13,ܒܝܬܗ,,,,Peshitta,PESH
10,2 Samuel,15,17,2 Samuel 15:17,1,ܘܢܦܩ,,,,Peshitta,PESH
10,2 Samuel,15,17,2 Samuel 15:17,2,ܡܠܟܐ,,,,Peshitta,PESH
10,2 Samuel,15,17,2 Samuel 15:17,3,ܘܟܠܗ,,,,Peshitta,PESH
10,2 Samuel,15,17,2 Samuel 15:17,4,ܥܡܐ,,,,Peshitta,PESH
10,2 Samuel,15,17,2 Samuel 15:17,5,ܠܪܓܠܗ,,,,Peshitta,PESH
10,2 Samuel,15,17,2 Samuel 15:17,6,ܘܩܡܘ,,,,Peshitta,PESH
10,2 Samuel,15,17,2 Samuel 15:17,7,ܒܪܘܚܩܐ,,,,Peshitta,PESH
10,2 Samuel,15,18,2 Samuel 15:18,1,ܘܟܠܗܘܢ,,,,Peshitta,PESH
10,2 Samuel,15,18,2 Samuel 15:18,2,ܥܒ̈ܕܘܗܝ,,,,Peshitta,PESH
10,2 Samuel,15,18,2 Samuel 15:18,3,ܥܒܪܝܢ,,,,Peshitta,PESH
10,2 Samuel,15,18,2 Samuel 15:18,4,ܥܠܘܗܝ,,,,Peshitta,PESH
10,2 Samuel,15,18,2 Samuel 15:18,5,ܘܟܘܠܗܘܢ,,,,Peshitta,PESH
10,2 Samuel,15,18,2 Samuel 15:18,6,ܚܐܪ̈ܘܗܝ,,,,Peshitta,PESH
10,2 Samuel,15,18,2 Samuel 15:18,7,ܘܟܠܗܘܢ,,,,Peshitta,PESH
10,2 Samuel,15,18,2 Samuel 15:18,8,ܦܠܚ̈ܘܗܝ,,,,Peshitta,PESH
10,2 Samuel,15,18,2 Samuel 15:18,9,ܘܟܠܗܘܢ,,,,Peshitta,PESH
10,2 Samuel,15,18,2 Samuel 15:18,10,ܓܬ̈ܝܐ,,,,Peshitta,PESH
10,2 Samuel,15,18,2 Samuel 15:18,11,ܕܐܬܘ,,,,Peshitta,PESH
10,2 Samuel,15,18,2 Samuel 15:18,12,ܠܪܓܠܗ,,,,Peshitta,PESH
10,2 Samuel,15,18,2 Samuel 15:18,13,ܡܢ,,,,Peshitta,PESH
10,2 Samuel,15,18,2 Samuel 15:18,14,ܓܬ,,,,Peshitta,PESH
10,2 Samuel,15,18,2 Samuel 15:18,15,ܥܒܪܝܢ,,,,Peshitta,PESH
10,2 Samuel,15,18,2 Samuel 15:18,16,ܩܕܡ,,,,Peshitta,PESH
10,2 Samuel,15,18,2 Samuel 15:18,17,ܡܠܟܐ,,,,Peshitta,PESH
10,2 Samuel,15,19,2 Samuel 15:19,1,ܐܡܪ,,,,Peshitta,PESH
10,2 Samuel,15,19,2 Samuel 15:19,2,ܠܗ,,,,Peshitta,PESH
10,2 Samuel,15,19,2 Samuel 15:19,3,ܡܠܟܐ,,,,Peshitta,PESH
10,2 Samuel,15,19,2 Samuel 15:19,4,ܠܐܬܝ,,,,Peshitta,PESH
10,2 Samuel,15,19,2 Samuel 15:19,5,ܓܬܝܐ,,,,Peshitta,PESH
10,2 Samuel,15,19,2 Samuel 15:19,6,ܠܡܢܐ,,,,Peshitta,PESH
10,2 Samuel,15,19,2 Samuel 15:19,7,ܐܙܠ,,,,Peshitta,PESH
10,2 Samuel,15,19,2 Samuel 15:19,8,ܐܢܬ,,,,Peshitta,PESH
10,2 Samuel,15,19,2 Samuel 15:19,9,ܐܦ,,,,Peshitta,PESH
10,2 Samuel,15,19,2 Samuel 15:19,10,ܐܢܬ,,,,Peshitta,PESH
10,2 Samuel,15,19,2 Samuel 15:19,11,ܥܡܢ,,,,Peshitta,PESH
10,2 Samuel,15,19,2 Samuel 15:19,12,ܦܘܫ,,,,Peshitta,PESH
10,2 Samuel,15,19,2 Samuel 15:19,13,ܠܟ,,,,Peshitta,PESH
10,2 Samuel,15,19,2 Samuel 15:19,14,ܡܢ,,,,Peshitta,PESH
10,2 Samuel,15,19,2 Samuel 15:19,15,ܡܠܟܐ,,,,Peshitta,PESH
10,2 Samuel,15,19,2 Samuel 15:19,16,ܡܛܠ,,,,Peshitta,PESH
10,2 Samuel,15,19,2 Samuel 15:19,17,ܕܢܘܟܪܝܐ,,,,Peshitta,PESH
10,2 Samuel,15,19,2 Samuel 15:19,18,ܐܢܬ,,,,Peshitta,PESH
10,2 Samuel,15,19,2 Samuel 15:19,19,ܘܐܦ,,,,Peshitta,PESH
10,2 Samuel,15,19,2 Samuel 15:19,20,ܡܓܠܝܘ,,,,Peshitta,PESH
10,2 Samuel,15,19,2 Samuel 15:19,21,ܓܠܝܬ,,,,Peshitta,PESH
10,2 Samuel,15,19,2 Samuel 15:19,22,ܡܢ,,,,Peshitta,PESH
10,2 Samuel,15,19,2 Samuel 15:19,23,ܐܬܪܟ,,,,Peshitta,PESH
10,2 Samuel,15,20,2 Samuel 15:20,1,ܐܬܡܠܝ,,,,Peshitta,PESH
10,2 Samuel,15,20,2 Samuel 15:20,2,ܐܬܝܬ,,,,Peshitta,PESH
10,2 Samuel,15,20,2 Samuel 15:20,3,ܘܝܘܡܢܐ,,,,Peshitta,PESH
10,2 Samuel,15,20,2 Samuel 15:20,4,ܢܙܝܥܟ,,,,Peshitta,PESH
10,2 Samuel,15,20,2 Samuel 15:20,5,ܕܬܐܙܠ,,,,Peshitta,PESH
10,2 Samuel,15,20,2 Samuel 15:20,6,ܥܡܢ,,,,Peshitta,PESH
10,2 Samuel,15,20,2 Samuel 15:20,7,ܘܐܢܐ,,,,Peshitta,PESH
10,2 Samuel,15,20,2 Samuel 15:20,8,ܐܙܠ,,,,Peshitta,PESH
10,2 Samuel,15,20,2 Samuel 15:20,9,ܐܢܐ,,,,Peshitta,PESH
10,2 Samuel,15,20,2 Samuel 15:20,10,ܠܟܪ,,,,Peshitta,PESH
10,2 Samuel,15,20,2 Samuel 15:20,11,ܕܐܙܠ,,,,Peshitta,PESH
10,2 Samuel,15,20,2 Samuel 15:20,12,ܐܢܐ,,,,Peshitta,PESH
10,2 Samuel,15,20,2 Samuel 15:20,13,ܦܘܫ,,,,Peshitta,PESH
10,2 Samuel,15,20,2 Samuel 15:20,14,ܘܐܘܬܒ,,,,Peshitta,PESH
10,2 Samuel,15,20,2 Samuel 15:20,15,ܠܐ̈ܚܝܟ,,,,Peshitta,PESH
10,2 Samuel,15,20,2 Samuel 15:20,16,ܫܦܝܪ,,,,Peshitta,PESH
10,2 Samuel,15,21,2 Samuel 15:21,1,ܘܥܢܐ,,,,Peshitta,PESH
10,2 Samuel,15,21,2 Samuel 15:21,2,ܐܬܝ,,,,Peshitta,PESH
10,2 Samuel,15,21,2 Samuel 15:21,3,ܘܐܡܪ,,,,Peshitta,PESH
10,2 Samuel,15,21,2 Samuel 15:21,4,ܠܡܠܟܐ,,,,Peshitta,PESH
10,2 Samuel,15,21,2 Samuel 15:21,5,ܚܝ,,,,Peshitta,PESH
10,2 Samuel,15,21,2 Samuel 15:21,6,ܗܘ,,,,Peshitta,PESH
10,2 Samuel,15,21,2 Samuel 15:21,7,ܡܪܝܐ,,,,Peshitta,PESH
10,2 Samuel,15,21,2 Samuel 15:21,8,ܘܚܝܐ,,,,Peshitta,PESH
10,2 Samuel,15,21,2 Samuel 15:21,9,ܗܝ,,,,Peshitta,PESH
10,2 Samuel,15,21,2 Samuel 15:21,10,ܢܦܫܟ,,,,Peshitta,PESH
10,2 Samuel,15,21,2 Samuel 15:21,11,ܡܠܟܐ,,,,Peshitta,PESH
10,2 Samuel,15,21,2 Samuel 15:21,12,ܐܠܐ,,,,Peshitta,PESH
10,2 Samuel,15,21,2 Samuel 15:21,13,ܒܐܬܪܐ,,,,Peshitta,PESH
10,2 Samuel,15,21,2 Samuel 15:21,14,ܕܢܗܘܐ,,,,Peshitta,PESH
10,2 Samuel,15,21,2 Samuel 15:21,15,ܡܪܝ,,,,Peshitta,PESH
10,2 Samuel,15,21,2 Samuel 15:21,16,ܡܠܟܐ,,,,Peshitta,PESH
10,2 Samuel,15,21,2 Samuel 15:21,17,ܐܘ,,,,Peshitta,PESH
10,2 Samuel,15,21,2 Samuel 15:21,18,ܠܡܘܬܐ,,,,Peshitta,PESH
10,2 Samuel,15,21,2 Samuel 15:21,19,ܐܘ,,,,Peshitta,PESH
10,2 Samuel,15,21,2 Samuel 15:21,20,ܠܚ̈ܝܐ,,,,Peshitta,PESH
10,2 Samuel,15,21,2 Samuel 15:21,21,ܐܠܐ,,,,Peshitta,PESH
10,2 Samuel,15,21,2 Samuel 15:21,22,ܬܡܢ,,,,Peshitta,PESH
10,2 Samuel,15,21,2 Samuel 15:21,23,ܢܗܘܐ,,,,Peshitta,PESH
10,2 Samuel,15,21,2 Samuel 15:21,24,ܥܒܕܟ,,,,Peshitta,PESH
10,2 Samuel,15,22,2 Samuel 15:22,1,ܘܐܡܪ,,,,Peshitta,PESH
10,2 Samuel,15,22,2 Samuel 15:22,2,ܕܘܝܕ,,,,Peshitta,PESH
10,2 Samuel,15,22,2 Samuel 15:22,3,ܠܐܬܝ,,,,Peshitta,PESH
10,2 Samuel,15,22,2 Samuel 15:22,4,ܥܒܪ,,,,Peshitta,PESH
10,2 Samuel,15,22,2 Samuel 15:22,5,ܙܠ,,,,Peshitta,PESH
10,2 Samuel,15,22,2 Samuel 15:22,6,ܠܟ,,,,Peshitta,PESH
10,2 Samuel,15,22,2 Samuel 15:22,7,ܘܥܒܪ,,,,Peshitta,PESH
10,2 Samuel,15,22,2 Samuel 15:22,8,ܐܬܝ,,,,Peshitta,PESH
10,2 Samuel,15,22,2 Samuel 15:22,9,ܓܬܝܐ,,,,Peshitta,PESH
10,2 Samuel,15,22,2 Samuel 15:22,10,ܘܟܠܗܘܢ,,,,Peshitta,PESH
10,2 Samuel,15,22,2 Samuel 15:22,11,ܐ̈ܢܫܘܗܝ,,,,Peshitta,PESH
10,2 Samuel,15,22,2 Samuel 15:22,12,ܘܟܠܗ̇,,,,Peshitta,PESH
10,2 Samuel,15,22,2 Samuel 15:22,13,ܝܩܪܬܐ,,,,Peshitta,PESH
10,2 Samuel,15,22,2 Samuel 15:22,14,ܕܥܡܗ,,,,Peshitta,PESH
10,2 Samuel,15,23,2 Samuel 15:23,1,ܘܟܠܗ̇,,,,Peshitta,PESH
10,2 Samuel,15,23,2 Samuel 15:23,2,ܐܪܥܐ,,,,Peshitta,PESH
10,2 Samuel,15,23,2 Samuel 15:23,3,ܒܟܝܢ,,,,Peshitta,PESH
10,2 Samuel,15,23,2 Samuel 15:23,4,ܒܟܬܐ,,,,Peshitta,PESH
10,2 Samuel,15,23,2 Samuel 15:23,5,ܪܒܬܐ,,,,Peshitta,PESH
10,2 Samuel,15,23,2 Samuel 15:23,6,ܘܟܠܗ,,,,Peshitta,PESH
10,2 Samuel,15,23,2 Samuel 15:23,7,ܥܡܐ,,,,Peshitta,PESH
10,2 Samuel,15,23,2 Samuel 15:23,8,ܥܒܪܝܢ,,,,Peshitta,PESH
10,2 Samuel,15,23,2 Samuel 15:23,9,ܘܡܠܟܐ,,,,Peshitta,PESH
10,2 Samuel,15,23,2 Samuel 15:23,10,ܥܒܪ,,,,Peshitta,PESH
10,2 Samuel,15,23,2 Samuel 15:23,11,ܒܢܚܠܐ,,,,Peshitta,PESH
10,2 Samuel,15,23,2 Samuel 15:23,12,ܕܩܕܪܘܢ,,,,Peshitta,PESH
10,2 Samuel,15,23,2 Samuel 15:23,13,ܘܟܠܗ,,,,Peshitta,PESH
10,2 Samuel,15,23,2 Samuel 15:23,14,ܥܡܐ,,,,Peshitta,PESH
10,2 Samuel,15,23,2 Samuel 15:23,15,ܥܒܪܝܢ,,,,Peshitta,PESH
10,2 Samuel,15,23,2 Samuel 15:23,16,ܥܠ,,,,Peshitta,PESH
10,2 Samuel,15,23,2 Samuel 15:23,17,ܐ̈ܦܝ,,,,Peshitta,PESH
10,2 Samuel,15,23,2 Samuel 15:23,18,ܐܘܪܚܐ,,,,Peshitta,PESH
10,2 Samuel,15,23,2 Samuel 15:23,19,ܕܡܕܒܪܐ,,,,Peshitta,PESH
10,2 Samuel,15,24,2 Samuel 15:24,1,ܘܗܐ,,,,Peshitta,PESH
10,2 Samuel,15,24,2 Samuel 15:24,2,ܐܦ,,,,Peshitta,PESH
10,2 Samuel,15,24,2 Samuel 15:24,3,ܨܕܘܩ,,,,Peshitta,PESH
10,2 Samuel,15,24,2 Samuel 15:24,4,ܟܗܢܐ,,,,Peshitta,PESH
10,2 Samuel,15,24,2 Samuel 15:24,5,ܘܟܠܗܘܢ,,,,Peshitta,PESH
10,2 Samuel,15,24,2 Samuel 15:24,6,ܠܘ̈ܝܐ,,,,Peshitta,PESH
10,2 Samuel,15,24,2 Samuel 15:24,7,ܕܥܡܗ,,,,Peshitta,PESH
10,2 Samuel,15,24,2 Samuel 15:24,8,ܫܩܝܠܝܢ,,,,Peshitta,PESH
10,2 Samuel,15,24,2 Samuel 15:24,9,ܠܩܒܘܬܐ,,,,Peshitta,PESH
10,2 Samuel,15,24,2 Samuel 15:24,10,ܕܐܠܗܐ,,,,Peshitta,PESH
10,2 Samuel,15,24,2 Samuel 15:24,11,ܘܣܠܩ,,,,Peshitta,PESH
10,2 Samuel,15,24,2 Samuel 15:24,12,ܐܒܝܬܪ,,,,Peshitta,PESH
10,2 Samuel,15,24,2 Samuel 15:24,13,ܥܕܡܐ,,,,Peshitta,PESH
10,2 Samuel,15,24,2 Samuel 15:24,14,ܕܫܠܡ,,,,Peshitta,PESH
10,2 Samuel,15,24,2 Samuel 15:24,15,ܟܠܗ,,,,Peshitta,PESH
10,2 Samuel,15,24,2 Samuel 15:24,16,ܥܡܐ,,,,Peshitta,PESH
10,2 Samuel,15,24,2 Samuel 15:24,17,ܠܡܥܒܪ,,,,Peshitta,PESH
10,2 Samuel,15,24,2 Samuel 15:24,18,ܡܢ,,,,Peshitta,PESH
10,2 Samuel,15,24,2 Samuel 15:24,19,ܩܪܝܬܐ,,,,Peshitta,PESH
10,2 Samuel,15,25,2 Samuel 15:25,1,ܘܐܡܪ,,,,Peshitta,PESH
10,2 Samuel,15,25,2 Samuel 15:25,2,ܡܠܟܐ,,,,Peshitta,PESH
10,2 Samuel,15,25,2 Samuel 15:25,3,ܠܨܕܘܩ,,,,Peshitta,PESH
10,2 Samuel,15,25,2 Samuel 15:25,4,ܐܗܦܟܝܗ̇,,,,Peshitta,PESH
10,2 Samuel,15,25,2 Samuel 15:25,5,ܠܩܒܘܬܗ,,,,Peshitta,PESH
10,2 Samuel,15,25,2 Samuel 15:25,6,ܕܐܠܗܐ,,,,Peshitta,PESH
10,2 Samuel,15,25,2 Samuel 15:25,7,ܠܩܪܝܬܐ,,,,Peshitta,PESH
10,2 Samuel,15,25,2 Samuel 15:25,8,ܛܟ,,,,Peshitta,PESH
10,2 Samuel,15,25,2 Samuel 15:25,9,ܐܫܟܚ,,,,Peshitta,PESH
10,2 Samuel,15,25,2 Samuel 15:25,10,ܪ̈ܚܡܐ,,,,Peshitta,PESH
10,2 Samuel,15,25,2 Samuel 15:25,11,ܒܥܝܢ̈ܝ,,,,Peshitta,PESH
10,2 Samuel,15,25,2 Samuel 15:25,12,ܡܪܝܐ,,,,Peshitta,PESH
10,2 Samuel,15,25,2 Samuel 15:25,13,ܘܢܗܦܟܢܝ,,,,Peshitta,PESH
10,2 Samuel,15,25,2 Samuel 15:25,14,ܘܢܚܘܝܢܝ,,,,Peshitta,PESH
10,2 Samuel,15,25,2 Samuel 15:25,15,ܠܗ̇,,,,Peshitta,PESH
10,2 Samuel,15,25,2 Samuel 15:25,16,ܘܠܕܝܪܗ̇,,,,Peshitta,PESH
10,2 Samuel,15,26,2 Samuel 15:26,1,ܘܐܢ,,,,Peshitta,PESH
10,2 Samuel,15,26,2 Samuel 15:26,2,ܗܟܢܐ,,,,Peshitta,PESH
10,2 Samuel,15,26,2 Samuel 15:26,3,ܢܐܡܪ,,,,Peshitta,PESH
10,2 Samuel,15,26,2 Samuel 15:26,4,ܠܐ,,,,Peshitta,PESH
10,2 Samuel,15,26,2 Samuel 15:26,5,ܨܒܐ,,,,Peshitta,PESH
10,2 Samuel,15,26,2 Samuel 15:26,6,ܐܢܐ,,,,Peshitta,PESH
10,2 Samuel,15,26,2 Samuel 15:26,7,ܒܟ,,,,Peshitta,PESH
10,2 Samuel,15,26,2 Samuel 15:26,8,ܗܐ,,,,Peshitta,PESH
10,2 Samuel,15,26,2 Samuel 15:26,9,ܩܐܡ,,,,Peshitta,PESH
10,2 Samuel,15,26,2 Samuel 15:26,10,ܐܢܐ,,,,Peshitta,PESH
10,2 Samuel,15,26,2 Samuel 15:26,11,ܢܥܒܕ,,,,Peshitta,PESH
10,2 Samuel,15,26,2 Samuel 15:26,12,ܠܝ,,,,Peshitta,PESH
10,2 Samuel,15,26,2 Samuel 15:26,13,ܐܝܟ,,,,Peshitta,PESH
10,2 Samuel,15,26,2 Samuel 15:26,14,ܕܫܦܝܪ,,,,Peshitta,PESH
10,2 Samuel,15,26,2 Samuel 15:26,15,ܒܥܝܢ̈ܘܗܝ,,,,Peshitta,PESH
10,2 Samuel,15,27,2 Samuel 15:27,1,ܘܐܡܪ,,,,Peshitta,PESH
10,2 Samuel,15,27,2 Samuel 15:27,2,ܡܠܟܐ,,,,Peshitta,PESH
10,2 Samuel,15,27,2 Samuel 15:27,3,ܠܨܕܘܩ,,,,Peshitta,PESH
10,2 Samuel,15,27,2 Samuel 15:27,4,ܟܗܢܐ,,,,Peshitta,PESH
10,2 Samuel,15,27,2 Samuel 15:27,5,ܗܦܘܟ,,,,Peshitta,PESH
10,2 Samuel,15,27,2 Samuel 15:27,6,ܙܠ,,,,Peshitta,PESH
10,2 Samuel,15,27,2 Samuel 15:27,7,ܠܩܪܝܬܐ,,,,Peshitta,PESH
10,2 Samuel,15,27,2 Samuel 15:27,8,ܒܫܠܡܐ,,,,Peshitta,PESH
10,2 Samuel,15,27,2 Samuel 15:27,9,ܐܢܬ,,,,Peshitta,PESH
10,2 Samuel,15,27,2 Samuel 15:27,10,ܘܐܚܝܡܥܨ,,,,Peshitta,PESH
10,2 Samuel,15,27,2 Samuel 15:27,11,ܒܪܟ,,,,Peshitta,PESH
10,2 Samuel,15,27,2 Samuel 15:27,12,ܘܢܬܢ,,,,Peshitta,PESH
10,2 Samuel,15,27,2 Samuel 15:27,13,ܒܪ,,,,Peshitta,PESH
10,2 Samuel,15,27,2 Samuel 15:27,14,ܐܒܝܬܪ,,,,Peshitta,PESH
10,2 Samuel,15,27,2 Samuel 15:27,15,ܬܪ̈ܝܗܘܢ,,,,Peshitta,PESH
10,2 Samuel,15,27,2 Samuel 15:27,16,ܒܢܝ̈ܟܘܢ,,,,Peshitta,PESH
10,2 Samuel,15,27,2 Samuel 15:27,17,ܥܡܟܘܢ,,,,Peshitta,PESH
10,2 Samuel,15,28,2 Samuel 15:28,1,ܘܚܙܘ,,,,Peshitta,PESH
10,2 Samuel,15,28,2 Samuel 15:28,2,ܗܐ,,,,Peshitta,PESH
10,2 Samuel,15,28,2 Samuel 15:28,3,ܐܢܐ,,,,Peshitta,PESH
10,2 Samuel,15,28,2 Samuel 15:28,4,ܡܫܬܘܚܪ,,,,Peshitta,PESH
10,2 Samuel,15,28,2 Samuel 15:28,5,ܐܢܐ,,,,Peshitta,PESH
10,2 Samuel,15,28,2 Samuel 15:28,6,ܒܦܩܥܬܐ,,,,Peshitta,PESH
10,2 Samuel,15,28,2 Samuel 15:28,7,ܕܡܕܒܪܐ,,,,Peshitta,PESH
10,2 Samuel,15,28,2 Samuel 15:28,8,ܥܕܡܐ,,,,Peshitta,PESH
10,2 Samuel,15,28,2 Samuel 15:28,9,ܕܐܬܐ,,,,Peshitta,PESH
10,2 Samuel,15,28,2 Samuel 15:28,10,ܐܢܫ,,,,Peshitta,PESH
10,2 Samuel,15,28,2 Samuel 15:28,11,ܡܢ,,,,Peshitta,PESH
10,2 Samuel,15,28,2 Samuel 15:28,12,ܠܘܬܟܘܢ,,,,Peshitta,PESH
10,2 Samuel,15,28,2 Samuel 15:28,13,ܘܡܚܘܐ,,,,Peshitta,PESH
10,2 Samuel,15,28,2 Samuel 15:28,14,ܠܝ,,,,Peshitta,PESH
10,2 Samuel,15,29,2 Samuel 15:29,1,ܘܐܗܦܟܘ,,,,Peshitta,PESH
10,2 Samuel,15,29,2 Samuel 15:29,2,ܨܕܘܩ,,,,Peshitta,PESH
10,2 Samuel,15,29,2 Samuel 15:29,3,ܘܐܒܝܬܪ,,,,Peshitta,PESH
10,2 Samuel,15,29,2 Samuel 15:29,4,ܟܗ̈ܢܐ,,,,Peshitta,PESH
10,2 Samuel,15,29,2 Samuel 15:29,5,ܠܐܪܘܢܐ,,,,Peshitta,PESH
10,2 Samuel,15,29,2 Samuel 15:29,6,ܕܐܠܗܐ,,,,Peshitta,PESH
10,2 Samuel,15,29,2 Samuel 15:29,7,ܠܐܘܪܫܠܡ,,,,Peshitta,PESH
10,2 Samuel,15,29,2 Samuel 15:29,8,ܘܝܬܒܘ,,,,Peshitta,PESH
10,2 Samuel,15,29,2 Samuel 15:29,9,ܬܡܢ,,,,Peshitta,PESH
10,2 Samuel,15,30,2 Samuel 15:30,1,ܘܕܘܝܕ,,,,Peshitta,PESH
10,2 Samuel,15,30,2 Samuel 15:30,2,ܣ̇ܠܩ,,,,Peshitta,PESH
10,2 Samuel,15,30,2 Samuel 15:30,3,ܒܡܣܩܢܐ,,,,Peshitta,PESH
10,2 Samuel,15,30,2 Samuel 15:30,4,ܕܙܝ̈ܬܐ,,,,Peshitta,PESH
10,2 Samuel,15,30,2 Samuel 15:30,5,ܒܟ̇ܐ,,,,Peshitta,PESH
10,2 Samuel,15,30,2 Samuel 15:30,6,ܘܣ̇ܠܩ,,,,Peshitta,PESH
10,2 Samuel,15,30,2 Samuel 15:30,7,ܘܡܗܠܟ,,,,Peshitta,PESH
10,2 Samuel,15,30,2 Samuel 15:30,8,ܘܪܝܫܗ,,,,Peshitta,PESH
10,2 Samuel,15,30,2 Samuel 15:30,9,ܡܚܦܝ,,,,Peshitta,PESH
10,2 Samuel,15,30,2 Samuel 15:30,10,ܘܟܠܗ,,,,Peshitta,PESH
10,2 Samuel,15,30,2 Samuel 15:30,11,ܥܡܐ,,,,Peshitta,PESH
10,2 Samuel,15,30,2 Samuel 15:30,12,ܕܥܡܗ,,,,Peshitta,PESH
10,2 Samuel,15,30,2 Samuel 15:30,13,ܡܚܦܝܢ,,,,Peshitta,PESH
10,2 Samuel,15,30,2 Samuel 15:30,14,ܪ̈ܝܫܝܗܘܢ,,,,Peshitta,PESH
10,2 Samuel,15,30,2 Samuel 15:30,15,ܘܒܟܝܢ,,,,Peshitta,PESH
10,2 Samuel,15,30,2 Samuel 15:30,16,ܘܣܠܩܝܢ,,,,Peshitta,PESH
10,2 Samuel,15,31,2 Samuel 15:31,1,ܘܚܘܝܘܗܝ,,,,Peshitta,PESH
10,2 Samuel,15,31,2 Samuel 15:31,2,ܠܕܘܝܕ,,,,Peshitta,PESH
10,2 Samuel,15,31,2 Samuel 15:31,3,ܘܐܡܪܘ,,,,Peshitta,PESH
10,2 Samuel,15,31,2 Samuel 15:31,4,ܠܗ,,,,Peshitta,PESH
10,2 Samuel,15,31,2 Samuel 15:31,5,ܕܡܪܕ,,,,Peshitta,PESH
10,2 Samuel,15,31,2 Samuel 15:31,6,ܠܗ,,,,Peshitta,PESH
10,2 Samuel,15,31,2 Samuel 15:31,7,ܐܚܝܬܘܦܝܠ,,,,Peshitta,PESH
10,2 Samuel,15,31,2 Samuel 15:31,8,ܥܡ,,,,Peshitta,PESH
10,2 Samuel,15,31,2 Samuel 15:31,9,ܐܒܫܠܘܡ,,,,Peshitta,PESH
10,2 Samuel,15,31,2 Samuel 15:31,10,ܘܐܡܪ,,,,Peshitta,PESH
10,2 Samuel,15,31,2 Samuel 15:31,11,ܕܘܝܕ,,,,Peshitta,PESH
10,2 Samuel,15,31,2 Samuel 15:31,12,ܡܪܝܐ,,,,Peshitta,PESH
10,2 Samuel,15,31,2 Samuel 15:31,13,ܢܒܛܠܝܗ̇,,,,Peshitta,PESH
10,2 Samuel,15,31,2 Samuel 15:31,14,ܬܪܥܝܬܗ,,,,Peshitta,PESH
10,2 Samuel,15,31,2 Samuel 15:31,15,ܕܐܚܝܬܘܦܝܠ,,,,Peshitta,PESH
10,2 Samuel,15,32,2 Samuel 15:32,1,ܘܕܘܝܕ,,,,Peshitta,PESH
10,2 Samuel,15,32,2 Samuel 15:32,2,ܡܛܐ,,,,Peshitta,PESH
10,2 Samuel,15,32,2 Samuel 15:32,3,ܠܕܘܟܬܐ,,,,Peshitta,PESH
10,2 Samuel,15,32,2 Samuel 15:32,4,ܚܕܐ,,,,Peshitta,PESH
10,2 Samuel,15,32,2 Samuel 15:32,5,ܐܬܪ,,,,Peshitta,PESH
10,2 Samuel,15,32,2 Samuel 15:32,6,ܕܣܓܕ,,,,Peshitta,PESH
10,2 Samuel,15,32,2 Samuel 15:32,7,ܗܘܐ,,,,Peshitta,PESH
10,2 Samuel,15,32,2 Samuel 15:32,8,ܠܐܠܗܐ,,,,Peshitta,PESH
10,2 Samuel,15,32,2 Samuel 15:32,9,ܘܐܬܐ,,,,Peshitta,PESH
10,2 Samuel,15,32,2 Samuel 15:32,10,ܠܘܬܗ,,,,Peshitta,PESH
10,2 Samuel,15,32,2 Samuel 15:32,11,ܚܘܫܝ,,,,Peshitta,PESH
10,2 Samuel,15,32,2 Samuel 15:32,12,ܐܪܟܝܐ,,,,Peshitta,PESH
10,2 Samuel,15,32,2 Samuel 15:32,13,ܨܪܝܐ,,,,Peshitta,PESH
10,2 Samuel,15,32,2 Samuel 15:32,14,ܟܘܬܝܢܗ,,,,Peshitta,PESH
10,2 Samuel,15,32,2 Samuel 15:32,15,ܘܥܦܪܐ,,,,Peshitta,PESH
10,2 Samuel,15,32,2 Samuel 15:32,16,ܪܡܐ,,,,Peshitta,PESH
10,2 Samuel,15,32,2 Samuel 15:32,17,ܒܪܝܫܗ,,,,Peshitta,PESH
10,2 Samuel,15,33,2 Samuel 15:33,1,ܐܡܪ,,,,Peshitta,PESH
10,2 Samuel,15,33,2 Samuel 15:33,2,ܠܗ,,,,Peshitta,PESH
10,2 Samuel,15,33,2 Samuel 15:33,3,ܕܘܝܕ,,,,Peshitta,PESH
10,2 Samuel,15,33,2 Samuel 15:33,4,ܐܢ,,,,Peshitta,PESH
10,2 Samuel,15,33,2 Samuel 15:33,5,ܥܒܪ,,,,Peshitta,PESH
10,2 Samuel,15,33,2 Samuel 15:33,6,ܐܢܬ,,,,Peshitta,PESH
10,2 Samuel,15,33,2 Samuel 15:33,7,ܥܡܝ,,,,Peshitta,PESH
10,2 Samuel,15,33,2 Samuel 15:33,8,ܗܘܐ,,,,Peshitta,PESH
10,2 Samuel,15,33,2 Samuel 15:33,9,ܐܢܬ,,,,Peshitta,PESH
10,2 Samuel,15,33,2 Samuel 15:33,10,ܠܝ,,,,Peshitta,PESH
10,2 Samuel,15,33,2 Samuel 15:33,11,ܛܥܢܐ,,,,Peshitta,PESH
10,2 Samuel,15,34,2 Samuel 15:34,1,ܐܠܐ,,,,Peshitta,PESH
10,2 Samuel,15,34,2 Samuel 15:34,2,ܗܦܘܟ,,,,Peshitta,PESH
10,2 Samuel,15,34,2 Samuel 15:34,3,ܠܩܪܝܬܐ,,,,Peshitta,PESH
10,2 Samuel,15,34,2 Samuel 15:34,4,ܘܐܡܪ,,,,Peshitta,PESH
10,2 Samuel,15,34,2 Samuel 15:34,5,ܠܐܒܫܠܘܡ,,,,Peshitta,PESH
10,2 Samuel,15,34,2 Samuel 15:34,6,ܥܒܕܟ,,,,Peshitta,PESH
10,2 Samuel,15,34,2 Samuel 15:34,7,ܐܢܐ,,,,Peshitta,PESH
10,2 Samuel,15,34,2 Samuel 15:34,8,ܡܠܟܐ,,,,Peshitta,PESH
10,2 Samuel,15,34,2 Samuel 15:34,9,ܘܥܒܕܗ,,,,Peshitta,PESH
10,2 Samuel,15,34,2 Samuel 15:34,10,ܕܐܒܘܟ,,,,Peshitta,PESH
10,2 Samuel,15,34,2 Samuel 15:34,11,ܡܢ,,,,Peshitta,PESH
10,2 Samuel,15,34,2 Samuel 15:34,12,ܩܕܝܡ,,,,Peshitta,PESH
10,2 Samuel,15,34,2 Samuel 15:34,13,ܘܗܫܐ,,,,Peshitta,PESH
10,2 Samuel,15,34,2 Samuel 15:34,14,ܐܢܐ,,,,Peshitta,PESH
10,2 Samuel,15,34,2 Samuel 15:34,15,ܡܠܟܐ,,,,Peshitta,PESH
10,2 Samuel,15,34,2 Samuel 15:34,16,ܒܥܐ,,,,Peshitta,PESH
10,2 Samuel,15,34,2 Samuel 15:34,17,ܐܢܐ,,,,Peshitta,PESH
10,2 Samuel,15,34,2 Samuel 15:34,18,ܡܢܟ,,,,Peshitta,PESH
10,2 Samuel,15,34,2 Samuel 15:34,19,ܙܠ,,,,Peshitta,PESH
10,2 Samuel,15,34,2 Samuel 15:34,20,ܒܛܠ,,,,Peshitta,PESH
10,2 Samuel,15,34,2 Samuel 15:34,21,ܬܪܥܝܬܗ,,,,Peshitta,PESH
10,2 Samuel,15,34,2 Samuel 15:34,22,ܕܐܚܝܬܘܦܝܠ,,,,Peshitta,PESH
10,2 Samuel,15,35,2 Samuel 15:35,1,ܗܐ,,,,Peshitta,PESH
10,2 Samuel,15,35,2 Samuel 15:35,2,ܐܝܬ,,,,Peshitta,PESH
10,2 Samuel,15,35,2 Samuel 15:35,3,ܬܡܢ,,,,Peshitta,PESH
10,2 Samuel,15,35,2 Samuel 15:35,4,ܠܘܬܟ,,,,Peshitta,PESH
10,2 Samuel,15,35,2 Samuel 15:35,5,ܨܕܘܩ,,,,Peshitta,PESH
10,2 Samuel,15,35,2 Samuel 15:35,6,ܘܐܒܝܬܪ,,,,Peshitta,PESH
10,2 Samuel,15,35,2 Samuel 15:35,7,ܟܗ̈ܢܐ,,,,Peshitta,PESH
10,2 Samuel,15,35,2 Samuel 15:35,8,ܟܠ,,,,Peshitta,PESH
10,2 Samuel,15,35,2 Samuel 15:35,9,ܡܠܬܐ,,,,Peshitta,PESH
10,2 Samuel,15,35,2 Samuel 15:35,10,ܕܫܡܥ,,,,Peshitta,PESH
10,2 Samuel,15,35,2 Samuel 15:35,11,ܐܢܬ,,,,Peshitta,PESH
10,2 Samuel,15,35,2 Samuel 15:35,12,ܡܢ,,,,Peshitta,PESH
10,2 Samuel,15,35,2 Samuel 15:35,13,ܒܝܬ,,,,Peshitta,PESH
10,2 Samuel,15,35,2 Samuel 15:35,14,ܡܠܟܐ,,,,Peshitta,PESH
10,2 Samuel,15,35,2 Samuel 15:35,15,ܚܘܐ,,,,Peshitta,PESH
10,2 Samuel,15,35,2 Samuel 15:35,16,ܠܨܕܘܩ,,,,Peshitta,PESH
10,2 Samuel,15,35,2 Samuel 15:35,17,ܘܠܐܒܝܬܪ,,,,Peshitta,PESH
10,2 Samuel,15,35,2 Samuel 15:35,18,ܟܗ̈ܢܐ,,,,Peshitta,PESH
10,2 Samuel,15,36,2 Samuel 15:36,1,ܗܐ,,,,Peshitta,PESH
10,2 Samuel,15,36,2 Samuel 15:36,2,ܐܝܬ,,,,Peshitta,PESH
10,2 Samuel,15,36,2 Samuel 15:36,3,ܬܡܢ,,,,Peshitta,PESH
10,2 Samuel,15,36,2 Samuel 15:36,4,ܬܪ̈ܝܢ,,,,Peshitta,PESH
10,2 Samuel,15,36,2 Samuel 15:36,5,ܒܢ̈ܝܗܘܢ,,,,Peshitta,PESH
10,2 Samuel,15,36,2 Samuel 15:36,6,ܐܚܝܡܥܨ,,,,Peshitta,PESH
10,2 Samuel,15,36,2 Samuel 15:36,7,ܒܪܗ,,,,Peshitta,PESH
10,2 Samuel,15,36,2 Samuel 15:36,8,ܕܨܕܘܩ,,,,Peshitta,PESH
10,2 Samuel,15,36,2 Samuel 15:36,9,ܘܢܬܢ,,,,Peshitta,PESH
10,2 Samuel,15,36,2 Samuel 15:36,10,ܒܪ,,,,Peshitta,PESH
10,2 Samuel,15,36,2 Samuel 15:36,11,ܐܒܝܬܪ,,,,Peshitta,PESH
10,2 Samuel,15,36,2 Samuel 15:36,12,ܫܠܘܚܘ,,,,Peshitta,PESH
10,2 Samuel,15,36,2 Samuel 15:36,13,ܠܝ,,,,Peshitta,PESH
10,2 Samuel,15,36,2 Samuel 15:36,14,ܒܐ̈ܝܕܝܗܘܢ,,,,Peshitta,PESH
10,2 Samuel,15,36,2 Samuel 15:36,15,ܟܘܠ,,,,Peshitta,PESH
10,2 Samuel,15,36,2 Samuel 15:36,16,ܡܕܡ,,,,Peshitta,PESH
10,2 Samuel,15,36,2 Samuel 15:36,17,ܕܫܡܥܝܢ,,,,Peshitta,PESH
10,2 Samuel,15,36,2 Samuel 15:36,18,ܐܢܬܘܢ,,,,Peshitta,PESH
10,2 Samuel,15,37,2 Samuel 15:37,1,ܘܐܙܠ,,,,Peshitta,PESH
10,2 Samuel,15,37,2 Samuel 15:37,2,ܚܘܫܝ,,,,Peshitta,PESH
10,2 Samuel,15,37,2 Samuel 15:37,3,ܪܚܡܗ,,,,Peshitta,PESH
10,2 Samuel,15,37,2 Samuel 15:37,4,ܕܕܘܝܕ,,,,Peshitta,PESH
10,2 Samuel,15,37,2 Samuel 15:37,5,ܠܩܪܝܬܐ,,,,Peshitta,PESH
10,2 Samuel,15,37,2 Samuel 15:37,6,ܘܐܒܫܠܘܡ,,,,Peshitta,PESH
10,2 Samuel,15,37,2 Samuel 15:37,7,ܥܠ,,,,Peshitta,PESH
10,2 Samuel,15,37,2 Samuel 15:37,8,ܠܐܘܪܫܠܡ,,,,Peshitta,PESH
10,2 Samuel,16,1,2 Samuel 16:1,1,ܘܕܘܝܕ,,,,Peshitta,PESH
10,2 Samuel,16,1,2 Samuel 16:1,2,ܦܪܩ,,,,Peshitta,PESH
10,2 Samuel,16,1,2 Samuel 16:1,3,ܩܠܝܠ,,,,Peshitta,PESH
10,2 Samuel,16,1,2 Samuel 16:1,4,ܡܢ,,,,Peshitta,PESH
10,2 Samuel,16,1,2 Samuel 16:1,5,ܕܘܟܬܐ,,,,Peshitta,PESH
10,2 Samuel,16,1,2 Samuel 16:1,6,ܐܬܪ,,,,Peshitta,PESH
10,2 Samuel,16,1,2 Samuel 16:1,7,ܕܣܓܕ,,,,Peshitta,PESH
10,2 Samuel,16,1,2 Samuel 16:1,8,ܗܘܐ,,,,Peshitta,PESH
10,2 Samuel,16,1,2 Samuel 16:1,9,ܘܨܝܒܐ,,,,Peshitta,PESH
10,2 Samuel,16,1,2 Samuel 16:1,10,ܛܠܝܗ,,,,Peshitta,PESH
10,2 Samuel,16,1,2 Samuel 16:1,11,ܕܡܦܝܒܫܬ,,,,Peshitta,PESH
10,2 Samuel,16,1,2 Samuel 16:1,12,ܐܬܐ,,,,Peshitta,PESH
10,2 Samuel,16,1,2 Samuel 16:1,13,ܠܐܘܪܥܗ,,,,Peshitta,PESH
10,2 Samuel,16,1,2 Samuel 16:1,14,ܘܐܝܬܝ,,,,Peshitta,PESH
10,2 Samuel,16,1,2 Samuel 16:1,15,ܥܡܗ,,,,Peshitta,PESH
10,2 Samuel,16,1,2 Samuel 16:1,16,ܬܪ̈ܝܢ,,,,Peshitta,PESH
10,2 Samuel,16,1,2 Samuel 16:1,17,ܚܡܪ̈ܝܢ,,,,Peshitta,PESH
10,2 Samuel,16,1,2 Samuel 16:1,18,ܟܕ,,,,Peshitta,PESH
10,2 Samuel,16,1,2 Samuel 16:1,19,ܛܥܝܢ̈ܝܢ,,,,Peshitta,PESH
10,2 Samuel,16,1,2 Samuel 16:1,20,ܘܐܝܬ,,,,Peshitta,PESH
10,2 Samuel,16,1,2 Samuel 16:1,21,ܥܠܝܗܘܢ,,,,Peshitta,PESH
10,2 Samuel,16,1,2 Samuel 16:1,22,ܡܐܬ̈ܝܢ,,,,Peshitta,PESH
10,2 Samuel,16,1,2 Samuel 16:1,23,ܓܪ̈ܝܨܢ,,,,Peshitta,PESH
10,2 Samuel,16,1,2 Samuel 16:1,24,ܘܡܐܐ,,,,Peshitta,PESH
10,2 Samuel,16,1,2 Samuel 16:1,25,ܕܒ̈ܠܝܢ,,,,Peshitta,PESH
10,2 Samuel,16,1,2 Samuel 16:1,26,ܘܡܐܐ,,,,Peshitta,PESH
10,2 Samuel,16,1,2 Samuel 16:1,27,ܓܘܒܢ̈ܝܢ,,,,Peshitta,PESH
10,2 Samuel,16,1,2 Samuel 16:1,28,ܘܙܩܐ,,,,Peshitta,PESH
10,2 Samuel,16,1,2 Samuel 16:1,29,ܕܚܡܪܐ,,,,Peshitta,PESH
10,2 Samuel,16,2,2 Samuel 16:2,1,ܐܡܪ,,,,Peshitta,PESH
10,2 Samuel,16,2,2 Samuel 16:2,2,ܠܗ,,,,Peshitta,PESH
10,2 Samuel,16,2,2 Samuel 16:2,3,ܡܠܟܐ,,,,Peshitta,PESH
10,2 Samuel,16,2,2 Samuel 16:2,4,ܠܨܝܒܐ,,,,Peshitta,PESH
10,2 Samuel,16,2,2 Samuel 16:2,5,ܗܠܝܢ,,,,Peshitta,PESH
10,2 Samuel,16,2,2 Samuel 16:2,6,ܡܢ,,,,Peshitta,PESH
10,2 Samuel,16,2,2 Samuel 16:2,7,ܐܝܡܟܐ,,,,Peshitta,PESH
10,2 Samuel,16,2,2 Samuel 16:2,8,ܠܟ,,,,Peshitta,PESH
10,2 Samuel,16,2,2 Samuel 16:2,9,ܐܡܪ,,,,Peshitta,PESH
10,2 Samuel,16,2,2 Samuel 16:2,10,ܠܗ,,,,Peshitta,PESH
10,2 Samuel,16,2,2 Samuel 16:2,11,ܨܝܒܐ,,,,Peshitta,PESH
10,2 Samuel,16,2,2 Samuel 16:2,12,ܚܡܪ̈ܐ,,,,Peshitta,PESH
10,2 Samuel,16,2,2 Samuel 16:2,13,ܕܢܫܩܠܘܢ,,,,Peshitta,PESH
10,2 Samuel,16,2,2 Samuel 16:2,14,ܛܥܘܢܬܐ,,,,Peshitta,PESH
10,2 Samuel,16,2,2 Samuel 16:2,15,ܕܒܝܬ,,,,Peshitta,PESH
10,2 Samuel,16,2,2 Samuel 16:2,16,ܡܠܟܐ,,,,Peshitta,PESH
10,2 Samuel,16,2,2 Samuel 16:2,17,ܘܠܚܡܐ,,,,Peshitta,PESH
10,2 Samuel,16,2,2 Samuel 16:2,18,ܘܓܘܒ̈ܢܐ,,,,Peshitta,PESH
10,2 Samuel,16,2,2 Samuel 16:2,19,ܕܢܐܟܠܘܢ,,,,Peshitta,PESH
10,2 Samuel,16,2,2 Samuel 16:2,20,ܛ̈ܠܝܐ,,,,Peshitta,PESH
10,2 Samuel,16,2,2 Samuel 16:2,21,ܘܚܡܪܐ,,,,Peshitta,PESH
10,2 Samuel,16,2,2 Samuel 16:2,22,ܕܢܫܬܘܢ,,,,Peshitta,PESH
10,2 Samuel,16,2,2 Samuel 16:2,23,ܐܝܠܝܢ,,,,Peshitta,PESH
10,2 Samuel,16,2,2 Samuel 16:2,24,ܕܡܛܪܦܝܢ,,,,Peshitta,PESH
10,2 Samuel,16,2,2 Samuel 16:2,25,ܒܡܕܒܪܐ,,,,Peshitta,PESH
10,2 Samuel,16,3,2 Samuel 16:3,1,ܘܐܡܪ,,,,Peshitta,PESH
10,2 Samuel,16,3,2 Samuel 16:3,2,ܠܗ,,,,Peshitta,PESH
10,2 Samuel,16,3,2 Samuel 16:3,3,ܡܠܟܐ,,,,Peshitta,PESH
10,2 Samuel,16,3,2 Samuel 16:3,4,ܐܝܟܘ,,,,Peshitta,PESH
10,2 Samuel,16,3,2 Samuel 16:3,5,ܒܪ,,,,Peshitta,PESH
10,2 Samuel,16,3,2 Samuel 16:3,6,ܡܪ̈ܝܟ,,,,Peshitta,PESH
10,2 Samuel,16,3,2 Samuel 16:3,7,ܐܡܪ,,,,Peshitta,PESH
10,2 Samuel,16,3,2 Samuel 16:3,8,ܠܗ,,,,Peshitta,PESH
10,2 Samuel,16,3,2 Samuel 16:3,9,ܨܝܒܐ,,,,Peshitta,PESH
10,2 Samuel,16,3,2 Samuel 16:3,10,ܗܐ,,,,Peshitta,PESH
10,2 Samuel,16,3,2 Samuel 16:3,11,ܝܬ̇ܒ,,,,Peshitta,PESH
10,2 Samuel,16,3,2 Samuel 16:3,12,ܒܐܘܪܫܠܡ,,,,Peshitta,PESH
10,2 Samuel,16,3,2 Samuel 16:3,13,ܘܐܡܪ,,,,Peshitta,PESH
10,2 Samuel,16,3,2 Samuel 16:3,14,ܢܦܢܘܢ,,,,Peshitta,PESH
10,2 Samuel,16,3,2 Samuel 16:3,15,ܠܝ,,,,Peshitta,PESH
10,2 Samuel,16,3,2 Samuel 16:3,16,ܒܢܝ̈,,,,Peshitta,PESH
10,2 Samuel,16,3,2 Samuel 16:3,17,ܐܝܣܪܝܠ,,,,Peshitta,PESH
10,2 Samuel,16,3,2 Samuel 16:3,18,ܡܠܟܘܬܗ,,,,Peshitta,PESH
10,2 Samuel,16,3,2 Samuel 16:3,19,ܕܫܐܘܠ,,,,Peshitta,PESH
10,2 Samuel,16,3,2 Samuel 16:3,20,ܐܒܝ,,,,Peshitta,PESH
10,2 Samuel,16,4,2 Samuel 16:4,1,ܐܡܪ,,,,Peshitta,PESH
10,2 Samuel,16,4,2 Samuel 16:4,2,ܠܗ,,,,Peshitta,PESH
10,2 Samuel,16,4,2 Samuel 16:4,3,ܕܘܝܕ,,,,Peshitta,PESH
10,2 Samuel,16,4,2 Samuel 16:4,4,ܠܨܝܒܐ,,,,Peshitta,PESH
10,2 Samuel,16,4,2 Samuel 16:4,5,ܝܗܝܒ,,,,Peshitta,PESH
10,2 Samuel,16,4,2 Samuel 16:4,6,ܠܟ,,,,Peshitta,PESH
10,2 Samuel,16,4,2 Samuel 16:4,7,ܟܠܡܕܡ,,,,Peshitta,PESH
10,2 Samuel,16,4,2 Samuel 16:4,8,ܕܐܝܬ,,,,Peshitta,PESH
10,2 Samuel,16,4,2 Samuel 16:4,9,ܠܡܦܝܒܫܬ,,,,Peshitta,PESH
10,2 Samuel,16,4,2 Samuel 16:4,10,ܘܐܡܪ,,,,Peshitta,PESH
10,2 Samuel,16,4,2 Samuel 16:4,11,ܨܝܒܐ,,,,Peshitta,PESH
10,2 Samuel,16,4,2 Samuel 16:4,12,ܣܓܝ,,,,Peshitta,PESH
10,2 Samuel,16,4,2 Samuel 16:4,13,ܐܝܬ,,,,Peshitta,PESH
10,2 Samuel,16,4,2 Samuel 16:4,14,ܠܝ,,,,Peshitta,PESH
10,2 Samuel,16,4,2 Samuel 16:4,15,ܘܐܢܐ,,,,Peshitta,PESH
10,2 Samuel,16,4,2 Samuel 16:4,16,ܐܫܟܚܬ,,,,Peshitta,PESH
10,2 Samuel,16,4,2 Samuel 16:4,17,ܪ̈ܚܡܐ,,,,Peshitta,PESH
10,2 Samuel,16,4,2 Samuel 16:4,18,ܒܥܝܢ̈ܝܟ,,,,Peshitta,PESH
10,2 Samuel,16,4,2 Samuel 16:4,19,ܡܪܝ,,,,Peshitta,PESH
10,2 Samuel,16,4,2 Samuel 16:4,20,ܡܠܟܐ,,,,Peshitta,PESH
10,2 Samuel,16,5,2 Samuel 16:5,1,ܘܐܬܐ,,,,Peshitta,PESH
10,2 Samuel,16,5,2 Samuel 16:5,2,ܡܠܟܐ,,,,Peshitta,PESH
10,2 Samuel,16,5,2 Samuel 16:5,3,ܕܘܝܕ,,,,Peshitta,PESH
10,2 Samuel,16,5,2 Samuel 16:5,4,ܥܕܡܐ,,,,Peshitta,PESH
10,2 Samuel,16,5,2 Samuel 16:5,5,ܠܒܝܬ,,,,Peshitta,PESH
10,2 Samuel,16,5,2 Samuel 16:5,6,ܚܘܪܝܡ,,,,Peshitta,PESH
10,2 Samuel,16,5,2 Samuel 16:5,7,ܘܢܦܩ,,,,Peshitta,PESH
10,2 Samuel,16,5,2 Samuel 16:5,8,ܡܢ,,,,Peshitta,PESH
10,2 Samuel,16,5,2 Samuel 16:5,9,ܬܡܢ,,,,Peshitta,PESH
10,2 Samuel,16,5,2 Samuel 16:5,10,ܓܒܪܐ,,,,Peshitta,PESH
10,2 Samuel,16,5,2 Samuel 16:5,11,ܚܕ,,,,Peshitta,PESH
10,2 Samuel,16,5,2 Samuel 16:5,12,ܡܢ,,,,Peshitta,PESH
10,2 Samuel,16,5,2 Samuel 16:5,13,ܫܪܒܬܐ,,,,Peshitta,PESH
10,2 Samuel,16,5,2 Samuel 16:5,14,ܕܒܝܬ,,,,Peshitta,PESH
10,2 Samuel,16,5,2 Samuel 16:5,15,ܫܐܘܠ,,,,Peshitta,PESH
10,2 Samuel,16,5,2 Samuel 16:5,16,ܘܫܡܗ,,,,Peshitta,PESH
10,2 Samuel,16,5,2 Samuel 16:5,17,ܫܡܥܝ,,,,Peshitta,PESH
10,2 Samuel,16,5,2 Samuel 16:5,18,ܒܪ,,,,Peshitta,PESH
10,2 Samuel,16,5,2 Samuel 16:5,19,ܓܐܪܐ,,,,Peshitta,PESH
10,2 Samuel,16,5,2 Samuel 16:5,20,ܢܦ̇ܩ,,,,Peshitta,PESH
10,2 Samuel,16,5,2 Samuel 16:5,21,ܘܡܨܚܐ,,,,Peshitta,PESH
10,2 Samuel,16,5,2 Samuel 16:5,22,ܠܗ,,,,Peshitta,PESH
10,2 Samuel,16,5,2 Samuel 16:5,23,ܠܕܘܝܕ,,,,Peshitta,PESH
10,2 Samuel,16,6,2 Samuel 16:6,1,ܘܪܓܡ,,,,Peshitta,PESH
10,2 Samuel,16,6,2 Samuel 16:6,2,ܠܗ,,,,Peshitta,PESH
10,2 Samuel,16,6,2 Samuel 16:6,3,ܒܟܐ̈ܦܐ,,,,Peshitta,PESH
10,2 Samuel,16,6,2 Samuel 16:6,4,ܠܗ,,,,Peshitta,PESH
10,2 Samuel,16,6,2 Samuel 16:6,5,ܘܠܟܠܗܘܢ,,,,Peshitta,PESH
10,2 Samuel,16,6,2 Samuel 16:6,6,ܥܒ̈ܕܘܗܝ,,,,Peshitta,PESH
10,2 Samuel,16,6,2 Samuel 16:6,7,ܘܠܟܠܗ,,,,Peshitta,PESH
10,2 Samuel,16,6,2 Samuel 16:6,8,ܥܡܐ,,,,Peshitta,PESH
10,2 Samuel,16,6,2 Samuel 16:6,9,ܘܠܟܠܗܘܢ,,,,Peshitta,PESH
10,2 Samuel,16,6,2 Samuel 16:6,10,ܥܒ̈ܕܘܗܝ,,,,Peshitta,PESH
10,2 Samuel,16,6,2 Samuel 16:6,11,ܕܡܢ,,,,Peshitta,PESH
10,2 Samuel,16,6,2 Samuel 16:6,12,ܝܡܝܢܗ,,,,Peshitta,PESH
10,2 Samuel,16,6,2 Samuel 16:6,13,ܘܡܢ,,,,Peshitta,PESH
10,2 Samuel,16,6,2 Samuel 16:6,14,ܣܡܠܗ,,,,Peshitta,PESH
10,2 Samuel,16,7,2 Samuel 16:7,1,ܘܗܟܢܐ,,,,Peshitta,PESH
10,2 Samuel,16,7,2 Samuel 16:7,2,ܐܡܪ,,,,Peshitta,PESH
10,2 Samuel,16,7,2 Samuel 16:7,3,ܗܘܐ,,,,Peshitta,PESH
10,2 Samuel,16,7,2 Samuel 16:7,4,ܠܗ,,,,Peshitta,PESH
10,2 Samuel,16,7,2 Samuel 16:7,5,ܫܡܥܝ,,,,Peshitta,PESH
10,2 Samuel,16,7,2 Samuel 16:7,6,ܠܕܘܝܕ,,,,Peshitta,PESH
10,2 Samuel,16,7,2 Samuel 16:7,7,ܟܕ,,,,Peshitta,PESH
10,2 Samuel,16,7,2 Samuel 16:7,8,ܡܨܚܐ,,,,Peshitta,PESH
10,2 Samuel,16,7,2 Samuel 16:7,9,ܗܘܐ,,,,Peshitta,PESH
10,2 Samuel,16,7,2 Samuel 16:7,10,ܠܗ,,,,Peshitta,PESH
10,2 Samuel,16,7,2 Samuel 16:7,11,ܦܘܩ,,,,Peshitta,PESH
10,2 Samuel,16,7,2 Samuel 16:7,12,ܦܘܩ,,,,Peshitta,PESH
10,2 Samuel,16,7,2 Samuel 16:7,13,ܓܒܪܐ,,,,Peshitta,PESH
10,2 Samuel,16,7,2 Samuel 16:7,14,ܐܫ̇ܕ,,,,Peshitta,PESH
10,2 Samuel,16,7,2 Samuel 16:7,15,ܕܡܐ,,,,Peshitta,PESH
10,2 Samuel,16,7,2 Samuel 16:7,16,ܘܥܘܠܐ,,,,Peshitta,PESH
10,2 Samuel,16,8,2 Samuel 16:8,1,ܢܦܪܥܟ,,,,Peshitta,PESH
10,2 Samuel,16,8,2 Samuel 16:8,2,ܡܪܝܐ,,,,Peshitta,PESH
10,2 Samuel,16,8,2 Samuel 16:8,3,ܟܠܗ,,,,Peshitta,PESH
10,2 Samuel,16,8,2 Samuel 16:8,4,ܕܡܐ,,,,Peshitta,PESH
10,2 Samuel,16,8,2 Samuel 16:8,5,ܕܒܝܬ,,,,Peshitta,PESH
10,2 Samuel,16,8,2 Samuel 16:8,6,ܫܐܘܠ,,,,Peshitta,PESH
10,2 Samuel,16,8,2 Samuel 16:8,7,ܕܐܡܠܟܬ,,,,Peshitta,PESH
10,2 Samuel,16,8,2 Samuel 16:8,8,ܒܬܪܗ,,,,Peshitta,PESH
10,2 Samuel,16,8,2 Samuel 16:8,9,ܘܢܫܠܡܝܗ̇,,,,Peshitta,PESH
10,2 Samuel,16,8,2 Samuel 16:8,10,ܡܪܝܐ,,,,Peshitta,PESH
10,2 Samuel,16,8,2 Samuel 16:8,11,ܡܠܟܘܬܟ,,,,Peshitta,PESH
10,2 Samuel,16,8,2 Samuel 16:8,12,ܒܐܝܕܗ,,,,Peshitta,PESH
10,2 Samuel,16,8,2 Samuel 16:8,13,ܕܐܒܫܠܘܡ,,,,Peshitta,PESH
10,2 Samuel,16,8,2 Samuel 16:8,14,ܒܪܟ,,,,Peshitta,PESH
10,2 Samuel,16,8,2 Samuel 16:8,15,ܘܗܐ,,,,Peshitta,PESH
10,2 Samuel,16,8,2 Samuel 16:8,16,ܐܬܦܪܥܬ,,,,Peshitta,PESH
10,2 Samuel,16,8,2 Samuel 16:8,17,ܒܝܫܬܟ,,,,Peshitta,PESH
10,2 Samuel,16,8,2 Samuel 16:8,18,ܡܛܘܠ,,,,Peshitta,PESH
10,2 Samuel,16,8,2 Samuel 16:8,19,ܕܓܒܪܐ,,,,Peshitta,PESH
10,2 Samuel,16,8,2 Samuel 16:8,20,ܐܢܬ,,,,Peshitta,PESH
10,2 Samuel,16,8,2 Samuel 16:8,21,ܐܫ̇ܕ,,,,Peshitta,PESH
10,2 Samuel,16,8,2 Samuel 16:8,22,ܕܡܐ,,,,Peshitta,PESH
10,2 Samuel,16,9,2 Samuel 16:9,1,ܐܡܪ,,,,Peshitta,PESH
10,2 Samuel,16,9,2 Samuel 16:9,2,ܠܗ,,,,Peshitta,PESH
10,2 Samuel,16,9,2 Samuel 16:9,3,ܐܒܝܫܝ,,,,Peshitta,PESH
10,2 Samuel,16,9,2 Samuel 16:9,4,ܒܪ,,,,Peshitta,PESH
10,2 Samuel,16,9,2 Samuel 16:9,5,ܨܘܪܝܐ,,,,Peshitta,PESH
10,2 Samuel,16,9,2 Samuel 16:9,6,ܠܕܘܝܕ,,,,Peshitta,PESH
10,2 Samuel,16,9,2 Samuel 16:9,7,ܠܡܢܐ,,,,Peshitta,PESH
10,2 Samuel,16,9,2 Samuel 16:9,8,ܡܨܚܐ,,,,Peshitta,PESH
10,2 Samuel,16,9,2 Samuel 16:9,9,ܗܢܐ,,,,Peshitta,PESH
10,2 Samuel,16,9,2 Samuel 16:9,10,ܟܠܒܐ,,,,Peshitta,PESH
10,2 Samuel,16,9,2 Samuel 16:9,11,ܡܝܬܐ,,,,Peshitta,PESH
10,2 Samuel,16,9,2 Samuel 16:9,12,ܠܡܪܝ,,,,Peshitta,PESH
10,2 Samuel,16,9,2 Samuel 16:9,13,ܡܠܟܐ,,,,Peshitta,PESH
10,2 Samuel,16,9,2 Samuel 16:9,14,ܐܥܒܪ,,,,Peshitta,PESH
10,2 Samuel,16,9,2 Samuel 16:9,15,ܐܣܒܝܘܗܝ,,,,Peshitta,PESH
10,2 Samuel,16,9,2 Samuel 16:9,16,ܪܝܫܗ,,,,Peshitta,PESH
10,2 Samuel,16,10,2 Samuel 16:10,1,ܐܡܪ,,,,Peshitta,PESH
10,2 Samuel,16,10,2 Samuel 16:10,2,ܠܗ,,,,Peshitta,PESH
10,2 Samuel,16,10,2 Samuel 16:10,3,ܡܠܟܐ,,,,Peshitta,PESH
10,2 Samuel,16,10,2 Samuel 16:10,4,ܕܘܝܕ,,,,Peshitta,PESH
10,2 Samuel,16,10,2 Samuel 16:10,5,ܡܐ,,,,Peshitta,PESH
10,2 Samuel,16,10,2 Samuel 16:10,6,ܠܝ,,,,Peshitta,PESH
10,2 Samuel,16,10,2 Samuel 16:10,7,ܘܠܟܘܢ,,,,Peshitta,PESH
10,2 Samuel,16,10,2 Samuel 16:10,8,ܒܢ̈ܝ,,,,Peshitta,PESH
10,2 Samuel,16,10,2 Samuel 16:10,9,ܨܘܪܝܐ,,,,Peshitta,PESH
10,2 Samuel,16,10,2 Samuel 16:10,10,ܫܘܒܩܘܗܝ,,,,Peshitta,PESH
10,2 Samuel,16,10,2 Samuel 16:10,11,ܡܨܚܐ,,,,Peshitta,PESH
10,2 Samuel,16,10,2 Samuel 16:10,12,ܡܪܝܐ,,,,Peshitta,PESH
10,2 Samuel,16,10,2 Samuel 16:10,13,ܗܘ,,,,Peshitta,PESH
10,2 Samuel,16,10,2 Samuel 16:10,14,ܐܡܪ,,,,Peshitta,PESH
10,2 Samuel,16,10,2 Samuel 16:10,15,ܠܗ,,,,Peshitta,PESH
10,2 Samuel,16,10,2 Samuel 16:10,16,ܕܨܚܐ,,,,Peshitta,PESH
10,2 Samuel,16,10,2 Samuel 16:10,17,ܠܕܘܝܕ,,,,Peshitta,PESH
10,2 Samuel,16,10,2 Samuel 16:10,18,ܡ̇ܢ,,,,Peshitta,PESH
10,2 Samuel,16,10,2 Samuel 16:10,19,ܕܝܢ,,,,Peshitta,PESH
10,2 Samuel,16,10,2 Samuel 16:10,20,ܐܡܪ,,,,Peshitta,PESH
10,2 Samuel,16,10,2 Samuel 16:10,21,ܠܝ,,,,Peshitta,PESH
10,2 Samuel,16,10,2 Samuel 16:10,22,ܠܡܢܐ,,,,Peshitta,PESH
10,2 Samuel,16,10,2 Samuel 16:10,23,ܗܘܢܝ,,,,Peshitta,PESH
10,2 Samuel,16,10,2 Samuel 16:10,24,ܗܟܢܐ,,,,Peshitta,PESH
10,2 Samuel,16,11,2 Samuel 16:11,1,ܐܡܪ,,,,Peshitta,PESH
10,2 Samuel,16,11,2 Samuel 16:11,2,ܠܗ,,,,Peshitta,PESH
10,2 Samuel,16,11,2 Samuel 16:11,3,ܕܘܝܕ,,,,Peshitta,PESH
10,2 Samuel,16,11,2 Samuel 16:11,4,ܠܐܒܝܫܝ,,,,Peshitta,PESH
10,2 Samuel,16,11,2 Samuel 16:11,5,ܘܠܟܠܗܘܢ,,,,Peshitta,PESH
10,2 Samuel,16,11,2 Samuel 16:11,6,ܥܒ̈ܕܘܗܝ,,,,Peshitta,PESH
10,2 Samuel,16,11,2 Samuel 16:11,7,ܗܐ,,,,Peshitta,PESH
10,2 Samuel,16,11,2 Samuel 16:11,8,ܒܪܝ,,,,Peshitta,PESH
10,2 Samuel,16,11,2 Samuel 16:11,9,ܕܢܦܩ,,,,Peshitta,PESH
10,2 Samuel,16,11,2 Samuel 16:11,10,ܡܢ,,,,Peshitta,PESH
10,2 Samuel,16,11,2 Samuel 16:11,11,ܡ̈ܥܝ,,,,Peshitta,PESH
10,2 Samuel,16,11,2 Samuel 16:11,12,ܒܥ̇ܐ,,,,Peshitta,PESH
10,2 Samuel,16,11,2 Samuel 16:11,13,ܕܢܣܒ,,,,Peshitta,PESH
10,2 Samuel,16,11,2 Samuel 16:11,14,ܢܦܫܝ,,,,Peshitta,PESH
10,2 Samuel,16,11,2 Samuel 16:11,15,ܘܐܦ,,,,Peshitta,PESH
10,2 Samuel,16,11,2 Samuel 16:11,16,ܗܫܐ,,,,Peshitta,PESH
10,2 Samuel,16,11,2 Samuel 16:11,17,ܒܢܝ̈,,,,Peshitta,PESH
10,2 Samuel,16,11,2 Samuel 16:11,18,ܝܡܝܢܝ,,,,Peshitta,PESH
10,2 Samuel,16,11,2 Samuel 16:11,19,ܫܘܒܩܘܗܝ,,,,Peshitta,PESH
10,2 Samuel,16,11,2 Samuel 16:11,20,ܡܨܚܐ,,,,Peshitta,PESH
10,2 Samuel,16,11,2 Samuel 16:11,21,ܐܠܗܐ,,,,Peshitta,PESH
10,2 Samuel,16,11,2 Samuel 16:11,22,ܗܘ,,,,Peshitta,PESH
10,2 Samuel,16,11,2 Samuel 16:11,23,ܐܡܪ,,,,Peshitta,PESH
10,2 Samuel,16,11,2 Samuel 16:11,24,ܠܗ,,,,Peshitta,PESH
10,2 Samuel,16,12,2 Samuel 16:12,1,ܛܟ,,,,Peshitta,PESH
10,2 Samuel,16,12,2 Samuel 16:12,2,ܢܚܙܐ,,,,Peshitta,PESH
10,2 Samuel,16,12,2 Samuel 16:12,3,ܡܪܝܐ,,,,Peshitta,PESH
10,2 Samuel,16,12,2 Samuel 16:12,4,ܒܫܘܥܒܕܝ,,,,Peshitta,PESH
10,2 Samuel,16,12,2 Samuel 16:12,5,ܘܢܦܪܥܢܝ,,,,Peshitta,PESH
10,2 Samuel,16,12,2 Samuel 16:12,6,ܛܒܬܐ,,,,Peshitta,PESH
10,2 Samuel,16,12,2 Samuel 16:12,7,ܚܠܦ,,,,Peshitta,PESH
10,2 Samuel,16,12,2 Samuel 16:12,8,ܨܘܚܝ̈ܬܝ,,,,Peshitta,PESH
10,2 Samuel,16,12,2 Samuel 16:12,9,ܕܝܘܡܢܐ,,,,Peshitta,PESH
10,2 Samuel,16,13,2 Samuel 16:13,1,ܘܐܙܠ,,,,Peshitta,PESH
10,2 Samuel,16,13,2 Samuel 16:13,2,ܗܘܐ,,,,Peshitta,PESH
10,2 Samuel,16,13,2 Samuel 16:13,3,ܕܘܝܕ,,,,Peshitta,PESH
10,2 Samuel,16,13,2 Samuel 16:13,4,ܘܥܒ̈ܕܘܗܝ,,,,Peshitta,PESH
10,2 Samuel,16,13,2 Samuel 16:13,5,ܒܐܘܪܚܐ,,,,Peshitta,PESH
10,2 Samuel,16,13,2 Samuel 16:13,6,ܘܫܡܥܝ,,,,Peshitta,PESH
10,2 Samuel,16,13,2 Samuel 16:13,7,ܐܙܠ,,,,Peshitta,PESH
10,2 Samuel,16,13,2 Samuel 16:13,8,ܗܘܐ,,,,Peshitta,PESH
10,2 Samuel,16,13,2 Samuel 16:13,9,ܒܛܦܝܐ,,,,Peshitta,PESH
10,2 Samuel,16,13,2 Samuel 16:13,10,ܕܛܘܪܐ,,,,Peshitta,PESH
10,2 Samuel,16,13,2 Samuel 16:13,11,ܠܩܘܒܠܗ,,,,Peshitta,PESH
10,2 Samuel,16,13,2 Samuel 16:13,12,ܡܨܚܐ,,,,Peshitta,PESH
10,2 Samuel,16,13,2 Samuel 16:13,13,ܗܘܐ,,,,Peshitta,PESH
10,2 Samuel,16,13,2 Samuel 16:13,14,ܠܗ,,,,Peshitta,PESH
10,2 Samuel,16,13,2 Samuel 16:13,15,ܘܪܓܡ,,,,Peshitta,PESH
10,2 Samuel,16,13,2 Samuel 16:13,16,ܗܘܐ,,,,Peshitta,PESH
10,2 Samuel,16,13,2 Samuel 16:13,17,ܠܗ,,,,Peshitta,PESH
10,2 Samuel,16,13,2 Samuel 16:13,18,ܒܟܐ̈ܦܐ,,,,Peshitta,PESH
10,2 Samuel,16,13,2 Samuel 16:13,19,ܘܫܕܐ,,,,Peshitta,PESH
10,2 Samuel,16,13,2 Samuel 16:13,20,ܗܘܐ,,,,Peshitta,PESH
10,2 Samuel,16,13,2 Samuel 16:13,21,ܒܗ,,,,Peshitta,PESH
10,2 Samuel,16,13,2 Samuel 16:13,22,ܥܦܪܐ,,,,Peshitta,PESH
10,2 Samuel,16,14,2 Samuel 16:14,1,ܘܐܬܐ,,,,Peshitta,PESH
10,2 Samuel,16,14,2 Samuel 16:14,2,ܡܠܟܐ,,,,Peshitta,PESH
10,2 Samuel,16,14,2 Samuel 16:14,3,ܘܟܠܗ,,,,Peshitta,PESH
10,2 Samuel,16,14,2 Samuel 16:14,4,ܥܡܐ,,,,Peshitta,PESH
10,2 Samuel,16,14,2 Samuel 16:14,5,ܕܥܡܗ,,,,Peshitta,PESH
10,2 Samuel,16,14,2 Samuel 16:14,6,ܟܕ,,,,Peshitta,PESH
10,2 Samuel,16,14,2 Samuel 16:14,7,ܡܛܪܦܝܢ,,,,Peshitta,PESH
10,2 Samuel,16,14,2 Samuel 16:14,8,ܘܐܬܬܢܝܚܘ,,,,Peshitta,PESH
10,2 Samuel,16,14,2 Samuel 16:14,9,ܬܡܢ,,,,Peshitta,PESH
10,2 Samuel,16,15,2 Samuel 16:15,1,ܘܐܒܫܠܘܡ,,,,Peshitta,PESH
10,2 Samuel,16,15,2 Samuel 16:15,2,ܘܟܠܗ,,,,Peshitta,PESH
10,2 Samuel,16,15,2 Samuel 16:15,3,ܥܡܐ,,,,Peshitta,PESH
10,2 Samuel,16,15,2 Samuel 16:15,4,ܕܥܡܗ,,,,Peshitta,PESH
10,2 Samuel,16,15,2 Samuel 16:15,5,ܘܟܘܠܗ,,,,Peshitta,PESH
10,2 Samuel,16,15,2 Samuel 16:15,6,ܐܝܣܪܝܠ,,,,Peshitta,PESH
10,2 Samuel,16,15,2 Samuel 16:15,7,ܐܬܘ,,,,Peshitta,PESH
10,2 Samuel,16,15,2 Samuel 16:15,8,ܠܐܘܪܫܠܡ,,,,Peshitta,PESH
10,2 Samuel,16,15,2 Samuel 16:15,9,ܘܐܚܝܬܘܦܝܠ,,,,Peshitta,PESH
10,2 Samuel,16,15,2 Samuel 16:15,10,ܥܡܗ,,,,Peshitta,PESH
10,2 Samuel,16,16,2 Samuel 16:16,1,ܘܟܕ,,,,Peshitta,PESH
10,2 Samuel,16,16,2 Samuel 16:16,2,ܐܬܐ,,,,Peshitta,PESH
10,2 Samuel,16,16,2 Samuel 16:16,3,ܚܘܫܝ,,,,Peshitta,PESH
10,2 Samuel,16,16,2 Samuel 16:16,4,ܐܪܟܝܐ,,,,Peshitta,PESH
10,2 Samuel,16,16,2 Samuel 16:16,5,ܪܚܡܗ,,,,Peshitta,PESH
10,2 Samuel,16,16,2 Samuel 16:16,6,ܕܕܘܝܕ,,,,Peshitta,PESH
10,2 Samuel,16,16,2 Samuel 16:16,7,ܠܘܬ,,,,Peshitta,PESH
10,2 Samuel,16,16,2 Samuel 16:16,8,ܐܒܫܠܘܡ,,,,Peshitta,PESH
10,2 Samuel,16,16,2 Samuel 16:16,9,ܐܡܪ,,,,Peshitta,PESH
10,2 Samuel,16,16,2 Samuel 16:16,10,ܠܗ,,,,Peshitta,PESH
10,2 Samuel,16,16,2 Samuel 16:16,11,ܚܘܫܝ,,,,Peshitta,PESH
10,2 Samuel,16,16,2 Samuel 16:16,12,ܠܐܒܫܠܘܡ,,,,Peshitta,PESH
10,2 Samuel,16,16,2 Samuel 16:16,13,ܚܝܝ,,,,Peshitta,PESH
10,2 Samuel,16,16,2 Samuel 16:16,14,ܡܠܟܐ,,,,Peshitta,PESH
10,2 Samuel,16,16,2 Samuel 16:16,15,ܚܝܝ,,,,Peshitta,PESH
10,2 Samuel,16,16,2 Samuel 16:16,16,ܡܠܟܐ,,,,Peshitta,PESH
10,2 Samuel,16,17,2 Samuel 16:17,1,ܐܡܪ,,,,Peshitta,PESH
10,2 Samuel,16,17,2 Samuel 16:17,2,ܠܗ,,,,Peshitta,PESH
10,2 Samuel,16,17,2 Samuel 16:17,3,ܐܒܫܠܘܡ,,,,Peshitta,PESH
10,2 Samuel,16,17,2 Samuel 16:17,4,ܠܚܘܫܝ,,,,Peshitta,PESH
10,2 Samuel,16,17,2 Samuel 16:17,5,ܗܕܐ,,,,Peshitta,PESH
10,2 Samuel,16,17,2 Samuel 16:17,6,ܗܝ,,,,Peshitta,PESH
10,2 Samuel,16,17,2 Samuel 16:17,7,ܪܚܡܘܬܗ,,,,Peshitta,PESH
10,2 Samuel,16,17,2 Samuel 16:17,8,ܕܪܚܡܟ,,,,Peshitta,PESH
10,2 Samuel,16,17,2 Samuel 16:17,9,ܠܡܢܐ,,,,Peshitta,PESH
10,2 Samuel,16,17,2 Samuel 16:17,10,ܠܐ,,,,Peshitta,PESH
10,2 Samuel,16,17,2 Samuel 16:17,11,ܐܙܠܬ,,,,Peshitta,PESH
10,2 Samuel,16,17,2 Samuel 16:17,12,ܥܡ,,,,Peshitta,PESH
10,2 Samuel,16,17,2 Samuel 16:17,13,ܪܚܡܟ,,,,Peshitta,PESH
10,2 Samuel,16,18,2 Samuel 16:18,1,ܐܡܪ,,,,Peshitta,PESH
10,2 Samuel,16,18,2 Samuel 16:18,2,ܠܗ,,,,Peshitta,PESH
10,2 Samuel,16,18,2 Samuel 16:18,3,ܚܘܫܝ,,,,Peshitta,PESH
10,2 Samuel,16,18,2 Samuel 16:18,4,ܠܐܒܫܠܘܡ,,,,Peshitta,PESH
10,2 Samuel,16,18,2 Samuel 16:18,5,ܠܐ,,,,Peshitta,PESH
10,2 Samuel,16,18,2 Samuel 16:18,6,ܗܘܐ,,,,Peshitta,PESH
10,2 Samuel,16,18,2 Samuel 16:18,7,ܥܡ,,,,Peshitta,PESH
10,2 Samuel,16,18,2 Samuel 16:18,8,ܡ̇ܢ,,,,Peshitta,PESH
10,2 Samuel,16,18,2 Samuel 16:18,9,ܕܓܒܐ,,,,Peshitta,PESH
10,2 Samuel,16,18,2 Samuel 16:18,10,ܡܪܝܐ,,,,Peshitta,PESH
10,2 Samuel,16,18,2 Samuel 16:18,11,ܘܥܡܐ,,,,Peshitta,PESH
10,2 Samuel,16,18,2 Samuel 16:18,12,ܗܢܐ,,,,Peshitta,PESH
10,2 Samuel,16,18,2 Samuel 16:18,13,ܘܟܠܗ,,,,Peshitta,PESH
10,2 Samuel,16,18,2 Samuel 16:18,14,ܐܝܣܪܝܠ,,,,Peshitta,PESH
10,2 Samuel,16,18,2 Samuel 16:18,15,ܕܝܠܗ,,,,Peshitta,PESH
10,2 Samuel,16,18,2 Samuel 16:18,16,ܥܡܗ,,,,Peshitta,PESH
10,2 Samuel,16,18,2 Samuel 16:18,17,ܐܬܒ,,,,Peshitta,PESH
10,2 Samuel,16,19,2 Samuel 16:19,1,ܘܕܝܠܗ,,,,Peshitta,PESH
10,2 Samuel,16,19,2 Samuel 16:19,2,ܐܗܘܐ,,,,Peshitta,PESH
10,2 Samuel,16,19,2 Samuel 16:19,3,ܘܕܬܪ̈ܬܝܢ,,,,Peshitta,PESH
10,2 Samuel,16,19,2 Samuel 16:19,4,ܙܒ̈ܢܝܢ,,,,Peshitta,PESH
10,2 Samuel,16,19,2 Samuel 16:19,5,ܕܡ̇ܢ,,,,Peshitta,PESH
10,2 Samuel,16,19,2 Samuel 16:19,6,ܐܢܐ,,,,Peshitta,PESH
10,2 Samuel,16,19,2 Samuel 16:19,7,ܥܒܕܐ,,,,Peshitta,PESH
10,2 Samuel,16,19,2 Samuel 16:19,8,ܠܐ,,,,Peshitta,PESH
10,2 Samuel,16,19,2 Samuel 16:19,9,ܗܘܬ,,,,Peshitta,PESH
10,2 Samuel,16,19,2 Samuel 16:19,10,ܒܐ̈ܝܕܝ,,,,Peshitta,PESH
10,2 Samuel,16,19,2 Samuel 16:19,11,ܐܝܟ,,,,Peshitta,PESH
10,2 Samuel,16,19,2 Samuel 16:19,12,ܕܦܠܚܬ,,,,Peshitta,PESH
10,2 Samuel,16,19,2 Samuel 16:19,13,ܩܕܡ,,,,Peshitta,PESH
10,2 Samuel,16,19,2 Samuel 16:19,14,ܐܒܘܟ,,,,Peshitta,PESH
10,2 Samuel,16,19,2 Samuel 16:19,15,ܗܟܢܐ,,,,Peshitta,PESH
10,2 Samuel,16,19,2 Samuel 16:19,16,ܐܦܠܘܚ,,,,Peshitta,PESH
10,2 Samuel,16,19,2 Samuel 16:19,17,ܩܕܡܝܟ,,,,Peshitta,PESH
10,2 Samuel,16,20,2 Samuel 16:20,1,ܐܡܪ,,,,Peshitta,PESH
10,2 Samuel,16,20,2 Samuel 16:20,2,ܐܒܫܠܘܡ,,,,Peshitta,PESH
10,2 Samuel,16,20,2 Samuel 16:20,3,ܠܐܚܝܬܘܦܝܠ,,,,Peshitta,PESH
10,2 Samuel,16,20,2 Samuel 16:20,4,ܡܠܘܟܝܢܝ,,,,Peshitta,PESH
10,2 Samuel,16,20,2 Samuel 16:20,5,ܡܢܐ,,,,Peshitta,PESH
10,2 Samuel,16,20,2 Samuel 16:20,6,ܐܥܒܕ,,,,Peshitta,PESH
10,2 Samuel,16,21,2 Samuel 16:21,1,ܐܡܪ,,,,Peshitta,PESH
10,2 Samuel,16,21,2 Samuel 16:21,2,ܠܗ,,,,Peshitta,PESH
10,2 Samuel,16,21,2 Samuel 16:21,3,ܐܚܝܬܘܦܝܠ,,,,Peshitta,PESH
10,2 Samuel,16,21,2 Samuel 16:21,4,ܠܐܒܫܠܘܡ,,,,Peshitta,PESH
10,2 Samuel,16,21,2 Samuel 16:21,5,ܥܘܠ,,,,Peshitta,PESH
10,2 Samuel,16,21,2 Samuel 16:21,6,ܥܠ,,,,Peshitta,PESH
10,2 Samuel,16,21,2 Samuel 16:21,7,ܕܪ̈ܘܟܬܗ,,,,Peshitta,PESH
10,2 Samuel,16,21,2 Samuel 16:21,8,ܕܐܒܘܟ,,,,Peshitta,PESH
10,2 Samuel,16,21,2 Samuel 16:21,9,ܕܫܒܩ,,,,Peshitta,PESH
10,2 Samuel,16,21,2 Samuel 16:21,10,ܕܢܛܪ̈ܢ,,,,Peshitta,PESH
10,2 Samuel,16,21,2 Samuel 16:21,11,ܒܝܬܗ,,,,Peshitta,PESH
10,2 Samuel,16,21,2 Samuel 16:21,12,ܘܡܐ,,,,Peshitta,PESH
10,2 Samuel,16,21,2 Samuel 16:21,13,ܕܫܡܥ,,,,Peshitta,PESH
10,2 Samuel,16,21,2 Samuel 16:21,14,ܟܠܗ,,,,Peshitta,PESH
10,2 Samuel,16,21,2 Samuel 16:21,15,ܐܝܣܪܝܠ,,,,Peshitta,PESH
10,2 Samuel,16,21,2 Samuel 16:21,16,ܕܗܘܝܬ,,,,Peshitta,PESH
10,2 Samuel,16,21,2 Samuel 16:21,17,ܥܡ,,,,Peshitta,PESH
10,2 Samuel,16,21,2 Samuel 16:21,18,ܕܪ̈ܘܟܬܗ,,,,Peshitta,PESH
10,2 Samuel,16,21,2 Samuel 16:21,19,ܕܐܒܘܟ,,,,Peshitta,PESH
10,2 Samuel,16,21,2 Samuel 16:21,20,ܡܬܚܝ̈ܠܢ,,,,Peshitta,PESH
10,2 Samuel,16,21,2 Samuel 16:21,21,ܐ̈ܝܕܝܐ,,,,Peshitta,PESH
10,2 Samuel,16,21,2 Samuel 16:21,22,ܕܟܠ,,,,Peshitta,PESH
10,2 Samuel,16,21,2 Samuel 16:21,23,ܡ̇ܢ,,,,Peshitta,PESH
10,2 Samuel,16,21,2 Samuel 16:21,24,ܕܥܡܟ,,,,Peshitta,PESH
10,2 Samuel,16,22,2 Samuel 16:22,1,ܘܢܩܫܘ,,,,Peshitta,PESH
10,2 Samuel,16,22,2 Samuel 16:22,2,ܠܗ,,,,Peshitta,PESH
10,2 Samuel,16,22,2 Samuel 16:22,3,ܠܐܒܫܠܘܡ,,,,Peshitta,PESH
10,2 Samuel,16,22,2 Samuel 16:22,4,ܡܫܟܢܐ,,,,Peshitta,PESH
10,2 Samuel,16,22,2 Samuel 16:22,5,ܥܠ,,,,Peshitta,PESH
10,2 Samuel,16,22,2 Samuel 16:22,6,ܐܓܪܐ,,,,Peshitta,PESH
10,2 Samuel,16,22,2 Samuel 16:22,7,ܘܥܠ,,,,Peshitta,PESH
10,2 Samuel,16,22,2 Samuel 16:22,8,ܐܒܫܠܘܡ,,,,Peshitta,PESH
10,2 Samuel,16,22,2 Samuel 16:22,9,ܥܠ,,,,Peshitta,PESH
10,2 Samuel,16,22,2 Samuel 16:22,10,ܕܪ̈ܘܟܬܗ,,,,Peshitta,PESH
10,2 Samuel,16,22,2 Samuel 16:22,11,ܕܐܒܘܗܝ,,,,Peshitta,PESH
10,2 Samuel,16,22,2 Samuel 16:22,12,ܠܥܝܢ,,,,Peshitta,PESH
10,2 Samuel,16,22,2 Samuel 16:22,13,ܟܠܗ,,,,Peshitta,PESH
10,2 Samuel,16,22,2 Samuel 16:22,14,ܐܝܣܪܝܠ,,,,Peshitta,PESH
10,2 Samuel,16,23,2 Samuel 16:23,1,ܘܡ̣ܠܟܐ,,,,Peshitta,PESH
10,2 Samuel,16,23,2 Samuel 16:23,2,ܕܡܠܟ,,,,Peshitta,PESH
10,2 Samuel,16,23,2 Samuel 16:23,3,ܗܘܐ,,,,Peshitta,PESH
10,2 Samuel,16,23,2 Samuel 16:23,4,ܐܚܝܬܘܦܠ,,,,Peshitta,PESH
10,2 Samuel,16,23,2 Samuel 16:23,5,ܒܝ̈ܘܡܬܐ,,,,Peshitta,PESH
10,2 Samuel,16,23,2 Samuel 16:23,6,ܗܢܘܢ,,,,Peshitta,PESH
10,2 Samuel,16,23,2 Samuel 16:23,7,ܐܝܟ,,,,Peshitta,PESH
10,2 Samuel,16,23,2 Samuel 16:23,8,ܐܢܫ,,,,Peshitta,PESH
10,2 Samuel,16,23,2 Samuel 16:23,9,ܕܢܫܐܠ,,,,Peshitta,PESH
10,2 Samuel,16,23,2 Samuel 16:23,10,ܒܡܠܬܗ,,,,Peshitta,PESH
10,2 Samuel,16,23,2 Samuel 16:23,11,ܕܐܠܗܐ,,,,Peshitta,PESH
10,2 Samuel,16,23,2 Samuel 16:23,12,ܗܟܢܐ,,,,Peshitta,PESH
10,2 Samuel,16,23,2 Samuel 16:23,13,ܟܘܠܗܘܢ,,,,Peshitta,PESH
10,2 Samuel,16,23,2 Samuel 16:23,14,ܡ̣ܠܟ̈ܘܗܝ,,,,Peshitta,PESH
10,2 Samuel,16,23,2 Samuel 16:23,15,ܕܐܚܝܬܘܦܝܠ,,,,Peshitta,PESH
10,2 Samuel,16,23,2 Samuel 16:23,16,ܐܦ,,,,Peshitta,PESH
10,2 Samuel,16,23,2 Samuel 16:23,17,ܠܕܘܝܕ,,,,Peshitta,PESH
10,2 Samuel,16,23,2 Samuel 16:23,18,ܘܐܦ,,,,Peshitta,PESH
10,2 Samuel,16,23,2 Samuel 16:23,19,ܠܐܒܝܫܠܘܡ,,,,Peshitta,PESH
10,2 Samuel,17,1,2 Samuel 17:1,1,ܐܡܪ,,,,Peshitta,PESH
10,2 Samuel,17,1,2 Samuel 17:1,2,ܐܚܝܬܘܦܝܠ,,,,Peshitta,PESH
10,2 Samuel,17,1,2 Samuel 17:1,3,ܠܐܒܫܠܘܡ,,,,Peshitta,PESH
10,2 Samuel,17,1,2 Samuel 17:1,4,ܐܓܒܐ,,,,Peshitta,PESH
10,2 Samuel,17,1,2 Samuel 17:1,5,ܬܪ̈ܥܣܪ,,,,Peshitta,PESH
10,2 Samuel,17,1,2 Samuel 17:1,6,ܐ̈ܠܦܝܢ,,,,Peshitta,PESH
10,2 Samuel,17,1,2 Samuel 17:1,7,ܓܒܪ̈ܝܢ,,,,Peshitta,PESH
10,2 Samuel,17,1,2 Samuel 17:1,8,ܘܐܩܘܡ,,,,Peshitta,PESH
10,2 Samuel,17,1,2 Samuel 17:1,9,ܐܪܕܘܦ,,,,Peshitta,PESH
10,2 Samuel,17,1,2 Samuel 17:1,10,ܒܬܪ,,,,Peshitta,PESH
10,2 Samuel,17,1,2 Samuel 17:1,11,ܕܘܝܕ,,,,Peshitta,PESH
10,2 Samuel,17,1,2 Samuel 17:1,12,ܒܠܠܝܐ,,,,Peshitta,PESH
10,2 Samuel,17,2,2 Samuel 17:2,1,ܘܐܕܪܟܝܘܗܝ,,,,Peshitta,PESH
10,2 Samuel,17,2,2 Samuel 17:2,2,ܥܕ,,,,Peshitta,PESH
10,2 Samuel,17,2,2 Samuel 17:2,3,ܠܐܐ,,,,Peshitta,PESH
10,2 Samuel,17,2,2 Samuel 17:2,4,ܘܡܪ̈ܦܝܢ,,,,Peshitta,PESH
10,2 Samuel,17,2,2 Samuel 17:2,5,ܐ̈ܝܕܘܗܝ,,,,Peshitta,PESH
10,2 Samuel,17,2,2 Samuel 17:2,6,ܘܐܕܠܚܝܘܗܝ,,,,Peshitta,PESH
10,2 Samuel,17,2,2 Samuel 17:2,7,ܘܢܥܪܘܩ,,,,Peshitta,PESH
10,2 Samuel,17,2,2 Samuel 17:2,8,ܟܠܗ,,,,Peshitta,PESH
10,2 Samuel,17,2,2 Samuel 17:2,9,ܥܡܐ,,,,Peshitta,PESH
10,2 Samuel,17,2,2 Samuel 17:2,10,ܕܥܡܗ,,,,Peshitta,PESH
10,2 Samuel,17,2,2 Samuel 17:2,11,ܘܐܩܛܠܝܘܗܝ,,,,Peshitta,PESH
10,2 Samuel,17,2,2 Samuel 17:2,12,ܠܡܠܟܐ,,,,Peshitta,PESH
10,2 Samuel,17,2,2 Samuel 17:2,13,ܒܠܚܘܕܘܗܝ,,,,Peshitta,PESH
10,2 Samuel,17,3,2 Samuel 17:3,1,ܘܐܦܢܝܘܗܝ,,,,Peshitta,PESH
10,2 Samuel,17,3,2 Samuel 17:3,2,ܠܟܠܗ,,,,Peshitta,PESH
10,2 Samuel,17,3,2 Samuel 17:3,3,ܥܡܐ,,,,Peshitta,PESH
10,2 Samuel,17,3,2 Samuel 17:3,4,ܠܘܬܟ,,,,Peshitta,PESH
10,2 Samuel,17,3,2 Samuel 17:3,5,ܐܝܟ,,,,Peshitta,PESH
10,2 Samuel,17,3,2 Samuel 17:3,6,ܕܗܦܟ,,,,Peshitta,PESH
10,2 Samuel,17,3,2 Samuel 17:3,7,ܟܠ,,,,Peshitta,PESH
10,2 Samuel,17,3,2 Samuel 17:3,8,ܐܢܫ,,,,Peshitta,PESH
10,2 Samuel,17,3,2 Samuel 17:3,9,ܕܨܒܝܬ,,,,Peshitta,PESH
10,2 Samuel,17,3,2 Samuel 17:3,10,ܘܟܠܗ,,,,Peshitta,PESH
10,2 Samuel,17,3,2 Samuel 17:3,11,ܥܡܐ,,,,Peshitta,PESH
10,2 Samuel,17,3,2 Samuel 17:3,12,ܢܗܘܐ,,,,Peshitta,PESH
10,2 Samuel,17,3,2 Samuel 17:3,13,ܒܫܠܡ,,,,Peshitta,PESH
10,2 Samuel,17,4,2 Samuel 17:4,1,ܘܫܦܪܬ,,,,Peshitta,PESH
10,2 Samuel,17,4,2 Samuel 17:4,2,ܡܠܬܐ,,,,Peshitta,PESH
10,2 Samuel,17,4,2 Samuel 17:4,3,ܒܥܝܢ̈ܝ,,,,Peshitta,PESH
10,2 Samuel,17,4,2 Samuel 17:4,4,ܐܒܫܠܘܡ,,,,Peshitta,PESH
10,2 Samuel,17,4,2 Samuel 17:4,5,ܘܒܥܝܢ̈ܝ,,,,Peshitta,PESH
10,2 Samuel,17,4,2 Samuel 17:4,6,ܟܠܗܘܢ,,,,Peshitta,PESH
10,2 Samuel,17,4,2 Samuel 17:4,7,ܣܒ̈ܐ,,,,Peshitta,PESH
10,2 Samuel,17,4,2 Samuel 17:4,8,ܕܐܝܣܪܝܠ,,,,Peshitta,PESH
10,2 Samuel,17,5,2 Samuel 17:5,1,ܘܐܡܪ,,,,Peshitta,PESH
10,2 Samuel,17,5,2 Samuel 17:5,2,ܐܒܫܠܘܡ,,,,Peshitta,PESH
10,2 Samuel,17,5,2 Samuel 17:5,3,ܩܪܘ,,,,Peshitta,PESH
10,2 Samuel,17,5,2 Samuel 17:5,4,ܠܚܘܫܝ,,,,Peshitta,PESH
10,2 Samuel,17,5,2 Samuel 17:5,5,ܐܪܟܝܐ,,,,Peshitta,PESH
10,2 Samuel,17,5,2 Samuel 17:5,6,ܘܢܫܡܥ,,,,Peshitta,PESH
10,2 Samuel,17,5,2 Samuel 17:5,7,ܡܢܐ,,,,Peshitta,PESH
10,2 Samuel,17,5,2 Samuel 17:5,8,ܐܡܪ,,,,Peshitta,PESH
10,2 Samuel,17,5,2 Samuel 17:5,9,ܐܦ,,,,Peshitta,PESH
10,2 Samuel,17,5,2 Samuel 17:5,10,ܗܘ,,,,Peshitta,PESH
10,2 Samuel,17,6,2 Samuel 17:6,1,ܘܐܬܐ,,,,Peshitta,PESH
10,2 Samuel,17,6,2 Samuel 17:6,2,ܚܘܫܝ,,,,Peshitta,PESH
10,2 Samuel,17,6,2 Samuel 17:6,3,ܠܘܬ,,,,Peshitta,PESH
10,2 Samuel,17,6,2 Samuel 17:6,4,ܐܒܫܠܘܡ,,,,Peshitta,PESH
10,2 Samuel,17,6,2 Samuel 17:6,5,ܘܐܡܪ,,,,Peshitta,PESH
10,2 Samuel,17,6,2 Samuel 17:6,6,ܠܗ,,,,Peshitta,PESH
10,2 Samuel,17,6,2 Samuel 17:6,7,ܐܒܫܠܘܡ,,,,Peshitta,PESH
10,2 Samuel,17,6,2 Samuel 17:6,8,ܗܟܢܐ,,,,Peshitta,PESH
10,2 Samuel,17,6,2 Samuel 17:6,9,ܘܗܟܢܐ,,,,Peshitta,PESH
10,2 Samuel,17,6,2 Samuel 17:6,10,ܐܡܪ,,,,Peshitta,PESH
10,2 Samuel,17,6,2 Samuel 17:6,11,ܐܚܝܬܘܦܝܠ,,,,Peshitta,PESH
10,2 Samuel,17,6,2 Samuel 17:6,12,ܢܥܒܕ,,,,Peshitta,PESH
10,2 Samuel,17,6,2 Samuel 17:6,13,ܡܕܡ,,,,Peshitta,PESH
10,2 Samuel,17,6,2 Samuel 17:6,14,ܕܐܡܪ,,,,Peshitta,PESH
10,2 Samuel,17,6,2 Samuel 17:6,15,ܘܐܠܐ,,,,Peshitta,PESH
10,2 Samuel,17,6,2 Samuel 17:6,16,ܘ̇ܠܐ,,,,Peshitta,PESH
10,2 Samuel,17,6,2 Samuel 17:6,17,ܐܡܪ,,,,Peshitta,PESH
10,2 Samuel,17,6,2 Samuel 17:6,18,ܐܢܬ,,,,Peshitta,PESH
10,2 Samuel,17,7,2 Samuel 17:7,1,ܐܡܪ,,,,Peshitta,PESH
10,2 Samuel,17,7,2 Samuel 17:7,2,ܠܗ,,,,Peshitta,PESH
10,2 Samuel,17,7,2 Samuel 17:7,3,ܚܘܫܝ,,,,Peshitta,PESH
10,2 Samuel,17,7,2 Samuel 17:7,4,ܠܐܒܫܠܘܡ,,,,Peshitta,PESH
10,2 Samuel,17,7,2 Samuel 17:7,5,ܠܐ,,,,Peshitta,PESH
10,2 Samuel,17,7,2 Samuel 17:7,6,ܗܘܐ,,,,Peshitta,PESH
10,2 Samuel,17,7,2 Samuel 17:7,7,ܫܦܝܪ,,,,Peshitta,PESH
10,2 Samuel,17,7,2 Samuel 17:7,8,ܡ̣ܠܟܐ,,,,Peshitta,PESH
10,2 Samuel,17,7,2 Samuel 17:7,9,ܕܡܠܟ,,,,Peshitta,PESH
10,2 Samuel,17,7,2 Samuel 17:7,10,ܐܚܝܬܘܦܝܠ,,,,Peshitta,PESH
10,2 Samuel,17,7,2 Samuel 17:7,11,ܒܗܢܐ,,,,Peshitta,PESH
10,2 Samuel,17,7,2 Samuel 17:7,12,ܙܒܢܐ,,,,Peshitta,PESH
10,2 Samuel,17,8,2 Samuel 17:8,1,ܐܡܪ,,,,Peshitta,PESH
10,2 Samuel,17,8,2 Samuel 17:8,2,ܠܗ,,,,Peshitta,PESH
10,2 Samuel,17,8,2 Samuel 17:8,3,ܚܘܫܝ,,,,Peshitta,PESH
10,2 Samuel,17,8,2 Samuel 17:8,4,ܐܢܬ,,,,Peshitta,PESH
10,2 Samuel,17,8,2 Samuel 17:8,5,ܝܕܥ,,,,Peshitta,PESH
10,2 Samuel,17,8,2 Samuel 17:8,6,ܐܢܬ,,,,Peshitta,PESH
10,2 Samuel,17,8,2 Samuel 17:8,7,ܠܗ,,,,Peshitta,PESH
10,2 Samuel,17,8,2 Samuel 17:8,8,ܠܐܒܘܟ,,,,Peshitta,PESH
10,2 Samuel,17,8,2 Samuel 17:8,9,ܘܠܥܒ̈ܕܘܗܝ,,,,Peshitta,PESH
10,2 Samuel,17,8,2 Samuel 17:8,10,ܕܓܢܒܪ̈ܐ,,,,Peshitta,PESH
10,2 Samuel,17,8,2 Samuel 17:8,11,ܐܢܘܢ,,,,Peshitta,PESH
10,2 Samuel,17,8,2 Samuel 17:8,12,ܘܓܒܪ̈ܐ,,,,Peshitta,PESH
10,2 Samuel,17,8,2 Samuel 17:8,13,ܐܢܘܢ,,,,Peshitta,PESH
10,2 Samuel,17,8,2 Samuel 17:8,14,ܡܪ̈ܝܪܝ,,,,Peshitta,PESH
10,2 Samuel,17,8,2 Samuel 17:8,15,ܢܦܫܐ,,,,Peshitta,PESH
10,2 Samuel,17,8,2 Samuel 17:8,16,ܐܝܟ,,,,Peshitta,PESH
10,2 Samuel,17,8,2 Samuel 17:8,17,ܕܒܐ,,,,Peshitta,PESH
10,2 Samuel,17,8,2 Samuel 17:8,18,ܕܬܒ̇ܪܐ,,,,Peshitta,PESH
10,2 Samuel,17,8,2 Samuel 17:8,19,ܒܕܒܪܐ,,,,Peshitta,PESH
10,2 Samuel,17,8,2 Samuel 17:8,20,ܘܐܒܘܟ,,,,Peshitta,PESH
10,2 Samuel,17,8,2 Samuel 17:8,21,ܓܒܪܐ,,,,Peshitta,PESH
10,2 Samuel,17,8,2 Samuel 17:8,22,ܗܘ,,,,Peshitta,PESH
10,2 Samuel,17,8,2 Samuel 17:8,23,ܩܪܒܬܢܐ,,,,Peshitta,PESH
10,2 Samuel,17,8,2 Samuel 17:8,24,ܘܠܐ,,,,Peshitta,PESH
10,2 Samuel,17,8,2 Samuel 17:8,25,ܒܐܬ,,,,Peshitta,PESH
10,2 Samuel,17,8,2 Samuel 17:8,26,ܥܠ,,,,Peshitta,PESH
10,2 Samuel,17,8,2 Samuel 17:8,27,ܓܢܒ,,,,Peshitta,PESH
10,2 Samuel,17,8,2 Samuel 17:8,28,ܥܡܐ,,,,Peshitta,PESH
10,2 Samuel,17,9,2 Samuel 17:9,1,ܗܫܐ,,,,Peshitta,PESH
10,2 Samuel,17,9,2 Samuel 17:9,2,ܡܬܛܫܐ,,,,Peshitta,PESH
10,2 Samuel,17,9,2 Samuel 17:9,3,ܗܘ,,,,Peshitta,PESH
10,2 Samuel,17,9,2 Samuel 17:9,4,ܒܚܕ,,,,Peshitta,PESH
10,2 Samuel,17,9,2 Samuel 17:9,5,ܡܢ,,,,Peshitta,PESH
10,2 Samuel,17,9,2 Samuel 17:9,6,ܐܬܪ̈ܘܬܐ,,,,Peshitta,PESH
10,2 Samuel,17,9,2 Samuel 17:9,7,ܐܘ,,,,Peshitta,PESH
10,2 Samuel,17,9,2 Samuel 17:9,8,ܒܚܕܐ,,,,Peshitta,PESH
10,2 Samuel,17,9,2 Samuel 17:9,9,ܡܢ,,,,Peshitta,PESH
10,2 Samuel,17,9,2 Samuel 17:9,10,ܕܘܟܝ̈ܬܐ,,,,Peshitta,PESH
10,2 Samuel,17,9,2 Samuel 17:9,11,ܘܡܐ,,,,Peshitta,PESH
10,2 Samuel,17,9,2 Samuel 17:9,12,ܕܢܦܠܢ,,,,Peshitta,PESH
10,2 Samuel,17,9,2 Samuel 17:9,13,ܒܗܘܢ,,,,Peshitta,PESH
10,2 Samuel,17,9,2 Samuel 17:9,14,ܐܝܟ,,,,Peshitta,PESH
10,2 Samuel,17,9,2 Samuel 17:9,15,ܕܒܩܕܡܝܬܐ,,,,Peshitta,PESH
10,2 Samuel,17,9,2 Samuel 17:9,16,ܘܫܡܥ,,,,Peshitta,PESH
10,2 Samuel,17,9,2 Samuel 17:9,17,ܛܒܐ,,,,Peshitta,PESH
10,2 Samuel,17,9,2 Samuel 17:9,18,ܕܗܘܬ,,,,Peshitta,PESH
10,2 Samuel,17,9,2 Samuel 17:9,19,ܡܚܘܬܐ,,,,Peshitta,PESH
10,2 Samuel,17,9,2 Samuel 17:9,20,ܒܥܡܐ,,,,Peshitta,PESH
10,2 Samuel,17,9,2 Samuel 17:9,21,ܕܒܬܪ,,,,Peshitta,PESH
10,2 Samuel,17,9,2 Samuel 17:9,22,ܐܒܫܠܘܡ,,,,Peshitta,PESH
10,2 Samuel,17,10,2 Samuel 17:10,1,ܐܦܢ,,,,Peshitta,PESH
10,2 Samuel,17,10,2 Samuel 17:10,2,ܓܒܪܐ,,,,Peshitta,PESH
10,2 Samuel,17,10,2 Samuel 17:10,3,ܗܘ,,,,Peshitta,PESH
10,2 Samuel,17,10,2 Samuel 17:10,4,ܓܢܒܪ,,,,Peshitta,PESH
10,2 Samuel,17,10,2 Samuel 17:10,5,ܚܝܠܐ,,,,Peshitta,PESH
10,2 Samuel,17,10,2 Samuel 17:10,6,ܕܠܒܗ,,,,Peshitta,PESH
10,2 Samuel,17,10,2 Samuel 17:10,7,ܐܝܟ,,,,Peshitta,PESH
10,2 Samuel,17,10,2 Samuel 17:10,8,ܠܒܐ,,,,Peshitta,PESH
10,2 Samuel,17,10,2 Samuel 17:10,9,ܕܐܪܝܐ,,,,Peshitta,PESH
10,2 Samuel,17,10,2 Samuel 17:10,10,ܡܬܡܣܝܘ,,,,Peshitta,PESH
10,2 Samuel,17,10,2 Samuel 17:10,11,ܡܬܡܣܐ,,,,Peshitta,PESH
10,2 Samuel,17,10,2 Samuel 17:10,12,ܡܛܠ,,,,Peshitta,PESH
10,2 Samuel,17,10,2 Samuel 17:10,13,ܕܝܕܥ̇,,,,Peshitta,PESH
10,2 Samuel,17,10,2 Samuel 17:10,14,ܟܠܗ,,,,Peshitta,PESH
10,2 Samuel,17,10,2 Samuel 17:10,15,ܐܝܣܪܝܠ,,,,Peshitta,PESH
10,2 Samuel,17,10,2 Samuel 17:10,16,ܕܓܢܒܪܐ,,,,Peshitta,PESH
10,2 Samuel,17,10,2 Samuel 17:10,17,ܗܘ,,,,Peshitta,PESH
10,2 Samuel,17,10,2 Samuel 17:10,18,ܐܒܘܟ,,,,Peshitta,PESH
10,2 Samuel,17,10,2 Samuel 17:10,19,ܘܕܥܡܗ,,,,Peshitta,PESH
10,2 Samuel,17,10,2 Samuel 17:10,20,ܓܢܒܪ̈ܝ,,,,Peshitta,PESH
10,2 Samuel,17,10,2 Samuel 17:10,21,ܚܝܠܐ,,,,Peshitta,PESH
10,2 Samuel,17,10,2 Samuel 17:10,22,ܐܢܘܢ,,,,Peshitta,PESH
10,2 Samuel,17,11,2 Samuel 17:11,1,ܡܠܟ,,,,Peshitta,PESH
10,2 Samuel,17,11,2 Samuel 17:11,2,ܐܢܐ,,,,Peshitta,PESH
10,2 Samuel,17,11,2 Samuel 17:11,3,ܕܡܐ,,,,Peshitta,PESH
10,2 Samuel,17,11,2 Samuel 17:11,4,ܕܐܬܟܢܫ,,,,Peshitta,PESH
10,2 Samuel,17,11,2 Samuel 17:11,5,ܟܠܗ,,,,Peshitta,PESH
10,2 Samuel,17,11,2 Samuel 17:11,6,ܐܝܣܪܝܠ,,,,Peshitta,PESH
10,2 Samuel,17,11,2 Samuel 17:11,7,ܠܘܬܟ,,,,Peshitta,PESH
10,2 Samuel,17,11,2 Samuel 17:11,8,ܡܢ,,,,Peshitta,PESH
10,2 Samuel,17,11,2 Samuel 17:11,9,ܕܢ,,,,Peshitta,PESH
10,2 Samuel,17,11,2 Samuel 17:11,10,ܘܥܕܡܐ,,,,Peshitta,PESH
10,2 Samuel,17,11,2 Samuel 17:11,11,ܠܒܪܫܒܥ,,,,Peshitta,PESH
10,2 Samuel,17,11,2 Samuel 17:11,12,ܘܐܢܬ,,,,Peshitta,PESH
10,2 Samuel,17,11,2 Samuel 17:11,13,ܐܙܠ,,,,Peshitta,PESH
10,2 Samuel,17,11,2 Samuel 17:11,14,ܒܡܨܥܬܐ,,,,Peshitta,PESH
10,2 Samuel,17,12,2 Samuel 17:12,1,ܘܐܙܠܝܢ,,,,Peshitta,PESH
10,2 Samuel,17,12,2 Samuel 17:12,2,ܚܢܢ,,,,Peshitta,PESH
10,2 Samuel,17,12,2 Samuel 17:12,3,ܥܠܘܗܝ,,,,Peshitta,PESH
10,2 Samuel,17,12,2 Samuel 17:12,4,ܒܚܕ,,,,Peshitta,PESH
10,2 Samuel,17,12,2 Samuel 17:12,5,ܡܢ,,,,Peshitta,PESH
10,2 Samuel,17,12,2 Samuel 17:12,6,ܐܬܪ̈ܘܬܐ,,,,Peshitta,PESH
10,2 Samuel,17,12,2 Samuel 17:12,7,ܐܝܟܐ,,,,Peshitta,PESH
10,2 Samuel,17,12,2 Samuel 17:12,8,ܕܡܫܬܟܚ,,,,Peshitta,PESH
10,2 Samuel,17,12,2 Samuel 17:12,9,ܘܫܪܝܢ,,,,Peshitta,PESH
10,2 Samuel,17,12,2 Samuel 17:12,10,ܚܢܢ,,,,Peshitta,PESH
10,2 Samuel,17,12,2 Samuel 17:12,11,ܥܠܘܗܝ,,,,Peshitta,PESH
10,2 Samuel,17,12,2 Samuel 17:12,12,ܐܝܟ,,,,Peshitta,PESH
10,2 Samuel,17,12,2 Samuel 17:12,13,ܕܢܦܠ,,,,Peshitta,PESH
10,2 Samuel,17,12,2 Samuel 17:12,14,ܛܠܐ,,,,Peshitta,PESH
10,2 Samuel,17,12,2 Samuel 17:12,15,ܥܠ,,,,Peshitta,PESH
10,2 Samuel,17,12,2 Samuel 17:12,16,ܐܪܥܐ,,,,Peshitta,PESH
10,2 Samuel,17,12,2 Samuel 17:12,17,ܘܠܐ,,,,Peshitta,PESH
10,2 Samuel,17,12,2 Samuel 17:12,18,ܢܘܬܪ,,,,Peshitta,PESH
10,2 Samuel,17,12,2 Samuel 17:12,19,ܡܢܗ,,,,Peshitta,PESH
10,2 Samuel,17,12,2 Samuel 17:12,20,ܡܢ,,,,Peshitta,PESH
10,2 Samuel,17,12,2 Samuel 17:12,21,ܟܠ,,,,Peshitta,PESH
10,2 Samuel,17,12,2 Samuel 17:12,22,ܐܢܫ,,,,Peshitta,PESH
10,2 Samuel,17,12,2 Samuel 17:12,23,ܕܐܝܬ,,,,Peshitta,PESH
10,2 Samuel,17,12,2 Samuel 17:12,24,ܥܡܗ,,,,Peshitta,PESH
10,2 Samuel,17,12,2 Samuel 17:12,25,ܐܦ,,,,Peshitta,PESH
10,2 Samuel,17,12,2 Samuel 17:12,26,ܠܐ,,,,Peshitta,PESH
10,2 Samuel,17,12,2 Samuel 17:12,27,ܚܕ,,,,Peshitta,PESH
10,2 Samuel,17,13,2 Samuel 17:13,1,ܘܐܢ,,,,Peshitta,PESH
10,2 Samuel,17,13,2 Samuel 17:13,2,ܠܩܪܝܬܐ,,,,Peshitta,PESH
10,2 Samuel,17,13,2 Samuel 17:13,3,ܢܥܘܠ,,,,Peshitta,PESH
10,2 Samuel,17,13,2 Samuel 17:13,4,ܢܪܡܘܢ,,,,Peshitta,PESH
10,2 Samuel,17,13,2 Samuel 17:13,5,ܒܗ̇,,,,Peshitta,PESH
10,2 Samuel,17,13,2 Samuel 17:13,6,ܟܠܗ,,,,Peshitta,PESH
10,2 Samuel,17,13,2 Samuel 17:13,7,ܐܝܣܪܝܠ,,,,Peshitta,PESH
10,2 Samuel,17,13,2 Samuel 17:13,8,ܚܒ̈ܠܐ,,,,Peshitta,PESH
10,2 Samuel,17,13,2 Samuel 17:13,9,ܘܢܓܕܘܢܗ,,,,Peshitta,PESH
10,2 Samuel,17,13,2 Samuel 17:13,10,ܥܕܡܐ,,,,Peshitta,PESH
10,2 Samuel,17,13,2 Samuel 17:13,11,ܠܢܚܠܐ,,,,Peshitta,PESH
10,2 Samuel,17,13,2 Samuel 17:13,12,ܘܠܐ,,,,Peshitta,PESH
10,2 Samuel,17,13,2 Samuel 17:13,13,ܢܫܒܘܩ,,,,Peshitta,PESH
10,2 Samuel,17,13,2 Samuel 17:13,14,ܬܡܢ,,,,Peshitta,PESH
10,2 Samuel,17,13,2 Samuel 17:13,15,ܐܦ,,,,Peshitta,PESH
10,2 Samuel,17,13,2 Samuel 17:13,16,ܠܐ,,,,Peshitta,PESH
10,2 Samuel,17,13,2 Samuel 17:13,17,ܨܨܪܐ,,,,Peshitta,PESH
10,2 Samuel,17,14,2 Samuel 17:14,1,ܐܡܪ,,,,Peshitta,PESH
10,2 Samuel,17,14,2 Samuel 17:14,2,ܐܒܫܠܘܡ,,,,Peshitta,PESH
10,2 Samuel,17,14,2 Samuel 17:14,3,ܘܟܠܗ,,,,Peshitta,PESH
10,2 Samuel,17,14,2 Samuel 17:14,4,ܐܝܣܪܝܠ,,,,Peshitta,PESH
10,2 Samuel,17,14,2 Samuel 17:14,5,ܛܒ,,,,Peshitta,PESH
10,2 Samuel,17,14,2 Samuel 17:14,6,ܗܘ,,,,Peshitta,PESH
10,2 Samuel,17,14,2 Samuel 17:14,7,ܡ̣ܠܟܗ,,,,Peshitta,PESH
10,2 Samuel,17,14,2 Samuel 17:14,8,ܕܚܘܫܝ,,,,Peshitta,PESH
10,2 Samuel,17,14,2 Samuel 17:14,9,ܐܪܟܝܐ,,,,Peshitta,PESH
10,2 Samuel,17,14,2 Samuel 17:14,10,ܡܢ,,,,Peshitta,PESH
10,2 Samuel,17,14,2 Samuel 17:14,11,ܡ̣ܠܟܗ,,,,Peshitta,PESH
10,2 Samuel,17,14,2 Samuel 17:14,12,ܕܐܚܝܬܘܦܝܠ,,,,Peshitta,PESH
10,2 Samuel,17,14,2 Samuel 17:14,13,ܘܡܪܝܐ,,,,Peshitta,PESH
10,2 Samuel,17,14,2 Samuel 17:14,14,ܦܩܕ,,,,Peshitta,PESH
10,2 Samuel,17,14,2 Samuel 17:14,15,ܠܡܒܛܠܘ,,,,Peshitta,PESH
10,2 Samuel,17,14,2 Samuel 17:14,16,ܡܠ̣ܟܗ,,,,Peshitta,PESH
10,2 Samuel,17,14,2 Samuel 17:14,17,ܛܒܐ,,,,Peshitta,PESH
10,2 Samuel,17,14,2 Samuel 17:14,18,ܕܐܚܝܬܘܦܝܠ,,,,Peshitta,PESH
10,2 Samuel,17,14,2 Samuel 17:14,19,ܡܛܠ,,,,Peshitta,PESH
10,2 Samuel,17,14,2 Samuel 17:14,20,ܕܢܝܬܐ,,,,Peshitta,PESH
10,2 Samuel,17,14,2 Samuel 17:14,21,ܡܪܝܐ,,,,Peshitta,PESH
10,2 Samuel,17,14,2 Samuel 17:14,22,ܥܠ,,,,Peshitta,PESH
10,2 Samuel,17,14,2 Samuel 17:14,23,ܐܒܫܠܘܡ,,,,Peshitta,PESH
10,2 Samuel,17,14,2 Samuel 17:14,24,ܒܝܫܬܐ,,,,Peshitta,PESH
10,2 Samuel,17,15,2 Samuel 17:15,1,ܐܡܪ,,,,Peshitta,PESH
10,2 Samuel,17,15,2 Samuel 17:15,2,ܚܘܫܝ,,,,Peshitta,PESH
10,2 Samuel,17,15,2 Samuel 17:15,3,ܠܨܕܘܩ,,,,Peshitta,PESH
10,2 Samuel,17,15,2 Samuel 17:15,4,ܘܠܐܒܝܬܪ,,,,Peshitta,PESH
10,2 Samuel,17,15,2 Samuel 17:15,5,ܟܗ̈ܢܐ,,,,Peshitta,PESH
10,2 Samuel,17,15,2 Samuel 17:15,6,ܗܟܢܐ,,,,Peshitta,PESH
10,2 Samuel,17,15,2 Samuel 17:15,7,ܘܗܟܢܐ,,,,Peshitta,PESH
10,2 Samuel,17,15,2 Samuel 17:15,8,ܡܠ̣ܟ,,,,Peshitta,PESH
10,2 Samuel,17,15,2 Samuel 17:15,9,ܐܚܝܬܘܦܝܠ,,,,Peshitta,PESH
10,2 Samuel,17,15,2 Samuel 17:15,10,ܠܐܒܫܠܘܡ,,,,Peshitta,PESH
10,2 Samuel,17,15,2 Samuel 17:15,11,ܘܠܟܠܗ,,,,Peshitta,PESH
10,2 Samuel,17,15,2 Samuel 17:15,12,ܐܝܣܪܝܠ,,,,Peshitta,PESH
10,2 Samuel,17,15,2 Samuel 17:15,13,ܘܗܟܢܐ,,,,Peshitta,PESH
10,2 Samuel,17,15,2 Samuel 17:15,14,ܘܗܟܢܐ,,,,Peshitta,PESH
10,2 Samuel,17,15,2 Samuel 17:15,15,ܡܠܟܬ,,,,Peshitta,PESH
10,2 Samuel,17,15,2 Samuel 17:15,16,ܐܢܐ,,,,Peshitta,PESH
10,2 Samuel,17,16,2 Samuel 17:16,1,ܗܫܐ,,,,Peshitta,PESH
10,2 Samuel,17,16,2 Samuel 17:16,2,ܫܕܪܘ,,,,Peshitta,PESH
10,2 Samuel,17,16,2 Samuel 17:16,3,ܒܥܓܠ,,,,Peshitta,PESH
10,2 Samuel,17,16,2 Samuel 17:16,4,ܚܘܘ,,,,Peshitta,PESH
10,2 Samuel,17,16,2 Samuel 17:16,5,ܠܕܘܝܕ,,,,Peshitta,PESH
10,2 Samuel,17,16,2 Samuel 17:16,6,ܘܐܡܪܘ,,,,Peshitta,PESH
10,2 Samuel,17,16,2 Samuel 17:16,7,ܠܗ,,,,Peshitta,PESH
10,2 Samuel,17,16,2 Samuel 17:16,8,ܠܐ,,,,Peshitta,PESH
10,2 Samuel,17,16,2 Samuel 17:16,9,ܬܒܘܬ,,,,Peshitta,PESH
10,2 Samuel,17,16,2 Samuel 17:16,10,ܒܠܠܝܐ,,,,Peshitta,PESH
10,2 Samuel,17,16,2 Samuel 17:16,11,ܒܦܩܥܬܐ,,,,Peshitta,PESH
10,2 Samuel,17,16,2 Samuel 17:16,12,ܕܡܕܒܪܐ,,,,Peshitta,PESH
10,2 Samuel,17,16,2 Samuel 17:16,13,ܐܠܐ,,,,Peshitta,PESH
10,2 Samuel,17,16,2 Samuel 17:16,14,ܥܒܪ,,,,Peshitta,PESH
10,2 Samuel,17,16,2 Samuel 17:16,15,ܠܟ,,,,Peshitta,PESH
10,2 Samuel,17,16,2 Samuel 17:16,16,ܕܠܐ,,,,Peshitta,PESH
10,2 Samuel,17,16,2 Samuel 17:16,17,ܬܐܒܕ,,,,Peshitta,PESH
10,2 Samuel,17,16,2 Samuel 17:16,18,ܐܢܬ,,,,Peshitta,PESH
10,2 Samuel,17,16,2 Samuel 17:16,19,ܘܟܠܗ,,,,Peshitta,PESH
10,2 Samuel,17,16,2 Samuel 17:16,20,ܥܡܐ,,,,Peshitta,PESH
10,2 Samuel,17,16,2 Samuel 17:16,21,ܕܥܡܟ,,,,Peshitta,PESH
10,2 Samuel,17,17,2 Samuel 17:17,1,ܘܢܬܢ,,,,Peshitta,PESH
10,2 Samuel,17,17,2 Samuel 17:17,2,ܘܐܚܝܡܥܨ,,,,Peshitta,PESH
10,2 Samuel,17,17,2 Samuel 17:17,3,ܩܝܡܝܢ,,,,Peshitta,PESH
10,2 Samuel,17,17,2 Samuel 17:17,4,ܥܠ,,,,Peshitta,PESH
10,2 Samuel,17,17,2 Samuel 17:17,5,ܓܢܒ,,,,Peshitta,PESH
10,2 Samuel,17,17,2 Samuel 17:17,6,ܥܝܢܐ,,,,Peshitta,PESH
10,2 Samuel,17,17,2 Samuel 17:17,7,ܕܩܨܪܐ,,,,Peshitta,PESH
10,2 Samuel,17,17,2 Samuel 17:17,8,ܘܐܙܠܬ,,,,Peshitta,PESH
10,2 Samuel,17,17,2 Samuel 17:17,9,ܐܡܬܐ,,,,Peshitta,PESH
10,2 Samuel,17,17,2 Samuel 17:17,10,ܚܘܝܬ,,,,Peshitta,PESH
10,2 Samuel,17,17,2 Samuel 17:17,11,ܐܢܘܢ,,,,Peshitta,PESH
10,2 Samuel,17,17,2 Samuel 17:17,12,ܘܐܙܠܘ,,,,Peshitta,PESH
10,2 Samuel,17,17,2 Samuel 17:17,13,ܘܚܘܝܘ,,,,Peshitta,PESH
10,2 Samuel,17,17,2 Samuel 17:17,14,ܠܡܠܟܐ,,,,Peshitta,PESH
10,2 Samuel,17,17,2 Samuel 17:17,15,ܕܘܝܕ,,,,Peshitta,PESH
10,2 Samuel,17,17,2 Samuel 17:17,16,ܡܛܘܠ,,,,Peshitta,PESH
10,2 Samuel,17,17,2 Samuel 17:17,17,ܕܠܐ,,,,Peshitta,PESH
10,2 Samuel,17,17,2 Samuel 17:17,18,ܐܫܟܚܘ,,,,Peshitta,PESH
10,2 Samuel,17,17,2 Samuel 17:17,19,ܠܡܬܚܙܝܘ,,,,Peshitta,PESH
10,2 Samuel,17,17,2 Samuel 17:17,20,ܘܠܡܥܠ,,,,Peshitta,PESH
10,2 Samuel,17,17,2 Samuel 17:17,21,ܠܩܪܝܬܐ,,,,Peshitta,PESH
10,2 Samuel,17,18,2 Samuel 17:18,1,ܘܚܙܐ,,,,Peshitta,PESH
10,2 Samuel,17,18,2 Samuel 17:18,2,ܐܢܘܢ,,,,Peshitta,PESH
10,2 Samuel,17,18,2 Samuel 17:18,3,ܛܠܝܐ,,,,Peshitta,PESH
10,2 Samuel,17,18,2 Samuel 17:18,4,ܘܚܘܝ,,,,Peshitta,PESH
10,2 Samuel,17,18,2 Samuel 17:18,5,ܠܐܒܫܠܘܡ,,,,Peshitta,PESH
10,2 Samuel,17,18,2 Samuel 17:18,6,ܘܐܙܠܘ,,,,Peshitta,PESH
10,2 Samuel,17,18,2 Samuel 17:18,7,ܬܪ̈ܝܗܘܢ,,,,Peshitta,PESH
10,2 Samuel,17,18,2 Samuel 17:18,8,ܘܥܠܘ,,,,Peshitta,PESH
10,2 Samuel,17,18,2 Samuel 17:18,9,ܠܒܝܬܗ,,,,Peshitta,PESH
10,2 Samuel,17,18,2 Samuel 17:18,10,ܕܓܒܪܐ,,,,Peshitta,PESH
10,2 Samuel,17,18,2 Samuel 17:18,11,ܚܕ,,,,Peshitta,PESH
10,2 Samuel,17,18,2 Samuel 17:18,12,ܡܢ,,,,Peshitta,PESH
10,2 Samuel,17,18,2 Samuel 17:18,13,ܒܝܬ,,,,Peshitta,PESH
10,2 Samuel,17,18,2 Samuel 17:18,14,ܚܘܪܝܡ,,,,Peshitta,PESH
10,2 Samuel,17,18,2 Samuel 17:18,15,ܘܐܝܬ,,,,Peshitta,PESH
10,2 Samuel,17,18,2 Samuel 17:18,16,ܗܘܬ,,,,Peshitta,PESH
10,2 Samuel,17,18,2 Samuel 17:18,17,ܠܗ,,,,Peshitta,PESH
10,2 Samuel,17,18,2 Samuel 17:18,18,ܒܪܐ,,,,Peshitta,PESH
10,2 Samuel,17,18,2 Samuel 17:18,19,ܒܕܪܬܗ,,,,Peshitta,PESH
10,2 Samuel,17,18,2 Samuel 17:18,20,ܘܢܚܬܘ,,,,Peshitta,PESH
10,2 Samuel,17,18,2 Samuel 17:18,21,ܠܗ̇,,,,Peshitta,PESH
10,2 Samuel,17,19,2 Samuel 17:19,1,ܘܢܣܒܬ,,,,Peshitta,PESH
10,2 Samuel,17,19,2 Samuel 17:19,2,ܠܗ̇,,,,Peshitta,PESH
10,2 Samuel,17,19,2 Samuel 17:19,3,ܐܢܬܬܐ,,,,Peshitta,PESH
10,2 Samuel,17,19,2 Samuel 17:19,4,ܦܪܣܐ,,,,Peshitta,PESH
10,2 Samuel,17,19,2 Samuel 17:19,5,ܘܦܪܣܬ,,,,Peshitta,PESH
10,2 Samuel,17,19,2 Samuel 17:19,6,ܠܥܠ,,,,Peshitta,PESH
10,2 Samuel,17,19,2 Samuel 17:19,7,ܡܢ,,,,Peshitta,PESH
10,2 Samuel,17,19,2 Samuel 17:19,8,ܒܪܐ,,,,Peshitta,PESH
10,2 Samuel,17,19,2 Samuel 17:19,9,ܘܫܛܚܬ,,,,Peshitta,PESH
10,2 Samuel,17,19,2 Samuel 17:19,10,ܥܠܘܗܝ,,,,Peshitta,PESH
10,2 Samuel,17,19,2 Samuel 17:19,11,ܪܘܫܐ,,,,Peshitta,PESH
10,2 Samuel,17,19,2 Samuel 17:19,12,ܘܐܢܫ,,,,Peshitta,PESH
10,2 Samuel,17,19,2 Samuel 17:19,13,ܠܐ,,,,Peshitta,PESH
10,2 Samuel,17,19,2 Samuel 17:19,14,ܝܕܥ,,,,Peshitta,PESH
10,2 Samuel,17,20,2 Samuel 17:20,1,ܘܐܬܘ,,,,Peshitta,PESH
10,2 Samuel,17,20,2 Samuel 17:20,2,ܥܒ̈ܕܘܗܝ,,,,Peshitta,PESH
10,2 Samuel,17,20,2 Samuel 17:20,3,ܕܐܒܫܠܘܡ,,,,Peshitta,PESH
10,2 Samuel,17,20,2 Samuel 17:20,4,ܠܒܝܬܗ̇,,,,Peshitta,PESH
10,2 Samuel,17,20,2 Samuel 17:20,5,ܕܐܢܬܬܐ,,,,Peshitta,PESH
10,2 Samuel,17,20,2 Samuel 17:20,6,ܘܐܡܪܝܢ,,,,Peshitta,PESH
10,2 Samuel,17,20,2 Samuel 17:20,7,ܐܝܟܘ,,,,Peshitta,PESH
10,2 Samuel,17,20,2 Samuel 17:20,8,ܐܚܝܡܥܨ,,,,Peshitta,PESH
10,2 Samuel,17,20,2 Samuel 17:20,9,ܘܢܬܢ,,,,Peshitta,PESH
10,2 Samuel,17,20,2 Samuel 17:20,10,ܐܡܪܐ,,,,Peshitta,PESH
10,2 Samuel,17,20,2 Samuel 17:20,11,ܠܗܘܢ,,,,Peshitta,PESH
10,2 Samuel,17,20,2 Samuel 17:20,12,ܐܢܬܬܐ,,,,Peshitta,PESH
10,2 Samuel,17,20,2 Samuel 17:20,13,ܥܒܪܘ,,,,Peshitta,PESH
10,2 Samuel,17,20,2 Samuel 17:20,14,ܠܗܘܢ,,,,Peshitta,PESH
10,2 Samuel,17,20,2 Samuel 17:20,15,ܡܟܐ,,,,Peshitta,PESH
10,2 Samuel,17,20,2 Samuel 17:20,16,ܡܛܠ,,,,Peshitta,PESH
10,2 Samuel,17,20,2 Samuel 17:20,17,ܕܡ̈ܝܐ,,,,Peshitta,PESH
10,2 Samuel,17,20,2 Samuel 17:20,18,ܒܥܘ,,,,Peshitta,PESH
10,2 Samuel,17,20,2 Samuel 17:20,19,ܘܠܐ,,,,Peshitta,PESH
10,2 Samuel,17,20,2 Samuel 17:20,20,ܐܫܟܚܘ,,,,Peshitta,PESH
10,2 Samuel,17,20,2 Samuel 17:20,21,ܘܗܦܟܘ,,,,Peshitta,PESH
10,2 Samuel,17,20,2 Samuel 17:20,22,ܠܗܘܢ,,,,Peshitta,PESH
10,2 Samuel,17,20,2 Samuel 17:20,23,ܠܐܘܪܫܠܡ,,,,Peshitta,PESH
10,2 Samuel,17,21,2 Samuel 17:21,1,ܘܡܢ,,,,Peshitta,PESH
10,2 Samuel,17,21,2 Samuel 17:21,2,ܒܬܪ,,,,Peshitta,PESH
10,2 Samuel,17,21,2 Samuel 17:21,3,ܕܐܙܠܘ,,,,Peshitta,PESH
10,2 Samuel,17,21,2 Samuel 17:21,4,ܠܗܘܢ,,,,Peshitta,PESH
10,2 Samuel,17,21,2 Samuel 17:21,5,ܣܠܩܘ,,,,Peshitta,PESH
10,2 Samuel,17,21,2 Samuel 17:21,6,ܗܢܘܢ,,,,Peshitta,PESH
10,2 Samuel,17,21,2 Samuel 17:21,7,ܡܢ,,,,Peshitta,PESH
10,2 Samuel,17,21,2 Samuel 17:21,8,ܒܪܐ,,,,Peshitta,PESH
10,2 Samuel,17,21,2 Samuel 17:21,9,ܘܐܙܠܘ,,,,Peshitta,PESH
10,2 Samuel,17,21,2 Samuel 17:21,10,ܚܘܝܘ,,,,Peshitta,PESH
10,2 Samuel,17,21,2 Samuel 17:21,11,ܠܡܠܟܐ,,,,Peshitta,PESH
10,2 Samuel,17,21,2 Samuel 17:21,12,ܕܘܝܕ,,,,Peshitta,PESH
10,2 Samuel,17,21,2 Samuel 17:21,13,ܘܐܡܪܘ,,,,Peshitta,PESH
10,2 Samuel,17,21,2 Samuel 17:21,14,ܠܗ,,,,Peshitta,PESH
10,2 Samuel,17,21,2 Samuel 17:21,15,ܩܘܡ,,,,Peshitta,PESH
10,2 Samuel,17,21,2 Samuel 17:21,16,ܒܥܓܠ,,,,Peshitta,PESH
10,2 Samuel,17,21,2 Samuel 17:21,17,ܘܥܒܪ,,,,Peshitta,PESH
10,2 Samuel,17,21,2 Samuel 17:21,18,ܡ̈ܝܐ,,,,Peshitta,PESH
10,2 Samuel,17,21,2 Samuel 17:21,19,ܡܛܠ,,,,Peshitta,PESH
10,2 Samuel,17,21,2 Samuel 17:21,20,ܕܗܟܢܐ,,,,Peshitta,PESH
10,2 Samuel,17,21,2 Samuel 17:21,21,ܡܠ̣ܟ,,,,Peshitta,PESH
10,2 Samuel,17,21,2 Samuel 17:21,22,ܥܠܝܟܘܢ,,,,Peshitta,PESH
10,2 Samuel,17,21,2 Samuel 17:21,23,ܐܚܝܬܘܦܝܠ,,,,Peshitta,PESH
10,2 Samuel,17,22,2 Samuel 17:22,1,ܘܩܡ,,,,Peshitta,PESH
10,2 Samuel,17,22,2 Samuel 17:22,2,ܕܘܝܕ,,,,Peshitta,PESH
10,2 Samuel,17,22,2 Samuel 17:22,3,ܘܟܠܗ,,,,Peshitta,PESH
10,2 Samuel,17,22,2 Samuel 17:22,4,ܥܡܐ,,,,Peshitta,PESH
10,2 Samuel,17,22,2 Samuel 17:22,5,ܕܥܡܗ,,,,Peshitta,PESH
10,2 Samuel,17,22,2 Samuel 17:22,6,ܘܥܒܪܘ,,,,Peshitta,PESH
10,2 Samuel,17,22,2 Samuel 17:22,7,ܝܘܪܕܢܢ,,,,Peshitta,PESH
10,2 Samuel,17,22,2 Samuel 17:22,8,ܘܟܕ,,,,Peshitta,PESH
10,2 Samuel,17,22,2 Samuel 17:22,9,ܣܠܩ,,,,Peshitta,PESH
10,2 Samuel,17,22,2 Samuel 17:22,10,ܫܦܪܐ,,,,Peshitta,PESH
10,2 Samuel,17,22,2 Samuel 17:22,11,ܠܐ,,,,Peshitta,PESH
10,2 Samuel,17,22,2 Samuel 17:22,12,ܦܫ,,,,Peshitta,PESH
10,2 Samuel,17,22,2 Samuel 17:22,13,ܐܢܫ,,,,Peshitta,PESH
10,2 Samuel,17,22,2 Samuel 17:22,14,ܕܠܐ,,,,Peshitta,PESH
10,2 Samuel,17,22,2 Samuel 17:22,15,ܥܒܪ,,,,Peshitta,PESH
10,2 Samuel,17,22,2 Samuel 17:22,16,ܝܘܪܕܢܢ,,,,Peshitta,PESH
10,2 Samuel,17,23,2 Samuel 17:23,1,ܘܐܚܝܬܘܦܝܠ,,,,Peshitta,PESH
10,2 Samuel,17,23,2 Samuel 17:23,2,ܚܙܐ,,,,Peshitta,PESH
10,2 Samuel,17,23,2 Samuel 17:23,3,ܕܠܐ,,,,Peshitta,PESH
10,2 Samuel,17,23,2 Samuel 17:23,4,ܫܪ,,,,Peshitta,PESH
10,2 Samuel,17,23,2 Samuel 17:23,5,ܡܠ̣ܟܗ,,,,Peshitta,PESH
10,2 Samuel,17,23,2 Samuel 17:23,6,ܘܐܪܡܝ,,,,Peshitta,PESH
10,2 Samuel,17,23,2 Samuel 17:23,7,ܥܠ,,,,Peshitta,PESH
10,2 Samuel,17,23,2 Samuel 17:23,8,ܚܡܪܗ,,,,Peshitta,PESH
10,2 Samuel,17,23,2 Samuel 17:23,9,ܘܩܡ,,,,Peshitta,PESH
10,2 Samuel,17,23,2 Samuel 17:23,10,ܐܙܠ,,,,Peshitta,PESH
10,2 Samuel,17,23,2 Samuel 17:23,11,ܠܒܝܬܗ,,,,Peshitta,PESH
10,2 Samuel,17,23,2 Samuel 17:23,12,ܘܠܩܪܝܬܗ,,,,Peshitta,PESH
10,2 Samuel,17,23,2 Samuel 17:23,13,ܘܦܩܕ,,,,Peshitta,PESH
10,2 Samuel,17,23,2 Samuel 17:23,14,ܥܠ,,,,Peshitta,PESH
10,2 Samuel,17,23,2 Samuel 17:23,15,ܒܝܬܗ,,,,Peshitta,PESH
10,2 Samuel,17,23,2 Samuel 17:23,16,ܘܚܢܩ,,,,Peshitta,PESH
10,2 Samuel,17,23,2 Samuel 17:23,17,ܢܦܫܗ,,,,Peshitta,PESH
10,2 Samuel,17,23,2 Samuel 17:23,18,ܘܡܝܬ,,,,Peshitta,PESH
10,2 Samuel,17,23,2 Samuel 17:23,19,ܘܐܬܩܒܪ,,,,Peshitta,PESH
10,2 Samuel,17,23,2 Samuel 17:23,20,ܒܩܒܪܐ,,,,Peshitta,PESH
10,2 Samuel,17,23,2 Samuel 17:23,21,ܕܐܒܘܗܝ,,,,Peshitta,PESH
10,2 Samuel,17,24,2 Samuel 17:24,1,ܘܕܘܝܕ,,,,Peshitta,PESH
10,2 Samuel,17,24,2 Samuel 17:24,2,ܥܒܪ,,,,Peshitta,PESH
10,2 Samuel,17,24,2 Samuel 17:24,3,ܠܡܚܢܝܡ,,,,Peshitta,PESH
10,2 Samuel,17,24,2 Samuel 17:24,4,ܘܐܒܫܠܘܡ,,,,Peshitta,PESH
10,2 Samuel,17,24,2 Samuel 17:24,5,ܥܒܪ,,,,Peshitta,PESH
10,2 Samuel,17,24,2 Samuel 17:24,6,ܝܘܪܕܢܢ,,,,Peshitta,PESH
10,2 Samuel,17,24,2 Samuel 17:24,7,ܗܘ,,,,Peshitta,PESH
10,2 Samuel,17,24,2 Samuel 17:24,8,ܘܟܠܗ,,,,Peshitta,PESH
10,2 Samuel,17,24,2 Samuel 17:24,9,ܐܝܣܪܝܠ,,,,Peshitta,PESH
10,2 Samuel,17,24,2 Samuel 17:24,10,ܥܡܗ,,,,Peshitta,PESH
10,2 Samuel,17,25,2 Samuel 17:25,1,ܘܠܥܡܣܐ,,,,Peshitta,PESH
10,2 Samuel,17,25,2 Samuel 17:25,2,ܐܩܝܡ,,,,Peshitta,PESH
10,2 Samuel,17,25,2 Samuel 17:25,3,ܐܒܫܠܘܡ,,,,Peshitta,PESH
10,2 Samuel,17,25,2 Samuel 17:25,4,ܚܠܦ,,,,Peshitta,PESH
10,2 Samuel,17,25,2 Samuel 17:25,5,ܝܘܐܒ,,,,Peshitta,PESH
10,2 Samuel,17,25,2 Samuel 17:25,6,ܥܠ,,,,Peshitta,PESH
10,2 Samuel,17,25,2 Samuel 17:25,7,ܚܝܠܐ,,,,Peshitta,PESH
10,2 Samuel,17,25,2 Samuel 17:25,8,ܘܥܡܣܐ,,,,Peshitta,PESH
10,2 Samuel,17,25,2 Samuel 17:25,9,ܒܪ,,,,Peshitta,PESH
10,2 Samuel,17,25,2 Samuel 17:25,10,ܓܒܪܐ,,,,Peshitta,PESH
10,2 Samuel,17,25,2 Samuel 17:25,11,ܗܘܐ,,,,Peshitta,PESH
10,2 Samuel,17,25,2 Samuel 17:25,12,ܐܝܣܪܠܝܐ,,,,Peshitta,PESH
10,2 Samuel,17,25,2 Samuel 17:25,13,ܘܫܡܗ,,,,Peshitta,PESH
10,2 Samuel,17,25,2 Samuel 17:25,14,ܝܬܪܐ,,,,Peshitta,PESH
10,2 Samuel,17,25,2 Samuel 17:25,15,ܕܥܠ,,,,Peshitta,PESH
10,2 Samuel,17,25,2 Samuel 17:25,16,ܥܠ,,,,Peshitta,PESH
10,2 Samuel,17,25,2 Samuel 17:25,17,ܐܒܝܓܠ,,,,Peshitta,PESH
10,2 Samuel,17,25,2 Samuel 17:25,18,ܒܪܬ,,,,Peshitta,PESH
10,2 Samuel,17,25,2 Samuel 17:25,19,ܢܚܫ,,,,Peshitta,PESH
10,2 Samuel,17,25,2 Samuel 17:25,20,ܚܬܗ̇,,,,Peshitta,PESH
10,2 Samuel,17,25,2 Samuel 17:25,21,ܕܨܘܪܝܐ,,,,Peshitta,PESH
10,2 Samuel,17,25,2 Samuel 17:25,22,ܐܡܗ,,,,Peshitta,PESH
10,2 Samuel,17,25,2 Samuel 17:25,23,ܕܝܘܐܒ,,,,Peshitta,PESH
10,2 Samuel,17,26,2 Samuel 17:26,1,ܘܫܪܐ,,,,Peshitta,PESH
10,2 Samuel,17,26,2 Samuel 17:26,2,ܐܝܣܪܝܠ,,,,Peshitta,PESH
10,2 Samuel,17,26,2 Samuel 17:26,3,ܘܐܒܫܠܘܡ,,,,Peshitta,PESH
10,2 Samuel,17,26,2 Samuel 17:26,4,ܒܐܪܥܐ,,,,Peshitta,PESH
10,2 Samuel,17,26,2 Samuel 17:26,5,ܕܓܠܥܕ,,,,Peshitta,PESH
10,2 Samuel,17,27,2 Samuel 17:27,1,ܘܟܕ,,,,Peshitta,PESH
10,2 Samuel,17,27,2 Samuel 17:27,2,ܐܬܐ,,,,Peshitta,PESH
10,2 Samuel,17,27,2 Samuel 17:27,3,ܕܘܝܕ,,,,Peshitta,PESH
10,2 Samuel,17,27,2 Samuel 17:27,4,ܠܡܚܢܝܡ,,,,Peshitta,PESH
10,2 Samuel,17,27,2 Samuel 17:27,5,ܘܐܒܝܫܝ,,,,Peshitta,PESH
10,2 Samuel,17,27,2 Samuel 17:27,6,ܒܪ,,,,Peshitta,PESH
10,2 Samuel,17,27,2 Samuel 17:27,7,ܢܚܫ,,,,Peshitta,PESH
10,2 Samuel,17,27,2 Samuel 17:27,8,ܡܢ,,,,Peshitta,PESH
10,2 Samuel,17,27,2 Samuel 17:27,9,ܪܒܬ,,,,Peshitta,PESH
10,2 Samuel,17,27,2 Samuel 17:27,10,ܕܒܢ̈ܝ,,,,Peshitta,PESH
10,2 Samuel,17,27,2 Samuel 17:27,11,ܥܡܘܢ,,,,Peshitta,PESH
10,2 Samuel,17,27,2 Samuel 17:27,12,ܘܡܟܝܪ,,,,Peshitta,PESH
10,2 Samuel,17,27,2 Samuel 17:27,13,ܒܪ,,,,Peshitta,PESH
10,2 Samuel,17,27,2 Samuel 17:27,14,ܓܡܝܠ,,,,Peshitta,PESH
10,2 Samuel,17,27,2 Samuel 17:27,15,ܡܢ,,,,Peshitta,PESH
10,2 Samuel,17,27,2 Samuel 17:27,16,ܠܘܕܒܪ,,,,Peshitta,PESH
10,2 Samuel,17,27,2 Samuel 17:27,17,ܘܒܪܙܠܝ,,,,Peshitta,PESH
10,2 Samuel,17,27,2 Samuel 17:27,18,ܓܠܥܕܝܐ,,,,Peshitta,PESH
10,2 Samuel,17,27,2 Samuel 17:27,19,ܡܢ,,,,Peshitta,PESH
10,2 Samuel,17,27,2 Samuel 17:27,20,ܕܘܒܠܝܢ,,,,Peshitta,PESH
10,2 Samuel,17,28,2 Samuel 17:28,1,ܩܪܒܘ,,,,Peshitta,PESH
10,2 Samuel,17,28,2 Samuel 17:28,2,ܥܪ̈ܣܬܐ,,,,Peshitta,PESH
10,2 Samuel,17,28,2 Samuel 17:28,3,ܘܬܫ̈ܘܝܬܐ,,,,Peshitta,PESH
10,2 Samuel,17,28,2 Samuel 17:28,4,ܘܡܐ̈ܢܐ,,,,Peshitta,PESH
10,2 Samuel,17,28,2 Samuel 17:28,5,ܕܦܚܪܐ,,,,Peshitta,PESH
10,2 Samuel,17,28,2 Samuel 17:28,6,ܘܚ̈ܛܐ,,,,Peshitta,PESH
10,2 Samuel,17,28,2 Samuel 17:28,7,ܘܣܥܪ̈ܐ,,,,Peshitta,PESH
10,2 Samuel,17,28,2 Samuel 17:28,8,ܘܩ̈ܠܝܬܐ,,,,Peshitta,PESH
10,2 Samuel,17,28,2 Samuel 17:28,9,ܘܩܡܚܐ,,,,Peshitta,PESH
10,2 Samuel,17,28,2 Samuel 17:28,10,ܘܓܘ̈ܡܐ,,,,Peshitta,PESH
10,2 Samuel,17,28,2 Samuel 17:28,11,ܘܛܠܦܚ̈ܐ,,,,Peshitta,PESH
10,2 Samuel,17,29,2 Samuel 17:29,1,ܘܕܒܫܐ,,,,Peshitta,PESH
10,2 Samuel,17,29,2 Samuel 17:29,2,ܘܚܐܘܬܐ,,,,Peshitta,PESH
10,2 Samuel,17,29,2 Samuel 17:29,3,ܘܥܢܐ,,,,Peshitta,PESH
10,2 Samuel,17,29,2 Samuel 17:29,4,ܘܓܘܒ̈ܢܐ,,,,Peshitta,PESH
10,2 Samuel,17,29,2 Samuel 17:29,5,ܕܬܘܪ̈ܐ,,,,Peshitta,PESH
10,2 Samuel,17,29,2 Samuel 17:29,6,ܩܪܒܘ,,,,Peshitta,PESH
10,2 Samuel,17,29,2 Samuel 17:29,7,ܠܕܘܝܕ,,,,Peshitta,PESH
10,2 Samuel,17,29,2 Samuel 17:29,8,ܘܠܥܡܐ,,,,Peshitta,PESH
10,2 Samuel,17,29,2 Samuel 17:29,9,ܕܐܝܬ,,,,Peshitta,PESH
10,2 Samuel,17,29,2 Samuel 17:29,10,ܥܡܗ,,,,Peshitta,PESH
10,2 Samuel,17,29,2 Samuel 17:29,11,ܠܡܐܟܠ,,,,Peshitta,PESH
10,2 Samuel,17,29,2 Samuel 17:29,12,ܡܛܠ,,,,Peshitta,PESH
10,2 Samuel,17,29,2 Samuel 17:29,13,ܕܐܡܪ̈ܝܢ,,,,Peshitta,PESH
10,2 Samuel,17,29,2 Samuel 17:29,14,ܕܥܡܐ,,,,Peshitta,PESH
10,2 Samuel,17,29,2 Samuel 17:29,15,ܟܦܢ,,,,Peshitta,PESH
10,2 Samuel,17,29,2 Samuel 17:29,16,ܗܘ,,,,Peshitta,PESH
10,2 Samuel,17,29,2 Samuel 17:29,17,ܘܡܛܪܦ,,,,Peshitta,PESH
10,2 Samuel,17,29,2 Samuel 17:29,18,ܘܨܗܐ,,,,Peshitta,PESH
10,2 Samuel,17,29,2 Samuel 17:29,19,ܒܡܕܒܪܐ,,,,Peshitta,PESH
10,2 Samuel,18,1,2 Samuel 18:1,1,ܘܡܢܐ,,,,Peshitta,PESH
10,2 Samuel,18,1,2 Samuel 18:1,2,ܕܘܝܕ,,,,Peshitta,PESH
10,2 Samuel,18,1,2 Samuel 18:1,3,ܠܥܡܐ,,,,Peshitta,PESH
10,2 Samuel,18,1,2 Samuel 18:1,4,ܕܥܡܗ,,,,Peshitta,PESH
10,2 Samuel,18,1,2 Samuel 18:1,5,ܘܐܩܝܡ,,,,Peshitta,PESH
10,2 Samuel,18,1,2 Samuel 18:1,6,ܥܠܝܗܘܢ,,,,Peshitta,PESH
10,2 Samuel,18,1,2 Samuel 18:1,7,ܪ̈ܒܝ,,,,Peshitta,PESH
10,2 Samuel,18,1,2 Samuel 18:1,8,ܐ̈ܠܦܐ,,,,Peshitta,PESH
10,2 Samuel,18,1,2 Samuel 18:1,9,ܘܪ̈ܒܝ,,,,Peshitta,PESH
10,2 Samuel,18,1,2 Samuel 18:1,10,ܡܐ̈ܘܬܐ,,,,Peshitta,PESH
10,2 Samuel,18,2,2 Samuel 18:2,1,ܬܘܠܬܐ,,,,Peshitta,PESH
10,2 Samuel,18,2,2 Samuel 18:2,2,ܥܡ,,,,Peshitta,PESH
10,2 Samuel,18,2,2 Samuel 18:2,3,ܝܘܐܒ,,,,Peshitta,PESH
10,2 Samuel,18,2,2 Samuel 18:2,4,ܘܬܘܠܬܐ,,,,Peshitta,PESH
10,2 Samuel,18,2,2 Samuel 18:2,5,ܥܡ,,,,Peshitta,PESH
10,2 Samuel,18,2,2 Samuel 18:2,6,ܐܒܝܫܝ,,,,Peshitta,PESH
10,2 Samuel,18,2,2 Samuel 18:2,7,ܒܪ,,,,Peshitta,PESH
10,2 Samuel,18,2,2 Samuel 18:2,8,ܨܘܪܝܐ,,,,Peshitta,PESH
10,2 Samuel,18,2,2 Samuel 18:2,9,ܐܚܘܗܝ,,,,Peshitta,PESH
10,2 Samuel,18,2,2 Samuel 18:2,10,ܕܝܘܐܒ,,,,Peshitta,PESH
10,2 Samuel,18,2,2 Samuel 18:2,11,ܘܬܘܠܬܐ,,,,Peshitta,PESH
10,2 Samuel,18,2,2 Samuel 18:2,12,ܥܡ,,,,Peshitta,PESH
10,2 Samuel,18,2,2 Samuel 18:2,13,ܐܬܝ,,,,Peshitta,PESH
10,2 Samuel,18,2,2 Samuel 18:2,14,ܓܬܝܐ,,,,Peshitta,PESH
10,2 Samuel,18,2,2 Samuel 18:2,15,ܘܐܡܪ,,,,Peshitta,PESH
10,2 Samuel,18,2,2 Samuel 18:2,16,ܡܠܟܐ,,,,Peshitta,PESH
10,2 Samuel,18,2,2 Samuel 18:2,17,ܠܥܡܐ,,,,Peshitta,PESH
10,2 Samuel,18,3,2 Samuel 18:3,1,ܐܢ,,,,Peshitta,PESH
10,2 Samuel,18,3,2 Samuel 18:3,2,ܡܥܪܩ,,,,Peshitta,PESH
10,2 Samuel,18,3,2 Samuel 18:3,3,ܥܪܩܝܢܢ,,,,Peshitta,PESH
10,2 Samuel,18,3,2 Samuel 18:3,4,ܠܐ,,,,Peshitta,PESH
10,2 Samuel,18,3,2 Samuel 18:3,5,ܣܝܡܝܢ,,,,Peshitta,PESH
10,2 Samuel,18,3,2 Samuel 18:3,6,ܥܠܝܢ,,,,Peshitta,PESH
10,2 Samuel,18,3,2 Samuel 18:3,7,ܒܠܒܗܘܢ,,,,Peshitta,PESH
10,2 Samuel,18,3,2 Samuel 18:3,8,ܗܫܐ,,,,Peshitta,PESH
10,2 Samuel,18,3,2 Samuel 18:3,9,ܟܕܘ,,,,Peshitta,PESH
10,2 Samuel,18,3,2 Samuel 18:3,10,ܠܢ,,,,Peshitta,PESH
10,2 Samuel,18,3,2 Samuel 18:3,11,ܥܣܪܐ,,,,Peshitta,PESH
10,2 Samuel,18,3,2 Samuel 18:3,12,ܐ̈ܠܦܝܢ,,,,Peshitta,PESH
10,2 Samuel,18,3,2 Samuel 18:3,13,ܛܒ,,,,Peshitta,PESH
10,2 Samuel,18,3,2 Samuel 18:3,14,ܠܢ,,,,Peshitta,PESH
10,2 Samuel,18,3,2 Samuel 18:3,15,ܕܢܗܘܘܢ,,,,Peshitta,PESH
10,2 Samuel,18,3,2 Samuel 18:3,16,ܠܢ,,,,Peshitta,PESH
10,2 Samuel,18,3,2 Samuel 18:3,17,ܡܥܕܪ̈ܢܐ,,,,Peshitta,PESH
10,2 Samuel,18,3,2 Samuel 18:3,18,ܡܢ,,,,Peshitta,PESH
10,2 Samuel,18,3,2 Samuel 18:3,19,ܩܘܪ̈ܝܐ,,,,Peshitta,PESH
10,2 Samuel,18,3,2 Samuel 18:3,20,ܘܐܡܪܘ,,,,Peshitta,PESH
10,2 Samuel,18,3,2 Samuel 18:3,21,ܠܗ,,,,Peshitta,PESH
10,2 Samuel,18,3,2 Samuel 18:3,22,ܥܒ̈ܕܘܗܝ,,,,Peshitta,PESH
10,2 Samuel,18,3,2 Samuel 18:3,23,ܠܕܘܝܕ,,,,Peshitta,PESH
10,2 Samuel,18,3,2 Samuel 18:3,24,ܚܢܢ,,,,Peshitta,PESH
10,2 Samuel,18,3,2 Samuel 18:3,25,ܢܦܘܩ,,,,Peshitta,PESH
10,2 Samuel,18,3,2 Samuel 18:3,26,ܘܢܣܬܪܗܒ,,,,Peshitta,PESH
10,2 Samuel,18,3,2 Samuel 18:3,27,ܠܡܬܟܬܫܘ,,,,Peshitta,PESH
10,2 Samuel,18,3,2 Samuel 18:3,28,ܥܡܗܘܢ,,,,Peshitta,PESH
10,2 Samuel,18,4,2 Samuel 18:4,1,ܐܡܪ,,,,Peshitta,PESH
10,2 Samuel,18,4,2 Samuel 18:4,2,ܠܗܘܢ,,,,Peshitta,PESH
10,2 Samuel,18,4,2 Samuel 18:4,3,ܡܠܟܐ,,,,Peshitta,PESH
10,2 Samuel,18,4,2 Samuel 18:4,4,ܡܕܡ,,,,Peshitta,PESH
10,2 Samuel,18,4,2 Samuel 18:4,5,ܕܫܦܝܪ,,,,Peshitta,PESH
10,2 Samuel,18,4,2 Samuel 18:4,6,ܒܥܝܢܝ̈ܟܘܢ,,,,Peshitta,PESH
10,2 Samuel,18,4,2 Samuel 18:4,7,ܥܒܕܘ,,,,Peshitta,PESH
10,2 Samuel,18,4,2 Samuel 18:4,8,ܘܩܡ,,,,Peshitta,PESH
10,2 Samuel,18,4,2 Samuel 18:4,9,ܡܠܟܐ,,,,Peshitta,PESH
10,2 Samuel,18,4,2 Samuel 18:4,10,ܥܠ,,,,Peshitta,PESH
10,2 Samuel,18,4,2 Samuel 18:4,11,ܝܕ,,,,Peshitta,PESH
10,2 Samuel,18,4,2 Samuel 18:4,12,ܬܪܥܐ,,,,Peshitta,PESH
10,2 Samuel,18,4,2 Samuel 18:4,13,ܘܟܠܗ,,,,Peshitta,PESH
10,2 Samuel,18,4,2 Samuel 18:4,14,ܥܡܐ,,,,Peshitta,PESH
10,2 Samuel,18,4,2 Samuel 18:4,15,ܢܦܩܘ,,,,Peshitta,PESH
10,2 Samuel,18,4,2 Samuel 18:4,16,ܠܡܐ̈ܘܬܐ,,,,Peshitta,PESH
10,2 Samuel,18,4,2 Samuel 18:4,17,ܘܠܐ̈ܠܦܐ,,,,Peshitta,PESH
10,2 Samuel,18,5,2 Samuel 18:5,1,ܘܦܩܕ,,,,Peshitta,PESH
10,2 Samuel,18,5,2 Samuel 18:5,2,ܡܠܟܐ,,,,Peshitta,PESH
10,2 Samuel,18,5,2 Samuel 18:5,3,ܠܝܘܐܒ,,,,Peshitta,PESH
10,2 Samuel,18,5,2 Samuel 18:5,4,ܘܠܐܒܝܫܝ,,,,Peshitta,PESH
10,2 Samuel,18,5,2 Samuel 18:5,5,ܘܠܐܬܝ,,,,Peshitta,PESH
10,2 Samuel,18,5,2 Samuel 18:5,6,ܕܐܚܘܕܘ,,,,Peshitta,PESH
10,2 Samuel,18,5,2 Samuel 18:5,7,ܠܝ,,,,Peshitta,PESH
10,2 Samuel,18,5,2 Samuel 18:5,8,ܠܛܠܝܐ,,,,Peshitta,PESH
10,2 Samuel,18,5,2 Samuel 18:5,9,ܐܒܫܠܘܡ,,,,Peshitta,PESH
10,2 Samuel,18,5,2 Samuel 18:5,10,ܟܕ,,,,Peshitta,PESH
10,2 Samuel,18,5,2 Samuel 18:5,11,ܚܝ,,,,Peshitta,PESH
10,2 Samuel,18,5,2 Samuel 18:5,12,ܘܫܡܥ,,,,Peshitta,PESH
10,2 Samuel,18,5,2 Samuel 18:5,13,ܟܠܗ,,,,Peshitta,PESH
10,2 Samuel,18,5,2 Samuel 18:5,14,ܥܡܐ,,,,Peshitta,PESH
10,2 Samuel,18,5,2 Samuel 18:5,15,ܟܕ,,,,Peshitta,PESH
10,2 Samuel,18,5,2 Samuel 18:5,16,ܦܩܕ,,,,Peshitta,PESH
10,2 Samuel,18,5,2 Samuel 18:5,17,ܡܠܟܐ,,,,Peshitta,PESH
10,2 Samuel,18,5,2 Samuel 18:5,18,ܠܟܠܗܘܢ,,,,Peshitta,PESH
10,2 Samuel,18,5,2 Samuel 18:5,19,ܪ̈ܘܪܒܢܐ,,,,Peshitta,PESH
10,2 Samuel,18,5,2 Samuel 18:5,20,ܥܠ,,,,Peshitta,PESH
10,2 Samuel,18,5,2 Samuel 18:5,21,ܨܒܘܬܐ,,,,Peshitta,PESH
10,2 Samuel,18,5,2 Samuel 18:5,22,ܐܒܫܠܘܡ,,,,Peshitta,PESH
10,2 Samuel,18,6,2 Samuel 18:6,1,ܘܢܦܩܘ,,,,Peshitta,PESH
10,2 Samuel,18,6,2 Samuel 18:6,2,ܥܡܐ,,,,Peshitta,PESH
10,2 Samuel,18,6,2 Samuel 18:6,3,ܠܕܒܪܐ,,,,Peshitta,PESH
10,2 Samuel,18,6,2 Samuel 18:6,4,ܠܐܘܪܥܗ,,,,Peshitta,PESH
10,2 Samuel,18,6,2 Samuel 18:6,5,ܕܐܝܣܪܐܝܠ,,,,Peshitta,PESH
10,2 Samuel,18,6,2 Samuel 18:6,6,ܘܗܘܐ,,,,Peshitta,PESH
10,2 Samuel,18,6,2 Samuel 18:6,7,ܩܪܒܐ,,,,Peshitta,PESH
10,2 Samuel,18,7,2 Samuel 18:7,1,ܘܐܬܬܒܪ,,,,Peshitta,PESH
10,2 Samuel,18,7,2 Samuel 18:7,2,ܬܡܢ,,,,Peshitta,PESH
10,2 Samuel,18,7,2 Samuel 18:7,3,ܥܡܐ,,,,Peshitta,PESH
10,2 Samuel,18,7,2 Samuel 18:7,4,ܕܐܝܣܪܝܠ,,,,Peshitta,PESH
10,2 Samuel,18,7,2 Samuel 18:7,5,ܩܕܡ,,,,Peshitta,PESH
10,2 Samuel,18,7,2 Samuel 18:7,6,ܥܒ̈ܕܘܗܝ,,,,Peshitta,PESH
10,2 Samuel,18,7,2 Samuel 18:7,7,ܕܕܘܝܕ,,,,Peshitta,PESH
10,2 Samuel,18,7,2 Samuel 18:7,8,ܘܗܘܐ,,,,Peshitta,PESH
10,2 Samuel,18,7,2 Samuel 18:7,9,ܬܡܢ,,,,Peshitta,PESH
10,2 Samuel,18,7,2 Samuel 18:7,10,ܡܘܬܢܐ,,,,Peshitta,PESH
10,2 Samuel,18,7,2 Samuel 18:7,11,ܪܒܐ,,,,Peshitta,PESH
10,2 Samuel,18,7,2 Samuel 18:7,12,ܥܣܪ̈ܝܢ,,,,Peshitta,PESH
10,2 Samuel,18,7,2 Samuel 18:7,13,ܐ̈ܠܦܝܢ,,,,Peshitta,PESH
10,2 Samuel,18,8,2 Samuel 18:8,1,ܘܗܘܐ,,,,Peshitta,PESH
10,2 Samuel,18,8,2 Samuel 18:8,2,ܩܪܒܐ,,,,Peshitta,PESH
10,2 Samuel,18,8,2 Samuel 18:8,3,ܣܓܝܐܐ,,,,Peshitta,PESH
10,2 Samuel,18,8,2 Samuel 18:8,4,ܕܛܒ,,,,Peshitta,PESH
10,2 Samuel,18,8,2 Samuel 18:8,5,ܥܠ,,,,Peshitta,PESH
10,2 Samuel,18,8,2 Samuel 18:8,6,ܐ̈ܦܝܗ̇,,,,Peshitta,PESH
10,2 Samuel,18,8,2 Samuel 18:8,7,ܕܐܪܥܐ,,,,Peshitta,PESH
10,2 Samuel,18,8,2 Samuel 18:8,8,ܘܐܟܠܬ,,,,Peshitta,PESH
10,2 Samuel,18,8,2 Samuel 18:8,9,ܚܝܘܬ,,,,Peshitta,PESH
10,2 Samuel,18,8,2 Samuel 18:8,10,ܥܒܐ,,,,Peshitta,PESH
10,2 Samuel,18,8,2 Samuel 18:8,11,ܡܢ,,,,Peshitta,PESH
10,2 Samuel,18,8,2 Samuel 18:8,12,ܥܡܐ,,,,Peshitta,PESH
10,2 Samuel,18,8,2 Samuel 18:8,13,ܝܬܝܪ,,,,Peshitta,PESH
10,2 Samuel,18,8,2 Samuel 18:8,14,ܡܢ,,,,Peshitta,PESH
10,2 Samuel,18,8,2 Samuel 18:8,15,ܕܐܘܒܕܬ,,,,Peshitta,PESH
10,2 Samuel,18,8,2 Samuel 18:8,16,ܚܪܒܐ,,,,Peshitta,PESH
10,2 Samuel,18,8,2 Samuel 18:8,17,ܒܗ̇ܘ,,,,Peshitta,PESH
10,2 Samuel,18,8,2 Samuel 18:8,18,ܝܘܡܐ,,,,Peshitta,PESH
10,2 Samuel,18,9,2 Samuel 18:9,1,ܘܐܣܬܩܒܠ,,,,Peshitta,PESH
10,2 Samuel,18,9,2 Samuel 18:9,2,ܐܒܫܠܘܡ,,,,Peshitta,PESH
10,2 Samuel,18,9,2 Samuel 18:9,3,ܩܕܡ,,,,Peshitta,PESH
10,2 Samuel,18,9,2 Samuel 18:9,4,ܥܒ̈ܕܘܗܝ,,,,Peshitta,PESH
10,2 Samuel,18,9,2 Samuel 18:9,5,ܕܕܘܝܕ,,,,Peshitta,PESH
10,2 Samuel,18,9,2 Samuel 18:9,6,ܘܐܒܫܠܘܡ,,,,Peshitta,PESH
10,2 Samuel,18,9,2 Samuel 18:9,7,ܪܟܝܒ,,,,Peshitta,PESH
10,2 Samuel,18,9,2 Samuel 18:9,8,ܗܘܐ,,,,Peshitta,PESH
10,2 Samuel,18,9,2 Samuel 18:9,9,ܥܠ,,,,Peshitta,PESH
10,2 Samuel,18,9,2 Samuel 18:9,10,ܟܘܕܢܝܐ,,,,Peshitta,PESH
10,2 Samuel,18,9,2 Samuel 18:9,11,ܘܥܠ,,,,Peshitta,PESH
10,2 Samuel,18,9,2 Samuel 18:9,12,ܟܘܕܢܝܐ,,,,Peshitta,PESH
10,2 Samuel,18,9,2 Samuel 18:9,13,ܬܚܝܬ,,,,Peshitta,PESH
10,2 Samuel,18,9,2 Samuel 18:9,14,ܣܘܟܬܐ,,,,Peshitta,PESH
10,2 Samuel,18,9,2 Samuel 18:9,15,ܕܐܝܠܬܐ,,,,Peshitta,PESH
10,2 Samuel,18,9,2 Samuel 18:9,16,ܪܒܬܐ,,,,Peshitta,PESH
10,2 Samuel,18,9,2 Samuel 18:9,17,ܘܐܬܥܪܝ,,,,Peshitta,PESH
10,2 Samuel,18,9,2 Samuel 18:9,18,ܪܝܫܗ,,,,Peshitta,PESH
10,2 Samuel,18,9,2 Samuel 18:9,19,ܕܐܒܫܠܘܡ,,,,Peshitta,PESH
10,2 Samuel,18,9,2 Samuel 18:9,20,ܒܐܝܠܬܐ,,,,Peshitta,PESH
10,2 Samuel,18,9,2 Samuel 18:9,21,ܪܒܬܐ,,,,Peshitta,PESH
10,2 Samuel,18,9,2 Samuel 18:9,22,ܘܐܬܬܠܝ,,,,Peshitta,PESH
10,2 Samuel,18,9,2 Samuel 18:9,23,ܒܝܬ,,,,Peshitta,PESH
10,2 Samuel,18,9,2 Samuel 18:9,24,ܫܡܝܐ,,,,Peshitta,PESH
10,2 Samuel,18,9,2 Samuel 18:9,25,ܠܐܪܥܐ,,,,Peshitta,PESH
10,2 Samuel,18,9,2 Samuel 18:9,26,ܘܟܘܕܢܝܐ,,,,Peshitta,PESH
10,2 Samuel,18,9,2 Samuel 18:9,27,ܕܬܚܘܬܘܗܝ,,,,Peshitta,PESH
10,2 Samuel,18,9,2 Samuel 18:9,28,ܥܒܪ,,,,Peshitta,PESH
10,2 Samuel,18,9,2 Samuel 18:9,29,ܘܐܙܠ,,,,Peshitta,PESH
10,2 Samuel,18,10,2 Samuel 18:10,1,ܘܚܙܐ,,,,Peshitta,PESH
10,2 Samuel,18,10,2 Samuel 18:10,2,ܓܒܪܐ,,,,Peshitta,PESH
10,2 Samuel,18,10,2 Samuel 18:10,3,ܘܚܘܝ,,,,Peshitta,PESH
10,2 Samuel,18,10,2 Samuel 18:10,4,ܠܝܘܐܒ,,,,Peshitta,PESH
10,2 Samuel,18,10,2 Samuel 18:10,5,ܘܐܡܪ,,,,Peshitta,PESH
10,2 Samuel,18,10,2 Samuel 18:10,6,ܚܙܝܬܗ,,,,Peshitta,PESH
10,2 Samuel,18,10,2 Samuel 18:10,7,ܠܐܒܫܠܘܡ,,,,Peshitta,PESH
10,2 Samuel,18,10,2 Samuel 18:10,8,ܟܕ,,,,Peshitta,PESH
10,2 Samuel,18,10,2 Samuel 18:10,9,ܬܠܐ,,,,Peshitta,PESH
10,2 Samuel,18,10,2 Samuel 18:10,10,ܒܐܝܠܬܐ,,,,Peshitta,PESH
10,2 Samuel,18,11,2 Samuel 18:11,1,ܐܡܪ,,,,Peshitta,PESH
10,2 Samuel,18,11,2 Samuel 18:11,2,ܠܗ,,,,Peshitta,PESH
10,2 Samuel,18,11,2 Samuel 18:11,3,ܝܘܐܒ,,,,Peshitta,PESH
10,2 Samuel,18,11,2 Samuel 18:11,4,ܠܓܒܪܐ,,,,Peshitta,PESH
10,2 Samuel,18,11,2 Samuel 18:11,5,ܕܚܘܝܗ,,,,Peshitta,PESH
10,2 Samuel,18,11,2 Samuel 18:11,6,ܟܕ,,,,Peshitta,PESH
10,2 Samuel,18,11,2 Samuel 18:11,7,ܚܙܝܬܝܗܝ,,,,Peshitta,PESH
10,2 Samuel,18,11,2 Samuel 18:11,8,ܠܡܢܐ,,,,Peshitta,PESH
10,2 Samuel,18,11,2 Samuel 18:11,9,ܠܐ,,,,Peshitta,PESH
10,2 Samuel,18,11,2 Samuel 18:11,10,ܡܚܝܬܝܗܝ,,,,Peshitta,PESH
10,2 Samuel,18,11,2 Samuel 18:11,11,ܘܐܪܡܝܬܝܗܝ,,,,Peshitta,PESH
10,2 Samuel,18,11,2 Samuel 18:11,12,ܥܠ,,,,Peshitta,PESH
10,2 Samuel,18,11,2 Samuel 18:11,13,ܐܪܥܐ,,,,Peshitta,PESH
10,2 Samuel,18,11,2 Samuel 18:11,14,ܘܐܢܐ,,,,Peshitta,PESH
10,2 Samuel,18,11,2 Samuel 18:11,15,ܝܗܒ,,,,Peshitta,PESH
10,2 Samuel,18,11,2 Samuel 18:11,16,ܗܘܝܬ,,,,Peshitta,PESH
10,2 Samuel,18,11,2 Samuel 18:11,17,ܠܟ,,,,Peshitta,PESH
10,2 Samuel,18,11,2 Samuel 18:11,18,ܥܣܪܐ,,,,Peshitta,PESH
10,2 Samuel,18,11,2 Samuel 18:11,19,ܕܟܣܦܐ,,,,Peshitta,PESH
10,2 Samuel,18,11,2 Samuel 18:11,20,ܘܠܒܘܫܐ,,,,Peshitta,PESH
10,2 Samuel,18,11,2 Samuel 18:11,21,ܚܕ,,,,Peshitta,PESH
10,2 Samuel,18,12,2 Samuel 18:12,1,ܐܡܪ,,,,Peshitta,PESH
10,2 Samuel,18,12,2 Samuel 18:12,2,ܠܗ,,,,Peshitta,PESH
10,2 Samuel,18,12,2 Samuel 18:12,3,ܗ̇ܘ,,,,Peshitta,PESH
10,2 Samuel,18,12,2 Samuel 18:12,4,ܓܒܪܐ,,,,Peshitta,PESH
10,2 Samuel,18,12,2 Samuel 18:12,5,ܠܝܘܐܒ,,,,Peshitta,PESH
10,2 Samuel,18,12,2 Samuel 18:12,6,ܐܠܘ,,,,Peshitta,PESH
10,2 Samuel,18,12,2 Samuel 18:12,7,ܡܢܝܬ,,,,Peshitta,PESH
10,2 Samuel,18,12,2 Samuel 18:12,8,ܝܗܒܬ,,,,Peshitta,PESH
10,2 Samuel,18,12,2 Samuel 18:12,9,ܠܝ,,,,Peshitta,PESH
10,2 Samuel,18,12,2 Samuel 18:12,10,ܐܠܦ,,,,Peshitta,PESH
10,2 Samuel,18,12,2 Samuel 18:12,11,ܕܟܣܦܐ,,,,Peshitta,PESH
10,2 Samuel,18,12,2 Samuel 18:12,12,ܠܐ,,,,Peshitta,PESH
10,2 Samuel,18,12,2 Samuel 18:12,13,ܐܘܫܛܬ,,,,Peshitta,PESH
10,2 Samuel,18,12,2 Samuel 18:12,14,ܐܝܕܝ,,,,Peshitta,PESH
10,2 Samuel,18,12,2 Samuel 18:12,15,ܥܠ,,,,Peshitta,PESH
10,2 Samuel,18,12,2 Samuel 18:12,16,ܒܪ,,,,Peshitta,PESH
10,2 Samuel,18,12,2 Samuel 18:12,17,ܡܠܟܐ,,,,Peshitta,PESH
10,2 Samuel,18,12,2 Samuel 18:12,18,ܩܕܡܝ,,,,Peshitta,PESH
10,2 Samuel,18,12,2 Samuel 18:12,19,ܓܝܪ,,,,Peshitta,PESH
10,2 Samuel,18,12,2 Samuel 18:12,20,ܦܩܕ,,,,Peshitta,PESH
10,2 Samuel,18,12,2 Samuel 18:12,21,ܡܠܟܐ,,,,Peshitta,PESH
10,2 Samuel,18,12,2 Samuel 18:12,22,ܠܟ,,,,Peshitta,PESH
10,2 Samuel,18,12,2 Samuel 18:12,23,ܘܠܐܒܝܫܝ,,,,Peshitta,PESH
10,2 Samuel,18,12,2 Samuel 18:12,24,ܘܠܐܬܝ,,,,Peshitta,PESH
10,2 Samuel,18,12,2 Samuel 18:12,25,ܘܐܡܪ,,,,Peshitta,PESH
10,2 Samuel,18,12,2 Samuel 18:12,26,ܕܐܙܕܗܪܘ,,,,Peshitta,PESH
10,2 Samuel,18,12,2 Samuel 18:12,27,ܠܝ,,,,Peshitta,PESH
10,2 Samuel,18,12,2 Samuel 18:12,28,ܒܛܠܝܐ,,,,Peshitta,PESH
10,2 Samuel,18,12,2 Samuel 18:12,29,ܐܒܫܠܘܡ,,,,Peshitta,PESH
10,2 Samuel,18,13,2 Samuel 18:13,1,ܐܠܘ,,,,Peshitta,PESH
10,2 Samuel,18,13,2 Samuel 18:13,2,ܥܒܕܬ,,,,Peshitta,PESH
10,2 Samuel,18,13,2 Samuel 18:13,3,ܒܢܦܫܝ,,,,Peshitta,PESH
10,2 Samuel,18,13,2 Samuel 18:13,4,ܡܣܟܠ,,,,Peshitta,PESH
10,2 Samuel,18,13,2 Samuel 18:13,5,ܗܘܝܬ,,,,Peshitta,PESH
10,2 Samuel,18,13,2 Samuel 18:13,6,ܘܡܕܡ,,,,Peshitta,PESH
10,2 Samuel,18,13,2 Samuel 18:13,7,ܠܐ,,,,Peshitta,PESH
10,2 Samuel,18,13,2 Samuel 18:13,8,ܡܬܛܫܐ,,,,Peshitta,PESH
10,2 Samuel,18,13,2 Samuel 18:13,9,ܗܘܐ,,,,Peshitta,PESH
10,2 Samuel,18,13,2 Samuel 18:13,10,ܡܢ,,,,Peshitta,PESH
10,2 Samuel,18,13,2 Samuel 18:13,11,ܡܠܟܐ,,,,Peshitta,PESH
10,2 Samuel,18,13,2 Samuel 18:13,12,ܘܐܢܬ,,,,Peshitta,PESH
10,2 Samuel,18,13,2 Samuel 18:13,13,ܩܐܡ,,,,Peshitta,PESH
10,2 Samuel,18,13,2 Samuel 18:13,14,ܗܘܝܬ,,,,Peshitta,PESH
10,2 Samuel,18,13,2 Samuel 18:13,15,ܡܢ,,,,Peshitta,PESH
10,2 Samuel,18,13,2 Samuel 18:13,16,ܩܒܘܠ,,,,Peshitta,PESH
10,2 Samuel,18,14,2 Samuel 18:14,1,ܐܡܪ,,,,Peshitta,PESH
10,2 Samuel,18,14,2 Samuel 18:14,2,ܠܗ,,,,Peshitta,PESH
10,2 Samuel,18,14,2 Samuel 18:14,3,ܝܘܐܒ,,,,Peshitta,PESH
10,2 Samuel,18,14,2 Samuel 18:14,4,ܠܐ,,,,Peshitta,PESH
10,2 Samuel,18,14,2 Samuel 18:14,5,ܗܟܢܐ,,,,Peshitta,PESH
10,2 Samuel,18,14,2 Samuel 18:14,6,ܐܢܐ,,,,Peshitta,PESH
10,2 Samuel,18,14,2 Samuel 18:14,7,ܐܫܪܐ,,,,Peshitta,PESH
10,2 Samuel,18,14,2 Samuel 18:14,8,ܩܕܡܝܟ,,,,Peshitta,PESH
10,2 Samuel,18,14,2 Samuel 18:14,9,ܘܢܣܒ,,,,Peshitta,PESH
10,2 Samuel,18,14,2 Samuel 18:14,10,ܝܘܐܒ,,,,Peshitta,PESH
10,2 Samuel,18,14,2 Samuel 18:14,11,ܬܠܬܐ,,,,Peshitta,PESH
10,2 Samuel,18,14,2 Samuel 18:14,12,ܫܒ̈ܛܝܢ,,,,Peshitta,PESH
10,2 Samuel,18,14,2 Samuel 18:14,13,ܒܐܝܕܗ,,,,Peshitta,PESH
10,2 Samuel,18,14,2 Samuel 18:14,14,ܘܡܚܐ,,,,Peshitta,PESH
10,2 Samuel,18,14,2 Samuel 18:14,15,ܐܢܘܢ,,,,Peshitta,PESH
10,2 Samuel,18,14,2 Samuel 18:14,16,ܒܠܒܗ,,,,Peshitta,PESH
10,2 Samuel,18,14,2 Samuel 18:14,17,ܕܐܒܫܠܘܡ,,,,Peshitta,PESH
10,2 Samuel,18,14,2 Samuel 18:14,18,ܘܥܕܟܝܠ,,,,Peshitta,PESH
10,2 Samuel,18,14,2 Samuel 18:14,19,ܚܝ,,,,Peshitta,PESH
10,2 Samuel,18,14,2 Samuel 18:14,20,ܗܘܐ,,,,Peshitta,PESH
10,2 Samuel,18,14,2 Samuel 18:14,21,ܘܬܠܐ,,,,Peshitta,PESH
10,2 Samuel,18,14,2 Samuel 18:14,22,ܒܐܝܠܬܐ,,,,Peshitta,PESH
10,2 Samuel,18,15,2 Samuel 18:15,1,ܘܗܦܟܘ,,,,Peshitta,PESH
10,2 Samuel,18,15,2 Samuel 18:15,2,ܥܣܪ̈ܐ,,,,Peshitta,PESH
10,2 Samuel,18,15,2 Samuel 18:15,3,ܥܠܝܡ̈ܝܢ,,,,Peshitta,PESH
10,2 Samuel,18,15,2 Samuel 18:15,4,ܫܩܝ̈ܠܝ,,,,Peshitta,PESH
10,2 Samuel,18,15,2 Samuel 18:15,5,ܡܐ̈ܢܘܗܝ,,,,Peshitta,PESH
10,2 Samuel,18,15,2 Samuel 18:15,6,ܕܝܘܐܒ,,,,Peshitta,PESH
10,2 Samuel,18,15,2 Samuel 18:15,7,ܘܡܚܐܘܗܝ,,,,Peshitta,PESH
10,2 Samuel,18,15,2 Samuel 18:15,8,ܠܐܒܫܠܘܡ,,,,Peshitta,PESH
10,2 Samuel,18,15,2 Samuel 18:15,9,ܘܩܛܠܘܗܝ,,,,Peshitta,PESH
10,2 Samuel,18,16,2 Samuel 18:16,1,ܘܩܪܐ,,,,Peshitta,PESH
10,2 Samuel,18,16,2 Samuel 18:16,2,ܝܘܐܒ,,,,Peshitta,PESH
10,2 Samuel,18,16,2 Samuel 18:16,3,ܒܫܝܦܘܪܐ,,,,Peshitta,PESH
10,2 Samuel,18,16,2 Samuel 18:16,4,ܘܗܦܟ,,,,Peshitta,PESH
10,2 Samuel,18,16,2 Samuel 18:16,5,ܥܡܐ,,,,Peshitta,PESH
10,2 Samuel,18,16,2 Samuel 18:16,6,ܕܪܕܦ,,,,Peshitta,PESH
10,2 Samuel,18,16,2 Samuel 18:16,7,ܗܘܐ,,,,Peshitta,PESH
10,2 Samuel,18,16,2 Samuel 18:16,8,ܒܬܪ,,,,Peshitta,PESH
10,2 Samuel,18,16,2 Samuel 18:16,9,ܐܝܣܪܐܝܠ,,,,Peshitta,PESH
10,2 Samuel,18,16,2 Samuel 18:16,10,ܡܛܠ,,,,Peshitta,PESH
10,2 Samuel,18,16,2 Samuel 18:16,11,ܕܟܠܝܗܝ,,,,Peshitta,PESH
10,2 Samuel,18,16,2 Samuel 18:16,12,ܝܘܐܒ,,,,Peshitta,PESH
10,2 Samuel,18,16,2 Samuel 18:16,13,ܠܥܡܐ,,,,Peshitta,PESH
10,2 Samuel,18,17,2 Samuel 18:17,1,ܘܢܣܒܘܗܝ,,,,Peshitta,PESH
10,2 Samuel,18,17,2 Samuel 18:17,2,ܠܐܒܫܠܘܡ,,,,Peshitta,PESH
10,2 Samuel,18,17,2 Samuel 18:17,3,ܘܐܪܡܝܘܗܝ,,,,Peshitta,PESH
10,2 Samuel,18,17,2 Samuel 18:17,4,ܒܓܘܒܐ,,,,Peshitta,PESH
10,2 Samuel,18,17,2 Samuel 18:17,5,ܒܓܘܡܨܐ,,,,Peshitta,PESH
10,2 Samuel,18,17,2 Samuel 18:17,6,ܪܒܐ,,,,Peshitta,PESH
10,2 Samuel,18,17,2 Samuel 18:17,7,ܘܐܩܝܡܘ,,,,Peshitta,PESH
10,2 Samuel,18,17,2 Samuel 18:17,8,ܥܠܘܗܝ,,,,Peshitta,PESH
10,2 Samuel,18,17,2 Samuel 18:17,9,ܝܓܪܐ,,,,Peshitta,PESH
10,2 Samuel,18,17,2 Samuel 18:17,10,ܪܒܐ,,,,Peshitta,PESH
10,2 Samuel,18,17,2 Samuel 18:17,11,ܕܟܐ̈ܦܐ,,,,Peshitta,PESH
10,2 Samuel,18,17,2 Samuel 18:17,12,ܪ̈ܘܪܒܬܐ,,,,Peshitta,PESH
10,2 Samuel,18,17,2 Samuel 18:17,13,ܘܟܠܗ,,,,Peshitta,PESH
10,2 Samuel,18,17,2 Samuel 18:17,14,ܐܝܣܪܝܠ,,,,Peshitta,PESH
10,2 Samuel,18,17,2 Samuel 18:17,15,ܥܪܩܘ,,,,Peshitta,PESH
10,2 Samuel,18,17,2 Samuel 18:17,16,ܐܢܫ,,,,Peshitta,PESH
10,2 Samuel,18,17,2 Samuel 18:17,17,ܠܡܫܟܢܗ,,,,Peshitta,PESH
10,2 Samuel,18,18,2 Samuel 18:18,1,ܘܐܒܫܠܘܡ,,,,Peshitta,PESH
10,2 Samuel,18,18,2 Samuel 18:18,2,ܥܕ,,,,Peshitta,PESH
10,2 Samuel,18,18,2 Samuel 18:18,3,ܗܘ,,,,Peshitta,PESH
10,2 Samuel,18,18,2 Samuel 18:18,4,ܚܝ,,,,Peshitta,PESH
10,2 Samuel,18,18,2 Samuel 18:18,5,ܢܣܒ,,,,Peshitta,PESH
10,2 Samuel,18,18,2 Samuel 18:18,6,ܗܘܐ,,,,Peshitta,PESH
10,2 Samuel,18,18,2 Samuel 18:18,7,ܘܐܩܝܡ,,,,Peshitta,PESH
10,2 Samuel,18,18,2 Samuel 18:18,8,ܠܗ,,,,Peshitta,PESH
10,2 Samuel,18,18,2 Samuel 18:18,9,ܨܠܡܐ,,,,Peshitta,PESH
10,2 Samuel,18,18,2 Samuel 18:18,10,ܒܥܘܡܩܐ,,,,Peshitta,PESH
10,2 Samuel,18,18,2 Samuel 18:18,11,ܕܡ̈ܠܟܐ,,,,Peshitta,PESH
10,2 Samuel,18,18,2 Samuel 18:18,12,ܡܛܠ,,,,Peshitta,PESH
10,2 Samuel,18,18,2 Samuel 18:18,13,ܕܐܡܪ,,,,Peshitta,PESH
10,2 Samuel,18,18,2 Samuel 18:18,14,ܗܘܐ,,,,Peshitta,PESH
10,2 Samuel,18,18,2 Samuel 18:18,15,ܕܠܝܬ,,,,Peshitta,PESH
10,2 Samuel,18,18,2 Samuel 18:18,16,ܠܝ,,,,Peshitta,PESH
10,2 Samuel,18,18,2 Samuel 18:18,17,ܡ̇ܢ,,,,Peshitta,PESH
10,2 Samuel,18,18,2 Samuel 18:18,18,ܕܢܥܒܕ,,,,Peshitta,PESH
10,2 Samuel,18,18,2 Samuel 18:18,19,ܫܡܝ,,,,Peshitta,PESH
10,2 Samuel,18,18,2 Samuel 18:18,20,ܘܩܪܝܗܝ,,,,Peshitta,PESH
10,2 Samuel,18,18,2 Samuel 18:18,21,ܠܨܠܡܐ,,,,Peshitta,PESH
10,2 Samuel,18,18,2 Samuel 18:18,22,ܥܠ,,,,Peshitta,PESH
10,2 Samuel,18,18,2 Samuel 18:18,23,ܫܡܗ,,,,Peshitta,PESH
10,2 Samuel,18,18,2 Samuel 18:18,24,ܘܐܬܩܪܝܬ,,,,Peshitta,PESH
10,2 Samuel,18,18,2 Samuel 18:18,25,ܐܝܕܗ,,,,Peshitta,PESH
10,2 Samuel,18,18,2 Samuel 18:18,26,ܕܐܒܫܠܘܡ,,,,Peshitta,PESH
10,2 Samuel,18,18,2 Samuel 18:18,27,ܥܕܡܐ,,,,Peshitta,PESH
10,2 Samuel,18,18,2 Samuel 18:18,28,ܠܝܘܡܢܐ,,,,Peshitta,PESH
10,2 Samuel,18,19,2 Samuel 18:19,1,ܘܐܚܝܡܥܨ,,,,Peshitta,PESH
10,2 Samuel,18,19,2 Samuel 18:19,2,ܒܪ,,,,Peshitta,PESH
10,2 Samuel,18,19,2 Samuel 18:19,3,ܨܕܘܩ,,,,Peshitta,PESH
10,2 Samuel,18,19,2 Samuel 18:19,4,ܐܡܪ,,,,Peshitta,PESH
10,2 Samuel,18,19,2 Samuel 18:19,5,ܐܪܗܛ,,,,Peshitta,PESH
10,2 Samuel,18,19,2 Samuel 18:19,6,ܐܣܒܪܝܘܗܝ,,,,Peshitta,PESH
10,2 Samuel,18,19,2 Samuel 18:19,7,ܠܡܠܟܐ,,,,Peshitta,PESH
10,2 Samuel,18,19,2 Samuel 18:19,8,ܕܕܢܗ,,,,Peshitta,PESH
10,2 Samuel,18,19,2 Samuel 18:19,9,ܡܪܝܐ,,,,Peshitta,PESH
10,2 Samuel,18,19,2 Samuel 18:19,10,ܡܢ,,,,Peshitta,PESH
10,2 Samuel,18,19,2 Samuel 18:19,11,ܐܝܕܐ,,,,Peshitta,PESH
10,2 Samuel,18,19,2 Samuel 18:19,12,ܕܒ̈ܥܠܕܒܒܘܗܝ,,,,Peshitta,PESH
10,2 Samuel,18,20,2 Samuel 18:20,1,ܐܡܪ,,,,Peshitta,PESH
10,2 Samuel,18,20,2 Samuel 18:20,2,ܠܗ,,,,Peshitta,PESH
10,2 Samuel,18,20,2 Samuel 18:20,3,ܝܘܐܒ,,,,Peshitta,PESH
10,2 Samuel,18,20,2 Samuel 18:20,4,ܠܐ,,,,Peshitta,PESH
10,2 Samuel,18,20,2 Samuel 18:20,5,ܘ̇ܠܐ,,,,Peshitta,PESH
10,2 Samuel,18,20,2 Samuel 18:20,6,ܠܟ,,,,Peshitta,PESH
10,2 Samuel,18,20,2 Samuel 18:20,7,ܕܬܣܒܪ,,,,Peshitta,PESH
10,2 Samuel,18,20,2 Samuel 18:20,8,ܝܘܡܢܐ,,,,Peshitta,PESH
10,2 Samuel,18,20,2 Samuel 18:20,9,ܐܠܐ,,,,Peshitta,PESH
10,2 Samuel,18,20,2 Samuel 18:20,10,ܣܒܪ,,,,Peshitta,PESH
10,2 Samuel,18,20,2 Samuel 18:20,11,ܒܝܘܡܐ,,,,Peshitta,PESH
10,2 Samuel,18,20,2 Samuel 18:20,12,ܐܚܪܢܐ,,,,Peshitta,PESH
10,2 Samuel,18,20,2 Samuel 18:20,13,ܠܐ,,,,Peshitta,PESH
10,2 Samuel,18,20,2 Samuel 18:20,14,ܬܣܒܪ,,,,Peshitta,PESH
10,2 Samuel,18,20,2 Samuel 18:20,15,ܝܘܡܢܐ,,,,Peshitta,PESH
10,2 Samuel,18,20,2 Samuel 18:20,16,ܥܠ,,,,Peshitta,PESH
10,2 Samuel,18,20,2 Samuel 18:20,17,ܒܪ,,,,Peshitta,PESH
10,2 Samuel,18,20,2 Samuel 18:20,18,ܡܠܟܐ,,,,Peshitta,PESH
10,2 Samuel,18,20,2 Samuel 18:20,19,ܗܘ,,,,Peshitta,PESH
10,2 Samuel,18,20,2 Samuel 18:20,20,ܓܝܪ,,,,Peshitta,PESH
10,2 Samuel,18,20,2 Samuel 18:20,21,ܡܣܒܪ,,,,Peshitta,PESH
10,2 Samuel,18,20,2 Samuel 18:20,22,ܐܢܬ,,,,Peshitta,PESH
10,2 Samuel,18,20,2 Samuel 18:20,23,ܕܡܝܬ,,,,Peshitta,PESH
10,2 Samuel,18,21,2 Samuel 18:21,1,ܘܐܡܪ,,,,Peshitta,PESH
10,2 Samuel,18,21,2 Samuel 18:21,2,ܝܘܐܒ,,,,Peshitta,PESH
10,2 Samuel,18,21,2 Samuel 18:21,3,ܠܟܘܫܝ,,,,Peshitta,PESH
10,2 Samuel,18,21,2 Samuel 18:21,4,ܙܠ,,,,Peshitta,PESH
10,2 Samuel,18,21,2 Samuel 18:21,5,ܚܘܐ,,,,Peshitta,PESH
10,2 Samuel,18,21,2 Samuel 18:21,6,ܠܡܠܟܐ,,,,Peshitta,PESH
10,2 Samuel,18,21,2 Samuel 18:21,7,ܡܕܡ,,,,Peshitta,PESH
10,2 Samuel,18,21,2 Samuel 18:21,8,ܕܚܙܝܬ,,,,Peshitta,PESH
10,2 Samuel,18,22,2 Samuel 18:22,1,ܘܪܗܛ,,,,Peshitta,PESH
10,2 Samuel,18,22,2 Samuel 18:22,2,ܬܘܒ,,,,Peshitta,PESH
10,2 Samuel,18,22,2 Samuel 18:22,3,ܐܚܝܡܥܨ,,,,Peshitta,PESH
10,2 Samuel,18,22,2 Samuel 18:22,4,ܒܪ,,,,Peshitta,PESH
10,2 Samuel,18,22,2 Samuel 18:22,5,ܨܕܘܩ,,,,Peshitta,PESH
10,2 Samuel,18,22,2 Samuel 18:22,6,ܘܐܡܪ,,,,Peshitta,PESH
10,2 Samuel,18,22,2 Samuel 18:22,7,ܠܗ,,,,Peshitta,PESH
10,2 Samuel,18,22,2 Samuel 18:22,8,ܠܝܘܐܒ,,,,Peshitta,PESH
10,2 Samuel,18,22,2 Samuel 18:22,9,ܡܢܐ,,,,Peshitta,PESH
10,2 Samuel,18,22,2 Samuel 18:22,10,ܡܕܝܢ,,,,Peshitta,PESH
10,2 Samuel,18,22,2 Samuel 18:22,11,ܐܪܗܛ,,,,Peshitta,PESH
10,2 Samuel,18,22,2 Samuel 18:22,12,ܐܦ,,,,Peshitta,PESH
10,2 Samuel,18,22,2 Samuel 18:22,13,ܐܢܐ,,,,Peshitta,PESH
10,2 Samuel,18,22,2 Samuel 18:22,14,ܐܙܠ,,,,Peshitta,PESH
10,2 Samuel,18,22,2 Samuel 18:22,15,ܒܬܪ,,,,Peshitta,PESH
10,2 Samuel,18,22,2 Samuel 18:22,16,ܟܘܫܝ,,,,Peshitta,PESH
10,2 Samuel,18,22,2 Samuel 18:22,17,ܐܡܪ,,,,Peshitta,PESH
10,2 Samuel,18,22,2 Samuel 18:22,18,ܠܗ,,,,Peshitta,PESH
10,2 Samuel,18,22,2 Samuel 18:22,19,ܝܘܐܒ,,,,Peshitta,PESH
10,2 Samuel,18,22,2 Samuel 18:22,20,ܠܡܢܐ,,,,Peshitta,PESH
10,2 Samuel,18,22,2 Samuel 18:22,21,ܪܗܛ,,,,Peshitta,PESH
10,2 Samuel,18,22,2 Samuel 18:22,22,ܐܢܬ,,,,Peshitta,PESH
10,2 Samuel,18,22,2 Samuel 18:22,23,ܒܪܝ,,,,Peshitta,PESH
10,2 Samuel,18,22,2 Samuel 18:22,24,ܕܠܐ,,,,Peshitta,PESH
10,2 Samuel,18,22,2 Samuel 18:22,25,ܐܢܫ,,,,Peshitta,PESH
10,2 Samuel,18,22,2 Samuel 18:22,26,ܝܗܒ,,,,Peshitta,PESH
10,2 Samuel,18,22,2 Samuel 18:22,27,ܠܟ,,,,Peshitta,PESH
10,2 Samuel,18,22,2 Samuel 18:22,28,ܕܣܒܪܬܐ,,,,Peshitta,PESH
10,2 Samuel,18,23,2 Samuel 18:23,1,ܐܡܪ,,,,Peshitta,PESH
10,2 Samuel,18,23,2 Samuel 18:23,2,ܠܗ,,,,Peshitta,PESH
10,2 Samuel,18,23,2 Samuel 18:23,3,ܡܢܐ,,,,Peshitta,PESH
10,2 Samuel,18,23,2 Samuel 18:23,4,ܡܕܝܢ,,,,Peshitta,PESH
10,2 Samuel,18,23,2 Samuel 18:23,5,ܐܪܗܛ,,,,Peshitta,PESH
10,2 Samuel,18,23,2 Samuel 18:23,6,ܐܡܪ,,,,Peshitta,PESH
10,2 Samuel,18,23,2 Samuel 18:23,7,ܠܗ,,,,Peshitta,PESH
10,2 Samuel,18,23,2 Samuel 18:23,8,ܗܪܛ,,,,Peshitta,PESH
10,2 Samuel,18,23,2 Samuel 18:23,9,ܘܪܗܛ,,,,Peshitta,PESH
10,2 Samuel,18,23,2 Samuel 18:23,10,ܐܚܝܡܥܨ,,,,Peshitta,PESH
10,2 Samuel,18,23,2 Samuel 18:23,11,ܒܐܘܪܚܐ,,,,Peshitta,PESH
10,2 Samuel,18,23,2 Samuel 18:23,12,ܕܟܟܪ,,,,Peshitta,PESH
10,2 Samuel,18,23,2 Samuel 18:23,13,ܘܥܒܪܗ,,,,Peshitta,PESH
10,2 Samuel,18,23,2 Samuel 18:23,14,ܠܟܘܫܝ,,,,Peshitta,PESH
10,2 Samuel,18,24,2 Samuel 18:24,1,ܘܕܘܝܕ,,,,Peshitta,PESH
10,2 Samuel,18,24,2 Samuel 18:24,2,ܝܬܒ,,,,Peshitta,PESH
10,2 Samuel,18,24,2 Samuel 18:24,3,ܗܘܐ,,,,Peshitta,PESH
10,2 Samuel,18,24,2 Samuel 18:24,4,ܒܝܬ,,,,Peshitta,PESH
10,2 Samuel,18,24,2 Samuel 18:24,5,ܬܪ̈ܝܢ,,,,Peshitta,PESH
10,2 Samuel,18,24,2 Samuel 18:24,6,ܬܪ̈ܥܝܢ,,,,Peshitta,PESH
10,2 Samuel,18,24,2 Samuel 18:24,7,ܘܗܠܟ,,,,Peshitta,PESH
10,2 Samuel,18,24,2 Samuel 18:24,8,ܕܘܩܐ,,,,Peshitta,PESH
10,2 Samuel,18,24,2 Samuel 18:24,9,ܥܠ,,,,Peshitta,PESH
10,2 Samuel,18,24,2 Samuel 18:24,10,ܐܓܪܐ,,,,Peshitta,PESH
10,2 Samuel,18,24,2 Samuel 18:24,11,ܕܬܪܥܐ,,,,Peshitta,PESH
10,2 Samuel,18,24,2 Samuel 18:24,12,ܕܫܘܪܐ,,,,Peshitta,PESH
10,2 Samuel,18,24,2 Samuel 18:24,13,ܘܐܪܝܡ,,,,Peshitta,PESH
10,2 Samuel,18,24,2 Samuel 18:24,14,ܥܝܢ̈ܘܗܝ,,,,Peshitta,PESH
10,2 Samuel,18,24,2 Samuel 18:24,15,ܘܚܙܐ,,,,Peshitta,PESH
10,2 Samuel,18,24,2 Samuel 18:24,16,ܓܒܪܐ,,,,Peshitta,PESH
10,2 Samuel,18,24,2 Samuel 18:24,17,ܕܪܗ̇ܛ,,,,Peshitta,PESH
10,2 Samuel,18,24,2 Samuel 18:24,18,ܒܠܚܘܕܘܗܝ,,,,Peshitta,PESH
10,2 Samuel,18,25,2 Samuel 18:25,1,ܘܩܪܐ,,,,Peshitta,PESH
10,2 Samuel,18,25,2 Samuel 18:25,2,ܕܘܩܐ,,,,Peshitta,PESH
10,2 Samuel,18,25,2 Samuel 18:25,3,ܘܚܘܝ,,,,Peshitta,PESH
10,2 Samuel,18,25,2 Samuel 18:25,4,ܠܡܠܟܐ,,,,Peshitta,PESH
10,2 Samuel,18,25,2 Samuel 18:25,5,ܘܐܡܪ,,,,Peshitta,PESH
10,2 Samuel,18,25,2 Samuel 18:25,6,ܡܠܟܐ,,,,Peshitta,PESH
10,2 Samuel,18,25,2 Samuel 18:25,7,ܐܢ,,,,Peshitta,PESH
10,2 Samuel,18,25,2 Samuel 18:25,8,ܒܠܚܘܕܘܗܝ,,,,Peshitta,PESH
10,2 Samuel,18,25,2 Samuel 18:25,9,ܗܘ,,,,Peshitta,PESH
10,2 Samuel,18,25,2 Samuel 18:25,10,ܣܒܪܬܐ,,,,Peshitta,PESH
10,2 Samuel,18,25,2 Samuel 18:25,11,ܒܦܘܡܗ,,,,Peshitta,PESH
10,2 Samuel,18,25,2 Samuel 18:25,12,ܘܗܠܟ,,,,Peshitta,PESH
10,2 Samuel,18,25,2 Samuel 18:25,13,ܐܬܐ,,,,Peshitta,PESH
10,2 Samuel,18,25,2 Samuel 18:25,14,ܘܩܪܒ,,,,Peshitta,PESH
10,2 Samuel,18,26,2 Samuel 18:26,1,ܘܩܪܐ,,,,Peshitta,PESH
10,2 Samuel,18,26,2 Samuel 18:26,2,ܕܘܩܐ,,,,Peshitta,PESH
10,2 Samuel,18,26,2 Samuel 18:26,3,ܠܬܪܥܐ,,,,Peshitta,PESH
10,2 Samuel,18,26,2 Samuel 18:26,4,ܘܐܡܪ,,,,Peshitta,PESH
10,2 Samuel,18,26,2 Samuel 18:26,5,ܗܐ,,,,Peshitta,PESH
10,2 Samuel,18,26,2 Samuel 18:26,6,ܓܒܪܐ,,,,Peshitta,PESH
10,2 Samuel,18,26,2 Samuel 18:26,7,ܐܚܪܢܐ,,,,Peshitta,PESH
10,2 Samuel,18,26,2 Samuel 18:26,8,ܪܗ̇ܛ,,,,Peshitta,PESH
10,2 Samuel,18,26,2 Samuel 18:26,9,ܒܠܚܘܕܘܗܝ,,,,Peshitta,PESH
10,2 Samuel,18,27,2 Samuel 18:27,1,ܘܐܡܪ,,,,Peshitta,PESH
10,2 Samuel,18,27,2 Samuel 18:27,2,ܕܘܩܐ,,,,Peshitta,PESH
10,2 Samuel,18,27,2 Samuel 18:27,3,ܚܙܐ,,,,Peshitta,PESH
10,2 Samuel,18,27,2 Samuel 18:27,4,ܐܢܐ,,,,Peshitta,PESH
10,2 Samuel,18,27,2 Samuel 18:27,5,ܪܗܛܗ,,,,Peshitta,PESH
10,2 Samuel,18,27,2 Samuel 18:27,6,ܕܩܕܡܝܐ,,,,Peshitta,PESH
10,2 Samuel,18,27,2 Samuel 18:27,7,ܐܝܟ,,,,Peshitta,PESH
10,2 Samuel,18,27,2 Samuel 18:27,8,ܪܗܛܗ,,,,Peshitta,PESH
10,2 Samuel,18,27,2 Samuel 18:27,9,ܕܐܚܝܡܥܨ,,,,Peshitta,PESH
10,2 Samuel,18,27,2 Samuel 18:27,10,ܒܪ,,,,Peshitta,PESH
10,2 Samuel,18,27,2 Samuel 18:27,11,ܨܕܘܩ,,,,Peshitta,PESH
10,2 Samuel,18,27,2 Samuel 18:27,12,ܐܡܪ,,,,Peshitta,PESH
10,2 Samuel,18,27,2 Samuel 18:27,13,ܡܠܟܐ,,,,Peshitta,PESH
10,2 Samuel,18,27,2 Samuel 18:27,14,ܓܒܪܐ,,,,Peshitta,PESH
10,2 Samuel,18,27,2 Samuel 18:27,15,ܗܘ,,,,Peshitta,PESH
10,2 Samuel,18,27,2 Samuel 18:27,16,ܛܒܐ,,,,Peshitta,PESH
10,2 Samuel,18,27,2 Samuel 18:27,17,ܗܢܐ,,,,Peshitta,PESH
10,2 Samuel,18,27,2 Samuel 18:27,18,ܘܒܣܒܪܬܐ,,,,Peshitta,PESH
10,2 Samuel,18,27,2 Samuel 18:27,19,ܗܘ,,,,Peshitta,PESH
10,2 Samuel,18,27,2 Samuel 18:27,20,ܛܒܬܐ,,,,Peshitta,PESH
10,2 Samuel,18,27,2 Samuel 18:27,21,ܐܬܐ,,,,Peshitta,PESH
10,2 Samuel,18,28,2 Samuel 18:28,1,ܘܩܪܐ,,,,Peshitta,PESH
10,2 Samuel,18,28,2 Samuel 18:28,2,ܠܐܚܝܡܥܨ,,,,Peshitta,PESH
10,2 Samuel,18,28,2 Samuel 18:28,3,ܐܡܪ,,,,Peshitta,PESH
10,2 Samuel,18,28,2 Samuel 18:28,4,ܠܗ,,,,Peshitta,PESH
10,2 Samuel,18,28,2 Samuel 18:28,5,ܡܠܟܐ,,,,Peshitta,PESH
10,2 Samuel,18,28,2 Samuel 18:28,6,ܐܬܝܬ,,,,Peshitta,PESH
10,2 Samuel,18,28,2 Samuel 18:28,7,ܒܫܠܡ,,,,Peshitta,PESH
10,2 Samuel,18,28,2 Samuel 18:28,8,ܘܣܓܕ,,,,Peshitta,PESH
10,2 Samuel,18,28,2 Samuel 18:28,9,ܠܡܠܟܐ,,,,Peshitta,PESH
10,2 Samuel,18,28,2 Samuel 18:28,10,ܥܠ,,,,Peshitta,PESH
10,2 Samuel,18,28,2 Samuel 18:28,11,ܐ̈ܦܘܗܝ,,,,Peshitta,PESH
10,2 Samuel,18,28,2 Samuel 18:28,12,ܥܠ,,,,Peshitta,PESH
10,2 Samuel,18,28,2 Samuel 18:28,13,ܐܪܥܐ,,,,Peshitta,PESH
10,2 Samuel,18,28,2 Samuel 18:28,14,ܘܐܡܪ,,,,Peshitta,PESH
10,2 Samuel,18,28,2 Samuel 18:28,15,ܒܪܝܟ,,,,Peshitta,PESH
10,2 Samuel,18,28,2 Samuel 18:28,16,ܗܘ,,,,Peshitta,PESH
10,2 Samuel,18,28,2 Samuel 18:28,17,ܡܪܝܐ,,,,Peshitta,PESH
10,2 Samuel,18,28,2 Samuel 18:28,18,ܐܠܗܟ,,,,Peshitta,PESH
10,2 Samuel,18,28,2 Samuel 18:28,19,ܕܐܫܠܡ,,,,Peshitta,PESH
10,2 Samuel,18,28,2 Samuel 18:28,20,ܐܢܘܢ,,,,Peshitta,PESH
10,2 Samuel,18,28,2 Samuel 18:28,21,ܠܐܢܫܐ,,,,Peshitta,PESH
10,2 Samuel,18,28,2 Samuel 18:28,22,ܕܐܘܫܒܘ,,,,Peshitta,PESH
10,2 Samuel,18,28,2 Samuel 18:28,23,ܐ̈ܝܕܝܗܘܢ,,,,Peshitta,PESH
10,2 Samuel,18,28,2 Samuel 18:28,24,ܥܠ,,,,Peshitta,PESH
10,2 Samuel,18,28,2 Samuel 18:28,25,ܡܪܝ,,,,Peshitta,PESH
10,2 Samuel,18,28,2 Samuel 18:28,26,ܡܠܟܐ,,,,Peshitta,PESH
10,2 Samuel,18,29,2 Samuel 18:29,1,ܐܡܪ,,,,Peshitta,PESH
10,2 Samuel,18,29,2 Samuel 18:29,2,ܠܗ,,,,Peshitta,PESH
10,2 Samuel,18,29,2 Samuel 18:29,3,ܡܠܟܐ,,,,Peshitta,PESH
10,2 Samuel,18,29,2 Samuel 18:29,4,ܫܪܝܪ,,,,Peshitta,PESH
10,2 Samuel,18,29,2 Samuel 18:29,5,ܗܘ,,,,Peshitta,PESH
10,2 Samuel,18,29,2 Samuel 18:29,6,ܛܠܝܐ,,,,Peshitta,PESH
10,2 Samuel,18,29,2 Samuel 18:29,7,ܐܒܫܠܘܡ,,,,Peshitta,PESH
10,2 Samuel,18,29,2 Samuel 18:29,8,ܐܡܪ,,,,Peshitta,PESH
10,2 Samuel,18,29,2 Samuel 18:29,9,ܠܗ,,,,Peshitta,PESH
10,2 Samuel,18,29,2 Samuel 18:29,10,ܐܚܝܡܥܨ,,,,Peshitta,PESH
10,2 Samuel,18,29,2 Samuel 18:29,11,ܚܙܝܬ,,,,Peshitta,PESH
10,2 Samuel,18,29,2 Samuel 18:29,12,ܚܝܠܐ,,,,Peshitta,PESH
10,2 Samuel,18,29,2 Samuel 18:29,13,ܪܒܐ,,,,Peshitta,PESH
10,2 Samuel,18,29,2 Samuel 18:29,14,ܕܣܕܪ,,,,Peshitta,PESH
10,2 Samuel,18,29,2 Samuel 18:29,15,ܥܠ,,,,Peshitta,PESH
10,2 Samuel,18,29,2 Samuel 18:29,16,ܝܘܐܒ,,,,Peshitta,PESH
10,2 Samuel,18,29,2 Samuel 18:29,17,ܥܒܕܗ,,,,Peshitta,PESH
10,2 Samuel,18,29,2 Samuel 18:29,18,ܕܡܪܝ,,,,Peshitta,PESH
10,2 Samuel,18,29,2 Samuel 18:29,19,ܡܠܟܐ,,,,Peshitta,PESH
10,2 Samuel,18,29,2 Samuel 18:29,20,ܘܠܥܒܕܟ,,,,Peshitta,PESH
10,2 Samuel,18,29,2 Samuel 18:29,21,ܠܐ,,,,Peshitta,PESH
10,2 Samuel,18,29,2 Samuel 18:29,22,ܝܕܥܬ,,,,Peshitta,PESH
10,2 Samuel,18,29,2 Samuel 18:29,23,ܡܢܐ,,,,Peshitta,PESH
10,2 Samuel,18,29,2 Samuel 18:29,24,ܗܘܝܗܝ,,,,Peshitta,PESH
10,2 Samuel,18,30,2 Samuel 18:30,1,ܐܡܪ,,,,Peshitta,PESH
10,2 Samuel,18,30,2 Samuel 18:30,2,ܠܗ,,,,Peshitta,PESH
10,2 Samuel,18,30,2 Samuel 18:30,3,ܡܠܟܐ,,,,Peshitta,PESH
10,2 Samuel,18,30,2 Samuel 18:30,4,ܩܘܡ,,,,Peshitta,PESH
10,2 Samuel,18,30,2 Samuel 18:30,5,ܗܪܟܐ,,,,Peshitta,PESH
10,2 Samuel,18,30,2 Samuel 18:30,6,ܘܐܬܗܦܟ,,,,Peshitta,PESH
10,2 Samuel,18,30,2 Samuel 18:30,7,ܘܩܡ,,,,Peshitta,PESH
10,2 Samuel,18,31,2 Samuel 18:31,1,ܘܗܐ,,,,Peshitta,PESH
10,2 Samuel,18,31,2 Samuel 18:31,2,ܟܘܫܝ,,,,Peshitta,PESH
10,2 Samuel,18,31,2 Samuel 18:31,3,ܐܬܐ,,,,Peshitta,PESH
10,2 Samuel,18,31,2 Samuel 18:31,4,ܘܐܡܪ,,,,Peshitta,PESH
10,2 Samuel,18,31,2 Samuel 18:31,5,ܢܣܬܒܪ,,,,Peshitta,PESH
10,2 Samuel,18,31,2 Samuel 18:31,6,ܡܪܝ,,,,Peshitta,PESH
10,2 Samuel,18,31,2 Samuel 18:31,7,ܡܠܟܐ,,,,Peshitta,PESH
10,2 Samuel,18,31,2 Samuel 18:31,8,ܕܕܢܗ,,,,Peshitta,PESH
10,2 Samuel,18,31,2 Samuel 18:31,9,ܡܪܝܐ,,,,Peshitta,PESH
10,2 Samuel,18,31,2 Samuel 18:31,10,ܝܘܡܢܐ,,,,Peshitta,PESH
10,2 Samuel,18,31,2 Samuel 18:31,11,ܡܢ,,,,Peshitta,PESH
10,2 Samuel,18,31,2 Samuel 18:31,12,ܐܝܕܐ,,,,Peshitta,PESH
10,2 Samuel,18,31,2 Samuel 18:31,13,ܕܟܠ,,,,Peshitta,PESH
10,2 Samuel,18,31,2 Samuel 18:31,14,ܡ̇ܢ,,,,Peshitta,PESH
10,2 Samuel,18,31,2 Samuel 18:31,15,ܕܩܝܡܝܢ,,,,Peshitta,PESH
10,2 Samuel,18,31,2 Samuel 18:31,16,ܥܠܘܗܝ,,,,Peshitta,PESH
10,2 Samuel,18,32,2 Samuel 18:32,1,ܐܡܪ,,,,Peshitta,PESH
10,2 Samuel,18,32,2 Samuel 18:32,2,ܠܗ,,,,Peshitta,PESH
10,2 Samuel,18,32,2 Samuel 18:32,3,ܡܠܟܐ,,,,Peshitta,PESH
10,2 Samuel,18,32,2 Samuel 18:32,4,ܠܟܘܫܝ,,,,Peshitta,PESH
10,2 Samuel,18,32,2 Samuel 18:32,5,ܫܪܝܪ,,,,Peshitta,PESH
10,2 Samuel,18,32,2 Samuel 18:32,6,ܗܘ,,,,Peshitta,PESH
10,2 Samuel,18,32,2 Samuel 18:32,7,ܐܒܫܠܘܡ,,,,Peshitta,PESH
10,2 Samuel,18,32,2 Samuel 18:32,8,ܛܠܝܐ,,,,Peshitta,PESH
10,2 Samuel,18,32,2 Samuel 18:32,9,ܐܡܪ,,,,Peshitta,PESH
10,2 Samuel,18,32,2 Samuel 18:32,10,ܟܘܫܝ,,,,Peshitta,PESH
10,2 Samuel,18,32,2 Samuel 18:32,11,ܢܗܘܘܢ,,,,Peshitta,PESH
10,2 Samuel,18,32,2 Samuel 18:32,12,ܒܥ̈ܠܕܒܒܝܟ,,,,Peshitta,PESH
10,2 Samuel,18,32,2 Samuel 18:32,13,ܐܝܟ,,,,Peshitta,PESH
10,2 Samuel,18,32,2 Samuel 18:32,14,ܛܠܝܐ,,,,Peshitta,PESH
10,2 Samuel,18,32,2 Samuel 18:32,15,ܡܪܝ,,,,Peshitta,PESH
10,2 Samuel,18,32,2 Samuel 18:32,16,ܡܠܟܐ,,,,Peshitta,PESH
10,2 Samuel,18,32,2 Samuel 18:32,17,ܘܟܠ,,,,Peshitta,PESH
10,2 Samuel,18,32,2 Samuel 18:32,18,ܕܩܡܘ,,,,Peshitta,PESH
10,2 Samuel,18,32,2 Samuel 18:32,19,ܥܠܝܟ,,,,Peshitta,PESH
10,2 Samuel,18,32,2 Samuel 18:32,20,ܠܒܝܫܬܟ,,,,Peshitta,PESH
10,2 Samuel,19,1,2 Samuel 19:1,1,ܘܐܬܡܪܡܪ,,,,Peshitta,PESH
10,2 Samuel,19,1,2 Samuel 19:1,2,ܡܠܟܐ,,,,Peshitta,PESH
10,2 Samuel,19,1,2 Samuel 19:1,3,ܘܣܠܩ,,,,Peshitta,PESH
10,2 Samuel,19,1,2 Samuel 19:1,4,ܠܩܝܛܘܢܐ,,,,Peshitta,PESH
10,2 Samuel,19,1,2 Samuel 19:1,5,ܘܒܟܐ,,,,Peshitta,PESH
10,2 Samuel,19,1,2 Samuel 19:1,6,ܘܟܕ,,,,Peshitta,PESH
10,2 Samuel,19,1,2 Samuel 19:1,7,ܒܟ̇ܐ,,,,Peshitta,PESH
10,2 Samuel,19,1,2 Samuel 19:1,8,ܗܟܢܐ,,,,Peshitta,PESH
10,2 Samuel,19,1,2 Samuel 19:1,9,ܐܡܪ,,,,Peshitta,PESH
10,2 Samuel,19,1,2 Samuel 19:1,10,ܗܘܐ,,,,Peshitta,PESH
10,2 Samuel,19,1,2 Samuel 19:1,11,ܒܪܝ,,,,Peshitta,PESH
10,2 Samuel,19,1,2 Samuel 19:1,12,ܐܒܫܠܘܡ,,,,Peshitta,PESH
10,2 Samuel,19,1,2 Samuel 19:1,13,ܒܪܝ,,,,Peshitta,PESH
10,2 Samuel,19,1,2 Samuel 19:1,14,ܒܪܝ,,,,Peshitta,PESH
10,2 Samuel,19,1,2 Samuel 19:1,15,ܐܒܫܠܘܡ,,,,Peshitta,PESH
10,2 Samuel,19,1,2 Samuel 19:1,16,ܡ̇ܢ,,,,Peshitta,PESH
10,2 Samuel,19,1,2 Samuel 19:1,17,ܕܝܢ,,,,Peshitta,PESH
10,2 Samuel,19,1,2 Samuel 19:1,18,ܐܡܝܬܢܝ,,,,Peshitta,PESH
10,2 Samuel,19,1,2 Samuel 19:1,19,ܚܠܦܝܟ,,,,Peshitta,PESH
10,2 Samuel,19,1,2 Samuel 19:1,20,ܐܒܫܠܘܡ,,,,Peshitta,PESH
10,2 Samuel,19,1,2 Samuel 19:1,21,ܒܪܝ,,,,Peshitta,PESH
10,2 Samuel,19,2,2 Samuel 19:2,1,ܘܐܡܪܘ,,,,Peshitta,PESH
10,2 Samuel,19,2,2 Samuel 19:2,2,ܠܝܘܐܒ,,,,Peshitta,PESH
10,2 Samuel,19,2,2 Samuel 19:2,3,ܕܗܐ,,,,Peshitta,PESH
10,2 Samuel,19,2,2 Samuel 19:2,4,ܒܟ̇ܐ,,,,Peshitta,PESH
10,2 Samuel,19,2,2 Samuel 19:2,5,ܡܠܟܐ,,,,Peshitta,PESH
10,2 Samuel,19,2,2 Samuel 19:2,6,ܘܡܬܐܒܠ,,,,Peshitta,PESH
10,2 Samuel,19,2,2 Samuel 19:2,7,ܥܠ,,,,Peshitta,PESH
10,2 Samuel,19,2,2 Samuel 19:2,8,ܐܒܫܠܘܡ,,,,Peshitta,PESH
10,2 Samuel,19,3,2 Samuel 19:3,1,ܘܗܘܐ,,,,Peshitta,PESH
10,2 Samuel,19,3,2 Samuel 19:3,2,ܒܗܘ,,,,Peshitta,PESH
10,2 Samuel,19,3,2 Samuel 19:3,3,ܝܘܡܐ,,,,Peshitta,PESH
10,2 Samuel,19,3,2 Samuel 19:3,4,ܐܒܠܐ,,,,Peshitta,PESH
10,2 Samuel,19,3,2 Samuel 19:3,5,ܠܟܠܗ,,,,Peshitta,PESH
10,2 Samuel,19,3,2 Samuel 19:3,6,ܥܡܐ,,,,Peshitta,PESH
10,2 Samuel,19,3,2 Samuel 19:3,7,ܡܛܠ,,,,Peshitta,PESH
10,2 Samuel,19,3,2 Samuel 19:3,8,ܕܫܡܥܘ,,,,Peshitta,PESH
10,2 Samuel,19,3,2 Samuel 19:3,9,ܥܡܐ,,,,Peshitta,PESH
10,2 Samuel,19,3,2 Samuel 19:3,10,ܒܗ̇ܘ,,,,Peshitta,PESH
10,2 Samuel,19,3,2 Samuel 19:3,11,ܝܘܡܐ,,,,Peshitta,PESH
10,2 Samuel,19,3,2 Samuel 19:3,12,ܕܟܪܝܬ,,,,Peshitta,PESH
10,2 Samuel,19,3,2 Samuel 19:3,13,ܠܡܠܟܐ,,,,Peshitta,PESH
10,2 Samuel,19,3,2 Samuel 19:3,14,ܥܠ,,,,Peshitta,PESH
10,2 Samuel,19,3,2 Samuel 19:3,15,ܒܪܗ,,,,Peshitta,PESH
10,2 Samuel,19,4,2 Samuel 19:4,1,ܘܐܬܛܫܝܘ,,,,Peshitta,PESH
10,2 Samuel,19,4,2 Samuel 19:4,2,ܥܡܐ,,,,Peshitta,PESH
10,2 Samuel,19,4,2 Samuel 19:4,3,ܠܡܥܠ,,,,Peshitta,PESH
10,2 Samuel,19,4,2 Samuel 19:4,4,ܠܩܪܝܬܐ,,,,Peshitta,PESH
10,2 Samuel,19,4,2 Samuel 19:4,5,ܒܗ̇ܘ,,,,Peshitta,PESH
10,2 Samuel,19,4,2 Samuel 19:4,6,ܝܘܡܐ,,,,Peshitta,PESH
10,2 Samuel,19,4,2 Samuel 19:4,7,ܐܝܟ,,,,Peshitta,PESH
10,2 Samuel,19,4,2 Samuel 19:4,8,ܕܡܬܛܫܝܢ,,,,Peshitta,PESH
10,2 Samuel,19,4,2 Samuel 19:4,9,ܥܡܐ,,,,Peshitta,PESH
10,2 Samuel,19,4,2 Samuel 19:4,10,ܕܒܗܬܝܢ,,,,Peshitta,PESH
10,2 Samuel,19,4,2 Samuel 19:4,11,ܡܐ,,,,Peshitta,PESH
10,2 Samuel,19,4,2 Samuel 19:4,12,ܕܥܪܩܝܢ,,,,Peshitta,PESH
10,2 Samuel,19,4,2 Samuel 19:4,13,ܡܢ,,,,Peshitta,PESH
10,2 Samuel,19,4,2 Samuel 19:4,14,ܩܪܒܐ,,,,Peshitta,PESH
10,2 Samuel,19,5,2 Samuel 19:5,1,ܘܡܠܟܐ,,,,Peshitta,PESH
10,2 Samuel,19,5,2 Samuel 19:5,2,ܚ̇ܦܝ,,,,Peshitta,PESH
10,2 Samuel,19,5,2 Samuel 19:5,3,ܐ̈ܦܘܗܝ,,,,Peshitta,PESH
10,2 Samuel,19,5,2 Samuel 19:5,4,ܘܐܝܠܠ,,,,Peshitta,PESH
10,2 Samuel,19,5,2 Samuel 19:5,5,ܒܩܠܐ,,,,Peshitta,PESH
10,2 Samuel,19,5,2 Samuel 19:5,6,ܪܡܐ,,,,Peshitta,PESH
10,2 Samuel,19,5,2 Samuel 19:5,7,ܘܐܡܪ,,,,Peshitta,PESH
10,2 Samuel,19,5,2 Samuel 19:5,8,ܒܪܝ,,,,Peshitta,PESH
10,2 Samuel,19,5,2 Samuel 19:5,9,ܐܒܫܠܘܡ,,,,Peshitta,PESH
10,2 Samuel,19,5,2 Samuel 19:5,10,ܒܪܝ,,,,Peshitta,PESH
10,2 Samuel,19,5,2 Samuel 19:5,11,ܒܪܝ,,,,Peshitta,PESH
10,2 Samuel,19,5,2 Samuel 19:5,12,ܐܒܫܠܘܡ,,,,Peshitta,PESH
10,2 Samuel,19,6,2 Samuel 19:6,1,ܘܥܠ,,,,Peshitta,PESH
10,2 Samuel,19,6,2 Samuel 19:6,2,ܝܘܐܒ,,,,Peshitta,PESH
10,2 Samuel,19,6,2 Samuel 19:6,3,ܠܘܬ,,,,Peshitta,PESH
10,2 Samuel,19,6,2 Samuel 19:6,4,ܡܠܟܐ,,,,Peshitta,PESH
10,2 Samuel,19,6,2 Samuel 19:6,5,ܘܐܡܪ,,,,Peshitta,PESH
10,2 Samuel,19,6,2 Samuel 19:6,6,ܠܗ,,,,Peshitta,PESH
10,2 Samuel,19,6,2 Samuel 19:6,7,ܐܒܗܬܬ,,,,Peshitta,PESH
10,2 Samuel,19,6,2 Samuel 19:6,8,ܝܘܡܢܐ,,,,Peshitta,PESH
10,2 Samuel,19,6,2 Samuel 19:6,9,ܐ̈ܦܐ,,,,Peshitta,PESH
10,2 Samuel,19,6,2 Samuel 19:6,10,ܕܟܠܗܘܢ,,,,Peshitta,PESH
10,2 Samuel,19,6,2 Samuel 19:6,11,ܥܒ̈ܕܝܟ,,,,Peshitta,PESH
10,2 Samuel,19,6,2 Samuel 19:6,12,ܕܦܠܛܘ,,,,Peshitta,PESH
10,2 Samuel,19,6,2 Samuel 19:6,13,ܢܦܫܟ,,,,Peshitta,PESH
10,2 Samuel,19,6,2 Samuel 19:6,14,ܝܘܡܢܐ,,,,Peshitta,PESH
10,2 Samuel,19,6,2 Samuel 19:6,15,ܘܢܦܫܐ,,,,Peshitta,PESH
10,2 Samuel,19,6,2 Samuel 19:6,16,ܕܒ̈ܢܝܟ,,,,Peshitta,PESH
10,2 Samuel,19,6,2 Samuel 19:6,17,ܘܕܒܢ̈ܬܟ,,,,Peshitta,PESH
10,2 Samuel,19,6,2 Samuel 19:6,18,ܘܢܦܫܐ,,,,Peshitta,PESH
10,2 Samuel,19,6,2 Samuel 19:6,19,ܕܢܫ̈ܝܟ,,,,Peshitta,PESH
10,2 Samuel,19,6,2 Samuel 19:6,20,ܘܢܦܫܐ,,,,Peshitta,PESH
10,2 Samuel,19,6,2 Samuel 19:6,21,ܕܕܪ̈ܘܟܬܟ,,,,Peshitta,PESH
10,2 Samuel,19,7,2 Samuel 19:7,1,ܘܪܚܡܬ,,,,Peshitta,PESH
10,2 Samuel,19,7,2 Samuel 19:7,2,ܣܢܐ̈ܝܟ,,,,Peshitta,PESH
10,2 Samuel,19,7,2 Samuel 19:7,3,ܘܣܢܝܬ,,,,Peshitta,PESH
10,2 Samuel,19,7,2 Samuel 19:7,4,ܪ̈ܚܡܝܟ,,,,Peshitta,PESH
10,2 Samuel,19,7,2 Samuel 19:7,5,ܘܚܘܝܬ,,,,Peshitta,PESH
10,2 Samuel,19,7,2 Samuel 19:7,6,ܝܘܡܢܐ,,,,Peshitta,PESH
10,2 Samuel,19,7,2 Samuel 19:7,7,ܕܠܝܬ,,,,Peshitta,PESH
10,2 Samuel,19,7,2 Samuel 19:7,8,ܠܟ,,,,Peshitta,PESH
10,2 Samuel,19,7,2 Samuel 19:7,9,ܠܐ,,,,Peshitta,PESH
10,2 Samuel,19,7,2 Samuel 19:7,10,ܚܐܪ̈ܐ,,,,Peshitta,PESH
10,2 Samuel,19,7,2 Samuel 19:7,11,ܘܠܐ,,,,Peshitta,PESH
10,2 Samuel,19,7,2 Samuel 19:7,12,ܥܒ̈ܕܐ,,,,Peshitta,PESH
10,2 Samuel,19,7,2 Samuel 19:7,13,ܝܕܥ,,,,Peshitta,PESH
10,2 Samuel,19,7,2 Samuel 19:7,14,ܐܢܐ,,,,Peshitta,PESH
10,2 Samuel,19,7,2 Samuel 19:7,15,ܝܘܡܢܐ,,,,Peshitta,PESH
10,2 Samuel,19,7,2 Samuel 19:7,16,ܕܐܠܘ,,,,Peshitta,PESH
10,2 Samuel,19,7,2 Samuel 19:7,17,ܐܒܫܠܘܡ,,,,Peshitta,PESH
10,2 Samuel,19,7,2 Samuel 19:7,18,ܚܝ,,,,Peshitta,PESH
10,2 Samuel,19,7,2 Samuel 19:7,19,ܗܘܐ,,,,Peshitta,PESH
10,2 Samuel,19,7,2 Samuel 19:7,20,ܟܠܢ,,,,Peshitta,PESH
10,2 Samuel,19,7,2 Samuel 19:7,21,ܡܝܬܝܢ,,,,Peshitta,PESH
10,2 Samuel,19,7,2 Samuel 19:7,22,ܗܘܝܢ,,,,Peshitta,PESH
10,2 Samuel,19,7,2 Samuel 19:7,23,ܘܫܦܝܪ,,,,Peshitta,PESH
10,2 Samuel,19,7,2 Samuel 19:7,24,ܗܘܐ,,,,Peshitta,PESH
10,2 Samuel,19,7,2 Samuel 19:7,25,ܒܥܝܢܝ̈ܟ,,,,Peshitta,PESH
10,2 Samuel,19,8,2 Samuel 19:8,1,ܗܫܐ,,,,Peshitta,PESH
10,2 Samuel,19,8,2 Samuel 19:8,2,ܩܘܡ,,,,Peshitta,PESH
10,2 Samuel,19,8,2 Samuel 19:8,3,ܦܘܩ,,,,Peshitta,PESH
10,2 Samuel,19,8,2 Samuel 19:8,4,ܘܡܠܠ,,,,Peshitta,PESH
10,2 Samuel,19,8,2 Samuel 19:8,5,ܥܡ,,,,Peshitta,PESH
10,2 Samuel,19,8,2 Samuel 19:8,6,ܥܒ̈ܕܝܟ,,,,Peshitta,PESH
10,2 Samuel,19,8,2 Samuel 19:8,7,ܡܛܠ,,,,Peshitta,PESH
10,2 Samuel,19,8,2 Samuel 19:8,8,ܕܒܡܪܝܐ,,,,Peshitta,PESH
10,2 Samuel,19,8,2 Samuel 19:8,9,ܝܡܝܬ,,,,Peshitta,PESH
10,2 Samuel,19,8,2 Samuel 19:8,10,ܕܐܢ,,,,Peshitta,PESH
10,2 Samuel,19,8,2 Samuel 19:8,11,ܠܐ,,,,Peshitta,PESH
10,2 Samuel,19,8,2 Samuel 19:8,12,ܢܦܩ,,,,Peshitta,PESH
10,2 Samuel,19,8,2 Samuel 19:8,13,ܐܢܬ,,,,Peshitta,PESH
10,2 Samuel,19,8,2 Samuel 19:8,14,ܠܐ,,,,Peshitta,PESH
10,2 Samuel,19,8,2 Samuel 19:8,15,ܒܐܬ,,,,Peshitta,PESH
10,2 Samuel,19,8,2 Samuel 19:8,16,ܐܢܫ,,,,Peshitta,PESH
10,2 Samuel,19,8,2 Samuel 19:8,17,ܠܘܬܟ,,,,Peshitta,PESH
10,2 Samuel,19,8,2 Samuel 19:8,18,ܒܠܠܝܐ,,,,Peshitta,PESH
10,2 Samuel,19,8,2 Samuel 19:8,19,ܗܢܐ,,,,Peshitta,PESH
10,2 Samuel,19,8,2 Samuel 19:8,20,ܘܒܐܫܐ,,,,Peshitta,PESH
10,2 Samuel,19,8,2 Samuel 19:8,21,ܠܟ,,,,Peshitta,PESH
10,2 Samuel,19,8,2 Samuel 19:8,22,ܗܕܐ,,,,Peshitta,PESH
10,2 Samuel,19,8,2 Samuel 19:8,23,ܡܢ,,,,Peshitta,PESH
10,2 Samuel,19,8,2 Samuel 19:8,24,ܟܠܗܝܢ,,,,Peshitta,PESH
10,2 Samuel,19,8,2 Samuel 19:8,25,ܒܝܫ̈ܬܐ,,,,Peshitta,PESH
10,2 Samuel,19,8,2 Samuel 19:8,26,ܕܐܬ̈ܝ,,,,Peshitta,PESH
10,2 Samuel,19,8,2 Samuel 19:8,27,ܥܠܝܟ,,,,Peshitta,PESH
10,2 Samuel,19,8,2 Samuel 19:8,28,ܡܢ,,,,Peshitta,PESH
10,2 Samuel,19,8,2 Samuel 19:8,29,ܛܠܝܘܬܟ,,,,Peshitta,PESH
10,2 Samuel,19,8,2 Samuel 19:8,30,ܘܥܕܡܐ,,,,Peshitta,PESH
10,2 Samuel,19,8,2 Samuel 19:8,31,ܠܗܫܐ,,,,Peshitta,PESH
10,2 Samuel,19,9,2 Samuel 19:9,1,ܘܩܡ,,,,Peshitta,PESH
10,2 Samuel,19,9,2 Samuel 19:9,2,ܡܠܟܐ,,,,Peshitta,PESH
10,2 Samuel,19,9,2 Samuel 19:9,3,ܘܝܬܒ,,,,Peshitta,PESH
10,2 Samuel,19,9,2 Samuel 19:9,4,ܒܬܪܥܐ,,,,Peshitta,PESH
10,2 Samuel,19,9,2 Samuel 19:9,5,ܘܚܘܝܘ,,,,Peshitta,PESH
10,2 Samuel,19,9,2 Samuel 19:9,6,ܠܟܠܗ,,,,Peshitta,PESH
10,2 Samuel,19,9,2 Samuel 19:9,7,ܥܡܐ,,,,Peshitta,PESH
10,2 Samuel,19,9,2 Samuel 19:9,8,ܘܐܡܪܘ,,,,Peshitta,PESH
10,2 Samuel,19,9,2 Samuel 19:9,9,ܕܗܐ,,,,Peshitta,PESH
10,2 Samuel,19,9,2 Samuel 19:9,10,ܡܠܟܐ,,,,Peshitta,PESH
10,2 Samuel,19,9,2 Samuel 19:9,11,ܝܬ̇ܒ,,,,Peshitta,PESH
10,2 Samuel,19,9,2 Samuel 19:9,12,ܒܬܪܥܐ,,,,Peshitta,PESH
10,2 Samuel,19,9,2 Samuel 19:9,13,ܘܐܬܐ,,,,Peshitta,PESH
10,2 Samuel,19,9,2 Samuel 19:9,14,ܟܠܗ,,,,Peshitta,PESH
10,2 Samuel,19,9,2 Samuel 19:9,15,ܥܡܐ,,,,Peshitta,PESH
10,2 Samuel,19,9,2 Samuel 19:9,16,ܩܕܡ,,,,Peshitta,PESH
10,2 Samuel,19,9,2 Samuel 19:9,17,ܡܠܟܐ,,,,Peshitta,PESH
10,2 Samuel,19,9,2 Samuel 19:9,18,ܘܐܝܣܪܝܠ,,,,Peshitta,PESH
10,2 Samuel,19,9,2 Samuel 19:9,19,ܥܪܩܘ,,,,Peshitta,PESH
10,2 Samuel,19,9,2 Samuel 19:9,20,ܐܢܫ,,,,Peshitta,PESH
10,2 Samuel,19,9,2 Samuel 19:9,21,ܠܡܫܟܢܗ,,,,Peshitta,PESH
10,2 Samuel,19,10,2 Samuel 19:10,1,ܘܗܘܐ,,,,Peshitta,PESH
10,2 Samuel,19,10,2 Samuel 19:10,2,ܟܠܗ,,,,Peshitta,PESH
10,2 Samuel,19,10,2 Samuel 19:10,3,ܥܡܐ,,,,Peshitta,PESH
10,2 Samuel,19,10,2 Samuel 19:10,4,ܪܢܝܢ,,,,Peshitta,PESH
10,2 Samuel,19,10,2 Samuel 19:10,5,ܒܟܠܗܘܢ,,,,Peshitta,PESH
10,2 Samuel,19,10,2 Samuel 19:10,6,ܫܒ̈ܛܐ,,,,Peshitta,PESH
10,2 Samuel,19,10,2 Samuel 19:10,7,ܕܐܝܣܪܝܠ,,,,Peshitta,PESH
10,2 Samuel,19,10,2 Samuel 19:10,8,ܘܐܡܪܝܢ,,,,Peshitta,PESH
10,2 Samuel,19,10,2 Samuel 19:10,9,ܡܠܟܐ,,,,Peshitta,PESH
10,2 Samuel,19,10,2 Samuel 19:10,10,ܦܨܝܢ,,,,Peshitta,PESH
10,2 Samuel,19,10,2 Samuel 19:10,11,ܡܢ,,,,Peshitta,PESH
10,2 Samuel,19,10,2 Samuel 19:10,12,ܐܝܕܐ,,,,Peshitta,PESH
10,2 Samuel,19,10,2 Samuel 19:10,13,ܕܟܠܗܘܢ,,,,Peshitta,PESH
10,2 Samuel,19,10,2 Samuel 19:10,14,ܒ̈ܥܠܕܒܒܝܢ,,,,Peshitta,PESH
10,2 Samuel,19,10,2 Samuel 19:10,15,ܘܗܘ,,,,Peshitta,PESH
10,2 Samuel,19,10,2 Samuel 19:10,16,ܦܠܛܢ,,,,Peshitta,PESH
10,2 Samuel,19,10,2 Samuel 19:10,17,ܡܢ,,,,Peshitta,PESH
10,2 Samuel,19,10,2 Samuel 19:10,18,ܐܝܕܐ,,,,Peshitta,PESH
10,2 Samuel,19,10,2 Samuel 19:10,19,ܕܦܠܫ̈ܬܝܐ,,,,Peshitta,PESH
10,2 Samuel,19,10,2 Samuel 19:10,20,ܗܫܐ,,,,Peshitta,PESH
10,2 Samuel,19,10,2 Samuel 19:10,21,ܬܘ,,,,Peshitta,PESH
10,2 Samuel,19,10,2 Samuel 19:10,22,ܢܥܪܘܩ,,,,Peshitta,PESH
10,2 Samuel,19,10,2 Samuel 19:10,23,ܠܢ,,,,Peshitta,PESH
10,2 Samuel,19,10,2 Samuel 19:10,24,ܡܢ,,,,Peshitta,PESH
10,2 Samuel,19,10,2 Samuel 19:10,25,ܐܪܥܐ,,,,Peshitta,PESH
10,2 Samuel,19,10,2 Samuel 19:10,26,ܡܢ,,,,Peshitta,PESH
10,2 Samuel,19,10,2 Samuel 19:10,27,ܒܬܪ,,,,Peshitta,PESH
10,2 Samuel,19,10,2 Samuel 19:10,28,ܐܒܫܠܘܡ,,,,Peshitta,PESH
10,2 Samuel,19,11,2 Samuel 19:11,1,ܐܒܫܠܘܡ,,,,Peshitta,PESH
10,2 Samuel,19,11,2 Samuel 19:11,2,ܓܝܪ,,,,Peshitta,PESH
10,2 Samuel,19,11,2 Samuel 19:11,3,ܕܡܫܚܢ,,,,Peshitta,PESH
10,2 Samuel,19,11,2 Samuel 19:11,4,ܘܐܩܝܡܢ,,,,Peshitta,PESH
10,2 Samuel,19,11,2 Samuel 19:11,5,ܥܠܝܢ,,,,Peshitta,PESH
10,2 Samuel,19,11,2 Samuel 19:11,6,ܡܝܬ,,,,Peshitta,PESH
10,2 Samuel,19,11,2 Samuel 19:11,7,ܠܗ,,,,Peshitta,PESH
10,2 Samuel,19,11,2 Samuel 19:11,8,ܒܩܪܒܐ,,,,Peshitta,PESH
10,2 Samuel,19,11,2 Samuel 19:11,9,ܘܐܡܪܘ,,,,Peshitta,PESH
10,2 Samuel,19,11,2 Samuel 19:11,10,ܓܒܪ,,,,Peshitta,PESH
10,2 Samuel,19,11,2 Samuel 19:11,11,ܠܚܒܪܗ,,,,Peshitta,PESH
10,2 Samuel,19,11,2 Samuel 19:11,12,ܠܡܢܐ,,,,Peshitta,PESH
10,2 Samuel,19,11,2 Samuel 19:11,13,ܡܟܝܠ,,,,Peshitta,PESH
10,2 Samuel,19,11,2 Samuel 19:11,14,ܡܬܬܘܫܝܢ,,,,Peshitta,PESH
10,2 Samuel,19,11,2 Samuel 19:11,15,ܐܢܬܘܢ,,,,Peshitta,PESH
10,2 Samuel,19,11,2 Samuel 19:11,16,ܕܬܗܦܟܘܢ,,,,Peshitta,PESH
10,2 Samuel,19,11,2 Samuel 19:11,17,ܥܡ,,,,Peshitta,PESH
10,2 Samuel,19,11,2 Samuel 19:11,18,ܡܠܟܐ,,,,Peshitta,PESH
10,2 Samuel,19,12,2 Samuel 19:12,1,ܬܘ,,,,Peshitta,PESH
10,2 Samuel,19,12,2 Samuel 19:12,2,ܢܗܦܟܝܘܗܝ,,,,Peshitta,PESH
10,2 Samuel,19,12,2 Samuel 19:12,3,ܠܒܝܬܗ,,,,Peshitta,PESH
10,2 Samuel,19,12,2 Samuel 19:12,4,ܘܡܠܬܐ,,,,Peshitta,PESH
10,2 Samuel,19,12,2 Samuel 19:12,5,ܕܟܘܠܗܘܢ,,,,Peshitta,PESH
10,2 Samuel,19,12,2 Samuel 19:12,6,ܒܢ̈ܝ,,,,Peshitta,PESH
10,2 Samuel,19,12,2 Samuel 19:12,7,ܐܝܣܪܝܠ,,,,Peshitta,PESH
10,2 Samuel,19,12,2 Samuel 19:12,8,ܥܠܬ,,,,Peshitta,PESH
10,2 Samuel,19,12,2 Samuel 19:12,9,ܩܕܡ,,,,Peshitta,PESH
10,2 Samuel,19,12,2 Samuel 19:12,10,ܡܠܟܐ,,,,Peshitta,PESH
10,2 Samuel,19,13,2 Samuel 19:13,1,ܘܐܡܪ,,,,Peshitta,PESH
10,2 Samuel,19,13,2 Samuel 19:13,2,ܠܗܘܢ,,,,Peshitta,PESH
10,2 Samuel,19,13,2 Samuel 19:13,3,ܐ̈ܚܝ,,,,Peshitta,PESH
10,2 Samuel,19,13,2 Samuel 19:13,4,ܐܢܬܘܢ,,,,Peshitta,PESH
10,2 Samuel,19,13,2 Samuel 19:13,5,ܘܒܣܪܝ,,,,Peshitta,PESH
10,2 Samuel,19,13,2 Samuel 19:13,6,ܘܓܪܡܝ,,,,Peshitta,PESH
10,2 Samuel,19,13,2 Samuel 19:13,7,ܠܡܢܐ,,,,Peshitta,PESH
10,2 Samuel,19,13,2 Samuel 19:13,8,ܗܘܝܬܘܢ,,,,Peshitta,PESH
10,2 Samuel,19,13,2 Samuel 19:13,9,ܐܚܪ̈ܝܐ,,,,Peshitta,PESH
10,2 Samuel,19,13,2 Samuel 19:13,10,ܕܬܗܦܟܘܢ,,,,Peshitta,PESH
10,2 Samuel,19,13,2 Samuel 19:13,11,ܥܡ,,,,Peshitta,PESH
10,2 Samuel,19,13,2 Samuel 19:13,12,ܡܠܟܐ,,,,Peshitta,PESH
10,2 Samuel,19,14,2 Samuel 19:14,1,ܘܐܡܪ,,,,Peshitta,PESH
10,2 Samuel,19,14,2 Samuel 19:14,2,ܠܥܡܣܐ,,,,Peshitta,PESH
10,2 Samuel,19,14,2 Samuel 19:14,3,ܗܐ,,,,Peshitta,PESH
10,2 Samuel,19,14,2 Samuel 19:14,4,ܒܣܪܝ,,,,Peshitta,PESH
10,2 Samuel,19,14,2 Samuel 19:14,5,ܐܢܬ,,,,Peshitta,PESH
10,2 Samuel,19,14,2 Samuel 19:14,6,ܘܓܪܡܝ,,,,Peshitta,PESH
10,2 Samuel,19,14,2 Samuel 19:14,7,ܗܟܢܐ,,,,Peshitta,PESH
10,2 Samuel,19,14,2 Samuel 19:14,8,ܢܥܒܕ,,,,Peshitta,PESH
10,2 Samuel,19,14,2 Samuel 19:14,9,ܠܝ,,,,Peshitta,PESH
10,2 Samuel,19,14,2 Samuel 19:14,10,ܐܠܗܐ,,,,Peshitta,PESH
10,2 Samuel,19,14,2 Samuel 19:14,11,ܘܗܟܢܐ,,,,Peshitta,PESH
10,2 Samuel,19,14,2 Samuel 19:14,12,ܢܘܣܦ,,,,Peshitta,PESH
10,2 Samuel,19,14,2 Samuel 19:14,13,ܠܝ,,,,Peshitta,PESH
10,2 Samuel,19,14,2 Samuel 19:14,14,ܐܠܐ,,,,Peshitta,PESH
10,2 Samuel,19,14,2 Samuel 19:14,15,ܪܒ,,,,Peshitta,PESH
10,2 Samuel,19,14,2 Samuel 19:14,16,ܚܝܠܐ,,,,Peshitta,PESH
10,2 Samuel,19,14,2 Samuel 19:14,17,ܬܗܘܐ,,,,Peshitta,PESH
10,2 Samuel,19,14,2 Samuel 19:14,18,ܩܕܡܝ,,,,Peshitta,PESH
10,2 Samuel,19,14,2 Samuel 19:14,19,ܟܠܗܘܢ,,,,Peshitta,PESH
10,2 Samuel,19,14,2 Samuel 19:14,20,ܝܘܡ̈ܬܐ,,,,Peshitta,PESH
10,2 Samuel,19,14,2 Samuel 19:14,21,ܚܠܦ,,,,Peshitta,PESH
10,2 Samuel,19,14,2 Samuel 19:14,22,ܝܘܐܒ,,,,Peshitta,PESH
10,2 Samuel,19,15,2 Samuel 19:15,1,ܘܐܣܛܝ,,,,Peshitta,PESH
10,2 Samuel,19,15,2 Samuel 19:15,2,ܠܒܐ,,,,Peshitta,PESH
10,2 Samuel,19,15,2 Samuel 19:15,3,ܕܟܠܗܘܢ,,,,Peshitta,PESH
10,2 Samuel,19,15,2 Samuel 19:15,4,ܕܒܝܬ,,,,Peshitta,PESH
10,2 Samuel,19,15,2 Samuel 19:15,5,ܝܗܘܕܐ,,,,Peshitta,PESH
10,2 Samuel,19,15,2 Samuel 19:15,6,ܐܝܟ,,,,Peshitta,PESH
10,2 Samuel,19,15,2 Samuel 19:15,7,ܓܒܪܐ,,,,Peshitta,PESH
10,2 Samuel,19,15,2 Samuel 19:15,8,ܚܕ,,,,Peshitta,PESH
10,2 Samuel,19,15,2 Samuel 19:15,9,ܘܫܠܚܘ,,,,Peshitta,PESH
10,2 Samuel,19,15,2 Samuel 19:15,10,ܠܡܠܟܐ,,,,Peshitta,PESH
10,2 Samuel,19,15,2 Samuel 19:15,11,ܘܐܡܪܘ,,,,Peshitta,PESH
10,2 Samuel,19,15,2 Samuel 19:15,12,ܠܗ,,,,Peshitta,PESH
10,2 Samuel,19,15,2 Samuel 19:15,13,ܗܦܘܟ,,,,Peshitta,PESH
10,2 Samuel,19,15,2 Samuel 19:15,14,ܐܢܬ,,,,Peshitta,PESH
10,2 Samuel,19,15,2 Samuel 19:15,15,ܘܟܘܠܗܘܢ,,,,Peshitta,PESH
10,2 Samuel,19,15,2 Samuel 19:15,16,ܥܒ̈ܕܝܟ,,,,Peshitta,PESH
10,2 Samuel,19,16,2 Samuel 19:16,1,ܘܗܦܟ,,,,Peshitta,PESH
10,2 Samuel,19,16,2 Samuel 19:16,2,ܡܠܟܐ,,,,Peshitta,PESH
10,2 Samuel,19,16,2 Samuel 19:16,3,ܘܐܬܐ,,,,Peshitta,PESH
10,2 Samuel,19,16,2 Samuel 19:16,4,ܥܕܡܐ,,,,Peshitta,PESH
10,2 Samuel,19,16,2 Samuel 19:16,5,ܠܝܘܪܕܢܢ,,,,Peshitta,PESH
10,2 Samuel,19,16,2 Samuel 19:16,6,ܘܝܗܘܕܐ,,,,Peshitta,PESH
10,2 Samuel,19,16,2 Samuel 19:16,7,ܐܬܐ,,,,Peshitta,PESH
10,2 Samuel,19,16,2 Samuel 19:16,8,ܠܓܠܓܠܐ,,,,Peshitta,PESH
10,2 Samuel,19,16,2 Samuel 19:16,9,ܠܡܐܙܠ,,,,Peshitta,PESH
10,2 Samuel,19,16,2 Samuel 19:16,10,ܠܐܘܪܥܐ,,,,Peshitta,PESH
10,2 Samuel,19,16,2 Samuel 19:16,11,ܕܡܠܟܐ,,,,Peshitta,PESH
10,2 Samuel,19,16,2 Samuel 19:16,12,ܠܡܥܒܪܘܬܗ,,,,Peshitta,PESH
10,2 Samuel,19,16,2 Samuel 19:16,13,ܝܘܪܕܢܢ,,,,Peshitta,PESH
10,2 Samuel,19,16,2 Samuel 19:16,14,ܠܡܠܟܐ,,,,Peshitta,PESH
10,2 Samuel,19,17,2 Samuel 19:17,1,ܘܐܣܬܪܗܒ,,,,Peshitta,PESH
10,2 Samuel,19,17,2 Samuel 19:17,2,ܫܡܥܝ,,,,Peshitta,PESH
10,2 Samuel,19,17,2 Samuel 19:17,3,ܒܪ,,,,Peshitta,PESH
10,2 Samuel,19,17,2 Samuel 19:17,4,ܓܐܪܐ,,,,Peshitta,PESH
10,2 Samuel,19,17,2 Samuel 19:17,5,ܒܪ,,,,Peshitta,PESH
10,2 Samuel,19,17,2 Samuel 19:17,6,ܒܢܝܡܝܢ,,,,Peshitta,PESH
10,2 Samuel,19,17,2 Samuel 19:17,7,ܘܢܚܬ,,,,Peshitta,PESH
10,2 Samuel,19,17,2 Samuel 19:17,8,ܥܡ,,,,Peshitta,PESH
10,2 Samuel,19,17,2 Samuel 19:17,9,ܓܒܪ̈ܐ,,,,Peshitta,PESH
10,2 Samuel,19,17,2 Samuel 19:17,10,ܕܝܗܘܕܐ,,,,Peshitta,PESH
10,2 Samuel,19,17,2 Samuel 19:17,11,ܠܐܘܪܥܗ,,,,Peshitta,PESH
10,2 Samuel,19,17,2 Samuel 19:17,12,ܕܡܠܟܐ,,,,Peshitta,PESH
10,2 Samuel,19,17,2 Samuel 19:17,13,ܕܘܝܕ,,,,Peshitta,PESH
10,2 Samuel,19,18,2 Samuel 19:18,1,ܘܨܝܒܐ,,,,Peshitta,PESH
10,2 Samuel,19,18,2 Samuel 19:18,2,ܛܠܝܗ,,,,Peshitta,PESH
10,2 Samuel,19,18,2 Samuel 19:18,3,ܕܫܐܘܠ,,,,Peshitta,PESH
10,2 Samuel,19,18,2 Samuel 19:18,4,ܘܚܡܫܬܥܣܪ̈,,,,Peshitta,PESH
10,2 Samuel,19,18,2 Samuel 19:18,5,ܒܢܘ̈ܗܝ,,,,Peshitta,PESH
10,2 Samuel,19,18,2 Samuel 19:18,6,ܘܥܣܪ̈ܝܢ,,,,Peshitta,PESH
10,2 Samuel,19,18,2 Samuel 19:18,7,ܥܒ̈ܕܘܗܝ,,,,Peshitta,PESH
10,2 Samuel,19,18,2 Samuel 19:18,8,ܥܡܗ,,,,Peshitta,PESH
10,2 Samuel,19,18,2 Samuel 19:18,9,ܥܒܪܘ,,,,Peshitta,PESH
10,2 Samuel,19,18,2 Samuel 19:18,10,ܘܓܫܪܘ,,,,Peshitta,PESH
10,2 Samuel,19,18,2 Samuel 19:18,11,ܝܘܪܕܢܢ,,,,Peshitta,PESH
10,2 Samuel,19,18,2 Samuel 19:18,12,ܩܕܡ,,,,Peshitta,PESH
10,2 Samuel,19,18,2 Samuel 19:18,13,ܡܠܟܐ,,,,Peshitta,PESH
10,2 Samuel,19,19,2 Samuel 19:19,1,ܘܥܒܕܘ,,,,Peshitta,PESH
10,2 Samuel,19,19,2 Samuel 19:19,2,ܡܥܒܪ̈ܢܐ,,,,Peshitta,PESH
10,2 Samuel,19,19,2 Samuel 19:19,3,ܕܢܥܒܪܘܢ,,,,Peshitta,PESH
10,2 Samuel,19,19,2 Samuel 19:19,4,ܠܕܒܝܬ,,,,Peshitta,PESH
10,2 Samuel,19,19,2 Samuel 19:19,5,ܡܠܟܐ,,,,Peshitta,PESH
10,2 Samuel,19,19,2 Samuel 19:19,6,ܘܕܢܥܒܕܘܢ,,,,Peshitta,PESH
10,2 Samuel,19,19,2 Samuel 19:19,7,ܡܕܡ,,,,Peshitta,PESH
10,2 Samuel,19,19,2 Samuel 19:19,8,ܕܫܦܝܪ,,,,Peshitta,PESH
10,2 Samuel,19,19,2 Samuel 19:19,9,ܒܥܝܢ̈ܘܗܝ,,,,Peshitta,PESH
10,2 Samuel,19,19,2 Samuel 19:19,10,ܘܫܡܥܝ,,,,Peshitta,PESH
10,2 Samuel,19,19,2 Samuel 19:19,11,ܒܪ,,,,Peshitta,PESH
10,2 Samuel,19,19,2 Samuel 19:19,12,ܓܐܪܐܢܦܠ,,,,Peshitta,PESH
10,2 Samuel,19,19,2 Samuel 19:19,13,ܩܕܡ,,,,Peshitta,PESH
10,2 Samuel,19,19,2 Samuel 19:19,14,ܡܠܟܐ,,,,Peshitta,PESH
10,2 Samuel,19,19,2 Samuel 19:19,15,ܟܕ,,,,Peshitta,PESH
10,2 Samuel,19,19,2 Samuel 19:19,16,ܥܒܪ,,,,Peshitta,PESH
10,2 Samuel,19,19,2 Samuel 19:19,17,ܝܘܪܕܢܢ,,,,Peshitta,PESH
10,2 Samuel,19,20,2 Samuel 19:20,1,ܘܐܡܪ,,,,Peshitta,PESH
10,2 Samuel,19,20,2 Samuel 19:20,2,ܠܗ,,,,Peshitta,PESH
10,2 Samuel,19,20,2 Samuel 19:20,3,ܠܡܠܟܐ,,,,Peshitta,PESH
10,2 Samuel,19,20,2 Samuel 19:20,4,ܠܐ,,,,Peshitta,PESH
10,2 Samuel,19,20,2 Samuel 19:20,5,ܬܚܫܘܒ,,,,Peshitta,PESH
10,2 Samuel,19,20,2 Samuel 19:20,6,ܠܝ,,,,Peshitta,PESH
10,2 Samuel,19,20,2 Samuel 19:20,7,ܡܪܝ,,,,Peshitta,PESH
10,2 Samuel,19,20,2 Samuel 19:20,8,ܣܟܠܘܬܐ,,,,Peshitta,PESH
10,2 Samuel,19,20,2 Samuel 19:20,9,ܘܠܐ,,,,Peshitta,PESH
10,2 Samuel,19,20,2 Samuel 19:20,10,ܬܬܕܟܪ,,,,Peshitta,PESH
10,2 Samuel,19,20,2 Samuel 19:20,11,ܠܝ,,,,Peshitta,PESH
10,2 Samuel,19,20,2 Samuel 19:20,12,ܡܕܡ,,,,Peshitta,PESH
10,2 Samuel,19,20,2 Samuel 19:20,13,ܕܐܣܟܠ,,,,Peshitta,PESH
10,2 Samuel,19,20,2 Samuel 19:20,14,ܗܘܐ,,,,Peshitta,PESH
10,2 Samuel,19,20,2 Samuel 19:20,15,ܥܒܕܟ,,,,Peshitta,PESH
10,2 Samuel,19,20,2 Samuel 19:20,16,ܝܘܡܐ,,,,Peshitta,PESH
10,2 Samuel,19,20,2 Samuel 19:20,17,ܕܢܦܩ,,,,Peshitta,PESH
10,2 Samuel,19,20,2 Samuel 19:20,18,ܗܘܐ,,,,Peshitta,PESH
10,2 Samuel,19,20,2 Samuel 19:20,19,ܡܪܝ,,,,Peshitta,PESH
10,2 Samuel,19,20,2 Samuel 19:20,20,ܡܠܟܐ,,,,Peshitta,PESH
10,2 Samuel,19,20,2 Samuel 19:20,21,ܡܢ,,,,Peshitta,PESH
10,2 Samuel,19,20,2 Samuel 19:20,22,ܐܘܪܫܠܡ,,,,Peshitta,PESH
10,2 Samuel,19,20,2 Samuel 19:20,23,ܠܐ,,,,Peshitta,PESH
10,2 Samuel,19,20,2 Samuel 19:20,24,ܢܝܬܐ,,,,Peshitta,PESH
10,2 Samuel,19,20,2 Samuel 19:20,25,ܡܪܝ,,,,Peshitta,PESH
10,2 Samuel,19,20,2 Samuel 19:20,26,ܡܠܟܐ,,,,Peshitta,PESH
10,2 Samuel,19,20,2 Samuel 19:20,27,ܥܠ,,,,Peshitta,PESH
10,2 Samuel,19,20,2 Samuel 19:20,28,ܒܠܗ,,,,Peshitta,PESH
10,2 Samuel,19,21,2 Samuel 19:21,1,ܝܕܥ,,,,Peshitta,PESH
10,2 Samuel,19,21,2 Samuel 19:21,2,ܐܢܐ,,,,Peshitta,PESH
10,2 Samuel,19,21,2 Samuel 19:21,3,ܐܢܐ,,,,Peshitta,PESH
10,2 Samuel,19,21,2 Samuel 19:21,4,ܥܒܕܟ,,,,Peshitta,PESH
10,2 Samuel,19,21,2 Samuel 19:21,5,ܕܚܛܝܬ,,,,Peshitta,PESH
10,2 Samuel,19,21,2 Samuel 19:21,6,ܘܗܐ,,,,Peshitta,PESH
10,2 Samuel,19,21,2 Samuel 19:21,7,ܐܬܝܬ,,,,Peshitta,PESH
10,2 Samuel,19,21,2 Samuel 19:21,8,ܐܢܐ,,,,Peshitta,PESH
10,2 Samuel,19,21,2 Samuel 19:21,9,ܝܘܡܢܐ,,,,Peshitta,PESH
10,2 Samuel,19,21,2 Samuel 19:21,10,ܩܕܡܝ,,,,Peshitta,PESH
10,2 Samuel,19,21,2 Samuel 19:21,11,ܡܢ,,,,Peshitta,PESH
10,2 Samuel,19,21,2 Samuel 19:21,12,ܟܠܗܘܢ,,,,Peshitta,PESH
10,2 Samuel,19,21,2 Samuel 19:21,13,ܕܒܝܬ,,,,Peshitta,PESH
10,2 Samuel,19,21,2 Samuel 19:21,14,ܝܘܣܦ,,,,Peshitta,PESH
10,2 Samuel,19,21,2 Samuel 19:21,15,ܘܢܚܬܬ,,,,Peshitta,PESH
10,2 Samuel,19,21,2 Samuel 19:21,16,ܠܐܘܪܥܗ,,,,Peshitta,PESH
10,2 Samuel,19,21,2 Samuel 19:21,17,ܕܡܪܝ,,,,Peshitta,PESH
10,2 Samuel,19,21,2 Samuel 19:21,18,ܡܠܟܐ,,,,Peshitta,PESH
10,2 Samuel,19,22,2 Samuel 19:22,1,ܥܢܐ,,,,Peshitta,PESH
10,2 Samuel,19,22,2 Samuel 19:22,2,ܐܒܝܫܝ,,,,Peshitta,PESH
10,2 Samuel,19,22,2 Samuel 19:22,3,ܒܪ,,,,Peshitta,PESH
10,2 Samuel,19,22,2 Samuel 19:22,4,ܨܘܪܝܐ,,,,Peshitta,PESH
10,2 Samuel,19,22,2 Samuel 19:22,5,ܘܐܡܪ,,,,Peshitta,PESH
10,2 Samuel,19,22,2 Samuel 19:22,6,ܘܐܦ,,,,Peshitta,PESH
10,2 Samuel,19,22,2 Samuel 19:22,7,ܠܐ,,,,Peshitta,PESH
10,2 Samuel,19,22,2 Samuel 19:22,8,ܡܛܠ,,,,Peshitta,PESH
10,2 Samuel,19,22,2 Samuel 19:22,9,ܗܕܐ,,,,Peshitta,PESH
10,2 Samuel,19,22,2 Samuel 19:22,10,ܢܡܘܬ,,,,Peshitta,PESH
10,2 Samuel,19,22,2 Samuel 19:22,11,ܫܡܥܝ,,,,Peshitta,PESH
10,2 Samuel,19,22,2 Samuel 19:22,12,ܕܨܚܝ,,,,Peshitta,PESH
10,2 Samuel,19,22,2 Samuel 19:22,13,ܠܡܫܝܚܗ,,,,Peshitta,PESH
10,2 Samuel,19,22,2 Samuel 19:22,14,ܕܡܪܝܐ,,,,Peshitta,PESH
10,2 Samuel,19,23,2 Samuel 19:23,1,ܐܡܪ,,,,Peshitta,PESH
10,2 Samuel,19,23,2 Samuel 19:23,2,ܕܘܝܕ,,,,Peshitta,PESH
10,2 Samuel,19,23,2 Samuel 19:23,3,ܡܐ,,,,Peshitta,PESH
10,2 Samuel,19,23,2 Samuel 19:23,4,ܠܝ,,,,Peshitta,PESH
10,2 Samuel,19,23,2 Samuel 19:23,5,ܘܠܟܘܢ,,,,Peshitta,PESH
10,2 Samuel,19,23,2 Samuel 19:23,6,ܒܢ̈ܝ,,,,Peshitta,PESH
10,2 Samuel,19,23,2 Samuel 19:23,7,ܨܘܪܝܐ,,,,Peshitta,PESH
10,2 Samuel,19,23,2 Samuel 19:23,8,ܕܗ̈ܘܝܢ,,,,Peshitta,PESH
10,2 Samuel,19,23,2 Samuel 19:23,9,ܐܢܬܘܢ,,,,Peshitta,PESH
10,2 Samuel,19,23,2 Samuel 19:23,10,ܠܝ,,,,Peshitta,PESH
10,2 Samuel,19,23,2 Samuel 19:23,11,ܝܘܡܢܐ,,,,Peshitta,PESH
10,2 Samuel,19,23,2 Samuel 19:23,12,ܣܛܢܐ,,,,Peshitta,PESH
10,2 Samuel,19,23,2 Samuel 19:23,13,ܝܘܡܢܐ,,,,Peshitta,PESH
10,2 Samuel,19,23,2 Samuel 19:23,14,ܠܐ,,,,Peshitta,PESH
10,2 Samuel,19,23,2 Samuel 19:23,15,ܢܡܘܬ,,,,Peshitta,PESH
10,2 Samuel,19,23,2 Samuel 19:23,16,ܐܢܫ,,,,Peshitta,PESH
10,2 Samuel,19,23,2 Samuel 19:23,17,ܒܐܝܣܪܝܠ,,,,Peshitta,PESH
10,2 Samuel,19,23,2 Samuel 19:23,18,ܠܐ,,,,Peshitta,PESH
10,2 Samuel,19,23,2 Samuel 19:23,19,ܝܕܥ,,,,Peshitta,PESH
10,2 Samuel,19,23,2 Samuel 19:23,20,ܐܢܐ,,,,Peshitta,PESH
10,2 Samuel,19,23,2 Samuel 19:23,21,ܝܘܡܢܐ,,,,Peshitta,PESH
10,2 Samuel,19,23,2 Samuel 19:23,22,ܕܡܠܟܐ,,,,Peshitta,PESH
10,2 Samuel,19,23,2 Samuel 19:23,23,ܐܢܐ,,,,Peshitta,PESH
10,2 Samuel,19,23,2 Samuel 19:23,24,ܒܐܝܣܪܝܠ,,,,Peshitta,PESH
10,2 Samuel,19,24,2 Samuel 19:24,1,ܐܡܪ,,,,Peshitta,PESH
10,2 Samuel,19,24,2 Samuel 19:24,2,ܠܗ,,,,Peshitta,PESH
10,2 Samuel,19,24,2 Samuel 19:24,3,ܡܠܟܐ,,,,Peshitta,PESH
10,2 Samuel,19,24,2 Samuel 19:24,4,ܠܫܡܥܝ,,,,Peshitta,PESH
10,2 Samuel,19,24,2 Samuel 19:24,5,ܠܐ,,,,Peshitta,PESH
10,2 Samuel,19,24,2 Samuel 19:24,6,ܡܐܬ,,,,Peshitta,PESH
10,2 Samuel,19,24,2 Samuel 19:24,7,ܐܢܬ,,,,Peshitta,PESH
10,2 Samuel,19,24,2 Samuel 19:24,8,ܘܝܡܐ,,,,Peshitta,PESH
10,2 Samuel,19,24,2 Samuel 19:24,9,ܠܗ,,,,Peshitta,PESH
10,2 Samuel,19,24,2 Samuel 19:24,10,ܡܠܟܐ,,,,Peshitta,PESH
10,2 Samuel,19,25,2 Samuel 19:25,1,ܘܡܦܝܒܫܬ,,,,Peshitta,PESH
10,2 Samuel,19,25,2 Samuel 19:25,2,ܒܪ,,,,Peshitta,PESH
10,2 Samuel,19,25,2 Samuel 19:25,3,ܝܘܢܬܢ,,,,Peshitta,PESH
10,2 Samuel,19,25,2 Samuel 19:25,4,ܒܪ,,,,Peshitta,PESH
10,2 Samuel,19,25,2 Samuel 19:25,5,ܫܐܘܠ,,,,Peshitta,PESH
10,2 Samuel,19,25,2 Samuel 19:25,6,ܢܚܬ,,,,Peshitta,PESH
10,2 Samuel,19,25,2 Samuel 19:25,7,ܠܐܘܪܥܗ,,,,Peshitta,PESH
10,2 Samuel,19,25,2 Samuel 19:25,8,ܕܡܠܟܐ,,,,Peshitta,PESH
10,2 Samuel,19,25,2 Samuel 19:25,9,ܘܠܐ,,,,Peshitta,PESH
10,2 Samuel,19,25,2 Samuel 19:25,10,ܣܦܪ,,,,Peshitta,PESH
10,2 Samuel,19,25,2 Samuel 19:25,11,ܕܩܢܗ,,,,Peshitta,PESH
10,2 Samuel,19,25,2 Samuel 19:25,12,ܘܠܐ,,,,Peshitta,PESH
10,2 Samuel,19,25,2 Samuel 19:25,13,ܫܚܠܦ,,,,Peshitta,PESH
10,2 Samuel,19,25,2 Samuel 19:25,14,ܡܐ̈ܢܘܗܝ,,,,Peshitta,PESH
10,2 Samuel,19,25,2 Samuel 19:25,15,ܡܢ,,,,Peshitta,PESH
10,2 Samuel,19,25,2 Samuel 19:25,16,ܝܘܡܐ,,,,Peshitta,PESH
10,2 Samuel,19,25,2 Samuel 19:25,17,ܕܐܙܠ,,,,Peshitta,PESH
10,2 Samuel,19,25,2 Samuel 19:25,18,ܡܠܟܐ,,,,Peshitta,PESH
10,2 Samuel,19,25,2 Samuel 19:25,19,ܘܥܕܡܐ,,,,Peshitta,PESH
10,2 Samuel,19,25,2 Samuel 19:25,20,ܠܝܘܡܐ,,,,Peshitta,PESH
10,2 Samuel,19,25,2 Samuel 19:25,21,ܕܐܬܐ,,,,Peshitta,PESH
10,2 Samuel,19,25,2 Samuel 19:25,22,ܡܠܟܐ,,,,Peshitta,PESH
10,2 Samuel,19,25,2 Samuel 19:25,23,ܒܫܠܡܐ,,,,Peshitta,PESH
10,2 Samuel,19,26,2 Samuel 19:26,1,ܘܟܕ,,,,Peshitta,PESH
10,2 Samuel,19,26,2 Samuel 19:26,2,ܐܬܐ,,,,Peshitta,PESH
10,2 Samuel,19,26,2 Samuel 19:26,3,ܠܐܘܪܫܠܡ,,,,Peshitta,PESH
10,2 Samuel,19,26,2 Samuel 19:26,4,ܠܐܘܪܥܗ,,,,Peshitta,PESH
10,2 Samuel,19,26,2 Samuel 19:26,5,ܕܡܠܟܐ,,,,Peshitta,PESH
10,2 Samuel,19,26,2 Samuel 19:26,6,ܐܡܪ,,,,Peshitta,PESH
10,2 Samuel,19,26,2 Samuel 19:26,7,ܠܗ,,,,Peshitta,PESH
10,2 Samuel,19,26,2 Samuel 19:26,8,ܡܠܟܐ,,,,Peshitta,PESH
10,2 Samuel,19,26,2 Samuel 19:26,9,ܡܦܝܒܫܬ,,,,Peshitta,PESH
10,2 Samuel,19,26,2 Samuel 19:26,10,ܠܡܢܐ,,,,Peshitta,PESH
10,2 Samuel,19,26,2 Samuel 19:26,11,ܠܐ,,,,Peshitta,PESH
10,2 Samuel,19,26,2 Samuel 19:26,12,ܐܙܠܬ,,,,Peshitta,PESH
10,2 Samuel,19,26,2 Samuel 19:26,13,ܥܡܝ,,,,Peshitta,PESH
10,2 Samuel,19,27,2 Samuel 19:27,1,ܐܡܪ,,,,Peshitta,PESH
10,2 Samuel,19,27,2 Samuel 19:27,2,ܠܗ,,,,Peshitta,PESH
10,2 Samuel,19,27,2 Samuel 19:27,3,ܡܦܝܒܫܬ,,,,Peshitta,PESH
10,2 Samuel,19,27,2 Samuel 19:27,4,ܡܪܝ,,,,Peshitta,PESH
10,2 Samuel,19,27,2 Samuel 19:27,5,ܡܠܟܐ,,,,Peshitta,PESH
10,2 Samuel,19,27,2 Samuel 19:27,6,ܥܒܕܝ,,,,Peshitta,PESH
10,2 Samuel,19,27,2 Samuel 19:27,7,ܢܟܠܢܝ,,,,Peshitta,PESH
10,2 Samuel,19,27,2 Samuel 19:27,8,ܐܡܪܬ,,,,Peshitta,PESH
10,2 Samuel,19,27,2 Samuel 19:27,9,ܠܗ,,,,Peshitta,PESH
10,2 Samuel,19,27,2 Samuel 19:27,10,ܓܝܪ,,,,Peshitta,PESH
10,2 Samuel,19,27,2 Samuel 19:27,11,ܐܪܡܐ,,,,Peshitta,PESH
10,2 Samuel,19,27,2 Samuel 19:27,12,ܠܝ,,,,Peshitta,PESH
10,2 Samuel,19,27,2 Samuel 19:27,13,ܥܠ,,,,Peshitta,PESH
10,2 Samuel,19,27,2 Samuel 19:27,14,ܚܡܪܐ,,,,Peshitta,PESH
10,2 Samuel,19,27,2 Samuel 19:27,15,ܐܪܟܒ,,,,Peshitta,PESH
10,2 Samuel,19,27,2 Samuel 19:27,16,ܥܠܘܗܝ,,,,Peshitta,PESH
10,2 Samuel,19,27,2 Samuel 19:27,17,ܘܐܙܠ,,,,Peshitta,PESH
10,2 Samuel,19,27,2 Samuel 19:27,18,ܥܡ,,,,Peshitta,PESH
10,2 Samuel,19,27,2 Samuel 19:27,19,ܡܪܝ,,,,Peshitta,PESH
10,2 Samuel,19,27,2 Samuel 19:27,20,ܡܠܟܐ,,,,Peshitta,PESH
10,2 Samuel,19,27,2 Samuel 19:27,21,ܡܛܠ,,,,Peshitta,PESH
10,2 Samuel,19,27,2 Samuel 19:27,22,ܕܚܓܝܪ,,,,Peshitta,PESH
10,2 Samuel,19,27,2 Samuel 19:27,23,ܗܘ,,,,Peshitta,PESH
10,2 Samuel,19,27,2 Samuel 19:27,24,ܥܒܕܟ,,,,Peshitta,PESH
10,2 Samuel,19,28,2 Samuel 19:28,1,ܘܕܓܠ,,,,Peshitta,PESH
10,2 Samuel,19,28,2 Samuel 19:28,2,ܒܝ,,,,Peshitta,PESH
10,2 Samuel,19,28,2 Samuel 19:28,3,ܥܒܕܝ,,,,Peshitta,PESH
10,2 Samuel,19,28,2 Samuel 19:28,4,ܡܪܝ,,,,Peshitta,PESH
10,2 Samuel,19,28,2 Samuel 19:28,5,ܡܠܟܐ,,,,Peshitta,PESH
10,2 Samuel,19,28,2 Samuel 19:28,6,ܘܐܢܬ,,,,Peshitta,PESH
10,2 Samuel,19,28,2 Samuel 19:28,7,ܡܪܝ,,,,Peshitta,PESH
10,2 Samuel,19,28,2 Samuel 19:28,8,ܡܠܟܐ,,,,Peshitta,PESH
10,2 Samuel,19,28,2 Samuel 19:28,9,ܐܝܟ,,,,Peshitta,PESH
10,2 Samuel,19,28,2 Samuel 19:28,10,ܡܠܐܟܗ,,,,Peshitta,PESH
10,2 Samuel,19,28,2 Samuel 19:28,11,ܐܢܬ,,,,Peshitta,PESH
10,2 Samuel,19,28,2 Samuel 19:28,12,ܕܐܠܗܐ,,,,Peshitta,PESH
10,2 Samuel,19,28,2 Samuel 19:28,13,ܥܒܕ,,,,Peshitta,PESH
10,2 Samuel,19,28,2 Samuel 19:28,14,ܡܕܡ,,,,Peshitta,PESH
10,2 Samuel,19,28,2 Samuel 19:28,15,ܕܫܦܝܪ,,,,Peshitta,PESH
10,2 Samuel,19,28,2 Samuel 19:28,16,ܒܥܝܢ̈ܝܟ,,,,Peshitta,PESH
10,2 Samuel,19,29,2 Samuel 19:29,1,ܡܛܠ,,,,Peshitta,PESH
10,2 Samuel,19,29,2 Samuel 19:29,2,ܕܟܠܗ,,,,Peshitta,PESH
10,2 Samuel,19,29,2 Samuel 19:29,3,ܒܝܬ,,,,Peshitta,PESH
10,2 Samuel,19,29,2 Samuel 19:29,4,ܐܒܝ,,,,Peshitta,PESH
10,2 Samuel,19,29,2 Samuel 19:29,5,ܚܝܒܝܢ,,,,Peshitta,PESH
10,2 Samuel,19,29,2 Samuel 19:29,6,ܗܘܘ,,,,Peshitta,PESH
10,2 Samuel,19,29,2 Samuel 19:29,7,ܡܘܬܐ,,,,Peshitta,PESH
10,2 Samuel,19,29,2 Samuel 19:29,8,ܠܟ,,,,Peshitta,PESH
10,2 Samuel,19,29,2 Samuel 19:29,9,ܡܪܝ,,,,Peshitta,PESH
10,2 Samuel,19,29,2 Samuel 19:29,10,ܡܠܟܐ,,,,Peshitta,PESH
10,2 Samuel,19,29,2 Samuel 19:29,11,ܘܚܫܒܬܝܗܝ,,,,Peshitta,PESH
10,2 Samuel,19,29,2 Samuel 19:29,12,ܠܥܒܕܟ,,,,Peshitta,PESH
10,2 Samuel,19,29,2 Samuel 19:29,13,ܡܢ,,,,Peshitta,PESH
10,2 Samuel,19,29,2 Samuel 19:29,14,ܐ̈ܟܠܝ,,,,Peshitta,PESH
10,2 Samuel,19,29,2 Samuel 19:29,15,ܦܬܘܪܟ,,,,Peshitta,PESH
10,2 Samuel,19,29,2 Samuel 19:29,16,ܡܟܝܠ,,,,Peshitta,PESH
10,2 Samuel,19,29,2 Samuel 19:29,17,ܠܐ,,,,Peshitta,PESH
10,2 Samuel,19,29,2 Samuel 19:29,18,ܡܫܟܚ,,,,Peshitta,PESH
10,2 Samuel,19,29,2 Samuel 19:29,19,ܐܢܐ,,,,Peshitta,PESH
10,2 Samuel,19,29,2 Samuel 19:29,20,ܕܐܙܟܐ,,,,Peshitta,PESH
10,2 Samuel,19,29,2 Samuel 19:29,21,ܐܦܠܐ,,,,Peshitta,PESH
10,2 Samuel,19,29,2 Samuel 19:29,22,ܕܐܡܠܠ,,,,Peshitta,PESH
10,2 Samuel,19,29,2 Samuel 19:29,23,ܩܕܡ,,,,Peshitta,PESH
10,2 Samuel,19,29,2 Samuel 19:29,24,ܡܪܝ,,,,Peshitta,PESH
10,2 Samuel,19,29,2 Samuel 19:29,25,ܡܠܟܐ,,,,Peshitta,PESH
10,2 Samuel,19,30,2 Samuel 19:30,1,ܐܡܪ,,,,Peshitta,PESH
10,2 Samuel,19,30,2 Samuel 19:30,2,ܠܗ,,,,Peshitta,PESH
10,2 Samuel,19,30,2 Samuel 19:30,3,ܡܠܟܐ,,,,Peshitta,PESH
10,2 Samuel,19,30,2 Samuel 19:30,4,ܟܕܘ,,,,Peshitta,PESH
10,2 Samuel,19,30,2 Samuel 19:30,5,ܐܡܪܬ,,,,Peshitta,PESH
10,2 Samuel,19,30,2 Samuel 19:30,6,ܡ̈ܠܝܟ,,,,Peshitta,PESH
10,2 Samuel,19,30,2 Samuel 19:30,7,ܐܡܪܬ,,,,Peshitta,PESH
10,2 Samuel,19,30,2 Samuel 19:30,8,ܕܒܝܢ̈ܝܟ,,,,Peshitta,PESH
10,2 Samuel,19,30,2 Samuel 19:30,9,ܘܠܨܝܒܐ,,,,Peshitta,PESH
10,2 Samuel,19,30,2 Samuel 19:30,10,ܢܬ̈ܦܠܓܢ,,,,Peshitta,PESH
10,2 Samuel,19,30,2 Samuel 19:30,11,ܚܩ̈ܠܬܐ,,,,Peshitta,PESH
10,2 Samuel,19,31,2 Samuel 19:31,1,ܐܡܪ,,,,Peshitta,PESH
10,2 Samuel,19,31,2 Samuel 19:31,2,ܠܗ,,,,Peshitta,PESH
10,2 Samuel,19,31,2 Samuel 19:31,3,ܡܦܝܒܫܬ,,,,Peshitta,PESH
10,2 Samuel,19,31,2 Samuel 19:31,4,ܠܡܠܟܐ,,,,Peshitta,PESH
10,2 Samuel,19,31,2 Samuel 19:31,5,ܐܦ,,,,Peshitta,PESH
10,2 Samuel,19,31,2 Samuel 19:31,6,ܟܠܗ,,,,Peshitta,PESH
10,2 Samuel,19,31,2 Samuel 19:31,7,ܥܒܕܐ,,,,Peshitta,PESH
10,2 Samuel,19,31,2 Samuel 19:31,8,ܢܣܒ,,,,Peshitta,PESH
10,2 Samuel,19,31,2 Samuel 19:31,9,ܡܟܝܠ,,,,Peshitta,PESH
10,2 Samuel,19,31,2 Samuel 19:31,10,ܕܐܬܐ,,,,Peshitta,PESH
10,2 Samuel,19,31,2 Samuel 19:31,11,ܡܪܝ,,,,Peshitta,PESH
10,2 Samuel,19,31,2 Samuel 19:31,12,ܡܠܟܐ,,,,Peshitta,PESH
10,2 Samuel,19,31,2 Samuel 19:31,13,ܒܫܠܡܐ,,,,Peshitta,PESH
10,2 Samuel,19,31,2 Samuel 19:31,14,ܠܒܝܬܗ,,,,Peshitta,PESH
10,2 Samuel,19,32,2 Samuel 19:32,1,ܘܒܪܙܠܝ,,,,Peshitta,PESH
10,2 Samuel,19,32,2 Samuel 19:32,2,ܓܠܥܕܝܐ,,,,Peshitta,PESH
10,2 Samuel,19,32,2 Samuel 19:32,3,ܢܚܬ,,,,Peshitta,PESH
10,2 Samuel,19,32,2 Samuel 19:32,4,ܡܢ,,,,Peshitta,PESH
10,2 Samuel,19,32,2 Samuel 19:32,5,ܕܘܒܠܝܢ,,,,Peshitta,PESH
10,2 Samuel,19,32,2 Samuel 19:32,6,ܘܥܒܪ,,,,Peshitta,PESH
10,2 Samuel,19,32,2 Samuel 19:32,7,ܥܡ,,,,Peshitta,PESH
10,2 Samuel,19,32,2 Samuel 19:32,8,ܡܠܟܐ,,,,Peshitta,PESH
10,2 Samuel,19,32,2 Samuel 19:32,9,ܝܘܪܕܢܢ,,,,Peshitta,PESH
10,2 Samuel,19,32,2 Samuel 19:32,10,ܕܢܫܪܝܘܗܝ,,,,Peshitta,PESH
10,2 Samuel,19,32,2 Samuel 19:32,11,ܡܢ,,,,Peshitta,PESH
10,2 Samuel,19,32,2 Samuel 19:32,12,ܬܡܢ,,,,Peshitta,PESH
10,2 Samuel,19,33,2 Samuel 19:33,1,ܘܒܪܙܠܝ,,,,Peshitta,PESH
10,2 Samuel,19,33,2 Samuel 19:33,2,ܣܐܒ,,,,Peshitta,PESH
10,2 Samuel,19,33,2 Samuel 19:33,3,ܗܘܐ,,,,Peshitta,PESH
10,2 Samuel,19,33,2 Samuel 19:33,4,ܛܒ,,,,Peshitta,PESH
10,2 Samuel,19,33,2 Samuel 19:33,5,ܘܒܪ,,,,Peshitta,PESH
10,2 Samuel,19,33,2 Samuel 19:33,6,ܬܡܢܐܝܢ,,,,Peshitta,PESH
10,2 Samuel,19,33,2 Samuel 19:33,7,ܗܘܐ,,,,Peshitta,PESH
10,2 Samuel,19,33,2 Samuel 19:33,8,ܫ̈ܢܝܢ,,,,Peshitta,PESH
10,2 Samuel,19,33,2 Samuel 19:33,9,ܘܗܘ,,,,Peshitta,PESH
10,2 Samuel,19,33,2 Samuel 19:33,10,ܬܪܣܝ,,,,Peshitta,PESH
10,2 Samuel,19,33,2 Samuel 19:33,11,ܗܘܐ,,,,Peshitta,PESH
10,2 Samuel,19,33,2 Samuel 19:33,12,ܠܡܠܟܐ,,,,Peshitta,PESH
10,2 Samuel,19,33,2 Samuel 19:33,13,ܟܕ,,,,Peshitta,PESH
10,2 Samuel,19,33,2 Samuel 19:33,14,ܝܬܒ,,,,Peshitta,PESH
10,2 Samuel,19,33,2 Samuel 19:33,15,ܗܘܐ,,,,Peshitta,PESH
10,2 Samuel,19,33,2 Samuel 19:33,16,ܒܡܚܢܝܡ,,,,Peshitta,PESH
10,2 Samuel,19,33,2 Samuel 19:33,17,ܡܛܠ,,,,Peshitta,PESH
10,2 Samuel,19,33,2 Samuel 19:33,18,ܕܓܒܪܐ,,,,Peshitta,PESH
10,2 Samuel,19,33,2 Samuel 19:33,19,ܗܘܐ,,,,Peshitta,PESH
10,2 Samuel,19,33,2 Samuel 19:33,20,ܪܒܐ,,,,Peshitta,PESH
10,2 Samuel,19,34,2 Samuel 19:34,1,ܐܡܪ,,,,Peshitta,PESH
10,2 Samuel,19,34,2 Samuel 19:34,2,ܠܗ,,,,Peshitta,PESH
10,2 Samuel,19,34,2 Samuel 19:34,3,ܡܠܟܐ,,,,Peshitta,PESH
10,2 Samuel,19,34,2 Samuel 19:34,4,ܠܒܪܙܠܝ,,,,Peshitta,PESH
10,2 Samuel,19,34,2 Samuel 19:34,5,ܐܦ,,,,Peshitta,PESH
10,2 Samuel,19,34,2 Samuel 19:34,6,ܐܢܬ,,,,Peshitta,PESH
10,2 Samuel,19,34,2 Samuel 19:34,7,ܥܒܪ,,,,Peshitta,PESH
10,2 Samuel,19,34,2 Samuel 19:34,8,ܥܡܝ,,,,Peshitta,PESH
10,2 Samuel,19,34,2 Samuel 19:34,9,ܘܐܬܪܣܝܟ,,,,Peshitta,PESH
10,2 Samuel,19,34,2 Samuel 19:34,10,ܥܡܝ,,,,Peshitta,PESH
10,2 Samuel,19,34,2 Samuel 19:34,11,ܒܐܘܪܫܠܡ,,,,Peshitta,PESH
10,2 Samuel,19,35,2 Samuel 19:35,1,ܐܡܪ,,,,Peshitta,PESH
10,2 Samuel,19,35,2 Samuel 19:35,2,ܒܪܙܠܝ,,,,Peshitta,PESH
10,2 Samuel,19,35,2 Samuel 19:35,3,ܠܡܠܟܐ,,,,Peshitta,PESH
10,2 Samuel,19,35,2 Samuel 19:35,4,ܟܡܐ,,,,Peshitta,PESH
10,2 Samuel,19,35,2 Samuel 19:35,5,ܐܢܝ̈ܢ,,,,Peshitta,PESH
10,2 Samuel,19,35,2 Samuel 19:35,6,ܫܢ̈ܝܐ,,,,Peshitta,PESH
10,2 Samuel,19,35,2 Samuel 19:35,7,ܕܚ̈ܝܝ,,,,Peshitta,PESH
10,2 Samuel,19,35,2 Samuel 19:35,8,ܕܐܣܩ,,,,Peshitta,PESH
10,2 Samuel,19,35,2 Samuel 19:35,9,ܥܡ,,,,Peshitta,PESH
10,2 Samuel,19,35,2 Samuel 19:35,10,ܡܠܟܐ,,,,Peshitta,PESH
10,2 Samuel,19,35,2 Samuel 19:35,11,ܠܐܘܪܫܠܡ,,,,Peshitta,PESH
10,2 Samuel,19,36,2 Samuel 19:36,1,ܒܪ,,,,Peshitta,PESH
10,2 Samuel,19,36,2 Samuel 19:36,2,ܬܡܢܐܝܢ,,,,Peshitta,PESH
10,2 Samuel,19,36,2 Samuel 19:36,3,ܐܢܐ,,,,Peshitta,PESH
10,2 Samuel,19,36,2 Samuel 19:36,4,ܫܢ̈ܝܢ,,,,Peshitta,PESH
10,2 Samuel,19,36,2 Samuel 19:36,5,ܝܘܡܢܐ,,,,Peshitta,PESH
10,2 Samuel,19,36,2 Samuel 19:36,6,ܘܠܐ,,,,Peshitta,PESH
10,2 Samuel,19,36,2 Samuel 19:36,7,ܝܕܥ,,,,Peshitta,PESH
10,2 Samuel,19,36,2 Samuel 19:36,8,ܐܢܐ,,,,Peshitta,PESH
10,2 Samuel,19,36,2 Samuel 19:36,9,ܒܝܬ,,,,Peshitta,PESH
10,2 Samuel,19,36,2 Samuel 19:36,10,ܛܒ,,,,Peshitta,PESH
10,2 Samuel,19,36,2 Samuel 19:36,11,ܠܒܝܫ,,,,Peshitta,PESH
10,2 Samuel,19,36,2 Samuel 19:36,12,ܘܡܕܡ,,,,Peshitta,PESH
10,2 Samuel,19,36,2 Samuel 19:36,13,ܕܐܟ̇ܠ,,,,Peshitta,PESH
10,2 Samuel,19,36,2 Samuel 19:36,14,ܥܒܕܟ,,,,Peshitta,PESH
10,2 Samuel,19,36,2 Samuel 19:36,15,ܘܡܕܡ,,,,Peshitta,PESH
10,2 Samuel,19,36,2 Samuel 19:36,16,ܕܫ̇ܬܐ,,,,Peshitta,PESH
10,2 Samuel,19,36,2 Samuel 19:36,17,ܠܐ,,,,Peshitta,PESH
10,2 Samuel,19,36,2 Samuel 19:36,18,ܡܬܛܥܡ,,,,Peshitta,PESH
10,2 Samuel,19,36,2 Samuel 19:36,19,ܠܗ,,,,Peshitta,PESH
10,2 Samuel,19,36,2 Samuel 19:36,20,ܐܦ,,,,Peshitta,PESH
10,2 Samuel,19,36,2 Samuel 19:36,21,ܠܐ,,,,Peshitta,PESH
10,2 Samuel,19,36,2 Samuel 19:36,22,ܬܘܒ,,,,Peshitta,PESH
10,2 Samuel,19,36,2 Samuel 19:36,23,ܡܫܟܚ,,,,Peshitta,PESH
10,2 Samuel,19,36,2 Samuel 19:36,24,ܐܢܐ,,,,Peshitta,PESH
10,2 Samuel,19,36,2 Samuel 19:36,25,ܕܐܫܡܥ,,,,Peshitta,PESH
10,2 Samuel,19,36,2 Samuel 19:36,26,ܒܩܠ,,,,Peshitta,PESH
10,2 Samuel,19,36,2 Samuel 19:36,27,ܚܕܐ,,,,Peshitta,PESH
10,2 Samuel,19,36,2 Samuel 19:36,28,ܘܐܚܪܬܐ,,,,Peshitta,PESH
10,2 Samuel,19,36,2 Samuel 19:36,29,ܠܡܢܐ,,,,Peshitta,PESH
10,2 Samuel,19,36,2 Samuel 19:36,30,ܬܘܒ,,,,Peshitta,PESH
10,2 Samuel,19,36,2 Samuel 19:36,31,ܗܘܐ,,,,Peshitta,PESH
10,2 Samuel,19,36,2 Samuel 19:36,32,ܥܒܕܟ,,,,Peshitta,PESH
10,2 Samuel,19,36,2 Samuel 19:36,33,ܝܩܪܬܐ,,,,Peshitta,PESH
10,2 Samuel,19,36,2 Samuel 19:36,34,ܠܡܪܝ,,,,Peshitta,PESH
10,2 Samuel,19,36,2 Samuel 19:36,35,ܡܠܟܐ,,,,Peshitta,PESH
10,2 Samuel,19,37,2 Samuel 19:37,1,ܠܡܚܣܢ,,,,Peshitta,PESH
10,2 Samuel,19,37,2 Samuel 19:37,2,ܓܝܪ,,,,Peshitta,PESH
10,2 Samuel,19,37,2 Samuel 19:37,3,ܥܒܪ,,,,Peshitta,PESH
10,2 Samuel,19,37,2 Samuel 19:37,4,ܥܒܕܟ,,,,Peshitta,PESH
10,2 Samuel,19,37,2 Samuel 19:37,5,ܝܘܪܕܢܢ,,,,Peshitta,PESH
10,2 Samuel,19,37,2 Samuel 19:37,6,ܥܡ,,,,Peshitta,PESH
10,2 Samuel,19,37,2 Samuel 19:37,7,ܡܪܝ,,,,Peshitta,PESH
10,2 Samuel,19,37,2 Samuel 19:37,8,ܡܠܟܐ,,,,Peshitta,PESH
10,2 Samuel,19,37,2 Samuel 19:37,9,ܠܐ,,,,Peshitta,PESH
10,2 Samuel,19,37,2 Samuel 19:37,10,ܢܦܪܥܢܝ,,,,Peshitta,PESH
10,2 Samuel,19,37,2 Samuel 19:37,11,ܡܪܝ,,,,Peshitta,PESH
10,2 Samuel,19,37,2 Samuel 19:37,12,ܡܠܟܐ,,,,Peshitta,PESH
10,2 Samuel,19,37,2 Samuel 19:37,13,ܦܘܪܥܢܐ,,,,Peshitta,PESH
10,2 Samuel,19,37,2 Samuel 19:37,14,ܗܢܐ,,,,Peshitta,PESH
10,2 Samuel,19,38,2 Samuel 19:38,1,ܢܦܘܫ,,,,Peshitta,PESH
10,2 Samuel,19,38,2 Samuel 19:38,2,ܥܒܕܟ,,,,Peshitta,PESH
10,2 Samuel,19,38,2 Samuel 19:38,3,ܐܡܘܬ,,,,Peshitta,PESH
10,2 Samuel,19,38,2 Samuel 19:38,4,ܒܩܪܝܬܝ,,,,Peshitta,PESH
10,2 Samuel,19,38,2 Samuel 19:38,5,ܥܠ,,,,Peshitta,PESH
10,2 Samuel,19,38,2 Samuel 19:38,6,ܓܢܒ,,,,Peshitta,PESH
10,2 Samuel,19,38,2 Samuel 19:38,7,ܩܒܪܐ,,,,Peshitta,PESH
10,2 Samuel,19,38,2 Samuel 19:38,8,ܕܐܒܝ,,,,Peshitta,PESH
10,2 Samuel,19,38,2 Samuel 19:38,9,ܘܕܐܡܝ,,,,Peshitta,PESH
10,2 Samuel,19,38,2 Samuel 19:38,10,ܗܐ,,,,Peshitta,PESH
10,2 Samuel,19,38,2 Samuel 19:38,11,ܐܝܬ,,,,Peshitta,PESH
10,2 Samuel,19,38,2 Samuel 19:38,12,ܥܡܟ,,,,Peshitta,PESH
10,2 Samuel,19,38,2 Samuel 19:38,13,ܥܒܕܟ,,,,Peshitta,PESH
10,2 Samuel,19,38,2 Samuel 19:38,14,ܒܪܝ,,,,Peshitta,PESH
10,2 Samuel,19,38,2 Samuel 19:38,15,ܒܡܗܡ,,,,Peshitta,PESH
10,2 Samuel,19,38,2 Samuel 19:38,16,ܢܥܒܪ,,,,Peshitta,PESH
10,2 Samuel,19,38,2 Samuel 19:38,17,ܥܡܟ,,,,Peshitta,PESH
10,2 Samuel,19,38,2 Samuel 19:38,18,ܡܪܝ,,,,Peshitta,PESH
10,2 Samuel,19,38,2 Samuel 19:38,19,ܡܠܟܐ,,,,Peshitta,PESH
10,2 Samuel,19,38,2 Samuel 19:38,20,ܘܥܒܕ,,,,Peshitta,PESH
10,2 Samuel,19,38,2 Samuel 19:38,21,ܠܗ,,,,Peshitta,PESH
10,2 Samuel,19,38,2 Samuel 19:38,22,ܡܕܡ,,,,Peshitta,PESH
10,2 Samuel,19,38,2 Samuel 19:38,23,ܕܫܦܝܪ,,,,Peshitta,PESH
10,2 Samuel,19,38,2 Samuel 19:38,24,ܒܥܝܢ̈ܝܟ,,,,Peshitta,PESH
10,2 Samuel,19,39,2 Samuel 19:39,1,ܘܐܡܪ,,,,Peshitta,PESH
10,2 Samuel,19,39,2 Samuel 19:39,2,ܡܠܟܐ,,,,Peshitta,PESH
10,2 Samuel,19,39,2 Samuel 19:39,3,ܥܡܝ,,,,Peshitta,PESH
10,2 Samuel,19,39,2 Samuel 19:39,4,ܢܥܒܪ,,,,Peshitta,PESH
10,2 Samuel,19,39,2 Samuel 19:39,5,ܒܡܗܡ,,,,Peshitta,PESH
10,2 Samuel,19,39,2 Samuel 19:39,6,ܘܐܢܐ,,,,Peshitta,PESH
10,2 Samuel,19,39,2 Samuel 19:39,7,ܐܥܒܕ,,,,Peshitta,PESH
10,2 Samuel,19,39,2 Samuel 19:39,8,ܠܗ,,,,Peshitta,PESH
10,2 Samuel,19,39,2 Samuel 19:39,9,ܟܠ,,,,Peshitta,PESH
10,2 Samuel,19,39,2 Samuel 19:39,10,ܡܕܡ,,,,Peshitta,PESH
10,2 Samuel,19,39,2 Samuel 19:39,11,ܕܫܦܝܪ,,,,Peshitta,PESH
10,2 Samuel,19,39,2 Samuel 19:39,12,ܒܥܝܢ̈ܝ,,,,Peshitta,PESH
10,2 Samuel,19,39,2 Samuel 19:39,13,ܘܟܠ,,,,Peshitta,PESH
10,2 Samuel,19,39,2 Samuel 19:39,14,ܕܒܥܝܬ,,,,Peshitta,PESH
10,2 Samuel,19,39,2 Samuel 19:39,15,ܡܢܝ,,,,Peshitta,PESH
10,2 Samuel,19,39,2 Samuel 19:39,16,ܐܥܒܕ,,,,Peshitta,PESH
10,2 Samuel,19,39,2 Samuel 19:39,17,ܠܟ,,,,Peshitta,PESH
10,2 Samuel,19,40,2 Samuel 19:40,1,ܘܥܒܪ,,,,Peshitta,PESH
10,2 Samuel,19,40,2 Samuel 19:40,2,ܥܡܐ,,,,Peshitta,PESH
10,2 Samuel,19,40,2 Samuel 19:40,3,ܟܠܗ,,,,Peshitta,PESH
10,2 Samuel,19,40,2 Samuel 19:40,4,ܝܘܪܕܢܢ,,,,Peshitta,PESH
10,2 Samuel,19,40,2 Samuel 19:40,5,ܘܐܦ,,,,Peshitta,PESH
10,2 Samuel,19,40,2 Samuel 19:40,6,ܡܠܟܐ,,,,Peshitta,PESH
10,2 Samuel,19,40,2 Samuel 19:40,7,ܥܒܪ,,,,Peshitta,PESH
10,2 Samuel,19,40,2 Samuel 19:40,8,ܘܢܫܩܗ,,,,Peshitta,PESH
10,2 Samuel,19,40,2 Samuel 19:40,9,ܡܠܟܐ,,,,Peshitta,PESH
10,2 Samuel,19,40,2 Samuel 19:40,10,ܠܒܪܙܠܝ,,,,Peshitta,PESH
10,2 Samuel,19,40,2 Samuel 19:40,11,ܘܒܪܟܗ,,,,Peshitta,PESH
10,2 Samuel,19,40,2 Samuel 19:40,12,ܘܗܦܟ,,,,Peshitta,PESH
10,2 Samuel,19,40,2 Samuel 19:40,13,ܠܐܬܪܗ,,,,Peshitta,PESH
10,2 Samuel,19,41,2 Samuel 19:41,1,ܘܥܒܪ,,,,Peshitta,PESH
10,2 Samuel,19,41,2 Samuel 19:41,2,ܡܠܟܐ,,,,Peshitta,PESH
10,2 Samuel,19,41,2 Samuel 19:41,3,ܠܓܠܓܠܐ,,,,Peshitta,PESH
10,2 Samuel,19,41,2 Samuel 19:41,4,ܘܥܒܪ,,,,Peshitta,PESH
10,2 Samuel,19,41,2 Samuel 19:41,5,ܒܡܗܡ,,,,Peshitta,PESH
10,2 Samuel,19,41,2 Samuel 19:41,6,ܥܡܗ,,,,Peshitta,PESH
10,2 Samuel,19,41,2 Samuel 19:41,7,ܘܟܠܗ,,,,Peshitta,PESH
10,2 Samuel,19,41,2 Samuel 19:41,8,ܥܡܐ,,,,Peshitta,PESH
10,2 Samuel,19,41,2 Samuel 19:41,9,ܕܝܗܘܕܐ,,,,Peshitta,PESH
10,2 Samuel,19,41,2 Samuel 19:41,10,ܥܒܪܘ,,,,Peshitta,PESH
10,2 Samuel,19,41,2 Samuel 19:41,11,ܥܡ,,,,Peshitta,PESH
10,2 Samuel,19,41,2 Samuel 19:41,12,ܡܠܟܐ,,,,Peshitta,PESH
10,2 Samuel,19,41,2 Samuel 19:41,13,ܘܐܦ,,,,Peshitta,PESH
10,2 Samuel,19,41,2 Samuel 19:41,14,ܦܠܓܗ,,,,Peshitta,PESH
10,2 Samuel,19,41,2 Samuel 19:41,15,ܕܥܡܐ,,,,Peshitta,PESH
10,2 Samuel,19,41,2 Samuel 19:41,16,ܕܐܝܣܪܝܠ,,,,Peshitta,PESH
10,2 Samuel,19,42,2 Samuel 19:42,1,ܘܟܠܗ,,,,Peshitta,PESH
10,2 Samuel,19,42,2 Samuel 19:42,2,ܐܝܣܪܝܠ,,,,Peshitta,PESH
10,2 Samuel,19,42,2 Samuel 19:42,3,ܐܬܘ,,,,Peshitta,PESH
10,2 Samuel,19,42,2 Samuel 19:42,4,ܠܘܬ,,,,Peshitta,PESH
10,2 Samuel,19,42,2 Samuel 19:42,5,ܡܠܟܐ,,,,Peshitta,PESH
10,2 Samuel,19,42,2 Samuel 19:42,6,ܘܐܡܪܝܢ,,,,Peshitta,PESH
10,2 Samuel,19,42,2 Samuel 19:42,7,ܠܗ,,,,Peshitta,PESH
10,2 Samuel,19,42,2 Samuel 19:42,8,ܠܡܠܟܐ,,,,Peshitta,PESH
10,2 Samuel,19,42,2 Samuel 19:42,9,ܠܡܢܐ,,,,Peshitta,PESH
10,2 Samuel,19,42,2 Samuel 19:42,10,ܐܛܫܝܘܟ,,,,Peshitta,PESH
10,2 Samuel,19,42,2 Samuel 19:42,11,ܐ̈ܚܝܢ,,,,Peshitta,PESH
10,2 Samuel,19,42,2 Samuel 19:42,12,ܐܢܫܐ,,,,Peshitta,PESH
10,2 Samuel,19,42,2 Samuel 19:42,13,ܕܝܗܘܕܐ,,,,Peshitta,PESH
10,2 Samuel,19,42,2 Samuel 19:42,14,ܘܐܥܒܪܘܟ,,,,Peshitta,PESH
10,2 Samuel,19,42,2 Samuel 19:42,15,ܝܘܪܕܢܢ,,,,Peshitta,PESH
10,2 Samuel,19,42,2 Samuel 19:42,16,ܠܟ,,,,Peshitta,PESH
10,2 Samuel,19,42,2 Samuel 19:42,17,ܡܠܟܐ,,,,Peshitta,PESH
10,2 Samuel,19,42,2 Samuel 19:42,18,ܘܠܟܠܗܘܢ,,,,Peshitta,PESH
10,2 Samuel,19,42,2 Samuel 19:42,19,ܒܢ̈ܝ,,,,Peshitta,PESH
10,2 Samuel,19,42,2 Samuel 19:42,20,ܒܝܬܟ,,,,Peshitta,PESH
10,2 Samuel,19,42,2 Samuel 19:42,21,ܘܠܟܠܗܘܢ,,,,Peshitta,PESH
10,2 Samuel,19,42,2 Samuel 19:42,22,ܕܒܝܬ,,,,Peshitta,PESH
10,2 Samuel,19,42,2 Samuel 19:42,23,ܝܗܘܕܐ,,,,Peshitta,PESH
10,2 Samuel,19,42,2 Samuel 19:42,24,ܥܡܟ,,,,Peshitta,PESH
10,2 Samuel,19,43,2 Samuel 19:43,1,ܘܥܢܘ,,,,Peshitta,PESH
10,2 Samuel,19,43,2 Samuel 19:43,2,ܟܠܗܘܢ,,,,Peshitta,PESH
10,2 Samuel,19,43,2 Samuel 19:43,3,ܕܒܝܬ,,,,Peshitta,PESH
10,2 Samuel,19,43,2 Samuel 19:43,4,ܝܗܘܕܐ,,,,Peshitta,PESH
10,2 Samuel,19,43,2 Samuel 19:43,5,ܘܐܡܪܝܢ,,,,Peshitta,PESH
10,2 Samuel,19,43,2 Samuel 19:43,6,ܠܕܒܝܬ,,,,Peshitta,PESH
10,2 Samuel,19,43,2 Samuel 19:43,7,ܐܝܣܪܝܠ,,,,Peshitta,PESH
10,2 Samuel,19,43,2 Samuel 19:43,8,ܡܛܠ,,,,Peshitta,PESH
10,2 Samuel,19,43,2 Samuel 19:43,9,ܕܩܪܝܒ,,,,Peshitta,PESH
10,2 Samuel,19,43,2 Samuel 19:43,10,ܠܢ,,,,Peshitta,PESH
10,2 Samuel,19,43,2 Samuel 19:43,11,ܡܠܟܐ,,,,Peshitta,PESH
10,2 Samuel,19,43,2 Samuel 19:43,12,ܠܡܢܐ,,,,Peshitta,PESH
10,2 Samuel,19,43,2 Samuel 19:43,13,ܐܬܒܐܫ,,,,Peshitta,PESH
10,2 Samuel,19,43,2 Samuel 19:43,14,ܠܟܘܢ,,,,Peshitta,PESH
10,2 Samuel,19,43,2 Samuel 19:43,15,ܥܠ,,,,Peshitta,PESH
10,2 Samuel,19,43,2 Samuel 19:43,16,ܗܕܐ,,,,Peshitta,PESH
10,2 Samuel,19,43,2 Samuel 19:43,17,ܡܠܬܐ,,,,Peshitta,PESH
10,2 Samuel,19,43,2 Samuel 19:43,18,ܕܠܡܐ,,,,Peshitta,PESH
10,2 Samuel,19,43,2 Samuel 19:43,19,ܡܐܟܠ,,,,Peshitta,PESH
10,2 Samuel,19,43,2 Samuel 19:43,20,ܐܟܠܢ,,,,Peshitta,PESH
10,2 Samuel,19,43,2 Samuel 19:43,21,ܡܢ,,,,Peshitta,PESH
10,2 Samuel,19,43,2 Samuel 19:43,22,ܡܠܟܐ,,,,Peshitta,PESH
10,2 Samuel,19,43,2 Samuel 19:43,23,ܐܘ,,,,Peshitta,PESH
10,2 Samuel,19,43,2 Samuel 19:43,24,ܡܘܗܒܬܐ,,,,Peshitta,PESH
10,2 Samuel,19,43,2 Samuel 19:43,25,ܐܬܝܗܒܬ,,,,Peshitta,PESH
10,2 Samuel,19,43,2 Samuel 19:43,26,ܠܢ,,,,Peshitta,PESH
10,2 Samuel,19,43,2 Samuel 19:43,27,ܡܢܗ,,,,Peshitta,PESH
10,2 Samuel,19,44,2 Samuel 19:44,1,ܥܢܘ,,,,Peshitta,PESH
10,2 Samuel,19,44,2 Samuel 19:44,2,ܕܒܝܬ,,,,Peshitta,PESH
10,2 Samuel,19,44,2 Samuel 19:44,3,ܐܝܣܪܝܠ,,,,Peshitta,PESH
10,2 Samuel,19,44,2 Samuel 19:44,4,ܘܐܡܪܝܢ,,,,Peshitta,PESH
10,2 Samuel,19,44,2 Samuel 19:44,5,ܠܕܒܝܬ,,,,Peshitta,PESH
10,2 Samuel,19,44,2 Samuel 19:44,6,ܝܗܘܕܐ,,,,Peshitta,PESH
10,2 Samuel,19,44,2 Samuel 19:44,7,ܥܣܪ̈,,,,Peshitta,PESH
10,2 Samuel,19,44,2 Samuel 19:44,8,ܡ̈ܢܘܢ,,,,Peshitta,PESH
10,2 Samuel,19,44,2 Samuel 19:44,9,ܐܝܬ,,,,Peshitta,PESH
10,2 Samuel,19,44,2 Samuel 19:44,10,ܠܢ,,,,Peshitta,PESH
10,2 Samuel,19,44,2 Samuel 19:44,11,ܒܡܠܟܐ,,,,Peshitta,PESH
10,2 Samuel,19,44,2 Samuel 19:44,12,ܘܐܦ,,,,Peshitta,PESH
10,2 Samuel,19,44,2 Samuel 19:44,13,ܒܕܘܝܕ,,,,Peshitta,PESH
10,2 Samuel,19,44,2 Samuel 19:44,14,ܝܬܝܪ,,,,Peshitta,PESH
10,2 Samuel,19,44,2 Samuel 19:44,15,ܡܢܟܘܢ,,,,Peshitta,PESH
10,2 Samuel,19,44,2 Samuel 19:44,16,ܠܡܢܐ,,,,Peshitta,PESH
10,2 Samuel,19,44,2 Samuel 19:44,17,ܐܙܠܬܘܢ,,,,Peshitta,PESH
10,2 Samuel,19,44,2 Samuel 19:44,18,ܠܢ,,,,Peshitta,PESH
10,2 Samuel,19,44,2 Samuel 19:44,19,ܗܘ,,,,Peshitta,PESH
10,2 Samuel,19,44,2 Samuel 19:44,20,ܓܝܪ,,,,Peshitta,PESH
10,2 Samuel,19,44,2 Samuel 19:44,21,ܘ̇ܠܐ,,,,Peshitta,PESH
10,2 Samuel,19,44,2 Samuel 19:44,22,ܗܘܐ,,,,Peshitta,PESH
10,2 Samuel,19,44,2 Samuel 19:44,23,ܕܢܗܘܐ,,,,Peshitta,PESH
10,2 Samuel,19,44,2 Samuel 19:44,24,ܩܕܡ̈ܝܐ,,,,Peshitta,PESH
10,2 Samuel,19,44,2 Samuel 19:44,25,ܕܢܗܦܟ,,,,Peshitta,PESH
10,2 Samuel,19,44,2 Samuel 19:44,26,ܠܡܠܟܐ,,,,Peshitta,PESH
10,2 Samuel,19,44,2 Samuel 19:44,27,ܘܥܫܢܬ,,,,Peshitta,PESH
10,2 Samuel,19,44,2 Samuel 19:44,28,ܡܠܬܐ,,,,Peshitta,PESH
10,2 Samuel,19,44,2 Samuel 19:44,29,ܕܒܝܬ,,,,Peshitta,PESH
10,2 Samuel,19,44,2 Samuel 19:44,30,ܝܗܘܕܐ,,,,Peshitta,PESH
10,2 Samuel,19,44,2 Samuel 19:44,31,ܡܢ,,,,Peshitta,PESH
10,2 Samuel,19,44,2 Samuel 19:44,32,ܡܠܬܐ,,,,Peshitta,PESH
10,2 Samuel,19,44,2 Samuel 19:44,33,ܕܒܝܬ,,,,Peshitta,PESH
10,2 Samuel,19,44,2 Samuel 19:44,34,ܐܝܣܪܝܠ,,,,Peshitta,PESH
10,2 Samuel,20,1,2 Samuel 20:1,1,ܘܐܫܬܘܪܝ,,,,Peshitta,PESH
10,2 Samuel,20,1,2 Samuel 20:1,2,ܬܡܢ,,,,Peshitta,PESH
10,2 Samuel,20,1,2 Samuel 20:1,3,ܓܒܪܐ,,,,Peshitta,PESH
10,2 Samuel,20,1,2 Samuel 20:1,4,ܚܕ,,,,Peshitta,PESH
10,2 Samuel,20,1,2 Samuel 20:1,5,ܥܘܠܐ,,,,Peshitta,PESH
10,2 Samuel,20,1,2 Samuel 20:1,6,ܘܫܡܗ,,,,Peshitta,PESH
10,2 Samuel,20,1,2 Samuel 20:1,7,ܫܡܘܥ,,,,Peshitta,PESH
10,2 Samuel,20,1,2 Samuel 20:1,8,ܒܪ,,,,Peshitta,PESH
10,2 Samuel,20,1,2 Samuel 20:1,9,ܒܟܪܝ,,,,Peshitta,PESH
10,2 Samuel,20,1,2 Samuel 20:1,10,ܡܢ,,,,Peshitta,PESH
10,2 Samuel,20,1,2 Samuel 20:1,11,ܒܢܝܡܝܢ,,,,Peshitta,PESH
10,2 Samuel,20,1,2 Samuel 20:1,12,ܘܩܪܐ,,,,Peshitta,PESH
10,2 Samuel,20,1,2 Samuel 20:1,13,ܒܫܝܦܘܪܐ,,,,Peshitta,PESH
10,2 Samuel,20,1,2 Samuel 20:1,14,ܘܐܡܪ,,,,Peshitta,PESH
10,2 Samuel,20,1,2 Samuel 20:1,15,ܠܝܬ,,,,Peshitta,PESH
10,2 Samuel,20,1,2 Samuel 20:1,16,ܠܢ,,,,Peshitta,PESH
10,2 Samuel,20,1,2 Samuel 20:1,17,ܦܠܓܘܬܐ,,,,Peshitta,PESH
10,2 Samuel,20,1,2 Samuel 20:1,18,ܥܡ,,,,Peshitta,PESH
10,2 Samuel,20,1,2 Samuel 20:1,19,ܕܘܝܕ,,,,Peshitta,PESH
10,2 Samuel,20,1,2 Samuel 20:1,20,ܐܦ,,,,Peshitta,PESH
10,2 Samuel,20,1,2 Samuel 20:1,21,ܠܐ,,,,Peshitta,PESH
10,2 Samuel,20,1,2 Samuel 20:1,22,ܝܪܬܘܬܐ,,,,Peshitta,PESH
10,2 Samuel,20,1,2 Samuel 20:1,23,ܥܡ,,,,Peshitta,PESH
10,2 Samuel,20,1,2 Samuel 20:1,24,ܒܪܗ,,,,Peshitta,PESH
10,2 Samuel,20,1,2 Samuel 20:1,25,ܕܐܝܫܝ,,,,Peshitta,PESH
10,2 Samuel,20,1,2 Samuel 20:1,26,ܙܠܘ,,,,Peshitta,PESH
10,2 Samuel,20,1,2 Samuel 20:1,27,ܐܢܫ,,,,Peshitta,PESH
10,2 Samuel,20,1,2 Samuel 20:1,28,ܠܡܫܟܢܗ,,,,Peshitta,PESH
10,2 Samuel,20,2,2 Samuel 20:2,1,ܘܦܫܘ,,,,Peshitta,PESH
10,2 Samuel,20,2,2 Samuel 20:2,2,ܟܠܗܘܢ,,,,Peshitta,PESH
10,2 Samuel,20,2,2 Samuel 20:2,3,ܒܢ̈ܝ,,,,Peshitta,PESH
10,2 Samuel,20,2,2 Samuel 20:2,4,ܐܝܣܪܝܠ,,,,Peshitta,PESH
10,2 Samuel,20,2,2 Samuel 20:2,5,ܡܢ,,,,Peshitta,PESH
10,2 Samuel,20,2,2 Samuel 20:2,6,ܒܬܪ,,,,Peshitta,PESH
10,2 Samuel,20,2,2 Samuel 20:2,7,ܕܘܝܕ,,,,Peshitta,PESH
10,2 Samuel,20,2,2 Samuel 20:2,8,ܘܐܙܠܘ,,,,Peshitta,PESH
10,2 Samuel,20,2,2 Samuel 20:2,9,ܒܬܪ,,,,Peshitta,PESH
10,2 Samuel,20,2,2 Samuel 20:2,10,ܫܡܘܥ,,,,Peshitta,PESH
10,2 Samuel,20,2,2 Samuel 20:2,11,ܒܪ,,,,Peshitta,PESH
10,2 Samuel,20,2,2 Samuel 20:2,12,ܒܟܪܝ,,,,Peshitta,PESH
10,2 Samuel,20,2,2 Samuel 20:2,13,ܘܒܢ̈ܝ,,,,Peshitta,PESH
10,2 Samuel,20,2,2 Samuel 20:2,14,ܝܗܘܕܐ,,,,Peshitta,PESH
10,2 Samuel,20,2,2 Samuel 20:2,15,ܢܩܦܘ,,,,Peshitta,PESH
10,2 Samuel,20,2,2 Samuel 20:2,16,ܠܡܠܟܗܘܢ,,,,Peshitta,PESH
10,2 Samuel,20,2,2 Samuel 20:2,17,ܡܢ,,,,Peshitta,PESH
10,2 Samuel,20,2,2 Samuel 20:2,18,ܝܘܪܕܢܢ,,,,Peshitta,PESH
10,2 Samuel,20,2,2 Samuel 20:2,19,ܘܥܕܡܐ,,,,Peshitta,PESH
10,2 Samuel,20,2,2 Samuel 20:2,20,ܠܐܘܪܫܠܡ,,,,Peshitta,PESH
10,2 Samuel,20,3,2 Samuel 20:3,1,ܘܐܬܐ,,,,Peshitta,PESH
10,2 Samuel,20,3,2 Samuel 20:3,2,ܕܘܝܕ,,,,Peshitta,PESH
10,2 Samuel,20,3,2 Samuel 20:3,3,ܠܒܝܬܗ,,,,Peshitta,PESH
10,2 Samuel,20,3,2 Samuel 20:3,4,ܠܐܘܪܫܠܡ,,,,Peshitta,PESH
10,2 Samuel,20,3,2 Samuel 20:3,5,ܘܕܒܪ,,,,Peshitta,PESH
10,2 Samuel,20,3,2 Samuel 20:3,6,ܐܢܝ̈ܢ,,,,Peshitta,PESH
10,2 Samuel,20,3,2 Samuel 20:3,7,ܡܠܟܐ,,,,Peshitta,PESH
10,2 Samuel,20,3,2 Samuel 20:3,8,ܠܥܣܪ̈,,,,Peshitta,PESH
10,2 Samuel,20,3,2 Samuel 20:3,9,ܢܫ̈ܐ,,,,Peshitta,PESH
10,2 Samuel,20,3,2 Samuel 20:3,10,ܕܪ̈ܘܟܬܐ,,,,Peshitta,PESH
10,2 Samuel,20,3,2 Samuel 20:3,11,ܕܫܒܩ,,,,Peshitta,PESH
10,2 Samuel,20,3,2 Samuel 20:3,12,ܗܘܐ,,,,Peshitta,PESH
10,2 Samuel,20,3,2 Samuel 20:3,13,ܕܢܛܪ̈ܢ,,,,Peshitta,PESH
10,2 Samuel,20,3,2 Samuel 20:3,14,ܒܝܬܗ,,,,Peshitta,PESH
10,2 Samuel,20,3,2 Samuel 20:3,15,ܘܚܒܫ,,,,Peshitta,PESH
10,2 Samuel,20,3,2 Samuel 20:3,16,ܐ̈ܢܝܢ,,,,Peshitta,PESH
10,2 Samuel,20,3,2 Samuel 20:3,17,ܒܒܝܬܐ,,,,Peshitta,PESH
10,2 Samuel,20,3,2 Samuel 20:3,18,ܕܢܬܢܛܪ̈ܢ,,,,Peshitta,PESH
10,2 Samuel,20,3,2 Samuel 20:3,19,ܘܬܪܣܝ,,,,Peshitta,PESH
10,2 Samuel,20,3,2 Samuel 20:3,20,ܐܢ̈ܝܢ,,,,Peshitta,PESH
10,2 Samuel,20,3,2 Samuel 20:3,21,ܘܠܐ,,,,Peshitta,PESH
10,2 Samuel,20,3,2 Samuel 20:3,22,ܥܠ,,,,Peshitta,PESH
10,2 Samuel,20,3,2 Samuel 20:3,23,ܥܠܝܗܝܢ,,,,Peshitta,PESH
10,2 Samuel,20,3,2 Samuel 20:3,24,ܘܗ̈ܘܝ,,,,Peshitta,PESH
10,2 Samuel,20,3,2 Samuel 20:3,25,ܒܐܘܠܨܢܐ,,,,Peshitta,PESH
10,2 Samuel,20,3,2 Samuel 20:3,26,ܥܕܡܐ,,,,Peshitta,PESH
10,2 Samuel,20,3,2 Samuel 20:3,27,ܠܝܘܡܐ,,,,Peshitta,PESH
10,2 Samuel,20,3,2 Samuel 20:3,28,ܕܡܝܬ,,,,Peshitta,PESH
10,2 Samuel,20,3,2 Samuel 20:3,29,ܘܗ̈ܘܝ,,,,Peshitta,PESH
10,2 Samuel,20,3,2 Samuel 20:3,30,ܐܪ̈ܡܠܬܐ,,,,Peshitta,PESH
10,2 Samuel,20,4,2 Samuel 20:4,1,ܘܐܡܪ,,,,Peshitta,PESH
10,2 Samuel,20,4,2 Samuel 20:4,2,ܡܠܟܐ,,,,Peshitta,PESH
10,2 Samuel,20,4,2 Samuel 20:4,3,ܠܥܡܣܐ,,,,Peshitta,PESH
10,2 Samuel,20,4,2 Samuel 20:4,4,ܘܥܕ,,,,Peshitta,PESH
10,2 Samuel,20,4,2 Samuel 20:4,5,ܠܝ,,,,Peshitta,PESH
10,2 Samuel,20,4,2 Samuel 20:4,6,ܠܕܒܝܬ,,,,Peshitta,PESH
10,2 Samuel,20,4,2 Samuel 20:4,7,ܝܗܘܕܐ,,,,Peshitta,PESH
10,2 Samuel,20,4,2 Samuel 20:4,8,ܠܬܠܬܐ,,,,Peshitta,PESH
10,2 Samuel,20,4,2 Samuel 20:4,9,ܝܘܡ̈ܝܢ,,,,Peshitta,PESH
10,2 Samuel,20,4,2 Samuel 20:4,10,ܘܐܢܬ,,,,Peshitta,PESH
10,2 Samuel,20,4,2 Samuel 20:4,11,ܗܪܟܐ,,,,Peshitta,PESH
10,2 Samuel,20,4,2 Samuel 20:4,12,ܩܘܡ,,,,Peshitta,PESH
10,2 Samuel,20,5,2 Samuel 20:5,1,ܘܐܙܠ,,,,Peshitta,PESH
10,2 Samuel,20,5,2 Samuel 20:5,2,ܥܡܣܐ,,,,Peshitta,PESH
10,2 Samuel,20,5,2 Samuel 20:5,3,ܠܡܘܥܕܘ,,,,Peshitta,PESH
10,2 Samuel,20,5,2 Samuel 20:5,4,ܠܕܒܝܬ,,,,Peshitta,PESH
10,2 Samuel,20,5,2 Samuel 20:5,5,ܝܗܘܕܐ,,,,Peshitta,PESH
10,2 Samuel,20,5,2 Samuel 20:5,6,ܘܐܘܚܪ,,,,Peshitta,PESH
10,2 Samuel,20,5,2 Samuel 20:5,7,ܡܢ,,,,Peshitta,PESH
10,2 Samuel,20,5,2 Samuel 20:5,8,ܘܥܕܐ,,,,Peshitta,PESH
10,2 Samuel,20,5,2 Samuel 20:5,9,ܕܘܥܕܗ,,,,Peshitta,PESH
10,2 Samuel,20,6,2 Samuel 20:6,1,ܘܐܡܪ,,,,Peshitta,PESH
10,2 Samuel,20,6,2 Samuel 20:6,2,ܕܘܝܕ,,,,Peshitta,PESH
10,2 Samuel,20,6,2 Samuel 20:6,3,ܠܝܘܐܒ,,,,Peshitta,PESH
10,2 Samuel,20,6,2 Samuel 20:6,4,ܗܫܐ,,,,Peshitta,PESH
10,2 Samuel,20,6,2 Samuel 20:6,5,ܒܐܫ,,,,Peshitta,PESH
10,2 Samuel,20,6,2 Samuel 20:6,6,ܠܢ,,,,Peshitta,PESH
10,2 Samuel,20,6,2 Samuel 20:6,7,ܫܡܘܥ,,,,Peshitta,PESH
10,2 Samuel,20,6,2 Samuel 20:6,8,ܒܪ,,,,Peshitta,PESH
10,2 Samuel,20,6,2 Samuel 20:6,9,ܒܟܪܝ,,,,Peshitta,PESH
10,2 Samuel,20,6,2 Samuel 20:6,10,ܡܢ,,,,Peshitta,PESH
10,2 Samuel,20,6,2 Samuel 20:6,11,ܐܒܫܠܘܡ,,,,Peshitta,PESH
10,2 Samuel,20,6,2 Samuel 20:6,12,ܐܠܐ,,,,Peshitta,PESH
10,2 Samuel,20,6,2 Samuel 20:6,13,ܕܒܪ,,,,Peshitta,PESH
10,2 Samuel,20,6,2 Samuel 20:6,14,ܥܡܟ,,,,Peshitta,PESH
10,2 Samuel,20,6,2 Samuel 20:6,15,ܠܥܒ̈ܕܐ,,,,Peshitta,PESH
10,2 Samuel,20,6,2 Samuel 20:6,16,ܕܡܪܟ,,,,Peshitta,PESH
10,2 Samuel,20,6,2 Samuel 20:6,17,ܘܙܠ,,,,Peshitta,PESH
10,2 Samuel,20,6,2 Samuel 20:6,18,ܒܬܪܗ,,,,Peshitta,PESH
10,2 Samuel,20,6,2 Samuel 20:6,19,ܕܠܡܐ,,,,Peshitta,PESH
10,2 Samuel,20,6,2 Samuel 20:6,20,ܢܫܟܚ,,,,Peshitta,PESH
10,2 Samuel,20,6,2 Samuel 20:6,21,ܠܗ,,,,Peshitta,PESH
10,2 Samuel,20,6,2 Samuel 20:6,22,ܩܘܪ̈ܝܐ,,,,Peshitta,PESH
10,2 Samuel,20,6,2 Samuel 20:6,23,ܕܥܫܝܢܢ,,,,Peshitta,PESH
10,2 Samuel,20,6,2 Samuel 20:6,24,ܘܢܩܘܡ,,,,Peshitta,PESH
10,2 Samuel,20,6,2 Samuel 20:6,25,ܒܗܝܢ,,,,Peshitta,PESH
10,2 Samuel,20,6,2 Samuel 20:6,26,ܘܢܚܛܛ,,,,Peshitta,PESH
10,2 Samuel,20,6,2 Samuel 20:6,27,ܥܝܢ̈ܝܢ,,,,Peshitta,PESH
10,2 Samuel,20,7,2 Samuel 20:7,1,ܘܢܦܩܘ,,,,Peshitta,PESH
10,2 Samuel,20,7,2 Samuel 20:7,2,ܒܬܪܗ,,,,Peshitta,PESH
10,2 Samuel,20,7,2 Samuel 20:7,3,ܚܒܪ̈ܘܗܝ,,,,Peshitta,PESH
10,2 Samuel,20,7,2 Samuel 20:7,4,ܕܝܘܐܒ,,,,Peshitta,PESH
10,2 Samuel,20,7,2 Samuel 20:7,5,ܚܐܪ̈ܐ,,,,Peshitta,PESH
10,2 Samuel,20,7,2 Samuel 20:7,6,ܘܦܠܚ̈ܐ,,,,Peshitta,PESH
10,2 Samuel,20,7,2 Samuel 20:7,7,ܘܟܠܗܘܢ,,,,Peshitta,PESH
10,2 Samuel,20,7,2 Samuel 20:7,8,ܓܒܪ̈ܐ,,,,Peshitta,PESH
10,2 Samuel,20,7,2 Samuel 20:7,9,ܘܢܦܩܘ,,,,Peshitta,PESH
10,2 Samuel,20,7,2 Samuel 20:7,10,ܡܢ,,,,Peshitta,PESH
10,2 Samuel,20,7,2 Samuel 20:7,11,ܐܘܪܫܠܡ,,,,Peshitta,PESH
10,2 Samuel,20,7,2 Samuel 20:7,12,ܘܐܙܠܘ,,,,Peshitta,PESH
10,2 Samuel,20,7,2 Samuel 20:7,13,ܒܬܪ,,,,Peshitta,PESH
10,2 Samuel,20,7,2 Samuel 20:7,14,ܫܡܘܥ,,,,Peshitta,PESH
10,2 Samuel,20,7,2 Samuel 20:7,15,ܒܪ,,,,Peshitta,PESH
10,2 Samuel,20,7,2 Samuel 20:7,16,ܒܟܪܝ,,,,Peshitta,PESH
10,2 Samuel,20,8,2 Samuel 20:8,1,ܗܢܘܢ,,,,Peshitta,PESH
10,2 Samuel,20,8,2 Samuel 20:8,2,ܡܛܝܘ,,,,Peshitta,PESH
10,2 Samuel,20,8,2 Samuel 20:8,3,ܠܟܐܦܐ,,,,Peshitta,PESH
10,2 Samuel,20,8,2 Samuel 20:8,4,ܪܒܬܐ,,,,Peshitta,PESH
10,2 Samuel,20,8,2 Samuel 20:8,5,ܕܒܓܒܥܘܢ,,,,Peshitta,PESH
10,2 Samuel,20,8,2 Samuel 20:8,6,ܘܥܡܣܐ,,,,Peshitta,PESH
10,2 Samuel,20,8,2 Samuel 20:8,7,ܥܠ,,,,Peshitta,PESH
10,2 Samuel,20,8,2 Samuel 20:8,8,ܩܕܡܝܗܘܢ,,,,Peshitta,PESH
10,2 Samuel,20,8,2 Samuel 20:8,9,ܘܝܘܐܒ,,,,Peshitta,PESH
10,2 Samuel,20,8,2 Samuel 20:8,10,ܡܚܙܩ,,,,Peshitta,PESH
10,2 Samuel,20,8,2 Samuel 20:8,11,ܒܠܒܘܫܐ,,,,Peshitta,PESH
10,2 Samuel,20,8,2 Samuel 20:8,12,ܕܙܝܢܗ,,,,Peshitta,PESH
10,2 Samuel,20,8,2 Samuel 20:8,13,ܘܣܦܣܪܐ,,,,Peshitta,PESH
10,2 Samuel,20,8,2 Samuel 20:8,14,ܡܨܡܕܐ,,,,Peshitta,PESH
10,2 Samuel,20,8,2 Samuel 20:8,15,ܗܘܬ,,,,Peshitta,PESH
10,2 Samuel,20,8,2 Samuel 20:8,16,ܘܪܡܝܐ,,,,Peshitta,PESH
10,2 Samuel,20,8,2 Samuel 20:8,17,ܒܚ̈ܨܘܗܝ,,,,Peshitta,PESH
10,2 Samuel,20,8,2 Samuel 20:8,18,ܐܝܟ,,,,Peshitta,PESH
10,2 Samuel,20,8,2 Samuel 20:8,19,ܓܠܒܐ,,,,Peshitta,PESH
10,2 Samuel,20,8,2 Samuel 20:8,20,ܘܗܘ,,,,Peshitta,PESH
10,2 Samuel,20,8,2 Samuel 20:8,21,ܢܦܩ,,,,Peshitta,PESH
10,2 Samuel,20,8,2 Samuel 20:8,22,ܘܢܦܠܬ,,,,Peshitta,PESH
10,2 Samuel,20,8,2 Samuel 20:8,23,ܐܝܕܗ,,,,Peshitta,PESH
10,2 Samuel,20,8,2 Samuel 20:8,24,ܥܠ,,,,Peshitta,PESH
10,2 Samuel,20,8,2 Samuel 20:8,25,ܣܦܣܪܗ,,,,Peshitta,PESH
10,2 Samuel,20,9,2 Samuel 20:9,1,ܐܡܪ,,,,Peshitta,PESH
10,2 Samuel,20,9,2 Samuel 20:9,2,ܠܗ,,,,Peshitta,PESH
10,2 Samuel,20,9,2 Samuel 20:9,3,ܝܘܐܒ,,,,Peshitta,PESH
10,2 Samuel,20,9,2 Samuel 20:9,4,ܠܥܡܣܐ,,,,Peshitta,PESH
10,2 Samuel,20,9,2 Samuel 20:9,5,ܫܠܡ,,,,Peshitta,PESH
10,2 Samuel,20,9,2 Samuel 20:9,6,ܠܟ,,,,Peshitta,PESH
10,2 Samuel,20,9,2 Samuel 20:9,7,ܐܚܝ,,,,Peshitta,PESH
10,2 Samuel,20,9,2 Samuel 20:9,8,ܘܢܦܠܬ,,,,Peshitta,PESH
10,2 Samuel,20,9,2 Samuel 20:9,9,ܐܝܕܗ,,,,Peshitta,PESH
10,2 Samuel,20,9,2 Samuel 20:9,10,ܕܝܘܐܒ,,,,Peshitta,PESH
10,2 Samuel,20,9,2 Samuel 20:9,11,ܥܠ,,,,Peshitta,PESH
10,2 Samuel,20,9,2 Samuel 20:9,12,ܕܩܢܗ,,,,Peshitta,PESH
10,2 Samuel,20,9,2 Samuel 20:9,13,ܕܥܡܣܐ,,,,Peshitta,PESH
10,2 Samuel,20,9,2 Samuel 20:9,14,ܘܢܫܩܗ,,,,Peshitta,PESH
10,2 Samuel,20,10,2 Samuel 20:10,1,ܘܥܡܣܐ,,,,Peshitta,PESH
10,2 Samuel,20,10,2 Samuel 20:10,2,ܠܐ,,,,Peshitta,PESH
10,2 Samuel,20,10,2 Samuel 20:10,3,ܐܙܕܗܪ,,,,Peshitta,PESH
10,2 Samuel,20,10,2 Samuel 20:10,4,ܡܢ,,,,Peshitta,PESH
10,2 Samuel,20,10,2 Samuel 20:10,5,ܣܦܣܪܐ,,,,Peshitta,PESH
10,2 Samuel,20,10,2 Samuel 20:10,6,ܕܒܐܝܕܗ,,,,Peshitta,PESH
10,2 Samuel,20,10,2 Samuel 20:10,7,ܕܝܘܐܒ,,,,Peshitta,PESH
10,2 Samuel,20,10,2 Samuel 20:10,8,ܘܡܚܝܗܝ,,,,Peshitta,PESH
10,2 Samuel,20,10,2 Samuel 20:10,9,ܒܗ̇,,,,Peshitta,PESH
10,2 Samuel,20,10,2 Samuel 20:10,10,ܥܠ,,,,Peshitta,PESH
10,2 Samuel,20,10,2 Samuel 20:10,11,ܦܠܓܗ,,,,Peshitta,PESH
10,2 Samuel,20,10,2 Samuel 20:10,12,ܘܢܦܠܘ,,,,Peshitta,PESH
10,2 Samuel,20,10,2 Samuel 20:10,13,ܡ̈ܥܘܗܝ,,,,Peshitta,PESH
10,2 Samuel,20,10,2 Samuel 20:10,14,ܥܠ,,,,Peshitta,PESH
10,2 Samuel,20,10,2 Samuel 20:10,15,ܐܪܥܐ,,,,Peshitta,PESH
10,2 Samuel,20,10,2 Samuel 20:10,16,ܘܠܐ,,,,Peshitta,PESH
10,2 Samuel,20,10,2 Samuel 20:10,17,ܬܢܝܗܝ,,,,Peshitta,PESH
10,2 Samuel,20,10,2 Samuel 20:10,18,ܘܡܝܬ,,,,Peshitta,PESH
10,2 Samuel,20,10,2 Samuel 20:10,19,ܘܝܘܐܒ,,,,Peshitta,PESH
10,2 Samuel,20,10,2 Samuel 20:10,20,ܘܐܒܝܫܝ,,,,Peshitta,PESH
10,2 Samuel,20,10,2 Samuel 20:10,21,ܐܚܘܗܝ,,,,Peshitta,PESH
10,2 Samuel,20,10,2 Samuel 20:10,22,ܐܙܠܘ,,,,Peshitta,PESH
10,2 Samuel,20,10,2 Samuel 20:10,23,ܒܬܪ,,,,Peshitta,PESH
10,2 Samuel,20,10,2 Samuel 20:10,24,ܫܡܘܥ,,,,Peshitta,PESH
10,2 Samuel,20,10,2 Samuel 20:10,25,ܒܪ,,,,Peshitta,PESH
10,2 Samuel,20,10,2 Samuel 20:10,26,ܒܟܪܝ,,,,Peshitta,PESH
10,2 Samuel,20,11,2 Samuel 20:11,1,ܘܓܒܪܐ,,,,Peshitta,PESH
10,2 Samuel,20,11,2 Samuel 20:11,2,ܚܕ,,,,Peshitta,PESH
10,2 Samuel,20,11,2 Samuel 20:11,3,ܐܙܠ,,,,Peshitta,PESH
10,2 Samuel,20,11,2 Samuel 20:11,4,ܘܩܡ,,,,Peshitta,PESH
10,2 Samuel,20,11,2 Samuel 20:11,5,ܥܠܘܗܝ,,,,Peshitta,PESH
10,2 Samuel,20,11,2 Samuel 20:11,6,ܡܢ,,,,Peshitta,PESH
10,2 Samuel,20,11,2 Samuel 20:11,7,ܥܒ̈ܕܘܗܝ,,,,Peshitta,PESH
10,2 Samuel,20,11,2 Samuel 20:11,8,ܕܝܘܐܒ,,,,Peshitta,PESH
10,2 Samuel,20,11,2 Samuel 20:11,9,ܘܐܡܪ,,,,Peshitta,PESH
10,2 Samuel,20,11,2 Samuel 20:11,10,ܠܗ,,,,Peshitta,PESH
10,2 Samuel,20,11,2 Samuel 20:11,11,ܡܢ,,,,Peshitta,PESH
10,2 Samuel,20,11,2 Samuel 20:11,12,ܡ̇ܢ,,,,Peshitta,PESH
10,2 Samuel,20,11,2 Samuel 20:11,13,ܐܢܬ,,,,Peshitta,PESH
10,2 Samuel,20,11,2 Samuel 20:11,14,ܡܢ,,,,Peshitta,PESH
10,2 Samuel,20,11,2 Samuel 20:11,15,ܕܘܝܕ,,,,Peshitta,PESH
10,2 Samuel,20,11,2 Samuel 20:11,16,ܕܒܬܪ,,,,Peshitta,PESH
10,2 Samuel,20,11,2 Samuel 20:11,17,ܝܘܐܒ,,,,Peshitta,PESH
10,2 Samuel,20,12,2 Samuel 20:12,1,ܘܥܡܣܐ,,,,Peshitta,PESH
10,2 Samuel,20,12,2 Samuel 20:12,2,ܡܦܠܦܠ,,,,Peshitta,PESH
10,2 Samuel,20,12,2 Samuel 20:12,3,ܗܘܐ,,,,Peshitta,PESH
10,2 Samuel,20,12,2 Samuel 20:12,4,ܒܕܡܗ,,,,Peshitta,PESH
10,2 Samuel,20,12,2 Samuel 20:12,5,ܘܪܡܐ,,,,Peshitta,PESH
10,2 Samuel,20,12,2 Samuel 20:12,6,ܒܫܒܝܠܐ,,,,Peshitta,PESH
10,2 Samuel,20,12,2 Samuel 20:12,7,ܘܟܕ,,,,Peshitta,PESH
10,2 Samuel,20,12,2 Samuel 20:12,8,ܚܙܐ,,,,Peshitta,PESH
10,2 Samuel,20,12,2 Samuel 20:12,9,ܓܒܪܐ,,,,Peshitta,PESH
10,2 Samuel,20,12,2 Samuel 20:12,10,ܕܩܡ,,,,Peshitta,PESH
10,2 Samuel,20,12,2 Samuel 20:12,11,ܠܗ,,,,Peshitta,PESH
10,2 Samuel,20,12,2 Samuel 20:12,12,ܟܠܗ,,,,Peshitta,PESH
10,2 Samuel,20,12,2 Samuel 20:12,13,ܥܡܐ,,,,Peshitta,PESH
10,2 Samuel,20,12,2 Samuel 20:12,14,ܠܡܚܙܐ,,,,Peshitta,PESH
10,2 Samuel,20,12,2 Samuel 20:12,15,ܓܪܗ,,,,Peshitta,PESH
10,2 Samuel,20,12,2 Samuel 20:12,16,ܠܥܡܣܐ,,,,Peshitta,PESH
10,2 Samuel,20,12,2 Samuel 20:12,17,ܡܢ,,,,Peshitta,PESH
10,2 Samuel,20,12,2 Samuel 20:12,18,ܫܒܝܠܐ,,,,Peshitta,PESH
10,2 Samuel,20,12,2 Samuel 20:12,19,ܘܐܪܡܝܗ,,,,Peshitta,PESH
10,2 Samuel,20,12,2 Samuel 20:12,20,ܒܚܩܠܐ,,,,Peshitta,PESH
10,2 Samuel,20,12,2 Samuel 20:12,21,ܘܐܪܡܝ,,,,Peshitta,PESH
10,2 Samuel,20,12,2 Samuel 20:12,22,ܥܠܘܗܝ,,,,Peshitta,PESH
10,2 Samuel,20,12,2 Samuel 20:12,23,ܡܪܛܘܛܐ,,,,Peshitta,PESH
10,2 Samuel,20,12,2 Samuel 20:12,24,ܟܕ,,,,Peshitta,PESH
10,2 Samuel,20,12,2 Samuel 20:12,25,ܚܙܐ,,,,Peshitta,PESH
10,2 Samuel,20,12,2 Samuel 20:12,26,ܕܟܠ,,,,Peshitta,PESH
10,2 Samuel,20,12,2 Samuel 20:12,27,ܡ̇ܢ,,,,Peshitta,PESH
10,2 Samuel,20,12,2 Samuel 20:12,28,ܕܥܒ̇ܪ,,,,Peshitta,PESH
10,2 Samuel,20,12,2 Samuel 20:12,29,ܥܠܘܗܝ,,,,Peshitta,PESH
10,2 Samuel,20,12,2 Samuel 20:12,30,ܩܐܡ,,,,Peshitta,PESH
10,2 Samuel,20,12,2 Samuel 20:12,31,ܠܗ,,,,Peshitta,PESH
10,2 Samuel,20,13,2 Samuel 20:13,1,ܘܟܕ,,,,Peshitta,PESH
10,2 Samuel,20,13,2 Samuel 20:13,2,ܓܪܗ,,,,Peshitta,PESH
10,2 Samuel,20,13,2 Samuel 20:13,3,ܡܢ,,,,Peshitta,PESH
10,2 Samuel,20,13,2 Samuel 20:13,4,ܫܒܝܠܐ,,,,Peshitta,PESH
10,2 Samuel,20,13,2 Samuel 20:13,5,ܥܒܪ,,,,Peshitta,PESH
10,2 Samuel,20,13,2 Samuel 20:13,6,ܟܠܢܫ,,,,Peshitta,PESH
10,2 Samuel,20,13,2 Samuel 20:13,7,ܒܬܪܗ,,,,Peshitta,PESH
10,2 Samuel,20,13,2 Samuel 20:13,8,ܕܝܘܐܒ,,,,Peshitta,PESH
10,2 Samuel,20,13,2 Samuel 20:13,9,ܘܥܒܪܘ,,,,Peshitta,PESH
10,2 Samuel,20,13,2 Samuel 20:13,10,ܒܬܪ,,,,Peshitta,PESH
10,2 Samuel,20,13,2 Samuel 20:13,11,ܫܡܘܥ,,,,Peshitta,PESH
10,2 Samuel,20,13,2 Samuel 20:13,12,ܒܪ,,,,Peshitta,PESH
10,2 Samuel,20,13,2 Samuel 20:13,13,ܒܟܪܝ,,,,Peshitta,PESH
10,2 Samuel,20,13,2 Samuel 20:13,14,ܠܡܐܙܠ,,,,Peshitta,PESH
10,2 Samuel,20,13,2 Samuel 20:13,15,ܥܠܘܗܝ,,,,Peshitta,PESH
10,2 Samuel,20,14,2 Samuel 20:14,1,ܘܥܒܪܘ,,,,Peshitta,PESH
10,2 Samuel,20,14,2 Samuel 20:14,2,ܒܟܠܗܘܢ,,,,Peshitta,PESH
10,2 Samuel,20,14,2 Samuel 20:14,3,ܫܒ̈ܛܐ,,,,Peshitta,PESH
10,2 Samuel,20,14,2 Samuel 20:14,4,ܕܐܝܣܪܝܠ,,,,Peshitta,PESH
10,2 Samuel,20,14,2 Samuel 20:14,5,ܒܐܒܠ,,,,Peshitta,PESH
10,2 Samuel,20,14,2 Samuel 20:14,6,ܘܒܒܝܬ,,,,Peshitta,PESH
10,2 Samuel,20,14,2 Samuel 20:14,7,ܡܥܟܐ,,,,Peshitta,PESH
10,2 Samuel,20,14,2 Samuel 20:14,8,ܘܒܟܠ,,,,Peshitta,PESH
10,2 Samuel,20,14,2 Samuel 20:14,9,ܒܪ̈ܝܢ,,,,Peshitta,PESH
10,2 Samuel,20,14,2 Samuel 20:14,10,ܘܐܙܠܘ,,,,Peshitta,PESH
10,2 Samuel,20,14,2 Samuel 20:14,11,ܒܬܪܗ,,,,Peshitta,PESH
10,2 Samuel,20,15,2 Samuel 20:15,1,ܘܥܠܘ,,,,Peshitta,PESH
10,2 Samuel,20,15,2 Samuel 20:15,2,ܘܫܪܘ,,,,Peshitta,PESH
10,2 Samuel,20,15,2 Samuel 20:15,3,ܥܠܘܗܝ,,,,Peshitta,PESH
10,2 Samuel,20,15,2 Samuel 20:15,4,ܒܐܒܠ,,,,Peshitta,PESH
10,2 Samuel,20,15,2 Samuel 20:15,5,ܘܒܒܝܬ,,,,Peshitta,PESH
10,2 Samuel,20,15,2 Samuel 20:15,6,ܡܥܟܐ,,,,Peshitta,PESH
10,2 Samuel,20,15,2 Samuel 20:15,7,ܘܐܟܡܢܘ,,,,Peshitta,PESH
10,2 Samuel,20,15,2 Samuel 20:15,8,ܟܡܐ̈ܢܐ,,,,Peshitta,PESH
10,2 Samuel,20,15,2 Samuel 20:15,9,ܥܠ,,,,Peshitta,PESH
10,2 Samuel,20,15,2 Samuel 20:15,10,ܩܪܝܬܐ,,,,Peshitta,PESH
10,2 Samuel,20,15,2 Samuel 20:15,11,ܘܩܡܬ,,,,Peshitta,PESH
10,2 Samuel,20,15,2 Samuel 20:15,12,ܒܐܘܠܨܢܐ,,,,Peshitta,PESH
10,2 Samuel,20,15,2 Samuel 20:15,13,ܘܟܠܗ,,,,Peshitta,PESH
10,2 Samuel,20,15,2 Samuel 20:15,14,ܥܡܐ,,,,Peshitta,PESH
10,2 Samuel,20,15,2 Samuel 20:15,15,ܕܥܡ,,,,Peshitta,PESH
10,2 Samuel,20,15,2 Samuel 20:15,16,ܝܘܐܒ,,,,Peshitta,PESH
10,2 Samuel,20,15,2 Samuel 20:15,17,ܡܓܪܓܝܢ,,,,Peshitta,PESH
10,2 Samuel,20,15,2 Samuel 20:15,18,ܕܢܪܡܘܢܗ,,,,Peshitta,PESH
10,2 Samuel,20,15,2 Samuel 20:15,19,ܫܘܪܐ,,,,Peshitta,PESH
10,2 Samuel,20,16,2 Samuel 20:16,1,ܘܩܪܬ,,,,Peshitta,PESH
10,2 Samuel,20,16,2 Samuel 20:16,2,ܐܢܬܬܐ,,,,Peshitta,PESH
10,2 Samuel,20,16,2 Samuel 20:16,3,ܚܕܐ,,,,Peshitta,PESH
10,2 Samuel,20,16,2 Samuel 20:16,4,ܚܟܝܡܬܐ,,,,Peshitta,PESH
10,2 Samuel,20,16,2 Samuel 20:16,5,ܡܢ,,,,Peshitta,PESH
10,2 Samuel,20,16,2 Samuel 20:16,6,ܫܘܪܐ,,,,Peshitta,PESH
10,2 Samuel,20,16,2 Samuel 20:16,7,ܘܐܡܪܐ,,,,Peshitta,PESH
10,2 Samuel,20,16,2 Samuel 20:16,8,ܫܡܥܘ,,,,Peshitta,PESH
10,2 Samuel,20,16,2 Samuel 20:16,9,ܫܡܥܘ,,,,Peshitta,PESH
10,2 Samuel,20,16,2 Samuel 20:16,10,ܘܐܡܪܘ,,,,Peshitta,PESH
10,2 Samuel,20,16,2 Samuel 20:16,11,ܠܝܘܐܒ,,,,Peshitta,PESH
10,2 Samuel,20,16,2 Samuel 20:16,12,ܩܪܘܒ,,,,Peshitta,PESH
10,2 Samuel,20,16,2 Samuel 20:16,13,ܠܟܐ,,,,Peshitta,PESH
10,2 Samuel,20,16,2 Samuel 20:16,14,ܘܐܡܪ,,,,Peshitta,PESH
10,2 Samuel,20,16,2 Samuel 20:16,15,ܠܟ,,,,Peshitta,PESH
10,2 Samuel,20,17,2 Samuel 20:17,1,ܘܩܪܒ,,,,Peshitta,PESH
10,2 Samuel,20,17,2 Samuel 20:17,2,ܠܘܬܗ̇,,,,Peshitta,PESH
10,2 Samuel,20,17,2 Samuel 20:17,3,ܘܐܡܪܐ,,,,Peshitta,PESH
10,2 Samuel,20,17,2 Samuel 20:17,4,ܠܗ,,,,Peshitta,PESH
10,2 Samuel,20,17,2 Samuel 20:17,5,ܐܢܬ,,,,Peshitta,PESH
10,2 Samuel,20,17,2 Samuel 20:17,6,ܗܘ,,,,Peshitta,PESH
10,2 Samuel,20,17,2 Samuel 20:17,7,ܝܘܐܒ,,,,Peshitta,PESH
10,2 Samuel,20,17,2 Samuel 20:17,8,ܘܐܡܪ,,,,Peshitta,PESH
10,2 Samuel,20,17,2 Samuel 20:17,9,ܠܗ̇,,,,Peshitta,PESH
10,2 Samuel,20,17,2 Samuel 20:17,10,ܐܢܐ,,,,Peshitta,PESH
10,2 Samuel,20,17,2 Samuel 20:17,11,ܗܘ,,,,Peshitta,PESH
10,2 Samuel,20,17,2 Samuel 20:17,12,ܐܡܪܐ,,,,Peshitta,PESH
10,2 Samuel,20,17,2 Samuel 20:17,13,ܠܗ,,,,Peshitta,PESH
10,2 Samuel,20,17,2 Samuel 20:17,14,ܫܡܥ,,,,Peshitta,PESH
10,2 Samuel,20,17,2 Samuel 20:17,15,ܡ̈ܠܝ,,,,Peshitta,PESH
10,2 Samuel,20,17,2 Samuel 20:17,16,ܐܡܬܟ,,,,Peshitta,PESH
10,2 Samuel,20,17,2 Samuel 20:17,17,ܐܡܪ,,,,Peshitta,PESH
10,2 Samuel,20,17,2 Samuel 20:17,18,ܫܡܥ,,,,Peshitta,PESH
10,2 Samuel,20,17,2 Samuel 20:17,19,ܐܢܐ,,,,Peshitta,PESH
10,2 Samuel,20,18,2 Samuel 20:18,1,ܐܡܪܐ,,,,Peshitta,PESH
10,2 Samuel,20,18,2 Samuel 20:18,2,ܐܢܬܬܐ,,,,Peshitta,PESH
10,2 Samuel,20,18,2 Samuel 20:18,3,ܡܐܡܪ,,,,Peshitta,PESH
10,2 Samuel,20,18,2 Samuel 20:18,4,ܐܡܪܝܢ,,,,Peshitta,PESH
10,2 Samuel,20,18,2 Samuel 20:18,5,ܗܘܘ,,,,Peshitta,PESH
10,2 Samuel,20,18,2 Samuel 20:18,6,ܡܢ,,,,Peshitta,PESH
10,2 Samuel,20,18,2 Samuel 20:18,7,ܩܕܝܡ,,,,Peshitta,PESH
10,2 Samuel,20,18,2 Samuel 20:18,8,ܕܡܫܐܠ,,,,Peshitta,PESH
10,2 Samuel,20,18,2 Samuel 20:18,9,ܫܐܠܝܢ,,,,Peshitta,PESH
10,2 Samuel,20,18,2 Samuel 20:18,10,ܗܘܘ,,,,Peshitta,PESH
10,2 Samuel,20,18,2 Samuel 20:18,11,ܒܢܒ̈ܝܐ,,,,Peshitta,PESH
10,2 Samuel,20,18,2 Samuel 20:18,12,ܘܗܝܕܝܢ,,,,Peshitta,PESH
10,2 Samuel,20,18,2 Samuel 20:18,13,ܡܘܒܕܝܢ,,,,Peshitta,PESH
10,2 Samuel,20,19,2 Samuel 20:19,1,ܐܢܐ,,,,Peshitta,PESH
10,2 Samuel,20,19,2 Samuel 20:19,2,ܦܪܥܬ,,,,Peshitta,PESH
10,2 Samuel,20,19,2 Samuel 20:19,3,ܚ̈ܘܒܠܐ,,,,Peshitta,PESH
10,2 Samuel,20,19,2 Samuel 20:19,4,ܐܢܐ,,,,Peshitta,PESH
10,2 Samuel,20,19,2 Samuel 20:19,5,ܕܐܝܣܪܝܠ,,,,Peshitta,PESH
10,2 Samuel,20,19,2 Samuel 20:19,6,ܕܒܥܐ,,,,Peshitta,PESH
10,2 Samuel,20,19,2 Samuel 20:19,7,ܐܢܬ,,,,Peshitta,PESH
10,2 Samuel,20,19,2 Samuel 20:19,8,ܠܡܩܛܠ,,,,Peshitta,PESH
10,2 Samuel,20,19,2 Samuel 20:19,9,ܠܛܠܝܐ,,,,Peshitta,PESH
10,2 Samuel,20,19,2 Samuel 20:19,10,ܘܠܐܡܗ,,,,Peshitta,PESH
10,2 Samuel,20,19,2 Samuel 20:19,11,ܒܐܝܣܪܝܠ,,,,Peshitta,PESH
10,2 Samuel,20,19,2 Samuel 20:19,12,ܠܐ,,,,Peshitta,PESH
10,2 Samuel,20,19,2 Samuel 20:19,13,ܬܛܒܥ,,,,Peshitta,PESH
10,2 Samuel,20,19,2 Samuel 20:19,14,ܝܪܬܘܬܗ,,,,Peshitta,PESH
10,2 Samuel,20,19,2 Samuel 20:19,15,ܕܡܪܝܐ,,,,Peshitta,PESH
10,2 Samuel,20,20,2 Samuel 20:20,1,ܥܢܐ,,,,Peshitta,PESH
10,2 Samuel,20,20,2 Samuel 20:20,2,ܝܘܐܒ,,,,Peshitta,PESH
10,2 Samuel,20,20,2 Samuel 20:20,3,ܘܐܡܪ,,,,Peshitta,PESH
10,2 Samuel,20,20,2 Samuel 20:20,4,ܠܗ̇,,,,Peshitta,PESH
10,2 Samuel,20,20,2 Samuel 20:20,5,ܚܣ,,,,Peshitta,PESH
10,2 Samuel,20,20,2 Samuel 20:20,6,ܠܝ,,,,Peshitta,PESH
10,2 Samuel,20,20,2 Samuel 20:20,7,ܠܐ,,,,Peshitta,PESH
10,2 Samuel,20,20,2 Samuel 20:20,8,ܐܛܒܥ,,,,Peshitta,PESH
10,2 Samuel,20,20,2 Samuel 20:20,9,ܘܠܐ,,,,Peshitta,PESH
10,2 Samuel,20,20,2 Samuel 20:20,10,ܐܚܒܠ,,,,Peshitta,PESH
10,2 Samuel,20,21,2 Samuel 20:21,1,ܠܐ,,,,Peshitta,PESH
10,2 Samuel,20,21,2 Samuel 20:21,2,ܗܘܐ,,,,Peshitta,PESH
10,2 Samuel,20,21,2 Samuel 20:21,3,ܗܟܢܐ,,,,Peshitta,PESH
10,2 Samuel,20,21,2 Samuel 20:21,4,ܐܠܐ,,,,Peshitta,PESH
10,2 Samuel,20,21,2 Samuel 20:21,5,ܓܒܪܐ,,,,Peshitta,PESH
10,2 Samuel,20,21,2 Samuel 20:21,6,ܚܕ,,,,Peshitta,PESH
10,2 Samuel,20,21,2 Samuel 20:21,7,ܡܢ,,,,Peshitta,PESH
10,2 Samuel,20,21,2 Samuel 20:21,8,ܛܘܪܐ,,,,Peshitta,PESH
10,2 Samuel,20,21,2 Samuel 20:21,9,ܕܐܦܪܝܡ,,,,Peshitta,PESH
10,2 Samuel,20,21,2 Samuel 20:21,10,ܫܡܘܥ,,,,Peshitta,PESH
10,2 Samuel,20,21,2 Samuel 20:21,11,ܒܪ,,,,Peshitta,PESH
10,2 Samuel,20,21,2 Samuel 20:21,12,ܒܟܪܝ,,,,Peshitta,PESH
10,2 Samuel,20,21,2 Samuel 20:21,13,ܫܡܗ,,,,Peshitta,PESH
10,2 Samuel,20,21,2 Samuel 20:21,14,ܐܘܫܒ,,,,Peshitta,PESH
10,2 Samuel,20,21,2 Samuel 20:21,15,ܐ̈ܝܕܝܐ,,,,Peshitta,PESH
10,2 Samuel,20,21,2 Samuel 20:21,16,ܥܠ,,,,Peshitta,PESH
10,2 Samuel,20,21,2 Samuel 20:21,17,ܡܠܟܐ,,,,Peshitta,PESH
10,2 Samuel,20,21,2 Samuel 20:21,18,ܕܘܝܕ,,,,Peshitta,PESH
10,2 Samuel,20,21,2 Samuel 20:21,19,ܗܒܘܗܝ,,,,Peshitta,PESH
10,2 Samuel,20,21,2 Samuel 20:21,20,ܠܝ,,,,Peshitta,PESH
10,2 Samuel,20,21,2 Samuel 20:21,21,ܒܠܚܘܕܘܗܝ,,,,Peshitta,PESH
10,2 Samuel,20,21,2 Samuel 20:21,22,ܘܐܙܠ,,,,Peshitta,PESH
10,2 Samuel,20,21,2 Samuel 20:21,23,ܠܝ,,,,Peshitta,PESH
10,2 Samuel,20,21,2 Samuel 20:21,24,ܡܢ,,,,Peshitta,PESH
10,2 Samuel,20,21,2 Samuel 20:21,25,ܩܪܝܬܐ,,,,Peshitta,PESH
10,2 Samuel,20,21,2 Samuel 20:21,26,ܐܡܪܐ,,,,Peshitta,PESH
10,2 Samuel,20,21,2 Samuel 20:21,27,ܠܗ,,,,Peshitta,PESH
10,2 Samuel,20,21,2 Samuel 20:21,28,ܐܢܬܬܐ,,,,Peshitta,PESH
10,2 Samuel,20,21,2 Samuel 20:21,29,ܠܝܘܐܒ,,,,Peshitta,PESH
10,2 Samuel,20,21,2 Samuel 20:21,30,ܗܫܐ,,,,Peshitta,PESH
10,2 Samuel,20,21,2 Samuel 20:21,31,ܢܗܘܐ,,,,Peshitta,PESH
10,2 Samuel,20,21,2 Samuel 20:21,32,ܫܕܐ,,,,Peshitta,PESH
10,2 Samuel,20,21,2 Samuel 20:21,33,ܠܟ,,,,Peshitta,PESH
10,2 Samuel,20,21,2 Samuel 20:21,34,ܪܝܫܗ,,,,Peshitta,PESH
10,2 Samuel,20,21,2 Samuel 20:21,35,ܡܢ,,,,Peshitta,PESH
10,2 Samuel,20,21,2 Samuel 20:21,36,ܫܘܪܐ,,,,Peshitta,PESH
10,2 Samuel,20,22,2 Samuel 20:22,1,ܘܐܙܠܬ,,,,Peshitta,PESH
10,2 Samuel,20,22,2 Samuel 20:22,2,ܐܢܬܬܐ,,,,Peshitta,PESH
10,2 Samuel,20,22,2 Samuel 20:22,3,ܠܘܬ,,,,Peshitta,PESH
10,2 Samuel,20,22,2 Samuel 20:22,4,ܟܘܠܗ,,,,Peshitta,PESH
10,2 Samuel,20,22,2 Samuel 20:22,5,ܥܡܐ,,,,Peshitta,PESH
10,2 Samuel,20,22,2 Samuel 20:22,6,ܒܚܟܝܡܘܬܗ̇,,,,Peshitta,PESH
10,2 Samuel,20,22,2 Samuel 20:22,7,ܘܢܣܒܘܗܝ,,,,Peshitta,PESH
10,2 Samuel,20,22,2 Samuel 20:22,8,ܪܝܫܗ,,,,Peshitta,PESH
10,2 Samuel,20,22,2 Samuel 20:22,9,ܕܫܡܘܥ,,,,Peshitta,PESH
10,2 Samuel,20,22,2 Samuel 20:22,10,ܒܪ,,,,Peshitta,PESH
10,2 Samuel,20,22,2 Samuel 20:22,11,ܒܟܪܝ,,,,Peshitta,PESH
10,2 Samuel,20,22,2 Samuel 20:22,12,ܘܫܕܐܘܗܝ,,,,Peshitta,PESH
10,2 Samuel,20,22,2 Samuel 20:22,13,ܡܢ,,,,Peshitta,PESH
10,2 Samuel,20,22,2 Samuel 20:22,14,ܫܘܪܐ,,,,Peshitta,PESH
10,2 Samuel,20,22,2 Samuel 20:22,15,ܠܝܘܐܒ,,,,Peshitta,PESH
10,2 Samuel,20,22,2 Samuel 20:22,16,ܘܩܪܐ,,,,Peshitta,PESH
10,2 Samuel,20,22,2 Samuel 20:22,17,ܝܘܐܒ,,,,Peshitta,PESH
10,2 Samuel,20,22,2 Samuel 20:22,18,ܒܫܝܦܘܪܐ,,,,Peshitta,PESH
10,2 Samuel,20,22,2 Samuel 20:22,19,ܘܦܪܩܘ,,,,Peshitta,PESH
10,2 Samuel,20,22,2 Samuel 20:22,20,ܠܗܘܢ,,,,Peshitta,PESH
10,2 Samuel,20,22,2 Samuel 20:22,21,ܡܢ,,,,Peshitta,PESH
10,2 Samuel,20,22,2 Samuel 20:22,22,ܩܪܝܬܐ,,,,Peshitta,PESH
10,2 Samuel,20,22,2 Samuel 20:22,23,ܘܐܙܠܘ,,,,Peshitta,PESH
10,2 Samuel,20,22,2 Samuel 20:22,24,ܐܢܫ,,,,Peshitta,PESH
10,2 Samuel,20,22,2 Samuel 20:22,25,ܠܡܫܟܢܗ,,,,Peshitta,PESH
10,2 Samuel,20,22,2 Samuel 20:22,26,ܘܗܦܟ,,,,Peshitta,PESH
10,2 Samuel,20,22,2 Samuel 20:22,27,ܝܘܐܒ,,,,Peshitta,PESH
10,2 Samuel,20,22,2 Samuel 20:22,28,ܠܐܘܪܫܠܡ,,,,Peshitta,PESH
10,2 Samuel,20,22,2 Samuel 20:22,29,ܠܘܬ,,,,Peshitta,PESH
10,2 Samuel,20,22,2 Samuel 20:22,30,ܡܠܟܐ,,,,Peshitta,PESH
10,2 Samuel,20,23,2 Samuel 20:23,1,ܘܝܘܐܒ,,,,Peshitta,PESH
10,2 Samuel,20,23,2 Samuel 20:23,2,ܥܠ,,,,Peshitta,PESH
10,2 Samuel,20,23,2 Samuel 20:23,3,ܟܠܗ,,,,Peshitta,PESH
10,2 Samuel,20,23,2 Samuel 20:23,4,ܗܘܐ,,,,Peshitta,PESH
10,2 Samuel,20,23,2 Samuel 20:23,5,ܚܝܠܐ,,,,Peshitta,PESH
10,2 Samuel,20,23,2 Samuel 20:23,6,ܕܐܝܣܪܝܠ,,,,Peshitta,PESH
10,2 Samuel,20,23,2 Samuel 20:23,7,ܘܒܢܝܐ,,,,Peshitta,PESH
10,2 Samuel,20,23,2 Samuel 20:23,8,ܒܪ,,,,Peshitta,PESH
10,2 Samuel,20,23,2 Samuel 20:23,9,ܝܘܝܕܥ,,,,Peshitta,PESH
10,2 Samuel,20,23,2 Samuel 20:23,10,ܥܠ,,,,Peshitta,PESH
10,2 Samuel,20,23,2 Samuel 20:23,11,ܚܐܪ̈ܐ,,,,Peshitta,PESH
10,2 Samuel,20,23,2 Samuel 20:23,12,ܘܥܠ,,,,Peshitta,PESH
10,2 Samuel,20,23,2 Samuel 20:23,13,ܦܠܚ̈ܐ,,,,Peshitta,PESH
10,2 Samuel,20,24,2 Samuel 20:24,1,ܘܐܕܘܢܝܪܡ,,,,Peshitta,PESH
10,2 Samuel,20,24,2 Samuel 20:24,2,ܥܠ,,,,Peshitta,PESH
10,2 Samuel,20,24,2 Samuel 20:24,3,ܡܕܐܬܐ,,,,Peshitta,PESH
10,2 Samuel,20,24,2 Samuel 20:24,4,ܘܝܘܫܦܛ,,,,Peshitta,PESH
10,2 Samuel,20,24,2 Samuel 20:24,5,ܒܪ,,,,Peshitta,PESH
10,2 Samuel,20,24,2 Samuel 20:24,6,ܐܚܝܠܘܕ,,,,Peshitta,PESH
10,2 Samuel,20,24,2 Samuel 20:24,7,ܡܥܗܕܢܐ,,,,Peshitta,PESH
10,2 Samuel,20,25,2 Samuel 20:25,1,ܘܫܪܝܐ,,,,Peshitta,PESH
10,2 Samuel,20,25,2 Samuel 20:25,2,ܣܦܪܐ,,,,Peshitta,PESH
10,2 Samuel,20,25,2 Samuel 20:25,3,ܘܨܕܘܩ,,,,Peshitta,PESH
10,2 Samuel,20,25,2 Samuel 20:25,4,ܘܐܒܝܬܪ,,,,Peshitta,PESH
10,2 Samuel,20,25,2 Samuel 20:25,5,ܟܗ̈ܢܐ,,,,Peshitta,PESH
10,2 Samuel,20,26,2 Samuel 20:26,1,ܘܐܦ,,,,Peshitta,PESH
10,2 Samuel,20,26,2 Samuel 20:26,2,ܥܐܙܐ,,,,Peshitta,PESH
10,2 Samuel,20,26,2 Samuel 20:26,3,ܕܡܢ,,,,Peshitta,PESH
10,2 Samuel,20,26,2 Samuel 20:26,4,ܝܬܝܪ,,,,Peshitta,PESH
10,2 Samuel,20,26,2 Samuel 20:26,5,ܗܘܐ,,,,Peshitta,PESH
10,2 Samuel,20,26,2 Samuel 20:26,6,ܟܗܢܐ,,,,Peshitta,PESH
10,2 Samuel,20,26,2 Samuel 20:26,7,ܠܕܘܝܕ,,,,Peshitta,PESH
10,2 Samuel,21,1,2 Samuel 21:1,1,ܘܗܘܐ,,,,Peshitta,PESH
10,2 Samuel,21,1,2 Samuel 21:1,2,ܟܦܢܐ,,,,Peshitta,PESH
10,2 Samuel,21,1,2 Samuel 21:1,3,ܒܝ̈ܘܡܬܗ,,,,Peshitta,PESH
10,2 Samuel,21,1,2 Samuel 21:1,4,ܕܕܘܝܕ,,,,Peshitta,PESH
10,2 Samuel,21,1,2 Samuel 21:1,5,ܬܠܬ,,,,Peshitta,PESH
10,2 Samuel,21,1,2 Samuel 21:1,6,ܫܢ̈ܝܢ,,,,Peshitta,PESH
10,2 Samuel,21,1,2 Samuel 21:1,7,ܫܢܬܐ,,,,Peshitta,PESH
10,2 Samuel,21,1,2 Samuel 21:1,8,ܒܬܪ,,,,Peshitta,PESH
10,2 Samuel,21,1,2 Samuel 21:1,9,ܫܢܬܐ,,,,Peshitta,PESH
10,2 Samuel,21,1,2 Samuel 21:1,10,ܘܒܥܐ,,,,Peshitta,PESH
10,2 Samuel,21,1,2 Samuel 21:1,11,ܕܘܝܕ,,,,Peshitta,PESH
10,2 Samuel,21,1,2 Samuel 21:1,12,ܡܢ,,,,Peshitta,PESH
10,2 Samuel,21,1,2 Samuel 21:1,13,ܡܪܝܐ,,,,Peshitta,PESH
10,2 Samuel,21,1,2 Samuel 21:1,14,ܘܐܡܪ,,,,Peshitta,PESH
10,2 Samuel,21,1,2 Samuel 21:1,15,ܡܪܝܐ,,,,Peshitta,PESH
10,2 Samuel,21,1,2 Samuel 21:1,16,ܡܛܠ,,,,Peshitta,PESH
10,2 Samuel,21,1,2 Samuel 21:1,17,ܫܐܘܠ,,,,Peshitta,PESH
10,2 Samuel,21,1,2 Samuel 21:1,18,ܘܡܛܠ,,,,Peshitta,PESH
10,2 Samuel,21,1,2 Samuel 21:1,19,ܒܝܬܐ,,,,Peshitta,PESH
10,2 Samuel,21,1,2 Samuel 21:1,20,ܕܕܡܐ,,,,Peshitta,PESH
10,2 Samuel,21,1,2 Samuel 21:1,21,ܥܠ,,,,Peshitta,PESH
10,2 Samuel,21,1,2 Samuel 21:1,22,ܕܩ̇ܛܠ,,,,Peshitta,PESH
10,2 Samuel,21,1,2 Samuel 21:1,23,ܠܓܒ̈ܥܘܢܝܐ,,,,Peshitta,PESH
10,2 Samuel,21,2,2 Samuel 21:2,1,ܘܩܪܐ,,,,Peshitta,PESH
10,2 Samuel,21,2,2 Samuel 21:2,2,ܡܠܟܐ,,,,Peshitta,PESH
10,2 Samuel,21,2,2 Samuel 21:2,3,ܠܓܒ̈ܥܘܢܝܐ,,,,Peshitta,PESH
10,2 Samuel,21,2,2 Samuel 21:2,4,ܘܐܡܪ,,,,Peshitta,PESH
10,2 Samuel,21,2,2 Samuel 21:2,5,ܠܗܘܢ,,,,Peshitta,PESH
10,2 Samuel,21,2,2 Samuel 21:2,6,ܘܓܒ̈ܥܘܢܝܐ,,,,Peshitta,PESH
10,2 Samuel,21,2,2 Samuel 21:2,7,ܠܐ,,,,Peshitta,PESH
10,2 Samuel,21,2,2 Samuel 21:2,8,ܗܘܘ,,,,Peshitta,PESH
10,2 Samuel,21,2,2 Samuel 21:2,9,ܡܢ,,,,Peshitta,PESH
10,2 Samuel,21,2,2 Samuel 21:2,10,ܒܢ̈ܝ,,,,Peshitta,PESH
10,2 Samuel,21,2,2 Samuel 21:2,11,ܐܝܣܪܝܠ,,,,Peshitta,PESH
10,2 Samuel,21,2,2 Samuel 21:2,12,ܐܠܐ,,,,Peshitta,PESH
10,2 Samuel,21,2,2 Samuel 21:2,13,ܡܢ,,,,Peshitta,PESH
10,2 Samuel,21,2,2 Samuel 21:2,14,ܫܪܟܐ,,,,Peshitta,PESH
10,2 Samuel,21,2,2 Samuel 21:2,15,ܐܢܘܢ,,,,Peshitta,PESH
10,2 Samuel,21,2,2 Samuel 21:2,16,ܕܐܡܘܪ̈ܝܐ,,,,Peshitta,PESH
10,2 Samuel,21,2,2 Samuel 21:2,17,ܘܒܢ̈ܝ,,,,Peshitta,PESH
10,2 Samuel,21,2,2 Samuel 21:2,18,ܐܝܣܪܝܠ,,,,Peshitta,PESH
10,2 Samuel,21,2,2 Samuel 21:2,19,ܝܡܘ,,,,Peshitta,PESH
10,2 Samuel,21,2,2 Samuel 21:2,20,ܠܗܘܢ,,,,Peshitta,PESH
10,2 Samuel,21,2,2 Samuel 21:2,21,ܘܒܥܐ,,,,Peshitta,PESH
10,2 Samuel,21,2,2 Samuel 21:2,22,ܫܐܘܠ,,,,Peshitta,PESH
10,2 Samuel,21,2,2 Samuel 21:2,23,ܕܢܩ̇ܛܠ,,,,Peshitta,PESH
10,2 Samuel,21,2,2 Samuel 21:2,24,ܐܢܘܢ,,,,Peshitta,PESH
10,2 Samuel,21,2,2 Samuel 21:2,25,ܟܕ,,,,Peshitta,PESH
10,2 Samuel,21,2,2 Samuel 21:2,26,ܛܢ,,,,Peshitta,PESH
10,2 Samuel,21,2,2 Samuel 21:2,27,ܕܢܚܛܐ,,,,Peshitta,PESH
10,2 Samuel,21,2,2 Samuel 21:2,28,ܠܒܢ̈ܝ,,,,Peshitta,PESH
10,2 Samuel,21,2,2 Samuel 21:2,29,ܐܝܣܪܝܠ,,,,Peshitta,PESH
10,2 Samuel,21,2,2 Samuel 21:2,30,ܘܠܒܢ̈ܝ,,,,Peshitta,PESH
10,2 Samuel,21,2,2 Samuel 21:2,31,ܝܗܘܕܐ,,,,Peshitta,PESH
10,2 Samuel,21,3,2 Samuel 21:3,1,ܘܐܡܪ,,,,Peshitta,PESH
10,2 Samuel,21,3,2 Samuel 21:3,2,ܕܘܝܕ,,,,Peshitta,PESH
10,2 Samuel,21,3,2 Samuel 21:3,3,ܠܓܒ̈ܥܘܢܝܐ,,,,Peshitta,PESH
10,2 Samuel,21,3,2 Samuel 21:3,4,ܡܢܐ,,,,Peshitta,PESH
10,2 Samuel,21,3,2 Samuel 21:3,5,ܐܥܒܕ,,,,Peshitta,PESH
10,2 Samuel,21,3,2 Samuel 21:3,6,ܠܟܘܢ,,,,Peshitta,PESH
10,2 Samuel,21,3,2 Samuel 21:3,7,ܘܒܡܢܐ,,,,Peshitta,PESH
10,2 Samuel,21,3,2 Samuel 21:3,8,ܐܚܣܝܟܘܢ,,,,Peshitta,PESH
10,2 Samuel,21,3,2 Samuel 21:3,9,ܘܒܪܟܘ,,,,Peshitta,PESH
10,2 Samuel,21,3,2 Samuel 21:3,10,ܝܪܬܘܬܗ,,,,Peshitta,PESH
10,2 Samuel,21,3,2 Samuel 21:3,11,ܕܡܪܝܐ,,,,Peshitta,PESH
10,2 Samuel,21,4,2 Samuel 21:4,1,ܐܡܪ̈ܝܢ,,,,Peshitta,PESH
10,2 Samuel,21,4,2 Samuel 21:4,2,ܠܗ,,,,Peshitta,PESH
10,2 Samuel,21,4,2 Samuel 21:4,3,ܓܒ̈ܥܘܢܝܐ,,,,Peshitta,PESH
10,2 Samuel,21,4,2 Samuel 21:4,4,ܠܐ,,,,Peshitta,PESH
10,2 Samuel,21,4,2 Samuel 21:4,5,ܗܘܐ,,,,Peshitta,PESH
10,2 Samuel,21,4,2 Samuel 21:4,6,ܟܣܦܐ,,,,Peshitta,PESH
10,2 Samuel,21,4,2 Samuel 21:4,7,ܘܕܗܒܐ,,,,Peshitta,PESH
10,2 Samuel,21,4,2 Samuel 21:4,8,ܚܝܒ,,,,Peshitta,PESH
10,2 Samuel,21,4,2 Samuel 21:4,9,ܗܘܐ,,,,Peshitta,PESH
10,2 Samuel,21,4,2 Samuel 21:4,10,ܠܢ,,,,Peshitta,PESH
10,2 Samuel,21,4,2 Samuel 21:4,11,ܫܐܘܠ,,,,Peshitta,PESH
10,2 Samuel,21,4,2 Samuel 21:4,12,ܘܒܝܬܗ,,,,Peshitta,PESH
10,2 Samuel,21,4,2 Samuel 21:4,13,ܘܠܐ,,,,Peshitta,PESH
10,2 Samuel,21,4,2 Samuel 21:4,14,ܐܝܬ,,,,Peshitta,PESH
10,2 Samuel,21,4,2 Samuel 21:4,15,ܠܢ,,,,Peshitta,PESH
10,2 Samuel,21,4,2 Samuel 21:4,16,ܐܢܫ,,,,Peshitta,PESH
10,2 Samuel,21,4,2 Samuel 21:4,17,ܕܢܩܛܘܠ,,,,Peshitta,PESH
10,2 Samuel,21,4,2 Samuel 21:4,18,ܒܐܝܣܪܝܠ,,,,Peshitta,PESH
10,2 Samuel,21,4,2 Samuel 21:4,19,ܐܡܪ,,,,Peshitta,PESH
10,2 Samuel,21,4,2 Samuel 21:4,20,ܠܗܘܢ,,,,Peshitta,PESH
10,2 Samuel,21,4,2 Samuel 21:4,21,ܘܡܢܐ,,,,Peshitta,PESH
10,2 Samuel,21,4,2 Samuel 21:4,22,ܐܡܪ̈ܝܢ,,,,Peshitta,PESH
10,2 Samuel,21,4,2 Samuel 21:4,23,ܐܢܬܘܢ,,,,Peshitta,PESH
10,2 Samuel,21,4,2 Samuel 21:4,24,ܐܥܒܕ,,,,Peshitta,PESH
10,2 Samuel,21,4,2 Samuel 21:4,25,ܠܟܘܢ,,,,Peshitta,PESH
10,2 Samuel,21,5,2 Samuel 21:5,1,ܐܡܪ̈ܝܢ,,,,Peshitta,PESH
10,2 Samuel,21,5,2 Samuel 21:5,2,ܠܡܠܟܐ,,,,Peshitta,PESH
10,2 Samuel,21,5,2 Samuel 21:5,3,ܓܒܪܐ,,,,Peshitta,PESH
10,2 Samuel,21,5,2 Samuel 21:5,4,ܕܐܘܒܕܢ,,,,Peshitta,PESH
10,2 Samuel,21,5,2 Samuel 21:5,5,ܘܐܬܚܫܒ,,,,Peshitta,PESH
10,2 Samuel,21,5,2 Samuel 21:5,6,ܕܢܘܒܕܢ,,,,Peshitta,PESH
10,2 Samuel,21,5,2 Samuel 21:5,7,ܕܠܐ,,,,Peshitta,PESH
10,2 Samuel,21,5,2 Samuel 21:5,8,ܢܟܬܪ,,,,Peshitta,PESH
10,2 Samuel,21,5,2 Samuel 21:5,9,ܒܟܠܗ,,,,Peshitta,PESH
10,2 Samuel,21,5,2 Samuel 21:5,10,ܬܚܘܡܐ,,,,Peshitta,PESH
10,2 Samuel,21,5,2 Samuel 21:5,11,ܕܐܝܣܪܝܠ,,,,Peshitta,PESH
10,2 Samuel,21,6,2 Samuel 21:6,1,ܢܬܠܘܢ,,,,Peshitta,PESH
10,2 Samuel,21,6,2 Samuel 21:6,2,ܠܢ,,,,Peshitta,PESH
10,2 Samuel,21,6,2 Samuel 21:6,3,ܫܒܥܐ,,,,Peshitta,PESH
10,2 Samuel,21,6,2 Samuel 21:6,4,ܐ̈ܢܫܝܢ,,,,Peshitta,PESH
10,2 Samuel,21,6,2 Samuel 21:6,5,ܡܢ,,,,Peshitta,PESH
10,2 Samuel,21,6,2 Samuel 21:6,6,ܒܢ̈ܘܗܝ,,,,Peshitta,PESH
10,2 Samuel,21,6,2 Samuel 21:6,7,ܘܢܕܒܚ,,,,Peshitta,PESH
10,2 Samuel,21,6,2 Samuel 21:6,8,ܐܢܘܢ,,,,Peshitta,PESH
10,2 Samuel,21,6,2 Samuel 21:6,9,ܩܕܡ,,,,Peshitta,PESH
10,2 Samuel,21,6,2 Samuel 21:6,10,ܡܪܝܐ,,,,Peshitta,PESH
10,2 Samuel,21,6,2 Samuel 21:6,11,ܒܪܡܬܗ,,,,Peshitta,PESH
10,2 Samuel,21,6,2 Samuel 21:6,12,ܕܫܐܘܠ,,,,Peshitta,PESH
10,2 Samuel,21,6,2 Samuel 21:6,13,ܐܡܪ,,,,Peshitta,PESH
10,2 Samuel,21,6,2 Samuel 21:6,14,ܠܗܘܢ,,,,Peshitta,PESH
10,2 Samuel,21,6,2 Samuel 21:6,15,ܡܠܟܐ,,,,Peshitta,PESH
10,2 Samuel,21,6,2 Samuel 21:6,16,ܐܢܐ,,,,Peshitta,PESH
10,2 Samuel,21,6,2 Samuel 21:6,17,ܐܬܠ,,,,Peshitta,PESH
10,2 Samuel,21,7,2 Samuel 21:7,1,ܘܚܣ,,,,Peshitta,PESH
10,2 Samuel,21,7,2 Samuel 21:7,2,ܡܠܟܐ,,,,Peshitta,PESH
10,2 Samuel,21,7,2 Samuel 21:7,3,ܥܠ,,,,Peshitta,PESH
10,2 Samuel,21,7,2 Samuel 21:7,4,ܡܦܝܒܫܬ,,,,Peshitta,PESH
10,2 Samuel,21,7,2 Samuel 21:7,5,ܒܪ,,,,Peshitta,PESH
10,2 Samuel,21,7,2 Samuel 21:7,6,ܝܘܢܬܢ,,,,Peshitta,PESH
10,2 Samuel,21,7,2 Samuel 21:7,7,ܒܪ,,,,Peshitta,PESH
10,2 Samuel,21,7,2 Samuel 21:7,8,ܫܐܘܠ,,,,Peshitta,PESH
10,2 Samuel,21,7,2 Samuel 21:7,9,ܡܛܠ,,,,Peshitta,PESH
10,2 Samuel,21,7,2 Samuel 21:7,10,ܡܘܡܬܗ,,,,Peshitta,PESH
10,2 Samuel,21,7,2 Samuel 21:7,11,ܕܡܪܝܐ,,,,Peshitta,PESH
10,2 Samuel,21,7,2 Samuel 21:7,12,ܕܗܘܬ,,,,Peshitta,PESH
10,2 Samuel,21,7,2 Samuel 21:7,13,ܒܝܢܬܗܘܢ,,,,Peshitta,PESH
10,2 Samuel,21,7,2 Samuel 21:7,14,ܒܝܬ,,,,Peshitta,PESH
10,2 Samuel,21,7,2 Samuel 21:7,15,ܕܘܝܕ,,,,Peshitta,PESH
10,2 Samuel,21,7,2 Samuel 21:7,16,ܠܝܘܢܬܢ,,,,Peshitta,PESH
10,2 Samuel,21,7,2 Samuel 21:7,17,ܒܪ,,,,Peshitta,PESH
10,2 Samuel,21,7,2 Samuel 21:7,18,ܫܐܘܠ,,,,Peshitta,PESH
10,2 Samuel,21,8,2 Samuel 21:8,1,ܘܕܒܪ,,,,Peshitta,PESH
10,2 Samuel,21,8,2 Samuel 21:8,2,ܡܠܟܐ,,,,Peshitta,PESH
10,2 Samuel,21,8,2 Samuel 21:8,3,ܠܬܪ̈ܝܢ,,,,Peshitta,PESH
10,2 Samuel,21,8,2 Samuel 21:8,4,ܒܢ̈ܝܗ̇,,,,Peshitta,PESH
10,2 Samuel,21,8,2 Samuel 21:8,5,ܕܪܨܦܐ,,,,Peshitta,PESH
10,2 Samuel,21,8,2 Samuel 21:8,6,ܒܪܬ,,,,Peshitta,PESH
10,2 Samuel,21,8,2 Samuel 21:8,7,ܐܢܐ,,,,Peshitta,PESH
10,2 Samuel,21,8,2 Samuel 21:8,8,ܕܝܠܕܬ,,,,Peshitta,PESH
10,2 Samuel,21,8,2 Samuel 21:8,9,ܠܫܐܘܠ,,,,Peshitta,PESH
10,2 Samuel,21,8,2 Samuel 21:8,10,ܠܐܪܡܘܢܝ,,,,Peshitta,PESH
10,2 Samuel,21,8,2 Samuel 21:8,11,ܘܠܡܦܝܒܫܬ,,,,Peshitta,PESH
10,2 Samuel,21,8,2 Samuel 21:8,12,ܘܠܚܡܫܐ,,,,Peshitta,PESH
10,2 Samuel,21,8,2 Samuel 21:8,13,ܒܢܝ̈,,,,Peshitta,PESH
10,2 Samuel,21,8,2 Samuel 21:8,14,ܢܕܒ,,,,Peshitta,PESH
10,2 Samuel,21,8,2 Samuel 21:8,15,ܒܪܬ,,,,Peshitta,PESH
10,2 Samuel,21,8,2 Samuel 21:8,16,ܫܐܘܠ,,,,Peshitta,PESH
10,2 Samuel,21,8,2 Samuel 21:8,17,ܕܝܠܕܬ,,,,Peshitta,PESH
10,2 Samuel,21,8,2 Samuel 21:8,18,ܠܥܙܪܐܝܠ,,,,Peshitta,PESH
10,2 Samuel,21,8,2 Samuel 21:8,19,ܒܪ,,,,Peshitta,PESH
10,2 Samuel,21,8,2 Samuel 21:8,20,ܒܪܙܠܝ,,,,Peshitta,PESH
10,2 Samuel,21,8,2 Samuel 21:8,21,ܕܡܢ,,,,Peshitta,PESH
10,2 Samuel,21,8,2 Samuel 21:8,22,ܡܚܘܠܐ,,,,Peshitta,PESH
10,2 Samuel,21,9,2 Samuel 21:9,1,ܘܐܫܠܡ,,,,Peshitta,PESH
10,2 Samuel,21,9,2 Samuel 21:9,2,ܐܢܘܢ,,,,Peshitta,PESH
10,2 Samuel,21,9,2 Samuel 21:9,3,ܠܓܒ̈ܥܘܢܝܐ,,,,Peshitta,PESH
10,2 Samuel,21,9,2 Samuel 21:9,4,ܘܕܒܚܘ,,,,Peshitta,PESH
10,2 Samuel,21,9,2 Samuel 21:9,5,ܐܢܘܢ,,,,Peshitta,PESH
10,2 Samuel,21,9,2 Samuel 21:9,6,ܒܛܘܪܐ,,,,Peshitta,PESH
10,2 Samuel,21,9,2 Samuel 21:9,7,ܩܕܡ,,,,Peshitta,PESH
10,2 Samuel,21,9,2 Samuel 21:9,8,ܡܪܝܐ,,,,Peshitta,PESH
10,2 Samuel,21,9,2 Samuel 21:9,9,ܘܢܦܠܘ,,,,Peshitta,PESH
10,2 Samuel,21,9,2 Samuel 21:9,10,ܫܒ̈ܥܬܝܗܘܢ,,,,Peshitta,PESH
10,2 Samuel,21,9,2 Samuel 21:9,11,ܐܟܚܕܐ,,,,Peshitta,PESH
10,2 Samuel,21,9,2 Samuel 21:9,12,ܘܗܢܘܢ,,,,Peshitta,PESH
10,2 Samuel,21,9,2 Samuel 21:9,13,ܐܬܩ̇ܛܠܘ,,,,Peshitta,PESH
10,2 Samuel,21,9,2 Samuel 21:9,14,ܒܝܘܡ̈ܬܐ,,,,Peshitta,PESH
10,2 Samuel,21,9,2 Samuel 21:9,15,ܩܕܡ̈ܝܐ,,,,Peshitta,PESH
10,2 Samuel,21,9,2 Samuel 21:9,16,ܕܚܨܕܐ,,,,Peshitta,PESH
10,2 Samuel,21,9,2 Samuel 21:9,17,ܒܪܝܫ,,,,Peshitta,PESH
10,2 Samuel,21,9,2 Samuel 21:9,18,ܚܨܕܐ,,,,Peshitta,PESH
10,2 Samuel,21,9,2 Samuel 21:9,19,ܕܣܥܪ̈ܐ,,,,Peshitta,PESH
10,2 Samuel,21,10,2 Samuel 21:10,1,ܘܢܣܒܬ,,,,Peshitta,PESH
10,2 Samuel,21,10,2 Samuel 21:10,2,ܪܨܦܐ,,,,Peshitta,PESH
10,2 Samuel,21,10,2 Samuel 21:10,3,ܒܪܬ,,,,Peshitta,PESH
10,2 Samuel,21,10,2 Samuel 21:10,4,ܐܢܐ,,,,Peshitta,PESH
10,2 Samuel,21,10,2 Samuel 21:10,5,ܣܩܐ,,,,Peshitta,PESH
10,2 Samuel,21,10,2 Samuel 21:10,6,ܘܦܪܣܬ,,,,Peshitta,PESH
10,2 Samuel,21,10,2 Samuel 21:10,7,ܠܗ̇,,,,Peshitta,PESH
10,2 Samuel,21,10,2 Samuel 21:10,8,ܥܠ,,,,Peshitta,PESH
10,2 Samuel,21,10,2 Samuel 21:10,9,ܫܘܥܐ,,,,Peshitta,PESH
10,2 Samuel,21,10,2 Samuel 21:10,10,ܡܢ,,,,Peshitta,PESH
10,2 Samuel,21,10,2 Samuel 21:10,11,ܪܝܫ,,,,Peshitta,PESH
10,2 Samuel,21,10,2 Samuel 21:10,12,ܚܨܕܐ,,,,Peshitta,PESH
10,2 Samuel,21,10,2 Samuel 21:10,13,ܥܕܡܐ,,,,Peshitta,PESH
10,2 Samuel,21,10,2 Samuel 21:10,14,ܕܢܚܬܘ,,,,Peshitta,PESH
10,2 Samuel,21,10,2 Samuel 21:10,15,ܥܠܝܗܘܢ,,,,Peshitta,PESH
10,2 Samuel,21,10,2 Samuel 21:10,16,ܡ̈ܝܐ,,,,Peshitta,PESH
10,2 Samuel,21,10,2 Samuel 21:10,17,ܡܢ,,,,Peshitta,PESH
10,2 Samuel,21,10,2 Samuel 21:10,18,ܫܡܝܐ,,,,Peshitta,PESH
10,2 Samuel,21,10,2 Samuel 21:10,19,ܘܠܐ,,,,Peshitta,PESH
10,2 Samuel,21,10,2 Samuel 21:10,20,ܫܒܩܬ,,,,Peshitta,PESH
10,2 Samuel,21,10,2 Samuel 21:10,21,ܠܦܪܚܬܐ,,,,Peshitta,PESH
10,2 Samuel,21,10,2 Samuel 21:10,22,ܕܫܡܝܐ,,,,Peshitta,PESH
10,2 Samuel,21,10,2 Samuel 21:10,23,ܕܬܫܟܢ,,,,Peshitta,PESH
10,2 Samuel,21,10,2 Samuel 21:10,24,ܥܠܝܗܘܢ,,,,Peshitta,PESH
10,2 Samuel,21,10,2 Samuel 21:10,25,ܒܐܝܡܡܐ,,,,Peshitta,PESH
10,2 Samuel,21,10,2 Samuel 21:10,26,ܐܦ,,,,Peshitta,PESH
10,2 Samuel,21,10,2 Samuel 21:10,27,ܠܐ,,,,Peshitta,PESH
10,2 Samuel,21,10,2 Samuel 21:10,28,ܠܚܝܘܬܐ,,,,Peshitta,PESH
10,2 Samuel,21,10,2 Samuel 21:10,29,ܕܕܒܪܐ,,,,Peshitta,PESH
10,2 Samuel,21,10,2 Samuel 21:10,30,ܒܠܠܝܐ,,,,Peshitta,PESH
10,2 Samuel,21,11,2 Samuel 21:11,1,ܘܚܘܝܘ,,,,Peshitta,PESH
10,2 Samuel,21,11,2 Samuel 21:11,2,ܠܕܘܝܕ,,,,Peshitta,PESH
10,2 Samuel,21,11,2 Samuel 21:11,3,ܡܕܡ,,,,Peshitta,PESH
10,2 Samuel,21,11,2 Samuel 21:11,4,ܕܥܒܕܬ,,,,Peshitta,PESH
10,2 Samuel,21,11,2 Samuel 21:11,5,ܪܨܦܐ,,,,Peshitta,PESH
10,2 Samuel,21,11,2 Samuel 21:11,6,ܒܪܬ,,,,Peshitta,PESH
10,2 Samuel,21,11,2 Samuel 21:11,7,ܐܢܐ,,,,Peshitta,PESH
10,2 Samuel,21,11,2 Samuel 21:11,8,ܕܪܘܟܬܗ,,,,Peshitta,PESH
10,2 Samuel,21,11,2 Samuel 21:11,9,ܕܫܐܘܠ,,,,Peshitta,PESH
10,2 Samuel,21,12,2 Samuel 21:12,1,ܘܐܙܠ,,,,Peshitta,PESH
10,2 Samuel,21,12,2 Samuel 21:12,2,ܕܘܝܕ,,,,Peshitta,PESH
10,2 Samuel,21,12,2 Samuel 21:12,3,ܘܢܣܒ,,,,Peshitta,PESH
10,2 Samuel,21,12,2 Samuel 21:12,4,ܓܪ̈ܡܐ,,,,Peshitta,PESH
10,2 Samuel,21,12,2 Samuel 21:12,5,ܕܫܐܘܠ,,,,Peshitta,PESH
10,2 Samuel,21,12,2 Samuel 21:12,6,ܘܓܪ̈ܡܐ,,,,Peshitta,PESH
10,2 Samuel,21,12,2 Samuel 21:12,7,ܕܝܘܢܬܢ,,,,Peshitta,PESH
10,2 Samuel,21,12,2 Samuel 21:12,8,ܒܪܗ,,,,Peshitta,PESH
10,2 Samuel,21,12,2 Samuel 21:12,9,ܡܢ,,,,Peshitta,PESH
10,2 Samuel,21,12,2 Samuel 21:12,10,ܡܪ̈ܝܗ̇,,,,Peshitta,PESH
10,2 Samuel,21,12,2 Samuel 21:12,11,ܕܝܒܝܫ,,,,Peshitta,PESH
10,2 Samuel,21,12,2 Samuel 21:12,12,ܕܓܠܥܕ,,,,Peshitta,PESH
10,2 Samuel,21,12,2 Samuel 21:12,13,ܕܓܢܒܘ,,,,Peshitta,PESH
10,2 Samuel,21,12,2 Samuel 21:12,14,ܐܢܘܢ,,,,Peshitta,PESH
10,2 Samuel,21,12,2 Samuel 21:12,15,ܡܢ,,,,Peshitta,PESH
10,2 Samuel,21,12,2 Samuel 21:12,16,ܪܚܘܒ,,,,Peshitta,PESH
10,2 Samuel,21,12,2 Samuel 21:12,17,ܕܒܝܬ,,,,Peshitta,PESH
10,2 Samuel,21,12,2 Samuel 21:12,18,ܝܫܢ,,,,Peshitta,PESH
10,2 Samuel,21,12,2 Samuel 21:12,19,ܕܬܠܘ,,,,Peshitta,PESH
10,2 Samuel,21,12,2 Samuel 21:12,20,ܐܢܘܢ,,,,Peshitta,PESH
10,2 Samuel,21,12,2 Samuel 21:12,21,ܬܡܢ,,,,Peshitta,PESH
10,2 Samuel,21,12,2 Samuel 21:12,22,ܦܠܫܬ̈ܝܐ,,,,Peshitta,PESH
10,2 Samuel,21,12,2 Samuel 21:12,23,ܒܝܘܡܐ,,,,Peshitta,PESH
10,2 Samuel,21,12,2 Samuel 21:12,24,ܕܩܛܠܘ,,,,Peshitta,PESH
10,2 Samuel,21,12,2 Samuel 21:12,25,ܦܠܫܬ̈ܝܐ,,,,Peshitta,PESH
10,2 Samuel,21,12,2 Samuel 21:12,26,ܠܫܐܘܠ,,,,Peshitta,PESH
10,2 Samuel,21,12,2 Samuel 21:12,27,ܒܛܘܪܐ,,,,Peshitta,PESH
10,2 Samuel,21,12,2 Samuel 21:12,28,ܕܓܠܒܘܥ,,,,Peshitta,PESH
10,2 Samuel,21,13,2 Samuel 21:13,1,ܘܐܣܩ,,,,Peshitta,PESH
10,2 Samuel,21,13,2 Samuel 21:13,2,ܡܢ,,,,Peshitta,PESH
10,2 Samuel,21,13,2 Samuel 21:13,3,ܬܡܢ,,,,Peshitta,PESH
10,2 Samuel,21,13,2 Samuel 21:13,4,ܠܓܪ̈ܡܐ,,,,Peshitta,PESH
10,2 Samuel,21,13,2 Samuel 21:13,5,ܕܫܐܘܠ,,,,Peshitta,PESH
10,2 Samuel,21,13,2 Samuel 21:13,6,ܘܠܓܪ̈ܡܐ,,,,Peshitta,PESH
10,2 Samuel,21,13,2 Samuel 21:13,7,ܕܝܘܢܬܢ,,,,Peshitta,PESH
10,2 Samuel,21,13,2 Samuel 21:13,8,ܒܪܗ,,,,Peshitta,PESH
10,2 Samuel,21,13,2 Samuel 21:13,9,ܘܟܢܫܘ,,,,Peshitta,PESH
10,2 Samuel,21,13,2 Samuel 21:13,10,ܓܪ̈ܡܐ,,,,Peshitta,PESH
10,2 Samuel,21,13,2 Samuel 21:13,11,ܕܩ̈ܛܝܠܐ,,,,Peshitta,PESH
10,2 Samuel,21,14,2 Samuel 21:14,1,ܘܩܒܪܘ,,,,Peshitta,PESH
10,2 Samuel,21,14,2 Samuel 21:14,2,ܓܪ̈ܡܘܗܝ,,,,Peshitta,PESH
10,2 Samuel,21,14,2 Samuel 21:14,3,ܕܫܐܘܠ,,,,Peshitta,PESH
10,2 Samuel,21,14,2 Samuel 21:14,4,ܘܕܝܘܢܬܢ,,,,Peshitta,PESH
10,2 Samuel,21,14,2 Samuel 21:14,5,ܒܐܪܥܐ,,,,Peshitta,PESH
10,2 Samuel,21,14,2 Samuel 21:14,6,ܕܒܢܝܡܝܢ,,,,Peshitta,PESH
10,2 Samuel,21,14,2 Samuel 21:14,7,ܒܨܠܨܚ,,,,Peshitta,PESH
10,2 Samuel,21,14,2 Samuel 21:14,8,ܒܩܒܪܐ,,,,Peshitta,PESH
10,2 Samuel,21,14,2 Samuel 21:14,9,ܕܩܝܫ,,,,Peshitta,PESH
10,2 Samuel,21,14,2 Samuel 21:14,10,ܐܒܘܗܝ,,,,Peshitta,PESH
10,2 Samuel,21,14,2 Samuel 21:14,11,ܘܥܒܕܘ,,,,Peshitta,PESH
10,2 Samuel,21,14,2 Samuel 21:14,12,ܟܠ,,,,Peshitta,PESH
10,2 Samuel,21,14,2 Samuel 21:14,13,ܡܕܡ,,,,Peshitta,PESH
10,2 Samuel,21,14,2 Samuel 21:14,14,ܕܦܩܕ,,,,Peshitta,PESH
10,2 Samuel,21,14,2 Samuel 21:14,15,ܡܠܟܐ,,,,Peshitta,PESH
10,2 Samuel,21,14,2 Samuel 21:14,16,ܘܐܬܪܥܝ,,,,Peshitta,PESH
10,2 Samuel,21,14,2 Samuel 21:14,17,ܐܠܗܐ,,,,Peshitta,PESH
10,2 Samuel,21,14,2 Samuel 21:14,18,ܠܐܪܥܐ,,,,Peshitta,PESH
10,2 Samuel,21,14,2 Samuel 21:14,19,ܡܢ,,,,Peshitta,PESH
10,2 Samuel,21,14,2 Samuel 21:14,20,ܒܬܪ,,,,Peshitta,PESH
10,2 Samuel,21,14,2 Samuel 21:14,21,ܗܝܕܝܢ,,,,Peshitta,PESH
10,2 Samuel,21,15,2 Samuel 21:15,1,ܘܗܘܐ,,,,Peshitta,PESH
10,2 Samuel,21,15,2 Samuel 21:15,2,ܬܘܒ,,,,Peshitta,PESH
10,2 Samuel,21,15,2 Samuel 21:15,3,ܩܪܒܐ,,,,Peshitta,PESH
10,2 Samuel,21,15,2 Samuel 21:15,4,ܠܦܠܫ̈ܬܝܐ,,,,Peshitta,PESH
10,2 Samuel,21,15,2 Samuel 21:15,5,ܥܡ,,,,Peshitta,PESH
10,2 Samuel,21,15,2 Samuel 21:15,6,ܐܝܣܪܝܠ,,,,Peshitta,PESH
10,2 Samuel,21,15,2 Samuel 21:15,7,ܘܢܚܬ,,,,Peshitta,PESH
10,2 Samuel,21,15,2 Samuel 21:15,8,ܕܘܝܕ,,,,Peshitta,PESH
10,2 Samuel,21,15,2 Samuel 21:15,9,ܘܥܒ̈ܕܘܗܝ,,,,Peshitta,PESH
10,2 Samuel,21,15,2 Samuel 21:15,10,ܥܡܗ,,,,Peshitta,PESH
10,2 Samuel,21,15,2 Samuel 21:15,11,ܠܡܬܟܬܫܘ,,,,Peshitta,PESH
10,2 Samuel,21,15,2 Samuel 21:15,12,ܥܡ,,,,Peshitta,PESH
10,2 Samuel,21,15,2 Samuel 21:15,13,ܦܠܫ̈ܬܝܐ,,,,Peshitta,PESH
10,2 Samuel,21,15,2 Samuel 21:15,14,ܘܕܚܠ,,,,Peshitta,PESH
10,2 Samuel,21,15,2 Samuel 21:15,15,ܕܘܝܕ,,,,Peshitta,PESH
10,2 Samuel,21,16,2 Samuel 21:16,1,ܘܝܘܐܒ,,,,Peshitta,PESH
10,2 Samuel,21,16,2 Samuel 21:16,2,ܘܐܒܝܫܝ,,,,Peshitta,PESH
10,2 Samuel,21,16,2 Samuel 21:16,3,ܡܢ,,,,Peshitta,PESH
10,2 Samuel,21,16,2 Samuel 21:16,4,ܓܢܒܪܐ,,,,Peshitta,PESH
10,2 Samuel,21,16,2 Samuel 21:16,5,ܕܡܬܩܠܐ,,,,Peshitta,PESH
10,2 Samuel,21,16,2 Samuel 21:16,6,ܕܫܪܝܢܗ,,,,Peshitta,PESH
10,2 Samuel,21,16,2 Samuel 21:16,7,ܬܠܬܡܐܐ,,,,Peshitta,PESH
10,2 Samuel,21,16,2 Samuel 21:16,8,ܡܬ̈ܩܠܝܢ,,,,Peshitta,PESH
10,2 Samuel,21,16,2 Samuel 21:16,9,ܕܢܚܫܐ,,,,Peshitta,PESH
10,2 Samuel,21,16,2 Samuel 21:16,10,ܘܗܘ,,,,Peshitta,PESH
10,2 Samuel,21,16,2 Samuel 21:16,11,ܐܣܝܪ,,,,Peshitta,PESH
10,2 Samuel,21,16,2 Samuel 21:16,12,ܗܘܐ,,,,Peshitta,PESH
10,2 Samuel,21,16,2 Samuel 21:16,13,ܣܦܣܪܐ,,,,Peshitta,PESH
10,2 Samuel,21,16,2 Samuel 21:16,14,ܚܕܬܐ,,,,Peshitta,PESH
10,2 Samuel,21,16,2 Samuel 21:16,15,ܘܐܡܪ,,,,Peshitta,PESH
10,2 Samuel,21,16,2 Samuel 21:16,16,ܠܡܩܛܠܗ,,,,Peshitta,PESH
10,2 Samuel,21,16,2 Samuel 21:16,17,ܠܕܘܝܕ,,,,Peshitta,PESH
10,2 Samuel,21,17,2 Samuel 21:17,1,ܘܥܕܪܗ,,,,Peshitta,PESH
10,2 Samuel,21,17,2 Samuel 21:17,2,ܐܒܝܫܝ,,,,Peshitta,PESH
10,2 Samuel,21,17,2 Samuel 21:17,3,ܒܪ,,,,Peshitta,PESH
10,2 Samuel,21,17,2 Samuel 21:17,4,ܨܘܪܝܐ,,,,Peshitta,PESH
10,2 Samuel,21,17,2 Samuel 21:17,5,ܘܡܚܝܗܝ,,,,Peshitta,PESH
10,2 Samuel,21,17,2 Samuel 21:17,6,ܠܦܠܫܬܝܐ,,,,Peshitta,PESH
10,2 Samuel,21,17,2 Samuel 21:17,7,ܘܩܛܠܗ,,,,Peshitta,PESH
10,2 Samuel,21,17,2 Samuel 21:17,8,ܗܝܕܝܢ,,,,Peshitta,PESH
10,2 Samuel,21,17,2 Samuel 21:17,9,ܝܡܘ,,,,Peshitta,PESH
10,2 Samuel,21,17,2 Samuel 21:17,10,ܠܗ,,,,Peshitta,PESH
10,2 Samuel,21,17,2 Samuel 21:17,11,ܥܒ̈ܕܘܗܝ,,,,Peshitta,PESH
10,2 Samuel,21,17,2 Samuel 21:17,12,ܠܕܘܝܕ,,,,Peshitta,PESH
10,2 Samuel,21,17,2 Samuel 21:17,13,ܘܐܡܪ̈ܝܢ,,,,Peshitta,PESH
10,2 Samuel,21,17,2 Samuel 21:17,14,ܠܗ,,,,Peshitta,PESH
10,2 Samuel,21,17,2 Samuel 21:17,15,ܠܐ,,,,Peshitta,PESH
10,2 Samuel,21,17,2 Samuel 21:17,16,ܬܦܘܩ,,,,Peshitta,PESH
10,2 Samuel,21,17,2 Samuel 21:17,17,ܥܡܢ,,,,Peshitta,PESH
10,2 Samuel,21,17,2 Samuel 21:17,18,ܠܩܪܒܐ,,,,Peshitta,PESH
10,2 Samuel,21,17,2 Samuel 21:17,19,ܘܠܐ,,,,Peshitta,PESH
10,2 Samuel,21,17,2 Samuel 21:17,20,ܬܕܥܟ,,,,Peshitta,PESH
10,2 Samuel,21,17,2 Samuel 21:17,21,ܫܪܓܗ,,,,Peshitta,PESH
10,2 Samuel,21,17,2 Samuel 21:17,22,ܕܐܝܣܪܝܠ,,,,Peshitta,PESH
10,2 Samuel,21,18,2 Samuel 21:18,1,ܡܢ,,,,Peshitta,PESH
10,2 Samuel,21,18,2 Samuel 21:18,2,ܒܬܪ,,,,Peshitta,PESH
10,2 Samuel,21,18,2 Samuel 21:18,3,ܗܝܕܝܢ,,,,Peshitta,PESH
10,2 Samuel,21,18,2 Samuel 21:18,4,ܗܘܐ,,,,Peshitta,PESH
10,2 Samuel,21,18,2 Samuel 21:18,5,ܬܘܒ,,,,Peshitta,PESH
10,2 Samuel,21,18,2 Samuel 21:18,6,ܩܪܒܐ,,,,Peshitta,PESH
10,2 Samuel,21,18,2 Samuel 21:18,7,ܒܓܬ,,,,Peshitta,PESH
10,2 Samuel,21,18,2 Samuel 21:18,8,ܥܡ,,,,Peshitta,PESH
10,2 Samuel,21,18,2 Samuel 21:18,9,ܦܠܫܬ̈ܝܐ,,,,Peshitta,PESH
10,2 Samuel,21,18,2 Samuel 21:18,10,ܗܝܕܝܢ,,,,Peshitta,PESH
10,2 Samuel,21,18,2 Samuel 21:18,11,ܩܛܠ,,,,Peshitta,PESH
10,2 Samuel,21,18,2 Samuel 21:18,12,ܣܒܟܝ,,,,Peshitta,PESH
10,2 Samuel,21,18,2 Samuel 21:18,13,ܚܘܫܝܐ,,,,Peshitta,PESH
10,2 Samuel,21,18,2 Samuel 21:18,14,ܠܣܦܪ,,,,Peshitta,PESH
10,2 Samuel,21,18,2 Samuel 21:18,15,ܕܡܢ,,,,Peshitta,PESH
10,2 Samuel,21,18,2 Samuel 21:18,16,ܒܢ̈ܝ,,,,Peshitta,PESH
10,2 Samuel,21,18,2 Samuel 21:18,17,ܓܢܒܪ̈ܐ,,,,Peshitta,PESH
10,2 Samuel,21,19,2 Samuel 21:19,1,ܘܗܘܐ,,,,Peshitta,PESH
10,2 Samuel,21,19,2 Samuel 21:19,2,ܬܘܒ,,,,Peshitta,PESH
10,2 Samuel,21,19,2 Samuel 21:19,3,ܩܪܒܐ,,,,Peshitta,PESH
10,2 Samuel,21,19,2 Samuel 21:19,4,ܠܐܝܣܪܝܠ,,,,Peshitta,PESH
10,2 Samuel,21,19,2 Samuel 21:19,5,ܥܡ,,,,Peshitta,PESH
10,2 Samuel,21,19,2 Samuel 21:19,6,ܦܠܫܬ̈ܝܐ,,,,Peshitta,PESH
10,2 Samuel,21,19,2 Samuel 21:19,7,ܘܩܛܠ,,,,Peshitta,PESH
10,2 Samuel,21,19,2 Samuel 21:19,8,ܐܠܚܢܢ,,,,Peshitta,PESH
10,2 Samuel,21,19,2 Samuel 21:19,9,ܒܪ,,,,Peshitta,PESH
10,2 Samuel,21,19,2 Samuel 21:19,10,ܡܠܦ,,,,Peshitta,PESH
10,2 Samuel,21,19,2 Samuel 21:19,11,ܙܩܘܪܐ,,,,Peshitta,PESH
10,2 Samuel,21,19,2 Samuel 21:19,12,ܕܡܢ,,,,Peshitta,PESH
10,2 Samuel,21,19,2 Samuel 21:19,13,ܒܝܬ,,,,Peshitta,PESH
10,2 Samuel,21,19,2 Samuel 21:19,14,ܠܚܡ,,,,Peshitta,PESH
10,2 Samuel,21,19,2 Samuel 21:19,15,ܠܓܘܠܝܬ,,,,Peshitta,PESH
10,2 Samuel,21,19,2 Samuel 21:19,16,ܦܠܫܬܝܐ,,,,Peshitta,PESH
10,2 Samuel,21,19,2 Samuel 21:19,17,ܘܫܘܝܐ,,,,Peshitta,PESH
10,2 Samuel,21,19,2 Samuel 21:19,18,ܕܢܝܙܟܗ,,,,Peshitta,PESH
10,2 Samuel,21,19,2 Samuel 21:19,19,ܥܒܐ,,,,Peshitta,PESH
10,2 Samuel,21,19,2 Samuel 21:19,20,ܗܘܐ,,,,Peshitta,PESH
10,2 Samuel,21,19,2 Samuel 21:19,21,ܐܝܟ,,,,Peshitta,PESH
10,2 Samuel,21,19,2 Samuel 21:19,22,ܢܘܠܐ,,,,Peshitta,PESH
10,2 Samuel,21,19,2 Samuel 21:19,23,ܕܓܪ̈ܕܝܝܐ,,,,Peshitta,PESH
10,2 Samuel,21,20,2 Samuel 21:20,1,ܘܗܘܐ,,,,Peshitta,PESH
10,2 Samuel,21,20,2 Samuel 21:20,2,ܬܘܒ,,,,Peshitta,PESH
10,2 Samuel,21,20,2 Samuel 21:20,3,ܩܪܒܐ,,,,Peshitta,PESH
10,2 Samuel,21,20,2 Samuel 21:20,4,ܒܓܬ,,,,Peshitta,PESH
10,2 Samuel,21,20,2 Samuel 21:20,5,ܘܗܘܐ,,,,Peshitta,PESH
10,2 Samuel,21,20,2 Samuel 21:20,6,ܬܡܢ,,,,Peshitta,PESH
10,2 Samuel,21,20,2 Samuel 21:20,7,ܓܒܪܐ,,,,Peshitta,PESH
10,2 Samuel,21,20,2 Samuel 21:20,8,ܓܢܒܪܐ,,,,Peshitta,PESH
10,2 Samuel,21,20,2 Samuel 21:20,9,ܕܨܒ̈ܥܬܐ,,,,Peshitta,PESH
10,2 Samuel,21,20,2 Samuel 21:20,10,ܕܐ̈ܝܕܘܗܝ,,,,Peshitta,PESH
10,2 Samuel,21,20,2 Samuel 21:20,11,ܘܨܒ̈ܥܬܐ,,,,Peshitta,PESH
10,2 Samuel,21,20,2 Samuel 21:20,12,ܕܪ̈ܓܠܘܗܝ,,,,Peshitta,PESH
10,2 Samuel,21,20,2 Samuel 21:20,13,ܫܬ,,,,Peshitta,PESH
10,2 Samuel,21,20,2 Samuel 21:20,14,ܫܬ,,,,Peshitta,PESH
10,2 Samuel,21,20,2 Samuel 21:20,15,ܥܣܪ̈ܝܢ,,,,Peshitta,PESH
10,2 Samuel,21,20,2 Samuel 21:20,16,ܘܐܪ̈ܒܥ,,,,Peshitta,PESH
10,2 Samuel,21,20,2 Samuel 21:20,17,ܒܡܢܝܢܐ,,,,Peshitta,PESH
10,2 Samuel,21,20,2 Samuel 21:20,18,ܐܦ,,,,Peshitta,PESH
10,2 Samuel,21,20,2 Samuel 21:20,19,ܗܘ,,,,Peshitta,PESH
10,2 Samuel,21,20,2 Samuel 21:20,20,ܐܬܝܠܕ,,,,Peshitta,PESH
10,2 Samuel,21,20,2 Samuel 21:20,21,ܠܓܢܒܪ̈ܐ,,,,Peshitta,PESH
10,2 Samuel,21,21,2 Samuel 21:21,1,ܘܚܣܕ,,,,Peshitta,PESH
10,2 Samuel,21,21,2 Samuel 21:21,2,ܠܐܝܣܪܝܠ,,,,Peshitta,PESH
10,2 Samuel,21,21,2 Samuel 21:21,3,ܘܩܛܠܗ,,,,Peshitta,PESH
10,2 Samuel,21,21,2 Samuel 21:21,4,ܝܘܢܕܒ,,,,Peshitta,PESH
10,2 Samuel,21,21,2 Samuel 21:21,5,ܒܪ,,,,Peshitta,PESH
10,2 Samuel,21,21,2 Samuel 21:21,6,ܫܡܐ,,,,Peshitta,PESH
10,2 Samuel,21,21,2 Samuel 21:21,7,ܐܚܘܗܝ,,,,Peshitta,PESH
10,2 Samuel,21,21,2 Samuel 21:21,8,ܕܕܘܝܕ,,,,Peshitta,PESH
10,2 Samuel,21,22,2 Samuel 21:22,1,ܗܠܝܢ,,,,Peshitta,PESH
10,2 Samuel,21,22,2 Samuel 21:22,2,ܐܪ̈ܒܥܐ,,,,Peshitta,PESH
10,2 Samuel,21,22,2 Samuel 21:22,3,ܐܬܝܠܕܘ,,,,Peshitta,PESH
10,2 Samuel,21,22,2 Samuel 21:22,4,ܠܓܢܒܪ̈ܐ,,,,Peshitta,PESH
10,2 Samuel,21,22,2 Samuel 21:22,5,ܒܓܬ,,,,Peshitta,PESH
10,2 Samuel,21,22,2 Samuel 21:22,6,ܘܐܫܬܠܡܘ,,,,Peshitta,PESH
10,2 Samuel,21,22,2 Samuel 21:22,7,ܒܐܝܕܐ,,,,Peshitta,PESH
10,2 Samuel,21,22,2 Samuel 21:22,8,ܕܕܘܝܕ,,,,Peshitta,PESH
10,2 Samuel,21,22,2 Samuel 21:22,9,ܘܒܐܝܕܐ,,,,Peshitta,PESH
10,2 Samuel,21,22,2 Samuel 21:22,10,ܕܥܒ̈ܕܘܗܝ,,,,Peshitta,PESH
10,2 Samuel,22,1,2 Samuel 22:1,1,ܬܫܒܘܚܬܐ,,,,Peshitta,PESH
10,2 Samuel,22,1,2 Samuel 22:1,2,ܕܕܘܝܕ,,,,Peshitta,PESH
10,2 Samuel,22,1,2 Samuel 22:1,3,ܘܐܡܪ,,,,Peshitta,PESH
10,2 Samuel,22,1,2 Samuel 22:1,4,ܕܘܝܕ,,,,Peshitta,PESH
10,2 Samuel,22,1,2 Samuel 22:1,5,ܠܡܪܝܐ,,,,Peshitta,PESH
10,2 Samuel,22,1,2 Samuel 22:1,6,ܡ̈ܠܐ,,,,Peshitta,PESH
10,2 Samuel,22,1,2 Samuel 22:1,7,ܕܬܫܒܘܚܬܐ,,,,Peshitta,PESH
10,2 Samuel,22,1,2 Samuel 22:1,8,ܗܕܐ,,,,Peshitta,PESH
10,2 Samuel,22,1,2 Samuel 22:1,9,ܒܝܘܡܐ,,,,Peshitta,PESH
10,2 Samuel,22,1,2 Samuel 22:1,10,ܕܦܨܝܗ,,,,Peshitta,PESH
10,2 Samuel,22,1,2 Samuel 22:1,11,ܡܪܝܐ,,,,Peshitta,PESH
10,2 Samuel,22,1,2 Samuel 22:1,12,ܡܢ,,,,Peshitta,PESH
10,2 Samuel,22,1,2 Samuel 22:1,13,ܐܝܕܐ,,,,Peshitta,PESH
10,2 Samuel,22,1,2 Samuel 22:1,14,ܕܒ̈ܥܠܕܒܒܘܗܝ,,,,Peshitta,PESH
10,2 Samuel,22,1,2 Samuel 22:1,15,ܘܡܢ,,,,Peshitta,PESH
10,2 Samuel,22,1,2 Samuel 22:1,16,ܐܝܕܗ,,,,Peshitta,PESH
10,2 Samuel,22,1,2 Samuel 22:1,17,ܕܫܐܘܠ,,,,Peshitta,PESH
10,2 Samuel,22,2,2 Samuel 22:2,1,ܘܐܡܪ,,,,Peshitta,PESH
10,2 Samuel,22,2,2 Samuel 22:2,2,ܐܪܚܡܟ,,,,Peshitta,PESH
10,2 Samuel,22,2,2 Samuel 22:2,3,ܡܪܝܐ,,,,Peshitta,PESH
10,2 Samuel,22,2,2 Samuel 22:2,4,ܚܝܠܝ,,,,Peshitta,PESH
10,2 Samuel,22,2,2 Samuel 22:2,5,ܘܬܘܟܠܢܝ,,,,Peshitta,PESH
10,2 Samuel,22,2,2 Samuel 22:2,6,ܡܪܝܐ,,,,Peshitta,PESH
10,2 Samuel,22,2,2 Samuel 22:2,7,ܥܘܫܢܝ,,,,Peshitta,PESH
10,2 Samuel,22,2,2 Samuel 22:2,8,ܘܒܝܬ,,,,Peshitta,PESH
10,2 Samuel,22,2,2 Samuel 22:2,9,ܓܘܣܝ,,,,Peshitta,PESH
10,2 Samuel,22,2,2 Samuel 22:2,10,ܘܡܦܨܝܢܝ,,,,Peshitta,PESH
10,2 Samuel,22,3,2 Samuel 22:3,1,ܐܠܗܐ,,,,Peshitta,PESH
10,2 Samuel,22,3,2 Samuel 22:3,2,ܬܩܝܦܐ,,,,Peshitta,PESH
10,2 Samuel,22,3,2 Samuel 22:3,3,ܕܣܒܪܝ,,,,Peshitta,PESH
10,2 Samuel,22,3,2 Samuel 22:3,4,ܒܗ,,,,Peshitta,PESH
10,2 Samuel,22,3,2 Samuel 22:3,5,ܡܣܝܥܢܝ,,,,Peshitta,PESH
10,2 Samuel,22,3,2 Samuel 22:3,6,ܘܩܪܢܐ,,,,Peshitta,PESH
10,2 Samuel,22,3,2 Samuel 22:3,7,ܕܦܘܪܩܢܝ,,,,Peshitta,PESH
10,2 Samuel,22,3,2 Samuel 22:3,8,ܘܒܝܬ,,,,Peshitta,PESH
10,2 Samuel,22,3,2 Samuel 22:3,9,ܓܘܣܝ,,,,Peshitta,PESH
10,2 Samuel,22,3,2 Samuel 22:3,10,ܘܡܦܨܝܢܝ,,,,Peshitta,PESH
10,2 Samuel,22,3,2 Samuel 22:3,11,ܡܢ,,,,Peshitta,PESH
10,2 Samuel,22,3,2 Samuel 22:3,12,ܥܘ̈ܠܐ,,,,Peshitta,PESH
10,2 Samuel,22,3,2 Samuel 22:3,13,ܘܦܪܘܩܝ,,,,Peshitta,PESH
10,2 Samuel,22,4,2 Samuel 22:4,1,ܡܫܒܚܐ,,,,Peshitta,PESH
10,2 Samuel,22,4,2 Samuel 22:4,2,ܐܩܪܐ,,,,Peshitta,PESH
10,2 Samuel,22,4,2 Samuel 22:4,3,ܠܡܪܝܐ,,,,Peshitta,PESH
10,2 Samuel,22,4,2 Samuel 22:4,4,ܘܡܢ,,,,Peshitta,PESH
10,2 Samuel,22,4,2 Samuel 22:4,5,ܒ̈ܥܠܕܒܒܝ,,,,Peshitta,PESH
10,2 Samuel,22,4,2 Samuel 22:4,6,ܐܬܦܪܩ,,,,Peshitta,PESH
10,2 Samuel,22,5,2 Samuel 22:5,1,ܡܛܠ,,,,Peshitta,PESH
10,2 Samuel,22,5,2 Samuel 22:5,2,ܕܚܕܪ̈ܘܢܝ,,,,Peshitta,PESH
10,2 Samuel,22,5,2 Samuel 22:5,3,ܚܒ̈ܠܐ,,,,Peshitta,PESH
10,2 Samuel,22,5,2 Samuel 22:5,4,ܕܡܘܬܐ,,,,Peshitta,PESH
10,2 Samuel,22,5,2 Samuel 22:5,5,ܘܕ̈ܓܠܬܐ,,,,Peshitta,PESH
10,2 Samuel,22,5,2 Samuel 22:5,6,ܕܥܘ̈ܠܐ,,,,Peshitta,PESH
10,2 Samuel,22,5,2 Samuel 22:5,7,ܕܠܚܢܝ,,,,Peshitta,PESH
10,2 Samuel,22,6,2 Samuel 22:6,1,ܚ̈ܒܠܐ,,,,Peshitta,PESH
10,2 Samuel,22,6,2 Samuel 22:6,2,ܕܫܝܘܠ,,,,Peshitta,PESH
10,2 Samuel,22,6,2 Samuel 22:6,3,ܟܪܟܘܢܝ,,,,Peshitta,PESH
10,2 Samuel,22,6,2 Samuel 22:6,4,ܘܩܕܡܘܢܝ,,,,Peshitta,PESH
10,2 Samuel,22,6,2 Samuel 22:6,5,ܦܚ̈ܐ,,,,Peshitta,PESH
10,2 Samuel,22,6,2 Samuel 22:6,6,ܕܡܘܬܐ,,,,Peshitta,PESH
10,2 Samuel,22,7,2 Samuel 22:7,1,ܒܐܘܠܨܢܝ,,,,Peshitta,PESH
10,2 Samuel,22,7,2 Samuel 22:7,2,ܩܪܝܬ,,,,Peshitta,PESH
10,2 Samuel,22,7,2 Samuel 22:7,3,ܠܡܪܝܐ,,,,Peshitta,PESH
10,2 Samuel,22,7,2 Samuel 22:7,4,ܘܠܘܬ,,,,Peshitta,PESH
10,2 Samuel,22,7,2 Samuel 22:7,5,ܐܠܗܝ,,,,Peshitta,PESH
10,2 Samuel,22,7,2 Samuel 22:7,6,ܓܥܝܬ,,,,Peshitta,PESH
10,2 Samuel,22,7,2 Samuel 22:7,7,ܘܫܡܥ,,,,Peshitta,PESH
10,2 Samuel,22,7,2 Samuel 22:7,8,ܩܠܝ,,,,Peshitta,PESH
10,2 Samuel,22,7,2 Samuel 22:7,9,ܡܢ,,,,Peshitta,PESH
10,2 Samuel,22,7,2 Samuel 22:7,10,ܗܝܟܠܗ,,,,Peshitta,PESH
10,2 Samuel,22,7,2 Samuel 22:7,11,ܘܓܥܬܝ,,,,Peshitta,PESH
10,2 Samuel,22,7,2 Samuel 22:7,12,ܩܕܡܘܗܝ,,,,Peshitta,PESH
10,2 Samuel,22,7,2 Samuel 22:7,13,ܥܠܬ,,,,Peshitta,PESH
10,2 Samuel,22,7,2 Samuel 22:7,14,ܒܐ̈ܕܢܘܗܝ,,,,Peshitta,PESH
10,2 Samuel,22,8,2 Samuel 22:8,1,ܐܬܕܠܚܬ,,,,Peshitta,PESH
10,2 Samuel,22,8,2 Samuel 22:8,2,ܘܙܥܬ,,,,Peshitta,PESH
10,2 Samuel,22,8,2 Samuel 22:8,3,ܐܪܥܐ,,,,Peshitta,PESH
10,2 Samuel,22,8,2 Samuel 22:8,4,ܘܫܬ̈ܐܣܐ,,,,Peshitta,PESH
10,2 Samuel,22,8,2 Samuel 22:8,5,ܕܛܘܪ̈ܐ,,,,Peshitta,PESH
10,2 Samuel,22,8,2 Samuel 22:8,6,ܙܥ,,,,Peshitta,PESH
10,2 Samuel,22,8,2 Samuel 22:8,7,ܘܐܬܬܠܚ,,,,Peshitta,PESH
10,2 Samuel,22,8,2 Samuel 22:8,8,ܡܛܠ,,,,Peshitta,PESH
10,2 Samuel,22,8,2 Samuel 22:8,9,ܕܐܬܚܡܬ,,,,Peshitta,PESH
10,2 Samuel,22,8,2 Samuel 22:8,10,ܥܠܝܗܘܢ,,,,Peshitta,PESH
10,2 Samuel,22,9,2 Samuel 22:9,1,ܠܩ,,,,Peshitta,PESH
10,2 Samuel,22,9,2 Samuel 22:9,2,ܬܢܢܐ,,,,Peshitta,PESH
10,2 Samuel,22,9,2 Samuel 22:9,3,ܒܪܘܓܙܗ,,,,Peshitta,PESH
10,2 Samuel,22,9,2 Samuel 22:9,4,ܘܢܘܪܐ,,,,Peshitta,PESH
10,2 Samuel,22,9,2 Samuel 22:9,5,ܡܢ,,,,Peshitta,PESH
10,2 Samuel,22,9,2 Samuel 22:9,6,ܦܪܨܘܦܗ,,,,Peshitta,PESH
10,2 Samuel,22,9,2 Samuel 22:9,7,ܐܬܓܘܙܠܬ,,,,Peshitta,PESH
10,2 Samuel,22,9,2 Samuel 22:9,8,ܘܓܘܡܪ̈ܐ,,,,Peshitta,PESH
10,2 Samuel,22,9,2 Samuel 22:9,9,ܚ̈ܒܢ,,,,Peshitta,PESH
10,2 Samuel,22,9,2 Samuel 22:9,10,ܡܢܗ,,,,Peshitta,PESH
10,2 Samuel,22,10,2 Samuel 22:10,1,ܘܨܠܐ,,,,Peshitta,PESH
10,2 Samuel,22,10,2 Samuel 22:10,2,ܫܡܝܐ,,,,Peshitta,PESH
10,2 Samuel,22,10,2 Samuel 22:10,3,ܘܢܚܬ,,,,Peshitta,PESH
10,2 Samuel,22,10,2 Samuel 22:10,4,ܘܥܪܦܠܐ,,,,Peshitta,PESH
10,2 Samuel,22,10,2 Samuel 22:10,5,ܬܚܝܬ,,,,Peshitta,PESH
10,2 Samuel,22,10,2 Samuel 22:10,6,ܪ̈ܓܠܘܗܝ,,,,Peshitta,PESH
10,2 Samuel,22,11,2 Samuel 22:11,1,ܪܟܒ,,,,Peshitta,PESH
10,2 Samuel,22,11,2 Samuel 22:11,2,ܥܠ,,,,Peshitta,PESH
10,2 Samuel,22,11,2 Samuel 22:11,3,ܟܪ̈ܘܒܐ,,,,Peshitta,PESH
10,2 Samuel,22,11,2 Samuel 22:11,4,ܘܦܪܚ,,,,Peshitta,PESH
10,2 Samuel,22,11,2 Samuel 22:11,5,ܘܛܣ,,,,Peshitta,PESH
10,2 Samuel,22,11,2 Samuel 22:11,6,ܥܠ,,,,Peshitta,PESH
10,2 Samuel,22,11,2 Samuel 22:11,7,ܟܢ̈ܦܐ,,,,Peshitta,PESH
10,2 Samuel,22,11,2 Samuel 22:11,8,ܕܪܘܚܐ,,,,Peshitta,PESH
10,2 Samuel,22,12,2 Samuel 22:12,1,ܘܥܒܕ,,,,Peshitta,PESH
10,2 Samuel,22,12,2 Samuel 22:12,2,ܚܫܘܟܐ,,,,Peshitta,PESH
10,2 Samuel,22,12,2 Samuel 22:12,3,ܠܓܢܝܗ,,,,Peshitta,PESH
10,2 Samuel,22,12,2 Samuel 22:12,4,ܘܟܪܟܗ,,,,Peshitta,PESH
10,2 Samuel,22,12,2 Samuel 22:12,5,ܡܛܠܠܗ,,,,Peshitta,PESH
10,2 Samuel,22,12,2 Samuel 22:12,6,ܚܫܘܟܐ,,,,Peshitta,PESH
10,2 Samuel,22,12,2 Samuel 22:12,7,ܕܡ̈ܝܐ,,,,Peshitta,PESH
10,2 Samuel,22,12,2 Samuel 22:12,8,ܒܥܢ̈ܢܐ,,,,Peshitta,PESH
10,2 Samuel,22,12,2 Samuel 22:12,9,ܕܐܐܪ,,,,Peshitta,PESH
10,2 Samuel,22,13,2 Samuel 22:13,1,ܡܢ,,,,Peshitta,PESH
10,2 Samuel,22,13,2 Samuel 22:13,2,ܙܗܪܐ,,,,Peshitta,PESH
10,2 Samuel,22,13,2 Samuel 22:13,3,ܕܡܛܠܠܗ,,,,Peshitta,PESH
10,2 Samuel,22,13,2 Samuel 22:13,4,ܥܒܕ,,,,Peshitta,PESH
10,2 Samuel,22,13,2 Samuel 22:13,5,ܥܢ̈ܢܘܗܝ,,,,Peshitta,PESH
10,2 Samuel,22,13,2 Samuel 22:13,6,ܒܪܕܐ,,,,Peshitta,PESH
10,2 Samuel,22,13,2 Samuel 22:13,7,ܘܓܘܡܪ̈ܐ,,,,Peshitta,PESH
10,2 Samuel,22,13,2 Samuel 22:13,8,ܕܢܘܪܐ,,,,Peshitta,PESH
10,2 Samuel,22,14,2 Samuel 22:14,1,ܘܪܥܡ,,,,Peshitta,PESH
10,2 Samuel,22,14,2 Samuel 22:14,2,ܒܫܡܝܐ,,,,Peshitta,PESH
10,2 Samuel,22,14,2 Samuel 22:14,3,ܡܪܝܐ,,,,Peshitta,PESH
10,2 Samuel,22,14,2 Samuel 22:14,4,ܘܥܠܝܐ,,,,Peshitta,PESH
10,2 Samuel,22,14,2 Samuel 22:14,5,ܝܗܒ,,,,Peshitta,PESH
10,2 Samuel,22,14,2 Samuel 22:14,6,ܩܠܗ,,,,Peshitta,PESH
10,2 Samuel,22,14,2 Samuel 22:14,7,ܒܪܕܐ,,,,Peshitta,PESH
10,2 Samuel,22,14,2 Samuel 22:14,8,ܘܓܘܡܪ̈ܐ,,,,Peshitta,PESH
10,2 Samuel,22,14,2 Samuel 22:14,9,ܕܢܘܪܐ,,,,Peshitta,PESH
10,2 Samuel,22,15,2 Samuel 22:15,1,ܫܕܪ,,,,Peshitta,PESH
10,2 Samuel,22,15,2 Samuel 22:15,2,ܓܐܪ̈ܘܗܝ,,,,Peshitta,PESH
10,2 Samuel,22,15,2 Samuel 22:15,3,ܘܒܕܪ,,,,Peshitta,PESH
10,2 Samuel,22,15,2 Samuel 22:15,4,ܐܢܘܢ,,,,Peshitta,PESH
10,2 Samuel,22,15,2 Samuel 22:15,5,ܘܒܪ̈ܩܐ,,,,Peshitta,PESH
10,2 Samuel,22,15,2 Samuel 22:15,6,ܐܣܓܝ,,,,Peshitta,PESH
10,2 Samuel,22,15,2 Samuel 22:15,7,ܘܕܠܚ,,,,Peshitta,PESH
10,2 Samuel,22,15,2 Samuel 22:15,8,ܐܢܘܢ,,,,Peshitta,PESH
10,2 Samuel,22,16,2 Samuel 22:16,1,ܘܐܬܚܙܝܘ,,,,Peshitta,PESH
10,2 Samuel,22,16,2 Samuel 22:16,2,ܡܒ̈ܘܥܐ,,,,Peshitta,PESH
10,2 Samuel,22,16,2 Samuel 22:16,3,ܕܡ̈ܝܐ,,,,Peshitta,PESH
10,2 Samuel,22,16,2 Samuel 22:16,4,ܘܐܬܓܠܝ,,,,Peshitta,PESH
10,2 Samuel,22,16,2 Samuel 22:16,5,ܫܬܐ̈ܣܝܗ̇,,,,Peshitta,PESH
10,2 Samuel,22,16,2 Samuel 22:16,6,ܕܬܒܝܠ,,,,Peshitta,PESH
10,2 Samuel,22,16,2 Samuel 22:16,7,ܡܢ,,,,Peshitta,PESH
10,2 Samuel,22,16,2 Samuel 22:16,8,ܟܐܬܟ,,,,Peshitta,PESH
10,2 Samuel,22,16,2 Samuel 22:16,9,ܡܪܝܐ,,,,Peshitta,PESH
10,2 Samuel,22,16,2 Samuel 22:16,10,ܘܡܢ,,,,Peshitta,PESH
10,2 Samuel,22,16,2 Samuel 22:16,11,ܢܫܡܬܐ,,,,Peshitta,PESH
10,2 Samuel,22,16,2 Samuel 22:16,12,ܕܪܘܚܐ,,,,Peshitta,PESH
10,2 Samuel,22,16,2 Samuel 22:16,13,ܕܪܘܓܙܟ,,,,Peshitta,PESH
10,2 Samuel,22,17,2 Samuel 22:17,1,ܫܕܪ,,,,Peshitta,PESH
10,2 Samuel,22,17,2 Samuel 22:17,2,ܡܢ,,,,Peshitta,PESH
10,2 Samuel,22,17,2 Samuel 22:17,3,ܡܪܘܡܐ,,,,Peshitta,PESH
10,2 Samuel,22,17,2 Samuel 22:17,4,ܘܕܒܪܢܝ,,,,Peshitta,PESH
10,2 Samuel,22,17,2 Samuel 22:17,5,ܘܫܠܢܝ,,,,Peshitta,PESH
10,2 Samuel,22,17,2 Samuel 22:17,6,ܡܢ,,,,Peshitta,PESH
10,2 Samuel,22,17,2 Samuel 22:17,7,ܡ̈ܝܐ,,,,Peshitta,PESH
10,2 Samuel,22,17,2 Samuel 22:17,8,ܣܓ̈ܝܐܐ,,,,Peshitta,PESH
10,2 Samuel,22,18,2 Samuel 22:18,1,ܘܦܨܝܢܝ,,,,Peshitta,PESH
10,2 Samuel,22,18,2 Samuel 22:18,2,ܡܢ,,,,Peshitta,PESH
10,2 Samuel,22,18,2 Samuel 22:18,3,ܒ̈ܥܠܕܒܒܝ,,,,Peshitta,PESH
10,2 Samuel,22,18,2 Samuel 22:18,4,ܥܫ̈ܝܢܐ,,,,Peshitta,PESH
10,2 Samuel,22,18,2 Samuel 22:18,5,ܘܡܢ,,,,Peshitta,PESH
10,2 Samuel,22,18,2 Samuel 22:18,6,ܣ̈ܢܐܝ,,,,Peshitta,PESH
10,2 Samuel,22,18,2 Samuel 22:18,7,ܕܥܫܢܘ,,,,Peshitta,PESH
10,2 Samuel,22,18,2 Samuel 22:18,8,ܡܢܝ,,,,Peshitta,PESH
10,2 Samuel,22,19,2 Samuel 22:19,1,ܘܩܕܡܘܢܝ,,,,Peshitta,PESH
10,2 Samuel,22,19,2 Samuel 22:19,2,ܒܝܘܡܐ,,,,Peshitta,PESH
10,2 Samuel,22,19,2 Samuel 22:19,3,ܕܐܘܠܨܢܝ,,,,Peshitta,PESH
10,2 Samuel,22,19,2 Samuel 22:19,4,ܘܗܘܐ,,,,Peshitta,PESH
10,2 Samuel,22,19,2 Samuel 22:19,5,ܠܝ,,,,Peshitta,PESH
10,2 Samuel,22,19,2 Samuel 22:19,6,ܡܪܝܐ,,,,Peshitta,PESH
10,2 Samuel,22,19,2 Samuel 22:19,7,ܡܣܝܥܢܐ,,,,Peshitta,PESH
10,2 Samuel,22,20,2 Samuel 22:20,1,ܘܐܦܩܢܝ,,,,Peshitta,PESH
10,2 Samuel,22,20,2 Samuel 22:20,2,ܠܐܪܘܚܬܐ,,,,Peshitta,PESH
10,2 Samuel,22,20,2 Samuel 22:20,3,ܘܦܨܝܢܝ,,,,Peshitta,PESH
10,2 Samuel,22,20,2 Samuel 22:20,4,ܡܛܠ,,,,Peshitta,PESH
10,2 Samuel,22,20,2 Samuel 22:20,5,ܕܨܒܐ,,,,Peshitta,PESH
10,2 Samuel,22,20,2 Samuel 22:20,6,ܒܝ,,,,Peshitta,PESH
10,2 Samuel,22,21,2 Samuel 22:21,1,ܘܦܪܥܢܝ,,,,Peshitta,PESH
10,2 Samuel,22,21,2 Samuel 22:21,2,ܡܪܝܐ,,,,Peshitta,PESH
10,2 Samuel,22,21,2 Samuel 22:21,3,ܐܝܟ,,,,Peshitta,PESH
10,2 Samuel,22,21,2 Samuel 22:21,4,ܙܕܝܩܘܬܝ,,,,Peshitta,PESH
10,2 Samuel,22,21,2 Samuel 22:21,5,ܘܐܝܟ,,,,Peshitta,PESH
10,2 Samuel,22,21,2 Samuel 22:21,6,ܕܟܝܘܬܐ,,,,Peshitta,PESH
10,2 Samuel,22,21,2 Samuel 22:21,7,ܕܐܝܕܝ,,,,Peshitta,PESH
10,2 Samuel,22,21,2 Samuel 22:21,8,ܦܢܝ,,,,Peshitta,PESH
10,2 Samuel,22,21,2 Samuel 22:21,9,ܠܝ,,,,Peshitta,PESH
10,2 Samuel,22,22,2 Samuel 22:22,1,ܡܛܠ,,,,Peshitta,PESH
10,2 Samuel,22,22,2 Samuel 22:22,2,ܕܢܛܪܬ,,,,Peshitta,PESH
10,2 Samuel,22,22,2 Samuel 22:22,3,ܐܘܪ̈ܚܬܗ,,,,Peshitta,PESH
10,2 Samuel,22,22,2 Samuel 22:22,4,ܕܡܪܝܐ,,,,Peshitta,PESH
10,2 Samuel,22,22,2 Samuel 22:22,5,ܘܠܐ,,,,Peshitta,PESH
10,2 Samuel,22,22,2 Samuel 22:22,6,ܐܬܡܪܕܬ,,,,Peshitta,PESH
10,2 Samuel,22,22,2 Samuel 22:22,7,ܡܢ,,,,Peshitta,PESH
10,2 Samuel,22,22,2 Samuel 22:22,8,ܐܠܗܝ,,,,Peshitta,PESH
10,2 Samuel,22,23,2 Samuel 22:23,1,ܡܛܠ,,,,Peshitta,PESH
10,2 Samuel,22,23,2 Samuel 22:23,2,ܕܟܠܗܘܢ,,,,Peshitta,PESH
10,2 Samuel,22,23,2 Samuel 22:23,3,ܕܝܢ̈ܘܗܝ,,,,Peshitta,PESH
10,2 Samuel,22,23,2 Samuel 22:23,4,ܠܘܩܒܠܝ,,,,Peshitta,PESH
10,2 Samuel,22,23,2 Samuel 22:23,5,ܘܢܡܘܣ̈ܘܗܝ,,,,Peshitta,PESH
10,2 Samuel,22,23,2 Samuel 22:23,6,ܠܐ,,,,Peshitta,PESH
10,2 Samuel,22,23,2 Samuel 22:23,7,ܐܥܒܪܬ,,,,Peshitta,PESH
10,2 Samuel,22,23,2 Samuel 22:23,8,ܡܢܝ,,,,Peshitta,PESH
10,2 Samuel,22,24,2 Samuel 22:24,1,ܘܗܘܝܬ,,,,Peshitta,PESH
10,2 Samuel,22,24,2 Samuel 22:24,2,ܥܡܗ,,,,Peshitta,PESH
10,2 Samuel,22,24,2 Samuel 22:24,3,ܕܠܐ,,,,Peshitta,PESH
10,2 Samuel,22,24,2 Samuel 22:24,4,ܡܘܡ,,,,Peshitta,PESH
10,2 Samuel,22,24,2 Samuel 22:24,5,ܘܐܙܕܗܪܬ,,,,Peshitta,PESH
10,2 Samuel,22,24,2 Samuel 22:24,6,ܡܢ,,,,Peshitta,PESH
10,2 Samuel,22,24,2 Samuel 22:24,7,ܚ̈ܛܗܐ,,,,Peshitta,PESH
10,2 Samuel,22,25,2 Samuel 22:25,1,ܘܦܪܥܢܝ,,,,Peshitta,PESH
10,2 Samuel,22,25,2 Samuel 22:25,2,ܡܪܝܐ,,,,Peshitta,PESH
10,2 Samuel,22,25,2 Samuel 22:25,3,ܐܝܟ,,,,Peshitta,PESH
10,2 Samuel,22,25,2 Samuel 22:25,4,ܙܕܝܩܘܬܝ,,,,Peshitta,PESH
10,2 Samuel,22,25,2 Samuel 22:25,5,ܘܐܝܟ,,,,Peshitta,PESH
10,2 Samuel,22,25,2 Samuel 22:25,6,ܕܟܝܘܬܐ,,,,Peshitta,PESH
10,2 Samuel,22,25,2 Samuel 22:25,7,ܕܐ̈ܝܕܝ,,,,Peshitta,PESH
10,2 Samuel,22,25,2 Samuel 22:25,8,ܠܘܩܒܠ,,,,Peshitta,PESH
10,2 Samuel,22,25,2 Samuel 22:25,9,ܥܝܢ̈ܘܗܝ,,,,Peshitta,PESH
10,2 Samuel,22,26,2 Samuel 22:26,1,ܥܡ,,,,Peshitta,PESH
10,2 Samuel,22,26,2 Samuel 22:26,2,ܛܒܐ,,,,Peshitta,PESH
10,2 Samuel,22,26,2 Samuel 22:26,3,ܬܗܘܐ,,,,Peshitta,PESH
10,2 Samuel,22,26,2 Samuel 22:26,4,ܛܒܐ,,,,Peshitta,PESH
10,2 Samuel,22,26,2 Samuel 22:26,5,ܘܥܡ,,,,Peshitta,PESH
10,2 Samuel,22,26,2 Samuel 22:26,6,ܓܒܪܐ,,,,Peshitta,PESH
10,2 Samuel,22,26,2 Samuel 22:26,7,ܬܡܝܡܐ,,,,Peshitta,PESH
10,2 Samuel,22,26,2 Samuel 22:26,8,ܬܗܘܐ,,,,Peshitta,PESH
10,2 Samuel,22,26,2 Samuel 22:26,9,ܬܡܝܡ,,,,Peshitta,PESH
10,2 Samuel,22,27,2 Samuel 22:27,1,ܘܥܡ,,,,Peshitta,PESH
10,2 Samuel,22,27,2 Samuel 22:27,2,ܓܒܝܐ,,,,Peshitta,PESH
10,2 Samuel,22,27,2 Samuel 22:27,3,ܬܗܘܐ,,,,Peshitta,PESH
10,2 Samuel,22,27,2 Samuel 22:27,4,ܓܒܐ,,,,Peshitta,PESH
10,2 Samuel,22,27,2 Samuel 22:27,5,ܘܥܡ,,,,Peshitta,PESH
10,2 Samuel,22,27,2 Samuel 22:27,6,ܥܩܝܡܐ,,,,Peshitta,PESH
10,2 Samuel,22,27,2 Samuel 22:27,7,ܬܬܥܩܡ,,,,Peshitta,PESH
10,2 Samuel,22,28,2 Samuel 22:28,1,ܡܛܠ,,,,Peshitta,PESH
10,2 Samuel,22,28,2 Samuel 22:28,2,ܕܐܢܬ,,,,Peshitta,PESH
10,2 Samuel,22,28,2 Samuel 22:28,3,ܥܡܐ,,,,Peshitta,PESH
10,2 Samuel,22,28,2 Samuel 22:28,4,ܡܣܟܢܐ,,,,Peshitta,PESH
10,2 Samuel,22,28,2 Samuel 22:28,5,ܬܦܪܘܩ,,,,Peshitta,PESH
10,2 Samuel,22,28,2 Samuel 22:28,6,ܘܥܝ̈ܢܐ,,,,Peshitta,PESH
10,2 Samuel,22,28,2 Samuel 22:28,7,ܪ̈ܡܬܐ,,,,Peshitta,PESH
10,2 Samuel,22,28,2 Samuel 22:28,8,ܬܡܟܟ,,,,Peshitta,PESH
10,2 Samuel,22,29,2 Samuel 22:29,1,ܐܢܬ,,,,Peshitta,PESH
10,2 Samuel,22,29,2 Samuel 22:29,2,ܬܢܗܪ,,,,Peshitta,PESH
10,2 Samuel,22,29,2 Samuel 22:29,3,ܫܪܓܝ,,,,Peshitta,PESH
10,2 Samuel,22,29,2 Samuel 22:29,4,ܡܪܝܐ,,,,Peshitta,PESH
10,2 Samuel,22,29,2 Samuel 22:29,5,ܐܠܗܝ,,,,Peshitta,PESH
10,2 Samuel,22,29,2 Samuel 22:29,6,ܢܢܗܪ,,,,Peshitta,PESH
10,2 Samuel,22,29,2 Samuel 22:29,7,ܚܫܘܟܝ,,,,Peshitta,PESH
10,2 Samuel,22,30,2 Samuel 22:30,1,ܡܛܠ,,,,Peshitta,PESH
10,2 Samuel,22,30,2 Samuel 22:30,2,ܕܒܟ,,,,Peshitta,PESH
10,2 Samuel,22,30,2 Samuel 22:30,3,ܐܪܗܛ,,,,Peshitta,PESH
10,2 Samuel,22,30,2 Samuel 22:30,4,ܥܠ,,,,Peshitta,PESH
10,2 Samuel,22,30,2 Samuel 22:30,5,ܓܝܣܐ,,,,Peshitta,PESH
10,2 Samuel,22,30,2 Samuel 22:30,6,ܘܒܐܠܗܝ,,,,Peshitta,PESH
10,2 Samuel,22,30,2 Samuel 22:30,7,ܐܩܘܙ,,,,Peshitta,PESH
10,2 Samuel,22,30,2 Samuel 22:30,8,ܫܘܪܐ,,,,Peshitta,PESH
10,2 Samuel,22,31,2 Samuel 22:31,1,ܐܠܗܐ,,,,Peshitta,PESH
10,2 Samuel,22,31,2 Samuel 22:31,2,ܕܕܠܐ,,,,Peshitta,PESH
10,2 Samuel,22,31,2 Samuel 22:31,3,ܡܘܡ,,,,Peshitta,PESH
10,2 Samuel,22,31,2 Samuel 22:31,4,ܐܘܪܚܗ,,,,Peshitta,PESH
10,2 Samuel,22,31,2 Samuel 22:31,5,ܡܐܡܪܗ,,,,Peshitta,PESH
10,2 Samuel,22,31,2 Samuel 22:31,6,ܕܡܪܝܐ,,,,Peshitta,PESH
10,2 Samuel,22,31,2 Samuel 22:31,7,ܒܩܐ,,,,Peshitta,PESH
10,2 Samuel,22,31,2 Samuel 22:31,8,ܘܡܥܕܪ,,,,Peshitta,PESH
10,2 Samuel,22,31,2 Samuel 22:31,9,ܠܟܘܠ,,,,Peshitta,PESH
10,2 Samuel,22,31,2 Samuel 22:31,10,ܕܬܟܝܠܝܢ,,,,Peshitta,PESH
10,2 Samuel,22,31,2 Samuel 22:31,11,ܥܠܘܗܝ,,,,Peshitta,PESH
10,2 Samuel,22,32,2 Samuel 22:32,1,ܡܛܠ,,,,Peshitta,PESH
10,2 Samuel,22,32,2 Samuel 22:32,2,ܕܠܝܬ,,,,Peshitta,PESH
10,2 Samuel,22,32,2 Samuel 22:32,3,ܐܠܗܐ,,,,Peshitta,PESH
10,2 Samuel,22,32,2 Samuel 22:32,4,ܠܒܪ,,,,Peshitta,PESH
10,2 Samuel,22,32,2 Samuel 22:32,5,ܡܢ,,,,Peshitta,PESH
10,2 Samuel,22,32,2 Samuel 22:32,6,ܡܪܝܐ,,,,Peshitta,PESH
10,2 Samuel,22,32,2 Samuel 22:32,7,ܘܠܝܬ,,,,Peshitta,PESH
10,2 Samuel,22,32,2 Samuel 22:32,8,ܕܬܩܝܦ,,,,Peshitta,PESH
10,2 Samuel,22,32,2 Samuel 22:32,9,ܐܠܐ,,,,Peshitta,PESH
10,2 Samuel,22,32,2 Samuel 22:32,10,ܐܢ,,,,Peshitta,PESH
10,2 Samuel,22,32,2 Samuel 22:32,11,ܐܠܗܢ,,,,Peshitta,PESH
10,2 Samuel,22,33,2 Samuel 22:33,1,ܐܠܗܐ,,,,Peshitta,PESH
10,2 Samuel,22,33,2 Samuel 22:33,2,ܕܚܙܩܢܝ,,,,Peshitta,PESH
10,2 Samuel,22,33,2 Samuel 22:33,3,ܚܝܠܐ,,,,Peshitta,PESH
10,2 Samuel,22,33,2 Samuel 22:33,4,ܘܝܗܒ,,,,Peshitta,PESH
10,2 Samuel,22,33,2 Samuel 22:33,5,ܕܠܐ,,,,Peshitta,PESH
10,2 Samuel,22,33,2 Samuel 22:33,6,ܡܘܡ,,,,Peshitta,PESH
10,2 Samuel,22,33,2 Samuel 22:33,7,ܐܘܪܚܝ,,,,Peshitta,PESH
10,2 Samuel,22,34,2 Samuel 22:34,1,ܥܒܕ,,,,Peshitta,PESH
10,2 Samuel,22,34,2 Samuel 22:34,2,ܪ̈ܓܠܝ,,,,Peshitta,PESH
10,2 Samuel,22,34,2 Samuel 22:34,3,ܐܝܟ,,,,Peshitta,PESH
10,2 Samuel,22,34,2 Samuel 22:34,4,ܕܐܝܠܐ,,,,Peshitta,PESH
10,2 Samuel,22,34,2 Samuel 22:34,5,ܘܥܠ,,,,Peshitta,PESH
10,2 Samuel,22,34,2 Samuel 22:34,6,ܪܘܡܝ,,,,Peshitta,PESH
10,2 Samuel,22,34,2 Samuel 22:34,7,ܐܩܝܡܢܝ,,,,Peshitta,PESH
10,2 Samuel,22,35,2 Samuel 22:35,1,ܐܠܦ,,,,Peshitta,PESH
10,2 Samuel,22,35,2 Samuel 22:35,2,ܐ̈ܝܕܝ,,,,Peshitta,PESH
10,2 Samuel,22,35,2 Samuel 22:35,3,ܠܩܪܒܐ,,,,Peshitta,PESH
10,2 Samuel,22,35,2 Samuel 22:35,4,ܘܫܪܪ,,,,Peshitta,PESH
10,2 Samuel,22,35,2 Samuel 22:35,5,ܐܝܟ,,,,Peshitta,PESH
10,2 Samuel,22,35,2 Samuel 22:35,6,ܩܫܬܐ,,,,Peshitta,PESH
10,2 Samuel,22,35,2 Samuel 22:35,7,ܕܢܚܫܐ,,,,Peshitta,PESH
10,2 Samuel,22,35,2 Samuel 22:35,8,ܕܪ̈ܥܝ,,,,Peshitta,PESH
10,2 Samuel,22,36,2 Samuel 22:36,1,ܘܝܗܒܬ,,,,Peshitta,PESH
10,2 Samuel,22,36,2 Samuel 22:36,2,ܠܝ,,,,Peshitta,PESH
10,2 Samuel,22,36,2 Samuel 22:36,3,ܣܟܪܐ,,,,Peshitta,PESH
10,2 Samuel,22,36,2 Samuel 22:36,4,ܕܦܘܪܩܢܐ,,,,Peshitta,PESH
10,2 Samuel,22,36,2 Samuel 22:36,5,ܝܡܝܢܟ,,,,Peshitta,PESH
10,2 Samuel,22,36,2 Samuel 22:36,6,ܬܣܝܥܢܝ,,,,Peshitta,PESH
10,2 Samuel,22,36,2 Samuel 22:36,7,ܘܡܘܟܟܟ,,,,Peshitta,PESH
10,2 Samuel,22,36,2 Samuel 22:36,8,ܢܪܒܝܢܝ,,,,Peshitta,PESH
10,2 Samuel,22,37,2 Samuel 22:37,1,ܐܪܘܚܬ,,,,Peshitta,PESH
10,2 Samuel,22,37,2 Samuel 22:37,2,ܦܣܥ̈ܬܝ,,,,Peshitta,PESH
10,2 Samuel,22,37,2 Samuel 22:37,3,ܬܚ̈ܘܬܝ,,,,Peshitta,PESH
10,2 Samuel,22,37,2 Samuel 22:37,4,ܕܠܐ,,,,Peshitta,PESH
10,2 Samuel,22,37,2 Samuel 22:37,5,ܢܙܘܥܘܢ,,,,Peshitta,PESH
10,2 Samuel,22,37,2 Samuel 22:37,6,ܩܘܪ̈ܨܠܝ,,,,Peshitta,PESH
10,2 Samuel,22,38,2 Samuel 22:38,1,ܐܪܕܘܦ,,,,Peshitta,PESH
10,2 Samuel,22,38,2 Samuel 22:38,2,ܒ̈ܥܠܕܒܒܝ,,,,Peshitta,PESH
10,2 Samuel,22,38,2 Samuel 22:38,3,ܘܐܕܪܟ,,,,Peshitta,PESH
10,2 Samuel,22,38,2 Samuel 22:38,4,ܐܢܘܢ,,,,Peshitta,PESH
10,2 Samuel,22,38,2 Samuel 22:38,5,ܘܠܐ,,,,Peshitta,PESH
10,2 Samuel,22,38,2 Samuel 22:38,6,ܐܗܦܘܟ,,,,Peshitta,PESH
10,2 Samuel,22,38,2 Samuel 22:38,7,ܥܕܡܐ,,,,Peshitta,PESH
10,2 Samuel,22,38,2 Samuel 22:38,8,ܕܐܓܡܪ,,,,Peshitta,PESH
10,2 Samuel,22,38,2 Samuel 22:38,9,ܐܢܘܢ,,,,Peshitta,PESH
10,2 Samuel,22,39,2 Samuel 22:39,1,ܐܡܚܐ,,,,Peshitta,PESH
10,2 Samuel,22,39,2 Samuel 22:39,2,ܐܢܘܢ,,,,Peshitta,PESH
10,2 Samuel,22,39,2 Samuel 22:39,3,ܘܠܐ,,,,Peshitta,PESH
10,2 Samuel,22,39,2 Samuel 22:39,4,ܢܫܟܚܘܢ,,,,Peshitta,PESH
10,2 Samuel,22,39,2 Samuel 22:39,5,ܠܡܩܡ,,,,Peshitta,PESH
10,2 Samuel,22,39,2 Samuel 22:39,6,ܘܢܦܠܘܢ,,,,Peshitta,PESH
10,2 Samuel,22,39,2 Samuel 22:39,7,ܬܚܝܬ,,,,Peshitta,PESH
10,2 Samuel,22,39,2 Samuel 22:39,8,ܪ̈ܓܠܝ,,,,Peshitta,PESH
10,2 Samuel,22,40,2 Samuel 22:40,1,ܬܚܙܩܢܝ,,,,Peshitta,PESH
10,2 Samuel,22,40,2 Samuel 22:40,2,ܚܝܠܐ,,,,Peshitta,PESH
10,2 Samuel,22,40,2 Samuel 22:40,3,ܒܩܪܒܐ,,,,Peshitta,PESH
10,2 Samuel,22,40,2 Samuel 22:40,4,ܘܬܒܪܟ,,,,Peshitta,PESH
10,2 Samuel,22,40,2 Samuel 22:40,5,ܠܕܩܝܡܝܢ,,,,Peshitta,PESH
10,2 Samuel,22,40,2 Samuel 22:40,6,ܥܠܝ,,,,Peshitta,PESH
10,2 Samuel,22,40,2 Samuel 22:40,7,ܬܚܘܬܝ,,,,Peshitta,PESH
10,2 Samuel,22,41,2 Samuel 22:41,1,ܘܩܕܠܗܘܢ,,,,Peshitta,PESH
10,2 Samuel,22,41,2 Samuel 22:41,2,ܕܒ̈ܥܠܕܒܒܝ,,,,Peshitta,PESH
10,2 Samuel,22,41,2 Samuel 22:41,3,ܐܦܢܝܬ,,,,Peshitta,PESH
10,2 Samuel,22,41,2 Samuel 22:41,4,ܠܝ,,,,Peshitta,PESH
10,2 Samuel,22,41,2 Samuel 22:41,5,ܘܠܣ̈ܢܐܝ,,,,Peshitta,PESH
10,2 Samuel,22,41,2 Samuel 22:41,6,ܐܫܬܩ,,,,Peshitta,PESH
10,2 Samuel,22,41,2 Samuel 22:41,7,ܐܢܘܢ,,,,Peshitta,PESH
10,2 Samuel,22,42,2 Samuel 22:42,1,ܢܓܥܘܢ,,,,Peshitta,PESH
10,2 Samuel,22,42,2 Samuel 22:42,2,ܠܘܬ,,,,Peshitta,PESH
10,2 Samuel,22,42,2 Samuel 22:42,3,ܡܪܝܐ,,,,Peshitta,PESH
10,2 Samuel,22,42,2 Samuel 22:42,4,ܘܠܐ,,,,Peshitta,PESH
10,2 Samuel,22,42,2 Samuel 22:42,5,ܢܗܘܐ,,,,Peshitta,PESH
10,2 Samuel,22,42,2 Samuel 22:42,6,ܠܗܘܢ,,,,Peshitta,PESH
10,2 Samuel,22,42,2 Samuel 22:42,7,ܦܪܘܩܐ,,,,Peshitta,PESH
10,2 Samuel,22,42,2 Samuel 22:42,8,ܘܢܒܥܘܢ,,,,Peshitta,PESH
10,2 Samuel,22,42,2 Samuel 22:42,9,ܡܢ,,,,Peshitta,PESH
10,2 Samuel,22,42,2 Samuel 22:42,10,ܡܪܝܐ,,,,Peshitta,PESH
10,2 Samuel,22,42,2 Samuel 22:42,11,ܘܠܐ,,,,Peshitta,PESH
10,2 Samuel,22,42,2 Samuel 22:42,12,ܢܥܢܐ,,,,Peshitta,PESH
10,2 Samuel,22,42,2 Samuel 22:42,13,ܐܢܘܢ,,,,Peshitta,PESH
10,2 Samuel,22,43,2 Samuel 22:43,1,ܐܫܚܘܩ,,,,Peshitta,PESH
10,2 Samuel,22,43,2 Samuel 22:43,2,ܐܢܘܢ,,,,Peshitta,PESH
10,2 Samuel,22,43,2 Samuel 22:43,3,ܐܝܟ,,,,Peshitta,PESH
10,2 Samuel,22,43,2 Samuel 22:43,4,ܥܦܪܐ,,,,Peshitta,PESH
10,2 Samuel,22,43,2 Samuel 22:43,5,ܥܠ,,,,Peshitta,PESH
10,2 Samuel,22,43,2 Samuel 22:43,6,ܐ̈ܦܝ,,,,Peshitta,PESH
10,2 Samuel,22,43,2 Samuel 22:43,7,ܪܘܚܐ,,,,Peshitta,PESH
10,2 Samuel,22,43,2 Samuel 22:43,8,ܘܐܝܟ,,,,Peshitta,PESH
10,2 Samuel,22,43,2 Samuel 22:43,9,ܣܝܢܐ,,,,Peshitta,PESH
10,2 Samuel,22,43,2 Samuel 22:43,10,ܕܫ̈ܘܩܐ,,,,Peshitta,PESH
10,2 Samuel,22,43,2 Samuel 22:43,11,ܐܕܘܫ,,,,Peshitta,PESH
10,2 Samuel,22,43,2 Samuel 22:43,12,ܐܢܘܢ,,,,Peshitta,PESH
10,2 Samuel,22,44,2 Samuel 22:44,1,ܬܦܠܛܢܝ,,,,Peshitta,PESH
10,2 Samuel,22,44,2 Samuel 22:44,2,ܡܢ,,,,Peshitta,PESH
10,2 Samuel,22,44,2 Samuel 22:44,3,ܕܝܢܘܗ̈ܝ,,,,Peshitta,PESH
10,2 Samuel,22,44,2 Samuel 22:44,4,ܕܥܡܐ,,,,Peshitta,PESH
10,2 Samuel,22,44,2 Samuel 22:44,5,ܘܬܥܒܕܢܝ,,,,Peshitta,PESH
10,2 Samuel,22,44,2 Samuel 22:44,6,ܪܝܫܐ,,,,Peshitta,PESH
10,2 Samuel,22,44,2 Samuel 22:44,7,ܠܥܡ̈ܡܐ,,,,Peshitta,PESH
10,2 Samuel,22,44,2 Samuel 22:44,8,ܥܡܐ,,,,Peshitta,PESH
10,2 Samuel,22,44,2 Samuel 22:44,9,ܕܠܐ,,,,Peshitta,PESH
10,2 Samuel,22,44,2 Samuel 22:44,10,ܝܕܥܬ,,,,Peshitta,PESH
10,2 Samuel,22,44,2 Samuel 22:44,11,ܢܦܠܚܘܢܢܝ,,,,Peshitta,PESH
10,2 Samuel,22,45,2 Samuel 22:45,1,ܘܡܫܡܥ,,,,Peshitta,PESH
10,2 Samuel,22,45,2 Samuel 22:45,2,ܐܕܢܐ,,,,Peshitta,PESH
10,2 Samuel,22,45,2 Samuel 22:45,3,ܢܫܡܥܘܢܢܝ,,,,Peshitta,PESH
10,2 Samuel,22,45,2 Samuel 22:45,4,ܒܢ̈ܝܐ,,,,Peshitta,PESH
10,2 Samuel,22,45,2 Samuel 22:45,5,ܢܘܟܪ̈ܝܐ,,,,Peshitta,PESH
10,2 Samuel,22,45,2 Samuel 22:45,6,ܢܫܬܥܒܕܘܢ,,,,Peshitta,PESH
10,2 Samuel,22,45,2 Samuel 22:45,7,ܠܝ,,,,Peshitta,PESH
10,2 Samuel,22,46,2 Samuel 22:46,1,ܒܢ̈ܝܐ,,,,Peshitta,PESH
10,2 Samuel,22,46,2 Samuel 22:46,2,ܢܘܟܪ̈ܝܐ,,,,Peshitta,PESH
10,2 Samuel,22,46,2 Samuel 22:46,3,ܢܬܟܠܘܢ,,,,Peshitta,PESH
10,2 Samuel,22,46,2 Samuel 22:46,4,ܘܢܬܚܓܪܘܢ,,,,Peshitta,PESH
10,2 Samuel,22,46,2 Samuel 22:46,5,ܡܢ,,,,Peshitta,PESH
10,2 Samuel,22,46,2 Samuel 22:46,6,ܫܒ̈ܝܠܝܗܘܢ,,,,Peshitta,PESH
10,2 Samuel,22,47,2 Samuel 22:47,1,ܚܝ,,,,Peshitta,PESH
10,2 Samuel,22,47,2 Samuel 22:47,2,ܗܘ,,,,Peshitta,PESH
10,2 Samuel,22,47,2 Samuel 22:47,3,ܐܠܗܐ,,,,Peshitta,PESH
10,2 Samuel,22,47,2 Samuel 22:47,4,ܘܒܪܝܟ,,,,Peshitta,PESH
10,2 Samuel,22,47,2 Samuel 22:47,5,ܗܘ,,,,Peshitta,PESH
10,2 Samuel,22,47,2 Samuel 22:47,6,ܡܚܝܠܢܝ,,,,Peshitta,PESH
10,2 Samuel,22,47,2 Samuel 22:47,7,ܘܐܬܬܪܝܡ,,,,Peshitta,PESH
10,2 Samuel,22,47,2 Samuel 22:47,8,ܐܠܗܐ,,,,Peshitta,PESH
10,2 Samuel,22,47,2 Samuel 22:47,9,ܦܪܘܩܝ,,,,Peshitta,PESH
10,2 Samuel,22,48,2 Samuel 22:48,1,ܐܠܗܐ,,,,Peshitta,PESH
10,2 Samuel,22,48,2 Samuel 22:48,2,ܕܝܗܒ,,,,Peshitta,PESH
10,2 Samuel,22,48,2 Samuel 22:48,3,ܠܝ,,,,Peshitta,PESH
10,2 Samuel,22,48,2 Samuel 22:48,4,ܬܒܥܬܐ,,,,Peshitta,PESH
10,2 Samuel,22,48,2 Samuel 22:48,5,ܘܫܥܒܕ,,,,Peshitta,PESH
10,2 Samuel,22,48,2 Samuel 22:48,6,ܠܥܡ̈ܡܐ,,,,Peshitta,PESH
10,2 Samuel,22,48,2 Samuel 22:48,7,ܬܚ̈ܘܬܝ,,,,Peshitta,PESH
10,2 Samuel,22,49,2 Samuel 22:49,1,ܘܡܦܨܝܢܝ,,,,Peshitta,PESH
10,2 Samuel,22,49,2 Samuel 22:49,2,ܡܢ,,,,Peshitta,PESH
10,2 Samuel,22,49,2 Samuel 22:49,3,ܒ̈ܥܠܕܒܒܝ,,,,Peshitta,PESH
10,2 Samuel,22,49,2 Samuel 22:49,4,ܘܐܦ,,,,Peshitta,PESH
10,2 Samuel,22,49,2 Samuel 22:49,5,ܡܢ,,,,Peshitta,PESH
10,2 Samuel,22,49,2 Samuel 22:49,6,ܐܝܠܝܢ,,,,Peshitta,PESH
10,2 Samuel,22,49,2 Samuel 22:49,7,ܕܩܝܡܝܢ,,,,Peshitta,PESH
10,2 Samuel,22,49,2 Samuel 22:49,8,ܥܠܝ,,,,Peshitta,PESH
10,2 Samuel,22,49,2 Samuel 22:49,9,ܬܪܝܡܢܝ,,,,Peshitta,PESH
10,2 Samuel,22,49,2 Samuel 22:49,10,ܘܡܢ,,,,Peshitta,PESH
10,2 Samuel,22,49,2 Samuel 22:49,11,ܓܒܪ̈ܐ,,,,Peshitta,PESH
10,2 Samuel,22,49,2 Samuel 22:49,12,ܥܘ̈ܠܐ,,,,Peshitta,PESH
10,2 Samuel,22,49,2 Samuel 22:49,13,ܬܦܨܝܢܝ,,,,Peshitta,PESH
10,2 Samuel,22,50,2 Samuel 22:50,1,ܡܛܠ,,,,Peshitta,PESH
10,2 Samuel,22,50,2 Samuel 22:50,2,ܗܢܐ,,,,Peshitta,PESH
10,2 Samuel,22,50,2 Samuel 22:50,3,ܐܘܕܐ,,,,Peshitta,PESH
10,2 Samuel,22,50,2 Samuel 22:50,4,ܠܟ,,,,Peshitta,PESH
10,2 Samuel,22,50,2 Samuel 22:50,5,ܒܝܬ,,,,Peshitta,PESH
10,2 Samuel,22,50,2 Samuel 22:50,6,ܥܡܡ̈ܐ,,,,Peshitta,PESH
10,2 Samuel,22,50,2 Samuel 22:50,7,ܡܪܝ,,,,Peshitta,PESH
10,2 Samuel,22,50,2 Samuel 22:50,8,ܘܠܫܡܟ,,,,Peshitta,PESH
10,2 Samuel,22,50,2 Samuel 22:50,9,ܐܙܡܪ,,,,Peshitta,PESH
10,2 Samuel,22,51,2 Samuel 22:51,1,ܡܘܪܒ,,,,Peshitta,PESH
10,2 Samuel,22,51,2 Samuel 22:51,2,ܦܘܪܩܢܐ,,,,Peshitta,PESH
10,2 Samuel,22,51,2 Samuel 22:51,3,ܕܡܠܟܗ,,,,Peshitta,PESH
10,2 Samuel,22,51,2 Samuel 22:51,4,ܘܥܒܕ,,,,Peshitta,PESH
10,2 Samuel,22,51,2 Samuel 22:51,5,ܛܝܒܘܬܐ,,,,Peshitta,PESH
10,2 Samuel,22,51,2 Samuel 22:51,6,ܠܡܫܝܚܗ,,,,Peshitta,PESH
10,2 Samuel,22,51,2 Samuel 22:51,7,ܠܕܘܝܕ,,,,Peshitta,PESH
10,2 Samuel,22,51,2 Samuel 22:51,8,ܘܠܙܪܥܗ,,,,Peshitta,PESH
10,2 Samuel,22,51,2 Samuel 22:51,9,ܥܕܡܐ,,,,Peshitta,PESH
10,2 Samuel,22,51,2 Samuel 22:51,10,ܠܥܠܡ,,,,Peshitta,PESH
10,2 Samuel,23,1,2 Samuel 23:1,1,ܗܠܝܢ,,,,Peshitta,PESH
10,2 Samuel,23,1,2 Samuel 23:1,2,ܡ̈ܠܘܗܝ,,,,Peshitta,PESH
10,2 Samuel,23,1,2 Samuel 23:1,3,ܕܕܘܝܕ,,,,Peshitta,PESH
10,2 Samuel,23,1,2 Samuel 23:1,4,ܐܚܪ̈ܝܬܐ,,,,Peshitta,PESH
10,2 Samuel,23,1,2 Samuel 23:1,5,ܐܡܪ,,,,Peshitta,PESH
10,2 Samuel,23,1,2 Samuel 23:1,6,ܕܘܝܕ,,,,Peshitta,PESH
10,2 Samuel,23,1,2 Samuel 23:1,7,ܒܪ,,,,Peshitta,PESH
10,2 Samuel,23,1,2 Samuel 23:1,8,ܐܝܫܝ,,,,Peshitta,PESH
10,2 Samuel,23,1,2 Samuel 23:1,9,ܐܡܪ,,,,Peshitta,PESH
10,2 Samuel,23,1,2 Samuel 23:1,10,ܓܒܪܐ,,,,Peshitta,PESH
10,2 Samuel,23,1,2 Samuel 23:1,11,ܕܐܩܝܡ,,,,Peshitta,PESH
10,2 Samuel,23,1,2 Samuel 23:1,12,ܢܝܪܐ,,,,Peshitta,PESH
10,2 Samuel,23,1,2 Samuel 23:1,13,ܕܡܫܝܚܗ,,,,Peshitta,PESH
10,2 Samuel,23,1,2 Samuel 23:1,14,ܘܐܠܗܗ,,,,Peshitta,PESH
10,2 Samuel,23,1,2 Samuel 23:1,15,ܕܝܥܩܘܒ,,,,Peshitta,PESH
10,2 Samuel,23,1,2 Samuel 23:1,16,ܡܒܣܡ,,,,Peshitta,PESH
10,2 Samuel,23,1,2 Samuel 23:1,17,ܙܡܝܪ̈ܬܗ,,,,Peshitta,PESH
10,2 Samuel,23,1,2 Samuel 23:1,18,ܕܐܝܣܪܝܠ,,,,Peshitta,PESH
10,2 Samuel,23,2,2 Samuel 23:2,1,ܪܘܚܗ,,,,Peshitta,PESH
10,2 Samuel,23,2,2 Samuel 23:2,2,ܕܡܪܝܐ,,,,Peshitta,PESH
10,2 Samuel,23,2,2 Samuel 23:2,3,ܡܠܠܬ,,,,Peshitta,PESH
10,2 Samuel,23,2,2 Samuel 23:2,4,ܒܝ,,,,Peshitta,PESH
10,2 Samuel,23,2,2 Samuel 23:2,5,ܘܡܠܬܗ,,,,Peshitta,PESH
10,2 Samuel,23,2,2 Samuel 23:2,6,ܥܠ,,,,Peshitta,PESH
10,2 Samuel,23,2,2 Samuel 23:2,7,ܠܫܢܝ,,,,Peshitta,PESH
10,2 Samuel,23,3,2 Samuel 23:3,1,ܐܡܪ,,,,Peshitta,PESH
10,2 Samuel,23,3,2 Samuel 23:3,2,ܐܠܗܐ,,,,Peshitta,PESH
10,2 Samuel,23,3,2 Samuel 23:3,3,ܕܐܝܣܪܝܠ,,,,Peshitta,PESH
10,2 Samuel,23,3,2 Samuel 23:3,4,ܘܠܝ,,,,Peshitta,PESH
10,2 Samuel,23,3,2 Samuel 23:3,5,ܐܡܪ,,,,Peshitta,PESH
10,2 Samuel,23,3,2 Samuel 23:3,6,ܬܩܝܦܐ,,,,Peshitta,PESH
10,2 Samuel,23,3,2 Samuel 23:3,7,ܕܐܝܣܪܝܠ,,,,Peshitta,PESH
10,2 Samuel,23,3,2 Samuel 23:3,8,ܕܫܠܝܛ,,,,Peshitta,PESH
10,2 Samuel,23,3,2 Samuel 23:3,9,ܒܐܢܫܐ,,,,Peshitta,PESH
10,2 Samuel,23,3,2 Samuel 23:3,10,ܙܕܝܩ̈ܐ,,,,Peshitta,PESH
10,2 Samuel,23,3,2 Samuel 23:3,11,ܕܫܠܝܛ,,,,Peshitta,PESH
10,2 Samuel,23,3,2 Samuel 23:3,12,ܒܕܚ̈ܠܐ,,,,Peshitta,PESH
10,2 Samuel,23,3,2 Samuel 23:3,13,ܕܐܠܗܐ,,,,Peshitta,PESH
10,2 Samuel,23,4,2 Samuel 23:4,1,ܐܝܟ,,,,Peshitta,PESH
10,2 Samuel,23,4,2 Samuel 23:4,2,ܢܘܗܪܐ,,,,Peshitta,PESH
10,2 Samuel,23,4,2 Samuel 23:4,3,ܕܨܦܪܐ,,,,Peshitta,PESH
10,2 Samuel,23,4,2 Samuel 23:4,4,ܡܐ,,,,Peshitta,PESH
10,2 Samuel,23,4,2 Samuel 23:4,5,ܕܕܢܚ,,,,Peshitta,PESH
10,2 Samuel,23,4,2 Samuel 23:4,6,ܫܡܫܐ,,,,Peshitta,PESH
10,2 Samuel,23,4,2 Samuel 23:4,7,ܨܦܪܐ,,,,Peshitta,PESH
10,2 Samuel,23,4,2 Samuel 23:4,8,ܕܠܐ,,,,Peshitta,PESH
10,2 Samuel,23,4,2 Samuel 23:4,9,ܥܢ̈ܢܐ,,,,Peshitta,PESH
10,2 Samuel,23,4,2 Samuel 23:4,10,ܡܢ,,,,Peshitta,PESH
10,2 Samuel,23,4,2 Samuel 23:4,11,ܢܘܓܗܐ,,,,Peshitta,PESH
10,2 Samuel,23,4,2 Samuel 23:4,12,ܘܡܢ,,,,Peshitta,PESH
10,2 Samuel,23,4,2 Samuel 23:4,13,ܡܛܪܐ,,,,Peshitta,PESH
10,2 Samuel,23,4,2 Samuel 23:4,14,ܕܡܫܘܚ,,,,Peshitta,PESH
10,2 Samuel,23,4,2 Samuel 23:4,15,ܐܪܥܐ,,,,Peshitta,PESH
10,2 Samuel,23,5,2 Samuel 23:5,1,ܠܐ,,,,Peshitta,PESH
10,2 Samuel,23,5,2 Samuel 23:5,2,ܗܘܐ,,,,Peshitta,PESH
10,2 Samuel,23,5,2 Samuel 23:5,3,ܗܟܢܐ,,,,Peshitta,PESH
10,2 Samuel,23,5,2 Samuel 23:5,4,ܒܝܬܝ,,,,Peshitta,PESH
10,2 Samuel,23,5,2 Samuel 23:5,5,ܥܡ,,,,Peshitta,PESH
10,2 Samuel,23,5,2 Samuel 23:5,6,ܐܠܗܐ,,,,Peshitta,PESH
10,2 Samuel,23,5,2 Samuel 23:5,7,ܘܩܝܡܐ,,,,Peshitta,PESH
10,2 Samuel,23,5,2 Samuel 23:5,8,ܕܥܠܡܐ,,,,Peshitta,PESH
10,2 Samuel,23,5,2 Samuel 23:5,9,ܣܡ,,,,Peshitta,PESH
10,2 Samuel,23,5,2 Samuel 23:5,10,ܠܝ,,,,Peshitta,PESH
10,2 Samuel,23,5,2 Samuel 23:5,11,ܘܡܛܝܒ,,,,Peshitta,PESH
10,2 Samuel,23,5,2 Samuel 23:5,12,ܟܠ,,,,Peshitta,PESH
10,2 Samuel,23,5,2 Samuel 23:5,13,ܡܕܡ,,,,Peshitta,PESH
10,2 Samuel,23,5,2 Samuel 23:5,14,ܘܢܛܝܪ,,,,Peshitta,PESH
10,2 Samuel,23,5,2 Samuel 23:5,15,ܡܛܠ,,,,Peshitta,PESH
10,2 Samuel,23,5,2 Samuel 23:5,16,ܕܟܠܗ,,,,Peshitta,PESH
10,2 Samuel,23,5,2 Samuel 23:5,17,ܨܒܝܢܝ,,,,Peshitta,PESH
10,2 Samuel,23,5,2 Samuel 23:5,18,ܘܟܠܗ,,,,Peshitta,PESH
10,2 Samuel,23,5,2 Samuel 23:5,19,ܦܘܩܕܢܝ,,,,Peshitta,PESH
10,2 Samuel,23,5,2 Samuel 23:5,20,ܗܘܝܘ,,,,Peshitta,PESH
10,2 Samuel,23,5,2 Samuel 23:5,21,ܡܫܠܡ,,,,Peshitta,PESH
10,2 Samuel,23,6,2 Samuel 23:6,1,ܘܥܘ̈ܠܐ,,,,Peshitta,PESH
10,2 Samuel,23,6,2 Samuel 23:6,2,ܐܝܟ,,,,Peshitta,PESH
10,2 Samuel,23,6,2 Samuel 23:6,3,ܟܘܒ̈ܐ,,,,Peshitta,PESH
10,2 Samuel,23,6,2 Samuel 23:6,4,ܩܫ̈ܝܐ,,,,Peshitta,PESH
10,2 Samuel,23,6,2 Samuel 23:6,5,ܟܠܗܘܢ,,,,Peshitta,PESH
10,2 Samuel,23,6,2 Samuel 23:6,6,ܡܛܠ,,,,Peshitta,PESH
10,2 Samuel,23,6,2 Samuel 23:6,7,ܕܠܐ,,,,Peshitta,PESH
10,2 Samuel,23,6,2 Samuel 23:6,8,ܗܘܐ,,,,Peshitta,PESH
10,2 Samuel,23,6,2 Samuel 23:6,9,ܒܐܝܕܐ,,,,Peshitta,PESH
10,2 Samuel,23,6,2 Samuel 23:6,10,ܡܬܢܣܒܝܢ,,,,Peshitta,PESH
10,2 Samuel,23,6,2 Samuel 23:6,11,ܟܘܠܗܘܢ,,,,Peshitta,PESH
10,2 Samuel,23,7,2 Samuel 23:7,1,ܘܓܒܪܐ,,,,Peshitta,PESH
10,2 Samuel,23,7,2 Samuel 23:7,2,ܡܐ,,,,Peshitta,PESH
10,2 Samuel,23,7,2 Samuel 23:7,3,ܕܩܪܒ,,,,Peshitta,PESH
10,2 Samuel,23,7,2 Samuel 23:7,4,ܠܗܘܢ,,,,Peshitta,PESH
10,2 Samuel,23,7,2 Samuel 23:7,5,ܒܫܘܝܐ,,,,Peshitta,PESH
10,2 Samuel,23,7,2 Samuel 23:7,6,ܗܘ,,,,Peshitta,PESH
10,2 Samuel,23,7,2 Samuel 23:7,7,ܕܢܪܓܐ,,,,Peshitta,PESH
10,2 Samuel,23,7,2 Samuel 23:7,8,ܘܒܦܪܙܠܐ,,,,Peshitta,PESH
10,2 Samuel,23,7,2 Samuel 23:7,9,ܡܟܢܫ,,,,Peshitta,PESH
10,2 Samuel,23,7,2 Samuel 23:7,10,ܠܗܘܢ,,,,Peshitta,PESH
10,2 Samuel,23,7,2 Samuel 23:7,11,ܘܝܩܕܝܢ,,,,Peshitta,PESH
10,2 Samuel,23,7,2 Samuel 23:7,12,ܒܢܘܪܐ,,,,Peshitta,PESH
10,2 Samuel,23,7,2 Samuel 23:7,13,ܠܢܝܚܬܐ,,,,Peshitta,PESH
10,2 Samuel,23,8,2 Samuel 23:8,1,ܘܗܠܝܢ,,,,Peshitta,PESH
10,2 Samuel,23,8,2 Samuel 23:8,2,ܫܡ̈ܗܐ,,,,Peshitta,PESH
10,2 Samuel,23,8,2 Samuel 23:8,3,ܕܓܒܪ̈ܐ,,,,Peshitta,PESH
10,2 Samuel,23,8,2 Samuel 23:8,4,ܕܕܘܝܕ,,,,Peshitta,PESH
10,2 Samuel,23,8,2 Samuel 23:8,5,ܝܬ̇ܒ,,,,Peshitta,PESH
10,2 Samuel,23,8,2 Samuel 23:8,6,ܒܡܘܬܒܐ,,,,Peshitta,PESH
10,2 Samuel,23,8,2 Samuel 23:8,7,ܩܕܡܝܐ,,,,Peshitta,PESH
10,2 Samuel,23,8,2 Samuel 23:8,8,ܒܕܪܓܐ,,,,Peshitta,PESH
10,2 Samuel,23,8,2 Samuel 23:8,9,ܬܠܝܬܝܐ,,,,Peshitta,PESH
10,2 Samuel,23,8,2 Samuel 23:8,10,ܫܡܗ,,,,Peshitta,PESH
10,2 Samuel,23,8,2 Samuel 23:8,11,ܓܕܚܘ,,,,Peshitta,PESH
10,2 Samuel,23,8,2 Samuel 23:8,12,ܓܒܪܐ,,,,Peshitta,PESH
10,2 Samuel,23,8,2 Samuel 23:8,13,ܕܢܚܬ,,,,Peshitta,PESH
10,2 Samuel,23,8,2 Samuel 23:8,14,ܘܩܛܠ,,,,Peshitta,PESH
10,2 Samuel,23,8,2 Samuel 23:8,15,ܬܡܢܡܐܐ,,,,Peshitta,PESH
10,2 Samuel,23,8,2 Samuel 23:8,16,ܩ̈ܛܝܠܝܢ,,,,Peshitta,PESH
10,2 Samuel,23,8,2 Samuel 23:8,17,ܒܫܥܬܐ,,,,Peshitta,PESH
10,2 Samuel,23,8,2 Samuel 23:8,18,ܚܕܐ,,,,Peshitta,PESH
10,2 Samuel,23,9,2 Samuel 23:9,1,ܒܬܪܗ,,,,Peshitta,PESH
10,2 Samuel,23,9,2 Samuel 23:9,2,ܐܠܝܥܙܪ,,,,Peshitta,PESH
10,2 Samuel,23,9,2 Samuel 23:9,3,ܒܪ,,,,Peshitta,PESH
10,2 Samuel,23,9,2 Samuel 23:9,4,ܐܚܘܗܝ,,,,Peshitta,PESH
10,2 Samuel,23,9,2 Samuel 23:9,5,ܕܐܒܘܗܝ,,,,Peshitta,PESH
10,2 Samuel,23,9,2 Samuel 23:9,6,ܟܕ,,,,Peshitta,PESH
10,2 Samuel,23,9,2 Samuel 23:9,7,ܢܚܬ,,,,Peshitta,PESH
10,2 Samuel,23,9,2 Samuel 23:9,8,ܒܬܠܬܐ,,,,Peshitta,PESH
10,2 Samuel,23,9,2 Samuel 23:9,9,ܓܒܪ̈ܝܢ,,,,Peshitta,PESH
10,2 Samuel,23,9,2 Samuel 23:9,10,ܥܡ,,,,Peshitta,PESH
10,2 Samuel,23,9,2 Samuel 23:9,11,ܕܘܝܕ,,,,Peshitta,PESH
10,2 Samuel,23,9,2 Samuel 23:9,12,ܟܕ,,,,Peshitta,PESH
10,2 Samuel,23,9,2 Samuel 23:9,13,ܚܣܕܘ,,,,Peshitta,PESH
10,2 Samuel,23,9,2 Samuel 23:9,14,ܐܢܘܢ,,,,Peshitta,PESH
10,2 Samuel,23,9,2 Samuel 23:9,15,ܦܠܫ̈ܬܝܐ,,,,Peshitta,PESH
10,2 Samuel,23,9,2 Samuel 23:9,16,ܘܐܬܟܢܫܘ,,,,Peshitta,PESH
10,2 Samuel,23,9,2 Samuel 23:9,17,ܬܡܢ,,,,Peshitta,PESH
10,2 Samuel,23,9,2 Samuel 23:9,18,ܠܡܥܒܕ,,,,Peshitta,PESH
10,2 Samuel,23,9,2 Samuel 23:9,19,ܩܪܒܐ,,,,Peshitta,PESH
10,2 Samuel,23,9,2 Samuel 23:9,20,ܘܣܠܩܘ,,,,Peshitta,PESH
10,2 Samuel,23,9,2 Samuel 23:9,21,ܓܒܪ̈ܐ,,,,Peshitta,PESH
10,2 Samuel,23,9,2 Samuel 23:9,22,ܕܐܝܣܪܐܝܠ,,,,Peshitta,PESH
10,2 Samuel,23,10,2 Samuel 23:10,1,ܘܗܘ,,,,Peshitta,PESH
10,2 Samuel,23,10,2 Samuel 23:10,2,ܩܡ,,,,Peshitta,PESH
10,2 Samuel,23,10,2 Samuel 23:10,3,ܘܚܪܒ,,,,Peshitta,PESH
10,2 Samuel,23,10,2 Samuel 23:10,4,ܒ̈ܦܠܫܬܝܐ,,,,Peshitta,PESH
10,2 Samuel,23,10,2 Samuel 23:10,5,ܥܕܡܐ,,,,Peshitta,PESH
10,2 Samuel,23,10,2 Samuel 23:10,6,ܕܠܐܝܬ,,,,Peshitta,PESH
10,2 Samuel,23,10,2 Samuel 23:10,7,ܐܝܕܗ,,,,Peshitta,PESH
10,2 Samuel,23,10,2 Samuel 23:10,8,ܘܕܒܩܬ,,,,Peshitta,PESH
10,2 Samuel,23,10,2 Samuel 23:10,9,ܐܝܕܗ,,,,Peshitta,PESH
10,2 Samuel,23,10,2 Samuel 23:10,10,ܒܐܣܬܩܐ,,,,Peshitta,PESH
10,2 Samuel,23,10,2 Samuel 23:10,11,ܕܣܝܦܗ,,,,Peshitta,PESH
10,2 Samuel,23,10,2 Samuel 23:10,12,ܘܥܒܕ,,,,Peshitta,PESH
10,2 Samuel,23,10,2 Samuel 23:10,13,ܡܪܝܐ,,,,Peshitta,PESH
10,2 Samuel,23,10,2 Samuel 23:10,14,ܦܘܪܩܢܐ,,,,Peshitta,PESH
10,2 Samuel,23,10,2 Samuel 23:10,15,ܒܝܘܡܐ,,,,Peshitta,PESH
10,2 Samuel,23,10,2 Samuel 23:10,16,ܗܘ,,,,Peshitta,PESH
10,2 Samuel,23,10,2 Samuel 23:10,17,ܘܥܡܐ,,,,Peshitta,PESH
10,2 Samuel,23,10,2 Samuel 23:10,18,ܗܦܟ,,,,Peshitta,PESH
10,2 Samuel,23,10,2 Samuel 23:10,19,ܒܬܪܗ,,,,Peshitta,PESH
10,2 Samuel,23,10,2 Samuel 23:10,20,ܠܡܚܠܨܘ,,,,Peshitta,PESH
10,2 Samuel,23,10,2 Samuel 23:10,21,ܩ̈ܛܝܠܐ,,,,Peshitta,PESH
10,2 Samuel,23,11,2 Samuel 23:11,1,ܒܬܪܗ,,,,Peshitta,PESH
10,2 Samuel,23,11,2 Samuel 23:11,2,ܩܡ,,,,Peshitta,PESH
10,2 Samuel,23,11,2 Samuel 23:11,3,ܫܡܐ,,,,Peshitta,PESH
10,2 Samuel,23,11,2 Samuel 23:11,4,ܒܪ,,,,Peshitta,PESH
10,2 Samuel,23,11,2 Samuel 23:11,5,ܐܓܐ,,,,Peshitta,PESH
10,2 Samuel,23,11,2 Samuel 23:11,6,ܡܢ,,,,Peshitta,PESH
10,2 Samuel,23,11,2 Samuel 23:11,7,ܛܘܪ,,,,Peshitta,PESH
10,2 Samuel,23,11,2 Samuel 23:11,8,ܡܠܟܐ,,,,Peshitta,PESH
10,2 Samuel,23,11,2 Samuel 23:11,9,ܟܕ,,,,Peshitta,PESH
10,2 Samuel,23,11,2 Samuel 23:11,10,ܐܬܟܢܫܘ,,,,Peshitta,PESH
10,2 Samuel,23,11,2 Samuel 23:11,11,ܦܠܫܬ̈ܝܐ,,,,Peshitta,PESH
10,2 Samuel,23,11,2 Samuel 23:11,12,ܠܡܒܙ,,,,Peshitta,PESH
10,2 Samuel,23,11,2 Samuel 23:11,13,ܚܝܘܬܐ,,,,Peshitta,PESH
10,2 Samuel,23,11,2 Samuel 23:11,14,ܘܗܘܬ,,,,Peshitta,PESH
10,2 Samuel,23,11,2 Samuel 23:11,15,ܬܡܢ,,,,Peshitta,PESH
10,2 Samuel,23,11,2 Samuel 23:11,16,ܐܫܟܪܐ,,,,Peshitta,PESH
10,2 Samuel,23,11,2 Samuel 23:11,17,ܚܕܐ,,,,Peshitta,PESH
10,2 Samuel,23,11,2 Samuel 23:11,18,ܕܙܪܝܥܐ,,,,Peshitta,PESH
10,2 Samuel,23,11,2 Samuel 23:11,19,ܛܠܦܚ̈ܐ,,,,Peshitta,PESH
10,2 Samuel,23,11,2 Samuel 23:11,20,ܘܥܡܐ,,,,Peshitta,PESH
10,2 Samuel,23,11,2 Samuel 23:11,21,ܥܪܩܘ,,,,Peshitta,PESH
10,2 Samuel,23,11,2 Samuel 23:11,22,ܡܢ,,,,Peshitta,PESH
10,2 Samuel,23,11,2 Samuel 23:11,23,ܩܕܡ,,,,Peshitta,PESH
10,2 Samuel,23,11,2 Samuel 23:11,24,ܦܠܫܬ̈ܝܐ,,,,Peshitta,PESH
10,2 Samuel,23,12,2 Samuel 23:12,1,ܘܩܡ,,,,Peshitta,PESH
10,2 Samuel,23,12,2 Samuel 23:12,2,ܗܘ,,,,Peshitta,PESH
10,2 Samuel,23,12,2 Samuel 23:12,3,ܒܓܘ,,,,Peshitta,PESH
10,2 Samuel,23,12,2 Samuel 23:12,4,ܚܩܠܐ,,,,Peshitta,PESH
10,2 Samuel,23,12,2 Samuel 23:12,5,ܘܦܨܝ,,,,Peshitta,PESH
10,2 Samuel,23,12,2 Samuel 23:12,6,ܚܝܘܬܐ,,,,Peshitta,PESH
10,2 Samuel,23,12,2 Samuel 23:12,7,ܘܚܪܒ,,,,Peshitta,PESH
10,2 Samuel,23,12,2 Samuel 23:12,8,ܠܦܠܫ̈ܬܝܐ,,,,Peshitta,PESH
10,2 Samuel,23,12,2 Samuel 23:12,9,ܘܥܒܕ,,,,Peshitta,PESH
10,2 Samuel,23,12,2 Samuel 23:12,10,ܡܪܝܐ,,,,Peshitta,PESH
10,2 Samuel,23,12,2 Samuel 23:12,11,ܦܘܪܩܢܐ,,,,Peshitta,PESH
10,2 Samuel,23,12,2 Samuel 23:12,12,ܪܒܐ,,,,Peshitta,PESH
10,2 Samuel,23,12,2 Samuel 23:12,13,ܒܐܝܕܗ,,,,Peshitta,PESH
10,2 Samuel,23,13,2 Samuel 23:13,1,ܘܢܚܬܘ,,,,Peshitta,PESH
10,2 Samuel,23,13,2 Samuel 23:13,2,ܬܠܬܐ,,,,Peshitta,PESH
10,2 Samuel,23,13,2 Samuel 23:13,3,ܡܢ,,,,Peshitta,PESH
10,2 Samuel,23,13,2 Samuel 23:13,4,ܓܒܪ̈ܐ,,,,Peshitta,PESH
10,2 Samuel,23,13,2 Samuel 23:13,5,ܘܐܬܘ,,,,Peshitta,PESH
10,2 Samuel,23,13,2 Samuel 23:13,6,ܒܙܒܢܐ,,,,Peshitta,PESH
10,2 Samuel,23,13,2 Samuel 23:13,7,ܕܚܨܕܐ,,,,Peshitta,PESH
10,2 Samuel,23,13,2 Samuel 23:13,8,ܠܘܬ,,,,Peshitta,PESH
10,2 Samuel,23,13,2 Samuel 23:13,9,ܕܘܝܕ,,,,Peshitta,PESH
10,2 Samuel,23,13,2 Samuel 23:13,10,ܠܡܥܪܬܐ,,,,Peshitta,PESH
10,2 Samuel,23,13,2 Samuel 23:13,11,ܕܥܪܠܡ,,,,Peshitta,PESH
10,2 Samuel,23,13,2 Samuel 23:13,12,ܘܚܝܘܬܐ,,,,Peshitta,PESH
10,2 Samuel,23,13,2 Samuel 23:13,13,ܕܦܠܫܬ̈ܝܐ,,,,Peshitta,PESH
10,2 Samuel,23,13,2 Samuel 23:13,14,ܫܪܝܐ,,,,Peshitta,PESH
10,2 Samuel,23,13,2 Samuel 23:13,15,ܗܘܬ,,,,Peshitta,PESH
10,2 Samuel,23,13,2 Samuel 23:13,16,ܒܦܩܥܬܐ,,,,Peshitta,PESH
10,2 Samuel,23,13,2 Samuel 23:13,17,ܕܓܢܒܪ̈ܐ,,,,Peshitta,PESH
10,2 Samuel,23,14,2 Samuel 23:14,1,ܘܕܘܝܕ,,,,Peshitta,PESH
10,2 Samuel,23,14,2 Samuel 23:14,2,ܫܪܐ,,,,Peshitta,PESH
10,2 Samuel,23,14,2 Samuel 23:14,3,ܗܘܐ,,,,Peshitta,PESH
10,2 Samuel,23,14,2 Samuel 23:14,4,ܗܝܕܝܢ,,,,Peshitta,PESH
10,2 Samuel,23,14,2 Samuel 23:14,5,ܒܡܨܪܘܬ,,,,Peshitta,PESH
10,2 Samuel,23,14,2 Samuel 23:14,6,ܘܪ̈ܘܪܒܢܐ,,,,Peshitta,PESH
10,2 Samuel,23,14,2 Samuel 23:14,7,ܕܦܠܫܬ̈ܝܐ,,,,Peshitta,PESH
10,2 Samuel,23,14,2 Samuel 23:14,8,ܫܪܝܢ,,,,Peshitta,PESH
10,2 Samuel,23,14,2 Samuel 23:14,9,ܗܘܘ,,,,Peshitta,PESH
10,2 Samuel,23,14,2 Samuel 23:14,10,ܒܝܬ,,,,Peshitta,PESH
10,2 Samuel,23,14,2 Samuel 23:14,11,ܠܚܡ,,,,Peshitta,PESH
10,2 Samuel,23,15,2 Samuel 23:15,1,ܘܐܬܪܓܪܓ,,,,Peshitta,PESH
10,2 Samuel,23,15,2 Samuel 23:15,2,ܕܘܝܕ,,,,Peshitta,PESH
10,2 Samuel,23,15,2 Samuel 23:15,3,ܘܐܡܪ,,,,Peshitta,PESH
10,2 Samuel,23,15,2 Samuel 23:15,4,ܨܒܐ,,,,Peshitta,PESH
10,2 Samuel,23,15,2 Samuel 23:15,5,ܗܘܝܬ,,,,Peshitta,PESH
10,2 Samuel,23,15,2 Samuel 23:15,6,ܡ̇ܢ,,,,Peshitta,PESH
10,2 Samuel,23,15,2 Samuel 23:15,7,ܕܢܫܩܝܢܝ,,,,Peshitta,PESH
10,2 Samuel,23,15,2 Samuel 23:15,8,ܡ̈ܝܐ,,,,Peshitta,PESH
10,2 Samuel,23,15,2 Samuel 23:15,9,ܡܢ,,,,Peshitta,PESH
10,2 Samuel,23,15,2 Samuel 23:15,10,ܓܘܒܐ,,,,Peshitta,PESH
10,2 Samuel,23,15,2 Samuel 23:15,11,ܪܒܐ,,,,Peshitta,PESH
10,2 Samuel,23,15,2 Samuel 23:15,12,ܕܐܝܬ,,,,Peshitta,PESH
10,2 Samuel,23,15,2 Samuel 23:15,13,ܒܝܬ,,,,Peshitta,PESH
10,2 Samuel,23,15,2 Samuel 23:15,14,ܠܚܡ,,,,Peshitta,PESH
10,2 Samuel,23,15,2 Samuel 23:15,15,ܩܪܝܬܐ,,,,Peshitta,PESH
10,2 Samuel,23,16,2 Samuel 23:16,1,ܘܒܙܥܘ,,,,Peshitta,PESH
10,2 Samuel,23,16,2 Samuel 23:16,2,ܬܠܬܐ,,,,Peshitta,PESH
10,2 Samuel,23,16,2 Samuel 23:16,3,ܓܒܪ̈ܝܢ,,,,Peshitta,PESH
10,2 Samuel,23,16,2 Samuel 23:16,4,ܡܫܪ̈ܝܬܗܘܢ,,,,Peshitta,PESH
10,2 Samuel,23,16,2 Samuel 23:16,5,ܕܦܠܫܬ̈ܝܐ,,,,Peshitta,PESH
10,2 Samuel,23,16,2 Samuel 23:16,6,ܘܡܠܘ,,,,Peshitta,PESH
10,2 Samuel,23,16,2 Samuel 23:16,7,ܡ̈ܝܐ,,,,Peshitta,PESH
10,2 Samuel,23,16,2 Samuel 23:16,8,ܡܢ,,,,Peshitta,PESH
10,2 Samuel,23,16,2 Samuel 23:16,9,ܓܘܒܐ,,,,Peshitta,PESH
10,2 Samuel,23,16,2 Samuel 23:16,10,ܪܒܐ,,,,Peshitta,PESH
10,2 Samuel,23,16,2 Samuel 23:16,11,ܕܐܝܬ,,,,Peshitta,PESH
10,2 Samuel,23,16,2 Samuel 23:16,12,ܒܝܬ,,,,Peshitta,PESH
10,2 Samuel,23,16,2 Samuel 23:16,13,ܠܚܡ,,,,Peshitta,PESH
10,2 Samuel,23,16,2 Samuel 23:16,14,ܩܪܝܬܐ,,,,Peshitta,PESH
10,2 Samuel,23,16,2 Samuel 23:16,15,ܘܫܩܠܘ,,,,Peshitta,PESH
10,2 Samuel,23,16,2 Samuel 23:16,16,ܘܐܝܬܝܘ,,,,Peshitta,PESH
10,2 Samuel,23,16,2 Samuel 23:16,17,ܠܕܘܝܕ,,,,Peshitta,PESH
10,2 Samuel,23,16,2 Samuel 23:16,18,ܘܠܐ,,,,Peshitta,PESH
10,2 Samuel,23,16,2 Samuel 23:16,19,ܨܒܐ,,,,Peshitta,PESH
10,2 Samuel,23,16,2 Samuel 23:16,20,ܠܡܫܬܐ,,,,Peshitta,PESH
10,2 Samuel,23,16,2 Samuel 23:16,21,ܐܢܘܢ,,,,Peshitta,PESH
10,2 Samuel,23,16,2 Samuel 23:16,22,ܘܢܣܟ,,,,Peshitta,PESH
10,2 Samuel,23,16,2 Samuel 23:16,23,ܐܢܘܢ,,,,Peshitta,PESH
10,2 Samuel,23,16,2 Samuel 23:16,24,ܩܕܡ,,,,Peshitta,PESH
10,2 Samuel,23,16,2 Samuel 23:16,25,ܡܪܝܐ,,,,Peshitta,PESH
10,2 Samuel,23,17,2 Samuel 23:17,1,ܘܐܡܪ,,,,Peshitta,PESH
10,2 Samuel,23,17,2 Samuel 23:17,2,ܚܣ,,,,Peshitta,PESH
10,2 Samuel,23,17,2 Samuel 23:17,3,ܠܝ,,,,Peshitta,PESH
10,2 Samuel,23,17,2 Samuel 23:17,4,ܡܢ,,,,Peshitta,PESH
10,2 Samuel,23,17,2 Samuel 23:17,5,ܩܕܡ,,,,Peshitta,PESH
10,2 Samuel,23,17,2 Samuel 23:17,6,ܡܪܝܐ,,,,Peshitta,PESH
10,2 Samuel,23,17,2 Samuel 23:17,7,ܕܐܥܒܕ,,,,Peshitta,PESH
10,2 Samuel,23,17,2 Samuel 23:17,8,ܗܕܐ,,,,Peshitta,PESH
10,2 Samuel,23,17,2 Samuel 23:17,9,ܥܠ,,,,Peshitta,PESH
10,2 Samuel,23,17,2 Samuel 23:17,10,ܕܡܐ,,,,Peshitta,PESH
10,2 Samuel,23,17,2 Samuel 23:17,11,ܕܢܦܫܬ̈ܗܘܢ,,,,Peshitta,PESH
10,2 Samuel,23,17,2 Samuel 23:17,12,ܐܙܠܘ,,,,Peshitta,PESH
10,2 Samuel,23,17,2 Samuel 23:17,13,ܓܒܪ̈ܐ,,,,Peshitta,PESH
10,2 Samuel,23,17,2 Samuel 23:17,14,ܗܠܝܢ,,,,Peshitta,PESH
10,2 Samuel,23,17,2 Samuel 23:17,15,ܘܠܐ,,,,Peshitta,PESH
10,2 Samuel,23,17,2 Samuel 23:17,16,ܨܒܐ,,,,Peshitta,PESH
10,2 Samuel,23,17,2 Samuel 23:17,17,ܕܢܫܬܐ,,,,Peshitta,PESH
10,2 Samuel,23,17,2 Samuel 23:17,18,ܐܢܘܢ,,,,Peshitta,PESH
10,2 Samuel,23,17,2 Samuel 23:17,19,ܗܠܝܢ,,,,Peshitta,PESH
10,2 Samuel,23,17,2 Samuel 23:17,20,ܥܒܕܘ,,,,Peshitta,PESH
10,2 Samuel,23,17,2 Samuel 23:17,21,ܬܠܬܐ,,,,Peshitta,PESH
10,2 Samuel,23,17,2 Samuel 23:17,22,ܓܒܪ̈ܝܢ,,,,Peshitta,PESH
10,2 Samuel,23,18,2 Samuel 23:18,1,ܘܐܒܝܫܝ,,,,Peshitta,PESH
10,2 Samuel,23,18,2 Samuel 23:18,2,ܐܚܘܗܝ,,,,Peshitta,PESH
10,2 Samuel,23,18,2 Samuel 23:18,3,ܕܝܘܐܒ,,,,Peshitta,PESH
10,2 Samuel,23,18,2 Samuel 23:18,4,ܒܪ,,,,Peshitta,PESH
10,2 Samuel,23,18,2 Samuel 23:18,5,ܨܘܪܝܐ,,,,Peshitta,PESH
10,2 Samuel,23,18,2 Samuel 23:18,6,ܗܘ,,,,Peshitta,PESH
10,2 Samuel,23,18,2 Samuel 23:18,7,ܗܘܐ,,,,Peshitta,PESH
10,2 Samuel,23,18,2 Samuel 23:18,8,ܪܝܫܐ,,,,Peshitta,PESH
10,2 Samuel,23,18,2 Samuel 23:18,9,ܕܬܠܬܝܢ,,,,Peshitta,PESH
10,2 Samuel,23,18,2 Samuel 23:18,10,ܓܒܪ̈ܝܢ,,,,Peshitta,PESH
10,2 Samuel,23,18,2 Samuel 23:18,11,ܘܗܘ,,,,Peshitta,PESH
10,2 Samuel,23,18,2 Samuel 23:18,12,ܫܡܛ,,,,Peshitta,PESH
10,2 Samuel,23,18,2 Samuel 23:18,13,ܪܘܡܚܐ,,,,Peshitta,PESH
10,2 Samuel,23,18,2 Samuel 23:18,14,ܥܠ,,,,Peshitta,PESH
10,2 Samuel,23,18,2 Samuel 23:18,15,ܬܠܬܡܐܐ,,,,Peshitta,PESH
10,2 Samuel,23,18,2 Samuel 23:18,16,ܩ̈ܛܝܠܝܢ,,,,Peshitta,PESH
10,2 Samuel,23,19,2 Samuel 23:19,1,ܘܡܢ,,,,Peshitta,PESH
10,2 Samuel,23,19,2 Samuel 23:19,2,ܬܠܬܝܢ,,,,Peshitta,PESH
10,2 Samuel,23,19,2 Samuel 23:19,3,ܡܝܩܪ,,,,Peshitta,PESH
10,2 Samuel,23,19,2 Samuel 23:19,4,ܗܘܐ,,,,Peshitta,PESH
10,2 Samuel,23,19,2 Samuel 23:19,5,ܘܗܘܐ,,,,Peshitta,PESH
10,2 Samuel,23,19,2 Samuel 23:19,6,ܥܠܝܗܘܢ,,,,Peshitta,PESH
10,2 Samuel,23,19,2 Samuel 23:19,7,ܪܝܫܐ,,,,Peshitta,PESH
10,2 Samuel,23,19,2 Samuel 23:19,8,ܘܢܨܚܢܐ,,,,Peshitta,PESH
10,2 Samuel,23,19,2 Samuel 23:19,9,ܐܝܟ,,,,Peshitta,PESH
10,2 Samuel,23,19,2 Samuel 23:19,10,ܬܠܬܝܢ,,,,Peshitta,PESH
10,2 Samuel,23,19,2 Samuel 23:19,11,ܥܒܕ,,,,Peshitta,PESH
10,2 Samuel,23,19,2 Samuel 23:19,12,ܗܘܐ,,,,Peshitta,PESH
10,2 Samuel,23,20,2 Samuel 23:20,1,ܒܢܝܐ,,,,Peshitta,PESH
10,2 Samuel,23,20,2 Samuel 23:20,2,ܒܪ,,,,Peshitta,PESH
10,2 Samuel,23,20,2 Samuel 23:20,3,ܝܘܝܕܥ,,,,Peshitta,PESH
10,2 Samuel,23,20,2 Samuel 23:20,4,ܓܒܪܐ,,,,Peshitta,PESH
10,2 Samuel,23,20,2 Samuel 23:20,5,ܓܢܒܪ,,,,Peshitta,PESH
10,2 Samuel,23,20,2 Samuel 23:20,6,ܚܝܠܐ,,,,Peshitta,PESH
10,2 Samuel,23,20,2 Samuel 23:20,7,ܕܫܦܝܪ̈ܝܢ,,,,Peshitta,PESH
10,2 Samuel,23,20,2 Samuel 23:20,8,ܗܘܘ,,,,Peshitta,PESH
10,2 Samuel,23,20,2 Samuel 23:20,9,ܥܒ̈ܕܘܗܝ,,,,Peshitta,PESH
10,2 Samuel,23,20,2 Samuel 23:20,10,ܡܢ,,,,Peshitta,PESH
10,2 Samuel,23,20,2 Samuel 23:20,11,ܩܒܨܝܠ,,,,Peshitta,PESH
10,2 Samuel,23,20,2 Samuel 23:20,12,ܘܗܘ,,,,Peshitta,PESH
10,2 Samuel,23,20,2 Samuel 23:20,13,ܩܛܠ,,,,Peshitta,PESH
10,2 Samuel,23,20,2 Samuel 23:20,14,ܠܬܪ̈ܝܢ,,,,Peshitta,PESH
10,2 Samuel,23,20,2 Samuel 23:20,15,ܓܢܒܪ̈ܝܢ,,,,Peshitta,PESH
10,2 Samuel,23,20,2 Samuel 23:20,16,ܕܡܘܐ̈ܒܝܐ,,,,Peshitta,PESH
10,2 Samuel,23,20,2 Samuel 23:20,17,ܘܗܘ,,,,Peshitta,PESH
10,2 Samuel,23,20,2 Samuel 23:20,18,ܢܚܬ,,,,Peshitta,PESH
10,2 Samuel,23,20,2 Samuel 23:20,19,ܘܩܛܠ,,,,Peshitta,PESH
10,2 Samuel,23,20,2 Samuel 23:20,20,ܠܐܪܝܐ,,,,Peshitta,PESH
10,2 Samuel,23,20,2 Samuel 23:20,21,ܒܓܘ,,,,Peshitta,PESH
10,2 Samuel,23,20,2 Samuel 23:20,22,ܥܒܐ,,,,Peshitta,PESH
10,2 Samuel,23,20,2 Samuel 23:20,23,ܒܝܘܡܐ,,,,Peshitta,PESH
10,2 Samuel,23,20,2 Samuel 23:20,24,ܕܬܠܓܐ,,,,Peshitta,PESH
10,2 Samuel,23,21,2 Samuel 23:21,1,ܘܗܘ,,,,Peshitta,PESH
10,2 Samuel,23,21,2 Samuel 23:21,2,ܩܛܠ,,,,Peshitta,PESH
10,2 Samuel,23,21,2 Samuel 23:21,3,ܠܓܒܪܐ,,,,Peshitta,PESH
10,2 Samuel,23,21,2 Samuel 23:21,4,ܡܨܪܝܐ,,,,Peshitta,PESH
10,2 Samuel,23,21,2 Samuel 23:21,5,ܠܓܒܪܐ,,,,Peshitta,PESH
10,2 Samuel,23,21,2 Samuel 23:21,6,ܫܦܝܪ,,,,Peshitta,PESH
10,2 Samuel,23,21,2 Samuel 23:21,7,ܚܙܘܐ,,,,Peshitta,PESH
10,2 Samuel,23,21,2 Samuel 23:21,8,ܘܒܐܝܕܗ,,,,Peshitta,PESH
10,2 Samuel,23,21,2 Samuel 23:21,9,ܕܡܨܪܝܐ,,,,Peshitta,PESH
10,2 Samuel,23,21,2 Samuel 23:21,10,ܐܝܬ,,,,Peshitta,PESH
10,2 Samuel,23,21,2 Samuel 23:21,11,ܗܘܬ,,,,Peshitta,PESH
10,2 Samuel,23,21,2 Samuel 23:21,12,ܪܘܡܚܐ,,,,Peshitta,PESH
10,2 Samuel,23,21,2 Samuel 23:21,13,ܘܢܚܬ,,,,Peshitta,PESH
10,2 Samuel,23,21,2 Samuel 23:21,14,ܥܠܘܗܝ,,,,Peshitta,PESH
10,2 Samuel,23,21,2 Samuel 23:21,15,ܗܘ,,,,Peshitta,PESH
10,2 Samuel,23,21,2 Samuel 23:21,16,ܒܚܘܛܪܐ,,,,Peshitta,PESH
10,2 Samuel,23,21,2 Samuel 23:21,17,ܘܢܣܒܗ̇,,,,Peshitta,PESH
10,2 Samuel,23,21,2 Samuel 23:21,18,ܠܪܘܡܚܐ,,,,Peshitta,PESH
10,2 Samuel,23,21,2 Samuel 23:21,19,ܡܢ,,,,Peshitta,PESH
10,2 Samuel,23,21,2 Samuel 23:21,20,ܐܝܕܗ,,,,Peshitta,PESH
10,2 Samuel,23,21,2 Samuel 23:21,21,ܕܡܨܪܝܐ,,,,Peshitta,PESH
10,2 Samuel,23,21,2 Samuel 23:21,22,ܘܩܛܠܗ,,,,Peshitta,PESH
10,2 Samuel,23,21,2 Samuel 23:21,23,ܒܪܘܡܚܗ,,,,Peshitta,PESH
10,2 Samuel,23,22,2 Samuel 23:22,1,ܗܠܝܢ,,,,Peshitta,PESH
10,2 Samuel,23,22,2 Samuel 23:22,2,ܥܒܕ,,,,Peshitta,PESH
10,2 Samuel,23,22,2 Samuel 23:22,3,ܒܢܝܐ,,,,Peshitta,PESH
10,2 Samuel,23,22,2 Samuel 23:22,4,ܒܪ,,,,Peshitta,PESH
10,2 Samuel,23,22,2 Samuel 23:22,5,ܝܘܝܕܥ,,,,Peshitta,PESH
10,2 Samuel,23,22,2 Samuel 23:22,6,ܘܠܗ,,,,Peshitta,PESH
10,2 Samuel,23,22,2 Samuel 23:22,7,ܐܝܬ,,,,Peshitta,PESH
10,2 Samuel,23,22,2 Samuel 23:22,8,ܗܘܐ,,,,Peshitta,PESH
10,2 Samuel,23,22,2 Samuel 23:22,9,ܫܡܐ,,,,Peshitta,PESH
10,2 Samuel,23,22,2 Samuel 23:22,10,ܘܢܨܚܢܐ,,,,Peshitta,PESH
10,2 Samuel,23,22,2 Samuel 23:22,11,ܒܬܠܬܝܢ,,,,Peshitta,PESH
10,2 Samuel,23,22,2 Samuel 23:22,12,ܓܒܪ̈ܝܢ,,,,Peshitta,PESH
10,2 Samuel,23,23,2 Samuel 23:23,1,ܘܢܨܚܢܐ,,,,Peshitta,PESH
10,2 Samuel,23,23,2 Samuel 23:23,2,ܐܝܟ,,,,Peshitta,PESH
10,2 Samuel,23,23,2 Samuel 23:23,3,ܬܠܬܝܢ,,,,Peshitta,PESH
10,2 Samuel,23,23,2 Samuel 23:23,4,ܥܒܕ,,,,Peshitta,PESH
10,2 Samuel,23,23,2 Samuel 23:23,5,ܗܘܐ,,,,Peshitta,PESH
10,2 Samuel,23,23,2 Samuel 23:23,6,ܘܥܒܕܗ,,,,Peshitta,PESH
10,2 Samuel,23,23,2 Samuel 23:23,7,ܕܘܝܕ,,,,Peshitta,PESH
10,2 Samuel,23,23,2 Samuel 23:23,8,ܠܡܦܩ,,,,Peshitta,PESH
10,2 Samuel,23,23,2 Samuel 23:23,9,ܘܠܡܥܠ,,,,Peshitta,PESH
10,2 Samuel,23,24,2 Samuel 23:24,1,ܥܫܐܝܠ,,,,Peshitta,PESH
10,2 Samuel,23,24,2 Samuel 23:24,2,ܐܚܘܗܝ,,,,Peshitta,PESH
10,2 Samuel,23,24,2 Samuel 23:24,3,ܕܝܘܐܒ,,,,Peshitta,PESH
10,2 Samuel,23,24,2 Samuel 23:24,4,ܒܬܠܬܝܢ,,,,Peshitta,PESH
10,2 Samuel,23,24,2 Samuel 23:24,5,ܓܒܪ̈ܝܢ,,,,Peshitta,PESH
10,2 Samuel,23,25,2 Samuel 23:25,1,ܫܡܐ,,,,Peshitta,PESH
10,2 Samuel,23,25,2 Samuel 23:25,2,ܕܡܢ,,,,Peshitta,PESH
10,2 Samuel,23,25,2 Samuel 23:25,3,ܛܘܪ,,,,Peshitta,PESH
10,2 Samuel,23,25,2 Samuel 23:25,4,ܡܠܟܐ,,,,Peshitta,PESH
10,2 Samuel,23,26,2 Samuel 23:26,1,ܚܠܨ,,,,Peshitta,PESH
10,2 Samuel,23,26,2 Samuel 23:26,2,ܕܡܢ,,,,Peshitta,PESH
10,2 Samuel,23,26,2 Samuel 23:26,3,ܦܠܛ,,,,Peshitta,PESH
10,2 Samuel,23,26,2 Samuel 23:26,4,ܥܝܪܐ,,,,Peshitta,PESH
10,2 Samuel,23,26,2 Samuel 23:26,5,ܒܪ,,,,Peshitta,PESH
10,2 Samuel,23,26,2 Samuel 23:26,6,ܥܩܝܣ,,,,Peshitta,PESH
10,2 Samuel,23,26,2 Samuel 23:26,7,ܕܡܢ,,,,Peshitta,PESH
10,2 Samuel,23,26,2 Samuel 23:26,8,ܬܩܘܥ,,,,Peshitta,PESH
10,2 Samuel,23,27,2 Samuel 23:27,1,ܐܒܝܥܙܪ,,,,Peshitta,PESH
10,2 Samuel,23,27,2 Samuel 23:27,2,ܕܡܢ,,,,Peshitta,PESH
10,2 Samuel,23,27,2 Samuel 23:27,3,ܥܢܬܘܬ,,,,Peshitta,PESH
10,2 Samuel,23,27,2 Samuel 23:27,4,ܡܒܢܝ,,,,Peshitta,PESH
10,2 Samuel,23,27,2 Samuel 23:27,5,ܕܡܢ,,,,Peshitta,PESH
10,2 Samuel,23,27,2 Samuel 23:27,6,ܚܘܫܬ,,,,Peshitta,PESH
10,2 Samuel,23,28,2 Samuel 23:28,1,ܨܠܡܘܢ,,,,Peshitta,PESH
10,2 Samuel,23,28,2 Samuel 23:28,2,ܕܡܢ,,,,Peshitta,PESH
10,2 Samuel,23,28,2 Samuel 23:28,3,ܛܘܪ,,,,Peshitta,PESH
10,2 Samuel,23,28,2 Samuel 23:28,4,ܒܝܬܐ,,,,Peshitta,PESH
10,2 Samuel,23,28,2 Samuel 23:28,5,ܡܗܪ,,,,Peshitta,PESH
10,2 Samuel,23,28,2 Samuel 23:28,6,ܕܡܢ,,,,Peshitta,PESH
10,2 Samuel,23,28,2 Samuel 23:28,7,ܛܘܦܬ,,,,Peshitta,PESH
10,2 Samuel,23,29,2 Samuel 23:29,1,ܚܠܒ,,,,Peshitta,PESH
10,2 Samuel,23,29,2 Samuel 23:29,2,ܒܪ,,,,Peshitta,PESH
10,2 Samuel,23,29,2 Samuel 23:29,3,ܒܥܢܐ,,,,Peshitta,PESH
10,2 Samuel,23,29,2 Samuel 23:29,4,ܕܡܢ,,,,Peshitta,PESH
10,2 Samuel,23,29,2 Samuel 23:29,5,ܢܛܘܦܬ,,,,Peshitta,PESH
10,2 Samuel,23,29,2 Samuel 23:29,6,ܐܬܝ,,,,Peshitta,PESH
10,2 Samuel,23,29,2 Samuel 23:29,7,ܒܪ,,,,Peshitta,PESH
10,2 Samuel,23,29,2 Samuel 23:29,8,ܪܒܝ,,,,Peshitta,PESH
10,2 Samuel,23,29,2 Samuel 23:29,9,ܡܢ,,,,Peshitta,PESH
10,2 Samuel,23,29,2 Samuel 23:29,10,ܪܡܬܐ,,,,Peshitta,PESH
10,2 Samuel,23,29,2 Samuel 23:29,11,ܕܒܢܝ̈,,,,Peshitta,PESH
10,2 Samuel,23,29,2 Samuel 23:29,12,ܒܢܝܡܝܢ,,,,Peshitta,PESH
10,2 Samuel,23,30,2 Samuel 23:30,1,ܒܢܝܐ,,,,Peshitta,PESH
10,2 Samuel,23,30,2 Samuel 23:30,2,ܒܪ,,,,Peshitta,PESH
10,2 Samuel,23,30,2 Samuel 23:30,3,ܦܪܥܬܘܢ,,,,Peshitta,PESH
10,2 Samuel,23,30,2 Samuel 23:30,4,ܕܡܢ,,,,Peshitta,PESH
10,2 Samuel,23,30,2 Samuel 23:30,5,ܓܒܥ,,,,Peshitta,PESH
10,2 Samuel,23,30,2 Samuel 23:30,6,ܚܕܝ,,,,Peshitta,PESH
10,2 Samuel,23,30,2 Samuel 23:30,7,ܕܡܢ,,,,Peshitta,PESH
10,2 Samuel,23,30,2 Samuel 23:30,8,ܢܚܝܠܓܫ,,,,Peshitta,PESH
10,2 Samuel,23,31,2 Samuel 23:31,1,ܐܒܝ,,,,Peshitta,PESH
10,2 Samuel,23,31,2 Samuel 23:31,2,ܒܪ,,,,Peshitta,PESH
10,2 Samuel,23,31,2 Samuel 23:31,3,ܐܒܝܥܠܡܘܢ,,,,Peshitta,PESH
10,2 Samuel,23,31,2 Samuel 23:31,4,ܕܡܢ,,,,Peshitta,PESH
10,2 Samuel,23,31,2 Samuel 23:31,5,ܓܠܥܕ,,,,Peshitta,PESH
10,2 Samuel,23,31,2 Samuel 23:31,6,ܥܪܒܘܬ,,,,Peshitta,PESH
10,2 Samuel,23,31,2 Samuel 23:31,7,ܕܡܢ,,,,Peshitta,PESH
10,2 Samuel,23,31,2 Samuel 23:31,8,ܚܘܪܝܡ,,,,Peshitta,PESH
10,2 Samuel,23,32,2 Samuel 23:32,1,ܐܠܚܢܐ,,,,Peshitta,PESH
10,2 Samuel,23,32,2 Samuel 23:32,2,ܕܡܢ,,,,Peshitta,PESH
10,2 Samuel,23,32,2 Samuel 23:32,3,ܫܥܠܒ,,,,Peshitta,PESH
10,2 Samuel,23,32,2 Samuel 23:32,4,ܝܘܢܬܢ,,,,Peshitta,PESH
10,2 Samuel,23,32,2 Samuel 23:32,5,ܕܡܢ,,,,Peshitta,PESH
10,2 Samuel,23,32,2 Samuel 23:32,6,ܒܝܬ,,,,Peshitta,PESH
10,2 Samuel,23,32,2 Samuel 23:32,7,ܢܫܘܪ,,,,Peshitta,PESH
10,2 Samuel,23,33,2 Samuel 23:33,1,ܫܡܐ,,,,Peshitta,PESH
10,2 Samuel,23,33,2 Samuel 23:33,2,ܕܡܢ,,,,Peshitta,PESH
10,2 Samuel,23,33,2 Samuel 23:33,3,ܛܘܪ,,,,Peshitta,PESH
10,2 Samuel,23,33,2 Samuel 23:33,4,ܙܝ̈ܬܐ,,,,Peshitta,PESH
10,2 Samuel,23,33,2 Samuel 23:33,5,ܐܚܝܡ,,,,Peshitta,PESH
10,2 Samuel,23,33,2 Samuel 23:33,6,ܒܪ,,,,Peshitta,PESH
10,2 Samuel,23,33,2 Samuel 23:33,7,ܐܫܕܕ,,,,Peshitta,PESH
10,2 Samuel,23,33,2 Samuel 23:33,8,ܕܡܢ,,,,Peshitta,PESH
10,2 Samuel,23,33,2 Samuel 23:33,9,ܐܕܪܝ,,,,Peshitta,PESH
10,2 Samuel,23,34,2 Samuel 23:34,1,ܐܠܝܦܠܛ,,,,Peshitta,PESH
10,2 Samuel,23,34,2 Samuel 23:34,2,ܒܪ,,,,Peshitta,PESH
10,2 Samuel,23,34,2 Samuel 23:34,3,ܚܘܣܒܝ,,,,Peshitta,PESH
10,2 Samuel,23,34,2 Samuel 23:34,4,ܕܡܢ,,,,Peshitta,PESH
10,2 Samuel,23,34,2 Samuel 23:34,5,ܡܥܟܬ,,,,Peshitta,PESH
10,2 Samuel,23,34,2 Samuel 23:34,6,ܐܠܝܥܡ,,,,Peshitta,PESH
10,2 Samuel,23,34,2 Samuel 23:34,7,ܒܪ,,,,Peshitta,PESH
10,2 Samuel,23,34,2 Samuel 23:34,8,ܐܚܝܬܘܦܝܠ,,,,Peshitta,PESH
10,2 Samuel,23,34,2 Samuel 23:34,9,ܓܠܝܘܢܝܐ,,,,Peshitta,PESH
10,2 Samuel,23,35,2 Samuel 23:35,1,ܚܨܪܝ,,,,Peshitta,PESH
10,2 Samuel,23,35,2 Samuel 23:35,2,ܕܡܢ,,,,Peshitta,PESH
10,2 Samuel,23,35,2 Samuel 23:35,3,ܛܘܪ,,,,Peshitta,PESH
10,2 Samuel,23,35,2 Samuel 23:35,4,ܟܪܡܠܐ,,,,Peshitta,PESH
10,2 Samuel,23,35,2 Samuel 23:35,5,ܥܕܝ,,,,Peshitta,PESH
10,2 Samuel,23,35,2 Samuel 23:35,6,ܕܡܢ,,,,Peshitta,PESH
10,2 Samuel,23,35,2 Samuel 23:35,7,ܐܪܘܒ,,,,Peshitta,PESH
10,2 Samuel,23,36,2 Samuel 23:36,1,ܢܓܐܝܠ,,,,Peshitta,PESH
10,2 Samuel,23,36,2 Samuel 23:36,2,ܒܪ,,,,Peshitta,PESH
10,2 Samuel,23,36,2 Samuel 23:36,3,ܢܬܢ,,,,Peshitta,PESH
10,2 Samuel,23,36,2 Samuel 23:36,4,ܕܡܢ,,,,Peshitta,PESH
10,2 Samuel,23,36,2 Samuel 23:36,5,ܨܒܐ,,,,Peshitta,PESH
10,2 Samuel,23,36,2 Samuel 23:36,6,ܒܥܢܐ,,,,Peshitta,PESH
10,2 Samuel,23,36,2 Samuel 23:36,7,ܕܡܢ,,,,Peshitta,PESH
10,2 Samuel,23,36,2 Samuel 23:36,8,ܓܕ,,,,Peshitta,PESH
10,2 Samuel,23,37,2 Samuel 23:37,1,ܨܠܩ,,,,Peshitta,PESH
10,2 Samuel,23,37,2 Samuel 23:37,2,ܕܡܢ,,,,Peshitta,PESH
10,2 Samuel,23,37,2 Samuel 23:37,3,ܥܡܘܢ,,,,Peshitta,PESH
10,2 Samuel,23,37,2 Samuel 23:37,4,ܢܚܕܝ,,,,Peshitta,PESH
10,2 Samuel,23,37,2 Samuel 23:37,5,ܕܡܢ,,,,Peshitta,PESH
10,2 Samuel,23,37,2 Samuel 23:37,6,ܒܪܘܬܝ,,,,Peshitta,PESH
10,2 Samuel,23,37,2 Samuel 23:37,7,ܫܩ̇ܠ,,,,Peshitta,PESH
10,2 Samuel,23,37,2 Samuel 23:37,8,ܡܐ̈ܢܐ,,,,Peshitta,PESH
10,2 Samuel,23,37,2 Samuel 23:37,9,ܕܙܝܢܗ,,,,Peshitta,PESH
10,2 Samuel,23,37,2 Samuel 23:37,10,ܕܝܘܐܒ,,,,Peshitta,PESH
10,2 Samuel,23,37,2 Samuel 23:37,11,ܒܪ,,,,Peshitta,PESH
10,2 Samuel,23,37,2 Samuel 23:37,12,ܨܘܪܝܐ,,,,Peshitta,PESH
10,2 Samuel,23,38,2 Samuel 23:38,1,ܚܝܪܐ,,,,Peshitta,PESH
10,2 Samuel,23,38,2 Samuel 23:38,2,ܕܡܢ,,,,Peshitta,PESH
10,2 Samuel,23,38,2 Samuel 23:38,3,ܝܬܝܪ,,,,Peshitta,PESH
10,2 Samuel,23,38,2 Samuel 23:38,4,ܥܪܒ,,,,Peshitta,PESH
10,2 Samuel,23,38,2 Samuel 23:38,5,ܕܡܢ,,,,Peshitta,PESH
10,2 Samuel,23,38,2 Samuel 23:38,6,ܠܟܝܫ,,,,Peshitta,PESH
10,2 Samuel,23,39,2 Samuel 23:39,1,ܐܘܪܝܐ,,,,Peshitta,PESH
10,2 Samuel,23,39,2 Samuel 23:39,2,ܚܬܝܐ,,,,Peshitta,PESH
10,2 Samuel,23,39,2 Samuel 23:39,3,ܟܠܗܘܢ,,,,Peshitta,PESH
10,2 Samuel,23,39,2 Samuel 23:39,4,ܥܒ̈ܕܘܗܝ,,,,Peshitta,PESH
10,2 Samuel,23,39,2 Samuel 23:39,5,ܕܕܘܝܕ,,,,Peshitta,PESH
10,2 Samuel,23,39,2 Samuel 23:39,6,ܒܡܢܝܢܐ,,,,Peshitta,PESH
10,2 Samuel,23,39,2 Samuel 23:39,7,ܬܠܬܝܢ,,,,Peshitta,PESH
10,2 Samuel,23,39,2 Samuel 23:39,8,ܘܫܒܥܐ,,,,Peshitta,PESH
10,2 Samuel,24,1,2 Samuel 24:1,1,ܘܐܘܣܦܬ,,,,Peshitta,PESH
10,2 Samuel,24,1,2 Samuel 24:1,2,ܚܡܬܗ,,,,Peshitta,PESH
10,2 Samuel,24,1,2 Samuel 24:1,3,ܕܡܪܝܐ,,,,Peshitta,PESH
10,2 Samuel,24,1,2 Samuel 24:1,4,ܠܡܬܩܦ,,,,Peshitta,PESH
10,2 Samuel,24,1,2 Samuel 24:1,5,ܒܐܝܣܪܝܠ,,,,Peshitta,PESH
10,2 Samuel,24,1,2 Samuel 24:1,6,ܘܓܪܝ,,,,Peshitta,PESH
10,2 Samuel,24,1,2 Samuel 24:1,7,ܒܗܘܢ,,,,Peshitta,PESH
10,2 Samuel,24,1,2 Samuel 24:1,8,ܠܕܘܝܕ,,,,Peshitta,PESH
10,2 Samuel,24,1,2 Samuel 24:1,9,ܘܐܡܪ,,,,Peshitta,PESH
10,2 Samuel,24,1,2 Samuel 24:1,10,ܠܗ,,,,Peshitta,PESH
10,2 Samuel,24,1,2 Samuel 24:1,11,ܙܠ,,,,Peshitta,PESH
10,2 Samuel,24,1,2 Samuel 24:1,12,ܡܢܝ,,,,Peshitta,PESH
10,2 Samuel,24,1,2 Samuel 24:1,13,ܠܐܝܣܪܝܠ,,,,Peshitta,PESH
10,2 Samuel,24,1,2 Samuel 24:1,14,ܘܠܝܗܘܕܐ,,,,Peshitta,PESH
10,2 Samuel,24,2,2 Samuel 24:2,1,ܘܐܡܪ,,,,Peshitta,PESH
10,2 Samuel,24,2,2 Samuel 24:2,2,ܕܘܝܕ,,,,Peshitta,PESH
10,2 Samuel,24,2,2 Samuel 24:2,3,ܠܝܘܐܒ,,,,Peshitta,PESH
10,2 Samuel,24,2,2 Samuel 24:2,4,ܘܠܪ̈ܒܝ,,,,Peshitta,PESH
10,2 Samuel,24,2,2 Samuel 24:2,5,ܚܝ̈ܠܐ,,,,Peshitta,PESH
10,2 Samuel,24,2,2 Samuel 24:2,6,ܕܥܡܗ,,,,Peshitta,PESH
10,2 Samuel,24,2,2 Samuel 24:2,7,ܗܠܟܘ,,,,Peshitta,PESH
10,2 Samuel,24,2,2 Samuel 24:2,8,ܒܟܠܗܘܢ,,,,Peshitta,PESH
10,2 Samuel,24,2,2 Samuel 24:2,9,ܫܒ̈ܛܐ,,,,Peshitta,PESH
10,2 Samuel,24,2,2 Samuel 24:2,10,ܕܐܝܣܪܝܠ,,,,Peshitta,PESH
10,2 Samuel,24,2,2 Samuel 24:2,11,ܡܢ,,,,Peshitta,PESH
10,2 Samuel,24,2,2 Samuel 24:2,12,ܕܢ,,,,Peshitta,PESH
10,2 Samuel,24,2,2 Samuel 24:2,13,ܘܥܕܡܐ,,,,Peshitta,PESH
10,2 Samuel,24,2,2 Samuel 24:2,14,ܠܒܪܫܒܥ,,,,Peshitta,PESH
10,2 Samuel,24,2,2 Samuel 24:2,15,ܘܡܢܝ,,,,Peshitta,PESH
10,2 Samuel,24,2,2 Samuel 24:2,16,ܠܝ,,,,Peshitta,PESH
10,2 Samuel,24,2,2 Samuel 24:2,17,ܥܡܐ,,,,Peshitta,PESH
10,2 Samuel,24,2,2 Samuel 24:2,18,ܘܐܝܬܐ,,,,Peshitta,PESH
10,2 Samuel,24,2,2 Samuel 24:2,19,ܠܝ,,,,Peshitta,PESH
10,2 Samuel,24,2,2 Samuel 24:2,20,ܡܢܝܢܗܘܢ,,,,Peshitta,PESH
10,2 Samuel,24,2,2 Samuel 24:2,21,ܘܚܘܫܒܢܗ,,,,Peshitta,PESH
10,2 Samuel,24,2,2 Samuel 24:2,22,ܕܥܡܐ,,,,Peshitta,PESH
10,2 Samuel,24,3,2 Samuel 24:3,1,ܘܐܡܪ,,,,Peshitta,PESH
10,2 Samuel,24,3,2 Samuel 24:3,2,ܝܘܐܒ,,,,Peshitta,PESH
10,2 Samuel,24,3,2 Samuel 24:3,3,ܠܡܠܟܐ,,,,Peshitta,PESH
10,2 Samuel,24,3,2 Samuel 24:3,4,ܢܘܣܦ,,,,Peshitta,PESH
10,2 Samuel,24,3,2 Samuel 24:3,5,ܡܪܝܐ,,,,Peshitta,PESH
10,2 Samuel,24,3,2 Samuel 24:3,6,ܐܠܗܟ,,,,Peshitta,PESH
10,2 Samuel,24,3,2 Samuel 24:3,7,ܥܠ,,,,Peshitta,PESH
10,2 Samuel,24,3,2 Samuel 24:3,8,ܥܡܐ,,,,Peshitta,PESH
10,2 Samuel,24,3,2 Samuel 24:3,9,ܐܟܘܬܗܘܢ,,,,Peshitta,PESH
10,2 Samuel,24,3,2 Samuel 24:3,10,ܡܐܐ,,,,Peshitta,PESH
10,2 Samuel,24,3,2 Samuel 24:3,11,ܙܒ̈ܢܝܢ,,,,Peshitta,PESH
10,2 Samuel,24,3,2 Samuel 24:3,12,ܘܥܝܢ̈ܘܗܝ,,,,Peshitta,PESH
10,2 Samuel,24,3,2 Samuel 24:3,13,ܕܡܪܝ,,,,Peshitta,PESH
10,2 Samuel,24,3,2 Samuel 24:3,14,ܡܠܟܐ,,,,Peshitta,PESH
10,2 Samuel,24,3,2 Samuel 24:3,15,ܢܚ̈ܙܝܢ,,,,Peshitta,PESH
10,2 Samuel,24,3,2 Samuel 24:3,16,ܘܡܪܝ,,,,Peshitta,PESH
10,2 Samuel,24,3,2 Samuel 24:3,17,ܡܠܟܐ,,,,Peshitta,PESH
10,2 Samuel,24,3,2 Samuel 24:3,18,ܠܡܢܐ,,,,Peshitta,PESH
10,2 Samuel,24,3,2 Samuel 24:3,19,ܗܘ,,,,Peshitta,PESH
10,2 Samuel,24,3,2 Samuel 24:3,20,ܨܒܐ,,,,Peshitta,PESH
10,2 Samuel,24,3,2 Samuel 24:3,21,ܒܦܬܓܡܐ,,,,Peshitta,PESH
10,2 Samuel,24,3,2 Samuel 24:3,22,ܗܢܐ,,,,Peshitta,PESH
10,2 Samuel,24,4,2 Samuel 24:4,1,ܘܥܫܢܬ,,,,Peshitta,PESH
10,2 Samuel,24,4,2 Samuel 24:4,2,ܡܠܬܗ,,,,Peshitta,PESH
10,2 Samuel,24,4,2 Samuel 24:4,3,ܕܡܠܟܐ,,,,Peshitta,PESH
10,2 Samuel,24,4,2 Samuel 24:4,4,ܥܠ,,,,Peshitta,PESH
10,2 Samuel,24,4,2 Samuel 24:4,5,ܝܘܐܒ,,,,Peshitta,PESH
10,2 Samuel,24,4,2 Samuel 24:4,6,ܘܥܠ,,,,Peshitta,PESH
10,2 Samuel,24,4,2 Samuel 24:4,7,ܪ̈ܒܝ,,,,Peshitta,PESH
10,2 Samuel,24,4,2 Samuel 24:4,8,ܚܝ̈ܠܐ,,,,Peshitta,PESH
10,2 Samuel,24,4,2 Samuel 24:4,9,ܘܢܦܩ,,,,Peshitta,PESH
10,2 Samuel,24,4,2 Samuel 24:4,10,ܝܘܐܒ,,,,Peshitta,PESH
10,2 Samuel,24,4,2 Samuel 24:4,11,ܘܪ̈ܘܪܒܢܝ,,,,Peshitta,PESH
10,2 Samuel,24,4,2 Samuel 24:4,12,ܚܝܠܐ,,,,Peshitta,PESH
10,2 Samuel,24,4,2 Samuel 24:4,13,ܡܢ,,,,Peshitta,PESH
10,2 Samuel,24,4,2 Samuel 24:4,14,ܩܕܡ,,,,Peshitta,PESH
10,2 Samuel,24,4,2 Samuel 24:4,15,ܡܠܟܐ,,,,Peshitta,PESH
10,2 Samuel,24,4,2 Samuel 24:4,16,ܠܡܡܢܐ,,,,Peshitta,PESH
10,2 Samuel,24,4,2 Samuel 24:4,17,ܠܥܡܐ,,,,Peshitta,PESH
10,2 Samuel,24,4,2 Samuel 24:4,18,ܕܐܝܣܪܝܠ,,,,Peshitta,PESH
10,2 Samuel,24,5,2 Samuel 24:5,1,ܘܥܒܪܘ,,,,Peshitta,PESH
10,2 Samuel,24,5,2 Samuel 24:5,2,ܝܘܪܕܢܢ,,,,Peshitta,PESH
10,2 Samuel,24,5,2 Samuel 24:5,3,ܘܐܬܘ,,,,Peshitta,PESH
10,2 Samuel,24,5,2 Samuel 24:5,4,ܠܫܪܘܒ,,,,Peshitta,PESH
10,2 Samuel,24,5,2 Samuel 24:5,5,ܕܒܝܡܝܢܐ,,,,Peshitta,PESH
10,2 Samuel,24,5,2 Samuel 24:5,6,ܕܩܪܝܬܐ,,,,Peshitta,PESH
10,2 Samuel,24,5,2 Samuel 24:5,7,ܕܐܝܬ,,,,Peshitta,PESH
10,2 Samuel,24,5,2 Samuel 24:5,8,ܒܓܘ,,,,Peshitta,PESH
10,2 Samuel,24,5,2 Samuel 24:5,9,ܢܚܠܐ,,,,Peshitta,PESH
10,2 Samuel,24,5,2 Samuel 24:5,10,ܕܓܕ,,,,Peshitta,PESH
10,2 Samuel,24,5,2 Samuel 24:5,11,ܘܕܐܠܝܥܙܪ,,,,Peshitta,PESH
10,2 Samuel,24,6,2 Samuel 24:6,1,ܘܐܬܘ,,,,Peshitta,PESH
10,2 Samuel,24,6,2 Samuel 24:6,2,ܥܕܡܐ,,,,Peshitta,PESH
10,2 Samuel,24,6,2 Samuel 24:6,3,ܠܨܘܪ,,,,Peshitta,PESH
10,2 Samuel,24,6,2 Samuel 24:6,4,ܘܠܨܝܕܢ,,,,Peshitta,PESH
10,2 Samuel,24,6,2 Samuel 24:6,5,ܠܐܪܥܐ,,,,Peshitta,PESH
10,2 Samuel,24,6,2 Samuel 24:6,6,ܕܟܢ̈ܥܢܝܐ,,,,Peshitta,PESH
10,2 Samuel,24,6,2 Samuel 24:6,7,ܘܠܐܪܥܐ,,,,Peshitta,PESH
10,2 Samuel,24,6,2 Samuel 24:6,8,ܕܚ̈ܬܝܐ,,,,Peshitta,PESH
10,2 Samuel,24,6,2 Samuel 24:6,9,ܘܠܐܪܥܐ,,,,Peshitta,PESH
10,2 Samuel,24,6,2 Samuel 24:6,10,ܕܝܒ̈ܘܣܝܐ,,,,Peshitta,PESH
10,2 Samuel,24,6,2 Samuel 24:6,11,ܘܗܠܟܘ,,,,Peshitta,PESH
10,2 Samuel,24,6,2 Samuel 24:6,12,ܒܟܘܠܗ̇,,,,Peshitta,PESH
10,2 Samuel,24,6,2 Samuel 24:6,13,ܐܪܥܐ,,,,Peshitta,PESH
10,2 Samuel,24,6,2 Samuel 24:6,14,ܘܐܬܘ,,,,Peshitta,PESH
10,2 Samuel,24,6,2 Samuel 24:6,15,ܠܐܪܥܐ,,,,Peshitta,PESH
10,2 Samuel,24,6,2 Samuel 24:6,16,ܕܝܗܘܕܐ,,,,Peshitta,PESH
10,2 Samuel,24,6,2 Samuel 24:6,17,ܠܬܠܬܝܢ,,,,Peshitta,PESH
10,2 Samuel,24,6,2 Samuel 24:6,18,ܘܬܡܢܝܐ,,,,Peshitta,PESH
10,2 Samuel,24,6,2 Samuel 24:6,19,ܝܘ̣̈ܡܝܢ,,,,Peshitta,PESH
10,2 Samuel,24,6,2 Samuel 24:6,20,ܘܐܬܘ,,,,Peshitta,PESH
10,2 Samuel,24,6,2 Samuel 24:6,21,ܠܕܢ,,,,Peshitta,PESH
10,2 Samuel,24,6,2 Samuel 24:6,22,ܘܐܬܟܪܟܘ,,,,Peshitta,PESH
10,2 Samuel,24,6,2 Samuel 24:6,23,ܠܨܝܕܘܢ,,,,Peshitta,PESH
10,2 Samuel,24,8,2 Samuel 24:8,1,ܘܗܠܟܘ,,,,Peshitta,PESH
10,2 Samuel,24,8,2 Samuel 24:8,2,ܒܟܠܗ̇,,,,Peshitta,PESH
10,2 Samuel,24,8,2 Samuel 24:8,3,ܐܪܥܐ,,,,Peshitta,PESH
10,2 Samuel,24,8,2 Samuel 24:8,4,ܘܐܬܘ,,,,Peshitta,PESH
10,2 Samuel,24,8,2 Samuel 24:8,5,ܠܬܫܥܐ,,,,Peshitta,PESH
10,2 Samuel,24,8,2 Samuel 24:8,6,ܝܪ̈ܚܝܢ,,,,Peshitta,PESH
10,2 Samuel,24,8,2 Samuel 24:8,7,ܘܥܣܪ̈ܝܢ,,,,Peshitta,PESH
10,2 Samuel,24,8,2 Samuel 24:8,8,ܝܘܡ̈ܝܢ,,,,Peshitta,PESH
10,2 Samuel,24,8,2 Samuel 24:8,9,ܠܐܘܪܫܠܡ,,,,Peshitta,PESH
10,2 Samuel,24,9,2 Samuel 24:9,1,ܘܐܝܬܝ,,,,Peshitta,PESH
10,2 Samuel,24,9,2 Samuel 24:9,2,ܝܘܐܒ,,,,Peshitta,PESH
10,2 Samuel,24,9,2 Samuel 24:9,3,ܡܢܝܢܐ,,,,Peshitta,PESH
10,2 Samuel,24,9,2 Samuel 24:9,4,ܘܚܘܫܒܢܐ,,,,Peshitta,PESH
10,2 Samuel,24,9,2 Samuel 24:9,5,ܕܥܡܐ,,,,Peshitta,PESH
10,2 Samuel,24,9,2 Samuel 24:9,6,ܠܡܠܟܐ,,,,Peshitta,PESH
10,2 Samuel,24,9,2 Samuel 24:9,7,ܘܗܘܐ,,,,Peshitta,PESH
10,2 Samuel,24,9,2 Samuel 24:9,8,ܡܢܝܢܐ,,,,Peshitta,PESH
10,2 Samuel,24,9,2 Samuel 24:9,9,ܕܒܝܬ,,,,Peshitta,PESH
10,2 Samuel,24,9,2 Samuel 24:9,10,ܐܝܣܪܝܠ,,,,Peshitta,PESH
10,2 Samuel,24,9,2 Samuel 24:9,11,ܬܡܢܡܐܐ,,,,Peshitta,PESH
10,2 Samuel,24,9,2 Samuel 24:9,12,ܐ̈ܠܦܝܢ,,,,Peshitta,PESH
10,2 Samuel,24,9,2 Samuel 24:9,13,ܓܒܪ̈ܐ,,,,Peshitta,PESH
10,2 Samuel,24,9,2 Samuel 24:9,14,ܓܢܒܪ̈ܝ,,,,Peshitta,PESH
10,2 Samuel,24,9,2 Samuel 24:9,15,ܚܝܠܐ,,,,Peshitta,PESH
10,2 Samuel,24,9,2 Samuel 24:9,16,ܫܡ̈ܛܝ,,,,Peshitta,PESH
10,2 Samuel,24,9,2 Samuel 24:9,17,ܣܝܦܐ,,,,Peshitta,PESH
10,2 Samuel,24,9,2 Samuel 24:9,18,ܘܐܢ̈ܫܝ,,,,Peshitta,PESH
10,2 Samuel,24,9,2 Samuel 24:9,19,ܝܗܘܕܐ,,,,Peshitta,PESH
10,2 Samuel,24,9,2 Samuel 24:9,20,ܗ̈ܘܝܢ,,,,Peshitta,PESH
10,2 Samuel,24,9,2 Samuel 24:9,21,ܚܡܫܡܐܐ,,,,Peshitta,PESH
10,2 Samuel,24,9,2 Samuel 24:9,22,ܐ̈ܠܦܝܢ,,,,Peshitta,PESH
10,2 Samuel,24,9,2 Samuel 24:9,23,ܓܒܪ̈ܝܢ,,,,Peshitta,PESH
10,2 Samuel,24,10,2 Samuel 24:10,1,ܘܗܘܐ,,,,Peshitta,PESH
10,2 Samuel,24,10,2 Samuel 24:10,2,ܕܘܝܕ,,,,Peshitta,PESH
10,2 Samuel,24,10,2 Samuel 24:10,3,ܡܛܪܦ,,,,Peshitta,PESH
10,2 Samuel,24,10,2 Samuel 24:10,4,ܒܠܒܗ,,,,Peshitta,PESH
10,2 Samuel,24,10,2 Samuel 24:10,5,ܡܢ,,,,Peshitta,PESH
10,2 Samuel,24,10,2 Samuel 24:10,6,ܒܬܪ,,,,Peshitta,PESH
10,2 Samuel,24,10,2 Samuel 24:10,7,ܕܡܢܐ,,,,Peshitta,PESH
10,2 Samuel,24,10,2 Samuel 24:10,8,ܠܥܡܐ,,,,Peshitta,PESH
10,2 Samuel,24,10,2 Samuel 24:10,9,ܘܐܡܪ,,,,Peshitta,PESH
10,2 Samuel,24,10,2 Samuel 24:10,10,ܕܘܝܕ,,,,Peshitta,PESH
10,2 Samuel,24,10,2 Samuel 24:10,11,ܩܕܡ,,,,Peshitta,PESH
10,2 Samuel,24,10,2 Samuel 24:10,12,ܡܪܝܐ,,,,Peshitta,PESH
10,2 Samuel,24,10,2 Samuel 24:10,13,ܚܛܝܬ,,,,Peshitta,PESH
10,2 Samuel,24,10,2 Samuel 24:10,14,ܒܡܕܡ,,,,Peshitta,PESH
10,2 Samuel,24,10,2 Samuel 24:10,15,ܕܥܒܕܬ,,,,Peshitta,PESH
10,2 Samuel,24,10,2 Samuel 24:10,16,ܘܐܦ,,,,Peshitta,PESH
10,2 Samuel,24,10,2 Samuel 24:10,17,ܗܫܐ,,,,Peshitta,PESH
10,2 Samuel,24,10,2 Samuel 24:10,18,ܒܥܐ,,,,Peshitta,PESH
10,2 Samuel,24,10,2 Samuel 24:10,19,ܐܢܐ,,,,Peshitta,PESH
10,2 Samuel,24,10,2 Samuel 24:10,20,ܡܢܟ,,,,Peshitta,PESH
10,2 Samuel,24,10,2 Samuel 24:10,21,ܕܐܣܟܠܬ,,,,Peshitta,PESH
10,2 Samuel,24,10,2 Samuel 24:10,22,ܛܒ,,,,Peshitta,PESH
10,2 Samuel,24,11,2 Samuel 24:11,1,ܘܩܕܡ,,,,Peshitta,PESH
10,2 Samuel,24,11,2 Samuel 24:11,2,ܕܘܝܕ,,,,Peshitta,PESH
10,2 Samuel,24,11,2 Samuel 24:11,3,ܒܨܦܪܐ,,,,Peshitta,PESH
10,2 Samuel,24,11,2 Samuel 24:11,4,ܘܡܠܬܗ,,,,Peshitta,PESH
10,2 Samuel,24,11,2 Samuel 24:11,5,ܕܡܪܝܐ,,,,Peshitta,PESH
10,2 Samuel,24,11,2 Samuel 24:11,6,ܗܘܬ,,,,Peshitta,PESH
10,2 Samuel,24,11,2 Samuel 24:11,7,ܥܠ,,,,Peshitta,PESH
10,2 Samuel,24,11,2 Samuel 24:11,8,ܓܕ,,,,Peshitta,PESH
10,2 Samuel,24,11,2 Samuel 24:11,9,ܢܒܝܐ,,,,Peshitta,PESH
10,2 Samuel,24,11,2 Samuel 24:11,10,ܘܐܡܪ,,,,Peshitta,PESH
10,2 Samuel,24,11,2 Samuel 24:11,11,ܠܗ,,,,Peshitta,PESH
10,2 Samuel,24,12,2 Samuel 24:12,1,ܙܠ,,,,Peshitta,PESH
10,2 Samuel,24,12,2 Samuel 24:12,2,ܐܡܪ,,,,Peshitta,PESH
10,2 Samuel,24,12,2 Samuel 24:12,3,ܠܕܘܝܕ,,,,Peshitta,PESH
10,2 Samuel,24,12,2 Samuel 24:12,4,ܗܟܢܐ,,,,Peshitta,PESH
10,2 Samuel,24,12,2 Samuel 24:12,5,ܐܡܪ,,,,Peshitta,PESH
10,2 Samuel,24,12,2 Samuel 24:12,6,ܡܪܝܐ,,,,Peshitta,PESH
10,2 Samuel,24,12,2 Samuel 24:12,7,ܬܠܬ,,,,Peshitta,PESH
10,2 Samuel,24,12,2 Samuel 24:12,8,ܒܝ̈ܫܢ,,,,Peshitta,PESH
10,2 Samuel,24,12,2 Samuel 24:12,9,ܡܝܬܐ,,,,Peshitta,PESH
10,2 Samuel,24,12,2 Samuel 24:12,10,ܐܢܐ,,,,Peshitta,PESH
10,2 Samuel,24,12,2 Samuel 24:12,11,ܥܠܝܟ,,,,Peshitta,PESH
10,2 Samuel,24,12,2 Samuel 24:12,12,ܓܒܝ,,,,Peshitta,PESH
10,2 Samuel,24,12,2 Samuel 24:12,13,ܠܟ,,,,Peshitta,PESH
10,2 Samuel,24,12,2 Samuel 24:12,14,ܘܐܥܒܕ,,,,Peshitta,PESH
10,2 Samuel,24,12,2 Samuel 24:12,15,ܠܟ,,,,Peshitta,PESH
10,2 Samuel,24,13,2 Samuel 24:13,1,ܘܐܬܐ,,,,Peshitta,PESH
10,2 Samuel,24,13,2 Samuel 24:13,2,ܓܕ,,,,Peshitta,PESH
10,2 Samuel,24,13,2 Samuel 24:13,3,ܢܒܝܐ,,,,Peshitta,PESH
10,2 Samuel,24,13,2 Samuel 24:13,4,ܠܘܬ,,,,Peshitta,PESH
10,2 Samuel,24,13,2 Samuel 24:13,5,ܕܘܝܕ,,,,Peshitta,PESH
10,2 Samuel,24,13,2 Samuel 24:13,6,ܘܐܡܪ,,,,Peshitta,PESH
10,2 Samuel,24,13,2 Samuel 24:13,7,ܠܗ,,,,Peshitta,PESH
10,2 Samuel,24,13,2 Samuel 24:13,8,ܡܚܘܬܐ,,,,Peshitta,PESH
10,2 Samuel,24,13,2 Samuel 24:13,9,ܩܕܡܝܬܐ,,,,Peshitta,PESH
10,2 Samuel,24,13,2 Samuel 24:13,10,ܕܐܬܝܐ,,,,Peshitta,PESH
10,2 Samuel,24,13,2 Samuel 24:13,11,ܥܠܝܟ,,,,Peshitta,PESH
10,2 Samuel,24,13,2 Samuel 24:13,12,ܗ̈ܘܝܢ,,,,Peshitta,PESH
10,2 Samuel,24,13,2 Samuel 24:13,13,ܫܒܥ,,,,Peshitta,PESH
10,2 Samuel,24,13,2 Samuel 24:13,14,ܫܢ̈ܝܢ,,,,Peshitta,PESH
10,2 Samuel,24,13,2 Samuel 24:13,15,ܟܦܢܐ,,,,Peshitta,PESH
10,2 Samuel,24,13,2 Samuel 24:13,16,ܒܐܪܥܟ,,,,Peshitta,PESH
10,2 Samuel,24,13,2 Samuel 24:13,17,ܐܘ,,,,Peshitta,PESH
10,2 Samuel,24,13,2 Samuel 24:13,18,ܬܠܬܐ,,,,Peshitta,PESH
10,2 Samuel,24,13,2 Samuel 24:13,19,ܝܪ̈ܚܝܢ,,,,Peshitta,PESH
10,2 Samuel,24,13,2 Samuel 24:13,20,ܬܬܡܣܪ,,,,Peshitta,PESH
10,2 Samuel,24,13,2 Samuel 24:13,21,ܩܕܡ,,,,Peshitta,PESH
10,2 Samuel,24,13,2 Samuel 24:13,22,ܒܥܠܕܒܒܟ,,,,Peshitta,PESH
10,2 Samuel,24,13,2 Samuel 24:13,23,ܘܗܘ,,,,Peshitta,PESH
10,2 Samuel,24,13,2 Samuel 24:13,24,ܢܗܘܐ,,,,Peshitta,PESH
10,2 Samuel,24,13,2 Samuel 24:13,25,ܪܕܦ,,,,Peshitta,PESH
10,2 Samuel,24,13,2 Samuel 24:13,26,ܠܟ,,,,Peshitta,PESH
10,2 Samuel,24,13,2 Samuel 24:13,27,ܐܘ,,,,Peshitta,PESH
10,2 Samuel,24,13,2 Samuel 24:13,28,ܕܢܗܘܘܢ,,,,Peshitta,PESH
10,2 Samuel,24,13,2 Samuel 24:13,29,ܬܠܬܐ,,,,Peshitta,PESH
10,2 Samuel,24,13,2 Samuel 24:13,30,ܝܘܡ̈ܝܢ,,,,Peshitta,PESH
10,2 Samuel,24,13,2 Samuel 24:13,31,ܡܘܬܢܐ,,,,Peshitta,PESH
10,2 Samuel,24,13,2 Samuel 24:13,32,ܒܐܪܥܟ,,,,Peshitta,PESH
10,2 Samuel,24,13,2 Samuel 24:13,33,ܘܐܦ,,,,Peshitta,PESH
10,2 Samuel,24,13,2 Samuel 24:13,34,ܗܫܐ,,,,Peshitta,PESH
10,2 Samuel,24,13,2 Samuel 24:13,35,ܚܙܝ,,,,Peshitta,PESH
10,2 Samuel,24,13,2 Samuel 24:13,36,ܡܢܐ,,,,Peshitta,PESH
10,2 Samuel,24,13,2 Samuel 24:13,37,ܦܬܓܡܐ,,,,Peshitta,PESH
10,2 Samuel,24,13,2 Samuel 24:13,38,ܡܬܝܒ,,,,Peshitta,PESH
10,2 Samuel,24,13,2 Samuel 24:13,39,ܐܢܬ,,,,Peshitta,PESH
10,2 Samuel,24,13,2 Samuel 24:13,40,ܠܘܬ,,,,Peshitta,PESH
10,2 Samuel,24,13,2 Samuel 24:13,41,ܡ̇ܢ,,,,Peshitta,PESH
10,2 Samuel,24,13,2 Samuel 24:13,42,ܕܫܕܪܢܝ,,,,Peshitta,PESH
10,2 Samuel,24,13,2 Samuel 24:13,43,ܠܘܬܟ,,,,Peshitta,PESH
10,2 Samuel,24,14,2 Samuel 24:14,1,ܥܢܐ,,,,Peshitta,PESH
10,2 Samuel,24,14,2 Samuel 24:14,2,ܕܘܝܕ,,,,Peshitta,PESH
10,2 Samuel,24,14,2 Samuel 24:14,3,ܘܐܡܪ,,,,Peshitta,PESH
10,2 Samuel,24,14,2 Samuel 24:14,4,ܠܓܕ,,,,Peshitta,PESH
10,2 Samuel,24,14,2 Samuel 24:14,5,ܢܒܝܐ,,,,Peshitta,PESH
10,2 Samuel,24,14,2 Samuel 24:14,6,ܥܩܬ,,,,Peshitta,PESH
10,2 Samuel,24,14,2 Samuel 24:14,7,ܠܝ,,,,Peshitta,PESH
10,2 Samuel,24,14,2 Samuel 24:14,8,ܛܒ,,,,Peshitta,PESH
10,2 Samuel,24,14,2 Samuel 24:14,9,ܦܩܚ,,,,Peshitta,PESH
10,2 Samuel,24,14,2 Samuel 24:14,10,ܠܢ,,,,Peshitta,PESH
10,2 Samuel,24,14,2 Samuel 24:14,11,ܕܢܬܡܣܪ,,,,Peshitta,PESH
10,2 Samuel,24,14,2 Samuel 24:14,12,ܒܐ̈ܝܕܘܗܝ,,,,Peshitta,PESH
10,2 Samuel,24,14,2 Samuel 24:14,13,ܕܡܪܝܐ,,,,Peshitta,PESH
10,2 Samuel,24,14,2 Samuel 24:14,14,ܐܠܗܢ,,,,Peshitta,PESH
10,2 Samuel,24,14,2 Samuel 24:14,15,ܕܣ̈ܓܝܐܝܢ,,,,Peshitta,PESH
10,2 Samuel,24,14,2 Samuel 24:14,16,ܪ̈ܚܡܘܗܝ,,,,Peshitta,PESH
10,2 Samuel,24,14,2 Samuel 24:14,17,ܘܒܐܝܕܐ,,,,Peshitta,PESH
10,2 Samuel,24,14,2 Samuel 24:14,18,ܕܒܢ̈ܝ,,,,Peshitta,PESH
10,2 Samuel,24,14,2 Samuel 24:14,19,ܐܢܫܐ,,,,Peshitta,PESH
10,2 Samuel,24,14,2 Samuel 24:14,20,ܠܐ,,,,Peshitta,PESH
10,2 Samuel,24,14,2 Samuel 24:14,21,ܢܬܡܣܪ,,,,Peshitta,PESH
10,2 Samuel,24,15,2 Samuel 24:15,1,ܘܝܗܒ,,,,Peshitta,PESH
10,2 Samuel,24,15,2 Samuel 24:15,2,ܡܪܝܐ,,,,Peshitta,PESH
10,2 Samuel,24,15,2 Samuel 24:15,3,ܡܘܬܢܐ,,,,Peshitta,PESH
10,2 Samuel,24,15,2 Samuel 24:15,4,ܒܐܝܣܪܝܠ,,,,Peshitta,PESH
10,2 Samuel,24,15,2 Samuel 24:15,5,ܡܢ,,,,Peshitta,PESH
10,2 Samuel,24,15,2 Samuel 24:15,6,ܨܦܪܐ,,,,Peshitta,PESH
10,2 Samuel,24,15,2 Samuel 24:15,7,ܘܥܕܡܐ,,,,Peshitta,PESH
10,2 Samuel,24,15,2 Samuel 24:15,8,ܠܫܬ,,,,Peshitta,PESH
10,2 Samuel,24,15,2 Samuel 24:15,9,ܫ̈ܥܝܢ,,,,Peshitta,PESH
10,2 Samuel,24,15,2 Samuel 24:15,10,ܘܡܝܬܘ,,,,Peshitta,PESH
10,2 Samuel,24,15,2 Samuel 24:15,11,ܡܢ,,,,Peshitta,PESH
10,2 Samuel,24,15,2 Samuel 24:15,12,ܕܢ,,,,Peshitta,PESH
10,2 Samuel,24,15,2 Samuel 24:15,13,ܘܥܕܡܐ,,,,Peshitta,PESH
10,2 Samuel,24,15,2 Samuel 24:15,14,ܠܒܪܫܒܥ,,,,Peshitta,PESH
10,2 Samuel,24,15,2 Samuel 24:15,15,ܫܒ̈ܥܝܢ,,,,Peshitta,PESH
10,2 Samuel,24,15,2 Samuel 24:15,16,ܐ̈ܠܦܝܢ,,,,Peshitta,PESH
10,2 Samuel,24,15,2 Samuel 24:15,17,ܓܒܪ̈ܝܢ,,,,Peshitta,PESH
10,2 Samuel,24,16,2 Samuel 24:16,1,ܘܐܘܫܛ,,,,Peshitta,PESH
10,2 Samuel,24,16,2 Samuel 24:16,2,ܐܝܕܗ,,,,Peshitta,PESH
10,2 Samuel,24,16,2 Samuel 24:16,3,ܡܠܐܟܐ,,,,Peshitta,PESH
10,2 Samuel,24,16,2 Samuel 24:16,4,ܠܐܘܪܫܠܡ,,,,Peshitta,PESH
10,2 Samuel,24,16,2 Samuel 24:16,5,ܠܡܚܒܠܘܬܗ̇,,,,Peshitta,PESH
10,2 Samuel,24,16,2 Samuel 24:16,6,ܘܡܪܝܐ,,,,Peshitta,PESH
10,2 Samuel,24,16,2 Samuel 24:16,7,ܟܠܐ,,,,Peshitta,PESH
10,2 Samuel,24,16,2 Samuel 24:16,8,ܠܡܠܐܟ,,,,Peshitta,PESH
10,2 Samuel,24,16,2 Samuel 24:16,9,ܡܘܬܐ,,,,Peshitta,PESH
10,2 Samuel,24,16,2 Samuel 24:16,10,ܕܗܘܐ,,,,Peshitta,PESH
10,2 Samuel,24,16,2 Samuel 24:16,11,ܚܪܒ,,,,Peshitta,PESH
10,2 Samuel,24,16,2 Samuel 24:16,12,ܠܥܡܐ,,,,Peshitta,PESH
10,2 Samuel,24,16,2 Samuel 24:16,13,ܘܐܡܪ,,,,Peshitta,PESH
10,2 Samuel,24,16,2 Samuel 24:16,14,ܠܗ,,,,Peshitta,PESH
10,2 Samuel,24,16,2 Samuel 24:16,15,ܣܓܝ,,,,Peshitta,PESH
10,2 Samuel,24,16,2 Samuel 24:16,16,ܚܪܒܬ,,,,Peshitta,PESH
10,2 Samuel,24,16,2 Samuel 24:16,17,ܩܦܘܣ,,,,Peshitta,PESH
10,2 Samuel,24,16,2 Samuel 24:16,18,ܐܝܕܟ,,,,Peshitta,PESH
10,2 Samuel,24,16,2 Samuel 24:16,19,ܘܡܠܐܟܗ,,,,Peshitta,PESH
10,2 Samuel,24,16,2 Samuel 24:16,20,ܕܡܪܝܐ,,,,Peshitta,PESH
10,2 Samuel,24,16,2 Samuel 24:16,21,ܩܐܡ,,,,Peshitta,PESH
10,2 Samuel,24,16,2 Samuel 24:16,22,ܗܘܐ,,,,Peshitta,PESH
10,2 Samuel,24,16,2 Samuel 24:16,23,ܠܘܬ,,,,Peshitta,PESH
10,2 Samuel,24,16,2 Samuel 24:16,24,ܐܕܪܗ,,,,Peshitta,PESH
10,2 Samuel,24,16,2 Samuel 24:16,25,ܕܐܪܢ,,,,Peshitta,PESH
10,2 Samuel,24,16,2 Samuel 24:16,26,ܝܒܘܣܝܐ,,,,Peshitta,PESH
10,2 Samuel,24,17,2 Samuel 24:17,1,ܘܐܡܪ,,,,Peshitta,PESH
10,2 Samuel,24,17,2 Samuel 24:17,2,ܕܘܝܕ,,,,Peshitta,PESH
10,2 Samuel,24,17,2 Samuel 24:17,3,ܩܕܡ,,,,Peshitta,PESH
10,2 Samuel,24,17,2 Samuel 24:17,4,ܡܪܝܐ,,,,Peshitta,PESH
10,2 Samuel,24,17,2 Samuel 24:17,5,ܟܕ,,,,Peshitta,PESH
10,2 Samuel,24,17,2 Samuel 24:17,6,ܚܙܐ,,,,Peshitta,PESH
10,2 Samuel,24,17,2 Samuel 24:17,7,ܠܡܠܐܟܐ,,,,Peshitta,PESH
10,2 Samuel,24,17,2 Samuel 24:17,8,ܕܚܪܒ,,,,Peshitta,PESH
10,2 Samuel,24,17,2 Samuel 24:17,9,ܠܥܡܐ,,,,Peshitta,PESH
10,2 Samuel,24,17,2 Samuel 24:17,10,ܥܢܐ,,,,Peshitta,PESH
10,2 Samuel,24,17,2 Samuel 24:17,11,ܘܐܡܪ,,,,Peshitta,PESH
10,2 Samuel,24,17,2 Samuel 24:17,12,ܠܗ,,,,Peshitta,PESH
10,2 Samuel,24,17,2 Samuel 24:17,13,ܠܡܠܐܟܐ,,,,Peshitta,PESH
10,2 Samuel,24,17,2 Samuel 24:17,14,ܗܘ,,,,Peshitta,PESH
10,2 Samuel,24,17,2 Samuel 24:17,15,ܐܢ,,,,Peshitta,PESH
10,2 Samuel,24,17,2 Samuel 24:17,16,ܐܢܐ,,,,Peshitta,PESH
10,2 Samuel,24,17,2 Samuel 24:17,17,ܚܛܝܬ,,,,Peshitta,PESH
10,2 Samuel,24,17,2 Samuel 24:17,18,ܘܐܪܓܙܬ,,,,Peshitta,PESH
10,2 Samuel,24,17,2 Samuel 24:17,19,ܗܠܝܢ,,,,Peshitta,PESH
10,2 Samuel,24,17,2 Samuel 24:17,20,ܥܢܐ,,,,Peshitta,PESH
10,2 Samuel,24,17,2 Samuel 24:17,21,ܬܡܝ̈ܡܬܐ,,,,Peshitta,PESH
10,2 Samuel,24,17,2 Samuel 24:17,22,ܡܢܐ,,,,Peshitta,PESH
10,2 Samuel,24,17,2 Samuel 24:17,23,ܥܒܕ,,,,Peshitta,PESH
10,2 Samuel,24,17,2 Samuel 24:17,24,ܬܗܘܐ,,,,Peshitta,PESH
10,2 Samuel,24,17,2 Samuel 24:17,25,ܠܗ̇,,,,Peshitta,PESH
10,2 Samuel,24,17,2 Samuel 24:17,26,ܐܝܕܟ,,,,Peshitta,PESH
10,2 Samuel,24,17,2 Samuel 24:17,27,ܒܝ,,,,Peshitta,PESH
10,2 Samuel,24,17,2 Samuel 24:17,28,ܘܒܒܝܬ,,,,Peshitta,PESH
10,2 Samuel,24,17,2 Samuel 24:17,29,ܐܒܝ,,,,Peshitta,PESH
10,2 Samuel,24,18,2 Samuel 24:18,1,ܘܐܬܐ,,,,Peshitta,PESH
10,2 Samuel,24,18,2 Samuel 24:18,2,ܓܕ,,,,Peshitta,PESH
10,2 Samuel,24,18,2 Samuel 24:18,3,ܢܒܝܐ,,,,Peshitta,PESH
10,2 Samuel,24,18,2 Samuel 24:18,4,ܠܘܬ,,,,Peshitta,PESH
10,2 Samuel,24,18,2 Samuel 24:18,5,ܕܘܝܕ,,,,Peshitta,PESH
10,2 Samuel,24,18,2 Samuel 24:18,6,ܒܗ,,,,Peshitta,PESH
10,2 Samuel,24,18,2 Samuel 24:18,7,ܒܝܘܡܐ,,,,Peshitta,PESH
10,2 Samuel,24,18,2 Samuel 24:18,8,ܗ̇ܘ,,,,Peshitta,PESH
10,2 Samuel,24,18,2 Samuel 24:18,9,ܘܐܡܪ,,,,Peshitta,PESH
10,2 Samuel,24,18,2 Samuel 24:18,10,ܠܗ,,,,Peshitta,PESH
10,2 Samuel,24,18,2 Samuel 24:18,11,ܣܩ,,,,Peshitta,PESH
10,2 Samuel,24,18,2 Samuel 24:18,12,ܒܢܝ,,,,Peshitta,PESH
10,2 Samuel,24,18,2 Samuel 24:18,13,ܡܕܒܚܐ,,,,Peshitta,PESH
10,2 Samuel,24,18,2 Samuel 24:18,14,ܠܡܪܝܐ,,,,Peshitta,PESH
10,2 Samuel,24,18,2 Samuel 24:18,15,ܒܐܕܪܗ,,,,Peshitta,PESH
10,2 Samuel,24,18,2 Samuel 24:18,16,ܕܐܪܢ,,,,Peshitta,PESH
10,2 Samuel,24,18,2 Samuel 24:18,17,ܝܒܘܣܝܐ,,,,Peshitta,PESH
10,2 Samuel,24,19,2 Samuel 24:19,1,ܘܣܠܩ,,,,Peshitta,PESH
10,2 Samuel,24,19,2 Samuel 24:19,2,ܕܘܝܕ,,,,Peshitta,PESH
10,2 Samuel,24,19,2 Samuel 24:19,3,ܒܡܠܬܗ,,,,Peshitta,PESH
10,2 Samuel,24,19,2 Samuel 24:19,4,ܕܓܕ,,,,Peshitta,PESH
10,2 Samuel,24,19,2 Samuel 24:19,5,ܐܝܟ,,,,Peshitta,PESH
10,2 Samuel,24,19,2 Samuel 24:19,6,ܕܐܡܪ,,,,Peshitta,PESH
10,2 Samuel,24,19,2 Samuel 24:19,7,ܠܗ,,,,Peshitta,PESH
10,2 Samuel,24,19,2 Samuel 24:19,8,ܡܪܝܐ,,,,Peshitta,PESH
10,2 Samuel,24,20,2 Samuel 24:20,1,ܘܐܬܦܢܝ,,,,Peshitta,PESH
10,2 Samuel,24,20,2 Samuel 24:20,2,ܐܪܢ,,,,Peshitta,PESH
10,2 Samuel,24,20,2 Samuel 24:20,3,ܝܒܘܣܝܐ,,,,Peshitta,PESH
10,2 Samuel,24,20,2 Samuel 24:20,4,ܘܚܙܐ,,,,Peshitta,PESH
10,2 Samuel,24,20,2 Samuel 24:20,5,ܠܡܠܟܐ,,,,Peshitta,PESH
10,2 Samuel,24,20,2 Samuel 24:20,6,ܕܘܝܕ,,,,Peshitta,PESH
10,2 Samuel,24,20,2 Samuel 24:20,7,ܘܠܥܒ̈ܕܘܗܝ,,,,Peshitta,PESH
10,2 Samuel,24,20,2 Samuel 24:20,8,ܟܕ,,,,Peshitta,PESH
10,2 Samuel,24,20,2 Samuel 24:20,9,ܥܒܪܝܢ,,,,Peshitta,PESH
10,2 Samuel,24,20,2 Samuel 24:20,10,ܒܐܘܪܚܐ,,,,Peshitta,PESH
10,2 Samuel,24,20,2 Samuel 24:20,11,ܘܢܦܠ,,,,Peshitta,PESH
10,2 Samuel,24,20,2 Samuel 24:20,12,ܐܪܢ,,,,Peshitta,PESH
10,2 Samuel,24,20,2 Samuel 24:20,13,ܘܣܓܕ,,,,Peshitta,PESH
10,2 Samuel,24,20,2 Samuel 24:20,14,ܥܠ,,,,Peshitta,PESH
10,2 Samuel,24,20,2 Samuel 24:20,15,ܐ̈ܦܘܗܝ,,,,Peshitta,PESH
10,2 Samuel,24,20,2 Samuel 24:20,16,ܥܠ,,,,Peshitta,PESH
10,2 Samuel,24,20,2 Samuel 24:20,17,ܐܪܥܐ,,,,Peshitta,PESH
10,2 Samuel,24,20,2 Samuel 24:20,18,ܩܕܡ,,,,Peshitta,PESH
10,2 Samuel,24,20,2 Samuel 24:20,19,ܡܠܟܐ,,,,Peshitta,PESH
10,2 Samuel,24,21,2 Samuel 24:21,1,ܘܐܡܪ,,,,Peshitta,PESH
10,2 Samuel,24,21,2 Samuel 24:21,2,ܡܛܠ,,,,Peshitta,PESH
10,2 Samuel,24,21,2 Samuel 24:21,3,ܡܢܐ,,,,Peshitta,PESH
10,2 Samuel,24,21,2 Samuel 24:21,4,ܐܬܐ,,,,Peshitta,PESH
10,2 Samuel,24,21,2 Samuel 24:21,5,ܡܪܝ,,,,Peshitta,PESH
10,2 Samuel,24,21,2 Samuel 24:21,6,ܡܠܟܐ,,,,Peshitta,PESH
10,2 Samuel,24,21,2 Samuel 24:21,7,ܠܘܬ,,,,Peshitta,PESH
10,2 Samuel,24,21,2 Samuel 24:21,8,ܥܒܕܗ,,,,Peshitta,PESH
10,2 Samuel,24,21,2 Samuel 24:21,9,ܘܐܡܪ,,,,Peshitta,PESH
10,2 Samuel,24,21,2 Samuel 24:21,10,ܕܘܝܕ,,,,Peshitta,PESH
10,2 Samuel,24,21,2 Samuel 24:21,11,ܠܡܙܒܢ,,,,Peshitta,PESH
10,2 Samuel,24,21,2 Samuel 24:21,12,ܡܢܟ,,,,Peshitta,PESH
10,2 Samuel,24,21,2 Samuel 24:21,13,ܐܕܪܐ,,,,Peshitta,PESH
10,2 Samuel,24,21,2 Samuel 24:21,14,ܠܡܒܢܐ,,,,Peshitta,PESH
10,2 Samuel,24,21,2 Samuel 24:21,15,ܡܕܒܚܐ,,,,Peshitta,PESH
10,2 Samuel,24,21,2 Samuel 24:21,16,ܠܡܪܝܐ,,,,Peshitta,PESH
10,2 Samuel,24,21,2 Samuel 24:21,17,ܘܢܬܟܠܐ,,,,Peshitta,PESH
10,2 Samuel,24,21,2 Samuel 24:21,18,ܡܘܬܢܐ,,,,Peshitta,PESH
10,2 Samuel,24,21,2 Samuel 24:21,19,ܡܢ,,,,Peshitta,PESH
10,2 Samuel,24,21,2 Samuel 24:21,20,ܥܡܐ,,,,Peshitta,PESH
10,2 Samuel,24,22,2 Samuel 24:22,1,ܘܐܡܪ,,,,Peshitta,PESH
10,2 Samuel,24,22,2 Samuel 24:22,2,ܐܪܢ,,,,Peshitta,PESH
10,2 Samuel,24,22,2 Samuel 24:22,3,ܠܕܘܝܕ,,,,Peshitta,PESH
10,2 Samuel,24,22,2 Samuel 24:22,4,ܢܣܒ,,,,Peshitta,PESH
10,2 Samuel,24,22,2 Samuel 24:22,5,ܡܪܝ,,,,Peshitta,PESH
10,2 Samuel,24,22,2 Samuel 24:22,6,ܡܠܟܐ,,,,Peshitta,PESH
10,2 Samuel,24,22,2 Samuel 24:22,7,ܘܗܐ,,,,Peshitta,PESH
10,2 Samuel,24,22,2 Samuel 24:22,8,ܬܘܪ̈ܐ,,,,Peshitta,PESH
10,2 Samuel,24,22,2 Samuel 24:22,9,ܠܥܠܬܐ,,,,Peshitta,PESH
10,2 Samuel,24,22,2 Samuel 24:22,10,ܘܩܩܢܐ,,,,Peshitta,PESH
10,2 Samuel,24,22,2 Samuel 24:22,11,ܘܢܝܪܐ,,,,Peshitta,PESH
10,2 Samuel,24,22,2 Samuel 24:22,12,ܠܩܝ̈ܣܐ,,,,Peshitta,PESH
10,2 Samuel,24,23,2 Samuel 24:23,1,ܗܢܐ,,,,Peshitta,PESH
10,2 Samuel,24,23,2 Samuel 24:23,2,ܟܠܗ,,,,Peshitta,PESH
10,2 Samuel,24,23,2 Samuel 24:23,3,ܝܗܒ,,,,Peshitta,PESH
10,2 Samuel,24,23,2 Samuel 24:23,4,ܐܪܢ,,,,Peshitta,PESH
10,2 Samuel,24,23,2 Samuel 24:23,5,ܠܡܠܟܐ,,,,Peshitta,PESH
10,2 Samuel,24,23,2 Samuel 24:23,6,ܕܘܝܕ,,,,Peshitta,PESH
10,2 Samuel,24,23,2 Samuel 24:23,7,ܘܐܡܪ,,,,Peshitta,PESH
10,2 Samuel,24,23,2 Samuel 24:23,8,ܐܪܢ,,,,Peshitta,PESH
10,2 Samuel,24,23,2 Samuel 24:23,9,ܠܡܠܟܐ,,,,Peshitta,PESH
10,2 Samuel,24,23,2 Samuel 24:23,10,ܕܘܝܕ,,,,Peshitta,PESH
10,2 Samuel,24,23,2 Samuel 24:23,11,ܡܪܝܐ,,,,Peshitta,PESH
10,2 Samuel,24,23,2 Samuel 24:23,12,ܐܠܗܟ,,,,Peshitta,PESH
10,2 Samuel,24,23,2 Samuel 24:23,13,ܢܒܪܟܟ,,,,Peshitta,PESH
10,2 Samuel,24,24,2 Samuel 24:24,1,ܘܐܡܪ,,,,Peshitta,PESH
10,2 Samuel,24,24,2 Samuel 24:24,2,ܕܘܝܕ,,,,Peshitta,PESH
10,2 Samuel,24,24,2 Samuel 24:24,3,ܠܐܪܢ,,,,Peshitta,PESH
10,2 Samuel,24,24,2 Samuel 24:24,4,ܡܙܒܢ,,,,Peshitta,PESH
10,2 Samuel,24,24,2 Samuel 24:24,5,ܙܒܢ,,,,Peshitta,PESH
10,2 Samuel,24,24,2 Samuel 24:24,6,ܐܢܐ,,,,Peshitta,PESH
10,2 Samuel,24,24,2 Samuel 24:24,7,ܡܢܟ,,,,Peshitta,PESH
10,2 Samuel,24,24,2 Samuel 24:24,8,ܒܕܡ̈ܝܐ,,,,Peshitta,PESH
10,2 Samuel,24,24,2 Samuel 24:24,9,ܘܠܐ,,,,Peshitta,PESH
10,2 Samuel,24,24,2 Samuel 24:24,10,ܡܩܪܒ,,,,Peshitta,PESH
10,2 Samuel,24,24,2 Samuel 24:24,11,ܐܢܐ,,,,Peshitta,PESH
10,2 Samuel,24,24,2 Samuel 24:24,12,ܠܡܪܝܐ,,,,Peshitta,PESH
10,2 Samuel,24,24,2 Samuel 24:24,13,ܐܠܗܝ,,,,Peshitta,PESH
10,2 Samuel,24,24,2 Samuel 24:24,14,ܥ̇ܠܬܐ,,,,Peshitta,PESH
10,2 Samuel,24,24,2 Samuel 24:24,15,ܕܡܓܢ,,,,Peshitta,PESH
10,2 Samuel,24,24,2 Samuel 24:24,16,ܘܙܒܢ,,,,Peshitta,PESH
10,2 Samuel,24,24,2 Samuel 24:24,17,ܕܘܝܕ,,,,Peshitta,PESH
10,2 Samuel,24,24,2 Samuel 24:24,18,ܐܕܪܐ,,,,Peshitta,PESH
10,2 Samuel,24,24,2 Samuel 24:24,19,ܕܓܢܬܐ,,,,Peshitta,PESH
10,2 Samuel,24,24,2 Samuel 24:24,20,ܘܬܘܪ̈ܐ,,,,Peshitta,PESH
10,2 Samuel,24,24,2 Samuel 24:24,21,ܒܚܡܫܝܢ,,,,Peshitta,PESH
10,2 Samuel,24,24,2 Samuel 24:24,22,ܐܣܬܪ̈ܝܢ,,,,Peshitta,PESH
10,2 Samuel,24,25,2 Samuel 24:25,1,ܘܒܢܐ,,,,Peshitta,PESH
10,2 Samuel,24,25,2 Samuel 24:25,2,ܬܡܢ,,,,Peshitta,PESH
10,2 Samuel,24,25,2 Samuel 24:25,3,ܕܘܝܕ,,,,Peshitta,PESH
10,2 Samuel,24,25,2 Samuel 24:25,4,ܡܕܒܚܐ,,,,Peshitta,PESH
10,2 Samuel,24,25,2 Samuel 24:25,5,ܠܡܪܝܐ,,,,Peshitta,PESH
10,2 Samuel,24,25,2 Samuel 24:25,6,ܘܩܪܒ,,,,Peshitta,PESH
10,2 Samuel,24,25,2 Samuel 24:25,7,ܥܠܘܬ̈ܐ,,,,Peshitta,PESH
10,2 Samuel,24,25,2 Samuel 24:25,8,ܘܫ̈ܠܡܐ,,,,Peshitta,PESH
10,2 Samuel,24,25,2 Samuel 24:25,9,ܘܐܬܓܠܝ,,,,Peshitta,PESH
10,2 Samuel,24,25,2 Samuel 24:25,10,ܡܪܝܐ,,,,Peshitta,PESH
10,2 Samuel,24,25,2 Samuel 24:25,11,ܥܠ,,,,Peshitta,PESH
10,2 Samuel,24,25,2 Samuel 24:25,12,ܐܪܥܐ,,,,Peshitta,PESH
10,2 Samuel,24,25,2 Samuel 24:25,13,ܘܐܬܟܠܝ,,,,Peshitta,PESH
10,2 Samuel,24,25,2 Samuel 24:25,14,ܡܘܬܢܐ,,,,Peshitta,PESH
10,2 Samuel,24,25,2 Samuel 24:25,15,ܡܢ,,,,Peshitta,PESH
10,2 Samuel,24,25,2 Samuel 24:25,16,ܒܝܬ,,,,Peshitta,PESH
10,2 Samuel,24,25,2 Samuel 24:25,17,ܐܝܣܪܝܠ,,,,Peshitta,PESH
