book_order,book,chapter,verse,reference,position,word_text,lemma,morph,strong,manuscript,tradition
5,Deuteronomy,1,1,Deuteronomy 1:1,1,ܘܗܠܝܢ,,,,Peshitta,PESH
5,Deuteronomy,1,1,Deuteronomy 1:1,2,ܦܬ̈ܓܡܐ,,,,Peshitta,PESH
5,Deuteronomy,1,1,Deuteronomy 1:1,3,ܕܐܡܪ,,,,Peshitta,PESH
5,Deuteronomy,1,1,Deuteronomy 1:1,4,ܡܘܫܐ,,,,Peshitta,PESH
5,Deuteronomy,1,1,Deuteronomy 1:1,5,ܠܟܠܗ,,,,Peshitta,PESH
5,Deuteronomy,1,1,Deuteronomy 1:1,6,ܐܝܣܪܝܠ,,,,Peshitta,PESH
5,Deuteronomy,1,1,Deuteronomy 1:1,7,ܒܥܒܪܐ,,,,Peshitta,PESH
5,Deuteronomy,1,1,Deuteronomy 1:1,8,ܕܝܘܪܕܢܢ,,,,Peshitta,PESH
5,Deuteronomy,1,1,Deuteronomy 1:1,9,ܒܡܕܒܪܐ,,,,Peshitta,PESH
5,Deuteronomy,1,1,Deuteronomy 1:1,10,ܒܥܪܒܐ,,,,Peshitta,PESH
5,Deuteronomy,1,1,Deuteronomy 1:1,11,ܠܘܩܒܠ,,,,Peshitta,PESH
5,Deuteronomy,1,1,Deuteronomy 1:1,12,ܣܘܦ,,,,Peshitta,PESH
5,Deuteronomy,1,1,Deuteronomy 1:1,13,ܒܝܬ,,,,Peshitta,PESH
5,Deuteronomy,1,1,Deuteronomy 1:1,14,ܦܪܢ,,,,Peshitta,PESH
5,Deuteronomy,1,1,Deuteronomy 1:1,15,ܘܒܝܬ,,,,Peshitta,PESH
5,Deuteronomy,1,1,Deuteronomy 1:1,16,ܬܦܠ,,,,Peshitta,PESH
5,Deuteronomy,1,1,Deuteronomy 1:1,17,ܘܠܒܢܢ,,,,Peshitta,PESH
5,Deuteronomy,1,1,Deuteronomy 1:1,18,ܘܚܨܪܘܬ,,,,Peshitta,PESH
5,Deuteronomy,1,1,Deuteronomy 1:1,19,ܘܪܙܗܒ,,,,Peshitta,PESH
5,Deuteronomy,1,2,Deuteronomy 1:2,1,ܡܪܕܐ,,,,Peshitta,PESH
5,Deuteronomy,1,2,Deuteronomy 1:2,2,ܚܕܥܣܪ,,,,Peshitta,PESH
5,Deuteronomy,1,2,Deuteronomy 1:2,3,ܝܘܡ̈ܝܢ,,,,Peshitta,PESH
5,Deuteronomy,1,2,Deuteronomy 1:2,4,ܡܢ,,,,Peshitta,PESH
5,Deuteronomy,1,2,Deuteronomy 1:2,5,ܚܘܪܝܒ,,,,Peshitta,PESH
5,Deuteronomy,1,2,Deuteronomy 1:2,6,ܠܛܘܪܐ,,,,Peshitta,PESH
5,Deuteronomy,1,2,Deuteronomy 1:2,7,ܕܣܥܝܪ,,,,Peshitta,PESH
5,Deuteronomy,1,2,Deuteronomy 1:2,8,ܘܥܕܡܐ,,,,Peshitta,PESH
5,Deuteronomy,1,2,Deuteronomy 1:2,9,ܠܪܩܡ,,,,Peshitta,PESH
5,Deuteronomy,1,2,Deuteronomy 1:2,10,ܕܓܝܐ,,,,Peshitta,PESH
5,Deuteronomy,1,3,Deuteronomy 1:3,1,ܘܗܘܐ,,,,Peshitta,PESH
5,Deuteronomy,1,3,Deuteronomy 1:3,2,ܒܫܢܬ,,,,Peshitta,PESH
5,Deuteronomy,1,3,Deuteronomy 1:3,3,ܐܪ̈ܒܥܝܢ,,,,Peshitta,PESH
5,Deuteronomy,1,3,Deuteronomy 1:3,4,ܒܝܪܚܐ,,,,Peshitta,PESH
5,Deuteronomy,1,3,Deuteronomy 1:3,5,ܕܚܕܥܣܪ,,,,Peshitta,PESH
5,Deuteronomy,1,3,Deuteronomy 1:3,6,ܒܚܕ,,,,Peshitta,PESH
5,Deuteronomy,1,3,Deuteronomy 1:3,7,ܒܝܪܚܐ,,,,Peshitta,PESH
5,Deuteronomy,1,3,Deuteronomy 1:3,8,ܡܠܠ,,,,Peshitta,PESH
5,Deuteronomy,1,3,Deuteronomy 1:3,9,ܡܘܫܐ,,,,Peshitta,PESH
5,Deuteronomy,1,3,Deuteronomy 1:3,10,ܥܡ,,,,Peshitta,PESH
5,Deuteronomy,1,3,Deuteronomy 1:3,11,ܒܢ̈ܝ,,,,Peshitta,PESH
5,Deuteronomy,1,3,Deuteronomy 1:3,12,ܐܝܣܪܝܠ,,,,Peshitta,PESH
5,Deuteronomy,1,3,Deuteronomy 1:3,13,ܟܠ,,,,Peshitta,PESH
5,Deuteronomy,1,3,Deuteronomy 1:3,14,ܡܕܡ,,,,Peshitta,PESH
5,Deuteronomy,1,3,Deuteronomy 1:3,15,ܕܦܩܕܗ,,,,Peshitta,PESH
5,Deuteronomy,1,3,Deuteronomy 1:3,16,ܡܪܝܐ,,,,Peshitta,PESH
5,Deuteronomy,1,3,Deuteronomy 1:3,17,ܥܠܝܗܘܢ,,,,Peshitta,PESH
5,Deuteronomy,1,4,Deuteronomy 1:4,1,ܡܢ,,,,Peshitta,PESH
5,Deuteronomy,1,4,Deuteronomy 1:4,2,ܒܬܪ,,,,Peshitta,PESH
5,Deuteronomy,1,4,Deuteronomy 1:4,3,ܕܩܛܠ,,,,Peshitta,PESH
5,Deuteronomy,1,4,Deuteronomy 1:4,4,ܠܣܝܚܘܢ,,,,Peshitta,PESH
5,Deuteronomy,1,4,Deuteronomy 1:4,5,ܡܠܟܐ,,,,Peshitta,PESH
5,Deuteronomy,1,4,Deuteronomy 1:4,6,ܕܐܡܘܪ̈ܝܐ,,,,Peshitta,PESH
5,Deuteronomy,1,4,Deuteronomy 1:4,7,ܕܝ̇ܬܒ,,,,Peshitta,PESH
5,Deuteronomy,1,4,Deuteronomy 1:4,8,ܗܘܐ,,,,Peshitta,PESH
5,Deuteronomy,1,4,Deuteronomy 1:4,9,ܒܚܫܒܘܢ,,,,Peshitta,PESH
5,Deuteronomy,1,4,Deuteronomy 1:4,10,ܘܠܥܘܓ,,,,Peshitta,PESH
5,Deuteronomy,1,4,Deuteronomy 1:4,11,ܡܠܟܐ,,,,Peshitta,PESH
5,Deuteronomy,1,4,Deuteronomy 1:4,12,ܕܡܬܢܝܢ,,,,Peshitta,PESH
5,Deuteronomy,1,4,Deuteronomy 1:4,13,ܕܝ̇ܬܒ,,,,Peshitta,PESH
5,Deuteronomy,1,4,Deuteronomy 1:4,14,ܗܘܐ,,,,Peshitta,PESH
5,Deuteronomy,1,4,Deuteronomy 1:4,15,ܒܥܣܬܪܘܬ,,,,Peshitta,PESH
5,Deuteronomy,1,4,Deuteronomy 1:4,16,ܘܒܐܪܕܥܝ,,,,Peshitta,PESH
5,Deuteronomy,1,5,Deuteronomy 1:5,1,ܒܥܒܪܐ,,,,Peshitta,PESH
5,Deuteronomy,1,5,Deuteronomy 1:5,2,ܕܝܘܪܕܢܢ,,,,Peshitta,PESH
5,Deuteronomy,1,5,Deuteronomy 1:5,3,ܒܐܪܥܐ,,,,Peshitta,PESH
5,Deuteronomy,1,5,Deuteronomy 1:5,4,ܕܡܘܐܒ,,,,Peshitta,PESH
5,Deuteronomy,1,5,Deuteronomy 1:5,5,ܫ̇ܪܝ,,,,Peshitta,PESH
5,Deuteronomy,1,5,Deuteronomy 1:5,6,ܡܘܫܐ,,,,Peshitta,PESH
5,Deuteronomy,1,5,Deuteronomy 1:5,7,ܡܦܫܩ,,,,Peshitta,PESH
5,Deuteronomy,1,5,Deuteronomy 1:5,8,ܢܡܘܣܐ,,,,Peshitta,PESH
5,Deuteronomy,1,5,Deuteronomy 1:5,9,ܗܢܐ,,,,Peshitta,PESH
5,Deuteronomy,1,5,Deuteronomy 1:5,10,ܘܐ̇ܡܪ,,,,Peshitta,PESH
5,Deuteronomy,1,6,Deuteronomy 1:6,1,ܡܪܝܐ,,,,Peshitta,PESH
5,Deuteronomy,1,6,Deuteronomy 1:6,2,ܐܠܗܢ,,,,Peshitta,PESH
5,Deuteronomy,1,6,Deuteronomy 1:6,3,ܐܡܪ,,,,Peshitta,PESH
5,Deuteronomy,1,6,Deuteronomy 1:6,4,ܠܢ,,,,Peshitta,PESH
5,Deuteronomy,1,6,Deuteronomy 1:6,5,ܒܚܘܪܝܒ,,,,Peshitta,PESH
5,Deuteronomy,1,6,Deuteronomy 1:6,6,ܣܓܝ,,,,Peshitta,PESH
5,Deuteronomy,1,6,Deuteronomy 1:6,7,ܠܟܘܢ,,,,Peshitta,PESH
5,Deuteronomy,1,6,Deuteronomy 1:6,8,ܕܝܬܒܬܘܢ,,,,Peshitta,PESH
5,Deuteronomy,1,6,Deuteronomy 1:6,9,ܒܛܘܪܐ,,,,Peshitta,PESH
5,Deuteronomy,1,6,Deuteronomy 1:6,10,ܗܢܐ,,,,Peshitta,PESH
5,Deuteronomy,1,7,Deuteronomy 1:7,1,ܐܬܦܢܘ,,,,Peshitta,PESH
5,Deuteronomy,1,7,Deuteronomy 1:7,2,ܘܫܩܘܠܘ,,,,Peshitta,PESH
5,Deuteronomy,1,7,Deuteronomy 1:7,3,ܠܟܘܢ,,,,Peshitta,PESH
5,Deuteronomy,1,7,Deuteronomy 1:7,4,ܘܥܘܠܘ,,,,Peshitta,PESH
5,Deuteronomy,1,7,Deuteronomy 1:7,5,ܠܛܘܪܐ,,,,Peshitta,PESH
5,Deuteronomy,1,7,Deuteronomy 1:7,6,ܕܐܡܘܪ̈ܝܐ,,,,Peshitta,PESH
5,Deuteronomy,1,7,Deuteronomy 1:7,7,ܘܠܟܠ,,,,Peshitta,PESH
5,Deuteronomy,1,7,Deuteronomy 1:7,8,ܚܕܪ̈ܘܗܝ,,,,Peshitta,PESH
5,Deuteronomy,1,7,Deuteronomy 1:7,9,ܠܥܪܒܐ,,,,Peshitta,PESH
5,Deuteronomy,1,7,Deuteronomy 1:7,10,ܘܠܛܘܪܐ,,,,Peshitta,PESH
5,Deuteronomy,1,7,Deuteronomy 1:7,11,ܘܠܫܦܠܐ,,,,Peshitta,PESH
5,Deuteronomy,1,7,Deuteronomy 1:7,12,ܘܠܬܝܡܢܐ,,,,Peshitta,PESH
5,Deuteronomy,1,7,Deuteronomy 1:7,13,ܘܠܣܦܪ̈ܝ,,,,Peshitta,PESH
5,Deuteronomy,1,7,Deuteronomy 1:7,14,ܝܡܐ,,,,Peshitta,PESH
5,Deuteronomy,1,7,Deuteronomy 1:7,15,ܐܪܥܐ,,,,Peshitta,PESH
5,Deuteronomy,1,7,Deuteronomy 1:7,16,ܕܟܢ̈ܥܢܝܐ,,,,Peshitta,PESH
5,Deuteronomy,1,7,Deuteronomy 1:7,17,ܘܠܒܢܢ,,,,Peshitta,PESH
5,Deuteronomy,1,7,Deuteronomy 1:7,18,ܥܕܡܐ,,,,Peshitta,PESH
5,Deuteronomy,1,7,Deuteronomy 1:7,19,ܠܢܗܪܐ,,,,Peshitta,PESH
5,Deuteronomy,1,7,Deuteronomy 1:7,20,ܪܒܐ,,,,Peshitta,PESH
5,Deuteronomy,1,7,Deuteronomy 1:7,21,ܢܗܪܐ,,,,Peshitta,PESH
5,Deuteronomy,1,7,Deuteronomy 1:7,22,ܦܪܬ,,,,Peshitta,PESH
5,Deuteronomy,1,8,Deuteronomy 1:8,1,ܚܙܘ,,,,Peshitta,PESH
5,Deuteronomy,1,8,Deuteronomy 1:8,2,ܕܝܗ̇ܒܬ,,,,Peshitta,PESH
5,Deuteronomy,1,8,Deuteronomy 1:8,3,ܩܕܡܝܟܘܢ,,,,Peshitta,PESH
5,Deuteronomy,1,8,Deuteronomy 1:8,4,ܐܪܥܐ,,,,Peshitta,PESH
5,Deuteronomy,1,8,Deuteronomy 1:8,5,ܥܘܠܘ,,,,Peshitta,PESH
5,Deuteronomy,1,8,Deuteronomy 1:8,6,ܘܝܪܬܘ,,,,Peshitta,PESH
5,Deuteronomy,1,8,Deuteronomy 1:8,7,ܐܪܥܐ,,,,Peshitta,PESH
5,Deuteronomy,1,8,Deuteronomy 1:8,8,ܕܝܡܐ,,,,Peshitta,PESH
5,Deuteronomy,1,8,Deuteronomy 1:8,9,ܡܪܝܐ,,,,Peshitta,PESH
5,Deuteronomy,1,8,Deuteronomy 1:8,10,ܠܐ̈ܒܗܝܟܘܢ,,,,Peshitta,PESH
5,Deuteronomy,1,8,Deuteronomy 1:8,11,ܠܐܒܪܗܡ,,,,Peshitta,PESH
5,Deuteronomy,1,8,Deuteronomy 1:8,12,ܘܠܐܝܣܚܩ,,,,Peshitta,PESH
5,Deuteronomy,1,8,Deuteronomy 1:8,13,ܘܠܝܥܩܘܒ,,,,Peshitta,PESH
5,Deuteronomy,1,8,Deuteronomy 1:8,14,ܠܡܬܠ,,,,Peshitta,PESH
5,Deuteronomy,1,8,Deuteronomy 1:8,15,ܠܗܘܢ,,,,Peshitta,PESH
5,Deuteronomy,1,8,Deuteronomy 1:8,16,ܘܠܙܪܥܗܘܢ,,,,Peshitta,PESH
5,Deuteronomy,1,8,Deuteronomy 1:8,17,ܒܬܪܗܘܢ,,,,Peshitta,PESH
5,Deuteronomy,1,9,Deuteronomy 1:9,1,ܘܐܡ̇ܪܬ,,,,Peshitta,PESH
5,Deuteronomy,1,9,Deuteronomy 1:9,2,ܠܟܘܢ,,,,Peshitta,PESH
5,Deuteronomy,1,9,Deuteronomy 1:9,3,ܒܗ,,,,Peshitta,PESH
5,Deuteronomy,1,9,Deuteronomy 1:9,4,ܒܙܒܢܐ,,,,Peshitta,PESH
5,Deuteronomy,1,9,Deuteronomy 1:9,5,ܗ̇ܘ,,,,Peshitta,PESH
5,Deuteronomy,1,9,Deuteronomy 1:9,6,ܠܐ,,,,Peshitta,PESH
5,Deuteronomy,1,9,Deuteronomy 1:9,7,ܡܫܟܚ,,,,Peshitta,PESH
5,Deuteronomy,1,9,Deuteronomy 1:9,8,ܐܢܐ,,,,Peshitta,PESH
5,Deuteronomy,1,9,Deuteronomy 1:9,9,ܒܠܚܘܕܝ,,,,Peshitta,PESH
5,Deuteronomy,1,9,Deuteronomy 1:9,10,ܕܐܣܝܒܪܟܘܢ,,,,Peshitta,PESH
5,Deuteronomy,1,10,Deuteronomy 1:10,1,ܡܪܝܐ,,,,Peshitta,PESH
5,Deuteronomy,1,10,Deuteronomy 1:10,2,ܐܠܗܟܘܢ,,,,Peshitta,PESH
5,Deuteronomy,1,10,Deuteronomy 1:10,3,ܐܣܓܝܟܘܢ,,,,Peshitta,PESH
5,Deuteronomy,1,10,Deuteronomy 1:10,4,ܘܐܝܬܝܟܘܢ,,,,Peshitta,PESH
5,Deuteronomy,1,10,Deuteronomy 1:10,5,ܝܘܡܢܐ,,,,Peshitta,PESH
5,Deuteronomy,1,10,Deuteronomy 1:10,6,ܣܘܓܐܐ,,,,Peshitta,PESH
5,Deuteronomy,1,10,Deuteronomy 1:10,7,ܐܝܟ,,,,Peshitta,PESH
5,Deuteronomy,1,10,Deuteronomy 1:10,8,ܟ̈ܘܟܒܐ,,,,Peshitta,PESH
5,Deuteronomy,1,10,Deuteronomy 1:10,9,ܕܒܫܡܝܐ,,,,Peshitta,PESH
5,Deuteronomy,1,11,Deuteronomy 1:11,1,ܡܪܝܐ,,,,Peshitta,PESH
5,Deuteronomy,1,11,Deuteronomy 1:11,2,ܐܠܗܐ,,,,Peshitta,PESH
5,Deuteronomy,1,11,Deuteronomy 1:11,3,ܕܐ̈ܒܗܝܟܘܢ,,,,Peshitta,PESH
5,Deuteronomy,1,11,Deuteronomy 1:11,4,ܢܘܣܦ,,,,Peshitta,PESH
5,Deuteronomy,1,11,Deuteronomy 1:11,5,ܥܠܝܟܘܢ,,,,Peshitta,PESH
5,Deuteronomy,1,11,Deuteronomy 1:11,6,ܐܟܘܬܟܘܢ,,,,Peshitta,PESH
5,Deuteronomy,1,11,Deuteronomy 1:11,7,ܐܠܦ,,,,Peshitta,PESH
5,Deuteronomy,1,11,Deuteronomy 1:11,8,ܙܒ̈ܢܝܢ,,,,Peshitta,PESH
5,Deuteronomy,1,11,Deuteronomy 1:11,9,ܘܢܒܪܟܟܘܢ,,,,Peshitta,PESH
5,Deuteronomy,1,11,Deuteronomy 1:11,10,ܐܝܟܢܐ,,,,Peshitta,PESH
5,Deuteronomy,1,11,Deuteronomy 1:11,11,ܕܐܡܪ,,,,Peshitta,PESH
5,Deuteronomy,1,11,Deuteronomy 1:11,12,ܠܟܘܢ,,,,Peshitta,PESH
5,Deuteronomy,1,12,Deuteronomy 1:12,1,ܐܝܟܢܐ,,,,Peshitta,PESH
5,Deuteronomy,1,12,Deuteronomy 1:12,2,ܗܟܝܠ,,,,Peshitta,PESH
5,Deuteronomy,1,12,Deuteronomy 1:12,3,ܡܫܟܚ,,,,Peshitta,PESH
5,Deuteronomy,1,12,Deuteronomy 1:12,4,ܐܢܐ,,,,Peshitta,PESH
5,Deuteronomy,1,12,Deuteronomy 1:12,5,ܕܐܣܝܒܪ,,,,Peshitta,PESH
5,Deuteronomy,1,12,Deuteronomy 1:12,6,ܒܠܚܘܕܝ,,,,Peshitta,PESH
5,Deuteronomy,1,12,Deuteronomy 1:12,7,ܐܝܩܪܬܟܘܢ,,,,Peshitta,PESH
5,Deuteronomy,1,12,Deuteronomy 1:12,8,ܘܛܥܢܝ̈ܟܘܢ,,,,Peshitta,PESH
5,Deuteronomy,1,12,Deuteronomy 1:12,9,ܘܕܝ̈ܢܝܟܘܢ,,,,Peshitta,PESH
5,Deuteronomy,1,13,Deuteronomy 1:13,1,ܓܒܘ,,,,Peshitta,PESH
5,Deuteronomy,1,13,Deuteronomy 1:13,2,ܠܟܘܢ,,,,Peshitta,PESH
5,Deuteronomy,1,13,Deuteronomy 1:13,3,ܓܒܪ̈ܐ,,,,Peshitta,PESH
5,Deuteronomy,1,13,Deuteronomy 1:13,4,ܕܚ̈ܟܝܡܝܢ,,,,Peshitta,PESH
5,Deuteronomy,1,13,Deuteronomy 1:13,5,ܘܣ̈ܟܘܠܬܢܝܢ,,,,Peshitta,PESH
5,Deuteronomy,1,13,Deuteronomy 1:13,6,ܘܝܕܝ̈ܥܝܢ,,,,Peshitta,PESH
5,Deuteronomy,1,13,Deuteronomy 1:13,7,ܠܫܒ̈ܛܝܟܘܢ,,,,Peshitta,PESH
5,Deuteronomy,1,13,Deuteronomy 1:13,8,ܘܐܩܝܡ,,,,Peshitta,PESH
5,Deuteronomy,1,13,Deuteronomy 1:13,9,ܐܢܘܢ,,,,Peshitta,PESH
5,Deuteronomy,1,13,Deuteronomy 1:13,10,ܒܪܝܫܟܘܢ,,,,Peshitta,PESH
5,Deuteronomy,1,14,Deuteronomy 1:14,1,ܘܥܢܝܬܘܢ,,,,Peshitta,PESH
5,Deuteronomy,1,14,Deuteronomy 1:14,2,ܘܐܡܪܬܘܢ,,,,Peshitta,PESH
5,Deuteronomy,1,14,Deuteronomy 1:14,3,ܠܝ,,,,Peshitta,PESH
5,Deuteronomy,1,14,Deuteronomy 1:14,4,ܫܦܝܪ,,,,Peshitta,PESH
5,Deuteronomy,1,14,Deuteronomy 1:14,5,ܦܬܓܡܐ,,,,Peshitta,PESH
5,Deuteronomy,1,14,Deuteronomy 1:14,6,ܕܐܡܪܬ,,,,Peshitta,PESH
5,Deuteronomy,1,14,Deuteronomy 1:14,7,ܠܡܥܒܕ,,,,Peshitta,PESH
5,Deuteronomy,1,15,Deuteronomy 1:15,1,ܘܕܒ̇ܪܬ,,,,Peshitta,PESH
5,Deuteronomy,1,15,Deuteronomy 1:15,2,ܪ̈ܫܐ,,,,Peshitta,PESH
5,Deuteronomy,1,15,Deuteronomy 1:15,3,ܕܫ̈ܒܛܝܟܘܢ,,,,Peshitta,PESH
5,Deuteronomy,1,15,Deuteronomy 1:15,4,ܓܒܪ̈ܐ,,,,Peshitta,PESH
5,Deuteronomy,1,15,Deuteronomy 1:15,5,ܚ̈ܟܝܡܐ,,,,Peshitta,PESH
5,Deuteronomy,1,15,Deuteronomy 1:15,6,ܘܝ̈ܕܝܥܐ,,,,Peshitta,PESH
5,Deuteronomy,1,15,Deuteronomy 1:15,7,ܘܥܒܕܬ,,,,Peshitta,PESH
5,Deuteronomy,1,15,Deuteronomy 1:15,8,ܐܢܘܢ,,,,Peshitta,PESH
5,Deuteronomy,1,15,Deuteronomy 1:15,9,ܪ̈ܫܐ,,,,Peshitta,PESH
5,Deuteronomy,1,15,Deuteronomy 1:15,10,ܥܠܝܟܘܢ,,,,Peshitta,PESH
5,Deuteronomy,1,15,Deuteronomy 1:15,11,ܪ̈ܫܝ,,,,Peshitta,PESH
5,Deuteronomy,1,15,Deuteronomy 1:15,12,ܐ̈ܠܦܐ,,,,Peshitta,PESH
5,Deuteronomy,1,15,Deuteronomy 1:15,13,ܘܪ̈ܫܝ,,,,Peshitta,PESH
5,Deuteronomy,1,15,Deuteronomy 1:15,14,ܡܐ̈ܘܬܐ,,,,Peshitta,PESH
5,Deuteronomy,1,15,Deuteronomy 1:15,15,ܘܪ̈ܫܝ,,,,Peshitta,PESH
5,Deuteronomy,1,15,Deuteronomy 1:15,16,ܚܡܫܝܢ,,,,Peshitta,PESH
5,Deuteronomy,1,15,Deuteronomy 1:15,17,ܘܪ̈ܫܝ,,,,Peshitta,PESH
5,Deuteronomy,1,15,Deuteronomy 1:15,18,ܥܣܪܐ,,,,Peshitta,PESH
5,Deuteronomy,1,15,Deuteronomy 1:15,19,ܘܣܦܪ̈ܐ,,,,Peshitta,PESH
5,Deuteronomy,1,15,Deuteronomy 1:15,20,ܠܫ̈ܒܛܝܟܘܢ,,,,Peshitta,PESH
5,Deuteronomy,1,16,Deuteronomy 1:16,1,ܘܦ̇ܩܕܬ,,,,Peshitta,PESH
5,Deuteronomy,1,16,Deuteronomy 1:16,2,ܠܕܝ̇ܢ̈ܝܟܘܢ,,,,Peshitta,PESH
5,Deuteronomy,1,16,Deuteronomy 1:16,3,ܒܙܒܢܐ,,,,Peshitta,PESH
5,Deuteronomy,1,16,Deuteronomy 1:16,4,ܗ̇ܘ,,,,Peshitta,PESH
5,Deuteronomy,1,16,Deuteronomy 1:16,5,ܘܐܡ̇ܪܬ,,,,Peshitta,PESH
5,Deuteronomy,1,16,Deuteronomy 1:16,6,ܠܗܘܢ,,,,Peshitta,PESH
5,Deuteronomy,1,16,Deuteronomy 1:16,7,ܗܘܝܬܘܢ,,,,Peshitta,PESH
5,Deuteronomy,1,16,Deuteronomy 1:16,8,ܫ̇ܡܥܝܢ,,,,Peshitta,PESH
5,Deuteronomy,1,16,Deuteronomy 1:16,9,ܒܝܬ,,,,Peshitta,PESH
5,Deuteronomy,1,16,Deuteronomy 1:16,10,ܐܚ̈ܝܟܘܢ,,,,Peshitta,PESH
5,Deuteronomy,1,16,Deuteronomy 1:16,11,ܘܕܝ̇ܢ̈ܝܢ,,,,Peshitta,PESH
5,Deuteronomy,1,16,Deuteronomy 1:16,12,ܩܘܫܬܐ,,,,Peshitta,PESH
5,Deuteronomy,1,16,Deuteronomy 1:16,13,ܒܝܬ,,,,Peshitta,PESH
5,Deuteronomy,1,16,Deuteronomy 1:16,14,ܓܒܪܐ,,,,Peshitta,PESH
5,Deuteronomy,1,16,Deuteronomy 1:16,15,ܠܐܚܘܗܝ,,,,Peshitta,PESH
5,Deuteronomy,1,16,Deuteronomy 1:16,16,ܘܠܬܘܬܒܗ,,,,Peshitta,PESH
5,Deuteronomy,1,17,Deuteronomy 1:17,1,ܠܐ,,,,Peshitta,PESH
5,Deuteronomy,1,17,Deuteronomy 1:17,2,ܬܣܒܘܢ,,,,Peshitta,PESH
5,Deuteronomy,1,17,Deuteronomy 1:17,3,ܒܐ̈ܦܐ,,,,Peshitta,PESH
5,Deuteronomy,1,17,Deuteronomy 1:17,4,ܒܕܝܢܐ,,,,Peshitta,PESH
5,Deuteronomy,1,17,Deuteronomy 1:17,5,ܠܙܥܘܪܐ,,,,Peshitta,PESH
5,Deuteronomy,1,17,Deuteronomy 1:17,6,ܐܝܟ,,,,Peshitta,PESH
5,Deuteronomy,1,17,Deuteronomy 1:17,7,ܪܒܐ,,,,Peshitta,PESH
5,Deuteronomy,1,17,Deuteronomy 1:17,8,ܗܘܝܬܘܢ,,,,Peshitta,PESH
5,Deuteronomy,1,17,Deuteronomy 1:17,9,ܫ̇ܡܥܝܢ,,,,Peshitta,PESH
5,Deuteronomy,1,17,Deuteronomy 1:17,10,ܠܐ,,,,Peshitta,PESH
5,Deuteronomy,1,17,Deuteronomy 1:17,11,ܬܕܚܠܘܢ,,,,Peshitta,PESH
5,Deuteronomy,1,17,Deuteronomy 1:17,12,ܡܢ,,,,Peshitta,PESH
5,Deuteronomy,1,17,Deuteronomy 1:17,13,ܩܕܡ,,,,Peshitta,PESH
5,Deuteronomy,1,17,Deuteronomy 1:17,14,ܓܒܪܐ,,,,Peshitta,PESH
5,Deuteronomy,1,17,Deuteronomy 1:17,15,ܡܛܠ,,,,Peshitta,PESH
5,Deuteronomy,1,17,Deuteronomy 1:17,16,ܕܕܝܢܐ,,,,Peshitta,PESH
5,Deuteronomy,1,17,Deuteronomy 1:17,17,ܕܐܠܗܐ,,,,Peshitta,PESH
5,Deuteronomy,1,17,Deuteronomy 1:17,18,ܗܘ,,,,Peshitta,PESH
5,Deuteronomy,1,17,Deuteronomy 1:17,19,ܘܦܬܓܡܐ,,,,Peshitta,PESH
5,Deuteronomy,1,17,Deuteronomy 1:17,20,ܕܗ̇ܘܐ,,,,Peshitta,PESH
5,Deuteronomy,1,17,Deuteronomy 1:17,21,ܩܫܐ,,,,Peshitta,PESH
5,Deuteronomy,1,17,Deuteronomy 1:17,22,ܡܢܟܘܢ,,,,Peshitta,PESH
5,Deuteronomy,1,17,Deuteronomy 1:17,23,ܩܪܒܘܗܝ,,,,Peshitta,PESH
5,Deuteronomy,1,17,Deuteronomy 1:17,24,ܠܘܬܝ,,,,Peshitta,PESH
5,Deuteronomy,1,17,Deuteronomy 1:17,25,ܘܐܫܡܥܝܘܗܝ,,,,Peshitta,PESH
5,Deuteronomy,1,18,Deuteronomy 1:18,1,ܘܦ̇ܩܕܬܟܘܢ,,,,Peshitta,PESH
5,Deuteronomy,1,18,Deuteronomy 1:18,2,ܒܙܒܢܐ,,,,Peshitta,PESH
5,Deuteronomy,1,18,Deuteronomy 1:18,3,ܗ̇ܘ,,,,Peshitta,PESH
5,Deuteronomy,1,18,Deuteronomy 1:18,4,ܟܠ,,,,Peshitta,PESH
5,Deuteronomy,1,18,Deuteronomy 1:18,5,ܦܬ̈ܓܡܐ,,,,Peshitta,PESH
5,Deuteronomy,1,18,Deuteronomy 1:18,6,ܕܬܥܒܕܘܢ,,,,Peshitta,PESH
5,Deuteronomy,1,19,Deuteronomy 1:19,1,ܘܫܩܠܢ,,,,Peshitta,PESH
5,Deuteronomy,1,19,Deuteronomy 1:19,2,ܡܢ,,,,Peshitta,PESH
5,Deuteronomy,1,19,Deuteronomy 1:19,3,ܚܘܪܝܒ,,,,Peshitta,PESH
5,Deuteronomy,1,19,Deuteronomy 1:19,4,ܘܗܠܟܢ,,,,Peshitta,PESH
5,Deuteronomy,1,19,Deuteronomy 1:19,5,ܒܟܠܗ,,,,Peshitta,PESH
5,Deuteronomy,1,19,Deuteronomy 1:19,6,ܗ̇ܘ,,,,Peshitta,PESH
5,Deuteronomy,1,19,Deuteronomy 1:19,7,ܡܕܒܪܐ,,,,Peshitta,PESH
5,Deuteronomy,1,19,Deuteronomy 1:19,8,ܪܒܐ,,,,Peshitta,PESH
5,Deuteronomy,1,19,Deuteronomy 1:19,9,ܘܕܚܝܠܐ,,,,Peshitta,PESH
5,Deuteronomy,1,19,Deuteronomy 1:19,10,ܕܚܙܝܬܘܢ,,,,Peshitta,PESH
5,Deuteronomy,1,19,Deuteronomy 1:19,11,ܒܐܪܥܐ,,,,Peshitta,PESH
5,Deuteronomy,1,19,Deuteronomy 1:19,12,ܕܛܘܪܐ,,,,Peshitta,PESH
5,Deuteronomy,1,19,Deuteronomy 1:19,13,ܕܐܡܘܪ̈ܝܐ,,,,Peshitta,PESH
5,Deuteronomy,1,19,Deuteronomy 1:19,14,ܐܝܟ,,,,Peshitta,PESH
5,Deuteronomy,1,19,Deuteronomy 1:19,15,ܕܦܩܕܢ,,,,Peshitta,PESH
5,Deuteronomy,1,19,Deuteronomy 1:19,16,ܡܪܝܐ,,,,Peshitta,PESH
5,Deuteronomy,1,19,Deuteronomy 1:19,17,ܐܠܗܢ,,,,Peshitta,PESH
5,Deuteronomy,1,19,Deuteronomy 1:19,18,ܘܐܬܝܢ,,,,Peshitta,PESH
5,Deuteronomy,1,19,Deuteronomy 1:19,19,ܥܕܡܐ,,,,Peshitta,PESH
5,Deuteronomy,1,19,Deuteronomy 1:19,20,ܠܪܩܡ,,,,Peshitta,PESH
5,Deuteronomy,1,19,Deuteronomy 1:19,21,ܕܓܝܐ,,,,Peshitta,PESH
5,Deuteronomy,1,20,Deuteronomy 1:20,1,ܘܐܡ̇ܪܬ,,,,Peshitta,PESH
5,Deuteronomy,1,20,Deuteronomy 1:20,2,ܠܟܘܢ,,,,Peshitta,PESH
5,Deuteronomy,1,20,Deuteronomy 1:20,3,ܐܬܝܬܘܢ,,,,Peshitta,PESH
5,Deuteronomy,1,20,Deuteronomy 1:20,4,ܥܕܡܐ,,,,Peshitta,PESH
5,Deuteronomy,1,20,Deuteronomy 1:20,5,ܠܛܘܪܐ,,,,Peshitta,PESH
5,Deuteronomy,1,20,Deuteronomy 1:20,6,ܕܐܡܘܪ̈ܝܐ,,,,Peshitta,PESH
5,Deuteronomy,1,20,Deuteronomy 1:20,7,ܕܡܪܝܐ,,,,Peshitta,PESH
5,Deuteronomy,1,20,Deuteronomy 1:20,8,ܐܠܗܢ,,,,Peshitta,PESH
5,Deuteronomy,1,20,Deuteronomy 1:20,9,ܝܗܒ,,,,Peshitta,PESH
5,Deuteronomy,1,20,Deuteronomy 1:20,10,ܠܢ,,,,Peshitta,PESH
5,Deuteronomy,1,21,Deuteronomy 1:21,1,ܚܙܘ,,,,Peshitta,PESH
5,Deuteronomy,1,21,Deuteronomy 1:21,2,ܕܝܗܒ,,,,Peshitta,PESH
5,Deuteronomy,1,21,Deuteronomy 1:21,3,ܡܪܝܐ,,,,Peshitta,PESH
5,Deuteronomy,1,21,Deuteronomy 1:21,4,ܐܠܗܟܘܢ,,,,Peshitta,PESH
5,Deuteronomy,1,21,Deuteronomy 1:21,5,ܩܕܡܝܟܘܢ,,,,Peshitta,PESH
5,Deuteronomy,1,21,Deuteronomy 1:21,6,ܐܪܥܐ,,,,Peshitta,PESH
5,Deuteronomy,1,21,Deuteronomy 1:21,7,ܣܩܘ,,,,Peshitta,PESH
5,Deuteronomy,1,21,Deuteronomy 1:21,8,ܘܝܪܬܘ,,,,Peshitta,PESH
5,Deuteronomy,1,21,Deuteronomy 1:21,9,ܐܪܥܐ,,,,Peshitta,PESH
5,Deuteronomy,1,21,Deuteronomy 1:21,10,ܐܝܟܢܐ,,,,Peshitta,PESH
5,Deuteronomy,1,21,Deuteronomy 1:21,11,ܕܐܡܪ,,,,Peshitta,PESH
5,Deuteronomy,1,21,Deuteronomy 1:21,12,ܠܟܘܢ,,,,Peshitta,PESH
5,Deuteronomy,1,21,Deuteronomy 1:21,13,ܡܪܝܐ,,,,Peshitta,PESH
5,Deuteronomy,1,21,Deuteronomy 1:21,14,ܐܠܗܐ,,,,Peshitta,PESH
5,Deuteronomy,1,21,Deuteronomy 1:21,15,ܕܐ̈ܒܗܝܟܘܢ,,,,Peshitta,PESH
5,Deuteronomy,1,21,Deuteronomy 1:21,16,ܠܐ,,,,Peshitta,PESH
5,Deuteronomy,1,21,Deuteronomy 1:21,17,ܬܕܚܠܘܢ,,,,Peshitta,PESH
5,Deuteronomy,1,21,Deuteronomy 1:21,18,ܘܠܐ,,,,Peshitta,PESH
5,Deuteronomy,1,21,Deuteronomy 1:21,19,ܬܬܪܗܒܘܢ,,,,Peshitta,PESH
5,Deuteronomy,1,22,Deuteronomy 1:22,1,ܘܩܪܒܬܘܢ,,,,Peshitta,PESH
5,Deuteronomy,1,22,Deuteronomy 1:22,2,ܠܘܬܝ,,,,Peshitta,PESH
5,Deuteronomy,1,22,Deuteronomy 1:22,3,ܟܠܟܘܢ,,,,Peshitta,PESH
5,Deuteronomy,1,22,Deuteronomy 1:22,4,ܘܐܡܪܬܘܢ,,,,Peshitta,PESH
5,Deuteronomy,1,22,Deuteronomy 1:22,5,ܢܫܕܪ,,,,Peshitta,PESH
5,Deuteronomy,1,22,Deuteronomy 1:22,6,ܓܒܪ̈ܐ,,,,Peshitta,PESH
5,Deuteronomy,1,22,Deuteronomy 1:22,7,ܩܕܡܝܢ,,,,Peshitta,PESH
5,Deuteronomy,1,22,Deuteronomy 1:22,8,ܢܓܫܘܢ,,,,Peshitta,PESH
5,Deuteronomy,1,22,Deuteronomy 1:22,9,ܠܢ,,,,Peshitta,PESH
5,Deuteronomy,1,22,Deuteronomy 1:22,10,ܐܪܥܐ,,,,Peshitta,PESH
5,Deuteronomy,1,22,Deuteronomy 1:22,11,ܘܢܬܠܘܢ,,,,Peshitta,PESH
5,Deuteronomy,1,22,Deuteronomy 1:22,12,ܠܢ,,,,Peshitta,PESH
5,Deuteronomy,1,22,Deuteronomy 1:22,13,ܦܬܓܡܐ,,,,Peshitta,PESH
5,Deuteronomy,1,22,Deuteronomy 1:22,14,ܘܢܚܘܘܢܢ,,,,Peshitta,PESH
5,Deuteronomy,1,22,Deuteronomy 1:22,15,ܐܘܪܚܐ,,,,Peshitta,PESH
5,Deuteronomy,1,22,Deuteronomy 1:22,16,ܕܢܐܙܠ,,,,Peshitta,PESH
5,Deuteronomy,1,22,Deuteronomy 1:22,17,ܒܗ̇,,,,Peshitta,PESH
5,Deuteronomy,1,22,Deuteronomy 1:22,18,ܘܩܘܪ̈ܝܐ,,,,Peshitta,PESH
5,Deuteronomy,1,22,Deuteronomy 1:22,19,ܕܢܥܘܠ,,,,Peshitta,PESH
5,Deuteronomy,1,22,Deuteronomy 1:22,20,ܠܗܝܢ,,,,Peshitta,PESH
5,Deuteronomy,1,23,Deuteronomy 1:23,1,ܘܫܦܪ,,,,Peshitta,PESH
5,Deuteronomy,1,23,Deuteronomy 1:23,2,ܦܬܓܡܐ,,,,Peshitta,PESH
5,Deuteronomy,1,23,Deuteronomy 1:23,3,ܒܥܝܢ̈ܝ,,,,Peshitta,PESH
5,Deuteronomy,1,23,Deuteronomy 1:23,4,ܘܕܒ̇ܪܬ,,,,Peshitta,PESH
5,Deuteronomy,1,23,Deuteronomy 1:23,5,ܡܢܟܘܢ,,,,Peshitta,PESH
5,Deuteronomy,1,23,Deuteronomy 1:23,6,ܬܪ̈ܥܣܪ,,,,Peshitta,PESH
5,Deuteronomy,1,23,Deuteronomy 1:23,7,ܓܒܪ̈ܝܢ,,,,Peshitta,PESH
5,Deuteronomy,1,23,Deuteronomy 1:23,8,ܚܕ,,,,Peshitta,PESH
5,Deuteronomy,1,23,Deuteronomy 1:23,9,ܚܕ,,,,Peshitta,PESH
5,Deuteronomy,1,23,Deuteronomy 1:23,10,ܓܒܪܐ,,,,Peshitta,PESH
5,Deuteronomy,1,23,Deuteronomy 1:23,11,ܡܢ,,,,Peshitta,PESH
5,Deuteronomy,1,23,Deuteronomy 1:23,12,ܫܒܛܐ,,,,Peshitta,PESH
5,Deuteronomy,1,24,Deuteronomy 1:24,1,ܘܐܬܦܢܝܘ,,,,Peshitta,PESH
5,Deuteronomy,1,24,Deuteronomy 1:24,2,ܘܣܠܩܘ,,,,Peshitta,PESH
5,Deuteronomy,1,24,Deuteronomy 1:24,3,ܠܛܘܪܐ,,,,Peshitta,PESH
5,Deuteronomy,1,24,Deuteronomy 1:24,4,ܘܣܠܩܘ,,,,Peshitta,PESH
5,Deuteronomy,1,24,Deuteronomy 1:24,5,ܥܕܡܐ,,,,Peshitta,PESH
5,Deuteronomy,1,24,Deuteronomy 1:24,6,ܠܢܚܠܐ,,,,Peshitta,PESH
5,Deuteronomy,1,24,Deuteronomy 1:24,7,ܕܣܓܘܠܐ,,,,Peshitta,PESH
5,Deuteronomy,1,24,Deuteronomy 1:24,8,ܘܓܫܘܗ̇,,,,Peshitta,PESH
5,Deuteronomy,1,24,Deuteronomy 1:24,9,ܠܐܪܥܐ,,,,Peshitta,PESH
5,Deuteronomy,1,25,Deuteronomy 1:25,1,ܘܢܣܒܘ,,,,Peshitta,PESH
5,Deuteronomy,1,25,Deuteronomy 1:25,2,ܒܐ̈ܝܕܝܗܘܢ,,,,Peshitta,PESH
5,Deuteronomy,1,25,Deuteronomy 1:25,3,ܡܢ,,,,Peshitta,PESH
5,Deuteronomy,1,25,Deuteronomy 1:25,4,ܦܐܪ̈ܐ,,,,Peshitta,PESH
5,Deuteronomy,1,25,Deuteronomy 1:25,5,ܕܐܪܥܐ,,,,Peshitta,PESH
5,Deuteronomy,1,25,Deuteronomy 1:25,6,ܘܐܝܬܝܘ,,,,Peshitta,PESH
5,Deuteronomy,1,25,Deuteronomy 1:25,7,ܠܢ,,,,Peshitta,PESH
5,Deuteronomy,1,25,Deuteronomy 1:25,8,ܘܐܬܝܒܘܢ,,,,Peshitta,PESH
5,Deuteronomy,1,25,Deuteronomy 1:25,9,ܦܬܓܡܐ,,,,Peshitta,PESH
5,Deuteronomy,1,25,Deuteronomy 1:25,10,ܘܐܡܪܘ,,,,Peshitta,PESH
5,Deuteronomy,1,25,Deuteronomy 1:25,11,ܠܢ,,,,Peshitta,PESH
5,Deuteronomy,1,25,Deuteronomy 1:25,12,ܛܒܐ,,,,Peshitta,PESH
5,Deuteronomy,1,25,Deuteronomy 1:25,13,ܗܝ,,,,Peshitta,PESH
5,Deuteronomy,1,25,Deuteronomy 1:25,14,ܐܪܥܐ,,,,Peshitta,PESH
5,Deuteronomy,1,25,Deuteronomy 1:25,15,ܕܝ̇ܗܒ,,,,Peshitta,PESH
5,Deuteronomy,1,25,Deuteronomy 1:25,16,ܠܢ,,,,Peshitta,PESH
5,Deuteronomy,1,25,Deuteronomy 1:25,17,ܡܪܝܐ,,,,Peshitta,PESH
5,Deuteronomy,1,25,Deuteronomy 1:25,18,ܐܠܗܢ,,,,Peshitta,PESH
5,Deuteronomy,1,26,Deuteronomy 1:26,1,ܘܠܐ,,,,Peshitta,PESH
5,Deuteronomy,1,26,Deuteronomy 1:26,2,ܨܒܝܬܘܢ,,,,Peshitta,PESH
5,Deuteronomy,1,26,Deuteronomy 1:26,3,ܠܡܣܩ,,,,Peshitta,PESH
5,Deuteronomy,1,26,Deuteronomy 1:26,4,ܐܠܐ,,,,Peshitta,PESH
5,Deuteronomy,1,26,Deuteronomy 1:26,5,ܡܪܡܪܬܘܢ,,,,Peshitta,PESH
5,Deuteronomy,1,26,Deuteronomy 1:26,6,ܡܠܬ,,,,Peshitta,PESH
5,Deuteronomy,1,26,Deuteronomy 1:26,7,ܦܘܡܗ,,,,Peshitta,PESH
5,Deuteronomy,1,26,Deuteronomy 1:26,8,ܕܡܪܝܐ,,,,Peshitta,PESH
5,Deuteronomy,1,26,Deuteronomy 1:26,9,ܐܠܗܢ,,,,Peshitta,PESH
5,Deuteronomy,1,27,Deuteronomy 1:27,1,ܘܪܛܢܬܘܢ,,,,Peshitta,PESH
5,Deuteronomy,1,27,Deuteronomy 1:27,2,ܡܢ,,,,Peshitta,PESH
5,Deuteronomy,1,27,Deuteronomy 1:27,3,ܡܫ̈ܟܢܝܟܘܢ,,,,Peshitta,PESH
5,Deuteronomy,1,27,Deuteronomy 1:27,4,ܘܐܡܪܬܘܢ,,,,Peshitta,PESH
5,Deuteronomy,1,27,Deuteronomy 1:27,5,ܡܛܠ,,,,Peshitta,PESH
5,Deuteronomy,1,27,Deuteronomy 1:27,6,ܕܣ̇ܢܐ,,,,Peshitta,PESH
5,Deuteronomy,1,27,Deuteronomy 1:27,7,ܗܘ,,,,Peshitta,PESH
5,Deuteronomy,1,27,Deuteronomy 1:27,8,ܠܢ,,,,Peshitta,PESH
5,Deuteronomy,1,27,Deuteronomy 1:27,9,ܡܪܝܐ,,,,Peshitta,PESH
5,Deuteronomy,1,27,Deuteronomy 1:27,10,ܐܦܩܢ,,,,Peshitta,PESH
5,Deuteronomy,1,27,Deuteronomy 1:27,11,ܡܢ,,,,Peshitta,PESH
5,Deuteronomy,1,27,Deuteronomy 1:27,12,ܐܪܥܐ,,,,Peshitta,PESH
5,Deuteronomy,1,27,Deuteronomy 1:27,13,ܕܡܨܪܝܢ,,,,Peshitta,PESH
5,Deuteronomy,1,27,Deuteronomy 1:27,14,ܕܢܫܠܡܢ,,,,Peshitta,PESH
5,Deuteronomy,1,27,Deuteronomy 1:27,15,ܒܐܝܕܐ,,,,Peshitta,PESH
5,Deuteronomy,1,27,Deuteronomy 1:27,16,ܕܐܡܘܪ̈ܝܐ,,,,Peshitta,PESH
5,Deuteronomy,1,27,Deuteronomy 1:27,17,ܕܢܘܒܕܘܢܢ,,,,Peshitta,PESH
5,Deuteronomy,1,28,Deuteronomy 1:28,1,ܠܐܝܟܐ,,,,Peshitta,PESH
5,Deuteronomy,1,28,Deuteronomy 1:28,2,ܣ̇ܠܩܝܢܢ,,,,Peshitta,PESH
5,Deuteronomy,1,28,Deuteronomy 1:28,3,ܐ̈ܚܝܢ,,,,Peshitta,PESH
5,Deuteronomy,1,28,Deuteronomy 1:28,4,ܬܒܪܘ,,,,Peshitta,PESH
5,Deuteronomy,1,28,Deuteronomy 1:28,5,ܠܒܢ,,,,Peshitta,PESH
5,Deuteronomy,1,28,Deuteronomy 1:28,6,ܘܐܡܪܘ,,,,Peshitta,PESH
5,Deuteronomy,1,28,Deuteronomy 1:28,7,ܠܢ,,,,Peshitta,PESH
5,Deuteronomy,1,28,Deuteronomy 1:28,8,ܕܥܡܐ,,,,Peshitta,PESH
5,Deuteronomy,1,28,Deuteronomy 1:28,9,ܪܒ,,,,Peshitta,PESH
5,Deuteronomy,1,28,Deuteronomy 1:28,10,ܘܪܡ,,,,Peshitta,PESH
5,Deuteronomy,1,28,Deuteronomy 1:28,11,ܘܥܫܝܢ,,,,Peshitta,PESH
5,Deuteronomy,1,28,Deuteronomy 1:28,12,ܡܢܢ,,,,Peshitta,PESH
5,Deuteronomy,1,28,Deuteronomy 1:28,13,ܘܩܘܪ̈ܝܐ,,,,Peshitta,PESH
5,Deuteronomy,1,28,Deuteronomy 1:28,14,ܪ̈ܘܪܒܢ,,,,Peshitta,PESH
5,Deuteronomy,1,28,Deuteronomy 1:28,15,ܘܟܪ̈ܝܟܢ,,,,Peshitta,PESH
5,Deuteronomy,1,28,Deuteronomy 1:28,16,ܥܕܡܐ,,,,Peshitta,PESH
5,Deuteronomy,1,28,Deuteronomy 1:28,17,ܠܫܡܝܐ,,,,Peshitta,PESH
5,Deuteronomy,1,28,Deuteronomy 1:28,18,ܐܦ,,,,Peshitta,PESH
5,Deuteronomy,1,28,Deuteronomy 1:28,19,ܒܢ̈ܝ,,,,Peshitta,PESH
5,Deuteronomy,1,28,Deuteronomy 1:28,20,ܓܢܒܪ̈ܐ,,,,Peshitta,PESH
5,Deuteronomy,1,28,Deuteronomy 1:28,21,ܚܙܝܢ,,,,Peshitta,PESH
5,Deuteronomy,1,28,Deuteronomy 1:28,22,ܬܡܢ,,,,Peshitta,PESH
5,Deuteronomy,1,29,Deuteronomy 1:29,1,ܘܐܡ̇ܪܬ,,,,Peshitta,PESH
5,Deuteronomy,1,29,Deuteronomy 1:29,2,ܠܟܘܢ,,,,Peshitta,PESH
5,Deuteronomy,1,29,Deuteronomy 1:29,3,ܠܐ,,,,Peshitta,PESH
5,Deuteronomy,1,29,Deuteronomy 1:29,4,ܬܕܚܠܘܢ,,,,Peshitta,PESH
5,Deuteronomy,1,29,Deuteronomy 1:29,5,ܘܠܐ,,,,Peshitta,PESH
5,Deuteronomy,1,29,Deuteronomy 1:29,6,ܬܙܘܥܘܢ,,,,Peshitta,PESH
5,Deuteronomy,1,29,Deuteronomy 1:29,7,ܡܢܗܘܢ,,,,Peshitta,PESH
5,Deuteronomy,1,30,Deuteronomy 1:30,1,ܡܪܝܐ,,,,Peshitta,PESH
5,Deuteronomy,1,30,Deuteronomy 1:30,2,ܐܠܗܟܘܢ,,,,Peshitta,PESH
5,Deuteronomy,1,30,Deuteronomy 1:30,3,ܐ̇ܙܠ,,,,Peshitta,PESH
5,Deuteronomy,1,30,Deuteronomy 1:30,4,ܩܕܡܝܟܘܢ,,,,Peshitta,PESH
5,Deuteronomy,1,30,Deuteronomy 1:30,5,ܘܗܘ,,,,Peshitta,PESH
5,Deuteronomy,1,30,Deuteronomy 1:30,6,ܡܬܟܬܫ,,,,Peshitta,PESH
5,Deuteronomy,1,30,Deuteronomy 1:30,7,ܚܠܦܝܟܘܢ,,,,Peshitta,PESH
5,Deuteronomy,1,30,Deuteronomy 1:30,8,ܟܠ,,,,Peshitta,PESH
5,Deuteronomy,1,30,Deuteronomy 1:30,9,ܕܥܒܕ,,,,Peshitta,PESH
5,Deuteronomy,1,30,Deuteronomy 1:30,10,ܥܡܟܘܢ,,,,Peshitta,PESH
5,Deuteronomy,1,30,Deuteronomy 1:30,11,ܒܡܨܪܝܢ,,,,Peshitta,PESH
5,Deuteronomy,1,30,Deuteronomy 1:30,12,ܠܥܢܝ̈ܟܘܢ,,,,Peshitta,PESH
5,Deuteronomy,1,31,Deuteronomy 1:31,1,ܘܒܡܕܒܪܐ,,,,Peshitta,PESH
5,Deuteronomy,1,31,Deuteronomy 1:31,2,ܕܚܙܝܬܘܢ,,,,Peshitta,PESH
5,Deuteronomy,1,31,Deuteronomy 1:31,3,ܕܬܪܣܝܟܘܢ,,,,Peshitta,PESH
5,Deuteronomy,1,31,Deuteronomy 1:31,4,ܡܪܝܐ,,,,Peshitta,PESH
5,Deuteronomy,1,31,Deuteronomy 1:31,5,ܐܠܗܟܘܢ,,,,Peshitta,PESH
5,Deuteronomy,1,31,Deuteronomy 1:31,6,ܐܝܟ,,,,Peshitta,PESH
5,Deuteronomy,1,31,Deuteronomy 1:31,7,ܕܡܬܪܣܐ,,,,Peshitta,PESH
5,Deuteronomy,1,31,Deuteronomy 1:31,8,ܓܒܪܐ,,,,Peshitta,PESH
5,Deuteronomy,1,31,Deuteronomy 1:31,9,ܠܒܪܗ,,,,Peshitta,PESH
5,Deuteronomy,1,31,Deuteronomy 1:31,10,ܒܟܠܗ̇,,,,Peshitta,PESH
5,Deuteronomy,1,31,Deuteronomy 1:31,11,ܐܪܥܐ,,,,Peshitta,PESH
5,Deuteronomy,1,31,Deuteronomy 1:31,12,ܕܐܙܠܬܘܢ,,,,Peshitta,PESH
5,Deuteronomy,1,31,Deuteronomy 1:31,13,ܥܕܡܐ,,,,Peshitta,PESH
5,Deuteronomy,1,31,Deuteronomy 1:31,14,ܕܐܬܝܬܘܢ,,,,Peshitta,PESH
5,Deuteronomy,1,31,Deuteronomy 1:31,15,ܠܐܬܪܐ,,,,Peshitta,PESH
5,Deuteronomy,1,31,Deuteronomy 1:31,16,ܗܢܐ,,,,Peshitta,PESH
5,Deuteronomy,1,32,Deuteronomy 1:32,1,ܘܒܦܬܓܡܐ,,,,Peshitta,PESH
5,Deuteronomy,1,32,Deuteronomy 1:32,2,ܗܢܐ,,,,Peshitta,PESH
5,Deuteronomy,1,32,Deuteronomy 1:32,3,ܠܐ,,,,Peshitta,PESH
5,Deuteronomy,1,32,Deuteronomy 1:32,4,ܡܗܝܡܢܝܢ,,,,Peshitta,PESH
5,Deuteronomy,1,32,Deuteronomy 1:32,5,ܐܢܬܘܢ,,,,Peshitta,PESH
5,Deuteronomy,1,32,Deuteronomy 1:32,6,ܒܡܪܝܐ,,,,Peshitta,PESH
5,Deuteronomy,1,32,Deuteronomy 1:32,7,ܐܠܗܟܘܢ,,,,Peshitta,PESH
5,Deuteronomy,1,33,Deuteronomy 1:33,1,ܕܐ̇ܙܠ,,,,Peshitta,PESH
5,Deuteronomy,1,33,Deuteronomy 1:33,2,ܩܕܡܝܟܘܢ,,,,Peshitta,PESH
5,Deuteronomy,1,33,Deuteronomy 1:33,3,ܒܐܘܪܚܐ,,,,Peshitta,PESH
5,Deuteronomy,1,33,Deuteronomy 1:33,4,ܠܡܬܩܢܘ,,,,Peshitta,PESH
5,Deuteronomy,1,33,Deuteronomy 1:33,5,ܠܟܘܢ,,,,Peshitta,PESH
5,Deuteronomy,1,33,Deuteronomy 1:33,6,ܐܬܪܐ,,,,Peshitta,PESH
5,Deuteronomy,1,33,Deuteronomy 1:33,7,ܕܬܫܪܘܢ,,,,Peshitta,PESH
5,Deuteronomy,1,33,Deuteronomy 1:33,8,ܒܗ,,,,Peshitta,PESH
5,Deuteronomy,1,33,Deuteronomy 1:33,9,ܒܢܘܪܐ,,,,Peshitta,PESH
5,Deuteronomy,1,33,Deuteronomy 1:33,10,ܒܠܠܝܐ,,,,Peshitta,PESH
5,Deuteronomy,1,33,Deuteronomy 1:33,11,ܚܘܝܟܘܢ,,,,Peshitta,PESH
5,Deuteronomy,1,33,Deuteronomy 1:33,12,ܐܘܪܚܐ,,,,Peshitta,PESH
5,Deuteronomy,1,33,Deuteronomy 1:33,13,ܕܬܐܙܠܘܢ,,,,Peshitta,PESH
5,Deuteronomy,1,33,Deuteronomy 1:33,14,ܒܗ̇,,,,Peshitta,PESH
5,Deuteronomy,1,33,Deuteronomy 1:33,15,ܘܒܥܢܢܐ,,,,Peshitta,PESH
5,Deuteronomy,1,33,Deuteronomy 1:33,16,ܒܐܝܡܡܐ,,,,Peshitta,PESH
5,Deuteronomy,1,34,Deuteronomy 1:34,1,ܘܫܡܥ,,,,Peshitta,PESH
5,Deuteronomy,1,34,Deuteronomy 1:34,2,ܡܪܝܐ,,,,Peshitta,PESH
5,Deuteronomy,1,34,Deuteronomy 1:34,3,ܩܠܐ,,,,Peshitta,PESH
5,Deuteronomy,1,34,Deuteronomy 1:34,4,ܕܡ̈ܠܝܟܘܢ,,,,Peshitta,PESH
5,Deuteronomy,1,34,Deuteronomy 1:34,5,ܘܪܓܙ,,,,Peshitta,PESH
5,Deuteronomy,1,34,Deuteronomy 1:34,6,ܘܐܝܡܐ,,,,Peshitta,PESH
5,Deuteronomy,1,34,Deuteronomy 1:34,7,ܘܐܡܪ,,,,Peshitta,PESH
5,Deuteronomy,1,35,Deuteronomy 1:35,1,ܕܠܐ,,,,Peshitta,PESH
5,Deuteronomy,1,35,Deuteronomy 1:35,2,ܢܚܙܘܢ,,,,Peshitta,PESH
5,Deuteronomy,1,35,Deuteronomy 1:35,3,ܚܕ,,,,Peshitta,PESH
5,Deuteronomy,1,35,Deuteronomy 1:35,4,ܡܢ,,,,Peshitta,PESH
5,Deuteronomy,1,35,Deuteronomy 1:35,5,ܓܒܪ̈ܐ,,,,Peshitta,PESH
5,Deuteronomy,1,35,Deuteronomy 1:35,6,ܗܠܝܢ,,,,Peshitta,PESH
5,Deuteronomy,1,35,Deuteronomy 1:35,7,ܕܪܐ,,,,Peshitta,PESH
5,Deuteronomy,1,35,Deuteronomy 1:35,8,ܗܢܐ,,,,Peshitta,PESH
5,Deuteronomy,1,35,Deuteronomy 1:35,9,ܒܝܫܐ,,,,Peshitta,PESH
5,Deuteronomy,1,35,Deuteronomy 1:35,10,ܐܪܥܐ,,,,Peshitta,PESH
5,Deuteronomy,1,35,Deuteronomy 1:35,11,ܛܒܬܐ,,,,Peshitta,PESH
5,Deuteronomy,1,35,Deuteronomy 1:35,12,ܕܝܡ̇ܝܬ,,,,Peshitta,PESH
5,Deuteronomy,1,35,Deuteronomy 1:35,13,ܠܡܬܠ,,,,Peshitta,PESH
5,Deuteronomy,1,35,Deuteronomy 1:35,14,ܠܐܒ̈ܗܝܟܘܢ,,,,Peshitta,PESH
5,Deuteronomy,1,36,Deuteronomy 1:36,1,ܐܠܐ,,,,Peshitta,PESH
5,Deuteronomy,1,36,Deuteronomy 1:36,2,ܐܢ,,,,Peshitta,PESH
5,Deuteronomy,1,36,Deuteronomy 1:36,3,ܟܠܒ,,,,Peshitta,PESH
5,Deuteronomy,1,36,Deuteronomy 1:36,4,ܒܪ,,,,Peshitta,PESH
5,Deuteronomy,1,36,Deuteronomy 1:36,5,ܝܘܦܢܐ,,,,Peshitta,PESH
5,Deuteronomy,1,36,Deuteronomy 1:36,6,ܗܘ,,,,Peshitta,PESH
5,Deuteronomy,1,36,Deuteronomy 1:36,7,ܢܚܙܝܗ̇,,,,Peshitta,PESH
5,Deuteronomy,1,36,Deuteronomy 1:36,8,ܘܠܗ,,,,Peshitta,PESH
5,Deuteronomy,1,36,Deuteronomy 1:36,9,ܐܬܠ,,,,Peshitta,PESH
5,Deuteronomy,1,36,Deuteronomy 1:36,10,ܐܪܥܐ,,,,Peshitta,PESH
5,Deuteronomy,1,36,Deuteronomy 1:36,11,ܕܗܠܟ,,,,Peshitta,PESH
5,Deuteronomy,1,36,Deuteronomy 1:36,12,ܒܗ̇,,,,Peshitta,PESH
5,Deuteronomy,1,36,Deuteronomy 1:36,13,ܘܠܒܢ̈ܘܗܝ,,,,Peshitta,PESH
5,Deuteronomy,1,36,Deuteronomy 1:36,14,ܚܠܦ,,,,Peshitta,PESH
5,Deuteronomy,1,36,Deuteronomy 1:36,15,ܕܫܡܠܝ,,,,Peshitta,PESH
5,Deuteronomy,1,36,Deuteronomy 1:36,16,ܒܬܪ,,,,Peshitta,PESH
5,Deuteronomy,1,36,Deuteronomy 1:36,17,ܡܪܝܐ,,,,Peshitta,PESH
5,Deuteronomy,1,37,Deuteronomy 1:37,1,ܘܐܦ,,,,Peshitta,PESH
5,Deuteronomy,1,37,Deuteronomy 1:37,2,ܥܠܝ,,,,Peshitta,PESH
5,Deuteronomy,1,37,Deuteronomy 1:37,3,ܪܓܙ,,,,Peshitta,PESH
5,Deuteronomy,1,37,Deuteronomy 1:37,4,ܡܪܝܐ,,,,Peshitta,PESH
5,Deuteronomy,1,37,Deuteronomy 1:37,5,ܡܛܘܠܬܟܘܢ,,,,Peshitta,PESH
5,Deuteronomy,1,37,Deuteronomy 1:37,6,ܘܐܡܪ,,,,Peshitta,PESH
5,Deuteronomy,1,37,Deuteronomy 1:37,7,ܠܝ,,,,Peshitta,PESH
5,Deuteronomy,1,37,Deuteronomy 1:37,8,ܘܐܦ,,,,Peshitta,PESH
5,Deuteronomy,1,37,Deuteronomy 1:37,9,ܐܢܬ,,,,Peshitta,PESH
5,Deuteronomy,1,37,Deuteronomy 1:37,10,ܠܐ,,,,Peshitta,PESH
5,Deuteronomy,1,37,Deuteronomy 1:37,11,ܬܥܘܠ,,,,Peshitta,PESH
5,Deuteronomy,1,37,Deuteronomy 1:37,12,ܠܬܡܢ,,,,Peshitta,PESH
5,Deuteronomy,1,38,Deuteronomy 1:38,1,ܐܠܐ,,,,Peshitta,PESH
5,Deuteronomy,1,38,Deuteronomy 1:38,2,ܐܢ,,,,Peshitta,PESH
5,Deuteronomy,1,38,Deuteronomy 1:38,3,ܝܫܘܥ,,,,Peshitta,PESH
5,Deuteronomy,1,38,Deuteronomy 1:38,4,ܒܪܢܘܢ,,,,Peshitta,PESH
5,Deuteronomy,1,38,Deuteronomy 1:38,5,ܕܩ̇ܐܡ,,,,Peshitta,PESH
5,Deuteronomy,1,38,Deuteronomy 1:38,6,ܩܕܡܝܟ,,,,Peshitta,PESH
5,Deuteronomy,1,38,Deuteronomy 1:38,7,ܗܘ,,,,Peshitta,PESH
5,Deuteronomy,1,38,Deuteronomy 1:38,8,ܢܥܘܠ,,,,Peshitta,PESH
5,Deuteronomy,1,38,Deuteronomy 1:38,9,ܠܬܡܢ,,,,Peshitta,PESH
5,Deuteronomy,1,38,Deuteronomy 1:38,10,ܠܗ,,,,Peshitta,PESH
5,Deuteronomy,1,38,Deuteronomy 1:38,11,ܚܝܠ,,,,Peshitta,PESH
5,Deuteronomy,1,38,Deuteronomy 1:38,12,ܡܛܠ,,,,Peshitta,PESH
5,Deuteronomy,1,38,Deuteronomy 1:38,13,ܕܗܘ,,,,Peshitta,PESH
5,Deuteronomy,1,38,Deuteronomy 1:38,14,ܢܘܪܬܝܗ̇,,,,Peshitta,PESH
5,Deuteronomy,1,38,Deuteronomy 1:38,15,ܠܐܝܣܪܝܠ,,,,Peshitta,PESH
5,Deuteronomy,1,39,Deuteronomy 1:39,1,ܘܝܩܪܬܟܘܢ,,,,Peshitta,PESH
5,Deuteronomy,1,39,Deuteronomy 1:39,2,ܕܐܡܪܬܘܢ,,,,Peshitta,PESH
5,Deuteronomy,1,39,Deuteronomy 1:39,3,ܠܒܙܬܐ,,,,Peshitta,PESH
5,Deuteronomy,1,39,Deuteronomy 1:39,4,ܬܗܘܐ,,,,Peshitta,PESH
5,Deuteronomy,1,39,Deuteronomy 1:39,5,ܘܒܢܝ̈ܟܘܢ,,,,Peshitta,PESH
5,Deuteronomy,1,39,Deuteronomy 1:39,6,ܕܠܐ,,,,Peshitta,PESH
5,Deuteronomy,1,39,Deuteronomy 1:39,7,ܝܕܥܘ,,,,Peshitta,PESH
5,Deuteronomy,1,39,Deuteronomy 1:39,8,ܝܘܡܢܐ,,,,Peshitta,PESH
5,Deuteronomy,1,39,Deuteronomy 1:39,9,ܛܒܬܐ,,,,Peshitta,PESH
5,Deuteronomy,1,39,Deuteronomy 1:39,10,ܘܒܝܫܬܐ,,,,Peshitta,PESH
5,Deuteronomy,1,39,Deuteronomy 1:39,11,ܗܢܘܢ,,,,Peshitta,PESH
5,Deuteronomy,1,39,Deuteronomy 1:39,12,ܢܥܠܘܢ,,,,Peshitta,PESH
5,Deuteronomy,1,39,Deuteronomy 1:39,13,ܠܬܡܢ,,,,Peshitta,PESH
5,Deuteronomy,1,39,Deuteronomy 1:39,14,ܘܠܗܘܢ,,,,Peshitta,PESH
5,Deuteronomy,1,39,Deuteronomy 1:39,15,ܐܬܠܝܗ̇,,,,Peshitta,PESH
5,Deuteronomy,1,39,Deuteronomy 1:39,16,ܘܗܢܘܢ,,,,Peshitta,PESH
5,Deuteronomy,1,39,Deuteronomy 1:39,17,ܢܐܪܬܘܢܗ̇,,,,Peshitta,PESH
5,Deuteronomy,1,40,Deuteronomy 1:40,1,ܘܐܢܬܘܢ,,,,Peshitta,PESH
5,Deuteronomy,1,40,Deuteronomy 1:40,2,ܐܬܦܢܘ,,,,Peshitta,PESH
5,Deuteronomy,1,40,Deuteronomy 1:40,3,ܠܟܘܢ,,,,Peshitta,PESH
5,Deuteronomy,1,40,Deuteronomy 1:40,4,ܘܫܩܘܠܘ,,,,Peshitta,PESH
5,Deuteronomy,1,40,Deuteronomy 1:40,5,ܠܡܕܒܪܐ,,,,Peshitta,PESH
5,Deuteronomy,1,40,Deuteronomy 1:40,6,ܠܐܘܪܚܐ,,,,Peshitta,PESH
5,Deuteronomy,1,40,Deuteronomy 1:40,7,ܕܝܡܐ,,,,Peshitta,PESH
5,Deuteronomy,1,40,Deuteronomy 1:40,8,ܕܣܘܦ,,,,Peshitta,PESH
5,Deuteronomy,1,41,Deuteronomy 1:41,1,ܘܥܢܝܬܘܢ,,,,Peshitta,PESH
5,Deuteronomy,1,41,Deuteronomy 1:41,2,ܘܐܡܪܬܘܢ,,,,Peshitta,PESH
5,Deuteronomy,1,41,Deuteronomy 1:41,3,ܠܝ,,,,Peshitta,PESH
5,Deuteronomy,1,41,Deuteronomy 1:41,4,ܚܛܝܢ,,,,Peshitta,PESH
5,Deuteronomy,1,41,Deuteronomy 1:41,5,ܩܕܡ,,,,Peshitta,PESH
5,Deuteronomy,1,41,Deuteronomy 1:41,6,ܡܪܝܐ,,,,Peshitta,PESH
5,Deuteronomy,1,41,Deuteronomy 1:41,7,ܐܠܗܢ,,,,Peshitta,PESH
5,Deuteronomy,1,41,Deuteronomy 1:41,8,ܚܢܢ,,,,Peshitta,PESH
5,Deuteronomy,1,41,Deuteronomy 1:41,9,ܢܣܩ,,,,Peshitta,PESH
5,Deuteronomy,1,41,Deuteronomy 1:41,10,ܘܢܬܟܬܫ,,,,Peshitta,PESH
5,Deuteronomy,1,41,Deuteronomy 1:41,11,ܐܝܟ,,,,Peshitta,PESH
5,Deuteronomy,1,41,Deuteronomy 1:41,12,ܕܦܩܕܢ,,,,Peshitta,PESH
5,Deuteronomy,1,41,Deuteronomy 1:41,13,ܡܪܝܐ,,,,Peshitta,PESH
5,Deuteronomy,1,41,Deuteronomy 1:41,14,ܐܠܗܢ,,,,Peshitta,PESH
5,Deuteronomy,1,41,Deuteronomy 1:41,15,ܘܐܙܕܝܢܬܘܢ,,,,Peshitta,PESH
5,Deuteronomy,1,41,Deuteronomy 1:41,16,ܓܒܪ,,,,Peshitta,PESH
5,Deuteronomy,1,41,Deuteronomy 1:41,17,ܒܡܐ̈ܢܝ,,,,Peshitta,PESH
5,Deuteronomy,1,41,Deuteronomy 1:41,18,ܩܪܒܗ,,,,Peshitta,PESH
5,Deuteronomy,1,41,Deuteronomy 1:41,19,ܘܐܬܓܪܓܬܘܢ,,,,Peshitta,PESH
5,Deuteronomy,1,41,Deuteronomy 1:41,20,ܠܡܣܩ,,,,Peshitta,PESH
5,Deuteronomy,1,41,Deuteronomy 1:41,21,ܠܛܘܪܐ,,,,Peshitta,PESH
5,Deuteronomy,1,42,Deuteronomy 1:42,1,ܘܐܡܪ,,,,Peshitta,PESH
5,Deuteronomy,1,42,Deuteronomy 1:42,2,ܠܝ,,,,Peshitta,PESH
5,Deuteronomy,1,42,Deuteronomy 1:42,3,ܡܪܝܐ,,,,Peshitta,PESH
5,Deuteronomy,1,42,Deuteronomy 1:42,4,ܐܡܪ,,,,Peshitta,PESH
5,Deuteronomy,1,42,Deuteronomy 1:42,5,ܠܗܘܢ,,,,Peshitta,PESH
5,Deuteronomy,1,42,Deuteronomy 1:42,6,ܠܐ,,,,Peshitta,PESH
5,Deuteronomy,1,42,Deuteronomy 1:42,7,ܬܣܩܘܢ,,,,Peshitta,PESH
5,Deuteronomy,1,42,Deuteronomy 1:42,8,ܘܠܐ,,,,Peshitta,PESH
5,Deuteronomy,1,42,Deuteronomy 1:42,9,ܬܬܟܬܫܘܢ,,,,Peshitta,PESH
5,Deuteronomy,1,42,Deuteronomy 1:42,10,ܡܛܠ,,,,Peshitta,PESH
5,Deuteronomy,1,42,Deuteronomy 1:42,11,ܕܠܐ,,,,Peshitta,PESH
5,Deuteronomy,1,42,Deuteronomy 1:42,12,ܗ̇ܘܝܬ,,,,Peshitta,PESH
5,Deuteronomy,1,42,Deuteronomy 1:42,13,ܒܝܢܬܟܘܢ,,,,Peshitta,PESH
5,Deuteronomy,1,42,Deuteronomy 1:42,14,ܕܠܐ,,,,Peshitta,PESH
5,Deuteronomy,1,42,Deuteronomy 1:42,15,ܬܬܒܪܘܢ,,,,Peshitta,PESH
5,Deuteronomy,1,42,Deuteronomy 1:42,16,ܩܕܡ,,,,Peshitta,PESH
5,Deuteronomy,1,42,Deuteronomy 1:42,17,ܒ̈ܥܠܕܒܒܝܟܘܢ,,,,Peshitta,PESH
5,Deuteronomy,1,43,Deuteronomy 1:43,1,ܘܐܡ̇ܪܬ,,,,Peshitta,PESH
5,Deuteronomy,1,43,Deuteronomy 1:43,2,ܠܟܘܢ,,,,Peshitta,PESH
5,Deuteronomy,1,43,Deuteronomy 1:43,3,ܘܠܐ,,,,Peshitta,PESH
5,Deuteronomy,1,43,Deuteronomy 1:43,4,ܫܡܥܬܘܢ,,,,Peshitta,PESH
5,Deuteronomy,1,43,Deuteronomy 1:43,5,ܘܡܪܡܪܬܘܢ,,,,Peshitta,PESH
5,Deuteronomy,1,43,Deuteronomy 1:43,6,ܡܠܬ,,,,Peshitta,PESH
5,Deuteronomy,1,43,Deuteronomy 1:43,7,ܦܘܡܗ,,,,Peshitta,PESH
5,Deuteronomy,1,43,Deuteronomy 1:43,8,ܕܡܪܝܐ,,,,Peshitta,PESH
5,Deuteronomy,1,43,Deuteronomy 1:43,9,ܘܐܡܪܚܬܘܢ,,,,Peshitta,PESH
5,Deuteronomy,1,43,Deuteronomy 1:43,10,ܘܣܠܩܬܘܢ,,,,Peshitta,PESH
5,Deuteronomy,1,43,Deuteronomy 1:43,11,ܠܛܘܪܐ,,,,Peshitta,PESH
5,Deuteronomy,1,44,Deuteronomy 1:44,1,ܘܢܦܩܘ,,,,Peshitta,PESH
5,Deuteronomy,1,44,Deuteronomy 1:44,2,ܐܡܘܪ̈ܝܐ,,,,Peshitta,PESH
5,Deuteronomy,1,44,Deuteronomy 1:44,3,ܕܥ̇ܡܪܝܢ,,,,Peshitta,PESH
5,Deuteronomy,1,44,Deuteronomy 1:44,4,ܒܛܘܪܐ,,,,Peshitta,PESH
5,Deuteronomy,1,44,Deuteronomy 1:44,5,ܗ̇ܘ,,,,Peshitta,PESH
5,Deuteronomy,1,44,Deuteronomy 1:44,6,ܠܐܘܪܥܟܘܢ,,,,Peshitta,PESH
5,Deuteronomy,1,44,Deuteronomy 1:44,7,ܘܪܕܦܘܟܘܢ,,,,Peshitta,PESH
5,Deuteronomy,1,44,Deuteronomy 1:44,8,ܐܝܟ,,,,Peshitta,PESH
5,Deuteronomy,1,44,Deuteronomy 1:44,9,ܕܒܘܪ̈ܐ,,,,Peshitta,PESH
5,Deuteronomy,1,44,Deuteronomy 1:44,10,ܡܬܢܢ̈ܐ,,,,Peshitta,PESH
5,Deuteronomy,1,44,Deuteronomy 1:44,11,ܘܛܪܕܘܟܘܢ,,,,Peshitta,PESH
5,Deuteronomy,1,44,Deuteronomy 1:44,12,ܡܢ,,,,Peshitta,PESH
5,Deuteronomy,1,44,Deuteronomy 1:44,13,ܣܥܝܪ,,,,Peshitta,PESH
5,Deuteronomy,1,44,Deuteronomy 1:44,14,ܘܥܕܡܐ,,,,Peshitta,PESH
5,Deuteronomy,1,44,Deuteronomy 1:44,15,ܠܚܪܡܐ,,,,Peshitta,PESH
5,Deuteronomy,1,45,Deuteronomy 1:45,1,ܘܝܬܒܬܘܢ,,,,Peshitta,PESH
5,Deuteronomy,1,45,Deuteronomy 1:45,2,ܘܒܟܝܬܘܢ,,,,Peshitta,PESH
5,Deuteronomy,1,45,Deuteronomy 1:45,3,ܩܕܡ,,,,Peshitta,PESH
5,Deuteronomy,1,45,Deuteronomy 1:45,4,ܡܪܝܐ,,,,Peshitta,PESH
5,Deuteronomy,1,45,Deuteronomy 1:45,5,ܘܠܐ,,,,Peshitta,PESH
5,Deuteronomy,1,45,Deuteronomy 1:45,6,ܫܡܥ,,,,Peshitta,PESH
5,Deuteronomy,1,45,Deuteronomy 1:45,7,ܡܪܝܐ,,,,Peshitta,PESH
5,Deuteronomy,1,45,Deuteronomy 1:45,8,ܒܩܠܟܘܢ,,,,Peshitta,PESH
5,Deuteronomy,1,45,Deuteronomy 1:45,9,ܘܠܐ,,,,Peshitta,PESH
5,Deuteronomy,1,45,Deuteronomy 1:45,10,ܨܬܟܘܢ,,,,Peshitta,PESH
5,Deuteronomy,1,46,Deuteronomy 1:46,1,ܘܝܬܒܬܘܢ,,,,Peshitta,PESH
5,Deuteronomy,1,46,Deuteronomy 1:46,2,ܒܪܩܡ,,,,Peshitta,PESH
5,Deuteronomy,1,46,Deuteronomy 1:46,3,ܝܘܡ̈ܬܐ,,,,Peshitta,PESH
5,Deuteronomy,1,46,Deuteronomy 1:46,4,ܣ̈ܓܝܐܐ,,,,Peshitta,PESH
5,Deuteronomy,1,46,Deuteronomy 1:46,5,ܐܝܟ,,,,Peshitta,PESH
5,Deuteronomy,1,46,Deuteronomy 1:46,6,ܝܘܡ̈ܬܐ,,,,Peshitta,PESH
5,Deuteronomy,1,46,Deuteronomy 1:46,7,ܕܝܬܒܬܘܢ,,,,Peshitta,PESH
5,Deuteronomy,2,1,Deuteronomy 2:1,1,ܘܐܬܦܢܝܢ,,,,Peshitta,PESH
5,Deuteronomy,2,1,Deuteronomy 2:1,2,ܘܫܩܠܢ,,,,Peshitta,PESH
5,Deuteronomy,2,1,Deuteronomy 2:1,3,ܠܡܕܒܪܐ,,,,Peshitta,PESH
5,Deuteronomy,2,1,Deuteronomy 2:1,4,ܒܐܘܪܚܐ,,,,Peshitta,PESH
5,Deuteronomy,2,1,Deuteronomy 2:1,5,ܕܝܡܐ,,,,Peshitta,PESH
5,Deuteronomy,2,1,Deuteronomy 2:1,6,ܕܣܘܦ,,,,Peshitta,PESH
5,Deuteronomy,2,1,Deuteronomy 2:1,7,ܐܝܟ,,,,Peshitta,PESH
5,Deuteronomy,2,1,Deuteronomy 2:1,8,ܕܐܡܪ,,,,Peshitta,PESH
5,Deuteronomy,2,1,Deuteronomy 2:1,9,ܠܝ,,,,Peshitta,PESH
5,Deuteronomy,2,1,Deuteronomy 2:1,10,ܡܪܝܐ,,,,Peshitta,PESH
5,Deuteronomy,2,1,Deuteronomy 2:1,11,ܘܐܬܟܪܟܢܝܗܝ,,,,Peshitta,PESH
5,Deuteronomy,2,1,Deuteronomy 2:1,12,ܠܛܘܪܐ,,,,Peshitta,PESH
5,Deuteronomy,2,1,Deuteronomy 2:1,13,ܕܣܥܝܪ,,,,Peshitta,PESH
5,Deuteronomy,2,1,Deuteronomy 2:1,14,ܝܘܡ̈ܬܐ,,,,Peshitta,PESH
5,Deuteronomy,2,1,Deuteronomy 2:1,15,ܣ̈ܓܝܐܐ,,,,Peshitta,PESH
5,Deuteronomy,2,2,Deuteronomy 2:2,1,ܘܐܡܪ,,,,Peshitta,PESH
5,Deuteronomy,2,2,Deuteronomy 2:2,2,ܠܝ,,,,Peshitta,PESH
5,Deuteronomy,2,2,Deuteronomy 2:2,3,ܡܪܝܐ,,,,Peshitta,PESH
5,Deuteronomy,2,3,Deuteronomy 2:3,1,ܣܓܝ,,,,Peshitta,PESH
5,Deuteronomy,2,3,Deuteronomy 2:3,2,ܠܟܘܢ,,,,Peshitta,PESH
5,Deuteronomy,2,3,Deuteronomy 2:3,3,ܗܐ,,,,Peshitta,PESH
5,Deuteronomy,2,3,Deuteronomy 2:3,4,ܡܢ,,,,Peshitta,PESH
5,Deuteronomy,2,3,Deuteronomy 2:3,5,ܕܡܬܟܪܟܝܢ,,,,Peshitta,PESH
5,Deuteronomy,2,3,Deuteronomy 2:3,6,ܐܢܬܘܢ,,,,Peshitta,PESH
5,Deuteronomy,2,3,Deuteronomy 2:3,7,ܛܘܪܐ,,,,Peshitta,PESH
5,Deuteronomy,2,3,Deuteronomy 2:3,8,ܗܢܐ,,,,Peshitta,PESH
5,Deuteronomy,2,3,Deuteronomy 2:3,9,ܐܬܦܢܘ,,,,Peshitta,PESH
5,Deuteronomy,2,3,Deuteronomy 2:3,10,ܠܟܘܢ,,,,Peshitta,PESH
5,Deuteronomy,2,3,Deuteronomy 2:3,11,ܠܓܪܒܝܐ,,,,Peshitta,PESH
5,Deuteronomy,2,4,Deuteronomy 2:4,1,ܘܠܥܡܐ,,,,Peshitta,PESH
5,Deuteronomy,2,4,Deuteronomy 2:4,2,ܦܩܕ,,,,Peshitta,PESH
5,Deuteronomy,2,4,Deuteronomy 2:4,3,ܘܐܡܪ,,,,Peshitta,PESH
5,Deuteronomy,2,4,Deuteronomy 2:4,4,ܠܗܘܢ,,,,Peshitta,PESH
5,Deuteronomy,2,4,Deuteronomy 2:4,5,ܐܢܬܘܢ,,,,Peshitta,PESH
5,Deuteronomy,2,4,Deuteronomy 2:4,6,ܥ̇ܒܪܝܢ,,,,Peshitta,PESH
5,Deuteronomy,2,4,Deuteronomy 2:4,7,ܐܢܬܘܢ,,,,Peshitta,PESH
5,Deuteronomy,2,4,Deuteronomy 2:4,8,ܒܬܚܘܡܐ,,,,Peshitta,PESH
5,Deuteronomy,2,4,Deuteronomy 2:4,9,ܕܐ̈ܚܝܟܘܢ,,,,Peshitta,PESH
5,Deuteronomy,2,4,Deuteronomy 2:4,10,ܒܢ̈ܝ,,,,Peshitta,PESH
5,Deuteronomy,2,4,Deuteronomy 2:4,11,ܥܣܘ,,,,Peshitta,PESH
5,Deuteronomy,2,4,Deuteronomy 2:4,12,ܕܝ̇ܬܒܝܢ,,,,Peshitta,PESH
5,Deuteronomy,2,4,Deuteronomy 2:4,13,ܒܣܥܝܪ,,,,Peshitta,PESH
5,Deuteronomy,2,4,Deuteronomy 2:4,14,ܘܢܕܚܠܘܢ,,,,Peshitta,PESH
5,Deuteronomy,2,4,Deuteronomy 2:4,15,ܡܢܟܘܢ,,,,Peshitta,PESH
5,Deuteronomy,2,4,Deuteronomy 2:4,16,ܐܙܕܗܪܘ,,,,Peshitta,PESH
5,Deuteronomy,2,4,Deuteronomy 2:4,17,ܛܒ,,,,Peshitta,PESH
5,Deuteronomy,2,5,Deuteronomy 2:5,1,ܘܠܐ,,,,Peshitta,PESH
5,Deuteronomy,2,5,Deuteronomy 2:5,2,ܬܬܓܪܘܢ,,,,Peshitta,PESH
5,Deuteronomy,2,5,Deuteronomy 2:5,3,ܒܗܘܢ,,,,Peshitta,PESH
5,Deuteronomy,2,5,Deuteronomy 2:5,4,ܡܛܠ,,,,Peshitta,PESH
5,Deuteronomy,2,5,Deuteronomy 2:5,5,ܕܠܐ,,,,Peshitta,PESH
5,Deuteronomy,2,5,Deuteronomy 2:5,6,ܝ̇ܗܒ,,,,Peshitta,PESH
5,Deuteronomy,2,5,Deuteronomy 2:5,7,ܐܢܐ,,,,Peshitta,PESH
5,Deuteronomy,2,5,Deuteronomy 2:5,8,ܠܟܘܢ,,,,Peshitta,PESH
5,Deuteronomy,2,5,Deuteronomy 2:5,9,ܝܘܪܬܢܐ,,,,Peshitta,PESH
5,Deuteronomy,2,5,Deuteronomy 2:5,10,ܡܢ,,,,Peshitta,PESH
5,Deuteronomy,2,5,Deuteronomy 2:5,11,ܐܪܥܗܘܢ,,,,Peshitta,PESH
5,Deuteronomy,2,5,Deuteronomy 2:5,12,ܒܝܬ,,,,Peshitta,PESH
5,Deuteronomy,2,5,Deuteronomy 2:5,13,ܡܕܪܟ,,,,Peshitta,PESH
5,Deuteronomy,2,5,Deuteronomy 2:5,14,ܦܣܬܐ,,,,Peshitta,PESH
5,Deuteronomy,2,5,Deuteronomy 2:5,15,ܕܪܓܠܐ,,,,Peshitta,PESH
5,Deuteronomy,2,5,Deuteronomy 2:5,16,ܡܛܠ,,,,Peshitta,PESH
5,Deuteronomy,2,5,Deuteronomy 2:5,17,ܕܝܘܪܬܢܐ,,,,Peshitta,PESH
5,Deuteronomy,2,5,Deuteronomy 2:5,18,ܠܥܣܘ,,,,Peshitta,PESH
5,Deuteronomy,2,5,Deuteronomy 2:5,19,ܝܗ̇ܒܬ,,,,Peshitta,PESH
5,Deuteronomy,2,5,Deuteronomy 2:5,20,ܛܘܪܐ,,,,Peshitta,PESH
5,Deuteronomy,2,5,Deuteronomy 2:5,21,ܕܣܥܝܪ,,,,Peshitta,PESH
5,Deuteronomy,2,6,Deuteronomy 2:6,1,ܥܒܘܪܐ,,,,Peshitta,PESH
5,Deuteronomy,2,6,Deuteronomy 2:6,2,ܙܒܢܘ,,,,Peshitta,PESH
5,Deuteronomy,2,6,Deuteronomy 2:6,3,ܡܢܗܘܢ,,,,Peshitta,PESH
5,Deuteronomy,2,6,Deuteronomy 2:6,4,ܒܟܣܦܐ,,,,Peshitta,PESH
5,Deuteronomy,2,6,Deuteronomy 2:6,5,ܘܐܟܘܠܘ,,,,Peshitta,PESH
5,Deuteronomy,2,6,Deuteronomy 2:6,6,ܘܐܦ,,,,Peshitta,PESH
5,Deuteronomy,2,6,Deuteronomy 2:6,7,ܡ̈ܝܐ,,,,Peshitta,PESH
5,Deuteronomy,2,6,Deuteronomy 2:6,8,ܙܒܢܘ,,,,Peshitta,PESH
5,Deuteronomy,2,6,Deuteronomy 2:6,9,ܡܢܗܘܢ,,,,Peshitta,PESH
5,Deuteronomy,2,6,Deuteronomy 2:6,10,ܒܟܣܦܐ,,,,Peshitta,PESH
5,Deuteronomy,2,6,Deuteronomy 2:6,11,ܘܐܫܬܘ,,,,Peshitta,PESH
5,Deuteronomy,2,7,Deuteronomy 2:7,1,ܡܛܠ,,,,Peshitta,PESH
5,Deuteronomy,2,7,Deuteronomy 2:7,2,ܕܡܪܝܐ,,,,Peshitta,PESH
5,Deuteronomy,2,7,Deuteronomy 2:7,3,ܐܠܗܟܘܢ,,,,Peshitta,PESH
5,Deuteronomy,2,7,Deuteronomy 2:7,4,ܒܪܟܟܘܢ,,,,Peshitta,PESH
5,Deuteronomy,2,7,Deuteronomy 2:7,5,ܒܟܠܗ,,,,Peshitta,PESH
5,Deuteronomy,2,7,Deuteronomy 2:7,6,ܥܒܕܐ,,,,Peshitta,PESH
5,Deuteronomy,2,7,Deuteronomy 2:7,7,ܕܐ̈ܝܕܝܟܘܢ,,,,Peshitta,PESH
5,Deuteronomy,2,7,Deuteronomy 2:7,8,ܘܝܕܥ,,,,Peshitta,PESH
5,Deuteronomy,2,7,Deuteronomy 2:7,9,ܠܡܕܒܪܘܬܟܘܢ,,,,Peshitta,PESH
5,Deuteronomy,2,7,Deuteronomy 2:7,10,ܒܡܕܒܪܐ,,,,Peshitta,PESH
5,Deuteronomy,2,7,Deuteronomy 2:7,11,ܗܢܐ,,,,Peshitta,PESH
5,Deuteronomy,2,7,Deuteronomy 2:7,12,ܗܐ,,,,Peshitta,PESH
5,Deuteronomy,2,7,Deuteronomy 2:7,13,ܐܪ̈ܒܥܝܢ,,,,Peshitta,PESH
5,Deuteronomy,2,7,Deuteronomy 2:7,14,ܫ̈ܢܝܢ,,,,Peshitta,PESH
5,Deuteronomy,2,7,Deuteronomy 2:7,15,ܡܪܝܐ,,,,Peshitta,PESH
5,Deuteronomy,2,7,Deuteronomy 2:7,16,ܐܠܗܟܘܢ,,,,Peshitta,PESH
5,Deuteronomy,2,7,Deuteronomy 2:7,17,ܥܡܟܘܢ,,,,Peshitta,PESH
5,Deuteronomy,2,7,Deuteronomy 2:7,18,ܘܠܐ,,,,Peshitta,PESH
5,Deuteronomy,2,7,Deuteronomy 2:7,19,ܚܣܪ,,,,Peshitta,PESH
5,Deuteronomy,2,7,Deuteronomy 2:7,20,ܠܟܘܢ,,,,Peshitta,PESH
5,Deuteronomy,2,7,Deuteronomy 2:7,21,ܡܕܡ,,,,Peshitta,PESH
5,Deuteronomy,2,8,Deuteronomy 2:8,1,ܘܥܒܪܢ,,,,Peshitta,PESH
5,Deuteronomy,2,8,Deuteronomy 2:8,2,ܡܢ,,,,Peshitta,PESH
5,Deuteronomy,2,8,Deuteronomy 2:8,3,ܠܘܬ,,,,Peshitta,PESH
5,Deuteronomy,2,8,Deuteronomy 2:8,4,ܐ̈ܚܝܢ,,,,Peshitta,PESH
5,Deuteronomy,2,8,Deuteronomy 2:8,5,ܒܢ̈ܝ,,,,Peshitta,PESH
5,Deuteronomy,2,8,Deuteronomy 2:8,6,ܥܣܘ,,,,Peshitta,PESH
5,Deuteronomy,2,8,Deuteronomy 2:8,7,ܕܝ̇ܬܒܝܢ,,,,Peshitta,PESH
5,Deuteronomy,2,8,Deuteronomy 2:8,8,ܒܣܥܝܪ,,,,Peshitta,PESH
5,Deuteronomy,2,8,Deuteronomy 2:8,9,ܘܡܢ,,,,Peshitta,PESH
5,Deuteronomy,2,8,Deuteronomy 2:8,10,ܐܘܪܚܐ,,,,Peshitta,PESH
5,Deuteronomy,2,8,Deuteronomy 2:8,11,ܕܥܪܒܐ,,,,Peshitta,PESH
5,Deuteronomy,2,8,Deuteronomy 2:8,12,ܘܡܢ,,,,Peshitta,PESH
5,Deuteronomy,2,8,Deuteronomy 2:8,13,ܐܝܠܬ,,,,Peshitta,PESH
5,Deuteronomy,2,8,Deuteronomy 2:8,14,ܘܡܢ,,,,Peshitta,PESH
5,Deuteronomy,2,8,Deuteronomy 2:8,15,ܥܨܝܢܘܓܒܪ,,,,Peshitta,PESH
5,Deuteronomy,2,8,Deuteronomy 2:8,16,ܘܐܬܦܢܝܢ,,,,Peshitta,PESH
5,Deuteronomy,2,8,Deuteronomy 2:8,17,ܘܥܒܪܢ,,,,Peshitta,PESH
5,Deuteronomy,2,8,Deuteronomy 2:8,18,ܠܢ,,,,Peshitta,PESH
5,Deuteronomy,2,8,Deuteronomy 2:8,19,ܠܐܘܪܚܐ,,,,Peshitta,PESH
5,Deuteronomy,2,8,Deuteronomy 2:8,20,ܕܡܕܒܪܐ,,,,Peshitta,PESH
5,Deuteronomy,2,8,Deuteronomy 2:8,21,ܕܡܘܐܒ,,,,Peshitta,PESH
5,Deuteronomy,2,9,Deuteronomy 2:9,1,ܘܐܡܪ,,,,Peshitta,PESH
5,Deuteronomy,2,9,Deuteronomy 2:9,2,ܠܝ,,,,Peshitta,PESH
5,Deuteronomy,2,9,Deuteronomy 2:9,3,ܡܪܝܐ,,,,Peshitta,PESH
5,Deuteronomy,2,9,Deuteronomy 2:9,4,ܠܐ,,,,Peshitta,PESH
5,Deuteronomy,2,9,Deuteronomy 2:9,5,ܬܐܠܘܨ,,,,Peshitta,PESH
5,Deuteronomy,2,9,Deuteronomy 2:9,6,ܠܡܘܐ̈ܒܝܐ,,,,Peshitta,PESH
5,Deuteronomy,2,9,Deuteronomy 2:9,7,ܘܠܐ,,,,Peshitta,PESH
5,Deuteronomy,2,9,Deuteronomy 2:9,8,ܬܬܓܪܐ,,,,Peshitta,PESH
5,Deuteronomy,2,9,Deuteronomy 2:9,9,ܥܡܗܘܢ,,,,Peshitta,PESH
5,Deuteronomy,2,9,Deuteronomy 2:9,10,ܠܩܪܒܐ,,,,Peshitta,PESH
5,Deuteronomy,2,9,Deuteronomy 2:9,11,ܡܛܠ,,,,Peshitta,PESH
5,Deuteronomy,2,9,Deuteronomy 2:9,12,ܕܠܐ,,,,Peshitta,PESH
5,Deuteronomy,2,9,Deuteronomy 2:9,13,ܝ̇ܗܒ,,,,Peshitta,PESH
5,Deuteronomy,2,9,Deuteronomy 2:9,14,ܐܢܐ,,,,Peshitta,PESH
5,Deuteronomy,2,9,Deuteronomy 2:9,15,ܠܟ,,,,Peshitta,PESH
5,Deuteronomy,2,9,Deuteronomy 2:9,16,ܡܢ,,,,Peshitta,PESH
5,Deuteronomy,2,9,Deuteronomy 2:9,17,ܐܪܥܗܘܢ,,,,Peshitta,PESH
5,Deuteronomy,2,9,Deuteronomy 2:9,18,ܝܘܪܬܢܐ,,,,Peshitta,PESH
5,Deuteronomy,2,9,Deuteronomy 2:9,19,ܡܛܠ,,,,Peshitta,PESH
5,Deuteronomy,2,9,Deuteronomy 2:9,20,ܕܠܒܢ̈ܝ,,,,Peshitta,PESH
5,Deuteronomy,2,9,Deuteronomy 2:9,21,ܠܘܛ,,,,Peshitta,PESH
5,Deuteronomy,2,9,Deuteronomy 2:9,22,ܝܗܒܬܗ̇,,,,Peshitta,PESH
5,Deuteronomy,2,9,Deuteronomy 2:9,23,ܝܘܪܬܢܐ,,,,Peshitta,PESH
5,Deuteronomy,2,10,Deuteronomy 2:10,1,ܐ̈ܡܢܐ,,,,Peshitta,PESH
5,Deuteronomy,2,10,Deuteronomy 2:10,2,ܡܢ,,,,Peshitta,PESH
5,Deuteronomy,2,10,Deuteronomy 2:10,3,ܠܘܩܕܡ,,,,Peshitta,PESH
5,Deuteronomy,2,10,Deuteronomy 2:10,4,ܝܬܒܘ,,,,Peshitta,PESH
5,Deuteronomy,2,10,Deuteronomy 2:10,5,ܒܗ̇,,,,Peshitta,PESH
5,Deuteronomy,2,10,Deuteronomy 2:10,6,ܥܡܐ,,,,Peshitta,PESH
5,Deuteronomy,2,10,Deuteronomy 2:10,7,ܕܪܒ,,,,Peshitta,PESH
5,Deuteronomy,2,10,Deuteronomy 2:10,8,ܘܣܓܝ,,,,Peshitta,PESH
5,Deuteronomy,2,10,Deuteronomy 2:10,9,ܘܪܡ,,,,Peshitta,PESH
5,Deuteronomy,2,10,Deuteronomy 2:10,10,ܐܝܟ,,,,Peshitta,PESH
5,Deuteronomy,2,10,Deuteronomy 2:10,11,ܓܢܒܪ̈ܐ,,,,Peshitta,PESH
5,Deuteronomy,2,11,Deuteronomy 2:11,1,ܓܢܒܪ̈ܐ,,,,Peshitta,PESH
5,Deuteronomy,2,11,Deuteronomy 2:11,2,ܐܢܘܢ,,,,Peshitta,PESH
5,Deuteronomy,2,11,Deuteronomy 2:11,3,ܘܡܬܚܫܒܝܢ,,,,Peshitta,PESH
5,Deuteronomy,2,11,Deuteronomy 2:11,4,ܐܦ,,,,Peshitta,PESH
5,Deuteronomy,2,11,Deuteronomy 2:11,5,ܗܢܘܢ,,,,Peshitta,PESH
5,Deuteronomy,2,11,Deuteronomy 2:11,6,ܐܝܟ,,,,Peshitta,PESH
5,Deuteronomy,2,11,Deuteronomy 2:11,7,ܓܢܒܪ̈ܐ,,,,Peshitta,PESH
5,Deuteronomy,2,11,Deuteronomy 2:11,8,ܘܡܘܐ̈ܒܝܐ,,,,Peshitta,PESH
5,Deuteronomy,2,11,Deuteronomy 2:11,9,ܩ̇ܪܝܢ,,,,Peshitta,PESH
5,Deuteronomy,2,11,Deuteronomy 2:11,10,ܠܗܘܢ,,,,Peshitta,PESH
5,Deuteronomy,2,11,Deuteronomy 2:11,11,ܐܡ̈ܢܐ,,,,Peshitta,PESH
5,Deuteronomy,2,12,Deuteronomy 2:12,1,ܘܒܣܥܝܪ,,,,Peshitta,PESH
5,Deuteronomy,2,12,Deuteronomy 2:12,2,ܝܬܒܘ,,,,Peshitta,PESH
5,Deuteronomy,2,12,Deuteronomy 2:12,3,ܚܘܪ̈ܝܐ,,,,Peshitta,PESH
5,Deuteronomy,2,12,Deuteronomy 2:12,4,ܡܢ,,,,Peshitta,PESH
5,Deuteronomy,2,12,Deuteronomy 2:12,5,ܠܘܩܕܡ,,,,Peshitta,PESH
5,Deuteronomy,2,12,Deuteronomy 2:12,6,ܘܒܢ̈ܝ,,,,Peshitta,PESH
5,Deuteronomy,2,12,Deuteronomy 2:12,7,ܥܣܘ,,,,Peshitta,PESH
5,Deuteronomy,2,12,Deuteronomy 2:12,8,ܝܪܬܘ,,,,Peshitta,PESH
5,Deuteronomy,2,12,Deuteronomy 2:12,9,ܐܢܘܢ,,,,Peshitta,PESH
5,Deuteronomy,2,12,Deuteronomy 2:12,10,ܘܐܘܒܕܘ,,,,Peshitta,PESH
5,Deuteronomy,2,12,Deuteronomy 2:12,11,ܐܢܘܢ,,,,Peshitta,PESH
5,Deuteronomy,2,12,Deuteronomy 2:12,12,ܡܢ,,,,Peshitta,PESH
5,Deuteronomy,2,12,Deuteronomy 2:12,13,ܩܕܡܝܗܘܢ,,,,Peshitta,PESH
5,Deuteronomy,2,12,Deuteronomy 2:12,14,ܘܝܬܒܘ,,,,Peshitta,PESH
5,Deuteronomy,2,12,Deuteronomy 2:12,15,ܒܐܪܥܗܘܢ,,,,Peshitta,PESH
5,Deuteronomy,2,12,Deuteronomy 2:12,16,ܐܝܟ,,,,Peshitta,PESH
5,Deuteronomy,2,12,Deuteronomy 2:12,17,ܕܥܒܕ,,,,Peshitta,PESH
5,Deuteronomy,2,12,Deuteronomy 2:12,18,ܐܝܣܪܝܠ,,,,Peshitta,PESH
5,Deuteronomy,2,12,Deuteronomy 2:12,19,ܠܐܪܥܐ,,,,Peshitta,PESH
5,Deuteronomy,2,12,Deuteronomy 2:12,20,ܕܝܪܬܘܬܗ,,,,Peshitta,PESH
5,Deuteronomy,2,12,Deuteronomy 2:12,21,ܕܝܗܒ,,,,Peshitta,PESH
5,Deuteronomy,2,12,Deuteronomy 2:12,22,ܠܗܘܢ,,,,Peshitta,PESH
5,Deuteronomy,2,12,Deuteronomy 2:12,23,ܡܪܝܐ,,,,Peshitta,PESH
5,Deuteronomy,2,13,Deuteronomy 2:13,1,ܡܟܝܠ,,,,Peshitta,PESH
5,Deuteronomy,2,13,Deuteronomy 2:13,2,ܩܘܡܘ,,,,Peshitta,PESH
5,Deuteronomy,2,13,Deuteronomy 2:13,3,ܥܒܪܘ,,,,Peshitta,PESH
5,Deuteronomy,2,13,Deuteronomy 2:13,4,ܢܚܠܐ,,,,Peshitta,PESH
5,Deuteronomy,2,13,Deuteronomy 2:13,5,ܕܙܪܕ,,,,Peshitta,PESH
5,Deuteronomy,2,13,Deuteronomy 2:13,6,ܘܥܒܪܢ,,,,Peshitta,PESH
5,Deuteronomy,2,13,Deuteronomy 2:13,7,ܢܚܠܐ,,,,Peshitta,PESH
5,Deuteronomy,2,13,Deuteronomy 2:13,8,ܕܙܪܕ,,,,Peshitta,PESH
5,Deuteronomy,2,14,Deuteronomy 2:14,1,ܘܝܘ̈ܡܬܐ,,,,Peshitta,PESH
5,Deuteronomy,2,14,Deuteronomy 2:14,2,ܕܗܠܟܢ,,,,Peshitta,PESH
5,Deuteronomy,2,14,Deuteronomy 2:14,3,ܡܢ,,,,Peshitta,PESH
5,Deuteronomy,2,14,Deuteronomy 2:14,4,ܪܩܡ,,,,Peshitta,PESH
5,Deuteronomy,2,14,Deuteronomy 2:14,5,ܕܓܝܐ,,,,Peshitta,PESH
5,Deuteronomy,2,14,Deuteronomy 2:14,6,ܥܕܡܐ,,,,Peshitta,PESH
5,Deuteronomy,2,14,Deuteronomy 2:14,7,ܕܥܒܪܢ,,,,Peshitta,PESH
5,Deuteronomy,2,14,Deuteronomy 2:14,8,ܢܚܠܐ,,,,Peshitta,PESH
5,Deuteronomy,2,14,Deuteronomy 2:14,9,ܕܙܪܕ,,,,Peshitta,PESH
5,Deuteronomy,2,14,Deuteronomy 2:14,10,ܬܠܬܝܢ,,,,Peshitta,PESH
5,Deuteronomy,2,14,Deuteronomy 2:14,11,ܘܬܡܢܐ,,,,Peshitta,PESH
5,Deuteronomy,2,14,Deuteronomy 2:14,12,ܫ̈ܢܝܢ,,,,Peshitta,PESH
5,Deuteronomy,2,14,Deuteronomy 2:14,13,ܥܕܡܐ,,,,Peshitta,PESH
5,Deuteronomy,2,14,Deuteronomy 2:14,14,ܕܣܦ,,,,Peshitta,PESH
5,Deuteronomy,2,14,Deuteronomy 2:14,15,ܟܘܠܗ,,,,Peshitta,PESH
5,Deuteronomy,2,14,Deuteronomy 2:14,16,ܕܪܐ,,,,Peshitta,PESH
5,Deuteronomy,2,14,Deuteronomy 2:14,17,ܕܓܒܪ̈ܐ,,,,Peshitta,PESH
5,Deuteronomy,2,14,Deuteronomy 2:14,18,ܩܪ̈ܒܬܢܐ,,,,Peshitta,PESH
5,Deuteronomy,2,14,Deuteronomy 2:14,19,ܡܢ,,,,Peshitta,PESH
5,Deuteronomy,2,14,Deuteronomy 2:14,20,ܓܘ,,,,Peshitta,PESH
5,Deuteronomy,2,14,Deuteronomy 2:14,21,ܡܫܪܝܬܐ,,,,Peshitta,PESH
5,Deuteronomy,2,14,Deuteronomy 2:14,22,ܐܝܟ,,,,Peshitta,PESH
5,Deuteronomy,2,14,Deuteronomy 2:14,23,ܕܝܡܐ,,,,Peshitta,PESH
5,Deuteronomy,2,14,Deuteronomy 2:14,24,ܠܗܘܢ,,,,Peshitta,PESH
5,Deuteronomy,2,14,Deuteronomy 2:14,25,ܡܪܝܐ,,,,Peshitta,PESH
5,Deuteronomy,2,15,Deuteronomy 2:15,1,ܐܦ,,,,Peshitta,PESH
5,Deuteronomy,2,15,Deuteronomy 2:15,2,ܐܝܕܗ,,,,Peshitta,PESH
5,Deuteronomy,2,15,Deuteronomy 2:15,3,ܕܡܪܝܐ,,,,Peshitta,PESH
5,Deuteronomy,2,15,Deuteronomy 2:15,4,ܗܘܬ,,,,Peshitta,PESH
5,Deuteronomy,2,15,Deuteronomy 2:15,5,ܒܗܘܢ,,,,Peshitta,PESH
5,Deuteronomy,2,15,Deuteronomy 2:15,6,ܕܬܘܒܕ,,,,Peshitta,PESH
5,Deuteronomy,2,15,Deuteronomy 2:15,7,ܐܢܘܢ,,,,Peshitta,PESH
5,Deuteronomy,2,15,Deuteronomy 2:15,8,ܡܢ,,,,Peshitta,PESH
5,Deuteronomy,2,15,Deuteronomy 2:15,9,ܓܘ,,,,Peshitta,PESH
5,Deuteronomy,2,15,Deuteronomy 2:15,10,ܡܫܪܝܬܐ,,,,Peshitta,PESH
5,Deuteronomy,2,15,Deuteronomy 2:15,11,ܥܕܡܐ,,,,Peshitta,PESH
5,Deuteronomy,2,15,Deuteronomy 2:15,12,ܕܓܡܪܘ,,,,Peshitta,PESH
5,Deuteronomy,2,16,Deuteronomy 2:16,1,ܘܟܕ,,,,Peshitta,PESH
5,Deuteronomy,2,16,Deuteronomy 2:16,2,ܓܡܪܘ,,,,Peshitta,PESH
5,Deuteronomy,2,16,Deuteronomy 2:16,3,ܟܠܗܘܢ,,,,Peshitta,PESH
5,Deuteronomy,2,16,Deuteronomy 2:16,4,ܓܒܪ̈ܐ,,,,Peshitta,PESH
5,Deuteronomy,2,16,Deuteronomy 2:16,5,ܥ̇ܒ̈ܕܝ,,,,Peshitta,PESH
5,Deuteronomy,2,16,Deuteronomy 2:16,6,ܩܪܒܐ,,,,Peshitta,PESH
5,Deuteronomy,2,16,Deuteronomy 2:16,7,ܠܡܡܬ,,,,Peshitta,PESH
5,Deuteronomy,2,16,Deuteronomy 2:16,8,ܡܢ,,,,Peshitta,PESH
5,Deuteronomy,2,16,Deuteronomy 2:16,9,ܓܘ,,,,Peshitta,PESH
5,Deuteronomy,2,16,Deuteronomy 2:16,10,ܥܡܐ,,,,Peshitta,PESH
5,Deuteronomy,2,17,Deuteronomy 2:17,1,ܡܠܠ,,,,Peshitta,PESH
5,Deuteronomy,2,17,Deuteronomy 2:17,2,ܥܡܝ,,,,Peshitta,PESH
5,Deuteronomy,2,17,Deuteronomy 2:17,3,ܡܪܝܐ,,,,Peshitta,PESH
5,Deuteronomy,2,17,Deuteronomy 2:17,4,ܘܐܡܪ,,,,Peshitta,PESH
5,Deuteronomy,2,17,Deuteronomy 2:17,5,ܠܝ,,,,Peshitta,PESH
5,Deuteronomy,2,18,Deuteronomy 2:18,1,ܐܢܬ,,,,Peshitta,PESH
5,Deuteronomy,2,18,Deuteronomy 2:18,2,ܥܒܪ,,,,Peshitta,PESH
5,Deuteronomy,2,18,Deuteronomy 2:18,3,ܐܢܬ,,,,Peshitta,PESH
5,Deuteronomy,2,18,Deuteronomy 2:18,4,ܝܘܡܢܐ,,,,Peshitta,PESH
5,Deuteronomy,2,18,Deuteronomy 2:18,5,ܠܬܚܘܡܐ,,,,Peshitta,PESH
5,Deuteronomy,2,18,Deuteronomy 2:18,6,ܕܡܘܐܒ,,,,Peshitta,PESH
5,Deuteronomy,2,18,Deuteronomy 2:18,7,ܘܠܥܕ,,,,Peshitta,PESH
5,Deuteronomy,2,19,Deuteronomy 2:19,1,ܘܬܬܩܪܒ,,,,Peshitta,PESH
5,Deuteronomy,2,19,Deuteronomy 2:19,2,ܠܘܩܒܠ,,,,Peshitta,PESH
5,Deuteronomy,2,19,Deuteronomy 2:19,3,ܒܢ̈ܝ,,,,Peshitta,PESH
5,Deuteronomy,2,19,Deuteronomy 2:19,4,ܥܡܘܢ,,,,Peshitta,PESH
5,Deuteronomy,2,19,Deuteronomy 2:19,5,ܠܐ,,,,Peshitta,PESH
5,Deuteronomy,2,19,Deuteronomy 2:19,6,ܬܐܠܘܨ,,,,Peshitta,PESH
5,Deuteronomy,2,19,Deuteronomy 2:19,7,ܐܢܘܢ,,,,Peshitta,PESH
5,Deuteronomy,2,19,Deuteronomy 2:19,8,ܘܠܐ,,,,Peshitta,PESH
5,Deuteronomy,2,19,Deuteronomy 2:19,9,ܬܬܓܪܐ,,,,Peshitta,PESH
5,Deuteronomy,2,19,Deuteronomy 2:19,10,ܒܗܘܢ,,,,Peshitta,PESH
5,Deuteronomy,2,19,Deuteronomy 2:19,11,ܡܛܠ,,,,Peshitta,PESH
5,Deuteronomy,2,19,Deuteronomy 2:19,12,ܕܠܐ,,,,Peshitta,PESH
5,Deuteronomy,2,19,Deuteronomy 2:19,13,ܝ̇ܗܒ,,,,Peshitta,PESH
5,Deuteronomy,2,19,Deuteronomy 2:19,14,ܐܢܐ,,,,Peshitta,PESH
5,Deuteronomy,2,19,Deuteronomy 2:19,15,ܠܟ,,,,Peshitta,PESH
5,Deuteronomy,2,19,Deuteronomy 2:19,16,ܝܘܪܬܢܐ,,,,Peshitta,PESH
5,Deuteronomy,2,19,Deuteronomy 2:19,17,ܡܢ,,,,Peshitta,PESH
5,Deuteronomy,2,19,Deuteronomy 2:19,18,ܐܪܥܐ,,,,Peshitta,PESH
5,Deuteronomy,2,19,Deuteronomy 2:19,19,ܕܒܢ̈ܝ,,,,Peshitta,PESH
5,Deuteronomy,2,19,Deuteronomy 2:19,20,ܥܡܘܢ,,,,Peshitta,PESH
5,Deuteronomy,2,19,Deuteronomy 2:19,21,ܡܛܠ,,,,Peshitta,PESH
5,Deuteronomy,2,19,Deuteronomy 2:19,22,ܕܠܒܢ̈ܝ,,,,Peshitta,PESH
5,Deuteronomy,2,19,Deuteronomy 2:19,23,ܠܘܛ,,,,Peshitta,PESH
5,Deuteronomy,2,19,Deuteronomy 2:19,24,ܝܗܒܬܗ̇,,,,Peshitta,PESH
5,Deuteronomy,2,19,Deuteronomy 2:19,25,ܝܘܪܬܢܐ,,,,Peshitta,PESH
5,Deuteronomy,2,20,Deuteronomy 2:20,1,ܐܪܥܐ,,,,Peshitta,PESH
5,Deuteronomy,2,20,Deuteronomy 2:20,2,ܕܓܢܒܪ̈ܐ,,,,Peshitta,PESH
5,Deuteronomy,2,20,Deuteronomy 2:20,3,ܡܬܚܫܒܐ,,,,Peshitta,PESH
5,Deuteronomy,2,20,Deuteronomy 2:20,4,ܐܦ,,,,Peshitta,PESH
5,Deuteronomy,2,20,Deuteronomy 2:20,5,ܗܝ,,,,Peshitta,PESH
5,Deuteronomy,2,20,Deuteronomy 2:20,6,ܓܢܒܪ̈ܐ,,,,Peshitta,PESH
5,Deuteronomy,2,20,Deuteronomy 2:20,7,ܐܝܬܒܘ,,,,Peshitta,PESH
5,Deuteronomy,2,20,Deuteronomy 2:20,8,ܒܗ̇,,,,Peshitta,PESH
5,Deuteronomy,2,20,Deuteronomy 2:20,9,ܡܢ,,,,Peshitta,PESH
5,Deuteronomy,2,20,Deuteronomy 2:20,10,ܠܘܩܕܡ,,,,Peshitta,PESH
5,Deuteronomy,2,20,Deuteronomy 2:20,11,ܘܥܡܘ̈ܢܝܐ,,,,Peshitta,PESH
5,Deuteronomy,2,20,Deuteronomy 2:20,12,ܩ̇ܪܝܢ,,,,Peshitta,PESH
5,Deuteronomy,2,20,Deuteronomy 2:20,13,ܠܗܘܢ,,,,Peshitta,PESH
5,Deuteronomy,2,20,Deuteronomy 2:20,14,ܙܡܙܡܝܢ,,,,Peshitta,PESH
5,Deuteronomy,2,21,Deuteronomy 2:21,1,ܥܡܐ,,,,Peshitta,PESH
5,Deuteronomy,2,21,Deuteronomy 2:21,2,ܕܪܒ,,,,Peshitta,PESH
5,Deuteronomy,2,21,Deuteronomy 2:21,3,ܘܣܓܝ,,,,Peshitta,PESH
5,Deuteronomy,2,21,Deuteronomy 2:21,4,ܘܪܡ,,,,Peshitta,PESH
5,Deuteronomy,2,21,Deuteronomy 2:21,5,ܐܝܟ,,,,Peshitta,PESH
5,Deuteronomy,2,21,Deuteronomy 2:21,6,ܓܢܒܪ̈ܐ,,,,Peshitta,PESH
5,Deuteronomy,2,21,Deuteronomy 2:21,7,ܘܐܘܒܕ,,,,Peshitta,PESH
5,Deuteronomy,2,21,Deuteronomy 2:21,8,ܐܢܘܢ,,,,Peshitta,PESH
5,Deuteronomy,2,21,Deuteronomy 2:21,9,ܡܪܝܐ,,,,Peshitta,PESH
5,Deuteronomy,2,21,Deuteronomy 2:21,10,ܡܢ,,,,Peshitta,PESH
5,Deuteronomy,2,21,Deuteronomy 2:21,11,ܩܕܡܝܗܘܢ,,,,Peshitta,PESH
5,Deuteronomy,2,21,Deuteronomy 2:21,12,ܘܝܪܬܘ,,,,Peshitta,PESH
5,Deuteronomy,2,21,Deuteronomy 2:21,13,ܐܢܘܢ,,,,Peshitta,PESH
5,Deuteronomy,2,21,Deuteronomy 2:21,14,ܘܝܬܒܘ,,,,Peshitta,PESH
5,Deuteronomy,2,21,Deuteronomy 2:21,15,ܒܐܪܥܗܘܢ,,,,Peshitta,PESH
5,Deuteronomy,2,22,Deuteronomy 2:22,1,ܐܝܟ,,,,Peshitta,PESH
5,Deuteronomy,2,22,Deuteronomy 2:22,2,ܕܥܒܕܘ,,,,Peshitta,PESH
5,Deuteronomy,2,22,Deuteronomy 2:22,3,ܒܢ̈ܝ,,,,Peshitta,PESH
5,Deuteronomy,2,22,Deuteronomy 2:22,4,ܥܣܘ,,,,Peshitta,PESH
5,Deuteronomy,2,22,Deuteronomy 2:22,5,ܕܝ̇ܬܒܝܢ,,,,Peshitta,PESH
5,Deuteronomy,2,22,Deuteronomy 2:22,6,ܒܣܥܝܪ,,,,Peshitta,PESH
5,Deuteronomy,2,22,Deuteronomy 2:22,7,ܕܐܘܒܕܘ,,,,Peshitta,PESH
5,Deuteronomy,2,22,Deuteronomy 2:22,8,ܠܚܘܪ̈ܝܐ,,,,Peshitta,PESH
5,Deuteronomy,2,22,Deuteronomy 2:22,9,ܡܢ,,,,Peshitta,PESH
5,Deuteronomy,2,22,Deuteronomy 2:22,10,ܩܕܡܝܗܘܢ,,,,Peshitta,PESH
5,Deuteronomy,2,22,Deuteronomy 2:22,11,ܘܝܪܬܘ,,,,Peshitta,PESH
5,Deuteronomy,2,22,Deuteronomy 2:22,12,ܐܢܘܢ,,,,Peshitta,PESH
5,Deuteronomy,2,22,Deuteronomy 2:22,13,ܘܝܬܒܘ,,,,Peshitta,PESH
5,Deuteronomy,2,22,Deuteronomy 2:22,14,ܒܐܪܥܗܘܢ,,,,Peshitta,PESH
5,Deuteronomy,2,22,Deuteronomy 2:22,15,ܥܕܡܐ,,,,Peshitta,PESH
5,Deuteronomy,2,22,Deuteronomy 2:22,16,ܠܝܘܡܢܐ,,,,Peshitta,PESH
5,Deuteronomy,2,23,Deuteronomy 2:23,1,ܘܥܘ̈ܝܐ,,,,Peshitta,PESH
5,Deuteronomy,2,23,Deuteronomy 2:23,2,ܕܝ̇ܬܒܝܢ,,,,Peshitta,PESH
5,Deuteronomy,2,23,Deuteronomy 2:23,3,ܒܚܨܪܝܡ,,,,Peshitta,PESH
5,Deuteronomy,2,23,Deuteronomy 2:23,4,ܘܥܕܡܐ,,,,Peshitta,PESH
5,Deuteronomy,2,23,Deuteronomy 2:23,5,ܠܥܐܙܐ,,,,Peshitta,PESH
5,Deuteronomy,2,23,Deuteronomy 2:23,6,ܩ̈ܦܘܕܩܝܐ,,,,Peshitta,PESH
5,Deuteronomy,2,23,Deuteronomy 2:23,7,ܕܢܦܩܘ,,,,Peshitta,PESH
5,Deuteronomy,2,23,Deuteronomy 2:23,8,ܡܢ,,,,Peshitta,PESH
5,Deuteronomy,2,23,Deuteronomy 2:23,9,ܩܦܘܕܩܝ,,,,Peshitta,PESH
5,Deuteronomy,2,23,Deuteronomy 2:23,10,ܐܘܒܕܘ,,,,Peshitta,PESH
5,Deuteronomy,2,23,Deuteronomy 2:23,11,ܐܢܘܢ,,,,Peshitta,PESH
5,Deuteronomy,2,23,Deuteronomy 2:23,12,ܘܝܬܒܘ,,,,Peshitta,PESH
5,Deuteronomy,2,23,Deuteronomy 2:23,13,ܒܐܪܥܗܘܢ,,,,Peshitta,PESH
5,Deuteronomy,2,24,Deuteronomy 2:24,1,ܡܟܝܠ,,,,Peshitta,PESH
5,Deuteronomy,2,24,Deuteronomy 2:24,2,ܩܘܡܘ,,,,Peshitta,PESH
5,Deuteronomy,2,24,Deuteronomy 2:24,3,ܫܩܘܠܘ,,,,Peshitta,PESH
5,Deuteronomy,2,24,Deuteronomy 2:24,4,ܘܥܒܪܘ,,,,Peshitta,PESH
5,Deuteronomy,2,24,Deuteronomy 2:24,5,ܢܚܠܐ,,,,Peshitta,PESH
5,Deuteronomy,2,24,Deuteronomy 2:24,6,ܕܐܪܢܘܢ,,,,Peshitta,PESH
5,Deuteronomy,2,24,Deuteronomy 2:24,7,ܚܙܝ,,,,Peshitta,PESH
5,Deuteronomy,2,24,Deuteronomy 2:24,8,ܕܐܫܠܡܬ,,,,Peshitta,PESH
5,Deuteronomy,2,24,Deuteronomy 2:24,9,ܒܐ̈ܝܕܝܟ,,,,Peshitta,PESH
5,Deuteronomy,2,24,Deuteronomy 2:24,10,ܠܣܝܚܘܢ,,,,Peshitta,PESH
5,Deuteronomy,2,24,Deuteronomy 2:24,11,ܡܠܟܐ,,,,Peshitta,PESH
5,Deuteronomy,2,24,Deuteronomy 2:24,12,ܕܚܫܒܘܢ,,,,Peshitta,PESH
5,Deuteronomy,2,24,Deuteronomy 2:24,13,ܐܡܘܪܝܐ,,,,Peshitta,PESH
5,Deuteronomy,2,24,Deuteronomy 2:24,14,ܘܠܐܪܥܗ,,,,Peshitta,PESH
5,Deuteronomy,2,24,Deuteronomy 2:24,15,ܫܪܐ,,,,Peshitta,PESH
5,Deuteronomy,2,24,Deuteronomy 2:24,16,ܠܡܘܒܕܘܬܗ,,,,Peshitta,PESH
5,Deuteronomy,2,24,Deuteronomy 2:24,17,ܘܐܬܓܪܐ,,,,Peshitta,PESH
5,Deuteronomy,2,24,Deuteronomy 2:24,18,ܥܡܗ,,,,Peshitta,PESH
5,Deuteronomy,2,24,Deuteronomy 2:24,19,ܠܩܪܒܐ,,,,Peshitta,PESH
5,Deuteronomy,2,25,Deuteronomy 2:25,1,ܝܘܡܢܐ,,,,Peshitta,PESH
5,Deuteronomy,2,25,Deuteronomy 2:25,2,ܐܫܪܐ,,,,Peshitta,PESH
5,Deuteronomy,2,25,Deuteronomy 2:25,3,ܠܡܬܠ,,,,Peshitta,PESH
5,Deuteronomy,2,25,Deuteronomy 2:25,4,ܕܚܠܬܟ,,,,Peshitta,PESH
5,Deuteronomy,2,25,Deuteronomy 2:25,5,ܘܙܘܥܬܟ,,,,Peshitta,PESH
5,Deuteronomy,2,25,Deuteronomy 2:25,6,ܥܠ,,,,Peshitta,PESH
5,Deuteronomy,2,25,Deuteronomy 2:25,7,ܐ̈ܦܝ,,,,Peshitta,PESH
5,Deuteronomy,2,25,Deuteronomy 2:25,8,ܥܡ̈ܡܐ,,,,Peshitta,PESH
5,Deuteronomy,2,25,Deuteronomy 2:25,9,ܕܬܚܝܬ,,,,Peshitta,PESH
5,Deuteronomy,2,25,Deuteronomy 2:25,10,ܫܡܝܐ,,,,Peshitta,PESH
5,Deuteronomy,2,25,Deuteronomy 2:25,11,ܕܢܫܡܥܘܢ,,,,Peshitta,PESH
5,Deuteronomy,2,25,Deuteronomy 2:25,12,ܫܡܥܟ,,,,Peshitta,PESH
5,Deuteronomy,2,25,Deuteronomy 2:25,13,ܘܢܙܘܥܘܢ,,,,Peshitta,PESH
5,Deuteronomy,2,25,Deuteronomy 2:25,14,ܘܢܕܚܠܘܢ,,,,Peshitta,PESH
5,Deuteronomy,2,25,Deuteronomy 2:25,15,ܡܢ,,,,Peshitta,PESH
5,Deuteronomy,2,25,Deuteronomy 2:25,16,ܩܕܡܝܟ,,,,Peshitta,PESH
5,Deuteronomy,2,26,Deuteronomy 2:26,1,ܘܫ̇ܕܪܬ,,,,Peshitta,PESH
5,Deuteronomy,2,26,Deuteronomy 2:26,2,ܐܝ̈ܙܓܕܐ,,,,Peshitta,PESH
5,Deuteronomy,2,26,Deuteronomy 2:26,3,ܡܢ,,,,Peshitta,PESH
5,Deuteronomy,2,26,Deuteronomy 2:26,4,ܡܕܒܪܐ,,,,Peshitta,PESH
5,Deuteronomy,2,26,Deuteronomy 2:26,5,ܕܩܪܡܘܬ,,,,Peshitta,PESH
5,Deuteronomy,2,26,Deuteronomy 2:26,6,ܠܘܬ,,,,Peshitta,PESH
5,Deuteronomy,2,26,Deuteronomy 2:26,7,ܣܝܚܘܢ,,,,Peshitta,PESH
5,Deuteronomy,2,26,Deuteronomy 2:26,8,ܡܠܟܐ,,,,Peshitta,PESH
5,Deuteronomy,2,26,Deuteronomy 2:26,9,ܕܚܫܒܘܢ,,,,Peshitta,PESH
5,Deuteronomy,2,26,Deuteronomy 2:26,10,ܒܡ̈ܠܐ,,,,Peshitta,PESH
5,Deuteronomy,2,26,Deuteronomy 2:26,11,ܕܫܠܡܐ,,,,Peshitta,PESH
5,Deuteronomy,2,26,Deuteronomy 2:26,12,ܠܡܐܡܪ,,,,Peshitta,PESH
5,Deuteronomy,2,26,Deuteronomy 2:26,13,ܠܗ,,,,Peshitta,PESH
5,Deuteronomy,2,27,Deuteronomy 2:27,1,ܢܥܒܪ,,,,Peshitta,PESH
5,Deuteronomy,2,27,Deuteronomy 2:27,2,ܒܐܪܥܟ,,,,Peshitta,PESH
5,Deuteronomy,2,27,Deuteronomy 2:27,3,ܒܐܘܪܚܐ,,,,Peshitta,PESH
5,Deuteronomy,2,27,Deuteronomy 2:27,4,ܐܘܪܚܐ,,,,Peshitta,PESH
5,Deuteronomy,2,27,Deuteronomy 2:27,5,ܢܐܙܠ,,,,Peshitta,PESH
5,Deuteronomy,2,27,Deuteronomy 2:27,6,ܘܠܐ,,,,Peshitta,PESH
5,Deuteronomy,2,27,Deuteronomy 2:27,7,ܢܣܛܐ,,,,Peshitta,PESH
5,Deuteronomy,2,27,Deuteronomy 2:27,8,ܠܝܡܝܢܐ,,,,Peshitta,PESH
5,Deuteronomy,2,27,Deuteronomy 2:27,9,ܘܠܣܡܠܐ,,,,Peshitta,PESH
5,Deuteronomy,2,28,Deuteronomy 2:28,1,ܥܒܘܪܐ,,,,Peshitta,PESH
5,Deuteronomy,2,28,Deuteronomy 2:28,2,ܒܟܣܦܐ,,,,Peshitta,PESH
5,Deuteronomy,2,28,Deuteronomy 2:28,3,ܙܒܢܘ,,,,Peshitta,PESH
5,Deuteronomy,2,28,Deuteronomy 2:28,4,ܠܢ,,,,Peshitta,PESH
5,Deuteronomy,2,28,Deuteronomy 2:28,5,ܘܢܐܟܘܠ,,,,Peshitta,PESH
5,Deuteronomy,2,28,Deuteronomy 2:28,6,ܘܡ̈ܝܐ,,,,Peshitta,PESH
5,Deuteronomy,2,28,Deuteronomy 2:28,7,ܒܟܣܦܐ,,,,Peshitta,PESH
5,Deuteronomy,2,28,Deuteronomy 2:28,8,ܙܒܢܘ,,,,Peshitta,PESH
5,Deuteronomy,2,28,Deuteronomy 2:28,9,ܠܢ,,,,Peshitta,PESH
5,Deuteronomy,2,28,Deuteronomy 2:28,10,ܘܢܫܬܐ,,,,Peshitta,PESH
5,Deuteronomy,2,28,Deuteronomy 2:28,11,ܒܠܚܘܕ,,,,Peshitta,PESH
5,Deuteronomy,2,28,Deuteronomy 2:28,12,ܒܪ̈ܓܠܝܢ,,,,Peshitta,PESH
5,Deuteronomy,2,28,Deuteronomy 2:28,13,ܢܥܒܪ,,,,Peshitta,PESH
5,Deuteronomy,2,29,Deuteronomy 2:29,1,ܐܝܟ,,,,Peshitta,PESH
5,Deuteronomy,2,29,Deuteronomy 2:29,2,ܕܥܒܕܘ,,,,Peshitta,PESH
5,Deuteronomy,2,29,Deuteronomy 2:29,3,ܠܢ,,,,Peshitta,PESH
5,Deuteronomy,2,29,Deuteronomy 2:29,4,ܒܢ̈ܝ,,,,Peshitta,PESH
5,Deuteronomy,2,29,Deuteronomy 2:29,5,ܥܣܘ,,,,Peshitta,PESH
5,Deuteronomy,2,29,Deuteronomy 2:29,6,ܕܝ̇ܬܒܝܢ,,,,Peshitta,PESH
5,Deuteronomy,2,29,Deuteronomy 2:29,7,ܒܣܥܝܪ,,,,Peshitta,PESH
5,Deuteronomy,2,29,Deuteronomy 2:29,8,ܘܡܘܐ̈ܒܝܐ,,,,Peshitta,PESH
5,Deuteronomy,2,29,Deuteronomy 2:29,9,ܕܝ̇ܬܒܝܢ,,,,Peshitta,PESH
5,Deuteronomy,2,29,Deuteronomy 2:29,10,ܒܥܕ,,,,Peshitta,PESH
5,Deuteronomy,2,29,Deuteronomy 2:29,11,ܥܕܡܐ,,,,Peshitta,PESH
5,Deuteronomy,2,29,Deuteronomy 2:29,12,ܕܢܥܒܪ,,,,Peshitta,PESH
5,Deuteronomy,2,29,Deuteronomy 2:29,13,ܝܘܪܕܢܢ,,,,Peshitta,PESH
5,Deuteronomy,2,29,Deuteronomy 2:29,14,ܠܐܪܥܐ,,,,Peshitta,PESH
5,Deuteronomy,2,29,Deuteronomy 2:29,15,ܕܝ̇ܗܒ,,,,Peshitta,PESH
5,Deuteronomy,2,29,Deuteronomy 2:29,16,ܠܢ,,,,Peshitta,PESH
5,Deuteronomy,2,29,Deuteronomy 2:29,17,ܡܪܝܐ,,,,Peshitta,PESH
5,Deuteronomy,2,29,Deuteronomy 2:29,18,ܐܠܗܢ,,,,Peshitta,PESH
5,Deuteronomy,2,30,Deuteronomy 2:30,1,ܘܠܐ,,,,Peshitta,PESH
5,Deuteronomy,2,30,Deuteronomy 2:30,2,ܨܒܐ,,,,Peshitta,PESH
5,Deuteronomy,2,30,Deuteronomy 2:30,3,ܣܝܚܘܢ,,,,Peshitta,PESH
5,Deuteronomy,2,30,Deuteronomy 2:30,4,ܡܠܟܐ,,,,Peshitta,PESH
5,Deuteronomy,2,30,Deuteronomy 2:30,5,ܕܚܫܒܘܢ,,,,Peshitta,PESH
5,Deuteronomy,2,30,Deuteronomy 2:30,6,ܕܢܥܒܪܢ,,,,Peshitta,PESH
5,Deuteronomy,2,30,Deuteronomy 2:30,7,ܒܬܚܘܡܗ,,,,Peshitta,PESH
5,Deuteronomy,2,30,Deuteronomy 2:30,8,ܡܛܠ,,,,Peshitta,PESH
5,Deuteronomy,2,30,Deuteronomy 2:30,9,ܕܩܫܝ,,,,Peshitta,PESH
5,Deuteronomy,2,30,Deuteronomy 2:30,10,ܡܪܝܐ,,,,Peshitta,PESH
5,Deuteronomy,2,30,Deuteronomy 2:30,11,ܐܠܗܟܘܢ,,,,Peshitta,PESH
5,Deuteronomy,2,30,Deuteronomy 2:30,12,ܪܘܚܗ,,,,Peshitta,PESH
5,Deuteronomy,2,30,Deuteronomy 2:30,13,ܘܐܥܫܢ,,,,Peshitta,PESH
5,Deuteronomy,2,30,Deuteronomy 2:30,14,ܠܒܗ,,,,Peshitta,PESH
5,Deuteronomy,2,30,Deuteronomy 2:30,15,ܕܢܫܠܡܝܘܗܝ,,,,Peshitta,PESH
5,Deuteronomy,2,30,Deuteronomy 2:30,16,ܒܐ̈ܝܕܝܟܘܢ,,,,Peshitta,PESH
5,Deuteronomy,2,30,Deuteronomy 2:30,17,ܐܝܟ,,,,Peshitta,PESH
5,Deuteronomy,2,30,Deuteronomy 2:30,18,ܕܝܘܡܢܐ,,,,Peshitta,PESH
5,Deuteronomy,2,31,Deuteronomy 2:31,1,ܘܐܡܪ,,,,Peshitta,PESH
5,Deuteronomy,2,31,Deuteronomy 2:31,2,ܠܝ,,,,Peshitta,PESH
5,Deuteronomy,2,31,Deuteronomy 2:31,3,ܡܪܝܐ,,,,Peshitta,PESH
5,Deuteronomy,2,31,Deuteronomy 2:31,4,ܚܙܝ,,,,Peshitta,PESH
5,Deuteronomy,2,31,Deuteronomy 2:31,5,ܕܫܪܝܬ,,,,Peshitta,PESH
5,Deuteronomy,2,31,Deuteronomy 2:31,6,ܠܡܫܠܡܘ,,,,Peshitta,PESH
5,Deuteronomy,2,31,Deuteronomy 2:31,7,ܒܐ̈ܝܕܝܟ,,,,Peshitta,PESH
5,Deuteronomy,2,31,Deuteronomy 2:31,8,ܠܣܝܚܘܢ,,,,Peshitta,PESH
5,Deuteronomy,2,31,Deuteronomy 2:31,9,ܘܠܐܪܥܗ,,,,Peshitta,PESH
5,Deuteronomy,2,31,Deuteronomy 2:31,10,ܫܪܐ,,,,Peshitta,PESH
5,Deuteronomy,2,31,Deuteronomy 2:31,11,ܠܡܘܒܕܘܬܗ,,,,Peshitta,PESH
5,Deuteronomy,2,31,Deuteronomy 2:31,12,ܘܠܡܐܪܬ,,,,Peshitta,PESH
5,Deuteronomy,2,31,Deuteronomy 2:31,13,ܐܪܥܗ,,,,Peshitta,PESH
5,Deuteronomy,2,32,Deuteronomy 2:32,1,ܘܢܦܩ,,,,Peshitta,PESH
5,Deuteronomy,2,32,Deuteronomy 2:32,2,ܣܝܚܘܢ,,,,Peshitta,PESH
5,Deuteronomy,2,32,Deuteronomy 2:32,3,ܠܐܘܪܥܢ,,,,Peshitta,PESH
5,Deuteronomy,2,32,Deuteronomy 2:32,4,ܗܘ,,,,Peshitta,PESH
5,Deuteronomy,2,32,Deuteronomy 2:32,5,ܘܟܠܗ,,,,Peshitta,PESH
5,Deuteronomy,2,32,Deuteronomy 2:32,6,ܥܡܗ,,,,Peshitta,PESH
5,Deuteronomy,2,32,Deuteronomy 2:32,7,ܠܩܪܒܐ,,,,Peshitta,PESH
5,Deuteronomy,2,32,Deuteronomy 2:32,8,ܠܝܗܨ,,,,Peshitta,PESH
5,Deuteronomy,2,33,Deuteronomy 2:33,1,ܘܐܫܠܡܗ,,,,Peshitta,PESH
5,Deuteronomy,2,33,Deuteronomy 2:33,2,ܡܪܝܐ,,,,Peshitta,PESH
5,Deuteronomy,2,33,Deuteronomy 2:33,3,ܐܠܗܢ,,,,Peshitta,PESH
5,Deuteronomy,2,33,Deuteronomy 2:33,4,ܩܕܡܝܢ,,,,Peshitta,PESH
5,Deuteronomy,2,33,Deuteronomy 2:33,5,ܘܚܪܒܢܝܗܝ,,,,Peshitta,PESH
5,Deuteronomy,2,33,Deuteronomy 2:33,6,ܠܗ,,,,Peshitta,PESH
5,Deuteronomy,2,33,Deuteronomy 2:33,7,ܘܠܒܢ̈ܘܗܝ,,,,Peshitta,PESH
5,Deuteronomy,2,33,Deuteronomy 2:33,8,ܘܠܟܠܗ,,,,Peshitta,PESH
5,Deuteronomy,2,33,Deuteronomy 2:33,9,ܥܡܗ,,,,Peshitta,PESH
5,Deuteronomy,2,34,Deuteronomy 2:34,1,ܘܟܒܫܢ,,,,Peshitta,PESH
5,Deuteronomy,2,34,Deuteronomy 2:34,2,ܟܠܗܝܢ,,,,Peshitta,PESH
5,Deuteronomy,2,34,Deuteronomy 2:34,3,ܩܘܪ̈ܝܗ,,,,Peshitta,PESH
5,Deuteronomy,2,34,Deuteronomy 2:34,4,ܒܙܒܢܐ,,,,Peshitta,PESH
5,Deuteronomy,2,34,Deuteronomy 2:34,5,ܗ̇ܘ,,,,Peshitta,PESH
5,Deuteronomy,2,34,Deuteronomy 2:34,6,ܘܐܘܒܕܢ,,,,Peshitta,PESH
5,Deuteronomy,2,34,Deuteronomy 2:34,7,ܟܠܗܝܢ,,,,Peshitta,PESH
5,Deuteronomy,2,34,Deuteronomy 2:34,8,ܩܘܪ̈ܝܐ,,,,Peshitta,PESH
5,Deuteronomy,2,34,Deuteronomy 2:34,9,ܠܓܡܪ,,,,Peshitta,PESH
5,Deuteronomy,2,34,Deuteronomy 2:34,10,ܘܢܫ̈ܐ,,,,Peshitta,PESH
5,Deuteronomy,2,34,Deuteronomy 2:34,11,ܘܝܩܪܬܐ,,,,Peshitta,PESH
5,Deuteronomy,2,34,Deuteronomy 2:34,12,ܘܠܐ,,,,Peshitta,PESH
5,Deuteronomy,2,34,Deuteronomy 2:34,13,ܫܒܩܢ,,,,Peshitta,PESH
5,Deuteronomy,2,34,Deuteronomy 2:34,14,ܡܢܗܘܢ,,,,Peshitta,PESH
5,Deuteronomy,2,34,Deuteronomy 2:34,15,ܣܪܝܕܐ,,,,Peshitta,PESH
5,Deuteronomy,2,35,Deuteronomy 2:35,1,ܒܠܚܘܕ,,,,Peshitta,PESH
5,Deuteronomy,2,35,Deuteronomy 2:35,2,ܒܥܝܪ̈ܐ,,,,Peshitta,PESH
5,Deuteronomy,2,35,Deuteronomy 2:35,3,ܒܙܢ,,,,Peshitta,PESH
5,Deuteronomy,2,35,Deuteronomy 2:35,4,ܠܢ,,,,Peshitta,PESH
5,Deuteronomy,2,35,Deuteronomy 2:35,5,ܘܒܙܬܐ,,,,Peshitta,PESH
5,Deuteronomy,2,35,Deuteronomy 2:35,6,ܕܩܘܪ̈ܝܐ,,,,Peshitta,PESH
5,Deuteronomy,2,35,Deuteronomy 2:35,7,ܕܟܒܫܢ,,,,Peshitta,PESH
5,Deuteronomy,2,36,Deuteronomy 2:36,1,ܡܢ,,,,Peshitta,PESH
5,Deuteronomy,2,36,Deuteronomy 2:36,2,ܥܕܘܥܝܪ,,,,Peshitta,PESH
5,Deuteronomy,2,36,Deuteronomy 2:36,3,ܕܥܠ,,,,Peshitta,PESH
5,Deuteronomy,2,36,Deuteronomy 2:36,4,ܣܦܬܐ,,,,Peshitta,PESH
5,Deuteronomy,2,36,Deuteronomy 2:36,5,ܕܢܚܠܐ,,,,Peshitta,PESH
5,Deuteronomy,2,36,Deuteronomy 2:36,6,ܕܐܪܢܘܢ,,,,Peshitta,PESH
5,Deuteronomy,2,36,Deuteronomy 2:36,7,ܘܩܪܝܬܐ,,,,Peshitta,PESH
5,Deuteronomy,2,36,Deuteronomy 2:36,8,ܕܒܢܚܠܐ,,,,Peshitta,PESH
5,Deuteronomy,2,36,Deuteronomy 2:36,9,ܘܥܕܡܐ,,,,Peshitta,PESH
5,Deuteronomy,2,36,Deuteronomy 2:36,10,ܠܓܠܥܕ,,,,Peshitta,PESH
5,Deuteronomy,2,36,Deuteronomy 2:36,11,ܠܐ,,,,Peshitta,PESH
5,Deuteronomy,2,36,Deuteronomy 2:36,12,ܗܘܬ,,,,Peshitta,PESH
5,Deuteronomy,2,36,Deuteronomy 2:36,13,ܩܪܝܬܐ,,,,Peshitta,PESH
5,Deuteronomy,2,36,Deuteronomy 2:36,14,ܕܥܫܢܬ,,,,Peshitta,PESH
5,Deuteronomy,2,36,Deuteronomy 2:36,15,ܡܢܢ,,,,Peshitta,PESH
5,Deuteronomy,2,36,Deuteronomy 2:36,16,ܟܠܗܝܢ,,,,Peshitta,PESH
5,Deuteronomy,2,36,Deuteronomy 2:36,17,ܐܫܠܡ,,,,Peshitta,PESH
5,Deuteronomy,2,36,Deuteronomy 2:36,18,ܐ̈ܢܝܢ,,,,Peshitta,PESH
5,Deuteronomy,2,36,Deuteronomy 2:36,19,ܡܪܝܐ,,,,Peshitta,PESH
5,Deuteronomy,2,36,Deuteronomy 2:36,20,ܐܠܗܢ,,,,Peshitta,PESH
5,Deuteronomy,2,36,Deuteronomy 2:36,21,ܩܕܡܝܢ,,,,Peshitta,PESH
5,Deuteronomy,2,37,Deuteronomy 2:37,1,ܒܠܚܘܕ,,,,Peshitta,PESH
5,Deuteronomy,2,37,Deuteronomy 2:37,2,ܠܐܪܥܐ,,,,Peshitta,PESH
5,Deuteronomy,2,37,Deuteronomy 2:37,3,ܕܒܢ̈ܝ,,,,Peshitta,PESH
5,Deuteronomy,2,37,Deuteronomy 2:37,4,ܥܡܘܢ,,,,Peshitta,PESH
5,Deuteronomy,2,37,Deuteronomy 2:37,5,ܕܠܐ,,,,Peshitta,PESH
5,Deuteronomy,2,37,Deuteronomy 2:37,6,ܐܬܩܪܒܬܘܢ,,,,Peshitta,PESH
5,Deuteronomy,2,37,Deuteronomy 2:37,7,ܟܠ,,,,Peshitta,PESH
5,Deuteronomy,2,37,Deuteronomy 2:37,8,ܝܕ,,,,Peshitta,PESH
5,Deuteronomy,2,37,Deuteronomy 2:37,9,ܢܚܠܐ,,,,Peshitta,PESH
5,Deuteronomy,2,37,Deuteronomy 2:37,10,ܕܝܒܩ,,,,Peshitta,PESH
5,Deuteronomy,2,37,Deuteronomy 2:37,11,ܘܩܘܪ̈ܝܐ,,,,Peshitta,PESH
5,Deuteronomy,2,37,Deuteronomy 2:37,12,ܕܛܘܪ̈ܐ,,,,Peshitta,PESH
5,Deuteronomy,2,37,Deuteronomy 2:37,13,ܘܟܠ,,,,Peshitta,PESH
5,Deuteronomy,2,37,Deuteronomy 2:37,14,ܕܦܩܕܢ,,,,Peshitta,PESH
5,Deuteronomy,2,37,Deuteronomy 2:37,15,ܡܪܝܐ,,,,Peshitta,PESH
5,Deuteronomy,2,37,Deuteronomy 2:37,16,ܐܠܗܢ,,,,Peshitta,PESH
5,Deuteronomy,3,1,Deuteronomy 3:1,1,ܘܐܬܦܢܝܢ,,,,Peshitta,PESH
5,Deuteronomy,3,1,Deuteronomy 3:1,2,ܘܣܠܩܢ,,,,Peshitta,PESH
5,Deuteronomy,3,1,Deuteronomy 3:1,3,ܠܐܘܪܚܐ,,,,Peshitta,PESH
5,Deuteronomy,3,1,Deuteronomy 3:1,4,ܕܡܬܢܝܢ,,,,Peshitta,PESH
5,Deuteronomy,3,1,Deuteronomy 3:1,5,ܘܢܦܩ,,,,Peshitta,PESH
5,Deuteronomy,3,1,Deuteronomy 3:1,6,ܥܘܓ,,,,Peshitta,PESH
5,Deuteronomy,3,1,Deuteronomy 3:1,7,ܡܠܟܐ,,,,Peshitta,PESH
5,Deuteronomy,3,1,Deuteronomy 3:1,8,ܕܡܬܢܝܢ,,,,Peshitta,PESH
5,Deuteronomy,3,1,Deuteronomy 3:1,9,ܠܐܘܪܥܢ,,,,Peshitta,PESH
5,Deuteronomy,3,1,Deuteronomy 3:1,10,ܗܘ,,,,Peshitta,PESH
5,Deuteronomy,3,1,Deuteronomy 3:1,11,ܘܟܠܗ,,,,Peshitta,PESH
5,Deuteronomy,3,1,Deuteronomy 3:1,12,ܥܡܗ,,,,Peshitta,PESH
5,Deuteronomy,3,1,Deuteronomy 3:1,13,ܠܩܪܒܐ,,,,Peshitta,PESH
5,Deuteronomy,3,1,Deuteronomy 3:1,14,ܒܐܪܕܥܝ,,,,Peshitta,PESH
5,Deuteronomy,3,2,Deuteronomy 3:2,1,ܘܐܡܪ,,,,Peshitta,PESH
5,Deuteronomy,3,2,Deuteronomy 3:2,2,ܠܝ,,,,Peshitta,PESH
5,Deuteronomy,3,2,Deuteronomy 3:2,3,ܡܪܝܐ,,,,Peshitta,PESH
5,Deuteronomy,3,2,Deuteronomy 3:2,4,ܠܐ,,,,Peshitta,PESH
5,Deuteronomy,3,2,Deuteronomy 3:2,5,ܬܕܚܠ,,,,Peshitta,PESH
5,Deuteronomy,3,2,Deuteronomy 3:2,6,ܡܢܗ,,,,Peshitta,PESH
5,Deuteronomy,3,2,Deuteronomy 3:2,7,ܡܛܠ,,,,Peshitta,PESH
5,Deuteronomy,3,2,Deuteronomy 3:2,8,ܕܒܐ̈ܝܕܝܟ,,,,Peshitta,PESH
5,Deuteronomy,3,2,Deuteronomy 3:2,9,ܐܫܠܡܬܗ,,,,Peshitta,PESH
5,Deuteronomy,3,2,Deuteronomy 3:2,10,ܘܠܟܠܗ,,,,Peshitta,PESH
5,Deuteronomy,3,2,Deuteronomy 3:2,11,ܥܡܗ,,,,Peshitta,PESH
5,Deuteronomy,3,2,Deuteronomy 3:2,12,ܘܠܐܪܥܗ,,,,Peshitta,PESH
5,Deuteronomy,3,2,Deuteronomy 3:2,13,ܘܥܒܕ,,,,Peshitta,PESH
5,Deuteronomy,3,2,Deuteronomy 3:2,14,ܠܗ,,,,Peshitta,PESH
5,Deuteronomy,3,2,Deuteronomy 3:2,15,ܐܝܟ,,,,Peshitta,PESH
5,Deuteronomy,3,2,Deuteronomy 3:2,16,ܕܥܒܕܬ,,,,Peshitta,PESH
5,Deuteronomy,3,2,Deuteronomy 3:2,17,ܠܣܝܚܘܢ,,,,Peshitta,PESH
5,Deuteronomy,3,2,Deuteronomy 3:2,18,ܡܠܟܐ,,,,Peshitta,PESH
5,Deuteronomy,3,2,Deuteronomy 3:2,19,ܕܐܡܘܪ̈ܝܐ,,,,Peshitta,PESH
5,Deuteronomy,3,2,Deuteronomy 3:2,20,ܕܝ̇ܬܒ,,,,Peshitta,PESH
5,Deuteronomy,3,2,Deuteronomy 3:2,21,ܗܘܐ,,,,Peshitta,PESH
5,Deuteronomy,3,2,Deuteronomy 3:2,22,ܒܚܫܒܘܢ,,,,Peshitta,PESH
5,Deuteronomy,3,3,Deuteronomy 3:3,1,ܘܐܫܠܡ,,,,Peshitta,PESH
5,Deuteronomy,3,3,Deuteronomy 3:3,2,ܡܪܝܐ,,,,Peshitta,PESH
5,Deuteronomy,3,3,Deuteronomy 3:3,3,ܐܠܗܢ,,,,Peshitta,PESH
5,Deuteronomy,3,3,Deuteronomy 3:3,4,ܒܐܝܕܢ,,,,Peshitta,PESH
5,Deuteronomy,3,3,Deuteronomy 3:3,5,ܐܦ,,,,Peshitta,PESH
5,Deuteronomy,3,3,Deuteronomy 3:3,6,ܠܥܘܓ,,,,Peshitta,PESH
5,Deuteronomy,3,3,Deuteronomy 3:3,7,ܡܠܟܐ,,,,Peshitta,PESH
5,Deuteronomy,3,3,Deuteronomy 3:3,8,ܕܡܬܢܝܢ,,,,Peshitta,PESH
5,Deuteronomy,3,3,Deuteronomy 3:3,9,ܘܠܟܠܗ,,,,Peshitta,PESH
5,Deuteronomy,3,3,Deuteronomy 3:3,10,ܥܡܗ,,,,Peshitta,PESH
5,Deuteronomy,3,3,Deuteronomy 3:3,11,ܘܚܪܒܢܝܗܝ,,,,Peshitta,PESH
5,Deuteronomy,3,3,Deuteronomy 3:3,12,ܘܠܐ,,,,Peshitta,PESH
5,Deuteronomy,3,3,Deuteronomy 3:3,13,ܫܒܩܢ,,,,Peshitta,PESH
5,Deuteronomy,3,3,Deuteronomy 3:3,14,ܠܗ,,,,Peshitta,PESH
5,Deuteronomy,3,3,Deuteronomy 3:3,15,ܣܪܝܕܐ,,,,Peshitta,PESH
5,Deuteronomy,3,4,Deuteronomy 3:4,1,ܘܟܒܫܢ,,,,Peshitta,PESH
5,Deuteronomy,3,4,Deuteronomy 3:4,2,ܟܠܗܝܢ,,,,Peshitta,PESH
5,Deuteronomy,3,4,Deuteronomy 3:4,3,ܩܘܪ̈ܝܗ,,,,Peshitta,PESH
5,Deuteronomy,3,4,Deuteronomy 3:4,4,ܒܙܒܢܐ,,,,Peshitta,PESH
5,Deuteronomy,3,4,Deuteronomy 3:4,5,ܗ̇ܘ,,,,Peshitta,PESH
5,Deuteronomy,3,4,Deuteronomy 3:4,6,ܘܠܐ,,,,Peshitta,PESH
5,Deuteronomy,3,4,Deuteronomy 3:4,7,ܫܒܩܢ,,,,Peshitta,PESH
5,Deuteronomy,3,4,Deuteronomy 3:4,8,ܩܪܝܬܐ,,,,Peshitta,PESH
5,Deuteronomy,3,4,Deuteronomy 3:4,9,ܕܠܐ,,,,Peshitta,PESH
5,Deuteronomy,3,4,Deuteronomy 3:4,10,ܢܣܒܢܗ̇,,,,Peshitta,PESH
5,Deuteronomy,3,4,Deuteronomy 3:4,11,ܡܢܗܘܢ,,,,Peshitta,PESH
5,Deuteronomy,3,4,Deuteronomy 3:4,12,ܫܬܝܢ,,,,Peshitta,PESH
5,Deuteronomy,3,4,Deuteronomy 3:4,13,ܩܘܪ̈ܝܐ,,,,Peshitta,PESH
5,Deuteronomy,3,4,Deuteronomy 3:4,14,ܟܠܗ,,,,Peshitta,PESH
5,Deuteronomy,3,4,Deuteronomy 3:4,15,ܚܒܠ,,,,Peshitta,PESH
5,Deuteronomy,3,4,Deuteronomy 3:4,16,ܐܪܓܘܒ,,,,Peshitta,PESH
5,Deuteronomy,3,4,Deuteronomy 3:4,17,ܒܝܬ,,,,Peshitta,PESH
5,Deuteronomy,3,4,Deuteronomy 3:4,18,ܡܠܟܘܬܗ,,,,Peshitta,PESH
5,Deuteronomy,3,4,Deuteronomy 3:4,19,ܕܥܘܓ,,,,Peshitta,PESH
5,Deuteronomy,3,4,Deuteronomy 3:4,20,ܕܒܡܬܢܝܢ,,,,Peshitta,PESH
5,Deuteronomy,3,5,Deuteronomy 3:5,1,ܟܠܗܝܢ,,,,Peshitta,PESH
5,Deuteronomy,3,5,Deuteronomy 3:5,2,ܗܠܝܢ,,,,Peshitta,PESH
5,Deuteronomy,3,5,Deuteronomy 3:5,3,ܩܘܪ̈ܝܐ,,,,Peshitta,PESH
5,Deuteronomy,3,5,Deuteronomy 3:5,4,ܕܥܫܝ̈ܢܝܢ,,,,Peshitta,PESH
5,Deuteronomy,3,5,Deuteronomy 3:5,5,ܫܘܪ̈ܝܗܝܢ,,,,Peshitta,PESH
5,Deuteronomy,3,5,Deuteronomy 3:5,6,ܘܪܡܝܢ,,,,Peshitta,PESH
5,Deuteronomy,3,5,Deuteronomy 3:5,7,ܬܪ̈ܥܝܗܝܢ,,,,Peshitta,PESH
5,Deuteronomy,3,5,Deuteronomy 3:5,8,ܘܡܘܟ̈ܠܝܗܝܢ,,,,Peshitta,PESH
5,Deuteronomy,3,5,Deuteronomy 3:5,9,ܣܛܪ,,,,Peshitta,PESH
5,Deuteronomy,3,5,Deuteronomy 3:5,10,ܡܢ,,,,Peshitta,PESH
5,Deuteronomy,3,5,Deuteronomy 3:5,11,ܩܘܪ̈ܝܐ,,,,Peshitta,PESH
5,Deuteronomy,3,5,Deuteronomy 3:5,12,ܕܫ̈ܛܚܐ,,,,Peshitta,PESH
5,Deuteronomy,3,5,Deuteronomy 3:5,13,ܕܛܒ,,,,Peshitta,PESH
5,Deuteronomy,3,5,Deuteronomy 3:5,14,ܣ̈ܓܝܐܢ,,,,Peshitta,PESH
5,Deuteronomy,3,6,Deuteronomy 3:6,1,ܘܚܪ̈ܒܢ,,,,Peshitta,PESH
5,Deuteronomy,3,6,Deuteronomy 3:6,2,ܐܢܝ̈ܢ,,,,Peshitta,PESH
5,Deuteronomy,3,6,Deuteronomy 3:6,3,ܐܝܟ,,,,Peshitta,PESH
5,Deuteronomy,3,6,Deuteronomy 3:6,4,ܕܥܒܕܢ,,,,Peshitta,PESH
5,Deuteronomy,3,6,Deuteronomy 3:6,5,ܠܣܝܚܘܢ,,,,Peshitta,PESH
5,Deuteronomy,3,6,Deuteronomy 3:6,6,ܡܠܟܐ,,,,Peshitta,PESH
5,Deuteronomy,3,6,Deuteronomy 3:6,7,ܕܚܫܒܘܢ,,,,Peshitta,PESH
5,Deuteronomy,3,6,Deuteronomy 3:6,8,ܕܚܪ̈ܒܢ,,,,Peshitta,PESH
5,Deuteronomy,3,6,Deuteronomy 3:6,9,ܟܠܗܝܢ,,,,Peshitta,PESH
5,Deuteronomy,3,6,Deuteronomy 3:6,10,ܩܘܪ̈ܝܗ,,,,Peshitta,PESH
5,Deuteronomy,3,6,Deuteronomy 3:6,11,ܠܓܡܪ,,,,Peshitta,PESH
5,Deuteronomy,3,6,Deuteronomy 3:6,12,ܘܢܫ̈ܐ,,,,Peshitta,PESH
5,Deuteronomy,3,6,Deuteronomy 3:6,13,ܘܝܩܪܬܐ,,,,Peshitta,PESH
5,Deuteronomy,3,7,Deuteronomy 3:7,1,ܘܟܠܗ̇,,,,Peshitta,PESH
5,Deuteronomy,3,7,Deuteronomy 3:7,2,ܒܥܝܪܐ,,,,Peshitta,PESH
5,Deuteronomy,3,7,Deuteronomy 3:7,3,ܘܒܙܬܐ,,,,Peshitta,PESH
5,Deuteronomy,3,7,Deuteronomy 3:7,4,ܕܩܘܪ̈ܝܐ,,,,Peshitta,PESH
5,Deuteronomy,3,7,Deuteronomy 3:7,5,ܒܙܢ,,,,Peshitta,PESH
5,Deuteronomy,3,7,Deuteronomy 3:7,6,ܠܢ,,,,Peshitta,PESH
5,Deuteronomy,3,8,Deuteronomy 3:8,1,ܘܢܣܒܢܗ̇,,,,Peshitta,PESH
5,Deuteronomy,3,8,Deuteronomy 3:8,2,ܒܙܒܢܐ,,,,Peshitta,PESH
5,Deuteronomy,3,8,Deuteronomy 3:8,3,ܗ̇ܘ,,,,Peshitta,PESH
5,Deuteronomy,3,8,Deuteronomy 3:8,4,ܠܐܪܥܐ,,,,Peshitta,PESH
5,Deuteronomy,3,8,Deuteronomy 3:8,5,ܡܢ,,,,Peshitta,PESH
5,Deuteronomy,3,8,Deuteronomy 3:8,6,ܐܝܕܐ,,,,Peshitta,PESH
5,Deuteronomy,3,8,Deuteronomy 3:8,7,ܕܬܪ̈ܝܗܘܢ,,,,Peshitta,PESH
5,Deuteronomy,3,8,Deuteronomy 3:8,8,ܡ̈ܠܟܐ,,,,Peshitta,PESH
5,Deuteronomy,3,8,Deuteronomy 3:8,9,ܕܐܡܘܪ̈ܝܐ,,,,Peshitta,PESH
5,Deuteronomy,3,8,Deuteronomy 3:8,10,ܕܒܥܒܪܐ,,,,Peshitta,PESH
5,Deuteronomy,3,8,Deuteronomy 3:8,11,ܕܝܘܪܕܢܢ,,,,Peshitta,PESH
5,Deuteronomy,3,8,Deuteronomy 3:8,12,ܡܢ,,,,Peshitta,PESH
5,Deuteronomy,3,8,Deuteronomy 3:8,13,ܢܚܠܐ,,,,Peshitta,PESH
5,Deuteronomy,3,8,Deuteronomy 3:8,14,ܕܐܪܢܘܢ,,,,Peshitta,PESH
5,Deuteronomy,3,8,Deuteronomy 3:8,15,ܘܥܕܡܐ,,,,Peshitta,PESH
5,Deuteronomy,3,8,Deuteronomy 3:8,16,ܠܛܘܪܐ,,,,Peshitta,PESH
5,Deuteronomy,3,8,Deuteronomy 3:8,17,ܕܚܪܡܘܢ,,,,Peshitta,PESH
5,Deuteronomy,3,9,Deuteronomy 3:9,1,ܨܝ̈ܕܢܝܐ,,,,Peshitta,PESH
5,Deuteronomy,3,9,Deuteronomy 3:9,2,ܩ̇ܪܝܢ,,,,Peshitta,PESH
5,Deuteronomy,3,9,Deuteronomy 3:9,3,ܠܚܪܡܘܢ,,,,Peshitta,PESH
5,Deuteronomy,3,9,Deuteronomy 3:9,4,ܣܪܝܘܢ,,,,Peshitta,PESH
5,Deuteronomy,3,9,Deuteronomy 3:9,5,ܘܐܡܘܪ̈ܝܐ,,,,Peshitta,PESH
5,Deuteronomy,3,9,Deuteronomy 3:9,6,ܩ̇ܪܝܢ,,,,Peshitta,PESH
5,Deuteronomy,3,9,Deuteronomy 3:9,7,ܠܗ,,,,Peshitta,PESH
5,Deuteronomy,3,9,Deuteronomy 3:9,8,ܣܢܝܪ,,,,Peshitta,PESH
5,Deuteronomy,3,10,Deuteronomy 3:10,1,ܘܟܠܗܝܢ,,,,Peshitta,PESH
5,Deuteronomy,3,10,Deuteronomy 3:10,2,ܩܘܪ̈ܝܐ,,,,Peshitta,PESH
5,Deuteronomy,3,10,Deuteronomy 3:10,3,ܕܦܩܥܬܐ,,,,Peshitta,PESH
5,Deuteronomy,3,10,Deuteronomy 3:10,4,ܘܟܠܗ̇,,,,Peshitta,PESH
5,Deuteronomy,3,10,Deuteronomy 3:10,5,ܓܠܥܕ,,,,Peshitta,PESH
5,Deuteronomy,3,10,Deuteronomy 3:10,6,ܘܟܠܗ̇,,,,Peshitta,PESH
5,Deuteronomy,3,10,Deuteronomy 3:10,7,ܡܬܢܝܢ,,,,Peshitta,PESH
5,Deuteronomy,3,10,Deuteronomy 3:10,8,ܥܕܡܐ,,,,Peshitta,PESH
5,Deuteronomy,3,10,Deuteronomy 3:10,9,ܠܣܠܟܐ,,,,Peshitta,PESH
5,Deuteronomy,3,10,Deuteronomy 3:10,10,ܘܠܐܪܕܥܝ,,,,Peshitta,PESH
5,Deuteronomy,3,10,Deuteronomy 3:10,11,ܟܘܠܗܝܢ,,,,Peshitta,PESH
5,Deuteronomy,3,10,Deuteronomy 3:10,12,ܩܘܪ̈ܝܐ,,,,Peshitta,PESH
5,Deuteronomy,3,10,Deuteronomy 3:10,13,ܕܡܠܟܘܬܗ,,,,Peshitta,PESH
5,Deuteronomy,3,10,Deuteronomy 3:10,14,ܕܥܘܓ,,,,Peshitta,PESH
5,Deuteronomy,3,10,Deuteronomy 3:10,15,ܕܒܡܬܢܝܢ,,,,Peshitta,PESH
5,Deuteronomy,3,11,Deuteronomy 3:11,1,ܡܛܠ,,,,Peshitta,PESH
5,Deuteronomy,3,11,Deuteronomy 3:11,2,ܕܥܘܓ,,,,Peshitta,PESH
5,Deuteronomy,3,11,Deuteronomy 3:11,3,ܡܠܟܐ,,,,Peshitta,PESH
5,Deuteronomy,3,11,Deuteronomy 3:11,4,ܕܡܬܢܝܢ,,,,Peshitta,PESH
5,Deuteronomy,3,11,Deuteronomy 3:11,5,ܒܠܚܘܕܘܗܝ,,,,Peshitta,PESH
5,Deuteronomy,3,11,Deuteronomy 3:11,6,ܐܫܬܚܪ,,,,Peshitta,PESH
5,Deuteronomy,3,11,Deuteronomy 3:11,7,ܡܢ,,,,Peshitta,PESH
5,Deuteronomy,3,11,Deuteronomy 3:11,8,ܫܪܟܐ,,,,Peshitta,PESH
5,Deuteronomy,3,11,Deuteronomy 3:11,9,ܕܓܢܒܪ̈ܐ,,,,Peshitta,PESH
5,Deuteronomy,3,11,Deuteronomy 3:11,10,ܥܪܣܗ,,,,Peshitta,PESH
5,Deuteronomy,3,11,Deuteronomy 3:11,11,ܥܪܣܐ,,,,Peshitta,PESH
5,Deuteronomy,3,11,Deuteronomy 3:11,12,ܗܝ,,,,Peshitta,PESH
5,Deuteronomy,3,11,Deuteronomy 3:11,13,ܕܦܪܙܠܐ,,,,Peshitta,PESH
5,Deuteronomy,3,11,Deuteronomy 3:11,14,ܘܗܐ,,,,Peshitta,PESH
5,Deuteronomy,3,11,Deuteronomy 3:11,15,ܒܪܒܬ,,,,Peshitta,PESH
5,Deuteronomy,3,11,Deuteronomy 3:11,16,ܗܝ,,,,Peshitta,PESH
5,Deuteronomy,3,11,Deuteronomy 3:11,17,ܕܒܢ̈ܝ,,,,Peshitta,PESH
5,Deuteronomy,3,11,Deuteronomy 3:11,18,ܥܡܘܢ,,,,Peshitta,PESH
5,Deuteronomy,3,11,Deuteronomy 3:11,19,ܬܫܥ,,,,Peshitta,PESH
5,Deuteronomy,3,11,Deuteronomy 3:11,20,ܐ̈ܡܝܢ,,,,Peshitta,PESH
5,Deuteronomy,3,11,Deuteronomy 3:11,21,ܐܘܪܟܗ̇,,,,Peshitta,PESH
5,Deuteronomy,3,11,Deuteronomy 3:11,22,ܘܐܪ̈ܒܥ,,,,Peshitta,PESH
5,Deuteronomy,3,11,Deuteronomy 3:11,23,ܐܡ̈ܝܢ,,,,Peshitta,PESH
5,Deuteronomy,3,11,Deuteronomy 3:11,24,ܦܬܝܗ̇,,,,Peshitta,PESH
5,Deuteronomy,3,11,Deuteronomy 3:11,25,ܒܐܡܬܐ,,,,Peshitta,PESH
5,Deuteronomy,3,11,Deuteronomy 3:11,26,ܕܓܢܒܪ̈ܐ,,,,Peshitta,PESH
5,Deuteronomy,3,12,Deuteronomy 3:12,1,ܘܐܪܥܐ,,,,Peshitta,PESH
5,Deuteronomy,3,12,Deuteronomy 3:12,2,ܗܕܐ,,,,Peshitta,PESH
5,Deuteronomy,3,12,Deuteronomy 3:12,3,ܝܪܬܢ,,,,Peshitta,PESH
5,Deuteronomy,3,12,Deuteronomy 3:12,4,ܒܙܒܢܐ,,,,Peshitta,PESH
5,Deuteronomy,3,12,Deuteronomy 3:12,5,ܗ̇ܘ,,,,Peshitta,PESH
5,Deuteronomy,3,12,Deuteronomy 3:12,6,ܡܢ,,,,Peshitta,PESH
5,Deuteronomy,3,12,Deuteronomy 3:12,7,ܥܕܘܥܝܪ,,,,Peshitta,PESH
5,Deuteronomy,3,12,Deuteronomy 3:12,8,ܕܥܠ,,,,Peshitta,PESH
5,Deuteronomy,3,12,Deuteronomy 3:12,9,ܣܦܬܐ,,,,Peshitta,PESH
5,Deuteronomy,3,12,Deuteronomy 3:12,10,ܕܢܚܠܐ,,,,Peshitta,PESH
5,Deuteronomy,3,12,Deuteronomy 3:12,11,ܕܐܪܢܘܢ,,,,Peshitta,PESH
5,Deuteronomy,3,12,Deuteronomy 3:12,12,ܘܦܠܓܗ,,,,Peshitta,PESH
5,Deuteronomy,3,12,Deuteronomy 3:12,13,ܕܛܘܪܐ,,,,Peshitta,PESH
5,Deuteronomy,3,12,Deuteronomy 3:12,14,ܕܓܠܥܕ,,,,Peshitta,PESH
5,Deuteronomy,3,12,Deuteronomy 3:12,15,ܘܩܘܪ̈ܝܗ,,,,Peshitta,PESH
5,Deuteronomy,3,12,Deuteronomy 3:12,16,ܝܗ̇ܒܬ,,,,Peshitta,PESH
5,Deuteronomy,3,12,Deuteronomy 3:12,17,ܠܪܘܒܝܠ,,,,Peshitta,PESH
5,Deuteronomy,3,12,Deuteronomy 3:12,18,ܘܠܓܕ,,,,Peshitta,PESH
5,Deuteronomy,3,13,Deuteronomy 3:13,1,ܘܫܪܟܐ,,,,Peshitta,PESH
5,Deuteronomy,3,13,Deuteronomy 3:13,2,ܕܓܠܥܕ,,,,Peshitta,PESH
5,Deuteronomy,3,13,Deuteronomy 3:13,3,ܘܟܠܗ̇,,,,Peshitta,PESH
5,Deuteronomy,3,13,Deuteronomy 3:13,4,ܡܬܢܝܢ,,,,Peshitta,PESH
5,Deuteronomy,3,13,Deuteronomy 3:13,5,ܒܝܬ,,,,Peshitta,PESH
5,Deuteronomy,3,13,Deuteronomy 3:13,6,ܡܠܟܘܬܗ,,,,Peshitta,PESH
5,Deuteronomy,3,13,Deuteronomy 3:13,7,ܕܥܘܓ,,,,Peshitta,PESH
5,Deuteronomy,3,13,Deuteronomy 3:13,8,ܝܗ̇ܒܬ,,,,Peshitta,PESH
5,Deuteronomy,3,13,Deuteronomy 3:13,9,ܠܦܠܓܗ,,,,Peshitta,PESH
5,Deuteronomy,3,13,Deuteronomy 3:13,10,ܕܫܒܛܐ,,,,Peshitta,PESH
5,Deuteronomy,3,13,Deuteronomy 3:13,11,ܕܡܢܫܐ,,,,Peshitta,PESH
5,Deuteronomy,3,13,Deuteronomy 3:13,12,ܟܠܗ,,,,Peshitta,PESH
5,Deuteronomy,3,13,Deuteronomy 3:13,13,ܚܒܠ,,,,Peshitta,PESH
5,Deuteronomy,3,13,Deuteronomy 3:13,14,ܐܪܓܘܒ,,,,Peshitta,PESH
5,Deuteronomy,3,13,Deuteronomy 3:13,15,ܘܟܠܗ̇,,,,Peshitta,PESH
5,Deuteronomy,3,13,Deuteronomy 3:13,16,ܡܬܢܝܢ,,,,Peshitta,PESH
5,Deuteronomy,3,13,Deuteronomy 3:13,17,ܗܝ,,,,Peshitta,PESH
5,Deuteronomy,3,13,Deuteronomy 3:13,18,ܗܝ,,,,Peshitta,PESH
5,Deuteronomy,3,13,Deuteronomy 3:13,19,ܡܬܩܪܝܐ,,,,Peshitta,PESH
5,Deuteronomy,3,13,Deuteronomy 3:13,20,ܐܪܥ,,,,Peshitta,PESH
5,Deuteronomy,3,13,Deuteronomy 3:13,21,ܓܢܒܪ̈ܐ,,,,Peshitta,PESH
5,Deuteronomy,3,14,Deuteronomy 3:14,1,ܘܝܐܝܪ,,,,Peshitta,PESH
5,Deuteronomy,3,14,Deuteronomy 3:14,2,ܒܪ,,,,Peshitta,PESH
5,Deuteronomy,3,14,Deuteronomy 3:14,3,ܡܢܫܐ,,,,Peshitta,PESH
5,Deuteronomy,3,14,Deuteronomy 3:14,4,ܢܣܒ,,,,Peshitta,PESH
5,Deuteronomy,3,14,Deuteronomy 3:14,5,ܠܗ,,,,Peshitta,PESH
5,Deuteronomy,3,14,Deuteronomy 3:14,6,ܟܠܗ,,,,Peshitta,PESH
5,Deuteronomy,3,14,Deuteronomy 3:14,7,ܚܒܠ,,,,Peshitta,PESH
5,Deuteronomy,3,14,Deuteronomy 3:14,8,ܐܪܓܘܒ,,,,Peshitta,PESH
5,Deuteronomy,3,14,Deuteronomy 3:14,9,ܥܕܡܐ,,,,Peshitta,PESH
5,Deuteronomy,3,14,Deuteronomy 3:14,10,ܠܬܚܘܡܐ,,,,Peshitta,PESH
5,Deuteronomy,3,14,Deuteronomy 3:14,11,ܕܓܫܘܪ,,,,Peshitta,PESH
5,Deuteronomy,3,14,Deuteronomy 3:14,12,ܘܕܡܥܟܬ,,,,Peshitta,PESH
5,Deuteronomy,3,14,Deuteronomy 3:14,13,ܘܩܪܐ,,,,Peshitta,PESH
5,Deuteronomy,3,14,Deuteronomy 3:14,14,ܐ̈ܢܝܢ,,,,Peshitta,PESH
5,Deuteronomy,3,14,Deuteronomy 3:14,15,ܥܠ,,,,Peshitta,PESH
5,Deuteronomy,3,14,Deuteronomy 3:14,16,ܫܡܗ,,,,Peshitta,PESH
5,Deuteronomy,3,14,Deuteronomy 3:14,17,ܡܬܢܝܢ,,,,Peshitta,PESH
5,Deuteronomy,3,14,Deuteronomy 3:14,18,ܘܟܦܪ̈ܘܢܐ,,,,Peshitta,PESH
5,Deuteronomy,3,14,Deuteronomy 3:14,19,ܕܝܐܝܪ,,,,Peshitta,PESH
5,Deuteronomy,3,14,Deuteronomy 3:14,20,ܥܕܡܐ,,,,Peshitta,PESH
5,Deuteronomy,3,14,Deuteronomy 3:14,21,ܠܝܘܡܢܐ,,,,Peshitta,PESH
5,Deuteronomy,3,15,Deuteronomy 3:15,1,ܘܠܡܟܝܪ,,,,Peshitta,PESH
5,Deuteronomy,3,15,Deuteronomy 3:15,2,ܝܗܒܬ,,,,Peshitta,PESH
5,Deuteronomy,3,15,Deuteronomy 3:15,3,ܓܠܥܕ,,,,Peshitta,PESH
5,Deuteronomy,3,16,Deuteronomy 3:16,1,ܘܠܪܘܒܝܠ,,,,Peshitta,PESH
5,Deuteronomy,3,16,Deuteronomy 3:16,2,ܘܠܓܕ,,,,Peshitta,PESH
5,Deuteronomy,3,16,Deuteronomy 3:16,3,ܝܗ̇ܒܬ,,,,Peshitta,PESH
5,Deuteronomy,3,16,Deuteronomy 3:16,4,ܡܢ,,,,Peshitta,PESH
5,Deuteronomy,3,16,Deuteronomy 3:16,5,ܓܠܥܕ,,,,Peshitta,PESH
5,Deuteronomy,3,16,Deuteronomy 3:16,6,ܘܥܕܡܐ,,,,Peshitta,PESH
5,Deuteronomy,3,16,Deuteronomy 3:16,7,ܠܢܚܠܐ,,,,Peshitta,PESH
5,Deuteronomy,3,16,Deuteronomy 3:16,8,ܕܐܪܢܘܢ,,,,Peshitta,PESH
5,Deuteronomy,3,16,Deuteronomy 3:16,9,ܘܓܘܗ,,,,Peshitta,PESH
5,Deuteronomy,3,16,Deuteronomy 3:16,10,ܕܢܚܠܐ,,,,Peshitta,PESH
5,Deuteronomy,3,16,Deuteronomy 3:16,11,ܘܬܚܘܡܗ,,,,Peshitta,PESH
5,Deuteronomy,3,16,Deuteronomy 3:16,12,ܘܥܕܡܐ,,,,Peshitta,PESH
5,Deuteronomy,3,16,Deuteronomy 3:16,13,ܠܝܒܩ,,,,Peshitta,PESH
5,Deuteronomy,3,16,Deuteronomy 3:16,14,ܕܢܚܠܐ,,,,Peshitta,PESH
5,Deuteronomy,3,16,Deuteronomy 3:16,15,ܕܬܚܘܡܐ,,,,Peshitta,PESH
5,Deuteronomy,3,16,Deuteronomy 3:16,16,ܕܒܢ̈ܝ,,,,Peshitta,PESH
5,Deuteronomy,3,16,Deuteronomy 3:16,17,ܥܡܘܢ,,,,Peshitta,PESH
5,Deuteronomy,3,17,Deuteronomy 3:17,1,ܘܥܪܒܐ,,,,Peshitta,PESH
5,Deuteronomy,3,17,Deuteronomy 3:17,2,ܘܝܘܪܕܢܢ,,,,Peshitta,PESH
5,Deuteronomy,3,17,Deuteronomy 3:17,3,ܘܬܚܘܡܐ,,,,Peshitta,PESH
5,Deuteronomy,3,17,Deuteronomy 3:17,4,ܡܢ,,,,Peshitta,PESH
5,Deuteronomy,3,17,Deuteronomy 3:17,5,ܟܢܪܬ,,,,Peshitta,PESH
5,Deuteronomy,3,17,Deuteronomy 3:17,6,ܘܥܕܡܐ,,,,Peshitta,PESH
5,Deuteronomy,3,17,Deuteronomy 3:17,7,ܠܝܡܐ,,,,Peshitta,PESH
5,Deuteronomy,3,17,Deuteronomy 3:17,8,ܕܥܪܒܐ,,,,Peshitta,PESH
5,Deuteronomy,3,17,Deuteronomy 3:17,9,ܝܡܐ,,,,Peshitta,PESH
5,Deuteronomy,3,17,Deuteronomy 3:17,10,ܕܡܠܚܐ,,,,Peshitta,PESH
5,Deuteronomy,3,17,Deuteronomy 3:17,11,ܕܬܚܝܬ,,,,Peshitta,PESH
5,Deuteronomy,3,17,Deuteronomy 3:17,12,ܐܫܕܘܕ,,,,Peshitta,PESH
5,Deuteronomy,3,17,Deuteronomy 3:17,13,ܘܦܣܓܐ,,,,Peshitta,PESH
5,Deuteronomy,3,17,Deuteronomy 3:17,14,ܕܒܪܡܬܐ,,,,Peshitta,PESH
5,Deuteronomy,3,17,Deuteronomy 3:17,15,ܡܢ,,,,Peshitta,PESH
5,Deuteronomy,3,17,Deuteronomy 3:17,16,ܡܕܢܚܐ,,,,Peshitta,PESH
5,Deuteronomy,3,18,Deuteronomy 3:18,1,ܘܦ̇ܩܕܬܟܘܢ,,,,Peshitta,PESH
5,Deuteronomy,3,18,Deuteronomy 3:18,2,ܒܗ,,,,Peshitta,PESH
5,Deuteronomy,3,18,Deuteronomy 3:18,3,ܒܙܒܢܐ,,,,Peshitta,PESH
5,Deuteronomy,3,18,Deuteronomy 3:18,4,ܗ̇ܘ,,,,Peshitta,PESH
5,Deuteronomy,3,18,Deuteronomy 3:18,5,ܘܐܡܪܬ,,,,Peshitta,PESH
5,Deuteronomy,3,18,Deuteronomy 3:18,6,ܠܟܘܢ,,,,Peshitta,PESH
5,Deuteronomy,3,18,Deuteronomy 3:18,7,ܡܪܝܐ,,,,Peshitta,PESH
5,Deuteronomy,3,18,Deuteronomy 3:18,8,ܐܠܗܟܘܢ,,,,Peshitta,PESH
5,Deuteronomy,3,18,Deuteronomy 3:18,9,ܝ̇ܗܒ,,,,Peshitta,PESH
5,Deuteronomy,3,18,Deuteronomy 3:18,10,ܠܟܘܢ,,,,Peshitta,PESH
5,Deuteronomy,3,18,Deuteronomy 3:18,11,ܐܪܥܐ,,,,Peshitta,PESH
5,Deuteronomy,3,18,Deuteronomy 3:18,12,ܗܕܐ,,,,Peshitta,PESH
5,Deuteronomy,3,18,Deuteronomy 3:18,13,ܠܡܐܪܬܗ̇,,,,Peshitta,PESH
5,Deuteronomy,3,18,Deuteronomy 3:18,14,ܟܕ,,,,Peshitta,PESH
5,Deuteronomy,3,18,Deuteronomy 3:18,15,ܡܙܝܢܝܢ,,,,Peshitta,PESH
5,Deuteronomy,3,18,Deuteronomy 3:18,16,ܐܢܬܘܢ,,,,Peshitta,PESH
5,Deuteronomy,3,18,Deuteronomy 3:18,17,ܥܒܪܘ,,,,Peshitta,PESH
5,Deuteronomy,3,18,Deuteronomy 3:18,18,ܩܕܡ,,,,Peshitta,PESH
5,Deuteronomy,3,18,Deuteronomy 3:18,19,ܐ̈ܚܝܟܘܢ,,,,Peshitta,PESH
5,Deuteronomy,3,18,Deuteronomy 3:18,20,ܒܢ̈ܝ,,,,Peshitta,PESH
5,Deuteronomy,3,18,Deuteronomy 3:18,21,ܐܝܣܪܝܠ,,,,Peshitta,PESH
5,Deuteronomy,3,18,Deuteronomy 3:18,22,ܟܠܟܘܢ,,,,Peshitta,PESH
5,Deuteronomy,3,18,Deuteronomy 3:18,23,ܓܢܒܪ̈ܝ,,,,Peshitta,PESH
5,Deuteronomy,3,18,Deuteronomy 3:18,24,ܚܝܠܐ,,,,Peshitta,PESH
5,Deuteronomy,3,19,Deuteronomy 3:19,1,ܒܠܚܘܕ,,,,Peshitta,PESH
5,Deuteronomy,3,19,Deuteronomy 3:19,2,ܢܫ̈ܝܟܘܢ,,,,Peshitta,PESH
5,Deuteronomy,3,19,Deuteronomy 3:19,3,ܘܝܩܪܬܟܘܢ,,,,Peshitta,PESH
5,Deuteronomy,3,19,Deuteronomy 3:19,4,ܘܒܥܝܪܟܘܢ,,,,Peshitta,PESH
5,Deuteronomy,3,19,Deuteronomy 3:19,5,ܫܒܘܩܘ,,,,Peshitta,PESH
5,Deuteronomy,3,19,Deuteronomy 3:19,6,ܝ̇ܕܥ,,,,Peshitta,PESH
5,Deuteronomy,3,19,Deuteronomy 3:19,7,ܐܢܐ,,,,Peshitta,PESH
5,Deuteronomy,3,19,Deuteronomy 3:19,8,ܓܝܪ,,,,Peshitta,PESH
5,Deuteronomy,3,19,Deuteronomy 3:19,9,ܕܩܢܝܢܐ,,,,Peshitta,PESH
5,Deuteronomy,3,19,Deuteronomy 3:19,10,ܣܓܝܐܐ,,,,Peshitta,PESH
5,Deuteronomy,3,19,Deuteronomy 3:19,11,ܐܝܬ,,,,Peshitta,PESH
5,Deuteronomy,3,19,Deuteronomy 3:19,12,ܠܟܘܢ,,,,Peshitta,PESH
5,Deuteronomy,3,19,Deuteronomy 3:19,13,ܢܬܒܘܢ,,,,Peshitta,PESH
5,Deuteronomy,3,19,Deuteronomy 3:19,14,ܒܩܘܪ̈ܝܟܘܢ,,,,Peshitta,PESH
5,Deuteronomy,3,19,Deuteronomy 3:19,15,ܕܝܗ̇ܒܬ,,,,Peshitta,PESH
5,Deuteronomy,3,19,Deuteronomy 3:19,16,ܠܟܘܢ,,,,Peshitta,PESH
5,Deuteronomy,3,20,Deuteronomy 3:20,1,ܥܕܡܐ,,,,Peshitta,PESH
5,Deuteronomy,3,20,Deuteronomy 3:20,2,ܕܢܢܝܚ,,,,Peshitta,PESH
5,Deuteronomy,3,20,Deuteronomy 3:20,3,ܡܪܝܐ,,,,Peshitta,PESH
5,Deuteronomy,3,20,Deuteronomy 3:20,4,ܠܐܚ̈ܝܟܘܢ,,,,Peshitta,PESH
5,Deuteronomy,3,20,Deuteronomy 3:20,5,ܐܟܘܬܟܘܢ,,,,Peshitta,PESH
5,Deuteronomy,3,20,Deuteronomy 3:20,6,ܘܢܐܪܬܘܢ,,,,Peshitta,PESH
5,Deuteronomy,3,20,Deuteronomy 3:20,7,ܐܦ,,,,Peshitta,PESH
5,Deuteronomy,3,20,Deuteronomy 3:20,8,ܗܢܘܢ,,,,Peshitta,PESH
5,Deuteronomy,3,20,Deuteronomy 3:20,9,ܐܪܥܐ,,,,Peshitta,PESH
5,Deuteronomy,3,20,Deuteronomy 3:20,10,ܕܝ̇ܗܒ,,,,Peshitta,PESH
5,Deuteronomy,3,20,Deuteronomy 3:20,11,ܠܟܘܢ,,,,Peshitta,PESH
5,Deuteronomy,3,20,Deuteronomy 3:20,12,ܡܪܝܐ,,,,Peshitta,PESH
5,Deuteronomy,3,20,Deuteronomy 3:20,13,ܐܠܗܟܘܢ,,,,Peshitta,PESH
5,Deuteronomy,3,20,Deuteronomy 3:20,14,ܒܥܒܪܐ,,,,Peshitta,PESH
5,Deuteronomy,3,20,Deuteronomy 3:20,15,ܕܝܘܪܕܢܢ,,,,Peshitta,PESH
5,Deuteronomy,3,20,Deuteronomy 3:20,16,ܘܗ̇ܝ,,,,Peshitta,PESH
5,Deuteronomy,3,20,Deuteronomy 3:20,17,ܕܝܢ,,,,Peshitta,PESH
5,Deuteronomy,3,20,Deuteronomy 3:20,18,ܬܗܦܟܘܢ,,,,Peshitta,PESH
5,Deuteronomy,3,20,Deuteronomy 3:20,19,ܐܢܫ,,,,Peshitta,PESH
5,Deuteronomy,3,20,Deuteronomy 3:20,20,ܠܝܪܬܘܬܗ,,,,Peshitta,PESH
5,Deuteronomy,3,20,Deuteronomy 3:20,21,ܕܝܗ̇ܒܬ,,,,Peshitta,PESH
5,Deuteronomy,3,20,Deuteronomy 3:20,22,ܠܟܘܢ,,,,Peshitta,PESH
5,Deuteronomy,3,21,Deuteronomy 3:21,1,ܘܠܝܫܘܥ,,,,Peshitta,PESH
5,Deuteronomy,3,21,Deuteronomy 3:21,2,ܦ̇ܩܕܬ,,,,Peshitta,PESH
5,Deuteronomy,3,21,Deuteronomy 3:21,3,ܒܙܒܢܐ,,,,Peshitta,PESH
5,Deuteronomy,3,21,Deuteronomy 3:21,4,ܗ̇ܘ,,,,Peshitta,PESH
5,Deuteronomy,3,21,Deuteronomy 3:21,5,ܘܐܡ̇ܪܬ,,,,Peshitta,PESH
5,Deuteronomy,3,21,Deuteronomy 3:21,6,ܥܝ̈ܢܝܟ,,,,Peshitta,PESH
5,Deuteronomy,3,21,Deuteronomy 3:21,7,ܚܙܝ,,,,Peshitta,PESH
5,Deuteronomy,3,21,Deuteronomy 3:21,8,ܟܠ,,,,Peshitta,PESH
5,Deuteronomy,3,21,Deuteronomy 3:21,9,ܕܥܒܕ,,,,Peshitta,PESH
5,Deuteronomy,3,21,Deuteronomy 3:21,10,ܡܪܝܐ,,,,Peshitta,PESH
5,Deuteronomy,3,21,Deuteronomy 3:21,11,ܐܠܗܟܘܢ,,,,Peshitta,PESH
5,Deuteronomy,3,21,Deuteronomy 3:21,12,ܠܗܠܝܢ,,,,Peshitta,PESH
5,Deuteronomy,3,21,Deuteronomy 3:21,13,ܬܪ̈ܝܢ,,,,Peshitta,PESH
5,Deuteronomy,3,21,Deuteronomy 3:21,14,ܡ̈ܠܟܝܢ,,,,Peshitta,PESH
5,Deuteronomy,3,21,Deuteronomy 3:21,15,ܗܟܢܐ,,,,Peshitta,PESH
5,Deuteronomy,3,21,Deuteronomy 3:21,16,ܢܥܒܕ,,,,Peshitta,PESH
5,Deuteronomy,3,21,Deuteronomy 3:21,17,ܡܪܝܐ,,,,Peshitta,PESH
5,Deuteronomy,3,21,Deuteronomy 3:21,18,ܠܗܠܝܢ,,,,Peshitta,PESH
5,Deuteronomy,3,21,Deuteronomy 3:21,19,ܟܠܗܝܢ,,,,Peshitta,PESH
5,Deuteronomy,3,21,Deuteronomy 3:21,20,ܡ̈ܠܟܘܬܐ,,,,Peshitta,PESH
5,Deuteronomy,3,21,Deuteronomy 3:21,21,ܕܥ̇ܒܪܝܢ,,,,Peshitta,PESH
5,Deuteronomy,3,21,Deuteronomy 3:21,22,ܐܢܬܘܢ,,,,Peshitta,PESH
5,Deuteronomy,3,21,Deuteronomy 3:21,23,ܠܗܝܢ,,,,Peshitta,PESH
5,Deuteronomy,3,22,Deuteronomy 3:22,1,ܠܐ,,,,Peshitta,PESH
5,Deuteronomy,3,22,Deuteronomy 3:22,2,ܬܕܚܠܘܢ,,,,Peshitta,PESH
5,Deuteronomy,3,22,Deuteronomy 3:22,3,ܡܢܗܘܢ,,,,Peshitta,PESH
5,Deuteronomy,3,22,Deuteronomy 3:22,4,ܡܛܘܠ,,,,Peshitta,PESH
5,Deuteronomy,3,22,Deuteronomy 3:22,5,ܕܡܪܝܐ,,,,Peshitta,PESH
5,Deuteronomy,3,22,Deuteronomy 3:22,6,ܐܠܗܟܘܢ,,,,Peshitta,PESH
5,Deuteronomy,3,22,Deuteronomy 3:22,7,ܗܘ,,,,Peshitta,PESH
5,Deuteronomy,3,22,Deuteronomy 3:22,8,ܡܬܟܬܫ,,,,Peshitta,PESH
5,Deuteronomy,3,22,Deuteronomy 3:22,9,ܥܠ,,,,Peshitta,PESH
5,Deuteronomy,3,22,Deuteronomy 3:22,10,ܐ̈ܦܝܟܘܢ,,,,Peshitta,PESH
5,Deuteronomy,3,23,Deuteronomy 3:23,1,ܘܐܬܟܫܦܬ,,,,Peshitta,PESH
5,Deuteronomy,3,23,Deuteronomy 3:23,2,ܩܕܡ,,,,Peshitta,PESH
5,Deuteronomy,3,23,Deuteronomy 3:23,3,ܡܪܝܐ,,,,Peshitta,PESH
5,Deuteronomy,3,23,Deuteronomy 3:23,4,ܒܙܒܢܐ,,,,Peshitta,PESH
5,Deuteronomy,3,23,Deuteronomy 3:23,5,ܗ̇ܘ,,,,Peshitta,PESH
5,Deuteronomy,3,23,Deuteronomy 3:23,6,ܘܐܡ̇ܪܬ,,,,Peshitta,PESH
5,Deuteronomy,3,24,Deuteronomy 3:24,1,ܒܒܥܘ,,,,Peshitta,PESH
5,Deuteronomy,3,24,Deuteronomy 3:24,2,ܡܪܝܐ,,,,Peshitta,PESH
5,Deuteronomy,3,24,Deuteronomy 3:24,3,ܐܠܗܐ,,,,Peshitta,PESH
5,Deuteronomy,3,24,Deuteronomy 3:24,4,ܐܢܬ,,,,Peshitta,PESH
5,Deuteronomy,3,24,Deuteronomy 3:24,5,ܫܪܝܬ,,,,Peshitta,PESH
5,Deuteronomy,3,24,Deuteronomy 3:24,6,ܠܡܚܘܝܘ,,,,Peshitta,PESH
5,Deuteronomy,3,24,Deuteronomy 3:24,7,ܠܥܒܕܟ,,,,Peshitta,PESH
5,Deuteronomy,3,24,Deuteronomy 3:24,8,ܪܒܘܬܟ,,,,Peshitta,PESH
5,Deuteronomy,3,24,Deuteronomy 3:24,9,ܘܐܝܕܟ,,,,Peshitta,PESH
5,Deuteronomy,3,24,Deuteronomy 3:24,10,ܬܩܝܦܬܐ,,,,Peshitta,PESH
5,Deuteronomy,3,24,Deuteronomy 3:24,11,ܘܕܪܥܟ,,,,Peshitta,PESH
5,Deuteronomy,3,24,Deuteronomy 3:24,12,ܪܡܐ,,,,Peshitta,PESH
5,Deuteronomy,3,24,Deuteronomy 3:24,13,ܐܝܢܐ,,,,Peshitta,PESH
5,Deuteronomy,3,24,Deuteronomy 3:24,14,ܗܘ,,,,Peshitta,PESH
5,Deuteronomy,3,24,Deuteronomy 3:24,15,ܓܝܪ,,,,Peshitta,PESH
5,Deuteronomy,3,24,Deuteronomy 3:24,16,ܐܠܗܐ,,,,Peshitta,PESH
5,Deuteronomy,3,24,Deuteronomy 3:24,17,ܐܝܬ,,,,Peshitta,PESH
5,Deuteronomy,3,24,Deuteronomy 3:24,18,ܒܫܡܝܐ,,,,Peshitta,PESH
5,Deuteronomy,3,24,Deuteronomy 3:24,19,ܐܘ,,,,Peshitta,PESH
5,Deuteronomy,3,24,Deuteronomy 3:24,20,ܒܐܪܥܐ,,,,Peshitta,PESH
5,Deuteronomy,3,24,Deuteronomy 3:24,21,ܕܢܥܒܕ,,,,Peshitta,PESH
5,Deuteronomy,3,24,Deuteronomy 3:24,22,ܐܝܟ,,,,Peshitta,PESH
5,Deuteronomy,3,24,Deuteronomy 3:24,23,ܥܒ̇ܕܝ̈ܟ,,,,Peshitta,PESH
5,Deuteronomy,3,24,Deuteronomy 3:24,24,ܘܐܝܟ,,,,Peshitta,PESH
5,Deuteronomy,3,24,Deuteronomy 3:24,25,ܓܢܒܪ̈ܘܬܟ,,,,Peshitta,PESH
5,Deuteronomy,3,25,Deuteronomy 3:25,1,ܐܥܒܪ,,,,Peshitta,PESH
5,Deuteronomy,3,25,Deuteronomy 3:25,2,ܗܫܐ,,,,Peshitta,PESH
5,Deuteronomy,3,25,Deuteronomy 3:25,3,ܐܚܙܐ,,,,Peshitta,PESH
5,Deuteronomy,3,25,Deuteronomy 3:25,4,ܐܪܥܐ,,,,Peshitta,PESH
5,Deuteronomy,3,25,Deuteronomy 3:25,5,ܛܒܬܐ,,,,Peshitta,PESH
5,Deuteronomy,3,25,Deuteronomy 3:25,6,ܕܒܥܒܪܐ,,,,Peshitta,PESH
5,Deuteronomy,3,25,Deuteronomy 3:25,7,ܕܝܘܪܕܢܢ,,,,Peshitta,PESH
5,Deuteronomy,3,25,Deuteronomy 3:25,8,ܛܘܪܐ,,,,Peshitta,PESH
5,Deuteronomy,3,25,Deuteronomy 3:25,9,ܗܢܐ,,,,Peshitta,PESH
5,Deuteronomy,3,25,Deuteronomy 3:25,10,ܛܒܐ,,,,Peshitta,PESH
5,Deuteronomy,3,25,Deuteronomy 3:25,11,ܘܠܒܢܢ,,,,Peshitta,PESH
5,Deuteronomy,3,26,Deuteronomy 3:26,1,ܘܪܓܙ,,,,Peshitta,PESH
5,Deuteronomy,3,26,Deuteronomy 3:26,2,ܥܠܝ,,,,Peshitta,PESH
5,Deuteronomy,3,26,Deuteronomy 3:26,3,ܡܪܝܐ,,,,Peshitta,PESH
5,Deuteronomy,3,26,Deuteronomy 3:26,4,ܡܛܠܬܟܘܢ,,,,Peshitta,PESH
5,Deuteronomy,3,26,Deuteronomy 3:26,5,ܘܠܐ,,,,Peshitta,PESH
5,Deuteronomy,3,26,Deuteronomy 3:26,6,ܫܡܥܢܝ,,,,Peshitta,PESH
5,Deuteronomy,3,26,Deuteronomy 3:26,7,ܘܐܡܪ,,,,Peshitta,PESH
5,Deuteronomy,3,26,Deuteronomy 3:26,8,ܠܝ,,,,Peshitta,PESH
5,Deuteronomy,3,26,Deuteronomy 3:26,9,ܡܪܝܐ,,,,Peshitta,PESH
5,Deuteronomy,3,26,Deuteronomy 3:26,10,ܣ̇ܦܩ,,,,Peshitta,PESH
5,Deuteronomy,3,26,Deuteronomy 3:26,11,ܠܟ,,,,Peshitta,PESH
5,Deuteronomy,3,26,Deuteronomy 3:26,12,ܠܐ,,,,Peshitta,PESH
5,Deuteronomy,3,26,Deuteronomy 3:26,13,ܬܘܣܦ,,,,Peshitta,PESH
5,Deuteronomy,3,26,Deuteronomy 3:26,14,ܬܘܒ,,,,Peshitta,PESH
5,Deuteronomy,3,26,Deuteronomy 3:26,15,ܠܡܡܠܠܘ,,,,Peshitta,PESH
5,Deuteronomy,3,26,Deuteronomy 3:26,16,ܩܕܡܝ,,,,Peshitta,PESH
5,Deuteronomy,3,26,Deuteronomy 3:26,17,ܦܬܓܡܐ,,,,Peshitta,PESH
5,Deuteronomy,3,26,Deuteronomy 3:26,18,ܗܢܐ,,,,Peshitta,PESH
5,Deuteronomy,3,27,Deuteronomy 3:27,1,ܣܩ,,,,Peshitta,PESH
5,Deuteronomy,3,27,Deuteronomy 3:27,2,ܠܪܝܫ,,,,Peshitta,PESH
5,Deuteronomy,3,27,Deuteronomy 3:27,3,ܪܡܬܐ,,,,Peshitta,PESH
5,Deuteronomy,3,27,Deuteronomy 3:27,4,ܘܐܪܝܡ,,,,Peshitta,PESH
5,Deuteronomy,3,27,Deuteronomy 3:27,5,ܥܝ̈ܢܝܟ,,,,Peshitta,PESH
5,Deuteronomy,3,27,Deuteronomy 3:27,6,ܠܡܕܢܚܐ,,,,Peshitta,PESH
5,Deuteronomy,3,27,Deuteronomy 3:27,7,ܘܠܡܥܪܒܐ,,,,Peshitta,PESH
5,Deuteronomy,3,27,Deuteronomy 3:27,8,ܘܠܓܪܒܝܐ,,,,Peshitta,PESH
5,Deuteronomy,3,27,Deuteronomy 3:27,9,ܘܠܬܝܡܢܐ,,,,Peshitta,PESH
5,Deuteronomy,3,27,Deuteronomy 3:27,10,ܘܚܙܝܗ̇,,,,Peshitta,PESH
5,Deuteronomy,3,27,Deuteronomy 3:27,11,ܒܥܝ̈ܢܝܟ,,,,Peshitta,PESH
5,Deuteronomy,3,27,Deuteronomy 3:27,12,ܘܠܐ,,,,Peshitta,PESH
5,Deuteronomy,3,27,Deuteronomy 3:27,13,ܬܥܒܪ,,,,Peshitta,PESH
5,Deuteronomy,3,27,Deuteronomy 3:27,14,ܝܘܪܕܢܢ,,,,Peshitta,PESH
5,Deuteronomy,3,27,Deuteronomy 3:27,15,ܗܢܐ,,,,Peshitta,PESH
5,Deuteronomy,3,28,Deuteronomy 3:28,1,ܘܦܩܕ,,,,Peshitta,PESH
5,Deuteronomy,3,28,Deuteronomy 3:28,2,ܠܝܫܘܥ,,,,Peshitta,PESH
5,Deuteronomy,3,28,Deuteronomy 3:28,3,ܘܚܝܠܝܗܝ,,,,Peshitta,PESH
5,Deuteronomy,3,28,Deuteronomy 3:28,4,ܘܥܫܢܝܗܝ,,,,Peshitta,PESH
5,Deuteronomy,3,28,Deuteronomy 3:28,5,ܡܛܠ,,,,Peshitta,PESH
5,Deuteronomy,3,28,Deuteronomy 3:28,6,ܕܗܘ,,,,Peshitta,PESH
5,Deuteronomy,3,28,Deuteronomy 3:28,7,ܢܥܒܪ,,,,Peshitta,PESH
5,Deuteronomy,3,28,Deuteronomy 3:28,8,ܩܕܡ,,,,Peshitta,PESH
5,Deuteronomy,3,28,Deuteronomy 3:28,9,ܥܡܐ,,,,Peshitta,PESH
5,Deuteronomy,3,28,Deuteronomy 3:28,10,ܗܢܐ,,,,Peshitta,PESH
5,Deuteronomy,3,28,Deuteronomy 3:28,11,ܘܗܘ,,,,Peshitta,PESH
5,Deuteronomy,3,28,Deuteronomy 3:28,12,ܢܘܪܬ,,,,Peshitta,PESH
5,Deuteronomy,3,28,Deuteronomy 3:28,13,ܐܢܘܢ,,,,Peshitta,PESH
5,Deuteronomy,3,28,Deuteronomy 3:28,14,ܐܪܥܐ,,,,Peshitta,PESH
5,Deuteronomy,3,28,Deuteronomy 3:28,15,ܕܬܚܙܐ,,,,Peshitta,PESH
5,Deuteronomy,3,29,Deuteronomy 3:29,1,ܘܝܬܒܢ,,,,Peshitta,PESH
5,Deuteronomy,3,29,Deuteronomy 3:29,2,ܒܢܚܠܐ,,,,Peshitta,PESH
5,Deuteronomy,3,29,Deuteronomy 3:29,3,ܠܘܩܒܠ,,,,Peshitta,PESH
5,Deuteronomy,3,29,Deuteronomy 3:29,4,ܒܝܬ,,,,Peshitta,PESH
5,Deuteronomy,3,29,Deuteronomy 3:29,5,ܦܥܘܪ,,,,Peshitta,PESH
5,Deuteronomy,4,1,Deuteronomy 4:1,1,ܡܟܝܠ,,,,Peshitta,PESH
5,Deuteronomy,4,1,Deuteronomy 4:1,2,ܐܝܣܪܝܠ,,,,Peshitta,PESH
5,Deuteronomy,4,1,Deuteronomy 4:1,3,ܫܡܥ,,,,Peshitta,PESH
5,Deuteronomy,4,1,Deuteronomy 4:1,4,ܢܡ̈ܘܣܐ,,,,Peshitta,PESH
5,Deuteronomy,4,1,Deuteronomy 4:1,5,ܘܕܝ̈ܢܐ,,,,Peshitta,PESH
5,Deuteronomy,4,1,Deuteronomy 4:1,6,ܕܡܠܦ,,,,Peshitta,PESH
5,Deuteronomy,4,1,Deuteronomy 4:1,7,ܐܢܐ,,,,Peshitta,PESH
5,Deuteronomy,4,1,Deuteronomy 4:1,8,ܠܟܘܢ,,,,Peshitta,PESH
5,Deuteronomy,4,1,Deuteronomy 4:1,9,ܝܘܡܢܐ,,,,Peshitta,PESH
5,Deuteronomy,4,1,Deuteronomy 4:1,10,ܠܡܥܒܕ,,,,Peshitta,PESH
5,Deuteronomy,4,1,Deuteronomy 4:1,11,ܕܬܚܘܢ,,,,Peshitta,PESH
5,Deuteronomy,4,1,Deuteronomy 4:1,12,ܘܬܥܠܘܢ,,,,Peshitta,PESH
5,Deuteronomy,4,1,Deuteronomy 4:1,13,ܘܬܐܪܬܘܢ,,,,Peshitta,PESH
5,Deuteronomy,4,1,Deuteronomy 4:1,14,ܐܪܥܐ,,,,Peshitta,PESH
5,Deuteronomy,4,1,Deuteronomy 4:1,15,ܕܝ̇ܗܒ,,,,Peshitta,PESH
5,Deuteronomy,4,1,Deuteronomy 4:1,16,ܠܟܘܢ,,,,Peshitta,PESH
5,Deuteronomy,4,1,Deuteronomy 4:1,17,ܡܪܝܐ,,,,Peshitta,PESH
5,Deuteronomy,4,1,Deuteronomy 4:1,18,ܐܠܗܐ,,,,Peshitta,PESH
5,Deuteronomy,4,1,Deuteronomy 4:1,19,ܕܐ̈ܒܗܝܟܘܢ,,,,Peshitta,PESH
5,Deuteronomy,4,2,Deuteronomy 4:2,1,ܠܐ,,,,Peshitta,PESH
5,Deuteronomy,4,2,Deuteronomy 4:2,2,ܬܘܣܦܘܢ,,,,Peshitta,PESH
5,Deuteronomy,4,2,Deuteronomy 4:2,3,ܥܠ,,,,Peshitta,PESH
5,Deuteronomy,4,2,Deuteronomy 4:2,4,ܦܘܩܕܢܐ,,,,Peshitta,PESH
5,Deuteronomy,4,2,Deuteronomy 4:2,5,ܕܡܦܩܕ,,,,Peshitta,PESH
5,Deuteronomy,4,2,Deuteronomy 4:2,6,ܐܢܐ,,,,Peshitta,PESH
5,Deuteronomy,4,2,Deuteronomy 4:2,7,ܠܟܘܢ,,,,Peshitta,PESH
5,Deuteronomy,4,2,Deuteronomy 4:2,8,ܘܠܐ,,,,Peshitta,PESH
5,Deuteronomy,4,2,Deuteronomy 4:2,9,ܬܒܨܪܘܢ,,,,Peshitta,PESH
5,Deuteronomy,4,2,Deuteronomy 4:2,10,ܡܢܗ,,,,Peshitta,PESH
5,Deuteronomy,4,2,Deuteronomy 4:2,11,ܐܠܐ,,,,Peshitta,PESH
5,Deuteronomy,4,2,Deuteronomy 4:2,12,ܛܪܘ,,,,Peshitta,PESH
5,Deuteronomy,4,2,Deuteronomy 4:2,13,ܦܘܩܕܢܗ,,,,Peshitta,PESH
5,Deuteronomy,4,2,Deuteronomy 4:2,14,ܕܡܪܝܐ,,,,Peshitta,PESH
5,Deuteronomy,4,2,Deuteronomy 4:2,15,ܐܠܗܟܘܢ,,,,Peshitta,PESH
5,Deuteronomy,4,2,Deuteronomy 4:2,16,ܕܡܦܩܕ,,,,Peshitta,PESH
5,Deuteronomy,4,2,Deuteronomy 4:2,17,ܐܢܐ,,,,Peshitta,PESH
5,Deuteronomy,4,2,Deuteronomy 4:2,18,ܠܟܘܢ,,,,Peshitta,PESH
5,Deuteronomy,4,3,Deuteronomy 4:3,1,ܥܝ̈ܢܝܟܘܢ,,,,Peshitta,PESH
5,Deuteronomy,4,3,Deuteronomy 4:3,2,ܚܙ̈ܝ,,,,Peshitta,PESH
5,Deuteronomy,4,3,Deuteronomy 4:3,3,ܟܠ,,,,Peshitta,PESH
5,Deuteronomy,4,3,Deuteronomy 4:3,4,ܡܕܡ,,,,Peshitta,PESH
5,Deuteronomy,4,3,Deuteronomy 4:3,5,ܕܥܒܕ,,,,Peshitta,PESH
5,Deuteronomy,4,3,Deuteronomy 4:3,6,ܡܪܝܐ,,,,Peshitta,PESH
5,Deuteronomy,4,3,Deuteronomy 4:3,7,ܠܒܥܠ,,,,Peshitta,PESH
5,Deuteronomy,4,3,Deuteronomy 4:3,8,ܦܥܘܪ,,,,Peshitta,PESH
5,Deuteronomy,4,3,Deuteronomy 4:3,9,ܡܛܠ,,,,Peshitta,PESH
5,Deuteronomy,4,3,Deuteronomy 4:3,10,ܕܟܠ,,,,Peshitta,PESH
5,Deuteronomy,4,3,Deuteronomy 4:3,11,ܓܒܪܐ,,,,Peshitta,PESH
5,Deuteronomy,4,3,Deuteronomy 4:3,12,ܕܐܙܠ,,,,Peshitta,PESH
5,Deuteronomy,4,3,Deuteronomy 4:3,13,ܒܬܪ,,,,Peshitta,PESH
5,Deuteronomy,4,3,Deuteronomy 4:3,14,ܒܥܠ,,,,Peshitta,PESH
5,Deuteronomy,4,3,Deuteronomy 4:3,15,ܦܥܘܪ,,,,Peshitta,PESH
5,Deuteronomy,4,3,Deuteronomy 4:3,16,ܐܘܒܕܗ,,,,Peshitta,PESH
5,Deuteronomy,4,3,Deuteronomy 4:3,17,ܡܪܝܐ,,,,Peshitta,PESH
5,Deuteronomy,4,3,Deuteronomy 4:3,18,ܐܠܗܟܘܢ,,,,Peshitta,PESH
5,Deuteronomy,4,3,Deuteronomy 4:3,19,ܡܢ,,,,Peshitta,PESH
5,Deuteronomy,4,3,Deuteronomy 4:3,20,ܒܝܢܬܟܘܢ,,,,Peshitta,PESH
5,Deuteronomy,4,4,Deuteronomy 4:4,1,ܘܐܢܬܘܢ,,,,Peshitta,PESH
5,Deuteronomy,4,4,Deuteronomy 4:4,2,ܕܐܬܢܩܦܬܘܢ,,,,Peshitta,PESH
5,Deuteronomy,4,4,Deuteronomy 4:4,3,ܠܡܪܝܐ,,,,Peshitta,PESH
5,Deuteronomy,4,4,Deuteronomy 4:4,4,ܐܠܗܟܘܢ,,,,Peshitta,PESH
5,Deuteronomy,4,4,Deuteronomy 4:4,5,ܗܐ,,,,Peshitta,PESH
5,Deuteronomy,4,4,Deuteronomy 4:4,6,ܚܝ̈ܝܢ,,,,Peshitta,PESH
5,Deuteronomy,4,4,Deuteronomy 4:4,7,ܐܢܬܘܢ,,,,Peshitta,PESH
5,Deuteronomy,4,4,Deuteronomy 4:4,8,ܟܠܟܘܢ,,,,Peshitta,PESH
5,Deuteronomy,4,4,Deuteronomy 4:4,9,ܥܕܡܐ,,,,Peshitta,PESH
5,Deuteronomy,4,4,Deuteronomy 4:4,10,ܠܝܘܡܢܐ,,,,Peshitta,PESH
5,Deuteronomy,4,5,Deuteronomy 4:5,1,ܚܙܘ,,,,Peshitta,PESH
5,Deuteronomy,4,5,Deuteronomy 4:5,2,ܕܐܠܦܬܟܘܢ,,,,Peshitta,PESH
5,Deuteronomy,4,5,Deuteronomy 4:5,3,ܢܡ̈ܘܣܐ,,,,Peshitta,PESH
5,Deuteronomy,4,5,Deuteronomy 4:5,4,ܘܕܝ̈ܢܐ,,,,Peshitta,PESH
5,Deuteronomy,4,5,Deuteronomy 4:5,5,ܐܝܟܢܐ,,,,Peshitta,PESH
5,Deuteronomy,4,5,Deuteronomy 4:5,6,ܕܦܩܕܢܝ,,,,Peshitta,PESH
5,Deuteronomy,4,5,Deuteronomy 4:5,7,ܡܪܝܐ,,,,Peshitta,PESH
5,Deuteronomy,4,5,Deuteronomy 4:5,8,ܐܠܗܝ,,,,Peshitta,PESH
5,Deuteronomy,4,5,Deuteronomy 4:5,9,ܕܬܥܒܕܘܢ,,,,Peshitta,PESH
5,Deuteronomy,4,5,Deuteronomy 4:5,10,ܐܢܘܢ,,,,Peshitta,PESH
5,Deuteronomy,4,5,Deuteronomy 4:5,11,ܒܐܪܥܐ,,,,Peshitta,PESH
5,Deuteronomy,4,5,Deuteronomy 4:5,12,ܕܥ̇ܐܠܝܢ,,,,Peshitta,PESH
5,Deuteronomy,4,5,Deuteronomy 4:5,13,ܐܢܬܘܢ,,,,Peshitta,PESH
5,Deuteronomy,4,5,Deuteronomy 4:5,14,ܠܗ̇,,,,Peshitta,PESH
5,Deuteronomy,4,5,Deuteronomy 4:5,15,ܠܡܐܪܬܗ̇,,,,Peshitta,PESH
5,Deuteronomy,4,6,Deuteronomy 4:6,1,ܘܬܛܪܘܢ,,,,Peshitta,PESH
5,Deuteronomy,4,6,Deuteronomy 4:6,2,ܘܬܥܒܕܘܢ,,,,Peshitta,PESH
5,Deuteronomy,4,6,Deuteronomy 4:6,3,ܐܢܘܢ,,,,Peshitta,PESH
5,Deuteronomy,4,6,Deuteronomy 4:6,4,ܕܗܝ,,,,Peshitta,PESH
5,Deuteronomy,4,6,Deuteronomy 4:6,5,ܗܝ,,,,Peshitta,PESH
5,Deuteronomy,4,6,Deuteronomy 4:6,6,ܚܟܡܬܟܘܢ,,,,Peshitta,PESH
5,Deuteronomy,4,6,Deuteronomy 4:6,7,ܘܣܘܟܠܟܘܢ,,,,Peshitta,PESH
5,Deuteronomy,4,6,Deuteronomy 4:6,8,ܠܥܝܢ,,,,Peshitta,PESH
5,Deuteronomy,4,6,Deuteronomy 4:6,9,ܥܡ̈ܡܐ,,,,Peshitta,PESH
5,Deuteronomy,4,6,Deuteronomy 4:6,10,ܕܢܫܡܥܘܢ,,,,Peshitta,PESH
5,Deuteronomy,4,6,Deuteronomy 4:6,11,ܗܠܝܢ,,,,Peshitta,PESH
5,Deuteronomy,4,6,Deuteronomy 4:6,12,ܟܠܗܘܢ,,,,Peshitta,PESH
5,Deuteronomy,4,6,Deuteronomy 4:6,13,ܢܡ̈ܘܣܐ,,,,Peshitta,PESH
5,Deuteronomy,4,6,Deuteronomy 4:6,14,ܘܢܐܡܪܘܢ,,,,Peshitta,PESH
5,Deuteronomy,4,6,Deuteronomy 4:6,15,ܕܚܟܝܡ,,,,Peshitta,PESH
5,Deuteronomy,4,6,Deuteronomy 4:6,16,ܗܘ,,,,Peshitta,PESH
5,Deuteronomy,4,6,Deuteronomy 4:6,17,ܘܣܟܘܠܬܢ,,,,Peshitta,PESH
5,Deuteronomy,4,6,Deuteronomy 4:6,18,ܥܡܐ,,,,Peshitta,PESH
5,Deuteronomy,4,6,Deuteronomy 4:6,19,ܗܢܐ,,,,Peshitta,PESH
5,Deuteronomy,4,6,Deuteronomy 4:6,20,ܪܒܐ,,,,Peshitta,PESH
5,Deuteronomy,4,7,Deuteronomy 4:7,1,ܐܝܢܘ,,,,Peshitta,PESH
5,Deuteronomy,4,7,Deuteronomy 4:7,2,ܓܝܪ,,,,Peshitta,PESH
5,Deuteronomy,4,7,Deuteronomy 4:7,3,ܥܡܐ,,,,Peshitta,PESH
5,Deuteronomy,4,7,Deuteronomy 4:7,4,ܪܒܐ,,,,Peshitta,PESH
5,Deuteronomy,4,7,Deuteronomy 4:7,5,ܕܩܪܝܒ,,,,Peshitta,PESH
5,Deuteronomy,4,7,Deuteronomy 4:7,6,ܠܗ,,,,Peshitta,PESH
5,Deuteronomy,4,7,Deuteronomy 4:7,7,ܐܠܗܗ,,,,Peshitta,PESH
5,Deuteronomy,4,7,Deuteronomy 4:7,8,ܐܝܟ,,,,Peshitta,PESH
5,Deuteronomy,4,7,Deuteronomy 4:7,9,ܡܪܝܐ,,,,Peshitta,PESH
5,Deuteronomy,4,7,Deuteronomy 4:7,10,ܐܠܗܢ,,,,Peshitta,PESH
5,Deuteronomy,4,7,Deuteronomy 4:7,11,ܒܟܠ,,,,Peshitta,PESH
5,Deuteronomy,4,7,Deuteronomy 4:7,12,ܕܩ̇ܪܝܢܢ,,,,Peshitta,PESH
5,Deuteronomy,4,7,Deuteronomy 4:7,13,ܠܗ,,,,Peshitta,PESH
5,Deuteronomy,4,8,Deuteronomy 4:8,1,ܘܐܝܢܘ,,,,Peshitta,PESH
5,Deuteronomy,4,8,Deuteronomy 4:8,2,ܥܡܐ,,,,Peshitta,PESH
5,Deuteronomy,4,8,Deuteronomy 4:8,3,ܪܒܐ,,,,Peshitta,PESH
5,Deuteronomy,4,8,Deuteronomy 4:8,4,ܕܐܝܬ,,,,Peshitta,PESH
5,Deuteronomy,4,8,Deuteronomy 4:8,5,ܠܗ,,,,Peshitta,PESH
5,Deuteronomy,4,8,Deuteronomy 4:8,6,ܢܡ̈ܘܣܐ,,,,Peshitta,PESH
5,Deuteronomy,4,8,Deuteronomy 4:8,7,ܘܕܝ̈ܢܐ,,,,Peshitta,PESH
5,Deuteronomy,4,8,Deuteronomy 4:8,8,ܙܕܝܩ̈ܐ,,,,Peshitta,PESH
5,Deuteronomy,4,8,Deuteronomy 4:8,9,ܐܝܟ,,,,Peshitta,PESH
5,Deuteronomy,4,8,Deuteronomy 4:8,10,ܟܘܠܗ,,,,Peshitta,PESH
5,Deuteronomy,4,8,Deuteronomy 4:8,11,ܢܡܘܣܐ,,,,Peshitta,PESH
5,Deuteronomy,4,8,Deuteronomy 4:8,12,ܗܢܐ,,,,Peshitta,PESH
5,Deuteronomy,4,8,Deuteronomy 4:8,13,ܕܝ̇ܗܒ,,,,Peshitta,PESH
5,Deuteronomy,4,8,Deuteronomy 4:8,14,ܐܢܐ,,,,Peshitta,PESH
5,Deuteronomy,4,8,Deuteronomy 4:8,15,ܩܕܡܝܟܘܢ,,,,Peshitta,PESH
5,Deuteronomy,4,8,Deuteronomy 4:8,16,ܝܘܡܢܐ,,,,Peshitta,PESH
5,Deuteronomy,4,9,Deuteronomy 4:9,1,ܒܠܚܘܕ,,,,Peshitta,PESH
5,Deuteronomy,4,9,Deuteronomy 4:9,2,ܐܙܕܗܪܘ,,,,Peshitta,PESH
5,Deuteronomy,4,9,Deuteronomy 4:9,3,ܛܒ,,,,Peshitta,PESH
5,Deuteronomy,4,9,Deuteronomy 4:9,4,ܘܛܪܘ,,,,Peshitta,PESH
5,Deuteronomy,4,9,Deuteronomy 4:9,5,ܢܦܫ̈ܬܟܘܢ,,,,Peshitta,PESH
5,Deuteronomy,4,9,Deuteronomy 4:9,6,ܕܠܐ,,,,Peshitta,PESH
5,Deuteronomy,4,9,Deuteronomy 4:9,7,ܬܛܥܘܢ,,,,Peshitta,PESH
5,Deuteronomy,4,9,Deuteronomy 4:9,8,ܟܘܠ,,,,Peshitta,PESH
5,Deuteronomy,4,9,Deuteronomy 4:9,9,ܦܬ̈ܓܡܐ,,,,Peshitta,PESH
5,Deuteronomy,4,9,Deuteronomy 4:9,10,ܕܚ̈ܙܝ,,,,Peshitta,PESH
5,Deuteronomy,4,9,Deuteronomy 4:9,11,ܥܝ̈ܢܝܟܘܢ,,,,Peshitta,PESH
5,Deuteronomy,4,9,Deuteronomy 4:9,12,ܘܠܐ,,,,Peshitta,PESH
5,Deuteronomy,4,9,Deuteronomy 4:9,13,ܢܥܒܪܘܢ,,,,Peshitta,PESH
5,Deuteronomy,4,9,Deuteronomy 4:9,14,ܡܢ,,,,Peshitta,PESH
5,Deuteronomy,4,9,Deuteronomy 4:9,15,ܠܒܟܘܢ,,,,Peshitta,PESH
5,Deuteronomy,4,9,Deuteronomy 4:9,16,ܟܠܗܘܢ,,,,Peshitta,PESH
5,Deuteronomy,4,9,Deuteronomy 4:9,17,ܝܘܡ̈ܝ,,,,Peshitta,PESH
5,Deuteronomy,4,9,Deuteronomy 4:9,18,ܚܝ̈ܝܟܘܢ,,,,Peshitta,PESH
5,Deuteronomy,4,9,Deuteronomy 4:9,19,ܘܐܘܕܥܘ,,,,Peshitta,PESH
5,Deuteronomy,4,9,Deuteronomy 4:9,20,ܐܢܘܢ,,,,Peshitta,PESH
5,Deuteronomy,4,9,Deuteronomy 4:9,21,ܠܒܢܝ̈ܟܘܢ,,,,Peshitta,PESH
5,Deuteronomy,4,9,Deuteronomy 4:9,22,ܘܠܒܢ̈ܝ,,,,Peshitta,PESH
5,Deuteronomy,4,9,Deuteronomy 4:9,23,ܒ̈ܢܝܟܘܢ,,,,Peshitta,PESH
5,Deuteronomy,4,10,Deuteronomy 4:10,1,ܝܘܡܐ,,,,Peshitta,PESH
5,Deuteronomy,4,10,Deuteronomy 4:10,2,ܕܩܡܬܘܢ,,,,Peshitta,PESH
5,Deuteronomy,4,10,Deuteronomy 4:10,3,ܩܕܡ,,,,Peshitta,PESH
5,Deuteronomy,4,10,Deuteronomy 4:10,4,ܡܪܝܐ,,,,Peshitta,PESH
5,Deuteronomy,4,10,Deuteronomy 4:10,5,ܐܠܗܟܘܢ,,,,Peshitta,PESH
5,Deuteronomy,4,10,Deuteronomy 4:10,6,ܒܚܘܪܝܒ,,,,Peshitta,PESH
5,Deuteronomy,4,10,Deuteronomy 4:10,7,ܟܕ,,,,Peshitta,PESH
5,Deuteronomy,4,10,Deuteronomy 4:10,8,ܐܡܪ,,,,Peshitta,PESH
5,Deuteronomy,4,10,Deuteronomy 4:10,9,ܠܝ,,,,Peshitta,PESH
5,Deuteronomy,4,10,Deuteronomy 4:10,10,ܡܪܝܐ,,,,Peshitta,PESH
5,Deuteronomy,4,10,Deuteronomy 4:10,11,ܟܢܫ,,,,Peshitta,PESH
5,Deuteronomy,4,10,Deuteronomy 4:10,12,ܩܕܡܝ,,,,Peshitta,PESH
5,Deuteronomy,4,10,Deuteronomy 4:10,13,ܠܥܡܐ,,,,Peshitta,PESH
5,Deuteronomy,4,10,Deuteronomy 4:10,14,ܘܐܫܡܥ,,,,Peshitta,PESH
5,Deuteronomy,4,10,Deuteronomy 4:10,15,ܐܢܘܢ,,,,Peshitta,PESH
5,Deuteronomy,4,10,Deuteronomy 4:10,16,ܦܬ̈ܓܡܝ,,,,Peshitta,PESH
5,Deuteronomy,4,10,Deuteronomy 4:10,17,ܘܢܐܠܦܘܢ,,,,Peshitta,PESH
5,Deuteronomy,4,10,Deuteronomy 4:10,18,ܠܡܕܚܠ,,,,Peshitta,PESH
5,Deuteronomy,4,10,Deuteronomy 4:10,19,ܩܕܡܝ,,,,Peshitta,PESH
5,Deuteronomy,4,10,Deuteronomy 4:10,20,ܟܠܗܘܢ,,,,Peshitta,PESH
5,Deuteronomy,4,10,Deuteronomy 4:10,21,ܝܘܡ̈ܬܐ,,,,Peshitta,PESH
5,Deuteronomy,4,10,Deuteronomy 4:10,22,ܕܚܝ̈ܝܢ,,,,Peshitta,PESH
5,Deuteronomy,4,10,Deuteronomy 4:10,23,ܒܐܪܥܐ,,,,Peshitta,PESH
5,Deuteronomy,4,10,Deuteronomy 4:10,24,ܘܠܒܢ̈ܝܗܘܢ,,,,Peshitta,PESH
5,Deuteronomy,4,10,Deuteronomy 4:10,25,ܢܠܦܘܢ,,,,Peshitta,PESH
5,Deuteronomy,4,11,Deuteronomy 4:11,1,ܘܩܪܒܬܘܢ,,,,Peshitta,PESH
5,Deuteronomy,4,11,Deuteronomy 4:11,2,ܘܩܡܬܘܢ,,,,Peshitta,PESH
5,Deuteronomy,4,11,Deuteronomy 4:11,3,ܒܫܦܘ̈ܠܝ,,,,Peshitta,PESH
5,Deuteronomy,4,11,Deuteronomy 4:11,4,ܛܘܪܐ,,,,Peshitta,PESH
5,Deuteronomy,4,11,Deuteronomy 4:11,5,ܘܛܘܪܐ,,,,Peshitta,PESH
5,Deuteronomy,4,11,Deuteronomy 4:11,6,ܡܬܓܘܙܠ,,,,Peshitta,PESH
5,Deuteronomy,4,11,Deuteronomy 4:11,7,ܗܘܐ,,,,Peshitta,PESH
5,Deuteronomy,4,11,Deuteronomy 4:11,8,ܒܢܘܪܐ,,,,Peshitta,PESH
5,Deuteronomy,4,11,Deuteronomy 4:11,9,ܥܕܡܐ,,,,Peshitta,PESH
5,Deuteronomy,4,11,Deuteronomy 4:11,10,ܠܠܒܐ,,,,Peshitta,PESH
5,Deuteronomy,4,11,Deuteronomy 4:11,11,ܕܫܡܝܐ,,,,Peshitta,PESH
5,Deuteronomy,4,11,Deuteronomy 4:11,12,ܘܚܫܘܟܐ,,,,Peshitta,PESH
5,Deuteronomy,4,11,Deuteronomy 4:11,13,ܘܥܢܢܐ,,,,Peshitta,PESH
5,Deuteronomy,4,11,Deuteronomy 4:11,14,ܘܥܪܦܠܐ,,,,Peshitta,PESH
5,Deuteronomy,4,12,Deuteronomy 4:12,1,ܘܡܠܠ,,,,Peshitta,PESH
5,Deuteronomy,4,12,Deuteronomy 4:12,2,ܡܪܝܐ,,,,Peshitta,PESH
5,Deuteronomy,4,12,Deuteronomy 4:12,3,ܥܡܟܘܢ,,,,Peshitta,PESH
5,Deuteronomy,4,12,Deuteronomy 4:12,4,ܒܛܘܪܐ,,,,Peshitta,PESH
5,Deuteronomy,4,12,Deuteronomy 4:12,5,ܡܢ,,,,Peshitta,PESH
5,Deuteronomy,4,12,Deuteronomy 4:12,6,ܓܘ,,,,Peshitta,PESH
5,Deuteronomy,4,12,Deuteronomy 4:12,7,ܢܘܪܐ,,,,Peshitta,PESH
5,Deuteronomy,4,12,Deuteronomy 4:12,8,ܩܠܐ,,,,Peshitta,PESH
5,Deuteronomy,4,12,Deuteronomy 4:12,9,ܕܡܡܠܠܐ,,,,Peshitta,PESH
5,Deuteronomy,4,12,Deuteronomy 4:12,10,ܫ̇ܡܥܝܢ,,,,Peshitta,PESH
5,Deuteronomy,4,12,Deuteronomy 4:12,11,ܗܘܝܬܘܢ,,,,Peshitta,PESH
5,Deuteronomy,4,12,Deuteronomy 4:12,12,ܘܕܡܘܬܐ,,,,Peshitta,PESH
5,Deuteronomy,4,12,Deuteronomy 4:12,13,ܠܐ,,,,Peshitta,PESH
5,Deuteronomy,4,12,Deuteronomy 4:12,14,ܚ̇ܙܝܢ,,,,Peshitta,PESH
5,Deuteronomy,4,12,Deuteronomy 4:12,15,ܗܘܝܬܘܢ,,,,Peshitta,PESH
5,Deuteronomy,4,12,Deuteronomy 4:12,16,ܐܠܐ,,,,Peshitta,PESH
5,Deuteronomy,4,12,Deuteronomy 4:12,17,ܐܢ,,,,Peshitta,PESH
5,Deuteronomy,4,12,Deuteronomy 4:12,18,ܩܠܐ,,,,Peshitta,PESH
5,Deuteronomy,4,12,Deuteronomy 4:12,19,ܒܠܚܘܕ,,,,Peshitta,PESH
5,Deuteronomy,4,13,Deuteronomy 4:13,1,ܘܚܘܝܟܘܢ,,,,Peshitta,PESH
5,Deuteronomy,4,13,Deuteronomy 4:13,2,ܩܝܡܗ,,,,Peshitta,PESH
5,Deuteronomy,4,13,Deuteronomy 4:13,3,ܘܦܩܕܟܘܢ,,,,Peshitta,PESH
5,Deuteronomy,4,13,Deuteronomy 4:13,4,ܕܬܥܒܕܘܢ,,,,Peshitta,PESH
5,Deuteronomy,4,13,Deuteronomy 4:13,5,ܥܣܪܐ,,,,Peshitta,PESH
5,Deuteronomy,4,13,Deuteronomy 4:13,6,ܦܬ̈ܓܡܝܢ,,,,Peshitta,PESH
5,Deuteronomy,4,13,Deuteronomy 4:13,7,ܘܟܬܒ,,,,Peshitta,PESH
5,Deuteronomy,4,13,Deuteronomy 4:13,8,ܐܢܘܢ,,,,Peshitta,PESH
5,Deuteronomy,4,13,Deuteronomy 4:13,9,ܥܠ,,,,Peshitta,PESH
5,Deuteronomy,4,13,Deuteronomy 4:13,10,ܬܪ̈ܬܝܢ,,,,Peshitta,PESH
5,Deuteronomy,4,13,Deuteronomy 4:13,11,ܠܘܚ̈ܐ,,,,Peshitta,PESH
5,Deuteronomy,4,13,Deuteronomy 4:13,12,ܕܟܐܦܐ,,,,Peshitta,PESH
5,Deuteronomy,4,14,Deuteronomy 4:14,1,ܘܠܝ,,,,Peshitta,PESH
5,Deuteronomy,4,14,Deuteronomy 4:14,2,ܦܩܕܢܝ,,,,Peshitta,PESH
5,Deuteronomy,4,14,Deuteronomy 4:14,3,ܡܪܝܐ,,,,Peshitta,PESH
5,Deuteronomy,4,14,Deuteronomy 4:14,4,ܒܙܒܢܐ,,,,Peshitta,PESH
5,Deuteronomy,4,14,Deuteronomy 4:14,5,ܗ̇ܘ,,,,Peshitta,PESH
5,Deuteronomy,4,14,Deuteronomy 4:14,6,ܕܐܠܦܟܘܢ,,,,Peshitta,PESH
5,Deuteronomy,4,14,Deuteronomy 4:14,7,ܢܡ̈ܘܣܐ,,,,Peshitta,PESH
5,Deuteronomy,4,14,Deuteronomy 4:14,8,ܘܕܝ̈ܢܐ,,,,Peshitta,PESH
5,Deuteronomy,4,14,Deuteronomy 4:14,9,ܕܬܥܒܕܘܢ,,,,Peshitta,PESH
5,Deuteronomy,4,14,Deuteronomy 4:14,10,ܐܢܘܢ,,,,Peshitta,PESH
5,Deuteronomy,4,14,Deuteronomy 4:14,11,ܒܐܪܥܐ,,,,Peshitta,PESH
5,Deuteronomy,4,14,Deuteronomy 4:14,12,ܕܥ̇ܒܪܝܢ,,,,Peshitta,PESH
5,Deuteronomy,4,14,Deuteronomy 4:14,13,ܐܢܬܘܢ,,,,Peshitta,PESH
5,Deuteronomy,4,14,Deuteronomy 4:14,14,ܠܬܡܢ,,,,Peshitta,PESH
5,Deuteronomy,4,14,Deuteronomy 4:14,15,ܠܡܐܪܬܗ̇,,,,Peshitta,PESH
5,Deuteronomy,4,15,Deuteronomy 4:15,1,ܐܙܕܗܪܘ,,,,Peshitta,PESH
5,Deuteronomy,4,15,Deuteronomy 4:15,2,ܛܒ,,,,Peshitta,PESH
5,Deuteronomy,4,15,Deuteronomy 4:15,3,ܒܢܦܫܟܘܢ,,,,Peshitta,PESH
5,Deuteronomy,4,15,Deuteronomy 4:15,4,ܡܛܠ,,,,Peshitta,PESH
5,Deuteronomy,4,15,Deuteronomy 4:15,5,ܕܠܐ,,,,Peshitta,PESH
5,Deuteronomy,4,15,Deuteronomy 4:15,6,ܚܙܝܬܘܢ,,,,Peshitta,PESH
5,Deuteronomy,4,15,Deuteronomy 4:15,7,ܕܡܘܬܐ,,,,Peshitta,PESH
5,Deuteronomy,4,15,Deuteronomy 4:15,8,ܒܝܘܡܐ,,,,Peshitta,PESH
5,Deuteronomy,4,15,Deuteronomy 4:15,9,ܕܡܠܠ,,,,Peshitta,PESH
5,Deuteronomy,4,15,Deuteronomy 4:15,10,ܡܪܝܐ,,,,Peshitta,PESH
5,Deuteronomy,4,15,Deuteronomy 4:15,11,ܥܡܟܘܢ,,,,Peshitta,PESH
5,Deuteronomy,4,15,Deuteronomy 4:15,12,ܒܚܘܪܝܒ,,,,Peshitta,PESH
5,Deuteronomy,4,15,Deuteronomy 4:15,13,ܡܢ,,,,Peshitta,PESH
5,Deuteronomy,4,15,Deuteronomy 4:15,14,ܓܘ,,,,Peshitta,PESH
5,Deuteronomy,4,15,Deuteronomy 4:15,15,ܢܘܪܐ,,,,Peshitta,PESH
5,Deuteronomy,4,16,Deuteronomy 4:16,1,ܕܠܐ,,,,Peshitta,PESH
5,Deuteronomy,4,16,Deuteronomy 4:16,2,ܬܚܒܠܘܢ,,,,Peshitta,PESH
5,Deuteronomy,4,16,Deuteronomy 4:16,3,ܘܬܥܒܕܘܢ,,,,Peshitta,PESH
5,Deuteronomy,4,16,Deuteronomy 4:16,4,ܠܟܘܢ,,,,Peshitta,PESH
5,Deuteronomy,4,16,Deuteronomy 4:16,5,ܨܠܡ̈ܐ,,,,Peshitta,PESH
5,Deuteronomy,4,16,Deuteronomy 4:16,6,ܘܕܡ̈ܘܬܐ,,,,Peshitta,PESH
5,Deuteronomy,4,16,Deuteronomy 4:16,7,ܕܟܠ,,,,Peshitta,PESH
5,Deuteronomy,4,16,Deuteronomy 4:16,8,ܓܢܣ,,,,Peshitta,PESH
5,Deuteronomy,4,16,Deuteronomy 4:16,9,ܕܡܘܬܐ,,,,Peshitta,PESH
5,Deuteronomy,4,16,Deuteronomy 4:16,10,ܕܕܟܪܐ,,,,Peshitta,PESH
5,Deuteronomy,4,16,Deuteronomy 4:16,11,ܐܘ,,,,Peshitta,PESH
5,Deuteronomy,4,16,Deuteronomy 4:16,12,ܕܢܩܒܬܐ,,,,Peshitta,PESH
5,Deuteronomy,4,17,Deuteronomy 4:17,1,ܕܡܘܬܐ,,,,Peshitta,PESH
5,Deuteronomy,4,17,Deuteronomy 4:17,2,ܕܟܠ,,,,Peshitta,PESH
5,Deuteronomy,4,17,Deuteronomy 4:17,3,ܒܥܝܪܐ,,,,Peshitta,PESH
5,Deuteronomy,4,17,Deuteronomy 4:17,4,ܕܐܝܬ,,,,Peshitta,PESH
5,Deuteronomy,4,17,Deuteronomy 4:17,5,ܒܐܪܥܐ,,,,Peshitta,PESH
5,Deuteronomy,4,17,Deuteronomy 4:17,6,ܕܡܘܬܐ,,,,Peshitta,PESH
5,Deuteronomy,4,17,Deuteronomy 4:17,7,ܕܟܠ,,,,Peshitta,PESH
5,Deuteronomy,4,17,Deuteronomy 4:17,8,ܦܪܚܬܐ,,,,Peshitta,PESH
5,Deuteronomy,4,17,Deuteronomy 4:17,9,ܕܓܦܐ,,,,Peshitta,PESH
5,Deuteronomy,4,17,Deuteronomy 4:17,10,ܕܦ̇ܪܚܐ,,,,Peshitta,PESH
5,Deuteronomy,4,17,Deuteronomy 4:17,11,ܒܫܡܝܐ,,,,Peshitta,PESH
5,Deuteronomy,4,18,Deuteronomy 4:18,1,ܕܡܘܬܐ,,,,Peshitta,PESH
5,Deuteronomy,4,18,Deuteronomy 4:18,2,ܕܟܠ,,,,Peshitta,PESH
5,Deuteronomy,4,18,Deuteronomy 4:18,3,ܪܚܫܐ,,,,Peshitta,PESH
5,Deuteronomy,4,18,Deuteronomy 4:18,4,ܕܐܪܥܐ,,,,Peshitta,PESH
5,Deuteronomy,4,18,Deuteronomy 4:18,5,ܕܡܘܬܐ,,,,Peshitta,PESH
5,Deuteronomy,4,18,Deuteronomy 4:18,6,ܕܟܠ,,,,Peshitta,PESH
5,Deuteronomy,4,18,Deuteronomy 4:18,7,ܢܘ̈ܢܐ,,,,Peshitta,PESH
5,Deuteronomy,4,18,Deuteronomy 4:18,8,ܕܒܝܡܐ,,,,Peshitta,PESH
5,Deuteronomy,4,18,Deuteronomy 4:18,9,ܕܠܬܚܬ,,,,Peshitta,PESH
5,Deuteronomy,4,18,Deuteronomy 4:18,10,ܡܢ,,,,Peshitta,PESH
5,Deuteronomy,4,18,Deuteronomy 4:18,11,ܐܪܥܐ,,,,Peshitta,PESH
5,Deuteronomy,4,19,Deuteronomy 4:19,1,ܘܕܠܐ,,,,Peshitta,PESH
5,Deuteronomy,4,19,Deuteronomy 4:19,2,ܬܪܝܡܘܢ,,,,Peshitta,PESH
5,Deuteronomy,4,19,Deuteronomy 4:19,3,ܥܝ̈ܢܝܟܘܢ,,,,Peshitta,PESH
5,Deuteronomy,4,19,Deuteronomy 4:19,4,ܠܫܡܝܐ,,,,Peshitta,PESH
5,Deuteronomy,4,19,Deuteronomy 4:19,5,ܘܬܚܙܘܢ,,,,Peshitta,PESH
5,Deuteronomy,4,19,Deuteronomy 4:19,6,ܫܡܫܐ,,,,Peshitta,PESH
5,Deuteronomy,4,19,Deuteronomy 4:19,7,ܘܣܗܪܐ,,,,Peshitta,PESH
5,Deuteronomy,4,19,Deuteronomy 4:19,8,ܘܟ̈ܘܟܒܐ,,,,Peshitta,PESH
5,Deuteronomy,4,19,Deuteronomy 4:19,9,ܘܟܠܗܘܢ,,,,Peshitta,PESH
5,Deuteronomy,4,19,Deuteronomy 4:19,10,ܚܝ̈ܠܘܬܐ,,,,Peshitta,PESH
5,Deuteronomy,4,19,Deuteronomy 4:19,11,ܕܫܡܝܐ,,,,Peshitta,PESH
5,Deuteronomy,4,19,Deuteronomy 4:19,12,ܘܬܛܥܘܢ,,,,Peshitta,PESH
5,Deuteronomy,4,19,Deuteronomy 4:19,13,ܘܬܣܓܕܘܢ,,,,Peshitta,PESH
5,Deuteronomy,4,19,Deuteronomy 4:19,14,ܠܗܘܢ,,,,Peshitta,PESH
5,Deuteronomy,4,19,Deuteronomy 4:19,15,ܘܬܦܠܚܘܢ,,,,Peshitta,PESH
5,Deuteronomy,4,19,Deuteronomy 4:19,16,ܐܢܘܢ,,,,Peshitta,PESH
5,Deuteronomy,4,19,Deuteronomy 4:19,17,ܕܦܠܓ,,,,Peshitta,PESH
5,Deuteronomy,4,19,Deuteronomy 4:19,18,ܐܢܘܢ,,,,Peshitta,PESH
5,Deuteronomy,4,19,Deuteronomy 4:19,19,ܡܪܝܐ,,,,Peshitta,PESH
5,Deuteronomy,4,19,Deuteronomy 4:19,20,ܐܠܗܟܘܢ,,,,Peshitta,PESH
5,Deuteronomy,4,19,Deuteronomy 4:19,21,ܠܟܠܗܘܢ,,,,Peshitta,PESH
5,Deuteronomy,4,19,Deuteronomy 4:19,22,ܥܡ̈ܡܐ,,,,Peshitta,PESH
5,Deuteronomy,4,19,Deuteronomy 4:19,23,ܕܬܚܝܬ,,,,Peshitta,PESH
5,Deuteronomy,4,19,Deuteronomy 4:19,24,ܫܡܝܐ,,,,Peshitta,PESH
5,Deuteronomy,4,20,Deuteronomy 4:20,1,ܘܠܟܘܢ,,,,Peshitta,PESH
5,Deuteronomy,4,20,Deuteronomy 4:20,2,ܩܪܒ,,,,Peshitta,PESH
5,Deuteronomy,4,20,Deuteronomy 4:20,3,ܡܪܝܐ,,,,Peshitta,PESH
5,Deuteronomy,4,20,Deuteronomy 4:20,4,ܘܐܦܩܟܘܢ,,,,Peshitta,PESH
5,Deuteronomy,4,20,Deuteronomy 4:20,5,ܡܢ,,,,Peshitta,PESH
5,Deuteronomy,4,20,Deuteronomy 4:20,6,ܟܘܪܐ,,,,Peshitta,PESH
5,Deuteronomy,4,20,Deuteronomy 4:20,7,ܕܦܪܙܠܐ,,,,Peshitta,PESH
5,Deuteronomy,4,20,Deuteronomy 4:20,8,ܡܢ,,,,Peshitta,PESH
5,Deuteronomy,4,20,Deuteronomy 4:20,9,ܡܨܪܝܢ,,,,Peshitta,PESH
5,Deuteronomy,4,20,Deuteronomy 4:20,10,ܕܬܗܘܘܢ,,,,Peshitta,PESH
5,Deuteronomy,4,20,Deuteronomy 4:20,11,ܠܗ,,,,Peshitta,PESH
5,Deuteronomy,4,20,Deuteronomy 4:20,12,ܥܡܐ,,,,Peshitta,PESH
5,Deuteronomy,4,20,Deuteronomy 4:20,13,ܘܝܪܬܘܬܐ,,,,Peshitta,PESH
5,Deuteronomy,4,20,Deuteronomy 4:20,14,ܐܝܟ,,,,Peshitta,PESH
5,Deuteronomy,4,20,Deuteronomy 4:20,15,ܕܝܘܡܢܐ,,,,Peshitta,PESH
5,Deuteronomy,4,21,Deuteronomy 4:21,1,ܘܪܓܙ,,,,Peshitta,PESH
5,Deuteronomy,4,21,Deuteronomy 4:21,2,ܥܠܝ,,,,Peshitta,PESH
5,Deuteronomy,4,21,Deuteronomy 4:21,3,ܡܪܝܐ,,,,Peshitta,PESH
5,Deuteronomy,4,21,Deuteronomy 4:21,4,ܡܛܠ,,,,Peshitta,PESH
5,Deuteronomy,4,21,Deuteronomy 4:21,5,ܦܬ̈ܓܡܝܟܘܢ,,,,Peshitta,PESH
5,Deuteronomy,4,21,Deuteronomy 4:21,6,ܘܝܡܐ,,,,Peshitta,PESH
5,Deuteronomy,4,21,Deuteronomy 4:21,7,ܕܠܐ,,,,Peshitta,PESH
5,Deuteronomy,4,21,Deuteronomy 4:21,8,ܐܥܒܪ,,,,Peshitta,PESH
5,Deuteronomy,4,21,Deuteronomy 4:21,9,ܝܘܪܕܢܢ,,,,Peshitta,PESH
5,Deuteronomy,4,21,Deuteronomy 4:21,10,ܗܢܐ,,,,Peshitta,PESH
5,Deuteronomy,4,21,Deuteronomy 4:21,11,ܘܠܐ,,,,Peshitta,PESH
5,Deuteronomy,4,21,Deuteronomy 4:21,12,ܐܥܘܠ,,,,Peshitta,PESH
5,Deuteronomy,4,21,Deuteronomy 4:21,13,ܠܐܪܥܐ,,,,Peshitta,PESH
5,Deuteronomy,4,21,Deuteronomy 4:21,14,ܛܒܬܐ,,,,Peshitta,PESH
5,Deuteronomy,4,21,Deuteronomy 4:21,15,ܕܝ̇ܗܒ,,,,Peshitta,PESH
5,Deuteronomy,4,21,Deuteronomy 4:21,16,ܠܟܘܢ,,,,Peshitta,PESH
5,Deuteronomy,4,21,Deuteronomy 4:21,17,ܡܪܝܐ,,,,Peshitta,PESH
5,Deuteronomy,4,21,Deuteronomy 4:21,18,ܐܠܗܟܘܢ,,,,Peshitta,PESH
5,Deuteronomy,4,21,Deuteronomy 4:21,19,ܝܘܪܬܢܐ,,,,Peshitta,PESH
5,Deuteronomy,4,22,Deuteronomy 4:22,1,ܡܛܘܠ,,,,Peshitta,PESH
5,Deuteronomy,4,22,Deuteronomy 4:22,2,ܕܐܢܐ,,,,Peshitta,PESH
5,Deuteronomy,4,22,Deuteronomy 4:22,3,ܡ̇ܐܬ,,,,Peshitta,PESH
5,Deuteronomy,4,22,Deuteronomy 4:22,4,ܐܢܐ,,,,Peshitta,PESH
5,Deuteronomy,4,22,Deuteronomy 4:22,5,ܒܐܪܥܐ,,,,Peshitta,PESH
5,Deuteronomy,4,22,Deuteronomy 4:22,6,ܗܕܐ,,,,Peshitta,PESH
5,Deuteronomy,4,22,Deuteronomy 4:22,7,ܘܠܐ,,,,Peshitta,PESH
5,Deuteronomy,4,22,Deuteronomy 4:22,8,ܥ̇ܒܪ,,,,Peshitta,PESH
5,Deuteronomy,4,22,Deuteronomy 4:22,9,ܐܢܐ,,,,Peshitta,PESH
5,Deuteronomy,4,22,Deuteronomy 4:22,10,ܝܘܪܕܢܢ,,,,Peshitta,PESH
5,Deuteronomy,4,22,Deuteronomy 4:22,11,ܗܢܐ,,,,Peshitta,PESH
5,Deuteronomy,4,22,Deuteronomy 4:22,12,ܐܢܬܘܢ,,,,Peshitta,PESH
5,Deuteronomy,4,22,Deuteronomy 4:22,13,ܕܝܢ,,,,Peshitta,PESH
5,Deuteronomy,4,22,Deuteronomy 4:22,14,ܥ̇ܒܪܝܢ,,,,Peshitta,PESH
5,Deuteronomy,4,22,Deuteronomy 4:22,15,ܐܢܬܘܢ,,,,Peshitta,PESH
5,Deuteronomy,4,22,Deuteronomy 4:22,16,ܘܝ̇ܪܬܝܢ,,,,Peshitta,PESH
5,Deuteronomy,4,22,Deuteronomy 4:22,17,ܐܢܬܘܢ,,,,Peshitta,PESH
5,Deuteronomy,4,22,Deuteronomy 4:22,18,ܐܪܥܐ,,,,Peshitta,PESH
5,Deuteronomy,4,22,Deuteronomy 4:22,19,ܗܕܐ,,,,Peshitta,PESH
5,Deuteronomy,4,22,Deuteronomy 4:22,20,ܛܒܬܐ,,,,Peshitta,PESH
5,Deuteronomy,4,23,Deuteronomy 4:23,1,ܐܙܕܗܪܘ,,,,Peshitta,PESH
5,Deuteronomy,4,23,Deuteronomy 4:23,2,ܕܠܐ,,,,Peshitta,PESH
5,Deuteronomy,4,23,Deuteronomy 4:23,3,ܬܛܥܘܢ,,,,Peshitta,PESH
5,Deuteronomy,4,23,Deuteronomy 4:23,4,ܩܝܡܗ,,,,Peshitta,PESH
5,Deuteronomy,4,23,Deuteronomy 4:23,5,ܕܡܪܝܐ,,,,Peshitta,PESH
5,Deuteronomy,4,23,Deuteronomy 4:23,6,ܐܠܗܟܘܢ,,,,Peshitta,PESH
5,Deuteronomy,4,23,Deuteronomy 4:23,7,ܕܐܩܝܡ,,,,Peshitta,PESH
5,Deuteronomy,4,23,Deuteronomy 4:23,8,ܥܡܟܘܢ,,,,Peshitta,PESH
5,Deuteronomy,4,23,Deuteronomy 4:23,9,ܘܬܥܒܕܘܢ,,,,Peshitta,PESH
5,Deuteronomy,4,23,Deuteronomy 4:23,10,ܠܟܘܢ,,,,Peshitta,PESH
5,Deuteronomy,4,23,Deuteronomy 4:23,11,ܨ̈ܠܡܐ,,,,Peshitta,PESH
5,Deuteronomy,4,23,Deuteronomy 4:23,12,ܘܕܡ̈ܘܬܐ,,,,Peshitta,PESH
5,Deuteronomy,4,23,Deuteronomy 4:23,13,ܕܟܠ,,,,Peshitta,PESH
5,Deuteronomy,4,23,Deuteronomy 4:23,14,ܡܕܡ,,,,Peshitta,PESH
5,Deuteronomy,4,23,Deuteronomy 4:23,15,ܕܦܩܕܟܘܢ,,,,Peshitta,PESH
5,Deuteronomy,4,23,Deuteronomy 4:23,16,ܡܪܝܐ,,,,Peshitta,PESH
5,Deuteronomy,4,23,Deuteronomy 4:23,17,ܐܠܗܟܘܢ,,,,Peshitta,PESH
5,Deuteronomy,4,24,Deuteronomy 4:24,1,ܡܛܠ,,,,Peshitta,PESH
5,Deuteronomy,4,24,Deuteronomy 4:24,2,ܕܡܪܝܐ,,,,Peshitta,PESH
5,Deuteronomy,4,24,Deuteronomy 4:24,3,ܐܠܗܟܘܢ,,,,Peshitta,PESH
5,Deuteronomy,4,24,Deuteronomy 4:24,4,ܢܘܪܐ,,,,Peshitta,PESH
5,Deuteronomy,4,24,Deuteronomy 4:24,5,ܗܘ,,,,Peshitta,PESH
5,Deuteronomy,4,24,Deuteronomy 4:24,6,ܐܟܠܬܐ,,,,Peshitta,PESH
5,Deuteronomy,4,24,Deuteronomy 4:24,7,ܘܐܠܗܐ,,,,Peshitta,PESH
5,Deuteronomy,4,24,Deuteronomy 4:24,8,ܗܘ,,,,Peshitta,PESH
5,Deuteronomy,4,24,Deuteronomy 4:24,9,ܛܢܢܐ,,,,Peshitta,PESH
5,Deuteronomy,4,25,Deuteronomy 4:25,1,ܘܟܕ,,,,Peshitta,PESH
5,Deuteronomy,4,25,Deuteronomy 4:25,2,ܬܘܠܕܘܢ,,,,Peshitta,PESH
5,Deuteronomy,4,25,Deuteronomy 4:25,3,ܒܢ̈ܝܐ,,,,Peshitta,PESH
5,Deuteronomy,4,25,Deuteronomy 4:25,4,ܐܘ,,,,Peshitta,PESH
5,Deuteronomy,4,25,Deuteronomy 4:25,5,ܒܢ̈ܝ,,,,Peshitta,PESH
5,Deuteronomy,4,25,Deuteronomy 4:25,6,ܒܢ̈ܝܐ,,,,Peshitta,PESH
5,Deuteronomy,4,25,Deuteronomy 4:25,7,ܘܢܥܬܩܘܢ,,,,Peshitta,PESH
5,Deuteronomy,4,25,Deuteronomy 4:25,8,ܒܐܪܥܐ,,,,Peshitta,PESH
5,Deuteronomy,4,25,Deuteronomy 4:25,9,ܘܬܚܒܠܘܢ,,,,Peshitta,PESH
5,Deuteronomy,4,25,Deuteronomy 4:25,10,ܘܬܥܒܕܘܢ,,,,Peshitta,PESH
5,Deuteronomy,4,25,Deuteronomy 4:25,11,ܨ̈ܠܡܐ,,,,Peshitta,PESH
5,Deuteronomy,4,25,Deuteronomy 4:25,12,ܘܕܡ̈ܘܬܐ,,,,Peshitta,PESH
5,Deuteronomy,4,25,Deuteronomy 4:25,13,ܕܟܠ,,,,Peshitta,PESH
5,Deuteronomy,4,25,Deuteronomy 4:25,14,ܡܕܡ,,,,Peshitta,PESH
5,Deuteronomy,4,25,Deuteronomy 4:25,15,ܘܬܥܒܕܘܢ,,,,Peshitta,PESH
5,Deuteronomy,4,25,Deuteronomy 4:25,16,ܕܒܝܫ,,,,Peshitta,PESH
5,Deuteronomy,4,25,Deuteronomy 4:25,17,ܩܕܡ,,,,Peshitta,PESH
5,Deuteronomy,4,25,Deuteronomy 4:25,18,ܡܪܝܐ,,,,Peshitta,PESH
5,Deuteronomy,4,25,Deuteronomy 4:25,19,ܐܠܗܟܘܢ,,,,Peshitta,PESH
5,Deuteronomy,4,25,Deuteronomy 4:25,20,ܘܬܪܓܙܘܢܗ,,,,Peshitta,PESH
5,Deuteronomy,4,26,Deuteronomy 4:26,1,ܣ̇ܗܕܬ,,,,Peshitta,PESH
5,Deuteronomy,4,26,Deuteronomy 4:26,2,ܒܟܘܢ,,,,Peshitta,PESH
5,Deuteronomy,4,26,Deuteronomy 4:26,3,ܝܘܡܢܐ,,,,Peshitta,PESH
5,Deuteronomy,4,26,Deuteronomy 4:26,4,ܫܡܝܐ,,,,Peshitta,PESH
5,Deuteronomy,4,26,Deuteronomy 4:26,5,ܘܐܪܥܐ,,,,Peshitta,PESH
5,Deuteronomy,4,26,Deuteronomy 4:26,6,ܕܡܐܒܕ,,,,Peshitta,PESH
5,Deuteronomy,4,26,Deuteronomy 4:26,7,ܐ̇ܒܕܝܢ,,,,Peshitta,PESH
5,Deuteronomy,4,26,Deuteronomy 4:26,8,ܐܢܬܘܢ,,,,Peshitta,PESH
5,Deuteronomy,4,26,Deuteronomy 4:26,9,ܒܥܓܠ,,,,Peshitta,PESH
5,Deuteronomy,4,26,Deuteronomy 4:26,10,ܡܢ,,,,Peshitta,PESH
5,Deuteronomy,4,26,Deuteronomy 4:26,11,ܐܪܥܐ,,,,Peshitta,PESH
5,Deuteronomy,4,26,Deuteronomy 4:26,12,ܕܥ̇ܒܪܝܢ,,,,Peshitta,PESH
5,Deuteronomy,4,26,Deuteronomy 4:26,13,ܐܢܬܘܢ,,,,Peshitta,PESH
5,Deuteronomy,4,26,Deuteronomy 4:26,14,ܝܘܪܕܢܢ,,,,Peshitta,PESH
5,Deuteronomy,4,26,Deuteronomy 4:26,15,ܠܡܐܪܬܗ̇,,,,Peshitta,PESH
5,Deuteronomy,4,26,Deuteronomy 4:26,16,ܘܠܐ,,,,Peshitta,PESH
5,Deuteronomy,4,26,Deuteronomy 4:26,17,ܬܣܓܘܢ,,,,Peshitta,PESH
5,Deuteronomy,4,26,Deuteronomy 4:26,18,ܒܗ̇,,,,Peshitta,PESH
5,Deuteronomy,4,26,Deuteronomy 4:26,19,ܝܘܡ̈ܬܐ,,,,Peshitta,PESH
5,Deuteronomy,4,26,Deuteronomy 4:26,20,ܐܠܐ,,,,Peshitta,PESH
5,Deuteronomy,4,26,Deuteronomy 4:26,21,ܡܐܒܕ,,,,Peshitta,PESH
5,Deuteronomy,4,26,Deuteronomy 4:26,22,ܬܐܒܕܘܢ,,,,Peshitta,PESH
5,Deuteronomy,4,27,Deuteronomy 4:27,1,ܘܢܒܕܪܟܘܢ,,,,Peshitta,PESH
5,Deuteronomy,4,27,Deuteronomy 4:27,2,ܡܪܝܐ,,,,Peshitta,PESH
5,Deuteronomy,4,27,Deuteronomy 4:27,3,ܒܝܬ,,,,Peshitta,PESH
5,Deuteronomy,4,27,Deuteronomy 4:27,4,ܥܡ̈ܡܐ,,,,Peshitta,PESH
5,Deuteronomy,4,27,Deuteronomy 4:27,5,ܘܬܫܬܚܪܘܢ,,,,Peshitta,PESH
5,Deuteronomy,4,27,Deuteronomy 4:27,6,ܩܠܝܠ,,,,Peshitta,PESH
5,Deuteronomy,4,27,Deuteronomy 4:27,7,ܒܡܢܝܢܐ,,,,Peshitta,PESH
5,Deuteronomy,4,27,Deuteronomy 4:27,8,ܒܝܬ,,,,Peshitta,PESH
5,Deuteronomy,4,27,Deuteronomy 4:27,9,ܥܡ̈ܡܐ,,,,Peshitta,PESH
5,Deuteronomy,4,27,Deuteronomy 4:27,10,ܕܢܒܕܪܟܘܢ,,,,Peshitta,PESH
5,Deuteronomy,4,27,Deuteronomy 4:27,11,ܡܪܝܐ,,,,Peshitta,PESH
5,Deuteronomy,4,27,Deuteronomy 4:27,12,ܐܠܗܟܘܢ,,,,Peshitta,PESH
5,Deuteronomy,4,27,Deuteronomy 4:27,13,ܠܬܡܢ,,,,Peshitta,PESH
5,Deuteronomy,4,28,Deuteronomy 4:28,1,ܘܬܦܠܚܘܢ,,,,Peshitta,PESH
5,Deuteronomy,4,28,Deuteronomy 4:28,2,ܬܡܢ,,,,Peshitta,PESH
5,Deuteronomy,4,28,Deuteronomy 4:28,3,ܠܐ̈ܠܗܐ,,,,Peshitta,PESH
5,Deuteronomy,4,28,Deuteronomy 4:28,4,ܐܚܪ̈ܢܐ,,,,Peshitta,PESH
5,Deuteronomy,4,28,Deuteronomy 4:28,5,ܥܒ̇ܕ,,,,Peshitta,PESH
5,Deuteronomy,4,28,Deuteronomy 4:28,6,ܐ̈ܝܕܝܐ,,,,Peshitta,PESH
5,Deuteronomy,4,28,Deuteronomy 4:28,7,ܕܒܢ̈ܝ,,,,Peshitta,PESH
5,Deuteronomy,4,28,Deuteronomy 4:28,8,ܐܢܫܐ,,,,Peshitta,PESH
5,Deuteronomy,4,28,Deuteronomy 4:28,9,ܕܩܝܣܐ,,,,Peshitta,PESH
5,Deuteronomy,4,28,Deuteronomy 4:28,10,ܘܕܟܐܦܐ,,,,Peshitta,PESH
5,Deuteronomy,4,28,Deuteronomy 4:28,11,ܕܠܐ,,,,Peshitta,PESH
5,Deuteronomy,4,28,Deuteronomy 4:28,12,ܚ̇ܙܝܢ,,,,Peshitta,PESH
5,Deuteronomy,4,28,Deuteronomy 4:28,13,ܘܠܐ,,,,Peshitta,PESH
5,Deuteronomy,4,28,Deuteronomy 4:28,14,ܫ̇ܡܥܝܢ,,,,Peshitta,PESH
5,Deuteronomy,4,28,Deuteronomy 4:28,15,ܘܠܐ,,,,Peshitta,PESH
5,Deuteronomy,4,28,Deuteronomy 4:28,16,ܐ̇ܟܠܝܢ,,,,Peshitta,PESH
5,Deuteronomy,4,28,Deuteronomy 4:28,17,ܘܠܐ,,,,Peshitta,PESH
5,Deuteronomy,4,28,Deuteronomy 4:28,18,ܡܪ̈ܝܚܝܢ,,,,Peshitta,PESH
5,Deuteronomy,4,29,Deuteronomy 4:29,1,ܘܬܒܥܘܢܗ,,,,Peshitta,PESH
5,Deuteronomy,4,29,Deuteronomy 4:29,2,ܬܡܢ,,,,Peshitta,PESH
5,Deuteronomy,4,29,Deuteronomy 4:29,3,ܠܡܪܝܐ,,,,Peshitta,PESH
5,Deuteronomy,4,29,Deuteronomy 4:29,4,ܐܠܗܟܘܢ,,,,Peshitta,PESH
5,Deuteronomy,4,29,Deuteronomy 4:29,5,ܘܬܫܟܚܘܢܗ,,,,Peshitta,PESH
5,Deuteronomy,4,29,Deuteronomy 4:29,6,ܟܕ,,,,Peshitta,PESH
5,Deuteronomy,4,29,Deuteronomy 4:29,7,ܬܥܩܒܘܢ,,,,Peshitta,PESH
5,Deuteronomy,4,29,Deuteronomy 4:29,8,ܥܠܘܗܝ,,,,Peshitta,PESH
5,Deuteronomy,4,29,Deuteronomy 4:29,9,ܡܢ,,,,Peshitta,PESH
5,Deuteronomy,4,29,Deuteronomy 4:29,10,ܟܠܗ,,,,Peshitta,PESH
5,Deuteronomy,4,29,Deuteronomy 4:29,11,ܠܒܟܘܢ,,,,Peshitta,PESH
5,Deuteronomy,4,29,Deuteronomy 4:29,12,ܘܡܢ,,,,Peshitta,PESH
5,Deuteronomy,4,29,Deuteronomy 4:29,13,ܟܠܗ̇,,,,Peshitta,PESH
5,Deuteronomy,4,29,Deuteronomy 4:29,14,ܢܦܫܟܘܢ,,,,Peshitta,PESH
5,Deuteronomy,4,30,Deuteronomy 4:30,1,ܡܐ,,,,Peshitta,PESH
5,Deuteronomy,4,30,Deuteronomy 4:30,2,ܕܥܩܬ,,,,Peshitta,PESH
5,Deuteronomy,4,30,Deuteronomy 4:30,3,ܠܟܘܢ,,,,Peshitta,PESH
5,Deuteronomy,4,30,Deuteronomy 4:30,4,ܘܡܛܝܟܘܢ,,,,Peshitta,PESH
5,Deuteronomy,4,30,Deuteronomy 4:30,5,ܗܠܝܢ,,,,Peshitta,PESH
5,Deuteronomy,4,30,Deuteronomy 4:30,6,ܟܠܗܘܢ,,,,Peshitta,PESH
5,Deuteronomy,4,30,Deuteronomy 4:30,7,ܦܬ̈ܓܡܐ,,,,Peshitta,PESH
5,Deuteronomy,4,30,Deuteronomy 4:30,8,ܒܚܪܬܐ,,,,Peshitta,PESH
5,Deuteronomy,4,30,Deuteronomy 4:30,9,ܕܝܘܡ̈ܬܐ,,,,Peshitta,PESH
5,Deuteronomy,4,30,Deuteronomy 4:30,10,ܘܬܬܦܢܘܢ,,,,Peshitta,PESH
5,Deuteronomy,4,30,Deuteronomy 4:30,11,ܠܘܬ,,,,Peshitta,PESH
5,Deuteronomy,4,30,Deuteronomy 4:30,12,ܡܪܝܐ,,,,Peshitta,PESH
5,Deuteronomy,4,30,Deuteronomy 4:30,13,ܐܠܗܟܘܢ,,,,Peshitta,PESH
5,Deuteronomy,4,30,Deuteronomy 4:30,14,ܘܬܫܡܥܘܢ,,,,Peshitta,PESH
5,Deuteronomy,4,30,Deuteronomy 4:30,15,ܒܩܠܗ,,,,Peshitta,PESH
5,Deuteronomy,4,31,Deuteronomy 4:31,1,ܡܛܠ,,,,Peshitta,PESH
5,Deuteronomy,4,31,Deuteronomy 4:31,2,ܕܐܠܗܐ,,,,Peshitta,PESH
5,Deuteronomy,4,31,Deuteronomy 4:31,3,ܗܘ,,,,Peshitta,PESH
5,Deuteronomy,4,31,Deuteronomy 4:31,4,ܡܪܚܡܢܐ,,,,Peshitta,PESH
5,Deuteronomy,4,31,Deuteronomy 4:31,5,ܡܪܝܐ,,,,Peshitta,PESH
5,Deuteronomy,4,31,Deuteronomy 4:31,6,ܐܠܗܟܘܢ,,,,Peshitta,PESH
5,Deuteronomy,4,31,Deuteronomy 4:31,7,ܠܐ,,,,Peshitta,PESH
5,Deuteronomy,4,31,Deuteronomy 4:31,8,ܢܚܒܠܟܘܢ,,,,Peshitta,PESH
5,Deuteronomy,4,31,Deuteronomy 4:31,9,ܘܠܐ,,,,Peshitta,PESH
5,Deuteronomy,4,31,Deuteronomy 4:31,10,ܢܫܒܘܩܟܘܢ,,,,Peshitta,PESH
5,Deuteronomy,4,31,Deuteronomy 4:31,11,ܘܠܐ,,,,Peshitta,PESH
5,Deuteronomy,4,31,Deuteronomy 4:31,12,ܢܛܥܐ,,,,Peshitta,PESH
5,Deuteronomy,4,31,Deuteronomy 4:31,13,ܩܝܡܐ,,,,Peshitta,PESH
5,Deuteronomy,4,31,Deuteronomy 4:31,14,ܕܝܡܐ,,,,Peshitta,PESH
5,Deuteronomy,4,31,Deuteronomy 4:31,15,ܠܐ̈ܒܗܝܟܘܢ,,,,Peshitta,PESH
5,Deuteronomy,4,32,Deuteronomy 4:32,1,ܐܠܐ,,,,Peshitta,PESH
5,Deuteronomy,4,32,Deuteronomy 4:32,2,ܫܐܠܘ,,,,Peshitta,PESH
5,Deuteronomy,4,32,Deuteronomy 4:32,3,ܥܠ,,,,Peshitta,PESH
5,Deuteronomy,4,32,Deuteronomy 4:32,4,ܝܘܡ̈ܬܐ,,,,Peshitta,PESH
5,Deuteronomy,4,32,Deuteronomy 4:32,5,ܩ̈ܕܡܝܐ,,,,Peshitta,PESH
5,Deuteronomy,4,32,Deuteronomy 4:32,6,ܕܗܘܘ,,,,Peshitta,PESH
5,Deuteronomy,4,32,Deuteronomy 4:32,7,ܩܕܡܝܟܘܢ,,,,Peshitta,PESH
5,Deuteronomy,4,32,Deuteronomy 4:32,8,ܡܢ,,,,Peshitta,PESH
5,Deuteronomy,4,32,Deuteronomy 4:32,9,ܝܘܡܐ,,,,Peshitta,PESH
5,Deuteronomy,4,32,Deuteronomy 4:32,10,ܕܒܪܐ,,,,Peshitta,PESH
5,Deuteronomy,4,32,Deuteronomy 4:32,11,ܐܠܗܐ,,,,Peshitta,PESH
5,Deuteronomy,4,32,Deuteronomy 4:32,12,ܠܐܢܫܐ,,,,Peshitta,PESH
5,Deuteronomy,4,32,Deuteronomy 4:32,13,ܥܠ,,,,Peshitta,PESH
5,Deuteronomy,4,32,Deuteronomy 4:32,14,ܐܪܥܐ,,,,Peshitta,PESH
5,Deuteronomy,4,32,Deuteronomy 4:32,15,ܡܢ,,,,Peshitta,PESH
5,Deuteronomy,4,32,Deuteronomy 4:32,16,ܣ̈ܘܦܝ,,,,Peshitta,PESH
5,Deuteronomy,4,32,Deuteronomy 4:32,17,ܫܡܝܐ,,,,Peshitta,PESH
5,Deuteronomy,4,32,Deuteronomy 4:32,18,ܘܥܕܡܐ,,,,Peshitta,PESH
5,Deuteronomy,4,32,Deuteronomy 4:32,19,ܠܣ̈ܘܦܝ,,,,Peshitta,PESH
5,Deuteronomy,4,32,Deuteronomy 4:32,20,ܫܡܝܐ,,,,Peshitta,PESH
5,Deuteronomy,4,32,Deuteronomy 4:32,21,ܐܢ,,,,Peshitta,PESH
5,Deuteronomy,4,32,Deuteronomy 4:32,22,ܗܘܐ,,,,Peshitta,PESH
5,Deuteronomy,4,32,Deuteronomy 4:32,23,ܐܝܟ,,,,Peshitta,PESH
5,Deuteronomy,4,32,Deuteronomy 4:32,24,ܗܢܐ,,,,Peshitta,PESH
5,Deuteronomy,4,32,Deuteronomy 4:32,25,ܦܬܓܡܐ,,,,Peshitta,PESH
5,Deuteronomy,4,32,Deuteronomy 4:32,26,ܪܒܐ,,,,Peshitta,PESH
5,Deuteronomy,4,32,Deuteronomy 4:32,27,ܐܘ,,,,Peshitta,PESH
5,Deuteronomy,4,32,Deuteronomy 4:32,28,ܐܫܬܡܥ,,,,Peshitta,PESH
5,Deuteronomy,4,32,Deuteronomy 4:32,29,ܐܟܘܬܗ,,,,Peshitta,PESH
5,Deuteronomy,4,33,Deuteronomy 4:33,1,ܐܢ,,,,Peshitta,PESH
5,Deuteronomy,4,33,Deuteronomy 4:33,2,ܫܡܥ,,,,Peshitta,PESH
5,Deuteronomy,4,33,Deuteronomy 4:33,3,ܥܡܐ,,,,Peshitta,PESH
5,Deuteronomy,4,33,Deuteronomy 4:33,4,ܐܚܪܢܐ,,,,Peshitta,PESH
5,Deuteronomy,4,33,Deuteronomy 4:33,5,ܩܠܗ,,,,Peshitta,PESH
5,Deuteronomy,4,33,Deuteronomy 4:33,6,ܕܐܠܗܐ,,,,Peshitta,PESH
5,Deuteronomy,4,33,Deuteronomy 4:33,7,ܕܡܡܠܠ,,,,Peshitta,PESH
5,Deuteronomy,4,33,Deuteronomy 4:33,8,ܡܢ,,,,Peshitta,PESH
5,Deuteronomy,4,33,Deuteronomy 4:33,9,ܓܘ,,,,Peshitta,PESH
5,Deuteronomy,4,33,Deuteronomy 4:33,10,ܢܘܪܐ,,,,Peshitta,PESH
5,Deuteronomy,4,33,Deuteronomy 4:33,11,ܐܝܟ,,,,Peshitta,PESH
5,Deuteronomy,4,33,Deuteronomy 4:33,12,ܕܫܡܥܬܘܢ,,,,Peshitta,PESH
5,Deuteronomy,4,33,Deuteronomy 4:33,13,ܐܢܬܘܢ,,,,Peshitta,PESH
5,Deuteronomy,4,33,Deuteronomy 4:33,14,ܘܚܝܝܬܘܢ,,,,Peshitta,PESH
5,Deuteronomy,4,34,Deuteronomy 4:34,1,ܐܘ,,,,Peshitta,PESH
5,Deuteronomy,4,34,Deuteronomy 4:34,2,ܢܣܝܘ,,,,Peshitta,PESH
5,Deuteronomy,4,34,Deuteronomy 4:34,3,ܠܐܠܗܐ,,,,Peshitta,PESH
5,Deuteronomy,4,34,Deuteronomy 4:34,4,ܕܐܙܠ,,,,Peshitta,PESH
5,Deuteronomy,4,34,Deuteronomy 4:34,5,ܘܢܣܒ,,,,Peshitta,PESH
5,Deuteronomy,4,34,Deuteronomy 4:34,6,ܠܗ,,,,Peshitta,PESH
5,Deuteronomy,4,34,Deuteronomy 4:34,7,ܥܡܐ,,,,Peshitta,PESH
5,Deuteronomy,4,34,Deuteronomy 4:34,8,ܡܢ,,,,Peshitta,PESH
5,Deuteronomy,4,34,Deuteronomy 4:34,9,ܓܘ,,,,Peshitta,PESH
5,Deuteronomy,4,34,Deuteronomy 4:34,10,ܥܡܐ,,,,Peshitta,PESH
5,Deuteronomy,4,34,Deuteronomy 4:34,11,ܒܢ̈ܣܝܘܢܐ,,,,Peshitta,PESH
5,Deuteronomy,4,34,Deuteronomy 4:34,12,ܘܒܐ̈ܬܘܬܐ,,,,Peshitta,PESH
5,Deuteronomy,4,34,Deuteronomy 4:34,13,ܘܒܬܕܡܪ̈ܬܐ,,,,Peshitta,PESH
5,Deuteronomy,4,34,Deuteronomy 4:34,14,ܘܒܩܪ̈ܒܐ,,,,Peshitta,PESH
5,Deuteronomy,4,34,Deuteronomy 4:34,15,ܘܒܐܝܕܐ,,,,Peshitta,PESH
5,Deuteronomy,4,34,Deuteronomy 4:34,16,ܬܩܝܦܬܐ,,,,Peshitta,PESH
5,Deuteronomy,4,34,Deuteronomy 4:34,17,ܘܒܕܪܥܐ,,,,Peshitta,PESH
5,Deuteronomy,4,34,Deuteronomy 4:34,18,ܪܡܐ,,,,Peshitta,PESH
5,Deuteronomy,4,34,Deuteronomy 4:34,19,ܘܒܚ̈ܙܘܢܐ,,,,Peshitta,PESH
5,Deuteronomy,4,34,Deuteronomy 4:34,20,ܪ̈ܘܪܒܐ,,,,Peshitta,PESH
5,Deuteronomy,4,34,Deuteronomy 4:34,21,ܟܠ,,,,Peshitta,PESH
5,Deuteronomy,4,34,Deuteronomy 4:34,22,ܕܥܒܕ,,,,Peshitta,PESH
5,Deuteronomy,4,34,Deuteronomy 4:34,23,ܡܪܝܐ,,,,Peshitta,PESH
5,Deuteronomy,4,34,Deuteronomy 4:34,24,ܐܠܗܟܘܢ,,,,Peshitta,PESH
5,Deuteronomy,4,34,Deuteronomy 4:34,25,ܠܡܨܪ̈ܝܐ,,,,Peshitta,PESH
5,Deuteronomy,4,34,Deuteronomy 4:34,26,ܠܥܢ̈ܝܟܘܢ,,,,Peshitta,PESH
5,Deuteronomy,4,35,Deuteronomy 4:35,1,ܐܢܬܘܢ,,,,Peshitta,PESH
5,Deuteronomy,4,35,Deuteronomy 4:35,2,ܚܙܝ̣ܬܘܢ,,,,Peshitta,PESH
5,Deuteronomy,4,35,Deuteronomy 4:35,3,ܘܝܕܥܬܘܢ,,,,Peshitta,PESH
5,Deuteronomy,4,35,Deuteronomy 4:35,4,ܕܡܪܝܐ,,,,Peshitta,PESH
5,Deuteronomy,4,35,Deuteronomy 4:35,5,ܗܘ,,,,Peshitta,PESH
5,Deuteronomy,4,35,Deuteronomy 4:35,6,ܐܠܗܐ,,,,Peshitta,PESH
5,Deuteronomy,4,35,Deuteronomy 4:35,7,ܘܠܝܬ,,,,Peshitta,PESH
5,Deuteronomy,4,35,Deuteronomy 4:35,8,ܬܘܒ,,,,Peshitta,PESH
5,Deuteronomy,4,35,Deuteronomy 4:35,9,ܠܒܪ,,,,Peshitta,PESH
5,Deuteronomy,4,35,Deuteronomy 4:35,10,ܡܢܗ,,,,Peshitta,PESH
5,Deuteronomy,4,36,Deuteronomy 4:36,1,ܡܢ,,,,Peshitta,PESH
5,Deuteronomy,4,36,Deuteronomy 4:36,2,ܫܡܝܐ,,,,Peshitta,PESH
5,Deuteronomy,4,36,Deuteronomy 4:36,3,ܐܫܡܥܟܘܢ,,,,Peshitta,PESH
5,Deuteronomy,4,36,Deuteronomy 4:36,4,ܩܠܗ,,,,Peshitta,PESH
5,Deuteronomy,4,36,Deuteronomy 4:36,5,ܠܡܠܦܘܬܟܘܢ,,,,Peshitta,PESH
5,Deuteronomy,4,36,Deuteronomy 4:36,6,ܘܥܠ,,,,Peshitta,PESH
5,Deuteronomy,4,36,Deuteronomy 4:36,7,ܐܪܥܐ,,,,Peshitta,PESH
5,Deuteronomy,4,36,Deuteronomy 4:36,8,ܚܘܝܟܘܢ,,,,Peshitta,PESH
5,Deuteronomy,4,36,Deuteronomy 4:36,9,ܢܘܪܗ,,,,Peshitta,PESH
5,Deuteronomy,4,36,Deuteronomy 4:36,10,ܪܒܬܐ,,,,Peshitta,PESH
5,Deuteronomy,4,36,Deuteronomy 4:36,11,ܘܦܬ̈ܓܡܘܗܝ,,,,Peshitta,PESH
5,Deuteronomy,4,36,Deuteronomy 4:36,12,ܐܫܡܥܟܘܢ,,,,Peshitta,PESH
5,Deuteronomy,4,36,Deuteronomy 4:36,13,ܡܢ,,,,Peshitta,PESH
5,Deuteronomy,4,36,Deuteronomy 4:36,14,ܓܘ,,,,Peshitta,PESH
5,Deuteronomy,4,36,Deuteronomy 4:36,15,ܢܘܪܐ,,,,Peshitta,PESH
5,Deuteronomy,4,37,Deuteronomy 4:37,1,ܘܒܕܪܚܡ,,,,Peshitta,PESH
5,Deuteronomy,4,37,Deuteronomy 4:37,2,ܠܐ̈ܒܗܝܟܘܢ,,,,Peshitta,PESH
5,Deuteronomy,4,37,Deuteronomy 4:37,3,ܓܒܐ,,,,Peshitta,PESH
5,Deuteronomy,4,37,Deuteronomy 4:37,4,ܠܙܪܥܗܘܢ,,,,Peshitta,PESH
5,Deuteronomy,4,37,Deuteronomy 4:37,5,ܒܬܪܗܘܢ,,,,Peshitta,PESH
5,Deuteronomy,4,37,Deuteronomy 4:37,6,ܘܐܦܩܟܘܢ,,,,Peshitta,PESH
5,Deuteronomy,4,37,Deuteronomy 4:37,7,ܒܦܪܨܘܦܗ,,,,Peshitta,PESH
5,Deuteronomy,4,37,Deuteronomy 4:37,8,ܒܚܝܠܐ,,,,Peshitta,PESH
5,Deuteronomy,4,37,Deuteronomy 4:37,9,ܪܒܐ,,,,Peshitta,PESH
5,Deuteronomy,4,37,Deuteronomy 4:37,10,ܡܢ,,,,Peshitta,PESH
5,Deuteronomy,4,37,Deuteronomy 4:37,11,ܡܨܪܝܢ,,,,Peshitta,PESH
5,Deuteronomy,4,38,Deuteronomy 4:38,1,ܠܡܘܒܕܘ,,,,Peshitta,PESH
5,Deuteronomy,4,38,Deuteronomy 4:38,2,ܡܢ,,,,Peshitta,PESH
5,Deuteronomy,4,38,Deuteronomy 4:38,3,ܩܕܡܝܟܘܢ,,,,Peshitta,PESH
5,Deuteronomy,4,38,Deuteronomy 4:38,4,ܥܡ̈ܡܐ,,,,Peshitta,PESH
5,Deuteronomy,4,38,Deuteronomy 4:38,5,ܕܪ̈ܘܪܒܝܢ,,,,Peshitta,PESH
5,Deuteronomy,4,38,Deuteronomy 4:38,6,ܘܥܫܝ̈ܢܝܢ,,,,Peshitta,PESH
5,Deuteronomy,4,38,Deuteronomy 4:38,7,ܡܢܟܘܢ,,,,Peshitta,PESH
5,Deuteronomy,4,38,Deuteronomy 4:38,8,ܕܢܥܠܟܘܢ,,,,Peshitta,PESH
5,Deuteronomy,4,38,Deuteronomy 4:38,9,ܘܢܬܠ,,,,Peshitta,PESH
5,Deuteronomy,4,38,Deuteronomy 4:38,10,ܠܟܘܢ,,,,Peshitta,PESH
5,Deuteronomy,4,38,Deuteronomy 4:38,11,ܐܪܥܗܘܢ,,,,Peshitta,PESH
5,Deuteronomy,4,38,Deuteronomy 4:38,12,ܝܘܪܬܢܐ,,,,Peshitta,PESH
5,Deuteronomy,4,38,Deuteronomy 4:38,13,ܐܝܟ,,,,Peshitta,PESH
5,Deuteronomy,4,38,Deuteronomy 4:38,14,ܕܝܘܡܢܐ,,,,Peshitta,PESH
5,Deuteronomy,4,39,Deuteronomy 4:39,1,ܘܬܕܥܘܢ,,,,Peshitta,PESH
5,Deuteronomy,4,39,Deuteronomy 4:39,2,ܝܘܡܢܐ,,,,Peshitta,PESH
5,Deuteronomy,4,39,Deuteronomy 4:39,3,ܘܬܦܢܘܢ,,,,Peshitta,PESH
5,Deuteronomy,4,39,Deuteronomy 4:39,4,ܠܒܟܘܢ,,,,Peshitta,PESH
5,Deuteronomy,4,39,Deuteronomy 4:39,5,ܡܛܠ,,,,Peshitta,PESH
5,Deuteronomy,4,39,Deuteronomy 4:39,6,ܕܡܪܝܐ,,,,Peshitta,PESH
5,Deuteronomy,4,39,Deuteronomy 4:39,7,ܗܘ,,,,Peshitta,PESH
5,Deuteronomy,4,39,Deuteronomy 4:39,8,ܐܠܗܐ,,,,Peshitta,PESH
5,Deuteronomy,4,39,Deuteronomy 4:39,9,ܒܫܡܝܐ,,,,Peshitta,PESH
5,Deuteronomy,4,39,Deuteronomy 4:39,10,ܡܢ,,,,Peshitta,PESH
5,Deuteronomy,4,39,Deuteronomy 4:39,11,ܠܥܠ,,,,Peshitta,PESH
5,Deuteronomy,4,39,Deuteronomy 4:39,12,ܘܥܠ,,,,Peshitta,PESH
5,Deuteronomy,4,39,Deuteronomy 4:39,13,ܐܪܥܐ,,,,Peshitta,PESH
5,Deuteronomy,4,39,Deuteronomy 4:39,14,ܡܢ,,,,Peshitta,PESH
5,Deuteronomy,4,39,Deuteronomy 4:39,15,ܠܬܚܬ,,,,Peshitta,PESH
5,Deuteronomy,4,39,Deuteronomy 4:39,16,ܘܠܝܬ,,,,Peshitta,PESH
5,Deuteronomy,4,39,Deuteronomy 4:39,17,ܬܘܒ,,,,Peshitta,PESH
5,Deuteronomy,4,39,Deuteronomy 4:39,18,ܠܒܪ,,,,Peshitta,PESH
5,Deuteronomy,4,39,Deuteronomy 4:39,19,ܡܢܗ,,,,Peshitta,PESH
5,Deuteronomy,4,40,Deuteronomy 4:40,1,ܛܪܘ,,,,Peshitta,PESH
5,Deuteronomy,4,40,Deuteronomy 4:40,2,ܢܡ̈ܘܣܘܗܝ,,,,Peshitta,PESH
5,Deuteronomy,4,40,Deuteronomy 4:40,3,ܘܦܘܩ̈ܕܢܘܗܝ,,,,Peshitta,PESH
5,Deuteronomy,4,40,Deuteronomy 4:40,4,ܕܡܦܩܕ,,,,Peshitta,PESH
5,Deuteronomy,4,40,Deuteronomy 4:40,5,ܐܢܐ,,,,Peshitta,PESH
5,Deuteronomy,4,40,Deuteronomy 4:40,6,ܠܟܘܢ,,,,Peshitta,PESH
5,Deuteronomy,4,40,Deuteronomy 4:40,7,ܝܘܡܢܐ,,,,Peshitta,PESH
5,Deuteronomy,4,40,Deuteronomy 4:40,8,ܕܢܛܐܒ,,,,Peshitta,PESH
5,Deuteronomy,4,40,Deuteronomy 4:40,9,ܠܟܘܢ,,,,Peshitta,PESH
5,Deuteronomy,4,40,Deuteronomy 4:40,10,ܘܠܒܢ̈ܝܟܘܢ,,,,Peshitta,PESH
5,Deuteronomy,4,40,Deuteronomy 4:40,11,ܒܬܪܟܘܢ,,,,Peshitta,PESH
5,Deuteronomy,4,40,Deuteronomy 4:40,12,ܘܬܣܓܘܢ,,,,Peshitta,PESH
5,Deuteronomy,4,40,Deuteronomy 4:40,13,ܝܘܡ̈ܬܐ,,,,Peshitta,PESH
5,Deuteronomy,4,40,Deuteronomy 4:40,14,ܒܐܪܥܐ,,,,Peshitta,PESH
5,Deuteronomy,4,40,Deuteronomy 4:40,15,ܕܝ̇ܗܒ,,,,Peshitta,PESH
5,Deuteronomy,4,40,Deuteronomy 4:40,16,ܠܟܘܢ,,,,Peshitta,PESH
5,Deuteronomy,4,40,Deuteronomy 4:40,17,ܡܪܝܐ,,,,Peshitta,PESH
5,Deuteronomy,4,40,Deuteronomy 4:40,18,ܐܠܗܟܘܢ,,,,Peshitta,PESH
5,Deuteronomy,4,40,Deuteronomy 4:40,19,ܟܠܗܘܢ,,,,Peshitta,PESH
5,Deuteronomy,4,40,Deuteronomy 4:40,20,ܝܘܡ̈ܬܐ,,,,Peshitta,PESH
5,Deuteronomy,4,41,Deuteronomy 4:41,1,ܗ̇ܝ,,,,Peshitta,PESH
5,Deuteronomy,4,41,Deuteronomy 4:41,2,ܕܝܢ,,,,Peshitta,PESH
5,Deuteronomy,4,41,Deuteronomy 4:41,3,ܦܪܫ,,,,Peshitta,PESH
5,Deuteronomy,4,41,Deuteronomy 4:41,4,ܡܘܫܐ,,,,Peshitta,PESH
5,Deuteronomy,4,41,Deuteronomy 4:41,5,ܬܠܬ,,,,Peshitta,PESH
5,Deuteronomy,4,41,Deuteronomy 4:41,6,ܩܘܪ̈ܝܐ,,,,Peshitta,PESH
5,Deuteronomy,4,41,Deuteronomy 4:41,7,ܒܥܒܪܐ,,,,Peshitta,PESH
5,Deuteronomy,4,41,Deuteronomy 4:41,8,ܕܝܘܪܕܢܢ,,,,Peshitta,PESH
5,Deuteronomy,4,41,Deuteronomy 4:41,9,ܡܢ,,,,Peshitta,PESH
5,Deuteronomy,4,41,Deuteronomy 4:41,10,ܡܕܢܚ̈ܝ,,,,Peshitta,PESH
5,Deuteronomy,4,41,Deuteronomy 4:41,11,ܫܡܫܐ,,,,Peshitta,PESH
5,Deuteronomy,4,42,Deuteronomy 4:42,1,ܕܢܥܪܘܩ,,,,Peshitta,PESH
5,Deuteronomy,4,42,Deuteronomy 4:42,2,ܠܬܡܢ,,,,Peshitta,PESH
5,Deuteronomy,4,42,Deuteronomy 4:42,3,ܩ̇ܛܘܠܐ,,,,Peshitta,PESH
5,Deuteronomy,4,42,Deuteronomy 4:42,4,ܕܢܩܛܘܠ,,,,Peshitta,PESH
5,Deuteronomy,4,42,Deuteronomy 4:42,5,ܠܚܒܪܗ,,,,Peshitta,PESH
5,Deuteronomy,4,42,Deuteronomy 4:42,6,ܕܠܐ,,,,Peshitta,PESH
5,Deuteronomy,4,42,Deuteronomy 4:42,7,ܒܨܒܝܢܗ,,,,Peshitta,PESH
5,Deuteronomy,4,42,Deuteronomy 4:42,8,ܘܠܐ,,,,Peshitta,PESH
5,Deuteronomy,4,42,Deuteronomy 4:42,9,ܣ̇ܢܐ,,,,Peshitta,PESH
5,Deuteronomy,4,42,Deuteronomy 4:42,10,ܗܘܐ,,,,Peshitta,PESH
5,Deuteronomy,4,42,Deuteronomy 4:42,11,ܠܗ,,,,Peshitta,PESH
5,Deuteronomy,4,42,Deuteronomy 4:42,12,ܡܢ,,,,Peshitta,PESH
5,Deuteronomy,4,42,Deuteronomy 4:42,13,ܐܬܡܠܝ,,,,Peshitta,PESH
5,Deuteronomy,4,42,Deuteronomy 4:42,14,ܘܡܢ,,,,Peshitta,PESH
5,Deuteronomy,4,42,Deuteronomy 4:42,15,ܡܢܬܡܠܝ,,,,Peshitta,PESH
5,Deuteronomy,4,42,Deuteronomy 4:42,16,ܘܢܥܪܘܩ,,,,Peshitta,PESH
5,Deuteronomy,4,42,Deuteronomy 4:42,17,ܠܚܕܐ,,,,Peshitta,PESH
5,Deuteronomy,4,42,Deuteronomy 4:42,18,ܡܢ,,,,Peshitta,PESH
5,Deuteronomy,4,42,Deuteronomy 4:42,19,ܗܠܝܢ,,,,Peshitta,PESH
5,Deuteronomy,4,42,Deuteronomy 4:42,20,ܩܘܪ̈ܝܐ,,,,Peshitta,PESH
5,Deuteronomy,4,42,Deuteronomy 4:42,21,ܘܢܚܐ,,,,Peshitta,PESH
5,Deuteronomy,4,43,Deuteronomy 4:43,1,ܚܕܐ,,,,Peshitta,PESH
5,Deuteronomy,4,43,Deuteronomy 4:43,2,ܡܢܗܝܢ,,,,Peshitta,PESH
5,Deuteronomy,4,43,Deuteronomy 4:43,3,ܒܘܨܪ,,,,Peshitta,PESH
5,Deuteronomy,4,43,Deuteronomy 4:43,4,ܕܒܡܕܒܪܐ,,,,Peshitta,PESH
5,Deuteronomy,4,43,Deuteronomy 4:43,5,ܒܐܪܥܐ,,,,Peshitta,PESH
5,Deuteronomy,4,43,Deuteronomy 4:43,6,ܕܦܩܥܬܐ,,,,Peshitta,PESH
5,Deuteronomy,4,43,Deuteronomy 4:43,7,ܕܪܘܒܝܠ,,,,Peshitta,PESH
5,Deuteronomy,4,43,Deuteronomy 4:43,8,ܘܐܚܪܬܐ,,,,Peshitta,PESH
5,Deuteronomy,4,43,Deuteronomy 4:43,9,ܪܡܬ,,,,Peshitta,PESH
5,Deuteronomy,4,43,Deuteronomy 4:43,10,ܓܠܥܕ,,,,Peshitta,PESH
5,Deuteronomy,4,43,Deuteronomy 4:43,11,ܕܓܕ,,,,Peshitta,PESH
5,Deuteronomy,4,43,Deuteronomy 4:43,12,ܘܓܘܠܢ,,,,Peshitta,PESH
5,Deuteronomy,4,43,Deuteronomy 4:43,13,ܕܒܡܬܢܝܢ,,,,Peshitta,PESH
5,Deuteronomy,4,43,Deuteronomy 4:43,14,ܕܡܢܫܐ,,,,Peshitta,PESH
5,Deuteronomy,4,44,Deuteronomy 4:44,1,ܗܢܐ,,,,Peshitta,PESH
5,Deuteronomy,4,44,Deuteronomy 4:44,2,ܢܡܘܣܐ,,,,Peshitta,PESH
5,Deuteronomy,4,44,Deuteronomy 4:44,3,ܕܣܡ,,,,Peshitta,PESH
5,Deuteronomy,4,44,Deuteronomy 4:44,4,ܡܘܫܐ,,,,Peshitta,PESH
5,Deuteronomy,4,44,Deuteronomy 4:44,5,ܩܕܡ,,,,Peshitta,PESH
5,Deuteronomy,4,44,Deuteronomy 4:44,6,ܒܢ̈ܝ,,,,Peshitta,PESH
5,Deuteronomy,4,44,Deuteronomy 4:44,7,ܐܝܣܪܝܠ,,,,Peshitta,PESH
5,Deuteronomy,4,45,Deuteronomy 4:45,1,ܗܠܝܢ,,,,Peshitta,PESH
5,Deuteronomy,4,45,Deuteronomy 4:45,2,ܣܗ̈ܕܘܬܐ,,,,Peshitta,PESH
5,Deuteronomy,4,45,Deuteronomy 4:45,3,ܘܢܡ̈ܘܣܐ,,,,Peshitta,PESH
5,Deuteronomy,4,45,Deuteronomy 4:45,4,ܘܕܝ̈ܢܐ,,,,Peshitta,PESH
5,Deuteronomy,4,45,Deuteronomy 4:45,5,ܕܡܠܠ,,,,Peshitta,PESH
5,Deuteronomy,4,45,Deuteronomy 4:45,6,ܡܘܫܐ,,,,Peshitta,PESH
5,Deuteronomy,4,45,Deuteronomy 4:45,7,ܥܡ,,,,Peshitta,PESH
5,Deuteronomy,4,45,Deuteronomy 4:45,8,ܒܢ̈ܝ,,,,Peshitta,PESH
5,Deuteronomy,4,45,Deuteronomy 4:45,9,ܐܝܣܪܝܠ,,,,Peshitta,PESH
5,Deuteronomy,4,45,Deuteronomy 4:45,10,ܟܕ,,,,Peshitta,PESH
5,Deuteronomy,4,45,Deuteronomy 4:45,11,ܢܦܩܘ,,,,Peshitta,PESH
5,Deuteronomy,4,45,Deuteronomy 4:45,12,ܡܢ,,,,Peshitta,PESH
5,Deuteronomy,4,45,Deuteronomy 4:45,13,ܡܨܪܝܢ,,,,Peshitta,PESH
5,Deuteronomy,4,46,Deuteronomy 4:46,1,ܒܥܒܪܐ,,,,Peshitta,PESH
5,Deuteronomy,4,46,Deuteronomy 4:46,2,ܕܝܘܪܕܢܢ,,,,Peshitta,PESH
5,Deuteronomy,4,46,Deuteronomy 4:46,3,ܒܢܚܠܐ,,,,Peshitta,PESH
5,Deuteronomy,4,46,Deuteronomy 4:46,4,ܠܘܩܒܠ,,,,Peshitta,PESH
5,Deuteronomy,4,46,Deuteronomy 4:46,5,ܒܝܬ,,,,Peshitta,PESH
5,Deuteronomy,4,46,Deuteronomy 4:46,6,ܦܥܘܪ,,,,Peshitta,PESH
5,Deuteronomy,4,46,Deuteronomy 4:46,7,ܒܐܪܥܐ,,,,Peshitta,PESH
5,Deuteronomy,4,46,Deuteronomy 4:46,8,ܕܣܝܚܘܢ,,,,Peshitta,PESH
5,Deuteronomy,4,46,Deuteronomy 4:46,9,ܡܠܟܐ,,,,Peshitta,PESH
5,Deuteronomy,4,46,Deuteronomy 4:46,10,ܕܐܡܘܪ̈ܝܐ,,,,Peshitta,PESH
5,Deuteronomy,4,46,Deuteronomy 4:46,11,ܕܝ̇ܬܒ,,,,Peshitta,PESH
5,Deuteronomy,4,46,Deuteronomy 4:46,12,ܗܘܐ,,,,Peshitta,PESH
5,Deuteronomy,4,46,Deuteronomy 4:46,13,ܒܚܫܒܘܢ,,,,Peshitta,PESH
5,Deuteronomy,4,46,Deuteronomy 4:46,14,ܕܩܛܠܗ,,,,Peshitta,PESH
5,Deuteronomy,4,46,Deuteronomy 4:46,15,ܡܘܫܐ,,,,Peshitta,PESH
5,Deuteronomy,4,46,Deuteronomy 4:46,16,ܘܒܢ̈ܝ,,,,Peshitta,PESH
5,Deuteronomy,4,46,Deuteronomy 4:46,17,ܐܝܣܪܝܠ,,,,Peshitta,PESH
5,Deuteronomy,4,46,Deuteronomy 4:46,18,ܟܕ,,,,Peshitta,PESH
5,Deuteronomy,4,46,Deuteronomy 4:46,19,ܢܦܩܘ,,,,Peshitta,PESH
5,Deuteronomy,4,46,Deuteronomy 4:46,20,ܡܢ,,,,Peshitta,PESH
5,Deuteronomy,4,46,Deuteronomy 4:46,21,ܡܨܪܝܢ,,,,Peshitta,PESH
5,Deuteronomy,4,47,Deuteronomy 4:47,1,ܘܝܪܬܘ,,,,Peshitta,PESH
5,Deuteronomy,4,47,Deuteronomy 4:47,2,ܐܪܥܗ,,,,Peshitta,PESH
5,Deuteronomy,4,47,Deuteronomy 4:47,3,ܘܐܪܥܐ,,,,Peshitta,PESH
5,Deuteronomy,4,47,Deuteronomy 4:47,4,ܕܥܘܓ,,,,Peshitta,PESH
5,Deuteronomy,4,47,Deuteronomy 4:47,5,ܡܠܟܐ,,,,Peshitta,PESH
5,Deuteronomy,4,47,Deuteronomy 4:47,6,ܕܡܬܢܝܢ,,,,Peshitta,PESH
5,Deuteronomy,4,47,Deuteronomy 4:47,7,ܬܪ̈ܝܢ,,,,Peshitta,PESH
5,Deuteronomy,4,47,Deuteronomy 4:47,8,ܡ̈ܠܟܐ,,,,Peshitta,PESH
5,Deuteronomy,4,47,Deuteronomy 4:47,9,ܕܐܡܘܪ̈ܝܐ,,,,Peshitta,PESH
5,Deuteronomy,4,47,Deuteronomy 4:47,10,ܕܒܥܒܪܐ,,,,Peshitta,PESH
5,Deuteronomy,4,47,Deuteronomy 4:47,11,ܕܝܘܪܕܢܢ,,,,Peshitta,PESH
5,Deuteronomy,4,47,Deuteronomy 4:47,12,ܡܢ,,,,Peshitta,PESH
5,Deuteronomy,4,47,Deuteronomy 4:47,13,ܡܕܢܚ̈ܝ,,,,Peshitta,PESH
5,Deuteronomy,4,47,Deuteronomy 4:47,14,ܫܡܫܐ,,,,Peshitta,PESH
5,Deuteronomy,4,48,Deuteronomy 4:48,1,ܡܢ,,,,Peshitta,PESH
5,Deuteronomy,4,48,Deuteronomy 4:48,2,ܥܕܘܥܝܪ,,,,Peshitta,PESH
5,Deuteronomy,4,48,Deuteronomy 4:48,3,ܕܥܠ,,,,Peshitta,PESH
5,Deuteronomy,4,48,Deuteronomy 4:48,4,ܣܦܬܐ,,,,Peshitta,PESH
5,Deuteronomy,4,48,Deuteronomy 4:48,5,ܕܢܚܠܐ,,,,Peshitta,PESH
5,Deuteronomy,4,48,Deuteronomy 4:48,6,ܕܐܪܢܘܢ,,,,Peshitta,PESH
5,Deuteronomy,4,48,Deuteronomy 4:48,7,ܘܥܕܡܐ,,,,Peshitta,PESH
5,Deuteronomy,4,48,Deuteronomy 4:48,8,ܠܛܘܪܐ,,,,Peshitta,PESH
5,Deuteronomy,4,48,Deuteronomy 4:48,9,ܕܣܪܝܘܢ,,,,Peshitta,PESH
5,Deuteronomy,4,48,Deuteronomy 4:48,10,ܕܗܘܝܘ,,,,Peshitta,PESH
5,Deuteronomy,4,48,Deuteronomy 4:48,11,ܚܪܡܘܢ,,,,Peshitta,PESH
5,Deuteronomy,4,49,Deuteronomy 4:49,1,ܘܟܠܗ̇,,,,Peshitta,PESH
5,Deuteronomy,4,49,Deuteronomy 4:49,2,ܥܪܒܐ,,,,Peshitta,PESH
5,Deuteronomy,4,49,Deuteronomy 4:49,3,ܕܒܥܒܪܐ,,,,Peshitta,PESH
5,Deuteronomy,4,49,Deuteronomy 4:49,4,ܕܝܘܪܕܢܢ,,,,Peshitta,PESH
5,Deuteronomy,4,49,Deuteronomy 4:49,5,ܡܢ,,,,Peshitta,PESH
5,Deuteronomy,4,49,Deuteronomy 4:49,6,ܡܕܢܚܐ,,,,Peshitta,PESH
5,Deuteronomy,4,49,Deuteronomy 4:49,7,ܘܥܕܡܐ,,,,Peshitta,PESH
5,Deuteronomy,4,49,Deuteronomy 4:49,8,ܠܝܡܐ,,,,Peshitta,PESH
5,Deuteronomy,4,49,Deuteronomy 4:49,9,ܕܥܪܒܐ,,,,Peshitta,PESH
5,Deuteronomy,4,49,Deuteronomy 4:49,10,ܕܬܚܝܬ,,,,Peshitta,PESH
5,Deuteronomy,4,49,Deuteronomy 4:49,11,ܐܫܕܘܕ,,,,Peshitta,PESH
5,Deuteronomy,4,49,Deuteronomy 4:49,12,ܘܦܣܓܐ,,,,Peshitta,PESH
5,Deuteronomy,5,1,Deuteronomy 5:1,1,ܘܩܪܐ,,,,Peshitta,PESH
5,Deuteronomy,5,1,Deuteronomy 5:1,2,ܡܘܫܐ,,,,Peshitta,PESH
5,Deuteronomy,5,1,Deuteronomy 5:1,3,ܠܟܠܗ,,,,Peshitta,PESH
5,Deuteronomy,5,1,Deuteronomy 5:1,4,ܐܝܣܪܝܠ,,,,Peshitta,PESH
5,Deuteronomy,5,1,Deuteronomy 5:1,5,ܘܐܡܪ,,,,Peshitta,PESH
5,Deuteronomy,5,1,Deuteronomy 5:1,6,ܠܗܘܢ,,,,Peshitta,PESH
5,Deuteronomy,5,1,Deuteronomy 5:1,7,ܫܡܥ,,,,Peshitta,PESH
5,Deuteronomy,5,1,Deuteronomy 5:1,8,ܐܝܣܪܝܠ,,,,Peshitta,PESH
5,Deuteronomy,5,1,Deuteronomy 5:1,9,ܢܡ̈ܘܣܐ,,,,Peshitta,PESH
5,Deuteronomy,5,1,Deuteronomy 5:1,10,ܘܕܝ̈ܢܐ,,,,Peshitta,PESH
5,Deuteronomy,5,1,Deuteronomy 5:1,11,ܕܐ̇ܡܪ,,,,Peshitta,PESH
5,Deuteronomy,5,1,Deuteronomy 5:1,12,ܐܢܐ,,,,Peshitta,PESH
5,Deuteronomy,5,1,Deuteronomy 5:1,13,ܩܕܡܝܟܘܢ,,,,Peshitta,PESH
5,Deuteronomy,5,1,Deuteronomy 5:1,14,ܝܘܡܢܐ,,,,Peshitta,PESH
5,Deuteronomy,5,1,Deuteronomy 5:1,15,ܕܬܐܠܦܘܢ,,,,Peshitta,PESH
5,Deuteronomy,5,1,Deuteronomy 5:1,16,ܐܢܘܢ,,,,Peshitta,PESH
5,Deuteronomy,5,1,Deuteronomy 5:1,17,ܘܬܛܪܘܢ,,,,Peshitta,PESH
5,Deuteronomy,5,1,Deuteronomy 5:1,18,ܐܢܘܢ,,,,Peshitta,PESH
5,Deuteronomy,5,1,Deuteronomy 5:1,19,ܘܬܥܒܕܘܢ,,,,Peshitta,PESH
5,Deuteronomy,5,1,Deuteronomy 5:1,20,ܐܢܘܢ,,,,Peshitta,PESH
5,Deuteronomy,5,2,Deuteronomy 5:2,1,ܡܪܝܐ,,,,Peshitta,PESH
5,Deuteronomy,5,2,Deuteronomy 5:2,2,ܐܠܗܢ,,,,Peshitta,PESH
5,Deuteronomy,5,2,Deuteronomy 5:2,3,ܐܩܝܡ,,,,Peshitta,PESH
5,Deuteronomy,5,2,Deuteronomy 5:2,4,ܥܡܢ,,,,Peshitta,PESH
5,Deuteronomy,5,2,Deuteronomy 5:2,5,ܩܝܡܐ,,,,Peshitta,PESH
5,Deuteronomy,5,2,Deuteronomy 5:2,6,ܒܚܘܪܝܒ,,,,Peshitta,PESH
5,Deuteronomy,5,3,Deuteronomy 5:3,1,ܠܐ,,,,Peshitta,PESH
5,Deuteronomy,5,3,Deuteronomy 5:3,2,ܗܘܐ,,,,Peshitta,PESH
5,Deuteronomy,5,3,Deuteronomy 5:3,3,ܥܡ,,,,Peshitta,PESH
5,Deuteronomy,5,3,Deuteronomy 5:3,4,ܐ̈ܒܗܝܢ,,,,Peshitta,PESH
5,Deuteronomy,5,3,Deuteronomy 5:3,5,ܐܩܝܡ,,,,Peshitta,PESH
5,Deuteronomy,5,3,Deuteronomy 5:3,6,ܡܪܝܐ,,,,Peshitta,PESH
5,Deuteronomy,5,3,Deuteronomy 5:3,7,ܩܝܡܐ,,,,Peshitta,PESH
5,Deuteronomy,5,3,Deuteronomy 5:3,8,ܗܢܐ,,,,Peshitta,PESH
5,Deuteronomy,5,3,Deuteronomy 5:3,9,ܐܠܐ,,,,Peshitta,PESH
5,Deuteronomy,5,3,Deuteronomy 5:3,10,ܥܡܢ,,,,Peshitta,PESH
5,Deuteronomy,5,3,Deuteronomy 5:3,11,ܚܢܢ,,,,Peshitta,PESH
5,Deuteronomy,5,3,Deuteronomy 5:3,12,ܕܗܪܟܐ,,,,Peshitta,PESH
5,Deuteronomy,5,3,Deuteronomy 5:3,13,ܚܢܢ,,,,Peshitta,PESH
5,Deuteronomy,5,3,Deuteronomy 5:3,14,ܝܘܡܢܐ,,,,Peshitta,PESH
5,Deuteronomy,5,3,Deuteronomy 5:3,15,ܘܟܠܢ,,,,Peshitta,PESH
5,Deuteronomy,5,3,Deuteronomy 5:3,16,ܚܝ̈ܝܢ,,,,Peshitta,PESH
5,Deuteronomy,5,3,Deuteronomy 5:3,17,ܚܢܢ,,,,Peshitta,PESH
5,Deuteronomy,5,4,Deuteronomy 5:4,1,ܐ̈ܦܝܢ,,,,Peshitta,PESH
5,Deuteronomy,5,4,Deuteronomy 5:4,2,ܠܘܩܒܠ,,,,Peshitta,PESH
5,Deuteronomy,5,4,Deuteronomy 5:4,3,ܐ̈ܦܝܢ,,,,Peshitta,PESH
5,Deuteronomy,5,4,Deuteronomy 5:4,4,ܡܠܠ,,,,Peshitta,PESH
5,Deuteronomy,5,4,Deuteronomy 5:4,5,ܡܪܝܐ,,,,Peshitta,PESH
5,Deuteronomy,5,4,Deuteronomy 5:4,6,ܥܡܟܘܢ,,,,Peshitta,PESH
5,Deuteronomy,5,4,Deuteronomy 5:4,7,ܒܛܘܪܐ,,,,Peshitta,PESH
5,Deuteronomy,5,4,Deuteronomy 5:4,8,ܡܢ,,,,Peshitta,PESH
5,Deuteronomy,5,4,Deuteronomy 5:4,9,ܓܘ,,,,Peshitta,PESH
5,Deuteronomy,5,4,Deuteronomy 5:4,10,ܢܘܪܐ,,,,Peshitta,PESH
5,Deuteronomy,5,5,Deuteronomy 5:5,1,ܘܐܢܐ,,,,Peshitta,PESH
5,Deuteronomy,5,5,Deuteronomy 5:5,2,ܩ̇ܐܡ,,,,Peshitta,PESH
5,Deuteronomy,5,5,Deuteronomy 5:5,3,ܗܘ̇ܝܬ,,,,Peshitta,PESH
5,Deuteronomy,5,5,Deuteronomy 5:5,4,ܒܝܬ,,,,Peshitta,PESH
5,Deuteronomy,5,5,Deuteronomy 5:5,5,ܡܪܝܐ,,,,Peshitta,PESH
5,Deuteronomy,5,5,Deuteronomy 5:5,6,ܘܠܟܘܢ,,,,Peshitta,PESH
5,Deuteronomy,5,5,Deuteronomy 5:5,7,ܒܙܒܢܐ,,,,Peshitta,PESH
5,Deuteronomy,5,5,Deuteronomy 5:5,8,ܗ̇ܘ,,,,Peshitta,PESH
5,Deuteronomy,5,5,Deuteronomy 5:5,9,ܕܐܚܘܝܟܘܢ,,,,Peshitta,PESH
5,Deuteronomy,5,5,Deuteronomy 5:5,10,ܦ̈ܬܓܡܘܗܝ,,,,Peshitta,PESH
5,Deuteronomy,5,5,Deuteronomy 5:5,11,ܕܡܪܝܐ,,,,Peshitta,PESH
5,Deuteronomy,5,5,Deuteronomy 5:5,12,ܐܠܗܟܘܢ,,,,Peshitta,PESH
5,Deuteronomy,5,5,Deuteronomy 5:5,13,ܟܕ,,,,Peshitta,PESH
5,Deuteronomy,5,5,Deuteronomy 5:5,14,ܕܚܠܬܘܢ,,,,Peshitta,PESH
5,Deuteronomy,5,5,Deuteronomy 5:5,15,ܡܢ,,,,Peshitta,PESH
5,Deuteronomy,5,5,Deuteronomy 5:5,16,ܩܕܡ,,,,Peshitta,PESH
5,Deuteronomy,5,5,Deuteronomy 5:5,17,ܢܘܪܐ,,,,Peshitta,PESH
5,Deuteronomy,5,5,Deuteronomy 5:5,18,ܘܠܐ,,,,Peshitta,PESH
5,Deuteronomy,5,5,Deuteronomy 5:5,19,ܣܠܩܬܘܢ,,,,Peshitta,PESH
5,Deuteronomy,5,5,Deuteronomy 5:5,20,ܠܛܘܪܐ,,,,Peshitta,PESH
5,Deuteronomy,5,5,Deuteronomy 5:5,21,ܘܐܡܪ,,,,Peshitta,PESH
5,Deuteronomy,5,6,Deuteronomy 5:6,1,ܐܢܐ,,,,Peshitta,PESH
5,Deuteronomy,5,6,Deuteronomy 5:6,2,ܐܢܐ,,,,Peshitta,PESH
5,Deuteronomy,5,6,Deuteronomy 5:6,3,ܡܪܝܐ,,,,Peshitta,PESH
5,Deuteronomy,5,6,Deuteronomy 5:6,4,ܐܠܗܟ,,,,Peshitta,PESH
5,Deuteronomy,5,6,Deuteronomy 5:6,5,ܕܐܦܩܬܟ,,,,Peshitta,PESH
5,Deuteronomy,5,6,Deuteronomy 5:6,6,ܡܢ,,,,Peshitta,PESH
5,Deuteronomy,5,6,Deuteronomy 5:6,7,ܐܪܥܐ,,,,Peshitta,PESH
5,Deuteronomy,5,6,Deuteronomy 5:6,8,ܕܡܨܪܝܢ,,,,Peshitta,PESH
5,Deuteronomy,5,6,Deuteronomy 5:6,9,ܡܢ,,,,Peshitta,PESH
5,Deuteronomy,5,6,Deuteronomy 5:6,10,ܒܝܬ,,,,Peshitta,PESH
5,Deuteronomy,5,6,Deuteronomy 5:6,11,ܥܒܕܘܬܐ,,,,Peshitta,PESH
5,Deuteronomy,5,7,Deuteronomy 5:7,1,ܠܐ,,,,Peshitta,PESH
5,Deuteronomy,5,7,Deuteronomy 5:7,2,ܢܗܘܐ,,,,Peshitta,PESH
5,Deuteronomy,5,7,Deuteronomy 5:7,3,ܠܟ,,,,Peshitta,PESH
5,Deuteronomy,5,7,Deuteronomy 5:7,4,ܐܠܗ,,,,Peshitta,PESH
5,Deuteronomy,5,7,Deuteronomy 5:7,5,ܐܚܪܝܢ,,,,Peshitta,PESH
5,Deuteronomy,5,7,Deuteronomy 5:7,6,ܠܒܪ,,,,Peshitta,PESH
5,Deuteronomy,5,7,Deuteronomy 5:7,7,ܡܢܝ,,,,Peshitta,PESH
5,Deuteronomy,5,8,Deuteronomy 5:8,1,ܠܐ,,,,Peshitta,PESH
5,Deuteronomy,5,8,Deuteronomy 5:8,2,ܬܥܒܕ,,,,Peshitta,PESH
5,Deuteronomy,5,8,Deuteronomy 5:8,3,ܠܟ,,,,Peshitta,PESH
5,Deuteronomy,5,8,Deuteronomy 5:8,4,ܟܠ,,,,Peshitta,PESH
5,Deuteronomy,5,8,Deuteronomy 5:8,5,ܨܠܡ,,,,Peshitta,PESH
5,Deuteronomy,5,8,Deuteronomy 5:8,6,ܘܟܠ,,,,Peshitta,PESH
5,Deuteronomy,5,8,Deuteronomy 5:8,7,ܕܡܘ,,,,Peshitta,PESH
5,Deuteronomy,5,8,Deuteronomy 5:8,8,ܕܐܝܬ,,,,Peshitta,PESH
5,Deuteronomy,5,8,Deuteronomy 5:8,9,ܒܫܡܝܐ,,,,Peshitta,PESH
5,Deuteronomy,5,8,Deuteronomy 5:8,10,ܡܢ,,,,Peshitta,PESH
5,Deuteronomy,5,8,Deuteronomy 5:8,11,ܠܥܠ,,,,Peshitta,PESH
5,Deuteronomy,5,8,Deuteronomy 5:8,12,ܘܕܐܝܬ,,,,Peshitta,PESH
5,Deuteronomy,5,8,Deuteronomy 5:8,13,ܒܐܪܥܐ,,,,Peshitta,PESH
5,Deuteronomy,5,8,Deuteronomy 5:8,14,ܡܢ,,,,Peshitta,PESH
5,Deuteronomy,5,8,Deuteronomy 5:8,15,ܠܬܚܬ,,,,Peshitta,PESH
5,Deuteronomy,5,8,Deuteronomy 5:8,16,ܘܕܐܝܬ,,,,Peshitta,PESH
5,Deuteronomy,5,8,Deuteronomy 5:8,17,ܒܡ̈ܝܐ,,,,Peshitta,PESH
5,Deuteronomy,5,8,Deuteronomy 5:8,18,ܠܬܚܬ,,,,Peshitta,PESH
5,Deuteronomy,5,8,Deuteronomy 5:8,19,ܡܢ,,,,Peshitta,PESH
5,Deuteronomy,5,8,Deuteronomy 5:8,20,ܐܪܥܐ,,,,Peshitta,PESH
5,Deuteronomy,5,9,Deuteronomy 5:9,1,ܠܐ,,,,Peshitta,PESH
5,Deuteronomy,5,9,Deuteronomy 5:9,2,ܬܣܓܘܕ,,,,Peshitta,PESH
5,Deuteronomy,5,9,Deuteronomy 5:9,3,ܠܗܘܢ,,,,Peshitta,PESH
5,Deuteronomy,5,9,Deuteronomy 5:9,4,ܘܠܐ,,,,Peshitta,PESH
5,Deuteronomy,5,9,Deuteronomy 5:9,5,ܬܦܠܘܚ,,,,Peshitta,PESH
5,Deuteronomy,5,9,Deuteronomy 5:9,6,ܐܢܘܢ,,,,Peshitta,PESH
5,Deuteronomy,5,9,Deuteronomy 5:9,7,ܡܛܠ,,,,Peshitta,PESH
5,Deuteronomy,5,9,Deuteronomy 5:9,8,ܕܐܢܐ,,,,Peshitta,PESH
5,Deuteronomy,5,9,Deuteronomy 5:9,9,ܐܢܐ,,,,Peshitta,PESH
5,Deuteronomy,5,9,Deuteronomy 5:9,10,ܡܪܝܐ,,,,Peshitta,PESH
5,Deuteronomy,5,9,Deuteronomy 5:9,11,ܐܠܗܟ,,,,Peshitta,PESH
5,Deuteronomy,5,9,Deuteronomy 5:9,12,ܐܠܗܐ,,,,Peshitta,PESH
5,Deuteronomy,5,9,Deuteronomy 5:9,13,ܛܢܢܐ,,,,Peshitta,PESH
5,Deuteronomy,5,9,Deuteronomy 5:9,14,ܦ̇ܪܥ,,,,Peshitta,PESH
5,Deuteronomy,5,9,Deuteronomy 5:9,15,ܚ̈ܘܒܐ,,,,Peshitta,PESH
5,Deuteronomy,5,9,Deuteronomy 5:9,16,ܕܐ̈ܒܗܐ,,,,Peshitta,PESH
5,Deuteronomy,5,9,Deuteronomy 5:9,17,ܥܠ,,,,Peshitta,PESH
5,Deuteronomy,5,9,Deuteronomy 5:9,18,ܒܢ̈ܝܐ,,,,Peshitta,PESH
5,Deuteronomy,5,9,Deuteronomy 5:9,19,ܠܬܠܬܐ,,,,Peshitta,PESH
5,Deuteronomy,5,9,Deuteronomy 5:9,20,ܘܠܐܪ̈ܒܥܐ,,,,Peshitta,PESH
5,Deuteronomy,5,9,Deuteronomy 5:9,21,ܕܪ̈ܝܢ,,,,Peshitta,PESH
5,Deuteronomy,5,9,Deuteronomy 5:9,22,ܠܣ̈ܢܐܝ,,,,Peshitta,PESH
5,Deuteronomy,5,10,Deuteronomy 5:10,1,ܘܥ̇ܒܕ,,,,Peshitta,PESH
5,Deuteronomy,5,10,Deuteronomy 5:10,2,ܐܢܐ,,,,Peshitta,PESH
5,Deuteronomy,5,10,Deuteronomy 5:10,3,ܛܝܒܘܬܐ,,,,Peshitta,PESH
5,Deuteronomy,5,10,Deuteronomy 5:10,4,ܠܐ̈ܠܦܝ,,,,Peshitta,PESH
5,Deuteronomy,5,10,Deuteronomy 5:10,5,ܕܪ̈ܐ,,,,Peshitta,PESH
5,Deuteronomy,5,10,Deuteronomy 5:10,6,ܠܪ̈ܚܡܝ,,,,Peshitta,PESH
5,Deuteronomy,5,10,Deuteronomy 5:10,7,ܘܠܢ̇ܛܪ̈ܝ,,,,Peshitta,PESH
5,Deuteronomy,5,10,Deuteronomy 5:10,8,ܦܘܩ̈ܕܢܝ,,,,Peshitta,PESH
5,Deuteronomy,5,11,Deuteronomy 5:11,1,ܠܐ,,,,Peshitta,PESH
5,Deuteronomy,5,11,Deuteronomy 5:11,2,ܬܐܡܐ,,,,Peshitta,PESH
5,Deuteronomy,5,11,Deuteronomy 5:11,3,ܒܫܡܗ,,,,Peshitta,PESH
5,Deuteronomy,5,11,Deuteronomy 5:11,4,ܕܡܪܝܐ,,,,Peshitta,PESH
5,Deuteronomy,5,11,Deuteronomy 5:11,5,ܐܠܗܟ,,,,Peshitta,PESH
5,Deuteronomy,5,11,Deuteronomy 5:11,6,ܒܕܓܠܘܬܐ,,,,Peshitta,PESH
5,Deuteronomy,5,11,Deuteronomy 5:11,7,ܡܛܠ,,,,Peshitta,PESH
5,Deuteronomy,5,11,Deuteronomy 5:11,8,ܕܠܐ,,,,Peshitta,PESH
5,Deuteronomy,5,11,Deuteronomy 5:11,9,ܡܙܟܐ,,,,Peshitta,PESH
5,Deuteronomy,5,11,Deuteronomy 5:11,10,ܡܪܝܐ,,,,Peshitta,PESH
5,Deuteronomy,5,11,Deuteronomy 5:11,11,ܠܡ̇ܢ,,,,Peshitta,PESH
5,Deuteronomy,5,11,Deuteronomy 5:11,12,ܕܝܡ̇ܐ,,,,Peshitta,PESH
5,Deuteronomy,5,11,Deuteronomy 5:11,13,ܒܫܡܗ,,,,Peshitta,PESH
5,Deuteronomy,5,11,Deuteronomy 5:11,14,ܒܕܓܠܘܬܐ,,,,Peshitta,PESH
5,Deuteronomy,5,12,Deuteronomy 5:12,1,ܛܪ,,,,Peshitta,PESH
5,Deuteronomy,5,12,Deuteronomy 5:12,2,ܝܘܡܐ,,,,Peshitta,PESH
5,Deuteronomy,5,12,Deuteronomy 5:12,3,ܕܫܒܬܐ,,,,Peshitta,PESH
5,Deuteronomy,5,12,Deuteronomy 5:12,4,ܘܩܕܫܝܗܝ,,,,Peshitta,PESH
5,Deuteronomy,5,12,Deuteronomy 5:12,5,ܐܝܟ,,,,Peshitta,PESH
5,Deuteronomy,5,12,Deuteronomy 5:12,6,ܕܦܩܕܟ,,,,Peshitta,PESH
5,Deuteronomy,5,12,Deuteronomy 5:12,7,ܡܪܝܐ,,,,Peshitta,PESH
5,Deuteronomy,5,12,Deuteronomy 5:12,8,ܐܠܗܟ,,,,Peshitta,PESH
5,Deuteronomy,5,13,Deuteronomy 5:13,1,ܫܬܐ,,,,Peshitta,PESH
5,Deuteronomy,5,13,Deuteronomy 5:13,2,ܝܘܡ̈ܝܢ,,,,Peshitta,PESH
5,Deuteronomy,5,13,Deuteronomy 5:13,3,ܬܦܠܘܚ,,,,Peshitta,PESH
5,Deuteronomy,5,13,Deuteronomy 5:13,4,ܘܬܥܒܕ,,,,Peshitta,PESH
5,Deuteronomy,5,13,Deuteronomy 5:13,5,ܟܠ,,,,Peshitta,PESH
5,Deuteronomy,5,13,Deuteronomy 5:13,6,ܥܒ̇ܕܟ,,,,Peshitta,PESH
5,Deuteronomy,5,14,Deuteronomy 5:14,1,ܘܝܘܡܐ,,,,Peshitta,PESH
5,Deuteronomy,5,14,Deuteronomy 5:14,2,ܕܫܒܥܐ,,,,Peshitta,PESH
5,Deuteronomy,5,14,Deuteronomy 5:14,3,ܫܒܬܐ,,,,Peshitta,PESH
5,Deuteronomy,5,14,Deuteronomy 5:14,4,ܠܡܪܝܐ,,,,Peshitta,PESH
5,Deuteronomy,5,14,Deuteronomy 5:14,5,ܐܠܗܟ,,,,Peshitta,PESH
5,Deuteronomy,5,14,Deuteronomy 5:14,6,ܠܐ,,,,Peshitta,PESH
5,Deuteronomy,5,14,Deuteronomy 5:14,7,ܬܥܒܕ,,,,Peshitta,PESH
5,Deuteronomy,5,14,Deuteronomy 5:14,8,ܒܗ̇,,,,Peshitta,PESH
5,Deuteronomy,5,14,Deuteronomy 5:14,9,ܟܠ,,,,Peshitta,PESH
5,Deuteronomy,5,14,Deuteronomy 5:14,10,ܥܒ̇ܕ,,,,Peshitta,PESH
5,Deuteronomy,5,14,Deuteronomy 5:14,11,ܐܢܬ,,,,Peshitta,PESH
5,Deuteronomy,5,14,Deuteronomy 5:14,12,ܘܒܪܟ,,,,Peshitta,PESH
5,Deuteronomy,5,14,Deuteronomy 5:14,13,ܘܒܪܬܟ,,,,Peshitta,PESH
5,Deuteronomy,5,14,Deuteronomy 5:14,14,ܘܥܒܕܟ,,,,Peshitta,PESH
5,Deuteronomy,5,14,Deuteronomy 5:14,15,ܘܐܡܬܟ,,,,Peshitta,PESH
5,Deuteronomy,5,14,Deuteronomy 5:14,16,ܘܬܘܪܟ,,,,Peshitta,PESH
5,Deuteronomy,5,14,Deuteronomy 5:14,17,ܘܚܡܪܟ,,,,Peshitta,PESH
5,Deuteronomy,5,14,Deuteronomy 5:14,18,ܘܟܘܠܗ̇,,,,Peshitta,PESH
5,Deuteronomy,5,14,Deuteronomy 5:14,19,ܒܥܝܪܟ,,,,Peshitta,PESH
5,Deuteronomy,5,14,Deuteronomy 5:14,20,ܘܥܡܘܪܐ,,,,Peshitta,PESH
5,Deuteronomy,5,14,Deuteronomy 5:14,21,ܕܐܝܬ,,,,Peshitta,PESH
5,Deuteronomy,5,14,Deuteronomy 5:14,22,ܒܩܘܪ̈ܝܟ,,,,Peshitta,PESH
5,Deuteronomy,5,14,Deuteronomy 5:14,23,ܕܢܬܬܢܝܚ,,,,Peshitta,PESH
5,Deuteronomy,5,14,Deuteronomy 5:14,24,ܥܒܕܟ,,,,Peshitta,PESH
5,Deuteronomy,5,14,Deuteronomy 5:14,25,ܘܐܡܬܟ,,,,Peshitta,PESH
5,Deuteronomy,5,14,Deuteronomy 5:14,26,ܐܟܘܬܟ,,,,Peshitta,PESH
5,Deuteronomy,5,15,Deuteronomy 5:15,1,ܘܐܬܕܟܪ,,,,Peshitta,PESH
5,Deuteronomy,5,15,Deuteronomy 5:15,2,ܕܥܒܕܐ,,,,Peshitta,PESH
5,Deuteronomy,5,15,Deuteronomy 5:15,3,ܗܘܝܬ,,,,Peshitta,PESH
5,Deuteronomy,5,15,Deuteronomy 5:15,4,ܒܡܨܪܝܢ,,,,Peshitta,PESH
5,Deuteronomy,5,15,Deuteronomy 5:15,5,ܘܐܦܩܟ,,,,Peshitta,PESH
5,Deuteronomy,5,15,Deuteronomy 5:15,6,ܡܪܝܐ,,,,Peshitta,PESH
5,Deuteronomy,5,15,Deuteronomy 5:15,7,ܐܠܗܟ,,,,Peshitta,PESH
5,Deuteronomy,5,15,Deuteronomy 5:15,8,ܡܢ,,,,Peshitta,PESH
5,Deuteronomy,5,15,Deuteronomy 5:15,9,ܬܡܢ,,,,Peshitta,PESH
5,Deuteronomy,5,15,Deuteronomy 5:15,10,ܒܐܝܕܐ,,,,Peshitta,PESH
5,Deuteronomy,5,15,Deuteronomy 5:15,11,ܬܩܝܦܬܐ,,,,Peshitta,PESH
5,Deuteronomy,5,15,Deuteronomy 5:15,12,ܘܒܕܪܥܐ,,,,Peshitta,PESH
5,Deuteronomy,5,15,Deuteronomy 5:15,13,ܪܡܐ,,,,Peshitta,PESH
5,Deuteronomy,5,15,Deuteronomy 5:15,14,ܡܛܠ,,,,Peshitta,PESH
5,Deuteronomy,5,15,Deuteronomy 5:15,15,ܗܢܐ,,,,Peshitta,PESH
5,Deuteronomy,5,15,Deuteronomy 5:15,16,ܦܩܕܟ,,,,Peshitta,PESH
5,Deuteronomy,5,15,Deuteronomy 5:15,17,ܡܪܝܐ,,,,Peshitta,PESH
5,Deuteronomy,5,15,Deuteronomy 5:15,18,ܐܠܗܟ,,,,Peshitta,PESH
5,Deuteronomy,5,15,Deuteronomy 5:15,19,ܠܡܛܪ,,,,Peshitta,PESH
5,Deuteronomy,5,15,Deuteronomy 5:15,20,ܝܘܡܐ,,,,Peshitta,PESH
5,Deuteronomy,5,15,Deuteronomy 5:15,21,ܕܫܒܬܐ,,,,Peshitta,PESH
5,Deuteronomy,5,16,Deuteronomy 5:16,1,ܝܩܪ,,,,Peshitta,PESH
5,Deuteronomy,5,16,Deuteronomy 5:16,2,ܠܐܒܘܟ,,,,Peshitta,PESH
5,Deuteronomy,5,16,Deuteronomy 5:16,3,ܘܠܐܡܟ,,,,Peshitta,PESH
5,Deuteronomy,5,16,Deuteronomy 5:16,4,ܐܝܟ,,,,Peshitta,PESH
5,Deuteronomy,5,16,Deuteronomy 5:16,5,ܕܦܩܕܟ,,,,Peshitta,PESH
5,Deuteronomy,5,16,Deuteronomy 5:16,6,ܡܪܝܐ,,,,Peshitta,PESH
5,Deuteronomy,5,16,Deuteronomy 5:16,7,ܐܠܗܟ,,,,Peshitta,PESH
5,Deuteronomy,5,16,Deuteronomy 5:16,8,ܕܢܣܓܘܢ,,,,Peshitta,PESH
5,Deuteronomy,5,16,Deuteronomy 5:16,9,ܝܘܡ̈ܝܟ,,,,Peshitta,PESH
5,Deuteronomy,5,16,Deuteronomy 5:16,10,ܘܢܛܐܒ,,,,Peshitta,PESH
5,Deuteronomy,5,16,Deuteronomy 5:16,11,ܠܟ,,,,Peshitta,PESH
5,Deuteronomy,5,16,Deuteronomy 5:16,12,ܒܐܪܥܐ,,,,Peshitta,PESH
5,Deuteronomy,5,16,Deuteronomy 5:16,13,ܛܒܬܐ,,,,Peshitta,PESH
5,Deuteronomy,5,16,Deuteronomy 5:16,14,ܕܝ̇ܗܒ,,,,Peshitta,PESH
5,Deuteronomy,5,16,Deuteronomy 5:16,15,ܠܟ,,,,Peshitta,PESH
5,Deuteronomy,5,16,Deuteronomy 5:16,16,ܡܪܝܐ,,,,Peshitta,PESH
5,Deuteronomy,5,16,Deuteronomy 5:16,17,ܐܠܗܟ,,,,Peshitta,PESH
5,Deuteronomy,5,17,Deuteronomy 5:17,1,ܠܐ,,,,Peshitta,PESH
5,Deuteronomy,5,17,Deuteronomy 5:17,2,ܬܩܛܘܠ,,,,Peshitta,PESH
5,Deuteronomy,5,18,Deuteronomy 5:18,1,ܠܐ,,,,Peshitta,PESH
5,Deuteronomy,5,18,Deuteronomy 5:18,2,ܬܓܘܪ,,,,Peshitta,PESH
5,Deuteronomy,5,19,Deuteronomy 5:19,1,ܠܐ,,,,Peshitta,PESH
5,Deuteronomy,5,19,Deuteronomy 5:19,2,ܬܓܢܘܒ,,,,Peshitta,PESH
5,Deuteronomy,5,20,Deuteronomy 5:20,1,ܠܐ,,,,Peshitta,PESH
5,Deuteronomy,5,20,Deuteronomy 5:20,2,ܬܣܗܕ,,,,Peshitta,PESH
5,Deuteronomy,5,20,Deuteronomy 5:20,3,ܥܠ,,,,Peshitta,PESH
5,Deuteronomy,5,20,Deuteronomy 5:20,4,ܚܒܪܟ,,,,Peshitta,PESH
5,Deuteronomy,5,20,Deuteronomy 5:20,5,ܣܗܕܘܬܐ,,,,Peshitta,PESH
5,Deuteronomy,5,20,Deuteronomy 5:20,6,ܕܓܠܬܐ,,,,Peshitta,PESH
5,Deuteronomy,5,21,Deuteronomy 5:21,1,ܠܐ,,,,Peshitta,PESH
5,Deuteronomy,5,21,Deuteronomy 5:21,2,ܬܪܓ,,,,Peshitta,PESH
5,Deuteronomy,5,21,Deuteronomy 5:21,3,ܐܢܬܬܗ,,,,Peshitta,PESH
5,Deuteronomy,5,21,Deuteronomy 5:21,4,ܕܚܒܪܟ,,,,Peshitta,PESH
5,Deuteronomy,5,21,Deuteronomy 5:21,5,ܠܐ,,,,Peshitta,PESH
5,Deuteronomy,5,21,Deuteronomy 5:21,6,ܬܪܓ,,,,Peshitta,PESH
5,Deuteronomy,5,21,Deuteronomy 5:21,7,ܒܝܬܗ,,,,Peshitta,PESH
5,Deuteronomy,5,21,Deuteronomy 5:21,8,ܕܚܒܪܟ,,,,Peshitta,PESH
5,Deuteronomy,5,21,Deuteronomy 5:21,9,ܘܠܐ,,,,Peshitta,PESH
5,Deuteronomy,5,21,Deuteronomy 5:21,10,ܚܩܠܗ,,,,Peshitta,PESH
5,Deuteronomy,5,21,Deuteronomy 5:21,11,ܘܠܐ,,,,Peshitta,PESH
5,Deuteronomy,5,21,Deuteronomy 5:21,12,ܟܪܡܗ,,,,Peshitta,PESH
5,Deuteronomy,5,21,Deuteronomy 5:21,13,ܘܠܐ,,,,Peshitta,PESH
5,Deuteronomy,5,21,Deuteronomy 5:21,14,ܥܒܕܗ,,,,Peshitta,PESH
5,Deuteronomy,5,21,Deuteronomy 5:21,15,ܘܠܐ,,,,Peshitta,PESH
5,Deuteronomy,5,21,Deuteronomy 5:21,16,ܐܡܬܗ,,,,Peshitta,PESH
5,Deuteronomy,5,21,Deuteronomy 5:21,17,ܘܠܐ,,,,Peshitta,PESH
5,Deuteronomy,5,21,Deuteronomy 5:21,18,ܬܘܪܗ,,,,Peshitta,PESH
5,Deuteronomy,5,21,Deuteronomy 5:21,19,ܘܠܐ,,,,Peshitta,PESH
5,Deuteronomy,5,21,Deuteronomy 5:21,20,ܚܡܪܗ,,,,Peshitta,PESH
5,Deuteronomy,5,21,Deuteronomy 5:21,21,ܘܠܐ,,,,Peshitta,PESH
5,Deuteronomy,5,21,Deuteronomy 5:21,22,ܟܠ,,,,Peshitta,PESH
5,Deuteronomy,5,21,Deuteronomy 5:21,23,ܡܕܡ,,,,Peshitta,PESH
5,Deuteronomy,5,21,Deuteronomy 5:21,24,ܕܐܝܬ,,,,Peshitta,PESH
5,Deuteronomy,5,21,Deuteronomy 5:21,25,ܠܚܒܪܟ,,,,Peshitta,PESH
5,Deuteronomy,5,22,Deuteronomy 5:22,1,ܗܠܝܢ,,,,Peshitta,PESH
5,Deuteronomy,5,22,Deuteronomy 5:22,2,ܦܬ̈ܓܡܐ,,,,Peshitta,PESH
5,Deuteronomy,5,22,Deuteronomy 5:22,3,ܡܠܠ,,,,Peshitta,PESH
5,Deuteronomy,5,22,Deuteronomy 5:22,4,ܡܪܝܐ,,,,Peshitta,PESH
5,Deuteronomy,5,22,Deuteronomy 5:22,5,ܥܡ,,,,Peshitta,PESH
5,Deuteronomy,5,22,Deuteronomy 5:22,6,ܟܠܗ̇,,,,Peshitta,PESH
5,Deuteronomy,5,22,Deuteronomy 5:22,7,ܟܢܘܫܬܐ,,,,Peshitta,PESH
5,Deuteronomy,5,22,Deuteronomy 5:22,8,ܒܛܘܪܐ,,,,Peshitta,PESH
5,Deuteronomy,5,22,Deuteronomy 5:22,9,ܡܢ,,,,Peshitta,PESH
5,Deuteronomy,5,22,Deuteronomy 5:22,10,ܓܘ,,,,Peshitta,PESH
5,Deuteronomy,5,22,Deuteronomy 5:22,11,ܢܘܪܐ,,,,Peshitta,PESH
5,Deuteronomy,5,22,Deuteronomy 5:22,12,ܒܥܢܢܐ,,,,Peshitta,PESH
5,Deuteronomy,5,22,Deuteronomy 5:22,13,ܘܒܥܪܦܠܐ,,,,Peshitta,PESH
5,Deuteronomy,5,22,Deuteronomy 5:22,14,ܘܒܩܠܐ,,,,Peshitta,PESH
5,Deuteronomy,5,22,Deuteronomy 5:22,15,ܪܒܐ,,,,Peshitta,PESH
5,Deuteronomy,5,22,Deuteronomy 5:22,16,ܕܠܝܬ,,,,Peshitta,PESH
5,Deuteronomy,5,22,Deuteronomy 5:22,17,ܠܗ,,,,Peshitta,PESH
5,Deuteronomy,5,22,Deuteronomy 5:22,18,ܣܟܐ,,,,Peshitta,PESH
5,Deuteronomy,5,22,Deuteronomy 5:22,19,ܘܟܬܒ,,,,Peshitta,PESH
5,Deuteronomy,5,22,Deuteronomy 5:22,20,ܐܢܘܢ,,,,Peshitta,PESH
5,Deuteronomy,5,22,Deuteronomy 5:22,21,ܥܠ,,,,Peshitta,PESH
5,Deuteronomy,5,22,Deuteronomy 5:22,22,ܬܪ̈ܬܝܢ,,,,Peshitta,PESH
5,Deuteronomy,5,22,Deuteronomy 5:22,23,ܠܘܚ̈ܐ,,,,Peshitta,PESH
5,Deuteronomy,5,22,Deuteronomy 5:22,24,ܕܟܐܦܐ,,,,Peshitta,PESH
5,Deuteronomy,5,22,Deuteronomy 5:22,25,ܘܝܗܒ,,,,Peshitta,PESH
5,Deuteronomy,5,22,Deuteronomy 5:22,26,ܐܢܘܢ,,,,Peshitta,PESH
5,Deuteronomy,5,22,Deuteronomy 5:22,27,ܠܝ,,,,Peshitta,PESH
5,Deuteronomy,5,23,Deuteronomy 5:23,1,ܘܟܕ,,,,Peshitta,PESH
5,Deuteronomy,5,23,Deuteronomy 5:23,2,ܫܡܥܬܘܢ,,,,Peshitta,PESH
5,Deuteronomy,5,23,Deuteronomy 5:23,3,ܩܠܐ,,,,Peshitta,PESH
5,Deuteronomy,5,23,Deuteronomy 5:23,4,ܡܢ,,,,Peshitta,PESH
5,Deuteronomy,5,23,Deuteronomy 5:23,5,ܓܘ,,,,Peshitta,PESH
5,Deuteronomy,5,23,Deuteronomy 5:23,6,ܚܫܘܟܐ,,,,Peshitta,PESH
5,Deuteronomy,5,23,Deuteronomy 5:23,7,ܘܛܘܪܐ,,,,Peshitta,PESH
5,Deuteronomy,5,23,Deuteronomy 5:23,8,ܡܬܓܘܙܠ,,,,Peshitta,PESH
5,Deuteronomy,5,23,Deuteronomy 5:23,9,ܗܘܐ,,,,Peshitta,PESH
5,Deuteronomy,5,23,Deuteronomy 5:23,10,ܒܢܘܪܐ,,,,Peshitta,PESH
5,Deuteronomy,5,23,Deuteronomy 5:23,11,ܩܪܒܬܘܢ,,,,Peshitta,PESH
5,Deuteronomy,5,23,Deuteronomy 5:23,12,ܠܘܬܝ,,,,Peshitta,PESH
5,Deuteronomy,5,23,Deuteronomy 5:23,13,ܟܠܟܘܢ,,,,Peshitta,PESH
5,Deuteronomy,5,23,Deuteronomy 5:23,14,ܪ̈ܫܐ,,,,Peshitta,PESH
5,Deuteronomy,5,23,Deuteronomy 5:23,15,ܕܫ̈ܒܛܝܟܘܢ,,,,Peshitta,PESH
5,Deuteronomy,5,23,Deuteronomy 5:23,16,ܘܣ̈ܒܝܟܘܢ,,,,Peshitta,PESH
5,Deuteronomy,5,24,Deuteronomy 5:24,1,ܘܐܡܪܬܘܢ,,,,Peshitta,PESH
5,Deuteronomy,5,24,Deuteronomy 5:24,2,ܗܐ,,,,Peshitta,PESH
5,Deuteronomy,5,24,Deuteronomy 5:24,3,ܚܘܝܢ,,,,Peshitta,PESH
5,Deuteronomy,5,24,Deuteronomy 5:24,4,ܡܪܝܐ,,,,Peshitta,PESH
5,Deuteronomy,5,24,Deuteronomy 5:24,5,ܐܠܗܢ,,,,Peshitta,PESH
5,Deuteronomy,5,24,Deuteronomy 5:24,6,ܫܘܒܚܗ,,,,Peshitta,PESH
5,Deuteronomy,5,24,Deuteronomy 5:24,7,ܘܪܒܘܬܗ,,,,Peshitta,PESH
5,Deuteronomy,5,24,Deuteronomy 5:24,8,ܘܩܠܗ,,,,Peshitta,PESH
5,Deuteronomy,5,24,Deuteronomy 5:24,9,ܫܡܥܢ,,,,Peshitta,PESH
5,Deuteronomy,5,24,Deuteronomy 5:24,10,ܡܢ,,,,Peshitta,PESH
5,Deuteronomy,5,24,Deuteronomy 5:24,11,ܓܘ,,,,Peshitta,PESH
5,Deuteronomy,5,24,Deuteronomy 5:24,12,ܢܘܪܐ,,,,Peshitta,PESH
5,Deuteronomy,5,24,Deuteronomy 5:24,13,ܝܘܡܢܐ,,,,Peshitta,PESH
5,Deuteronomy,5,24,Deuteronomy 5:24,14,ܚ̣ܙܝܢ,,,,Peshitta,PESH
5,Deuteronomy,5,24,Deuteronomy 5:24,15,ܕܡܠܠ,,,,Peshitta,PESH
5,Deuteronomy,5,24,Deuteronomy 5:24,16,ܐܠܗܐ,,,,Peshitta,PESH
5,Deuteronomy,5,24,Deuteronomy 5:24,17,ܥܡ,,,,Peshitta,PESH
5,Deuteronomy,5,24,Deuteronomy 5:24,18,ܐܢܫܐ,,,,Peshitta,PESH
5,Deuteronomy,5,24,Deuteronomy 5:24,19,ܘܚܝ̣ܐ,,,,Peshitta,PESH
5,Deuteronomy,5,25,Deuteronomy 5:25,1,ܡܟܝܠ,,,,Peshitta,PESH
5,Deuteronomy,5,25,Deuteronomy 5:25,2,ܠܡܢܐ,,,,Peshitta,PESH
5,Deuteronomy,5,25,Deuteronomy 5:25,3,ܡ̇ܝܬܝܢܢ,,,,Peshitta,PESH
5,Deuteronomy,5,25,Deuteronomy 5:25,4,ܘܬܐܟܠܢ,,,,Peshitta,PESH
5,Deuteronomy,5,25,Deuteronomy 5:25,5,ܢܘܪܐ,,,,Peshitta,PESH
5,Deuteronomy,5,25,Deuteronomy 5:25,6,ܗܕܐ,,,,Peshitta,PESH
5,Deuteronomy,5,25,Deuteronomy 5:25,7,ܪܒܬܐ,,,,Peshitta,PESH
5,Deuteronomy,5,25,Deuteronomy 5:25,8,ܐܢ,,,,Peshitta,PESH
5,Deuteronomy,5,25,Deuteronomy 5:25,9,ܡܘܣܦܝܢܢ,,,,Peshitta,PESH
5,Deuteronomy,5,25,Deuteronomy 5:25,10,ܬܘܒ,,,,Peshitta,PESH
5,Deuteronomy,5,25,Deuteronomy 5:25,11,ܠܡܫܡܥ,,,,Peshitta,PESH
5,Deuteronomy,5,25,Deuteronomy 5:25,12,ܩܠܗ,,,,Peshitta,PESH
5,Deuteronomy,5,25,Deuteronomy 5:25,13,ܕܡܪܝܐ,,,,Peshitta,PESH
5,Deuteronomy,5,25,Deuteronomy 5:25,14,ܐܠܗܢ,,,,Peshitta,PESH
5,Deuteronomy,5,25,Deuteronomy 5:25,15,ܡ̇ܝܬܝܢܢ,,,,Peshitta,PESH
5,Deuteronomy,5,26,Deuteronomy 5:26,1,ܡܢܘ,,,,Peshitta,PESH
5,Deuteronomy,5,26,Deuteronomy 5:26,2,ܓܝܪ,,,,Peshitta,PESH
5,Deuteronomy,5,26,Deuteronomy 5:26,3,ܒܪ,,,,Peshitta,PESH
5,Deuteronomy,5,26,Deuteronomy 5:26,4,ܒܣܪܐ,,,,Peshitta,PESH
5,Deuteronomy,5,26,Deuteronomy 5:26,5,ܕܐܟܘܬܢ,,,,Peshitta,PESH
5,Deuteronomy,5,26,Deuteronomy 5:26,6,ܕܫܡܥ,,,,Peshitta,PESH
5,Deuteronomy,5,26,Deuteronomy 5:26,7,ܩܠܗ,,,,Peshitta,PESH
5,Deuteronomy,5,26,Deuteronomy 5:26,8,ܕܐܠܗܐ,,,,Peshitta,PESH
5,Deuteronomy,5,26,Deuteronomy 5:26,9,ܚܝܐ,,,,Peshitta,PESH
5,Deuteronomy,5,26,Deuteronomy 5:26,10,ܕܡܡܠܠ,,,,Peshitta,PESH
5,Deuteronomy,5,26,Deuteronomy 5:26,11,ܡܢ,,,,Peshitta,PESH
5,Deuteronomy,5,26,Deuteronomy 5:26,12,ܓܘ,,,,Peshitta,PESH
5,Deuteronomy,5,26,Deuteronomy 5:26,13,ܢܘܪܐ,,,,Peshitta,PESH
5,Deuteronomy,5,26,Deuteronomy 5:26,14,ܘܚܝ̣ܐ,,,,Peshitta,PESH
5,Deuteronomy,5,27,Deuteronomy 5:27,1,ܩܪܘܒ,,,,Peshitta,PESH
5,Deuteronomy,5,27,Deuteronomy 5:27,2,ܐܢܬ,,,,Peshitta,PESH
5,Deuteronomy,5,27,Deuteronomy 5:27,3,ܘܫܡܥ,,,,Peshitta,PESH
5,Deuteronomy,5,27,Deuteronomy 5:27,4,ܟܠܡܕܡ,,,,Peshitta,PESH
5,Deuteronomy,5,27,Deuteronomy 5:27,5,ܕܐ̇ܡܪ,,,,Peshitta,PESH
5,Deuteronomy,5,27,Deuteronomy 5:27,6,ܠܟ,,,,Peshitta,PESH
5,Deuteronomy,5,27,Deuteronomy 5:27,7,ܡܪܝܐ,,,,Peshitta,PESH
5,Deuteronomy,5,27,Deuteronomy 5:27,8,ܐܠܗܢ,,,,Peshitta,PESH
5,Deuteronomy,5,27,Deuteronomy 5:27,9,ܘܐܢܬ,,,,Peshitta,PESH
5,Deuteronomy,5,27,Deuteronomy 5:27,10,ܐܡ̣ܪ,,,,Peshitta,PESH
5,Deuteronomy,5,27,Deuteronomy 5:27,11,ܠܢ,,,,Peshitta,PESH
5,Deuteronomy,5,27,Deuteronomy 5:27,12,ܟܠ,,,,Peshitta,PESH
5,Deuteronomy,5,27,Deuteronomy 5:27,13,ܡܕܡ,,,,Peshitta,PESH
5,Deuteronomy,5,27,Deuteronomy 5:27,14,ܕܐܡܪ,,,,Peshitta,PESH
5,Deuteronomy,5,27,Deuteronomy 5:27,15,ܠܟ,,,,Peshitta,PESH
5,Deuteronomy,5,27,Deuteronomy 5:27,16,ܡܪܝܐ,,,,Peshitta,PESH
5,Deuteronomy,5,27,Deuteronomy 5:27,17,ܐܠܗܢ,,,,Peshitta,PESH
5,Deuteronomy,5,27,Deuteronomy 5:27,18,ܘܢܫܡܥ,,,,Peshitta,PESH
5,Deuteronomy,5,27,Deuteronomy 5:27,19,ܘܢܥܒܕ,,,,Peshitta,PESH
5,Deuteronomy,5,28,Deuteronomy 5:28,1,ܘܫܡܥ,,,,Peshitta,PESH
5,Deuteronomy,5,28,Deuteronomy 5:28,2,ܡܪܝܐ,,,,Peshitta,PESH
5,Deuteronomy,5,28,Deuteronomy 5:28,3,ܩܠܐ,,,,Peshitta,PESH
5,Deuteronomy,5,28,Deuteronomy 5:28,4,ܕܦܬ̈ܓܡܝܟܘܢ,,,,Peshitta,PESH
5,Deuteronomy,5,28,Deuteronomy 5:28,5,ܐܝܟ,,,,Peshitta,PESH
5,Deuteronomy,5,28,Deuteronomy 5:28,6,ܕܐܡܪܬܘܢ,,,,Peshitta,PESH
5,Deuteronomy,5,28,Deuteronomy 5:28,7,ܠܝ,,,,Peshitta,PESH
5,Deuteronomy,5,28,Deuteronomy 5:28,8,ܘܐܡܪ,,,,Peshitta,PESH
5,Deuteronomy,5,28,Deuteronomy 5:28,9,ܠܝ,,,,Peshitta,PESH
5,Deuteronomy,5,28,Deuteronomy 5:28,10,ܡܪܝܐ,,,,Peshitta,PESH
5,Deuteronomy,5,28,Deuteronomy 5:28,11,ܫܡ̇ܥܬ,,,,Peshitta,PESH
5,Deuteronomy,5,28,Deuteronomy 5:28,12,ܩܠܗ,,,,Peshitta,PESH
5,Deuteronomy,5,28,Deuteronomy 5:28,13,ܕܥܡܐ,,,,Peshitta,PESH
5,Deuteronomy,5,28,Deuteronomy 5:28,14,ܗܢܐ,,,,Peshitta,PESH
5,Deuteronomy,5,28,Deuteronomy 5:28,15,ܘܦܬ̈ܓܡܐ,,,,Peshitta,PESH
5,Deuteronomy,5,28,Deuteronomy 5:28,16,ܕܐܡܪܘ,,,,Peshitta,PESH
5,Deuteronomy,5,28,Deuteronomy 5:28,17,ܠܟ,,,,Peshitta,PESH
5,Deuteronomy,5,28,Deuteronomy 5:28,18,ܫܦܝܪ,,,,Peshitta,PESH
5,Deuteronomy,5,28,Deuteronomy 5:28,19,ܟܠܡܕܡ,,,,Peshitta,PESH
5,Deuteronomy,5,28,Deuteronomy 5:28,20,ܕܡܠܠܘ,,,,Peshitta,PESH
5,Deuteronomy,5,29,Deuteronomy 5:29,1,ܐܫܬܘܦ,,,,Peshitta,PESH
5,Deuteronomy,5,29,Deuteronomy 5:29,2,ܕܝܢ,,,,Peshitta,PESH
5,Deuteronomy,5,29,Deuteronomy 5:29,3,ܢܗܘܐ,,,,Peshitta,PESH
5,Deuteronomy,5,29,Deuteronomy 5:29,4,ܠܗܘܢ,,,,Peshitta,PESH
5,Deuteronomy,5,29,Deuteronomy 5:29,5,ܠܒܐ,,,,Peshitta,PESH
5,Deuteronomy,5,29,Deuteronomy 5:29,6,ܗܢܐ,,,,Peshitta,PESH
5,Deuteronomy,5,29,Deuteronomy 5:29,7,ܠܡܕܚܠ,,,,Peshitta,PESH
5,Deuteronomy,5,29,Deuteronomy 5:29,8,ܩܕܡܝ,,,,Peshitta,PESH
5,Deuteronomy,5,29,Deuteronomy 5:29,9,ܘܠܡܛܪ,,,,Peshitta,PESH
5,Deuteronomy,5,29,Deuteronomy 5:29,10,ܟܠܗܘܢ,,,,Peshitta,PESH
5,Deuteronomy,5,29,Deuteronomy 5:29,11,ܦܘܩ̈ܕܢܝ,,,,Peshitta,PESH
5,Deuteronomy,5,29,Deuteronomy 5:29,12,ܟܠܗܘܢ,,,,Peshitta,PESH
5,Deuteronomy,5,29,Deuteronomy 5:29,13,ܝܘܡ̈ܬܐ,,,,Peshitta,PESH
5,Deuteronomy,5,29,Deuteronomy 5:29,14,ܕܢܛܐܒ,,,,Peshitta,PESH
5,Deuteronomy,5,29,Deuteronomy 5:29,15,ܠܗܘܢ,,,,Peshitta,PESH
5,Deuteronomy,5,29,Deuteronomy 5:29,16,ܘܠܒܢ̈ܝܗܘܢ,,,,Peshitta,PESH
5,Deuteronomy,5,29,Deuteronomy 5:29,17,ܠܥܠܡ,,,,Peshitta,PESH
5,Deuteronomy,5,30,Deuteronomy 5:30,1,ܙܠ,,,,Peshitta,PESH
5,Deuteronomy,5,30,Deuteronomy 5:30,2,ܘܐܡܪ,,,,Peshitta,PESH
5,Deuteronomy,5,30,Deuteronomy 5:30,3,ܠܗܘܢ,,,,Peshitta,PESH
5,Deuteronomy,5,30,Deuteronomy 5:30,4,ܐܬܦܢܘ,,,,Peshitta,PESH
5,Deuteronomy,5,30,Deuteronomy 5:30,5,ܠܟܘܢ,,,,Peshitta,PESH
5,Deuteronomy,5,30,Deuteronomy 5:30,6,ܠܡܫ̈ܟܢܝܟܘܢ,,,,Peshitta,PESH
5,Deuteronomy,5,31,Deuteronomy 5:31,1,ܘܐܢܬ,,,,Peshitta,PESH
5,Deuteronomy,5,31,Deuteronomy 5:31,2,ܗܪܟܐ,,,,Peshitta,PESH
5,Deuteronomy,5,31,Deuteronomy 5:31,3,ܩܘܡ,,,,Peshitta,PESH
5,Deuteronomy,5,31,Deuteronomy 5:31,4,ܩܕܡܝ,,,,Peshitta,PESH
5,Deuteronomy,5,31,Deuteronomy 5:31,5,ܘܐ̇ܡܪ,,,,Peshitta,PESH
5,Deuteronomy,5,31,Deuteronomy 5:31,6,ܠܟ,,,,Peshitta,PESH
5,Deuteronomy,5,31,Deuteronomy 5:31,7,ܟܠܗܘܢ,,,,Peshitta,PESH
5,Deuteronomy,5,31,Deuteronomy 5:31,8,ܦܘܩ̈ܕܢܝ,,,,Peshitta,PESH
5,Deuteronomy,5,31,Deuteronomy 5:31,9,ܘܢܡ̈ܘܣܝ,,,,Peshitta,PESH
5,Deuteronomy,5,31,Deuteronomy 5:31,10,ܘܕܝ̈ܢܝ,,,,Peshitta,PESH
5,Deuteronomy,5,31,Deuteronomy 5:31,11,ܕܬܠܦ,,,,Peshitta,PESH
5,Deuteronomy,5,31,Deuteronomy 5:31,12,ܐܢܘܢ,,,,Peshitta,PESH
5,Deuteronomy,5,31,Deuteronomy 5:31,13,ܘܢܥܒܕܘܢ,,,,Peshitta,PESH
5,Deuteronomy,5,31,Deuteronomy 5:31,14,ܒܐܪܥܐ,,,,Peshitta,PESH
5,Deuteronomy,5,31,Deuteronomy 5:31,15,ܕܝ̇ܗܒ,,,,Peshitta,PESH
5,Deuteronomy,5,31,Deuteronomy 5:31,16,ܐܢܐ,,,,Peshitta,PESH
5,Deuteronomy,5,31,Deuteronomy 5:31,17,ܠܗܘܢ,,,,Peshitta,PESH
5,Deuteronomy,5,31,Deuteronomy 5:31,18,ܠܡܐܪܬܗ̇,,,,Peshitta,PESH
5,Deuteronomy,5,32,Deuteronomy 5:32,1,ܛܪܘ,,,,Peshitta,PESH
5,Deuteronomy,5,32,Deuteronomy 5:32,2,ܘܥܒܕܘ,,,,Peshitta,PESH
5,Deuteronomy,5,32,Deuteronomy 5:32,3,ܐܝܟ,,,,Peshitta,PESH
5,Deuteronomy,5,32,Deuteronomy 5:32,4,ܕܦܩܕܟܘܢ,,,,Peshitta,PESH
5,Deuteronomy,5,32,Deuteronomy 5:32,5,ܡܪܝܐ,,,,Peshitta,PESH
5,Deuteronomy,5,32,Deuteronomy 5:32,6,ܐܠܗܟܘܢ,,,,Peshitta,PESH
5,Deuteronomy,5,32,Deuteronomy 5:32,7,ܘܠܐ,,,,Peshitta,PESH
5,Deuteronomy,5,32,Deuteronomy 5:32,8,ܬܣܛܘܢ,,,,Peshitta,PESH
5,Deuteronomy,5,32,Deuteronomy 5:32,9,ܠܐ,,,,Peshitta,PESH
5,Deuteronomy,5,32,Deuteronomy 5:32,10,ܠܝܡܝܢܐ,,,,Peshitta,PESH
5,Deuteronomy,5,32,Deuteronomy 5:32,11,ܘܠܐ,,,,Peshitta,PESH
5,Deuteronomy,5,32,Deuteronomy 5:32,12,ܠܣܡܠܐ,,,,Peshitta,PESH
5,Deuteronomy,5,33,Deuteronomy 5:33,1,ܒܟܠܗ̇,,,,Peshitta,PESH
5,Deuteronomy,5,33,Deuteronomy 5:33,2,ܐܘܪܚܐ,,,,Peshitta,PESH
5,Deuteronomy,5,33,Deuteronomy 5:33,3,ܕܦܩܕܟܘܢ,,,,Peshitta,PESH
5,Deuteronomy,5,33,Deuteronomy 5:33,4,ܡܪܝܐ,,,,Peshitta,PESH
5,Deuteronomy,5,33,Deuteronomy 5:33,5,ܐܠܗܟܘܢ,,,,Peshitta,PESH
5,Deuteronomy,5,33,Deuteronomy 5:33,6,ܙܠܘ,,,,Peshitta,PESH
5,Deuteronomy,5,33,Deuteronomy 5:33,7,ܕܬܚܘܢ,,,,Peshitta,PESH
5,Deuteronomy,5,33,Deuteronomy 5:33,8,ܘܢܛܐܒ,,,,Peshitta,PESH
5,Deuteronomy,5,33,Deuteronomy 5:33,9,ܠܟܘܢ,,,,Peshitta,PESH
5,Deuteronomy,5,33,Deuteronomy 5:33,10,ܘܬܣܓܘܢ,,,,Peshitta,PESH
5,Deuteronomy,5,33,Deuteronomy 5:33,11,ܝܘܡ̈ܬܐ,,,,Peshitta,PESH
5,Deuteronomy,5,33,Deuteronomy 5:33,12,ܒܐܪܥܐ,,,,Peshitta,PESH
5,Deuteronomy,5,33,Deuteronomy 5:33,13,ܕܬܐܪܬܘܢ,,,,Peshitta,PESH
5,Deuteronomy,6,1,Deuteronomy 6:1,1,ܗܠܝܢ,,,,Peshitta,PESH
5,Deuteronomy,6,1,Deuteronomy 6:1,2,ܦܘܩ̈ܕܢܐ,,,,Peshitta,PESH
5,Deuteronomy,6,1,Deuteronomy 6:1,3,ܘܢܡ̈ܘܣܐ,,,,Peshitta,PESH
5,Deuteronomy,6,1,Deuteronomy 6:1,4,ܘܕܝ̈ܢܐ,,,,Peshitta,PESH
5,Deuteronomy,6,1,Deuteronomy 6:1,5,ܕܦܩܕܢܝ,,,,Peshitta,PESH
5,Deuteronomy,6,1,Deuteronomy 6:1,6,ܡܪܝܐ,,,,Peshitta,PESH
5,Deuteronomy,6,1,Deuteronomy 6:1,7,ܐܠܗܟܘܢ,,,,Peshitta,PESH
5,Deuteronomy,6,1,Deuteronomy 6:1,8,ܕܐܠܦܟܘܢ,,,,Peshitta,PESH
5,Deuteronomy,6,1,Deuteronomy 6:1,9,ܕܬܥܒܕܘܢ,,,,Peshitta,PESH
5,Deuteronomy,6,1,Deuteronomy 6:1,10,ܒܐܪܥܐ,,,,Peshitta,PESH
5,Deuteronomy,6,1,Deuteronomy 6:1,11,ܕܥ̇ܐܠܝܢ,,,,Peshitta,PESH
5,Deuteronomy,6,1,Deuteronomy 6:1,12,ܐܢܬܘܢ,,,,Peshitta,PESH
5,Deuteronomy,6,1,Deuteronomy 6:1,13,ܠܗ̇,,,,Peshitta,PESH
5,Deuteronomy,6,1,Deuteronomy 6:1,14,ܠܡܐܪܬܗ̇,,,,Peshitta,PESH
5,Deuteronomy,6,2,Deuteronomy 6:2,1,ܘܬܕܚܠܘܢ,,,,Peshitta,PESH
5,Deuteronomy,6,2,Deuteronomy 6:2,2,ܡܢ,,,,Peshitta,PESH
5,Deuteronomy,6,2,Deuteronomy 6:2,3,ܡܪܝܐ,,,,Peshitta,PESH
5,Deuteronomy,6,2,Deuteronomy 6:2,4,ܐܠܗܟܘܢ,,,,Peshitta,PESH
5,Deuteronomy,6,2,Deuteronomy 6:2,5,ܘܬܛܪܘܢ,,,,Peshitta,PESH
5,Deuteronomy,6,2,Deuteronomy 6:2,6,ܟܠܗܘܢ,,,,Peshitta,PESH
5,Deuteronomy,6,2,Deuteronomy 6:2,7,ܦܘܩ̈ܕܢܘܗܝ,,,,Peshitta,PESH
5,Deuteronomy,6,2,Deuteronomy 6:2,8,ܘܢܡ̈ܘܣܘܗܝ,,,,Peshitta,PESH
5,Deuteronomy,6,2,Deuteronomy 6:2,9,ܘܕܝ̈ܢܘܗܝ,,,,Peshitta,PESH
5,Deuteronomy,6,2,Deuteronomy 6:2,10,ܕܡܦܩܕ,,,,Peshitta,PESH
5,Deuteronomy,6,2,Deuteronomy 6:2,11,ܐܢܐ,,,,Peshitta,PESH
5,Deuteronomy,6,2,Deuteronomy 6:2,12,ܠܟ,,,,Peshitta,PESH
5,Deuteronomy,6,2,Deuteronomy 6:2,13,ܐܢܬ,,,,Peshitta,PESH
5,Deuteronomy,6,2,Deuteronomy 6:2,14,ܘܒܪܟ,,,,Peshitta,PESH
5,Deuteronomy,6,2,Deuteronomy 6:2,15,ܘܒܪ,,,,Peshitta,PESH
5,Deuteronomy,6,2,Deuteronomy 6:2,16,ܒܪܟ,,,,Peshitta,PESH
5,Deuteronomy,6,2,Deuteronomy 6:2,17,ܟܠܗܘܢ,,,,Peshitta,PESH
5,Deuteronomy,6,2,Deuteronomy 6:2,18,ܝܘܡ̈ܝ,,,,Peshitta,PESH
5,Deuteronomy,6,2,Deuteronomy 6:2,19,ܚܝ̈ܝܟ,,,,Peshitta,PESH
5,Deuteronomy,6,2,Deuteronomy 6:2,20,ܕܢܣܓܘܢ,,,,Peshitta,PESH
5,Deuteronomy,6,2,Deuteronomy 6:2,21,ܝܘܡ̈ܬܟ,,,,Peshitta,PESH
5,Deuteronomy,6,3,Deuteronomy 6:3,1,ܫܡܥ,,,,Peshitta,PESH
5,Deuteronomy,6,3,Deuteronomy 6:3,2,ܐܝܣܪܐܝܠ,,,,Peshitta,PESH
5,Deuteronomy,6,3,Deuteronomy 6:3,3,ܘܛܪ,,,,Peshitta,PESH
5,Deuteronomy,6,3,Deuteronomy 6:3,4,ܘܥܒܕ,,,,Peshitta,PESH
5,Deuteronomy,6,3,Deuteronomy 6:3,5,ܕܢܛܐܒ,,,,Peshitta,PESH
5,Deuteronomy,6,3,Deuteronomy 6:3,6,ܠܟ,,,,Peshitta,PESH
5,Deuteronomy,6,3,Deuteronomy 6:3,7,ܘܬܣܓܐ,,,,Peshitta,PESH
5,Deuteronomy,6,3,Deuteronomy 6:3,8,ܛܒ,,,,Peshitta,PESH
5,Deuteronomy,6,3,Deuteronomy 6:3,9,ܐܝܟ,,,,Peshitta,PESH
5,Deuteronomy,6,3,Deuteronomy 6:3,10,ܕܐܡܪ,,,,Peshitta,PESH
5,Deuteronomy,6,3,Deuteronomy 6:3,11,ܠܟ,,,,Peshitta,PESH
5,Deuteronomy,6,3,Deuteronomy 6:3,12,ܡܪܝܐ,,,,Peshitta,PESH
5,Deuteronomy,6,3,Deuteronomy 6:3,13,ܐܠܗܐ,,,,Peshitta,PESH
5,Deuteronomy,6,3,Deuteronomy 6:3,14,ܕܐ̈ܒܗܝܟ,,,,Peshitta,PESH
5,Deuteronomy,6,3,Deuteronomy 6:3,15,ܕܢܬܠ,,,,Peshitta,PESH
5,Deuteronomy,6,3,Deuteronomy 6:3,16,ܠܟ,,,,Peshitta,PESH
5,Deuteronomy,6,3,Deuteronomy 6:3,17,ܐܪܥܐ,,,,Peshitta,PESH
5,Deuteronomy,6,3,Deuteronomy 6:3,18,ܕܡܪܕܝܐ,,,,Peshitta,PESH
5,Deuteronomy,6,3,Deuteronomy 6:3,19,ܚܠܒܐ,,,,Peshitta,PESH
5,Deuteronomy,6,3,Deuteronomy 6:3,20,ܘܕܒܫܐ,,,,Peshitta,PESH
5,Deuteronomy,6,4,Deuteronomy 6:4,1,ܫܡܥ,,,,Peshitta,PESH
5,Deuteronomy,6,4,Deuteronomy 6:4,2,ܐܝܣܪܝܠ,,,,Peshitta,PESH
5,Deuteronomy,6,4,Deuteronomy 6:4,3,ܡܪܝܐ,,,,Peshitta,PESH
5,Deuteronomy,6,4,Deuteronomy 6:4,4,ܐܠܗܢ,,,,Peshitta,PESH
5,Deuteronomy,6,4,Deuteronomy 6:4,5,ܡܪܝܐ,,,,Peshitta,PESH
5,Deuteronomy,6,4,Deuteronomy 6:4,6,ܚܕ,,,,Peshitta,PESH
5,Deuteronomy,6,4,Deuteronomy 6:4,7,ܗܘ,,,,Peshitta,PESH
5,Deuteronomy,6,5,Deuteronomy 6:5,1,ܪܚܡ,,,,Peshitta,PESH
5,Deuteronomy,6,5,Deuteronomy 6:5,2,ܠܡܪܝܐ,,,,Peshitta,PESH
5,Deuteronomy,6,5,Deuteronomy 6:5,3,ܐܠܗܟ,,,,Peshitta,PESH
5,Deuteronomy,6,5,Deuteronomy 6:5,4,ܡܢ,,,,Peshitta,PESH
5,Deuteronomy,6,5,Deuteronomy 6:5,5,ܟܠܗ,,,,Peshitta,PESH
5,Deuteronomy,6,5,Deuteronomy 6:5,6,ܠܒܟ,,,,Peshitta,PESH
5,Deuteronomy,6,5,Deuteronomy 6:5,7,ܘܡܢ,,,,Peshitta,PESH
5,Deuteronomy,6,5,Deuteronomy 6:5,8,ܟܠܗ̇,,,,Peshitta,PESH
5,Deuteronomy,6,5,Deuteronomy 6:5,9,ܢܦܫܟ,,,,Peshitta,PESH
5,Deuteronomy,6,5,Deuteronomy 6:5,10,ܘܡܢ,,,,Peshitta,PESH
5,Deuteronomy,6,5,Deuteronomy 6:5,11,ܟܠܗ,,,,Peshitta,PESH
5,Deuteronomy,6,5,Deuteronomy 6:5,12,ܩܢܝܢܟ,,,,Peshitta,PESH
5,Deuteronomy,6,6,Deuteronomy 6:6,1,ܘܢܗܘܘܢ,,,,Peshitta,PESH
5,Deuteronomy,6,6,Deuteronomy 6:6,2,ܗܠܝܢ,,,,Peshitta,PESH
5,Deuteronomy,6,6,Deuteronomy 6:6,3,ܦܬ̈ܓܡܐ,,,,Peshitta,PESH
5,Deuteronomy,6,6,Deuteronomy 6:6,4,ܕܡܦܩܕ,,,,Peshitta,PESH
5,Deuteronomy,6,6,Deuteronomy 6:6,5,ܐܢܐ,,,,Peshitta,PESH
5,Deuteronomy,6,6,Deuteronomy 6:6,6,ܠܟ,,,,Peshitta,PESH
5,Deuteronomy,6,6,Deuteronomy 6:6,7,ܝܘܡܢܐ,,,,Peshitta,PESH
5,Deuteronomy,6,6,Deuteronomy 6:6,8,ܥܠ,,,,Peshitta,PESH
5,Deuteronomy,6,6,Deuteronomy 6:6,9,ܠܒܟ,,,,Peshitta,PESH
5,Deuteronomy,6,7,Deuteronomy 6:7,1,ܘܬܢܐ,,,,Peshitta,PESH
5,Deuteronomy,6,7,Deuteronomy 6:7,2,ܐܢܘܢ,,,,Peshitta,PESH
5,Deuteronomy,6,7,Deuteronomy 6:7,3,ܠܒܢ̈ܝܟ,,,,Peshitta,PESH
5,Deuteronomy,6,7,Deuteronomy 6:7,4,ܘܡܠܠ,,,,Peshitta,PESH
5,Deuteronomy,6,7,Deuteronomy 6:7,5,ܒܗܘܢ,,,,Peshitta,PESH
5,Deuteronomy,6,7,Deuteronomy 6:7,6,ܡܐ,,,,Peshitta,PESH
5,Deuteronomy,6,7,Deuteronomy 6:7,7,ܕܝ̇ܬܒ,,,,Peshitta,PESH
5,Deuteronomy,6,7,Deuteronomy 6:7,8,ܐܢܬ,,,,Peshitta,PESH
5,Deuteronomy,6,7,Deuteronomy 6:7,9,ܒܒܝܬܟ,,,,Peshitta,PESH
5,Deuteronomy,6,7,Deuteronomy 6:7,10,ܘܡܐ,,,,Peshitta,PESH
5,Deuteronomy,6,7,Deuteronomy 6:7,11,ܕܐ̇ܙܠ,,,,Peshitta,PESH
5,Deuteronomy,6,7,Deuteronomy 6:7,12,ܐܢܬ,,,,Peshitta,PESH
5,Deuteronomy,6,7,Deuteronomy 6:7,13,ܒܐܘܪܚܐ,,,,Peshitta,PESH
5,Deuteronomy,6,7,Deuteronomy 6:7,14,ܘܡܐ,,,,Peshitta,PESH
5,Deuteronomy,6,7,Deuteronomy 6:7,15,ܕܕܡ̇ܟ,,,,Peshitta,PESH
5,Deuteronomy,6,7,Deuteronomy 6:7,16,ܐܢܬ,,,,Peshitta,PESH
5,Deuteronomy,6,7,Deuteronomy 6:7,17,ܘܡܐ,,,,Peshitta,PESH
5,Deuteronomy,6,7,Deuteronomy 6:7,18,ܕܩ̇ܐܡ,,,,Peshitta,PESH
5,Deuteronomy,6,7,Deuteronomy 6:7,19,ܐܢܬ,,,,Peshitta,PESH
5,Deuteronomy,6,8,Deuteronomy 6:8,1,ܘܩܛܘܪ,,,,Peshitta,PESH
5,Deuteronomy,6,8,Deuteronomy 6:8,2,ܐܢܘܢ,,,,Peshitta,PESH
5,Deuteronomy,6,8,Deuteronomy 6:8,3,ܐܬ̇ܐ,,,,Peshitta,PESH
5,Deuteronomy,6,8,Deuteronomy 6:8,4,ܥܠ,,,,Peshitta,PESH
5,Deuteronomy,6,8,Deuteronomy 6:8,5,ܐܝܕܟ,,,,Peshitta,PESH
5,Deuteronomy,6,8,Deuteronomy 6:8,6,ܘܢܗܘܘܢ,,,,Peshitta,PESH
5,Deuteronomy,6,8,Deuteronomy 6:8,7,ܪܘܫܡܐ,,,,Peshitta,PESH
5,Deuteronomy,6,8,Deuteronomy 6:8,8,ܒܝܬ,,,,Peshitta,PESH
5,Deuteronomy,6,8,Deuteronomy 6:8,9,ܥܝ̈ܢܝܟ,,,,Peshitta,PESH
5,Deuteronomy,6,9,Deuteronomy 6:9,1,ܘܟܬܘܒ,,,,Peshitta,PESH
5,Deuteronomy,6,9,Deuteronomy 6:9,2,ܐܢܘܢ,,,,Peshitta,PESH
5,Deuteronomy,6,9,Deuteronomy 6:9,3,ܥܠ,,,,Peshitta,PESH
5,Deuteronomy,6,9,Deuteronomy 6:9,4,ܐ̈ܣܟܦܬܐ,,,,Peshitta,PESH
5,Deuteronomy,6,9,Deuteronomy 6:9,5,ܕܒܬ̈ܝܟ,,,,Peshitta,PESH
5,Deuteronomy,6,9,Deuteronomy 6:9,6,ܘܥܠ,,,,Peshitta,PESH
5,Deuteronomy,6,9,Deuteronomy 6:9,7,ܬܪ̈ܥܝܟ,,,,Peshitta,PESH
5,Deuteronomy,6,10,Deuteronomy 6:10,1,ܘܡܐ,,,,Peshitta,PESH
5,Deuteronomy,6,10,Deuteronomy 6:10,2,ܕܐܥܠܟ,,,,Peshitta,PESH
5,Deuteronomy,6,10,Deuteronomy 6:10,3,ܡܪܝܐ,,,,Peshitta,PESH
5,Deuteronomy,6,10,Deuteronomy 6:10,4,ܐܠܗܟ,,,,Peshitta,PESH
5,Deuteronomy,6,10,Deuteronomy 6:10,5,ܠܐܪܥܐ,,,,Peshitta,PESH
5,Deuteronomy,6,10,Deuteronomy 6:10,6,ܕܝܡܐ,,,,Peshitta,PESH
5,Deuteronomy,6,10,Deuteronomy 6:10,7,ܠܐ̈ܒܗܝܟ,,,,Peshitta,PESH
5,Deuteronomy,6,10,Deuteronomy 6:10,8,ܠܡܬܠ,,,,Peshitta,PESH
5,Deuteronomy,6,10,Deuteronomy 6:10,9,ܠܗܘܢ,,,,Peshitta,PESH
5,Deuteronomy,6,10,Deuteronomy 6:10,10,ܠܐܒܪܗܡ,,,,Peshitta,PESH
5,Deuteronomy,6,10,Deuteronomy 6:10,11,ܘܠܐܝܣܚܩ,,,,Peshitta,PESH
5,Deuteronomy,6,10,Deuteronomy 6:10,12,ܘܠܝܥܩܘܒ,,,,Peshitta,PESH
5,Deuteronomy,6,10,Deuteronomy 6:10,13,ܠܡܬܠ,,,,Peshitta,PESH
5,Deuteronomy,6,10,Deuteronomy 6:10,14,ܠܟ,,,,Peshitta,PESH
5,Deuteronomy,6,10,Deuteronomy 6:10,15,ܩܘܪ̈ܝܐ,,,,Peshitta,PESH
5,Deuteronomy,6,10,Deuteronomy 6:10,16,ܕܪ̈ܘܪܒܢ,,,,Peshitta,PESH
5,Deuteronomy,6,10,Deuteronomy 6:10,17,ܘܛܒ̈ܢ,,,,Peshitta,PESH
5,Deuteronomy,6,10,Deuteronomy 6:10,18,ܕܠܐ,,,,Peshitta,PESH
5,Deuteronomy,6,10,Deuteronomy 6:10,19,ܒܢ̣ܝܬ,,,,Peshitta,PESH
5,Deuteronomy,6,11,Deuteronomy 6:11,1,ܘܒܬ̈ܐ,,,,Peshitta,PESH
5,Deuteronomy,6,11,Deuteronomy 6:11,2,ܕܡܠܝܢ,,,,Peshitta,PESH
5,Deuteronomy,6,11,Deuteronomy 6:11,3,ܟܠ,,,,Peshitta,PESH
5,Deuteronomy,6,11,Deuteronomy 6:11,4,ܛܒ̈ܬܐ,,,,Peshitta,PESH
5,Deuteronomy,6,11,Deuteronomy 6:11,5,ܕܠܐ,,,,Peshitta,PESH
5,Deuteronomy,6,11,Deuteronomy 6:11,6,ܡܠ̣ܝܬ,,,,Peshitta,PESH
5,Deuteronomy,6,11,Deuteronomy 6:11,7,ܘܓܘܒ̈ܐ,,,,Peshitta,PESH
5,Deuteronomy,6,11,Deuteronomy 6:11,8,ܚܦܝܪ̈ܐ,,,,Peshitta,PESH
5,Deuteronomy,6,11,Deuteronomy 6:11,9,ܕܠܐ,,,,Peshitta,PESH
5,Deuteronomy,6,11,Deuteronomy 6:11,10,ܚܦܪܬ,,,,Peshitta,PESH
5,Deuteronomy,6,11,Deuteronomy 6:11,11,ܘܟܪ̈ܡܐ,,,,Peshitta,PESH
5,Deuteronomy,6,11,Deuteronomy 6:11,12,ܘܙܝ̈ܬܐ,,,,Peshitta,PESH
5,Deuteronomy,6,11,Deuteronomy 6:11,13,ܕܠܐ,,,,Peshitta,PESH
5,Deuteronomy,6,11,Deuteronomy 6:11,14,ܢܨܒܬ,,,,Peshitta,PESH
5,Deuteronomy,6,11,Deuteronomy 6:11,15,ܘܬܐܟܘܠ,,,,Peshitta,PESH
5,Deuteronomy,6,11,Deuteronomy 6:11,16,ܘܬܣܒܥ,,,,Peshitta,PESH
5,Deuteronomy,6,12,Deuteronomy 6:12,1,ܐܙܕܗܪ,,,,Peshitta,PESH
5,Deuteronomy,6,12,Deuteronomy 6:12,2,ܕܠܐ,,,,Peshitta,PESH
5,Deuteronomy,6,12,Deuteronomy 6:12,3,ܬܛܥܐ,,,,Peshitta,PESH
5,Deuteronomy,6,12,Deuteronomy 6:12,4,ܠܡܪܝܐ,,,,Peshitta,PESH
5,Deuteronomy,6,12,Deuteronomy 6:12,5,ܐܠܗܟ,,,,Peshitta,PESH
5,Deuteronomy,6,12,Deuteronomy 6:12,6,ܕܐܦܩܟ,,,,Peshitta,PESH
5,Deuteronomy,6,12,Deuteronomy 6:12,7,ܡܢ,,,,Peshitta,PESH
5,Deuteronomy,6,12,Deuteronomy 6:12,8,ܐܪܥܐ,,,,Peshitta,PESH
5,Deuteronomy,6,12,Deuteronomy 6:12,9,ܕܡܨܪܝܢ,,,,Peshitta,PESH
5,Deuteronomy,6,12,Deuteronomy 6:12,10,ܡܢ,,,,Peshitta,PESH
5,Deuteronomy,6,12,Deuteronomy 6:12,11,ܒܝܬ,,,,Peshitta,PESH
5,Deuteronomy,6,12,Deuteronomy 6:12,12,ܥܒܕܘܬܐ,,,,Peshitta,PESH
5,Deuteronomy,6,13,Deuteronomy 6:13,1,ܠܡܪܝܐ,,,,Peshitta,PESH
5,Deuteronomy,6,13,Deuteronomy 6:13,2,ܐܠܗܟ,,,,Peshitta,PESH
5,Deuteronomy,6,13,Deuteronomy 6:13,3,ܕܚܠ,,,,Peshitta,PESH
5,Deuteronomy,6,13,Deuteronomy 6:13,4,ܘܠܗ,,,,Peshitta,PESH
5,Deuteronomy,6,13,Deuteronomy 6:13,5,ܦܠܘܚ,,,,Peshitta,PESH
5,Deuteronomy,6,13,Deuteronomy 6:13,6,ܘܒܫܡܗ,,,,Peshitta,PESH
5,Deuteronomy,6,13,Deuteronomy 6:13,7,ܝܡܝ,,,,Peshitta,PESH
5,Deuteronomy,6,14,Deuteronomy 6:14,1,ܠܐ,,,,Peshitta,PESH
5,Deuteronomy,6,14,Deuteronomy 6:14,2,ܬܐܙܠܘܢ,,,,Peshitta,PESH
5,Deuteronomy,6,14,Deuteronomy 6:14,3,ܒܬܪ,,,,Peshitta,PESH
5,Deuteronomy,6,14,Deuteronomy 6:14,4,ܐ̈ܠܗܐ,,,,Peshitta,PESH
5,Deuteronomy,6,14,Deuteronomy 6:14,5,ܐܚܪ̈ܢܐ,,,,Peshitta,PESH
5,Deuteronomy,6,14,Deuteronomy 6:14,6,ܕܥܡ̈ܡܐ,,,,Peshitta,PESH
5,Deuteronomy,6,14,Deuteronomy 6:14,7,ܕܒܚܕܪ̈ܝܟܘܢ,,,,Peshitta,PESH
5,Deuteronomy,6,15,Deuteronomy 6:15,1,ܡܛܠ,,,,Peshitta,PESH
5,Deuteronomy,6,15,Deuteronomy 6:15,2,ܕܐܠܗܐ,,,,Peshitta,PESH
5,Deuteronomy,6,15,Deuteronomy 6:15,3,ܗܘ,,,,Peshitta,PESH
5,Deuteronomy,6,15,Deuteronomy 6:15,4,ܛܢܢܐ,,,,Peshitta,PESH
5,Deuteronomy,6,15,Deuteronomy 6:15,5,ܡܪܝܐ,,,,Peshitta,PESH
5,Deuteronomy,6,15,Deuteronomy 6:15,6,ܐܠܗܟ,,,,Peshitta,PESH
5,Deuteronomy,6,15,Deuteronomy 6:15,7,ܒܓܘܟ,,,,Peshitta,PESH
5,Deuteronomy,6,15,Deuteronomy 6:15,8,ܕܠܐ,,,,Peshitta,PESH
5,Deuteronomy,6,15,Deuteronomy 6:15,9,ܢܬܚܡܬ,,,,Peshitta,PESH
5,Deuteronomy,6,15,Deuteronomy 6:15,10,ܪܘܓܙܗ,,,,Peshitta,PESH
5,Deuteronomy,6,15,Deuteronomy 6:15,11,ܕܡܪܝܐ,,,,Peshitta,PESH
5,Deuteronomy,6,15,Deuteronomy 6:15,12,ܐܠܗܟ,,,,Peshitta,PESH
5,Deuteronomy,6,15,Deuteronomy 6:15,13,ܥܠܝܟ,,,,Peshitta,PESH
5,Deuteronomy,6,15,Deuteronomy 6:15,14,ܘܢܘܒܕܟ,,,,Peshitta,PESH
5,Deuteronomy,6,15,Deuteronomy 6:15,15,ܡܢ,,,,Peshitta,PESH
5,Deuteronomy,6,15,Deuteronomy 6:15,16,ܐ̈ܦܝܗ̇,,,,Peshitta,PESH
5,Deuteronomy,6,15,Deuteronomy 6:15,17,ܕܐܪܥܐ,,,,Peshitta,PESH
5,Deuteronomy,6,16,Deuteronomy 6:16,1,ܠܐ,,,,Peshitta,PESH
5,Deuteronomy,6,16,Deuteronomy 6:16,2,ܬܢܣܘܢ,,,,Peshitta,PESH
5,Deuteronomy,6,16,Deuteronomy 6:16,3,ܠܡܪܝܐ,,,,Peshitta,PESH
5,Deuteronomy,6,16,Deuteronomy 6:16,4,ܐܠܗܟܘܢ,,,,Peshitta,PESH
5,Deuteronomy,6,16,Deuteronomy 6:16,5,ܐܝܟ,,,,Peshitta,PESH
5,Deuteronomy,6,16,Deuteronomy 6:16,6,ܕܢܣܝܬܘܢ,,,,Peshitta,PESH
5,Deuteronomy,6,16,Deuteronomy 6:16,7,ܒܢܣ̈ܝܘܢܐ,,,,Peshitta,PESH
5,Deuteronomy,6,17,Deuteronomy 6:17,1,ܐܠܐ,,,,Peshitta,PESH
5,Deuteronomy,6,17,Deuteronomy 6:17,2,ܛܪܘ,,,,Peshitta,PESH
5,Deuteronomy,6,17,Deuteronomy 6:17,3,ܦܘܩ̈ܕܢܘܗܝ,,,,Peshitta,PESH
5,Deuteronomy,6,17,Deuteronomy 6:17,4,ܕܡܪܝܐ,,,,Peshitta,PESH
5,Deuteronomy,6,17,Deuteronomy 6:17,5,ܐܠܗܟܘܢ,,,,Peshitta,PESH
5,Deuteronomy,6,17,Deuteronomy 6:17,6,ܘܣ̈ܗܕܘܬܗ,,,,Peshitta,PESH
5,Deuteronomy,6,17,Deuteronomy 6:17,7,ܘܢܡ̈ܘܣܘܗܝ,,,,Peshitta,PESH
5,Deuteronomy,6,17,Deuteronomy 6:17,8,ܕܦܩܕܟ,,,,Peshitta,PESH
5,Deuteronomy,6,18,Deuteronomy 6:18,1,ܘܥܒܕ,,,,Peshitta,PESH
5,Deuteronomy,6,18,Deuteronomy 6:18,2,ܕܫܦܝܪ,,,,Peshitta,PESH
5,Deuteronomy,6,18,Deuteronomy 6:18,3,ܘܬܪܝܨ,,,,Peshitta,PESH
5,Deuteronomy,6,18,Deuteronomy 6:18,4,ܩܕܡ,,,,Peshitta,PESH
5,Deuteronomy,6,18,Deuteronomy 6:18,5,ܡܪܝܐ,,,,Peshitta,PESH
5,Deuteronomy,6,18,Deuteronomy 6:18,6,ܐܠܗܟ,,,,Peshitta,PESH
5,Deuteronomy,6,18,Deuteronomy 6:18,7,ܕܢܛܐܒ,,,,Peshitta,PESH
5,Deuteronomy,6,18,Deuteronomy 6:18,8,ܠܟ,,,,Peshitta,PESH
5,Deuteronomy,6,18,Deuteronomy 6:18,9,ܘܬܥܘܠ,,,,Peshitta,PESH
5,Deuteronomy,6,18,Deuteronomy 6:18,10,ܘܬܐܪܬ,,,,Peshitta,PESH
5,Deuteronomy,6,18,Deuteronomy 6:18,11,ܐܪܥܐ,,,,Peshitta,PESH
5,Deuteronomy,6,18,Deuteronomy 6:18,12,ܛܒܬܐ,,,,Peshitta,PESH
5,Deuteronomy,6,18,Deuteronomy 6:18,13,ܕܐܝܡܐ,,,,Peshitta,PESH
5,Deuteronomy,6,18,Deuteronomy 6:18,14,ܡܪܝܐ,,,,Peshitta,PESH
5,Deuteronomy,6,18,Deuteronomy 6:18,15,ܠܐ̈ܒܗܝܟ,,,,Peshitta,PESH
5,Deuteronomy,6,19,Deuteronomy 6:19,1,ܘܢܬܒܪ,,,,Peshitta,PESH
5,Deuteronomy,6,19,Deuteronomy 6:19,2,ܠܟܠܗܘܢ,,,,Peshitta,PESH
5,Deuteronomy,6,19,Deuteronomy 6:19,3,ܒ̈ܥܠܕܒܒܝܟ,,,,Peshitta,PESH
5,Deuteronomy,6,19,Deuteronomy 6:19,4,ܡܢ,,,,Peshitta,PESH
5,Deuteronomy,6,19,Deuteronomy 6:19,5,ܩܕܡܝܟ,,,,Peshitta,PESH
5,Deuteronomy,6,19,Deuteronomy 6:19,6,ܐܝܟ,,,,Peshitta,PESH
5,Deuteronomy,6,19,Deuteronomy 6:19,7,ܕܐܡܪ,,,,Peshitta,PESH
5,Deuteronomy,6,19,Deuteronomy 6:19,8,ܡܪܝܐ,,,,Peshitta,PESH
5,Deuteronomy,6,20,Deuteronomy 6:20,1,ܘܟܕ,,,,Peshitta,PESH
5,Deuteronomy,6,20,Deuteronomy 6:20,2,ܢܫܐܠܟ,,,,Peshitta,PESH
5,Deuteronomy,6,20,Deuteronomy 6:20,3,ܒܪܟ,,,,Peshitta,PESH
5,Deuteronomy,6,20,Deuteronomy 6:20,4,ܡܚܪ,,,,Peshitta,PESH
5,Deuteronomy,6,20,Deuteronomy 6:20,5,ܘܢܐܡܪ,,,,Peshitta,PESH
5,Deuteronomy,6,20,Deuteronomy 6:20,6,ܠܟ,,,,Peshitta,PESH
5,Deuteronomy,6,20,Deuteronomy 6:20,7,ܡܢܐ,,,,Peshitta,PESH
5,Deuteronomy,6,20,Deuteronomy 6:20,8,ܗܝ,,,,Peshitta,PESH
5,Deuteronomy,6,20,Deuteronomy 6:20,9,ܣܗܕܘܬܐ,,,,Peshitta,PESH
5,Deuteronomy,6,20,Deuteronomy 6:20,10,ܘܢܡ̈ܘܣܐ,,,,Peshitta,PESH
5,Deuteronomy,6,20,Deuteronomy 6:20,11,ܘܕܝ̈ܢܐ,,,,Peshitta,PESH
5,Deuteronomy,6,20,Deuteronomy 6:20,12,ܕܦܩܕܟܘܢ,,,,Peshitta,PESH
5,Deuteronomy,6,20,Deuteronomy 6:20,13,ܡܪܝܐ,,,,Peshitta,PESH
5,Deuteronomy,6,20,Deuteronomy 6:20,14,ܐܠܗܢ,,,,Peshitta,PESH
5,Deuteronomy,6,21,Deuteronomy 6:21,1,ܐܡܪ,,,,Peshitta,PESH
5,Deuteronomy,6,21,Deuteronomy 6:21,2,ܠܒܪܟ,,,,Peshitta,PESH
5,Deuteronomy,6,21,Deuteronomy 6:21,3,ܕܥܒ̈ܕܐ,,,,Peshitta,PESH
5,Deuteronomy,6,21,Deuteronomy 6:21,4,ܗ̈ܘܝܢ,,,,Peshitta,PESH
5,Deuteronomy,6,21,Deuteronomy 6:21,5,ܕܦܪܥܘܢ,,,,Peshitta,PESH
5,Deuteronomy,6,21,Deuteronomy 6:21,6,ܒܡܨܪܝܢ,,,,Peshitta,PESH
5,Deuteronomy,6,21,Deuteronomy 6:21,7,ܘܐܦܩܢ,,,,Peshitta,PESH
5,Deuteronomy,6,21,Deuteronomy 6:21,8,ܡܪܝܐ,,,,Peshitta,PESH
5,Deuteronomy,6,21,Deuteronomy 6:21,9,ܡܢ,,,,Peshitta,PESH
5,Deuteronomy,6,21,Deuteronomy 6:21,10,ܡܨܪܝܢ,,,,Peshitta,PESH
5,Deuteronomy,6,21,Deuteronomy 6:21,11,ܒܐܝܕܐ,,,,Peshitta,PESH
5,Deuteronomy,6,21,Deuteronomy 6:21,12,ܬܩܝܦܬܐ,,,,Peshitta,PESH
5,Deuteronomy,6,22,Deuteronomy 6:22,1,ܘܥܒܕ,,,,Peshitta,PESH
5,Deuteronomy,6,22,Deuteronomy 6:22,2,ܡܪܝܐ,,,,Peshitta,PESH
5,Deuteronomy,6,22,Deuteronomy 6:22,3,ܐ̈ܬܘܬܐ,,,,Peshitta,PESH
5,Deuteronomy,6,22,Deuteronomy 6:22,4,ܘܬܕܡܪ̈ܬܐ,,,,Peshitta,PESH
5,Deuteronomy,6,22,Deuteronomy 6:22,5,ܪ̈ܘܪܒܬܐ,,,,Peshitta,PESH
5,Deuteronomy,6,22,Deuteronomy 6:22,6,ܘܒܝ̈ܫܬܐ,,,,Peshitta,PESH
5,Deuteronomy,6,22,Deuteronomy 6:22,7,ܒܡܨܪܝܢ,,,,Peshitta,PESH
5,Deuteronomy,6,22,Deuteronomy 6:22,8,ܒܦܪܥܘܢ,,,,Peshitta,PESH
5,Deuteronomy,6,22,Deuteronomy 6:22,9,ܘܒܟܠܗ,,,,Peshitta,PESH
5,Deuteronomy,6,22,Deuteronomy 6:22,10,ܚܝܠܗ,,,,Peshitta,PESH
5,Deuteronomy,6,22,Deuteronomy 6:22,11,ܠܥܢܝ̈ܢ,,,,Peshitta,PESH
5,Deuteronomy,6,23,Deuteronomy 6:23,1,ܘܠܢ,,,,Peshitta,PESH
5,Deuteronomy,6,23,Deuteronomy 6:23,2,ܐܦܩܢ,,,,Peshitta,PESH
5,Deuteronomy,6,23,Deuteronomy 6:23,3,ܡܪܝܐ,,,,Peshitta,PESH
5,Deuteronomy,6,23,Deuteronomy 6:23,4,ܡܢ,,,,Peshitta,PESH
5,Deuteronomy,6,23,Deuteronomy 6:23,5,ܬܡܢ,,,,Peshitta,PESH
5,Deuteronomy,6,23,Deuteronomy 6:23,6,ܕܢܥܠܢ,,,,Peshitta,PESH
5,Deuteronomy,6,23,Deuteronomy 6:23,7,ܘܢܬܠ,,,,Peshitta,PESH
5,Deuteronomy,6,23,Deuteronomy 6:23,8,ܠܢ,,,,Peshitta,PESH
5,Deuteronomy,6,23,Deuteronomy 6:23,9,ܐܪܥܐ,,,,Peshitta,PESH
5,Deuteronomy,6,23,Deuteronomy 6:23,10,ܕܝܡܐ,,,,Peshitta,PESH
5,Deuteronomy,6,23,Deuteronomy 6:23,11,ܠܐ̈ܒܗܝܢ,,,,Peshitta,PESH
5,Deuteronomy,6,24,Deuteronomy 6:24,1,ܘܦܩܕܢ,,,,Peshitta,PESH
5,Deuteronomy,6,24,Deuteronomy 6:24,2,ܡܪܝܐ,,,,Peshitta,PESH
5,Deuteronomy,6,24,Deuteronomy 6:24,3,ܠܡܥܒܕ,,,,Peshitta,PESH
5,Deuteronomy,6,24,Deuteronomy 6:24,4,ܗܠܝܢ,,,,Peshitta,PESH
5,Deuteronomy,6,24,Deuteronomy 6:24,5,ܟܠܗܘܢ,,,,Peshitta,PESH
5,Deuteronomy,6,24,Deuteronomy 6:24,6,ܢܡ̈ܘܣܐ,,,,Peshitta,PESH
5,Deuteronomy,6,24,Deuteronomy 6:24,7,ܠܡܕܚܠ,,,,Peshitta,PESH
5,Deuteronomy,6,24,Deuteronomy 6:24,8,ܡܢ,,,,Peshitta,PESH
5,Deuteronomy,6,24,Deuteronomy 6:24,9,ܩܕܡ,,,,Peshitta,PESH
5,Deuteronomy,6,24,Deuteronomy 6:24,10,ܡܪܝܐ,,,,Peshitta,PESH
5,Deuteronomy,6,24,Deuteronomy 6:24,11,ܐܠܗܢ,,,,Peshitta,PESH
5,Deuteronomy,6,24,Deuteronomy 6:24,12,ܕܢܛܐܒ,,,,Peshitta,PESH
5,Deuteronomy,6,24,Deuteronomy 6:24,13,ܠܢ,,,,Peshitta,PESH
5,Deuteronomy,6,24,Deuteronomy 6:24,14,ܟܠܗܘܢ,,,,Peshitta,PESH
5,Deuteronomy,6,24,Deuteronomy 6:24,15,ܝܘܡ̈ܬܐ,,,,Peshitta,PESH
5,Deuteronomy,6,24,Deuteronomy 6:24,16,ܘܢܚܝܢ,,,,Peshitta,PESH
5,Deuteronomy,6,24,Deuteronomy 6:24,17,ܐܝܟ,,,,Peshitta,PESH
5,Deuteronomy,6,24,Deuteronomy 6:24,18,ܕܝܘܡܢܐ,,,,Peshitta,PESH
5,Deuteronomy,6,25,Deuteronomy 6:25,1,ܘܙܕܝܩܘܬܐ,,,,Peshitta,PESH
5,Deuteronomy,6,25,Deuteronomy 6:25,2,ܬܗܘܐ,,,,Peshitta,PESH
5,Deuteronomy,6,25,Deuteronomy 6:25,3,ܠܢ,,,,Peshitta,PESH
5,Deuteronomy,6,25,Deuteronomy 6:25,4,ܡܐ,,,,Peshitta,PESH
5,Deuteronomy,6,25,Deuteronomy 6:25,5,ܕܢܛܪܢ,,,,Peshitta,PESH
5,Deuteronomy,6,25,Deuteronomy 6:25,6,ܘܥܒܕܢ,,,,Peshitta,PESH
5,Deuteronomy,6,25,Deuteronomy 6:25,7,ܟܠܗ,,,,Peshitta,PESH
5,Deuteronomy,6,25,Deuteronomy 6:25,8,ܗܢܐ,,,,Peshitta,PESH
5,Deuteronomy,6,25,Deuteronomy 6:25,9,ܦܘܩܕܢܐ,,,,Peshitta,PESH
5,Deuteronomy,6,25,Deuteronomy 6:25,10,ܩܕܡ,,,,Peshitta,PESH
5,Deuteronomy,6,25,Deuteronomy 6:25,11,ܡܪܝܐ,,,,Peshitta,PESH
5,Deuteronomy,6,25,Deuteronomy 6:25,12,ܐܠܗܢ,,,,Peshitta,PESH
5,Deuteronomy,6,25,Deuteronomy 6:25,13,ܐܝܟ,,,,Peshitta,PESH
5,Deuteronomy,6,25,Deuteronomy 6:25,14,ܕܦܩܕܢ,,,,Peshitta,PESH
5,Deuteronomy,7,1,Deuteronomy 7:1,1,ܘܡܐ,,,,Peshitta,PESH
5,Deuteronomy,7,1,Deuteronomy 7:1,2,ܕܐܥܠܟ,,,,Peshitta,PESH
5,Deuteronomy,7,1,Deuteronomy 7:1,3,ܡܪܝܐ,,,,Peshitta,PESH
5,Deuteronomy,7,1,Deuteronomy 7:1,4,ܐܠܗܟ,,,,Peshitta,PESH
5,Deuteronomy,7,1,Deuteronomy 7:1,5,ܠܐܪܥܐ,,,,Peshitta,PESH
5,Deuteronomy,7,1,Deuteronomy 7:1,6,ܕܥ̇ܐܠ,,,,Peshitta,PESH
5,Deuteronomy,7,1,Deuteronomy 7:1,7,ܐܢܬ,,,,Peshitta,PESH
5,Deuteronomy,7,1,Deuteronomy 7:1,8,ܠܬܡܢ,,,,Peshitta,PESH
5,Deuteronomy,7,1,Deuteronomy 7:1,9,ܠܡܐܪܬܗ̇,,,,Peshitta,PESH
5,Deuteronomy,7,1,Deuteronomy 7:1,10,ܘܢܘܒܕ,,,,Peshitta,PESH
5,Deuteronomy,7,1,Deuteronomy 7:1,11,ܥܡ̈ܡܐ,,,,Peshitta,PESH
5,Deuteronomy,7,1,Deuteronomy 7:1,12,ܣ̈ܓܝܐܐ,,,,Peshitta,PESH
5,Deuteronomy,7,1,Deuteronomy 7:1,13,ܡܢ,,,,Peshitta,PESH
5,Deuteronomy,7,1,Deuteronomy 7:1,14,ܩܕܡܝܟ,,,,Peshitta,PESH
5,Deuteronomy,7,1,Deuteronomy 7:1,15,ܚ̈ܬܝܐ,,,,Peshitta,PESH
5,Deuteronomy,7,1,Deuteronomy 7:1,16,ܘܓܪ̈ܓܘܣܝܐ,,,,Peshitta,PESH
5,Deuteronomy,7,1,Deuteronomy 7:1,17,ܘܐܡܘܪ̈ܝܐ,,,,Peshitta,PESH
5,Deuteronomy,7,1,Deuteronomy 7:1,18,ܘܟܢ̈ܥܢܝܐ,,,,Peshitta,PESH
5,Deuteronomy,7,1,Deuteronomy 7:1,19,ܘܦܪ̈ܙܝܐ,,,,Peshitta,PESH
5,Deuteronomy,7,1,Deuteronomy 7:1,20,ܘܚ̈ܘܝܐ,,,,Peshitta,PESH
5,Deuteronomy,7,1,Deuteronomy 7:1,21,ܘܝܒ̈ܘܣܝܐ,,,,Peshitta,PESH
5,Deuteronomy,7,1,Deuteronomy 7:1,22,ܫܒܥܐ,,,,Peshitta,PESH
5,Deuteronomy,7,1,Deuteronomy 7:1,23,ܥܡ̈ܡܝܢ,,,,Peshitta,PESH
5,Deuteronomy,7,1,Deuteronomy 7:1,24,ܕܣ̈ܓܝܐܝܢ,,,,Peshitta,PESH
5,Deuteronomy,7,1,Deuteronomy 7:1,25,ܘܥܫܝ̈ܢܝܢ,,,,Peshitta,PESH
5,Deuteronomy,7,1,Deuteronomy 7:1,26,ܡܢܟ,,,,Peshitta,PESH
5,Deuteronomy,7,2,Deuteronomy 7:2,1,ܘܢܫܠܡ,,,,Peshitta,PESH
5,Deuteronomy,7,2,Deuteronomy 7:2,2,ܐܢܘܢ,,,,Peshitta,PESH
5,Deuteronomy,7,2,Deuteronomy 7:2,3,ܡܪܝܐ,,,,Peshitta,PESH
5,Deuteronomy,7,2,Deuteronomy 7:2,4,ܐܠܗܟ,,,,Peshitta,PESH
5,Deuteronomy,7,2,Deuteronomy 7:2,5,ܩܕܡܝܟ,,,,Peshitta,PESH
5,Deuteronomy,7,2,Deuteronomy 7:2,6,ܘܬܡܚܘܢ,,,,Peshitta,PESH
5,Deuteronomy,7,2,Deuteronomy 7:2,7,ܐܢܘܢ,,,,Peshitta,PESH
5,Deuteronomy,7,2,Deuteronomy 7:2,8,ܘܡܚܪܡܘ,,,,Peshitta,PESH
5,Deuteronomy,7,2,Deuteronomy 7:2,9,ܬܚܪܡܘܢ,,,,Peshitta,PESH
5,Deuteronomy,7,2,Deuteronomy 7:2,10,ܐܢܘܢ,,,,Peshitta,PESH
5,Deuteronomy,7,2,Deuteronomy 7:2,11,ܠܐ,,,,Peshitta,PESH
5,Deuteronomy,7,2,Deuteronomy 7:2,12,ܬܩܝܡܘܢ,,,,Peshitta,PESH
5,Deuteronomy,7,2,Deuteronomy 7:2,13,ܥܡܗܘܢ,,,,Peshitta,PESH
5,Deuteronomy,7,2,Deuteronomy 7:2,14,ܩܝܡܐ,,,,Peshitta,PESH
5,Deuteronomy,7,2,Deuteronomy 7:2,15,ܘܠܐ,,,,Peshitta,PESH
5,Deuteronomy,7,2,Deuteronomy 7:2,16,ܬܪܚܡܘܢ,,,,Peshitta,PESH
5,Deuteronomy,7,2,Deuteronomy 7:2,17,ܥܠܝܗܘܢ,,,,Peshitta,PESH
5,Deuteronomy,7,3,Deuteronomy 7:3,1,ܘܠܐ,,,,Peshitta,PESH
5,Deuteronomy,7,3,Deuteronomy 7:3,2,ܬܬܚܬܢܘܢ,,,,Peshitta,PESH
5,Deuteronomy,7,3,Deuteronomy 7:3,3,ܠܗܘܢ,,,,Peshitta,PESH
5,Deuteronomy,7,3,Deuteronomy 7:3,4,ܒܢ̈ܬܟܘܢ,,,,Peshitta,PESH
5,Deuteronomy,7,3,Deuteronomy 7:3,5,ܠܐ,,,,Peshitta,PESH
5,Deuteronomy,7,3,Deuteronomy 7:3,6,ܬܬܠܘܢ,,,,Peshitta,PESH
5,Deuteronomy,7,3,Deuteronomy 7:3,7,ܠܒܢ̈ܝܗܘܢ,,,,Peshitta,PESH
5,Deuteronomy,7,3,Deuteronomy 7:3,8,ܘܒܢ̈ܬܗܘܢ,,,,Peshitta,PESH
5,Deuteronomy,7,3,Deuteronomy 7:3,9,ܠܐ,,,,Peshitta,PESH
5,Deuteronomy,7,3,Deuteronomy 7:3,10,ܬܣܒܘܢ,,,,Peshitta,PESH
5,Deuteronomy,7,3,Deuteronomy 7:3,11,ܠܒܢ̈ܝܟܘܢ,,,,Peshitta,PESH
5,Deuteronomy,7,4,Deuteronomy 7:4,1,ܕܠܐ,,,,Peshitta,PESH
5,Deuteronomy,7,4,Deuteronomy 7:4,2,ܢܣ̈ܛܝܢ,,,,Peshitta,PESH
5,Deuteronomy,7,4,Deuteronomy 7:4,3,ܠܒܢ̈ܝܟܘܢ,,,,Peshitta,PESH
5,Deuteronomy,7,4,Deuteronomy 7:4,4,ܡܢܝ,,,,Peshitta,PESH
5,Deuteronomy,7,4,Deuteronomy 7:4,5,ܘܢܦܠܚܘܢ,,,,Peshitta,PESH
5,Deuteronomy,7,4,Deuteronomy 7:4,6,ܠܐ̈ܠܗܐ,,,,Peshitta,PESH
5,Deuteronomy,7,4,Deuteronomy 7:4,7,ܐܚܪ̈ܢܐ,,,,Peshitta,PESH
5,Deuteronomy,7,4,Deuteronomy 7:4,8,ܘܢܬܚܡܬ,,,,Peshitta,PESH
5,Deuteronomy,7,4,Deuteronomy 7:4,9,ܪܘܓܙܗ,,,,Peshitta,PESH
5,Deuteronomy,7,4,Deuteronomy 7:4,10,ܕܡܪܝܐ,,,,Peshitta,PESH
5,Deuteronomy,7,4,Deuteronomy 7:4,11,ܥܠܝܟܘܢ,,,,Peshitta,PESH
5,Deuteronomy,7,4,Deuteronomy 7:4,12,ܘܢܘܒܕܟܘܢ,,,,Peshitta,PESH
5,Deuteronomy,7,4,Deuteronomy 7:4,13,ܒܥܓܠ,,,,Peshitta,PESH
5,Deuteronomy,7,5,Deuteronomy 7:5,1,ܐܠܐ,,,,Peshitta,PESH
5,Deuteronomy,7,5,Deuteronomy 7:5,2,ܗܟܢܐ,,,,Peshitta,PESH
5,Deuteronomy,7,5,Deuteronomy 7:5,3,ܥܒܕܘ,,,,Peshitta,PESH
5,Deuteronomy,7,5,Deuteronomy 7:5,4,ܠܗܘܢ,,,,Peshitta,PESH
5,Deuteronomy,7,5,Deuteronomy 7:5,5,ܡܕܒܚ̈ܝܗܘܢ,,,,Peshitta,PESH
5,Deuteronomy,7,5,Deuteronomy 7:5,6,ܥܩܪܘ,,,,Peshitta,PESH
5,Deuteronomy,7,5,Deuteronomy 7:5,7,ܘܩܝܡ̈ܬܗܘܢ,,,,Peshitta,PESH
5,Deuteronomy,7,5,Deuteronomy 7:5,8,ܬܒܪܘ,,,,Peshitta,PESH
5,Deuteronomy,7,5,Deuteronomy 7:5,9,ܘܚܫ̈ܠܬܗܘܢ,,,,Peshitta,PESH
5,Deuteronomy,7,5,Deuteronomy 7:5,10,ܓܕܡܘ,,,,Peshitta,PESH
5,Deuteronomy,7,5,Deuteronomy 7:5,11,ܘܓܠܝܦܝ̈ܗܘܢ,,,,Peshitta,PESH
5,Deuteronomy,7,5,Deuteronomy 7:5,12,ܐܘܩܕܘ,,,,Peshitta,PESH
5,Deuteronomy,7,5,Deuteronomy 7:5,13,ܒܢܘܪܐ,,,,Peshitta,PESH
5,Deuteronomy,7,6,Deuteronomy 7:6,1,ܡܛܠ,,,,Peshitta,PESH
5,Deuteronomy,7,6,Deuteronomy 7:6,2,ܕܥܡܐ,,,,Peshitta,PESH
5,Deuteronomy,7,6,Deuteronomy 7:6,3,ܐܢܬ,,,,Peshitta,PESH
5,Deuteronomy,7,6,Deuteronomy 7:6,4,ܩܕܝܫܐ,,,,Peshitta,PESH
5,Deuteronomy,7,6,Deuteronomy 7:6,5,ܠܡܪܝܐ,,,,Peshitta,PESH
5,Deuteronomy,7,6,Deuteronomy 7:6,6,ܐܠܗܟ,,,,Peshitta,PESH
5,Deuteronomy,7,6,Deuteronomy 7:6,7,ܘܠܟ,,,,Peshitta,PESH
5,Deuteronomy,7,6,Deuteronomy 7:6,8,ܓܒܐ,,,,Peshitta,PESH
5,Deuteronomy,7,6,Deuteronomy 7:6,9,ܡܪܝܐ,,,,Peshitta,PESH
5,Deuteronomy,7,6,Deuteronomy 7:6,10,ܐܠܗܟ,,,,Peshitta,PESH
5,Deuteronomy,7,6,Deuteronomy 7:6,11,ܕܬܗܘܐ,,,,Peshitta,PESH
5,Deuteronomy,7,6,Deuteronomy 7:6,12,ܠܗ,,,,Peshitta,PESH
5,Deuteronomy,7,6,Deuteronomy 7:6,13,ܥܡܐ,,,,Peshitta,PESH
5,Deuteronomy,7,6,Deuteronomy 7:6,14,ܚܒܝܒܐ,,,,Peshitta,PESH
5,Deuteronomy,7,6,Deuteronomy 7:6,15,ܡܢ,,,,Peshitta,PESH
5,Deuteronomy,7,6,Deuteronomy 7:6,16,ܟܠܗܘܢ,,,,Peshitta,PESH
5,Deuteronomy,7,6,Deuteronomy 7:6,17,ܥܡ̈ܡܐ,,,,Peshitta,PESH
5,Deuteronomy,7,6,Deuteronomy 7:6,18,ܕܥܠ,,,,Peshitta,PESH
5,Deuteronomy,7,6,Deuteronomy 7:6,19,ܐ̈ܦܝ,,,,Peshitta,PESH
5,Deuteronomy,7,6,Deuteronomy 7:6,20,ܐܪܥܐ,,,,Peshitta,PESH
5,Deuteronomy,7,7,Deuteronomy 7:7,1,ܠܐ,,,,Peshitta,PESH
5,Deuteronomy,7,7,Deuteronomy 7:7,2,ܗܘܐ,,,,Peshitta,PESH
5,Deuteronomy,7,7,Deuteronomy 7:7,3,ܡܛܠ,,,,Peshitta,PESH
5,Deuteronomy,7,7,Deuteronomy 7:7,4,ܕܣ̈ܓܝܐܝܢ,,,,Peshitta,PESH
5,Deuteronomy,7,7,Deuteronomy 7:7,5,ܐܢܬܘܢ,,,,Peshitta,PESH
5,Deuteronomy,7,7,Deuteronomy 7:7,6,ܡܢ,,,,Peshitta,PESH
5,Deuteronomy,7,7,Deuteronomy 7:7,7,ܟܠܗܘܢ,,,,Peshitta,PESH
5,Deuteronomy,7,7,Deuteronomy 7:7,8,ܥܡ̈ܡܐ,,,,Peshitta,PESH
5,Deuteronomy,7,7,Deuteronomy 7:7,9,ܨܒܐ,,,,Peshitta,PESH
5,Deuteronomy,7,7,Deuteronomy 7:7,10,ܒܟܘܢ,,,,Peshitta,PESH
5,Deuteronomy,7,7,Deuteronomy 7:7,11,ܡܪܝܐ,,,,Peshitta,PESH
5,Deuteronomy,7,7,Deuteronomy 7:7,12,ܘܓܒܟܘܢ,,,,Peshitta,PESH
5,Deuteronomy,7,7,Deuteronomy 7:7,13,ܡܛܠ,,,,Peshitta,PESH
5,Deuteronomy,7,7,Deuteronomy 7:7,14,ܕܐܢܬܘܢ,,,,Peshitta,PESH
5,Deuteronomy,7,7,Deuteronomy 7:7,15,ܙܥܘܪܝܢ,,,,Peshitta,PESH
5,Deuteronomy,7,7,Deuteronomy 7:7,16,ܐܢܬܘܢ,,,,Peshitta,PESH
5,Deuteronomy,7,7,Deuteronomy 7:7,17,ܡܢ,,,,Peshitta,PESH
5,Deuteronomy,7,7,Deuteronomy 7:7,18,ܟܠܗܘܢ,,,,Peshitta,PESH
5,Deuteronomy,7,7,Deuteronomy 7:7,19,ܥܡ̈ܡܐ,,,,Peshitta,PESH
5,Deuteronomy,7,8,Deuteronomy 7:8,1,ܐܠܐ,,,,Peshitta,PESH
5,Deuteronomy,7,8,Deuteronomy 7:8,2,ܡܛܠ,,,,Peshitta,PESH
5,Deuteronomy,7,8,Deuteronomy 7:8,3,ܕܪܚ̇ܡ,,,,Peshitta,PESH
5,Deuteronomy,7,8,Deuteronomy 7:8,4,ܠܟܘܢ,,,,Peshitta,PESH
5,Deuteronomy,7,8,Deuteronomy 7:8,5,ܡܪܝܐ,,,,Peshitta,PESH
5,Deuteronomy,7,8,Deuteronomy 7:8,6,ܘܕܢܩܝܡ,,,,Peshitta,PESH
5,Deuteronomy,7,8,Deuteronomy 7:8,7,ܡܘܡ̈ܬܐ,,,,Peshitta,PESH
5,Deuteronomy,7,8,Deuteronomy 7:8,8,ܕܝܡ̣ܐ,,,,Peshitta,PESH
5,Deuteronomy,7,8,Deuteronomy 7:8,9,ܠܐ̈ܒܗܝܟܘܢ,,,,Peshitta,PESH
5,Deuteronomy,7,8,Deuteronomy 7:8,10,ܐܦܩܟܘܢ,,,,Peshitta,PESH
5,Deuteronomy,7,8,Deuteronomy 7:8,11,ܡܪܝܐ,,,,Peshitta,PESH
5,Deuteronomy,7,8,Deuteronomy 7:8,12,ܒܐܝܕܗ,,,,Peshitta,PESH
5,Deuteronomy,7,8,Deuteronomy 7:8,13,ܬܩܝܦܬܐ,,,,Peshitta,PESH
5,Deuteronomy,7,8,Deuteronomy 7:8,14,ܘܦܪܩܟܘܢ,,,,Peshitta,PESH
5,Deuteronomy,7,8,Deuteronomy 7:8,15,ܡܢ,,,,Peshitta,PESH
5,Deuteronomy,7,8,Deuteronomy 7:8,16,ܒܝܬ,,,,Peshitta,PESH
5,Deuteronomy,7,8,Deuteronomy 7:8,17,ܥܒܕܘܬܐ,,,,Peshitta,PESH
5,Deuteronomy,7,8,Deuteronomy 7:8,18,ܡܢ,,,,Peshitta,PESH
5,Deuteronomy,7,8,Deuteronomy 7:8,19,ܐܝܕܗ,,,,Peshitta,PESH
5,Deuteronomy,7,8,Deuteronomy 7:8,20,ܕܦܪܥܘܢ,,,,Peshitta,PESH
5,Deuteronomy,7,8,Deuteronomy 7:8,21,ܡܠܟܐ,,,,Peshitta,PESH
5,Deuteronomy,7,8,Deuteronomy 7:8,22,ܕܡܨܪܝܢ,,,,Peshitta,PESH
5,Deuteronomy,7,9,Deuteronomy 7:9,1,ܘܕܬܕܥ,,,,Peshitta,PESH
5,Deuteronomy,7,9,Deuteronomy 7:9,2,ܕܡܪܝܐ,,,,Peshitta,PESH
5,Deuteronomy,7,9,Deuteronomy 7:9,3,ܐܠܗܟ,,,,Peshitta,PESH
5,Deuteronomy,7,9,Deuteronomy 7:9,4,ܗܘܝܘ,,,,Peshitta,PESH
5,Deuteronomy,7,9,Deuteronomy 7:9,5,ܐܠܗܐ,,,,Peshitta,PESH
5,Deuteronomy,7,9,Deuteronomy 7:9,6,ܐܠܗܐ,,,,Peshitta,PESH
5,Deuteronomy,7,9,Deuteronomy 7:9,7,ܡܗܝܡܢܐ,,,,Peshitta,PESH
5,Deuteronomy,7,9,Deuteronomy 7:9,8,ܢܛܪ,,,,Peshitta,PESH
5,Deuteronomy,7,9,Deuteronomy 7:9,9,ܩܝܡܐ,,,,Peshitta,PESH
5,Deuteronomy,7,9,Deuteronomy 7:9,10,ܘܛܝܒܘܬܐ,,,,Peshitta,PESH
5,Deuteronomy,7,9,Deuteronomy 7:9,11,ܠܪ̈ܚܡܘܗܝ,,,,Peshitta,PESH
5,Deuteronomy,7,9,Deuteronomy 7:9,12,ܘܠܢ̇ܛܪ̈ܝ,,,,Peshitta,PESH
5,Deuteronomy,7,9,Deuteronomy 7:9,13,ܦܘܩ̈ܕܢܘܗܝ,,,,Peshitta,PESH
5,Deuteronomy,7,9,Deuteronomy 7:9,14,ܠܐܠܦ,,,,Peshitta,PESH
5,Deuteronomy,7,9,Deuteronomy 7:9,15,ܕܪ̈ܝܢ,,,,Peshitta,PESH
5,Deuteronomy,7,10,Deuteronomy 7:10,1,ܘܦ̇ܪܥ,,,,Peshitta,PESH
5,Deuteronomy,7,10,Deuteronomy 7:10,2,ܠܣܢܐ̈ܘܗܝ,,,,Peshitta,PESH
5,Deuteronomy,7,10,Deuteronomy 7:10,3,ܒܚܝ̈ܝܗܘܢ,,,,Peshitta,PESH
5,Deuteronomy,7,10,Deuteronomy 7:10,4,ܦ̇ܪܥ,,,,Peshitta,PESH
5,Deuteronomy,7,10,Deuteronomy 7:10,5,ܠܗܘܢ,,,,Peshitta,PESH
5,Deuteronomy,7,10,Deuteronomy 7:10,6,ܕܢܘܒܕ,,,,Peshitta,PESH
5,Deuteronomy,7,10,Deuteronomy 7:10,7,ܐܢܘܢ,,,,Peshitta,PESH
5,Deuteronomy,7,10,Deuteronomy 7:10,8,ܠܐ,,,,Peshitta,PESH
5,Deuteronomy,7,10,Deuteronomy 7:10,9,ܢ̇ܛܪ,,,,Peshitta,PESH
5,Deuteronomy,7,10,Deuteronomy 7:10,10,ܠܣܢܐ̈ܘܗܝ,,,,Peshitta,PESH
5,Deuteronomy,7,10,Deuteronomy 7:10,11,ܐܠܐ,,,,Peshitta,PESH
5,Deuteronomy,7,10,Deuteronomy 7:10,12,ܒܚ̈ܝܝܗܘܢ,,,,Peshitta,PESH
5,Deuteronomy,7,10,Deuteronomy 7:10,13,ܦ̇ܪܥ,,,,Peshitta,PESH
5,Deuteronomy,7,10,Deuteronomy 7:10,14,ܠܗܘܢ,,,,Peshitta,PESH
5,Deuteronomy,7,11,Deuteronomy 7:11,1,ܛܪܘ,,,,Peshitta,PESH
5,Deuteronomy,7,11,Deuteronomy 7:11,2,ܦܘܩ̈ܕܢܐ,,,,Peshitta,PESH
5,Deuteronomy,7,11,Deuteronomy 7:11,3,ܘܢܡ̈ܘܣܐ,,,,Peshitta,PESH
5,Deuteronomy,7,11,Deuteronomy 7:11,4,ܘܕܝ̈ܢܐ,,,,Peshitta,PESH
5,Deuteronomy,7,11,Deuteronomy 7:11,5,ܕܡܦܩܕ,,,,Peshitta,PESH
5,Deuteronomy,7,11,Deuteronomy 7:11,6,ܐܢܐ,,,,Peshitta,PESH
5,Deuteronomy,7,11,Deuteronomy 7:11,7,ܠܟܘܢ,,,,Peshitta,PESH
5,Deuteronomy,7,11,Deuteronomy 7:11,8,ܝܘܡܢܐ,,,,Peshitta,PESH
5,Deuteronomy,7,11,Deuteronomy 7:11,9,ܘܥܒܕܘ,,,,Peshitta,PESH
5,Deuteronomy,7,11,Deuteronomy 7:11,10,ܐܢܘܢ,,,,Peshitta,PESH
5,Deuteronomy,7,12,Deuteronomy 7:12,1,ܐܢ,,,,Peshitta,PESH
5,Deuteronomy,7,12,Deuteronomy 7:12,2,ܬܫܡܥܘܢ,,,,Peshitta,PESH
5,Deuteronomy,7,12,Deuteronomy 7:12,3,ܕܝ̈ܢܐ,,,,Peshitta,PESH
5,Deuteronomy,7,12,Deuteronomy 7:12,4,ܗܠܝܢ,,,,Peshitta,PESH
5,Deuteronomy,7,12,Deuteronomy 7:12,5,ܘܬܛܪܘܢ,,,,Peshitta,PESH
5,Deuteronomy,7,12,Deuteronomy 7:12,6,ܐܢܘܢ,,,,Peshitta,PESH
5,Deuteronomy,7,12,Deuteronomy 7:12,7,ܘܬܥܒܕܘܢ,,,,Peshitta,PESH
5,Deuteronomy,7,12,Deuteronomy 7:12,8,ܐܢܘܢ,,,,Peshitta,PESH
5,Deuteronomy,7,12,Deuteronomy 7:12,9,ܢܛܪ,,,,Peshitta,PESH
5,Deuteronomy,7,12,Deuteronomy 7:12,10,ܠܟ,,,,Peshitta,PESH
5,Deuteronomy,7,12,Deuteronomy 7:12,11,ܡܪܝܐ,,,,Peshitta,PESH
5,Deuteronomy,7,12,Deuteronomy 7:12,12,ܐܠܗܟ,,,,Peshitta,PESH
5,Deuteronomy,7,12,Deuteronomy 7:12,13,ܩܝܡܐ,,,,Peshitta,PESH
5,Deuteronomy,7,12,Deuteronomy 7:12,14,ܘܛܝܒܘܬܐ,,,,Peshitta,PESH
5,Deuteronomy,7,12,Deuteronomy 7:12,15,ܕܝܡܐ,,,,Peshitta,PESH
5,Deuteronomy,7,12,Deuteronomy 7:12,16,ܠܐ̈ܒܗܝܟ,,,,Peshitta,PESH
5,Deuteronomy,7,13,Deuteronomy 7:13,1,ܘܢܪܚܡܟ,,,,Peshitta,PESH
5,Deuteronomy,7,13,Deuteronomy 7:13,2,ܘܢܒܪܟܟ,,,,Peshitta,PESH
5,Deuteronomy,7,13,Deuteronomy 7:13,3,ܘܢܣܓܝܟ,,,,Peshitta,PESH
5,Deuteronomy,7,13,Deuteronomy 7:13,4,ܘܢܒܪܟ,,,,Peshitta,PESH
5,Deuteronomy,7,13,Deuteronomy 7:13,5,ܦܐܪ̈ܐ,,,,Peshitta,PESH
5,Deuteronomy,7,13,Deuteronomy 7:13,6,ܕܟܪܣܟ,,,,Peshitta,PESH
5,Deuteronomy,7,13,Deuteronomy 7:13,7,ܘܦܐܪ̈ܐ,,,,Peshitta,PESH
5,Deuteronomy,7,13,Deuteronomy 7:13,8,ܕܐܪܥܟ,,,,Peshitta,PESH
5,Deuteronomy,7,13,Deuteronomy 7:13,9,ܘܥܒܘܪܟ,,,,Peshitta,PESH
5,Deuteronomy,7,13,Deuteronomy 7:13,10,ܘܚܡܪܟ,,,,Peshitta,PESH
5,Deuteronomy,7,13,Deuteronomy 7:13,11,ܘܡܫܚܟ,,,,Peshitta,PESH
5,Deuteronomy,7,13,Deuteronomy 7:13,12,ܘܒܩܪ̈ܐ,,,,Peshitta,PESH
5,Deuteronomy,7,13,Deuteronomy 7:13,13,ܕܬܘܪ̈ܝܟ,,,,Peshitta,PESH
5,Deuteronomy,7,13,Deuteronomy 7:13,14,ܘܓܙܪ̈ܐ,,,,Peshitta,PESH
5,Deuteronomy,7,13,Deuteronomy 7:13,15,ܕܥܢܟ,,,,Peshitta,PESH
5,Deuteronomy,7,13,Deuteronomy 7:13,16,ܒܐܪܥܐ,,,,Peshitta,PESH
5,Deuteronomy,7,13,Deuteronomy 7:13,17,ܕܝܡܐ,,,,Peshitta,PESH
5,Deuteronomy,7,13,Deuteronomy 7:13,18,ܠܐ̈ܒܗܝܟ,,,,Peshitta,PESH
5,Deuteronomy,7,13,Deuteronomy 7:13,19,ܠܡܬܠ,,,,Peshitta,PESH
5,Deuteronomy,7,13,Deuteronomy 7:13,20,ܠܟ,,,,Peshitta,PESH
5,Deuteronomy,7,14,Deuteronomy 7:14,1,ܒܪܝܟ,,,,Peshitta,PESH
5,Deuteronomy,7,14,Deuteronomy 7:14,2,ܬܗܘܐ,,,,Peshitta,PESH
5,Deuteronomy,7,14,Deuteronomy 7:14,3,ܡܢ,,,,Peshitta,PESH
5,Deuteronomy,7,14,Deuteronomy 7:14,4,ܟܠ,,,,Peshitta,PESH
5,Deuteronomy,7,14,Deuteronomy 7:14,5,ܥܡ̈ܡܝܢ,,,,Peshitta,PESH
5,Deuteronomy,7,14,Deuteronomy 7:14,6,ܠܐ,,,,Peshitta,PESH
5,Deuteronomy,7,14,Deuteronomy 7:14,7,ܢܗܘܐ,,,,Peshitta,PESH
5,Deuteronomy,7,14,Deuteronomy 7:14,8,ܒܟ,,,,Peshitta,PESH
5,Deuteronomy,7,14,Deuteronomy 7:14,9,ܕܥܩܪ,,,,Peshitta,PESH
5,Deuteronomy,7,14,Deuteronomy 7:14,10,ܘܕܥܩܪܐ,,,,Peshitta,PESH
5,Deuteronomy,7,14,Deuteronomy 7:14,11,ܘܐܦܠܐ,,,,Peshitta,PESH
5,Deuteronomy,7,14,Deuteronomy 7:14,12,ܒܒܥܝܪܟ,,,,Peshitta,PESH
5,Deuteronomy,7,15,Deuteronomy 7:15,1,ܘܢܥܒܪ,,,,Peshitta,PESH
5,Deuteronomy,7,15,Deuteronomy 7:15,2,ܡܪܝܐ,,,,Peshitta,PESH
5,Deuteronomy,7,15,Deuteronomy 7:15,3,ܡܢܟ,,,,Peshitta,PESH
5,Deuteronomy,7,15,Deuteronomy 7:15,4,ܟܠ,,,,Peshitta,PESH
5,Deuteronomy,7,15,Deuteronomy 7:15,5,ܟܐܒ,,,,Peshitta,PESH
5,Deuteronomy,7,15,Deuteronomy 7:15,6,ܘܟܘܠܗܝܢ,,,,Peshitta,PESH
5,Deuteronomy,7,15,Deuteronomy 7:15,7,ܡܚ̈ܘܬܐ,,,,Peshitta,PESH
5,Deuteronomy,7,15,Deuteronomy 7:15,8,ܒܝ̈ܫܬܐ,,,,Peshitta,PESH
5,Deuteronomy,7,15,Deuteronomy 7:15,9,ܕܡܨܪ̈ܝܐ,,,,Peshitta,PESH
5,Deuteronomy,7,15,Deuteronomy 7:15,10,ܕܝ̇ܕܥ,,,,Peshitta,PESH
5,Deuteronomy,7,15,Deuteronomy 7:15,11,ܐܢܬ,,,,Peshitta,PESH
5,Deuteronomy,7,15,Deuteronomy 7:15,12,ܠܐ,,,,Peshitta,PESH
5,Deuteronomy,7,15,Deuteronomy 7:15,13,ܢܝܬܐ,,,,Peshitta,PESH
5,Deuteronomy,7,15,Deuteronomy 7:15,14,ܐ̈ܢܝܢ,,,,Peshitta,PESH
5,Deuteronomy,7,15,Deuteronomy 7:15,15,ܥܠܝܟ,,,,Peshitta,PESH
5,Deuteronomy,7,15,Deuteronomy 7:15,16,ܐܠܐ,,,,Peshitta,PESH
5,Deuteronomy,7,15,Deuteronomy 7:15,17,ܢܝܬܐ,,,,Peshitta,PESH
5,Deuteronomy,7,15,Deuteronomy 7:15,18,ܐ̈ܢܝܢ,,,,Peshitta,PESH
5,Deuteronomy,7,15,Deuteronomy 7:15,19,ܥܠ,,,,Peshitta,PESH
5,Deuteronomy,7,15,Deuteronomy 7:15,20,ܟܠܗܘܢ,,,,Peshitta,PESH
5,Deuteronomy,7,15,Deuteronomy 7:15,21,ܣܢܐ̈ܝܟ,,,,Peshitta,PESH
5,Deuteronomy,7,16,Deuteronomy 7:16,1,ܘܬܐܟܘܠ,,,,Peshitta,PESH
5,Deuteronomy,7,16,Deuteronomy 7:16,2,ܠܟܠܗܘܢ,,,,Peshitta,PESH
5,Deuteronomy,7,16,Deuteronomy 7:16,3,ܥܡ̈ܡܐ,,,,Peshitta,PESH
5,Deuteronomy,7,16,Deuteronomy 7:16,4,ܕܝ̇ܗܒ,,,,Peshitta,PESH
5,Deuteronomy,7,16,Deuteronomy 7:16,5,ܠܟ,,,,Peshitta,PESH
5,Deuteronomy,7,16,Deuteronomy 7:16,6,ܡܪܝܐ,,,,Peshitta,PESH
5,Deuteronomy,7,16,Deuteronomy 7:16,7,ܐܠܗܟ,,,,Peshitta,PESH
5,Deuteronomy,7,16,Deuteronomy 7:16,8,ܘܠܐ,,,,Peshitta,PESH
5,Deuteronomy,7,16,Deuteronomy 7:16,9,ܬܚܘܣ,,,,Peshitta,PESH
5,Deuteronomy,7,16,Deuteronomy 7:16,10,ܥܝܢܟ,,,,Peshitta,PESH
5,Deuteronomy,7,16,Deuteronomy 7:16,11,ܥܠܝܗܘܢ,,,,Peshitta,PESH
5,Deuteronomy,7,16,Deuteronomy 7:16,12,ܘܠܐ,,,,Peshitta,PESH
5,Deuteronomy,7,16,Deuteronomy 7:16,13,ܬܦܠܘܚ,,,,Peshitta,PESH
5,Deuteronomy,7,16,Deuteronomy 7:16,14,ܠܐ̈ܠܗܝܗܘܢ,,,,Peshitta,PESH
5,Deuteronomy,7,16,Deuteronomy 7:16,15,ܡܛܠ,,,,Peshitta,PESH
5,Deuteronomy,7,16,Deuteronomy 7:16,16,ܕܦܚ̈ܐ,,,,Peshitta,PESH
5,Deuteronomy,7,16,Deuteronomy 7:16,17,ܐܢܘܢ,,,,Peshitta,PESH
5,Deuteronomy,7,16,Deuteronomy 7:16,18,ܠܟ,,,,Peshitta,PESH
5,Deuteronomy,7,17,Deuteronomy 7:17,1,ܘܐܢ,,,,Peshitta,PESH
5,Deuteronomy,7,17,Deuteronomy 7:17,2,ܬܐܡܪ,,,,Peshitta,PESH
5,Deuteronomy,7,17,Deuteronomy 7:17,3,ܒܠܒܟ,,,,Peshitta,PESH
5,Deuteronomy,7,17,Deuteronomy 7:17,4,ܕܣ̈ܓܝܐܝܢ,,,,Peshitta,PESH
5,Deuteronomy,7,17,Deuteronomy 7:17,5,ܐܢܘܢ,,,,Peshitta,PESH
5,Deuteronomy,7,17,Deuteronomy 7:17,6,ܗܠܝܢ,,,,Peshitta,PESH
5,Deuteronomy,7,17,Deuteronomy 7:17,7,ܥܡ̈ܡܐ,,,,Peshitta,PESH
5,Deuteronomy,7,17,Deuteronomy 7:17,8,ܡܢܝ,,,,Peshitta,PESH
5,Deuteronomy,7,17,Deuteronomy 7:17,9,ܐܝܟܢܐ,,,,Peshitta,PESH
5,Deuteronomy,7,17,Deuteronomy 7:17,10,ܡܫܟܚ,,,,Peshitta,PESH
5,Deuteronomy,7,17,Deuteronomy 7:17,11,ܐܢܐ,,,,Peshitta,PESH
5,Deuteronomy,7,17,Deuteronomy 7:17,12,ܕܐܘܒܕ,,,,Peshitta,PESH
5,Deuteronomy,7,17,Deuteronomy 7:17,13,ܐܢܘܢ,,,,Peshitta,PESH
5,Deuteronomy,7,18,Deuteronomy 7:18,1,ܠܐ,,,,Peshitta,PESH
5,Deuteronomy,7,18,Deuteronomy 7:18,2,ܬܕܚܠ,,,,Peshitta,PESH
5,Deuteronomy,7,18,Deuteronomy 7:18,3,ܡܢܗܘܢ,,,,Peshitta,PESH
5,Deuteronomy,7,18,Deuteronomy 7:18,4,ܐܠܐ,,,,Peshitta,PESH
5,Deuteronomy,7,18,Deuteronomy 7:18,5,ܐܬܕܟܪ,,,,Peshitta,PESH
5,Deuteronomy,7,18,Deuteronomy 7:18,6,ܟܠ,,,,Peshitta,PESH
5,Deuteronomy,7,18,Deuteronomy 7:18,7,ܡܕܡ,,,,Peshitta,PESH
5,Deuteronomy,7,18,Deuteronomy 7:18,8,ܕܥܒܕ,,,,Peshitta,PESH
5,Deuteronomy,7,18,Deuteronomy 7:18,9,ܡܪܝܐ,,,,Peshitta,PESH
5,Deuteronomy,7,18,Deuteronomy 7:18,10,ܐܠܗܟ,,,,Peshitta,PESH
5,Deuteronomy,7,18,Deuteronomy 7:18,11,ܠܦܪܥܘܢ,,,,Peshitta,PESH
5,Deuteronomy,7,18,Deuteronomy 7:18,12,ܘܠܟܠܗ̇,,,,Peshitta,PESH
5,Deuteronomy,7,18,Deuteronomy 7:18,13,ܡܨܪܝܢ,,,,Peshitta,PESH
5,Deuteronomy,7,19,Deuteronomy 7:19,1,ܢܣ̈ܝܘܢܐ,,,,Peshitta,PESH
5,Deuteronomy,7,19,Deuteronomy 7:19,2,ܪ̈ܘܪܒܐ,,,,Peshitta,PESH
5,Deuteronomy,7,19,Deuteronomy 7:19,3,ܕܚ̈ܙܝ,,,,Peshitta,PESH
5,Deuteronomy,7,19,Deuteronomy 7:19,4,ܥܝ̈ܢܝܟ,,,,Peshitta,PESH
5,Deuteronomy,7,19,Deuteronomy 7:19,5,ܐ̈ܬܘܬܐ,,,,Peshitta,PESH
5,Deuteronomy,7,19,Deuteronomy 7:19,6,ܘܬܕܡܪ̈ܬܐ,,,,Peshitta,PESH
5,Deuteronomy,7,19,Deuteronomy 7:19,7,ܘܐܝܕܐ,,,,Peshitta,PESH
5,Deuteronomy,7,19,Deuteronomy 7:19,8,ܬܩܝܦܬܐ,,,,Peshitta,PESH
5,Deuteronomy,7,19,Deuteronomy 7:19,9,ܘܕܪܥܐ,,,,Peshitta,PESH
5,Deuteronomy,7,19,Deuteronomy 7:19,10,ܪܡܐ,,,,Peshitta,PESH
5,Deuteronomy,7,19,Deuteronomy 7:19,11,ܘܐܦܩܟ,,,,Peshitta,PESH
5,Deuteronomy,7,19,Deuteronomy 7:19,12,ܡܪܝܐ,,,,Peshitta,PESH
5,Deuteronomy,7,19,Deuteronomy 7:19,13,ܐܠܗܟ,,,,Peshitta,PESH
5,Deuteronomy,7,19,Deuteronomy 7:19,14,ܗܟܢܐ,,,,Peshitta,PESH
5,Deuteronomy,7,19,Deuteronomy 7:19,15,ܢܥܒܕ,,,,Peshitta,PESH
5,Deuteronomy,7,19,Deuteronomy 7:19,16,ܡܪܝܐ,,,,Peshitta,PESH
5,Deuteronomy,7,19,Deuteronomy 7:19,17,ܐܠܗܟ,,,,Peshitta,PESH
5,Deuteronomy,7,19,Deuteronomy 7:19,18,ܠܟܠܗܘܢ,,,,Peshitta,PESH
5,Deuteronomy,7,19,Deuteronomy 7:19,19,ܥܡ̈ܡܐ,,,,Peshitta,PESH
5,Deuteronomy,7,19,Deuteronomy 7:19,20,ܕܕܚ̇ܠ,,,,Peshitta,PESH
5,Deuteronomy,7,19,Deuteronomy 7:19,21,ܐܢܬ,,,,Peshitta,PESH
5,Deuteronomy,7,19,Deuteronomy 7:19,22,ܡܢ,,,,Peshitta,PESH
5,Deuteronomy,7,19,Deuteronomy 7:19,23,ܩܕܡܝܗܘܢ,,,,Peshitta,PESH
5,Deuteronomy,7,20,Deuteronomy 7:20,1,ܘܐܦ,,,,Peshitta,PESH
5,Deuteronomy,7,20,Deuteronomy 7:20,2,ܕܒܘܪ̈ܝܬܐ,,,,Peshitta,PESH
5,Deuteronomy,7,20,Deuteronomy 7:20,3,ܢܓܪܐ,,,,Peshitta,PESH
5,Deuteronomy,7,20,Deuteronomy 7:20,4,ܡܪܝܐ,,,,Peshitta,PESH
5,Deuteronomy,7,20,Deuteronomy 7:20,5,ܐܠܗܟ,,,,Peshitta,PESH
5,Deuteronomy,7,20,Deuteronomy 7:20,6,ܒܗܘܢ,,,,Peshitta,PESH
5,Deuteronomy,7,20,Deuteronomy 7:20,7,ܥܕܡܐ,,,,Peshitta,PESH
5,Deuteronomy,7,20,Deuteronomy 7:20,8,ܕܢܐܒܕܘܢ,,,,Peshitta,PESH
5,Deuteronomy,7,20,Deuteronomy 7:20,9,ܘܐܝܠܝܢ,,,,Peshitta,PESH
5,Deuteronomy,7,20,Deuteronomy 7:20,10,ܕܡܫܬܚܪܝܢ,,,,Peshitta,PESH
5,Deuteronomy,7,20,Deuteronomy 7:20,11,ܘܐܝܠܝܢ,,,,Peshitta,PESH
5,Deuteronomy,7,20,Deuteronomy 7:20,12,ܕܛ̇ܫܝܢ,,,,Peshitta,PESH
5,Deuteronomy,7,20,Deuteronomy 7:20,13,ܡܢ,,,,Peshitta,PESH
5,Deuteronomy,7,20,Deuteronomy 7:20,14,ܩܕܡܝܟ,,,,Peshitta,PESH
5,Deuteronomy,7,21,Deuteronomy 7:21,1,ܠܐ,,,,Peshitta,PESH
5,Deuteronomy,7,21,Deuteronomy 7:21,2,ܬܕܚܠ,,,,Peshitta,PESH
5,Deuteronomy,7,21,Deuteronomy 7:21,3,ܡܢܗܘܢ,,,,Peshitta,PESH
5,Deuteronomy,7,21,Deuteronomy 7:21,4,ܡܛܠ,,,,Peshitta,PESH
5,Deuteronomy,7,21,Deuteronomy 7:21,5,ܕܡܪܝܐ,,,,Peshitta,PESH
5,Deuteronomy,7,21,Deuteronomy 7:21,6,ܐܠܗܟ,,,,Peshitta,PESH
5,Deuteronomy,7,21,Deuteronomy 7:21,7,ܒܓܘܟ,,,,Peshitta,PESH
5,Deuteronomy,7,21,Deuteronomy 7:21,8,ܐܠܗܐ,,,,Peshitta,PESH
5,Deuteronomy,7,21,Deuteronomy 7:21,9,ܪܒܐ,,,,Peshitta,PESH
5,Deuteronomy,7,21,Deuteronomy 7:21,10,ܘܕܚܝܠܐ,,,,Peshitta,PESH
5,Deuteronomy,7,22,Deuteronomy 7:22,1,ܘܢܘܒܕ,,,,Peshitta,PESH
5,Deuteronomy,7,22,Deuteronomy 7:22,2,ܡܪܝܐ,,,,Peshitta,PESH
5,Deuteronomy,7,22,Deuteronomy 7:22,3,ܐܠܗܟ,,,,Peshitta,PESH
5,Deuteronomy,7,22,Deuteronomy 7:22,4,ܠܗܠܝܢ,,,,Peshitta,PESH
5,Deuteronomy,7,22,Deuteronomy 7:22,5,ܥܡ̈ܡܐ,,,,Peshitta,PESH
5,Deuteronomy,7,22,Deuteronomy 7:22,6,ܡܢ,,,,Peshitta,PESH
5,Deuteronomy,7,22,Deuteronomy 7:22,7,ܩܕܡܝܟ,,,,Peshitta,PESH
5,Deuteronomy,7,22,Deuteronomy 7:22,8,ܒܩܠܝܠ,,,,Peshitta,PESH
5,Deuteronomy,7,22,Deuteronomy 7:22,9,ܩܠܝܠ,,,,Peshitta,PESH
5,Deuteronomy,7,22,Deuteronomy 7:22,10,ܠܐ,,,,Peshitta,PESH
5,Deuteronomy,7,22,Deuteronomy 7:22,11,ܡܫܟܚ,,,,Peshitta,PESH
5,Deuteronomy,7,22,Deuteronomy 7:22,12,ܐܢܬ,,,,Peshitta,PESH
5,Deuteronomy,7,22,Deuteronomy 7:22,13,ܕܬܘܒܕ,,,,Peshitta,PESH
5,Deuteronomy,7,22,Deuteronomy 7:22,14,ܐܢܘܢ,,,,Peshitta,PESH
5,Deuteronomy,7,22,Deuteronomy 7:22,15,ܒܥܓܠ,,,,Peshitta,PESH
5,Deuteronomy,7,22,Deuteronomy 7:22,16,ܕܠܐ,,,,Peshitta,PESH
5,Deuteronomy,7,22,Deuteronomy 7:22,17,ܬܣܓܐ,,,,Peshitta,PESH
5,Deuteronomy,7,22,Deuteronomy 7:22,18,ܥܠܝܟ,,,,Peshitta,PESH
5,Deuteronomy,7,22,Deuteronomy 7:22,19,ܚܝܘܬ,,,,Peshitta,PESH
5,Deuteronomy,7,22,Deuteronomy 7:22,20,ܒܪܐ,,,,Peshitta,PESH
5,Deuteronomy,7,23,Deuteronomy 7:23,1,ܘܢܫܠܡ,,,,Peshitta,PESH
5,Deuteronomy,7,23,Deuteronomy 7:23,2,ܐܢܘܢ,,,,Peshitta,PESH
5,Deuteronomy,7,23,Deuteronomy 7:23,3,ܡܪܝܐ,,,,Peshitta,PESH
5,Deuteronomy,7,23,Deuteronomy 7:23,4,ܐܠܗܟ,,,,Peshitta,PESH
5,Deuteronomy,7,23,Deuteronomy 7:23,5,ܩܕܡܝܟ,,,,Peshitta,PESH
5,Deuteronomy,7,23,Deuteronomy 7:23,6,ܘܬܡܚܐ,,,,Peshitta,PESH
5,Deuteronomy,7,23,Deuteronomy 7:23,7,ܐܢܘܢ,,,,Peshitta,PESH
5,Deuteronomy,7,23,Deuteronomy 7:23,8,ܡܚܘܬܐ,,,,Peshitta,PESH
5,Deuteronomy,7,23,Deuteronomy 7:23,9,ܪܒܬܐ,,,,Peshitta,PESH
5,Deuteronomy,7,23,Deuteronomy 7:23,10,ܥܕܡܐ,,,,Peshitta,PESH
5,Deuteronomy,7,23,Deuteronomy 7:23,11,ܕܬܘܒܕ,,,,Peshitta,PESH
5,Deuteronomy,7,23,Deuteronomy 7:23,12,ܐܢܘܢ,,,,Peshitta,PESH
5,Deuteronomy,7,24,Deuteronomy 7:24,1,ܘܢܫܠܡ,,,,Peshitta,PESH
5,Deuteronomy,7,24,Deuteronomy 7:24,2,ܡ̈ܠܟܝܗܘܢ,,,,Peshitta,PESH
5,Deuteronomy,7,24,Deuteronomy 7:24,3,ܒܐ̈ܝܕܝܟ,,,,Peshitta,PESH
5,Deuteronomy,7,24,Deuteronomy 7:24,4,ܘܬܘܒܕ,,,,Peshitta,PESH
5,Deuteronomy,7,24,Deuteronomy 7:24,5,ܫܡܗܘܢ,,,,Peshitta,PESH
5,Deuteronomy,7,24,Deuteronomy 7:24,6,ܡܢ,,,,Peshitta,PESH
5,Deuteronomy,7,24,Deuteronomy 7:24,7,ܬܚܝܬ,,,,Peshitta,PESH
5,Deuteronomy,7,24,Deuteronomy 7:24,8,ܫܡܝܐ,,,,Peshitta,PESH
5,Deuteronomy,7,24,Deuteronomy 7:24,9,ܘܠܐ,,,,Peshitta,PESH
5,Deuteronomy,7,24,Deuteronomy 7:24,10,ܢܩܘܡ,,,,Peshitta,PESH
5,Deuteronomy,7,24,Deuteronomy 7:24,11,ܐܢܫ,,,,Peshitta,PESH
5,Deuteronomy,7,24,Deuteronomy 7:24,12,ܩܕܡܝܟ,,,,Peshitta,PESH
5,Deuteronomy,7,24,Deuteronomy 7:24,13,ܥܕܡܐ,,,,Peshitta,PESH
5,Deuteronomy,7,24,Deuteronomy 7:24,14,ܕܬܘܒܕ,,,,Peshitta,PESH
5,Deuteronomy,7,24,Deuteronomy 7:24,15,ܐܢܘܢ,,,,Peshitta,PESH
5,Deuteronomy,7,25,Deuteronomy 7:25,1,ܓ̈ܠܝܦܐ,,,,Peshitta,PESH
5,Deuteronomy,7,25,Deuteronomy 7:25,2,ܕܐ̈ܠܗܝܗܘܢ,,,,Peshitta,PESH
5,Deuteronomy,7,25,Deuteronomy 7:25,3,ܬܘܩܕܘܢ,,,,Peshitta,PESH
5,Deuteronomy,7,25,Deuteronomy 7:25,4,ܒܢܘܪܐ,,,,Peshitta,PESH
5,Deuteronomy,7,25,Deuteronomy 7:25,5,ܘܠܐ,,,,Peshitta,PESH
5,Deuteronomy,7,25,Deuteronomy 7:25,6,ܬܪܓ,,,,Peshitta,PESH
5,Deuteronomy,7,25,Deuteronomy 7:25,7,ܣܐܡܐ,,,,Peshitta,PESH
5,Deuteronomy,7,25,Deuteronomy 7:25,8,ܘܕܗܒܐ,,,,Peshitta,PESH
5,Deuteronomy,7,25,Deuteronomy 7:25,9,ܕܐܝܬ,,,,Peshitta,PESH
5,Deuteronomy,7,25,Deuteronomy 7:25,10,ܒܗܘܢ,,,,Peshitta,PESH
5,Deuteronomy,7,25,Deuteronomy 7:25,11,ܘܬܣܒ,,,,Peshitta,PESH
5,Deuteronomy,7,25,Deuteronomy 7:25,12,ܠܟ,,,,Peshitta,PESH
5,Deuteronomy,7,25,Deuteronomy 7:25,13,ܕܠܐ,,,,Peshitta,PESH
5,Deuteronomy,7,25,Deuteronomy 7:25,14,ܬܬܛܡܐ,,,,Peshitta,PESH
5,Deuteronomy,7,25,Deuteronomy 7:25,15,ܒܗ,,,,Peshitta,PESH
5,Deuteronomy,7,25,Deuteronomy 7:25,16,ܡܛܠ,,,,Peshitta,PESH
5,Deuteronomy,7,25,Deuteronomy 7:25,17,ܕܡܣܠܝ,,,,Peshitta,PESH
5,Deuteronomy,7,25,Deuteronomy 7:25,18,ܗܘ,,,,Peshitta,PESH
5,Deuteronomy,7,25,Deuteronomy 7:25,19,ܩܕܡ,,,,Peshitta,PESH
5,Deuteronomy,7,25,Deuteronomy 7:25,20,ܡܪܝܐ,,,,Peshitta,PESH
5,Deuteronomy,7,25,Deuteronomy 7:25,21,ܐܠܗܟ,,,,Peshitta,PESH
5,Deuteronomy,7,26,Deuteronomy 7:26,1,ܠܐ,,,,Peshitta,PESH
5,Deuteronomy,7,26,Deuteronomy 7:26,2,ܬܥܠ,,,,Peshitta,PESH
5,Deuteronomy,7,26,Deuteronomy 7:26,3,ܛܢܦܘܬܐ,,,,Peshitta,PESH
5,Deuteronomy,7,26,Deuteronomy 7:26,4,ܠܒܝܬܟ,,,,Peshitta,PESH
5,Deuteronomy,7,26,Deuteronomy 7:26,5,ܕܠܐ,,,,Peshitta,PESH
5,Deuteronomy,7,26,Deuteronomy 7:26,6,ܬܗܘܐ,,,,Peshitta,PESH
5,Deuteronomy,7,26,Deuteronomy 7:26,7,ܚܪܡ,,,,Peshitta,PESH
5,Deuteronomy,7,26,Deuteronomy 7:26,8,ܐܟܘܬܗ,,,,Peshitta,PESH
5,Deuteronomy,7,26,Deuteronomy 7:26,9,ܐܠܐ,,,,Peshitta,PESH
5,Deuteronomy,7,26,Deuteronomy 7:26,10,ܡܣܠܝܘ,,,,Peshitta,PESH
5,Deuteronomy,7,26,Deuteronomy 7:26,11,ܐܣܠܝܗܝ,,,,Peshitta,PESH
5,Deuteronomy,7,26,Deuteronomy 7:26,12,ܘܡܛܢܦܘ,,,,Peshitta,PESH
5,Deuteronomy,7,26,Deuteronomy 7:26,13,ܛܢܦܝܗܝ,,,,Peshitta,PESH
5,Deuteronomy,7,26,Deuteronomy 7:26,14,ܡܛܠ,,,,Peshitta,PESH
5,Deuteronomy,7,26,Deuteronomy 7:26,15,ܕܚܪܡܐ,,,,Peshitta,PESH
5,Deuteronomy,7,26,Deuteronomy 7:26,16,ܗܘ,,,,Peshitta,PESH
5,Deuteronomy,8,1,Deuteronomy 8:1,1,ܟܠܗܘܢ,,,,Peshitta,PESH
5,Deuteronomy,8,1,Deuteronomy 8:1,2,ܦܘܩ̈ܕܢܐ,,,,Peshitta,PESH
5,Deuteronomy,8,1,Deuteronomy 8:1,3,ܕܡܦܩܕ,,,,Peshitta,PESH
5,Deuteronomy,8,1,Deuteronomy 8:1,4,ܐܢܐ,,,,Peshitta,PESH
5,Deuteronomy,8,1,Deuteronomy 8:1,5,ܠܟܘܢ,,,,Peshitta,PESH
5,Deuteronomy,8,1,Deuteronomy 8:1,6,ܝܘܡܢܐ,,,,Peshitta,PESH
5,Deuteronomy,8,1,Deuteronomy 8:1,7,ܛܪܘ,,,,Peshitta,PESH
5,Deuteronomy,8,1,Deuteronomy 8:1,8,ܘܥܒܕܘ,,,,Peshitta,PESH
5,Deuteronomy,8,1,Deuteronomy 8:1,9,ܐܢܘܢ,,,,Peshitta,PESH
5,Deuteronomy,8,1,Deuteronomy 8:1,10,ܕܬܚܘܢ,,,,Peshitta,PESH
5,Deuteronomy,8,1,Deuteronomy 8:1,11,ܘܬܣܓܘܢ,,,,Peshitta,PESH
5,Deuteronomy,8,1,Deuteronomy 8:1,12,ܘܬܥܠܘܢ,,,,Peshitta,PESH
5,Deuteronomy,8,1,Deuteronomy 8:1,13,ܘܬܐܪܬܘܢ,,,,Peshitta,PESH
5,Deuteronomy,8,1,Deuteronomy 8:1,14,ܐܪܥܐ,,,,Peshitta,PESH
5,Deuteronomy,8,1,Deuteronomy 8:1,15,ܕܝܡܐ,,,,Peshitta,PESH
5,Deuteronomy,8,1,Deuteronomy 8:1,16,ܡܪܝܐ,,,,Peshitta,PESH
5,Deuteronomy,8,1,Deuteronomy 8:1,17,ܠܐ̈ܒܗܝܟܘܢ,,,,Peshitta,PESH
5,Deuteronomy,8,2,Deuteronomy 8:2,1,ܘܬܬܕܟܪܘܢ,,,,Peshitta,PESH
5,Deuteronomy,8,2,Deuteronomy 8:2,2,ܟܠܗ̇,,,,Peshitta,PESH
5,Deuteronomy,8,2,Deuteronomy 8:2,3,ܐܘܪܚܐ,,,,Peshitta,PESH
5,Deuteronomy,8,2,Deuteronomy 8:2,4,ܕܕܒܪܟܘܢ,,,,Peshitta,PESH
5,Deuteronomy,8,2,Deuteronomy 8:2,5,ܡܪܝܐ,,,,Peshitta,PESH
5,Deuteronomy,8,2,Deuteronomy 8:2,6,ܐܠܗܟܘܢ,,,,Peshitta,PESH
5,Deuteronomy,8,2,Deuteronomy 8:2,7,ܗܐ,,,,Peshitta,PESH
5,Deuteronomy,8,2,Deuteronomy 8:2,8,ܐܪ̈ܒܥܝܢ,,,,Peshitta,PESH
5,Deuteronomy,8,2,Deuteronomy 8:2,9,ܫܢ̈ܝܢ,,,,Peshitta,PESH
5,Deuteronomy,8,2,Deuteronomy 8:2,10,ܒܡܕܒܪܐ,,,,Peshitta,PESH
5,Deuteronomy,8,2,Deuteronomy 8:2,11,ܕܢܡܟܟܘܢ,,,,Peshitta,PESH
5,Deuteronomy,8,2,Deuteronomy 8:2,12,ܘܢܢܣܝܟܘܢ,,,,Peshitta,PESH
5,Deuteronomy,8,2,Deuteronomy 8:2,13,ܘܕܢܕܥ,,,,Peshitta,PESH
5,Deuteronomy,8,2,Deuteronomy 8:2,14,ܡܐ,,,,Peshitta,PESH
5,Deuteronomy,8,2,Deuteronomy 8:2,15,ܕܐܝܬ,,,,Peshitta,PESH
5,Deuteronomy,8,2,Deuteronomy 8:2,16,ܒܠܒܟܘܢ,,,,Peshitta,PESH
5,Deuteronomy,8,2,Deuteronomy 8:2,17,ܐܢ,,,,Peshitta,PESH
5,Deuteronomy,8,2,Deuteronomy 8:2,18,ܢ̇ܛܪܝܢ,,,,Peshitta,PESH
5,Deuteronomy,8,2,Deuteronomy 8:2,19,ܐܢܬܘܢ,,,,Peshitta,PESH
5,Deuteronomy,8,2,Deuteronomy 8:2,20,ܦܘܩ̈ܕܢܘܗܝ,,,,Peshitta,PESH
5,Deuteronomy,8,2,Deuteronomy 8:2,21,ܘܐܢ,,,,Peshitta,PESH
5,Deuteronomy,8,2,Deuteronomy 8:2,22,ܠܐ,,,,Peshitta,PESH
5,Deuteronomy,8,3,Deuteronomy 8:3,1,ܘܡܟܟܟ,,,,Peshitta,PESH
5,Deuteronomy,8,3,Deuteronomy 8:3,2,ܘܐܟܦܢܟ,,,,Peshitta,PESH
5,Deuteronomy,8,3,Deuteronomy 8:3,3,ܘܐܘܟܠܟ,,,,Peshitta,PESH
5,Deuteronomy,8,3,Deuteronomy 8:3,4,ܡܢܢܐ,,,,Peshitta,PESH
5,Deuteronomy,8,3,Deuteronomy 8:3,5,ܕܠܐ,,,,Peshitta,PESH
5,Deuteronomy,8,3,Deuteronomy 8:3,6,ܝܕܥܬ,,,,Peshitta,PESH
5,Deuteronomy,8,3,Deuteronomy 8:3,7,ܘܠܐ,,,,Peshitta,PESH
5,Deuteronomy,8,3,Deuteronomy 8:3,8,ܝܕܥܘܗܝ,,,,Peshitta,PESH
5,Deuteronomy,8,3,Deuteronomy 8:3,9,ܐ̈ܒܗܝܟ,,,,Peshitta,PESH
5,Deuteronomy,8,3,Deuteronomy 8:3,10,ܕܢܚܘܝܟ,,,,Peshitta,PESH
5,Deuteronomy,8,3,Deuteronomy 8:3,11,ܕܠܐ,,,,Peshitta,PESH
5,Deuteronomy,8,3,Deuteronomy 8:3,12,ܗܘܐ,,,,Peshitta,PESH
5,Deuteronomy,8,3,Deuteronomy 8:3,13,ܒܠܚܡܐ,,,,Peshitta,PESH
5,Deuteronomy,8,3,Deuteronomy 8:3,14,ܒܠܚܘܕ,,,,Peshitta,PESH
5,Deuteronomy,8,3,Deuteronomy 8:3,15,ܚ̇ܝܐ,,,,Peshitta,PESH
5,Deuteronomy,8,3,Deuteronomy 8:3,16,ܒܪ,,,,Peshitta,PESH
5,Deuteronomy,8,3,Deuteronomy 8:3,17,ܐܢܫܐ,,,,Peshitta,PESH
5,Deuteronomy,8,3,Deuteronomy 8:3,18,ܐܠܐ,,,,Peshitta,PESH
5,Deuteronomy,8,3,Deuteronomy 8:3,19,ܒܟܠ,,,,Peshitta,PESH
5,Deuteronomy,8,3,Deuteronomy 8:3,20,ܡܕܡ,,,,Peshitta,PESH
5,Deuteronomy,8,3,Deuteronomy 8:3,21,ܕܡܦܩ,,,,Peshitta,PESH
5,Deuteronomy,8,3,Deuteronomy 8:3,22,ܦܘܡܗ,,,,Peshitta,PESH
5,Deuteronomy,8,3,Deuteronomy 8:3,23,ܕܡܪܝܐ,,,,Peshitta,PESH
5,Deuteronomy,8,3,Deuteronomy 8:3,24,ܚ̇ܝܐ,,,,Peshitta,PESH
5,Deuteronomy,8,3,Deuteronomy 8:3,25,ܐܢܫܐ,,,,Peshitta,PESH
5,Deuteronomy,8,4,Deuteronomy 8:4,1,ܢܚ̈ܬܝܟ,,,,Peshitta,PESH
5,Deuteronomy,8,4,Deuteronomy 8:4,2,ܠܐ,,,,Peshitta,PESH
5,Deuteronomy,8,4,Deuteronomy 8:4,3,ܒܠܝܘ,,,,Peshitta,PESH
5,Deuteronomy,8,4,Deuteronomy 8:4,4,ܡܢܟ,,,,Peshitta,PESH
5,Deuteronomy,8,4,Deuteronomy 8:4,5,ܘܪ̈ܓܠܝܟ,,,,Peshitta,PESH
5,Deuteronomy,8,4,Deuteronomy 8:4,6,ܠܐ,,,,Peshitta,PESH
5,Deuteronomy,8,4,Deuteronomy 8:4,7,ܐܢܚܦ,,,,Peshitta,PESH
5,Deuteronomy,8,4,Deuteronomy 8:4,8,ܗܐ,,,,Peshitta,PESH
5,Deuteronomy,8,4,Deuteronomy 8:4,9,ܐܪ̈ܒܥܝܢ,,,,Peshitta,PESH
5,Deuteronomy,8,4,Deuteronomy 8:4,10,ܫ̈ܢܝܢ,,,,Peshitta,PESH
5,Deuteronomy,8,5,Deuteronomy 8:5,1,ܘܕܬܕܥ,,,,Peshitta,PESH
5,Deuteronomy,8,5,Deuteronomy 8:5,2,ܒܠܒܟ,,,,Peshitta,PESH
5,Deuteronomy,8,5,Deuteronomy 8:5,3,ܕܐܝܟ,,,,Peshitta,PESH
5,Deuteronomy,8,5,Deuteronomy 8:5,4,ܕܪܕܐ,,,,Peshitta,PESH
5,Deuteronomy,8,5,Deuteronomy 8:5,5,ܓܒܪܐ,,,,Peshitta,PESH
5,Deuteronomy,8,5,Deuteronomy 8:5,6,ܠܒܪܗ,,,,Peshitta,PESH
5,Deuteronomy,8,5,Deuteronomy 8:5,7,ܗܟܢܐ,,,,Peshitta,PESH
5,Deuteronomy,8,5,Deuteronomy 8:5,8,ܪܕܐ,,,,Peshitta,PESH
5,Deuteronomy,8,5,Deuteronomy 8:5,9,ܠܟ,,,,Peshitta,PESH
5,Deuteronomy,8,5,Deuteronomy 8:5,10,ܡܪܝܐ,,,,Peshitta,PESH
5,Deuteronomy,8,5,Deuteronomy 8:5,11,ܐܠܗܟ,,,,Peshitta,PESH
5,Deuteronomy,8,6,Deuteronomy 8:6,1,ܛܪܘ,,,,Peshitta,PESH
5,Deuteronomy,8,6,Deuteronomy 8:6,2,ܦܘܩ̈ܕܢܘܗܝ,,,,Peshitta,PESH
5,Deuteronomy,8,6,Deuteronomy 8:6,3,ܕܡܪܝܐ,,,,Peshitta,PESH
5,Deuteronomy,8,6,Deuteronomy 8:6,4,ܐܠܗܟ,,,,Peshitta,PESH
5,Deuteronomy,8,6,Deuteronomy 8:6,5,ܘܗܠܟ,,,,Peshitta,PESH
5,Deuteronomy,8,6,Deuteronomy 8:6,6,ܒܐܘܪ̈ܚܬܗ,,,,Peshitta,PESH
5,Deuteronomy,8,6,Deuteronomy 8:6,7,ܘܕܚܠ,,,,Peshitta,PESH
5,Deuteronomy,8,6,Deuteronomy 8:6,8,ܡܢܗ,,,,Peshitta,PESH
5,Deuteronomy,8,7,Deuteronomy 8:7,1,ܡܛܠ,,,,Peshitta,PESH
5,Deuteronomy,8,7,Deuteronomy 8:7,2,ܕܡܪܝܐ,,,,Peshitta,PESH
5,Deuteronomy,8,7,Deuteronomy 8:7,3,ܐܠܗܟ,,,,Peshitta,PESH
5,Deuteronomy,8,7,Deuteronomy 8:7,4,ܡܥܠ,,,,Peshitta,PESH
5,Deuteronomy,8,7,Deuteronomy 8:7,5,ܠܟ,,,,Peshitta,PESH
5,Deuteronomy,8,7,Deuteronomy 8:7,6,ܠܐܪܥܐ,,,,Peshitta,PESH
5,Deuteronomy,8,7,Deuteronomy 8:7,7,ܛܒܬܐ,,,,Peshitta,PESH
5,Deuteronomy,8,7,Deuteronomy 8:7,8,ܐܪܥܐ,,,,Peshitta,PESH
5,Deuteronomy,8,7,Deuteronomy 8:7,9,ܕܪ̈ܓܠܬܐ,,,,Peshitta,PESH
5,Deuteronomy,8,7,Deuteronomy 8:7,10,ܕܡ̈ܝܐ,,,,Peshitta,PESH
5,Deuteronomy,8,7,Deuteronomy 8:7,11,ܘܡܒ̈ܘܥܐ,,,,Peshitta,PESH
5,Deuteronomy,8,7,Deuteronomy 8:7,12,ܘܬܗܘ̈ܡܐ,,,,Peshitta,PESH
5,Deuteronomy,8,7,Deuteronomy 8:7,13,ܕܢ̇ܦܩܝܢ,,,,Peshitta,PESH
5,Deuteronomy,8,7,Deuteronomy 8:7,14,ܒܦܩ̈ܥܬܐ,,,,Peshitta,PESH
5,Deuteronomy,8,7,Deuteronomy 8:7,15,ܘܒܛܘܪ̈ܐ,,,,Peshitta,PESH
5,Deuteronomy,8,8,Deuteronomy 8:8,1,ܐܪܥܐ,,,,Peshitta,PESH
5,Deuteronomy,8,8,Deuteronomy 8:8,2,ܕܚ̈ܛܐ,,,,Peshitta,PESH
5,Deuteronomy,8,8,Deuteronomy 8:8,3,ܘܕܣܥܪ̈ܐ,,,,Peshitta,PESH
5,Deuteronomy,8,8,Deuteronomy 8:8,4,ܘܕܓܘܦ̈ܢܐ,,,,Peshitta,PESH
5,Deuteronomy,8,8,Deuteronomy 8:8,5,ܘܕܬܐ̈ܢܐ,,,,Peshitta,PESH
5,Deuteronomy,8,8,Deuteronomy 8:8,6,ܘܕܪ̈ܘܡܢܐ,,,,Peshitta,PESH
5,Deuteronomy,8,8,Deuteronomy 8:8,7,ܐܪܥܐ,,,,Peshitta,PESH
5,Deuteronomy,8,8,Deuteronomy 8:8,8,ܕܙܝ̈ܬܐ,,,,Peshitta,PESH
5,Deuteronomy,8,8,Deuteronomy 8:8,9,ܘܕܡܫܚܐ,,,,Peshitta,PESH
5,Deuteronomy,8,8,Deuteronomy 8:8,10,ܘܕܕܒܫܐ,,,,Peshitta,PESH
5,Deuteronomy,8,9,Deuteronomy 8:9,1,ܐܪܥܐ,,,,Peshitta,PESH
5,Deuteronomy,8,9,Deuteronomy 8:9,2,ܕܠܐ,,,,Peshitta,PESH
5,Deuteronomy,8,9,Deuteronomy 8:9,3,ܒܡܣܟܢܘܬܐ,,,,Peshitta,PESH
5,Deuteronomy,8,9,Deuteronomy 8:9,4,ܬܐܟܘܠ,,,,Peshitta,PESH
5,Deuteronomy,8,9,Deuteronomy 8:9,5,ܒܗ̇,,,,Peshitta,PESH
5,Deuteronomy,8,9,Deuteronomy 8:9,6,ܠܚܡܐ,,,,Peshitta,PESH
5,Deuteronomy,8,9,Deuteronomy 8:9,7,ܘܠܐ,,,,Peshitta,PESH
5,Deuteronomy,8,9,Deuteronomy 8:9,8,ܢܚܣܪ,,,,Peshitta,PESH
5,Deuteronomy,8,9,Deuteronomy 8:9,9,ܠܟ,,,,Peshitta,PESH
5,Deuteronomy,8,9,Deuteronomy 8:9,10,ܒܗ̇,,,,Peshitta,PESH
5,Deuteronomy,8,9,Deuteronomy 8:9,11,ܡܕܡ,,,,Peshitta,PESH
5,Deuteronomy,8,9,Deuteronomy 8:9,12,ܐܪܥܐ,,,,Peshitta,PESH
5,Deuteronomy,8,9,Deuteronomy 8:9,13,ܕܟܐ̈ܦܝܗ̇,,,,Peshitta,PESH
5,Deuteronomy,8,9,Deuteronomy 8:9,14,ܦܪܙܠܐ,,,,Peshitta,PESH
5,Deuteronomy,8,9,Deuteronomy 8:9,15,ܘܡܢ,,,,Peshitta,PESH
5,Deuteronomy,8,9,Deuteronomy 8:9,16,ܛܘܪ̈ܝܗ̇,,,,Peshitta,PESH
5,Deuteronomy,8,9,Deuteronomy 8:9,17,ܬܦܣܘܠ,,,,Peshitta,PESH
5,Deuteronomy,8,9,Deuteronomy 8:9,18,ܢܚܫܐ,,,,Peshitta,PESH
5,Deuteronomy,8,10,Deuteronomy 8:10,1,ܘܬܐܟܘܠ,,,,Peshitta,PESH
5,Deuteronomy,8,10,Deuteronomy 8:10,2,ܘܬܣܒܥ,,,,Peshitta,PESH
5,Deuteronomy,8,10,Deuteronomy 8:10,3,ܘܬܒܪܟ,,,,Peshitta,PESH
5,Deuteronomy,8,10,Deuteronomy 8:10,4,ܠܡܪܝܐ,,,,Peshitta,PESH
5,Deuteronomy,8,10,Deuteronomy 8:10,5,ܐܠܗܟ,,,,Peshitta,PESH
5,Deuteronomy,8,10,Deuteronomy 8:10,6,ܒܐܪܥܐ,,,,Peshitta,PESH
5,Deuteronomy,8,10,Deuteronomy 8:10,7,ܛܒܬܐ,,,,Peshitta,PESH
5,Deuteronomy,8,10,Deuteronomy 8:10,8,ܕܝ̇ܗܒ,,,,Peshitta,PESH
5,Deuteronomy,8,10,Deuteronomy 8:10,9,ܠܟ,,,,Peshitta,PESH
5,Deuteronomy,8,11,Deuteronomy 8:11,1,ܐܙܕܗܪ,,,,Peshitta,PESH
5,Deuteronomy,8,11,Deuteronomy 8:11,2,ܠܟ,,,,Peshitta,PESH
5,Deuteronomy,8,11,Deuteronomy 8:11,3,ܕܠܡܐ,,,,Peshitta,PESH
5,Deuteronomy,8,11,Deuteronomy 8:11,4,ܬܛܥܐ,,,,Peshitta,PESH
5,Deuteronomy,8,11,Deuteronomy 8:11,5,ܠܡܪܝܐ,,,,Peshitta,PESH
5,Deuteronomy,8,11,Deuteronomy 8:11,6,ܐܠܗܟ,,,,Peshitta,PESH
5,Deuteronomy,8,11,Deuteronomy 8:11,7,ܐܠܐ,,,,Peshitta,PESH
5,Deuteronomy,8,11,Deuteronomy 8:11,8,ܛܪ,,,,Peshitta,PESH
5,Deuteronomy,8,11,Deuteronomy 8:11,9,ܦܘܩ̈ܕܢܘܗܝ,,,,Peshitta,PESH
5,Deuteronomy,8,11,Deuteronomy 8:11,10,ܘܕܝ̈ܢܘܗܝ,,,,Peshitta,PESH
5,Deuteronomy,8,11,Deuteronomy 8:11,11,ܘܢܡ̈ܘܣܘܗܝ,,,,Peshitta,PESH
5,Deuteronomy,8,11,Deuteronomy 8:11,12,ܕܡܦܩܕ,,,,Peshitta,PESH
5,Deuteronomy,8,11,Deuteronomy 8:11,13,ܐܢܐ,,,,Peshitta,PESH
5,Deuteronomy,8,11,Deuteronomy 8:11,14,ܠܟ,,,,Peshitta,PESH
5,Deuteronomy,8,11,Deuteronomy 8:11,15,ܝܘܡܢܐ,,,,Peshitta,PESH
5,Deuteronomy,8,12,Deuteronomy 8:12,1,ܕܠܐ,,,,Peshitta,PESH
5,Deuteronomy,8,12,Deuteronomy 8:12,2,ܟܕ,,,,Peshitta,PESH
5,Deuteronomy,8,12,Deuteronomy 8:12,3,ܬܐܟܘܠ,,,,Peshitta,PESH
5,Deuteronomy,8,12,Deuteronomy 8:12,4,ܘܬܣܒܥ,,,,Peshitta,PESH
5,Deuteronomy,8,12,Deuteronomy 8:12,5,ܘܒܬ̈ܐ,,,,Peshitta,PESH
5,Deuteronomy,8,12,Deuteronomy 8:12,6,ܫܦܝܪ̈ܐ,,,,Peshitta,PESH
5,Deuteronomy,8,12,Deuteronomy 8:12,7,ܬܒܢܐ,,,,Peshitta,PESH
5,Deuteronomy,8,12,Deuteronomy 8:12,8,ܘܬܬܒ,,,,Peshitta,PESH
5,Deuteronomy,8,13,Deuteronomy 8:13,1,ܘܥܢܟ,,,,Peshitta,PESH
5,Deuteronomy,8,13,Deuteronomy 8:13,2,ܘܬܘܪ̈ܝܟ,,,,Peshitta,PESH
5,Deuteronomy,8,13,Deuteronomy 8:13,3,ܢܣܓܘܢ,,,,Peshitta,PESH
5,Deuteronomy,8,13,Deuteronomy 8:13,4,ܘܣܐܡܐ,,,,Peshitta,PESH
5,Deuteronomy,8,13,Deuteronomy 8:13,5,ܘܕܗܒܐ,,,,Peshitta,PESH
5,Deuteronomy,8,13,Deuteronomy 8:13,6,ܢܣܓܐ,,,,Peshitta,PESH
5,Deuteronomy,8,13,Deuteronomy 8:13,7,ܠܟ,,,,Peshitta,PESH
5,Deuteronomy,8,13,Deuteronomy 8:13,8,ܘܟܠ,,,,Peshitta,PESH
5,Deuteronomy,8,13,Deuteronomy 8:13,9,ܕܐܝܬ,,,,Peshitta,PESH
5,Deuteronomy,8,13,Deuteronomy 8:13,10,ܠܟ,,,,Peshitta,PESH
5,Deuteronomy,8,13,Deuteronomy 8:13,11,ܢܣܓܐ,,,,Peshitta,PESH
5,Deuteronomy,8,14,Deuteronomy 8:14,1,ܢܬܬܪܝܡ,,,,Peshitta,PESH
5,Deuteronomy,8,14,Deuteronomy 8:14,2,ܠܒܟ,,,,Peshitta,PESH
5,Deuteronomy,8,14,Deuteronomy 8:14,3,ܘܬܛܥܐ,,,,Peshitta,PESH
5,Deuteronomy,8,14,Deuteronomy 8:14,4,ܠܡܪܝܐ,,,,Peshitta,PESH
5,Deuteronomy,8,14,Deuteronomy 8:14,5,ܐܠܗܟ,,,,Peshitta,PESH
5,Deuteronomy,8,14,Deuteronomy 8:14,6,ܕܐܦܩܟ,,,,Peshitta,PESH
5,Deuteronomy,8,14,Deuteronomy 8:14,7,ܡܢ,,,,Peshitta,PESH
5,Deuteronomy,8,14,Deuteronomy 8:14,8,ܐܪܥܐ,,,,Peshitta,PESH
5,Deuteronomy,8,14,Deuteronomy 8:14,9,ܕܡܨܪܝܢ,,,,Peshitta,PESH
5,Deuteronomy,8,14,Deuteronomy 8:14,10,ܡܢ,,,,Peshitta,PESH
5,Deuteronomy,8,14,Deuteronomy 8:14,11,ܒܝܬ,,,,Peshitta,PESH
5,Deuteronomy,8,14,Deuteronomy 8:14,12,ܥܒܕܘܬܐ,,,,Peshitta,PESH
5,Deuteronomy,8,15,Deuteronomy 8:15,1,ܘܕܒܪܟ,,,,Peshitta,PESH
5,Deuteronomy,8,15,Deuteronomy 8:15,2,ܒܡܕܒܪܐ,,,,Peshitta,PESH
5,Deuteronomy,8,15,Deuteronomy 8:15,3,ܪܒܐ,,,,Peshitta,PESH
5,Deuteronomy,8,15,Deuteronomy 8:15,4,ܘܕܚܝܠܐ,,,,Peshitta,PESH
5,Deuteronomy,8,15,Deuteronomy 8:15,5,ܐܬܪ,,,,Peshitta,PESH
5,Deuteronomy,8,15,Deuteronomy 8:15,6,ܕܚ̈ܘܘܬܐ,,,,Peshitta,PESH
5,Deuteronomy,8,15,Deuteronomy 8:15,7,ܚܪ̈ܡܢܐ,,,,Peshitta,PESH
5,Deuteronomy,8,15,Deuteronomy 8:15,8,ܘܥܩܪ̈ܒܐ,,,,Peshitta,PESH
5,Deuteronomy,8,15,Deuteronomy 8:15,9,ܘܒܝܬ,,,,Peshitta,PESH
5,Deuteronomy,8,15,Deuteronomy 8:15,10,ܨܗ̈ܘܢܐ,,,,Peshitta,PESH
5,Deuteronomy,8,15,Deuteronomy 8:15,11,ܐܬܪ,,,,Peshitta,PESH
5,Deuteronomy,8,15,Deuteronomy 8:15,12,ܕܠܝܬ,,,,Peshitta,PESH
5,Deuteronomy,8,15,Deuteronomy 8:15,13,ܡ̈ܝܐ,,,,Peshitta,PESH
5,Deuteronomy,8,15,Deuteronomy 8:15,14,ܐܦܩ,,,,Peshitta,PESH
5,Deuteronomy,8,15,Deuteronomy 8:15,15,ܠܟ,,,,Peshitta,PESH
5,Deuteronomy,8,15,Deuteronomy 8:15,16,ܡ̈ܝܐ,,,,Peshitta,PESH
5,Deuteronomy,8,15,Deuteronomy 8:15,17,ܡܢ,,,,Peshitta,PESH
5,Deuteronomy,8,15,Deuteronomy 8:15,18,ܟܐܦܐ,,,,Peshitta,PESH
5,Deuteronomy,8,15,Deuteronomy 8:15,19,ܕܛܪܢܐ,,,,Peshitta,PESH
5,Deuteronomy,8,16,Deuteronomy 8:16,1,ܘܐܘܟܠܟ,,,,Peshitta,PESH
5,Deuteronomy,8,16,Deuteronomy 8:16,2,ܡܢܢܐ,,,,Peshitta,PESH
5,Deuteronomy,8,16,Deuteronomy 8:16,3,ܒܡܕܒܪܐ,,,,Peshitta,PESH
5,Deuteronomy,8,16,Deuteronomy 8:16,4,ܕܠܐ,,,,Peshitta,PESH
5,Deuteronomy,8,16,Deuteronomy 8:16,5,ܝܕܥܘܗܝ,,,,Peshitta,PESH
5,Deuteronomy,8,16,Deuteronomy 8:16,6,ܐ̈ܒܗܝܟ,,,,Peshitta,PESH
5,Deuteronomy,8,16,Deuteronomy 8:16,7,ܕܢܡܟܟܟ,,,,Peshitta,PESH
5,Deuteronomy,8,16,Deuteronomy 8:16,8,ܘܢܢܣܝܟ,,,,Peshitta,PESH
5,Deuteronomy,8,16,Deuteronomy 8:16,9,ܘܢܛܐܒ,,,,Peshitta,PESH
5,Deuteronomy,8,16,Deuteronomy 8:16,10,ܠܟ,,,,Peshitta,PESH
5,Deuteronomy,8,16,Deuteronomy 8:16,11,ܒܚܪܬܟ,,,,Peshitta,PESH
5,Deuteronomy,8,17,Deuteronomy 8:17,1,ܘܬܐܡܪ,,,,Peshitta,PESH
5,Deuteronomy,8,17,Deuteronomy 8:17,2,ܒܠܒܟ,,,,Peshitta,PESH
5,Deuteronomy,8,17,Deuteronomy 8:17,3,ܕܒܚܝܠܝ,,,,Peshitta,PESH
5,Deuteronomy,8,17,Deuteronomy 8:17,4,ܘܒܥܘܫܢܐ,,,,Peshitta,PESH
5,Deuteronomy,8,17,Deuteronomy 8:17,5,ܕܐ̈ܝܕܝ,,,,Peshitta,PESH
5,Deuteronomy,8,17,Deuteronomy 8:17,6,ܩ̇ܢܝܬ,,,,Peshitta,PESH
5,Deuteronomy,8,17,Deuteronomy 8:17,7,ܠܝ,,,,Peshitta,PESH
5,Deuteronomy,8,17,Deuteronomy 8:17,8,ܗܠܝܢ,,,,Peshitta,PESH
5,Deuteronomy,8,17,Deuteronomy 8:17,9,ܢܟ̈ܣܐ,,,,Peshitta,PESH
5,Deuteronomy,8,18,Deuteronomy 8:18,1,ܐܬܕܟܪ,,,,Peshitta,PESH
5,Deuteronomy,8,18,Deuteronomy 8:18,2,ܠܡܪܝܐ,,,,Peshitta,PESH
5,Deuteronomy,8,18,Deuteronomy 8:18,3,ܐܠܗܟ,,,,Peshitta,PESH
5,Deuteronomy,8,18,Deuteronomy 8:18,4,ܕܗܘܝܘ,,,,Peshitta,PESH
5,Deuteronomy,8,18,Deuteronomy 8:18,5,ܝ̇ܗܒ,,,,Peshitta,PESH
5,Deuteronomy,8,18,Deuteronomy 8:18,6,ܠܟ,,,,Peshitta,PESH
5,Deuteronomy,8,18,Deuteronomy 8:18,7,ܚܝܠܐ,,,,Peshitta,PESH
5,Deuteronomy,8,18,Deuteronomy 8:18,8,ܕܬܩܢܐ,,,,Peshitta,PESH
5,Deuteronomy,8,18,Deuteronomy 8:18,9,ܢܟ̈ܣܐ,,,,Peshitta,PESH
5,Deuteronomy,8,18,Deuteronomy 8:18,10,ܘܕܢܩܝܡ,,,,Peshitta,PESH
5,Deuteronomy,8,18,Deuteronomy 8:18,11,ܩܝܡܗ,,,,Peshitta,PESH
5,Deuteronomy,8,18,Deuteronomy 8:18,12,ܕܝܡܐ,,,,Peshitta,PESH
5,Deuteronomy,8,18,Deuteronomy 8:18,13,ܠܐ̈ܒܗܝܟ,,,,Peshitta,PESH
5,Deuteronomy,8,18,Deuteronomy 8:18,14,ܐܝܟ,,,,Peshitta,PESH
5,Deuteronomy,8,18,Deuteronomy 8:18,15,ܕܝܘܡܢܐ,,,,Peshitta,PESH
5,Deuteronomy,8,19,Deuteronomy 8:19,1,ܘܐܢ,,,,Peshitta,PESH
5,Deuteronomy,8,19,Deuteronomy 8:19,2,ܬܛܥܐ,,,,Peshitta,PESH
5,Deuteronomy,8,19,Deuteronomy 8:19,3,ܠܡܪܝܐ,,,,Peshitta,PESH
5,Deuteronomy,8,19,Deuteronomy 8:19,4,ܐܠܗܟ,,,,Peshitta,PESH
5,Deuteronomy,8,19,Deuteronomy 8:19,5,ܘܬܐܙܠ,,,,Peshitta,PESH
5,Deuteronomy,8,19,Deuteronomy 8:19,6,ܒܬܪ,,,,Peshitta,PESH
5,Deuteronomy,8,19,Deuteronomy 8:19,7,ܐ̈ܠܗܐ,,,,Peshitta,PESH
5,Deuteronomy,8,19,Deuteronomy 8:19,8,ܐܚܪ̈ܢܐ,,,,Peshitta,PESH
5,Deuteronomy,8,19,Deuteronomy 8:19,9,ܘܬܦܠܘܚ,,,,Peshitta,PESH
5,Deuteronomy,8,19,Deuteronomy 8:19,10,ܐܢܘܢ,,,,Peshitta,PESH
5,Deuteronomy,8,19,Deuteronomy 8:19,11,ܘܬܣܓܘܕ,,,,Peshitta,PESH
5,Deuteronomy,8,19,Deuteronomy 8:19,12,ܠܗܘܢ,,,,Peshitta,PESH
5,Deuteronomy,8,19,Deuteronomy 8:19,13,ܣ̇ܗܕܬ,,,,Peshitta,PESH
5,Deuteronomy,8,19,Deuteronomy 8:19,14,ܒܟܘܢ,,,,Peshitta,PESH
5,Deuteronomy,8,19,Deuteronomy 8:19,15,ܝܘܡܢܐ,,,,Peshitta,PESH
5,Deuteronomy,8,19,Deuteronomy 8:19,16,ܕܡܐܒܕ,,,,Peshitta,PESH
5,Deuteronomy,8,19,Deuteronomy 8:19,17,ܐ̇ܒܕܝܢ,,,,Peshitta,PESH
5,Deuteronomy,8,19,Deuteronomy 8:19,18,ܐܢܬܘܢ,,,,Peshitta,PESH
5,Deuteronomy,8,20,Deuteronomy 8:20,1,ܐܝܟ,,,,Peshitta,PESH
5,Deuteronomy,8,20,Deuteronomy 8:20,2,ܥܡ̈ܡܐ,,,,Peshitta,PESH
5,Deuteronomy,8,20,Deuteronomy 8:20,3,ܕܐܘܒܕ,,,,Peshitta,PESH
5,Deuteronomy,8,20,Deuteronomy 8:20,4,ܡܪܝܐ,,,,Peshitta,PESH
5,Deuteronomy,8,20,Deuteronomy 8:20,5,ܡܢ,,,,Peshitta,PESH
5,Deuteronomy,8,20,Deuteronomy 8:20,6,ܩܕܡܝܟܘܢ,,,,Peshitta,PESH
5,Deuteronomy,8,20,Deuteronomy 8:20,7,ܗܟܢܐ,,,,Peshitta,PESH
5,Deuteronomy,8,20,Deuteronomy 8:20,8,ܐ̇ܒܕܝܢ,,,,Peshitta,PESH
5,Deuteronomy,8,20,Deuteronomy 8:20,9,ܐܢܬܘܢ,,,,Peshitta,PESH
5,Deuteronomy,8,20,Deuteronomy 8:20,10,ܐܠܐ,,,,Peshitta,PESH
5,Deuteronomy,8,20,Deuteronomy 8:20,11,ܫ̇ܡܥܝܢ,,,,Peshitta,PESH
5,Deuteronomy,8,20,Deuteronomy 8:20,12,ܐܢܬܘܢ,,,,Peshitta,PESH
5,Deuteronomy,8,20,Deuteronomy 8:20,13,ܒܩܠܗ,,,,Peshitta,PESH
5,Deuteronomy,8,20,Deuteronomy 8:20,14,ܕܡܪܝܐ,,,,Peshitta,PESH
5,Deuteronomy,8,20,Deuteronomy 8:20,15,ܐܠܗܟܘܢ,,,,Peshitta,PESH
5,Deuteronomy,9,1,Deuteronomy 9:1,1,ܫܡܥ,,,,Peshitta,PESH
5,Deuteronomy,9,1,Deuteronomy 9:1,2,ܐܝܣܪܝܠ,,,,Peshitta,PESH
5,Deuteronomy,9,1,Deuteronomy 9:1,3,ܐܢܬ,,,,Peshitta,PESH
5,Deuteronomy,9,1,Deuteronomy 9:1,4,ܥ̇ܒܪ,,,,Peshitta,PESH
5,Deuteronomy,9,1,Deuteronomy 9:1,5,ܐܢܬ,,,,Peshitta,PESH
5,Deuteronomy,9,1,Deuteronomy 9:1,6,ܝܘܡܢܐ,,,,Peshitta,PESH
5,Deuteronomy,9,1,Deuteronomy 9:1,7,ܝܘܪܕܢܢ,,,,Peshitta,PESH
5,Deuteronomy,9,1,Deuteronomy 9:1,8,ܠܡܐܙܠ,,,,Peshitta,PESH
5,Deuteronomy,9,1,Deuteronomy 9:1,9,ܠܡܘܒܕܘ,,,,Peshitta,PESH
5,Deuteronomy,9,1,Deuteronomy 9:1,10,ܥܡ̈ܡܐ,,,,Peshitta,PESH
5,Deuteronomy,9,1,Deuteronomy 9:1,11,ܕܪ̈ܘܪܒܝܢ,,,,Peshitta,PESH
5,Deuteronomy,9,1,Deuteronomy 9:1,12,ܘܥܫܝ̈ܢܝܢ,,,,Peshitta,PESH
5,Deuteronomy,9,1,Deuteronomy 9:1,13,ܡܢܟ,,,,Peshitta,PESH
5,Deuteronomy,9,1,Deuteronomy 9:1,14,ܘܩܘܪ̈ܝܐ,,,,Peshitta,PESH
5,Deuteronomy,9,1,Deuteronomy 9:1,15,ܕܪ̈ܘܪܒܢ,,,,Peshitta,PESH
5,Deuteronomy,9,1,Deuteronomy 9:1,16,ܘܥܫܝ̈ܢܢ,,,,Peshitta,PESH
5,Deuteronomy,9,1,Deuteronomy 9:1,17,ܘܟܪ̈ܝܟܢ,,,,Peshitta,PESH
5,Deuteronomy,9,1,Deuteronomy 9:1,18,ܥܕܡܐ,,,,Peshitta,PESH
5,Deuteronomy,9,1,Deuteronomy 9:1,19,ܠܫܡܝܐ,,,,Peshitta,PESH
5,Deuteronomy,9,2,Deuteronomy 9:2,1,ܥܡܐ,,,,Peshitta,PESH
5,Deuteronomy,9,2,Deuteronomy 9:2,2,ܕܪܒ,,,,Peshitta,PESH
5,Deuteronomy,9,2,Deuteronomy 9:2,3,ܘܪܡ,,,,Peshitta,PESH
5,Deuteronomy,9,2,Deuteronomy 9:2,4,ܒܢ̈ܝ,,,,Peshitta,PESH
5,Deuteronomy,9,2,Deuteronomy 9:2,5,ܓܢܒܪ̈ܐ,,,,Peshitta,PESH
5,Deuteronomy,9,2,Deuteronomy 9:2,6,ܕܐܢܬ,,,,Peshitta,PESH
5,Deuteronomy,9,2,Deuteronomy 9:2,7,ܝ̇ܕܥ,,,,Peshitta,PESH
5,Deuteronomy,9,2,Deuteronomy 9:2,8,ܐܢܬ,,,,Peshitta,PESH
5,Deuteronomy,9,2,Deuteronomy 9:2,9,ܘܐܢܬ,,,,Peshitta,PESH
5,Deuteronomy,9,2,Deuteronomy 9:2,10,ܫܡܥܬ,,,,Peshitta,PESH
5,Deuteronomy,9,2,Deuteronomy 9:2,11,ܕܠܐ,,,,Peshitta,PESH
5,Deuteronomy,9,2,Deuteronomy 9:2,12,ܐܢܫ,,,,Peshitta,PESH
5,Deuteronomy,9,2,Deuteronomy 9:2,13,ܡܫܟܚ,,,,Peshitta,PESH
5,Deuteronomy,9,2,Deuteronomy 9:2,14,ܠܡܩܡ,,,,Peshitta,PESH
5,Deuteronomy,9,2,Deuteronomy 9:2,15,ܩܕܡ,,,,Peshitta,PESH
5,Deuteronomy,9,2,Deuteronomy 9:2,16,ܓܢܒܪ̈ܐ,,,,Peshitta,PESH
5,Deuteronomy,9,3,Deuteronomy 9:3,1,ܘܕܬܕܥ,,,,Peshitta,PESH
5,Deuteronomy,9,3,Deuteronomy 9:3,2,ܝܘܡܢܐ,,,,Peshitta,PESH
5,Deuteronomy,9,3,Deuteronomy 9:3,3,ܕܡܪܝܐ,,,,Peshitta,PESH
5,Deuteronomy,9,3,Deuteronomy 9:3,4,ܐܠܗܟ,,,,Peshitta,PESH
5,Deuteronomy,9,3,Deuteronomy 9:3,5,ܗܘ,,,,Peshitta,PESH
5,Deuteronomy,9,3,Deuteronomy 9:3,6,ܥ̇ܒܪ,,,,Peshitta,PESH
5,Deuteronomy,9,3,Deuteronomy 9:3,7,ܩܕܡܝܟ,,,,Peshitta,PESH
5,Deuteronomy,9,3,Deuteronomy 9:3,8,ܢܘܪܐ,,,,Peshitta,PESH
5,Deuteronomy,9,3,Deuteronomy 9:3,9,ܗܘ,,,,Peshitta,PESH
5,Deuteronomy,9,3,Deuteronomy 9:3,10,ܐܟܠܬܐ,,,,Peshitta,PESH
5,Deuteronomy,9,3,Deuteronomy 9:3,11,ܘܗܘ,,,,Peshitta,PESH
5,Deuteronomy,9,3,Deuteronomy 9:3,12,ܢܘܒܕ,,,,Peshitta,PESH
5,Deuteronomy,9,3,Deuteronomy 9:3,13,ܐܢܘܢ,,,,Peshitta,PESH
5,Deuteronomy,9,3,Deuteronomy 9:3,14,ܘܗܘ,,,,Peshitta,PESH
5,Deuteronomy,9,3,Deuteronomy 9:3,15,ܢܬܒܪ,,,,Peshitta,PESH
5,Deuteronomy,9,3,Deuteronomy 9:3,16,ܐܢܘܢ,,,,Peshitta,PESH
5,Deuteronomy,9,3,Deuteronomy 9:3,17,ܡܢ,,,,Peshitta,PESH
5,Deuteronomy,9,3,Deuteronomy 9:3,18,ܩܕܡܝܟ,,,,Peshitta,PESH
5,Deuteronomy,9,3,Deuteronomy 9:3,19,ܘܬܚܪܘܒ,,,,Peshitta,PESH
5,Deuteronomy,9,3,Deuteronomy 9:3,20,ܐܢܘܢ,,,,Peshitta,PESH
5,Deuteronomy,9,3,Deuteronomy 9:3,21,ܘܬܘܒܕ,,,,Peshitta,PESH
5,Deuteronomy,9,3,Deuteronomy 9:3,22,ܐܢܘܢ,,,,Peshitta,PESH
5,Deuteronomy,9,3,Deuteronomy 9:3,23,ܒܥܓܠ,,,,Peshitta,PESH
5,Deuteronomy,9,3,Deuteronomy 9:3,24,ܐܝܟ,,,,Peshitta,PESH
5,Deuteronomy,9,3,Deuteronomy 9:3,25,ܕܐܡܪ,,,,Peshitta,PESH
5,Deuteronomy,9,3,Deuteronomy 9:3,26,ܠܟ,,,,Peshitta,PESH
5,Deuteronomy,9,3,Deuteronomy 9:3,27,ܡܪܝܐ,,,,Peshitta,PESH
5,Deuteronomy,9,4,Deuteronomy 9:4,1,ܠܐ,,,,Peshitta,PESH
5,Deuteronomy,9,4,Deuteronomy 9:4,2,ܬܐܡܪ,,,,Peshitta,PESH
5,Deuteronomy,9,4,Deuteronomy 9:4,3,ܒܠܒܟ,,,,Peshitta,PESH
5,Deuteronomy,9,4,Deuteronomy 9:4,4,ܡܐ,,,,Peshitta,PESH
5,Deuteronomy,9,4,Deuteronomy 9:4,5,ܕܬܒܪ,,,,Peshitta,PESH
5,Deuteronomy,9,4,Deuteronomy 9:4,6,ܐܢܘܢ,,,,Peshitta,PESH
5,Deuteronomy,9,4,Deuteronomy 9:4,7,ܡܪܝܐ,,,,Peshitta,PESH
5,Deuteronomy,9,4,Deuteronomy 9:4,8,ܐܠܗܟ,,,,Peshitta,PESH
5,Deuteronomy,9,4,Deuteronomy 9:4,9,ܡܢ,,,,Peshitta,PESH
5,Deuteronomy,9,4,Deuteronomy 9:4,10,ܩܕܡܝܟ,,,,Peshitta,PESH
5,Deuteronomy,9,4,Deuteronomy 9:4,11,ܕܒܙܕܝܩܘܬܝ,,,,Peshitta,PESH
5,Deuteronomy,9,4,Deuteronomy 9:4,12,ܐܥܠܢܝ,,,,Peshitta,PESH
5,Deuteronomy,9,4,Deuteronomy 9:4,13,ܡܪܝܐ,,,,Peshitta,PESH
5,Deuteronomy,9,4,Deuteronomy 9:4,14,ܠܡܐܪܬ,,,,Peshitta,PESH
5,Deuteronomy,9,4,Deuteronomy 9:4,15,ܐܪܥܐ,,,,Peshitta,PESH
5,Deuteronomy,9,4,Deuteronomy 9:4,16,ܗܕܐ,,,,Peshitta,PESH
5,Deuteronomy,9,4,Deuteronomy 9:4,17,ܡܛܠ,,,,Peshitta,PESH
5,Deuteronomy,9,4,Deuteronomy 9:4,18,ܕܒܚ̈ܛܗܝܗܘܢ,,,,Peshitta,PESH
5,Deuteronomy,9,4,Deuteronomy 9:4,19,ܗܘ,,,,Peshitta,PESH
5,Deuteronomy,9,4,Deuteronomy 9:4,20,ܕܥܡ̈ܡܐ,,,,Peshitta,PESH
5,Deuteronomy,9,4,Deuteronomy 9:4,21,ܗܠܝܢ,,,,Peshitta,PESH
5,Deuteronomy,9,4,Deuteronomy 9:4,22,ܡܘܒܕ,,,,Peshitta,PESH
5,Deuteronomy,9,4,Deuteronomy 9:4,23,ܠܗܘܢ,,,,Peshitta,PESH
5,Deuteronomy,9,4,Deuteronomy 9:4,24,ܡܪܝܐ,,,,Peshitta,PESH
5,Deuteronomy,9,4,Deuteronomy 9:4,25,ܡܢ,,,,Peshitta,PESH
5,Deuteronomy,9,4,Deuteronomy 9:4,26,ܩܕܡܝܟ,,,,Peshitta,PESH
5,Deuteronomy,9,5,Deuteronomy 9:5,1,ܠܐ,,,,Peshitta,PESH
5,Deuteronomy,9,5,Deuteronomy 9:5,2,ܗܘܐ,,,,Peshitta,PESH
5,Deuteronomy,9,5,Deuteronomy 9:5,3,ܒܙܕܝܩܘܬܟ,,,,Peshitta,PESH
5,Deuteronomy,9,5,Deuteronomy 9:5,4,ܘܒܬܪܝܨܘܬܗ,,,,Peshitta,PESH
5,Deuteronomy,9,5,Deuteronomy 9:5,5,ܕܠܒܟ,,,,Peshitta,PESH
5,Deuteronomy,9,5,Deuteronomy 9:5,6,ܥ̇ܐܠ,,,,Peshitta,PESH
5,Deuteronomy,9,5,Deuteronomy 9:5,7,ܐܢܬ,,,,Peshitta,PESH
5,Deuteronomy,9,5,Deuteronomy 9:5,8,ܠܡܐܪܬ,,,,Peshitta,PESH
5,Deuteronomy,9,5,Deuteronomy 9:5,9,ܐܪܥܗܘܢ,,,,Peshitta,PESH
5,Deuteronomy,9,5,Deuteronomy 9:5,10,ܐܠܐ,,,,Peshitta,PESH
5,Deuteronomy,9,5,Deuteronomy 9:5,11,ܒܚ̈ܛܗܝܗܘܢ,,,,Peshitta,PESH
5,Deuteronomy,9,5,Deuteronomy 9:5,12,ܗܘ,,,,Peshitta,PESH
5,Deuteronomy,9,5,Deuteronomy 9:5,13,ܕܥܡ̈ܡܐ,,,,Peshitta,PESH
5,Deuteronomy,9,5,Deuteronomy 9:5,14,ܗܠܝܢ,,,,Peshitta,PESH
5,Deuteronomy,9,5,Deuteronomy 9:5,15,ܡܘܒܕ,,,,Peshitta,PESH
5,Deuteronomy,9,5,Deuteronomy 9:5,16,ܠܗܘܢ,,,,Peshitta,PESH
5,Deuteronomy,9,5,Deuteronomy 9:5,17,ܡܪܝܐ,,,,Peshitta,PESH
5,Deuteronomy,9,5,Deuteronomy 9:5,18,ܐܠܗܟ,,,,Peshitta,PESH
5,Deuteronomy,9,5,Deuteronomy 9:5,19,ܡܢ,,,,Peshitta,PESH
5,Deuteronomy,9,5,Deuteronomy 9:5,20,ܩܕܡܝܟ,,,,Peshitta,PESH
5,Deuteronomy,9,5,Deuteronomy 9:5,21,ܘܕܢܩܝܡ,,,,Peshitta,PESH
5,Deuteronomy,9,5,Deuteronomy 9:5,22,ܦܬܓܡܐ,,,,Peshitta,PESH
5,Deuteronomy,9,5,Deuteronomy 9:5,23,ܕܝܡܐ,,,,Peshitta,PESH
5,Deuteronomy,9,5,Deuteronomy 9:5,24,ܠܐ̈ܒܗܝܟ,,,,Peshitta,PESH
5,Deuteronomy,9,5,Deuteronomy 9:5,25,ܠܐܒܪܗܡ,,,,Peshitta,PESH
5,Deuteronomy,9,5,Deuteronomy 9:5,26,ܘܠܐܝܣܚܩ,,,,Peshitta,PESH
5,Deuteronomy,9,5,Deuteronomy 9:5,27,ܘܠܝܥܩܘܒ,,,,Peshitta,PESH
5,Deuteronomy,9,6,Deuteronomy 9:6,1,ܘܕܬܕܥ,,,,Peshitta,PESH
5,Deuteronomy,9,6,Deuteronomy 9:6,2,ܕܠܐ,,,,Peshitta,PESH
5,Deuteronomy,9,6,Deuteronomy 9:6,3,ܗܘܐ,,,,Peshitta,PESH
5,Deuteronomy,9,6,Deuteronomy 9:6,4,ܒܙܕܝܩܘܬܟ,,,,Peshitta,PESH
5,Deuteronomy,9,6,Deuteronomy 9:6,5,ܝ̇ܗܒ,,,,Peshitta,PESH
5,Deuteronomy,9,6,Deuteronomy 9:6,6,ܠܟ,,,,Peshitta,PESH
5,Deuteronomy,9,6,Deuteronomy 9:6,7,ܡܪܝܐ,,,,Peshitta,PESH
5,Deuteronomy,9,6,Deuteronomy 9:6,8,ܐܠܗܟ,,,,Peshitta,PESH
5,Deuteronomy,9,6,Deuteronomy 9:6,9,ܐܪܥܐ,,,,Peshitta,PESH
5,Deuteronomy,9,6,Deuteronomy 9:6,10,ܗܕܐ,,,,Peshitta,PESH
5,Deuteronomy,9,6,Deuteronomy 9:6,11,ܛܒܬܐ,,,,Peshitta,PESH
5,Deuteronomy,9,6,Deuteronomy 9:6,12,ܠܡܐܪܬܗ̇,,,,Peshitta,PESH
5,Deuteronomy,9,6,Deuteronomy 9:6,13,ܡܛܠ,,,,Peshitta,PESH
5,Deuteronomy,9,6,Deuteronomy 9:6,14,ܕܥܡܐ,,,,Peshitta,PESH
5,Deuteronomy,9,6,Deuteronomy 9:6,15,ܐܢܬ,,,,Peshitta,PESH
5,Deuteronomy,9,6,Deuteronomy 9:6,16,ܩܫܐ,,,,Peshitta,PESH
5,Deuteronomy,9,6,Deuteronomy 9:6,17,ܩܕܠܐ,,,,Peshitta,PESH
5,Deuteronomy,9,7,Deuteronomy 9:7,1,ܐܬܕܟܪ,,,,Peshitta,PESH
5,Deuteronomy,9,7,Deuteronomy 9:7,2,ܘܠܐ,,,,Peshitta,PESH
5,Deuteronomy,9,7,Deuteronomy 9:7,3,ܬܛܥܐ,,,,Peshitta,PESH
5,Deuteronomy,9,7,Deuteronomy 9:7,4,ܕܐܪܓܙܬ,,,,Peshitta,PESH
5,Deuteronomy,9,7,Deuteronomy 9:7,5,ܠܡܪܝܐ,,,,Peshitta,PESH
5,Deuteronomy,9,7,Deuteronomy 9:7,6,ܐܠܗܟ,,,,Peshitta,PESH
5,Deuteronomy,9,7,Deuteronomy 9:7,7,ܒܡܕܒܪܐ,,,,Peshitta,PESH
5,Deuteronomy,9,7,Deuteronomy 9:7,8,ܡܢ,,,,Peshitta,PESH
5,Deuteronomy,9,7,Deuteronomy 9:7,9,ܝܘܡܐ,,,,Peshitta,PESH
5,Deuteronomy,9,7,Deuteronomy 9:7,10,ܕܢܦܩܬܘܢ,,,,Peshitta,PESH
5,Deuteronomy,9,7,Deuteronomy 9:7,11,ܡܢ,,,,Peshitta,PESH
5,Deuteronomy,9,7,Deuteronomy 9:7,12,ܡܨܪܝܢ,,,,Peshitta,PESH
5,Deuteronomy,9,7,Deuteronomy 9:7,13,ܘܥܕܡܐ,,,,Peshitta,PESH
5,Deuteronomy,9,7,Deuteronomy 9:7,14,ܕܐܬܝܬܘܢ,,,,Peshitta,PESH
5,Deuteronomy,9,7,Deuteronomy 9:7,15,ܠܐܬܪܐ,,,,Peshitta,PESH
5,Deuteronomy,9,7,Deuteronomy 9:7,16,ܗܢܐ,,,,Peshitta,PESH
5,Deuteronomy,9,7,Deuteronomy 9:7,17,ܡܡܪ̈ܡܪܢܐ,,,,Peshitta,PESH
5,Deuteronomy,9,7,Deuteronomy 9:7,18,ܗܘܝܬܘܢ,,,,Peshitta,PESH
5,Deuteronomy,9,7,Deuteronomy 9:7,19,ܩܕܡ,,,,Peshitta,PESH
5,Deuteronomy,9,7,Deuteronomy 9:7,20,ܡܪܝܐ,,,,Peshitta,PESH
5,Deuteronomy,9,8,Deuteronomy 9:8,1,ܘܒܚܘܪܝܒ,,,,Peshitta,PESH
5,Deuteronomy,9,8,Deuteronomy 9:8,2,ܐܪܓܙܬܘܢܝܗܝ,,,,Peshitta,PESH
5,Deuteronomy,9,8,Deuteronomy 9:8,3,ܠܡܪܝܐ,,,,Peshitta,PESH
5,Deuteronomy,9,8,Deuteronomy 9:8,4,ܘܪܓܙ,,,,Peshitta,PESH
5,Deuteronomy,9,8,Deuteronomy 9:8,5,ܡܪܝܐ,,,,Peshitta,PESH
5,Deuteronomy,9,8,Deuteronomy 9:8,6,ܥܠܝܟܘܢ,,,,Peshitta,PESH
5,Deuteronomy,9,8,Deuteronomy 9:8,7,ܕܢܘܒܕܟܘܢ,,,,Peshitta,PESH
5,Deuteronomy,9,9,Deuteronomy 9:9,1,ܟܕ,,,,Peshitta,PESH
5,Deuteronomy,9,9,Deuteronomy 9:9,2,ܣܠ̇ܩܬ,,,,Peshitta,PESH
5,Deuteronomy,9,9,Deuteronomy 9:9,3,ܠܛܘܪܐ,,,,Peshitta,PESH
5,Deuteronomy,9,9,Deuteronomy 9:9,4,ܘܢܣ̇ܒܬ,,,,Peshitta,PESH
5,Deuteronomy,9,9,Deuteronomy 9:9,5,ܠܘܚ̈ܐ,,,,Peshitta,PESH
5,Deuteronomy,9,9,Deuteronomy 9:9,6,ܕܟܐܦܐ,,,,Peshitta,PESH
5,Deuteronomy,9,9,Deuteronomy 9:9,7,ܠܘܚ̈ܐ,,,,Peshitta,PESH
5,Deuteronomy,9,9,Deuteronomy 9:9,8,ܕܩܝܡܐ,,,,Peshitta,PESH
5,Deuteronomy,9,9,Deuteronomy 9:9,9,ܕܐܩܝܡ,,,,Peshitta,PESH
5,Deuteronomy,9,9,Deuteronomy 9:9,10,ܡܪܝܐ,,,,Peshitta,PESH
5,Deuteronomy,9,9,Deuteronomy 9:9,11,ܥܡܟܘܢ,,,,Peshitta,PESH
5,Deuteronomy,9,9,Deuteronomy 9:9,12,ܘܝ̇ܬܒܬ,,,,Peshitta,PESH
5,Deuteronomy,9,9,Deuteronomy 9:9,13,ܒܛܘܪܐ,,,,Peshitta,PESH
5,Deuteronomy,9,9,Deuteronomy 9:9,14,ܐܪ̈ܒܥܝܢ,,,,Peshitta,PESH
5,Deuteronomy,9,9,Deuteronomy 9:9,15,ܐܝ̈ܡܡܝܢ,,,,Peshitta,PESH
5,Deuteronomy,9,9,Deuteronomy 9:9,16,ܘܐܪ̈ܒܥܝܢ,,,,Peshitta,PESH
5,Deuteronomy,9,9,Deuteronomy 9:9,17,ܠܝ̈ܠܘܢ,,,,Peshitta,PESH
5,Deuteronomy,9,9,Deuteronomy 9:9,18,ܠܚܡܐ,,,,Peshitta,PESH
5,Deuteronomy,9,9,Deuteronomy 9:9,19,ܠܐ,,,,Peshitta,PESH
5,Deuteronomy,9,9,Deuteronomy 9:9,20,ܐ̇ܟܠܬ,,,,Peshitta,PESH
5,Deuteronomy,9,9,Deuteronomy 9:9,21,ܘܡ̈ܝܐ,,,,Peshitta,PESH
5,Deuteronomy,9,9,Deuteronomy 9:9,22,ܠܐ,,,,Peshitta,PESH
5,Deuteronomy,9,9,Deuteronomy 9:9,23,ܐܫܬܝܬ,,,,Peshitta,PESH
5,Deuteronomy,9,10,Deuteronomy 9:10,1,ܘܝܗܒ,,,,Peshitta,PESH
5,Deuteronomy,9,10,Deuteronomy 9:10,2,ܠܝ,,,,Peshitta,PESH
5,Deuteronomy,9,10,Deuteronomy 9:10,3,ܡܪܝܐ,,,,Peshitta,PESH
5,Deuteronomy,9,10,Deuteronomy 9:10,4,ܬܪ̈ܬܝܢ,,,,Peshitta,PESH
5,Deuteronomy,9,10,Deuteronomy 9:10,5,ܠܘܚ̈ܐ,,,,Peshitta,PESH
5,Deuteronomy,9,10,Deuteronomy 9:10,6,ܕܟܐܦܐ,,,,Peshitta,PESH
5,Deuteronomy,9,10,Deuteronomy 9:10,7,ܕܟ̈ܬܝܒܢ,,,,Peshitta,PESH
5,Deuteronomy,9,10,Deuteronomy 9:10,8,ܒܨܒܥܗ,,,,Peshitta,PESH
5,Deuteronomy,9,10,Deuteronomy 9:10,9,ܕܐܠܗܐ,,,,Peshitta,PESH
5,Deuteronomy,9,10,Deuteronomy 9:10,10,ܘܥܠܝܗܝܢ,,,,Peshitta,PESH
5,Deuteronomy,9,10,Deuteronomy 9:10,11,ܐܝܬ,,,,Peshitta,PESH
5,Deuteronomy,9,10,Deuteronomy 9:10,12,ܗܘܘ,,,,Peshitta,PESH
5,Deuteronomy,9,10,Deuteronomy 9:10,13,ܟܠܗܘܢ,,,,Peshitta,PESH
5,Deuteronomy,9,10,Deuteronomy 9:10,14,ܦܬ̈ܓܡܐ,,,,Peshitta,PESH
5,Deuteronomy,9,10,Deuteronomy 9:10,15,ܕܡܠܠ,,,,Peshitta,PESH
5,Deuteronomy,9,10,Deuteronomy 9:10,16,ܡܪܝܐ,,,,Peshitta,PESH
5,Deuteronomy,9,10,Deuteronomy 9:10,17,ܥܡܟܘܢ,,,,Peshitta,PESH
5,Deuteronomy,9,10,Deuteronomy 9:10,18,ܒܛܘܪܐ,,,,Peshitta,PESH
5,Deuteronomy,9,10,Deuteronomy 9:10,19,ܡܢ,,,,Peshitta,PESH
5,Deuteronomy,9,10,Deuteronomy 9:10,20,ܓܘ,,,,Peshitta,PESH
5,Deuteronomy,9,10,Deuteronomy 9:10,21,ܢܘܪܐ,,,,Peshitta,PESH
5,Deuteronomy,9,10,Deuteronomy 9:10,22,ܒܝܘܡܐ,,,,Peshitta,PESH
5,Deuteronomy,9,10,Deuteronomy 9:10,23,ܕܟܢܘܫܝܐ,,,,Peshitta,PESH
5,Deuteronomy,9,11,Deuteronomy 9:11,1,ܘܡܢ,,,,Peshitta,PESH
5,Deuteronomy,9,11,Deuteronomy 9:11,2,ܒܬܪ,,,,Peshitta,PESH
5,Deuteronomy,9,11,Deuteronomy 9:11,3,ܐܪ̈ܒܥܝܢ,,,,Peshitta,PESH
5,Deuteronomy,9,11,Deuteronomy 9:11,4,ܐܝܡ̈ܡܝܢ,,,,Peshitta,PESH
5,Deuteronomy,9,11,Deuteronomy 9:11,5,ܘܐܪ̈ܒܥܝܢ,,,,Peshitta,PESH
5,Deuteronomy,9,11,Deuteronomy 9:11,6,ܠܝ̈ܠܘܢ,,,,Peshitta,PESH
5,Deuteronomy,9,11,Deuteronomy 9:11,7,ܝܗܒ,,,,Peshitta,PESH
5,Deuteronomy,9,11,Deuteronomy 9:11,8,ܠܝ,,,,Peshitta,PESH
5,Deuteronomy,9,11,Deuteronomy 9:11,9,ܡܪܝܐ,,,,Peshitta,PESH
5,Deuteronomy,9,11,Deuteronomy 9:11,10,ܬܪ̈ܬܝܢ,,,,Peshitta,PESH
5,Deuteronomy,9,11,Deuteronomy 9:11,11,ܠܘܚ̈ܐ,,,,Peshitta,PESH
5,Deuteronomy,9,11,Deuteronomy 9:11,12,ܕܟܐܦܐ,,,,Peshitta,PESH
5,Deuteronomy,9,11,Deuteronomy 9:11,13,ܠܘܚ̈ܐ,,,,Peshitta,PESH
5,Deuteronomy,9,11,Deuteronomy 9:11,14,ܕܩܝܡܐ,,,,Peshitta,PESH
5,Deuteronomy,9,12,Deuteronomy 9:12,1,ܘܐܡܪ,,,,Peshitta,PESH
5,Deuteronomy,9,12,Deuteronomy 9:12,2,ܠܝ,,,,Peshitta,PESH
5,Deuteronomy,9,12,Deuteronomy 9:12,3,ܡܪܝܐ,,,,Peshitta,PESH
5,Deuteronomy,9,12,Deuteronomy 9:12,4,ܩܘܡ,,,,Peshitta,PESH
5,Deuteronomy,9,12,Deuteronomy 9:12,5,ܚܘܬ,,,,Peshitta,PESH
5,Deuteronomy,9,12,Deuteronomy 9:12,6,ܒܥܓܠ,,,,Peshitta,PESH
5,Deuteronomy,9,12,Deuteronomy 9:12,7,ܡܟܐ,,,,Peshitta,PESH
5,Deuteronomy,9,12,Deuteronomy 9:12,8,ܡܛܠ,,,,Peshitta,PESH
5,Deuteronomy,9,12,Deuteronomy 9:12,9,ܕܚܒܠ,,,,Peshitta,PESH
5,Deuteronomy,9,12,Deuteronomy 9:12,10,ܥܡܟ,,,,Peshitta,PESH
5,Deuteronomy,9,12,Deuteronomy 9:12,11,ܕܐܦܩܬ,,,,Peshitta,PESH
5,Deuteronomy,9,12,Deuteronomy 9:12,12,ܡܢ,,,,Peshitta,PESH
5,Deuteronomy,9,12,Deuteronomy 9:12,13,ܡܨܪܝܢ,,,,Peshitta,PESH
5,Deuteronomy,9,12,Deuteronomy 9:12,14,ܣܛܘ,,,,Peshitta,PESH
5,Deuteronomy,9,12,Deuteronomy 9:12,15,ܠܗܘܢ,,,,Peshitta,PESH
5,Deuteronomy,9,12,Deuteronomy 9:12,16,ܥܓܠ,,,,Peshitta,PESH
5,Deuteronomy,9,12,Deuteronomy 9:12,17,ܡܢ,,,,Peshitta,PESH
5,Deuteronomy,9,12,Deuteronomy 9:12,18,ܐܘܪܚܐ,,,,Peshitta,PESH
5,Deuteronomy,9,12,Deuteronomy 9:12,19,ܕܦ̇ܩܕܬ,,,,Peshitta,PESH
5,Deuteronomy,9,12,Deuteronomy 9:12,20,ܐܢܘܢ,,,,Peshitta,PESH
5,Deuteronomy,9,12,Deuteronomy 9:12,21,ܘܥܒܕܘ,,,,Peshitta,PESH
5,Deuteronomy,9,12,Deuteronomy 9:12,22,ܠܗܘܢ,,,,Peshitta,PESH
5,Deuteronomy,9,12,Deuteronomy 9:12,23,ܢܣܝܟܐ,,,,Peshitta,PESH
5,Deuteronomy,9,13,Deuteronomy 9:13,1,ܘܐܡܪ,,,,Peshitta,PESH
5,Deuteronomy,9,13,Deuteronomy 9:13,2,ܠܝ,,,,Peshitta,PESH
5,Deuteronomy,9,13,Deuteronomy 9:13,3,ܡܪܝܐ,,,,Peshitta,PESH
5,Deuteronomy,9,13,Deuteronomy 9:13,4,ܚܙܝ̇ܬܗ,,,,Peshitta,PESH
5,Deuteronomy,9,13,Deuteronomy 9:13,5,ܠܥܡܐ,,,,Peshitta,PESH
5,Deuteronomy,9,13,Deuteronomy 9:13,6,ܗܢܐ,,,,Peshitta,PESH
5,Deuteronomy,9,13,Deuteronomy 9:13,7,ܘܗܐ,,,,Peshitta,PESH
5,Deuteronomy,9,13,Deuteronomy 9:13,8,ܥܡܐ,,,,Peshitta,PESH
5,Deuteronomy,9,13,Deuteronomy 9:13,9,ܩܫܐ,,,,Peshitta,PESH
5,Deuteronomy,9,13,Deuteronomy 9:13,10,ܩܕܠܐ,,,,Peshitta,PESH
5,Deuteronomy,9,13,Deuteronomy 9:13,11,ܗܘ,,,,Peshitta,PESH
5,Deuteronomy,9,14,Deuteronomy 9:14,1,ܗܫܐ,,,,Peshitta,PESH
5,Deuteronomy,9,14,Deuteronomy 9:14,2,ܫܒܘܩܝܢܝ,,,,Peshitta,PESH
5,Deuteronomy,9,14,Deuteronomy 9:14,3,ܐܘܒܕ,,,,Peshitta,PESH
5,Deuteronomy,9,14,Deuteronomy 9:14,4,ܐܢܘܢ,,,,Peshitta,PESH
5,Deuteronomy,9,14,Deuteronomy 9:14,5,ܘܐܥܛܐ,,,,Peshitta,PESH
5,Deuteronomy,9,14,Deuteronomy 9:14,6,ܫܡܗܘܢ,,,,Peshitta,PESH
5,Deuteronomy,9,14,Deuteronomy 9:14,7,ܡܢ,,,,Peshitta,PESH
5,Deuteronomy,9,14,Deuteronomy 9:14,8,ܬܚܝܬ,,,,Peshitta,PESH
5,Deuteronomy,9,14,Deuteronomy 9:14,9,ܫܡܝܐ,,,,Peshitta,PESH
5,Deuteronomy,9,14,Deuteronomy 9:14,10,ܘܐܥܒܕܟ,,,,Peshitta,PESH
5,Deuteronomy,9,14,Deuteronomy 9:14,11,ܠܥܡܐ,,,,Peshitta,PESH
5,Deuteronomy,9,14,Deuteronomy 9:14,12,ܕܥܫܝܢ,,,,Peshitta,PESH
5,Deuteronomy,9,14,Deuteronomy 9:14,13,ܘܣܓܝ,,,,Peshitta,PESH
5,Deuteronomy,9,14,Deuteronomy 9:14,14,ܡܢܗܘܢ,,,,Peshitta,PESH
5,Deuteronomy,9,15,Deuteronomy 9:15,1,ܘܐܬܦܢܝܬ,,,,Peshitta,PESH
5,Deuteronomy,9,15,Deuteronomy 9:15,2,ܘܢܚ̇ܬܬ,,,,Peshitta,PESH
5,Deuteronomy,9,15,Deuteronomy 9:15,3,ܡܢ,,,,Peshitta,PESH
5,Deuteronomy,9,15,Deuteronomy 9:15,4,ܛܘܪܐ,,,,Peshitta,PESH
5,Deuteronomy,9,15,Deuteronomy 9:15,5,ܘܛܘܪܐ,,,,Peshitta,PESH
5,Deuteronomy,9,15,Deuteronomy 9:15,6,ܡܬܓܘܙܠ,,,,Peshitta,PESH
5,Deuteronomy,9,15,Deuteronomy 9:15,7,ܗܘܐ,,,,Peshitta,PESH
5,Deuteronomy,9,15,Deuteronomy 9:15,8,ܒܢܘܪܐ,,,,Peshitta,PESH
5,Deuteronomy,9,15,Deuteronomy 9:15,9,ܘܬܪ̈ܬܝܢ,,,,Peshitta,PESH
5,Deuteronomy,9,15,Deuteronomy 9:15,10,ܠܘܚ̈ܐ,,,,Peshitta,PESH
5,Deuteronomy,9,15,Deuteronomy 9:15,11,ܕܩܝܡܐ,,,,Peshitta,PESH
5,Deuteronomy,9,15,Deuteronomy 9:15,12,ܒܬܪ̈ܬܝܗܝܢ,,,,Peshitta,PESH
5,Deuteronomy,9,15,Deuteronomy 9:15,13,ܐ̈ܝܕܝ,,,,Peshitta,PESH
5,Deuteronomy,9,16,Deuteronomy 9:16,1,ܘܚܙܝ̇ܬ,,,,Peshitta,PESH
5,Deuteronomy,9,16,Deuteronomy 9:16,2,ܕܚܛܝܬܘܢ,,,,Peshitta,PESH
5,Deuteronomy,9,16,Deuteronomy 9:16,3,ܠܡܪܝܐ,,,,Peshitta,PESH
5,Deuteronomy,9,16,Deuteronomy 9:16,4,ܐܠܗܟܘܢ,,,,Peshitta,PESH
5,Deuteronomy,9,16,Deuteronomy 9:16,5,ܘܥܒܕܬܘܢ,,,,Peshitta,PESH
5,Deuteronomy,9,16,Deuteronomy 9:16,6,ܠܟܘܢ,,,,Peshitta,PESH
5,Deuteronomy,9,16,Deuteronomy 9:16,7,ܥܓܠܐ,,,,Peshitta,PESH
5,Deuteronomy,9,16,Deuteronomy 9:16,8,ܕܢܣܟܬܐ,,,,Peshitta,PESH
5,Deuteronomy,9,16,Deuteronomy 9:16,9,ܘܣܛܝܬܘܢ,,,,Peshitta,PESH
5,Deuteronomy,9,16,Deuteronomy 9:16,10,ܒܥܓܠ,,,,Peshitta,PESH
5,Deuteronomy,9,16,Deuteronomy 9:16,11,ܡܢ,,,,Peshitta,PESH
5,Deuteronomy,9,16,Deuteronomy 9:16,12,ܐܘܪܚܐ,,,,Peshitta,PESH
5,Deuteronomy,9,16,Deuteronomy 9:16,13,ܕܦܩܕܟܘܢ,,,,Peshitta,PESH
5,Deuteronomy,9,16,Deuteronomy 9:16,14,ܡܪܝܐ,,,,Peshitta,PESH
5,Deuteronomy,9,16,Deuteronomy 9:16,15,ܐܠܗܟܘܢ,,,,Peshitta,PESH
5,Deuteronomy,9,17,Deuteronomy 9:17,1,ܘܐܚ̇ܕܬ,,,,Peshitta,PESH
5,Deuteronomy,9,17,Deuteronomy 9:17,2,ܠܬܪ̈ܬܝܗܝܢ,,,,Peshitta,PESH
5,Deuteronomy,9,17,Deuteronomy 9:17,3,ܠܘܚ̈ܐ,,,,Peshitta,PESH
5,Deuteronomy,9,17,Deuteronomy 9:17,4,ܘܫ̇ܕܝܬ,,,,Peshitta,PESH
5,Deuteronomy,9,17,Deuteronomy 9:17,5,ܐ̈ܢܝܢ,,,,Peshitta,PESH
5,Deuteronomy,9,17,Deuteronomy 9:17,6,ܡܢ,,,,Peshitta,PESH
5,Deuteronomy,9,17,Deuteronomy 9:17,7,ܬܪ̈ܬܝܗܝܢ,,,,Peshitta,PESH
5,Deuteronomy,9,17,Deuteronomy 9:17,8,ܐ̈ܝܕܝ,,,,Peshitta,PESH
5,Deuteronomy,9,17,Deuteronomy 9:17,9,ܘܬܒ̇ܪܬ,,,,Peshitta,PESH
5,Deuteronomy,9,17,Deuteronomy 9:17,10,ܐ̈ܢܝܢ,,,,Peshitta,PESH
5,Deuteronomy,9,17,Deuteronomy 9:17,11,ܠܥܢܝ̈ܟܘܢ,,,,Peshitta,PESH
5,Deuteronomy,9,18,Deuteronomy 9:18,1,ܘܨ̇ܠܝܬ,,,,Peshitta,PESH
5,Deuteronomy,9,18,Deuteronomy 9:18,2,ܩܕܡ,,,,Peshitta,PESH
5,Deuteronomy,9,18,Deuteronomy 9:18,3,ܡܪܝܐ,,,,Peshitta,PESH
5,Deuteronomy,9,18,Deuteronomy 9:18,4,ܐܝܟ,,,,Peshitta,PESH
5,Deuteronomy,9,18,Deuteronomy 9:18,5,ܕܡܢ,,,,Peshitta,PESH
5,Deuteronomy,9,18,Deuteronomy 9:18,6,ܠܘܩܕܡ,,,,Peshitta,PESH
5,Deuteronomy,9,18,Deuteronomy 9:18,7,ܐܪ̈ܒܥܝܢ,,,,Peshitta,PESH
5,Deuteronomy,9,18,Deuteronomy 9:18,8,ܐܝܡ̈ܡܝܢ,,,,Peshitta,PESH
5,Deuteronomy,9,18,Deuteronomy 9:18,9,ܘܐܪ̈ܒܥܝܢ,,,,Peshitta,PESH
5,Deuteronomy,9,18,Deuteronomy 9:18,10,ܠܝ̈ܠܘܢ,,,,Peshitta,PESH
5,Deuteronomy,9,18,Deuteronomy 9:18,11,ܠܚܡܐ,,,,Peshitta,PESH
5,Deuteronomy,9,18,Deuteronomy 9:18,12,ܠܐ,,,,Peshitta,PESH
5,Deuteronomy,9,18,Deuteronomy 9:18,13,ܐ̇ܟܠܬ,,,,Peshitta,PESH
5,Deuteronomy,9,18,Deuteronomy 9:18,14,ܘܡ̈ܝܐ,,,,Peshitta,PESH
5,Deuteronomy,9,18,Deuteronomy 9:18,15,ܠܐ,,,,Peshitta,PESH
5,Deuteronomy,9,18,Deuteronomy 9:18,16,ܐܫܬܝܬ,,,,Peshitta,PESH
5,Deuteronomy,9,18,Deuteronomy 9:18,17,ܥܠ,,,,Peshitta,PESH
5,Deuteronomy,9,18,Deuteronomy 9:18,18,ܟܠܗܘܢ,,,,Peshitta,PESH
5,Deuteronomy,9,18,Deuteronomy 9:18,19,ܚ̈ܛܗܝܟܘܢ,,,,Peshitta,PESH
5,Deuteronomy,9,18,Deuteronomy 9:18,20,ܕܚܛܝܬܘܢ,,,,Peshitta,PESH
5,Deuteronomy,9,18,Deuteronomy 9:18,21,ܘܥܒܕܬܘܢ,,,,Peshitta,PESH
5,Deuteronomy,9,18,Deuteronomy 9:18,22,ܕܒܝܫ,,,,Peshitta,PESH
5,Deuteronomy,9,18,Deuteronomy 9:18,23,ܩܕܡ,,,,Peshitta,PESH
5,Deuteronomy,9,18,Deuteronomy 9:18,24,ܡܪܝܐ,,,,Peshitta,PESH
5,Deuteronomy,9,18,Deuteronomy 9:18,25,ܘܐܪܓܙܬܘܢܝܗܝ,,,,Peshitta,PESH
5,Deuteronomy,9,19,Deuteronomy 9:19,1,ܡܛܠ,,,,Peshitta,PESH
5,Deuteronomy,9,19,Deuteronomy 9:19,2,ܕܕܚ̇ܠܬ,,,,Peshitta,PESH
5,Deuteronomy,9,19,Deuteronomy 9:19,3,ܡܢ,,,,Peshitta,PESH
5,Deuteronomy,9,19,Deuteronomy 9:19,4,ܩܕܡ,,,,Peshitta,PESH
5,Deuteronomy,9,19,Deuteronomy 9:19,5,ܚܡܬܐ,,,,Peshitta,PESH
5,Deuteronomy,9,19,Deuteronomy 9:19,6,ܘܪܘܓܙܐ,,,,Peshitta,PESH
5,Deuteronomy,9,19,Deuteronomy 9:19,7,ܕܪܓܙ,,,,Peshitta,PESH
5,Deuteronomy,9,19,Deuteronomy 9:19,8,ܡܪܝܐ,,,,Peshitta,PESH
5,Deuteronomy,9,19,Deuteronomy 9:19,9,ܥܠܝܟܘܢ,,,,Peshitta,PESH
5,Deuteronomy,9,19,Deuteronomy 9:19,10,ܕܢܘܒܕܟܘܢ,,,,Peshitta,PESH
5,Deuteronomy,9,19,Deuteronomy 9:19,11,ܘܫܡܥܢܝ,,,,Peshitta,PESH
5,Deuteronomy,9,19,Deuteronomy 9:19,12,ܡܪܝܐ,,,,Peshitta,PESH
5,Deuteronomy,9,19,Deuteronomy 9:19,13,ܐܦ,,,,Peshitta,PESH
5,Deuteronomy,9,19,Deuteronomy 9:19,14,ܒܙܒܢܐ,,,,Peshitta,PESH
5,Deuteronomy,9,19,Deuteronomy 9:19,15,ܗ̇ܘ,,,,Peshitta,PESH
5,Deuteronomy,9,20,Deuteronomy 9:20,1,ܘܥܠ,,,,Peshitta,PESH
5,Deuteronomy,9,20,Deuteronomy 9:20,2,ܐܗܪܘܢ,,,,Peshitta,PESH
5,Deuteronomy,9,20,Deuteronomy 9:20,3,ܪܓܙ,,,,Peshitta,PESH
5,Deuteronomy,9,20,Deuteronomy 9:20,4,ܡܪܝܐ,,,,Peshitta,PESH
5,Deuteronomy,9,20,Deuteronomy 9:20,5,ܛܒ,,,,Peshitta,PESH
5,Deuteronomy,9,20,Deuteronomy 9:20,6,ܕܢܘܒܕܝܘܗܝ,,,,Peshitta,PESH
5,Deuteronomy,9,20,Deuteronomy 9:20,7,ܘܨ̇ܠܝܬ,,,,Peshitta,PESH
5,Deuteronomy,9,20,Deuteronomy 9:20,8,ܐܦ,,,,Peshitta,PESH
5,Deuteronomy,9,20,Deuteronomy 9:20,9,ܥܠ,,,,Peshitta,PESH
5,Deuteronomy,9,20,Deuteronomy 9:20,10,ܐܗܪܘܢ,,,,Peshitta,PESH
5,Deuteronomy,9,20,Deuteronomy 9:20,11,ܒܙܒܢܐ,,,,Peshitta,PESH
5,Deuteronomy,9,20,Deuteronomy 9:20,12,ܗ̇ܘ,,,,Peshitta,PESH
5,Deuteronomy,9,21,Deuteronomy 9:21,1,ܘܥܓܠܐ,,,,Peshitta,PESH
5,Deuteronomy,9,21,Deuteronomy 9:21,2,ܕܚ̈ܛܗܝܟܘܢ,,,,Peshitta,PESH
5,Deuteronomy,9,21,Deuteronomy 9:21,3,ܕܥܒܕܬܘܢ,,,,Peshitta,PESH
5,Deuteronomy,9,21,Deuteronomy 9:21,4,ܢܣ̇ܒܬ,,,,Peshitta,PESH
5,Deuteronomy,9,21,Deuteronomy 9:21,5,ܘܐܘܩܕܬܗ,,,,Peshitta,PESH
5,Deuteronomy,9,21,Deuteronomy 9:21,6,ܒܢܘܪܐ,,,,Peshitta,PESH
5,Deuteronomy,9,21,Deuteronomy 9:21,7,ܘܕܩܩܬܗ,,,,Peshitta,PESH
5,Deuteronomy,9,21,Deuteronomy 9:21,8,ܘܛܚܢܬܗ,,,,Peshitta,PESH
5,Deuteronomy,9,21,Deuteronomy 9:21,9,ܛܒ,,,,Peshitta,PESH
5,Deuteronomy,9,21,Deuteronomy 9:21,10,ܥܕܡܐ,,,,Peshitta,PESH
5,Deuteronomy,9,21,Deuteronomy 9:21,11,ܕܐܬܕܩܩ,,,,Peshitta,PESH
5,Deuteronomy,9,21,Deuteronomy 9:21,12,ܐܝܟ,,,,Peshitta,PESH
5,Deuteronomy,9,21,Deuteronomy 9:21,13,ܥܦܪܐ,,,,Peshitta,PESH
5,Deuteronomy,9,21,Deuteronomy 9:21,14,ܘܫܕܝܬܗ,,,,Peshitta,PESH
5,Deuteronomy,9,21,Deuteronomy 9:21,15,ܥܦܪܗ,,,,Peshitta,PESH
5,Deuteronomy,9,21,Deuteronomy 9:21,16,ܒܢܚܠܐ,,,,Peshitta,PESH
5,Deuteronomy,9,21,Deuteronomy 9:21,17,ܕܢ̇ܚܬ,,,,Peshitta,PESH
5,Deuteronomy,9,21,Deuteronomy 9:21,18,ܡܢ,,,,Peshitta,PESH
5,Deuteronomy,9,21,Deuteronomy 9:21,19,ܛܘܪܐ,,,,Peshitta,PESH
5,Deuteronomy,9,22,Deuteronomy 9:22,1,ܘܒܝܩܕܢܐ,,,,Peshitta,PESH
5,Deuteronomy,9,22,Deuteronomy 9:22,2,ܘܒܢܣ̈ܝܘܢܐ,,,,Peshitta,PESH
5,Deuteronomy,9,22,Deuteronomy 9:22,3,ܘܒܩܒܪ̈ܐ,,,,Peshitta,PESH
5,Deuteronomy,9,22,Deuteronomy 9:22,4,ܕܪ̈ܓܝ,,,,Peshitta,PESH
5,Deuteronomy,9,22,Deuteronomy 9:22,5,ܪܓܬܐ,,,,Peshitta,PESH
5,Deuteronomy,9,22,Deuteronomy 9:22,6,ܡܪܓܙܝܢ,,,,Peshitta,PESH
5,Deuteronomy,9,22,Deuteronomy 9:22,7,ܗܘܝܬܘܢ,,,,Peshitta,PESH
5,Deuteronomy,9,22,Deuteronomy 9:22,8,ܠܡܪܝܐ,,,,Peshitta,PESH
5,Deuteronomy,9,23,Deuteronomy 9:23,1,ܘܟܕ,,,,Peshitta,PESH
5,Deuteronomy,9,23,Deuteronomy 9:23,2,ܫܕܪܟܘܢ,,,,Peshitta,PESH
5,Deuteronomy,9,23,Deuteronomy 9:23,3,ܡܪܝܐ,,,,Peshitta,PESH
5,Deuteronomy,9,23,Deuteronomy 9:23,4,ܡܢ,,,,Peshitta,PESH
5,Deuteronomy,9,23,Deuteronomy 9:23,5,ܪܩܡ,,,,Peshitta,PESH
5,Deuteronomy,9,23,Deuteronomy 9:23,6,ܕܓܝܐ,,,,Peshitta,PESH
5,Deuteronomy,9,23,Deuteronomy 9:23,7,ܘܐܡܪ,,,,Peshitta,PESH
5,Deuteronomy,9,23,Deuteronomy 9:23,8,ܠܟܘܢ,,,,Peshitta,PESH
5,Deuteronomy,9,23,Deuteronomy 9:23,9,ܣܩܘ,,,,Peshitta,PESH
5,Deuteronomy,9,23,Deuteronomy 9:23,10,ܘܝܪܬܘ,,,,Peshitta,PESH
5,Deuteronomy,9,23,Deuteronomy 9:23,11,ܐܪܥܐ,,,,Peshitta,PESH
5,Deuteronomy,9,23,Deuteronomy 9:23,12,ܕܝܗ̇ܒܬ,,,,Peshitta,PESH
5,Deuteronomy,9,23,Deuteronomy 9:23,13,ܠܟܘܢ,,,,Peshitta,PESH
5,Deuteronomy,9,23,Deuteronomy 9:23,14,ܡܪܡܪܬܘܢ,,,,Peshitta,PESH
5,Deuteronomy,9,23,Deuteronomy 9:23,15,ܡܠܬ,,,,Peshitta,PESH
5,Deuteronomy,9,23,Deuteronomy 9:23,16,ܦܘܡܗ,,,,Peshitta,PESH
5,Deuteronomy,9,23,Deuteronomy 9:23,17,ܕܡܪܝܐ,,,,Peshitta,PESH
5,Deuteronomy,9,23,Deuteronomy 9:23,18,ܘܠܐ,,,,Peshitta,PESH
5,Deuteronomy,9,23,Deuteronomy 9:23,19,ܗܝܡܢܬܘܢܝܗܝ,,,,Peshitta,PESH
5,Deuteronomy,9,23,Deuteronomy 9:23,20,ܘܠܐ,,,,Peshitta,PESH
5,Deuteronomy,9,23,Deuteronomy 9:23,21,ܫܡܥܬܘܢ,,,,Peshitta,PESH
5,Deuteronomy,9,23,Deuteronomy 9:23,22,ܒܩܠܗ,,,,Peshitta,PESH
5,Deuteronomy,9,24,Deuteronomy 9:24,1,ܡܡܪ̈ܡܪܢܐ,,,,Peshitta,PESH
5,Deuteronomy,9,24,Deuteronomy 9:24,2,ܗܘܝܬܘܢ,,,,Peshitta,PESH
5,Deuteronomy,9,24,Deuteronomy 9:24,3,ܩܕܡ,,,,Peshitta,PESH
5,Deuteronomy,9,24,Deuteronomy 9:24,4,ܡܪܝܐ,,,,Peshitta,PESH
5,Deuteronomy,9,24,Deuteronomy 9:24,5,ܡܢ,,,,Peshitta,PESH
5,Deuteronomy,9,24,Deuteronomy 9:24,6,ܝܘܡܐ,,,,Peshitta,PESH
5,Deuteronomy,9,24,Deuteronomy 9:24,7,ܕܝܕܥܬܟܘܢ,,,,Peshitta,PESH
5,Deuteronomy,9,25,Deuteronomy 9:25,1,ܘܨ̇ܠܝܬ,,,,Peshitta,PESH
5,Deuteronomy,9,25,Deuteronomy 9:25,2,ܩܕܡ,,,,Peshitta,PESH
5,Deuteronomy,9,25,Deuteronomy 9:25,3,ܡܪܝܐ,,,,Peshitta,PESH
5,Deuteronomy,9,25,Deuteronomy 9:25,4,ܐܪ̈ܒܥܝܢ,,,,Peshitta,PESH
5,Deuteronomy,9,25,Deuteronomy 9:25,5,ܐܝܡ̈ܡܝܢ,,,,Peshitta,PESH
5,Deuteronomy,9,25,Deuteronomy 9:25,6,ܘܐܪ̈ܒܥܝܢ,,,,Peshitta,PESH
5,Deuteronomy,9,25,Deuteronomy 9:25,7,ܠܝ̈ܠܘܢ,,,,Peshitta,PESH
5,Deuteronomy,9,25,Deuteronomy 9:25,8,ܡܛܠ,,,,Peshitta,PESH
5,Deuteronomy,9,25,Deuteronomy 9:25,9,ܕܐܡܪ,,,,Peshitta,PESH
5,Deuteronomy,9,25,Deuteronomy 9:25,10,ܡܪܝܐ,,,,Peshitta,PESH
5,Deuteronomy,9,25,Deuteronomy 9:25,11,ܕܢܘܒܕܟܘܢ,,,,Peshitta,PESH
5,Deuteronomy,9,26,Deuteronomy 9:26,1,ܘܨ̇ܠܝܬ,,,,Peshitta,PESH
5,Deuteronomy,9,26,Deuteronomy 9:26,2,ܩܕܡ,,,,Peshitta,PESH
5,Deuteronomy,9,26,Deuteronomy 9:26,3,ܡܪܝܐ,,,,Peshitta,PESH
5,Deuteronomy,9,26,Deuteronomy 9:26,4,ܘܐܡ̇ܪܬ,,,,Peshitta,PESH
5,Deuteronomy,9,26,Deuteronomy 9:26,5,ܡܪܝܐ,,,,Peshitta,PESH
5,Deuteronomy,9,26,Deuteronomy 9:26,6,ܐܠܗܐ,,,,Peshitta,PESH
5,Deuteronomy,9,26,Deuteronomy 9:26,7,ܠܐ,,,,Peshitta,PESH
5,Deuteronomy,9,26,Deuteronomy 9:26,8,ܬܚܒܠ,,,,Peshitta,PESH
5,Deuteronomy,9,26,Deuteronomy 9:26,9,ܥܡܟ,,,,Peshitta,PESH
5,Deuteronomy,9,26,Deuteronomy 9:26,10,ܘܝܪܬܘܬܟ,,,,Peshitta,PESH
5,Deuteronomy,9,26,Deuteronomy 9:26,11,ܕܦܪܩܬ,,,,Peshitta,PESH
5,Deuteronomy,9,26,Deuteronomy 9:26,12,ܒܪܒܘܬܟ,,,,Peshitta,PESH
5,Deuteronomy,9,26,Deuteronomy 9:26,13,ܘܐܦܩܬ,,,,Peshitta,PESH
5,Deuteronomy,9,26,Deuteronomy 9:26,14,ܡܢ,,,,Peshitta,PESH
5,Deuteronomy,9,26,Deuteronomy 9:26,15,ܡܨܪܝܢ,,,,Peshitta,PESH
5,Deuteronomy,9,26,Deuteronomy 9:26,16,ܒܐܝܕܐ,,,,Peshitta,PESH
5,Deuteronomy,9,26,Deuteronomy 9:26,17,ܬܩܝܦܬܐ,,,,Peshitta,PESH
5,Deuteronomy,9,27,Deuteronomy 9:27,1,ܐܠܐ,,,,Peshitta,PESH
5,Deuteronomy,9,27,Deuteronomy 9:27,2,ܐܬܕܟܪ,,,,Peshitta,PESH
5,Deuteronomy,9,27,Deuteronomy 9:27,3,ܠܥܒ̈ܕܝܟ,,,,Peshitta,PESH
5,Deuteronomy,9,27,Deuteronomy 9:27,4,ܠܐܒܪܗܡ,,,,Peshitta,PESH
5,Deuteronomy,9,27,Deuteronomy 9:27,5,ܘܠܐܝܣܚܩ,,,,Peshitta,PESH
5,Deuteronomy,9,27,Deuteronomy 9:27,6,ܘܠܝܥܩܘܒ,,,,Peshitta,PESH
5,Deuteronomy,9,27,Deuteronomy 9:27,7,ܠܐ,,,,Peshitta,PESH
5,Deuteronomy,9,27,Deuteronomy 9:27,8,ܬܬܦܢܐ,,,,Peshitta,PESH
5,Deuteronomy,9,27,Deuteronomy 9:27,9,ܥܠ,,,,Peshitta,PESH
5,Deuteronomy,9,27,Deuteronomy 9:27,10,ܩܫܝܘܬܗ,,,,Peshitta,PESH
5,Deuteronomy,9,27,Deuteronomy 9:27,11,ܕܥܡܐ,,,,Peshitta,PESH
5,Deuteronomy,9,27,Deuteronomy 9:27,12,ܗܢܐ,,,,Peshitta,PESH
5,Deuteronomy,9,27,Deuteronomy 9:27,13,ܘܒܥܘܠܗ,,,,Peshitta,PESH
5,Deuteronomy,9,27,Deuteronomy 9:27,14,ܘܒܚ̈ܛܗܘܗܝ,,,,Peshitta,PESH
5,Deuteronomy,9,28,Deuteronomy 9:28,1,ܕܠܐ,,,,Peshitta,PESH
5,Deuteronomy,9,28,Deuteronomy 9:28,2,ܢܐܡܪܘܢ,,,,Peshitta,PESH
5,Deuteronomy,9,28,Deuteronomy 9:28,3,ܥܡܘܪ̈ܝܗ̇,,,,Peshitta,PESH
5,Deuteronomy,9,28,Deuteronomy 9:28,4,ܕܐܪܥܐ,,,,Peshitta,PESH
5,Deuteronomy,9,28,Deuteronomy 9:28,5,ܗ̇ܝ,,,,Peshitta,PESH
5,Deuteronomy,9,28,Deuteronomy 9:28,6,ܕܐܦܩܬ,,,,Peshitta,PESH
5,Deuteronomy,9,28,Deuteronomy 9:28,7,ܐܢܘܢ,,,,Peshitta,PESH
5,Deuteronomy,9,28,Deuteronomy 9:28,8,ܡܢܗ̇,,,,Peshitta,PESH
5,Deuteronomy,9,28,Deuteronomy 9:28,9,ܡܛܠ,,,,Peshitta,PESH
5,Deuteronomy,9,28,Deuteronomy 9:28,10,ܕܠܐ,,,,Peshitta,PESH
5,Deuteronomy,9,28,Deuteronomy 9:28,11,ܐܬܡܨܝ,,,,Peshitta,PESH
5,Deuteronomy,9,28,Deuteronomy 9:28,12,ܚܝܠܐ,,,,Peshitta,PESH
5,Deuteronomy,9,28,Deuteronomy 9:28,13,ܡܪܝܐ,,,,Peshitta,PESH
5,Deuteronomy,9,28,Deuteronomy 9:28,14,ܕܢܥܠ,,,,Peshitta,PESH
5,Deuteronomy,9,28,Deuteronomy 9:28,15,ܐܢܘܢ,,,,Peshitta,PESH
5,Deuteronomy,9,28,Deuteronomy 9:28,16,ܠܐܪܥܐ,,,,Peshitta,PESH
5,Deuteronomy,9,28,Deuteronomy 9:28,17,ܕܐܡܪ,,,,Peshitta,PESH
5,Deuteronomy,9,28,Deuteronomy 9:28,18,ܠܗܘܢ,,,,Peshitta,PESH
5,Deuteronomy,9,28,Deuteronomy 9:28,19,ܘܡܛܠ,,,,Peshitta,PESH
5,Deuteronomy,9,28,Deuteronomy 9:28,20,ܕܣ̇ܢܐ,,,,Peshitta,PESH
5,Deuteronomy,9,28,Deuteronomy 9:28,21,ܠܗܘܢ,,,,Peshitta,PESH
5,Deuteronomy,9,28,Deuteronomy 9:28,22,ܐܦܩ,,,,Peshitta,PESH
5,Deuteronomy,9,28,Deuteronomy 9:28,23,ܐܢܘܢ,,,,Peshitta,PESH
5,Deuteronomy,9,28,Deuteronomy 9:28,24,ܕܢܩܛܠ,,,,Peshitta,PESH
5,Deuteronomy,9,28,Deuteronomy 9:28,25,ܐܢܘܢ,,,,Peshitta,PESH
5,Deuteronomy,9,28,Deuteronomy 9:28,26,ܒܡܕܒܪܐ,,,,Peshitta,PESH
5,Deuteronomy,9,29,Deuteronomy 9:29,1,ܘܗܢܘܢ,,,,Peshitta,PESH
5,Deuteronomy,9,29,Deuteronomy 9:29,2,ܥܡܟ,,,,Peshitta,PESH
5,Deuteronomy,9,29,Deuteronomy 9:29,3,ܐܢܘܢ,,,,Peshitta,PESH
5,Deuteronomy,9,29,Deuteronomy 9:29,4,ܘܝܪܬܘܬܟ,,,,Peshitta,PESH
5,Deuteronomy,9,29,Deuteronomy 9:29,5,ܕܐܦܩܬ,,,,Peshitta,PESH
5,Deuteronomy,9,29,Deuteronomy 9:29,6,ܒܚܝܠܟ,,,,Peshitta,PESH
5,Deuteronomy,9,29,Deuteronomy 9:29,7,ܪܒܐ,,,,Peshitta,PESH
5,Deuteronomy,9,29,Deuteronomy 9:29,8,ܘܒܕܪܥܟ,,,,Peshitta,PESH
5,Deuteronomy,9,29,Deuteronomy 9:29,9,ܪܡܐ,,,,Peshitta,PESH
5,Deuteronomy,10,1,Deuteronomy 10:1,1,ܒܗ,,,,Peshitta,PESH
5,Deuteronomy,10,1,Deuteronomy 10:1,2,ܒܙܒܢܐ,,,,Peshitta,PESH
5,Deuteronomy,10,1,Deuteronomy 10:1,3,ܗ̇ܘ,,,,Peshitta,PESH
5,Deuteronomy,10,1,Deuteronomy 10:1,4,ܐܡܪ,,,,Peshitta,PESH
5,Deuteronomy,10,1,Deuteronomy 10:1,5,ܠܝ,,,,Peshitta,PESH
5,Deuteronomy,10,1,Deuteronomy 10:1,6,ܡܪܝܐ,,,,Peshitta,PESH
5,Deuteronomy,10,1,Deuteronomy 10:1,7,ܦܣܘܠ,,,,Peshitta,PESH
5,Deuteronomy,10,1,Deuteronomy 10:1,8,ܠܟ,,,,Peshitta,PESH
5,Deuteronomy,10,1,Deuteronomy 10:1,9,ܬܪ̈ܬܝܢ,,,,Peshitta,PESH
5,Deuteronomy,10,1,Deuteronomy 10:1,10,ܠܘܚ̈ܐ,,,,Peshitta,PESH
5,Deuteronomy,10,1,Deuteronomy 10:1,11,ܕܟܐܦܐ,,,,Peshitta,PESH
5,Deuteronomy,10,1,Deuteronomy 10:1,12,ܐܝܟ,,,,Peshitta,PESH
5,Deuteronomy,10,1,Deuteronomy 10:1,13,ܩ̈ܕܡܝܬܐ,,,,Peshitta,PESH
5,Deuteronomy,10,1,Deuteronomy 10:1,14,ܘܣܩ,,,,Peshitta,PESH
5,Deuteronomy,10,1,Deuteronomy 10:1,15,ܠܘܬܝ,,,,Peshitta,PESH
5,Deuteronomy,10,1,Deuteronomy 10:1,16,ܠܛܘܪܐ,,,,Peshitta,PESH
5,Deuteronomy,10,1,Deuteronomy 10:1,17,ܘܥܒܕ,,,,Peshitta,PESH
5,Deuteronomy,10,1,Deuteronomy 10:1,18,ܠܟ,,,,Peshitta,PESH
5,Deuteronomy,10,1,Deuteronomy 10:1,19,ܩܒܘܬܐ,,,,Peshitta,PESH
5,Deuteronomy,10,1,Deuteronomy 10:1,20,ܕܩܝܣܐ,,,,Peshitta,PESH
5,Deuteronomy,10,2,Deuteronomy 10:2,1,ܘܐܟܬܘܒ,,,,Peshitta,PESH
5,Deuteronomy,10,2,Deuteronomy 10:2,2,ܥܠ,,,,Peshitta,PESH
5,Deuteronomy,10,2,Deuteronomy 10:2,3,ܠܘܚ̈ܐ,,,,Peshitta,PESH
5,Deuteronomy,10,2,Deuteronomy 10:2,4,ܦ̈ܬܓܡܐ,,,,Peshitta,PESH
5,Deuteronomy,10,2,Deuteronomy 10:2,5,ܕܐܝܬ,,,,Peshitta,PESH
5,Deuteronomy,10,2,Deuteronomy 10:2,6,ܗܘܘ,,,,Peshitta,PESH
5,Deuteronomy,10,2,Deuteronomy 10:2,7,ܥܠ,,,,Peshitta,PESH
5,Deuteronomy,10,2,Deuteronomy 10:2,8,ܠܘܚ̈ܐ,,,,Peshitta,PESH
5,Deuteronomy,10,2,Deuteronomy 10:2,9,ܩܕܡ̈ܝܬܐ,,,,Peshitta,PESH
5,Deuteronomy,10,2,Deuteronomy 10:2,10,ܕܬܒܪܬ,,,,Peshitta,PESH
5,Deuteronomy,10,2,Deuteronomy 10:2,11,ܘܣܝܡ,,,,Peshitta,PESH
5,Deuteronomy,10,2,Deuteronomy 10:2,12,ܐ̈ܢܝܢ,,,,Peshitta,PESH
5,Deuteronomy,10,2,Deuteronomy 10:2,13,ܒܩܒܘܬܐ,,,,Peshitta,PESH
5,Deuteronomy,10,3,Deuteronomy 10:3,1,ܘܥܒ̇ܕܬ,,,,Peshitta,PESH
5,Deuteronomy,10,3,Deuteronomy 10:3,2,ܩܒܘܬܐ,,,,Peshitta,PESH
5,Deuteronomy,10,3,Deuteronomy 10:3,3,ܕܩܝܣܐ,,,,Peshitta,PESH
5,Deuteronomy,10,3,Deuteronomy 10:3,4,ܕܐܫܟܪܥܐ,,,,Peshitta,PESH
5,Deuteronomy,10,3,Deuteronomy 10:3,5,ܘܦܣ̇ܠܬ,,,,Peshitta,PESH
5,Deuteronomy,10,3,Deuteronomy 10:3,6,ܬܪ̈ܬܝܢ,,,,Peshitta,PESH
5,Deuteronomy,10,3,Deuteronomy 10:3,7,ܠܘܚ̈ܐ,,,,Peshitta,PESH
5,Deuteronomy,10,3,Deuteronomy 10:3,8,ܕܟܐܦܐ,,,,Peshitta,PESH
5,Deuteronomy,10,3,Deuteronomy 10:3,9,ܐܝܟ,,,,Peshitta,PESH
5,Deuteronomy,10,3,Deuteronomy 10:3,10,ܩܕܡ̈ܝܬܐ,,,,Peshitta,PESH
5,Deuteronomy,10,3,Deuteronomy 10:3,11,ܘܣ̇ܠܩܬ,,,,Peshitta,PESH
5,Deuteronomy,10,3,Deuteronomy 10:3,12,ܠܛܘܪܐ,,,,Peshitta,PESH
5,Deuteronomy,10,3,Deuteronomy 10:3,13,ܘܬܪ̈ܬܝܗܝܢ,,,,Peshitta,PESH
5,Deuteronomy,10,3,Deuteronomy 10:3,14,ܠܘܚ̈ܐ,,,,Peshitta,PESH
5,Deuteronomy,10,3,Deuteronomy 10:3,15,ܒܐܝ̈ܕܝ,,,,Peshitta,PESH
5,Deuteronomy,10,4,Deuteronomy 10:4,1,ܘܟܬܒ,,,,Peshitta,PESH
5,Deuteronomy,10,4,Deuteronomy 10:4,2,ܥܠ,,,,Peshitta,PESH
5,Deuteronomy,10,4,Deuteronomy 10:4,3,ܠܘܚ̈ܐ,,,,Peshitta,PESH
5,Deuteronomy,10,4,Deuteronomy 10:4,4,ܐܝܟ,,,,Peshitta,PESH
5,Deuteronomy,10,4,Deuteronomy 10:4,5,ܟܬܒܐ,,,,Peshitta,PESH
5,Deuteronomy,10,4,Deuteronomy 10:4,6,ܩܕܡܝܐ,,,,Peshitta,PESH
5,Deuteronomy,10,4,Deuteronomy 10:4,7,ܥܣܪܐ,,,,Peshitta,PESH
5,Deuteronomy,10,4,Deuteronomy 10:4,8,ܦ̈ܬܓܡܝܢ,,,,Peshitta,PESH
5,Deuteronomy,10,4,Deuteronomy 10:4,9,ܕܡܠܠ,,,,Peshitta,PESH
5,Deuteronomy,10,4,Deuteronomy 10:4,10,ܡܪܝܐ,,,,Peshitta,PESH
5,Deuteronomy,10,4,Deuteronomy 10:4,11,ܥܡܟܘܢ,,,,Peshitta,PESH
5,Deuteronomy,10,4,Deuteronomy 10:4,12,ܒܛܘܪܐ,,,,Peshitta,PESH
5,Deuteronomy,10,4,Deuteronomy 10:4,13,ܡܢ,,,,Peshitta,PESH
5,Deuteronomy,10,4,Deuteronomy 10:4,14,ܓܘ,,,,Peshitta,PESH
5,Deuteronomy,10,4,Deuteronomy 10:4,15,ܢܘܪܐ,,,,Peshitta,PESH
5,Deuteronomy,10,4,Deuteronomy 10:4,16,ܒܝܘܡܐ,,,,Peshitta,PESH
5,Deuteronomy,10,4,Deuteronomy 10:4,17,ܕܟܢܘܫܝܐ,,,,Peshitta,PESH
5,Deuteronomy,10,4,Deuteronomy 10:4,18,ܘܝܗܒ,,,,Peshitta,PESH
5,Deuteronomy,10,4,Deuteronomy 10:4,19,ܐ̈ܢܝܢ,,,,Peshitta,PESH
5,Deuteronomy,10,4,Deuteronomy 10:4,20,ܠܝ,,,,Peshitta,PESH
5,Deuteronomy,10,4,Deuteronomy 10:4,21,ܡܪܝܐ,,,,Peshitta,PESH
5,Deuteronomy,10,5,Deuteronomy 10:5,1,ܘܐܬܦܢܝܬ,,,,Peshitta,PESH
5,Deuteronomy,10,5,Deuteronomy 10:5,2,ܘܢܚ̇ܬܬ,,,,Peshitta,PESH
5,Deuteronomy,10,5,Deuteronomy 10:5,3,ܡܢ,,,,Peshitta,PESH
5,Deuteronomy,10,5,Deuteronomy 10:5,4,ܛܘܪܐ,,,,Peshitta,PESH
5,Deuteronomy,10,5,Deuteronomy 10:5,5,ܘܣ̇ܡܬ,,,,Peshitta,PESH
5,Deuteronomy,10,5,Deuteronomy 10:5,6,ܐ̈ܢܝܢ,,,,Peshitta,PESH
5,Deuteronomy,10,5,Deuteronomy 10:5,7,ܠܘܚ̈ܐ,,,,Peshitta,PESH
5,Deuteronomy,10,5,Deuteronomy 10:5,8,ܒܩܒܘܬܐ,,,,Peshitta,PESH
5,Deuteronomy,10,5,Deuteronomy 10:5,9,ܕܥܒ̇ܕܬ,,,,Peshitta,PESH
5,Deuteronomy,10,5,Deuteronomy 10:5,10,ܘܫܒ̇ܩܬ,,,,Peshitta,PESH
5,Deuteronomy,10,5,Deuteronomy 10:5,11,ܐ̈ܢܝܢ,,,,Peshitta,PESH
5,Deuteronomy,10,5,Deuteronomy 10:5,12,ܒܗ̇,,,,Peshitta,PESH
5,Deuteronomy,10,5,Deuteronomy 10:5,13,ܐܝܟ,,,,Peshitta,PESH
5,Deuteronomy,10,5,Deuteronomy 10:5,14,ܕܦܩܕܢܝ,,,,Peshitta,PESH
5,Deuteronomy,10,5,Deuteronomy 10:5,15,ܡܪܝܐ,,,,Peshitta,PESH
5,Deuteronomy,10,6,Deuteronomy 10:6,1,ܘܒܢ̈ܝ,,,,Peshitta,PESH
5,Deuteronomy,10,6,Deuteronomy 10:6,2,ܐܝܣܪܝܠ,,,,Peshitta,PESH
5,Deuteronomy,10,6,Deuteronomy 10:6,3,ܫܩܠܘ,,,,Peshitta,PESH
5,Deuteronomy,10,6,Deuteronomy 10:6,4,ܡܢ,,,,Peshitta,PESH
5,Deuteronomy,10,6,Deuteronomy 10:6,5,ܒܪܐܘܬ,,,,Peshitta,PESH
5,Deuteronomy,10,6,Deuteronomy 10:6,6,ܕܒܢ̈ܝ,,,,Peshitta,PESH
5,Deuteronomy,10,6,Deuteronomy 10:6,7,ܝܥܩܢ,,,,Peshitta,PESH
5,Deuteronomy,10,6,Deuteronomy 10:6,8,ܠܡܘܣܪܐ,,,,Peshitta,PESH
5,Deuteronomy,10,6,Deuteronomy 10:6,9,ܬܡܢ,,,,Peshitta,PESH
5,Deuteronomy,10,6,Deuteronomy 10:6,10,ܡܝܬ,,,,Peshitta,PESH
5,Deuteronomy,10,6,Deuteronomy 10:6,11,ܐܗܪܘܢ,,,,Peshitta,PESH
5,Deuteronomy,10,6,Deuteronomy 10:6,12,ܘܐܬܩܒܪ,,,,Peshitta,PESH
5,Deuteronomy,10,6,Deuteronomy 10:6,13,ܬܡܢ,,,,Peshitta,PESH
5,Deuteronomy,10,6,Deuteronomy 10:6,14,ܘܟܗܢ,,,,Peshitta,PESH
5,Deuteronomy,10,6,Deuteronomy 10:6,15,ܐܠܝܥܙܪ,,,,Peshitta,PESH
5,Deuteronomy,10,6,Deuteronomy 10:6,16,ܒܪܗ,,,,Peshitta,PESH
5,Deuteronomy,10,6,Deuteronomy 10:6,17,ܒܬܪܗ,,,,Peshitta,PESH
5,Deuteronomy,10,7,Deuteronomy 10:7,1,ܘܡܢ,,,,Peshitta,PESH
5,Deuteronomy,10,7,Deuteronomy 10:7,2,ܬܡܢ,,,,Peshitta,PESH
5,Deuteronomy,10,7,Deuteronomy 10:7,3,ܫܩܠܘ,,,,Peshitta,PESH
5,Deuteronomy,10,7,Deuteronomy 10:7,4,ܠܓܕܓܕ,,,,Peshitta,PESH
5,Deuteronomy,10,7,Deuteronomy 10:7,5,ܘܡܢ,,,,Peshitta,PESH
5,Deuteronomy,10,7,Deuteronomy 10:7,6,ܓܕܓܕ,,,,Peshitta,PESH
5,Deuteronomy,10,7,Deuteronomy 10:7,7,ܠܝܛܒܬ,,,,Peshitta,PESH
5,Deuteronomy,10,7,Deuteronomy 10:7,8,ܠܐܪܥܐ,,,,Peshitta,PESH
5,Deuteronomy,10,7,Deuteronomy 10:7,9,ܕܪ̈ܓܠܬܐ,,,,Peshitta,PESH
5,Deuteronomy,10,7,Deuteronomy 10:7,10,ܕܡ̈ܝܐ,,,,Peshitta,PESH
5,Deuteronomy,10,8,Deuteronomy 10:8,1,ܒܗ,,,,Peshitta,PESH
5,Deuteronomy,10,8,Deuteronomy 10:8,2,ܒܙܒܢܐ,,,,Peshitta,PESH
5,Deuteronomy,10,8,Deuteronomy 10:8,3,ܗ̇ܘ,,,,Peshitta,PESH
5,Deuteronomy,10,8,Deuteronomy 10:8,4,ܦܪܫ,,,,Peshitta,PESH
5,Deuteronomy,10,8,Deuteronomy 10:8,5,ܡܪܝܐ,,,,Peshitta,PESH
5,Deuteronomy,10,8,Deuteronomy 10:8,6,ܠܫܒܛܐ,,,,Peshitta,PESH
5,Deuteronomy,10,8,Deuteronomy 10:8,7,ܕܠܘܝ,,,,Peshitta,PESH
5,Deuteronomy,10,8,Deuteronomy 10:8,8,ܕܢܫܩܘܠ,,,,Peshitta,PESH
5,Deuteronomy,10,8,Deuteronomy 10:8,9,ܩܒܘܬܐ,,,,Peshitta,PESH
5,Deuteronomy,10,8,Deuteronomy 10:8,10,ܕܩܝܡܗ,,,,Peshitta,PESH
5,Deuteronomy,10,8,Deuteronomy 10:8,11,ܕܡܪܝܐ,,,,Peshitta,PESH
5,Deuteronomy,10,8,Deuteronomy 10:8,12,ܘܕܢܩܘܡ,,,,Peshitta,PESH
5,Deuteronomy,10,8,Deuteronomy 10:8,13,ܩܕܡ,,,,Peshitta,PESH
5,Deuteronomy,10,8,Deuteronomy 10:8,14,ܡܪܝܐ,,,,Peshitta,PESH
5,Deuteronomy,10,8,Deuteronomy 10:8,15,ܘܢܫܡܫܝܘܗܝ,,,,Peshitta,PESH
5,Deuteronomy,10,8,Deuteronomy 10:8,16,ܘܢܒܪܟ,,,,Peshitta,PESH
5,Deuteronomy,10,8,Deuteronomy 10:8,17,ܫܡܗ,,,,Peshitta,PESH
5,Deuteronomy,10,8,Deuteronomy 10:8,18,ܕܡܪܝܐ,,,,Peshitta,PESH
5,Deuteronomy,10,8,Deuteronomy 10:8,19,ܥܕܡܐ,,,,Peshitta,PESH
5,Deuteronomy,10,8,Deuteronomy 10:8,20,ܠܝܘܡܢܐ,,,,Peshitta,PESH
5,Deuteronomy,10,9,Deuteronomy 10:9,1,ܡܛܠ,,,,Peshitta,PESH
5,Deuteronomy,10,9,Deuteronomy 10:9,2,ܗܢܐ,,,,Peshitta,PESH
5,Deuteronomy,10,9,Deuteronomy 10:9,3,ܠܝܬ,,,,Peshitta,PESH
5,Deuteronomy,10,9,Deuteronomy 10:9,4,ܗܘܬ,,,,Peshitta,PESH
5,Deuteronomy,10,9,Deuteronomy 10:9,5,ܠܠܘܝ,,,,Peshitta,PESH
5,Deuteronomy,10,9,Deuteronomy 10:9,6,ܦܠܓܘܬܐ,,,,Peshitta,PESH
5,Deuteronomy,10,9,Deuteronomy 10:9,7,ܘܝܪܬܘܬܐ,,,,Peshitta,PESH
5,Deuteronomy,10,9,Deuteronomy 10:9,8,ܥܡ,,,,Peshitta,PESH
5,Deuteronomy,10,9,Deuteronomy 10:9,9,ܐܚ̈ܘܗܝ,,,,Peshitta,PESH
5,Deuteronomy,10,9,Deuteronomy 10:9,10,ܡܪܝܐ,,,,Peshitta,PESH
5,Deuteronomy,10,9,Deuteronomy 10:9,11,ܗܘ,,,,Peshitta,PESH
5,Deuteronomy,10,9,Deuteronomy 10:9,12,ܓܝܪ,,,,Peshitta,PESH
5,Deuteronomy,10,9,Deuteronomy 10:9,13,ܝܪܬܘܬܗ,,,,Peshitta,PESH
5,Deuteronomy,10,9,Deuteronomy 10:9,14,ܐܝܟ,,,,Peshitta,PESH
5,Deuteronomy,10,9,Deuteronomy 10:9,15,ܕܐܡܪ,,,,Peshitta,PESH
5,Deuteronomy,10,9,Deuteronomy 10:9,16,ܠܗ,,,,Peshitta,PESH
5,Deuteronomy,10,9,Deuteronomy 10:9,17,ܡܪܝܐ,,,,Peshitta,PESH
5,Deuteronomy,10,9,Deuteronomy 10:9,18,ܐܠܗܟ,,,,Peshitta,PESH
5,Deuteronomy,10,10,Deuteronomy 10:10,1,ܘܐܢܐ,,,,Peshitta,PESH
5,Deuteronomy,10,10,Deuteronomy 10:10,2,ܩܡ̇ܬ,,,,Peshitta,PESH
5,Deuteronomy,10,10,Deuteronomy 10:10,3,ܩܕܡ,,,,Peshitta,PESH
5,Deuteronomy,10,10,Deuteronomy 10:10,4,ܡܪܝܐ,,,,Peshitta,PESH
5,Deuteronomy,10,10,Deuteronomy 10:10,5,ܒܛܘܪܐ,,,,Peshitta,PESH
5,Deuteronomy,10,10,Deuteronomy 10:10,6,ܐܝܟ,,,,Peshitta,PESH
5,Deuteronomy,10,10,Deuteronomy 10:10,7,ܝܘܡ̈ܬܐ,,,,Peshitta,PESH
5,Deuteronomy,10,10,Deuteronomy 10:10,8,ܩܕܡ̈ܝܐ,,,,Peshitta,PESH
5,Deuteronomy,10,10,Deuteronomy 10:10,9,ܐܪ̈ܒܥܝܢ,,,,Peshitta,PESH
5,Deuteronomy,10,10,Deuteronomy 10:10,10,ܐܝܡ̈ܡܝܢ,,,,Peshitta,PESH
5,Deuteronomy,10,10,Deuteronomy 10:10,11,ܘܐܪ̈ܒܥܝܢ,,,,Peshitta,PESH
5,Deuteronomy,10,10,Deuteronomy 10:10,12,ܠܝ̈ܠܘܢ,,,,Peshitta,PESH
5,Deuteronomy,10,10,Deuteronomy 10:10,13,ܘܫܡܥܢܝ,,,,Peshitta,PESH
5,Deuteronomy,10,10,Deuteronomy 10:10,14,ܡܪܝܐ,,,,Peshitta,PESH
5,Deuteronomy,10,10,Deuteronomy 10:10,15,ܐܦ,,,,Peshitta,PESH
5,Deuteronomy,10,10,Deuteronomy 10:10,16,ܒܙܒܢܐ,,,,Peshitta,PESH
5,Deuteronomy,10,10,Deuteronomy 10:10,17,ܗ̇ܘ,,,,Peshitta,PESH
5,Deuteronomy,10,10,Deuteronomy 10:10,18,ܘܠܐ,,,,Peshitta,PESH
5,Deuteronomy,10,10,Deuteronomy 10:10,19,ܨܒܐ,,,,Peshitta,PESH
5,Deuteronomy,10,10,Deuteronomy 10:10,20,ܡܪܝܐ,,,,Peshitta,PESH
5,Deuteronomy,10,10,Deuteronomy 10:10,21,ܕܢܚܒܠܟ,,,,Peshitta,PESH
5,Deuteronomy,10,11,Deuteronomy 10:11,1,ܘܐܡܪ,,,,Peshitta,PESH
5,Deuteronomy,10,11,Deuteronomy 10:11,2,ܠܝ,,,,Peshitta,PESH
5,Deuteronomy,10,11,Deuteronomy 10:11,3,ܡܪܝܐ,,,,Peshitta,PESH
5,Deuteronomy,10,11,Deuteronomy 10:11,4,ܩܘܡ,,,,Peshitta,PESH
5,Deuteronomy,10,11,Deuteronomy 10:11,5,ܫܩܘܠ,,,,Peshitta,PESH
5,Deuteronomy,10,11,Deuteronomy 10:11,6,ܘܙܠ,,,,Peshitta,PESH
5,Deuteronomy,10,11,Deuteronomy 10:11,7,ܩܕܡ,,,,Peshitta,PESH
5,Deuteronomy,10,11,Deuteronomy 10:11,8,ܥܡܐ,,,,Peshitta,PESH
5,Deuteronomy,10,11,Deuteronomy 10:11,9,ܘܢܥܠܘܢ,,,,Peshitta,PESH
5,Deuteronomy,10,11,Deuteronomy 10:11,10,ܘܢܐܪܬܘܢ,,,,Peshitta,PESH
5,Deuteronomy,10,11,Deuteronomy 10:11,11,ܐܪܥܐ,,,,Peshitta,PESH
5,Deuteronomy,10,11,Deuteronomy 10:11,12,ܕܝܡ̇ܝܬ,,,,Peshitta,PESH
5,Deuteronomy,10,11,Deuteronomy 10:11,13,ܠܐ̈ܒܗܝܗܘܢ,,,,Peshitta,PESH
5,Deuteronomy,10,11,Deuteronomy 10:11,14,ܠܡܬܠ,,,,Peshitta,PESH
5,Deuteronomy,10,11,Deuteronomy 10:11,15,ܠܗܘܢ,,,,Peshitta,PESH
5,Deuteronomy,10,12,Deuteronomy 10:12,1,ܡܟܝܠ,,,,Peshitta,PESH
5,Deuteronomy,10,12,Deuteronomy 10:12,2,ܐܝܣܪܝܠ,,,,Peshitta,PESH
5,Deuteronomy,10,12,Deuteronomy 10:12,3,ܡܢܐ,,,,Peshitta,PESH
5,Deuteronomy,10,12,Deuteronomy 10:12,4,ܫ̇ܐܠ,,,,Peshitta,PESH
5,Deuteronomy,10,12,Deuteronomy 10:12,5,ܠܟ,,,,Peshitta,PESH
5,Deuteronomy,10,12,Deuteronomy 10:12,6,ܡܪܝܐ,,,,Peshitta,PESH
5,Deuteronomy,10,12,Deuteronomy 10:12,7,ܐܠܗܟ,,,,Peshitta,PESH
5,Deuteronomy,10,12,Deuteronomy 10:12,8,ܐܠܐ,,,,Peshitta,PESH
5,Deuteronomy,10,12,Deuteronomy 10:12,9,ܕܬܕܚܠ,,,,Peshitta,PESH
5,Deuteronomy,10,12,Deuteronomy 10:12,10,ܡܢ,,,,Peshitta,PESH
5,Deuteronomy,10,12,Deuteronomy 10:12,11,ܡܪܝܐ,,,,Peshitta,PESH
5,Deuteronomy,10,12,Deuteronomy 10:12,12,ܐܠܗܟ,,,,Peshitta,PESH
5,Deuteronomy,10,12,Deuteronomy 10:12,13,ܘܬܗܠܟ,,,,Peshitta,PESH
5,Deuteronomy,10,12,Deuteronomy 10:12,14,ܒܐܘܪ̈ܚܬܗ,,,,Peshitta,PESH
5,Deuteronomy,10,12,Deuteronomy 10:12,15,ܘܬܪܚܡܝܘܗܝ,,,,Peshitta,PESH
5,Deuteronomy,10,12,Deuteronomy 10:12,16,ܘܬܦܠܘܚ,,,,Peshitta,PESH
5,Deuteronomy,10,12,Deuteronomy 10:12,17,ܠܡܪܝܐ,,,,Peshitta,PESH
5,Deuteronomy,10,12,Deuteronomy 10:12,18,ܐܠܗܟ,,,,Peshitta,PESH
5,Deuteronomy,10,12,Deuteronomy 10:12,19,ܡܢ,,,,Peshitta,PESH
5,Deuteronomy,10,12,Deuteronomy 10:12,20,ܟܠܗ,,,,Peshitta,PESH
5,Deuteronomy,10,12,Deuteronomy 10:12,21,ܠܒܟ,,,,Peshitta,PESH
5,Deuteronomy,10,12,Deuteronomy 10:12,22,ܘܡܢ,,,,Peshitta,PESH
5,Deuteronomy,10,12,Deuteronomy 10:12,23,ܟܠܗ̇,,,,Peshitta,PESH
5,Deuteronomy,10,12,Deuteronomy 10:12,24,ܢܦܫܟ,,,,Peshitta,PESH
5,Deuteronomy,10,13,Deuteronomy 10:13,1,ܘܬܛܪ,,,,Peshitta,PESH
5,Deuteronomy,10,13,Deuteronomy 10:13,2,ܦܘܩ̈ܕܢܘܗܝ,,,,Peshitta,PESH
5,Deuteronomy,10,13,Deuteronomy 10:13,3,ܕܡܪܝܐ,,,,Peshitta,PESH
5,Deuteronomy,10,13,Deuteronomy 10:13,4,ܐܠܗܟ,,,,Peshitta,PESH
5,Deuteronomy,10,13,Deuteronomy 10:13,5,ܘܢܡ̈ܘܣܘܗܝ,,,,Peshitta,PESH
5,Deuteronomy,10,13,Deuteronomy 10:13,6,ܕܡܦܩܕ,,,,Peshitta,PESH
5,Deuteronomy,10,13,Deuteronomy 10:13,7,ܐܢܐ,,,,Peshitta,PESH
5,Deuteronomy,10,13,Deuteronomy 10:13,8,ܠܟ,,,,Peshitta,PESH
5,Deuteronomy,10,13,Deuteronomy 10:13,9,ܝܘܡܢܐ,,,,Peshitta,PESH
5,Deuteronomy,10,13,Deuteronomy 10:13,10,ܘܢܛܐܒ,,,,Peshitta,PESH
5,Deuteronomy,10,13,Deuteronomy 10:13,11,ܠܟ,,,,Peshitta,PESH
5,Deuteronomy,10,14,Deuteronomy 10:14,1,ܕܡܪܝܐ,,,,Peshitta,PESH
5,Deuteronomy,10,14,Deuteronomy 10:14,2,ܐܢܘܢ,,,,Peshitta,PESH
5,Deuteronomy,10,14,Deuteronomy 10:14,3,ܐܠܗܟ,,,,Peshitta,PESH
5,Deuteronomy,10,14,Deuteronomy 10:14,4,ܫܡܝܐ,,,,Peshitta,PESH
5,Deuteronomy,10,14,Deuteronomy 10:14,5,ܘܫ̈ܡܝ,,,,Peshitta,PESH
5,Deuteronomy,10,14,Deuteronomy 10:14,6,ܫܡܝܐ,,,,Peshitta,PESH
5,Deuteronomy,10,14,Deuteronomy 10:14,7,ܘܐܪܥܐ,,,,Peshitta,PESH
5,Deuteronomy,10,14,Deuteronomy 10:14,8,ܘܟܠ,,,,Peshitta,PESH
5,Deuteronomy,10,14,Deuteronomy 10:14,9,ܕܐܝܬ,,,,Peshitta,PESH
5,Deuteronomy,10,14,Deuteronomy 10:14,10,ܒܗ̇,,,,Peshitta,PESH
5,Deuteronomy,10,15,Deuteronomy 10:15,1,ܘܒܐ̈ܒܗܝܟܘܢ,,,,Peshitta,PESH
5,Deuteronomy,10,15,Deuteronomy 10:15,2,ܒܠܚܘܕ,,,,Peshitta,PESH
5,Deuteronomy,10,15,Deuteronomy 10:15,3,ܨܒܐ,,,,Peshitta,PESH
5,Deuteronomy,10,15,Deuteronomy 10:15,4,ܡܪܝܐ,,,,Peshitta,PESH
5,Deuteronomy,10,15,Deuteronomy 10:15,5,ܘܪܚܡ,,,,Peshitta,PESH
5,Deuteronomy,10,15,Deuteronomy 10:15,6,ܐܢܘܢ,,,,Peshitta,PESH
5,Deuteronomy,10,15,Deuteronomy 10:15,7,ܘܓܒܐ,,,,Peshitta,PESH
5,Deuteronomy,10,15,Deuteronomy 10:15,8,ܠܙܪܥܗܘܢ,,,,Peshitta,PESH
5,Deuteronomy,10,15,Deuteronomy 10:15,9,ܒܬܪܗܘܢ,,,,Peshitta,PESH
5,Deuteronomy,10,15,Deuteronomy 10:15,10,ܡܢ,,,,Peshitta,PESH
5,Deuteronomy,10,15,Deuteronomy 10:15,11,ܟܠܗܘܢ,,,,Peshitta,PESH
5,Deuteronomy,10,15,Deuteronomy 10:15,12,ܥܡ̈ܡܐ,,,,Peshitta,PESH
5,Deuteronomy,10,15,Deuteronomy 10:15,13,ܐܝܟ,,,,Peshitta,PESH
5,Deuteronomy,10,15,Deuteronomy 10:15,14,ܕܝܘܡܢܐ,,,,Peshitta,PESH
5,Deuteronomy,10,16,Deuteronomy 10:16,1,ܓܙܘܪܘ,,,,Peshitta,PESH
5,Deuteronomy,10,16,Deuteronomy 10:16,2,ܥܘܪܠܘܬܐ,,,,Peshitta,PESH
5,Deuteronomy,10,16,Deuteronomy 10:16,3,ܕܠܒܟܘܢ,,,,Peshitta,PESH
5,Deuteronomy,10,16,Deuteronomy 10:16,4,ܘܩܕܠܟܘܢ,,,,Peshitta,PESH
5,Deuteronomy,10,16,Deuteronomy 10:16,5,ܬܘܒ,,,,Peshitta,PESH
5,Deuteronomy,10,16,Deuteronomy 10:16,6,ܠܐ,,,,Peshitta,PESH
5,Deuteronomy,10,16,Deuteronomy 10:16,7,ܬܩܫܘܢ,,,,Peshitta,PESH
5,Deuteronomy,10,17,Deuteronomy 10:17,1,ܡܛܠ,,,,Peshitta,PESH
5,Deuteronomy,10,17,Deuteronomy 10:17,2,ܕܡܪܝܐ,,,,Peshitta,PESH
5,Deuteronomy,10,17,Deuteronomy 10:17,3,ܐܠܗܟܘܢ,,,,Peshitta,PESH
5,Deuteronomy,10,17,Deuteronomy 10:17,4,ܗܘܝܘ,,,,Peshitta,PESH
5,Deuteronomy,10,17,Deuteronomy 10:17,5,ܐܠܗ,,,,Peshitta,PESH
5,Deuteronomy,10,17,Deuteronomy 10:17,6,ܐ̈ܠܗܝܢ,,,,Peshitta,PESH
5,Deuteronomy,10,17,Deuteronomy 10:17,7,ܘܡܪܐ,,,,Peshitta,PESH
5,Deuteronomy,10,17,Deuteronomy 10:17,8,ܡܪ̈ܘܬܐ,,,,Peshitta,PESH
5,Deuteronomy,10,17,Deuteronomy 10:17,9,ܐܠܗܐ,,,,Peshitta,PESH
5,Deuteronomy,10,17,Deuteronomy 10:17,10,ܪܒܐ,,,,Peshitta,PESH
5,Deuteronomy,10,17,Deuteronomy 10:17,11,ܘܓܢܒܪܐ,,,,Peshitta,PESH
5,Deuteronomy,10,17,Deuteronomy 10:17,12,ܘܕܚܝܠܐ,,,,Peshitta,PESH
5,Deuteronomy,10,17,Deuteronomy 10:17,13,ܕܠܐ,,,,Peshitta,PESH
5,Deuteronomy,10,17,Deuteronomy 10:17,14,ܢ̇ܣܒ,,,,Peshitta,PESH
5,Deuteronomy,10,17,Deuteronomy 10:17,15,ܒܐ̈ܦܐ,,,,Peshitta,PESH
5,Deuteronomy,10,17,Deuteronomy 10:17,16,ܘܠܐ,,,,Peshitta,PESH
5,Deuteronomy,10,17,Deuteronomy 10:17,17,ܡܩܒܠ,,,,Peshitta,PESH
5,Deuteronomy,10,17,Deuteronomy 10:17,18,ܫܘܚܕܐ,,,,Peshitta,PESH
5,Deuteronomy,10,18,Deuteronomy 10:18,1,ܘܥ̇ܒܕ,,,,Peshitta,PESH
5,Deuteronomy,10,18,Deuteronomy 10:18,2,ܕܝܢܐ,,,,Peshitta,PESH
5,Deuteronomy,10,18,Deuteronomy 10:18,3,ܕܝ̈ܬܡܐ,,,,Peshitta,PESH
5,Deuteronomy,10,18,Deuteronomy 10:18,4,ܘܕܐܪ̈ܡܠܬܐ,,,,Peshitta,PESH
5,Deuteronomy,10,18,Deuteronomy 10:18,5,ܘܪܚ̇ܡ,,,,Peshitta,PESH
5,Deuteronomy,10,18,Deuteronomy 10:18,6,ܠܐܝܢܐ,,,,Peshitta,PESH
5,Deuteronomy,10,18,Deuteronomy 10:18,7,ܕܡܬܦܢܐ,,,,Peshitta,PESH
5,Deuteronomy,10,18,Deuteronomy 10:18,8,ܠܘܬܗ,,,,Peshitta,PESH
5,Deuteronomy,10,18,Deuteronomy 10:18,9,ܘܝ̇ܗܒ,,,,Peshitta,PESH
5,Deuteronomy,10,18,Deuteronomy 10:18,10,ܠܗ,,,,Peshitta,PESH
5,Deuteronomy,10,18,Deuteronomy 10:18,11,ܠܚܡܐ,,,,Peshitta,PESH
5,Deuteronomy,10,18,Deuteronomy 10:18,12,ܘܬܟܣܝܬܐ,,,,Peshitta,PESH
5,Deuteronomy,10,19,Deuteronomy 10:19,1,ܪܚܡܘ,,,,Peshitta,PESH
5,Deuteronomy,10,19,Deuteronomy 10:19,2,ܠܐܝܠܝܢ,,,,Peshitta,PESH
5,Deuteronomy,10,19,Deuteronomy 10:19,3,ܕܡܬܦܢܝܢ,,,,Peshitta,PESH
5,Deuteronomy,10,19,Deuteronomy 10:19,4,ܠܘܬܗ,,,,Peshitta,PESH
5,Deuteronomy,10,19,Deuteronomy 10:19,5,ܡܛܠ,,,,Peshitta,PESH
5,Deuteronomy,10,19,Deuteronomy 10:19,6,ܕܬܘ̈ܬܒܐ,,,,Peshitta,PESH
5,Deuteronomy,10,19,Deuteronomy 10:19,7,ܗܘܝܬܘܢ,,,,Peshitta,PESH
5,Deuteronomy,10,19,Deuteronomy 10:19,8,ܒܐܪܥܐ,,,,Peshitta,PESH
5,Deuteronomy,10,19,Deuteronomy 10:19,9,ܕܡܨܪܝܢ,,,,Peshitta,PESH
5,Deuteronomy,10,20,Deuteronomy 10:20,1,ܡܢ,,,,Peshitta,PESH
5,Deuteronomy,10,20,Deuteronomy 10:20,2,ܡܪܝܐ,,,,Peshitta,PESH
5,Deuteronomy,10,20,Deuteronomy 10:20,3,ܐܠܗܟ,,,,Peshitta,PESH
5,Deuteronomy,10,20,Deuteronomy 10:20,4,ܕܚܠ,,,,Peshitta,PESH
5,Deuteronomy,10,20,Deuteronomy 10:20,5,ܘܠܗ,,,,Peshitta,PESH
5,Deuteronomy,10,20,Deuteronomy 10:20,6,ܦܠܘܚ,,,,Peshitta,PESH
5,Deuteronomy,10,20,Deuteronomy 10:20,7,ܘܠܗ,,,,Peshitta,PESH
5,Deuteronomy,10,20,Deuteronomy 10:20,8,ܐܬܢܩܦ,,,,Peshitta,PESH
5,Deuteronomy,10,20,Deuteronomy 10:20,9,ܘܒܫܡܗ,,,,Peshitta,PESH
5,Deuteronomy,10,20,Deuteronomy 10:20,10,ܝܡܝ,,,,Peshitta,PESH
5,Deuteronomy,10,21,Deuteronomy 10:21,1,ܕܗܘܝܘ,,,,Peshitta,PESH
5,Deuteronomy,10,21,Deuteronomy 10:21,2,ܬܫܒܘܚܬܟ,,,,Peshitta,PESH
5,Deuteronomy,10,21,Deuteronomy 10:21,3,ܘܗܘܝܘ,,,,Peshitta,PESH
5,Deuteronomy,10,21,Deuteronomy 10:21,4,ܐܠܗܟ,,,,Peshitta,PESH
5,Deuteronomy,10,21,Deuteronomy 10:21,5,ܕܥܒܕ,,,,Peshitta,PESH
5,Deuteronomy,10,21,Deuteronomy 10:21,6,ܥܡܟ,,,,Peshitta,PESH
5,Deuteronomy,10,21,Deuteronomy 10:21,7,ܪ̈ܘܪܒܬܐ,,,,Peshitta,PESH
5,Deuteronomy,10,21,Deuteronomy 10:21,8,ܘܕܚ̈ܝܠܬܐ,,,,Peshitta,PESH
5,Deuteronomy,10,21,Deuteronomy 10:21,9,ܕܚ̈ܙܝ,,,,Peshitta,PESH
5,Deuteronomy,10,21,Deuteronomy 10:21,10,ܥܝܢܝ̈ܟ,,,,Peshitta,PESH
5,Deuteronomy,10,22,Deuteronomy 10:22,1,ܒܫܒܥܝܢ,,,,Peshitta,PESH
5,Deuteronomy,10,22,Deuteronomy 10:22,2,ܢܦܫܢ,,,,Peshitta,PESH
5,Deuteronomy,10,22,Deuteronomy 10:22,3,ܢܚܬܘ,,,,Peshitta,PESH
5,Deuteronomy,10,22,Deuteronomy 10:22,4,ܐ̈ܒܗܝܟ,,,,Peshitta,PESH
5,Deuteronomy,10,22,Deuteronomy 10:22,5,ܠܡܨܪܝܢ,,,,Peshitta,PESH
5,Deuteronomy,10,22,Deuteronomy 10:22,6,ܘܗܫܐ,,,,Peshitta,PESH
5,Deuteronomy,10,22,Deuteronomy 10:22,7,ܗܐ,,,,Peshitta,PESH
5,Deuteronomy,10,22,Deuteronomy 10:22,8,ܐܣܓܝܟ,,,,Peshitta,PESH
5,Deuteronomy,10,22,Deuteronomy 10:22,9,ܡܪܝܐ,,,,Peshitta,PESH
5,Deuteronomy,10,22,Deuteronomy 10:22,10,ܐܠܗܟ,,,,Peshitta,PESH
5,Deuteronomy,10,22,Deuteronomy 10:22,11,ܐܝܟ,,,,Peshitta,PESH
5,Deuteronomy,10,22,Deuteronomy 10:22,12,ܟ̈ܘܟܒܐ,,,,Peshitta,PESH
5,Deuteronomy,10,22,Deuteronomy 10:22,13,ܕܒܫܡܝܐ,,,,Peshitta,PESH
5,Deuteronomy,11,1,Deuteronomy 11:1,1,ܪܚܡ,,,,Peshitta,PESH
5,Deuteronomy,11,1,Deuteronomy 11:1,2,ܠܡܪܝܐ,,,,Peshitta,PESH
5,Deuteronomy,11,1,Deuteronomy 11:1,3,ܐܠܗܟ,,,,Peshitta,PESH
5,Deuteronomy,11,1,Deuteronomy 11:1,4,ܘܛܪ,,,,Peshitta,PESH
5,Deuteronomy,11,1,Deuteronomy 11:1,5,ܢܛܘܪ̈ܬܗ,,,,Peshitta,PESH
5,Deuteronomy,11,1,Deuteronomy 11:1,6,ܘܢܡ̈ܘܣܘܗܝ,,,,Peshitta,PESH
5,Deuteronomy,11,1,Deuteronomy 11:1,7,ܘܕܝ̈ܢܘܗܝ,,,,Peshitta,PESH
5,Deuteronomy,11,1,Deuteronomy 11:1,8,ܘܦܘܩ̈ܕܢܘܗܝ,,,,Peshitta,PESH
5,Deuteronomy,11,1,Deuteronomy 11:1,9,ܟܠܗܘܢ,,,,Peshitta,PESH
5,Deuteronomy,11,1,Deuteronomy 11:1,10,ܝܘܡ̈ܬܐ,,,,Peshitta,PESH
5,Deuteronomy,11,2,Deuteronomy 11:2,1,ܘܬܕܥܘܢ,,,,Peshitta,PESH
5,Deuteronomy,11,2,Deuteronomy 11:2,2,ܝܘܡܢܐ,,,,Peshitta,PESH
5,Deuteronomy,11,2,Deuteronomy 11:2,3,ܕܠܐ,,,,Peshitta,PESH
5,Deuteronomy,11,2,Deuteronomy 11:2,4,ܗܘܐ,,,,Peshitta,PESH
5,Deuteronomy,11,2,Deuteronomy 11:2,5,ܠܒܢ̈ܝܟܘܢ,,,,Peshitta,PESH
5,Deuteronomy,11,2,Deuteronomy 11:2,6,ܕܠܐ,,,,Peshitta,PESH
5,Deuteronomy,11,2,Deuteronomy 11:2,7,ܝܕܥܘ,,,,Peshitta,PESH
5,Deuteronomy,11,2,Deuteronomy 11:2,8,ܘܠܐ,,,,Peshitta,PESH
5,Deuteronomy,11,2,Deuteronomy 11:2,9,ܚܙܘ,,,,Peshitta,PESH
5,Deuteronomy,11,2,Deuteronomy 11:2,10,ܡܪܕܘܬܗ,,,,Peshitta,PESH
5,Deuteronomy,11,2,Deuteronomy 11:2,11,ܕܡܪܝܐ,,,,Peshitta,PESH
5,Deuteronomy,11,2,Deuteronomy 11:2,12,ܐܠܗܟܘܢ,,,,Peshitta,PESH
5,Deuteronomy,11,2,Deuteronomy 11:2,13,ܘܪܒܘܬܗ,,,,Peshitta,PESH
5,Deuteronomy,11,2,Deuteronomy 11:2,14,ܘܐܝܕܗ,,,,Peshitta,PESH
5,Deuteronomy,11,2,Deuteronomy 11:2,15,ܬܩܝܦܬܐ,,,,Peshitta,PESH
5,Deuteronomy,11,2,Deuteronomy 11:2,16,ܘܕܪܥܗ,,,,Peshitta,PESH
5,Deuteronomy,11,2,Deuteronomy 11:2,17,ܪܡܐ,,,,Peshitta,PESH
5,Deuteronomy,11,3,Deuteronomy 11:3,1,ܘܐ̈ܬܘܬܗ,,,,Peshitta,PESH
5,Deuteronomy,11,3,Deuteronomy 11:3,2,ܘܥ̈ܒ̇ܕܘܗܝ,,,,Peshitta,PESH
5,Deuteronomy,11,3,Deuteronomy 11:3,3,ܕܥܒܕ,,,,Peshitta,PESH
5,Deuteronomy,11,3,Deuteronomy 11:3,4,ܒܡܨܪܝܢ,,,,Peshitta,PESH
5,Deuteronomy,11,3,Deuteronomy 11:3,5,ܠܦܪܥܘܢ,,,,Peshitta,PESH
5,Deuteronomy,11,3,Deuteronomy 11:3,6,ܡܠܟܐ,,,,Peshitta,PESH
5,Deuteronomy,11,3,Deuteronomy 11:3,7,ܕܡܨܪܝܢ,,,,Peshitta,PESH
5,Deuteronomy,11,3,Deuteronomy 11:3,8,ܘܠܟܠܗ̇,,,,Peshitta,PESH
5,Deuteronomy,11,3,Deuteronomy 11:3,9,ܐܪܥܗ,,,,Peshitta,PESH
5,Deuteronomy,11,4,Deuteronomy 11:4,1,ܘܕܥܒܕ,,,,Peshitta,PESH
5,Deuteronomy,11,4,Deuteronomy 11:4,2,ܠܚܝܠܐ,,,,Peshitta,PESH
5,Deuteronomy,11,4,Deuteronomy 11:4,3,ܕܡܨܪ̈ܝܐ,,,,Peshitta,PESH
5,Deuteronomy,11,4,Deuteronomy 11:4,4,ܠܪ̈ܟܫܐ,,,,Peshitta,PESH
5,Deuteronomy,11,4,Deuteronomy 11:4,5,ܘܠܡܪ̈ܟܒܬܐ,,,,Peshitta,PESH
5,Deuteronomy,11,4,Deuteronomy 11:4,6,ܘܠܪ̈ܟܒܝܗܝܢ,,,,Peshitta,PESH
5,Deuteronomy,11,4,Deuteronomy 11:4,7,ܕܐܛܝܦ,,,,Peshitta,PESH
5,Deuteronomy,11,4,Deuteronomy 11:4,8,ܡ̈ܝܐ,,,,Peshitta,PESH
5,Deuteronomy,11,4,Deuteronomy 11:4,9,ܕܝ̇ܡܐ,,,,Peshitta,PESH
5,Deuteronomy,11,4,Deuteronomy 11:4,10,ܕܣܘܦ,,,,Peshitta,PESH
5,Deuteronomy,11,4,Deuteronomy 11:4,11,ܥܠ,,,,Peshitta,PESH
5,Deuteronomy,11,4,Deuteronomy 11:4,12,ܐ̈ܦܝܗܘܢ,,,,Peshitta,PESH
5,Deuteronomy,11,4,Deuteronomy 11:4,13,ܟܕ,,,,Peshitta,PESH
5,Deuteronomy,11,4,Deuteronomy 11:4,14,ܪܕܦܘ,,,,Peshitta,PESH
5,Deuteronomy,11,4,Deuteronomy 11:4,15,ܒܬܪܟܘܢ,,,,Peshitta,PESH
5,Deuteronomy,11,4,Deuteronomy 11:4,16,ܘܐܘܒܕ,,,,Peshitta,PESH
5,Deuteronomy,11,4,Deuteronomy 11:4,17,ܐܢܘܢ,,,,Peshitta,PESH
5,Deuteronomy,11,4,Deuteronomy 11:4,18,ܡܪܝܐ,,,,Peshitta,PESH
5,Deuteronomy,11,4,Deuteronomy 11:4,19,ܥܕܡܐ,,,,Peshitta,PESH
5,Deuteronomy,11,4,Deuteronomy 11:4,20,ܠܝܘܡܢܐ,,,,Peshitta,PESH
5,Deuteronomy,11,5,Deuteronomy 11:5,1,ܘܟܠ,,,,Peshitta,PESH
5,Deuteronomy,11,5,Deuteronomy 11:5,2,ܕܥܒܕ,,,,Peshitta,PESH
5,Deuteronomy,11,5,Deuteronomy 11:5,3,ܠܟܘܢ,,,,Peshitta,PESH
5,Deuteronomy,11,5,Deuteronomy 11:5,4,ܒܡܕܒܪܐ,,,,Peshitta,PESH
5,Deuteronomy,11,5,Deuteronomy 11:5,5,ܥܕܡܐ,,,,Peshitta,PESH
5,Deuteronomy,11,5,Deuteronomy 11:5,6,ܕܐܬܝܬܘܢ,,,,Peshitta,PESH
5,Deuteronomy,11,5,Deuteronomy 11:5,7,ܠܐܬܪܐ,,,,Peshitta,PESH
5,Deuteronomy,11,5,Deuteronomy 11:5,8,ܗܢܐ,,,,Peshitta,PESH
5,Deuteronomy,11,6,Deuteronomy 11:6,1,ܘܡܕܡ,,,,Peshitta,PESH
5,Deuteronomy,11,6,Deuteronomy 11:6,2,ܕܥܒܕ,,,,Peshitta,PESH
5,Deuteronomy,11,6,Deuteronomy 11:6,3,ܠܕܬܢ,,,,Peshitta,PESH
5,Deuteronomy,11,6,Deuteronomy 11:6,4,ܘܠܐܒܝܪܡ,,,,Peshitta,PESH
5,Deuteronomy,11,6,Deuteronomy 11:6,5,ܒܢ̈ܝ,,,,Peshitta,PESH
5,Deuteronomy,11,6,Deuteronomy 11:6,6,ܐܠܝܒ,,,,Peshitta,PESH
5,Deuteronomy,11,6,Deuteronomy 11:6,7,ܒܪܗ,,,,Peshitta,PESH
5,Deuteronomy,11,6,Deuteronomy 11:6,8,ܕܪܘܒܝܠ,,,,Peshitta,PESH
5,Deuteronomy,11,6,Deuteronomy 11:6,9,ܕܦܬܚܬ,,,,Peshitta,PESH
5,Deuteronomy,11,6,Deuteronomy 11:6,10,ܐܪܥܐ,,,,Peshitta,PESH
5,Deuteronomy,11,6,Deuteronomy 11:6,11,ܦܘܡܗ̇,,,,Peshitta,PESH
5,Deuteronomy,11,6,Deuteronomy 11:6,12,ܘܒܠܥܬ,,,,Peshitta,PESH
5,Deuteronomy,11,6,Deuteronomy 11:6,13,ܐܢܘܢ,,,,Peshitta,PESH
5,Deuteronomy,11,6,Deuteronomy 11:6,14,ܠܗܘܢ,,,,Peshitta,PESH
5,Deuteronomy,11,6,Deuteronomy 11:6,15,ܘܠܒܢ̈ܝܗܘܢ,,,,Peshitta,PESH
5,Deuteronomy,11,6,Deuteronomy 11:6,16,ܘܠܡܫ̈ܟܢܝܗܘܢ,,,,Peshitta,PESH
5,Deuteronomy,11,6,Deuteronomy 11:6,17,ܘܠܟܠ,,,,Peshitta,PESH
5,Deuteronomy,11,6,Deuteronomy 11:6,18,ܡܕܡ,,,,Peshitta,PESH
5,Deuteronomy,11,6,Deuteronomy 11:6,19,ܕܐܝܬ,,,,Peshitta,PESH
5,Deuteronomy,11,6,Deuteronomy 11:6,20,ܗܘܐ,,,,Peshitta,PESH
5,Deuteronomy,11,6,Deuteronomy 11:6,21,ܠܗܘܢ,,,,Peshitta,PESH
5,Deuteronomy,11,6,Deuteronomy 11:6,22,ܕܩܝܡܝܢ,,,,Peshitta,PESH
5,Deuteronomy,11,6,Deuteronomy 11:6,23,ܗܘܘ,,,,Peshitta,PESH
5,Deuteronomy,11,6,Deuteronomy 11:6,24,ܥܠ,,,,Peshitta,PESH
5,Deuteronomy,11,6,Deuteronomy 11:6,25,ܪ̈ܓܠܝܗܘܢ,,,,Peshitta,PESH
5,Deuteronomy,11,6,Deuteronomy 11:6,26,ܒܝܢܬ,,,,Peshitta,PESH
5,Deuteronomy,11,6,Deuteronomy 11:6,27,ܟܠܗ,,,,Peshitta,PESH
5,Deuteronomy,11,6,Deuteronomy 11:6,28,ܐܝܣܪܝܠ,,,,Peshitta,PESH
5,Deuteronomy,11,7,Deuteronomy 11:7,1,ܐܠܐ,,,,Peshitta,PESH
5,Deuteronomy,11,7,Deuteronomy 11:7,2,ܥܝ̈ܢܝܟܘܢ,,,,Peshitta,PESH
5,Deuteronomy,11,7,Deuteronomy 11:7,3,ܗܘ,,,,Peshitta,PESH
5,Deuteronomy,11,7,Deuteronomy 11:7,4,ܚ̈ܙܝ,,,,Peshitta,PESH
5,Deuteronomy,11,7,Deuteronomy 11:7,5,ܠܟܠܗܘܢ,,,,Peshitta,PESH
5,Deuteronomy,11,7,Deuteronomy 11:7,6,ܥ̈ܒ̇ܕܘܗܝ,,,,Peshitta,PESH
5,Deuteronomy,11,7,Deuteronomy 11:7,7,ܕܡܪܝܐ,,,,Peshitta,PESH
5,Deuteronomy,11,7,Deuteronomy 11:7,8,ܪ̈ܘܪܒܐ,,,,Peshitta,PESH
5,Deuteronomy,11,7,Deuteronomy 11:7,9,ܕܥܒܕ,,,,Peshitta,PESH
5,Deuteronomy,11,8,Deuteronomy 11:8,1,ܛܪܘ,,,,Peshitta,PESH
5,Deuteronomy,11,8,Deuteronomy 11:8,2,ܟܠܗܘܢ,,,,Peshitta,PESH
5,Deuteronomy,11,8,Deuteronomy 11:8,3,ܦܘܩ̈ܕܢܐ,,,,Peshitta,PESH
5,Deuteronomy,11,8,Deuteronomy 11:8,4,ܕܡܦܩܕ,,,,Peshitta,PESH
5,Deuteronomy,11,8,Deuteronomy 11:8,5,ܐܢܐ,,,,Peshitta,PESH
5,Deuteronomy,11,8,Deuteronomy 11:8,6,ܠܟܘܢ,,,,Peshitta,PESH
5,Deuteronomy,11,8,Deuteronomy 11:8,7,ܝܘܡܢܐ,,,,Peshitta,PESH
5,Deuteronomy,11,8,Deuteronomy 11:8,8,ܕܬܬܚܝܠܘܢ,,,,Peshitta,PESH
5,Deuteronomy,11,8,Deuteronomy 11:8,9,ܘܬܥܠܘܢ,,,,Peshitta,PESH
5,Deuteronomy,11,8,Deuteronomy 11:8,10,ܘܬܐܪܬܘܢ,,,,Peshitta,PESH
5,Deuteronomy,11,8,Deuteronomy 11:8,11,ܐܪܥܐ,,,,Peshitta,PESH
5,Deuteronomy,11,8,Deuteronomy 11:8,12,ܕܥ̇ܒܪܝܢ,,,,Peshitta,PESH
5,Deuteronomy,11,8,Deuteronomy 11:8,13,ܐܢܬܘܢ,,,,Peshitta,PESH
5,Deuteronomy,11,8,Deuteronomy 11:8,14,ܠܗ̇,,,,Peshitta,PESH
5,Deuteronomy,11,8,Deuteronomy 11:8,15,ܠܡܐܪܬܗ̇,,,,Peshitta,PESH
5,Deuteronomy,11,9,Deuteronomy 11:9,1,ܘܬܣܓܘܢ,,,,Peshitta,PESH
5,Deuteronomy,11,9,Deuteronomy 11:9,2,ܝܘܡ̈ܬܐ,,,,Peshitta,PESH
5,Deuteronomy,11,9,Deuteronomy 11:9,3,ܒܐܪܥܐ,,,,Peshitta,PESH
5,Deuteronomy,11,9,Deuteronomy 11:9,4,ܕܝܡ̣ܐ,,,,Peshitta,PESH
5,Deuteronomy,11,9,Deuteronomy 11:9,5,ܡܪܝܐ,,,,Peshitta,PESH
5,Deuteronomy,11,9,Deuteronomy 11:9,6,ܠܐ̈ܒܗܝܟܘܢ,,,,Peshitta,PESH
5,Deuteronomy,11,9,Deuteronomy 11:9,7,ܠܡܬܠ,,,,Peshitta,PESH
5,Deuteronomy,11,9,Deuteronomy 11:9,8,ܠܗܘܢ,,,,Peshitta,PESH
5,Deuteronomy,11,9,Deuteronomy 11:9,9,ܘܠܙܪܥܗܘܢ,,,,Peshitta,PESH
5,Deuteronomy,11,9,Deuteronomy 11:9,10,ܐܪܥܐ,,,,Peshitta,PESH
5,Deuteronomy,11,9,Deuteronomy 11:9,11,ܕܡܪܕܝܐ,,,,Peshitta,PESH
5,Deuteronomy,11,9,Deuteronomy 11:9,12,ܚܠܒܐ,,,,Peshitta,PESH
5,Deuteronomy,11,9,Deuteronomy 11:9,13,ܘܕܒܫܐ,,,,Peshitta,PESH
5,Deuteronomy,11,10,Deuteronomy 11:10,1,ܡܛܘܠ,,,,Peshitta,PESH
5,Deuteronomy,11,10,Deuteronomy 11:10,2,ܕܐܪܥܐ,,,,Peshitta,PESH
5,Deuteronomy,11,10,Deuteronomy 11:10,3,ܕܥ̇ܐܠܝܢ,,,,Peshitta,PESH
5,Deuteronomy,11,10,Deuteronomy 11:10,4,ܐܢܬܘܢ,,,,Peshitta,PESH
5,Deuteronomy,11,10,Deuteronomy 11:10,5,ܠܗ̇,,,,Peshitta,PESH
5,Deuteronomy,11,10,Deuteronomy 11:10,6,ܠܡܐܪܬܗ̇,,,,Peshitta,PESH
5,Deuteronomy,11,10,Deuteronomy 11:10,7,ܠܐ,,,,Peshitta,PESH
5,Deuteronomy,11,10,Deuteronomy 11:10,8,ܗܘܬ,,,,Peshitta,PESH
5,Deuteronomy,11,10,Deuteronomy 11:10,9,ܐܝܟ,,,,Peshitta,PESH
5,Deuteronomy,11,10,Deuteronomy 11:10,10,ܐܪܥܐ,,,,Peshitta,PESH
5,Deuteronomy,11,10,Deuteronomy 11:10,11,ܕܡܨܪܝܢ,,,,Peshitta,PESH
5,Deuteronomy,11,10,Deuteronomy 11:10,12,ܕܢܦܩܬܘܢ,,,,Peshitta,PESH
5,Deuteronomy,11,10,Deuteronomy 11:10,13,ܡܢܗ̇,,,,Peshitta,PESH
5,Deuteronomy,11,10,Deuteronomy 11:10,14,ܕܙ̇ܪܥܝܢ,,,,Peshitta,PESH
5,Deuteronomy,11,10,Deuteronomy 11:10,15,ܐܢܬܘܢ,,,,Peshitta,PESH
5,Deuteronomy,11,10,Deuteronomy 11:10,16,ܙܪ̈ܥܟܘܢ,,,,Peshitta,PESH
5,Deuteronomy,11,10,Deuteronomy 11:10,17,ܘܡܫܩܝܢ,,,,Peshitta,PESH
5,Deuteronomy,11,10,Deuteronomy 11:10,18,ܐܢܬܘܢ,,,,Peshitta,PESH
5,Deuteronomy,11,10,Deuteronomy 11:10,19,ܒܪ̈ܓܠܝܟܘܢ,,,,Peshitta,PESH
5,Deuteronomy,11,10,Deuteronomy 11:10,20,ܐܝܟ,,,,Peshitta,PESH
5,Deuteronomy,11,10,Deuteronomy 11:10,21,ܦܪܕܝܣܐ,,,,Peshitta,PESH
5,Deuteronomy,11,10,Deuteronomy 11:10,22,ܕܫܩܝܐ,,,,Peshitta,PESH
5,Deuteronomy,11,11,Deuteronomy 11:11,1,ܐܪܥܐ,,,,Peshitta,PESH
5,Deuteronomy,11,11,Deuteronomy 11:11,2,ܕܝܢ,,,,Peshitta,PESH
5,Deuteronomy,11,11,Deuteronomy 11:11,3,ܕܥ̇ܒܪܝܢ,,,,Peshitta,PESH
5,Deuteronomy,11,11,Deuteronomy 11:11,4,ܐܢܬܘܢ,,,,Peshitta,PESH
5,Deuteronomy,11,11,Deuteronomy 11:11,5,ܠܗ̇,,,,Peshitta,PESH
5,Deuteronomy,11,11,Deuteronomy 11:11,6,ܠܡܐܪܬܗ̇,,,,Peshitta,PESH
5,Deuteronomy,11,11,Deuteronomy 11:11,7,ܐܪܥܐ,,,,Peshitta,PESH
5,Deuteronomy,11,11,Deuteronomy 11:11,8,ܗܝ,,,,Peshitta,PESH
5,Deuteronomy,11,11,Deuteronomy 11:11,9,ܕܛܘܪ̈ܐ,,,,Peshitta,PESH
5,Deuteronomy,11,11,Deuteronomy 11:11,10,ܘܕܦܩ̈ܥܬܐ,,,,Peshitta,PESH
5,Deuteronomy,11,11,Deuteronomy 11:11,11,ܘܡܢ,,,,Peshitta,PESH
5,Deuteronomy,11,11,Deuteronomy 11:11,12,ܡܛܪܐ,,,,Peshitta,PESH
5,Deuteronomy,11,11,Deuteronomy 11:11,13,ܗܘ,,,,Peshitta,PESH
5,Deuteronomy,11,11,Deuteronomy 11:11,14,ܕܫܡܝܐ,,,,Peshitta,PESH
5,Deuteronomy,11,11,Deuteronomy 11:11,15,ܫ̇ܬܝܐ,,,,Peshitta,PESH
5,Deuteronomy,11,11,Deuteronomy 11:11,16,ܡ̈ܝܐ,,,,Peshitta,PESH
5,Deuteronomy,11,12,Deuteronomy 11:12,1,ܐܪܥܐ,,,,Peshitta,PESH
5,Deuteronomy,11,12,Deuteronomy 11:12,2,ܕܡܪܝܐ,,,,Peshitta,PESH
5,Deuteronomy,11,12,Deuteronomy 11:12,3,ܐܠܗܟ,,,,Peshitta,PESH
5,Deuteronomy,11,12,Deuteronomy 11:12,4,ܬܒ̇ܥ,,,,Peshitta,PESH
5,Deuteronomy,11,12,Deuteronomy 11:12,5,ܠܗ̇,,,,Peshitta,PESH
5,Deuteronomy,11,12,Deuteronomy 11:12,6,ܐܡܝܢܐܝܬ,,,,Peshitta,PESH
5,Deuteronomy,11,12,Deuteronomy 11:12,7,ܥܝ̈ܢܘܗܝ,,,,Peshitta,PESH
5,Deuteronomy,11,12,Deuteronomy 11:12,8,ܕܡܪܝܐ,,,,Peshitta,PESH
5,Deuteronomy,11,12,Deuteronomy 11:12,9,ܐܠܗܟ,,,,Peshitta,PESH
5,Deuteronomy,11,12,Deuteronomy 11:12,10,ܒܗ̇,,,,Peshitta,PESH
5,Deuteronomy,11,12,Deuteronomy 11:12,11,ܡܢ,,,,Peshitta,PESH
5,Deuteronomy,11,12,Deuteronomy 11:12,12,ܪܫܗ̇,,,,Peshitta,PESH
5,Deuteronomy,11,12,Deuteronomy 11:12,13,ܕܫܢܬܐ,,,,Peshitta,PESH
5,Deuteronomy,11,12,Deuteronomy 11:12,14,ܘܥܕܡܐ,,,,Peshitta,PESH
5,Deuteronomy,11,12,Deuteronomy 11:12,15,ܠܚܪܬܗ̇,,,,Peshitta,PESH
5,Deuteronomy,11,12,Deuteronomy 11:12,16,ܕܫܢܬܐ,,,,Peshitta,PESH
5,Deuteronomy,11,13,Deuteronomy 11:13,1,ܘܐܢ,,,,Peshitta,PESH
5,Deuteronomy,11,13,Deuteronomy 11:13,2,ܬܫܡܥܘܢ,,,,Peshitta,PESH
5,Deuteronomy,11,13,Deuteronomy 11:13,3,ܠܦܘܩ̈ܕܢܐ,,,,Peshitta,PESH
5,Deuteronomy,11,13,Deuteronomy 11:13,4,ܕܡܦܩܕ,,,,Peshitta,PESH
5,Deuteronomy,11,13,Deuteronomy 11:13,5,ܐܢܐ,,,,Peshitta,PESH
5,Deuteronomy,11,13,Deuteronomy 11:13,6,ܠܟܘܢ,,,,Peshitta,PESH
5,Deuteronomy,11,13,Deuteronomy 11:13,7,ܝܘܡܢܐ,,,,Peshitta,PESH
5,Deuteronomy,11,13,Deuteronomy 11:13,8,ܘܬܪܚܡܘܢ,,,,Peshitta,PESH
5,Deuteronomy,11,13,Deuteronomy 11:13,9,ܠܡܪܝܐ,,,,Peshitta,PESH
5,Deuteronomy,11,13,Deuteronomy 11:13,10,ܐܠܗܟܘܢ,,,,Peshitta,PESH
5,Deuteronomy,11,13,Deuteronomy 11:13,11,ܘܬܦܠܚܘܢܗ,,,,Peshitta,PESH
5,Deuteronomy,11,13,Deuteronomy 11:13,12,ܡܢ,,,,Peshitta,PESH
5,Deuteronomy,11,13,Deuteronomy 11:13,13,ܟܠܗ,,,,Peshitta,PESH
5,Deuteronomy,11,13,Deuteronomy 11:13,14,ܠܒܟܘܢ,,,,Peshitta,PESH
5,Deuteronomy,11,13,Deuteronomy 11:13,15,ܘܡܢ,,,,Peshitta,PESH
5,Deuteronomy,11,13,Deuteronomy 11:13,16,ܟܠܗ̇,,,,Peshitta,PESH
5,Deuteronomy,11,13,Deuteronomy 11:13,17,ܢܦܫܟܘܢ,,,,Peshitta,PESH
5,Deuteronomy,11,14,Deuteronomy 11:14,1,ܐܬܠ,,,,Peshitta,PESH
5,Deuteronomy,11,14,Deuteronomy 11:14,2,ܡܛܪܐ,,,,Peshitta,PESH
5,Deuteronomy,11,14,Deuteronomy 11:14,3,ܕܐܪܥܟܘܢ,,,,Peshitta,PESH
5,Deuteronomy,11,14,Deuteronomy 11:14,4,ܒܙܒܢܗ,,,,Peshitta,PESH
5,Deuteronomy,11,14,Deuteronomy 11:14,5,ܒܟܝܪܝܐ,,,,Peshitta,PESH
5,Deuteronomy,11,14,Deuteronomy 11:14,6,ܘܠܩܝܫܝܐ,,,,Peshitta,PESH
5,Deuteronomy,11,14,Deuteronomy 11:14,7,ܘܬܚܡܘܠ,,,,Peshitta,PESH
5,Deuteronomy,11,14,Deuteronomy 11:14,8,ܥܒܘܪܟ,,,,Peshitta,PESH
5,Deuteronomy,11,14,Deuteronomy 11:14,9,ܘܚܡܪܟ,,,,Peshitta,PESH
5,Deuteronomy,11,14,Deuteronomy 11:14,10,ܘܡܫܚܟ,,,,Peshitta,PESH
5,Deuteronomy,11,15,Deuteronomy 11:15,1,ܘܐܬܠ,,,,Peshitta,PESH
5,Deuteronomy,11,15,Deuteronomy 11:15,2,ܥܣܒܐ,,,,Peshitta,PESH
5,Deuteronomy,11,15,Deuteronomy 11:15,3,ܒܚܩܠܟ,,,,Peshitta,PESH
5,Deuteronomy,11,15,Deuteronomy 11:15,4,ܠܒܥܝܪܟ,,,,Peshitta,PESH
5,Deuteronomy,11,15,Deuteronomy 11:15,5,ܘܬܐܟܘܠ,,,,Peshitta,PESH
5,Deuteronomy,11,15,Deuteronomy 11:15,6,ܘܬܣܒܥ,,,,Peshitta,PESH
5,Deuteronomy,11,16,Deuteronomy 11:16,1,ܐܙܕܗܪܘ,,,,Peshitta,PESH
5,Deuteronomy,11,16,Deuteronomy 11:16,2,ܕܠܐ,,,,Peshitta,PESH
5,Deuteronomy,11,16,Deuteronomy 11:16,3,ܢܫܬܕܠ,,,,Peshitta,PESH
5,Deuteronomy,11,16,Deuteronomy 11:16,4,ܠܒܟܘܢ,,,,Peshitta,PESH
5,Deuteronomy,11,16,Deuteronomy 11:16,5,ܘܬܣܛܘܢ,,,,Peshitta,PESH
5,Deuteronomy,11,16,Deuteronomy 11:16,6,ܘܬܦܠܚܘܢ,,,,Peshitta,PESH
5,Deuteronomy,11,16,Deuteronomy 11:16,7,ܠܐ̈ܠܗܐ,,,,Peshitta,PESH
5,Deuteronomy,11,16,Deuteronomy 11:16,8,ܐܚܪ̈ܢܐ,,,,Peshitta,PESH
5,Deuteronomy,11,16,Deuteronomy 11:16,9,ܘܬܣܓܕܘܢ,,,,Peshitta,PESH
5,Deuteronomy,11,16,Deuteronomy 11:16,10,ܠܗܘܢ,,,,Peshitta,PESH
5,Deuteronomy,11,17,Deuteronomy 11:17,1,ܘܢܬܚܡܬ,,,,Peshitta,PESH
5,Deuteronomy,11,17,Deuteronomy 11:17,2,ܪܘܓܙܗ,,,,Peshitta,PESH
5,Deuteronomy,11,17,Deuteronomy 11:17,3,ܕܡܪܝܐ,,,,Peshitta,PESH
5,Deuteronomy,11,17,Deuteronomy 11:17,4,ܥܠܝܟܘܢ,,,,Peshitta,PESH
5,Deuteronomy,11,17,Deuteronomy 11:17,5,ܘܢܟܠܐ,,,,Peshitta,PESH
5,Deuteronomy,11,17,Deuteronomy 11:17,6,ܫܡܝܐ,,,,Peshitta,PESH
5,Deuteronomy,11,17,Deuteronomy 11:17,7,ܕܠܐ,,,,Peshitta,PESH
5,Deuteronomy,11,17,Deuteronomy 11:17,8,ܢܗܘܐ,,,,Peshitta,PESH
5,Deuteronomy,11,17,Deuteronomy 11:17,9,ܡܛܪܐ,,,,Peshitta,PESH
5,Deuteronomy,11,17,Deuteronomy 11:17,10,ܘܐܪܥܐ,,,,Peshitta,PESH
5,Deuteronomy,11,17,Deuteronomy 11:17,11,ܠܐ,,,,Peshitta,PESH
5,Deuteronomy,11,17,Deuteronomy 11:17,12,ܬܬܠ,,,,Peshitta,PESH
5,Deuteronomy,11,17,Deuteronomy 11:17,13,ܥ̈ܠܠܬܗ̇,,,,Peshitta,PESH
5,Deuteronomy,11,17,Deuteronomy 11:17,14,ܘܬܐܒܕܘܢ,,,,Peshitta,PESH
5,Deuteronomy,11,17,Deuteronomy 11:17,15,ܒܥܓܠ,,,,Peshitta,PESH
5,Deuteronomy,11,17,Deuteronomy 11:17,16,ܡܢ,,,,Peshitta,PESH
5,Deuteronomy,11,17,Deuteronomy 11:17,17,ܐܪܥܐ,,,,Peshitta,PESH
5,Deuteronomy,11,17,Deuteronomy 11:17,18,ܛܒܬܐ,,,,Peshitta,PESH
5,Deuteronomy,11,17,Deuteronomy 11:17,19,ܕܝ̇ܗܒ,,,,Peshitta,PESH
5,Deuteronomy,11,17,Deuteronomy 11:17,20,ܠܟܘܢ,,,,Peshitta,PESH
5,Deuteronomy,11,17,Deuteronomy 11:17,21,ܡܪܝܐ,,,,Peshitta,PESH
5,Deuteronomy,11,17,Deuteronomy 11:17,22,ܐܠܗܟܘܢ,,,,Peshitta,PESH
5,Deuteronomy,11,18,Deuteronomy 11:18,1,ܘܬܣܝܡܘܢ,,,,Peshitta,PESH
5,Deuteronomy,11,18,Deuteronomy 11:18,2,ܗܠܝܢ,,,,Peshitta,PESH
5,Deuteronomy,11,18,Deuteronomy 11:18,3,ܦܘܩ̈ܕܢܐ,,,,Peshitta,PESH
5,Deuteronomy,11,18,Deuteronomy 11:18,4,ܒܠܒܟܘܢ,,,,Peshitta,PESH
5,Deuteronomy,11,18,Deuteronomy 11:18,5,ܘܒܢܦܫܟܘܢ,,,,Peshitta,PESH
5,Deuteronomy,11,18,Deuteronomy 11:18,6,ܘܩܛܘܪܘ,,,,Peshitta,PESH
5,Deuteronomy,11,18,Deuteronomy 11:18,7,ܐܢܘܢ,,,,Peshitta,PESH
5,Deuteronomy,11,18,Deuteronomy 11:18,8,ܐܬ̇ܐ,,,,Peshitta,PESH
5,Deuteronomy,11,18,Deuteronomy 11:18,9,ܥܠ,,,,Peshitta,PESH
5,Deuteronomy,11,18,Deuteronomy 11:18,10,ܐ̈ܝܕܝܟܘܢ,,,,Peshitta,PESH
5,Deuteronomy,11,18,Deuteronomy 11:18,11,ܘܢܗܘܘܢ,,,,Peshitta,PESH
5,Deuteronomy,11,18,Deuteronomy 11:18,12,ܪܘܫܡܐ,,,,Peshitta,PESH
5,Deuteronomy,11,18,Deuteronomy 11:18,13,ܒܝܬ,,,,Peshitta,PESH
5,Deuteronomy,11,18,Deuteronomy 11:18,14,ܥܝ̈ܢܝܟܘܢ,,,,Peshitta,PESH
5,Deuteronomy,11,19,Deuteronomy 11:19,1,ܘܐܠܦܘ,,,,Peshitta,PESH
5,Deuteronomy,11,19,Deuteronomy 11:19,2,ܐܢܘܢ,,,,Peshitta,PESH
5,Deuteronomy,11,19,Deuteronomy 11:19,3,ܠܒܢ̈ܝܟܘܢ,,,,Peshitta,PESH
5,Deuteronomy,11,19,Deuteronomy 11:19,4,ܕܢܡܠܠܘܢ,,,,Peshitta,PESH
5,Deuteronomy,11,19,Deuteronomy 11:19,5,ܒܗܘܢ,,,,Peshitta,PESH
5,Deuteronomy,11,19,Deuteronomy 11:19,6,ܡܐ,,,,Peshitta,PESH
5,Deuteronomy,11,19,Deuteronomy 11:19,7,ܕܝ̇ܬܒܝܢ,,,,Peshitta,PESH
5,Deuteronomy,11,19,Deuteronomy 11:19,8,ܐܢܬܘܢ,,,,Peshitta,PESH
5,Deuteronomy,11,19,Deuteronomy 11:19,9,ܒܒ̈ܬܝܟܘܢ,,,,Peshitta,PESH
5,Deuteronomy,11,19,Deuteronomy 11:19,10,ܘܡܐ,,,,Peshitta,PESH
5,Deuteronomy,11,19,Deuteronomy 11:19,11,ܕܐ̇ܙܠܝܢ,,,,Peshitta,PESH
5,Deuteronomy,11,19,Deuteronomy 11:19,12,ܐܢܬܘܢ,,,,Peshitta,PESH
5,Deuteronomy,11,19,Deuteronomy 11:19,13,ܒܐܘܪܚܐ,,,,Peshitta,PESH
5,Deuteronomy,11,19,Deuteronomy 11:19,14,ܘܡܐ,,,,Peshitta,PESH
5,Deuteronomy,11,19,Deuteronomy 11:19,15,ܕܕܡ̇ܟܝܢ,,,,Peshitta,PESH
5,Deuteronomy,11,19,Deuteronomy 11:19,16,ܐܢܬܘܢ,,,,Peshitta,PESH
5,Deuteronomy,11,19,Deuteronomy 11:19,17,ܘܡܐ,,,,Peshitta,PESH
5,Deuteronomy,11,19,Deuteronomy 11:19,18,ܕܩ̇ܝܡܝܢ,,,,Peshitta,PESH
5,Deuteronomy,11,19,Deuteronomy 11:19,19,ܐܢܬܘܢ,,,,Peshitta,PESH
5,Deuteronomy,11,20,Deuteronomy 11:20,1,ܘܟܬܘܒܘ,,,,Peshitta,PESH
5,Deuteronomy,11,20,Deuteronomy 11:20,2,ܐܢܘܢ,,,,Peshitta,PESH
5,Deuteronomy,11,20,Deuteronomy 11:20,3,ܥܠ,,,,Peshitta,PESH
5,Deuteronomy,11,20,Deuteronomy 11:20,4,ܐܣ̈ܟܦܬܐ,,,,Peshitta,PESH
5,Deuteronomy,11,20,Deuteronomy 11:20,5,ܕܒ̈ܬܝܟܘܢ,,,,Peshitta,PESH
5,Deuteronomy,11,20,Deuteronomy 11:20,6,ܘܥܠ,,,,Peshitta,PESH
5,Deuteronomy,11,20,Deuteronomy 11:20,7,ܬܪ̈ܥܝܟܘܢ,,,,Peshitta,PESH
5,Deuteronomy,11,21,Deuteronomy 11:21,1,ܕܢܣܓܘܢ,,,,Peshitta,PESH
5,Deuteronomy,11,21,Deuteronomy 11:21,2,ܝܘܡ̈ܝܟܘܢ,,,,Peshitta,PESH
5,Deuteronomy,11,21,Deuteronomy 11:21,3,ܘܝܘܡ̈ܝ,,,,Peshitta,PESH
5,Deuteronomy,11,21,Deuteronomy 11:21,4,ܒܢ̈ܝܟܘܢ,,,,Peshitta,PESH
5,Deuteronomy,11,21,Deuteronomy 11:21,5,ܒܐܪܥܐ,,,,Peshitta,PESH
5,Deuteronomy,11,21,Deuteronomy 11:21,6,ܕܝܡ̣ܐ,,,,Peshitta,PESH
5,Deuteronomy,11,21,Deuteronomy 11:21,7,ܡܪܝܐ,,,,Peshitta,PESH
5,Deuteronomy,11,21,Deuteronomy 11:21,8,ܐܠܗܟܘܢ,,,,Peshitta,PESH
5,Deuteronomy,11,21,Deuteronomy 11:21,9,ܠܐܒ̈ܗܝܟܘܢ,,,,Peshitta,PESH
5,Deuteronomy,11,21,Deuteronomy 11:21,10,ܠܡܬܠ,,,,Peshitta,PESH
5,Deuteronomy,11,21,Deuteronomy 11:21,11,ܠܗܘܢ,,,,Peshitta,PESH
5,Deuteronomy,11,21,Deuteronomy 11:21,12,ܐܝܟ,,,,Peshitta,PESH
5,Deuteronomy,11,21,Deuteronomy 11:21,13,ܝܘܡ̈ܝ,,,,Peshitta,PESH
5,Deuteronomy,11,21,Deuteronomy 11:21,14,ܫܡܝܐ,,,,Peshitta,PESH
5,Deuteronomy,11,21,Deuteronomy 11:21,15,ܥܠ,,,,Peshitta,PESH
5,Deuteronomy,11,21,Deuteronomy 11:21,16,ܐܪܥܐ,,,,Peshitta,PESH
5,Deuteronomy,11,22,Deuteronomy 11:22,1,ܘܐܢ,,,,Peshitta,PESH
5,Deuteronomy,11,22,Deuteronomy 11:22,2,ܬܛܪܘܢ,,,,Peshitta,PESH
5,Deuteronomy,11,22,Deuteronomy 11:22,3,ܗܠܝܢ,,,,Peshitta,PESH
5,Deuteronomy,11,22,Deuteronomy 11:22,4,ܟܠܗܘܢ,,,,Peshitta,PESH
5,Deuteronomy,11,22,Deuteronomy 11:22,5,ܦܘܩ̈ܕܢܐ,,,,Peshitta,PESH
5,Deuteronomy,11,22,Deuteronomy 11:22,6,ܕܡܦܩܕ,,,,Peshitta,PESH
5,Deuteronomy,11,22,Deuteronomy 11:22,7,ܐܢܐ,,,,Peshitta,PESH
5,Deuteronomy,11,22,Deuteronomy 11:22,8,ܠܟܘܢ,,,,Peshitta,PESH
5,Deuteronomy,11,22,Deuteronomy 11:22,9,ܝܘܡܢܐ,,,,Peshitta,PESH
5,Deuteronomy,11,22,Deuteronomy 11:22,10,ܘܬܥܒܕܘܢ,,,,Peshitta,PESH
5,Deuteronomy,11,22,Deuteronomy 11:22,11,ܐܢܘܢ,,,,Peshitta,PESH
5,Deuteronomy,11,22,Deuteronomy 11:22,12,ܘܬܪܚܡܘܢ,,,,Peshitta,PESH
5,Deuteronomy,11,22,Deuteronomy 11:22,13,ܠܡܪܝܐ,,,,Peshitta,PESH
5,Deuteronomy,11,22,Deuteronomy 11:22,14,ܐܠܗܟܘܢ,,,,Peshitta,PESH
5,Deuteronomy,11,22,Deuteronomy 11:22,15,ܘܬܗܠܟܘܢ,,,,Peshitta,PESH
5,Deuteronomy,11,22,Deuteronomy 11:22,16,ܒܟܠܗܝܢ,,,,Peshitta,PESH
5,Deuteronomy,11,22,Deuteronomy 11:22,17,ܐܘܪ̈ܚܬܗ,,,,Peshitta,PESH
5,Deuteronomy,11,22,Deuteronomy 11:22,18,ܘܬܬܢܩܦܘܢ,,,,Peshitta,PESH
5,Deuteronomy,11,22,Deuteronomy 11:22,19,ܠܗ,,,,Peshitta,PESH
5,Deuteronomy,11,23,Deuteronomy 11:23,1,ܢܘܒܕ,,,,Peshitta,PESH
5,Deuteronomy,11,23,Deuteronomy 11:23,2,ܡܪܝܐ,,,,Peshitta,PESH
5,Deuteronomy,11,23,Deuteronomy 11:23,3,ܠܗܠܝܢ,,,,Peshitta,PESH
5,Deuteronomy,11,23,Deuteronomy 11:23,4,ܟܠܗܘܢ,,,,Peshitta,PESH
5,Deuteronomy,11,23,Deuteronomy 11:23,5,ܥܡ̈ܡܐ,,,,Peshitta,PESH
5,Deuteronomy,11,23,Deuteronomy 11:23,6,ܡܢ,,,,Peshitta,PESH
5,Deuteronomy,11,23,Deuteronomy 11:23,7,ܩܕܡܝܟܘܢ,,,,Peshitta,PESH
5,Deuteronomy,11,23,Deuteronomy 11:23,8,ܘܬܐܪܬܘܢ,,,,Peshitta,PESH
5,Deuteronomy,11,23,Deuteronomy 11:23,9,ܠܥܡ̈ܡܐ,,,,Peshitta,PESH
5,Deuteronomy,11,23,Deuteronomy 11:23,10,ܕܪ̈ܘܪܒܝܢ,,,,Peshitta,PESH
5,Deuteronomy,11,23,Deuteronomy 11:23,11,ܘܥܫܝ̈ܢܝܢ,,,,Peshitta,PESH
5,Deuteronomy,11,23,Deuteronomy 11:23,12,ܡܢܟܘܢ,,,,Peshitta,PESH
5,Deuteronomy,11,24,Deuteronomy 11:24,1,ܟܠ,,,,Peshitta,PESH
5,Deuteronomy,11,24,Deuteronomy 11:24,2,ܐܬܪܐ,,,,Peshitta,PESH
5,Deuteronomy,11,24,Deuteronomy 11:24,3,ܕܬܕܪܘܟ,,,,Peshitta,PESH
5,Deuteronomy,11,24,Deuteronomy 11:24,4,ܒܗ,,,,Peshitta,PESH
5,Deuteronomy,11,24,Deuteronomy 11:24,5,ܦܣܬܐ,,,,Peshitta,PESH
5,Deuteronomy,11,24,Deuteronomy 11:24,6,ܕܪܓܠܟܘܢ,,,,Peshitta,PESH
5,Deuteronomy,11,24,Deuteronomy 11:24,7,ܠܟܘܢ,,,,Peshitta,PESH
5,Deuteronomy,11,24,Deuteronomy 11:24,8,ܢܗܘܐ,,,,Peshitta,PESH
5,Deuteronomy,11,24,Deuteronomy 11:24,9,ܡܢ,,,,Peshitta,PESH
5,Deuteronomy,11,24,Deuteronomy 11:24,10,ܡܕܒܪܐ,,,,Peshitta,PESH
5,Deuteronomy,11,24,Deuteronomy 11:24,11,ܘܠܒܢܢ,,,,Peshitta,PESH
5,Deuteronomy,11,24,Deuteronomy 11:24,12,ܘܡܢ,,,,Peshitta,PESH
5,Deuteronomy,11,24,Deuteronomy 11:24,13,ܢܗܪܐ,,,,Peshitta,PESH
5,Deuteronomy,11,24,Deuteronomy 11:24,14,ܠܢܗܪܐ,,,,Peshitta,PESH
5,Deuteronomy,11,24,Deuteronomy 11:24,15,ܦܪܬ,,,,Peshitta,PESH
5,Deuteronomy,11,24,Deuteronomy 11:24,16,ܘܥܕܡܐ,,,,Peshitta,PESH
5,Deuteronomy,11,24,Deuteronomy 11:24,17,ܠܝܡܐ,,,,Peshitta,PESH
5,Deuteronomy,11,24,Deuteronomy 11:24,18,ܐܚܪܝܐ,,,,Peshitta,PESH
5,Deuteronomy,11,24,Deuteronomy 11:24,19,ܢܗܘܐ,,,,Peshitta,PESH
5,Deuteronomy,11,24,Deuteronomy 11:24,20,ܬܚܘܡܟܘܢ,,,,Peshitta,PESH
5,Deuteronomy,11,25,Deuteronomy 11:25,1,ܘܠܐ,,,,Peshitta,PESH
5,Deuteronomy,11,25,Deuteronomy 11:25,2,ܢܩܘܡ,,,,Peshitta,PESH
5,Deuteronomy,11,25,Deuteronomy 11:25,3,ܐܢܫ,,,,Peshitta,PESH
5,Deuteronomy,11,25,Deuteronomy 11:25,4,ܩܕܡܝܟܘܢ,,,,Peshitta,PESH
5,Deuteronomy,11,25,Deuteronomy 11:25,5,ܘܕܚܠܬܟܘܢ,,,,Peshitta,PESH
5,Deuteronomy,11,25,Deuteronomy 11:25,6,ܘܙܘܥܬܟܘܢ,,,,Peshitta,PESH
5,Deuteronomy,11,25,Deuteronomy 11:25,7,ܢܬܠ,,,,Peshitta,PESH
5,Deuteronomy,11,25,Deuteronomy 11:25,8,ܡܪܝܐ,,,,Peshitta,PESH
5,Deuteronomy,11,25,Deuteronomy 11:25,9,ܐܠܗܟܘܢ,,,,Peshitta,PESH
5,Deuteronomy,11,25,Deuteronomy 11:25,10,ܥܠ,,,,Peshitta,PESH
5,Deuteronomy,11,25,Deuteronomy 11:25,11,ܐ̈ܦܝ,,,,Peshitta,PESH
5,Deuteronomy,11,25,Deuteronomy 11:25,12,ܟܠܗ̇,,,,Peshitta,PESH
5,Deuteronomy,11,25,Deuteronomy 11:25,13,ܐܪܥܐ,,,,Peshitta,PESH
5,Deuteronomy,11,25,Deuteronomy 11:25,14,ܕܬܕܪܟܘܢ,,,,Peshitta,PESH
5,Deuteronomy,11,25,Deuteronomy 11:25,15,ܒܗ̇,,,,Peshitta,PESH
5,Deuteronomy,11,25,Deuteronomy 11:25,16,ܐܝܟ,,,,Peshitta,PESH
5,Deuteronomy,11,25,Deuteronomy 11:25,17,ܕܐܡܪ,,,,Peshitta,PESH
5,Deuteronomy,11,25,Deuteronomy 11:25,18,ܠܟܘܢ,,,,Peshitta,PESH
5,Deuteronomy,11,25,Deuteronomy 11:25,19,ܡܪܝܐ,,,,Peshitta,PESH
5,Deuteronomy,11,26,Deuteronomy 11:26,1,ܚܙܘ,,,,Peshitta,PESH
5,Deuteronomy,11,26,Deuteronomy 11:26,2,ܕܝ̇ܗܒ,,,,Peshitta,PESH
5,Deuteronomy,11,26,Deuteronomy 11:26,3,ܐܢܐ,,,,Peshitta,PESH
5,Deuteronomy,11,26,Deuteronomy 11:26,4,ܩܕܡܝܟܘܢ,,,,Peshitta,PESH
5,Deuteronomy,11,26,Deuteronomy 11:26,5,ܝܘܡܢܐ,,,,Peshitta,PESH
5,Deuteronomy,11,26,Deuteronomy 11:26,6,ܒܘܪ̈ܟܬܐ,,,,Peshitta,PESH
5,Deuteronomy,11,26,Deuteronomy 11:26,7,ܘܠܘ̈ܛܬܐ,,,,Peshitta,PESH
5,Deuteronomy,11,27,Deuteronomy 11:27,1,ܒܘܪ̈ܟܬܐ,,,,Peshitta,PESH
5,Deuteronomy,11,27,Deuteronomy 11:27,2,ܐܢ,,,,Peshitta,PESH
5,Deuteronomy,11,27,Deuteronomy 11:27,3,ܬܫܡܥܘܢ,,,,Peshitta,PESH
5,Deuteronomy,11,27,Deuteronomy 11:27,4,ܦܘܩ̈ܕܢܘܗܝ,,,,Peshitta,PESH
5,Deuteronomy,11,27,Deuteronomy 11:27,5,ܕܡܪܝܐ,,,,Peshitta,PESH
5,Deuteronomy,11,27,Deuteronomy 11:27,6,ܐܠܗܟܘܢ,,,,Peshitta,PESH
5,Deuteronomy,11,27,Deuteronomy 11:27,7,ܕܡܦܩܕ,,,,Peshitta,PESH
5,Deuteronomy,11,27,Deuteronomy 11:27,8,ܐܢܐ,,,,Peshitta,PESH
5,Deuteronomy,11,27,Deuteronomy 11:27,9,ܠܟܘܢ,,,,Peshitta,PESH
5,Deuteronomy,11,27,Deuteronomy 11:27,10,ܝܘܡܢܐ,,,,Peshitta,PESH
5,Deuteronomy,11,28,Deuteronomy 11:28,1,ܘܠܘ̈ܛܬܐ,,,,Peshitta,PESH
5,Deuteronomy,11,28,Deuteronomy 11:28,2,ܐܢ,,,,Peshitta,PESH
5,Deuteronomy,11,28,Deuteronomy 11:28,3,ܠܐ,,,,Peshitta,PESH
5,Deuteronomy,11,28,Deuteronomy 11:28,4,ܬܫܡܥܘܢ,,,,Peshitta,PESH
5,Deuteronomy,11,28,Deuteronomy 11:28,5,ܦܘܩ̈ܕܢܘܗܝ,,,,Peshitta,PESH
5,Deuteronomy,11,28,Deuteronomy 11:28,6,ܕܡܪܝܐ,,,,Peshitta,PESH
5,Deuteronomy,11,28,Deuteronomy 11:28,7,ܐܠܗܟܘܢ,,,,Peshitta,PESH
5,Deuteronomy,11,28,Deuteronomy 11:28,8,ܘܐܢ,,,,Peshitta,PESH
5,Deuteronomy,11,28,Deuteronomy 11:28,9,ܬܣܛܘܢ,,,,Peshitta,PESH
5,Deuteronomy,11,28,Deuteronomy 11:28,10,ܡܢ,,,,Peshitta,PESH
5,Deuteronomy,11,28,Deuteronomy 11:28,11,ܐܘܪܚܐ,,,,Peshitta,PESH
5,Deuteronomy,11,28,Deuteronomy 11:28,12,ܕܡܦܩܕ,,,,Peshitta,PESH
5,Deuteronomy,11,28,Deuteronomy 11:28,13,ܐܢܐ,,,,Peshitta,PESH
5,Deuteronomy,11,28,Deuteronomy 11:28,14,ܠܟܘܢ,,,,Peshitta,PESH
5,Deuteronomy,11,28,Deuteronomy 11:28,15,ܝܘܡܢܐ,,,,Peshitta,PESH
5,Deuteronomy,11,28,Deuteronomy 11:28,16,ܘܬܐܙܠܘܢ,,,,Peshitta,PESH
5,Deuteronomy,11,28,Deuteronomy 11:28,17,ܒܬܪ,,,,Peshitta,PESH
5,Deuteronomy,11,28,Deuteronomy 11:28,18,ܐ̈ܠܗܐ,,,,Peshitta,PESH
5,Deuteronomy,11,28,Deuteronomy 11:28,19,ܐܚܪ̈ܢܐ,,,,Peshitta,PESH
5,Deuteronomy,11,28,Deuteronomy 11:28,20,ܕܠܐ,,,,Peshitta,PESH
5,Deuteronomy,11,28,Deuteronomy 11:28,21,ܝ̇ܕܥܝܢ,,,,Peshitta,PESH
5,Deuteronomy,11,28,Deuteronomy 11:28,22,ܐܢܬܘܢ,,,,Peshitta,PESH
5,Deuteronomy,11,28,Deuteronomy 11:28,23,ܠܗܘܢ,,,,Peshitta,PESH
5,Deuteronomy,11,29,Deuteronomy 11:29,1,ܘܟܕ,,,,Peshitta,PESH
5,Deuteronomy,11,29,Deuteronomy 11:29,2,ܢܥܠܟ,,,,Peshitta,PESH
5,Deuteronomy,11,29,Deuteronomy 11:29,3,ܡܪܝܐ,,,,Peshitta,PESH
5,Deuteronomy,11,29,Deuteronomy 11:29,4,ܐܠܗܟ,,,,Peshitta,PESH
5,Deuteronomy,11,29,Deuteronomy 11:29,5,ܠܐܪܥܐ,,,,Peshitta,PESH
5,Deuteronomy,11,29,Deuteronomy 11:29,6,ܕܥ̇ܐܠ,,,,Peshitta,PESH
5,Deuteronomy,11,29,Deuteronomy 11:29,7,ܐܢܬ,,,,Peshitta,PESH
5,Deuteronomy,11,29,Deuteronomy 11:29,8,ܠܬܡܢ,,,,Peshitta,PESH
5,Deuteronomy,11,29,Deuteronomy 11:29,9,ܠܡܐܪܬܗ̇,,,,Peshitta,PESH
5,Deuteronomy,11,29,Deuteronomy 11:29,10,ܗܒ,,,,Peshitta,PESH
5,Deuteronomy,11,29,Deuteronomy 11:29,11,ܒܘܪ̈ܟܬܐ,,,,Peshitta,PESH
5,Deuteronomy,11,29,Deuteronomy 11:29,12,ܥܠ,,,,Peshitta,PESH
5,Deuteronomy,11,29,Deuteronomy 11:29,13,ܛܘܪܐ,,,,Peshitta,PESH
5,Deuteronomy,11,29,Deuteronomy 11:29,14,ܕܓܪܙܝܡ,,,,Peshitta,PESH
5,Deuteronomy,11,29,Deuteronomy 11:29,15,ܘܠܘ̈ܛܬܐ,,,,Peshitta,PESH
5,Deuteronomy,11,29,Deuteronomy 11:29,16,ܥܠ,,,,Peshitta,PESH
5,Deuteronomy,11,29,Deuteronomy 11:29,17,ܛܘܪܐ,,,,Peshitta,PESH
5,Deuteronomy,11,29,Deuteronomy 11:29,18,ܕܓܒܠ,,,,Peshitta,PESH
5,Deuteronomy,11,30,Deuteronomy 11:30,1,ܗܐ,,,,Peshitta,PESH
5,Deuteronomy,11,30,Deuteronomy 11:30,2,ܗܢܘܢ,,,,Peshitta,PESH
5,Deuteronomy,11,30,Deuteronomy 11:30,3,ܒܥܒܪܐ,,,,Peshitta,PESH
5,Deuteronomy,11,30,Deuteronomy 11:30,4,ܕܝܘܪܕܢܢ,,,,Peshitta,PESH
5,Deuteronomy,11,30,Deuteronomy 11:30,5,ܒܣܬܪ,,,,Peshitta,PESH
5,Deuteronomy,11,30,Deuteronomy 11:30,6,ܐܘܪܚܐ,,,,Peshitta,PESH
5,Deuteronomy,11,30,Deuteronomy 11:30,7,ܒܡܥܪ̈ܒܝ,,,,Peshitta,PESH
5,Deuteronomy,11,30,Deuteronomy 11:30,8,ܫܡܫܐ,,,,Peshitta,PESH
5,Deuteronomy,11,30,Deuteronomy 11:30,9,ܒܐܪܥܐ,,,,Peshitta,PESH
5,Deuteronomy,11,30,Deuteronomy 11:30,10,ܕܟܢ̈ܥܢܝܐ,,,,Peshitta,PESH
5,Deuteronomy,11,30,Deuteronomy 11:30,11,ܕܝ̇ܬܒܝܢ,,,,Peshitta,PESH
5,Deuteronomy,11,30,Deuteronomy 11:30,12,ܒܥܪܒܐ,,,,Peshitta,PESH
5,Deuteronomy,11,30,Deuteronomy 11:30,13,ܠܘܩܒܠ,,,,Peshitta,PESH
5,Deuteronomy,11,30,Deuteronomy 11:30,14,ܓܠܓܠܐ,,,,Peshitta,PESH
5,Deuteronomy,11,30,Deuteronomy 11:30,15,ܘܠܘܩܒܠ,,,,Peshitta,PESH
5,Deuteronomy,11,30,Deuteronomy 11:30,16,ܒܝܬ,,,,Peshitta,PESH
5,Deuteronomy,11,30,Deuteronomy 11:30,17,ܒܠܘܛܐ,,,,Peshitta,PESH
5,Deuteronomy,11,30,Deuteronomy 11:30,18,ܕܡܡܪܐ,,,,Peshitta,PESH
5,Deuteronomy,11,31,Deuteronomy 11:31,1,ܡܛܠ,,,,Peshitta,PESH
5,Deuteronomy,11,31,Deuteronomy 11:31,2,ܕܥ̇ܒܪܝܢ,,,,Peshitta,PESH
5,Deuteronomy,11,31,Deuteronomy 11:31,3,ܐܢܬܘܢ,,,,Peshitta,PESH
5,Deuteronomy,11,31,Deuteronomy 11:31,4,ܝܘܪܕܢܢ,,,,Peshitta,PESH
5,Deuteronomy,11,31,Deuteronomy 11:31,5,ܠܡܥܠ,,,,Peshitta,PESH
5,Deuteronomy,11,31,Deuteronomy 11:31,6,ܠܡܐܪܬ,,,,Peshitta,PESH
5,Deuteronomy,11,31,Deuteronomy 11:31,7,ܐܪܥܐ,,,,Peshitta,PESH
5,Deuteronomy,11,31,Deuteronomy 11:31,8,ܕܝ̇ܗܒ,,,,Peshitta,PESH
5,Deuteronomy,11,31,Deuteronomy 11:31,9,ܠܟܘܢ,,,,Peshitta,PESH
5,Deuteronomy,11,31,Deuteronomy 11:31,10,ܡܪܝܐ,,,,Peshitta,PESH
5,Deuteronomy,11,31,Deuteronomy 11:31,11,ܐܠܗܟܘܢ,,,,Peshitta,PESH
5,Deuteronomy,11,31,Deuteronomy 11:31,12,ܘܬܐܪܬܘܢܗ̇,,,,Peshitta,PESH
5,Deuteronomy,11,31,Deuteronomy 11:31,13,ܘܬܬܒܘܢ,,,,Peshitta,PESH
5,Deuteronomy,11,31,Deuteronomy 11:31,14,ܒܗ̇,,,,Peshitta,PESH
5,Deuteronomy,11,32,Deuteronomy 11:32,1,ܘܬܛܪܘܢ,,,,Peshitta,PESH
5,Deuteronomy,11,32,Deuteronomy 11:32,2,ܘܬܥܒܕܘܢ,,,,Peshitta,PESH
5,Deuteronomy,11,32,Deuteronomy 11:32,3,ܟܘܠܗܘܢ,,,,Peshitta,PESH
5,Deuteronomy,11,32,Deuteronomy 11:32,4,ܢܡ̈ܘܣܐ,,,,Peshitta,PESH
5,Deuteronomy,11,32,Deuteronomy 11:32,5,ܘܕܝ̈ܢܐ,,,,Peshitta,PESH
5,Deuteronomy,11,32,Deuteronomy 11:32,6,ܕܝ̇ܗܒ,,,,Peshitta,PESH
5,Deuteronomy,11,32,Deuteronomy 11:32,7,ܐܢܐ,,,,Peshitta,PESH
5,Deuteronomy,11,32,Deuteronomy 11:32,8,ܩܕܡܝܟܘܢ,,,,Peshitta,PESH
5,Deuteronomy,11,32,Deuteronomy 11:32,9,ܝܘܡܢܐ,,,,Peshitta,PESH
5,Deuteronomy,12,1,Deuteronomy 12:1,1,ܗܠܝܢ,,,,Peshitta,PESH
5,Deuteronomy,12,1,Deuteronomy 12:1,2,ܢܡ̈ܘܣܐ,,,,Peshitta,PESH
5,Deuteronomy,12,1,Deuteronomy 12:1,3,ܘܕܝ̈ܢܐ,,,,Peshitta,PESH
5,Deuteronomy,12,1,Deuteronomy 12:1,4,ܕܬܛܪܘܢ,,,,Peshitta,PESH
5,Deuteronomy,12,1,Deuteronomy 12:1,5,ܘܬܥܒܕܘܢ,,,,Peshitta,PESH
5,Deuteronomy,12,1,Deuteronomy 12:1,6,ܒܐܪܥܐ,,,,Peshitta,PESH
5,Deuteronomy,12,1,Deuteronomy 12:1,7,ܕܝ̇ܗܒ,,,,Peshitta,PESH
5,Deuteronomy,12,1,Deuteronomy 12:1,8,ܠܟܘܢ,,,,Peshitta,PESH
5,Deuteronomy,12,1,Deuteronomy 12:1,9,ܡܪܝܐ,,,,Peshitta,PESH
5,Deuteronomy,12,1,Deuteronomy 12:1,10,ܐܠܗܐ,,,,Peshitta,PESH
5,Deuteronomy,12,1,Deuteronomy 12:1,11,ܕܐ̈ܒܗܝܟܘܢ,,,,Peshitta,PESH
5,Deuteronomy,12,1,Deuteronomy 12:1,12,ܠܡܐܪܬܗ̇,,,,Peshitta,PESH
5,Deuteronomy,12,1,Deuteronomy 12:1,13,ܟܠܗܘܢ,,,,Peshitta,PESH
5,Deuteronomy,12,1,Deuteronomy 12:1,14,ܝܘܡ̈ܬܐ,,,,Peshitta,PESH
5,Deuteronomy,12,1,Deuteronomy 12:1,15,ܕܚܝ̈ܝܢ,,,,Peshitta,PESH
5,Deuteronomy,12,1,Deuteronomy 12:1,16,ܐܢܬܘܢ,,,,Peshitta,PESH
5,Deuteronomy,12,1,Deuteronomy 12:1,17,ܒܐܪܥܐ,,,,Peshitta,PESH
5,Deuteronomy,12,2,Deuteronomy 12:2,1,ܐܘܒܕܘ,,,,Peshitta,PESH
5,Deuteronomy,12,2,Deuteronomy 12:2,2,ܟܠܗܘܢ,,,,Peshitta,PESH
5,Deuteronomy,12,2,Deuteronomy 12:2,3,ܐܬܪ̈ܘܬܐ,,,,Peshitta,PESH
5,Deuteronomy,12,2,Deuteronomy 12:2,4,ܕܦܠܚܘ,,,,Peshitta,PESH
5,Deuteronomy,12,2,Deuteronomy 12:2,5,ܬܡܢ,,,,Peshitta,PESH
5,Deuteronomy,12,2,Deuteronomy 12:2,6,ܥܡ̈ܡܐ,,,,Peshitta,PESH
5,Deuteronomy,12,2,Deuteronomy 12:2,7,ܕܝ̇ܪܬܝܢ,,,,Peshitta,PESH
5,Deuteronomy,12,2,Deuteronomy 12:2,8,ܐܢܬܘܢ,,,,Peshitta,PESH
5,Deuteronomy,12,2,Deuteronomy 12:2,9,ܠܗܘܢ,,,,Peshitta,PESH
5,Deuteronomy,12,2,Deuteronomy 12:2,10,ܘܠܐ̈ܠܗܝܗܘܢ,,,,Peshitta,PESH
5,Deuteronomy,12,2,Deuteronomy 12:2,11,ܥܠ,,,,Peshitta,PESH
5,Deuteronomy,12,2,Deuteronomy 12:2,12,ܛܘܪ̈ܐ,,,,Peshitta,PESH
5,Deuteronomy,12,2,Deuteronomy 12:2,13,ܪ̈ܡܐ,,,,Peshitta,PESH
5,Deuteronomy,12,2,Deuteronomy 12:2,14,ܘܥܠ,,,,Peshitta,PESH
5,Deuteronomy,12,2,Deuteronomy 12:2,15,ܪ̈ܡܬܐ,,,,Peshitta,PESH
5,Deuteronomy,12,2,Deuteronomy 12:2,16,ܘܬܚܝܬ,,,,Peshitta,PESH
5,Deuteronomy,12,2,Deuteronomy 12:2,17,ܟܠ,,,,Peshitta,PESH
5,Deuteronomy,12,2,Deuteronomy 12:2,18,ܐܝܠܢ,,,,Peshitta,PESH
5,Deuteronomy,12,2,Deuteronomy 12:2,19,ܕܡ̇ܛܠ,,,,Peshitta,PESH
5,Deuteronomy,12,3,Deuteronomy 12:3,1,ܘܬܥܩܪܘܢ,,,,Peshitta,PESH
5,Deuteronomy,12,3,Deuteronomy 12:3,2,ܡܕܒܚ̈ܝܗܘܢ,,,,Peshitta,PESH
5,Deuteronomy,12,3,Deuteronomy 12:3,3,ܘܬܬܒܪܘܢ,,,,Peshitta,PESH
5,Deuteronomy,12,3,Deuteronomy 12:3,4,ܩܝܡ̈ܬܗܘܢ,,,,Peshitta,PESH
5,Deuteronomy,12,3,Deuteronomy 12:3,5,ܘܚܫ̈ܠܬܗܘܢ,,,,Peshitta,PESH
5,Deuteronomy,12,3,Deuteronomy 12:3,6,ܬܘܩܕܘܢ,,,,Peshitta,PESH
5,Deuteronomy,12,3,Deuteronomy 12:3,7,ܒܢܘܪܐ,,,,Peshitta,PESH
5,Deuteronomy,12,3,Deuteronomy 12:3,8,ܘܐ̈ܠܗܝܗܘܢ,,,,Peshitta,PESH
5,Deuteronomy,12,3,Deuteronomy 12:3,9,ܓܠܝ̈ܦܐ,,,,Peshitta,PESH
5,Deuteronomy,12,3,Deuteronomy 12:3,10,ܬܬܒܪܘܢ,,,,Peshitta,PESH
5,Deuteronomy,12,3,Deuteronomy 12:3,11,ܘܬܘܒܕܘܢ,,,,Peshitta,PESH
5,Deuteronomy,12,3,Deuteronomy 12:3,12,ܫܡܗܘܢ,,,,Peshitta,PESH
5,Deuteronomy,12,3,Deuteronomy 12:3,13,ܡܢ,,,,Peshitta,PESH
5,Deuteronomy,12,3,Deuteronomy 12:3,14,ܐܬܪܐ,,,,Peshitta,PESH
5,Deuteronomy,12,3,Deuteronomy 12:3,15,ܗ̇ܘ,,,,Peshitta,PESH
5,Deuteronomy,12,4,Deuteronomy 12:4,1,ܘܐܢܬܘܢ,,,,Peshitta,PESH
5,Deuteronomy,12,4,Deuteronomy 12:4,2,ܠܐ,,,,Peshitta,PESH
5,Deuteronomy,12,4,Deuteronomy 12:4,3,ܬܥܒܕܘܢ,,,,Peshitta,PESH
5,Deuteronomy,12,4,Deuteronomy 12:4,4,ܗܟܢܐ,,,,Peshitta,PESH
5,Deuteronomy,12,4,Deuteronomy 12:4,5,ܠܡܪܝܐ,,,,Peshitta,PESH
5,Deuteronomy,12,4,Deuteronomy 12:4,6,ܐܠܗܟܘܢ,,,,Peshitta,PESH
5,Deuteronomy,12,5,Deuteronomy 12:5,1,ܐܠܐ,,,,Peshitta,PESH
5,Deuteronomy,12,5,Deuteronomy 12:5,2,ܒܐܬܪܐ,,,,Peshitta,PESH
5,Deuteronomy,12,5,Deuteronomy 12:5,3,ܕܓ̇ܒܐ,,,,Peshitta,PESH
5,Deuteronomy,12,5,Deuteronomy 12:5,4,ܡܪܝܐ,,,,Peshitta,PESH
5,Deuteronomy,12,5,Deuteronomy 12:5,5,ܐܠܗܟܘܢ,,,,Peshitta,PESH
5,Deuteronomy,12,5,Deuteronomy 12:5,6,ܡܢ,,,,Peshitta,PESH
5,Deuteronomy,12,5,Deuteronomy 12:5,7,ܟܘܠ,,,,Peshitta,PESH
5,Deuteronomy,12,5,Deuteronomy 12:5,8,ܫ̈ܒܛܝܟܘܢ,,,,Peshitta,PESH
5,Deuteronomy,12,5,Deuteronomy 12:5,9,ܠܡܣܡ,,,,Peshitta,PESH
5,Deuteronomy,12,5,Deuteronomy 12:5,10,ܫܡܗ,,,,Peshitta,PESH
5,Deuteronomy,12,5,Deuteronomy 12:5,11,ܬܡܢ,,,,Peshitta,PESH
5,Deuteronomy,12,5,Deuteronomy 12:5,12,ܠܒܝܬ,,,,Peshitta,PESH
5,Deuteronomy,12,5,Deuteronomy 12:5,13,ܡܫܪܝܗ,,,,Peshitta,PESH
5,Deuteronomy,12,5,Deuteronomy 12:5,14,ܗܘܝܬܘܢ,,,,Peshitta,PESH
5,Deuteronomy,12,5,Deuteronomy 12:5,15,ܡܥܩܒܝܢ,,,,Peshitta,PESH
5,Deuteronomy,12,5,Deuteronomy 12:5,16,ܘܐ̇ܙܠܝܢ,,,,Peshitta,PESH
5,Deuteronomy,12,5,Deuteronomy 12:5,17,ܠܬܡܢ,,,,Peshitta,PESH
5,Deuteronomy,12,6,Deuteronomy 12:6,1,ܘܐܘܒܠܘ,,,,Peshitta,PESH
5,Deuteronomy,12,6,Deuteronomy 12:6,2,ܠܬܡܢ,,,,Peshitta,PESH
5,Deuteronomy,12,6,Deuteronomy 12:6,3,ܝܩ̈ܕܝܟܘܢ,,,,Peshitta,PESH
5,Deuteronomy,12,6,Deuteronomy 12:6,4,ܫ̈ܠܡܐ,,,,Peshitta,PESH
5,Deuteronomy,12,6,Deuteronomy 12:6,5,ܘܕܒܚ̈ܝܟܘܢ,,,,Peshitta,PESH
5,Deuteronomy,12,6,Deuteronomy 12:6,6,ܘܡܥܣܪ̈ܝܟܘܢ,,,,Peshitta,PESH
5,Deuteronomy,12,6,Deuteronomy 12:6,7,ܘܦܘܪ̈ܫܢܐ,,,,Peshitta,PESH
5,Deuteronomy,12,6,Deuteronomy 12:6,8,ܕܐ̈ܝܕܝܟܘܢ,,,,Peshitta,PESH
5,Deuteronomy,12,6,Deuteronomy 12:6,9,ܘܢܕܪ̈ܝܟܘܢ,,,,Peshitta,PESH
5,Deuteronomy,12,6,Deuteronomy 12:6,10,ܘܩܘܪ̈ܒܢܝܟܘܢ,,,,Peshitta,PESH
5,Deuteronomy,12,6,Deuteronomy 12:6,11,ܘܒܘܟܪ̈ܐ,,,,Peshitta,PESH
5,Deuteronomy,12,6,Deuteronomy 12:6,12,ܕܬܘܪ̈ܝܟܘܢ,,,,Peshitta,PESH
5,Deuteronomy,12,6,Deuteronomy 12:6,13,ܘܕܥܢܟܘܢ,,,,Peshitta,PESH
5,Deuteronomy,12,7,Deuteronomy 12:7,1,ܘܐܟܘܠܘ,,,,Peshitta,PESH
5,Deuteronomy,12,7,Deuteronomy 12:7,2,ܬܡܢ,,,,Peshitta,PESH
5,Deuteronomy,12,7,Deuteronomy 12:7,3,ܩܕܡ,,,,Peshitta,PESH
5,Deuteronomy,12,7,Deuteronomy 12:7,4,ܡܪܝܐ,,,,Peshitta,PESH
5,Deuteronomy,12,7,Deuteronomy 12:7,5,ܐܠܗܟܘܢ,,,,Peshitta,PESH
5,Deuteronomy,12,7,Deuteronomy 12:7,6,ܘܚܕܘ,,,,Peshitta,PESH
5,Deuteronomy,12,7,Deuteronomy 12:7,7,ܒܟܠ,,,,Peshitta,PESH
5,Deuteronomy,12,7,Deuteronomy 12:7,8,ܡܕܡ,,,,Peshitta,PESH
5,Deuteronomy,12,7,Deuteronomy 12:7,9,ܕܡܘܫܛܝܢ,,,,Peshitta,PESH
5,Deuteronomy,12,7,Deuteronomy 12:7,10,ܐܢܬܘܢ,,,,Peshitta,PESH
5,Deuteronomy,12,7,Deuteronomy 12:7,11,ܐ̈ܝܕܝܟܘܢ,,,,Peshitta,PESH
5,Deuteronomy,12,7,Deuteronomy 12:7,12,ܐܢܬܘܢ,,,,Peshitta,PESH
5,Deuteronomy,12,7,Deuteronomy 12:7,13,ܘܐܢ̈ܫܝ,,,,Peshitta,PESH
5,Deuteronomy,12,7,Deuteronomy 12:7,14,ܒܬܝ̈ܟܘܢ,,,,Peshitta,PESH
5,Deuteronomy,12,7,Deuteronomy 12:7,15,ܕܒܪܟܟܘܢ,,,,Peshitta,PESH
5,Deuteronomy,12,7,Deuteronomy 12:7,16,ܡܪܝܐ,,,,Peshitta,PESH
5,Deuteronomy,12,7,Deuteronomy 12:7,17,ܐܠܗܟܘܢ,,,,Peshitta,PESH
5,Deuteronomy,12,8,Deuteronomy 12:8,1,ܘܠܐ,,,,Peshitta,PESH
5,Deuteronomy,12,8,Deuteronomy 12:8,2,ܬܥܒܕܘܢ,,,,Peshitta,PESH
5,Deuteronomy,12,8,Deuteronomy 12:8,3,ܐܝܟ,,,,Peshitta,PESH
5,Deuteronomy,12,8,Deuteronomy 12:8,4,ܕܥܒܕܝܢܢ,,,,Peshitta,PESH
5,Deuteronomy,12,8,Deuteronomy 12:8,5,ܗܪܟܐ,,,,Peshitta,PESH
5,Deuteronomy,12,8,Deuteronomy 12:8,6,ܝܘܡܢܐ,,,,Peshitta,PESH
5,Deuteronomy,12,8,Deuteronomy 12:8,7,ܐܢܫ,,,,Peshitta,PESH
5,Deuteronomy,12,8,Deuteronomy 12:8,8,ܐܝܟ,,,,Peshitta,PESH
5,Deuteronomy,12,8,Deuteronomy 12:8,9,ܕܫܦܝܪ,,,,Peshitta,PESH
5,Deuteronomy,12,8,Deuteronomy 12:8,10,ܒܥܝ̈ܢܘܗܝ,,,,Peshitta,PESH
5,Deuteronomy,12,9,Deuteronomy 12:9,1,ܡܛܠ,,,,Peshitta,PESH
5,Deuteronomy,12,9,Deuteronomy 12:9,2,ܕܠܐ,,,,Peshitta,PESH
5,Deuteronomy,12,9,Deuteronomy 12:9,3,ܥܕܟܝܠ,,,,Peshitta,PESH
5,Deuteronomy,12,9,Deuteronomy 12:9,4,ܡܛܝܬܘܢ,,,,Peshitta,PESH
5,Deuteronomy,12,9,Deuteronomy 12:9,5,ܠܒܝܬ,,,,Peshitta,PESH
5,Deuteronomy,12,9,Deuteronomy 12:9,6,ܡܫܪܝܐ,,,,Peshitta,PESH
5,Deuteronomy,12,9,Deuteronomy 12:9,7,ܘܠܝܪܬܘܬܐ,,,,Peshitta,PESH
5,Deuteronomy,12,9,Deuteronomy 12:9,8,ܕܝ̇ܗܒ,,,,Peshitta,PESH
5,Deuteronomy,12,9,Deuteronomy 12:9,9,ܠܟ,,,,Peshitta,PESH
5,Deuteronomy,12,9,Deuteronomy 12:9,10,ܡܪܝܐ,,,,Peshitta,PESH
5,Deuteronomy,12,9,Deuteronomy 12:9,11,ܐܠܗܟ,,,,Peshitta,PESH
5,Deuteronomy,12,10,Deuteronomy 12:10,1,ܘܥܒܪܘ,,,,Peshitta,PESH
5,Deuteronomy,12,10,Deuteronomy 12:10,2,ܝܘܪܕܢܢ,,,,Peshitta,PESH
5,Deuteronomy,12,10,Deuteronomy 12:10,3,ܘܬܒܘ,,,,Peshitta,PESH
5,Deuteronomy,12,10,Deuteronomy 12:10,4,ܒܐܪܥܐ,,,,Peshitta,PESH
5,Deuteronomy,12,10,Deuteronomy 12:10,5,ܕܡܘܪܬ,,,,Peshitta,PESH
5,Deuteronomy,12,10,Deuteronomy 12:10,6,ܠܟܘܢ,,,,Peshitta,PESH
5,Deuteronomy,12,10,Deuteronomy 12:10,7,ܡܪܝܐ,,,,Peshitta,PESH
5,Deuteronomy,12,10,Deuteronomy 12:10,8,ܐܠܗܟܘܢ,,,,Peshitta,PESH
5,Deuteronomy,12,10,Deuteronomy 12:10,9,ܘܡܢܝܚ,,,,Peshitta,PESH
5,Deuteronomy,12,10,Deuteronomy 12:10,10,ܠܟܘܢ,,,,Peshitta,PESH
5,Deuteronomy,12,10,Deuteronomy 12:10,11,ܡܢ,,,,Peshitta,PESH
5,Deuteronomy,12,10,Deuteronomy 12:10,12,ܟܠܗܘܢ,,,,Peshitta,PESH
5,Deuteronomy,12,10,Deuteronomy 12:10,13,ܒ̈ܥܠܕܒܒܝܟܘܢ,,,,Peshitta,PESH
5,Deuteronomy,12,10,Deuteronomy 12:10,14,ܕܚܕܝܪ̈ܝܢ,,,,Peshitta,PESH
5,Deuteronomy,12,10,Deuteronomy 12:10,15,ܠܟܘܢ,,,,Peshitta,PESH
5,Deuteronomy,12,10,Deuteronomy 12:10,16,ܘܬܒܘ,,,,Peshitta,PESH
5,Deuteronomy,12,10,Deuteronomy 12:10,17,ܒܣܒܪܐ,,,,Peshitta,PESH
5,Deuteronomy,12,11,Deuteronomy 12:11,1,ܘܐܬܪܐ,,,,Peshitta,PESH
5,Deuteronomy,12,11,Deuteronomy 12:11,2,ܕܢܓܒܐ,,,,Peshitta,PESH
5,Deuteronomy,12,11,Deuteronomy 12:11,3,ܡܪܝܐ,,,,Peshitta,PESH
5,Deuteronomy,12,11,Deuteronomy 12:11,4,ܐܠܗܟܘܢ,,,,Peshitta,PESH
5,Deuteronomy,12,11,Deuteronomy 12:11,5,ܕܢܫܪܐ,,,,Peshitta,PESH
5,Deuteronomy,12,11,Deuteronomy 12:11,6,ܒܗ,,,,Peshitta,PESH
5,Deuteronomy,12,11,Deuteronomy 12:11,7,ܫܡܗ,,,,Peshitta,PESH
5,Deuteronomy,12,11,Deuteronomy 12:11,8,ܠܬܡܢ,,,,Peshitta,PESH
5,Deuteronomy,12,11,Deuteronomy 12:11,9,ܐܝܬܘ,,,,Peshitta,PESH
5,Deuteronomy,12,11,Deuteronomy 12:11,10,ܟܠ,,,,Peshitta,PESH
5,Deuteronomy,12,11,Deuteronomy 12:11,11,ܡܕܡ,,,,Peshitta,PESH
5,Deuteronomy,12,11,Deuteronomy 12:11,12,ܕܡܦܩܕ,,,,Peshitta,PESH
5,Deuteronomy,12,11,Deuteronomy 12:11,13,ܐܢܐ,,,,Peshitta,PESH
5,Deuteronomy,12,11,Deuteronomy 12:11,14,ܠܟܘܢ,,,,Peshitta,PESH
5,Deuteronomy,12,11,Deuteronomy 12:11,15,ܝܩ̈ܕܝܟܘܢ,,,,Peshitta,PESH
5,Deuteronomy,12,11,Deuteronomy 12:11,16,ܫ̈ܠܡܐ,,,,Peshitta,PESH
5,Deuteronomy,12,11,Deuteronomy 12:11,17,ܘܕܒܚ̈ܝܟܘܢ,,,,Peshitta,PESH
5,Deuteronomy,12,11,Deuteronomy 12:11,18,ܘܡܥܣܪ̈ܝܟܘܢ,,,,Peshitta,PESH
5,Deuteronomy,12,11,Deuteronomy 12:11,19,ܘܦܘܪ̈ܫܢܐ,,,,Peshitta,PESH
5,Deuteronomy,12,11,Deuteronomy 12:11,20,ܕܐܝܕܝ̈ܟܘܢ,,,,Peshitta,PESH
5,Deuteronomy,12,11,Deuteronomy 12:11,21,ܘܟܠܗ,,,,Peshitta,PESH
5,Deuteronomy,12,11,Deuteronomy 12:11,22,ܓܒܝܐ,,,,Peshitta,PESH
5,Deuteronomy,12,11,Deuteronomy 12:11,23,ܕܢܕܪ̈ܝܟܘܢ,,,,Peshitta,PESH
5,Deuteronomy,12,11,Deuteronomy 12:11,24,ܕܢ̇ܕܪܝܢ,,,,Peshitta,PESH
5,Deuteronomy,12,11,Deuteronomy 12:11,25,ܐܢܬܘܢ,,,,Peshitta,PESH
5,Deuteronomy,12,11,Deuteronomy 12:11,26,ܠܡܪܝܐ,,,,Peshitta,PESH
5,Deuteronomy,12,12,Deuteronomy 12:12,1,ܘܚܕܘ,,,,Peshitta,PESH
5,Deuteronomy,12,12,Deuteronomy 12:12,2,ܩܕܡ,,,,Peshitta,PESH
5,Deuteronomy,12,12,Deuteronomy 12:12,3,ܡܪܝܐ,,,,Peshitta,PESH
5,Deuteronomy,12,12,Deuteronomy 12:12,4,ܐܠܗܟܘܢ,,,,Peshitta,PESH
5,Deuteronomy,12,12,Deuteronomy 12:12,5,ܐܢܬܘܢ,,,,Peshitta,PESH
5,Deuteronomy,12,12,Deuteronomy 12:12,6,ܘܒܢ̈ܝܟܘܢ,,,,Peshitta,PESH
5,Deuteronomy,12,12,Deuteronomy 12:12,7,ܘܒܢ̈ܬܟܘܢ,,,,Peshitta,PESH
5,Deuteronomy,12,12,Deuteronomy 12:12,8,ܘܥܒ̈ܕܝܟܘܢ,,,,Peshitta,PESH
5,Deuteronomy,12,12,Deuteronomy 12:12,9,ܘܐ̈ܡܗܬܟܘܢ,,,,Peshitta,PESH
5,Deuteronomy,12,12,Deuteronomy 12:12,10,ܘܠܘ̈ܝܐ,,,,Peshitta,PESH
5,Deuteronomy,12,12,Deuteronomy 12:12,11,ܕܒܩܘܪ̈ܝܟܘܢ,,,,Peshitta,PESH
5,Deuteronomy,12,12,Deuteronomy 12:12,12,ܡܛܠ,,,,Peshitta,PESH
5,Deuteronomy,12,12,Deuteronomy 12:12,13,ܕܠܝܬ,,,,Peshitta,PESH
5,Deuteronomy,12,12,Deuteronomy 12:12,14,ܠܗܘܢ,,,,Peshitta,PESH
5,Deuteronomy,12,12,Deuteronomy 12:12,15,ܝܪܬܘܬܐ,,,,Peshitta,PESH
5,Deuteronomy,12,12,Deuteronomy 12:12,16,ܘܦܠܓܘܬܐ,,,,Peshitta,PESH
5,Deuteronomy,12,12,Deuteronomy 12:12,17,ܥܡܟܘܢ,,,,Peshitta,PESH
5,Deuteronomy,12,13,Deuteronomy 12:13,1,ܐܙܕܗܪ,,,,Peshitta,PESH
5,Deuteronomy,12,13,Deuteronomy 12:13,2,ܕܠܐ,,,,Peshitta,PESH
5,Deuteronomy,12,13,Deuteronomy 12:13,3,ܬ̇ܣܩ,,,,Peshitta,PESH
5,Deuteronomy,12,13,Deuteronomy 12:13,4,ܝܩܕܟ,,,,Peshitta,PESH
5,Deuteronomy,12,13,Deuteronomy 12:13,5,ܫܠܡܐ,,,,Peshitta,PESH
5,Deuteronomy,12,13,Deuteronomy 12:13,6,ܒܟܠ,,,,Peshitta,PESH
5,Deuteronomy,12,13,Deuteronomy 12:13,7,ܐܬܪ,,,,Peshitta,PESH
5,Deuteronomy,12,13,Deuteronomy 12:13,8,ܕܨ̇ܒܐ,,,,Peshitta,PESH
5,Deuteronomy,12,13,Deuteronomy 12:13,9,ܐܢܬ,,,,Peshitta,PESH
5,Deuteronomy,12,14,Deuteronomy 12:14,1,ܐܠܐ,,,,Peshitta,PESH
5,Deuteronomy,12,14,Deuteronomy 12:14,2,ܐܢ,,,,Peshitta,PESH
5,Deuteronomy,12,14,Deuteronomy 12:14,3,ܒܐܬܪܐ,,,,Peshitta,PESH
5,Deuteronomy,12,14,Deuteronomy 12:14,4,ܕܢܓܒܐ,,,,Peshitta,PESH
5,Deuteronomy,12,14,Deuteronomy 12:14,5,ܡܪܝܐ,,,,Peshitta,PESH
5,Deuteronomy,12,14,Deuteronomy 12:14,6,ܒܚܕ,,,,Peshitta,PESH
5,Deuteronomy,12,14,Deuteronomy 12:14,7,ܡܢ,,,,Peshitta,PESH
5,Deuteronomy,12,14,Deuteronomy 12:14,8,ܫ̈ܒܛܝܟ,,,,Peshitta,PESH
5,Deuteronomy,12,14,Deuteronomy 12:14,9,ܬܡܢ,,,,Peshitta,PESH
5,Deuteronomy,12,14,Deuteronomy 12:14,10,ܬ̇ܣܩ,,,,Peshitta,PESH
5,Deuteronomy,12,14,Deuteronomy 12:14,11,ܝܩ̈ܕܝܟ,,,,Peshitta,PESH
5,Deuteronomy,12,14,Deuteronomy 12:14,12,ܫ̈ܠܡܐ,,,,Peshitta,PESH
5,Deuteronomy,12,14,Deuteronomy 12:14,13,ܘܬܡܢ,,,,Peshitta,PESH
5,Deuteronomy,12,14,Deuteronomy 12:14,14,ܬܥܒܕ,,,,Peshitta,PESH
5,Deuteronomy,12,14,Deuteronomy 12:14,15,ܟܠ,,,,Peshitta,PESH
5,Deuteronomy,12,14,Deuteronomy 12:14,16,ܡܕܡ,,,,Peshitta,PESH
5,Deuteronomy,12,14,Deuteronomy 12:14,17,ܕܡܦܩܕ,,,,Peshitta,PESH
5,Deuteronomy,12,14,Deuteronomy 12:14,18,ܐܢܐ,,,,Peshitta,PESH
5,Deuteronomy,12,14,Deuteronomy 12:14,19,ܠܟ,,,,Peshitta,PESH
5,Deuteronomy,12,15,Deuteronomy 12:15,1,ܒܠܚܘܕ,,,,Peshitta,PESH
5,Deuteronomy,12,15,Deuteronomy 12:15,2,ܒܟܠ,,,,Peshitta,PESH
5,Deuteronomy,12,15,Deuteronomy 12:15,3,ܪܓܬܐ,,,,Peshitta,PESH
5,Deuteronomy,12,15,Deuteronomy 12:15,4,ܕܢܦܫܟ,,,,Peshitta,PESH
5,Deuteronomy,12,15,Deuteronomy 12:15,5,ܟܘܣ,,,,Peshitta,PESH
5,Deuteronomy,12,15,Deuteronomy 12:15,6,ܘܐܟܘܠ,,,,Peshitta,PESH
5,Deuteronomy,12,15,Deuteronomy 12:15,7,ܒܣܪܐ,,,,Peshitta,PESH
5,Deuteronomy,12,15,Deuteronomy 12:15,8,ܐܝܟ,,,,Peshitta,PESH
5,Deuteronomy,12,15,Deuteronomy 12:15,9,ܒܘܪܟܬܐ,,,,Peshitta,PESH
5,Deuteronomy,12,15,Deuteronomy 12:15,10,ܕܝ̇ܗܒ,,,,Peshitta,PESH
5,Deuteronomy,12,15,Deuteronomy 12:15,11,ܠܟ,,,,Peshitta,PESH
5,Deuteronomy,12,15,Deuteronomy 12:15,12,ܡܪܝܐ,,,,Peshitta,PESH
5,Deuteronomy,12,15,Deuteronomy 12:15,13,ܐܠܗܟ,,,,Peshitta,PESH
5,Deuteronomy,12,15,Deuteronomy 12:15,14,ܒܟܠܗܝܢ,,,,Peshitta,PESH
5,Deuteronomy,12,15,Deuteronomy 12:15,15,ܩܘܪ̈ܝܟ,,,,Peshitta,PESH
5,Deuteronomy,12,15,Deuteronomy 12:15,16,ܕܛܡܐ,,,,Peshitta,PESH
5,Deuteronomy,12,15,Deuteronomy 12:15,17,ܘܕܕܟܐ,,,,Peshitta,PESH
5,Deuteronomy,12,15,Deuteronomy 12:15,18,ܢܐܟܠܘܢ,,,,Peshitta,PESH
5,Deuteronomy,12,15,Deuteronomy 12:15,19,ܐܝܟ,,,,Peshitta,PESH
5,Deuteronomy,12,15,Deuteronomy 12:15,20,ܛܒܝܐ,,,,Peshitta,PESH
5,Deuteronomy,12,15,Deuteronomy 12:15,21,ܘܐܝܟ,,,,Peshitta,PESH
5,Deuteronomy,12,15,Deuteronomy 12:15,22,ܐܝܠܐ,,,,Peshitta,PESH
5,Deuteronomy,12,16,Deuteronomy 12:16,1,ܒܠܚܘܕ,,,,Peshitta,PESH
5,Deuteronomy,12,16,Deuteronomy 12:16,2,ܕܡܐ,,,,Peshitta,PESH
5,Deuteronomy,12,16,Deuteronomy 12:16,3,ܠܐ,,,,Peshitta,PESH
5,Deuteronomy,12,16,Deuteronomy 12:16,4,ܬܐܟܠܘܢ,,,,Peshitta,PESH
5,Deuteronomy,12,16,Deuteronomy 12:16,5,ܐܠܐ,,,,Peshitta,PESH
5,Deuteronomy,12,16,Deuteronomy 12:16,6,ܥܠ,,,,Peshitta,PESH
5,Deuteronomy,12,16,Deuteronomy 12:16,7,ܐܪܥܐ,,,,Peshitta,PESH
5,Deuteronomy,12,16,Deuteronomy 12:16,8,ܐܫܘܕܝܗܝ,,,,Peshitta,PESH
5,Deuteronomy,12,16,Deuteronomy 12:16,9,ܐܝܟ,,,,Peshitta,PESH
5,Deuteronomy,12,16,Deuteronomy 12:16,10,ܡ̈ܝܐ,,,,Peshitta,PESH
5,Deuteronomy,12,17,Deuteronomy 12:17,1,ܠܐ,,,,Peshitta,PESH
5,Deuteronomy,12,17,Deuteronomy 12:17,2,ܬܫܬܠܛ,,,,Peshitta,PESH
5,Deuteronomy,12,17,Deuteronomy 12:17,3,ܠܡܐܟܠ,,,,Peshitta,PESH
5,Deuteronomy,12,17,Deuteronomy 12:17,4,ܒܩܘܪ̈ܝܟܘܢ,,,,Peshitta,PESH
5,Deuteronomy,12,17,Deuteronomy 12:17,5,ܡܥܣܪ̈ܐ,,,,Peshitta,PESH
5,Deuteronomy,12,17,Deuteronomy 12:17,6,ܕܥܒܘܪܟܘܢ,,,,Peshitta,PESH
5,Deuteronomy,12,17,Deuteronomy 12:17,7,ܘܕܚܡܪܟܘܢ,,,,Peshitta,PESH
5,Deuteronomy,12,17,Deuteronomy 12:17,8,ܘܕܡܫܚܟܘܢ,,,,Peshitta,PESH
5,Deuteronomy,12,17,Deuteronomy 12:17,9,ܘܒܘܟܪ̈ܐ,,,,Peshitta,PESH
5,Deuteronomy,12,17,Deuteronomy 12:17,10,ܕܬܘܪ̈ܝܟܘܢ,,,,Peshitta,PESH
5,Deuteronomy,12,17,Deuteronomy 12:17,11,ܘܕܥܢܟܘܢ,,,,Peshitta,PESH
5,Deuteronomy,12,17,Deuteronomy 12:17,12,ܘܟܘܠ,,,,Peshitta,PESH
5,Deuteronomy,12,17,Deuteronomy 12:17,13,ܢܕܪ̈ܝܟܘܢ,,,,Peshitta,PESH
5,Deuteronomy,12,17,Deuteronomy 12:17,14,ܕܬܕܪܘܢ,,,,Peshitta,PESH
5,Deuteronomy,12,17,Deuteronomy 12:17,15,ܘܩܘܪ̈ܒܢܝܟܘܢ,,,,Peshitta,PESH
5,Deuteronomy,12,17,Deuteronomy 12:17,16,ܘܦܘܪ̈ܫܢܐ,,,,Peshitta,PESH
5,Deuteronomy,12,17,Deuteronomy 12:17,17,ܕܐ̈ܝܕܝܟܘܢ,,,,Peshitta,PESH
5,Deuteronomy,12,18,Deuteronomy 12:18,1,ܐܠܐ,,,,Peshitta,PESH
5,Deuteronomy,12,18,Deuteronomy 12:18,2,ܩܕܡ,,,,Peshitta,PESH
5,Deuteronomy,12,18,Deuteronomy 12:18,3,ܡܪܝܐ,,,,Peshitta,PESH
5,Deuteronomy,12,18,Deuteronomy 12:18,4,ܐܠܗܟ,,,,Peshitta,PESH
5,Deuteronomy,12,18,Deuteronomy 12:18,5,ܬܐܟܠܝܘܗܝ,,,,Peshitta,PESH
5,Deuteronomy,12,18,Deuteronomy 12:18,6,ܒܐܬܪܐ,,,,Peshitta,PESH
5,Deuteronomy,12,18,Deuteronomy 12:18,7,ܕܢܓܒܐ,,,,Peshitta,PESH
5,Deuteronomy,12,18,Deuteronomy 12:18,8,ܠܗ,,,,Peshitta,PESH
5,Deuteronomy,12,18,Deuteronomy 12:18,9,ܡܪܝܐ,,,,Peshitta,PESH
5,Deuteronomy,12,18,Deuteronomy 12:18,10,ܐܠܗܟ,,,,Peshitta,PESH
5,Deuteronomy,12,18,Deuteronomy 12:18,11,ܐܢܬ,,,,Peshitta,PESH
5,Deuteronomy,12,18,Deuteronomy 12:18,12,ܘܒ̇ܪܟ,,,,Peshitta,PESH
5,Deuteronomy,12,18,Deuteronomy 12:18,13,ܘܒܪܬܟ,,,,Peshitta,PESH
5,Deuteronomy,12,18,Deuteronomy 12:18,14,ܘܥܒܕܟ,,,,Peshitta,PESH
5,Deuteronomy,12,18,Deuteronomy 12:18,15,ܘܐܡܬܟ,,,,Peshitta,PESH
5,Deuteronomy,12,18,Deuteronomy 12:18,16,ܘܠܘܝܐ,,,,Peshitta,PESH
5,Deuteronomy,12,18,Deuteronomy 12:18,17,ܕܒܩܘܪ̈ܝܟ,,,,Peshitta,PESH
5,Deuteronomy,12,18,Deuteronomy 12:18,18,ܘܬܚܕܐ,,,,Peshitta,PESH
5,Deuteronomy,12,18,Deuteronomy 12:18,19,ܩܕܡ,,,,Peshitta,PESH
5,Deuteronomy,12,18,Deuteronomy 12:18,20,ܡܪܝܐ,,,,Peshitta,PESH
5,Deuteronomy,12,18,Deuteronomy 12:18,21,ܐܠܗܟ,,,,Peshitta,PESH
5,Deuteronomy,12,18,Deuteronomy 12:18,22,ܒܟܘܠ,,,,Peshitta,PESH
5,Deuteronomy,12,18,Deuteronomy 12:18,23,ܡܕܡ,,,,Peshitta,PESH
5,Deuteronomy,12,18,Deuteronomy 12:18,24,ܕܡܘܫܛ,,,,Peshitta,PESH
5,Deuteronomy,12,18,Deuteronomy 12:18,25,ܐܢܬ,,,,Peshitta,PESH
5,Deuteronomy,12,18,Deuteronomy 12:18,26,ܐܝܕܟ,,,,Peshitta,PESH
5,Deuteronomy,12,19,Deuteronomy 12:19,1,ܐܙܕܗܪ,,,,Peshitta,PESH
5,Deuteronomy,12,19,Deuteronomy 12:19,2,ܕܠܐ,,,,Peshitta,PESH
5,Deuteronomy,12,19,Deuteronomy 12:19,3,ܬܫܒܘܩ,,,,Peshitta,PESH
5,Deuteronomy,12,19,Deuteronomy 12:19,4,ܠܠܘ̈ܝܐ,,,,Peshitta,PESH
5,Deuteronomy,12,19,Deuteronomy 12:19,5,ܟܠܗܘܢ,,,,Peshitta,PESH
5,Deuteronomy,12,19,Deuteronomy 12:19,6,ܝܘܡ̈ܝܟ,,,,Peshitta,PESH
5,Deuteronomy,12,19,Deuteronomy 12:19,7,ܒܐܪܥܐ,,,,Peshitta,PESH
5,Deuteronomy,12,20,Deuteronomy 12:20,1,ܘܟܕ,,,,Peshitta,PESH
5,Deuteronomy,12,20,Deuteronomy 12:20,2,ܢܪܘܚ,,,,Peshitta,PESH
5,Deuteronomy,12,20,Deuteronomy 12:20,3,ܡܪܝܐ,,,,Peshitta,PESH
5,Deuteronomy,12,20,Deuteronomy 12:20,4,ܐܠܗܟ,,,,Peshitta,PESH
5,Deuteronomy,12,20,Deuteronomy 12:20,5,ܬܚܘܡܟ,,,,Peshitta,PESH
5,Deuteronomy,12,20,Deuteronomy 12:20,6,ܐܝܟ,,,,Peshitta,PESH
5,Deuteronomy,12,20,Deuteronomy 12:20,7,ܕܐܡܪ,,,,Peshitta,PESH
5,Deuteronomy,12,20,Deuteronomy 12:20,8,ܠܟ,,,,Peshitta,PESH
5,Deuteronomy,12,20,Deuteronomy 12:20,9,ܘܬܐܡܪ,,,,Peshitta,PESH
5,Deuteronomy,12,20,Deuteronomy 12:20,10,ܐܟܘܠ,,,,Peshitta,PESH
5,Deuteronomy,12,20,Deuteronomy 12:20,11,ܒܣܪܐ,,,,Peshitta,PESH
5,Deuteronomy,12,20,Deuteronomy 12:20,12,ܡܛܠ,,,,Peshitta,PESH
5,Deuteronomy,12,20,Deuteronomy 12:20,13,ܕܪܓܐ,,,,Peshitta,PESH
5,Deuteronomy,12,20,Deuteronomy 12:20,14,ܢܦܫܟ,,,,Peshitta,PESH
5,Deuteronomy,12,20,Deuteronomy 12:20,15,ܠܡܐܟܠ,,,,Peshitta,PESH
5,Deuteronomy,12,20,Deuteronomy 12:20,16,ܒܣܪܐ,,,,Peshitta,PESH
5,Deuteronomy,12,20,Deuteronomy 12:20,17,ܒܟܘܠܗܝܢ,,,,Peshitta,PESH
5,Deuteronomy,12,20,Deuteronomy 12:20,18,ܐܪ̈ܓܝܓܬܐ,,,,Peshitta,PESH
5,Deuteronomy,12,20,Deuteronomy 12:20,19,ܕܢܦܫܟ,,,,Peshitta,PESH
5,Deuteronomy,12,20,Deuteronomy 12:20,20,ܬܐܟܘܠ,,,,Peshitta,PESH
5,Deuteronomy,12,20,Deuteronomy 12:20,21,ܒܣܪܐ,,,,Peshitta,PESH
5,Deuteronomy,12,21,Deuteronomy 12:21,1,ܘܐܢ,,,,Peshitta,PESH
5,Deuteronomy,12,21,Deuteronomy 12:21,2,ܪܚܝܩ,,,,Peshitta,PESH
5,Deuteronomy,12,21,Deuteronomy 12:21,3,ܗܘ,,,,Peshitta,PESH
5,Deuteronomy,12,21,Deuteronomy 12:21,4,ܡܢܟ,,,,Peshitta,PESH
5,Deuteronomy,12,21,Deuteronomy 12:21,5,ܐܬܪܐ,,,,Peshitta,PESH
5,Deuteronomy,12,21,Deuteronomy 12:21,6,ܕܢܓܒܐ,,,,Peshitta,PESH
5,Deuteronomy,12,21,Deuteronomy 12:21,7,ܡܪܝܐ,,,,Peshitta,PESH
5,Deuteronomy,12,21,Deuteronomy 12:21,8,ܐܠܗܟ,,,,Peshitta,PESH
5,Deuteronomy,12,21,Deuteronomy 12:21,9,ܕܢܣܝܡ,,,,Peshitta,PESH
5,Deuteronomy,12,21,Deuteronomy 12:21,10,ܫܡܗ,,,,Peshitta,PESH
5,Deuteronomy,12,21,Deuteronomy 12:21,11,ܬܡܢ,,,,Peshitta,PESH
5,Deuteronomy,12,21,Deuteronomy 12:21,12,ܟܘܣ,,,,Peshitta,PESH
5,Deuteronomy,12,21,Deuteronomy 12:21,13,ܡܢ,,,,Peshitta,PESH
5,Deuteronomy,12,21,Deuteronomy 12:21,14,ܬܘܪ̈ܝܟ,,,,Peshitta,PESH
5,Deuteronomy,12,21,Deuteronomy 12:21,15,ܘܡܢ,,,,Peshitta,PESH
5,Deuteronomy,12,21,Deuteronomy 12:21,16,ܥܢܟ,,,,Peshitta,PESH
5,Deuteronomy,12,21,Deuteronomy 12:21,17,ܕܝ̇ܗܒ,,,,Peshitta,PESH
5,Deuteronomy,12,21,Deuteronomy 12:21,18,ܠܟ,,,,Peshitta,PESH
5,Deuteronomy,12,21,Deuteronomy 12:21,19,ܡܪܝܐ,,,,Peshitta,PESH
5,Deuteronomy,12,21,Deuteronomy 12:21,20,ܐܠܗܟ,,,,Peshitta,PESH
5,Deuteronomy,12,21,Deuteronomy 12:21,21,ܐܝܟ,,,,Peshitta,PESH
5,Deuteronomy,12,21,Deuteronomy 12:21,22,ܕܦܩܕܟ,,,,Peshitta,PESH
5,Deuteronomy,12,21,Deuteronomy 12:21,23,ܘܐܟܘܠ,,,,Peshitta,PESH
5,Deuteronomy,12,21,Deuteronomy 12:21,24,ܒܩܘܪ̈ܝܟ,,,,Peshitta,PESH
5,Deuteronomy,12,21,Deuteronomy 12:21,25,ܒܟܘܠܗܝܢ,,,,Peshitta,PESH
5,Deuteronomy,12,21,Deuteronomy 12:21,26,ܐܪ̈ܓܝܓܬܐ,,,,Peshitta,PESH
5,Deuteronomy,12,21,Deuteronomy 12:21,27,ܕܢܦܫܟ,,,,Peshitta,PESH
5,Deuteronomy,12,22,Deuteronomy 12:22,1,ܒܪܡ,,,,Peshitta,PESH
5,Deuteronomy,12,22,Deuteronomy 12:22,2,ܕܝܢ,,,,Peshitta,PESH
5,Deuteronomy,12,22,Deuteronomy 12:22,3,ܐܝܟ,,,,Peshitta,PESH
5,Deuteronomy,12,22,Deuteronomy 12:22,4,ܕܡܬܐܟܠ,,,,Peshitta,PESH
5,Deuteronomy,12,22,Deuteronomy 12:22,5,ܛܒܝܐ,,,,Peshitta,PESH
5,Deuteronomy,12,22,Deuteronomy 12:22,6,ܘܐܝܠܐ,,,,Peshitta,PESH
5,Deuteronomy,12,22,Deuteronomy 12:22,7,ܗܟܢܐ,,,,Peshitta,PESH
5,Deuteronomy,12,22,Deuteronomy 12:22,8,ܬܐܟܠܝܘܗܝ,,,,Peshitta,PESH
5,Deuteronomy,12,22,Deuteronomy 12:22,9,ܕܛܡܐ,,,,Peshitta,PESH
5,Deuteronomy,12,22,Deuteronomy 12:22,10,ܘܕܕܟܐ,,,,Peshitta,PESH
5,Deuteronomy,12,22,Deuteronomy 12:22,11,ܐܝܟ,,,,Peshitta,PESH
5,Deuteronomy,12,22,Deuteronomy 12:22,12,ܚܕܐ,,,,Peshitta,PESH
5,Deuteronomy,12,22,Deuteronomy 12:22,13,ܬܐܟܠܘܢܗ,,,,Peshitta,PESH
5,Deuteronomy,12,23,Deuteronomy 12:23,1,ܒܠܚܘܕ,,,,Peshitta,PESH
5,Deuteronomy,12,23,Deuteronomy 12:23,2,ܐܬܚܝܠ,,,,Peshitta,PESH
5,Deuteronomy,12,23,Deuteronomy 12:23,3,ܕܠܐ,,,,Peshitta,PESH
5,Deuteronomy,12,23,Deuteronomy 12:23,4,ܬܐܟܘܠ,,,,Peshitta,PESH
5,Deuteronomy,12,23,Deuteronomy 12:23,5,ܕܡܐ,,,,Peshitta,PESH
5,Deuteronomy,12,23,Deuteronomy 12:23,6,ܡܛܠ,,,,Peshitta,PESH
5,Deuteronomy,12,23,Deuteronomy 12:23,7,ܕܕܡܐ,,,,Peshitta,PESH
5,Deuteronomy,12,23,Deuteronomy 12:23,8,ܢܦܫܐ,,,,Peshitta,PESH
5,Deuteronomy,12,23,Deuteronomy 12:23,9,ܗܘ,,,,Peshitta,PESH
5,Deuteronomy,12,23,Deuteronomy 12:23,10,ܠܐ,,,,Peshitta,PESH
5,Deuteronomy,12,23,Deuteronomy 12:23,11,ܬܐܟܘܠ,,,,Peshitta,PESH
5,Deuteronomy,12,23,Deuteronomy 12:23,12,ܢܦܫܐ,,,,Peshitta,PESH
5,Deuteronomy,12,23,Deuteronomy 12:23,13,ܥܡ,,,,Peshitta,PESH
5,Deuteronomy,12,23,Deuteronomy 12:23,14,ܒܣܪܐ,,,,Peshitta,PESH
5,Deuteronomy,12,24,Deuteronomy 12:24,1,ܠܐ,,,,Peshitta,PESH
5,Deuteronomy,12,24,Deuteronomy 12:24,2,ܬܐܟܠܝܘܗܝ,,,,Peshitta,PESH
5,Deuteronomy,12,24,Deuteronomy 12:24,3,ܐܠܐ,,,,Peshitta,PESH
5,Deuteronomy,12,24,Deuteronomy 12:24,4,ܐܫܘܕܝܗܝ,,,,Peshitta,PESH
5,Deuteronomy,12,24,Deuteronomy 12:24,5,ܥܠ,,,,Peshitta,PESH
5,Deuteronomy,12,24,Deuteronomy 12:24,6,ܐܪܥܐ,,,,Peshitta,PESH
5,Deuteronomy,12,24,Deuteronomy 12:24,7,ܐܝܟ,,,,Peshitta,PESH
5,Deuteronomy,12,24,Deuteronomy 12:24,8,ܡ̈ܝܐ,,,,Peshitta,PESH
5,Deuteronomy,12,25,Deuteronomy 12:25,1,ܠܐ,,,,Peshitta,PESH
5,Deuteronomy,12,25,Deuteronomy 12:25,2,ܬܐܟܠܝܘܗܝ,,,,Peshitta,PESH
5,Deuteronomy,12,25,Deuteronomy 12:25,3,ܕܢܛܐܒ,,,,Peshitta,PESH
5,Deuteronomy,12,25,Deuteronomy 12:25,4,ܠܟ,,,,Peshitta,PESH
5,Deuteronomy,12,25,Deuteronomy 12:25,5,ܘܠܒܢ̈ܝܟ,,,,Peshitta,PESH
5,Deuteronomy,12,25,Deuteronomy 12:25,6,ܡܢ,,,,Peshitta,PESH
5,Deuteronomy,12,25,Deuteronomy 12:25,7,ܒܬܪܟ,,,,Peshitta,PESH
5,Deuteronomy,12,25,Deuteronomy 12:25,8,ܟܕ,,,,Peshitta,PESH
5,Deuteronomy,12,25,Deuteronomy 12:25,9,ܬܥܒܕ,,,,Peshitta,PESH
5,Deuteronomy,12,25,Deuteronomy 12:25,10,ܕܫܦܝܪ,,,,Peshitta,PESH
5,Deuteronomy,12,25,Deuteronomy 12:25,11,ܩܕܡ,,,,Peshitta,PESH
5,Deuteronomy,12,25,Deuteronomy 12:25,12,ܡܪܝܐ,,,,Peshitta,PESH
5,Deuteronomy,12,25,Deuteronomy 12:25,13,ܐܠܗܟ,,,,Peshitta,PESH
5,Deuteronomy,12,26,Deuteronomy 12:26,1,ܒܠܚܘܕ,,,,Peshitta,PESH
5,Deuteronomy,12,26,Deuteronomy 12:26,2,ܩܘܕܫ̈ܝܟ,,,,Peshitta,PESH
5,Deuteronomy,12,26,Deuteronomy 12:26,3,ܕܢܗܘܘܢ,,,,Peshitta,PESH
5,Deuteronomy,12,26,Deuteronomy 12:26,4,ܠܟ,,,,Peshitta,PESH
5,Deuteronomy,12,26,Deuteronomy 12:26,5,ܘܢܕܪ̈ܝܟ,,,,Peshitta,PESH
5,Deuteronomy,12,26,Deuteronomy 12:26,6,ܫܩܘܠ,,,,Peshitta,PESH
5,Deuteronomy,12,26,Deuteronomy 12:26,7,ܘܬܐ,,,,Peshitta,PESH
5,Deuteronomy,12,26,Deuteronomy 12:26,8,ܠܐܬܪܐ,,,,Peshitta,PESH
5,Deuteronomy,12,26,Deuteronomy 12:26,9,ܕܓ̇ܒܐ,,,,Peshitta,PESH
5,Deuteronomy,12,26,Deuteronomy 12:26,10,ܡܪܝܐ,,,,Peshitta,PESH
5,Deuteronomy,12,27,Deuteronomy 12:27,1,ܘܥܒܕ,,,,Peshitta,PESH
5,Deuteronomy,12,27,Deuteronomy 12:27,2,ܝܩܕܟ,,,,Peshitta,PESH
5,Deuteronomy,12,27,Deuteronomy 12:27,3,ܫܠܡܐ,,,,Peshitta,PESH
5,Deuteronomy,12,27,Deuteronomy 12:27,4,ܒܣܪܐ,,,,Peshitta,PESH
5,Deuteronomy,12,27,Deuteronomy 12:27,5,ܘܕܡܐ,,,,Peshitta,PESH
5,Deuteronomy,12,27,Deuteronomy 12:27,6,ܥܠ,,,,Peshitta,PESH
5,Deuteronomy,12,27,Deuteronomy 12:27,7,ܡܕܒܚܗ,,,,Peshitta,PESH
5,Deuteronomy,12,27,Deuteronomy 12:27,8,ܕܡܪܝܐ,,,,Peshitta,PESH
5,Deuteronomy,12,27,Deuteronomy 12:27,9,ܐܠܗܟ,,,,Peshitta,PESH
5,Deuteronomy,12,27,Deuteronomy 12:27,10,ܘܕܡܐ,,,,Peshitta,PESH
5,Deuteronomy,12,27,Deuteronomy 12:27,11,ܕܕܒܚܝ̈ܟ,,,,Peshitta,PESH
5,Deuteronomy,12,27,Deuteronomy 12:27,12,ܢܬܐܫܕ,,,,Peshitta,PESH
5,Deuteronomy,12,27,Deuteronomy 12:27,13,ܥܠ,,,,Peshitta,PESH
5,Deuteronomy,12,27,Deuteronomy 12:27,14,ܡܕܒܚܗ,,,,Peshitta,PESH
5,Deuteronomy,12,27,Deuteronomy 12:27,15,ܕܡܪܝܐ,,,,Peshitta,PESH
5,Deuteronomy,12,27,Deuteronomy 12:27,16,ܐܠܗܟ,,,,Peshitta,PESH
5,Deuteronomy,12,27,Deuteronomy 12:27,17,ܘܒܣܪܐ,,,,Peshitta,PESH
5,Deuteronomy,12,27,Deuteronomy 12:27,18,ܐܟܘܠ,,,,Peshitta,PESH
5,Deuteronomy,12,28,Deuteronomy 12:28,1,ܛܪ,,,,Peshitta,PESH
5,Deuteronomy,12,28,Deuteronomy 12:28,2,ܘܫܡܥ,,,,Peshitta,PESH
5,Deuteronomy,12,28,Deuteronomy 12:28,3,ܗܠܝܢ,,,,Peshitta,PESH
5,Deuteronomy,12,28,Deuteronomy 12:28,4,ܟܠܗܘܢ,,,,Peshitta,PESH
5,Deuteronomy,12,28,Deuteronomy 12:28,5,ܦܘܩ̈ܕܢܐ,,,,Peshitta,PESH
5,Deuteronomy,12,28,Deuteronomy 12:28,6,ܕܡܦܩܕ,,,,Peshitta,PESH
5,Deuteronomy,12,28,Deuteronomy 12:28,7,ܐܢܐ,,,,Peshitta,PESH
5,Deuteronomy,12,28,Deuteronomy 12:28,8,ܠܟ,,,,Peshitta,PESH
5,Deuteronomy,12,28,Deuteronomy 12:28,9,ܝܘܡܢܐ,,,,Peshitta,PESH
5,Deuteronomy,12,28,Deuteronomy 12:28,10,ܕܢܛܐܒ,,,,Peshitta,PESH
5,Deuteronomy,12,28,Deuteronomy 12:28,11,ܠܟ,,,,Peshitta,PESH
5,Deuteronomy,12,28,Deuteronomy 12:28,12,ܘܠܒܢ̈ܝܟ,,,,Peshitta,PESH
5,Deuteronomy,12,28,Deuteronomy 12:28,13,ܡܢ,,,,Peshitta,PESH
5,Deuteronomy,12,28,Deuteronomy 12:28,14,ܒܬܪܟ,,,,Peshitta,PESH
5,Deuteronomy,12,28,Deuteronomy 12:28,15,ܠܥܠܡ,,,,Peshitta,PESH
5,Deuteronomy,12,28,Deuteronomy 12:28,16,ܟܕ,,,,Peshitta,PESH
5,Deuteronomy,12,28,Deuteronomy 12:28,17,ܬܥܒܕ,,,,Peshitta,PESH
5,Deuteronomy,12,28,Deuteronomy 12:28,18,ܕܛܒ,,,,Peshitta,PESH
5,Deuteronomy,12,28,Deuteronomy 12:28,19,ܘܕܫܦܝܪ,,,,Peshitta,PESH
5,Deuteronomy,12,28,Deuteronomy 12:28,20,ܩܕܡ,,,,Peshitta,PESH
5,Deuteronomy,12,28,Deuteronomy 12:28,21,ܡܪܝܐ,,,,Peshitta,PESH
5,Deuteronomy,12,28,Deuteronomy 12:28,22,ܐܠܗܟ,,,,Peshitta,PESH
5,Deuteronomy,12,29,Deuteronomy 12:29,1,ܘܟܕ,,,,Peshitta,PESH
5,Deuteronomy,12,29,Deuteronomy 12:29,2,ܢܘܒܕ,,,,Peshitta,PESH
5,Deuteronomy,12,29,Deuteronomy 12:29,3,ܡܪܝܐ,,,,Peshitta,PESH
5,Deuteronomy,12,29,Deuteronomy 12:29,4,ܐܠܗܟ,,,,Peshitta,PESH
5,Deuteronomy,12,29,Deuteronomy 12:29,5,ܥܡ̈ܡܐ,,,,Peshitta,PESH
5,Deuteronomy,12,29,Deuteronomy 12:29,6,ܕܐ̇ܙܠ,,,,Peshitta,PESH
5,Deuteronomy,12,29,Deuteronomy 12:29,7,ܐܢܬ,,,,Peshitta,PESH
5,Deuteronomy,12,29,Deuteronomy 12:29,8,ܠܘܬܗܘܢ,,,,Peshitta,PESH
5,Deuteronomy,12,29,Deuteronomy 12:29,9,ܘܢܘܒܕ,,,,Peshitta,PESH
5,Deuteronomy,12,29,Deuteronomy 12:29,10,ܐܢܘܢ,,,,Peshitta,PESH
5,Deuteronomy,12,29,Deuteronomy 12:29,11,ܡܢ,,,,Peshitta,PESH
5,Deuteronomy,12,29,Deuteronomy 12:29,12,ܩܕܡܝܟ,,,,Peshitta,PESH
5,Deuteronomy,12,29,Deuteronomy 12:29,13,ܘܬܐܪܬ,,,,Peshitta,PESH
5,Deuteronomy,12,29,Deuteronomy 12:29,14,ܐܢܘܢ,,,,Peshitta,PESH
5,Deuteronomy,12,29,Deuteronomy 12:29,15,ܘܬܬܒ,,,,Peshitta,PESH
5,Deuteronomy,12,29,Deuteronomy 12:29,16,ܒܐܪܥܗܘܢ,,,,Peshitta,PESH
5,Deuteronomy,12,30,Deuteronomy 12:30,1,ܐܙܕܗܪ,,,,Peshitta,PESH
5,Deuteronomy,12,30,Deuteronomy 12:30,2,ܕܠܐ,,,,Peshitta,PESH
5,Deuteronomy,12,30,Deuteronomy 12:30,3,ܬܛܥܐ,,,,Peshitta,PESH
5,Deuteronomy,12,30,Deuteronomy 12:30,4,ܒܬܪܗܘܢ,,,,Peshitta,PESH
5,Deuteronomy,12,30,Deuteronomy 12:30,5,ܡܢ,,,,Peshitta,PESH
5,Deuteronomy,12,30,Deuteronomy 12:30,6,ܒܬܪ,,,,Peshitta,PESH
5,Deuteronomy,12,30,Deuteronomy 12:30,7,ܕܡܘܒܕ,,,,Peshitta,PESH
5,Deuteronomy,12,30,Deuteronomy 12:30,8,ܠܗܘܢ,,,,Peshitta,PESH
5,Deuteronomy,12,30,Deuteronomy 12:30,9,ܡܪܝܐ,,,,Peshitta,PESH
5,Deuteronomy,12,30,Deuteronomy 12:30,10,ܡܢ,,,,Peshitta,PESH
5,Deuteronomy,12,30,Deuteronomy 12:30,11,ܩܕܡܝܟ,,,,Peshitta,PESH
5,Deuteronomy,12,30,Deuteronomy 12:30,12,ܘܠܐ,,,,Peshitta,PESH
5,Deuteronomy,12,30,Deuteronomy 12:30,13,ܬܫܐܠ,,,,Peshitta,PESH
5,Deuteronomy,12,30,Deuteronomy 12:30,14,ܥܠ,,,,Peshitta,PESH
5,Deuteronomy,12,30,Deuteronomy 12:30,15,ܐ̈ܠܗܝܗܘܢ,,,,Peshitta,PESH
5,Deuteronomy,12,30,Deuteronomy 12:30,16,ܘܬܐܡܪ,,,,Peshitta,PESH
5,Deuteronomy,12,30,Deuteronomy 12:30,17,ܐܝܟܢܐ,,,,Peshitta,PESH
5,Deuteronomy,12,30,Deuteronomy 12:30,18,ܦ̇ܠܚܝܢ,,,,Peshitta,PESH
5,Deuteronomy,12,30,Deuteronomy 12:30,19,ܗܘܘ,,,,Peshitta,PESH
5,Deuteronomy,12,30,Deuteronomy 12:30,20,ܥܡ̈ܡܐ,,,,Peshitta,PESH
5,Deuteronomy,12,30,Deuteronomy 12:30,21,ܗܠܝܢ,,,,Peshitta,PESH
5,Deuteronomy,12,30,Deuteronomy 12:30,22,ܠܐ̈ܠܗܝܗܘܢ,,,,Peshitta,PESH
5,Deuteronomy,12,30,Deuteronomy 12:30,23,ܕܐܥܒܕ,,,,Peshitta,PESH
5,Deuteronomy,12,30,Deuteronomy 12:30,24,ܐܦ,,,,Peshitta,PESH
5,Deuteronomy,12,30,Deuteronomy 12:30,25,ܐܢܐ,,,,Peshitta,PESH
5,Deuteronomy,12,30,Deuteronomy 12:30,26,ܐܟܘܬܗܘܢ,,,,Peshitta,PESH
5,Deuteronomy,12,31,Deuteronomy 12:31,1,ܐܢܬ,,,,Peshitta,PESH
5,Deuteronomy,12,31,Deuteronomy 12:31,2,ܕܝܢ,,,,Peshitta,PESH
5,Deuteronomy,12,31,Deuteronomy 12:31,3,ܠܐ,,,,Peshitta,PESH
5,Deuteronomy,12,31,Deuteronomy 12:31,4,ܬܥܒܕ,,,,Peshitta,PESH
5,Deuteronomy,12,31,Deuteronomy 12:31,5,ܗܟܢܐ,,,,Peshitta,PESH
5,Deuteronomy,12,31,Deuteronomy 12:31,6,ܠܡܪܝܐ,,,,Peshitta,PESH
5,Deuteronomy,12,31,Deuteronomy 12:31,7,ܐܠܗܟ,,,,Peshitta,PESH
5,Deuteronomy,12,31,Deuteronomy 12:31,8,ܡܛܠ,,,,Peshitta,PESH
5,Deuteronomy,12,31,Deuteronomy 12:31,9,ܕܟܠ,,,,Peshitta,PESH
5,Deuteronomy,12,31,Deuteronomy 12:31,10,ܕܐܣܠܝ,,,,Peshitta,PESH
5,Deuteronomy,12,31,Deuteronomy 12:31,11,ܘܣܢܐ,,,,Peshitta,PESH
5,Deuteronomy,12,31,Deuteronomy 12:31,12,ܡܪܝܐ,,,,Peshitta,PESH
5,Deuteronomy,12,31,Deuteronomy 12:31,13,ܥܒܕܘ,,,,Peshitta,PESH
5,Deuteronomy,12,31,Deuteronomy 12:31,14,ܠܐ̈ܠܗܝܗܘܢ,,,,Peshitta,PESH
5,Deuteronomy,12,31,Deuteronomy 12:31,15,ܐܦ,,,,Peshitta,PESH
5,Deuteronomy,12,31,Deuteronomy 12:31,16,ܒܢ̈ܝܗܘܢ,,,,Peshitta,PESH
5,Deuteronomy,12,31,Deuteronomy 12:31,17,ܘܒܢ̈ܬܗܘܢ,,,,Peshitta,PESH
5,Deuteronomy,12,31,Deuteronomy 12:31,18,ܐܘܩܕܘ,,,,Peshitta,PESH
5,Deuteronomy,12,31,Deuteronomy 12:31,19,ܒܢܘܪܐ,,,,Peshitta,PESH
5,Deuteronomy,12,31,Deuteronomy 12:31,20,ܠܐ̈ܠܗܝܗܘܢ,,,,Peshitta,PESH
5,Deuteronomy,13,1,Deuteronomy 13:1,1,ܟܠ,,,,Peshitta,PESH
5,Deuteronomy,13,1,Deuteronomy 13:1,2,ܦܬܓܡܐ,,,,Peshitta,PESH
5,Deuteronomy,13,1,Deuteronomy 13:1,3,ܕܡܦܩܕ,,,,Peshitta,PESH
5,Deuteronomy,13,1,Deuteronomy 13:1,4,ܐܢܐ,,,,Peshitta,PESH
5,Deuteronomy,13,1,Deuteronomy 13:1,5,ܠܟ,,,,Peshitta,PESH
5,Deuteronomy,13,1,Deuteronomy 13:1,6,ܠܗ,,,,Peshitta,PESH
5,Deuteronomy,13,1,Deuteronomy 13:1,7,ܛܪ,,,,Peshitta,PESH
5,Deuteronomy,13,1,Deuteronomy 13:1,8,ܘܥܒܕ,,,,Peshitta,PESH
5,Deuteronomy,13,1,Deuteronomy 13:1,9,ܠܐ,,,,Peshitta,PESH
5,Deuteronomy,13,1,Deuteronomy 13:1,10,ܬܘܣܦ,,,,Peshitta,PESH
5,Deuteronomy,13,1,Deuteronomy 13:1,11,ܥܠܘܗܝ,,,,Peshitta,PESH
5,Deuteronomy,13,1,Deuteronomy 13:1,12,ܘܠܐ,,,,Peshitta,PESH
5,Deuteronomy,13,1,Deuteronomy 13:1,13,ܬܒܨܪ,,,,Peshitta,PESH
5,Deuteronomy,13,1,Deuteronomy 13:1,14,ܡܢܗ,,,,Peshitta,PESH
5,Deuteronomy,13,2,Deuteronomy 13:2,1,ܘܟܕ,,,,Peshitta,PESH
5,Deuteronomy,13,2,Deuteronomy 13:2,2,ܢܩܘܡ,,,,Peshitta,PESH
5,Deuteronomy,13,2,Deuteronomy 13:2,3,ܒܝܢܬܟܘܢ,,,,Peshitta,PESH
5,Deuteronomy,13,2,Deuteronomy 13:2,4,ܢܒܝܐ,,,,Peshitta,PESH
5,Deuteronomy,13,2,Deuteronomy 13:2,5,ܐܘ,,,,Peshitta,PESH
5,Deuteronomy,13,2,Deuteronomy 13:2,6,ܚ̇ܠܡ,,,,Peshitta,PESH
5,Deuteronomy,13,2,Deuteronomy 13:2,7,ܚ̈ܠܡܐ,,,,Peshitta,PESH
5,Deuteronomy,13,2,Deuteronomy 13:2,8,ܘܢܬܠ,,,,Peshitta,PESH
5,Deuteronomy,13,2,Deuteronomy 13:2,9,ܠܟ,,,,Peshitta,PESH
5,Deuteronomy,13,2,Deuteronomy 13:2,10,ܐܬ̇ܐ,,,,Peshitta,PESH
5,Deuteronomy,13,2,Deuteronomy 13:2,11,ܘܬܕܡܘܪܬܐ,,,,Peshitta,PESH
5,Deuteronomy,13,3,Deuteronomy 13:3,1,ܘܬܗܘܐ,,,,Peshitta,PESH
5,Deuteronomy,13,3,Deuteronomy 13:3,2,ܐܬ̇ܐ,,,,Peshitta,PESH
5,Deuteronomy,13,3,Deuteronomy 13:3,3,ܘܬܕܡܘܪܬܐ,,,,Peshitta,PESH
5,Deuteronomy,13,3,Deuteronomy 13:3,4,ܕܐܡܪ,,,,Peshitta,PESH
5,Deuteronomy,13,3,Deuteronomy 13:3,5,ܠܟ,,,,Peshitta,PESH
5,Deuteronomy,13,3,Deuteronomy 13:3,6,ܘܢܐܡܪ,,,,Peshitta,PESH
5,Deuteronomy,13,3,Deuteronomy 13:3,7,ܠܟ,,,,Peshitta,PESH
5,Deuteronomy,13,3,Deuteronomy 13:3,8,ܬܐ,,,,Peshitta,PESH
5,Deuteronomy,13,3,Deuteronomy 13:3,9,ܢܐܙܠ,,,,Peshitta,PESH
5,Deuteronomy,13,3,Deuteronomy 13:3,10,ܒܬܪ,,,,Peshitta,PESH
5,Deuteronomy,13,3,Deuteronomy 13:3,11,ܐ̈ܠܗܐ,,,,Peshitta,PESH
5,Deuteronomy,13,3,Deuteronomy 13:3,12,ܐܚܪ̈ܢܐ,,,,Peshitta,PESH
5,Deuteronomy,13,3,Deuteronomy 13:3,13,ܕܠܐ,,,,Peshitta,PESH
5,Deuteronomy,13,3,Deuteronomy 13:3,14,ܝ̇ܕܥ,,,,Peshitta,PESH
5,Deuteronomy,13,3,Deuteronomy 13:3,15,ܐܢܬ,,,,Peshitta,PESH
5,Deuteronomy,13,3,Deuteronomy 13:3,16,ܠܗܘܢ,,,,Peshitta,PESH
5,Deuteronomy,13,3,Deuteronomy 13:3,17,ܘܢܦܠܘܚ,,,,Peshitta,PESH
5,Deuteronomy,13,3,Deuteronomy 13:3,18,ܐܢܘܢ,,,,Peshitta,PESH
5,Deuteronomy,13,4,Deuteronomy 13:4,1,ܠܐ,,,,Peshitta,PESH
5,Deuteronomy,13,4,Deuteronomy 13:4,2,ܬܫܡܥ,,,,Peshitta,PESH
5,Deuteronomy,13,4,Deuteronomy 13:4,3,ܠܦ̈ܬܓܡܘܗܝ,,,,Peshitta,PESH
5,Deuteronomy,13,4,Deuteronomy 13:4,4,ܕܢܒܝܐ,,,,Peshitta,PESH
5,Deuteronomy,13,4,Deuteronomy 13:4,5,ܗ̇ܘ,,,,Peshitta,PESH
5,Deuteronomy,13,4,Deuteronomy 13:4,6,ܐܘ,,,,Peshitta,PESH
5,Deuteronomy,13,4,Deuteronomy 13:4,7,ܕܚ̇ܠܡ,,,,Peshitta,PESH
5,Deuteronomy,13,4,Deuteronomy 13:4,8,ܚ̈ܠܡܐ,,,,Peshitta,PESH
5,Deuteronomy,13,4,Deuteronomy 13:4,9,ܗ̇ܘ,,,,Peshitta,PESH
5,Deuteronomy,13,4,Deuteronomy 13:4,10,ܡܛܠ,,,,Peshitta,PESH
5,Deuteronomy,13,4,Deuteronomy 13:4,11,ܕܡܢܣܝܘ,,,,Peshitta,PESH
5,Deuteronomy,13,4,Deuteronomy 13:4,12,ܡܢܣܐ,,,,Peshitta,PESH
5,Deuteronomy,13,4,Deuteronomy 13:4,13,ܠܟܘܢ,,,,Peshitta,PESH
5,Deuteronomy,13,4,Deuteronomy 13:4,14,ܡܪܝܐ,,,,Peshitta,PESH
5,Deuteronomy,13,4,Deuteronomy 13:4,15,ܐܠܗܟܘܢ,,,,Peshitta,PESH
5,Deuteronomy,13,4,Deuteronomy 13:4,16,ܕܢܕܥ,,,,Peshitta,PESH
5,Deuteronomy,13,4,Deuteronomy 13:4,17,ܐܢ,,,,Peshitta,PESH
5,Deuteronomy,13,4,Deuteronomy 13:4,18,ܪܚ̇ܡܝܢ,,,,Peshitta,PESH
5,Deuteronomy,13,4,Deuteronomy 13:4,19,ܐܢܬܘܢ,,,,Peshitta,PESH
5,Deuteronomy,13,4,Deuteronomy 13:4,20,ܠܗ,,,,Peshitta,PESH
5,Deuteronomy,13,4,Deuteronomy 13:4,21,ܠܡܪܝܐ,,,,Peshitta,PESH
5,Deuteronomy,13,4,Deuteronomy 13:4,22,ܐܠܗܟܘܢ,,,,Peshitta,PESH
5,Deuteronomy,13,4,Deuteronomy 13:4,23,ܡܢ,,,,Peshitta,PESH
5,Deuteronomy,13,4,Deuteronomy 13:4,24,ܟܘܠܗ,,,,Peshitta,PESH
5,Deuteronomy,13,4,Deuteronomy 13:4,25,ܠܒܟܘܢ,,,,Peshitta,PESH
5,Deuteronomy,13,4,Deuteronomy 13:4,26,ܘܡܢ,,,,Peshitta,PESH
5,Deuteronomy,13,4,Deuteronomy 13:4,27,ܟܘܠܗ̇,,,,Peshitta,PESH
5,Deuteronomy,13,4,Deuteronomy 13:4,28,ܢܦܫܟܘܢ,,,,Peshitta,PESH
5,Deuteronomy,13,5,Deuteronomy 13:5,1,ܒܬܪ,,,,Peshitta,PESH
5,Deuteronomy,13,5,Deuteronomy 13:5,2,ܡܪܝܐ,,,,Peshitta,PESH
5,Deuteronomy,13,5,Deuteronomy 13:5,3,ܐܠܗܟܘܢ,,,,Peshitta,PESH
5,Deuteronomy,13,5,Deuteronomy 13:5,4,ܙܠܘ,,,,Peshitta,PESH
5,Deuteronomy,13,5,Deuteronomy 13:5,5,ܘܠܗ,,,,Peshitta,PESH
5,Deuteronomy,13,5,Deuteronomy 13:5,6,ܕܚܠܘ,,,,Peshitta,PESH
5,Deuteronomy,13,5,Deuteronomy 13:5,7,ܘܦܘܩ̈ܕܢܘܗܝ,,,,Peshitta,PESH
5,Deuteronomy,13,5,Deuteronomy 13:5,8,ܛܪܘ,,,,Peshitta,PESH
5,Deuteronomy,13,5,Deuteronomy 13:5,9,ܘܠܗ,,,,Peshitta,PESH
5,Deuteronomy,13,5,Deuteronomy 13:5,10,ܫܡܥܘ,,,,Peshitta,PESH
5,Deuteronomy,13,5,Deuteronomy 13:5,11,ܘܠܗ,,,,Peshitta,PESH
5,Deuteronomy,13,5,Deuteronomy 13:5,12,ܦܠܘܚܘ,,,,Peshitta,PESH
5,Deuteronomy,13,5,Deuteronomy 13:5,13,ܘܠܗ,,,,Peshitta,PESH
5,Deuteronomy,13,5,Deuteronomy 13:5,14,ܐܬܢܩܦܘ,,,,Peshitta,PESH
5,Deuteronomy,13,6,Deuteronomy 13:6,1,ܘܢܒܝܐ,,,,Peshitta,PESH
5,Deuteronomy,13,6,Deuteronomy 13:6,2,ܗ̇ܘ,,,,Peshitta,PESH
5,Deuteronomy,13,6,Deuteronomy 13:6,3,ܐܘ,,,,Peshitta,PESH
5,Deuteronomy,13,6,Deuteronomy 13:6,4,ܚ̇ܠܡ,,,,Peshitta,PESH
5,Deuteronomy,13,6,Deuteronomy 13:6,5,ܚ̈ܠܡܐ,,,,Peshitta,PESH
5,Deuteronomy,13,6,Deuteronomy 13:6,6,ܗ̇ܘ,,,,Peshitta,PESH
5,Deuteronomy,13,6,Deuteronomy 13:6,7,ܢܬܩܛܠ,,,,Peshitta,PESH
5,Deuteronomy,13,6,Deuteronomy 13:6,8,ܥܠ,,,,Peshitta,PESH
5,Deuteronomy,13,6,Deuteronomy 13:6,9,ܕܡܠܠ,,,,Peshitta,PESH
5,Deuteronomy,13,6,Deuteronomy 13:6,10,ܥܘܠܐ,,,,Peshitta,PESH
5,Deuteronomy,13,6,Deuteronomy 13:6,11,ܩܕܡ,,,,Peshitta,PESH
5,Deuteronomy,13,6,Deuteronomy 13:6,12,ܡܪܝܐ,,,,Peshitta,PESH
5,Deuteronomy,13,6,Deuteronomy 13:6,13,ܐܠܗܟܘܢ,,,,Peshitta,PESH
5,Deuteronomy,13,6,Deuteronomy 13:6,14,ܕܐܦܩܟܘܢ,,,,Peshitta,PESH
5,Deuteronomy,13,6,Deuteronomy 13:6,15,ܡܢ,,,,Peshitta,PESH
5,Deuteronomy,13,6,Deuteronomy 13:6,16,ܐܪܥܐ,,,,Peshitta,PESH
5,Deuteronomy,13,6,Deuteronomy 13:6,17,ܕܡܨܪܝܢ,,,,Peshitta,PESH
5,Deuteronomy,13,6,Deuteronomy 13:6,18,ܘܦܪܩܟܘܢ,,,,Peshitta,PESH
5,Deuteronomy,13,6,Deuteronomy 13:6,19,ܡܢ,,,,Peshitta,PESH
5,Deuteronomy,13,6,Deuteronomy 13:6,20,ܒܝܬ,,,,Peshitta,PESH
5,Deuteronomy,13,6,Deuteronomy 13:6,21,ܥܒܕܘܬܐ,,,,Peshitta,PESH
5,Deuteronomy,13,6,Deuteronomy 13:6,22,ܕܢܛܥܝܟ,,,,Peshitta,PESH
5,Deuteronomy,13,6,Deuteronomy 13:6,23,ܡܢ,,,,Peshitta,PESH
5,Deuteronomy,13,6,Deuteronomy 13:6,24,ܐܘܪܚܐ,,,,Peshitta,PESH
5,Deuteronomy,13,6,Deuteronomy 13:6,25,ܕܦܩܕܟ,,,,Peshitta,PESH
5,Deuteronomy,13,6,Deuteronomy 13:6,26,ܡܪܝܐ,,,,Peshitta,PESH
5,Deuteronomy,13,6,Deuteronomy 13:6,27,ܐܠܗܟ,,,,Peshitta,PESH
5,Deuteronomy,13,6,Deuteronomy 13:6,28,ܠܡܐܙܠ,,,,Peshitta,PESH
5,Deuteronomy,13,6,Deuteronomy 13:6,29,ܒܗ̇,,,,Peshitta,PESH
5,Deuteronomy,13,6,Deuteronomy 13:6,30,ܘܒ̇ܥܪ,,,,Peshitta,PESH
5,Deuteronomy,13,6,Deuteronomy 13:6,31,ܒܝܫܬܐ,,,,Peshitta,PESH
5,Deuteronomy,13,6,Deuteronomy 13:6,32,ܡܢ,,,,Peshitta,PESH
5,Deuteronomy,13,6,Deuteronomy 13:6,33,ܓܘܟ,,,,Peshitta,PESH
5,Deuteronomy,13,7,Deuteronomy 13:7,1,ܘܐܢ,,,,Peshitta,PESH
5,Deuteronomy,13,7,Deuteronomy 13:7,2,ܢܓܪܓܟ,,,,Peshitta,PESH
5,Deuteronomy,13,7,Deuteronomy 13:7,3,ܐܚܘܟ,,,,Peshitta,PESH
5,Deuteronomy,13,7,Deuteronomy 13:7,4,ܒܪ,,,,Peshitta,PESH
5,Deuteronomy,13,7,Deuteronomy 13:7,5,ܐܡܟ,,,,Peshitta,PESH
5,Deuteronomy,13,7,Deuteronomy 13:7,6,ܐܘ,,,,Peshitta,PESH
5,Deuteronomy,13,7,Deuteronomy 13:7,7,ܒܪܟ,,,,Peshitta,PESH
5,Deuteronomy,13,7,Deuteronomy 13:7,8,ܐܘ,,,,Peshitta,PESH
5,Deuteronomy,13,7,Deuteronomy 13:7,9,ܒܪܬܟ,,,,Peshitta,PESH
5,Deuteronomy,13,7,Deuteronomy 13:7,10,ܐܘ,,,,Peshitta,PESH
5,Deuteronomy,13,7,Deuteronomy 13:7,11,ܐܢܬܬ,,,,Peshitta,PESH
5,Deuteronomy,13,7,Deuteronomy 13:7,12,ܩܝܡܟ,,,,Peshitta,PESH
5,Deuteronomy,13,7,Deuteronomy 13:7,13,ܐܘ,,,,Peshitta,PESH
5,Deuteronomy,13,7,Deuteronomy 13:7,14,ܪܚܡܟ,,,,Peshitta,PESH
5,Deuteronomy,13,7,Deuteronomy 13:7,15,ܕܐܝܟ,,,,Peshitta,PESH
5,Deuteronomy,13,7,Deuteronomy 13:7,16,ܢܦܫܟ,,,,Peshitta,PESH
5,Deuteronomy,13,7,Deuteronomy 13:7,17,ܒܣܬܪܐ,,,,Peshitta,PESH
5,Deuteronomy,13,7,Deuteronomy 13:7,18,ܘܢܐܡܪ,,,,Peshitta,PESH
5,Deuteronomy,13,7,Deuteronomy 13:7,19,ܠܟ,,,,Peshitta,PESH
5,Deuteronomy,13,7,Deuteronomy 13:7,20,ܬܐ,,,,Peshitta,PESH
5,Deuteronomy,13,7,Deuteronomy 13:7,21,ܢܐܙܠ,,,,Peshitta,PESH
5,Deuteronomy,13,7,Deuteronomy 13:7,22,ܢܦܠܘܚ,,,,Peshitta,PESH
5,Deuteronomy,13,7,Deuteronomy 13:7,23,ܠܐ̈ܠܗܐ,,,,Peshitta,PESH
5,Deuteronomy,13,7,Deuteronomy 13:7,24,ܐܚܪ̈ܢܐ,,,,Peshitta,PESH
5,Deuteronomy,13,7,Deuteronomy 13:7,25,ܕܠܐ,,,,Peshitta,PESH
5,Deuteronomy,13,7,Deuteronomy 13:7,26,ܝܕܥܬ,,,,Peshitta,PESH
5,Deuteronomy,13,7,Deuteronomy 13:7,27,ܐܢܬ,,,,Peshitta,PESH
5,Deuteronomy,13,7,Deuteronomy 13:7,28,ܘܐ̈ܒܗܝܟ,,,,Peshitta,PESH
5,Deuteronomy,13,8,Deuteronomy 13:8,1,ܡܢ,,,,Peshitta,PESH
5,Deuteronomy,13,8,Deuteronomy 13:8,2,ܐ̈ܠܗܐ,,,,Peshitta,PESH
5,Deuteronomy,13,8,Deuteronomy 13:8,3,ܕܥܡ̈ܡܐ,,,,Peshitta,PESH
5,Deuteronomy,13,8,Deuteronomy 13:8,4,ܕܒܚܕܪ̈ܝܟܘܢ,,,,Peshitta,PESH
5,Deuteronomy,13,8,Deuteronomy 13:8,5,ܕܩܪܝܒܝܢ,,,,Peshitta,PESH
5,Deuteronomy,13,8,Deuteronomy 13:8,6,ܠܟܘܢ,,,,Peshitta,PESH
5,Deuteronomy,13,8,Deuteronomy 13:8,7,ܐܘ,,,,Peshitta,PESH
5,Deuteronomy,13,8,Deuteronomy 13:8,8,ܕܪܚܝܩܝܢ,,,,Peshitta,PESH
5,Deuteronomy,13,8,Deuteronomy 13:8,9,ܡܢܟܘܢ,,,,Peshitta,PESH
5,Deuteronomy,13,8,Deuteronomy 13:8,10,ܡܢ,,,,Peshitta,PESH
5,Deuteronomy,13,8,Deuteronomy 13:8,11,ܣ̈ܘܦܝܗ̇,,,,Peshitta,PESH
5,Deuteronomy,13,8,Deuteronomy 13:8,12,ܕܐܪܥܐ,,,,Peshitta,PESH
5,Deuteronomy,13,8,Deuteronomy 13:8,13,ܘܥܕܡܐ,,,,Peshitta,PESH
5,Deuteronomy,13,8,Deuteronomy 13:8,14,ܠܣ̈ܘܦܝܗ̇,,,,Peshitta,PESH
5,Deuteronomy,13,8,Deuteronomy 13:8,15,ܕܐܪܥܐ,,,,Peshitta,PESH
5,Deuteronomy,13,9,Deuteronomy 13:9,1,ܠܐ,,,,Peshitta,PESH
5,Deuteronomy,13,9,Deuteronomy 13:9,2,ܬܬܛܦܝܣ,,,,Peshitta,PESH
5,Deuteronomy,13,9,Deuteronomy 13:9,3,ܡܢܗ,,,,Peshitta,PESH
5,Deuteronomy,13,9,Deuteronomy 13:9,4,ܘܠܐ,,,,Peshitta,PESH
5,Deuteronomy,13,9,Deuteronomy 13:9,5,ܬܫܡܥܝܘܗܝ,,,,Peshitta,PESH
5,Deuteronomy,13,9,Deuteronomy 13:9,6,ܘܠܐ,,,,Peshitta,PESH
5,Deuteronomy,13,9,Deuteronomy 13:9,7,ܬܚܘܣ,,,,Peshitta,PESH
5,Deuteronomy,13,9,Deuteronomy 13:9,8,ܥܝܢܟ,,,,Peshitta,PESH
5,Deuteronomy,13,9,Deuteronomy 13:9,9,ܥܠܘܗܝ,,,,Peshitta,PESH
5,Deuteronomy,13,9,Deuteronomy 13:9,10,ܘܠܐ,,,,Peshitta,PESH
5,Deuteronomy,13,9,Deuteronomy 13:9,11,ܬܪܚܡ,,,,Peshitta,PESH
5,Deuteronomy,13,9,Deuteronomy 13:9,12,ܘܠܐ,,,,Peshitta,PESH
5,Deuteronomy,13,9,Deuteronomy 13:9,13,ܬܟܣܐ,,,,Peshitta,PESH
5,Deuteronomy,13,9,Deuteronomy 13:9,14,ܥܠܘܗܝ,,,,Peshitta,PESH
5,Deuteronomy,13,10,Deuteronomy 13:10,1,ܐܠܐ,,,,Peshitta,PESH
5,Deuteronomy,13,10,Deuteronomy 13:10,2,ܡܩܛܠ,,,,Peshitta,PESH
5,Deuteronomy,13,10,Deuteronomy 13:10,3,ܩܛܘܠܝܗܝ,,,,Peshitta,PESH
5,Deuteronomy,13,10,Deuteronomy 13:10,4,ܐܝܕܟ,,,,Peshitta,PESH
5,Deuteronomy,13,10,Deuteronomy 13:10,5,ܬܫܪܐ,,,,Peshitta,PESH
5,Deuteronomy,13,10,Deuteronomy 13:10,6,ܒܗ,,,,Peshitta,PESH
5,Deuteronomy,13,10,Deuteronomy 13:10,7,ܠܘܩܕܡ,,,,Peshitta,PESH
5,Deuteronomy,13,10,Deuteronomy 13:10,8,ܠܡܩܛܠܗ,,,,Peshitta,PESH
5,Deuteronomy,13,10,Deuteronomy 13:10,9,ܘܐܝܕܐ,,,,Peshitta,PESH
5,Deuteronomy,13,10,Deuteronomy 13:10,10,ܕܟܠܗ,,,,Peshitta,PESH
5,Deuteronomy,13,10,Deuteronomy 13:10,11,ܥܡܐ,,,,Peshitta,PESH
5,Deuteronomy,13,10,Deuteronomy 13:10,12,ܒܐܚܪܝܬܐ,,,,Peshitta,PESH
5,Deuteronomy,13,11,Deuteronomy 13:11,1,ܘܪܘܓܡܘܗܝ,,,,Peshitta,PESH
5,Deuteronomy,13,11,Deuteronomy 13:11,2,ܒܟܐ̈ܦܐ,,,,Peshitta,PESH
5,Deuteronomy,13,11,Deuteronomy 13:11,3,ܘܢܡܘܬ,,,,Peshitta,PESH
5,Deuteronomy,13,11,Deuteronomy 13:11,4,ܥܠ,,,,Peshitta,PESH
5,Deuteronomy,13,11,Deuteronomy 13:11,5,ܕܒܥܐ,,,,Peshitta,PESH
5,Deuteronomy,13,11,Deuteronomy 13:11,6,ܠܡܛܥܝܘܬܟ,,,,Peshitta,PESH
5,Deuteronomy,13,11,Deuteronomy 13:11,7,ܡܢ,,,,Peshitta,PESH
5,Deuteronomy,13,11,Deuteronomy 13:11,8,ܡܪܝܐ,,,,Peshitta,PESH
5,Deuteronomy,13,11,Deuteronomy 13:11,9,ܐܠܗܟ,,,,Peshitta,PESH
5,Deuteronomy,13,11,Deuteronomy 13:11,10,ܕܐܦܩܟ,,,,Peshitta,PESH
5,Deuteronomy,13,11,Deuteronomy 13:11,11,ܡܢ,,,,Peshitta,PESH
5,Deuteronomy,13,11,Deuteronomy 13:11,12,ܐܪܥܐ,,,,Peshitta,PESH
5,Deuteronomy,13,11,Deuteronomy 13:11,13,ܕܡܨܪܝܢ,,,,Peshitta,PESH
5,Deuteronomy,13,11,Deuteronomy 13:11,14,ܡܢ,,,,Peshitta,PESH
5,Deuteronomy,13,11,Deuteronomy 13:11,15,ܒܝܬ,,,,Peshitta,PESH
5,Deuteronomy,13,11,Deuteronomy 13:11,16,ܥܒܕܘܬܐ,,,,Peshitta,PESH
5,Deuteronomy,13,12,Deuteronomy 13:12,1,ܘܟܠܗܘܢ,,,,Peshitta,PESH
5,Deuteronomy,13,12,Deuteronomy 13:12,2,ܕܒܝܬ,,,,Peshitta,PESH
5,Deuteronomy,13,12,Deuteronomy 13:12,3,ܐܝܣܪܝܠ,,,,Peshitta,PESH
5,Deuteronomy,13,12,Deuteronomy 13:12,4,ܢܫܡܥܘܢ,,,,Peshitta,PESH
5,Deuteronomy,13,12,Deuteronomy 13:12,5,ܘܢܕܚܠܘܢ,,,,Peshitta,PESH
5,Deuteronomy,13,12,Deuteronomy 13:12,6,ܘܠܐ,,,,Peshitta,PESH
5,Deuteronomy,13,12,Deuteronomy 13:12,7,ܢܘܣܦܘܢ,,,,Peshitta,PESH
5,Deuteronomy,13,12,Deuteronomy 13:12,8,ܠܡܥܒܕ,,,,Peshitta,PESH
5,Deuteronomy,13,12,Deuteronomy 13:12,9,ܐܝܟ,,,,Peshitta,PESH
5,Deuteronomy,13,12,Deuteronomy 13:12,10,ܦܬܓܡܐ,,,,Peshitta,PESH
5,Deuteronomy,13,12,Deuteronomy 13:12,11,ܗܢܐ,,,,Peshitta,PESH
5,Deuteronomy,13,12,Deuteronomy 13:12,12,ܒܝܫܐ,,,,Peshitta,PESH
5,Deuteronomy,13,12,Deuteronomy 13:12,13,ܒܝܢܬܟܘܢ,,,,Peshitta,PESH
5,Deuteronomy,13,13,Deuteronomy 13:13,1,ܘܟܕ,,,,Peshitta,PESH
5,Deuteronomy,13,13,Deuteronomy 13:13,2,ܬܫܡܥ,,,,Peshitta,PESH
5,Deuteronomy,13,13,Deuteronomy 13:13,3,ܒܚܕܐ,,,,Peshitta,PESH
5,Deuteronomy,13,13,Deuteronomy 13:13,4,ܡܢ,,,,Peshitta,PESH
5,Deuteronomy,13,13,Deuteronomy 13:13,5,ܩܘܪ̈ܝܟ,,,,Peshitta,PESH
5,Deuteronomy,13,13,Deuteronomy 13:13,6,ܕܝ̇ܗܒ,,,,Peshitta,PESH
5,Deuteronomy,13,13,Deuteronomy 13:13,7,ܠܟ,,,,Peshitta,PESH
5,Deuteronomy,13,13,Deuteronomy 13:13,8,ܡܪܝܐ,,,,Peshitta,PESH
5,Deuteronomy,13,13,Deuteronomy 13:13,9,ܐܠܗܟ,,,,Peshitta,PESH
5,Deuteronomy,13,13,Deuteronomy 13:13,10,ܠܡܬܒ,,,,Peshitta,PESH
5,Deuteronomy,13,13,Deuteronomy 13:13,11,ܒܗ̇,,,,Peshitta,PESH
5,Deuteronomy,13,13,Deuteronomy 13:13,12,ܘܢܐܡܪܘܢ,,,,Peshitta,PESH
5,Deuteronomy,13,13,Deuteronomy 13:13,13,ܠܟ,,,,Peshitta,PESH
5,Deuteronomy,13,14,Deuteronomy 13:14,1,ܢܦܩܘ,,,,Peshitta,PESH
5,Deuteronomy,13,14,Deuteronomy 13:14,2,ܓܒܪ̈ܐ,,,,Peshitta,PESH
5,Deuteronomy,13,14,Deuteronomy 13:14,3,ܒܢ̈ܝ,,,,Peshitta,PESH
5,Deuteronomy,13,14,Deuteronomy 13:14,4,ܚܛܐ,,,,Peshitta,PESH
5,Deuteronomy,13,14,Deuteronomy 13:14,5,ܡܢ,,,,Peshitta,PESH
5,Deuteronomy,13,14,Deuteronomy 13:14,6,ܓܘܟ,,,,Peshitta,PESH
5,Deuteronomy,13,14,Deuteronomy 13:14,7,ܘܐܛܥܝܘ,,,,Peshitta,PESH
5,Deuteronomy,13,14,Deuteronomy 13:14,8,ܠܐܢܫܐ,,,,Peshitta,PESH
5,Deuteronomy,13,14,Deuteronomy 13:14,9,ܕܩܪܝܬܗܘܢ,,,,Peshitta,PESH
5,Deuteronomy,13,14,Deuteronomy 13:14,10,ܘܐܡܪܘ,,,,Peshitta,PESH
5,Deuteronomy,13,14,Deuteronomy 13:14,11,ܢܐܙܠ,,,,Peshitta,PESH
5,Deuteronomy,13,14,Deuteronomy 13:14,12,ܢܦܠܘܚ,,,,Peshitta,PESH
5,Deuteronomy,13,14,Deuteronomy 13:14,13,ܠܐ̈ܠܗܐ,,,,Peshitta,PESH
5,Deuteronomy,13,14,Deuteronomy 13:14,14,ܐܚܪ̈ܢܐ,,,,Peshitta,PESH
5,Deuteronomy,13,14,Deuteronomy 13:14,15,ܕܠܐ,,,,Peshitta,PESH
5,Deuteronomy,13,14,Deuteronomy 13:14,16,ܝܕܥܬܘܢ,,,,Peshitta,PESH
5,Deuteronomy,13,15,Deuteronomy 13:15,1,ܬܒܥ,,,,Peshitta,PESH
5,Deuteronomy,13,15,Deuteronomy 13:15,2,ܘܒܨܝ,,,,Peshitta,PESH
5,Deuteronomy,13,15,Deuteronomy 13:15,3,ܘܫ̇ܐܠ,,,,Peshitta,PESH
5,Deuteronomy,13,15,Deuteronomy 13:15,4,ܫܦܝܪ,,,,Peshitta,PESH
5,Deuteronomy,13,15,Deuteronomy 13:15,5,ܐܢ,,,,Peshitta,PESH
5,Deuteronomy,13,15,Deuteronomy 13:15,6,ܫܪܝܪܐܝܬ,,,,Peshitta,PESH
5,Deuteronomy,13,15,Deuteronomy 13:15,7,ܐܝܬܘܗܝ,,,,Peshitta,PESH
5,Deuteronomy,13,15,Deuteronomy 13:15,8,ܦܬܓܡܐ,,,,Peshitta,PESH
5,Deuteronomy,13,15,Deuteronomy 13:15,9,ܘܐܬܥܒܕܬ,,,,Peshitta,PESH
5,Deuteronomy,13,15,Deuteronomy 13:15,10,ܛܢܦܘܬܐ,,,,Peshitta,PESH
5,Deuteronomy,13,15,Deuteronomy 13:15,11,ܗܕܐ,,,,Peshitta,PESH
5,Deuteronomy,13,15,Deuteronomy 13:15,12,ܒܓܘܟ,,,,Peshitta,PESH
5,Deuteronomy,13,16,Deuteronomy 13:16,1,ܚܪܘܒ,,,,Peshitta,PESH
5,Deuteronomy,13,16,Deuteronomy 13:16,2,ܠܥܡܘܪ̈ܝܗ̇,,,,Peshitta,PESH
5,Deuteronomy,13,16,Deuteronomy 13:16,3,ܕܩܪܝܬܐ,,,,Peshitta,PESH
5,Deuteronomy,13,16,Deuteronomy 13:16,4,ܗ̇ܝ,,,,Peshitta,PESH
5,Deuteronomy,13,16,Deuteronomy 13:16,5,ܒܦܘܡܐ,,,,Peshitta,PESH
5,Deuteronomy,13,16,Deuteronomy 13:16,6,ܕܣܝܦܐ,,,,Peshitta,PESH
5,Deuteronomy,13,16,Deuteronomy 13:16,7,ܚܪܘܒܝܗ̇,,,,Peshitta,PESH
5,Deuteronomy,13,16,Deuteronomy 13:16,8,ܘܠܟܠ,,,,Peshitta,PESH
5,Deuteronomy,13,16,Deuteronomy 13:16,9,ܕܐܝܬ,,,,Peshitta,PESH
5,Deuteronomy,13,16,Deuteronomy 13:16,10,ܒܗ̇,,,,Peshitta,PESH
5,Deuteronomy,13,16,Deuteronomy 13:16,11,ܘܠܒܥܝܪܗ̇,,,,Peshitta,PESH
5,Deuteronomy,13,16,Deuteronomy 13:16,12,ܒܦܘܡܐ,,,,Peshitta,PESH
5,Deuteronomy,13,16,Deuteronomy 13:16,13,ܕܚܪܒܐ,,,,Peshitta,PESH
5,Deuteronomy,13,17,Deuteronomy 13:17,1,ܘܟܠܗ̇,,,,Peshitta,PESH
5,Deuteronomy,13,17,Deuteronomy 13:17,2,ܒܙܬܗ̇,,,,Peshitta,PESH
5,Deuteronomy,13,17,Deuteronomy 13:17,3,ܟܢܫ,,,,Peshitta,PESH
5,Deuteronomy,13,17,Deuteronomy 13:17,4,ܠܓܘ,,,,Peshitta,PESH
5,Deuteronomy,13,17,Deuteronomy 13:17,5,ܫܛܚܗ̇,,,,Peshitta,PESH
5,Deuteronomy,13,17,Deuteronomy 13:17,6,ܘܐܘܩܕܝܗ̇,,,,Peshitta,PESH
5,Deuteronomy,13,17,Deuteronomy 13:17,7,ܠܩܪܝܬܐ,,,,Peshitta,PESH
5,Deuteronomy,13,17,Deuteronomy 13:17,8,ܒܢܘܪܐ,,,,Peshitta,PESH
5,Deuteronomy,13,17,Deuteronomy 13:17,9,ܘܠܟܠܗ̇,,,,Peshitta,PESH
5,Deuteronomy,13,17,Deuteronomy 13:17,10,ܒܙܬܗ̇,,,,Peshitta,PESH
5,Deuteronomy,13,17,Deuteronomy 13:17,11,ܠܓܡܪ,,,,Peshitta,PESH
5,Deuteronomy,13,17,Deuteronomy 13:17,12,ܩܕܡ,,,,Peshitta,PESH
5,Deuteronomy,13,17,Deuteronomy 13:17,13,ܡܪܝܐ,,,,Peshitta,PESH
5,Deuteronomy,13,17,Deuteronomy 13:17,14,ܐܠܗܟ,,,,Peshitta,PESH
5,Deuteronomy,13,17,Deuteronomy 13:17,15,ܘܬܗܘܐ,,,,Peshitta,PESH
5,Deuteronomy,13,17,Deuteronomy 13:17,16,ܬܠܠܐ,,,,Peshitta,PESH
5,Deuteronomy,13,17,Deuteronomy 13:17,17,ܠܥܠܡ,,,,Peshitta,PESH
5,Deuteronomy,13,17,Deuteronomy 13:17,18,ܘܬܘܒ,,,,Peshitta,PESH
5,Deuteronomy,13,17,Deuteronomy 13:17,19,ܠܐ,,,,Peshitta,PESH
5,Deuteronomy,13,17,Deuteronomy 13:17,20,ܬܬܒܢܐ,,,,Peshitta,PESH
5,Deuteronomy,13,18,Deuteronomy 13:18,1,ܘܠܐ,,,,Peshitta,PESH
5,Deuteronomy,13,18,Deuteronomy 13:18,2,ܢܕܒܩ,,,,Peshitta,PESH
5,Deuteronomy,13,18,Deuteronomy 13:18,3,ܒܐܝܕܟ,,,,Peshitta,PESH
5,Deuteronomy,13,18,Deuteronomy 13:18,4,ܡܕܡ,,,,Peshitta,PESH
5,Deuteronomy,13,18,Deuteronomy 13:18,5,ܡܢ,,,,Peshitta,PESH
5,Deuteronomy,13,18,Deuteronomy 13:18,6,ܚܪܡܐ,,,,Peshitta,PESH
5,Deuteronomy,13,18,Deuteronomy 13:18,7,ܕܢܬܦܢܐ,,,,Peshitta,PESH
5,Deuteronomy,13,18,Deuteronomy 13:18,8,ܡܪܝܐ,,,,Peshitta,PESH
5,Deuteronomy,13,18,Deuteronomy 13:18,9,ܡܢ,,,,Peshitta,PESH
5,Deuteronomy,13,18,Deuteronomy 13:18,10,ܚܡܬܐ,,,,Peshitta,PESH
5,Deuteronomy,13,18,Deuteronomy 13:18,11,ܕܪܘܓܙܗ,,,,Peshitta,PESH
5,Deuteronomy,13,18,Deuteronomy 13:18,12,ܘܢܬܠ,,,,Peshitta,PESH
5,Deuteronomy,13,18,Deuteronomy 13:18,13,ܠܟ,,,,Peshitta,PESH
5,Deuteronomy,13,18,Deuteronomy 13:18,14,ܪ̈ܚܡܐ,,,,Peshitta,PESH
5,Deuteronomy,13,18,Deuteronomy 13:18,15,ܘܢܪܚܡ,,,,Peshitta,PESH
5,Deuteronomy,13,18,Deuteronomy 13:18,16,ܥܠܝܟ,,,,Peshitta,PESH
5,Deuteronomy,13,18,Deuteronomy 13:18,17,ܘܢܪܚܡܟ,,,,Peshitta,PESH
5,Deuteronomy,13,18,Deuteronomy 13:18,18,ܘܢܣܓܝܟ,,,,Peshitta,PESH
5,Deuteronomy,13,18,Deuteronomy 13:18,19,ܐܝܟ,,,,Peshitta,PESH
5,Deuteronomy,13,18,Deuteronomy 13:18,20,ܕܝܡܐ,,,,Peshitta,PESH
5,Deuteronomy,13,18,Deuteronomy 13:18,21,ܠܐ̈ܒܗܝܟ,,,,Peshitta,PESH
5,Deuteronomy,13,19,Deuteronomy 13:19,1,ܐܢ,,,,Peshitta,PESH
5,Deuteronomy,13,19,Deuteronomy 13:19,2,ܬܫܡܥ,,,,Peshitta,PESH
5,Deuteronomy,13,19,Deuteronomy 13:19,3,ܒܩܠܗ,,,,Peshitta,PESH
5,Deuteronomy,13,19,Deuteronomy 13:19,4,ܕܡܪܝܐ,,,,Peshitta,PESH
5,Deuteronomy,13,19,Deuteronomy 13:19,5,ܐܠܗܟ,,,,Peshitta,PESH
5,Deuteronomy,13,19,Deuteronomy 13:19,6,ܘܬܛܪ,,,,Peshitta,PESH
5,Deuteronomy,13,19,Deuteronomy 13:19,7,ܦܘܩ̈ܕܢܘܗܝ,,,,Peshitta,PESH
5,Deuteronomy,13,19,Deuteronomy 13:19,8,ܕܡܦܩܕ,,,,Peshitta,PESH
5,Deuteronomy,13,19,Deuteronomy 13:19,9,ܐܢܐ,,,,Peshitta,PESH
5,Deuteronomy,13,19,Deuteronomy 13:19,10,ܠܟ,,,,Peshitta,PESH
5,Deuteronomy,13,19,Deuteronomy 13:19,11,ܝܘܡܢܐ,,,,Peshitta,PESH
5,Deuteronomy,13,19,Deuteronomy 13:19,12,ܘܬܥܒܕ,,,,Peshitta,PESH
5,Deuteronomy,13,19,Deuteronomy 13:19,13,ܕܫܦܝܪ,,,,Peshitta,PESH
5,Deuteronomy,13,19,Deuteronomy 13:19,14,ܩܕܡ,,,,Peshitta,PESH
5,Deuteronomy,13,19,Deuteronomy 13:19,15,ܡܪܝܐ,,,,Peshitta,PESH
5,Deuteronomy,13,19,Deuteronomy 13:19,16,ܐܠܗܟ,,,,Peshitta,PESH
5,Deuteronomy,14,1,Deuteronomy 14:1,1,ܒܢ̈ܝܐ,,,,Peshitta,PESH
5,Deuteronomy,14,1,Deuteronomy 14:1,2,ܐܢܬܘܢ,,,,Peshitta,PESH
5,Deuteronomy,14,1,Deuteronomy 14:1,3,ܕܡܪܝܐ,,,,Peshitta,PESH
5,Deuteronomy,14,1,Deuteronomy 14:1,4,ܐܠܗܟܘܢ,,,,Peshitta,PESH
5,Deuteronomy,14,1,Deuteronomy 14:1,5,ܠܐ,,,,Peshitta,PESH
5,Deuteronomy,14,1,Deuteronomy 14:1,6,ܬܬܥܪܕܘܢ,,,,Peshitta,PESH
5,Deuteronomy,14,1,Deuteronomy 14:1,7,ܘܠܐ,,,,Peshitta,PESH
5,Deuteronomy,14,1,Deuteronomy 14:1,8,ܬܥܒܕܘܢ,,,,Peshitta,PESH
5,Deuteronomy,14,1,Deuteronomy 14:1,9,ܩܘ̈ܕܚܬܐ,,,,Peshitta,PESH
5,Deuteronomy,14,1,Deuteronomy 14:1,10,ܒܝܬ,,,,Peshitta,PESH
5,Deuteronomy,14,1,Deuteronomy 14:1,11,ܥܝ̈ܢܝܟܘܢ,,,,Peshitta,PESH
5,Deuteronomy,14,1,Deuteronomy 14:1,12,ܥܠ,,,,Peshitta,PESH
5,Deuteronomy,14,1,Deuteronomy 14:1,13,ܡܝܬܐ,,,,Peshitta,PESH
5,Deuteronomy,14,2,Deuteronomy 14:2,1,ܡܛܠ,,,,Peshitta,PESH
5,Deuteronomy,14,2,Deuteronomy 14:2,2,ܕܥܡܐ,,,,Peshitta,PESH
5,Deuteronomy,14,2,Deuteronomy 14:2,3,ܐܢܬ,,,,Peshitta,PESH
5,Deuteronomy,14,2,Deuteronomy 14:2,4,ܩܕܝܫܐ,,,,Peshitta,PESH
5,Deuteronomy,14,2,Deuteronomy 14:2,5,ܠܡܪܝܐ,,,,Peshitta,PESH
5,Deuteronomy,14,2,Deuteronomy 14:2,6,ܐܠܗܟ,,,,Peshitta,PESH
5,Deuteronomy,14,2,Deuteronomy 14:2,7,ܘܠܟ,,,,Peshitta,PESH
5,Deuteronomy,14,2,Deuteronomy 14:2,8,ܓܒܐ,,,,Peshitta,PESH
5,Deuteronomy,14,2,Deuteronomy 14:2,9,ܡܪܝܐ,,,,Peshitta,PESH
5,Deuteronomy,14,2,Deuteronomy 14:2,10,ܐܠܗܟ,,,,Peshitta,PESH
5,Deuteronomy,14,2,Deuteronomy 14:2,11,ܕܬܗܘܐ,,,,Peshitta,PESH
5,Deuteronomy,14,2,Deuteronomy 14:2,12,ܠܗ,,,,Peshitta,PESH
5,Deuteronomy,14,2,Deuteronomy 14:2,13,ܥܡܐ,,,,Peshitta,PESH
5,Deuteronomy,14,2,Deuteronomy 14:2,14,ܚܒܝܒܐ,,,,Peshitta,PESH
5,Deuteronomy,14,2,Deuteronomy 14:2,15,ܛܒ,,,,Peshitta,PESH
5,Deuteronomy,14,2,Deuteronomy 14:2,16,ܡܢ,,,,Peshitta,PESH
5,Deuteronomy,14,2,Deuteronomy 14:2,17,ܟܠܗܘܢ,,,,Peshitta,PESH
5,Deuteronomy,14,2,Deuteronomy 14:2,18,ܥܡ̈ܡܐ,,,,Peshitta,PESH
5,Deuteronomy,14,2,Deuteronomy 14:2,19,ܕܥܠ,,,,Peshitta,PESH
5,Deuteronomy,14,2,Deuteronomy 14:2,20,ܐ̈ܦܝ,,,,Peshitta,PESH
5,Deuteronomy,14,2,Deuteronomy 14:2,21,ܐܪܥܐ,,,,Peshitta,PESH
5,Deuteronomy,14,3,Deuteronomy 14:3,1,ܠܐ,,,,Peshitta,PESH
5,Deuteronomy,14,3,Deuteronomy 14:3,2,ܬܐܟܠܘܢ,,,,Peshitta,PESH
5,Deuteronomy,14,3,Deuteronomy 14:3,3,ܟܘܠ,,,,Peshitta,PESH
5,Deuteronomy,14,3,Deuteronomy 14:3,4,ܕܛܡܐ,,,,Peshitta,PESH
5,Deuteronomy,14,4,Deuteronomy 14:4,1,ܘܗܕܐ,,,,Peshitta,PESH
5,Deuteronomy,14,4,Deuteronomy 14:4,2,ܚܝܘܬܐ,,,,Peshitta,PESH
5,Deuteronomy,14,4,Deuteronomy 14:4,3,ܕܬܐܟܠܘܢ,,,,Peshitta,PESH
5,Deuteronomy,14,4,Deuteronomy 14:4,4,ܬܘܪܐ,,,,Peshitta,PESH
5,Deuteronomy,14,4,Deuteronomy 14:4,5,ܘܐܡܪܐ,,,,Peshitta,PESH
5,Deuteronomy,14,4,Deuteronomy 14:4,6,ܘܢܩܝܐ,,,,Peshitta,PESH
5,Deuteronomy,14,4,Deuteronomy 14:4,7,ܘܥܙܐ,,,,Peshitta,PESH
5,Deuteronomy,14,5,Deuteronomy 14:5,1,ܘܐܝܠܐ,,,,Peshitta,PESH
5,Deuteronomy,14,5,Deuteronomy 14:5,2,ܘܛܒܝܐ,,,,Peshitta,PESH
5,Deuteronomy,14,5,Deuteronomy 14:5,3,ܘܝܚܡܘܪܐ,,,,Peshitta,PESH
5,Deuteronomy,14,5,Deuteronomy 14:5,4,ܘܝܥܠܐ,,,,Peshitta,PESH
5,Deuteronomy,14,5,Deuteronomy 14:5,5,ܘܪܝܡܐ,,,,Peshitta,PESH
5,Deuteronomy,14,5,Deuteronomy 14:5,6,ܘܕܝܨܐ,,,,Peshitta,PESH
5,Deuteronomy,14,5,Deuteronomy 14:5,7,ܘܐܪܢܐ,,,,Peshitta,PESH
5,Deuteronomy,14,6,Deuteronomy 14:6,1,ܟܠ,,,,Peshitta,PESH
5,Deuteronomy,14,6,Deuteronomy 14:6,2,ܒܥܝܪ̈ܐ,,,,Peshitta,PESH
5,Deuteronomy,14,6,Deuteronomy 14:6,3,ܕܨܪܝܐ,,,,Peshitta,PESH
5,Deuteronomy,14,6,Deuteronomy 14:6,4,ܦܪܣܬܗ̇,,,,Peshitta,PESH
5,Deuteronomy,14,6,Deuteronomy 14:6,5,ܘܦܠܝܓܐ,,,,Peshitta,PESH
5,Deuteronomy,14,6,Deuteronomy 14:6,6,ܠܬܪ̈ܝܢ,,,,Peshitta,PESH
5,Deuteronomy,14,6,Deuteronomy 14:6,7,ܘܡܬܓܘܪܪܐ,,,,Peshitta,PESH
5,Deuteronomy,14,6,Deuteronomy 14:6,8,ܗ̇ܝ,,,,Peshitta,PESH
5,Deuteronomy,14,6,Deuteronomy 14:6,9,ܐܟܘܠܘ,,,,Peshitta,PESH
5,Deuteronomy,14,7,Deuteronomy 14:7,1,ܗܠܝܢ,,,,Peshitta,PESH
5,Deuteronomy,14,7,Deuteronomy 14:7,2,ܕܝܢ,,,,Peshitta,PESH
5,Deuteronomy,14,7,Deuteronomy 14:7,3,ܠܐ,,,,Peshitta,PESH
5,Deuteronomy,14,7,Deuteronomy 14:7,4,ܬܐܟܠܘܢ,,,,Peshitta,PESH
5,Deuteronomy,14,7,Deuteronomy 14:7,5,ܡܢ,,,,Peshitta,PESH
5,Deuteronomy,14,7,Deuteronomy 14:7,6,ܐܝܠܝܢ,,,,Peshitta,PESH
5,Deuteronomy,14,7,Deuteronomy 14:7,7,ܕܡܬܓܘܪܪܝܢ,,,,Peshitta,PESH
5,Deuteronomy,14,7,Deuteronomy 14:7,8,ܘܡܢ,,,,Peshitta,PESH
5,Deuteronomy,14,7,Deuteronomy 14:7,9,ܐܝܠܝܢ,,,,Peshitta,PESH
5,Deuteronomy,14,7,Deuteronomy 14:7,10,ܕܨܪ̈ܝܢ,,,,Peshitta,PESH
5,Deuteronomy,14,7,Deuteronomy 14:7,11,ܦܪ̈ܣܬܗܘܢ,,,,Peshitta,PESH
5,Deuteronomy,14,7,Deuteronomy 14:7,12,ܨ̈ܠܦܢ,,,,Peshitta,PESH
5,Deuteronomy,14,7,Deuteronomy 14:7,13,ܨ̈ܠܦܢ,,,,Peshitta,PESH
5,Deuteronomy,14,7,Deuteronomy 14:7,14,ܓܡܠܐ,,,,Peshitta,PESH
5,Deuteronomy,14,7,Deuteronomy 14:7,15,ܘܐܪܢܒܐ,,,,Peshitta,PESH
5,Deuteronomy,14,7,Deuteronomy 14:7,16,ܘܚܓܣܐ,,,,Peshitta,PESH
5,Deuteronomy,14,7,Deuteronomy 14:7,17,ܕܡܬܓܘܪܪܝܢ,,,,Peshitta,PESH
5,Deuteronomy,14,7,Deuteronomy 14:7,18,ܘܦܪ̈ܣܬܗܘܢ,,,,Peshitta,PESH
5,Deuteronomy,14,7,Deuteronomy 14:7,19,ܠܐ,,,,Peshitta,PESH
5,Deuteronomy,14,7,Deuteronomy 14:7,20,ܨܪ̈ܝܢ,,,,Peshitta,PESH
5,Deuteronomy,14,7,Deuteronomy 14:7,21,ܛܡܐܝܢ,,,,Peshitta,PESH
5,Deuteronomy,14,7,Deuteronomy 14:7,22,ܐܢܘܢ,,,,Peshitta,PESH
5,Deuteronomy,14,7,Deuteronomy 14:7,23,ܠܟܘܢ,,,,Peshitta,PESH
5,Deuteronomy,14,8,Deuteronomy 14:8,1,ܘܚܙܝܪܐ,,,,Peshitta,PESH
5,Deuteronomy,14,8,Deuteronomy 14:8,2,ܕܨܪܝܐ,,,,Peshitta,PESH
5,Deuteronomy,14,8,Deuteronomy 14:8,3,ܦܪܣܬܗ,,,,Peshitta,PESH
5,Deuteronomy,14,8,Deuteronomy 14:8,4,ܘܠܐ,,,,Peshitta,PESH
5,Deuteronomy,14,8,Deuteronomy 14:8,5,ܡܬܓܘܪܪ,,,,Peshitta,PESH
5,Deuteronomy,14,8,Deuteronomy 14:8,6,ܛܡܐ,,,,Peshitta,PESH
5,Deuteronomy,14,8,Deuteronomy 14:8,7,ܗܘ,,,,Peshitta,PESH
5,Deuteronomy,14,8,Deuteronomy 14:8,8,ܠܟܘܢ,,,,Peshitta,PESH
5,Deuteronomy,14,8,Deuteronomy 14:8,9,ܡܢ,,,,Peshitta,PESH
5,Deuteronomy,14,8,Deuteronomy 14:8,10,ܒܣܪܗܘܢ,,,,Peshitta,PESH
5,Deuteronomy,14,8,Deuteronomy 14:8,11,ܠܐ,,,,Peshitta,PESH
5,Deuteronomy,14,8,Deuteronomy 14:8,12,ܬܐܟܠܘܢ,,,,Peshitta,PESH
5,Deuteronomy,14,8,Deuteronomy 14:8,13,ܘܠܦܓܪ̈ܝܗܘܢ,,,,Peshitta,PESH
5,Deuteronomy,14,8,Deuteronomy 14:8,14,ܠܐ,,,,Peshitta,PESH
5,Deuteronomy,14,8,Deuteronomy 14:8,15,ܬܬܩܪܒܘܢ,,,,Peshitta,PESH
5,Deuteronomy,14,9,Deuteronomy 14:9,1,ܘܗܠܝܢ,,,,Peshitta,PESH
5,Deuteronomy,14,9,Deuteronomy 14:9,2,ܐܟܘܠܘ,,,,Peshitta,PESH
5,Deuteronomy,14,9,Deuteronomy 14:9,3,ܡܢ,,,,Peshitta,PESH
5,Deuteronomy,14,9,Deuteronomy 14:9,4,ܟܠ,,,,Peshitta,PESH
5,Deuteronomy,14,9,Deuteronomy 14:9,5,ܕܐܝܬ,,,,Peshitta,PESH
5,Deuteronomy,14,9,Deuteronomy 14:9,6,ܒܡ̈ܝܐ,,,,Peshitta,PESH
5,Deuteronomy,14,9,Deuteronomy 14:9,7,ܟܠ,,,,Peshitta,PESH
5,Deuteronomy,14,9,Deuteronomy 14:9,8,ܕܐܝܬ,,,,Peshitta,PESH
5,Deuteronomy,14,9,Deuteronomy 14:9,9,ܠܗ,,,,Peshitta,PESH
5,Deuteronomy,14,9,Deuteronomy 14:9,10,ܓܦ̈ܐ,,,,Peshitta,PESH
5,Deuteronomy,14,9,Deuteronomy 14:9,11,ܘܩ̈ܠܦܐ,,,,Peshitta,PESH
5,Deuteronomy,14,9,Deuteronomy 14:9,12,ܐܟܘܠܘ,,,,Peshitta,PESH
5,Deuteronomy,14,10,Deuteronomy 14:10,1,ܘܟܠ,,,,Peshitta,PESH
5,Deuteronomy,14,10,Deuteronomy 14:10,2,ܕܠܝܬ,,,,Peshitta,PESH
5,Deuteronomy,14,10,Deuteronomy 14:10,3,ܠܗ,,,,Peshitta,PESH
5,Deuteronomy,14,10,Deuteronomy 14:10,4,ܓܦ̈ܐ,,,,Peshitta,PESH
5,Deuteronomy,14,10,Deuteronomy 14:10,5,ܘܩ̈ܠܦܐ,,,,Peshitta,PESH
5,Deuteronomy,14,10,Deuteronomy 14:10,6,ܠܐ,,,,Peshitta,PESH
5,Deuteronomy,14,10,Deuteronomy 14:10,7,ܬܐܟܠܘܢ,,,,Peshitta,PESH
5,Deuteronomy,14,10,Deuteronomy 14:10,8,ܛܡܐ,,,,Peshitta,PESH
5,Deuteronomy,14,10,Deuteronomy 14:10,9,ܗܘ,,,,Peshitta,PESH
5,Deuteronomy,14,10,Deuteronomy 14:10,10,ܠܟܘܢ,,,,Peshitta,PESH
5,Deuteronomy,14,11,Deuteronomy 14:11,1,ܘܟܠ,,,,Peshitta,PESH
5,Deuteronomy,14,11,Deuteronomy 14:11,2,ܦܪܚܬܐ,,,,Peshitta,PESH
5,Deuteronomy,14,11,Deuteronomy 14:11,3,ܕܕܟܝܐ,,,,Peshitta,PESH
5,Deuteronomy,14,11,Deuteronomy 14:11,4,ܐܟܘܠܘ,,,,Peshitta,PESH
5,Deuteronomy,14,12,Deuteronomy 14:12,1,ܘܗܠܝܢ,,,,Peshitta,PESH
5,Deuteronomy,14,12,Deuteronomy 14:12,2,ܠܐ,,,,Peshitta,PESH
5,Deuteronomy,14,12,Deuteronomy 14:12,3,ܬܐܟܠܘܢ,,,,Peshitta,PESH
5,Deuteronomy,14,12,Deuteronomy 14:12,4,ܡܢܗܘܢ,,,,Peshitta,PESH
5,Deuteronomy,14,12,Deuteronomy 14:12,5,ܢܫܪܐ,,,,Peshitta,PESH
5,Deuteronomy,14,13,Deuteronomy 14:13,1,ܘܕܝܬܐ,,,,Peshitta,PESH
5,Deuteronomy,14,14,Deuteronomy 14:14,1,ܘܢܥܒܐ,,,,Peshitta,PESH
5,Deuteronomy,14,14,Deuteronomy 14:14,2,ܒܓܢܣ̈ܝܗܘܢ,,,,Peshitta,PESH
5,Deuteronomy,14,15,Deuteronomy 14:15,1,ܘܢܥܡܐ,,,,Peshitta,PESH
5,Deuteronomy,14,15,Deuteronomy 14:15,2,ܘܢܨܐ,,,,Peshitta,PESH
5,Deuteronomy,14,15,Deuteronomy 14:15,3,ܒܓܢܣ̈ܝܗܘܢ,,,,Peshitta,PESH
5,Deuteronomy,14,16,Deuteronomy 14:16,1,ܘܩܦܘܦܐ,,,,Peshitta,PESH
5,Deuteronomy,14,16,Deuteronomy 14:16,2,ܘܟܘܟܒܝ,,,,Peshitta,PESH
5,Deuteronomy,14,17,Deuteronomy 14:17,1,ܘܩܩܐ,,,,Peshitta,PESH
5,Deuteronomy,14,17,Deuteronomy 14:17,2,ܘܫܪܩܪܩܐ,,,,Peshitta,PESH
5,Deuteronomy,14,18,Deuteronomy 14:18,1,ܘܚܘܪܒܐ,,,,Peshitta,PESH
5,Deuteronomy,14,18,Deuteronomy 14:18,2,ܘܐܢܦܐ,,,,Peshitta,PESH
5,Deuteronomy,14,18,Deuteronomy 14:18,3,ܒܓܢܣ̈ܝܗܘܢ,,,,Peshitta,PESH
5,Deuteronomy,14,18,Deuteronomy 14:18,4,ܘܬܪܢܓܘܠ,,,,Peshitta,PESH
5,Deuteronomy,14,18,Deuteronomy 14:18,5,ܒܪܐ,,,,Peshitta,PESH
5,Deuteronomy,14,18,Deuteronomy 14:18,6,ܘܛܘܣܐ,,,,Peshitta,PESH
5,Deuteronomy,14,19,Deuteronomy 14:19,1,ܘܟܠܗ,,,,Peshitta,PESH
5,Deuteronomy,14,19,Deuteronomy 14:19,2,ܝܠܕܐ,,,,Peshitta,PESH
5,Deuteronomy,14,19,Deuteronomy 14:19,3,ܕܦܪܚܬܐ,,,,Peshitta,PESH
5,Deuteronomy,14,19,Deuteronomy 14:19,4,ܗܕܐ,,,,Peshitta,PESH
5,Deuteronomy,14,19,Deuteronomy 14:19,5,ܛܡܐ,,,,Peshitta,PESH
5,Deuteronomy,14,19,Deuteronomy 14:19,6,ܗܘ,,,,Peshitta,PESH
5,Deuteronomy,14,19,Deuteronomy 14:19,7,ܠܟܘܢ,,,,Peshitta,PESH
5,Deuteronomy,14,19,Deuteronomy 14:19,8,ܠܐ,,,,Peshitta,PESH
5,Deuteronomy,14,19,Deuteronomy 14:19,9,ܢܬܐܟܠܘܢ,,,,Peshitta,PESH
5,Deuteronomy,14,20,Deuteronomy 14:20,1,ܘܟܘܠ,,,,Peshitta,PESH
5,Deuteronomy,14,20,Deuteronomy 14:20,2,ܦܪܚܬܐ,,,,Peshitta,PESH
5,Deuteronomy,14,20,Deuteronomy 14:20,3,ܕܕܟܝܐ,,,,Peshitta,PESH
5,Deuteronomy,14,20,Deuteronomy 14:20,4,ܐܟܘܠܘ,,,,Peshitta,PESH
5,Deuteronomy,14,21,Deuteronomy 14:21,1,ܘܠܐ,,,,Peshitta,PESH
5,Deuteronomy,14,21,Deuteronomy 14:21,2,ܬܐܟܠܘܢ,,,,Peshitta,PESH
5,Deuteronomy,14,21,Deuteronomy 14:21,3,ܟܠ,,,,Peshitta,PESH
5,Deuteronomy,14,21,Deuteronomy 14:21,4,ܕܛܡܐ,,,,Peshitta,PESH
5,Deuteronomy,14,21,Deuteronomy 14:21,5,ܐܠܐ,,,,Peshitta,PESH
5,Deuteronomy,14,21,Deuteronomy 14:21,6,ܠܥܡܘܪܐ,,,,Peshitta,PESH
5,Deuteronomy,14,21,Deuteronomy 14:21,7,ܕܒܩܘܪ̈ܝܟ,,,,Peshitta,PESH
5,Deuteronomy,14,21,Deuteronomy 14:21,8,ܗܒܝܗܝ,,,,Peshitta,PESH
5,Deuteronomy,14,21,Deuteronomy 14:21,9,ܢܐܟܠܝܘܗܝ,,,,Peshitta,PESH
5,Deuteronomy,14,21,Deuteronomy 14:21,10,ܐܘ,,,,Peshitta,PESH
5,Deuteronomy,14,21,Deuteronomy 14:21,11,ܙܒܢܝܗܝ,,,,Peshitta,PESH
5,Deuteronomy,14,21,Deuteronomy 14:21,12,ܠܢܘܟܪܝܐ,,,,Peshitta,PESH
5,Deuteronomy,14,21,Deuteronomy 14:21,13,ܡܛܠ,,,,Peshitta,PESH
5,Deuteronomy,14,21,Deuteronomy 14:21,14,ܕܥܡܐ,,,,Peshitta,PESH
5,Deuteronomy,14,21,Deuteronomy 14:21,15,ܐܢܬ,,,,Peshitta,PESH
5,Deuteronomy,14,21,Deuteronomy 14:21,16,ܩܕܝܫܐ,,,,Peshitta,PESH
5,Deuteronomy,14,21,Deuteronomy 14:21,17,ܠܡܪܝܐ,,,,Peshitta,PESH
5,Deuteronomy,14,21,Deuteronomy 14:21,18,ܐܠܗܟ,,,,Peshitta,PESH
5,Deuteronomy,14,21,Deuteronomy 14:21,19,ܠܐ,,,,Peshitta,PESH
5,Deuteronomy,14,21,Deuteronomy 14:21,20,ܬܒܫܠ,,,,Peshitta,PESH
5,Deuteronomy,14,21,Deuteronomy 14:21,21,ܓܕܝܐ,,,,Peshitta,PESH
5,Deuteronomy,14,21,Deuteronomy 14:21,22,ܒܚܠܒܐ,,,,Peshitta,PESH
5,Deuteronomy,14,21,Deuteronomy 14:21,23,ܕܐܡܗ,,,,Peshitta,PESH
5,Deuteronomy,14,22,Deuteronomy 14:22,1,ܡܥܣܪܘ,,,,Peshitta,PESH
5,Deuteronomy,14,22,Deuteronomy 14:22,2,ܥܣܪܘ,,,,Peshitta,PESH
5,Deuteronomy,14,22,Deuteronomy 14:22,3,ܟܠܗ̇,,,,Peshitta,PESH
5,Deuteronomy,14,22,Deuteronomy 14:22,4,ܥܠܠܬܐ,,,,Peshitta,PESH
5,Deuteronomy,14,22,Deuteronomy 14:22,5,ܕܙܪܥܟܘܢ,,,,Peshitta,PESH
5,Deuteronomy,14,22,Deuteronomy 14:22,6,ܕܡܦܩܐ,,,,Peshitta,PESH
5,Deuteronomy,14,22,Deuteronomy 14:22,7,ܚܩܠܐ,,,,Peshitta,PESH
5,Deuteronomy,14,22,Deuteronomy 14:22,8,ܫܢܐ,,,,Peshitta,PESH
5,Deuteronomy,14,22,Deuteronomy 14:22,9,ܒܫܢܐ,,,,Peshitta,PESH
5,Deuteronomy,14,23,Deuteronomy 14:23,1,ܘܐܟܘܠ,,,,Peshitta,PESH
5,Deuteronomy,14,23,Deuteronomy 14:23,2,ܩܕܡ,,,,Peshitta,PESH
5,Deuteronomy,14,23,Deuteronomy 14:23,3,ܡܪܝܐ,,,,Peshitta,PESH
5,Deuteronomy,14,23,Deuteronomy 14:23,4,ܐܠܗܟ,,,,Peshitta,PESH
5,Deuteronomy,14,23,Deuteronomy 14:23,5,ܒܐܬܪܐ,,,,Peshitta,PESH
5,Deuteronomy,14,23,Deuteronomy 14:23,6,ܕܓ̇ܒܐ,,,,Peshitta,PESH
5,Deuteronomy,14,23,Deuteronomy 14:23,7,ܠܡܫܪܝܘ,,,,Peshitta,PESH
5,Deuteronomy,14,23,Deuteronomy 14:23,8,ܫܡܗ,,,,Peshitta,PESH
5,Deuteronomy,14,23,Deuteronomy 14:23,9,ܬܡܢ,,,,Peshitta,PESH
5,Deuteronomy,14,23,Deuteronomy 14:23,10,ܡܥܣܪ̈ܐ,,,,Peshitta,PESH
5,Deuteronomy,14,23,Deuteronomy 14:23,11,ܕܥܒܘܪܟ,,,,Peshitta,PESH
5,Deuteronomy,14,23,Deuteronomy 14:23,12,ܘܕܚܡܪܟ,,,,Peshitta,PESH
5,Deuteronomy,14,23,Deuteronomy 14:23,13,ܘܕܡܫܚܟ,,,,Peshitta,PESH
5,Deuteronomy,14,23,Deuteronomy 14:23,14,ܘܒܘܟܪ̈ܐ,,,,Peshitta,PESH
5,Deuteronomy,14,23,Deuteronomy 14:23,15,ܕܬܘܪ̈ܝܟ,,,,Peshitta,PESH
5,Deuteronomy,14,23,Deuteronomy 14:23,16,ܘܕܥܢܟ,,,,Peshitta,PESH
5,Deuteronomy,14,23,Deuteronomy 14:23,17,ܘܬܐܠܦ,,,,Peshitta,PESH
5,Deuteronomy,14,23,Deuteronomy 14:23,18,ܠܡܕܚܠ,,,,Peshitta,PESH
5,Deuteronomy,14,23,Deuteronomy 14:23,19,ܩܕܡ,,,,Peshitta,PESH
5,Deuteronomy,14,23,Deuteronomy 14:23,20,ܡܪܝܐ,,,,Peshitta,PESH
5,Deuteronomy,14,23,Deuteronomy 14:23,21,ܐܠܗܟ,,,,Peshitta,PESH
5,Deuteronomy,14,23,Deuteronomy 14:23,22,ܟܠܗܘܢ,,,,Peshitta,PESH
5,Deuteronomy,14,23,Deuteronomy 14:23,23,ܝܘܡ̈ܬܐ,,,,Peshitta,PESH
5,Deuteronomy,14,24,Deuteronomy 14:24,1,ܘܐܢ,,,,Peshitta,PESH
5,Deuteronomy,14,24,Deuteronomy 14:24,2,ܣܓܝܐܐ,,,,Peshitta,PESH
5,Deuteronomy,14,24,Deuteronomy 14:24,3,ܗܝ,,,,Peshitta,PESH
5,Deuteronomy,14,24,Deuteronomy 14:24,4,ܡܢܟ,,,,Peshitta,PESH
5,Deuteronomy,14,24,Deuteronomy 14:24,5,ܐܘܪܚܐ,,,,Peshitta,PESH
5,Deuteronomy,14,24,Deuteronomy 14:24,6,ܘܠܐ,,,,Peshitta,PESH
5,Deuteronomy,14,24,Deuteronomy 14:24,7,ܡܫܟܚ,,,,Peshitta,PESH
5,Deuteronomy,14,24,Deuteronomy 14:24,8,ܐܢܬ,,,,Peshitta,PESH
5,Deuteronomy,14,24,Deuteronomy 14:24,9,ܠܡܫܩܠܗ,,,,Peshitta,PESH
5,Deuteronomy,14,24,Deuteronomy 14:24,10,ܡܛܠ,,,,Peshitta,PESH
5,Deuteronomy,14,24,Deuteronomy 14:24,11,ܕܪܚܝܩ,,,,Peshitta,PESH
5,Deuteronomy,14,24,Deuteronomy 14:24,12,ܗܘ,,,,Peshitta,PESH
5,Deuteronomy,14,24,Deuteronomy 14:24,13,ܡܢܟ,,,,Peshitta,PESH
5,Deuteronomy,14,24,Deuteronomy 14:24,14,ܐܬܪܐ,,,,Peshitta,PESH
5,Deuteronomy,14,24,Deuteronomy 14:24,15,ܕܓ̇ܒܐ,,,,Peshitta,PESH
5,Deuteronomy,14,24,Deuteronomy 14:24,16,ܡܪܝܐ,,,,Peshitta,PESH
5,Deuteronomy,14,24,Deuteronomy 14:24,17,ܐܠܗܟ,,,,Peshitta,PESH
5,Deuteronomy,14,24,Deuteronomy 14:24,18,ܠܡܫܪܝܘ,,,,Peshitta,PESH
5,Deuteronomy,14,24,Deuteronomy 14:24,19,ܫܡܗ,,,,Peshitta,PESH
5,Deuteronomy,14,24,Deuteronomy 14:24,20,ܬܡܢ,,,,Peshitta,PESH
5,Deuteronomy,14,24,Deuteronomy 14:24,21,ܡܐ,,,,Peshitta,PESH
5,Deuteronomy,14,24,Deuteronomy 14:24,22,ܕܒܪܟܟ,,,,Peshitta,PESH
5,Deuteronomy,14,24,Deuteronomy 14:24,23,ܡܪܝܐ,,,,Peshitta,PESH
5,Deuteronomy,14,24,Deuteronomy 14:24,24,ܐܠܗܟ,,,,Peshitta,PESH
5,Deuteronomy,14,25,Deuteronomy 14:25,1,ܙܒܢܝܗܝ,,,,Peshitta,PESH
5,Deuteronomy,14,25,Deuteronomy 14:25,2,ܒܟܣܦܐ,,,,Peshitta,PESH
5,Deuteronomy,14,25,Deuteronomy 14:25,3,ܘܨܘܪ,,,,Peshitta,PESH
5,Deuteronomy,14,25,Deuteronomy 14:25,4,ܟܣܦܐ,,,,Peshitta,PESH
5,Deuteronomy,14,25,Deuteronomy 14:25,5,ܒܐܝܕܟ,,,,Peshitta,PESH
5,Deuteronomy,14,25,Deuteronomy 14:25,6,ܘܙܠ,,,,Peshitta,PESH
5,Deuteronomy,14,25,Deuteronomy 14:25,7,ܠܐܬܪܐ,,,,Peshitta,PESH
5,Deuteronomy,14,25,Deuteronomy 14:25,8,ܕܓ̇ܒܐ,,,,Peshitta,PESH
5,Deuteronomy,14,25,Deuteronomy 14:25,9,ܡܪܝܐ,,,,Peshitta,PESH
5,Deuteronomy,14,25,Deuteronomy 14:25,10,ܐܠܗܟ,,,,Peshitta,PESH
5,Deuteronomy,14,26,Deuteronomy 14:26,1,ܘܙܒܢ,,,,Peshitta,PESH
5,Deuteronomy,14,26,Deuteronomy 14:26,2,ܒܟܣܦܐ,,,,Peshitta,PESH
5,Deuteronomy,14,26,Deuteronomy 14:26,3,ܟܠ,,,,Peshitta,PESH
5,Deuteronomy,14,26,Deuteronomy 14:26,4,ܕܪܓܐ,,,,Peshitta,PESH
5,Deuteronomy,14,26,Deuteronomy 14:26,5,ܢܦܫܟ,,,,Peshitta,PESH
5,Deuteronomy,14,26,Deuteronomy 14:26,6,ܡܢ,,,,Peshitta,PESH
5,Deuteronomy,14,26,Deuteronomy 14:26,7,ܬܘܪ̈ܐ,,,,Peshitta,PESH
5,Deuteronomy,14,26,Deuteronomy 14:26,8,ܘܡܢ,,,,Peshitta,PESH
5,Deuteronomy,14,26,Deuteronomy 14:26,9,ܥܢܐ,,,,Peshitta,PESH
5,Deuteronomy,14,26,Deuteronomy 14:26,10,ܘܡܢ,,,,Peshitta,PESH
5,Deuteronomy,14,26,Deuteronomy 14:26,11,ܚܡܪܐ,,,,Peshitta,PESH
5,Deuteronomy,14,26,Deuteronomy 14:26,12,ܘܡܢ,,,,Peshitta,PESH
5,Deuteronomy,14,26,Deuteronomy 14:26,13,ܫܟܪܐ,,,,Peshitta,PESH
5,Deuteronomy,14,26,Deuteronomy 14:26,14,ܘܡܢ,,,,Peshitta,PESH
5,Deuteronomy,14,26,Deuteronomy 14:26,15,ܟܠ,,,,Peshitta,PESH
5,Deuteronomy,14,26,Deuteronomy 14:26,16,ܕܫܐܠܐ,,,,Peshitta,PESH
5,Deuteronomy,14,26,Deuteronomy 14:26,17,ܠܟ,,,,Peshitta,PESH
5,Deuteronomy,14,26,Deuteronomy 14:26,18,ܢܦܫܟ,,,,Peshitta,PESH
5,Deuteronomy,14,26,Deuteronomy 14:26,19,ܘܐܟܘܠ,,,,Peshitta,PESH
5,Deuteronomy,14,26,Deuteronomy 14:26,20,ܬܡܢ,,,,Peshitta,PESH
5,Deuteronomy,14,26,Deuteronomy 14:26,21,ܩܕܡ,,,,Peshitta,PESH
5,Deuteronomy,14,26,Deuteronomy 14:26,22,ܡܪܝܐ,,,,Peshitta,PESH
5,Deuteronomy,14,26,Deuteronomy 14:26,23,ܐܠܗܟ,,,,Peshitta,PESH
5,Deuteronomy,14,26,Deuteronomy 14:26,24,ܘܚܕܝ,,,,Peshitta,PESH
5,Deuteronomy,14,26,Deuteronomy 14:26,25,ܐܢܬ,,,,Peshitta,PESH
5,Deuteronomy,14,26,Deuteronomy 14:26,26,ܘܒܝܬܟ,,,,Peshitta,PESH
5,Deuteronomy,14,27,Deuteronomy 14:27,1,ܘܠܘܝܐ,,,,Peshitta,PESH
5,Deuteronomy,14,27,Deuteronomy 14:27,2,ܕܒܩܘܪ̈ܝܟ,,,,Peshitta,PESH
5,Deuteronomy,14,27,Deuteronomy 14:27,3,ܠܐ,,,,Peshitta,PESH
5,Deuteronomy,14,27,Deuteronomy 14:27,4,ܬܫܒܩܝܘܗܝ,,,,Peshitta,PESH
5,Deuteronomy,14,27,Deuteronomy 14:27,5,ܡܛܠ,,,,Peshitta,PESH
5,Deuteronomy,14,27,Deuteronomy 14:27,6,ܕܠܝܬ,,,,Peshitta,PESH
5,Deuteronomy,14,27,Deuteronomy 14:27,7,ܠܗ,,,,Peshitta,PESH
5,Deuteronomy,14,27,Deuteronomy 14:27,8,ܦܠܓܘܬܐ,,,,Peshitta,PESH
5,Deuteronomy,14,27,Deuteronomy 14:27,9,ܘܝܪܬܘܬܐ,,,,Peshitta,PESH
5,Deuteronomy,14,27,Deuteronomy 14:27,10,ܥܡܟ,,,,Peshitta,PESH
5,Deuteronomy,14,28,Deuteronomy 14:28,1,ܘܡܢ,,,,Peshitta,PESH
5,Deuteronomy,14,28,Deuteronomy 14:28,2,ܒܬܪ,,,,Peshitta,PESH
5,Deuteronomy,14,28,Deuteronomy 14:28,3,ܬܠܬ,,,,Peshitta,PESH
5,Deuteronomy,14,28,Deuteronomy 14:28,4,ܫ̈ܢܝܢ,,,,Peshitta,PESH
5,Deuteronomy,14,28,Deuteronomy 14:28,5,ܐܦܩ,,,,Peshitta,PESH
5,Deuteronomy,14,28,Deuteronomy 14:28,6,ܟܠܗ,,,,Peshitta,PESH
5,Deuteronomy,14,28,Deuteronomy 14:28,7,ܡܥܣܪܐ,,,,Peshitta,PESH
5,Deuteronomy,14,28,Deuteronomy 14:28,8,ܕܥܠܠܬܟ,,,,Peshitta,PESH
5,Deuteronomy,14,28,Deuteronomy 14:28,9,ܒܫܢܬܐ,,,,Peshitta,PESH
5,Deuteronomy,14,28,Deuteronomy 14:28,10,ܗ̇ܝ,,,,Peshitta,PESH
5,Deuteronomy,14,28,Deuteronomy 14:28,11,ܫܒܘܩ,,,,Peshitta,PESH
5,Deuteronomy,14,28,Deuteronomy 14:28,12,ܒܩܘܪ̈ܝܟ,,,,Peshitta,PESH
5,Deuteronomy,14,29,Deuteronomy 14:29,1,ܘܢܐܬܐ,,,,Peshitta,PESH
5,Deuteronomy,14,29,Deuteronomy 14:29,2,ܠܘܝܐ,,,,Peshitta,PESH
5,Deuteronomy,14,29,Deuteronomy 14:29,3,ܕܠܝܬ,,,,Peshitta,PESH
5,Deuteronomy,14,29,Deuteronomy 14:29,4,ܠܗ,,,,Peshitta,PESH
5,Deuteronomy,14,29,Deuteronomy 14:29,5,ܦܠܓܘܬܐ,,,,Peshitta,PESH
5,Deuteronomy,14,29,Deuteronomy 14:29,6,ܘܝܪܬܘܬܐ,,,,Peshitta,PESH
5,Deuteronomy,14,29,Deuteronomy 14:29,7,ܥܡܟ,,,,Peshitta,PESH
5,Deuteronomy,14,29,Deuteronomy 14:29,8,ܘܐܝܢܐ,,,,Peshitta,PESH
5,Deuteronomy,14,29,Deuteronomy 14:29,9,ܕܡܬܦܢܐ,,,,Peshitta,PESH
5,Deuteronomy,14,29,Deuteronomy 14:29,10,ܠܘܬܝ,,,,Peshitta,PESH
5,Deuteronomy,14,29,Deuteronomy 14:29,11,ܘܝܬܡܐ,,,,Peshitta,PESH
5,Deuteronomy,14,29,Deuteronomy 14:29,12,ܘܐܪܡܠܬܐ,,,,Peshitta,PESH
5,Deuteronomy,14,29,Deuteronomy 14:29,13,ܕܒܩܘܪ̈ܝܟ,,,,Peshitta,PESH
5,Deuteronomy,14,29,Deuteronomy 14:29,14,ܘܢܐܟܠܘܢ,,,,Peshitta,PESH
5,Deuteronomy,14,29,Deuteronomy 14:29,15,ܘܢܣܒܥܘܢ,,,,Peshitta,PESH
5,Deuteronomy,14,29,Deuteronomy 14:29,16,ܘܢܒܪܟܟ,,,,Peshitta,PESH
5,Deuteronomy,14,29,Deuteronomy 14:29,17,ܡܪܝܐ,,,,Peshitta,PESH
5,Deuteronomy,14,29,Deuteronomy 14:29,18,ܐܠܗܟ,,,,Peshitta,PESH
5,Deuteronomy,14,29,Deuteronomy 14:29,19,ܒܟܠܗ,,,,Peshitta,PESH
5,Deuteronomy,14,29,Deuteronomy 14:29,20,ܥܒ̇ܕܐ,,,,Peshitta,PESH
5,Deuteronomy,14,29,Deuteronomy 14:29,21,ܕܐ̈ܝܕܝܟ,,,,Peshitta,PESH
5,Deuteronomy,14,29,Deuteronomy 14:29,22,ܕܬܥܒܕ,,,,Peshitta,PESH
5,Deuteronomy,15,1,Deuteronomy 15:1,1,ܘܒܬܪ,,,,Peshitta,PESH
5,Deuteronomy,15,1,Deuteronomy 15:1,2,ܫܒܥ,,,,Peshitta,PESH
5,Deuteronomy,15,1,Deuteronomy 15:1,3,ܫ̈ܢܝܢ,,,,Peshitta,PESH
5,Deuteronomy,15,1,Deuteronomy 15:1,4,ܥܒܕ,,,,Peshitta,PESH
5,Deuteronomy,15,1,Deuteronomy 15:1,5,ܫܘܒܩܢܐ,,,,Peshitta,PESH
5,Deuteronomy,15,2,Deuteronomy 15:2,1,ܘܗܢܘ,,,,Peshitta,PESH
5,Deuteronomy,15,2,Deuteronomy 15:2,2,ܙܕܩܗ,,,,Peshitta,PESH
5,Deuteronomy,15,2,Deuteronomy 15:2,3,ܕܫܘܒܩܢܐ,,,,Peshitta,PESH
5,Deuteronomy,15,2,Deuteronomy 15:2,4,ܢܫܒܘܩ,,,,Peshitta,PESH
5,Deuteronomy,15,2,Deuteronomy 15:2,5,ܟܠ,,,,Peshitta,PESH
5,Deuteronomy,15,2,Deuteronomy 15:2,6,ܓܒܪܐ,,,,Peshitta,PESH
5,Deuteronomy,15,2,Deuteronomy 15:2,7,ܡܪܐ,,,,Peshitta,PESH
5,Deuteronomy,15,2,Deuteronomy 15:2,8,ܚܘܒܐ,,,,Peshitta,PESH
5,Deuteronomy,15,2,Deuteronomy 15:2,9,ܕܚܝܒ,,,,Peshitta,PESH
5,Deuteronomy,15,2,Deuteronomy 15:2,10,ܠܗ,,,,Peshitta,PESH
5,Deuteronomy,15,2,Deuteronomy 15:2,11,ܚܒܪܗ,,,,Peshitta,PESH
5,Deuteronomy,15,2,Deuteronomy 15:2,12,ܠܐ,,,,Peshitta,PESH
5,Deuteronomy,15,2,Deuteronomy 15:2,13,ܢܬܒܥ,,,,Peshitta,PESH
5,Deuteronomy,15,2,Deuteronomy 15:2,14,ܡܢ,,,,Peshitta,PESH
5,Deuteronomy,15,2,Deuteronomy 15:2,15,ܚܒܪܗ,,,,Peshitta,PESH
5,Deuteronomy,15,2,Deuteronomy 15:2,16,ܘܡܢ,,,,Peshitta,PESH
5,Deuteronomy,15,2,Deuteronomy 15:2,17,ܐܚܘܗܝ,,,,Peshitta,PESH
5,Deuteronomy,15,2,Deuteronomy 15:2,18,ܡܛܠ,,,,Peshitta,PESH
5,Deuteronomy,15,2,Deuteronomy 15:2,19,ܕܐܬܩܪܝ,,,,Peshitta,PESH
5,Deuteronomy,15,2,Deuteronomy 15:2,20,ܫܘܒܩܢܐ,,,,Peshitta,PESH
5,Deuteronomy,15,2,Deuteronomy 15:2,21,ܠܡܪܝܐ,,,,Peshitta,PESH
5,Deuteronomy,15,3,Deuteronomy 15:3,1,ܘܡܢ,,,,Peshitta,PESH
5,Deuteronomy,15,3,Deuteronomy 15:3,2,ܢܘܟܪܝܐ,,,,Peshitta,PESH
5,Deuteronomy,15,3,Deuteronomy 15:3,3,ܬܒܥ,,,,Peshitta,PESH
5,Deuteronomy,15,3,Deuteronomy 15:3,4,ܘܡܕܡ,,,,Peshitta,PESH
5,Deuteronomy,15,3,Deuteronomy 15:3,5,ܕܐܝܬ,,,,Peshitta,PESH
5,Deuteronomy,15,3,Deuteronomy 15:3,6,ܠܟ,,,,Peshitta,PESH
5,Deuteronomy,15,3,Deuteronomy 15:3,7,ܠܘܬ,,,,Peshitta,PESH
5,Deuteronomy,15,3,Deuteronomy 15:3,8,ܐܚܘܟ,,,,Peshitta,PESH
5,Deuteronomy,15,3,Deuteronomy 15:3,9,ܫܒܘܩ,,,,Peshitta,PESH
5,Deuteronomy,15,4,Deuteronomy 15:4,1,ܕܠܐ,,,,Peshitta,PESH
5,Deuteronomy,15,4,Deuteronomy 15:4,2,ܢܗܘܐ,,,,Peshitta,PESH
5,Deuteronomy,15,4,Deuteronomy 15:4,3,ܒܝܢܬܟܘܢ,,,,Peshitta,PESH
5,Deuteronomy,15,4,Deuteronomy 15:4,4,ܡܣܟܢܐ,,,,Peshitta,PESH
5,Deuteronomy,15,4,Deuteronomy 15:4,5,ܡܛܠ,,,,Peshitta,PESH
5,Deuteronomy,15,4,Deuteronomy 15:4,6,ܕܡܒܪܟܘ,,,,Peshitta,PESH
5,Deuteronomy,15,4,Deuteronomy 15:4,7,ܢܒܪܟܟ,,,,Peshitta,PESH
5,Deuteronomy,15,4,Deuteronomy 15:4,8,ܡܪܝܐ,,,,Peshitta,PESH
5,Deuteronomy,15,4,Deuteronomy 15:4,9,ܐܠܗܟ,,,,Peshitta,PESH
5,Deuteronomy,15,4,Deuteronomy 15:4,10,ܒܐܪܥܐ,,,,Peshitta,PESH
5,Deuteronomy,15,4,Deuteronomy 15:4,11,ܕܝ̇ܗܒ,,,,Peshitta,PESH
5,Deuteronomy,15,4,Deuteronomy 15:4,12,ܠܟ,,,,Peshitta,PESH
5,Deuteronomy,15,4,Deuteronomy 15:4,13,ܡܪܝܐ,,,,Peshitta,PESH
5,Deuteronomy,15,4,Deuteronomy 15:4,14,ܐܠܗܟ,,,,Peshitta,PESH
5,Deuteronomy,15,4,Deuteronomy 15:4,15,ܠܡܐܪܬܗ̇,,,,Peshitta,PESH
5,Deuteronomy,15,5,Deuteronomy 15:5,1,ܘܐܢ,,,,Peshitta,PESH
5,Deuteronomy,15,5,Deuteronomy 15:5,2,ܬܫܡܥ,,,,Peshitta,PESH
5,Deuteronomy,15,5,Deuteronomy 15:5,3,ܒܩܠܗ,,,,Peshitta,PESH
5,Deuteronomy,15,5,Deuteronomy 15:5,4,ܕܡܪܝܐ,,,,Peshitta,PESH
5,Deuteronomy,15,5,Deuteronomy 15:5,5,ܐܠܗܟ,,,,Peshitta,PESH
5,Deuteronomy,15,5,Deuteronomy 15:5,6,ܘܬܛܪ,,,,Peshitta,PESH
5,Deuteronomy,15,5,Deuteronomy 15:5,7,ܘܬܥܒܕ,,,,Peshitta,PESH
5,Deuteronomy,15,5,Deuteronomy 15:5,8,ܗܢܐ,,,,Peshitta,PESH
5,Deuteronomy,15,5,Deuteronomy 15:5,9,ܟܘܠܗ,,,,Peshitta,PESH
5,Deuteronomy,15,5,Deuteronomy 15:5,10,ܦܘܩܕܢܐ,,,,Peshitta,PESH
5,Deuteronomy,15,5,Deuteronomy 15:5,11,ܕܡܦܩܕ,,,,Peshitta,PESH
5,Deuteronomy,15,5,Deuteronomy 15:5,12,ܐܢܐ,,,,Peshitta,PESH
5,Deuteronomy,15,5,Deuteronomy 15:5,13,ܠܟ,,,,Peshitta,PESH
5,Deuteronomy,15,5,Deuteronomy 15:5,14,ܝܘܡܢܐ,,,,Peshitta,PESH
5,Deuteronomy,15,6,Deuteronomy 15:6,1,ܢܒܪܟܟ,,,,Peshitta,PESH
5,Deuteronomy,15,6,Deuteronomy 15:6,2,ܡܪܝܐ,,,,Peshitta,PESH
5,Deuteronomy,15,6,Deuteronomy 15:6,3,ܐܠܗܟ,,,,Peshitta,PESH
5,Deuteronomy,15,6,Deuteronomy 15:6,4,ܐܝܟ,,,,Peshitta,PESH
5,Deuteronomy,15,6,Deuteronomy 15:6,5,ܕܐܡܪ,,,,Peshitta,PESH
5,Deuteronomy,15,6,Deuteronomy 15:6,6,ܠܟ,,,,Peshitta,PESH
5,Deuteronomy,15,6,Deuteronomy 15:6,7,ܬܘܙܦ,,,,Peshitta,PESH
5,Deuteronomy,15,6,Deuteronomy 15:6,8,ܠܥܡ̈ܡܐ,,,,Peshitta,PESH
5,Deuteronomy,15,6,Deuteronomy 15:6,9,ܣ̈ܓܝܐܐ,,,,Peshitta,PESH
5,Deuteronomy,15,6,Deuteronomy 15:6,10,ܘܐܢܬ,,,,Peshitta,PESH
5,Deuteronomy,15,6,Deuteronomy 15:6,11,ܠܐ,,,,Peshitta,PESH
5,Deuteronomy,15,6,Deuteronomy 15:6,12,ܬܐܙܦ,,,,Peshitta,PESH
5,Deuteronomy,15,6,Deuteronomy 15:6,13,ܘܬܫܬܠܛ,,,,Peshitta,PESH
5,Deuteronomy,15,6,Deuteronomy 15:6,14,ܒܥܡ̈ܡܐ,,,,Peshitta,PESH
5,Deuteronomy,15,6,Deuteronomy 15:6,15,ܣ̈ܓܝܐܐ,,,,Peshitta,PESH
5,Deuteronomy,15,6,Deuteronomy 15:6,16,ܘܒܟ,,,,Peshitta,PESH
5,Deuteronomy,15,6,Deuteronomy 15:6,17,ܠܐ,,,,Peshitta,PESH
5,Deuteronomy,15,6,Deuteronomy 15:6,18,ܢܫܬܠܛܘܢ,,,,Peshitta,PESH
5,Deuteronomy,15,7,Deuteronomy 15:7,1,ܘܐܢ,,,,Peshitta,PESH
5,Deuteronomy,15,7,Deuteronomy 15:7,2,ܢܗܘܐ,,,,Peshitta,PESH
5,Deuteronomy,15,7,Deuteronomy 15:7,3,ܒܝܢܬܟܘܢ,,,,Peshitta,PESH
5,Deuteronomy,15,7,Deuteronomy 15:7,4,ܡܣܟܢܐ,,,,Peshitta,PESH
5,Deuteronomy,15,7,Deuteronomy 15:7,5,ܚܕ,,,,Peshitta,PESH
5,Deuteronomy,15,7,Deuteronomy 15:7,6,ܡܢ,,,,Peshitta,PESH
5,Deuteronomy,15,7,Deuteronomy 15:7,7,ܐ̈ܚܝܟܘܢ,,,,Peshitta,PESH
5,Deuteronomy,15,7,Deuteronomy 15:7,8,ܒܚܕܐ,,,,Peshitta,PESH
5,Deuteronomy,15,7,Deuteronomy 15:7,9,ܡܢ,,,,Peshitta,PESH
5,Deuteronomy,15,7,Deuteronomy 15:7,10,ܩܘܪ̈ܝܟܘܢ,,,,Peshitta,PESH
5,Deuteronomy,15,7,Deuteronomy 15:7,11,ܒܐܪܥܐ,,,,Peshitta,PESH
5,Deuteronomy,15,7,Deuteronomy 15:7,12,ܕܝ̇ܗܒ,,,,Peshitta,PESH
5,Deuteronomy,15,7,Deuteronomy 15:7,13,ܠܟ,,,,Peshitta,PESH
5,Deuteronomy,15,7,Deuteronomy 15:7,14,ܡܪܝܐ,,,,Peshitta,PESH
5,Deuteronomy,15,7,Deuteronomy 15:7,15,ܐܠܗܟ,,,,Peshitta,PESH
5,Deuteronomy,15,7,Deuteronomy 15:7,16,ܠܐ,,,,Peshitta,PESH
5,Deuteronomy,15,7,Deuteronomy 15:7,17,ܬܥܫܢ,,,,Peshitta,PESH
5,Deuteronomy,15,7,Deuteronomy 15:7,18,ܠܒܟ,,,,Peshitta,PESH
5,Deuteronomy,15,7,Deuteronomy 15:7,19,ܘܠܐ,,,,Peshitta,PESH
5,Deuteronomy,15,7,Deuteronomy 15:7,20,ܬܐܚܘܕ,,,,Peshitta,PESH
5,Deuteronomy,15,7,Deuteronomy 15:7,21,ܐܝܕܟ,,,,Peshitta,PESH
5,Deuteronomy,15,7,Deuteronomy 15:7,22,ܡܢ,,,,Peshitta,PESH
5,Deuteronomy,15,7,Deuteronomy 15:7,23,ܐܚܘܟ,,,,Peshitta,PESH
5,Deuteronomy,15,7,Deuteronomy 15:7,24,ܡܣܟܢܐ,,,,Peshitta,PESH
5,Deuteronomy,15,8,Deuteronomy 15:8,1,ܐܠܐ,,,,Peshitta,PESH
5,Deuteronomy,15,8,Deuteronomy 15:8,2,ܦܬܚ,,,,Peshitta,PESH
5,Deuteronomy,15,8,Deuteronomy 15:8,3,ܠܗ,,,,Peshitta,PESH
5,Deuteronomy,15,8,Deuteronomy 15:8,4,ܐܝܕܟ,,,,Peshitta,PESH
5,Deuteronomy,15,8,Deuteronomy 15:8,5,ܘܐܘܙܦܝܗܝ,,,,Peshitta,PESH
5,Deuteronomy,15,8,Deuteronomy 15:8,6,ܡܕܡ,,,,Peshitta,PESH
5,Deuteronomy,15,8,Deuteronomy 15:8,7,ܕܚܣܝܪ,,,,Peshitta,PESH
5,Deuteronomy,15,8,Deuteronomy 15:8,8,ܠܗ,,,,Peshitta,PESH
5,Deuteronomy,15,9,Deuteronomy 15:9,1,ܐܙܕܗܪ,,,,Peshitta,PESH
5,Deuteronomy,15,9,Deuteronomy 15:9,2,ܕܠܡܐ,,,,Peshitta,PESH
5,Deuteronomy,15,9,Deuteronomy 15:9,3,ܢܗܘܐ,,,,Peshitta,PESH
5,Deuteronomy,15,9,Deuteronomy 15:9,4,ܦܬܓܡܐ,,,,Peshitta,PESH
5,Deuteronomy,15,9,Deuteronomy 15:9,5,ܕܥܘܠܐ,,,,Peshitta,PESH
5,Deuteronomy,15,9,Deuteronomy 15:9,6,ܒܠܒܟ,,,,Peshitta,PESH
5,Deuteronomy,15,9,Deuteronomy 15:9,7,ܘܬܐܡܪ,,,,Peshitta,PESH
5,Deuteronomy,15,9,Deuteronomy 15:9,8,ܕܩܪܒܬ,,,,Peshitta,PESH
5,Deuteronomy,15,9,Deuteronomy 15:9,9,ܫܢܬܐ,,,,Peshitta,PESH
5,Deuteronomy,15,9,Deuteronomy 15:9,10,ܕܫܘܒܩܢܐ,,,,Peshitta,PESH
5,Deuteronomy,15,9,Deuteronomy 15:9,11,ܫܢܬܐ,,,,Peshitta,PESH
5,Deuteronomy,15,9,Deuteronomy 15:9,12,ܕܫܒ̈ܘܥܐ,,,,Peshitta,PESH
5,Deuteronomy,15,9,Deuteronomy 15:9,13,ܘܬܒܐܫ,,,,Peshitta,PESH
5,Deuteronomy,15,9,Deuteronomy 15:9,14,ܥܝܢܟ,,,,Peshitta,PESH
5,Deuteronomy,15,9,Deuteronomy 15:9,15,ܒܐܚܘܟ,,,,Peshitta,PESH
5,Deuteronomy,15,9,Deuteronomy 15:9,16,ܡܣܟܢܐ,,,,Peshitta,PESH
5,Deuteronomy,15,9,Deuteronomy 15:9,17,ܘܠܐ,,,,Peshitta,PESH
5,Deuteronomy,15,9,Deuteronomy 15:9,18,ܬܬܠ,,,,Peshitta,PESH
5,Deuteronomy,15,9,Deuteronomy 15:9,19,ܠܗ,,,,Peshitta,PESH
5,Deuteronomy,15,9,Deuteronomy 15:9,20,ܘܢܩܪܐ,,,,Peshitta,PESH
5,Deuteronomy,15,9,Deuteronomy 15:9,21,ܥܠܝܟ,,,,Peshitta,PESH
5,Deuteronomy,15,9,Deuteronomy 15:9,22,ܠܡܪܝܐ,,,,Peshitta,PESH
5,Deuteronomy,15,9,Deuteronomy 15:9,23,ܘܢܗܘܐ,,,,Peshitta,PESH
5,Deuteronomy,15,9,Deuteronomy 15:9,24,ܥܠܝܟ,,,,Peshitta,PESH
5,Deuteronomy,15,9,Deuteronomy 15:9,25,ܚܛܗܐ,,,,Peshitta,PESH
5,Deuteronomy,15,10,Deuteronomy 15:10,1,ܐܠܐ,,,,Peshitta,PESH
5,Deuteronomy,15,10,Deuteronomy 15:10,2,ܗܒ,,,,Peshitta,PESH
5,Deuteronomy,15,10,Deuteronomy 15:10,3,ܠܗ,,,,Peshitta,PESH
5,Deuteronomy,15,10,Deuteronomy 15:10,4,ܘܠܐ,,,,Peshitta,PESH
5,Deuteronomy,15,10,Deuteronomy 15:10,5,ܢܒܐܫ,,,,Peshitta,PESH
5,Deuteronomy,15,10,Deuteronomy 15:10,6,ܠܒܟ,,,,Peshitta,PESH
5,Deuteronomy,15,10,Deuteronomy 15:10,7,ܡܐ,,,,Peshitta,PESH
5,Deuteronomy,15,10,Deuteronomy 15:10,8,ܕܝ̇ܗܒ,,,,Peshitta,PESH
5,Deuteronomy,15,10,Deuteronomy 15:10,9,ܐܢܬ,,,,Peshitta,PESH
5,Deuteronomy,15,10,Deuteronomy 15:10,10,ܠܗ,,,,Peshitta,PESH
5,Deuteronomy,15,10,Deuteronomy 15:10,11,ܕܡܛܠ,,,,Peshitta,PESH
5,Deuteronomy,15,10,Deuteronomy 15:10,12,ܦܬܓܡܐ,,,,Peshitta,PESH
5,Deuteronomy,15,10,Deuteronomy 15:10,13,ܗܢܐ,,,,Peshitta,PESH
5,Deuteronomy,15,10,Deuteronomy 15:10,14,ܢܒܪܟܟ,,,,Peshitta,PESH
5,Deuteronomy,15,10,Deuteronomy 15:10,15,ܡܪܝܐ,,,,Peshitta,PESH
5,Deuteronomy,15,10,Deuteronomy 15:10,16,ܐܠܗܟ,,,,Peshitta,PESH
5,Deuteronomy,15,10,Deuteronomy 15:10,17,ܒܟܠܗܘܢ,,,,Peshitta,PESH
5,Deuteronomy,15,10,Deuteronomy 15:10,18,ܥܒ̇ܕܝ̈ܟ,,,,Peshitta,PESH
5,Deuteronomy,15,10,Deuteronomy 15:10,19,ܘܒܟܠ,,,,Peshitta,PESH
5,Deuteronomy,15,10,Deuteronomy 15:10,20,ܡܕܡ,,,,Peshitta,PESH
5,Deuteronomy,15,10,Deuteronomy 15:10,21,ܕܡܘܫܛ,,,,Peshitta,PESH
5,Deuteronomy,15,10,Deuteronomy 15:10,22,ܐܢܬ,,,,Peshitta,PESH
5,Deuteronomy,15,10,Deuteronomy 15:10,23,ܐܝܕܟ,,,,Peshitta,PESH
5,Deuteronomy,15,11,Deuteronomy 15:11,1,ܠܐ,,,,Peshitta,PESH
5,Deuteronomy,15,11,Deuteronomy 15:11,2,ܓܝܪ,,,,Peshitta,PESH
5,Deuteronomy,15,11,Deuteronomy 15:11,3,ܓ̇ܡܪ,,,,Peshitta,PESH
5,Deuteronomy,15,11,Deuteronomy 15:11,4,ܡܣܟܢܐ,,,,Peshitta,PESH
5,Deuteronomy,15,11,Deuteronomy 15:11,5,ܡܢ,,,,Peshitta,PESH
5,Deuteronomy,15,11,Deuteronomy 15:11,6,ܓܘ,,,,Peshitta,PESH
5,Deuteronomy,15,11,Deuteronomy 15:11,7,ܐܪܥܐ,,,,Peshitta,PESH
5,Deuteronomy,15,11,Deuteronomy 15:11,8,ܡܛܠ,,,,Peshitta,PESH
5,Deuteronomy,15,11,Deuteronomy 15:11,9,ܗܢܐ,,,,Peshitta,PESH
5,Deuteronomy,15,11,Deuteronomy 15:11,10,ܡܦܩܕ,,,,Peshitta,PESH
5,Deuteronomy,15,11,Deuteronomy 15:11,11,ܐܢܐ,,,,Peshitta,PESH
5,Deuteronomy,15,11,Deuteronomy 15:11,12,ܠܟ,,,,Peshitta,PESH
5,Deuteronomy,15,11,Deuteronomy 15:11,13,ܘܐ̇ܡܪ,,,,Peshitta,PESH
5,Deuteronomy,15,11,Deuteronomy 15:11,14,ܐܢܐ,,,,Peshitta,PESH
5,Deuteronomy,15,11,Deuteronomy 15:11,15,ܠܟ,,,,Peshitta,PESH
5,Deuteronomy,15,11,Deuteronomy 15:11,16,ܕܬܦܬܚ,,,,Peshitta,PESH
5,Deuteronomy,15,11,Deuteronomy 15:11,17,ܐܝܕܟ,,,,Peshitta,PESH
5,Deuteronomy,15,11,Deuteronomy 15:11,18,ܠܐܚܘܟ,,,,Peshitta,PESH
5,Deuteronomy,15,11,Deuteronomy 15:11,19,ܡܣܟܢܐ,,,,Peshitta,PESH
5,Deuteronomy,15,11,Deuteronomy 15:11,20,ܘܠܒ̇ܝܫܐ,,,,Peshitta,PESH
5,Deuteronomy,15,11,Deuteronomy 15:11,21,ܕܒܐܪܥܟ,,,,Peshitta,PESH
5,Deuteronomy,15,12,Deuteronomy 15:12,1,ܘܟܕ,,,,Peshitta,PESH
5,Deuteronomy,15,12,Deuteronomy 15:12,2,ܢܙܕܒܢ,,,,Peshitta,PESH
5,Deuteronomy,15,12,Deuteronomy 15:12,3,ܠܟ,,,,Peshitta,PESH
5,Deuteronomy,15,12,Deuteronomy 15:12,4,ܐܚܘܟ,,,,Peshitta,PESH
5,Deuteronomy,15,12,Deuteronomy 15:12,5,ܥܒܪܝܐ,,,,Peshitta,PESH
5,Deuteronomy,15,12,Deuteronomy 15:12,6,ܘܥܒܪܝܬܐ,,,,Peshitta,PESH
5,Deuteronomy,15,12,Deuteronomy 15:12,7,ܫܬ,,,,Peshitta,PESH
5,Deuteronomy,15,12,Deuteronomy 15:12,8,ܫ̈ܢܝܢ,,,,Peshitta,PESH
5,Deuteronomy,15,12,Deuteronomy 15:12,9,ܢܦܠܚܟ,,,,Peshitta,PESH
5,Deuteronomy,15,12,Deuteronomy 15:12,10,ܘܠܫܢܬܐ,,,,Peshitta,PESH
5,Deuteronomy,15,12,Deuteronomy 15:12,11,ܕܫܒܥ,,,,Peshitta,PESH
5,Deuteronomy,15,12,Deuteronomy 15:12,12,ܫܒܘܩܝܗܝ,,,,Peshitta,PESH
5,Deuteronomy,15,12,Deuteronomy 15:12,13,ܒܪ,,,,Peshitta,PESH
5,Deuteronomy,15,12,Deuteronomy 15:12,14,ܚܐܪ̈ܐ,,,,Peshitta,PESH
5,Deuteronomy,15,12,Deuteronomy 15:12,15,ܡܢ,,,,Peshitta,PESH
5,Deuteronomy,15,12,Deuteronomy 15:12,16,ܠܘܬܟ,,,,Peshitta,PESH
5,Deuteronomy,15,13,Deuteronomy 15:13,1,ܘܡܐ,,,,Peshitta,PESH
5,Deuteronomy,15,13,Deuteronomy 15:13,2,ܕܫ̇ܒܩ,,,,Peshitta,PESH
5,Deuteronomy,15,13,Deuteronomy 15:13,3,ܐܢܬ,,,,Peshitta,PESH
5,Deuteronomy,15,13,Deuteronomy 15:13,4,ܠܗ,,,,Peshitta,PESH
5,Deuteronomy,15,13,Deuteronomy 15:13,5,ܒܪ,,,,Peshitta,PESH
5,Deuteronomy,15,13,Deuteronomy 15:13,6,ܚܐܪ̈ܐ,,,,Peshitta,PESH
5,Deuteronomy,15,13,Deuteronomy 15:13,7,ܡܢ,,,,Peshitta,PESH
5,Deuteronomy,15,13,Deuteronomy 15:13,8,ܠܘܬܟ,,,,Peshitta,PESH
5,Deuteronomy,15,13,Deuteronomy 15:13,9,ܠܐ,,,,Peshitta,PESH
5,Deuteronomy,15,13,Deuteronomy 15:13,10,ܬܫܒܩܝܘܗܝ,,,,Peshitta,PESH
5,Deuteronomy,15,13,Deuteronomy 15:13,11,ܣܪܝܩܐܝܬ,,,,Peshitta,PESH
5,Deuteronomy,15,14,Deuteronomy 15:14,1,ܐܠܐ,,,,Peshitta,PESH
5,Deuteronomy,15,14,Deuteronomy 15:14,2,ܦܪܘܫ,,,,Peshitta,PESH
5,Deuteronomy,15,14,Deuteronomy 15:14,3,ܘܗܒ,,,,Peshitta,PESH
5,Deuteronomy,15,14,Deuteronomy 15:14,4,ܠܗ,,,,Peshitta,PESH
5,Deuteronomy,15,14,Deuteronomy 15:14,5,ܡܢ,,,,Peshitta,PESH
5,Deuteronomy,15,14,Deuteronomy 15:14,6,ܥܢܟ,,,,Peshitta,PESH
5,Deuteronomy,15,14,Deuteronomy 15:14,7,ܘܡܢ,,,,Peshitta,PESH
5,Deuteronomy,15,14,Deuteronomy 15:14,8,ܬܘܪ̈ܝܟ,,,,Peshitta,PESH
5,Deuteronomy,15,14,Deuteronomy 15:14,9,ܘܡܢ,,,,Peshitta,PESH
5,Deuteronomy,15,14,Deuteronomy 15:14,10,ܐܕܪܟ,,,,Peshitta,PESH
5,Deuteronomy,15,14,Deuteronomy 15:14,11,ܘܡܢ,,,,Peshitta,PESH
5,Deuteronomy,15,14,Deuteronomy 15:14,12,ܡܥܨܪܬܟ,,,,Peshitta,PESH
5,Deuteronomy,15,14,Deuteronomy 15:14,13,ܘܡܢ,,,,Peshitta,PESH
5,Deuteronomy,15,14,Deuteronomy 15:14,14,ܡܕܡ,,,,Peshitta,PESH
5,Deuteronomy,15,14,Deuteronomy 15:14,15,ܕܝܗܒ,,,,Peshitta,PESH
5,Deuteronomy,15,14,Deuteronomy 15:14,16,ܠܟ,,,,Peshitta,PESH
5,Deuteronomy,15,14,Deuteronomy 15:14,17,ܡܪܝܐ,,,,Peshitta,PESH
5,Deuteronomy,15,14,Deuteronomy 15:14,18,ܐܠܗܟ,,,,Peshitta,PESH
5,Deuteronomy,15,14,Deuteronomy 15:14,19,ܗܒ,,,,Peshitta,PESH
5,Deuteronomy,15,14,Deuteronomy 15:14,20,ܠܗ,,,,Peshitta,PESH
5,Deuteronomy,15,15,Deuteronomy 15:15,1,ܘܐܬܕܟܪ,,,,Peshitta,PESH
5,Deuteronomy,15,15,Deuteronomy 15:15,2,ܕܥܒܕܐ,,,,Peshitta,PESH
5,Deuteronomy,15,15,Deuteronomy 15:15,3,ܗܘܝܬ,,,,Peshitta,PESH
5,Deuteronomy,15,15,Deuteronomy 15:15,4,ܒܡܨܪܝܢ,,,,Peshitta,PESH
5,Deuteronomy,15,15,Deuteronomy 15:15,5,ܘܦܪܩܟ,,,,Peshitta,PESH
5,Deuteronomy,15,15,Deuteronomy 15:15,6,ܡܪܝܐ,,,,Peshitta,PESH
5,Deuteronomy,15,15,Deuteronomy 15:15,7,ܐܠܗܟ,,,,Peshitta,PESH
5,Deuteronomy,15,15,Deuteronomy 15:15,8,ܡܛܠ,,,,Peshitta,PESH
5,Deuteronomy,15,15,Deuteronomy 15:15,9,ܗܢܐ,,,,Peshitta,PESH
5,Deuteronomy,15,15,Deuteronomy 15:15,10,ܡܦܩܕ,,,,Peshitta,PESH
5,Deuteronomy,15,15,Deuteronomy 15:15,11,ܐܢܐ,,,,Peshitta,PESH
5,Deuteronomy,15,15,Deuteronomy 15:15,12,ܠܟ,,,,Peshitta,PESH
5,Deuteronomy,15,15,Deuteronomy 15:15,13,ܦܬܓܡܐ,,,,Peshitta,PESH
5,Deuteronomy,15,15,Deuteronomy 15:15,14,ܗܢܐ,,,,Peshitta,PESH
5,Deuteronomy,15,15,Deuteronomy 15:15,15,ܝܘܡܢܐ,,,,Peshitta,PESH
5,Deuteronomy,15,16,Deuteronomy 15:16,1,ܘܐܢ,,,,Peshitta,PESH
5,Deuteronomy,15,16,Deuteronomy 15:16,2,ܢܐܡܪ,,,,Peshitta,PESH
5,Deuteronomy,15,16,Deuteronomy 15:16,3,ܠܟ,,,,Peshitta,PESH
5,Deuteronomy,15,16,Deuteronomy 15:16,4,ܕܠܐ,,,,Peshitta,PESH
5,Deuteronomy,15,16,Deuteronomy 15:16,5,ܢ̇ܦܩ,,,,Peshitta,PESH
5,Deuteronomy,15,16,Deuteronomy 15:16,6,ܐܢܐ,,,,Peshitta,PESH
5,Deuteronomy,15,16,Deuteronomy 15:16,7,ܡܢ,,,,Peshitta,PESH
5,Deuteronomy,15,16,Deuteronomy 15:16,8,ܠܘܬܟ,,,,Peshitta,PESH
5,Deuteronomy,15,16,Deuteronomy 15:16,9,ܡܛܘܠ,,,,Peshitta,PESH
5,Deuteronomy,15,16,Deuteronomy 15:16,10,ܕܪܚܡ̇ܬܟ,,,,Peshitta,PESH
5,Deuteronomy,15,16,Deuteronomy 15:16,11,ܘܠܒܝܬܟ,,,,Peshitta,PESH
5,Deuteronomy,15,16,Deuteronomy 15:16,12,ܘܦܩܚ,,,,Peshitta,PESH
5,Deuteronomy,15,16,Deuteronomy 15:16,13,ܠܝ,,,,Peshitta,PESH
5,Deuteronomy,15,16,Deuteronomy 15:16,14,ܥܡܟ,,,,Peshitta,PESH
5,Deuteronomy,15,17,Deuteronomy 15:17,1,ܣܒ,,,,Peshitta,PESH
5,Deuteronomy,15,17,Deuteronomy 15:17,2,ܡܩܒܐ,,,,Peshitta,PESH
5,Deuteronomy,15,17,Deuteronomy 15:17,3,ܘܩܘܒ,,,,Peshitta,PESH
5,Deuteronomy,15,17,Deuteronomy 15:17,4,ܐܕܢܗ,,,,Peshitta,PESH
5,Deuteronomy,15,17,Deuteronomy 15:17,5,ܥܠ,,,,Peshitta,PESH
5,Deuteronomy,15,17,Deuteronomy 15:17,6,ܬܪܥܐ,,,,Peshitta,PESH
5,Deuteronomy,15,17,Deuteronomy 15:17,7,ܘܢܗܘܐ,,,,Peshitta,PESH
5,Deuteronomy,15,17,Deuteronomy 15:17,8,ܠܟ,,,,Peshitta,PESH
5,Deuteronomy,15,17,Deuteronomy 15:17,9,ܥܒܕܐ,,,,Peshitta,PESH
5,Deuteronomy,15,17,Deuteronomy 15:17,10,ܠܥܠܡ,,,,Peshitta,PESH
5,Deuteronomy,15,17,Deuteronomy 15:17,11,ܘܐܦ,,,,Peshitta,PESH
5,Deuteronomy,15,17,Deuteronomy 15:17,12,ܠܐܡܬܟ,,,,Peshitta,PESH
5,Deuteronomy,15,17,Deuteronomy 15:17,13,ܗܟܢܐ,,,,Peshitta,PESH
5,Deuteronomy,15,17,Deuteronomy 15:17,14,ܬܥܒܕ,,,,Peshitta,PESH
5,Deuteronomy,15,17,Deuteronomy 15:17,15,ܠܗ̇,,,,Peshitta,PESH
5,Deuteronomy,15,18,Deuteronomy 15:18,1,ܘܠܐ,,,,Peshitta,PESH
5,Deuteronomy,15,18,Deuteronomy 15:18,2,ܢܬܒܐܫ,,,,Peshitta,PESH
5,Deuteronomy,15,18,Deuteronomy 15:18,3,ܒܥܝ̈ܢܝܟ,,,,Peshitta,PESH
5,Deuteronomy,15,18,Deuteronomy 15:18,4,ܡܐ,,,,Peshitta,PESH
5,Deuteronomy,15,18,Deuteronomy 15:18,5,ܕܫ̇ܒܩ,,,,Peshitta,PESH
5,Deuteronomy,15,18,Deuteronomy 15:18,6,ܐܢܬ,,,,Peshitta,PESH
5,Deuteronomy,15,18,Deuteronomy 15:18,7,ܠܗ,,,,Peshitta,PESH
5,Deuteronomy,15,18,Deuteronomy 15:18,8,ܒܪ,,,,Peshitta,PESH
5,Deuteronomy,15,18,Deuteronomy 15:18,9,ܚܐܪ̈ܐ,,,,Peshitta,PESH
5,Deuteronomy,15,18,Deuteronomy 15:18,10,ܡܢ,,,,Peshitta,PESH
5,Deuteronomy,15,18,Deuteronomy 15:18,11,ܠܘܬܟ,,,,Peshitta,PESH
5,Deuteronomy,15,18,Deuteronomy 15:18,12,ܡܛܠ,,,,Peshitta,PESH
5,Deuteronomy,15,18,Deuteronomy 15:18,13,ܕܚܕ,,,,Peshitta,PESH
5,Deuteronomy,15,18,Deuteronomy 15:18,14,ܬܪ̈ܝܢ,,,,Peshitta,PESH
5,Deuteronomy,15,18,Deuteronomy 15:18,15,ܒܐܓܪܐ,,,,Peshitta,PESH
5,Deuteronomy,15,18,Deuteronomy 15:18,16,ܕܐܓܝܪܐ,,,,Peshitta,PESH
5,Deuteronomy,15,18,Deuteronomy 15:18,17,ܦܠܚܟ,,,,Peshitta,PESH
5,Deuteronomy,15,18,Deuteronomy 15:18,18,ܫܬ,,,,Peshitta,PESH
5,Deuteronomy,15,18,Deuteronomy 15:18,19,ܫ̈ܢܝܢ,,,,Peshitta,PESH
5,Deuteronomy,15,18,Deuteronomy 15:18,20,ܘܢܒܪܟܟ,,,,Peshitta,PESH
5,Deuteronomy,15,18,Deuteronomy 15:18,21,ܡܪܝܐ,,,,Peshitta,PESH
5,Deuteronomy,15,18,Deuteronomy 15:18,22,ܐܠܗܟ,,,,Peshitta,PESH
5,Deuteronomy,15,18,Deuteronomy 15:18,23,ܒܟܠ,,,,Peshitta,PESH
5,Deuteronomy,15,18,Deuteronomy 15:18,24,ܡܕܡ,,,,Peshitta,PESH
5,Deuteronomy,15,18,Deuteronomy 15:18,25,ܕܥ̇ܒܕ,,,,Peshitta,PESH
5,Deuteronomy,15,18,Deuteronomy 15:18,26,ܐܢܬ,,,,Peshitta,PESH
5,Deuteronomy,15,19,Deuteronomy 15:19,1,ܟܘܠ,,,,Peshitta,PESH
5,Deuteronomy,15,19,Deuteronomy 15:19,2,ܒܘܟܪܐ,,,,Peshitta,PESH
5,Deuteronomy,15,19,Deuteronomy 15:19,3,ܕܡܬܝܠܕ,,,,Peshitta,PESH
5,Deuteronomy,15,19,Deuteronomy 15:19,4,ܒܬܘܪ̈ܝܟ,,,,Peshitta,PESH
5,Deuteronomy,15,19,Deuteronomy 15:19,5,ܘܒܥܢܟ,,,,Peshitta,PESH
5,Deuteronomy,15,19,Deuteronomy 15:19,6,ܕܟܪ̈ܐ,,,,Peshitta,PESH
5,Deuteronomy,15,19,Deuteronomy 15:19,7,ܩܕܫ,,,,Peshitta,PESH
5,Deuteronomy,15,19,Deuteronomy 15:19,8,ܠܡܪܝܐ,,,,Peshitta,PESH
5,Deuteronomy,15,19,Deuteronomy 15:19,9,ܐܠܗܟ,,,,Peshitta,PESH
5,Deuteronomy,15,19,Deuteronomy 15:19,10,ܠܐ,,,,Peshitta,PESH
5,Deuteronomy,15,19,Deuteronomy 15:19,11,ܬܦܠܘܚ,,,,Peshitta,PESH
5,Deuteronomy,15,19,Deuteronomy 15:19,12,ܒܒܘܟܪ̈ܐ,,,,Peshitta,PESH
5,Deuteronomy,15,19,Deuteronomy 15:19,13,ܕܬܘܪ̈ܝܟ,,,,Peshitta,PESH
5,Deuteronomy,15,19,Deuteronomy 15:19,14,ܘܠܐ,,,,Peshitta,PESH
5,Deuteronomy,15,19,Deuteronomy 15:19,15,ܬܓܘܙ,,,,Peshitta,PESH
5,Deuteronomy,15,19,Deuteronomy 15:19,16,ܒܘܟܪ̈ܐ,,,,Peshitta,PESH
5,Deuteronomy,15,19,Deuteronomy 15:19,17,ܕܥܢܟ,,,,Peshitta,PESH
5,Deuteronomy,15,20,Deuteronomy 15:20,1,ܐܠܐ,,,,Peshitta,PESH
5,Deuteronomy,15,20,Deuteronomy 15:20,2,ܩܕܡ,,,,Peshitta,PESH
5,Deuteronomy,15,20,Deuteronomy 15:20,3,ܡܪܝܐ,,,,Peshitta,PESH
5,Deuteronomy,15,20,Deuteronomy 15:20,4,ܐܠܗܟ,,,,Peshitta,PESH
5,Deuteronomy,15,20,Deuteronomy 15:20,5,ܐܟܘܠܝܗܝ,,,,Peshitta,PESH
5,Deuteronomy,15,20,Deuteronomy 15:20,6,ܕܫܢܐ,,,,Peshitta,PESH
5,Deuteronomy,15,20,Deuteronomy 15:20,7,ܒܫܢܐ,,,,Peshitta,PESH
5,Deuteronomy,15,20,Deuteronomy 15:20,8,ܒܐܬܪܐ,,,,Peshitta,PESH
5,Deuteronomy,15,20,Deuteronomy 15:20,9,ܕܓ̇ܒܐ,,,,Peshitta,PESH
5,Deuteronomy,15,20,Deuteronomy 15:20,10,ܡܪܝܐ,,,,Peshitta,PESH
5,Deuteronomy,15,20,Deuteronomy 15:20,11,ܐܢܬ,,,,Peshitta,PESH
5,Deuteronomy,15,20,Deuteronomy 15:20,12,ܘܒܝܬܟ,,,,Peshitta,PESH
5,Deuteronomy,15,21,Deuteronomy 15:21,1,ܘܐܢ,,,,Peshitta,PESH
5,Deuteronomy,15,21,Deuteronomy 15:21,2,ܢܗܘܐ,,,,Peshitta,PESH
5,Deuteronomy,15,21,Deuteronomy 15:21,3,ܒܗ,,,,Peshitta,PESH
5,Deuteronomy,15,21,Deuteronomy 15:21,4,ܡܘܡܐ,,,,Peshitta,PESH
5,Deuteronomy,15,21,Deuteronomy 15:21,5,ܘܢܬܚܓܪ,,,,Peshitta,PESH
5,Deuteronomy,15,21,Deuteronomy 15:21,6,ܐܘ,,,,Peshitta,PESH
5,Deuteronomy,15,21,Deuteronomy 15:21,7,ܢܬܥܘܪ,,,,Peshitta,PESH
5,Deuteronomy,15,21,Deuteronomy 15:21,8,ܐܘ,,,,Peshitta,PESH
5,Deuteronomy,15,21,Deuteronomy 15:21,9,ܟܠ,,,,Peshitta,PESH
5,Deuteronomy,15,21,Deuteronomy 15:21,10,ܡܕܡ,,,,Peshitta,PESH
5,Deuteronomy,15,21,Deuteronomy 15:21,11,ܕܣܢܐ,,,,Peshitta,PESH
5,Deuteronomy,15,21,Deuteronomy 15:21,12,ܠܐ,,,,Peshitta,PESH
5,Deuteronomy,15,21,Deuteronomy 15:21,13,ܬܩܪܒܝܘܗܝ,,,,Peshitta,PESH
5,Deuteronomy,15,21,Deuteronomy 15:21,14,ܠܡܪܝܐ,,,,Peshitta,PESH
5,Deuteronomy,15,21,Deuteronomy 15:21,15,ܐܠܗܟ,,,,Peshitta,PESH
5,Deuteronomy,15,22,Deuteronomy 15:22,1,ܐܠܐ,,,,Peshitta,PESH
5,Deuteronomy,15,22,Deuteronomy 15:22,2,ܒܩܘܪ̈ܝܟ,,,,Peshitta,PESH
5,Deuteronomy,15,22,Deuteronomy 15:22,3,ܐܟܘܠܝܗܝ,,,,Peshitta,PESH
5,Deuteronomy,15,22,Deuteronomy 15:22,4,ܕܛܡܐ,,,,Peshitta,PESH
5,Deuteronomy,15,22,Deuteronomy 15:22,5,ܘܕܕܟܐ,,,,Peshitta,PESH
5,Deuteronomy,15,22,Deuteronomy 15:22,6,ܐܟܚܕܐ,,,,Peshitta,PESH
5,Deuteronomy,15,22,Deuteronomy 15:22,7,ܐܝܟ,,,,Peshitta,PESH
5,Deuteronomy,15,22,Deuteronomy 15:22,8,ܛܒܝܐ,,,,Peshitta,PESH
5,Deuteronomy,15,22,Deuteronomy 15:22,9,ܘܐܝܟ,,,,Peshitta,PESH
5,Deuteronomy,15,22,Deuteronomy 15:22,10,ܐܝܠܐ,,,,Peshitta,PESH
5,Deuteronomy,15,22,Deuteronomy 15:22,11,ܬܐܟܠܝܘܗܝ,,,,Peshitta,PESH
5,Deuteronomy,15,23,Deuteronomy 15:23,1,ܒܠܚܘܕ,,,,Peshitta,PESH
5,Deuteronomy,15,23,Deuteronomy 15:23,2,ܕܡܐ,,,,Peshitta,PESH
5,Deuteronomy,15,23,Deuteronomy 15:23,3,ܠܐ,,,,Peshitta,PESH
5,Deuteronomy,15,23,Deuteronomy 15:23,4,ܬܐܟܠܘܢ,,,,Peshitta,PESH
5,Deuteronomy,15,23,Deuteronomy 15:23,5,ܐܠܐ,,,,Peshitta,PESH
5,Deuteronomy,15,23,Deuteronomy 15:23,6,ܥܠ,,,,Peshitta,PESH
5,Deuteronomy,15,23,Deuteronomy 15:23,7,ܐܪܥܐ,,,,Peshitta,PESH
5,Deuteronomy,15,23,Deuteronomy 15:23,8,ܐܫܘܕܝܗܝ,,,,Peshitta,PESH
5,Deuteronomy,15,23,Deuteronomy 15:23,9,ܐܝܟ,,,,Peshitta,PESH
5,Deuteronomy,15,23,Deuteronomy 15:23,10,ܡ̈ܝܐ,,,,Peshitta,PESH
5,Deuteronomy,16,1,Deuteronomy 16:1,1,ܛܪ,,,,Peshitta,PESH
5,Deuteronomy,16,1,Deuteronomy 16:1,2,ܝܪܚܐ,,,,Peshitta,PESH
5,Deuteronomy,16,1,Deuteronomy 16:1,3,ܕܗ̈ܒܒܐ,,,,Peshitta,PESH
5,Deuteronomy,16,1,Deuteronomy 16:1,4,ܘܥܒܕ,,,,Peshitta,PESH
5,Deuteronomy,16,1,Deuteronomy 16:1,5,ܦܨܚܐ,,,,Peshitta,PESH
5,Deuteronomy,16,1,Deuteronomy 16:1,6,ܠܡܪܝܐ,,,,Peshitta,PESH
5,Deuteronomy,16,1,Deuteronomy 16:1,7,ܐܠܗܟ,,,,Peshitta,PESH
5,Deuteronomy,16,1,Deuteronomy 16:1,8,ܡܛܠ,,,,Peshitta,PESH
5,Deuteronomy,16,1,Deuteronomy 16:1,9,ܕܒܝܪܚܐ,,,,Peshitta,PESH
5,Deuteronomy,16,1,Deuteronomy 16:1,10,ܕܗ̈ܒܒܐ,,,,Peshitta,PESH
5,Deuteronomy,16,1,Deuteronomy 16:1,11,ܐܦܩܟ,,,,Peshitta,PESH
5,Deuteronomy,16,1,Deuteronomy 16:1,12,ܡܪܝܐ,,,,Peshitta,PESH
5,Deuteronomy,16,1,Deuteronomy 16:1,13,ܐܠܗܟ,,,,Peshitta,PESH
5,Deuteronomy,16,1,Deuteronomy 16:1,14,ܡܢ,,,,Peshitta,PESH
5,Deuteronomy,16,1,Deuteronomy 16:1,15,ܡܨܪܝܢ,,,,Peshitta,PESH
5,Deuteronomy,16,1,Deuteronomy 16:1,16,ܒܠܠܝܐ,,,,Peshitta,PESH
5,Deuteronomy,16,2,Deuteronomy 16:2,1,ܘܟܘܣ,,,,Peshitta,PESH
5,Deuteronomy,16,2,Deuteronomy 16:2,2,ܦܨܚܐ,,,,Peshitta,PESH
5,Deuteronomy,16,2,Deuteronomy 16:2,3,ܠܡܪܝܐ,,,,Peshitta,PESH
5,Deuteronomy,16,2,Deuteronomy 16:2,4,ܐܠܗܟ,,,,Peshitta,PESH
5,Deuteronomy,16,2,Deuteronomy 16:2,5,ܡܢ,,,,Peshitta,PESH
5,Deuteronomy,16,2,Deuteronomy 16:2,6,ܥܢܐ,,,,Peshitta,PESH
5,Deuteronomy,16,2,Deuteronomy 16:2,7,ܘܡܢ,,,,Peshitta,PESH
5,Deuteronomy,16,2,Deuteronomy 16:2,8,ܬܘܪ̈ܐ,,,,Peshitta,PESH
5,Deuteronomy,16,2,Deuteronomy 16:2,9,ܒܐܬܪܐ,,,,Peshitta,PESH
5,Deuteronomy,16,2,Deuteronomy 16:2,10,ܕܓ̇ܒܐ,,,,Peshitta,PESH
5,Deuteronomy,16,2,Deuteronomy 16:2,11,ܡܪܝܐ,,,,Peshitta,PESH
5,Deuteronomy,16,2,Deuteronomy 16:2,12,ܐܠܗܟ,,,,Peshitta,PESH
5,Deuteronomy,16,2,Deuteronomy 16:2,13,ܠܡܫܪܝܘ,,,,Peshitta,PESH
5,Deuteronomy,16,2,Deuteronomy 16:2,14,ܫܡܗ,,,,Peshitta,PESH
5,Deuteronomy,16,2,Deuteronomy 16:2,15,ܬܡܢ,,,,Peshitta,PESH
5,Deuteronomy,16,3,Deuteronomy 16:3,1,ܠܐ,,,,Peshitta,PESH
5,Deuteronomy,16,3,Deuteronomy 16:3,2,ܬܐܟܘܠ,,,,Peshitta,PESH
5,Deuteronomy,16,3,Deuteronomy 16:3,3,ܥܠܘܗܝ,,,,Peshitta,PESH
5,Deuteronomy,16,3,Deuteronomy 16:3,4,ܚܡܝܥܐ,,,,Peshitta,PESH
5,Deuteronomy,16,3,Deuteronomy 16:3,5,ܐܠܐ,,,,Peshitta,PESH
5,Deuteronomy,16,3,Deuteronomy 16:3,6,ܫܒܥܐ,,,,Peshitta,PESH
5,Deuteronomy,16,3,Deuteronomy 16:3,7,ܝܘܡ̈ܝܢ,,,,Peshitta,PESH
5,Deuteronomy,16,3,Deuteronomy 16:3,8,ܐܟܘܠ,,,,Peshitta,PESH
5,Deuteronomy,16,3,Deuteronomy 16:3,9,ܥܠܘܗܝ,,,,Peshitta,PESH
5,Deuteronomy,16,3,Deuteronomy 16:3,10,ܦܛܝܪܐ,,,,Peshitta,PESH
5,Deuteronomy,16,3,Deuteronomy 16:3,11,ܠܚܡܐ,,,,Peshitta,PESH
5,Deuteronomy,16,3,Deuteronomy 16:3,12,ܡܡܟܟܐ,,,,Peshitta,PESH
5,Deuteronomy,16,3,Deuteronomy 16:3,13,ܡܛܠ,,,,Peshitta,PESH
5,Deuteronomy,16,3,Deuteronomy 16:3,14,ܕܒܣܘܪܗܒܐ,,,,Peshitta,PESH
5,Deuteronomy,16,3,Deuteronomy 16:3,15,ܢܦܩܬܘܢ,,,,Peshitta,PESH
5,Deuteronomy,16,3,Deuteronomy 16:3,16,ܡܢ,,,,Peshitta,PESH
5,Deuteronomy,16,3,Deuteronomy 16:3,17,ܡܨܪܝܢ,,,,Peshitta,PESH
5,Deuteronomy,16,3,Deuteronomy 16:3,18,ܕܬܗܘܐ,,,,Peshitta,PESH
5,Deuteronomy,16,3,Deuteronomy 16:3,19,ܡܬܕܟܪ,,,,Peshitta,PESH
5,Deuteronomy,16,3,Deuteronomy 16:3,20,ܝܘܡܐ,,,,Peshitta,PESH
5,Deuteronomy,16,3,Deuteronomy 16:3,21,ܕܢܦܩܬ,,,,Peshitta,PESH
5,Deuteronomy,16,3,Deuteronomy 16:3,22,ܒܗ,,,,Peshitta,PESH
5,Deuteronomy,16,3,Deuteronomy 16:3,23,ܡܢ,,,,Peshitta,PESH
5,Deuteronomy,16,3,Deuteronomy 16:3,24,ܡܨܪܝܢ,,,,Peshitta,PESH
5,Deuteronomy,16,3,Deuteronomy 16:3,25,ܟܠܗܘܢ,,,,Peshitta,PESH
5,Deuteronomy,16,3,Deuteronomy 16:3,26,ܝܘܡ̈ܝ,,,,Peshitta,PESH
5,Deuteronomy,16,3,Deuteronomy 16:3,27,ܚܝ̈ܝܟ,,,,Peshitta,PESH
5,Deuteronomy,16,4,Deuteronomy 16:4,1,ܘܠܐ,,,,Peshitta,PESH
5,Deuteronomy,16,4,Deuteronomy 16:4,2,ܢܬܚܙܐ,,,,Peshitta,PESH
5,Deuteronomy,16,4,Deuteronomy 16:4,3,ܚܡܝܥܐ,,,,Peshitta,PESH
5,Deuteronomy,16,4,Deuteronomy 16:4,4,ܒܟܘܠܗ,,,,Peshitta,PESH
5,Deuteronomy,16,4,Deuteronomy 16:4,5,ܬܚܘܡܟ,,,,Peshitta,PESH
5,Deuteronomy,16,4,Deuteronomy 16:4,6,ܫܒܥܐ,,,,Peshitta,PESH
5,Deuteronomy,16,4,Deuteronomy 16:4,7,ܝܘܡ̈ܝܢ,,,,Peshitta,PESH
5,Deuteronomy,16,4,Deuteronomy 16:4,8,ܘܠܐ,,,,Peshitta,PESH
5,Deuteronomy,16,4,Deuteronomy 16:4,9,ܢܒܘܬ,,,,Peshitta,PESH
5,Deuteronomy,16,4,Deuteronomy 16:4,10,ܡܢ,,,,Peshitta,PESH
5,Deuteronomy,16,4,Deuteronomy 16:4,11,ܒܣܪܐ,,,,Peshitta,PESH
5,Deuteronomy,16,4,Deuteronomy 16:4,12,ܕܢ̇ܟܣ,,,,Peshitta,PESH
5,Deuteronomy,16,4,Deuteronomy 16:4,13,ܐܢܬ,,,,Peshitta,PESH
5,Deuteronomy,16,4,Deuteronomy 16:4,14,ܒܪܡܫܐ,,,,Peshitta,PESH
5,Deuteronomy,16,4,Deuteronomy 16:4,15,ܒܝܘܡܐ,,,,Peshitta,PESH
5,Deuteronomy,16,4,Deuteronomy 16:4,16,ܩܕܡܝܐ,,,,Peshitta,PESH
5,Deuteronomy,16,4,Deuteronomy 16:4,17,ܠܨܦܪܐ,,,,Peshitta,PESH
5,Deuteronomy,16,5,Deuteronomy 16:5,1,ܠܐ,,,,Peshitta,PESH
5,Deuteronomy,16,5,Deuteronomy 16:5,2,ܫܠܝܛ,,,,Peshitta,PESH
5,Deuteronomy,16,5,Deuteronomy 16:5,3,ܠܟ,,,,Peshitta,PESH
5,Deuteronomy,16,5,Deuteronomy 16:5,4,ܠܡܟܣ,,,,Peshitta,PESH
5,Deuteronomy,16,5,Deuteronomy 16:5,5,ܦܨܚܐ,,,,Peshitta,PESH
5,Deuteronomy,16,5,Deuteronomy 16:5,6,ܒܚܕܐ,,,,Peshitta,PESH
5,Deuteronomy,16,5,Deuteronomy 16:5,7,ܡܢ,,,,Peshitta,PESH
5,Deuteronomy,16,5,Deuteronomy 16:5,8,ܩܘܪ̈ܝܟ,,,,Peshitta,PESH
5,Deuteronomy,16,5,Deuteronomy 16:5,9,ܕܝ̇ܗܒ,,,,Peshitta,PESH
5,Deuteronomy,16,5,Deuteronomy 16:5,10,ܠܟ,,,,Peshitta,PESH
5,Deuteronomy,16,5,Deuteronomy 16:5,11,ܡܪܝܐ,,,,Peshitta,PESH
5,Deuteronomy,16,5,Deuteronomy 16:5,12,ܐܠܗܟ,,,,Peshitta,PESH
5,Deuteronomy,16,6,Deuteronomy 16:6,1,ܐܠܐ,,,,Peshitta,PESH
5,Deuteronomy,16,6,Deuteronomy 16:6,2,ܒܐܬܪܐ,,,,Peshitta,PESH
5,Deuteronomy,16,6,Deuteronomy 16:6,3,ܕܢܓܒܐ,,,,Peshitta,PESH
5,Deuteronomy,16,6,Deuteronomy 16:6,4,ܡܪܝܐ,,,,Peshitta,PESH
5,Deuteronomy,16,6,Deuteronomy 16:6,5,ܐܠܗܟ,,,,Peshitta,PESH
5,Deuteronomy,16,6,Deuteronomy 16:6,6,ܠܡܫܪܝܘ,,,,Peshitta,PESH
5,Deuteronomy,16,6,Deuteronomy 16:6,7,ܫܡܗ,,,,Peshitta,PESH
5,Deuteronomy,16,6,Deuteronomy 16:6,8,ܬܡܢ,,,,Peshitta,PESH
5,Deuteronomy,16,6,Deuteronomy 16:6,9,ܟܘܣ,,,,Peshitta,PESH
5,Deuteronomy,16,6,Deuteronomy 16:6,10,ܦܨܚܐ,,,,Peshitta,PESH
5,Deuteronomy,16,6,Deuteronomy 16:6,11,ܒܪܡܫܐ,,,,Peshitta,PESH
5,Deuteronomy,16,6,Deuteronomy 16:6,12,ܒܡܥܪ̈ܒܝ,,,,Peshitta,PESH
5,Deuteronomy,16,6,Deuteronomy 16:6,13,ܫܡܫܐ,,,,Peshitta,PESH
5,Deuteronomy,16,6,Deuteronomy 16:6,14,ܐܝܟ,,,,Peshitta,PESH
5,Deuteronomy,16,6,Deuteronomy 16:6,15,ܙܒܢܐ,,,,Peshitta,PESH
5,Deuteronomy,16,6,Deuteronomy 16:6,16,ܕܢܦܩܬ,,,,Peshitta,PESH
5,Deuteronomy,16,6,Deuteronomy 16:6,17,ܡܢ,,,,Peshitta,PESH
5,Deuteronomy,16,6,Deuteronomy 16:6,18,ܡܨܪܝܢ,,,,Peshitta,PESH
5,Deuteronomy,16,7,Deuteronomy 16:7,1,ܘܒܫܠ,,,,Peshitta,PESH
5,Deuteronomy,16,7,Deuteronomy 16:7,2,ܘܐܟܘܠ,,,,Peshitta,PESH
5,Deuteronomy,16,7,Deuteronomy 16:7,3,ܒܐܬܪܐ,,,,Peshitta,PESH
5,Deuteronomy,16,7,Deuteronomy 16:7,4,ܕܓ̇ܒܐ,,,,Peshitta,PESH
5,Deuteronomy,16,7,Deuteronomy 16:7,5,ܠܗ,,,,Peshitta,PESH
5,Deuteronomy,16,7,Deuteronomy 16:7,6,ܡܪܝܐ,,,,Peshitta,PESH
5,Deuteronomy,16,7,Deuteronomy 16:7,7,ܐܠܗܟ,,,,Peshitta,PESH
5,Deuteronomy,16,7,Deuteronomy 16:7,8,ܘܗܦܘܟ,,,,Peshitta,PESH
5,Deuteronomy,16,7,Deuteronomy 16:7,9,ܒܨܦܪܐ,,,,Peshitta,PESH
5,Deuteronomy,16,7,Deuteronomy 16:7,10,ܙܠ,,,,Peshitta,PESH
5,Deuteronomy,16,7,Deuteronomy 16:7,11,ܠܡܫܟܢܟ,,,,Peshitta,PESH
5,Deuteronomy,16,8,Deuteronomy 16:8,1,ܫܬܐ,,,,Peshitta,PESH
5,Deuteronomy,16,8,Deuteronomy 16:8,2,ܝܘܡ̈ܝܢ,,,,Peshitta,PESH
5,Deuteronomy,16,8,Deuteronomy 16:8,3,ܬܐܟܘܠ,,,,Peshitta,PESH
5,Deuteronomy,16,8,Deuteronomy 16:8,4,ܦܛܝܪܐ,,,,Peshitta,PESH
5,Deuteronomy,16,8,Deuteronomy 16:8,5,ܘܝܘܡܐ,,,,Peshitta,PESH
5,Deuteronomy,16,8,Deuteronomy 16:8,6,ܕܫܒܥܐ,,,,Peshitta,PESH
5,Deuteronomy,16,8,Deuteronomy 16:8,7,ܟܢܘܫܝܐ,,,,Peshitta,PESH
5,Deuteronomy,16,8,Deuteronomy 16:8,8,ܗܘ,,,,Peshitta,PESH
5,Deuteronomy,16,8,Deuteronomy 16:8,9,ܠܡܪܝܐ,,,,Peshitta,PESH
5,Deuteronomy,16,8,Deuteronomy 16:8,10,ܐܠܗܟܘܢ,,,,Peshitta,PESH
5,Deuteronomy,16,8,Deuteronomy 16:8,11,ܠܐ,,,,Peshitta,PESH
5,Deuteronomy,16,8,Deuteronomy 16:8,12,ܬܥܒܕܘܢ,,,,Peshitta,PESH
5,Deuteronomy,16,8,Deuteronomy 16:8,13,ܒܗ,,,,Peshitta,PESH
5,Deuteronomy,16,8,Deuteronomy 16:8,14,ܥܒ̇ܕܐ,,,,Peshitta,PESH
5,Deuteronomy,16,9,Deuteronomy 16:9,1,ܫܒܥܐ,,,,Peshitta,PESH
5,Deuteronomy,16,9,Deuteronomy 16:9,2,ܫܒ̈ܘܥܝܢ,,,,Peshitta,PESH
5,Deuteronomy,16,9,Deuteronomy 16:9,3,ܬܡܢܐ,,,,Peshitta,PESH
5,Deuteronomy,16,9,Deuteronomy 16:9,4,ܠܟ,,,,Peshitta,PESH
5,Deuteronomy,16,9,Deuteronomy 16:9,5,ܡܐ,,,,Peshitta,PESH
5,Deuteronomy,16,9,Deuteronomy 16:9,6,ܕܡܫܪܐ,,,,Peshitta,PESH
5,Deuteronomy,16,9,Deuteronomy 16:9,7,ܐܢܬ,,,,Peshitta,PESH
5,Deuteronomy,16,9,Deuteronomy 16:9,8,ܡܓܠܐ,,,,Peshitta,PESH
5,Deuteronomy,16,9,Deuteronomy 16:9,9,ܒܩ̇ܝܡܬܐ,,,,Peshitta,PESH
5,Deuteronomy,16,9,Deuteronomy 16:9,10,ܫ̇ܪܐ,,,,Peshitta,PESH
5,Deuteronomy,16,9,Deuteronomy 16:9,11,ܠܡܡܢܐ,,,,Peshitta,PESH
5,Deuteronomy,16,9,Deuteronomy 16:9,12,ܫܒܥܐ,,,,Peshitta,PESH
5,Deuteronomy,16,9,Deuteronomy 16:9,13,ܫܒ̈ܘܥܝܢ,,,,Peshitta,PESH
5,Deuteronomy,16,10,Deuteronomy 16:10,1,ܘܥܒܕ,,,,Peshitta,PESH
5,Deuteronomy,16,10,Deuteronomy 16:10,2,ܥܕܥܐܕܐ,,,,Peshitta,PESH
5,Deuteronomy,16,10,Deuteronomy 16:10,3,ܕܫܒ̈ܘܥܐ,,,,Peshitta,PESH
5,Deuteronomy,16,10,Deuteronomy 16:10,4,ܠܡܪܝܐ,,,,Peshitta,PESH
5,Deuteronomy,16,10,Deuteronomy 16:10,5,ܐܠܗܟ,,,,Peshitta,PESH
5,Deuteronomy,16,10,Deuteronomy 16:10,6,ܡܣܬ,,,,Peshitta,PESH
5,Deuteronomy,16,10,Deuteronomy 16:10,7,ܦܘܪܫܢܐ,,,,Peshitta,PESH
5,Deuteronomy,16,10,Deuteronomy 16:10,8,ܕܐ̈ܝܕܝܟ,,,,Peshitta,PESH
5,Deuteronomy,16,10,Deuteronomy 16:10,9,ܕܦ̇ܪܫ,,,,Peshitta,PESH
5,Deuteronomy,16,10,Deuteronomy 16:10,10,ܐܢܬ,,,,Peshitta,PESH
5,Deuteronomy,16,10,Deuteronomy 16:10,11,ܐܝܟ,,,,Peshitta,PESH
5,Deuteronomy,16,10,Deuteronomy 16:10,12,ܕܒܪܟܟ,,,,Peshitta,PESH
5,Deuteronomy,16,10,Deuteronomy 16:10,13,ܡܪܝܐ,,,,Peshitta,PESH
5,Deuteronomy,16,10,Deuteronomy 16:10,14,ܐܠܗܟ,,,,Peshitta,PESH
5,Deuteronomy,16,11,Deuteronomy 16:11,1,ܘܚܕܝ,,,,Peshitta,PESH
5,Deuteronomy,16,11,Deuteronomy 16:11,2,ܩܕܡ,,,,Peshitta,PESH
5,Deuteronomy,16,11,Deuteronomy 16:11,3,ܡܪܝܐ,,,,Peshitta,PESH
5,Deuteronomy,16,11,Deuteronomy 16:11,4,ܐܠܗܟ,,,,Peshitta,PESH
5,Deuteronomy,16,11,Deuteronomy 16:11,5,ܐܢܬ,,,,Peshitta,PESH
5,Deuteronomy,16,11,Deuteronomy 16:11,6,ܘܒܪܟ,,,,Peshitta,PESH
5,Deuteronomy,16,11,Deuteronomy 16:11,7,ܘܒܪܬܟ,,,,Peshitta,PESH
5,Deuteronomy,16,11,Deuteronomy 16:11,8,ܘܥܒܕܟ,,,,Peshitta,PESH
5,Deuteronomy,16,11,Deuteronomy 16:11,9,ܘܐܡܬܟ,,,,Peshitta,PESH
5,Deuteronomy,16,11,Deuteronomy 16:11,10,ܘܠܘܝܐ,,,,Peshitta,PESH
5,Deuteronomy,16,11,Deuteronomy 16:11,11,ܕܒܩܘܪ̈ܝܟ,,,,Peshitta,PESH
5,Deuteronomy,16,11,Deuteronomy 16:11,12,ܘܥܡܘܪܐ,,,,Peshitta,PESH
5,Deuteronomy,16,11,Deuteronomy 16:11,13,ܘܝܬܡܐ,,,,Peshitta,PESH
5,Deuteronomy,16,11,Deuteronomy 16:11,14,ܘܐܪܡܠܬܐ,,,,Peshitta,PESH
5,Deuteronomy,16,11,Deuteronomy 16:11,15,ܕܒܓܘܟ,,,,Peshitta,PESH
5,Deuteronomy,16,11,Deuteronomy 16:11,16,ܒܐܬܪܐ,,,,Peshitta,PESH
5,Deuteronomy,16,11,Deuteronomy 16:11,17,ܕܓ̇ܒܐ,,,,Peshitta,PESH
5,Deuteronomy,16,11,Deuteronomy 16:11,18,ܡܪܝܐ,,,,Peshitta,PESH
5,Deuteronomy,16,11,Deuteronomy 16:11,19,ܐܠܗܟ,,,,Peshitta,PESH
5,Deuteronomy,16,11,Deuteronomy 16:11,20,ܠܡܫܪܝܘ,,,,Peshitta,PESH
5,Deuteronomy,16,11,Deuteronomy 16:11,21,ܫܡܗ,,,,Peshitta,PESH
5,Deuteronomy,16,11,Deuteronomy 16:11,22,ܬܡܢ,,,,Peshitta,PESH
5,Deuteronomy,16,12,Deuteronomy 16:12,1,ܘܐܬܕܟܪ,,,,Peshitta,PESH
5,Deuteronomy,16,12,Deuteronomy 16:12,2,ܕܥܒ̣ܕܐ,,,,Peshitta,PESH
5,Deuteronomy,16,12,Deuteronomy 16:12,3,ܗܘܝܬ,,,,Peshitta,PESH
5,Deuteronomy,16,12,Deuteronomy 16:12,4,ܒܡܨܪܝܢ,,,,Peshitta,PESH
5,Deuteronomy,16,12,Deuteronomy 16:12,5,ܛܪ,,,,Peshitta,PESH
5,Deuteronomy,16,12,Deuteronomy 16:12,6,ܘܥܒܕ,,,,Peshitta,PESH
5,Deuteronomy,16,12,Deuteronomy 16:12,7,ܗܠܝܢ,,,,Peshitta,PESH
5,Deuteronomy,16,12,Deuteronomy 16:12,8,ܟܠܗܘܢ,,,,Peshitta,PESH
5,Deuteronomy,16,12,Deuteronomy 16:12,9,ܢܡ̈ܘܣܐ,,,,Peshitta,PESH
5,Deuteronomy,16,13,Deuteronomy 16:13,1,ܥܕܥܐܕܐ,,,,Peshitta,PESH
5,Deuteronomy,16,13,Deuteronomy 16:13,2,ܕܡ̈ܛܠܠܐ,,,,Peshitta,PESH
5,Deuteronomy,16,13,Deuteronomy 16:13,3,ܥܒܕ,,,,Peshitta,PESH
5,Deuteronomy,16,13,Deuteronomy 16:13,4,ܠܟ,,,,Peshitta,PESH
5,Deuteronomy,16,13,Deuteronomy 16:13,5,ܫܒܥܐ,,,,Peshitta,PESH
5,Deuteronomy,16,13,Deuteronomy 16:13,6,ܝܘܡ̈ܝܢ,,,,Peshitta,PESH
5,Deuteronomy,16,13,Deuteronomy 16:13,7,ܡܐ,,,,Peshitta,PESH
5,Deuteronomy,16,13,Deuteronomy 16:13,8,ܕܚ̇ܡܠ,,,,Peshitta,PESH
5,Deuteronomy,16,13,Deuteronomy 16:13,9,ܐܢܬ,,,,Peshitta,PESH
5,Deuteronomy,16,13,Deuteronomy 16:13,10,ܡܢ,,,,Peshitta,PESH
5,Deuteronomy,16,13,Deuteronomy 16:13,11,ܐܕܪܐ,,,,Peshitta,PESH
5,Deuteronomy,16,13,Deuteronomy 16:13,12,ܘܡܢ,,,,Peshitta,PESH
5,Deuteronomy,16,13,Deuteronomy 16:13,13,ܡܥܨܪܬܐ,,,,Peshitta,PESH
5,Deuteronomy,16,14,Deuteronomy 16:14,1,ܘܚܕܝ,,,,Peshitta,PESH
5,Deuteronomy,16,14,Deuteronomy 16:14,2,ܒܥܕܥܐܕܟ,,,,Peshitta,PESH
5,Deuteronomy,16,14,Deuteronomy 16:14,3,ܐܢܬ,,,,Peshitta,PESH
5,Deuteronomy,16,14,Deuteronomy 16:14,4,ܘܒܪܟ,,,,Peshitta,PESH
5,Deuteronomy,16,14,Deuteronomy 16:14,5,ܘܒܪܬܟ,,,,Peshitta,PESH
5,Deuteronomy,16,14,Deuteronomy 16:14,6,ܘܥܒܕܟ,,,,Peshitta,PESH
5,Deuteronomy,16,14,Deuteronomy 16:14,7,ܘܐܡܬܟ,,,,Peshitta,PESH
5,Deuteronomy,16,14,Deuteronomy 16:14,8,ܘܠܘܝܐ,,,,Peshitta,PESH
5,Deuteronomy,16,14,Deuteronomy 16:14,9,ܘܝܬܡܐ,,,,Peshitta,PESH
5,Deuteronomy,16,14,Deuteronomy 16:14,10,ܘܐܪܡܠܬܐ,,,,Peshitta,PESH
5,Deuteronomy,16,14,Deuteronomy 16:14,11,ܘܥܡܘܪܐ,,,,Peshitta,PESH
5,Deuteronomy,16,14,Deuteronomy 16:14,12,ܕܒܩܘܪ̈ܝܟ,,,,Peshitta,PESH
5,Deuteronomy,16,15,Deuteronomy 16:15,1,ܫܒܥܐ,,,,Peshitta,PESH
5,Deuteronomy,16,15,Deuteronomy 16:15,2,ܝܘܡ̈ܝܢ,,,,Peshitta,PESH
5,Deuteronomy,16,15,Deuteronomy 16:15,3,ܥܒܕ,,,,Peshitta,PESH
5,Deuteronomy,16,15,Deuteronomy 16:15,4,ܥܕܥܐܕܐ,,,,Peshitta,PESH
5,Deuteronomy,16,15,Deuteronomy 16:15,5,ܠܡܪܝܐ,,,,Peshitta,PESH
5,Deuteronomy,16,15,Deuteronomy 16:15,6,ܐܠܗܟ,,,,Peshitta,PESH
5,Deuteronomy,16,15,Deuteronomy 16:15,7,ܒܐܬܪܐ,,,,Peshitta,PESH
5,Deuteronomy,16,15,Deuteronomy 16:15,8,ܕܓ̇ܒܐ,,,,Peshitta,PESH
5,Deuteronomy,16,15,Deuteronomy 16:15,9,ܡܪܝܐ,,,,Peshitta,PESH
5,Deuteronomy,16,15,Deuteronomy 16:15,10,ܕܢܒܪܟܟ,,,,Peshitta,PESH
5,Deuteronomy,16,15,Deuteronomy 16:15,11,ܡܪܝܐ,,,,Peshitta,PESH
5,Deuteronomy,16,15,Deuteronomy 16:15,12,ܐܠܗܟ,,,,Peshitta,PESH
5,Deuteronomy,16,15,Deuteronomy 16:15,13,ܒܟܠܗ̇,,,,Peshitta,PESH
5,Deuteronomy,16,15,Deuteronomy 16:15,14,ܥܠܠܬܟ,,,,Peshitta,PESH
5,Deuteronomy,16,15,Deuteronomy 16:15,15,ܘܒܟܠܗ,,,,Peshitta,PESH
5,Deuteronomy,16,15,Deuteronomy 16:15,16,ܥܒ̇ܕܐ,,,,Peshitta,PESH
5,Deuteronomy,16,15,Deuteronomy 16:15,17,ܕܐ̈ܝܕܝܟ,,,,Peshitta,PESH
5,Deuteronomy,16,15,Deuteronomy 16:15,18,ܘܬܗܘܐ,,,,Peshitta,PESH
5,Deuteronomy,16,15,Deuteronomy 16:15,19,ܚ̇ܕܐ,,,,Peshitta,PESH
5,Deuteronomy,16,16,Deuteronomy 16:16,1,ܬܠܬ,,,,Peshitta,PESH
5,Deuteronomy,16,16,Deuteronomy 16:16,2,ܙܒܢܝ̈ܢ,,,,Peshitta,PESH
5,Deuteronomy,16,16,Deuteronomy 16:16,3,ܒܫܢܬܐ,,,,Peshitta,PESH
5,Deuteronomy,16,16,Deuteronomy 16:16,4,ܢܬܚܙܘܢ,,,,Peshitta,PESH
5,Deuteronomy,16,16,Deuteronomy 16:16,5,ܕܘܟܪ̈ܢܝܟ,,,,Peshitta,PESH
5,Deuteronomy,16,16,Deuteronomy 16:16,6,ܩܕܡ,,,,Peshitta,PESH
5,Deuteronomy,16,16,Deuteronomy 16:16,7,ܡܪܝܐ,,,,Peshitta,PESH
5,Deuteronomy,16,16,Deuteronomy 16:16,8,ܐܠܗܟ,,,,Peshitta,PESH
5,Deuteronomy,16,16,Deuteronomy 16:16,9,ܒܐܬܪܐ,,,,Peshitta,PESH
5,Deuteronomy,16,16,Deuteronomy 16:16,10,ܕܓ̇ܒܐ,,,,Peshitta,PESH
5,Deuteronomy,16,16,Deuteronomy 16:16,11,ܒܥܕܥܐܕܐ,,,,Peshitta,PESH
5,Deuteronomy,16,16,Deuteronomy 16:16,12,ܕܦܛܝܪ̈ܐ,,,,Peshitta,PESH
5,Deuteronomy,16,16,Deuteronomy 16:16,13,ܘܒܥܕܥܐܕܐ,,,,Peshitta,PESH
5,Deuteronomy,16,16,Deuteronomy 16:16,14,ܕܫܒ̈ܘܥܐ,,,,Peshitta,PESH
5,Deuteronomy,16,16,Deuteronomy 16:16,15,ܘܒܥܕܥܐܕܐ,,,,Peshitta,PESH
5,Deuteronomy,16,16,Deuteronomy 16:16,16,ܕܡ̈ܛܠܠܐ,,,,Peshitta,PESH
5,Deuteronomy,16,16,Deuteronomy 16:16,17,ܘܠܐ,,,,Peshitta,PESH
5,Deuteronomy,16,16,Deuteronomy 16:16,18,ܬܬܚܙܐ,,,,Peshitta,PESH
5,Deuteronomy,16,16,Deuteronomy 16:16,19,ܩܕܡ,,,,Peshitta,PESH
5,Deuteronomy,16,16,Deuteronomy 16:16,20,ܡܪܝܐ,,,,Peshitta,PESH
5,Deuteronomy,16,16,Deuteronomy 16:16,21,ܐܠܗܟ,,,,Peshitta,PESH
5,Deuteronomy,16,16,Deuteronomy 16:16,22,ܣܪܝܩܐܝܬ,,,,Peshitta,PESH
5,Deuteronomy,16,17,Deuteronomy 16:17,1,ܐܠܐ,,,,Peshitta,PESH
5,Deuteronomy,16,17,Deuteronomy 16:17,2,ܐܢܫ,,,,Peshitta,PESH
5,Deuteronomy,16,17,Deuteronomy 16:17,3,ܐܝܟ,,,,Peshitta,PESH
5,Deuteronomy,16,17,Deuteronomy 16:17,4,ܡܘܗܒܬܐ,,,,Peshitta,PESH
5,Deuteronomy,16,17,Deuteronomy 16:17,5,ܕܐܝܕܗ,,,,Peshitta,PESH
5,Deuteronomy,16,17,Deuteronomy 16:17,6,ܐܝܟ,,,,Peshitta,PESH
5,Deuteronomy,16,17,Deuteronomy 16:17,7,ܒܘܪܟܬܐ,,,,Peshitta,PESH
5,Deuteronomy,16,17,Deuteronomy 16:17,8,ܕܝ̇ܗܒ,,,,Peshitta,PESH
5,Deuteronomy,16,17,Deuteronomy 16:17,9,ܠܟ,,,,Peshitta,PESH
5,Deuteronomy,16,17,Deuteronomy 16:17,10,ܡܪܝܐ,,,,Peshitta,PESH
5,Deuteronomy,16,17,Deuteronomy 16:17,11,ܐܠܗܟ,,,,Peshitta,PESH
5,Deuteronomy,16,18,Deuteronomy 16:18,1,ܕܝ̇ܢ̈ܐ,,,,Peshitta,PESH
5,Deuteronomy,16,18,Deuteronomy 16:18,2,ܘܣܦܪ̈ܐ,,,,Peshitta,PESH
5,Deuteronomy,16,18,Deuteronomy 16:18,3,ܥܒ̣ܕ,,,,Peshitta,PESH
5,Deuteronomy,16,18,Deuteronomy 16:18,4,ܠܟ,,,,Peshitta,PESH
5,Deuteronomy,16,18,Deuteronomy 16:18,5,ܒܟܠܗܝܢ,,,,Peshitta,PESH
5,Deuteronomy,16,18,Deuteronomy 16:18,6,ܩܘܪ̈ܝܟ,,,,Peshitta,PESH
5,Deuteronomy,16,18,Deuteronomy 16:18,7,ܕܝ̇ܗܒ,,,,Peshitta,PESH
5,Deuteronomy,16,18,Deuteronomy 16:18,8,ܠܟ,,,,Peshitta,PESH
5,Deuteronomy,16,18,Deuteronomy 16:18,9,ܡܪܝܐ,,,,Peshitta,PESH
5,Deuteronomy,16,18,Deuteronomy 16:18,10,ܐܠܗܟ,,,,Peshitta,PESH
5,Deuteronomy,16,18,Deuteronomy 16:18,11,ܠܫ̈ܒܛܝܟ,,,,Peshitta,PESH
5,Deuteronomy,16,18,Deuteronomy 16:18,12,ܘܢܕܘܢܘܢ,,,,Peshitta,PESH
5,Deuteronomy,16,18,Deuteronomy 16:18,13,ܠܥܡܐ,,,,Peshitta,PESH
5,Deuteronomy,16,18,Deuteronomy 16:18,14,ܕܝ̈ܢ̣ܐ,,,,Peshitta,PESH
5,Deuteronomy,16,18,Deuteronomy 16:18,15,ܕܙܕܝܩܘܬܐ,,,,Peshitta,PESH
5,Deuteronomy,16,19,Deuteronomy 16:19,1,ܘܠܐ,,,,Peshitta,PESH
5,Deuteronomy,16,19,Deuteronomy 16:19,2,ܬܨܠܐ,,,,Peshitta,PESH
5,Deuteronomy,16,19,Deuteronomy 16:19,3,ܕܝܢ̣ܐ,,,,Peshitta,PESH
5,Deuteronomy,16,19,Deuteronomy 16:19,4,ܘܠܐ,,,,Peshitta,PESH
5,Deuteronomy,16,19,Deuteronomy 16:19,5,ܬܣܒ,,,,Peshitta,PESH
5,Deuteronomy,16,19,Deuteronomy 16:19,6,ܒܐ̈ܦܐ,,,,Peshitta,PESH
5,Deuteronomy,16,19,Deuteronomy 16:19,7,ܘܠܐ,,,,Peshitta,PESH
5,Deuteronomy,16,19,Deuteronomy 16:19,8,ܬܩܒܠ,,,,Peshitta,PESH
5,Deuteronomy,16,19,Deuteronomy 16:19,9,ܫܘܚܕܐ,,,,Peshitta,PESH
5,Deuteronomy,16,19,Deuteronomy 16:19,10,ܡܛܠ,,,,Peshitta,PESH
5,Deuteronomy,16,19,Deuteronomy 16:19,11,ܕܫܘܚܕܐ,,,,Peshitta,PESH
5,Deuteronomy,16,19,Deuteronomy 16:19,12,ܡܥܘܪ,,,,Peshitta,PESH
5,Deuteronomy,16,19,Deuteronomy 16:19,13,ܥܝ̈ܢܝܗܘܢ,,,,Peshitta,PESH
5,Deuteronomy,16,19,Deuteronomy 16:19,14,ܕܚ̈ܟܝܡܐ,,,,Peshitta,PESH
5,Deuteronomy,16,19,Deuteronomy 16:19,15,ܒܕܝܢ̣ܐ,,,,Peshitta,PESH
5,Deuteronomy,16,19,Deuteronomy 16:19,16,ܘܡܗܦܟ,,,,Peshitta,PESH
5,Deuteronomy,16,19,Deuteronomy 16:19,17,ܡ̈ܠܝܗܘܢ,,,,Peshitta,PESH
5,Deuteronomy,16,19,Deuteronomy 16:19,18,ܕܙܟ̈ܝܐ,,,,Peshitta,PESH
5,Deuteronomy,16,20,Deuteronomy 16:20,1,ܐܠܐ,,,,Peshitta,PESH
5,Deuteronomy,16,20,Deuteronomy 16:20,2,ܒܙܕܝܩܘܬܐ,,,,Peshitta,PESH
5,Deuteronomy,16,20,Deuteronomy 16:20,3,ܕܘܢ,,,,Peshitta,PESH
5,Deuteronomy,16,20,Deuteronomy 16:20,4,ܚܒܪܟ,,,,Peshitta,PESH
5,Deuteronomy,16,20,Deuteronomy 16:20,5,ܕܬܚܐ,,,,Peshitta,PESH
5,Deuteronomy,16,20,Deuteronomy 16:20,6,ܘܬܥܘܠ,,,,Peshitta,PESH
5,Deuteronomy,16,20,Deuteronomy 16:20,7,ܘܬܐܪܬ,,,,Peshitta,PESH
5,Deuteronomy,16,20,Deuteronomy 16:20,8,ܐܪܥܐ,,,,Peshitta,PESH
5,Deuteronomy,16,20,Deuteronomy 16:20,9,ܕܝ̇ܗܒ,,,,Peshitta,PESH
5,Deuteronomy,16,20,Deuteronomy 16:20,10,ܠܟ,,,,Peshitta,PESH
5,Deuteronomy,16,20,Deuteronomy 16:20,11,ܡܪܝܐ,,,,Peshitta,PESH
5,Deuteronomy,16,20,Deuteronomy 16:20,12,ܐܠܗܟ,,,,Peshitta,PESH
5,Deuteronomy,16,21,Deuteronomy 16:21,1,ܠܐ,,,,Peshitta,PESH
5,Deuteronomy,16,21,Deuteronomy 16:21,2,ܬܨܘܒ,,,,Peshitta,PESH
5,Deuteronomy,16,21,Deuteronomy 16:21,3,ܠܟ,,,,Peshitta,PESH
5,Deuteronomy,16,21,Deuteronomy 16:21,4,ܫ̈ܬܠܬܐ,,,,Peshitta,PESH
5,Deuteronomy,16,21,Deuteronomy 16:21,5,ܕܟܠ,,,,Peshitta,PESH
5,Deuteronomy,16,21,Deuteronomy 16:21,6,ܐܝܠܢ,,,,Peshitta,PESH
5,Deuteronomy,16,21,Deuteronomy 16:21,7,ܥܠ,,,,Peshitta,PESH
5,Deuteronomy,16,21,Deuteronomy 16:21,8,ܓܢܒ,,,,Peshitta,PESH
5,Deuteronomy,16,21,Deuteronomy 16:21,9,ܡܕܒܚܐ,,,,Peshitta,PESH
5,Deuteronomy,16,21,Deuteronomy 16:21,10,ܕܡܪܝܐ,,,,Peshitta,PESH
5,Deuteronomy,16,21,Deuteronomy 16:21,11,ܐܠܗܟ,,,,Peshitta,PESH
5,Deuteronomy,16,21,Deuteronomy 16:21,12,ܕܬܥܒܕ,,,,Peshitta,PESH
5,Deuteronomy,16,21,Deuteronomy 16:21,13,ܠܟ,,,,Peshitta,PESH
5,Deuteronomy,16,22,Deuteronomy 16:22,1,ܘܠܐ,,,,Peshitta,PESH
5,Deuteronomy,16,22,Deuteronomy 16:22,2,ܬܩܝܡ,,,,Peshitta,PESH
5,Deuteronomy,16,22,Deuteronomy 16:22,3,ܠܟ,,,,Peshitta,PESH
5,Deuteronomy,16,22,Deuteronomy 16:22,4,ܩܝܡܬܐ,,,,Peshitta,PESH
5,Deuteronomy,16,22,Deuteronomy 16:22,5,ܡܕܡ,,,,Peshitta,PESH
5,Deuteronomy,16,22,Deuteronomy 16:22,6,ܕܣ̇ܢܐ,,,,Peshitta,PESH
5,Deuteronomy,16,22,Deuteronomy 16:22,7,ܡܪܝܐ,,,,Peshitta,PESH
5,Deuteronomy,16,22,Deuteronomy 16:22,8,ܐܠܗܟ,,,,Peshitta,PESH
5,Deuteronomy,17,1,Deuteronomy 17:1,1,ܠܐ,,,,Peshitta,PESH
5,Deuteronomy,17,1,Deuteronomy 17:1,2,ܬܟܘܣ,,,,Peshitta,PESH
5,Deuteronomy,17,1,Deuteronomy 17:1,3,ܠܡܪܝܐ,,,,Peshitta,PESH
5,Deuteronomy,17,1,Deuteronomy 17:1,4,ܐܠܗܟ,,,,Peshitta,PESH
5,Deuteronomy,17,1,Deuteronomy 17:1,5,ܬܘܪܐ,,,,Peshitta,PESH
5,Deuteronomy,17,1,Deuteronomy 17:1,6,ܐܘ,,,,Peshitta,PESH
5,Deuteronomy,17,1,Deuteronomy 17:1,7,ܐܡܪܐ,,,,Peshitta,PESH
5,Deuteronomy,17,1,Deuteronomy 17:1,8,ܕܐܝܬ,,,,Peshitta,PESH
5,Deuteronomy,17,1,Deuteronomy 17:1,9,ܒܗ,,,,Peshitta,PESH
5,Deuteronomy,17,1,Deuteronomy 17:1,10,ܡܘܡܐ,,,,Peshitta,PESH
5,Deuteronomy,17,1,Deuteronomy 17:1,11,ܟܠ,,,,Peshitta,PESH
5,Deuteronomy,17,1,Deuteronomy 17:1,12,ܡܕܡ,,,,Peshitta,PESH
5,Deuteronomy,17,1,Deuteronomy 17:1,13,ܕܣ̣ܢܐ,,,,Peshitta,PESH
5,Deuteronomy,17,1,Deuteronomy 17:1,14,ܡܛܠ,,,,Peshitta,PESH
5,Deuteronomy,17,1,Deuteronomy 17:1,15,ܕܛܡܐ,,,,Peshitta,PESH
5,Deuteronomy,17,1,Deuteronomy 17:1,16,ܗܘ,,,,Peshitta,PESH
5,Deuteronomy,17,1,Deuteronomy 17:1,17,ܩܕܡ,,,,Peshitta,PESH
5,Deuteronomy,17,1,Deuteronomy 17:1,18,ܡܪܝܐ,,,,Peshitta,PESH
5,Deuteronomy,17,1,Deuteronomy 17:1,19,ܐܠܗܟ,,,,Peshitta,PESH
5,Deuteronomy,17,2,Deuteronomy 17:2,1,ܘܐܢ,,,,Peshitta,PESH
5,Deuteronomy,17,2,Deuteronomy 17:2,2,ܢܫܬܟܚ,,,,Peshitta,PESH
5,Deuteronomy,17,2,Deuteronomy 17:2,3,ܒܝܢܬܟܘܢ,,,,Peshitta,PESH
5,Deuteronomy,17,2,Deuteronomy 17:2,4,ܒܚܕܐ,,,,Peshitta,PESH
5,Deuteronomy,17,2,Deuteronomy 17:2,5,ܡܢ,,,,Peshitta,PESH
5,Deuteronomy,17,2,Deuteronomy 17:2,6,ܩܘܪ̈ܝܟܘܢ,,,,Peshitta,PESH
5,Deuteronomy,17,2,Deuteronomy 17:2,7,ܕܝ̇ܗܒ,,,,Peshitta,PESH
5,Deuteronomy,17,2,Deuteronomy 17:2,8,ܠܟܘܢ,,,,Peshitta,PESH
5,Deuteronomy,17,2,Deuteronomy 17:2,9,ܡܪܝܐ,,,,Peshitta,PESH
5,Deuteronomy,17,2,Deuteronomy 17:2,10,ܐܠܗܟܘܢ,,,,Peshitta,PESH
5,Deuteronomy,17,2,Deuteronomy 17:2,11,ܓܒܪܐ,,,,Peshitta,PESH
5,Deuteronomy,17,2,Deuteronomy 17:2,12,ܐܘ,,,,Peshitta,PESH
5,Deuteronomy,17,2,Deuteronomy 17:2,13,ܐܢܬܬܐ,,,,Peshitta,PESH
5,Deuteronomy,17,2,Deuteronomy 17:2,14,ܕܢܥܒܕ,,,,Peshitta,PESH
5,Deuteronomy,17,2,Deuteronomy 17:2,15,ܕܒܝܫ,,,,Peshitta,PESH
5,Deuteronomy,17,2,Deuteronomy 17:2,16,ܩܕܡ,,,,Peshitta,PESH
5,Deuteronomy,17,2,Deuteronomy 17:2,17,ܡܪܝܐ,,,,Peshitta,PESH
5,Deuteronomy,17,2,Deuteronomy 17:2,18,ܐܠܗܟ,,,,Peshitta,PESH
5,Deuteronomy,17,2,Deuteronomy 17:2,19,ܘܢܥܒܪ,,,,Peshitta,PESH
5,Deuteronomy,17,2,Deuteronomy 17:2,20,ܥܠ,,,,Peshitta,PESH
5,Deuteronomy,17,2,Deuteronomy 17:2,21,ܩܝܡܗ,,,,Peshitta,PESH
5,Deuteronomy,17,3,Deuteronomy 17:3,1,ܘܢܐܙܠ,,,,Peshitta,PESH
5,Deuteronomy,17,3,Deuteronomy 17:3,2,ܘܢܦܠܘܚ,,,,Peshitta,PESH
5,Deuteronomy,17,3,Deuteronomy 17:3,3,ܠܐ̈ܠܗܐ,,,,Peshitta,PESH
5,Deuteronomy,17,3,Deuteronomy 17:3,4,ܐܚܪ̈ܢܐ,,,,Peshitta,PESH
5,Deuteronomy,17,3,Deuteronomy 17:3,5,ܘܢܣܓܘܕ,,,,Peshitta,PESH
5,Deuteronomy,17,3,Deuteronomy 17:3,6,ܠܗܘܢ,,,,Peshitta,PESH
5,Deuteronomy,17,3,Deuteronomy 17:3,7,ܐܘ,,,,Peshitta,PESH
5,Deuteronomy,17,3,Deuteronomy 17:3,8,ܠܫܡܫܐ,,,,Peshitta,PESH
5,Deuteronomy,17,3,Deuteronomy 17:3,9,ܐܘ,,,,Peshitta,PESH
5,Deuteronomy,17,3,Deuteronomy 17:3,10,ܠܣܗܪܐ,,,,Peshitta,PESH
5,Deuteronomy,17,3,Deuteronomy 17:3,11,ܐܘ,,,,Peshitta,PESH
5,Deuteronomy,17,3,Deuteronomy 17:3,12,ܠܟܠ,,,,Peshitta,PESH
5,Deuteronomy,17,3,Deuteronomy 17:3,13,ܚܝ̈ܠܘܬܐ,,,,Peshitta,PESH
5,Deuteronomy,17,3,Deuteronomy 17:3,14,ܕܫܡܝܐ,,,,Peshitta,PESH
5,Deuteronomy,17,3,Deuteronomy 17:3,15,ܕܠܐ,,,,Peshitta,PESH
5,Deuteronomy,17,3,Deuteronomy 17:3,16,ܦ̇ܩܕܬ,,,,Peshitta,PESH
5,Deuteronomy,17,4,Deuteronomy 17:4,1,ܘܢܚܘܘܢܟ,,,,Peshitta,PESH
5,Deuteronomy,17,4,Deuteronomy 17:4,2,ܘܬܫܡܥ,,,,Peshitta,PESH
5,Deuteronomy,17,4,Deuteronomy 17:4,3,ܘܬܥܩܒ,,,,Peshitta,PESH
5,Deuteronomy,17,4,Deuteronomy 17:4,4,ܫܦܝܪ,,,,Peshitta,PESH
5,Deuteronomy,17,4,Deuteronomy 17:4,5,ܐܢ,,,,Peshitta,PESH
5,Deuteronomy,17,4,Deuteronomy 17:4,6,ܫܪܝܪܐ,,,,Peshitta,PESH
5,Deuteronomy,17,4,Deuteronomy 17:4,7,ܗܝ,,,,Peshitta,PESH
5,Deuteronomy,17,4,Deuteronomy 17:4,8,ܡܠܬܐ,,,,Peshitta,PESH
5,Deuteronomy,17,4,Deuteronomy 17:4,9,ܘܐܬܥܒܕܬ,,,,Peshitta,PESH
5,Deuteronomy,17,4,Deuteronomy 17:4,10,ܗܕܐ,,,,Peshitta,PESH
5,Deuteronomy,17,4,Deuteronomy 17:4,11,ܛܢܦܘܬܐ,,,,Peshitta,PESH
5,Deuteronomy,17,4,Deuteronomy 17:4,12,ܒܐܝܣܪܐܝܠ,,,,Peshitta,PESH
5,Deuteronomy,17,5,Deuteronomy 17:5,1,ܐܦܩܝܗܝ,,,,Peshitta,PESH
5,Deuteronomy,17,5,Deuteronomy 17:5,2,ܠܓܒܪܐ,,,,Peshitta,PESH
5,Deuteronomy,17,5,Deuteronomy 17:5,3,ܗ̇ܘ,,,,Peshitta,PESH
5,Deuteronomy,17,5,Deuteronomy 17:5,4,ܐܘ,,,,Peshitta,PESH
5,Deuteronomy,17,5,Deuteronomy 17:5,5,ܠܐܢܬܬܐ,,,,Peshitta,PESH
5,Deuteronomy,17,5,Deuteronomy 17:5,6,ܗ̇ܝ,,,,Peshitta,PESH
5,Deuteronomy,17,5,Deuteronomy 17:5,7,ܕܥܒܕܘ,,,,Peshitta,PESH
5,Deuteronomy,17,5,Deuteronomy 17:5,8,ܦܬܓܡܐ,,,,Peshitta,PESH
5,Deuteronomy,17,5,Deuteronomy 17:5,9,ܗܢܐ,,,,Peshitta,PESH
5,Deuteronomy,17,5,Deuteronomy 17:5,10,ܒܝܫܐ,,,,Peshitta,PESH
5,Deuteronomy,17,5,Deuteronomy 17:5,11,ܒܩܘܪ̈ܝܟܘܢ,,,,Peshitta,PESH
5,Deuteronomy,17,5,Deuteronomy 17:5,12,ܐܢ,,,,Peshitta,PESH
5,Deuteronomy,17,5,Deuteronomy 17:5,13,ܓܒܪܐ,,,,Peshitta,PESH
5,Deuteronomy,17,5,Deuteronomy 17:5,14,ܗܘ,,,,Peshitta,PESH
5,Deuteronomy,17,5,Deuteronomy 17:5,15,ܐܘ,,,,Peshitta,PESH
5,Deuteronomy,17,5,Deuteronomy 17:5,16,ܐܢܬܬܐ,,,,Peshitta,PESH
5,Deuteronomy,17,5,Deuteronomy 17:5,17,ܘܪܓܘܡܘ,,,,Peshitta,PESH
5,Deuteronomy,17,5,Deuteronomy 17:5,18,ܐܢܘܢ,,,,Peshitta,PESH
5,Deuteronomy,17,5,Deuteronomy 17:5,19,ܒܟܐ̈ܦܐ,,,,Peshitta,PESH
5,Deuteronomy,17,5,Deuteronomy 17:5,20,ܘܢܡܘܬܘܢ,,,,Peshitta,PESH
5,Deuteronomy,17,6,Deuteronomy 17:6,1,ܥܠ,,,,Peshitta,PESH
5,Deuteronomy,17,6,Deuteronomy 17:6,2,ܦܘܡ,,,,Peshitta,PESH
5,Deuteronomy,17,6,Deuteronomy 17:6,3,ܬܪ̈ܝܢ,,,,Peshitta,PESH
5,Deuteronomy,17,6,Deuteronomy 17:6,4,ܣܗ̈ܕܝܢ,,,,Peshitta,PESH
5,Deuteronomy,17,6,Deuteronomy 17:6,5,ܐܘ,,,,Peshitta,PESH
5,Deuteronomy,17,6,Deuteronomy 17:6,6,ܥܠ,,,,Peshitta,PESH
5,Deuteronomy,17,6,Deuteronomy 17:6,7,ܦܘܡ,,,,Peshitta,PESH
5,Deuteronomy,17,6,Deuteronomy 17:6,8,ܬܠܬܐ,,,,Peshitta,PESH
5,Deuteronomy,17,6,Deuteronomy 17:6,9,ܣܗ̈ܕܝܢ,,,,Peshitta,PESH
5,Deuteronomy,17,6,Deuteronomy 17:6,10,ܢܬܩܛܠ,,,,Peshitta,PESH
5,Deuteronomy,17,6,Deuteronomy 17:6,11,ܡ̇ܢ,,,,Peshitta,PESH
5,Deuteronomy,17,6,Deuteronomy 17:6,12,ܕܚܝܒ,,,,Peshitta,PESH
5,Deuteronomy,17,6,Deuteronomy 17:6,13,ܡܘܬܐ,,,,Peshitta,PESH
5,Deuteronomy,17,6,Deuteronomy 17:6,14,ܠܐ,,,,Peshitta,PESH
5,Deuteronomy,17,6,Deuteronomy 17:6,15,ܢܬܩܛܠ,,,,Peshitta,PESH
5,Deuteronomy,17,6,Deuteronomy 17:6,16,ܥܠ,,,,Peshitta,PESH
5,Deuteronomy,17,6,Deuteronomy 17:6,17,ܦܘܡ,,,,Peshitta,PESH
5,Deuteronomy,17,6,Deuteronomy 17:6,18,ܣܗܕܐ,,,,Peshitta,PESH
5,Deuteronomy,17,6,Deuteronomy 17:6,19,ܚܕ,,,,Peshitta,PESH
5,Deuteronomy,17,7,Deuteronomy 17:7,1,ܘܐܝܕܐ,,,,Peshitta,PESH
5,Deuteronomy,17,7,Deuteronomy 17:7,2,ܕܣܗ̈ܕܐ,,,,Peshitta,PESH
5,Deuteronomy,17,7,Deuteronomy 17:7,3,ܬܫܪܐ,,,,Peshitta,PESH
5,Deuteronomy,17,7,Deuteronomy 17:7,4,ܒܗ,,,,Peshitta,PESH
5,Deuteronomy,17,7,Deuteronomy 17:7,5,ܒܩܕܡܝܬܐ,,,,Peshitta,PESH
5,Deuteronomy,17,7,Deuteronomy 17:7,6,ܠܡܩܛܠܗ,,,,Peshitta,PESH
5,Deuteronomy,17,7,Deuteronomy 17:7,7,ܘܐܝܕܐ,,,,Peshitta,PESH
5,Deuteronomy,17,7,Deuteronomy 17:7,8,ܕܟܠܗ,,,,Peshitta,PESH
5,Deuteronomy,17,7,Deuteronomy 17:7,9,ܥܡܐ,,,,Peshitta,PESH
5,Deuteronomy,17,7,Deuteronomy 17:7,10,ܒܐܚܪܝܬܐ,,,,Peshitta,PESH
5,Deuteronomy,17,7,Deuteronomy 17:7,11,ܘܐܘܒܕܘ,,,,Peshitta,PESH
5,Deuteronomy,17,7,Deuteronomy 17:7,12,ܥ̇ܒ̈ܕܝ,,,,Peshitta,PESH
5,Deuteronomy,17,7,Deuteronomy 17:7,13,ܒܝܫ̈ܬܐ,,,,Peshitta,PESH
5,Deuteronomy,17,7,Deuteronomy 17:7,14,ܡܢ,,,,Peshitta,PESH
5,Deuteronomy,17,7,Deuteronomy 17:7,15,ܒܝܢܬܟܘܢ,,,,Peshitta,PESH
5,Deuteronomy,17,8,Deuteronomy 17:8,1,ܘܟܕ,,,,Peshitta,PESH
5,Deuteronomy,17,8,Deuteronomy 17:8,2,ܢܬܟܣܐ,,,,Peshitta,PESH
5,Deuteronomy,17,8,Deuteronomy 17:8,3,ܡܢܟܘܢ,,,,Peshitta,PESH
5,Deuteronomy,17,8,Deuteronomy 17:8,4,ܦܬܓܡܐ,,,,Peshitta,PESH
5,Deuteronomy,17,8,Deuteronomy 17:8,5,ܕܕܝ̣ܢܐ,,,,Peshitta,PESH
5,Deuteronomy,17,8,Deuteronomy 17:8,6,ܒܝܬ,,,,Peshitta,PESH
5,Deuteronomy,17,8,Deuteronomy 17:8,7,ܕܡܐ,,,,Peshitta,PESH
5,Deuteronomy,17,8,Deuteronomy 17:8,8,ܠܕܡܐ,,,,Peshitta,PESH
5,Deuteronomy,17,8,Deuteronomy 17:8,9,ܘܒܝܬ,,,,Peshitta,PESH
5,Deuteronomy,17,8,Deuteronomy 17:8,10,ܕܝܢ̣ܐ,,,,Peshitta,PESH
5,Deuteronomy,17,8,Deuteronomy 17:8,11,ܠܕܝܢ̣ܐ,,,,Peshitta,PESH
5,Deuteronomy,17,8,Deuteronomy 17:8,12,ܘܒܝܬ,,,,Peshitta,PESH
5,Deuteronomy,17,8,Deuteronomy 17:8,13,ܡܚܘܬܐ,,,,Peshitta,PESH
5,Deuteronomy,17,8,Deuteronomy 17:8,14,ܕܓܪܒܐ,,,,Peshitta,PESH
5,Deuteronomy,17,8,Deuteronomy 17:8,15,ܠܒܝܬ,,,,Peshitta,PESH
5,Deuteronomy,17,8,Deuteronomy 17:8,16,ܡܚܘܬܐ,,,,Peshitta,PESH
5,Deuteronomy,17,8,Deuteronomy 17:8,17,ܕܓܪܒܐ,,,,Peshitta,PESH
5,Deuteronomy,17,8,Deuteronomy 17:8,18,ܦܬܓܡܐ,,,,Peshitta,PESH
5,Deuteronomy,17,8,Deuteronomy 17:8,19,ܕܚܪܝܢܐ,,,,Peshitta,PESH
5,Deuteronomy,17,8,Deuteronomy 17:8,20,ܒܩܘܪ̈ܝܟܘܢ,,,,Peshitta,PESH
5,Deuteronomy,17,8,Deuteronomy 17:8,21,ܬܩܘܡ,,,,Peshitta,PESH
5,Deuteronomy,17,8,Deuteronomy 17:8,22,ܘܬܐܙܠ,,,,Peshitta,PESH
5,Deuteronomy,17,8,Deuteronomy 17:8,23,ܠܐܬܪܐ,,,,Peshitta,PESH
5,Deuteronomy,17,8,Deuteronomy 17:8,24,ܕܢܓܒܐ,,,,Peshitta,PESH
5,Deuteronomy,17,8,Deuteronomy 17:8,25,ܠܗ,,,,Peshitta,PESH
5,Deuteronomy,17,8,Deuteronomy 17:8,26,ܡܪܝܐ,,,,Peshitta,PESH
5,Deuteronomy,17,8,Deuteronomy 17:8,27,ܐܠܗܟ,,,,Peshitta,PESH
5,Deuteronomy,17,9,Deuteronomy 17:9,1,ܘܬܐܙܠ,,,,Peshitta,PESH
5,Deuteronomy,17,9,Deuteronomy 17:9,2,ܠܘܬ,,,,Peshitta,PESH
5,Deuteronomy,17,9,Deuteronomy 17:9,3,ܟܗܢܐ,,,,Peshitta,PESH
5,Deuteronomy,17,9,Deuteronomy 17:9,4,ܘܠܘܬ,,,,Peshitta,PESH
5,Deuteronomy,17,9,Deuteronomy 17:9,5,ܠܘܝܐ,,,,Peshitta,PESH
5,Deuteronomy,17,9,Deuteronomy 17:9,6,ܐܘ,,,,Peshitta,PESH
5,Deuteronomy,17,9,Deuteronomy 17:9,7,ܠܘܬ,,,,Peshitta,PESH
5,Deuteronomy,17,9,Deuteronomy 17:9,8,ܕܝ̇ܢܐ,,,,Peshitta,PESH
5,Deuteronomy,17,9,Deuteronomy 17:9,9,ܕܢܗܘܐ,,,,Peshitta,PESH
5,Deuteronomy,17,9,Deuteronomy 17:9,10,ܒܝ̈ܘܡܬܐ,,,,Peshitta,PESH
5,Deuteronomy,17,9,Deuteronomy 17:9,11,ܗ̇ܢܘܢ,,,,Peshitta,PESH
5,Deuteronomy,17,9,Deuteronomy 17:9,12,ܘܬܫܐܠ,,,,Peshitta,PESH
5,Deuteronomy,17,9,Deuteronomy 17:9,13,ܘܢܚܘܘܢܟ,,,,Peshitta,PESH
5,Deuteronomy,17,9,Deuteronomy 17:9,14,ܦܬܓܡܐ,,,,Peshitta,PESH
5,Deuteronomy,17,9,Deuteronomy 17:9,15,ܕܕܝܢ̣ܐ,,,,Peshitta,PESH
5,Deuteronomy,17,10,Deuteronomy 17:10,1,ܘܬܥܒܕ,,,,Peshitta,PESH
5,Deuteronomy,17,10,Deuteronomy 17:10,2,ܡܢ,,,,Peshitta,PESH
5,Deuteronomy,17,10,Deuteronomy 17:10,3,ܦܘܡ,,,,Peshitta,PESH
5,Deuteronomy,17,10,Deuteronomy 17:10,4,ܦܬܓܡܐ,,,,Peshitta,PESH
5,Deuteronomy,17,10,Deuteronomy 17:10,5,ܕܢܚܘܘܢܟ,,,,Peshitta,PESH
5,Deuteronomy,17,10,Deuteronomy 17:10,6,ܡܢ,,,,Peshitta,PESH
5,Deuteronomy,17,10,Deuteronomy 17:10,7,ܐܬܪܐ,,,,Peshitta,PESH
5,Deuteronomy,17,10,Deuteronomy 17:10,8,ܗ̇ܘ,,,,Peshitta,PESH
5,Deuteronomy,17,10,Deuteronomy 17:10,9,ܐܝܟ,,,,Peshitta,PESH
5,Deuteronomy,17,10,Deuteronomy 17:10,10,ܕܐܡܪ,,,,Peshitta,PESH
5,Deuteronomy,17,10,Deuteronomy 17:10,11,ܡܪܝܐ,,,,Peshitta,PESH
5,Deuteronomy,17,10,Deuteronomy 17:10,12,ܘܬܛܪ,,,,Peshitta,PESH
5,Deuteronomy,17,10,Deuteronomy 17:10,13,ܘܬܥܒܕ,,,,Peshitta,PESH
5,Deuteronomy,17,10,Deuteronomy 17:10,14,ܐܝܟ,,,,Peshitta,PESH
5,Deuteronomy,17,10,Deuteronomy 17:10,15,ܕܢܠܦܘܢܟ,,,,Peshitta,PESH
5,Deuteronomy,17,11,Deuteronomy 17:11,1,ܡܢ,,,,Peshitta,PESH
5,Deuteronomy,17,11,Deuteronomy 17:11,2,ܦܘܡ,,,,Peshitta,PESH
5,Deuteronomy,17,11,Deuteronomy 17:11,3,ܢܡܘܣܐ,,,,Peshitta,PESH
5,Deuteronomy,17,11,Deuteronomy 17:11,4,ܕܢܚܘܘܢܟ,,,,Peshitta,PESH
5,Deuteronomy,17,11,Deuteronomy 17:11,5,ܘܡܢ,,,,Peshitta,PESH
5,Deuteronomy,17,11,Deuteronomy 17:11,6,ܦܘܡ,,,,Peshitta,PESH
5,Deuteronomy,17,11,Deuteronomy 17:11,7,ܕܝܢ̣ܐ,,,,Peshitta,PESH
5,Deuteronomy,17,11,Deuteronomy 17:11,8,ܕܢܐܡܪܘܢ,,,,Peshitta,PESH
5,Deuteronomy,17,11,Deuteronomy 17:11,9,ܠܟ,,,,Peshitta,PESH
5,Deuteronomy,17,11,Deuteronomy 17:11,10,ܬܥܒܕ,,,,Peshitta,PESH
5,Deuteronomy,17,11,Deuteronomy 17:11,11,ܘܠܐ,,,,Peshitta,PESH
5,Deuteronomy,17,11,Deuteronomy 17:11,12,ܬܣܛܐ,,,,Peshitta,PESH
5,Deuteronomy,17,11,Deuteronomy 17:11,13,ܡܢ,,,,Peshitta,PESH
5,Deuteronomy,17,11,Deuteronomy 17:11,14,ܦܘܡ,,,,Peshitta,PESH
5,Deuteronomy,17,11,Deuteronomy 17:11,15,ܦܬܓܡܐ,,,,Peshitta,PESH
5,Deuteronomy,17,11,Deuteronomy 17:11,16,ܕܢܚܘܘܢܟ,,,,Peshitta,PESH
5,Deuteronomy,17,11,Deuteronomy 17:11,17,ܠܐ,,,,Peshitta,PESH
5,Deuteronomy,17,11,Deuteronomy 17:11,18,ܠܝܡܝܢܐ,,,,Peshitta,PESH
5,Deuteronomy,17,11,Deuteronomy 17:11,19,ܘܠܐ,,,,Peshitta,PESH
5,Deuteronomy,17,11,Deuteronomy 17:11,20,ܠܣܡܠܐ,,,,Peshitta,PESH
5,Deuteronomy,17,12,Deuteronomy 17:12,1,ܘܓܒܪܐ,,,,Peshitta,PESH
5,Deuteronomy,17,12,Deuteronomy 17:12,2,ܕܢܥܒܕ,,,,Peshitta,PESH
5,Deuteronomy,17,12,Deuteronomy 17:12,3,ܒܡܪܚܘܬܐ,,,,Peshitta,PESH
5,Deuteronomy,17,12,Deuteronomy 17:12,4,ܘܠܐ,,,,Peshitta,PESH
5,Deuteronomy,17,12,Deuteronomy 17:12,5,ܢܫܡܥ,,,,Peshitta,PESH
5,Deuteronomy,17,12,Deuteronomy 17:12,6,ܠܟܗܢܐ,,,,Peshitta,PESH
5,Deuteronomy,17,12,Deuteronomy 17:12,7,ܕܩ̇ܐܡ,,,,Peshitta,PESH
5,Deuteronomy,17,12,Deuteronomy 17:12,8,ܠܡܫܡܫܘ,,,,Peshitta,PESH
5,Deuteronomy,17,12,Deuteronomy 17:12,9,ܬܡܢ,,,,Peshitta,PESH
5,Deuteronomy,17,12,Deuteronomy 17:12,10,ܩܕܡ,,,,Peshitta,PESH
5,Deuteronomy,17,12,Deuteronomy 17:12,11,ܡܪܝܐ,,,,Peshitta,PESH
5,Deuteronomy,17,12,Deuteronomy 17:12,12,ܐܠܗܟ,,,,Peshitta,PESH
5,Deuteronomy,17,12,Deuteronomy 17:12,13,ܐܘ,,,,Peshitta,PESH
5,Deuteronomy,17,12,Deuteronomy 17:12,14,ܠܕܝ̇ܢܐ,,,,Peshitta,PESH
5,Deuteronomy,17,12,Deuteronomy 17:12,15,ܢܬܩܛܠ,,,,Peshitta,PESH
5,Deuteronomy,17,12,Deuteronomy 17:12,16,ܓܒܪܐ,,,,Peshitta,PESH
5,Deuteronomy,17,12,Deuteronomy 17:12,17,ܗ̇ܘ,,,,Peshitta,PESH
5,Deuteronomy,17,12,Deuteronomy 17:12,18,ܘܐܘܒܕܘ,,,,Peshitta,PESH
5,Deuteronomy,17,12,Deuteronomy 17:12,19,ܥ̇ܒ̈ܕܝ,,,,Peshitta,PESH
5,Deuteronomy,17,12,Deuteronomy 17:12,20,ܒܝܫ̈ܬܐ,,,,Peshitta,PESH
5,Deuteronomy,17,12,Deuteronomy 17:12,21,ܡܢ,,,,Peshitta,PESH
5,Deuteronomy,17,12,Deuteronomy 17:12,22,ܐܝܣܪܐܝܠ,,,,Peshitta,PESH
5,Deuteronomy,17,13,Deuteronomy 17:13,1,ܘܟܠܗ,,,,Peshitta,PESH
5,Deuteronomy,17,13,Deuteronomy 17:13,2,ܥܡܐ,,,,Peshitta,PESH
5,Deuteronomy,17,13,Deuteronomy 17:13,3,ܢܫܡܥܘܢ,,,,Peshitta,PESH
5,Deuteronomy,17,13,Deuteronomy 17:13,4,ܘܢܕܚܠܘܢ,,,,Peshitta,PESH
5,Deuteronomy,17,13,Deuteronomy 17:13,5,ܘܬܘܒ,,,,Peshitta,PESH
5,Deuteronomy,17,13,Deuteronomy 17:13,6,ܠܐ,,,,Peshitta,PESH
5,Deuteronomy,17,13,Deuteronomy 17:13,7,ܢܡܪܚܘܢ,,,,Peshitta,PESH
5,Deuteronomy,17,14,Deuteronomy 17:14,1,ܘܟܕ,,,,Peshitta,PESH
5,Deuteronomy,17,14,Deuteronomy 17:14,2,ܬܥܘܠ,,,,Peshitta,PESH
5,Deuteronomy,17,14,Deuteronomy 17:14,3,ܠܐܪܥܐ,,,,Peshitta,PESH
5,Deuteronomy,17,14,Deuteronomy 17:14,4,ܕܝ̇ܗܒ,,,,Peshitta,PESH
5,Deuteronomy,17,14,Deuteronomy 17:14,5,ܠܟ,,,,Peshitta,PESH
5,Deuteronomy,17,14,Deuteronomy 17:14,6,ܡܪܝܐ,,,,Peshitta,PESH
5,Deuteronomy,17,14,Deuteronomy 17:14,7,ܐܠܗܟ,,,,Peshitta,PESH
5,Deuteronomy,17,14,Deuteronomy 17:14,8,ܘܬܐܪܬܝܗ̇,,,,Peshitta,PESH
5,Deuteronomy,17,14,Deuteronomy 17:14,9,ܘܬܬܒ,,,,Peshitta,PESH
5,Deuteronomy,17,14,Deuteronomy 17:14,10,ܒܗ̇,,,,Peshitta,PESH
5,Deuteronomy,17,14,Deuteronomy 17:14,11,ܘܬܐܡܪ,,,,Peshitta,PESH
5,Deuteronomy,17,14,Deuteronomy 17:14,12,ܐܩܝܡ,,,,Peshitta,PESH
5,Deuteronomy,17,14,Deuteronomy 17:14,13,ܥܠܝ,,,,Peshitta,PESH
5,Deuteronomy,17,14,Deuteronomy 17:14,14,ܡܠܟܐ,,,,Peshitta,PESH
5,Deuteronomy,17,14,Deuteronomy 17:14,15,ܐܝܟ,,,,Peshitta,PESH
5,Deuteronomy,17,14,Deuteronomy 17:14,16,ܗܠܝܢ,,,,Peshitta,PESH
5,Deuteronomy,17,14,Deuteronomy 17:14,17,ܥܡ̈ܡܐ,,,,Peshitta,PESH
5,Deuteronomy,17,14,Deuteronomy 17:14,18,ܕܒܚܕܪ̈ܝ,,,,Peshitta,PESH
5,Deuteronomy,17,15,Deuteronomy 17:15,1,ܡܩܡܘ,,,,Peshitta,PESH
5,Deuteronomy,17,15,Deuteronomy 17:15,2,ܐܩܝܡ,,,,Peshitta,PESH
5,Deuteronomy,17,15,Deuteronomy 17:15,3,ܥܠܝܟ,,,,Peshitta,PESH
5,Deuteronomy,17,15,Deuteronomy 17:15,4,ܡܠܟܐ,,,,Peshitta,PESH
5,Deuteronomy,17,15,Deuteronomy 17:15,5,ܐܝܢܐ,,,,Peshitta,PESH
5,Deuteronomy,17,15,Deuteronomy 17:15,6,ܕܓ̇ܒܐ,,,,Peshitta,PESH
5,Deuteronomy,17,15,Deuteronomy 17:15,7,ܠܗ,,,,Peshitta,PESH
5,Deuteronomy,17,15,Deuteronomy 17:15,8,ܡܪܝܐ,,,,Peshitta,PESH
5,Deuteronomy,17,15,Deuteronomy 17:15,9,ܐܠܗܟ,,,,Peshitta,PESH
5,Deuteronomy,17,15,Deuteronomy 17:15,10,ܡܢ,,,,Peshitta,PESH
5,Deuteronomy,17,15,Deuteronomy 17:15,11,ܒܝܢܬ,,,,Peshitta,PESH
5,Deuteronomy,17,15,Deuteronomy 17:15,12,ܐ̈ܚܝܟ,,,,Peshitta,PESH
5,Deuteronomy,17,15,Deuteronomy 17:15,13,ܐܩܝܡ,,,,Peshitta,PESH
5,Deuteronomy,17,15,Deuteronomy 17:15,14,ܥܠܝܟ,,,,Peshitta,PESH
5,Deuteronomy,17,15,Deuteronomy 17:15,15,ܡܠܟܐ,,,,Peshitta,PESH
5,Deuteronomy,17,15,Deuteronomy 17:15,16,ܠܐ,,,,Peshitta,PESH
5,Deuteronomy,17,15,Deuteronomy 17:15,17,ܫܠܝܛ,,,,Peshitta,PESH
5,Deuteronomy,17,15,Deuteronomy 17:15,18,ܠܟ,,,,Peshitta,PESH
5,Deuteronomy,17,15,Deuteronomy 17:15,19,ܕܬܩܝܡ,,,,Peshitta,PESH
5,Deuteronomy,17,15,Deuteronomy 17:15,20,ܥܠܝܟ,,,,Peshitta,PESH
5,Deuteronomy,17,15,Deuteronomy 17:15,21,ܓܒܪܐ,,,,Peshitta,PESH
5,Deuteronomy,17,15,Deuteronomy 17:15,22,ܢܘܟܪܝܐ,,,,Peshitta,PESH
5,Deuteronomy,17,15,Deuteronomy 17:15,23,ܐܝܢܐ,,,,Peshitta,PESH
5,Deuteronomy,17,15,Deuteronomy 17:15,24,ܕܠܐ,,,,Peshitta,PESH
5,Deuteronomy,17,15,Deuteronomy 17:15,25,ܗܘܐ,,,,Peshitta,PESH
5,Deuteronomy,17,15,Deuteronomy 17:15,26,ܡܢ,,,,Peshitta,PESH
5,Deuteronomy,17,15,Deuteronomy 17:15,27,ܐ̈ܚܝܟ,,,,Peshitta,PESH
5,Deuteronomy,17,16,Deuteronomy 17:16,1,ܒܠܚܘܕ,,,,Peshitta,PESH
5,Deuteronomy,17,16,Deuteronomy 17:16,2,ܕܝܢ,,,,Peshitta,PESH
5,Deuteronomy,17,16,Deuteronomy 17:16,3,ܠܐ,,,,Peshitta,PESH
5,Deuteronomy,17,16,Deuteronomy 17:16,4,ܢܣܓܐ,,,,Peshitta,PESH
5,Deuteronomy,17,16,Deuteronomy 17:16,5,ܠܗ,,,,Peshitta,PESH
5,Deuteronomy,17,16,Deuteronomy 17:16,6,ܪ̈ܟܫܐ,,,,Peshitta,PESH
5,Deuteronomy,17,16,Deuteronomy 17:16,7,ܕܠܐ,,,,Peshitta,PESH
5,Deuteronomy,17,16,Deuteronomy 17:16,8,ܢܗܦܟܝܘܗܝ,,,,Peshitta,PESH
5,Deuteronomy,17,16,Deuteronomy 17:16,9,ܠܥܡܐ,,,,Peshitta,PESH
5,Deuteronomy,17,16,Deuteronomy 17:16,10,ܠܡܨܪܝܢ,,,,Peshitta,PESH
5,Deuteronomy,17,16,Deuteronomy 17:16,11,ܟܕ,,,,Peshitta,PESH
5,Deuteronomy,17,16,Deuteronomy 17:16,12,ܢܣܓܘܢ,,,,Peshitta,PESH
5,Deuteronomy,17,16,Deuteronomy 17:16,13,ܠܗ,,,,Peshitta,PESH
5,Deuteronomy,17,16,Deuteronomy 17:16,14,ܪ̈ܟܫܐ,,,,Peshitta,PESH
5,Deuteronomy,17,16,Deuteronomy 17:16,15,ܘܡܪܝܐ,,,,Peshitta,PESH
5,Deuteronomy,17,16,Deuteronomy 17:16,16,ܐܡܪ,,,,Peshitta,PESH
5,Deuteronomy,17,16,Deuteronomy 17:16,17,ܠܟܘܢ,,,,Peshitta,PESH
5,Deuteronomy,17,16,Deuteronomy 17:16,18,ܕܠܐ,,,,Peshitta,PESH
5,Deuteronomy,17,16,Deuteronomy 17:16,19,ܬܘܣܦܘܢ,,,,Peshitta,PESH
5,Deuteronomy,17,16,Deuteronomy 17:16,20,ܬܘܒ,,,,Peshitta,PESH
5,Deuteronomy,17,16,Deuteronomy 17:16,21,ܠܡܗܦܟ,,,,Peshitta,PESH
5,Deuteronomy,17,16,Deuteronomy 17:16,22,ܒܐܘܪܚܐ,,,,Peshitta,PESH
5,Deuteronomy,17,16,Deuteronomy 17:16,23,ܗܕܐ,,,,Peshitta,PESH
5,Deuteronomy,17,17,Deuteronomy 17:17,1,ܘܠܐ,,,,Peshitta,PESH
5,Deuteronomy,17,17,Deuteronomy 17:17,2,ܢܣܓܐ,,,,Peshitta,PESH
5,Deuteronomy,17,17,Deuteronomy 17:17,3,ܠܗ,,,,Peshitta,PESH
5,Deuteronomy,17,17,Deuteronomy 17:17,4,ܢܫ̈ܐ,,,,Peshitta,PESH
5,Deuteronomy,17,17,Deuteronomy 17:17,5,ܕܠܐ,,,,Peshitta,PESH
5,Deuteronomy,17,17,Deuteronomy 17:17,6,ܢܣ̈ܛܝܢ,,,,Peshitta,PESH
5,Deuteronomy,17,17,Deuteronomy 17:17,7,ܠܒܗ,,,,Peshitta,PESH
5,Deuteronomy,17,17,Deuteronomy 17:17,8,ܘܣܐܡܐ,,,,Peshitta,PESH
5,Deuteronomy,17,17,Deuteronomy 17:17,9,ܘܕܗܒܐ,,,,Peshitta,PESH
5,Deuteronomy,17,17,Deuteronomy 17:17,10,ܠܐ,,,,Peshitta,PESH
5,Deuteronomy,17,17,Deuteronomy 17:17,11,ܢܣܓܐ,,,,Peshitta,PESH
5,Deuteronomy,17,17,Deuteronomy 17:17,12,ܠܗ,,,,Peshitta,PESH
5,Deuteronomy,17,17,Deuteronomy 17:17,13,ܛܒ,,,,Peshitta,PESH
5,Deuteronomy,17,18,Deuteronomy 17:18,1,ܘܡܐ,,,,Peshitta,PESH
5,Deuteronomy,17,18,Deuteronomy 17:18,2,ܕܝ̇ܬܒ,,,,Peshitta,PESH
5,Deuteronomy,17,18,Deuteronomy 17:18,3,ܥܠ,,,,Peshitta,PESH
5,Deuteronomy,17,18,Deuteronomy 17:18,4,ܟܘܪܣܝܐ,,,,Peshitta,PESH
5,Deuteronomy,17,18,Deuteronomy 17:18,5,ܕܡܠܟܘܬܗ,,,,Peshitta,PESH
5,Deuteronomy,17,18,Deuteronomy 17:18,6,ܢܟܬܘܒ,,,,Peshitta,PESH
5,Deuteronomy,17,18,Deuteronomy 17:18,7,ܠܗ,,,,Peshitta,PESH
5,Deuteronomy,17,18,Deuteronomy 17:18,8,ܦܪܫܓܢܗ,,,,Peshitta,PESH
5,Deuteronomy,17,18,Deuteronomy 17:18,9,ܕܢܡܘܣܐ,,,,Peshitta,PESH
5,Deuteronomy,17,18,Deuteronomy 17:18,10,ܗܢܐ,,,,Peshitta,PESH
5,Deuteronomy,17,18,Deuteronomy 17:18,11,ܒܣܦܪܐ,,,,Peshitta,PESH
5,Deuteronomy,17,18,Deuteronomy 17:18,12,ܡܢ,,,,Peshitta,PESH
5,Deuteronomy,17,18,Deuteronomy 17:18,13,ܩܕܡ,,,,Peshitta,PESH
5,Deuteronomy,17,18,Deuteronomy 17:18,14,ܟܗܢܐ,,,,Peshitta,PESH
5,Deuteronomy,17,18,Deuteronomy 17:18,15,ܘܠܘܝܐ,,,,Peshitta,PESH
5,Deuteronomy,17,19,Deuteronomy 17:19,1,ܘܢܗܘܐ,,,,Peshitta,PESH
5,Deuteronomy,17,19,Deuteronomy 17:19,2,ܥܡܗ,,,,Peshitta,PESH
5,Deuteronomy,17,19,Deuteronomy 17:19,3,ܘܢܗܘܐ,,,,Peshitta,PESH
5,Deuteronomy,17,19,Deuteronomy 17:19,4,ܩ̇ܪܐ,,,,Peshitta,PESH
5,Deuteronomy,17,19,Deuteronomy 17:19,5,ܒܗ,,,,Peshitta,PESH
5,Deuteronomy,17,19,Deuteronomy 17:19,6,ܟܠ,,,,Peshitta,PESH
5,Deuteronomy,17,19,Deuteronomy 17:19,7,ܝܘܡ̈ܝ,,,,Peshitta,PESH
5,Deuteronomy,17,19,Deuteronomy 17:19,8,ܚܝ̈ܘܗܝ,,,,Peshitta,PESH
5,Deuteronomy,17,19,Deuteronomy 17:19,9,ܕܢܐܠܦ,,,,Peshitta,PESH
5,Deuteronomy,17,19,Deuteronomy 17:19,10,ܠܡܕܚܠ,,,,Peshitta,PESH
5,Deuteronomy,17,19,Deuteronomy 17:19,11,ܡܢ,,,,Peshitta,PESH
5,Deuteronomy,17,19,Deuteronomy 17:19,12,ܩܕܡ,,,,Peshitta,PESH
5,Deuteronomy,17,19,Deuteronomy 17:19,13,ܡܪܝܐ,,,,Peshitta,PESH
5,Deuteronomy,17,19,Deuteronomy 17:19,14,ܐܠܗܗ,,,,Peshitta,PESH
5,Deuteronomy,17,19,Deuteronomy 17:19,15,ܘܢ̇ܛܪ,,,,Peshitta,PESH
5,Deuteronomy,17,19,Deuteronomy 17:19,16,ܟܠܗܘܢ,,,,Peshitta,PESH
5,Deuteronomy,17,19,Deuteronomy 17:19,17,ܦ̈ܬܓܡܘܗܝ,,,,Peshitta,PESH
5,Deuteronomy,17,19,Deuteronomy 17:19,18,ܕܢܡܘܣܐ,,,,Peshitta,PESH
5,Deuteronomy,17,19,Deuteronomy 17:19,19,ܗܢܐ,,,,Peshitta,PESH
5,Deuteronomy,17,19,Deuteronomy 17:19,20,ܘܦܘܩ̈ܕܢܐ,,,,Peshitta,PESH
5,Deuteronomy,17,19,Deuteronomy 17:19,21,ܗܠܝܢ,,,,Peshitta,PESH
5,Deuteronomy,17,19,Deuteronomy 17:19,22,ܘܢܥܒܕ,,,,Peshitta,PESH
5,Deuteronomy,17,19,Deuteronomy 17:19,23,ܐܢܘܢ,,,,Peshitta,PESH
5,Deuteronomy,17,20,Deuteronomy 17:20,1,ܕܠܐ,,,,Peshitta,PESH
5,Deuteronomy,17,20,Deuteronomy 17:20,2,ܢܬܬܪܝܡ,,,,Peshitta,PESH
5,Deuteronomy,17,20,Deuteronomy 17:20,3,ܠܒܗ,,,,Peshitta,PESH
5,Deuteronomy,17,20,Deuteronomy 17:20,4,ܡܢ,,,,Peshitta,PESH
5,Deuteronomy,17,20,Deuteronomy 17:20,5,ܐ̈ܚܘܗܝ,,,,Peshitta,PESH
5,Deuteronomy,17,20,Deuteronomy 17:20,6,ܘܠܐ,,,,Peshitta,PESH
5,Deuteronomy,17,20,Deuteronomy 17:20,7,ܢܣܛܐ,,,,Peshitta,PESH
5,Deuteronomy,17,20,Deuteronomy 17:20,8,ܡܢ,,,,Peshitta,PESH
5,Deuteronomy,17,20,Deuteronomy 17:20,9,ܦܘܩ̈ܕܢܐ,,,,Peshitta,PESH
5,Deuteronomy,17,20,Deuteronomy 17:20,10,ܠܐ,,,,Peshitta,PESH
5,Deuteronomy,17,20,Deuteronomy 17:20,11,ܠܝܡܝܢܐ,,,,Peshitta,PESH
5,Deuteronomy,17,20,Deuteronomy 17:20,12,ܘܠܐ,,,,Peshitta,PESH
5,Deuteronomy,17,20,Deuteronomy 17:20,13,ܠܣܡܠܐ,,,,Peshitta,PESH
5,Deuteronomy,17,20,Deuteronomy 17:20,14,ܕܢܣܓܐ,,,,Peshitta,PESH
5,Deuteronomy,17,20,Deuteronomy 17:20,15,ܝܘܡ̈ܬܐ,,,,Peshitta,PESH
5,Deuteronomy,17,20,Deuteronomy 17:20,16,ܕܡܠܟܘܬܗ,,,,Peshitta,PESH
5,Deuteronomy,17,20,Deuteronomy 17:20,17,ܗܘ,,,,Peshitta,PESH
5,Deuteronomy,17,20,Deuteronomy 17:20,18,ܘܒܢ̈ܘܗܝ,,,,Peshitta,PESH
5,Deuteronomy,17,20,Deuteronomy 17:20,19,ܒܝܢܬ,,,,Peshitta,PESH
5,Deuteronomy,17,20,Deuteronomy 17:20,20,ܒܢ̈ܝ,,,,Peshitta,PESH
5,Deuteronomy,17,20,Deuteronomy 17:20,21,ܐܝܣܪܝܠ,,,,Peshitta,PESH
5,Deuteronomy,18,1,Deuteronomy 18:1,1,ܠܐ,,,,Peshitta,PESH
5,Deuteronomy,18,1,Deuteronomy 18:1,2,ܬܗܘܐ,,,,Peshitta,PESH
5,Deuteronomy,18,1,Deuteronomy 18:1,3,ܠܟܗܢܐ,,,,Peshitta,PESH
5,Deuteronomy,18,1,Deuteronomy 18:1,4,ܘܠܠܘܝܐ,,,,Peshitta,PESH
5,Deuteronomy,18,1,Deuteronomy 18:1,5,ܦܠܓܘܬܐ,,,,Peshitta,PESH
5,Deuteronomy,18,1,Deuteronomy 18:1,6,ܘܝܪܬܘܬܐ,,,,Peshitta,PESH
5,Deuteronomy,18,1,Deuteronomy 18:1,7,ܒܝܢܬ,,,,Peshitta,PESH
5,Deuteronomy,18,1,Deuteronomy 18:1,8,ܒܢ̈ܝ,,,,Peshitta,PESH
5,Deuteronomy,18,1,Deuteronomy 18:1,9,ܐܝܣܪܝܠ,,,,Peshitta,PESH
5,Deuteronomy,18,1,Deuteronomy 18:1,10,ܐܠܐ,,,,Peshitta,PESH
5,Deuteronomy,18,1,Deuteronomy 18:1,11,ܩܘܪ̈ܒܢܘܗܝ,,,,Peshitta,PESH
5,Deuteronomy,18,1,Deuteronomy 18:1,12,ܕܡܪܝܐ,,,,Peshitta,PESH
5,Deuteronomy,18,1,Deuteronomy 18:1,13,ܘܝܪܬܘܬܗ,,,,Peshitta,PESH
5,Deuteronomy,18,1,Deuteronomy 18:1,14,ܢܐܟܠܘܢ,,,,Peshitta,PESH
5,Deuteronomy,18,2,Deuteronomy 18:2,1,ܘܝܪܬܘܬܐ,,,,Peshitta,PESH
5,Deuteronomy,18,2,Deuteronomy 18:2,2,ܠܐ,,,,Peshitta,PESH
5,Deuteronomy,18,2,Deuteronomy 18:2,3,ܬܗܘܐ,,,,Peshitta,PESH
5,Deuteronomy,18,2,Deuteronomy 18:2,4,ܠܗ,,,,Peshitta,PESH
5,Deuteronomy,18,2,Deuteronomy 18:2,5,ܒܝܢܬ,,,,Peshitta,PESH
5,Deuteronomy,18,2,Deuteronomy 18:2,6,ܐ̈ܚܘܗܝ,,,,Peshitta,PESH
5,Deuteronomy,18,2,Deuteronomy 18:2,7,ܡܪܝܐ,,,,Peshitta,PESH
5,Deuteronomy,18,2,Deuteronomy 18:2,8,ܗܘ,,,,Peshitta,PESH
5,Deuteronomy,18,2,Deuteronomy 18:2,9,ܓܝܪ,,,,Peshitta,PESH
5,Deuteronomy,18,2,Deuteronomy 18:2,10,ܝܪܬܘܬܗ,,,,Peshitta,PESH
5,Deuteronomy,18,2,Deuteronomy 18:2,11,ܐܝܟ,,,,Peshitta,PESH
5,Deuteronomy,18,2,Deuteronomy 18:2,12,ܕܐܡܪ,,,,Peshitta,PESH
5,Deuteronomy,18,2,Deuteronomy 18:2,13,ܠܗ,,,,Peshitta,PESH
5,Deuteronomy,18,3,Deuteronomy 18:3,1,ܘܗܢܐ,,,,Peshitta,PESH
5,Deuteronomy,18,3,Deuteronomy 18:3,2,ܢܗܘܐ,,,,Peshitta,PESH
5,Deuteronomy,18,3,Deuteronomy 18:3,3,ܙܕܩܗ,,,,Peshitta,PESH
5,Deuteronomy,18,3,Deuteronomy 18:3,4,ܕܟܗܢܐ,,,,Peshitta,PESH
5,Deuteronomy,18,3,Deuteronomy 18:3,5,ܡܢ,,,,Peshitta,PESH
5,Deuteronomy,18,3,Deuteronomy 18:3,6,ܥܡܐ,,,,Peshitta,PESH
5,Deuteronomy,18,3,Deuteronomy 18:3,7,ܡܢ,,,,Peshitta,PESH
5,Deuteronomy,18,3,Deuteronomy 18:3,8,ܢ̇ܟ̈ܣܝ,,,,Peshitta,PESH
5,Deuteronomy,18,3,Deuteronomy 18:3,9,ܢܟܣܬܐ,,,,Peshitta,PESH
5,Deuteronomy,18,3,Deuteronomy 18:3,10,ܐܢ,,,,Peshitta,PESH
5,Deuteronomy,18,3,Deuteronomy 18:3,11,ܬܘܪܐ,,,,Peshitta,PESH
5,Deuteronomy,18,3,Deuteronomy 18:3,12,ܗܘ,,,,Peshitta,PESH
5,Deuteronomy,18,3,Deuteronomy 18:3,13,ܐܘ,,,,Peshitta,PESH
5,Deuteronomy,18,3,Deuteronomy 18:3,14,ܐܡܪܐ,,,,Peshitta,PESH
5,Deuteronomy,18,3,Deuteronomy 18:3,15,ܢܬܠ,,,,Peshitta,PESH
5,Deuteronomy,18,3,Deuteronomy 18:3,16,ܠܟܗܢܐ,,,,Peshitta,PESH
5,Deuteronomy,18,3,Deuteronomy 18:3,17,ܕܪܥܐ,,,,Peshitta,PESH
5,Deuteronomy,18,3,Deuteronomy 18:3,18,ܘܦܟܐ,,,,Peshitta,PESH
5,Deuteronomy,18,3,Deuteronomy 18:3,19,ܘܥܢܘܝܬܐ,,,,Peshitta,PESH
5,Deuteronomy,18,4,Deuteronomy 18:4,1,ܪܝܫ,,,,Peshitta,PESH
5,Deuteronomy,18,4,Deuteronomy 18:4,2,ܥܒܘܪܟ,,,,Peshitta,PESH
5,Deuteronomy,18,4,Deuteronomy 18:4,3,ܘܚܡܪܟ,,,,Peshitta,PESH
5,Deuteronomy,18,4,Deuteronomy 18:4,4,ܘܡܫܚܟ,,,,Peshitta,PESH
5,Deuteronomy,18,4,Deuteronomy 18:4,5,ܘܪܝܫ,,,,Peshitta,PESH
5,Deuteronomy,18,4,Deuteronomy 18:4,6,ܓܙ̈ܐ,,,,Peshitta,PESH
5,Deuteronomy,18,4,Deuteronomy 18:4,7,ܕܥܢܟ,,,,Peshitta,PESH
5,Deuteronomy,18,4,Deuteronomy 18:4,8,ܗܒ,,,,Peshitta,PESH
5,Deuteronomy,18,4,Deuteronomy 18:4,9,ܠܗ,,,,Peshitta,PESH
5,Deuteronomy,18,5,Deuteronomy 18:5,1,ܡܛܠ,,,,Peshitta,PESH
5,Deuteronomy,18,5,Deuteronomy 18:5,2,ܕܠܗ,,,,Peshitta,PESH
5,Deuteronomy,18,5,Deuteronomy 18:5,3,ܓܒܐ,,,,Peshitta,PESH
5,Deuteronomy,18,5,Deuteronomy 18:5,4,ܡܪܝܐ,,,,Peshitta,PESH
5,Deuteronomy,18,5,Deuteronomy 18:5,5,ܐܠܗܟ,,,,Peshitta,PESH
5,Deuteronomy,18,5,Deuteronomy 18:5,6,ܡܢ,,,,Peshitta,PESH
5,Deuteronomy,18,5,Deuteronomy 18:5,7,ܟܠܗܘܢ,,,,Peshitta,PESH
5,Deuteronomy,18,5,Deuteronomy 18:5,8,ܫܒ̈ܛܝܟ,,,,Peshitta,PESH
5,Deuteronomy,18,5,Deuteronomy 18:5,9,ܕܢܩܘܡ,,,,Peshitta,PESH
5,Deuteronomy,18,5,Deuteronomy 18:5,10,ܘܢܫܡܫ,,,,Peshitta,PESH
5,Deuteronomy,18,5,Deuteronomy 18:5,11,ܒܫܡܗ,,,,Peshitta,PESH
5,Deuteronomy,18,5,Deuteronomy 18:5,12,ܕܡܪܝܐ,,,,Peshitta,PESH
5,Deuteronomy,18,5,Deuteronomy 18:5,13,ܐܠܗܟ,,,,Peshitta,PESH
5,Deuteronomy,18,5,Deuteronomy 18:5,14,ܗܘ,,,,Peshitta,PESH
5,Deuteronomy,18,5,Deuteronomy 18:5,15,ܘܒܢ̈ܘܗܝ,,,,Peshitta,PESH
5,Deuteronomy,18,5,Deuteronomy 18:5,16,ܟܠܗܘܢ,,,,Peshitta,PESH
5,Deuteronomy,18,5,Deuteronomy 18:5,17,ܝܘܡ̈ܬܐ,,,,Peshitta,PESH
5,Deuteronomy,18,6,Deuteronomy 18:6,1,ܘܐܢ,,,,Peshitta,PESH
5,Deuteronomy,18,6,Deuteronomy 18:6,2,ܢܐܬܐ,,,,Peshitta,PESH
5,Deuteronomy,18,6,Deuteronomy 18:6,3,ܠܘܝܐ,,,,Peshitta,PESH
5,Deuteronomy,18,6,Deuteronomy 18:6,4,ܚܕ,,,,Peshitta,PESH
5,Deuteronomy,18,6,Deuteronomy 18:6,5,ܡܢ,,,,Peshitta,PESH
5,Deuteronomy,18,6,Deuteronomy 18:6,6,ܐ̈ܚܝܟ,,,,Peshitta,PESH
5,Deuteronomy,18,6,Deuteronomy 18:6,7,ܡܢ,,,,Peshitta,PESH
5,Deuteronomy,18,6,Deuteronomy 18:6,8,ܟܠܗ,,,,Peshitta,PESH
5,Deuteronomy,18,6,Deuteronomy 18:6,9,ܐܝܣܪܐܝܠ,,,,Peshitta,PESH
5,Deuteronomy,18,6,Deuteronomy 18:6,10,ܡܢ,,,,Peshitta,PESH
5,Deuteronomy,18,6,Deuteronomy 18:6,11,ܐܬܪ,,,,Peshitta,PESH
5,Deuteronomy,18,6,Deuteronomy 18:6,12,ܕܥ̇ܡܪ,,,,Peshitta,PESH
5,Deuteronomy,18,6,Deuteronomy 18:6,13,ܢܐܬܐ,,,,Peshitta,PESH
5,Deuteronomy,18,6,Deuteronomy 18:6,14,ܒܟܘܠ,,,,Peshitta,PESH
5,Deuteronomy,18,6,Deuteronomy 18:6,15,ܪܓܬ,,,,Peshitta,PESH
5,Deuteronomy,18,6,Deuteronomy 18:6,16,ܢܦܫܗ,,,,Peshitta,PESH
5,Deuteronomy,18,6,Deuteronomy 18:6,17,ܠܐܬܪܐ,,,,Peshitta,PESH
5,Deuteronomy,18,6,Deuteronomy 18:6,18,ܕܓ̇ܒܐ,,,,Peshitta,PESH
5,Deuteronomy,18,6,Deuteronomy 18:6,19,ܡܪܝܐ,,,,Peshitta,PESH
5,Deuteronomy,18,7,Deuteronomy 18:7,1,ܘܢܫܡܫ,,,,Peshitta,PESH
5,Deuteronomy,18,7,Deuteronomy 18:7,2,ܒܫܡܗ,,,,Peshitta,PESH
5,Deuteronomy,18,7,Deuteronomy 18:7,3,ܕܡܪܝܐ,,,,Peshitta,PESH
5,Deuteronomy,18,7,Deuteronomy 18:7,4,ܐܠܗܗ,,,,Peshitta,PESH
5,Deuteronomy,18,7,Deuteronomy 18:7,5,ܐܝܟ,,,,Peshitta,PESH
5,Deuteronomy,18,7,Deuteronomy 18:7,6,ܟܠܗܘܢ,,,,Peshitta,PESH
5,Deuteronomy,18,7,Deuteronomy 18:7,7,ܐ̈ܚܘܗܝ,,,,Peshitta,PESH
5,Deuteronomy,18,7,Deuteronomy 18:7,8,ܠܘ̈ܝܐ,,,,Peshitta,PESH
5,Deuteronomy,18,7,Deuteronomy 18:7,9,ܕܩ̇ܝܡܝܢ,,,,Peshitta,PESH
5,Deuteronomy,18,7,Deuteronomy 18:7,10,ܬܡܢ,,,,Peshitta,PESH
5,Deuteronomy,18,7,Deuteronomy 18:7,11,ܩܕܡ,,,,Peshitta,PESH
5,Deuteronomy,18,7,Deuteronomy 18:7,12,ܡܪܝܐ,,,,Peshitta,PESH
5,Deuteronomy,18,8,Deuteronomy 18:8,1,ܡܢܬܐ,,,,Peshitta,PESH
5,Deuteronomy,18,8,Deuteronomy 18:8,2,ܫܘܝܐܝܬ,,,,Peshitta,PESH
5,Deuteronomy,18,8,Deuteronomy 18:8,3,ܢܐܟܠܘܢ,,,,Peshitta,PESH
5,Deuteronomy,18,8,Deuteronomy 18:8,4,ܣܛܪ,,,,Peshitta,PESH
5,Deuteronomy,18,8,Deuteronomy 18:8,5,ܡܢ,,,,Peshitta,PESH
5,Deuteronomy,18,8,Deuteronomy 18:8,6,ܙܒܢܐ,,,,Peshitta,PESH
5,Deuteronomy,18,8,Deuteronomy 18:8,7,ܕܐ̈ܒܗܐ,,,,Peshitta,PESH
5,Deuteronomy,18,9,Deuteronomy 18:9,1,ܘܡܐ,,,,Peshitta,PESH
5,Deuteronomy,18,9,Deuteronomy 18:9,2,ܕܥܠܬ,,,,Peshitta,PESH
5,Deuteronomy,18,9,Deuteronomy 18:9,3,ܠܐܪܥܐ,,,,Peshitta,PESH
5,Deuteronomy,18,9,Deuteronomy 18:9,4,ܕܝ̇ܗܒ,,,,Peshitta,PESH
5,Deuteronomy,18,9,Deuteronomy 18:9,5,ܠܟ,,,,Peshitta,PESH
5,Deuteronomy,18,9,Deuteronomy 18:9,6,ܡܪܝܐ,,,,Peshitta,PESH
5,Deuteronomy,18,9,Deuteronomy 18:9,7,ܐܠܗܟ,,,,Peshitta,PESH
5,Deuteronomy,18,9,Deuteronomy 18:9,8,ܠܐ,,,,Peshitta,PESH
5,Deuteronomy,18,9,Deuteronomy 18:9,9,ܬܐܠܦ,,,,Peshitta,PESH
5,Deuteronomy,18,9,Deuteronomy 18:9,10,ܠܡܥܒܕ,,,,Peshitta,PESH
5,Deuteronomy,18,9,Deuteronomy 18:9,11,ܐܝܟ,,,,Peshitta,PESH
5,Deuteronomy,18,9,Deuteronomy 18:9,12,ܥܒ̇ܕܝ̈ܗܘܢ,,,,Peshitta,PESH
5,Deuteronomy,18,9,Deuteronomy 18:9,13,ܕܥܡ̈ܡܐ,,,,Peshitta,PESH
5,Deuteronomy,18,9,Deuteronomy 18:9,14,ܗ̇ܢܘܢ,,,,Peshitta,PESH
5,Deuteronomy,18,10,Deuteronomy 18:10,1,ܠܐ,,,,Peshitta,PESH
5,Deuteronomy,18,10,Deuteronomy 18:10,2,ܢܫܬܟܚ,,,,Peshitta,PESH
5,Deuteronomy,18,10,Deuteronomy 18:10,3,ܒܟ,,,,Peshitta,PESH
5,Deuteronomy,18,10,Deuteronomy 18:10,4,ܕܡܥܒܪ,,,,Peshitta,PESH
5,Deuteronomy,18,10,Deuteronomy 18:10,5,ܒܪܗ,,,,Peshitta,PESH
5,Deuteronomy,18,10,Deuteronomy 18:10,6,ܐܘ,,,,Peshitta,PESH
5,Deuteronomy,18,10,Deuteronomy 18:10,7,ܒܪܬܗ,,,,Peshitta,PESH
5,Deuteronomy,18,10,Deuteronomy 18:10,8,ܒܢܘܪܐ,,,,Peshitta,PESH
5,Deuteronomy,18,10,Deuteronomy 18:10,9,ܘܕܩܨܡ,,,,Peshitta,PESH
5,Deuteronomy,18,10,Deuteronomy 18:10,10,ܩܨܡܐ,,,,Peshitta,PESH
5,Deuteronomy,18,10,Deuteronomy 18:10,11,ܘܕܡܐܚܕ,,,,Peshitta,PESH
5,Deuteronomy,18,10,Deuteronomy 18:10,12,ܥܝܢܐ,,,,Peshitta,PESH
5,Deuteronomy,18,10,Deuteronomy 18:10,13,ܘܕܡܢܚܫ,,,,Peshitta,PESH
5,Deuteronomy,18,10,Deuteronomy 18:10,14,ܘܕܚܪܫ,,,,Peshitta,PESH
5,Deuteronomy,18,11,Deuteronomy 18:11,1,ܘܕܐ̇ܫܦ,,,,Peshitta,PESH
5,Deuteronomy,18,11,Deuteronomy 18:11,2,ܒܐܫܦܐ,,,,Peshitta,PESH
5,Deuteronomy,18,11,Deuteronomy 18:11,3,ܘܕܫ̇ܐܠ,,,,Peshitta,PESH
5,Deuteronomy,18,11,Deuteronomy 18:11,4,ܡܢ,,,,Peshitta,PESH
5,Deuteronomy,18,11,Deuteronomy 18:11,5,ܙܟܘܪ̈ܐ,,,,Peshitta,PESH
5,Deuteronomy,18,11,Deuteronomy 18:11,6,ܘܡܢ,,,,Peshitta,PESH
5,Deuteronomy,18,11,Deuteronomy 18:11,7,ܝܕܘ̈ܥܐ,,,,Peshitta,PESH
5,Deuteronomy,18,11,Deuteronomy 18:11,8,ܘܫܐܠ,,,,Peshitta,PESH
5,Deuteronomy,18,11,Deuteronomy 18:11,9,ܠܡ̈ܝܬܐ,,,,Peshitta,PESH
5,Deuteronomy,18,12,Deuteronomy 18:12,1,ܡܛܠ,,,,Peshitta,PESH
5,Deuteronomy,18,12,Deuteronomy 18:12,2,ܕܛܡܐ,,,,Peshitta,PESH
5,Deuteronomy,18,12,Deuteronomy 18:12,3,ܗܘ,,,,Peshitta,PESH
5,Deuteronomy,18,12,Deuteronomy 18:12,4,ܩܕܡ,,,,Peshitta,PESH
5,Deuteronomy,18,12,Deuteronomy 18:12,5,ܡܪܝܐ,,,,Peshitta,PESH
5,Deuteronomy,18,12,Deuteronomy 18:12,6,ܐܠܗܟ,,,,Peshitta,PESH
5,Deuteronomy,18,12,Deuteronomy 18:12,7,ܟܠ,,,,Peshitta,PESH
5,Deuteronomy,18,12,Deuteronomy 18:12,8,ܡ̇ܢ,,,,Peshitta,PESH
5,Deuteronomy,18,12,Deuteronomy 18:12,9,ܕܥ̇ܒܕ,,,,Peshitta,PESH
5,Deuteronomy,18,12,Deuteronomy 18:12,10,ܗܠܝܢ,,,,Peshitta,PESH
5,Deuteronomy,18,12,Deuteronomy 18:12,11,ܘܡܛܘܠ,,,,Peshitta,PESH
5,Deuteronomy,18,12,Deuteronomy 18:12,12,ܛܢ̈ܦܘܬܐ,,,,Peshitta,PESH
5,Deuteronomy,18,12,Deuteronomy 18:12,13,ܗܠܝܢ,,,,Peshitta,PESH
5,Deuteronomy,18,12,Deuteronomy 18:12,14,ܡܘܒܕ,,,,Peshitta,PESH
5,Deuteronomy,18,12,Deuteronomy 18:12,15,ܠܗܘܢ,,,,Peshitta,PESH
5,Deuteronomy,18,12,Deuteronomy 18:12,16,ܡܪܝܐ,,,,Peshitta,PESH
5,Deuteronomy,18,12,Deuteronomy 18:12,17,ܐܠܗܟ,,,,Peshitta,PESH
5,Deuteronomy,18,12,Deuteronomy 18:12,18,ܡܢ,,,,Peshitta,PESH
5,Deuteronomy,18,12,Deuteronomy 18:12,19,ܩܕܡܝܟ,,,,Peshitta,PESH
5,Deuteronomy,18,13,Deuteronomy 18:13,1,ܗܘܝܬ,,,,Peshitta,PESH
5,Deuteronomy,18,13,Deuteronomy 18:13,2,ܬܡܝܡ,,,,Peshitta,PESH
5,Deuteronomy,18,13,Deuteronomy 18:13,3,ܩܕܡ,,,,Peshitta,PESH
5,Deuteronomy,18,13,Deuteronomy 18:13,4,ܡܪܝܐ,,,,Peshitta,PESH
5,Deuteronomy,18,13,Deuteronomy 18:13,5,ܐܠܗܟ,,,,Peshitta,PESH
5,Deuteronomy,18,14,Deuteronomy 18:14,1,ܡܛܠ,,,,Peshitta,PESH
5,Deuteronomy,18,14,Deuteronomy 18:14,2,ܕܥܡ̈ܡܐ,,,,Peshitta,PESH
5,Deuteronomy,18,14,Deuteronomy 18:14,3,ܗܠܝܢ,,,,Peshitta,PESH
5,Deuteronomy,18,14,Deuteronomy 18:14,4,ܕܝ̇ܪܬ,,,,Peshitta,PESH
5,Deuteronomy,18,14,Deuteronomy 18:14,5,ܐܢܬ,,,,Peshitta,PESH
5,Deuteronomy,18,14,Deuteronomy 18:14,6,ܠܗܘܢ,,,,Peshitta,PESH
5,Deuteronomy,18,14,Deuteronomy 18:14,7,ܠܙܟܘܪ̈ܐ,,,,Peshitta,PESH
5,Deuteronomy,18,14,Deuteronomy 18:14,8,ܘܠܩ̈ܨܘܡܐ,,,,Peshitta,PESH
5,Deuteronomy,18,14,Deuteronomy 18:14,9,ܫ̇ܡܥܝܢ,,,,Peshitta,PESH
5,Deuteronomy,18,14,Deuteronomy 18:14,10,ܐܢܬ,,,,Peshitta,PESH
5,Deuteronomy,18,14,Deuteronomy 18:14,11,ܕܝܢ,,,,Peshitta,PESH
5,Deuteronomy,18,14,Deuteronomy 18:14,12,ܠܐ,,,,Peshitta,PESH
5,Deuteronomy,18,14,Deuteronomy 18:14,13,ܗܘܐ,,,,Peshitta,PESH
5,Deuteronomy,18,14,Deuteronomy 18:14,14,ܗܟܢܐ,,,,Peshitta,PESH
5,Deuteronomy,18,14,Deuteronomy 18:14,15,ܝ̇ܗܒ,,,,Peshitta,PESH
5,Deuteronomy,18,14,Deuteronomy 18:14,16,ܠܟ,,,,Peshitta,PESH
5,Deuteronomy,18,14,Deuteronomy 18:14,17,ܡܪܝܐ,,,,Peshitta,PESH
5,Deuteronomy,18,14,Deuteronomy 18:14,18,ܐܠܗܟ,,,,Peshitta,PESH
5,Deuteronomy,18,15,Deuteronomy 18:15,1,ܢܒܝܐ,,,,Peshitta,PESH
5,Deuteronomy,18,15,Deuteronomy 18:15,2,ܡܢ,,,,Peshitta,PESH
5,Deuteronomy,18,15,Deuteronomy 18:15,3,ܓܘܟ,,,,Peshitta,PESH
5,Deuteronomy,18,15,Deuteronomy 18:15,4,ܡܢ,,,,Peshitta,PESH
5,Deuteronomy,18,15,Deuteronomy 18:15,5,ܐ̈ܚܝܟ,,,,Peshitta,PESH
5,Deuteronomy,18,15,Deuteronomy 18:15,6,ܐܟܘܬܝ,,,,Peshitta,PESH
5,Deuteronomy,18,15,Deuteronomy 18:15,7,ܢܩܝܡ,,,,Peshitta,PESH
5,Deuteronomy,18,15,Deuteronomy 18:15,8,ܠܗ,,,,Peshitta,PESH
5,Deuteronomy,18,15,Deuteronomy 18:15,9,ܡܪܝܐ,,,,Peshitta,PESH
5,Deuteronomy,18,15,Deuteronomy 18:15,10,ܐܠܗܟ,,,,Peshitta,PESH
5,Deuteronomy,18,15,Deuteronomy 18:15,11,ܠܗ,,,,Peshitta,PESH
5,Deuteronomy,18,15,Deuteronomy 18:15,12,ܗܘܝܬܘܢ,,,,Peshitta,PESH
5,Deuteronomy,18,15,Deuteronomy 18:15,13,ܫ̇ܡܥܝܢ,,,,Peshitta,PESH
5,Deuteronomy,18,16,Deuteronomy 18:16,1,ܐܝܟ,,,,Peshitta,PESH
5,Deuteronomy,18,16,Deuteronomy 18:16,2,ܕܫܐܠܬ,,,,Peshitta,PESH
5,Deuteronomy,18,16,Deuteronomy 18:16,3,ܡܢ,,,,Peshitta,PESH
5,Deuteronomy,18,16,Deuteronomy 18:16,4,ܩܕܡ,,,,Peshitta,PESH
5,Deuteronomy,18,16,Deuteronomy 18:16,5,ܡܪܝܐ,,,,Peshitta,PESH
5,Deuteronomy,18,16,Deuteronomy 18:16,6,ܐܠܗܟ,,,,Peshitta,PESH
5,Deuteronomy,18,16,Deuteronomy 18:16,7,ܒܚܘܪܝܒ,,,,Peshitta,PESH
5,Deuteronomy,18,16,Deuteronomy 18:16,8,ܒܝܘܡܐ,,,,Peshitta,PESH
5,Deuteronomy,18,16,Deuteronomy 18:16,9,ܕܟܢܘܫܝܐ,,,,Peshitta,PESH
5,Deuteronomy,18,16,Deuteronomy 18:16,10,ܘܐܡܪܬ,,,,Peshitta,PESH
5,Deuteronomy,18,16,Deuteronomy 18:16,11,ܕܠܐ,,,,Peshitta,PESH
5,Deuteronomy,18,16,Deuteronomy 18:16,12,ܐܘܣܦ,,,,Peshitta,PESH
5,Deuteronomy,18,16,Deuteronomy 18:16,13,ܠܡܫܡܥ,,,,Peshitta,PESH
5,Deuteronomy,18,16,Deuteronomy 18:16,14,ܩܠܗ,,,,Peshitta,PESH
5,Deuteronomy,18,16,Deuteronomy 18:16,15,ܕܡܪܝܐ,,,,Peshitta,PESH
5,Deuteronomy,18,16,Deuteronomy 18:16,16,ܐܠܗܝ,,,,Peshitta,PESH
5,Deuteronomy,18,16,Deuteronomy 18:16,17,ܘܗܕܐ,,,,Peshitta,PESH
5,Deuteronomy,18,16,Deuteronomy 18:16,18,ܢܘܪܐ,,,,Peshitta,PESH
5,Deuteronomy,18,16,Deuteronomy 18:16,19,ܪܒܬܐ,,,,Peshitta,PESH
5,Deuteronomy,18,16,Deuteronomy 18:16,20,ܬܘܒ,,,,Peshitta,PESH
5,Deuteronomy,18,16,Deuteronomy 18:16,21,ܠܐ,,,,Peshitta,PESH
5,Deuteronomy,18,16,Deuteronomy 18:16,22,ܐܚܙܐ,,,,Peshitta,PESH
5,Deuteronomy,18,16,Deuteronomy 18:16,23,ܕܠܐ,,,,Peshitta,PESH
5,Deuteronomy,18,16,Deuteronomy 18:16,24,ܐܡܘܬ,,,,Peshitta,PESH
5,Deuteronomy,18,17,Deuteronomy 18:17,1,ܘܐܡܪ,,,,Peshitta,PESH
5,Deuteronomy,18,17,Deuteronomy 18:17,2,ܠܝ,,,,Peshitta,PESH
5,Deuteronomy,18,17,Deuteronomy 18:17,3,ܡܪܝܐ,,,,Peshitta,PESH
5,Deuteronomy,18,17,Deuteronomy 18:17,4,ܫܦܝܪ,,,,Peshitta,PESH
5,Deuteronomy,18,17,Deuteronomy 18:17,5,ܟܠ,,,,Peshitta,PESH
5,Deuteronomy,18,17,Deuteronomy 18:17,6,ܡܕܡ,,,,Peshitta,PESH
5,Deuteronomy,18,17,Deuteronomy 18:17,7,ܕܡܠܠܘ,,,,Peshitta,PESH
5,Deuteronomy,18,18,Deuteronomy 18:18,1,ܢܒܝܐ,,,,Peshitta,PESH
5,Deuteronomy,18,18,Deuteronomy 18:18,2,ܐܩܝܡ,,,,Peshitta,PESH
5,Deuteronomy,18,18,Deuteronomy 18:18,3,ܠܗܘܢ,,,,Peshitta,PESH
5,Deuteronomy,18,18,Deuteronomy 18:18,4,ܡܢ,,,,Peshitta,PESH
5,Deuteronomy,18,18,Deuteronomy 18:18,5,ܓܘ,,,,Peshitta,PESH
5,Deuteronomy,18,18,Deuteronomy 18:18,6,ܐ̈ܚܝܗܘܢ,,,,Peshitta,PESH
5,Deuteronomy,18,18,Deuteronomy 18:18,7,ܐܟܘܬܟ,,,,Peshitta,PESH
5,Deuteronomy,18,18,Deuteronomy 18:18,8,ܘܐܬܠ,,,,Peshitta,PESH
5,Deuteronomy,18,18,Deuteronomy 18:18,9,ܦܬ̈ܓܡܝ,,,,Peshitta,PESH
5,Deuteronomy,18,18,Deuteronomy 18:18,10,ܒܦܘܡܗ,,,,Peshitta,PESH
5,Deuteronomy,18,18,Deuteronomy 18:18,11,ܘܢܐܡܪ,,,,Peshitta,PESH
5,Deuteronomy,18,18,Deuteronomy 18:18,12,ܠܗܘܢ,,,,Peshitta,PESH
5,Deuteronomy,18,18,Deuteronomy 18:18,13,ܟܠ,,,,Peshitta,PESH
5,Deuteronomy,18,18,Deuteronomy 18:18,14,ܡܕܡ,,,,Peshitta,PESH
5,Deuteronomy,18,18,Deuteronomy 18:18,15,ܕܐܦܩܕܝܘܗܝ,,,,Peshitta,PESH
5,Deuteronomy,18,19,Deuteronomy 18:19,1,ܘܓܒܪܐ,,,,Peshitta,PESH
5,Deuteronomy,18,19,Deuteronomy 18:19,2,ܕܠܐ,,,,Peshitta,PESH
5,Deuteronomy,18,19,Deuteronomy 18:19,3,ܢܫܡܥ,,,,Peshitta,PESH
5,Deuteronomy,18,19,Deuteronomy 18:19,4,ܠܦܬ̈ܓܡܝ,,,,Peshitta,PESH
5,Deuteronomy,18,19,Deuteronomy 18:19,5,ܕܢܡܠܠ,,,,Peshitta,PESH
5,Deuteronomy,18,19,Deuteronomy 18:19,6,ܒܫܡܝ,,,,Peshitta,PESH
5,Deuteronomy,18,19,Deuteronomy 18:19,7,ܐܢܐ,,,,Peshitta,PESH
5,Deuteronomy,18,19,Deuteronomy 18:19,8,ܐܬܒܥ,,,,Peshitta,PESH
5,Deuteronomy,18,19,Deuteronomy 18:19,9,ܡܢܗ,,,,Peshitta,PESH
5,Deuteronomy,18,20,Deuteronomy 18:20,1,ܒܪܡ,,,,Peshitta,PESH
5,Deuteronomy,18,20,Deuteronomy 18:20,2,ܕܝܢ,,,,Peshitta,PESH
5,Deuteronomy,18,20,Deuteronomy 18:20,3,ܢܒܝܐ,,,,Peshitta,PESH
5,Deuteronomy,18,20,Deuteronomy 18:20,4,ܕܢܡܪܚ,,,,Peshitta,PESH
5,Deuteronomy,18,20,Deuteronomy 18:20,5,ܠܡܡܠܠܘ,,,,Peshitta,PESH
5,Deuteronomy,18,20,Deuteronomy 18:20,6,ܡܠܬܐ,,,,Peshitta,PESH
5,Deuteronomy,18,20,Deuteronomy 18:20,7,ܒܫܡܝ,,,,Peshitta,PESH
5,Deuteronomy,18,20,Deuteronomy 18:20,8,ܕܠܐ,,,,Peshitta,PESH
5,Deuteronomy,18,20,Deuteronomy 18:20,9,ܦܩ̇ܕܬܗ,,,,Peshitta,PESH
5,Deuteronomy,18,20,Deuteronomy 18:20,10,ܕܢܐܡܪ,,,,Peshitta,PESH
5,Deuteronomy,18,20,Deuteronomy 18:20,11,ܘܕܢܡܠܠ,,,,Peshitta,PESH
5,Deuteronomy,18,20,Deuteronomy 18:20,12,ܒܫܡ,,,,Peshitta,PESH
5,Deuteronomy,18,20,Deuteronomy 18:20,13,ܐ̈ܠܗܐ,,,,Peshitta,PESH
5,Deuteronomy,18,20,Deuteronomy 18:20,14,ܐܚܪ̈ܢܐ,,,,Peshitta,PESH
5,Deuteronomy,18,20,Deuteronomy 18:20,15,ܢܬܩܛܠ,,,,Peshitta,PESH
5,Deuteronomy,18,20,Deuteronomy 18:20,16,ܢܒܝܐ,,,,Peshitta,PESH
5,Deuteronomy,18,20,Deuteronomy 18:20,17,ܗ̇ܘ,,,,Peshitta,PESH
5,Deuteronomy,18,21,Deuteronomy 18:21,1,ܘܐܢ,,,,Peshitta,PESH
5,Deuteronomy,18,21,Deuteronomy 18:21,2,ܬܐܡܪ,,,,Peshitta,PESH
5,Deuteronomy,18,21,Deuteronomy 18:21,3,ܒܠܒܟ,,,,Peshitta,PESH
5,Deuteronomy,18,21,Deuteronomy 18:21,4,ܐܝܟܢܐ,,,,Peshitta,PESH
5,Deuteronomy,18,21,Deuteronomy 18:21,5,ܐܕܥܝܘܗܝ,,,,Peshitta,PESH
5,Deuteronomy,18,21,Deuteronomy 18:21,6,ܠܦܬܓܡܐ,,,,Peshitta,PESH
5,Deuteronomy,18,21,Deuteronomy 18:21,7,ܕܠܐ,,,,Peshitta,PESH
5,Deuteronomy,18,21,Deuteronomy 18:21,8,ܐܡܪܗ,,,,Peshitta,PESH
5,Deuteronomy,18,21,Deuteronomy 18:21,9,ܡܪܝܐ,,,,Peshitta,PESH
5,Deuteronomy,18,22,Deuteronomy 18:22,1,ܡܐ,,,,Peshitta,PESH
5,Deuteronomy,18,22,Deuteronomy 18:22,2,ܕܡܠܠ,,,,Peshitta,PESH
5,Deuteronomy,18,22,Deuteronomy 18:22,3,ܢܒܝܐ,,,,Peshitta,PESH
5,Deuteronomy,18,22,Deuteronomy 18:22,4,ܒܫܡܗ,,,,Peshitta,PESH
5,Deuteronomy,18,22,Deuteronomy 18:22,5,ܕܡܪܝܐ,,,,Peshitta,PESH
5,Deuteronomy,18,22,Deuteronomy 18:22,6,ܘܠܐ,,,,Peshitta,PESH
5,Deuteronomy,18,22,Deuteronomy 18:22,7,ܗܘܐ,,,,Peshitta,PESH
5,Deuteronomy,18,22,Deuteronomy 18:22,8,ܦܬܓܡܐ,,,,Peshitta,PESH
5,Deuteronomy,18,22,Deuteronomy 18:22,9,ܘܠܐ,,,,Peshitta,PESH
5,Deuteronomy,18,22,Deuteronomy 18:22,10,ܐܬܐ,,,,Peshitta,PESH
5,Deuteronomy,18,22,Deuteronomy 18:22,11,ܗ̣ܘ,,,,Peshitta,PESH
5,Deuteronomy,18,22,Deuteronomy 18:22,12,ܗ̇ܘ,,,,Peshitta,PESH
5,Deuteronomy,18,22,Deuteronomy 18:22,13,ܦܬܓܡܐ,,,,Peshitta,PESH
5,Deuteronomy,18,22,Deuteronomy 18:22,14,ܠܐ,,,,Peshitta,PESH
5,Deuteronomy,18,22,Deuteronomy 18:22,15,ܡܠܠ,,,,Peshitta,PESH
5,Deuteronomy,18,22,Deuteronomy 18:22,16,ܡܪܝܐ,,,,Peshitta,PESH
5,Deuteronomy,18,22,Deuteronomy 18:22,17,ܒܡܪܚܘܬܐ,,,,Peshitta,PESH
5,Deuteronomy,18,22,Deuteronomy 18:22,18,ܡܠܠܗ,,,,Peshitta,PESH
5,Deuteronomy,18,22,Deuteronomy 18:22,19,ܢܒܝܐ,,,,Peshitta,PESH
5,Deuteronomy,18,22,Deuteronomy 18:22,20,ܠܐ,,,,Peshitta,PESH
5,Deuteronomy,18,22,Deuteronomy 18:22,21,ܬܕܚܠܘܢ,,,,Peshitta,PESH
5,Deuteronomy,18,22,Deuteronomy 18:22,22,ܡܢܗ,,,,Peshitta,PESH
5,Deuteronomy,19,1,Deuteronomy 19:1,1,ܘܟܕ,,,,Peshitta,PESH
5,Deuteronomy,19,1,Deuteronomy 19:1,2,ܢܘܒܕ,,,,Peshitta,PESH
5,Deuteronomy,19,1,Deuteronomy 19:1,3,ܡܪܝܐ,,,,Peshitta,PESH
5,Deuteronomy,19,1,Deuteronomy 19:1,4,ܐܠܗܟ,,,,Peshitta,PESH
5,Deuteronomy,19,1,Deuteronomy 19:1,5,ܥܡ̈ܡܐ,,,,Peshitta,PESH
5,Deuteronomy,19,1,Deuteronomy 19:1,6,ܕܡܪܝܐ,,,,Peshitta,PESH
5,Deuteronomy,19,1,Deuteronomy 19:1,7,ܐܠܗܟ,,,,Peshitta,PESH
5,Deuteronomy,19,1,Deuteronomy 19:1,8,ܝ̇ܗܒ,,,,Peshitta,PESH
5,Deuteronomy,19,1,Deuteronomy 19:1,9,ܠܟ,,,,Peshitta,PESH
5,Deuteronomy,19,1,Deuteronomy 19:1,10,ܐܪܥܗܘܢ,,,,Peshitta,PESH
5,Deuteronomy,19,1,Deuteronomy 19:1,11,ܘܬܐܪܬ,,,,Peshitta,PESH
5,Deuteronomy,19,1,Deuteronomy 19:1,12,ܐܢܘܢ,,,,Peshitta,PESH
5,Deuteronomy,19,1,Deuteronomy 19:1,13,ܘܬܬܒ,,,,Peshitta,PESH
5,Deuteronomy,19,1,Deuteronomy 19:1,14,ܒܩܘܪ̈ܝܗܘܢ,,,,Peshitta,PESH
5,Deuteronomy,19,1,Deuteronomy 19:1,15,ܘܒܒ̈ܬܝܗܘܢ,,,,Peshitta,PESH
5,Deuteronomy,19,2,Deuteronomy 19:2,1,ܬܠܬ,,,,Peshitta,PESH
5,Deuteronomy,19,2,Deuteronomy 19:2,2,ܩܘܪ̈ܝܐ,,,,Peshitta,PESH
5,Deuteronomy,19,2,Deuteronomy 19:2,3,ܦܪܘܫ,,,,Peshitta,PESH
5,Deuteronomy,19,2,Deuteronomy 19:2,4,ܠܟ,,,,Peshitta,PESH
5,Deuteronomy,19,2,Deuteronomy 19:2,5,ܒܓܘ,,,,Peshitta,PESH
5,Deuteronomy,19,2,Deuteronomy 19:2,6,ܐܪܥܟ,,,,Peshitta,PESH
5,Deuteronomy,19,2,Deuteronomy 19:2,7,ܕܝ̇ܗܒ,,,,Peshitta,PESH
5,Deuteronomy,19,2,Deuteronomy 19:2,8,ܠܟ,,,,Peshitta,PESH
5,Deuteronomy,19,2,Deuteronomy 19:2,9,ܡܪܝܐ,,,,Peshitta,PESH
5,Deuteronomy,19,2,Deuteronomy 19:2,10,ܐܠܗܟ,,,,Peshitta,PESH
5,Deuteronomy,19,2,Deuteronomy 19:2,11,ܝܘܪܬܢܐ,,,,Peshitta,PESH
5,Deuteronomy,19,3,Deuteronomy 19:3,1,ܛܝܒ,,,,Peshitta,PESH
5,Deuteronomy,19,3,Deuteronomy 19:3,2,ܐܘܪܚܐ,,,,Peshitta,PESH
5,Deuteronomy,19,3,Deuteronomy 19:3,3,ܘܬܠܬ,,,,Peshitta,PESH
5,Deuteronomy,19,3,Deuteronomy 19:3,4,ܬܚ̈ܘܡܐ,,,,Peshitta,PESH
5,Deuteronomy,19,3,Deuteronomy 19:3,5,ܕܐܪܥܐ,,,,Peshitta,PESH
5,Deuteronomy,19,3,Deuteronomy 19:3,6,ܕܡܘܪܬ,,,,Peshitta,PESH
5,Deuteronomy,19,3,Deuteronomy 19:3,7,ܠܟ,,,,Peshitta,PESH
5,Deuteronomy,19,3,Deuteronomy 19:3,8,ܡܪܝܐ,,,,Peshitta,PESH
5,Deuteronomy,19,3,Deuteronomy 19:3,9,ܐܠܗܟ,,,,Peshitta,PESH
5,Deuteronomy,19,3,Deuteronomy 19:3,10,ܕܢܗܘܐ,,,,Peshitta,PESH
5,Deuteronomy,19,3,Deuteronomy 19:3,11,ܥ̇ܪܩ,,,,Peshitta,PESH
5,Deuteronomy,19,3,Deuteronomy 19:3,12,ܠܬܡܢ,,,,Peshitta,PESH
5,Deuteronomy,19,3,Deuteronomy 19:3,13,ܟܠ,,,,Peshitta,PESH
5,Deuteronomy,19,3,Deuteronomy 19:3,14,ܩܛܘܠܐ,,,,Peshitta,PESH
5,Deuteronomy,19,4,Deuteronomy 19:4,1,ܘܗܢܘ,,,,Peshitta,PESH
5,Deuteronomy,19,4,Deuteronomy 19:4,2,ܙܕܩܗ,,,,Peshitta,PESH
5,Deuteronomy,19,4,Deuteronomy 19:4,3,ܕܩܛܘܠܐ,,,,Peshitta,PESH
5,Deuteronomy,19,4,Deuteronomy 19:4,4,ܕܩ̇ܛܠ,,,,Peshitta,PESH
5,Deuteronomy,19,4,Deuteronomy 19:4,5,ܠܚܒܪܗ,,,,Peshitta,PESH
5,Deuteronomy,19,4,Deuteronomy 19:4,6,ܘܚܝ̇ܐ,,,,Peshitta,PESH
5,Deuteronomy,19,4,Deuteronomy 19:4,7,ܡܐ,,,,Peshitta,PESH
5,Deuteronomy,19,4,Deuteronomy 19:4,8,ܕܩ̣ܛܠ,,,,Peshitta,PESH
5,Deuteronomy,19,4,Deuteronomy 19:4,9,ܠܚܒܪܗ,,,,Peshitta,PESH
5,Deuteronomy,19,4,Deuteronomy 19:4,10,ܕܠܐ,,,,Peshitta,PESH
5,Deuteronomy,19,4,Deuteronomy 19:4,11,ܒܨܒܝܢܗ,,,,Peshitta,PESH
5,Deuteronomy,19,4,Deuteronomy 19:4,12,ܘܠܐ,,,,Peshitta,PESH
5,Deuteronomy,19,4,Deuteronomy 19:4,13,ܣ̇ܢܐ,,,,Peshitta,PESH
5,Deuteronomy,19,4,Deuteronomy 19:4,14,ܗܘܐ,,,,Peshitta,PESH
5,Deuteronomy,19,4,Deuteronomy 19:4,15,ܠܗ,,,,Peshitta,PESH
5,Deuteronomy,19,4,Deuteronomy 19:4,16,ܡܢ,,,,Peshitta,PESH
5,Deuteronomy,19,4,Deuteronomy 19:4,17,ܐܬܡܠܝ,,,,Peshitta,PESH
5,Deuteronomy,19,4,Deuteronomy 19:4,18,ܘܡܢ,,,,Peshitta,PESH
5,Deuteronomy,19,4,Deuteronomy 19:4,19,ܡܢܬܡܠܝ,,,,Peshitta,PESH
5,Deuteronomy,19,5,Deuteronomy 19:5,1,ܘܡ̇ܢ,,,,Peshitta,PESH
5,Deuteronomy,19,5,Deuteronomy 19:5,2,ܕܢܥܘܠ,,,,Peshitta,PESH
5,Deuteronomy,19,5,Deuteronomy 19:5,3,ܥܡ,,,,Peshitta,PESH
5,Deuteronomy,19,5,Deuteronomy 19:5,4,ܚܒܪܗ,,,,Peshitta,PESH
5,Deuteronomy,19,5,Deuteronomy 19:5,5,ܠܥܒܐ,,,,Peshitta,PESH
5,Deuteronomy,19,5,Deuteronomy 19:5,6,ܕܩܝ̈ܣܐ,,,,Peshitta,PESH
5,Deuteronomy,19,5,Deuteronomy 19:5,7,ܠܡܦܣܩ,,,,Peshitta,PESH
5,Deuteronomy,19,5,Deuteronomy 19:5,8,ܘܢܪܝܡ,,,,Peshitta,PESH
5,Deuteronomy,19,5,Deuteronomy 19:5,9,ܐܝܕܗ,,,,Peshitta,PESH
5,Deuteronomy,19,5,Deuteronomy 19:5,10,ܒܢܪܓܐ,,,,Peshitta,PESH
5,Deuteronomy,19,5,Deuteronomy 19:5,11,ܠܡܦܣܩ,,,,Peshitta,PESH
5,Deuteronomy,19,5,Deuteronomy 19:5,12,ܩܝܣܐ,,,,Peshitta,PESH
5,Deuteronomy,19,5,Deuteronomy 19:5,13,ܘܢܫܬܡܛ,,,,Peshitta,PESH
5,Deuteronomy,19,5,Deuteronomy 19:5,14,ܦܪܙܠܐ,,,,Peshitta,PESH
5,Deuteronomy,19,5,Deuteronomy 19:5,15,ܡܢ,,,,Peshitta,PESH
5,Deuteronomy,19,5,Deuteronomy 19:5,16,ܩܝܣܐ,,,,Peshitta,PESH
5,Deuteronomy,19,5,Deuteronomy 19:5,17,ܘܢܡܚܐ,,,,Peshitta,PESH
5,Deuteronomy,19,5,Deuteronomy 19:5,18,ܠܚܒܪܗ,,,,Peshitta,PESH
5,Deuteronomy,19,5,Deuteronomy 19:5,19,ܘܢܡܘܬ,,,,Peshitta,PESH
5,Deuteronomy,19,5,Deuteronomy 19:5,20,ܗܢܐ,,,,Peshitta,PESH
5,Deuteronomy,19,5,Deuteronomy 19:5,21,ܢܥܪܘܩ,,,,Peshitta,PESH
5,Deuteronomy,19,5,Deuteronomy 19:5,22,ܠܚܕܐ,,,,Peshitta,PESH
5,Deuteronomy,19,5,Deuteronomy 19:5,23,ܡܢ,,,,Peshitta,PESH
5,Deuteronomy,19,5,Deuteronomy 19:5,24,ܗܠܝܢ,,,,Peshitta,PESH
5,Deuteronomy,19,5,Deuteronomy 19:5,25,ܩܘܪ̈ܝܐ,,,,Peshitta,PESH
5,Deuteronomy,19,5,Deuteronomy 19:5,26,ܘܢܚܐ,,,,Peshitta,PESH
5,Deuteronomy,19,6,Deuteronomy 19:6,1,ܕܠܐ,,,,Peshitta,PESH
5,Deuteronomy,19,6,Deuteronomy 19:6,2,ܟܕ,,,,Peshitta,PESH
5,Deuteronomy,19,6,Deuteronomy 19:6,3,ܢܪܕܘܦ,,,,Peshitta,PESH
5,Deuteronomy,19,6,Deuteronomy 19:6,4,ܬܒ̇ܥ,,,,Peshitta,PESH
5,Deuteronomy,19,6,Deuteronomy 19:6,5,ܥܝܪܬܐ,,,,Peshitta,PESH
5,Deuteronomy,19,6,Deuteronomy 19:6,6,ܕܕܡܐ,,,,Peshitta,PESH
5,Deuteronomy,19,6,Deuteronomy 19:6,7,ܒܬܪ,,,,Peshitta,PESH
5,Deuteronomy,19,6,Deuteronomy 19:6,8,ܩܛܘܠܐ,,,,Peshitta,PESH
5,Deuteronomy,19,6,Deuteronomy 19:6,9,ܒܚܡܝܡܘܬܐ,,,,Peshitta,PESH
5,Deuteronomy,19,6,Deuteronomy 19:6,10,ܕܠܒܗ,,,,Peshitta,PESH
5,Deuteronomy,19,6,Deuteronomy 19:6,11,ܘܢܕܪܟܝܘܗܝ,,,,Peshitta,PESH
5,Deuteronomy,19,6,Deuteronomy 19:6,12,ܟܕ,,,,Peshitta,PESH
5,Deuteronomy,19,6,Deuteronomy 19:6,13,ܬܗܘܐ,,,,Peshitta,PESH
5,Deuteronomy,19,6,Deuteronomy 19:6,14,ܣܓܝܐܐ,,,,Peshitta,PESH
5,Deuteronomy,19,6,Deuteronomy 19:6,15,ܐܘܪܚܐ,,,,Peshitta,PESH
5,Deuteronomy,19,6,Deuteronomy 19:6,16,ܘܢܩܛܠܝܘܗܝ,,,,Peshitta,PESH
5,Deuteronomy,19,6,Deuteronomy 19:6,17,ܟܕ,,,,Peshitta,PESH
5,Deuteronomy,19,6,Deuteronomy 19:6,18,ܠܐ,,,,Peshitta,PESH
5,Deuteronomy,19,6,Deuteronomy 19:6,19,ܚܝܒ,,,,Peshitta,PESH
5,Deuteronomy,19,6,Deuteronomy 19:6,20,ܕܝܢܐ,,,,Peshitta,PESH
5,Deuteronomy,19,6,Deuteronomy 19:6,21,ܕܡܘܬܐ,,,,Peshitta,PESH
5,Deuteronomy,19,6,Deuteronomy 19:6,22,ܠܐ,,,,Peshitta,PESH
5,Deuteronomy,19,6,Deuteronomy 19:6,23,ܓܝܪ,,,,Peshitta,PESH
5,Deuteronomy,19,6,Deuteronomy 19:6,24,ܣ̇ܢܐ,,,,Peshitta,PESH
5,Deuteronomy,19,6,Deuteronomy 19:6,25,ܗܘܐ,,,,Peshitta,PESH
5,Deuteronomy,19,6,Deuteronomy 19:6,26,ܠܗ,,,,Peshitta,PESH
5,Deuteronomy,19,6,Deuteronomy 19:6,27,ܡܢ,,,,Peshitta,PESH
5,Deuteronomy,19,6,Deuteronomy 19:6,28,ܐܬܡܠܝ,,,,Peshitta,PESH
5,Deuteronomy,19,6,Deuteronomy 19:6,29,ܘܡܢ,,,,Peshitta,PESH
5,Deuteronomy,19,6,Deuteronomy 19:6,30,ܡܢܬܡܠܝ,,,,Peshitta,PESH
5,Deuteronomy,19,7,Deuteronomy 19:7,1,ܡܛܠ,,,,Peshitta,PESH
5,Deuteronomy,19,7,Deuteronomy 19:7,2,ܗܢܐ,,,,Peshitta,PESH
5,Deuteronomy,19,7,Deuteronomy 19:7,3,ܡܦܩܕ,,,,Peshitta,PESH
5,Deuteronomy,19,7,Deuteronomy 19:7,4,ܐܢܐ,,,,Peshitta,PESH
5,Deuteronomy,19,7,Deuteronomy 19:7,5,ܠܟ,,,,Peshitta,PESH
5,Deuteronomy,19,7,Deuteronomy 19:7,6,ܘܐ̇ܡܪ,,,,Peshitta,PESH
5,Deuteronomy,19,7,Deuteronomy 19:7,7,ܐܢܐ,,,,Peshitta,PESH
5,Deuteronomy,19,7,Deuteronomy 19:7,8,ܠܟ,,,,Peshitta,PESH
5,Deuteronomy,19,7,Deuteronomy 19:7,9,ܕܬܦܪܘܫ,,,,Peshitta,PESH
5,Deuteronomy,19,7,Deuteronomy 19:7,10,ܠܟ,,,,Peshitta,PESH
5,Deuteronomy,19,7,Deuteronomy 19:7,11,ܬܠܬ,,,,Peshitta,PESH
5,Deuteronomy,19,7,Deuteronomy 19:7,12,ܩܘܪ̈ܝܐ,,,,Peshitta,PESH
5,Deuteronomy,19,8,Deuteronomy 19:8,1,ܘܟܕ,,,,Peshitta,PESH
5,Deuteronomy,19,8,Deuteronomy 19:8,2,ܢܪܘܚ,,,,Peshitta,PESH
5,Deuteronomy,19,8,Deuteronomy 19:8,3,ܡܪܝܐ,,,,Peshitta,PESH
5,Deuteronomy,19,8,Deuteronomy 19:8,4,ܐܠܗܟ,,,,Peshitta,PESH
5,Deuteronomy,19,8,Deuteronomy 19:8,5,ܬܚܘܡܟ,,,,Peshitta,PESH
5,Deuteronomy,19,8,Deuteronomy 19:8,6,ܐܝܟ,,,,Peshitta,PESH
5,Deuteronomy,19,8,Deuteronomy 19:8,7,ܕܝܡܐ,,,,Peshitta,PESH
5,Deuteronomy,19,8,Deuteronomy 19:8,8,ܠܐ̈ܒܗܝܟ,,,,Peshitta,PESH
5,Deuteronomy,19,8,Deuteronomy 19:8,9,ܘܢܬܠ,,,,Peshitta,PESH
5,Deuteronomy,19,8,Deuteronomy 19:8,10,ܠܟ,,,,Peshitta,PESH
5,Deuteronomy,19,8,Deuteronomy 19:8,11,ܟܠܗ̇,,,,Peshitta,PESH
5,Deuteronomy,19,8,Deuteronomy 19:8,12,ܐܪܥܐ,,,,Peshitta,PESH
5,Deuteronomy,19,8,Deuteronomy 19:8,13,ܕܝܡܐ,,,,Peshitta,PESH
5,Deuteronomy,19,8,Deuteronomy 19:8,14,ܠܐ̈ܒܗܝܟ,,,,Peshitta,PESH
5,Deuteronomy,19,9,Deuteronomy 19:9,1,ܐܢ,,,,Peshitta,PESH
5,Deuteronomy,19,9,Deuteronomy 19:9,2,ܬܛܪ,,,,Peshitta,PESH
5,Deuteronomy,19,9,Deuteronomy 19:9,3,ܟܠܗܘܢ,,,,Peshitta,PESH
5,Deuteronomy,19,9,Deuteronomy 19:9,4,ܦܘܩ̈ܕܢܐ,,,,Peshitta,PESH
5,Deuteronomy,19,9,Deuteronomy 19:9,5,ܗܠܝܢ,,,,Peshitta,PESH
5,Deuteronomy,19,9,Deuteronomy 19:9,6,ܘܬܥܒܕ,,,,Peshitta,PESH
5,Deuteronomy,19,9,Deuteronomy 19:9,7,ܐܢܘܢ,,,,Peshitta,PESH
5,Deuteronomy,19,9,Deuteronomy 19:9,8,ܕܡܦܩܕ,,,,Peshitta,PESH
5,Deuteronomy,19,9,Deuteronomy 19:9,9,ܐܢܐ,,,,Peshitta,PESH
5,Deuteronomy,19,9,Deuteronomy 19:9,10,ܠܟ,,,,Peshitta,PESH
5,Deuteronomy,19,9,Deuteronomy 19:9,11,ܝܘܡܢܐ,,,,Peshitta,PESH
5,Deuteronomy,19,9,Deuteronomy 19:9,12,ܕܬܪܚܡ,,,,Peshitta,PESH
5,Deuteronomy,19,9,Deuteronomy 19:9,13,ܠܡܪܝܐ,,,,Peshitta,PESH
5,Deuteronomy,19,9,Deuteronomy 19:9,14,ܐܠܗܟ,,,,Peshitta,PESH
5,Deuteronomy,19,9,Deuteronomy 19:9,15,ܘܬܗܠܟ,,,,Peshitta,PESH
5,Deuteronomy,19,9,Deuteronomy 19:9,16,ܒܐܘܪ̈ܚܬܗ,,,,Peshitta,PESH
5,Deuteronomy,19,9,Deuteronomy 19:9,17,ܟܘܠܗܘܢ,,,,Peshitta,PESH
5,Deuteronomy,19,9,Deuteronomy 19:9,18,ܝܘܡ̈ܬܐ,,,,Peshitta,PESH
5,Deuteronomy,19,9,Deuteronomy 19:9,19,ܬܘܣܦ,,,,Peshitta,PESH
5,Deuteronomy,19,9,Deuteronomy 19:9,20,ܠܟ,,,,Peshitta,PESH
5,Deuteronomy,19,9,Deuteronomy 19:9,21,ܬܘܒ,,,,Peshitta,PESH
5,Deuteronomy,19,9,Deuteronomy 19:9,22,ܬܠܬ,,,,Peshitta,PESH
5,Deuteronomy,19,9,Deuteronomy 19:9,23,ܩܘܪ̈ܝܐ,,,,Peshitta,PESH
5,Deuteronomy,19,9,Deuteronomy 19:9,24,ܥܠ,,,,Peshitta,PESH
5,Deuteronomy,19,9,Deuteronomy 19:9,25,ܗܠܝܢ,,,,Peshitta,PESH
5,Deuteronomy,19,9,Deuteronomy 19:9,26,ܬܠܬ,,,,Peshitta,PESH
5,Deuteronomy,19,10,Deuteronomy 19:10,1,ܕܠܐ,,,,Peshitta,PESH
5,Deuteronomy,19,10,Deuteronomy 19:10,2,ܢܬܐܫܕ,,,,Peshitta,PESH
5,Deuteronomy,19,10,Deuteronomy 19:10,3,ܕܡܐ,,,,Peshitta,PESH
5,Deuteronomy,19,10,Deuteronomy 19:10,4,ܙܟܝܐ,,,,Peshitta,PESH
5,Deuteronomy,19,10,Deuteronomy 19:10,5,ܒܓܘ,,,,Peshitta,PESH
5,Deuteronomy,19,10,Deuteronomy 19:10,6,ܐܪܥܟ,,,,Peshitta,PESH
5,Deuteronomy,19,10,Deuteronomy 19:10,7,ܕܝ̇ܗܒ,,,,Peshitta,PESH
5,Deuteronomy,19,10,Deuteronomy 19:10,8,ܠܟ,,,,Peshitta,PESH
5,Deuteronomy,19,10,Deuteronomy 19:10,9,ܡܪܝܐ,,,,Peshitta,PESH
5,Deuteronomy,19,10,Deuteronomy 19:10,10,ܐܠܗܟ,,,,Peshitta,PESH
5,Deuteronomy,19,10,Deuteronomy 19:10,11,ܘܢܬܚܫܒ,,,,Peshitta,PESH
5,Deuteronomy,19,10,Deuteronomy 19:10,12,ܥܠܝܟ,,,,Peshitta,PESH
5,Deuteronomy,19,10,Deuteronomy 19:10,13,ܕܡܐ,,,,Peshitta,PESH
5,Deuteronomy,19,11,Deuteronomy 19:11,1,ܘܐܢ,,,,Peshitta,PESH
5,Deuteronomy,19,11,Deuteronomy 19:11,2,ܢܗܘܐ,,,,Peshitta,PESH
5,Deuteronomy,19,11,Deuteronomy 19:11,3,ܓܒܪܐ,,,,Peshitta,PESH
5,Deuteronomy,19,11,Deuteronomy 19:11,4,ܣ̇ܢܐ,,,,Peshitta,PESH
5,Deuteronomy,19,11,Deuteronomy 19:11,5,ܠܚܒܪܗ,,,,Peshitta,PESH
5,Deuteronomy,19,11,Deuteronomy 19:11,6,ܘܢܟܡܢ,,,,Peshitta,PESH
5,Deuteronomy,19,11,Deuteronomy 19:11,7,ܠܗ,,,,Peshitta,PESH
5,Deuteronomy,19,11,Deuteronomy 19:11,8,ܘܢܩܘܡ,,,,Peshitta,PESH
5,Deuteronomy,19,11,Deuteronomy 19:11,9,ܥܠܘܗܝ,,,,Peshitta,PESH
5,Deuteronomy,19,11,Deuteronomy 19:11,10,ܘܢܡܚܝܘܗܝ,,,,Peshitta,PESH
5,Deuteronomy,19,11,Deuteronomy 19:11,11,ܘܢܡܘܬ,,,,Peshitta,PESH
5,Deuteronomy,19,11,Deuteronomy 19:11,12,ܘܢܥܪܘܩ,,,,Peshitta,PESH
5,Deuteronomy,19,11,Deuteronomy 19:11,13,ܠܚܕܐ,,,,Peshitta,PESH
5,Deuteronomy,19,11,Deuteronomy 19:11,14,ܡܢ,,,,Peshitta,PESH
5,Deuteronomy,19,11,Deuteronomy 19:11,15,ܗܠܝܢ,,,,Peshitta,PESH
5,Deuteronomy,19,11,Deuteronomy 19:11,16,ܩܘܪ̈ܝܐ,,,,Peshitta,PESH
5,Deuteronomy,19,12,Deuteronomy 19:12,1,ܢܫܕܪܘܢ,,,,Peshitta,PESH
5,Deuteronomy,19,12,Deuteronomy 19:12,2,ܣ̈ܒܐ,,,,Peshitta,PESH
5,Deuteronomy,19,12,Deuteronomy 19:12,3,ܕܩܪܝܬܗ,,,,Peshitta,PESH
5,Deuteronomy,19,12,Deuteronomy 19:12,4,ܘܢܕܒܪܘܢܗ,,,,Peshitta,PESH
5,Deuteronomy,19,12,Deuteronomy 19:12,5,ܡܢ,,,,Peshitta,PESH
5,Deuteronomy,19,12,Deuteronomy 19:12,6,ܬܡܢ,,,,Peshitta,PESH
5,Deuteronomy,19,12,Deuteronomy 19:12,7,ܘܢܫܠܡܘܢܗ,,,,Peshitta,PESH
5,Deuteronomy,19,12,Deuteronomy 19:12,8,ܒܝܕ,,,,Peshitta,PESH
5,Deuteronomy,19,12,Deuteronomy 19:12,9,ܬܒ̇ܥ,,,,Peshitta,PESH
5,Deuteronomy,19,12,Deuteronomy 19:12,10,ܥܝܪܬܐ,,,,Peshitta,PESH
5,Deuteronomy,19,12,Deuteronomy 19:12,11,ܕܕܡܐ,,,,Peshitta,PESH
5,Deuteronomy,19,12,Deuteronomy 19:12,12,ܘܢܩܛܠܝܘܗܝ,,,,Peshitta,PESH
5,Deuteronomy,19,13,Deuteronomy 19:13,1,ܘܠܐ,,,,Peshitta,PESH
5,Deuteronomy,19,13,Deuteronomy 19:13,2,ܬܚܘܣ,,,,Peshitta,PESH
5,Deuteronomy,19,13,Deuteronomy 19:13,3,ܥܝܢܟ,,,,Peshitta,PESH
5,Deuteronomy,19,13,Deuteronomy 19:13,4,ܥܠܘܗܝ,,,,Peshitta,PESH
5,Deuteronomy,19,13,Deuteronomy 19:13,5,ܕܬܩܛܠܝܘܗܝ,,,,Peshitta,PESH
5,Deuteronomy,19,13,Deuteronomy 19:13,6,ܘܥܩܒ,,,,Peshitta,PESH
5,Deuteronomy,19,13,Deuteronomy 19:13,7,ܕܡܐ,,,,Peshitta,PESH
5,Deuteronomy,19,13,Deuteronomy 19:13,8,ܙܟܝܐ,,,,Peshitta,PESH
5,Deuteronomy,19,13,Deuteronomy 19:13,9,ܡܢ,,,,Peshitta,PESH
5,Deuteronomy,19,13,Deuteronomy 19:13,10,ܐܝܣܪܝܠ,,,,Peshitta,PESH
5,Deuteronomy,19,13,Deuteronomy 19:13,11,ܘܢܛܐܒ,,,,Peshitta,PESH
5,Deuteronomy,19,13,Deuteronomy 19:13,12,ܠܟ,,,,Peshitta,PESH
5,Deuteronomy,19,14,Deuteronomy 19:14,1,ܠܐ,,,,Peshitta,PESH
5,Deuteronomy,19,14,Deuteronomy 19:14,2,ܬܫܢܐ,,,,Peshitta,PESH
5,Deuteronomy,19,14,Deuteronomy 19:14,3,ܬܚܘܡܐ,,,,Peshitta,PESH
5,Deuteronomy,19,14,Deuteronomy 19:14,4,ܕܡܢ,,,,Peshitta,PESH
5,Deuteronomy,19,14,Deuteronomy 19:14,5,ܥܠܡ,,,,Peshitta,PESH
5,Deuteronomy,19,14,Deuteronomy 19:14,6,ܕܬܚܡܘ,,,,Peshitta,PESH
5,Deuteronomy,19,14,Deuteronomy 19:14,7,ܩ̈ܕܡܝܐ,,,,Peshitta,PESH
5,Deuteronomy,19,14,Deuteronomy 19:14,8,ܒܝܪܬܘܬܟ,,,,Peshitta,PESH
5,Deuteronomy,19,14,Deuteronomy 19:14,9,ܕܬܐܪܬ,,,,Peshitta,PESH
5,Deuteronomy,19,14,Deuteronomy 19:14,10,ܒܐܪܥܐ,,,,Peshitta,PESH
5,Deuteronomy,19,14,Deuteronomy 19:14,11,ܕܝ̇ܗܒ,,,,Peshitta,PESH
5,Deuteronomy,19,14,Deuteronomy 19:14,12,ܠܟ,,,,Peshitta,PESH
5,Deuteronomy,19,14,Deuteronomy 19:14,13,ܡܪܝܐ,,,,Peshitta,PESH
5,Deuteronomy,19,14,Deuteronomy 19:14,14,ܐܠܗܟ,,,,Peshitta,PESH
5,Deuteronomy,19,14,Deuteronomy 19:14,15,ܠܡܐܪܬܗ̇,,,,Peshitta,PESH
5,Deuteronomy,19,15,Deuteronomy 19:15,1,ܠܐ,,,,Peshitta,PESH
5,Deuteronomy,19,15,Deuteronomy 19:15,2,ܢܩܘܡ,,,,Peshitta,PESH
5,Deuteronomy,19,15,Deuteronomy 19:15,3,ܣܗܕܐ,,,,Peshitta,PESH
5,Deuteronomy,19,15,Deuteronomy 19:15,4,ܚܕ,,,,Peshitta,PESH
5,Deuteronomy,19,15,Deuteronomy 19:15,5,ܥܠ,,,,Peshitta,PESH
5,Deuteronomy,19,15,Deuteronomy 19:15,6,ܓܒܪܐ,,,,Peshitta,PESH
5,Deuteronomy,19,15,Deuteronomy 19:15,7,ܥܠ,,,,Peshitta,PESH
5,Deuteronomy,19,15,Deuteronomy 19:15,8,ܟܠ,,,,Peshitta,PESH
5,Deuteronomy,19,15,Deuteronomy 19:15,9,ܣܟܠܘܬܐ,,,,Peshitta,PESH
5,Deuteronomy,19,15,Deuteronomy 19:15,10,ܘܥܠ,,,,Peshitta,PESH
5,Deuteronomy,19,15,Deuteronomy 19:15,11,ܟܠ,,,,Peshitta,PESH
5,Deuteronomy,19,15,Deuteronomy 19:15,12,ܚܛܗܐ,,,,Peshitta,PESH
5,Deuteronomy,19,15,Deuteronomy 19:15,13,ܒܟܠ,,,,Peshitta,PESH
5,Deuteronomy,19,15,Deuteronomy 19:15,14,ܚܛܗܐ,,,,Peshitta,PESH
5,Deuteronomy,19,15,Deuteronomy 19:15,15,ܕܢܚܛܐ,,,,Peshitta,PESH
5,Deuteronomy,19,15,Deuteronomy 19:15,16,ܥܠ,,,,Peshitta,PESH
5,Deuteronomy,19,15,Deuteronomy 19:15,17,ܦܘܡ,,,,Peshitta,PESH
5,Deuteronomy,19,15,Deuteronomy 19:15,18,ܬܪ̈ܝܢ,,,,Peshitta,PESH
5,Deuteronomy,19,15,Deuteronomy 19:15,19,ܣܗ̈ܕܝܢ,,,,Peshitta,PESH
5,Deuteronomy,19,15,Deuteronomy 19:15,20,ܐܘ,,,,Peshitta,PESH
5,Deuteronomy,19,15,Deuteronomy 19:15,21,ܥܠ,,,,Peshitta,PESH
5,Deuteronomy,19,15,Deuteronomy 19:15,22,ܦܘܡ,,,,Peshitta,PESH
5,Deuteronomy,19,15,Deuteronomy 19:15,23,ܬܠܬܐ,,,,Peshitta,PESH
5,Deuteronomy,19,15,Deuteronomy 19:15,24,ܣܗ̈ܕܝܢ,,,,Peshitta,PESH
5,Deuteronomy,19,15,Deuteronomy 19:15,25,ܬܬܩܝܡ,,,,Peshitta,PESH
5,Deuteronomy,19,15,Deuteronomy 19:15,26,ܡܠܬܐ,,,,Peshitta,PESH
5,Deuteronomy,19,16,Deuteronomy 19:16,1,ܘܐܢ,,,,Peshitta,PESH
5,Deuteronomy,19,16,Deuteronomy 19:16,2,ܢܩܘܡ,,,,Peshitta,PESH
5,Deuteronomy,19,16,Deuteronomy 19:16,3,ܣܗܕܐ,,,,Peshitta,PESH
5,Deuteronomy,19,16,Deuteronomy 19:16,4,ܕܓܠܐ,,,,Peshitta,PESH
5,Deuteronomy,19,16,Deuteronomy 19:16,5,ܥܠ,,,,Peshitta,PESH
5,Deuteronomy,19,16,Deuteronomy 19:16,6,ܓܒܪܐ,,,,Peshitta,PESH
5,Deuteronomy,19,16,Deuteronomy 19:16,7,ܘܢܣܗܕ,,,,Peshitta,PESH
5,Deuteronomy,19,16,Deuteronomy 19:16,8,ܥܠܘܗܝ,,,,Peshitta,PESH
5,Deuteronomy,19,16,Deuteronomy 19:16,9,ܥܘܠܐ,,,,Peshitta,PESH
5,Deuteronomy,19,17,Deuteronomy 19:17,1,ܢܩܘܡܘܢ,,,,Peshitta,PESH
5,Deuteronomy,19,17,Deuteronomy 19:17,2,ܬܪ̈ܝܗܘܢ,,,,Peshitta,PESH
5,Deuteronomy,19,17,Deuteronomy 19:17,3,ܓܒܪܐ,,,,Peshitta,PESH
5,Deuteronomy,19,17,Deuteronomy 19:17,4,ܕܐܝܬ,,,,Peshitta,PESH
5,Deuteronomy,19,17,Deuteronomy 19:17,5,ܠܗܘܢ,,,,Peshitta,PESH
5,Deuteronomy,19,17,Deuteronomy 19:17,6,ܕܝܢ̣ܐ,,,,Peshitta,PESH
5,Deuteronomy,19,17,Deuteronomy 19:17,7,ܩܕܡ,,,,Peshitta,PESH
5,Deuteronomy,19,17,Deuteronomy 19:17,8,ܡܪܝܐ,,,,Peshitta,PESH
5,Deuteronomy,19,17,Deuteronomy 19:17,9,ܘܩܕܡ,,,,Peshitta,PESH
5,Deuteronomy,19,17,Deuteronomy 19:17,10,ܟܗܢܐ,,,,Peshitta,PESH
5,Deuteronomy,19,17,Deuteronomy 19:17,11,ܘܕܝ̇ܢܐ,,,,Peshitta,PESH
5,Deuteronomy,19,17,Deuteronomy 19:17,12,ܕܢܗܘܘܢ,,,,Peshitta,PESH
5,Deuteronomy,19,17,Deuteronomy 19:17,13,ܒܝܘܡ̈ܬܐ,,,,Peshitta,PESH
5,Deuteronomy,19,17,Deuteronomy 19:17,14,ܗ̇ܢܘܢ,,,,Peshitta,PESH
5,Deuteronomy,19,18,Deuteronomy 19:18,1,ܘܢܥܩܒܘܢ,,,,Peshitta,PESH
5,Deuteronomy,19,18,Deuteronomy 19:18,2,ܕܝ̣̈ܢܐ,,,,Peshitta,PESH
5,Deuteronomy,19,18,Deuteronomy 19:18,3,ܫܦܝܪ,,,,Peshitta,PESH
5,Deuteronomy,19,18,Deuteronomy 19:18,4,ܘܢܚܙܘܢ,,,,Peshitta,PESH
5,Deuteronomy,19,18,Deuteronomy 19:18,5,ܐܢ,,,,Peshitta,PESH
5,Deuteronomy,19,18,Deuteronomy 19:18,6,ܣܗܕܘܬܐ,,,,Peshitta,PESH
5,Deuteronomy,19,18,Deuteronomy 19:18,7,ܕܓܠܬܐ,,,,Peshitta,PESH
5,Deuteronomy,19,18,Deuteronomy 19:18,8,ܒ̇ܥܐ,,,,Peshitta,PESH
5,Deuteronomy,19,18,Deuteronomy 19:18,9,ܗܘܐ,,,,Peshitta,PESH
5,Deuteronomy,19,18,Deuteronomy 19:18,10,ܕܢܣܗܕ,,,,Peshitta,PESH
5,Deuteronomy,19,18,Deuteronomy 19:18,11,ܥܠ,,,,Peshitta,PESH
5,Deuteronomy,19,18,Deuteronomy 19:18,12,ܐܚܘܗܝ,,,,Peshitta,PESH
5,Deuteronomy,19,19,Deuteronomy 19:19,1,ܥܒܕܘ,,,,Peshitta,PESH
5,Deuteronomy,19,19,Deuteronomy 19:19,2,ܠܗ,,,,Peshitta,PESH
5,Deuteronomy,19,19,Deuteronomy 19:19,3,ܐܝܟ,,,,Peshitta,PESH
5,Deuteronomy,19,19,Deuteronomy 19:19,4,ܕܐܬܚܫܒ,,,,Peshitta,PESH
5,Deuteronomy,19,19,Deuteronomy 19:19,5,ܠܡܥܒܕ,,,,Peshitta,PESH
5,Deuteronomy,19,19,Deuteronomy 19:19,6,ܠܐܚܘܗܝ,,,,Peshitta,PESH
5,Deuteronomy,19,19,Deuteronomy 19:19,7,ܘܒܥܪܘ,,,,Peshitta,PESH
5,Deuteronomy,19,19,Deuteronomy 19:19,8,ܒܝܫܬܐ,,,,Peshitta,PESH
5,Deuteronomy,19,19,Deuteronomy 19:19,9,ܡܢ,,,,Peshitta,PESH
5,Deuteronomy,19,19,Deuteronomy 19:19,10,ܒܝܢܬܟܘܢ,,,,Peshitta,PESH
5,Deuteronomy,19,20,Deuteronomy 19:20,1,ܘܐܝܠܝܢ,,,,Peshitta,PESH
5,Deuteronomy,19,20,Deuteronomy 19:20,2,ܕܡܫܬܚܪܝܢ,,,,Peshitta,PESH
5,Deuteronomy,19,20,Deuteronomy 19:20,3,ܢܫܡܥܘܢ,,,,Peshitta,PESH
5,Deuteronomy,19,20,Deuteronomy 19:20,4,ܘܢܕܚܠܘܢ,,,,Peshitta,PESH
5,Deuteronomy,19,20,Deuteronomy 19:20,5,ܘܠܐ,,,,Peshitta,PESH
5,Deuteronomy,19,20,Deuteronomy 19:20,6,ܢܘܣܦܘܢ,,,,Peshitta,PESH
5,Deuteronomy,19,20,Deuteronomy 19:20,7,ܬܘܒ,,,,Peshitta,PESH
5,Deuteronomy,19,20,Deuteronomy 19:20,8,ܠܡܥܒܕ,,,,Peshitta,PESH
5,Deuteronomy,19,20,Deuteronomy 19:20,9,ܦܬܓܡܐ,,,,Peshitta,PESH
5,Deuteronomy,19,20,Deuteronomy 19:20,10,ܗܢܐ,,,,Peshitta,PESH
5,Deuteronomy,19,20,Deuteronomy 19:20,11,ܒܝܫܐ,,,,Peshitta,PESH
5,Deuteronomy,19,20,Deuteronomy 19:20,12,ܒܝܢܬܟܘܢ,,,,Peshitta,PESH
5,Deuteronomy,19,21,Deuteronomy 19:21,1,ܠܐ,,,,Peshitta,PESH
5,Deuteronomy,19,21,Deuteronomy 19:21,2,ܬܚܘܣ,,,,Peshitta,PESH
5,Deuteronomy,19,21,Deuteronomy 19:21,3,ܥܝܢܟ,,,,Peshitta,PESH
5,Deuteronomy,19,21,Deuteronomy 19:21,4,ܐܠܐ,,,,Peshitta,PESH
5,Deuteronomy,19,21,Deuteronomy 19:21,5,ܢܦܫܐ,,,,Peshitta,PESH
5,Deuteronomy,19,21,Deuteronomy 19:21,6,ܚܠܦ,,,,Peshitta,PESH
5,Deuteronomy,19,21,Deuteronomy 19:21,7,ܢܦܫܐ,,,,Peshitta,PESH
5,Deuteronomy,19,21,Deuteronomy 19:21,8,ܥܝܢܐ,,,,Peshitta,PESH
5,Deuteronomy,19,21,Deuteronomy 19:21,9,ܚܠܦ,,,,Peshitta,PESH
5,Deuteronomy,19,21,Deuteronomy 19:21,10,ܥܝܢܐ,,,,Peshitta,PESH
5,Deuteronomy,19,21,Deuteronomy 19:21,11,ܫܢܐ,,,,Peshitta,PESH
5,Deuteronomy,19,21,Deuteronomy 19:21,12,ܚܠܦ,,,,Peshitta,PESH
5,Deuteronomy,19,21,Deuteronomy 19:21,13,ܫܢܐ,,,,Peshitta,PESH
5,Deuteronomy,19,21,Deuteronomy 19:21,14,ܐܝܕܐ,,,,Peshitta,PESH
5,Deuteronomy,19,21,Deuteronomy 19:21,15,ܚܠܦ,,,,Peshitta,PESH
5,Deuteronomy,19,21,Deuteronomy 19:21,16,ܐܝܕܐ,,,,Peshitta,PESH
5,Deuteronomy,19,21,Deuteronomy 19:21,17,ܪܓܠܐ,,,,Peshitta,PESH
5,Deuteronomy,19,21,Deuteronomy 19:21,18,ܚܠܦ,,,,Peshitta,PESH
5,Deuteronomy,19,21,Deuteronomy 19:21,19,ܪܓܠܐ,,,,Peshitta,PESH
5,Deuteronomy,20,1,Deuteronomy 20:1,1,ܘܟܕ,,,,Peshitta,PESH
5,Deuteronomy,20,1,Deuteronomy 20:1,2,ܬܦܘܩ,,,,Peshitta,PESH
5,Deuteronomy,20,1,Deuteronomy 20:1,3,ܠܩܪܒܐ,,,,Peshitta,PESH
5,Deuteronomy,20,1,Deuteronomy 20:1,4,ܥܠ,,,,Peshitta,PESH
5,Deuteronomy,20,1,Deuteronomy 20:1,5,ܒ̈ܥܠܕܒܒܝܟ,,,,Peshitta,PESH
5,Deuteronomy,20,1,Deuteronomy 20:1,6,ܘܬܚܙܐ,,,,Peshitta,PESH
5,Deuteronomy,20,1,Deuteronomy 20:1,7,ܪ̈ܟܫܐ,,,,Peshitta,PESH
5,Deuteronomy,20,1,Deuteronomy 20:1,8,ܘܡܪ̈ܟܒܬܐ,,,,Peshitta,PESH
5,Deuteronomy,20,1,Deuteronomy 20:1,9,ܥܡܐ,,,,Peshitta,PESH
5,Deuteronomy,20,1,Deuteronomy 20:1,10,ܕܣܓܝ,,,,Peshitta,PESH
5,Deuteronomy,20,1,Deuteronomy 20:1,11,ܡܢܟ,,,,Peshitta,PESH
5,Deuteronomy,20,1,Deuteronomy 20:1,12,ܠܐ,,,,Peshitta,PESH
5,Deuteronomy,20,1,Deuteronomy 20:1,13,ܬܕܚܠ,,,,Peshitta,PESH
5,Deuteronomy,20,1,Deuteronomy 20:1,14,ܡܢܗܘܢ,,,,Peshitta,PESH
5,Deuteronomy,20,1,Deuteronomy 20:1,15,ܡܛܘܠ,,,,Peshitta,PESH
5,Deuteronomy,20,1,Deuteronomy 20:1,16,ܕܡܪܝܐ,,,,Peshitta,PESH
5,Deuteronomy,20,1,Deuteronomy 20:1,17,ܐܠܗܟ,,,,Peshitta,PESH
5,Deuteronomy,20,1,Deuteronomy 20:1,18,ܐ̇ܙܠ,,,,Peshitta,PESH
5,Deuteronomy,20,1,Deuteronomy 20:1,19,ܥܡܟ,,,,Peshitta,PESH
5,Deuteronomy,20,1,Deuteronomy 20:1,20,ܕܐܣܩܟ,,,,Peshitta,PESH
5,Deuteronomy,20,1,Deuteronomy 20:1,21,ܡܢ,,,,Peshitta,PESH
5,Deuteronomy,20,1,Deuteronomy 20:1,22,ܐܪܥܐ,,,,Peshitta,PESH
5,Deuteronomy,20,1,Deuteronomy 20:1,23,ܕܡܨܪܝܢ,,,,Peshitta,PESH
5,Deuteronomy,20,2,Deuteronomy 20:2,1,ܘܡܐ,,,,Peshitta,PESH
5,Deuteronomy,20,2,Deuteronomy 20:2,2,ܕܩܪܒܬܘܢ,,,,Peshitta,PESH
5,Deuteronomy,20,2,Deuteronomy 20:2,3,ܠܩܪܒܐ,,,,Peshitta,PESH
5,Deuteronomy,20,2,Deuteronomy 20:2,4,ܢܩܪܘܒ,,,,Peshitta,PESH
5,Deuteronomy,20,2,Deuteronomy 20:2,5,ܟܗܢܐ,,,,Peshitta,PESH
5,Deuteronomy,20,2,Deuteronomy 20:2,6,ܘܢܐܡܪ,,,,Peshitta,PESH
5,Deuteronomy,20,2,Deuteronomy 20:2,7,ܠܥܡܐ,,,,Peshitta,PESH
5,Deuteronomy,20,3,Deuteronomy 20:3,1,ܫܡܥ,,,,Peshitta,PESH
5,Deuteronomy,20,3,Deuteronomy 20:3,2,ܐܝܣܪܝܠ,,,,Peshitta,PESH
5,Deuteronomy,20,3,Deuteronomy 20:3,3,ܐܢܬܘܢ,,,,Peshitta,PESH
5,Deuteronomy,20,3,Deuteronomy 20:3,4,ܩ̇ܪܒܝܢ,,,,Peshitta,PESH
5,Deuteronomy,20,3,Deuteronomy 20:3,5,ܐܢܬܘܢ,,,,Peshitta,PESH
5,Deuteronomy,20,3,Deuteronomy 20:3,6,ܝܘܡܢܐ,,,,Peshitta,PESH
5,Deuteronomy,20,3,Deuteronomy 20:3,7,ܠܩܪܒܐ,,,,Peshitta,PESH
5,Deuteronomy,20,3,Deuteronomy 20:3,8,ܥܠ,,,,Peshitta,PESH
5,Deuteronomy,20,3,Deuteronomy 20:3,9,ܒ̈ܥܠܕܒܒܝܟܘܢ,,,,Peshitta,PESH
5,Deuteronomy,20,3,Deuteronomy 20:3,10,ܠܐ,,,,Peshitta,PESH
5,Deuteronomy,20,3,Deuteronomy 20:3,11,ܢܬܬܒܪ,,,,Peshitta,PESH
5,Deuteronomy,20,3,Deuteronomy 20:3,12,ܠܒܟܘܢ,,,,Peshitta,PESH
5,Deuteronomy,20,3,Deuteronomy 20:3,13,ܘܠܐ,,,,Peshitta,PESH
5,Deuteronomy,20,3,Deuteronomy 20:3,14,ܬܕܚܠܘܢ,,,,Peshitta,PESH
5,Deuteronomy,20,3,Deuteronomy 20:3,15,ܘܠܐ,,,,Peshitta,PESH
5,Deuteronomy,20,3,Deuteronomy 20:3,16,ܬܙܘܥܘܢ,,,,Peshitta,PESH
5,Deuteronomy,20,3,Deuteronomy 20:3,17,ܘܠܐ,,,,Peshitta,PESH
5,Deuteronomy,20,3,Deuteronomy 20:3,18,ܬܬܪܗܒܘܢ,,,,Peshitta,PESH
5,Deuteronomy,20,3,Deuteronomy 20:3,19,ܡܢ,,,,Peshitta,PESH
5,Deuteronomy,20,3,Deuteronomy 20:3,20,ܩܕܡܝܗܘܢ,,,,Peshitta,PESH
5,Deuteronomy,20,4,Deuteronomy 20:4,1,ܡܛܠ,,,,Peshitta,PESH
5,Deuteronomy,20,4,Deuteronomy 20:4,2,ܕܡܪܝܐ,,,,Peshitta,PESH
5,Deuteronomy,20,4,Deuteronomy 20:4,3,ܐܠܗܟ,,,,Peshitta,PESH
5,Deuteronomy,20,4,Deuteronomy 20:4,4,ܐ̇ܙܠ,,,,Peshitta,PESH
5,Deuteronomy,20,4,Deuteronomy 20:4,5,ܥܡܟ,,,,Peshitta,PESH
5,Deuteronomy,20,4,Deuteronomy 20:4,6,ܕܐܣܩܟ,,,,Peshitta,PESH
5,Deuteronomy,20,4,Deuteronomy 20:4,7,ܡܢ,,,,Peshitta,PESH
5,Deuteronomy,20,4,Deuteronomy 20:4,8,ܐܪܥܐ,,,,Peshitta,PESH
5,Deuteronomy,20,4,Deuteronomy 20:4,9,ܕܡܨܪܝܢ,,,,Peshitta,PESH
5,Deuteronomy,20,4,Deuteronomy 20:4,10,ܘܗܘ,,,,Peshitta,PESH
5,Deuteronomy,20,4,Deuteronomy 20:4,11,ܢܬܟܬܫ,,,,Peshitta,PESH
5,Deuteronomy,20,4,Deuteronomy 20:4,12,ܥܠ,,,,Peshitta,PESH
5,Deuteronomy,20,4,Deuteronomy 20:4,13,ܐ̈ܦܝܟܘܢ,,,,Peshitta,PESH
5,Deuteronomy,20,4,Deuteronomy 20:4,14,ܥܡ,,,,Peshitta,PESH
5,Deuteronomy,20,4,Deuteronomy 20:4,15,ܒ̈ܥܠܕܒܒܝܟܘܢ,,,,Peshitta,PESH
5,Deuteronomy,20,4,Deuteronomy 20:4,16,ܘܢܦܪܘܩܟܘܢ,,,,Peshitta,PESH
5,Deuteronomy,20,5,Deuteronomy 20:5,1,ܘܢܐܡܪܘܢ,,,,Peshitta,PESH
5,Deuteronomy,20,5,Deuteronomy 20:5,2,ܣܦܪ̈ܐ,,,,Peshitta,PESH
5,Deuteronomy,20,5,Deuteronomy 20:5,3,ܠܥܡܐ,,,,Peshitta,PESH
5,Deuteronomy,20,5,Deuteronomy 20:5,4,ܡܢܘ,,,,Peshitta,PESH
5,Deuteronomy,20,5,Deuteronomy 20:5,5,ܓܒܪܐ,,,,Peshitta,PESH
5,Deuteronomy,20,5,Deuteronomy 20:5,6,ܕܒܢܐ,,,,Peshitta,PESH
5,Deuteronomy,20,5,Deuteronomy 20:5,7,ܒܝܬܐ,,,,Peshitta,PESH
5,Deuteronomy,20,5,Deuteronomy 20:5,8,ܚܕܬܐ,,,,Peshitta,PESH
5,Deuteronomy,20,5,Deuteronomy 20:5,9,ܘܠܐ,,,,Peshitta,PESH
5,Deuteronomy,20,5,Deuteronomy 20:5,10,ܚܕܬܗ,,,,Peshitta,PESH
5,Deuteronomy,20,5,Deuteronomy 20:5,11,ܢܗܦܘܟ,,,,Peshitta,PESH
5,Deuteronomy,20,5,Deuteronomy 20:5,12,ܢܐܙܠ,,,,Peshitta,PESH
5,Deuteronomy,20,5,Deuteronomy 20:5,13,ܠܒܝܬܗ,,,,Peshitta,PESH
5,Deuteronomy,20,5,Deuteronomy 20:5,14,ܕܠܡܐ,,,,Peshitta,PESH
5,Deuteronomy,20,5,Deuteronomy 20:5,15,ܢܬܩܛܠ,,,,Peshitta,PESH
5,Deuteronomy,20,5,Deuteronomy 20:5,16,ܒܩܪܒܐ,,,,Peshitta,PESH
5,Deuteronomy,20,5,Deuteronomy 20:5,17,ܘܓܒܪܐ,,,,Peshitta,PESH
5,Deuteronomy,20,5,Deuteronomy 20:5,18,ܐܚܪܢܐ,,,,Peshitta,PESH
5,Deuteronomy,20,5,Deuteronomy 20:5,19,ܢܚܕܬܝܘܗܝ,,,,Peshitta,PESH
5,Deuteronomy,20,6,Deuteronomy 20:6,1,ܘܡܢܘ,,,,Peshitta,PESH
5,Deuteronomy,20,6,Deuteronomy 20:6,2,ܓܒܪܐ,,,,Peshitta,PESH
5,Deuteronomy,20,6,Deuteronomy 20:6,3,ܕܢܨܒ,,,,Peshitta,PESH
5,Deuteronomy,20,6,Deuteronomy 20:6,4,ܟܪܡܐ,,,,Peshitta,PESH
5,Deuteronomy,20,6,Deuteronomy 20:6,5,ܘܠܐ,,,,Peshitta,PESH
5,Deuteronomy,20,6,Deuteronomy 20:6,6,ܥܨܪ,,,,Peshitta,PESH
5,Deuteronomy,20,6,Deuteronomy 20:6,7,ܡܢܗ,,,,Peshitta,PESH
5,Deuteronomy,20,6,Deuteronomy 20:6,8,ܢܗܦܘܟ,,,,Peshitta,PESH
5,Deuteronomy,20,6,Deuteronomy 20:6,9,ܢܐܙܠ,,,,Peshitta,PESH
5,Deuteronomy,20,6,Deuteronomy 20:6,10,ܠܒܝܬܗ,,,,Peshitta,PESH
5,Deuteronomy,20,6,Deuteronomy 20:6,11,ܕܠܡܐ,,,,Peshitta,PESH
5,Deuteronomy,20,6,Deuteronomy 20:6,12,ܢܬܩܛܠ,,,,Peshitta,PESH
5,Deuteronomy,20,6,Deuteronomy 20:6,13,ܒܩܪܒܐ,,,,Peshitta,PESH
5,Deuteronomy,20,6,Deuteronomy 20:6,14,ܘܓܒܪܐ,,,,Peshitta,PESH
5,Deuteronomy,20,6,Deuteronomy 20:6,15,ܐܚܪܢܐ,,,,Peshitta,PESH
5,Deuteronomy,20,6,Deuteronomy 20:6,16,ܢܥܨܪܝܘܗܝ,,,,Peshitta,PESH
5,Deuteronomy,20,7,Deuteronomy 20:7,1,ܘܡܢܘ,,,,Peshitta,PESH
5,Deuteronomy,20,7,Deuteronomy 20:7,2,ܓܒܪܐ,,,,Peshitta,PESH
5,Deuteronomy,20,7,Deuteronomy 20:7,3,ܕܡܟܪ,,,,Peshitta,PESH
5,Deuteronomy,20,7,Deuteronomy 20:7,4,ܐܢܬܬܐ,,,,Peshitta,PESH
5,Deuteronomy,20,7,Deuteronomy 20:7,5,ܘܠܐ,,,,Peshitta,PESH
5,Deuteronomy,20,7,Deuteronomy 20:7,6,ܢܣܒܗ̇,,,,Peshitta,PESH
5,Deuteronomy,20,7,Deuteronomy 20:7,7,ܢܗܦܘܟ,,,,Peshitta,PESH
5,Deuteronomy,20,7,Deuteronomy 20:7,8,ܢܐܙܠ,,,,Peshitta,PESH
5,Deuteronomy,20,7,Deuteronomy 20:7,9,ܠܒܝܬܗ,,,,Peshitta,PESH
5,Deuteronomy,20,7,Deuteronomy 20:7,10,ܕܠܡܐ,,,,Peshitta,PESH
5,Deuteronomy,20,7,Deuteronomy 20:7,11,ܢܬܩܛܠ,,,,Peshitta,PESH
5,Deuteronomy,20,7,Deuteronomy 20:7,12,ܒܩܪܒܐ,,,,Peshitta,PESH
5,Deuteronomy,20,7,Deuteronomy 20:7,13,ܘܓܒܪܐ,,,,Peshitta,PESH
5,Deuteronomy,20,7,Deuteronomy 20:7,14,ܐܚܪܢܐ,,,,Peshitta,PESH
5,Deuteronomy,20,7,Deuteronomy 20:7,15,ܢܣܒܝܗ̇,,,,Peshitta,PESH
5,Deuteronomy,20,8,Deuteronomy 20:8,1,ܘܢܘܣܦܘܢ,,,,Peshitta,PESH
5,Deuteronomy,20,8,Deuteronomy 20:8,2,ܣܦܪ̈ܐ,,,,Peshitta,PESH
5,Deuteronomy,20,8,Deuteronomy 20:8,3,ܘܢܐܡܪܘܢ,,,,Peshitta,PESH
5,Deuteronomy,20,8,Deuteronomy 20:8,4,ܠܥܡܐ,,,,Peshitta,PESH
5,Deuteronomy,20,8,Deuteronomy 20:8,5,ܡܢܘ,,,,Peshitta,PESH
5,Deuteronomy,20,8,Deuteronomy 20:8,6,ܓܒܪܐ,,,,Peshitta,PESH
5,Deuteronomy,20,8,Deuteronomy 20:8,7,ܕܕܚܝܠ,,,,Peshitta,PESH
5,Deuteronomy,20,8,Deuteronomy 20:8,8,ܘܪܬܝܬ,,,,Peshitta,PESH
5,Deuteronomy,20,8,Deuteronomy 20:8,9,ܠܒܗ,,,,Peshitta,PESH
5,Deuteronomy,20,8,Deuteronomy 20:8,10,ܢܗܦܘܟ,,,,Peshitta,PESH
5,Deuteronomy,20,8,Deuteronomy 20:8,11,ܢܐܙܠ,,,,Peshitta,PESH
5,Deuteronomy,20,8,Deuteronomy 20:8,12,ܠܒܝܬܗ,,,,Peshitta,PESH
5,Deuteronomy,20,8,Deuteronomy 20:8,13,ܕܠܡܐ,,,,Peshitta,PESH
5,Deuteronomy,20,8,Deuteronomy 20:8,14,ܢܬܒܪ,,,,Peshitta,PESH
5,Deuteronomy,20,8,Deuteronomy 20:8,15,ܠܒܐ,,,,Peshitta,PESH
5,Deuteronomy,20,8,Deuteronomy 20:8,16,ܕܐ̈ܚܘܗܝ,,,,Peshitta,PESH
5,Deuteronomy,20,8,Deuteronomy 20:8,17,ܐܝܟ,,,,Peshitta,PESH
5,Deuteronomy,20,8,Deuteronomy 20:8,18,ܕܝܠܗ,,,,Peshitta,PESH
5,Deuteronomy,20,9,Deuteronomy 20:9,1,ܘܡܐ,,,,Peshitta,PESH
5,Deuteronomy,20,9,Deuteronomy 20:9,2,ܕܫܠܡܘ,,,,Peshitta,PESH
5,Deuteronomy,20,9,Deuteronomy 20:9,3,ܣܦܪ̈ܐ,,,,Peshitta,PESH
5,Deuteronomy,20,9,Deuteronomy 20:9,4,ܠܡܐܡܪ,,,,Peshitta,PESH
5,Deuteronomy,20,9,Deuteronomy 20:9,5,ܠܥܡܐ,,,,Peshitta,PESH
5,Deuteronomy,20,9,Deuteronomy 20:9,6,ܢܩܘܡܘܢ,,,,Peshitta,PESH
5,Deuteronomy,20,9,Deuteronomy 20:9,7,ܪ̈ܝܫܝ,,,,Peshitta,PESH
5,Deuteronomy,20,9,Deuteronomy 20:9,8,ܚܝ̈ܠܘܬܐ,,,,Peshitta,PESH
5,Deuteronomy,20,9,Deuteronomy 20:9,9,ܒܪܝܫ,,,,Peshitta,PESH
5,Deuteronomy,20,9,Deuteronomy 20:9,10,ܥܡܐ,,,,Peshitta,PESH
5,Deuteronomy,20,10,Deuteronomy 20:10,1,ܘܡܐ,,,,Peshitta,PESH
5,Deuteronomy,20,10,Deuteronomy 20:10,2,ܕܩ̇ܪܒ,,,,Peshitta,PESH
5,Deuteronomy,20,10,Deuteronomy 20:10,3,ܐܢܬ,,,,Peshitta,PESH
5,Deuteronomy,20,10,Deuteronomy 20:10,4,ܠܩܪܝܬܐ,,,,Peshitta,PESH
5,Deuteronomy,20,10,Deuteronomy 20:10,5,ܠܡܬܟܬܫܘ,,,,Peshitta,PESH
5,Deuteronomy,20,10,Deuteronomy 20:10,6,ܥܠܝܗ̇,,,,Peshitta,PESH
5,Deuteronomy,20,10,Deuteronomy 20:10,7,ܐܟܪܙ,,,,Peshitta,PESH
5,Deuteronomy,20,10,Deuteronomy 20:10,8,ܥܠܝܗ̇,,,,Peshitta,PESH
5,Deuteronomy,20,10,Deuteronomy 20:10,9,ܫܠܡܐ,,,,Peshitta,PESH
5,Deuteronomy,20,11,Deuteronomy 20:11,1,ܘܐܢ,,,,Peshitta,PESH
5,Deuteronomy,20,11,Deuteronomy 20:11,2,ܫܠܡܐ,,,,Peshitta,PESH
5,Deuteronomy,20,11,Deuteronomy 20:11,3,ܬܥܢܝܟ,,,,Peshitta,PESH
5,Deuteronomy,20,11,Deuteronomy 20:11,4,ܘܬܦܬܚ,,,,Peshitta,PESH
5,Deuteronomy,20,11,Deuteronomy 20:11,5,ܠܟ,,,,Peshitta,PESH
5,Deuteronomy,20,11,Deuteronomy 20:11,6,ܟܠ,,,,Peshitta,PESH
5,Deuteronomy,20,11,Deuteronomy 20:11,7,ܥܡܐ,,,,Peshitta,PESH
5,Deuteronomy,20,11,Deuteronomy 20:11,8,ܕܡܫܬܟܚ,,,,Peshitta,PESH
5,Deuteronomy,20,11,Deuteronomy 20:11,9,ܒܗ̇,,,,Peshitta,PESH
5,Deuteronomy,20,11,Deuteronomy 20:11,10,ܢܗܘܘܢ,,,,Peshitta,PESH
5,Deuteronomy,20,11,Deuteronomy 20:11,11,ܠܟ,,,,Peshitta,PESH
5,Deuteronomy,20,11,Deuteronomy 20:11,12,ܥܒ̣̈ܕܐ,,,,Peshitta,PESH
5,Deuteronomy,20,11,Deuteronomy 20:11,13,ܡܣ̈ܩܝ,,,,Peshitta,PESH
5,Deuteronomy,20,11,Deuteronomy 20:11,14,ܡܕܐܬܐ,,,,Peshitta,PESH
5,Deuteronomy,20,11,Deuteronomy 20:11,15,ܘܢܦܠܚܘܢܟ,,,,Peshitta,PESH
5,Deuteronomy,20,12,Deuteronomy 20:12,1,ܘܐܢ,,,,Peshitta,PESH
5,Deuteronomy,20,12,Deuteronomy 20:12,2,ܠܐ,,,,Peshitta,PESH
5,Deuteronomy,20,12,Deuteronomy 20:12,3,ܬܫܠܡ,,,,Peshitta,PESH
5,Deuteronomy,20,12,Deuteronomy 20:12,4,ܠܟ,,,,Peshitta,PESH
5,Deuteronomy,20,12,Deuteronomy 20:12,5,ܘܬܥܒܕ,,,,Peshitta,PESH
5,Deuteronomy,20,12,Deuteronomy 20:12,6,ܥܡܟ,,,,Peshitta,PESH
5,Deuteronomy,20,12,Deuteronomy 20:12,7,ܩܪܒܐ,,,,Peshitta,PESH
5,Deuteronomy,20,12,Deuteronomy 20:12,8,ܐܠܘܨܝܗ̇,,,,Peshitta,PESH
5,Deuteronomy,20,13,Deuteronomy 20:13,1,ܘܢܫܠܡܝܗ̇,,,,Peshitta,PESH
5,Deuteronomy,20,13,Deuteronomy 20:13,2,ܡܪܝܐ,,,,Peshitta,PESH
5,Deuteronomy,20,13,Deuteronomy 20:13,3,ܐܠܗܟ,,,,Peshitta,PESH
5,Deuteronomy,20,13,Deuteronomy 20:13,4,ܒܐ̈ܝܕܝܟ,,,,Peshitta,PESH
5,Deuteronomy,20,13,Deuteronomy 20:13,5,ܘܩ̇ܛܠ,,,,Peshitta,PESH
5,Deuteronomy,20,13,Deuteronomy 20:13,6,ܟܠܗܘܢ,,,,Peshitta,PESH
5,Deuteronomy,20,13,Deuteronomy 20:13,7,ܕܟܪ̈ܝܗ̇,,,,Peshitta,PESH
5,Deuteronomy,20,13,Deuteronomy 20:13,8,ܒܦܘܡܐ,,,,Peshitta,PESH
5,Deuteronomy,20,13,Deuteronomy 20:13,9,ܕܚܪܒܐ,,,,Peshitta,PESH
5,Deuteronomy,20,14,Deuteronomy 20:14,1,ܒܠܚܘܕ,,,,Peshitta,PESH
5,Deuteronomy,20,14,Deuteronomy 20:14,2,ܢܫ̈ܐ,,,,Peshitta,PESH
5,Deuteronomy,20,14,Deuteronomy 20:14,3,ܘܐܝܩܪܬܐ,,,,Peshitta,PESH
5,Deuteronomy,20,14,Deuteronomy 20:14,4,ܘܒܥܝܪ̈ܐ,,,,Peshitta,PESH
5,Deuteronomy,20,14,Deuteronomy 20:14,5,ܘܟܠ,,,,Peshitta,PESH
5,Deuteronomy,20,14,Deuteronomy 20:14,6,ܕܐܝܬ,,,,Peshitta,PESH
5,Deuteronomy,20,14,Deuteronomy 20:14,7,ܒܩܪܝܬܐ,,,,Peshitta,PESH
5,Deuteronomy,20,14,Deuteronomy 20:14,8,ܘܟܠ,,,,Peshitta,PESH
5,Deuteronomy,20,14,Deuteronomy 20:14,9,ܒܙܬܐ,,,,Peshitta,PESH
5,Deuteronomy,20,14,Deuteronomy 20:14,10,ܒܘܙ,,,,Peshitta,PESH
5,Deuteronomy,20,14,Deuteronomy 20:14,11,ܠܟ,,,,Peshitta,PESH
5,Deuteronomy,20,14,Deuteronomy 20:14,12,ܘܐܟܘܠ,,,,Peshitta,PESH
5,Deuteronomy,20,14,Deuteronomy 20:14,13,ܡܢ,,,,Peshitta,PESH
5,Deuteronomy,20,14,Deuteronomy 20:14,14,ܒܙܬܐ,,,,Peshitta,PESH
5,Deuteronomy,20,14,Deuteronomy 20:14,15,ܕܒ̈ܥܠܕܒܒܝܟ,,,,Peshitta,PESH
5,Deuteronomy,20,14,Deuteronomy 20:14,16,ܕܝ̇ܗܒ,,,,Peshitta,PESH
5,Deuteronomy,20,14,Deuteronomy 20:14,17,ܠܟ,,,,Peshitta,PESH
5,Deuteronomy,20,14,Deuteronomy 20:14,18,ܡܪܝܐ,,,,Peshitta,PESH
5,Deuteronomy,20,14,Deuteronomy 20:14,19,ܐܠܗܟ,,,,Peshitta,PESH
5,Deuteronomy,20,15,Deuteronomy 20:15,1,ܗܟܢܐ,,,,Peshitta,PESH
5,Deuteronomy,20,15,Deuteronomy 20:15,2,ܥܒܕ,,,,Peshitta,PESH
5,Deuteronomy,20,15,Deuteronomy 20:15,3,ܠܟܠܗܝܢ,,,,Peshitta,PESH
5,Deuteronomy,20,15,Deuteronomy 20:15,4,ܩܘܪ̈ܝܐ,,,,Peshitta,PESH
5,Deuteronomy,20,15,Deuteronomy 20:15,5,ܕܪ̈ܚܝܩܢ,,,,Peshitta,PESH
5,Deuteronomy,20,15,Deuteronomy 20:15,6,ܡܢܟ,,,,Peshitta,PESH
5,Deuteronomy,20,15,Deuteronomy 20:15,7,ܛܒ,,,,Peshitta,PESH
5,Deuteronomy,20,15,Deuteronomy 20:15,8,ܕܠܐ,,,,Peshitta,PESH
5,Deuteronomy,20,15,Deuteronomy 20:15,9,ܗ̈ܘܝ,,,,Peshitta,PESH
5,Deuteronomy,20,15,Deuteronomy 20:15,10,ܡܢ,,,,Peshitta,PESH
5,Deuteronomy,20,15,Deuteronomy 20:15,11,ܩܘܪ̈ܝܐ,,,,Peshitta,PESH
5,Deuteronomy,20,15,Deuteronomy 20:15,12,ܕܥܡ̈ܡܐ,,,,Peshitta,PESH
5,Deuteronomy,20,15,Deuteronomy 20:15,13,ܗܠܝܢ,,,,Peshitta,PESH
5,Deuteronomy,20,16,Deuteronomy 20:16,1,ܒܠܚܘܕ,,,,Peshitta,PESH
5,Deuteronomy,20,16,Deuteronomy 20:16,2,ܡܢ,,,,Peshitta,PESH
5,Deuteronomy,20,16,Deuteronomy 20:16,3,ܩܘܪ̈ܝܐ,,,,Peshitta,PESH
5,Deuteronomy,20,16,Deuteronomy 20:16,4,ܕܗܠܝܢ,,,,Peshitta,PESH
5,Deuteronomy,20,16,Deuteronomy 20:16,5,ܥܡ̈ܡܐ,,,,Peshitta,PESH
5,Deuteronomy,20,16,Deuteronomy 20:16,6,ܕܝ̇ܗܒ,,,,Peshitta,PESH
5,Deuteronomy,20,16,Deuteronomy 20:16,7,ܠܟ,,,,Peshitta,PESH
5,Deuteronomy,20,16,Deuteronomy 20:16,8,ܡܪܝܐ,,,,Peshitta,PESH
5,Deuteronomy,20,16,Deuteronomy 20:16,9,ܐܠܗܟ,,,,Peshitta,PESH
5,Deuteronomy,20,16,Deuteronomy 20:16,10,ܝܘܪܬܢܐ,,,,Peshitta,PESH
5,Deuteronomy,20,16,Deuteronomy 20:16,11,ܠܐ,,,,Peshitta,PESH
5,Deuteronomy,20,16,Deuteronomy 20:16,12,ܬܚܐ,,,,Peshitta,PESH
5,Deuteronomy,20,16,Deuteronomy 20:16,13,ܟܠ,,,,Peshitta,PESH
5,Deuteronomy,20,16,Deuteronomy 20:16,14,ܢܫܡܐ,,,,Peshitta,PESH
5,Deuteronomy,20,17,Deuteronomy 20:17,1,ܐܠܐ,,,,Peshitta,PESH
5,Deuteronomy,20,17,Deuteronomy 20:17,2,ܡܚܪܒ,,,,Peshitta,PESH
5,Deuteronomy,20,17,Deuteronomy 20:17,3,ܚܪܘܒ,,,,Peshitta,PESH
5,Deuteronomy,20,17,Deuteronomy 20:17,4,ܐܢܘܢ,,,,Peshitta,PESH
5,Deuteronomy,20,17,Deuteronomy 20:17,5,ܠܚ̈ܬܝܐ,,,,Peshitta,PESH
5,Deuteronomy,20,17,Deuteronomy 20:17,6,ܘܠܐܡܘܪ̈ܝܐ,,,,Peshitta,PESH
5,Deuteronomy,20,17,Deuteronomy 20:17,7,ܘܠܟܢ̈ܥܢܝܐ,,,,Peshitta,PESH
5,Deuteronomy,20,17,Deuteronomy 20:17,8,ܘܠܦܪ̈ܙܝܐ,,,,Peshitta,PESH
5,Deuteronomy,20,17,Deuteronomy 20:17,9,ܘܠܚ̈ܘܝܐ,,,,Peshitta,PESH
5,Deuteronomy,20,17,Deuteronomy 20:17,10,ܘܠܝܒ̈ܘܣܝܐ,,,,Peshitta,PESH
5,Deuteronomy,20,17,Deuteronomy 20:17,11,ܐܝܟ,,,,Peshitta,PESH
5,Deuteronomy,20,17,Deuteronomy 20:17,12,ܕܦܩܕܟ,,,,Peshitta,PESH
5,Deuteronomy,20,17,Deuteronomy 20:17,13,ܡܪܝܐ,,,,Peshitta,PESH
5,Deuteronomy,20,17,Deuteronomy 20:17,14,ܐܠܗܟ,,,,Peshitta,PESH
5,Deuteronomy,20,18,Deuteronomy 20:18,1,ܕܠܐ,,,,Peshitta,PESH
5,Deuteronomy,20,18,Deuteronomy 20:18,2,ܢܠܦܘܢܟ,,,,Peshitta,PESH
5,Deuteronomy,20,18,Deuteronomy 20:18,3,ܠܡܥܒܕ,,,,Peshitta,PESH
5,Deuteronomy,20,18,Deuteronomy 20:18,4,ܐܝܟ,,,,Peshitta,PESH
5,Deuteronomy,20,18,Deuteronomy 20:18,5,ܟܠܗ̇,,,,Peshitta,PESH
5,Deuteronomy,20,18,Deuteronomy 20:18,6,ܛܢܦܘܬܗܘܢ,,,,Peshitta,PESH
5,Deuteronomy,20,18,Deuteronomy 20:18,7,ܕܥ̇ܒܕܝܢ,,,,Peshitta,PESH
5,Deuteronomy,20,18,Deuteronomy 20:18,8,ܗܘܘ,,,,Peshitta,PESH
5,Deuteronomy,20,18,Deuteronomy 20:18,9,ܠܐ̈ܠܗܝܗܘܢ,,,,Peshitta,PESH
5,Deuteronomy,20,18,Deuteronomy 20:18,10,ܘܬܚܛܘܢ,,,,Peshitta,PESH
5,Deuteronomy,20,18,Deuteronomy 20:18,11,ܩܕܡ,,,,Peshitta,PESH
5,Deuteronomy,20,18,Deuteronomy 20:18,12,ܡܪܝܐ,,,,Peshitta,PESH
5,Deuteronomy,20,18,Deuteronomy 20:18,13,ܐܠܗܟܘܢ,,,,Peshitta,PESH
5,Deuteronomy,20,19,Deuteronomy 20:19,1,ܘܟܕ,,,,Peshitta,PESH
5,Deuteronomy,20,19,Deuteronomy 20:19,2,ܬܐܠܨܝܗ̇,,,,Peshitta,PESH
5,Deuteronomy,20,19,Deuteronomy 20:19,3,ܠܩܪܝܬܐ,,,,Peshitta,PESH
5,Deuteronomy,20,19,Deuteronomy 20:19,4,ܝܘܡ̈ܬܐ,,,,Peshitta,PESH
5,Deuteronomy,20,19,Deuteronomy 20:19,5,ܣ̈ܓܝܐܐ,,,,Peshitta,PESH
5,Deuteronomy,20,19,Deuteronomy 20:19,6,ܠܡܬܟܬܫܘ,,,,Peshitta,PESH
5,Deuteronomy,20,19,Deuteronomy 20:19,7,ܥܠܝܗ̇,,,,Peshitta,PESH
5,Deuteronomy,20,19,Deuteronomy 20:19,8,ܘܠܡܟܒܫܗ̇,,,,Peshitta,PESH
5,Deuteronomy,20,19,Deuteronomy 20:19,9,ܠܐ,,,,Peshitta,PESH
5,Deuteronomy,20,19,Deuteronomy 20:19,10,ܬܚܒܠ,,,,Peshitta,PESH
5,Deuteronomy,20,19,Deuteronomy 20:19,11,ܐ̈ܝܠܢܝܗ̇,,,,Peshitta,PESH
5,Deuteronomy,20,19,Deuteronomy 20:19,12,ܘܠܐ,,,,Peshitta,PESH
5,Deuteronomy,20,19,Deuteronomy 20:19,13,ܬܪܡܐ,,,,Peshitta,PESH
5,Deuteronomy,20,19,Deuteronomy 20:19,14,ܥܠܝܗܘܢ,,,,Peshitta,PESH
5,Deuteronomy,20,19,Deuteronomy 20:19,15,ܦܪܙܠܐ,,,,Peshitta,PESH
5,Deuteronomy,20,19,Deuteronomy 20:19,16,ܡܛܠ,,,,Peshitta,PESH
5,Deuteronomy,20,19,Deuteronomy 20:19,17,ܕܡܢܗܘܢ,,,,Peshitta,PESH
5,Deuteronomy,20,19,Deuteronomy 20:19,18,ܐ̇ܟܠ,,,,Peshitta,PESH
5,Deuteronomy,20,19,Deuteronomy 20:19,19,ܐܢܬ,,,,Peshitta,PESH
5,Deuteronomy,20,19,Deuteronomy 20:19,20,ܘܠܗܘܢ,,,,Peshitta,PESH
5,Deuteronomy,20,19,Deuteronomy 20:19,21,ܦ̇ܣܩ,,,,Peshitta,PESH
5,Deuteronomy,20,19,Deuteronomy 20:19,22,ܐܢܬ,,,,Peshitta,PESH
5,Deuteronomy,20,19,Deuteronomy 20:19,23,ܡܛܠ,,,,Peshitta,PESH
5,Deuteronomy,20,19,Deuteronomy 20:19,24,ܕܐܝܠܢܐ,,,,Peshitta,PESH
5,Deuteronomy,20,19,Deuteronomy 20:19,25,ܕܚܩܠܐ,,,,Peshitta,PESH
5,Deuteronomy,20,19,Deuteronomy 20:19,26,ܠܐ,,,,Peshitta,PESH
5,Deuteronomy,20,19,Deuteronomy 20:19,27,ܗܘܐ,,,,Peshitta,PESH
5,Deuteronomy,20,19,Deuteronomy 20:19,28,ܐܝܟ,,,,Peshitta,PESH
5,Deuteronomy,20,19,Deuteronomy 20:19,29,ܒܪܢܫܐ,,,,Peshitta,PESH
5,Deuteronomy,20,19,Deuteronomy 20:19,30,ܕܢܥܪܘܩ,,,,Peshitta,PESH
5,Deuteronomy,20,19,Deuteronomy 20:19,31,ܡܢ,,,,Peshitta,PESH
5,Deuteronomy,20,19,Deuteronomy 20:19,32,ܩܕܡܝܟ,,,,Peshitta,PESH
5,Deuteronomy,20,19,Deuteronomy 20:19,33,ܒܐܘܠܨܢܐ,,,,Peshitta,PESH
5,Deuteronomy,20,20,Deuteronomy 20:20,1,ܒܠܚܘܕ,,,,Peshitta,PESH
5,Deuteronomy,20,20,Deuteronomy 20:20,2,ܕܝܢ,,,,Peshitta,PESH
5,Deuteronomy,20,20,Deuteronomy 20:20,3,ܐܝܠܢܐ,,,,Peshitta,PESH
5,Deuteronomy,20,20,Deuteronomy 20:20,4,ܐܝܢܐ,,,,Peshitta,PESH
5,Deuteronomy,20,20,Deuteronomy 20:20,5,ܕܝ̇ܕܥ,,,,Peshitta,PESH
5,Deuteronomy,20,20,Deuteronomy 20:20,6,ܐܢܬ,,,,Peshitta,PESH
5,Deuteronomy,20,20,Deuteronomy 20:20,7,ܕܠܐ,,,,Peshitta,PESH
5,Deuteronomy,20,20,Deuteronomy 20:20,8,ܗܘܐ,,,,Peshitta,PESH
5,Deuteronomy,20,20,Deuteronomy 20:20,9,ܐܝܠܢܐ,,,,Peshitta,PESH
5,Deuteronomy,20,20,Deuteronomy 20:20,10,ܕܡܐܟܘܠܬܐ,,,,Peshitta,PESH
5,Deuteronomy,20,20,Deuteronomy 20:20,11,ܠܗ,,,,Peshitta,PESH
5,Deuteronomy,20,20,Deuteronomy 20:20,12,ܚܒܠ,,,,Peshitta,PESH
5,Deuteronomy,20,20,Deuteronomy 20:20,13,ܘܦܣܘܩ,,,,Peshitta,PESH
5,Deuteronomy,20,20,Deuteronomy 20:20,14,ܘܒܢܝ,,,,Peshitta,PESH
5,Deuteronomy,20,20,Deuteronomy 20:20,15,ܩ̈ܠܩܘܡܐ,,,,Peshitta,PESH
5,Deuteronomy,20,20,Deuteronomy 20:20,16,ܥܠ,,,,Peshitta,PESH
5,Deuteronomy,20,20,Deuteronomy 20:20,17,ܩܪܝܬܐ,,,,Peshitta,PESH
5,Deuteronomy,20,20,Deuteronomy 20:20,18,ܕܥ̇ܒܕܐ,,,,Peshitta,PESH
5,Deuteronomy,20,20,Deuteronomy 20:20,19,ܥܡܟ,,,,Peshitta,PESH
5,Deuteronomy,20,20,Deuteronomy 20:20,20,ܩܪܒܐ,,,,Peshitta,PESH
5,Deuteronomy,20,20,Deuteronomy 20:20,21,ܥܕܡܐ,,,,Peshitta,PESH
5,Deuteronomy,20,20,Deuteronomy 20:20,22,ܕܬܟܒܫܝܗ̇,,,,Peshitta,PESH
5,Deuteronomy,21,1,Deuteronomy 21:1,1,ܘܟܕ,,,,Peshitta,PESH
5,Deuteronomy,21,1,Deuteronomy 21:1,2,ܢܫܬܟܚ,,,,Peshitta,PESH
5,Deuteronomy,21,1,Deuteronomy 21:1,3,ܩܛܝܠܐ,,,,Peshitta,PESH
5,Deuteronomy,21,1,Deuteronomy 21:1,4,ܒܐܪܥܐ,,,,Peshitta,PESH
5,Deuteronomy,21,1,Deuteronomy 21:1,5,ܕܝ̇ܗܒ,,,,Peshitta,PESH
5,Deuteronomy,21,1,Deuteronomy 21:1,6,ܠܟ,,,,Peshitta,PESH
5,Deuteronomy,21,1,Deuteronomy 21:1,7,ܡܪܝܐ,,,,Peshitta,PESH
5,Deuteronomy,21,1,Deuteronomy 21:1,8,ܐܠܗܟ,,,,Peshitta,PESH
5,Deuteronomy,21,1,Deuteronomy 21:1,9,ܠܡܐܪܬܗ̇,,,,Peshitta,PESH
5,Deuteronomy,21,1,Deuteronomy 21:1,10,ܕܐܪܡܐ,,,,Peshitta,PESH
5,Deuteronomy,21,1,Deuteronomy 21:1,11,ܒܚܩܠܐ,,,,Peshitta,PESH
5,Deuteronomy,21,1,Deuteronomy 21:1,12,ܘܠܐ,,,,Peshitta,PESH
5,Deuteronomy,21,1,Deuteronomy 21:1,13,ܝܕܝܥ,,,,Peshitta,PESH
5,Deuteronomy,21,1,Deuteronomy 21:1,14,ܡܢܘ,,,,Peshitta,PESH
5,Deuteronomy,21,1,Deuteronomy 21:1,15,ܩܛܠܗ,,,,Peshitta,PESH
5,Deuteronomy,21,2,Deuteronomy 21:2,1,ܢܦܩܘܢ,,,,Peshitta,PESH
5,Deuteronomy,21,2,Deuteronomy 21:2,2,ܣ̈ܒܝܟ,,,,Peshitta,PESH
5,Deuteronomy,21,2,Deuteronomy 21:2,3,ܘܕܝ̇ܢ̈ܝܟ,,,,Peshitta,PESH
5,Deuteronomy,21,2,Deuteronomy 21:2,4,ܘܢܡܫܚܘܢ,,,,Peshitta,PESH
5,Deuteronomy,21,2,Deuteronomy 21:2,5,ܩܘܪ̈ܝܐ,,,,Peshitta,PESH
5,Deuteronomy,21,2,Deuteronomy 21:2,6,ܕܚܕܪ̈ܘܗܝ,,,,Peshitta,PESH
5,Deuteronomy,21,2,Deuteronomy 21:2,7,ܕܩܛܝܠܐ,,,,Peshitta,PESH
5,Deuteronomy,21,3,Deuteronomy 21:3,1,ܘܩܪܝܬܐ,,,,Peshitta,PESH
5,Deuteronomy,21,3,Deuteronomy 21:3,2,ܕܩܪܝܒܐ,,,,Peshitta,PESH
5,Deuteronomy,21,3,Deuteronomy 21:3,3,ܠܩܛܝܠܐ,,,,Peshitta,PESH
5,Deuteronomy,21,3,Deuteronomy 21:3,4,ܢܕܒܪܘܢ,,,,Peshitta,PESH
5,Deuteronomy,21,3,Deuteronomy 21:3,5,ܣ̈ܒܐ,,,,Peshitta,PESH
5,Deuteronomy,21,3,Deuteronomy 21:3,6,ܕܩܪܝܬܐ,,,,Peshitta,PESH
5,Deuteronomy,21,3,Deuteronomy 21:3,7,ܗ̇ܝ,,,,Peshitta,PESH
5,Deuteronomy,21,3,Deuteronomy 21:3,8,ܥܓܠܬܐ,,,,Peshitta,PESH
5,Deuteronomy,21,3,Deuteronomy 21:3,9,ܕܬܘܪ̈ܐ,,,,Peshitta,PESH
5,Deuteronomy,21,3,Deuteronomy 21:3,10,ܕܠܐ,,,,Peshitta,PESH
5,Deuteronomy,21,3,Deuteronomy 21:3,11,ܐܬܕܒܪ,,,,Peshitta,PESH
5,Deuteronomy,21,3,Deuteronomy 21:3,12,ܒܗ̇,,,,Peshitta,PESH
5,Deuteronomy,21,3,Deuteronomy 21:3,13,ܘܠܐ,,,,Peshitta,PESH
5,Deuteronomy,21,3,Deuteronomy 21:3,14,ܢܓܕܬ,,,,Peshitta,PESH
5,Deuteronomy,21,3,Deuteronomy 21:3,15,ܒܢܝܪܐ,,,,Peshitta,PESH
5,Deuteronomy,21,4,Deuteronomy 21:4,1,ܘܢܚܬܘܢܗ̇,,,,Peshitta,PESH
5,Deuteronomy,21,4,Deuteronomy 21:4,2,ܣ̈ܒܐ,,,,Peshitta,PESH
5,Deuteronomy,21,4,Deuteronomy 21:4,3,ܕܩܪܝܬܐ,,,,Peshitta,PESH
5,Deuteronomy,21,4,Deuteronomy 21:4,4,ܗ̇ܝ,,,,Peshitta,PESH
5,Deuteronomy,21,4,Deuteronomy 21:4,5,ܠܥܓܠܬܐ,,,,Peshitta,PESH
5,Deuteronomy,21,4,Deuteronomy 21:4,6,ܠܢܚܠܐ,,,,Peshitta,PESH
5,Deuteronomy,21,4,Deuteronomy 21:4,7,ܒܝܪܐ,,,,Peshitta,PESH
5,Deuteronomy,21,4,Deuteronomy 21:4,8,ܕܠܐ,,,,Peshitta,PESH
5,Deuteronomy,21,4,Deuteronomy 21:4,9,ܐܬܦܠܚ,,,,Peshitta,PESH
5,Deuteronomy,21,4,Deuteronomy 21:4,10,ܒܗ,,,,Peshitta,PESH
5,Deuteronomy,21,4,Deuteronomy 21:4,11,ܘܠܐ,,,,Peshitta,PESH
5,Deuteronomy,21,4,Deuteronomy 21:4,12,ܐܙܕܪܥ,,,,Peshitta,PESH
5,Deuteronomy,21,4,Deuteronomy 21:4,13,ܘܢܟܣܘܢܗ̇,,,,Peshitta,PESH
5,Deuteronomy,21,4,Deuteronomy 21:4,14,ܬܡܢ,,,,Peshitta,PESH
5,Deuteronomy,21,4,Deuteronomy 21:4,15,ܠܥܓܠܬܐ,,,,Peshitta,PESH
5,Deuteronomy,21,4,Deuteronomy 21:4,16,ܒܢܚܠܐ,,,,Peshitta,PESH
5,Deuteronomy,21,5,Deuteronomy 21:5,1,ܘܢܩܪܒܘܢ,,,,Peshitta,PESH
5,Deuteronomy,21,5,Deuteronomy 21:5,2,ܟܗ̈ܢܐ,,,,Peshitta,PESH
5,Deuteronomy,21,5,Deuteronomy 21:5,3,ܒܢ̈ܝ,,,,Peshitta,PESH
5,Deuteronomy,21,5,Deuteronomy 21:5,4,ܠܘܝ,,,,Peshitta,PESH
5,Deuteronomy,21,5,Deuteronomy 21:5,5,ܕܠܗܘܢ,,,,Peshitta,PESH
5,Deuteronomy,21,5,Deuteronomy 21:5,6,ܓܒܐ,,,,Peshitta,PESH
5,Deuteronomy,21,5,Deuteronomy 21:5,7,ܡܪܝܐ,,,,Peshitta,PESH
5,Deuteronomy,21,5,Deuteronomy 21:5,8,ܐܠܗܟ,,,,Peshitta,PESH
5,Deuteronomy,21,5,Deuteronomy 21:5,9,ܠܡܫܡܫܘܬܗ,,,,Peshitta,PESH
5,Deuteronomy,21,5,Deuteronomy 21:5,10,ܘܠܡܒܪܟܘ,,,,Peshitta,PESH
5,Deuteronomy,21,5,Deuteronomy 21:5,11,ܒܫܡܗ,,,,Peshitta,PESH
5,Deuteronomy,21,5,Deuteronomy 21:5,12,ܕܡܪܝܐ,,,,Peshitta,PESH
5,Deuteronomy,21,5,Deuteronomy 21:5,13,ܘܥܠ,,,,Peshitta,PESH
5,Deuteronomy,21,5,Deuteronomy 21:5,14,ܡܠܬ,,,,Peshitta,PESH
5,Deuteronomy,21,5,Deuteronomy 21:5,15,ܦܘܡܗܘܢ,,,,Peshitta,PESH
5,Deuteronomy,21,5,Deuteronomy 21:5,16,ܢܗܘܐ,,,,Peshitta,PESH
5,Deuteronomy,21,5,Deuteronomy 21:5,17,ܟܠ,,,,Peshitta,PESH
5,Deuteronomy,21,5,Deuteronomy 21:5,18,ܕܝܢ̣ܐ,,,,Peshitta,PESH
5,Deuteronomy,21,5,Deuteronomy 21:5,19,ܘܟܠ,,,,Peshitta,PESH
5,Deuteronomy,21,5,Deuteronomy 21:5,20,ܡܚܘܬܐ,,,,Peshitta,PESH
5,Deuteronomy,21,6,Deuteronomy 21:6,1,ܘܟܠܗܘܢ,,,,Peshitta,PESH
5,Deuteronomy,21,6,Deuteronomy 21:6,2,ܣ̈ܒܐ,,,,Peshitta,PESH
5,Deuteronomy,21,6,Deuteronomy 21:6,3,ܕܩܪܝܬܐ,,,,Peshitta,PESH
5,Deuteronomy,21,6,Deuteronomy 21:6,4,ܗ̇ܝ,,,,Peshitta,PESH
5,Deuteronomy,21,6,Deuteronomy 21:6,5,ܕܩܪܝܒܝܢ,,,,Peshitta,PESH
5,Deuteronomy,21,6,Deuteronomy 21:6,6,ܠܩܛܝܠܐ,,,,Peshitta,PESH
5,Deuteronomy,21,6,Deuteronomy 21:6,7,ܢܫܝܓܘܢ,,,,Peshitta,PESH
5,Deuteronomy,21,6,Deuteronomy 21:6,8,ܐ̈ܝܕܝܗܘܢ,,,,Peshitta,PESH
5,Deuteronomy,21,6,Deuteronomy 21:6,9,ܠܥܠ,,,,Peshitta,PESH
5,Deuteronomy,21,6,Deuteronomy 21:6,10,ܡܢ,,,,Peshitta,PESH
5,Deuteronomy,21,6,Deuteronomy 21:6,11,ܥܓܠܬܐ,,,,Peshitta,PESH
5,Deuteronomy,21,6,Deuteronomy 21:6,12,ܕܢܟܝܣܐ,,,,Peshitta,PESH
5,Deuteronomy,21,6,Deuteronomy 21:6,13,ܒܢܚܠܐ,,,,Peshitta,PESH
5,Deuteronomy,21,7,Deuteronomy 21:7,1,ܘܢܥܢܘܢ,,,,Peshitta,PESH
5,Deuteronomy,21,7,Deuteronomy 21:7,2,ܘܢܐܡܪܘܢ,,,,Peshitta,PESH
5,Deuteronomy,21,7,Deuteronomy 21:7,3,ܐܝܕܢ,,,,Peshitta,PESH
5,Deuteronomy,21,7,Deuteronomy 21:7,4,ܠܐ,,,,Peshitta,PESH
5,Deuteronomy,21,7,Deuteronomy 21:7,5,ܐܫܕܬ,,,,Peshitta,PESH
5,Deuteronomy,21,7,Deuteronomy 21:7,6,ܕܡܐ,,,,Peshitta,PESH
5,Deuteronomy,21,7,Deuteronomy 21:7,7,ܗܢܐ,,,,Peshitta,PESH
5,Deuteronomy,21,7,Deuteronomy 21:7,8,ܘܥܝ̈ܢܝܢ,,,,Peshitta,PESH
5,Deuteronomy,21,7,Deuteronomy 21:7,9,ܠܐ,,,,Peshitta,PESH
5,Deuteronomy,21,7,Deuteronomy 21:7,10,ܚ̈ܙܝ,,,,Peshitta,PESH
5,Deuteronomy,21,8,Deuteronomy 21:8,1,ܚܣܐ,,,,Peshitta,PESH
5,Deuteronomy,21,8,Deuteronomy 21:8,2,ܥܠ,,,,Peshitta,PESH
5,Deuteronomy,21,8,Deuteronomy 21:8,3,ܥܡܟ,,,,Peshitta,PESH
5,Deuteronomy,21,8,Deuteronomy 21:8,4,ܐܝܣܪܝܠ,,,,Peshitta,PESH
5,Deuteronomy,21,8,Deuteronomy 21:8,5,ܕܦܪܩܬ,,,,Peshitta,PESH
5,Deuteronomy,21,8,Deuteronomy 21:8,6,ܡܪܝܐ,,,,Peshitta,PESH
5,Deuteronomy,21,8,Deuteronomy 21:8,7,ܘܠܐ,,,,Peshitta,PESH
5,Deuteronomy,21,8,Deuteronomy 21:8,8,ܬܚܫܘܒ,,,,Peshitta,PESH
5,Deuteronomy,21,8,Deuteronomy 21:8,9,ܕܡܐ,,,,Peshitta,PESH
5,Deuteronomy,21,8,Deuteronomy 21:8,10,ܙܟܝܐ,,,,Peshitta,PESH
5,Deuteronomy,21,8,Deuteronomy 21:8,11,ܥܠ,,,,Peshitta,PESH
5,Deuteronomy,21,8,Deuteronomy 21:8,12,ܥܡܟ,,,,Peshitta,PESH
5,Deuteronomy,21,8,Deuteronomy 21:8,13,ܐܝܣܪܝܠ,,,,Peshitta,PESH
5,Deuteronomy,21,8,Deuteronomy 21:8,14,ܘܢܬܚܣܐ,,,,Peshitta,PESH
5,Deuteronomy,21,8,Deuteronomy 21:8,15,ܠܗܘܢ,,,,Peshitta,PESH
5,Deuteronomy,21,8,Deuteronomy 21:8,16,ܥܠ,,,,Peshitta,PESH
5,Deuteronomy,21,8,Deuteronomy 21:8,17,ܕܡܐ,,,,Peshitta,PESH
5,Deuteronomy,21,9,Deuteronomy 21:9,1,ܘܐܢܬ,,,,Peshitta,PESH
5,Deuteronomy,21,9,Deuteronomy 21:9,2,ܥܩܒ,,,,Peshitta,PESH
5,Deuteronomy,21,9,Deuteronomy 21:9,3,ܕܡܐ,,,,Peshitta,PESH
5,Deuteronomy,21,9,Deuteronomy 21:9,4,ܙܟܝܐ,,,,Peshitta,PESH
5,Deuteronomy,21,9,Deuteronomy 21:9,5,ܡܢ,,,,Peshitta,PESH
5,Deuteronomy,21,9,Deuteronomy 21:9,6,ܓܘܟ,,,,Peshitta,PESH
5,Deuteronomy,21,9,Deuteronomy 21:9,7,ܘܥܒܕ,,,,Peshitta,PESH
5,Deuteronomy,21,9,Deuteronomy 21:9,8,ܕܫܦܝܪ,,,,Peshitta,PESH
5,Deuteronomy,21,9,Deuteronomy 21:9,9,ܩܕܡ,,,,Peshitta,PESH
5,Deuteronomy,21,9,Deuteronomy 21:9,10,ܡܪܝܐ,,,,Peshitta,PESH
5,Deuteronomy,21,9,Deuteronomy 21:9,11,ܐܠܗܟ,,,,Peshitta,PESH
5,Deuteronomy,21,10,Deuteronomy 21:10,1,ܘܟܕ,,,,Peshitta,PESH
5,Deuteronomy,21,10,Deuteronomy 21:10,2,ܬܦܘܩ,,,,Peshitta,PESH
5,Deuteronomy,21,10,Deuteronomy 21:10,3,ܠܩܪܒܐ,,,,Peshitta,PESH
5,Deuteronomy,21,10,Deuteronomy 21:10,4,ܥܠ,,,,Peshitta,PESH
5,Deuteronomy,21,10,Deuteronomy 21:10,5,ܒ̈ܥܠܕܒܒܝܟ,,,,Peshitta,PESH
5,Deuteronomy,21,10,Deuteronomy 21:10,6,ܘܢܫܠܡ,,,,Peshitta,PESH
5,Deuteronomy,21,10,Deuteronomy 21:10,7,ܐܢܘܢ,,,,Peshitta,PESH
5,Deuteronomy,21,10,Deuteronomy 21:10,8,ܡܪܝܐ,,,,Peshitta,PESH
5,Deuteronomy,21,10,Deuteronomy 21:10,9,ܐܠܗܟ,,,,Peshitta,PESH
5,Deuteronomy,21,10,Deuteronomy 21:10,10,ܒܐ̈ܝܕܝܟ,,,,Peshitta,PESH
5,Deuteronomy,21,10,Deuteronomy 21:10,11,ܘܬܫܒܐ,,,,Peshitta,PESH
5,Deuteronomy,21,10,Deuteronomy 21:10,12,ܡܢܗܘܢ,,,,Peshitta,PESH
5,Deuteronomy,21,10,Deuteronomy 21:10,13,ܫܒܝܬܐ,,,,Peshitta,PESH
5,Deuteronomy,21,11,Deuteronomy 21:11,1,ܘܬܚܙܐ,,,,Peshitta,PESH
5,Deuteronomy,21,11,Deuteronomy 21:11,2,ܒܫܒܝܬܐ,,,,Peshitta,PESH
5,Deuteronomy,21,11,Deuteronomy 21:11,3,ܐܢܬܬܐ,,,,Peshitta,PESH
5,Deuteronomy,21,11,Deuteronomy 21:11,4,ܕܫܦܝܪܐ,,,,Peshitta,PESH
5,Deuteronomy,21,11,Deuteronomy 21:11,5,ܒܚܙܘܗ̇,,,,Peshitta,PESH
5,Deuteronomy,21,11,Deuteronomy 21:11,6,ܘܬܨܛܒܐ,,,,Peshitta,PESH
5,Deuteronomy,21,11,Deuteronomy 21:11,7,ܒܗ̇,,,,Peshitta,PESH
5,Deuteronomy,21,11,Deuteronomy 21:11,8,ܘܬܣܒܝܗ̇,,,,Peshitta,PESH
5,Deuteronomy,21,11,Deuteronomy 21:11,9,ܠܟ,,,,Peshitta,PESH
5,Deuteronomy,21,11,Deuteronomy 21:11,10,ܐܢܬܬܐ,,,,Peshitta,PESH
5,Deuteronomy,21,12,Deuteronomy 21:12,1,ܘܬܥܠܝܗ̇,,,,Peshitta,PESH
5,Deuteronomy,21,12,Deuteronomy 21:12,2,ܠܓܘ,,,,Peshitta,PESH
5,Deuteronomy,21,12,Deuteronomy 21:12,3,ܒܝܬܟ,,,,Peshitta,PESH
5,Deuteronomy,21,12,Deuteronomy 21:12,4,ܬܓܪܘܥ,,,,Peshitta,PESH
5,Deuteronomy,21,12,Deuteronomy 21:12,5,ܪܝܫܗ̇,,,,Peshitta,PESH
5,Deuteronomy,21,12,Deuteronomy 21:12,6,ܘܬܣܒ,,,,Peshitta,PESH
5,Deuteronomy,21,12,Deuteronomy 21:12,7,ܛܦܪ̈ܝܗ̇,,,,Peshitta,PESH
5,Deuteronomy,21,13,Deuteronomy 21:13,1,ܘܬܫܠܚ,,,,Peshitta,PESH
5,Deuteronomy,21,13,Deuteronomy 21:13,2,ܡܐ̈ܢܐ,,,,Peshitta,PESH
5,Deuteronomy,21,13,Deuteronomy 21:13,3,ܕܫܒܝܬܗ̇,,,,Peshitta,PESH
5,Deuteronomy,21,13,Deuteronomy 21:13,4,ܡܢܗ̇,,,,Peshitta,PESH
5,Deuteronomy,21,13,Deuteronomy 21:13,5,ܘܬܬܒ,,,,Peshitta,PESH
5,Deuteronomy,21,13,Deuteronomy 21:13,6,ܒܒܝܬܟ,,,,Peshitta,PESH
5,Deuteronomy,21,13,Deuteronomy 21:13,7,ܘܬܒܟܐ,,,,Peshitta,PESH
5,Deuteronomy,21,13,Deuteronomy 21:13,8,ܥܠ,,,,Peshitta,PESH
5,Deuteronomy,21,13,Deuteronomy 21:13,9,ܐܒܘܗ̇,,,,Peshitta,PESH
5,Deuteronomy,21,13,Deuteronomy 21:13,10,ܘܥܠ,,,,Peshitta,PESH
5,Deuteronomy,21,13,Deuteronomy 21:13,11,ܐܡܗ̇,,,,Peshitta,PESH
5,Deuteronomy,21,13,Deuteronomy 21:13,12,ܝܪܚ,,,,Peshitta,PESH
5,Deuteronomy,21,13,Deuteronomy 21:13,13,ܝܘܡ̈ܝܢ,,,,Peshitta,PESH
5,Deuteronomy,21,13,Deuteronomy 21:13,14,ܘܒܬܪܟܢ,,,,Peshitta,PESH
5,Deuteronomy,21,13,Deuteronomy 21:13,15,ܬܥܘܠ,,,,Peshitta,PESH
5,Deuteronomy,21,13,Deuteronomy 21:13,16,ܠܘܬܗ̇,,,,Peshitta,PESH
5,Deuteronomy,21,13,Deuteronomy 21:13,17,ܘܬܣܒܝܗ̇,,,,Peshitta,PESH
5,Deuteronomy,21,13,Deuteronomy 21:13,18,ܘܬܗܘܐ,,,,Peshitta,PESH
5,Deuteronomy,21,13,Deuteronomy 21:13,19,ܠܟ,,,,Peshitta,PESH
5,Deuteronomy,21,13,Deuteronomy 21:13,20,ܐܢܬܬܐ,,,,Peshitta,PESH
5,Deuteronomy,21,14,Deuteronomy 21:14,1,ܘܐܢ,,,,Peshitta,PESH
5,Deuteronomy,21,14,Deuteronomy 21:14,2,ܠܐ,,,,Peshitta,PESH
5,Deuteronomy,21,14,Deuteronomy 21:14,3,ܨ̇ܒܐ,,,,Peshitta,PESH
5,Deuteronomy,21,14,Deuteronomy 21:14,4,ܐܢܬ,,,,Peshitta,PESH
5,Deuteronomy,21,14,Deuteronomy 21:14,5,ܒܗ̇,,,,Peshitta,PESH
5,Deuteronomy,21,14,Deuteronomy 21:14,6,ܫܒܘܩܝܗ̇,,,,Peshitta,PESH
5,Deuteronomy,21,14,Deuteronomy 21:14,7,ܠܢܦܫܗ̇,,,,Peshitta,PESH
5,Deuteronomy,21,14,Deuteronomy 21:14,8,ܘܒܟܣܦܐ,,,,Peshitta,PESH
5,Deuteronomy,21,14,Deuteronomy 21:14,9,ܠܐ,,,,Peshitta,PESH
5,Deuteronomy,21,14,Deuteronomy 21:14,10,ܬܙܒܢܝܗ̇,,,,Peshitta,PESH
5,Deuteronomy,21,14,Deuteronomy 21:14,11,ܘܠܐ,,,,Peshitta,PESH
5,Deuteronomy,21,14,Deuteronomy 21:14,12,ܬܬܓܪ,,,,Peshitta,PESH
5,Deuteronomy,21,14,Deuteronomy 21:14,13,ܒܗ̇,,,,Peshitta,PESH
5,Deuteronomy,21,14,Deuteronomy 21:14,14,ܚܠܦ,,,,Peshitta,PESH
5,Deuteronomy,21,14,Deuteronomy 21:14,15,ܕܨܥܪܬܗ̇,,,,Peshitta,PESH
5,Deuteronomy,21,15,Deuteronomy 21:15,1,ܘܟܕ,,,,Peshitta,PESH
5,Deuteronomy,21,15,Deuteronomy 21:15,2,ܢܗ̈ܘܝܢ,,,,Peshitta,PESH
5,Deuteronomy,21,15,Deuteronomy 21:15,3,ܠܓܒܪܐ,,,,Peshitta,PESH
5,Deuteronomy,21,15,Deuteronomy 21:15,4,ܬܪ̈ܬܝܢ,,,,Peshitta,PESH
5,Deuteronomy,21,15,Deuteronomy 21:15,5,ܢܫ̈ܝܢ,,,,Peshitta,PESH
5,Deuteronomy,21,15,Deuteronomy 21:15,6,ܚܕܐ,,,,Peshitta,PESH
5,Deuteronomy,21,15,Deuteronomy 21:15,7,ܐܪܚܘܡܬܐ,,,,Peshitta,PESH
5,Deuteronomy,21,15,Deuteronomy 21:15,8,ܘܚܕܐ,,,,Peshitta,PESH
5,Deuteronomy,21,15,Deuteronomy 21:15,9,ܣܢܘܐܬܐ,,,,Peshitta,PESH
5,Deuteronomy,21,15,Deuteronomy 21:15,10,ܘܢܐܠܕܢ,,,,Peshitta,PESH
5,Deuteronomy,21,15,Deuteronomy 21:15,11,ܠܗ,,,,Peshitta,PESH
5,Deuteronomy,21,15,Deuteronomy 21:15,12,ܒܢ̈ܝܐ,,,,Peshitta,PESH
5,Deuteronomy,21,15,Deuteronomy 21:15,13,ܐܪܚܘܡܬܐ,,,,Peshitta,PESH
5,Deuteronomy,21,15,Deuteronomy 21:15,14,ܘܣܢܘܐܬܐ,,,,Peshitta,PESH
5,Deuteronomy,21,15,Deuteronomy 21:15,15,ܘܢܗܘܐ,,,,Peshitta,PESH
5,Deuteronomy,21,15,Deuteronomy 21:15,16,ܒܪܐ,,,,Peshitta,PESH
5,Deuteronomy,21,15,Deuteronomy 21:15,17,ܒܘܟܪܐ,,,,Peshitta,PESH
5,Deuteronomy,21,15,Deuteronomy 21:15,18,ܠܣܢܘܐܬܐ,,,,Peshitta,PESH
5,Deuteronomy,21,16,Deuteronomy 21:16,1,ܒܝܘܡܐ,,,,Peshitta,PESH
5,Deuteronomy,21,16,Deuteronomy 21:16,2,ܕܡܘܪܬ,,,,Peshitta,PESH
5,Deuteronomy,21,16,Deuteronomy 21:16,3,ܠܒܢ̈ܘܗܝ,,,,Peshitta,PESH
5,Deuteronomy,21,16,Deuteronomy 21:16,4,ܡܕܡ,,,,Peshitta,PESH
5,Deuteronomy,21,16,Deuteronomy 21:16,5,ܕܐܝܬ,,,,Peshitta,PESH
5,Deuteronomy,21,16,Deuteronomy 21:16,6,ܠܗ,,,,Peshitta,PESH
5,Deuteronomy,21,16,Deuteronomy 21:16,7,ܠܐ,,,,Peshitta,PESH
5,Deuteronomy,21,16,Deuteronomy 21:16,8,ܫܠܝܛ,,,,Peshitta,PESH
5,Deuteronomy,21,16,Deuteronomy 21:16,9,ܠܗ,,,,Peshitta,PESH
5,Deuteronomy,21,16,Deuteronomy 21:16,10,ܕܢܩܫܫ,,,,Peshitta,PESH
5,Deuteronomy,21,16,Deuteronomy 21:16,11,ܠܒܪ,,,,Peshitta,PESH
5,Deuteronomy,21,16,Deuteronomy 21:16,12,ܐܪܚܘܡܬܐ,,,,Peshitta,PESH
5,Deuteronomy,21,16,Deuteronomy 21:16,13,ܩܕܡ,,,,Peshitta,PESH
5,Deuteronomy,21,16,Deuteronomy 21:16,14,ܒܪ,,,,Peshitta,PESH
5,Deuteronomy,21,16,Deuteronomy 21:16,15,ܣܢܘܐܬܐ,,,,Peshitta,PESH
5,Deuteronomy,21,17,Deuteronomy 21:17,1,ܐܠܐ,,,,Peshitta,PESH
5,Deuteronomy,21,17,Deuteronomy 21:17,2,ܒܘܟܪܐ,,,,Peshitta,PESH
5,Deuteronomy,21,17,Deuteronomy 21:17,3,ܒܪ,,,,Peshitta,PESH
5,Deuteronomy,21,17,Deuteronomy 21:17,4,ܣܢܘܐܬܐ,,,,Peshitta,PESH
5,Deuteronomy,21,17,Deuteronomy 21:17,5,ܘ̇ܠܐ,,,,Peshitta,PESH
5,Deuteronomy,21,17,Deuteronomy 21:17,6,ܠܗ,,,,Peshitta,PESH
5,Deuteronomy,21,17,Deuteronomy 21:17,7,ܕܢܣܒ,,,,Peshitta,PESH
5,Deuteronomy,21,17,Deuteronomy 21:17,8,ܬܪ̈ܬܝܢ,,,,Peshitta,PESH
5,Deuteronomy,21,17,Deuteronomy 21:17,9,ܡܢ̈ܘܢ,,,,Peshitta,PESH
5,Deuteronomy,21,17,Deuteronomy 21:17,10,ܒܟܠܡܕܡ,,,,Peshitta,PESH
5,Deuteronomy,21,17,Deuteronomy 21:17,11,ܕܡܫܬܟܚ,,,,Peshitta,PESH
5,Deuteronomy,21,17,Deuteronomy 21:17,12,ܠܗ,,,,Peshitta,PESH
5,Deuteronomy,21,17,Deuteronomy 21:17,13,ܡܛܠ,,,,Peshitta,PESH
5,Deuteronomy,21,17,Deuteronomy 21:17,14,ܕܗܘܝܘ,,,,Peshitta,PESH
5,Deuteronomy,21,17,Deuteronomy 21:17,15,ܪܝܫ,,,,Peshitta,PESH
5,Deuteronomy,21,17,Deuteronomy 21:17,16,ܝܠܕܗ,,,,Peshitta,PESH
5,Deuteronomy,21,17,Deuteronomy 21:17,17,ܘܠܗ,,,,Peshitta,PESH
5,Deuteronomy,21,17,Deuteronomy 21:17,18,ܗܘ,,,,Peshitta,PESH
5,Deuteronomy,21,17,Deuteronomy 21:17,19,ܙ̇ܕܩܐ,,,,Peshitta,PESH
5,Deuteronomy,21,17,Deuteronomy 21:17,20,ܒܘܟܪܘܬܐ,,,,Peshitta,PESH
5,Deuteronomy,21,18,Deuteronomy 21:18,1,ܘܟܕ,,,,Peshitta,PESH
5,Deuteronomy,21,18,Deuteronomy 21:18,2,ܢܗܘܐ,,,,Peshitta,PESH
5,Deuteronomy,21,18,Deuteronomy 21:18,3,ܠܓܒܪܐ,,,,Peshitta,PESH
5,Deuteronomy,21,18,Deuteronomy 21:18,4,ܒܪܐ,,,,Peshitta,PESH
5,Deuteronomy,21,18,Deuteronomy 21:18,5,ܡܪܘܕܐ,,,,Peshitta,PESH
5,Deuteronomy,21,18,Deuteronomy 21:18,6,ܘܡܡܪܡܪܢܐ,,,,Peshitta,PESH
5,Deuteronomy,21,18,Deuteronomy 21:18,7,ܘܠܐ,,,,Peshitta,PESH
5,Deuteronomy,21,18,Deuteronomy 21:18,8,ܫ̇ܡܥ,,,,Peshitta,PESH
5,Deuteronomy,21,18,Deuteronomy 21:18,9,ܠܩܠ,,,,Peshitta,PESH
5,Deuteronomy,21,18,Deuteronomy 21:18,10,ܐܒܘܗܝ,,,,Peshitta,PESH
5,Deuteronomy,21,18,Deuteronomy 21:18,11,ܘܠܩܠ,,,,Peshitta,PESH
5,Deuteronomy,21,18,Deuteronomy 21:18,12,ܐܡܗ,,,,Peshitta,PESH
5,Deuteronomy,21,18,Deuteronomy 21:18,13,ܘܪܕܝܢ,,,,Peshitta,PESH
5,Deuteronomy,21,18,Deuteronomy 21:18,14,ܠܗ,,,,Peshitta,PESH
5,Deuteronomy,21,18,Deuteronomy 21:18,15,ܘܠܐ,,,,Peshitta,PESH
5,Deuteronomy,21,18,Deuteronomy 21:18,16,ܫ̇ܡܥ,,,,Peshitta,PESH
5,Deuteronomy,21,18,Deuteronomy 21:18,17,ܠܗܘܢ,,,,Peshitta,PESH
5,Deuteronomy,21,19,Deuteronomy 21:19,1,ܢܐܚܕܘܢܗ,,,,Peshitta,PESH
5,Deuteronomy,21,19,Deuteronomy 21:19,2,ܐܒܘܗܝ,,,,Peshitta,PESH
5,Deuteronomy,21,19,Deuteronomy 21:19,3,ܘܐܡܗ,,,,Peshitta,PESH
5,Deuteronomy,21,19,Deuteronomy 21:19,4,ܘܢܦܩܘܢܗ,,,,Peshitta,PESH
5,Deuteronomy,21,19,Deuteronomy 21:19,5,ܠܘܬ,,,,Peshitta,PESH
5,Deuteronomy,21,19,Deuteronomy 21:19,6,ܣ̈ܒܐ,,,,Peshitta,PESH
5,Deuteronomy,21,19,Deuteronomy 21:19,7,ܕܩܪܝܬܐ,,,,Peshitta,PESH
5,Deuteronomy,21,19,Deuteronomy 21:19,8,ܘܠܬܪܥܐ,,,,Peshitta,PESH
5,Deuteronomy,21,19,Deuteronomy 21:19,9,ܕܐܬܪܗ,,,,Peshitta,PESH
5,Deuteronomy,21,20,Deuteronomy 21:20,1,ܘܢܐܡܪܘܢ,,,,Peshitta,PESH
5,Deuteronomy,21,20,Deuteronomy 21:20,2,ܠܣ̈ܒܐ,,,,Peshitta,PESH
5,Deuteronomy,21,20,Deuteronomy 21:20,3,ܕܩܪܝܬܗ,,,,Peshitta,PESH
5,Deuteronomy,21,20,Deuteronomy 21:20,4,ܒܪܢ,,,,Peshitta,PESH
5,Deuteronomy,21,20,Deuteronomy 21:20,5,ܗܢܐ,,,,Peshitta,PESH
5,Deuteronomy,21,20,Deuteronomy 21:20,6,ܡܪܘܕ,,,,Peshitta,PESH
5,Deuteronomy,21,20,Deuteronomy 21:20,7,ܘܡܡܪܡܪܢ,,,,Peshitta,PESH
5,Deuteronomy,21,20,Deuteronomy 21:20,8,ܘܠܐ,,,,Peshitta,PESH
5,Deuteronomy,21,20,Deuteronomy 21:20,9,ܫ̇ܡܥ,,,,Peshitta,PESH
5,Deuteronomy,21,20,Deuteronomy 21:20,10,ܠܩܠܢ,,,,Peshitta,PESH
5,Deuteronomy,21,20,Deuteronomy 21:20,11,ܘܐܣܘܛ,,,,Peshitta,PESH
5,Deuteronomy,21,20,Deuteronomy 21:20,12,ܘܪܘܝ,,,,Peshitta,PESH
5,Deuteronomy,21,21,Deuteronomy 21:21,1,ܢܪܓܡܘܢܗ,,,,Peshitta,PESH
5,Deuteronomy,21,21,Deuteronomy 21:21,2,ܟܠܗܘܢ,,,,Peshitta,PESH
5,Deuteronomy,21,21,Deuteronomy 21:21,3,ܐܢܫܐ,,,,Peshitta,PESH
5,Deuteronomy,21,21,Deuteronomy 21:21,4,ܕܩܪܝܬܗ,,,,Peshitta,PESH
5,Deuteronomy,21,21,Deuteronomy 21:21,5,ܒܟܐ̈ܦܐ,,,,Peshitta,PESH
5,Deuteronomy,21,21,Deuteronomy 21:21,6,ܘܢܡܘܬ,,,,Peshitta,PESH
5,Deuteronomy,21,21,Deuteronomy 21:21,7,ܘܒܥܪܘ,,,,Peshitta,PESH
5,Deuteronomy,21,21,Deuteronomy 21:21,8,ܒܝܫܬܐ,,,,Peshitta,PESH
5,Deuteronomy,21,21,Deuteronomy 21:21,9,ܡܢ,,,,Peshitta,PESH
5,Deuteronomy,21,21,Deuteronomy 21:21,10,ܒܝܢܬܟܘܢ,,,,Peshitta,PESH
5,Deuteronomy,21,21,Deuteronomy 21:21,11,ܘܟܠܗ,,,,Peshitta,PESH
5,Deuteronomy,21,21,Deuteronomy 21:21,12,ܐܝܣܪܐܝܠ,,,,Peshitta,PESH
5,Deuteronomy,21,21,Deuteronomy 21:21,13,ܢܫܡܥܘܢ,,,,Peshitta,PESH
5,Deuteronomy,21,21,Deuteronomy 21:21,14,ܘܢܕܚܠܘܢ,,,,Peshitta,PESH
5,Deuteronomy,21,22,Deuteronomy 21:22,1,ܘܐܢ,,,,Peshitta,PESH
5,Deuteronomy,21,22,Deuteronomy 21:22,2,ܚܝܒ,,,,Peshitta,PESH
5,Deuteronomy,21,22,Deuteronomy 21:22,3,ܓܒܪܐ,,,,Peshitta,PESH
5,Deuteronomy,21,22,Deuteronomy 21:22,4,ܚܠܦ,,,,Peshitta,PESH
5,Deuteronomy,21,22,Deuteronomy 21:22,5,ܚܛܗܐ,,,,Peshitta,PESH
5,Deuteronomy,21,22,Deuteronomy 21:22,6,ܕܝܢܐ,,,,Peshitta,PESH
5,Deuteronomy,21,22,Deuteronomy 21:22,7,ܕܡܘܬܐ,,,,Peshitta,PESH
5,Deuteronomy,21,22,Deuteronomy 21:22,8,ܘܢܙܕܩܦ,,,,Peshitta,PESH
5,Deuteronomy,21,22,Deuteronomy 21:22,9,ܥܠ,,,,Peshitta,PESH
5,Deuteronomy,21,22,Deuteronomy 21:22,10,ܩܝܣܐ,,,,Peshitta,PESH
5,Deuteronomy,21,22,Deuteronomy 21:22,11,ܘܢܬܩܛܠ,,,,Peshitta,PESH
5,Deuteronomy,21,23,Deuteronomy 21:23,1,ܠܐ,,,,Peshitta,PESH
5,Deuteronomy,21,23,Deuteronomy 21:23,2,ܬܒܘܬ,,,,Peshitta,PESH
5,Deuteronomy,21,23,Deuteronomy 21:23,3,ܫܠܕܗ,,,,Peshitta,PESH
5,Deuteronomy,21,23,Deuteronomy 21:23,4,ܥܠ,,,,Peshitta,PESH
5,Deuteronomy,21,23,Deuteronomy 21:23,5,ܩܝܣܐ,,,,Peshitta,PESH
5,Deuteronomy,21,23,Deuteronomy 21:23,6,ܐܠܐ,,,,Peshitta,PESH
5,Deuteronomy,21,23,Deuteronomy 21:23,7,ܩܘܒܪܘܗܝ,,,,Peshitta,PESH
5,Deuteronomy,21,23,Deuteronomy 21:23,8,ܒܝܘܡܐ,,,,Peshitta,PESH
5,Deuteronomy,21,23,Deuteronomy 21:23,9,ܗ̇ܘ,,,,Peshitta,PESH
5,Deuteronomy,21,23,Deuteronomy 21:23,10,ܡܛܠ,,,,Peshitta,PESH
5,Deuteronomy,21,23,Deuteronomy 21:23,11,ܕܡ̇ܢ,,,,Peshitta,PESH
5,Deuteronomy,21,23,Deuteronomy 21:23,12,ܕܡܨܚܐ,,,,Peshitta,PESH
5,Deuteronomy,21,23,Deuteronomy 21:23,13,ܠܐܠܗܐ,,,,Peshitta,PESH
5,Deuteronomy,21,23,Deuteronomy 21:23,14,ܢܙܕܩܦ,,,,Peshitta,PESH
5,Deuteronomy,21,23,Deuteronomy 21:23,15,ܘܠܐ,,,,Peshitta,PESH
5,Deuteronomy,21,23,Deuteronomy 21:23,16,ܬܛܡܐ,,,,Peshitta,PESH
5,Deuteronomy,21,23,Deuteronomy 21:23,17,ܐܪܥܟ,,,,Peshitta,PESH
5,Deuteronomy,21,23,Deuteronomy 21:23,18,ܕܝ̇ܗܒ,,,,Peshitta,PESH
5,Deuteronomy,21,23,Deuteronomy 21:23,19,ܠܟ,,,,Peshitta,PESH
5,Deuteronomy,21,23,Deuteronomy 21:23,20,ܡܪܝܐ,,,,Peshitta,PESH
5,Deuteronomy,21,23,Deuteronomy 21:23,21,ܐܠܗܟ,,,,Peshitta,PESH
5,Deuteronomy,21,23,Deuteronomy 21:23,22,ܝܘܪܬܢܐ,,,,Peshitta,PESH
5,Deuteronomy,22,1,Deuteronomy 22:1,1,ܠܐ,,,,Peshitta,PESH
5,Deuteronomy,22,1,Deuteronomy 22:1,2,ܬܚܙܐ,,,,Peshitta,PESH
5,Deuteronomy,22,1,Deuteronomy 22:1,3,ܬܘܪܗ,,,,Peshitta,PESH
5,Deuteronomy,22,1,Deuteronomy 22:1,4,ܕܐܚܘܟ,,,,Peshitta,PESH
5,Deuteronomy,22,1,Deuteronomy 22:1,5,ܐܘ,,,,Peshitta,PESH
5,Deuteronomy,22,1,Deuteronomy 22:1,6,ܢܩܝܗ,,,,Peshitta,PESH
5,Deuteronomy,22,1,Deuteronomy 22:1,7,ܟܕ,,,,Peshitta,PESH
5,Deuteronomy,22,1,Deuteronomy 22:1,8,ܛ̇ܥܝܢ,,,,Peshitta,PESH
5,Deuteronomy,22,1,Deuteronomy 22:1,9,ܘܬܗܡܐ,,,,Peshitta,PESH
5,Deuteronomy,22,1,Deuteronomy 22:1,10,ܡܢܗܘܢ,,,,Peshitta,PESH
5,Deuteronomy,22,1,Deuteronomy 22:1,11,ܐܠܐ,,,,Peshitta,PESH
5,Deuteronomy,22,1,Deuteronomy 22:1,12,ܡܗܦܟܘ,,,,Peshitta,PESH
5,Deuteronomy,22,1,Deuteronomy 22:1,13,ܐܗܦܟ,,,,Peshitta,PESH
5,Deuteronomy,22,1,Deuteronomy 22:1,14,ܐܢܘܢ,,,,Peshitta,PESH
5,Deuteronomy,22,1,Deuteronomy 22:1,15,ܠܐܚܘܟ,,,,Peshitta,PESH
5,Deuteronomy,22,2,Deuteronomy 22:2,1,ܘܐܢ,,,,Peshitta,PESH
5,Deuteronomy,22,2,Deuteronomy 22:2,2,ܠܐ,,,,Peshitta,PESH
5,Deuteronomy,22,2,Deuteronomy 22:2,3,ܩܪܝܒ,,,,Peshitta,PESH
5,Deuteronomy,22,2,Deuteronomy 22:2,4,ܠܟ,,,,Peshitta,PESH
5,Deuteronomy,22,2,Deuteronomy 22:2,5,ܐܚܘܟ,,,,Peshitta,PESH
5,Deuteronomy,22,2,Deuteronomy 22:2,6,ܘܠܐ,,,,Peshitta,PESH
5,Deuteronomy,22,2,Deuteronomy 22:2,7,ܝ̇ܕܥ,,,,Peshitta,PESH
5,Deuteronomy,22,2,Deuteronomy 22:2,8,ܐܢܬ,,,,Peshitta,PESH
5,Deuteronomy,22,2,Deuteronomy 22:2,9,ܠܗ,,,,Peshitta,PESH
5,Deuteronomy,22,2,Deuteronomy 22:2,10,ܐܥܠ,,,,Peshitta,PESH
5,Deuteronomy,22,2,Deuteronomy 22:2,11,ܐܢܘܢ,,,,Peshitta,PESH
5,Deuteronomy,22,2,Deuteronomy 22:2,12,ܠܓܘ,,,,Peshitta,PESH
5,Deuteronomy,22,2,Deuteronomy 22:2,13,ܒܝܬܟ,,,,Peshitta,PESH
5,Deuteronomy,22,2,Deuteronomy 22:2,14,ܘܢܗܘܘܢ,,,,Peshitta,PESH
5,Deuteronomy,22,2,Deuteronomy 22:2,15,ܠܘܬܟ,,,,Peshitta,PESH
5,Deuteronomy,22,2,Deuteronomy 22:2,16,ܥܕܡܐ,,,,Peshitta,PESH
5,Deuteronomy,22,2,Deuteronomy 22:2,17,ܕܬܒ̇ܥ,,,,Peshitta,PESH
5,Deuteronomy,22,2,Deuteronomy 22:2,18,ܠܗܘܢ,,,,Peshitta,PESH
5,Deuteronomy,22,2,Deuteronomy 22:2,19,ܐܚܘܟ,,,,Peshitta,PESH
5,Deuteronomy,22,2,Deuteronomy 22:2,20,ܘܦܢܐ,,,,Peshitta,PESH
5,Deuteronomy,22,2,Deuteronomy 22:2,21,ܐܢܘܢ,,,,Peshitta,PESH
5,Deuteronomy,22,2,Deuteronomy 22:2,22,ܠܗ,,,,Peshitta,PESH
5,Deuteronomy,22,3,Deuteronomy 22:3,1,ܗܟܢܐ,,,,Peshitta,PESH
5,Deuteronomy,22,3,Deuteronomy 22:3,2,ܥܒܕ,,,,Peshitta,PESH
5,Deuteronomy,22,3,Deuteronomy 22:3,3,ܠܬܘܪܗ,,,,Peshitta,PESH
5,Deuteronomy,22,3,Deuteronomy 22:3,4,ܘܠܚܡܪܗ,,,,Peshitta,PESH
5,Deuteronomy,22,3,Deuteronomy 22:3,5,ܘܠܬܟܣܝܬܗ,,,,Peshitta,PESH
5,Deuteronomy,22,3,Deuteronomy 22:3,6,ܘܗܟܢܐ,,,,Peshitta,PESH
5,Deuteronomy,22,3,Deuteronomy 22:3,7,ܥܒܕ,,,,Peshitta,PESH
5,Deuteronomy,22,3,Deuteronomy 22:3,8,ܠܟܠ,,,,Peshitta,PESH
5,Deuteronomy,22,3,Deuteronomy 22:3,9,ܐܒܕܬܐ,,,,Peshitta,PESH
5,Deuteronomy,22,3,Deuteronomy 22:3,10,ܕܐܒܕܐ,,,,Peshitta,PESH
5,Deuteronomy,22,3,Deuteronomy 22:3,11,ܡܢܗ,,,,Peshitta,PESH
5,Deuteronomy,22,3,Deuteronomy 22:3,12,ܘܡܫܟܚ,,,,Peshitta,PESH
5,Deuteronomy,22,3,Deuteronomy 22:3,13,ܐܢܬ,,,,Peshitta,PESH
5,Deuteronomy,22,3,Deuteronomy 22:3,14,ܠܗ̇,,,,Peshitta,PESH
5,Deuteronomy,22,3,Deuteronomy 22:3,15,ܠܐ,,,,Peshitta,PESH
5,Deuteronomy,22,3,Deuteronomy 22:3,16,ܫܠܝܛ,,,,Peshitta,PESH
5,Deuteronomy,22,3,Deuteronomy 22:3,17,ܠܟ,,,,Peshitta,PESH
5,Deuteronomy,22,3,Deuteronomy 22:3,18,ܕܬܗܡܐ,,,,Peshitta,PESH
5,Deuteronomy,22,4,Deuteronomy 22:4,1,ܠܐ,,,,Peshitta,PESH
5,Deuteronomy,22,4,Deuteronomy 22:4,2,ܬܚܙܐ,,,,Peshitta,PESH
5,Deuteronomy,22,4,Deuteronomy 22:4,3,ܚܡܪܗ,,,,Peshitta,PESH
5,Deuteronomy,22,4,Deuteronomy 22:4,4,ܕܒܥܠܕܒܒܟ,,,,Peshitta,PESH
5,Deuteronomy,22,4,Deuteronomy 22:4,5,ܐܘ,,,,Peshitta,PESH
5,Deuteronomy,22,4,Deuteronomy 22:4,6,ܬܘܪܗ,,,,Peshitta,PESH
5,Deuteronomy,22,4,Deuteronomy 22:4,7,ܟܕ,,,,Peshitta,PESH
5,Deuteronomy,22,4,Deuteronomy 22:4,8,ܐܪܡܝܢ,,,,Peshitta,PESH
5,Deuteronomy,22,4,Deuteronomy 22:4,9,ܒܐܘܪܚܐ,,,,Peshitta,PESH
5,Deuteronomy,22,4,Deuteronomy 22:4,10,ܘܬܗܡܐ,,,,Peshitta,PESH
5,Deuteronomy,22,4,Deuteronomy 22:4,11,ܡܢܗܘܢ,,,,Peshitta,PESH
5,Deuteronomy,22,4,Deuteronomy 22:4,12,ܐܠܐ,,,,Peshitta,PESH
5,Deuteronomy,22,4,Deuteronomy 22:4,13,ܡܩܡܘ,,,,Peshitta,PESH
5,Deuteronomy,22,4,Deuteronomy 22:4,14,ܐܩܝܡ,,,,Peshitta,PESH
5,Deuteronomy,22,4,Deuteronomy 22:4,15,ܐܢܘܢ,,,,Peshitta,PESH
5,Deuteronomy,22,4,Deuteronomy 22:4,16,ܥܡܗ,,,,Peshitta,PESH
5,Deuteronomy,22,5,Deuteronomy 22:5,1,ܠܐ,,,,Peshitta,PESH
5,Deuteronomy,22,5,Deuteronomy 22:5,2,ܢܗܘܘܢ,,,,Peshitta,PESH
5,Deuteronomy,22,5,Deuteronomy 22:5,3,ܡܐ̈ܢܐ,,,,Peshitta,PESH
5,Deuteronomy,22,5,Deuteronomy 22:5,4,ܕܓܒܪܐ,,,,Peshitta,PESH
5,Deuteronomy,22,5,Deuteronomy 22:5,5,ܥܠ,,,,Peshitta,PESH
5,Deuteronomy,22,5,Deuteronomy 22:5,6,ܐܢܬܬܐ,,,,Peshitta,PESH
5,Deuteronomy,22,5,Deuteronomy 22:5,7,ܘܠܐ,,,,Peshitta,PESH
5,Deuteronomy,22,5,Deuteronomy 22:5,8,ܢܠܒܫ,,,,Peshitta,PESH
5,Deuteronomy,22,5,Deuteronomy 22:5,9,ܓܒܪܐ,,,,Peshitta,PESH
5,Deuteronomy,22,5,Deuteronomy 22:5,10,ܡܐ̈ܢܐ,,,,Peshitta,PESH
5,Deuteronomy,22,5,Deuteronomy 22:5,11,ܕܐܢܬܬܐ,,,,Peshitta,PESH
5,Deuteronomy,22,5,Deuteronomy 22:5,12,ܡܛܠ,,,,Peshitta,PESH
5,Deuteronomy,22,5,Deuteronomy 22:5,13,ܕܛܡܐ,,,,Peshitta,PESH
5,Deuteronomy,22,5,Deuteronomy 22:5,14,ܗܘ,,,,Peshitta,PESH
5,Deuteronomy,22,5,Deuteronomy 22:5,15,ܩܕܡ,,,,Peshitta,PESH
5,Deuteronomy,22,5,Deuteronomy 22:5,16,ܡܪܝܐ,,,,Peshitta,PESH
5,Deuteronomy,22,5,Deuteronomy 22:5,17,ܐܠܗܟ,,,,Peshitta,PESH
5,Deuteronomy,22,5,Deuteronomy 22:5,18,ܟܠ,,,,Peshitta,PESH
5,Deuteronomy,22,5,Deuteronomy 22:5,19,ܡ̇ܢ,,,,Peshitta,PESH
5,Deuteronomy,22,5,Deuteronomy 22:5,20,ܕܥ̇ܒܕ,,,,Peshitta,PESH
5,Deuteronomy,22,5,Deuteronomy 22:5,21,ܗܠܝܢ,,,,Peshitta,PESH
5,Deuteronomy,22,6,Deuteronomy 22:6,1,ܘܟܕ,,,,Peshitta,PESH
5,Deuteronomy,22,6,Deuteronomy 22:6,2,ܬܫܟܚ,,,,Peshitta,PESH
5,Deuteronomy,22,6,Deuteronomy 22:6,3,ܩܢܐ,,,,Peshitta,PESH
5,Deuteronomy,22,6,Deuteronomy 22:6,4,ܕܨܦܪ̈ܐ,,,,Peshitta,PESH
5,Deuteronomy,22,6,Deuteronomy 22:6,5,ܩܕܡܝܟ,,,,Peshitta,PESH
5,Deuteronomy,22,6,Deuteronomy 22:6,6,ܒܐܘܪܚܐ,,,,Peshitta,PESH
5,Deuteronomy,22,6,Deuteronomy 22:6,7,ܒܟܠ,,,,Peshitta,PESH
5,Deuteronomy,22,6,Deuteronomy 22:6,8,ܐܝܠܢ,,,,Peshitta,PESH
5,Deuteronomy,22,6,Deuteronomy 22:6,9,ܐܘ,,,,Peshitta,PESH
5,Deuteronomy,22,6,Deuteronomy 22:6,10,ܥܠ,,,,Peshitta,PESH
5,Deuteronomy,22,6,Deuteronomy 22:6,11,ܐܪܥܐ,,,,Peshitta,PESH
5,Deuteronomy,22,6,Deuteronomy 22:6,12,ܦܪ̈ܘܓܐ,,,,Peshitta,PESH
5,Deuteronomy,22,6,Deuteronomy 22:6,13,ܐܘ,,,,Peshitta,PESH
5,Deuteronomy,22,6,Deuteronomy 22:6,14,ܒܢܬ̈ܐ,,,,Peshitta,PESH
5,Deuteronomy,22,6,Deuteronomy 22:6,15,ܘܐܡܐ,,,,Peshitta,PESH
5,Deuteronomy,22,6,Deuteronomy 22:6,16,ܩܦܝܦܐ,,,,Peshitta,PESH
5,Deuteronomy,22,6,Deuteronomy 22:6,17,ܥܠ,,,,Peshitta,PESH
5,Deuteronomy,22,6,Deuteronomy 22:6,18,ܦܪ̈ܘܓܐ,,,,Peshitta,PESH
5,Deuteronomy,22,6,Deuteronomy 22:6,19,ܐܘ,,,,Peshitta,PESH
5,Deuteronomy,22,6,Deuteronomy 22:6,20,ܥܠ,,,,Peshitta,PESH
5,Deuteronomy,22,6,Deuteronomy 22:6,21,ܒܢ̈ܬܐ,,,,Peshitta,PESH
5,Deuteronomy,22,6,Deuteronomy 22:6,22,ܠܐ,,,,Peshitta,PESH
5,Deuteronomy,22,6,Deuteronomy 22:6,23,ܬܣܒ,,,,Peshitta,PESH
5,Deuteronomy,22,6,Deuteronomy 22:6,24,ܐܡܐ,,,,Peshitta,PESH
5,Deuteronomy,22,6,Deuteronomy 22:6,25,ܥܡ,,,,Peshitta,PESH
5,Deuteronomy,22,6,Deuteronomy 22:6,26,ܒܢ̈ܝܗ̇,,,,Peshitta,PESH
5,Deuteronomy,22,7,Deuteronomy 22:7,1,ܐܠܐ,,,,Peshitta,PESH
5,Deuteronomy,22,7,Deuteronomy 22:7,2,ܡܦܪܚܘ,,,,Peshitta,PESH
5,Deuteronomy,22,7,Deuteronomy 22:7,3,ܐܦܪܚܝܗ̇,,,,Peshitta,PESH
5,Deuteronomy,22,7,Deuteronomy 22:7,4,ܠܐܡܐ,,,,Peshitta,PESH
5,Deuteronomy,22,7,Deuteronomy 22:7,5,ܘܒܢ̈ܝܗ̇,,,,Peshitta,PESH
5,Deuteronomy,22,7,Deuteronomy 22:7,6,ܣܒ,,,,Peshitta,PESH
5,Deuteronomy,22,7,Deuteronomy 22:7,7,ܠܟ,,,,Peshitta,PESH
5,Deuteronomy,22,7,Deuteronomy 22:7,8,ܕܢܛܐܒ,,,,Peshitta,PESH
5,Deuteronomy,22,7,Deuteronomy 22:7,9,ܠܟ,,,,Peshitta,PESH
5,Deuteronomy,22,7,Deuteronomy 22:7,10,ܘܢܣܓܘܢ,,,,Peshitta,PESH
5,Deuteronomy,22,7,Deuteronomy 22:7,11,ܝܘܡ̈ܬܟ,,,,Peshitta,PESH
5,Deuteronomy,22,8,Deuteronomy 22:8,1,ܘܡܐ,,,,Peshitta,PESH
5,Deuteronomy,22,8,Deuteronomy 22:8,2,ܕܒ̇ܢܐ,,,,Peshitta,PESH
5,Deuteronomy,22,8,Deuteronomy 22:8,3,ܐܢܬ,,,,Peshitta,PESH
5,Deuteronomy,22,8,Deuteronomy 22:8,4,ܒܝܬܐ,,,,Peshitta,PESH
5,Deuteronomy,22,8,Deuteronomy 22:8,5,ܚܕܬܐ,,,,Peshitta,PESH
5,Deuteronomy,22,8,Deuteronomy 22:8,6,ܥܒܕ,,,,Peshitta,PESH
5,Deuteronomy,22,8,Deuteronomy 22:8,7,ܬܝܟܐ,,,,Peshitta,PESH
5,Deuteronomy,22,8,Deuteronomy 22:8,8,ܠܐܓܪܟ,,,,Peshitta,PESH
5,Deuteronomy,22,8,Deuteronomy 22:8,9,ܕܠܐ,,,,Peshitta,PESH
5,Deuteronomy,22,8,Deuteronomy 22:8,10,ܢܦܠ,,,,Peshitta,PESH
5,Deuteronomy,22,8,Deuteronomy 22:8,11,ܡܢܗ,,,,Peshitta,PESH
5,Deuteronomy,22,8,Deuteronomy 22:8,12,ܐܢܫܐ,,,,Peshitta,PESH
5,Deuteronomy,22,8,Deuteronomy 22:8,13,ܘܢܗܘܐ,,,,Peshitta,PESH
5,Deuteronomy,22,8,Deuteronomy 22:8,14,ܕܡܐ,,,,Peshitta,PESH
5,Deuteronomy,22,8,Deuteronomy 22:8,15,ܒܒܝܬܟ,,,,Peshitta,PESH
5,Deuteronomy,22,9,Deuteronomy 22:9,1,ܠܐ,,,,Peshitta,PESH
5,Deuteronomy,22,9,Deuteronomy 22:9,2,ܬܙܪܘܥ,,,,Peshitta,PESH
5,Deuteronomy,22,9,Deuteronomy 22:9,3,ܟܪܒܟ,,,,Peshitta,PESH
5,Deuteronomy,22,9,Deuteronomy 22:9,4,ܚܠܛܐ,,,,Peshitta,PESH
5,Deuteronomy,22,9,Deuteronomy 22:9,5,ܕܠܐ,,,,Peshitta,PESH
5,Deuteronomy,22,9,Deuteronomy 22:9,6,ܬܬܩܕܫ,,,,Peshitta,PESH
5,Deuteronomy,22,9,Deuteronomy 22:9,7,ܥܠܠܬܗ,,,,Peshitta,PESH
5,Deuteronomy,22,9,Deuteronomy 22:9,8,ܕܙܪܥܐ,,,,Peshitta,PESH
5,Deuteronomy,22,9,Deuteronomy 22:9,9,ܕܙܪܥ,,,,Peshitta,PESH
5,Deuteronomy,22,9,Deuteronomy 22:9,10,ܐܢܬ,,,,Peshitta,PESH
5,Deuteronomy,22,9,Deuteronomy 22:9,11,ܘܥܠܠܬܗ,,,,Peshitta,PESH
5,Deuteronomy,22,9,Deuteronomy 22:9,12,ܕܟܪܡܐ,,,,Peshitta,PESH
5,Deuteronomy,22,10,Deuteronomy 22:10,1,ܠܐ,,,,Peshitta,PESH
5,Deuteronomy,22,10,Deuteronomy 22:10,2,ܬܕܒܪ,,,,Peshitta,PESH
5,Deuteronomy,22,10,Deuteronomy 22:10,3,ܦܕܢܐ,,,,Peshitta,PESH
5,Deuteronomy,22,10,Deuteronomy 22:10,4,ܒܬܘܪܐ,,,,Peshitta,PESH
5,Deuteronomy,22,10,Deuteronomy 22:10,5,ܘܒܚܡܪܐ,,,,Peshitta,PESH
5,Deuteronomy,22,10,Deuteronomy 22:10,6,ܐܟܚܕܐ,,,,Peshitta,PESH
5,Deuteronomy,22,11,Deuteronomy 22:11,1,ܠܐ,,,,Peshitta,PESH
5,Deuteronomy,22,11,Deuteronomy 22:11,2,ܬܠܒܫ,,,,Peshitta,PESH
5,Deuteronomy,22,11,Deuteronomy 22:11,3,ܦܬܟܐ,,,,Peshitta,PESH
5,Deuteronomy,22,11,Deuteronomy 22:11,4,ܕܥܡܪܐ,,,,Peshitta,PESH
5,Deuteronomy,22,11,Deuteronomy 22:11,5,ܘܕܟܬܢܐ,,,,Peshitta,PESH
5,Deuteronomy,22,11,Deuteronomy 22:11,6,ܐܝܟ,,,,Peshitta,PESH
5,Deuteronomy,22,11,Deuteronomy 22:11,7,ܚܕܐ,,,,Peshitta,PESH
5,Deuteronomy,22,12,Deuteronomy 22:12,1,ܓܕܝ̈ܠܬܐ,,,,Peshitta,PESH
5,Deuteronomy,22,12,Deuteronomy 22:12,2,ܥܒܕ,,,,Peshitta,PESH
5,Deuteronomy,22,12,Deuteronomy 22:12,3,ܠܟ,,,,Peshitta,PESH
5,Deuteronomy,22,12,Deuteronomy 22:12,4,ܥܠ,,,,Peshitta,PESH
5,Deuteronomy,22,12,Deuteronomy 22:12,5,ܐܪ̈ܒܥ,,,,Peshitta,PESH
5,Deuteronomy,22,12,Deuteronomy 22:12,6,ܟܢ̈ܦܘܗܝ,,,,Peshitta,PESH
5,Deuteronomy,22,12,Deuteronomy 22:12,7,ܕܡܪܛܘܛܟ,,,,Peshitta,PESH
5,Deuteronomy,22,12,Deuteronomy 22:12,8,ܕܡܬܟܣܐ,,,,Peshitta,PESH
5,Deuteronomy,22,12,Deuteronomy 22:12,9,ܐܢܬ,,,,Peshitta,PESH
5,Deuteronomy,22,13,Deuteronomy 22:13,1,ܘܟܕ,,,,Peshitta,PESH
5,Deuteronomy,22,13,Deuteronomy 22:13,2,ܢܣܒ,,,,Peshitta,PESH
5,Deuteronomy,22,13,Deuteronomy 22:13,3,ܓܒܪܐ,,,,Peshitta,PESH
5,Deuteronomy,22,13,Deuteronomy 22:13,4,ܐܢܬܬܐ,,,,Peshitta,PESH
5,Deuteronomy,22,13,Deuteronomy 22:13,5,ܘܢܥܘܠ,,,,Peshitta,PESH
5,Deuteronomy,22,13,Deuteronomy 22:13,6,ܠܘܬܗ̇,,,,Peshitta,PESH
5,Deuteronomy,22,13,Deuteronomy 22:13,7,ܘܢܣܢܝܗ̇,,,,Peshitta,PESH
5,Deuteronomy,22,14,Deuteronomy 22:14,1,ܘܢܓܘܪ,,,,Peshitta,PESH
5,Deuteronomy,22,14,Deuteronomy 22:14,2,ܒܬܪܗ̇,,,,Peshitta,PESH
5,Deuteronomy,22,14,Deuteronomy 22:14,3,ܥܠܬܐ,,,,Peshitta,PESH
5,Deuteronomy,22,14,Deuteronomy 22:14,4,ܒܡ̈ܠܐ,,,,Peshitta,PESH
5,Deuteronomy,22,14,Deuteronomy 22:14,5,ܘܢ̇ܦܩ,,,,Peshitta,PESH
5,Deuteronomy,22,14,Deuteronomy 22:14,6,ܥܠܝܗ̇,,,,Peshitta,PESH
5,Deuteronomy,22,14,Deuteronomy 22:14,7,ܫܡܐ,,,,Peshitta,PESH
5,Deuteronomy,22,14,Deuteronomy 22:14,8,ܒܝܫܐ,,,,Peshitta,PESH
5,Deuteronomy,22,14,Deuteronomy 22:14,9,ܘܢܐܡܪ,,,,Peshitta,PESH
5,Deuteronomy,22,14,Deuteronomy 22:14,10,ܐܢܬܬܐ,,,,Peshitta,PESH
5,Deuteronomy,22,14,Deuteronomy 22:14,11,ܗܕܐ,,,,Peshitta,PESH
5,Deuteronomy,22,14,Deuteronomy 22:14,12,ܢܣ̇ܒܬ,,,,Peshitta,PESH
5,Deuteronomy,22,14,Deuteronomy 22:14,13,ܘܕܡ̇ܟܬ,,,,Peshitta,PESH
5,Deuteronomy,22,14,Deuteronomy 22:14,14,ܠܘܬܗ̇,,,,Peshitta,PESH
5,Deuteronomy,22,14,Deuteronomy 22:14,15,ܘܠܐ,,,,Peshitta,PESH
5,Deuteronomy,22,14,Deuteronomy 22:14,16,ܐܫܟܚܬ,,,,Peshitta,PESH
5,Deuteronomy,22,14,Deuteronomy 22:14,17,ܠܗ̇,,,,Peshitta,PESH
5,Deuteronomy,22,14,Deuteronomy 22:14,18,ܒܬ̈ܘܠܐ,,,,Peshitta,PESH
5,Deuteronomy,22,15,Deuteronomy 22:15,1,ܢܣܒ,,,,Peshitta,PESH
5,Deuteronomy,22,15,Deuteronomy 22:15,2,ܐܒܘܗ̇,,,,Peshitta,PESH
5,Deuteronomy,22,15,Deuteronomy 22:15,3,ܕܛܠܝܬܐ,,,,Peshitta,PESH
5,Deuteronomy,22,15,Deuteronomy 22:15,4,ܘܐܡܗ̇,,,,Peshitta,PESH
5,Deuteronomy,22,15,Deuteronomy 22:15,5,ܘܢܦܩܘܢ,,,,Peshitta,PESH
5,Deuteronomy,22,15,Deuteronomy 22:15,6,ܐܢܘܢ,,,,Peshitta,PESH
5,Deuteronomy,22,15,Deuteronomy 22:15,7,ܠܒܬ̈ܘܠܝܗ̇,,,,Peshitta,PESH
5,Deuteronomy,22,15,Deuteronomy 22:15,8,ܕܛܠܝܬܐ,,,,Peshitta,PESH
5,Deuteronomy,22,15,Deuteronomy 22:15,9,ܠܘܬ,,,,Peshitta,PESH
5,Deuteronomy,22,15,Deuteronomy 22:15,10,ܣ̈ܒܐ,,,,Peshitta,PESH
5,Deuteronomy,22,15,Deuteronomy 22:15,11,ܕܩܪܝܬܐ,,,,Peshitta,PESH
5,Deuteronomy,22,15,Deuteronomy 22:15,12,ܠܬܪܥܐ,,,,Peshitta,PESH
5,Deuteronomy,22,16,Deuteronomy 22:16,1,ܘܢܐܡܪ,,,,Peshitta,PESH
5,Deuteronomy,22,16,Deuteronomy 22:16,2,ܐܒܘܗ̇,,,,Peshitta,PESH
5,Deuteronomy,22,16,Deuteronomy 22:16,3,ܕܛܠܝܬܐ,,,,Peshitta,PESH
5,Deuteronomy,22,16,Deuteronomy 22:16,4,ܠܣ̈ܒܐ,,,,Peshitta,PESH
5,Deuteronomy,22,16,Deuteronomy 22:16,5,ܒܪܬܝ,,,,Peshitta,PESH
5,Deuteronomy,22,16,Deuteronomy 22:16,6,ܝܗ̇ܒܬ,,,,Peshitta,PESH
5,Deuteronomy,22,16,Deuteronomy 22:16,7,ܠܓܒܪܐ,,,,Peshitta,PESH
5,Deuteronomy,22,16,Deuteronomy 22:16,8,ܗܢܐ,,,,Peshitta,PESH
5,Deuteronomy,22,16,Deuteronomy 22:16,9,ܐܢܬܬܐ,,,,Peshitta,PESH
5,Deuteronomy,22,16,Deuteronomy 22:16,10,ܘܣܢܗ̇,,,,Peshitta,PESH
5,Deuteronomy,22,17,Deuteronomy 22:17,1,ܘܗܐ,,,,Peshitta,PESH
5,Deuteronomy,22,17,Deuteronomy 22:17,2,ܓܐܪ,,,,Peshitta,PESH
5,Deuteronomy,22,17,Deuteronomy 22:17,3,ܒܬܪܗ̇,,,,Peshitta,PESH
5,Deuteronomy,22,17,Deuteronomy 22:17,4,ܥܠܬܐ,,,,Peshitta,PESH
5,Deuteronomy,22,17,Deuteronomy 22:17,5,ܒܡ̈ܠܐ,,,,Peshitta,PESH
5,Deuteronomy,22,17,Deuteronomy 22:17,6,ܘܐ̇ܡܪ,,,,Peshitta,PESH
5,Deuteronomy,22,17,Deuteronomy 22:17,7,ܕܠܐ,,,,Peshitta,PESH
5,Deuteronomy,22,17,Deuteronomy 22:17,8,ܐܫܟܚܬ,,,,Peshitta,PESH
5,Deuteronomy,22,17,Deuteronomy 22:17,9,ܒܬ̇ܘܠܐ,,,,Peshitta,PESH
5,Deuteronomy,22,17,Deuteronomy 22:17,10,ܠܒܪܬܟ,,,,Peshitta,PESH
5,Deuteronomy,22,17,Deuteronomy 22:17,11,ܘܗܠܝܢ,,,,Peshitta,PESH
5,Deuteronomy,22,17,Deuteronomy 22:17,12,ܒܬ̈ܘܠܐ,,,,Peshitta,PESH
5,Deuteronomy,22,17,Deuteronomy 22:17,13,ܕܒܪܬܝ,,,,Peshitta,PESH
5,Deuteronomy,22,17,Deuteronomy 22:17,14,ܢܦܪܣܘܢ,,,,Peshitta,PESH
5,Deuteronomy,22,17,Deuteronomy 22:17,15,ܫܘܫܦܐ,,,,Peshitta,PESH
5,Deuteronomy,22,17,Deuteronomy 22:17,16,ܩܕܡ,,,,Peshitta,PESH
5,Deuteronomy,22,17,Deuteronomy 22:17,17,ܣ̈ܒܐ,,,,Peshitta,PESH
5,Deuteronomy,22,17,Deuteronomy 22:17,18,ܕܩܪܝܬܐ,,,,Peshitta,PESH
5,Deuteronomy,22,18,Deuteronomy 22:18,1,ܘܢܕܒܪܘܢܗ,,,,Peshitta,PESH
5,Deuteronomy,22,18,Deuteronomy 22:18,2,ܣ̈ܒܐ,,,,Peshitta,PESH
5,Deuteronomy,22,18,Deuteronomy 22:18,3,ܕܩܪܝܬܐ,,,,Peshitta,PESH
5,Deuteronomy,22,18,Deuteronomy 22:18,4,ܠܓܒܪܐ,,,,Peshitta,PESH
5,Deuteronomy,22,18,Deuteronomy 22:18,5,ܗ̇ܘ,,,,Peshitta,PESH
5,Deuteronomy,22,18,Deuteronomy 22:18,6,ܘܢܪܕܘܢܗ,,,,Peshitta,PESH
5,Deuteronomy,22,19,Deuteronomy 22:19,1,ܘܢܚܣܪܘܢܗ,,,,Peshitta,PESH
5,Deuteronomy,22,19,Deuteronomy 22:19,2,ܡܐܐ,,,,Peshitta,PESH
5,Deuteronomy,22,19,Deuteronomy 22:19,3,ܕܟܣܦܐ,,,,Peshitta,PESH
5,Deuteronomy,22,19,Deuteronomy 22:19,4,ܘܢܬܠܘܢ,,,,Peshitta,PESH
5,Deuteronomy,22,19,Deuteronomy 22:19,5,ܠܐܒܘܗ̇,,,,Peshitta,PESH
5,Deuteronomy,22,19,Deuteronomy 22:19,6,ܕܛܠܝܬܐ,,,,Peshitta,PESH
5,Deuteronomy,22,19,Deuteronomy 22:19,7,ܥܠ,,,,Peshitta,PESH
5,Deuteronomy,22,19,Deuteronomy 22:19,8,ܕܐܦܩ,,,,Peshitta,PESH
5,Deuteronomy,22,19,Deuteronomy 22:19,9,ܫܡܐ,,,,Peshitta,PESH
5,Deuteronomy,22,19,Deuteronomy 22:19,10,ܒܝܫܐ,,,,Peshitta,PESH
5,Deuteronomy,22,19,Deuteronomy 22:19,11,ܥܠ,,,,Peshitta,PESH
5,Deuteronomy,22,19,Deuteronomy 22:19,12,ܒܬܘܠܬܐ,,,,Peshitta,PESH
5,Deuteronomy,22,19,Deuteronomy 22:19,13,ܒܪܬ,,,,Peshitta,PESH
5,Deuteronomy,22,19,Deuteronomy 22:19,14,ܐܝܣܪܝܠ,,,,Peshitta,PESH
5,Deuteronomy,22,19,Deuteronomy 22:19,15,ܘܠܗ,,,,Peshitta,PESH
5,Deuteronomy,22,19,Deuteronomy 22:19,16,ܬܗܘܐ,,,,Peshitta,PESH
5,Deuteronomy,22,19,Deuteronomy 22:19,17,ܐܢܬܬܐ,,,,Peshitta,PESH
5,Deuteronomy,22,19,Deuteronomy 22:19,18,ܘܠܐ,,,,Peshitta,PESH
5,Deuteronomy,22,19,Deuteronomy 22:19,19,ܢܫܬܠܛ,,,,Peshitta,PESH
5,Deuteronomy,22,19,Deuteronomy 22:19,20,ܠܡܫܒܩܗ̇,,,,Peshitta,PESH
5,Deuteronomy,22,19,Deuteronomy 22:19,21,ܟܠܗܘܢ,,,,Peshitta,PESH
5,Deuteronomy,22,19,Deuteronomy 22:19,22,ܝܘܡ̈ܘܗܝ,,,,Peshitta,PESH
5,Deuteronomy,22,20,Deuteronomy 22:20,1,ܘܐܢ,,,,Peshitta,PESH
5,Deuteronomy,22,20,Deuteronomy 22:20,2,ܡܢ,,,,Peshitta,PESH
5,Deuteronomy,22,20,Deuteronomy 22:20,3,ܩܘܫܬܐ,,,,Peshitta,PESH
5,Deuteronomy,22,20,Deuteronomy 22:20,4,ܗܘܬ,,,,Peshitta,PESH
5,Deuteronomy,22,20,Deuteronomy 22:20,5,ܡܠܬܐ,,,,Peshitta,PESH
5,Deuteronomy,22,20,Deuteronomy 22:20,6,ܗܕܐ,,,,Peshitta,PESH
5,Deuteronomy,22,20,Deuteronomy 22:20,7,ܘܠܐ,,,,Peshitta,PESH
5,Deuteronomy,22,20,Deuteronomy 22:20,8,ܐܫܬܟܚܘ,,,,Peshitta,PESH
5,Deuteronomy,22,20,Deuteronomy 22:20,9,ܒܬ̈ܘܠܐ,,,,Peshitta,PESH
5,Deuteronomy,22,20,Deuteronomy 22:20,10,ܠܛܠܝܬܐ,,,,Peshitta,PESH
5,Deuteronomy,22,21,Deuteronomy 22:21,1,ܢܦܩܘܢܗ̇,,,,Peshitta,PESH
5,Deuteronomy,22,21,Deuteronomy 22:21,2,ܠܛܠܝܬܐ,,,,Peshitta,PESH
5,Deuteronomy,22,21,Deuteronomy 22:21,3,ܠܬܪܥܐ,,,,Peshitta,PESH
5,Deuteronomy,22,21,Deuteronomy 22:21,4,ܕܒܝܬ,,,,Peshitta,PESH
5,Deuteronomy,22,21,Deuteronomy 22:21,5,ܐܒܘܗ̇,,,,Peshitta,PESH
5,Deuteronomy,22,21,Deuteronomy 22:21,6,ܘܢܪܓܡܘܢܗ̇,,,,Peshitta,PESH
5,Deuteronomy,22,21,Deuteronomy 22:21,7,ܒܟܐ̈ܦܐ,,,,Peshitta,PESH
5,Deuteronomy,22,21,Deuteronomy 22:21,8,ܐܢܫ̈ܝ,,,,Peshitta,PESH
5,Deuteronomy,22,21,Deuteronomy 22:21,9,ܩܪܝܬܐ,,,,Peshitta,PESH
5,Deuteronomy,22,21,Deuteronomy 22:21,10,ܘܬܡܘܬ,,,,Peshitta,PESH
5,Deuteronomy,22,21,Deuteronomy 22:21,11,ܥܠ,,,,Peshitta,PESH
5,Deuteronomy,22,21,Deuteronomy 22:21,12,ܕܥܒܕܬ,,,,Peshitta,PESH
5,Deuteronomy,22,21,Deuteronomy 22:21,13,ܒܗܬܬܐ,,,,Peshitta,PESH
5,Deuteronomy,22,21,Deuteronomy 22:21,14,ܒܐܝܣܪܝܠ,,,,Peshitta,PESH
5,Deuteronomy,22,21,Deuteronomy 22:21,15,ܘܙܢܝܬ,,,,Peshitta,PESH
5,Deuteronomy,22,21,Deuteronomy 22:21,16,ܒܝܬ,,,,Peshitta,PESH
5,Deuteronomy,22,21,Deuteronomy 22:21,17,ܐܒܘܗ̇,,,,Peshitta,PESH
5,Deuteronomy,22,21,Deuteronomy 22:21,18,ܘܒܥܪܘ,,,,Peshitta,PESH
5,Deuteronomy,22,21,Deuteronomy 22:21,19,ܒܝܫܬܐ,,,,Peshitta,PESH
5,Deuteronomy,22,21,Deuteronomy 22:21,20,ܡܢ,,,,Peshitta,PESH
5,Deuteronomy,22,21,Deuteronomy 22:21,21,ܒܝܢܬܟܘܢ,,,,Peshitta,PESH
5,Deuteronomy,22,22,Deuteronomy 22:22,1,ܘܟܕ,,,,Peshitta,PESH
5,Deuteronomy,22,22,Deuteronomy 22:22,2,ܢܫܬܟܚ,,,,Peshitta,PESH
5,Deuteronomy,22,22,Deuteronomy 22:22,3,ܓܒܪܐ,,,,Peshitta,PESH
5,Deuteronomy,22,22,Deuteronomy 22:22,4,ܕܕܡ̇ܟ,,,,Peshitta,PESH
5,Deuteronomy,22,22,Deuteronomy 22:22,5,ܥܡ,,,,Peshitta,PESH
5,Deuteronomy,22,22,Deuteronomy 22:22,6,ܐܢܬܬ,,,,Peshitta,PESH
5,Deuteronomy,22,22,Deuteronomy 22:22,7,ܓܒܪܐ,,,,Peshitta,PESH
5,Deuteronomy,22,22,Deuteronomy 22:22,8,ܡܬܩܛܠܘ,,,,Peshitta,PESH
5,Deuteronomy,22,22,Deuteronomy 22:22,9,ܢܬܩܛܠܘܢ,,,,Peshitta,PESH
5,Deuteronomy,22,22,Deuteronomy 22:22,10,ܬܪ̈ܝܗܘܢ,,,,Peshitta,PESH
5,Deuteronomy,22,22,Deuteronomy 22:22,11,ܓܒܪܐ,,,,Peshitta,PESH
5,Deuteronomy,22,22,Deuteronomy 22:22,12,ܕܕܡܟ,,,,Peshitta,PESH
5,Deuteronomy,22,22,Deuteronomy 22:22,13,ܥܡܗ̇,,,,Peshitta,PESH
5,Deuteronomy,22,22,Deuteronomy 22:22,14,ܐܦ,,,,Peshitta,PESH
5,Deuteronomy,22,22,Deuteronomy 22:22,15,ܗܝ,,,,Peshitta,PESH
5,Deuteronomy,22,22,Deuteronomy 22:22,16,ܐܢܬܬܐ,,,,Peshitta,PESH
5,Deuteronomy,22,22,Deuteronomy 22:22,17,ܘܒܥܪܘ,,,,Peshitta,PESH
5,Deuteronomy,22,22,Deuteronomy 22:22,18,ܒܝܫܬܐ,,,,Peshitta,PESH
5,Deuteronomy,22,22,Deuteronomy 22:22,19,ܡܢ,,,,Peshitta,PESH
5,Deuteronomy,22,22,Deuteronomy 22:22,20,ܐܝܣܪܝܠ,,,,Peshitta,PESH
5,Deuteronomy,22,23,Deuteronomy 22:23,1,ܘܐܢ,,,,Peshitta,PESH
5,Deuteronomy,22,23,Deuteronomy 22:23,2,ܬܗܘܐ,,,,Peshitta,PESH
5,Deuteronomy,22,23,Deuteronomy 22:23,3,ܥܠܝܡܬܐ,,,,Peshitta,PESH
5,Deuteronomy,22,23,Deuteronomy 22:23,4,ܒܬܘܠܬܐ,,,,Peshitta,PESH
5,Deuteronomy,22,23,Deuteronomy 22:23,5,ܕܡܟܝܪܐ,,,,Peshitta,PESH
5,Deuteronomy,22,23,Deuteronomy 22:23,6,ܠܓܒܪܐ,,,,Peshitta,PESH
5,Deuteronomy,22,23,Deuteronomy 22:23,7,ܘܢܫܟܚܝܗ̇,,,,Peshitta,PESH
5,Deuteronomy,22,23,Deuteronomy 22:23,8,ܓܒܪܐ,,,,Peshitta,PESH
5,Deuteronomy,22,23,Deuteronomy 22:23,9,ܐܚܪܢܐ,,,,Peshitta,PESH
5,Deuteronomy,22,23,Deuteronomy 22:23,10,ܒܩܪܝܬܐ,,,,Peshitta,PESH
5,Deuteronomy,22,23,Deuteronomy 22:23,11,ܘܢܕܡܟ,,,,Peshitta,PESH
5,Deuteronomy,22,23,Deuteronomy 22:23,12,ܥܡܗ̇,,,,Peshitta,PESH
5,Deuteronomy,22,24,Deuteronomy 22:24,1,ܐܦܩܘ,,,,Peshitta,PESH
5,Deuteronomy,22,24,Deuteronomy 22:24,2,ܐܢܘܢ,,,,Peshitta,PESH
5,Deuteronomy,22,24,Deuteronomy 22:24,3,ܠܬܪ̈ܝܗܘܢ,,,,Peshitta,PESH
5,Deuteronomy,22,24,Deuteronomy 22:24,4,ܠܬܪܥܐ,,,,Peshitta,PESH
5,Deuteronomy,22,24,Deuteronomy 22:24,5,ܕܩܪܝܬܐ,,,,Peshitta,PESH
5,Deuteronomy,22,24,Deuteronomy 22:24,6,ܗ̇ܝ,,,,Peshitta,PESH
5,Deuteronomy,22,24,Deuteronomy 22:24,7,ܘܪܓܘܡܘ,,,,Peshitta,PESH
5,Deuteronomy,22,24,Deuteronomy 22:24,8,ܐܢܘܢ,,,,Peshitta,PESH
5,Deuteronomy,22,24,Deuteronomy 22:24,9,ܒܟܐ̈ܦܐ,,,,Peshitta,PESH
5,Deuteronomy,22,24,Deuteronomy 22:24,10,ܘܢܡܘܬܘܢ,,,,Peshitta,PESH
5,Deuteronomy,22,24,Deuteronomy 22:24,11,ܥܠ,,,,Peshitta,PESH
5,Deuteronomy,22,24,Deuteronomy 22:24,12,ܕܠܐ,,,,Peshitta,PESH
5,Deuteronomy,22,24,Deuteronomy 22:24,13,ܒܓܢܬ,,,,Peshitta,PESH
5,Deuteronomy,22,24,Deuteronomy 22:24,14,ܗ̇ܝ,,,,Peshitta,PESH
5,Deuteronomy,22,24,Deuteronomy 22:24,15,ܥܠܝܡܬܐ,,,,Peshitta,PESH
5,Deuteronomy,22,24,Deuteronomy 22:24,16,ܒܩܪܝܬܐ,,,,Peshitta,PESH
5,Deuteronomy,22,24,Deuteronomy 22:24,17,ܘܗ̇ܘ,,,,Peshitta,PESH
5,Deuteronomy,22,24,Deuteronomy 22:24,18,ܓܒܪܐ,,,,Peshitta,PESH
5,Deuteronomy,22,24,Deuteronomy 22:24,19,ܥܠ,,,,Peshitta,PESH
5,Deuteronomy,22,24,Deuteronomy 22:24,20,ܕܨܥܪ,,,,Peshitta,PESH
5,Deuteronomy,22,24,Deuteronomy 22:24,21,ܐܢܬܬ,,,,Peshitta,PESH
5,Deuteronomy,22,24,Deuteronomy 22:24,22,ܚܒܪܗ,,,,Peshitta,PESH
5,Deuteronomy,22,24,Deuteronomy 22:24,23,ܘܒܥܪܘ,,,,Peshitta,PESH
5,Deuteronomy,22,24,Deuteronomy 22:24,24,ܒܝܫܬܐ,,,,Peshitta,PESH
5,Deuteronomy,22,24,Deuteronomy 22:24,25,ܡܢ,,,,Peshitta,PESH
5,Deuteronomy,22,24,Deuteronomy 22:24,26,ܒܝܢܬܟܘܢ,,,,Peshitta,PESH
5,Deuteronomy,22,25,Deuteronomy 22:25,1,ܘܐܢ,,,,Peshitta,PESH
5,Deuteronomy,22,25,Deuteronomy 22:25,2,ܒܚܩܠܐ,,,,Peshitta,PESH
5,Deuteronomy,22,25,Deuteronomy 22:25,3,ܐܫܟܚ,,,,Peshitta,PESH
5,Deuteronomy,22,25,Deuteronomy 22:25,4,ܓܒܪܐ,,,,Peshitta,PESH
5,Deuteronomy,22,25,Deuteronomy 22:25,5,ܥܠܝܡܬܐ,,,,Peshitta,PESH
5,Deuteronomy,22,25,Deuteronomy 22:25,6,ܕܡܟܝܪܐ,,,,Peshitta,PESH
5,Deuteronomy,22,25,Deuteronomy 22:25,7,ܘܐܚܕܗ̇,,,,Peshitta,PESH
5,Deuteronomy,22,25,Deuteronomy 22:25,8,ܒܩܛܝܪܐ,,,,Peshitta,PESH
5,Deuteronomy,22,25,Deuteronomy 22:25,9,ܘܕܡܟ,,,,Peshitta,PESH
5,Deuteronomy,22,25,Deuteronomy 22:25,10,ܥܡܗ̇,,,,Peshitta,PESH
5,Deuteronomy,22,25,Deuteronomy 22:25,11,ܢܬܩܛܠ,,,,Peshitta,PESH
5,Deuteronomy,22,25,Deuteronomy 22:25,12,ܓܒܪܐ,,,,Peshitta,PESH
5,Deuteronomy,22,25,Deuteronomy 22:25,13,ܕܕܡܟ,,,,Peshitta,PESH
5,Deuteronomy,22,25,Deuteronomy 22:25,14,ܥܡܗ̇,,,,Peshitta,PESH
5,Deuteronomy,22,25,Deuteronomy 22:25,15,ܒܠܚܘܕܘܗܝ,,,,Peshitta,PESH
5,Deuteronomy,22,26,Deuteronomy 22:26,1,ܘܠܥܠܝܡܬܐ,,,,Peshitta,PESH
5,Deuteronomy,22,26,Deuteronomy 22:26,2,ܠܐ,,,,Peshitta,PESH
5,Deuteronomy,22,26,Deuteronomy 22:26,3,ܬܥܒܕܘܢ,,,,Peshitta,PESH
5,Deuteronomy,22,26,Deuteronomy 22:26,4,ܠܗ̇,,,,Peshitta,PESH
5,Deuteronomy,22,26,Deuteronomy 22:26,5,ܡܕܡ,,,,Peshitta,PESH
5,Deuteronomy,22,26,Deuteronomy 22:26,6,ܡܛܠ,,,,Peshitta,PESH
5,Deuteronomy,22,26,Deuteronomy 22:26,7,ܕܠܐ,,,,Peshitta,PESH
5,Deuteronomy,22,26,Deuteronomy 22:26,8,ܚܝ̇ܒܐ,,,,Peshitta,PESH
5,Deuteronomy,22,26,Deuteronomy 22:26,9,ܥܠܝܡܬܐ,,,,Peshitta,PESH
5,Deuteronomy,22,26,Deuteronomy 22:26,10,ܚܛܗܐ,,,,Peshitta,PESH
5,Deuteronomy,22,26,Deuteronomy 22:26,11,ܕܡܘܬܐ,,,,Peshitta,PESH
5,Deuteronomy,22,26,Deuteronomy 22:26,12,ܐܝܟ,,,,Peshitta,PESH
5,Deuteronomy,22,26,Deuteronomy 22:26,13,ܕܩ̇ܐܡ,,,,Peshitta,PESH
5,Deuteronomy,22,26,Deuteronomy 22:26,14,ܓܝܪ,,,,Peshitta,PESH
5,Deuteronomy,22,26,Deuteronomy 22:26,15,ܓܒܪܐ,,,,Peshitta,PESH
5,Deuteronomy,22,26,Deuteronomy 22:26,16,ܥܠ,,,,Peshitta,PESH
5,Deuteronomy,22,26,Deuteronomy 22:26,17,ܚܒܪܗ,,,,Peshitta,PESH
5,Deuteronomy,22,26,Deuteronomy 22:26,18,ܘܩ̇ܛܠ,,,,Peshitta,PESH
5,Deuteronomy,22,26,Deuteronomy 22:26,19,ܠܗ,,,,Peshitta,PESH
5,Deuteronomy,22,26,Deuteronomy 22:26,20,ܗܟܢܐ,,,,Peshitta,PESH
5,Deuteronomy,22,26,Deuteronomy 22:26,21,ܗܝ,,,,Peshitta,PESH
5,Deuteronomy,22,26,Deuteronomy 22:26,22,ܨܒܘܬܐ,,,,Peshitta,PESH
5,Deuteronomy,22,26,Deuteronomy 22:26,23,ܗܕܐ,,,,Peshitta,PESH
5,Deuteronomy,22,27,Deuteronomy 22:27,1,ܡܛܠ,,,,Peshitta,PESH
5,Deuteronomy,22,27,Deuteronomy 22:27,2,ܕܒܚܩܠܐ,,,,Peshitta,PESH
5,Deuteronomy,22,27,Deuteronomy 22:27,3,ܗܘ,,,,Peshitta,PESH
5,Deuteronomy,22,27,Deuteronomy 22:27,4,ܐܫܟܚܗ̇,,,,Peshitta,PESH
5,Deuteronomy,22,27,Deuteronomy 22:27,5,ܘܒܓܢܬ,,,,Peshitta,PESH
5,Deuteronomy,22,27,Deuteronomy 22:27,6,ܥܠܝܡܬܐ,,,,Peshitta,PESH
5,Deuteronomy,22,27,Deuteronomy 22:27,7,ܕܡܟܝܪܐ,,,,Peshitta,PESH
5,Deuteronomy,22,27,Deuteronomy 22:27,8,ܘܠܝܬ,,,,Peshitta,PESH
5,Deuteronomy,22,27,Deuteronomy 22:27,9,ܕܡܦܨܐ,,,,Peshitta,PESH
5,Deuteronomy,22,27,Deuteronomy 22:27,10,ܠܗ̇,,,,Peshitta,PESH
5,Deuteronomy,22,28,Deuteronomy 22:28,1,ܘܐܢ,,,,Peshitta,PESH
5,Deuteronomy,22,28,Deuteronomy 22:28,2,ܢܫܟܚ,,,,Peshitta,PESH
5,Deuteronomy,22,28,Deuteronomy 22:28,3,ܓܒܪܐ,,,,Peshitta,PESH
5,Deuteronomy,22,28,Deuteronomy 22:28,4,ܥܠܝܡܬܐ,,,,Peshitta,PESH
5,Deuteronomy,22,28,Deuteronomy 22:28,5,ܒܬܘܠܬܐ,,,,Peshitta,PESH
5,Deuteronomy,22,28,Deuteronomy 22:28,6,ܕܠܐ,,,,Peshitta,PESH
5,Deuteronomy,22,28,Deuteronomy 22:28,7,ܗܘܬ,,,,Peshitta,PESH
5,Deuteronomy,22,28,Deuteronomy 22:28,8,ܡܟܝܪܐ,,,,Peshitta,PESH
5,Deuteronomy,22,28,Deuteronomy 22:28,9,ܘܢܐܚܕܝܗ̇,,,,Peshitta,PESH
5,Deuteronomy,22,28,Deuteronomy 22:28,10,ܘܢܕܡܟ,,,,Peshitta,PESH
5,Deuteronomy,22,28,Deuteronomy 22:28,11,ܥܡܗ̇,,,,Peshitta,PESH
5,Deuteronomy,22,28,Deuteronomy 22:28,12,ܘܢܫܬܟܚܘܢ,,,,Peshitta,PESH
5,Deuteronomy,22,29,Deuteronomy 22:29,1,ܢܬܠ,,,,Peshitta,PESH
5,Deuteronomy,22,29,Deuteronomy 22:29,2,ܓܒܪܐ,,,,Peshitta,PESH
5,Deuteronomy,22,29,Deuteronomy 22:29,3,ܗ̇ܘ,,,,Peshitta,PESH
5,Deuteronomy,22,29,Deuteronomy 22:29,4,ܕܕܡܟ,,,,Peshitta,PESH
5,Deuteronomy,22,29,Deuteronomy 22:29,5,ܥܡܗ̇,,,,Peshitta,PESH
5,Deuteronomy,22,29,Deuteronomy 22:29,6,ܠܐܒܘܗ̇,,,,Peshitta,PESH
5,Deuteronomy,22,29,Deuteronomy 22:29,7,ܕܥܠܝܡܬܐ,,,,Peshitta,PESH
5,Deuteronomy,22,29,Deuteronomy 22:29,8,ܚܡܫܝܢ,,,,Peshitta,PESH
5,Deuteronomy,22,29,Deuteronomy 22:29,9,ܕܟܣܦܐ,,,,Peshitta,PESH
5,Deuteronomy,22,29,Deuteronomy 22:29,10,ܘܠܗ,,,,Peshitta,PESH
5,Deuteronomy,22,29,Deuteronomy 22:29,11,ܬܗܘܐ,,,,Peshitta,PESH
5,Deuteronomy,22,29,Deuteronomy 22:29,12,ܐܢܬܬܐ,,,,Peshitta,PESH
5,Deuteronomy,22,29,Deuteronomy 22:29,13,ܚܠܦ,,,,Peshitta,PESH
5,Deuteronomy,22,29,Deuteronomy 22:29,14,ܕܨܥܪܗ̇,,,,Peshitta,PESH
5,Deuteronomy,22,29,Deuteronomy 22:29,15,ܘܠܐ,,,,Peshitta,PESH
5,Deuteronomy,22,29,Deuteronomy 22:29,16,ܢܫܬܠܛ,,,,Peshitta,PESH
5,Deuteronomy,22,29,Deuteronomy 22:29,17,ܠܡܫܒܩܗ̇,,,,Peshitta,PESH
5,Deuteronomy,22,29,Deuteronomy 22:29,18,ܟܠ,,,,Peshitta,PESH
5,Deuteronomy,22,29,Deuteronomy 22:29,19,ܝܘܡ̈ܝ,,,,Peshitta,PESH
5,Deuteronomy,22,29,Deuteronomy 22:29,20,ܚ̈ܝܘܗܝ,,,,Peshitta,PESH
5,Deuteronomy,23,1,Deuteronomy 23:1,1,ܠܐ,,,,Peshitta,PESH
5,Deuteronomy,23,1,Deuteronomy 23:1,2,ܢܣܒ,,,,Peshitta,PESH
5,Deuteronomy,23,1,Deuteronomy 23:1,3,ܓܒܪܐ,,,,Peshitta,PESH
5,Deuteronomy,23,1,Deuteronomy 23:1,4,ܐܢܬܬ,,,,Peshitta,PESH
5,Deuteronomy,23,1,Deuteronomy 23:1,5,ܐܒܘܗܝ,,,,Peshitta,PESH
5,Deuteronomy,23,1,Deuteronomy 23:1,6,ܘܠܐ,,,,Peshitta,PESH
5,Deuteronomy,23,1,Deuteronomy 23:1,7,ܢܓܠܐ,,,,Peshitta,PESH
5,Deuteronomy,23,1,Deuteronomy 23:1,8,ܟܢܦܐ,,,,Peshitta,PESH
5,Deuteronomy,23,1,Deuteronomy 23:1,9,ܕܐܒܘܗܝ,,,,Peshitta,PESH
5,Deuteronomy,23,2,Deuteronomy 23:2,1,ܠܐ,,,,Peshitta,PESH
5,Deuteronomy,23,2,Deuteronomy 23:2,2,ܢܥܘܠ,,,,Peshitta,PESH
5,Deuteronomy,23,2,Deuteronomy 23:2,3,ܓܝܪܐ,,,,Peshitta,PESH
5,Deuteronomy,23,2,Deuteronomy 23:2,4,ܠܟܢܘܫܬܗ,,,,Peshitta,PESH
5,Deuteronomy,23,2,Deuteronomy 23:2,5,ܕܡܪܝܐ,,,,Peshitta,PESH
5,Deuteronomy,23,3,Deuteronomy 23:3,1,ܘܠܐ,,,,Peshitta,PESH
5,Deuteronomy,23,3,Deuteronomy 23:3,2,ܢܥܘܠ,,,,Peshitta,PESH
5,Deuteronomy,23,3,Deuteronomy 23:3,3,ܒܪ,,,,Peshitta,PESH
5,Deuteronomy,23,3,Deuteronomy 23:3,4,ܓܘܪ̈ܐ,,,,Peshitta,PESH
5,Deuteronomy,23,3,Deuteronomy 23:3,5,ܠܟܢܘܫܬܗ,,,,Peshitta,PESH
5,Deuteronomy,23,3,Deuteronomy 23:3,6,ܕܡܪܝܐ,,,,Peshitta,PESH
5,Deuteronomy,23,3,Deuteronomy 23:3,7,ܐܦ,,,,Peshitta,PESH
5,Deuteronomy,23,3,Deuteronomy 23:3,8,ܠܐ,,,,Peshitta,PESH
5,Deuteronomy,23,3,Deuteronomy 23:3,9,ܥܠ,,,,Peshitta,PESH
5,Deuteronomy,23,3,Deuteronomy 23:3,10,ܥܣܪܐ,,,,Peshitta,PESH
5,Deuteronomy,23,3,Deuteronomy 23:3,11,ܕܪ̈ܝܢ,,,,Peshitta,PESH
5,Deuteronomy,23,3,Deuteronomy 23:3,12,ܢܥܘܠ,,,,Peshitta,PESH
5,Deuteronomy,23,3,Deuteronomy 23:3,13,ܠܟܢܘܫܬܗ,,,,Peshitta,PESH
5,Deuteronomy,23,3,Deuteronomy 23:3,14,ܕܡܪܝܐ,,,,Peshitta,PESH
5,Deuteronomy,23,4,Deuteronomy 23:4,1,ܠܐ,,,,Peshitta,PESH
5,Deuteronomy,23,4,Deuteronomy 23:4,2,ܢܥܘܠ,,,,Peshitta,PESH
5,Deuteronomy,23,4,Deuteronomy 23:4,3,ܥܡܘܢܝܐ,,,,Peshitta,PESH
5,Deuteronomy,23,4,Deuteronomy 23:4,4,ܘܡܘܐܒܝܐ,,,,Peshitta,PESH
5,Deuteronomy,23,4,Deuteronomy 23:4,5,ܠܟܢܘܫܬܗ,,,,Peshitta,PESH
5,Deuteronomy,23,4,Deuteronomy 23:4,6,ܕܡܪܝܐ,,,,Peshitta,PESH
5,Deuteronomy,23,4,Deuteronomy 23:4,7,ܐܦ,,,,Peshitta,PESH
5,Deuteronomy,23,4,Deuteronomy 23:4,8,ܠܐ,,,,Peshitta,PESH
5,Deuteronomy,23,4,Deuteronomy 23:4,9,ܠܕܪܐ,,,,Peshitta,PESH
5,Deuteronomy,23,4,Deuteronomy 23:4,10,ܥܣܝܪܝܐ,,,,Peshitta,PESH
5,Deuteronomy,23,4,Deuteronomy 23:4,11,ܢܥܠܘܢ,,,,Peshitta,PESH
5,Deuteronomy,23,4,Deuteronomy 23:4,12,ܠܟܢܘܫܬܗ,,,,Peshitta,PESH
5,Deuteronomy,23,4,Deuteronomy 23:4,13,ܕܡܪܝܐ,,,,Peshitta,PESH
5,Deuteronomy,23,4,Deuteronomy 23:4,14,ܠܥܠܡ,,,,Peshitta,PESH
5,Deuteronomy,23,5,Deuteronomy 23:5,1,ܥܠ,,,,Peshitta,PESH
5,Deuteronomy,23,5,Deuteronomy 23:5,2,ܕܠܐ,,,,Peshitta,PESH
5,Deuteronomy,23,5,Deuteronomy 23:5,3,ܩܪܒܘ,,,,Peshitta,PESH
5,Deuteronomy,23,5,Deuteronomy 23:5,4,ܠܟܘܢ,,,,Peshitta,PESH
5,Deuteronomy,23,5,Deuteronomy 23:5,5,ܠܚܡܐ,,,,Peshitta,PESH
5,Deuteronomy,23,5,Deuteronomy 23:5,6,ܘܡ̈ܝܐ,,,,Peshitta,PESH
5,Deuteronomy,23,5,Deuteronomy 23:5,7,ܒܐܘܪܚܐ,,,,Peshitta,PESH
5,Deuteronomy,23,5,Deuteronomy 23:5,8,ܟܕ,,,,Peshitta,PESH
5,Deuteronomy,23,5,Deuteronomy 23:5,9,ܢܦܩܬܘܢ,,,,Peshitta,PESH
5,Deuteronomy,23,5,Deuteronomy 23:5,10,ܡܢ,,,,Peshitta,PESH
5,Deuteronomy,23,5,Deuteronomy 23:5,11,ܡܨܪܝܢ,,,,Peshitta,PESH
5,Deuteronomy,23,5,Deuteronomy 23:5,12,ܘܥܠ,,,,Peshitta,PESH
5,Deuteronomy,23,5,Deuteronomy 23:5,13,ܕܐܓܪ,,,,Peshitta,PESH
5,Deuteronomy,23,5,Deuteronomy 23:5,14,ܥܠܝܟ,,,,Peshitta,PESH
5,Deuteronomy,23,5,Deuteronomy 23:5,15,ܠܒܠܥܡ,,,,Peshitta,PESH
5,Deuteronomy,23,5,Deuteronomy 23:5,16,ܒܪ,,,,Peshitta,PESH
5,Deuteronomy,23,5,Deuteronomy 23:5,17,ܒܥܘܪ,,,,Peshitta,PESH
5,Deuteronomy,23,5,Deuteronomy 23:5,18,ܡܢ,,,,Peshitta,PESH
5,Deuteronomy,23,5,Deuteronomy 23:5,19,ܦܝܬܘܪ,,,,Peshitta,PESH
5,Deuteronomy,23,5,Deuteronomy 23:5,20,ܕܐܪܡ,,,,Peshitta,PESH
5,Deuteronomy,23,5,Deuteronomy 23:5,21,ܢܗܪ̈ܝܢ,,,,Peshitta,PESH
5,Deuteronomy,23,5,Deuteronomy 23:5,22,ܠܡܠܛܟ,,,,Peshitta,PESH
5,Deuteronomy,23,6,Deuteronomy 23:6,1,ܘܠܐ,,,,Peshitta,PESH
5,Deuteronomy,23,6,Deuteronomy 23:6,2,ܨܒܐ,,,,Peshitta,PESH
5,Deuteronomy,23,6,Deuteronomy 23:6,3,ܡܪܝܐ,,,,Peshitta,PESH
5,Deuteronomy,23,6,Deuteronomy 23:6,4,ܐܠܗܟ,,,,Peshitta,PESH
5,Deuteronomy,23,6,Deuteronomy 23:6,5,ܠܡܫܡܥܗ,,,,Peshitta,PESH
5,Deuteronomy,23,6,Deuteronomy 23:6,6,ܠܒܠܥܡ,,,,Peshitta,PESH
5,Deuteronomy,23,6,Deuteronomy 23:6,7,ܘܐܗܦܟ,,,,Peshitta,PESH
5,Deuteronomy,23,6,Deuteronomy 23:6,8,ܐ̈ܢܝܢ,,,,Peshitta,PESH
5,Deuteronomy,23,6,Deuteronomy 23:6,9,ܡܪܝܐ,,,,Peshitta,PESH
5,Deuteronomy,23,6,Deuteronomy 23:6,10,ܐܠܗܟ,,,,Peshitta,PESH
5,Deuteronomy,23,6,Deuteronomy 23:6,11,ܠܘ̈ܛܬܗ,,,,Peshitta,PESH
5,Deuteronomy,23,6,Deuteronomy 23:6,12,ܠܒܘܪ̈ܟܬܐ,,,,Peshitta,PESH
5,Deuteronomy,23,6,Deuteronomy 23:6,13,ܡܛܠ,,,,Peshitta,PESH
5,Deuteronomy,23,6,Deuteronomy 23:6,14,ܕܪܚܡܟ,,,,Peshitta,PESH
5,Deuteronomy,23,6,Deuteronomy 23:6,15,ܡܪܝܐ,,,,Peshitta,PESH
5,Deuteronomy,23,6,Deuteronomy 23:6,16,ܐܠܗܟ,,,,Peshitta,PESH
5,Deuteronomy,23,7,Deuteronomy 23:7,1,ܠܐ,,,,Peshitta,PESH
5,Deuteronomy,23,7,Deuteronomy 23:7,2,ܬܨܒܐ,,,,Peshitta,PESH
5,Deuteronomy,23,7,Deuteronomy 23:7,3,ܠܫܠܡܗܘܢ,,,,Peshitta,PESH
5,Deuteronomy,23,7,Deuteronomy 23:7,4,ܘܠܛܒܬܗܘܢ,,,,Peshitta,PESH
5,Deuteronomy,23,7,Deuteronomy 23:7,5,ܟܘܠ,,,,Peshitta,PESH
5,Deuteronomy,23,7,Deuteronomy 23:7,6,ܝܘܡ̈ܝ,,,,Peshitta,PESH
5,Deuteronomy,23,7,Deuteronomy 23:7,7,ܚܝ̈ܝܟ,,,,Peshitta,PESH
5,Deuteronomy,23,7,Deuteronomy 23:7,8,ܠܥܠܡ,,,,Peshitta,PESH
5,Deuteronomy,23,8,Deuteronomy 23:8,1,ܠܐ,,,,Peshitta,PESH
5,Deuteronomy,23,8,Deuteronomy 23:8,2,ܬܕܚܩܝܘܗܝ,,,,Peshitta,PESH
5,Deuteronomy,23,8,Deuteronomy 23:8,3,ܠܐܕܘܡܝܐ,,,,Peshitta,PESH
5,Deuteronomy,23,8,Deuteronomy 23:8,4,ܡܛܠ,,,,Peshitta,PESH
5,Deuteronomy,23,8,Deuteronomy 23:8,5,ܕܐܚܘܟ,,,,Peshitta,PESH
5,Deuteronomy,23,8,Deuteronomy 23:8,6,ܗܘ,,,,Peshitta,PESH
5,Deuteronomy,23,8,Deuteronomy 23:8,7,ܘܠܐ,,,,Peshitta,PESH
5,Deuteronomy,23,8,Deuteronomy 23:8,8,ܬܕܚܩܝܘܗܝ,,,,Peshitta,PESH
5,Deuteronomy,23,8,Deuteronomy 23:8,9,ܠܡܨܪܝܐ,,,,Peshitta,PESH
5,Deuteronomy,23,8,Deuteronomy 23:8,10,ܡܛܠ,,,,Peshitta,PESH
5,Deuteronomy,23,8,Deuteronomy 23:8,11,ܕܥܡܘܪܐ,,,,Peshitta,PESH
5,Deuteronomy,23,8,Deuteronomy 23:8,12,ܗܘܝܬ,,,,Peshitta,PESH
5,Deuteronomy,23,8,Deuteronomy 23:8,13,ܒܐܪܥܗ,,,,Peshitta,PESH
5,Deuteronomy,23,9,Deuteronomy 23:9,1,ܒܢ̈ܝܐ,,,,Peshitta,PESH
5,Deuteronomy,23,9,Deuteronomy 23:9,2,ܕܡܬܝܠܕܝܢ,,,,Peshitta,PESH
5,Deuteronomy,23,9,Deuteronomy 23:9,3,ܠܗܘܢ,,,,Peshitta,PESH
5,Deuteronomy,23,9,Deuteronomy 23:9,4,ܒܕܪܐ,,,,Peshitta,PESH
5,Deuteronomy,23,9,Deuteronomy 23:9,5,ܬܠܝܬܝܐ,,,,Peshitta,PESH
5,Deuteronomy,23,9,Deuteronomy 23:9,6,ܢܥܠܘܢ,,,,Peshitta,PESH
5,Deuteronomy,23,9,Deuteronomy 23:9,7,ܠܟܢܘܫܬܗ,,,,Peshitta,PESH
5,Deuteronomy,23,9,Deuteronomy 23:9,8,ܕܡܪܝܐ,,,,Peshitta,PESH
5,Deuteronomy,23,10,Deuteronomy 23:10,1,ܘܟܕ,,,,Peshitta,PESH
5,Deuteronomy,23,10,Deuteronomy 23:10,2,ܬܦܘܩ,,,,Peshitta,PESH
5,Deuteronomy,23,10,Deuteronomy 23:10,3,ܒܡܫܪܝܬܐ,,,,Peshitta,PESH
5,Deuteronomy,23,10,Deuteronomy 23:10,4,ܥܠ,,,,Peshitta,PESH
5,Deuteronomy,23,10,Deuteronomy 23:10,5,ܒ̈ܥܠܕܒܒܝܟ,,,,Peshitta,PESH
5,Deuteronomy,23,10,Deuteronomy 23:10,6,ܐܙܕܗܪ,,,,Peshitta,PESH
5,Deuteronomy,23,10,Deuteronomy 23:10,7,ܡܢ,,,,Peshitta,PESH
5,Deuteronomy,23,10,Deuteronomy 23:10,8,ܟܠ,,,,Peshitta,PESH
5,Deuteronomy,23,10,Deuteronomy 23:10,9,ܡܕܡ,,,,Peshitta,PESH
5,Deuteronomy,23,10,Deuteronomy 23:10,10,ܕܒܝܫ,,,,Peshitta,PESH
5,Deuteronomy,23,11,Deuteronomy 23:11,1,ܘܐܢ,,,,Peshitta,PESH
5,Deuteronomy,23,11,Deuteronomy 23:11,2,ܢܗܘܐ,,,,Peshitta,PESH
5,Deuteronomy,23,11,Deuteronomy 23:11,3,ܒܟ,,,,Peshitta,PESH
5,Deuteronomy,23,11,Deuteronomy 23:11,4,ܓܒܪܐ,,,,Peshitta,PESH
5,Deuteronomy,23,11,Deuteronomy 23:11,5,ܕܠܐ,,,,Peshitta,PESH
5,Deuteronomy,23,11,Deuteronomy 23:11,6,ܗܘܐ,,,,Peshitta,PESH
5,Deuteronomy,23,11,Deuteronomy 23:11,7,ܕܟܐ,,,,Peshitta,PESH
5,Deuteronomy,23,11,Deuteronomy 23:11,8,ܡܢ,,,,Peshitta,PESH
5,Deuteronomy,23,11,Deuteronomy 23:11,9,ܩܪܝܐ,,,,Peshitta,PESH
5,Deuteronomy,23,11,Deuteronomy 23:11,10,ܕܠܠܝܐ,,,,Peshitta,PESH
5,Deuteronomy,23,11,Deuteronomy 23:11,11,ܢܦܘܩ,,,,Peshitta,PESH
5,Deuteronomy,23,11,Deuteronomy 23:11,12,ܠܗ,,,,Peshitta,PESH
5,Deuteronomy,23,11,Deuteronomy 23:11,13,ܠܒܪ,,,,Peshitta,PESH
5,Deuteronomy,23,11,Deuteronomy 23:11,14,ܡܢ,,,,Peshitta,PESH
5,Deuteronomy,23,11,Deuteronomy 23:11,15,ܡܫܪܝܬܐ,,,,Peshitta,PESH
5,Deuteronomy,23,11,Deuteronomy 23:11,16,ܘܠܐ,,,,Peshitta,PESH
5,Deuteronomy,23,11,Deuteronomy 23:11,17,ܢܥܘܠ,,,,Peshitta,PESH
5,Deuteronomy,23,11,Deuteronomy 23:11,18,ܠܓܘ,,,,Peshitta,PESH
5,Deuteronomy,23,11,Deuteronomy 23:11,19,ܡܫܪܝܬܐ,,,,Peshitta,PESH
5,Deuteronomy,23,12,Deuteronomy 23:12,1,ܘܠܥܕܢ,,,,Peshitta,PESH
5,Deuteronomy,23,12,Deuteronomy 23:12,2,ܪܡܫܐ,,,,Peshitta,PESH
5,Deuteronomy,23,12,Deuteronomy 23:12,3,ܢܣܚܐ,,,,Peshitta,PESH
5,Deuteronomy,23,12,Deuteronomy 23:12,4,ܒܡ̈ܝܐ,,,,Peshitta,PESH
5,Deuteronomy,23,12,Deuteronomy 23:12,5,ܘܡܐ,,,,Peshitta,PESH
5,Deuteronomy,23,12,Deuteronomy 23:12,6,ܕܥܪܒܬ,,,,Peshitta,PESH
5,Deuteronomy,23,12,Deuteronomy 23:12,7,ܫܡܫܐ,,,,Peshitta,PESH
5,Deuteronomy,23,12,Deuteronomy 23:12,8,ܢܥܘܠ,,,,Peshitta,PESH
5,Deuteronomy,23,12,Deuteronomy 23:12,9,ܠܓܘ,,,,Peshitta,PESH
5,Deuteronomy,23,12,Deuteronomy 23:12,10,ܡܫܪܝܬܐ,,,,Peshitta,PESH
5,Deuteronomy,23,13,Deuteronomy 23:13,1,ܘܐܬܪܐ,,,,Peshitta,PESH
5,Deuteronomy,23,13,Deuteronomy 23:13,2,ܢܗܘܐ,,,,Peshitta,PESH
5,Deuteronomy,23,13,Deuteronomy 23:13,3,ܝܕܝܥ,,,,Peshitta,PESH
5,Deuteronomy,23,13,Deuteronomy 23:13,4,ܠܟ,,,,Peshitta,PESH
5,Deuteronomy,23,13,Deuteronomy 23:13,5,ܠܒܪ,,,,Peshitta,PESH
5,Deuteronomy,23,13,Deuteronomy 23:13,6,ܡܢ,,,,Peshitta,PESH
5,Deuteronomy,23,13,Deuteronomy 23:13,7,ܡܫܪܝܬܐ,,,,Peshitta,PESH
5,Deuteronomy,23,13,Deuteronomy 23:13,8,ܘܦܘܩ,,,,Peshitta,PESH
5,Deuteronomy,23,13,Deuteronomy 23:13,9,ܬܡܢ,,,,Peshitta,PESH
5,Deuteronomy,23,13,Deuteronomy 23:13,10,ܠܡ̈ܝ,,,,Peshitta,PESH
5,Deuteronomy,23,13,Deuteronomy 23:13,11,ܪ̈ܓܠܝܟ,,,,Peshitta,PESH
5,Deuteronomy,23,14,Deuteronomy 23:14,1,ܘܣܟܬܐ,,,,Peshitta,PESH
5,Deuteronomy,23,14,Deuteronomy 23:14,2,ܬܗܘܐ,,,,Peshitta,PESH
5,Deuteronomy,23,14,Deuteronomy 23:14,3,ܠܟ,,,,Peshitta,PESH
5,Deuteronomy,23,14,Deuteronomy 23:14,4,ܥܠ,,,,Peshitta,PESH
5,Deuteronomy,23,14,Deuteronomy 23:14,5,ܙܝܢܟ,,,,Peshitta,PESH
5,Deuteronomy,23,14,Deuteronomy 23:14,6,ܘܡܐ,,,,Peshitta,PESH
5,Deuteronomy,23,14,Deuteronomy 23:14,7,ܕܝ̇ܬܒ,,,,Peshitta,PESH
5,Deuteronomy,23,14,Deuteronomy 23:14,8,ܐܢܬ,,,,Peshitta,PESH
5,Deuteronomy,23,14,Deuteronomy 23:14,9,ܠܡ̈ܝ,,,,Peshitta,PESH
5,Deuteronomy,23,14,Deuteronomy 23:14,10,ܪ̈ܓܠܝܟ,,,,Peshitta,PESH
5,Deuteronomy,23,14,Deuteronomy 23:14,11,ܗܘܝܬ,,,,Peshitta,PESH
5,Deuteronomy,23,14,Deuteronomy 23:14,12,ܚ̇ܦܪ,,,,Peshitta,PESH
5,Deuteronomy,23,14,Deuteronomy 23:14,13,ܒܗ̇,,,,Peshitta,PESH
5,Deuteronomy,23,14,Deuteronomy 23:14,14,ܘܗܘܝܬ,,,,Peshitta,PESH
5,Deuteronomy,23,14,Deuteronomy 23:14,15,ܡܟܣܐ,,,,Peshitta,PESH
5,Deuteronomy,23,14,Deuteronomy 23:14,16,ܬܒܬܟ,,,,Peshitta,PESH
5,Deuteronomy,23,15,Deuteronomy 23:15,1,ܡܛܠ,,,,Peshitta,PESH
5,Deuteronomy,23,15,Deuteronomy 23:15,2,ܕܡܪܝܐ,,,,Peshitta,PESH
5,Deuteronomy,23,15,Deuteronomy 23:15,3,ܐܠܗܟ,,,,Peshitta,PESH
5,Deuteronomy,23,15,Deuteronomy 23:15,4,ܡܗܠܟ,,,,Peshitta,PESH
5,Deuteronomy,23,15,Deuteronomy 23:15,5,ܒܓܘ,,,,Peshitta,PESH
5,Deuteronomy,23,15,Deuteronomy 23:15,6,ܡܫܪܝܬܟ,,,,Peshitta,PESH
5,Deuteronomy,23,15,Deuteronomy 23:15,7,ܕܢܦܨܝܟ,,,,Peshitta,PESH
5,Deuteronomy,23,15,Deuteronomy 23:15,8,ܘܢܫܠܡ,,,,Peshitta,PESH
5,Deuteronomy,23,15,Deuteronomy 23:15,9,ܒ̈ܥܠܕܒܒܝܟ,,,,Peshitta,PESH
5,Deuteronomy,23,15,Deuteronomy 23:15,10,ܩܕܡܝܟ,,,,Peshitta,PESH
5,Deuteronomy,23,15,Deuteronomy 23:15,11,ܘܬܗܘܐ,,,,Peshitta,PESH
5,Deuteronomy,23,15,Deuteronomy 23:15,12,ܡܫܪܝܬܟ,,,,Peshitta,PESH
5,Deuteronomy,23,15,Deuteronomy 23:15,13,ܩܕܝܫܐ,,,,Peshitta,PESH
5,Deuteronomy,23,15,Deuteronomy 23:15,14,ܕܠܐ,,,,Peshitta,PESH
5,Deuteronomy,23,15,Deuteronomy 23:15,15,ܢܚܙܐ,,,,Peshitta,PESH
5,Deuteronomy,23,15,Deuteronomy 23:15,16,ܒܟ,,,,Peshitta,PESH
5,Deuteronomy,23,15,Deuteronomy 23:15,17,ܨܒܘܬܐ,,,,Peshitta,PESH
5,Deuteronomy,23,15,Deuteronomy 23:15,18,ܕܡܦܪܣܝܐ,,,,Peshitta,PESH
5,Deuteronomy,23,15,Deuteronomy 23:15,19,ܘܢܗܦܘܟ,,,,Peshitta,PESH
5,Deuteronomy,23,15,Deuteronomy 23:15,20,ܠܗ,,,,Peshitta,PESH
5,Deuteronomy,23,15,Deuteronomy 23:15,21,ܡܢܟܘܢ,,,,Peshitta,PESH
5,Deuteronomy,23,16,Deuteronomy 23:16,1,ܠܐ,,,,Peshitta,PESH
5,Deuteronomy,23,16,Deuteronomy 23:16,2,ܬܫܠܡ,,,,Peshitta,PESH
5,Deuteronomy,23,16,Deuteronomy 23:16,3,ܥܒܕܐ,,,,Peshitta,PESH
5,Deuteronomy,23,16,Deuteronomy 23:16,4,ܠܡܪܗ,,,,Peshitta,PESH
5,Deuteronomy,23,16,Deuteronomy 23:16,5,ܕܥ̇ܪܩ,,,,Peshitta,PESH
5,Deuteronomy,23,16,Deuteronomy 23:16,6,ܠܘܬܟ,,,,Peshitta,PESH
5,Deuteronomy,23,16,Deuteronomy 23:16,7,ܡܢ,,,,Peshitta,PESH
5,Deuteronomy,23,16,Deuteronomy 23:16,8,ܡܪܗ,,,,Peshitta,PESH
5,Deuteronomy,23,17,Deuteronomy 23:17,1,ܐܠܐ,,,,Peshitta,PESH
5,Deuteronomy,23,17,Deuteronomy 23:17,2,ܥܡܟ,,,,Peshitta,PESH
5,Deuteronomy,23,17,Deuteronomy 23:17,3,ܢܬܒ,,,,Peshitta,PESH
5,Deuteronomy,23,17,Deuteronomy 23:17,4,ܒܐܬܪܐ,,,,Peshitta,PESH
5,Deuteronomy,23,17,Deuteronomy 23:17,5,ܕܨ̇ܒܐ,,,,Peshitta,PESH
5,Deuteronomy,23,17,Deuteronomy 23:17,6,ܒܚܕܐ,,,,Peshitta,PESH
5,Deuteronomy,23,17,Deuteronomy 23:17,7,ܡܢ,,,,Peshitta,PESH
5,Deuteronomy,23,17,Deuteronomy 23:17,8,ܩܘܪ̈ܝܟ,,,,Peshitta,PESH
5,Deuteronomy,23,17,Deuteronomy 23:17,9,ܐܬܪ,,,,Peshitta,PESH
5,Deuteronomy,23,17,Deuteronomy 23:17,10,ܕܫܦܝܪ,,,,Peshitta,PESH
5,Deuteronomy,23,17,Deuteronomy 23:17,11,ܠܗ,,,,Peshitta,PESH
5,Deuteronomy,23,17,Deuteronomy 23:17,12,ܘܠܐ,,,,Peshitta,PESH
5,Deuteronomy,23,17,Deuteronomy 23:17,13,ܬܥܠܒܝܘܗܝ,,,,Peshitta,PESH
5,Deuteronomy,23,18,Deuteronomy 23:18,1,ܠܐ,,,,Peshitta,PESH
5,Deuteronomy,23,18,Deuteronomy 23:18,2,ܬܗܘܐ,,,,Peshitta,PESH
5,Deuteronomy,23,18,Deuteronomy 23:18,3,ܙܢܝܬܐ,,,,Peshitta,PESH
5,Deuteronomy,23,18,Deuteronomy 23:18,4,ܡܢ,,,,Peshitta,PESH
5,Deuteronomy,23,18,Deuteronomy 23:18,5,ܒܢ̈ܬ,,,,Peshitta,PESH
5,Deuteronomy,23,18,Deuteronomy 23:18,6,ܐܝܣܪܝܠ,,,,Peshitta,PESH
5,Deuteronomy,23,18,Deuteronomy 23:18,7,ܘܐܦ,,,,Peshitta,PESH
5,Deuteronomy,23,18,Deuteronomy 23:18,8,ܠܐ,,,,Peshitta,PESH
5,Deuteronomy,23,18,Deuteronomy 23:18,9,ܢܗܘܐ,,,,Peshitta,PESH
5,Deuteronomy,23,18,Deuteronomy 23:18,10,ܕܡ̇ܙܢܐ,,,,Peshitta,PESH
5,Deuteronomy,23,18,Deuteronomy 23:18,11,ܡܢ,,,,Peshitta,PESH
5,Deuteronomy,23,18,Deuteronomy 23:18,12,ܒܢ̈ܝ,,,,Peshitta,PESH
5,Deuteronomy,23,18,Deuteronomy 23:18,13,ܐܝܣܪܝܠ,,,,Peshitta,PESH
5,Deuteronomy,23,19,Deuteronomy 23:19,1,ܠܐ,,,,Peshitta,PESH
5,Deuteronomy,23,19,Deuteronomy 23:19,2,ܬܥܠ,,,,Peshitta,PESH
5,Deuteronomy,23,19,Deuteronomy 23:19,3,ܐܓܪ,,,,Peshitta,PESH
5,Deuteronomy,23,19,Deuteronomy 23:19,4,ܙܢܝܬܐ,,,,Peshitta,PESH
5,Deuteronomy,23,19,Deuteronomy 23:19,5,ܘܕܡ̈ܝ,,,,Peshitta,PESH
5,Deuteronomy,23,19,Deuteronomy 23:19,6,ܟܠܒܐ,,,,Peshitta,PESH
5,Deuteronomy,23,19,Deuteronomy 23:19,7,ܠܒܝܬܗ,,,,Peshitta,PESH
5,Deuteronomy,23,19,Deuteronomy 23:19,8,ܕܡܪܝܐ,,,,Peshitta,PESH
5,Deuteronomy,23,19,Deuteronomy 23:19,9,ܐܠܗܟ,,,,Peshitta,PESH
5,Deuteronomy,23,19,Deuteronomy 23:19,10,ܠܟܠ,,,,Peshitta,PESH
5,Deuteronomy,23,19,Deuteronomy 23:19,11,ܢܕܪ,,,,Peshitta,PESH
5,Deuteronomy,23,19,Deuteronomy 23:19,12,ܡܛܠ,,,,Peshitta,PESH
5,Deuteronomy,23,19,Deuteronomy 23:19,13,ܕܛܡܐܝܢ,,,,Peshitta,PESH
5,Deuteronomy,23,19,Deuteronomy 23:19,14,ܐܢܘܢ,,,,Peshitta,PESH
5,Deuteronomy,23,19,Deuteronomy 23:19,15,ܩܕܡ,,,,Peshitta,PESH
5,Deuteronomy,23,19,Deuteronomy 23:19,16,ܡܪܝܐ,,,,Peshitta,PESH
5,Deuteronomy,23,19,Deuteronomy 23:19,17,ܐܠܗܟ,,,,Peshitta,PESH
5,Deuteronomy,23,19,Deuteronomy 23:19,18,ܬܪ̈ܝܗܘܢ,,,,Peshitta,PESH
5,Deuteronomy,23,20,Deuteronomy 23:20,1,ܠܐ,,,,Peshitta,PESH
5,Deuteronomy,23,20,Deuteronomy 23:20,2,ܬܪܒܐ,,,,Peshitta,PESH
5,Deuteronomy,23,20,Deuteronomy 23:20,3,ܥܠ,,,,Peshitta,PESH
5,Deuteronomy,23,20,Deuteronomy 23:20,4,ܐܚܘܟ,,,,Peshitta,PESH
5,Deuteronomy,23,20,Deuteronomy 23:20,5,ܪܒܝܬܐ,,,,Peshitta,PESH
5,Deuteronomy,23,20,Deuteronomy 23:20,6,ܕܟܣܦܐ,,,,Peshitta,PESH
5,Deuteronomy,23,20,Deuteronomy 23:20,7,ܘܪܒܝܬܐ,,,,Peshitta,PESH
5,Deuteronomy,23,20,Deuteronomy 23:20,8,ܕܥܒܘܪܐ,,,,Peshitta,PESH
5,Deuteronomy,23,20,Deuteronomy 23:20,9,ܘܪܒܝܬܐ,,,,Peshitta,PESH
5,Deuteronomy,23,20,Deuteronomy 23:20,10,ܕܟܠ,,,,Peshitta,PESH
5,Deuteronomy,23,20,Deuteronomy 23:20,11,ܡܕܡ,,,,Peshitta,PESH
5,Deuteronomy,23,20,Deuteronomy 23:20,12,ܕܪܒܐ,,,,Peshitta,PESH
5,Deuteronomy,23,21,Deuteronomy 23:21,1,ܥܠ,,,,Peshitta,PESH
5,Deuteronomy,23,21,Deuteronomy 23:21,2,ܢܘܟܪܝܐ,,,,Peshitta,PESH
5,Deuteronomy,23,21,Deuteronomy 23:21,3,ܪܒܐ,,,,Peshitta,PESH
5,Deuteronomy,23,21,Deuteronomy 23:21,4,ܘܥܠ,,,,Peshitta,PESH
5,Deuteronomy,23,21,Deuteronomy 23:21,5,ܐܚܘܟ,,,,Peshitta,PESH
5,Deuteronomy,23,21,Deuteronomy 23:21,6,ܠܐ,,,,Peshitta,PESH
5,Deuteronomy,23,21,Deuteronomy 23:21,7,ܬܪܒܐ,,,,Peshitta,PESH
5,Deuteronomy,23,21,Deuteronomy 23:21,8,ܕܢܒܪܟܟ,,,,Peshitta,PESH
5,Deuteronomy,23,21,Deuteronomy 23:21,9,ܡܪܝܐ,,,,Peshitta,PESH
5,Deuteronomy,23,21,Deuteronomy 23:21,10,ܐܠܗܟ,,,,Peshitta,PESH
5,Deuteronomy,23,21,Deuteronomy 23:21,11,ܒܟܘܠ,,,,Peshitta,PESH
5,Deuteronomy,23,21,Deuteronomy 23:21,12,ܡܕܡ,,,,Peshitta,PESH
5,Deuteronomy,23,21,Deuteronomy 23:21,13,ܕܡܘܫܛ,,,,Peshitta,PESH
5,Deuteronomy,23,21,Deuteronomy 23:21,14,ܐܢܬ,,,,Peshitta,PESH
5,Deuteronomy,23,21,Deuteronomy 23:21,15,ܐܝܕܟ,,,,Peshitta,PESH
5,Deuteronomy,23,21,Deuteronomy 23:21,16,ܒܐܪܥܐ,,,,Peshitta,PESH
5,Deuteronomy,23,21,Deuteronomy 23:21,17,ܕܥ̇ܐܠ,,,,Peshitta,PESH
5,Deuteronomy,23,21,Deuteronomy 23:21,18,ܐܢܬ,,,,Peshitta,PESH
5,Deuteronomy,23,21,Deuteronomy 23:21,19,ܠܗ̇,,,,Peshitta,PESH
5,Deuteronomy,23,21,Deuteronomy 23:21,20,ܠܡܐܪܬܗ̇,,,,Peshitta,PESH
5,Deuteronomy,23,22,Deuteronomy 23:22,1,ܘܐܢ,,,,Peshitta,PESH
5,Deuteronomy,23,22,Deuteronomy 23:22,2,ܢ̇ܕܪ,,,,Peshitta,PESH
5,Deuteronomy,23,22,Deuteronomy 23:22,3,ܐܢܬ,,,,Peshitta,PESH
5,Deuteronomy,23,22,Deuteronomy 23:22,4,ܢܕܪܐ,,,,Peshitta,PESH
5,Deuteronomy,23,22,Deuteronomy 23:22,5,ܠܡܪܝܐ,,,,Peshitta,PESH
5,Deuteronomy,23,22,Deuteronomy 23:22,6,ܐܠܗܟ,,,,Peshitta,PESH
5,Deuteronomy,23,22,Deuteronomy 23:22,7,ܠܐ,,,,Peshitta,PESH
5,Deuteronomy,23,22,Deuteronomy 23:22,8,ܬܫܘܚܪ,,,,Peshitta,PESH
5,Deuteronomy,23,22,Deuteronomy 23:22,9,ܠܡܦܪܥܗ,,,,Peshitta,PESH
5,Deuteronomy,23,22,Deuteronomy 23:22,10,ܡܛܘܠ,,,,Peshitta,PESH
5,Deuteronomy,23,22,Deuteronomy 23:22,11,ܕܡܬܒܥ,,,,Peshitta,PESH
5,Deuteronomy,23,22,Deuteronomy 23:22,12,ܬܒ̇ܥ,,,,Peshitta,PESH
5,Deuteronomy,23,22,Deuteronomy 23:22,13,ܠܗ,,,,Peshitta,PESH
5,Deuteronomy,23,22,Deuteronomy 23:22,14,ܡܪܝܐ,,,,Peshitta,PESH
5,Deuteronomy,23,22,Deuteronomy 23:22,15,ܡܢܟ,,,,Peshitta,PESH
5,Deuteronomy,23,22,Deuteronomy 23:22,16,ܘܗ̇ܘܐ,,,,Peshitta,PESH
5,Deuteronomy,23,22,Deuteronomy 23:22,17,ܥܠܝܟ,,,,Peshitta,PESH
5,Deuteronomy,23,22,Deuteronomy 23:22,18,ܚܛܗܐ,,,,Peshitta,PESH
5,Deuteronomy,23,23,Deuteronomy 23:23,1,ܘܐܢ,,,,Peshitta,PESH
5,Deuteronomy,23,23,Deuteronomy 23:23,2,ܠܐ,,,,Peshitta,PESH
5,Deuteronomy,23,23,Deuteronomy 23:23,3,ܨ̇ܒܐ,,,,Peshitta,PESH
5,Deuteronomy,23,23,Deuteronomy 23:23,4,ܐܢܬ,,,,Peshitta,PESH
5,Deuteronomy,23,23,Deuteronomy 23:23,5,ܠܡܕܪ,,,,Peshitta,PESH
5,Deuteronomy,23,23,Deuteronomy 23:23,6,ܠܐ,,,,Peshitta,PESH
5,Deuteronomy,23,23,Deuteronomy 23:23,7,ܗ̇ܘܐ,,,,Peshitta,PESH
5,Deuteronomy,23,23,Deuteronomy 23:23,8,ܥܠܝܟ,,,,Peshitta,PESH
5,Deuteronomy,23,23,Deuteronomy 23:23,9,ܚܛܗܐ,,,,Peshitta,PESH
5,Deuteronomy,23,24,Deuteronomy 23:24,1,ܡܕܡ,,,,Peshitta,PESH
5,Deuteronomy,23,24,Deuteronomy 23:24,2,ܕܢ̇ܦܩ,,,,Peshitta,PESH
5,Deuteronomy,23,24,Deuteronomy 23:24,3,ܡܢ,,,,Peshitta,PESH
5,Deuteronomy,23,24,Deuteronomy 23:24,4,ܣ̈ܦܘܬܟ,,,,Peshitta,PESH
5,Deuteronomy,23,24,Deuteronomy 23:24,5,ܛܪ,,,,Peshitta,PESH
5,Deuteronomy,23,24,Deuteronomy 23:24,6,ܘܥܒܕ,,,,Peshitta,PESH
5,Deuteronomy,23,24,Deuteronomy 23:24,7,ܐܝܟ,,,,Peshitta,PESH
5,Deuteronomy,23,24,Deuteronomy 23:24,8,ܕܢܕܪܬ,,,,Peshitta,PESH
5,Deuteronomy,23,24,Deuteronomy 23:24,9,ܠܡܪܝܐ,,,,Peshitta,PESH
5,Deuteronomy,23,24,Deuteronomy 23:24,10,ܐܠܗܟ,,,,Peshitta,PESH
5,Deuteronomy,23,24,Deuteronomy 23:24,11,ܦܘܪܫܢܐ,,,,Peshitta,PESH
5,Deuteronomy,23,24,Deuteronomy 23:24,12,ܕܡܠܠܬ,,,,Peshitta,PESH
5,Deuteronomy,23,24,Deuteronomy 23:24,13,ܒܦܘܡܟ,,,,Peshitta,PESH
5,Deuteronomy,23,25,Deuteronomy 23:25,1,ܘܡܐ,,,,Peshitta,PESH
5,Deuteronomy,23,25,Deuteronomy 23:25,2,ܕܥ̇ܐܠ,,,,Peshitta,PESH
5,Deuteronomy,23,25,Deuteronomy 23:25,3,ܐܢܬ,,,,Peshitta,PESH
5,Deuteronomy,23,25,Deuteronomy 23:25,4,ܠܟܪܡܐ,,,,Peshitta,PESH
5,Deuteronomy,23,25,Deuteronomy 23:25,5,ܕܚܒܪܟ,,,,Peshitta,PESH
5,Deuteronomy,23,25,Deuteronomy 23:25,6,ܐܟܘܠ,,,,Peshitta,PESH
5,Deuteronomy,23,25,Deuteronomy 23:25,7,ܥܢ̈ܒܐ,,,,Peshitta,PESH
5,Deuteronomy,23,25,Deuteronomy 23:25,8,ܥܕܡܐ,,,,Peshitta,PESH
5,Deuteronomy,23,25,Deuteronomy 23:25,9,ܕܣ̇ܒܥܐ,,,,Peshitta,PESH
5,Deuteronomy,23,25,Deuteronomy 23:25,10,ܢܦܫܟ,,,,Peshitta,PESH
5,Deuteronomy,23,25,Deuteronomy 23:25,11,ܘܒܡܐܢܟ,,,,Peshitta,PESH
5,Deuteronomy,23,25,Deuteronomy 23:25,12,ܠܐ,,,,Peshitta,PESH
5,Deuteronomy,23,25,Deuteronomy 23:25,13,ܬܪܡܐ,,,,Peshitta,PESH
5,Deuteronomy,23,26,Deuteronomy 23:26,1,ܘܡܐ,,,,Peshitta,PESH
5,Deuteronomy,23,26,Deuteronomy 23:26,2,ܕܥ̇ܐܠ,,,,Peshitta,PESH
5,Deuteronomy,23,26,Deuteronomy 23:26,3,ܐܢܬ,,,,Peshitta,PESH
5,Deuteronomy,23,26,Deuteronomy 23:26,4,ܠܩܝܡܬܐ,,,,Peshitta,PESH
5,Deuteronomy,23,26,Deuteronomy 23:26,5,ܕܚܒܪܟ,,,,Peshitta,PESH
5,Deuteronomy,23,26,Deuteronomy 23:26,6,ܡܠܘܓ,,,,Peshitta,PESH
5,Deuteronomy,23,26,Deuteronomy 23:26,7,ܫܒ̈ܠܐ,,,,Peshitta,PESH
5,Deuteronomy,23,26,Deuteronomy 23:26,8,ܒܐܝܕܟ,,,,Peshitta,PESH
5,Deuteronomy,23,26,Deuteronomy 23:26,9,ܘܡܓܠܐ,,,,Peshitta,PESH
5,Deuteronomy,23,26,Deuteronomy 23:26,10,ܠܐ,,,,Peshitta,PESH
5,Deuteronomy,23,26,Deuteronomy 23:26,11,ܬܢܝܦ,,,,Peshitta,PESH
5,Deuteronomy,23,26,Deuteronomy 23:26,12,ܥܠ,,,,Peshitta,PESH
5,Deuteronomy,23,26,Deuteronomy 23:26,13,ܩܝܡܬܐ,,,,Peshitta,PESH
5,Deuteronomy,23,26,Deuteronomy 23:26,14,ܕܚܒܪܟ,,,,Peshitta,PESH
5,Deuteronomy,24,1,Deuteronomy 24:1,1,ܘܐܢ,,,,Peshitta,PESH
5,Deuteronomy,24,1,Deuteronomy 24:1,2,ܢܣܒ,,,,Peshitta,PESH
5,Deuteronomy,24,1,Deuteronomy 24:1,3,ܓܒܪܐ,,,,Peshitta,PESH
5,Deuteronomy,24,1,Deuteronomy 24:1,4,ܐܢܬܬܐ,,,,Peshitta,PESH
5,Deuteronomy,24,1,Deuteronomy 24:1,5,ܘܢܕܡܟ,,,,Peshitta,PESH
5,Deuteronomy,24,1,Deuteronomy 24:1,6,ܥܡܗ̇,,,,Peshitta,PESH
5,Deuteronomy,24,1,Deuteronomy 24:1,7,ܐܠܐ,,,,Peshitta,PESH
5,Deuteronomy,24,1,Deuteronomy 24:1,8,ܐܫܟܚܬ,,,,Peshitta,PESH
5,Deuteronomy,24,1,Deuteronomy 24:1,9,ܪ̈ܚܡܐ,,,,Peshitta,PESH
5,Deuteronomy,24,1,Deuteronomy 24:1,10,ܩܕܡܘܗܝ,,,,Peshitta,PESH
5,Deuteronomy,24,1,Deuteronomy 24:1,11,ܥܠ,,,,Peshitta,PESH
5,Deuteronomy,24,1,Deuteronomy 24:1,12,ܕܐܫܟܚ,,,,Peshitta,PESH
5,Deuteronomy,24,1,Deuteronomy 24:1,13,ܒܗ̇,,,,Peshitta,PESH
5,Deuteronomy,24,1,Deuteronomy 24:1,14,ܨܒܘܬܐ,,,,Peshitta,PESH
5,Deuteronomy,24,1,Deuteronomy 24:1,15,ܕܡܦܪܣܝܐ,,,,Peshitta,PESH
5,Deuteronomy,24,1,Deuteronomy 24:1,16,ܢܟܬܘܒ,,,,Peshitta,PESH
5,Deuteronomy,24,1,Deuteronomy 24:1,17,ܠܗ̇,,,,Peshitta,PESH
5,Deuteronomy,24,1,Deuteronomy 24:1,18,ܟܬܒܐ,,,,Peshitta,PESH
5,Deuteronomy,24,1,Deuteronomy 24:1,19,ܕܫܘܒܩܢܐ,,,,Peshitta,PESH
5,Deuteronomy,24,1,Deuteronomy 24:1,20,ܘܢܬܠ,,,,Peshitta,PESH
5,Deuteronomy,24,1,Deuteronomy 24:1,21,ܠܗ̇,,,,Peshitta,PESH
5,Deuteronomy,24,1,Deuteronomy 24:1,22,ܘܢܫܪܝܗ̇,,,,Peshitta,PESH
5,Deuteronomy,24,2,Deuteronomy 24:2,1,ܘܬܦܘܩ,,,,Peshitta,PESH
5,Deuteronomy,24,2,Deuteronomy 24:2,2,ܡܢ,,,,Peshitta,PESH
5,Deuteronomy,24,2,Deuteronomy 24:2,3,ܒܝܬܗ,,,,Peshitta,PESH
5,Deuteronomy,24,2,Deuteronomy 24:2,4,ܘܐܢ,,,,Peshitta,PESH
5,Deuteronomy,24,2,Deuteronomy 24:2,5,ܬܐܙܠ,,,,Peshitta,PESH
5,Deuteronomy,24,2,Deuteronomy 24:2,6,ܘܬܗܘܐ,,,,Peshitta,PESH
5,Deuteronomy,24,2,Deuteronomy 24:2,7,ܠܓܒܪܐ,,,,Peshitta,PESH
5,Deuteronomy,24,2,Deuteronomy 24:2,8,ܐܚܪܢܐ,,,,Peshitta,PESH
5,Deuteronomy,24,3,Deuteronomy 24:3,1,ܘܢܣܢܝܗ̇,,,,Peshitta,PESH
5,Deuteronomy,24,3,Deuteronomy 24:3,2,ܓܒܪܐ,,,,Peshitta,PESH
5,Deuteronomy,24,3,Deuteronomy 24:3,3,ܐܚܪܢܐ,,,,Peshitta,PESH
5,Deuteronomy,24,3,Deuteronomy 24:3,4,ܘܢܟܬܘܒ,,,,Peshitta,PESH
5,Deuteronomy,24,3,Deuteronomy 24:3,5,ܠܗ̇,,,,Peshitta,PESH
5,Deuteronomy,24,3,Deuteronomy 24:3,6,ܟܬܒܐ,,,,Peshitta,PESH
5,Deuteronomy,24,3,Deuteronomy 24:3,7,ܕܫܘܒܩܢܐ,,,,Peshitta,PESH
5,Deuteronomy,24,3,Deuteronomy 24:3,8,ܘܢܬܠ,,,,Peshitta,PESH
5,Deuteronomy,24,3,Deuteronomy 24:3,9,ܠܗ̇,,,,Peshitta,PESH
5,Deuteronomy,24,3,Deuteronomy 24:3,10,ܘܢܫܪܝܗ̇,,,,Peshitta,PESH
5,Deuteronomy,24,3,Deuteronomy 24:3,11,ܡܢ,,,,Peshitta,PESH
5,Deuteronomy,24,3,Deuteronomy 24:3,12,ܒܝܬܗ,,,,Peshitta,PESH
5,Deuteronomy,24,3,Deuteronomy 24:3,13,ܐܘ,,,,Peshitta,PESH
5,Deuteronomy,24,3,Deuteronomy 24:3,14,ܐܢ,,,,Peshitta,PESH
5,Deuteronomy,24,3,Deuteronomy 24:3,15,ܢܡܘܬ,,,,Peshitta,PESH
5,Deuteronomy,24,3,Deuteronomy 24:3,16,ܓܒܪܐ,,,,Peshitta,PESH
5,Deuteronomy,24,3,Deuteronomy 24:3,17,ܐܚܪܢܐ,,,,Peshitta,PESH
5,Deuteronomy,24,3,Deuteronomy 24:3,18,ܕܢܣܒܗ̇,,,,Peshitta,PESH
5,Deuteronomy,24,4,Deuteronomy 24:4,1,ܠܐ,,,,Peshitta,PESH
5,Deuteronomy,24,4,Deuteronomy 24:4,2,ܫܠܝܛ,,,,Peshitta,PESH
5,Deuteronomy,24,4,Deuteronomy 24:4,3,ܠܗ,,,,Peshitta,PESH
5,Deuteronomy,24,4,Deuteronomy 24:4,4,ܠܒܥܠܗ̇,,,,Peshitta,PESH
5,Deuteronomy,24,4,Deuteronomy 24:4,5,ܩܕܡܝܐ,,,,Peshitta,PESH
5,Deuteronomy,24,4,Deuteronomy 24:4,6,ܕܫܒܩܗ̇,,,,Peshitta,PESH
5,Deuteronomy,24,4,Deuteronomy 24:4,7,ܕܢܚܕܪ,,,,Peshitta,PESH
5,Deuteronomy,24,4,Deuteronomy 24:4,8,ܢܣܒܝܗ̇,,,,Peshitta,PESH
5,Deuteronomy,24,4,Deuteronomy 24:4,9,ܒܬܪ,,,,Peshitta,PESH
5,Deuteronomy,24,4,Deuteronomy 24:4,10,ܕܐܬܛܡܐܬ,,,,Peshitta,PESH
5,Deuteronomy,24,4,Deuteronomy 24:4,11,ܡܛܠ,,,,Peshitta,PESH
5,Deuteronomy,24,4,Deuteronomy 24:4,12,ܕܛܡܐܐ,,,,Peshitta,PESH
5,Deuteronomy,24,4,Deuteronomy 24:4,13,ܗܝ,,,,Peshitta,PESH
5,Deuteronomy,24,4,Deuteronomy 24:4,14,ܩܕܡ,,,,Peshitta,PESH
5,Deuteronomy,24,4,Deuteronomy 24:4,15,ܡܪܝܐ,,,,Peshitta,PESH
5,Deuteronomy,24,4,Deuteronomy 24:4,16,ܘܠܐ,,,,Peshitta,PESH
5,Deuteronomy,24,4,Deuteronomy 24:4,17,ܬܚܛܐ,,,,Peshitta,PESH
5,Deuteronomy,24,4,Deuteronomy 24:4,18,ܠܐܪܥܐ,,,,Peshitta,PESH
5,Deuteronomy,24,4,Deuteronomy 24:4,19,ܕܝ̇ܗܒ,,,,Peshitta,PESH
5,Deuteronomy,24,4,Deuteronomy 24:4,20,ܠܟ,,,,Peshitta,PESH
5,Deuteronomy,24,4,Deuteronomy 24:4,21,ܡܪܝܐ,,,,Peshitta,PESH
5,Deuteronomy,24,4,Deuteronomy 24:4,22,ܐܠܗܟ,,,,Peshitta,PESH
5,Deuteronomy,24,4,Deuteronomy 24:4,23,ܝܘܪܬܢܐ,,,,Peshitta,PESH
5,Deuteronomy,24,5,Deuteronomy 24:5,1,ܘܟܕ,,,,Peshitta,PESH
5,Deuteronomy,24,5,Deuteronomy 24:5,2,ܢܣܒ,,,,Peshitta,PESH
5,Deuteronomy,24,5,Deuteronomy 24:5,3,ܓܒܪܐ,,,,Peshitta,PESH
5,Deuteronomy,24,5,Deuteronomy 24:5,4,ܐܢܬܬܐ,,,,Peshitta,PESH
5,Deuteronomy,24,5,Deuteronomy 24:5,5,ܚܕܬܐ,,,,Peshitta,PESH
5,Deuteronomy,24,5,Deuteronomy 24:5,6,ܠܐ,,,,Peshitta,PESH
5,Deuteronomy,24,5,Deuteronomy 24:5,7,ܢܦܘܩ,,,,Peshitta,PESH
5,Deuteronomy,24,5,Deuteronomy 24:5,8,ܒܚܝܠܐ,,,,Peshitta,PESH
5,Deuteronomy,24,5,Deuteronomy 24:5,9,ܘܠܐ,,,,Peshitta,PESH
5,Deuteronomy,24,5,Deuteronomy 24:5,10,ܢܐܙܠ,,,,Peshitta,PESH
5,Deuteronomy,24,5,Deuteronomy 24:5,11,ܠܟܠ,,,,Peshitta,PESH
5,Deuteronomy,24,5,Deuteronomy 24:5,12,ܨܒܘ,,,,Peshitta,PESH
5,Deuteronomy,24,5,Deuteronomy 24:5,13,ܐܠܐ,,,,Peshitta,PESH
5,Deuteronomy,24,5,Deuteronomy 24:5,14,ܢܗܘܐ,,,,Peshitta,PESH
5,Deuteronomy,24,5,Deuteronomy 24:5,15,ܒܒܝܬܗ,,,,Peshitta,PESH
5,Deuteronomy,24,5,Deuteronomy 24:5,16,ܫܢܬܐ,,,,Peshitta,PESH
5,Deuteronomy,24,5,Deuteronomy 24:5,17,ܚܕܐ,,,,Peshitta,PESH
5,Deuteronomy,24,5,Deuteronomy 24:5,18,ܘܢܚܕܐ,,,,Peshitta,PESH
5,Deuteronomy,24,5,Deuteronomy 24:5,19,ܥܡ,,,,Peshitta,PESH
5,Deuteronomy,24,5,Deuteronomy 24:5,20,ܐܢܬܬܗ,,,,Peshitta,PESH
5,Deuteronomy,24,5,Deuteronomy 24:5,21,ܕܢܣܒ,,,,Peshitta,PESH
5,Deuteronomy,24,6,Deuteronomy 24:6,1,ܠܐ,,,,Peshitta,PESH
5,Deuteronomy,24,6,Deuteronomy 24:6,2,ܬܣܒ,,,,Peshitta,PESH
5,Deuteronomy,24,6,Deuteronomy 24:6,3,ܪܚܝܐ,,,,Peshitta,PESH
5,Deuteronomy,24,6,Deuteronomy 24:6,4,ܘܪܟܒܗ̇,,,,Peshitta,PESH
5,Deuteronomy,24,6,Deuteronomy 24:6,5,ܡܫܟܢܐ,,,,Peshitta,PESH
5,Deuteronomy,24,6,Deuteronomy 24:6,6,ܢܦܫܐ,,,,Peshitta,PESH
5,Deuteronomy,24,6,Deuteronomy 24:6,7,ܗܘ,,,,Peshitta,PESH
5,Deuteronomy,24,6,Deuteronomy 24:6,8,ܓܝܪ,,,,Peshitta,PESH
5,Deuteronomy,24,6,Deuteronomy 24:6,9,ܡܥܝܩ,,,,Peshitta,PESH
5,Deuteronomy,24,6,Deuteronomy 24:6,10,ܐܢܬ,,,,Peshitta,PESH
5,Deuteronomy,24,7,Deuteronomy 24:7,1,ܘܐܢ,,,,Peshitta,PESH
5,Deuteronomy,24,7,Deuteronomy 24:7,2,ܢܫܬܟܚ,,,,Peshitta,PESH
5,Deuteronomy,24,7,Deuteronomy 24:7,3,ܓܒܪܐ,,,,Peshitta,PESH
5,Deuteronomy,24,7,Deuteronomy 24:7,4,ܡܢ,,,,Peshitta,PESH
5,Deuteronomy,24,7,Deuteronomy 24:7,5,ܒܢ̈ܝ,,,,Peshitta,PESH
5,Deuteronomy,24,7,Deuteronomy 24:7,6,ܐܝܣܪܝܠ,,,,Peshitta,PESH
5,Deuteronomy,24,7,Deuteronomy 24:7,7,ܕܢܓܢܘܒ,,,,Peshitta,PESH
5,Deuteronomy,24,7,Deuteronomy 24:7,8,ܢܦܫܐ,,,,Peshitta,PESH
5,Deuteronomy,24,7,Deuteronomy 24:7,9,ܡܢ,,,,Peshitta,PESH
5,Deuteronomy,24,7,Deuteronomy 24:7,10,ܐ̈ܚܘܗܝ,,,,Peshitta,PESH
5,Deuteronomy,24,7,Deuteronomy 24:7,11,ܡܢ,,,,Peshitta,PESH
5,Deuteronomy,24,7,Deuteronomy 24:7,12,ܒܢ̈ܝ,,,,Peshitta,PESH
5,Deuteronomy,24,7,Deuteronomy 24:7,13,ܐܝܣܪܝܠ,,,,Peshitta,PESH
5,Deuteronomy,24,7,Deuteronomy 24:7,14,ܕܢܬܬܓܪ,,,,Peshitta,PESH
5,Deuteronomy,24,7,Deuteronomy 24:7,15,ܒܗ̇,,,,Peshitta,PESH
5,Deuteronomy,24,7,Deuteronomy 24:7,16,ܘܢܙܒܢܝܗ̇,,,,Peshitta,PESH
5,Deuteronomy,24,7,Deuteronomy 24:7,17,ܡܬܩܛܠܘ,,,,Peshitta,PESH
5,Deuteronomy,24,7,Deuteronomy 24:7,18,ܢܬܩܛܠ,,,,Peshitta,PESH
5,Deuteronomy,24,7,Deuteronomy 24:7,19,ܓܒܪܐ,,,,Peshitta,PESH
5,Deuteronomy,24,7,Deuteronomy 24:7,20,ܗ̇ܘ,,,,Peshitta,PESH
5,Deuteronomy,24,7,Deuteronomy 24:7,21,ܘܒܥܪܘ,,,,Peshitta,PESH
5,Deuteronomy,24,7,Deuteronomy 24:7,22,ܒܝܫܬܐ,,,,Peshitta,PESH
5,Deuteronomy,24,7,Deuteronomy 24:7,23,ܡܢ,,,,Peshitta,PESH
5,Deuteronomy,24,7,Deuteronomy 24:7,24,ܒܝܢܬܟܘܢ,,,,Peshitta,PESH
5,Deuteronomy,24,8,Deuteronomy 24:8,1,ܛܪܘ,,,,Peshitta,PESH
5,Deuteronomy,24,8,Deuteronomy 24:8,2,ܡܚܘܬܐ,,,,Peshitta,PESH
5,Deuteronomy,24,8,Deuteronomy 24:8,3,ܕܓܪܒܐ,,,,Peshitta,PESH
5,Deuteronomy,24,8,Deuteronomy 24:8,4,ܘܐܙܕܗܪܘ,,,,Peshitta,PESH
5,Deuteronomy,24,8,Deuteronomy 24:8,5,ܛܒ,,,,Peshitta,PESH
5,Deuteronomy,24,8,Deuteronomy 24:8,6,ܘܥܒܕܘ,,,,Peshitta,PESH
5,Deuteronomy,24,8,Deuteronomy 24:8,7,ܐܝܟ,,,,Peshitta,PESH
5,Deuteronomy,24,8,Deuteronomy 24:8,8,ܕܡܠܦܝܢ,,,,Peshitta,PESH
5,Deuteronomy,24,8,Deuteronomy 24:8,9,ܠܟܘܢ,,,,Peshitta,PESH
5,Deuteronomy,24,8,Deuteronomy 24:8,10,ܟܗ̈ܢܐ,,,,Peshitta,PESH
5,Deuteronomy,24,8,Deuteronomy 24:8,11,ܘܠܘ̈ܝܐ,,,,Peshitta,PESH
5,Deuteronomy,24,8,Deuteronomy 24:8,12,ܐܝܟ,,,,Peshitta,PESH
5,Deuteronomy,24,8,Deuteronomy 24:8,13,ܕܦ̇ܩܕܬ,,,,Peshitta,PESH
5,Deuteronomy,24,8,Deuteronomy 24:8,14,ܐܢܘܢ,,,,Peshitta,PESH
5,Deuteronomy,24,8,Deuteronomy 24:8,15,ܢܛܪܘܢ,,,,Peshitta,PESH
5,Deuteronomy,24,8,Deuteronomy 24:8,16,ܘܢܥܒܕܘܢ,,,,Peshitta,PESH
5,Deuteronomy,24,9,Deuteronomy 24:9,1,ܘܐܬܕܟܪ,,,,Peshitta,PESH
5,Deuteronomy,24,9,Deuteronomy 24:9,2,ܡܕܡ,,,,Peshitta,PESH
5,Deuteronomy,24,9,Deuteronomy 24:9,3,ܕܥܒܕ,,,,Peshitta,PESH
5,Deuteronomy,24,9,Deuteronomy 24:9,4,ܡܪܝܐ,,,,Peshitta,PESH
5,Deuteronomy,24,9,Deuteronomy 24:9,5,ܐܠܗܟ,,,,Peshitta,PESH
5,Deuteronomy,24,9,Deuteronomy 24:9,6,ܠܡܪܝܡ,,,,Peshitta,PESH
5,Deuteronomy,24,9,Deuteronomy 24:9,7,ܒܐܘܪܚܐ,,,,Peshitta,PESH
5,Deuteronomy,24,9,Deuteronomy 24:9,8,ܟܕ,,,,Peshitta,PESH
5,Deuteronomy,24,9,Deuteronomy 24:9,9,ܢܦܩܬܘܢ,,,,Peshitta,PESH
5,Deuteronomy,24,9,Deuteronomy 24:9,10,ܡܢ,,,,Peshitta,PESH
5,Deuteronomy,24,9,Deuteronomy 24:9,11,ܡܨܪܝܢ,,,,Peshitta,PESH
5,Deuteronomy,24,10,Deuteronomy 24:10,1,ܘܐܢ,,,,Peshitta,PESH
5,Deuteronomy,24,10,Deuteronomy 24:10,2,ܢܚܘܒ,,,,Peshitta,PESH
5,Deuteronomy,24,10,Deuteronomy 24:10,3,ܠܟ,,,,Peshitta,PESH
5,Deuteronomy,24,10,Deuteronomy 24:10,4,ܚܒܪܟ,,,,Peshitta,PESH
5,Deuteronomy,24,10,Deuteronomy 24:10,5,ܚܘܒܬܐ,,,,Peshitta,PESH
5,Deuteronomy,24,10,Deuteronomy 24:10,6,ܕܡܕܡ,,,,Peshitta,PESH
5,Deuteronomy,24,10,Deuteronomy 24:10,7,ܠܐ,,,,Peshitta,PESH
5,Deuteronomy,24,10,Deuteronomy 24:10,8,ܬܥܘܠ,,,,Peshitta,PESH
5,Deuteronomy,24,10,Deuteronomy 24:10,9,ܠܒܝܬܗ,,,,Peshitta,PESH
5,Deuteronomy,24,10,Deuteronomy 24:10,10,ܠܡܣܒ,,,,Peshitta,PESH
5,Deuteronomy,24,10,Deuteronomy 24:10,11,ܡܫܟܢܗ,,,,Peshitta,PESH
5,Deuteronomy,24,11,Deuteronomy 24:11,1,ܐܠܐ,,,,Peshitta,PESH
5,Deuteronomy,24,11,Deuteronomy 24:11,2,ܩܘܡ,,,,Peshitta,PESH
5,Deuteronomy,24,11,Deuteronomy 24:11,3,ܒܫܘܩܐ,,,,Peshitta,PESH
5,Deuteronomy,24,11,Deuteronomy 24:11,4,ܘܓܒܪܐ,,,,Peshitta,PESH
5,Deuteronomy,24,11,Deuteronomy 24:11,5,ܗ̇ܘ,,,,Peshitta,PESH
5,Deuteronomy,24,11,Deuteronomy 24:11,6,ܕܚܝܒ,,,,Peshitta,PESH
5,Deuteronomy,24,11,Deuteronomy 24:11,7,ܠܟ,,,,Peshitta,PESH
5,Deuteronomy,24,11,Deuteronomy 24:11,8,ܗܘ,,,,Peshitta,PESH
5,Deuteronomy,24,11,Deuteronomy 24:11,9,ܢܦܩܝܘܗܝ,,,,Peshitta,PESH
5,Deuteronomy,24,11,Deuteronomy 24:11,10,ܠܟ,,,,Peshitta,PESH
5,Deuteronomy,24,11,Deuteronomy 24:11,11,ܡܫܟܢܐ,,,,Peshitta,PESH
5,Deuteronomy,24,11,Deuteronomy 24:11,12,ܠܫܘܩܐ,,,,Peshitta,PESH
5,Deuteronomy,24,12,Deuteronomy 24:12,1,ܘܐܢ,,,,Peshitta,PESH
5,Deuteronomy,24,12,Deuteronomy 24:12,2,ܓܒܪܐ,,,,Peshitta,PESH
5,Deuteronomy,24,12,Deuteronomy 24:12,3,ܗܘ,,,,Peshitta,PESH
5,Deuteronomy,24,12,Deuteronomy 24:12,4,ܡܣܟܢܐ,,,,Peshitta,PESH
5,Deuteronomy,24,12,Deuteronomy 24:12,5,ܠܐ,,,,Peshitta,PESH
5,Deuteronomy,24,12,Deuteronomy 24:12,6,ܬܕܡܟ,,,,Peshitta,PESH
5,Deuteronomy,24,12,Deuteronomy 24:12,7,ܒܡܪܛܘܛܗ,,,,Peshitta,PESH
5,Deuteronomy,24,13,Deuteronomy 24:13,1,ܐܠܐ,,,,Peshitta,PESH
5,Deuteronomy,24,13,Deuteronomy 24:13,2,ܦܢܝܗܝ,,,,Peshitta,PESH
5,Deuteronomy,24,13,Deuteronomy 24:13,3,ܠܗ,,,,Peshitta,PESH
5,Deuteronomy,24,13,Deuteronomy 24:13,4,ܡܫܟܢܗ,,,,Peshitta,PESH
5,Deuteronomy,24,13,Deuteronomy 24:13,5,ܡܐ,,,,Peshitta,PESH
5,Deuteronomy,24,13,Deuteronomy 24:13,6,ܕܥܪܒܬ,,,,Peshitta,PESH
5,Deuteronomy,24,13,Deuteronomy 24:13,7,ܫܡܫܐ,,,,Peshitta,PESH
5,Deuteronomy,24,13,Deuteronomy 24:13,8,ܘܢܕܡܟ,,,,Peshitta,PESH
5,Deuteronomy,24,13,Deuteronomy 24:13,9,ܒܡܪܛܘܛܗ,,,,Peshitta,PESH
5,Deuteronomy,24,13,Deuteronomy 24:13,10,ܘܢܒܪܟܟ,,,,Peshitta,PESH
5,Deuteronomy,24,13,Deuteronomy 24:13,11,ܘܬܗܘܐ,,,,Peshitta,PESH
5,Deuteronomy,24,13,Deuteronomy 24:13,12,ܠܟ,,,,Peshitta,PESH
5,Deuteronomy,24,13,Deuteronomy 24:13,13,ܙܕܝܩܘܬܐ,,,,Peshitta,PESH
5,Deuteronomy,24,13,Deuteronomy 24:13,14,ܩܕܡ,,,,Peshitta,PESH
5,Deuteronomy,24,13,Deuteronomy 24:13,15,ܡܪܝܐ,,,,Peshitta,PESH
5,Deuteronomy,24,13,Deuteronomy 24:13,16,ܐܠܗܟ,,,,Peshitta,PESH
5,Deuteronomy,24,14,Deuteronomy 24:14,1,ܠܐ,,,,Peshitta,PESH
5,Deuteronomy,24,14,Deuteronomy 24:14,2,ܬܛܠܘܡ,,,,Peshitta,PESH
5,Deuteronomy,24,14,Deuteronomy 24:14,3,ܐܓܪܐ,,,,Peshitta,PESH
5,Deuteronomy,24,14,Deuteronomy 24:14,4,ܕܡܣܟܢܐ,,,,Peshitta,PESH
5,Deuteronomy,24,14,Deuteronomy 24:14,5,ܘܕܒ̇ܝܫܐ,,,,Peshitta,PESH
5,Deuteronomy,24,14,Deuteronomy 24:14,6,ܡܢ,,,,Peshitta,PESH
5,Deuteronomy,24,14,Deuteronomy 24:14,7,ܐܚܝ̈ܟ,,,,Peshitta,PESH
5,Deuteronomy,24,14,Deuteronomy 24:14,8,ܐܘ,,,,Peshitta,PESH
5,Deuteronomy,24,14,Deuteronomy 24:14,9,ܡܢ,,,,Peshitta,PESH
5,Deuteronomy,24,14,Deuteronomy 24:14,10,ܥܡܘܪܐ,,,,Peshitta,PESH
5,Deuteronomy,24,14,Deuteronomy 24:14,11,ܕܒܩܘܪ̈ܝܟ,,,,Peshitta,PESH
5,Deuteronomy,24,15,Deuteronomy 24:15,1,ܐܠܐ,,,,Peshitta,PESH
5,Deuteronomy,24,15,Deuteronomy 24:15,2,ܒܪ,,,,Peshitta,PESH
5,Deuteronomy,24,15,Deuteronomy 24:15,3,ܝܘܡܗ,,,,Peshitta,PESH
5,Deuteronomy,24,15,Deuteronomy 24:15,4,ܗܒ,,,,Peshitta,PESH
5,Deuteronomy,24,15,Deuteronomy 24:15,5,ܠܗ,,,,Peshitta,PESH
5,Deuteronomy,24,15,Deuteronomy 24:15,6,ܐܓܪܗ,,,,Peshitta,PESH
5,Deuteronomy,24,15,Deuteronomy 24:15,7,ܘܠܐ,,,,Peshitta,PESH
5,Deuteronomy,24,15,Deuteronomy 24:15,8,ܬܥܪܒ,,,,Peshitta,PESH
5,Deuteronomy,24,15,Deuteronomy 24:15,9,ܥܠܘܗܝ,,,,Peshitta,PESH
5,Deuteronomy,24,15,Deuteronomy 24:15,10,ܫܡܫܐ,,,,Peshitta,PESH
5,Deuteronomy,24,15,Deuteronomy 24:15,11,ܡܛܠ,,,,Peshitta,PESH
5,Deuteronomy,24,15,Deuteronomy 24:15,12,ܕܡܣܟܢܐ,,,,Peshitta,PESH
5,Deuteronomy,24,15,Deuteronomy 24:15,13,ܗܘ,,,,Peshitta,PESH
5,Deuteronomy,24,15,Deuteronomy 24:15,14,ܘܥܠ,,,,Peshitta,PESH
5,Deuteronomy,24,15,Deuteronomy 24:15,15,ܐ̈ܦܝ,,,,Peshitta,PESH
5,Deuteronomy,24,15,Deuteronomy 24:15,16,ܐܓܪܗ,,,,Peshitta,PESH
5,Deuteronomy,24,15,Deuteronomy 24:15,17,ܗܘ,,,,Peshitta,PESH
5,Deuteronomy,24,15,Deuteronomy 24:15,18,ܡܫܠܡ,,,,Peshitta,PESH
5,Deuteronomy,24,15,Deuteronomy 24:15,19,ܠܟ,,,,Peshitta,PESH
5,Deuteronomy,24,15,Deuteronomy 24:15,20,ܢܦܫܗ,,,,Peshitta,PESH
5,Deuteronomy,24,15,Deuteronomy 24:15,21,ܕܠܐ,,,,Peshitta,PESH
5,Deuteronomy,24,15,Deuteronomy 24:15,22,ܢܩܪܐ,,,,Peshitta,PESH
5,Deuteronomy,24,15,Deuteronomy 24:15,23,ܥܠܝܟ,,,,Peshitta,PESH
5,Deuteronomy,24,15,Deuteronomy 24:15,24,ܩܕܡ,,,,Peshitta,PESH
5,Deuteronomy,24,15,Deuteronomy 24:15,25,ܡܪܝܐ,,,,Peshitta,PESH
5,Deuteronomy,24,15,Deuteronomy 24:15,26,ܘܢܗܘܐ,,,,Peshitta,PESH
5,Deuteronomy,24,15,Deuteronomy 24:15,27,ܥܠܝܟ,,,,Peshitta,PESH
5,Deuteronomy,24,15,Deuteronomy 24:15,28,ܚܛܗܐ,,,,Peshitta,PESH
5,Deuteronomy,24,16,Deuteronomy 24:16,1,ܠܐ,,,,Peshitta,PESH
5,Deuteronomy,24,16,Deuteronomy 24:16,2,ܢܡܘܬܘܢ,,,,Peshitta,PESH
5,Deuteronomy,24,16,Deuteronomy 24:16,3,ܐ̈ܒܗܐ,,,,Peshitta,PESH
5,Deuteronomy,24,16,Deuteronomy 24:16,4,ܥܠ,,,,Peshitta,PESH
5,Deuteronomy,24,16,Deuteronomy 24:16,5,ܐ̈ܦܝ,,,,Peshitta,PESH
5,Deuteronomy,24,16,Deuteronomy 24:16,6,ܒܢ̈ܝܗܘܢ,,,,Peshitta,PESH
5,Deuteronomy,24,16,Deuteronomy 24:16,7,ܘܒܢ̈ܝܐ,,,,Peshitta,PESH
5,Deuteronomy,24,16,Deuteronomy 24:16,8,ܠܐ,,,,Peshitta,PESH
5,Deuteronomy,24,16,Deuteronomy 24:16,9,ܢܡܘܬܘܢ,,,,Peshitta,PESH
5,Deuteronomy,24,16,Deuteronomy 24:16,10,ܥܠ,,,,Peshitta,PESH
5,Deuteronomy,24,16,Deuteronomy 24:16,11,ܐ̈ܦܝ,,,,Peshitta,PESH
5,Deuteronomy,24,16,Deuteronomy 24:16,12,ܐ̈ܒܗܝܗܘܢ,,,,Peshitta,PESH
5,Deuteronomy,24,16,Deuteronomy 24:16,13,ܐܠܐ,,,,Peshitta,PESH
5,Deuteronomy,24,16,Deuteronomy 24:16,14,ܐܢܫ,,,,Peshitta,PESH
5,Deuteronomy,24,16,Deuteronomy 24:16,15,ܒܚ̈ܛܗܘܗܝ,,,,Peshitta,PESH
5,Deuteronomy,24,16,Deuteronomy 24:16,16,ܢܡܘܬ,,,,Peshitta,PESH
5,Deuteronomy,24,17,Deuteronomy 24:17,1,ܠܐ,,,,Peshitta,PESH
5,Deuteronomy,24,17,Deuteronomy 24:17,2,ܬܨܠܐ,,,,Peshitta,PESH
5,Deuteronomy,24,17,Deuteronomy 24:17,3,ܕܝܢ̣ܐ,,,,Peshitta,PESH
5,Deuteronomy,24,17,Deuteronomy 24:17,4,ܕܥܡܘܪܐ,,,,Peshitta,PESH
5,Deuteronomy,24,17,Deuteronomy 24:17,5,ܘܕܝܬܡܐ,,,,Peshitta,PESH
5,Deuteronomy,24,17,Deuteronomy 24:17,6,ܘܠܐ,,,,Peshitta,PESH
5,Deuteronomy,24,17,Deuteronomy 24:17,7,ܬܣܒ,,,,Peshitta,PESH
5,Deuteronomy,24,17,Deuteronomy 24:17,8,ܡܫܟܢܐ,,,,Peshitta,PESH
5,Deuteronomy,24,17,Deuteronomy 24:17,9,ܡܪܛܘܛܗ̇,,,,Peshitta,PESH
5,Deuteronomy,24,17,Deuteronomy 24:17,10,ܕܐܪܡܠܬܐ,,,,Peshitta,PESH
5,Deuteronomy,24,18,Deuteronomy 24:18,1,ܘܐܬܕܟܪ,,,,Peshitta,PESH
5,Deuteronomy,24,18,Deuteronomy 24:18,2,ܕܥܒ̣ܕܐ,,,,Peshitta,PESH
5,Deuteronomy,24,18,Deuteronomy 24:18,3,ܗܘܝܬ,,,,Peshitta,PESH
5,Deuteronomy,24,18,Deuteronomy 24:18,4,ܒܡܨܪܝܢ,,,,Peshitta,PESH
5,Deuteronomy,24,18,Deuteronomy 24:18,5,ܘܦܪܩܟ,,,,Peshitta,PESH
5,Deuteronomy,24,18,Deuteronomy 24:18,6,ܡܪܝܐ,,,,Peshitta,PESH
5,Deuteronomy,24,18,Deuteronomy 24:18,7,ܐܠܗܟ,,,,Peshitta,PESH
5,Deuteronomy,24,18,Deuteronomy 24:18,8,ܡܢ,,,,Peshitta,PESH
5,Deuteronomy,24,18,Deuteronomy 24:18,9,ܬܡܢ,,,,Peshitta,PESH
5,Deuteronomy,24,18,Deuteronomy 24:18,10,ܡܛܠ,,,,Peshitta,PESH
5,Deuteronomy,24,18,Deuteronomy 24:18,11,ܗܢܐ,,,,Peshitta,PESH
5,Deuteronomy,24,18,Deuteronomy 24:18,12,ܡܦܩܕ,,,,Peshitta,PESH
5,Deuteronomy,24,18,Deuteronomy 24:18,13,ܐܢܐ,,,,Peshitta,PESH
5,Deuteronomy,24,18,Deuteronomy 24:18,14,ܠܟ,,,,Peshitta,PESH
5,Deuteronomy,24,18,Deuteronomy 24:18,15,ܘܐ̇ܡܪ,,,,Peshitta,PESH
5,Deuteronomy,24,18,Deuteronomy 24:18,16,ܐܢܐ,,,,Peshitta,PESH
5,Deuteronomy,24,18,Deuteronomy 24:18,17,ܠܟ,,,,Peshitta,PESH
5,Deuteronomy,24,18,Deuteronomy 24:18,18,ܕܬܥܒܕ,,,,Peshitta,PESH
5,Deuteronomy,24,18,Deuteronomy 24:18,19,ܦܬܓܡܐ,,,,Peshitta,PESH
5,Deuteronomy,24,18,Deuteronomy 24:18,20,ܗܢܐ,,,,Peshitta,PESH
5,Deuteronomy,24,19,Deuteronomy 24:19,1,ܘܡܐ,,,,Peshitta,PESH
5,Deuteronomy,24,19,Deuteronomy 24:19,2,ܕܚ̇ܨܕ,,,,Peshitta,PESH
5,Deuteronomy,24,19,Deuteronomy 24:19,3,ܐܢܬ,,,,Peshitta,PESH
5,Deuteronomy,24,19,Deuteronomy 24:19,4,ܚܨܕܐ,,,,Peshitta,PESH
5,Deuteronomy,24,19,Deuteronomy 24:19,5,ܕܚܩܠܟ,,,,Peshitta,PESH
5,Deuteronomy,24,19,Deuteronomy 24:19,6,ܘܛ̇ܥܐ,,,,Peshitta,PESH
5,Deuteronomy,24,19,Deuteronomy 24:19,7,ܐܢܬ,,,,Peshitta,PESH
5,Deuteronomy,24,19,Deuteronomy 24:19,8,ܟܦܐ,,,,Peshitta,PESH
5,Deuteronomy,24,19,Deuteronomy 24:19,9,ܠܐ,,,,Peshitta,PESH
5,Deuteronomy,24,19,Deuteronomy 24:19,10,ܬܗܦܘܟ,,,,Peshitta,PESH
5,Deuteronomy,24,19,Deuteronomy 24:19,11,ܬܣܒܝܗ̇,,,,Peshitta,PESH
5,Deuteronomy,24,19,Deuteronomy 24:19,12,ܐܠܐ,,,,Peshitta,PESH
5,Deuteronomy,24,19,Deuteronomy 24:19,13,ܬܗܘܐ,,,,Peshitta,PESH
5,Deuteronomy,24,19,Deuteronomy 24:19,14,ܠܥܡܘܪܐ,,,,Peshitta,PESH
5,Deuteronomy,24,19,Deuteronomy 24:19,15,ܘܠܝܬܡܐ,,,,Peshitta,PESH
5,Deuteronomy,24,19,Deuteronomy 24:19,16,ܘܠܐܪܡܠܬܐ,,,,Peshitta,PESH
5,Deuteronomy,24,19,Deuteronomy 24:19,17,ܕܢܒܪܟܟ,,,,Peshitta,PESH
5,Deuteronomy,24,19,Deuteronomy 24:19,18,ܡܪܝܐ,,,,Peshitta,PESH
5,Deuteronomy,24,19,Deuteronomy 24:19,19,ܐܠܗܟ,,,,Peshitta,PESH
5,Deuteronomy,24,19,Deuteronomy 24:19,20,ܒܟܘܠܗ,,,,Peshitta,PESH
5,Deuteronomy,24,19,Deuteronomy 24:19,21,ܥܒ̇ܕܐ,,,,Peshitta,PESH
5,Deuteronomy,24,19,Deuteronomy 24:19,22,ܕܐ̈ܝܕܝܟ,,,,Peshitta,PESH
5,Deuteronomy,24,20,Deuteronomy 24:20,1,ܘܡܐ,,,,Peshitta,PESH
5,Deuteronomy,24,20,Deuteronomy 24:20,2,ܕܚ̇ܒܛ,,,,Peshitta,PESH
5,Deuteronomy,24,20,Deuteronomy 24:20,3,ܐܢܬ,,,,Peshitta,PESH
5,Deuteronomy,24,20,Deuteronomy 24:20,4,ܙܝ̈ܬܝܟ,,,,Peshitta,PESH
5,Deuteronomy,24,20,Deuteronomy 24:20,5,ܠܐ,,,,Peshitta,PESH
5,Deuteronomy,24,20,Deuteronomy 24:20,6,ܬܦܠܐ,,,,Peshitta,PESH
5,Deuteronomy,24,20,Deuteronomy 24:20,7,ܒܣܬܪܟ,,,,Peshitta,PESH
5,Deuteronomy,24,20,Deuteronomy 24:20,8,ܐܠܐ,,,,Peshitta,PESH
5,Deuteronomy,24,20,Deuteronomy 24:20,9,ܠܥܡܘܪܐ,,,,Peshitta,PESH
5,Deuteronomy,24,20,Deuteronomy 24:20,10,ܘܠܝܬܡܐ,,,,Peshitta,PESH
5,Deuteronomy,24,20,Deuteronomy 24:20,11,ܘܠܐܪܡܠܬܐ,,,,Peshitta,PESH
5,Deuteronomy,24,20,Deuteronomy 24:20,12,ܢܗܘܐ,,,,Peshitta,PESH
5,Deuteronomy,24,21,Deuteronomy 24:21,1,ܘܡܐ,,,,Peshitta,PESH
5,Deuteronomy,24,21,Deuteronomy 24:21,2,ܕܩ̇ܛܦ,,,,Peshitta,PESH
5,Deuteronomy,24,21,Deuteronomy 24:21,3,ܐܢܬ,,,,Peshitta,PESH
5,Deuteronomy,24,21,Deuteronomy 24:21,4,ܟܪܡܟ,,,,Peshitta,PESH
5,Deuteronomy,24,21,Deuteronomy 24:21,5,ܠܐ,,,,Peshitta,PESH
5,Deuteronomy,24,21,Deuteronomy 24:21,6,ܬܒܥܪ,,,,Peshitta,PESH
5,Deuteronomy,24,21,Deuteronomy 24:21,7,ܒܣܬܪܟ,,,,Peshitta,PESH
5,Deuteronomy,24,21,Deuteronomy 24:21,8,ܐܠܐ,,,,Peshitta,PESH
5,Deuteronomy,24,21,Deuteronomy 24:21,9,ܠܥܡܘܪܐ,,,,Peshitta,PESH
5,Deuteronomy,24,21,Deuteronomy 24:21,10,ܘܠܝܬܡܐ,,,,Peshitta,PESH
5,Deuteronomy,24,21,Deuteronomy 24:21,11,ܘܠܐܪܡܠܬܐ,,,,Peshitta,PESH
5,Deuteronomy,24,21,Deuteronomy 24:21,12,ܢܗܘܐ,,,,Peshitta,PESH
5,Deuteronomy,24,22,Deuteronomy 24:22,1,ܘܐܬܕܟܪ,,,,Peshitta,PESH
5,Deuteronomy,24,22,Deuteronomy 24:22,2,ܕܥܒ̣ܕܐ,,,,Peshitta,PESH
5,Deuteronomy,24,22,Deuteronomy 24:22,3,ܗܘܝܬ,,,,Peshitta,PESH
5,Deuteronomy,24,22,Deuteronomy 24:22,4,ܒܡܨܪܝܢ,,,,Peshitta,PESH
5,Deuteronomy,24,22,Deuteronomy 24:22,5,ܡܛܠ,,,,Peshitta,PESH
5,Deuteronomy,24,22,Deuteronomy 24:22,6,ܗܢܐ,,,,Peshitta,PESH
5,Deuteronomy,24,22,Deuteronomy 24:22,7,ܡܦܩܕ,,,,Peshitta,PESH
5,Deuteronomy,24,22,Deuteronomy 24:22,8,ܐܢܐ,,,,Peshitta,PESH
5,Deuteronomy,24,22,Deuteronomy 24:22,9,ܠܟ,,,,Peshitta,PESH
5,Deuteronomy,24,22,Deuteronomy 24:22,10,ܕܬܥܒܕ,,,,Peshitta,PESH
5,Deuteronomy,24,22,Deuteronomy 24:22,11,ܦܬܓܡܐ,,,,Peshitta,PESH
5,Deuteronomy,24,22,Deuteronomy 24:22,12,ܗܢܐ,,,,Peshitta,PESH
5,Deuteronomy,25,1,Deuteronomy 25:1,1,ܘܐܢ,,,,Peshitta,PESH
5,Deuteronomy,25,1,Deuteronomy 25:1,2,ܢܗܘܐ,,,,Peshitta,PESH
5,Deuteronomy,25,1,Deuteronomy 25:1,3,ܕܝܢ̣ܐ,,,,Peshitta,PESH
5,Deuteronomy,25,1,Deuteronomy 25:1,4,ܒܝܬ,,,,Peshitta,PESH
5,Deuteronomy,25,1,Deuteronomy 25:1,5,ܓܒܪܐ,,,,Peshitta,PESH
5,Deuteronomy,25,1,Deuteronomy 25:1,6,ܠܚܒܪܗ,,,,Peshitta,PESH
5,Deuteronomy,25,1,Deuteronomy 25:1,7,ܢܩܪܒܘܢ,,,,Peshitta,PESH
5,Deuteronomy,25,1,Deuteronomy 25:1,8,ܠܘܬ,,,,Peshitta,PESH
5,Deuteronomy,25,1,Deuteronomy 25:1,9,ܕܝ̈ܢ̇ܐ,,,,Peshitta,PESH
5,Deuteronomy,25,1,Deuteronomy 25:1,10,ܘܢܕܘܢܘܢ,,,,Peshitta,PESH
5,Deuteronomy,25,1,Deuteronomy 25:1,11,ܐܢܘܢ,,,,Peshitta,PESH
5,Deuteronomy,25,1,Deuteronomy 25:1,12,ܘܢܙܟܘܢ,,,,Peshitta,PESH
5,Deuteronomy,25,1,Deuteronomy 25:1,13,ܠܙ̇ܟܝܐ,,,,Peshitta,PESH
5,Deuteronomy,25,1,Deuteronomy 25:1,14,ܘܢܚܝܒܘܢ,,,,Peshitta,PESH
5,Deuteronomy,25,1,Deuteronomy 25:1,15,ܠܚܝ̇ܒܐ,,,,Peshitta,PESH
5,Deuteronomy,25,2,Deuteronomy 25:2,1,ܘܐܢ,,,,Peshitta,PESH
5,Deuteronomy,25,2,Deuteronomy 25:2,2,ܚܝܒ,,,,Peshitta,PESH
5,Deuteronomy,25,2,Deuteronomy 25:2,3,ܡܪܕܘܬܐ,,,,Peshitta,PESH
5,Deuteronomy,25,2,Deuteronomy 25:2,4,ܚܝ̇ܒܐ,,,,Peshitta,PESH
5,Deuteronomy,25,2,Deuteronomy 25:2,5,ܢܪܡܝܘܗܝ,,,,Peshitta,PESH
5,Deuteronomy,25,2,Deuteronomy 25:2,6,ܕܝ̇ܢܐ,,,,Peshitta,PESH
5,Deuteronomy,25,2,Deuteronomy 25:2,7,ܘܢܢܓܕܘܢܗ,,,,Peshitta,PESH
5,Deuteronomy,25,2,Deuteronomy 25:2,8,ܩܕܡܘܗܝ,,,,Peshitta,PESH
5,Deuteronomy,25,2,Deuteronomy 25:2,9,ܐܝܟ,,,,Peshitta,PESH
5,Deuteronomy,25,2,Deuteronomy 25:2,10,ܙܕܩܐ,,,,Peshitta,PESH
5,Deuteronomy,25,2,Deuteronomy 25:2,11,ܕܣܟܠܘܬܗ,,,,Peshitta,PESH
5,Deuteronomy,25,3,Deuteronomy 25:3,1,ܒܡܢܝܢܐ,,,,Peshitta,PESH
5,Deuteronomy,25,3,Deuteronomy 25:3,2,ܐܪ̈ܒܥܝܢ,,,,Peshitta,PESH
5,Deuteronomy,25,3,Deuteronomy 25:3,3,ܢܢܓܕܘܢܗ,,,,Peshitta,PESH
5,Deuteronomy,25,3,Deuteronomy 25:3,4,ܘܠܐ,,,,Peshitta,PESH
5,Deuteronomy,25,3,Deuteronomy 25:3,5,ܢܘܣܦܘܢ,,,,Peshitta,PESH
5,Deuteronomy,25,3,Deuteronomy 25:3,6,ܕܠܐ,,,,Peshitta,PESH
5,Deuteronomy,25,3,Deuteronomy 25:3,7,ܟܕ,,,,Peshitta,PESH
5,Deuteronomy,25,3,Deuteronomy 25:3,8,ܢܘܣܦܘܢ,,,,Peshitta,PESH
5,Deuteronomy,25,3,Deuteronomy 25:3,9,ܢܢܓܕܘܢܗ,,,,Peshitta,PESH
5,Deuteronomy,25,3,Deuteronomy 25:3,10,ܝܬܝܪ,,,,Peshitta,PESH
5,Deuteronomy,25,3,Deuteronomy 25:3,11,ܥܠ,,,,Peshitta,PESH
5,Deuteronomy,25,3,Deuteronomy 25:3,12,ܗܢܐ,,,,Peshitta,PESH
5,Deuteronomy,25,3,Deuteronomy 25:3,13,ܢܓܕܐ,,,,Peshitta,PESH
5,Deuteronomy,25,3,Deuteronomy 25:3,14,ܢܬܩܠܐ,,,,Peshitta,PESH
5,Deuteronomy,25,3,Deuteronomy 25:3,15,ܐܚܘܟ,,,,Peshitta,PESH
5,Deuteronomy,25,3,Deuteronomy 25:3,16,ܠܥܢܝ̈ܟ,,,,Peshitta,PESH
5,Deuteronomy,25,4,Deuteronomy 25:4,1,ܠܐ,,,,Peshitta,PESH
5,Deuteronomy,25,4,Deuteronomy 25:4,2,ܬܒܠܘܡ,,,,Peshitta,PESH
5,Deuteronomy,25,4,Deuteronomy 25:4,3,ܬܘܪܐ,,,,Peshitta,PESH
5,Deuteronomy,25,4,Deuteronomy 25:4,4,ܒܕܪܟܬܐ,,,,Peshitta,PESH
5,Deuteronomy,25,5,Deuteronomy 25:5,1,ܘܟܕ,,,,Peshitta,PESH
5,Deuteronomy,25,5,Deuteronomy 25:5,2,ܢܬܒܘܢ,,,,Peshitta,PESH
5,Deuteronomy,25,5,Deuteronomy 25:5,3,ܐܚ̈ܐ,,,,Peshitta,PESH
5,Deuteronomy,25,5,Deuteronomy 25:5,4,ܐܝܟ,,,,Peshitta,PESH
5,Deuteronomy,25,5,Deuteronomy 25:5,5,ܚܕܐ,,,,Peshitta,PESH
5,Deuteronomy,25,5,Deuteronomy 25:5,6,ܘܢܡܘܬ,,,,Peshitta,PESH
5,Deuteronomy,25,5,Deuteronomy 25:5,7,ܚܕ,,,,Peshitta,PESH
5,Deuteronomy,25,5,Deuteronomy 25:5,8,ܡܢܗܘܢ,,,,Peshitta,PESH
5,Deuteronomy,25,5,Deuteronomy 25:5,9,ܘܠܝܬ,,,,Peshitta,PESH
5,Deuteronomy,25,5,Deuteronomy 25:5,10,ܠܗ,,,,Peshitta,PESH
5,Deuteronomy,25,5,Deuteronomy 25:5,11,ܒܪܐ,,,,Peshitta,PESH
5,Deuteronomy,25,5,Deuteronomy 25:5,12,ܠܐ,,,,Peshitta,PESH
5,Deuteronomy,25,5,Deuteronomy 25:5,13,ܬܗܘܐ,,,,Peshitta,PESH
5,Deuteronomy,25,5,Deuteronomy 25:5,14,ܐܢܬܬܗ,,,,Peshitta,PESH
5,Deuteronomy,25,5,Deuteronomy 25:5,15,ܕܡܝܬܐ,,,,Peshitta,PESH
5,Deuteronomy,25,5,Deuteronomy 25:5,16,ܠܓܒܪܐ,,,,Peshitta,PESH
5,Deuteronomy,25,5,Deuteronomy 25:5,17,ܢܘܟܪܝܐ,,,,Peshitta,PESH
5,Deuteronomy,25,5,Deuteronomy 25:5,18,ܐܠܐ,,,,Peshitta,PESH
5,Deuteronomy,25,5,Deuteronomy 25:5,19,ܝܒܡܗ̇,,,,Peshitta,PESH
5,Deuteronomy,25,5,Deuteronomy 25:5,20,ܢܣܒܝܗ̇,,,,Peshitta,PESH
5,Deuteronomy,25,5,Deuteronomy 25:5,21,ܘܬܗܘܐ,,,,Peshitta,PESH
5,Deuteronomy,25,5,Deuteronomy 25:5,22,ܠܗ,,,,Peshitta,PESH
5,Deuteronomy,25,5,Deuteronomy 25:5,23,ܐܢܬܬܐ,,,,Peshitta,PESH
5,Deuteronomy,25,5,Deuteronomy 25:5,24,ܘܢܝܒܡܝܗ̇,,,,Peshitta,PESH
5,Deuteronomy,25,6,Deuteronomy 25:6,1,ܘܒܘܟܪܐ,,,,Peshitta,PESH
5,Deuteronomy,25,6,Deuteronomy 25:6,2,ܕܝ̇ܠܕܐ,,,,Peshitta,PESH
5,Deuteronomy,25,6,Deuteronomy 25:6,3,ܢܫܬܡܐ,,,,Peshitta,PESH
5,Deuteronomy,25,6,Deuteronomy 25:6,4,ܥܠ,,,,Peshitta,PESH
5,Deuteronomy,25,6,Deuteronomy 25:6,5,ܫܡܐ,,,,Peshitta,PESH
5,Deuteronomy,25,6,Deuteronomy 25:6,6,ܕܐܚܘܗܝ,,,,Peshitta,PESH
5,Deuteronomy,25,6,Deuteronomy 25:6,7,ܡܝܬܐ,,,,Peshitta,PESH
5,Deuteronomy,25,6,Deuteronomy 25:6,8,ܕܠܐ,,,,Peshitta,PESH
5,Deuteronomy,25,6,Deuteronomy 25:6,9,ܢܬܛܥܐ,,,,Peshitta,PESH
5,Deuteronomy,25,6,Deuteronomy 25:6,10,ܫܡܗ,,,,Peshitta,PESH
5,Deuteronomy,25,6,Deuteronomy 25:6,11,ܡܢ,,,,Peshitta,PESH
5,Deuteronomy,25,6,Deuteronomy 25:6,12,ܐܝܣܪܝܠ,,,,Peshitta,PESH
5,Deuteronomy,25,7,Deuteronomy 25:7,1,ܘܐܢ,,,,Peshitta,PESH
5,Deuteronomy,25,7,Deuteronomy 25:7,2,ܠܐ,,,,Peshitta,PESH
5,Deuteronomy,25,7,Deuteronomy 25:7,3,ܨ̇ܒܐ,,,,Peshitta,PESH
5,Deuteronomy,25,7,Deuteronomy 25:7,4,ܓܒܪܐ,,,,Peshitta,PESH
5,Deuteronomy,25,7,Deuteronomy 25:7,5,ܕܢܣܒ,,,,Peshitta,PESH
5,Deuteronomy,25,7,Deuteronomy 25:7,6,ܐܢܬܬ,,,,Peshitta,PESH
5,Deuteronomy,25,7,Deuteronomy 25:7,7,ܐܚܘܗܝ,,,,Peshitta,PESH
5,Deuteronomy,25,7,Deuteronomy 25:7,8,ܬܣܩ,,,,Peshitta,PESH
5,Deuteronomy,25,7,Deuteronomy 25:7,9,ܐܢܬܬ,,,,Peshitta,PESH
5,Deuteronomy,25,7,Deuteronomy 25:7,10,ܐܚܘܗܝ,,,,Peshitta,PESH
5,Deuteronomy,25,7,Deuteronomy 25:7,11,ܠܬܪܥܐ,,,,Peshitta,PESH
5,Deuteronomy,25,7,Deuteronomy 25:7,12,ܠܘܬ,,,,Peshitta,PESH
5,Deuteronomy,25,7,Deuteronomy 25:7,13,ܣܒ̈ܐ,,,,Peshitta,PESH
5,Deuteronomy,25,7,Deuteronomy 25:7,14,ܘܬܐܡܪ,,,,Peshitta,PESH
5,Deuteronomy,25,7,Deuteronomy 25:7,15,ܠܐ,,,,Peshitta,PESH
5,Deuteronomy,25,7,Deuteronomy 25:7,16,ܨ̇ܒܐ,,,,Peshitta,PESH
5,Deuteronomy,25,7,Deuteronomy 25:7,17,ܝܒܡܝ,,,,Peshitta,PESH
5,Deuteronomy,25,7,Deuteronomy 25:7,18,ܕܢܩܝܡ,,,,Peshitta,PESH
5,Deuteronomy,25,7,Deuteronomy 25:7,19,ܠܐܚܘܗܝ,,,,Peshitta,PESH
5,Deuteronomy,25,7,Deuteronomy 25:7,20,ܫܡܐ,,,,Peshitta,PESH
5,Deuteronomy,25,7,Deuteronomy 25:7,21,ܒܐܝܣܪܝܠ,,,,Peshitta,PESH
5,Deuteronomy,25,7,Deuteronomy 25:7,22,ܘܠܐ,,,,Peshitta,PESH
5,Deuteronomy,25,7,Deuteronomy 25:7,23,ܨ̇ܒܐ,,,,Peshitta,PESH
5,Deuteronomy,25,7,Deuteronomy 25:7,24,ܠܡܣܒܢܝ,,,,Peshitta,PESH
5,Deuteronomy,25,8,Deuteronomy 25:8,1,ܢܩܪܘܢܗ,,,,Peshitta,PESH
5,Deuteronomy,25,8,Deuteronomy 25:8,2,ܣ̈ܒܐ,,,,Peshitta,PESH
5,Deuteronomy,25,8,Deuteronomy 25:8,3,ܕܩܪܝܬܗ,,,,Peshitta,PESH
5,Deuteronomy,25,8,Deuteronomy 25:8,4,ܘܢܡܠܠܘܢ,,,,Peshitta,PESH
5,Deuteronomy,25,8,Deuteronomy 25:8,5,ܥܡܗ,,,,Peshitta,PESH
5,Deuteronomy,25,8,Deuteronomy 25:8,6,ܘܐܢ,,,,Peshitta,PESH
5,Deuteronomy,25,8,Deuteronomy 25:8,7,ܢܩܘܡ,,,,Peshitta,PESH
5,Deuteronomy,25,8,Deuteronomy 25:8,8,ܘܢܐܡܪ,,,,Peshitta,PESH
5,Deuteronomy,25,8,Deuteronomy 25:8,9,ܕܠܐ,,,,Peshitta,PESH
5,Deuteronomy,25,8,Deuteronomy 25:8,10,ܢ̇ܣܒ,,,,Peshitta,PESH
5,Deuteronomy,25,8,Deuteronomy 25:8,11,ܐܢܐ,,,,Peshitta,PESH
5,Deuteronomy,25,8,Deuteronomy 25:8,12,ܠܗ̇,,,,Peshitta,PESH
5,Deuteronomy,25,9,Deuteronomy 25:9,1,ܬܩܪܘܒ,,,,Peshitta,PESH
5,Deuteronomy,25,9,Deuteronomy 25:9,2,ܐܝܒܡܬܗ,,,,Peshitta,PESH
5,Deuteronomy,25,9,Deuteronomy 25:9,3,ܠܘܬܗ,,,,Peshitta,PESH
5,Deuteronomy,25,9,Deuteronomy 25:9,4,ܩܕܡ,,,,Peshitta,PESH
5,Deuteronomy,25,9,Deuteronomy 25:9,5,ܣܒ̈ܐ,,,,Peshitta,PESH
5,Deuteronomy,25,9,Deuteronomy 25:9,6,ܘܬܫܪܐ,,,,Peshitta,PESH
5,Deuteronomy,25,9,Deuteronomy 25:9,7,ܡܣܢܗ,,,,Peshitta,PESH
5,Deuteronomy,25,9,Deuteronomy 25:9,8,ܡܢ,,,,Peshitta,PESH
5,Deuteronomy,25,9,Deuteronomy 25:9,9,ܪܓܠܗ,,,,Peshitta,PESH
5,Deuteronomy,25,9,Deuteronomy 25:9,10,ܘܬܪܘܩ,,,,Peshitta,PESH
5,Deuteronomy,25,9,Deuteronomy 25:9,11,ܒܐ̈ܦܘܗܝ,,,,Peshitta,PESH
5,Deuteronomy,25,9,Deuteronomy 25:9,12,ܘܬܐܡܪ,,,,Peshitta,PESH
5,Deuteronomy,25,9,Deuteronomy 25:9,13,ܗܟܢܐ,,,,Peshitta,PESH
5,Deuteronomy,25,9,Deuteronomy 25:9,14,ܢܬܥܒܕ,,,,Peshitta,PESH
5,Deuteronomy,25,9,Deuteronomy 25:9,15,ܠܓܒܪܐ,,,,Peshitta,PESH
5,Deuteronomy,25,9,Deuteronomy 25:9,16,ܕܠܐ,,,,Peshitta,PESH
5,Deuteronomy,25,9,Deuteronomy 25:9,17,ܢܒܢܐ,,,,Peshitta,PESH
5,Deuteronomy,25,9,Deuteronomy 25:9,18,ܒܝܬܐ,,,,Peshitta,PESH
5,Deuteronomy,25,9,Deuteronomy 25:9,19,ܠܐܚܘܗܝ,,,,Peshitta,PESH
5,Deuteronomy,25,10,Deuteronomy 25:10,1,ܘܢܬܩܪܐ,,,,Peshitta,PESH
5,Deuteronomy,25,10,Deuteronomy 25:10,2,ܫܡܗ,,,,Peshitta,PESH
5,Deuteronomy,25,10,Deuteronomy 25:10,3,ܒܐܝܣܪܝܠ,,,,Peshitta,PESH
5,Deuteronomy,25,10,Deuteronomy 25:10,4,ܒܝܬ,,,,Peshitta,PESH
5,Deuteronomy,25,10,Deuteronomy 25:10,5,ܫܪܐ,,,,Peshitta,PESH
5,Deuteronomy,25,10,Deuteronomy 25:10,6,ܡܣܢܐ,,,,Peshitta,PESH
5,Deuteronomy,25,11,Deuteronomy 25:11,1,ܘܟܕ,,,,Peshitta,PESH
5,Deuteronomy,25,11,Deuteronomy 25:11,2,ܢܨܘܢ,,,,Peshitta,PESH
5,Deuteronomy,25,11,Deuteronomy 25:11,3,ܓܒܪܐ,,,,Peshitta,PESH
5,Deuteronomy,25,11,Deuteronomy 25:11,4,ܘܐܚܘܗܝ,,,,Peshitta,PESH
5,Deuteronomy,25,11,Deuteronomy 25:11,5,ܚܕ,,,,Peshitta,PESH
5,Deuteronomy,25,11,Deuteronomy 25:11,6,ܥܡ,,,,Peshitta,PESH
5,Deuteronomy,25,11,Deuteronomy 25:11,7,ܚܕ,,,,Peshitta,PESH
5,Deuteronomy,25,11,Deuteronomy 25:11,8,ܘܬܩܪܘܒ,,,,Peshitta,PESH
5,Deuteronomy,25,11,Deuteronomy 25:11,9,ܐܢܬܬ,,,,Peshitta,PESH
5,Deuteronomy,25,11,Deuteronomy 25:11,10,ܚܕ,,,,Peshitta,PESH
5,Deuteronomy,25,11,Deuteronomy 25:11,11,ܡܢܗܘܢ,,,,Peshitta,PESH
5,Deuteronomy,25,11,Deuteronomy 25:11,12,ܠܡܦܨܝܘ,,,,Peshitta,PESH
5,Deuteronomy,25,11,Deuteronomy 25:11,13,ܒܥܠܗ̇,,,,Peshitta,PESH
5,Deuteronomy,25,11,Deuteronomy 25:11,14,ܡܢ,,,,Peshitta,PESH
5,Deuteronomy,25,11,Deuteronomy 25:11,15,ܐ̈ܝܕܝ,,,,Peshitta,PESH
5,Deuteronomy,25,11,Deuteronomy 25:11,16,ܡ̇ܢ,,,,Peshitta,PESH
5,Deuteronomy,25,11,Deuteronomy 25:11,17,ܕܡܬܟܬܫ,,,,Peshitta,PESH
5,Deuteronomy,25,11,Deuteronomy 25:11,18,ܥܡܗ,,,,Peshitta,PESH
5,Deuteronomy,25,11,Deuteronomy 25:11,19,ܘܬܘܫܛ,,,,Peshitta,PESH
5,Deuteronomy,25,11,Deuteronomy 25:11,20,ܐܝܕܗ̇,,,,Peshitta,PESH
5,Deuteronomy,25,11,Deuteronomy 25:11,21,ܘܬܐܚܘܕ,,,,Peshitta,PESH
5,Deuteronomy,25,11,Deuteronomy 25:11,22,ܒܚܢܗ,,,,Peshitta,PESH
5,Deuteronomy,25,12,Deuteronomy 25:12,1,ܦܣܘܩ,,,,Peshitta,PESH
5,Deuteronomy,25,12,Deuteronomy 25:12,2,ܐܝܕܗ̇,,,,Peshitta,PESH
5,Deuteronomy,25,12,Deuteronomy 25:12,3,ܘܠܐ,,,,Peshitta,PESH
5,Deuteronomy,25,12,Deuteronomy 25:12,4,ܬܚܘܣ,,,,Peshitta,PESH
5,Deuteronomy,25,12,Deuteronomy 25:12,5,ܥܝܢܟ,,,,Peshitta,PESH
5,Deuteronomy,25,12,Deuteronomy 25:12,6,ܥܠܝܗ̇,,,,Peshitta,PESH
5,Deuteronomy,25,13,Deuteronomy 25:13,1,ܠܐ,,,,Peshitta,PESH
5,Deuteronomy,25,13,Deuteronomy 25:13,2,ܢܗܘܐ,,,,Peshitta,PESH
5,Deuteronomy,25,13,Deuteronomy 25:13,3,ܠܟ,,,,Peshitta,PESH
5,Deuteronomy,25,13,Deuteronomy 25:13,4,ܒܡܪܣܘܦܟ,,,,Peshitta,PESH
5,Deuteronomy,25,13,Deuteronomy 25:13,5,ܡܬܩܠܐ,,,,Peshitta,PESH
5,Deuteronomy,25,13,Deuteronomy 25:13,6,ܘܡܬܩܠܐ,,,,Peshitta,PESH
5,Deuteronomy,25,13,Deuteronomy 25:13,7,ܪܒܐ,,,,Peshitta,PESH
5,Deuteronomy,25,13,Deuteronomy 25:13,8,ܘܙܥܘܪܐ,,,,Peshitta,PESH
5,Deuteronomy,25,14,Deuteronomy 25:14,1,ܠܐ,,,,Peshitta,PESH
5,Deuteronomy,25,14,Deuteronomy 25:14,2,ܬܗܘܐ,,,,Peshitta,PESH
5,Deuteronomy,25,14,Deuteronomy 25:14,3,ܠܟ,,,,Peshitta,PESH
5,Deuteronomy,25,14,Deuteronomy 25:14,4,ܒܒܝܬܟ,,,,Peshitta,PESH
5,Deuteronomy,25,14,Deuteronomy 25:14,5,ܟܝܠܬܐ,,,,Peshitta,PESH
5,Deuteronomy,25,14,Deuteronomy 25:14,6,ܘܟܝܠܬܐ,,,,Peshitta,PESH
5,Deuteronomy,25,14,Deuteronomy 25:14,7,ܪܒܬܐ,,,,Peshitta,PESH
5,Deuteronomy,25,14,Deuteronomy 25:14,8,ܘܙܥܘܪܬܐ,,,,Peshitta,PESH
5,Deuteronomy,25,15,Deuteronomy 25:15,1,ܡܬܩܠܐ,,,,Peshitta,PESH
5,Deuteronomy,25,15,Deuteronomy 25:15,2,ܫܠܡܐ,,,,Peshitta,PESH
5,Deuteronomy,25,15,Deuteronomy 25:15,3,ܕܙܕܝܩܘܬܐ,,,,Peshitta,PESH
5,Deuteronomy,25,15,Deuteronomy 25:15,4,ܢܗܘܐ,,,,Peshitta,PESH
5,Deuteronomy,25,15,Deuteronomy 25:15,5,ܠܟ,,,,Peshitta,PESH
5,Deuteronomy,25,15,Deuteronomy 25:15,6,ܘܟܝܠܬܐ,,,,Peshitta,PESH
5,Deuteronomy,25,15,Deuteronomy 25:15,7,ܬܪܝܨܬܐ,,,,Peshitta,PESH
5,Deuteronomy,25,15,Deuteronomy 25:15,8,ܕܙܕܝܩܘܬܐ,,,,Peshitta,PESH
5,Deuteronomy,25,15,Deuteronomy 25:15,9,ܬܗܘܐ,,,,Peshitta,PESH
5,Deuteronomy,25,15,Deuteronomy 25:15,10,ܠܟ,,,,Peshitta,PESH
5,Deuteronomy,25,15,Deuteronomy 25:15,11,ܕܢܣܓܘܢ,,,,Peshitta,PESH
5,Deuteronomy,25,15,Deuteronomy 25:15,12,ܝܘܡ̈ܝܟ,,,,Peshitta,PESH
5,Deuteronomy,25,15,Deuteronomy 25:15,13,ܒܐܪܥܐ,,,,Peshitta,PESH
5,Deuteronomy,25,15,Deuteronomy 25:15,14,ܕܝ̇ܗܒ,,,,Peshitta,PESH
5,Deuteronomy,25,15,Deuteronomy 25:15,15,ܠܟ,,,,Peshitta,PESH
5,Deuteronomy,25,15,Deuteronomy 25:15,16,ܡܪܝܐ,,,,Peshitta,PESH
5,Deuteronomy,25,15,Deuteronomy 25:15,17,ܐܠܗܟ,,,,Peshitta,PESH
5,Deuteronomy,25,16,Deuteronomy 25:16,1,ܡܛܠ,,,,Peshitta,PESH
5,Deuteronomy,25,16,Deuteronomy 25:16,2,ܕܛܡܐ,,,,Peshitta,PESH
5,Deuteronomy,25,16,Deuteronomy 25:16,3,ܗܘ,,,,Peshitta,PESH
5,Deuteronomy,25,16,Deuteronomy 25:16,4,ܩܕܡ,,,,Peshitta,PESH
5,Deuteronomy,25,16,Deuteronomy 25:16,5,ܡܪܝܐ,,,,Peshitta,PESH
5,Deuteronomy,25,16,Deuteronomy 25:16,6,ܐܠܗܟ,,,,Peshitta,PESH
5,Deuteronomy,25,16,Deuteronomy 25:16,7,ܟܠ,,,,Peshitta,PESH
5,Deuteronomy,25,16,Deuteronomy 25:16,8,ܡ̇ܢ,,,,Peshitta,PESH
5,Deuteronomy,25,16,Deuteronomy 25:16,9,ܕܥ̇ܒܕ,,,,Peshitta,PESH
5,Deuteronomy,25,16,Deuteronomy 25:16,10,ܗܠܝܢ,,,,Peshitta,PESH
5,Deuteronomy,25,16,Deuteronomy 25:16,11,ܘܟܠ,,,,Peshitta,PESH
5,Deuteronomy,25,16,Deuteronomy 25:16,12,ܡ̇ܢ,,,,Peshitta,PESH
5,Deuteronomy,25,16,Deuteronomy 25:16,13,ܕܥ̇ܒܕ,,,,Peshitta,PESH
5,Deuteronomy,25,16,Deuteronomy 25:16,14,ܥܘܠܐ,,,,Peshitta,PESH
5,Deuteronomy,25,17,Deuteronomy 25:17,1,ܐܬܕܟܪ,,,,Peshitta,PESH
5,Deuteronomy,25,17,Deuteronomy 25:17,2,ܟܘܠ,,,,Peshitta,PESH
5,Deuteronomy,25,17,Deuteronomy 25:17,3,ܡܕܡ,,,,Peshitta,PESH
5,Deuteronomy,25,17,Deuteronomy 25:17,4,ܕܥܒܕ,,,,Peshitta,PESH
5,Deuteronomy,25,17,Deuteronomy 25:17,5,ܠܟ,,,,Peshitta,PESH
5,Deuteronomy,25,17,Deuteronomy 25:17,6,ܥܡܠܝܩ,,,,Peshitta,PESH
5,Deuteronomy,25,17,Deuteronomy 25:17,7,ܒܐܘܪܚܐ,,,,Peshitta,PESH
5,Deuteronomy,25,17,Deuteronomy 25:17,8,ܟܕ,,,,Peshitta,PESH
5,Deuteronomy,25,17,Deuteronomy 25:17,9,ܢܦܩܬܘܢ,,,,Peshitta,PESH
5,Deuteronomy,25,17,Deuteronomy 25:17,10,ܡܢ,,,,Peshitta,PESH
5,Deuteronomy,25,17,Deuteronomy 25:17,11,ܡܨܪܝܢ,,,,Peshitta,PESH
5,Deuteronomy,25,18,Deuteronomy 25:18,1,ܕܐܪܥܟܘܢ,,,,Peshitta,PESH
5,Deuteronomy,25,18,Deuteronomy 25:18,2,ܒܚܪܒܐ,,,,Peshitta,PESH
5,Deuteronomy,25,18,Deuteronomy 25:18,3,ܘܩܛܠ,,,,Peshitta,PESH
5,Deuteronomy,25,18,Deuteronomy 25:18,4,ܒܟܘܢ,,,,Peshitta,PESH
5,Deuteronomy,25,18,Deuteronomy 25:18,5,ܟܠ,,,,Peshitta,PESH
5,Deuteronomy,25,18,Deuteronomy 25:18,6,ܕܦܫ,,,,Peshitta,PESH
5,Deuteronomy,25,18,Deuteronomy 25:18,7,ܒܬܪܟܘܢ,,,,Peshitta,PESH
5,Deuteronomy,25,18,Deuteronomy 25:18,8,ܘܐܢܬ,,,,Peshitta,PESH
5,Deuteronomy,25,18,Deuteronomy 25:18,9,ܡܛܪܦ,,,,Peshitta,PESH
5,Deuteronomy,25,18,Deuteronomy 25:18,10,ܘܠܐܐ,,,,Peshitta,PESH
5,Deuteronomy,25,18,Deuteronomy 25:18,11,ܘܠܐ,,,,Peshitta,PESH
5,Deuteronomy,25,18,Deuteronomy 25:18,12,ܕܚܠ,,,,Peshitta,PESH
5,Deuteronomy,25,18,Deuteronomy 25:18,13,ܡܢ,,,,Peshitta,PESH
5,Deuteronomy,25,18,Deuteronomy 25:18,14,ܩܕܡ,,,,Peshitta,PESH
5,Deuteronomy,25,18,Deuteronomy 25:18,15,ܡܪܝܐ,,,,Peshitta,PESH
5,Deuteronomy,25,18,Deuteronomy 25:18,16,ܐܠܗܟ,,,,Peshitta,PESH
5,Deuteronomy,25,19,Deuteronomy 25:19,1,ܘܡܐ,,,,Peshitta,PESH
5,Deuteronomy,25,19,Deuteronomy 25:19,2,ܕܐܢܝܚ,,,,Peshitta,PESH
5,Deuteronomy,25,19,Deuteronomy 25:19,3,ܠܟ,,,,Peshitta,PESH
5,Deuteronomy,25,19,Deuteronomy 25:19,4,ܡܪܝܐ,,,,Peshitta,PESH
5,Deuteronomy,25,19,Deuteronomy 25:19,5,ܐܠܗܟ,,,,Peshitta,PESH
5,Deuteronomy,25,19,Deuteronomy 25:19,6,ܡܢ,,,,Peshitta,PESH
5,Deuteronomy,25,19,Deuteronomy 25:19,7,ܟܠܗܘܢ,,,,Peshitta,PESH
5,Deuteronomy,25,19,Deuteronomy 25:19,8,ܒ̈ܥܠܕܒܒܝܟ,,,,Peshitta,PESH
5,Deuteronomy,25,19,Deuteronomy 25:19,9,ܕܒܚܕܪ̈ܝܟ,,,,Peshitta,PESH
5,Deuteronomy,25,19,Deuteronomy 25:19,10,ܒܐܪܥܐ,,,,Peshitta,PESH
5,Deuteronomy,25,19,Deuteronomy 25:19,11,ܕܝ̇ܗܒ,,,,Peshitta,PESH
5,Deuteronomy,25,19,Deuteronomy 25:19,12,ܠܟ,,,,Peshitta,PESH
5,Deuteronomy,25,19,Deuteronomy 25:19,13,ܡܪܝܐ,,,,Peshitta,PESH
5,Deuteronomy,25,19,Deuteronomy 25:19,14,ܐܠܗܟ,,,,Peshitta,PESH
5,Deuteronomy,25,19,Deuteronomy 25:19,15,ܝܘܪܬܢܐ,,,,Peshitta,PESH
5,Deuteronomy,25,19,Deuteronomy 25:19,16,ܥܛܝ,,,,Peshitta,PESH
5,Deuteronomy,25,19,Deuteronomy 25:19,17,ܕܘܟܪܢܗ,,,,Peshitta,PESH
5,Deuteronomy,25,19,Deuteronomy 25:19,18,ܕܥܡܠܝܩ,,,,Peshitta,PESH
5,Deuteronomy,25,19,Deuteronomy 25:19,19,ܡܢ,,,,Peshitta,PESH
5,Deuteronomy,25,19,Deuteronomy 25:19,20,ܬܚܝܬ,,,,Peshitta,PESH
5,Deuteronomy,25,19,Deuteronomy 25:19,21,ܫܡܝܐ,,,,Peshitta,PESH
5,Deuteronomy,25,19,Deuteronomy 25:19,22,ܘܠܐ,,,,Peshitta,PESH
5,Deuteronomy,25,19,Deuteronomy 25:19,23,ܬܛܥܐ,,,,Peshitta,PESH
5,Deuteronomy,26,1,Deuteronomy 26:1,1,ܘܡܐ,,,,Peshitta,PESH
5,Deuteronomy,26,1,Deuteronomy 26:1,2,ܕܥܠܬ,,,,Peshitta,PESH
5,Deuteronomy,26,1,Deuteronomy 26:1,3,ܠܐܪܥܐ,,,,Peshitta,PESH
5,Deuteronomy,26,1,Deuteronomy 26:1,4,ܕܝ̇ܗܒ,,,,Peshitta,PESH
5,Deuteronomy,26,1,Deuteronomy 26:1,5,ܠܟ,,,,Peshitta,PESH
5,Deuteronomy,26,1,Deuteronomy 26:1,6,ܡܪܝܐ,,,,Peshitta,PESH
5,Deuteronomy,26,1,Deuteronomy 26:1,7,ܐܠܗܟ,,,,Peshitta,PESH
5,Deuteronomy,26,1,Deuteronomy 26:1,8,ܝܘܪܬܢܐ,,,,Peshitta,PESH
5,Deuteronomy,26,1,Deuteronomy 26:1,9,ܘܝܪܬܬܗ̇,,,,Peshitta,PESH
5,Deuteronomy,26,1,Deuteronomy 26:1,10,ܘܝܬܒܬ,,,,Peshitta,PESH
5,Deuteronomy,26,1,Deuteronomy 26:1,11,ܒܗ̇,,,,Peshitta,PESH
5,Deuteronomy,26,2,Deuteronomy 26:2,1,ܣܒ,,,,Peshitta,PESH
5,Deuteronomy,26,2,Deuteronomy 26:2,2,ܡܢ,,,,Peshitta,PESH
5,Deuteronomy,26,2,Deuteronomy 26:2,3,ܪܝܫ,,,,Peshitta,PESH
5,Deuteronomy,26,2,Deuteronomy 26:2,4,ܟܘܠܗܘܢ,,,,Peshitta,PESH
5,Deuteronomy,26,2,Deuteronomy 26:2,5,ܦܐܪ̈ܐ,,,,Peshitta,PESH
5,Deuteronomy,26,2,Deuteronomy 26:2,6,ܕܐܪܥܐ,,,,Peshitta,PESH
5,Deuteronomy,26,2,Deuteronomy 26:2,7,ܕܡ̇ܥܠ,,,,Peshitta,PESH
5,Deuteronomy,26,2,Deuteronomy 26:2,8,ܐܢܬ,,,,Peshitta,PESH
5,Deuteronomy,26,2,Deuteronomy 26:2,9,ܡܢ,,,,Peshitta,PESH
5,Deuteronomy,26,2,Deuteronomy 26:2,10,ܐܪܥܐ,,,,Peshitta,PESH
5,Deuteronomy,26,2,Deuteronomy 26:2,11,ܕܝ̇ܗܒ,,,,Peshitta,PESH
5,Deuteronomy,26,2,Deuteronomy 26:2,12,ܠܟ,,,,Peshitta,PESH
5,Deuteronomy,26,2,Deuteronomy 26:2,13,ܡܪܝܐ,,,,Peshitta,PESH
5,Deuteronomy,26,2,Deuteronomy 26:2,14,ܐܠܗܟ,,,,Peshitta,PESH
5,Deuteronomy,26,2,Deuteronomy 26:2,15,ܘܣܝܡ,,,,Peshitta,PESH
5,Deuteronomy,26,2,Deuteronomy 26:2,16,ܒܡܣܢܬܐ,,,,Peshitta,PESH
5,Deuteronomy,26,2,Deuteronomy 26:2,17,ܘܩܘܡ,,,,Peshitta,PESH
5,Deuteronomy,26,2,Deuteronomy 26:2,18,ܙܠ,,,,Peshitta,PESH
5,Deuteronomy,26,2,Deuteronomy 26:2,19,ܠܐܬܪܐ,,,,Peshitta,PESH
5,Deuteronomy,26,2,Deuteronomy 26:2,20,ܕܓ̇ܒܐ,,,,Peshitta,PESH
5,Deuteronomy,26,2,Deuteronomy 26:2,21,ܡܪܝܐ,,,,Peshitta,PESH
5,Deuteronomy,26,2,Deuteronomy 26:2,22,ܐܠܗܟ,,,,Peshitta,PESH
5,Deuteronomy,26,2,Deuteronomy 26:2,23,ܕܢܫܪܐ,,,,Peshitta,PESH
5,Deuteronomy,26,2,Deuteronomy 26:2,24,ܫܡܗ,,,,Peshitta,PESH
5,Deuteronomy,26,2,Deuteronomy 26:2,25,ܬܡܢ,,,,Peshitta,PESH
5,Deuteronomy,26,3,Deuteronomy 26:3,1,ܘܬܐ,,,,Peshitta,PESH
5,Deuteronomy,26,3,Deuteronomy 26:3,2,ܠܘܬ,,,,Peshitta,PESH
5,Deuteronomy,26,3,Deuteronomy 26:3,3,ܟܗܢܐ,,,,Peshitta,PESH
5,Deuteronomy,26,3,Deuteronomy 26:3,4,ܕܢܗܘܐ,,,,Peshitta,PESH
5,Deuteronomy,26,3,Deuteronomy 26:3,5,ܒܝܘܡ̈ܬܐ,,,,Peshitta,PESH
5,Deuteronomy,26,3,Deuteronomy 26:3,6,ܗ̇ܢܘܢ,,,,Peshitta,PESH
5,Deuteronomy,26,3,Deuteronomy 26:3,7,ܘܐܡܪ,,,,Peshitta,PESH
5,Deuteronomy,26,3,Deuteronomy 26:3,8,ܠܗ,,,,Peshitta,PESH
5,Deuteronomy,26,3,Deuteronomy 26:3,9,ܚܘܝܬ,,,,Peshitta,PESH
5,Deuteronomy,26,3,Deuteronomy 26:3,10,ܝܘܡܢܐ,,,,Peshitta,PESH
5,Deuteronomy,26,3,Deuteronomy 26:3,11,ܠܡܪܝܐ,,,,Peshitta,PESH
5,Deuteronomy,26,3,Deuteronomy 26:3,12,ܐܠܗܟ,,,,Peshitta,PESH
5,Deuteronomy,26,3,Deuteronomy 26:3,13,ܕܐܬ̇ܝܬ,,,,Peshitta,PESH
5,Deuteronomy,26,3,Deuteronomy 26:3,14,ܠܐܪܥܐ,,,,Peshitta,PESH
5,Deuteronomy,26,3,Deuteronomy 26:3,15,ܕܝܡܐ,,,,Peshitta,PESH
5,Deuteronomy,26,3,Deuteronomy 26:3,16,ܡܪܝܐ,,,,Peshitta,PESH
5,Deuteronomy,26,3,Deuteronomy 26:3,17,ܠܐ̈ܒܗܝܢ,,,,Peshitta,PESH
5,Deuteronomy,26,3,Deuteronomy 26:3,18,ܠܡܬܠ,,,,Peshitta,PESH
5,Deuteronomy,26,3,Deuteronomy 26:3,19,ܠܢ,,,,Peshitta,PESH
5,Deuteronomy,26,4,Deuteronomy 26:4,1,ܘܢܣܒ,,,,Peshitta,PESH
5,Deuteronomy,26,4,Deuteronomy 26:4,2,ܟܗܢܐ,,,,Peshitta,PESH
5,Deuteronomy,26,4,Deuteronomy 26:4,3,ܡܣܢܬܐ,,,,Peshitta,PESH
5,Deuteronomy,26,4,Deuteronomy 26:4,4,ܡܢ,,,,Peshitta,PESH
5,Deuteronomy,26,4,Deuteronomy 26:4,5,ܐܝܕܟ,,,,Peshitta,PESH
5,Deuteronomy,26,4,Deuteronomy 26:4,6,ܘܢܣܝܡܝܗ̇,,,,Peshitta,PESH
5,Deuteronomy,26,4,Deuteronomy 26:4,7,ܩܕܡ,,,,Peshitta,PESH
5,Deuteronomy,26,4,Deuteronomy 26:4,8,ܡܪܝܐ,,,,Peshitta,PESH
5,Deuteronomy,26,4,Deuteronomy 26:4,9,ܐܠܗܟ,,,,Peshitta,PESH
5,Deuteronomy,26,5,Deuteronomy 26:5,1,ܘܥܢܝ,,,,Peshitta,PESH
5,Deuteronomy,26,5,Deuteronomy 26:5,2,ܘܐܡܪ,,,,Peshitta,PESH
5,Deuteronomy,26,5,Deuteronomy 26:5,3,ܩܕܡ,,,,Peshitta,PESH
5,Deuteronomy,26,5,Deuteronomy 26:5,4,ܡܪܝܐ,,,,Peshitta,PESH
5,Deuteronomy,26,5,Deuteronomy 26:5,5,ܐܠܗܟ,,,,Peshitta,PESH
5,Deuteronomy,26,5,Deuteronomy 26:5,6,ܠܐܪܡ,,,,Peshitta,PESH
5,Deuteronomy,26,5,Deuteronomy 26:5,7,ܐܬܕܒܪ,,,,Peshitta,PESH
5,Deuteronomy,26,5,Deuteronomy 26:5,8,ܐܒܝ,,,,Peshitta,PESH
5,Deuteronomy,26,5,Deuteronomy 26:5,9,ܘܢܚܬ,,,,Peshitta,PESH
5,Deuteronomy,26,5,Deuteronomy 26:5,10,ܠܡܨܪܝܢ,,,,Peshitta,PESH
5,Deuteronomy,26,5,Deuteronomy 26:5,11,ܘܥܡܪ,,,,Peshitta,PESH
5,Deuteronomy,26,5,Deuteronomy 26:5,12,ܬܡܢ,,,,Peshitta,PESH
5,Deuteronomy,26,5,Deuteronomy 26:5,13,ܙܒܢܐ,,,,Peshitta,PESH
5,Deuteronomy,26,5,Deuteronomy 26:5,14,ܙܥܘܪܐ,,,,Peshitta,PESH
5,Deuteronomy,26,5,Deuteronomy 26:5,15,ܘܗܘܐ,,,,Peshitta,PESH
5,Deuteronomy,26,5,Deuteronomy 26:5,16,ܬܡܢ,,,,Peshitta,PESH
5,Deuteronomy,26,5,Deuteronomy 26:5,17,ܠܥܡܐ,,,,Peshitta,PESH
5,Deuteronomy,26,5,Deuteronomy 26:5,18,ܪܒܐ,,,,Peshitta,PESH
5,Deuteronomy,26,5,Deuteronomy 26:5,19,ܘܥܫܝܢܐ,,,,Peshitta,PESH
5,Deuteronomy,26,6,Deuteronomy 26:6,1,ܘܐܒܐܫܘ,,,,Peshitta,PESH
5,Deuteronomy,26,6,Deuteronomy 26:6,2,ܠܢ,,,,Peshitta,PESH
5,Deuteronomy,26,6,Deuteronomy 26:6,3,ܡܨܪ̈ܝܐ,,,,Peshitta,PESH
5,Deuteronomy,26,6,Deuteronomy 26:6,4,ܘܡܟܟܘܢ,,,,Peshitta,PESH
5,Deuteronomy,26,6,Deuteronomy 26:6,5,ܘܣܡܘ,,,,Peshitta,PESH
5,Deuteronomy,26,6,Deuteronomy 26:6,6,ܥܠܝܢ,,,,Peshitta,PESH
5,Deuteronomy,26,6,Deuteronomy 26:6,7,ܦܘܠܚܢܐ,,,,Peshitta,PESH
5,Deuteronomy,26,6,Deuteronomy 26:6,8,ܩܫܝܐ,,,,Peshitta,PESH
5,Deuteronomy,26,7,Deuteronomy 26:7,1,ܘܓܥܝܢ,,,,Peshitta,PESH
5,Deuteronomy,26,7,Deuteronomy 26:7,2,ܠܘܬ,,,,Peshitta,PESH
5,Deuteronomy,26,7,Deuteronomy 26:7,3,ܡܪܝܐ,,,,Peshitta,PESH
5,Deuteronomy,26,7,Deuteronomy 26:7,4,ܐܠܗܐ,,,,Peshitta,PESH
5,Deuteronomy,26,7,Deuteronomy 26:7,5,ܕܐ̈ܒܗܝܢ,,,,Peshitta,PESH
5,Deuteronomy,26,7,Deuteronomy 26:7,6,ܘܫܡܥ,,,,Peshitta,PESH
5,Deuteronomy,26,7,Deuteronomy 26:7,7,ܡܪܝܐ,,,,Peshitta,PESH
5,Deuteronomy,26,7,Deuteronomy 26:7,8,ܩܠܢ,,,,Peshitta,PESH
5,Deuteronomy,26,7,Deuteronomy 26:7,9,ܘܚܙܐ,,,,Peshitta,PESH
5,Deuteronomy,26,7,Deuteronomy 26:7,10,ܡܘܟܟܢ,,,,Peshitta,PESH
5,Deuteronomy,26,7,Deuteronomy 26:7,11,ܘܥܡܠܢ,,,,Peshitta,PESH
5,Deuteronomy,26,7,Deuteronomy 26:7,12,ܘܐܘܠܨܢܝܢ,,,,Peshitta,PESH
5,Deuteronomy,26,8,Deuteronomy 26:8,1,ܘܐܦܩܢ,,,,Peshitta,PESH
5,Deuteronomy,26,8,Deuteronomy 26:8,2,ܡܪܝܐ,,,,Peshitta,PESH
5,Deuteronomy,26,8,Deuteronomy 26:8,3,ܡܢ,,,,Peshitta,PESH
5,Deuteronomy,26,8,Deuteronomy 26:8,4,ܡܨܪܝܢ,,,,Peshitta,PESH
5,Deuteronomy,26,8,Deuteronomy 26:8,5,ܒܐܝܕܐ,,,,Peshitta,PESH
5,Deuteronomy,26,8,Deuteronomy 26:8,6,ܥܫܝܢܬܐ,,,,Peshitta,PESH
5,Deuteronomy,26,8,Deuteronomy 26:8,7,ܘܒܕܪܥܐ,,,,Peshitta,PESH
5,Deuteronomy,26,8,Deuteronomy 26:8,8,ܪܡܐ,,,,Peshitta,PESH
5,Deuteronomy,26,8,Deuteronomy 26:8,9,ܘܒܚܙܘܐ,,,,Peshitta,PESH
5,Deuteronomy,26,8,Deuteronomy 26:8,10,ܪܒܐ,,,,Peshitta,PESH
5,Deuteronomy,26,8,Deuteronomy 26:8,11,ܘܒܐ̈ܬܘܬܐ,,,,Peshitta,PESH
5,Deuteronomy,26,8,Deuteronomy 26:8,12,ܘܒܬܕܡܪ̈ܬܐ,,,,Peshitta,PESH
5,Deuteronomy,26,9,Deuteronomy 26:9,1,ܘܐܬܝܢ,,,,Peshitta,PESH
5,Deuteronomy,26,9,Deuteronomy 26:9,2,ܠܐܬܪܐ,,,,Peshitta,PESH
5,Deuteronomy,26,9,Deuteronomy 26:9,3,ܗܢܐ,,,,Peshitta,PESH
5,Deuteronomy,26,9,Deuteronomy 26:9,4,ܘܝܗܒ,,,,Peshitta,PESH
5,Deuteronomy,26,9,Deuteronomy 26:9,5,ܠܢ,,,,Peshitta,PESH
5,Deuteronomy,26,9,Deuteronomy 26:9,6,ܡܪܝܐ,,,,Peshitta,PESH
5,Deuteronomy,26,9,Deuteronomy 26:9,7,ܐܪܥܐ,,,,Peshitta,PESH
5,Deuteronomy,26,9,Deuteronomy 26:9,8,ܗܕܐ,,,,Peshitta,PESH
5,Deuteronomy,26,9,Deuteronomy 26:9,9,ܐܪܥܐ,,,,Peshitta,PESH
5,Deuteronomy,26,9,Deuteronomy 26:9,10,ܕܡܪܕܝܐ,,,,Peshitta,PESH
5,Deuteronomy,26,9,Deuteronomy 26:9,11,ܚܠܒܐ,,,,Peshitta,PESH
5,Deuteronomy,26,9,Deuteronomy 26:9,12,ܘܕܒܫܐ,,,,Peshitta,PESH
5,Deuteronomy,26,10,Deuteronomy 26:10,1,ܘܗܫܐ,,,,Peshitta,PESH
5,Deuteronomy,26,10,Deuteronomy 26:10,2,ܗܐ,,,,Peshitta,PESH
5,Deuteronomy,26,10,Deuteronomy 26:10,3,ܐܝܬ̇ܝܬ,,,,Peshitta,PESH
5,Deuteronomy,26,10,Deuteronomy 26:10,4,ܪܫܝܬܐ,,,,Peshitta,PESH
5,Deuteronomy,26,10,Deuteronomy 26:10,5,ܕܦܐܪ̈ܐ,,,,Peshitta,PESH
5,Deuteronomy,26,10,Deuteronomy 26:10,6,ܕܐܪܥܐ,,,,Peshitta,PESH
5,Deuteronomy,26,10,Deuteronomy 26:10,7,ܕܝܗܒ,,,,Peshitta,PESH
5,Deuteronomy,26,10,Deuteronomy 26:10,8,ܠܝ,,,,Peshitta,PESH
5,Deuteronomy,26,10,Deuteronomy 26:10,9,ܡܪܝܐ,,,,Peshitta,PESH
5,Deuteronomy,26,10,Deuteronomy 26:10,10,ܘܣܝܡܝܗ̇,,,,Peshitta,PESH
5,Deuteronomy,26,10,Deuteronomy 26:10,11,ܩܕܡ,,,,Peshitta,PESH
5,Deuteronomy,26,10,Deuteronomy 26:10,12,ܡܪܝܐ,,,,Peshitta,PESH
5,Deuteronomy,26,10,Deuteronomy 26:10,13,ܐܠܗܟ,,,,Peshitta,PESH
5,Deuteronomy,26,10,Deuteronomy 26:10,14,ܘܣܓܘܕ,,,,Peshitta,PESH
5,Deuteronomy,26,10,Deuteronomy 26:10,15,ܬܡܢ,,,,Peshitta,PESH
5,Deuteronomy,26,10,Deuteronomy 26:10,16,ܩܕܡ,,,,Peshitta,PESH
5,Deuteronomy,26,10,Deuteronomy 26:10,17,ܡܪܝܐ,,,,Peshitta,PESH
5,Deuteronomy,26,10,Deuteronomy 26:10,18,ܐܠܗܟ,,,,Peshitta,PESH
5,Deuteronomy,26,11,Deuteronomy 26:11,1,ܘܚܕܝ,,,,Peshitta,PESH
5,Deuteronomy,26,11,Deuteronomy 26:11,2,ܒܟܘܠ,,,,Peshitta,PESH
5,Deuteronomy,26,11,Deuteronomy 26:11,3,ܛܒ̈ܬܐ,,,,Peshitta,PESH
5,Deuteronomy,26,11,Deuteronomy 26:11,4,ܕܝ̇ܗܒ,,,,Peshitta,PESH
5,Deuteronomy,26,11,Deuteronomy 26:11,5,ܠܟ,,,,Peshitta,PESH
5,Deuteronomy,26,11,Deuteronomy 26:11,6,ܡܪܝܐ,,,,Peshitta,PESH
5,Deuteronomy,26,11,Deuteronomy 26:11,7,ܐܠܗܟ,,,,Peshitta,PESH
5,Deuteronomy,26,11,Deuteronomy 26:11,8,ܘܠܒܝܬܟ,,,,Peshitta,PESH
5,Deuteronomy,26,11,Deuteronomy 26:11,9,ܐܢܬ,,,,Peshitta,PESH
5,Deuteronomy,26,11,Deuteronomy 26:11,10,ܘܠܘܝܐ,,,,Peshitta,PESH
5,Deuteronomy,26,11,Deuteronomy 26:11,11,ܘܥܡܘܪܐ,,,,Peshitta,PESH
5,Deuteronomy,26,11,Deuteronomy 26:11,12,ܕܒܓܘܟ,,,,Peshitta,PESH
5,Deuteronomy,26,12,Deuteronomy 26:12,1,ܘܡܐ,,,,Peshitta,PESH
5,Deuteronomy,26,12,Deuteronomy 26:12,2,ܕܫܠܡܬ,,,,Peshitta,PESH
5,Deuteronomy,26,12,Deuteronomy 26:12,3,ܠܡܥܣܪܘ,,,,Peshitta,PESH
5,Deuteronomy,26,12,Deuteronomy 26:12,4,ܟܠܗ,,,,Peshitta,PESH
5,Deuteronomy,26,12,Deuteronomy 26:12,5,ܡܥܣܪܐ,,,,Peshitta,PESH
5,Deuteronomy,26,12,Deuteronomy 26:12,6,ܕܥܠܠܬܟ,,,,Peshitta,PESH
5,Deuteronomy,26,12,Deuteronomy 26:12,7,ܒܫܢܬܐ,,,,Peshitta,PESH
5,Deuteronomy,26,12,Deuteronomy 26:12,8,ܕܬܠܬ,,,,Peshitta,PESH
5,Deuteronomy,26,12,Deuteronomy 26:12,9,ܕܗܝ,,,,Peshitta,PESH
5,Deuteronomy,26,12,Deuteronomy 26:12,10,ܗܝ,,,,Peshitta,PESH
5,Deuteronomy,26,12,Deuteronomy 26:12,11,ܫܢܬ,,,,Peshitta,PESH
5,Deuteronomy,26,12,Deuteronomy 26:12,12,ܡܥܣܪ̈ܐ,,,,Peshitta,PESH
5,Deuteronomy,26,12,Deuteronomy 26:12,13,ܗܒ,,,,Peshitta,PESH
5,Deuteronomy,26,12,Deuteronomy 26:12,14,ܠܠܘܝܐ,,,,Peshitta,PESH
5,Deuteronomy,26,12,Deuteronomy 26:12,15,ܘܠܥܡܘܪܐ,,,,Peshitta,PESH
5,Deuteronomy,26,12,Deuteronomy 26:12,16,ܘܠܝܬܡܐ,,,,Peshitta,PESH
5,Deuteronomy,26,12,Deuteronomy 26:12,17,ܘܠܐܪܡܠܬܐ,,,,Peshitta,PESH
5,Deuteronomy,26,12,Deuteronomy 26:12,18,ܘܢܐܟܠܘܢ,,,,Peshitta,PESH
5,Deuteronomy,26,12,Deuteronomy 26:12,19,ܒܩܘܪ̈ܝܟ,,,,Peshitta,PESH
5,Deuteronomy,26,12,Deuteronomy 26:12,20,ܘܢܣܒܥܘܢ,,,,Peshitta,PESH
5,Deuteronomy,26,13,Deuteronomy 26:13,1,ܘܐܡܪ,,,,Peshitta,PESH
5,Deuteronomy,26,13,Deuteronomy 26:13,2,ܩܕܡ,,,,Peshitta,PESH
5,Deuteronomy,26,13,Deuteronomy 26:13,3,ܡܪܝܐ,,,,Peshitta,PESH
5,Deuteronomy,26,13,Deuteronomy 26:13,4,ܐܠܗܟ,,,,Peshitta,PESH
5,Deuteronomy,26,13,Deuteronomy 26:13,5,ܒܨ̇ܝܬ,,,,Peshitta,PESH
5,Deuteronomy,26,13,Deuteronomy 26:13,6,ܩܘܕܫܐ,,,,Peshitta,PESH
5,Deuteronomy,26,13,Deuteronomy 26:13,7,ܡܢ,,,,Peshitta,PESH
5,Deuteronomy,26,13,Deuteronomy 26:13,8,ܒܝܬܐ,,,,Peshitta,PESH
5,Deuteronomy,26,13,Deuteronomy 26:13,9,ܘܝܗ̇ܒܬ,,,,Peshitta,PESH
5,Deuteronomy,26,13,Deuteronomy 26:13,10,ܠܠܘܝܐ,,,,Peshitta,PESH
5,Deuteronomy,26,13,Deuteronomy 26:13,11,ܘܠܥܡܘܪܐ,,,,Peshitta,PESH
5,Deuteronomy,26,13,Deuteronomy 26:13,12,ܘܠܝܬܡܐ,,,,Peshitta,PESH
5,Deuteronomy,26,13,Deuteronomy 26:13,13,ܘܠܐܪܡܠܬܐ,,,,Peshitta,PESH
5,Deuteronomy,26,13,Deuteronomy 26:13,14,ܐܝܟ,,,,Peshitta,PESH
5,Deuteronomy,26,13,Deuteronomy 26:13,15,ܟܠܗܘܢ,,,,Peshitta,PESH
5,Deuteronomy,26,13,Deuteronomy 26:13,16,ܦܘܩ̈ܕܢܐ,,,,Peshitta,PESH
5,Deuteronomy,26,13,Deuteronomy 26:13,17,ܕܦ̇ܩܕܬܢܝ,,,,Peshitta,PESH
5,Deuteronomy,26,13,Deuteronomy 26:13,18,ܠܐ,,,,Peshitta,PESH
5,Deuteronomy,26,13,Deuteronomy 26:13,19,ܥ̇ܒܪܬ,,,,Peshitta,PESH
5,Deuteronomy,26,13,Deuteronomy 26:13,20,ܡܢ,,,,Peshitta,PESH
5,Deuteronomy,26,13,Deuteronomy 26:13,21,ܦܘܩ̈ܕܢܝܟ,,,,Peshitta,PESH
5,Deuteronomy,26,13,Deuteronomy 26:13,22,ܘܠܐ,,,,Peshitta,PESH
5,Deuteronomy,26,13,Deuteronomy 26:13,23,ܛܥ̇ܝܬ,,,,Peshitta,PESH
5,Deuteronomy,26,14,Deuteronomy 26:14,1,ܘܠܐ,,,,Peshitta,PESH
5,Deuteronomy,26,14,Deuteronomy 26:14,2,ܐܟ̇ܠܬ,,,,Peshitta,PESH
5,Deuteronomy,26,14,Deuteronomy 26:14,3,ܒܐܒܠܝ,,,,Peshitta,PESH
5,Deuteronomy,26,14,Deuteronomy 26:14,4,ܡܢܗ,,,,Peshitta,PESH
5,Deuteronomy,26,14,Deuteronomy 26:14,5,ܘܠܐ,,,,Peshitta,PESH
5,Deuteronomy,26,14,Deuteronomy 26:14,6,ܒܨܝܬܗ,,,,Peshitta,PESH
5,Deuteronomy,26,14,Deuteronomy 26:14,7,ܟܕ,,,,Peshitta,PESH
5,Deuteronomy,26,14,Deuteronomy 26:14,8,ܛܡܐ,,,,Peshitta,PESH
5,Deuteronomy,26,14,Deuteronomy 26:14,9,ܐܢܐ,,,,Peshitta,PESH
5,Deuteronomy,26,14,Deuteronomy 26:14,10,ܘܠܐ,,,,Peshitta,PESH
5,Deuteronomy,26,14,Deuteronomy 26:14,11,ܣ̇ܡܬ,,,,Peshitta,PESH
5,Deuteronomy,26,14,Deuteronomy 26:14,12,ܡܢܗ,,,,Peshitta,PESH
5,Deuteronomy,26,14,Deuteronomy 26:14,13,ܠܡܝܬܐ,,,,Peshitta,PESH
5,Deuteronomy,26,14,Deuteronomy 26:14,14,ܐܠܐ,,,,Peshitta,PESH
5,Deuteronomy,26,14,Deuteronomy 26:14,15,ܫܡ̇ܥܬ,,,,Peshitta,PESH
5,Deuteronomy,26,14,Deuteronomy 26:14,16,ܒܩܠܗ,,,,Peshitta,PESH
5,Deuteronomy,26,14,Deuteronomy 26:14,17,ܕܡܪܝܐ,,,,Peshitta,PESH
5,Deuteronomy,26,14,Deuteronomy 26:14,18,ܐܠܗܝ,,,,Peshitta,PESH
5,Deuteronomy,26,14,Deuteronomy 26:14,19,ܘܥܒ̇ܕܬ,,,,Peshitta,PESH
5,Deuteronomy,26,14,Deuteronomy 26:14,20,ܐܝܟ,,,,Peshitta,PESH
5,Deuteronomy,26,14,Deuteronomy 26:14,21,ܕܦ̇ܩܕܬܢܝ,,,,Peshitta,PESH
5,Deuteronomy,26,15,Deuteronomy 26:15,1,ܚܙܝ,,,,Peshitta,PESH
5,Deuteronomy,26,15,Deuteronomy 26:15,2,ܡܢ,,,,Peshitta,PESH
5,Deuteronomy,26,15,Deuteronomy 26:15,3,ܡܥܡܪܐ,,,,Peshitta,PESH
5,Deuteronomy,26,15,Deuteronomy 26:15,4,ܕܩܘܕܫܟ,,,,Peshitta,PESH
5,Deuteronomy,26,15,Deuteronomy 26:15,5,ܡܢ,,,,Peshitta,PESH
5,Deuteronomy,26,15,Deuteronomy 26:15,6,ܫܡܝܐ,,,,Peshitta,PESH
5,Deuteronomy,26,15,Deuteronomy 26:15,7,ܘܒܪܟ,,,,Peshitta,PESH
5,Deuteronomy,26,15,Deuteronomy 26:15,8,ܠܥܡܟ,,,,Peshitta,PESH
5,Deuteronomy,26,15,Deuteronomy 26:15,9,ܐܝܣܪܝܠ,,,,Peshitta,PESH
5,Deuteronomy,26,15,Deuteronomy 26:15,10,ܘܠܐܪܥܐ,,,,Peshitta,PESH
5,Deuteronomy,26,15,Deuteronomy 26:15,11,ܕܝܗܒܬ,,,,Peshitta,PESH
5,Deuteronomy,26,15,Deuteronomy 26:15,12,ܠܢ,,,,Peshitta,PESH
5,Deuteronomy,26,15,Deuteronomy 26:15,13,ܐܝܟ,,,,Peshitta,PESH
5,Deuteronomy,26,15,Deuteronomy 26:15,14,ܕܝܡܝܬ,,,,Peshitta,PESH
5,Deuteronomy,26,15,Deuteronomy 26:15,15,ܠܐ̈ܒܗܝܢ,,,,Peshitta,PESH
5,Deuteronomy,26,15,Deuteronomy 26:15,16,ܐܪܥܐ,,,,Peshitta,PESH
5,Deuteronomy,26,15,Deuteronomy 26:15,17,ܕܡܪܕܝܐ,,,,Peshitta,PESH
5,Deuteronomy,26,15,Deuteronomy 26:15,18,ܚܠܒܐ,,,,Peshitta,PESH
5,Deuteronomy,26,15,Deuteronomy 26:15,19,ܘܕܒܫܐ,,,,Peshitta,PESH
5,Deuteronomy,26,16,Deuteronomy 26:16,1,ܝܘܡܢܐ,,,,Peshitta,PESH
5,Deuteronomy,26,16,Deuteronomy 26:16,2,ܡܪܝܐ,,,,Peshitta,PESH
5,Deuteronomy,26,16,Deuteronomy 26:16,3,ܐܠܗܟ,,,,Peshitta,PESH
5,Deuteronomy,26,16,Deuteronomy 26:16,4,ܡܦܩܕ,,,,Peshitta,PESH
5,Deuteronomy,26,16,Deuteronomy 26:16,5,ܠܟ,,,,Peshitta,PESH
5,Deuteronomy,26,16,Deuteronomy 26:16,6,ܕܬܥܒܕ,,,,Peshitta,PESH
5,Deuteronomy,26,16,Deuteronomy 26:16,7,ܢܡ̈ܘܣܐ,,,,Peshitta,PESH
5,Deuteronomy,26,16,Deuteronomy 26:16,8,ܗܠܝܢ,,,,Peshitta,PESH
5,Deuteronomy,26,16,Deuteronomy 26:16,9,ܘܕܝ̈ܢܐ,,,,Peshitta,PESH
5,Deuteronomy,26,16,Deuteronomy 26:16,10,ܛܪ,,,,Peshitta,PESH
5,Deuteronomy,26,16,Deuteronomy 26:16,11,ܘܥܒܕ,,,,Peshitta,PESH
5,Deuteronomy,26,16,Deuteronomy 26:16,12,ܐܢܘܢ,,,,Peshitta,PESH
5,Deuteronomy,26,16,Deuteronomy 26:16,13,ܡܢ,,,,Peshitta,PESH
5,Deuteronomy,26,16,Deuteronomy 26:16,14,ܟܘܠܗ,,,,Peshitta,PESH
5,Deuteronomy,26,16,Deuteronomy 26:16,15,ܠܒܟ,,,,Peshitta,PESH
5,Deuteronomy,26,16,Deuteronomy 26:16,16,ܘܡܢ,,,,Peshitta,PESH
5,Deuteronomy,26,16,Deuteronomy 26:16,17,ܟܠܗ̇,,,,Peshitta,PESH
5,Deuteronomy,26,16,Deuteronomy 26:16,18,ܢܦܫܟ,,,,Peshitta,PESH
5,Deuteronomy,26,17,Deuteronomy 26:17,1,ܠܡܪܝܐ,,,,Peshitta,PESH
5,Deuteronomy,26,17,Deuteronomy 26:17,2,ܐܡܪܬ,,,,Peshitta,PESH
5,Deuteronomy,26,17,Deuteronomy 26:17,3,ܝܘܡܢܐ,,,,Peshitta,PESH
5,Deuteronomy,26,17,Deuteronomy 26:17,4,ܕܢܗܘܐ,,,,Peshitta,PESH
5,Deuteronomy,26,17,Deuteronomy 26:17,5,ܠܟ,,,,Peshitta,PESH
5,Deuteronomy,26,17,Deuteronomy 26:17,6,ܐܠܗܐ,,,,Peshitta,PESH
5,Deuteronomy,26,17,Deuteronomy 26:17,7,ܘܬܗܠܟ,,,,Peshitta,PESH
5,Deuteronomy,26,17,Deuteronomy 26:17,8,ܒܐܘܪ̈ܚܬܗ,,,,Peshitta,PESH
5,Deuteronomy,26,17,Deuteronomy 26:17,9,ܘܬܛܪ,,,,Peshitta,PESH
5,Deuteronomy,26,17,Deuteronomy 26:17,10,ܢܡ̈ܘܣܘܗܝ,,,,Peshitta,PESH
5,Deuteronomy,26,17,Deuteronomy 26:17,11,ܘܕܝ̈ܢܘܗܝ,,,,Peshitta,PESH
5,Deuteronomy,26,17,Deuteronomy 26:17,12,ܘܦܘܩ̈ܕܢܘܗܝ,,,,Peshitta,PESH
5,Deuteronomy,26,17,Deuteronomy 26:17,13,ܘܬܫܡܥ,,,,Peshitta,PESH
5,Deuteronomy,26,17,Deuteronomy 26:17,14,ܒܩܠܗ,,,,Peshitta,PESH
5,Deuteronomy,26,18,Deuteronomy 26:18,1,ܘܡܪܝܐ,,,,Peshitta,PESH
5,Deuteronomy,26,18,Deuteronomy 26:18,2,ܐܡܪ,,,,Peshitta,PESH
5,Deuteronomy,26,18,Deuteronomy 26:18,3,ܠܟ,,,,Peshitta,PESH
5,Deuteronomy,26,18,Deuteronomy 26:18,4,ܝܘܡܢܐ,,,,Peshitta,PESH
5,Deuteronomy,26,18,Deuteronomy 26:18,5,ܕܬܗܘܐ,,,,Peshitta,PESH
5,Deuteronomy,26,18,Deuteronomy 26:18,6,ܠܗ,,,,Peshitta,PESH
5,Deuteronomy,26,18,Deuteronomy 26:18,7,ܥܡܐ,,,,Peshitta,PESH
5,Deuteronomy,26,18,Deuteronomy 26:18,8,ܚܒܝܒܐ,,,,Peshitta,PESH
5,Deuteronomy,26,18,Deuteronomy 26:18,9,ܐܝܟ,,,,Peshitta,PESH
5,Deuteronomy,26,18,Deuteronomy 26:18,10,ܕܐܡܪ,,,,Peshitta,PESH
5,Deuteronomy,26,18,Deuteronomy 26:18,11,ܠܟ,,,,Peshitta,PESH
5,Deuteronomy,26,18,Deuteronomy 26:18,12,ܘܬܛܪ,,,,Peshitta,PESH
5,Deuteronomy,26,18,Deuteronomy 26:18,13,ܟܠܗܘܢ,,,,Peshitta,PESH
5,Deuteronomy,26,18,Deuteronomy 26:18,14,ܦܘܩ̈ܕܢܘܗܝ,,,,Peshitta,PESH
5,Deuteronomy,26,19,Deuteronomy 26:19,1,ܘܢܥܒܕܟ,,,,Peshitta,PESH
5,Deuteronomy,26,19,Deuteronomy 26:19,2,ܠܥܠ,,,,Peshitta,PESH
5,Deuteronomy,26,19,Deuteronomy 26:19,3,ܡܢ,,,,Peshitta,PESH
5,Deuteronomy,26,19,Deuteronomy 26:19,4,ܟܠܗܘܢ,,,,Peshitta,PESH
5,Deuteronomy,26,19,Deuteronomy 26:19,5,ܥܡ̈ܡܐ,,,,Peshitta,PESH
5,Deuteronomy,26,19,Deuteronomy 26:19,6,ܕܥܒܕ,,,,Peshitta,PESH
5,Deuteronomy,26,19,Deuteronomy 26:19,7,ܠܬܫܒܘܚܬܐ,,,,Peshitta,PESH
5,Deuteronomy,26,19,Deuteronomy 26:19,8,ܘܠܫܡܐ,,,,Peshitta,PESH
5,Deuteronomy,26,19,Deuteronomy 26:19,9,ܘܠܐܝܩܪܐ,,,,Peshitta,PESH
5,Deuteronomy,26,19,Deuteronomy 26:19,10,ܘܬܗܘܐ,,,,Peshitta,PESH
5,Deuteronomy,26,19,Deuteronomy 26:19,11,ܥܡܐ,,,,Peshitta,PESH
5,Deuteronomy,26,19,Deuteronomy 26:19,12,ܩܕܝܫܐ,,,,Peshitta,PESH
5,Deuteronomy,26,19,Deuteronomy 26:19,13,ܠܡܪܝܐ,,,,Peshitta,PESH
5,Deuteronomy,26,19,Deuteronomy 26:19,14,ܐܠܗܟ,,,,Peshitta,PESH
5,Deuteronomy,26,19,Deuteronomy 26:19,15,ܐܝܟ,,,,Peshitta,PESH
5,Deuteronomy,26,19,Deuteronomy 26:19,16,ܕܐܡܪ,,,,Peshitta,PESH
5,Deuteronomy,26,19,Deuteronomy 26:19,17,ܠܟ,,,,Peshitta,PESH
5,Deuteronomy,27,1,Deuteronomy 27:1,1,ܘܦܩܕ,,,,Peshitta,PESH
5,Deuteronomy,27,1,Deuteronomy 27:1,2,ܡܘܫܐ,,,,Peshitta,PESH
5,Deuteronomy,27,1,Deuteronomy 27:1,3,ܘܣ̈ܒܐ,,,,Peshitta,PESH
5,Deuteronomy,27,1,Deuteronomy 27:1,4,ܕܐܝܣܪܝܠ,,,,Peshitta,PESH
5,Deuteronomy,27,1,Deuteronomy 27:1,5,ܠܥܡܐ,,,,Peshitta,PESH
5,Deuteronomy,27,1,Deuteronomy 27:1,6,ܘܐܡܪ,,,,Peshitta,PESH
5,Deuteronomy,27,1,Deuteronomy 27:1,7,ܠܗܘܢ,,,,Peshitta,PESH
5,Deuteronomy,27,1,Deuteronomy 27:1,8,ܛܪܘ,,,,Peshitta,PESH
5,Deuteronomy,27,1,Deuteronomy 27:1,9,ܟܠܗܘܢ,,,,Peshitta,PESH
5,Deuteronomy,27,1,Deuteronomy 27:1,10,ܦܘܩ̈ܕܢܐ,,,,Peshitta,PESH
5,Deuteronomy,27,1,Deuteronomy 27:1,11,ܕܡܦܩܕ,,,,Peshitta,PESH
5,Deuteronomy,27,1,Deuteronomy 27:1,12,ܐܢܐ,,,,Peshitta,PESH
5,Deuteronomy,27,1,Deuteronomy 27:1,13,ܠܟܘܢ,,,,Peshitta,PESH
5,Deuteronomy,27,1,Deuteronomy 27:1,14,ܝܘܡܢܐ,,,,Peshitta,PESH
5,Deuteronomy,27,2,Deuteronomy 27:2,1,ܒܝܘܡܐ,,,,Peshitta,PESH
5,Deuteronomy,27,2,Deuteronomy 27:2,2,ܕܥ̇ܒܪܝܢ,,,,Peshitta,PESH
5,Deuteronomy,27,2,Deuteronomy 27:2,3,ܐܢܬܘܢ,,,,Peshitta,PESH
5,Deuteronomy,27,2,Deuteronomy 27:2,4,ܝܘܪܕܢܢ,,,,Peshitta,PESH
5,Deuteronomy,27,2,Deuteronomy 27:2,5,ܠܐܪܥܐ,,,,Peshitta,PESH
5,Deuteronomy,27,2,Deuteronomy 27:2,6,ܕܝ̇ܗܒ,,,,Peshitta,PESH
5,Deuteronomy,27,2,Deuteronomy 27:2,7,ܠܟ,,,,Peshitta,PESH
5,Deuteronomy,27,2,Deuteronomy 27:2,8,ܡܪܝܐ,,,,Peshitta,PESH
5,Deuteronomy,27,2,Deuteronomy 27:2,9,ܐܠܗܟ,,,,Peshitta,PESH
5,Deuteronomy,27,2,Deuteronomy 27:2,10,ܐܩܝܡ,,,,Peshitta,PESH
5,Deuteronomy,27,2,Deuteronomy 27:2,11,ܠܟ,,,,Peshitta,PESH
5,Deuteronomy,27,2,Deuteronomy 27:2,12,ܟܐ̈ܦܐ,,,,Peshitta,PESH
5,Deuteronomy,27,2,Deuteronomy 27:2,13,ܪ̈ܘܪܒܬܐ,,,,Peshitta,PESH
5,Deuteronomy,27,2,Deuteronomy 27:2,14,ܘܐܟܠܫ,,,,Peshitta,PESH
5,Deuteronomy,27,2,Deuteronomy 27:2,15,ܐ̈ܢܝܢ,,,,Peshitta,PESH
5,Deuteronomy,27,2,Deuteronomy 27:2,16,ܒܟܠܫܐ,,,,Peshitta,PESH
5,Deuteronomy,27,3,Deuteronomy 27:3,1,ܘܟܬܘܒ,,,,Peshitta,PESH
5,Deuteronomy,27,3,Deuteronomy 27:3,2,ܥܠܝܗܝܢ,,,,Peshitta,PESH
5,Deuteronomy,27,3,Deuteronomy 27:3,3,ܟܘܠܗܘܢ,,,,Peshitta,PESH
5,Deuteronomy,27,3,Deuteronomy 27:3,4,ܦ̈ܬܓܡܐ,,,,Peshitta,PESH
5,Deuteronomy,27,3,Deuteronomy 27:3,5,ܕܢܡܘܣܐ,,,,Peshitta,PESH
5,Deuteronomy,27,3,Deuteronomy 27:3,6,ܗܢܐ,,,,Peshitta,PESH
5,Deuteronomy,27,3,Deuteronomy 27:3,7,ܡܐ,,,,Peshitta,PESH
5,Deuteronomy,27,3,Deuteronomy 27:3,8,ܕܥܒܪܬ,,,,Peshitta,PESH
5,Deuteronomy,27,3,Deuteronomy 27:3,9,ܕܬܥܘܠ,,,,Peshitta,PESH
5,Deuteronomy,27,3,Deuteronomy 27:3,10,ܠܐܪܥܐ,,,,Peshitta,PESH
5,Deuteronomy,27,3,Deuteronomy 27:3,11,ܕܝ̇ܗܒ,,,,Peshitta,PESH
5,Deuteronomy,27,3,Deuteronomy 27:3,12,ܠܟ,,,,Peshitta,PESH
5,Deuteronomy,27,3,Deuteronomy 27:3,13,ܡܪܝܐ,,,,Peshitta,PESH
5,Deuteronomy,27,3,Deuteronomy 27:3,14,ܐܠܗܟ,,,,Peshitta,PESH
5,Deuteronomy,27,3,Deuteronomy 27:3,15,ܐܪܥܐ,,,,Peshitta,PESH
5,Deuteronomy,27,3,Deuteronomy 27:3,16,ܕܡܪܕܝܐ,,,,Peshitta,PESH
5,Deuteronomy,27,3,Deuteronomy 27:3,17,ܚܠܒܐ,,,,Peshitta,PESH
5,Deuteronomy,27,3,Deuteronomy 27:3,18,ܘܕܒܫܐ,,,,Peshitta,PESH
5,Deuteronomy,27,3,Deuteronomy 27:3,19,ܐܝܟ,,,,Peshitta,PESH
5,Deuteronomy,27,3,Deuteronomy 27:3,20,ܕܐܡܪ,,,,Peshitta,PESH
5,Deuteronomy,27,3,Deuteronomy 27:3,21,ܠܟ,,,,Peshitta,PESH
5,Deuteronomy,27,3,Deuteronomy 27:3,22,ܡܪܝܐ,,,,Peshitta,PESH
5,Deuteronomy,27,3,Deuteronomy 27:3,23,ܐܠܗܐ,,,,Peshitta,PESH
5,Deuteronomy,27,3,Deuteronomy 27:3,24,ܕܐ̈ܒܗܝܟ,,,,Peshitta,PESH
5,Deuteronomy,27,4,Deuteronomy 27:4,1,ܘܡܐ,,,,Peshitta,PESH
5,Deuteronomy,27,4,Deuteronomy 27:4,2,ܕܥܒܪܬܘܢ,,,,Peshitta,PESH
5,Deuteronomy,27,4,Deuteronomy 27:4,3,ܝܘܪܕܢܢ,,,,Peshitta,PESH
5,Deuteronomy,27,4,Deuteronomy 27:4,4,ܐܩܝܡ,,,,Peshitta,PESH
5,Deuteronomy,27,4,Deuteronomy 27:4,5,ܟܐ̈ܦܐ,,,,Peshitta,PESH
5,Deuteronomy,27,4,Deuteronomy 27:4,6,ܗܠܝܢ,,,,Peshitta,PESH
5,Deuteronomy,27,4,Deuteronomy 27:4,7,ܕܡܦܩܕ,,,,Peshitta,PESH
5,Deuteronomy,27,4,Deuteronomy 27:4,8,ܐܢܐ,,,,Peshitta,PESH
5,Deuteronomy,27,4,Deuteronomy 27:4,9,ܠܟܘܢ,,,,Peshitta,PESH
5,Deuteronomy,27,4,Deuteronomy 27:4,10,ܝܘܡܢܐ,,,,Peshitta,PESH
5,Deuteronomy,27,4,Deuteronomy 27:4,11,ܒܛܘܪܐ,,,,Peshitta,PESH
5,Deuteronomy,27,4,Deuteronomy 27:4,12,ܕܓܒܠ,,,,Peshitta,PESH
5,Deuteronomy,27,4,Deuteronomy 27:4,13,ܘܐܟܠܫ,,,,Peshitta,PESH
5,Deuteronomy,27,4,Deuteronomy 27:4,14,ܐ̈ܢܝܢ,,,,Peshitta,PESH
5,Deuteronomy,27,4,Deuteronomy 27:4,15,ܒܟܠܫܐ,,,,Peshitta,PESH
5,Deuteronomy,27,5,Deuteronomy 27:5,1,ܘܒܢܝ,,,,Peshitta,PESH
5,Deuteronomy,27,5,Deuteronomy 27:5,2,ܬܡܢ,,,,Peshitta,PESH
5,Deuteronomy,27,5,Deuteronomy 27:5,3,ܡܕܒܚܐ,,,,Peshitta,PESH
5,Deuteronomy,27,5,Deuteronomy 27:5,4,ܠܡܪܝܐ,,,,Peshitta,PESH
5,Deuteronomy,27,5,Deuteronomy 27:5,5,ܐܠܗܟ,,,,Peshitta,PESH
5,Deuteronomy,27,5,Deuteronomy 27:5,6,ܡܕܒܚܐ,,,,Peshitta,PESH
5,Deuteronomy,27,5,Deuteronomy 27:5,7,ܕܟܐ̈ܦܐ,,,,Peshitta,PESH
5,Deuteronomy,27,5,Deuteronomy 27:5,8,ܘܠܐ,,,,Peshitta,PESH
5,Deuteronomy,27,5,Deuteronomy 27:5,9,ܬܪܡܐ,,,,Peshitta,PESH
5,Deuteronomy,27,5,Deuteronomy 27:5,10,ܥܠܝܗܝܢ,,,,Peshitta,PESH
5,Deuteronomy,27,5,Deuteronomy 27:5,11,ܦܪܙܠܐ,,,,Peshitta,PESH
5,Deuteronomy,27,6,Deuteronomy 27:6,1,ܐܠܐ,,,,Peshitta,PESH
5,Deuteronomy,27,6,Deuteronomy 27:6,2,ܒܟܐ̈ܦܐ,,,,Peshitta,PESH
5,Deuteronomy,27,6,Deuteronomy 27:6,3,ܫ̈ܠܡܠܡܬܐ,,,,Peshitta,PESH
5,Deuteronomy,27,6,Deuteronomy 27:6,4,ܒܢܝ,,,,Peshitta,PESH
5,Deuteronomy,27,6,Deuteronomy 27:6,5,ܡܕܒܚܗ,,,,Peshitta,PESH
5,Deuteronomy,27,6,Deuteronomy 27:6,6,ܕܡܪܝܐ,,,,Peshitta,PESH
5,Deuteronomy,27,6,Deuteronomy 27:6,7,ܐܠܗܟ,,,,Peshitta,PESH
5,Deuteronomy,27,6,Deuteronomy 27:6,8,ܘܐܣܩ,,,,Peshitta,PESH
5,Deuteronomy,27,6,Deuteronomy 27:6,9,ܥܠܘܗܝ,,,,Peshitta,PESH
5,Deuteronomy,27,6,Deuteronomy 27:6,10,ܝܩ̈ܕܐ,,,,Peshitta,PESH
5,Deuteronomy,27,6,Deuteronomy 27:6,11,ܫ̈ܠܡܐ,,,,Peshitta,PESH
5,Deuteronomy,27,6,Deuteronomy 27:6,12,ܩܕܡ,,,,Peshitta,PESH
5,Deuteronomy,27,6,Deuteronomy 27:6,13,ܡܪܝܐ,,,,Peshitta,PESH
5,Deuteronomy,27,6,Deuteronomy 27:6,14,ܐܠܗܟ,,,,Peshitta,PESH
5,Deuteronomy,27,7,Deuteronomy 27:7,1,ܘܕܒܚ,,,,Peshitta,PESH
5,Deuteronomy,27,7,Deuteronomy 27:7,2,ܫ̈ܠܡܐ,,,,Peshitta,PESH
5,Deuteronomy,27,7,Deuteronomy 27:7,3,ܘܐܟܘܠ,,,,Peshitta,PESH
5,Deuteronomy,27,7,Deuteronomy 27:7,4,ܬܡܢ,,,,Peshitta,PESH
5,Deuteronomy,27,7,Deuteronomy 27:7,5,ܘܚܕܝ,,,,Peshitta,PESH
5,Deuteronomy,27,7,Deuteronomy 27:7,6,ܩܕܡ,,,,Peshitta,PESH
5,Deuteronomy,27,7,Deuteronomy 27:7,7,ܡܪܝܐ,,,,Peshitta,PESH
5,Deuteronomy,27,7,Deuteronomy 27:7,8,ܐܠܗܟ,,,,Peshitta,PESH
5,Deuteronomy,27,8,Deuteronomy 27:8,1,ܘܟܬܘܒ,,,,Peshitta,PESH
5,Deuteronomy,27,8,Deuteronomy 27:8,2,ܥܠ,,,,Peshitta,PESH
5,Deuteronomy,27,8,Deuteronomy 27:8,3,ܟܐ̈ܦܐ,,,,Peshitta,PESH
5,Deuteronomy,27,8,Deuteronomy 27:8,4,ܟܠܗܘܢ,,,,Peshitta,PESH
5,Deuteronomy,27,8,Deuteronomy 27:8,5,ܦܬ̈ܓܡܐ,,,,Peshitta,PESH
5,Deuteronomy,27,8,Deuteronomy 27:8,6,ܕܢܡܘܣܐ,,,,Peshitta,PESH
5,Deuteronomy,27,8,Deuteronomy 27:8,7,ܗܢܐ,,,,Peshitta,PESH
5,Deuteronomy,27,8,Deuteronomy 27:8,8,ܘܦܪܫ,,,,Peshitta,PESH
5,Deuteronomy,27,8,Deuteronomy 27:8,9,ܐܢܘܢ,,,,Peshitta,PESH
5,Deuteronomy,27,8,Deuteronomy 27:8,10,ܛܒ,,,,Peshitta,PESH
5,Deuteronomy,27,9,Deuteronomy 27:9,1,ܘܐܡܪ,,,,Peshitta,PESH
5,Deuteronomy,27,9,Deuteronomy 27:9,2,ܡܘܫܐ,,,,Peshitta,PESH
5,Deuteronomy,27,9,Deuteronomy 27:9,3,ܘܟܗ̈ܢܐ,,,,Peshitta,PESH
5,Deuteronomy,27,9,Deuteronomy 27:9,4,ܘܠܘ̈ܝܐ,,,,Peshitta,PESH
5,Deuteronomy,27,9,Deuteronomy 27:9,5,ܠܟܠܗ,,,,Peshitta,PESH
5,Deuteronomy,27,9,Deuteronomy 27:9,6,ܐܝܣܪܝܠ,,,,Peshitta,PESH
5,Deuteronomy,27,9,Deuteronomy 27:9,7,ܨܘܬ,,,,Peshitta,PESH
5,Deuteronomy,27,9,Deuteronomy 27:9,8,ܘܫܡܥ,,,,Peshitta,PESH
5,Deuteronomy,27,9,Deuteronomy 27:9,9,ܐܝܣܪܝܠ,,,,Peshitta,PESH
5,Deuteronomy,27,9,Deuteronomy 27:9,10,ܝܘܡܢܐ,,,,Peshitta,PESH
5,Deuteronomy,27,9,Deuteronomy 27:9,11,ܗ̇ܘܐ,,,,Peshitta,PESH
5,Deuteronomy,27,9,Deuteronomy 27:9,12,ܐܢܬ,,,,Peshitta,PESH
5,Deuteronomy,27,9,Deuteronomy 27:9,13,ܥܡܐ,,,,Peshitta,PESH
5,Deuteronomy,27,9,Deuteronomy 27:9,14,ܠܡܪܝܐ,,,,Peshitta,PESH
5,Deuteronomy,27,9,Deuteronomy 27:9,15,ܐܠܗܟ,,,,Peshitta,PESH
5,Deuteronomy,27,10,Deuteronomy 27:10,1,ܫܡܥ,,,,Peshitta,PESH
5,Deuteronomy,27,10,Deuteronomy 27:10,2,ܒܩܠܗ,,,,Peshitta,PESH
5,Deuteronomy,27,10,Deuteronomy 27:10,3,ܕܡܪܝܐ,,,,Peshitta,PESH
5,Deuteronomy,27,10,Deuteronomy 27:10,4,ܐܠܗܟ,,,,Peshitta,PESH
5,Deuteronomy,27,10,Deuteronomy 27:10,5,ܘܥܒܕ,,,,Peshitta,PESH
5,Deuteronomy,27,10,Deuteronomy 27:10,6,ܦܘܩ̈ܕܢܘܗܝ,,,,Peshitta,PESH
5,Deuteronomy,27,10,Deuteronomy 27:10,7,ܘܢܡ̈ܘܣܘܗܝ,,,,Peshitta,PESH
5,Deuteronomy,27,10,Deuteronomy 27:10,8,ܕܡܦܩܕ,,,,Peshitta,PESH
5,Deuteronomy,27,10,Deuteronomy 27:10,9,ܐܢܐ,,,,Peshitta,PESH
5,Deuteronomy,27,10,Deuteronomy 27:10,10,ܠܟ,,,,Peshitta,PESH
5,Deuteronomy,27,10,Deuteronomy 27:10,11,ܝܘܡܢܐ,,,,Peshitta,PESH
5,Deuteronomy,27,11,Deuteronomy 27:11,1,ܘܦܩܕ,,,,Peshitta,PESH
5,Deuteronomy,27,11,Deuteronomy 27:11,2,ܡܘܫܐ,,,,Peshitta,PESH
5,Deuteronomy,27,11,Deuteronomy 27:11,3,ܠܥܡܐ,,,,Peshitta,PESH
5,Deuteronomy,27,11,Deuteronomy 27:11,4,ܒܝܘܡܐ,,,,Peshitta,PESH
5,Deuteronomy,27,11,Deuteronomy 27:11,5,ܗ̇ܘ,,,,Peshitta,PESH
5,Deuteronomy,27,11,Deuteronomy 27:11,6,ܘܐܡܪ,,,,Peshitta,PESH
5,Deuteronomy,27,11,Deuteronomy 27:11,7,ܠܗܘܢ,,,,Peshitta,PESH
5,Deuteronomy,27,12,Deuteronomy 27:12,1,ܗܠܝܢ,,,,Peshitta,PESH
5,Deuteronomy,27,12,Deuteronomy 27:12,2,ܢܩܘܡܘܢ,,,,Peshitta,PESH
5,Deuteronomy,27,12,Deuteronomy 27:12,3,ܥܠ,,,,Peshitta,PESH
5,Deuteronomy,27,12,Deuteronomy 27:12,4,ܛܘܪܐ,,,,Peshitta,PESH
5,Deuteronomy,27,12,Deuteronomy 27:12,5,ܕܓܪܙܝܡ,,,,Peshitta,PESH
5,Deuteronomy,27,12,Deuteronomy 27:12,6,ܠܡܒܪܟܘܬܗ,,,,Peshitta,PESH
5,Deuteronomy,27,12,Deuteronomy 27:12,7,ܠܥܡܐ,,,,Peshitta,PESH
5,Deuteronomy,27,12,Deuteronomy 27:12,8,ܡܐ,,,,Peshitta,PESH
5,Deuteronomy,27,12,Deuteronomy 27:12,9,ܕܥܒܪܬܘܢ,,,,Peshitta,PESH
5,Deuteronomy,27,12,Deuteronomy 27:12,10,ܝܘܪܕܢܢ,,,,Peshitta,PESH
5,Deuteronomy,27,12,Deuteronomy 27:12,11,ܫܡܥܘܢ,,,,Peshitta,PESH
5,Deuteronomy,27,12,Deuteronomy 27:12,12,ܘܠܘܝ,,,,Peshitta,PESH
5,Deuteronomy,27,12,Deuteronomy 27:12,13,ܘܝܗܘܕܐ,,,,Peshitta,PESH
5,Deuteronomy,27,12,Deuteronomy 27:12,14,ܘܐܝܣܟܪ,,,,Peshitta,PESH
5,Deuteronomy,27,12,Deuteronomy 27:12,15,ܘܝܘܣܦ,,,,Peshitta,PESH
5,Deuteronomy,27,12,Deuteronomy 27:12,16,ܘܒܢܝܡܝܢ,,,,Peshitta,PESH
5,Deuteronomy,27,13,Deuteronomy 27:13,1,ܘܗܠܝܢ,,,,Peshitta,PESH
5,Deuteronomy,27,13,Deuteronomy 27:13,2,ܢܩܘܡܘܢ,,,,Peshitta,PESH
5,Deuteronomy,27,13,Deuteronomy 27:13,3,ܠܡܠܛ,,,,Peshitta,PESH
5,Deuteronomy,27,13,Deuteronomy 27:13,4,ܒܛܘܪܐ,,,,Peshitta,PESH
5,Deuteronomy,27,13,Deuteronomy 27:13,5,ܕܓܒܠ,,,,Peshitta,PESH
5,Deuteronomy,27,13,Deuteronomy 27:13,6,ܪܘܒܝܠ,,,,Peshitta,PESH
5,Deuteronomy,27,13,Deuteronomy 27:13,7,ܘܓܕ,,,,Peshitta,PESH
5,Deuteronomy,27,13,Deuteronomy 27:13,8,ܘܐܫܝܪ,,,,Peshitta,PESH
5,Deuteronomy,27,13,Deuteronomy 27:13,9,ܘܙܒܘܠܘܢ,,,,Peshitta,PESH
5,Deuteronomy,27,13,Deuteronomy 27:13,10,ܘܕܢ,,,,Peshitta,PESH
5,Deuteronomy,27,13,Deuteronomy 27:13,11,ܘܢܦܬܠܝ,,,,Peshitta,PESH
5,Deuteronomy,27,14,Deuteronomy 27:14,1,ܘܢܥܢܘܢ,,,,Peshitta,PESH
5,Deuteronomy,27,14,Deuteronomy 27:14,2,ܘܢܐܡܪܘܢ,,,,Peshitta,PESH
5,Deuteronomy,27,14,Deuteronomy 27:14,3,ܠܟܠܗ,,,,Peshitta,PESH
5,Deuteronomy,27,14,Deuteronomy 27:14,4,ܥܡܐ,,,,Peshitta,PESH
5,Deuteronomy,27,14,Deuteronomy 27:14,5,ܕܐܝܣܪܝܠ,,,,Peshitta,PESH
5,Deuteronomy,27,14,Deuteronomy 27:14,6,ܒܩܠܐ,,,,Peshitta,PESH
5,Deuteronomy,27,14,Deuteronomy 27:14,7,ܪܡܐ,,,,Peshitta,PESH
5,Deuteronomy,27,15,Deuteronomy 27:15,1,ܠܝܛ,,,,Peshitta,PESH
5,Deuteronomy,27,15,Deuteronomy 27:15,2,ܗܘ,,,,Peshitta,PESH
5,Deuteronomy,27,15,Deuteronomy 27:15,3,ܓܒܪܐ,,,,Peshitta,PESH
5,Deuteronomy,27,15,Deuteronomy 27:15,4,ܕܢܥܒܕ,,,,Peshitta,PESH
5,Deuteronomy,27,15,Deuteronomy 27:15,5,ܓܠܝ̈ܦܐ,,,,Peshitta,PESH
5,Deuteronomy,27,15,Deuteronomy 27:15,6,ܘܢܣܝ̈ܟܐ,,,,Peshitta,PESH
5,Deuteronomy,27,15,Deuteronomy 27:15,7,ܕܛܡܐܝܢ,,,,Peshitta,PESH
5,Deuteronomy,27,15,Deuteronomy 27:15,8,ܐܢܘܢ,,,,Peshitta,PESH
5,Deuteronomy,27,15,Deuteronomy 27:15,9,ܩܕܡ,,,,Peshitta,PESH
5,Deuteronomy,27,15,Deuteronomy 27:15,10,ܡܪܝܐ,,,,Peshitta,PESH
5,Deuteronomy,27,15,Deuteronomy 27:15,11,ܥܒ̇ܕ,,,,Peshitta,PESH
5,Deuteronomy,27,15,Deuteronomy 27:15,12,ܐ̈ܝܕܝܐ,,,,Peshitta,PESH
5,Deuteronomy,27,15,Deuteronomy 27:15,13,ܕܢܓܪܐ,,,,Peshitta,PESH
5,Deuteronomy,27,15,Deuteronomy 27:15,14,ܘܢܣܝܡ,,,,Peshitta,PESH
5,Deuteronomy,27,15,Deuteronomy 27:15,15,ܒܣܬܪܐ,,,,Peshitta,PESH
5,Deuteronomy,27,15,Deuteronomy 27:15,16,ܘܢܥܢܘܢ,,,,Peshitta,PESH
5,Deuteronomy,27,15,Deuteronomy 27:15,17,ܟܠܗ,,,,Peshitta,PESH
5,Deuteronomy,27,15,Deuteronomy 27:15,18,ܥܡܐ,,,,Peshitta,PESH
5,Deuteronomy,27,15,Deuteronomy 27:15,19,ܘܢܐܡܪܘܢ,,,,Peshitta,PESH
5,Deuteronomy,27,15,Deuteronomy 27:15,20,ܐܡܝܢ,,,,Peshitta,PESH
5,Deuteronomy,27,16,Deuteronomy 27:16,1,ܠܝܛ,,,,Peshitta,PESH
5,Deuteronomy,27,16,Deuteronomy 27:16,2,ܗܘ,,,,Peshitta,PESH
5,Deuteronomy,27,16,Deuteronomy 27:16,3,ܡ̇ܢ,,,,Peshitta,PESH
5,Deuteronomy,27,16,Deuteronomy 27:16,4,ܕܢܨܚܐ,,,,Peshitta,PESH
5,Deuteronomy,27,16,Deuteronomy 27:16,5,ܠܐܒܘܗܝ,,,,Peshitta,PESH
5,Deuteronomy,27,16,Deuteronomy 27:16,6,ܘܠܐܡܗ,,,,Peshitta,PESH
5,Deuteronomy,27,16,Deuteronomy 27:16,7,ܘܢܐܡܪ,,,,Peshitta,PESH
5,Deuteronomy,27,16,Deuteronomy 27:16,8,ܟܠܗ,,,,Peshitta,PESH
5,Deuteronomy,27,16,Deuteronomy 27:16,9,ܥܡܐ,,,,Peshitta,PESH
5,Deuteronomy,27,16,Deuteronomy 27:16,10,ܐܡܝܢ,,,,Peshitta,PESH
5,Deuteronomy,27,17,Deuteronomy 27:17,1,ܠܝܛ,,,,Peshitta,PESH
5,Deuteronomy,27,17,Deuteronomy 27:17,2,ܗܘ,,,,Peshitta,PESH
5,Deuteronomy,27,17,Deuteronomy 27:17,3,ܡ̇ܢ,,,,Peshitta,PESH
5,Deuteronomy,27,17,Deuteronomy 27:17,4,ܕܢܫܢܐ,,,,Peshitta,PESH
5,Deuteronomy,27,17,Deuteronomy 27:17,5,ܬܚܘܡܐ,,,,Peshitta,PESH
5,Deuteronomy,27,17,Deuteronomy 27:17,6,ܕܚܒܪܗ,,,,Peshitta,PESH
5,Deuteronomy,27,17,Deuteronomy 27:17,7,ܘܢܐܡܪ,,,,Peshitta,PESH
5,Deuteronomy,27,17,Deuteronomy 27:17,8,ܟܠܗ,,,,Peshitta,PESH
5,Deuteronomy,27,17,Deuteronomy 27:17,9,ܥܡܐ,,,,Peshitta,PESH
5,Deuteronomy,27,17,Deuteronomy 27:17,10,ܐܡܝܢ,,,,Peshitta,PESH
5,Deuteronomy,27,18,Deuteronomy 27:18,1,ܠܝܛ,,,,Peshitta,PESH
5,Deuteronomy,27,18,Deuteronomy 27:18,2,ܗܘ,,,,Peshitta,PESH
5,Deuteronomy,27,18,Deuteronomy 27:18,3,ܡ̇ܢ,,,,Peshitta,PESH
5,Deuteronomy,27,18,Deuteronomy 27:18,4,ܕܢܛܥܐ,,,,Peshitta,PESH
5,Deuteronomy,27,18,Deuteronomy 27:18,5,ܥܘܝܪܐ,,,,Peshitta,PESH
5,Deuteronomy,27,18,Deuteronomy 27:18,6,ܒܐܘܪܚܐ,,,,Peshitta,PESH
5,Deuteronomy,27,18,Deuteronomy 27:18,7,ܘܢܐܡܪ,,,,Peshitta,PESH
5,Deuteronomy,27,18,Deuteronomy 27:18,8,ܟܠܗ,,,,Peshitta,PESH
5,Deuteronomy,27,18,Deuteronomy 27:18,9,ܥܡܐ,,,,Peshitta,PESH
5,Deuteronomy,27,18,Deuteronomy 27:18,10,ܐܡܝܢ,,,,Peshitta,PESH
5,Deuteronomy,27,19,Deuteronomy 27:19,1,ܠܝܛ,,,,Peshitta,PESH
5,Deuteronomy,27,19,Deuteronomy 27:19,2,ܗܘ,,,,Peshitta,PESH
5,Deuteronomy,27,19,Deuteronomy 27:19,3,ܟܘܠ,,,,Peshitta,PESH
5,Deuteronomy,27,19,Deuteronomy 27:19,4,ܕܢܨܠܐ,,,,Peshitta,PESH
5,Deuteronomy,27,19,Deuteronomy 27:19,5,ܕܝܢܐ,,,,Peshitta,PESH
5,Deuteronomy,27,19,Deuteronomy 27:19,6,ܕܥܡܘܪܐ,,,,Peshitta,PESH
5,Deuteronomy,27,19,Deuteronomy 27:19,7,ܘܕܝܬܡܐ,,,,Peshitta,PESH
5,Deuteronomy,27,19,Deuteronomy 27:19,8,ܘܕܐܪܡܠܬܐ,,,,Peshitta,PESH
5,Deuteronomy,27,19,Deuteronomy 27:19,9,ܘܢܐܡܪ,,,,Peshitta,PESH
5,Deuteronomy,27,19,Deuteronomy 27:19,10,ܟܘܠܗ,,,,Peshitta,PESH
5,Deuteronomy,27,19,Deuteronomy 27:19,11,ܥܡܐ,,,,Peshitta,PESH
5,Deuteronomy,27,19,Deuteronomy 27:19,12,ܐܡܝܢ,,,,Peshitta,PESH
5,Deuteronomy,27,20,Deuteronomy 27:20,1,ܠܝܛ,,,,Peshitta,PESH
5,Deuteronomy,27,20,Deuteronomy 27:20,2,ܗܘ,,,,Peshitta,PESH
5,Deuteronomy,27,20,Deuteronomy 27:20,3,ܟܠ,,,,Peshitta,PESH
5,Deuteronomy,27,20,Deuteronomy 27:20,4,ܕܢܕܡܟ,,,,Peshitta,PESH
5,Deuteronomy,27,20,Deuteronomy 27:20,5,ܥܡ,,,,Peshitta,PESH
5,Deuteronomy,27,20,Deuteronomy 27:20,6,ܐܢܬܬ,,,,Peshitta,PESH
5,Deuteronomy,27,20,Deuteronomy 27:20,7,ܐܒܘܗܝ,,,,Peshitta,PESH
5,Deuteronomy,27,20,Deuteronomy 27:20,8,ܘܢܓܠܐ,,,,Peshitta,PESH
5,Deuteronomy,27,20,Deuteronomy 27:20,9,ܟܢܦܐ,,,,Peshitta,PESH
5,Deuteronomy,27,20,Deuteronomy 27:20,10,ܕܐܒܘܗܝ,,,,Peshitta,PESH
5,Deuteronomy,27,20,Deuteronomy 27:20,11,ܘܢܐܡܪ,,,,Peshitta,PESH
5,Deuteronomy,27,20,Deuteronomy 27:20,12,ܟܠܗ,,,,Peshitta,PESH
5,Deuteronomy,27,20,Deuteronomy 27:20,13,ܥܡܐ,,,,Peshitta,PESH
5,Deuteronomy,27,20,Deuteronomy 27:20,14,ܐܡܝܢ,,,,Peshitta,PESH
5,Deuteronomy,27,21,Deuteronomy 27:21,1,ܠܝܛ,,,,Peshitta,PESH
5,Deuteronomy,27,21,Deuteronomy 27:21,2,ܗܘ,,,,Peshitta,PESH
5,Deuteronomy,27,21,Deuteronomy 27:21,3,ܟܠ,,,,Peshitta,PESH
5,Deuteronomy,27,21,Deuteronomy 27:21,4,ܕܢܕܡܟ,,,,Peshitta,PESH
5,Deuteronomy,27,21,Deuteronomy 27:21,5,ܥܡ,,,,Peshitta,PESH
5,Deuteronomy,27,21,Deuteronomy 27:21,6,ܟܠ,,,,Peshitta,PESH
5,Deuteronomy,27,21,Deuteronomy 27:21,7,ܒܥܝܪ̈ܐ,,,,Peshitta,PESH
5,Deuteronomy,27,21,Deuteronomy 27:21,8,ܘܢܐܡܪ,,,,Peshitta,PESH
5,Deuteronomy,27,21,Deuteronomy 27:21,9,ܟܠܗ,,,,Peshitta,PESH
5,Deuteronomy,27,21,Deuteronomy 27:21,10,ܥܡܐ,,,,Peshitta,PESH
5,Deuteronomy,27,21,Deuteronomy 27:21,11,ܐܡܝܢ,,,,Peshitta,PESH
5,Deuteronomy,27,22,Deuteronomy 27:22,1,ܠܝܛ,,,,Peshitta,PESH
5,Deuteronomy,27,22,Deuteronomy 27:22,2,ܗܘ,,,,Peshitta,PESH
5,Deuteronomy,27,22,Deuteronomy 27:22,3,ܟܠ,,,,Peshitta,PESH
5,Deuteronomy,27,22,Deuteronomy 27:22,4,ܕܢܕܡܟ,,,,Peshitta,PESH
5,Deuteronomy,27,22,Deuteronomy 27:22,5,ܥܡ,,,,Peshitta,PESH
5,Deuteronomy,27,22,Deuteronomy 27:22,6,ܚܬܗ,,,,Peshitta,PESH
5,Deuteronomy,27,22,Deuteronomy 27:22,7,ܒܪܬ,,,,Peshitta,PESH
5,Deuteronomy,27,22,Deuteronomy 27:22,8,ܐܒܘܗܝ,,,,Peshitta,PESH
5,Deuteronomy,27,22,Deuteronomy 27:22,9,ܐܘ,,,,Peshitta,PESH
5,Deuteronomy,27,22,Deuteronomy 27:22,10,ܒܪܬ,,,,Peshitta,PESH
5,Deuteronomy,27,22,Deuteronomy 27:22,11,ܐܡܗ,,,,Peshitta,PESH
5,Deuteronomy,27,22,Deuteronomy 27:22,12,ܘܢܐܡܪ,,,,Peshitta,PESH
5,Deuteronomy,27,22,Deuteronomy 27:22,13,ܟܠܗ,,,,Peshitta,PESH
5,Deuteronomy,27,22,Deuteronomy 27:22,14,ܥܡܐ,,,,Peshitta,PESH
5,Deuteronomy,27,22,Deuteronomy 27:22,15,ܐܡܝܢ,,,,Peshitta,PESH
5,Deuteronomy,27,23,Deuteronomy 27:23,1,ܠܝܛ,,,,Peshitta,PESH
5,Deuteronomy,27,23,Deuteronomy 27:23,2,ܗܘ,,,,Peshitta,PESH
5,Deuteronomy,27,23,Deuteronomy 27:23,3,ܟܠ,,,,Peshitta,PESH
5,Deuteronomy,27,23,Deuteronomy 27:23,4,ܕܢܕܡܟ,,,,Peshitta,PESH
5,Deuteronomy,27,23,Deuteronomy 27:23,5,ܥܡ,,,,Peshitta,PESH
5,Deuteronomy,27,23,Deuteronomy 27:23,6,ܚܡܬܗ,,,,Peshitta,PESH
5,Deuteronomy,27,23,Deuteronomy 27:23,7,ܘܢܐܡܪ,,,,Peshitta,PESH
5,Deuteronomy,27,23,Deuteronomy 27:23,8,ܟܘܠܗ,,,,Peshitta,PESH
5,Deuteronomy,27,23,Deuteronomy 27:23,9,ܥܡܐ,,,,Peshitta,PESH
5,Deuteronomy,27,23,Deuteronomy 27:23,10,ܐܡܝܢ,,,,Peshitta,PESH
5,Deuteronomy,27,24,Deuteronomy 27:24,1,ܠܝܛ,,,,Peshitta,PESH
5,Deuteronomy,27,24,Deuteronomy 27:24,2,ܗܘ,,,,Peshitta,PESH
5,Deuteronomy,27,24,Deuteronomy 27:24,3,ܟܘܠ,,,,Peshitta,PESH
5,Deuteronomy,27,24,Deuteronomy 27:24,4,ܕܢܡܚܐ,,,,Peshitta,PESH
5,Deuteronomy,27,24,Deuteronomy 27:24,5,ܠܚܒܪܗ,,,,Peshitta,PESH
5,Deuteronomy,27,24,Deuteronomy 27:24,6,ܒܣܬܪܐ,,,,Peshitta,PESH
5,Deuteronomy,27,24,Deuteronomy 27:24,7,ܘܢܐܡܪ,,,,Peshitta,PESH
5,Deuteronomy,27,24,Deuteronomy 27:24,8,ܟܠܗ,,,,Peshitta,PESH
5,Deuteronomy,27,24,Deuteronomy 27:24,9,ܥܡܐ,,,,Peshitta,PESH
5,Deuteronomy,27,24,Deuteronomy 27:24,10,ܐܡܝܢ,,,,Peshitta,PESH
5,Deuteronomy,27,25,Deuteronomy 27:25,1,ܠܝܛ,,,,Peshitta,PESH
5,Deuteronomy,27,25,Deuteronomy 27:25,2,ܗܘ,,,,Peshitta,PESH
5,Deuteronomy,27,25,Deuteronomy 27:25,3,ܟܠ,,,,Peshitta,PESH
5,Deuteronomy,27,25,Deuteronomy 27:25,4,ܕܢܣܒ,,,,Peshitta,PESH
5,Deuteronomy,27,25,Deuteronomy 27:25,5,ܫܘܚܕܐ,,,,Peshitta,PESH
5,Deuteronomy,27,25,Deuteronomy 27:25,6,ܠܡܩܛܠ,,,,Peshitta,PESH
5,Deuteronomy,27,25,Deuteronomy 27:25,7,ܢܦܫܐ,,,,Peshitta,PESH
5,Deuteronomy,27,25,Deuteronomy 27:25,8,ܕܕܡܐ,,,,Peshitta,PESH
5,Deuteronomy,27,25,Deuteronomy 27:25,9,ܙܟܝܐ,,,,Peshitta,PESH
5,Deuteronomy,27,25,Deuteronomy 27:25,10,ܘܢܐܡܪ,,,,Peshitta,PESH
5,Deuteronomy,27,25,Deuteronomy 27:25,11,ܟܠܗ,,,,Peshitta,PESH
5,Deuteronomy,27,25,Deuteronomy 27:25,12,ܥܡܐ,,,,Peshitta,PESH
5,Deuteronomy,27,25,Deuteronomy 27:25,13,ܐܡܝܢ,,,,Peshitta,PESH
5,Deuteronomy,27,26,Deuteronomy 27:26,1,ܠܝܛ,,,,Peshitta,PESH
5,Deuteronomy,27,26,Deuteronomy 27:26,2,ܗܘ,,,,Peshitta,PESH
5,Deuteronomy,27,26,Deuteronomy 27:26,3,ܟܠ,,,,Peshitta,PESH
5,Deuteronomy,27,26,Deuteronomy 27:26,4,ܕܠܐ,,,,Peshitta,PESH
5,Deuteronomy,27,26,Deuteronomy 27:26,5,ܢܩܝܡ,,,,Peshitta,PESH
5,Deuteronomy,27,26,Deuteronomy 27:26,6,ܥܠ,,,,Peshitta,PESH
5,Deuteronomy,27,26,Deuteronomy 27:26,7,ܦܬ̈ܓܡܘܗܝ,,,,Peshitta,PESH
5,Deuteronomy,27,26,Deuteronomy 27:26,8,ܕܢܡܘܣܐ,,,,Peshitta,PESH
5,Deuteronomy,27,26,Deuteronomy 27:26,9,ܗܢܐ,,,,Peshitta,PESH
5,Deuteronomy,27,26,Deuteronomy 27:26,10,ܘܢܥܒܕ,,,,Peshitta,PESH
5,Deuteronomy,27,26,Deuteronomy 27:26,11,ܐܢܘܢ,,,,Peshitta,PESH
5,Deuteronomy,27,26,Deuteronomy 27:26,12,ܘܢܐܡܪ,,,,Peshitta,PESH
5,Deuteronomy,27,26,Deuteronomy 27:26,13,ܟܘܠܗ,,,,Peshitta,PESH
5,Deuteronomy,27,26,Deuteronomy 27:26,14,ܥܡܐ,,,,Peshitta,PESH
5,Deuteronomy,27,26,Deuteronomy 27:26,15,ܐܡܝܢ,,,,Peshitta,PESH
5,Deuteronomy,28,1,Deuteronomy 28:1,1,ܘܐܢ,,,,Peshitta,PESH
5,Deuteronomy,28,1,Deuteronomy 28:1,2,ܬܫܡܥ,,,,Peshitta,PESH
5,Deuteronomy,28,1,Deuteronomy 28:1,3,ܒܩܠܗ,,,,Peshitta,PESH
5,Deuteronomy,28,1,Deuteronomy 28:1,4,ܕܡܪܝܐ,,,,Peshitta,PESH
5,Deuteronomy,28,1,Deuteronomy 28:1,5,ܐܠܗܟ,,,,Peshitta,PESH
5,Deuteronomy,28,1,Deuteronomy 28:1,6,ܘܬܛܪ,,,,Peshitta,PESH
5,Deuteronomy,28,1,Deuteronomy 28:1,7,ܘܬܥܒܕ,,,,Peshitta,PESH
5,Deuteronomy,28,1,Deuteronomy 28:1,8,ܟܠܗܘܢ,,,,Peshitta,PESH
5,Deuteronomy,28,1,Deuteronomy 28:1,9,ܦܘܩ̈ܕܢܘܗܝ,,,,Peshitta,PESH
5,Deuteronomy,28,1,Deuteronomy 28:1,10,ܕܡܦܩܕ,,,,Peshitta,PESH
5,Deuteronomy,28,1,Deuteronomy 28:1,11,ܐܢܐ,,,,Peshitta,PESH
5,Deuteronomy,28,1,Deuteronomy 28:1,12,ܠܟ,,,,Peshitta,PESH
5,Deuteronomy,28,1,Deuteronomy 28:1,13,ܝܘܡܢܐ,,,,Peshitta,PESH
5,Deuteronomy,28,1,Deuteronomy 28:1,14,ܢܥܒܕܟ,,,,Peshitta,PESH
5,Deuteronomy,28,1,Deuteronomy 28:1,15,ܡܪܝܐ,,,,Peshitta,PESH
5,Deuteronomy,28,1,Deuteronomy 28:1,16,ܐܠܗܟ,,,,Peshitta,PESH
5,Deuteronomy,28,1,Deuteronomy 28:1,17,ܠܥܠ,,,,Peshitta,PESH
5,Deuteronomy,28,1,Deuteronomy 28:1,18,ܡܢ,,,,Peshitta,PESH
5,Deuteronomy,28,1,Deuteronomy 28:1,19,ܟܠܗܘܢ,,,,Peshitta,PESH
5,Deuteronomy,28,1,Deuteronomy 28:1,20,ܥܡ̈ܡܐ,,,,Peshitta,PESH
5,Deuteronomy,28,1,Deuteronomy 28:1,21,ܕܐܪܥܐ,,,,Peshitta,PESH
5,Deuteronomy,28,2,Deuteronomy 28:2,1,ܘܢܐܬܝܢ,,,,Peshitta,PESH
5,Deuteronomy,28,2,Deuteronomy 28:2,2,ܥܠܝܟ,,,,Peshitta,PESH
5,Deuteronomy,28,2,Deuteronomy 28:2,3,ܗܠܝܢ,,,,Peshitta,PESH
5,Deuteronomy,28,2,Deuteronomy 28:2,4,ܟܘܠܗܝܢ,,,,Peshitta,PESH
5,Deuteronomy,28,2,Deuteronomy 28:2,5,ܒܘܪ̈ܟܬܐ,,,,Peshitta,PESH
5,Deuteronomy,28,2,Deuteronomy 28:2,6,ܘܢܕܪܟܢܟ,,,,Peshitta,PESH
5,Deuteronomy,28,2,Deuteronomy 28:2,7,ܟܕ,,,,Peshitta,PESH
5,Deuteronomy,28,2,Deuteronomy 28:2,8,ܬܫܡܥ,,,,Peshitta,PESH
5,Deuteronomy,28,2,Deuteronomy 28:2,9,ܒܩܠܗ,,,,Peshitta,PESH
5,Deuteronomy,28,2,Deuteronomy 28:2,10,ܕܡܪܝܐ,,,,Peshitta,PESH
5,Deuteronomy,28,2,Deuteronomy 28:2,11,ܐܠܗܟ,,,,Peshitta,PESH
5,Deuteronomy,28,3,Deuteronomy 28:3,1,ܒܪܝܟ,,,,Peshitta,PESH
5,Deuteronomy,28,3,Deuteronomy 28:3,2,ܐܢܬ,,,,Peshitta,PESH
5,Deuteronomy,28,3,Deuteronomy 28:3,3,ܒܩܪܝܬܐ,,,,Peshitta,PESH
5,Deuteronomy,28,3,Deuteronomy 28:3,4,ܒܪܝܟ,,,,Peshitta,PESH
5,Deuteronomy,28,3,Deuteronomy 28:3,5,ܐܢܬ,,,,Peshitta,PESH
5,Deuteronomy,28,3,Deuteronomy 28:3,6,ܒܚܩܠܐ,,,,Peshitta,PESH
5,Deuteronomy,28,4,Deuteronomy 28:4,1,ܒܪ̈ܝܟܝܢ,,,,Peshitta,PESH
5,Deuteronomy,28,4,Deuteronomy 28:4,2,ܦܐܪ̈ܐ,,,,Peshitta,PESH
5,Deuteronomy,28,4,Deuteronomy 28:4,3,ܕܟܪܣܟ,,,,Peshitta,PESH
5,Deuteronomy,28,4,Deuteronomy 28:4,4,ܘܦܐܪ̈ܐ,,,,Peshitta,PESH
5,Deuteronomy,28,4,Deuteronomy 28:4,5,ܕܐܪܥܟ,,,,Peshitta,PESH
5,Deuteronomy,28,4,Deuteronomy 28:4,6,ܘܝ̇ܠܕܐ,,,,Peshitta,PESH
5,Deuteronomy,28,4,Deuteronomy 28:4,7,ܕܒܥܝܪ̈ܟ,,,,Peshitta,PESH
5,Deuteronomy,28,4,Deuteronomy 28:4,8,ܘܒܩܪ̈ܐ,,,,Peshitta,PESH
5,Deuteronomy,28,4,Deuteronomy 28:4,9,ܕܬܘܪ̈ܝܟ,,,,Peshitta,PESH
5,Deuteronomy,28,4,Deuteronomy 28:4,10,ܘܓܙܪ̈ܐ,,,,Peshitta,PESH
5,Deuteronomy,28,4,Deuteronomy 28:4,11,ܕܥܢܟ,,,,Peshitta,PESH
5,Deuteronomy,28,5,Deuteronomy 28:5,1,ܒܪܝܟ,,,,Peshitta,PESH
5,Deuteronomy,28,5,Deuteronomy 28:5,2,ܣܠܟ,,,,Peshitta,PESH
5,Deuteronomy,28,5,Deuteronomy 28:5,3,ܘܐܨܘܬܟ,,,,Peshitta,PESH
5,Deuteronomy,28,6,Deuteronomy 28:6,1,ܒܪܝܟ,,,,Peshitta,PESH
5,Deuteronomy,28,6,Deuteronomy 28:6,2,ܐܢܬ,,,,Peshitta,PESH
5,Deuteronomy,28,6,Deuteronomy 28:6,3,ܒܡܥܠܟ,,,,Peshitta,PESH
5,Deuteronomy,28,6,Deuteronomy 28:6,4,ܒܪܝܟ,,,,Peshitta,PESH
5,Deuteronomy,28,6,Deuteronomy 28:6,5,ܐܢܬ,,,,Peshitta,PESH
5,Deuteronomy,28,6,Deuteronomy 28:6,6,ܒܡܦܩܟ,,,,Peshitta,PESH
5,Deuteronomy,28,7,Deuteronomy 28:7,1,ܘܢܫܠܡ,,,,Peshitta,PESH
5,Deuteronomy,28,7,Deuteronomy 28:7,2,ܡܪܝܐ,,,,Peshitta,PESH
5,Deuteronomy,28,7,Deuteronomy 28:7,3,ܠܒ̈ܥܠܕܒܒܝܟ,,,,Peshitta,PESH
5,Deuteronomy,28,7,Deuteronomy 28:7,4,ܕܩ̇ܝܡܝܢ,,,,Peshitta,PESH
5,Deuteronomy,28,7,Deuteronomy 28:7,5,ܥܠܝܟ,,,,Peshitta,PESH
5,Deuteronomy,28,7,Deuteronomy 28:7,6,ܩܕܡܝܟ,,,,Peshitta,PESH
5,Deuteronomy,28,7,Deuteronomy 28:7,7,ܟܕ,,,,Peshitta,PESH
5,Deuteronomy,28,7,Deuteronomy 28:7,8,ܬܒܝܪ̈ܝܢ,,,,Peshitta,PESH
5,Deuteronomy,28,7,Deuteronomy 28:7,9,ܒܐܘܪܚܐ,,,,Peshitta,PESH
5,Deuteronomy,28,7,Deuteronomy 28:7,10,ܚܕܐ,,,,Peshitta,PESH
5,Deuteronomy,28,7,Deuteronomy 28:7,11,ܢܦܩܘܢ,,,,Peshitta,PESH
5,Deuteronomy,28,7,Deuteronomy 28:7,12,ܥܠܝܟ,,,,Peshitta,PESH
5,Deuteronomy,28,7,Deuteronomy 28:7,13,ܘܒܫܒܥ,,,,Peshitta,PESH
5,Deuteronomy,28,7,Deuteronomy 28:7,14,ܐܘܪ̈ܚܢ,,,,Peshitta,PESH
5,Deuteronomy,28,7,Deuteronomy 28:7,15,ܢܥܪܩܘܢ,,,,Peshitta,PESH
5,Deuteronomy,28,7,Deuteronomy 28:7,16,ܡܢ,,,,Peshitta,PESH
5,Deuteronomy,28,7,Deuteronomy 28:7,17,ܩܕܡܝܟ,,,,Peshitta,PESH
5,Deuteronomy,28,8,Deuteronomy 28:8,1,ܢܦܩܘܕ,,,,Peshitta,PESH
5,Deuteronomy,28,8,Deuteronomy 28:8,2,ܡܪܝܐ,,,,Peshitta,PESH
5,Deuteronomy,28,8,Deuteronomy 28:8,3,ܒܘܪ̈ܟܬܐ,,,,Peshitta,PESH
5,Deuteronomy,28,8,Deuteronomy 28:8,4,ܒܐܘܨܪ̈ܝܟ,,,,Peshitta,PESH
5,Deuteronomy,28,8,Deuteronomy 28:8,5,ܘܒܟܠ,,,,Peshitta,PESH
5,Deuteronomy,28,8,Deuteronomy 28:8,6,ܡܕܡ,,,,Peshitta,PESH
5,Deuteronomy,28,8,Deuteronomy 28:8,7,ܕܡܘܫܛ,,,,Peshitta,PESH
5,Deuteronomy,28,8,Deuteronomy 28:8,8,ܐܢܬ,,,,Peshitta,PESH
5,Deuteronomy,28,8,Deuteronomy 28:8,9,ܐܝܕܟ,,,,Peshitta,PESH
5,Deuteronomy,28,8,Deuteronomy 28:8,10,ܘܢܒܪܟܟ,,,,Peshitta,PESH
5,Deuteronomy,28,8,Deuteronomy 28:8,11,ܒܐܪܥܐ,,,,Peshitta,PESH
5,Deuteronomy,28,8,Deuteronomy 28:8,12,ܕܝ̇ܗܒ,,,,Peshitta,PESH
5,Deuteronomy,28,8,Deuteronomy 28:8,13,ܠܟ,,,,Peshitta,PESH
5,Deuteronomy,28,8,Deuteronomy 28:8,14,ܡܪܝܐ,,,,Peshitta,PESH
5,Deuteronomy,28,8,Deuteronomy 28:8,15,ܐܠܗܟ,,,,Peshitta,PESH
5,Deuteronomy,28,9,Deuteronomy 28:9,1,ܢܩܝܡܟ,,,,Peshitta,PESH
5,Deuteronomy,28,9,Deuteronomy 28:9,2,ܠܗ,,,,Peshitta,PESH
5,Deuteronomy,28,9,Deuteronomy 28:9,3,ܡܪܝܐ,,,,Peshitta,PESH
5,Deuteronomy,28,9,Deuteronomy 28:9,4,ܥܡܐ,,,,Peshitta,PESH
5,Deuteronomy,28,9,Deuteronomy 28:9,5,ܩܕܝܫܐ,,,,Peshitta,PESH
5,Deuteronomy,28,9,Deuteronomy 28:9,6,ܐܝܟ,,,,Peshitta,PESH
5,Deuteronomy,28,9,Deuteronomy 28:9,7,ܕܝܡܐ,,,,Peshitta,PESH
5,Deuteronomy,28,9,Deuteronomy 28:9,8,ܠܟ,,,,Peshitta,PESH
5,Deuteronomy,28,9,Deuteronomy 28:9,9,ܐܢ,,,,Peshitta,PESH
5,Deuteronomy,28,9,Deuteronomy 28:9,10,ܬܛܪ,,,,Peshitta,PESH
5,Deuteronomy,28,9,Deuteronomy 28:9,11,ܟܘܠܗܘܢ,,,,Peshitta,PESH
5,Deuteronomy,28,9,Deuteronomy 28:9,12,ܦܘܩ̈ܕܢܘܗܝ,,,,Peshitta,PESH
5,Deuteronomy,28,9,Deuteronomy 28:9,13,ܕܡܪܝܐ,,,,Peshitta,PESH
5,Deuteronomy,28,9,Deuteronomy 28:9,14,ܐܠܗܟ,,,,Peshitta,PESH
5,Deuteronomy,28,9,Deuteronomy 28:9,15,ܘܬܗܠܟ,,,,Peshitta,PESH
5,Deuteronomy,28,9,Deuteronomy 28:9,16,ܒܐܘܪ̈ܚܬܗ,,,,Peshitta,PESH
5,Deuteronomy,28,10,Deuteronomy 28:10,1,ܘܢܚܙܘܢ,,,,Peshitta,PESH
5,Deuteronomy,28,10,Deuteronomy 28:10,2,ܟܠܗܘܢ,,,,Peshitta,PESH
5,Deuteronomy,28,10,Deuteronomy 28:10,3,ܥܡ̈ܡܐ,,,,Peshitta,PESH
5,Deuteronomy,28,10,Deuteronomy 28:10,4,ܕܐܪܥܐ,,,,Peshitta,PESH
5,Deuteronomy,28,10,Deuteronomy 28:10,5,ܕܫܡܗ,,,,Peshitta,PESH
5,Deuteronomy,28,10,Deuteronomy 28:10,6,ܕܡܪܝܐ,,,,Peshitta,PESH
5,Deuteronomy,28,10,Deuteronomy 28:10,7,ܐܬܩܪܝ,,,,Peshitta,PESH
5,Deuteronomy,28,10,Deuteronomy 28:10,8,ܥܠܝܟ,,,,Peshitta,PESH
5,Deuteronomy,28,10,Deuteronomy 28:10,9,ܘܢܕܚܠܘܢ,,,,Peshitta,PESH
5,Deuteronomy,28,10,Deuteronomy 28:10,10,ܡܢܟ,,,,Peshitta,PESH
5,Deuteronomy,28,11,Deuteronomy 28:11,1,ܘܢܘܬܪܟ,,,,Peshitta,PESH
5,Deuteronomy,28,11,Deuteronomy 28:11,2,ܡܪܝܐ,,,,Peshitta,PESH
5,Deuteronomy,28,11,Deuteronomy 28:11,3,ܠܛܒܬܐ,,,,Peshitta,PESH
5,Deuteronomy,28,11,Deuteronomy 28:11,4,ܒܦܐܪ̈ܐ,,,,Peshitta,PESH
5,Deuteronomy,28,11,Deuteronomy 28:11,5,ܕܟܪܣܟ,,,,Peshitta,PESH
5,Deuteronomy,28,11,Deuteronomy 28:11,6,ܘܒܝܠܕܐ,,,,Peshitta,PESH
5,Deuteronomy,28,11,Deuteronomy 28:11,7,ܕܒܥܝܪ̈ܟ,,,,Peshitta,PESH
5,Deuteronomy,28,11,Deuteronomy 28:11,8,ܘܒܦܐܪ̈ܐ,,,,Peshitta,PESH
5,Deuteronomy,28,11,Deuteronomy 28:11,9,ܕܐܪܥܟ,,,,Peshitta,PESH
5,Deuteronomy,28,11,Deuteronomy 28:11,10,ܒܐܪܥܐ,,,,Peshitta,PESH
5,Deuteronomy,28,11,Deuteronomy 28:11,11,ܕܝܡܐ,,,,Peshitta,PESH
5,Deuteronomy,28,11,Deuteronomy 28:11,12,ܡܪܝܐ,,,,Peshitta,PESH
5,Deuteronomy,28,11,Deuteronomy 28:11,13,ܠܐ̈ܒܗܝܟ,,,,Peshitta,PESH
5,Deuteronomy,28,11,Deuteronomy 28:11,14,ܠܡܬܠ,,,,Peshitta,PESH
5,Deuteronomy,28,11,Deuteronomy 28:11,15,ܠܟ,,,,Peshitta,PESH
5,Deuteronomy,28,12,Deuteronomy 28:12,1,ܢܦܬܚ,,,,Peshitta,PESH
5,Deuteronomy,28,12,Deuteronomy 28:12,2,ܠܟ,,,,Peshitta,PESH
5,Deuteronomy,28,12,Deuteronomy 28:12,3,ܡܪܝܐ,,,,Peshitta,PESH
5,Deuteronomy,28,12,Deuteronomy 28:12,4,ܐܘܨܪܗ,,,,Peshitta,PESH
5,Deuteronomy,28,12,Deuteronomy 28:12,5,ܛܒܐ,,,,Peshitta,PESH
5,Deuteronomy,28,12,Deuteronomy 28:12,6,ܫܡܝܐ,,,,Peshitta,PESH
5,Deuteronomy,28,12,Deuteronomy 28:12,7,ܘܢܬܠ,,,,Peshitta,PESH
5,Deuteronomy,28,12,Deuteronomy 28:12,8,ܡܛܪܐ,,,,Peshitta,PESH
5,Deuteronomy,28,12,Deuteronomy 28:12,9,ܕܐܪܥܟ,,,,Peshitta,PESH
5,Deuteronomy,28,12,Deuteronomy 28:12,10,ܒܙܒܢܗ,,,,Peshitta,PESH
5,Deuteronomy,28,12,Deuteronomy 28:12,11,ܘܢܒܪܟ,,,,Peshitta,PESH
5,Deuteronomy,28,12,Deuteronomy 28:12,12,ܟܠܗܘܢ,,,,Peshitta,PESH
5,Deuteronomy,28,12,Deuteronomy 28:12,13,ܥ̈ܒ̇ܕܐ,,,,Peshitta,PESH
5,Deuteronomy,28,12,Deuteronomy 28:12,14,ܕܐ̈ܝܕܝܟ,,,,Peshitta,PESH
5,Deuteronomy,28,12,Deuteronomy 28:12,15,ܬܘܙܦ,,,,Peshitta,PESH
5,Deuteronomy,28,12,Deuteronomy 28:12,16,ܠܥܡ̈ܡܐ,,,,Peshitta,PESH
5,Deuteronomy,28,12,Deuteronomy 28:12,17,ܣ̈ܓܝܐܐ,,,,Peshitta,PESH
5,Deuteronomy,28,12,Deuteronomy 28:12,18,ܘܐܢܬ,,,,Peshitta,PESH
5,Deuteronomy,28,12,Deuteronomy 28:12,19,ܠܐ,,,,Peshitta,PESH
5,Deuteronomy,28,12,Deuteronomy 28:12,20,ܬܐܙܦ,,,,Peshitta,PESH
5,Deuteronomy,28,12,Deuteronomy 28:12,21,ܘܬܫܬܠܛ,,,,Peshitta,PESH
5,Deuteronomy,28,12,Deuteronomy 28:12,22,ܒܥܡ̈ܡܐ,,,,Peshitta,PESH
5,Deuteronomy,28,12,Deuteronomy 28:12,23,ܣ̈ܓܝܐܐ,,,,Peshitta,PESH
5,Deuteronomy,28,12,Deuteronomy 28:12,24,ܘܒܟ,,,,Peshitta,PESH
5,Deuteronomy,28,12,Deuteronomy 28:12,25,ܠܐ,,,,Peshitta,PESH
5,Deuteronomy,28,12,Deuteronomy 28:12,26,ܢܫܬܠܛܘܢ,,,,Peshitta,PESH
5,Deuteronomy,28,13,Deuteronomy 28:13,1,ܢܥܒܕܟ,,,,Peshitta,PESH
5,Deuteronomy,28,13,Deuteronomy 28:13,2,ܡܪܝܐ,,,,Peshitta,PESH
5,Deuteronomy,28,13,Deuteronomy 28:13,3,ܪܝܫܐ,,,,Peshitta,PESH
5,Deuteronomy,28,13,Deuteronomy 28:13,4,ܘܠܐ,,,,Peshitta,PESH
5,Deuteronomy,28,13,Deuteronomy 28:13,5,ܕܢܘܒܬܐ,,,,Peshitta,PESH
5,Deuteronomy,28,13,Deuteronomy 28:13,6,ܘܬܗܘܐ,,,,Peshitta,PESH
5,Deuteronomy,28,13,Deuteronomy 28:13,7,ܠܥܠ,,,,Peshitta,PESH
5,Deuteronomy,28,13,Deuteronomy 28:13,8,ܘܠܐ,,,,Peshitta,PESH
5,Deuteronomy,28,13,Deuteronomy 28:13,9,ܬܗܘܐ,,,,Peshitta,PESH
5,Deuteronomy,28,13,Deuteronomy 28:13,10,ܠܬܚܬ,,,,Peshitta,PESH
5,Deuteronomy,28,13,Deuteronomy 28:13,11,ܟܕ,,,,Peshitta,PESH
5,Deuteronomy,28,13,Deuteronomy 28:13,12,ܬܫܡܥ,,,,Peshitta,PESH
5,Deuteronomy,28,13,Deuteronomy 28:13,13,ܦܘܩ̈ܕܢܘܗܝ,,,,Peshitta,PESH
5,Deuteronomy,28,13,Deuteronomy 28:13,14,ܕܡܪܝܐ,,,,Peshitta,PESH
5,Deuteronomy,28,13,Deuteronomy 28:13,15,ܐܠܗܟ,,,,Peshitta,PESH
5,Deuteronomy,28,13,Deuteronomy 28:13,16,ܕܡܦܩܕ,,,,Peshitta,PESH
5,Deuteronomy,28,13,Deuteronomy 28:13,17,ܐܢܐ,,,,Peshitta,PESH
5,Deuteronomy,28,13,Deuteronomy 28:13,18,ܠܟ,,,,Peshitta,PESH
5,Deuteronomy,28,13,Deuteronomy 28:13,19,ܝܘܡܢܐ,,,,Peshitta,PESH
5,Deuteronomy,28,13,Deuteronomy 28:13,20,ܘܬܛܪ,,,,Peshitta,PESH
5,Deuteronomy,28,13,Deuteronomy 28:13,21,ܘܬܥܒܕ,,,,Peshitta,PESH
5,Deuteronomy,28,13,Deuteronomy 28:13,22,ܐܢܘܢ,,,,Peshitta,PESH
5,Deuteronomy,28,14,Deuteronomy 28:14,1,ܘܠܐ,,,,Peshitta,PESH
5,Deuteronomy,28,14,Deuteronomy 28:14,2,ܬܣܛܐ,,,,Peshitta,PESH
5,Deuteronomy,28,14,Deuteronomy 28:14,3,ܡܢ,,,,Peshitta,PESH
5,Deuteronomy,28,14,Deuteronomy 28:14,4,ܟܠܗܘܢ,,,,Peshitta,PESH
5,Deuteronomy,28,14,Deuteronomy 28:14,5,ܦܘܩ̈ܕܢܐ,,,,Peshitta,PESH
5,Deuteronomy,28,14,Deuteronomy 28:14,6,ܕܡܦܩܕ,,,,Peshitta,PESH
5,Deuteronomy,28,14,Deuteronomy 28:14,7,ܐܢܐ,,,,Peshitta,PESH
5,Deuteronomy,28,14,Deuteronomy 28:14,8,ܠܟ,,,,Peshitta,PESH
5,Deuteronomy,28,14,Deuteronomy 28:14,9,ܝܘܡܢܐ,,,,Peshitta,PESH
5,Deuteronomy,28,14,Deuteronomy 28:14,10,ܠܐ,,,,Peshitta,PESH
5,Deuteronomy,28,14,Deuteronomy 28:14,11,ܠܝܡܝܢܐ,,,,Peshitta,PESH
5,Deuteronomy,28,14,Deuteronomy 28:14,12,ܘܠܐ,,,,Peshitta,PESH
5,Deuteronomy,28,14,Deuteronomy 28:14,13,ܠܣܡܠܐ,,,,Peshitta,PESH
5,Deuteronomy,28,14,Deuteronomy 28:14,14,ܘܠܐ,,,,Peshitta,PESH
5,Deuteronomy,28,14,Deuteronomy 28:14,15,ܬܐܙܠ,,,,Peshitta,PESH
5,Deuteronomy,28,14,Deuteronomy 28:14,16,ܒܬܪ,,,,Peshitta,PESH
5,Deuteronomy,28,14,Deuteronomy 28:14,17,ܐ̈ܠܗܐ,,,,Peshitta,PESH
5,Deuteronomy,28,14,Deuteronomy 28:14,18,ܕܥܡ̈ܡܐ,,,,Peshitta,PESH
5,Deuteronomy,28,14,Deuteronomy 28:14,19,ܘܬܦܠܘܚ,,,,Peshitta,PESH
5,Deuteronomy,28,14,Deuteronomy 28:14,20,ܐܢܘܢ,,,,Peshitta,PESH
5,Deuteronomy,28,15,Deuteronomy 28:15,1,ܘܐܢ,,,,Peshitta,PESH
5,Deuteronomy,28,15,Deuteronomy 28:15,2,ܠܐ,,,,Peshitta,PESH
5,Deuteronomy,28,15,Deuteronomy 28:15,3,ܬܫܡܥ,,,,Peshitta,PESH
5,Deuteronomy,28,15,Deuteronomy 28:15,4,ܒܩܠܗ,,,,Peshitta,PESH
5,Deuteronomy,28,15,Deuteronomy 28:15,5,ܕܡܪܝܐ,,,,Peshitta,PESH
5,Deuteronomy,28,15,Deuteronomy 28:15,6,ܐܠܗܟ,,,,Peshitta,PESH
5,Deuteronomy,28,15,Deuteronomy 28:15,7,ܘܠܐ,,,,Peshitta,PESH
5,Deuteronomy,28,15,Deuteronomy 28:15,8,ܬܛܪ,,,,Peshitta,PESH
5,Deuteronomy,28,15,Deuteronomy 28:15,9,ܘܠܐ,,,,Peshitta,PESH
5,Deuteronomy,28,15,Deuteronomy 28:15,10,ܬܥܒܕ,,,,Peshitta,PESH
5,Deuteronomy,28,15,Deuteronomy 28:15,11,ܟܘܠܗܘܢ,,,,Peshitta,PESH
5,Deuteronomy,28,15,Deuteronomy 28:15,12,ܦܘܩ̈ܕܢܘܗܝ,,,,Peshitta,PESH
5,Deuteronomy,28,15,Deuteronomy 28:15,13,ܘܢܡ̈ܘܣܘܗܝ,,,,Peshitta,PESH
5,Deuteronomy,28,15,Deuteronomy 28:15,14,ܕܡܦܩܕ,,,,Peshitta,PESH
5,Deuteronomy,28,15,Deuteronomy 28:15,15,ܐܢܐ,,,,Peshitta,PESH
5,Deuteronomy,28,15,Deuteronomy 28:15,16,ܠܟ,,,,Peshitta,PESH
5,Deuteronomy,28,15,Deuteronomy 28:15,17,ܝܘܡܢܐ,,,,Peshitta,PESH
5,Deuteronomy,28,15,Deuteronomy 28:15,18,ܢܐܬܝܢ,,,,Peshitta,PESH
5,Deuteronomy,28,15,Deuteronomy 28:15,19,ܥܠܝܟ,,,,Peshitta,PESH
5,Deuteronomy,28,15,Deuteronomy 28:15,20,ܗܠܝܢ,,,,Peshitta,PESH
5,Deuteronomy,28,15,Deuteronomy 28:15,21,ܟܘܠܗܝܢ,,,,Peshitta,PESH
5,Deuteronomy,28,15,Deuteronomy 28:15,22,ܠܘ̈ܛܬܐ,,,,Peshitta,PESH
5,Deuteronomy,28,15,Deuteronomy 28:15,23,ܘܢܕܪܟܢܟ,,,,Peshitta,PESH
5,Deuteronomy,28,16,Deuteronomy 28:16,1,ܠܝܛ,,,,Peshitta,PESH
5,Deuteronomy,28,16,Deuteronomy 28:16,2,ܐܢܬ,,,,Peshitta,PESH
5,Deuteronomy,28,16,Deuteronomy 28:16,3,ܒܩܪܝܬܐ,,,,Peshitta,PESH
5,Deuteronomy,28,16,Deuteronomy 28:16,4,ܠܝܛ,,,,Peshitta,PESH
5,Deuteronomy,28,16,Deuteronomy 28:16,5,ܐܢܬ,,,,Peshitta,PESH
5,Deuteronomy,28,16,Deuteronomy 28:16,6,ܒܚܩܠܐ,,,,Peshitta,PESH
5,Deuteronomy,28,17,Deuteronomy 28:17,1,ܠܝܛ,,,,Peshitta,PESH
5,Deuteronomy,28,17,Deuteronomy 28:17,2,ܣܠܟ,,,,Peshitta,PESH
5,Deuteronomy,28,17,Deuteronomy 28:17,3,ܘܐܨܘܬܟ,,,,Peshitta,PESH
5,Deuteronomy,28,18,Deuteronomy 28:18,1,ܠܝ̈ܛܝܢ,,,,Peshitta,PESH
5,Deuteronomy,28,18,Deuteronomy 28:18,2,ܦܐܪ̈ܐ,,,,Peshitta,PESH
5,Deuteronomy,28,18,Deuteronomy 28:18,3,ܕܟܪܣܟ,,,,Peshitta,PESH
5,Deuteronomy,28,18,Deuteronomy 28:18,4,ܘܦܐܪ̈ܐ,,,,Peshitta,PESH
5,Deuteronomy,28,18,Deuteronomy 28:18,5,ܕܐܪܥܟ,,,,Peshitta,PESH
5,Deuteronomy,28,18,Deuteronomy 28:18,6,ܘܒܩܪ̈ܐ,,,,Peshitta,PESH
5,Deuteronomy,28,18,Deuteronomy 28:18,7,ܕܬܘܪ̈ܝܟ,,,,Peshitta,PESH
5,Deuteronomy,28,18,Deuteronomy 28:18,8,ܘܓܙܪ̈ܐ,,,,Peshitta,PESH
5,Deuteronomy,28,18,Deuteronomy 28:18,9,ܕܥܢܟ,,,,Peshitta,PESH
5,Deuteronomy,28,19,Deuteronomy 28:19,1,ܠܝܛ,,,,Peshitta,PESH
5,Deuteronomy,28,19,Deuteronomy 28:19,2,ܐܢܬ,,,,Peshitta,PESH
5,Deuteronomy,28,19,Deuteronomy 28:19,3,ܒܡܥܠܟ,,,,Peshitta,PESH
5,Deuteronomy,28,19,Deuteronomy 28:19,4,ܠܝܛ,,,,Peshitta,PESH
5,Deuteronomy,28,19,Deuteronomy 28:19,5,ܐܢܬ,,,,Peshitta,PESH
5,Deuteronomy,28,19,Deuteronomy 28:19,6,ܒܡܦܩܟ,,,,Peshitta,PESH
5,Deuteronomy,28,20,Deuteronomy 28:20,1,ܢܫܕܪ,,,,Peshitta,PESH
5,Deuteronomy,28,20,Deuteronomy 28:20,2,ܥܠܝܟ,,,,Peshitta,PESH
5,Deuteronomy,28,20,Deuteronomy 28:20,3,ܡܪܝܐ,,,,Peshitta,PESH
5,Deuteronomy,28,20,Deuteronomy 28:20,4,ܚܘܣܪܢܐ,,,,Peshitta,PESH
5,Deuteronomy,28,20,Deuteronomy 28:20,5,ܘܕܠܘܚܝܐ,,,,Peshitta,PESH
5,Deuteronomy,28,20,Deuteronomy 28:20,6,ܘܟܐܬܐ,,,,Peshitta,PESH
5,Deuteronomy,28,20,Deuteronomy 28:20,7,ܒܟܠ,,,,Peshitta,PESH
5,Deuteronomy,28,20,Deuteronomy 28:20,8,ܡܕܡ,,,,Peshitta,PESH
5,Deuteronomy,28,20,Deuteronomy 28:20,9,ܕܡܘܫܛ,,,,Peshitta,PESH
5,Deuteronomy,28,20,Deuteronomy 28:20,10,ܐܢܬ,,,,Peshitta,PESH
5,Deuteronomy,28,20,Deuteronomy 28:20,11,ܐܝܕܟ,,,,Peshitta,PESH
5,Deuteronomy,28,20,Deuteronomy 28:20,12,ܕܬܥܒܕ,,,,Peshitta,PESH
5,Deuteronomy,28,20,Deuteronomy 28:20,13,ܥܕܡܐ,,,,Peshitta,PESH
5,Deuteronomy,28,20,Deuteronomy 28:20,14,ܕܢܘܒܕܟ,,,,Peshitta,PESH
5,Deuteronomy,28,20,Deuteronomy 28:20,15,ܘܥܕܡܐ,,,,Peshitta,PESH
5,Deuteronomy,28,20,Deuteronomy 28:20,16,ܕܢܣܝܦܟ,,,,Peshitta,PESH
5,Deuteronomy,28,20,Deuteronomy 28:20,17,ܒܥܓܠ,,,,Peshitta,PESH
5,Deuteronomy,28,20,Deuteronomy 28:20,18,ܡܛܠ,,,,Peshitta,PESH
5,Deuteronomy,28,20,Deuteronomy 28:20,19,ܒܝܫܘܬܐ,,,,Peshitta,PESH
5,Deuteronomy,28,20,Deuteronomy 28:20,20,ܕܥ̇ܒ̈ܕܝܟ,,,,Peshitta,PESH
5,Deuteronomy,28,20,Deuteronomy 28:20,21,ܕܫܒܩܬܢܝ,,,,Peshitta,PESH
5,Deuteronomy,28,21,Deuteronomy 28:21,1,ܢܫܕܪ,,,,Peshitta,PESH
5,Deuteronomy,28,21,Deuteronomy 28:21,2,ܥܠܝܟ,,,,Peshitta,PESH
5,Deuteronomy,28,21,Deuteronomy 28:21,3,ܡܪܝܐ,,,,Peshitta,PESH
5,Deuteronomy,28,21,Deuteronomy 28:21,4,ܡܘܬܢܐ,,,,Peshitta,PESH
5,Deuteronomy,28,21,Deuteronomy 28:21,5,ܥܕܡܐ,,,,Peshitta,PESH
5,Deuteronomy,28,21,Deuteronomy 28:21,6,ܕܢܘܒܕܟ,,,,Peshitta,PESH
5,Deuteronomy,28,21,Deuteronomy 28:21,7,ܡܢ,,,,Peshitta,PESH
5,Deuteronomy,28,21,Deuteronomy 28:21,8,ܐܪܥܐ,,,,Peshitta,PESH
5,Deuteronomy,28,21,Deuteronomy 28:21,9,ܕܥ̇ܐܠ,,,,Peshitta,PESH
5,Deuteronomy,28,21,Deuteronomy 28:21,10,ܐܢܬ,,,,Peshitta,PESH
5,Deuteronomy,28,21,Deuteronomy 28:21,11,ܠܬܡܢ,,,,Peshitta,PESH
5,Deuteronomy,28,21,Deuteronomy 28:21,12,ܠܡܐܪܬܗ̇,,,,Peshitta,PESH
5,Deuteronomy,28,22,Deuteronomy 28:22,1,ܢܡܚܝܟ,,,,Peshitta,PESH
5,Deuteronomy,28,22,Deuteronomy 28:22,2,ܡܪܝܐ,,,,Peshitta,PESH
5,Deuteronomy,28,22,Deuteronomy 28:22,3,ܒܬܡܗܐ,,,,Peshitta,PESH
5,Deuteronomy,28,22,Deuteronomy 28:22,4,ܘܒܩܠܦܝܬܐ,,,,Peshitta,PESH
5,Deuteronomy,28,22,Deuteronomy 28:22,5,ܘܒܝܩܕܢܐ,,,,Peshitta,PESH
5,Deuteronomy,28,22,Deuteronomy 28:22,6,ܘܒܫܠܗܒܝܬܐ,,,,Peshitta,PESH
5,Deuteronomy,28,22,Deuteronomy 28:22,7,ܘܒܝܪܩܢܐ,,,,Peshitta,PESH
5,Deuteronomy,28,22,Deuteronomy 28:22,8,ܘܒܚܪܒܐ,,,,Peshitta,PESH
5,Deuteronomy,28,22,Deuteronomy 28:22,9,ܘܒܪܘܚܐ,,,,Peshitta,PESH
5,Deuteronomy,28,22,Deuteronomy 28:22,10,ܕܫܘܒܐ,,,,Peshitta,PESH
5,Deuteronomy,28,22,Deuteronomy 28:22,11,ܘܢܪܕܦܘܢܟ,,,,Peshitta,PESH
5,Deuteronomy,28,22,Deuteronomy 28:22,12,ܥܕܡܐ,,,,Peshitta,PESH
5,Deuteronomy,28,22,Deuteronomy 28:22,13,ܕܢܘܒܕܘܢܟ,,,,Peshitta,PESH
5,Deuteronomy,28,23,Deuteronomy 28:23,1,ܘܢܗܘܘܢ,,,,Peshitta,PESH
5,Deuteronomy,28,23,Deuteronomy 28:23,2,ܫܡܝܐ,,,,Peshitta,PESH
5,Deuteronomy,28,23,Deuteronomy 28:23,3,ܕܠܥܠ,,,,Peshitta,PESH
5,Deuteronomy,28,23,Deuteronomy 28:23,4,ܡܢ,,,,Peshitta,PESH
5,Deuteronomy,28,23,Deuteronomy 28:23,5,ܪܝܫܟ,,,,Peshitta,PESH
5,Deuteronomy,28,23,Deuteronomy 28:23,6,ܢܚܫܐ,,,,Peshitta,PESH
5,Deuteronomy,28,23,Deuteronomy 28:23,7,ܘܐܪܥܐ,,,,Peshitta,PESH
5,Deuteronomy,28,23,Deuteronomy 28:23,8,ܕܬܚܘܬܝܟ,,,,Peshitta,PESH
5,Deuteronomy,28,23,Deuteronomy 28:23,9,ܦܪܙܠܐ,,,,Peshitta,PESH
5,Deuteronomy,28,24,Deuteronomy 28:24,1,ܢܬܠ,,,,Peshitta,PESH
5,Deuteronomy,28,24,Deuteronomy 28:24,2,ܡܪܝܐ,,,,Peshitta,PESH
5,Deuteronomy,28,24,Deuteronomy 28:24,3,ܡܛܪܐ,,,,Peshitta,PESH
5,Deuteronomy,28,24,Deuteronomy 28:24,4,ܕܐܪܥܟ,,,,Peshitta,PESH
5,Deuteronomy,28,24,Deuteronomy 28:24,5,ܐܒܩܐ,,,,Peshitta,PESH
5,Deuteronomy,28,24,Deuteronomy 28:24,6,ܘܥܦܪܐ,,,,Peshitta,PESH
5,Deuteronomy,28,24,Deuteronomy 28:24,7,ܡܢ,,,,Peshitta,PESH
5,Deuteronomy,28,24,Deuteronomy 28:24,8,ܫܡܝܐ,,,,Peshitta,PESH
5,Deuteronomy,28,24,Deuteronomy 28:24,9,ܢ̇ܚܬ,,,,Peshitta,PESH
5,Deuteronomy,28,24,Deuteronomy 28:24,10,ܥܠܝܟ,,,,Peshitta,PESH
5,Deuteronomy,28,24,Deuteronomy 28:24,11,ܥܕܡܐ,,,,Peshitta,PESH
5,Deuteronomy,28,24,Deuteronomy 28:24,12,ܕܢܘܒܕܟ,,,,Peshitta,PESH
5,Deuteronomy,28,25,Deuteronomy 28:25,1,ܢܬܒܪܟ,,,,Peshitta,PESH
5,Deuteronomy,28,25,Deuteronomy 28:25,2,ܡܪܝܐ,,,,Peshitta,PESH
5,Deuteronomy,28,25,Deuteronomy 28:25,3,ܩܕܡ,,,,Peshitta,PESH
5,Deuteronomy,28,25,Deuteronomy 28:25,4,ܒ̈ܥܠܕܒܒܝܟ,,,,Peshitta,PESH
5,Deuteronomy,28,25,Deuteronomy 28:25,5,ܒܐܘܪܚܐ,,,,Peshitta,PESH
5,Deuteronomy,28,25,Deuteronomy 28:25,6,ܚܕܐ,,,,Peshitta,PESH
5,Deuteronomy,28,25,Deuteronomy 28:25,7,ܬܦܘܩ,,,,Peshitta,PESH
5,Deuteronomy,28,25,Deuteronomy 28:25,8,ܥܠܝܗܘܢ,,,,Peshitta,PESH
5,Deuteronomy,28,25,Deuteronomy 28:25,9,ܘܒܫܒܥ,,,,Peshitta,PESH
5,Deuteronomy,28,25,Deuteronomy 28:25,10,ܐܘܪ̈ܚܢ,,,,Peshitta,PESH
5,Deuteronomy,28,25,Deuteronomy 28:25,11,ܬܥܪܘܩ,,,,Peshitta,PESH
5,Deuteronomy,28,25,Deuteronomy 28:25,12,ܡܢ,,,,Peshitta,PESH
5,Deuteronomy,28,25,Deuteronomy 28:25,13,ܩܕܡܝܗܘܢ,,,,Peshitta,PESH
5,Deuteronomy,28,25,Deuteronomy 28:25,14,ܘܬܗܘܐ,,,,Peshitta,PESH
5,Deuteronomy,28,25,Deuteronomy 28:25,15,ܠܙܘܥܬܐ,,,,Peshitta,PESH
5,Deuteronomy,28,25,Deuteronomy 28:25,16,ܠܟܠܗܝܢ,,,,Peshitta,PESH
5,Deuteronomy,28,25,Deuteronomy 28:25,17,ܡ̈ܠܟܘܬܐ,,,,Peshitta,PESH
5,Deuteronomy,28,25,Deuteronomy 28:25,18,ܕܐܪܥܐ,,,,Peshitta,PESH
5,Deuteronomy,28,26,Deuteronomy 28:26,1,ܘܬܗܘܐ,,,,Peshitta,PESH
5,Deuteronomy,28,26,Deuteronomy 28:26,2,ܫܠܕܟ,,,,Peshitta,PESH
5,Deuteronomy,28,26,Deuteronomy 28:26,3,ܡܐܟܘܠܬܐ,,,,Peshitta,PESH
5,Deuteronomy,28,26,Deuteronomy 28:26,4,ܠܦܪܚܬܐ,,,,Peshitta,PESH
5,Deuteronomy,28,26,Deuteronomy 28:26,5,ܕܫܡܝܐ,,,,Peshitta,PESH
5,Deuteronomy,28,26,Deuteronomy 28:26,6,ܘܠܚܝܘܬܐ,,,,Peshitta,PESH
5,Deuteronomy,28,26,Deuteronomy 28:26,7,ܕܐܪܥܐ,,,,Peshitta,PESH
5,Deuteronomy,28,26,Deuteronomy 28:26,8,ܘܠܝܬ,,,,Peshitta,PESH
5,Deuteronomy,28,26,Deuteronomy 28:26,9,ܕܡ̇ܟܫ,,,,Peshitta,PESH
5,Deuteronomy,28,27,Deuteronomy 28:27,1,ܢܡܚܝܟ,,,,Peshitta,PESH
5,Deuteronomy,28,27,Deuteronomy 28:27,2,ܡܪܝܐ,,,,Peshitta,PESH
5,Deuteronomy,28,27,Deuteronomy 28:27,3,ܒܫܘܚܢܐ,,,,Peshitta,PESH
5,Deuteronomy,28,27,Deuteronomy 28:27,4,ܕܡܨܪ̈ܝܐ,,,,Peshitta,PESH
5,Deuteronomy,28,27,Deuteronomy 28:27,5,ܘܒܛܚܘܪܐ,,,,Peshitta,PESH
5,Deuteronomy,28,27,Deuteronomy 28:27,6,ܘܒܓܪܒܐ,,,,Peshitta,PESH
5,Deuteronomy,28,27,Deuteronomy 28:27,7,ܘܒܢܚܒܐ,,,,Peshitta,PESH
5,Deuteronomy,28,27,Deuteronomy 28:27,8,ܕܠܐ,,,,Peshitta,PESH
5,Deuteronomy,28,27,Deuteronomy 28:27,9,ܬܫܟܚ,,,,Peshitta,PESH
5,Deuteronomy,28,27,Deuteronomy 28:27,10,ܠܡܬܐܣܝܘ,,,,Peshitta,PESH
5,Deuteronomy,28,28,Deuteronomy 28:28,1,ܢܡܚܝܟ,,,,Peshitta,PESH
5,Deuteronomy,28,28,Deuteronomy 28:28,2,ܡܪܝܐ,,,,Peshitta,PESH
5,Deuteronomy,28,28,Deuteronomy 28:28,3,ܒܟܡܗܘܬܐ,,,,Peshitta,PESH
5,Deuteronomy,28,28,Deuteronomy 28:28,4,ܘܒܥܘܪܐ,,,,Peshitta,PESH
5,Deuteronomy,28,28,Deuteronomy 28:28,5,ܘܒܬܡܗܐ,,,,Peshitta,PESH
5,Deuteronomy,28,28,Deuteronomy 28:28,6,ܕܠܒܐ,,,,Peshitta,PESH
5,Deuteronomy,28,29,Deuteronomy 28:29,1,ܘܗܘܝܬ,,,,Peshitta,PESH
5,Deuteronomy,28,29,Deuteronomy 28:29,2,ܡ̇ܐܫ,,,,Peshitta,PESH
5,Deuteronomy,28,29,Deuteronomy 28:29,3,ܒܛܗܪܐ,,,,Peshitta,PESH
5,Deuteronomy,28,29,Deuteronomy 28:29,4,ܐܝܟ,,,,Peshitta,PESH
5,Deuteronomy,28,29,Deuteronomy 28:29,5,ܕܡ̇ܐܫ,,,,Peshitta,PESH
5,Deuteronomy,28,29,Deuteronomy 28:29,6,ܥܘܝܪܐ,,,,Peshitta,PESH
5,Deuteronomy,28,29,Deuteronomy 28:29,7,ܒܚܫܘܟܐ,,,,Peshitta,PESH
5,Deuteronomy,28,29,Deuteronomy 28:29,8,ܘܠܐ,,,,Peshitta,PESH
5,Deuteronomy,28,29,Deuteronomy 28:29,9,ܬܣܩ,,,,Peshitta,PESH
5,Deuteronomy,28,29,Deuteronomy 28:29,10,ܐܘܪܚܟ,,,,Peshitta,PESH
5,Deuteronomy,28,29,Deuteronomy 28:29,11,ܠܪܝܫ,,,,Peshitta,PESH
5,Deuteronomy,28,29,Deuteronomy 28:29,12,ܘܗܘܝܬ,,,,Peshitta,PESH
5,Deuteronomy,28,29,Deuteronomy 28:29,13,ܕܒܝܪ,,,,Peshitta,PESH
5,Deuteronomy,28,29,Deuteronomy 28:29,14,ܒܩܛܝܪܐ,,,,Peshitta,PESH
5,Deuteronomy,28,29,Deuteronomy 28:29,15,ܘܛܠܝܡ,,,,Peshitta,PESH
5,Deuteronomy,28,29,Deuteronomy 28:29,16,ܟܠܗܘܢ,,,,Peshitta,PESH
5,Deuteronomy,28,29,Deuteronomy 28:29,17,ܝܘܡ̈ܬܟ,,,,Peshitta,PESH
5,Deuteronomy,28,29,Deuteronomy 28:29,18,ܘܠܐ,,,,Peshitta,PESH
5,Deuteronomy,28,29,Deuteronomy 28:29,19,ܢܗܘܐ,,,,Peshitta,PESH
5,Deuteronomy,28,29,Deuteronomy 28:29,20,ܡ̇ܢ,,,,Peshitta,PESH
5,Deuteronomy,28,29,Deuteronomy 28:29,21,ܕܦ̇ܪܩ,,,,Peshitta,PESH
5,Deuteronomy,28,29,Deuteronomy 28:29,22,ܠܟ,,,,Peshitta,PESH
5,Deuteronomy,28,30,Deuteronomy 28:30,1,ܐܢܬܬܐ,,,,Peshitta,PESH
5,Deuteronomy,28,30,Deuteronomy 28:30,2,ܬܡܟܘܪ,,,,Peshitta,PESH
5,Deuteronomy,28,30,Deuteronomy 28:30,3,ܘܓܒܪܐ,,,,Peshitta,PESH
5,Deuteronomy,28,30,Deuteronomy 28:30,4,ܐܚܪܢܐ,,,,Peshitta,PESH
5,Deuteronomy,28,30,Deuteronomy 28:30,5,ܢܣܒܝܗ̇,,,,Peshitta,PESH
5,Deuteronomy,28,30,Deuteronomy 28:30,6,ܒܝܬܐ,,,,Peshitta,PESH
5,Deuteronomy,28,30,Deuteronomy 28:30,7,ܬܒܢܐ,,,,Peshitta,PESH
5,Deuteronomy,28,30,Deuteronomy 28:30,8,ܘܠܐ,,,,Peshitta,PESH
5,Deuteronomy,28,30,Deuteronomy 28:30,9,ܬܬܒ,,,,Peshitta,PESH
5,Deuteronomy,28,30,Deuteronomy 28:30,10,ܒܗ,,,,Peshitta,PESH
5,Deuteronomy,28,30,Deuteronomy 28:30,11,ܟܪܡܐ,,,,Peshitta,PESH
5,Deuteronomy,28,30,Deuteronomy 28:30,12,ܬܨܘܒ,,,,Peshitta,PESH
5,Deuteronomy,28,30,Deuteronomy 28:30,13,ܘܠܐ,,,,Peshitta,PESH
5,Deuteronomy,28,30,Deuteronomy 28:30,14,ܬܥܨܘܪ,,,,Peshitta,PESH
5,Deuteronomy,28,30,Deuteronomy 28:30,15,ܡܢܗ,,,,Peshitta,PESH
5,Deuteronomy,28,31,Deuteronomy 28:31,1,ܬܘܪܟ,,,,Peshitta,PESH
5,Deuteronomy,28,31,Deuteronomy 28:31,2,ܢܬܢܟܣ,,,,Peshitta,PESH
5,Deuteronomy,28,31,Deuteronomy 28:31,3,ܩܕܡܝܟ,,,,Peshitta,PESH
5,Deuteronomy,28,31,Deuteronomy 28:31,4,ܘܠܐ,,,,Peshitta,PESH
5,Deuteronomy,28,31,Deuteronomy 28:31,5,ܬܐܟܘܠ,,,,Peshitta,PESH
5,Deuteronomy,28,31,Deuteronomy 28:31,6,ܡܢܗ,,,,Peshitta,PESH
5,Deuteronomy,28,31,Deuteronomy 28:31,7,ܘܚܡܪܟ,,,,Peshitta,PESH
5,Deuteronomy,28,31,Deuteronomy 28:31,8,ܢܬܕܒܪ,,,,Peshitta,PESH
5,Deuteronomy,28,31,Deuteronomy 28:31,9,ܡܢܟ,,,,Peshitta,PESH
5,Deuteronomy,28,31,Deuteronomy 28:31,10,ܒܩܛܝܪܐ,,,,Peshitta,PESH
5,Deuteronomy,28,31,Deuteronomy 28:31,11,ܘܠܐ,,,,Peshitta,PESH
5,Deuteronomy,28,31,Deuteronomy 28:31,12,ܢܬܦܢܐ,,,,Peshitta,PESH
5,Deuteronomy,28,31,Deuteronomy 28:31,13,ܠܟ,,,,Peshitta,PESH
5,Deuteronomy,28,31,Deuteronomy 28:31,14,ܥܢܟ,,,,Peshitta,PESH
5,Deuteronomy,28,31,Deuteronomy 28:31,15,ܬܫܬܠܡ,,,,Peshitta,PESH
5,Deuteronomy,28,31,Deuteronomy 28:31,16,ܠܒ̈ܥܠܕܒܒܝܟ,,,,Peshitta,PESH
5,Deuteronomy,28,31,Deuteronomy 28:31,17,ܘܠܝܬ,,,,Peshitta,PESH
5,Deuteronomy,28,31,Deuteronomy 28:31,18,ܕܡܦܨܐ,,,,Peshitta,PESH
5,Deuteronomy,28,32,Deuteronomy 28:32,1,ܒܢ̈ܝܟ,,,,Peshitta,PESH
5,Deuteronomy,28,32,Deuteronomy 28:32,2,ܘܒܢ̈ܬܟ,,,,Peshitta,PESH
5,Deuteronomy,28,32,Deuteronomy 28:32,3,ܢܫܬܠܡܘܢ,,,,Peshitta,PESH
5,Deuteronomy,28,32,Deuteronomy 28:32,4,ܠܥܡܐ,,,,Peshitta,PESH
5,Deuteronomy,28,32,Deuteronomy 28:32,5,ܐܚܪܢܐ,,,,Peshitta,PESH
5,Deuteronomy,28,32,Deuteronomy 28:32,6,ܘܥܝ̈ܢܝܟ,,,,Peshitta,PESH
5,Deuteronomy,28,32,Deuteronomy 28:32,7,ܢܚ̈ܙܝܢ,,,,Peshitta,PESH
5,Deuteronomy,28,32,Deuteronomy 28:32,8,ܘܬܕܘܐ,,,,Peshitta,PESH
5,Deuteronomy,28,32,Deuteronomy 28:32,9,ܥܠܝܗܘܢ,,,,Peshitta,PESH
5,Deuteronomy,28,32,Deuteronomy 28:32,10,ܟܠܗ,,,,Peshitta,PESH
5,Deuteronomy,28,32,Deuteronomy 28:32,11,ܝܘܡܐ,,,,Peshitta,PESH
5,Deuteronomy,28,32,Deuteronomy 28:32,12,ܘܠܐ,,,,Peshitta,PESH
5,Deuteronomy,28,32,Deuteronomy 28:32,13,ܬܣܦܩ,,,,Peshitta,PESH
5,Deuteronomy,28,32,Deuteronomy 28:32,14,ܒܐ̈ܝܕܝܟ,,,,Peshitta,PESH
5,Deuteronomy,28,33,Deuteronomy 28:33,1,ܦܐܪ̈ܐ,,,,Peshitta,PESH
5,Deuteronomy,28,33,Deuteronomy 28:33,2,ܕܐܪܥܟ,,,,Peshitta,PESH
5,Deuteronomy,28,33,Deuteronomy 28:33,3,ܘܟܠܗ̇,,,,Peshitta,PESH
5,Deuteronomy,28,33,Deuteronomy 28:33,4,ܠܐܘܬܟ,,,,Peshitta,PESH
5,Deuteronomy,28,33,Deuteronomy 28:33,5,ܢܐܟܘܠ,,,,Peshitta,PESH
5,Deuteronomy,28,33,Deuteronomy 28:33,6,ܥܡܐ,,,,Peshitta,PESH
5,Deuteronomy,28,33,Deuteronomy 28:33,7,ܕܠܐ,,,,Peshitta,PESH
5,Deuteronomy,28,33,Deuteronomy 28:33,8,ܝ̇ܕܥ,,,,Peshitta,PESH
5,Deuteronomy,28,33,Deuteronomy 28:33,9,ܐܢܬ,,,,Peshitta,PESH
5,Deuteronomy,28,33,Deuteronomy 28:33,10,ܠܗ,,,,Peshitta,PESH
5,Deuteronomy,28,33,Deuteronomy 28:33,11,ܘܗܘܝܬ,,,,Peshitta,PESH
5,Deuteronomy,28,33,Deuteronomy 28:33,12,ܛܠܝܡ,,,,Peshitta,PESH
5,Deuteronomy,28,33,Deuteronomy 28:33,13,ܘܐܠܝܨ,,,,Peshitta,PESH
5,Deuteronomy,28,33,Deuteronomy 28:33,14,ܟܠܗܘܢ,,,,Peshitta,PESH
5,Deuteronomy,28,33,Deuteronomy 28:33,15,ܝܘܡ̈ܬܟ,,,,Peshitta,PESH
5,Deuteronomy,28,34,Deuteronomy 28:34,1,ܘܗܘܝܬ,,,,Peshitta,PESH
5,Deuteronomy,28,34,Deuteronomy 28:34,2,ܟܡܗ,,,,Peshitta,PESH
5,Deuteronomy,28,34,Deuteronomy 28:34,3,ܡܢ,,,,Peshitta,PESH
5,Deuteronomy,28,34,Deuteronomy 28:34,4,ܚܙܘܐ,,,,Peshitta,PESH
5,Deuteronomy,28,34,Deuteronomy 28:34,5,ܕܥܝ̈ܢܝܟ,,,,Peshitta,PESH
5,Deuteronomy,28,34,Deuteronomy 28:34,6,ܕܚ̇ܙܐ,,,,Peshitta,PESH
5,Deuteronomy,28,34,Deuteronomy 28:34,7,ܐܢܬ,,,,Peshitta,PESH
5,Deuteronomy,28,35,Deuteronomy 28:35,1,ܢܡܚܝܟ,,,,Peshitta,PESH
5,Deuteronomy,28,35,Deuteronomy 28:35,2,ܡܪܝܐ,,,,Peshitta,PESH
5,Deuteronomy,28,35,Deuteronomy 28:35,3,ܒܫܘܚܢܐ,,,,Peshitta,PESH
5,Deuteronomy,28,35,Deuteronomy 28:35,4,ܒܝܫܐ,,,,Peshitta,PESH
5,Deuteronomy,28,35,Deuteronomy 28:35,5,ܥܠ,,,,Peshitta,PESH
5,Deuteronomy,28,35,Deuteronomy 28:35,6,ܒܘܪ̈ܟܝܟ,,,,Peshitta,PESH
5,Deuteronomy,28,35,Deuteronomy 28:35,7,ܘܥܠ,,,,Peshitta,PESH
5,Deuteronomy,28,35,Deuteronomy 28:35,8,ܫ̈ܩܝܟ,,,,Peshitta,PESH
5,Deuteronomy,28,35,Deuteronomy 28:35,9,ܕܠܐ,,,,Peshitta,PESH
5,Deuteronomy,28,35,Deuteronomy 28:35,10,ܬܫܟܚ,,,,Peshitta,PESH
5,Deuteronomy,28,35,Deuteronomy 28:35,11,ܠܡܬܐܣܝܘ,,,,Peshitta,PESH
5,Deuteronomy,28,35,Deuteronomy 28:35,12,ܡܢ,,,,Peshitta,PESH
5,Deuteronomy,28,35,Deuteronomy 28:35,13,ܦܣܬܐ,,,,Peshitta,PESH
5,Deuteronomy,28,35,Deuteronomy 28:35,14,ܕܪܓܠܟ,,,,Peshitta,PESH
5,Deuteronomy,28,35,Deuteronomy 28:35,15,ܘܥܕܡܐ,,,,Peshitta,PESH
5,Deuteronomy,28,35,Deuteronomy 28:35,16,ܠܡܘܚܟ,,,,Peshitta,PESH
5,Deuteronomy,28,36,Deuteronomy 28:36,1,ܢܕܒܪܟ,,,,Peshitta,PESH
5,Deuteronomy,28,36,Deuteronomy 28:36,2,ܡܪܝܐ,,,,Peshitta,PESH
5,Deuteronomy,28,36,Deuteronomy 28:36,3,ܠܟ,,,,Peshitta,PESH
5,Deuteronomy,28,36,Deuteronomy 28:36,4,ܘܠܡܠܟܟ,,,,Peshitta,PESH
5,Deuteronomy,28,36,Deuteronomy 28:36,5,ܕܐܩܝܡܬ,,,,Peshitta,PESH
5,Deuteronomy,28,36,Deuteronomy 28:36,6,ܥܠܝܟ,,,,Peshitta,PESH
5,Deuteronomy,28,36,Deuteronomy 28:36,7,ܠܘܬ,,,,Peshitta,PESH
5,Deuteronomy,28,36,Deuteronomy 28:36,8,ܥܡܐ,,,,Peshitta,PESH
5,Deuteronomy,28,36,Deuteronomy 28:36,9,ܕܠܐ,,,,Peshitta,PESH
5,Deuteronomy,28,36,Deuteronomy 28:36,10,ܝܕܥܬ,,,,Peshitta,PESH
5,Deuteronomy,28,36,Deuteronomy 28:36,11,ܐܢܬ,,,,Peshitta,PESH
5,Deuteronomy,28,36,Deuteronomy 28:36,12,ܘܐ̈ܒܗܝܟ,,,,Peshitta,PESH
5,Deuteronomy,28,36,Deuteronomy 28:36,13,ܘܬܦܠܘܚ,,,,Peshitta,PESH
5,Deuteronomy,28,36,Deuteronomy 28:36,14,ܬܡܢ,,,,Peshitta,PESH
5,Deuteronomy,28,36,Deuteronomy 28:36,15,ܠܐ̈ܠܗܐ,,,,Peshitta,PESH
5,Deuteronomy,28,36,Deuteronomy 28:36,16,ܐܚܪ̈ܢܐ,,,,Peshitta,PESH
5,Deuteronomy,28,36,Deuteronomy 28:36,17,ܕܩܝܣܐ,,,,Peshitta,PESH
5,Deuteronomy,28,36,Deuteronomy 28:36,18,ܘܕܟܐܦܐ,,,,Peshitta,PESH
5,Deuteronomy,28,37,Deuteronomy 28:37,1,ܘܬܗܘܐ,,,,Peshitta,PESH
5,Deuteronomy,28,37,Deuteronomy 28:37,2,ܠܬܡܗܐ,,,,Peshitta,PESH
5,Deuteronomy,28,37,Deuteronomy 28:37,3,ܘܠܡܬܠܐ,,,,Peshitta,PESH
5,Deuteronomy,28,37,Deuteronomy 28:37,4,ܘܠܪܢܝܐ,,,,Peshitta,PESH
5,Deuteronomy,28,37,Deuteronomy 28:37,5,ܒܟܘܠܗܘܢ,,,,Peshitta,PESH
5,Deuteronomy,28,37,Deuteronomy 28:37,6,ܥܡ̈ܡܐ,,,,Peshitta,PESH
5,Deuteronomy,28,37,Deuteronomy 28:37,7,ܕܢܒܕܪܟ,,,,Peshitta,PESH
5,Deuteronomy,28,37,Deuteronomy 28:37,8,ܡܪܝܐ,,,,Peshitta,PESH
5,Deuteronomy,28,37,Deuteronomy 28:37,9,ܠܬܡܢ,,,,Peshitta,PESH
5,Deuteronomy,28,38,Deuteronomy 28:38,1,ܙܪܥܐ,,,,Peshitta,PESH
5,Deuteronomy,28,38,Deuteronomy 28:38,2,ܣܓܝ,,,,Peshitta,PESH
5,Deuteronomy,28,38,Deuteronomy 28:38,3,ܬܦܩ,,,,Peshitta,PESH
5,Deuteronomy,28,38,Deuteronomy 28:38,4,ܚܩܠܟ,,,,Peshitta,PESH
5,Deuteronomy,28,38,Deuteronomy 28:38,5,ܘܩܠܝܠ,,,,Peshitta,PESH
5,Deuteronomy,28,38,Deuteronomy 28:38,6,ܬܚܡܘܠ,,,,Peshitta,PESH
5,Deuteronomy,28,38,Deuteronomy 28:38,7,ܡܛܠ,,,,Peshitta,PESH
5,Deuteronomy,28,38,Deuteronomy 28:38,8,ܕܢܐܟܠܝܘܗܝ,,,,Peshitta,PESH
5,Deuteronomy,28,38,Deuteronomy 28:38,9,ܩܡܨܐ,,,,Peshitta,PESH
5,Deuteronomy,28,39,Deuteronomy 28:39,1,ܟܪܡܐ,,,,Peshitta,PESH
5,Deuteronomy,28,39,Deuteronomy 28:39,2,ܬܨܘܒ,,,,Peshitta,PESH
5,Deuteronomy,28,39,Deuteronomy 28:39,3,ܘܬܦܠܘܚ,,,,Peshitta,PESH
5,Deuteronomy,28,39,Deuteronomy 28:39,4,ܘܚܡܪܐ,,,,Peshitta,PESH
5,Deuteronomy,28,39,Deuteronomy 28:39,5,ܠܐ,,,,Peshitta,PESH
5,Deuteronomy,28,39,Deuteronomy 28:39,6,ܬܫܬܐ,,,,Peshitta,PESH
5,Deuteronomy,28,39,Deuteronomy 28:39,7,ܘܠܐ,,,,Peshitta,PESH
5,Deuteronomy,28,39,Deuteronomy 28:39,8,ܬܚܡܘܠ,,,,Peshitta,PESH
5,Deuteronomy,28,39,Deuteronomy 28:39,9,ܡܛܠ,,,,Peshitta,PESH
5,Deuteronomy,28,39,Deuteronomy 28:39,10,ܕܐ̇ܟܠܐ,,,,Peshitta,PESH
5,Deuteronomy,28,39,Deuteronomy 28:39,11,ܠܗ,,,,Peshitta,PESH
5,Deuteronomy,28,39,Deuteronomy 28:39,12,ܬܘܠܥܐ,,,,Peshitta,PESH
5,Deuteronomy,28,40,Deuteronomy 28:40,1,ܙܝ̈ܬܐ,,,,Peshitta,PESH
5,Deuteronomy,28,40,Deuteronomy 28:40,2,ܢܗܘܘܢ,,,,Peshitta,PESH
5,Deuteronomy,28,40,Deuteronomy 28:40,3,ܠܟ,,,,Peshitta,PESH
5,Deuteronomy,28,40,Deuteronomy 28:40,4,ܒܟܠܗ,,,,Peshitta,PESH
5,Deuteronomy,28,40,Deuteronomy 28:40,5,ܬܚܘܡܟ,,,,Peshitta,PESH
5,Deuteronomy,28,40,Deuteronomy 28:40,6,ܘܡܫܚܐ,,,,Peshitta,PESH
5,Deuteronomy,28,40,Deuteronomy 28:40,7,ܠܐ,,,,Peshitta,PESH
5,Deuteronomy,28,40,Deuteronomy 28:40,8,ܬܡܫܘܚ,,,,Peshitta,PESH
5,Deuteronomy,28,40,Deuteronomy 28:40,9,ܡܛܘܠ,,,,Peshitta,PESH
5,Deuteronomy,28,40,Deuteronomy 28:40,10,ܕܢܬܪܘܢ,,,,Peshitta,PESH
5,Deuteronomy,28,40,Deuteronomy 28:40,11,ܙܝ̈ܬܝܟ,,,,Peshitta,PESH
5,Deuteronomy,28,41,Deuteronomy 28:41,1,ܒܢ̈ܝܐ,,,,Peshitta,PESH
5,Deuteronomy,28,41,Deuteronomy 28:41,2,ܘܒܢ̈ܬܐ,,,,Peshitta,PESH
5,Deuteronomy,28,41,Deuteronomy 28:41,3,ܬܘܠܕ,,,,Peshitta,PESH
5,Deuteronomy,28,41,Deuteronomy 28:41,4,ܘܠܐ,,,,Peshitta,PESH
5,Deuteronomy,28,41,Deuteronomy 28:41,5,ܢܗܘܘܢ,,,,Peshitta,PESH
5,Deuteronomy,28,41,Deuteronomy 28:41,6,ܕܝܠܟ,,,,Peshitta,PESH
5,Deuteronomy,28,41,Deuteronomy 28:41,7,ܡܛܠ,,,,Peshitta,PESH
5,Deuteronomy,28,41,Deuteronomy 28:41,8,ܕܒܫܒܝܐ,,,,Peshitta,PESH
5,Deuteronomy,28,41,Deuteronomy 28:41,9,ܢܐܙܠܘܢ,,,,Peshitta,PESH
5,Deuteronomy,28,42,Deuteronomy 28:42,1,ܟܠܗܘܢ,,,,Peshitta,PESH
5,Deuteronomy,28,42,Deuteronomy 28:42,2,ܐ̈ܝܠܢܝܟ,,,,Peshitta,PESH
5,Deuteronomy,28,42,Deuteronomy 28:42,3,ܘܦܐܪ̈ܐ,,,,Peshitta,PESH
5,Deuteronomy,28,42,Deuteronomy 28:42,4,ܕܐܪܥܟ,,,,Peshitta,PESH
5,Deuteronomy,28,42,Deuteronomy 28:42,5,ܢܐܟܘܠ,,,,Peshitta,PESH
5,Deuteronomy,28,42,Deuteronomy 28:42,6,ܐܢܘܢ,,,,Peshitta,PESH
5,Deuteronomy,28,42,Deuteronomy 28:42,7,ܨܪܨܘܪܐ,,,,Peshitta,PESH
5,Deuteronomy,28,43,Deuteronomy 28:43,1,ܘܥܡܘܪܐ,,,,Peshitta,PESH
5,Deuteronomy,28,43,Deuteronomy 28:43,2,ܕܒܓܘܟ,,,,Peshitta,PESH
5,Deuteronomy,28,43,Deuteronomy 28:43,3,ܢܬܬܪܝܡ,,,,Peshitta,PESH
5,Deuteronomy,28,43,Deuteronomy 28:43,4,ܥܠܝܟ,,,,Peshitta,PESH
5,Deuteronomy,28,43,Deuteronomy 28:43,5,ܠܥܠ,,,,Peshitta,PESH
5,Deuteronomy,28,43,Deuteronomy 28:43,6,ܘܐܢܬ,,,,Peshitta,PESH
5,Deuteronomy,28,43,Deuteronomy 28:43,7,ܬܚܘܬ,,,,Peshitta,PESH
5,Deuteronomy,28,43,Deuteronomy 28:43,8,ܠܬܚܬ,,,,Peshitta,PESH
5,Deuteronomy,28,44,Deuteronomy 28:44,1,ܗܘ,,,,Peshitta,PESH
5,Deuteronomy,28,44,Deuteronomy 28:44,2,ܢܘܙܦܟ,,,,Peshitta,PESH
5,Deuteronomy,28,44,Deuteronomy 28:44,3,ܘܐܢܬ,,,,Peshitta,PESH
5,Deuteronomy,28,44,Deuteronomy 28:44,4,ܠܐ,,,,Peshitta,PESH
5,Deuteronomy,28,44,Deuteronomy 28:44,5,ܬܘܙܦܝܘܗܝ,,,,Peshitta,PESH
5,Deuteronomy,28,44,Deuteronomy 28:44,6,ܗܘ,,,,Peshitta,PESH
5,Deuteronomy,28,44,Deuteronomy 28:44,7,ܢܗܘܐ,,,,Peshitta,PESH
5,Deuteronomy,28,44,Deuteronomy 28:44,8,ܪܝܫܐ,,,,Peshitta,PESH
5,Deuteronomy,28,44,Deuteronomy 28:44,9,ܘܐܢܬ,,,,Peshitta,PESH
5,Deuteronomy,28,44,Deuteronomy 28:44,10,ܬܗܘܐ,,,,Peshitta,PESH
5,Deuteronomy,28,44,Deuteronomy 28:44,11,ܕܢܘܒܬܐ,,,,Peshitta,PESH
5,Deuteronomy,28,45,Deuteronomy 28:45,1,ܘܢܐܬܝܢ,,,,Peshitta,PESH
5,Deuteronomy,28,45,Deuteronomy 28:45,2,ܥܠܝܟ,,,,Peshitta,PESH
5,Deuteronomy,28,45,Deuteronomy 28:45,3,ܗܠܝܢ,,,,Peshitta,PESH
5,Deuteronomy,28,45,Deuteronomy 28:45,4,ܟܘܠܗܝܢ,,,,Peshitta,PESH
5,Deuteronomy,28,45,Deuteronomy 28:45,5,ܠܘ̈ܛܬܐ,,,,Peshitta,PESH
5,Deuteronomy,28,45,Deuteronomy 28:45,6,ܘܢܕܪܟܢܟ,,,,Peshitta,PESH
5,Deuteronomy,28,45,Deuteronomy 28:45,7,ܘܢܪܕܦܢܟ,,,,Peshitta,PESH
5,Deuteronomy,28,45,Deuteronomy 28:45,8,ܥܕܡܐ,,,,Peshitta,PESH
5,Deuteronomy,28,45,Deuteronomy 28:45,9,ܕܢܘܒܕܢܟ,,,,Peshitta,PESH
5,Deuteronomy,28,45,Deuteronomy 28:45,10,ܡܛܠ,,,,Peshitta,PESH
5,Deuteronomy,28,45,Deuteronomy 28:45,11,ܕܠܐ,,,,Peshitta,PESH
5,Deuteronomy,28,45,Deuteronomy 28:45,12,ܫܡܥܬ,,,,Peshitta,PESH
5,Deuteronomy,28,45,Deuteronomy 28:45,13,ܒܩܠܗ,,,,Peshitta,PESH
5,Deuteronomy,28,45,Deuteronomy 28:45,14,ܕܡܪܝܐ,,,,Peshitta,PESH
5,Deuteronomy,28,45,Deuteronomy 28:45,15,ܐܠܗܟ,,,,Peshitta,PESH
5,Deuteronomy,28,45,Deuteronomy 28:45,16,ܘܠܐ,,,,Peshitta,PESH
5,Deuteronomy,28,45,Deuteronomy 28:45,17,ܢܛܪܬ,,,,Peshitta,PESH
5,Deuteronomy,28,45,Deuteronomy 28:45,18,ܦܘܩ̈ܕܢܘܗܝ,,,,Peshitta,PESH
5,Deuteronomy,28,45,Deuteronomy 28:45,19,ܘܢܡ̈ܘܣܘܗܝ,,,,Peshitta,PESH
5,Deuteronomy,28,45,Deuteronomy 28:45,20,ܕܦܩܕܟ,,,,Peshitta,PESH
5,Deuteronomy,28,46,Deuteronomy 28:46,1,ܘܢܗ̈ܘܝܢ,,,,Peshitta,PESH
5,Deuteronomy,28,46,Deuteronomy 28:46,2,ܒܟ,,,,Peshitta,PESH
5,Deuteronomy,28,46,Deuteronomy 28:46,3,ܐ̈ܬܘܬܐ,,,,Peshitta,PESH
5,Deuteronomy,28,46,Deuteronomy 28:46,4,ܘܬܕܡܪ̈ܬܐ,,,,Peshitta,PESH
5,Deuteronomy,28,46,Deuteronomy 28:46,5,ܘܒܙܪܥܟ,,,,Peshitta,PESH
5,Deuteronomy,28,46,Deuteronomy 28:46,6,ܠܥܠܡ,,,,Peshitta,PESH
5,Deuteronomy,28,47,Deuteronomy 28:47,1,ܥܠ,,,,Peshitta,PESH
5,Deuteronomy,28,47,Deuteronomy 28:47,2,ܕܠܐ,,,,Peshitta,PESH
5,Deuteronomy,28,47,Deuteronomy 28:47,3,ܦܠܚܬ,,,,Peshitta,PESH
5,Deuteronomy,28,47,Deuteronomy 28:47,4,ܠܡܪܝܐ,,,,Peshitta,PESH
5,Deuteronomy,28,47,Deuteronomy 28:47,5,ܐܠܗܟ,,,,Peshitta,PESH
5,Deuteronomy,28,47,Deuteronomy 28:47,6,ܒܚܕܘܬܐ,,,,Peshitta,PESH
5,Deuteronomy,28,47,Deuteronomy 28:47,7,ܘܒܛܒܘܬ,,,,Peshitta,PESH
5,Deuteronomy,28,47,Deuteronomy 28:47,8,ܠܒܐ,,,,Peshitta,PESH
5,Deuteronomy,28,47,Deuteronomy 28:47,9,ܡܢ,,,,Peshitta,PESH
5,Deuteronomy,28,47,Deuteronomy 28:47,10,ܣܘܓܐܐ,,,,Peshitta,PESH
5,Deuteronomy,28,47,Deuteronomy 28:47,11,ܕܟܠ,,,,Peshitta,PESH
5,Deuteronomy,28,47,Deuteronomy 28:47,12,ܡܕܡ,,,,Peshitta,PESH
5,Deuteronomy,28,48,Deuteronomy 28:48,1,ܘܬܦܠܘܚ,,,,Peshitta,PESH
5,Deuteronomy,28,48,Deuteronomy 28:48,2,ܠܒ̈ܥܠܕܒܒܝܟ,,,,Peshitta,PESH
5,Deuteronomy,28,48,Deuteronomy 28:48,3,ܕܢܫܕܪ,,,,Peshitta,PESH
5,Deuteronomy,28,48,Deuteronomy 28:48,4,ܐܢܘܢ,,,,Peshitta,PESH
5,Deuteronomy,28,48,Deuteronomy 28:48,5,ܡܪܝܐ,,,,Peshitta,PESH
5,Deuteronomy,28,48,Deuteronomy 28:48,6,ܥܠܝܟ,,,,Peshitta,PESH
5,Deuteronomy,28,48,Deuteronomy 28:48,7,ܒܟܦܢܐ,,,,Peshitta,PESH
5,Deuteronomy,28,48,Deuteronomy 28:48,8,ܘܒܨܗܝܐ,,,,Peshitta,PESH
5,Deuteronomy,28,48,Deuteronomy 28:48,9,ܘܒܥܪܛܠܝܘܬܐ,,,,Peshitta,PESH
5,Deuteronomy,28,48,Deuteronomy 28:48,10,ܘܒܚܘܣܪܢܐ,,,,Peshitta,PESH
5,Deuteronomy,28,48,Deuteronomy 28:48,11,ܕܟܠ,,,,Peshitta,PESH
5,Deuteronomy,28,48,Deuteronomy 28:48,12,ܡܕܡ,,,,Peshitta,PESH
5,Deuteronomy,28,48,Deuteronomy 28:48,13,ܘܢܬܠ,,,,Peshitta,PESH
5,Deuteronomy,28,48,Deuteronomy 28:48,14,ܢܝܪܐ,,,,Peshitta,PESH
5,Deuteronomy,28,48,Deuteronomy 28:48,15,ܕܦܪܙܠܐ,,,,Peshitta,PESH
5,Deuteronomy,28,48,Deuteronomy 28:48,16,ܥܠ,,,,Peshitta,PESH
5,Deuteronomy,28,48,Deuteronomy 28:48,17,ܨܘܪܟ,,,,Peshitta,PESH
5,Deuteronomy,28,48,Deuteronomy 28:48,18,ܥܕܡܐ,,,,Peshitta,PESH
5,Deuteronomy,28,48,Deuteronomy 28:48,19,ܕܢܘܒܕܟ,,,,Peshitta,PESH
5,Deuteronomy,28,49,Deuteronomy 28:49,1,ܢܝܬܐ,,,,Peshitta,PESH
5,Deuteronomy,28,49,Deuteronomy 28:49,2,ܥܠܝܟ,,,,Peshitta,PESH
5,Deuteronomy,28,49,Deuteronomy 28:49,3,ܡܪܝܐ,,,,Peshitta,PESH
5,Deuteronomy,28,49,Deuteronomy 28:49,4,ܥܡܐ,,,,Peshitta,PESH
5,Deuteronomy,28,49,Deuteronomy 28:49,5,ܡܢ,,,,Peshitta,PESH
5,Deuteronomy,28,49,Deuteronomy 28:49,6,ܪܘܚܩܐ,,,,Peshitta,PESH
5,Deuteronomy,28,49,Deuteronomy 28:49,7,ܡܢ,,,,Peshitta,PESH
5,Deuteronomy,28,49,Deuteronomy 28:49,8,ܣܘ̈ܦܝܗ̇,,,,Peshitta,PESH
5,Deuteronomy,28,49,Deuteronomy 28:49,9,ܕܐܪܥܐ,,,,Peshitta,PESH
5,Deuteronomy,28,49,Deuteronomy 28:49,10,ܐܝܟ,,,,Peshitta,PESH
5,Deuteronomy,28,49,Deuteronomy 28:49,11,ܕܛ̇ܐܣ,,,,Peshitta,PESH
5,Deuteronomy,28,49,Deuteronomy 28:49,12,ܢܫܪܐ,,,,Peshitta,PESH
5,Deuteronomy,28,49,Deuteronomy 28:49,13,ܥܡܐ,,,,Peshitta,PESH
5,Deuteronomy,28,49,Deuteronomy 28:49,14,ܕܠܐ,,,,Peshitta,PESH
5,Deuteronomy,28,49,Deuteronomy 28:49,15,ܫ̇ܡܥ,,,,Peshitta,PESH
5,Deuteronomy,28,49,Deuteronomy 28:49,16,ܐܢܬ,,,,Peshitta,PESH
5,Deuteronomy,28,49,Deuteronomy 28:49,17,ܠܫܢܗ,,,,Peshitta,PESH
5,Deuteronomy,28,50,Deuteronomy 28:50,1,ܥܡܐ,,,,Peshitta,PESH
5,Deuteronomy,28,50,Deuteronomy 28:50,2,ܕܚ̈ܨܝܦܢ,,,,Peshitta,PESH
5,Deuteronomy,28,50,Deuteronomy 28:50,3,ܐ̈ܦܘܗܝ,,,,Peshitta,PESH
5,Deuteronomy,28,50,Deuteronomy 28:50,4,ܕܠܐ,,,,Peshitta,PESH
5,Deuteronomy,28,50,Deuteronomy 28:50,5,ܒ̇ܗܬ,,,,Peshitta,PESH
5,Deuteronomy,28,50,Deuteronomy 28:50,6,ܡܢ,,,,Peshitta,PESH
5,Deuteronomy,28,50,Deuteronomy 28:50,7,ܐ̈ܦܝ,,,,Peshitta,PESH
5,Deuteronomy,28,50,Deuteronomy 28:50,8,ܣ̈ܒܐ,,,,Peshitta,PESH
5,Deuteronomy,28,50,Deuteronomy 28:50,9,ܘܥܠ,,,,Peshitta,PESH
5,Deuteronomy,28,50,Deuteronomy 28:50,10,ܛ̈ܠܝܐ,,,,Peshitta,PESH
5,Deuteronomy,28,50,Deuteronomy 28:50,11,ܠܐ,,,,Peshitta,PESH
5,Deuteronomy,28,50,Deuteronomy 28:50,12,ܡܪܚܡ,,,,Peshitta,PESH
5,Deuteronomy,28,51,Deuteronomy 28:51,1,ܘܢܐܟܘܠ,,,,Peshitta,PESH
5,Deuteronomy,28,51,Deuteronomy 28:51,2,ܝ̇ܠܕܐ,,,,Peshitta,PESH
5,Deuteronomy,28,51,Deuteronomy 28:51,3,ܕܒܥܝܪܟ,,,,Peshitta,PESH
5,Deuteronomy,28,51,Deuteronomy 28:51,4,ܘܦܐܪ̈ܐ,,,,Peshitta,PESH
5,Deuteronomy,28,51,Deuteronomy 28:51,5,ܕܐܪܥܟ,,,,Peshitta,PESH
5,Deuteronomy,28,51,Deuteronomy 28:51,6,ܥܕܡܐ,,,,Peshitta,PESH
5,Deuteronomy,28,51,Deuteronomy 28:51,7,ܕܢܘܒܕܟ,,,,Peshitta,PESH
5,Deuteronomy,28,51,Deuteronomy 28:51,8,ܘܠܐ,,,,Peshitta,PESH
5,Deuteronomy,28,51,Deuteronomy 28:51,9,ܢܫܒܘܩ,,,,Peshitta,PESH
5,Deuteronomy,28,51,Deuteronomy 28:51,10,ܠܟ,,,,Peshitta,PESH
5,Deuteronomy,28,51,Deuteronomy 28:51,11,ܠܐ,,,,Peshitta,PESH
5,Deuteronomy,28,51,Deuteronomy 28:51,12,ܥܒܘܪܐ,,,,Peshitta,PESH
5,Deuteronomy,28,51,Deuteronomy 28:51,13,ܘܠܐ,,,,Peshitta,PESH
5,Deuteronomy,28,51,Deuteronomy 28:51,14,ܚܡܪܐ,,,,Peshitta,PESH
5,Deuteronomy,28,51,Deuteronomy 28:51,15,ܘܠܐ,,,,Peshitta,PESH
5,Deuteronomy,28,51,Deuteronomy 28:51,16,ܡܫܚܐ,,,,Peshitta,PESH
5,Deuteronomy,28,51,Deuteronomy 28:51,17,ܘܠܐ,,,,Peshitta,PESH
5,Deuteronomy,28,51,Deuteronomy 28:51,18,ܒܩܪ̈ܐ,,,,Peshitta,PESH
5,Deuteronomy,28,51,Deuteronomy 28:51,19,ܕܬܘܪ̈ܐ,,,,Peshitta,PESH
5,Deuteronomy,28,51,Deuteronomy 28:51,20,ܘܠܐ,,,,Peshitta,PESH
5,Deuteronomy,28,51,Deuteronomy 28:51,21,ܓܙܪ̈ܐ,,,,Peshitta,PESH
5,Deuteronomy,28,51,Deuteronomy 28:51,22,ܕܥܢܐ,,,,Peshitta,PESH
5,Deuteronomy,28,51,Deuteronomy 28:51,23,ܥܕܡܐ,,,,Peshitta,PESH
5,Deuteronomy,28,51,Deuteronomy 28:51,24,ܕܢܘܒܕܟ,,,,Peshitta,PESH
5,Deuteronomy,28,52,Deuteronomy 28:52,1,ܘܢܐܠܨܟ,,,,Peshitta,PESH
5,Deuteronomy,28,52,Deuteronomy 28:52,2,ܒܟܘܠܗܝܢ,,,,Peshitta,PESH
5,Deuteronomy,28,52,Deuteronomy 28:52,3,ܩܘܪ̈ܝܟ,,,,Peshitta,PESH
5,Deuteronomy,28,52,Deuteronomy 28:52,4,ܥܕܡܐ,,,,Peshitta,PESH
5,Deuteronomy,28,52,Deuteronomy 28:52,5,ܕܢܟܒܘܫ,,,,Peshitta,PESH
5,Deuteronomy,28,52,Deuteronomy 28:52,6,ܫܘܪ̈ܝܟ,,,,Peshitta,PESH
5,Deuteronomy,28,52,Deuteronomy 28:52,7,ܪ̈ܡܐ,,,,Peshitta,PESH
5,Deuteronomy,28,52,Deuteronomy 28:52,8,ܘܥܫܝ̈ܢܐ,,,,Peshitta,PESH
5,Deuteronomy,28,52,Deuteronomy 28:52,9,ܕܬܟܝܠ,,,,Peshitta,PESH
5,Deuteronomy,28,52,Deuteronomy 28:52,10,ܐܢܬ,,,,Peshitta,PESH
5,Deuteronomy,28,52,Deuteronomy 28:52,11,ܥܠܝܗܘܢ,,,,Peshitta,PESH
5,Deuteronomy,28,52,Deuteronomy 28:52,12,ܒܟܠܗ̇,,,,Peshitta,PESH
5,Deuteronomy,28,52,Deuteronomy 28:52,13,ܐܪܥܟ,,,,Peshitta,PESH
5,Deuteronomy,28,52,Deuteronomy 28:52,14,ܘܢܐܠܨܟ,,,,Peshitta,PESH
5,Deuteronomy,28,52,Deuteronomy 28:52,15,ܒܟܘܠܗܝܢ,,,,Peshitta,PESH
5,Deuteronomy,28,52,Deuteronomy 28:52,16,ܩܘܪ̈ܝܟ,,,,Peshitta,PESH
5,Deuteronomy,28,52,Deuteronomy 28:52,17,ܒܟܠܗ̇,,,,Peshitta,PESH
5,Deuteronomy,28,52,Deuteronomy 28:52,18,ܐܪܥܐ,,,,Peshitta,PESH
5,Deuteronomy,28,52,Deuteronomy 28:52,19,ܕܝ̇ܗܒ,,,,Peshitta,PESH
5,Deuteronomy,28,52,Deuteronomy 28:52,20,ܠܟ,,,,Peshitta,PESH
5,Deuteronomy,28,52,Deuteronomy 28:52,21,ܡܪܝܐ,,,,Peshitta,PESH
5,Deuteronomy,28,52,Deuteronomy 28:52,22,ܐܠܗܟ,,,,Peshitta,PESH
5,Deuteronomy,28,53,Deuteronomy 28:53,1,ܘܬܐܟܘܠ,,,,Peshitta,PESH
5,Deuteronomy,28,53,Deuteronomy 28:53,2,ܦܐܪ̈ܐ,,,,Peshitta,PESH
5,Deuteronomy,28,53,Deuteronomy 28:53,3,ܕܟܪܣܟ,,,,Peshitta,PESH
5,Deuteronomy,28,53,Deuteronomy 28:53,4,ܒܣܪܐ,,,,Peshitta,PESH
5,Deuteronomy,28,53,Deuteronomy 28:53,5,ܕܒܢ̈ܝܟ,,,,Peshitta,PESH
5,Deuteronomy,28,53,Deuteronomy 28:53,6,ܘܕܒܢ̈ܬܟ,,,,Peshitta,PESH
5,Deuteronomy,28,53,Deuteronomy 28:53,7,ܕܝ̇ܗܒ,,,,Peshitta,PESH
5,Deuteronomy,28,53,Deuteronomy 28:53,8,ܠܟ,,,,Peshitta,PESH
5,Deuteronomy,28,53,Deuteronomy 28:53,9,ܡܪܝܐ,,,,Peshitta,PESH
5,Deuteronomy,28,53,Deuteronomy 28:53,10,ܐܠܗܟ,,,,Peshitta,PESH
5,Deuteronomy,28,53,Deuteronomy 28:53,11,ܬܐܟܘܠ,,,,Peshitta,PESH
5,Deuteronomy,28,53,Deuteronomy 28:53,12,ܐܢܘܢ,,,,Peshitta,PESH
5,Deuteronomy,28,53,Deuteronomy 28:53,13,ܒܐܘܠܨܢܐ,,,,Peshitta,PESH
5,Deuteronomy,28,53,Deuteronomy 28:53,14,ܘܒܥܩܬܐ,,,,Peshitta,PESH
5,Deuteronomy,28,53,Deuteronomy 28:53,15,ܕܢܥܝܩ,,,,Peshitta,PESH
5,Deuteronomy,28,53,Deuteronomy 28:53,16,ܠܟ,,,,Peshitta,PESH
5,Deuteronomy,28,53,Deuteronomy 28:53,17,ܒܥܠܕܒܒܟ,,,,Peshitta,PESH
5,Deuteronomy,28,54,Deuteronomy 28:54,1,ܓܒܪܐ,,,,Peshitta,PESH
5,Deuteronomy,28,54,Deuteronomy 28:54,2,ܕܡܥܕܢ,,,,Peshitta,PESH
5,Deuteronomy,28,54,Deuteronomy 28:54,3,ܒܟ,,,,Peshitta,PESH
5,Deuteronomy,28,54,Deuteronomy 28:54,4,ܘܡܦܢܩ,,,,Peshitta,PESH
5,Deuteronomy,28,54,Deuteronomy 28:54,5,ܒܟ,,,,Peshitta,PESH
5,Deuteronomy,28,54,Deuteronomy 28:54,6,ܬܚܘܪ,,,,Peshitta,PESH
5,Deuteronomy,28,54,Deuteronomy 28:54,7,ܥܝܢܗ,,,,Peshitta,PESH
5,Deuteronomy,28,54,Deuteronomy 28:54,8,ܒܐܚܘܗܝ,,,,Peshitta,PESH
5,Deuteronomy,28,54,Deuteronomy 28:54,9,ܘܒܐܢܬܬ,,,,Peshitta,PESH
5,Deuteronomy,28,54,Deuteronomy 28:54,10,ܩܝܡܗ,,,,Peshitta,PESH
5,Deuteronomy,28,54,Deuteronomy 28:54,11,ܘܒܫܪܟܐ,,,,Peshitta,PESH
5,Deuteronomy,28,54,Deuteronomy 28:54,12,ܕܒܢ̈ܘܗܝ,,,,Peshitta,PESH
5,Deuteronomy,28,54,Deuteronomy 28:54,13,ܕܡܫܬܚܪܝܢ,,,,Peshitta,PESH
5,Deuteronomy,28,55,Deuteronomy 28:55,1,ܘܠܐ,,,,Peshitta,PESH
5,Deuteronomy,28,55,Deuteronomy 28:55,2,ܢܬܠ,,,,Peshitta,PESH
5,Deuteronomy,28,55,Deuteronomy 28:55,3,ܠܚܕ,,,,Peshitta,PESH
5,Deuteronomy,28,55,Deuteronomy 28:55,4,ܡܢܗܘܢ,,,,Peshitta,PESH
5,Deuteronomy,28,55,Deuteronomy 28:55,5,ܡܢ,,,,Peshitta,PESH
5,Deuteronomy,28,55,Deuteronomy 28:55,6,ܒܣܪܐ,,,,Peshitta,PESH
5,Deuteronomy,28,55,Deuteronomy 28:55,7,ܕܒܢ̈ܘܗܝ,,,,Peshitta,PESH
5,Deuteronomy,28,55,Deuteronomy 28:55,8,ܕܐ̇ܟܠ,,,,Peshitta,PESH
5,Deuteronomy,28,55,Deuteronomy 28:55,9,ܡܛܠ,,,,Peshitta,PESH
5,Deuteronomy,28,55,Deuteronomy 28:55,10,ܕܠܐ,,,,Peshitta,PESH
5,Deuteronomy,28,55,Deuteronomy 28:55,11,ܢܫܬܒܩ,,,,Peshitta,PESH
5,Deuteronomy,28,55,Deuteronomy 28:55,12,ܠܗ,,,,Peshitta,PESH
5,Deuteronomy,28,55,Deuteronomy 28:55,13,ܡܕܡ,,,,Peshitta,PESH
5,Deuteronomy,28,55,Deuteronomy 28:55,14,ܒܐܘܠܨܢܐ,,,,Peshitta,PESH
5,Deuteronomy,28,55,Deuteronomy 28:55,15,ܘܒܥܩܬܐ,,,,Peshitta,PESH
5,Deuteronomy,28,55,Deuteronomy 28:55,16,ܕܢܥܝܩ,,,,Peshitta,PESH
5,Deuteronomy,28,55,Deuteronomy 28:55,17,ܠܟ,,,,Peshitta,PESH
5,Deuteronomy,28,55,Deuteronomy 28:55,18,ܒܥܠܕܒܒܟ,,,,Peshitta,PESH
5,Deuteronomy,28,55,Deuteronomy 28:55,19,ܒܟܘܠܗܝܢ,,,,Peshitta,PESH
5,Deuteronomy,28,55,Deuteronomy 28:55,20,ܩܘܪ̈ܝܟ,,,,Peshitta,PESH
5,Deuteronomy,28,56,Deuteronomy 28:56,1,ܐܝܕܐ,,,,Peshitta,PESH
5,Deuteronomy,28,56,Deuteronomy 28:56,2,ܕܡܥܕܢܐ,,,,Peshitta,PESH
5,Deuteronomy,28,56,Deuteronomy 28:56,3,ܒܟ,,,,Peshitta,PESH
5,Deuteronomy,28,56,Deuteronomy 28:56,4,ܘܡܦܢܩܐ,,,,Peshitta,PESH
5,Deuteronomy,28,56,Deuteronomy 28:56,5,ܕܠܐ,,,,Peshitta,PESH
5,Deuteronomy,28,56,Deuteronomy 28:56,6,ܢܣܝܬ,,,,Peshitta,PESH
5,Deuteronomy,28,56,Deuteronomy 28:56,7,ܦܣܬܐ,,,,Peshitta,PESH
5,Deuteronomy,28,56,Deuteronomy 28:56,8,ܕܪܓܠܗ̇,,,,Peshitta,PESH
5,Deuteronomy,28,56,Deuteronomy 28:56,9,ܠܡܩܡ,,,,Peshitta,PESH
5,Deuteronomy,28,56,Deuteronomy 28:56,10,ܥܠ,,,,Peshitta,PESH
5,Deuteronomy,28,56,Deuteronomy 28:56,11,ܐܪܥܐ,,,,Peshitta,PESH
5,Deuteronomy,28,56,Deuteronomy 28:56,12,ܡܢ,,,,Peshitta,PESH
5,Deuteronomy,28,56,Deuteronomy 28:56,13,ܥܘܕܢܗ̇,,,,Peshitta,PESH
5,Deuteronomy,28,56,Deuteronomy 28:56,14,ܘܡܢ,,,,Peshitta,PESH
5,Deuteronomy,28,56,Deuteronomy 28:56,15,ܦܘܢܩܗ̇,,,,Peshitta,PESH
5,Deuteronomy,28,56,Deuteronomy 28:56,16,ܬܚܘܪ,,,,Peshitta,PESH
5,Deuteronomy,28,56,Deuteronomy 28:56,17,ܥܝܢܗ̇,,,,Peshitta,PESH
5,Deuteronomy,28,56,Deuteronomy 28:56,18,ܒܒܥܠܗ̇,,,,Peshitta,PESH
5,Deuteronomy,28,56,Deuteronomy 28:56,19,ܘܒܒܪܗ̇,,,,Peshitta,PESH
5,Deuteronomy,28,56,Deuteronomy 28:56,20,ܘܒܒܪܬܗ̇,,,,Peshitta,PESH
5,Deuteronomy,28,57,Deuteronomy 28:57,1,ܒܫܠܝܬܗ̇,,,,Peshitta,PESH
5,Deuteronomy,28,57,Deuteronomy 28:57,2,ܕܢ̇ܦܩܐ,,,,Peshitta,PESH
5,Deuteronomy,28,57,Deuteronomy 28:57,3,ܡܢ,,,,Peshitta,PESH
5,Deuteronomy,28,57,Deuteronomy 28:57,4,ܒܝܬ,,,,Peshitta,PESH
5,Deuteronomy,28,57,Deuteronomy 28:57,5,ܪ̈ܓܠܝܗ̇,,,,Peshitta,PESH
5,Deuteronomy,28,57,Deuteronomy 28:57,6,ܘܒܒܪܗ̇,,,,Peshitta,PESH
5,Deuteronomy,28,57,Deuteronomy 28:57,7,ܕܬܐܠܕ,,,,Peshitta,PESH
5,Deuteronomy,28,57,Deuteronomy 28:57,8,ܟܕ,,,,Peshitta,PESH
5,Deuteronomy,28,57,Deuteronomy 28:57,9,ܬܐܟܘܠ,,,,Peshitta,PESH
5,Deuteronomy,28,57,Deuteronomy 28:57,10,ܐܢܘܢ,,,,Peshitta,PESH
5,Deuteronomy,28,57,Deuteronomy 28:57,11,ܡܐ,,,,Peshitta,PESH
5,Deuteronomy,28,57,Deuteronomy 28:57,12,ܕܚܣܪ,,,,Peshitta,PESH
5,Deuteronomy,28,57,Deuteronomy 28:57,13,ܠܗ̇,,,,Peshitta,PESH
5,Deuteronomy,28,57,Deuteronomy 28:57,14,ܟܠ,,,,Peshitta,PESH
5,Deuteronomy,28,57,Deuteronomy 28:57,15,ܒܐܘܠܨܢܐ,,,,Peshitta,PESH
5,Deuteronomy,28,57,Deuteronomy 28:57,16,ܘܒܥܩܬܐ,,,,Peshitta,PESH
5,Deuteronomy,28,57,Deuteronomy 28:57,17,ܕܢܥܝܩ,,,,Peshitta,PESH
5,Deuteronomy,28,57,Deuteronomy 28:57,18,ܠܟ,,,,Peshitta,PESH
5,Deuteronomy,28,57,Deuteronomy 28:57,19,ܒܥܠܕܒܒܟ,,,,Peshitta,PESH
5,Deuteronomy,28,57,Deuteronomy 28:57,20,ܒܟܠܗܝܢ,,,,Peshitta,PESH
5,Deuteronomy,28,57,Deuteronomy 28:57,21,ܩܘܪ̈ܝܟ,,,,Peshitta,PESH
5,Deuteronomy,28,58,Deuteronomy 28:58,1,ܐܠܐ,,,,Peshitta,PESH
5,Deuteronomy,28,58,Deuteronomy 28:58,2,ܬܛܪ,,,,Peshitta,PESH
5,Deuteronomy,28,58,Deuteronomy 28:58,3,ܘܬܥܒܕ,,,,Peshitta,PESH
5,Deuteronomy,28,58,Deuteronomy 28:58,4,ܟܘܠܗܘܢ,,,,Peshitta,PESH
5,Deuteronomy,28,58,Deuteronomy 28:58,5,ܦܬ̈ܓܡܐ,,,,Peshitta,PESH
5,Deuteronomy,28,58,Deuteronomy 28:58,6,ܕܢܡܘܣܐ,,,,Peshitta,PESH
5,Deuteronomy,28,58,Deuteronomy 28:58,7,ܗܢܐ,,,,Peshitta,PESH
5,Deuteronomy,28,58,Deuteronomy 28:58,8,ܕܟܬܝܒܝܢ,,,,Peshitta,PESH
5,Deuteronomy,28,58,Deuteronomy 28:58,9,ܒܟܬܒܐ,,,,Peshitta,PESH
5,Deuteronomy,28,58,Deuteronomy 28:58,10,ܗܢܐ,,,,Peshitta,PESH
5,Deuteronomy,28,58,Deuteronomy 28:58,11,ܘܬܕܚܠ,,,,Peshitta,PESH
5,Deuteronomy,28,58,Deuteronomy 28:58,12,ܡܢ,,,,Peshitta,PESH
5,Deuteronomy,28,58,Deuteronomy 28:58,13,ܫܡܐ,,,,Peshitta,PESH
5,Deuteronomy,28,58,Deuteronomy 28:58,14,ܗܢܐ,,,,Peshitta,PESH
5,Deuteronomy,28,58,Deuteronomy 28:58,15,ܡܫܒܚܐ,,,,Peshitta,PESH
5,Deuteronomy,28,58,Deuteronomy 28:58,16,ܘܕܚܝܠܐ,,,,Peshitta,PESH
5,Deuteronomy,28,58,Deuteronomy 28:58,17,ܕܡܪܝܐ,,,,Peshitta,PESH
5,Deuteronomy,28,58,Deuteronomy 28:58,18,ܐܠܗܟ,,,,Peshitta,PESH
5,Deuteronomy,28,59,Deuteronomy 28:59,1,ܘܢܦܪܘܫ,,,,Peshitta,PESH
5,Deuteronomy,28,59,Deuteronomy 28:59,2,ܡܪܝܐ,,,,Peshitta,PESH
5,Deuteronomy,28,59,Deuteronomy 28:59,3,ܡܚ̈ܘܬܟ,,,,Peshitta,PESH
5,Deuteronomy,28,59,Deuteronomy 28:59,4,ܘܡܚ̈ܘܬܐ,,,,Peshitta,PESH
5,Deuteronomy,28,59,Deuteronomy 28:59,5,ܕܙܪܥܟ,,,,Peshitta,PESH
5,Deuteronomy,28,59,Deuteronomy 28:59,6,ܡܚ̈ܘܬܐ,,,,Peshitta,PESH
5,Deuteronomy,28,59,Deuteronomy 28:59,7,ܕܪ̈ܘܪܒܢ,,,,Peshitta,PESH
5,Deuteronomy,28,59,Deuteronomy 28:59,8,ܘܡܗܝܡܢܢ,,,,Peshitta,PESH
5,Deuteronomy,28,59,Deuteronomy 28:59,9,ܘܟܐ̈ܒܐ,,,,Peshitta,PESH
5,Deuteronomy,28,59,Deuteronomy 28:59,10,ܕܒܝܫ̈ܝܢ,,,,Peshitta,PESH
5,Deuteronomy,28,59,Deuteronomy 28:59,11,ܘܡܗܝܡܢܝܢ,,,,Peshitta,PESH
5,Deuteronomy,28,60,Deuteronomy 28:60,1,ܘܢܝܬܐ,,,,Peshitta,PESH
5,Deuteronomy,28,60,Deuteronomy 28:60,2,ܥܠܝܟ,,,,Peshitta,PESH
5,Deuteronomy,28,60,Deuteronomy 28:60,3,ܟܘܠܗܝܢ,,,,Peshitta,PESH
5,Deuteronomy,28,60,Deuteronomy 28:60,4,ܡܚ̈ܘܬܐ,,,,Peshitta,PESH
5,Deuteronomy,28,60,Deuteronomy 28:60,5,ܕܡܨܪ̈ܝܐ,,,,Peshitta,PESH
5,Deuteronomy,28,60,Deuteronomy 28:60,6,ܕܕܚ̇ܠ,,,,Peshitta,PESH
5,Deuteronomy,28,60,Deuteronomy 28:60,7,ܐܢܬ,,,,Peshitta,PESH
5,Deuteronomy,28,60,Deuteronomy 28:60,8,ܡܢ,,,,Peshitta,PESH
5,Deuteronomy,28,60,Deuteronomy 28:60,9,ܩܕܡܝܗܝܢ,,,,Peshitta,PESH
5,Deuteronomy,28,60,Deuteronomy 28:60,10,ܘܢܕܒܩܢ,,,,Peshitta,PESH
5,Deuteronomy,28,60,Deuteronomy 28:60,11,ܒܟ,,,,Peshitta,PESH
5,Deuteronomy,28,61,Deuteronomy 28:61,1,ܘܟܘܠ,,,,Peshitta,PESH
5,Deuteronomy,28,61,Deuteronomy 28:61,2,ܟܘܪܗܢ,,,,Peshitta,PESH
5,Deuteronomy,28,61,Deuteronomy 28:61,3,ܘܟܠ,,,,Peshitta,PESH
5,Deuteronomy,28,61,Deuteronomy 28:61,4,ܡܚ̈ܘܢ,,,,Peshitta,PESH
5,Deuteronomy,28,61,Deuteronomy 28:61,5,ܕܠܐ,,,,Peshitta,PESH
5,Deuteronomy,28,61,Deuteronomy 28:61,6,ܟܬܝܒ̈ܢ,,,,Peshitta,PESH
5,Deuteronomy,28,61,Deuteronomy 28:61,7,ܒܟܬܒܐ,,,,Peshitta,PESH
5,Deuteronomy,28,61,Deuteronomy 28:61,8,ܗܢܐ,,,,Peshitta,PESH
5,Deuteronomy,28,61,Deuteronomy 28:61,9,ܕܢܡܘܣܐ,,,,Peshitta,PESH
5,Deuteronomy,28,61,Deuteronomy 28:61,10,ܢܝܬܐ,,,,Peshitta,PESH
5,Deuteronomy,28,61,Deuteronomy 28:61,11,ܐ̈ܢܝܢ,,,,Peshitta,PESH
5,Deuteronomy,28,61,Deuteronomy 28:61,12,ܡܪܝܐ,,,,Peshitta,PESH
5,Deuteronomy,28,61,Deuteronomy 28:61,13,ܥܠܝܟ,,,,Peshitta,PESH
5,Deuteronomy,28,61,Deuteronomy 28:61,14,ܥܕܡܐ,,,,Peshitta,PESH
5,Deuteronomy,28,61,Deuteronomy 28:61,15,ܕܢܘܒܕܟ,,,,Peshitta,PESH
5,Deuteronomy,28,62,Deuteronomy 28:62,1,ܘܬܫܬܚܪܘܢ,,,,Peshitta,PESH
5,Deuteronomy,28,62,Deuteronomy 28:62,2,ܩܠܝܠ,,,,Peshitta,PESH
5,Deuteronomy,28,62,Deuteronomy 28:62,3,ܒܡܢܝܢܐ,,,,Peshitta,PESH
5,Deuteronomy,28,62,Deuteronomy 28:62,4,ܕܣܓܝܬܘܢ,,,,Peshitta,PESH
5,Deuteronomy,28,62,Deuteronomy 28:62,5,ܗܘܝܬܘܢ,,,,Peshitta,PESH
5,Deuteronomy,28,62,Deuteronomy 28:62,6,ܐܝܟ,,,,Peshitta,PESH
5,Deuteronomy,28,62,Deuteronomy 28:62,7,ܟ̈ܘܟܒܐ,,,,Peshitta,PESH
5,Deuteronomy,28,62,Deuteronomy 28:62,8,ܕܒܫܡܝܐ,,,,Peshitta,PESH
5,Deuteronomy,28,62,Deuteronomy 28:62,9,ܥܠ,,,,Peshitta,PESH
5,Deuteronomy,28,62,Deuteronomy 28:62,10,ܕܠܐ,,,,Peshitta,PESH
5,Deuteronomy,28,62,Deuteronomy 28:62,11,ܫܡܥܬ,,,,Peshitta,PESH
5,Deuteronomy,28,62,Deuteronomy 28:62,12,ܒܩܠܗ,,,,Peshitta,PESH
5,Deuteronomy,28,62,Deuteronomy 28:62,13,ܕܡܪܝܐ,,,,Peshitta,PESH
5,Deuteronomy,28,62,Deuteronomy 28:62,14,ܐܠܗܟ,,,,Peshitta,PESH
5,Deuteronomy,28,63,Deuteronomy 28:63,1,ܘܐܝܟ,,,,Peshitta,PESH
5,Deuteronomy,28,63,Deuteronomy 28:63,2,ܕܚܕܝ,,,,Peshitta,PESH
5,Deuteronomy,28,63,Deuteronomy 28:63,3,ܡܪܝܐ,,,,Peshitta,PESH
5,Deuteronomy,28,63,Deuteronomy 28:63,4,ܥܠܝܟܘܢ,,,,Peshitta,PESH
5,Deuteronomy,28,63,Deuteronomy 28:63,5,ܕܢܛܐܒ,,,,Peshitta,PESH
5,Deuteronomy,28,63,Deuteronomy 28:63,6,ܠܟܘܢ,,,,Peshitta,PESH
5,Deuteronomy,28,63,Deuteronomy 28:63,7,ܘܢܣܓܝܟܘܢ,,,,Peshitta,PESH
5,Deuteronomy,28,63,Deuteronomy 28:63,8,ܗܟܢܐ,,,,Peshitta,PESH
5,Deuteronomy,28,63,Deuteronomy 28:63,9,ܢܚܕܐ,,,,Peshitta,PESH
5,Deuteronomy,28,63,Deuteronomy 28:63,10,ܡܪܝܐ,,,,Peshitta,PESH
5,Deuteronomy,28,63,Deuteronomy 28:63,11,ܥܠܝܟܘܢ,,,,Peshitta,PESH
5,Deuteronomy,28,63,Deuteronomy 28:63,12,ܟܕ,,,,Peshitta,PESH
5,Deuteronomy,28,63,Deuteronomy 28:63,13,ܢܘܒܕܟܘܢ,,,,Peshitta,PESH
5,Deuteronomy,28,63,Deuteronomy 28:63,14,ܘܢܓܡܪܟܘܢ,,,,Peshitta,PESH
5,Deuteronomy,28,63,Deuteronomy 28:63,15,ܘܬܫܬܩܠܘܢ,,,,Peshitta,PESH
5,Deuteronomy,28,63,Deuteronomy 28:63,16,ܡܢ,,,,Peshitta,PESH
5,Deuteronomy,28,63,Deuteronomy 28:63,17,ܐܪܥܐ,,,,Peshitta,PESH
5,Deuteronomy,28,63,Deuteronomy 28:63,18,ܕܥ̇ܐܠ,,,,Peshitta,PESH
5,Deuteronomy,28,63,Deuteronomy 28:63,19,ܐܢܬ,,,,Peshitta,PESH
5,Deuteronomy,28,63,Deuteronomy 28:63,20,ܠܬܡܢ,,,,Peshitta,PESH
5,Deuteronomy,28,63,Deuteronomy 28:63,21,ܠܡܐܪܬܗ̇,,,,Peshitta,PESH
5,Deuteronomy,28,64,Deuteronomy 28:64,1,ܘܢܒܕܪܟ,,,,Peshitta,PESH
5,Deuteronomy,28,64,Deuteronomy 28:64,2,ܡܪܝܐ,,,,Peshitta,PESH
5,Deuteronomy,28,64,Deuteronomy 28:64,3,ܒܟܠܗܘܢ,,,,Peshitta,PESH
5,Deuteronomy,28,64,Deuteronomy 28:64,4,ܥܡ̈ܡܐ,,,,Peshitta,PESH
5,Deuteronomy,28,64,Deuteronomy 28:64,5,ܡܢ,,,,Peshitta,PESH
5,Deuteronomy,28,64,Deuteronomy 28:64,6,ܣܘ̈ܦܝܗ̇,,,,Peshitta,PESH
5,Deuteronomy,28,64,Deuteronomy 28:64,7,ܕܐܪܥܐ,,,,Peshitta,PESH
5,Deuteronomy,28,64,Deuteronomy 28:64,8,ܘܥܕܡܐ,,,,Peshitta,PESH
5,Deuteronomy,28,64,Deuteronomy 28:64,9,ܠܣܘ̈ܦܝܗ̇,,,,Peshitta,PESH
5,Deuteronomy,28,64,Deuteronomy 28:64,10,ܕܐܪܥܐ,,,,Peshitta,PESH
5,Deuteronomy,28,64,Deuteronomy 28:64,11,ܘܬܦܠܘܚ,,,,Peshitta,PESH
5,Deuteronomy,28,64,Deuteronomy 28:64,12,ܬܡܢ,,,,Peshitta,PESH
5,Deuteronomy,28,64,Deuteronomy 28:64,13,ܠܐ̈ܠܗܐ,,,,Peshitta,PESH
5,Deuteronomy,28,64,Deuteronomy 28:64,14,ܐܚܪ̈ܢܐ,,,,Peshitta,PESH
5,Deuteronomy,28,64,Deuteronomy 28:64,15,ܕܩܝܣܐ,,,,Peshitta,PESH
5,Deuteronomy,28,64,Deuteronomy 28:64,16,ܘܕܟܐܦܐ,,,,Peshitta,PESH
5,Deuteronomy,28,64,Deuteronomy 28:64,17,ܕܠܐ,,,,Peshitta,PESH
5,Deuteronomy,28,64,Deuteronomy 28:64,18,ܝܕܥܬ,,,,Peshitta,PESH
5,Deuteronomy,28,64,Deuteronomy 28:64,19,ܐܢܬ,,,,Peshitta,PESH
5,Deuteronomy,28,64,Deuteronomy 28:64,20,ܘܐ̈ܒܗܝܟ,,,,Peshitta,PESH
5,Deuteronomy,28,65,Deuteronomy 28:65,1,ܘܒܥܡ̈ܡܐ,,,,Peshitta,PESH
5,Deuteronomy,28,65,Deuteronomy 28:65,2,ܗ̇ܢܘܢ,,,,Peshitta,PESH
5,Deuteronomy,28,65,Deuteronomy 28:65,3,ܠܐ,,,,Peshitta,PESH
5,Deuteronomy,28,65,Deuteronomy 28:65,4,ܬܫܠܐ,,,,Peshitta,PESH
5,Deuteronomy,28,65,Deuteronomy 28:65,5,ܘܠܐ,,,,Peshitta,PESH
5,Deuteronomy,28,65,Deuteronomy 28:65,6,ܢܗܘܐ,,,,Peshitta,PESH
5,Deuteronomy,28,65,Deuteronomy 28:65,7,ܢܝܚܐ,,,,Peshitta,PESH
5,Deuteronomy,28,65,Deuteronomy 28:65,8,ܠܦܣܬ,,,,Peshitta,PESH
5,Deuteronomy,28,65,Deuteronomy 28:65,9,ܪܓܠܟ,,,,Peshitta,PESH
5,Deuteronomy,28,65,Deuteronomy 28:65,10,ܐܠܐ,,,,Peshitta,PESH
5,Deuteronomy,28,65,Deuteronomy 28:65,11,ܢܬܠ,,,,Peshitta,PESH
5,Deuteronomy,28,65,Deuteronomy 28:65,12,ܠܟ,,,,Peshitta,PESH
5,Deuteronomy,28,65,Deuteronomy 28:65,13,ܡܪܝܐ,,,,Peshitta,PESH
5,Deuteronomy,28,65,Deuteronomy 28:65,14,ܬܡ̇ܢ,,,,Peshitta,PESH
5,Deuteronomy,28,65,Deuteronomy 28:65,15,ܠܒܐ,,,,Peshitta,PESH
5,Deuteronomy,28,65,Deuteronomy 28:65,16,ܙܝ̇ܥܐ,,,,Peshitta,PESH
5,Deuteronomy,28,65,Deuteronomy 28:65,17,ܘܚܫܟܐ,,,,Peshitta,PESH
5,Deuteronomy,28,65,Deuteronomy 28:65,18,ܕܥܝ̈ܢܐ,,,,Peshitta,PESH
5,Deuteronomy,28,65,Deuteronomy 28:65,19,ܘܕܘܝ̇ܒܐ,,,,Peshitta,PESH
5,Deuteronomy,28,65,Deuteronomy 28:65,20,ܕܢܦܫܐ,,,,Peshitta,PESH
5,Deuteronomy,28,66,Deuteronomy 28:66,1,ܘܢܗܘܘܢ,,,,Peshitta,PESH
5,Deuteronomy,28,66,Deuteronomy 28:66,2,ܚܝ̈ܝܟ,,,,Peshitta,PESH
5,Deuteronomy,28,66,Deuteronomy 28:66,3,ܬܠܝܢ,,,,Peshitta,PESH
5,Deuteronomy,28,66,Deuteronomy 28:66,4,ܡܢ,,,,Peshitta,PESH
5,Deuteronomy,28,66,Deuteronomy 28:66,5,ܩܒܘܠ,,,,Peshitta,PESH
5,Deuteronomy,28,66,Deuteronomy 28:66,6,ܘܬܗܘܐ,,,,Peshitta,PESH
5,Deuteronomy,28,66,Deuteronomy 28:66,7,ܕܚ̇ܠ,,,,Peshitta,PESH
5,Deuteronomy,28,66,Deuteronomy 28:66,8,ܒܐܝܡܡܐ,,,,Peshitta,PESH
5,Deuteronomy,28,66,Deuteronomy 28:66,9,ܘܒܠܠܝܐ,,,,Peshitta,PESH
5,Deuteronomy,28,66,Deuteronomy 28:66,10,ܘܠܐ,,,,Peshitta,PESH
5,Deuteronomy,28,66,Deuteronomy 28:66,11,ܬܗܝܡܢ,,,,Peshitta,PESH
5,Deuteronomy,28,66,Deuteronomy 28:66,12,ܒܚܝ̈ܝܟ,,,,Peshitta,PESH
5,Deuteronomy,28,67,Deuteronomy 28:67,1,ܒܨܦܪܐ,,,,Peshitta,PESH
5,Deuteronomy,28,67,Deuteronomy 28:67,2,ܬܐܡܪ,,,,Peshitta,PESH
5,Deuteronomy,28,67,Deuteronomy 28:67,3,ܐܡܬܝ,,,,Peshitta,PESH
5,Deuteronomy,28,67,Deuteronomy 28:67,4,ܕܝܢ,,,,Peshitta,PESH
5,Deuteronomy,28,67,Deuteronomy 28:67,5,ܗܘܐ,,,,Peshitta,PESH
5,Deuteronomy,28,67,Deuteronomy 28:67,6,ܪܡܫܐ,,,,Peshitta,PESH
5,Deuteronomy,28,67,Deuteronomy 28:67,7,ܘܒܪܡܫܐ,,,,Peshitta,PESH
5,Deuteronomy,28,67,Deuteronomy 28:67,8,ܬܐܡܪ,,,,Peshitta,PESH
5,Deuteronomy,28,67,Deuteronomy 28:67,9,ܐܡܬܝ,,,,Peshitta,PESH
5,Deuteronomy,28,67,Deuteronomy 28:67,10,ܕܝܢ,,,,Peshitta,PESH
5,Deuteronomy,28,67,Deuteronomy 28:67,11,ܗܘܐ,,,,Peshitta,PESH
5,Deuteronomy,28,67,Deuteronomy 28:67,12,ܨܦܪܐ,,,,Peshitta,PESH
5,Deuteronomy,28,67,Deuteronomy 28:67,13,ܡܢ,,,,Peshitta,PESH
5,Deuteronomy,28,67,Deuteronomy 28:67,14,ܕܚܠܬܐ,,,,Peshitta,PESH
5,Deuteronomy,28,67,Deuteronomy 28:67,15,ܕܠܒܟ,,,,Peshitta,PESH
5,Deuteronomy,28,67,Deuteronomy 28:67,16,ܕܕܚ̇ܠ,,,,Peshitta,PESH
5,Deuteronomy,28,67,Deuteronomy 28:67,17,ܐܢܬ,,,,Peshitta,PESH
5,Deuteronomy,28,67,Deuteronomy 28:67,18,ܘܡܢ,,,,Peshitta,PESH
5,Deuteronomy,28,67,Deuteronomy 28:67,19,ܚܙܘܐ,,,,Peshitta,PESH
5,Deuteronomy,28,67,Deuteronomy 28:67,20,ܕܥܝ̈ܢܝܟ,,,,Peshitta,PESH
5,Deuteronomy,28,67,Deuteronomy 28:67,21,ܕܚ̇ܙܐ,,,,Peshitta,PESH
5,Deuteronomy,28,67,Deuteronomy 28:67,22,ܐܢܬ,,,,Peshitta,PESH
5,Deuteronomy,28,68,Deuteronomy 28:68,1,ܘܢܗܦܟܟ,,,,Peshitta,PESH
5,Deuteronomy,28,68,Deuteronomy 28:68,2,ܡܪܝܐ,,,,Peshitta,PESH
5,Deuteronomy,28,68,Deuteronomy 28:68,3,ܠܡܨܪܝܢ,,,,Peshitta,PESH
5,Deuteronomy,28,68,Deuteronomy 28:68,4,ܒܐ̈ܠܦܐ,,,,Peshitta,PESH
5,Deuteronomy,28,68,Deuteronomy 28:68,5,ܒܐܘܪܚܐ,,,,Peshitta,PESH
5,Deuteronomy,28,68,Deuteronomy 28:68,6,ܕܐܡܪ,,,,Peshitta,PESH
5,Deuteronomy,28,68,Deuteronomy 28:68,7,ܠܟ,,,,Peshitta,PESH
5,Deuteronomy,28,68,Deuteronomy 28:68,8,ܕܠܐ,,,,Peshitta,PESH
5,Deuteronomy,28,68,Deuteronomy 28:68,9,ܬܘܣܦ,,,,Peshitta,PESH
5,Deuteronomy,28,68,Deuteronomy 28:68,10,ܬܘܒ,,,,Peshitta,PESH
5,Deuteronomy,28,68,Deuteronomy 28:68,11,ܠܡܚܙܝܗ̇,,,,Peshitta,PESH
5,Deuteronomy,28,68,Deuteronomy 28:68,12,ܘܬܙܕܒܢܘܢ,,,,Peshitta,PESH
5,Deuteronomy,28,68,Deuteronomy 28:68,13,ܬܡܢ,,,,Peshitta,PESH
5,Deuteronomy,28,68,Deuteronomy 28:68,14,ܠܒ̈ܥܠܕܒܒܝܟܘܢ,,,,Peshitta,PESH
5,Deuteronomy,28,68,Deuteronomy 28:68,15,ܠܥܒ̈ܕܐ,,,,Peshitta,PESH
5,Deuteronomy,28,68,Deuteronomy 28:68,16,ܘܠܐ̈ܡܗܬܐ,,,,Peshitta,PESH
5,Deuteronomy,28,68,Deuteronomy 28:68,17,ܘܠܝܬ,,,,Peshitta,PESH
5,Deuteronomy,28,68,Deuteronomy 28:68,18,ܕܙ̇ܒܢ,,,,Peshitta,PESH
5,Deuteronomy,28,69,Deuteronomy 28:69,1,ܗܠܝܢ,,,,Peshitta,PESH
5,Deuteronomy,28,69,Deuteronomy 28:69,2,ܦܬ̈ܓܡܐ,,,,Peshitta,PESH
5,Deuteronomy,28,69,Deuteronomy 28:69,3,ܕܩܝܡܐ,,,,Peshitta,PESH
5,Deuteronomy,28,69,Deuteronomy 28:69,4,ܕܦܩܕ,,,,Peshitta,PESH
5,Deuteronomy,28,69,Deuteronomy 28:69,5,ܡܪܝܐ,,,,Peshitta,PESH
5,Deuteronomy,28,69,Deuteronomy 28:69,6,ܠܡܘܫܐ,,,,Peshitta,PESH
5,Deuteronomy,28,69,Deuteronomy 28:69,7,ܠܡܩܡܘ,,,,Peshitta,PESH
5,Deuteronomy,28,69,Deuteronomy 28:69,8,ܥܡ,,,,Peshitta,PESH
5,Deuteronomy,28,69,Deuteronomy 28:69,9,ܒܢ̈ܝ,,,,Peshitta,PESH
5,Deuteronomy,28,69,Deuteronomy 28:69,10,ܐܝܣܪܝܠ,,,,Peshitta,PESH
5,Deuteronomy,28,69,Deuteronomy 28:69,11,ܒܐܪܥܐ,,,,Peshitta,PESH
5,Deuteronomy,28,69,Deuteronomy 28:69,12,ܕܡܘܐܒ,,,,Peshitta,PESH
5,Deuteronomy,28,69,Deuteronomy 28:69,13,ܣܛܪ,,,,Peshitta,PESH
5,Deuteronomy,28,69,Deuteronomy 28:69,14,ܡܢ,,,,Peshitta,PESH
5,Deuteronomy,28,69,Deuteronomy 28:69,15,ܩܝܡܐ,,,,Peshitta,PESH
5,Deuteronomy,28,69,Deuteronomy 28:69,16,ܕܐܩܝܡ,,,,Peshitta,PESH
5,Deuteronomy,28,69,Deuteronomy 28:69,17,ܥܡܗܘܢ,,,,Peshitta,PESH
5,Deuteronomy,28,69,Deuteronomy 28:69,18,ܒܚܘܪܝܒ,,,,Peshitta,PESH
5,Deuteronomy,29,1,Deuteronomy 29:1,1,ܘܩܪܐ,,,,Peshitta,PESH
5,Deuteronomy,29,1,Deuteronomy 29:1,2,ܡܘܫܐ,,,,Peshitta,PESH
5,Deuteronomy,29,1,Deuteronomy 29:1,3,ܠܟܠܗ,,,,Peshitta,PESH
5,Deuteronomy,29,1,Deuteronomy 29:1,4,ܐܝܣܪܝܠ,,,,Peshitta,PESH
5,Deuteronomy,29,1,Deuteronomy 29:1,5,ܘܐܡܪ,,,,Peshitta,PESH
5,Deuteronomy,29,1,Deuteronomy 29:1,6,ܠܗܘܢ,,,,Peshitta,PESH
5,Deuteronomy,29,1,Deuteronomy 29:1,7,ܐܢܬܘܢ,,,,Peshitta,PESH
5,Deuteronomy,29,1,Deuteronomy 29:1,8,ܚܙܝܬܘܢ,,,,Peshitta,PESH
5,Deuteronomy,29,1,Deuteronomy 29:1,9,ܟܠܡܕܡ,,,,Peshitta,PESH
5,Deuteronomy,29,1,Deuteronomy 29:1,10,ܕܥܒܕ,,,,Peshitta,PESH
5,Deuteronomy,29,1,Deuteronomy 29:1,11,ܡܪܝܐ,,,,Peshitta,PESH
5,Deuteronomy,29,1,Deuteronomy 29:1,12,ܠܥܢܝ̈ܟܘܢ,,,,Peshitta,PESH
5,Deuteronomy,29,1,Deuteronomy 29:1,13,ܒܐܪܥܐ,,,,Peshitta,PESH
5,Deuteronomy,29,1,Deuteronomy 29:1,14,ܕܡܨܪܝܢ,,,,Peshitta,PESH
5,Deuteronomy,29,1,Deuteronomy 29:1,15,ܠܦܪܥܘܢ,,,,Peshitta,PESH
5,Deuteronomy,29,1,Deuteronomy 29:1,16,ܘܠܟܠܗܘܢ,,,,Peshitta,PESH
5,Deuteronomy,29,1,Deuteronomy 29:1,17,ܥܒ̈ܕܘܗܝ,,,,Peshitta,PESH
5,Deuteronomy,29,1,Deuteronomy 29:1,18,ܘܠܟܠܗ,,,,Peshitta,PESH
5,Deuteronomy,29,1,Deuteronomy 29:1,19,ܥܡܗ,,,,Peshitta,PESH
5,Deuteronomy,29,1,Deuteronomy 29:1,20,ܘܠܟܠܗ̇,,,,Peshitta,PESH
5,Deuteronomy,29,1,Deuteronomy 29:1,21,ܐܪܥܗ,,,,Peshitta,PESH
5,Deuteronomy,29,2,Deuteronomy 29:2,1,ܢܣ̈ܝܘܢܐ,,,,Peshitta,PESH
5,Deuteronomy,29,2,Deuteronomy 29:2,2,ܪ̈ܘܪܒܐ,,,,Peshitta,PESH
5,Deuteronomy,29,2,Deuteronomy 29:2,3,ܕܚ̈ܙܝ,,,,Peshitta,PESH
5,Deuteronomy,29,2,Deuteronomy 29:2,4,ܥܝ̈ܢܝܟܘܢ,,,,Peshitta,PESH
5,Deuteronomy,29,2,Deuteronomy 29:2,5,ܐ̈ܬܘܬܐ,,,,Peshitta,PESH
5,Deuteronomy,29,2,Deuteronomy 29:2,6,ܘܬܕܡܪ̈ܬܐ,,,,Peshitta,PESH
5,Deuteronomy,29,2,Deuteronomy 29:2,7,ܗܠܝܢ,,,,Peshitta,PESH
5,Deuteronomy,29,2,Deuteronomy 29:2,8,ܕܚܙܝܬܘܢ,,,,Peshitta,PESH
5,Deuteronomy,29,3,Deuteronomy 29:3,1,ܘܠܐ,,,,Peshitta,PESH
5,Deuteronomy,29,3,Deuteronomy 29:3,2,ܝܗܒ,,,,Peshitta,PESH
5,Deuteronomy,29,3,Deuteronomy 29:3,3,ܠܟܘܢ,,,,Peshitta,PESH
5,Deuteronomy,29,3,Deuteronomy 29:3,4,ܡܪܝܐ,,,,Peshitta,PESH
5,Deuteronomy,29,3,Deuteronomy 29:3,5,ܠܒܐ,,,,Peshitta,PESH
5,Deuteronomy,29,3,Deuteronomy 29:3,6,ܠܡܕܥ,,,,Peshitta,PESH
5,Deuteronomy,29,3,Deuteronomy 29:3,7,ܘܥܝ̈ܢܐ,,,,Peshitta,PESH
5,Deuteronomy,29,3,Deuteronomy 29:3,8,ܠܡܚܙܐ,,,,Peshitta,PESH
5,Deuteronomy,29,3,Deuteronomy 29:3,9,ܘܐ̈ܕܢܐ,,,,Peshitta,PESH
5,Deuteronomy,29,3,Deuteronomy 29:3,10,ܠܡܫܡܥ,,,,Peshitta,PESH
5,Deuteronomy,29,3,Deuteronomy 29:3,11,ܥܕܡܐ,,,,Peshitta,PESH
5,Deuteronomy,29,3,Deuteronomy 29:3,12,ܠܝܘܡܢܐ,,,,Peshitta,PESH
5,Deuteronomy,29,4,Deuteronomy 29:4,1,ܘܕܒܪܬܟܘܢ,,,,Peshitta,PESH
5,Deuteronomy,29,4,Deuteronomy 29:4,2,ܐܪ̈ܒܥܝܢ,,,,Peshitta,PESH
5,Deuteronomy,29,4,Deuteronomy 29:4,3,ܫ̈ܢܝܢ,,,,Peshitta,PESH
5,Deuteronomy,29,4,Deuteronomy 29:4,4,ܒܡܕܒܪܐ,,,,Peshitta,PESH
5,Deuteronomy,29,4,Deuteronomy 29:4,5,ܠܐ,,,,Peshitta,PESH
5,Deuteronomy,29,4,Deuteronomy 29:4,6,ܒܠܝܘ,,,,Peshitta,PESH
5,Deuteronomy,29,4,Deuteronomy 29:4,7,ܢܚ̈ܬܝܟܘܢ,,,,Peshitta,PESH
5,Deuteronomy,29,4,Deuteronomy 29:4,8,ܡܢܟܘܢ,,,,Peshitta,PESH
5,Deuteronomy,29,4,Deuteronomy 29:4,9,ܘܡܣܢܝ̈ܟܘܢ,,,,Peshitta,PESH
5,Deuteronomy,29,4,Deuteronomy 29:4,10,ܠܐ,,,,Peshitta,PESH
5,Deuteronomy,29,4,Deuteronomy 29:4,11,ܒܠܝܘ,,,,Peshitta,PESH
5,Deuteronomy,29,4,Deuteronomy 29:4,12,ܡܢ,,,,Peshitta,PESH
5,Deuteronomy,29,4,Deuteronomy 29:4,13,ܪ̈ܓܠܝܟܘܢ,,,,Peshitta,PESH
5,Deuteronomy,29,5,Deuteronomy 29:5,1,ܘܠܚܡܐ,,,,Peshitta,PESH
5,Deuteronomy,29,5,Deuteronomy 29:5,2,ܠܐ,,,,Peshitta,PESH
5,Deuteronomy,29,5,Deuteronomy 29:5,3,ܐܟܠܬܘܢ,,,,Peshitta,PESH
5,Deuteronomy,29,5,Deuteronomy 29:5,4,ܘܚܡܪܐ,,,,Peshitta,PESH
5,Deuteronomy,29,5,Deuteronomy 29:5,5,ܘܫܟܪܐ,,,,Peshitta,PESH
5,Deuteronomy,29,5,Deuteronomy 29:5,6,ܠܐ,,,,Peshitta,PESH
5,Deuteronomy,29,5,Deuteronomy 29:5,7,ܐܫܬܝܬܘܢ,,,,Peshitta,PESH
5,Deuteronomy,29,5,Deuteronomy 29:5,8,ܡܛܠ,,,,Peshitta,PESH
5,Deuteronomy,29,5,Deuteronomy 29:5,9,ܕܬܕܥܘܢ,,,,Peshitta,PESH
5,Deuteronomy,29,5,Deuteronomy 29:5,10,ܕܐܢܐ,,,,Peshitta,PESH
5,Deuteronomy,29,5,Deuteronomy 29:5,11,ܐܢܐ,,,,Peshitta,PESH
5,Deuteronomy,29,5,Deuteronomy 29:5,12,ܡܪܝܐ,,,,Peshitta,PESH
5,Deuteronomy,29,5,Deuteronomy 29:5,13,ܐܠܗܟܘܢ,,,,Peshitta,PESH
5,Deuteronomy,29,6,Deuteronomy 29:6,1,ܘܐܝܬܝ̇ܬܟܘܢ,,,,Peshitta,PESH
5,Deuteronomy,29,6,Deuteronomy 29:6,2,ܠܐܬܪܐ,,,,Peshitta,PESH
5,Deuteronomy,29,6,Deuteronomy 29:6,3,ܗܢܐ,,,,Peshitta,PESH
5,Deuteronomy,29,6,Deuteronomy 29:6,4,ܘܢܦܩ,,,,Peshitta,PESH
5,Deuteronomy,29,6,Deuteronomy 29:6,5,ܣܝܚܘܢ,,,,Peshitta,PESH
5,Deuteronomy,29,6,Deuteronomy 29:6,6,ܡܠܟܐ,,,,Peshitta,PESH
5,Deuteronomy,29,6,Deuteronomy 29:6,7,ܕܚܫܒܘܢ,,,,Peshitta,PESH
5,Deuteronomy,29,6,Deuteronomy 29:6,8,ܘܥܘܓ,,,,Peshitta,PESH
5,Deuteronomy,29,6,Deuteronomy 29:6,9,ܡܠܟܐ,,,,Peshitta,PESH
5,Deuteronomy,29,6,Deuteronomy 29:6,10,ܕܡܬܢܝܢ,,,,Peshitta,PESH
5,Deuteronomy,29,6,Deuteronomy 29:6,11,ܠܐܘܪܥܢ,,,,Peshitta,PESH
5,Deuteronomy,29,6,Deuteronomy 29:6,12,ܠܩܪܒܐ,,,,Peshitta,PESH
5,Deuteronomy,29,6,Deuteronomy 29:6,13,ܘܚܪܒܢ,,,,Peshitta,PESH
5,Deuteronomy,29,6,Deuteronomy 29:6,14,ܐܢܘܢ,,,,Peshitta,PESH
5,Deuteronomy,29,7,Deuteronomy 29:7,1,ܘܢܣܒܢ,,,,Peshitta,PESH
5,Deuteronomy,29,7,Deuteronomy 29:7,2,ܐܪܥܗܘܢ,,,,Peshitta,PESH
5,Deuteronomy,29,7,Deuteronomy 29:7,3,ܘܝܗܒܢܗ̇,,,,Peshitta,PESH
5,Deuteronomy,29,7,Deuteronomy 29:7,4,ܝܘܪܬܢܐ,,,,Peshitta,PESH
5,Deuteronomy,29,7,Deuteronomy 29:7,5,ܠܪܘܒܝܠ,,,,Peshitta,PESH
5,Deuteronomy,29,7,Deuteronomy 29:7,6,ܘܠܓܕ,,,,Peshitta,PESH
5,Deuteronomy,29,7,Deuteronomy 29:7,7,ܘܠܦܠܓܗ,,,,Peshitta,PESH
5,Deuteronomy,29,7,Deuteronomy 29:7,8,ܕܫܒܛܐ,,,,Peshitta,PESH
5,Deuteronomy,29,7,Deuteronomy 29:7,9,ܕܡܢܫܐ,,,,Peshitta,PESH
5,Deuteronomy,29,8,Deuteronomy 29:8,1,ܛܪܘ,,,,Peshitta,PESH
5,Deuteronomy,29,8,Deuteronomy 29:8,2,ܦܘܩ̈ܕܢܘܗܝ,,,,Peshitta,PESH
5,Deuteronomy,29,8,Deuteronomy 29:8,3,ܕܢܡܘܣܐ,,,,Peshitta,PESH
5,Deuteronomy,29,8,Deuteronomy 29:8,4,ܗܢܐ,,,,Peshitta,PESH
5,Deuteronomy,29,8,Deuteronomy 29:8,5,ܘܥܒܕܘ,,,,Peshitta,PESH
5,Deuteronomy,29,8,Deuteronomy 29:8,6,ܐܢܘܢ,,,,Peshitta,PESH
5,Deuteronomy,29,8,Deuteronomy 29:8,7,ܕܗܘܝܬܘܢ,,,,Peshitta,PESH
5,Deuteronomy,29,8,Deuteronomy 29:8,8,ܡܣܩܝܢ,,,,Peshitta,PESH
5,Deuteronomy,29,8,Deuteronomy 29:8,9,ܠܪܝܫ,,,,Peshitta,PESH
5,Deuteronomy,29,8,Deuteronomy 29:8,10,ܟܠ,,,,Peshitta,PESH
5,Deuteronomy,29,8,Deuteronomy 29:8,11,ܡܕܡ,,,,Peshitta,PESH
5,Deuteronomy,29,8,Deuteronomy 29:8,12,ܕܥ̇ܒܕܝܢ,,,,Peshitta,PESH
5,Deuteronomy,29,8,Deuteronomy 29:8,13,ܐܢܬܘܢ,,,,Peshitta,PESH
5,Deuteronomy,29,9,Deuteronomy 29:9,1,ܐܢܬܘܢ,,,,Peshitta,PESH
5,Deuteronomy,29,9,Deuteronomy 29:9,2,ܩ̇ܝܡܝܢ,,,,Peshitta,PESH
5,Deuteronomy,29,9,Deuteronomy 29:9,3,ܐܢܬܘܢ,,,,Peshitta,PESH
5,Deuteronomy,29,9,Deuteronomy 29:9,4,ܝܘܡܢܐ,,,,Peshitta,PESH
5,Deuteronomy,29,9,Deuteronomy 29:9,5,ܩܕܡ,,,,Peshitta,PESH
5,Deuteronomy,29,9,Deuteronomy 29:9,6,ܡܪܝܐ,,,,Peshitta,PESH
5,Deuteronomy,29,9,Deuteronomy 29:9,7,ܐܠܗܟܘܢ,,,,Peshitta,PESH
5,Deuteronomy,29,9,Deuteronomy 29:9,8,ܟܠܟܘܢ,,,,Peshitta,PESH
5,Deuteronomy,29,9,Deuteronomy 29:9,9,ܪ̈ܝܫܝ,,,,Peshitta,PESH
5,Deuteronomy,29,9,Deuteronomy 29:9,10,ܫ̈ܒܛܝܟܘܢ,,,,Peshitta,PESH
5,Deuteronomy,29,9,Deuteronomy 29:9,11,ܘܣ̈ܒܝܟܘܢ,,,,Peshitta,PESH
5,Deuteronomy,29,9,Deuteronomy 29:9,12,ܘܣܦܪ̈ܝܟܘܢ,,,,Peshitta,PESH
5,Deuteronomy,29,9,Deuteronomy 29:9,13,ܟܠܗܘܢ,,,,Peshitta,PESH
5,Deuteronomy,29,9,Deuteronomy 29:9,14,ܓܒܪ̈ܐ,,,,Peshitta,PESH
5,Deuteronomy,29,9,Deuteronomy 29:9,15,ܕܐܝܣܪܝܠ,,,,Peshitta,PESH
5,Deuteronomy,29,10,Deuteronomy 29:10,1,ܘܝܩܪܬܟܘܢ,,,,Peshitta,PESH
5,Deuteronomy,29,10,Deuteronomy 29:10,2,ܘܢܫ̈ܝܟܘܢ,,,,Peshitta,PESH
5,Deuteronomy,29,10,Deuteronomy 29:10,3,ܘܥܡܘܪܐ,,,,Peshitta,PESH
5,Deuteronomy,29,10,Deuteronomy 29:10,4,ܕܒܓܘ,,,,Peshitta,PESH
5,Deuteronomy,29,10,Deuteronomy 29:10,5,ܡܫܪܝܬܟ,,,,Peshitta,PESH
5,Deuteronomy,29,10,Deuteronomy 29:10,6,ܡܢ,,,,Peshitta,PESH
5,Deuteronomy,29,10,Deuteronomy 29:10,7,ܠܩ̇ܛ,,,,Peshitta,PESH
5,Deuteronomy,29,10,Deuteronomy 29:10,8,ܩܝ̈ܣܝܟ,,,,Peshitta,PESH
5,Deuteronomy,29,10,Deuteronomy 29:10,9,ܘܥܕܡܐ,,,,Peshitta,PESH
5,Deuteronomy,29,10,Deuteronomy 29:10,10,ܠܡ̇ܠܐ,,,,Peshitta,PESH
5,Deuteronomy,29,10,Deuteronomy 29:10,11,ܡ̈ܝܟ,,,,Peshitta,PESH
5,Deuteronomy,29,11,Deuteronomy 29:11,1,ܕܠܐ,,,,Peshitta,PESH
5,Deuteronomy,29,11,Deuteronomy 29:11,2,ܬܥܒܪܘܢ,,,,Peshitta,PESH
5,Deuteronomy,29,11,Deuteronomy 29:11,3,ܥܠ,,,,Peshitta,PESH
5,Deuteronomy,29,11,Deuteronomy 29:11,4,ܩܝܡܗ,,,,Peshitta,PESH
5,Deuteronomy,29,11,Deuteronomy 29:11,5,ܕܡܪܝܐ,,,,Peshitta,PESH
5,Deuteronomy,29,11,Deuteronomy 29:11,6,ܐܠܗܟܘܢ,,,,Peshitta,PESH
5,Deuteronomy,29,11,Deuteronomy 29:11,7,ܘܥܠ,,,,Peshitta,PESH
5,Deuteronomy,29,11,Deuteronomy 29:11,8,ܡ̈ܘܡܬܗ,,,,Peshitta,PESH
5,Deuteronomy,29,11,Deuteronomy 29:11,9,ܕܡܪܝܐ,,,,Peshitta,PESH
5,Deuteronomy,29,11,Deuteronomy 29:11,10,ܐܠܗܟܘܢ,,,,Peshitta,PESH
5,Deuteronomy,29,11,Deuteronomy 29:11,11,ܕܐܩܝܡ,,,,Peshitta,PESH
5,Deuteronomy,29,11,Deuteronomy 29:11,12,ܥܡܟܘܢ,,,,Peshitta,PESH
5,Deuteronomy,29,11,Deuteronomy 29:11,13,ܝܘܡܢܐ,,,,Peshitta,PESH
5,Deuteronomy,29,12,Deuteronomy 29:12,1,ܡܛܠ,,,,Peshitta,PESH
5,Deuteronomy,29,12,Deuteronomy 29:12,2,ܕܢܩܝܡܟ,,,,Peshitta,PESH
5,Deuteronomy,29,12,Deuteronomy 29:12,3,ܠܗ,,,,Peshitta,PESH
5,Deuteronomy,29,12,Deuteronomy 29:12,4,ܝܘܡܢܐ,,,,Peshitta,PESH
5,Deuteronomy,29,12,Deuteronomy 29:12,5,ܥܡܐ,,,,Peshitta,PESH
5,Deuteronomy,29,12,Deuteronomy 29:12,6,ܘܗܘ,,,,Peshitta,PESH
5,Deuteronomy,29,12,Deuteronomy 29:12,7,ܢܗܘܐ,,,,Peshitta,PESH
5,Deuteronomy,29,12,Deuteronomy 29:12,8,ܠܟ,,,,Peshitta,PESH
5,Deuteronomy,29,12,Deuteronomy 29:12,9,ܐܠܗܐ,,,,Peshitta,PESH
5,Deuteronomy,29,12,Deuteronomy 29:12,10,ܐܝܟ,,,,Peshitta,PESH
5,Deuteronomy,29,12,Deuteronomy 29:12,11,ܕܐܡܪ,,,,Peshitta,PESH
5,Deuteronomy,29,12,Deuteronomy 29:12,12,ܠܟ,,,,Peshitta,PESH
5,Deuteronomy,29,12,Deuteronomy 29:12,13,ܘܐܝܟ,,,,Peshitta,PESH
5,Deuteronomy,29,12,Deuteronomy 29:12,14,ܕܝܡܐ,,,,Peshitta,PESH
5,Deuteronomy,29,12,Deuteronomy 29:12,15,ܠܐ̈ܒܗܝܟ,,,,Peshitta,PESH
5,Deuteronomy,29,12,Deuteronomy 29:12,16,ܠܐܒܪܗܡ,,,,Peshitta,PESH
5,Deuteronomy,29,12,Deuteronomy 29:12,17,ܘܠܐܝܣܚܩ,,,,Peshitta,PESH
5,Deuteronomy,29,12,Deuteronomy 29:12,18,ܘܠܝܥܩܘܒ,,,,Peshitta,PESH
5,Deuteronomy,29,13,Deuteronomy 29:13,1,ܠܐ,,,,Peshitta,PESH
5,Deuteronomy,29,13,Deuteronomy 29:13,2,ܗܘܐ,,,,Peshitta,PESH
5,Deuteronomy,29,13,Deuteronomy 29:13,3,ܥܡܟܘܢ,,,,Peshitta,PESH
5,Deuteronomy,29,13,Deuteronomy 29:13,4,ܒܠܚܘܕܝܟܘܢ,,,,Peshitta,PESH
5,Deuteronomy,29,13,Deuteronomy 29:13,5,ܡܩܝܡ,,,,Peshitta,PESH
5,Deuteronomy,29,13,Deuteronomy 29:13,6,ܐܢܐ,,,,Peshitta,PESH
5,Deuteronomy,29,13,Deuteronomy 29:13,7,ܩܝܡܐ,,,,Peshitta,PESH
5,Deuteronomy,29,13,Deuteronomy 29:13,8,ܗܢܐ,,,,Peshitta,PESH
5,Deuteronomy,29,13,Deuteronomy 29:13,9,ܐܘ,,,,Peshitta,PESH
5,Deuteronomy,29,13,Deuteronomy 29:13,10,ܡ̈ܘܡܬܐ,,,,Peshitta,PESH
5,Deuteronomy,29,13,Deuteronomy 29:13,11,ܗܕܐ,,,,Peshitta,PESH
5,Deuteronomy,29,14,Deuteronomy 29:14,1,ܐܠܐ,,,,Peshitta,PESH
5,Deuteronomy,29,14,Deuteronomy 29:14,2,ܥܡ,,,,Peshitta,PESH
5,Deuteronomy,29,14,Deuteronomy 29:14,3,ܟܠ,,,,Peshitta,PESH
5,Deuteronomy,29,14,Deuteronomy 29:14,4,ܡ̇ܢ,,,,Peshitta,PESH
5,Deuteronomy,29,14,Deuteronomy 29:14,5,ܕܗܪܟܐ,,,,Peshitta,PESH
5,Deuteronomy,29,14,Deuteronomy 29:14,6,ܗܘ,,,,Peshitta,PESH
5,Deuteronomy,29,14,Deuteronomy 29:14,7,ܘܥܡܢ,,,,Peshitta,PESH
5,Deuteronomy,29,14,Deuteronomy 29:14,8,ܩ̇ܐܡ,,,,Peshitta,PESH
5,Deuteronomy,29,14,Deuteronomy 29:14,9,ܝܘܡܢܐ,,,,Peshitta,PESH
5,Deuteronomy,29,14,Deuteronomy 29:14,10,ܩܕܡ,,,,Peshitta,PESH
5,Deuteronomy,29,14,Deuteronomy 29:14,11,ܡܪܝܐ,,,,Peshitta,PESH
5,Deuteronomy,29,14,Deuteronomy 29:14,12,ܐܠܗܢ,,,,Peshitta,PESH
5,Deuteronomy,29,14,Deuteronomy 29:14,13,ܘܥܡ,,,,Peshitta,PESH
5,Deuteronomy,29,14,Deuteronomy 29:14,14,ܟܠ,,,,Peshitta,PESH
5,Deuteronomy,29,14,Deuteronomy 29:14,15,ܡ̇ܢ,,,,Peshitta,PESH
5,Deuteronomy,29,14,Deuteronomy 29:14,16,ܕܠܐ,,,,Peshitta,PESH
5,Deuteronomy,29,14,Deuteronomy 29:14,17,ܗܘܐ,,,,Peshitta,PESH
5,Deuteronomy,29,14,Deuteronomy 29:14,18,ܥܡܢ,,,,Peshitta,PESH
5,Deuteronomy,29,14,Deuteronomy 29:14,19,ܗܪܟܐ,,,,Peshitta,PESH
5,Deuteronomy,29,14,Deuteronomy 29:14,20,ܝܘܡܢܐ,,,,Peshitta,PESH
5,Deuteronomy,29,15,Deuteronomy 29:15,1,ܡܛܠ,,,,Peshitta,PESH
5,Deuteronomy,29,15,Deuteronomy 29:15,2,ܕܐܢܬܘܢ,,,,Peshitta,PESH
5,Deuteronomy,29,15,Deuteronomy 29:15,3,ܝ̇ܕܥܝܢ,,,,Peshitta,PESH
5,Deuteronomy,29,15,Deuteronomy 29:15,4,ܐܢܬܘܢ,,,,Peshitta,PESH
5,Deuteronomy,29,15,Deuteronomy 29:15,5,ܕܥܡܪܢ,,,,Peshitta,PESH
5,Deuteronomy,29,15,Deuteronomy 29:15,6,ܒܐܪܥܐ,,,,Peshitta,PESH
5,Deuteronomy,29,15,Deuteronomy 29:15,7,ܕܡܨܪܝܢ,,,,Peshitta,PESH
5,Deuteronomy,29,15,Deuteronomy 29:15,8,ܘܥܒܪܢ,,,,Peshitta,PESH
5,Deuteronomy,29,15,Deuteronomy 29:15,9,ܒܝܬ,,,,Peshitta,PESH
5,Deuteronomy,29,15,Deuteronomy 29:15,10,ܥܡ̈ܡܐ,,,,Peshitta,PESH
5,Deuteronomy,29,15,Deuteronomy 29:15,11,ܕܥܒܪܬܘܢ,,,,Peshitta,PESH
5,Deuteronomy,29,16,Deuteronomy 29:16,1,ܘܚܙܝܬܘܢ,,,,Peshitta,PESH
5,Deuteronomy,29,16,Deuteronomy 29:16,2,ܛܢ̈ܦܘܬܗܘܢ,,,,Peshitta,PESH
5,Deuteronomy,29,16,Deuteronomy 29:16,3,ܘܕܚ̈ܠܬܗܘܢ,,,,Peshitta,PESH
5,Deuteronomy,29,16,Deuteronomy 29:16,4,ܕܩܝܣܐ,,,,Peshitta,PESH
5,Deuteronomy,29,16,Deuteronomy 29:16,5,ܘܕܟܐܦܐ,,,,Peshitta,PESH
5,Deuteronomy,29,16,Deuteronomy 29:16,6,ܘܕܣܐܡܐ,,,,Peshitta,PESH
5,Deuteronomy,29,16,Deuteronomy 29:16,7,ܘܕܕܗܒܐ,,,,Peshitta,PESH
5,Deuteronomy,29,16,Deuteronomy 29:16,8,ܕܩܪ̈ܝܡܝܢ,,,,Peshitta,PESH
5,Deuteronomy,29,17,Deuteronomy 29:17,1,ܕܠܡܐ,,,,Peshitta,PESH
5,Deuteronomy,29,17,Deuteronomy 29:17,2,ܐܝܬ,,,,Peshitta,PESH
5,Deuteronomy,29,17,Deuteronomy 29:17,3,ܒܟܘܢ,,,,Peshitta,PESH
5,Deuteronomy,29,17,Deuteronomy 29:17,4,ܓܒܪܐ,,,,Peshitta,PESH
5,Deuteronomy,29,17,Deuteronomy 29:17,5,ܐܘ,,,,Peshitta,PESH
5,Deuteronomy,29,17,Deuteronomy 29:17,6,ܐܢܬܬܐ,,,,Peshitta,PESH
5,Deuteronomy,29,17,Deuteronomy 29:17,7,ܐܘ,,,,Peshitta,PESH
5,Deuteronomy,29,17,Deuteronomy 29:17,8,ܫܪܒܬܐ,,,,Peshitta,PESH
5,Deuteronomy,29,17,Deuteronomy 29:17,9,ܐܘ,,,,Peshitta,PESH
5,Deuteronomy,29,17,Deuteronomy 29:17,10,ܫܒܛܐ,,,,Peshitta,PESH
5,Deuteronomy,29,17,Deuteronomy 29:17,11,ܕܣ̇ܛܐ,,,,Peshitta,PESH
5,Deuteronomy,29,17,Deuteronomy 29:17,12,ܠܒܗ,,,,Peshitta,PESH
5,Deuteronomy,29,17,Deuteronomy 29:17,13,ܝܘܡܢܐ,,,,Peshitta,PESH
5,Deuteronomy,29,17,Deuteronomy 29:17,14,ܡܢ,,,,Peshitta,PESH
5,Deuteronomy,29,17,Deuteronomy 29:17,15,ܡܪܝܐ,,,,Peshitta,PESH
5,Deuteronomy,29,17,Deuteronomy 29:17,16,ܐܠܗܢ,,,,Peshitta,PESH
5,Deuteronomy,29,17,Deuteronomy 29:17,17,ܠܡܐܙܠ,,,,Peshitta,PESH
5,Deuteronomy,29,17,Deuteronomy 29:17,18,ܠܡܦܠܚ,,,,Peshitta,PESH
5,Deuteronomy,29,17,Deuteronomy 29:17,19,ܠܐ̈ܠܗܐ,,,,Peshitta,PESH
5,Deuteronomy,29,17,Deuteronomy 29:17,20,ܕܥܡ̈ܡܐ,,,,Peshitta,PESH
5,Deuteronomy,29,17,Deuteronomy 29:17,21,ܗ̇ܢܘܢ,,,,Peshitta,PESH
5,Deuteronomy,29,17,Deuteronomy 29:17,22,ܕܠܡܐ,,,,Peshitta,PESH
5,Deuteronomy,29,17,Deuteronomy 29:17,23,ܐܝܬ,,,,Peshitta,PESH
5,Deuteronomy,29,17,Deuteronomy 29:17,24,ܒܟܘܢ,,,,Peshitta,PESH
5,Deuteronomy,29,17,Deuteronomy 29:17,25,ܥܩ̇ܪܐ,,,,Peshitta,PESH
5,Deuteronomy,29,17,Deuteronomy 29:17,26,ܕܡܘܥܐ,,,,Peshitta,PESH
5,Deuteronomy,29,17,Deuteronomy 29:17,27,ܡܐܪܬܐ,,,,Peshitta,PESH
5,Deuteronomy,29,17,Deuteronomy 29:17,28,ܘܓ̈ܕܕܐ,,,,Peshitta,PESH
5,Deuteronomy,29,18,Deuteronomy 29:18,1,ܘܡܐ,,,,Peshitta,PESH
5,Deuteronomy,29,18,Deuteronomy 29:18,2,ܕܫܡܥ,,,,Peshitta,PESH
5,Deuteronomy,29,18,Deuteronomy 29:18,3,ܦܬ̈ܓܡܐ,,,,Peshitta,PESH
5,Deuteronomy,29,18,Deuteronomy 29:18,4,ܕܡܘܡܬܐ,,,,Peshitta,PESH
5,Deuteronomy,29,18,Deuteronomy 29:18,5,ܗܕܐ,,,,Peshitta,PESH
5,Deuteronomy,29,18,Deuteronomy 29:18,6,ܢܬܚܫܒ,,,,Peshitta,PESH
5,Deuteronomy,29,18,Deuteronomy 29:18,7,ܒܠܒܗ,,,,Peshitta,PESH
5,Deuteronomy,29,18,Deuteronomy 29:18,8,ܘܢܐܡܪ,,,,Peshitta,PESH
5,Deuteronomy,29,18,Deuteronomy 29:18,9,ܫܠܡܐ,,,,Peshitta,PESH
5,Deuteronomy,29,18,Deuteronomy 29:18,10,ܢܗܘܐ,,,,Peshitta,PESH
5,Deuteronomy,29,18,Deuteronomy 29:18,11,ܠܝ,,,,Peshitta,PESH
5,Deuteronomy,29,18,Deuteronomy 29:18,12,ܕܒܨܒܝܢ,,,,Peshitta,PESH
5,Deuteronomy,29,18,Deuteronomy 29:18,13,ܠܒܝ,,,,Peshitta,PESH
5,Deuteronomy,29,18,Deuteronomy 29:18,14,ܐ̇ܙܠ,,,,Peshitta,PESH
5,Deuteronomy,29,18,Deuteronomy 29:18,15,ܐܢܐ,,,,Peshitta,PESH
5,Deuteronomy,29,18,Deuteronomy 29:18,16,ܕܢܘܣܦ,,,,Peshitta,PESH
5,Deuteronomy,29,18,Deuteronomy 29:18,17,ܪܘܝܘܬܐ,,,,Peshitta,PESH
5,Deuteronomy,29,18,Deuteronomy 29:18,18,ܥܠ,,,,Peshitta,PESH
5,Deuteronomy,29,18,Deuteronomy 29:18,19,ܨܗܝܘܬܐ,,,,Peshitta,PESH
5,Deuteronomy,29,19,Deuteronomy 29:19,1,ܠܐ,,,,Peshitta,PESH
5,Deuteronomy,29,19,Deuteronomy 29:19,2,ܢܨܛܒܐ,,,,Peshitta,PESH
5,Deuteronomy,29,19,Deuteronomy 29:19,3,ܡܪܝܐ,,,,Peshitta,PESH
5,Deuteronomy,29,19,Deuteronomy 29:19,4,ܠܡܫܒܩ,,,,Peshitta,PESH
5,Deuteronomy,29,19,Deuteronomy 29:19,5,ܠܗ,,,,Peshitta,PESH
5,Deuteronomy,29,19,Deuteronomy 29:19,6,ܐܠܐ,,,,Peshitta,PESH
5,Deuteronomy,29,19,Deuteronomy 29:19,7,ܗܝܕܝܢ,,,,Peshitta,PESH
5,Deuteronomy,29,19,Deuteronomy 29:19,8,ܢܥܫܢ,,,,Peshitta,PESH
5,Deuteronomy,29,19,Deuteronomy 29:19,9,ܪܘܓܙܗ,,,,Peshitta,PESH
5,Deuteronomy,29,19,Deuteronomy 29:19,10,ܕܡܪܝܐ,,,,Peshitta,PESH
5,Deuteronomy,29,19,Deuteronomy 29:19,11,ܘܛܢܢܗ,,,,Peshitta,PESH
5,Deuteronomy,29,19,Deuteronomy 29:19,12,ܒܓܒܪܐ,,,,Peshitta,PESH
5,Deuteronomy,29,19,Deuteronomy 29:19,13,ܗ̇ܘ,,,,Peshitta,PESH
5,Deuteronomy,29,19,Deuteronomy 29:19,14,ܘܬܐܬܐ,,,,Peshitta,PESH
5,Deuteronomy,29,19,Deuteronomy 29:19,15,ܥܠܘܗܝ,,,,Peshitta,PESH
5,Deuteronomy,29,19,Deuteronomy 29:19,16,ܟܠܗ̇,,,,Peshitta,PESH
5,Deuteronomy,29,19,Deuteronomy 29:19,17,ܠܘܛܬܐ,,,,Peshitta,PESH
5,Deuteronomy,29,19,Deuteronomy 29:19,18,ܕܟܬܝܒܐ,,,,Peshitta,PESH
5,Deuteronomy,29,19,Deuteronomy 29:19,19,ܒܟܬܒܐ,,,,Peshitta,PESH
5,Deuteronomy,29,19,Deuteronomy 29:19,20,ܗܢܐ,,,,Peshitta,PESH
5,Deuteronomy,29,19,Deuteronomy 29:19,21,ܘܢܥܛܐ,,,,Peshitta,PESH
5,Deuteronomy,29,19,Deuteronomy 29:19,22,ܡܪܝܐ,,,,Peshitta,PESH
5,Deuteronomy,29,19,Deuteronomy 29:19,23,ܫܡܗ,,,,Peshitta,PESH
5,Deuteronomy,29,19,Deuteronomy 29:19,24,ܡܢ,,,,Peshitta,PESH
5,Deuteronomy,29,19,Deuteronomy 29:19,25,ܬܚܝܬ,,,,Peshitta,PESH
5,Deuteronomy,29,19,Deuteronomy 29:19,26,ܫܡܝܐ,,,,Peshitta,PESH
5,Deuteronomy,29,20,Deuteronomy 29:20,1,ܘܢܦܪܫܝܘܗܝ,,,,Peshitta,PESH
5,Deuteronomy,29,20,Deuteronomy 29:20,2,ܡܪܝܐ,,,,Peshitta,PESH
5,Deuteronomy,29,20,Deuteronomy 29:20,3,ܠܒܝܫܬܐ,,,,Peshitta,PESH
5,Deuteronomy,29,20,Deuteronomy 29:20,4,ܡܢ,,,,Peshitta,PESH
5,Deuteronomy,29,20,Deuteronomy 29:20,5,ܟܠܗܘܢ,,,,Peshitta,PESH
5,Deuteronomy,29,20,Deuteronomy 29:20,6,ܫ̈ܒܛܐ,,,,Peshitta,PESH
5,Deuteronomy,29,20,Deuteronomy 29:20,7,ܕܐܝܣܪܝܠ,,,,Peshitta,PESH
5,Deuteronomy,29,20,Deuteronomy 29:20,8,ܐܝܟ,,,,Peshitta,PESH
5,Deuteronomy,29,20,Deuteronomy 29:20,9,ܟܠܗܝܢ,,,,Peshitta,PESH
5,Deuteronomy,29,20,Deuteronomy 29:20,10,ܠܘ̈ܛܬܐ,,,,Peshitta,PESH
5,Deuteronomy,29,20,Deuteronomy 29:20,11,ܕܩܝܡܐ,,,,Peshitta,PESH
5,Deuteronomy,29,20,Deuteronomy 29:20,12,ܕܟܬ̈ܝܒܢ,,,,Peshitta,PESH
5,Deuteronomy,29,20,Deuteronomy 29:20,13,ܒܟܬܒܐ,,,,Peshitta,PESH
5,Deuteronomy,29,20,Deuteronomy 29:20,14,ܕܢܡܘܣܐ,,,,Peshitta,PESH
5,Deuteronomy,29,20,Deuteronomy 29:20,15,ܗܢܐ,,,,Peshitta,PESH
5,Deuteronomy,29,21,Deuteronomy 29:21,1,ܘܢܐܡܪ,,,,Peshitta,PESH
5,Deuteronomy,29,21,Deuteronomy 29:21,2,ܕܪܐ,,,,Peshitta,PESH
5,Deuteronomy,29,21,Deuteronomy 29:21,3,ܐܚܪܢܐ,,,,Peshitta,PESH
5,Deuteronomy,29,21,Deuteronomy 29:21,4,ܒܢ̈ܝܟܘܢ,,,,Peshitta,PESH
5,Deuteronomy,29,21,Deuteronomy 29:21,5,ܕܢܩܘܡܘܢ,,,,Peshitta,PESH
5,Deuteronomy,29,21,Deuteronomy 29:21,6,ܒܬܪܟܘܢ,,,,Peshitta,PESH
5,Deuteronomy,29,21,Deuteronomy 29:21,7,ܘܢܘܟܪ̈ܝܐ,,,,Peshitta,PESH
5,Deuteronomy,29,21,Deuteronomy 29:21,8,ܕܢܐܬܘܢ,,,,Peshitta,PESH
5,Deuteronomy,29,21,Deuteronomy 29:21,9,ܡܢ,,,,Peshitta,PESH
5,Deuteronomy,29,21,Deuteronomy 29:21,10,ܐܪܥܐ,,,,Peshitta,PESH
5,Deuteronomy,29,21,Deuteronomy 29:21,11,ܪܚܝܩܬܐ,,,,Peshitta,PESH
5,Deuteronomy,29,21,Deuteronomy 29:21,12,ܘܢܚܙܘܢ,,,,Peshitta,PESH
5,Deuteronomy,29,21,Deuteronomy 29:21,13,ܡܚ̈ܘܬܗ̇,,,,Peshitta,PESH
5,Deuteronomy,29,21,Deuteronomy 29:21,14,ܕܐܪܥܐ,,,,Peshitta,PESH
5,Deuteronomy,29,21,Deuteronomy 29:21,15,ܗ̇ܝ,,,,Peshitta,PESH
5,Deuteronomy,29,21,Deuteronomy 29:21,16,ܘܟܘܪ̈ܗܢܝܗ̇,,,,Peshitta,PESH
5,Deuteronomy,29,21,Deuteronomy 29:21,17,ܕܐܝܬܝ,,,,Peshitta,PESH
5,Deuteronomy,29,21,Deuteronomy 29:21,18,ܡܪܝܐ,,,,Peshitta,PESH
5,Deuteronomy,29,21,Deuteronomy 29:21,19,ܥܠܝܗ̇,,,,Peshitta,PESH
5,Deuteronomy,29,22,Deuteronomy 29:22,1,ܟܒܪܝܬܐ,,,,Peshitta,PESH
5,Deuteronomy,29,22,Deuteronomy 29:22,2,ܘܡܠܚܐ,,,,Peshitta,PESH
5,Deuteronomy,29,22,Deuteronomy 29:22,3,ܝܩܝܕܬܐ,,,,Peshitta,PESH
5,Deuteronomy,29,22,Deuteronomy 29:22,4,ܟܠܗ̇,,,,Peshitta,PESH
5,Deuteronomy,29,22,Deuteronomy 29:22,5,ܐܪܥܐ,,,,Peshitta,PESH
5,Deuteronomy,29,22,Deuteronomy 29:22,6,ܠܐ,,,,Peshitta,PESH
5,Deuteronomy,29,22,Deuteronomy 29:22,7,ܬܙܕܪܥ,,,,Peshitta,PESH
5,Deuteronomy,29,22,Deuteronomy 29:22,8,ܘܠܐ,,,,Peshitta,PESH
5,Deuteronomy,29,22,Deuteronomy 29:22,9,ܬܘܥܐ,,,,Peshitta,PESH
5,Deuteronomy,29,22,Deuteronomy 29:22,10,ܘܠܐ,,,,Peshitta,PESH
5,Deuteronomy,29,22,Deuteronomy 29:22,11,ܢܣܩ,,,,Peshitta,PESH
5,Deuteronomy,29,22,Deuteronomy 29:22,12,ܒܗ̇,,,,Peshitta,PESH
5,Deuteronomy,29,22,Deuteronomy 29:22,13,ܟܠ,,,,Peshitta,PESH
5,Deuteronomy,29,22,Deuteronomy 29:22,14,ܥܣܒ,,,,Peshitta,PESH
5,Deuteronomy,29,22,Deuteronomy 29:22,15,ܐܠܐ,,,,Peshitta,PESH
5,Deuteronomy,29,22,Deuteronomy 29:22,16,ܬܗܘܐ,,,,Peshitta,PESH
5,Deuteronomy,29,22,Deuteronomy 29:22,17,ܐܝܟ,,,,Peshitta,PESH
5,Deuteronomy,29,22,Deuteronomy 29:22,18,ܣܕܘܡ,,,,Peshitta,PESH
5,Deuteronomy,29,22,Deuteronomy 29:22,19,ܘܐܝܟ,,,,Peshitta,PESH
5,Deuteronomy,29,22,Deuteronomy 29:22,20,ܥܡܘܪܐ,,,,Peshitta,PESH
5,Deuteronomy,29,22,Deuteronomy 29:22,21,ܘܐܝܟ,,,,Peshitta,PESH
5,Deuteronomy,29,22,Deuteronomy 29:22,22,ܐܕܡܐ,,,,Peshitta,PESH
5,Deuteronomy,29,22,Deuteronomy 29:22,23,ܘܐܝܟ,,,,Peshitta,PESH
5,Deuteronomy,29,22,Deuteronomy 29:22,24,ܨܒܘܐܝܡ,,,,Peshitta,PESH
5,Deuteronomy,29,22,Deuteronomy 29:22,25,ܕܗܦܟ,,,,Peshitta,PESH
5,Deuteronomy,29,22,Deuteronomy 29:22,26,ܐ̈ܢܝܢ,,,,Peshitta,PESH
5,Deuteronomy,29,22,Deuteronomy 29:22,27,ܡܪܝܐ,,,,Peshitta,PESH
5,Deuteronomy,29,22,Deuteronomy 29:22,28,ܒܪܘܓܙܗ,,,,Peshitta,PESH
5,Deuteronomy,29,22,Deuteronomy 29:22,29,ܘܒܚܡܬܗ,,,,Peshitta,PESH
5,Deuteronomy,29,23,Deuteronomy 29:23,1,ܘܢܐܡܪܘܢ,,,,Peshitta,PESH
5,Deuteronomy,29,23,Deuteronomy 29:23,2,ܟܠܗܘܢ,,,,Peshitta,PESH
5,Deuteronomy,29,23,Deuteronomy 29:23,3,ܥܡ̈ܡܐ,,,,Peshitta,PESH
5,Deuteronomy,29,23,Deuteronomy 29:23,4,ܥܠ,,,,Peshitta,PESH
5,Deuteronomy,29,23,Deuteronomy 29:23,5,ܡܢܐ,,,,Peshitta,PESH
5,Deuteronomy,29,23,Deuteronomy 29:23,6,ܥܒܕ,,,,Peshitta,PESH
5,Deuteronomy,29,23,Deuteronomy 29:23,7,ܡܪܝܐ,,,,Peshitta,PESH
5,Deuteronomy,29,23,Deuteronomy 29:23,8,ܗܟܢܐ,,,,Peshitta,PESH
5,Deuteronomy,29,23,Deuteronomy 29:23,9,ܠܐܪܥܐ,,,,Peshitta,PESH
5,Deuteronomy,29,23,Deuteronomy 29:23,10,ܗܕܐ,,,,Peshitta,PESH
5,Deuteronomy,29,23,Deuteronomy 29:23,11,ܘܥܠ,,,,Peshitta,PESH
5,Deuteronomy,29,23,Deuteronomy 29:23,12,ܡܢܐ,,,,Peshitta,PESH
5,Deuteronomy,29,23,Deuteronomy 29:23,13,ܐܬܚܡܬ,,,,Peshitta,PESH
5,Deuteronomy,29,23,Deuteronomy 29:23,14,ܪܘܓܙܗ,,,,Peshitta,PESH
5,Deuteronomy,29,23,Deuteronomy 29:23,15,ܗܢܐ,,,,Peshitta,PESH
5,Deuteronomy,29,23,Deuteronomy 29:23,16,ܪܒܐ,,,,Peshitta,PESH
5,Deuteronomy,29,24,Deuteronomy 29:24,1,ܘܢܐܡܪܘܢ,,,,Peshitta,PESH
5,Deuteronomy,29,24,Deuteronomy 29:24,2,ܥܠ,,,,Peshitta,PESH
5,Deuteronomy,29,24,Deuteronomy 29:24,3,ܕܫܒܩܘ,,,,Peshitta,PESH
5,Deuteronomy,29,24,Deuteronomy 29:24,4,ܩܝܡܗ,,,,Peshitta,PESH
5,Deuteronomy,29,24,Deuteronomy 29:24,5,ܕܡܪܝܐ,,,,Peshitta,PESH
5,Deuteronomy,29,24,Deuteronomy 29:24,6,ܐܠܗܐ,,,,Peshitta,PESH
5,Deuteronomy,29,24,Deuteronomy 29:24,7,ܕܐ̈ܒܗܝܗܘܢ,,,,Peshitta,PESH
5,Deuteronomy,29,24,Deuteronomy 29:24,8,ܕܐܩܝܡ,,,,Peshitta,PESH
5,Deuteronomy,29,24,Deuteronomy 29:24,9,ܥܡܗܘܢ,,,,Peshitta,PESH
5,Deuteronomy,29,24,Deuteronomy 29:24,10,ܟܕ,,,,Peshitta,PESH
5,Deuteronomy,29,24,Deuteronomy 29:24,11,ܐܦܩ,,,,Peshitta,PESH
5,Deuteronomy,29,24,Deuteronomy 29:24,12,ܐܢܘܢ,,,,Peshitta,PESH
5,Deuteronomy,29,24,Deuteronomy 29:24,13,ܡܢ,,,,Peshitta,PESH
5,Deuteronomy,29,24,Deuteronomy 29:24,14,ܐܪܥܐ,,,,Peshitta,PESH
5,Deuteronomy,29,24,Deuteronomy 29:24,15,ܕܡܨܪܝܢ,,,,Peshitta,PESH
5,Deuteronomy,29,25,Deuteronomy 29:25,1,ܘܐܙܠܘ,,,,Peshitta,PESH
5,Deuteronomy,29,25,Deuteronomy 29:25,2,ܘܦܠܚܘ,,,,Peshitta,PESH
5,Deuteronomy,29,25,Deuteronomy 29:25,3,ܠܐ̈ܠܗܐ,,,,Peshitta,PESH
5,Deuteronomy,29,25,Deuteronomy 29:25,4,ܐܚܪ̈ܢܐ,,,,Peshitta,PESH
5,Deuteronomy,29,25,Deuteronomy 29:25,5,ܘܣܓܕܘ,,,,Peshitta,PESH
5,Deuteronomy,29,25,Deuteronomy 29:25,6,ܠܗܘܢ,,,,Peshitta,PESH
5,Deuteronomy,29,25,Deuteronomy 29:25,7,ܐ̈ܠܗܐ,,,,Peshitta,PESH
5,Deuteronomy,29,25,Deuteronomy 29:25,8,ܕܠܐ,,,,Peshitta,PESH
5,Deuteronomy,29,25,Deuteronomy 29:25,9,ܝܕܥܘ,,,,Peshitta,PESH
5,Deuteronomy,29,25,Deuteronomy 29:25,10,ܐܢܘܢ,,,,Peshitta,PESH
5,Deuteronomy,29,25,Deuteronomy 29:25,11,ܘܠܐ,,,,Peshitta,PESH
5,Deuteronomy,29,25,Deuteronomy 29:25,12,ܐܬܦܠܓܘ,,,,Peshitta,PESH
5,Deuteronomy,29,25,Deuteronomy 29:25,13,ܠܗܘܢ,,,,Peshitta,PESH
5,Deuteronomy,29,26,Deuteronomy 29:26,1,ܘܐܬܚܡܬ,,,,Peshitta,PESH
5,Deuteronomy,29,26,Deuteronomy 29:26,2,ܪܘܓܙܗ,,,,Peshitta,PESH
5,Deuteronomy,29,26,Deuteronomy 29:26,3,ܕܡܪܝܐ,,,,Peshitta,PESH
5,Deuteronomy,29,26,Deuteronomy 29:26,4,ܥܠ,,,,Peshitta,PESH
5,Deuteronomy,29,26,Deuteronomy 29:26,5,ܐܪܥܐ,,,,Peshitta,PESH
5,Deuteronomy,29,26,Deuteronomy 29:26,6,ܗ̇ܝ,,,,Peshitta,PESH
5,Deuteronomy,29,26,Deuteronomy 29:26,7,ܕܢܝܬܐ,,,,Peshitta,PESH
5,Deuteronomy,29,26,Deuteronomy 29:26,8,ܥܠܝܗ̇,,,,Peshitta,PESH
5,Deuteronomy,29,26,Deuteronomy 29:26,9,ܟܠܗܝܢ,,,,Peshitta,PESH
5,Deuteronomy,29,26,Deuteronomy 29:26,10,ܠܘ̈ܛܬܐ,,,,Peshitta,PESH
5,Deuteronomy,29,26,Deuteronomy 29:26,11,ܕܟܬ̈ܝܒܢ,,,,Peshitta,PESH
5,Deuteronomy,29,26,Deuteronomy 29:26,12,ܒܟܬܒܐ,,,,Peshitta,PESH
5,Deuteronomy,29,26,Deuteronomy 29:26,13,ܗܢܐ,,,,Peshitta,PESH
5,Deuteronomy,29,27,Deuteronomy 29:27,1,ܘܢܥܩܘܪ,,,,Peshitta,PESH
5,Deuteronomy,29,27,Deuteronomy 29:27,2,ܐܢܘܢ,,,,Peshitta,PESH
5,Deuteronomy,29,27,Deuteronomy 29:27,3,ܡܪܝܐ,,,,Peshitta,PESH
5,Deuteronomy,29,27,Deuteronomy 29:27,4,ܡܢ,,,,Peshitta,PESH
5,Deuteronomy,29,27,Deuteronomy 29:27,5,ܐܪܥܗܘܢ,,,,Peshitta,PESH
5,Deuteronomy,29,27,Deuteronomy 29:27,6,ܒܪܘܓܙܐ,,,,Peshitta,PESH
5,Deuteronomy,29,27,Deuteronomy 29:27,7,ܘܒܚܡܬܐ,,,,Peshitta,PESH
5,Deuteronomy,29,27,Deuteronomy 29:27,8,ܘܒܪܘܓܙܐ,,,,Peshitta,PESH
5,Deuteronomy,29,27,Deuteronomy 29:27,9,ܪܒܐ,,,,Peshitta,PESH
5,Deuteronomy,29,27,Deuteronomy 29:27,10,ܘܢܫܕܐ,,,,Peshitta,PESH
5,Deuteronomy,29,27,Deuteronomy 29:27,11,ܐܢܘܢ,,,,Peshitta,PESH
5,Deuteronomy,29,27,Deuteronomy 29:27,12,ܠܐܪܥܐ,,,,Peshitta,PESH
5,Deuteronomy,29,27,Deuteronomy 29:27,13,ܐܚܪܬܐ,,,,Peshitta,PESH
5,Deuteronomy,29,27,Deuteronomy 29:27,14,ܐܝܟ,,,,Peshitta,PESH
5,Deuteronomy,29,27,Deuteronomy 29:27,15,ܕܝܘܡܢܐ,,,,Peshitta,PESH
5,Deuteronomy,29,28,Deuteronomy 29:28,1,ܣܬܝܪ̈ܬܐ,,,,Peshitta,PESH
5,Deuteronomy,29,28,Deuteronomy 29:28,2,ܕܡܪܝܐ,,,,Peshitta,PESH
5,Deuteronomy,29,28,Deuteronomy 29:28,3,ܐ̈ܢܝܢ,,,,Peshitta,PESH
5,Deuteronomy,29,28,Deuteronomy 29:28,4,ܐܠܗܢ,,,,Peshitta,PESH
5,Deuteronomy,29,28,Deuteronomy 29:28,5,ܘܓ̈ܠܝܬܐ,,,,Peshitta,PESH
5,Deuteronomy,29,28,Deuteronomy 29:28,6,ܕܝܠܢ,,,,Peshitta,PESH
5,Deuteronomy,29,28,Deuteronomy 29:28,7,ܘܕܒܢ̈ܝܢ,,,,Peshitta,PESH
5,Deuteronomy,29,28,Deuteronomy 29:28,8,ܠܥܠܡ,,,,Peshitta,PESH
5,Deuteronomy,29,28,Deuteronomy 29:28,9,ܕܢ̇ܛܪ,,,,Peshitta,PESH
5,Deuteronomy,29,28,Deuteronomy 29:28,10,ܘܢܥܒܕ,,,,Peshitta,PESH
5,Deuteronomy,29,28,Deuteronomy 29:28,11,ܟܠܗܘܢ,,,,Peshitta,PESH
5,Deuteronomy,29,28,Deuteronomy 29:28,12,ܦܬ̈ܓܡܘܗܝ,,,,Peshitta,PESH
5,Deuteronomy,29,28,Deuteronomy 29:28,13,ܕܢܡܘܣܐ,,,,Peshitta,PESH
5,Deuteronomy,29,28,Deuteronomy 29:28,14,ܗܢܐ,,,,Peshitta,PESH
5,Deuteronomy,30,1,Deuteronomy 30:1,1,ܘܢܗܘܐ,,,,Peshitta,PESH
5,Deuteronomy,30,1,Deuteronomy 30:1,2,ܕܟܕ,,,,Peshitta,PESH
5,Deuteronomy,30,1,Deuteronomy 30:1,3,ܢܐܬܘܢ,,,,Peshitta,PESH
5,Deuteronomy,30,1,Deuteronomy 30:1,4,ܥܠܝܟ,,,,Peshitta,PESH
5,Deuteronomy,30,1,Deuteronomy 30:1,5,ܗܠܝܢ,,,,Peshitta,PESH
5,Deuteronomy,30,1,Deuteronomy 30:1,6,ܟܠܗܘܢ,,,,Peshitta,PESH
5,Deuteronomy,30,1,Deuteronomy 30:1,7,ܦܬ̈ܓܡܐ,,,,Peshitta,PESH
5,Deuteronomy,30,1,Deuteronomy 30:1,8,ܒܘܪ̈ܟܬܐ,,,,Peshitta,PESH
5,Deuteronomy,30,1,Deuteronomy 30:1,9,ܘܠܘ̈ܛܬܐ,,,,Peshitta,PESH
5,Deuteronomy,30,1,Deuteronomy 30:1,10,ܕܝܗ̇ܒܬ,,,,Peshitta,PESH
5,Deuteronomy,30,1,Deuteronomy 30:1,11,ܩܕܡܝܟ,,,,Peshitta,PESH
5,Deuteronomy,30,1,Deuteronomy 30:1,12,ܘܬܬܚܫܒ,,,,Peshitta,PESH
5,Deuteronomy,30,1,Deuteronomy 30:1,13,ܒܠܒܟ,,,,Peshitta,PESH
5,Deuteronomy,30,1,Deuteronomy 30:1,14,ܒܟܠܗܘܢ,,,,Peshitta,PESH
5,Deuteronomy,30,1,Deuteronomy 30:1,15,ܥܡ̈ܡܐ,,,,Peshitta,PESH
5,Deuteronomy,30,1,Deuteronomy 30:1,16,ܕܢܒܕܪܟ,,,,Peshitta,PESH
5,Deuteronomy,30,1,Deuteronomy 30:1,17,ܡܪܝܐ,,,,Peshitta,PESH
5,Deuteronomy,30,1,Deuteronomy 30:1,18,ܐܠܗܟ,,,,Peshitta,PESH
5,Deuteronomy,30,1,Deuteronomy 30:1,19,ܠܬܡܢ,,,,Peshitta,PESH
5,Deuteronomy,30,2,Deuteronomy 30:2,1,ܘܬܬܦܢܐ,,,,Peshitta,PESH
5,Deuteronomy,30,2,Deuteronomy 30:2,2,ܠܘܬ,,,,Peshitta,PESH
5,Deuteronomy,30,2,Deuteronomy 30:2,3,ܡܪܝܐ,,,,Peshitta,PESH
5,Deuteronomy,30,2,Deuteronomy 30:2,4,ܐܠܗܟ,,,,Peshitta,PESH
5,Deuteronomy,30,2,Deuteronomy 30:2,5,ܘܬܫܡܥ,,,,Peshitta,PESH
5,Deuteronomy,30,2,Deuteronomy 30:2,6,ܒܩܠܗ,,,,Peshitta,PESH
5,Deuteronomy,30,2,Deuteronomy 30:2,7,ܐܝܟ,,,,Peshitta,PESH
5,Deuteronomy,30,2,Deuteronomy 30:2,8,ܟܠ,,,,Peshitta,PESH
5,Deuteronomy,30,2,Deuteronomy 30:2,9,ܡܕܡ,,,,Peshitta,PESH
5,Deuteronomy,30,2,Deuteronomy 30:2,10,ܕܡܦܩܕ,,,,Peshitta,PESH
5,Deuteronomy,30,2,Deuteronomy 30:2,11,ܐܢܐ,,,,Peshitta,PESH
5,Deuteronomy,30,2,Deuteronomy 30:2,12,ܠܟ,,,,Peshitta,PESH
5,Deuteronomy,30,2,Deuteronomy 30:2,13,ܝܘܡܢܐ,,,,Peshitta,PESH
5,Deuteronomy,30,2,Deuteronomy 30:2,14,ܐܢܬ,,,,Peshitta,PESH
5,Deuteronomy,30,2,Deuteronomy 30:2,15,ܘܒܢ̈ܝܟ,,,,Peshitta,PESH
5,Deuteronomy,30,2,Deuteronomy 30:2,16,ܡܢ,,,,Peshitta,PESH
5,Deuteronomy,30,2,Deuteronomy 30:2,17,ܟܠܗ,,,,Peshitta,PESH
5,Deuteronomy,30,2,Deuteronomy 30:2,18,ܠܒܟ,,,,Peshitta,PESH
5,Deuteronomy,30,2,Deuteronomy 30:2,19,ܘܡܢ,,,,Peshitta,PESH
5,Deuteronomy,30,2,Deuteronomy 30:2,20,ܟܠܗ̇,,,,Peshitta,PESH
5,Deuteronomy,30,2,Deuteronomy 30:2,21,ܢܦܫܟ,,,,Peshitta,PESH
5,Deuteronomy,30,3,Deuteronomy 30:3,1,ܢܗܦܟ,,,,Peshitta,PESH
5,Deuteronomy,30,3,Deuteronomy 30:3,2,ܡܪܝܐ,,,,Peshitta,PESH
5,Deuteronomy,30,3,Deuteronomy 30:3,3,ܐܠܗܟ,,,,Peshitta,PESH
5,Deuteronomy,30,3,Deuteronomy 30:3,4,ܫܒܝܬܟ,,,,Peshitta,PESH
5,Deuteronomy,30,3,Deuteronomy 30:3,5,ܘܢܪܚܡ,,,,Peshitta,PESH
5,Deuteronomy,30,3,Deuteronomy 30:3,6,ܥܠܝܟ,,,,Peshitta,PESH
5,Deuteronomy,30,3,Deuteronomy 30:3,7,ܘܢܬܘܒ,,,,Peshitta,PESH
5,Deuteronomy,30,3,Deuteronomy 30:3,8,ܘܢܟܢܫܟ,,,,Peshitta,PESH
5,Deuteronomy,30,3,Deuteronomy 30:3,9,ܡܢ,,,,Peshitta,PESH
5,Deuteronomy,30,3,Deuteronomy 30:3,10,ܟܠܗܘܢ,,,,Peshitta,PESH
5,Deuteronomy,30,3,Deuteronomy 30:3,11,ܥܡ̈ܡܐ,,,,Peshitta,PESH
5,Deuteronomy,30,3,Deuteronomy 30:3,12,ܕܒܕܪܟ,,,,Peshitta,PESH
5,Deuteronomy,30,3,Deuteronomy 30:3,13,ܒܗܘܢ,,,,Peshitta,PESH
5,Deuteronomy,30,3,Deuteronomy 30:3,14,ܡܪܝܐ,,,,Peshitta,PESH
5,Deuteronomy,30,3,Deuteronomy 30:3,15,ܐܠܗܟ,,,,Peshitta,PESH
5,Deuteronomy,30,4,Deuteronomy 30:4,1,ܘܐܢ,,,,Peshitta,PESH
5,Deuteronomy,30,4,Deuteronomy 30:4,2,ܢܗܘܘܢ,,,,Peshitta,PESH
5,Deuteronomy,30,4,Deuteronomy 30:4,3,ܡܒܕܪ̈ܝܟ,,,,Peshitta,PESH
5,Deuteronomy,30,4,Deuteronomy 30:4,4,ܐܝܣܪܝܠ,,,,Peshitta,PESH
5,Deuteronomy,30,4,Deuteronomy 30:4,5,ܪ̈ܚܝܩܝܢ,,,,Peshitta,PESH
5,Deuteronomy,30,4,Deuteronomy 30:4,6,ܒܣܘ̈ܦܝ,,,,Peshitta,PESH
5,Deuteronomy,30,4,Deuteronomy 30:4,7,ܫܡܝܐ,,,,Peshitta,PESH
5,Deuteronomy,30,4,Deuteronomy 30:4,8,ܡܢ,,,,Peshitta,PESH
5,Deuteronomy,30,4,Deuteronomy 30:4,9,ܬܡܢ,,,,Peshitta,PESH
5,Deuteronomy,30,4,Deuteronomy 30:4,10,ܢܟܢܫܟ,,,,Peshitta,PESH
5,Deuteronomy,30,4,Deuteronomy 30:4,11,ܡܪܝܐ,,,,Peshitta,PESH
5,Deuteronomy,30,4,Deuteronomy 30:4,12,ܐܠܗܟ,,,,Peshitta,PESH
5,Deuteronomy,30,4,Deuteronomy 30:4,13,ܘܡܢ,,,,Peshitta,PESH
5,Deuteronomy,30,4,Deuteronomy 30:4,14,ܬܡܢ,,,,Peshitta,PESH
5,Deuteronomy,30,4,Deuteronomy 30:4,15,ܢܩܪܒܟ,,,,Peshitta,PESH
5,Deuteronomy,30,5,Deuteronomy 30:5,1,ܘܢܝܬܝܟ,,,,Peshitta,PESH
5,Deuteronomy,30,5,Deuteronomy 30:5,2,ܡܪܝܐ,,,,Peshitta,PESH
5,Deuteronomy,30,5,Deuteronomy 30:5,3,ܐܠܗܟ,,,,Peshitta,PESH
5,Deuteronomy,30,5,Deuteronomy 30:5,4,ܠܐܪܥܐ,,,,Peshitta,PESH
5,Deuteronomy,30,5,Deuteronomy 30:5,5,ܕܝܪܬܘ,,,,Peshitta,PESH
5,Deuteronomy,30,5,Deuteronomy 30:5,6,ܐ̈ܒܗܝܟ,,,,Peshitta,PESH
5,Deuteronomy,30,5,Deuteronomy 30:5,7,ܘܬܐܪܬܝܗ̇,,,,Peshitta,PESH
5,Deuteronomy,30,5,Deuteronomy 30:5,8,ܘܢܛܐܒ,,,,Peshitta,PESH
5,Deuteronomy,30,5,Deuteronomy 30:5,9,ܠܟ,,,,Peshitta,PESH
5,Deuteronomy,30,5,Deuteronomy 30:5,10,ܘܢܣܓܝܟ,,,,Peshitta,PESH
5,Deuteronomy,30,5,Deuteronomy 30:5,11,ܛܒ,,,,Peshitta,PESH
5,Deuteronomy,30,5,Deuteronomy 30:5,12,ܡܢ,,,,Peshitta,PESH
5,Deuteronomy,30,5,Deuteronomy 30:5,13,ܐ̈ܒܗܝܟ,,,,Peshitta,PESH
5,Deuteronomy,30,6,Deuteronomy 30:6,1,ܘܢܓܙܘܪ,,,,Peshitta,PESH
5,Deuteronomy,30,6,Deuteronomy 30:6,2,ܡܪܝܐ,,,,Peshitta,PESH
5,Deuteronomy,30,6,Deuteronomy 30:6,3,ܐܠܗܟ,,,,Peshitta,PESH
5,Deuteronomy,30,6,Deuteronomy 30:6,4,ܠܒܟ,,,,Peshitta,PESH
5,Deuteronomy,30,6,Deuteronomy 30:6,5,ܘܠܒܐ,,,,Peshitta,PESH
5,Deuteronomy,30,6,Deuteronomy 30:6,6,ܕܙܪܥܟ,,,,Peshitta,PESH
5,Deuteronomy,30,6,Deuteronomy 30:6,7,ܠܥܠܡ,,,,Peshitta,PESH
5,Deuteronomy,30,6,Deuteronomy 30:6,8,ܘܬܪܚܡ,,,,Peshitta,PESH
5,Deuteronomy,30,6,Deuteronomy 30:6,9,ܠܡܪܝܐ,,,,Peshitta,PESH
5,Deuteronomy,30,6,Deuteronomy 30:6,10,ܐܠܗܟ,,,,Peshitta,PESH
5,Deuteronomy,30,6,Deuteronomy 30:6,11,ܡܢ,,,,Peshitta,PESH
5,Deuteronomy,30,6,Deuteronomy 30:6,12,ܟܠܗ,,,,Peshitta,PESH
5,Deuteronomy,30,6,Deuteronomy 30:6,13,ܠܒܟ,,,,Peshitta,PESH
5,Deuteronomy,30,6,Deuteronomy 30:6,14,ܘܡܢ,,,,Peshitta,PESH
5,Deuteronomy,30,6,Deuteronomy 30:6,15,ܟܠܗ̇,,,,Peshitta,PESH
5,Deuteronomy,30,6,Deuteronomy 30:6,16,ܢܦܫܟ,,,,Peshitta,PESH
5,Deuteronomy,30,6,Deuteronomy 30:6,17,ܡܛܠ,,,,Peshitta,PESH
5,Deuteronomy,30,6,Deuteronomy 30:6,18,ܕܢܚܝܟ,,,,Peshitta,PESH
5,Deuteronomy,30,7,Deuteronomy 30:7,1,ܘܢܬܠ,,,,Peshitta,PESH
5,Deuteronomy,30,7,Deuteronomy 30:7,2,ܡܪܝܐ,,,,Peshitta,PESH
5,Deuteronomy,30,7,Deuteronomy 30:7,3,ܐܠܗܟ,,,,Peshitta,PESH
5,Deuteronomy,30,7,Deuteronomy 30:7,4,ܟܠܗܝܢ,,,,Peshitta,PESH
5,Deuteronomy,30,7,Deuteronomy 30:7,5,ܗܠܝܢ,,,,Peshitta,PESH
5,Deuteronomy,30,7,Deuteronomy 30:7,6,ܠܘ̈ܛܬܐ,,,,Peshitta,PESH
5,Deuteronomy,30,7,Deuteronomy 30:7,7,ܥܠ,,,,Peshitta,PESH
5,Deuteronomy,30,7,Deuteronomy 30:7,8,ܒ̈ܥܠܕܒܒܝܟ,,,,Peshitta,PESH
5,Deuteronomy,30,7,Deuteronomy 30:7,9,ܘܥܠ,,,,Peshitta,PESH
5,Deuteronomy,30,7,Deuteronomy 30:7,10,ܣܢܐ̈ܝܟ,,,,Peshitta,PESH
5,Deuteronomy,30,7,Deuteronomy 30:7,11,ܕܪܕܦܘܟ,,,,Peshitta,PESH
5,Deuteronomy,30,8,Deuteronomy 30:8,1,ܘܐܢܬ,,,,Peshitta,PESH
5,Deuteronomy,30,8,Deuteronomy 30:8,2,ܬܬܦܢܐ,,,,Peshitta,PESH
5,Deuteronomy,30,8,Deuteronomy 30:8,3,ܘܬܫܡܥ,,,,Peshitta,PESH
5,Deuteronomy,30,8,Deuteronomy 30:8,4,ܒܩܠܗ,,,,Peshitta,PESH
5,Deuteronomy,30,8,Deuteronomy 30:8,5,ܕܡܪܝܐ,,,,Peshitta,PESH
5,Deuteronomy,30,8,Deuteronomy 30:8,6,ܐܠܗܟ,,,,Peshitta,PESH
5,Deuteronomy,30,8,Deuteronomy 30:8,7,ܘܬܥܒܕ,,,,Peshitta,PESH
5,Deuteronomy,30,8,Deuteronomy 30:8,8,ܟܠܗܘܢ,,,,Peshitta,PESH
5,Deuteronomy,30,8,Deuteronomy 30:8,9,ܦܘܩ̈ܕܢܘܗܝ,,,,Peshitta,PESH
5,Deuteronomy,30,8,Deuteronomy 30:8,10,ܕܡܦܩܕ,,,,Peshitta,PESH
5,Deuteronomy,30,8,Deuteronomy 30:8,11,ܐܢܐ,,,,Peshitta,PESH
5,Deuteronomy,30,8,Deuteronomy 30:8,12,ܠܟ,,,,Peshitta,PESH
5,Deuteronomy,30,8,Deuteronomy 30:8,13,ܝܘܡܢܐ,,,,Peshitta,PESH
5,Deuteronomy,30,9,Deuteronomy 30:9,1,ܘܢܘܬܪܟ,,,,Peshitta,PESH
5,Deuteronomy,30,9,Deuteronomy 30:9,2,ܡܪܝܐ,,,,Peshitta,PESH
5,Deuteronomy,30,9,Deuteronomy 30:9,3,ܐܠܗܟ,,,,Peshitta,PESH
5,Deuteronomy,30,9,Deuteronomy 30:9,4,ܒܟܠܗ,,,,Peshitta,PESH
5,Deuteronomy,30,9,Deuteronomy 30:9,5,ܥܒ̇ܕܐ,,,,Peshitta,PESH
5,Deuteronomy,30,9,Deuteronomy 30:9,6,ܕܐ̈ܝܕܝܟ,,,,Peshitta,PESH
5,Deuteronomy,30,9,Deuteronomy 30:9,7,ܒܦܐܪ̈ܐ,,,,Peshitta,PESH
5,Deuteronomy,30,9,Deuteronomy 30:9,8,ܕܟܪܣܟ,,,,Peshitta,PESH
5,Deuteronomy,30,9,Deuteronomy 30:9,9,ܘܒܝܠܕܐ,,,,Peshitta,PESH
5,Deuteronomy,30,9,Deuteronomy 30:9,10,ܕܒܥܝܪ̈ܟ,,,,Peshitta,PESH
5,Deuteronomy,30,9,Deuteronomy 30:9,11,ܘܒܦܐܪ̈ܐ,,,,Peshitta,PESH
5,Deuteronomy,30,9,Deuteronomy 30:9,12,ܕܐܪܥܟ,,,,Peshitta,PESH
5,Deuteronomy,30,9,Deuteronomy 30:9,13,ܠܛܒܬܐ,,,,Peshitta,PESH
5,Deuteronomy,30,9,Deuteronomy 30:9,14,ܡܛܠ,,,,Peshitta,PESH
5,Deuteronomy,30,9,Deuteronomy 30:9,15,ܕܢܬܦܢܐ,,,,Peshitta,PESH
5,Deuteronomy,30,9,Deuteronomy 30:9,16,ܡܪܝܐ,,,,Peshitta,PESH
5,Deuteronomy,30,9,Deuteronomy 30:9,17,ܠܡܚܕܐ,,,,Peshitta,PESH
5,Deuteronomy,30,9,Deuteronomy 30:9,18,ܥܠܝܟܘܢ,,,,Peshitta,PESH
5,Deuteronomy,30,9,Deuteronomy 30:9,19,ܠܛܒܬܐ,,,,Peshitta,PESH
5,Deuteronomy,30,9,Deuteronomy 30:9,20,ܐܝܟ,,,,Peshitta,PESH
5,Deuteronomy,30,9,Deuteronomy 30:9,21,ܕܚܕܝ,,,,Peshitta,PESH
5,Deuteronomy,30,9,Deuteronomy 30:9,22,ܥܠ,,,,Peshitta,PESH
5,Deuteronomy,30,9,Deuteronomy 30:9,23,ܐ̈ܒܗܝܟܘܢ,,,,Peshitta,PESH
5,Deuteronomy,30,10,Deuteronomy 30:10,1,ܟܕ,,,,Peshitta,PESH
5,Deuteronomy,30,10,Deuteronomy 30:10,2,ܬܫܡܥ,,,,Peshitta,PESH
5,Deuteronomy,30,10,Deuteronomy 30:10,3,ܒܩܠܗ,,,,Peshitta,PESH
5,Deuteronomy,30,10,Deuteronomy 30:10,4,ܕܡܪܝܐ,,,,Peshitta,PESH
5,Deuteronomy,30,10,Deuteronomy 30:10,5,ܐܠܗܟ,,,,Peshitta,PESH
5,Deuteronomy,30,10,Deuteronomy 30:10,6,ܘܬܛܪ,,,,Peshitta,PESH
5,Deuteronomy,30,10,Deuteronomy 30:10,7,ܦܘܩ̈ܕܢܘܗܝ,,,,Peshitta,PESH
5,Deuteronomy,30,10,Deuteronomy 30:10,8,ܘܢܡ̈ܘܣܘܗܝ,,,,Peshitta,PESH
5,Deuteronomy,30,10,Deuteronomy 30:10,9,ܕܟܬܝܒܝܢ,,,,Peshitta,PESH
5,Deuteronomy,30,10,Deuteronomy 30:10,10,ܒܟܬܒܐ,,,,Peshitta,PESH
5,Deuteronomy,30,10,Deuteronomy 30:10,11,ܗܢܐ,,,,Peshitta,PESH
5,Deuteronomy,30,10,Deuteronomy 30:10,12,ܘܬܬܦܢܐ,,,,Peshitta,PESH
5,Deuteronomy,30,10,Deuteronomy 30:10,13,ܠܘܬ,,,,Peshitta,PESH
5,Deuteronomy,30,10,Deuteronomy 30:10,14,ܡܪܝܐ,,,,Peshitta,PESH
5,Deuteronomy,30,10,Deuteronomy 30:10,15,ܐܠܗܟ,,,,Peshitta,PESH
5,Deuteronomy,30,10,Deuteronomy 30:10,16,ܒܟܠܗ,,,,Peshitta,PESH
5,Deuteronomy,30,10,Deuteronomy 30:10,17,ܠܒܟ,,,,Peshitta,PESH
5,Deuteronomy,30,10,Deuteronomy 30:10,18,ܘܒܟܠܗ̇,,,,Peshitta,PESH
5,Deuteronomy,30,10,Deuteronomy 30:10,19,ܢܦܫܟ,,,,Peshitta,PESH
5,Deuteronomy,30,11,Deuteronomy 30:11,1,ܡܛܠ,,,,Peshitta,PESH
5,Deuteronomy,30,11,Deuteronomy 30:11,2,ܕܦܘܩܕܢܐ,,,,Peshitta,PESH
5,Deuteronomy,30,11,Deuteronomy 30:11,3,ܗܢܐ,,,,Peshitta,PESH
5,Deuteronomy,30,11,Deuteronomy 30:11,4,ܕܡܦܩܕ,,,,Peshitta,PESH
5,Deuteronomy,30,11,Deuteronomy 30:11,5,ܐܢܐ,,,,Peshitta,PESH
5,Deuteronomy,30,11,Deuteronomy 30:11,6,ܠܟ,,,,Peshitta,PESH
5,Deuteronomy,30,11,Deuteronomy 30:11,7,ܝܘܡܢܐ,,,,Peshitta,PESH
5,Deuteronomy,30,11,Deuteronomy 30:11,8,ܠܐ,,,,Peshitta,PESH
5,Deuteronomy,30,11,Deuteronomy 30:11,9,ܗܘܐ,,,,Peshitta,PESH
5,Deuteronomy,30,11,Deuteronomy 30:11,10,ܟܣܐ,,,,Peshitta,PESH
5,Deuteronomy,30,11,Deuteronomy 30:11,11,ܡܢܟ,,,,Peshitta,PESH
5,Deuteronomy,30,11,Deuteronomy 30:11,12,ܐܦ,,,,Peshitta,PESH
5,Deuteronomy,30,11,Deuteronomy 30:11,13,ܠܐ,,,,Peshitta,PESH
5,Deuteronomy,30,11,Deuteronomy 30:11,14,ܗܘܐ,,,,Peshitta,PESH
5,Deuteronomy,30,11,Deuteronomy 30:11,15,ܪܚܝܩ,,,,Peshitta,PESH
5,Deuteronomy,30,12,Deuteronomy 30:12,1,ܠܐ,,,,Peshitta,PESH
5,Deuteronomy,30,12,Deuteronomy 30:12,2,ܗܘܐ,,,,Peshitta,PESH
5,Deuteronomy,30,12,Deuteronomy 30:12,3,ܒܫܡܝܐ,,,,Peshitta,PESH
5,Deuteronomy,30,12,Deuteronomy 30:12,4,ܗܘ,,,,Peshitta,PESH
5,Deuteronomy,30,12,Deuteronomy 30:12,5,ܕܬܐܡܪ,,,,Peshitta,PESH
5,Deuteronomy,30,12,Deuteronomy 30:12,6,ܡܢܘ,,,,Peshitta,PESH
5,Deuteronomy,30,12,Deuteronomy 30:12,7,ܢܣܩ,,,,Peshitta,PESH
5,Deuteronomy,30,12,Deuteronomy 30:12,8,ܠܢ,,,,Peshitta,PESH
5,Deuteronomy,30,12,Deuteronomy 30:12,9,ܠܫܡܝܐ,,,,Peshitta,PESH
5,Deuteronomy,30,12,Deuteronomy 30:12,10,ܘܢܣܒܝܘܗܝ,,,,Peshitta,PESH
5,Deuteronomy,30,12,Deuteronomy 30:12,11,ܠܢ,,,,Peshitta,PESH
5,Deuteronomy,30,12,Deuteronomy 30:12,12,ܘܢܫܡܥ,,,,Peshitta,PESH
5,Deuteronomy,30,12,Deuteronomy 30:12,13,ܘܢܥܒܕܝܘܗܝ,,,,Peshitta,PESH
5,Deuteronomy,30,13,Deuteronomy 30:13,1,ܘܠܐ,,,,Peshitta,PESH
5,Deuteronomy,30,13,Deuteronomy 30:13,2,ܗܘܐ,,,,Peshitta,PESH
5,Deuteronomy,30,13,Deuteronomy 30:13,3,ܒܥܒܪܐ,,,,Peshitta,PESH
5,Deuteronomy,30,13,Deuteronomy 30:13,4,ܕܝܡܐ,,,,Peshitta,PESH
5,Deuteronomy,30,13,Deuteronomy 30:13,5,ܕܬܐܡܪ,,,,Peshitta,PESH
5,Deuteronomy,30,13,Deuteronomy 30:13,6,ܡ̇ܢ,,,,Peshitta,PESH
5,Deuteronomy,30,13,Deuteronomy 30:13,7,ܢܥܒܪ,,,,Peshitta,PESH
5,Deuteronomy,30,13,Deuteronomy 30:13,8,ܠܢ,,,,Peshitta,PESH
5,Deuteronomy,30,13,Deuteronomy 30:13,9,ܠܥܒܪܐ,,,,Peshitta,PESH
5,Deuteronomy,30,13,Deuteronomy 30:13,10,ܕܝܡܐ,,,,Peshitta,PESH
5,Deuteronomy,30,13,Deuteronomy 30:13,11,ܘܢܣܒܝܘܗܝ,,,,Peshitta,PESH
5,Deuteronomy,30,13,Deuteronomy 30:13,12,ܠܢ,,,,Peshitta,PESH
5,Deuteronomy,30,13,Deuteronomy 30:13,13,ܘܢܫܡܥ,,,,Peshitta,PESH
5,Deuteronomy,30,13,Deuteronomy 30:13,14,ܘܢܥܒܕܝܘܗܝ,,,,Peshitta,PESH
5,Deuteronomy,30,14,Deuteronomy 30:14,1,ܐܠܐ,,,,Peshitta,PESH
5,Deuteronomy,30,14,Deuteronomy 30:14,2,ܩܪܝܒ,,,,Peshitta,PESH
5,Deuteronomy,30,14,Deuteronomy 30:14,3,ܗܘ,,,,Peshitta,PESH
5,Deuteronomy,30,14,Deuteronomy 30:14,4,ܠܟ,,,,Peshitta,PESH
5,Deuteronomy,30,14,Deuteronomy 30:14,5,ܦܬܓܡܐ,,,,Peshitta,PESH
5,Deuteronomy,30,14,Deuteronomy 30:14,6,ܛܒ,,,,Peshitta,PESH
5,Deuteronomy,30,14,Deuteronomy 30:14,7,ܒܦܘܡܟ,,,,Peshitta,PESH
5,Deuteronomy,30,14,Deuteronomy 30:14,8,ܘܒܠܒܟ,,,,Peshitta,PESH
5,Deuteronomy,30,14,Deuteronomy 30:14,9,ܠܡܥܒܕܗ,,,,Peshitta,PESH
5,Deuteronomy,30,15,Deuteronomy 30:15,1,ܚܙܝ,,,,Peshitta,PESH
5,Deuteronomy,30,15,Deuteronomy 30:15,2,ܕܝܗ̇ܒܬ,,,,Peshitta,PESH
5,Deuteronomy,30,15,Deuteronomy 30:15,3,ܩܕܡܝܟ,,,,Peshitta,PESH
5,Deuteronomy,30,15,Deuteronomy 30:15,4,ܝܘܡܢܐ,,,,Peshitta,PESH
5,Deuteronomy,30,15,Deuteronomy 30:15,5,ܚ̈ܝܐ,,,,Peshitta,PESH
5,Deuteronomy,30,15,Deuteronomy 30:15,6,ܘܡܘܬܐ,,,,Peshitta,PESH
5,Deuteronomy,30,15,Deuteronomy 30:15,7,ܘܛܒ̈ܬܐ,,,,Peshitta,PESH
5,Deuteronomy,30,15,Deuteronomy 30:15,8,ܘܒܝ̈ܫܬܐ,,,,Peshitta,PESH
5,Deuteronomy,30,16,Deuteronomy 30:16,1,ܕܡܦܩܕ,,,,Peshitta,PESH
5,Deuteronomy,30,16,Deuteronomy 30:16,2,ܐܢܐ,,,,Peshitta,PESH
5,Deuteronomy,30,16,Deuteronomy 30:16,3,ܠܟ,,,,Peshitta,PESH
5,Deuteronomy,30,16,Deuteronomy 30:16,4,ܝܘܡܢܐ,,,,Peshitta,PESH
5,Deuteronomy,30,16,Deuteronomy 30:16,5,ܕܬܪܚܡ,,,,Peshitta,PESH
5,Deuteronomy,30,16,Deuteronomy 30:16,6,ܠܡܪܝܐ,,,,Peshitta,PESH
5,Deuteronomy,30,16,Deuteronomy 30:16,7,ܐܠܗܟ,,,,Peshitta,PESH
5,Deuteronomy,30,16,Deuteronomy 30:16,8,ܘܬܗܠܟ,,,,Peshitta,PESH
5,Deuteronomy,30,16,Deuteronomy 30:16,9,ܒܐܘܪ̈ܚܬܗ,,,,Peshitta,PESH
5,Deuteronomy,30,16,Deuteronomy 30:16,10,ܘܬܛܪ,,,,Peshitta,PESH
5,Deuteronomy,30,16,Deuteronomy 30:16,11,ܦܘܩ̈ܕܢܘܗܝ,,,,Peshitta,PESH
5,Deuteronomy,30,16,Deuteronomy 30:16,12,ܘܢܡ̈ܘܣܘܗܝ,,,,Peshitta,PESH
5,Deuteronomy,30,16,Deuteronomy 30:16,13,ܘܕܝ̈ܢܘܗܝ,,,,Peshitta,PESH
5,Deuteronomy,30,16,Deuteronomy 30:16,14,ܘܬܚܐ,,,,Peshitta,PESH
5,Deuteronomy,30,16,Deuteronomy 30:16,15,ܘܬܣܓܐ,,,,Peshitta,PESH
5,Deuteronomy,30,16,Deuteronomy 30:16,16,ܛܒ,,,,Peshitta,PESH
5,Deuteronomy,30,16,Deuteronomy 30:16,17,ܘܢܒܪܟܟ,,,,Peshitta,PESH
5,Deuteronomy,30,16,Deuteronomy 30:16,18,ܡܪܝܐ,,,,Peshitta,PESH
5,Deuteronomy,30,16,Deuteronomy 30:16,19,ܐܠܗܟ,,,,Peshitta,PESH
5,Deuteronomy,30,16,Deuteronomy 30:16,20,ܒܐܪܥܐ,,,,Peshitta,PESH
5,Deuteronomy,30,16,Deuteronomy 30:16,21,ܕܥ̇ܐܠ,,,,Peshitta,PESH
5,Deuteronomy,30,16,Deuteronomy 30:16,22,ܐܢܬ,,,,Peshitta,PESH
5,Deuteronomy,30,16,Deuteronomy 30:16,23,ܠܬܡܢ,,,,Peshitta,PESH
5,Deuteronomy,30,16,Deuteronomy 30:16,24,ܠܡܐܪܬܗ̇,,,,Peshitta,PESH
5,Deuteronomy,30,17,Deuteronomy 30:17,1,ܘܐܢ,,,,Peshitta,PESH
5,Deuteronomy,30,17,Deuteronomy 30:17,2,ܢܣܛܐ,,,,Peshitta,PESH
5,Deuteronomy,30,17,Deuteronomy 30:17,3,ܠܒܟ,,,,Peshitta,PESH
5,Deuteronomy,30,17,Deuteronomy 30:17,4,ܘܠܐ,,,,Peshitta,PESH
5,Deuteronomy,30,17,Deuteronomy 30:17,5,ܬܫܡܥ,,,,Peshitta,PESH
5,Deuteronomy,30,17,Deuteronomy 30:17,6,ܘܬܛܥܐ,,,,Peshitta,PESH
5,Deuteronomy,30,17,Deuteronomy 30:17,7,ܘܬܣܓܘܕ,,,,Peshitta,PESH
5,Deuteronomy,30,17,Deuteronomy 30:17,8,ܠܐ̈ܠܗܐ,,,,Peshitta,PESH
5,Deuteronomy,30,17,Deuteronomy 30:17,9,ܐܚܪ̈ܢܐ,,,,Peshitta,PESH
5,Deuteronomy,30,17,Deuteronomy 30:17,10,ܘܬܦܠܘܚ,,,,Peshitta,PESH
5,Deuteronomy,30,17,Deuteronomy 30:17,11,ܐܢܘܢ,,,,Peshitta,PESH
5,Deuteronomy,30,18,Deuteronomy 30:18,1,ܚܘܝܬܟܘܢ,,,,Peshitta,PESH
5,Deuteronomy,30,18,Deuteronomy 30:18,2,ܝܘܡܢܐ,,,,Peshitta,PESH
5,Deuteronomy,30,18,Deuteronomy 30:18,3,ܕܡܐܒܕ,,,,Peshitta,PESH
5,Deuteronomy,30,18,Deuteronomy 30:18,4,ܐ̇ܒܕܝܢ,,,,Peshitta,PESH
5,Deuteronomy,30,18,Deuteronomy 30:18,5,ܐܢܬܘܢ,,,,Peshitta,PESH
5,Deuteronomy,30,18,Deuteronomy 30:18,6,ܘܠܐ,,,,Peshitta,PESH
5,Deuteronomy,30,18,Deuteronomy 30:18,7,ܬܣܓܘܢ,,,,Peshitta,PESH
5,Deuteronomy,30,18,Deuteronomy 30:18,8,ܝܘܡ̈ܬܐ,,,,Peshitta,PESH
5,Deuteronomy,30,18,Deuteronomy 30:18,9,ܒܐܪܥܐ,,,,Peshitta,PESH
5,Deuteronomy,30,18,Deuteronomy 30:18,10,ܕܥ̇ܒܪܝܢ,,,,Peshitta,PESH
5,Deuteronomy,30,18,Deuteronomy 30:18,11,ܐܢܬܘܢ,,,,Peshitta,PESH
5,Deuteronomy,30,18,Deuteronomy 30:18,12,ܝܘܪܕܢܢ,,,,Peshitta,PESH
5,Deuteronomy,30,18,Deuteronomy 30:18,13,ܠܡܥܠ,,,,Peshitta,PESH
5,Deuteronomy,30,18,Deuteronomy 30:18,14,ܠܬܡܢ,,,,Peshitta,PESH
5,Deuteronomy,30,18,Deuteronomy 30:18,15,ܠܡܐܪܬܗ̇,,,,Peshitta,PESH
5,Deuteronomy,30,19,Deuteronomy 30:19,1,ܣܗ̇ܕܬ,,,,Peshitta,PESH
5,Deuteronomy,30,19,Deuteronomy 30:19,2,ܒܟܘܢ,,,,Peshitta,PESH
5,Deuteronomy,30,19,Deuteronomy 30:19,3,ܝܘܡܢܐ,,,,Peshitta,PESH
5,Deuteronomy,30,19,Deuteronomy 30:19,4,ܫܡܝܐ,,,,Peshitta,PESH
5,Deuteronomy,30,19,Deuteronomy 30:19,5,ܘܐܪܥܐ,,,,Peshitta,PESH
5,Deuteronomy,30,19,Deuteronomy 30:19,6,ܚ̈ܝܐ,,,,Peshitta,PESH
5,Deuteronomy,30,19,Deuteronomy 30:19,7,ܘܡܘܬܐ,,,,Peshitta,PESH
5,Deuteronomy,30,19,Deuteronomy 30:19,8,ܝܗ̇ܒܬ,,,,Peshitta,PESH
5,Deuteronomy,30,19,Deuteronomy 30:19,9,ܩܕܡܝܟ,,,,Peshitta,PESH
5,Deuteronomy,30,19,Deuteronomy 30:19,10,ܒܘܪ̈ܟܬܐ,,,,Peshitta,PESH
5,Deuteronomy,30,19,Deuteronomy 30:19,11,ܘܠܘ̈ܛܬܐ,,,,Peshitta,PESH
5,Deuteronomy,30,19,Deuteronomy 30:19,12,ܓܒܝ,,,,Peshitta,PESH
5,Deuteronomy,30,19,Deuteronomy 30:19,13,ܠܟ,,,,Peshitta,PESH
5,Deuteronomy,30,19,Deuteronomy 30:19,14,ܚ̈ܝܐ,,,,Peshitta,PESH
5,Deuteronomy,30,19,Deuteronomy 30:19,15,ܕܬܚܐ,,,,Peshitta,PESH
5,Deuteronomy,30,19,Deuteronomy 30:19,16,ܐܢܬ,,,,Peshitta,PESH
5,Deuteronomy,30,19,Deuteronomy 30:19,17,ܘܙܪܥܟ,,,,Peshitta,PESH
5,Deuteronomy,30,20,Deuteronomy 30:20,1,ܟܕ,,,,Peshitta,PESH
5,Deuteronomy,30,20,Deuteronomy 30:20,2,ܬܪܚܡ,,,,Peshitta,PESH
5,Deuteronomy,30,20,Deuteronomy 30:20,3,ܠܡܪܝܐ,,,,Peshitta,PESH
5,Deuteronomy,30,20,Deuteronomy 30:20,4,ܐܠܗܟ,,,,Peshitta,PESH
5,Deuteronomy,30,20,Deuteronomy 30:20,5,ܘܬܫܡܥ,,,,Peshitta,PESH
5,Deuteronomy,30,20,Deuteronomy 30:20,6,ܒܩܠܗ,,,,Peshitta,PESH
5,Deuteronomy,30,20,Deuteronomy 30:20,7,ܘܬܬܢܩܦ,,,,Peshitta,PESH
5,Deuteronomy,30,20,Deuteronomy 30:20,8,ܠܗ,,,,Peshitta,PESH
5,Deuteronomy,30,20,Deuteronomy 30:20,9,ܡܛܠ,,,,Peshitta,PESH
5,Deuteronomy,30,20,Deuteronomy 30:20,10,ܕܗܘܝܘ,,,,Peshitta,PESH
5,Deuteronomy,30,20,Deuteronomy 30:20,11,ܚܝ̈ܝܟ,,,,Peshitta,PESH
5,Deuteronomy,30,20,Deuteronomy 30:20,12,ܘܢܘܓܪܐ,,,,Peshitta,PESH
5,Deuteronomy,30,20,Deuteronomy 30:20,13,ܕܝܘܡ̈ܬܟ,,,,Peshitta,PESH
5,Deuteronomy,30,20,Deuteronomy 30:20,14,ܕܬܬܒ,,,,Peshitta,PESH
5,Deuteronomy,30,20,Deuteronomy 30:20,15,ܒܐܪܥܐ,,,,Peshitta,PESH
5,Deuteronomy,30,20,Deuteronomy 30:20,16,ܕܝܡܐ,,,,Peshitta,PESH
5,Deuteronomy,30,20,Deuteronomy 30:20,17,ܡܪܝܐ,,,,Peshitta,PESH
5,Deuteronomy,30,20,Deuteronomy 30:20,18,ܠܐ̈ܒܗܝܟ,,,,Peshitta,PESH
5,Deuteronomy,30,20,Deuteronomy 30:20,19,ܠܐܒܪܗܡ,,,,Peshitta,PESH
5,Deuteronomy,30,20,Deuteronomy 30:20,20,ܘܠܐܝܣܚܩ,,,,Peshitta,PESH
5,Deuteronomy,30,20,Deuteronomy 30:20,21,ܘܠܝܥܩܘܒ,,,,Peshitta,PESH
5,Deuteronomy,30,20,Deuteronomy 30:20,22,ܠܡܬܠ,,,,Peshitta,PESH
5,Deuteronomy,30,20,Deuteronomy 30:20,23,ܠܟ,,,,Peshitta,PESH
5,Deuteronomy,31,1,Deuteronomy 31:1,1,ܘܐܙܠ,,,,Peshitta,PESH
5,Deuteronomy,31,1,Deuteronomy 31:1,2,ܡܘܫܐ,,,,Peshitta,PESH
5,Deuteronomy,31,1,Deuteronomy 31:1,3,ܘܡܠܠ,,,,Peshitta,PESH
5,Deuteronomy,31,1,Deuteronomy 31:1,4,ܗܠܝܢ,,,,Peshitta,PESH
5,Deuteronomy,31,1,Deuteronomy 31:1,5,ܟܠܗܘܢ,,,,Peshitta,PESH
5,Deuteronomy,31,1,Deuteronomy 31:1,6,ܦܬ̈ܓܡܐ,,,,Peshitta,PESH
5,Deuteronomy,31,1,Deuteronomy 31:1,7,ܥܡ,,,,Peshitta,PESH
5,Deuteronomy,31,1,Deuteronomy 31:1,8,ܟܠܗ,,,,Peshitta,PESH
5,Deuteronomy,31,1,Deuteronomy 31:1,9,ܐܝܣܪܝܠ,,,,Peshitta,PESH
5,Deuteronomy,31,2,Deuteronomy 31:2,1,ܘܐܡܪ,,,,Peshitta,PESH
5,Deuteronomy,31,2,Deuteronomy 31:2,2,ܠܗܘܢ,,,,Peshitta,PESH
5,Deuteronomy,31,2,Deuteronomy 31:2,3,ܒܪ,,,,Peshitta,PESH
5,Deuteronomy,31,2,Deuteronomy 31:2,4,ܡܐܐ,,,,Peshitta,PESH
5,Deuteronomy,31,2,Deuteronomy 31:2,5,ܐܢܐ,,,,Peshitta,PESH
5,Deuteronomy,31,2,Deuteronomy 31:2,6,ܘܥܣܪ̈ܝܢ,,,,Peshitta,PESH
5,Deuteronomy,31,2,Deuteronomy 31:2,7,ܫ̈ܢܝܢ,,,,Peshitta,PESH
5,Deuteronomy,31,2,Deuteronomy 31:2,8,ܝܘܡܢܐ,,,,Peshitta,PESH
5,Deuteronomy,31,2,Deuteronomy 31:2,9,ܘܠܐ,,,,Peshitta,PESH
5,Deuteronomy,31,2,Deuteronomy 31:2,10,ܡܫܟܚ,,,,Peshitta,PESH
5,Deuteronomy,31,2,Deuteronomy 31:2,11,ܐܢܐ,,,,Peshitta,PESH
5,Deuteronomy,31,2,Deuteronomy 31:2,12,ܬܘܒ,,,,Peshitta,PESH
5,Deuteronomy,31,2,Deuteronomy 31:2,13,ܠܡܦܩ,,,,Peshitta,PESH
5,Deuteronomy,31,2,Deuteronomy 31:2,14,ܘܠܡܥܠ,,,,Peshitta,PESH
5,Deuteronomy,31,2,Deuteronomy 31:2,15,ܘܡܪܝܐ,,,,Peshitta,PESH
5,Deuteronomy,31,2,Deuteronomy 31:2,16,ܐܡܪ,,,,Peshitta,PESH
5,Deuteronomy,31,2,Deuteronomy 31:2,17,ܠܝ,,,,Peshitta,PESH
5,Deuteronomy,31,2,Deuteronomy 31:2,18,ܕܠܐ,,,,Peshitta,PESH
5,Deuteronomy,31,2,Deuteronomy 31:2,19,ܬܥܒܪ,,,,Peshitta,PESH
5,Deuteronomy,31,2,Deuteronomy 31:2,20,ܝܘܪܕܢܢ,,,,Peshitta,PESH
5,Deuteronomy,31,2,Deuteronomy 31:2,21,ܗܢܐ,,,,Peshitta,PESH
5,Deuteronomy,31,3,Deuteronomy 31:3,1,ܡܪܝܐ,,,,Peshitta,PESH
5,Deuteronomy,31,3,Deuteronomy 31:3,2,ܐܠܗܟ,,,,Peshitta,PESH
5,Deuteronomy,31,3,Deuteronomy 31:3,3,ܗܘ,,,,Peshitta,PESH
5,Deuteronomy,31,3,Deuteronomy 31:3,4,ܥ̇ܒܪ,,,,Peshitta,PESH
5,Deuteronomy,31,3,Deuteronomy 31:3,5,ܩܕܡܝܟ,,,,Peshitta,PESH
5,Deuteronomy,31,3,Deuteronomy 31:3,6,ܘܗܘ,,,,Peshitta,PESH
5,Deuteronomy,31,3,Deuteronomy 31:3,7,ܢܘܒܕ,,,,Peshitta,PESH
5,Deuteronomy,31,3,Deuteronomy 31:3,8,ܥܡ̈ܡܐ,,,,Peshitta,PESH
5,Deuteronomy,31,3,Deuteronomy 31:3,9,ܗܠܝܢ,,,,Peshitta,PESH
5,Deuteronomy,31,3,Deuteronomy 31:3,10,ܡܢ,,,,Peshitta,PESH
5,Deuteronomy,31,3,Deuteronomy 31:3,11,ܩܕܡܝܟ,,,,Peshitta,PESH
5,Deuteronomy,31,3,Deuteronomy 31:3,12,ܘܬܐܪܬ,,,,Peshitta,PESH
5,Deuteronomy,31,3,Deuteronomy 31:3,13,ܐܢܘܢ,,,,Peshitta,PESH
5,Deuteronomy,31,3,Deuteronomy 31:3,14,ܝܫܘܥ,,,,Peshitta,PESH
5,Deuteronomy,31,3,Deuteronomy 31:3,15,ܗܘ,,,,Peshitta,PESH
5,Deuteronomy,31,3,Deuteronomy 31:3,16,ܥ̇ܒܪ,,,,Peshitta,PESH
5,Deuteronomy,31,3,Deuteronomy 31:3,17,ܩܕܡܝܟ,,,,Peshitta,PESH
5,Deuteronomy,31,3,Deuteronomy 31:3,18,ܐܝܟ,,,,Peshitta,PESH
5,Deuteronomy,31,3,Deuteronomy 31:3,19,ܕܐܡܪ,,,,Peshitta,PESH
5,Deuteronomy,31,3,Deuteronomy 31:3,20,ܡܪܝܐ,,,,Peshitta,PESH
5,Deuteronomy,31,4,Deuteronomy 31:4,1,ܘܢܥܒܕ,,,,Peshitta,PESH
5,Deuteronomy,31,4,Deuteronomy 31:4,2,ܠܗܘܢ,,,,Peshitta,PESH
5,Deuteronomy,31,4,Deuteronomy 31:4,3,ܡܪܝܐ,,,,Peshitta,PESH
5,Deuteronomy,31,4,Deuteronomy 31:4,4,ܐܝܟ,,,,Peshitta,PESH
5,Deuteronomy,31,4,Deuteronomy 31:4,5,ܕܥܒܕ,,,,Peshitta,PESH
5,Deuteronomy,31,4,Deuteronomy 31:4,6,ܠܣܝܚܘܢ,,,,Peshitta,PESH
5,Deuteronomy,31,4,Deuteronomy 31:4,7,ܘܠܥܘܓ,,,,Peshitta,PESH
5,Deuteronomy,31,4,Deuteronomy 31:4,8,ܡ̈ܠܟܐ,,,,Peshitta,PESH
5,Deuteronomy,31,4,Deuteronomy 31:4,9,ܕܐܡܘܪ̈ܝܐ,,,,Peshitta,PESH
5,Deuteronomy,31,4,Deuteronomy 31:4,10,ܘܠܐܪܥܗܘܢ,,,,Peshitta,PESH
5,Deuteronomy,31,4,Deuteronomy 31:4,11,ܕܐܘܒܕ,,,,Peshitta,PESH
5,Deuteronomy,31,4,Deuteronomy 31:4,12,ܐܢܘܢ,,,,Peshitta,PESH
5,Deuteronomy,31,5,Deuteronomy 31:5,1,ܘܢܫܠܡ,,,,Peshitta,PESH
5,Deuteronomy,31,5,Deuteronomy 31:5,2,ܐܢܘܢ,,,,Peshitta,PESH
5,Deuteronomy,31,5,Deuteronomy 31:5,3,ܡܪܝܐ,,,,Peshitta,PESH
5,Deuteronomy,31,5,Deuteronomy 31:5,4,ܩܕܡܝܟܘܢ,,,,Peshitta,PESH
5,Deuteronomy,31,5,Deuteronomy 31:5,5,ܘܥܒܕܘ,,,,Peshitta,PESH
5,Deuteronomy,31,5,Deuteronomy 31:5,6,ܠܗܘܢ,,,,Peshitta,PESH
5,Deuteronomy,31,5,Deuteronomy 31:5,7,ܐܝܟ,,,,Peshitta,PESH
5,Deuteronomy,31,5,Deuteronomy 31:5,8,ܟܠܗ,,,,Peshitta,PESH
5,Deuteronomy,31,5,Deuteronomy 31:5,9,ܦܘܩܕܢܐ,,,,Peshitta,PESH
5,Deuteronomy,31,5,Deuteronomy 31:5,10,ܕܦܩܕܬܟܘܢ,,,,Peshitta,PESH
5,Deuteronomy,31,6,Deuteronomy 31:6,1,ܐܬܚܝܠܘ,,,,Peshitta,PESH
5,Deuteronomy,31,6,Deuteronomy 31:6,2,ܘܐܬܥܫܢܘ,,,,Peshitta,PESH
5,Deuteronomy,31,6,Deuteronomy 31:6,3,ܠܐ,,,,Peshitta,PESH
5,Deuteronomy,31,6,Deuteronomy 31:6,4,ܬܕܚܠܘܢ,,,,Peshitta,PESH
5,Deuteronomy,31,6,Deuteronomy 31:6,5,ܘܠܐ,,,,Peshitta,PESH
5,Deuteronomy,31,6,Deuteronomy 31:6,6,ܬܙܘܥܘܢ,,,,Peshitta,PESH
5,Deuteronomy,31,6,Deuteronomy 31:6,7,ܡܢ,,,,Peshitta,PESH
5,Deuteronomy,31,6,Deuteronomy 31:6,8,ܩܕܡܝܗܘܢ,,,,Peshitta,PESH
5,Deuteronomy,31,6,Deuteronomy 31:6,9,ܡܛܠ,,,,Peshitta,PESH
5,Deuteronomy,31,6,Deuteronomy 31:6,10,ܕܡܪܝܐ,,,,Peshitta,PESH
5,Deuteronomy,31,6,Deuteronomy 31:6,11,ܐܠܗܟ,,,,Peshitta,PESH
5,Deuteronomy,31,6,Deuteronomy 31:6,12,ܗܘ,,,,Peshitta,PESH
5,Deuteronomy,31,6,Deuteronomy 31:6,13,ܐ̇ܙܠ,,,,Peshitta,PESH
5,Deuteronomy,31,6,Deuteronomy 31:6,14,ܥܡܟ,,,,Peshitta,PESH
5,Deuteronomy,31,6,Deuteronomy 31:6,15,ܠܐ,,,,Peshitta,PESH
5,Deuteronomy,31,6,Deuteronomy 31:6,16,ܢܪܦܝܟ,,,,Peshitta,PESH
5,Deuteronomy,31,6,Deuteronomy 31:6,17,ܘܠܐ,,,,Peshitta,PESH
5,Deuteronomy,31,6,Deuteronomy 31:6,18,ܢܫܒܩܟ,,,,Peshitta,PESH
5,Deuteronomy,31,7,Deuteronomy 31:7,1,ܘܩܪܐ,,,,Peshitta,PESH
5,Deuteronomy,31,7,Deuteronomy 31:7,2,ܡܘܫܐ,,,,Peshitta,PESH
5,Deuteronomy,31,7,Deuteronomy 31:7,3,ܠܝܫܘܥ,,,,Peshitta,PESH
5,Deuteronomy,31,7,Deuteronomy 31:7,4,ܘܐܡܪ,,,,Peshitta,PESH
5,Deuteronomy,31,7,Deuteronomy 31:7,5,ܠܗ,,,,Peshitta,PESH
5,Deuteronomy,31,7,Deuteronomy 31:7,6,ܠܥܝܢ,,,,Peshitta,PESH
5,Deuteronomy,31,7,Deuteronomy 31:7,7,ܟܠܗ,,,,Peshitta,PESH
5,Deuteronomy,31,7,Deuteronomy 31:7,8,ܐܝܣܪܝܠ,,,,Peshitta,PESH
5,Deuteronomy,31,7,Deuteronomy 31:7,9,ܐܬܚܝܠ,,,,Peshitta,PESH
5,Deuteronomy,31,7,Deuteronomy 31:7,10,ܘܐܬܥܫܢ,,,,Peshitta,PESH
5,Deuteronomy,31,7,Deuteronomy 31:7,11,ܡܛܠ,,,,Peshitta,PESH
5,Deuteronomy,31,7,Deuteronomy 31:7,12,ܕܐܢܬ,,,,Peshitta,PESH
5,Deuteronomy,31,7,Deuteronomy 31:7,13,ܡܥܠ,,,,Peshitta,PESH
5,Deuteronomy,31,7,Deuteronomy 31:7,14,ܐܢܬ,,,,Peshitta,PESH
5,Deuteronomy,31,7,Deuteronomy 31:7,15,ܠܗ,,,,Peshitta,PESH
5,Deuteronomy,31,7,Deuteronomy 31:7,16,ܠܥܡܐ,,,,Peshitta,PESH
5,Deuteronomy,31,7,Deuteronomy 31:7,17,ܗܢܐ,,,,Peshitta,PESH
5,Deuteronomy,31,7,Deuteronomy 31:7,18,ܠܐܪܥܐ,,,,Peshitta,PESH
5,Deuteronomy,31,7,Deuteronomy 31:7,19,ܕܝܡܐ,,,,Peshitta,PESH
5,Deuteronomy,31,7,Deuteronomy 31:7,20,ܡܪܝܐ,,,,Peshitta,PESH
5,Deuteronomy,31,7,Deuteronomy 31:7,21,ܠܐ̈ܒܗܝܗܘܢ,,,,Peshitta,PESH
5,Deuteronomy,31,7,Deuteronomy 31:7,22,ܠܡܬܠ,,,,Peshitta,PESH
5,Deuteronomy,31,7,Deuteronomy 31:7,23,ܠܗܘܢ,,,,Peshitta,PESH
5,Deuteronomy,31,7,Deuteronomy 31:7,24,ܘܐܢܬ,,,,Peshitta,PESH
5,Deuteronomy,31,7,Deuteronomy 31:7,25,ܬܘܪܬܝܗ̇,,,,Peshitta,PESH
5,Deuteronomy,31,7,Deuteronomy 31:7,26,ܠܗܘܢ,,,,Peshitta,PESH
5,Deuteronomy,31,8,Deuteronomy 31:8,1,ܘܡܪܝܐ,,,,Peshitta,PESH
5,Deuteronomy,31,8,Deuteronomy 31:8,2,ܗܘ,,,,Peshitta,PESH
5,Deuteronomy,31,8,Deuteronomy 31:8,3,ܐ̇ܙܠ,,,,Peshitta,PESH
5,Deuteronomy,31,8,Deuteronomy 31:8,4,ܩܕܡܝܟ,,,,Peshitta,PESH
5,Deuteronomy,31,8,Deuteronomy 31:8,5,ܘܗܘ,,,,Peshitta,PESH
5,Deuteronomy,31,8,Deuteronomy 31:8,6,ܢܗܘܐ,,,,Peshitta,PESH
5,Deuteronomy,31,8,Deuteronomy 31:8,7,ܥܡܟ,,,,Peshitta,PESH
5,Deuteronomy,31,8,Deuteronomy 31:8,8,ܠܐ,,,,Peshitta,PESH
5,Deuteronomy,31,8,Deuteronomy 31:8,9,ܢܪܦܝܟ,,,,Peshitta,PESH
5,Deuteronomy,31,8,Deuteronomy 31:8,10,ܘܠܐ,,,,Peshitta,PESH
5,Deuteronomy,31,8,Deuteronomy 31:8,11,ܢܫܒܩܟ,,,,Peshitta,PESH
5,Deuteronomy,31,8,Deuteronomy 31:8,12,ܠܐ,,,,Peshitta,PESH
5,Deuteronomy,31,8,Deuteronomy 31:8,13,ܬܕܚܠ,,,,Peshitta,PESH
5,Deuteronomy,31,8,Deuteronomy 31:8,14,ܘܠܐ,,,,Peshitta,PESH
5,Deuteronomy,31,8,Deuteronomy 31:8,15,ܬܙܘܥ,,,,Peshitta,PESH
5,Deuteronomy,31,8,Deuteronomy 31:8,16,ܘܠܐ,,,,Peshitta,PESH
5,Deuteronomy,31,8,Deuteronomy 31:8,17,ܬܬܪܗܒ,,,,Peshitta,PESH
5,Deuteronomy,31,9,Deuteronomy 31:9,1,ܘܟܬܒ,,,,Peshitta,PESH
5,Deuteronomy,31,9,Deuteronomy 31:9,2,ܡܘܫܐ,,,,Peshitta,PESH
5,Deuteronomy,31,9,Deuteronomy 31:9,3,ܢܡܘܣܐ,,,,Peshitta,PESH
5,Deuteronomy,31,9,Deuteronomy 31:9,4,ܗܢܐ,,,,Peshitta,PESH
5,Deuteronomy,31,9,Deuteronomy 31:9,5,ܘܝܗܒܗ,,,,Peshitta,PESH
5,Deuteronomy,31,9,Deuteronomy 31:9,6,ܠܟܗ̈ܢܐ,,,,Peshitta,PESH
5,Deuteronomy,31,9,Deuteronomy 31:9,7,ܒܢ̈ܝ,,,,Peshitta,PESH
5,Deuteronomy,31,9,Deuteronomy 31:9,8,ܠܘܝ,,,,Peshitta,PESH
5,Deuteronomy,31,9,Deuteronomy 31:9,9,ܕܫܩܝܠܝܢ,,,,Peshitta,PESH
5,Deuteronomy,31,9,Deuteronomy 31:9,10,ܩܒܘܬܐ,,,,Peshitta,PESH
5,Deuteronomy,31,9,Deuteronomy 31:9,11,ܕܩܝܡܗ,,,,Peshitta,PESH
5,Deuteronomy,31,9,Deuteronomy 31:9,12,ܕܡܪܝܐ,,,,Peshitta,PESH
5,Deuteronomy,31,9,Deuteronomy 31:9,13,ܘܠܟܠܗܘܢ,,,,Peshitta,PESH
5,Deuteronomy,31,9,Deuteronomy 31:9,14,ܣ̈ܒܐ,,,,Peshitta,PESH
5,Deuteronomy,31,9,Deuteronomy 31:9,15,ܕܒܢ̈ܝ,,,,Peshitta,PESH
5,Deuteronomy,31,9,Deuteronomy 31:9,16,ܐܝܣܪܝܠ,,,,Peshitta,PESH
5,Deuteronomy,31,10,Deuteronomy 31:10,1,ܘܦܩܕ,,,,Peshitta,PESH
5,Deuteronomy,31,10,Deuteronomy 31:10,2,ܐܢܘܢ,,,,Peshitta,PESH
5,Deuteronomy,31,10,Deuteronomy 31:10,3,ܡܘܫܐ,,,,Peshitta,PESH
5,Deuteronomy,31,10,Deuteronomy 31:10,4,ܘܐܡܪ,,,,Peshitta,PESH
5,Deuteronomy,31,10,Deuteronomy 31:10,5,ܠܗܘܢ,,,,Peshitta,PESH
5,Deuteronomy,31,10,Deuteronomy 31:10,6,ܡܢ,,,,Peshitta,PESH
5,Deuteronomy,31,10,Deuteronomy 31:10,7,ܒܬܪ,,,,Peshitta,PESH
5,Deuteronomy,31,10,Deuteronomy 31:10,8,ܫܒܥ,,,,Peshitta,PESH
5,Deuteronomy,31,10,Deuteronomy 31:10,9,ܫ̈ܢܝܢ,,,,Peshitta,PESH
5,Deuteronomy,31,10,Deuteronomy 31:10,10,ܒܙܒܢܐ,,,,Peshitta,PESH
5,Deuteronomy,31,10,Deuteronomy 31:10,11,ܕܫܢܬܐ,,,,Peshitta,PESH
5,Deuteronomy,31,10,Deuteronomy 31:10,12,ܕܫܘܒܩܢܐ,,,,Peshitta,PESH
5,Deuteronomy,31,10,Deuteronomy 31:10,13,ܒܥܕܥܐܕܐ,,,,Peshitta,PESH
5,Deuteronomy,31,10,Deuteronomy 31:10,14,ܕܡ̈ܛܠܠܐ,,,,Peshitta,PESH
5,Deuteronomy,31,11,Deuteronomy 31:11,1,ܡܐ,,,,Peshitta,PESH
5,Deuteronomy,31,11,Deuteronomy 31:11,2,ܕܐܬ̇ܐ,,,,Peshitta,PESH
5,Deuteronomy,31,11,Deuteronomy 31:11,3,ܟܘܠܗ,,,,Peshitta,PESH
5,Deuteronomy,31,11,Deuteronomy 31:11,4,ܐܝܣܪܐܝܠ,,,,Peshitta,PESH
5,Deuteronomy,31,11,Deuteronomy 31:11,5,ܠܡܬܚܙܝܘ,,,,Peshitta,PESH
5,Deuteronomy,31,11,Deuteronomy 31:11,6,ܩܕܡ,,,,Peshitta,PESH
5,Deuteronomy,31,11,Deuteronomy 31:11,7,ܡܪܝܐ,,,,Peshitta,PESH
5,Deuteronomy,31,11,Deuteronomy 31:11,8,ܐܠܗܟ,,,,Peshitta,PESH
5,Deuteronomy,31,11,Deuteronomy 31:11,9,ܒܐܬܪܐ,,,,Peshitta,PESH
5,Deuteronomy,31,11,Deuteronomy 31:11,10,ܕܓ̇ܒܐ,,,,Peshitta,PESH
5,Deuteronomy,31,11,Deuteronomy 31:11,11,ܩܪܝ,,,,Peshitta,PESH
5,Deuteronomy,31,11,Deuteronomy 31:11,12,ܢܡܘܣܐ,,,,Peshitta,PESH
5,Deuteronomy,31,11,Deuteronomy 31:11,13,ܗܢܐ,,,,Peshitta,PESH
5,Deuteronomy,31,11,Deuteronomy 31:11,14,ܩܕܡ,,,,Peshitta,PESH
5,Deuteronomy,31,11,Deuteronomy 31:11,15,ܟܘܠܗ,,,,Peshitta,PESH
5,Deuteronomy,31,11,Deuteronomy 31:11,16,ܐܝܣܪܝܠ,,,,Peshitta,PESH
5,Deuteronomy,31,11,Deuteronomy 31:11,17,ܒܐ̈ܕܢܝܗܘܢ,,,,Peshitta,PESH
5,Deuteronomy,31,12,Deuteronomy 31:12,1,ܟܢܫܝܗܝ,,,,Peshitta,PESH
5,Deuteronomy,31,12,Deuteronomy 31:12,2,ܠܥܡܐ,,,,Peshitta,PESH
5,Deuteronomy,31,12,Deuteronomy 31:12,3,ܓܒܪ̈ܐ,,,,Peshitta,PESH
5,Deuteronomy,31,12,Deuteronomy 31:12,4,ܘܢܫ̈ܐ,,,,Peshitta,PESH
5,Deuteronomy,31,12,Deuteronomy 31:12,5,ܘܐܝܩܪܬܐ,,,,Peshitta,PESH
5,Deuteronomy,31,12,Deuteronomy 31:12,6,ܘܥܡܘܪܐ,,,,Peshitta,PESH
5,Deuteronomy,31,12,Deuteronomy 31:12,7,ܕܒܩܘܪ̈ܝܟ,,,,Peshitta,PESH
5,Deuteronomy,31,12,Deuteronomy 31:12,8,ܡܛܠ,,,,Peshitta,PESH
5,Deuteronomy,31,12,Deuteronomy 31:12,9,ܕܢܫܡܥܘܢ,,,,Peshitta,PESH
5,Deuteronomy,31,12,Deuteronomy 31:12,10,ܘܢܐܠܦܘܢ,,,,Peshitta,PESH
5,Deuteronomy,31,12,Deuteronomy 31:12,11,ܘܢܕܚܠܘܢ,,,,Peshitta,PESH
5,Deuteronomy,31,12,Deuteronomy 31:12,12,ܠܡܪܝܐ,,,,Peshitta,PESH
5,Deuteronomy,31,12,Deuteronomy 31:12,13,ܐܠܗܗܘܢ,,,,Peshitta,PESH
5,Deuteronomy,31,12,Deuteronomy 31:12,14,ܘܢܛܪܘܢ,,,,Peshitta,PESH
5,Deuteronomy,31,12,Deuteronomy 31:12,15,ܘܢܥܒܕܘܢ,,,,Peshitta,PESH
5,Deuteronomy,31,12,Deuteronomy 31:12,16,ܟܠܗܘܢ,,,,Peshitta,PESH
5,Deuteronomy,31,12,Deuteronomy 31:12,17,ܦܬ̈ܓܡܘܗܝ,,,,Peshitta,PESH
5,Deuteronomy,31,12,Deuteronomy 31:12,18,ܕܢܡܘܣܐ,,,,Peshitta,PESH
5,Deuteronomy,31,12,Deuteronomy 31:12,19,ܗܢܐ,,,,Peshitta,PESH
5,Deuteronomy,31,13,Deuteronomy 31:13,1,ܘܒܢ̈ܝܗܘܢ,,,,Peshitta,PESH
5,Deuteronomy,31,13,Deuteronomy 31:13,2,ܕܠܐ,,,,Peshitta,PESH
5,Deuteronomy,31,13,Deuteronomy 31:13,3,ܝܕܥܘ,,,,Peshitta,PESH
5,Deuteronomy,31,13,Deuteronomy 31:13,4,ܢܫܡܥܘܢ,,,,Peshitta,PESH
5,Deuteronomy,31,13,Deuteronomy 31:13,5,ܘܢܐܠܦܘܢ,,,,Peshitta,PESH
5,Deuteronomy,31,13,Deuteronomy 31:13,6,ܠܡܕܚܠ,,,,Peshitta,PESH
5,Deuteronomy,31,13,Deuteronomy 31:13,7,ܡܢ,,,,Peshitta,PESH
5,Deuteronomy,31,13,Deuteronomy 31:13,8,ܡܪܝܐ,,,,Peshitta,PESH
5,Deuteronomy,31,13,Deuteronomy 31:13,9,ܐܠܗܗܘܢ,,,,Peshitta,PESH
5,Deuteronomy,31,13,Deuteronomy 31:13,10,ܟܠܗܘܢ,,,,Peshitta,PESH
5,Deuteronomy,31,13,Deuteronomy 31:13,11,ܝܘܡ̈ܬܐ,,,,Peshitta,PESH
5,Deuteronomy,31,13,Deuteronomy 31:13,12,ܕܚܝ̈ܝܢ,,,,Peshitta,PESH
5,Deuteronomy,31,13,Deuteronomy 31:13,13,ܐܢܬܘܢ,,,,Peshitta,PESH
5,Deuteronomy,31,13,Deuteronomy 31:13,14,ܒܐܪܥܐ,,,,Peshitta,PESH
5,Deuteronomy,31,13,Deuteronomy 31:13,15,ܕܥ̇ܒܪܝܢ,,,,Peshitta,PESH
5,Deuteronomy,31,13,Deuteronomy 31:13,16,ܐܢܬܘܢ,,,,Peshitta,PESH
5,Deuteronomy,31,13,Deuteronomy 31:13,17,ܝܘܪܕܢܢ,,,,Peshitta,PESH
5,Deuteronomy,31,13,Deuteronomy 31:13,18,ܠܡܐܪܬܗ̇,,,,Peshitta,PESH
5,Deuteronomy,31,14,Deuteronomy 31:14,1,ܘܐܡܪ,,,,Peshitta,PESH
5,Deuteronomy,31,14,Deuteronomy 31:14,2,ܡܪܝܐ,,,,Peshitta,PESH
5,Deuteronomy,31,14,Deuteronomy 31:14,3,ܠܡܘܫܐ,,,,Peshitta,PESH
5,Deuteronomy,31,14,Deuteronomy 31:14,4,ܗܐ,,,,Peshitta,PESH
5,Deuteronomy,31,14,Deuteronomy 31:14,5,ܩܪܒܘ,,,,Peshitta,PESH
5,Deuteronomy,31,14,Deuteronomy 31:14,6,ܝܘܡ̈ܝܟ,,,,Peshitta,PESH
5,Deuteronomy,31,14,Deuteronomy 31:14,7,ܠܡܡܬ,,,,Peshitta,PESH
5,Deuteronomy,31,14,Deuteronomy 31:14,8,ܩܪܝ,,,,Peshitta,PESH
5,Deuteronomy,31,14,Deuteronomy 31:14,9,ܠܝܫܘܥ,,,,Peshitta,PESH
5,Deuteronomy,31,14,Deuteronomy 31:14,10,ܘܩܘܡ,,,,Peshitta,PESH
5,Deuteronomy,31,14,Deuteronomy 31:14,11,ܒܡܫܟܢ,,,,Peshitta,PESH
5,Deuteronomy,31,14,Deuteronomy 31:14,12,ܙܒܢܐ,,,,Peshitta,PESH
5,Deuteronomy,31,14,Deuteronomy 31:14,13,ܘܐܦܩܕܝܘܗܝ,,,,Peshitta,PESH
5,Deuteronomy,31,14,Deuteronomy 31:14,14,ܘܐܙܠܘ,,,,Peshitta,PESH
5,Deuteronomy,31,14,Deuteronomy 31:14,15,ܡܘܫܐ,,,,Peshitta,PESH
5,Deuteronomy,31,14,Deuteronomy 31:14,16,ܘܝܫܘܥ,,,,Peshitta,PESH
5,Deuteronomy,31,14,Deuteronomy 31:14,17,ܘܩܡܘ,,,,Peshitta,PESH
5,Deuteronomy,31,14,Deuteronomy 31:14,18,ܒܡܫܟܢ,,,,Peshitta,PESH
5,Deuteronomy,31,14,Deuteronomy 31:14,19,ܙܒܢܐ,,,,Peshitta,PESH
5,Deuteronomy,31,15,Deuteronomy 31:15,1,ܘܐܬܓܠܝ,,,,Peshitta,PESH
5,Deuteronomy,31,15,Deuteronomy 31:15,2,ܡܪܝܐ,,,,Peshitta,PESH
5,Deuteronomy,31,15,Deuteronomy 31:15,3,ܒܡܫܟܢ,,,,Peshitta,PESH
5,Deuteronomy,31,15,Deuteronomy 31:15,4,ܙܒܢܐ,,,,Peshitta,PESH
5,Deuteronomy,31,15,Deuteronomy 31:15,5,ܒܥܡܘܕܐ,,,,Peshitta,PESH
5,Deuteronomy,31,15,Deuteronomy 31:15,6,ܕܥܢܢܐ,,,,Peshitta,PESH
5,Deuteronomy,31,15,Deuteronomy 31:15,7,ܘܩܡ,,,,Peshitta,PESH
5,Deuteronomy,31,15,Deuteronomy 31:15,8,ܥܡܘܕܐ,,,,Peshitta,PESH
5,Deuteronomy,31,15,Deuteronomy 31:15,9,ܕܥܢܢܐ,,,,Peshitta,PESH
5,Deuteronomy,31,15,Deuteronomy 31:15,10,ܒܬܪܥܐ,,,,Peshitta,PESH
5,Deuteronomy,31,15,Deuteronomy 31:15,11,ܕܡܫܟܢܐ,,,,Peshitta,PESH
5,Deuteronomy,31,16,Deuteronomy 31:16,1,ܘܐܡܪ,,,,Peshitta,PESH
5,Deuteronomy,31,16,Deuteronomy 31:16,2,ܡܪܝܐ,,,,Peshitta,PESH
5,Deuteronomy,31,16,Deuteronomy 31:16,3,ܠܡܘܫܐ,,,,Peshitta,PESH
5,Deuteronomy,31,16,Deuteronomy 31:16,4,ܗܐ,,,,Peshitta,PESH
5,Deuteronomy,31,16,Deuteronomy 31:16,5,ܐܢܬ,,,,Peshitta,PESH
5,Deuteronomy,31,16,Deuteronomy 31:16,6,ܫ̇ܟܒ,,,,Peshitta,PESH
5,Deuteronomy,31,16,Deuteronomy 31:16,7,ܐܢܬ,,,,Peshitta,PESH
5,Deuteronomy,31,16,Deuteronomy 31:16,8,ܥܡ,,,,Peshitta,PESH
5,Deuteronomy,31,16,Deuteronomy 31:16,9,ܐ̈ܒܗܝܟ,,,,Peshitta,PESH
5,Deuteronomy,31,16,Deuteronomy 31:16,10,ܘܩ̇ܐܡ,,,,Peshitta,PESH
5,Deuteronomy,31,16,Deuteronomy 31:16,11,ܥܡܐ,,,,Peshitta,PESH
5,Deuteronomy,31,16,Deuteronomy 31:16,12,ܗܢܐ,,,,Peshitta,PESH
5,Deuteronomy,31,16,Deuteronomy 31:16,13,ܘܛ̇ܥܐ,,,,Peshitta,PESH
5,Deuteronomy,31,16,Deuteronomy 31:16,14,ܒܬܪ,,,,Peshitta,PESH
5,Deuteronomy,31,16,Deuteronomy 31:16,15,ܐ̈ܠܗܐ,,,,Peshitta,PESH
5,Deuteronomy,31,16,Deuteronomy 31:16,16,ܢܘܟܪ̈ܝܐ,,,,Peshitta,PESH
5,Deuteronomy,31,16,Deuteronomy 31:16,17,ܕܐܪܥܐ,,,,Peshitta,PESH
5,Deuteronomy,31,16,Deuteronomy 31:16,18,ܕܗܘ,,,,Peshitta,PESH
5,Deuteronomy,31,16,Deuteronomy 31:16,19,ܥ̇ܐܠ,,,,Peshitta,PESH
5,Deuteronomy,31,16,Deuteronomy 31:16,20,ܠܬܡܢ,,,,Peshitta,PESH
5,Deuteronomy,31,16,Deuteronomy 31:16,21,ܒܝܢܬܗܘܢ,,,,Peshitta,PESH
5,Deuteronomy,31,16,Deuteronomy 31:16,22,ܘܫ̇ܒܩ,,,,Peshitta,PESH
5,Deuteronomy,31,16,Deuteronomy 31:16,23,ܠܝ,,,,Peshitta,PESH
5,Deuteronomy,31,16,Deuteronomy 31:16,24,ܘܡܒܛܠ,,,,Peshitta,PESH
5,Deuteronomy,31,16,Deuteronomy 31:16,25,ܩܝܡܝ,,,,Peshitta,PESH
5,Deuteronomy,31,16,Deuteronomy 31:16,26,ܕܐܩܝܡܬ,,,,Peshitta,PESH
5,Deuteronomy,31,16,Deuteronomy 31:16,27,ܥܡܗ,,,,Peshitta,PESH
5,Deuteronomy,31,17,Deuteronomy 31:17,1,ܘܡܬܚܡܬ,,,,Peshitta,PESH
5,Deuteronomy,31,17,Deuteronomy 31:17,2,ܪܘܓܙܝ,,,,Peshitta,PESH
5,Deuteronomy,31,17,Deuteronomy 31:17,3,ܥܠܘܗܝ,,,,Peshitta,PESH
5,Deuteronomy,31,17,Deuteronomy 31:17,4,ܒܝܘܡܐ,,,,Peshitta,PESH
5,Deuteronomy,31,17,Deuteronomy 31:17,5,ܗ̇ܘ,,,,Peshitta,PESH
5,Deuteronomy,31,17,Deuteronomy 31:17,6,ܘܐܫܒܘܩ,,,,Peshitta,PESH
5,Deuteronomy,31,17,Deuteronomy 31:17,7,ܐܢܘܢ,,,,Peshitta,PESH
5,Deuteronomy,31,17,Deuteronomy 31:17,8,ܘܐܗܦܟ,,,,Peshitta,PESH
5,Deuteronomy,31,17,Deuteronomy 31:17,9,ܐ̈ܦܝ,,,,Peshitta,PESH
5,Deuteronomy,31,17,Deuteronomy 31:17,10,ܡܢܗܘܢ,,,,Peshitta,PESH
5,Deuteronomy,31,17,Deuteronomy 31:17,11,ܘܢܗܘܐ,,,,Peshitta,PESH
5,Deuteronomy,31,17,Deuteronomy 31:17,12,ܠܡܐܟܘܠܬܐ,,,,Peshitta,PESH
5,Deuteronomy,31,17,Deuteronomy 31:17,13,ܘܬܡܛܝܘܗܝ,,,,Peshitta,PESH
5,Deuteronomy,31,17,Deuteronomy 31:17,14,ܒܝܫܬܐ,,,,Peshitta,PESH
5,Deuteronomy,31,17,Deuteronomy 31:17,15,ܣܓܝܐܬܐ,,,,Peshitta,PESH
5,Deuteronomy,31,17,Deuteronomy 31:17,16,ܘܥܩܬܐ,,,,Peshitta,PESH
5,Deuteronomy,31,17,Deuteronomy 31:17,17,ܘܢܐܡܪ,,,,Peshitta,PESH
5,Deuteronomy,31,17,Deuteronomy 31:17,18,ܒܝܘܡܐ,,,,Peshitta,PESH
5,Deuteronomy,31,17,Deuteronomy 31:17,19,ܗ̇ܘ,,,,Peshitta,PESH
5,Deuteronomy,31,17,Deuteronomy 31:17,20,ܡܛܘܠ,,,,Peshitta,PESH
5,Deuteronomy,31,17,Deuteronomy 31:17,21,ܕܠܝܬ,,,,Peshitta,PESH
5,Deuteronomy,31,17,Deuteronomy 31:17,22,ܐܠܗܝ,,,,Peshitta,PESH
5,Deuteronomy,31,17,Deuteronomy 31:17,23,ܒܓܘܝ,,,,Peshitta,PESH
5,Deuteronomy,31,17,Deuteronomy 31:17,24,ܐܪܥܢܝ,,,,Peshitta,PESH
5,Deuteronomy,31,17,Deuteronomy 31:17,25,ܗܠܝܢ,,,,Peshitta,PESH
5,Deuteronomy,31,17,Deuteronomy 31:17,26,ܟܠܗܝܢ,,,,Peshitta,PESH
5,Deuteronomy,31,17,Deuteronomy 31:17,27,ܒܝ̈ܫܬܐ,,,,Peshitta,PESH
5,Deuteronomy,31,18,Deuteronomy 31:18,1,ܘܐܢܐ,,,,Peshitta,PESH
5,Deuteronomy,31,18,Deuteronomy 31:18,2,ܡܗܦܟܘ,,,,Peshitta,PESH
5,Deuteronomy,31,18,Deuteronomy 31:18,3,ܐܗܦܟ,,,,Peshitta,PESH
5,Deuteronomy,31,18,Deuteronomy 31:18,4,ܐ̈ܦܝ,,,,Peshitta,PESH
5,Deuteronomy,31,18,Deuteronomy 31:18,5,ܡܢܗܘܢ,,,,Peshitta,PESH
5,Deuteronomy,31,18,Deuteronomy 31:18,6,ܒܝܘܡܐ,,,,Peshitta,PESH
5,Deuteronomy,31,18,Deuteronomy 31:18,7,ܗ̇ܘ,,,,Peshitta,PESH
5,Deuteronomy,31,18,Deuteronomy 31:18,8,ܡܛܠ,,,,Peshitta,PESH
5,Deuteronomy,31,18,Deuteronomy 31:18,9,ܟܘܠܗܝܢ,,,,Peshitta,PESH
5,Deuteronomy,31,18,Deuteronomy 31:18,10,ܒܝ̈ܫܬܐ,,,,Peshitta,PESH
5,Deuteronomy,31,18,Deuteronomy 31:18,11,ܕܥܒܕܘ,,,,Peshitta,PESH
5,Deuteronomy,31,18,Deuteronomy 31:18,12,ܥܠ,,,,Peshitta,PESH
5,Deuteronomy,31,18,Deuteronomy 31:18,13,ܕܣܛܘ,,,,Peshitta,PESH
5,Deuteronomy,31,18,Deuteronomy 31:18,14,ܒܬܪ,,,,Peshitta,PESH
5,Deuteronomy,31,18,Deuteronomy 31:18,15,ܐ̈ܠܗܐ,,,,Peshitta,PESH
5,Deuteronomy,31,18,Deuteronomy 31:18,16,ܐܚܪ̈ܢܐ,,,,Peshitta,PESH
5,Deuteronomy,31,19,Deuteronomy 31:19,1,ܡܟܝܠ,,,,Peshitta,PESH
5,Deuteronomy,31,19,Deuteronomy 31:19,2,ܟܬܘܒ,,,,Peshitta,PESH
5,Deuteronomy,31,19,Deuteronomy 31:19,3,ܠܗܘܢ,,,,Peshitta,PESH
5,Deuteronomy,31,19,Deuteronomy 31:19,4,ܬܫܒܘܚܬܐ,,,,Peshitta,PESH
5,Deuteronomy,31,19,Deuteronomy 31:19,5,ܗܕܐ,,,,Peshitta,PESH
5,Deuteronomy,31,19,Deuteronomy 31:19,6,ܘܐܠܦܝܗ̇,,,,Peshitta,PESH
5,Deuteronomy,31,19,Deuteronomy 31:19,7,ܠܒܢ̈ܝ,,,,Peshitta,PESH
5,Deuteronomy,31,19,Deuteronomy 31:19,8,ܐܝܣܪܝܠ,,,,Peshitta,PESH
5,Deuteronomy,31,19,Deuteronomy 31:19,9,ܘܣܝܡܝܗ̇,,,,Peshitta,PESH
5,Deuteronomy,31,19,Deuteronomy 31:19,10,ܒܦܘܡܗܘܢ,,,,Peshitta,PESH
5,Deuteronomy,31,19,Deuteronomy 31:19,11,ܡܛܠ,,,,Peshitta,PESH
5,Deuteronomy,31,19,Deuteronomy 31:19,12,ܕܬܗܘܐ,,,,Peshitta,PESH
5,Deuteronomy,31,19,Deuteronomy 31:19,13,ܠܝ,,,,Peshitta,PESH
5,Deuteronomy,31,19,Deuteronomy 31:19,14,ܬܫܒܘܚܬܐ,,,,Peshitta,PESH
5,Deuteronomy,31,19,Deuteronomy 31:19,15,ܗܕܐ,,,,Peshitta,PESH
5,Deuteronomy,31,19,Deuteronomy 31:19,16,ܠܣܗܕܘܬܐ,,,,Peshitta,PESH
5,Deuteronomy,31,19,Deuteronomy 31:19,17,ܒܒܢ̈ܝ,,,,Peshitta,PESH
5,Deuteronomy,31,19,Deuteronomy 31:19,18,ܐܝܣܪܐܝܠ,,,,Peshitta,PESH
5,Deuteronomy,31,20,Deuteronomy 31:20,1,ܡܛܠ,,,,Peshitta,PESH
5,Deuteronomy,31,20,Deuteronomy 31:20,2,ܕܡܥܠ,,,,Peshitta,PESH
5,Deuteronomy,31,20,Deuteronomy 31:20,3,ܐܢܐ,,,,Peshitta,PESH
5,Deuteronomy,31,20,Deuteronomy 31:20,4,ܠܗܘܢ,,,,Peshitta,PESH
5,Deuteronomy,31,20,Deuteronomy 31:20,5,ܠܐܪܥܐ,,,,Peshitta,PESH
5,Deuteronomy,31,20,Deuteronomy 31:20,6,ܕܝܡ̇ܝܬ,,,,Peshitta,PESH
5,Deuteronomy,31,20,Deuteronomy 31:20,7,ܠܐ̈ܒܗܝܗܘܢ,,,,Peshitta,PESH
5,Deuteronomy,31,20,Deuteronomy 31:20,8,ܕܡܪܕܝܐ,,,,Peshitta,PESH
5,Deuteronomy,31,20,Deuteronomy 31:20,9,ܚܠܒܐ,,,,Peshitta,PESH
5,Deuteronomy,31,20,Deuteronomy 31:20,10,ܘܕܒܫܐ,,,,Peshitta,PESH
5,Deuteronomy,31,20,Deuteronomy 31:20,11,ܘܐ̇ܟܠܝܢ,,,,Peshitta,PESH
5,Deuteronomy,31,20,Deuteronomy 31:20,12,ܘܣ̇ܒܥܝܢ,,,,Peshitta,PESH
5,Deuteronomy,31,20,Deuteronomy 31:20,13,ܘܡܬܦܢܩܝܢ,,,,Peshitta,PESH
5,Deuteronomy,31,20,Deuteronomy 31:20,14,ܘܣ̇ܛܝܢ,,,,Peshitta,PESH
5,Deuteronomy,31,20,Deuteronomy 31:20,15,ܒܬܪ,,,,Peshitta,PESH
5,Deuteronomy,31,20,Deuteronomy 31:20,16,ܐ̈ܠܗܐ,,,,Peshitta,PESH
5,Deuteronomy,31,20,Deuteronomy 31:20,17,ܐܚܪ̈ܢܐ,,,,Peshitta,PESH
5,Deuteronomy,31,20,Deuteronomy 31:20,18,ܘܦ̇ܠܚܝܢ,,,,Peshitta,PESH
5,Deuteronomy,31,20,Deuteronomy 31:20,19,ܠܗܘܢ,,,,Peshitta,PESH
5,Deuteronomy,31,20,Deuteronomy 31:20,20,ܘܡܪܓܙܝܢ,,,,Peshitta,PESH
5,Deuteronomy,31,20,Deuteronomy 31:20,21,ܠܝ,,,,Peshitta,PESH
5,Deuteronomy,31,20,Deuteronomy 31:20,22,ܘܡܒܛܠܝܢ,,,,Peshitta,PESH
5,Deuteronomy,31,20,Deuteronomy 31:20,23,ܩܝܡܝ,,,,Peshitta,PESH
5,Deuteronomy,31,21,Deuteronomy 31:21,1,ܘܡܐ,,,,Peshitta,PESH
5,Deuteronomy,31,21,Deuteronomy 31:21,2,ܕܡ̇ܛܝ,,,,Peshitta,PESH
5,Deuteronomy,31,21,Deuteronomy 31:21,3,ܐܢܘܢ,,,,Peshitta,PESH
5,Deuteronomy,31,21,Deuteronomy 31:21,4,ܒܝ̈ܫܬܐ,,,,Peshitta,PESH
5,Deuteronomy,31,21,Deuteronomy 31:21,5,ܣ̈ܓܝܐܬܐ,,,,Peshitta,PESH
5,Deuteronomy,31,21,Deuteronomy 31:21,6,ܘܥܩ̈ܬܐ,,,,Peshitta,PESH
5,Deuteronomy,31,21,Deuteronomy 31:21,7,ܬܩܪܐ,,,,Peshitta,PESH
5,Deuteronomy,31,21,Deuteronomy 31:21,8,ܬܫܒܘܚܬܐ,,,,Peshitta,PESH
5,Deuteronomy,31,21,Deuteronomy 31:21,9,ܗܕܐ,,,,Peshitta,PESH
5,Deuteronomy,31,21,Deuteronomy 31:21,10,ܩܕܡܝܗܘܢ,,,,Peshitta,PESH
5,Deuteronomy,31,21,Deuteronomy 31:21,11,ܠܣܗܕܘܬܐ,,,,Peshitta,PESH
5,Deuteronomy,31,21,Deuteronomy 31:21,12,ܕܠܐ,,,,Peshitta,PESH
5,Deuteronomy,31,21,Deuteronomy 31:21,13,ܬܬܛܥܐ,,,,Peshitta,PESH
5,Deuteronomy,31,21,Deuteronomy 31:21,14,ܡܢ,,,,Peshitta,PESH
5,Deuteronomy,31,21,Deuteronomy 31:21,15,ܦܘܡܐ,,,,Peshitta,PESH
5,Deuteronomy,31,21,Deuteronomy 31:21,16,ܕܙܪܥܗܘܢ,,,,Peshitta,PESH
5,Deuteronomy,31,21,Deuteronomy 31:21,17,ܡܛܠ,,,,Peshitta,PESH
5,Deuteronomy,31,21,Deuteronomy 31:21,18,ܕܝ̇ܕܥ,,,,Peshitta,PESH
5,Deuteronomy,31,21,Deuteronomy 31:21,19,ܐܢܐ,,,,Peshitta,PESH
5,Deuteronomy,31,21,Deuteronomy 31:21,20,ܝܨܪܗܘܢ,,,,Peshitta,PESH
5,Deuteronomy,31,21,Deuteronomy 31:21,21,ܘܟܠ,,,,Peshitta,PESH
5,Deuteronomy,31,21,Deuteronomy 31:21,22,ܕܥ̇ܒܕܝܢ,,,,Peshitta,PESH
5,Deuteronomy,31,21,Deuteronomy 31:21,23,ܗܪܟܐ,,,,Peshitta,PESH
5,Deuteronomy,31,21,Deuteronomy 31:21,24,ܝܘܡܢܐ,,,,Peshitta,PESH
5,Deuteronomy,31,21,Deuteronomy 31:21,25,ܥܕ,,,,Peshitta,PESH
5,Deuteronomy,31,21,Deuteronomy 31:21,26,ܠܐ,,,,Peshitta,PESH
5,Deuteronomy,31,21,Deuteronomy 31:21,27,ܐܥܠ,,,,Peshitta,PESH
5,Deuteronomy,31,21,Deuteronomy 31:21,28,ܐܢܘܢ,,,,Peshitta,PESH
5,Deuteronomy,31,21,Deuteronomy 31:21,29,ܠܐܪܥܐ,,,,Peshitta,PESH
5,Deuteronomy,31,21,Deuteronomy 31:21,30,ܕܝܡ̇ܝܬ,,,,Peshitta,PESH
5,Deuteronomy,31,21,Deuteronomy 31:21,31,ܠܐ̈ܒܗܝܗܘܢ,,,,Peshitta,PESH
5,Deuteronomy,31,22,Deuteronomy 31:22,1,ܘܟܬܒ,,,,Peshitta,PESH
5,Deuteronomy,31,22,Deuteronomy 31:22,2,ܡܘܫܐ,,,,Peshitta,PESH
5,Deuteronomy,31,22,Deuteronomy 31:22,3,ܬܫܒܘܚܬܐ,,,,Peshitta,PESH
5,Deuteronomy,31,22,Deuteronomy 31:22,4,ܗܕܐ,,,,Peshitta,PESH
5,Deuteronomy,31,22,Deuteronomy 31:22,5,ܒܝܘܡܐ,,,,Peshitta,PESH
5,Deuteronomy,31,22,Deuteronomy 31:22,6,ܗ̇ܘ,,,,Peshitta,PESH
5,Deuteronomy,31,22,Deuteronomy 31:22,7,ܘܐܠܦܗ̇,,,,Peshitta,PESH
5,Deuteronomy,31,22,Deuteronomy 31:22,8,ܠܒܢ̈ܝ,,,,Peshitta,PESH
5,Deuteronomy,31,22,Deuteronomy 31:22,9,ܐܝܣܪܝܠ,,,,Peshitta,PESH
5,Deuteronomy,31,23,Deuteronomy 31:23,1,ܘܦܩܕ,,,,Peshitta,PESH
5,Deuteronomy,31,23,Deuteronomy 31:23,2,ܠܝܫܘܥ,,,,Peshitta,PESH
5,Deuteronomy,31,23,Deuteronomy 31:23,3,ܒܪܢܘܢ,,,,Peshitta,PESH
5,Deuteronomy,31,23,Deuteronomy 31:23,4,ܘܐܡܪ,,,,Peshitta,PESH
5,Deuteronomy,31,23,Deuteronomy 31:23,5,ܠܗ,,,,Peshitta,PESH
5,Deuteronomy,31,23,Deuteronomy 31:23,6,ܐܬܚܝܠ,,,,Peshitta,PESH
5,Deuteronomy,31,23,Deuteronomy 31:23,7,ܘܐܬܥܫܢ,,,,Peshitta,PESH
5,Deuteronomy,31,23,Deuteronomy 31:23,8,ܡܛܠ,,,,Peshitta,PESH
5,Deuteronomy,31,23,Deuteronomy 31:23,9,ܕܐܢܬ,,,,Peshitta,PESH
5,Deuteronomy,31,23,Deuteronomy 31:23,10,ܡܥܠ,,,,Peshitta,PESH
5,Deuteronomy,31,23,Deuteronomy 31:23,11,ܐܢܬ,,,,Peshitta,PESH
5,Deuteronomy,31,23,Deuteronomy 31:23,12,ܠܒ̈ܢܝ,,,,Peshitta,PESH
5,Deuteronomy,31,23,Deuteronomy 31:23,13,ܐܝܣܪܝܠ,,,,Peshitta,PESH
5,Deuteronomy,31,23,Deuteronomy 31:23,14,ܠܐܪܥܐ,,,,Peshitta,PESH
5,Deuteronomy,31,23,Deuteronomy 31:23,15,ܕܝܡ̇ܝܬ,,,,Peshitta,PESH
5,Deuteronomy,31,23,Deuteronomy 31:23,16,ܠܗܘܢ,,,,Peshitta,PESH
5,Deuteronomy,31,23,Deuteronomy 31:23,17,ܘܐܢܐ,,,,Peshitta,PESH
5,Deuteronomy,31,23,Deuteronomy 31:23,18,ܐܗܘܐ,,,,Peshitta,PESH
5,Deuteronomy,31,23,Deuteronomy 31:23,19,ܥܡܟ,,,,Peshitta,PESH
5,Deuteronomy,31,24,Deuteronomy 31:24,1,ܘܟܕ,,,,Peshitta,PESH
5,Deuteronomy,31,24,Deuteronomy 31:24,2,ܫܠܡ,,,,Peshitta,PESH
5,Deuteronomy,31,24,Deuteronomy 31:24,3,ܡܘܫܐ,,,,Peshitta,PESH
5,Deuteronomy,31,24,Deuteronomy 31:24,4,ܠܡܟܬܒ,,,,Peshitta,PESH
5,Deuteronomy,31,24,Deuteronomy 31:24,5,ܦܬ̈ܓܡܘܗܝ,,,,Peshitta,PESH
5,Deuteronomy,31,24,Deuteronomy 31:24,6,ܕܢܡܘܣܐ,,,,Peshitta,PESH
5,Deuteronomy,31,24,Deuteronomy 31:24,7,ܗܢܐ,,,,Peshitta,PESH
5,Deuteronomy,31,24,Deuteronomy 31:24,8,ܥܠ,,,,Peshitta,PESH
5,Deuteronomy,31,24,Deuteronomy 31:24,9,ܣܦܪܐ,,,,Peshitta,PESH
5,Deuteronomy,31,24,Deuteronomy 31:24,10,ܥܕܡܐ,,,,Peshitta,PESH
5,Deuteronomy,31,24,Deuteronomy 31:24,11,ܕܫܠܡܘ,,,,Peshitta,PESH
5,Deuteronomy,31,25,Deuteronomy 31:25,1,ܦܩܕ,,,,Peshitta,PESH
5,Deuteronomy,31,25,Deuteronomy 31:25,2,ܡܘܫܐ,,,,Peshitta,PESH
5,Deuteronomy,31,25,Deuteronomy 31:25,3,ܠܠܘ̈ܝܐ,,,,Peshitta,PESH
5,Deuteronomy,31,25,Deuteronomy 31:25,4,ܕܫܩܝܠܝܢ,,,,Peshitta,PESH
5,Deuteronomy,31,25,Deuteronomy 31:25,5,ܩܒܘܬܐ,,,,Peshitta,PESH
5,Deuteronomy,31,25,Deuteronomy 31:25,6,ܕܩܝܡܗ,,,,Peshitta,PESH
5,Deuteronomy,31,25,Deuteronomy 31:25,7,ܕܡܪܝܐ,,,,Peshitta,PESH
5,Deuteronomy,31,25,Deuteronomy 31:25,8,ܘܐܡܪ,,,,Peshitta,PESH
5,Deuteronomy,31,25,Deuteronomy 31:25,9,ܠܗܘܢ,,,,Peshitta,PESH
5,Deuteronomy,31,26,Deuteronomy 31:26,1,ܣܒܘ,,,,Peshitta,PESH
5,Deuteronomy,31,26,Deuteronomy 31:26,2,ܣܦܪܐ,,,,Peshitta,PESH
5,Deuteronomy,31,26,Deuteronomy 31:26,3,ܗܢܐ,,,,Peshitta,PESH
5,Deuteronomy,31,26,Deuteronomy 31:26,4,ܕܢܡܘܣܐ,,,,Peshitta,PESH
5,Deuteronomy,31,26,Deuteronomy 31:26,5,ܘܣܝܡܘܗܝ,,,,Peshitta,PESH
5,Deuteronomy,31,26,Deuteronomy 31:26,6,ܒܣܛܪܐ,,,,Peshitta,PESH
5,Deuteronomy,31,26,Deuteronomy 31:26,7,ܕܩܒܘܬܐ,,,,Peshitta,PESH
5,Deuteronomy,31,26,Deuteronomy 31:26,8,ܕܩܝܡܗ,,,,Peshitta,PESH
5,Deuteronomy,31,26,Deuteronomy 31:26,9,ܕܡܪܝܐ,,,,Peshitta,PESH
5,Deuteronomy,31,26,Deuteronomy 31:26,10,ܐܠܗܟܘܢ,,,,Peshitta,PESH
5,Deuteronomy,31,26,Deuteronomy 31:26,11,ܘܢܗܘܐ,,,,Peshitta,PESH
5,Deuteronomy,31,26,Deuteronomy 31:26,12,ܠܟܘܢ,,,,Peshitta,PESH
5,Deuteronomy,31,26,Deuteronomy 31:26,13,ܬܡܢ,,,,Peshitta,PESH
5,Deuteronomy,31,26,Deuteronomy 31:26,14,ܣܗܕܐ,,,,Peshitta,PESH
5,Deuteronomy,31,27,Deuteronomy 31:27,1,ܡܛܠ,,,,Peshitta,PESH
5,Deuteronomy,31,27,Deuteronomy 31:27,2,ܕܐܢܐ,,,,Peshitta,PESH
5,Deuteronomy,31,27,Deuteronomy 31:27,3,ܝ̇ܕܥ,,,,Peshitta,PESH
5,Deuteronomy,31,27,Deuteronomy 31:27,4,ܐܢܐ,,,,Peshitta,PESH
5,Deuteronomy,31,27,Deuteronomy 31:27,5,ܡܡܪܡܪܢܘܬܟܘܢ,,,,Peshitta,PESH
5,Deuteronomy,31,27,Deuteronomy 31:27,6,ܘܩܕܠܟܘܢ,,,,Peshitta,PESH
5,Deuteronomy,31,27,Deuteronomy 31:27,7,ܩܫܝܐ,,,,Peshitta,PESH
5,Deuteronomy,31,27,Deuteronomy 31:27,8,ܘܗܐ,,,,Peshitta,PESH
5,Deuteronomy,31,27,Deuteronomy 31:27,9,ܥܕ,,,,Peshitta,PESH
5,Deuteronomy,31,27,Deuteronomy 31:27,10,ܐܢܐ,,,,Peshitta,PESH
5,Deuteronomy,31,27,Deuteronomy 31:27,11,ܚܝ,,,,Peshitta,PESH
5,Deuteronomy,31,27,Deuteronomy 31:27,12,ܥܡܟܘܢ,,,,Peshitta,PESH
5,Deuteronomy,31,27,Deuteronomy 31:27,13,ܝܘܡܢܐ,,,,Peshitta,PESH
5,Deuteronomy,31,27,Deuteronomy 31:27,14,ܡܪܡܪܬܘܢ,,,,Peshitta,PESH
5,Deuteronomy,31,27,Deuteronomy 31:27,15,ܠܡܪܝܐ,,,,Peshitta,PESH
5,Deuteronomy,31,27,Deuteronomy 31:27,16,ܘܐܦ,,,,Peshitta,PESH
5,Deuteronomy,31,27,Deuteronomy 31:27,17,ܡܢ,,,,Peshitta,PESH
5,Deuteronomy,31,27,Deuteronomy 31:27,18,ܒܬܪ,,,,Peshitta,PESH
5,Deuteronomy,31,27,Deuteronomy 31:27,19,ܕܡ̇ܐܬ,,,,Peshitta,PESH
5,Deuteronomy,31,27,Deuteronomy 31:27,20,ܐܢܐ,,,,Peshitta,PESH
5,Deuteronomy,31,28,Deuteronomy 31:28,1,ܐܬܟܢܫܘ,,,,Peshitta,PESH
5,Deuteronomy,31,28,Deuteronomy 31:28,2,ܠܘܬܝ,,,,Peshitta,PESH
5,Deuteronomy,31,28,Deuteronomy 31:28,3,ܟܠܟܘܢ,,,,Peshitta,PESH
5,Deuteronomy,31,28,Deuteronomy 31:28,4,ܪ̈ܝܫܐ,,,,Peshitta,PESH
5,Deuteronomy,31,28,Deuteronomy 31:28,5,ܕܫ̈ܒܛܝܟܘܢ,,,,Peshitta,PESH
5,Deuteronomy,31,28,Deuteronomy 31:28,6,ܘܣܦܪ̈ܝܟܘܢ,,,,Peshitta,PESH
5,Deuteronomy,31,28,Deuteronomy 31:28,7,ܘܐܡܪ,,,,Peshitta,PESH
5,Deuteronomy,31,28,Deuteronomy 31:28,8,ܠܟܘܢ,,,,Peshitta,PESH
5,Deuteronomy,31,28,Deuteronomy 31:28,9,ܗܠܝܢ,,,,Peshitta,PESH
5,Deuteronomy,31,28,Deuteronomy 31:28,10,ܦܬ̈ܓܡܐ,,,,Peshitta,PESH
5,Deuteronomy,31,28,Deuteronomy 31:28,11,ܘܐܣܗܕ,,,,Peshitta,PESH
5,Deuteronomy,31,28,Deuteronomy 31:28,12,ܒܟܘܢ,,,,Peshitta,PESH
5,Deuteronomy,31,28,Deuteronomy 31:28,13,ܫܡܝܐ,,,,Peshitta,PESH
5,Deuteronomy,31,28,Deuteronomy 31:28,14,ܘܐܪܥܐ,,,,Peshitta,PESH
5,Deuteronomy,31,29,Deuteronomy 31:29,1,ܡܛܠ,,,,Peshitta,PESH
5,Deuteronomy,31,29,Deuteronomy 31:29,2,ܕܝ̇ܕܥ,,,,Peshitta,PESH
5,Deuteronomy,31,29,Deuteronomy 31:29,3,ܐܢܐ,,,,Peshitta,PESH
5,Deuteronomy,31,29,Deuteronomy 31:29,4,ܕܡܢ,,,,Peshitta,PESH
5,Deuteronomy,31,29,Deuteronomy 31:29,5,ܒܬܪ,,,,Peshitta,PESH
5,Deuteronomy,31,29,Deuteronomy 31:29,6,ܡܘܬܝ,,,,Peshitta,PESH
5,Deuteronomy,31,29,Deuteronomy 31:29,7,ܡܚܒܠܘ,,,,Peshitta,PESH
5,Deuteronomy,31,29,Deuteronomy 31:29,8,ܡܚܒܠܝܢ,,,,Peshitta,PESH
5,Deuteronomy,31,29,Deuteronomy 31:29,9,ܐܢܬܘܢ,,,,Peshitta,PESH
5,Deuteronomy,31,29,Deuteronomy 31:29,10,ܘܣ̇ܛܝܢ,,,,Peshitta,PESH
5,Deuteronomy,31,29,Deuteronomy 31:29,11,ܐܢܬܘܢ,,,,Peshitta,PESH
5,Deuteronomy,31,29,Deuteronomy 31:29,12,ܡܢ,,,,Peshitta,PESH
5,Deuteronomy,31,29,Deuteronomy 31:29,13,ܐܘܪܚܐ,,,,Peshitta,PESH
5,Deuteronomy,31,29,Deuteronomy 31:29,14,ܕܦ̇ܩܕܬܟܘܢ,,,,Peshitta,PESH
5,Deuteronomy,31,29,Deuteronomy 31:29,15,ܘܐܪܥܐ,,,,Peshitta,PESH
5,Deuteronomy,31,29,Deuteronomy 31:29,16,ܠܟܘܢ,,,,Peshitta,PESH
5,Deuteronomy,31,29,Deuteronomy 31:29,17,ܒܝܫܬܐ,,,,Peshitta,PESH
5,Deuteronomy,31,29,Deuteronomy 31:29,18,ܒܚܪܬܐ,,,,Peshitta,PESH
5,Deuteronomy,31,29,Deuteronomy 31:29,19,ܕܝܘܡ̈ܬܐ,,,,Peshitta,PESH
5,Deuteronomy,31,29,Deuteronomy 31:29,20,ܡܐ,,,,Peshitta,PESH
5,Deuteronomy,31,29,Deuteronomy 31:29,21,ܕܥܒܕܬܘܢ,,,,Peshitta,PESH
5,Deuteronomy,31,29,Deuteronomy 31:29,22,ܒܝܫܬܐ,,,,Peshitta,PESH
5,Deuteronomy,31,29,Deuteronomy 31:29,23,ܩܕܡ,,,,Peshitta,PESH
5,Deuteronomy,31,29,Deuteronomy 31:29,24,ܡܪܝܐ,,,,Peshitta,PESH
5,Deuteronomy,31,29,Deuteronomy 31:29,25,ܘܐܪܓܙܬܘܢܝܗܝ,,,,Peshitta,PESH
5,Deuteronomy,31,29,Deuteronomy 31:29,26,ܒܥܒܕܐ,,,,Peshitta,PESH
5,Deuteronomy,31,29,Deuteronomy 31:29,27,ܕܐ̈ܝܕܝܟܘܢ,,,,Peshitta,PESH
5,Deuteronomy,31,30,Deuteronomy 31:30,1,ܘܐܡܪ,,,,Peshitta,PESH
5,Deuteronomy,31,30,Deuteronomy 31:30,2,ܡܘܫܐ,,,,Peshitta,PESH
5,Deuteronomy,31,30,Deuteronomy 31:30,3,ܩܕܡ,,,,Peshitta,PESH
5,Deuteronomy,31,30,Deuteronomy 31:30,4,ܟܠܗ̇,,,,Peshitta,PESH
5,Deuteronomy,31,30,Deuteronomy 31:30,5,ܟܢܘܫܬܐ,,,,Peshitta,PESH
5,Deuteronomy,31,30,Deuteronomy 31:30,6,ܕܐܝܣܪܝܠ,,,,Peshitta,PESH
5,Deuteronomy,31,30,Deuteronomy 31:30,7,ܦܬ̈ܓܡܐ,,,,Peshitta,PESH
5,Deuteronomy,31,30,Deuteronomy 31:30,8,ܕܬܫܒܘܚܬܐ,,,,Peshitta,PESH
5,Deuteronomy,31,30,Deuteronomy 31:30,9,ܗܕܐ,,,,Peshitta,PESH
5,Deuteronomy,31,30,Deuteronomy 31:30,10,ܥܕܡܐ,,,,Peshitta,PESH
5,Deuteronomy,31,30,Deuteronomy 31:30,11,ܕܫܠܡܘ,,,,Peshitta,PESH
5,Deuteronomy,32,1,Deuteronomy 32:1,1,ܨܘܬ,,,,Peshitta,PESH
5,Deuteronomy,32,1,Deuteronomy 32:1,2,ܫܡܝܐ,,,,Peshitta,PESH
5,Deuteronomy,32,1,Deuteronomy 32:1,3,ܘܐܡܠܠ,,,,Peshitta,PESH
5,Deuteronomy,32,1,Deuteronomy 32:1,4,ܬܫܡܥ,,,,Peshitta,PESH
5,Deuteronomy,32,1,Deuteronomy 32:1,5,ܐܪܥܐ,,,,Peshitta,PESH
5,Deuteronomy,32,1,Deuteronomy 32:1,6,ܡܐܡܪܗ,,,,Peshitta,PESH
5,Deuteronomy,32,1,Deuteronomy 32:1,7,ܕܦܘܡܝ,,,,Peshitta,PESH
5,Deuteronomy,32,2,Deuteronomy 32:2,1,ܢܪܣܡ,,,,Peshitta,PESH
5,Deuteronomy,32,2,Deuteronomy 32:2,2,ܐܝܟ,,,,Peshitta,PESH
5,Deuteronomy,32,2,Deuteronomy 32:2,3,ܡܛܪܐ,,,,Peshitta,PESH
5,Deuteronomy,32,2,Deuteronomy 32:2,4,ܝܘܠܦܢܝ,,,,Peshitta,PESH
5,Deuteronomy,32,2,Deuteronomy 32:2,5,ܘܢܚܘܬ,,,,Peshitta,PESH
5,Deuteronomy,32,2,Deuteronomy 32:2,6,ܐܝܟ,,,,Peshitta,PESH
5,Deuteronomy,32,2,Deuteronomy 32:2,7,ܛܠܐ,,,,Peshitta,PESH
5,Deuteronomy,32,2,Deuteronomy 32:2,8,ܡܐܡܪܝ,,,,Peshitta,PESH
5,Deuteronomy,32,2,Deuteronomy 32:2,9,ܐܝܟ,,,,Peshitta,PESH
5,Deuteronomy,32,2,Deuteronomy 32:2,10,ܪ̈ܘܚܐ,,,,Peshitta,PESH
5,Deuteronomy,32,2,Deuteronomy 32:2,11,ܕܥܠ,,,,Peshitta,PESH
5,Deuteronomy,32,2,Deuteronomy 32:2,12,ܬܕܐܐ,,,,Peshitta,PESH
5,Deuteronomy,32,2,Deuteronomy 32:2,13,ܘܐܝܟ,,,,Peshitta,PESH
5,Deuteronomy,32,2,Deuteronomy 32:2,14,ܐܪ̈ܣܝܣܐ,,,,Peshitta,PESH
5,Deuteronomy,32,2,Deuteronomy 32:2,15,ܕܥܠ,,,,Peshitta,PESH
5,Deuteronomy,32,2,Deuteronomy 32:2,16,ܥܣܒܐ,,,,Peshitta,PESH
5,Deuteronomy,32,3,Deuteronomy 32:3,1,ܡܛܘܠ,,,,Peshitta,PESH
5,Deuteronomy,32,3,Deuteronomy 32:3,2,ܕܒܫܡܗ,,,,Peshitta,PESH
5,Deuteronomy,32,3,Deuteronomy 32:3,3,ܕܡܪܝܐ,,,,Peshitta,PESH
5,Deuteronomy,32,3,Deuteronomy 32:3,4,ܐܩܪܐ,,,,Peshitta,PESH
5,Deuteronomy,32,3,Deuteronomy 32:3,5,ܗܒܘ,,,,Peshitta,PESH
5,Deuteronomy,32,3,Deuteronomy 32:3,6,ܪܒܘܬܐ,,,,Peshitta,PESH
5,Deuteronomy,32,3,Deuteronomy 32:3,7,ܠܐܠܗܢ,,,,Peshitta,PESH
5,Deuteronomy,32,3,Deuteronomy 32:3,8,ܬܩܝܦܐ,,,,Peshitta,PESH
5,Deuteronomy,32,4,Deuteronomy 32:4,1,ܕܕܠܐ,,,,Peshitta,PESH
5,Deuteronomy,32,4,Deuteronomy 32:4,2,ܡܘܡ,,,,Peshitta,PESH
5,Deuteronomy,32,4,Deuteronomy 32:4,3,ܥ̈ܒ̇ܕܘܗܝ,,,,Peshitta,PESH
5,Deuteronomy,32,4,Deuteronomy 32:4,4,ܘܟܘܠܗܝܢ,,,,Peshitta,PESH
5,Deuteronomy,32,4,Deuteronomy 32:4,5,ܐܘܪ̈ܚܬܗ,,,,Peshitta,PESH
5,Deuteronomy,32,4,Deuteronomy 32:4,6,ܕܝܢܐ,,,,Peshitta,PESH
5,Deuteronomy,32,4,Deuteronomy 32:4,7,ܐܠܗܐ,,,,Peshitta,PESH
5,Deuteronomy,32,4,Deuteronomy 32:4,8,ܗܘ,,,,Peshitta,PESH
5,Deuteronomy,32,4,Deuteronomy 32:4,9,ܡܗܝܡܢܐ,,,,Peshitta,PESH
5,Deuteronomy,32,4,Deuteronomy 32:4,10,ܘܠܐ,,,,Peshitta,PESH
5,Deuteronomy,32,4,Deuteronomy 32:4,11,ܗܘܐ,,,,Peshitta,PESH
5,Deuteronomy,32,4,Deuteronomy 32:4,12,ܥܘ̇ܠܐ,,,,Peshitta,PESH
5,Deuteronomy,32,4,Deuteronomy 32:4,13,ܙܕܝܩܐ,,,,Peshitta,PESH
5,Deuteronomy,32,4,Deuteronomy 32:4,14,ܘܬܪܝܨܐ,,,,Peshitta,PESH
5,Deuteronomy,32,5,Deuteronomy 32:5,1,ܚܒܠܘ,,,,Peshitta,PESH
5,Deuteronomy,32,5,Deuteronomy 32:5,2,ܘܠܐ,,,,Peshitta,PESH
5,Deuteronomy,32,5,Deuteronomy 32:5,3,ܠܗ,,,,Peshitta,PESH
5,Deuteronomy,32,5,Deuteronomy 32:5,4,ܒܢ̈ܝܐ,,,,Peshitta,PESH
5,Deuteronomy,32,5,Deuteronomy 32:5,5,ܕܡܘܡܐ,,,,Peshitta,PESH
5,Deuteronomy,32,5,Deuteronomy 32:5,6,ܕܪܐ,,,,Peshitta,PESH
5,Deuteronomy,32,5,Deuteronomy 32:5,7,ܡܥܩܡܐ,,,,Peshitta,PESH
5,Deuteronomy,32,5,Deuteronomy 32:5,8,ܘܡܦܬܠܐ,,,,Peshitta,PESH
5,Deuteronomy,32,6,Deuteronomy 32:6,1,ܗܠܝܢ,,,,Peshitta,PESH
5,Deuteronomy,32,6,Deuteronomy 32:6,2,ܠܡܪܝܐ,,,,Peshitta,PESH
5,Deuteronomy,32,6,Deuteronomy 32:6,3,ܦ̇ܪܥܝܢ,,,,Peshitta,PESH
5,Deuteronomy,32,6,Deuteronomy 32:6,4,ܐܢܬܘܢ,,,,Peshitta,PESH
5,Deuteronomy,32,6,Deuteronomy 32:6,5,ܥܡܐ,,,,Peshitta,PESH
5,Deuteronomy,32,6,Deuteronomy 32:6,6,ܣܟܠܐ,,,,Peshitta,PESH
5,Deuteronomy,32,6,Deuteronomy 32:6,7,ܘܠܐ,,,,Peshitta,PESH
5,Deuteronomy,32,6,Deuteronomy 32:6,8,ܗܘܐ,,,,Peshitta,PESH
5,Deuteronomy,32,6,Deuteronomy 32:6,9,ܚܟܝܡܐ,,,,Peshitta,PESH
5,Deuteronomy,32,6,Deuteronomy 32:6,10,ܕܠܡܐ,,,,Peshitta,PESH
5,Deuteronomy,32,6,Deuteronomy 32:6,11,ܠܐ,,,,Peshitta,PESH
5,Deuteronomy,32,6,Deuteronomy 32:6,12,ܗܘܐ,,,,Peshitta,PESH
5,Deuteronomy,32,6,Deuteronomy 32:6,13,ܐܒܘܟ,,,,Peshitta,PESH
5,Deuteronomy,32,6,Deuteronomy 32:6,14,ܕܩܢܟ,,,,Peshitta,PESH
5,Deuteronomy,32,6,Deuteronomy 32:6,15,ܘܗܘ,,,,Peshitta,PESH
5,Deuteronomy,32,6,Deuteronomy 32:6,16,ܥܒ̣ܕܟ,,,,Peshitta,PESH
5,Deuteronomy,32,6,Deuteronomy 32:6,17,ܘܐܬܩܢܟ,,,,Peshitta,PESH
5,Deuteronomy,32,7,Deuteronomy 32:7,1,ܐܬܕܟܪ,,,,Peshitta,PESH
5,Deuteronomy,32,7,Deuteronomy 32:7,2,ܝܘܡ̈ܬܐ,,,,Peshitta,PESH
5,Deuteronomy,32,7,Deuteronomy 32:7,3,ܕܡܢ,,,,Peshitta,PESH
5,Deuteronomy,32,7,Deuteronomy 32:7,4,ܥܠܡ,,,,Peshitta,PESH
5,Deuteronomy,32,7,Deuteronomy 32:7,5,ܘܐܣܬܟܠ,,,,Peshitta,PESH
5,Deuteronomy,32,7,Deuteronomy 32:7,6,ܒܫ̈ܢܝܐ,,,,Peshitta,PESH
5,Deuteronomy,32,7,Deuteronomy 32:7,7,ܕܕܪܕܪܝܢ,,,,Peshitta,PESH
5,Deuteronomy,32,7,Deuteronomy 32:7,8,ܫ̇ܐܠ,,,,Peshitta,PESH
5,Deuteronomy,32,7,Deuteronomy 32:7,9,ܠܐܒܘܟ,,,,Peshitta,PESH
5,Deuteronomy,32,7,Deuteronomy 32:7,10,ܘܢܚܘܝܟ,,,,Peshitta,PESH
5,Deuteronomy,32,7,Deuteronomy 32:7,11,ܘܠܣ̈ܒܝܟ,,,,Peshitta,PESH
5,Deuteronomy,32,7,Deuteronomy 32:7,12,ܘܢܐܡܪܘܢ,,,,Peshitta,PESH
5,Deuteronomy,32,7,Deuteronomy 32:7,13,ܠܟ,,,,Peshitta,PESH
5,Deuteronomy,32,8,Deuteronomy 32:8,1,ܕܟܕ,,,,Peshitta,PESH
5,Deuteronomy,32,8,Deuteronomy 32:8,2,ܡܦܠܓ,,,,Peshitta,PESH
5,Deuteronomy,32,8,Deuteronomy 32:8,3,ܡܪܝܡܐ,,,,Peshitta,PESH
5,Deuteronomy,32,8,Deuteronomy 32:8,4,ܥܡ̈ܡܐ,,,,Peshitta,PESH
5,Deuteronomy,32,8,Deuteronomy 32:8,5,ܘܟܕ,,,,Peshitta,PESH
5,Deuteronomy,32,8,Deuteronomy 32:8,6,ܡܦܪܫ,,,,Peshitta,PESH
5,Deuteronomy,32,8,Deuteronomy 32:8,7,ܒܢ̈ܝܢܫܐ,,,,Peshitta,PESH
5,Deuteronomy,32,8,Deuteronomy 32:8,8,ܐܩܝܡ,,,,Peshitta,PESH
5,Deuteronomy,32,8,Deuteronomy 32:8,9,ܬܚܘܡܐ,,,,Peshitta,PESH
5,Deuteronomy,32,8,Deuteronomy 32:8,10,ܕܥܡ̈ܡܐ,,,,Peshitta,PESH
5,Deuteronomy,32,8,Deuteronomy 32:8,11,ܠܡܢܝܢܐ,,,,Peshitta,PESH
5,Deuteronomy,32,8,Deuteronomy 32:8,12,ܕܒܢ̈ܝ,,,,Peshitta,PESH
5,Deuteronomy,32,8,Deuteronomy 32:8,13,ܐܝܣܪܝܠ,,,,Peshitta,PESH
5,Deuteronomy,32,9,Deuteronomy 32:9,1,ܡܛܠ,,,,Peshitta,PESH
5,Deuteronomy,32,9,Deuteronomy 32:9,2,ܕܦܠܓܘܬܗ,,,,Peshitta,PESH
5,Deuteronomy,32,9,Deuteronomy 32:9,3,ܕܡܪܝܐ,,,,Peshitta,PESH
5,Deuteronomy,32,9,Deuteronomy 32:9,4,ܥܡܗ,,,,Peshitta,PESH
5,Deuteronomy,32,9,Deuteronomy 32:9,5,ܘܝܥܩܘܒ,,,,Peshitta,PESH
5,Deuteronomy,32,9,Deuteronomy 32:9,6,ܚܒܠܐ,,,,Peshitta,PESH
5,Deuteronomy,32,9,Deuteronomy 32:9,7,ܕܝܪܬܘܬܗ,,,,Peshitta,PESH
5,Deuteronomy,32,10,Deuteronomy 32:10,1,ܐܫܟܚܗ,,,,Peshitta,PESH
5,Deuteronomy,32,10,Deuteronomy 32:10,2,ܒܐܪܥܐ,,,,Peshitta,PESH
5,Deuteronomy,32,10,Deuteronomy 32:10,3,ܕܡܕܒܪܐ,,,,Peshitta,PESH
5,Deuteronomy,32,10,Deuteronomy 32:10,4,ܘܒܚܘܪܒܐ,,,,Peshitta,PESH
5,Deuteronomy,32,10,Deuteronomy 32:10,5,ܕܐܫܝܡܘܢ,,,,Peshitta,PESH
5,Deuteronomy,32,10,Deuteronomy 32:10,6,ܐܩܦܗ,,,,Peshitta,PESH
5,Deuteronomy,32,10,Deuteronomy 32:10,7,ܘܚܒܒܗ,,,,Peshitta,PESH
5,Deuteronomy,32,10,Deuteronomy 32:10,8,ܘܢܛܪܗ,,,,Peshitta,PESH
5,Deuteronomy,32,10,Deuteronomy 32:10,9,ܐܝܟ,,,,Peshitta,PESH
5,Deuteronomy,32,10,Deuteronomy 32:10,10,ܒܒܬܐ,,,,Peshitta,PESH
5,Deuteronomy,32,10,Deuteronomy 32:10,11,ܕܥܝܢܐ,,,,Peshitta,PESH
5,Deuteronomy,32,11,Deuteronomy 32:11,1,ܐܝܟ,,,,Peshitta,PESH
5,Deuteronomy,32,11,Deuteronomy 32:11,2,ܢܫܪܐ,,,,Peshitta,PESH
5,Deuteronomy,32,11,Deuteronomy 32:11,3,ܕܛ̇ܐܣ,,,,Peshitta,PESH
5,Deuteronomy,32,11,Deuteronomy 32:11,4,ܥܠ,,,,Peshitta,PESH
5,Deuteronomy,32,11,Deuteronomy 32:11,5,ܩܢܗ,,,,Peshitta,PESH
5,Deuteronomy,32,11,Deuteronomy 32:11,6,ܘܥܠ,,,,Peshitta,PESH
5,Deuteronomy,32,11,Deuteronomy 32:11,7,ܦܪ̈ܘܓܘܗܝ,,,,Peshitta,PESH
5,Deuteronomy,32,11,Deuteronomy 32:11,8,ܡܪܚܦ,,,,Peshitta,PESH
5,Deuteronomy,32,11,Deuteronomy 32:11,9,ܦ̇ܪܣ,,,,Peshitta,PESH
5,Deuteronomy,32,11,Deuteronomy 32:11,10,ܓܦܘ̈ܗܝ,,,,Peshitta,PESH
5,Deuteronomy,32,11,Deuteronomy 32:11,11,ܘܡܩܒܠ,,,,Peshitta,PESH
5,Deuteronomy,32,11,Deuteronomy 32:11,12,ܠܗܘܢ,,,,Peshitta,PESH
5,Deuteronomy,32,11,Deuteronomy 32:11,13,ܘܫ̇ܩܠ,,,,Peshitta,PESH
5,Deuteronomy,32,11,Deuteronomy 32:11,14,ܠܗܘܢ,,,,Peshitta,PESH
5,Deuteronomy,32,11,Deuteronomy 32:11,15,ܥܠ,,,,Peshitta,PESH
5,Deuteronomy,32,11,Deuteronomy 32:11,16,ܥܘܫܢܐ,,,,Peshitta,PESH
5,Deuteronomy,32,11,Deuteronomy 32:11,17,ܕܐܒܪ̈ܘܗܝ,,,,Peshitta,PESH
5,Deuteronomy,32,12,Deuteronomy 32:12,1,ܡܪܝܐ,,,,Peshitta,PESH
5,Deuteronomy,32,12,Deuteronomy 32:12,2,ܒܠܚܘܕܘܗܝ,,,,Peshitta,PESH
5,Deuteronomy,32,12,Deuteronomy 32:12,3,ܕܒܪܗ,,,,Peshitta,PESH
5,Deuteronomy,32,12,Deuteronomy 32:12,4,ܘܠܝܬ,,,,Peshitta,PESH
5,Deuteronomy,32,12,Deuteronomy 32:12,5,ܗܘܐ,,,,Peshitta,PESH
5,Deuteronomy,32,12,Deuteronomy 32:12,6,ܥܡܗ,,,,Peshitta,PESH
5,Deuteronomy,32,12,Deuteronomy 32:12,7,ܐܠܗ,,,,Peshitta,PESH
5,Deuteronomy,32,12,Deuteronomy 32:12,8,ܢܘܟܪܝ,,,,Peshitta,PESH
5,Deuteronomy,32,13,Deuteronomy 32:13,1,ܐܘܬܒܗ,,,,Peshitta,PESH
5,Deuteronomy,32,13,Deuteronomy 32:13,2,ܥܠ,,,,Peshitta,PESH
5,Deuteronomy,32,13,Deuteronomy 32:13,3,ܥܘܫܢܐ,,,,Peshitta,PESH
5,Deuteronomy,32,13,Deuteronomy 32:13,4,ܕܐܪܥܐ,,,,Peshitta,PESH
5,Deuteronomy,32,13,Deuteronomy 32:13,5,ܘܐܘܟܠܗ,,,,Peshitta,PESH
5,Deuteronomy,32,13,Deuteronomy 32:13,6,ܥ̈ܠܠܬܐ,,,,Peshitta,PESH
5,Deuteronomy,32,13,Deuteronomy 32:13,7,ܕܚܩܠܐ,,,,Peshitta,PESH
5,Deuteronomy,32,13,Deuteronomy 32:13,8,ܘܐܝܢܩܗ,,,,Peshitta,PESH
5,Deuteronomy,32,13,Deuteronomy 32:13,9,ܕܒܫܐ,,,,Peshitta,PESH
5,Deuteronomy,32,13,Deuteronomy 32:13,10,ܡܢ,,,,Peshitta,PESH
5,Deuteronomy,32,13,Deuteronomy 32:13,11,ܟܐܦܐ,,,,Peshitta,PESH
5,Deuteronomy,32,13,Deuteronomy 32:13,12,ܘܡܫܚܐ,,,,Peshitta,PESH
5,Deuteronomy,32,13,Deuteronomy 32:13,13,ܡܢ,,,,Peshitta,PESH
5,Deuteronomy,32,13,Deuteronomy 32:13,14,ܟܐܦܐ,,,,Peshitta,PESH
5,Deuteronomy,32,13,Deuteronomy 32:13,15,ܕܛܪܢܐ,,,,Peshitta,PESH
5,Deuteronomy,32,14,Deuteronomy 32:14,1,ܚܐܘܬܐ,,,,Peshitta,PESH
5,Deuteronomy,32,14,Deuteronomy 32:14,2,ܕܬܘܪ̈ܐ,,,,Peshitta,PESH
5,Deuteronomy,32,14,Deuteronomy 32:14,3,ܘܚܠܒܐ,,,,Peshitta,PESH
5,Deuteronomy,32,14,Deuteronomy 32:14,4,ܕܥܢܐ,,,,Peshitta,PESH
5,Deuteronomy,32,14,Deuteronomy 32:14,5,ܥܡ,,,,Peshitta,PESH
5,Deuteronomy,32,14,Deuteronomy 32:14,6,ܬܪܒܐ,,,,Peshitta,PESH
5,Deuteronomy,32,14,Deuteronomy 32:14,7,ܕܡ̈ܦܛܡܐ,,,,Peshitta,PESH
5,Deuteronomy,32,14,Deuteronomy 32:14,8,ܕܟܪ̈ܐ,,,,Peshitta,PESH
5,Deuteronomy,32,14,Deuteronomy 32:14,9,ܒܢ̈ܝ,,,,Peshitta,PESH
5,Deuteronomy,32,14,Deuteronomy 32:14,10,ܕܝ̈ܨܐ,,,,Peshitta,PESH
5,Deuteronomy,32,14,Deuteronomy 32:14,11,ܘܓܕܝ̈ܐ,,,,Peshitta,PESH
5,Deuteronomy,32,14,Deuteronomy 32:14,12,ܥܡ,,,,Peshitta,PESH
5,Deuteronomy,32,14,Deuteronomy 32:14,13,ܬܪܒܐ,,,,Peshitta,PESH
5,Deuteronomy,32,14,Deuteronomy 32:14,14,ܘܫܘܡܢܐ,,,,Peshitta,PESH
5,Deuteronomy,32,14,Deuteronomy 32:14,15,ܕܚ̈ܛܐ,,,,Peshitta,PESH
5,Deuteronomy,32,14,Deuteronomy 32:14,16,ܘܕܡܐ,,,,Peshitta,PESH
5,Deuteronomy,32,14,Deuteronomy 32:14,17,ܕܥܢ̈ܒܐ,,,,Peshitta,PESH
5,Deuteronomy,32,14,Deuteronomy 32:14,18,ܐܫܩܝܗ,,,,Peshitta,PESH
5,Deuteronomy,32,14,Deuteronomy 32:14,19,ܚܡܪܐ,,,,Peshitta,PESH
5,Deuteronomy,32,15,Deuteronomy 32:15,1,ܘܫܡܢ,,,,Peshitta,PESH
5,Deuteronomy,32,15,Deuteronomy 32:15,2,ܐܝܣܪܝܠ,,,,Peshitta,PESH
5,Deuteronomy,32,15,Deuteronomy 32:15,3,ܘܒܥܛ,,,,Peshitta,PESH
5,Deuteronomy,32,15,Deuteronomy 32:15,4,ܫܡܢ,,,,Peshitta,PESH
5,Deuteronomy,32,15,Deuteronomy 32:15,5,ܘܬܩܦ,,,,Peshitta,PESH
5,Deuteronomy,32,15,Deuteronomy 32:15,6,ܘܩܢܐ,,,,Peshitta,PESH
5,Deuteronomy,32,15,Deuteronomy 32:15,7,ܢܟ̈ܣܐ,,,,Peshitta,PESH
5,Deuteronomy,32,15,Deuteronomy 32:15,8,ܘܛܥܐ,,,,Peshitta,PESH
5,Deuteronomy,32,15,Deuteronomy 32:15,9,ܠܐܠܗܐ,,,,Peshitta,PESH
5,Deuteronomy,32,15,Deuteronomy 32:15,10,ܕܥܒܕܗ,,,,Peshitta,PESH
5,Deuteronomy,32,15,Deuteronomy 32:15,11,ܘܨܚܝ,,,,Peshitta,PESH
5,Deuteronomy,32,15,Deuteronomy 32:15,12,ܠܬܩܝܦܐ,,,,Peshitta,PESH
5,Deuteronomy,32,15,Deuteronomy 32:15,13,ܕܦܪܩܗ,,,,Peshitta,PESH
5,Deuteronomy,32,16,Deuteronomy 32:16,1,ܐܛܢܗ,,,,Peshitta,PESH
5,Deuteronomy,32,16,Deuteronomy 32:16,2,ܒܢܘܟܪ̈ܝܐ,,,,Peshitta,PESH
5,Deuteronomy,32,16,Deuteronomy 32:16,3,ܘܒܕܚ̈ܠܬܐ,,,,Peshitta,PESH
5,Deuteronomy,32,16,Deuteronomy 32:16,4,ܐܪܓܙܗ,,,,Peshitta,PESH
5,Deuteronomy,32,17,Deuteronomy 32:17,1,ܕܒܚܘ,,,,Peshitta,PESH
5,Deuteronomy,32,17,Deuteronomy 32:17,2,ܠܫܐ̈ܕܐ,,,,Peshitta,PESH
5,Deuteronomy,32,17,Deuteronomy 32:17,3,ܕܠܐ,,,,Peshitta,PESH
5,Deuteronomy,32,17,Deuteronomy 32:17,4,ܗܘܘ,,,,Peshitta,PESH
5,Deuteronomy,32,17,Deuteronomy 32:17,5,ܐ̈ܠܗܐ,,,,Peshitta,PESH
5,Deuteronomy,32,17,Deuteronomy 32:17,6,ܐ̈ܠܗܐ,,,,Peshitta,PESH
5,Deuteronomy,32,17,Deuteronomy 32:17,7,ܕܠܐ,,,,Peshitta,PESH
5,Deuteronomy,32,17,Deuteronomy 32:17,8,ܝܕܥܘ,,,,Peshitta,PESH
5,Deuteronomy,32,17,Deuteronomy 32:17,9,ܐܢܘܢ,,,,Peshitta,PESH
5,Deuteronomy,32,17,Deuteronomy 32:17,10,ܚ̈ܕܬܐ,,,,Peshitta,PESH
5,Deuteronomy,32,17,Deuteronomy 32:17,11,ܐܢܘܢ,,,,Peshitta,PESH
5,Deuteronomy,32,17,Deuteronomy 32:17,12,ܕܗܟܝܠ,,,,Peshitta,PESH
5,Deuteronomy,32,17,Deuteronomy 32:17,13,ܐܬܥܒܕܘ,,,,Peshitta,PESH
5,Deuteronomy,32,17,Deuteronomy 32:17,14,ܘܠܐ,,,,Peshitta,PESH
5,Deuteronomy,32,17,Deuteronomy 32:17,15,ܕܚܠܘ,,,,Peshitta,PESH
5,Deuteronomy,32,17,Deuteronomy 32:17,16,ܠܗܘܢ,,,,Peshitta,PESH
5,Deuteronomy,32,17,Deuteronomy 32:17,17,ܐ̈ܒܗܝܟܘܢ,,,,Peshitta,PESH
5,Deuteronomy,32,18,Deuteronomy 32:18,1,ܠܬܩܝܦܐ,,,,Peshitta,PESH
5,Deuteronomy,32,18,Deuteronomy 32:18,2,ܕܝܠܕܟ,,,,Peshitta,PESH
5,Deuteronomy,32,18,Deuteronomy 32:18,3,ܛܥܝܬ,,,,Peshitta,PESH
5,Deuteronomy,32,18,Deuteronomy 32:18,4,ܘܐܬܢܫܝܬ,,,,Peshitta,PESH
5,Deuteronomy,32,18,Deuteronomy 32:18,5,ܠܐܠܗܐ,,,,Peshitta,PESH
5,Deuteronomy,32,18,Deuteronomy 32:18,6,ܕܫܒܚܟ,,,,Peshitta,PESH
5,Deuteronomy,32,19,Deuteronomy 32:19,1,ܘܚܙܐ,,,,Peshitta,PESH
5,Deuteronomy,32,19,Deuteronomy 32:19,2,ܡܪܝܐ,,,,Peshitta,PESH
5,Deuteronomy,32,19,Deuteronomy 32:19,3,ܘܪܓܙ,,,,Peshitta,PESH
5,Deuteronomy,32,19,Deuteronomy 32:19,4,ܥܠ,,,,Peshitta,PESH
5,Deuteronomy,32,19,Deuteronomy 32:19,5,ܕܐܪܓܙܘܗܝ,,,,Peshitta,PESH
5,Deuteronomy,32,19,Deuteronomy 32:19,6,ܒܢ̈ܘܗܝ,,,,Peshitta,PESH
5,Deuteronomy,32,19,Deuteronomy 32:19,7,ܘܒܢ̈ܬܗ,,,,Peshitta,PESH
5,Deuteronomy,32,20,Deuteronomy 32:20,1,ܘܐܡܪ,,,,Peshitta,PESH
5,Deuteronomy,32,20,Deuteronomy 32:20,2,ܐܦܢܐ,,,,Peshitta,PESH
5,Deuteronomy,32,20,Deuteronomy 32:20,3,ܐ̈ܦܝ,,,,Peshitta,PESH
5,Deuteronomy,32,20,Deuteronomy 32:20,4,ܡܢܗܘܢ,,,,Peshitta,PESH
5,Deuteronomy,32,20,Deuteronomy 32:20,5,ܘܐܚܙܐ,,,,Peshitta,PESH
5,Deuteronomy,32,20,Deuteronomy 32:20,6,ܡܢܐ,,,,Peshitta,PESH
5,Deuteronomy,32,20,Deuteronomy 32:20,7,ܗ̇ܘܝܐ,,,,Peshitta,PESH
5,Deuteronomy,32,20,Deuteronomy 32:20,8,ܚܪܬܗܘܢ,,,,Peshitta,PESH
5,Deuteronomy,32,20,Deuteronomy 32:20,9,ܡܛܠ,,,,Peshitta,PESH
5,Deuteronomy,32,20,Deuteronomy 32:20,10,ܕܕܪܐ,,,,Peshitta,PESH
5,Deuteronomy,32,20,Deuteronomy 32:20,11,ܐܢܘܢ,,,,Peshitta,PESH
5,Deuteronomy,32,20,Deuteronomy 32:20,12,ܗܦܝܟܐ,,,,Peshitta,PESH
5,Deuteronomy,32,20,Deuteronomy 32:20,13,ܒܢ̈ܝܐ,,,,Peshitta,PESH
5,Deuteronomy,32,20,Deuteronomy 32:20,14,ܕܠܝܬ,,,,Peshitta,PESH
5,Deuteronomy,32,20,Deuteronomy 32:20,15,ܒܗܘܢ,,,,Peshitta,PESH
5,Deuteronomy,32,20,Deuteronomy 32:20,16,ܗܝܡܢܘܬܐ,,,,Peshitta,PESH
5,Deuteronomy,32,21,Deuteronomy 32:21,1,ܗܢܘܢ,,,,Peshitta,PESH
5,Deuteronomy,32,21,Deuteronomy 32:21,2,ܐܛܢܘܢܝ,,,,Peshitta,PESH
5,Deuteronomy,32,21,Deuteronomy 32:21,3,ܒܠܐ,,,,Peshitta,PESH
5,Deuteronomy,32,21,Deuteronomy 32:21,4,ܐܠܗ,,,,Peshitta,PESH
5,Deuteronomy,32,21,Deuteronomy 32:21,5,ܘܐܪܓܙܘܢܝ,,,,Peshitta,PESH
5,Deuteronomy,32,21,Deuteronomy 32:21,6,ܒܕܚ̈ܠܬܗܘܢ,,,,Peshitta,PESH
5,Deuteronomy,32,21,Deuteronomy 32:21,7,ܘܐܦ,,,,Peshitta,PESH
5,Deuteronomy,32,21,Deuteronomy 32:21,8,ܐܢܐ,,,,Peshitta,PESH
5,Deuteronomy,32,21,Deuteronomy 32:21,9,ܐܛܢ,,,,Peshitta,PESH
5,Deuteronomy,32,21,Deuteronomy 32:21,10,ܐܢܘܢ,,,,Peshitta,PESH
5,Deuteronomy,32,21,Deuteronomy 32:21,11,ܒܠܐ,,,,Peshitta,PESH
5,Deuteronomy,32,21,Deuteronomy 32:21,12,ܥܡܝ,,,,Peshitta,PESH
5,Deuteronomy,32,21,Deuteronomy 32:21,13,ܘܒܥܡܐ,,,,Peshitta,PESH
5,Deuteronomy,32,21,Deuteronomy 32:21,14,ܣܟܠܐ,,,,Peshitta,PESH
5,Deuteronomy,32,21,Deuteronomy 32:21,15,ܐܪܓܙ,,,,Peshitta,PESH
5,Deuteronomy,32,21,Deuteronomy 32:21,16,ܐܢܘܢ,,,,Peshitta,PESH
5,Deuteronomy,32,22,Deuteronomy 32:22,1,ܡܛܠ,,,,Peshitta,PESH
5,Deuteronomy,32,22,Deuteronomy 32:22,2,ܕܢܘܪܐ,,,,Peshitta,PESH
5,Deuteronomy,32,22,Deuteronomy 32:22,3,ܩ̇ܕܚܐ,,,,Peshitta,PESH
5,Deuteronomy,32,22,Deuteronomy 32:22,4,ܒܪܘܓܙܝ,,,,Peshitta,PESH
5,Deuteronomy,32,22,Deuteronomy 32:22,5,ܘܡܘܩܕܐ,,,,Peshitta,PESH
5,Deuteronomy,32,22,Deuteronomy 32:22,6,ܥܕܡܐ,,,,Peshitta,PESH
5,Deuteronomy,32,22,Deuteronomy 32:22,7,ܠܫܝܘܠ,,,,Peshitta,PESH
5,Deuteronomy,32,22,Deuteronomy 32:22,8,ܬܚܬܝܬܐ,,,,Peshitta,PESH
5,Deuteronomy,32,22,Deuteronomy 32:22,9,ܬܐܟܘܠ,,,,Peshitta,PESH
5,Deuteronomy,32,22,Deuteronomy 32:22,10,ܐܪܥܐ,,,,Peshitta,PESH
5,Deuteronomy,32,22,Deuteronomy 32:22,11,ܘܥ̈ܠܠܬܗ̇,,,,Peshitta,PESH
5,Deuteronomy,32,22,Deuteronomy 32:22,12,ܘܬܘܩܕ,,,,Peshitta,PESH
5,Deuteronomy,32,22,Deuteronomy 32:22,13,ܫܬܐ̈ܣܐ,,,,Peshitta,PESH
5,Deuteronomy,32,22,Deuteronomy 32:22,14,ܕܛܘܪ̈ܐ,,,,Peshitta,PESH
5,Deuteronomy,32,23,Deuteronomy 32:23,1,ܐܟܢܫ,,,,Peshitta,PESH
5,Deuteronomy,32,23,Deuteronomy 32:23,2,ܥܠܝܗܘܢ,,,,Peshitta,PESH
5,Deuteronomy,32,23,Deuteronomy 32:23,3,ܒܝܫ̈ܬܐ,,,,Peshitta,PESH
5,Deuteronomy,32,23,Deuteronomy 32:23,4,ܘܓܐܪ̈ܝ,,,,Peshitta,PESH
5,Deuteronomy,32,23,Deuteronomy 32:23,5,ܐܘܟܠ,,,,Peshitta,PESH
5,Deuteronomy,32,23,Deuteronomy 32:23,6,ܒܗܘܢ,,,,Peshitta,PESH
5,Deuteronomy,32,24,Deuteronomy 32:24,1,ܘܢܬܛܪܦܘܢ,,,,Peshitta,PESH
5,Deuteronomy,32,24,Deuteronomy 32:24,2,ܠܟܦܢܐ,,,,Peshitta,PESH
5,Deuteronomy,32,24,Deuteronomy 32:24,3,ܘܢܫ̈ܬܠܡܢ,,,,Peshitta,PESH
5,Deuteronomy,32,24,Deuteronomy 32:24,4,ܠܗܘܢ,,,,Peshitta,PESH
5,Deuteronomy,32,24,Deuteronomy 32:24,5,ܪ̈ܘܚܐ,,,,Peshitta,PESH
5,Deuteronomy,32,24,Deuteronomy 32:24,6,ܒܝ̈ܫܬܐ,,,,Peshitta,PESH
5,Deuteronomy,32,24,Deuteronomy 32:24,7,ܘܠܛܝܪܐ,,,,Peshitta,PESH
5,Deuteronomy,32,24,Deuteronomy 32:24,8,ܐܫܠܡ,,,,Peshitta,PESH
5,Deuteronomy,32,24,Deuteronomy 32:24,9,ܐܢܘܢ,,,,Peshitta,PESH
5,Deuteronomy,32,24,Deuteronomy 32:24,10,ܘܚܝܘܬ,,,,Peshitta,PESH
5,Deuteronomy,32,24,Deuteronomy 32:24,11,ܫܢܐ,,,,Peshitta,PESH
5,Deuteronomy,32,24,Deuteronomy 32:24,12,ܐܓܪܐ,,,,Peshitta,PESH
5,Deuteronomy,32,24,Deuteronomy 32:24,13,ܒܗܘܢ,,,,Peshitta,PESH
5,Deuteronomy,32,24,Deuteronomy 32:24,14,ܥܡ,,,,Peshitta,PESH
5,Deuteronomy,32,24,Deuteronomy 32:24,15,ܚܡܬܐ,,,,Peshitta,PESH
5,Deuteronomy,32,24,Deuteronomy 32:24,16,ܕܚ̈ܘܘܬܐ,,,,Peshitta,PESH
5,Deuteronomy,32,24,Deuteronomy 32:24,17,ܕܚ̇ܠܕܝܢ,,,,Peshitta,PESH
5,Deuteronomy,32,24,Deuteronomy 32:24,18,ܒܥܦܪܐ,,,,Peshitta,PESH
5,Deuteronomy,32,25,Deuteronomy 32:25,1,ܡܢ,,,,Peshitta,PESH
5,Deuteronomy,32,25,Deuteronomy 32:25,2,ܠܒܪ,,,,Peshitta,PESH
5,Deuteronomy,32,25,Deuteronomy 32:25,3,ܬܓܝܙ,,,,Peshitta,PESH
5,Deuteronomy,32,25,Deuteronomy 32:25,4,ܚܪܒܐ,,,,Peshitta,PESH
5,Deuteronomy,32,25,Deuteronomy 32:25,5,ܘܡܢ,,,,Peshitta,PESH
5,Deuteronomy,32,25,Deuteronomy 32:25,6,ܬܘ̈ܢܐ,,,,Peshitta,PESH
5,Deuteronomy,32,25,Deuteronomy 32:25,7,ܕܚܠܬܐ,,,,Peshitta,PESH
5,Deuteronomy,32,25,Deuteronomy 32:25,8,ܘܐܦ,,,,Peshitta,PESH
5,Deuteronomy,32,25,Deuteronomy 32:25,9,ܓܕܘ̈ܕܐ,,,,Peshitta,PESH
5,Deuteronomy,32,25,Deuteronomy 32:25,10,ܘܒܬ̈ܘܠܬܐ,,,,Peshitta,PESH
5,Deuteronomy,32,25,Deuteronomy 32:25,11,ܘܛ̈ܠܝܐ,,,,Peshitta,PESH
5,Deuteronomy,32,25,Deuteronomy 32:25,12,ܥܡ,,,,Peshitta,PESH
5,Deuteronomy,32,25,Deuteronomy 32:25,13,ܓܒܪ̈ܐ,,,,Peshitta,PESH
5,Deuteronomy,32,25,Deuteronomy 32:25,14,ܣ̈ܒܐ,,,,Peshitta,PESH
5,Deuteronomy,32,26,Deuteronomy 32:26,1,ܘܐܡ̇ܪܬ,,,,Peshitta,PESH
5,Deuteronomy,32,26,Deuteronomy 32:26,2,ܐܝܟܐ,,,,Peshitta,PESH
5,Deuteronomy,32,26,Deuteronomy 32:26,3,ܐܢܘܢ,,,,Peshitta,PESH
5,Deuteronomy,32,26,Deuteronomy 32:26,4,ܐܒܛܠ,,,,Peshitta,PESH
5,Deuteronomy,32,26,Deuteronomy 32:26,5,ܡܢ,,,,Peshitta,PESH
5,Deuteronomy,32,26,Deuteronomy 32:26,6,ܒܢ̈ܝ,,,,Peshitta,PESH
5,Deuteronomy,32,26,Deuteronomy 32:26,7,ܐܢܫܐ,,,,Peshitta,PESH
5,Deuteronomy,32,26,Deuteronomy 32:26,8,ܕܘܟܪܢܗܘܢ,,,,Peshitta,PESH
5,Deuteronomy,32,27,Deuteronomy 32:27,1,ܐܠܘ,,,,Peshitta,PESH
5,Deuteronomy,32,27,Deuteronomy 32:27,2,ܠܐ,,,,Peshitta,PESH
5,Deuteronomy,32,27,Deuteronomy 32:27,3,ܪܘܓܙܐ,,,,Peshitta,PESH
5,Deuteronomy,32,27,Deuteronomy 32:27,4,ܕܒܥܠܕܒܒܐ,,,,Peshitta,PESH
5,Deuteronomy,32,27,Deuteronomy 32:27,5,ܕܥܫܢ,,,,Peshitta,PESH
5,Deuteronomy,32,27,Deuteronomy 32:27,6,ܕܠܐ,,,,Peshitta,PESH
5,Deuteronomy,32,27,Deuteronomy 32:27,7,ܢܬܬܪܝܡܘܢ,,,,Peshitta,PESH
5,Deuteronomy,32,27,Deuteronomy 32:27,8,ܒ̈ܥܠܕܒܒܝܗܘܢ,,,,Peshitta,PESH
5,Deuteronomy,32,27,Deuteronomy 32:27,9,ܘܢܐܡܪܘܢ,,,,Peshitta,PESH
5,Deuteronomy,32,27,Deuteronomy 32:27,10,ܕܐܝܕܢ,,,,Peshitta,PESH
5,Deuteronomy,32,27,Deuteronomy 32:27,11,ܗܘ,,,,Peshitta,PESH
5,Deuteronomy,32,27,Deuteronomy 32:27,12,ܐܬܬܪܝܡܬ,,,,Peshitta,PESH
5,Deuteronomy,32,27,Deuteronomy 32:27,13,ܘܠܐ,,,,Peshitta,PESH
5,Deuteronomy,32,27,Deuteronomy 32:27,14,ܗܘܐ,,,,Peshitta,PESH
5,Deuteronomy,32,27,Deuteronomy 32:27,15,ܡܪܝܐ,,,,Peshitta,PESH
5,Deuteronomy,32,27,Deuteronomy 32:27,16,ܥܒܕ,,,,Peshitta,PESH
5,Deuteronomy,32,27,Deuteronomy 32:27,17,ܗܠܝܢ,,,,Peshitta,PESH
5,Deuteronomy,32,28,Deuteronomy 32:28,1,ܡܛܠ,,,,Peshitta,PESH
5,Deuteronomy,32,28,Deuteronomy 32:28,2,ܕܥܡܐ,,,,Peshitta,PESH
5,Deuteronomy,32,28,Deuteronomy 32:28,3,ܗܘ,,,,Peshitta,PESH
5,Deuteronomy,32,28,Deuteronomy 32:28,4,ܕܐܒܝܕܐ,,,,Peshitta,PESH
5,Deuteronomy,32,28,Deuteronomy 32:28,5,ܬܪܥܝܬܗ,,,,Peshitta,PESH
5,Deuteronomy,32,28,Deuteronomy 32:28,6,ܘܠܝܬ,,,,Peshitta,PESH
5,Deuteronomy,32,28,Deuteronomy 32:28,7,ܒܗܘܢ,,,,Peshitta,PESH
5,Deuteronomy,32,28,Deuteronomy 32:28,8,ܣܘܟܠܐ,,,,Peshitta,PESH
5,Deuteronomy,32,29,Deuteronomy 32:29,1,ܐܠܘ,,,,Peshitta,PESH
5,Deuteronomy,32,29,Deuteronomy 32:29,2,ܚܟܡܘ,,,,Peshitta,PESH
5,Deuteronomy,32,29,Deuteronomy 32:29,3,ܘܐܣܬܟܠܘ,,,,Peshitta,PESH
5,Deuteronomy,32,29,Deuteronomy 32:29,4,ܒܗܕܐ,,,,Peshitta,PESH
5,Deuteronomy,32,29,Deuteronomy 32:29,5,ܘܐܬܒܝܢܘ,,,,Peshitta,PESH
5,Deuteronomy,32,29,Deuteronomy 32:29,6,ܒܚܪܬܗܘܢ,,,,Peshitta,PESH
5,Deuteronomy,32,30,Deuteronomy 32:30,1,ܪܕܦ,,,,Peshitta,PESH
5,Deuteronomy,32,30,Deuteronomy 32:30,2,ܗܘܐ,,,,Peshitta,PESH
5,Deuteronomy,32,30,Deuteronomy 32:30,3,ܚܕ,,,,Peshitta,PESH
5,Deuteronomy,32,30,Deuteronomy 32:30,4,ܠܐܠܦܐ,,,,Peshitta,PESH
5,Deuteronomy,32,30,Deuteronomy 32:30,5,ܘܬܪ̈ܝܢ,,,,Peshitta,PESH
5,Deuteronomy,32,30,Deuteronomy 32:30,6,ܡܥܪ̈ܩܝܢ,,,,Peshitta,PESH
5,Deuteronomy,32,30,Deuteronomy 32:30,7,ܗܘܘ,,,,Peshitta,PESH
5,Deuteronomy,32,30,Deuteronomy 32:30,8,ܪܒܘܬܐ,,,,Peshitta,PESH
5,Deuteronomy,32,30,Deuteronomy 32:30,9,ܐܠܐ,,,,Peshitta,PESH
5,Deuteronomy,32,30,Deuteronomy 32:30,10,ܬܩܝܦܗܘܢ,,,,Peshitta,PESH
5,Deuteronomy,32,30,Deuteronomy 32:30,11,ܐܫܠܡ,,,,Peshitta,PESH
5,Deuteronomy,32,30,Deuteronomy 32:30,12,ܐܢܘܢ,,,,Peshitta,PESH
5,Deuteronomy,32,30,Deuteronomy 32:30,13,ܘܡܪܝܐ,,,,Peshitta,PESH
5,Deuteronomy,32,30,Deuteronomy 32:30,14,ܚܒܫ,,,,Peshitta,PESH
5,Deuteronomy,32,30,Deuteronomy 32:30,15,ܐܢܘܢ,,,,Peshitta,PESH
5,Deuteronomy,32,31,Deuteronomy 32:31,1,ܡܛܠ,,,,Peshitta,PESH
5,Deuteronomy,32,31,Deuteronomy 32:31,2,ܕܠܐ,,,,Peshitta,PESH
5,Deuteronomy,32,31,Deuteronomy 32:31,3,ܗܘܐ,,,,Peshitta,PESH
5,Deuteronomy,32,31,Deuteronomy 32:31,4,ܐܝܟ,,,,Peshitta,PESH
5,Deuteronomy,32,31,Deuteronomy 32:31,5,ܬܘܩܦܢ,,,,Peshitta,PESH
5,Deuteronomy,32,31,Deuteronomy 32:31,6,ܬܘܩܦܗܘܢ,,,,Peshitta,PESH
5,Deuteronomy,32,31,Deuteronomy 32:31,7,ܘܒ̈ܥܠܕܒܒܝܢ,,,,Peshitta,PESH
5,Deuteronomy,32,31,Deuteronomy 32:31,8,ܕܝ̇ܢ̈ܝܢ,,,,Peshitta,PESH
5,Deuteronomy,32,32,Deuteronomy 32:32,1,ܡܛܠ,,,,Peshitta,PESH
5,Deuteronomy,32,32,Deuteronomy 32:32,2,ܕܡܢ,,,,Peshitta,PESH
5,Deuteronomy,32,32,Deuteronomy 32:32,3,ܓܦܬܐ,,,,Peshitta,PESH
5,Deuteronomy,32,32,Deuteronomy 32:32,4,ܕܣܕܘܡ,,,,Peshitta,PESH
5,Deuteronomy,32,32,Deuteronomy 32:32,5,ܓܦܬܗܘܢ,,,,Peshitta,PESH
5,Deuteronomy,32,32,Deuteronomy 32:32,6,ܘܡܢ,,,,Peshitta,PESH
5,Deuteronomy,32,32,Deuteronomy 32:32,7,ܫܬܠܬܐ,,,,Peshitta,PESH
5,Deuteronomy,32,32,Deuteronomy 32:32,8,ܕܥܡܘܪܐ,,,,Peshitta,PESH
5,Deuteronomy,32,32,Deuteronomy 32:32,9,ܥܢ̈ܒܝܗܘܢ,,,,Peshitta,PESH
5,Deuteronomy,32,32,Deuteronomy 32:32,10,ܥܢ̈ܒܝܢ,,,,Peshitta,PESH
5,Deuteronomy,32,32,Deuteronomy 32:32,11,ܡܪ̈ܝܪܢ,,,,Peshitta,PESH
5,Deuteronomy,32,32,Deuteronomy 32:32,12,ܘܣܓܘ̈ܠܝܗܘܢ,,,,Peshitta,PESH
5,Deuteronomy,32,32,Deuteronomy 32:32,13,ܡܪ̈ܪܐ,,,,Peshitta,PESH
5,Deuteronomy,32,32,Deuteronomy 32:32,14,ܠܗܘܢ,,,,Peshitta,PESH
5,Deuteronomy,32,33,Deuteronomy 32:33,1,ܚܡܬܐ,,,,Peshitta,PESH
5,Deuteronomy,32,33,Deuteronomy 32:33,2,ܕܬܢܝܢܐ,,,,Peshitta,PESH
5,Deuteronomy,32,33,Deuteronomy 32:33,3,ܚܡܬܗܘܢ,,,,Peshitta,PESH
5,Deuteronomy,32,33,Deuteronomy 32:33,4,ܘܪܫܐ,,,,Peshitta,PESH
5,Deuteronomy,32,33,Deuteronomy 32:33,5,ܕܦܬܢܐ,,,,Peshitta,PESH
5,Deuteronomy,32,33,Deuteronomy 32:33,6,ܒܝܫܐ,,,,Peshitta,PESH
5,Deuteronomy,32,34,Deuteronomy 32:34,1,ܗܐ,,,,Peshitta,PESH
5,Deuteronomy,32,34,Deuteronomy 32:34,2,ܓܢܝܙ,,,,Peshitta,PESH
5,Deuteronomy,32,34,Deuteronomy 32:34,3,ܥܡܝ,,,,Peshitta,PESH
5,Deuteronomy,32,34,Deuteronomy 32:34,4,ܘܚܬܝܡ,,,,Peshitta,PESH
5,Deuteronomy,32,34,Deuteronomy 32:34,5,ܒܐܘܨܪ̈ܐ,,,,Peshitta,PESH
5,Deuteronomy,32,35,Deuteronomy 32:35,1,ܕܝܠܝ,,,,Peshitta,PESH
5,Deuteronomy,32,35,Deuteronomy 32:35,2,ܗܘ,,,,Peshitta,PESH
5,Deuteronomy,32,35,Deuteronomy 32:35,3,ܦܘܪܥܢܐ,,,,Peshitta,PESH
5,Deuteronomy,32,35,Deuteronomy 32:35,4,ܕܐܦܪܘܥ,,,,Peshitta,PESH
5,Deuteronomy,32,35,Deuteronomy 32:35,5,ܐܢܘܢ,,,,Peshitta,PESH
5,Deuteronomy,32,35,Deuteronomy 32:35,6,ܒܙܒܢܐ,,,,Peshitta,PESH
5,Deuteronomy,32,35,Deuteronomy 32:35,7,ܕܬܡܘܛ,,,,Peshitta,PESH
5,Deuteronomy,32,35,Deuteronomy 32:35,8,ܪܓܠܗܘܢ,,,,Peshitta,PESH
5,Deuteronomy,32,35,Deuteronomy 32:35,9,ܡܛܠ,,,,Peshitta,PESH
5,Deuteronomy,32,35,Deuteronomy 32:35,10,ܕܩܪܝܒ,,,,Peshitta,PESH
5,Deuteronomy,32,35,Deuteronomy 32:35,11,ܗܘ,,,,Peshitta,PESH
5,Deuteronomy,32,35,Deuteronomy 32:35,12,ܝܘܡܐ,,,,Peshitta,PESH
5,Deuteronomy,32,35,Deuteronomy 32:35,13,ܕܬܒܪܗܘܢ,,,,Peshitta,PESH
5,Deuteronomy,32,35,Deuteronomy 32:35,14,ܘܡܣܪܗܒ,,,,Peshitta,PESH
5,Deuteronomy,32,35,Deuteronomy 32:35,15,ܡܕܡ,,,,Peshitta,PESH
5,Deuteronomy,32,35,Deuteronomy 32:35,16,ܕܥܬܝܕ,,,,Peshitta,PESH
5,Deuteronomy,32,35,Deuteronomy 32:35,17,ܠܗܘܢ,,,,Peshitta,PESH
5,Deuteronomy,32,36,Deuteronomy 32:36,1,ܡܛܠ,,,,Peshitta,PESH
5,Deuteronomy,32,36,Deuteronomy 32:36,2,ܕܕܐ̇ܢ,,,,Peshitta,PESH
5,Deuteronomy,32,36,Deuteronomy 32:36,3,ܡܪܝܐ,,,,Peshitta,PESH
5,Deuteronomy,32,36,Deuteronomy 32:36,4,ܠܥܡܗ,,,,Peshitta,PESH
5,Deuteronomy,32,36,Deuteronomy 32:36,5,ܘܒܥܒ̈ܕܘܗܝ,,,,Peshitta,PESH
5,Deuteronomy,32,36,Deuteronomy 32:36,6,ܡܬܒܝܐ,,,,Peshitta,PESH
5,Deuteronomy,32,36,Deuteronomy 32:36,7,ܡܛܘܠ,,,,Peshitta,PESH
5,Deuteronomy,32,36,Deuteronomy 32:36,8,ܕܚܙܐ,,,,Peshitta,PESH
5,Deuteronomy,32,36,Deuteronomy 32:36,9,ܕܫܠܛܬ,,,,Peshitta,PESH
5,Deuteronomy,32,36,Deuteronomy 32:36,10,ܐܝܕܐ,,,,Peshitta,PESH
5,Deuteronomy,32,36,Deuteronomy 32:36,11,ܘܠܝܬ,,,,Peshitta,PESH
5,Deuteronomy,32,36,Deuteronomy 32:36,12,ܕܥ̇ܕܪ,,,,Peshitta,PESH
5,Deuteronomy,32,36,Deuteronomy 32:36,13,ܘܕܣ̇ܡܟ,,,,Peshitta,PESH
5,Deuteronomy,32,37,Deuteronomy 32:37,1,ܘܢܐܡܪ,,,,Peshitta,PESH
5,Deuteronomy,32,37,Deuteronomy 32:37,2,ܐܝܟܐ,,,,Peshitta,PESH
5,Deuteronomy,32,37,Deuteronomy 32:37,3,ܐܢܘܢ,,,,Peshitta,PESH
5,Deuteronomy,32,37,Deuteronomy 32:37,4,ܐ̈ܠܗܝܗܘܢ,,,,Peshitta,PESH
5,Deuteronomy,32,37,Deuteronomy 32:37,5,ܬܩܝ̈ܦܐ,,,,Peshitta,PESH
5,Deuteronomy,32,37,Deuteronomy 32:37,6,ܗ̇ܢܘܢ,,,,Peshitta,PESH
5,Deuteronomy,32,37,Deuteronomy 32:37,7,ܕܬܟܝܠܝܢ,,,,Peshitta,PESH
5,Deuteronomy,32,37,Deuteronomy 32:37,8,ܗܘܘ,,,,Peshitta,PESH
5,Deuteronomy,32,37,Deuteronomy 32:37,9,ܥܠܝܗܘܢ,,,,Peshitta,PESH
5,Deuteronomy,32,38,Deuteronomy 32:38,1,ܕܬܪܒܐ,,,,Peshitta,PESH
5,Deuteronomy,32,38,Deuteronomy 32:38,2,ܕܕܒܚ̈ܝܗܘܢ,,,,Peshitta,PESH
5,Deuteronomy,32,38,Deuteronomy 32:38,3,ܐ̇ܟܠܝܢ,,,,Peshitta,PESH
5,Deuteronomy,32,38,Deuteronomy 32:38,4,ܗܘܘ,,,,Peshitta,PESH
5,Deuteronomy,32,38,Deuteronomy 32:38,5,ܘܫ̇ܬܝܢ,,,,Peshitta,PESH
5,Deuteronomy,32,38,Deuteronomy 32:38,6,ܗܘܘ,,,,Peshitta,PESH
5,Deuteronomy,32,38,Deuteronomy 32:38,7,ܚܡܪܐ,,,,Peshitta,PESH
5,Deuteronomy,32,38,Deuteronomy 32:38,8,ܕܢܘܩܝܗܘܢ,,,,Peshitta,PESH
5,Deuteronomy,32,38,Deuteronomy 32:38,9,ܢܩܘܡܘܢ,,,,Peshitta,PESH
5,Deuteronomy,32,38,Deuteronomy 32:38,10,ܗܫܐ,,,,Peshitta,PESH
5,Deuteronomy,32,38,Deuteronomy 32:38,11,ܘܢܥܕܪܘܢܟܘܢ,,,,Peshitta,PESH
5,Deuteronomy,32,38,Deuteronomy 32:38,12,ܘܢܗܘܘܢ,,,,Peshitta,PESH
5,Deuteronomy,32,38,Deuteronomy 32:38,13,ܥܠܝܟܘܢ,,,,Peshitta,PESH
5,Deuteronomy,32,38,Deuteronomy 32:38,14,ܡܣܬܪ̈ܢܐ,,,,Peshitta,PESH
5,Deuteronomy,32,39,Deuteronomy 32:39,1,ܚܙܘ,,,,Peshitta,PESH
5,Deuteronomy,32,39,Deuteronomy 32:39,2,ܗܟܝܠ,,,,Peshitta,PESH
5,Deuteronomy,32,39,Deuteronomy 32:39,3,ܕܐܢܐ,,,,Peshitta,PESH
5,Deuteronomy,32,39,Deuteronomy 32:39,4,ܐܢܐ,,,,Peshitta,PESH
5,Deuteronomy,32,39,Deuteronomy 32:39,5,ܘܠܝܬ,,,,Peshitta,PESH
5,Deuteronomy,32,39,Deuteronomy 32:39,6,ܐܠܗ,,,,Peshitta,PESH
5,Deuteronomy,32,39,Deuteronomy 32:39,7,ܠܒܪ,,,,Peshitta,PESH
5,Deuteronomy,32,39,Deuteronomy 32:39,8,ܡܢܝ,,,,Peshitta,PESH
5,Deuteronomy,32,39,Deuteronomy 32:39,9,ܐܢܐ,,,,Peshitta,PESH
5,Deuteronomy,32,39,Deuteronomy 32:39,10,ܡܡܝܬ,,,,Peshitta,PESH
5,Deuteronomy,32,39,Deuteronomy 32:39,11,ܐܢܐ,,,,Peshitta,PESH
5,Deuteronomy,32,39,Deuteronomy 32:39,12,ܘܐܢܐ,,,,Peshitta,PESH
5,Deuteronomy,32,39,Deuteronomy 32:39,13,ܡ̇ܚܐ,,,,Peshitta,PESH
5,Deuteronomy,32,39,Deuteronomy 32:39,14,ܐܢܐ,,,,Peshitta,PESH
5,Deuteronomy,32,39,Deuteronomy 32:39,15,ܐܢܐ,,,,Peshitta,PESH
5,Deuteronomy,32,39,Deuteronomy 32:39,16,ܡ̇ܚܐ,,,,Peshitta,PESH
5,Deuteronomy,32,39,Deuteronomy 32:39,17,ܐܢܐ,,,,Peshitta,PESH
5,Deuteronomy,32,39,Deuteronomy 32:39,18,ܘܐܢܐ,,,,Peshitta,PESH
5,Deuteronomy,32,39,Deuteronomy 32:39,19,ܡܐܣܐ,,,,Peshitta,PESH
5,Deuteronomy,32,39,Deuteronomy 32:39,20,ܐܢܐ,,,,Peshitta,PESH
5,Deuteronomy,32,39,Deuteronomy 32:39,21,ܘܠܝܬ,,,,Peshitta,PESH
5,Deuteronomy,32,39,Deuteronomy 32:39,22,ܕܦ̇ܠܛ,,,,Peshitta,PESH
5,Deuteronomy,32,39,Deuteronomy 32:39,23,ܡܢ,,,,Peshitta,PESH
5,Deuteronomy,32,39,Deuteronomy 32:39,24,ܐ̈ܝܕܝ,,,,Peshitta,PESH
5,Deuteronomy,32,40,Deuteronomy 32:40,1,ܡܛܠ,,,,Peshitta,PESH
5,Deuteronomy,32,40,Deuteronomy 32:40,2,ܕܐܪܝ̇ܡܬ,,,,Peshitta,PESH
5,Deuteronomy,32,40,Deuteronomy 32:40,3,ܥܠ,,,,Peshitta,PESH
5,Deuteronomy,32,40,Deuteronomy 32:40,4,ܫܡܝܐ,,,,Peshitta,PESH
5,Deuteronomy,32,40,Deuteronomy 32:40,5,ܐܝܕܝ,,,,Peshitta,PESH
5,Deuteronomy,32,40,Deuteronomy 32:40,6,ܘܐܡ̇ܪܬ,,,,Peshitta,PESH
5,Deuteronomy,32,40,Deuteronomy 32:40,7,ܕܚܝ,,,,Peshitta,PESH
5,Deuteronomy,32,40,Deuteronomy 32:40,8,ܐܢܐ,,,,Peshitta,PESH
5,Deuteronomy,32,40,Deuteronomy 32:40,9,ܠܥܠܡ,,,,Peshitta,PESH
5,Deuteronomy,32,41,Deuteronomy 32:41,1,ܐܠܛܘܫ,,,,Peshitta,PESH
5,Deuteronomy,32,41,Deuteronomy 32:41,2,ܫܢܢܗ,,,,Peshitta,PESH
5,Deuteronomy,32,41,Deuteronomy 32:41,3,ܕܣܝܦܝ,,,,Peshitta,PESH
5,Deuteronomy,32,41,Deuteronomy 32:41,4,ܐܝܟ,,,,Peshitta,PESH
5,Deuteronomy,32,41,Deuteronomy 32:41,5,ܒܪܩܐ,,,,Peshitta,PESH
5,Deuteronomy,32,41,Deuteronomy 32:41,6,ܘܬܐܚܘܕ,,,,Peshitta,PESH
5,Deuteronomy,32,41,Deuteronomy 32:41,7,ܒܕܝܢܐ,,,,Peshitta,PESH
5,Deuteronomy,32,41,Deuteronomy 32:41,8,ܐܝܕܝ,,,,Peshitta,PESH
5,Deuteronomy,32,41,Deuteronomy 32:41,9,ܐܗܦܟ,,,,Peshitta,PESH
5,Deuteronomy,32,41,Deuteronomy 32:41,10,ܦܘܪܥܢܐ,,,,Peshitta,PESH
5,Deuteronomy,32,41,Deuteronomy 32:41,11,ܠܣܢܐ̈ܝ,,,,Peshitta,PESH
5,Deuteronomy,32,41,Deuteronomy 32:41,12,ܘܠܒ̈ܥܠܕܒܒܝ,,,,Peshitta,PESH
5,Deuteronomy,32,41,Deuteronomy 32:41,13,ܐܫܠܡ,,,,Peshitta,PESH
5,Deuteronomy,32,42,Deuteronomy 32:42,1,ܐܪܘܐ,,,,Peshitta,PESH
5,Deuteronomy,32,42,Deuteronomy 32:42,2,ܓܐܪ̈ܝ,,,,Peshitta,PESH
5,Deuteronomy,32,42,Deuteronomy 32:42,3,ܡܢ,,,,Peshitta,PESH
5,Deuteronomy,32,42,Deuteronomy 32:42,4,ܕܡܐ,,,,Peshitta,PESH
5,Deuteronomy,32,42,Deuteronomy 32:42,5,ܘܣܝܦܝ,,,,Peshitta,PESH
5,Deuteronomy,32,42,Deuteronomy 32:42,6,ܢܐܟܘܠ,,,,Peshitta,PESH
5,Deuteronomy,32,42,Deuteronomy 32:42,7,ܒܣܪܐ,,,,Peshitta,PESH
5,Deuteronomy,32,42,Deuteronomy 32:42,8,ܡܢ,,,,Peshitta,PESH
5,Deuteronomy,32,42,Deuteronomy 32:42,9,ܕܡܐ,,,,Peshitta,PESH
5,Deuteronomy,32,42,Deuteronomy 32:42,10,ܕܩ̈ܛܝܠܐ,,,,Peshitta,PESH
5,Deuteronomy,32,42,Deuteronomy 32:42,11,ܘܕܫ̈ܒܝܐ,,,,Peshitta,PESH
5,Deuteronomy,32,42,Deuteronomy 32:42,12,ܘܡܢ,,,,Peshitta,PESH
5,Deuteronomy,32,42,Deuteronomy 32:42,13,ܪܝܫ,,,,Peshitta,PESH
5,Deuteronomy,32,42,Deuteronomy 32:42,14,ܬܓܐ,,,,Peshitta,PESH
5,Deuteronomy,32,42,Deuteronomy 32:42,15,ܕܒܥܠܕܒܒܐ,,,,Peshitta,PESH
5,Deuteronomy,32,43,Deuteronomy 32:43,1,ܡܟܝܠ,,,,Peshitta,PESH
5,Deuteronomy,32,43,Deuteronomy 32:43,2,ܫܒܚܘ,,,,Peshitta,PESH
5,Deuteronomy,32,43,Deuteronomy 32:43,3,ܥܡ̈ܡܐ,,,,Peshitta,PESH
5,Deuteronomy,32,43,Deuteronomy 32:43,4,ܥܡܗ,,,,Peshitta,PESH
5,Deuteronomy,32,43,Deuteronomy 32:43,5,ܡܛܠ,,,,Peshitta,PESH
5,Deuteronomy,32,43,Deuteronomy 32:43,6,ܕܕܡܐ,,,,Peshitta,PESH
5,Deuteronomy,32,43,Deuteronomy 32:43,7,ܕܥܒ̈ܕܘܗܝ,,,,Peshitta,PESH
5,Deuteronomy,32,43,Deuteronomy 32:43,8,ܡܬܦܪܥ,,,,Peshitta,PESH
5,Deuteronomy,32,43,Deuteronomy 32:43,9,ܘܦܘܪܥܢܐ,,,,Peshitta,PESH
5,Deuteronomy,32,43,Deuteronomy 32:43,10,ܡܗܦܟ,,,,Peshitta,PESH
5,Deuteronomy,32,43,Deuteronomy 32:43,11,ܠܣܢܐ̈ܘܗܝ,,,,Peshitta,PESH
5,Deuteronomy,32,43,Deuteronomy 32:43,12,ܘܡܚܣܐ,,,,Peshitta,PESH
5,Deuteronomy,32,43,Deuteronomy 32:43,13,ܥܠ,,,,Peshitta,PESH
5,Deuteronomy,32,43,Deuteronomy 32:43,14,ܐܪܥܗ,,,,Peshitta,PESH
5,Deuteronomy,32,43,Deuteronomy 32:43,15,ܘܥܠ,,,,Peshitta,PESH
5,Deuteronomy,32,43,Deuteronomy 32:43,16,ܥܡܗ,,,,Peshitta,PESH
5,Deuteronomy,32,44,Deuteronomy 32:44,1,ܘܐܬܐ,,,,Peshitta,PESH
5,Deuteronomy,32,44,Deuteronomy 32:44,2,ܡܘܫܐ,,,,Peshitta,PESH
5,Deuteronomy,32,44,Deuteronomy 32:44,3,ܘܐܡܪ,,,,Peshitta,PESH
5,Deuteronomy,32,44,Deuteronomy 32:44,4,ܟܠܗܘܢ,,,,Peshitta,PESH
5,Deuteronomy,32,44,Deuteronomy 32:44,5,ܦܬ̈ܓܡܐ,,,,Peshitta,PESH
5,Deuteronomy,32,44,Deuteronomy 32:44,6,ܕܬܫܒܘܚܬܐ,,,,Peshitta,PESH
5,Deuteronomy,32,44,Deuteronomy 32:44,7,ܗܕܐ,,,,Peshitta,PESH
5,Deuteronomy,32,44,Deuteronomy 32:44,8,ܩܕܡ,,,,Peshitta,PESH
5,Deuteronomy,32,44,Deuteronomy 32:44,9,ܥܡܐ,,,,Peshitta,PESH
5,Deuteronomy,32,44,Deuteronomy 32:44,10,ܗܘ,,,,Peshitta,PESH
5,Deuteronomy,32,44,Deuteronomy 32:44,11,ܘܝܫܘܥ,,,,Peshitta,PESH
5,Deuteronomy,32,44,Deuteronomy 32:44,12,ܒܪܢܘܢ,,,,Peshitta,PESH
5,Deuteronomy,32,45,Deuteronomy 32:45,1,ܘܟܕ,,,,Peshitta,PESH
5,Deuteronomy,32,45,Deuteronomy 32:45,2,ܫܠܡ,,,,Peshitta,PESH
5,Deuteronomy,32,45,Deuteronomy 32:45,3,ܡܘܫܐ,,,,Peshitta,PESH
5,Deuteronomy,32,45,Deuteronomy 32:45,4,ܠܡܐܡܪ,,,,Peshitta,PESH
5,Deuteronomy,32,45,Deuteronomy 32:45,5,ܟܠܗܘܢ,,,,Peshitta,PESH
5,Deuteronomy,32,45,Deuteronomy 32:45,6,ܦܬ̈ܓܡܐ,,,,Peshitta,PESH
5,Deuteronomy,32,45,Deuteronomy 32:45,7,ܗܠܝܢ,,,,Peshitta,PESH
5,Deuteronomy,32,45,Deuteronomy 32:45,8,ܠܟܘܠܗ,,,,Peshitta,PESH
5,Deuteronomy,32,45,Deuteronomy 32:45,9,ܐܝܣܪܝܠ,,,,Peshitta,PESH
5,Deuteronomy,32,46,Deuteronomy 32:46,1,ܐܡܪ,,,,Peshitta,PESH
5,Deuteronomy,32,46,Deuteronomy 32:46,2,ܠܗܘܢ,,,,Peshitta,PESH
5,Deuteronomy,32,46,Deuteronomy 32:46,3,ܣܝܡܘ,,,,Peshitta,PESH
5,Deuteronomy,32,46,Deuteronomy 32:46,4,ܠܒܟܘܢ,,,,Peshitta,PESH
5,Deuteronomy,32,46,Deuteronomy 32:46,5,ܒܟܠܗܘܢ,,,,Peshitta,PESH
5,Deuteronomy,32,46,Deuteronomy 32:46,6,ܦܬ̈ܓܡܐ,,,,Peshitta,PESH
5,Deuteronomy,32,46,Deuteronomy 32:46,7,ܗܠܝܢ,,,,Peshitta,PESH
5,Deuteronomy,32,46,Deuteronomy 32:46,8,ܕܡܣܗܕ,,,,Peshitta,PESH
5,Deuteronomy,32,46,Deuteronomy 32:46,9,ܐܢܐ,,,,Peshitta,PESH
5,Deuteronomy,32,46,Deuteronomy 32:46,10,ܒܟܘܢ,,,,Peshitta,PESH
5,Deuteronomy,32,46,Deuteronomy 32:46,11,ܝܘܡܢܐ,,,,Peshitta,PESH
5,Deuteronomy,32,46,Deuteronomy 32:46,12,ܕܬܦܩܕܘܢ,,,,Peshitta,PESH
5,Deuteronomy,32,46,Deuteronomy 32:46,13,ܠܒܢ̈ܝܟܘܢ,,,,Peshitta,PESH
5,Deuteronomy,32,46,Deuteronomy 32:46,14,ܕܢܛܪܘܢ,,,,Peshitta,PESH
5,Deuteronomy,32,46,Deuteronomy 32:46,15,ܘܢܥܒܕܘܢ,,,,Peshitta,PESH
5,Deuteronomy,32,46,Deuteronomy 32:46,16,ܟܠܗܘܢ,,,,Peshitta,PESH
5,Deuteronomy,32,46,Deuteronomy 32:46,17,ܦܬ̈ܓܡܘܗܝ,,,,Peshitta,PESH
5,Deuteronomy,32,46,Deuteronomy 32:46,18,ܕܢܡܘܣܐ,,,,Peshitta,PESH
5,Deuteronomy,32,46,Deuteronomy 32:46,19,ܗܢܐ,,,,Peshitta,PESH
5,Deuteronomy,32,47,Deuteronomy 32:47,1,ܡܛܠ,,,,Peshitta,PESH
5,Deuteronomy,32,47,Deuteronomy 32:47,2,ܕܠܐ,,,,Peshitta,PESH
5,Deuteronomy,32,47,Deuteronomy 32:47,3,ܗܘܐ,,,,Peshitta,PESH
5,Deuteronomy,32,47,Deuteronomy 32:47,4,ܓܝܪ,,,,Peshitta,PESH
5,Deuteronomy,32,47,Deuteronomy 32:47,5,ܦܬܓܡܐ,,,,Peshitta,PESH
5,Deuteronomy,32,47,Deuteronomy 32:47,6,ܣܪܝܩܐ,,,,Peshitta,PESH
5,Deuteronomy,32,47,Deuteronomy 32:47,7,ܠܟܘܢ,,,,Peshitta,PESH
5,Deuteronomy,32,47,Deuteronomy 32:47,8,ܡܛܠ,,,,Peshitta,PESH
5,Deuteronomy,32,47,Deuteronomy 32:47,9,ܕܗܘܝܘ,,,,Peshitta,PESH
5,Deuteronomy,32,47,Deuteronomy 32:47,10,ܚܝ̈ܝܟܘܢ,,,,Peshitta,PESH
5,Deuteronomy,32,47,Deuteronomy 32:47,11,ܘܒܦܬܓܡܐ,,,,Peshitta,PESH
5,Deuteronomy,32,47,Deuteronomy 32:47,12,ܗܢܐ,,,,Peshitta,PESH
5,Deuteronomy,32,47,Deuteronomy 32:47,13,ܬܣܓܘܢ,,,,Peshitta,PESH
5,Deuteronomy,32,47,Deuteronomy 32:47,14,ܝܘܡ̈ܬܐ,,,,Peshitta,PESH
5,Deuteronomy,32,47,Deuteronomy 32:47,15,ܒܐܪܥܐ,,,,Peshitta,PESH
5,Deuteronomy,32,47,Deuteronomy 32:47,16,ܕܥ̇ܒܪܝܢ,,,,Peshitta,PESH
5,Deuteronomy,32,47,Deuteronomy 32:47,17,ܐܢܬܘܢ,,,,Peshitta,PESH
5,Deuteronomy,32,47,Deuteronomy 32:47,18,ܝܘܪܕܢܢ,,,,Peshitta,PESH
5,Deuteronomy,32,47,Deuteronomy 32:47,19,ܠܬܡܢ,,,,Peshitta,PESH
5,Deuteronomy,32,47,Deuteronomy 32:47,20,ܠܡܐܪܬܗ̇,,,,Peshitta,PESH
5,Deuteronomy,32,48,Deuteronomy 32:48,1,ܘܡܠܠ,,,,Peshitta,PESH
5,Deuteronomy,32,48,Deuteronomy 32:48,2,ܡܪܝܐ,,,,Peshitta,PESH
5,Deuteronomy,32,48,Deuteronomy 32:48,3,ܥܡ,,,,Peshitta,PESH
5,Deuteronomy,32,48,Deuteronomy 32:48,4,ܡܘܫܐ,,,,Peshitta,PESH
5,Deuteronomy,32,48,Deuteronomy 32:48,5,ܒܗ,,,,Peshitta,PESH
5,Deuteronomy,32,48,Deuteronomy 32:48,6,ܒܝܘܡܐ,,,,Peshitta,PESH
5,Deuteronomy,32,48,Deuteronomy 32:48,7,ܗ̇ܘ,,,,Peshitta,PESH
5,Deuteronomy,32,48,Deuteronomy 32:48,8,ܘܐܡܪ,,,,Peshitta,PESH
5,Deuteronomy,32,48,Deuteronomy 32:48,9,ܠܗ,,,,Peshitta,PESH
5,Deuteronomy,32,49,Deuteronomy 32:49,1,ܣܩ,,,,Peshitta,PESH
5,Deuteronomy,32,49,Deuteronomy 32:49,2,ܠܛܘܪܐ,,,,Peshitta,PESH
5,Deuteronomy,32,49,Deuteronomy 32:49,3,ܗܢܐ,,,,Peshitta,PESH
5,Deuteronomy,32,49,Deuteronomy 32:49,4,ܕܥܒܪ̈ܝܐ,,,,Peshitta,PESH
5,Deuteronomy,32,49,Deuteronomy 32:49,5,ܠܛܘܪܐ,,,,Peshitta,PESH
5,Deuteronomy,32,49,Deuteronomy 32:49,6,ܕܢܒܘ,,,,Peshitta,PESH
5,Deuteronomy,32,49,Deuteronomy 32:49,7,ܕܒܐܪܥܐ,,,,Peshitta,PESH
5,Deuteronomy,32,49,Deuteronomy 32:49,8,ܕܡܘܐܒ,,,,Peshitta,PESH
5,Deuteronomy,32,49,Deuteronomy 32:49,9,ܕܩܕܡ,,,,Peshitta,PESH
5,Deuteronomy,32,49,Deuteronomy 32:49,10,ܐܝܪܝܚܘ,,,,Peshitta,PESH
5,Deuteronomy,32,49,Deuteronomy 32:49,11,ܘܚܙܝܗ̇,,,,Peshitta,PESH
5,Deuteronomy,32,49,Deuteronomy 32:49,12,ܠܐܪܥܐ,,,,Peshitta,PESH
5,Deuteronomy,32,49,Deuteronomy 32:49,13,ܕܟܢܥܢ,,,,Peshitta,PESH
5,Deuteronomy,32,49,Deuteronomy 32:49,14,ܕܝ̇ܗܒ,,,,Peshitta,PESH
5,Deuteronomy,32,49,Deuteronomy 32:49,15,ܐܢܐ,,,,Peshitta,PESH
5,Deuteronomy,32,49,Deuteronomy 32:49,16,ܠܒܢ̈ܝ,,,,Peshitta,PESH
5,Deuteronomy,32,49,Deuteronomy 32:49,17,ܐܝܣܪܝܠ,,,,Peshitta,PESH
5,Deuteronomy,32,49,Deuteronomy 32:49,18,ܝܘܪܬܢܐ,,,,Peshitta,PESH
5,Deuteronomy,32,50,Deuteronomy 32:50,1,ܘܡܘܬ,,,,Peshitta,PESH
5,Deuteronomy,32,50,Deuteronomy 32:50,2,ܒܛܘܪܐ,,,,Peshitta,PESH
5,Deuteronomy,32,50,Deuteronomy 32:50,3,ܕܣ̇ܠܩ,,,,Peshitta,PESH
5,Deuteronomy,32,50,Deuteronomy 32:50,4,ܐܢܬ,,,,Peshitta,PESH
5,Deuteronomy,32,50,Deuteronomy 32:50,5,ܠܗ,,,,Peshitta,PESH
5,Deuteronomy,32,50,Deuteronomy 32:50,6,ܘܐܬܟܢܫ,,,,Peshitta,PESH
5,Deuteronomy,32,50,Deuteronomy 32:50,7,ܠܘܬ,,,,Peshitta,PESH
5,Deuteronomy,32,50,Deuteronomy 32:50,8,ܥܡܟ,,,,Peshitta,PESH
5,Deuteronomy,32,50,Deuteronomy 32:50,9,ܐܝܟ,,,,Peshitta,PESH
5,Deuteronomy,32,50,Deuteronomy 32:50,10,ܕܡܝܬ,,,,Peshitta,PESH
5,Deuteronomy,32,50,Deuteronomy 32:50,11,ܐܗܪܘܢ,,,,Peshitta,PESH
5,Deuteronomy,32,50,Deuteronomy 32:50,12,ܐܚܘܟ,,,,Peshitta,PESH
5,Deuteronomy,32,50,Deuteronomy 32:50,13,ܒܗܘܪ,,,,Peshitta,PESH
5,Deuteronomy,32,50,Deuteronomy 32:50,14,ܛܘܪܐ,,,,Peshitta,PESH
5,Deuteronomy,32,50,Deuteronomy 32:50,15,ܘܐܬܟܢܫ,,,,Peshitta,PESH
5,Deuteronomy,32,50,Deuteronomy 32:50,16,ܠܘܬ,,,,Peshitta,PESH
5,Deuteronomy,32,50,Deuteronomy 32:50,17,ܥܡܗ,,,,Peshitta,PESH
5,Deuteronomy,32,51,Deuteronomy 32:51,1,ܥܠ,,,,Peshitta,PESH
5,Deuteronomy,32,51,Deuteronomy 32:51,2,ܕܐܥܠܝܬܘܢ,,,,Peshitta,PESH
5,Deuteronomy,32,51,Deuteronomy 32:51,3,ܒܝ,,,,Peshitta,PESH
5,Deuteronomy,32,51,Deuteronomy 32:51,4,ܒܓܘ,,,,Peshitta,PESH
5,Deuteronomy,32,51,Deuteronomy 32:51,5,ܒܢܝ̈,,,,Peshitta,PESH
5,Deuteronomy,32,51,Deuteronomy 32:51,6,ܐܝܣܪܝܠ,,,,Peshitta,PESH
5,Deuteronomy,32,51,Deuteronomy 32:51,7,ܒܡ̈ܝܐ,,,,Peshitta,PESH
5,Deuteronomy,32,51,Deuteronomy 32:51,8,ܕܡܨܘܬܐ,,,,Peshitta,PESH
5,Deuteronomy,32,51,Deuteronomy 32:51,9,ܒܪܩܡ,,,,Peshitta,PESH
5,Deuteronomy,32,51,Deuteronomy 32:51,10,ܒܡܕܒܪܐ,,,,Peshitta,PESH
5,Deuteronomy,32,51,Deuteronomy 32:51,11,ܕܨܝܢ,,,,Peshitta,PESH
5,Deuteronomy,32,51,Deuteronomy 32:51,12,ܥܠ,,,,Peshitta,PESH
5,Deuteronomy,32,51,Deuteronomy 32:51,13,ܕܠܐ,,,,Peshitta,PESH
5,Deuteronomy,32,51,Deuteronomy 32:51,14,ܩܕܫܬܘܢܢܝ,,,,Peshitta,PESH
5,Deuteronomy,32,51,Deuteronomy 32:51,15,ܒܓܘ,,,,Peshitta,PESH
5,Deuteronomy,32,51,Deuteronomy 32:51,16,ܒܢ̈ܝ,,,,Peshitta,PESH
5,Deuteronomy,32,51,Deuteronomy 32:51,17,ܐܝܣܪܐܝܠ,,,,Peshitta,PESH
5,Deuteronomy,32,52,Deuteronomy 32:52,1,ܡܢ,,,,Peshitta,PESH
5,Deuteronomy,32,52,Deuteronomy 32:52,2,ܩܒܘܠ,,,,Peshitta,PESH
5,Deuteronomy,32,52,Deuteronomy 32:52,3,ܚܙܝܗ̇,,,,Peshitta,PESH
5,Deuteronomy,32,52,Deuteronomy 32:52,4,ܠܐܪܥܐ,,,,Peshitta,PESH
5,Deuteronomy,32,52,Deuteronomy 32:52,5,ܕܝ̇ܗܒ,,,,Peshitta,PESH
5,Deuteronomy,32,52,Deuteronomy 32:52,6,ܐܢܐ,,,,Peshitta,PESH
5,Deuteronomy,32,52,Deuteronomy 32:52,7,ܠܒܢ̈ܝ,,,,Peshitta,PESH
5,Deuteronomy,32,52,Deuteronomy 32:52,8,ܐܝܣܪܝܠ,,,,Peshitta,PESH
5,Deuteronomy,32,52,Deuteronomy 32:52,9,ܘܠܬܡܢ,,,,Peshitta,PESH
5,Deuteronomy,32,52,Deuteronomy 32:52,10,ܠܐ,,,,Peshitta,PESH
5,Deuteronomy,32,52,Deuteronomy 32:52,11,ܬܥܘܠ,,,,Peshitta,PESH
5,Deuteronomy,33,1,Deuteronomy 33:1,1,ܘܗܕܐ,,,,Peshitta,PESH
5,Deuteronomy,33,1,Deuteronomy 33:1,2,ܒܘܪܟܬܐ,,,,Peshitta,PESH
5,Deuteronomy,33,1,Deuteronomy 33:1,3,ܕܒܪܟ,,,,Peshitta,PESH
5,Deuteronomy,33,1,Deuteronomy 33:1,4,ܡܘܫܐ,,,,Peshitta,PESH
5,Deuteronomy,33,1,Deuteronomy 33:1,5,ܥܒܕܗ,,,,Peshitta,PESH
5,Deuteronomy,33,1,Deuteronomy 33:1,6,ܕܐܠܗܐ,,,,Peshitta,PESH
5,Deuteronomy,33,1,Deuteronomy 33:1,7,ܠܒܢ̈ܝ,,,,Peshitta,PESH
5,Deuteronomy,33,1,Deuteronomy 33:1,8,ܐܝܣܪܝܠ,,,,Peshitta,PESH
5,Deuteronomy,33,1,Deuteronomy 33:1,9,ܩܕܡ,,,,Peshitta,PESH
5,Deuteronomy,33,1,Deuteronomy 33:1,10,ܕܢܡܘܬ,,,,Peshitta,PESH
5,Deuteronomy,33,2,Deuteronomy 33:2,1,ܘܐܡܪ,,,,Peshitta,PESH
5,Deuteronomy,33,2,Deuteronomy 33:2,2,ܡܪܝܐ,,,,Peshitta,PESH
5,Deuteronomy,33,2,Deuteronomy 33:2,3,ܡܢ,,,,Peshitta,PESH
5,Deuteronomy,33,2,Deuteronomy 33:2,4,ܣܝܢܝ,,,,Peshitta,PESH
5,Deuteronomy,33,2,Deuteronomy 33:2,5,ܐܬܐ,,,,Peshitta,PESH
5,Deuteronomy,33,2,Deuteronomy 33:2,6,ܘܕܢܚ,,,,Peshitta,PESH
5,Deuteronomy,33,2,Deuteronomy 33:2,7,ܠܢ,,,,Peshitta,PESH
5,Deuteronomy,33,2,Deuteronomy 33:2,8,ܡܢ,,,,Peshitta,PESH
5,Deuteronomy,33,2,Deuteronomy 33:2,9,ܣܥܝܪ,,,,Peshitta,PESH
5,Deuteronomy,33,2,Deuteronomy 33:2,10,ܘܐܬܓܠܝ,,,,Peshitta,PESH
5,Deuteronomy,33,2,Deuteronomy 33:2,11,ܡܢ,,,,Peshitta,PESH
5,Deuteronomy,33,2,Deuteronomy 33:2,12,ܛܘܪܐ,,,,Peshitta,PESH
5,Deuteronomy,33,2,Deuteronomy 33:2,13,ܕܦܪܢ,,,,Peshitta,PESH
5,Deuteronomy,33,2,Deuteronomy 33:2,14,ܘܥܡܗ,,,,Peshitta,PESH
5,Deuteronomy,33,2,Deuteronomy 33:2,15,ܡܢ,,,,Peshitta,PESH
5,Deuteronomy,33,2,Deuteronomy 33:2,16,ܪ̈ܒܘܬܐ,,,,Peshitta,PESH
5,Deuteronomy,33,2,Deuteronomy 33:2,17,ܕܩܕܝܫ̈ܐ,,,,Peshitta,PESH
5,Deuteronomy,33,2,Deuteronomy 33:2,18,ܡܢ,,,,Peshitta,PESH
5,Deuteronomy,33,2,Deuteronomy 33:2,19,ܝܡܝܢܗ,,,,Peshitta,PESH
5,Deuteronomy,33,3,Deuteronomy 33:3,1,ܝܗܒ,,,,Peshitta,PESH
5,Deuteronomy,33,3,Deuteronomy 33:3,2,ܠܗܘܢ,,,,Peshitta,PESH
5,Deuteronomy,33,3,Deuteronomy 33:3,3,ܘܐܦ,,,,Peshitta,PESH
5,Deuteronomy,33,3,Deuteronomy 33:3,4,ܐܪܚܡ,,,,Peshitta,PESH
5,Deuteronomy,33,3,Deuteronomy 33:3,5,ܐܢܘܢ,,,,Peshitta,PESH
5,Deuteronomy,33,3,Deuteronomy 33:3,6,ܠܥܡ̈ܡܐ,,,,Peshitta,PESH
5,Deuteronomy,33,3,Deuteronomy 33:3,7,ܘܟܠܗܘܢ,,,,Peshitta,PESH
5,Deuteronomy,33,3,Deuteronomy 33:3,8,ܩܕܝܫ̈ܘܗܝ,,,,Peshitta,PESH
5,Deuteronomy,33,3,Deuteronomy 33:3,9,ܒܪܟ,,,,Peshitta,PESH
5,Deuteronomy,33,3,Deuteronomy 33:3,10,ܘܗܢܘܢ,,,,Peshitta,PESH
5,Deuteronomy,33,3,Deuteronomy 33:3,11,ܡܕܪܟܝܢ,,,,Peshitta,PESH
5,Deuteronomy,33,3,Deuteronomy 33:3,12,ܠܪܓܠܟ,,,,Peshitta,PESH
5,Deuteronomy,33,3,Deuteronomy 33:3,13,ܘܡܩܒܠܝܢ,,,,Peshitta,PESH
5,Deuteronomy,33,3,Deuteronomy 33:3,14,ܡܢ,,,,Peshitta,PESH
5,Deuteronomy,33,3,Deuteronomy 33:3,15,ܡܠܬܟ,,,,Peshitta,PESH
5,Deuteronomy,33,4,Deuteronomy 33:4,1,ܢܡܘܣܐ,,,,Peshitta,PESH
5,Deuteronomy,33,4,Deuteronomy 33:4,2,ܐܫܠܡ,,,,Peshitta,PESH
5,Deuteronomy,33,4,Deuteronomy 33:4,3,ܠܢ,,,,Peshitta,PESH
5,Deuteronomy,33,4,Deuteronomy 33:4,4,ܡܘܫܐ,,,,Peshitta,PESH
5,Deuteronomy,33,4,Deuteronomy 33:4,5,ܘܝܗܒܗ,,,,Peshitta,PESH
5,Deuteronomy,33,4,Deuteronomy 33:4,6,ܝܘܪܬܢܐ,,,,Peshitta,PESH
5,Deuteronomy,33,4,Deuteronomy 33:4,7,ܠܟܢܘܫܬܗ,,,,Peshitta,PESH
5,Deuteronomy,33,4,Deuteronomy 33:4,8,ܕܝܥܩܘܒ,,,,Peshitta,PESH
5,Deuteronomy,33,5,Deuteronomy 33:5,1,ܘܢܗܘܐ,,,,Peshitta,PESH
5,Deuteronomy,33,5,Deuteronomy 33:5,2,ܒܐܝܣܪܝܠ,,,,Peshitta,PESH
5,Deuteronomy,33,5,Deuteronomy 33:5,3,ܡܠܟܐ,,,,Peshitta,PESH
5,Deuteronomy,33,5,Deuteronomy 33:5,4,ܡܐ,,,,Peshitta,PESH
5,Deuteronomy,33,5,Deuteronomy 33:5,5,ܕܐܬܟܢܫܘ,,,,Peshitta,PESH
5,Deuteronomy,33,5,Deuteronomy 33:5,6,ܪ̈ܝܫܐ,,,,Peshitta,PESH
5,Deuteronomy,33,5,Deuteronomy 33:5,7,ܕܥܡܐ,,,,Peshitta,PESH
5,Deuteronomy,33,5,Deuteronomy 33:5,8,ܐܟܚܕܐ,,,,Peshitta,PESH
5,Deuteronomy,33,5,Deuteronomy 33:5,9,ܘܫ̈ܒܛܐ,,,,Peshitta,PESH
5,Deuteronomy,33,5,Deuteronomy 33:5,10,ܕܐܝܣܪܐܝܠ,,,,Peshitta,PESH
5,Deuteronomy,33,6,Deuteronomy 33:6,1,ܢܚܐ,,,,Peshitta,PESH
5,Deuteronomy,33,6,Deuteronomy 33:6,2,ܪܘܒܝܠ,,,,Peshitta,PESH
5,Deuteronomy,33,6,Deuteronomy 33:6,3,ܘܠܐ,,,,Peshitta,PESH
5,Deuteronomy,33,6,Deuteronomy 33:6,4,ܢܡܘܬ,,,,Peshitta,PESH
5,Deuteronomy,33,6,Deuteronomy 33:6,5,ܘܢܗܘܐ,,,,Peshitta,PESH
5,Deuteronomy,33,6,Deuteronomy 33:6,6,ܒܡܢܝܢܐ,,,,Peshitta,PESH
5,Deuteronomy,33,7,Deuteronomy 33:7,1,ܘܗܕܐ,,,,Peshitta,PESH
5,Deuteronomy,33,7,Deuteronomy 33:7,2,ܐܡܪ,,,,Peshitta,PESH
5,Deuteronomy,33,7,Deuteronomy 33:7,3,ܠܝܗܘܕܐ,,,,Peshitta,PESH
5,Deuteronomy,33,7,Deuteronomy 33:7,4,ܫܡܥ,,,,Peshitta,PESH
5,Deuteronomy,33,7,Deuteronomy 33:7,5,ܡܪܝܐ,,,,Peshitta,PESH
5,Deuteronomy,33,7,Deuteronomy 33:7,6,ܒܩܠܗ,,,,Peshitta,PESH
5,Deuteronomy,33,7,Deuteronomy 33:7,7,ܕܝܗܘܕܐ,,,,Peshitta,PESH
5,Deuteronomy,33,7,Deuteronomy 33:7,8,ܘܠܥܡܗ,,,,Peshitta,PESH
5,Deuteronomy,33,7,Deuteronomy 33:7,9,ܐܝܬܝܗܝ,,,,Peshitta,PESH
5,Deuteronomy,33,7,Deuteronomy 33:7,10,ܐ̈ܝܕܘܗܝ,,,,Peshitta,PESH
5,Deuteronomy,33,7,Deuteronomy 33:7,11,ܢܕܘܢܢ,,,,Peshitta,PESH
5,Deuteronomy,33,7,Deuteronomy 33:7,12,ܠܗ,,,,Peshitta,PESH
5,Deuteronomy,33,7,Deuteronomy 33:7,13,ܘܥܕܘܪܐ,,,,Peshitta,PESH
5,Deuteronomy,33,7,Deuteronomy 33:7,14,ܡܢ,,,,Peshitta,PESH
5,Deuteronomy,33,7,Deuteronomy 33:7,15,ܐܠܘ̈ܨܘܗܝ,,,,Peshitta,PESH
5,Deuteronomy,33,7,Deuteronomy 33:7,16,ܗܘܝ,,,,Peshitta,PESH
5,Deuteronomy,33,7,Deuteronomy 33:7,17,ܠܗ,,,,Peshitta,PESH
5,Deuteronomy,33,8,Deuteronomy 33:8,1,ܘܠܠܘܝ,,,,Peshitta,PESH
5,Deuteronomy,33,8,Deuteronomy 33:8,2,ܐܡܪ,,,,Peshitta,PESH
5,Deuteronomy,33,8,Deuteronomy 33:8,3,ܫܘܡܠܝܟ,,,,Peshitta,PESH
5,Deuteronomy,33,8,Deuteronomy 33:8,4,ܘܢܘܗܪܟ,,,,Peshitta,PESH
5,Deuteronomy,33,8,Deuteronomy 33:8,5,ܠܓܒܪܐ,,,,Peshitta,PESH
5,Deuteronomy,33,8,Deuteronomy 33:8,6,ܚܣܝܐ,,,,Peshitta,PESH
5,Deuteronomy,33,8,Deuteronomy 33:8,7,ܕܢ̇ܣܝܬܗ,,,,Peshitta,PESH
5,Deuteronomy,33,8,Deuteronomy 33:8,8,ܒܢܣ̈ܝܘܢܐ,,,,Peshitta,PESH
5,Deuteronomy,33,8,Deuteronomy 33:8,9,ܘܒܚܪܬܗ,,,,Peshitta,PESH
5,Deuteronomy,33,8,Deuteronomy 33:8,10,ܒܡ̈ܝܐ,,,,Peshitta,PESH
5,Deuteronomy,33,8,Deuteronomy 33:8,11,ܕܡܨܘܬܐ,,,,Peshitta,PESH
5,Deuteronomy,33,9,Deuteronomy 33:9,1,ܕܐܡܪ,,,,Peshitta,PESH
5,Deuteronomy,33,9,Deuteronomy 33:9,2,ܥܠ,,,,Peshitta,PESH
5,Deuteronomy,33,9,Deuteronomy 33:9,3,ܐܒܘܗܝ,,,,Peshitta,PESH
5,Deuteronomy,33,9,Deuteronomy 33:9,4,ܘܥܠ,,,,Peshitta,PESH
5,Deuteronomy,33,9,Deuteronomy 33:9,5,ܐܡܗ,,,,Peshitta,PESH
5,Deuteronomy,33,9,Deuteronomy 33:9,6,ܠܐ,,,,Peshitta,PESH
5,Deuteronomy,33,9,Deuteronomy 33:9,7,ܚ̇ܙܝܬܗ,,,,Peshitta,PESH
5,Deuteronomy,33,9,Deuteronomy 33:9,8,ܘܠܐܚܘܗܝ,,,,Peshitta,PESH
5,Deuteronomy,33,9,Deuteronomy 33:9,9,ܠܐ,,,,Peshitta,PESH
5,Deuteronomy,33,9,Deuteronomy 33:9,10,ܐܫܬܘܕܥ,,,,Peshitta,PESH
5,Deuteronomy,33,9,Deuteronomy 33:9,11,ܘܠܒܢ̈ܘܗܝ,,,,Peshitta,PESH
5,Deuteronomy,33,9,Deuteronomy 33:9,12,ܠܐ,,,,Peshitta,PESH
5,Deuteronomy,33,9,Deuteronomy 33:9,13,ܝܕܥ,,,,Peshitta,PESH
5,Deuteronomy,33,9,Deuteronomy 33:9,14,ܕܢܛܪܘ,,,,Peshitta,PESH
5,Deuteronomy,33,9,Deuteronomy 33:9,15,ܡܐܡܪܟ,,,,Peshitta,PESH
5,Deuteronomy,33,9,Deuteronomy 33:9,16,ܘܩܝܡܟ,,,,Peshitta,PESH
5,Deuteronomy,33,9,Deuteronomy 33:9,17,ܢܛܪܘ,,,,Peshitta,PESH
5,Deuteronomy,33,10,Deuteronomy 33:10,1,ܢܠܦܘܢ,,,,Peshitta,PESH
5,Deuteronomy,33,10,Deuteronomy 33:10,2,ܕܝ̈ܢܝܟ,,,,Peshitta,PESH
5,Deuteronomy,33,10,Deuteronomy 33:10,3,ܠܝܥܩܘܒ,,,,Peshitta,PESH
5,Deuteronomy,33,10,Deuteronomy 33:10,4,ܘܢܡ̈ܘܣܝܟ,,,,Peshitta,PESH
5,Deuteronomy,33,10,Deuteronomy 33:10,5,ܠܐܝܣܪܝܠ,,,,Peshitta,PESH
5,Deuteronomy,33,10,Deuteronomy 33:10,6,ܢܣܝܡܘܢ,,,,Peshitta,PESH
5,Deuteronomy,33,10,Deuteronomy 33:10,7,ܥܛܪܐ,,,,Peshitta,PESH
5,Deuteronomy,33,10,Deuteronomy 33:10,8,ܒܪܘܓܙܟ,,,,Peshitta,PESH
5,Deuteronomy,33,10,Deuteronomy 33:10,9,ܘܫܘܡܠܝܐ,,,,Peshitta,PESH
5,Deuteronomy,33,10,Deuteronomy 33:10,10,ܥܠ,,,,Peshitta,PESH
5,Deuteronomy,33,10,Deuteronomy 33:10,11,ܡܕܒܚܟ,,,,Peshitta,PESH
5,Deuteronomy,33,11,Deuteronomy 33:11,1,ܒܪܟ,,,,Peshitta,PESH
5,Deuteronomy,33,11,Deuteronomy 33:11,2,ܡܪܝܐ,,,,Peshitta,PESH
5,Deuteronomy,33,11,Deuteronomy 33:11,3,ܚܝܠܗ,,,,Peshitta,PESH
5,Deuteronomy,33,11,Deuteronomy 33:11,4,ܘܐܨܛܒܝ,,,,Peshitta,PESH
5,Deuteronomy,33,11,Deuteronomy 33:11,5,ܒܥܒ̇ܕܐ,,,,Peshitta,PESH
5,Deuteronomy,33,11,Deuteronomy 33:11,6,ܕܐ̈ܝܕܘܗܝ,,,,Peshitta,PESH
5,Deuteronomy,33,11,Deuteronomy 33:11,7,ܬܒܪ,,,,Peshitta,PESH
5,Deuteronomy,33,11,Deuteronomy 33:11,8,ܚܨܐ,,,,Peshitta,PESH
5,Deuteronomy,33,11,Deuteronomy 33:11,9,ܕܣܢܐ̈ܘܗܝ,,,,Peshitta,PESH
5,Deuteronomy,33,11,Deuteronomy 33:11,10,ܘܒ̈ܥܠܕܒܒܘܗܝ,,,,Peshitta,PESH
5,Deuteronomy,33,11,Deuteronomy 33:11,11,ܠܐ,,,,Peshitta,PESH
5,Deuteronomy,33,11,Deuteronomy 33:11,12,ܢܩܘܡܘܢ,,,,Peshitta,PESH
5,Deuteronomy,33,12,Deuteronomy 33:12,1,ܘܠܒܢܝܡܝܢ,,,,Peshitta,PESH
5,Deuteronomy,33,12,Deuteronomy 33:12,2,ܐܡܪ,,,,Peshitta,PESH
5,Deuteronomy,33,12,Deuteronomy 33:12,3,ܚܒܝܒܗ,,,,Peshitta,PESH
5,Deuteronomy,33,12,Deuteronomy 33:12,4,ܕܡܪܝܐ,,,,Peshitta,PESH
5,Deuteronomy,33,12,Deuteronomy 33:12,5,ܢܫܪܐ,,,,Peshitta,PESH
5,Deuteronomy,33,12,Deuteronomy 33:12,6,ܒܫܠܝܐ,,,,Peshitta,PESH
5,Deuteronomy,33,12,Deuteronomy 33:12,7,ܘܥܠܘܗܝ,,,,Peshitta,PESH
5,Deuteronomy,33,12,Deuteronomy 33:12,8,ܢܪܚܦ,,,,Peshitta,PESH
5,Deuteronomy,33,12,Deuteronomy 33:12,9,ܟܠܗ,,,,Peshitta,PESH
5,Deuteronomy,33,12,Deuteronomy 33:12,10,ܝܘܡܐ,,,,Peshitta,PESH
5,Deuteronomy,33,12,Deuteronomy 33:12,11,ܘܒܝܬ,,,,Peshitta,PESH
5,Deuteronomy,33,12,Deuteronomy 33:12,12,ܟܬ̈ܦܬܗ,,,,Peshitta,PESH
5,Deuteronomy,33,12,Deuteronomy 33:12,13,ܢܫܪܐ,,,,Peshitta,PESH
5,Deuteronomy,33,13,Deuteronomy 33:13,1,ܘܠܝܘܣܦ,,,,Peshitta,PESH
5,Deuteronomy,33,13,Deuteronomy 33:13,2,ܐܡܪ,,,,Peshitta,PESH
5,Deuteronomy,33,13,Deuteronomy 33:13,3,ܡܒܪܟܬܐ,,,,Peshitta,PESH
5,Deuteronomy,33,13,Deuteronomy 33:13,4,ܗܝ,,,,Peshitta,PESH
5,Deuteronomy,33,13,Deuteronomy 33:13,5,ܕܡܪܝܐ,,,,Peshitta,PESH
5,Deuteronomy,33,13,Deuteronomy 33:13,6,ܐܪܥܗ,,,,Peshitta,PESH
5,Deuteronomy,33,13,Deuteronomy 33:13,7,ܒܐܒܐ,,,,Peshitta,PESH
5,Deuteronomy,33,13,Deuteronomy 33:13,8,ܡܢ,,,,Peshitta,PESH
5,Deuteronomy,33,13,Deuteronomy 33:13,9,ܛܠܐ,,,,Peshitta,PESH
5,Deuteronomy,33,13,Deuteronomy 33:13,10,ܕܫܡܝܐ,,,,Peshitta,PESH
5,Deuteronomy,33,13,Deuteronomy 33:13,11,ܡܢ,,,,Peshitta,PESH
5,Deuteronomy,33,13,Deuteronomy 33:13,12,ܠܥܠ,,,,Peshitta,PESH
5,Deuteronomy,33,13,Deuteronomy 33:13,13,ܘܡܢ,,,,Peshitta,PESH
5,Deuteronomy,33,13,Deuteronomy 33:13,14,ܬܗܘܡܐ,,,,Peshitta,PESH
5,Deuteronomy,33,13,Deuteronomy 33:13,15,ܕܐܪܒܝܥܐ,,,,Peshitta,PESH
5,Deuteronomy,33,13,Deuteronomy 33:13,16,ܡܢ,,,,Peshitta,PESH
5,Deuteronomy,33,13,Deuteronomy 33:13,17,ܠܬܚܬ,,,,Peshitta,PESH
5,Deuteronomy,33,14,Deuteronomy 33:14,1,ܡܢ,,,,Peshitta,PESH
5,Deuteronomy,33,14,Deuteronomy 33:14,2,ܐܒܐ,,,,Peshitta,PESH
5,Deuteronomy,33,14,Deuteronomy 33:14,3,ܕܥ̈ܠܠܬܐ,,,,Peshitta,PESH
5,Deuteronomy,33,14,Deuteronomy 33:14,4,ܕܫܡܫܐ,,,,Peshitta,PESH
5,Deuteronomy,33,14,Deuteronomy 33:14,5,ܘܡܢ,,,,Peshitta,PESH
5,Deuteronomy,33,14,Deuteronomy 33:14,6,ܐܒܐ,,,,Peshitta,PESH
5,Deuteronomy,33,14,Deuteronomy 33:14,7,ܕܡܘܥܐ,,,,Peshitta,PESH
5,Deuteronomy,33,14,Deuteronomy 33:14,8,ܣܗܪܐ,,,,Peshitta,PESH
5,Deuteronomy,33,15,Deuteronomy 33:15,1,ܘܡܢ,,,,Peshitta,PESH
5,Deuteronomy,33,15,Deuteronomy 33:15,2,ܪܝܫ,,,,Peshitta,PESH
5,Deuteronomy,33,15,Deuteronomy 33:15,3,ܛܘܪ̈ܝ,,,,Peshitta,PESH
5,Deuteronomy,33,15,Deuteronomy 33:15,4,ܡܕܢܚܐ,,,,Peshitta,PESH
5,Deuteronomy,33,15,Deuteronomy 33:15,5,ܘܡܢ,,,,Peshitta,PESH
5,Deuteronomy,33,15,Deuteronomy 33:15,6,ܐܒܐ,,,,Peshitta,PESH
5,Deuteronomy,33,15,Deuteronomy 33:15,7,ܕܪ̈ܡܬܐ,,,,Peshitta,PESH
5,Deuteronomy,33,15,Deuteronomy 33:15,8,ܕܥܠܡ,,,,Peshitta,PESH
5,Deuteronomy,33,16,Deuteronomy 33:16,1,ܘܡܢ,,,,Peshitta,PESH
5,Deuteronomy,33,16,Deuteronomy 33:16,2,ܐܒܐ,,,,Peshitta,PESH
5,Deuteronomy,33,16,Deuteronomy 33:16,3,ܕܐܪܥܐ,,,,Peshitta,PESH
5,Deuteronomy,33,16,Deuteronomy 33:16,4,ܘܡܠܐܗ̇,,,,Peshitta,PESH
5,Deuteronomy,33,16,Deuteronomy 33:16,5,ܨܒܝܢܗ,,,,Peshitta,PESH
5,Deuteronomy,33,16,Deuteronomy 33:16,6,ܕܡ̇ܢ,,,,Peshitta,PESH
5,Deuteronomy,33,16,Deuteronomy 33:16,7,ܕܫܪܐ,,,,Peshitta,PESH
5,Deuteronomy,33,16,Deuteronomy 33:16,8,ܒܣܢܝܐ,,,,Peshitta,PESH
5,Deuteronomy,33,16,Deuteronomy 33:16,9,ܢܐܬܝܢ,,,,Peshitta,PESH
5,Deuteronomy,33,16,Deuteronomy 33:16,10,ܥܠ,,,,Peshitta,PESH
5,Deuteronomy,33,16,Deuteronomy 33:16,11,ܪܫܗ,,,,Peshitta,PESH
5,Deuteronomy,33,16,Deuteronomy 33:16,12,ܕܝܘܣܦ,,,,Peshitta,PESH
5,Deuteronomy,33,16,Deuteronomy 33:16,13,ܘܥܠ,,,,Peshitta,PESH
5,Deuteronomy,33,16,Deuteronomy 33:16,14,ܪܝܫ,,,,Peshitta,PESH
5,Deuteronomy,33,16,Deuteronomy 33:16,15,ܟܠܝܠܐ,,,,Peshitta,PESH
5,Deuteronomy,33,16,Deuteronomy 33:16,16,ܕܐ̈ܚܘܗܝ,,,,Peshitta,PESH
5,Deuteronomy,33,17,Deuteronomy 33:17,1,ܒܘܟܪ̈ܐ,,,,Peshitta,PESH
5,Deuteronomy,33,17,Deuteronomy 33:17,2,ܕܬܘܪ̈ܐ,,,,Peshitta,PESH
5,Deuteronomy,33,17,Deuteronomy 33:17,3,ܗܕܪܐ,,,,Peshitta,PESH
5,Deuteronomy,33,17,Deuteronomy 33:17,4,ܠܗ,,,,Peshitta,PESH
5,Deuteronomy,33,17,Deuteronomy 33:17,5,ܘܩܪ̈ܢܬܐ,,,,Peshitta,PESH
5,Deuteronomy,33,17,Deuteronomy 33:17,6,ܕܪܝܡܐ,,,,Peshitta,PESH
5,Deuteronomy,33,17,Deuteronomy 33:17,7,ܩܪ̈ܢܬܗ,,,,Peshitta,PESH
5,Deuteronomy,33,17,Deuteronomy 33:17,8,ܒܗܝܢ,,,,Peshitta,PESH
5,Deuteronomy,33,17,Deuteronomy 33:17,9,ܢܕܩܪ,,,,Peshitta,PESH
5,Deuteronomy,33,17,Deuteronomy 33:17,10,ܥܡ̈ܡܐ,,,,Peshitta,PESH
5,Deuteronomy,33,17,Deuteronomy 33:17,11,ܐܟܚܕܐ,,,,Peshitta,PESH
5,Deuteronomy,33,17,Deuteronomy 33:17,12,ܥܕܡܐ,,,,Peshitta,PESH
5,Deuteronomy,33,17,Deuteronomy 33:17,13,ܠܥܒܪ̈ܝܗ̇,,,,Peshitta,PESH
5,Deuteronomy,33,17,Deuteronomy 33:17,14,ܕܐܪܥܐ,,,,Peshitta,PESH
5,Deuteronomy,33,17,Deuteronomy 33:17,15,ܗܠܝܢ,,,,Peshitta,PESH
5,Deuteronomy,33,17,Deuteronomy 33:17,16,ܪ̈ܒܘܬܐ,,,,Peshitta,PESH
5,Deuteronomy,33,17,Deuteronomy 33:17,17,ܕܐܦܪܝܡ,,,,Peshitta,PESH
5,Deuteronomy,33,17,Deuteronomy 33:17,18,ܘܗܠܝܢ,,,,Peshitta,PESH
5,Deuteronomy,33,17,Deuteronomy 33:17,19,ܐ̈ܠܦܐ,,,,Peshitta,PESH
5,Deuteronomy,33,17,Deuteronomy 33:17,20,ܕܡܢܫܐ,,,,Peshitta,PESH
5,Deuteronomy,33,18,Deuteronomy 33:18,1,ܘܠܙܒܘܠܘܢ,,,,Peshitta,PESH
5,Deuteronomy,33,18,Deuteronomy 33:18,2,ܐܡܪ,,,,Peshitta,PESH
5,Deuteronomy,33,18,Deuteronomy 33:18,3,ܚܕܝ,,,,Peshitta,PESH
5,Deuteronomy,33,18,Deuteronomy 33:18,4,ܙܒܘܠܘܢ,,,,Peshitta,PESH
5,Deuteronomy,33,18,Deuteronomy 33:18,5,ܒܡܦܩܟ,,,,Peshitta,PESH
5,Deuteronomy,33,18,Deuteronomy 33:18,6,ܘܐܝܣܟܪ,,,,Peshitta,PESH
5,Deuteronomy,33,18,Deuteronomy 33:18,7,ܒܡܫ̈ܟܢܝܟ,,,,Peshitta,PESH
5,Deuteronomy,33,19,Deuteronomy 33:19,1,ܥܡ̈ܡܐ,,,,Peshitta,PESH
5,Deuteronomy,33,19,Deuteronomy 33:19,2,ܠܛܘܪܐ,,,,Peshitta,PESH
5,Deuteronomy,33,19,Deuteronomy 33:19,3,ܢܩܪܘܢ,,,,Peshitta,PESH
5,Deuteronomy,33,19,Deuteronomy 33:19,4,ܘܬܡܢ,,,,Peshitta,PESH
5,Deuteronomy,33,19,Deuteronomy 33:19,5,ܢܕܒܚܘܢ,,,,Peshitta,PESH
5,Deuteronomy,33,19,Deuteronomy 33:19,6,ܕܒܚ̈ܐ,,,,Peshitta,PESH
5,Deuteronomy,33,19,Deuteronomy 33:19,7,ܕܙܕܝܩܘܬܐ,,,,Peshitta,PESH
5,Deuteronomy,33,19,Deuteronomy 33:19,8,ܡܛܠ,,,,Peshitta,PESH
5,Deuteronomy,33,19,Deuteronomy 33:19,9,ܕܫܦܥܐ,,,,Peshitta,PESH
5,Deuteronomy,33,19,Deuteronomy 33:19,10,ܕܝܡ̈ܡܐ,,,,Peshitta,PESH
5,Deuteronomy,33,19,Deuteronomy 33:19,11,ܢܐܢܩܘܢ,,,,Peshitta,PESH
5,Deuteronomy,33,19,Deuteronomy 33:19,12,ܘܐ̈ܠܦܐ,,,,Peshitta,PESH
5,Deuteronomy,33,19,Deuteronomy 33:19,13,ܕܛܡܝܪ̈ܢ,,,,Peshitta,PESH
5,Deuteronomy,33,19,Deuteronomy 33:19,14,ܒܚܠܐ,,,,Peshitta,PESH
5,Deuteronomy,33,20,Deuteronomy 33:20,1,ܘܠܓܕ,,,,Peshitta,PESH
5,Deuteronomy,33,20,Deuteronomy 33:20,2,ܐܡܪ,,,,Peshitta,PESH
5,Deuteronomy,33,20,Deuteronomy 33:20,3,ܒܪܝܟ,,,,Peshitta,PESH
5,Deuteronomy,33,20,Deuteronomy 33:20,4,ܡ̇ܢ,,,,Peshitta,PESH
5,Deuteronomy,33,20,Deuteronomy 33:20,5,ܕܐܪܘܚ,,,,Peshitta,PESH
5,Deuteronomy,33,20,Deuteronomy 33:20,6,ܠܓܕ,,,,Peshitta,PESH
5,Deuteronomy,33,20,Deuteronomy 33:20,7,ܐܝܟ,,,,Peshitta,PESH
5,Deuteronomy,33,20,Deuteronomy 33:20,8,ܐܪܝܐ,,,,Peshitta,PESH
5,Deuteronomy,33,20,Deuteronomy 33:20,9,ܫܪܐ,,,,Peshitta,PESH
5,Deuteronomy,33,20,Deuteronomy 33:20,10,ܘܬܒܪ,,,,Peshitta,PESH
5,Deuteronomy,33,20,Deuteronomy 33:20,11,ܕܪܥܐ,,,,Peshitta,PESH
5,Deuteronomy,33,20,Deuteronomy 33:20,12,ܥܡ,,,,Peshitta,PESH
5,Deuteronomy,33,20,Deuteronomy 33:20,13,ܪܝܫܐ,,,,Peshitta,PESH
5,Deuteronomy,33,21,Deuteronomy 33:21,1,ܘܚܙܐ,,,,Peshitta,PESH
5,Deuteronomy,33,21,Deuteronomy 33:21,2,ܩܕܡܝܬ,,,,Peshitta,PESH
5,Deuteronomy,33,21,Deuteronomy 33:21,3,ܠܗ,,,,Peshitta,PESH
5,Deuteronomy,33,21,Deuteronomy 33:21,4,ܡܛܠ,,,,Peshitta,PESH
5,Deuteronomy,33,21,Deuteronomy 33:21,5,ܕܬܡܢ,,,,Peshitta,PESH
5,Deuteronomy,33,21,Deuteronomy 33:21,6,ܛܡܝܪܐ,,,,Peshitta,PESH
5,Deuteronomy,33,21,Deuteronomy 33:21,7,ܦܠܓܘܬܐ,,,,Peshitta,PESH
5,Deuteronomy,33,21,Deuteronomy 33:21,8,ܕܡܒܕܩܢܐ,,,,Peshitta,PESH
5,Deuteronomy,33,21,Deuteronomy 33:21,9,ܕܢ̇ܦܩ,,,,Peshitta,PESH
5,Deuteronomy,33,21,Deuteronomy 33:21,10,ܗܘܐ,,,,Peshitta,PESH
5,Deuteronomy,33,21,Deuteronomy 33:21,11,ܒܪܝܫܗ,,,,Peshitta,PESH
5,Deuteronomy,33,21,Deuteronomy 33:21,12,ܕܥܡܐ,,,,Peshitta,PESH
5,Deuteronomy,33,21,Deuteronomy 33:21,13,ܙܕܝܩܘܬܗ,,,,Peshitta,PESH
5,Deuteronomy,33,21,Deuteronomy 33:21,14,ܕܡܪܝܐ,,,,Peshitta,PESH
5,Deuteronomy,33,21,Deuteronomy 33:21,15,ܥܒܕ,,,,Peshitta,PESH
5,Deuteronomy,33,21,Deuteronomy 33:21,16,ܘܕܝ̈ܢܘܗܝ,,,,Peshitta,PESH
5,Deuteronomy,33,21,Deuteronomy 33:21,17,ܥܡ,,,,Peshitta,PESH
5,Deuteronomy,33,21,Deuteronomy 33:21,18,ܐܝܣܪܝܠ,,,,Peshitta,PESH
5,Deuteronomy,33,22,Deuteronomy 33:22,1,ܘܠܕܢ,,,,Peshitta,PESH
5,Deuteronomy,33,22,Deuteronomy 33:22,2,ܐܡܪ,,,,Peshitta,PESH
5,Deuteronomy,33,22,Deuteronomy 33:22,3,ܕܢ,,,,Peshitta,PESH
5,Deuteronomy,33,22,Deuteronomy 33:22,4,ܓܘܪܝܐ,,,,Peshitta,PESH
5,Deuteronomy,33,22,Deuteronomy 33:22,5,ܕܐܪܝܐ,,,,Peshitta,PESH
5,Deuteronomy,33,22,Deuteronomy 33:22,6,ܕܝ̇ܢܩ,,,,Peshitta,PESH
5,Deuteronomy,33,22,Deuteronomy 33:22,7,ܡܢ,,,,Peshitta,PESH
5,Deuteronomy,33,22,Deuteronomy 33:22,8,ܡܬܢܝܢ,,,,Peshitta,PESH
5,Deuteronomy,33,23,Deuteronomy 33:23,1,ܘܠܢܦܬܠܝ,,,,Peshitta,PESH
5,Deuteronomy,33,23,Deuteronomy 33:23,2,ܐܡܪ,,,,Peshitta,PESH
5,Deuteronomy,33,23,Deuteronomy 33:23,3,ܢܦܬܠܝ,,,,Peshitta,PESH
5,Deuteronomy,33,23,Deuteronomy 33:23,4,ܣܒܥ,,,,Peshitta,PESH
5,Deuteronomy,33,23,Deuteronomy 33:23,5,ܨܒܝܢܐ,,,,Peshitta,PESH
5,Deuteronomy,33,23,Deuteronomy 33:23,6,ܘܡܠ̣ܐ,,,,Peshitta,PESH
5,Deuteronomy,33,23,Deuteronomy 33:23,7,ܒܘܪܟܬܗ,,,,Peshitta,PESH
5,Deuteronomy,33,23,Deuteronomy 33:23,8,ܕܡܪܝܐ,,,,Peshitta,PESH
5,Deuteronomy,33,23,Deuteronomy 33:23,9,ܠܡܥܪܒܐ,,,,Peshitta,PESH
5,Deuteronomy,33,23,Deuteronomy 33:23,10,ܘܠܬܝܡܢܐ,,,,Peshitta,PESH
5,Deuteronomy,33,23,Deuteronomy 33:23,11,ܢܐܪܬ,,,,Peshitta,PESH
5,Deuteronomy,33,24,Deuteronomy 33:24,1,ܘܠܐܫܝܪ,,,,Peshitta,PESH
5,Deuteronomy,33,24,Deuteronomy 33:24,2,ܐܡܪ,,,,Peshitta,PESH
5,Deuteronomy,33,24,Deuteronomy 33:24,3,ܒܪܝܟ,,,,Peshitta,PESH
5,Deuteronomy,33,24,Deuteronomy 33:24,4,ܡܢ,,,,Peshitta,PESH
5,Deuteronomy,33,24,Deuteronomy 33:24,5,ܒܢ̈ܝܐ,,,,Peshitta,PESH
5,Deuteronomy,33,24,Deuteronomy 33:24,6,ܐܫܝܪ,,,,Peshitta,PESH
5,Deuteronomy,33,24,Deuteronomy 33:24,7,ܢܗܘܐ,,,,Peshitta,PESH
5,Deuteronomy,33,24,Deuteronomy 33:24,8,ܨܒܝܢܐ,,,,Peshitta,PESH
5,Deuteronomy,33,24,Deuteronomy 33:24,9,ܠܐ̈ܚܘܗܝ,,,,Peshitta,PESH
5,Deuteronomy,33,24,Deuteronomy 33:24,10,ܘܢܨܒܥ,,,,Peshitta,PESH
5,Deuteronomy,33,24,Deuteronomy 33:24,11,ܒܡܫܚܐ,,,,Peshitta,PESH
5,Deuteronomy,33,24,Deuteronomy 33:24,12,ܪܓܠܗ,,,,Peshitta,PESH
5,Deuteronomy,33,25,Deuteronomy 33:25,1,ܦܪܙܠܐ,,,,Peshitta,PESH
5,Deuteronomy,33,25,Deuteronomy 33:25,2,ܘܢܚܫܐ,,,,Peshitta,PESH
5,Deuteronomy,33,25,Deuteronomy 33:25,3,ܡܣܢܟ,,,,Peshitta,PESH
5,Deuteronomy,33,25,Deuteronomy 33:25,4,ܘܐܝܟ,,,,Peshitta,PESH
5,Deuteronomy,33,25,Deuteronomy 33:25,5,ܝܘܡ̈ܬܟ,,,,Peshitta,PESH
5,Deuteronomy,33,25,Deuteronomy 33:25,6,ܥܘܫܢܟ,,,,Peshitta,PESH
5,Deuteronomy,33,26,Deuteronomy 33:26,1,ܠܝܬ,,,,Peshitta,PESH
5,Deuteronomy,33,26,Deuteronomy 33:26,2,ܐܝܟ,,,,Peshitta,PESH
5,Deuteronomy,33,26,Deuteronomy 33:26,3,ܐܠܗܐ,,,,Peshitta,PESH
5,Deuteronomy,33,26,Deuteronomy 33:26,4,ܕܐܝܣܪܐܝܠ,,,,Peshitta,PESH
5,Deuteronomy,33,26,Deuteronomy 33:26,5,ܕܡܪܟܒܬܗ,,,,Peshitta,PESH
5,Deuteronomy,33,26,Deuteronomy 33:26,6,ܒܫܡܝܐ,,,,Peshitta,PESH
5,Deuteronomy,33,26,Deuteronomy 33:26,7,ܒܥܕܪܟ,,,,Peshitta,PESH
5,Deuteronomy,33,26,Deuteronomy 33:26,8,ܘܒܓܐܝܘܬܗ,,,,Peshitta,PESH
5,Deuteronomy,33,26,Deuteronomy 33:26,9,ܒܫ̈ܡܝ,,,,Peshitta,PESH
5,Deuteronomy,33,26,Deuteronomy 33:26,10,ܫܡܝܐ,,,,Peshitta,PESH
5,Deuteronomy,33,27,Deuteronomy 33:27,1,ܡܥܡܪܗ,,,,Peshitta,PESH
5,Deuteronomy,33,27,Deuteronomy 33:27,2,ܕܐܠܗܢ,,,,Peshitta,PESH
5,Deuteronomy,33,27,Deuteronomy 33:27,3,ܡܢ,,,,Peshitta,PESH
5,Deuteronomy,33,27,Deuteronomy 33:27,4,ܩܕܝܡ,,,,Peshitta,PESH
5,Deuteronomy,33,27,Deuteronomy 33:27,5,ܘܠܬܚܬ,,,,Peshitta,PESH
5,Deuteronomy,33,27,Deuteronomy 33:27,6,ܙܪܥ,,,,Peshitta,PESH
5,Deuteronomy,33,27,Deuteronomy 33:27,7,ܥܠܡܐ,,,,Peshitta,PESH
5,Deuteronomy,33,27,Deuteronomy 33:27,8,ܘܢܘܒܕ,,,,Peshitta,PESH
5,Deuteronomy,33,27,Deuteronomy 33:27,9,ܡܢ,,,,Peshitta,PESH
5,Deuteronomy,33,27,Deuteronomy 33:27,10,ܩܕܡܝܟ,,,,Peshitta,PESH
5,Deuteronomy,33,27,Deuteronomy 33:27,11,ܒܥܠܕܒܒܐ,,,,Peshitta,PESH
5,Deuteronomy,33,27,Deuteronomy 33:27,12,ܕܐܡܪ,,,,Peshitta,PESH
5,Deuteronomy,33,27,Deuteronomy 33:27,13,ܐܘܒܕ,,,,Peshitta,PESH
5,Deuteronomy,33,28,Deuteronomy 33:28,1,ܘܢܫܪܐ,,,,Peshitta,PESH
5,Deuteronomy,33,28,Deuteronomy 33:28,2,ܐܝܣܪܝܠ,,,,Peshitta,PESH
5,Deuteronomy,33,28,Deuteronomy 33:28,3,ܒܫܠܝܐ,,,,Peshitta,PESH
5,Deuteronomy,33,28,Deuteronomy 33:28,4,ܒܠܚܘܕܘܗܝ,,,,Peshitta,PESH
5,Deuteronomy,33,28,Deuteronomy 33:28,5,ܡܒܘܥܗ,,,,Peshitta,PESH
5,Deuteronomy,33,28,Deuteronomy 33:28,6,ܕܝܥܩܘܒ,,,,Peshitta,PESH
5,Deuteronomy,33,28,Deuteronomy 33:28,7,ܒܐܪܥܐ,,,,Peshitta,PESH
5,Deuteronomy,33,28,Deuteronomy 33:28,8,ܕܥܒܘܪܐ,,,,Peshitta,PESH
5,Deuteronomy,33,28,Deuteronomy 33:28,9,ܘܕܚܡܪܐ,,,,Peshitta,PESH
5,Deuteronomy,33,28,Deuteronomy 33:28,10,ܘܕܡܫܚܐ,,,,Peshitta,PESH
5,Deuteronomy,33,28,Deuteronomy 33:28,11,ܘܐܦ,,,,Peshitta,PESH
5,Deuteronomy,33,28,Deuteronomy 33:28,12,ܫܡܝܐ,,,,Peshitta,PESH
5,Deuteronomy,33,28,Deuteronomy 33:28,13,ܢܪܣܘܢ,,,,Peshitta,PESH
5,Deuteronomy,33,28,Deuteronomy 33:28,14,ܛܠܐ,,,,Peshitta,PESH
5,Deuteronomy,33,29,Deuteronomy 33:29,1,ܛܘܒܝܟ,,,,Peshitta,PESH
5,Deuteronomy,33,29,Deuteronomy 33:29,2,ܐܝܣܪܝܠ,,,,Peshitta,PESH
5,Deuteronomy,33,29,Deuteronomy 33:29,3,ܡܢܘ,,,,Peshitta,PESH
5,Deuteronomy,33,29,Deuteronomy 33:29,4,ܐܟܘܬܟ,,,,Peshitta,PESH
5,Deuteronomy,33,29,Deuteronomy 33:29,5,ܥܡܐ,,,,Peshitta,PESH
5,Deuteronomy,33,29,Deuteronomy 33:29,6,ܕܦܘܪܩܢܗ,,,,Peshitta,PESH
5,Deuteronomy,33,29,Deuteronomy 33:29,7,ܒܡܪܝܐ,,,,Peshitta,PESH
5,Deuteronomy,33,29,Deuteronomy 33:29,8,ܡܣܝܥ,,,,Peshitta,PESH
5,Deuteronomy,33,29,Deuteronomy 33:29,9,ܥܕܪܟ,,,,Peshitta,PESH
5,Deuteronomy,33,29,Deuteronomy 33:29,10,ܐܠܗܐ,,,,Peshitta,PESH
5,Deuteronomy,33,29,Deuteronomy 33:29,11,ܘܠܐ,,,,Peshitta,PESH
5,Deuteronomy,33,29,Deuteronomy 33:29,12,ܗܘܐ,,,,Peshitta,PESH
5,Deuteronomy,33,29,Deuteronomy 33:29,13,ܒܣܦܣܪܐ,,,,Peshitta,PESH
5,Deuteronomy,33,29,Deuteronomy 33:29,14,ܫܘܒܗܪܟ,,,,Peshitta,PESH
5,Deuteronomy,33,29,Deuteronomy 33:29,15,ܢܬܟܕܒܘܢ,,,,Peshitta,PESH
5,Deuteronomy,33,29,Deuteronomy 33:29,16,ܠܟ,,,,Peshitta,PESH
5,Deuteronomy,33,29,Deuteronomy 33:29,17,ܒ̈ܥܠܕܒܒܝܟ,,,,Peshitta,PESH
5,Deuteronomy,33,29,Deuteronomy 33:29,18,ܘܐܢܬ,,,,Peshitta,PESH
5,Deuteronomy,33,29,Deuteronomy 33:29,19,ܥܠ,,,,Peshitta,PESH
5,Deuteronomy,33,29,Deuteronomy 33:29,20,ܩܕܠܗܘܢ,,,,Peshitta,PESH
5,Deuteronomy,33,29,Deuteronomy 33:29,21,ܬܕܪܘܟ,,,,Peshitta,PESH
5,Deuteronomy,34,1,Deuteronomy 34:1,1,ܘܣܠܩ,,,,Peshitta,PESH
5,Deuteronomy,34,1,Deuteronomy 34:1,2,ܡܘܫܐ,,,,Peshitta,PESH
5,Deuteronomy,34,1,Deuteronomy 34:1,3,ܡܢ,,,,Peshitta,PESH
5,Deuteronomy,34,1,Deuteronomy 34:1,4,ܥܪܒܘܬ,,,,Peshitta,PESH
5,Deuteronomy,34,1,Deuteronomy 34:1,5,ܡܘܐܒ,,,,Peshitta,PESH
5,Deuteronomy,34,1,Deuteronomy 34:1,6,ܠܛܘܪܐ,,,,Peshitta,PESH
5,Deuteronomy,34,1,Deuteronomy 34:1,7,ܕܢܒܘ,,,,Peshitta,PESH
5,Deuteronomy,34,1,Deuteronomy 34:1,8,ܠܪܝܫ,,,,Peshitta,PESH
5,Deuteronomy,34,1,Deuteronomy 34:1,9,ܪܡܬܐ,,,,Peshitta,PESH
5,Deuteronomy,34,1,Deuteronomy 34:1,10,ܕܠܘܩܒܠ,,,,Peshitta,PESH
5,Deuteronomy,34,1,Deuteronomy 34:1,11,ܐܝܪܝܚܘ,,,,Peshitta,PESH
5,Deuteronomy,34,1,Deuteronomy 34:1,12,ܘܚ̇ܘܝܗ,,,,Peshitta,PESH
5,Deuteronomy,34,1,Deuteronomy 34:1,13,ܡܪܝܐ,,,,Peshitta,PESH
5,Deuteronomy,34,1,Deuteronomy 34:1,14,ܟܠܗ̇,,,,Peshitta,PESH
5,Deuteronomy,34,1,Deuteronomy 34:1,15,ܐܪܥܐ,,,,Peshitta,PESH
5,Deuteronomy,34,1,Deuteronomy 34:1,16,ܕܓܠܥܕ,,,,Peshitta,PESH
5,Deuteronomy,34,1,Deuteronomy 34:1,17,ܥܕܡܐ,,,,Peshitta,PESH
5,Deuteronomy,34,1,Deuteronomy 34:1,18,ܠܕܢ,,,,Peshitta,PESH
5,Deuteronomy,34,2,Deuteronomy 34:2,1,ܘܟܠܗ̇,,,,Peshitta,PESH
5,Deuteronomy,34,2,Deuteronomy 34:2,2,ܢܦܬܠܝ,,,,Peshitta,PESH
5,Deuteronomy,34,2,Deuteronomy 34:2,3,ܘܟܘܠܗ̇,,,,Peshitta,PESH
5,Deuteronomy,34,2,Deuteronomy 34:2,4,ܐܪܥܐ,,,,Peshitta,PESH
5,Deuteronomy,34,2,Deuteronomy 34:2,5,ܕܐܦܪܝܡ,,,,Peshitta,PESH
5,Deuteronomy,34,2,Deuteronomy 34:2,6,ܘܕܡܢܫܐ,,,,Peshitta,PESH
5,Deuteronomy,34,2,Deuteronomy 34:2,7,ܘܟܠܗ̇,,,,Peshitta,PESH
5,Deuteronomy,34,2,Deuteronomy 34:2,8,ܐܪܥܐ,,,,Peshitta,PESH
5,Deuteronomy,34,2,Deuteronomy 34:2,9,ܕܝܗܘܕܐ,,,,Peshitta,PESH
5,Deuteronomy,34,2,Deuteronomy 34:2,10,ܥܕܡܐ,,,,Peshitta,PESH
5,Deuteronomy,34,2,Deuteronomy 34:2,11,ܠܝܡܐ,,,,Peshitta,PESH
5,Deuteronomy,34,2,Deuteronomy 34:2,12,ܐܚܪܝܐ,,,,Peshitta,PESH
5,Deuteronomy,34,3,Deuteronomy 34:3,1,ܘܠܬܝܡܢܐ,,,,Peshitta,PESH
5,Deuteronomy,34,3,Deuteronomy 34:3,2,ܘܠܟܟܪ,,,,Peshitta,PESH
5,Deuteronomy,34,3,Deuteronomy 34:3,3,ܕܒܦܩܥܬܐ,,,,Peshitta,PESH
5,Deuteronomy,34,3,Deuteronomy 34:3,4,ܕܐܝܪܝܚܘ,,,,Peshitta,PESH
5,Deuteronomy,34,3,Deuteronomy 34:3,5,ܩܪܝܬܐ,,,,Peshitta,PESH
5,Deuteronomy,34,3,Deuteronomy 34:3,6,ܕܕܩ̈ܠܐ,,,,Peshitta,PESH
5,Deuteronomy,34,3,Deuteronomy 34:3,7,ܥܕܡܐ,,,,Peshitta,PESH
5,Deuteronomy,34,3,Deuteronomy 34:3,8,ܠܨܥܪ,,,,Peshitta,PESH
5,Deuteronomy,34,4,Deuteronomy 34:4,1,ܘܐܡܪ,,,,Peshitta,PESH
5,Deuteronomy,34,4,Deuteronomy 34:4,2,ܠܗ,,,,Peshitta,PESH
5,Deuteronomy,34,4,Deuteronomy 34:4,3,ܡܪܝܐ,,,,Peshitta,PESH
5,Deuteronomy,34,4,Deuteronomy 34:4,4,ܗܕܐ,,,,Peshitta,PESH
5,Deuteronomy,34,4,Deuteronomy 34:4,5,ܗܝ,,,,Peshitta,PESH
5,Deuteronomy,34,4,Deuteronomy 34:4,6,ܐܪܥܐ,,,,Peshitta,PESH
5,Deuteronomy,34,4,Deuteronomy 34:4,7,ܕܝܡܝܬ,,,,Peshitta,PESH
5,Deuteronomy,34,4,Deuteronomy 34:4,8,ܠܐܒܪܗܡ,,,,Peshitta,PESH
5,Deuteronomy,34,4,Deuteronomy 34:4,9,ܘܠܐܝܣܚܩ,,,,Peshitta,PESH
5,Deuteronomy,34,4,Deuteronomy 34:4,10,ܘܠܝܥܩܘܒ,,,,Peshitta,PESH
5,Deuteronomy,34,4,Deuteronomy 34:4,11,ܘܐܡ̇ܪܬ,,,,Peshitta,PESH
5,Deuteronomy,34,4,Deuteronomy 34:4,12,ܕܠܙܪܥܟ,,,,Peshitta,PESH
5,Deuteronomy,34,4,Deuteronomy 34:4,13,ܐܬܠܝܗ̇,,,,Peshitta,PESH
5,Deuteronomy,34,4,Deuteronomy 34:4,14,ܚ̇ܘܝܬܗ̇,,,,Peshitta,PESH
5,Deuteronomy,34,4,Deuteronomy 34:4,15,ܠܟ,,,,Peshitta,PESH
5,Deuteronomy,34,4,Deuteronomy 34:4,16,ܒܥܝܢ̈ܝܟ,,,,Peshitta,PESH
5,Deuteronomy,34,4,Deuteronomy 34:4,17,ܘܠܬܡܢ,,,,Peshitta,PESH
5,Deuteronomy,34,4,Deuteronomy 34:4,18,ܠܐ,,,,Peshitta,PESH
5,Deuteronomy,34,4,Deuteronomy 34:4,19,ܬܥܒܪ,,,,Peshitta,PESH
5,Deuteronomy,34,5,Deuteronomy 34:5,1,ܘܡܝܬ,,,,Peshitta,PESH
5,Deuteronomy,34,5,Deuteronomy 34:5,2,ܬܡܢ,,,,Peshitta,PESH
5,Deuteronomy,34,5,Deuteronomy 34:5,3,ܡܘܫܐ,,,,Peshitta,PESH
5,Deuteronomy,34,5,Deuteronomy 34:5,4,ܥܒܕܗ,,,,Peshitta,PESH
5,Deuteronomy,34,5,Deuteronomy 34:5,5,ܕܡܪܝܐ,,,,Peshitta,PESH
5,Deuteronomy,34,5,Deuteronomy 34:5,6,ܒܐܪܥܐ,,,,Peshitta,PESH
5,Deuteronomy,34,5,Deuteronomy 34:5,7,ܕܡܘܐܒ,,,,Peshitta,PESH
5,Deuteronomy,34,5,Deuteronomy 34:5,8,ܒܡܠܬ,,,,Peshitta,PESH
5,Deuteronomy,34,5,Deuteronomy 34:5,9,ܦܘܡܗ,,,,Peshitta,PESH
5,Deuteronomy,34,5,Deuteronomy 34:5,10,ܕܡܪܝܐ,,,,Peshitta,PESH
5,Deuteronomy,34,6,Deuteronomy 34:6,1,ܘܩܒܪܗ,,,,Peshitta,PESH
5,Deuteronomy,34,6,Deuteronomy 34:6,2,ܒܢܚܠܐ,,,,Peshitta,PESH
5,Deuteronomy,34,6,Deuteronomy 34:6,3,ܒܐܪܥܐ,,,,Peshitta,PESH
5,Deuteronomy,34,6,Deuteronomy 34:6,4,ܕܡܘܐܒ,,,,Peshitta,PESH
5,Deuteronomy,34,6,Deuteronomy 34:6,5,ܠܘܩܒܠ,,,,Peshitta,PESH
5,Deuteronomy,34,6,Deuteronomy 34:6,6,ܒܝܬ,,,,Peshitta,PESH
5,Deuteronomy,34,6,Deuteronomy 34:6,7,ܦܥܘܪ,,,,Peshitta,PESH
5,Deuteronomy,34,6,Deuteronomy 34:6,8,ܘܠܐ,,,,Peshitta,PESH
5,Deuteronomy,34,6,Deuteronomy 34:6,9,ܝܕܥ,,,,Peshitta,PESH
5,Deuteronomy,34,6,Deuteronomy 34:6,10,ܐܢܫ,,,,Peshitta,PESH
5,Deuteronomy,34,6,Deuteronomy 34:6,11,ܩܒܪܗ,,,,Peshitta,PESH
5,Deuteronomy,34,6,Deuteronomy 34:6,12,ܥܕܡܐ,,,,Peshitta,PESH
5,Deuteronomy,34,6,Deuteronomy 34:6,13,ܠܝܘܡܢܐ,,,,Peshitta,PESH
5,Deuteronomy,34,7,Deuteronomy 34:7,1,ܘܡܘܫܐ,,,,Peshitta,PESH
5,Deuteronomy,34,7,Deuteronomy 34:7,2,ܒܪ,,,,Peshitta,PESH
5,Deuteronomy,34,7,Deuteronomy 34:7,3,ܡܐܐ,,,,Peshitta,PESH
5,Deuteronomy,34,7,Deuteronomy 34:7,4,ܗܘܐ,,,,Peshitta,PESH
5,Deuteronomy,34,7,Deuteronomy 34:7,5,ܘܥܣܪ̈ܝܢ,,,,Peshitta,PESH
5,Deuteronomy,34,7,Deuteronomy 34:7,6,ܫ̈ܢܝܢ,,,,Peshitta,PESH
5,Deuteronomy,34,7,Deuteronomy 34:7,7,ܟܕ,,,,Peshitta,PESH
5,Deuteronomy,34,7,Deuteronomy 34:7,8,ܡܝܬ,,,,Peshitta,PESH
5,Deuteronomy,34,7,Deuteronomy 34:7,9,ܠܐ,,,,Peshitta,PESH
5,Deuteronomy,34,7,Deuteronomy 34:7,10,ܝܩܪܬ,,,,Peshitta,PESH
5,Deuteronomy,34,7,Deuteronomy 34:7,11,ܥܝܢܗ,,,,Peshitta,PESH
5,Deuteronomy,34,7,Deuteronomy 34:7,12,ܘܠܐ,,,,Peshitta,PESH
5,Deuteronomy,34,7,Deuteronomy 34:7,13,ܐܬܩܡܛܘ,,,,Peshitta,PESH
5,Deuteronomy,34,7,Deuteronomy 34:7,14,ܦܟ̈ܘܗܝ,,,,Peshitta,PESH
5,Deuteronomy,34,8,Deuteronomy 34:8,1,ܘܒܟܐܘܗܝ,,,,Peshitta,PESH
5,Deuteronomy,34,8,Deuteronomy 34:8,2,ܒܢ̈ܝ,,,,Peshitta,PESH
5,Deuteronomy,34,8,Deuteronomy 34:8,3,ܐܝܣܪܐܝܠ,,,,Peshitta,PESH
5,Deuteronomy,34,8,Deuteronomy 34:8,4,ܠܡܘܫܐ,,,,Peshitta,PESH
5,Deuteronomy,34,8,Deuteronomy 34:8,5,ܒܥܪܒܘܬ,,,,Peshitta,PESH
5,Deuteronomy,34,8,Deuteronomy 34:8,6,ܡܘܐܒ,,,,Peshitta,PESH
5,Deuteronomy,34,8,Deuteronomy 34:8,7,ܬܠܬܝܢ,,,,Peshitta,PESH
5,Deuteronomy,34,8,Deuteronomy 34:8,8,ܝܘܡ̈ܝܢ,,,,Peshitta,PESH
5,Deuteronomy,34,8,Deuteronomy 34:8,9,ܘܫܠܡܘ,,,,Peshitta,PESH
5,Deuteronomy,34,8,Deuteronomy 34:8,10,ܝܘܡ̈ܝ,,,,Peshitta,PESH
5,Deuteronomy,34,8,Deuteronomy 34:8,11,ܒܟܬܐ,,,,Peshitta,PESH
5,Deuteronomy,34,8,Deuteronomy 34:8,12,ܕܐܒܠܗ,,,,Peshitta,PESH
5,Deuteronomy,34,8,Deuteronomy 34:8,13,ܕܡܘܫܐ,,,,Peshitta,PESH
5,Deuteronomy,34,9,Deuteronomy 34:9,1,ܘܝܫܘܥ,,,,Peshitta,PESH
5,Deuteronomy,34,9,Deuteronomy 34:9,2,ܒܪܢܘܢ,,,,Peshitta,PESH
5,Deuteronomy,34,9,Deuteronomy 34:9,3,ܐܬܡܠܝ,,,,Peshitta,PESH
5,Deuteronomy,34,9,Deuteronomy 34:9,4,ܪܘܚܐ,,,,Peshitta,PESH
5,Deuteronomy,34,9,Deuteronomy 34:9,5,ܕܚܟܡܬܐ,,,,Peshitta,PESH
5,Deuteronomy,34,9,Deuteronomy 34:9,6,ܡܛܘܠ,,,,Peshitta,PESH
5,Deuteronomy,34,9,Deuteronomy 34:9,7,ܕܣܡ,,,,Peshitta,PESH
5,Deuteronomy,34,9,Deuteronomy 34:9,8,ܡܘܫܐ,,,,Peshitta,PESH
5,Deuteronomy,34,9,Deuteronomy 34:9,9,ܐ̈ܝܕܘܗܝ,,,,Peshitta,PESH
5,Deuteronomy,34,9,Deuteronomy 34:9,10,ܥܠܘܗܝ,,,,Peshitta,PESH
5,Deuteronomy,34,9,Deuteronomy 34:9,11,ܘܫ̇ܡܥܝܢ,,,,Peshitta,PESH
5,Deuteronomy,34,9,Deuteronomy 34:9,12,ܗܘܘ,,,,Peshitta,PESH
5,Deuteronomy,34,9,Deuteronomy 34:9,13,ܠܗ,,,,Peshitta,PESH
5,Deuteronomy,34,9,Deuteronomy 34:9,14,ܒܢ̈ܝ,,,,Peshitta,PESH
5,Deuteronomy,34,9,Deuteronomy 34:9,15,ܐܝܣܪܐܝܠ,,,,Peshitta,PESH
5,Deuteronomy,34,9,Deuteronomy 34:9,16,ܘܥ̇ܒܕܝܢ,,,,Peshitta,PESH
5,Deuteronomy,34,9,Deuteronomy 34:9,17,ܐܝܟ,,,,Peshitta,PESH
5,Deuteronomy,34,9,Deuteronomy 34:9,18,ܕܦܩܕ,,,,Peshitta,PESH
5,Deuteronomy,34,9,Deuteronomy 34:9,19,ܡܪܝܐ,,,,Peshitta,PESH
5,Deuteronomy,34,9,Deuteronomy 34:9,20,ܠܡܘܫܐ,,,,Peshitta,PESH
5,Deuteronomy,34,10,Deuteronomy 34:10,1,ܘܬܘܒ,,,,Peshitta,PESH
5,Deuteronomy,34,10,Deuteronomy 34:10,2,ܠܐ,,,,Peshitta,PESH
5,Deuteronomy,34,10,Deuteronomy 34:10,3,ܩܡ,,,,Peshitta,PESH
5,Deuteronomy,34,10,Deuteronomy 34:10,4,ܢܒܝܐ,,,,Peshitta,PESH
5,Deuteronomy,34,10,Deuteronomy 34:10,5,ܒܐܝܣܪܐܝܠ,,,,Peshitta,PESH
5,Deuteronomy,34,10,Deuteronomy 34:10,6,ܐܝܟ,,,,Peshitta,PESH
5,Deuteronomy,34,10,Deuteronomy 34:10,7,ܡܘܫܐ,,,,Peshitta,PESH
5,Deuteronomy,34,10,Deuteronomy 34:10,8,ܕܝܕܥܗ,,,,Peshitta,PESH
5,Deuteronomy,34,10,Deuteronomy 34:10,9,ܡܪܝܐ,,,,Peshitta,PESH
5,Deuteronomy,34,10,Deuteronomy 34:10,10,ܐ̈ܦܝܢ,,,,Peshitta,PESH
5,Deuteronomy,34,10,Deuteronomy 34:10,11,ܠܘܩܒܠ,,,,Peshitta,PESH
5,Deuteronomy,34,10,Deuteronomy 34:10,12,ܐ̈ܦܝܢ,,,,Peshitta,PESH
5,Deuteronomy,34,11,Deuteronomy 34:11,1,ܘܟܠܗܝܢ,,,,Peshitta,PESH
5,Deuteronomy,34,11,Deuteronomy 34:11,2,ܐ̈ܬܘܬܐ,,,,Peshitta,PESH
5,Deuteronomy,34,11,Deuteronomy 34:11,3,ܘܬܕܡܪ̈ܬܐ,,,,Peshitta,PESH
5,Deuteronomy,34,11,Deuteronomy 34:11,4,ܕܫܕܪܗ,,,,Peshitta,PESH
5,Deuteronomy,34,11,Deuteronomy 34:11,5,ܡܪܝܐ,,,,Peshitta,PESH
5,Deuteronomy,34,11,Deuteronomy 34:11,6,ܠܡܥܒܕ,,,,Peshitta,PESH
5,Deuteronomy,34,11,Deuteronomy 34:11,7,ܒܐܪܥܐ,,,,Peshitta,PESH
5,Deuteronomy,34,11,Deuteronomy 34:11,8,ܕܡܨܪܝܢ,,,,Peshitta,PESH
5,Deuteronomy,34,11,Deuteronomy 34:11,9,ܠܦܪܥܘܢ,,,,Peshitta,PESH
5,Deuteronomy,34,11,Deuteronomy 34:11,10,ܘܠܟܠܗܘܢ,,,,Peshitta,PESH
5,Deuteronomy,34,11,Deuteronomy 34:11,11,ܥܒ̈ܕܘܗܝ,,,,Peshitta,PESH
5,Deuteronomy,34,11,Deuteronomy 34:11,12,ܘܠܟܘܠܗ̇,,,,Peshitta,PESH
5,Deuteronomy,34,11,Deuteronomy 34:11,13,ܐܪܥܗ,,,,Peshitta,PESH
5,Deuteronomy,34,12,Deuteronomy 34:12,1,ܘܠܟܠܗ̇,,,,Peshitta,PESH
5,Deuteronomy,34,12,Deuteronomy 34:12,2,ܐܝܕܐ,,,,Peshitta,PESH
5,Deuteronomy,34,12,Deuteronomy 34:12,3,ܥܫܝܢܬܐ,,,,Peshitta,PESH
5,Deuteronomy,34,12,Deuteronomy 34:12,4,ܘܠܟܠܗ,,,,Peshitta,PESH
5,Deuteronomy,34,12,Deuteronomy 34:12,5,ܚܙܘܐ,,,,Peshitta,PESH
5,Deuteronomy,34,12,Deuteronomy 34:12,6,ܪܒܐ,,,,Peshitta,PESH
5,Deuteronomy,34,12,Deuteronomy 34:12,7,ܕܥܒܕ,,,,Peshitta,PESH
5,Deuteronomy,34,12,Deuteronomy 34:12,8,ܡܘܫܐ,,,,Peshitta,PESH
5,Deuteronomy,34,12,Deuteronomy 34:12,9,ܠܥܝܢ,,,,Peshitta,PESH
5,Deuteronomy,34,12,Deuteronomy 34:12,10,ܟܠܗ,,,,Peshitta,PESH
5,Deuteronomy,34,12,Deuteronomy 34:12,11,ܐܝܣܪܐܝܠ,,,,Peshitta,PESH
