book_order,book,chapter,verse,reference,position,word_text,lemma,morph,strong,manuscript,tradition
8,Ruth,1,1,Ruth 1:1,1,וַ,W,conj.NA.NA,,Leningrad,MT
8,Ruth,1,1,Ruth 1:1,2,יְהִ֗י,HJH[,verb.qal.wayq,,Leningrad,MT
8,Ruth,1,1,Ruth 1:1,3,בִּ,B,prep.NA.NA,,Leningrad,MT
8,Ruth,1,1,Ruth 1:1,4,ימֵי֙,JWM/,subs.NA.NA,,Leningrad,MT
8,Ruth,1,1,Ruth 1:1,5,שְׁפֹ֣ט,CPV[,verb.qal.infc,,Leningrad,MT
8,Ruth,1,1,Ruth 1:1,6,הַ,H,art.NA.NA,,Leningrad,MT
8,Ruth,1,1,Ruth 1:1,7,שֹּׁפְטִ֔ים,CPV[,verb.qal.ptca,,Leningrad,MT
8,Ruth,1,1,Ruth 1:1,8,וַ,W,conj.NA.NA,,Leningrad,MT
8,Ruth,1,1,Ruth 1:1,9,יְהִ֥י,HJH[,verb.qal.wayq,,Leningrad,MT
8,Ruth,1,1,Ruth 1:1,10,רָעָ֖ב,R<B/,subs.NA.NA,,Leningrad,MT
8,Ruth,1,1,Ruth 1:1,11,בָּ,B,prep.NA.NA,,Leningrad,MT
8,Ruth,1,1,Ruth 1:1,12,,H,art.NA.NA,,Leningrad,MT
8,Ruth,1,1,Ruth 1:1,13,אָ֑רֶץ,>RY/,subs.NA.NA,,Leningrad,MT
8,Ruth,1,1,Ruth 1:1,14,וַ,W,conj.NA.NA,,Leningrad,MT
8,Ruth,1,1,Ruth 1:1,15,יֵּ֨לֶךְ,HLK[,verb.qal.wayq,,Leningrad,MT
8,Ruth,1,1,Ruth 1:1,16,אִ֜ישׁ,>JC/,subs.NA.NA,,Leningrad,MT
8,Ruth,1,1,Ruth 1:1,17,מִ,MN,prep.NA.NA,,Leningrad,MT
8,Ruth,1,1,Ruth 1:1,18,בֵּ֧ית לֶ֣חֶם,BJT_LXM/,nmpr.NA.NA,,Leningrad,MT
8,Ruth,1,1,Ruth 1:1,19,יְהוּדָ֗ה,JHWDH/,nmpr.NA.NA,,Leningrad,MT
8,Ruth,1,1,Ruth 1:1,20,לָ,L,prep.NA.NA,,Leningrad,MT
8,Ruth,1,1,Ruth 1:1,21,גוּר֙,GWR[,verb.qal.infc,,Leningrad,MT
8,Ruth,1,1,Ruth 1:1,22,בִּ,B,prep.NA.NA,,Leningrad,MT
8,Ruth,1,1,Ruth 1:1,23,שְׂדֵ֣י,FDH/,subs.NA.NA,,Leningrad,MT
8,Ruth,1,1,Ruth 1:1,24,מֹואָ֔ב,MW>B/,nmpr.NA.NA,,Leningrad,MT
8,Ruth,1,1,Ruth 1:1,25,ה֥וּא,HW>,prps.NA.NA,,Leningrad,MT
8,Ruth,1,1,Ruth 1:1,26,וְ,W,conj.NA.NA,,Leningrad,MT
8,Ruth,1,1,Ruth 1:1,27,אִשְׁתֹּ֖ו,>CH/,subs.NA.NA,,Leningrad,MT
8,Ruth,1,1,Ruth 1:1,28,וּ,W,conj.NA.NA,,Leningrad,MT
8,Ruth,1,1,Ruth 1:1,29,שְׁנֵ֥י,CNJM/,subs.NA.NA,,Leningrad,MT
8,Ruth,1,1,Ruth 1:1,30,בָנָֽיו׃,BN/,subs.NA.NA,,Leningrad,MT
8,Ruth,1,2,Ruth 1:2,1,וְ,W,conj.NA.NA,,Leningrad,MT
8,Ruth,1,2,Ruth 1:2,2,שֵׁ֣ם,CM/,subs.NA.NA,,Leningrad,MT
8,Ruth,1,2,Ruth 1:2,3,הָ,H,art.NA.NA,,Leningrad,MT
8,Ruth,1,2,Ruth 1:2,4,אִ֣ישׁ,>JC/,subs.NA.NA,,Leningrad,MT
8,Ruth,1,2,Ruth 1:2,5,אֱֽלִימֶ֡לֶךְ,>LJMLK/,nmpr.NA.NA,,Leningrad,MT
8,Ruth,1,2,Ruth 1:2,6,וְ,W,conj.NA.NA,,Leningrad,MT
8,Ruth,1,2,Ruth 1:2,7,שֵׁם֩,CM/,subs.NA.NA,,Leningrad,MT
8,Ruth,1,2,Ruth 1:2,8,אִשְׁתֹּ֨ו,>CH/,subs.NA.NA,,Leningrad,MT
8,Ruth,1,2,Ruth 1:2,9,נָעֳמִ֜י,N<MJ=/,nmpr.NA.NA,,Leningrad,MT
8,Ruth,1,2,Ruth 1:2,10,וְ,W,conj.NA.NA,,Leningrad,MT
8,Ruth,1,2,Ruth 1:2,11,שֵׁ֥ם,CM/,subs.NA.NA,,Leningrad,MT
8,Ruth,1,2,Ruth 1:2,12,שְׁנֵֽי־,CNJM/,subs.NA.NA,,Leningrad,MT
8,Ruth,1,2,Ruth 1:2,13,בָנָ֣יו׀,BN/,subs.NA.NA,,Leningrad,MT
8,Ruth,1,2,Ruth 1:2,14,מַחְלֹ֤ון,MXLWN/,nmpr.NA.NA,,Leningrad,MT
8,Ruth,1,2,Ruth 1:2,15,וְ,W,conj.NA.NA,,Leningrad,MT
8,Ruth,1,2,Ruth 1:2,16,כִלְיֹון֙,KLJWN=/,nmpr.NA.NA,,Leningrad,MT
8,Ruth,1,2,Ruth 1:2,17,אֶפְרָתִ֔ים,>PRTJ/,adjv.NA.NA,,Leningrad,MT
8,Ruth,1,2,Ruth 1:2,18,מִ,MN,prep.NA.NA,,Leningrad,MT
8,Ruth,1,2,Ruth 1:2,19,בֵּ֥ית לֶ֖חֶם,BJT_LXM/,nmpr.NA.NA,,Leningrad,MT
8,Ruth,1,2,Ruth 1:2,20,יְהוּדָ֑ה,JHWDH/,nmpr.NA.NA,,Leningrad,MT
8,Ruth,1,2,Ruth 1:2,21,וַ,W,conj.NA.NA,,Leningrad,MT
8,Ruth,1,2,Ruth 1:2,22,יָּבֹ֥אוּ,BW>[,verb.qal.wayq,,Leningrad,MT
8,Ruth,1,2,Ruth 1:2,23,שְׂדֵי־,FDH/,subs.NA.NA,,Leningrad,MT
8,Ruth,1,2,Ruth 1:2,24,מֹואָ֖ב,MW>B/,nmpr.NA.NA,,Leningrad,MT
8,Ruth,1,2,Ruth 1:2,25,וַ,W,conj.NA.NA,,Leningrad,MT
8,Ruth,1,2,Ruth 1:2,26,יִּֽהְיוּ־,HJH[,verb.qal.wayq,,Leningrad,MT
8,Ruth,1,2,Ruth 1:2,27,שָֽׁם׃,CM,advb.NA.NA,,Leningrad,MT
8,Ruth,1,3,Ruth 1:3,1,וַ,W,conj.NA.NA,,Leningrad,MT
8,Ruth,1,3,Ruth 1:3,2,יָּ֥מָת,MWT[,verb.qal.wayq,,Leningrad,MT
8,Ruth,1,3,Ruth 1:3,3,אֱלִימֶ֖לֶךְ,>LJMLK/,nmpr.NA.NA,,Leningrad,MT
8,Ruth,1,3,Ruth 1:3,4,אִ֣ישׁ,>JC/,subs.NA.NA,,Leningrad,MT
8,Ruth,1,3,Ruth 1:3,5,נָעֳמִ֑י,N<MJ=/,nmpr.NA.NA,,Leningrad,MT
8,Ruth,1,3,Ruth 1:3,6,וַ,W,conj.NA.NA,,Leningrad,MT
8,Ruth,1,3,Ruth 1:3,7,תִּשָּׁאֵ֥ר,C>R[,verb.nif.wayq,,Leningrad,MT
8,Ruth,1,3,Ruth 1:3,8,הִ֖יא,HJ>,prps.NA.NA,,Leningrad,MT
8,Ruth,1,3,Ruth 1:3,9,וּ,W,conj.NA.NA,,Leningrad,MT
8,Ruth,1,3,Ruth 1:3,10,שְׁנֵ֥י,CNJM/,subs.NA.NA,,Leningrad,MT
8,Ruth,1,3,Ruth 1:3,11,בָנֶֽיהָ׃,BN/,subs.NA.NA,,Leningrad,MT
8,Ruth,1,4,Ruth 1:4,1,וַ,W,conj.NA.NA,,Leningrad,MT
8,Ruth,1,4,Ruth 1:4,2,יִּשְׂא֣וּ,NF>[,verb.qal.wayq,,Leningrad,MT
8,Ruth,1,4,Ruth 1:4,3,לָהֶ֗ם,L,prep.NA.NA,,Leningrad,MT
8,Ruth,1,4,Ruth 1:4,4,נָשִׁים֙,>CH/,subs.NA.NA,,Leningrad,MT
8,Ruth,1,4,Ruth 1:4,5,מֹֽאֲבִיֹּ֔ות,MW>BJ/,adjv.NA.NA,,Leningrad,MT
8,Ruth,1,4,Ruth 1:4,6,שֵׁ֤ם,CM/,subs.NA.NA,,Leningrad,MT
8,Ruth,1,4,Ruth 1:4,7,הָֽ,H,art.NA.NA,,Leningrad,MT
8,Ruth,1,4,Ruth 1:4,8,אַחַת֙,>XD/,subs.NA.NA,,Leningrad,MT
8,Ruth,1,4,Ruth 1:4,9,עָרְפָּ֔ה,<RPH/,nmpr.NA.NA,,Leningrad,MT
8,Ruth,1,4,Ruth 1:4,10,וְ,W,conj.NA.NA,,Leningrad,MT
8,Ruth,1,4,Ruth 1:4,11,שֵׁ֥ם,CM/,subs.NA.NA,,Leningrad,MT
8,Ruth,1,4,Ruth 1:4,12,הַ,H,art.NA.NA,,Leningrad,MT
8,Ruth,1,4,Ruth 1:4,13,שֵּׁנִ֖ית,CNJ/,adjv.NA.NA,,Leningrad,MT
8,Ruth,1,4,Ruth 1:4,14,ר֑וּת,RWT/,nmpr.NA.NA,,Leningrad,MT
8,Ruth,1,4,Ruth 1:4,15,וַ,W,conj.NA.NA,,Leningrad,MT
8,Ruth,1,4,Ruth 1:4,16,יֵּ֥שְׁבוּ,JCB[,verb.qal.wayq,,Leningrad,MT
8,Ruth,1,4,Ruth 1:4,17,שָׁ֖ם,CM,advb.NA.NA,,Leningrad,MT
8,Ruth,1,4,Ruth 1:4,18,כְּ,K,prep.NA.NA,,Leningrad,MT
8,Ruth,1,4,Ruth 1:4,19,עֶ֥שֶׂר,<FR=/,subs.NA.NA,,Leningrad,MT
8,Ruth,1,4,Ruth 1:4,20,שָׁנִֽים׃,CNH/,subs.NA.NA,,Leningrad,MT
8,Ruth,1,5,Ruth 1:5,1,וַ,W,conj.NA.NA,,Leningrad,MT
8,Ruth,1,5,Ruth 1:5,2,יָּמ֥וּתוּ,MWT[,verb.qal.wayq,,Leningrad,MT
8,Ruth,1,5,Ruth 1:5,3,גַם־,GM,advb.NA.NA,,Leningrad,MT
8,Ruth,1,5,Ruth 1:5,4,שְׁנֵיהֶ֖ם,CNJM/,subs.NA.NA,,Leningrad,MT
8,Ruth,1,5,Ruth 1:5,5,מַחְלֹ֣ון,MXLWN/,nmpr.NA.NA,,Leningrad,MT
8,Ruth,1,5,Ruth 1:5,6,וְ,W,conj.NA.NA,,Leningrad,MT
8,Ruth,1,5,Ruth 1:5,7,כִלְיֹ֑ון,KLJWN=/,nmpr.NA.NA,,Leningrad,MT
8,Ruth,1,5,Ruth 1:5,8,וַ,W,conj.NA.NA,,Leningrad,MT
8,Ruth,1,5,Ruth 1:5,9,תִּשָּׁאֵר֙,C>R[,verb.nif.wayq,,Leningrad,MT
8,Ruth,1,5,Ruth 1:5,10,הָֽ,H,art.NA.NA,,Leningrad,MT
8,Ruth,1,5,Ruth 1:5,11,אִשָּׁ֔ה,>CH/,subs.NA.NA,,Leningrad,MT
8,Ruth,1,5,Ruth 1:5,12,מִ,MN,prep.NA.NA,,Leningrad,MT
8,Ruth,1,5,Ruth 1:5,13,שְּׁנֵ֥י,CNJM/,subs.NA.NA,,Leningrad,MT
8,Ruth,1,5,Ruth 1:5,14,יְלָדֶ֖יהָ,JLD/,subs.NA.NA,,Leningrad,MT
8,Ruth,1,5,Ruth 1:5,15,וּ,W,conj.NA.NA,,Leningrad,MT
8,Ruth,1,5,Ruth 1:5,16,מֵ,MN,prep.NA.NA,,Leningrad,MT
8,Ruth,1,5,Ruth 1:5,17,אִישָֽׁהּ׃,>JC/,subs.NA.NA,,Leningrad,MT
8,Ruth,1,6,Ruth 1:6,1,וַ,W,conj.NA.NA,,Leningrad,MT
8,Ruth,1,6,Ruth 1:6,2,תָּ֤קָם,QWM[,verb.qal.wayq,,Leningrad,MT
8,Ruth,1,6,Ruth 1:6,3,הִיא֙,HJ>,prps.NA.NA,,Leningrad,MT
8,Ruth,1,6,Ruth 1:6,4,וְ,W,conj.NA.NA,,Leningrad,MT
8,Ruth,1,6,Ruth 1:6,5,כַלֹּתֶ֔יהָ,KLH/,subs.NA.NA,,Leningrad,MT
8,Ruth,1,6,Ruth 1:6,6,וַ,W,conj.NA.NA,,Leningrad,MT
8,Ruth,1,6,Ruth 1:6,7,תָּ֖שָׁב,CWB[,verb.qal.wayq,,Leningrad,MT
8,Ruth,1,6,Ruth 1:6,8,מִ,MN,prep.NA.NA,,Leningrad,MT
8,Ruth,1,6,Ruth 1:6,9,שְּׂדֵ֣י,FDH/,subs.NA.NA,,Leningrad,MT
8,Ruth,1,6,Ruth 1:6,10,מֹואָ֑ב,MW>B/,nmpr.NA.NA,,Leningrad,MT
8,Ruth,1,6,Ruth 1:6,11,כִּ֤י,KJ,conj.NA.NA,,Leningrad,MT
8,Ruth,1,6,Ruth 1:6,12,שָֽׁמְעָה֙,CM<[,verb.qal.perf,,Leningrad,MT
8,Ruth,1,6,Ruth 1:6,13,בִּ,B,prep.NA.NA,,Leningrad,MT
8,Ruth,1,6,Ruth 1:6,14,שְׂדֵ֣ה,FDH/,subs.NA.NA,,Leningrad,MT
8,Ruth,1,6,Ruth 1:6,15,מֹואָ֔ב,MW>B/,nmpr.NA.NA,,Leningrad,MT
8,Ruth,1,6,Ruth 1:6,16,כִּֽי־,KJ,conj.NA.NA,,Leningrad,MT
8,Ruth,1,6,Ruth 1:6,17,פָקַ֤ד,PQD[,verb.qal.perf,,Leningrad,MT
8,Ruth,1,6,Ruth 1:6,18,יְהוָה֙,JHWH/,nmpr.NA.NA,,Leningrad,MT
8,Ruth,1,6,Ruth 1:6,19,אֶת־,>T,prep.NA.NA,,Leningrad,MT
8,Ruth,1,6,Ruth 1:6,20,עַמֹּ֔ו,<M/,subs.NA.NA,,Leningrad,MT
8,Ruth,1,6,Ruth 1:6,21,לָ,L,prep.NA.NA,,Leningrad,MT
8,Ruth,1,6,Ruth 1:6,22,תֵ֥ת,NTN[,verb.qal.infc,,Leningrad,MT
8,Ruth,1,6,Ruth 1:6,23,לָהֶ֖ם,L,prep.NA.NA,,Leningrad,MT
8,Ruth,1,6,Ruth 1:6,24,לָֽחֶם׃,LXM/,subs.NA.NA,,Leningrad,MT
8,Ruth,1,7,Ruth 1:7,1,וַ,W,conj.NA.NA,,Leningrad,MT
8,Ruth,1,7,Ruth 1:7,2,תֵּצֵ֗א,JY>[,verb.qal.wayq,,Leningrad,MT
8,Ruth,1,7,Ruth 1:7,3,מִן־,MN,prep.NA.NA,,Leningrad,MT
8,Ruth,1,7,Ruth 1:7,4,הַ,H,art.NA.NA,,Leningrad,MT
8,Ruth,1,7,Ruth 1:7,5,מָּקֹום֙,MQWM/,subs.NA.NA,,Leningrad,MT
8,Ruth,1,7,Ruth 1:7,6,אֲשֶׁ֣ר,>CR,conj.NA.NA,,Leningrad,MT
8,Ruth,1,7,Ruth 1:7,7,הָיְתָה־,HJH[,verb.qal.perf,,Leningrad,MT
8,Ruth,1,7,Ruth 1:7,8,שָׁ֔מָּה,CM,advb.NA.NA,,Leningrad,MT
8,Ruth,1,7,Ruth 1:7,9,וּ,W,conj.NA.NA,,Leningrad,MT
8,Ruth,1,7,Ruth 1:7,10,שְׁתֵּ֥י,CNJM/,subs.NA.NA,,Leningrad,MT
8,Ruth,1,7,Ruth 1:7,11,כַלֹּתֶ֖יהָ,KLH/,subs.NA.NA,,Leningrad,MT
8,Ruth,1,7,Ruth 1:7,12,עִמָּ֑הּ,<M,prep.NA.NA,,Leningrad,MT
8,Ruth,1,7,Ruth 1:7,13,וַ,W,conj.NA.NA,,Leningrad,MT
8,Ruth,1,7,Ruth 1:7,14,תֵּלַ֣כְנָה,HLK[,verb.qal.wayq,,Leningrad,MT
8,Ruth,1,7,Ruth 1:7,15,בַ,B,prep.NA.NA,,Leningrad,MT
8,Ruth,1,7,Ruth 1:7,16,,H,art.NA.NA,,Leningrad,MT
8,Ruth,1,7,Ruth 1:7,17,דֶּ֔רֶךְ,DRK/,subs.NA.NA,,Leningrad,MT
8,Ruth,1,7,Ruth 1:7,18,לָ,L,prep.NA.NA,,Leningrad,MT
8,Ruth,1,7,Ruth 1:7,19,שׁ֖וּב,CWB[,verb.qal.infc,,Leningrad,MT
8,Ruth,1,7,Ruth 1:7,20,אֶל־,>L,prep.NA.NA,,Leningrad,MT
8,Ruth,1,7,Ruth 1:7,21,אֶ֥רֶץ,>RY/,subs.NA.NA,,Leningrad,MT
8,Ruth,1,7,Ruth 1:7,22,יְהוּדָֽה׃,JHWDH/,nmpr.NA.NA,,Leningrad,MT
8,Ruth,1,8,Ruth 1:8,1,וַ,W,conj.NA.NA,,Leningrad,MT
8,Ruth,1,8,Ruth 1:8,2,תֹּ֤אמֶר,>MR[,verb.qal.wayq,,Leningrad,MT
8,Ruth,1,8,Ruth 1:8,3,נָעֳמִי֙,N<MJ=/,nmpr.NA.NA,,Leningrad,MT
8,Ruth,1,8,Ruth 1:8,4,לִ,L,prep.NA.NA,,Leningrad,MT
8,Ruth,1,8,Ruth 1:8,5,שְׁתֵּ֣י,CNJM/,subs.NA.NA,,Leningrad,MT
8,Ruth,1,8,Ruth 1:8,6,כַלֹּתֶ֔יהָ,KLH/,subs.NA.NA,,Leningrad,MT
8,Ruth,1,8,Ruth 1:8,7,לֵ֣כְנָה,HLK[,verb.qal.impv,,Leningrad,MT
8,Ruth,1,8,Ruth 1:8,8,שֹּׁ֔בְנָה,CWB[,verb.qal.impv,,Leningrad,MT
8,Ruth,1,8,Ruth 1:8,9,אִשָּׁ֖ה,>CH/,subs.NA.NA,,Leningrad,MT
8,Ruth,1,8,Ruth 1:8,10,לְ,L,prep.NA.NA,,Leningrad,MT
8,Ruth,1,8,Ruth 1:8,11,בֵ֣ית,BJT/,subs.NA.NA,,Leningrad,MT
8,Ruth,1,8,Ruth 1:8,12,אִמָּ֑הּ,>M/,subs.NA.NA,,Leningrad,MT
8,Ruth,1,8,Ruth 1:8,13,יַ֣עַשׂ,<FH[,verb.qal.impf,,Leningrad,MT
8,Ruth,1,8,Ruth 1:8,14,יְהוָ֤ה,JHWH/,nmpr.NA.NA,,Leningrad,MT
8,Ruth,1,8,Ruth 1:8,15,עִמָּכֶם֙,<M,prep.NA.NA,,Leningrad,MT
8,Ruth,1,8,Ruth 1:8,16,חֶ֔סֶד,XSD/,subs.NA.NA,,Leningrad,MT
8,Ruth,1,8,Ruth 1:8,17,כַּ,K,prep.NA.NA,,Leningrad,MT
8,Ruth,1,8,Ruth 1:8,18,אֲשֶׁ֧ר,>CR,conj.NA.NA,,Leningrad,MT
8,Ruth,1,8,Ruth 1:8,19,עֲשִׂיתֶ֛ם,<FH[,verb.qal.perf,,Leningrad,MT
8,Ruth,1,8,Ruth 1:8,20,עִם־,<M,prep.NA.NA,,Leningrad,MT
8,Ruth,1,8,Ruth 1:8,21,הַ,H,art.NA.NA,,Leningrad,MT
8,Ruth,1,8,Ruth 1:8,22,מֵּתִ֖ים,MWT[,verb.qal.ptca,,Leningrad,MT
8,Ruth,1,8,Ruth 1:8,23,וְ,W,conj.NA.NA,,Leningrad,MT
8,Ruth,1,8,Ruth 1:8,24,עִמָּדִֽי׃,<MD/,subs.NA.NA,,Leningrad,MT
8,Ruth,1,9,Ruth 1:9,1,יִתֵּ֤ן,NTN[,verb.qal.impf,,Leningrad,MT
8,Ruth,1,9,Ruth 1:9,2,יְהוָה֙,JHWH/,nmpr.NA.NA,,Leningrad,MT
8,Ruth,1,9,Ruth 1:9,3,לָכֶ֔ם,L,prep.NA.NA,,Leningrad,MT
8,Ruth,1,9,Ruth 1:9,4,וּ,W,conj.NA.NA,,Leningrad,MT
8,Ruth,1,9,Ruth 1:9,5,מְצֶ֣אןָ,MY>[,verb.qal.impv,,Leningrad,MT
8,Ruth,1,9,Ruth 1:9,6,מְנוּחָ֔ה,MNWXH/,subs.NA.NA,,Leningrad,MT
8,Ruth,1,9,Ruth 1:9,7,אִשָּׁ֖ה,>CH/,subs.NA.NA,,Leningrad,MT
8,Ruth,1,9,Ruth 1:9,8,בֵּ֣ית,BJT/,subs.NA.NA,,Leningrad,MT
8,Ruth,1,9,Ruth 1:9,9,אִישָׁ֑הּ,>JC/,subs.NA.NA,,Leningrad,MT
8,Ruth,1,9,Ruth 1:9,10,וַ,W,conj.NA.NA,,Leningrad,MT
8,Ruth,1,9,Ruth 1:9,11,תִּשַּׁ֣ק,NCQ[,verb.qal.wayq,,Leningrad,MT
8,Ruth,1,9,Ruth 1:9,12,לָהֶ֔ן,L,prep.NA.NA,,Leningrad,MT
8,Ruth,1,9,Ruth 1:9,13,וַ,W,conj.NA.NA,,Leningrad,MT
8,Ruth,1,9,Ruth 1:9,14,תִּשֶּׂ֥אנָה,NF>[,verb.qal.wayq,,Leningrad,MT
8,Ruth,1,9,Ruth 1:9,15,קֹולָ֖ן,QWL/,subs.NA.NA,,Leningrad,MT
8,Ruth,1,9,Ruth 1:9,16,וַ,W,conj.NA.NA,,Leningrad,MT
8,Ruth,1,9,Ruth 1:9,17,תִּבְכֶּֽינָה׃,BKH[,verb.qal.wayq,,Leningrad,MT
8,Ruth,1,10,Ruth 1:10,1,וַ,W,conj.NA.NA,,Leningrad,MT
8,Ruth,1,10,Ruth 1:10,2,תֹּאמַ֖רְנָה־,>MR[,verb.qal.wayq,,Leningrad,MT
8,Ruth,1,10,Ruth 1:10,3,לָּ֑הּ,L,prep.NA.NA,,Leningrad,MT
8,Ruth,1,10,Ruth 1:10,4,כִּי־,KJ,conj.NA.NA,,Leningrad,MT
8,Ruth,1,10,Ruth 1:10,5,אִתָּ֥ךְ,>T==,prep.NA.NA,,Leningrad,MT
8,Ruth,1,10,Ruth 1:10,6,נָשׁ֖וּב,CWB[,verb.qal.impf,,Leningrad,MT
8,Ruth,1,10,Ruth 1:10,7,לְ,L,prep.NA.NA,,Leningrad,MT
8,Ruth,1,10,Ruth 1:10,8,עַמֵּֽךְ׃,<M/,subs.NA.NA,,Leningrad,MT
8,Ruth,1,11,Ruth 1:11,1,וַ,W,conj.NA.NA,,Leningrad,MT
8,Ruth,1,11,Ruth 1:11,2,תֹּ֤אמֶר,>MR[,verb.qal.wayq,,Leningrad,MT
8,Ruth,1,11,Ruth 1:11,3,נָעֳמִי֙,N<MJ=/,nmpr.NA.NA,,Leningrad,MT
8,Ruth,1,11,Ruth 1:11,4,שֹׁ֣בְנָה,CWB[,verb.qal.impv,,Leningrad,MT
8,Ruth,1,11,Ruth 1:11,5,בְנֹתַ֔י,BT/,subs.NA.NA,,Leningrad,MT
8,Ruth,1,11,Ruth 1:11,6,לָ֥מָּה,LMH,inrg.NA.NA,,Leningrad,MT
8,Ruth,1,11,Ruth 1:11,7,תֵלַ֖כְנָה,HLK[,verb.qal.impf,,Leningrad,MT
8,Ruth,1,11,Ruth 1:11,8,עִמִּ֑י,<M,prep.NA.NA,,Leningrad,MT
8,Ruth,1,11,Ruth 1:11,9,הַֽ,H=,inrg.NA.NA,,Leningrad,MT
8,Ruth,1,11,Ruth 1:11,10,עֹֽוד־,<WD/,subs.NA.NA,,Leningrad,MT
8,Ruth,1,11,Ruth 1:11,11,לִ֤י,L,prep.NA.NA,,Leningrad,MT
8,Ruth,1,11,Ruth 1:11,12,בָנִים֙,BN/,subs.NA.NA,,Leningrad,MT
8,Ruth,1,11,Ruth 1:11,13,בְּֽ,B,prep.NA.NA,,Leningrad,MT
8,Ruth,1,11,Ruth 1:11,14,מֵעַ֔י,M<JM/,subs.NA.NA,,Leningrad,MT
8,Ruth,1,11,Ruth 1:11,15,וְ,W,conj.NA.NA,,Leningrad,MT
8,Ruth,1,11,Ruth 1:11,16,הָי֥וּ,HJH[,verb.qal.perf,,Leningrad,MT
8,Ruth,1,11,Ruth 1:11,17,לָכֶ֖ם,L,prep.NA.NA,,Leningrad,MT
8,Ruth,1,11,Ruth 1:11,18,לַ,L,prep.NA.NA,,Leningrad,MT
8,Ruth,1,11,Ruth 1:11,19,אֲנָשִֽׁים׃,>JC/,subs.NA.NA,,Leningrad,MT
8,Ruth,1,12,Ruth 1:12,1,שֹׁ֤בְנָה,CWB[,verb.qal.impv,,Leningrad,MT
8,Ruth,1,12,Ruth 1:12,2,בְנֹתַי֙,BT/,subs.NA.NA,,Leningrad,MT
8,Ruth,1,12,Ruth 1:12,3,לֵ֔כְןָ,HLK[,verb.qal.impv,,Leningrad,MT
8,Ruth,1,12,Ruth 1:12,4,כִּ֥י,KJ,conj.NA.NA,,Leningrad,MT
8,Ruth,1,12,Ruth 1:12,5,זָקַ֖נְתִּי,ZQN[,verb.qal.perf,,Leningrad,MT
8,Ruth,1,12,Ruth 1:12,6,מִ,MN,prep.NA.NA,,Leningrad,MT
8,Ruth,1,12,Ruth 1:12,7,הְיֹ֣ות,HJH[,verb.qal.infc,,Leningrad,MT
8,Ruth,1,12,Ruth 1:12,8,לְ,L,prep.NA.NA,,Leningrad,MT
8,Ruth,1,12,Ruth 1:12,9,אִ֑ישׁ,>JC/,subs.NA.NA,,Leningrad,MT
8,Ruth,1,12,Ruth 1:12,10,כִּ֤י,KJ,conj.NA.NA,,Leningrad,MT
8,Ruth,1,12,Ruth 1:12,11,אָמַ֨רְתִּי֙,>MR[,verb.qal.perf,,Leningrad,MT
8,Ruth,1,12,Ruth 1:12,12,יֶשׁ־,JC/,subs.NA.NA,,Leningrad,MT
8,Ruth,1,12,Ruth 1:12,13,לִ֣י,L,prep.NA.NA,,Leningrad,MT
8,Ruth,1,12,Ruth 1:12,14,תִקְוָ֔ה,TQWH/,subs.NA.NA,,Leningrad,MT
8,Ruth,1,12,Ruth 1:12,15,גַּ֣ם,GM,advb.NA.NA,,Leningrad,MT
8,Ruth,1,12,Ruth 1:12,16,הָיִ֤יתִי,HJH[,verb.qal.perf,,Leningrad,MT
8,Ruth,1,12,Ruth 1:12,17,הַ,H,art.NA.NA,,Leningrad,MT
8,Ruth,1,12,Ruth 1:12,18,לַּ֨יְלָה֙,LJLH/,subs.NA.NA,,Leningrad,MT
8,Ruth,1,12,Ruth 1:12,19,לְ,L,prep.NA.NA,,Leningrad,MT
8,Ruth,1,12,Ruth 1:12,20,אִ֔ישׁ,>JC/,subs.NA.NA,,Leningrad,MT
8,Ruth,1,12,Ruth 1:12,21,וְ,W,conj.NA.NA,,Leningrad,MT
8,Ruth,1,12,Ruth 1:12,22,גַ֖ם,GM,advb.NA.NA,,Leningrad,MT
8,Ruth,1,12,Ruth 1:12,23,יָלַ֥דְתִּי,JLD[,verb.qal.perf,,Leningrad,MT
8,Ruth,1,12,Ruth 1:12,24,בָנִֽים׃,BN/,subs.NA.NA,,Leningrad,MT
8,Ruth,1,13,Ruth 1:13,1,הֲ,H=,inrg.NA.NA,,Leningrad,MT
8,Ruth,1,13,Ruth 1:13,2,לָהֵ֣ן׀,LHN,advb.NA.NA,,Leningrad,MT
8,Ruth,1,13,Ruth 1:13,3,תְּשַׂבֵּ֗רְנָה,FBR[,verb.piel.impf,,Leningrad,MT
8,Ruth,1,13,Ruth 1:13,4,עַ֚ד,<D,prep.NA.NA,,Leningrad,MT
8,Ruth,1,13,Ruth 1:13,5,אֲשֶׁ֣ר,>CR,conj.NA.NA,,Leningrad,MT
8,Ruth,1,13,Ruth 1:13,6,יִגְדָּ֔לוּ,GDL[,verb.qal.impf,,Leningrad,MT
8,Ruth,1,13,Ruth 1:13,7,הֲ,H=,inrg.NA.NA,,Leningrad,MT
8,Ruth,1,13,Ruth 1:13,8,לָהֵן֙,LHN,advb.NA.NA,,Leningrad,MT
8,Ruth,1,13,Ruth 1:13,9,תֵּֽעָגֵ֔נָה,<GN[,verb.nif.impf,,Leningrad,MT
8,Ruth,1,13,Ruth 1:13,10,לְ,L,prep.NA.NA,,Leningrad,MT
8,Ruth,1,13,Ruth 1:13,11,בִלְתִּ֖י,BLT/,subs.NA.NA,,Leningrad,MT
8,Ruth,1,13,Ruth 1:13,12,הֱיֹ֣ות,HJH[,verb.qal.infc,,Leningrad,MT
8,Ruth,1,13,Ruth 1:13,13,לְ,L,prep.NA.NA,,Leningrad,MT
8,Ruth,1,13,Ruth 1:13,14,אִ֑ישׁ,>JC/,subs.NA.NA,,Leningrad,MT
8,Ruth,1,13,Ruth 1:13,15,אַ֣ל,>L=,nega.NA.NA,,Leningrad,MT
8,Ruth,1,13,Ruth 1:13,16,בְּנֹתַ֗י,BT/,subs.NA.NA,,Leningrad,MT
8,Ruth,1,13,Ruth 1:13,17,כִּֽי־,KJ,conj.NA.NA,,Leningrad,MT
8,Ruth,1,13,Ruth 1:13,18,מַר־,MRR[,verb.qal.perf,,Leningrad,MT
8,Ruth,1,13,Ruth 1:13,19,לִ֤י,L,prep.NA.NA,,Leningrad,MT
8,Ruth,1,13,Ruth 1:13,20,מְאֹד֙,M>D/,subs.NA.NA,,Leningrad,MT
8,Ruth,1,13,Ruth 1:13,21,מִכֶּ֔ם,MN,prep.NA.NA,,Leningrad,MT
8,Ruth,1,13,Ruth 1:13,22,כִּֽי־,KJ,conj.NA.NA,,Leningrad,MT
8,Ruth,1,13,Ruth 1:13,23,יָצְאָ֥ה,JY>[,verb.qal.perf,,Leningrad,MT
8,Ruth,1,13,Ruth 1:13,24,בִ֖י,B,prep.NA.NA,,Leningrad,MT
8,Ruth,1,13,Ruth 1:13,25,יַד־,JD/,subs.NA.NA,,Leningrad,MT
8,Ruth,1,13,Ruth 1:13,26,יְהוָֽה׃,JHWH/,nmpr.NA.NA,,Leningrad,MT
8,Ruth,1,14,Ruth 1:14,1,וַ,W,conj.NA.NA,,Leningrad,MT
8,Ruth,1,14,Ruth 1:14,2,תִּשֶּׂ֣נָה,NF>[,verb.qal.wayq,,Leningrad,MT
8,Ruth,1,14,Ruth 1:14,3,קֹולָ֔ן,QWL/,subs.NA.NA,,Leningrad,MT
8,Ruth,1,14,Ruth 1:14,4,וַ,W,conj.NA.NA,,Leningrad,MT
8,Ruth,1,14,Ruth 1:14,5,תִּבְכֶּ֖ינָה,BKH[,verb.qal.wayq,,Leningrad,MT
8,Ruth,1,14,Ruth 1:14,6,עֹ֑וד,<WD/,subs.NA.NA,,Leningrad,MT
8,Ruth,1,14,Ruth 1:14,7,וַ,W,conj.NA.NA,,Leningrad,MT
8,Ruth,1,14,Ruth 1:14,8,תִּשַּׁ֤ק,NCQ[,verb.qal.wayq,,Leningrad,MT
8,Ruth,1,14,Ruth 1:14,9,עָרְפָּה֙,<RPH/,nmpr.NA.NA,,Leningrad,MT
8,Ruth,1,14,Ruth 1:14,10,לַ,L,prep.NA.NA,,Leningrad,MT
8,Ruth,1,14,Ruth 1:14,11,חֲמֹותָ֔הּ,XMWT/,subs.NA.NA,,Leningrad,MT
8,Ruth,1,14,Ruth 1:14,12,וְ,W,conj.NA.NA,,Leningrad,MT
8,Ruth,1,14,Ruth 1:14,13,ר֖וּת,RWT/,nmpr.NA.NA,,Leningrad,MT
8,Ruth,1,14,Ruth 1:14,14,דָּ֥בְקָה,DBQ[,verb.qal.perf,,Leningrad,MT
8,Ruth,1,14,Ruth 1:14,15,בָּֽהּ׃,B,prep.NA.NA,,Leningrad,MT
8,Ruth,1,15,Ruth 1:15,1,וַ,W,conj.NA.NA,,Leningrad,MT
8,Ruth,1,15,Ruth 1:15,2,תֹּ֗אמֶר,>MR[,verb.qal.wayq,,Leningrad,MT
8,Ruth,1,15,Ruth 1:15,3,הִנֵּה֙,HNH,intj.NA.NA,,Leningrad,MT
8,Ruth,1,15,Ruth 1:15,4,שָׁ֣בָה,CWB[,verb.qal.perf,,Leningrad,MT
8,Ruth,1,15,Ruth 1:15,5,יְבִמְתֵּ֔ךְ,JBMT/,subs.NA.NA,,Leningrad,MT
8,Ruth,1,15,Ruth 1:15,6,אֶל־,>L,prep.NA.NA,,Leningrad,MT
8,Ruth,1,15,Ruth 1:15,7,עַמָּ֖הּ,<M/,subs.NA.NA,,Leningrad,MT
8,Ruth,1,15,Ruth 1:15,8,וְ,W,conj.NA.NA,,Leningrad,MT
8,Ruth,1,15,Ruth 1:15,9,אֶל־,>L,prep.NA.NA,,Leningrad,MT
8,Ruth,1,15,Ruth 1:15,10,אֱלֹהֶ֑יהָ,>LHJM/,subs.NA.NA,,Leningrad,MT
8,Ruth,1,15,Ruth 1:15,11,שׁ֖וּבִי,CWB[,verb.qal.impv,,Leningrad,MT
8,Ruth,1,15,Ruth 1:15,12,אַחֲרֵ֥י,>XR/,subs.NA.NA,,Leningrad,MT
8,Ruth,1,15,Ruth 1:15,13,יְבִמְתֵּֽךְ׃,JBMT/,subs.NA.NA,,Leningrad,MT
8,Ruth,1,16,Ruth 1:16,1,וַ,W,conj.NA.NA,,Leningrad,MT
8,Ruth,1,16,Ruth 1:16,2,תֹּ֤אמֶר,>MR[,verb.qal.wayq,,Leningrad,MT
8,Ruth,1,16,Ruth 1:16,3,רוּת֙,RWT/,nmpr.NA.NA,,Leningrad,MT
8,Ruth,1,16,Ruth 1:16,4,אַל־,>L=,nega.NA.NA,,Leningrad,MT
8,Ruth,1,16,Ruth 1:16,5,תִּפְגְּעִי־,PG<[,verb.qal.impf,,Leningrad,MT
8,Ruth,1,16,Ruth 1:16,6,בִ֔י,B,prep.NA.NA,,Leningrad,MT
8,Ruth,1,16,Ruth 1:16,7,לְ,L,prep.NA.NA,,Leningrad,MT
8,Ruth,1,16,Ruth 1:16,8,עָזְבֵ֖ךְ,<ZB[,verb.qal.infc,,Leningrad,MT
8,Ruth,1,16,Ruth 1:16,9,לָ,L,prep.NA.NA,,Leningrad,MT
8,Ruth,1,16,Ruth 1:16,10,שׁ֣וּב,CWB[,verb.qal.infc,,Leningrad,MT
8,Ruth,1,16,Ruth 1:16,11,מֵ,MN,prep.NA.NA,,Leningrad,MT
8,Ruth,1,16,Ruth 1:16,12,אַחֲרָ֑יִךְ,>XR/,subs.NA.NA,,Leningrad,MT
8,Ruth,1,16,Ruth 1:16,13,כִּ֠י,KJ,conj.NA.NA,,Leningrad,MT
8,Ruth,1,16,Ruth 1:16,14,אֶל־,>L,prep.NA.NA,,Leningrad,MT
8,Ruth,1,16,Ruth 1:16,15,אֲשֶׁ֨ר,>CR,conj.NA.NA,,Leningrad,MT
8,Ruth,1,16,Ruth 1:16,16,תֵּלְכִ֜י,HLK[,verb.qal.impf,,Leningrad,MT
8,Ruth,1,16,Ruth 1:16,17,אֵלֵ֗ךְ,HLK[,verb.qal.impf,,Leningrad,MT
8,Ruth,1,16,Ruth 1:16,18,וּ,W,conj.NA.NA,,Leningrad,MT
8,Ruth,1,16,Ruth 1:16,19,בַ,B,prep.NA.NA,,Leningrad,MT
8,Ruth,1,16,Ruth 1:16,20,אֲשֶׁ֤ר,>CR,conj.NA.NA,,Leningrad,MT
8,Ruth,1,16,Ruth 1:16,21,תָּלִ֨ינִי֙,LJN[,verb.qal.impf,,Leningrad,MT
8,Ruth,1,16,Ruth 1:16,22,אָלִ֔ין,LJN[,verb.qal.impf,,Leningrad,MT
8,Ruth,1,16,Ruth 1:16,23,עַמֵּ֣ךְ,<M/,subs.NA.NA,,Leningrad,MT
8,Ruth,1,16,Ruth 1:16,24,עַמִּ֔י,<M/,subs.NA.NA,,Leningrad,MT
8,Ruth,1,16,Ruth 1:16,25,וֵ,W,conj.NA.NA,,Leningrad,MT
8,Ruth,1,16,Ruth 1:16,26,אלֹהַ֖יִךְ,>LHJM/,subs.NA.NA,,Leningrad,MT
8,Ruth,1,16,Ruth 1:16,27,אֱלֹהָֽי׃,>LHJM/,subs.NA.NA,,Leningrad,MT
8,Ruth,1,17,Ruth 1:17,1,בַּ,B,prep.NA.NA,,Leningrad,MT
8,Ruth,1,17,Ruth 1:17,2,אֲשֶׁ֤ר,>CR,conj.NA.NA,,Leningrad,MT
8,Ruth,1,17,Ruth 1:17,3,תָּמ֨וּתִי֙,MWT[,verb.qal.impf,,Leningrad,MT
8,Ruth,1,17,Ruth 1:17,4,אָמ֔וּת,MWT[,verb.qal.impf,,Leningrad,MT
8,Ruth,1,17,Ruth 1:17,5,וְ,W,conj.NA.NA,,Leningrad,MT
8,Ruth,1,17,Ruth 1:17,6,שָׁ֖ם,CM,advb.NA.NA,,Leningrad,MT
8,Ruth,1,17,Ruth 1:17,7,אֶקָּבֵ֑ר,QBR[,verb.nif.impf,,Leningrad,MT
8,Ruth,1,17,Ruth 1:17,8,כֹּה֩,KH,advb.NA.NA,,Leningrad,MT
8,Ruth,1,17,Ruth 1:17,9,יַעֲשֶׂ֨ה,<FH[,verb.qal.impf,,Leningrad,MT
8,Ruth,1,17,Ruth 1:17,10,יְהוָ֥ה,JHWH/,nmpr.NA.NA,,Leningrad,MT
8,Ruth,1,17,Ruth 1:17,11,לִי֙,L,prep.NA.NA,,Leningrad,MT
8,Ruth,1,17,Ruth 1:17,12,וְ,W,conj.NA.NA,,Leningrad,MT
8,Ruth,1,17,Ruth 1:17,13,כֹ֣ה,KH,advb.NA.NA,,Leningrad,MT
8,Ruth,1,17,Ruth 1:17,14,יֹסִ֔יף,JSP[,verb.hif.impf,,Leningrad,MT
8,Ruth,1,17,Ruth 1:17,15,כִּ֣י,KJ,conj.NA.NA,,Leningrad,MT
8,Ruth,1,17,Ruth 1:17,16,הַ,H,art.NA.NA,,Leningrad,MT
8,Ruth,1,17,Ruth 1:17,17,מָּ֔וֶת,MWT/,subs.NA.NA,,Leningrad,MT
8,Ruth,1,17,Ruth 1:17,18,יַפְרִ֖יד,PRD[,verb.hif.impf,,Leningrad,MT
8,Ruth,1,17,Ruth 1:17,19,בֵּינִ֥י,BJN/,subs.NA.NA,,Leningrad,MT
8,Ruth,1,17,Ruth 1:17,20,וּ,W,conj.NA.NA,,Leningrad,MT
8,Ruth,1,17,Ruth 1:17,21,בֵינֵֽךְ׃,BJN/,subs.NA.NA,,Leningrad,MT
8,Ruth,1,18,Ruth 1:18,1,וַ,W,conj.NA.NA,,Leningrad,MT
8,Ruth,1,18,Ruth 1:18,2,תֵּ֕רֶא,R>H[,verb.qal.wayq,,Leningrad,MT
8,Ruth,1,18,Ruth 1:18,3,כִּֽי־,KJ,conj.NA.NA,,Leningrad,MT
8,Ruth,1,18,Ruth 1:18,4,מִתְאַמֶּ֥צֶת,>MY[,verb.hit.ptca,,Leningrad,MT
8,Ruth,1,18,Ruth 1:18,5,הִ֖יא,HJ>,prps.NA.NA,,Leningrad,MT
8,Ruth,1,18,Ruth 1:18,6,לָ,L,prep.NA.NA,,Leningrad,MT
8,Ruth,1,18,Ruth 1:18,7,לֶ֣כֶת,HLK[,verb.qal.infc,,Leningrad,MT
8,Ruth,1,18,Ruth 1:18,8,אִתָּ֑הּ,>T==,prep.NA.NA,,Leningrad,MT
8,Ruth,1,18,Ruth 1:18,9,וַ,W,conj.NA.NA,,Leningrad,MT
8,Ruth,1,18,Ruth 1:18,10,תֶּחְדַּ֖ל,XDL[,verb.qal.wayq,,Leningrad,MT
8,Ruth,1,18,Ruth 1:18,11,לְ,L,prep.NA.NA,,Leningrad,MT
8,Ruth,1,18,Ruth 1:18,12,דַבֵּ֥ר,DBR[,verb.piel.infc,,Leningrad,MT
8,Ruth,1,18,Ruth 1:18,13,אֵלֶֽיהָ׃,>L,prep.NA.NA,,Leningrad,MT
8,Ruth,1,19,Ruth 1:19,1,וַ,W,conj.NA.NA,,Leningrad,MT
8,Ruth,1,19,Ruth 1:19,2,תֵּלַ֣כְנָה,HLK[,verb.qal.wayq,,Leningrad,MT
8,Ruth,1,19,Ruth 1:19,3,שְׁתֵּיהֶ֔ם,CNJM/,subs.NA.NA,,Leningrad,MT
8,Ruth,1,19,Ruth 1:19,4,עַד־,<D,prep.NA.NA,,Leningrad,MT
8,Ruth,1,19,Ruth 1:19,5,בֹּאָ֖נָה,BW>[,verb.qal.infc,,Leningrad,MT
8,Ruth,1,19,Ruth 1:19,6,בֵּ֣ית לָ֑חֶם,BJT_LXM/,nmpr.NA.NA,,Leningrad,MT
8,Ruth,1,19,Ruth 1:19,7,וַ,W,conj.NA.NA,,Leningrad,MT
8,Ruth,1,19,Ruth 1:19,8,יְהִ֗י,HJH[,verb.qal.wayq,,Leningrad,MT
8,Ruth,1,19,Ruth 1:19,9,כְּ,K,prep.NA.NA,,Leningrad,MT
8,Ruth,1,19,Ruth 1:19,10,בֹאָ֨נָה֙,BW>[,verb.qal.infc,,Leningrad,MT
8,Ruth,1,19,Ruth 1:19,11,בֵּ֣ית לֶ֔חֶם,BJT_LXM/,nmpr.NA.NA,,Leningrad,MT
8,Ruth,1,19,Ruth 1:19,12,וַ,W,conj.NA.NA,,Leningrad,MT
8,Ruth,1,19,Ruth 1:19,13,תֵּהֹ֤ם,HWM[,verb.nif.wayq,,Leningrad,MT
8,Ruth,1,19,Ruth 1:19,14,כָּל־,KL/,subs.NA.NA,,Leningrad,MT
8,Ruth,1,19,Ruth 1:19,15,הָ,H,art.NA.NA,,Leningrad,MT
8,Ruth,1,19,Ruth 1:19,16,עִיר֙,<JR/,subs.NA.NA,,Leningrad,MT
8,Ruth,1,19,Ruth 1:19,17,עֲלֵיהֶ֔ן,<L,prep.NA.NA,,Leningrad,MT
8,Ruth,1,19,Ruth 1:19,18,וַ,W,conj.NA.NA,,Leningrad,MT
8,Ruth,1,19,Ruth 1:19,19,תֹּאמַ֖רְנָה,>MR[,verb.qal.wayq,,Leningrad,MT
8,Ruth,1,19,Ruth 1:19,20,הֲ,H=,inrg.NA.NA,,Leningrad,MT
8,Ruth,1,19,Ruth 1:19,21,זֹ֥את,Z>T,prde.NA.NA,,Leningrad,MT
8,Ruth,1,19,Ruth 1:19,22,נָעֳמִֽי׃,N<MJ=/,nmpr.NA.NA,,Leningrad,MT
8,Ruth,1,20,Ruth 1:20,1,וַ,W,conj.NA.NA,,Leningrad,MT
8,Ruth,1,20,Ruth 1:20,2,תֹּ֣אמֶר,>MR[,verb.qal.wayq,,Leningrad,MT
8,Ruth,1,20,Ruth 1:20,3,אֲלֵיהֶ֔ן,>L,prep.NA.NA,,Leningrad,MT
8,Ruth,1,20,Ruth 1:20,4,אַל־,>L=,nega.NA.NA,,Leningrad,MT
8,Ruth,1,20,Ruth 1:20,5,תִּקְרֶ֥אנָה,QR>[,verb.qal.impf,,Leningrad,MT
8,Ruth,1,20,Ruth 1:20,6,לִ֖י,L,prep.NA.NA,,Leningrad,MT
8,Ruth,1,20,Ruth 1:20,7,נָעֳמִ֑י,N<MJ=/,nmpr.NA.NA,,Leningrad,MT
8,Ruth,1,20,Ruth 1:20,8,קְרֶ֤אןָ,QR>[,verb.qal.impv,,Leningrad,MT
8,Ruth,1,20,Ruth 1:20,9,לִי֙,L,prep.NA.NA,,Leningrad,MT
8,Ruth,1,20,Ruth 1:20,10,מָרָ֔א,MR/,adjv.NA.NA,,Leningrad,MT
8,Ruth,1,20,Ruth 1:20,11,כִּי־,KJ,conj.NA.NA,,Leningrad,MT
8,Ruth,1,20,Ruth 1:20,12,הֵמַ֥ר,MRR[,verb.hif.perf,,Leningrad,MT
8,Ruth,1,20,Ruth 1:20,13,שַׁדַּ֛י,CDJ/,nmpr.NA.NA,,Leningrad,MT
8,Ruth,1,20,Ruth 1:20,14,לִ֖י,L,prep.NA.NA,,Leningrad,MT
8,Ruth,1,20,Ruth 1:20,15,מְאֹֽד׃,M>D/,subs.NA.NA,,Leningrad,MT
8,Ruth,1,21,Ruth 1:21,1,אֲנִי֙,>NJ,prps.NA.NA,,Leningrad,MT
8,Ruth,1,21,Ruth 1:21,2,מְלֵאָ֣ה,ML>/,adjv.NA.NA,,Leningrad,MT
8,Ruth,1,21,Ruth 1:21,3,הָלַ֔כְתִּי,HLK[,verb.qal.perf,,Leningrad,MT
8,Ruth,1,21,Ruth 1:21,4,וְ,W,conj.NA.NA,,Leningrad,MT
8,Ruth,1,21,Ruth 1:21,5,רֵיקָ֖ם,RJQM,advb.NA.NA,,Leningrad,MT
8,Ruth,1,21,Ruth 1:21,6,הֱשִׁיבַ֣נִי,CWB[,verb.hif.perf,,Leningrad,MT
8,Ruth,1,21,Ruth 1:21,7,יְהוָ֑ה,JHWH/,nmpr.NA.NA,,Leningrad,MT
8,Ruth,1,21,Ruth 1:21,8,לָ֣מָּה,LMH,inrg.NA.NA,,Leningrad,MT
8,Ruth,1,21,Ruth 1:21,9,תִקְרֶ֤אנָה,QR>[,verb.qal.impf,,Leningrad,MT
8,Ruth,1,21,Ruth 1:21,10,לִי֙,L,prep.NA.NA,,Leningrad,MT
8,Ruth,1,21,Ruth 1:21,11,נָעֳמִ֔י,N<MJ=/,nmpr.NA.NA,,Leningrad,MT
8,Ruth,1,21,Ruth 1:21,12,וַֽ,W,conj.NA.NA,,Leningrad,MT
8,Ruth,1,21,Ruth 1:21,13,יהוָה֙,JHWH/,nmpr.NA.NA,,Leningrad,MT
8,Ruth,1,21,Ruth 1:21,14,עָ֣נָה,<NH[,verb.qal.perf,,Leningrad,MT
8,Ruth,1,21,Ruth 1:21,15,בִ֔י,B,prep.NA.NA,,Leningrad,MT
8,Ruth,1,21,Ruth 1:21,16,וְ,W,conj.NA.NA,,Leningrad,MT
8,Ruth,1,21,Ruth 1:21,17,שַׁדַּ֖י,CDJ/,nmpr.NA.NA,,Leningrad,MT
8,Ruth,1,21,Ruth 1:21,18,הֵ֥רַ֥ע,R<<[,verb.hif.perf,,Leningrad,MT
8,Ruth,1,21,Ruth 1:21,19,לִֽי׃,L,prep.NA.NA,,Leningrad,MT
8,Ruth,1,22,Ruth 1:22,1,וַ,W,conj.NA.NA,,Leningrad,MT
8,Ruth,1,22,Ruth 1:22,2,תָּ֣שָׁב,CWB[,verb.qal.wayq,,Leningrad,MT
8,Ruth,1,22,Ruth 1:22,3,נָעֳמִ֗י,N<MJ=/,nmpr.NA.NA,,Leningrad,MT
8,Ruth,1,22,Ruth 1:22,4,וְ,W,conj.NA.NA,,Leningrad,MT
8,Ruth,1,22,Ruth 1:22,5,ר֨וּת,RWT/,nmpr.NA.NA,,Leningrad,MT
8,Ruth,1,22,Ruth 1:22,6,הַ,H,art.NA.NA,,Leningrad,MT
8,Ruth,1,22,Ruth 1:22,7,מֹּואֲבִיָּ֤ה,MW>BJ/,adjv.NA.NA,,Leningrad,MT
8,Ruth,1,22,Ruth 1:22,8,כַלָּתָהּ֙,KLH/,subs.NA.NA,,Leningrad,MT
8,Ruth,1,22,Ruth 1:22,9,עִמָּ֔הּ,<M,prep.NA.NA,,Leningrad,MT
8,Ruth,1,22,Ruth 1:22,10,הַ,H,art.NA.NA,,Leningrad,MT
8,Ruth,1,22,Ruth 1:22,11,שָּׁ֖בָה,CWB[,verb.qal.perf,,Leningrad,MT
8,Ruth,1,22,Ruth 1:22,12,מִ,MN,prep.NA.NA,,Leningrad,MT
8,Ruth,1,22,Ruth 1:22,13,שְּׂדֵ֣י,FDH/,subs.NA.NA,,Leningrad,MT
8,Ruth,1,22,Ruth 1:22,14,מֹואָ֑ב,MW>B/,nmpr.NA.NA,,Leningrad,MT
8,Ruth,1,22,Ruth 1:22,15,וְ,W,conj.NA.NA,,Leningrad,MT
8,Ruth,1,22,Ruth 1:22,16,הֵ֗מָּה,HMH,prps.NA.NA,,Leningrad,MT
8,Ruth,1,22,Ruth 1:22,17,בָּ֚אוּ,BW>[,verb.qal.perf,,Leningrad,MT
8,Ruth,1,22,Ruth 1:22,18,בֵּ֣ית לֶ֔חֶם,BJT_LXM/,nmpr.NA.NA,,Leningrad,MT
8,Ruth,1,22,Ruth 1:22,19,בִּ,B,prep.NA.NA,,Leningrad,MT
8,Ruth,1,22,Ruth 1:22,20,תְחִלַּ֖ת,TXLH/,subs.NA.NA,,Leningrad,MT
8,Ruth,1,22,Ruth 1:22,21,קְצִ֥יר,QYJR/,subs.NA.NA,,Leningrad,MT
8,Ruth,1,22,Ruth 1:22,22,שְׂעֹרִֽים׃,F<RH/,subs.NA.NA,,Leningrad,MT
8,Ruth,2,1,Ruth 2:1,1,וּֽ,W,conj.NA.NA,,Leningrad,MT
8,Ruth,2,1,Ruth 2:1,2,לְ,L,prep.NA.NA,,Leningrad,MT
8,Ruth,2,1,Ruth 2:1,3,נָעֳמִ֞י,N<MJ=/,nmpr.NA.NA,,Leningrad,MT
8,Ruth,2,1,Ruth 2:1,4,מֹודַ֣ע,MD<=/,subs.NA.NA,,Leningrad,MT
8,Ruth,2,1,Ruth 2:1,5,לְ,L,prep.NA.NA,,Leningrad,MT
8,Ruth,2,1,Ruth 2:1,6,אִישָׁ֗הּ,>JC/,subs.NA.NA,,Leningrad,MT
8,Ruth,2,1,Ruth 2:1,7,אִ֚ישׁ,>JC/,subs.NA.NA,,Leningrad,MT
8,Ruth,2,1,Ruth 2:1,8,גִּבֹּ֣ור,GBWR/,subs.NA.NA,,Leningrad,MT
8,Ruth,2,1,Ruth 2:1,9,חַ֔יִל,XJL/,subs.NA.NA,,Leningrad,MT
8,Ruth,2,1,Ruth 2:1,10,מִ,MN,prep.NA.NA,,Leningrad,MT
8,Ruth,2,1,Ruth 2:1,11,מִּשְׁפַּ֖חַת,MCPXT/,subs.NA.NA,,Leningrad,MT
8,Ruth,2,1,Ruth 2:1,12,אֱלִימֶ֑לֶךְ,>LJMLK/,nmpr.NA.NA,,Leningrad,MT
8,Ruth,2,1,Ruth 2:1,13,וּ,W,conj.NA.NA,,Leningrad,MT
8,Ruth,2,1,Ruth 2:1,14,שְׁמֹ֖ו,CM/,subs.NA.NA,,Leningrad,MT
8,Ruth,2,1,Ruth 2:1,15,בֹּֽעַז׃,B<Z/,nmpr.NA.NA,,Leningrad,MT
8,Ruth,2,2,Ruth 2:2,1,וַ,W,conj.NA.NA,,Leningrad,MT
8,Ruth,2,2,Ruth 2:2,2,תֹּאמֶר֩,>MR[,verb.qal.wayq,,Leningrad,MT
8,Ruth,2,2,Ruth 2:2,3,ר֨וּת,RWT/,nmpr.NA.NA,,Leningrad,MT
8,Ruth,2,2,Ruth 2:2,4,הַ,H,art.NA.NA,,Leningrad,MT
8,Ruth,2,2,Ruth 2:2,5,מֹּואֲבִיָּ֜ה,MW>BJ/,adjv.NA.NA,,Leningrad,MT
8,Ruth,2,2,Ruth 2:2,6,אֶֽל־,>L,prep.NA.NA,,Leningrad,MT
8,Ruth,2,2,Ruth 2:2,7,נָעֳמִ֗י,N<MJ=/,nmpr.NA.NA,,Leningrad,MT
8,Ruth,2,2,Ruth 2:2,8,אֵֽלְכָה־,HLK[,verb.qal.impf,,Leningrad,MT
8,Ruth,2,2,Ruth 2:2,9,נָּ֤א,N>,intj.NA.NA,,Leningrad,MT
8,Ruth,2,2,Ruth 2:2,10,הַ,H,art.NA.NA,,Leningrad,MT
8,Ruth,2,2,Ruth 2:2,11,שָּׂדֶה֙,FDH/,subs.NA.NA,,Leningrad,MT
8,Ruth,2,2,Ruth 2:2,12,וַ,W,conj.NA.NA,,Leningrad,MT
8,Ruth,2,2,Ruth 2:2,13,אֲלַקֳטָ֣ה,LQV[,verb.piel.impf,,Leningrad,MT
8,Ruth,2,2,Ruth 2:2,14,בַ,B,prep.NA.NA,,Leningrad,MT
8,Ruth,2,2,Ruth 2:2,15,,H,art.NA.NA,,Leningrad,MT
8,Ruth,2,2,Ruth 2:2,16,שִּׁבֳּלִ֔ים,CBLT/,subs.NA.NA,,Leningrad,MT
8,Ruth,2,2,Ruth 2:2,17,אַחַ֕ר,>XR/,subs.NA.NA,,Leningrad,MT
8,Ruth,2,2,Ruth 2:2,18,אֲשֶׁ֥ר,>CR,conj.NA.NA,,Leningrad,MT
8,Ruth,2,2,Ruth 2:2,19,אֶמְצָא־,MY>[,verb.qal.impf,,Leningrad,MT
8,Ruth,2,2,Ruth 2:2,20,חֵ֖ן,XN/,subs.NA.NA,,Leningrad,MT
8,Ruth,2,2,Ruth 2:2,21,בְּ,B,prep.NA.NA,,Leningrad,MT
8,Ruth,2,2,Ruth 2:2,22,עֵינָ֑יו,<JN/,subs.NA.NA,,Leningrad,MT
8,Ruth,2,2,Ruth 2:2,23,וַ,W,conj.NA.NA,,Leningrad,MT
8,Ruth,2,2,Ruth 2:2,24,תֹּ֥אמֶר,>MR[,verb.qal.wayq,,Leningrad,MT
8,Ruth,2,2,Ruth 2:2,25,לָ֖הּ,L,prep.NA.NA,,Leningrad,MT
8,Ruth,2,2,Ruth 2:2,26,לְכִ֥י,HLK[,verb.qal.impv,,Leningrad,MT
8,Ruth,2,2,Ruth 2:2,27,בִתִּֽי׃,BT/,subs.NA.NA,,Leningrad,MT
8,Ruth,2,3,Ruth 2:3,1,וַ,W,conj.NA.NA,,Leningrad,MT
8,Ruth,2,3,Ruth 2:3,2,תֵּ֤לֶךְ,HLK[,verb.qal.wayq,,Leningrad,MT
8,Ruth,2,3,Ruth 2:3,3,וַ,W,conj.NA.NA,,Leningrad,MT
8,Ruth,2,3,Ruth 2:3,4,תָּבֹוא֙,BW>[,verb.qal.wayq,,Leningrad,MT
8,Ruth,2,3,Ruth 2:3,5,וַ,W,conj.NA.NA,,Leningrad,MT
8,Ruth,2,3,Ruth 2:3,6,תְּלַקֵּ֣ט,LQV[,verb.piel.wayq,,Leningrad,MT
8,Ruth,2,3,Ruth 2:3,7,בַּ,B,prep.NA.NA,,Leningrad,MT
8,Ruth,2,3,Ruth 2:3,8,,H,art.NA.NA,,Leningrad,MT
8,Ruth,2,3,Ruth 2:3,9,שָּׂדֶ֔ה,FDH/,subs.NA.NA,,Leningrad,MT
8,Ruth,2,3,Ruth 2:3,10,אַחֲרֵ֖י,>XR/,subs.NA.NA,,Leningrad,MT
8,Ruth,2,3,Ruth 2:3,11,הַ,H,art.NA.NA,,Leningrad,MT
8,Ruth,2,3,Ruth 2:3,12,קֹּצְרִ֑ים,QYR=[,verb.qal.ptca,,Leningrad,MT
8,Ruth,2,3,Ruth 2:3,13,וַ,W,conj.NA.NA,,Leningrad,MT
8,Ruth,2,3,Ruth 2:3,14,יִּ֣קֶר,QRH[,verb.qal.wayq,,Leningrad,MT
8,Ruth,2,3,Ruth 2:3,15,מִקְרֶ֔הָ,MQRH/,subs.NA.NA,,Leningrad,MT
8,Ruth,2,3,Ruth 2:3,16,חֶלְקַ֤ת,XLQH/,subs.NA.NA,,Leningrad,MT
8,Ruth,2,3,Ruth 2:3,17,הַ,H,art.NA.NA,,Leningrad,MT
8,Ruth,2,3,Ruth 2:3,18,שָּׂדֶה֙,FDH/,subs.NA.NA,,Leningrad,MT
8,Ruth,2,3,Ruth 2:3,19,לְ,L,prep.NA.NA,,Leningrad,MT
8,Ruth,2,3,Ruth 2:3,20,בֹ֔עַז,B<Z/,nmpr.NA.NA,,Leningrad,MT
8,Ruth,2,3,Ruth 2:3,21,אֲשֶׁ֖ר,>CR,conj.NA.NA,,Leningrad,MT
8,Ruth,2,3,Ruth 2:3,22,מִ,MN,prep.NA.NA,,Leningrad,MT
8,Ruth,2,3,Ruth 2:3,23,מִּשְׁפַּ֥חַת,MCPXT/,subs.NA.NA,,Leningrad,MT
8,Ruth,2,3,Ruth 2:3,24,אֱלִימֶֽלֶךְ׃,>LJMLK/,nmpr.NA.NA,,Leningrad,MT
8,Ruth,2,4,Ruth 2:4,1,וְ,W,conj.NA.NA,,Leningrad,MT
8,Ruth,2,4,Ruth 2:4,2,הִנֵּה־,HNH,intj.NA.NA,,Leningrad,MT
8,Ruth,2,4,Ruth 2:4,3,בֹ֗עַז,B<Z/,nmpr.NA.NA,,Leningrad,MT
8,Ruth,2,4,Ruth 2:4,4,בָּ֚א,BW>[,verb.qal.perf,,Leningrad,MT
8,Ruth,2,4,Ruth 2:4,5,מִ,MN,prep.NA.NA,,Leningrad,MT
8,Ruth,2,4,Ruth 2:4,6,בֵּ֣ית לֶ֔חֶם,BJT_LXM/,nmpr.NA.NA,,Leningrad,MT
8,Ruth,2,4,Ruth 2:4,7,וַ,W,conj.NA.NA,,Leningrad,MT
8,Ruth,2,4,Ruth 2:4,8,יֹּ֥אמֶר,>MR[,verb.qal.wayq,,Leningrad,MT
8,Ruth,2,4,Ruth 2:4,9,לַ,L,prep.NA.NA,,Leningrad,MT
8,Ruth,2,4,Ruth 2:4,10,,H,art.NA.NA,,Leningrad,MT
8,Ruth,2,4,Ruth 2:4,11,קֹּוצְרִ֖ים,QYR=[,verb.qal.ptca,,Leningrad,MT
8,Ruth,2,4,Ruth 2:4,12,יְהוָ֣ה,JHWH/,nmpr.NA.NA,,Leningrad,MT
8,Ruth,2,4,Ruth 2:4,13,עִמָּכֶ֑ם,<M,prep.NA.NA,,Leningrad,MT
8,Ruth,2,4,Ruth 2:4,14,וַ,W,conj.NA.NA,,Leningrad,MT
8,Ruth,2,4,Ruth 2:4,15,יֹּ֥אמְרוּ,>MR[,verb.qal.wayq,,Leningrad,MT
8,Ruth,2,4,Ruth 2:4,16,לֹ֖ו,L,prep.NA.NA,,Leningrad,MT
8,Ruth,2,4,Ruth 2:4,17,יְבָרֶכְךָ֥,BRK[,verb.piel.impf,,Leningrad,MT
8,Ruth,2,4,Ruth 2:4,18,יְהוָֽה׃,JHWH/,nmpr.NA.NA,,Leningrad,MT
8,Ruth,2,5,Ruth 2:5,1,וַ,W,conj.NA.NA,,Leningrad,MT
8,Ruth,2,5,Ruth 2:5,2,יֹּ֤אמֶר,>MR[,verb.qal.wayq,,Leningrad,MT
8,Ruth,2,5,Ruth 2:5,3,בֹּ֨עַז֙,B<Z/,nmpr.NA.NA,,Leningrad,MT
8,Ruth,2,5,Ruth 2:5,4,לְ,L,prep.NA.NA,,Leningrad,MT
8,Ruth,2,5,Ruth 2:5,5,נַעֲרֹ֔ו,N<R/,subs.NA.NA,,Leningrad,MT
8,Ruth,2,5,Ruth 2:5,6,הַ,H,art.NA.NA,,Leningrad,MT
8,Ruth,2,5,Ruth 2:5,7,נִּצָּ֖ב,NYB[,verb.nif.ptca,,Leningrad,MT
8,Ruth,2,5,Ruth 2:5,8,עַל־,<L,prep.NA.NA,,Leningrad,MT
8,Ruth,2,5,Ruth 2:5,9,הַ,H,art.NA.NA,,Leningrad,MT
8,Ruth,2,5,Ruth 2:5,10,קֹּֽוצְרִ֑ים,QYR=[,verb.qal.ptca,,Leningrad,MT
8,Ruth,2,5,Ruth 2:5,11,לְ,L,prep.NA.NA,,Leningrad,MT
8,Ruth,2,5,Ruth 2:5,12,מִ֖י,MJ,prin.NA.NA,,Leningrad,MT
8,Ruth,2,5,Ruth 2:5,13,הַ,H,art.NA.NA,,Leningrad,MT
8,Ruth,2,5,Ruth 2:5,14,נַּעֲרָ֥ה,N<RH/,subs.NA.NA,,Leningrad,MT
8,Ruth,2,5,Ruth 2:5,15,הַ,H,art.NA.NA,,Leningrad,MT
8,Ruth,2,5,Ruth 2:5,16,זֹּֽאת׃,Z>T,prde.NA.NA,,Leningrad,MT
8,Ruth,2,6,Ruth 2:6,1,וַ,W,conj.NA.NA,,Leningrad,MT
8,Ruth,2,6,Ruth 2:6,2,יַּ֗עַן,<NH[,verb.qal.wayq,,Leningrad,MT
8,Ruth,2,6,Ruth 2:6,3,הַ,H,art.NA.NA,,Leningrad,MT
8,Ruth,2,6,Ruth 2:6,4,נַּ֛עַר,N<R/,subs.NA.NA,,Leningrad,MT
8,Ruth,2,6,Ruth 2:6,5,הַ,H,art.NA.NA,,Leningrad,MT
8,Ruth,2,6,Ruth 2:6,6,נִּצָּ֥ב,NYB[,verb.nif.ptca,,Leningrad,MT
8,Ruth,2,6,Ruth 2:6,7,עַל־,<L,prep.NA.NA,,Leningrad,MT
8,Ruth,2,6,Ruth 2:6,8,הַ,H,art.NA.NA,,Leningrad,MT
8,Ruth,2,6,Ruth 2:6,9,קֹּוצְרִ֖ים,QYR=[,verb.qal.ptca,,Leningrad,MT
8,Ruth,2,6,Ruth 2:6,10,וַ,W,conj.NA.NA,,Leningrad,MT
8,Ruth,2,6,Ruth 2:6,11,יֹּאמַ֑ר,>MR[,verb.qal.wayq,,Leningrad,MT
8,Ruth,2,6,Ruth 2:6,12,נַעֲרָ֤ה,N<RH/,subs.NA.NA,,Leningrad,MT
8,Ruth,2,6,Ruth 2:6,13,מֹֽואֲבִיָּה֙,MW>BJ/,adjv.NA.NA,,Leningrad,MT
8,Ruth,2,6,Ruth 2:6,14,הִ֔יא,HJ>,prps.NA.NA,,Leningrad,MT
8,Ruth,2,6,Ruth 2:6,15,הַ,H,art.NA.NA,,Leningrad,MT
8,Ruth,2,6,Ruth 2:6,16,שָּׁ֥בָה,CWB[,verb.qal.perf,,Leningrad,MT
8,Ruth,2,6,Ruth 2:6,17,עִֽם־,<M,prep.NA.NA,,Leningrad,MT
8,Ruth,2,6,Ruth 2:6,18,נָעֳמִ֖י,N<MJ=/,nmpr.NA.NA,,Leningrad,MT
8,Ruth,2,6,Ruth 2:6,19,מִ,MN,prep.NA.NA,,Leningrad,MT
8,Ruth,2,6,Ruth 2:6,20,שְּׂדֵ֥ה,FDH/,subs.NA.NA,,Leningrad,MT
8,Ruth,2,6,Ruth 2:6,21,מֹואָֽב׃,MW>B/,nmpr.NA.NA,,Leningrad,MT
8,Ruth,2,7,Ruth 2:7,1,וַ,W,conj.NA.NA,,Leningrad,MT
8,Ruth,2,7,Ruth 2:7,2,תֹּ֗אמֶר,>MR[,verb.qal.wayq,,Leningrad,MT
8,Ruth,2,7,Ruth 2:7,3,אֲלַקֳטָה־,LQV[,verb.piel.impf,,Leningrad,MT
8,Ruth,2,7,Ruth 2:7,4,נָּא֙,N>,intj.NA.NA,,Leningrad,MT
8,Ruth,2,7,Ruth 2:7,5,וְ,W,conj.NA.NA,,Leningrad,MT
8,Ruth,2,7,Ruth 2:7,6,אָסַפְתִּ֣י,>SP[,verb.qal.perf,,Leningrad,MT
8,Ruth,2,7,Ruth 2:7,7,בָֽ,B,prep.NA.NA,,Leningrad,MT
8,Ruth,2,7,Ruth 2:7,8,,H,art.NA.NA,,Leningrad,MT
8,Ruth,2,7,Ruth 2:7,9,עֳמָרִ֔ים,<MR=/,subs.NA.NA,,Leningrad,MT
8,Ruth,2,7,Ruth 2:7,10,אַחֲרֵ֖י,>XR/,subs.NA.NA,,Leningrad,MT
8,Ruth,2,7,Ruth 2:7,11,הַ,H,art.NA.NA,,Leningrad,MT
8,Ruth,2,7,Ruth 2:7,12,קֹּוצְרִ֑ים,QYR=[,verb.qal.ptca,,Leningrad,MT
8,Ruth,2,7,Ruth 2:7,13,וַ,W,conj.NA.NA,,Leningrad,MT
8,Ruth,2,7,Ruth 2:7,14,תָּבֹ֣וא,BW>[,verb.qal.wayq,,Leningrad,MT
8,Ruth,2,7,Ruth 2:7,15,וַֽ,W,conj.NA.NA,,Leningrad,MT
8,Ruth,2,7,Ruth 2:7,16,תַּעֲמֹ֗וד,<MD[,verb.qal.wayq,,Leningrad,MT
8,Ruth,2,7,Ruth 2:7,17,מֵ,MN,prep.NA.NA,,Leningrad,MT
8,Ruth,2,7,Ruth 2:7,18,אָ֤ז,>Z,advb.NA.NA,,Leningrad,MT
8,Ruth,2,7,Ruth 2:7,19,הַ,H,art.NA.NA,,Leningrad,MT
8,Ruth,2,7,Ruth 2:7,20,בֹּ֨קֶר֙,BQR=/,subs.NA.NA,,Leningrad,MT
8,Ruth,2,7,Ruth 2:7,21,וְ,W,conj.NA.NA,,Leningrad,MT
8,Ruth,2,7,Ruth 2:7,22,עַד־,<D,prep.NA.NA,,Leningrad,MT
8,Ruth,2,7,Ruth 2:7,23,עַ֔תָּה,<TH,advb.NA.NA,,Leningrad,MT
8,Ruth,2,7,Ruth 2:7,24,זֶ֛ה,ZH,prde.NA.NA,,Leningrad,MT
8,Ruth,2,7,Ruth 2:7,25,שִׁבְתָּ֥הּ,JCB[,verb.qal.infc,,Leningrad,MT
8,Ruth,2,7,Ruth 2:7,26,הַ,H,art.NA.NA,,Leningrad,MT
8,Ruth,2,7,Ruth 2:7,27,בַּ֖יִת,BJT/,subs.NA.NA,,Leningrad,MT
8,Ruth,2,7,Ruth 2:7,28,מְעָֽט׃,M<V/,subs.NA.NA,,Leningrad,MT
8,Ruth,2,8,Ruth 2:8,1,וַ,W,conj.NA.NA,,Leningrad,MT
8,Ruth,2,8,Ruth 2:8,2,יֹּאמֶר֩,>MR[,verb.qal.wayq,,Leningrad,MT
8,Ruth,2,8,Ruth 2:8,3,בֹּ֨עַז,B<Z/,nmpr.NA.NA,,Leningrad,MT
8,Ruth,2,8,Ruth 2:8,4,אֶל־,>L,prep.NA.NA,,Leningrad,MT
8,Ruth,2,8,Ruth 2:8,5,ר֜וּת,RWT/,nmpr.NA.NA,,Leningrad,MT
8,Ruth,2,8,Ruth 2:8,6,הֲ,H=,inrg.NA.NA,,Leningrad,MT
8,Ruth,2,8,Ruth 2:8,7,לֹ֧וא,L>,nega.NA.NA,,Leningrad,MT
8,Ruth,2,8,Ruth 2:8,8,שָׁמַ֣עַתְּ,CM<[,verb.qal.perf,,Leningrad,MT
8,Ruth,2,8,Ruth 2:8,9,בִּתִּ֗י,BT/,subs.NA.NA,,Leningrad,MT
8,Ruth,2,8,Ruth 2:8,10,אַל־,>L=,nega.NA.NA,,Leningrad,MT
8,Ruth,2,8,Ruth 2:8,11,תֵּלְכִי֙,HLK[,verb.qal.impf,,Leningrad,MT
8,Ruth,2,8,Ruth 2:8,12,לִ,L,prep.NA.NA,,Leningrad,MT
8,Ruth,2,8,Ruth 2:8,13,לְקֹט֙,LQV[,verb.qal.infc,,Leningrad,MT
8,Ruth,2,8,Ruth 2:8,14,בְּ,B,prep.NA.NA,,Leningrad,MT
8,Ruth,2,8,Ruth 2:8,15,שָׂדֶ֣ה,FDH/,subs.NA.NA,,Leningrad,MT
8,Ruth,2,8,Ruth 2:8,16,אַחֵ֔ר,>XR=/,adjv.NA.NA,,Leningrad,MT
8,Ruth,2,8,Ruth 2:8,17,וְ,W,conj.NA.NA,,Leningrad,MT
8,Ruth,2,8,Ruth 2:8,18,גַ֛ם,GM,advb.NA.NA,,Leningrad,MT
8,Ruth,2,8,Ruth 2:8,19,לֹ֥א,L>,nega.NA.NA,,Leningrad,MT
8,Ruth,2,8,Ruth 2:8,20,תַעֲבוּרִ֖י,<BR[,verb.qal.impf,,Leningrad,MT
8,Ruth,2,8,Ruth 2:8,21,מִ,MN,prep.NA.NA,,Leningrad,MT
8,Ruth,2,8,Ruth 2:8,22,זֶּ֑ה,ZH,prde.NA.NA,,Leningrad,MT
8,Ruth,2,8,Ruth 2:8,23,וְ,W,conj.NA.NA,,Leningrad,MT
8,Ruth,2,8,Ruth 2:8,24,כֹ֥ה,KH,advb.NA.NA,,Leningrad,MT
8,Ruth,2,8,Ruth 2:8,25,תִדְבָּקִ֖ין,DBQ[,verb.qal.impf,,Leningrad,MT
8,Ruth,2,8,Ruth 2:8,26,עִם־,<M,prep.NA.NA,,Leningrad,MT
8,Ruth,2,8,Ruth 2:8,27,נַעֲרֹתָֽי׃,N<RH/,subs.NA.NA,,Leningrad,MT
8,Ruth,2,9,Ruth 2:9,1,עֵינַ֜יִךְ,<JN/,subs.NA.NA,,Leningrad,MT
8,Ruth,2,9,Ruth 2:9,2,בַּ,B,prep.NA.NA,,Leningrad,MT
8,Ruth,2,9,Ruth 2:9,3,,H,art.NA.NA,,Leningrad,MT
8,Ruth,2,9,Ruth 2:9,4,שָּׂדֶ֤ה,FDH/,subs.NA.NA,,Leningrad,MT
8,Ruth,2,9,Ruth 2:9,5,אֲשֶׁר־,>CR,conj.NA.NA,,Leningrad,MT
8,Ruth,2,9,Ruth 2:9,6,יִקְצֹרוּן֙,QYR=[,verb.qal.impf,,Leningrad,MT
8,Ruth,2,9,Ruth 2:9,7,וְ,W,conj.NA.NA,,Leningrad,MT
8,Ruth,2,9,Ruth 2:9,8,הָלַ֣כְתְּ,HLK[,verb.qal.perf,,Leningrad,MT
8,Ruth,2,9,Ruth 2:9,9,אַחֲרֵיהֶ֔ן,>XR/,subs.NA.NA,,Leningrad,MT
8,Ruth,2,9,Ruth 2:9,10,הֲ,H=,inrg.NA.NA,,Leningrad,MT
8,Ruth,2,9,Ruth 2:9,11,לֹ֥וא,L>,nega.NA.NA,,Leningrad,MT
8,Ruth,2,9,Ruth 2:9,12,צִוִּ֛יתִי,YWH[,verb.piel.perf,,Leningrad,MT
8,Ruth,2,9,Ruth 2:9,13,אֶת־,>T,prep.NA.NA,,Leningrad,MT
8,Ruth,2,9,Ruth 2:9,14,הַ,H,art.NA.NA,,Leningrad,MT
8,Ruth,2,9,Ruth 2:9,15,נְּעָרִ֖ים,N<R/,subs.NA.NA,,Leningrad,MT
8,Ruth,2,9,Ruth 2:9,16,לְ,L,prep.NA.NA,,Leningrad,MT
8,Ruth,2,9,Ruth 2:9,17,בִלְתִּ֣י,BLT/,subs.NA.NA,,Leningrad,MT
8,Ruth,2,9,Ruth 2:9,18,נָגְעֵ֑ךְ,NG<[,verb.qal.infc,,Leningrad,MT
8,Ruth,2,9,Ruth 2:9,19,וְ,W,conj.NA.NA,,Leningrad,MT
8,Ruth,2,9,Ruth 2:9,20,צָמִ֗ת,YM>[,verb.qal.perf,,Leningrad,MT
8,Ruth,2,9,Ruth 2:9,21,וְ,W,conj.NA.NA,,Leningrad,MT
8,Ruth,2,9,Ruth 2:9,22,הָלַכְתְּ֙,HLK[,verb.qal.perf,,Leningrad,MT
8,Ruth,2,9,Ruth 2:9,23,אֶל־,>L,prep.NA.NA,,Leningrad,MT
8,Ruth,2,9,Ruth 2:9,24,הַ,H,art.NA.NA,,Leningrad,MT
8,Ruth,2,9,Ruth 2:9,25,כֵּלִ֔ים,KLJ/,subs.NA.NA,,Leningrad,MT
8,Ruth,2,9,Ruth 2:9,26,וְ,W,conj.NA.NA,,Leningrad,MT
8,Ruth,2,9,Ruth 2:9,27,שָׁתִ֕ית,CTH[,verb.qal.perf,,Leningrad,MT
8,Ruth,2,9,Ruth 2:9,28,מֵ,MN,prep.NA.NA,,Leningrad,MT
8,Ruth,2,9,Ruth 2:9,29,אֲשֶׁ֥ר,>CR,conj.NA.NA,,Leningrad,MT
8,Ruth,2,9,Ruth 2:9,30,יִשְׁאֲב֖וּן,C>B[,verb.qal.impf,,Leningrad,MT
8,Ruth,2,9,Ruth 2:9,31,הַ,H,art.NA.NA,,Leningrad,MT
8,Ruth,2,9,Ruth 2:9,32,נְּעָרִֽים׃,N<R/,subs.NA.NA,,Leningrad,MT
8,Ruth,2,10,Ruth 2:10,1,וַ,W,conj.NA.NA,,Leningrad,MT
8,Ruth,2,10,Ruth 2:10,2,תִּפֹּל֙,NPL[,verb.qal.wayq,,Leningrad,MT
8,Ruth,2,10,Ruth 2:10,3,עַל־,<L,prep.NA.NA,,Leningrad,MT
8,Ruth,2,10,Ruth 2:10,4,פָּנֶ֔יהָ,PNH/,subs.NA.NA,,Leningrad,MT
8,Ruth,2,10,Ruth 2:10,5,וַ,W,conj.NA.NA,,Leningrad,MT
8,Ruth,2,10,Ruth 2:10,6,תִּשְׁתַּ֖חוּ,XWH[,verb.hsht.wayq,,Leningrad,MT
8,Ruth,2,10,Ruth 2:10,7,אָ֑רְצָה,>RY/,subs.NA.NA,,Leningrad,MT
8,Ruth,2,10,Ruth 2:10,8,וַ,W,conj.NA.NA,,Leningrad,MT
8,Ruth,2,10,Ruth 2:10,9,תֹּ֣אמֶר,>MR[,verb.qal.wayq,,Leningrad,MT
8,Ruth,2,10,Ruth 2:10,10,אֵלָ֗יו,>L,prep.NA.NA,,Leningrad,MT
8,Ruth,2,10,Ruth 2:10,11,מַדּוּעַ֩,MDW<,inrg.NA.NA,,Leningrad,MT
8,Ruth,2,10,Ruth 2:10,12,מָצָ֨אתִי,MY>[,verb.qal.perf,,Leningrad,MT
8,Ruth,2,10,Ruth 2:10,13,חֵ֤ן,XN/,subs.NA.NA,,Leningrad,MT
8,Ruth,2,10,Ruth 2:10,14,בְּ,B,prep.NA.NA,,Leningrad,MT
8,Ruth,2,10,Ruth 2:10,15,עֵינֶ֨יךָ֙,<JN/,subs.NA.NA,,Leningrad,MT
8,Ruth,2,10,Ruth 2:10,16,לְ,L,prep.NA.NA,,Leningrad,MT
8,Ruth,2,10,Ruth 2:10,17,הַכִּירֵ֔נִי,NKR[,verb.hif.infc,,Leningrad,MT
8,Ruth,2,10,Ruth 2:10,18,וְ,W,conj.NA.NA,,Leningrad,MT
8,Ruth,2,10,Ruth 2:10,19,אָנֹכִ֖י,>NKJ,prps.NA.NA,,Leningrad,MT
8,Ruth,2,10,Ruth 2:10,20,נָכְרִיָּֽה׃,NKRJ/,adjv.NA.NA,,Leningrad,MT
8,Ruth,2,11,Ruth 2:11,1,וַ,W,conj.NA.NA,,Leningrad,MT
8,Ruth,2,11,Ruth 2:11,2,יַּ֤עַן,<NH[,verb.qal.wayq,,Leningrad,MT
8,Ruth,2,11,Ruth 2:11,3,בֹּ֨עַז֙,B<Z/,nmpr.NA.NA,,Leningrad,MT
8,Ruth,2,11,Ruth 2:11,4,וַ,W,conj.NA.NA,,Leningrad,MT
8,Ruth,2,11,Ruth 2:11,5,יֹּ֣אמֶר,>MR[,verb.qal.wayq,,Leningrad,MT
8,Ruth,2,11,Ruth 2:11,6,לָ֔הּ,L,prep.NA.NA,,Leningrad,MT
8,Ruth,2,11,Ruth 2:11,7,הֻגֵּ֨ד,NGD[,verb.hof.infa,,Leningrad,MT
8,Ruth,2,11,Ruth 2:11,8,הֻגַּ֜ד,NGD[,verb.hof.perf,,Leningrad,MT
8,Ruth,2,11,Ruth 2:11,9,לִ֗י,L,prep.NA.NA,,Leningrad,MT
8,Ruth,2,11,Ruth 2:11,10,כֹּ֤ל,KL/,subs.NA.NA,,Leningrad,MT
8,Ruth,2,11,Ruth 2:11,11,אֲשֶׁר־,>CR,conj.NA.NA,,Leningrad,MT
8,Ruth,2,11,Ruth 2:11,12,עָשִׂית֙,<FH[,verb.qal.perf,,Leningrad,MT
8,Ruth,2,11,Ruth 2:11,13,אֶת־,>T==,prep.NA.NA,,Leningrad,MT
8,Ruth,2,11,Ruth 2:11,14,חֲמֹותֵ֔ךְ,XMWT/,subs.NA.NA,,Leningrad,MT
8,Ruth,2,11,Ruth 2:11,15,אַחֲרֵ֖י,>XR/,subs.NA.NA,,Leningrad,MT
8,Ruth,2,11,Ruth 2:11,16,מֹ֣ות,MWT/,subs.NA.NA,,Leningrad,MT
8,Ruth,2,11,Ruth 2:11,17,אִישֵׁ֑ךְ,>JC/,subs.NA.NA,,Leningrad,MT
8,Ruth,2,11,Ruth 2:11,18,וַ,W,conj.NA.NA,,Leningrad,MT
8,Ruth,2,11,Ruth 2:11,19,תַּֽעַזְבִ֞י,<ZB[,verb.qal.wayq,,Leningrad,MT
8,Ruth,2,11,Ruth 2:11,20,אָבִ֣יךְ,>B/,subs.NA.NA,,Leningrad,MT
8,Ruth,2,11,Ruth 2:11,21,וְ,W,conj.NA.NA,,Leningrad,MT
8,Ruth,2,11,Ruth 2:11,22,אִמֵּ֗ךְ,>M/,subs.NA.NA,,Leningrad,MT
8,Ruth,2,11,Ruth 2:11,23,וְ,W,conj.NA.NA,,Leningrad,MT
8,Ruth,2,11,Ruth 2:11,24,אֶ֨רֶץ֙,>RY/,subs.NA.NA,,Leningrad,MT
8,Ruth,2,11,Ruth 2:11,25,מֹֽולַדְתֵּ֔ךְ,MWLDT/,subs.NA.NA,,Leningrad,MT
8,Ruth,2,11,Ruth 2:11,26,וַ,W,conj.NA.NA,,Leningrad,MT
8,Ruth,2,11,Ruth 2:11,27,תֵּ֣לְכִ֔י,HLK[,verb.qal.wayq,,Leningrad,MT
8,Ruth,2,11,Ruth 2:11,28,אֶל־,>L,prep.NA.NA,,Leningrad,MT
8,Ruth,2,11,Ruth 2:11,29,עַ֕ם,<M/,subs.NA.NA,,Leningrad,MT
8,Ruth,2,11,Ruth 2:11,30,אֲשֶׁ֥ר,>CR,conj.NA.NA,,Leningrad,MT
8,Ruth,2,11,Ruth 2:11,31,לֹא־,L>,nega.NA.NA,,Leningrad,MT
8,Ruth,2,11,Ruth 2:11,32,יָדַ֖עַתְּ,JD<[,verb.qal.perf,,Leningrad,MT
8,Ruth,2,11,Ruth 2:11,33,תְּמֹ֥ול,TMWL/,subs.NA.NA,,Leningrad,MT
8,Ruth,2,11,Ruth 2:11,34,שִׁלְשֹֽׁום׃,CLCWM/,subs.NA.NA,,Leningrad,MT
8,Ruth,2,12,Ruth 2:12,1,יְשַׁלֵּ֥ם,CLM[,verb.piel.impf,,Leningrad,MT
8,Ruth,2,12,Ruth 2:12,2,יְהוָ֖ה,JHWH/,nmpr.NA.NA,,Leningrad,MT
8,Ruth,2,12,Ruth 2:12,3,פָּעֳלֵ֑ךְ,P<L/,subs.NA.NA,,Leningrad,MT
8,Ruth,2,12,Ruth 2:12,4,וּ,W,conj.NA.NA,,Leningrad,MT
8,Ruth,2,12,Ruth 2:12,5,תְהִ֨י,HJH[,verb.qal.impf,,Leningrad,MT
8,Ruth,2,12,Ruth 2:12,6,מַשְׂכֻּרְתֵּ֜ךְ,MFKRT/,subs.NA.NA,,Leningrad,MT
8,Ruth,2,12,Ruth 2:12,7,שְׁלֵמָ֗ה,CLM=/,adjv.NA.NA,,Leningrad,MT
8,Ruth,2,12,Ruth 2:12,8,מֵ,MN,prep.NA.NA,,Leningrad,MT
8,Ruth,2,12,Ruth 2:12,9,עִ֤ם,<M,prep.NA.NA,,Leningrad,MT
8,Ruth,2,12,Ruth 2:12,10,יְהוָה֙,JHWH/,nmpr.NA.NA,,Leningrad,MT
8,Ruth,2,12,Ruth 2:12,11,אֱלֹהֵ֣י,>LHJM/,subs.NA.NA,,Leningrad,MT
8,Ruth,2,12,Ruth 2:12,12,יִשְׂרָאֵ֔ל,JFR>L/,nmpr.NA.NA,,Leningrad,MT
8,Ruth,2,12,Ruth 2:12,13,אֲשֶׁר־,>CR,conj.NA.NA,,Leningrad,MT
8,Ruth,2,12,Ruth 2:12,14,בָּ֖את,BW>[,verb.qal.perf,,Leningrad,MT
8,Ruth,2,12,Ruth 2:12,15,לַ,L,prep.NA.NA,,Leningrad,MT
8,Ruth,2,12,Ruth 2:12,16,חֲסֹ֥ות,XSH[,verb.qal.infc,,Leningrad,MT
8,Ruth,2,12,Ruth 2:12,17,תַּֽחַת־,TXT/,subs.NA.NA,,Leningrad,MT
8,Ruth,2,12,Ruth 2:12,18,כְּנָפָֽיו׃,KNP/,subs.NA.NA,,Leningrad,MT
8,Ruth,2,13,Ruth 2:13,1,וַ֠,W,conj.NA.NA,,Leningrad,MT
8,Ruth,2,13,Ruth 2:13,2,תֹּאמֶר,>MR[,verb.qal.wayq,,Leningrad,MT
8,Ruth,2,13,Ruth 2:13,3,אֶמְצָא־,MY>[,verb.qal.impf,,Leningrad,MT
8,Ruth,2,13,Ruth 2:13,4,חֵ֨ן,XN/,subs.NA.NA,,Leningrad,MT
8,Ruth,2,13,Ruth 2:13,5,בְּ,B,prep.NA.NA,,Leningrad,MT
8,Ruth,2,13,Ruth 2:13,6,עֵינֶ֤יךָ,<JN/,subs.NA.NA,,Leningrad,MT
8,Ruth,2,13,Ruth 2:13,7,אֲדֹנִי֙,>DWN/,subs.NA.NA,,Leningrad,MT
8,Ruth,2,13,Ruth 2:13,8,כִּ֣י,KJ,conj.NA.NA,,Leningrad,MT
8,Ruth,2,13,Ruth 2:13,9,נִֽחַמְתָּ֔נִי,NXM[,verb.piel.perf,,Leningrad,MT
8,Ruth,2,13,Ruth 2:13,10,וְ,W,conj.NA.NA,,Leningrad,MT
8,Ruth,2,13,Ruth 2:13,11,כִ֥י,KJ,conj.NA.NA,,Leningrad,MT
8,Ruth,2,13,Ruth 2:13,12,דִבַּ֖רְתָּ,DBR[,verb.piel.perf,,Leningrad,MT
8,Ruth,2,13,Ruth 2:13,13,עַל־,<L,prep.NA.NA,,Leningrad,MT
8,Ruth,2,13,Ruth 2:13,14,לֵ֣ב,LB/,subs.NA.NA,,Leningrad,MT
8,Ruth,2,13,Ruth 2:13,15,שִׁפְחָתֶ֑ךָ,CPXH/,subs.NA.NA,,Leningrad,MT
8,Ruth,2,13,Ruth 2:13,16,וְ,W,conj.NA.NA,,Leningrad,MT
8,Ruth,2,13,Ruth 2:13,17,אָנֹכִי֙,>NKJ,prps.NA.NA,,Leningrad,MT
8,Ruth,2,13,Ruth 2:13,18,לֹ֣א,L>,nega.NA.NA,,Leningrad,MT
8,Ruth,2,13,Ruth 2:13,19,אֶֽהְיֶ֔ה,HJH[,verb.qal.impf,,Leningrad,MT
8,Ruth,2,13,Ruth 2:13,20,כְּ,K,prep.NA.NA,,Leningrad,MT
8,Ruth,2,13,Ruth 2:13,21,אַחַ֖ת,>XD/,subs.NA.NA,,Leningrad,MT
8,Ruth,2,13,Ruth 2:13,22,שִׁפְחֹתֶֽיךָ׃,CPXH/,subs.NA.NA,,Leningrad,MT
8,Ruth,2,14,Ruth 2:14,1,וַ,W,conj.NA.NA,,Leningrad,MT
8,Ruth,2,14,Ruth 2:14,2,יֹּאמֶר֩,>MR[,verb.qal.wayq,,Leningrad,MT
8,Ruth,2,14,Ruth 2:14,3,לָ֨ה,L,prep.NA.NA,,Leningrad,MT
8,Ruth,2,14,Ruth 2:14,4,בֹ֜עַז,B<Z/,nmpr.NA.NA,,Leningrad,MT
8,Ruth,2,14,Ruth 2:14,5,לְ,L,prep.NA.NA,,Leningrad,MT
8,Ruth,2,14,Ruth 2:14,6,עֵ֣ת,<T/,subs.NA.NA,,Leningrad,MT
8,Ruth,2,14,Ruth 2:14,7,הָ,H,art.NA.NA,,Leningrad,MT
8,Ruth,2,14,Ruth 2:14,8,אֹ֗כֶל,>KL/,subs.NA.NA,,Leningrad,MT
8,Ruth,2,14,Ruth 2:14,9,גֹּ֤שִֽׁי,NGC[,verb.qal.impv,,Leningrad,MT
8,Ruth,2,14,Ruth 2:14,10,הֲלֹם֙,HLM,advb.NA.NA,,Leningrad,MT
8,Ruth,2,14,Ruth 2:14,11,וְ,W,conj.NA.NA,,Leningrad,MT
8,Ruth,2,14,Ruth 2:14,12,אָכַ֣לְתְּ,>KL[,verb.qal.perf,,Leningrad,MT
8,Ruth,2,14,Ruth 2:14,13,מִן־,MN,prep.NA.NA,,Leningrad,MT
8,Ruth,2,14,Ruth 2:14,14,הַ,H,art.NA.NA,,Leningrad,MT
8,Ruth,2,14,Ruth 2:14,15,לֶּ֔חֶם,LXM/,subs.NA.NA,,Leningrad,MT
8,Ruth,2,14,Ruth 2:14,16,וְ,W,conj.NA.NA,,Leningrad,MT
8,Ruth,2,14,Ruth 2:14,17,טָבַ֥לְתְּ,VBL[,verb.qal.perf,,Leningrad,MT
8,Ruth,2,14,Ruth 2:14,18,פִּתֵּ֖ךְ,PT/,subs.NA.NA,,Leningrad,MT
8,Ruth,2,14,Ruth 2:14,19,בַּ,B,prep.NA.NA,,Leningrad,MT
8,Ruth,2,14,Ruth 2:14,20,,H,art.NA.NA,,Leningrad,MT
8,Ruth,2,14,Ruth 2:14,21,חֹ֑מֶץ,XMY=/,subs.NA.NA,,Leningrad,MT
8,Ruth,2,14,Ruth 2:14,22,וַ,W,conj.NA.NA,,Leningrad,MT
8,Ruth,2,14,Ruth 2:14,23,תֵּ֨שֶׁב֙,JCB[,verb.qal.wayq,,Leningrad,MT
8,Ruth,2,14,Ruth 2:14,24,מִ,MN,prep.NA.NA,,Leningrad,MT
8,Ruth,2,14,Ruth 2:14,25,צַּ֣ד,YD/,subs.NA.NA,,Leningrad,MT
8,Ruth,2,14,Ruth 2:14,26,הַ,H,art.NA.NA,,Leningrad,MT
8,Ruth,2,14,Ruth 2:14,27,קֹּֽוצְרִ֔ים,QYR=[,verb.qal.ptca,,Leningrad,MT
8,Ruth,2,14,Ruth 2:14,28,וַ,W,conj.NA.NA,,Leningrad,MT
8,Ruth,2,14,Ruth 2:14,29,יִּצְבָּט־,YBV[,verb.qal.wayq,,Leningrad,MT
8,Ruth,2,14,Ruth 2:14,30,לָ֣הּ,L,prep.NA.NA,,Leningrad,MT
8,Ruth,2,14,Ruth 2:14,31,קָלִ֔י,QLJ/,subs.NA.NA,,Leningrad,MT
8,Ruth,2,14,Ruth 2:14,32,וַ,W,conj.NA.NA,,Leningrad,MT
8,Ruth,2,14,Ruth 2:14,33,תֹּ֥אכַל,>KL[,verb.qal.wayq,,Leningrad,MT
8,Ruth,2,14,Ruth 2:14,34,וַ,W,conj.NA.NA,,Leningrad,MT
8,Ruth,2,14,Ruth 2:14,35,תִּשְׂבַּ֖ע,FB<[,verb.qal.wayq,,Leningrad,MT
8,Ruth,2,14,Ruth 2:14,36,וַ,W,conj.NA.NA,,Leningrad,MT
8,Ruth,2,14,Ruth 2:14,37,תֹּתַֽר׃,JTR[,verb.hif.wayq,,Leningrad,MT
8,Ruth,2,15,Ruth 2:15,1,וַ,W,conj.NA.NA,,Leningrad,MT
8,Ruth,2,15,Ruth 2:15,2,תָּ֖קָם,QWM[,verb.qal.wayq,,Leningrad,MT
8,Ruth,2,15,Ruth 2:15,3,לְ,L,prep.NA.NA,,Leningrad,MT
8,Ruth,2,15,Ruth 2:15,4,לַקֵּ֑ט,LQV[,verb.piel.infc,,Leningrad,MT
8,Ruth,2,15,Ruth 2:15,5,וַ,W,conj.NA.NA,,Leningrad,MT
8,Ruth,2,15,Ruth 2:15,6,יְצַו֩,YWH[,verb.piel.wayq,,Leningrad,MT
8,Ruth,2,15,Ruth 2:15,7,בֹּ֨עַז,B<Z/,nmpr.NA.NA,,Leningrad,MT
8,Ruth,2,15,Ruth 2:15,8,אֶת־,>T,prep.NA.NA,,Leningrad,MT
8,Ruth,2,15,Ruth 2:15,9,נְעָרָ֜יו,N<R/,subs.NA.NA,,Leningrad,MT
8,Ruth,2,15,Ruth 2:15,10,לֵ,L,prep.NA.NA,,Leningrad,MT
8,Ruth,2,15,Ruth 2:15,11,אמֹ֗ר,>MR[,verb.qal.infc,,Leningrad,MT
8,Ruth,2,15,Ruth 2:15,12,גַּ֣ם,GM,advb.NA.NA,,Leningrad,MT
8,Ruth,2,15,Ruth 2:15,13,בֵּ֧ין,BJN/,subs.NA.NA,,Leningrad,MT
8,Ruth,2,15,Ruth 2:15,14,הָֽ,H,art.NA.NA,,Leningrad,MT
8,Ruth,2,15,Ruth 2:15,15,עֳמָרִ֛ים,<MR=/,subs.NA.NA,,Leningrad,MT
8,Ruth,2,15,Ruth 2:15,16,תְּלַקֵּ֖ט,LQV[,verb.piel.impf,,Leningrad,MT
8,Ruth,2,15,Ruth 2:15,17,וְ,W,conj.NA.NA,,Leningrad,MT
8,Ruth,2,15,Ruth 2:15,18,לֹ֥א,L>,nega.NA.NA,,Leningrad,MT
8,Ruth,2,15,Ruth 2:15,19,תַכְלִימֽוּהָ׃,KLM[,verb.hif.impf,,Leningrad,MT
8,Ruth,2,16,Ruth 2:16,1,וְ,W,conj.NA.NA,,Leningrad,MT
8,Ruth,2,16,Ruth 2:16,2,גַ֛ם,GM,advb.NA.NA,,Leningrad,MT
8,Ruth,2,16,Ruth 2:16,3,שֹׁל־,CLL=[,verb.qal.infc,,Leningrad,MT
8,Ruth,2,16,Ruth 2:16,4,תָּשֹׁ֥לּוּ,CLL=[,verb.qal.impf,,Leningrad,MT
8,Ruth,2,16,Ruth 2:16,5,לָ֖הּ,L,prep.NA.NA,,Leningrad,MT
8,Ruth,2,16,Ruth 2:16,6,מִן־,MN,prep.NA.NA,,Leningrad,MT
8,Ruth,2,16,Ruth 2:16,7,הַ,H,art.NA.NA,,Leningrad,MT
8,Ruth,2,16,Ruth 2:16,8,צְּבָתִ֑ים,YBT/,subs.NA.NA,,Leningrad,MT
8,Ruth,2,16,Ruth 2:16,9,וַ,W,conj.NA.NA,,Leningrad,MT
8,Ruth,2,16,Ruth 2:16,10,עֲזַבְתֶּ֥ם,<ZB[,verb.qal.perf,,Leningrad,MT
8,Ruth,2,16,Ruth 2:16,11,וְ,W,conj.NA.NA,,Leningrad,MT
8,Ruth,2,16,Ruth 2:16,12,לִקְּטָ֖ה,LQV[,verb.piel.perf,,Leningrad,MT
8,Ruth,2,16,Ruth 2:16,13,וְ,W,conj.NA.NA,,Leningrad,MT
8,Ruth,2,16,Ruth 2:16,14,לֹ֥א,L>,nega.NA.NA,,Leningrad,MT
8,Ruth,2,16,Ruth 2:16,15,תִגְעֲרוּ־,G<R[,verb.qal.impf,,Leningrad,MT
8,Ruth,2,16,Ruth 2:16,16,בָֽהּ׃,B,prep.NA.NA,,Leningrad,MT
8,Ruth,2,17,Ruth 2:17,1,וַ,W,conj.NA.NA,,Leningrad,MT
8,Ruth,2,17,Ruth 2:17,2,תְּלַקֵּ֥ט,LQV[,verb.piel.wayq,,Leningrad,MT
8,Ruth,2,17,Ruth 2:17,3,בַּ,B,prep.NA.NA,,Leningrad,MT
8,Ruth,2,17,Ruth 2:17,4,,H,art.NA.NA,,Leningrad,MT
8,Ruth,2,17,Ruth 2:17,5,שָּׂדֶ֖ה,FDH/,subs.NA.NA,,Leningrad,MT
8,Ruth,2,17,Ruth 2:17,6,עַד־,<D,prep.NA.NA,,Leningrad,MT
8,Ruth,2,17,Ruth 2:17,7,הָ,H,art.NA.NA,,Leningrad,MT
8,Ruth,2,17,Ruth 2:17,8,עָ֑רֶב,<RB/,subs.NA.NA,,Leningrad,MT
8,Ruth,2,17,Ruth 2:17,9,וַ,W,conj.NA.NA,,Leningrad,MT
8,Ruth,2,17,Ruth 2:17,10,תַּחְבֹּט֙,XBV[,verb.qal.wayq,,Leningrad,MT
8,Ruth,2,17,Ruth 2:17,11,אֵ֣ת,>T,prep.NA.NA,,Leningrad,MT
8,Ruth,2,17,Ruth 2:17,12,אֲשֶׁר־,>CR,conj.NA.NA,,Leningrad,MT
8,Ruth,2,17,Ruth 2:17,13,לִקֵּ֔טָה,LQV[,verb.piel.perf,,Leningrad,MT
8,Ruth,2,17,Ruth 2:17,14,וַ,W,conj.NA.NA,,Leningrad,MT
8,Ruth,2,17,Ruth 2:17,15,יְהִ֖י,HJH[,verb.qal.wayq,,Leningrad,MT
8,Ruth,2,17,Ruth 2:17,16,כְּ,K,prep.NA.NA,,Leningrad,MT
8,Ruth,2,17,Ruth 2:17,17,אֵיפָ֥ה,>JPH/,subs.NA.NA,,Leningrad,MT
8,Ruth,2,17,Ruth 2:17,18,שְׂעֹרִֽים׃,F<RH/,subs.NA.NA,,Leningrad,MT
8,Ruth,2,18,Ruth 2:18,1,וַ,W,conj.NA.NA,,Leningrad,MT
8,Ruth,2,18,Ruth 2:18,2,תִּשָּׂא֙,NF>[,verb.qal.wayq,,Leningrad,MT
8,Ruth,2,18,Ruth 2:18,3,וַ,W,conj.NA.NA,,Leningrad,MT
8,Ruth,2,18,Ruth 2:18,4,תָּבֹ֣וא,BW>[,verb.qal.wayq,,Leningrad,MT
8,Ruth,2,18,Ruth 2:18,5,הָ,H,art.NA.NA,,Leningrad,MT
8,Ruth,2,18,Ruth 2:18,6,עִ֔יר,<JR/,subs.NA.NA,,Leningrad,MT
8,Ruth,2,18,Ruth 2:18,7,וַ,W,conj.NA.NA,,Leningrad,MT
8,Ruth,2,18,Ruth 2:18,8,תֵּ֥רֶא,R>H[,verb.qal.wayq,,Leningrad,MT
8,Ruth,2,18,Ruth 2:18,9,חֲמֹותָ֖הּ,XMWT/,subs.NA.NA,,Leningrad,MT
8,Ruth,2,18,Ruth 2:18,10,אֵ֣ת,>T,prep.NA.NA,,Leningrad,MT
8,Ruth,2,18,Ruth 2:18,11,אֲשֶׁר־,>CR,conj.NA.NA,,Leningrad,MT
8,Ruth,2,18,Ruth 2:18,12,לִקֵּ֑טָה,LQV[,verb.piel.perf,,Leningrad,MT
8,Ruth,2,18,Ruth 2:18,13,וַ,W,conj.NA.NA,,Leningrad,MT
8,Ruth,2,18,Ruth 2:18,14,תֹּוצֵא֙,JY>[,verb.hif.wayq,,Leningrad,MT
8,Ruth,2,18,Ruth 2:18,15,וַ,W,conj.NA.NA,,Leningrad,MT
8,Ruth,2,18,Ruth 2:18,16,תִּתֶּן־,NTN[,verb.qal.wayq,,Leningrad,MT
8,Ruth,2,18,Ruth 2:18,17,לָ֔הּ,L,prep.NA.NA,,Leningrad,MT
8,Ruth,2,18,Ruth 2:18,18,אֵ֥ת,>T,prep.NA.NA,,Leningrad,MT
8,Ruth,2,18,Ruth 2:18,19,אֲשֶׁר־,>CR,conj.NA.NA,,Leningrad,MT
8,Ruth,2,18,Ruth 2:18,20,הֹותִ֖רָה,JTR[,verb.hif.perf,,Leningrad,MT
8,Ruth,2,18,Ruth 2:18,21,מִ,MN,prep.NA.NA,,Leningrad,MT
8,Ruth,2,18,Ruth 2:18,22,שָּׂבְעָֽהּ׃,FB</,subs.NA.NA,,Leningrad,MT
8,Ruth,2,19,Ruth 2:19,1,וַ,W,conj.NA.NA,,Leningrad,MT
8,Ruth,2,19,Ruth 2:19,2,תֹּאמֶר֩,>MR[,verb.qal.wayq,,Leningrad,MT
8,Ruth,2,19,Ruth 2:19,3,לָ֨הּ,L,prep.NA.NA,,Leningrad,MT
8,Ruth,2,19,Ruth 2:19,4,חֲמֹותָ֜הּ,XMWT/,subs.NA.NA,,Leningrad,MT
8,Ruth,2,19,Ruth 2:19,5,אֵיפֹ֨ה,>JPH,inrg.NA.NA,,Leningrad,MT
8,Ruth,2,19,Ruth 2:19,6,לִקַּ֤טְתְּ,LQV[,verb.piel.perf,,Leningrad,MT
8,Ruth,2,19,Ruth 2:19,7,הַ,H,art.NA.NA,,Leningrad,MT
8,Ruth,2,19,Ruth 2:19,8,יֹּום֙,JWM/,subs.NA.NA,,Leningrad,MT
8,Ruth,2,19,Ruth 2:19,9,וְ,W,conj.NA.NA,,Leningrad,MT
8,Ruth,2,19,Ruth 2:19,10,אָ֣נָה,>N,inrg.NA.NA,,Leningrad,MT
8,Ruth,2,19,Ruth 2:19,11,עָשִׂ֔ית,<FH[,verb.qal.perf,,Leningrad,MT
8,Ruth,2,19,Ruth 2:19,12,יְהִ֥י,HJH[,verb.qal.impf,,Leningrad,MT
8,Ruth,2,19,Ruth 2:19,13,מַכִּירֵ֖ךְ,NKR[,verb.hif.ptca,,Leningrad,MT
8,Ruth,2,19,Ruth 2:19,14,בָּר֑וּךְ,BRK[,verb.qal.ptcp,,Leningrad,MT
8,Ruth,2,19,Ruth 2:19,15,וַ,W,conj.NA.NA,,Leningrad,MT
8,Ruth,2,19,Ruth 2:19,16,תַּגֵּ֣ד,NGD[,verb.hif.wayq,,Leningrad,MT
8,Ruth,2,19,Ruth 2:19,17,לַ,L,prep.NA.NA,,Leningrad,MT
8,Ruth,2,19,Ruth 2:19,18,חֲמֹותָ֗הּ,XMWT/,subs.NA.NA,,Leningrad,MT
8,Ruth,2,19,Ruth 2:19,19,אֵ֤ת,>T,prep.NA.NA,,Leningrad,MT
8,Ruth,2,19,Ruth 2:19,20,אֲשֶׁר־,>CR,conj.NA.NA,,Leningrad,MT
8,Ruth,2,19,Ruth 2:19,21,עָשְׂתָה֙,<FH[,verb.qal.perf,,Leningrad,MT
8,Ruth,2,19,Ruth 2:19,22,עִמֹּ֔ו,<M,prep.NA.NA,,Leningrad,MT
8,Ruth,2,19,Ruth 2:19,23,וַ,W,conj.NA.NA,,Leningrad,MT
8,Ruth,2,19,Ruth 2:19,24,תֹּ֗אמֶר,>MR[,verb.qal.wayq,,Leningrad,MT
8,Ruth,2,19,Ruth 2:19,25,שֵׁ֤ם,CM/,subs.NA.NA,,Leningrad,MT
8,Ruth,2,19,Ruth 2:19,26,הָ,H,art.NA.NA,,Leningrad,MT
8,Ruth,2,19,Ruth 2:19,27,אִישׁ֙,>JC/,subs.NA.NA,,Leningrad,MT
8,Ruth,2,19,Ruth 2:19,28,אֲשֶׁ֨ר,>CR,conj.NA.NA,,Leningrad,MT
8,Ruth,2,19,Ruth 2:19,29,עָשִׂ֧יתִי,<FH[,verb.qal.perf,,Leningrad,MT
8,Ruth,2,19,Ruth 2:19,30,עִמֹּ֛ו,<M,prep.NA.NA,,Leningrad,MT
8,Ruth,2,19,Ruth 2:19,31,הַ,H,art.NA.NA,,Leningrad,MT
8,Ruth,2,19,Ruth 2:19,32,יֹּ֖ום,JWM/,subs.NA.NA,,Leningrad,MT
8,Ruth,2,19,Ruth 2:19,33,בֹּֽעַז׃,B<Z/,nmpr.NA.NA,,Leningrad,MT
8,Ruth,2,20,Ruth 2:20,1,וַ,W,conj.NA.NA,,Leningrad,MT
8,Ruth,2,20,Ruth 2:20,2,תֹּ֨אמֶר,>MR[,verb.qal.wayq,,Leningrad,MT
8,Ruth,2,20,Ruth 2:20,3,נָעֳמִ֜י,N<MJ=/,nmpr.NA.NA,,Leningrad,MT
8,Ruth,2,20,Ruth 2:20,4,לְ,L,prep.NA.NA,,Leningrad,MT
8,Ruth,2,20,Ruth 2:20,5,כַלָּתָ֗הּ,KLH/,subs.NA.NA,,Leningrad,MT
8,Ruth,2,20,Ruth 2:20,6,בָּר֥וּךְ,BRK[,verb.qal.ptcp,,Leningrad,MT
8,Ruth,2,20,Ruth 2:20,7,הוּא֙,HW>,prps.NA.NA,,Leningrad,MT
8,Ruth,2,20,Ruth 2:20,8,לַ,L,prep.NA.NA,,Leningrad,MT
8,Ruth,2,20,Ruth 2:20,9,יהוָ֔ה,JHWH/,nmpr.NA.NA,,Leningrad,MT
8,Ruth,2,20,Ruth 2:20,10,אֲשֶׁר֙,>CR,conj.NA.NA,,Leningrad,MT
8,Ruth,2,20,Ruth 2:20,11,לֹא־,L>,nega.NA.NA,,Leningrad,MT
8,Ruth,2,20,Ruth 2:20,12,עָזַ֣ב,<ZB[,verb.qal.perf,,Leningrad,MT
8,Ruth,2,20,Ruth 2:20,13,חַסְדֹּ֔ו,XSD/,subs.NA.NA,,Leningrad,MT
8,Ruth,2,20,Ruth 2:20,14,אֶת־,>T==,prep.NA.NA,,Leningrad,MT
8,Ruth,2,20,Ruth 2:20,15,הַ,H,art.NA.NA,,Leningrad,MT
8,Ruth,2,20,Ruth 2:20,16,חַיִּ֖ים,XJ/,adjv.NA.NA,,Leningrad,MT
8,Ruth,2,20,Ruth 2:20,17,וְ,W,conj.NA.NA,,Leningrad,MT
8,Ruth,2,20,Ruth 2:20,18,אֶת־,>T==,prep.NA.NA,,Leningrad,MT
8,Ruth,2,20,Ruth 2:20,19,הַ,H,art.NA.NA,,Leningrad,MT
8,Ruth,2,20,Ruth 2:20,20,מֵּתִ֑ים,MWT[,verb.qal.ptca,,Leningrad,MT
8,Ruth,2,20,Ruth 2:20,21,וַ,W,conj.NA.NA,,Leningrad,MT
8,Ruth,2,20,Ruth 2:20,22,תֹּ֧אמֶר,>MR[,verb.qal.wayq,,Leningrad,MT
8,Ruth,2,20,Ruth 2:20,23,לָ֣הּ,L,prep.NA.NA,,Leningrad,MT
8,Ruth,2,20,Ruth 2:20,24,נָעֳמִ֗י,N<MJ=/,nmpr.NA.NA,,Leningrad,MT
8,Ruth,2,20,Ruth 2:20,25,קָרֹ֥וב,QRWB/,adjv.NA.NA,,Leningrad,MT
8,Ruth,2,20,Ruth 2:20,26,לָ֨נוּ֙,L,prep.NA.NA,,Leningrad,MT
8,Ruth,2,20,Ruth 2:20,27,הָ,H,art.NA.NA,,Leningrad,MT
8,Ruth,2,20,Ruth 2:20,28,אִ֔ישׁ,>JC/,subs.NA.NA,,Leningrad,MT
8,Ruth,2,20,Ruth 2:20,29,מִֽ,MN,prep.NA.NA,,Leningrad,MT
8,Ruth,2,20,Ruth 2:20,30,גֹּאֲלֵ֖נוּ,G>L[,verb.qal.ptca,,Leningrad,MT
8,Ruth,2,20,Ruth 2:20,31,הֽוּא׃,HW>,prps.NA.NA,,Leningrad,MT
8,Ruth,2,21,Ruth 2:21,1,וַ,W,conj.NA.NA,,Leningrad,MT
8,Ruth,2,21,Ruth 2:21,2,תֹּ֖אמֶר,>MR[,verb.qal.wayq,,Leningrad,MT
8,Ruth,2,21,Ruth 2:21,3,ר֣וּת,RWT/,nmpr.NA.NA,,Leningrad,MT
8,Ruth,2,21,Ruth 2:21,4,הַ,H,art.NA.NA,,Leningrad,MT
8,Ruth,2,21,Ruth 2:21,5,מֹּואֲבִיָּ֑ה,MW>BJ/,adjv.NA.NA,,Leningrad,MT
8,Ruth,2,21,Ruth 2:21,6,גַּ֣ם׀,GM,advb.NA.NA,,Leningrad,MT
8,Ruth,2,21,Ruth 2:21,7,כִּי־,KJ,conj.NA.NA,,Leningrad,MT
8,Ruth,2,21,Ruth 2:21,8,אָמַ֣ר,>MR[,verb.qal.perf,,Leningrad,MT
8,Ruth,2,21,Ruth 2:21,9,אֵלַ֗י,>L,prep.NA.NA,,Leningrad,MT
8,Ruth,2,21,Ruth 2:21,10,עִם־,<M,prep.NA.NA,,Leningrad,MT
8,Ruth,2,21,Ruth 2:21,11,הַ,H,art.NA.NA,,Leningrad,MT
8,Ruth,2,21,Ruth 2:21,12,נְּעָרִ֤ים,N<R/,subs.NA.NA,,Leningrad,MT
8,Ruth,2,21,Ruth 2:21,13,אֲשֶׁר־,>CR,conj.NA.NA,,Leningrad,MT
8,Ruth,2,21,Ruth 2:21,14,לִי֙,L,prep.NA.NA,,Leningrad,MT
8,Ruth,2,21,Ruth 2:21,15,תִּדְבָּקִ֔ין,DBQ[,verb.qal.impf,,Leningrad,MT
8,Ruth,2,21,Ruth 2:21,16,עַ֣ד,<D,prep.NA.NA,,Leningrad,MT
8,Ruth,2,21,Ruth 2:21,17,אִם־,>M,conj.NA.NA,,Leningrad,MT
8,Ruth,2,21,Ruth 2:21,18,כִּלּ֔וּ,KLH[,verb.piel.perf,,Leningrad,MT
8,Ruth,2,21,Ruth 2:21,19,אֵ֥ת,>T,prep.NA.NA,,Leningrad,MT
8,Ruth,2,21,Ruth 2:21,20,כָּל־,KL/,subs.NA.NA,,Leningrad,MT
8,Ruth,2,21,Ruth 2:21,21,הַ,H,art.NA.NA,,Leningrad,MT
8,Ruth,2,21,Ruth 2:21,22,קָּצִ֖יר,QYJR/,subs.NA.NA,,Leningrad,MT
8,Ruth,2,21,Ruth 2:21,23,אֲשֶׁר־,>CR,conj.NA.NA,,Leningrad,MT
8,Ruth,2,21,Ruth 2:21,24,לִֽי׃,L,prep.NA.NA,,Leningrad,MT
8,Ruth,2,22,Ruth 2:22,1,וַ,W,conj.NA.NA,,Leningrad,MT
8,Ruth,2,22,Ruth 2:22,2,תֹּ֥אמֶר,>MR[,verb.qal.wayq,,Leningrad,MT
8,Ruth,2,22,Ruth 2:22,3,נָעֳמִ֖י,N<MJ=/,nmpr.NA.NA,,Leningrad,MT
8,Ruth,2,22,Ruth 2:22,4,אֶל־,>L,prep.NA.NA,,Leningrad,MT
8,Ruth,2,22,Ruth 2:22,5,ר֣וּת,RWT/,nmpr.NA.NA,,Leningrad,MT
8,Ruth,2,22,Ruth 2:22,6,כַּלָּתָ֑הּ,KLH/,subs.NA.NA,,Leningrad,MT
8,Ruth,2,22,Ruth 2:22,7,טֹ֣וב,VWB/,adjv.NA.NA,,Leningrad,MT
8,Ruth,2,22,Ruth 2:22,8,בִּתִּ֗י,BT/,subs.NA.NA,,Leningrad,MT
8,Ruth,2,22,Ruth 2:22,9,כִּ֤י,KJ,conj.NA.NA,,Leningrad,MT
8,Ruth,2,22,Ruth 2:22,10,תֵֽצְאִי֙,JY>[,verb.qal.impf,,Leningrad,MT
8,Ruth,2,22,Ruth 2:22,11,עִם־,<M,prep.NA.NA,,Leningrad,MT
8,Ruth,2,22,Ruth 2:22,12,נַ֣עֲרֹותָ֔יו,N<RH/,subs.NA.NA,,Leningrad,MT
8,Ruth,2,22,Ruth 2:22,13,וְ,W,conj.NA.NA,,Leningrad,MT
8,Ruth,2,22,Ruth 2:22,14,לֹ֥א,L>,nega.NA.NA,,Leningrad,MT
8,Ruth,2,22,Ruth 2:22,15,יִפְגְּעוּ־,PG<[,verb.qal.impf,,Leningrad,MT
8,Ruth,2,22,Ruth 2:22,16,בָ֖ךְ,B,prep.NA.NA,,Leningrad,MT
8,Ruth,2,22,Ruth 2:22,17,בְּ,B,prep.NA.NA,,Leningrad,MT
8,Ruth,2,22,Ruth 2:22,18,שָׂדֶ֥ה,FDH/,subs.NA.NA,,Leningrad,MT
8,Ruth,2,22,Ruth 2:22,19,אַחֵֽר׃,>XR=/,adjv.NA.NA,,Leningrad,MT
8,Ruth,2,23,Ruth 2:23,1,וַ,W,conj.NA.NA,,Leningrad,MT
8,Ruth,2,23,Ruth 2:23,2,תִּדְבַּ֞ק,DBQ[,verb.qal.wayq,,Leningrad,MT
8,Ruth,2,23,Ruth 2:23,3,בְּ,B,prep.NA.NA,,Leningrad,MT
8,Ruth,2,23,Ruth 2:23,4,נַעֲרֹ֥ות,N<RH/,subs.NA.NA,,Leningrad,MT
8,Ruth,2,23,Ruth 2:23,5,בֹּ֨עַז֙,B<Z/,nmpr.NA.NA,,Leningrad,MT
8,Ruth,2,23,Ruth 2:23,6,לְ,L,prep.NA.NA,,Leningrad,MT
8,Ruth,2,23,Ruth 2:23,7,לַקֵּ֔ט,LQV[,verb.piel.infc,,Leningrad,MT
8,Ruth,2,23,Ruth 2:23,8,עַד־,<D,prep.NA.NA,,Leningrad,MT
8,Ruth,2,23,Ruth 2:23,9,כְּלֹ֥ות,KLH[,verb.qal.infc,,Leningrad,MT
8,Ruth,2,23,Ruth 2:23,10,קְצִֽיר־,QYJR/,subs.NA.NA,,Leningrad,MT
8,Ruth,2,23,Ruth 2:23,11,הַ,H,art.NA.NA,,Leningrad,MT
8,Ruth,2,23,Ruth 2:23,12,שְּׂעֹרִ֖ים,F<RH/,subs.NA.NA,,Leningrad,MT
8,Ruth,2,23,Ruth 2:23,13,וּ,W,conj.NA.NA,,Leningrad,MT
8,Ruth,2,23,Ruth 2:23,14,קְצִ֣יר,QYJR/,subs.NA.NA,,Leningrad,MT
8,Ruth,2,23,Ruth 2:23,15,הַֽ,H,art.NA.NA,,Leningrad,MT
8,Ruth,2,23,Ruth 2:23,16,חִטִּ֑ים,XVH/,subs.NA.NA,,Leningrad,MT
8,Ruth,2,23,Ruth 2:23,17,וַ,W,conj.NA.NA,,Leningrad,MT
8,Ruth,2,23,Ruth 2:23,18,תֵּ֖שֶׁב,JCB[,verb.qal.wayq,,Leningrad,MT
8,Ruth,2,23,Ruth 2:23,19,אֶת־,>T==,prep.NA.NA,,Leningrad,MT
8,Ruth,2,23,Ruth 2:23,20,חֲמֹותָֽהּ׃,XMWT/,subs.NA.NA,,Leningrad,MT
8,Ruth,3,1,Ruth 3:1,1,וַ,W,conj.NA.NA,,Leningrad,MT
8,Ruth,3,1,Ruth 3:1,2,תֹּ֥אמֶר,>MR[,verb.qal.wayq,,Leningrad,MT
8,Ruth,3,1,Ruth 3:1,3,לָ֖הּ,L,prep.NA.NA,,Leningrad,MT
8,Ruth,3,1,Ruth 3:1,4,נָעֳמִ֣י,N<MJ=/,nmpr.NA.NA,,Leningrad,MT
8,Ruth,3,1,Ruth 3:1,5,חֲמֹותָ֑הּ,XMWT/,subs.NA.NA,,Leningrad,MT
8,Ruth,3,1,Ruth 3:1,6,בִּתִּ֞י,BT/,subs.NA.NA,,Leningrad,MT
8,Ruth,3,1,Ruth 3:1,7,הֲ,H=,inrg.NA.NA,,Leningrad,MT
8,Ruth,3,1,Ruth 3:1,8,לֹ֧א,L>,nega.NA.NA,,Leningrad,MT
8,Ruth,3,1,Ruth 3:1,9,אֲבַקֶּשׁ־,BQC[,verb.piel.impf,,Leningrad,MT
8,Ruth,3,1,Ruth 3:1,10,לָ֛ךְ,L,prep.NA.NA,,Leningrad,MT
8,Ruth,3,1,Ruth 3:1,11,מָנֹ֖וחַ,MNWX/,subs.NA.NA,,Leningrad,MT
8,Ruth,3,1,Ruth 3:1,12,אֲשֶׁ֥ר,>CR,conj.NA.NA,,Leningrad,MT
8,Ruth,3,1,Ruth 3:1,13,יִֽיטַב־,JVB[,verb.qal.impf,,Leningrad,MT
8,Ruth,3,1,Ruth 3:1,14,לָֽךְ׃,L,prep.NA.NA,,Leningrad,MT
8,Ruth,3,2,Ruth 3:2,1,וְ,W,conj.NA.NA,,Leningrad,MT
8,Ruth,3,2,Ruth 3:2,2,עַתָּ֗ה,<TH,advb.NA.NA,,Leningrad,MT
8,Ruth,3,2,Ruth 3:2,3,הֲ,H=,inrg.NA.NA,,Leningrad,MT
8,Ruth,3,2,Ruth 3:2,4,לֹ֥א,L>,nega.NA.NA,,Leningrad,MT
8,Ruth,3,2,Ruth 3:2,5,בֹ֨עַז֙,B<Z/,nmpr.NA.NA,,Leningrad,MT
8,Ruth,3,2,Ruth 3:2,6,מֹֽדַעְתָּ֔נוּ,MD<T/,subs.NA.NA,,Leningrad,MT
8,Ruth,3,2,Ruth 3:2,7,אֲשֶׁ֥ר,>CR,conj.NA.NA,,Leningrad,MT
8,Ruth,3,2,Ruth 3:2,8,הָיִ֖ית,HJH[,verb.qal.perf,,Leningrad,MT
8,Ruth,3,2,Ruth 3:2,9,אֶת־,>T==,prep.NA.NA,,Leningrad,MT
8,Ruth,3,2,Ruth 3:2,10,נַעֲרֹותָ֑יו,N<RH/,subs.NA.NA,,Leningrad,MT
8,Ruth,3,2,Ruth 3:2,11,הִנֵּה־,HNH,intj.NA.NA,,Leningrad,MT
8,Ruth,3,2,Ruth 3:2,12,ה֗וּא,HW>,prps.NA.NA,,Leningrad,MT
8,Ruth,3,2,Ruth 3:2,13,זֹרֶ֛ה,ZRH[,verb.qal.ptca,,Leningrad,MT
8,Ruth,3,2,Ruth 3:2,14,אֶת־,>T==,prep.NA.NA,,Leningrad,MT
8,Ruth,3,2,Ruth 3:2,15,גֹּ֥רֶן,GRN/,subs.NA.NA,,Leningrad,MT
8,Ruth,3,2,Ruth 3:2,16,הַ,H,art.NA.NA,,Leningrad,MT
8,Ruth,3,2,Ruth 3:2,17,שְּׂעֹרִ֖ים,F<RH/,subs.NA.NA,,Leningrad,MT
8,Ruth,3,2,Ruth 3:2,18,הַ,H,art.NA.NA,,Leningrad,MT
8,Ruth,3,2,Ruth 3:2,19,לָּֽיְלָה׃,LJLH/,subs.NA.NA,,Leningrad,MT
8,Ruth,3,3,Ruth 3:3,1,וְ,W,conj.NA.NA,,Leningrad,MT
8,Ruth,3,3,Ruth 3:3,2,רָחַ֣צְתְּ׀,RXY[,verb.qal.perf,,Leningrad,MT
8,Ruth,3,3,Ruth 3:3,3,וָ,W,conj.NA.NA,,Leningrad,MT
8,Ruth,3,3,Ruth 3:3,4,סַ֗כְתְּ,SWK[,verb.qal.perf,,Leningrad,MT
8,Ruth,3,3,Ruth 3:3,5,וְ,W,conj.NA.NA,,Leningrad,MT
8,Ruth,3,3,Ruth 3:3,6,שַׂ֧מְתְּ,FJM[,verb.qal.perf,,Leningrad,MT
8,Ruth,3,3,Ruth 3:3,7,שִׂמְלֹתַ֛יִךְ,FMLH/,subs.NA.NA,,Leningrad,MT
8,Ruth,3,3,Ruth 3:3,8,עָלַ֖יִךְ,<L,prep.NA.NA,,Leningrad,MT
8,Ruth,3,3,Ruth 3:3,9,וְ,W,conj.NA.NA,,Leningrad,MT
8,Ruth,3,3,Ruth 3:3,10,יָרַ֣דְתְּ,JRD[,verb.qal.perf,,Leningrad,MT
8,Ruth,3,3,Ruth 3:3,11,הַ,H,art.NA.NA,,Leningrad,MT
8,Ruth,3,3,Ruth 3:3,12,גֹּ֑רֶן,GRN/,subs.NA.NA,,Leningrad,MT
8,Ruth,3,3,Ruth 3:3,13,אַל־,>L=,nega.NA.NA,,Leningrad,MT
8,Ruth,3,3,Ruth 3:3,14,תִּוָּדְעִ֣י,JD<[,verb.nif.impf,,Leningrad,MT
8,Ruth,3,3,Ruth 3:3,15,לָ,L,prep.NA.NA,,Leningrad,MT
8,Ruth,3,3,Ruth 3:3,16,,H,art.NA.NA,,Leningrad,MT
8,Ruth,3,3,Ruth 3:3,17,אִ֔ישׁ,>JC/,subs.NA.NA,,Leningrad,MT
8,Ruth,3,3,Ruth 3:3,18,עַ֥ד,<D,prep.NA.NA,,Leningrad,MT
8,Ruth,3,3,Ruth 3:3,19,כַּלֹּתֹ֖ו,KLH[,verb.piel.infc,,Leningrad,MT
8,Ruth,3,3,Ruth 3:3,20,לֶ,L,prep.NA.NA,,Leningrad,MT
8,Ruth,3,3,Ruth 3:3,21,אֱכֹ֥ל,>KL[,verb.qal.infc,,Leningrad,MT
8,Ruth,3,3,Ruth 3:3,22,וְ,W,conj.NA.NA,,Leningrad,MT
8,Ruth,3,3,Ruth 3:3,23,לִ,L,prep.NA.NA,,Leningrad,MT
8,Ruth,3,3,Ruth 3:3,24,שְׁתֹּֽות׃,CTH[,verb.qal.infc,,Leningrad,MT
8,Ruth,3,4,Ruth 3:4,1,וִ,W,conj.NA.NA,,Leningrad,MT
8,Ruth,3,4,Ruth 3:4,2,יהִ֣י,HJH[,verb.qal.impf,,Leningrad,MT
8,Ruth,3,4,Ruth 3:4,3,בְ,B,prep.NA.NA,,Leningrad,MT
8,Ruth,3,4,Ruth 3:4,4,שָׁכְבֹ֗ו,CKB[,verb.qal.infc,,Leningrad,MT
8,Ruth,3,4,Ruth 3:4,5,וְ,W,conj.NA.NA,,Leningrad,MT
8,Ruth,3,4,Ruth 3:4,6,יָדַ֨עַתְּ֙,JD<[,verb.qal.perf,,Leningrad,MT
8,Ruth,3,4,Ruth 3:4,7,אֶת־,>T,prep.NA.NA,,Leningrad,MT
8,Ruth,3,4,Ruth 3:4,8,הַ,H,art.NA.NA,,Leningrad,MT
8,Ruth,3,4,Ruth 3:4,9,מָּקֹום֙,MQWM/,subs.NA.NA,,Leningrad,MT
8,Ruth,3,4,Ruth 3:4,10,אֲשֶׁ֣ר,>CR,conj.NA.NA,,Leningrad,MT
8,Ruth,3,4,Ruth 3:4,11,יִשְׁכַּב־,CKB[,verb.qal.impf,,Leningrad,MT
8,Ruth,3,4,Ruth 3:4,12,שָׁ֔ם,CM,advb.NA.NA,,Leningrad,MT
8,Ruth,3,4,Ruth 3:4,13,וּ,W,conj.NA.NA,,Leningrad,MT
8,Ruth,3,4,Ruth 3:4,14,בָ֛את,BW>[,verb.qal.perf,,Leningrad,MT
8,Ruth,3,4,Ruth 3:4,15,וְ,W,conj.NA.NA,,Leningrad,MT
8,Ruth,3,4,Ruth 3:4,16,גִלִּ֥ית,GLH[,verb.piel.perf,,Leningrad,MT
8,Ruth,3,4,Ruth 3:4,17,מַרְגְּלֹתָ֖יו,MRGLT/,subs.NA.NA,,Leningrad,MT
8,Ruth,3,4,Ruth 3:4,18,וְ,W,conj.NA.NA,,Leningrad,MT
8,Ruth,3,4,Ruth 3:4,19,שָׁכָ֑בְתְּ,CKB[,verb.qal.perf,,Leningrad,MT
8,Ruth,3,4,Ruth 3:4,20,וְ,W,conj.NA.NA,,Leningrad,MT
8,Ruth,3,4,Ruth 3:4,21,הוּא֙,HW>,prps.NA.NA,,Leningrad,MT
8,Ruth,3,4,Ruth 3:4,22,יַגִּ֣יד,NGD[,verb.hif.impf,,Leningrad,MT
8,Ruth,3,4,Ruth 3:4,23,לָ֔ךְ,L,prep.NA.NA,,Leningrad,MT
8,Ruth,3,4,Ruth 3:4,24,אֵ֖ת,>T,prep.NA.NA,,Leningrad,MT
8,Ruth,3,4,Ruth 3:4,25,אֲשֶׁ֥ר,>CR,conj.NA.NA,,Leningrad,MT
8,Ruth,3,4,Ruth 3:4,26,תַּעֲשִֽׂין׃,<FH[,verb.qal.impf,,Leningrad,MT
8,Ruth,3,5,Ruth 3:5,1,וַ,W,conj.NA.NA,,Leningrad,MT
8,Ruth,3,5,Ruth 3:5,2,תֹּ֖אמֶר,>MR[,verb.qal.wayq,,Leningrad,MT
8,Ruth,3,5,Ruth 3:5,3,אֵלֶ֑יהָ,>L,prep.NA.NA,,Leningrad,MT
8,Ruth,3,5,Ruth 3:5,4,כֹּ֛ל,KL/,subs.NA.NA,,Leningrad,MT
8,Ruth,3,5,Ruth 3:5,5,אֲשֶׁר־,>CR,conj.NA.NA,,Leningrad,MT
8,Ruth,3,5,Ruth 3:5,6,תֹּאמְרִ֥י,>MR[,verb.qal.impf,,Leningrad,MT
8,Ruth,3,5,Ruth 3:5,7,אֵלַ֖י,>L,prep.NA.NA,,Leningrad,MT
8,Ruth,3,5,Ruth 3:5,8,אֶֽעֱשֶֽׂה׃,<FH[,verb.qal.impf,,Leningrad,MT
8,Ruth,3,6,Ruth 3:6,1,וַ,W,conj.NA.NA,,Leningrad,MT
8,Ruth,3,6,Ruth 3:6,2,תֵּ֖רֶד,JRD[,verb.qal.wayq,,Leningrad,MT
8,Ruth,3,6,Ruth 3:6,3,הַ,H,art.NA.NA,,Leningrad,MT
8,Ruth,3,6,Ruth 3:6,4,גֹּ֑רֶן,GRN/,subs.NA.NA,,Leningrad,MT
8,Ruth,3,6,Ruth 3:6,5,וַ,W,conj.NA.NA,,Leningrad,MT
8,Ruth,3,6,Ruth 3:6,6,תַּ֕עַשׂ,<FH[,verb.qal.wayq,,Leningrad,MT
8,Ruth,3,6,Ruth 3:6,7,כְּ,K,prep.NA.NA,,Leningrad,MT
8,Ruth,3,6,Ruth 3:6,8,כֹ֥ל,KL/,subs.NA.NA,,Leningrad,MT
8,Ruth,3,6,Ruth 3:6,9,אֲשֶׁר־,>CR,conj.NA.NA,,Leningrad,MT
8,Ruth,3,6,Ruth 3:6,10,צִוַּ֖תָּה,YWH[,verb.piel.perf,,Leningrad,MT
8,Ruth,3,6,Ruth 3:6,11,חֲמֹותָֽהּ׃,XMWT/,subs.NA.NA,,Leningrad,MT
8,Ruth,3,7,Ruth 3:7,1,וַ,W,conj.NA.NA,,Leningrad,MT
8,Ruth,3,7,Ruth 3:7,2,יֹּ֨אכַל,>KL[,verb.qal.wayq,,Leningrad,MT
8,Ruth,3,7,Ruth 3:7,3,בֹּ֤עַז,B<Z/,nmpr.NA.NA,,Leningrad,MT
8,Ruth,3,7,Ruth 3:7,4,וַ,W,conj.NA.NA,,Leningrad,MT
8,Ruth,3,7,Ruth 3:7,5,יֵּשְׁתְּ֙,CTH[,verb.qal.wayq,,Leningrad,MT
8,Ruth,3,7,Ruth 3:7,6,וַ,W,conj.NA.NA,,Leningrad,MT
8,Ruth,3,7,Ruth 3:7,7,יִּיטַ֣ב,JVB[,verb.qal.wayq,,Leningrad,MT
8,Ruth,3,7,Ruth 3:7,8,לִבֹּ֔ו,LB/,subs.NA.NA,,Leningrad,MT
8,Ruth,3,7,Ruth 3:7,9,וַ,W,conj.NA.NA,,Leningrad,MT
8,Ruth,3,7,Ruth 3:7,10,יָּבֹ֕א,BW>[,verb.qal.wayq,,Leningrad,MT
8,Ruth,3,7,Ruth 3:7,11,לִ,L,prep.NA.NA,,Leningrad,MT
8,Ruth,3,7,Ruth 3:7,12,שְׁכַּ֖ב,CKB[,verb.qal.infc,,Leningrad,MT
8,Ruth,3,7,Ruth 3:7,13,בִּ,B,prep.NA.NA,,Leningrad,MT
8,Ruth,3,7,Ruth 3:7,14,קְצֵ֣ה,QYH=/,subs.NA.NA,,Leningrad,MT
8,Ruth,3,7,Ruth 3:7,15,הָ,H,art.NA.NA,,Leningrad,MT
8,Ruth,3,7,Ruth 3:7,16,עֲרֵמָ֑ה,<RMH=/,subs.NA.NA,,Leningrad,MT
8,Ruth,3,7,Ruth 3:7,17,וַ,W,conj.NA.NA,,Leningrad,MT
8,Ruth,3,7,Ruth 3:7,18,תָּבֹ֣א,BW>[,verb.qal.wayq,,Leningrad,MT
8,Ruth,3,7,Ruth 3:7,19,בַ,B,prep.NA.NA,,Leningrad,MT
8,Ruth,3,7,Ruth 3:7,20,,H,art.NA.NA,,Leningrad,MT
8,Ruth,3,7,Ruth 3:7,21,לָּ֔ט,LV/,subs.NA.NA,,Leningrad,MT
8,Ruth,3,7,Ruth 3:7,22,וַ,W,conj.NA.NA,,Leningrad,MT
8,Ruth,3,7,Ruth 3:7,23,תְּגַ֥ל,GLH[,verb.piel.wayq,,Leningrad,MT
8,Ruth,3,7,Ruth 3:7,24,מַרְגְּלֹתָ֖יו,MRGLT/,subs.NA.NA,,Leningrad,MT
8,Ruth,3,7,Ruth 3:7,25,וַ,W,conj.NA.NA,,Leningrad,MT
8,Ruth,3,7,Ruth 3:7,26,תִּשְׁכָּֽב׃,CKB[,verb.qal.wayq,,Leningrad,MT
8,Ruth,3,8,Ruth 3:8,1,וַ,W,conj.NA.NA,,Leningrad,MT
8,Ruth,3,8,Ruth 3:8,2,יְהִי֙,HJH[,verb.qal.wayq,,Leningrad,MT
8,Ruth,3,8,Ruth 3:8,3,בַּ,B,prep.NA.NA,,Leningrad,MT
8,Ruth,3,8,Ruth 3:8,4,חֲצִ֣י,XYJ/,subs.NA.NA,,Leningrad,MT
8,Ruth,3,8,Ruth 3:8,5,הַ,H,art.NA.NA,,Leningrad,MT
8,Ruth,3,8,Ruth 3:8,6,לַּ֔יְלָה,LJLH/,subs.NA.NA,,Leningrad,MT
8,Ruth,3,8,Ruth 3:8,7,וַ,W,conj.NA.NA,,Leningrad,MT
8,Ruth,3,8,Ruth 3:8,8,יֶּחֱרַ֥ד,XRD[,verb.qal.wayq,,Leningrad,MT
8,Ruth,3,8,Ruth 3:8,9,הָ,H,art.NA.NA,,Leningrad,MT
8,Ruth,3,8,Ruth 3:8,10,אִ֖ישׁ,>JC/,subs.NA.NA,,Leningrad,MT
8,Ruth,3,8,Ruth 3:8,11,וַ,W,conj.NA.NA,,Leningrad,MT
8,Ruth,3,8,Ruth 3:8,12,יִּלָּפֵ֑ת,LPT[,verb.nif.wayq,,Leningrad,MT
8,Ruth,3,8,Ruth 3:8,13,וְ,W,conj.NA.NA,,Leningrad,MT
8,Ruth,3,8,Ruth 3:8,14,הִנֵּ֣ה,HNH,intj.NA.NA,,Leningrad,MT
8,Ruth,3,8,Ruth 3:8,15,אִשָּׁ֔ה,>CH/,subs.NA.NA,,Leningrad,MT
8,Ruth,3,8,Ruth 3:8,16,שֹׁכֶ֖בֶת,CKB[,verb.qal.ptca,,Leningrad,MT
8,Ruth,3,8,Ruth 3:8,17,מַרְגְּלֹתָֽיו׃,MRGLT/,subs.NA.NA,,Leningrad,MT
8,Ruth,3,9,Ruth 3:9,1,וַ,W,conj.NA.NA,,Leningrad,MT
8,Ruth,3,9,Ruth 3:9,2,יֹּ֖אמֶר,>MR[,verb.qal.wayq,,Leningrad,MT
8,Ruth,3,9,Ruth 3:9,3,מִי־,MJ,prin.NA.NA,,Leningrad,MT
8,Ruth,3,9,Ruth 3:9,4,אָ֑תּ,>T=,prps.NA.NA,,Leningrad,MT
8,Ruth,3,9,Ruth 3:9,5,וַ,W,conj.NA.NA,,Leningrad,MT
8,Ruth,3,9,Ruth 3:9,6,תֹּ֗אמֶר,>MR[,verb.qal.wayq,,Leningrad,MT
8,Ruth,3,9,Ruth 3:9,7,אָנֹכִי֙,>NKJ,prps.NA.NA,,Leningrad,MT
8,Ruth,3,9,Ruth 3:9,8,ר֣וּת,RWT/,nmpr.NA.NA,,Leningrad,MT
8,Ruth,3,9,Ruth 3:9,9,אֲמָתֶ֔ךָ,>MH/,subs.NA.NA,,Leningrad,MT
8,Ruth,3,9,Ruth 3:9,10,וּ,W,conj.NA.NA,,Leningrad,MT
8,Ruth,3,9,Ruth 3:9,11,פָרַשְׂתָּ֤,PRF[,verb.qal.perf,,Leningrad,MT
8,Ruth,3,9,Ruth 3:9,12,כְנָפֶ֨ךָ֙,KNP/,subs.NA.NA,,Leningrad,MT
8,Ruth,3,9,Ruth 3:9,13,עַל־,<L,prep.NA.NA,,Leningrad,MT
8,Ruth,3,9,Ruth 3:9,14,אֲמָ֣תְךָ֔,>MH/,subs.NA.NA,,Leningrad,MT
8,Ruth,3,9,Ruth 3:9,15,כִּ֥י,KJ,conj.NA.NA,,Leningrad,MT
8,Ruth,3,9,Ruth 3:9,16,גֹאֵ֖ל,G>L[,verb.qal.ptca,,Leningrad,MT
8,Ruth,3,9,Ruth 3:9,17,אָֽתָּה׃,>TH,prps.NA.NA,,Leningrad,MT
8,Ruth,3,10,Ruth 3:10,1,וַ,W,conj.NA.NA,,Leningrad,MT
8,Ruth,3,10,Ruth 3:10,2,יֹּ֗אמֶר,>MR[,verb.qal.wayq,,Leningrad,MT
8,Ruth,3,10,Ruth 3:10,3,בְּרוּכָ֨ה,BRK[,verb.qal.ptcp,,Leningrad,MT
8,Ruth,3,10,Ruth 3:10,4,אַ֤תְּ,>T=,prps.NA.NA,,Leningrad,MT
8,Ruth,3,10,Ruth 3:10,5,לַֽ,L,prep.NA.NA,,Leningrad,MT
8,Ruth,3,10,Ruth 3:10,6,יהוָה֙,JHWH/,nmpr.NA.NA,,Leningrad,MT
8,Ruth,3,10,Ruth 3:10,7,בִּתִּ֔י,BT/,subs.NA.NA,,Leningrad,MT
8,Ruth,3,10,Ruth 3:10,8,הֵיטַ֛בְתְּ,JVB[,verb.hif.perf,,Leningrad,MT
8,Ruth,3,10,Ruth 3:10,9,חַסְדֵּ֥ךְ,XSD/,subs.NA.NA,,Leningrad,MT
8,Ruth,3,10,Ruth 3:10,10,הָ,H,art.NA.NA,,Leningrad,MT
8,Ruth,3,10,Ruth 3:10,11,אַחֲרֹ֖ון,>XRWN/,adjv.NA.NA,,Leningrad,MT
8,Ruth,3,10,Ruth 3:10,12,מִן־,MN,prep.NA.NA,,Leningrad,MT
8,Ruth,3,10,Ruth 3:10,13,הָ,H,art.NA.NA,,Leningrad,MT
8,Ruth,3,10,Ruth 3:10,14,רִאשֹׁ֑ון,R>CWN/,adjv.NA.NA,,Leningrad,MT
8,Ruth,3,10,Ruth 3:10,15,לְ,L,prep.NA.NA,,Leningrad,MT
8,Ruth,3,10,Ruth 3:10,16,בִלְתִּי־,BLT/,subs.NA.NA,,Leningrad,MT
8,Ruth,3,10,Ruth 3:10,17,לֶ֗כֶת,HLK[,verb.qal.infc,,Leningrad,MT
8,Ruth,3,10,Ruth 3:10,18,אַחֲרֵי֙,>XR/,subs.NA.NA,,Leningrad,MT
8,Ruth,3,10,Ruth 3:10,19,הַ,H,art.NA.NA,,Leningrad,MT
8,Ruth,3,10,Ruth 3:10,20,בַּ֣חוּרִ֔ים,BXWR/,subs.NA.NA,,Leningrad,MT
8,Ruth,3,10,Ruth 3:10,21,אִם־,>M,conj.NA.NA,,Leningrad,MT
8,Ruth,3,10,Ruth 3:10,22,דַּ֖ל,DL/,adjv.NA.NA,,Leningrad,MT
8,Ruth,3,10,Ruth 3:10,23,וְ,W,conj.NA.NA,,Leningrad,MT
8,Ruth,3,10,Ruth 3:10,24,אִם־,>M,conj.NA.NA,,Leningrad,MT
8,Ruth,3,10,Ruth 3:10,25,עָשִֽׁיר׃,<CJR/,adjv.NA.NA,,Leningrad,MT
8,Ruth,3,11,Ruth 3:11,1,וְ,W,conj.NA.NA,,Leningrad,MT
8,Ruth,3,11,Ruth 3:11,2,עַתָּ֗ה,<TH,advb.NA.NA,,Leningrad,MT
8,Ruth,3,11,Ruth 3:11,3,בִּתִּי֙,BT/,subs.NA.NA,,Leningrad,MT
8,Ruth,3,11,Ruth 3:11,4,אַל־,>L=,nega.NA.NA,,Leningrad,MT
8,Ruth,3,11,Ruth 3:11,5,תִּ֣ירְאִ֔י,JR>[,verb.qal.impf,,Leningrad,MT
8,Ruth,3,11,Ruth 3:11,6,כֹּ֥ל,KL/,subs.NA.NA,,Leningrad,MT
8,Ruth,3,11,Ruth 3:11,7,אֲשֶׁר־,>CR,conj.NA.NA,,Leningrad,MT
8,Ruth,3,11,Ruth 3:11,8,תֹּאמְרִ֖י,>MR[,verb.qal.impf,,Leningrad,MT
8,Ruth,3,11,Ruth 3:11,9,אֶֽעֱשֶׂה־,<FH[,verb.qal.impf,,Leningrad,MT
8,Ruth,3,11,Ruth 3:11,10,לָּ֑ךְ,L,prep.NA.NA,,Leningrad,MT
8,Ruth,3,11,Ruth 3:11,11,כִּ֤י,KJ,conj.NA.NA,,Leningrad,MT
8,Ruth,3,11,Ruth 3:11,12,יֹודֵ֨עַ֙,JD<[,verb.qal.ptca,,Leningrad,MT
8,Ruth,3,11,Ruth 3:11,13,כָּל־,KL/,subs.NA.NA,,Leningrad,MT
8,Ruth,3,11,Ruth 3:11,14,שַׁ֣עַר,C<R/,subs.NA.NA,,Leningrad,MT
8,Ruth,3,11,Ruth 3:11,15,עַמִּ֔י,<M/,subs.NA.NA,,Leningrad,MT
8,Ruth,3,11,Ruth 3:11,16,כִּ֛י,KJ,conj.NA.NA,,Leningrad,MT
8,Ruth,3,11,Ruth 3:11,17,אֵ֥שֶׁת,>CH/,subs.NA.NA,,Leningrad,MT
8,Ruth,3,11,Ruth 3:11,18,חַ֖יִל,XJL/,subs.NA.NA,,Leningrad,MT
8,Ruth,3,11,Ruth 3:11,19,אָֽתְּ׃,>T=,prps.NA.NA,,Leningrad,MT
8,Ruth,3,12,Ruth 3:12,1,וְ,W,conj.NA.NA,,Leningrad,MT
8,Ruth,3,12,Ruth 3:12,2,עַתָּה֙,<TH,advb.NA.NA,,Leningrad,MT
8,Ruth,3,12,Ruth 3:12,3,כִּ֣י,KJ,conj.NA.NA,,Leningrad,MT
8,Ruth,3,12,Ruth 3:12,4,אָמְנָ֔ם,>MNM,advb.NA.NA,,Leningrad,MT
8,Ruth,3,12,Ruth 3:12,5,כִּ֥י,KJ,conj.NA.NA,,Leningrad,MT
8,Ruth,3,12,Ruth 3:12,6,גֹאֵ֖ל,G>L[,verb.qal.ptca,,Leningrad,MT
8,Ruth,3,12,Ruth 3:12,7,אָנֹ֑כִי,>NKJ,prps.NA.NA,,Leningrad,MT
8,Ruth,3,12,Ruth 3:12,8,וְ,W,conj.NA.NA,,Leningrad,MT
8,Ruth,3,12,Ruth 3:12,9,גַ֛ם,GM,advb.NA.NA,,Leningrad,MT
8,Ruth,3,12,Ruth 3:12,10,יֵ֥שׁ,JC/,subs.NA.NA,,Leningrad,MT
8,Ruth,3,12,Ruth 3:12,11,גֹּאֵ֖ל,G>L[,verb.qal.ptca,,Leningrad,MT
8,Ruth,3,12,Ruth 3:12,12,קָרֹ֥וב,QRWB/,adjv.NA.NA,,Leningrad,MT
8,Ruth,3,12,Ruth 3:12,13,מִמֶּֽנִּי׃,MN,prep.NA.NA,,Leningrad,MT
8,Ruth,3,13,Ruth 3:13,1,לִ֣ינִי׀,LJN[,verb.qal.impv,,Leningrad,MT
8,Ruth,3,13,Ruth 3:13,2,הַ,H,art.NA.NA,,Leningrad,MT
8,Ruth,3,13,Ruth 3:13,3,לַּ֗יְלָה,LJLH/,subs.NA.NA,,Leningrad,MT
8,Ruth,3,13,Ruth 3:13,4,וְ,W,conj.NA.NA,,Leningrad,MT
8,Ruth,3,13,Ruth 3:13,5,הָיָ֤ה,HJH[,verb.qal.perf,,Leningrad,MT
8,Ruth,3,13,Ruth 3:13,6,בַ,B,prep.NA.NA,,Leningrad,MT
8,Ruth,3,13,Ruth 3:13,7,,H,art.NA.NA,,Leningrad,MT
8,Ruth,3,13,Ruth 3:13,8,בֹּ֨קֶר֙,BQR=/,subs.NA.NA,,Leningrad,MT
8,Ruth,3,13,Ruth 3:13,9,אִם־,>M,conj.NA.NA,,Leningrad,MT
8,Ruth,3,13,Ruth 3:13,10,יִגְאָלֵ֥ךְ,G>L[,verb.qal.impf,,Leningrad,MT
8,Ruth,3,13,Ruth 3:13,11,טֹוב֙,VWB/,adjv.NA.NA,,Leningrad,MT
8,Ruth,3,13,Ruth 3:13,12,יִגְאָ֔ל,G>L[,verb.qal.impf,,Leningrad,MT
8,Ruth,3,13,Ruth 3:13,13,וְ,W,conj.NA.NA,,Leningrad,MT
8,Ruth,3,13,Ruth 3:13,14,אִם־,>M,conj.NA.NA,,Leningrad,MT
8,Ruth,3,13,Ruth 3:13,15,לֹ֨א,L>,nega.NA.NA,,Leningrad,MT
8,Ruth,3,13,Ruth 3:13,16,יַחְפֹּ֧ץ,XPY[,verb.qal.impf,,Leningrad,MT
8,Ruth,3,13,Ruth 3:13,17,לְ,L,prep.NA.NA,,Leningrad,MT
8,Ruth,3,13,Ruth 3:13,18,גָֽאֳלֵ֛ךְ,G>L[,verb.qal.infc,,Leningrad,MT
8,Ruth,3,13,Ruth 3:13,19,וּ,W,conj.NA.NA,,Leningrad,MT
8,Ruth,3,13,Ruth 3:13,20,גְאַלְתִּ֥יךְ,G>L[,verb.qal.perf,,Leningrad,MT
8,Ruth,3,13,Ruth 3:13,21,אָנֹ֖כִי,>NKJ,prps.NA.NA,,Leningrad,MT
8,Ruth,3,13,Ruth 3:13,22,חַי־,XJ/,adjv.NA.NA,,Leningrad,MT
8,Ruth,3,13,Ruth 3:13,23,יְהוָ֑ה,JHWH/,nmpr.NA.NA,,Leningrad,MT
8,Ruth,3,13,Ruth 3:13,24,שִׁכְבִ֖י,CKB[,verb.qal.impv,,Leningrad,MT
8,Ruth,3,13,Ruth 3:13,25,עַד־,<D,prep.NA.NA,,Leningrad,MT
8,Ruth,3,13,Ruth 3:13,26,הַ,H,art.NA.NA,,Leningrad,MT
8,Ruth,3,13,Ruth 3:13,27,בֹּֽקֶר׃,BQR=/,subs.NA.NA,,Leningrad,MT
8,Ruth,3,14,Ruth 3:14,1,וַ,W,conj.NA.NA,,Leningrad,MT
8,Ruth,3,14,Ruth 3:14,2,תִּשְׁכַּ֤ב,CKB[,verb.qal.wayq,,Leningrad,MT
8,Ruth,3,14,Ruth 3:14,3,מַרְגְּלֹתָיו֙,MRGLT/,subs.NA.NA,,Leningrad,MT
8,Ruth,3,14,Ruth 3:14,4,עַד־,<D,prep.NA.NA,,Leningrad,MT
8,Ruth,3,14,Ruth 3:14,5,הַ,H,art.NA.NA,,Leningrad,MT
8,Ruth,3,14,Ruth 3:14,6,בֹּ֔קֶר,BQR=/,subs.NA.NA,,Leningrad,MT
8,Ruth,3,14,Ruth 3:14,7,וַ,W,conj.NA.NA,,Leningrad,MT
8,Ruth,3,14,Ruth 3:14,8,תָּ֕קָם,QWM[,verb.qal.wayq,,Leningrad,MT
8,Ruth,3,14,Ruth 3:14,9,בְּ,B,prep.NA.NA,,Leningrad,MT
8,Ruth,3,14,Ruth 3:14,10,טֶ֛רֶם,VRM/,subs.NA.NA,,Leningrad,MT
8,Ruth,3,14,Ruth 3:14,11,יַכִּ֥יר,NKR[,verb.hif.impf,,Leningrad,MT
8,Ruth,3,14,Ruth 3:14,12,אִ֖ישׁ,>JC/,subs.NA.NA,,Leningrad,MT
8,Ruth,3,14,Ruth 3:14,13,אֶת־,>T,prep.NA.NA,,Leningrad,MT
8,Ruth,3,14,Ruth 3:14,14,רֵעֵ֑הוּ,R<=/,subs.NA.NA,,Leningrad,MT
8,Ruth,3,14,Ruth 3:14,15,וַ,W,conj.NA.NA,,Leningrad,MT
8,Ruth,3,14,Ruth 3:14,16,יֹּ֨אמֶר֙,>MR[,verb.qal.wayq,,Leningrad,MT
8,Ruth,3,14,Ruth 3:14,17,אַל־,>L=,nega.NA.NA,,Leningrad,MT
8,Ruth,3,14,Ruth 3:14,18,יִוָּדַ֔ע,JD<[,verb.nif.impf,,Leningrad,MT
8,Ruth,3,14,Ruth 3:14,19,כִּי־,KJ,conj.NA.NA,,Leningrad,MT
8,Ruth,3,14,Ruth 3:14,20,בָ֥אָה,BW>[,verb.qal.perf,,Leningrad,MT
8,Ruth,3,14,Ruth 3:14,21,הָ,H,art.NA.NA,,Leningrad,MT
8,Ruth,3,14,Ruth 3:14,22,אִשָּׁ֖ה,>CH/,subs.NA.NA,,Leningrad,MT
8,Ruth,3,14,Ruth 3:14,23,הַ,H,art.NA.NA,,Leningrad,MT
8,Ruth,3,14,Ruth 3:14,24,גֹּֽרֶן׃,GRN/,subs.NA.NA,,Leningrad,MT
8,Ruth,3,15,Ruth 3:15,1,וַ,W,conj.NA.NA,,Leningrad,MT
8,Ruth,3,15,Ruth 3:15,2,יֹּ֗אמֶר,>MR[,verb.qal.wayq,,Leningrad,MT
8,Ruth,3,15,Ruth 3:15,3,הָ֠בִי,JHB[,verb.qal.impv,,Leningrad,MT
8,Ruth,3,15,Ruth 3:15,4,הַ,H,art.NA.NA,,Leningrad,MT
8,Ruth,3,15,Ruth 3:15,5,מִּטְפַּ֧חַת,MVPXT/,subs.NA.NA,,Leningrad,MT
8,Ruth,3,15,Ruth 3:15,6,אֲשֶׁר־,>CR,conj.NA.NA,,Leningrad,MT
8,Ruth,3,15,Ruth 3:15,7,עָלַ֛יִךְ,<L,prep.NA.NA,,Leningrad,MT
8,Ruth,3,15,Ruth 3:15,8,וְ,W,conj.NA.NA,,Leningrad,MT
8,Ruth,3,15,Ruth 3:15,9,אֶֽחֳזִי־,>XZ[,verb.qal.impv,,Leningrad,MT
8,Ruth,3,15,Ruth 3:15,10,בָ֖הּ,B,prep.NA.NA,,Leningrad,MT
8,Ruth,3,15,Ruth 3:15,11,וַ,W,conj.NA.NA,,Leningrad,MT
8,Ruth,3,15,Ruth 3:15,12,תֹּ֣אחֶז,>XZ[,verb.qal.wayq,,Leningrad,MT
8,Ruth,3,15,Ruth 3:15,13,בָּ֑הּ,B,prep.NA.NA,,Leningrad,MT
8,Ruth,3,15,Ruth 3:15,14,וַ,W,conj.NA.NA,,Leningrad,MT
8,Ruth,3,15,Ruth 3:15,15,יָּ֤מָד,MDD[,verb.qal.wayq,,Leningrad,MT
8,Ruth,3,15,Ruth 3:15,16,שֵׁשׁ־,CC/,subs.NA.NA,,Leningrad,MT
8,Ruth,3,15,Ruth 3:15,17,שְׂעֹרִים֙,F<RH/,subs.NA.NA,,Leningrad,MT
8,Ruth,3,15,Ruth 3:15,18,וַ,W,conj.NA.NA,,Leningrad,MT
8,Ruth,3,15,Ruth 3:15,19,יָּ֣שֶׁת,CJT[,verb.qal.wayq,,Leningrad,MT
8,Ruth,3,15,Ruth 3:15,20,עָלֶ֔יהָ,<L,prep.NA.NA,,Leningrad,MT
8,Ruth,3,15,Ruth 3:15,21,וַ,W,conj.NA.NA,,Leningrad,MT
8,Ruth,3,15,Ruth 3:15,22,יָּבֹ֖א,BW>[,verb.qal.wayq,,Leningrad,MT
8,Ruth,3,15,Ruth 3:15,23,הָ,H,art.NA.NA,,Leningrad,MT
8,Ruth,3,15,Ruth 3:15,24,עִֽיר׃,<JR/,subs.NA.NA,,Leningrad,MT
8,Ruth,3,16,Ruth 3:16,1,וַ,W,conj.NA.NA,,Leningrad,MT
8,Ruth,3,16,Ruth 3:16,2,תָּבֹוא֙,BW>[,verb.qal.wayq,,Leningrad,MT
8,Ruth,3,16,Ruth 3:16,3,אֶל־,>L,prep.NA.NA,,Leningrad,MT
8,Ruth,3,16,Ruth 3:16,4,חֲמֹותָ֔הּ,XMWT/,subs.NA.NA,,Leningrad,MT
8,Ruth,3,16,Ruth 3:16,5,וַ,W,conj.NA.NA,,Leningrad,MT
8,Ruth,3,16,Ruth 3:16,6,תֹּ֖אמֶר,>MR[,verb.qal.wayq,,Leningrad,MT
8,Ruth,3,16,Ruth 3:16,7,מִי־,MJ,prin.NA.NA,,Leningrad,MT
8,Ruth,3,16,Ruth 3:16,8,אַ֣תְּ,>T=,prps.NA.NA,,Leningrad,MT
8,Ruth,3,16,Ruth 3:16,9,בִּתִּ֑י,BT/,subs.NA.NA,,Leningrad,MT
8,Ruth,3,16,Ruth 3:16,10,וַ,W,conj.NA.NA,,Leningrad,MT
8,Ruth,3,16,Ruth 3:16,11,תַּ֨גֶּד־,NGD[,verb.hif.wayq,,Leningrad,MT
8,Ruth,3,16,Ruth 3:16,12,לָ֔הּ,L,prep.NA.NA,,Leningrad,MT
8,Ruth,3,16,Ruth 3:16,13,אֵ֛ת,>T,prep.NA.NA,,Leningrad,MT
8,Ruth,3,16,Ruth 3:16,14,כָּל־,KL/,subs.NA.NA,,Leningrad,MT
8,Ruth,3,16,Ruth 3:16,15,אֲשֶׁ֥ר,>CR,conj.NA.NA,,Leningrad,MT
8,Ruth,3,16,Ruth 3:16,16,עָֽשָׂה־,<FH[,verb.qal.perf,,Leningrad,MT
8,Ruth,3,16,Ruth 3:16,17,לָ֖הּ,L,prep.NA.NA,,Leningrad,MT
8,Ruth,3,16,Ruth 3:16,18,הָ,H,art.NA.NA,,Leningrad,MT
8,Ruth,3,16,Ruth 3:16,19,אִֽישׁ׃,>JC/,subs.NA.NA,,Leningrad,MT
8,Ruth,3,17,Ruth 3:17,1,וַ,W,conj.NA.NA,,Leningrad,MT
8,Ruth,3,17,Ruth 3:17,2,תֹּ֕אמֶר,>MR[,verb.qal.wayq,,Leningrad,MT
8,Ruth,3,17,Ruth 3:17,3,שֵׁשׁ־,CC/,subs.NA.NA,,Leningrad,MT
8,Ruth,3,17,Ruth 3:17,4,הַ,H,art.NA.NA,,Leningrad,MT
8,Ruth,3,17,Ruth 3:17,5,שְּׂעֹרִ֥ים,F<RH/,subs.NA.NA,,Leningrad,MT
8,Ruth,3,17,Ruth 3:17,6,הָ,H,art.NA.NA,,Leningrad,MT
8,Ruth,3,17,Ruth 3:17,7,אֵ֖לֶּה,>LH,prde.NA.NA,,Leningrad,MT
8,Ruth,3,17,Ruth 3:17,8,נָ֣תַן,NTN[,verb.qal.perf,,Leningrad,MT
8,Ruth,3,17,Ruth 3:17,9,לִ֑י,L,prep.NA.NA,,Leningrad,MT
8,Ruth,3,17,Ruth 3:17,10,כִּ֚י,KJ,conj.NA.NA,,Leningrad,MT
8,Ruth,3,17,Ruth 3:17,11,אָמַ֣ר,>MR[,verb.qal.perf,,Leningrad,MT
8,Ruth,3,17,Ruth 3:17,12,אֵלַ֔י,>L,prep.NA.NA,,Leningrad,MT
8,Ruth,3,17,Ruth 3:17,13,אַל־,>L=,nega.NA.NA,,Leningrad,MT
8,Ruth,3,17,Ruth 3:17,14,תָּבֹ֥ואִי,BW>[,verb.qal.impf,,Leningrad,MT
8,Ruth,3,17,Ruth 3:17,15,רֵיקָ֖ם,RJQM,advb.NA.NA,,Leningrad,MT
8,Ruth,3,17,Ruth 3:17,16,אֶל־,>L,prep.NA.NA,,Leningrad,MT
8,Ruth,3,17,Ruth 3:17,17,חֲמֹותֵֽךְ׃,XMWT/,subs.NA.NA,,Leningrad,MT
8,Ruth,3,18,Ruth 3:18,1,וַ,W,conj.NA.NA,,Leningrad,MT
8,Ruth,3,18,Ruth 3:18,2,תֹּ֨אמֶר֙,>MR[,verb.qal.wayq,,Leningrad,MT
8,Ruth,3,18,Ruth 3:18,3,שְׁבִ֣י,JCB[,verb.qal.impv,,Leningrad,MT
8,Ruth,3,18,Ruth 3:18,4,בִתִּ֔י,BT/,subs.NA.NA,,Leningrad,MT
8,Ruth,3,18,Ruth 3:18,5,עַ֚ד,<D,prep.NA.NA,,Leningrad,MT
8,Ruth,3,18,Ruth 3:18,6,אֲשֶׁ֣ר,>CR,conj.NA.NA,,Leningrad,MT
8,Ruth,3,18,Ruth 3:18,7,תֵּֽדְעִ֔ין,JD<[,verb.qal.impf,,Leningrad,MT
8,Ruth,3,18,Ruth 3:18,8,אֵ֖יךְ,>JK,inrg.NA.NA,,Leningrad,MT
8,Ruth,3,18,Ruth 3:18,9,יִפֹּ֣ל,NPL[,verb.qal.impf,,Leningrad,MT
8,Ruth,3,18,Ruth 3:18,10,דָּבָ֑ר,DBR/,subs.NA.NA,,Leningrad,MT
8,Ruth,3,18,Ruth 3:18,11,כִּ֣י,KJ,conj.NA.NA,,Leningrad,MT
8,Ruth,3,18,Ruth 3:18,12,לֹ֤א,L>,nega.NA.NA,,Leningrad,MT
8,Ruth,3,18,Ruth 3:18,13,יִשְׁקֹט֙,CQV[,verb.qal.impf,,Leningrad,MT
8,Ruth,3,18,Ruth 3:18,14,הָ,H,art.NA.NA,,Leningrad,MT
8,Ruth,3,18,Ruth 3:18,15,אִ֔ישׁ,>JC/,subs.NA.NA,,Leningrad,MT
8,Ruth,3,18,Ruth 3:18,16,כִּֽי־,KJ,conj.NA.NA,,Leningrad,MT
8,Ruth,3,18,Ruth 3:18,17,אִם־,>M,conj.NA.NA,,Leningrad,MT
8,Ruth,3,18,Ruth 3:18,18,כִּלָּ֥ה,KLH[,verb.piel.perf,,Leningrad,MT
8,Ruth,3,18,Ruth 3:18,19,הַ,H,art.NA.NA,,Leningrad,MT
8,Ruth,3,18,Ruth 3:18,20,דָּבָ֖ר,DBR/,subs.NA.NA,,Leningrad,MT
8,Ruth,3,18,Ruth 3:18,21,הַ,H,art.NA.NA,,Leningrad,MT
8,Ruth,3,18,Ruth 3:18,22,יֹּֽום׃,JWM/,subs.NA.NA,,Leningrad,MT
8,Ruth,4,1,Ruth 4:1,1,וּ,W,conj.NA.NA,,Leningrad,MT
8,Ruth,4,1,Ruth 4:1,2,בֹ֨עַז,B<Z/,nmpr.NA.NA,,Leningrad,MT
8,Ruth,4,1,Ruth 4:1,3,עָלָ֣ה,<LH[,verb.qal.perf,,Leningrad,MT
8,Ruth,4,1,Ruth 4:1,4,הַ,H,art.NA.NA,,Leningrad,MT
8,Ruth,4,1,Ruth 4:1,5,שַּׁעַר֮,C<R/,subs.NA.NA,,Leningrad,MT
8,Ruth,4,1,Ruth 4:1,6,וַ,W,conj.NA.NA,,Leningrad,MT
8,Ruth,4,1,Ruth 4:1,7,יֵּ֣שֶׁב,JCB[,verb.qal.wayq,,Leningrad,MT
8,Ruth,4,1,Ruth 4:1,8,שָׁם֒,CM,advb.NA.NA,,Leningrad,MT
8,Ruth,4,1,Ruth 4:1,9,וְ,W,conj.NA.NA,,Leningrad,MT
8,Ruth,4,1,Ruth 4:1,10,הִנֵּ֨ה,HNH,intj.NA.NA,,Leningrad,MT
8,Ruth,4,1,Ruth 4:1,11,הַ,H,art.NA.NA,,Leningrad,MT
8,Ruth,4,1,Ruth 4:1,12,גֹּאֵ֤ל,G>L[,verb.qal.ptca,,Leningrad,MT
8,Ruth,4,1,Ruth 4:1,13,עֹבֵר֙,<BR[,verb.qal.ptca,,Leningrad,MT
8,Ruth,4,1,Ruth 4:1,14,אֲשֶׁ֣ר,>CR,conj.NA.NA,,Leningrad,MT
8,Ruth,4,1,Ruth 4:1,15,דִּבֶּר־,DBR[,verb.piel.perf,,Leningrad,MT
8,Ruth,4,1,Ruth 4:1,16,בֹּ֔עַז,B<Z/,nmpr.NA.NA,,Leningrad,MT
8,Ruth,4,1,Ruth 4:1,17,וַ,W,conj.NA.NA,,Leningrad,MT
8,Ruth,4,1,Ruth 4:1,18,יֹּ֛אמֶר,>MR[,verb.qal.wayq,,Leningrad,MT
8,Ruth,4,1,Ruth 4:1,19,ס֥וּרָה,SWR[,verb.qal.impv,,Leningrad,MT
8,Ruth,4,1,Ruth 4:1,20,שְׁבָה־,JCB[,verb.qal.impv,,Leningrad,MT
8,Ruth,4,1,Ruth 4:1,21,פֹּ֖ה,PH,advb.NA.NA,,Leningrad,MT
8,Ruth,4,1,Ruth 4:1,22,פְּלֹנִ֣י,PLNJ/,subs.NA.NA,,Leningrad,MT
8,Ruth,4,1,Ruth 4:1,23,אַלְמֹנִ֑י,>LMNJ/,subs.NA.NA,,Leningrad,MT
8,Ruth,4,1,Ruth 4:1,24,וַ,W,conj.NA.NA,,Leningrad,MT
8,Ruth,4,1,Ruth 4:1,25,יָּ֖סַר,SWR[,verb.qal.wayq,,Leningrad,MT
8,Ruth,4,1,Ruth 4:1,26,וַ,W,conj.NA.NA,,Leningrad,MT
8,Ruth,4,1,Ruth 4:1,27,יֵּשֵֽׁב׃,JCB[,verb.qal.wayq,,Leningrad,MT
8,Ruth,4,2,Ruth 4:2,1,וַ,W,conj.NA.NA,,Leningrad,MT
8,Ruth,4,2,Ruth 4:2,2,יִּקַּ֞ח,LQX[,verb.qal.wayq,,Leningrad,MT
8,Ruth,4,2,Ruth 4:2,3,עֲשָׂרָ֧ה,<FRH=/,subs.NA.NA,,Leningrad,MT
8,Ruth,4,2,Ruth 4:2,4,אֲנָשִׁ֛ים,>JC/,subs.NA.NA,,Leningrad,MT
8,Ruth,4,2,Ruth 4:2,5,מִ,MN,prep.NA.NA,,Leningrad,MT
8,Ruth,4,2,Ruth 4:2,6,זִּקְנֵ֥י,ZQN/,adjv.NA.NA,,Leningrad,MT
8,Ruth,4,2,Ruth 4:2,7,הָ,H,art.NA.NA,,Leningrad,MT
8,Ruth,4,2,Ruth 4:2,8,עִ֖יר,<JR/,subs.NA.NA,,Leningrad,MT
8,Ruth,4,2,Ruth 4:2,9,וַ,W,conj.NA.NA,,Leningrad,MT
8,Ruth,4,2,Ruth 4:2,10,יֹּ֣אמֶר,>MR[,verb.qal.wayq,,Leningrad,MT
8,Ruth,4,2,Ruth 4:2,11,שְׁבוּ־,JCB[,verb.qal.impv,,Leningrad,MT
8,Ruth,4,2,Ruth 4:2,12,פֹ֑ה,PH,advb.NA.NA,,Leningrad,MT
8,Ruth,4,2,Ruth 4:2,13,וַ,W,conj.NA.NA,,Leningrad,MT
8,Ruth,4,2,Ruth 4:2,14,יֵּשֵֽׁבוּ׃,JCB[,verb.qal.wayq,,Leningrad,MT
8,Ruth,4,3,Ruth 4:3,1,וַ,W,conj.NA.NA,,Leningrad,MT
8,Ruth,4,3,Ruth 4:3,2,יֹּ֨אמֶר֙,>MR[,verb.qal.wayq,,Leningrad,MT
8,Ruth,4,3,Ruth 4:3,3,לַ,L,prep.NA.NA,,Leningrad,MT
8,Ruth,4,3,Ruth 4:3,4,,H,art.NA.NA,,Leningrad,MT
8,Ruth,4,3,Ruth 4:3,5,גֹּאֵ֔ל,G>L[,verb.qal.ptca,,Leningrad,MT
8,Ruth,4,3,Ruth 4:3,6,חֶלְקַת֙,XLQH/,subs.NA.NA,,Leningrad,MT
8,Ruth,4,3,Ruth 4:3,7,הַ,H,art.NA.NA,,Leningrad,MT
8,Ruth,4,3,Ruth 4:3,8,שָּׂדֶ֔ה,FDH/,subs.NA.NA,,Leningrad,MT
8,Ruth,4,3,Ruth 4:3,9,אֲשֶׁ֥ר,>CR,conj.NA.NA,,Leningrad,MT
8,Ruth,4,3,Ruth 4:3,10,לְ,L,prep.NA.NA,,Leningrad,MT
8,Ruth,4,3,Ruth 4:3,11,אָחִ֖ינוּ,>X/,subs.NA.NA,,Leningrad,MT
8,Ruth,4,3,Ruth 4:3,12,לֶ,L,prep.NA.NA,,Leningrad,MT
8,Ruth,4,3,Ruth 4:3,13,אֱלִימֶ֑לֶךְ,>LJMLK/,nmpr.NA.NA,,Leningrad,MT
8,Ruth,4,3,Ruth 4:3,14,מָכְרָ֣ה,MKR[,verb.qal.perf,,Leningrad,MT
8,Ruth,4,3,Ruth 4:3,15,נָעֳמִ֔י,N<MJ=/,nmpr.NA.NA,,Leningrad,MT
8,Ruth,4,3,Ruth 4:3,16,הַ,H,art.NA.NA,,Leningrad,MT
8,Ruth,4,3,Ruth 4:3,17,שָּׁ֖בָה,CWB[,verb.qal.perf,,Leningrad,MT
8,Ruth,4,3,Ruth 4:3,18,מִ,MN,prep.NA.NA,,Leningrad,MT
8,Ruth,4,3,Ruth 4:3,19,שְּׂדֵ֥ה,FDH/,subs.NA.NA,,Leningrad,MT
8,Ruth,4,3,Ruth 4:3,20,מֹואָֽב׃,MW>B/,nmpr.NA.NA,,Leningrad,MT
8,Ruth,4,4,Ruth 4:4,1,וַ,W,conj.NA.NA,,Leningrad,MT
8,Ruth,4,4,Ruth 4:4,2,אֲנִ֨י,>NJ,prps.NA.NA,,Leningrad,MT
8,Ruth,4,4,Ruth 4:4,3,אָמַ֜רְתִּי,>MR[,verb.qal.perf,,Leningrad,MT
8,Ruth,4,4,Ruth 4:4,4,אֶגְלֶ֧ה,GLH[,verb.qal.impf,,Leningrad,MT
8,Ruth,4,4,Ruth 4:4,5,אָזְנְךָ֣,>ZN/,subs.NA.NA,,Leningrad,MT
8,Ruth,4,4,Ruth 4:4,6,לֵ,L,prep.NA.NA,,Leningrad,MT
8,Ruth,4,4,Ruth 4:4,7,אמֹ֗ר,>MR[,verb.qal.infc,,Leningrad,MT
8,Ruth,4,4,Ruth 4:4,8,קְ֠נֵה,QNH[,verb.qal.impv,,Leningrad,MT
8,Ruth,4,4,Ruth 4:4,9,נֶ֥גֶד,NGD/,subs.NA.NA,,Leningrad,MT
8,Ruth,4,4,Ruth 4:4,10,הַֽ,H,art.NA.NA,,Leningrad,MT
8,Ruth,4,4,Ruth 4:4,11,יֹּשְׁבִים֮,JCB[,verb.qal.ptca,,Leningrad,MT
8,Ruth,4,4,Ruth 4:4,12,וְ,W,conj.NA.NA,,Leningrad,MT
8,Ruth,4,4,Ruth 4:4,13,נֶ֣גֶד,NGD/,subs.NA.NA,,Leningrad,MT
8,Ruth,4,4,Ruth 4:4,14,זִקְנֵ֣י,ZQN/,adjv.NA.NA,,Leningrad,MT
8,Ruth,4,4,Ruth 4:4,15,עַמִּי֒,<M/,subs.NA.NA,,Leningrad,MT
8,Ruth,4,4,Ruth 4:4,16,אִם־,>M,conj.NA.NA,,Leningrad,MT
8,Ruth,4,4,Ruth 4:4,17,תִּגְאַל֙,G>L[,verb.qal.impf,,Leningrad,MT
8,Ruth,4,4,Ruth 4:4,18,גְּאָ֔ל,G>L[,verb.qal.impv,,Leningrad,MT
8,Ruth,4,4,Ruth 4:4,19,וְ,W,conj.NA.NA,,Leningrad,MT
8,Ruth,4,4,Ruth 4:4,20,אִם־,>M,conj.NA.NA,,Leningrad,MT
8,Ruth,4,4,Ruth 4:4,21,לֹ֨א,L>,nega.NA.NA,,Leningrad,MT
8,Ruth,4,4,Ruth 4:4,22,יִגְאַ֜ל,G>L[,verb.qal.impf,,Leningrad,MT
8,Ruth,4,4,Ruth 4:4,23,הַגִּ֣ידָה,NGD[,verb.hif.impv,,Leningrad,MT
8,Ruth,4,4,Ruth 4:4,24,לִּ֗י,L,prep.NA.NA,,Leningrad,MT
8,Ruth,4,4,Ruth 4:4,25,וְ,W,conj.NA.NA,,Leningrad,MT
8,Ruth,4,4,Ruth 4:4,26,אֵֽדְעָה֙,JD<[,verb.qal.impf,,Leningrad,MT
8,Ruth,4,4,Ruth 4:4,27,כִּ֣י,KJ,conj.NA.NA,,Leningrad,MT
8,Ruth,4,4,Ruth 4:4,28,אֵ֤ין,>JN/,subs.NA.NA,,Leningrad,MT
8,Ruth,4,4,Ruth 4:4,29,זוּלָֽתְךָ֙,ZWLH/,subs.NA.NA,,Leningrad,MT
8,Ruth,4,4,Ruth 4:4,30,לִ,L,prep.NA.NA,,Leningrad,MT
8,Ruth,4,4,Ruth 4:4,31,גְאֹ֔ול,G>L[,verb.qal.infc,,Leningrad,MT
8,Ruth,4,4,Ruth 4:4,32,וְ,W,conj.NA.NA,,Leningrad,MT
8,Ruth,4,4,Ruth 4:4,33,אָנֹכִ֖י,>NKJ,prps.NA.NA,,Leningrad,MT
8,Ruth,4,4,Ruth 4:4,34,אַחֲרֶ֑יךָ,>XR/,subs.NA.NA,,Leningrad,MT
8,Ruth,4,4,Ruth 4:4,35,וַ,W,conj.NA.NA,,Leningrad,MT
8,Ruth,4,4,Ruth 4:4,36,יֹּ֖אמֶר,>MR[,verb.qal.wayq,,Leningrad,MT
8,Ruth,4,4,Ruth 4:4,37,אָנֹכִ֥י,>NKJ,prps.NA.NA,,Leningrad,MT
8,Ruth,4,4,Ruth 4:4,38,אֶגְאָֽל׃,G>L[,verb.qal.impf,,Leningrad,MT
8,Ruth,4,5,Ruth 4:5,1,וַ,W,conj.NA.NA,,Leningrad,MT
8,Ruth,4,5,Ruth 4:5,2,יֹּ֣אמֶר,>MR[,verb.qal.wayq,,Leningrad,MT
8,Ruth,4,5,Ruth 4:5,3,בֹּ֔עַז,B<Z/,nmpr.NA.NA,,Leningrad,MT
8,Ruth,4,5,Ruth 4:5,4,בְּ,B,prep.NA.NA,,Leningrad,MT
8,Ruth,4,5,Ruth 4:5,5,יֹום־,JWM/,subs.NA.NA,,Leningrad,MT
8,Ruth,4,5,Ruth 4:5,6,קְנֹותְךָ֥,QNH[,verb.qal.infc,,Leningrad,MT
8,Ruth,4,5,Ruth 4:5,7,הַ,H,art.NA.NA,,Leningrad,MT
8,Ruth,4,5,Ruth 4:5,8,שָּׂדֶ֖ה,FDH/,subs.NA.NA,,Leningrad,MT
8,Ruth,4,5,Ruth 4:5,9,מִ,MN,prep.NA.NA,,Leningrad,MT
8,Ruth,4,5,Ruth 4:5,10,יַּ֣ד,JD/,subs.NA.NA,,Leningrad,MT
8,Ruth,4,5,Ruth 4:5,11,נָעֳמִ֑י,N<MJ=/,nmpr.NA.NA,,Leningrad,MT
8,Ruth,4,5,Ruth 4:5,12,וּ֠,W,conj.NA.NA,,Leningrad,MT
8,Ruth,4,5,Ruth 4:5,13,מֵ,MN,prep.NA.NA,,Leningrad,MT
8,Ruth,4,5,Ruth 4:5,14,אֵת,>T==,prep.NA.NA,,Leningrad,MT
8,Ruth,4,5,Ruth 4:5,15,ר֣וּת,RWT/,nmpr.NA.NA,,Leningrad,MT
8,Ruth,4,5,Ruth 4:5,16,הַ,H,art.NA.NA,,Leningrad,MT
8,Ruth,4,5,Ruth 4:5,17,מֹּואֲבִיָּ֤ה,MW>BJ/,adjv.NA.NA,,Leningrad,MT
8,Ruth,4,5,Ruth 4:5,18,אֵֽשֶׁת־,>CH/,subs.NA.NA,,Leningrad,MT
8,Ruth,4,5,Ruth 4:5,19,הַ,H,art.NA.NA,,Leningrad,MT
8,Ruth,4,5,Ruth 4:5,20,מֵּת֙,MWT[,verb.qal.ptca,,Leningrad,MT
8,Ruth,4,5,Ruth 4:5,21,קָנִ֔יתָה,QNH[,verb.qal.perf,,Leningrad,MT
8,Ruth,4,5,Ruth 4:5,22,לְ,L,prep.NA.NA,,Leningrad,MT
8,Ruth,4,5,Ruth 4:5,23,הָקִ֥ים,QWM[,verb.hif.infc,,Leningrad,MT
8,Ruth,4,5,Ruth 4:5,24,שֵׁם־,CM/,subs.NA.NA,,Leningrad,MT
8,Ruth,4,5,Ruth 4:5,25,הַ,H,art.NA.NA,,Leningrad,MT
8,Ruth,4,5,Ruth 4:5,26,מֵּ֖ת,MWT[,verb.qal.ptca,,Leningrad,MT
8,Ruth,4,5,Ruth 4:5,27,עַל־,<L,prep.NA.NA,,Leningrad,MT
8,Ruth,4,5,Ruth 4:5,28,נַחֲלָתֹֽו׃,NXLH/,subs.NA.NA,,Leningrad,MT
8,Ruth,4,6,Ruth 4:6,1,וַ,W,conj.NA.NA,,Leningrad,MT
8,Ruth,4,6,Ruth 4:6,2,יֹּ֣אמֶר,>MR[,verb.qal.wayq,,Leningrad,MT
8,Ruth,4,6,Ruth 4:6,3,הַ,H,art.NA.NA,,Leningrad,MT
8,Ruth,4,6,Ruth 4:6,4,גֹּאֵ֗ל,G>L[,verb.qal.ptca,,Leningrad,MT
8,Ruth,4,6,Ruth 4:6,5,לֹ֤א,L>,nega.NA.NA,,Leningrad,MT
8,Ruth,4,6,Ruth 4:6,6,אוּכַל֙,JKL[,verb.qal.impf,,Leningrad,MT
8,Ruth,4,6,Ruth 4:6,7,לִ,L,prep.NA.NA,,Leningrad,MT
8,Ruth,4,6,Ruth 4:6,8,גְאָל־,G>L[,verb.qal.infc,,Leningrad,MT
8,Ruth,4,6,Ruth 4:6,9,לִ֔י,L,prep.NA.NA,,Leningrad,MT
8,Ruth,4,6,Ruth 4:6,10,פֶּן־,PN,conj.NA.NA,,Leningrad,MT
8,Ruth,4,6,Ruth 4:6,11,אַשְׁחִ֖ית,CXT[,verb.hif.impf,,Leningrad,MT
8,Ruth,4,6,Ruth 4:6,12,אֶת־,>T,prep.NA.NA,,Leningrad,MT
8,Ruth,4,6,Ruth 4:6,13,נַחֲלָתִ֑י,NXLH/,subs.NA.NA,,Leningrad,MT
8,Ruth,4,6,Ruth 4:6,14,גְּאַל־,G>L[,verb.qal.impv,,Leningrad,MT
8,Ruth,4,6,Ruth 4:6,15,לְךָ֤,L,prep.NA.NA,,Leningrad,MT
8,Ruth,4,6,Ruth 4:6,16,אַתָּה֙,>TH,prps.NA.NA,,Leningrad,MT
8,Ruth,4,6,Ruth 4:6,17,אֶת־,>T,prep.NA.NA,,Leningrad,MT
8,Ruth,4,6,Ruth 4:6,18,גְּאֻלָּתִ֔י,G>LH/,subs.NA.NA,,Leningrad,MT
8,Ruth,4,6,Ruth 4:6,19,כִּ֥י,KJ,conj.NA.NA,,Leningrad,MT
8,Ruth,4,6,Ruth 4:6,20,לֹא־,L>,nega.NA.NA,,Leningrad,MT
8,Ruth,4,6,Ruth 4:6,21,אוּכַ֖ל,JKL[,verb.qal.impf,,Leningrad,MT
8,Ruth,4,6,Ruth 4:6,22,לִ,L,prep.NA.NA,,Leningrad,MT
8,Ruth,4,6,Ruth 4:6,23,גְאֹֽל׃,G>L[,verb.qal.infc,,Leningrad,MT
8,Ruth,4,7,Ruth 4:7,1,וְ,W,conj.NA.NA,,Leningrad,MT
8,Ruth,4,7,Ruth 4:7,2,זֹאת֩,Z>T,prde.NA.NA,,Leningrad,MT
8,Ruth,4,7,Ruth 4:7,3,לְ,L,prep.NA.NA,,Leningrad,MT
8,Ruth,4,7,Ruth 4:7,4,פָנִ֨ים,PNH/,subs.NA.NA,,Leningrad,MT
8,Ruth,4,7,Ruth 4:7,5,בְּ,B,prep.NA.NA,,Leningrad,MT
8,Ruth,4,7,Ruth 4:7,6,יִשְׂרָאֵ֜ל,JFR>L/,nmpr.NA.NA,,Leningrad,MT
8,Ruth,4,7,Ruth 4:7,7,עַל־,<L,prep.NA.NA,,Leningrad,MT
8,Ruth,4,7,Ruth 4:7,8,הַ,H,art.NA.NA,,Leningrad,MT
8,Ruth,4,7,Ruth 4:7,9,גְּאוּלָּ֤ה,G>LH/,subs.NA.NA,,Leningrad,MT
8,Ruth,4,7,Ruth 4:7,10,וְ,W,conj.NA.NA,,Leningrad,MT
8,Ruth,4,7,Ruth 4:7,11,עַל־,<L,prep.NA.NA,,Leningrad,MT
8,Ruth,4,7,Ruth 4:7,12,הַ,H,art.NA.NA,,Leningrad,MT
8,Ruth,4,7,Ruth 4:7,13,תְּמוּרָה֙,TMWRH/,subs.NA.NA,,Leningrad,MT
8,Ruth,4,7,Ruth 4:7,14,לְ,L,prep.NA.NA,,Leningrad,MT
8,Ruth,4,7,Ruth 4:7,15,קַיֵּ֣ם,QWM[,verb.piel.infc,,Leningrad,MT
8,Ruth,4,7,Ruth 4:7,16,כָּל־,KL/,subs.NA.NA,,Leningrad,MT
8,Ruth,4,7,Ruth 4:7,17,דָּבָ֔ר,DBR/,subs.NA.NA,,Leningrad,MT
8,Ruth,4,7,Ruth 4:7,18,שָׁלַ֥ף,CLP[,verb.qal.perf,,Leningrad,MT
8,Ruth,4,7,Ruth 4:7,19,אִ֛ישׁ,>JC/,subs.NA.NA,,Leningrad,MT
8,Ruth,4,7,Ruth 4:7,20,נַעֲלֹ֖ו,N<L/,subs.NA.NA,,Leningrad,MT
8,Ruth,4,7,Ruth 4:7,21,וְ,W,conj.NA.NA,,Leningrad,MT
8,Ruth,4,7,Ruth 4:7,22,נָתַ֣ן,NTN[,verb.qal.perf,,Leningrad,MT
8,Ruth,4,7,Ruth 4:7,23,לְ,L,prep.NA.NA,,Leningrad,MT
8,Ruth,4,7,Ruth 4:7,24,רֵעֵ֑הוּ,R<=/,subs.NA.NA,,Leningrad,MT
8,Ruth,4,7,Ruth 4:7,25,וְ,W,conj.NA.NA,,Leningrad,MT
8,Ruth,4,7,Ruth 4:7,26,זֹ֥את,Z>T,prde.NA.NA,,Leningrad,MT
8,Ruth,4,7,Ruth 4:7,27,הַ,H,art.NA.NA,,Leningrad,MT
8,Ruth,4,7,Ruth 4:7,28,תְּעוּדָ֖ה,T<WDH/,subs.NA.NA,,Leningrad,MT
8,Ruth,4,7,Ruth 4:7,29,בְּ,B,prep.NA.NA,,Leningrad,MT
8,Ruth,4,7,Ruth 4:7,30,יִשְׂרָאֵֽל׃,JFR>L/,nmpr.NA.NA,,Leningrad,MT
8,Ruth,4,8,Ruth 4:8,1,וַ,W,conj.NA.NA,,Leningrad,MT
8,Ruth,4,8,Ruth 4:8,2,יֹּ֧אמֶר,>MR[,verb.qal.wayq,,Leningrad,MT
8,Ruth,4,8,Ruth 4:8,3,הַ,H,art.NA.NA,,Leningrad,MT
8,Ruth,4,8,Ruth 4:8,4,גֹּאֵ֛ל,G>L[,verb.qal.ptca,,Leningrad,MT
8,Ruth,4,8,Ruth 4:8,5,לְ,L,prep.NA.NA,,Leningrad,MT
8,Ruth,4,8,Ruth 4:8,6,בֹ֖עַז,B<Z/,nmpr.NA.NA,,Leningrad,MT
8,Ruth,4,8,Ruth 4:8,7,קְנֵה־,QNH[,verb.qal.impv,,Leningrad,MT
8,Ruth,4,8,Ruth 4:8,8,לָ֑ךְ,L,prep.NA.NA,,Leningrad,MT
8,Ruth,4,8,Ruth 4:8,9,וַ,W,conj.NA.NA,,Leningrad,MT
8,Ruth,4,8,Ruth 4:8,10,יִּשְׁלֹ֖ף,CLP[,verb.qal.wayq,,Leningrad,MT
8,Ruth,4,8,Ruth 4:8,11,נַעֲלֹֽו׃,N<L/,subs.NA.NA,,Leningrad,MT
8,Ruth,4,9,Ruth 4:9,1,וַ,W,conj.NA.NA,,Leningrad,MT
8,Ruth,4,9,Ruth 4:9,2,יֹּאמֶר֩,>MR[,verb.qal.wayq,,Leningrad,MT
8,Ruth,4,9,Ruth 4:9,3,בֹּ֨עַז,B<Z/,nmpr.NA.NA,,Leningrad,MT
8,Ruth,4,9,Ruth 4:9,4,לַ,L,prep.NA.NA,,Leningrad,MT
8,Ruth,4,9,Ruth 4:9,5,,H,art.NA.NA,,Leningrad,MT
8,Ruth,4,9,Ruth 4:9,6,זְּקֵנִ֜ים,ZQN/,adjv.NA.NA,,Leningrad,MT
8,Ruth,4,9,Ruth 4:9,7,וְ,W,conj.NA.NA,,Leningrad,MT
8,Ruth,4,9,Ruth 4:9,8,כָל־,KL/,subs.NA.NA,,Leningrad,MT
8,Ruth,4,9,Ruth 4:9,9,הָ,H,art.NA.NA,,Leningrad,MT
8,Ruth,4,9,Ruth 4:9,10,עָ֗ם,<M/,subs.NA.NA,,Leningrad,MT
8,Ruth,4,9,Ruth 4:9,11,עֵדִ֤ים,<D=/,subs.NA.NA,,Leningrad,MT
8,Ruth,4,9,Ruth 4:9,12,אַתֶּם֙,>TM,prps.NA.NA,,Leningrad,MT
8,Ruth,4,9,Ruth 4:9,13,הַ,H,art.NA.NA,,Leningrad,MT
8,Ruth,4,9,Ruth 4:9,14,יֹּ֔ום,JWM/,subs.NA.NA,,Leningrad,MT
8,Ruth,4,9,Ruth 4:9,15,כִּ֤י,KJ,conj.NA.NA,,Leningrad,MT
8,Ruth,4,9,Ruth 4:9,16,קָנִ֨יתִי֙,QNH[,verb.qal.perf,,Leningrad,MT
8,Ruth,4,9,Ruth 4:9,17,אֶת־,>T,prep.NA.NA,,Leningrad,MT
8,Ruth,4,9,Ruth 4:9,18,כָּל־,KL/,subs.NA.NA,,Leningrad,MT
8,Ruth,4,9,Ruth 4:9,19,אֲשֶׁ֣ר,>CR,conj.NA.NA,,Leningrad,MT
8,Ruth,4,9,Ruth 4:9,20,לֶֽ,L,prep.NA.NA,,Leningrad,MT
8,Ruth,4,9,Ruth 4:9,21,אֱלִימֶ֔לֶךְ,>LJMLK/,nmpr.NA.NA,,Leningrad,MT
8,Ruth,4,9,Ruth 4:9,22,וְ,W,conj.NA.NA,,Leningrad,MT
8,Ruth,4,9,Ruth 4:9,23,אֵ֛ת,>T,prep.NA.NA,,Leningrad,MT
8,Ruth,4,9,Ruth 4:9,24,כָּל־,KL/,subs.NA.NA,,Leningrad,MT
8,Ruth,4,9,Ruth 4:9,25,אֲשֶׁ֥ר,>CR,conj.NA.NA,,Leningrad,MT
8,Ruth,4,9,Ruth 4:9,26,לְ,L,prep.NA.NA,,Leningrad,MT
8,Ruth,4,9,Ruth 4:9,27,כִלְיֹ֖ון,KLJWN=/,nmpr.NA.NA,,Leningrad,MT
8,Ruth,4,9,Ruth 4:9,28,וּ,W,conj.NA.NA,,Leningrad,MT
8,Ruth,4,9,Ruth 4:9,29,מַחְלֹ֑ון,MXLWN/,nmpr.NA.NA,,Leningrad,MT
8,Ruth,4,9,Ruth 4:9,30,מִ,MN,prep.NA.NA,,Leningrad,MT
8,Ruth,4,9,Ruth 4:9,31,יַּ֖ד,JD/,subs.NA.NA,,Leningrad,MT
8,Ruth,4,9,Ruth 4:9,32,נָעֳמִֽי׃,N<MJ=/,nmpr.NA.NA,,Leningrad,MT
8,Ruth,4,10,Ruth 4:10,1,וְ,W,conj.NA.NA,,Leningrad,MT
8,Ruth,4,10,Ruth 4:10,2,גַ֣ם,GM,advb.NA.NA,,Leningrad,MT
8,Ruth,4,10,Ruth 4:10,3,אֶת־,>T,prep.NA.NA,,Leningrad,MT
8,Ruth,4,10,Ruth 4:10,4,ר֣וּת,RWT/,nmpr.NA.NA,,Leningrad,MT
8,Ruth,4,10,Ruth 4:10,5,הַ,H,art.NA.NA,,Leningrad,MT
8,Ruth,4,10,Ruth 4:10,6,מֹּאֲבִיָּה֩,MW>BJ/,adjv.NA.NA,,Leningrad,MT
8,Ruth,4,10,Ruth 4:10,7,אֵ֨שֶׁת,>CH/,subs.NA.NA,,Leningrad,MT
8,Ruth,4,10,Ruth 4:10,8,מַחְלֹ֜ון,MXLWN/,nmpr.NA.NA,,Leningrad,MT
8,Ruth,4,10,Ruth 4:10,9,קָנִ֧יתִי,QNH[,verb.qal.perf,,Leningrad,MT
8,Ruth,4,10,Ruth 4:10,10,לִ֣י,L,prep.NA.NA,,Leningrad,MT
8,Ruth,4,10,Ruth 4:10,11,לְ,L,prep.NA.NA,,Leningrad,MT
8,Ruth,4,10,Ruth 4:10,12,אִשָּׁ֗ה,>CH/,subs.NA.NA,,Leningrad,MT
8,Ruth,4,10,Ruth 4:10,13,לְ,L,prep.NA.NA,,Leningrad,MT
8,Ruth,4,10,Ruth 4:10,14,הָקִ֤ים,QWM[,verb.hif.infc,,Leningrad,MT
8,Ruth,4,10,Ruth 4:10,15,שֵׁם־,CM/,subs.NA.NA,,Leningrad,MT
8,Ruth,4,10,Ruth 4:10,16,הַ,H,art.NA.NA,,Leningrad,MT
8,Ruth,4,10,Ruth 4:10,17,מֵּת֙,MWT[,verb.qal.ptca,,Leningrad,MT
8,Ruth,4,10,Ruth 4:10,18,עַל־,<L,prep.NA.NA,,Leningrad,MT
8,Ruth,4,10,Ruth 4:10,19,נַ֣חֲלָתֹ֔ו,NXLH/,subs.NA.NA,,Leningrad,MT
8,Ruth,4,10,Ruth 4:10,20,וְ,W,conj.NA.NA,,Leningrad,MT
8,Ruth,4,10,Ruth 4:10,21,לֹא־,L>,nega.NA.NA,,Leningrad,MT
8,Ruth,4,10,Ruth 4:10,22,יִכָּרֵ֧ת,KRT[,verb.nif.impf,,Leningrad,MT
8,Ruth,4,10,Ruth 4:10,23,שֵׁם־,CM/,subs.NA.NA,,Leningrad,MT
8,Ruth,4,10,Ruth 4:10,24,הַ,H,art.NA.NA,,Leningrad,MT
8,Ruth,4,10,Ruth 4:10,25,מֵּ֛ת,MWT[,verb.qal.ptca,,Leningrad,MT
8,Ruth,4,10,Ruth 4:10,26,מֵ,MN,prep.NA.NA,,Leningrad,MT
8,Ruth,4,10,Ruth 4:10,27,עִ֥ם,<M,prep.NA.NA,,Leningrad,MT
8,Ruth,4,10,Ruth 4:10,28,אֶחָ֖יו,>X/,subs.NA.NA,,Leningrad,MT
8,Ruth,4,10,Ruth 4:10,29,וּ,W,conj.NA.NA,,Leningrad,MT
8,Ruth,4,10,Ruth 4:10,30,מִ,MN,prep.NA.NA,,Leningrad,MT
8,Ruth,4,10,Ruth 4:10,31,שַּׁ֣עַר,C<R/,subs.NA.NA,,Leningrad,MT
8,Ruth,4,10,Ruth 4:10,32,מְקֹומֹ֑ו,MQWM/,subs.NA.NA,,Leningrad,MT
8,Ruth,4,10,Ruth 4:10,33,עֵדִ֥ים,<D=/,subs.NA.NA,,Leningrad,MT
8,Ruth,4,10,Ruth 4:10,34,אַתֶּ֖ם,>TM,prps.NA.NA,,Leningrad,MT
8,Ruth,4,10,Ruth 4:10,35,הַ,H,art.NA.NA,,Leningrad,MT
8,Ruth,4,10,Ruth 4:10,36,יֹּֽום׃,JWM/,subs.NA.NA,,Leningrad,MT
8,Ruth,4,11,Ruth 4:11,1,וַ,W,conj.NA.NA,,Leningrad,MT
8,Ruth,4,11,Ruth 4:11,2,יֹּ֨אמְר֜וּ,>MR[,verb.qal.wayq,,Leningrad,MT
8,Ruth,4,11,Ruth 4:11,3,כָּל־,KL/,subs.NA.NA,,Leningrad,MT
8,Ruth,4,11,Ruth 4:11,4,הָ,H,art.NA.NA,,Leningrad,MT
8,Ruth,4,11,Ruth 4:11,5,עָ֧ם,<M/,subs.NA.NA,,Leningrad,MT
8,Ruth,4,11,Ruth 4:11,6,אֲשֶׁר־,>CR,conj.NA.NA,,Leningrad,MT
8,Ruth,4,11,Ruth 4:11,7,בַּ,B,prep.NA.NA,,Leningrad,MT
8,Ruth,4,11,Ruth 4:11,8,,H,art.NA.NA,,Leningrad,MT
8,Ruth,4,11,Ruth 4:11,9,שַּׁ֛עַר,C<R/,subs.NA.NA,,Leningrad,MT
8,Ruth,4,11,Ruth 4:11,10,וְ,W,conj.NA.NA,,Leningrad,MT
8,Ruth,4,11,Ruth 4:11,11,הַ,H,art.NA.NA,,Leningrad,MT
8,Ruth,4,11,Ruth 4:11,12,זְּקֵנִ֖ים,ZQN/,adjv.NA.NA,,Leningrad,MT
8,Ruth,4,11,Ruth 4:11,13,עֵדִ֑ים,<D=/,subs.NA.NA,,Leningrad,MT
8,Ruth,4,11,Ruth 4:11,14,יִתֵּן֩,NTN[,verb.qal.impf,,Leningrad,MT
8,Ruth,4,11,Ruth 4:11,15,יְהוָ֨ה,JHWH/,nmpr.NA.NA,,Leningrad,MT
8,Ruth,4,11,Ruth 4:11,16,אֶֽת־,>T,prep.NA.NA,,Leningrad,MT
8,Ruth,4,11,Ruth 4:11,17,הָ,H,art.NA.NA,,Leningrad,MT
8,Ruth,4,11,Ruth 4:11,18,אִשָּׁ֜ה,>CH/,subs.NA.NA,,Leningrad,MT
8,Ruth,4,11,Ruth 4:11,19,הַ,H,art.NA.NA,,Leningrad,MT
8,Ruth,4,11,Ruth 4:11,20,בָּאָ֣ה,BW>[,verb.qal.ptca,,Leningrad,MT
8,Ruth,4,11,Ruth 4:11,21,אֶל־,>L,prep.NA.NA,,Leningrad,MT
8,Ruth,4,11,Ruth 4:11,22,בֵּיתֶ֗ךָ,BJT/,subs.NA.NA,,Leningrad,MT
8,Ruth,4,11,Ruth 4:11,23,כְּ,K,prep.NA.NA,,Leningrad,MT
8,Ruth,4,11,Ruth 4:11,24,רָחֵ֤ל׀,RXL=/,nmpr.NA.NA,,Leningrad,MT
8,Ruth,4,11,Ruth 4:11,25,וּ,W,conj.NA.NA,,Leningrad,MT
8,Ruth,4,11,Ruth 4:11,26,כְ,K,prep.NA.NA,,Leningrad,MT
8,Ruth,4,11,Ruth 4:11,27,לֵאָה֙,L>H/,nmpr.NA.NA,,Leningrad,MT
8,Ruth,4,11,Ruth 4:11,28,אֲשֶׁ֨ר,>CR,conj.NA.NA,,Leningrad,MT
8,Ruth,4,11,Ruth 4:11,29,בָּנ֤וּ,BNH[,verb.qal.perf,,Leningrad,MT
8,Ruth,4,11,Ruth 4:11,30,שְׁתֵּיהֶם֙,CNJM/,subs.NA.NA,,Leningrad,MT
8,Ruth,4,11,Ruth 4:11,31,אֶת־,>T,prep.NA.NA,,Leningrad,MT
8,Ruth,4,11,Ruth 4:11,32,בֵּ֣ית,BJT/,subs.NA.NA,,Leningrad,MT
8,Ruth,4,11,Ruth 4:11,33,יִשְׂרָאֵ֔ל,JFR>L/,nmpr.NA.NA,,Leningrad,MT
8,Ruth,4,11,Ruth 4:11,34,וַ,W,conj.NA.NA,,Leningrad,MT
8,Ruth,4,11,Ruth 4:11,35,עֲשֵׂה־,<FH[,verb.qal.impv,,Leningrad,MT
8,Ruth,4,11,Ruth 4:11,36,חַ֣יִל,XJL/,subs.NA.NA,,Leningrad,MT
8,Ruth,4,11,Ruth 4:11,37,בְּ,B,prep.NA.NA,,Leningrad,MT
8,Ruth,4,11,Ruth 4:11,38,אֶפְרָ֔תָה,>PRTH/,nmpr.NA.NA,,Leningrad,MT
8,Ruth,4,11,Ruth 4:11,39,וּ,W,conj.NA.NA,,Leningrad,MT
8,Ruth,4,11,Ruth 4:11,40,קְרָא־,QR>[,verb.qal.impv,,Leningrad,MT
8,Ruth,4,11,Ruth 4:11,41,שֵׁ֖ם,CM/,subs.NA.NA,,Leningrad,MT
8,Ruth,4,11,Ruth 4:11,42,בְּ,B,prep.NA.NA,,Leningrad,MT
8,Ruth,4,11,Ruth 4:11,43,בֵ֥ית לָֽחֶם׃,BJT_LXM/,nmpr.NA.NA,,Leningrad,MT
8,Ruth,4,12,Ruth 4:12,1,וִ,W,conj.NA.NA,,Leningrad,MT
8,Ruth,4,12,Ruth 4:12,2,יהִ֤י,HJH[,verb.qal.impf,,Leningrad,MT
8,Ruth,4,12,Ruth 4:12,3,בֵֽיתְךָ֙,BJT/,subs.NA.NA,,Leningrad,MT
8,Ruth,4,12,Ruth 4:12,4,כְּ,K,prep.NA.NA,,Leningrad,MT
8,Ruth,4,12,Ruth 4:12,5,בֵ֣ית,BJT/,subs.NA.NA,,Leningrad,MT
8,Ruth,4,12,Ruth 4:12,6,פֶּ֔רֶץ,PRY=/,nmpr.NA.NA,,Leningrad,MT
8,Ruth,4,12,Ruth 4:12,7,אֲשֶׁר־,>CR,conj.NA.NA,,Leningrad,MT
8,Ruth,4,12,Ruth 4:12,8,יָלְדָ֥ה,JLD[,verb.qal.perf,,Leningrad,MT
8,Ruth,4,12,Ruth 4:12,9,תָמָ֖ר,TMR===/,nmpr.NA.NA,,Leningrad,MT
8,Ruth,4,12,Ruth 4:12,10,לִֽ,L,prep.NA.NA,,Leningrad,MT
8,Ruth,4,12,Ruth 4:12,11,יהוּדָ֑ה,JHWDH/,nmpr.NA.NA,,Leningrad,MT
8,Ruth,4,12,Ruth 4:12,12,מִן־,MN,prep.NA.NA,,Leningrad,MT
8,Ruth,4,12,Ruth 4:12,13,הַ,H,art.NA.NA,,Leningrad,MT
8,Ruth,4,12,Ruth 4:12,14,זֶּ֗רַע,ZR</,subs.NA.NA,,Leningrad,MT
8,Ruth,4,12,Ruth 4:12,15,אֲשֶׁ֨ר,>CR,conj.NA.NA,,Leningrad,MT
8,Ruth,4,12,Ruth 4:12,16,יִתֵּ֤ן,NTN[,verb.qal.impf,,Leningrad,MT
8,Ruth,4,12,Ruth 4:12,17,יְהוָה֙,JHWH/,nmpr.NA.NA,,Leningrad,MT
8,Ruth,4,12,Ruth 4:12,18,לְךָ֔,L,prep.NA.NA,,Leningrad,MT
8,Ruth,4,12,Ruth 4:12,19,מִן־,MN,prep.NA.NA,,Leningrad,MT
8,Ruth,4,12,Ruth 4:12,20,הַֽ,H,art.NA.NA,,Leningrad,MT
8,Ruth,4,12,Ruth 4:12,21,נַּעֲרָ֖ה,N<RH/,subs.NA.NA,,Leningrad,MT
8,Ruth,4,12,Ruth 4:12,22,הַ,H,art.NA.NA,,Leningrad,MT
8,Ruth,4,12,Ruth 4:12,23,זֹּֽאת׃,Z>T,prde.NA.NA,,Leningrad,MT
8,Ruth,4,13,Ruth 4:13,1,וַ,W,conj.NA.NA,,Leningrad,MT
8,Ruth,4,13,Ruth 4:13,2,יִּקַּ֨ח,LQX[,verb.qal.wayq,,Leningrad,MT
8,Ruth,4,13,Ruth 4:13,3,בֹּ֤עַז,B<Z/,nmpr.NA.NA,,Leningrad,MT
8,Ruth,4,13,Ruth 4:13,4,אֶת־,>T,prep.NA.NA,,Leningrad,MT
8,Ruth,4,13,Ruth 4:13,5,רוּת֙,RWT/,nmpr.NA.NA,,Leningrad,MT
8,Ruth,4,13,Ruth 4:13,6,וַ,W,conj.NA.NA,,Leningrad,MT
8,Ruth,4,13,Ruth 4:13,7,תְּהִי־,HJH[,verb.qal.wayq,,Leningrad,MT
8,Ruth,4,13,Ruth 4:13,8,לֹ֣ו,L,prep.NA.NA,,Leningrad,MT
8,Ruth,4,13,Ruth 4:13,9,לְ,L,prep.NA.NA,,Leningrad,MT
8,Ruth,4,13,Ruth 4:13,10,אִשָּׁ֔ה,>CH/,subs.NA.NA,,Leningrad,MT
8,Ruth,4,13,Ruth 4:13,11,וַ,W,conj.NA.NA,,Leningrad,MT
8,Ruth,4,13,Ruth 4:13,12,יָּבֹ֖א,BW>[,verb.qal.wayq,,Leningrad,MT
8,Ruth,4,13,Ruth 4:13,13,אֵלֶ֑יהָ,>L,prep.NA.NA,,Leningrad,MT
8,Ruth,4,13,Ruth 4:13,14,וַ,W,conj.NA.NA,,Leningrad,MT
8,Ruth,4,13,Ruth 4:13,15,יִּתֵּ֨ן,NTN[,verb.qal.wayq,,Leningrad,MT
8,Ruth,4,13,Ruth 4:13,16,יְהוָ֥ה,JHWH/,nmpr.NA.NA,,Leningrad,MT
8,Ruth,4,13,Ruth 4:13,17,לָ֛הּ,L,prep.NA.NA,,Leningrad,MT
8,Ruth,4,13,Ruth 4:13,18,הֵרָיֹ֖ון,HRJWN/,subs.NA.NA,,Leningrad,MT
8,Ruth,4,13,Ruth 4:13,19,וַ,W,conj.NA.NA,,Leningrad,MT
8,Ruth,4,13,Ruth 4:13,20,תֵּ֥לֶד,JLD[,verb.qal.wayq,,Leningrad,MT
8,Ruth,4,13,Ruth 4:13,21,בֵּֽן׃,BN/,subs.NA.NA,,Leningrad,MT
8,Ruth,4,14,Ruth 4:14,1,וַ,W,conj.NA.NA,,Leningrad,MT
8,Ruth,4,14,Ruth 4:14,2,תֹּאמַ֤רְנָה,>MR[,verb.qal.wayq,,Leningrad,MT
8,Ruth,4,14,Ruth 4:14,3,הַ,H,art.NA.NA,,Leningrad,MT
8,Ruth,4,14,Ruth 4:14,4,נָּשִׁים֙,>CH/,subs.NA.NA,,Leningrad,MT
8,Ruth,4,14,Ruth 4:14,5,אֶֽל־,>L,prep.NA.NA,,Leningrad,MT
8,Ruth,4,14,Ruth 4:14,6,נָעֳמִ֔י,N<MJ=/,nmpr.NA.NA,,Leningrad,MT
8,Ruth,4,14,Ruth 4:14,7,בָּר֣וּךְ,BRK[,verb.qal.ptcp,,Leningrad,MT
8,Ruth,4,14,Ruth 4:14,8,יְהוָ֔ה,JHWH/,nmpr.NA.NA,,Leningrad,MT
8,Ruth,4,14,Ruth 4:14,9,אֲ֠שֶׁר,>CR,conj.NA.NA,,Leningrad,MT
8,Ruth,4,14,Ruth 4:14,10,לֹ֣א,L>,nega.NA.NA,,Leningrad,MT
8,Ruth,4,14,Ruth 4:14,11,הִשְׁבִּ֥ית,CBT[,verb.hif.perf,,Leningrad,MT
8,Ruth,4,14,Ruth 4:14,12,לָ֛ךְ,L,prep.NA.NA,,Leningrad,MT
8,Ruth,4,14,Ruth 4:14,13,גֹּאֵ֖ל,G>L[,verb.qal.ptca,,Leningrad,MT
8,Ruth,4,14,Ruth 4:14,14,הַ,H,art.NA.NA,,Leningrad,MT
8,Ruth,4,14,Ruth 4:14,15,יֹּ֑ום,JWM/,subs.NA.NA,,Leningrad,MT
8,Ruth,4,14,Ruth 4:14,16,וְ,W,conj.NA.NA,,Leningrad,MT
8,Ruth,4,14,Ruth 4:14,17,יִקָּרֵ֥א,QR>[,verb.nif.impf,,Leningrad,MT
8,Ruth,4,14,Ruth 4:14,18,שְׁמֹ֖ו,CM/,subs.NA.NA,,Leningrad,MT
8,Ruth,4,14,Ruth 4:14,19,בְּ,B,prep.NA.NA,,Leningrad,MT
8,Ruth,4,14,Ruth 4:14,20,יִשְׂרָאֵֽל׃,JFR>L/,nmpr.NA.NA,,Leningrad,MT
8,Ruth,4,15,Ruth 4:15,1,וְ,W,conj.NA.NA,,Leningrad,MT
8,Ruth,4,15,Ruth 4:15,2,הָ֤יָה,HJH[,verb.qal.perf,,Leningrad,MT
8,Ruth,4,15,Ruth 4:15,3,לָךְ֙,L,prep.NA.NA,,Leningrad,MT
8,Ruth,4,15,Ruth 4:15,4,לְ,L,prep.NA.NA,,Leningrad,MT
8,Ruth,4,15,Ruth 4:15,5,מֵשִׁ֣יב,CWB[,verb.hif.ptca,,Leningrad,MT
8,Ruth,4,15,Ruth 4:15,6,נֶ֔פֶשׁ,NPC/,subs.NA.NA,,Leningrad,MT
8,Ruth,4,15,Ruth 4:15,7,וּ,W,conj.NA.NA,,Leningrad,MT
8,Ruth,4,15,Ruth 4:15,8,לְ,L,prep.NA.NA,,Leningrad,MT
8,Ruth,4,15,Ruth 4:15,9,כַלְכֵּ֖ל,KWL[,verb.piel.infc,,Leningrad,MT
8,Ruth,4,15,Ruth 4:15,10,אֶת־,>T,prep.NA.NA,,Leningrad,MT
8,Ruth,4,15,Ruth 4:15,11,שֵׂיבָתֵ֑ךְ,FJBH/,subs.NA.NA,,Leningrad,MT
8,Ruth,4,15,Ruth 4:15,12,כִּ֣י,KJ,conj.NA.NA,,Leningrad,MT
8,Ruth,4,15,Ruth 4:15,13,כַלָּתֵ֤ךְ,KLH/,subs.NA.NA,,Leningrad,MT
8,Ruth,4,15,Ruth 4:15,14,אֲֽשֶׁר־,>CR,conj.NA.NA,,Leningrad,MT
8,Ruth,4,15,Ruth 4:15,15,אֲהֵבַ֨תֶךְ֙,>HB[,verb.qal.perf,,Leningrad,MT
8,Ruth,4,15,Ruth 4:15,16,יְלָדַ֔תּוּ,JLD[,verb.qal.perf,,Leningrad,MT
8,Ruth,4,15,Ruth 4:15,17,אֲשֶׁר־,>CR,conj.NA.NA,,Leningrad,MT
8,Ruth,4,15,Ruth 4:15,18,הִיא֙,HJ>,prps.NA.NA,,Leningrad,MT
8,Ruth,4,15,Ruth 4:15,19,טֹ֣ובָה,VWB/,adjv.NA.NA,,Leningrad,MT
8,Ruth,4,15,Ruth 4:15,20,לָ֔ךְ,L,prep.NA.NA,,Leningrad,MT
8,Ruth,4,15,Ruth 4:15,21,מִ,MN,prep.NA.NA,,Leningrad,MT
8,Ruth,4,15,Ruth 4:15,22,שִּׁבְעָ֖ה,CB</,subs.NA.NA,,Leningrad,MT
8,Ruth,4,15,Ruth 4:15,23,בָּנִֽים׃,BN/,subs.NA.NA,,Leningrad,MT
8,Ruth,4,16,Ruth 4:16,1,וַ,W,conj.NA.NA,,Leningrad,MT
8,Ruth,4,16,Ruth 4:16,2,תִּקַּ֨ח,LQX[,verb.qal.wayq,,Leningrad,MT
8,Ruth,4,16,Ruth 4:16,3,נָעֳמִ֤י,N<MJ=/,nmpr.NA.NA,,Leningrad,MT
8,Ruth,4,16,Ruth 4:16,4,אֶת־,>T,prep.NA.NA,,Leningrad,MT
8,Ruth,4,16,Ruth 4:16,5,הַ,H,art.NA.NA,,Leningrad,MT
8,Ruth,4,16,Ruth 4:16,6,יֶּ֨לֶד֙,JLD/,subs.NA.NA,,Leningrad,MT
8,Ruth,4,16,Ruth 4:16,7,וַ,W,conj.NA.NA,,Leningrad,MT
8,Ruth,4,16,Ruth 4:16,8,תְּשִׁתֵ֣הוּ,CJT[,verb.qal.wayq,,Leningrad,MT
8,Ruth,4,16,Ruth 4:16,9,בְ,B,prep.NA.NA,,Leningrad,MT
8,Ruth,4,16,Ruth 4:16,10,חֵיקָ֔הּ,XJQ/,subs.NA.NA,,Leningrad,MT
8,Ruth,4,16,Ruth 4:16,11,וַ,W,conj.NA.NA,,Leningrad,MT
8,Ruth,4,16,Ruth 4:16,12,תְּהִי־,HJH[,verb.qal.wayq,,Leningrad,MT
8,Ruth,4,16,Ruth 4:16,13,לֹ֖ו,L,prep.NA.NA,,Leningrad,MT
8,Ruth,4,16,Ruth 4:16,14,לְ,L,prep.NA.NA,,Leningrad,MT
8,Ruth,4,16,Ruth 4:16,15,אֹמֶֽנֶת׃,>MN[,verb.qal.ptca,,Leningrad,MT
8,Ruth,4,17,Ruth 4:17,1,וַ,W,conj.NA.NA,,Leningrad,MT
8,Ruth,4,17,Ruth 4:17,2,תִּקְרֶאנָה֩,QR>[,verb.qal.wayq,,Leningrad,MT
8,Ruth,4,17,Ruth 4:17,3,לֹ֨ו,L,prep.NA.NA,,Leningrad,MT
8,Ruth,4,17,Ruth 4:17,4,הַ,H,art.NA.NA,,Leningrad,MT
8,Ruth,4,17,Ruth 4:17,5,שְּׁכֵנֹ֥ות,CKN/,subs.NA.NA,,Leningrad,MT
8,Ruth,4,17,Ruth 4:17,6,שֵׁם֙,CM/,subs.NA.NA,,Leningrad,MT
8,Ruth,4,17,Ruth 4:17,7,לֵ,L,prep.NA.NA,,Leningrad,MT
8,Ruth,4,17,Ruth 4:17,8,אמֹ֔ר,>MR[,verb.qal.infc,,Leningrad,MT
8,Ruth,4,17,Ruth 4:17,9,יֻלַּד־,JLD[,verb.pual.perf,,Leningrad,MT
8,Ruth,4,17,Ruth 4:17,10,בֵּ֖ן,BN/,subs.NA.NA,,Leningrad,MT
8,Ruth,4,17,Ruth 4:17,11,לְ,L,prep.NA.NA,,Leningrad,MT
8,Ruth,4,17,Ruth 4:17,12,נָעֳמִ֑י,N<MJ=/,nmpr.NA.NA,,Leningrad,MT
8,Ruth,4,17,Ruth 4:17,13,וַ,W,conj.NA.NA,,Leningrad,MT
8,Ruth,4,17,Ruth 4:17,14,תִּקְרֶ֤אנָֽה,QR>[,verb.qal.wayq,,Leningrad,MT
8,Ruth,4,17,Ruth 4:17,15,שְׁמֹו֙,CM/,subs.NA.NA,,Leningrad,MT
8,Ruth,4,17,Ruth 4:17,16,עֹובֵ֔ד,<WBD/,nmpr.NA.NA,,Leningrad,MT
8,Ruth,4,17,Ruth 4:17,17,ה֥וּא,HW>,prps.NA.NA,,Leningrad,MT
8,Ruth,4,17,Ruth 4:17,18,אֲבִי־,>B/,subs.NA.NA,,Leningrad,MT
8,Ruth,4,17,Ruth 4:17,19,יִשַׁ֖י,JCJ/,nmpr.NA.NA,,Leningrad,MT
8,Ruth,4,17,Ruth 4:17,20,אֲבִ֥י,>B/,subs.NA.NA,,Leningrad,MT
8,Ruth,4,17,Ruth 4:17,21,דָוִֽד׃ פ,DWD==/,nmpr.NA.NA,,Leningrad,MT
8,Ruth,4,18,Ruth 4:18,1,וְ,W,conj.NA.NA,,Leningrad,MT
8,Ruth,4,18,Ruth 4:18,2,אֵ֨לֶּה֙,>LH,prde.NA.NA,,Leningrad,MT
8,Ruth,4,18,Ruth 4:18,3,תֹּולְדֹ֣ות,TWLDWT/,subs.NA.NA,,Leningrad,MT
8,Ruth,4,18,Ruth 4:18,4,פָּ֔רֶץ,PRY=/,nmpr.NA.NA,,Leningrad,MT
8,Ruth,4,18,Ruth 4:18,5,פֶּ֖רֶץ,PRY=/,nmpr.NA.NA,,Leningrad,MT
8,Ruth,4,18,Ruth 4:18,6,הֹולִ֥יד,JLD[,verb.hif.perf,,Leningrad,MT
8,Ruth,4,18,Ruth 4:18,7,אֶת־,>T,prep.NA.NA,,Leningrad,MT
8,Ruth,4,18,Ruth 4:18,8,חֶצְרֹֽון׃,XYRWN/,nmpr.NA.NA,,Leningrad,MT
8,Ruth,4,19,Ruth 4:19,1,וְ,W,conj.NA.NA,,Leningrad,MT
8,Ruth,4,19,Ruth 4:19,2,חֶצְרֹון֙,XYRWN/,nmpr.NA.NA,,Leningrad,MT
8,Ruth,4,19,Ruth 4:19,3,הֹולִ֣יד,JLD[,verb.hif.perf,,Leningrad,MT
8,Ruth,4,19,Ruth 4:19,4,אֶת־,>T,prep.NA.NA,,Leningrad,MT
8,Ruth,4,19,Ruth 4:19,5,רָ֔ם,RM/,nmpr.NA.NA,,Leningrad,MT
8,Ruth,4,19,Ruth 4:19,6,וְ,W,conj.NA.NA,,Leningrad,MT
8,Ruth,4,19,Ruth 4:19,7,רָ֖ם,RM/,nmpr.NA.NA,,Leningrad,MT
8,Ruth,4,19,Ruth 4:19,8,הֹולִ֥יד,JLD[,verb.hif.perf,,Leningrad,MT
8,Ruth,4,19,Ruth 4:19,9,אֶת־,>T,prep.NA.NA,,Leningrad,MT
8,Ruth,4,19,Ruth 4:19,10,עַמִּֽינָדָֽב׃,<MJNDB/,nmpr.NA.NA,,Leningrad,MT
8,Ruth,4,20,Ruth 4:20,1,וְ,W,conj.NA.NA,,Leningrad,MT
8,Ruth,4,20,Ruth 4:20,2,עַמִּֽינָדָב֙,<MJNDB/,nmpr.NA.NA,,Leningrad,MT
8,Ruth,4,20,Ruth 4:20,3,הֹולִ֣יד,JLD[,verb.hif.perf,,Leningrad,MT
8,Ruth,4,20,Ruth 4:20,4,אֶת־,>T,prep.NA.NA,,Leningrad,MT
8,Ruth,4,20,Ruth 4:20,5,נַחְשֹׁ֔ון,NXCWN/,nmpr.NA.NA,,Leningrad,MT
8,Ruth,4,20,Ruth 4:20,6,וְ,W,conj.NA.NA,,Leningrad,MT
8,Ruth,4,20,Ruth 4:20,7,נַחְשֹׁ֖ון,NXCWN/,nmpr.NA.NA,,Leningrad,MT
8,Ruth,4,20,Ruth 4:20,8,הֹולִ֥יד,JLD[,verb.hif.perf,,Leningrad,MT
8,Ruth,4,20,Ruth 4:20,9,אֶת־,>T,prep.NA.NA,,Leningrad,MT
8,Ruth,4,20,Ruth 4:20,10,שַׂלְמָֽה׃,FLMH=/,nmpr.NA.NA,,Leningrad,MT
8,Ruth,4,21,Ruth 4:21,1,וְ,W,conj.NA.NA,,Leningrad,MT
8,Ruth,4,21,Ruth 4:21,2,שַׂלְמֹון֙,FLMWN/,nmpr.NA.NA,,Leningrad,MT
8,Ruth,4,21,Ruth 4:21,3,הֹולִ֣יד,JLD[,verb.hif.perf,,Leningrad,MT
8,Ruth,4,21,Ruth 4:21,4,אֶת־,>T,prep.NA.NA,,Leningrad,MT
8,Ruth,4,21,Ruth 4:21,5,בֹּ֔עַז,B<Z/,nmpr.NA.NA,,Leningrad,MT
8,Ruth,4,21,Ruth 4:21,6,וּ,W,conj.NA.NA,,Leningrad,MT
8,Ruth,4,21,Ruth 4:21,7,בֹ֖עַז,B<Z/,nmpr.NA.NA,,Leningrad,MT
8,Ruth,4,21,Ruth 4:21,8,הֹולִ֥יד,JLD[,verb.hif.perf,,Leningrad,MT
8,Ruth,4,21,Ruth 4:21,9,אֶת־,>T,prep.NA.NA,,Leningrad,MT
8,Ruth,4,21,Ruth 4:21,10,עֹובֵֽד׃,<WBD/,nmpr.NA.NA,,Leningrad,MT
8,Ruth,4,22,Ruth 4:22,1,וְ,W,conj.NA.NA,,Leningrad,MT
8,Ruth,4,22,Ruth 4:22,2,עֹבֵד֙,<WBD/,nmpr.NA.NA,,Leningrad,MT
8,Ruth,4,22,Ruth 4:22,3,הֹולִ֣יד,JLD[,verb.hif.perf,,Leningrad,MT
8,Ruth,4,22,Ruth 4:22,4,אֶת־,>T,prep.NA.NA,,Leningrad,MT
8,Ruth,4,22,Ruth 4:22,5,יִשָׁ֔י,JCJ/,nmpr.NA.NA,,Leningrad,MT
8,Ruth,4,22,Ruth 4:22,6,וְ,W,conj.NA.NA,,Leningrad,MT
8,Ruth,4,22,Ruth 4:22,7,יִשַׁ֖י,JCJ/,nmpr.NA.NA,,Leningrad,MT
8,Ruth,4,22,Ruth 4:22,8,הֹולִ֥יד,JLD[,verb.hif.perf,,Leningrad,MT
8,Ruth,4,22,Ruth 4:22,9,אֶת־,>T,prep.NA.NA,,Leningrad,MT
8,Ruth,4,22,Ruth 4:22,10,דָּוִֽד׃,DWD==/,nmpr.NA.NA,,Leningrad,MT
