book_order,book,chapter,verse,reference,position,word_text,lemma,morph,strong,manuscript,tradition
17,Esther,1,2,Esther 1:2,1,ἐν,ἐν,P,G1722,Rahlfs,LXX
17,Esther,1,2,Esther 1:2,2,αὐταῖς,αὐτός,RD.DPF,G846,Rahlfs,LXX
17,Esther,1,2,Esther 1:2,3,ταῖς,ὁ,RA.DPF,G3588,Rahlfs,LXX
17,Esther,1,2,Esther 1:2,4,ἡμέραις,ἡμέρα,N.DPF,G2250,Rahlfs,LXX
17,Esther,1,2,Esther 1:2,5,ὅτε,ὅτε,D,G3753,Rahlfs,LXX
17,Esther,1,2,Esther 1:2,6,ἐθρονίσθη,θρονίζω,V.API3S,,Rahlfs,LXX
17,Esther,1,2,Esther 1:2,7,ὁ,ὁ,RA.NSM,G3588,Rahlfs,LXX
17,Esther,1,2,Esther 1:2,8,βασιλεὺς,βασιλεύς,N.NSM,G935,Rahlfs,LXX
17,Esther,1,2,Esther 1:2,9,Ἀρταξέρξης,Ἀρταξέρξης,N.NSM,,Rahlfs,LXX
17,Esther,1,2,Esther 1:2,10,ἐν,ἐν,P,G1722,Rahlfs,LXX
17,Esther,1,2,Esther 1:2,11,Σούσοις,Σουσά,N.DPN,,Rahlfs,LXX
17,Esther,1,2,Esther 1:2,12,τῇ,ὁ,RA.DSF,G3588,Rahlfs,LXX
17,Esther,1,2,Esther 1:2,13,πόλει,πόλις,N.DSF,G4172,Rahlfs,LXX
17,Esther,1,3,Esther 1:3,1,ἐν,ἐν,P,G1722,Rahlfs,LXX
17,Esther,1,3,Esther 1:3,2,τῷ,ὁ,RA.DSN,G3588,Rahlfs,LXX
17,Esther,1,3,Esther 1:3,3,τρίτῳ,τρίτος,A.DSN,G5154,Rahlfs,LXX
17,Esther,1,3,Esther 1:3,4,ἔτει,ἔτος,N.DSN,G2094,Rahlfs,LXX
17,Esther,1,3,Esther 1:3,5,βασιλεύοντος,βασιλεύω,V.PAPGSM,G936,Rahlfs,LXX
17,Esther,1,3,Esther 1:3,6,αὐτοῦ,αὐτός,RD.GSM,G846,Rahlfs,LXX
17,Esther,1,3,Esther 1:3,7,δοχὴν,δοχή,N.ASF,G1403,Rahlfs,LXX
17,Esther,1,3,Esther 1:3,8,ἐποίησεν,ποιέω,V.AAI3S,G4160,Rahlfs,LXX
17,Esther,1,3,Esther 1:3,9,τοῖς,ὁ,RA.DPM,G3588,Rahlfs,LXX
17,Esther,1,3,Esther 1:3,10,φίλοις,φίλος,A.DPM,G5384,Rahlfs,LXX
17,Esther,1,3,Esther 1:3,11,καὶ,καί,C,G2532,Rahlfs,LXX
17,Esther,1,3,Esther 1:3,12,τοῖς,ὁ,RA.DPN,G3588,Rahlfs,LXX
17,Esther,1,3,Esther 1:3,13,λοιποῖς,λοιπός,A.DPN,G3062,Rahlfs,LXX
17,Esther,1,3,Esther 1:3,14,ἔθνεσιν,ἔθνος,N.DPN,G1484,Rahlfs,LXX
17,Esther,1,3,Esther 1:3,15,καὶ,καί,C,G2532,Rahlfs,LXX
17,Esther,1,3,Esther 1:3,16,τοῖς,ὁ,RA.DPM,G3588,Rahlfs,LXX
17,Esther,1,3,Esther 1:3,17,Περσῶν,Πέρσης,N.GPM,,Rahlfs,LXX
17,Esther,1,3,Esther 1:3,18,καὶ,καί,C,G2532,Rahlfs,LXX
17,Esther,1,3,Esther 1:3,19,Μήδων,Μῆδος,N.GPM,G3370,Rahlfs,LXX
17,Esther,1,3,Esther 1:3,20,ἐνδόξοις,ἔνδοξος,A.DPM,G1741,Rahlfs,LXX
17,Esther,1,3,Esther 1:3,21,καὶ,καί,C,G2532,Rahlfs,LXX
17,Esther,1,3,Esther 1:3,22,τοῖς,ὁ,RA.DPM,G3588,Rahlfs,LXX
17,Esther,1,3,Esther 1:3,23,ἄρχουσιν,ἄρχων,N.DPM,G758,Rahlfs,LXX
17,Esther,1,3,Esther 1:3,24,τῶν,ὁ,RA.GPM,G3588,Rahlfs,LXX
17,Esther,1,3,Esther 1:3,25,σατραπῶν,σατράπης,N.GPM,,Rahlfs,LXX
17,Esther,1,4,Esther 1:4,1,καὶ,καί,C,G2532,Rahlfs,LXX
17,Esther,1,4,Esther 1:4,2,μετὰ,μετά,P,G3326,Rahlfs,LXX
17,Esther,1,4,Esther 1:4,3,ταῦτα,οὗτος,RD.APN,G3778,Rahlfs,LXX
17,Esther,1,4,Esther 1:4,4,μετὰ,μετά,P,G3326,Rahlfs,LXX
17,Esther,1,4,Esther 1:4,5,τὸ,ὁ,RA.ASN,G3588,Rahlfs,LXX
17,Esther,1,4,Esther 1:4,6,δεῖξαι,δεικνύω,V.AAN,G1166,Rahlfs,LXX
17,Esther,1,4,Esther 1:4,7,αὐτοῖς,αὐτός,RD.DPM,G846,Rahlfs,LXX
17,Esther,1,4,Esther 1:4,8,τὸν,ὁ,RA.ASM,G3588,Rahlfs,LXX
17,Esther,1,4,Esther 1:4,9,πλοῦτον,πλοῦτος,N.ASM,G4149,Rahlfs,LXX
17,Esther,1,4,Esther 1:4,10,τῆς,ὁ,RA.GSF,G3588,Rahlfs,LXX
17,Esther,1,4,Esther 1:4,11,βασιλείας,βασιλεία,N.GSF,G932,Rahlfs,LXX
17,Esther,1,4,Esther 1:4,12,αὐτοῦ,αὐτός,RD.GSM,G846,Rahlfs,LXX
17,Esther,1,4,Esther 1:4,13,καὶ,καί,C,G2532,Rahlfs,LXX
17,Esther,1,4,Esther 1:4,14,τὴν,ὁ,RA.ASF,G3588,Rahlfs,LXX
17,Esther,1,4,Esther 1:4,15,δόξαν,δόξα,N.ASF,G1391,Rahlfs,LXX
17,Esther,1,4,Esther 1:4,16,τῆς,ὁ,RA.GSF,G3588,Rahlfs,LXX
17,Esther,1,4,Esther 1:4,17,εὐφροσύνης,εὐφροσύνη,N.GSF,G2167,Rahlfs,LXX
17,Esther,1,4,Esther 1:4,18,τοῦ,ὁ,RA.GSM,G3588,Rahlfs,LXX
17,Esther,1,4,Esther 1:4,19,πλούτου,πλοῦτος,N.GSM,G4149,Rahlfs,LXX
17,Esther,1,4,Esther 1:4,20,αὐτοῦ,αὐτός,RD.GSM,G846,Rahlfs,LXX
17,Esther,1,4,Esther 1:4,21,ἐπὶ,ἐπί,P,G1909,Rahlfs,LXX
17,Esther,1,4,Esther 1:4,22,ἡμέρας,ἡμέρα,N.APF,G2250,Rahlfs,LXX
17,Esther,1,4,Esther 1:4,23,ἑκατὸν,ἑκατόν,M,G1540,Rahlfs,LXX
17,Esther,1,4,Esther 1:4,24,ὀγδοήκοντα,ὀγδοήκοντα,M,G3589,Rahlfs,LXX
17,Esther,1,5,Esther 1:5,1,ὅτε,ὅτε,D,G3753,Rahlfs,LXX
17,Esther,1,5,Esther 1:5,2,δὲ,δέ,X,G1161,Rahlfs,LXX
17,Esther,1,5,Esther 1:5,3,ἀνεπληρώθησαν,ἀναπληρόω,V.API3P,G378,Rahlfs,LXX
17,Esther,1,5,Esther 1:5,4,αἱ,ὁ,RA.NPF,G3588,Rahlfs,LXX
17,Esther,1,5,Esther 1:5,5,ἡμέραι,ἡμέρα,N.NPF,G2250,Rahlfs,LXX
17,Esther,1,5,Esther 1:5,6,τοῦ,ὁ,RA.GSM,G3588,Rahlfs,LXX
17,Esther,1,5,Esther 1:5,7,γάμου,γάμος,N.GSM,G1062,Rahlfs,LXX
17,Esther,1,5,Esther 1:5,8,ἐποίησεν,ποιέω,V.AAI3S,G4160,Rahlfs,LXX
17,Esther,1,5,Esther 1:5,9,ὁ,ὁ,RA.NSM,G3588,Rahlfs,LXX
17,Esther,1,5,Esther 1:5,10,βασιλεὺς,βασιλεύς,N.NSM,G935,Rahlfs,LXX
17,Esther,1,5,Esther 1:5,11,πότον,πότος,N.ASM,G4224,Rahlfs,LXX
17,Esther,1,5,Esther 1:5,12,τοῖς,ὁ,RA.DPN,G3588,Rahlfs,LXX
17,Esther,1,5,Esther 1:5,13,ἔθνεσιν,ἔθνος,N.DPN,G1484,Rahlfs,LXX
17,Esther,1,5,Esther 1:5,14,τοῖς,ὁ,RA.DPN,G3588,Rahlfs,LXX
17,Esther,1,5,Esther 1:5,15,εὑρεθεῖσιν,εὑρίσκω,V.APPDPN,G2147,Rahlfs,LXX
17,Esther,1,5,Esther 1:5,16,εἰς,εἰς,P,G1519,Rahlfs,LXX
17,Esther,1,5,Esther 1:5,17,τὴν,ὁ,RA.ASF,G3588,Rahlfs,LXX
17,Esther,1,5,Esther 1:5,18,πόλιν,πόλις,N.ASF,G4172,Rahlfs,LXX
17,Esther,1,5,Esther 1:5,19,ἐπὶ,ἐπί,P,G1909,Rahlfs,LXX
17,Esther,1,5,Esther 1:5,20,ἡμέρας,ἡμέρα,N.APF,G2250,Rahlfs,LXX
17,Esther,1,5,Esther 1:5,21,ἓξ,ἕξ,M,G1803,Rahlfs,LXX
17,Esther,1,5,Esther 1:5,22,ἐν,ἐν,P,G1722,Rahlfs,LXX
17,Esther,1,5,Esther 1:5,23,αὐλῇ,αὐλή,N.DSF,G833,Rahlfs,LXX
17,Esther,1,5,Esther 1:5,24,οἴκου,οἶκος,N.GSM,G3624,Rahlfs,LXX
17,Esther,1,5,Esther 1:5,25,τοῦ,ὁ,RA.GSM,G3588,Rahlfs,LXX
17,Esther,1,5,Esther 1:5,26,βασιλέως,βασιλεύς,N.GSM,G935,Rahlfs,LXX
17,Esther,1,6,Esther 1:6,1,κεκοσμημένῃ,κοσμέω,V.XMPDSF,G2885,Rahlfs,LXX
17,Esther,1,6,Esther 1:6,2,βυσσίνοις,βύσσινος,A.DPM,G1039,Rahlfs,LXX
17,Esther,1,6,Esther 1:6,3,καὶ,καί,C,G2532,Rahlfs,LXX
17,Esther,1,6,Esther 1:6,4,καρπασίνοις,καρπάσινος,N.DPM,,Rahlfs,LXX
17,Esther,1,6,Esther 1:6,5,τεταμένοις,τείνω,V.XMPDPM,,Rahlfs,LXX
17,Esther,1,6,Esther 1:6,6,ἐπὶ,ἐπί,P,G1909,Rahlfs,LXX
17,Esther,1,6,Esther 1:6,7,σχοινίοις,σχοινίον,N.DPN,G4979,Rahlfs,LXX
17,Esther,1,6,Esther 1:6,8,βυσσίνοις,βύσσινος,A.DPN,G1039,Rahlfs,LXX
17,Esther,1,6,Esther 1:6,9,καὶ,καί,C,G2532,Rahlfs,LXX
17,Esther,1,6,Esther 1:6,10,πορφυροῖς,πορφύρεος,A.DPN,,Rahlfs,LXX
17,Esther,1,6,Esther 1:6,11,ἐπὶ,ἐπί,P,G1909,Rahlfs,LXX
17,Esther,1,6,Esther 1:6,12,κύβοις,κύβος,N.DPM,,Rahlfs,LXX
17,Esther,1,6,Esther 1:6,13,χρυσοῖς,χρύσεος,A.DPM,G5552,Rahlfs,LXX
17,Esther,1,6,Esther 1:6,14,καὶ,καί,C,G2532,Rahlfs,LXX
17,Esther,1,6,Esther 1:6,15,ἀργυροῖς,ἀργύρεος,A.DPM,G693,Rahlfs,LXX
17,Esther,1,6,Esther 1:6,16,ἐπὶ,ἐπί,P,G1909,Rahlfs,LXX
17,Esther,1,6,Esther 1:6,17,στύλοις,στῦλος,N.DPM,G4769,Rahlfs,LXX
17,Esther,1,6,Esther 1:6,18,παρίνοις,πάρινος,A.DPM,,Rahlfs,LXX
17,Esther,1,6,Esther 1:6,19,καὶ,καί,C,G2532,Rahlfs,LXX
17,Esther,1,6,Esther 1:6,20,λιθίνοις,λίθινος,A.DPM,G3035,Rahlfs,LXX
17,Esther,1,6,Esther 1:6,21,κλῖναι,κλίνη,N.NPF,G2825,Rahlfs,LXX
17,Esther,1,6,Esther 1:6,22,χρυσαῖ,χρύσεος,A.NPF,G5552,Rahlfs,LXX
17,Esther,1,6,Esther 1:6,23,καὶ,καί,C,G2532,Rahlfs,LXX
17,Esther,1,6,Esther 1:6,24,ἀργυραῖ,ἀργύρεος,A.NPF,G693,Rahlfs,LXX
17,Esther,1,6,Esther 1:6,25,ἐπὶ,ἐπί,P,G1909,Rahlfs,LXX
17,Esther,1,6,Esther 1:6,26,λιθοστρώτου,λιθόστρωτος,A.GSM,G3038,Rahlfs,LXX
17,Esther,1,6,Esther 1:6,27,σμαραγδίτου,σμαραγδίτης,N.GSM,,Rahlfs,LXX
17,Esther,1,6,Esther 1:6,28,λίθου,λίθος,N.GSM,G3037,Rahlfs,LXX
17,Esther,1,6,Esther 1:6,29,καὶ,καί,C,G2532,Rahlfs,LXX
17,Esther,1,6,Esther 1:6,30,πιννίνου,πίννινος,N.GSM,,Rahlfs,LXX
17,Esther,1,6,Esther 1:6,31,καὶ,καί,C,G2532,Rahlfs,LXX
17,Esther,1,6,Esther 1:6,32,παρίνου,πάρινος,N.GSN,,Rahlfs,LXX
17,Esther,1,6,Esther 1:6,33,λίθου,λίθος,N.GSM,G3037,Rahlfs,LXX
17,Esther,1,6,Esther 1:6,34,καὶ,καί,C,G2532,Rahlfs,LXX
17,Esther,1,6,Esther 1:6,35,στρωμναὶ,στρωμνή,N.NPF,,Rahlfs,LXX
17,Esther,1,6,Esther 1:6,36,διαφανεῖς,διαφανής,A.NPF,G1307,Rahlfs,LXX
17,Esther,1,6,Esther 1:6,37,ποικίλως,ποικίλως,D,,Rahlfs,LXX
17,Esther,1,6,Esther 1:6,38,διηνθισμέναι,διανθίζω,V.AMPNPF,,Rahlfs,LXX
17,Esther,1,6,Esther 1:6,39,κύκλῳ,κύκλῳ,N.DSM,G2945,Rahlfs,LXX
17,Esther,1,6,Esther 1:6,40,ῥόδα,ῥόδον,N.APN,,Rahlfs,LXX
17,Esther,1,6,Esther 1:6,41,πεπασμένα,πάσσω,V.XMPAPN,,Rahlfs,LXX
17,Esther,1,7,Esther 1:7,1,ποτήρια,ποτήριον,N.NPN,G4221,Rahlfs,LXX
17,Esther,1,7,Esther 1:7,2,χρυσᾶ,χρύσεος,A.NPN,G5552,Rahlfs,LXX
17,Esther,1,7,Esther 1:7,3,καὶ,καί,C,G2532,Rahlfs,LXX
17,Esther,1,7,Esther 1:7,4,ἀργυρᾶ,ἀργύρεος,A.NPN,G693,Rahlfs,LXX
17,Esther,1,7,Esther 1:7,5,καὶ,καί,C,G2532,Rahlfs,LXX
17,Esther,1,7,Esther 1:7,6,ἀνθράκινον,ἀνθράκινος,A.NSN,,Rahlfs,LXX
17,Esther,1,7,Esther 1:7,7,κυλίκιον,κυλίκιον,N.NSN,,Rahlfs,LXX
17,Esther,1,7,Esther 1:7,8,προκείμενον,πρόκειμαι,V.PMPNSN,G4295,Rahlfs,LXX
17,Esther,1,7,Esther 1:7,9,ἀπὸ,ἀπό,P,G575,Rahlfs,LXX
17,Esther,1,7,Esther 1:7,10,ταλάντων,τάλαντον,N.GPN,G5007,Rahlfs,LXX
17,Esther,1,7,Esther 1:7,11,τρισμυρίων,τρισμύριοι,A.GPN,,Rahlfs,LXX
17,Esther,1,7,Esther 1:7,12,οἶνος,οἶνος,N.NSM,G3631,Rahlfs,LXX
17,Esther,1,7,Esther 1:7,13,πολὺς,πολύς,A.NSM,G4183,Rahlfs,LXX
17,Esther,1,7,Esther 1:7,14,καὶ,καί,C,G2532,Rahlfs,LXX
17,Esther,1,7,Esther 1:7,15,ἡδύς,ἡδύς,A.NSM,,Rahlfs,LXX
17,Esther,1,7,Esther 1:7,16,ὃν,ὅς,RR.ASM,G3739,Rahlfs,LXX
17,Esther,1,7,Esther 1:7,17,αὐτὸς,αὐτός,RD.NSM,G846,Rahlfs,LXX
17,Esther,1,7,Esther 1:7,18,ὁ,ὁ,RA.NSM,G3588,Rahlfs,LXX
17,Esther,1,7,Esther 1:7,19,βασιλεὺς,βασιλεύς,N.NSM,G935,Rahlfs,LXX
17,Esther,1,7,Esther 1:7,20,ἔπινεν,πίνω,V.IAI3S,G4095,Rahlfs,LXX
17,Esther,1,8,Esther 1:8,1,ὁ,ὁ,RA.NSM,G3588,Rahlfs,LXX
17,Esther,1,8,Esther 1:8,2,δὲ,δέ,X,G1161,Rahlfs,LXX
17,Esther,1,8,Esther 1:8,3,πότος,πότος,N.NSM,G4224,Rahlfs,LXX
17,Esther,1,8,Esther 1:8,4,οὗτος,οὗτος,RD.NSM,G3778,Rahlfs,LXX
17,Esther,1,8,Esther 1:8,5,οὐ,οὐ,D,G3756,Rahlfs,LXX
17,Esther,1,8,Esther 1:8,6,κατὰ,κατά,P,G2596,Rahlfs,LXX
17,Esther,1,8,Esther 1:8,7,προκείμενον,πρόκειμαι,V.PMPASM,G4295,Rahlfs,LXX
17,Esther,1,8,Esther 1:8,8,νόμον,νόμος,N.ASM,G3551,Rahlfs,LXX
17,Esther,1,8,Esther 1:8,9,ἐγένετο,γίνομαι,V.AMI3S,G1096,Rahlfs,LXX
17,Esther,1,8,Esther 1:8,10,οὕτως,οὕτως,D,G3779,Rahlfs,LXX
17,Esther,1,8,Esther 1:8,11,δὲ,δέ,X,G1161,Rahlfs,LXX
17,Esther,1,8,Esther 1:8,12,ἠθέλησεν,θέλω,V.AAI3S,G2309,Rahlfs,LXX
17,Esther,1,8,Esther 1:8,13,ὁ,ὁ,RA.NSM,G3588,Rahlfs,LXX
17,Esther,1,8,Esther 1:8,14,βασιλεὺς,βασιλεύς,N.NSM,G935,Rahlfs,LXX
17,Esther,1,8,Esther 1:8,15,καὶ,καί,C,G2532,Rahlfs,LXX
17,Esther,1,8,Esther 1:8,16,ἐπέταξεν,ἐπιτάσσω,V.AAI3S,G2004,Rahlfs,LXX
17,Esther,1,8,Esther 1:8,17,τοῖς,ὁ,RA.DPM,G3588,Rahlfs,LXX
17,Esther,1,8,Esther 1:8,18,οἰκονόμοις,οἰκονόμος,N.DPM,G3623,Rahlfs,LXX
17,Esther,1,8,Esther 1:8,19,ποιῆσαι,ποιέω,V.AAN,G4160,Rahlfs,LXX
17,Esther,1,8,Esther 1:8,20,τὸ,ὁ,RA.ASN,G3588,Rahlfs,LXX
17,Esther,1,8,Esther 1:8,21,θέλημα,θέλημα,N.ASN,G2307,Rahlfs,LXX
17,Esther,1,8,Esther 1:8,22,αὐτοῦ,αὐτός,RD.GSM,G846,Rahlfs,LXX
17,Esther,1,8,Esther 1:8,23,καὶ,καί,C,G2532,Rahlfs,LXX
17,Esther,1,8,Esther 1:8,24,τῶν,ὁ,RA.GPM,G3588,Rahlfs,LXX
17,Esther,1,8,Esther 1:8,25,ἀνθρώπων,ἄνθρωπος,N.GPM,G444,Rahlfs,LXX
17,Esther,1,9,Esther 1:9,1,καὶ,καί,C,G2532,Rahlfs,LXX
17,Esther,1,9,Esther 1:9,2,Αστιν,Αστιν,N.NSF,,Rahlfs,LXX
17,Esther,1,9,Esther 1:9,3,ἡ,ὁ,RA.NSF,G3588,Rahlfs,LXX
17,Esther,1,9,Esther 1:9,4,βασίλισσα,βασίλισσα,N.NSF,G938,Rahlfs,LXX
17,Esther,1,9,Esther 1:9,5,ἐποίησε,ποιέω,V.AAI3S,G4160,Rahlfs,LXX
17,Esther,1,9,Esther 1:9,6,πότον,πότος,N.ASM,G4224,Rahlfs,LXX
17,Esther,1,9,Esther 1:9,7,ταῖς,ὁ,RA.DPF,G3588,Rahlfs,LXX
17,Esther,1,9,Esther 1:9,8,γυναιξὶν,γυνή,N.DPF,G1135,Rahlfs,LXX
17,Esther,1,9,Esther 1:9,9,ἐν,ἐν,P,G1722,Rahlfs,LXX
17,Esther,1,9,Esther 1:9,10,τοῖς,ὁ,RA.DPM,G3588,Rahlfs,LXX
17,Esther,1,9,Esther 1:9,11,βασιλείοις,βασίλειον,N.DPN,G933,Rahlfs,LXX
17,Esther,1,9,Esther 1:9,12,ὅπου,ὅπου,X,G3699,Rahlfs,LXX
17,Esther,1,9,Esther 1:9,13,ὁ,ὁ,RA.NSM,G3588,Rahlfs,LXX
17,Esther,1,9,Esther 1:9,14,βασιλεὺς,βασιλεύς,N.NSM,G935,Rahlfs,LXX
17,Esther,1,9,Esther 1:9,15,Ἀρταξέρξης,Ἀρταξέρξης,N.NSM,,Rahlfs,LXX
17,Esther,1,10,Esther 1:10,1,ἐν,ἐν,P,G1722,Rahlfs,LXX
17,Esther,1,10,Esther 1:10,2,δὲ,δέ,X,G1161,Rahlfs,LXX
17,Esther,1,10,Esther 1:10,3,τῇ,ὁ,RA.DSF,G3588,Rahlfs,LXX
17,Esther,1,10,Esther 1:10,4,ἡμέρᾳ,ἡμέρα,N.DSF,G2250,Rahlfs,LXX
17,Esther,1,10,Esther 1:10,5,τῇ,ὁ,RA.DSF,G3588,Rahlfs,LXX
17,Esther,1,10,Esther 1:10,6,ἑβδόμῃ,ἕβδομος,A.DSF,G1442,Rahlfs,LXX
17,Esther,1,10,Esther 1:10,7,ἡδέως,ἡδέως,D,G2234,Rahlfs,LXX
17,Esther,1,10,Esther 1:10,8,γενόμενος,γίνομαι,V.AMPNSM,G1096,Rahlfs,LXX
17,Esther,1,10,Esther 1:10,9,ὁ,ὁ,RA.NSM,G3588,Rahlfs,LXX
17,Esther,1,10,Esther 1:10,10,βασιλεὺς,βασιλεύς,N.NSM,G935,Rahlfs,LXX
17,Esther,1,10,Esther 1:10,11,εἶπεν,ἔπω,V.AAI3S,G2036,Rahlfs,LXX
17,Esther,1,10,Esther 1:10,12,τῷ,ὁ,RA.DSM,G3588,Rahlfs,LXX
17,Esther,1,10,Esther 1:10,13,Αμαν,Ἁμάν,N.DSM,,Rahlfs,LXX
17,Esther,1,10,Esther 1:10,14,καὶ,καί,C,G2532,Rahlfs,LXX
17,Esther,1,10,Esther 1:10,15,Βαζαν,Βαζαν,N.DSM,,Rahlfs,LXX
17,Esther,1,10,Esther 1:10,16,καὶ,καί,C,G2532,Rahlfs,LXX
17,Esther,1,10,Esther 1:10,17,Θαρρα,Θαρρα,N.DSM,,Rahlfs,LXX
17,Esther,1,10,Esther 1:10,18,καὶ,καί,C,G2532,Rahlfs,LXX
17,Esther,1,10,Esther 1:10,19,Βωραζη,Βωραζη,N.DSM,,Rahlfs,LXX
17,Esther,1,10,Esther 1:10,20,καὶ,καί,C,G2532,Rahlfs,LXX
17,Esther,1,10,Esther 1:10,21,Ζαθολθα,Ζαθολθα,N.DSM,,Rahlfs,LXX
17,Esther,1,10,Esther 1:10,22,καὶ,καί,C,G2532,Rahlfs,LXX
17,Esther,1,10,Esther 1:10,23,Αβαταζα,Αβαταζα,N.DSM,,Rahlfs,LXX
17,Esther,1,10,Esther 1:10,24,καὶ,καί,C,G2532,Rahlfs,LXX
17,Esther,1,10,Esther 1:10,25,Θαραβα,Θαραβα,N.DSM,,Rahlfs,LXX
17,Esther,1,10,Esther 1:10,26,τοῖς,ὁ,RA.DPM,G3588,Rahlfs,LXX
17,Esther,1,10,Esther 1:10,27,ἑπτὰ,ἑπτά,M,G2033,Rahlfs,LXX
17,Esther,1,10,Esther 1:10,28,εὐνούχοις,εὐνοῦχος,N.DPM,G2135,Rahlfs,LXX
17,Esther,1,10,Esther 1:10,29,τοῖς,ὁ,RA.DPM,G3588,Rahlfs,LXX
17,Esther,1,10,Esther 1:10,30,διακόνοις,διάκονος,N.DPM,G1249,Rahlfs,LXX
17,Esther,1,10,Esther 1:10,31,τοῦ,ὁ,RA.GSM,G3588,Rahlfs,LXX
17,Esther,1,10,Esther 1:10,32,βασιλέως,βασιλεύς,N.GSM,G935,Rahlfs,LXX
17,Esther,1,10,Esther 1:10,33,Ἀρταξέρξου,Ἀρταξέρξης,N.GSM,,Rahlfs,LXX
17,Esther,1,11,Esther 1:11,1,εἰσαγαγεῖν,εἰσάγω,V.AAN,G1521,Rahlfs,LXX
17,Esther,1,11,Esther 1:11,2,τὴν,ὁ,RA.ASF,G3588,Rahlfs,LXX
17,Esther,1,11,Esther 1:11,3,βασίλισσαν,βασίλισσα,N.ASF,G938,Rahlfs,LXX
17,Esther,1,11,Esther 1:11,4,πρὸς,πρός,P,G4314,Rahlfs,LXX
17,Esther,1,11,Esther 1:11,5,αὐτὸν,αὐτός,RD.ASM,G846,Rahlfs,LXX
17,Esther,1,11,Esther 1:11,6,βασιλεύειν,βασιλεύω,V.PAN,G936,Rahlfs,LXX
17,Esther,1,11,Esther 1:11,7,αὐτὴν,αὐτός,RD.ASF,G846,Rahlfs,LXX
17,Esther,1,11,Esther 1:11,8,καὶ,καί,C,G2532,Rahlfs,LXX
17,Esther,1,11,Esther 1:11,9,περιθεῖναι,περιτίθημι,V.AAN,G4060,Rahlfs,LXX
17,Esther,1,11,Esther 1:11,10,αὐτῇ,αὐτός,RD.DSF,G846,Rahlfs,LXX
17,Esther,1,11,Esther 1:11,11,τὸ,ὁ,RA.ASN,G3588,Rahlfs,LXX
17,Esther,1,11,Esther 1:11,12,διάδημα,διάδημα,N.ASN,G1238,Rahlfs,LXX
17,Esther,1,11,Esther 1:11,13,καὶ,καί,C,G2532,Rahlfs,LXX
17,Esther,1,11,Esther 1:11,14,δεῖξαι,δεικνύω,V.AAN,G1166,Rahlfs,LXX
17,Esther,1,11,Esther 1:11,15,αὐτὴν,αὐτός,RD.ASF,G846,Rahlfs,LXX
17,Esther,1,11,Esther 1:11,16,πᾶσιν,πᾶς,A.DPM,G3956,Rahlfs,LXX
17,Esther,1,11,Esther 1:11,17,τοῖς,ὁ,RA.DPM,G3588,Rahlfs,LXX
17,Esther,1,11,Esther 1:11,18,ἄρχουσιν,ἄρχων,N.DPM,G758,Rahlfs,LXX
17,Esther,1,11,Esther 1:11,19,καὶ,καί,C,G2532,Rahlfs,LXX
17,Esther,1,11,Esther 1:11,20,τοῖς,ὁ,RA.DPN,G3588,Rahlfs,LXX
17,Esther,1,11,Esther 1:11,21,ἔθνεσιν,ἔθνος,N.DPN,G1484,Rahlfs,LXX
17,Esther,1,11,Esther 1:11,22,τὸ,ὁ,RA.ASN,G3588,Rahlfs,LXX
17,Esther,1,11,Esther 1:11,23,κάλλος,κάλλος,N.ASN,,Rahlfs,LXX
17,Esther,1,11,Esther 1:11,24,αὐτῆς,αὐτός,RD.GSF,G846,Rahlfs,LXX
17,Esther,1,11,Esther 1:11,25,ὅτι,ὅτι,C,G3754,Rahlfs,LXX
17,Esther,1,11,Esther 1:11,26,καλὴ,καλός,A.NSF,G2570,Rahlfs,LXX
17,Esther,1,11,Esther 1:11,27,ἦν,εἰμί,V.IAI3S,G1510,Rahlfs,LXX
17,Esther,1,12,Esther 1:12,1,καὶ,καί,C,G2532,Rahlfs,LXX
17,Esther,1,12,Esther 1:12,2,οὐκ,οὐ,D,G3756,Rahlfs,LXX
17,Esther,1,12,Esther 1:12,3,εἰσήκουσεν,εἰσακούω,V.AAI3S,G1522,Rahlfs,LXX
17,Esther,1,12,Esther 1:12,4,αὐτοῦ,αὐτός,RD.GSM,G846,Rahlfs,LXX
17,Esther,1,12,Esther 1:12,5,Αστιν,Αστιν,N.NSF,,Rahlfs,LXX
17,Esther,1,12,Esther 1:12,6,ἡ,ὁ,RA.NSF,G3588,Rahlfs,LXX
17,Esther,1,12,Esther 1:12,7,βασίλισσα,βασίλισσα,N.NSF,G938,Rahlfs,LXX
17,Esther,1,12,Esther 1:12,8,ἐλθεῖν,ἔρχομαι,V.AAN,G2064,Rahlfs,LXX
17,Esther,1,12,Esther 1:12,9,μετὰ,μετά,P,G3326,Rahlfs,LXX
17,Esther,1,12,Esther 1:12,10,τῶν,ὁ,RA.GPM,G3588,Rahlfs,LXX
17,Esther,1,12,Esther 1:12,11,εὐνούχων,εὐνοῦχος,N.GPM,G2135,Rahlfs,LXX
17,Esther,1,12,Esther 1:12,12,καὶ,καί,C,G2532,Rahlfs,LXX
17,Esther,1,12,Esther 1:12,13,ἐλυπήθη,λυπέω,V.API3S,G3076,Rahlfs,LXX
17,Esther,1,12,Esther 1:12,14,ὁ,ὁ,RA.NSM,G3588,Rahlfs,LXX
17,Esther,1,12,Esther 1:12,15,βασιλεὺς,βασιλεύς,N.NSM,G935,Rahlfs,LXX
17,Esther,1,12,Esther 1:12,16,καὶ,καί,C,G2532,Rahlfs,LXX
17,Esther,1,12,Esther 1:12,17,ὠργίσθη,ὀργίζω,V.API3S,G3710,Rahlfs,LXX
17,Esther,1,13,Esther 1:13,1,καὶ,καί,C,G2532,Rahlfs,LXX
17,Esther,1,13,Esther 1:13,2,εἶπεν,ἔπω,V.AAI3S,G2036,Rahlfs,LXX
17,Esther,1,13,Esther 1:13,3,τοῖς,ὁ,RA.DPM,G3588,Rahlfs,LXX
17,Esther,1,13,Esther 1:13,4,φίλοις,φίλος,A.DPM,G5384,Rahlfs,LXX
17,Esther,1,13,Esther 1:13,5,αὐτοῦ,αὐτός,RD.GSM,G846,Rahlfs,LXX
17,Esther,1,13,Esther 1:13,6,κατὰ,κατά,P,G2596,Rahlfs,LXX
17,Esther,1,13,Esther 1:13,7,ταῦτα,οὗτος,RD.APN,G3778,Rahlfs,LXX
17,Esther,1,13,Esther 1:13,8,ἐλάλησεν,λαλέω,V.AAI3S,G2980,Rahlfs,LXX
17,Esther,1,13,Esther 1:13,9,Αστιν,Αστιν,N.NSF,,Rahlfs,LXX
17,Esther,1,13,Esther 1:13,10,ποιήσατε,ποιέω,V.AAD2P,G4160,Rahlfs,LXX
17,Esther,1,13,Esther 1:13,11,οὖν,οὖν,X,G3767,Rahlfs,LXX
17,Esther,1,13,Esther 1:13,12,περὶ,περί,P,G4012,Rahlfs,LXX
17,Esther,1,13,Esther 1:13,13,τούτου,οὗτος,RD.GSN,G3778,Rahlfs,LXX
17,Esther,1,13,Esther 1:13,14,νόμον,νόμος,N.ASM,G3551,Rahlfs,LXX
17,Esther,1,13,Esther 1:13,15,καὶ,καί,C,G2532,Rahlfs,LXX
17,Esther,1,13,Esther 1:13,16,κρίσιν,κρίσις,N.ASF,G2920,Rahlfs,LXX
17,Esther,1,14,Esther 1:14,1,καὶ,καί,C,G2532,Rahlfs,LXX
17,Esther,1,14,Esther 1:14,2,προσῆλθεν,προσέρχομαι,V.AAI3S,G4334,Rahlfs,LXX
17,Esther,1,14,Esther 1:14,3,αὐτῷ,αὐτός,RD.DSM,G846,Rahlfs,LXX
17,Esther,1,14,Esther 1:14,4,Αρκεσαιος,Αρκεσαιος,N.NSM,,Rahlfs,LXX
17,Esther,1,14,Esther 1:14,5,καὶ,καί,C,G2532,Rahlfs,LXX
17,Esther,1,14,Esther 1:14,6,Σαρσαθαιος,Σαρσαθαιος,N.NSM,,Rahlfs,LXX
17,Esther,1,14,Esther 1:14,7,καὶ,καί,C,G2532,Rahlfs,LXX
17,Esther,1,14,Esther 1:14,8,Μαλησεαρ,Μαλησεαρ,N.NSM,,Rahlfs,LXX
17,Esther,1,14,Esther 1:14,9,οἱ,ὁ,RA.NPM,G3588,Rahlfs,LXX
17,Esther,1,14,Esther 1:14,10,ἄρχοντες,ἄρχων,N.NPM,G758,Rahlfs,LXX
17,Esther,1,14,Esther 1:14,11,Περσῶν,Πέρσης,N.GPM,,Rahlfs,LXX
17,Esther,1,14,Esther 1:14,12,καὶ,καί,C,G2532,Rahlfs,LXX
17,Esther,1,14,Esther 1:14,13,Μήδων,Μῆδος,N.GPM,G3370,Rahlfs,LXX
17,Esther,1,14,Esther 1:14,14,οἱ,ὁ,RA.NPM,G3588,Rahlfs,LXX
17,Esther,1,14,Esther 1:14,15,ἐγγὺς,ἐγγύς,D,G1451,Rahlfs,LXX
17,Esther,1,14,Esther 1:14,16,τοῦ,ὁ,RA.GSM,G3588,Rahlfs,LXX
17,Esther,1,14,Esther 1:14,17,βασιλέως,βασιλεύς,N.GSM,G935,Rahlfs,LXX
17,Esther,1,14,Esther 1:14,18,οἱ,ὁ,RA.NPM,G3588,Rahlfs,LXX
17,Esther,1,14,Esther 1:14,19,πρῶτοι,πρῶτος,A.NPMS,G4413,Rahlfs,LXX
17,Esther,1,14,Esther 1:14,20,παρακαθήμενοι,παρακάθημαι,V.PMPNPM,,Rahlfs,LXX
17,Esther,1,14,Esther 1:14,21,τῷ,ὁ,RA.DSM,G3588,Rahlfs,LXX
17,Esther,1,14,Esther 1:14,22,βασιλεῖ,βασιλεύς,N.DSM,G935,Rahlfs,LXX
17,Esther,1,15,Esther 1:15,1,καὶ,καί,C,G2532,Rahlfs,LXX
17,Esther,1,15,Esther 1:15,2,ἀπήγγειλαν,ἀπαγγέλλω,V.AAI3P,G518,Rahlfs,LXX
17,Esther,1,15,Esther 1:15,3,αὐτῷ,αὐτός,RD.DSM,G846,Rahlfs,LXX
17,Esther,1,15,Esther 1:15,4,κατὰ,κατά,P,G2596,Rahlfs,LXX
17,Esther,1,15,Esther 1:15,5,τοὺς,ὁ,RA.APM,G3588,Rahlfs,LXX
17,Esther,1,15,Esther 1:15,6,νόμους,νόμος,N.APM,G3551,Rahlfs,LXX
17,Esther,1,15,Esther 1:15,7,ὡς,ὥς,C,G5613,Rahlfs,LXX
17,Esther,1,15,Esther 1:15,8,δεῖ,δεῖ,V.PAI3S,G1163,Rahlfs,LXX
17,Esther,1,15,Esther 1:15,9,ποιῆσαι,ποιέω,V.AAN,G4160,Rahlfs,LXX
17,Esther,1,15,Esther 1:15,10,Αστιν,Αστιν,N.DSF,,Rahlfs,LXX
17,Esther,1,15,Esther 1:15,11,τῇ,ὁ,RA.DSF,G3588,Rahlfs,LXX
17,Esther,1,15,Esther 1:15,12,βασιλίσσῃ,βασίλισσα,N.DSF,G938,Rahlfs,LXX
17,Esther,1,15,Esther 1:15,13,ὅτι,ὅτι,C,G3754,Rahlfs,LXX
17,Esther,1,15,Esther 1:15,14,οὐκ,οὐ,D,G3756,Rahlfs,LXX
17,Esther,1,15,Esther 1:15,15,ἐποίησεν,ποιέω,V.AAI3S,G4160,Rahlfs,LXX
17,Esther,1,15,Esther 1:15,16,τὰ,ὁ,RA.APN,G3588,Rahlfs,LXX
17,Esther,1,15,Esther 1:15,17,ὑπὸ,ὑπό,P,G5259,Rahlfs,LXX
17,Esther,1,15,Esther 1:15,18,τοῦ,ὁ,RA.GSM,G3588,Rahlfs,LXX
17,Esther,1,15,Esther 1:15,19,βασιλέως,βασιλεύς,N.GSM,G935,Rahlfs,LXX
17,Esther,1,15,Esther 1:15,20,προσταχθέντα,προστάσσω,V.APPAPN,G4367,Rahlfs,LXX
17,Esther,1,15,Esther 1:15,21,διὰ,διά,P,G1223,Rahlfs,LXX
17,Esther,1,15,Esther 1:15,22,τῶν,ὁ,RA.GPM,G3588,Rahlfs,LXX
17,Esther,1,15,Esther 1:15,23,εὐνούχων,εὐνοῦχος,N.GPM,G2135,Rahlfs,LXX
17,Esther,1,16,Esther 1:16,1,καὶ,καί,C,G2532,Rahlfs,LXX
17,Esther,1,16,Esther 1:16,2,εἶπεν,ἔπω,V.AAI3S,G2036,Rahlfs,LXX
17,Esther,1,16,Esther 1:16,3,ὁ,ὁ,RA.NSM,G3588,Rahlfs,LXX
17,Esther,1,16,Esther 1:16,4,Μουχαιος,Μουχαῖος,N.NSM,,Rahlfs,LXX
17,Esther,1,16,Esther 1:16,5,πρὸς,πρός,P,G4314,Rahlfs,LXX
17,Esther,1,16,Esther 1:16,6,τὸν,ὁ,RA.ASM,G3588,Rahlfs,LXX
17,Esther,1,16,Esther 1:16,7,βασιλέα,βασιλεύς,N.ASM,G935,Rahlfs,LXX
17,Esther,1,16,Esther 1:16,8,καὶ,καί,C,G2532,Rahlfs,LXX
17,Esther,1,16,Esther 1:16,9,τοὺς,ὁ,RA.APM,G3588,Rahlfs,LXX
17,Esther,1,16,Esther 1:16,10,ἄρχοντας,ἄρχων,N.APM,G758,Rahlfs,LXX
17,Esther,1,16,Esther 1:16,11,οὐ,οὐ,D,G3756,Rahlfs,LXX
17,Esther,1,16,Esther 1:16,12,τὸν,ὁ,RA.ASM,G3588,Rahlfs,LXX
17,Esther,1,16,Esther 1:16,13,βασιλέα,βασιλεύς,N.ASM,G935,Rahlfs,LXX
17,Esther,1,16,Esther 1:16,14,μόνον,μόνον,D,G3440,Rahlfs,LXX
17,Esther,1,16,Esther 1:16,15,ἠδίκησεν,ἀδικέω,V.AAI3S,G91,Rahlfs,LXX
17,Esther,1,16,Esther 1:16,16,Αστιν,Αστιν,N.NSF,,Rahlfs,LXX
17,Esther,1,16,Esther 1:16,17,ἡ,ὁ,RA.NSF,G3588,Rahlfs,LXX
17,Esther,1,16,Esther 1:16,18,βασίλισσα,βασίλισσα,N.NSF,G938,Rahlfs,LXX
17,Esther,1,16,Esther 1:16,19,ἀλλὰ,ἀλλά,C,G235,Rahlfs,LXX
17,Esther,1,16,Esther 1:16,20,καὶ,καί,D,G2532,Rahlfs,LXX
17,Esther,1,16,Esther 1:16,21,πάντας,πᾶς,A.APM,G3956,Rahlfs,LXX
17,Esther,1,16,Esther 1:16,22,τοὺς,ὁ,RA.APM,G3588,Rahlfs,LXX
17,Esther,1,16,Esther 1:16,23,ἄρχοντας,ἄρχων,N.APM,G758,Rahlfs,LXX
17,Esther,1,16,Esther 1:16,24,καὶ,καί,C,G2532,Rahlfs,LXX
17,Esther,1,16,Esther 1:16,25,τοὺς,ὁ,RA.APM,G3588,Rahlfs,LXX
17,Esther,1,16,Esther 1:16,26,ἡγουμένους,ἡγέομαι,V.PMPAPM,G2233,Rahlfs,LXX
17,Esther,1,16,Esther 1:16,27,τοῦ,ὁ,RA.GSM,G3588,Rahlfs,LXX
17,Esther,1,16,Esther 1:16,28,βασιλέως,βασιλεύς,N.GSM,G935,Rahlfs,LXX
17,Esther,1,17,Esther 1:17,1,καὶ,καί,C,G2532,Rahlfs,LXX
17,Esther,1,17,Esther 1:17,2,γὰρ,γάρ,X,G1063,Rahlfs,LXX
17,Esther,1,17,Esther 1:17,3,διηγήσατο,διηγέομαι,V.AMI3S,G1334,Rahlfs,LXX
17,Esther,1,17,Esther 1:17,4,αὐτοῖς,αὐτός,RD.DPM,G846,Rahlfs,LXX
17,Esther,1,17,Esther 1:17,5,τὰ,ὁ,RA.APN,G3588,Rahlfs,LXX
17,Esther,1,17,Esther 1:17,6,ῥήματα,ῥῆμα,N.APN,G4487,Rahlfs,LXX
17,Esther,1,17,Esther 1:17,7,τῆς,ὁ,RA.GSF,G3588,Rahlfs,LXX
17,Esther,1,17,Esther 1:17,8,βασιλίσσης,βασίλισσα,N.GSF,G938,Rahlfs,LXX
17,Esther,1,17,Esther 1:17,9,καὶ,καί,C,G2532,Rahlfs,LXX
17,Esther,1,17,Esther 1:17,10,ὡς,ὥς,C,G5613,Rahlfs,LXX
17,Esther,1,17,Esther 1:17,11,ἀντεῖπεν,ἀντέπω,V.AAI3S,G471,Rahlfs,LXX
17,Esther,1,17,Esther 1:17,12,τῷ,ὁ,RA.DSM,G3588,Rahlfs,LXX
17,Esther,1,17,Esther 1:17,13,βασιλεῖ,βασιλεύς,N.DSM,G935,Rahlfs,LXX
17,Esther,1,17,Esther 1:17,14,ὡς,ὥς,C,G5613,Rahlfs,LXX
17,Esther,1,17,Esther 1:17,15,οὖν,οὖν,X,G3767,Rahlfs,LXX
17,Esther,1,17,Esther 1:17,16,ἀντεῖπεν,ἀντέπω,V.AAI3S,G471,Rahlfs,LXX
17,Esther,1,17,Esther 1:17,17,τῷ,ὁ,RA.DSM,G3588,Rahlfs,LXX
17,Esther,1,17,Esther 1:17,18,βασιλεῖ,βασιλεύς,N.DSM,G935,Rahlfs,LXX
17,Esther,1,17,Esther 1:17,19,Ἀρταξέρξῃ,Ἀρταξέρξης,N.DSM,,Rahlfs,LXX
17,Esther,1,18,Esther 1:18,1,οὕτως,οὕτως,D,G3779,Rahlfs,LXX
17,Esther,1,18,Esther 1:18,2,σήμερον,σήμερον,D,G4594,Rahlfs,LXX
17,Esther,1,18,Esther 1:18,3,αἱ,ὁ,RA.NPF,G3588,Rahlfs,LXX
17,Esther,1,18,Esther 1:18,4,τυραννίδες,τυραννίς,N.NPF,,Rahlfs,LXX
17,Esther,1,18,Esther 1:18,5,αἱ,ὁ,RA.NPF,G3588,Rahlfs,LXX
17,Esther,1,18,Esther 1:18,6,λοιπαὶ,λοιπός,A.NPF,G3062,Rahlfs,LXX
17,Esther,1,18,Esther 1:18,7,τῶν,ὁ,RA.GPM,G3588,Rahlfs,LXX
17,Esther,1,18,Esther 1:18,8,ἀρχόντων,ἄρχων,N.GPM,G758,Rahlfs,LXX
17,Esther,1,18,Esther 1:18,9,Περσῶν,Πέρσης,N.GPM,,Rahlfs,LXX
17,Esther,1,18,Esther 1:18,10,καὶ,καί,C,G2532,Rahlfs,LXX
17,Esther,1,18,Esther 1:18,11,Μήδων,Μῆδος,N.GPM,G3370,Rahlfs,LXX
17,Esther,1,18,Esther 1:18,12,ἀκούσασαι,ἀκούω,V.AAPNPF,G191,Rahlfs,LXX
17,Esther,1,18,Esther 1:18,13,τὰ,ὁ,RA.APN,G3588,Rahlfs,LXX
17,Esther,1,18,Esther 1:18,14,τῷ,ὁ,RA.DSM,G3588,Rahlfs,LXX
17,Esther,1,18,Esther 1:18,15,βασιλεῖ,βασιλεύς,N.DSM,G935,Rahlfs,LXX
17,Esther,1,18,Esther 1:18,16,λεχθέντα,λέγω,V.APPAPN,G3004,Rahlfs,LXX
17,Esther,1,18,Esther 1:18,17,ὑπ᾿,ὑπό,P,G5259,Rahlfs,LXX
17,Esther,1,18,Esther 1:18,18,αὐτῆς,αὐτός,RD.GSF,G846,Rahlfs,LXX
17,Esther,1,18,Esther 1:18,19,τολμήσουσιν,τολμάω,V.FAI3P,G5111,Rahlfs,LXX
17,Esther,1,18,Esther 1:18,20,ὁμοίως,ὁμοίως,D,G3668,Rahlfs,LXX
17,Esther,1,18,Esther 1:18,21,ἀτιμάσαι,ἀτιμάζω,V.AAN,G818,Rahlfs,LXX
17,Esther,1,18,Esther 1:18,22,τοὺς,ὁ,RA.APM,G3588,Rahlfs,LXX
17,Esther,1,18,Esther 1:18,23,ἄνδρας,ἀνήρ,N.APM,G435,Rahlfs,LXX
17,Esther,1,18,Esther 1:18,24,αὐτῶν,αὐτός,RD.GPF,G846,Rahlfs,LXX
17,Esther,1,19,Esther 1:19,1,εἰ,εἰ,C,G1487,Rahlfs,LXX
17,Esther,1,19,Esther 1:19,2,οὖν,οὖν,X,G3767,Rahlfs,LXX
17,Esther,1,19,Esther 1:19,3,δοκεῖ,δοκέω,V.PAI3S,G1380,Rahlfs,LXX
17,Esther,1,19,Esther 1:19,4,τῷ,ὁ,RA.DSM,G3588,Rahlfs,LXX
17,Esther,1,19,Esther 1:19,5,βασιλεῖ,βασιλεύς,N.DSM,G935,Rahlfs,LXX
17,Esther,1,19,Esther 1:19,6,προσταξάτω,προστάσσω,V.AAD3S,G4367,Rahlfs,LXX
17,Esther,1,19,Esther 1:19,7,βασιλικόν,βασιλικός,A.ASN,G937,Rahlfs,LXX
17,Esther,1,19,Esther 1:19,8,καὶ,καί,C,G2532,Rahlfs,LXX
17,Esther,1,19,Esther 1:19,9,γραφήτω,γράφω,V.APD3S,G1125,Rahlfs,LXX
17,Esther,1,19,Esther 1:19,10,κατὰ,κατά,P,G2596,Rahlfs,LXX
17,Esther,1,19,Esther 1:19,11,τοὺς,ὁ,RA.APM,G3588,Rahlfs,LXX
17,Esther,1,19,Esther 1:19,12,νόμους,νόμος,N.APM,G3551,Rahlfs,LXX
17,Esther,1,19,Esther 1:19,13,Μήδων,Μῆδος,N.GPM,G3370,Rahlfs,LXX
17,Esther,1,19,Esther 1:19,14,καὶ,καί,C,G2532,Rahlfs,LXX
17,Esther,1,19,Esther 1:19,15,Περσῶν,Πέρσης,N.GPM,,Rahlfs,LXX
17,Esther,1,19,Esther 1:19,16,καὶ,καί,C,G2532,Rahlfs,LXX
17,Esther,1,19,Esther 1:19,17,μὴ,μή,D,G3361,Rahlfs,LXX
17,Esther,1,19,Esther 1:19,18,ἄλλως,ἄλλως,D,G247,Rahlfs,LXX
17,Esther,1,19,Esther 1:19,19,χρησάσθω,χράω,V.AMD3S,G5531,Rahlfs,LXX
17,Esther,1,19,Esther 1:19,20,μηδὲ,μηδέ,C,G3366,Rahlfs,LXX
17,Esther,1,19,Esther 1:19,21,εἰσελθάτω,εἰσέρχομαι,V.AAD3S,G1525,Rahlfs,LXX
17,Esther,1,19,Esther 1:19,22,ἔτι,ἔτι,D,G2089,Rahlfs,LXX
17,Esther,1,19,Esther 1:19,23,ἡ,ὁ,RA.NSF,G3588,Rahlfs,LXX
17,Esther,1,19,Esther 1:19,24,βασίλισσα,βασίλισσα,N.NSF,G938,Rahlfs,LXX
17,Esther,1,19,Esther 1:19,25,πρὸς,πρός,P,G4314,Rahlfs,LXX
17,Esther,1,19,Esther 1:19,26,αὐτόν,αὐτός,RD.ASM,G846,Rahlfs,LXX
17,Esther,1,19,Esther 1:19,27,καὶ,καί,C,G2532,Rahlfs,LXX
17,Esther,1,19,Esther 1:19,28,τὴν,ὁ,RA.ASF,G3588,Rahlfs,LXX
17,Esther,1,19,Esther 1:19,29,βασιλείαν,βασιλεία,N.ASF,G932,Rahlfs,LXX
17,Esther,1,19,Esther 1:19,30,αὐτῆς,αὐτός,RD.GSF,G846,Rahlfs,LXX
17,Esther,1,19,Esther 1:19,31,δότω,δίδωμι,V.AAD3S,G1325,Rahlfs,LXX
17,Esther,1,19,Esther 1:19,32,ὁ,ὁ,RA.NSM,G3588,Rahlfs,LXX
17,Esther,1,19,Esther 1:19,33,βασιλεὺς,βασιλεύς,N.NSM,G935,Rahlfs,LXX
17,Esther,1,19,Esther 1:19,34,γυναικὶ,γυνή,N.DSF,G1135,Rahlfs,LXX
17,Esther,1,19,Esther 1:19,35,κρείττονι,κρείσσων,A.DSF,G2909,Rahlfs,LXX
17,Esther,1,19,Esther 1:19,36,αὐτῆς,αὐτός,RD.GSF,G846,Rahlfs,LXX
17,Esther,1,20,Esther 1:20,1,καὶ,καί,C,G2532,Rahlfs,LXX
17,Esther,1,20,Esther 1:20,2,ἀκουσθήτω,ἀκούω,V.APD3S,G191,Rahlfs,LXX
17,Esther,1,20,Esther 1:20,3,ὁ,ὁ,RA.NSM,G3588,Rahlfs,LXX
17,Esther,1,20,Esther 1:20,4,νόμος,νόμος,N.NSM,G3551,Rahlfs,LXX
17,Esther,1,20,Esther 1:20,5,ὁ,ὁ,RA.NSM,G3588,Rahlfs,LXX
17,Esther,1,20,Esther 1:20,6,ὑπὸ,ὑπό,P,G5259,Rahlfs,LXX
17,Esther,1,20,Esther 1:20,7,τοῦ,ὁ,RA.GSM,G3588,Rahlfs,LXX
17,Esther,1,20,Esther 1:20,8,βασιλέως,βασιλεύς,N.GSM,G935,Rahlfs,LXX
17,Esther,1,20,Esther 1:20,9,ὃν,ὅς,RR.ASM,G3739,Rahlfs,LXX
17,Esther,1,20,Esther 1:20,10,ἐὰν,ἐάν,C,G1437,Rahlfs,LXX
17,Esther,1,20,Esther 1:20,11,ποιῇ,ποιέω,V.PAS3S,G4160,Rahlfs,LXX
17,Esther,1,20,Esther 1:20,12,ἐν,ἐν,P,G1722,Rahlfs,LXX
17,Esther,1,20,Esther 1:20,13,τῇ,ὁ,RA.DSF,G3588,Rahlfs,LXX
17,Esther,1,20,Esther 1:20,14,βασιλείᾳ,βασιλεία,N.DSF,G932,Rahlfs,LXX
17,Esther,1,20,Esther 1:20,15,αὐτοῦ,αὐτός,RD.GSM,G846,Rahlfs,LXX
17,Esther,1,20,Esther 1:20,16,καὶ,καί,C,G2532,Rahlfs,LXX
17,Esther,1,20,Esther 1:20,17,οὕτως,οὕτως,D,G3779,Rahlfs,LXX
17,Esther,1,20,Esther 1:20,18,πᾶσαι,πᾶς,A.NPF,G3956,Rahlfs,LXX
17,Esther,1,20,Esther 1:20,19,αἱ,ὁ,RA.NPF,G3588,Rahlfs,LXX
17,Esther,1,20,Esther 1:20,20,γυναῖκες,γυνή,N.NPF,G1135,Rahlfs,LXX
17,Esther,1,20,Esther 1:20,21,περιθήσουσιν,περιτίθημι,V.FAI3P,G4060,Rahlfs,LXX
17,Esther,1,20,Esther 1:20,22,τιμὴν,τιμή,N.ASF,G5092,Rahlfs,LXX
17,Esther,1,20,Esther 1:20,23,τοῖς,ὁ,RA.DPM,G3588,Rahlfs,LXX
17,Esther,1,20,Esther 1:20,24,ἀνδράσιν,ἀνήρ,N.DPM,G435,Rahlfs,LXX
17,Esther,1,20,Esther 1:20,25,ἑαυτῶν,ἑαυτοῦ,RD.GPF,G1438,Rahlfs,LXX
17,Esther,1,20,Esther 1:20,26,ἀπὸ,ἀπό,P,G575,Rahlfs,LXX
17,Esther,1,20,Esther 1:20,27,πτωχοῦ,πτωχός,N.GSM,G4434,Rahlfs,LXX
17,Esther,1,20,Esther 1:20,28,ἕως,ἕως,P,G2193,Rahlfs,LXX
17,Esther,1,20,Esther 1:20,29,πλουσίου,πλούσιος,A.GSF,G4145,Rahlfs,LXX
17,Esther,1,21,Esther 1:21,1,καὶ,καί,C,G2532,Rahlfs,LXX
17,Esther,1,21,Esther 1:21,2,ἤρεσεν,ἀρέσκω,V.AAI3S,G700,Rahlfs,LXX
17,Esther,1,21,Esther 1:21,3,ὁ,ὁ,RA.NSM,G3588,Rahlfs,LXX
17,Esther,1,21,Esther 1:21,4,λόγος,λόγος,N.NSM,G3056,Rahlfs,LXX
17,Esther,1,21,Esther 1:21,5,τῷ,ὁ,RA.DSM,G3588,Rahlfs,LXX
17,Esther,1,21,Esther 1:21,6,βασιλεῖ,βασιλεύς,N.DSM,G935,Rahlfs,LXX
17,Esther,1,21,Esther 1:21,7,καὶ,καί,C,G2532,Rahlfs,LXX
17,Esther,1,21,Esther 1:21,8,τοῖς,ὁ,RA.DPM,G3588,Rahlfs,LXX
17,Esther,1,21,Esther 1:21,9,ἄρχουσι,ἄρχων,N.DPM,G758,Rahlfs,LXX
17,Esther,1,21,Esther 1:21,10,καὶ,καί,C,G2532,Rahlfs,LXX
17,Esther,1,21,Esther 1:21,11,ἐποίησεν,ποιέω,V.AAI3S,G4160,Rahlfs,LXX
17,Esther,1,21,Esther 1:21,12,ὁ,ὁ,RA.NSM,G3588,Rahlfs,LXX
17,Esther,1,21,Esther 1:21,13,βασιλεὺς,βασιλεύς,N.NSM,G935,Rahlfs,LXX
17,Esther,1,21,Esther 1:21,14,καθὰ,καθά,D,G2505,Rahlfs,LXX
17,Esther,1,21,Esther 1:21,15,ἐλάλησεν,λαλέω,V.AAI3S,G2980,Rahlfs,LXX
17,Esther,1,21,Esther 1:21,16,ὁ,ὁ,RA.NSM,G3588,Rahlfs,LXX
17,Esther,1,21,Esther 1:21,17,Μουχαιος,Μουχαῖος,N.NSM,,Rahlfs,LXX
17,Esther,1,22,Esther 1:22,1,καὶ,καί,C,G2532,Rahlfs,LXX
17,Esther,1,22,Esther 1:22,2,ἀπέστειλεν,ἀποστέλλω,V.AAI3S,G649,Rahlfs,LXX
17,Esther,1,22,Esther 1:22,3,εἰς,εἰς,P,G1519,Rahlfs,LXX
17,Esther,1,22,Esther 1:22,4,πᾶσαν,πᾶς,A.ASF,G3956,Rahlfs,LXX
17,Esther,1,22,Esther 1:22,5,τὴν,ὁ,RA.ASF,G3588,Rahlfs,LXX
17,Esther,1,22,Esther 1:22,6,βασιλείαν,βασιλεία,N.ASF,G932,Rahlfs,LXX
17,Esther,1,22,Esther 1:22,7,κατὰ,κατά,P,G2596,Rahlfs,LXX
17,Esther,1,22,Esther 1:22,8,χώραν,χώρα,N.ASF,G5561,Rahlfs,LXX
17,Esther,1,22,Esther 1:22,9,κατὰ,κατά,P,G2596,Rahlfs,LXX
17,Esther,1,22,Esther 1:22,10,τὴν,ὁ,RA.ASF,G3588,Rahlfs,LXX
17,Esther,1,22,Esther 1:22,11,λέξιν,λέξις,N.ASF,,Rahlfs,LXX
17,Esther,1,22,Esther 1:22,12,αὐτῶν,αὐτός,RD.GPM,G846,Rahlfs,LXX
17,Esther,1,22,Esther 1:22,13,ὥστε,ὥστε,C,G5620,Rahlfs,LXX
17,Esther,1,22,Esther 1:22,14,εἶναι,εἰμί,V.PAN,G1510,Rahlfs,LXX
17,Esther,1,22,Esther 1:22,15,φόβον,φόβος,N.ASM,G5401,Rahlfs,LXX
17,Esther,1,22,Esther 1:22,16,αὐτοῖς,αὐτός,RD.DPM,G846,Rahlfs,LXX
17,Esther,1,22,Esther 1:22,17,ἐν,ἐν,P,G1722,Rahlfs,LXX
17,Esther,1,22,Esther 1:22,18,ταῖς,ὁ,RA.DPF,G3588,Rahlfs,LXX
17,Esther,1,22,Esther 1:22,19,οἰκίαις,οἰκία,N.DPF,G3614,Rahlfs,LXX
17,Esther,1,22,Esther 1:22,20,αὐτῶν,αὐτός,RD.GPM,G846,Rahlfs,LXX
17,Esther,2,1,Esther 2:1,1,καὶ,καί,C,G2532,Rahlfs,LXX
17,Esther,2,1,Esther 2:1,2,μετὰ,μετά,P,G3326,Rahlfs,LXX
17,Esther,2,1,Esther 2:1,3,τοὺς,ὁ,RA.APM,G3588,Rahlfs,LXX
17,Esther,2,1,Esther 2:1,4,λόγους,λόγος,N.APM,G3056,Rahlfs,LXX
17,Esther,2,1,Esther 2:1,5,τούτους,οὗτος,RD.APM,G3778,Rahlfs,LXX
17,Esther,2,1,Esther 2:1,6,ἐκόπασεν,κοπάζω,V.AAI3S,G2869,Rahlfs,LXX
17,Esther,2,1,Esther 2:1,7,ὁ,ὁ,RA.NSM,G3588,Rahlfs,LXX
17,Esther,2,1,Esther 2:1,8,βασιλεὺς,βασιλεύς,N.NSM,G935,Rahlfs,LXX
17,Esther,2,1,Esther 2:1,9,τοῦ,ὁ,RA.GSM,G3588,Rahlfs,LXX
17,Esther,2,1,Esther 2:1,10,θυμοῦ,θυμός,N.GSM,G2372,Rahlfs,LXX
17,Esther,2,1,Esther 2:1,11,καὶ,καί,C,G2532,Rahlfs,LXX
17,Esther,2,1,Esther 2:1,12,οὐκέτι,οὐκέτι,D,G3765,Rahlfs,LXX
17,Esther,2,1,Esther 2:1,13,ἐμνήσθη,μνάομαι,V.API3S,G3415,Rahlfs,LXX
17,Esther,2,1,Esther 2:1,14,τῆς,ὁ,RA.GSF,G3588,Rahlfs,LXX
17,Esther,2,1,Esther 2:1,15,Αστιν,Αστιν,N.GSF,,Rahlfs,LXX
17,Esther,2,1,Esther 2:1,16,μνημονεύων,μνημονεύω,V.PAPNSM,G3421,Rahlfs,LXX
17,Esther,2,1,Esther 2:1,17,οἷα,οἷος,A.APN,G3634,Rahlfs,LXX
17,Esther,2,1,Esther 2:1,18,ἐλάλησεν,λαλέω,V.AAI3S,G2980,Rahlfs,LXX
17,Esther,2,1,Esther 2:1,19,καὶ,καί,C,G2532,Rahlfs,LXX
17,Esther,2,1,Esther 2:1,20,ὡς,ὥς,C,G5613,Rahlfs,LXX
17,Esther,2,1,Esther 2:1,21,κατέκρινεν,κατακρίνω,V.AAI3S,G2632,Rahlfs,LXX
17,Esther,2,1,Esther 2:1,22,αὐτήν,αὐτός,RD.ASF,G846,Rahlfs,LXX
17,Esther,2,2,Esther 2:2,1,καὶ,καί,C,G2532,Rahlfs,LXX
17,Esther,2,2,Esther 2:2,2,εἶπαν,ἔπω,V.AAI3P,G2036,Rahlfs,LXX
17,Esther,2,2,Esther 2:2,3,οἱ,ὁ,RA.NPM,G3588,Rahlfs,LXX
17,Esther,2,2,Esther 2:2,4,διάκονοι,διάκονος,N.NPM,G1249,Rahlfs,LXX
17,Esther,2,2,Esther 2:2,5,τοῦ,ὁ,RA.GSM,G3588,Rahlfs,LXX
17,Esther,2,2,Esther 2:2,6,βασιλέως,βασιλεύς,N.GSM,G935,Rahlfs,LXX
17,Esther,2,2,Esther 2:2,7,ζητηθήτω,ζητέω,V.APD3S,G2212,Rahlfs,LXX
17,Esther,2,2,Esther 2:2,8,τῷ,ὁ,RA.DSM,G3588,Rahlfs,LXX
17,Esther,2,2,Esther 2:2,9,βασιλεῖ,βασιλεύς,N.DSM,G935,Rahlfs,LXX
17,Esther,2,2,Esther 2:2,10,κοράσια,κοράσιον,N.APN,G2877,Rahlfs,LXX
17,Esther,2,2,Esther 2:2,11,ἄφθορα,ἄφθορος,A.APN,,Rahlfs,LXX
17,Esther,2,2,Esther 2:2,12,καλὰ,καλός,A.APN,G2570,Rahlfs,LXX
17,Esther,2,2,Esther 2:2,13,τῷ,ὁ,RA.DSN,G3588,Rahlfs,LXX
17,Esther,2,2,Esther 2:2,14,εἴδει,εἶδος,N.DSN,G1491,Rahlfs,LXX
17,Esther,2,3,Esther 2:3,1,καὶ,καί,C,G2532,Rahlfs,LXX
17,Esther,2,3,Esther 2:3,2,καταστήσει,καθίστημι,V.FAI3S,G2525,Rahlfs,LXX
17,Esther,2,3,Esther 2:3,3,ὁ,ὁ,RA.NSM,G3588,Rahlfs,LXX
17,Esther,2,3,Esther 2:3,4,βασιλεὺς,βασιλεύς,N.NSM,G935,Rahlfs,LXX
17,Esther,2,3,Esther 2:3,5,κωμάρχας,κωμάρχης,N.APM,,Rahlfs,LXX
17,Esther,2,3,Esther 2:3,6,ἐν,ἐν,P,G1722,Rahlfs,LXX
17,Esther,2,3,Esther 2:3,7,πάσαις,πᾶς,A.DPF,G3956,Rahlfs,LXX
17,Esther,2,3,Esther 2:3,8,ταῖς,ὁ,RA.DPF,G3588,Rahlfs,LXX
17,Esther,2,3,Esther 2:3,9,χώραις,χώρα,N.DPF,G5561,Rahlfs,LXX
17,Esther,2,3,Esther 2:3,10,τῆς,ὁ,RA.GSF,G3588,Rahlfs,LXX
17,Esther,2,3,Esther 2:3,11,βασιλείας,βασιλεία,N.GSF,G932,Rahlfs,LXX
17,Esther,2,3,Esther 2:3,12,αὐτοῦ,αὐτός,RD.GSM,G846,Rahlfs,LXX
17,Esther,2,3,Esther 2:3,13,καὶ,καί,C,G2532,Rahlfs,LXX
17,Esther,2,3,Esther 2:3,14,ἐπιλεξάτωσαν,ἐπιλέγω,V.AAD3P,G1951,Rahlfs,LXX
17,Esther,2,3,Esther 2:3,15,κοράσια,κοράσιον,N.APN,G2877,Rahlfs,LXX
17,Esther,2,3,Esther 2:3,16,παρθενικὰ,παρθενικός,A.APN,,Rahlfs,LXX
17,Esther,2,3,Esther 2:3,17,καλὰ,καλός,A.APN,G2570,Rahlfs,LXX
17,Esther,2,3,Esther 2:3,18,τῷ,ὁ,RA.DSN,G3588,Rahlfs,LXX
17,Esther,2,3,Esther 2:3,19,εἴδει,εἶδος,N.DSN,G1491,Rahlfs,LXX
17,Esther,2,3,Esther 2:3,20,εἰς,εἰς,P,G1519,Rahlfs,LXX
17,Esther,2,3,Esther 2:3,21,Σουσαν,Σουσαν,N.AS,,Rahlfs,LXX
17,Esther,2,3,Esther 2:3,22,τὴν,ὁ,RA.ASF,G3588,Rahlfs,LXX
17,Esther,2,3,Esther 2:3,23,πόλιν,πόλις,N.ASF,G4172,Rahlfs,LXX
17,Esther,2,3,Esther 2:3,24,εἰς,εἰς,P,G1519,Rahlfs,LXX
17,Esther,2,3,Esther 2:3,25,τὸν,ὁ,RA.ASM,G3588,Rahlfs,LXX
17,Esther,2,3,Esther 2:3,26,γυναικῶνα,γυναικών,N.ASM,,Rahlfs,LXX
17,Esther,2,3,Esther 2:3,27,καὶ,καί,C,G2532,Rahlfs,LXX
17,Esther,2,3,Esther 2:3,28,παραδοθήτωσαν,παραδίδωμι,V.APD3P,G3860,Rahlfs,LXX
17,Esther,2,3,Esther 2:3,29,τῷ,ὁ,RA.DSM,G3588,Rahlfs,LXX
17,Esther,2,3,Esther 2:3,30,εὐνούχῳ,εὐνοῦχος,N.DSM,G2135,Rahlfs,LXX
17,Esther,2,3,Esther 2:3,31,τοῦ,ὁ,RA.GSM,G3588,Rahlfs,LXX
17,Esther,2,3,Esther 2:3,32,βασιλέως,βασιλεύς,N.GSM,G935,Rahlfs,LXX
17,Esther,2,3,Esther 2:3,33,τῷ,ὁ,RA.DSM,G3588,Rahlfs,LXX
17,Esther,2,3,Esther 2:3,34,φύλακι,φύλαξ,N.DSM,G5441,Rahlfs,LXX
17,Esther,2,3,Esther 2:3,35,τῶν,ὁ,RA.GPF,G3588,Rahlfs,LXX
17,Esther,2,3,Esther 2:3,36,γυναικῶν,γυνή,N.GPF,G1135,Rahlfs,LXX
17,Esther,2,3,Esther 2:3,37,καὶ,καί,C,G2532,Rahlfs,LXX
17,Esther,2,3,Esther 2:3,38,δοθήτω,δίδωμι,V.APD3S,G1325,Rahlfs,LXX
17,Esther,2,3,Esther 2:3,39,σμῆγμα,σμῆγμα,N.NSN,,Rahlfs,LXX
17,Esther,2,3,Esther 2:3,40,καὶ,καί,C,G2532,Rahlfs,LXX
17,Esther,2,3,Esther 2:3,41,ἡ,ὁ,RA.NSF,G3588,Rahlfs,LXX
17,Esther,2,3,Esther 2:3,42,λοιπὴ,λοιπόν,A.NSF,G3063,Rahlfs,LXX
17,Esther,2,3,Esther 2:3,43,ἐπιμέλεια,ἐπιμέλεια,N.NSF,G1958,Rahlfs,LXX
17,Esther,2,4,Esther 2:4,1,καὶ,καί,C,G2532,Rahlfs,LXX
17,Esther,2,4,Esther 2:4,2,ἡ,ὁ,RA.NSF,G3588,Rahlfs,LXX
17,Esther,2,4,Esther 2:4,3,γυνή,γυνή,N.NSF,G1135,Rahlfs,LXX
17,Esther,2,4,Esther 2:4,4,ἣ,ὅς,RR.NSF,G3739,Rahlfs,LXX
17,Esther,2,4,Esther 2:4,5,ἂν,ἄν,X,G302,Rahlfs,LXX
17,Esther,2,4,Esther 2:4,6,ἀρέσῃ,ἀρέσκω,V.AAS3S,G700,Rahlfs,LXX
17,Esther,2,4,Esther 2:4,7,τῷ,ὁ,RA.DSM,G3588,Rahlfs,LXX
17,Esther,2,4,Esther 2:4,8,βασιλεῖ,βασιλεύς,N.DSM,G935,Rahlfs,LXX
17,Esther,2,4,Esther 2:4,9,βασιλεύσει,βασιλεύω,V.FAI3S,G936,Rahlfs,LXX
17,Esther,2,4,Esther 2:4,10,ἀντὶ,ἀντί,P,G473,Rahlfs,LXX
17,Esther,2,4,Esther 2:4,11,Αστιν,Αστιν,N.GSF,,Rahlfs,LXX
17,Esther,2,4,Esther 2:4,12,καὶ,καί,C,G2532,Rahlfs,LXX
17,Esther,2,4,Esther 2:4,13,ἤρεσεν,ἀρέσκω,V.AAI3S,G700,Rahlfs,LXX
17,Esther,2,4,Esther 2:4,14,τῷ,ὁ,RA.DSM,G3588,Rahlfs,LXX
17,Esther,2,4,Esther 2:4,15,βασιλεῖ,βασιλεύς,N.DSM,G935,Rahlfs,LXX
17,Esther,2,4,Esther 2:4,16,τὸ,ὁ,RA.NSN,G3588,Rahlfs,LXX
17,Esther,2,4,Esther 2:4,17,πρᾶγμα,πρᾶγμα,N.NSN,G4229,Rahlfs,LXX
17,Esther,2,4,Esther 2:4,18,καὶ,καί,C,G2532,Rahlfs,LXX
17,Esther,2,4,Esther 2:4,19,ἐποίησεν,ποιέω,V.AAI3S,G4160,Rahlfs,LXX
17,Esther,2,4,Esther 2:4,20,οὕτως,οὕτως,D,G3779,Rahlfs,LXX
17,Esther,2,5,Esther 2:5,1,καὶ,καί,C,G2532,Rahlfs,LXX
17,Esther,2,5,Esther 2:5,2,ἄνθρωπος,ἄνθρωπος,N.NSM,G444,Rahlfs,LXX
17,Esther,2,5,Esther 2:5,3,ἦν,εἰμί,V.IAI3S,G1510,Rahlfs,LXX
17,Esther,2,5,Esther 2:5,4,Ιουδαῖος,Ἰουδαῖος,N.NSM,G2453,Rahlfs,LXX
17,Esther,2,5,Esther 2:5,5,ἐν,ἐν,P,G1722,Rahlfs,LXX
17,Esther,2,5,Esther 2:5,6,Σούσοις,Σουσά,N.DPN,,Rahlfs,LXX
17,Esther,2,5,Esther 2:5,7,τῇ,ὁ,RA.DSF,G3588,Rahlfs,LXX
17,Esther,2,5,Esther 2:5,8,πόλει,πόλις,N.DSF,G4172,Rahlfs,LXX
17,Esther,2,5,Esther 2:5,9,καὶ,καί,C,G2532,Rahlfs,LXX
17,Esther,2,5,Esther 2:5,10,ὄνομα,ὄνομα,N.NSN,G3686,Rahlfs,LXX
17,Esther,2,5,Esther 2:5,11,αὐτῷ,αὐτός,RD.DSM,G846,Rahlfs,LXX
17,Esther,2,5,Esther 2:5,12,Μαρδοχαῖος,Μαρδοχαῖος,N.NSM,,Rahlfs,LXX
17,Esther,2,5,Esther 2:5,13,ὁ,ὁ,RA.NSM,G3588,Rahlfs,LXX
17,Esther,2,5,Esther 2:5,14,τοῦ,ὁ,RA.GSM,G3588,Rahlfs,LXX
17,Esther,2,5,Esther 2:5,15,Ιαϊρου,Ἰάϊρος,N.GSM,,Rahlfs,LXX
17,Esther,2,5,Esther 2:5,16,τοῦ,ὁ,RA.GSM,G3588,Rahlfs,LXX
17,Esther,2,5,Esther 2:5,17,Σεμεϊου,Σεμείας,N.GSM,,Rahlfs,LXX
17,Esther,2,5,Esther 2:5,18,τοῦ,ὁ,RA.GSM,G3588,Rahlfs,LXX
17,Esther,2,5,Esther 2:5,19,Κισαιου,Κισαιας,N.GSM,,Rahlfs,LXX
17,Esther,2,5,Esther 2:5,20,ἐκ,ἐκ,P,G1537,Rahlfs,LXX
17,Esther,2,5,Esther 2:5,21,φυλῆς,φυλή,N.GSF,G5443,Rahlfs,LXX
17,Esther,2,5,Esther 2:5,22,Βενιαμιν,Βενιαμίν,N.GSM,G958,Rahlfs,LXX
17,Esther,2,6,Esther 2:6,1,ὃς,ὅς,RR.NSM,G3739,Rahlfs,LXX
17,Esther,2,6,Esther 2:6,2,ἦν,εἰμί,V.IAI3S,G1510,Rahlfs,LXX
17,Esther,2,6,Esther 2:6,3,αἰχμάλωτος,αἰχμάλωτος,A.NSM,G164,Rahlfs,LXX
17,Esther,2,6,Esther 2:6,4,ἐξ,ἐκ,P,G1537,Rahlfs,LXX
17,Esther,2,6,Esther 2:6,5,Ιερουσαλημ,Ἱερουσαλήμ,N.GSF,G2419,Rahlfs,LXX
17,Esther,2,6,Esther 2:6,6,ἣν,ὅς,RR.ASF,G3739,Rahlfs,LXX
17,Esther,2,6,Esther 2:6,7,ᾐχμαλώτευσεν,αἰχμαλωτεύω,V.AAI3S,G162,Rahlfs,LXX
17,Esther,2,6,Esther 2:6,8,Ναβουχοδονοσορ,Ναβουχοδονοσόρ,N.NSM,,Rahlfs,LXX
17,Esther,2,6,Esther 2:6,9,βασιλεὺς,βασιλεύς,N.NSM,G935,Rahlfs,LXX
17,Esther,2,6,Esther 2:6,10,Βαβυλῶνος,Βαβυλών,N.GSM,G897,Rahlfs,LXX
17,Esther,2,7,Esther 2:7,1,καὶ,καί,C,G2532,Rahlfs,LXX
17,Esther,2,7,Esther 2:7,2,ἦν,εἰμί,V.IAI3S,G1510,Rahlfs,LXX
17,Esther,2,7,Esther 2:7,3,τούτῳ,οὗτος,RD.DSM,G3778,Rahlfs,LXX
17,Esther,2,7,Esther 2:7,4,παῖς,παῖς,N.NSN,G3816,Rahlfs,LXX
17,Esther,2,7,Esther 2:7,5,θρεπτή,θρεπτή,N.NSF,,Rahlfs,LXX
17,Esther,2,7,Esther 2:7,6,θυγάτηρ,θυγάτηρ,N.NSF,G2364,Rahlfs,LXX
17,Esther,2,7,Esther 2:7,7,Αμιναδαβ,Ἀμιναδάβ,N.GSM,G284,Rahlfs,LXX
17,Esther,2,7,Esther 2:7,8,ἀδελφοῦ,ἀδελφός,N.GSM,G80,Rahlfs,LXX
17,Esther,2,7,Esther 2:7,9,πατρὸς,πατήρ,N.GSM,G3962,Rahlfs,LXX
17,Esther,2,7,Esther 2:7,10,αὐτοῦ,αὐτός,RD.GSM,G846,Rahlfs,LXX
17,Esther,2,7,Esther 2:7,11,καὶ,καί,C,G2532,Rahlfs,LXX
17,Esther,2,7,Esther 2:7,12,ὄνομα,ὄνομα,N.NSN,G3686,Rahlfs,LXX
17,Esther,2,7,Esther 2:7,13,αὐτῇ,αὐτός,RD.DSF,G846,Rahlfs,LXX
17,Esther,2,7,Esther 2:7,14,Εσθηρ,Εσθηρ,N.NSF,,Rahlfs,LXX
17,Esther,2,7,Esther 2:7,15,ἐν,ἐν,P,G1722,Rahlfs,LXX
17,Esther,2,7,Esther 2:7,16,δὲ,δέ,X,G1161,Rahlfs,LXX
17,Esther,2,7,Esther 2:7,17,τῷ,ὁ,RA.DSN,G3588,Rahlfs,LXX
17,Esther,2,7,Esther 2:7,18,μεταλλάξαι,μεταλλάσσω,V.AAN,G3337,Rahlfs,LXX
17,Esther,2,7,Esther 2:7,19,αὐτῆς,αὐτός,RD.GSF,G846,Rahlfs,LXX
17,Esther,2,7,Esther 2:7,20,τοὺς,ὁ,RA.APM,G3588,Rahlfs,LXX
17,Esther,2,7,Esther 2:7,21,γονεῖς,γονεύς,N.APM,G1118,Rahlfs,LXX
17,Esther,2,7,Esther 2:7,22,ἐπαίδευσεν,παιδεύω,V.AAI3S,G3811,Rahlfs,LXX
17,Esther,2,7,Esther 2:7,23,αὐτὴν,αὐτός,RD.ASF,G846,Rahlfs,LXX
17,Esther,2,7,Esther 2:7,24,ἑαυτῷ,ἑαυτοῦ,RD.DSM,G1438,Rahlfs,LXX
17,Esther,2,7,Esther 2:7,25,εἰς,εἰς,P,G1519,Rahlfs,LXX
17,Esther,2,7,Esther 2:7,26,γυναῖκα,γυνή,N.ASF,G1135,Rahlfs,LXX
17,Esther,2,7,Esther 2:7,27,καὶ,καί,C,G2532,Rahlfs,LXX
17,Esther,2,7,Esther 2:7,28,ἦν,εἰμί,V.IAI3S,G1510,Rahlfs,LXX
17,Esther,2,7,Esther 2:7,29,τὸ,ὁ,RA.NSN,G3588,Rahlfs,LXX
17,Esther,2,7,Esther 2:7,30,κοράσιον,κοράσιον,N.NSN,G2877,Rahlfs,LXX
17,Esther,2,7,Esther 2:7,31,καλὸν,καλός,A.NSN,G2570,Rahlfs,LXX
17,Esther,2,7,Esther 2:7,32,τῷ,ὁ,RA.DSN,G3588,Rahlfs,LXX
17,Esther,2,7,Esther 2:7,33,εἴδει,εἶδος,N.DSN,G1491,Rahlfs,LXX
17,Esther,2,8,Esther 2:8,1,καὶ,καί,C,G2532,Rahlfs,LXX
17,Esther,2,8,Esther 2:8,2,ὅτε,ὅτε,D,G3753,Rahlfs,LXX
17,Esther,2,8,Esther 2:8,3,ἠκούσθη,ἀκούω,V.API3S,G191,Rahlfs,LXX
17,Esther,2,8,Esther 2:8,4,τὸ,ὁ,RA.NSN,G3588,Rahlfs,LXX
17,Esther,2,8,Esther 2:8,5,τοῦ,ὁ,RA.GSM,G3588,Rahlfs,LXX
17,Esther,2,8,Esther 2:8,6,βασιλέως,βασιλεύς,N.GSM,G935,Rahlfs,LXX
17,Esther,2,8,Esther 2:8,7,πρόσταγμα,πρόσταγμα,N.NSN,,Rahlfs,LXX
17,Esther,2,8,Esther 2:8,8,συνήχθησαν,συνάγω,V.API3P,G4863,Rahlfs,LXX
17,Esther,2,8,Esther 2:8,9,κοράσια,κοράσιον,N.NPN,G2877,Rahlfs,LXX
17,Esther,2,8,Esther 2:8,10,πολλὰ,πολύς,A.NPN,G4183,Rahlfs,LXX
17,Esther,2,8,Esther 2:8,11,εἰς,εἰς,P,G1519,Rahlfs,LXX
17,Esther,2,8,Esther 2:8,12,Σουσαν,Σουσαν,N.AS,,Rahlfs,LXX
17,Esther,2,8,Esther 2:8,13,τὴν,ὁ,RA.ASF,G3588,Rahlfs,LXX
17,Esther,2,8,Esther 2:8,14,πόλιν,πόλις,N.ASF,G4172,Rahlfs,LXX
17,Esther,2,8,Esther 2:8,15,ὑπὸ,ὑπό,P,G5259,Rahlfs,LXX
17,Esther,2,8,Esther 2:8,16,χεῖρα,χείρ,N.ASF,G5495,Rahlfs,LXX
17,Esther,2,8,Esther 2:8,17,Γαι,Γαι,N.GSM,,Rahlfs,LXX
17,Esther,2,8,Esther 2:8,18,καὶ,καί,C,G2532,Rahlfs,LXX
17,Esther,2,8,Esther 2:8,19,ἤχθη,ἄγω,V.API3S,G71,Rahlfs,LXX
17,Esther,2,8,Esther 2:8,20,Εσθηρ,Εσθηρ,N.NSF,,Rahlfs,LXX
17,Esther,2,8,Esther 2:8,21,πρὸς,πρός,P,G4314,Rahlfs,LXX
17,Esther,2,8,Esther 2:8,22,Γαι,Γαι,N.ASM,,Rahlfs,LXX
17,Esther,2,8,Esther 2:8,23,τὸν,ὁ,RA.ASM,G3588,Rahlfs,LXX
17,Esther,2,8,Esther 2:8,24,φύλακα,φύλαξ,N.ASM,G5441,Rahlfs,LXX
17,Esther,2,8,Esther 2:8,25,τῶν,ὁ,RA.GPF,G3588,Rahlfs,LXX
17,Esther,2,8,Esther 2:8,26,γυναικῶν,γυνή,N.GPF,G1135,Rahlfs,LXX
17,Esther,2,9,Esther 2:9,1,καὶ,καί,C,G2532,Rahlfs,LXX
17,Esther,2,9,Esther 2:9,2,ἤρεσεν,ἀρέσκω,V.AAI3S,G700,Rahlfs,LXX
17,Esther,2,9,Esther 2:9,3,αὐτῷ,αὐτός,RD.DSM,G846,Rahlfs,LXX
17,Esther,2,9,Esther 2:9,4,τὸ,ὁ,RA.NSN,G3588,Rahlfs,LXX
17,Esther,2,9,Esther 2:9,5,κοράσιον,κοράσιον,N.NSN,G2877,Rahlfs,LXX
17,Esther,2,9,Esther 2:9,6,καὶ,καί,C,G2532,Rahlfs,LXX
17,Esther,2,9,Esther 2:9,7,εὗρεν,εὑρίσκω,V.AAI3S,G2147,Rahlfs,LXX
17,Esther,2,9,Esther 2:9,8,χάριν,χάρις,N.ASF,G5485,Rahlfs,LXX
17,Esther,2,9,Esther 2:9,9,ἐνώπιον,ἐνώπιος,P,G1799,Rahlfs,LXX
17,Esther,2,9,Esther 2:9,10,αὐτοῦ,αὐτός,RD.GSM,G846,Rahlfs,LXX
17,Esther,2,9,Esther 2:9,11,καὶ,καί,C,G2532,Rahlfs,LXX
17,Esther,2,9,Esther 2:9,12,ἔσπευσεν,σπεύδω,V.AAI3S,G4692,Rahlfs,LXX
17,Esther,2,9,Esther 2:9,13,αὐτῇ,αὐτός,RD.DSF,G846,Rahlfs,LXX
17,Esther,2,9,Esther 2:9,14,δοῦναι,δίδωμι,V.AAN,G1325,Rahlfs,LXX
17,Esther,2,9,Esther 2:9,15,τὸ,ὁ,RA.ASN,G3588,Rahlfs,LXX
17,Esther,2,9,Esther 2:9,16,σμῆγμα,σμῆγμα,N.ASN,,Rahlfs,LXX
17,Esther,2,9,Esther 2:9,17,καὶ,καί,C,G2532,Rahlfs,LXX
17,Esther,2,9,Esther 2:9,18,τὴν,ὁ,RA.ASF,G3588,Rahlfs,LXX
17,Esther,2,9,Esther 2:9,19,μερίδα,μερίς,N.ASF,G3310,Rahlfs,LXX
17,Esther,2,9,Esther 2:9,20,καὶ,καί,C,G2532,Rahlfs,LXX
17,Esther,2,9,Esther 2:9,21,τὰ,ὁ,RA.APN,G3588,Rahlfs,LXX
17,Esther,2,9,Esther 2:9,22,ἑπτὰ,ἑπτά,M,G2033,Rahlfs,LXX
17,Esther,2,9,Esther 2:9,23,κοράσια,κοράσιον,N.APN,G2877,Rahlfs,LXX
17,Esther,2,9,Esther 2:9,24,τὰ,ὁ,RA.APN,G3588,Rahlfs,LXX
17,Esther,2,9,Esther 2:9,25,ἀποδεδειγμένα,ἀποδείκνυμι,V.XMPAPN,G584,Rahlfs,LXX
17,Esther,2,9,Esther 2:9,26,αὐτῇ,αὐτός,RD.DSF,G846,Rahlfs,LXX
17,Esther,2,9,Esther 2:9,27,ἐκ,ἐκ,P,G1537,Rahlfs,LXX
17,Esther,2,9,Esther 2:9,28,βασιλικοῦ,βασιλικός,A.GSN,G937,Rahlfs,LXX
17,Esther,2,9,Esther 2:9,29,καὶ,καί,C,G2532,Rahlfs,LXX
17,Esther,2,9,Esther 2:9,30,ἐχρήσατο,χράω,V.AMI3S,G5531,Rahlfs,LXX
17,Esther,2,9,Esther 2:9,31,αὐτῇ,αὐτός,RD.DSF,G846,Rahlfs,LXX
17,Esther,2,9,Esther 2:9,32,καλῶς,καλῶς,D,G2573,Rahlfs,LXX
17,Esther,2,9,Esther 2:9,33,καὶ,καί,C,G2532,Rahlfs,LXX
17,Esther,2,9,Esther 2:9,34,ταῖς,ὁ,RA.DPF,G3588,Rahlfs,LXX
17,Esther,2,9,Esther 2:9,35,ἅβραις,ἅβρα,N.DPF,,Rahlfs,LXX
17,Esther,2,9,Esther 2:9,36,αὐτῆς,αὐτός,RD.GSF,G846,Rahlfs,LXX
17,Esther,2,9,Esther 2:9,37,ἐν,ἐν,P,G1722,Rahlfs,LXX
17,Esther,2,9,Esther 2:9,38,τῷ,ὁ,RA.DSM,G3588,Rahlfs,LXX
17,Esther,2,9,Esther 2:9,39,γυναικῶνι,γυναικών,N.DSM,,Rahlfs,LXX
17,Esther,2,10,Esther 2:10,1,καὶ,καί,C,G2532,Rahlfs,LXX
17,Esther,2,10,Esther 2:10,2,οὐχ,οὐ,D,G3756,Rahlfs,LXX
17,Esther,2,10,Esther 2:10,3,ὑπέδειξεν,ὑποδείκνυμι,V.AAI3S,G5263,Rahlfs,LXX
17,Esther,2,10,Esther 2:10,4,Εσθηρ,Εσθηρ,N.NSF,,Rahlfs,LXX
17,Esther,2,10,Esther 2:10,5,τὸ,ὁ,RA.ASN,G3588,Rahlfs,LXX
17,Esther,2,10,Esther 2:10,6,γένος,γένος,N.ASN,G1085,Rahlfs,LXX
17,Esther,2,10,Esther 2:10,7,αὐτῆς,αὐτός,RD.GSF,G846,Rahlfs,LXX
17,Esther,2,10,Esther 2:10,8,οὐδὲ,οὐδέ,C,G3761,Rahlfs,LXX
17,Esther,2,10,Esther 2:10,9,τὴν,ὁ,RA.ASF,G3588,Rahlfs,LXX
17,Esther,2,10,Esther 2:10,10,πατρίδα,πατρίς,N.ASF,G3968,Rahlfs,LXX
17,Esther,2,10,Esther 2:10,11,ὁ,ὁ,RA.NSM,G3588,Rahlfs,LXX
17,Esther,2,10,Esther 2:10,12,γὰρ,γάρ,X,G1063,Rahlfs,LXX
17,Esther,2,10,Esther 2:10,13,Μαρδοχαῖος,Μαρδοχαῖος,N.NSM,,Rahlfs,LXX
17,Esther,2,10,Esther 2:10,14,ἐνετείλατο,ἐντέλλομαι,V.AMI3S,G1781,Rahlfs,LXX
17,Esther,2,10,Esther 2:10,15,αὐτῇ,αὐτός,RD.DSF,G846,Rahlfs,LXX
17,Esther,2,10,Esther 2:10,16,μὴ,μή,D,G3361,Rahlfs,LXX
17,Esther,2,10,Esther 2:10,17,ἀπαγγεῖλαι,ἀπαγγέλλω,V.AAN,G518,Rahlfs,LXX
17,Esther,2,11,Esther 2:11,1,καθ᾿,κατά,P,G2596,Rahlfs,LXX
17,Esther,2,11,Esther 2:11,2,ἑκάστην,ἕκαστος,A.ASF,G1538,Rahlfs,LXX
17,Esther,2,11,Esther 2:11,3,δὲ,δέ,X,G1161,Rahlfs,LXX
17,Esther,2,11,Esther 2:11,4,ἡμέραν,ἡμέρα,N.ASF,G2250,Rahlfs,LXX
17,Esther,2,11,Esther 2:11,5,ὁ,ὁ,RA.NSM,G3588,Rahlfs,LXX
17,Esther,2,11,Esther 2:11,6,Μαρδοχαῖος,Μαρδοχαῖος,N.NSM,,Rahlfs,LXX
17,Esther,2,11,Esther 2:11,7,περιεπάτει,περιπατέω,V.IAI3S,G4043,Rahlfs,LXX
17,Esther,2,11,Esther 2:11,8,κατὰ,κατά,P,G2596,Rahlfs,LXX
17,Esther,2,11,Esther 2:11,9,τὴν,ὁ,RA.ASF,G3588,Rahlfs,LXX
17,Esther,2,11,Esther 2:11,10,αὐλὴν,αὐλή,N.ASF,G833,Rahlfs,LXX
17,Esther,2,11,Esther 2:11,11,τὴν,ὁ,RA.ASF,G3588,Rahlfs,LXX
17,Esther,2,11,Esther 2:11,12,γυναικείαν,γυναικεῖος,A.ASF,G1134,Rahlfs,LXX
17,Esther,2,11,Esther 2:11,13,ἐπισκοπῶν,ἐπισκοπέω,V.PAPNSM,G1983,Rahlfs,LXX
17,Esther,2,11,Esther 2:11,14,τί,τίς,RI.NSN,G5101,Rahlfs,LXX
17,Esther,2,11,Esther 2:11,15,Εσθηρ,Εσθηρ,N.DSF,,Rahlfs,LXX
17,Esther,2,11,Esther 2:11,16,συμβήσεται,συμβαίνω,V.FMI3S,G4819,Rahlfs,LXX
17,Esther,2,12,Esther 2:12,1,οὗτος,οὗτος,RD.NSM,G3778,Rahlfs,LXX
17,Esther,2,12,Esther 2:12,2,δὲ,δέ,X,G1161,Rahlfs,LXX
17,Esther,2,12,Esther 2:12,3,ἦν,εἰμί,V.IAI3S,G1510,Rahlfs,LXX
17,Esther,2,12,Esther 2:12,4,καιρὸς,καιρός,N.NSM,G2540,Rahlfs,LXX
17,Esther,2,12,Esther 2:12,5,κορασίου,κοράσιον,N.GSN,G2877,Rahlfs,LXX
17,Esther,2,12,Esther 2:12,6,εἰσελθεῖν,εἰσέρχομαι,V.AAN,G1525,Rahlfs,LXX
17,Esther,2,12,Esther 2:12,7,πρὸς,πρός,P,G4314,Rahlfs,LXX
17,Esther,2,12,Esther 2:12,8,τὸν,ὁ,RA.ASM,G3588,Rahlfs,LXX
17,Esther,2,12,Esther 2:12,9,βασιλέα,βασιλεύς,N.ASM,G935,Rahlfs,LXX
17,Esther,2,12,Esther 2:12,10,ὅταν,ὅταν,D,G3752,Rahlfs,LXX
17,Esther,2,12,Esther 2:12,11,ἀναπληρώσῃ,ἀναπληρόω,V.AAS3S,G378,Rahlfs,LXX
17,Esther,2,12,Esther 2:12,12,μῆνας,μήν,N.APM,G3376,Rahlfs,LXX
17,Esther,2,12,Esther 2:12,13,δέκα,δέκα,M,G1176,Rahlfs,LXX
17,Esther,2,12,Esther 2:12,14,δύο,δύο,M,G1417,Rahlfs,LXX
17,Esther,2,12,Esther 2:12,15,οὕτως,οὕτως,D,G3779,Rahlfs,LXX
17,Esther,2,12,Esther 2:12,16,γὰρ,γάρ,X,G1063,Rahlfs,LXX
17,Esther,2,12,Esther 2:12,17,ἀναπληροῦνται,ἀναπληρόω,V.PMI3P,G378,Rahlfs,LXX
17,Esther,2,12,Esther 2:12,18,αἱ,ὁ,RA.NPF,G3588,Rahlfs,LXX
17,Esther,2,12,Esther 2:12,19,ἡμέραι,ἡμέρα,N.NPF,G2250,Rahlfs,LXX
17,Esther,2,12,Esther 2:12,20,τῆς,ὁ,RA.GSF,G3588,Rahlfs,LXX
17,Esther,2,12,Esther 2:12,21,θεραπείας,θεραπεία,N.GSF,G2322,Rahlfs,LXX
17,Esther,2,12,Esther 2:12,22,μῆνας,μήν,N.APM,G3376,Rahlfs,LXX
17,Esther,2,12,Esther 2:12,23,ἓξ,ἕξ,M,G1803,Rahlfs,LXX
17,Esther,2,12,Esther 2:12,24,ἀλειφόμεναι,ἀλείφω,V.PMPNPF,G218,Rahlfs,LXX
17,Esther,2,12,Esther 2:12,25,ἐν,ἐν,P,G1722,Rahlfs,LXX
17,Esther,2,12,Esther 2:12,26,σμυρνίνῳ,σμύρνινος,A.DSN,,Rahlfs,LXX
17,Esther,2,12,Esther 2:12,27,ἐλαίῳ,ἔλαιον,N.DSN,G1637,Rahlfs,LXX
17,Esther,2,12,Esther 2:12,28,καὶ,καί,C,G2532,Rahlfs,LXX
17,Esther,2,12,Esther 2:12,29,μῆνας,μήν,N.APM,G3376,Rahlfs,LXX
17,Esther,2,12,Esther 2:12,30,ἓξ,ἕξ,M,G1803,Rahlfs,LXX
17,Esther,2,12,Esther 2:12,31,ἐν,ἐν,P,G1722,Rahlfs,LXX
17,Esther,2,12,Esther 2:12,32,τοῖς,ὁ,RA.DPN,G3588,Rahlfs,LXX
17,Esther,2,12,Esther 2:12,33,ἀρώμασιν,ἄρωμα,N.DPN,G759,Rahlfs,LXX
17,Esther,2,12,Esther 2:12,34,καὶ,καί,C,G2532,Rahlfs,LXX
17,Esther,2,12,Esther 2:12,35,ἐν,ἐν,P,G1722,Rahlfs,LXX
17,Esther,2,12,Esther 2:12,36,τοῖς,ὁ,RA.DPN,G3588,Rahlfs,LXX
17,Esther,2,12,Esther 2:12,37,σμήγμασιν,σμῆγμα,N.DPN,,Rahlfs,LXX
17,Esther,2,12,Esther 2:12,38,τῶν,ὁ,RA.GPF,G3588,Rahlfs,LXX
17,Esther,2,12,Esther 2:12,39,γυναικῶν,γυνή,N.GPF,G1135,Rahlfs,LXX
17,Esther,2,13,Esther 2:13,1,καὶ,καί,C,G2532,Rahlfs,LXX
17,Esther,2,13,Esther 2:13,2,τότε,τότε,D,G5119,Rahlfs,LXX
17,Esther,2,13,Esther 2:13,3,εἰσπορεύεται,εἰσπορεύομαι,V.PMI3S,G1531,Rahlfs,LXX
17,Esther,2,13,Esther 2:13,4,πρὸς,πρός,P,G4314,Rahlfs,LXX
17,Esther,2,13,Esther 2:13,5,τὸν,ὁ,RA.ASM,G3588,Rahlfs,LXX
17,Esther,2,13,Esther 2:13,6,βασιλέα,βασιλεύς,N.ASM,G935,Rahlfs,LXX
17,Esther,2,13,Esther 2:13,7,καὶ,καί,C,G2532,Rahlfs,LXX
17,Esther,2,13,Esther 2:13,8,ὃ,ὅς,RR.ASN,G3739,Rahlfs,LXX
17,Esther,2,13,Esther 2:13,9,ἐὰν,ἐάν,C,G1437,Rahlfs,LXX
17,Esther,2,13,Esther 2:13,10,εἴπῃ,λέγω,V.AAS3S,G3004,Rahlfs,LXX
17,Esther,2,13,Esther 2:13,11,παραδώσει,παραδίδωμι,V.FAI3S,G3860,Rahlfs,LXX
17,Esther,2,13,Esther 2:13,12,αὐτῇ,αὐτός,RD.DSF,G846,Rahlfs,LXX
17,Esther,2,13,Esther 2:13,13,συνεισέρχεσθαι,συνεισέρχομαι,V.PMN,G4897,Rahlfs,LXX
17,Esther,2,13,Esther 2:13,14,αὐτῇ,αὐτός,RD.DSF,G846,Rahlfs,LXX
17,Esther,2,13,Esther 2:13,15,ἀπὸ,ἀπό,P,G575,Rahlfs,LXX
17,Esther,2,13,Esther 2:13,16,τοῦ,ὁ,RA.GSM,G3588,Rahlfs,LXX
17,Esther,2,13,Esther 2:13,17,γυναικῶνος,γυναικών,N.GSM,,Rahlfs,LXX
17,Esther,2,13,Esther 2:13,18,ἕως,ἕως,P,G2193,Rahlfs,LXX
17,Esther,2,13,Esther 2:13,19,τῶν,ὁ,RA.GPM,G3588,Rahlfs,LXX
17,Esther,2,13,Esther 2:13,20,βασιλείων,βασίλειον,N.GPN,G933,Rahlfs,LXX
17,Esther,2,14,Esther 2:14,1,δείλης,δείλη,N.GSF,,Rahlfs,LXX
17,Esther,2,14,Esther 2:14,2,εἰσπορεύεται,εἰσπορεύομαι,V.PMI3S,G1531,Rahlfs,LXX
17,Esther,2,14,Esther 2:14,3,καὶ,καί,C,G2532,Rahlfs,LXX
17,Esther,2,14,Esther 2:14,4,πρὸς,πρός,P,G4314,Rahlfs,LXX
17,Esther,2,14,Esther 2:14,5,ἡμέραν,ἡμέρα,N.ASF,G2250,Rahlfs,LXX
17,Esther,2,14,Esther 2:14,6,ἀποτρέχει,ἀποτρέχω,V.PAI3S,,Rahlfs,LXX
17,Esther,2,14,Esther 2:14,7,εἰς,εἰς,P,G1519,Rahlfs,LXX
17,Esther,2,14,Esther 2:14,8,τὸν,ὁ,RA.ASM,G3588,Rahlfs,LXX
17,Esther,2,14,Esther 2:14,9,γυναικῶνα,γυναικών,N.ASM,,Rahlfs,LXX
17,Esther,2,14,Esther 2:14,10,τὸν,ὁ,RA.ASM,G3588,Rahlfs,LXX
17,Esther,2,14,Esther 2:14,11,δεύτερον,δεύτερος,A.ASM,G1208,Rahlfs,LXX
17,Esther,2,14,Esther 2:14,12,οὗ,οὗ,D,G3757,Rahlfs,LXX
17,Esther,2,14,Esther 2:14,13,Γαι,Γαι,N.NSM,,Rahlfs,LXX
17,Esther,2,14,Esther 2:14,14,ὁ,ὁ,RA.NSM,G3588,Rahlfs,LXX
17,Esther,2,14,Esther 2:14,15,εὐνοῦχος,εὐνοῦχος,N.NSM,G2135,Rahlfs,LXX
17,Esther,2,14,Esther 2:14,16,τοῦ,ὁ,RA.GSM,G3588,Rahlfs,LXX
17,Esther,2,14,Esther 2:14,17,βασιλέως,βασιλεύς,N.GSM,G935,Rahlfs,LXX
17,Esther,2,14,Esther 2:14,18,ὁ,ὁ,RA.NSM,G3588,Rahlfs,LXX
17,Esther,2,14,Esther 2:14,19,φύλαξ,φύλαξ,N.NSM,G5441,Rahlfs,LXX
17,Esther,2,14,Esther 2:14,20,τῶν,ὁ,RA.GPF,G3588,Rahlfs,LXX
17,Esther,2,14,Esther 2:14,21,γυναικῶν,γυνή,N.GPF,G1135,Rahlfs,LXX
17,Esther,2,14,Esther 2:14,22,καὶ,καί,C,G2532,Rahlfs,LXX
17,Esther,2,14,Esther 2:14,23,οὐκέτι,οὐκέτι,D,G3765,Rahlfs,LXX
17,Esther,2,14,Esther 2:14,24,εἰσπορεύεται,εἰσπορεύομαι,V.PMI3S,G1531,Rahlfs,LXX
17,Esther,2,14,Esther 2:14,25,πρὸς,πρός,P,G4314,Rahlfs,LXX
17,Esther,2,14,Esther 2:14,26,τὸν,ὁ,RA.ASM,G3588,Rahlfs,LXX
17,Esther,2,14,Esther 2:14,27,βασιλέα,βασιλεύς,N.ASM,G935,Rahlfs,LXX
17,Esther,2,14,Esther 2:14,28,ἐὰν,ἐάν,C,G1437,Rahlfs,LXX
17,Esther,2,14,Esther 2:14,29,μὴ,μή,D,G3361,Rahlfs,LXX
17,Esther,2,14,Esther 2:14,30,κληθῇ,καλέω,V.APS3S,G2564,Rahlfs,LXX
17,Esther,2,14,Esther 2:14,31,ὀνόματι,ὄνομα,N.DSN,G3686,Rahlfs,LXX
17,Esther,2,15,Esther 2:15,1,ἐν,ἐν,P,G1722,Rahlfs,LXX
17,Esther,2,15,Esther 2:15,2,δὲ,δέ,X,G1161,Rahlfs,LXX
17,Esther,2,15,Esther 2:15,3,τῷ,ὁ,RA.DSN,G3588,Rahlfs,LXX
17,Esther,2,15,Esther 2:15,4,ἀναπληροῦσθαι,ἀναπληρόω,V.PMN,G378,Rahlfs,LXX
17,Esther,2,15,Esther 2:15,5,τὸν,ὁ,RA.ASM,G3588,Rahlfs,LXX
17,Esther,2,15,Esther 2:15,6,χρόνον,χρόνος,N.ASM,G5550,Rahlfs,LXX
17,Esther,2,15,Esther 2:15,7,Εσθηρ,Εσθηρ,N.GSF,,Rahlfs,LXX
17,Esther,2,15,Esther 2:15,8,τῆς,ὁ,RA.GSF,G3588,Rahlfs,LXX
17,Esther,2,15,Esther 2:15,9,θυγατρὸς,θυγάτηρ,N.GSF,G2364,Rahlfs,LXX
17,Esther,2,15,Esther 2:15,10,Αμιναδαβ,Ἀμιναδάβ,N.GSM,G284,Rahlfs,LXX
17,Esther,2,15,Esther 2:15,11,ἀδελφοῦ,ἀδελφός,N.GSM,G80,Rahlfs,LXX
17,Esther,2,15,Esther 2:15,12,πατρὸς,πατήρ,N.GSM,G3962,Rahlfs,LXX
17,Esther,2,15,Esther 2:15,13,Μαρδοχαίου,Μαρδοχαῖος,N.GSM,,Rahlfs,LXX
17,Esther,2,15,Esther 2:15,14,εἰσελθεῖν,εἰσέρχομαι,V.AAN,G1525,Rahlfs,LXX
17,Esther,2,15,Esther 2:15,15,πρὸς,πρός,P,G4314,Rahlfs,LXX
17,Esther,2,15,Esther 2:15,16,τὸν,ὁ,RA.ASM,G3588,Rahlfs,LXX
17,Esther,2,15,Esther 2:15,17,βασιλέα,βασιλεύς,N.ASM,G935,Rahlfs,LXX
17,Esther,2,15,Esther 2:15,18,οὐδὲν,οὐδείς,A.ASN,G3762,Rahlfs,LXX
17,Esther,2,15,Esther 2:15,19,ἠθέτησεν,ἀθετέω,V.AAI3S,G114,Rahlfs,LXX
17,Esther,2,15,Esther 2:15,20,ὧν,ὅς,RR.GPN,G3739,Rahlfs,LXX
17,Esther,2,15,Esther 2:15,21,αὐτῇ,αὐτός,RD.DSF,G846,Rahlfs,LXX
17,Esther,2,15,Esther 2:15,22,ἐνετείλατο,ἐντέλλομαι,V.AMI3S,G1781,Rahlfs,LXX
17,Esther,2,15,Esther 2:15,23,ὁ,ὁ,RA.NSM,G3588,Rahlfs,LXX
17,Esther,2,15,Esther 2:15,24,εὐνοῦχος,εὐνοῦχος,N.NSM,G2135,Rahlfs,LXX
17,Esther,2,15,Esther 2:15,25,ὁ,ὁ,RA.NSM,G3588,Rahlfs,LXX
17,Esther,2,15,Esther 2:15,26,φύλαξ,φύλαξ,N.NSM,G5441,Rahlfs,LXX
17,Esther,2,15,Esther 2:15,27,τῶν,ὁ,RA.GPF,G3588,Rahlfs,LXX
17,Esther,2,15,Esther 2:15,28,γυναικῶν,γυνή,N.GPF,G1135,Rahlfs,LXX
17,Esther,2,15,Esther 2:15,29,ἦν,εἰμί,V.IAI3S,G1510,Rahlfs,LXX
17,Esther,2,15,Esther 2:15,30,γὰρ,γάρ,X,G1063,Rahlfs,LXX
17,Esther,2,15,Esther 2:15,31,Εσθηρ,Εσθηρ,N.NSF,,Rahlfs,LXX
17,Esther,2,15,Esther 2:15,32,εὑρίσκουσα,εὑρίσκω,V.PAPNSF,G2147,Rahlfs,LXX
17,Esther,2,15,Esther 2:15,33,χάριν,χάρις,N.ASF,G5485,Rahlfs,LXX
17,Esther,2,15,Esther 2:15,34,παρὰ,παρά,P,G3844,Rahlfs,LXX
17,Esther,2,15,Esther 2:15,35,πάντων,πᾶς,A.GPM,G3956,Rahlfs,LXX
17,Esther,2,15,Esther 2:15,36,τῶν,ὁ,RA.GPM,G3588,Rahlfs,LXX
17,Esther,2,15,Esther 2:15,37,βλεπόντων,βλέπω,V.PAPGPM,G991,Rahlfs,LXX
17,Esther,2,15,Esther 2:15,38,αὐτήν,αὐτός,RD.ASF,G846,Rahlfs,LXX
17,Esther,2,16,Esther 2:16,1,καὶ,καί,C,G2532,Rahlfs,LXX
17,Esther,2,16,Esther 2:16,2,εἰσῆλθεν,εἰσέρχομαι,V.AAI3S,G1525,Rahlfs,LXX
17,Esther,2,16,Esther 2:16,3,Εσθηρ,Εσθηρ,N.NSF,,Rahlfs,LXX
17,Esther,2,16,Esther 2:16,4,πρὸς,πρός,P,G4314,Rahlfs,LXX
17,Esther,2,16,Esther 2:16,5,Ἀρταξέρξην,Ἀρταξέρξης,N.ASM,,Rahlfs,LXX
17,Esther,2,16,Esther 2:16,6,τὸν,ὁ,RA.ASM,G3588,Rahlfs,LXX
17,Esther,2,16,Esther 2:16,7,βασιλέα,βασιλεύς,N.ASM,G935,Rahlfs,LXX
17,Esther,2,16,Esther 2:16,8,τῷ,ὁ,RA.DSM,G3588,Rahlfs,LXX
17,Esther,2,16,Esther 2:16,9,δωδεκάτῳ,δωδέκατος,A.DSM,G1428,Rahlfs,LXX
17,Esther,2,16,Esther 2:16,10,μηνί,μήν,N.DSM,G3376,Rahlfs,LXX
17,Esther,2,16,Esther 2:16,11,ὅς,ὅς,RR.NSM,G3739,Rahlfs,LXX
17,Esther,2,16,Esther 2:16,12,ἐστιν,εἰμί,V.PAI3S,G1510,Rahlfs,LXX
17,Esther,2,16,Esther 2:16,13,Αδαρ,Αδαρ,N.NSM,,Rahlfs,LXX
17,Esther,2,16,Esther 2:16,14,τῷ,ὁ,RA.DSN,G3588,Rahlfs,LXX
17,Esther,2,16,Esther 2:16,15,ἑβδόμῳ,ἕβδομος,A.DSN,G1442,Rahlfs,LXX
17,Esther,2,16,Esther 2:16,16,ἔτει,ἔτος,N.DSN,G2094,Rahlfs,LXX
17,Esther,2,16,Esther 2:16,17,τῆς,ὁ,RA.GSF,G3588,Rahlfs,LXX
17,Esther,2,16,Esther 2:16,18,βασιλείας,βασιλεία,N.GSF,G932,Rahlfs,LXX
17,Esther,2,16,Esther 2:16,19,αὐτοῦ,αὐτός,RD.GSM,G846,Rahlfs,LXX
17,Esther,2,17,Esther 2:17,1,καὶ,καί,C,G2532,Rahlfs,LXX
17,Esther,2,17,Esther 2:17,2,ἠράσθη,ἐράω,V.API3S,,Rahlfs,LXX
17,Esther,2,17,Esther 2:17,3,ὁ,ὁ,RA.NSM,G3588,Rahlfs,LXX
17,Esther,2,17,Esther 2:17,4,βασιλεὺς,βασιλεύς,N.NSM,G935,Rahlfs,LXX
17,Esther,2,17,Esther 2:17,5,Εσθηρ,Εσθηρ,N.GSF,,Rahlfs,LXX
17,Esther,2,17,Esther 2:17,6,καὶ,καί,C,G2532,Rahlfs,LXX
17,Esther,2,17,Esther 2:17,7,εὗρεν,εὑρίσκω,V.AAI3S,G2147,Rahlfs,LXX
17,Esther,2,17,Esther 2:17,8,χάριν,χάρις,N.ASF,G5485,Rahlfs,LXX
17,Esther,2,17,Esther 2:17,9,παρὰ,παρά,P,G3844,Rahlfs,LXX
17,Esther,2,17,Esther 2:17,10,πάσας,πᾶς,A.APF,G3956,Rahlfs,LXX
17,Esther,2,17,Esther 2:17,11,τὰς,ὁ,RA.APF,G3588,Rahlfs,LXX
17,Esther,2,17,Esther 2:17,12,παρθένους,παρθένος,N.APF,G3933,Rahlfs,LXX
17,Esther,2,17,Esther 2:17,13,καὶ,καί,C,G2532,Rahlfs,LXX
17,Esther,2,17,Esther 2:17,14,ἐπέθηκεν,ἐπιτίθημι,V.AAI3S,G2007,Rahlfs,LXX
17,Esther,2,17,Esther 2:17,15,αὐτῇ,αὐτός,RD.DSF,G846,Rahlfs,LXX
17,Esther,2,17,Esther 2:17,16,τὸ,ὁ,RA.ASN,G3588,Rahlfs,LXX
17,Esther,2,17,Esther 2:17,17,διάδημα,διάδημα,N.ASN,G1238,Rahlfs,LXX
17,Esther,2,17,Esther 2:17,18,τὸ,ὁ,RA.ASN,G3588,Rahlfs,LXX
17,Esther,2,17,Esther 2:17,19,γυναικεῖον,γυναικεῖος,A.ASN,G1134,Rahlfs,LXX
17,Esther,2,18,Esther 2:18,1,καὶ,καί,C,G2532,Rahlfs,LXX
17,Esther,2,18,Esther 2:18,2,ἐποίησεν,ποιέω,V.AAI3S,G4160,Rahlfs,LXX
17,Esther,2,18,Esther 2:18,3,ὁ,ὁ,RA.NSM,G3588,Rahlfs,LXX
17,Esther,2,18,Esther 2:18,4,βασιλεὺς,βασιλεύς,N.NSM,G935,Rahlfs,LXX
17,Esther,2,18,Esther 2:18,5,πότον,πότος,N.ASM,G4224,Rahlfs,LXX
17,Esther,2,18,Esther 2:18,6,πᾶσι,πᾶς,A.DPM,G3956,Rahlfs,LXX
17,Esther,2,18,Esther 2:18,7,τοῖς,ὁ,RA.DPM,G3588,Rahlfs,LXX
17,Esther,2,18,Esther 2:18,8,φίλοις,φίλος,A.DPM,G5384,Rahlfs,LXX
17,Esther,2,18,Esther 2:18,9,αὐτοῦ,αὐτός,RD.GSM,G846,Rahlfs,LXX
17,Esther,2,18,Esther 2:18,10,καὶ,καί,C,G2532,Rahlfs,LXX
17,Esther,2,18,Esther 2:18,11,ταῖς,ὁ,RA.DPF,G3588,Rahlfs,LXX
17,Esther,2,18,Esther 2:18,12,δυνάμεσιν,δύναμις,N.DPF,G1411,Rahlfs,LXX
17,Esther,2,18,Esther 2:18,13,ἐπὶ,ἐπί,P,G1909,Rahlfs,LXX
17,Esther,2,18,Esther 2:18,14,ἡμέρας,ἡμέρα,N.APF,G2250,Rahlfs,LXX
17,Esther,2,18,Esther 2:18,15,ἑπτὰ,ἑπτά,M,G2033,Rahlfs,LXX
17,Esther,2,18,Esther 2:18,16,καὶ,καί,C,G2532,Rahlfs,LXX
17,Esther,2,18,Esther 2:18,17,ὕψωσεν,ὑψόω,V.AAI3S,G5312,Rahlfs,LXX
17,Esther,2,18,Esther 2:18,18,τοὺς,ὁ,RA.APM,G3588,Rahlfs,LXX
17,Esther,2,18,Esther 2:18,19,γάμους,γάμος,N.APM,G1062,Rahlfs,LXX
17,Esther,2,18,Esther 2:18,20,Εσθηρ,Εσθηρ,N.GSF,,Rahlfs,LXX
17,Esther,2,18,Esther 2:18,21,καὶ,καί,C,G2532,Rahlfs,LXX
17,Esther,2,18,Esther 2:18,22,ἄφεσιν,ἄφεσις,N.ASF,G859,Rahlfs,LXX
17,Esther,2,18,Esther 2:18,23,ἐποίησεν,ποιέω,V.AAI3S,G4160,Rahlfs,LXX
17,Esther,2,18,Esther 2:18,24,τοῖς,ὁ,RA.DPM,G3588,Rahlfs,LXX
17,Esther,2,18,Esther 2:18,25,ὑπὸ,ὑπό,P,G5259,Rahlfs,LXX
17,Esther,2,18,Esther 2:18,26,τὴν,ὁ,RA.ASF,G3588,Rahlfs,LXX
17,Esther,2,18,Esther 2:18,27,βασιλείαν,βασιλεία,N.ASF,G932,Rahlfs,LXX
17,Esther,2,18,Esther 2:18,28,αὐτοῦ,αὐτός,RD.GSM,G846,Rahlfs,LXX
17,Esther,2,19,Esther 2:19,1,ὁ,ὁ,RA.NSM,G3588,Rahlfs,LXX
17,Esther,2,19,Esther 2:19,2,δὲ,δέ,X,G1161,Rahlfs,LXX
17,Esther,2,19,Esther 2:19,3,Μαρδοχαῖος,Μαρδοχαῖος,N.NSM,,Rahlfs,LXX
17,Esther,2,19,Esther 2:19,4,ἐθεράπευεν,θεραπεύω,V.IAI3S,G2323,Rahlfs,LXX
17,Esther,2,19,Esther 2:19,5,ἐν,ἐν,P,G1722,Rahlfs,LXX
17,Esther,2,19,Esther 2:19,6,τῇ,ὁ,RA.DSF,G3588,Rahlfs,LXX
17,Esther,2,19,Esther 2:19,7,αὐλῇ,αὐλή,N.DSF,G833,Rahlfs,LXX
17,Esther,2,20,Esther 2:20,1,ἡ,ὁ,RA.NSF,G3588,Rahlfs,LXX
17,Esther,2,20,Esther 2:20,2,δὲ,δέ,X,G1161,Rahlfs,LXX
17,Esther,2,20,Esther 2:20,3,Εσθηρ,Εσθηρ,N.NSF,,Rahlfs,LXX
17,Esther,2,20,Esther 2:20,4,οὐχ,οὐ,D,G3756,Rahlfs,LXX
17,Esther,2,20,Esther 2:20,5,ὑπέδειξεν,ὑποδείκνυμι,V.AAI3S,G5263,Rahlfs,LXX
17,Esther,2,20,Esther 2:20,6,τὴν,ὁ,RA.ASF,G3588,Rahlfs,LXX
17,Esther,2,20,Esther 2:20,7,πατρίδα,πατρίς,N.ASF,G3968,Rahlfs,LXX
17,Esther,2,20,Esther 2:20,8,αὐτῆς,αὐτός,RD.GSF,G846,Rahlfs,LXX
17,Esther,2,20,Esther 2:20,9,οὕτως,οὕτως,D,G3779,Rahlfs,LXX
17,Esther,2,20,Esther 2:20,10,γὰρ,γάρ,X,G1063,Rahlfs,LXX
17,Esther,2,20,Esther 2:20,11,ἐνετείλατο,ἐντέλλομαι,V.AMI3S,G1781,Rahlfs,LXX
17,Esther,2,20,Esther 2:20,12,αὐτῇ,αὐτός,RD.DSF,G846,Rahlfs,LXX
17,Esther,2,20,Esther 2:20,13,Μαρδοχαῖος,Μαρδοχαῖος,N.NSM,,Rahlfs,LXX
17,Esther,2,20,Esther 2:20,14,φοβεῖσθαι,φοβέω,V.PMN,G5399,Rahlfs,LXX
17,Esther,2,20,Esther 2:20,15,τὸν,ὁ,RA.ASM,G3588,Rahlfs,LXX
17,Esther,2,20,Esther 2:20,16,θεὸν,θεός,N.ASM,G2316,Rahlfs,LXX
17,Esther,2,20,Esther 2:20,17,καὶ,καί,C,G2532,Rahlfs,LXX
17,Esther,2,20,Esther 2:20,18,ποιεῖν,ποιέω,V.PAN,G4160,Rahlfs,LXX
17,Esther,2,20,Esther 2:20,19,τὰ,ὁ,RA.APN,G3588,Rahlfs,LXX
17,Esther,2,20,Esther 2:20,20,προστάγματα,πρόσταγμα,N.APN,,Rahlfs,LXX
17,Esther,2,20,Esther 2:20,21,αὐτοῦ,αὐτός,RD.GSM,G846,Rahlfs,LXX
17,Esther,2,20,Esther 2:20,22,καθὼς,καθώς,D,G2531,Rahlfs,LXX
17,Esther,2,20,Esther 2:20,23,ἦν,εἰμί,V.IAI3S,G1510,Rahlfs,LXX
17,Esther,2,20,Esther 2:20,24,μετ᾿,μετά,P,G3326,Rahlfs,LXX
17,Esther,2,20,Esther 2:20,25,αὐτοῦ,αὐτός,RD.GSM,G846,Rahlfs,LXX
17,Esther,2,20,Esther 2:20,26,καὶ,καί,C,G2532,Rahlfs,LXX
17,Esther,2,20,Esther 2:20,27,Εσθηρ,Εσθηρ,N.NSF,,Rahlfs,LXX
17,Esther,2,20,Esther 2:20,28,οὐ,οὐ,D,G3756,Rahlfs,LXX
17,Esther,2,20,Esther 2:20,29,μετήλλαξεν,μεταλλάσσω,V.AAI3S,G3337,Rahlfs,LXX
17,Esther,2,20,Esther 2:20,30,τὴν,ὁ,RA.ASF,G3588,Rahlfs,LXX
17,Esther,2,20,Esther 2:20,31,ἀγωγὴν,ἀγωγή,N.ASF,G72,Rahlfs,LXX
17,Esther,2,20,Esther 2:20,32,αὐτῆς,αὐτός,RD.GSF,G846,Rahlfs,LXX
17,Esther,2,21,Esther 2:21,1,καὶ,καί,C,G2532,Rahlfs,LXX
17,Esther,2,21,Esther 2:21,2,ἐλυπήθησαν,λυπέω,V.API3P,G3076,Rahlfs,LXX
17,Esther,2,21,Esther 2:21,3,οἱ,ὁ,RA.NPM,G3588,Rahlfs,LXX
17,Esther,2,21,Esther 2:21,4,δύο,δύο,M,G1417,Rahlfs,LXX
17,Esther,2,21,Esther 2:21,5,εὐνοῦχοι,εὐνοῦχος,N.NPM,G2135,Rahlfs,LXX
17,Esther,2,21,Esther 2:21,6,τοῦ,ὁ,RA.GSM,G3588,Rahlfs,LXX
17,Esther,2,21,Esther 2:21,7,βασιλέως,βασιλεύς,N.GSM,G935,Rahlfs,LXX
17,Esther,2,21,Esther 2:21,8,οἱ,ὁ,RA.NPM,G3588,Rahlfs,LXX
17,Esther,2,21,Esther 2:21,9,ἀρχισωματοφύλακες,ἀρχισωματοφύλαξ,N.NPM,,Rahlfs,LXX
17,Esther,2,21,Esther 2:21,10,ὅτι,ὅτι,C,G3754,Rahlfs,LXX
17,Esther,2,21,Esther 2:21,11,προήχθη,προάγω,V.API3S,G4254,Rahlfs,LXX
17,Esther,2,21,Esther 2:21,12,Μαρδοχαῖος,Μαρδοχαῖος,N.NSM,,Rahlfs,LXX
17,Esther,2,21,Esther 2:21,13,καὶ,καί,C,G2532,Rahlfs,LXX
17,Esther,2,21,Esther 2:21,14,ἐζήτουν,ζητέω,V.IAI3P,G2212,Rahlfs,LXX
17,Esther,2,21,Esther 2:21,15,ἀποκτεῖναι,ἀποκτείνω,V.AAN,G615,Rahlfs,LXX
17,Esther,2,21,Esther 2:21,16,Ἀρταξέρξην,Ἀρταξέρξης,N.ASM,,Rahlfs,LXX
17,Esther,2,21,Esther 2:21,17,τὸν,ὁ,RA.ASM,G3588,Rahlfs,LXX
17,Esther,2,21,Esther 2:21,18,βασιλέα,βασιλεύς,N.ASM,G935,Rahlfs,LXX
17,Esther,2,22,Esther 2:22,1,καὶ,καί,C,G2532,Rahlfs,LXX
17,Esther,2,22,Esther 2:22,2,ἐδηλώθη,δηλόω,V.API3S,G1213,Rahlfs,LXX
17,Esther,2,22,Esther 2:22,3,Μαρδοχαίῳ,Μαρδοχαῖος,N.DSM,,Rahlfs,LXX
17,Esther,2,22,Esther 2:22,4,ὁ,ὁ,RA.NSM,G3588,Rahlfs,LXX
17,Esther,2,22,Esther 2:22,5,λόγος,λόγος,N.NSM,G3056,Rahlfs,LXX
17,Esther,2,22,Esther 2:22,6,καὶ,καί,C,G2532,Rahlfs,LXX
17,Esther,2,22,Esther 2:22,7,ἐσήμανεν,σημαίνω,V.AAI3S,G4591,Rahlfs,LXX
17,Esther,2,22,Esther 2:22,8,Εσθηρ,Εσθηρ,N.DSF,,Rahlfs,LXX
17,Esther,2,22,Esther 2:22,9,καὶ,καί,C,G2532,Rahlfs,LXX
17,Esther,2,22,Esther 2:22,10,αὐτὴ,αὐτός,RD.NSF,G846,Rahlfs,LXX
17,Esther,2,22,Esther 2:22,11,ἐνεφάνισεν,ἐμφανίζω,V.AAI3S,G1718,Rahlfs,LXX
17,Esther,2,22,Esther 2:22,12,τῷ,ὁ,RA.DSM,G3588,Rahlfs,LXX
17,Esther,2,22,Esther 2:22,13,βασιλεῖ,βασιλεύς,N.DSM,G935,Rahlfs,LXX
17,Esther,2,22,Esther 2:22,14,τὰ,ὁ,RA.APN,G3588,Rahlfs,LXX
17,Esther,2,22,Esther 2:22,15,τῆς,ὁ,RA.GSF,G3588,Rahlfs,LXX
17,Esther,2,22,Esther 2:22,16,ἐπιβουλῆς,ἐπιβουλή,N.GSF,G1917,Rahlfs,LXX
17,Esther,2,23,Esther 2:23,1,ὁ,ὁ,RA.NSM,G3588,Rahlfs,LXX
17,Esther,2,23,Esther 2:23,2,δὲ,δέ,X,G1161,Rahlfs,LXX
17,Esther,2,23,Esther 2:23,3,βασιλεὺς,βασιλεύς,N.NSM,G935,Rahlfs,LXX
17,Esther,2,23,Esther 2:23,4,ἤτασεν,ἐτάζω,V.AAI3S,,Rahlfs,LXX
17,Esther,2,23,Esther 2:23,5,τοὺς,ὁ,RA.APM,G3588,Rahlfs,LXX
17,Esther,2,23,Esther 2:23,6,δύο,δύο,M,G1417,Rahlfs,LXX
17,Esther,2,23,Esther 2:23,7,εὐνούχους,εὐνοῦχος,N.APM,G2135,Rahlfs,LXX
17,Esther,2,23,Esther 2:23,8,καὶ,καί,C,G2532,Rahlfs,LXX
17,Esther,2,23,Esther 2:23,9,ἐκρέμασεν,κρεμάννυμι,V.AAI3S,G2910,Rahlfs,LXX
17,Esther,2,23,Esther 2:23,10,αὐτούς,αὐτός,RD.APM,G846,Rahlfs,LXX
17,Esther,2,23,Esther 2:23,11,καὶ,καί,C,G2532,Rahlfs,LXX
17,Esther,2,23,Esther 2:23,12,προσέταξεν,προστάσσω,V.AAI3S,G4367,Rahlfs,LXX
17,Esther,2,23,Esther 2:23,13,ὁ,ὁ,RA.NSM,G3588,Rahlfs,LXX
17,Esther,2,23,Esther 2:23,14,βασιλεὺς,βασιλεύς,N.NSM,G935,Rahlfs,LXX
17,Esther,2,23,Esther 2:23,15,καταχωρίσαι,καταχωρίζω,V.AAN,,Rahlfs,LXX
17,Esther,2,23,Esther 2:23,16,εἰς,εἰς,P,G1519,Rahlfs,LXX
17,Esther,2,23,Esther 2:23,17,μνημόσυνον,μνημόσυνον,N.ASN,G3422,Rahlfs,LXX
17,Esther,2,23,Esther 2:23,18,ἐν,ἐν,P,G1722,Rahlfs,LXX
17,Esther,2,23,Esther 2:23,19,τῇ,ὁ,RA.DSF,G3588,Rahlfs,LXX
17,Esther,2,23,Esther 2:23,20,βασιλικῇ,βασιλικός,A.DSF,G937,Rahlfs,LXX
17,Esther,2,23,Esther 2:23,21,βιβλιοθήκῃ,βιβλιοθήκη,N.DSF,,Rahlfs,LXX
17,Esther,2,23,Esther 2:23,22,ὑπὲρ,ὑπέρ,P,G5228,Rahlfs,LXX
17,Esther,2,23,Esther 2:23,23,τῆς,ὁ,RA.GSF,G3588,Rahlfs,LXX
17,Esther,2,23,Esther 2:23,24,εὐνοίας,εὔνοια,N.GSF,G2133,Rahlfs,LXX
17,Esther,2,23,Esther 2:23,25,Μαρδοχαίου,Μαρδοχαῖος,N.GSM,,Rahlfs,LXX
17,Esther,2,23,Esther 2:23,26,ἐν,ἐν,P,G1722,Rahlfs,LXX
17,Esther,2,23,Esther 2:23,27,ἐγκωμίῳ,ἐγκώμιον,N.DSN,,Rahlfs,LXX
17,Esther,3,1,Esther 3:1,1,μετὰ,μετά,P,G3326,Rahlfs,LXX
17,Esther,3,1,Esther 3:1,2,δὲ,δέ,X,G1161,Rahlfs,LXX
17,Esther,3,1,Esther 3:1,3,ταῦτα,οὗτος,RD.APN,G3778,Rahlfs,LXX
17,Esther,3,1,Esther 3:1,4,ἐδόξασεν,δοξάζω,V.AAI3S,G1392,Rahlfs,LXX
17,Esther,3,1,Esther 3:1,5,ὁ,ὁ,RA.NSM,G3588,Rahlfs,LXX
17,Esther,3,1,Esther 3:1,6,βασιλεὺς,βασιλεύς,N.NSM,G935,Rahlfs,LXX
17,Esther,3,1,Esther 3:1,7,Ἀρταξέρξης,Ἀρταξέρξης,N.NSM,,Rahlfs,LXX
17,Esther,3,1,Esther 3:1,8,Αμαν,Ἁμάν,N.ASM,,Rahlfs,LXX
17,Esther,3,1,Esther 3:1,9,Αμαδαθου,Αμαδαθος,N.GSM,,Rahlfs,LXX
17,Esther,3,1,Esther 3:1,10,Βουγαῖον,Βουγαῖος,N.ASM,,Rahlfs,LXX
17,Esther,3,1,Esther 3:1,11,καὶ,καί,C,G2532,Rahlfs,LXX
17,Esther,3,1,Esther 3:1,12,ὕψωσεν,ὑψόω,V.AAI3S,G5312,Rahlfs,LXX
17,Esther,3,1,Esther 3:1,13,αὐτόν,αὐτός,RD.ASM,G846,Rahlfs,LXX
17,Esther,3,1,Esther 3:1,14,καὶ,καί,C,G2532,Rahlfs,LXX
17,Esther,3,1,Esther 3:1,15,ἐπρωτοβάθρει,πρωτοβαθρέω,V.IAI3S,,Rahlfs,LXX
17,Esther,3,1,Esther 3:1,16,πάντων,πᾶς,A.GPM,G3956,Rahlfs,LXX
17,Esther,3,1,Esther 3:1,17,τῶν,ὁ,RA.GPM,G3588,Rahlfs,LXX
17,Esther,3,1,Esther 3:1,18,φίλων,φίλος,A.GPM,G5384,Rahlfs,LXX
17,Esther,3,1,Esther 3:1,19,αὐτοῦ,αὐτός,RD.GSM,G846,Rahlfs,LXX
17,Esther,3,2,Esther 3:2,1,καὶ,καί,C,G2532,Rahlfs,LXX
17,Esther,3,2,Esther 3:2,2,πάντες,πᾶς,A.NPM,G3956,Rahlfs,LXX
17,Esther,3,2,Esther 3:2,3,οἱ,ὁ,RA.NPM,G3588,Rahlfs,LXX
17,Esther,3,2,Esther 3:2,4,ἐν,ἐν,P,G1722,Rahlfs,LXX
17,Esther,3,2,Esther 3:2,5,τῇ,ὁ,RA.DSF,G3588,Rahlfs,LXX
17,Esther,3,2,Esther 3:2,6,αὐλῇ,αὐλή,N.DSF,G833,Rahlfs,LXX
17,Esther,3,2,Esther 3:2,7,προσεκύνουν,προσκυνέω,V.IAI3P,G4352,Rahlfs,LXX
17,Esther,3,2,Esther 3:2,8,αὐτῷ,αὐτός,RD.DSM,G846,Rahlfs,LXX
17,Esther,3,2,Esther 3:2,9,οὕτως,οὕτως,D,G3779,Rahlfs,LXX
17,Esther,3,2,Esther 3:2,10,γὰρ,γάρ,X,G1063,Rahlfs,LXX
17,Esther,3,2,Esther 3:2,11,προσέταξεν,προστάσσω,V.AAI3S,G4367,Rahlfs,LXX
17,Esther,3,2,Esther 3:2,12,ὁ,ὁ,RA.NSM,G3588,Rahlfs,LXX
17,Esther,3,2,Esther 3:2,13,βασιλεὺς,βασιλεύς,N.NSM,G935,Rahlfs,LXX
17,Esther,3,2,Esther 3:2,14,ποιῆσαι,ποιέω,V.AAN,G4160,Rahlfs,LXX
17,Esther,3,2,Esther 3:2,15,ὁ,ὁ,RA.NSM,G3588,Rahlfs,LXX
17,Esther,3,2,Esther 3:2,16,δὲ,δέ,X,G1161,Rahlfs,LXX
17,Esther,3,2,Esther 3:2,17,Μαρδοχαῖος,Μαρδοχαῖος,N.NSM,,Rahlfs,LXX
17,Esther,3,2,Esther 3:2,18,οὐ,οὐ,D,G3756,Rahlfs,LXX
17,Esther,3,2,Esther 3:2,19,προσεκύνει,προσκυνέω,V.IAI3S,G4352,Rahlfs,LXX
17,Esther,3,2,Esther 3:2,20,αὐτῷ,αὐτός,RD.DSM,G846,Rahlfs,LXX
17,Esther,3,3,Esther 3:3,1,καὶ,καί,C,G2532,Rahlfs,LXX
17,Esther,3,3,Esther 3:3,2,ἐλάλησαν,λαλέω,V.AAI3P,G2980,Rahlfs,LXX
17,Esther,3,3,Esther 3:3,3,οἱ,ὁ,RA.NPM,G3588,Rahlfs,LXX
17,Esther,3,3,Esther 3:3,4,ἐν,ἐν,P,G1722,Rahlfs,LXX
17,Esther,3,3,Esther 3:3,5,τῇ,ὁ,RA.DSF,G3588,Rahlfs,LXX
17,Esther,3,3,Esther 3:3,6,αὐλῇ,αὐλή,N.DSF,G833,Rahlfs,LXX
17,Esther,3,3,Esther 3:3,7,τοῦ,ὁ,RA.GSM,G3588,Rahlfs,LXX
17,Esther,3,3,Esther 3:3,8,βασιλέως,βασιλεύς,N.GSM,G935,Rahlfs,LXX
17,Esther,3,3,Esther 3:3,9,τῷ,ὁ,RA.DSM,G3588,Rahlfs,LXX
17,Esther,3,3,Esther 3:3,10,Μαρδοχαίῳ,Μαρδοχαῖος,N.DSM,,Rahlfs,LXX
17,Esther,3,3,Esther 3:3,11,Μαρδοχαῖε,Μαρδοχαῖος,N.VSM,,Rahlfs,LXX
17,Esther,3,3,Esther 3:3,12,τί,τίς,RI.ASN,G5101,Rahlfs,LXX
17,Esther,3,3,Esther 3:3,13,παρακούεις,παρακούω,V.PAI2S,G3878,Rahlfs,LXX
17,Esther,3,3,Esther 3:3,14,τὰ,ὁ,RA.APN,G3588,Rahlfs,LXX
17,Esther,3,3,Esther 3:3,15,ὑπὸ,ὑπό,P,G5259,Rahlfs,LXX
17,Esther,3,3,Esther 3:3,16,τοῦ,ὁ,RA.GSM,G3588,Rahlfs,LXX
17,Esther,3,3,Esther 3:3,17,βασιλέως,βασιλεύς,N.GSM,G935,Rahlfs,LXX
17,Esther,3,3,Esther 3:3,18,λεγόμενα,λέγω,V.PMPAPN,G3004,Rahlfs,LXX
17,Esther,3,4,Esther 3:4,1,καθ᾿,κατά,P,G2596,Rahlfs,LXX
17,Esther,3,4,Esther 3:4,2,ἑκάστην,ἕκαστος,A.ASF,G1538,Rahlfs,LXX
17,Esther,3,4,Esther 3:4,3,ἡμέραν,ἡμέρα,N.ASF,G2250,Rahlfs,LXX
17,Esther,3,4,Esther 3:4,4,ἐλάλουν,λαλέω,V.IAI3P,G2980,Rahlfs,LXX
17,Esther,3,4,Esther 3:4,5,αὐτῷ,αὐτός,RD.DSM,G846,Rahlfs,LXX
17,Esther,3,4,Esther 3:4,6,καὶ,καί,C,G2532,Rahlfs,LXX
17,Esther,3,4,Esther 3:4,7,οὐχ,οὐ,D,G3756,Rahlfs,LXX
17,Esther,3,4,Esther 3:4,8,ὑπήκουεν,ὑπακούω,V.IAI3S,G5219,Rahlfs,LXX
17,Esther,3,4,Esther 3:4,9,αὐτῶν,αὐτός,RD.GPM,G846,Rahlfs,LXX
17,Esther,3,4,Esther 3:4,10,καὶ,καί,C,G2532,Rahlfs,LXX
17,Esther,3,4,Esther 3:4,11,ὑπέδειξαν,ὑποδείκνυμι,V.AAI3P,G5263,Rahlfs,LXX
17,Esther,3,4,Esther 3:4,12,τῷ,ὁ,RA.DSM,G3588,Rahlfs,LXX
17,Esther,3,4,Esther 3:4,13,Αμαν,Ἁμάν,N.DSM,,Rahlfs,LXX
17,Esther,3,4,Esther 3:4,14,Μαρδοχαῖον,Μαρδοχαῖος,N.ASM,,Rahlfs,LXX
17,Esther,3,4,Esther 3:4,15,τοῖς,ὁ,RA.DPM,G3588,Rahlfs,LXX
17,Esther,3,4,Esther 3:4,16,τοῦ,ὁ,RA.GSM,G3588,Rahlfs,LXX
17,Esther,3,4,Esther 3:4,17,βασιλέως,βασιλεύς,N.GSM,G935,Rahlfs,LXX
17,Esther,3,4,Esther 3:4,18,λόγοις,λόγος,N.DPM,G3056,Rahlfs,LXX
17,Esther,3,4,Esther 3:4,19,ἀντιτασσόμενον,ἀντιτάσσω,V.PMPASM,G498,Rahlfs,LXX
17,Esther,3,4,Esther 3:4,20,καὶ,καί,C,G2532,Rahlfs,LXX
17,Esther,3,4,Esther 3:4,21,ὑπέδειξεν,ὑποδείκνυμι,V.AAI3S,G5263,Rahlfs,LXX
17,Esther,3,4,Esther 3:4,22,αὐτοῖς,αὐτός,RD.DPM,G846,Rahlfs,LXX
17,Esther,3,4,Esther 3:4,23,ὁ,ὁ,RA.NSM,G3588,Rahlfs,LXX
17,Esther,3,4,Esther 3:4,24,Μαρδοχαῖος,Μαρδοχαῖος,N.NSM,,Rahlfs,LXX
17,Esther,3,4,Esther 3:4,25,ὅτι,ὅτι,C,G3754,Rahlfs,LXX
17,Esther,3,4,Esther 3:4,26,Ιουδαῖός,Ἰουδαῖος,N.NSM,G2453,Rahlfs,LXX
17,Esther,3,4,Esther 3:4,27,ἐστιν,εἰμί,V.PAI3S,G1510,Rahlfs,LXX
17,Esther,3,5,Esther 3:5,1,καὶ,καί,C,G2532,Rahlfs,LXX
17,Esther,3,5,Esther 3:5,2,ἐπιγνοὺς,ἐπιγινώσκω,V.AAPNSM,G1921,Rahlfs,LXX
17,Esther,3,5,Esther 3:5,3,Αμαν,Ἁμάν,N.NSM,,Rahlfs,LXX
17,Esther,3,5,Esther 3:5,4,ὅτι,ὅτι,C,G3754,Rahlfs,LXX
17,Esther,3,5,Esther 3:5,5,οὐ,οὐ,D,G3756,Rahlfs,LXX
17,Esther,3,5,Esther 3:5,6,προσκυνεῖ,προσκυνέω,V.PAI3S,G4352,Rahlfs,LXX
17,Esther,3,5,Esther 3:5,7,αὐτῷ,αὐτός,RD.DSM,G846,Rahlfs,LXX
17,Esther,3,5,Esther 3:5,8,Μαρδοχαῖος,Μαρδοχαῖος,N.NSM,,Rahlfs,LXX
17,Esther,3,5,Esther 3:5,9,ἐθυμώθη,θυμόω,V.API3S,G2373,Rahlfs,LXX
17,Esther,3,5,Esther 3:5,10,σφόδρα,σφόδρα,D,G4970,Rahlfs,LXX
17,Esther,3,6,Esther 3:6,1,καὶ,καί,C,G2532,Rahlfs,LXX
17,Esther,3,6,Esther 3:6,2,ἐβουλεύσατο,βουλεύω,V.AMI3S,G1011,Rahlfs,LXX
17,Esther,3,6,Esther 3:6,3,ἀφανίσαι,ἀφανίζω,V.AAN,G853,Rahlfs,LXX
17,Esther,3,6,Esther 3:6,4,πάντας,πᾶς,A.APM,G3956,Rahlfs,LXX
17,Esther,3,6,Esther 3:6,5,τοὺς,ὁ,RA.APM,G3588,Rahlfs,LXX
17,Esther,3,6,Esther 3:6,6,ὑπὸ,ὑπό,P,G5259,Rahlfs,LXX
17,Esther,3,6,Esther 3:6,7,τὴν,ὁ,RA.ASF,G3588,Rahlfs,LXX
17,Esther,3,6,Esther 3:6,8,Ἀρταξέρξου,Ἀρταξέρξης,N.GSM,,Rahlfs,LXX
17,Esther,3,6,Esther 3:6,9,βασιλείαν,βασιλεία,N.ASF,G932,Rahlfs,LXX
17,Esther,3,6,Esther 3:6,10,Ιουδαίους,Ἰουδαῖος,N.APM,G2453,Rahlfs,LXX
17,Esther,3,7,Esther 3:7,1,καὶ,καί,C,G2532,Rahlfs,LXX
17,Esther,3,7,Esther 3:7,2,ἐποίησεν,ποιέω,V.AAI3S,G4160,Rahlfs,LXX
17,Esther,3,7,Esther 3:7,3,ψήφισμα,ψήφισμα,N.ASN,,Rahlfs,LXX
17,Esther,3,7,Esther 3:7,4,ἐν,ἐν,P,G1722,Rahlfs,LXX
17,Esther,3,7,Esther 3:7,5,ἔτει,ἔτος,N.DSN,G2094,Rahlfs,LXX
17,Esther,3,7,Esther 3:7,6,δωδεκάτῳ,δωδέκατος,A.DSN,G1428,Rahlfs,LXX
17,Esther,3,7,Esther 3:7,7,τῆς,ὁ,RA.GSF,G3588,Rahlfs,LXX
17,Esther,3,7,Esther 3:7,8,βασιλείας,βασιλεία,N.GSF,G932,Rahlfs,LXX
17,Esther,3,7,Esther 3:7,9,Ἀρταξέρξου,Ἀρταξέρξης,N.GSM,,Rahlfs,LXX
17,Esther,3,7,Esther 3:7,10,καὶ,καί,C,G2532,Rahlfs,LXX
17,Esther,3,7,Esther 3:7,11,ἔβαλεν,βάλλω,V.AAI3S,G906,Rahlfs,LXX
17,Esther,3,7,Esther 3:7,12,κλήρους,κλῆρος,N.APM,G2819,Rahlfs,LXX
17,Esther,3,7,Esther 3:7,13,ἡμέραν,ἡμέρα,N.ASF,G2250,Rahlfs,LXX
17,Esther,3,7,Esther 3:7,14,ἐξ,ἐκ,P,G1537,Rahlfs,LXX
17,Esther,3,7,Esther 3:7,15,ἡμέρας,ἡμέρα,N.GSF,G2250,Rahlfs,LXX
17,Esther,3,7,Esther 3:7,16,καὶ,καί,C,G2532,Rahlfs,LXX
17,Esther,3,7,Esther 3:7,17,μῆνα,μήν,N.ASM,G3376,Rahlfs,LXX
17,Esther,3,7,Esther 3:7,18,ἐκ,ἐκ,P,G1537,Rahlfs,LXX
17,Esther,3,7,Esther 3:7,19,μηνὸς,μήν,N.GSM,G3376,Rahlfs,LXX
17,Esther,3,7,Esther 3:7,20,ὥστε,ὥστε,C,G5620,Rahlfs,LXX
17,Esther,3,7,Esther 3:7,21,ἀπολέσαι,ἀπόλλυμι,V.AAN,G622,Rahlfs,LXX
17,Esther,3,7,Esther 3:7,22,ἐν,ἐν,P,G1722,Rahlfs,LXX
17,Esther,3,7,Esther 3:7,23,μιᾷ,εἷς,A.DSF,G1520,Rahlfs,LXX
17,Esther,3,7,Esther 3:7,24,ἡμέρᾳ,ἡμέρα,N.DSF,G2250,Rahlfs,LXX
17,Esther,3,7,Esther 3:7,25,τὸ,ὁ,RA.ASN,G3588,Rahlfs,LXX
17,Esther,3,7,Esther 3:7,26,γένος,γένος,N.ASN,G1085,Rahlfs,LXX
17,Esther,3,7,Esther 3:7,27,Μαρδοχαίου,Μαρδοχαῖος,N.GSM,,Rahlfs,LXX
17,Esther,3,7,Esther 3:7,28,καὶ,καί,C,G2532,Rahlfs,LXX
17,Esther,3,7,Esther 3:7,29,ἔπεσεν,πίπτω,V.AAI3S,G4098,Rahlfs,LXX
17,Esther,3,7,Esther 3:7,30,ὁ,ὁ,RA.NSM,G3588,Rahlfs,LXX
17,Esther,3,7,Esther 3:7,31,κλῆρος,κλῆρος,N.NSM,G2819,Rahlfs,LXX
17,Esther,3,7,Esther 3:7,32,εἰς,εἰς,P,G1519,Rahlfs,LXX
17,Esther,3,7,Esther 3:7,33,τὴν,ὁ,RA.ASF,G3588,Rahlfs,LXX
17,Esther,3,7,Esther 3:7,34,τεσσαρεσκαιδεκάτην,τεσσαρεσκαιδέκατος,A.ASF,G5065,Rahlfs,LXX
17,Esther,3,7,Esther 3:7,35,τοῦ,ὁ,RA.GSM,G3588,Rahlfs,LXX
17,Esther,3,7,Esther 3:7,36,μηνός,μήν,N.GSM,G3376,Rahlfs,LXX
17,Esther,3,7,Esther 3:7,37,ὅς,ὅς,RR.NSM,G3739,Rahlfs,LXX
17,Esther,3,7,Esther 3:7,38,ἐστιν,εἰμί,V.PAI3S,G1510,Rahlfs,LXX
17,Esther,3,7,Esther 3:7,39,Αδαρ,Αδαρ,N.NSM,,Rahlfs,LXX
17,Esther,3,8,Esther 3:8,1,καὶ,καί,C,G2532,Rahlfs,LXX
17,Esther,3,8,Esther 3:8,2,ἐλάλησεν,λαλέω,V.AAI3S,G2980,Rahlfs,LXX
17,Esther,3,8,Esther 3:8,3,πρὸς,πρός,P,G4314,Rahlfs,LXX
17,Esther,3,8,Esther 3:8,4,τὸν,ὁ,RA.ASM,G3588,Rahlfs,LXX
17,Esther,3,8,Esther 3:8,5,βασιλέα,βασιλεύς,N.ASM,G935,Rahlfs,LXX
17,Esther,3,8,Esther 3:8,6,Ἀρταξέρξην,Ἀρταξέρξης,N.ASM,,Rahlfs,LXX
17,Esther,3,8,Esther 3:8,7,λέγων,λέγω,V.PAPNSM,G3004,Rahlfs,LXX
17,Esther,3,8,Esther 3:8,8,ὑπάρχει,ὑπάρχω,V.PAI3S,G5225,Rahlfs,LXX
17,Esther,3,8,Esther 3:8,9,ἔθνος,ἔθνος,N.NSN,G1484,Rahlfs,LXX
17,Esther,3,8,Esther 3:8,10,διεσπαρμένον,διασπείρω,V.XMPNSN,G1289,Rahlfs,LXX
17,Esther,3,8,Esther 3:8,11,ἐν,ἐν,P,G1722,Rahlfs,LXX
17,Esther,3,8,Esther 3:8,12,τοῖς,ὁ,RA.DPN,G3588,Rahlfs,LXX
17,Esther,3,8,Esther 3:8,13,ἔθνεσιν,ἔθνος,N.DPN,G1484,Rahlfs,LXX
17,Esther,3,8,Esther 3:8,14,ἐν,ἐν,P,G1722,Rahlfs,LXX
17,Esther,3,8,Esther 3:8,15,πάσῃ,πᾶς,A.DSF,G3956,Rahlfs,LXX
17,Esther,3,8,Esther 3:8,16,τῇ,ὁ,RA.DSF,G3588,Rahlfs,LXX
17,Esther,3,8,Esther 3:8,17,βασιλείᾳ,βασιλεία,N.DSF,G932,Rahlfs,LXX
17,Esther,3,8,Esther 3:8,18,σου,σοῦ,RP.GS,G4675,Rahlfs,LXX
17,Esther,3,8,Esther 3:8,19,οἱ,ὁ,RA.NPM,G3588,Rahlfs,LXX
17,Esther,3,8,Esther 3:8,20,δὲ,δέ,X,G1161,Rahlfs,LXX
17,Esther,3,8,Esther 3:8,21,νόμοι,νόμος,N.NPM,G3551,Rahlfs,LXX
17,Esther,3,8,Esther 3:8,22,αὐτῶν,αὐτός,RD.GPM,G846,Rahlfs,LXX
17,Esther,3,8,Esther 3:8,23,ἔξαλλοι,ἔξαλλος,A.NPM,,Rahlfs,LXX
17,Esther,3,8,Esther 3:8,24,παρὰ,παρά,P,G3844,Rahlfs,LXX
17,Esther,3,8,Esther 3:8,25,πάντα,πᾶς,A.APN,G3956,Rahlfs,LXX
17,Esther,3,8,Esther 3:8,26,τὰ,ὁ,RA.APN,G3588,Rahlfs,LXX
17,Esther,3,8,Esther 3:8,27,ἔθνη,ἔθνος,N.APN,G1484,Rahlfs,LXX
17,Esther,3,8,Esther 3:8,28,τῶν,ὁ,RA.GPM,G3588,Rahlfs,LXX
17,Esther,3,8,Esther 3:8,29,δὲ,δέ,X,G1161,Rahlfs,LXX
17,Esther,3,8,Esther 3:8,30,νόμων,νόμος,N.GPM,G3551,Rahlfs,LXX
17,Esther,3,8,Esther 3:8,31,τοῦ,ὁ,RA.GSM,G3588,Rahlfs,LXX
17,Esther,3,8,Esther 3:8,32,βασιλέως,βασιλεύς,N.GSM,G935,Rahlfs,LXX
17,Esther,3,8,Esther 3:8,33,παρακούουσιν,παρακούω,V.PAI3P,G3878,Rahlfs,LXX
17,Esther,3,8,Esther 3:8,34,καὶ,καί,C,G2532,Rahlfs,LXX
17,Esther,3,8,Esther 3:8,35,οὐ,οὐ,D,G3756,Rahlfs,LXX
17,Esther,3,8,Esther 3:8,36,συμφέρει,συμφέρω,V.PAI3S,G4851,Rahlfs,LXX
17,Esther,3,8,Esther 3:8,37,τῷ,ὁ,RA.DSM,G3588,Rahlfs,LXX
17,Esther,3,8,Esther 3:8,38,βασιλεῖ,βασιλεύς,N.DSM,G935,Rahlfs,LXX
17,Esther,3,8,Esther 3:8,39,ἐᾶσαι,ἐάω,V.AAN,G1439,Rahlfs,LXX
17,Esther,3,8,Esther 3:8,40,αὐτούς,αὐτός,RD.APM,G846,Rahlfs,LXX
17,Esther,3,9,Esther 3:9,1,εἰ,εἰ,C,G1487,Rahlfs,LXX
17,Esther,3,9,Esther 3:9,2,δοκεῖ,δοκέω,V.PAI3S,G1380,Rahlfs,LXX
17,Esther,3,9,Esther 3:9,3,τῷ,ὁ,RA.DSM,G3588,Rahlfs,LXX
17,Esther,3,9,Esther 3:9,4,βασιλεῖ,βασιλεύς,N.DSM,G935,Rahlfs,LXX
17,Esther,3,9,Esther 3:9,5,δογματισάτω,δογματίζω,V.AAD3S,G1379,Rahlfs,LXX
17,Esther,3,9,Esther 3:9,6,ἀπολέσαι,ἀπόλλυμι,V.AAN,G622,Rahlfs,LXX
17,Esther,3,9,Esther 3:9,7,αὐτούς,αὐτός,RD.APM,G846,Rahlfs,LXX
17,Esther,3,9,Esther 3:9,8,κἀγὼ,κἀγώ,C+RP.NS,G2504,Rahlfs,LXX
17,Esther,3,9,Esther 3:9,9,διαγράψω,διαγράφω,V.FAI1S,,Rahlfs,LXX
17,Esther,3,9,Esther 3:9,10,εἰς,εἰς,P,G1519,Rahlfs,LXX
17,Esther,3,9,Esther 3:9,11,τὸ,ὁ,RA.ASN,G3588,Rahlfs,LXX
17,Esther,3,9,Esther 3:9,12,γαζοφυλάκιον,γαζοφυλάκιον,N.ASN,G1049,Rahlfs,LXX
17,Esther,3,9,Esther 3:9,13,τοῦ,ὁ,RA.GSM,G3588,Rahlfs,LXX
17,Esther,3,9,Esther 3:9,14,βασιλέως,βασιλεύς,N.GSM,G935,Rahlfs,LXX
17,Esther,3,9,Esther 3:9,15,ἀργυρίου,ἀργύριον,N.GSN,G694,Rahlfs,LXX
17,Esther,3,9,Esther 3:9,16,τάλαντα,τάλαντον,N.APN,G5007,Rahlfs,LXX
17,Esther,3,9,Esther 3:9,17,μύρια,μύριοι,A.APN,G3463,Rahlfs,LXX
17,Esther,3,10,Esther 3:10,1,καὶ,καί,C,G2532,Rahlfs,LXX
17,Esther,3,10,Esther 3:10,2,περιελόμενος,περιαιρέω,V.AMPNSM,G4014,Rahlfs,LXX
17,Esther,3,10,Esther 3:10,3,ὁ,ὁ,RA.NSM,G3588,Rahlfs,LXX
17,Esther,3,10,Esther 3:10,4,βασιλεὺς,βασιλεύς,N.NSM,G935,Rahlfs,LXX
17,Esther,3,10,Esther 3:10,5,τὸν,ὁ,RA.ASM,G3588,Rahlfs,LXX
17,Esther,3,10,Esther 3:10,6,δακτύλιον,δακτύλιος,N.ASM,G1146,Rahlfs,LXX
17,Esther,3,10,Esther 3:10,7,ἔδωκεν,δίδωμι,V.AAI3S,G1325,Rahlfs,LXX
17,Esther,3,10,Esther 3:10,8,εἰς,εἰς,P,G1519,Rahlfs,LXX
17,Esther,3,10,Esther 3:10,9,χεῖρα,χείρ,N.ASF,G5495,Rahlfs,LXX
17,Esther,3,10,Esther 3:10,10,τῷ,ὁ,RA.DSM,G3588,Rahlfs,LXX
17,Esther,3,10,Esther 3:10,11,Αμαν,Ἁμάν,N.DSM,,Rahlfs,LXX
17,Esther,3,10,Esther 3:10,12,σφραγίσαι,σφραγίζω,V.AAN,G4972,Rahlfs,LXX
17,Esther,3,10,Esther 3:10,13,κατὰ,κατά,P,G2596,Rahlfs,LXX
17,Esther,3,10,Esther 3:10,14,τῶν,ὁ,RA.GPN,G3588,Rahlfs,LXX
17,Esther,3,10,Esther 3:10,15,γεγραμμένων,γράφω,V.XMPGPN,G1125,Rahlfs,LXX
17,Esther,3,10,Esther 3:10,16,κατὰ,κατά,P,G2596,Rahlfs,LXX
17,Esther,3,10,Esther 3:10,17,τῶν,ὁ,RA.GPM,G3588,Rahlfs,LXX
17,Esther,3,10,Esther 3:10,18,Ιουδαίων,Ἰουδαῖος,N.GPM,G2453,Rahlfs,LXX
17,Esther,3,11,Esther 3:11,1,καὶ,καί,C,G2532,Rahlfs,LXX
17,Esther,3,11,Esther 3:11,2,εἶπεν,ἔπω,V.AAI3S,G2036,Rahlfs,LXX
17,Esther,3,11,Esther 3:11,3,ὁ,ὁ,RA.NSM,G3588,Rahlfs,LXX
17,Esther,3,11,Esther 3:11,4,βασιλεὺς,βασιλεύς,N.NSM,G935,Rahlfs,LXX
17,Esther,3,11,Esther 3:11,5,τῷ,ὁ,RA.DSM,G3588,Rahlfs,LXX
17,Esther,3,11,Esther 3:11,6,Αμαν,Ἁμάν,N.DSM,,Rahlfs,LXX
17,Esther,3,11,Esther 3:11,7,τὸ,ὁ,RA.ASN,G3588,Rahlfs,LXX
17,Esther,3,11,Esther 3:11,8,μὲν,μέν,X,G3303,Rahlfs,LXX
17,Esther,3,11,Esther 3:11,9,ἀργύριον,ἀργύριον,N.ASN,G694,Rahlfs,LXX
17,Esther,3,11,Esther 3:11,10,ἔχε,ἔχω,V.PAD2S,G2192,Rahlfs,LXX
17,Esther,3,11,Esther 3:11,11,τῷ,ὁ,RA.DSN,G3588,Rahlfs,LXX
17,Esther,3,11,Esther 3:11,12,δὲ,δέ,X,G1161,Rahlfs,LXX
17,Esther,3,11,Esther 3:11,13,ἔθνει,ἔθνος,N.DSN,G1484,Rahlfs,LXX
17,Esther,3,11,Esther 3:11,14,χρῶ,χράομαι,V.PAI1S,G5530,Rahlfs,LXX
17,Esther,3,11,Esther 3:11,15,ὡς,ὥς,C,G5613,Rahlfs,LXX
17,Esther,3,11,Esther 3:11,16,βούλει,βούλομαι,V.PMI2S,G1014,Rahlfs,LXX
17,Esther,3,12,Esther 3:12,1,καὶ,καί,C,G2532,Rahlfs,LXX
17,Esther,3,12,Esther 3:12,2,ἐκλήθησαν,καλέω,V.API3P,G2564,Rahlfs,LXX
17,Esther,3,12,Esther 3:12,3,οἱ,ὁ,RA.NPM,G3588,Rahlfs,LXX
17,Esther,3,12,Esther 3:12,4,γραμματεῖς,γραμματεύς,N.NPM,G1122,Rahlfs,LXX
17,Esther,3,12,Esther 3:12,5,τοῦ,ὁ,RA.GSM,G3588,Rahlfs,LXX
17,Esther,3,12,Esther 3:12,6,βασιλέως,βασιλεύς,N.GSM,G935,Rahlfs,LXX
17,Esther,3,12,Esther 3:12,7,μηνὶ,μήν,N.DSM,G3376,Rahlfs,LXX
17,Esther,3,12,Esther 3:12,8,πρώτῳ,πρῶτος,A.DSMS,G4413,Rahlfs,LXX
17,Esther,3,12,Esther 3:12,9,τῇ,ὁ,RA.DSF,G3588,Rahlfs,LXX
17,Esther,3,12,Esther 3:12,10,τρισκαιδεκάτῃ,τρισκαιδέκατος,A.DSF,,Rahlfs,LXX
17,Esther,3,12,Esther 3:12,11,καὶ,καί,C,G2532,Rahlfs,LXX
17,Esther,3,12,Esther 3:12,12,ἔγραψαν,γράφω,V.AAI3P,G1125,Rahlfs,LXX
17,Esther,3,12,Esther 3:12,13,ὡς,ὥς,C,G5613,Rahlfs,LXX
17,Esther,3,12,Esther 3:12,14,ἐπέταξεν,ἐπιτάσσω,V.AAI3S,G2004,Rahlfs,LXX
17,Esther,3,12,Esther 3:12,15,Αμαν,Ἁμάν,N.NSM,,Rahlfs,LXX
17,Esther,3,12,Esther 3:12,16,τοῖς,ὁ,RA.DPM,G3588,Rahlfs,LXX
17,Esther,3,12,Esther 3:12,17,στρατηγοῖς,στρατηγός,N.DPM,G4755,Rahlfs,LXX
17,Esther,3,12,Esther 3:12,18,καὶ,καί,C,G2532,Rahlfs,LXX
17,Esther,3,12,Esther 3:12,19,τοῖς,ὁ,RA.DPM,G3588,Rahlfs,LXX
17,Esther,3,12,Esther 3:12,20,ἄρχουσιν,ἄρχων,N.DPM,G758,Rahlfs,LXX
17,Esther,3,12,Esther 3:12,21,κατὰ,κατά,P,G2596,Rahlfs,LXX
17,Esther,3,12,Esther 3:12,22,πᾶσαν,πᾶς,A.ASF,G3956,Rahlfs,LXX
17,Esther,3,12,Esther 3:12,23,χώραν,χώρα,N.ASF,G5561,Rahlfs,LXX
17,Esther,3,12,Esther 3:12,24,ἀπὸ,ἀπό,P,G575,Rahlfs,LXX
17,Esther,3,12,Esther 3:12,25,Ἰνδικῆς,Ἰνδική,N.GSF,,Rahlfs,LXX
17,Esther,3,12,Esther 3:12,26,ἕως,ἕως,P,G2193,Rahlfs,LXX
17,Esther,3,12,Esther 3:12,27,τῆς,ὁ,RA.GSF,G3588,Rahlfs,LXX
17,Esther,3,12,Esther 3:12,28,Αἰθιοπίας,Αἰθιοπία,N.GSF,,Rahlfs,LXX
17,Esther,3,12,Esther 3:12,29,ταῖς,ὁ,RA.DPF,G3588,Rahlfs,LXX
17,Esther,3,12,Esther 3:12,30,ἑκατὸν,ἑκατόν,M,G1540,Rahlfs,LXX
17,Esther,3,12,Esther 3:12,31,εἴκοσι,εἴκοσι,M,G1501,Rahlfs,LXX
17,Esther,3,12,Esther 3:12,32,ἑπτὰ,ἑπτά,M,G2033,Rahlfs,LXX
17,Esther,3,12,Esther 3:12,33,χώραις,χώρα,N.DPF,G5561,Rahlfs,LXX
17,Esther,3,12,Esther 3:12,34,τοῖς,ὁ,RA.DPM,G3588,Rahlfs,LXX
17,Esther,3,12,Esther 3:12,35,τε,τε,X,G5037,Rahlfs,LXX
17,Esther,3,12,Esther 3:12,36,ἄρχουσι,ἄρχων,N.DPM,G758,Rahlfs,LXX
17,Esther,3,12,Esther 3:12,37,τῶν,ὁ,RA.GPN,G3588,Rahlfs,LXX
17,Esther,3,12,Esther 3:12,38,ἐθνῶν,ἔθνος,N.GPN,G1484,Rahlfs,LXX
17,Esther,3,12,Esther 3:12,39,κατὰ,κατά,P,G2596,Rahlfs,LXX
17,Esther,3,12,Esther 3:12,40,τὴν,ὁ,RA.ASF,G3588,Rahlfs,LXX
17,Esther,3,12,Esther 3:12,41,αὐτῶν,αὐτός,RD.GPM,G846,Rahlfs,LXX
17,Esther,3,12,Esther 3:12,42,λέξιν,λέξις,N.ASF,,Rahlfs,LXX
17,Esther,3,12,Esther 3:12,43,δι᾿,διά,P,G1223,Rahlfs,LXX
17,Esther,3,12,Esther 3:12,44,Ἀρταξέρξου,Ἀρταξέρξης,N.GSM,,Rahlfs,LXX
17,Esther,3,12,Esther 3:12,45,τοῦ,ὁ,RA.GSM,G3588,Rahlfs,LXX
17,Esther,3,12,Esther 3:12,46,βασιλέως,βασιλεύς,N.GSM,G935,Rahlfs,LXX
17,Esther,3,13,Esther 3:13,1,καὶ,καί,C,G2532,Rahlfs,LXX
17,Esther,3,13,Esther 3:13,2,ἀπεστάλη,ἀποστέλλω,V.API3S,G649,Rahlfs,LXX
17,Esther,3,13,Esther 3:13,3,διὰ,διά,P,G1223,Rahlfs,LXX
17,Esther,3,13,Esther 3:13,4,βιβλιαφόρων,βιβλιαφόρος,N.GPM,,Rahlfs,LXX
17,Esther,3,13,Esther 3:13,5,εἰς,εἰς,P,G1519,Rahlfs,LXX
17,Esther,3,13,Esther 3:13,6,τὴν,ὁ,RA.ASF,G3588,Rahlfs,LXX
17,Esther,3,13,Esther 3:13,7,Ἀρταξέρξου,Ἀρταξέρξης,N.GSM,,Rahlfs,LXX
17,Esther,3,13,Esther 3:13,8,βασιλείαν,βασιλεία,N.ASF,G932,Rahlfs,LXX
17,Esther,3,13,Esther 3:13,9,ἀφανίσαι,ἀφανίζω,V.AAN,G853,Rahlfs,LXX
17,Esther,3,13,Esther 3:13,10,τὸ,ὁ,RA.ASN,G3588,Rahlfs,LXX
17,Esther,3,13,Esther 3:13,11,γένος,γένος,N.ASN,G1085,Rahlfs,LXX
17,Esther,3,13,Esther 3:13,12,τῶν,ὁ,RA.GPM,G3588,Rahlfs,LXX
17,Esther,3,13,Esther 3:13,13,Ιουδαίων,Ἰουδαῖος,N.GPM,G2453,Rahlfs,LXX
17,Esther,3,13,Esther 3:13,14,ἐν,ἐν,P,G1722,Rahlfs,LXX
17,Esther,3,13,Esther 3:13,15,ἡμέρᾳ,ἡμέρα,N.DSF,G2250,Rahlfs,LXX
17,Esther,3,13,Esther 3:13,16,μιᾷ,εἷς,A.DSF,G1520,Rahlfs,LXX
17,Esther,3,13,Esther 3:13,17,μηνὸς,μήν,N.GSM,G3376,Rahlfs,LXX
17,Esther,3,13,Esther 3:13,18,δωδεκάτου,δωδέκατος,A.GSM,G1428,Rahlfs,LXX
17,Esther,3,13,Esther 3:13,19,ὅς,ὅς,RR.NSM,G3739,Rahlfs,LXX
17,Esther,3,13,Esther 3:13,20,ἐστιν,εἰμί,V.PAI3S,G1510,Rahlfs,LXX
17,Esther,3,13,Esther 3:13,21,Αδαρ,Αδαρ,N.NSM,,Rahlfs,LXX
17,Esther,3,13,Esther 3:13,22,καὶ,καί,C,G2532,Rahlfs,LXX
17,Esther,3,13,Esther 3:13,23,διαρπάσαι,διαρπάζω,V.AAN,G1283,Rahlfs,LXX
17,Esther,3,13,Esther 3:13,24,τὰ,ὁ,RA.APN,G3588,Rahlfs,LXX
17,Esther,3,13,Esther 3:13,25,ὑπάρχοντα,ὑπάρχοντα,V.PAPAPN,G5224,Rahlfs,LXX
17,Esther,3,13,Esther 3:13,26,αὐτῶν,αὐτός,RD.GPM,G846,Rahlfs,LXX
17,Esther,3,13,Esther 3:13,27,τῆς,ὁ,RA.GSF,G3588,Rahlfs,LXX
17,Esther,3,13,Esther 3:13,28,δὲ,δέ,X,G1161,Rahlfs,LXX
17,Esther,3,13,Esther 3:13,29,ἐπιστολῆς,ἐπιστολή,N.GSF,G1992,Rahlfs,LXX
17,Esther,3,13,Esther 3:13,30,ἐστιν,εἰμί,V.PAI3S,G1510,Rahlfs,LXX
17,Esther,3,13,Esther 3:13,31,τὸ,ὁ,RA.NSN,G3588,Rahlfs,LXX
17,Esther,3,13,Esther 3:13,32,ἀντίγραφον,ἀντίγραφον,N.NSN,,Rahlfs,LXX
17,Esther,3,13,Esther 3:13,33,τόδε,ὅδε,RD.NSN,G3592,Rahlfs,LXX
17,Esther,3,13,Esther 3:13,34,βασιλεὺς,βασιλεύς,N.NSM,G935,Rahlfs,LXX
17,Esther,3,13,Esther 3:13,35,μέγας,μέγας,A.NSM,G3173,Rahlfs,LXX
17,Esther,3,13,Esther 3:13,36,Ἀρταξέρξης,Ἀρταξέρξης,N.NSM,,Rahlfs,LXX
17,Esther,3,13,Esther 3:13,37,τοῖς,ὁ,RA.DPM,G3588,Rahlfs,LXX
17,Esther,3,13,Esther 3:13,38,ἀπὸ,ἀπό,P,G575,Rahlfs,LXX
17,Esther,3,13,Esther 3:13,39,τῆς,ὁ,RA.GSF,G3588,Rahlfs,LXX
17,Esther,3,13,Esther 3:13,40,Ἰνδικῆς,Ἰνδική,N.GSF,,Rahlfs,LXX
17,Esther,3,13,Esther 3:13,41,ἕως,ἕως,P,G2193,Rahlfs,LXX
17,Esther,3,13,Esther 3:13,42,τῆς,ὁ,RA.GSF,G3588,Rahlfs,LXX
17,Esther,3,13,Esther 3:13,43,Αἰθιοπίας,Αἰθιοπία,N.GSF,,Rahlfs,LXX
17,Esther,3,13,Esther 3:13,44,ἑκατὸν,ἑκατόν,M,G1540,Rahlfs,LXX
17,Esther,3,13,Esther 3:13,45,εἴκοσι,εἴκοσι,M,G1501,Rahlfs,LXX
17,Esther,3,13,Esther 3:13,46,ἑπτὰ,ἑπτά,M,G2033,Rahlfs,LXX
17,Esther,3,13,Esther 3:13,47,χωρῶν,χώρα,N.GPF,G5561,Rahlfs,LXX
17,Esther,3,13,Esther 3:13,48,ἄρχουσι,ἄρχων,N.DPM,G758,Rahlfs,LXX
17,Esther,3,13,Esther 3:13,49,καὶ,καί,C,G2532,Rahlfs,LXX
17,Esther,3,13,Esther 3:13,50,τοπάρχαις,τοπαρχής,N.DPM,,Rahlfs,LXX
17,Esther,3,13,Esther 3:13,51,ὑποτεταγμένοις,ὑποτάσσω,V.XMPDPM,G5293,Rahlfs,LXX
17,Esther,3,13,Esther 3:13,52,τάδε,ὅδε,RD.APN,G3592,Rahlfs,LXX
17,Esther,3,13,Esther 3:13,53,γράφει,γράφω,V.PAI3S,G1125,Rahlfs,LXX
17,Esther,3,13,Esther 3:13,54,πολλῶν,πολύς,A.GPN,G4183,Rahlfs,LXX
17,Esther,3,13,Esther 3:13,55,ἐπάρξας,ἐπάρχω,V.AAPNSM,,Rahlfs,LXX
17,Esther,3,13,Esther 3:13,56,ἐθνῶν,ἔθνος,N.GPN,G1484,Rahlfs,LXX
17,Esther,3,13,Esther 3:13,57,καὶ,καί,C,G2532,Rahlfs,LXX
17,Esther,3,13,Esther 3:13,58,πάσης,πᾶς,A.GSF,G3956,Rahlfs,LXX
17,Esther,3,13,Esther 3:13,59,ἐπικρατήσας,ἐπικρατέω,V.AAPNSM,,Rahlfs,LXX
17,Esther,3,13,Esther 3:13,60,οἰκουμένης,οἰκουμένη,V.PMPGSF,G3625,Rahlfs,LXX
17,Esther,3,13,Esther 3:13,61,ἐβουλήθην,βούλομαι,V.API1S,G1014,Rahlfs,LXX
17,Esther,3,13,Esther 3:13,62,μὴ,μή,D,G3361,Rahlfs,LXX
17,Esther,3,13,Esther 3:13,63,τῷ,ὁ,RA.DSN,G3588,Rahlfs,LXX
17,Esther,3,13,Esther 3:13,64,θράσει,θράσος,N.DSN,,Rahlfs,LXX
17,Esther,3,13,Esther 3:13,65,τῆς,ὁ,RA.GSF,G3588,Rahlfs,LXX
17,Esther,3,13,Esther 3:13,66,ἐξουσίας,ἐξουσία,N.GSF,G1849,Rahlfs,LXX
17,Esther,3,13,Esther 3:13,67,ἐπαιρόμενος,ἐπαίρω,V.PMPNSM,G1869,Rahlfs,LXX
17,Esther,3,13,Esther 3:13,68,ἐπιεικέστερον,ἐπιεικής,A.ASM,G1933,Rahlfs,LXX
17,Esther,3,13,Esther 3:13,69,δὲ,δέ,X,G1161,Rahlfs,LXX
17,Esther,3,13,Esther 3:13,70,καὶ,καί,C,G2532,Rahlfs,LXX
17,Esther,3,13,Esther 3:13,71,μετὰ,μετά,P,G3326,Rahlfs,LXX
17,Esther,3,13,Esther 3:13,72,ἠπιότητος,ἠπιότης,N.GSF,,Rahlfs,LXX
17,Esther,3,13,Esther 3:13,73,ἀεὶ,ἀεί,D,G104,Rahlfs,LXX
17,Esther,3,13,Esther 3:13,74,διεξάγων,διεξάγω,V.PAPNSM,,Rahlfs,LXX
17,Esther,3,13,Esther 3:13,75,τοὺς,ὁ,RA.APM,G3588,Rahlfs,LXX
17,Esther,3,13,Esther 3:13,76,τῶν,ὁ,RA.GPM,G3588,Rahlfs,LXX
17,Esther,3,13,Esther 3:13,77,ὑποτεταγμένων,ὑποτάσσω,V.XMPGPM,G5293,Rahlfs,LXX
17,Esther,3,13,Esther 3:13,78,ἀκυμάτους,ἀκύματος,A.APM,,Rahlfs,LXX
17,Esther,3,13,Esther 3:13,79,διὰ,διά,P,G1223,Rahlfs,LXX
17,Esther,3,13,Esther 3:13,80,παντὸς,πᾶς,A.GSM,G3956,Rahlfs,LXX
17,Esther,3,13,Esther 3:13,81,καταστῆσαι,καθίστημι,V.AAN,G2525,Rahlfs,LXX
17,Esther,3,13,Esther 3:13,82,βίους,βίος,N.APM,G979,Rahlfs,LXX
17,Esther,3,13,Esther 3:13,83,τήν,ὁ,RA.ASF,G3588,Rahlfs,LXX
17,Esther,3,13,Esther 3:13,84,τε,τε,X,G5037,Rahlfs,LXX
17,Esther,3,13,Esther 3:13,85,βασιλείαν,βασιλεία,N.ASF,G932,Rahlfs,LXX
17,Esther,3,13,Esther 3:13,86,ἥμερον,ἥμερος,A.ASF,,Rahlfs,LXX
17,Esther,3,13,Esther 3:13,87,καὶ,καί,C,G2532,Rahlfs,LXX
17,Esther,3,13,Esther 3:13,88,πορευτὴν,πορευτός,A.ASF,,Rahlfs,LXX
17,Esther,3,13,Esther 3:13,89,μέχρι,μέχρι,P,G3360,Rahlfs,LXX
17,Esther,3,13,Esther 3:13,90,περάτων,πέρας,N.GPN,G4009,Rahlfs,LXX
17,Esther,3,13,Esther 3:13,91,παρεξόμενος,παρέχω,V.FMPNSM,G3930,Rahlfs,LXX
17,Esther,3,13,Esther 3:13,92,ἀνανεώσασθαί,ἀνανεόω,V.AMN,G365,Rahlfs,LXX
17,Esther,3,13,Esther 3:13,93,τε,τε,X,G5037,Rahlfs,LXX
17,Esther,3,13,Esther 3:13,94,τὴν,ὁ,RA.ASF,G3588,Rahlfs,LXX
17,Esther,3,13,Esther 3:13,95,ποθουμένην,ποθέω,V.PMPASF,,Rahlfs,LXX
17,Esther,3,13,Esther 3:13,96,τοῖς,ὁ,RA.DPM,G3588,Rahlfs,LXX
17,Esther,3,13,Esther 3:13,97,πᾶσιν,πᾶς,A.DPM,G3956,Rahlfs,LXX
17,Esther,3,13,Esther 3:13,98,ἀνθρώποις,ἄνθρωπος,N.DPM,G444,Rahlfs,LXX
17,Esther,3,13,Esther 3:13,99,εἰρήνην,εἰρήνη,N.ASF,G1515,Rahlfs,LXX
17,Esther,3,13,Esther 3:13,100,πυθομένου,πυνθάνομαι,V.AMPGSM,G4441,Rahlfs,LXX
17,Esther,3,13,Esther 3:13,101,δέ,δέ,X,G1161,Rahlfs,LXX
17,Esther,3,13,Esther 3:13,102,μου,μου,RP.GS,G3450,Rahlfs,LXX
17,Esther,3,13,Esther 3:13,103,τῶν,ὁ,RA.GPM,G3588,Rahlfs,LXX
17,Esther,3,13,Esther 3:13,104,συμβούλων,σύμβουλος,N.GPM,G4825,Rahlfs,LXX
17,Esther,3,13,Esther 3:13,105,πῶς,πῶς,D,G4459,Rahlfs,LXX
17,Esther,3,13,Esther 3:13,106,ἂν,ἄν,X,G302,Rahlfs,LXX
17,Esther,3,13,Esther 3:13,107,ἀχθείη,ἄγω,V.APO3S,G71,Rahlfs,LXX
17,Esther,3,13,Esther 3:13,108,τοῦτο,οὗτος,RD.NSN,G3778,Rahlfs,LXX
17,Esther,3,13,Esther 3:13,109,ἐπὶ,ἐπί,P,G1909,Rahlfs,LXX
17,Esther,3,13,Esther 3:13,110,πέρας,πέρας,N.ASN,G4009,Rahlfs,LXX
17,Esther,3,13,Esther 3:13,111,σωφροσύνῃ,σωφροσύνη,N.DSF,G4997,Rahlfs,LXX
17,Esther,3,13,Esther 3:13,112,παρ᾿,παρά,P,G3844,Rahlfs,LXX
17,Esther,3,13,Esther 3:13,113,ἡμῖν,ἡμῖν,RP.DP,G2254,Rahlfs,LXX
17,Esther,3,13,Esther 3:13,114,διενέγκας,διαφέρω,V.AAPNSM,G1308,Rahlfs,LXX
17,Esther,3,13,Esther 3:13,115,καὶ,καί,C,G2532,Rahlfs,LXX
17,Esther,3,13,Esther 3:13,116,ἐν,ἐν,P,G1722,Rahlfs,LXX
17,Esther,3,13,Esther 3:13,117,τῇ,ὁ,RA.DSF,G3588,Rahlfs,LXX
17,Esther,3,13,Esther 3:13,118,εὐνοίᾳ,εὔνοια,N.DSF,G2133,Rahlfs,LXX
17,Esther,3,13,Esther 3:13,119,ἀπαραλλάκτως,ἀπαραλλάκτως,D,,Rahlfs,LXX
17,Esther,3,13,Esther 3:13,120,καὶ,καί,C,G2532,Rahlfs,LXX
17,Esther,3,13,Esther 3:13,121,βεβαίᾳ,βέβαιος,A.DSF,G949,Rahlfs,LXX
17,Esther,3,13,Esther 3:13,122,πίστει,πίστις,N.DSF,G4102,Rahlfs,LXX
17,Esther,3,13,Esther 3:13,123,ἀποδεδειγμένος,ἀποδείκνυμι,V.XMPNSM,G584,Rahlfs,LXX
17,Esther,3,13,Esther 3:13,124,καὶ,καί,C,G2532,Rahlfs,LXX
17,Esther,3,13,Esther 3:13,125,δεύτερον,δεύτερος,A.ASN,G1208,Rahlfs,LXX
17,Esther,3,13,Esther 3:13,126,τῶν,ὁ,RA.GPF,G3588,Rahlfs,LXX
17,Esther,3,13,Esther 3:13,127,βασιλειῶν,βασιλεία,N.GPF,G932,Rahlfs,LXX
17,Esther,3,13,Esther 3:13,128,γέρας,γέρας,N.ASN,,Rahlfs,LXX
17,Esther,3,13,Esther 3:13,129,ἀπενηνεγμένος,ἀποφέρω,V.XMPNSM,G667,Rahlfs,LXX
17,Esther,3,13,Esther 3:13,130,Αμαν,Ἁμάν,N.NSM,,Rahlfs,LXX
17,Esther,3,13,Esther 3:13,131,ἐπέδειξεν,ἐπιδείκνυμι,V.AAI3S,G1925,Rahlfs,LXX
17,Esther,3,13,Esther 3:13,132,ἡμῖν,ἡμῖν,RP.DP,G2254,Rahlfs,LXX
17,Esther,3,13,Esther 3:13,133,ἐν,ἐν,P,G1722,Rahlfs,LXX
17,Esther,3,13,Esther 3:13,134,πάσαις,πᾶς,A.DPF,G3956,Rahlfs,LXX
17,Esther,3,13,Esther 3:13,135,ταῖς,ὁ,RA.DPF,G3588,Rahlfs,LXX
17,Esther,3,13,Esther 3:13,136,κατὰ,κατά,P,G2596,Rahlfs,LXX
17,Esther,3,13,Esther 3:13,137,τὴν,ὁ,RA.ASF,G3588,Rahlfs,LXX
17,Esther,3,13,Esther 3:13,138,οἰκουμένην,οἰκουμένη,V.PMPASF,G3625,Rahlfs,LXX
17,Esther,3,13,Esther 3:13,139,φυλαῖς,φυλή,N.DPF,G5443,Rahlfs,LXX
17,Esther,3,13,Esther 3:13,140,ἀναμεμεῖχθαι,ἀναμίγνυμι,V.XMN,,Rahlfs,LXX
17,Esther,3,13,Esther 3:13,141,δυσμενῆ,δυσμενής,A.ASM,,Rahlfs,LXX
17,Esther,3,13,Esther 3:13,142,λαόν,λαός,N.ASM,G2992,Rahlfs,LXX
17,Esther,3,13,Esther 3:13,143,τινα,τις,RI.ASM,G5100,Rahlfs,LXX
17,Esther,3,13,Esther 3:13,144,τοῖς,ὁ,RA.DPM,G3588,Rahlfs,LXX
17,Esther,3,13,Esther 3:13,145,νόμοις,νόμος,N.DPM,G3551,Rahlfs,LXX
17,Esther,3,13,Esther 3:13,146,ἀντίθετον,ἀντίθετος,A.ASM,,Rahlfs,LXX
17,Esther,3,13,Esther 3:13,147,πρὸς,πρός,P,G4314,Rahlfs,LXX
17,Esther,3,13,Esther 3:13,148,πᾶν,πᾶς,A.ASN,G3956,Rahlfs,LXX
17,Esther,3,13,Esther 3:13,149,ἔθνος,ἔθνος,N.ASN,G1484,Rahlfs,LXX
17,Esther,3,13,Esther 3:13,150,τά,ὁ,RA.APN,G3588,Rahlfs,LXX
17,Esther,3,13,Esther 3:13,151,τε,τε,X,G5037,Rahlfs,LXX
17,Esther,3,13,Esther 3:13,152,τῶν,ὁ,RA.GPM,G3588,Rahlfs,LXX
17,Esther,3,13,Esther 3:13,153,βασιλέων,βασιλεύς,N.GPM,G935,Rahlfs,LXX
17,Esther,3,13,Esther 3:13,154,παραπέμποντας,παραπέμπω,V.PAPAPM,,Rahlfs,LXX
17,Esther,3,13,Esther 3:13,155,διηνεκῶς,διηνεκῶς,D,,Rahlfs,LXX
17,Esther,3,13,Esther 3:13,156,διατάγματα,διάταγμα,N.APN,G1297,Rahlfs,LXX
17,Esther,3,13,Esther 3:13,157,πρὸς,πρός,P,G4314,Rahlfs,LXX
17,Esther,3,13,Esther 3:13,158,τὸ,ὁ,RA.ASN,G3588,Rahlfs,LXX
17,Esther,3,13,Esther 3:13,159,μὴ,μή,D,G3361,Rahlfs,LXX
17,Esther,3,13,Esther 3:13,160,κατατίθεσθαι,κατατίθημι,V.PMN,G2698,Rahlfs,LXX
17,Esther,3,13,Esther 3:13,161,τὴν,ὁ,RA.ASF,G3588,Rahlfs,LXX
17,Esther,3,13,Esther 3:13,162,ὑφ᾿,ὑπό,P,G5259,Rahlfs,LXX
17,Esther,3,13,Esther 3:13,163,ἡμῶν,ἡμῶν,RP.GP,G2257,Rahlfs,LXX
17,Esther,3,13,Esther 3:13,164,κατευθυνομένην,κατευθύνω,V.XMPASF,G2720,Rahlfs,LXX
17,Esther,3,13,Esther 3:13,165,ἀμέμπτως,ἀμέμπτως,D,G274,Rahlfs,LXX
17,Esther,3,13,Esther 3:13,166,συναρχίαν,συναρχία,N.ASF,,Rahlfs,LXX
17,Esther,3,13,Esther 3:13,167,διειληφότες,διαλαμβάνω,V.XAPNPM,,Rahlfs,LXX
17,Esther,3,13,Esther 3:13,168,οὖν,οὖν,X,G3767,Rahlfs,LXX
17,Esther,3,13,Esther 3:13,169,τόδε,ὅδε,RD.ASN,G3592,Rahlfs,LXX
17,Esther,3,13,Esther 3:13,170,τὸ,ὁ,RA.ASN,G3588,Rahlfs,LXX
17,Esther,3,13,Esther 3:13,171,ἔθνος,ἔθνος,N.ASN,G1484,Rahlfs,LXX
17,Esther,3,13,Esther 3:13,172,μονώτατον,μόνος,A.ASNS,G3441,Rahlfs,LXX
17,Esther,3,13,Esther 3:13,173,ἐν,ἐν,P,G1722,Rahlfs,LXX
17,Esther,3,13,Esther 3:13,174,ἀντιπαραγωγῇ,ἀντιπαραγωγή,N.DSF,,Rahlfs,LXX
17,Esther,3,13,Esther 3:13,175,παντὶ,πᾶς,A.DSM,G3956,Rahlfs,LXX
17,Esther,3,13,Esther 3:13,176,διὰ,διά,P,G1223,Rahlfs,LXX
17,Esther,3,13,Esther 3:13,177,παντὸς,πᾶς,A.GSM,G3956,Rahlfs,LXX
17,Esther,3,13,Esther 3:13,178,ἀνθρώπῳ,ἄνθρωπος,N.DSM,G444,Rahlfs,LXX
17,Esther,3,13,Esther 3:13,179,κείμενον,κεῖμαι,V.PMPASN,G2749,Rahlfs,LXX
17,Esther,3,13,Esther 3:13,180,διαγωγὴν,διαγωγή,N.ASF,,Rahlfs,LXX
17,Esther,3,13,Esther 3:13,181,νόμων,νόμος,N.GPM,G3551,Rahlfs,LXX
17,Esther,3,13,Esther 3:13,182,ξενίζουσαν,ξενίζω,V.PAPASF,G3579,Rahlfs,LXX
17,Esther,3,13,Esther 3:13,183,παραλλάσσον,παραλλάσσω,V.PAPASN,,Rahlfs,LXX
17,Esther,3,13,Esther 3:13,184,καὶ,καί,C,G2532,Rahlfs,LXX
17,Esther,3,13,Esther 3:13,185,δυσνοοῦν,δυσνοέω,V.PAPASN,,Rahlfs,LXX
17,Esther,3,13,Esther 3:13,186,τοῖς,ὁ,RA.DPN,G3588,Rahlfs,LXX
17,Esther,3,13,Esther 3:13,187,ἡμετέροις,ἡμέτερος,A.DPN,G2251,Rahlfs,LXX
17,Esther,3,13,Esther 3:13,188,πράγμασιν,πρᾶγμα,N.DPN,G4229,Rahlfs,LXX
17,Esther,3,13,Esther 3:13,189,τὰ,ὁ,RA.APN,G3588,Rahlfs,LXX
17,Esther,3,13,Esther 3:13,190,χείριστα,κακός,A.APNS,G2556,Rahlfs,LXX
17,Esther,3,13,Esther 3:13,191,συντελοῦν,συντελέω,V.PAPASN,G4931,Rahlfs,LXX
17,Esther,3,13,Esther 3:13,192,κακὰ,κακός,A.APN,G2556,Rahlfs,LXX
17,Esther,3,13,Esther 3:13,193,καὶ,καί,C,G2532,Rahlfs,LXX
17,Esther,3,13,Esther 3:13,194,πρὸς,πρός,P,G4314,Rahlfs,LXX
17,Esther,3,13,Esther 3:13,195,τὸ,ὁ,RA.ASN,G3588,Rahlfs,LXX
17,Esther,3,13,Esther 3:13,196,μὴ,μή,D,G3361,Rahlfs,LXX
17,Esther,3,13,Esther 3:13,197,τὴν,ὁ,RA.ASF,G3588,Rahlfs,LXX
17,Esther,3,13,Esther 3:13,198,βασιλείαν,βασιλεία,N.ASF,G932,Rahlfs,LXX
17,Esther,3,13,Esther 3:13,199,εὐσταθείας,εὐστάθεια,N.ASF,,Rahlfs,LXX
17,Esther,3,13,Esther 3:13,200,τυγχάνειν,τυγχάνω,V.PAN,G5177,Rahlfs,LXX
17,Esther,3,13,Esther 3:13,201,προστετάχαμεν,προστάσσω,V.XAI1P,G4367,Rahlfs,LXX
17,Esther,3,13,Esther 3:13,202,οὖν,οὖν,X,G3767,Rahlfs,LXX
17,Esther,3,13,Esther 3:13,203,τοὺς,ὁ,RA.APM,G3588,Rahlfs,LXX
17,Esther,3,13,Esther 3:13,204,σημαινομένους,σημαίνω,V.PMPAPM,G4591,Rahlfs,LXX
17,Esther,3,13,Esther 3:13,205,ὑμῖν,ὑμῖν,RP.DP,G5213,Rahlfs,LXX
17,Esther,3,13,Esther 3:13,206,ἐν,ἐν,P,G1722,Rahlfs,LXX
17,Esther,3,13,Esther 3:13,207,τοῖς,ὁ,RA.DPN,G3588,Rahlfs,LXX
17,Esther,3,13,Esther 3:13,208,γεγραμμένοις,γράφω,V.XMPDPN,G1125,Rahlfs,LXX
17,Esther,3,13,Esther 3:13,209,ὑπὸ,ὑπό,P,G5259,Rahlfs,LXX
17,Esther,3,13,Esther 3:13,210,Αμαν,Ἁμάν,N.GSM,,Rahlfs,LXX
17,Esther,3,13,Esther 3:13,211,τοῦ,ὁ,RA.GSM,G3588,Rahlfs,LXX
17,Esther,3,13,Esther 3:13,212,τεταγμένου,τάσσω,V.XMPGSM,G5021,Rahlfs,LXX
17,Esther,3,13,Esther 3:13,213,ἐπὶ,ἐπί,P,G1909,Rahlfs,LXX
17,Esther,3,13,Esther 3:13,214,τῶν,ὁ,RA.GPN,G3588,Rahlfs,LXX
17,Esther,3,13,Esther 3:13,215,πραγμάτων,πρᾶγμα,N.GPN,G4229,Rahlfs,LXX
17,Esther,3,13,Esther 3:13,216,καὶ,καί,C,G2532,Rahlfs,LXX
17,Esther,3,13,Esther 3:13,217,δευτέρου,δεύτερος,A.GSM,G1208,Rahlfs,LXX
17,Esther,3,13,Esther 3:13,218,πατρὸς,πατήρ,N.GSM,G3962,Rahlfs,LXX
17,Esther,3,13,Esther 3:13,219,ἡμῶν,ἡμῶν,RP.GP,G2257,Rahlfs,LXX
17,Esther,3,13,Esther 3:13,220,πάντας,πᾶς,A.APM,G3956,Rahlfs,LXX
17,Esther,3,13,Esther 3:13,221,σὺν,σύν,P,G4862,Rahlfs,LXX
17,Esther,3,13,Esther 3:13,222,γυναιξὶ,γυνή,N.DPF,G1135,Rahlfs,LXX
17,Esther,3,13,Esther 3:13,223,καὶ,καί,C,G2532,Rahlfs,LXX
17,Esther,3,13,Esther 3:13,224,τέκνοις,τέκνον,N.DPN,G5043,Rahlfs,LXX
17,Esther,3,13,Esther 3:13,225,ἀπολέσαι,ἀπόλλυμι,V.AAN,G622,Rahlfs,LXX
17,Esther,3,13,Esther 3:13,226,ὁλορριζεὶ,ὁλορριζί,D,,Rahlfs,LXX
17,Esther,3,13,Esther 3:13,227,ταῖς,ὁ,RA.DPF,G3588,Rahlfs,LXX
17,Esther,3,13,Esther 3:13,228,τῶν,ὁ,RA.GPM,G3588,Rahlfs,LXX
17,Esther,3,13,Esther 3:13,229,ἐχθρῶν,ἐχθρός,A.GPM,G2190,Rahlfs,LXX
17,Esther,3,13,Esther 3:13,230,μαχαίραις,μάχαιρα,N.DPF,G3162,Rahlfs,LXX
17,Esther,3,13,Esther 3:13,231,ἄνευ,ἄνευ,P,G427,Rahlfs,LXX
17,Esther,3,13,Esther 3:13,232,παντὸς,πᾶς,A.GSM,G3956,Rahlfs,LXX
17,Esther,3,13,Esther 3:13,233,οἴκτου,οἶκτος,N.GSM,,Rahlfs,LXX
17,Esther,3,13,Esther 3:13,234,καὶ,καί,C,G2532,Rahlfs,LXX
17,Esther,3,13,Esther 3:13,235,φειδοῦς,φειδώ,N.GSF,,Rahlfs,LXX
17,Esther,3,13,Esther 3:13,236,τῇ,ὁ,RA.DSF,G3588,Rahlfs,LXX
17,Esther,3,13,Esther 3:13,237,τεσσαρεσκαιδεκάτῃ,τεσσαρεσκαιδέκατος,A.DSF,G5065,Rahlfs,LXX
17,Esther,3,13,Esther 3:13,238,τοῦ,ὁ,RA.GSM,G3588,Rahlfs,LXX
17,Esther,3,13,Esther 3:13,239,δωδεκάτου,δωδέκατος,A.GSM,G1428,Rahlfs,LXX
17,Esther,3,13,Esther 3:13,240,μηνὸς,μήν,N.GSM,G3376,Rahlfs,LXX
17,Esther,3,13,Esther 3:13,241,Αδαρ,Αδαρ,N.GSM,,Rahlfs,LXX
17,Esther,3,13,Esther 3:13,242,τοῦ,ὁ,RA.GSN,G3588,Rahlfs,LXX
17,Esther,3,13,Esther 3:13,243,ἐνεστῶτος,ἐνίστημι,V.XAPGSN,G1764,Rahlfs,LXX
17,Esther,3,13,Esther 3:13,244,ἔτους,ἔτος,N.GSN,G2094,Rahlfs,LXX
17,Esther,3,13,Esther 3:13,245,ὅπως,ὅπως,C,G3704,Rahlfs,LXX
17,Esther,3,13,Esther 3:13,246,οἱ,ὁ,RA.NPM,G3588,Rahlfs,LXX
17,Esther,3,13,Esther 3:13,247,πάλαι,πάλαι,D,G3819,Rahlfs,LXX
17,Esther,3,13,Esther 3:13,248,καὶ,καί,C,G2532,Rahlfs,LXX
17,Esther,3,13,Esther 3:13,249,νῦν,νῦν,D,G3568,Rahlfs,LXX
17,Esther,3,13,Esther 3:13,250,δυσμενεῖς,δυσμενής,A.NPM,,Rahlfs,LXX
17,Esther,3,13,Esther 3:13,251,ἐν,ἐν,P,G1722,Rahlfs,LXX
17,Esther,3,13,Esther 3:13,252,ἡμέρᾳ,ἡμέρα,N.DSF,G2250,Rahlfs,LXX
17,Esther,3,13,Esther 3:13,253,μιᾷ,εἷς,A.DSF,G1520,Rahlfs,LXX
17,Esther,3,13,Esther 3:13,254,βιαίως,βιαίως,D,,Rahlfs,LXX
17,Esther,3,13,Esther 3:13,255,εἰς,εἰς,P,G1519,Rahlfs,LXX
17,Esther,3,13,Esther 3:13,256,τὸν,ὁ,RA.ASM,G3588,Rahlfs,LXX
17,Esther,3,13,Esther 3:13,257,ᾅδην,ᾅδης,N.ASM,G86,Rahlfs,LXX
17,Esther,3,13,Esther 3:13,258,κατελθόντες,κατέρχομαι,V.AAPNPM,G2718,Rahlfs,LXX
17,Esther,3,13,Esther 3:13,259,εἰς,εἰς,P,G1519,Rahlfs,LXX
17,Esther,3,13,Esther 3:13,260,τὸν,ὁ,RA.ASM,G3588,Rahlfs,LXX
17,Esther,3,13,Esther 3:13,261,μετέπειτα,μετέπειτα,D,G3347,Rahlfs,LXX
17,Esther,3,13,Esther 3:13,262,χρόνον,χρόνος,N.ASM,G5550,Rahlfs,LXX
17,Esther,3,13,Esther 3:13,263,εὐσταθῆ,εὐσταθής,A.APN,,Rahlfs,LXX
17,Esther,3,13,Esther 3:13,264,καὶ,καί,C,G2532,Rahlfs,LXX
17,Esther,3,13,Esther 3:13,265,ἀτάραχα,ἀτάραχος,A.APN,,Rahlfs,LXX
17,Esther,3,13,Esther 3:13,266,παρέχωσιν,παρέχω,V.PAS3P,G3930,Rahlfs,LXX
17,Esther,3,13,Esther 3:13,267,ἡμῖν,ἡμῖν,RP.DP,G2254,Rahlfs,LXX
17,Esther,3,13,Esther 3:13,268,διὰ,διά,P,G1223,Rahlfs,LXX
17,Esther,3,13,Esther 3:13,269,τέλους,τέλος,N.GSN,G5056,Rahlfs,LXX
17,Esther,3,13,Esther 3:13,270,τὰ,ὁ,RA.APN,G3588,Rahlfs,LXX
17,Esther,3,13,Esther 3:13,271,πράγματα,πρᾶγμα,N.APN,G4229,Rahlfs,LXX
17,Esther,3,14,Esther 3:14,1,τὰ,ὁ,RA.NPN,G3588,Rahlfs,LXX
17,Esther,3,14,Esther 3:14,2,δὲ,δέ,X,G1161,Rahlfs,LXX
17,Esther,3,14,Esther 3:14,3,ἀντίγραφα,ἀντίγραφον,N.NPN,,Rahlfs,LXX
17,Esther,3,14,Esther 3:14,4,τῶν,ὁ,RA.GPF,G3588,Rahlfs,LXX
17,Esther,3,14,Esther 3:14,5,ἐπιστολῶν,ἐπιστολή,N.GPF,G1992,Rahlfs,LXX
17,Esther,3,14,Esther 3:14,6,ἐξετίθετο,ἐκτίθημι,V.IMI3S,G1620,Rahlfs,LXX
17,Esther,3,14,Esther 3:14,7,κατὰ,κατά,P,G2596,Rahlfs,LXX
17,Esther,3,14,Esther 3:14,8,χώραν,χώρα,N.ASF,G5561,Rahlfs,LXX
17,Esther,3,14,Esther 3:14,9,καὶ,καί,C,G2532,Rahlfs,LXX
17,Esther,3,14,Esther 3:14,10,προσετάγη,προστάσσω,V.API3S,G4367,Rahlfs,LXX
17,Esther,3,14,Esther 3:14,11,πᾶσι,πᾶς,A.DPN,G3956,Rahlfs,LXX
17,Esther,3,14,Esther 3:14,12,τοῖς,ὁ,RA.DPN,G3588,Rahlfs,LXX
17,Esther,3,14,Esther 3:14,13,ἔθνεσιν,ἔθνος,N.DPN,G1484,Rahlfs,LXX
17,Esther,3,14,Esther 3:14,14,ἑτοίμους,ἑτοίμος,A.APM,G2092,Rahlfs,LXX
17,Esther,3,14,Esther 3:14,15,εἶναι,εἰμί,V.PAN,G1510,Rahlfs,LXX
17,Esther,3,14,Esther 3:14,16,εἰς,εἰς,P,G1519,Rahlfs,LXX
17,Esther,3,14,Esther 3:14,17,τὴν,ὁ,RA.ASF,G3588,Rahlfs,LXX
17,Esther,3,14,Esther 3:14,18,ἡμέραν,ἡμέρα,N.ASF,G2250,Rahlfs,LXX
17,Esther,3,14,Esther 3:14,19,ταύτην,οὗτος,RD.ASF,G3778,Rahlfs,LXX
17,Esther,3,15,Esther 3:15,1,ἐσπεύδετο,σπεύδω,V.IPI3S,G4692,Rahlfs,LXX
17,Esther,3,15,Esther 3:15,2,δὲ,δέ,X,G1161,Rahlfs,LXX
17,Esther,3,15,Esther 3:15,3,τὸ,ὁ,RA.NSN,G3588,Rahlfs,LXX
17,Esther,3,15,Esther 3:15,4,πρᾶγμα,πρᾶγμα,N.NSN,G4229,Rahlfs,LXX
17,Esther,3,15,Esther 3:15,5,καὶ,καί,D,G2532,Rahlfs,LXX
17,Esther,3,15,Esther 3:15,6,εἰς,εἰς,P,G1519,Rahlfs,LXX
17,Esther,3,15,Esther 3:15,7,Σουσαν,Σουσαν,N.AS,,Rahlfs,LXX
17,Esther,3,15,Esther 3:15,8,ὁ,ὁ,RA.NSM,G3588,Rahlfs,LXX
17,Esther,3,15,Esther 3:15,9,δὲ,δέ,X,G1161,Rahlfs,LXX
17,Esther,3,15,Esther 3:15,10,βασιλεὺς,βασιλεύς,N.NSM,G935,Rahlfs,LXX
17,Esther,3,15,Esther 3:15,11,καὶ,καί,C,G2532,Rahlfs,LXX
17,Esther,3,15,Esther 3:15,12,Αμαν,Ἁμάν,N.NSM,,Rahlfs,LXX
17,Esther,3,15,Esther 3:15,13,ἐκωθωνίζοντο,κωθωνίζω,V.IMI3P,,Rahlfs,LXX
17,Esther,3,15,Esther 3:15,14,ἐταράσσετο,ταράσσω,V.IMI3S,G5015,Rahlfs,LXX
17,Esther,3,15,Esther 3:15,15,δὲ,δέ,X,G1161,Rahlfs,LXX
17,Esther,3,15,Esther 3:15,16,ἡ,ὁ,RA.NSF,G3588,Rahlfs,LXX
17,Esther,3,15,Esther 3:15,17,πόλις,πόλις,N.NSF,G4172,Rahlfs,LXX
17,Esther,4,1,Esther 4:1,1,ὁ,ὁ,RA.NSM,G3588,Rahlfs,LXX
17,Esther,4,1,Esther 4:1,2,δὲ,δέ,X,G1161,Rahlfs,LXX
17,Esther,4,1,Esther 4:1,3,Μαρδοχαῖος,Μαρδοχαῖος,N.NSM,,Rahlfs,LXX
17,Esther,4,1,Esther 4:1,4,ἐπιγνοὺς,ἐπιγινώσκω,V.AAPNSM,G1921,Rahlfs,LXX
17,Esther,4,1,Esther 4:1,5,τὸ,ὁ,RA.ASN,G3588,Rahlfs,LXX
17,Esther,4,1,Esther 4:1,6,συντελούμενον,συντελέω,V.PMPASN,G4931,Rahlfs,LXX
17,Esther,4,1,Esther 4:1,7,διέρρηξεν,διαρρήγνυμι,V.AAI3S,,Rahlfs,LXX
17,Esther,4,1,Esther 4:1,8,τὰ,ὁ,RA.APN,G3588,Rahlfs,LXX
17,Esther,4,1,Esther 4:1,9,ἱμάτια,ἱμάτιον,N.APN,G2440,Rahlfs,LXX
17,Esther,4,1,Esther 4:1,10,αὐτοῦ,αὐτός,RD.GSM,G846,Rahlfs,LXX
17,Esther,4,1,Esther 4:1,11,καὶ,καί,C,G2532,Rahlfs,LXX
17,Esther,4,1,Esther 4:1,12,ἐνεδύσατο,ἐνδύω,V.AMI3S,G1746,Rahlfs,LXX
17,Esther,4,1,Esther 4:1,13,σάκκον,σάκκος,N.ASM,G4526,Rahlfs,LXX
17,Esther,4,1,Esther 4:1,14,καὶ,καί,C,G2532,Rahlfs,LXX
17,Esther,4,1,Esther 4:1,15,κατεπάσατο,καταπάσσω,V.AMI3S,,Rahlfs,LXX
17,Esther,4,1,Esther 4:1,16,σποδὸν,σποδός,N.ASM,G4700,Rahlfs,LXX
17,Esther,4,1,Esther 4:1,17,καὶ,καί,C,G2532,Rahlfs,LXX
17,Esther,4,1,Esther 4:1,18,ἐκπηδήσας,ἐκπηδάω,V.AAPNSM,,Rahlfs,LXX
17,Esther,4,1,Esther 4:1,19,διὰ,διά,P,G1223,Rahlfs,LXX
17,Esther,4,1,Esther 4:1,20,τῆς,ὁ,RA.GSF,G3588,Rahlfs,LXX
17,Esther,4,1,Esther 4:1,21,πλατείας,πλατύς,A.GSF,G4116,Rahlfs,LXX
17,Esther,4,1,Esther 4:1,22,τῆς,ὁ,RA.GSF,G3588,Rahlfs,LXX
17,Esther,4,1,Esther 4:1,23,πόλεως,πόλις,N.GSF,G4172,Rahlfs,LXX
17,Esther,4,1,Esther 4:1,24,ἐβόα,βοάω,V.IAI3S,G994,Rahlfs,LXX
17,Esther,4,1,Esther 4:1,25,φωνῇ,φωνή,N.DSF,G5456,Rahlfs,LXX
17,Esther,4,1,Esther 4:1,26,μεγάλῃ,μέγας,A.DSF,G3173,Rahlfs,LXX
17,Esther,4,1,Esther 4:1,27,αἴρεται,αἴρω,V.PMI3S,G142,Rahlfs,LXX
17,Esther,4,1,Esther 4:1,28,ἔθνος,ἔθνος,N.NSN,G1484,Rahlfs,LXX
17,Esther,4,1,Esther 4:1,29,μηδὲν,μηδείς,A.NSN,G3367,Rahlfs,LXX
17,Esther,4,1,Esther 4:1,30,ἠδικηκός,ἀδικέω,V.XAPNSN,G91,Rahlfs,LXX
17,Esther,4,2,Esther 4:2,1,καὶ,καί,C,G2532,Rahlfs,LXX
17,Esther,4,2,Esther 4:2,2,ἦλθεν,ἔρχομαι,V.AAI3S,G2064,Rahlfs,LXX
17,Esther,4,2,Esther 4:2,3,ἕως,ἕως,P,G2193,Rahlfs,LXX
17,Esther,4,2,Esther 4:2,4,τῆς,ὁ,RA.GSF,G3588,Rahlfs,LXX
17,Esther,4,2,Esther 4:2,5,πύλης,πύλη,N.GSF,G4439,Rahlfs,LXX
17,Esther,4,2,Esther 4:2,6,τοῦ,ὁ,RA.GSM,G3588,Rahlfs,LXX
17,Esther,4,2,Esther 4:2,7,βασιλέως,βασιλεύς,N.GSM,G935,Rahlfs,LXX
17,Esther,4,2,Esther 4:2,8,καὶ,καί,C,G2532,Rahlfs,LXX
17,Esther,4,2,Esther 4:2,9,ἔστη,ἵστημι,V.AAI3S,G2476,Rahlfs,LXX
17,Esther,4,2,Esther 4:2,10,οὐ,οὐ,D,G3756,Rahlfs,LXX
17,Esther,4,2,Esther 4:2,11,γὰρ,γάρ,X,G1063,Rahlfs,LXX
17,Esther,4,2,Esther 4:2,12,ἦν,εἰμί,V.IAI3S,G1510,Rahlfs,LXX
17,Esther,4,2,Esther 4:2,13,ἐξὸν,ἔξεστι,V.PAPNSN,G1832,Rahlfs,LXX
17,Esther,4,2,Esther 4:2,14,αὐτῷ,αὐτός,RD.DSM,G846,Rahlfs,LXX
17,Esther,4,2,Esther 4:2,15,εἰσελθεῖν,εἰσέρχομαι,V.AAN,G1525,Rahlfs,LXX
17,Esther,4,2,Esther 4:2,16,εἰς,εἰς,P,G1519,Rahlfs,LXX
17,Esther,4,2,Esther 4:2,17,τὴν,ὁ,RA.ASF,G3588,Rahlfs,LXX
17,Esther,4,2,Esther 4:2,18,αὐλὴν,αὐλή,N.ASF,G833,Rahlfs,LXX
17,Esther,4,2,Esther 4:2,19,σάκκον,σάκκος,N.ASM,G4526,Rahlfs,LXX
17,Esther,4,2,Esther 4:2,20,ἔχοντι,ἔχω,V.PAPDSM,G2192,Rahlfs,LXX
17,Esther,4,2,Esther 4:2,21,καὶ,καί,C,G2532,Rahlfs,LXX
17,Esther,4,2,Esther 4:2,22,σποδόν,σποδός,N.ASM,G4700,Rahlfs,LXX
17,Esther,4,3,Esther 4:3,1,καὶ,καί,C,G2532,Rahlfs,LXX
17,Esther,4,3,Esther 4:3,2,ἐν,ἐν,P,G1722,Rahlfs,LXX
17,Esther,4,3,Esther 4:3,3,πάσῃ,πᾶς,A.DSF,G3956,Rahlfs,LXX
17,Esther,4,3,Esther 4:3,4,χώρᾳ,χώρα,N.DSF,G5561,Rahlfs,LXX
17,Esther,4,3,Esther 4:3,5,οὗ,οὗ,D,G3757,Rahlfs,LXX
17,Esther,4,3,Esther 4:3,6,ἐξετίθετο,ἐκτίθημι,V.IPI3S,G1620,Rahlfs,LXX
17,Esther,4,3,Esther 4:3,7,τὰ,ὁ,RA.NPN,G3588,Rahlfs,LXX
17,Esther,4,3,Esther 4:3,8,γράμματα,γράμμα,N.NPN,G1121,Rahlfs,LXX
17,Esther,4,3,Esther 4:3,9,κραυγὴ,κραυγή,N.NSF,G2906,Rahlfs,LXX
17,Esther,4,3,Esther 4:3,10,καὶ,καί,C,G2532,Rahlfs,LXX
17,Esther,4,3,Esther 4:3,11,κοπετὸς,κοπετός,N.NSM,G2870,Rahlfs,LXX
17,Esther,4,3,Esther 4:3,12,καὶ,καί,C,G2532,Rahlfs,LXX
17,Esther,4,3,Esther 4:3,13,πένθος,πένθος,N.NSN,G3997,Rahlfs,LXX
17,Esther,4,3,Esther 4:3,14,μέγα,μέγας,A.NSN,G3173,Rahlfs,LXX
17,Esther,4,3,Esther 4:3,15,τοῖς,ὁ,RA.DPM,G3588,Rahlfs,LXX
17,Esther,4,3,Esther 4:3,16,Ιουδαίοις,Ἰουδαῖος,N.DPM,G2453,Rahlfs,LXX
17,Esther,4,3,Esther 4:3,17,σάκκον,σάκκος,N.ASM,G4526,Rahlfs,LXX
17,Esther,4,3,Esther 4:3,18,καὶ,καί,C,G2532,Rahlfs,LXX
17,Esther,4,3,Esther 4:3,19,σποδὸν,σποδός,N.ASM,G4700,Rahlfs,LXX
17,Esther,4,3,Esther 4:3,20,ἔστρωσαν,στρώννυμι,V.AAI3P,G4766,Rahlfs,LXX
17,Esther,4,3,Esther 4:3,21,ἑαυτοῖς,ἑαυτοῦ,RD.DPM,G1438,Rahlfs,LXX
17,Esther,4,4,Esther 4:4,1,καὶ,καί,C,G2532,Rahlfs,LXX
17,Esther,4,4,Esther 4:4,2,εἰσῆλθον,εἰσέρχομαι,V.AAI3P,G1525,Rahlfs,LXX
17,Esther,4,4,Esther 4:4,3,αἱ,ὁ,RA.NPF,G3588,Rahlfs,LXX
17,Esther,4,4,Esther 4:4,4,ἅβραι,ἅβρα,N.NPF,,Rahlfs,LXX
17,Esther,4,4,Esther 4:4,5,καὶ,καί,C,G2532,Rahlfs,LXX
17,Esther,4,4,Esther 4:4,6,οἱ,ὁ,RA.NPM,G3588,Rahlfs,LXX
17,Esther,4,4,Esther 4:4,7,εὐνοῦχοι,εὐνοῦχος,N.NPM,G2135,Rahlfs,LXX
17,Esther,4,4,Esther 4:4,8,τῆς,ὁ,RA.GSF,G3588,Rahlfs,LXX
17,Esther,4,4,Esther 4:4,9,βασιλίσσης,βασίλισσα,N.GSF,G938,Rahlfs,LXX
17,Esther,4,4,Esther 4:4,10,καὶ,καί,C,G2532,Rahlfs,LXX
17,Esther,4,4,Esther 4:4,11,ἀνήγγειλαν,ἀναγγέλλω,V.AAI3P,G312,Rahlfs,LXX
17,Esther,4,4,Esther 4:4,12,αὐτῇ,αὐτός,RD.DSF,G846,Rahlfs,LXX
17,Esther,4,4,Esther 4:4,13,καὶ,καί,C,G2532,Rahlfs,LXX
17,Esther,4,4,Esther 4:4,14,ἐταράχθη,ταράσσω,V.API3S,G5015,Rahlfs,LXX
17,Esther,4,4,Esther 4:4,15,ἀκούσασα,ἀκούω,V.AAPNSF,G191,Rahlfs,LXX
17,Esther,4,4,Esther 4:4,16,τὸ,ὁ,RA.ASN,G3588,Rahlfs,LXX
17,Esther,4,4,Esther 4:4,17,γεγονὸς,γίνομαι,V.XAPASN,G1096,Rahlfs,LXX
17,Esther,4,4,Esther 4:4,18,καὶ,καί,C,G2532,Rahlfs,LXX
17,Esther,4,4,Esther 4:4,19,ἀπέστειλεν,ἀποστέλλω,V.AAI3S,G649,Rahlfs,LXX
17,Esther,4,4,Esther 4:4,20,στολίσαι,στολίζω,V.AAN,,Rahlfs,LXX
17,Esther,4,4,Esther 4:4,21,τὸν,ὁ,RA.ASM,G3588,Rahlfs,LXX
17,Esther,4,4,Esther 4:4,22,Μαρδοχαῖον,Μαρδοχαῖος,N.ASM,,Rahlfs,LXX
17,Esther,4,4,Esther 4:4,23,καὶ,καί,C,G2532,Rahlfs,LXX
17,Esther,4,4,Esther 4:4,24,ἀφελέσθαι,ἀφαιρέω,V.AMN,G851,Rahlfs,LXX
17,Esther,4,4,Esther 4:4,25,αὐτοῦ,αὐτός,RD.GSM,G846,Rahlfs,LXX
17,Esther,4,4,Esther 4:4,26,τὸν,ὁ,RA.ASM,G3588,Rahlfs,LXX
17,Esther,4,4,Esther 4:4,27,σάκκον,σάκκος,N.ASM,G4526,Rahlfs,LXX
17,Esther,4,4,Esther 4:4,28,ὁ,ὁ,RA.NSM,G3588,Rahlfs,LXX
17,Esther,4,4,Esther 4:4,29,δὲ,δέ,X,G1161,Rahlfs,LXX
17,Esther,4,4,Esther 4:4,30,οὐκ,οὐ,D,G3756,Rahlfs,LXX
17,Esther,4,4,Esther 4:4,31,ἐπείσθη,πείθω,V.API3S,G3982,Rahlfs,LXX
17,Esther,4,5,Esther 4:5,1,ἡ,ὁ,RA.NSF,G3588,Rahlfs,LXX
17,Esther,4,5,Esther 4:5,2,δὲ,δέ,X,G1161,Rahlfs,LXX
17,Esther,4,5,Esther 4:5,3,Εσθηρ,Εσθηρ,N.NSF,,Rahlfs,LXX
17,Esther,4,5,Esther 4:5,4,προσεκαλέσατο,προσκαλέω,V.AMI3S,G4341,Rahlfs,LXX
17,Esther,4,5,Esther 4:5,5,Αχραθαῖον,Αχραθαῖος,N.ASM,,Rahlfs,LXX
17,Esther,4,5,Esther 4:5,6,τὸν,ὁ,RA.ASM,G3588,Rahlfs,LXX
17,Esther,4,5,Esther 4:5,7,εὐνοῦχον,εὐνοῦχος,N.ASM,G2135,Rahlfs,LXX
17,Esther,4,5,Esther 4:5,8,αὐτῆς,αὐτός,RD.GSF,G846,Rahlfs,LXX
17,Esther,4,5,Esther 4:5,9,ὃς,ὅς,RR.NSM,G3739,Rahlfs,LXX
17,Esther,4,5,Esther 4:5,10,παρειστήκει,παρίστημι,V.XAI3S,G3936,Rahlfs,LXX
17,Esther,4,5,Esther 4:5,11,αὐτῇ,αὐτός,RD.DSF,G846,Rahlfs,LXX
17,Esther,4,5,Esther 4:5,12,καὶ,καί,C,G2532,Rahlfs,LXX
17,Esther,4,5,Esther 4:5,13,ἀπέστειλεν,ἀποστέλλω,V.AAI3S,G649,Rahlfs,LXX
17,Esther,4,5,Esther 4:5,14,μαθεῖν,μανθάνω,V.AAN,G3129,Rahlfs,LXX
17,Esther,4,5,Esther 4:5,15,αὐτῇ,αὐτός,RD.DSF,G846,Rahlfs,LXX
17,Esther,4,5,Esther 4:5,16,παρὰ,παρά,P,G3844,Rahlfs,LXX
17,Esther,4,5,Esther 4:5,17,τοῦ,ὁ,RA.GSM,G3588,Rahlfs,LXX
17,Esther,4,5,Esther 4:5,18,Μαρδοχαίου,Μαρδοχαῖος,N.GSM,,Rahlfs,LXX
17,Esther,4,5,Esther 4:5,19,τὸ,ὁ,RA.ASN,G3588,Rahlfs,LXX
17,Esther,4,5,Esther 4:5,20,ἀκριβές,ἀκριβής,A.ASN,,Rahlfs,LXX
17,Esther,4,7,Esther 4:7,1,ὁ,ὁ,RA.NSM,G3588,Rahlfs,LXX
17,Esther,4,7,Esther 4:7,2,δὲ,δέ,X,G1161,Rahlfs,LXX
17,Esther,4,7,Esther 4:7,3,Μαρδοχαῖος,Μαρδοχαῖος,N.NSM,,Rahlfs,LXX
17,Esther,4,7,Esther 4:7,4,ὑπέδειξεν,ὑποδείκνυμι,V.AAI3S,G5263,Rahlfs,LXX
17,Esther,4,7,Esther 4:7,5,αὐτῷ,αὐτός,RD.DSM,G846,Rahlfs,LXX
17,Esther,4,7,Esther 4:7,6,τὸ,ὁ,RA.ASN,G3588,Rahlfs,LXX
17,Esther,4,7,Esther 4:7,7,γεγονὸς,γίνομαι,V.XAPASN,G1096,Rahlfs,LXX
17,Esther,4,7,Esther 4:7,8,καὶ,καί,C,G2532,Rahlfs,LXX
17,Esther,4,7,Esther 4:7,9,τὴν,ὁ,RA.ASF,G3588,Rahlfs,LXX
17,Esther,4,7,Esther 4:7,10,ἐπαγγελίαν,ἐπαγγελία,N.ASF,G1860,Rahlfs,LXX
17,Esther,4,7,Esther 4:7,11,ἣν,ὅς,RR.ASF,G3739,Rahlfs,LXX
17,Esther,4,7,Esther 4:7,12,ἐπηγγείλατο,ἐπαγγέλλω,V.AMI3S,G1861,Rahlfs,LXX
17,Esther,4,7,Esther 4:7,13,Αμαν,Ἁμάν,N.NSM,,Rahlfs,LXX
17,Esther,4,7,Esther 4:7,14,τῷ,ὁ,RA.DSM,G3588,Rahlfs,LXX
17,Esther,4,7,Esther 4:7,15,βασιλεῖ,βασιλεύς,N.DSM,G935,Rahlfs,LXX
17,Esther,4,7,Esther 4:7,16,εἰς,εἰς,P,G1519,Rahlfs,LXX
17,Esther,4,7,Esther 4:7,17,τὴν,ὁ,RA.ASF,G3588,Rahlfs,LXX
17,Esther,4,7,Esther 4:7,18,γάζαν,γάζα,N.ASF,G1047,Rahlfs,LXX
17,Esther,4,7,Esther 4:7,19,ταλάντων,τάλαντον,N.GPN,G5007,Rahlfs,LXX
17,Esther,4,7,Esther 4:7,20,μυρίων,μύριοι,A.GPN,G3463,Rahlfs,LXX
17,Esther,4,7,Esther 4:7,21,ἵνα,ἵνα,C,G2443,Rahlfs,LXX
17,Esther,4,7,Esther 4:7,22,ἀπολέσῃ,ἀπόλλυμι,V.AAS3S,G622,Rahlfs,LXX
17,Esther,4,7,Esther 4:7,23,τοὺς,ὁ,RA.APM,G3588,Rahlfs,LXX
17,Esther,4,7,Esther 4:7,24,Ιουδαίους,Ἰουδαῖος,N.APM,G2453,Rahlfs,LXX
17,Esther,4,8,Esther 4:8,1,καὶ,καί,C,G2532,Rahlfs,LXX
17,Esther,4,8,Esther 4:8,2,τὸ,ὁ,RA.ASN,G3588,Rahlfs,LXX
17,Esther,4,8,Esther 4:8,3,ἀντίγραφον,ἀντίγραφον,N.ASN,,Rahlfs,LXX
17,Esther,4,8,Esther 4:8,4,τὸ,ὁ,RA.ASN,G3588,Rahlfs,LXX
17,Esther,4,8,Esther 4:8,5,ἐν,ἐν,P,G1722,Rahlfs,LXX
17,Esther,4,8,Esther 4:8,6,Σούσοις,Σουσά,N.DPN,,Rahlfs,LXX
17,Esther,4,8,Esther 4:8,7,ἐκτεθὲν,ἐκτίθημι,V.APPASN,G1620,Rahlfs,LXX
17,Esther,4,8,Esther 4:8,8,ὑπὲρ,ὑπέρ,P,G5228,Rahlfs,LXX
17,Esther,4,8,Esther 4:8,9,τοῦ,ὁ,RA.GSN,G3588,Rahlfs,LXX
17,Esther,4,8,Esther 4:8,10,ἀπολέσθαι,ἀπόλλυμι,V.AMN,G622,Rahlfs,LXX
17,Esther,4,8,Esther 4:8,11,αὐτοὺς,αὐτός,RD.APM,G846,Rahlfs,LXX
17,Esther,4,8,Esther 4:8,12,ἔδωκεν,δίδωμι,V.AAI3S,G1325,Rahlfs,LXX
17,Esther,4,8,Esther 4:8,13,αὐτῷ,αὐτός,RD.DSM,G846,Rahlfs,LXX
17,Esther,4,8,Esther 4:8,14,δεῖξαι,δεικνύω,V.AAN,G1166,Rahlfs,LXX
17,Esther,4,8,Esther 4:8,15,τῇ,ὁ,RA.DSF,G3588,Rahlfs,LXX
17,Esther,4,8,Esther 4:8,16,Εσθηρ,Εσθηρ,N.DSF,,Rahlfs,LXX
17,Esther,4,8,Esther 4:8,17,καὶ,καί,C,G2532,Rahlfs,LXX
17,Esther,4,8,Esther 4:8,18,εἶπεν,ἔπω,V.AAI3S,G2036,Rahlfs,LXX
17,Esther,4,8,Esther 4:8,19,αὐτῷ,αὐτός,RD.DSM,G846,Rahlfs,LXX
17,Esther,4,8,Esther 4:8,20,ἐντείλασθαι,ἐντέλλομαι,V.AMN,G1781,Rahlfs,LXX
17,Esther,4,8,Esther 4:8,21,αὐτῇ,αὐτός,RD.DSF,G846,Rahlfs,LXX
17,Esther,4,8,Esther 4:8,22,εἰσελθούσῃ,εἰσέρχομαι,V.AAPDSF,G1525,Rahlfs,LXX
17,Esther,4,8,Esther 4:8,23,παραιτήσασθαι,παραιτέομαι,V.AMN,G3868,Rahlfs,LXX
17,Esther,4,8,Esther 4:8,24,τὸν,ὁ,RA.ASM,G3588,Rahlfs,LXX
17,Esther,4,8,Esther 4:8,25,βασιλέα,βασιλεύς,N.ASM,G935,Rahlfs,LXX
17,Esther,4,8,Esther 4:8,26,καὶ,καί,C,G2532,Rahlfs,LXX
17,Esther,4,8,Esther 4:8,27,ἀξιῶσαι,ἀξιόω,V.AAN,G515,Rahlfs,LXX
17,Esther,4,8,Esther 4:8,28,αὐτὸν,αὐτός,RD.ASM,G846,Rahlfs,LXX
17,Esther,4,8,Esther 4:8,29,περὶ,περί,P,G4012,Rahlfs,LXX
17,Esther,4,8,Esther 4:8,30,τοῦ,ὁ,RA.GSM,G3588,Rahlfs,LXX
17,Esther,4,8,Esther 4:8,31,λαοῦ,λαός,N.GSM,G2992,Rahlfs,LXX
17,Esther,4,8,Esther 4:8,32,μνησθεῖσα,μιμνήσκω,V.APPNSF,G3403,Rahlfs,LXX
17,Esther,4,8,Esther 4:8,33,ἡμερῶν,ἡμέρα,N.GPF,G2250,Rahlfs,LXX
17,Esther,4,8,Esther 4:8,34,ταπεινώσεώς,ταπείνωσις,N.GSF,G5014,Rahlfs,LXX
17,Esther,4,8,Esther 4:8,35,σου,σοῦ,RP.GS,G4675,Rahlfs,LXX
17,Esther,4,8,Esther 4:8,36,ὡς,ὥς,C,G5613,Rahlfs,LXX
17,Esther,4,8,Esther 4:8,37,ἐτράφης,τρέφω,V.API2S,G5142,Rahlfs,LXX
17,Esther,4,8,Esther 4:8,38,ἐν,ἐν,P,G1722,Rahlfs,LXX
17,Esther,4,8,Esther 4:8,39,χειρί,χείρ,N.DSF,G5495,Rahlfs,LXX
17,Esther,4,8,Esther 4:8,40,μου,μου,RP.GS,G3450,Rahlfs,LXX
17,Esther,4,8,Esther 4:8,41,διότι,διότι,C,G1360,Rahlfs,LXX
17,Esther,4,8,Esther 4:8,42,Αμαν,Ἁμάν,N.NSM,,Rahlfs,LXX
17,Esther,4,8,Esther 4:8,43,ὁ,ὁ,RA.NSM,G3588,Rahlfs,LXX
17,Esther,4,8,Esther 4:8,44,δευτερεύων,δευτερεύω,V.PAPNSM,,Rahlfs,LXX
17,Esther,4,8,Esther 4:8,45,τῷ,ὁ,RA.DSM,G3588,Rahlfs,LXX
17,Esther,4,8,Esther 4:8,46,βασιλεῖ,βασιλεύς,N.DSM,G935,Rahlfs,LXX
17,Esther,4,8,Esther 4:8,47,ἐλάλησεν,λαλέω,V.AAI3S,G2980,Rahlfs,LXX
17,Esther,4,8,Esther 4:8,48,καθ᾿,κατά,P,G2596,Rahlfs,LXX
17,Esther,4,8,Esther 4:8,49,ἡμῶν,ἡμῶν,RP.GP,G2257,Rahlfs,LXX
17,Esther,4,8,Esther 4:8,50,εἰς,εἰς,P,G1519,Rahlfs,LXX
17,Esther,4,8,Esther 4:8,51,θάνατον,θάνατος,N.ASM,G2288,Rahlfs,LXX
17,Esther,4,8,Esther 4:8,52,ἐπικάλεσαι,ἐπικαλέω,V.AMD2S,G1941,Rahlfs,LXX
17,Esther,4,8,Esther 4:8,53,τὸν,ὁ,RA.ASM,G3588,Rahlfs,LXX
17,Esther,4,8,Esther 4:8,54,κύριον,κύριος,N.ASM,G2962,Rahlfs,LXX
17,Esther,4,8,Esther 4:8,55,καὶ,καί,C,G2532,Rahlfs,LXX
17,Esther,4,8,Esther 4:8,56,λάλησον,λαλέω,V.AAD2S,G2980,Rahlfs,LXX
17,Esther,4,8,Esther 4:8,57,τῷ,ὁ,RA.DSM,G3588,Rahlfs,LXX
17,Esther,4,8,Esther 4:8,58,βασιλεῖ,βασιλεύς,N.DSM,G935,Rahlfs,LXX
17,Esther,4,8,Esther 4:8,59,περὶ,περί,P,G4012,Rahlfs,LXX
17,Esther,4,8,Esther 4:8,60,ἡμῶν,ἡμῶν,RP.GP,G2257,Rahlfs,LXX
17,Esther,4,8,Esther 4:8,61,καὶ,καί,C,G2532,Rahlfs,LXX
17,Esther,4,8,Esther 4:8,62,ῥῦσαι,ῥύομαι,V.AMD2S,G4506,Rahlfs,LXX
17,Esther,4,8,Esther 4:8,63,ἡμᾶς,ἡμᾶς,RP.AP,G2248,Rahlfs,LXX
17,Esther,4,8,Esther 4:8,64,ἐκ,ἐκ,P,G1537,Rahlfs,LXX
17,Esther,4,8,Esther 4:8,65,θανάτου,θάνατος,N.GSM,G2288,Rahlfs,LXX
17,Esther,4,9,Esther 4:9,1,εἰσελθὼν,εἰσέρχομαι,V.AAPNSM,G1525,Rahlfs,LXX
17,Esther,4,9,Esther 4:9,2,δὲ,δέ,X,G1161,Rahlfs,LXX
17,Esther,4,9,Esther 4:9,3,ὁ,ὁ,RA.NSM,G3588,Rahlfs,LXX
17,Esther,4,9,Esther 4:9,4,Αχραθαῖος,Αχραθαῖος,N.NSM,,Rahlfs,LXX
17,Esther,4,9,Esther 4:9,5,ἐλάλησεν,λαλέω,V.AAI3S,G2980,Rahlfs,LXX
17,Esther,4,9,Esther 4:9,6,αὐτῇ,αὐτός,RD.DSF,G846,Rahlfs,LXX
17,Esther,4,9,Esther 4:9,7,πάντας,πᾶς,A.APM,G3956,Rahlfs,LXX
17,Esther,4,9,Esther 4:9,8,τοὺς,ὁ,RA.APM,G3588,Rahlfs,LXX
17,Esther,4,9,Esther 4:9,9,λόγους,λόγος,N.APM,G3056,Rahlfs,LXX
17,Esther,4,9,Esther 4:9,10,τούτους,οὗτος,RD.APM,G3778,Rahlfs,LXX
17,Esther,4,10,Esther 4:10,1,εἶπεν,ἔπω,V.AAI3S,G2036,Rahlfs,LXX
17,Esther,4,10,Esther 4:10,2,δὲ,δέ,X,G1161,Rahlfs,LXX
17,Esther,4,10,Esther 4:10,3,Εσθηρ,Εσθηρ,N.NSF,,Rahlfs,LXX
17,Esther,4,10,Esther 4:10,4,πρὸς,πρός,P,G4314,Rahlfs,LXX
17,Esther,4,10,Esther 4:10,5,Αχραθαῖον,Αχραθαῖος,N.ASM,,Rahlfs,LXX
17,Esther,4,10,Esther 4:10,6,πορεύθητι,πορεύομαι,V.APD2S,G4198,Rahlfs,LXX
17,Esther,4,10,Esther 4:10,7,πρὸς,πρός,P,G4314,Rahlfs,LXX
17,Esther,4,10,Esther 4:10,8,Μαρδοχαῖον,Μαρδοχαῖος,N.ASM,,Rahlfs,LXX
17,Esther,4,10,Esther 4:10,9,καὶ,καί,C,G2532,Rahlfs,LXX
17,Esther,4,10,Esther 4:10,10,εἰπὸν,ἔπω,V.AAD2S,G2036,Rahlfs,LXX
17,Esther,4,10,Esther 4:10,11,ὅτι,ὅτι,C,G3754,Rahlfs,LXX
17,Esther,4,11,Esther 4:11,1,τὰ,ὁ,RA.NPN,G3588,Rahlfs,LXX
17,Esther,4,11,Esther 4:11,2,ἔθνη,ἔθνος,N.NPN,G1484,Rahlfs,LXX
17,Esther,4,11,Esther 4:11,3,πάντα,πᾶς,A.NPN,G3956,Rahlfs,LXX
17,Esther,4,11,Esther 4:11,4,τῆς,ὁ,RA.GSF,G3588,Rahlfs,LXX
17,Esther,4,11,Esther 4:11,5,βασιλείας,βασιλεία,N.GSF,G932,Rahlfs,LXX
17,Esther,4,11,Esther 4:11,6,γινώσκει,γινώσκω,V.PAI3S,G1097,Rahlfs,LXX
17,Esther,4,11,Esther 4:11,7,ὅτι,ὅτι,C,G3754,Rahlfs,LXX
17,Esther,4,11,Esther 4:11,8,πᾶς,πᾶς,A.NSM,G3956,Rahlfs,LXX
17,Esther,4,11,Esther 4:11,9,ἄνθρωπος,ἄνθρωπος,N.NSM,G444,Rahlfs,LXX
17,Esther,4,11,Esther 4:11,10,ἢ,ἤ,C,G2228,Rahlfs,LXX
17,Esther,4,11,Esther 4:11,11,γυνή,γυνή,N.NSF,G1135,Rahlfs,LXX
17,Esther,4,11,Esther 4:11,12,ὃς,ὅς,RR.NSM,G3739,Rahlfs,LXX
17,Esther,4,11,Esther 4:11,13,εἰσελεύσεται,εἰσέρχομαι,V.FMI3S,G1525,Rahlfs,LXX
17,Esther,4,11,Esther 4:11,14,πρὸς,πρός,P,G4314,Rahlfs,LXX
17,Esther,4,11,Esther 4:11,15,τὸν,ὁ,RA.ASM,G3588,Rahlfs,LXX
17,Esther,4,11,Esther 4:11,16,βασιλέα,βασιλεύς,N.ASM,G935,Rahlfs,LXX
17,Esther,4,11,Esther 4:11,17,εἰς,εἰς,P,G1519,Rahlfs,LXX
17,Esther,4,11,Esther 4:11,18,τὴν,ὁ,RA.ASF,G3588,Rahlfs,LXX
17,Esther,4,11,Esther 4:11,19,αὐλὴν,αὐλή,N.ASF,G833,Rahlfs,LXX
17,Esther,4,11,Esther 4:11,20,τὴν,ὁ,RA.ASF,G3588,Rahlfs,LXX
17,Esther,4,11,Esther 4:11,21,ἐσωτέραν,ἐσώτερος,A.ASFC,G2082,Rahlfs,LXX
17,Esther,4,11,Esther 4:11,22,ἄκλητος,ἄκλητος,A.NSF,,Rahlfs,LXX
17,Esther,4,11,Esther 4:11,23,οὐκ,οὐ,D,G3756,Rahlfs,LXX
17,Esther,4,11,Esther 4:11,24,ἔστιν,εἰμί,V.PAI3S,G1510,Rahlfs,LXX
17,Esther,4,11,Esther 4:11,25,αὐτῷ,αὐτός,RD.DSM,G846,Rahlfs,LXX
17,Esther,4,11,Esther 4:11,26,σωτηρία,σωτηρία,N.NSF,G4991,Rahlfs,LXX
17,Esther,4,11,Esther 4:11,27,πλὴν,πλήν,D,G4133,Rahlfs,LXX
17,Esther,4,11,Esther 4:11,28,ᾧ,ὅς,RR.DSM,G3739,Rahlfs,LXX
17,Esther,4,11,Esther 4:11,29,ἐκτείνει,ἐκτείνω,V.PAI3S,G1614,Rahlfs,LXX
17,Esther,4,11,Esther 4:11,30,ὁ,ὁ,RA.NSM,G3588,Rahlfs,LXX
17,Esther,4,11,Esther 4:11,31,βασιλεὺς,βασιλεύς,N.NSM,G935,Rahlfs,LXX
17,Esther,4,11,Esther 4:11,32,τὴν,ὁ,RA.ASF,G3588,Rahlfs,LXX
17,Esther,4,11,Esther 4:11,33,χρυσῆν,χρύσεος,A.ASF,G5552,Rahlfs,LXX
17,Esther,4,11,Esther 4:11,34,ῥάβδον,ῥάβδος,N.ASF,G4464,Rahlfs,LXX
17,Esther,4,11,Esther 4:11,35,οὗτος,οὗτος,RD.NSM,G3778,Rahlfs,LXX
17,Esther,4,11,Esther 4:11,36,σωθήσεται,σώζω,V.FPI3S,G4982,Rahlfs,LXX
17,Esther,4,11,Esther 4:11,37,κἀγὼ,κἀγώ,C+RP.NS,G2504,Rahlfs,LXX
17,Esther,4,11,Esther 4:11,38,οὐ,οὐ,D,G3756,Rahlfs,LXX
17,Esther,4,11,Esther 4:11,39,κέκλημαι,καλέω,V.XMI1S,G2564,Rahlfs,LXX
17,Esther,4,11,Esther 4:11,40,εἰσελθεῖν,εἰσέρχομαι,V.AAN,G1525,Rahlfs,LXX
17,Esther,4,11,Esther 4:11,41,πρὸς,πρός,P,G4314,Rahlfs,LXX
17,Esther,4,11,Esther 4:11,42,τὸν,ὁ,RA.ASM,G3588,Rahlfs,LXX
17,Esther,4,11,Esther 4:11,43,βασιλέα,βασιλεύς,N.ASM,G935,Rahlfs,LXX
17,Esther,4,11,Esther 4:11,44,εἰσὶν,εἰμί,V.PAI3P,G1510,Rahlfs,LXX
17,Esther,4,11,Esther 4:11,45,αὗται,οὗτος,RD.NPF,G3778,Rahlfs,LXX
17,Esther,4,11,Esther 4:11,46,ἡμέραι,ἡμέρα,N.NPF,G2250,Rahlfs,LXX
17,Esther,4,11,Esther 4:11,47,τριάκοντα,τριάκοντα,M,G5144,Rahlfs,LXX
17,Esther,4,12,Esther 4:12,1,καὶ,καί,C,G2532,Rahlfs,LXX
17,Esther,4,12,Esther 4:12,2,ἀπήγγειλεν,ἀπαγγέλλω,V.AAI3S,G518,Rahlfs,LXX
17,Esther,4,12,Esther 4:12,3,Αχραθαῖος,Αχραθαῖος,N.NSM,,Rahlfs,LXX
17,Esther,4,12,Esther 4:12,4,Μαρδοχαίῳ,Μαρδοχαῖος,N.DSM,,Rahlfs,LXX
17,Esther,4,12,Esther 4:12,5,πάντας,πᾶς,A.APM,G3956,Rahlfs,LXX
17,Esther,4,12,Esther 4:12,6,τοὺς,ὁ,RA.APM,G3588,Rahlfs,LXX
17,Esther,4,12,Esther 4:12,7,λόγους,λόγος,N.APM,G3056,Rahlfs,LXX
17,Esther,4,12,Esther 4:12,8,Εσθηρ,Εσθηρ,N.GSF,,Rahlfs,LXX
17,Esther,4,13,Esther 4:13,1,καὶ,καί,C,G2532,Rahlfs,LXX
17,Esther,4,13,Esther 4:13,2,εἶπεν,ἔπω,V.AAI3S,G2036,Rahlfs,LXX
17,Esther,4,13,Esther 4:13,3,Μαρδοχαῖος,Μαρδοχαῖος,N.NSM,,Rahlfs,LXX
17,Esther,4,13,Esther 4:13,4,πρὸς,πρός,P,G4314,Rahlfs,LXX
17,Esther,4,13,Esther 4:13,5,Αχραθαῖον,Αχραθαῖος,N.ASM,,Rahlfs,LXX
17,Esther,4,13,Esther 4:13,6,πορεύθητι,πορεύομαι,V.APD2S,G4198,Rahlfs,LXX
17,Esther,4,13,Esther 4:13,7,καὶ,καί,C,G2532,Rahlfs,LXX
17,Esther,4,13,Esther 4:13,8,εἰπὸν,ἔπω,V.AAD2S,G2036,Rahlfs,LXX
17,Esther,4,13,Esther 4:13,9,αὐτῇ,αὐτός,RD.DSF,G846,Rahlfs,LXX
17,Esther,4,13,Esther 4:13,10,Εσθηρ,Εσθηρ,N.VSF,,Rahlfs,LXX
17,Esther,4,13,Esther 4:13,11,μὴ,μή,D,G3361,Rahlfs,LXX
17,Esther,4,13,Esther 4:13,12,εἴπῃς,λέγω,V.AAS2S,G3004,Rahlfs,LXX
17,Esther,4,13,Esther 4:13,13,σεαυτῇ,σεαυτοῦ,RD.DSF,G4572,Rahlfs,LXX
17,Esther,4,13,Esther 4:13,14,ὅτι,ὅτι,C,G3754,Rahlfs,LXX
17,Esther,4,13,Esther 4:13,15,σωθήσῃ,σώζω,V.FPI2S,G4982,Rahlfs,LXX
17,Esther,4,13,Esther 4:13,16,μόνη,μόνος,A.NSF,G3441,Rahlfs,LXX
17,Esther,4,13,Esther 4:13,17,ἐν,ἐν,P,G1722,Rahlfs,LXX
17,Esther,4,13,Esther 4:13,18,τῇ,ὁ,RA.DSF,G3588,Rahlfs,LXX
17,Esther,4,13,Esther 4:13,19,βασιλείᾳ,βασιλεία,N.DSF,G932,Rahlfs,LXX
17,Esther,4,13,Esther 4:13,20,παρὰ,παρά,P,G3844,Rahlfs,LXX
17,Esther,4,13,Esther 4:13,21,πάντας,πᾶς,A.APM,G3956,Rahlfs,LXX
17,Esther,4,13,Esther 4:13,22,τοὺς,ὁ,RA.APM,G3588,Rahlfs,LXX
17,Esther,4,13,Esther 4:13,23,Ιουδαίους,Ἰουδαῖος,N.APM,G2453,Rahlfs,LXX
17,Esther,4,14,Esther 4:14,1,ὡς,ὥς,C,G5613,Rahlfs,LXX
17,Esther,4,14,Esther 4:14,2,ὅτι,ὅτι,C,G3754,Rahlfs,LXX
17,Esther,4,14,Esther 4:14,3,ἐὰν,ἐάν,C,G1437,Rahlfs,LXX
17,Esther,4,14,Esther 4:14,4,παρακούσῃς,παρακούω,V.AAS2S,G3878,Rahlfs,LXX
17,Esther,4,14,Esther 4:14,5,ἐν,ἐν,P,G1722,Rahlfs,LXX
17,Esther,4,14,Esther 4:14,6,τούτῳ,οὗτος,RD.DSM,G3778,Rahlfs,LXX
17,Esther,4,14,Esther 4:14,7,τῷ,ὁ,RA.DSM,G3588,Rahlfs,LXX
17,Esther,4,14,Esther 4:14,8,καιρῷ,καιρός,N.DSM,G2540,Rahlfs,LXX
17,Esther,4,14,Esther 4:14,9,ἄλλοθεν,ἄλλοθεν,D,,Rahlfs,LXX
17,Esther,4,14,Esther 4:14,10,βοήθεια,βοήθεια,N.NSF,G996,Rahlfs,LXX
17,Esther,4,14,Esther 4:14,11,καὶ,καί,C,G2532,Rahlfs,LXX
17,Esther,4,14,Esther 4:14,12,σκέπη,σκέπη,N.NSF,,Rahlfs,LXX
17,Esther,4,14,Esther 4:14,13,ἔσται,εἰμί,V.FMI3S,G1510,Rahlfs,LXX
17,Esther,4,14,Esther 4:14,14,τοῖς,ὁ,RA.DPM,G3588,Rahlfs,LXX
17,Esther,4,14,Esther 4:14,15,Ιουδαίοις,Ἰουδαῖος,N.DPM,G2453,Rahlfs,LXX
17,Esther,4,14,Esther 4:14,16,σὺ,σύ,RP.NS,G4771,Rahlfs,LXX
17,Esther,4,14,Esther 4:14,17,δὲ,δέ,X,G1161,Rahlfs,LXX
17,Esther,4,14,Esther 4:14,18,καὶ,καί,C,G2532,Rahlfs,LXX
17,Esther,4,14,Esther 4:14,19,ὁ,ὁ,RA.NSM,G3588,Rahlfs,LXX
17,Esther,4,14,Esther 4:14,20,οἶκος,οἶκος,N.NSM,G3624,Rahlfs,LXX
17,Esther,4,14,Esther 4:14,21,τοῦ,ὁ,RA.GSM,G3588,Rahlfs,LXX
17,Esther,4,14,Esther 4:14,22,πατρός,πατήρ,N.GSM,G3962,Rahlfs,LXX
17,Esther,4,14,Esther 4:14,23,σου,σοῦ,RP.GS,G4675,Rahlfs,LXX
17,Esther,4,14,Esther 4:14,24,ἀπολεῖσθε,ἀπόλλυμι,V.FPI2P,G622,Rahlfs,LXX
17,Esther,4,14,Esther 4:14,25,καὶ,καί,D,G2532,Rahlfs,LXX
17,Esther,4,14,Esther 4:14,26,τίς,τίς,RI.NSM,G5101,Rahlfs,LXX
17,Esther,4,14,Esther 4:14,27,οἶδεν,οἶδα,V.XAI3S,,Rahlfs,LXX
17,Esther,4,14,Esther 4:14,28,εἰ,εἰ,C,G1487,Rahlfs,LXX
17,Esther,4,14,Esther 4:14,29,εἰς,εἰς,P,G1519,Rahlfs,LXX
17,Esther,4,14,Esther 4:14,30,τὸν,ὁ,RA.ASM,G3588,Rahlfs,LXX
17,Esther,4,14,Esther 4:14,31,καιρὸν,καιρός,N.ASM,G2540,Rahlfs,LXX
17,Esther,4,14,Esther 4:14,32,τοῦτον,οὗτος,RD.ASM,G3778,Rahlfs,LXX
17,Esther,4,14,Esther 4:14,33,ἐβασίλευσας,βασιλεύω,V.AAI2S,G936,Rahlfs,LXX
17,Esther,4,15,Esther 4:15,1,καὶ,καί,C,G2532,Rahlfs,LXX
17,Esther,4,15,Esther 4:15,2,ἐξαπέστειλεν,ἐξαποστέλλω,V.AAI3S,G1821,Rahlfs,LXX
17,Esther,4,15,Esther 4:15,3,Εσθηρ,Εσθηρ,N.NSF,,Rahlfs,LXX
17,Esther,4,15,Esther 4:15,4,τὸν,ὁ,RA.ASM,G3588,Rahlfs,LXX
17,Esther,4,15,Esther 4:15,5,ἥκοντα,ἥκω,V.PAPASM,G2240,Rahlfs,LXX
17,Esther,4,15,Esther 4:15,6,πρὸς,πρός,P,G4314,Rahlfs,LXX
17,Esther,4,15,Esther 4:15,7,αὐτὴν,αὐτός,RD.ASF,G846,Rahlfs,LXX
17,Esther,4,15,Esther 4:15,8,πρὸς,πρός,P,G4314,Rahlfs,LXX
17,Esther,4,15,Esther 4:15,9,Μαρδοχαῖον,Μαρδοχαῖος,N.ASM,,Rahlfs,LXX
17,Esther,4,15,Esther 4:15,10,λέγουσα,λέγω,V.PAPNSF,G3004,Rahlfs,LXX
17,Esther,4,16,Esther 4:16,1,βαδίσας,βαδίζω,V.AAPNSM,,Rahlfs,LXX
17,Esther,4,16,Esther 4:16,2,ἐκκλησίασον,ἐκκλησιάζω,V.AAD2S,,Rahlfs,LXX
17,Esther,4,16,Esther 4:16,3,τοὺς,ὁ,RA.APM,G3588,Rahlfs,LXX
17,Esther,4,16,Esther 4:16,4,Ιουδαίους,Ἰουδαῖος,N.APM,G2453,Rahlfs,LXX
17,Esther,4,16,Esther 4:16,5,τοὺς,ὁ,RA.APM,G3588,Rahlfs,LXX
17,Esther,4,16,Esther 4:16,6,ἐν,ἐν,P,G1722,Rahlfs,LXX
17,Esther,4,16,Esther 4:16,7,Σούσοις,Σουσά,N.DPN,,Rahlfs,LXX
17,Esther,4,16,Esther 4:16,8,καὶ,καί,C,G2532,Rahlfs,LXX
17,Esther,4,16,Esther 4:16,9,νηστεύσατε,νηστεύω,V.AAD2P,G3522,Rahlfs,LXX
17,Esther,4,16,Esther 4:16,10,ἐπ᾿,ἐπί,P,G1909,Rahlfs,LXX
17,Esther,4,16,Esther 4:16,11,ἐμοὶ,ἐμοί,RP.DS,G1698,Rahlfs,LXX
17,Esther,4,16,Esther 4:16,12,καὶ,καί,C,G2532,Rahlfs,LXX
17,Esther,4,16,Esther 4:16,13,μὴ,μή,D,G3361,Rahlfs,LXX
17,Esther,4,16,Esther 4:16,14,φάγητε,φάγω,V.AAS2P,G5315,Rahlfs,LXX
17,Esther,4,16,Esther 4:16,15,μηδὲ,μηδέ,C,G3366,Rahlfs,LXX
17,Esther,4,16,Esther 4:16,16,πίητε,πίνω,V.AAS2P,G4095,Rahlfs,LXX
17,Esther,4,16,Esther 4:16,17,ἐπὶ,ἐπί,P,G1909,Rahlfs,LXX
17,Esther,4,16,Esther 4:16,18,ἡμέρας,ἡμέρα,N.APF,G2250,Rahlfs,LXX
17,Esther,4,16,Esther 4:16,19,τρεῖς,τρεῖς,M.APF,G5140,Rahlfs,LXX
17,Esther,4,16,Esther 4:16,20,νύκτα,νύξ,N.ASF,G3571,Rahlfs,LXX
17,Esther,4,16,Esther 4:16,21,καὶ,καί,C,G2532,Rahlfs,LXX
17,Esther,4,16,Esther 4:16,22,ἡμέραν,ἡμέρα,N.ASF,G2250,Rahlfs,LXX
17,Esther,4,16,Esther 4:16,23,κἀγὼ,κἀγώ,C+RP.NS,G2504,Rahlfs,LXX
17,Esther,4,16,Esther 4:16,24,δὲ,δέ,X,G1161,Rahlfs,LXX
17,Esther,4,16,Esther 4:16,25,καὶ,καί,C,G2532,Rahlfs,LXX
17,Esther,4,16,Esther 4:16,26,αἱ,ὁ,RA.NPF,G3588,Rahlfs,LXX
17,Esther,4,16,Esther 4:16,27,ἅβραι,ἅβρα,N.NPF,,Rahlfs,LXX
17,Esther,4,16,Esther 4:16,28,μου,μου,RP.GS,G3450,Rahlfs,LXX
17,Esther,4,16,Esther 4:16,29,ἀσιτήσομεν,ἀσιτέω,V.FAI1P,,Rahlfs,LXX
17,Esther,4,16,Esther 4:16,30,καὶ,καί,C,G2532,Rahlfs,LXX
17,Esther,4,16,Esther 4:16,31,τότε,τότε,D,G5119,Rahlfs,LXX
17,Esther,4,16,Esther 4:16,32,εἰσελεύσομαι,εἰσέρχομαι,V.FMI1S,G1525,Rahlfs,LXX
17,Esther,4,16,Esther 4:16,33,πρὸς,πρός,P,G4314,Rahlfs,LXX
17,Esther,4,16,Esther 4:16,34,τὸν,ὁ,RA.ASM,G3588,Rahlfs,LXX
17,Esther,4,16,Esther 4:16,35,βασιλέα,βασιλεύς,N.ASM,G935,Rahlfs,LXX
17,Esther,4,16,Esther 4:16,36,παρὰ,παρά,P,G3844,Rahlfs,LXX
17,Esther,4,16,Esther 4:16,37,τὸν,ὁ,RA.ASM,G3588,Rahlfs,LXX
17,Esther,4,16,Esther 4:16,38,νόμον,νόμος,N.ASM,G3551,Rahlfs,LXX
17,Esther,4,16,Esther 4:16,39,ἐὰν,ἐάν,C,G1437,Rahlfs,LXX
17,Esther,4,16,Esther 4:16,40,καὶ,καί,D,G2532,Rahlfs,LXX
17,Esther,4,16,Esther 4:16,41,ἀπολέσθαι,ἀπόλλυμι,V.AMN,G622,Rahlfs,LXX
17,Esther,4,16,Esther 4:16,42,με,μέ,RP.AS,G3165,Rahlfs,LXX
17,Esther,4,16,Esther 4:16,43,ᾖ,εἰμί,V.PAS3S,G1510,Rahlfs,LXX
17,Esther,4,17,Esther 4:17,1,καὶ,καί,C,G2532,Rahlfs,LXX
17,Esther,4,17,Esther 4:17,2,βαδίσας,βαδίζω,V.AAPNSM,,Rahlfs,LXX
17,Esther,4,17,Esther 4:17,3,Μαρδοχαῖος,Μαρδοχαῖος,N.NSM,,Rahlfs,LXX
17,Esther,4,17,Esther 4:17,4,ἐποίησεν,ποιέω,V.AAI3S,G4160,Rahlfs,LXX
17,Esther,4,17,Esther 4:17,5,ὅσα,ὅσος,A.APN,G3745,Rahlfs,LXX
17,Esther,4,17,Esther 4:17,6,ἐνετείλατο,ἐντέλλομαι,V.AMI3S,G1781,Rahlfs,LXX
17,Esther,4,17,Esther 4:17,7,αὐτῷ,αὐτός,RD.DSM,G846,Rahlfs,LXX
17,Esther,4,17,Esther 4:17,8,Εσθηρ,Εσθηρ,N.NSF,,Rahlfs,LXX
17,Esther,4,17,Esther 4:17,9,καὶ,καί,C,G2532,Rahlfs,LXX
17,Esther,4,17,Esther 4:17,10,ἐδεήθη,δέω,V.API3S,G1210,Rahlfs,LXX
17,Esther,4,17,Esther 4:17,11,κυρίου,κύριος,N.GSM,G2962,Rahlfs,LXX
17,Esther,4,17,Esther 4:17,12,μνημονεύων,μνημονεύω,V.PAPNSM,G3421,Rahlfs,LXX
17,Esther,4,17,Esther 4:17,13,πάντα,πᾶς,A.APN,G3956,Rahlfs,LXX
17,Esther,4,17,Esther 4:17,14,τὰ,ὁ,RA.APN,G3588,Rahlfs,LXX
17,Esther,4,17,Esther 4:17,15,ἔργα,ἔργον,N.APN,G2041,Rahlfs,LXX
17,Esther,4,17,Esther 4:17,16,κυρίου,κύριος,N.GSM,G2962,Rahlfs,LXX
17,Esther,4,17,Esther 4:17,17,καὶ,καί,C,G2532,Rahlfs,LXX
17,Esther,4,17,Esther 4:17,18,εἶπεν,ἔπω,V.AAI3S,G2036,Rahlfs,LXX
17,Esther,4,17,Esther 4:17,19,κύριε,κύριος,N.VSM,G2962,Rahlfs,LXX
17,Esther,4,17,Esther 4:17,20,κύριε,κύριος,N.VSM,G2962,Rahlfs,LXX
17,Esther,4,17,Esther 4:17,21,βασιλεῦ,βασιλεύς,N.VSM,G935,Rahlfs,LXX
17,Esther,4,17,Esther 4:17,22,πάντων,πᾶς,A.GPN,G3956,Rahlfs,LXX
17,Esther,4,17,Esther 4:17,23,κρατῶν,κρατέω,V.PAPNSM,G2902,Rahlfs,LXX
17,Esther,4,17,Esther 4:17,24,ὅτι,ὅτι,C,G3754,Rahlfs,LXX
17,Esther,4,17,Esther 4:17,25,ἐν,ἐν,P,G1722,Rahlfs,LXX
17,Esther,4,17,Esther 4:17,26,ἐξουσίᾳ,ἐξουσία,N.DSF,G1849,Rahlfs,LXX
17,Esther,4,17,Esther 4:17,27,σου,σοῦ,RP.GS,G4675,Rahlfs,LXX
17,Esther,4,17,Esther 4:17,28,τὸ,ὁ,RA.NSN,G3588,Rahlfs,LXX
17,Esther,4,17,Esther 4:17,29,πᾶν,πᾶς,A.NSN,G3956,Rahlfs,LXX
17,Esther,4,17,Esther 4:17,30,ἐστιν,εἰμί,V.PAI3S,G1510,Rahlfs,LXX
17,Esther,4,17,Esther 4:17,31,καὶ,καί,C,G2532,Rahlfs,LXX
17,Esther,4,17,Esther 4:17,32,οὐκ,οὐ,D,G3756,Rahlfs,LXX
17,Esther,4,17,Esther 4:17,33,ἔστιν,εἰμί,V.PAI3S,G1510,Rahlfs,LXX
17,Esther,4,17,Esther 4:17,34,ὁ,ὁ,RA.NSM,G3588,Rahlfs,LXX
17,Esther,4,17,Esther 4:17,35,ἀντιδοξῶν,ἀντιδοκέω,V.FAPNSM,,Rahlfs,LXX
17,Esther,4,17,Esther 4:17,36,σοι,σοί,RP.DS,G4671,Rahlfs,LXX
17,Esther,4,17,Esther 4:17,37,ἐν,ἐν,P,G1722,Rahlfs,LXX
17,Esther,4,17,Esther 4:17,38,τῷ,ὁ,RA.DSN,G3588,Rahlfs,LXX
17,Esther,4,17,Esther 4:17,39,θέλειν,θέλω,V.PAN,G2309,Rahlfs,LXX
17,Esther,4,17,Esther 4:17,40,σε,σέ,RP.AS,G4571,Rahlfs,LXX
17,Esther,4,17,Esther 4:17,41,σῶσαι,σώζω,V.AAN,G4982,Rahlfs,LXX
17,Esther,4,17,Esther 4:17,42,τὸν,ὁ,RA.ASM,G3588,Rahlfs,LXX
17,Esther,4,17,Esther 4:17,43,Ισραηλ,Ἰσραήλ,N.ASM,G2474,Rahlfs,LXX
17,Esther,4,17,Esther 4:17,44,ὅτι,ὅτι,C,G3754,Rahlfs,LXX
17,Esther,4,17,Esther 4:17,45,σὺ,σύ,RP.NS,G4771,Rahlfs,LXX
17,Esther,4,17,Esther 4:17,46,ἐποίησας,ποιέω,V.AAI2S,G4160,Rahlfs,LXX
17,Esther,4,17,Esther 4:17,47,τὸν,ὁ,RA.ASM,G3588,Rahlfs,LXX
17,Esther,4,17,Esther 4:17,48,οὐρανὸν,οὐρανός,N.ASM,G3772,Rahlfs,LXX
17,Esther,4,17,Esther 4:17,49,καὶ,καί,C,G2532,Rahlfs,LXX
17,Esther,4,17,Esther 4:17,50,τὴν,ὁ,RA.ASF,G3588,Rahlfs,LXX
17,Esther,4,17,Esther 4:17,51,γῆν,γῆ,N.ASF,G1093,Rahlfs,LXX
17,Esther,4,17,Esther 4:17,52,καὶ,καί,C,G2532,Rahlfs,LXX
17,Esther,4,17,Esther 4:17,53,πᾶν,πᾶς,A.ASN,G3956,Rahlfs,LXX
17,Esther,4,17,Esther 4:17,54,θαυμαζόμενον,θαυμάζω,V.PMPASN,G2296,Rahlfs,LXX
17,Esther,4,17,Esther 4:17,55,ἐν,ἐν,P,G1722,Rahlfs,LXX
17,Esther,4,17,Esther 4:17,56,τῇ,ὁ,RA.DSF,G3588,Rahlfs,LXX
17,Esther,4,17,Esther 4:17,57,ὑπ᾿,ὑπό,P,G5259,Rahlfs,LXX
17,Esther,4,17,Esther 4:17,58,οὐρανὸν,οὐρανός,N.ASM,G3772,Rahlfs,LXX
17,Esther,4,17,Esther 4:17,59,καὶ,καί,C,G2532,Rahlfs,LXX
17,Esther,4,17,Esther 4:17,60,κύριος,κύριος,N.NSM,G2962,Rahlfs,LXX
17,Esther,4,17,Esther 4:17,61,εἶ,εἰμί,V.PAI2S,G1510,Rahlfs,LXX
17,Esther,4,17,Esther 4:17,62,πάντων,πᾶς,A.GPM,G3956,Rahlfs,LXX
17,Esther,4,17,Esther 4:17,63,καὶ,καί,C,G2532,Rahlfs,LXX
17,Esther,4,17,Esther 4:17,64,οὐκ,οὐ,D,G3756,Rahlfs,LXX
17,Esther,4,17,Esther 4:17,65,ἔστιν,εἰμί,V.PAI3S,G1510,Rahlfs,LXX
17,Esther,4,17,Esther 4:17,66,ὃς,ὅς,RR.NSM,G3739,Rahlfs,LXX
17,Esther,4,17,Esther 4:17,67,ἀντιτάξεταί,ἀντιτάσσω,V.FMI3S,G498,Rahlfs,LXX
17,Esther,4,17,Esther 4:17,68,σοι,σοί,RP.DS,G4671,Rahlfs,LXX
17,Esther,4,17,Esther 4:17,69,τῷ,ὁ,RA.DSM,G3588,Rahlfs,LXX
17,Esther,4,17,Esther 4:17,70,κυρίῳ,κύριος,N.DSM,G2962,Rahlfs,LXX
17,Esther,4,17,Esther 4:17,71,σὺ,σύ,RP.NS,G4771,Rahlfs,LXX
17,Esther,4,17,Esther 4:17,72,πάντα,πᾶς,A.APN,G3956,Rahlfs,LXX
17,Esther,4,17,Esther 4:17,73,γινώσκεις,γινώσκω,V.PAI2S,G1097,Rahlfs,LXX
17,Esther,4,17,Esther 4:17,74,σὺ,σύ,RP.NS,G4771,Rahlfs,LXX
17,Esther,4,17,Esther 4:17,75,οἶδας,οἶδα,V.XAI2S,,Rahlfs,LXX
17,Esther,4,17,Esther 4:17,76,κύριε,κύριος,N.VSM,G2962,Rahlfs,LXX
17,Esther,4,17,Esther 4:17,77,ὅτι,ὅτι,C,G3754,Rahlfs,LXX
17,Esther,4,17,Esther 4:17,78,οὐκ,οὐ,D,G3756,Rahlfs,LXX
17,Esther,4,17,Esther 4:17,79,ἐν,ἐν,P,G1722,Rahlfs,LXX
17,Esther,4,17,Esther 4:17,80,ὕβρει,ὕβρις,N.DSF,G5196,Rahlfs,LXX
17,Esther,4,17,Esther 4:17,81,οὐδὲ,οὐδέ,C,G3761,Rahlfs,LXX
17,Esther,4,17,Esther 4:17,82,ἐν,ἐν,P,G1722,Rahlfs,LXX
17,Esther,4,17,Esther 4:17,83,ὑπερηφανίᾳ,ὑπερηφανία,N.DSF,G5243,Rahlfs,LXX
17,Esther,4,17,Esther 4:17,84,οὐδὲ,οὐδέ,C,G3761,Rahlfs,LXX
17,Esther,4,17,Esther 4:17,85,ἐν,ἐν,P,G1722,Rahlfs,LXX
17,Esther,4,17,Esther 4:17,86,φιλοδοξίᾳ,φιλοδοξία,N.DSF,,Rahlfs,LXX
17,Esther,4,17,Esther 4:17,87,ἐποίησα,ποιέω,V.AAI1S,G4160,Rahlfs,LXX
17,Esther,4,17,Esther 4:17,88,τοῦτο,οὗτος,RD.ASN,G3778,Rahlfs,LXX
17,Esther,4,17,Esther 4:17,89,τὸ,ὁ,RA.ASN,G3588,Rahlfs,LXX
17,Esther,4,17,Esther 4:17,90,μὴ,μή,D,G3361,Rahlfs,LXX
17,Esther,4,17,Esther 4:17,91,προσκυνεῖν,προσκυνέω,V.PAN,G4352,Rahlfs,LXX
17,Esther,4,17,Esther 4:17,92,τὸν,ὁ,RA.ASM,G3588,Rahlfs,LXX
17,Esther,4,17,Esther 4:17,93,ὑπερήφανον,ὑπερήφανος,N.ASM,G5244,Rahlfs,LXX
17,Esther,4,17,Esther 4:17,94,Αμαν,Ἁμάν,N.GSM,,Rahlfs,LXX
17,Esther,4,17,Esther 4:17,95,ὅτι,ὅτι,C,G3754,Rahlfs,LXX
17,Esther,4,17,Esther 4:17,96,ηὐδόκουν,εὐδοκέω,V.IAI1S,G2106,Rahlfs,LXX
17,Esther,4,17,Esther 4:17,97,φιλεῖν,φιλέω,V.PAN,G5368,Rahlfs,LXX
17,Esther,4,17,Esther 4:17,98,πέλματα,πέλμα,N.APN,,Rahlfs,LXX
17,Esther,4,17,Esther 4:17,99,ποδῶν,πούς,N.GPM,G4228,Rahlfs,LXX
17,Esther,4,17,Esther 4:17,100,αὐτοῦ,αὐτός,RD.GSM,G846,Rahlfs,LXX
17,Esther,4,17,Esther 4:17,101,πρὸς,πρός,P,G4314,Rahlfs,LXX
17,Esther,4,17,Esther 4:17,102,σωτηρίαν,σωτηρία,N.ASF,G4991,Rahlfs,LXX
17,Esther,4,17,Esther 4:17,103,Ισραηλ,Ἰσραήλ,N.GSM,G2474,Rahlfs,LXX
17,Esther,4,17,Esther 4:17,104,ἀλλὰ,ἀλλά,C,G235,Rahlfs,LXX
17,Esther,4,17,Esther 4:17,105,ἐποίησα,ποιέω,V.AAI1S,G4160,Rahlfs,LXX
17,Esther,4,17,Esther 4:17,106,τοῦτο,οὗτος,RD.ASN,G3778,Rahlfs,LXX
17,Esther,4,17,Esther 4:17,107,ἵνα,ἵνα,C,G2443,Rahlfs,LXX
17,Esther,4,17,Esther 4:17,108,μὴ,μή,D,G3361,Rahlfs,LXX
17,Esther,4,17,Esther 4:17,109,θῶ,τίθημι,V.AAS1S,G5087,Rahlfs,LXX
17,Esther,4,17,Esther 4:17,110,δόξαν,δόξα,N.ASF,G1391,Rahlfs,LXX
17,Esther,4,17,Esther 4:17,111,ἀνθρώπου,ἄνθρωπος,N.GSM,G444,Rahlfs,LXX
17,Esther,4,17,Esther 4:17,112,ὑπεράνω,ὑπεράνω,P,G5231,Rahlfs,LXX
17,Esther,4,17,Esther 4:17,113,δόξης,δόξα,N.GSF,G1391,Rahlfs,LXX
17,Esther,4,17,Esther 4:17,114,θεοῦ,θεός,N.GSM,G2316,Rahlfs,LXX
17,Esther,4,17,Esther 4:17,115,καὶ,καί,C,G2532,Rahlfs,LXX
17,Esther,4,17,Esther 4:17,116,οὐ,οὐ,D,G3756,Rahlfs,LXX
17,Esther,4,17,Esther 4:17,117,προσκυνήσω,προσκυνέω,V.FAI1S,G4352,Rahlfs,LXX
17,Esther,4,17,Esther 4:17,118,οὐδένα,οὐδείς,A.ASM,G3762,Rahlfs,LXX
17,Esther,4,17,Esther 4:17,119,πλὴν,πλήν,P,G4133,Rahlfs,LXX
17,Esther,4,17,Esther 4:17,120,σοῦ,σοῦ,RP.GS,G4675,Rahlfs,LXX
17,Esther,4,17,Esther 4:17,121,τοῦ,ὁ,RA.GSM,G3588,Rahlfs,LXX
17,Esther,4,17,Esther 4:17,122,κυρίου,κύριος,N.GSM,G2962,Rahlfs,LXX
17,Esther,4,17,Esther 4:17,123,μου,μου,RP.GS,G3450,Rahlfs,LXX
17,Esther,4,17,Esther 4:17,124,καὶ,καί,C,G2532,Rahlfs,LXX
17,Esther,4,17,Esther 4:17,125,οὐ,οὐ,D,G3756,Rahlfs,LXX
17,Esther,4,17,Esther 4:17,126,ποιήσω,ποιέω,V.FAI1S,G4160,Rahlfs,LXX
17,Esther,4,17,Esther 4:17,127,αὐτὰ,αὐτός,RD.APN,G846,Rahlfs,LXX
17,Esther,4,17,Esther 4:17,128,ἐν,ἐν,P,G1722,Rahlfs,LXX
17,Esther,4,17,Esther 4:17,129,ὑπερηφανίᾳ,ὑπερηφανία,N.DSF,G5243,Rahlfs,LXX
17,Esther,4,17,Esther 4:17,130,καὶ,καί,C,G2532,Rahlfs,LXX
17,Esther,4,17,Esther 4:17,131,νῦν,νῦν,D,G3568,Rahlfs,LXX
17,Esther,4,17,Esther 4:17,132,κύριε,κύριος,N.VSM,G2962,Rahlfs,LXX
17,Esther,4,17,Esther 4:17,133,ὁ,ὁ,RA.NSM,G3588,Rahlfs,LXX
17,Esther,4,17,Esther 4:17,134,θεὸς,θεός,N.NSM,G2316,Rahlfs,LXX
17,Esther,4,17,Esther 4:17,135,ὁ,ὁ,RA.NSM,G3588,Rahlfs,LXX
17,Esther,4,17,Esther 4:17,136,βασιλεὺς,βασιλεύς,N.NSM,G935,Rahlfs,LXX
17,Esther,4,17,Esther 4:17,137,ὁ,ὁ,RA.NSM,G3588,Rahlfs,LXX
17,Esther,4,17,Esther 4:17,138,θεὸς,θεός,N.NSM,G2316,Rahlfs,LXX
17,Esther,4,17,Esther 4:17,139,Αβρααμ,Ἀβραάμ,N.GSM,G11,Rahlfs,LXX
17,Esther,4,17,Esther 4:17,140,φεῖσαι,φείδομαι,V.AMD2S,G5339,Rahlfs,LXX
17,Esther,4,17,Esther 4:17,141,τοῦ,ὁ,RA.GSM,G3588,Rahlfs,LXX
17,Esther,4,17,Esther 4:17,142,λαοῦ,λαός,N.GSM,G2992,Rahlfs,LXX
17,Esther,4,17,Esther 4:17,143,σου,σοῦ,RP.GS,G4675,Rahlfs,LXX
17,Esther,4,17,Esther 4:17,144,ὅτι,ὅτι,C,G3754,Rahlfs,LXX
17,Esther,4,17,Esther 4:17,145,ἐπιβλέπουσιν,ἐπιβλέπω,V.PAI3P,G1914,Rahlfs,LXX
17,Esther,4,17,Esther 4:17,146,ἡμῖν,ἡμῖν,RP.DP,G2254,Rahlfs,LXX
17,Esther,4,17,Esther 4:17,147,εἰς,εἰς,P,G1519,Rahlfs,LXX
17,Esther,4,17,Esther 4:17,148,καταφθορὰν,καταφθορά,N.ASF,,Rahlfs,LXX
17,Esther,4,17,Esther 4:17,149,καὶ,καί,C,G2532,Rahlfs,LXX
17,Esther,4,17,Esther 4:17,150,ἐπεθύμησαν,ἐπιθυμέω,V.AAI3P,G1937,Rahlfs,LXX
17,Esther,4,17,Esther 4:17,151,ἀπολέσαι,ἀπόλλυμι,V.AAN,G622,Rahlfs,LXX
17,Esther,4,17,Esther 4:17,152,τὴν,ὁ,RA.ASF,G3588,Rahlfs,LXX
17,Esther,4,17,Esther 4:17,153,ἐξ,ἐκ,P,G1537,Rahlfs,LXX
17,Esther,4,17,Esther 4:17,154,ἀρχῆς,ἀρχή,N.GSF,G746,Rahlfs,LXX
17,Esther,4,17,Esther 4:17,155,κληρονομίαν,κληρονομία,N.ASF,G2817,Rahlfs,LXX
17,Esther,4,17,Esther 4:17,156,σου,σοῦ,RP.GS,G4675,Rahlfs,LXX
17,Esther,4,17,Esther 4:17,157,μὴ,μή,D,G3361,Rahlfs,LXX
17,Esther,4,17,Esther 4:17,158,ὑπερίδῃς,ὑπεροράω,V.AAS2S,,Rahlfs,LXX
17,Esther,4,17,Esther 4:17,159,τὴν,ὁ,RA.ASF,G3588,Rahlfs,LXX
17,Esther,4,17,Esther 4:17,160,μερίδα,μερίς,N.ASF,G3310,Rahlfs,LXX
17,Esther,4,17,Esther 4:17,161,σου,σοῦ,RP.GS,G4675,Rahlfs,LXX
17,Esther,4,17,Esther 4:17,162,ἣν,ὅς,RR.ASF,G3739,Rahlfs,LXX
17,Esther,4,17,Esther 4:17,163,σεαυτῷ,σεαυτοῦ,RD.DSM,G4572,Rahlfs,LXX
17,Esther,4,17,Esther 4:17,164,ἐλυτρώσω,λυτρόω,V.AMI2S,G3084,Rahlfs,LXX
17,Esther,4,17,Esther 4:17,165,ἐκ,ἐκ,P,G1537,Rahlfs,LXX
17,Esther,4,17,Esther 4:17,166,γῆς,γῆ,N.GSF,G1093,Rahlfs,LXX
17,Esther,4,17,Esther 4:17,167,Αἰγύπτου,Αἴγυπτος,N.GSF,G125,Rahlfs,LXX
17,Esther,4,17,Esther 4:17,168,ἐπάκουσον,ἐπακούω,V.AAD2S,G1873,Rahlfs,LXX
17,Esther,4,17,Esther 4:17,169,τῆς,ὁ,RA.GSF,G3588,Rahlfs,LXX
17,Esther,4,17,Esther 4:17,170,δεήσεώς,δέησις,N.GSF,G1162,Rahlfs,LXX
17,Esther,4,17,Esther 4:17,171,μου,μου,RP.GS,G3450,Rahlfs,LXX
17,Esther,4,17,Esther 4:17,172,καὶ,καί,C,G2532,Rahlfs,LXX
17,Esther,4,17,Esther 4:17,173,ἱλάσθητι,ἱλάσκομαι,V.APD2S,G2433,Rahlfs,LXX
17,Esther,4,17,Esther 4:17,174,τῷ,ὁ,RA.DSM,G3588,Rahlfs,LXX
17,Esther,4,17,Esther 4:17,175,κλήρῳ,κλῆρος,N.DSM,G2819,Rahlfs,LXX
17,Esther,4,17,Esther 4:17,176,σου,σοῦ,RP.GS,G4675,Rahlfs,LXX
17,Esther,4,17,Esther 4:17,177,καὶ,καί,C,G2532,Rahlfs,LXX
17,Esther,4,17,Esther 4:17,178,στρέψον,στρέφω,V.AAD2S,G4762,Rahlfs,LXX
17,Esther,4,17,Esther 4:17,179,τὸ,ὁ,RA.ASN,G3588,Rahlfs,LXX
17,Esther,4,17,Esther 4:17,180,πένθος,πένθος,N.ASN,G3997,Rahlfs,LXX
17,Esther,4,17,Esther 4:17,181,ἡμῶν,ἡμῶν,RP.GP,G2257,Rahlfs,LXX
17,Esther,4,17,Esther 4:17,182,εἰς,εἰς,P,G1519,Rahlfs,LXX
17,Esther,4,17,Esther 4:17,183,εὐωχίαν,εὐωχία,N.ASF,,Rahlfs,LXX
17,Esther,4,17,Esther 4:17,184,ἵνα,ἵνα,C,G2443,Rahlfs,LXX
17,Esther,4,17,Esther 4:17,185,ζῶντες,ζάω,V.PAPNPM,G2198,Rahlfs,LXX
17,Esther,4,17,Esther 4:17,186,ὑμνῶμέν,ὑμνέω,V.PAS1P,G5214,Rahlfs,LXX
17,Esther,4,17,Esther 4:17,187,σου,σοῦ,RP.GS,G4675,Rahlfs,LXX
17,Esther,4,17,Esther 4:17,188,τὸ,ὁ,RA.ASN,G3588,Rahlfs,LXX
17,Esther,4,17,Esther 4:17,189,ὄνομα,ὄνομα,N.ASN,G3686,Rahlfs,LXX
17,Esther,4,17,Esther 4:17,190,κύριε,κύριος,N.VSM,G2962,Rahlfs,LXX
17,Esther,4,17,Esther 4:17,191,καὶ,καί,C,G2532,Rahlfs,LXX
17,Esther,4,17,Esther 4:17,192,μὴ,μή,D,G3361,Rahlfs,LXX
17,Esther,4,17,Esther 4:17,193,ἀφανίσῃς,ἀφανίζω,V.AAS2S,G853,Rahlfs,LXX
17,Esther,4,17,Esther 4:17,194,στόμα,στόμα,N.ASN,G4750,Rahlfs,LXX
17,Esther,4,17,Esther 4:17,195,αἰνούντων,αἰνέω,V.PAPGPM,G134,Rahlfs,LXX
17,Esther,4,17,Esther 4:17,196,σοι,σοί,RP.DS,G4671,Rahlfs,LXX
17,Esther,4,17,Esther 4:17,197,καὶ,καί,C,G2532,Rahlfs,LXX
17,Esther,4,17,Esther 4:17,198,πᾶς,πᾶς,A.NSM,G3956,Rahlfs,LXX
17,Esther,4,17,Esther 4:17,199,Ισραηλ,Ἰσραήλ,N.NSM,G2474,Rahlfs,LXX
17,Esther,4,17,Esther 4:17,200,ἐκέκραξαν,ἐκκράζω,V.AAI3P,,Rahlfs,LXX
17,Esther,4,17,Esther 4:17,201,ἐξ,ἐκ,P,G1537,Rahlfs,LXX
17,Esther,4,17,Esther 4:17,202,ἰσχύος,ἰσχύς,N.GSF,G2479,Rahlfs,LXX
17,Esther,4,17,Esther 4:17,203,αὐτῶν,αὐτός,RD.GPM,G846,Rahlfs,LXX
17,Esther,4,17,Esther 4:17,204,ὅτι,ὅτι,C,G3754,Rahlfs,LXX
17,Esther,4,17,Esther 4:17,205,θάνατος,θάνατος,N.NSM,G2288,Rahlfs,LXX
17,Esther,4,17,Esther 4:17,206,αὐτῶν,αὐτός,RD.GPM,G846,Rahlfs,LXX
17,Esther,4,17,Esther 4:17,207,ἐν,ἐν,P,G1722,Rahlfs,LXX
17,Esther,4,17,Esther 4:17,208,ὀφθαλμοῖς,ὀφθαλμός,N.DPM,G3788,Rahlfs,LXX
17,Esther,4,17,Esther 4:17,209,αὐτῶν,αὐτός,RD.GPM,G846,Rahlfs,LXX
17,Esther,4,17,Esther 4:17,210,καὶ,καί,C,G2532,Rahlfs,LXX
17,Esther,4,17,Esther 4:17,211,Εσθηρ,Εσθηρ,N.NSF,,Rahlfs,LXX
17,Esther,4,17,Esther 4:17,212,ἡ,ὁ,RA.NSF,G3588,Rahlfs,LXX
17,Esther,4,17,Esther 4:17,213,βασίλισσα,βασίλισσα,N.NSF,G938,Rahlfs,LXX
17,Esther,4,17,Esther 4:17,214,κατέφυγεν,καταφεύγω,V.AAI3S,G2703,Rahlfs,LXX
17,Esther,4,17,Esther 4:17,215,ἐπὶ,ἐπί,P,G1909,Rahlfs,LXX
17,Esther,4,17,Esther 4:17,216,τὸν,ὁ,RA.ASM,G3588,Rahlfs,LXX
17,Esther,4,17,Esther 4:17,217,κύριον,κύριος,N.ASM,G2962,Rahlfs,LXX
17,Esther,4,17,Esther 4:17,218,ἐν,ἐν,P,G1722,Rahlfs,LXX
17,Esther,4,17,Esther 4:17,219,ἀγῶνι,ἀγών,N.DSM,G73,Rahlfs,LXX
17,Esther,4,17,Esther 4:17,220,θανάτου,θάνατος,N.GSM,G2288,Rahlfs,LXX
17,Esther,4,17,Esther 4:17,221,κατειλημμένη,καταλαμβάνω,V.XMPNSF,G2638,Rahlfs,LXX
17,Esther,4,17,Esther 4:17,222,καὶ,καί,C,G2532,Rahlfs,LXX
17,Esther,4,17,Esther 4:17,223,ἀφελομένη,ἀφαιρέω,V.AMPNSF,G851,Rahlfs,LXX
17,Esther,4,17,Esther 4:17,224,τὰ,ὁ,RA.APN,G3588,Rahlfs,LXX
17,Esther,4,17,Esther 4:17,225,ἱμάτια,ἱμάτιον,N.APN,G2440,Rahlfs,LXX
17,Esther,4,17,Esther 4:17,226,τῆς,ὁ,RA.GSF,G3588,Rahlfs,LXX
17,Esther,4,17,Esther 4:17,227,δόξης,δόξα,N.GSF,G1391,Rahlfs,LXX
17,Esther,4,17,Esther 4:17,228,αὐτῆς,αὐτός,RD.GSF,G846,Rahlfs,LXX
17,Esther,4,17,Esther 4:17,229,ἐνεδύσατο,ἐνδύω,V.AMI3S,G1746,Rahlfs,LXX
17,Esther,4,17,Esther 4:17,230,ἱμάτια,ἱμάτιον,N.APN,G2440,Rahlfs,LXX
17,Esther,4,17,Esther 4:17,231,στενοχωρίας,στενοχωρία,N.GSF,G4730,Rahlfs,LXX
17,Esther,4,17,Esther 4:17,232,καὶ,καί,C,G2532,Rahlfs,LXX
17,Esther,4,17,Esther 4:17,233,πένθους,πένθος,N.GSN,G3997,Rahlfs,LXX
17,Esther,4,17,Esther 4:17,234,καὶ,καί,C,G2532,Rahlfs,LXX
17,Esther,4,17,Esther 4:17,235,ἀντὶ,ἀντί,P,G473,Rahlfs,LXX
17,Esther,4,17,Esther 4:17,236,τῶν,ὁ,RA.GPM,G3588,Rahlfs,LXX
17,Esther,4,17,Esther 4:17,237,ὑπερηφάνων,ὑπερήφανος,N.GPM,G5244,Rahlfs,LXX
17,Esther,4,17,Esther 4:17,238,ἡδυσμάτων,ἥδυσμα,N.GPN,,Rahlfs,LXX
17,Esther,4,17,Esther 4:17,239,σποδοῦ,σποδός,N.GSM,G4700,Rahlfs,LXX
17,Esther,4,17,Esther 4:17,240,καὶ,καί,C,G2532,Rahlfs,LXX
17,Esther,4,17,Esther 4:17,241,κοπριῶν,κοπρία,N.GPF,G2874,Rahlfs,LXX
17,Esther,4,17,Esther 4:17,242,ἔπλησεν,πλήθω,V.AAI3S,G4130,Rahlfs,LXX
17,Esther,4,17,Esther 4:17,243,τὴν,ὁ,RA.ASF,G3588,Rahlfs,LXX
17,Esther,4,17,Esther 4:17,244,κεφαλὴν,κεφαλή,N.ASF,G2776,Rahlfs,LXX
17,Esther,4,17,Esther 4:17,245,αὐτῆς,αὐτός,RD.GSF,G846,Rahlfs,LXX
17,Esther,4,17,Esther 4:17,246,καὶ,καί,C,G2532,Rahlfs,LXX
17,Esther,4,17,Esther 4:17,247,τὸ,ὁ,RA.ASN,G3588,Rahlfs,LXX
17,Esther,4,17,Esther 4:17,248,σῶμα,σῶμα,N.ASN,G4983,Rahlfs,LXX
17,Esther,4,17,Esther 4:17,249,αὐτῆς,αὐτός,RD.GSF,G846,Rahlfs,LXX
17,Esther,4,17,Esther 4:17,250,ἐταπείνωσεν,ταπεινόω,V.AAI3S,G5013,Rahlfs,LXX
17,Esther,4,17,Esther 4:17,251,σφόδρα,σφόδρα,D,G4970,Rahlfs,LXX
17,Esther,4,17,Esther 4:17,252,καὶ,καί,C,G2532,Rahlfs,LXX
17,Esther,4,17,Esther 4:17,253,πάντα,πᾶς,A.ASM,G3956,Rahlfs,LXX
17,Esther,4,17,Esther 4:17,254,τόπον,τόπος,N.ASM,G5117,Rahlfs,LXX
17,Esther,4,17,Esther 4:17,255,κόσμου,κόσμος,N.GSM,G2889,Rahlfs,LXX
17,Esther,4,17,Esther 4:17,256,ἀγαλλιάματος,ἀγαλλίαμα,N.GSN,,Rahlfs,LXX
17,Esther,4,17,Esther 4:17,257,αὐτῆς,αὐτός,RD.GSF,G846,Rahlfs,LXX
17,Esther,4,17,Esther 4:17,258,ἔπλησε,πλήθω,V.AAI3S,G4130,Rahlfs,LXX
17,Esther,4,17,Esther 4:17,259,στρεπτῶν,στρεπτός,A.GPF,,Rahlfs,LXX
17,Esther,4,17,Esther 4:17,260,τριχῶν,θρίξ,N.GPF,G2359,Rahlfs,LXX
17,Esther,4,17,Esther 4:17,261,αὐτῆς,αὐτός,RD.GSF,G846,Rahlfs,LXX
17,Esther,4,17,Esther 4:17,262,καὶ,καί,C,G2532,Rahlfs,LXX
17,Esther,4,17,Esther 4:17,263,ἐδεῖτο,δέω,V.IMI3S,G1210,Rahlfs,LXX
17,Esther,4,17,Esther 4:17,264,κυρίου,κύριος,N.GSM,G2962,Rahlfs,LXX
17,Esther,4,17,Esther 4:17,265,θεοῦ,θεός,N.GSM,G2316,Rahlfs,LXX
17,Esther,4,17,Esther 4:17,266,Ισραηλ,Ἰσραήλ,N.GSM,G2474,Rahlfs,LXX
17,Esther,4,17,Esther 4:17,267,καὶ,καί,C,G2532,Rahlfs,LXX
17,Esther,4,17,Esther 4:17,268,εἶπεν,ἔπω,V.AAI3S,G2036,Rahlfs,LXX
17,Esther,4,17,Esther 4:17,269,κύριέ,κύριος,N.VSM,G2962,Rahlfs,LXX
17,Esther,4,17,Esther 4:17,270,μου,μου,RP.GS,G3450,Rahlfs,LXX
17,Esther,4,17,Esther 4:17,271,ὁ,ὁ,RA.NSM,G3588,Rahlfs,LXX
17,Esther,4,17,Esther 4:17,272,βασιλεὺς,βασιλεύς,N.NSM,G935,Rahlfs,LXX
17,Esther,4,17,Esther 4:17,273,ἡμῶν,ἡμῶν,RP.GP,G2257,Rahlfs,LXX
17,Esther,4,17,Esther 4:17,274,σὺ,σύ,RP.NS,G4771,Rahlfs,LXX
17,Esther,4,17,Esther 4:17,275,εἶ,εἰμί,V.PAI2S,G1510,Rahlfs,LXX
17,Esther,4,17,Esther 4:17,276,μόνος,μόνος,A.NSM,G3441,Rahlfs,LXX
17,Esther,4,17,Esther 4:17,277,βοήθησόν,βοηθέω,V.AAD2S,G997,Rahlfs,LXX
17,Esther,4,17,Esther 4:17,278,μοι,μοι,RP.DS,G3427,Rahlfs,LXX
17,Esther,4,17,Esther 4:17,279,τῇ,ὁ,RA.DSF,G3588,Rahlfs,LXX
17,Esther,4,17,Esther 4:17,280,μόνῃ,μόνος,A.DSF,G3441,Rahlfs,LXX
17,Esther,4,17,Esther 4:17,281,καὶ,καί,C,G2532,Rahlfs,LXX
17,Esther,4,17,Esther 4:17,282,μὴ,μή,D,G3361,Rahlfs,LXX
17,Esther,4,17,Esther 4:17,283,ἐχούσῃ,ἔχω,V.PAPDSF,G2192,Rahlfs,LXX
17,Esther,4,17,Esther 4:17,284,βοηθὸν,βοηθός,N.ASM,G998,Rahlfs,LXX
17,Esther,4,17,Esther 4:17,285,εἰ,εἰ,C,G1487,Rahlfs,LXX
17,Esther,4,17,Esther 4:17,286,μὴ,μή,D,G3361,Rahlfs,LXX
17,Esther,4,17,Esther 4:17,287,σέ,σέ,RP.AS,G4571,Rahlfs,LXX
17,Esther,4,17,Esther 4:17,288,ὅτι,ὅτι,C,G3754,Rahlfs,LXX
17,Esther,4,17,Esther 4:17,289,κίνδυνός,κίνδυνος,N.NSM,G2794,Rahlfs,LXX
17,Esther,4,17,Esther 4:17,290,μου,μου,RP.GS,G3450,Rahlfs,LXX
17,Esther,4,17,Esther 4:17,291,ἐν,ἐν,P,G1722,Rahlfs,LXX
17,Esther,4,17,Esther 4:17,292,χειρί,χείρ,N.DSF,G5495,Rahlfs,LXX
17,Esther,4,17,Esther 4:17,293,μου,μου,RP.GS,G3450,Rahlfs,LXX
17,Esther,4,17,Esther 4:17,294,ἐγὼ,ἐγώ,RP.NS,G1473,Rahlfs,LXX
17,Esther,4,17,Esther 4:17,295,ἤκουον,ἀκούω,V.IAI1S,G191,Rahlfs,LXX
17,Esther,4,17,Esther 4:17,296,ἐκ,ἐκ,P,G1537,Rahlfs,LXX
17,Esther,4,17,Esther 4:17,297,γενετῆς,γενετή,N.GSF,G1079,Rahlfs,LXX
17,Esther,4,17,Esther 4:17,298,μου,μου,RP.GS,G3450,Rahlfs,LXX
17,Esther,4,17,Esther 4:17,299,ἐν,ἐν,P,G1722,Rahlfs,LXX
17,Esther,4,17,Esther 4:17,300,φυλῇ,φυλή,N.DSF,G5443,Rahlfs,LXX
17,Esther,4,17,Esther 4:17,301,πατριᾶς,πατριά,N.GSF,G3965,Rahlfs,LXX
17,Esther,4,17,Esther 4:17,302,μου,μου,RP.GS,G3450,Rahlfs,LXX
17,Esther,4,17,Esther 4:17,303,ὅτι,ὅτι,C,G3754,Rahlfs,LXX
17,Esther,4,17,Esther 4:17,304,σύ,σύ,RP.NS,G4771,Rahlfs,LXX
17,Esther,4,17,Esther 4:17,305,κύριε,κύριος,N.VSM,G2962,Rahlfs,LXX
17,Esther,4,17,Esther 4:17,306,ἔλαβες,λαμβάνω,V.AAI2S,G2983,Rahlfs,LXX
17,Esther,4,17,Esther 4:17,307,τὸν,ὁ,RA.ASM,G3588,Rahlfs,LXX
17,Esther,4,17,Esther 4:17,308,Ισραηλ,Ἰσραήλ,N.ASM,G2474,Rahlfs,LXX
17,Esther,4,17,Esther 4:17,309,ἐκ,ἐκ,P,G1537,Rahlfs,LXX
17,Esther,4,17,Esther 4:17,310,πάντων,πᾶς,A.GPN,G3956,Rahlfs,LXX
17,Esther,4,17,Esther 4:17,311,τῶν,ὁ,RA.GPN,G3588,Rahlfs,LXX
17,Esther,4,17,Esther 4:17,312,ἐθνῶν,ἔθνος,N.GPN,G1484,Rahlfs,LXX
17,Esther,4,17,Esther 4:17,313,καὶ,καί,C,G2532,Rahlfs,LXX
17,Esther,4,17,Esther 4:17,314,τοὺς,ὁ,RA.APM,G3588,Rahlfs,LXX
17,Esther,4,17,Esther 4:17,315,πατέρας,πατήρ,N.APM,G3962,Rahlfs,LXX
17,Esther,4,17,Esther 4:17,316,ἡμῶν,ἡμῶν,RP.GP,G2257,Rahlfs,LXX
17,Esther,4,17,Esther 4:17,317,ἐκ,ἐκ,P,G1537,Rahlfs,LXX
17,Esther,4,17,Esther 4:17,318,πάντων,πᾶς,A.GPM,G3956,Rahlfs,LXX
17,Esther,4,17,Esther 4:17,319,τῶν,ὁ,RA.GPM,G3588,Rahlfs,LXX
17,Esther,4,17,Esther 4:17,320,προγόνων,πρόγονος,N.GPM,G4269,Rahlfs,LXX
17,Esther,4,17,Esther 4:17,321,αὐτῶν,αὐτός,RD.GPM,G846,Rahlfs,LXX
17,Esther,4,17,Esther 4:17,322,εἰς,εἰς,P,G1519,Rahlfs,LXX
17,Esther,4,17,Esther 4:17,323,κληρονομίαν,κληρονομία,N.ASF,G2817,Rahlfs,LXX
17,Esther,4,17,Esther 4:17,324,αἰώνιον,αἰώνιος,A.ASF,G166,Rahlfs,LXX
17,Esther,4,17,Esther 4:17,325,καὶ,καί,C,G2532,Rahlfs,LXX
17,Esther,4,17,Esther 4:17,326,ἐποίησας,ποιέω,V.AAI2S,G4160,Rahlfs,LXX
17,Esther,4,17,Esther 4:17,327,αὐτοῖς,αὐτός,RD.DPN,G846,Rahlfs,LXX
17,Esther,4,17,Esther 4:17,328,ὅσα,ὅσος,A.APN,G3745,Rahlfs,LXX
17,Esther,4,17,Esther 4:17,329,ἐλάλησας,λαλέω,V.AAI2S,G2980,Rahlfs,LXX
17,Esther,4,17,Esther 4:17,330,καὶ,καί,C,G2532,Rahlfs,LXX
17,Esther,4,17,Esther 4:17,331,νῦν,νῦν,D,G3568,Rahlfs,LXX
17,Esther,4,17,Esther 4:17,332,ἡμάρτομεν,ἁμαρτάνω,V.AAI1P,G264,Rahlfs,LXX
17,Esther,4,17,Esther 4:17,333,ἐνώπιόν,ἐνώπιος,P,G1799,Rahlfs,LXX
17,Esther,4,17,Esther 4:17,334,σου,σοῦ,RP.GS,G4675,Rahlfs,LXX
17,Esther,4,17,Esther 4:17,335,καὶ,καί,C,G2532,Rahlfs,LXX
17,Esther,4,17,Esther 4:17,336,παρέδωκας,παραδίδωμι,V.AAI2S,G3860,Rahlfs,LXX
17,Esther,4,17,Esther 4:17,337,ἡμᾶς,ἡμᾶς,RP.AP,G2248,Rahlfs,LXX
17,Esther,4,17,Esther 4:17,338,εἰς,εἰς,P,G1519,Rahlfs,LXX
17,Esther,4,17,Esther 4:17,339,χεῖρας,χείρ,N.APF,G5495,Rahlfs,LXX
17,Esther,4,17,Esther 4:17,340,τῶν,ὁ,RA.GPM,G3588,Rahlfs,LXX
17,Esther,4,17,Esther 4:17,341,ἐχθρῶν,ἐχθρός,A.GPM,G2190,Rahlfs,LXX
17,Esther,4,17,Esther 4:17,342,ἡμῶν,ἡμῶν,RP.GP,G2257,Rahlfs,LXX
17,Esther,4,17,Esther 4:17,343,ἀνθ᾿,ἀντί,P,G473,Rahlfs,LXX
17,Esther,4,17,Esther 4:17,344,ὧν,ὅς,RR.GPM,G3739,Rahlfs,LXX
17,Esther,4,17,Esther 4:17,345,ἐδοξάσαμεν,δοξάζω,V.AAI1P,G1392,Rahlfs,LXX
17,Esther,4,17,Esther 4:17,346,τοὺς,ὁ,RA.APM,G3588,Rahlfs,LXX
17,Esther,4,17,Esther 4:17,347,θεοὺς,θεός,N.APM,G2316,Rahlfs,LXX
17,Esther,4,17,Esther 4:17,348,αὐτῶν,αὐτός,RD.GPM,G846,Rahlfs,LXX
17,Esther,4,17,Esther 4:17,349,δίκαιος,δίκαιος,A.NSM,G1342,Rahlfs,LXX
17,Esther,4,17,Esther 4:17,350,εἶ,εἰμί,V.PAI2S,G1510,Rahlfs,LXX
17,Esther,4,17,Esther 4:17,351,κύριε,κύριος,N.VSM,G2962,Rahlfs,LXX
17,Esther,4,17,Esther 4:17,352,καὶ,καί,C,G2532,Rahlfs,LXX
17,Esther,4,17,Esther 4:17,353,νῦν,νῦν,D,G3568,Rahlfs,LXX
17,Esther,4,17,Esther 4:17,354,οὐχ,οὐ,D,G3756,Rahlfs,LXX
17,Esther,4,17,Esther 4:17,355,ἱκανώθησαν,ἱκανόω,V.API3P,G2427,Rahlfs,LXX
17,Esther,4,17,Esther 4:17,356,ἐν,ἐν,P,G1722,Rahlfs,LXX
17,Esther,4,17,Esther 4:17,357,πικρασμῷ,πικρασμός,N.DSM,,Rahlfs,LXX
17,Esther,4,17,Esther 4:17,358,δουλείας,δουλεία,N.GSF,G1397,Rahlfs,LXX
17,Esther,4,17,Esther 4:17,359,ἡμῶν,ἡμῶν,RP.GP,G2257,Rahlfs,LXX
17,Esther,4,17,Esther 4:17,360,ἀλλὰ,ἀλλά,C,G235,Rahlfs,LXX
17,Esther,4,17,Esther 4:17,361,ἔθηκαν,τίθημι,V.AAI3P,G5087,Rahlfs,LXX
17,Esther,4,17,Esther 4:17,362,τὰς,ὁ,RA.APF,G3588,Rahlfs,LXX
17,Esther,4,17,Esther 4:17,363,χεῖρας,χείρ,N.APF,G5495,Rahlfs,LXX
17,Esther,4,17,Esther 4:17,364,αὐτῶν,αὐτός,RD.GPM,G846,Rahlfs,LXX
17,Esther,4,17,Esther 4:17,365,ἐπὶ,ἐπί,P,G1909,Rahlfs,LXX
17,Esther,4,17,Esther 4:17,366,τὰς,ὁ,RA.APF,G3588,Rahlfs,LXX
17,Esther,4,17,Esther 4:17,367,χεῖρας,χείρ,N.APF,G5495,Rahlfs,LXX
17,Esther,4,17,Esther 4:17,368,τῶν,ὁ,RA.GPN,G3588,Rahlfs,LXX
17,Esther,4,17,Esther 4:17,369,εἰδώλων,εἴδωλον,N.GPN,G1497,Rahlfs,LXX
17,Esther,4,17,Esther 4:17,370,αὐτῶν,αὐτός,RD.GPM,G846,Rahlfs,LXX
17,Esther,4,17,Esther 4:17,371,ἐξᾶραι,ἐξαίρω,V.AAN,G1808,Rahlfs,LXX
17,Esther,4,17,Esther 4:17,372,ὁρισμὸν,ὁρισμός,N.ASM,,Rahlfs,LXX
17,Esther,4,17,Esther 4:17,373,στόματός,στόμα,N.GSN,G4750,Rahlfs,LXX
17,Esther,4,17,Esther 4:17,374,σου,σοῦ,RP.GS,G4675,Rahlfs,LXX
17,Esther,4,17,Esther 4:17,375,καὶ,καί,C,G2532,Rahlfs,LXX
17,Esther,4,17,Esther 4:17,376,ἀφανίσαι,ἀφανίζω,V.AAN,G853,Rahlfs,LXX
17,Esther,4,17,Esther 4:17,377,κληρονομίαν,κληρονομία,N.ASF,G2817,Rahlfs,LXX
17,Esther,4,17,Esther 4:17,378,σου,σοῦ,RP.GS,G4675,Rahlfs,LXX
17,Esther,4,17,Esther 4:17,379,καὶ,καί,C,G2532,Rahlfs,LXX
17,Esther,4,17,Esther 4:17,380,ἐμφράξαι,ἐμφράσσω,V.AAN,,Rahlfs,LXX
17,Esther,4,17,Esther 4:17,381,στόμα,στόμα,N.ASN,G4750,Rahlfs,LXX
17,Esther,4,17,Esther 4:17,382,αἰνούντων,αἰνέω,V.PAPGPM,G134,Rahlfs,LXX
17,Esther,4,17,Esther 4:17,383,σοι,σοί,RP.DS,G4671,Rahlfs,LXX
17,Esther,4,17,Esther 4:17,384,καὶ,καί,C,G2532,Rahlfs,LXX
17,Esther,4,17,Esther 4:17,385,σβέσαι,σβέννυμι,V.AAN,G4570,Rahlfs,LXX
17,Esther,4,17,Esther 4:17,386,δόξαν,δόξα,N.ASF,G1391,Rahlfs,LXX
17,Esther,4,17,Esther 4:17,387,οἴκου,οἶκος,N.GSM,G3624,Rahlfs,LXX
17,Esther,4,17,Esther 4:17,388,σου,σοῦ,RP.GS,G4675,Rahlfs,LXX
17,Esther,4,17,Esther 4:17,389,καὶ,καί,C,G2532,Rahlfs,LXX
17,Esther,4,17,Esther 4:17,390,θυσιαστήριόν,θυσιαστήριον,N.ASN,G2379,Rahlfs,LXX
17,Esther,4,17,Esther 4:17,391,σου,σοῦ,RP.GS,G4675,Rahlfs,LXX
17,Esther,4,17,Esther 4:17,392,καὶ,καί,C,G2532,Rahlfs,LXX
17,Esther,4,17,Esther 4:17,393,ἀνοῖξαι,ἀνοίγω,V.AAN,G455,Rahlfs,LXX
17,Esther,4,17,Esther 4:17,394,στόμα,στόμα,N.ASN,G4750,Rahlfs,LXX
17,Esther,4,17,Esther 4:17,395,ἐθνῶν,ἔθνος,N.GPN,G1484,Rahlfs,LXX
17,Esther,4,17,Esther 4:17,396,εἰς,εἰς,P,G1519,Rahlfs,LXX
17,Esther,4,17,Esther 4:17,397,ἀρετὰς,ἀρετή,N.APF,G703,Rahlfs,LXX
17,Esther,4,17,Esther 4:17,398,ματαίων,μάταιος,A.GPM,G3152,Rahlfs,LXX
17,Esther,4,17,Esther 4:17,399,καὶ,καί,C,G2532,Rahlfs,LXX
17,Esther,4,17,Esther 4:17,400,θαυμασθῆναι,θαυμάζω,V.APN,G2296,Rahlfs,LXX
17,Esther,4,17,Esther 4:17,401,βασιλέα,βασιλεύς,N.ASM,G935,Rahlfs,LXX
17,Esther,4,17,Esther 4:17,402,σάρκινον,σάρκινος,A.ASM,G4560,Rahlfs,LXX
17,Esther,4,17,Esther 4:17,403,εἰς,εἰς,P,G1519,Rahlfs,LXX
17,Esther,4,17,Esther 4:17,404,αἰῶνα,αἰών,N.ASM,G165,Rahlfs,LXX
17,Esther,4,17,Esther 4:17,405,μὴ,μή,D,G3361,Rahlfs,LXX
17,Esther,4,17,Esther 4:17,406,παραδῷς,παραδίδωμι,V.AAS2S,G3860,Rahlfs,LXX
17,Esther,4,17,Esther 4:17,407,κύριε,κύριος,N.VSM,G2962,Rahlfs,LXX
17,Esther,4,17,Esther 4:17,408,τὸ,ὁ,RA.ASN,G3588,Rahlfs,LXX
17,Esther,4,17,Esther 4:17,409,σκῆπτρόν,σκῆπτρον,N.ASN,,Rahlfs,LXX
17,Esther,4,17,Esther 4:17,410,σου,σοῦ,RP.GS,G4675,Rahlfs,LXX
17,Esther,4,17,Esther 4:17,411,τοῖς,ὁ,RA.DPM,G3588,Rahlfs,LXX
17,Esther,4,17,Esther 4:17,412,μὴ,μή,D,G3361,Rahlfs,LXX
17,Esther,4,17,Esther 4:17,413,οὖσιν,εἰμί,V.PAPDPM,G1510,Rahlfs,LXX
17,Esther,4,17,Esther 4:17,414,καὶ,καί,C,G2532,Rahlfs,LXX
17,Esther,4,17,Esther 4:17,415,μὴ,μή,D,G3361,Rahlfs,LXX
17,Esther,4,17,Esther 4:17,416,καταγελασάτωσαν,καταγελάω,V.AAD3P,G2606,Rahlfs,LXX
17,Esther,4,17,Esther 4:17,417,ἐν,ἐν,P,G1722,Rahlfs,LXX
17,Esther,4,17,Esther 4:17,418,τῇ,ὁ,RA.DSF,G3588,Rahlfs,LXX
17,Esther,4,17,Esther 4:17,419,πτώσει,πτῶσις,N.DSF,G4431,Rahlfs,LXX
17,Esther,4,17,Esther 4:17,420,ἡμῶν,ἡμῶν,RP.GP,G2257,Rahlfs,LXX
17,Esther,4,17,Esther 4:17,421,ἀλλὰ,ἀλλά,C,G235,Rahlfs,LXX
17,Esther,4,17,Esther 4:17,422,στρέψον,στρέφω,V.AAD2S,G4762,Rahlfs,LXX
17,Esther,4,17,Esther 4:17,423,τὴν,ὁ,RA.ASF,G3588,Rahlfs,LXX
17,Esther,4,17,Esther 4:17,424,βουλὴν,βουλή,N.ASF,G1012,Rahlfs,LXX
17,Esther,4,17,Esther 4:17,425,αὐτῶν,αὐτός,RD.GPM,G846,Rahlfs,LXX
17,Esther,4,17,Esther 4:17,426,ἐπ᾿,ἐπί,P,G1909,Rahlfs,LXX
17,Esther,4,17,Esther 4:17,427,αὐτούς,αὐτός,RD.APM,G846,Rahlfs,LXX
17,Esther,4,17,Esther 4:17,428,τὸν,ὁ,RA.ASM,G3588,Rahlfs,LXX
17,Esther,4,17,Esther 4:17,429,δὲ,δέ,X,G1161,Rahlfs,LXX
17,Esther,4,17,Esther 4:17,430,ἀρξάμενον,ἄρχω,V.AMPASM,G757,Rahlfs,LXX
17,Esther,4,17,Esther 4:17,431,ἐφ᾿,ἐπί,P,G1909,Rahlfs,LXX
17,Esther,4,17,Esther 4:17,432,ἡμᾶς,ἡμᾶς,RP.AP,G2248,Rahlfs,LXX
17,Esther,4,17,Esther 4:17,433,παραδειγμάτισον,παραδειγματίζω,V.AAD2S,G3856,Rahlfs,LXX
17,Esther,4,17,Esther 4:17,434,μνήσθητι,μνάομαι,V.APD2S,G3415,Rahlfs,LXX
17,Esther,4,17,Esther 4:17,435,κύριε,κύριος,N.VSM,G2962,Rahlfs,LXX
17,Esther,4,17,Esther 4:17,436,γνώσθητι,γινώσκω,V.APD2S,G1097,Rahlfs,LXX
17,Esther,4,17,Esther 4:17,437,ἐν,ἐν,P,G1722,Rahlfs,LXX
17,Esther,4,17,Esther 4:17,438,καιρῷ,καιρός,N.DSM,G2540,Rahlfs,LXX
17,Esther,4,17,Esther 4:17,439,θλίψεως,θλῖψις,N.GSF,G2347,Rahlfs,LXX
17,Esther,4,17,Esther 4:17,440,ἡμῶν,ἡμῶν,RP.GP,G2257,Rahlfs,LXX
17,Esther,4,17,Esther 4:17,441,καὶ,καί,C,G2532,Rahlfs,LXX
17,Esther,4,17,Esther 4:17,442,ἐμὲ,ἐμέ,RP.AS,G1691,Rahlfs,LXX
17,Esther,4,17,Esther 4:17,443,θάρσυνον,θαρσύνω,V.AAD2S,,Rahlfs,LXX
17,Esther,4,17,Esther 4:17,444,βασιλεῦ,βασιλεύς,N.VSM,G935,Rahlfs,LXX
17,Esther,4,17,Esther 4:17,445,τῶν,ὁ,RA.GPM,G3588,Rahlfs,LXX
17,Esther,4,17,Esther 4:17,446,θεῶν,θεός,N.GPM,G2316,Rahlfs,LXX
17,Esther,4,17,Esther 4:17,447,καὶ,καί,C,G2532,Rahlfs,LXX
17,Esther,4,17,Esther 4:17,448,πάσης,πᾶς,A.GSF,G3956,Rahlfs,LXX
17,Esther,4,17,Esther 4:17,449,ἀρχῆς,ἀρχή,N.GSF,G746,Rahlfs,LXX
17,Esther,4,17,Esther 4:17,450,ἐπικρατῶν,ἐπικρατέω,V.PAPNSM,,Rahlfs,LXX
17,Esther,4,17,Esther 4:17,451,δὸς,δίδωμι,V.AAD2S,G1325,Rahlfs,LXX
17,Esther,4,17,Esther 4:17,452,λόγον,λόγος,N.ASM,G3056,Rahlfs,LXX
17,Esther,4,17,Esther 4:17,453,εὔρυθμον,εὔρυθμος,A.ASM,,Rahlfs,LXX
17,Esther,4,17,Esther 4:17,454,εἰς,εἰς,P,G1519,Rahlfs,LXX
17,Esther,4,17,Esther 4:17,455,τὸ,ὁ,RA.ASN,G3588,Rahlfs,LXX
17,Esther,4,17,Esther 4:17,456,στόμα,στόμα,N.ASN,G4750,Rahlfs,LXX
17,Esther,4,17,Esther 4:17,457,μου,μου,RP.GS,G3450,Rahlfs,LXX
17,Esther,4,17,Esther 4:17,458,ἐνώπιον,ἐνώπιος,P,G1799,Rahlfs,LXX
17,Esther,4,17,Esther 4:17,459,τοῦ,ὁ,RA.GSM,G3588,Rahlfs,LXX
17,Esther,4,17,Esther 4:17,460,λέοντος,λέων,N.GSM,G3023,Rahlfs,LXX
17,Esther,4,17,Esther 4:17,461,καὶ,καί,C,G2532,Rahlfs,LXX
17,Esther,4,17,Esther 4:17,462,μετάθες,μετατίθημι,V.AAD2S,G3346,Rahlfs,LXX
17,Esther,4,17,Esther 4:17,463,τὴν,ὁ,RA.ASF,G3588,Rahlfs,LXX
17,Esther,4,17,Esther 4:17,464,καρδίαν,καρδία,N.ASF,G2588,Rahlfs,LXX
17,Esther,4,17,Esther 4:17,465,αὐτοῦ,αὐτός,RD.GSM,G846,Rahlfs,LXX
17,Esther,4,17,Esther 4:17,466,εἰς,εἰς,P,G1519,Rahlfs,LXX
17,Esther,4,17,Esther 4:17,467,μῖσος,μῖσος,N.ASN,,Rahlfs,LXX
17,Esther,4,17,Esther 4:17,468,τοῦ,ὁ,RA.GSM,G3588,Rahlfs,LXX
17,Esther,4,17,Esther 4:17,469,πολεμοῦντος,πολεμέω,V.PAPGSM,G4170,Rahlfs,LXX
17,Esther,4,17,Esther 4:17,470,ἡμᾶς,ἡμᾶς,RP.AP,G2248,Rahlfs,LXX
17,Esther,4,17,Esther 4:17,471,εἰς,εἰς,P,G1519,Rahlfs,LXX
17,Esther,4,17,Esther 4:17,472,συντέλειαν,συντέλεια,N.ASF,G4930,Rahlfs,LXX
17,Esther,4,17,Esther 4:17,473,αὐτοῦ,αὐτός,RD.GSM,G846,Rahlfs,LXX
17,Esther,4,17,Esther 4:17,474,καὶ,καί,C,G2532,Rahlfs,LXX
17,Esther,4,17,Esther 4:17,475,τῶν,ὁ,RA.GPM,G3588,Rahlfs,LXX
17,Esther,4,17,Esther 4:17,476,ὁμονοούντων,ὁμονοέω,V.PAPGPM,,Rahlfs,LXX
17,Esther,4,17,Esther 4:17,477,αὐτῷ,αὐτός,RD.DSM,G846,Rahlfs,LXX
17,Esther,4,17,Esther 4:17,478,ἡμᾶς,ἡμᾶς,RP.AP,G2248,Rahlfs,LXX
17,Esther,4,17,Esther 4:17,479,δὲ,δέ,X,G1161,Rahlfs,LXX
17,Esther,4,17,Esther 4:17,480,ῥῦσαι,ῥύομαι,V.AMD2S,G4506,Rahlfs,LXX
17,Esther,4,17,Esther 4:17,481,ἐν,ἐν,P,G1722,Rahlfs,LXX
17,Esther,4,17,Esther 4:17,482,χειρί,χείρ,N.DSF,G5495,Rahlfs,LXX
17,Esther,4,17,Esther 4:17,483,σου,σοῦ,RP.GS,G4675,Rahlfs,LXX
17,Esther,4,17,Esther 4:17,484,καὶ,καί,C,G2532,Rahlfs,LXX
17,Esther,4,17,Esther 4:17,485,βοήθησόν,βοηθέω,V.AAD2S,G997,Rahlfs,LXX
17,Esther,4,17,Esther 4:17,486,μοι,μοι,RP.DS,G3427,Rahlfs,LXX
17,Esther,4,17,Esther 4:17,487,τῇ,ὁ,RA.DSF,G3588,Rahlfs,LXX
17,Esther,4,17,Esther 4:17,488,μόνῃ,μόνος,A.DSF,G3441,Rahlfs,LXX
17,Esther,4,17,Esther 4:17,489,καὶ,καί,C,G2532,Rahlfs,LXX
17,Esther,4,17,Esther 4:17,490,μὴ,μή,D,G3361,Rahlfs,LXX
17,Esther,4,17,Esther 4:17,491,ἐχούσῃ,ἔχω,V.PAPDSF,G2192,Rahlfs,LXX
17,Esther,4,17,Esther 4:17,492,εἰ,εἰ,C,G1487,Rahlfs,LXX
17,Esther,4,17,Esther 4:17,493,μὴ,μή,D,G3361,Rahlfs,LXX
17,Esther,4,17,Esther 4:17,494,σέ,σέ,RP.AS,G4571,Rahlfs,LXX
17,Esther,4,17,Esther 4:17,495,κύριε,κύριος,N.VSM,G2962,Rahlfs,LXX
17,Esther,4,17,Esther 4:17,496,πάντων,πᾶς,A.GPN,G3956,Rahlfs,LXX
17,Esther,4,17,Esther 4:17,497,γνῶσιν,γνῶσις,N.ASF,G1108,Rahlfs,LXX
17,Esther,4,17,Esther 4:17,498,ἔχεις,ἔχω,V.PAI2S,G2192,Rahlfs,LXX
17,Esther,4,17,Esther 4:17,499,καὶ,καί,C,G2532,Rahlfs,LXX
17,Esther,4,17,Esther 4:17,500,οἶδας,οἶδα,V.XAI2S,,Rahlfs,LXX
17,Esther,4,17,Esther 4:17,501,ὅτι,ὅτι,C,G3754,Rahlfs,LXX
17,Esther,4,17,Esther 4:17,502,ἐμίσησα,μισέω,V.AAI1S,G3404,Rahlfs,LXX
17,Esther,4,17,Esther 4:17,503,δόξαν,δόξα,N.ASF,G1391,Rahlfs,LXX
17,Esther,4,17,Esther 4:17,504,ἀνόμων,ἄνομος,A.GPM,G459,Rahlfs,LXX
17,Esther,4,17,Esther 4:17,505,καὶ,καί,C,G2532,Rahlfs,LXX
17,Esther,4,17,Esther 4:17,506,βδελύσσομαι,βδελύσσω,V.PMI1S,G948,Rahlfs,LXX
17,Esther,4,17,Esther 4:17,507,κοίτην,κοίτη,N.ASF,G2845,Rahlfs,LXX
17,Esther,4,17,Esther 4:17,508,ἀπεριτμήτων,ἀπερίτμητος,A.GPM,G564,Rahlfs,LXX
17,Esther,4,17,Esther 4:17,509,καὶ,καί,C,G2532,Rahlfs,LXX
17,Esther,4,17,Esther 4:17,510,παντὸς,πᾶς,A.GSM,G3956,Rahlfs,LXX
17,Esther,4,17,Esther 4:17,511,ἀλλοτρίου,ἀλλότριος,A.GSM,G245,Rahlfs,LXX
17,Esther,4,17,Esther 4:17,512,σὺ,σύ,RP.NS,G4771,Rahlfs,LXX
17,Esther,4,17,Esther 4:17,513,οἶδας,οἶδα,V.XAI2S,,Rahlfs,LXX
17,Esther,4,17,Esther 4:17,514,τὴν,ὁ,RA.ASF,G3588,Rahlfs,LXX
17,Esther,4,17,Esther 4:17,515,ἀνάγκην,ἀνάγκη,N.ASF,G318,Rahlfs,LXX
17,Esther,4,17,Esther 4:17,516,μου,μου,RP.GS,G3450,Rahlfs,LXX
17,Esther,4,17,Esther 4:17,517,ὅτι,ὅτι,C,G3754,Rahlfs,LXX
17,Esther,4,17,Esther 4:17,518,βδελύσσομαι,βδελύσσω,V.PMI1S,G948,Rahlfs,LXX
17,Esther,4,17,Esther 4:17,519,τὸ,ὁ,RA.ASN,G3588,Rahlfs,LXX
17,Esther,4,17,Esther 4:17,520,σημεῖον,σημεῖον,N.ASN,G4592,Rahlfs,LXX
17,Esther,4,17,Esther 4:17,521,τῆς,ὁ,RA.GSF,G3588,Rahlfs,LXX
17,Esther,4,17,Esther 4:17,522,ὑπερηφανίας,ὑπερηφανία,N.GSF,G5243,Rahlfs,LXX
17,Esther,4,17,Esther 4:17,523,μου,μου,RP.GS,G3450,Rahlfs,LXX
17,Esther,4,17,Esther 4:17,524,ὅ,ὅς,RR.NSN,G3739,Rahlfs,LXX
17,Esther,4,17,Esther 4:17,525,ἐστιν,εἰμί,V.PAI3S,G1510,Rahlfs,LXX
17,Esther,4,17,Esther 4:17,526,ἐπὶ,ἐπί,P,G1909,Rahlfs,LXX
17,Esther,4,17,Esther 4:17,527,τῆς,ὁ,RA.GSF,G3588,Rahlfs,LXX
17,Esther,4,17,Esther 4:17,528,κεφαλῆς,κεφαλή,N.GSF,G2776,Rahlfs,LXX
17,Esther,4,17,Esther 4:17,529,μου,μου,RP.GS,G3450,Rahlfs,LXX
17,Esther,4,17,Esther 4:17,530,ἐν,ἐν,P,G1722,Rahlfs,LXX
17,Esther,4,17,Esther 4:17,531,ἡμέραις,ἡμέρα,N.DPF,G2250,Rahlfs,LXX
17,Esther,4,17,Esther 4:17,532,ὀπτασίας,ὀπτασία,N.GSF,G3701,Rahlfs,LXX
17,Esther,4,17,Esther 4:17,533,μου,μου,RP.GS,G3450,Rahlfs,LXX
17,Esther,4,17,Esther 4:17,534,βδελύσσομαι,βδελύσσω,V.PMI1S,G948,Rahlfs,LXX
17,Esther,4,17,Esther 4:17,535,αὐτὸ,αὐτός,RD.ASN,G846,Rahlfs,LXX
17,Esther,4,17,Esther 4:17,536,ὡς,ὥς,C,G5613,Rahlfs,LXX
17,Esther,4,17,Esther 4:17,537,ῥάκος,ῥάκος,N.ASN,G4470,Rahlfs,LXX
17,Esther,4,17,Esther 4:17,538,καταμηνίων,καταμήνιος,A.GPM,,Rahlfs,LXX
17,Esther,4,17,Esther 4:17,539,καὶ,καί,C,G2532,Rahlfs,LXX
17,Esther,4,17,Esther 4:17,540,οὐ,οὐ,D,G3756,Rahlfs,LXX
17,Esther,4,17,Esther 4:17,541,φορῶ,φορέω,V.PAI1S,G5409,Rahlfs,LXX
17,Esther,4,17,Esther 4:17,542,αὐτὸ,αὐτός,RD.ASN,G846,Rahlfs,LXX
17,Esther,4,17,Esther 4:17,543,ἐν,ἐν,P,G1722,Rahlfs,LXX
17,Esther,4,17,Esther 4:17,544,ἡμέραις,ἡμέρα,N.DPF,G2250,Rahlfs,LXX
17,Esther,4,17,Esther 4:17,545,ἡσυχίας,ἡσυχία,N.GSF,G2271,Rahlfs,LXX
17,Esther,4,17,Esther 4:17,546,μου,μου,RP.GS,G3450,Rahlfs,LXX
17,Esther,4,17,Esther 4:17,547,καὶ,καί,C,G2532,Rahlfs,LXX
17,Esther,4,17,Esther 4:17,548,οὐκ,οὐ,D,G3756,Rahlfs,LXX
17,Esther,4,17,Esther 4:17,549,ἔφαγεν,φάγω,V.AAI3S,G5315,Rahlfs,LXX
17,Esther,4,17,Esther 4:17,550,ἡ,ὁ,RA.NSF,G3588,Rahlfs,LXX
17,Esther,4,17,Esther 4:17,551,δούλη,δούλη,N.NSF,G1399,Rahlfs,LXX
17,Esther,4,17,Esther 4:17,552,σου,σοῦ,RP.GS,G4675,Rahlfs,LXX
17,Esther,4,17,Esther 4:17,553,τράπεζαν,τράπεζα,N.ASF,G5132,Rahlfs,LXX
17,Esther,4,17,Esther 4:17,554,Αμαν,Ἁμάν,N.GSM,,Rahlfs,LXX
17,Esther,4,17,Esther 4:17,555,καὶ,καί,C,G2532,Rahlfs,LXX
17,Esther,4,17,Esther 4:17,556,οὐκ,οὐ,D,G3756,Rahlfs,LXX
17,Esther,4,17,Esther 4:17,557,ἐδόξασα,δοξάζω,V.AAI1S,G1392,Rahlfs,LXX
17,Esther,4,17,Esther 4:17,558,συμπόσιον,συμπόσιον,A.ASN,G4849,Rahlfs,LXX
17,Esther,4,17,Esther 4:17,559,βασιλέως,βασιλεύς,N.GSM,G935,Rahlfs,LXX
17,Esther,4,17,Esther 4:17,560,οὐδὲ,οὐδέ,C,G3761,Rahlfs,LXX
17,Esther,4,17,Esther 4:17,561,ἔπιον,πίνω,V.AAI1S,G4095,Rahlfs,LXX
17,Esther,4,17,Esther 4:17,562,οἶνον,οἶνος,N.ASM,G3631,Rahlfs,LXX
17,Esther,4,17,Esther 4:17,563,σπονδῶν,σπονδή,N.GPF,,Rahlfs,LXX
17,Esther,4,17,Esther 4:17,564,καὶ,καί,C,G2532,Rahlfs,LXX
17,Esther,4,17,Esther 4:17,565,οὐκ,οὐ,D,G3756,Rahlfs,LXX
17,Esther,4,17,Esther 4:17,566,ηὐφράνθη,εὐφραίνω,V.API3S,G2165,Rahlfs,LXX
17,Esther,4,17,Esther 4:17,567,ἡ,ὁ,RA.NSF,G3588,Rahlfs,LXX
17,Esther,4,17,Esther 4:17,568,δούλη,δούλη,N.NSF,G1399,Rahlfs,LXX
17,Esther,4,17,Esther 4:17,569,σου,σοῦ,RP.GS,G4675,Rahlfs,LXX
17,Esther,4,17,Esther 4:17,570,ἀφ᾿,ἀπό,P,G575,Rahlfs,LXX
17,Esther,4,17,Esther 4:17,571,ἡμέρας,ἡμέρα,N.GSF,G2250,Rahlfs,LXX
17,Esther,4,17,Esther 4:17,572,μεταβολῆς,μεταβολή,N.GSF,,Rahlfs,LXX
17,Esther,4,17,Esther 4:17,573,μου,μου,RP.GS,G3450,Rahlfs,LXX
17,Esther,4,17,Esther 4:17,574,μέχρι,μέχρι,P,G3360,Rahlfs,LXX
17,Esther,4,17,Esther 4:17,575,νῦν,νῦν,D,G3568,Rahlfs,LXX
17,Esther,4,17,Esther 4:17,576,πλὴν,πλήν,D,G4133,Rahlfs,LXX
17,Esther,4,17,Esther 4:17,577,ἐπὶ,ἐπί,P,G1909,Rahlfs,LXX
17,Esther,4,17,Esther 4:17,578,σοί,σοί,RP.DS,G4671,Rahlfs,LXX
17,Esther,4,17,Esther 4:17,579,κύριε,κύριος,N.VSM,G2962,Rahlfs,LXX
17,Esther,4,17,Esther 4:17,580,ὁ,ὁ,RA.NSM,G3588,Rahlfs,LXX
17,Esther,4,17,Esther 4:17,581,θεὸς,θεός,N.NSM,G2316,Rahlfs,LXX
17,Esther,4,17,Esther 4:17,582,Αβρααμ,Ἀβραάμ,N.GSM,G11,Rahlfs,LXX
17,Esther,4,17,Esther 4:17,583,ὁ,ὁ,RA.NSM,G3588,Rahlfs,LXX
17,Esther,4,17,Esther 4:17,584,θεὸς,θεός,N.NSM,G2316,Rahlfs,LXX
17,Esther,4,17,Esther 4:17,585,ὁ,ὁ,RA.NSM,G3588,Rahlfs,LXX
17,Esther,4,17,Esther 4:17,586,ἰσχύων,ἰσχύω,V.PAPNSM,G2480,Rahlfs,LXX
17,Esther,4,17,Esther 4:17,587,ἐπὶ,ἐπί,P,G1909,Rahlfs,LXX
17,Esther,4,17,Esther 4:17,588,πάντας,πᾶς,A.APM,G3956,Rahlfs,LXX
17,Esther,4,17,Esther 4:17,589,εἰσάκουσον,εἰσακούω,V.AAD2S,G1522,Rahlfs,LXX
17,Esther,4,17,Esther 4:17,590,φωνὴν,φωνή,N.ASF,G5456,Rahlfs,LXX
17,Esther,4,17,Esther 4:17,591,ἀπηλπισμένων,ἀπελπίζω,V.XMPGPM,G560,Rahlfs,LXX
17,Esther,4,17,Esther 4:17,592,καὶ,καί,C,G2532,Rahlfs,LXX
17,Esther,4,17,Esther 4:17,593,ῥῦσαι,ῥύομαι,V.AMD2S,G4506,Rahlfs,LXX
17,Esther,4,17,Esther 4:17,594,ἡμᾶς,ἡμᾶς,RP.AP,G2248,Rahlfs,LXX
17,Esther,4,17,Esther 4:17,595,ἐκ,ἐκ,P,G1537,Rahlfs,LXX
17,Esther,4,17,Esther 4:17,596,χειρὸς,χείρ,N.GSF,G5495,Rahlfs,LXX
17,Esther,4,17,Esther 4:17,597,τῶν,ὁ,RA.GPM,G3588,Rahlfs,LXX
17,Esther,4,17,Esther 4:17,598,πονηρευομένων,πονηρεύομαι,V.PMPGPM,,Rahlfs,LXX
17,Esther,4,17,Esther 4:17,599,καὶ,καί,C,G2532,Rahlfs,LXX
17,Esther,4,17,Esther 4:17,600,ῥῦσαί,ῥύομαι,V.AMD2S,G4506,Rahlfs,LXX
17,Esther,4,17,Esther 4:17,601,με,μέ,RP.AS,G3165,Rahlfs,LXX
17,Esther,4,17,Esther 4:17,602,ἐκ,ἐκ,P,G1537,Rahlfs,LXX
17,Esther,4,17,Esther 4:17,603,τοῦ,ὁ,RA.GSM,G3588,Rahlfs,LXX
17,Esther,4,17,Esther 4:17,604,φόβου,φόβος,N.GSM,G5401,Rahlfs,LXX
17,Esther,4,17,Esther 4:17,605,μου,μου,RP.GS,G3450,Rahlfs,LXX
17,Esther,5,1,Esther 5:1,1,καὶ,καί,C,G2532,Rahlfs,LXX
17,Esther,5,1,Esther 5:1,2,ἐγενήθη,γίνομαι,V.API3S,G1096,Rahlfs,LXX
17,Esther,5,1,Esther 5:1,3,ἐν,ἐν,P,G1722,Rahlfs,LXX
17,Esther,5,1,Esther 5:1,4,τῇ,ὁ,RA.DSF,G3588,Rahlfs,LXX
17,Esther,5,1,Esther 5:1,5,ἡμέρᾳ,ἡμέρα,N.DSF,G2250,Rahlfs,LXX
17,Esther,5,1,Esther 5:1,6,τῇ,ὁ,RA.DSF,G3588,Rahlfs,LXX
17,Esther,5,1,Esther 5:1,7,τρίτῃ,τρίτος,A.DSF,G5154,Rahlfs,LXX
17,Esther,5,1,Esther 5:1,8,ὡς,ὥς,C,G5613,Rahlfs,LXX
17,Esther,5,1,Esther 5:1,9,ἐπαύσατο,παύω,V.AMI3S,G3973,Rahlfs,LXX
17,Esther,5,1,Esther 5:1,10,προσευχομένη,προσεύχομαι,V.PMPNSF,G4336,Rahlfs,LXX
17,Esther,5,1,Esther 5:1,11,ἐξεδύσατο,ἐκδύω,V.AMI3S,G1562,Rahlfs,LXX
17,Esther,5,1,Esther 5:1,12,τὰ,ὁ,RA.APN,G3588,Rahlfs,LXX
17,Esther,5,1,Esther 5:1,13,ἱμάτια,ἱμάτιον,N.APN,G2440,Rahlfs,LXX
17,Esther,5,1,Esther 5:1,14,τῆς,ὁ,RA.GSF,G3588,Rahlfs,LXX
17,Esther,5,1,Esther 5:1,15,θεραπείας,θεραπεία,N.GSF,G2322,Rahlfs,LXX
17,Esther,5,1,Esther 5:1,16,καὶ,καί,C,G2532,Rahlfs,LXX
17,Esther,5,1,Esther 5:1,17,περιεβάλετο,περιβάλλω,V.AMI3S,G4016,Rahlfs,LXX
17,Esther,5,1,Esther 5:1,18,τὴν,ὁ,RA.ASF,G3588,Rahlfs,LXX
17,Esther,5,1,Esther 5:1,19,δόξαν,δόξα,N.ASF,G1391,Rahlfs,LXX
17,Esther,5,1,Esther 5:1,20,αὐτῆς,αὐτός,RD.GSF,G846,Rahlfs,LXX
17,Esther,5,1,Esther 5:1,21,καὶ,καί,C,G2532,Rahlfs,LXX
17,Esther,5,1,Esther 5:1,22,γενηθεῖσα,γίνομαι,V.APPNSF,G1096,Rahlfs,LXX
17,Esther,5,1,Esther 5:1,23,ἐπιφανὴς,ἐπιφανής,A.NSF,G2016,Rahlfs,LXX
17,Esther,5,1,Esther 5:1,24,ἐπικαλεσαμένη,ἐπικαλέω,V.AMPNSF,G1941,Rahlfs,LXX
17,Esther,5,1,Esther 5:1,25,τὸν,ὁ,RA.ASM,G3588,Rahlfs,LXX
17,Esther,5,1,Esther 5:1,26,πάντων,πᾶς,A.GPN,G3956,Rahlfs,LXX
17,Esther,5,1,Esther 5:1,27,ἐπόπτην,ἐπόπτης,N.ASM,G2030,Rahlfs,LXX
17,Esther,5,1,Esther 5:1,28,θεὸν,θεός,N.ASM,G2316,Rahlfs,LXX
17,Esther,5,1,Esther 5:1,29,καὶ,καί,C,G2532,Rahlfs,LXX
17,Esther,5,1,Esther 5:1,30,σωτῆρα,σωτήρ,N.ASM,G4990,Rahlfs,LXX
17,Esther,5,1,Esther 5:1,31,παρέλαβεν,παραλαμβάνω,V.AAI3S,G3880,Rahlfs,LXX
17,Esther,5,1,Esther 5:1,32,τὰς,ὁ,RA.APF,G3588,Rahlfs,LXX
17,Esther,5,1,Esther 5:1,33,δύο,δύο,M,G1417,Rahlfs,LXX
17,Esther,5,1,Esther 5:1,34,ἅβρας,ἅβρα,N.APF,,Rahlfs,LXX
17,Esther,5,1,Esther 5:1,35,καὶ,καί,C,G2532,Rahlfs,LXX
17,Esther,5,1,Esther 5:1,36,τῇ,ὁ,RA.DSF,G3588,Rahlfs,LXX
17,Esther,5,1,Esther 5:1,37,μὲν,μέν,X,G3303,Rahlfs,LXX
17,Esther,5,1,Esther 5:1,38,μιᾷ,εἷς,A.DSF,G1520,Rahlfs,LXX
17,Esther,5,1,Esther 5:1,39,ἐπηρείδετο,ἐπερείδω,V.IMI3S,,Rahlfs,LXX
17,Esther,5,1,Esther 5:1,40,ὡς,ὥς,C,G5613,Rahlfs,LXX
17,Esther,5,1,Esther 5:1,41,τρυφερευομένη,τρυφερεύομαι,V.PMPNSF,,Rahlfs,LXX
17,Esther,5,1,Esther 5:1,42,ἡ,ὁ,RA.NSF,G3588,Rahlfs,LXX
17,Esther,5,1,Esther 5:1,43,δὲ,δέ,X,G1161,Rahlfs,LXX
17,Esther,5,1,Esther 5:1,44,ἑτέρα,ἕτερος,A.NSF,G2087,Rahlfs,LXX
17,Esther,5,1,Esther 5:1,45,ἐπηκολούθει,ἐπακολουθέω,V.IAI3S,G1872,Rahlfs,LXX
17,Esther,5,1,Esther 5:1,46,κουφίζουσα,κουφίζω,V.PAPNSF,G2893,Rahlfs,LXX
17,Esther,5,1,Esther 5:1,47,τὴν,ὁ,RA.ASF,G3588,Rahlfs,LXX
17,Esther,5,1,Esther 5:1,48,ἔνδυσιν,ἔνδυσις,N.ASF,G1745,Rahlfs,LXX
17,Esther,5,1,Esther 5:1,49,αὐτῆς,αὐτός,RD.GSF,G846,Rahlfs,LXX
17,Esther,5,1,Esther 5:1,50,καὶ,καί,C,G2532,Rahlfs,LXX
17,Esther,5,1,Esther 5:1,51,αὐτὴ,αὐτός,RD.NSF,G846,Rahlfs,LXX
17,Esther,5,1,Esther 5:1,52,ἐρυθριῶσα,ἐρυθριάω,V.PAPNSF,,Rahlfs,LXX
17,Esther,5,1,Esther 5:1,53,ἀκμῇ,ἀκμή,N.DSF,,Rahlfs,LXX
17,Esther,5,1,Esther 5:1,54,κάλλους,κάλλος,N.GSN,,Rahlfs,LXX
17,Esther,5,1,Esther 5:1,55,αὐτῆς,αὐτός,RD.GSF,G846,Rahlfs,LXX
17,Esther,5,1,Esther 5:1,56,καὶ,καί,C,G2532,Rahlfs,LXX
17,Esther,5,1,Esther 5:1,57,τὸ,ὁ,RA.NSN,G3588,Rahlfs,LXX
17,Esther,5,1,Esther 5:1,58,πρόσωπον,πρόσωπον,N.NSN,G4383,Rahlfs,LXX
17,Esther,5,1,Esther 5:1,59,αὐτῆς,αὐτός,RD.GSF,G846,Rahlfs,LXX
17,Esther,5,1,Esther 5:1,60,ἱλαρὸν,ἱλαρός,A.NSN,G2431,Rahlfs,LXX
17,Esther,5,1,Esther 5:1,61,ὡς,ὥς,C,G5613,Rahlfs,LXX
17,Esther,5,1,Esther 5:1,62,προσφιλές,προσφιλής,A.NSN,G4375,Rahlfs,LXX
17,Esther,5,1,Esther 5:1,63,ἡ,ὁ,RA.NSF,G3588,Rahlfs,LXX
17,Esther,5,1,Esther 5:1,64,δὲ,δέ,X,G1161,Rahlfs,LXX
17,Esther,5,1,Esther 5:1,65,καρδία,καρδία,N.NSF,G2588,Rahlfs,LXX
17,Esther,5,1,Esther 5:1,66,αὐτῆς,αὐτός,RD.GSF,G846,Rahlfs,LXX
17,Esther,5,1,Esther 5:1,67,ἀπεστενωμένη,ἀποστενόω,V.XMPNSF,,Rahlfs,LXX
17,Esther,5,1,Esther 5:1,68,ἀπὸ,ἀπό,P,G575,Rahlfs,LXX
17,Esther,5,1,Esther 5:1,69,τοῦ,ὁ,RA.GSM,G3588,Rahlfs,LXX
17,Esther,5,1,Esther 5:1,70,φόβου,φόβος,N.GSM,G5401,Rahlfs,LXX
17,Esther,5,1,Esther 5:1,71,καὶ,καί,C,G2532,Rahlfs,LXX
17,Esther,5,1,Esther 5:1,72,εἰσελθοῦσα,εἰσέρχομαι,V.AAPNSF,G1525,Rahlfs,LXX
17,Esther,5,1,Esther 5:1,73,πάσας,πᾶς,A.APF,G3956,Rahlfs,LXX
17,Esther,5,1,Esther 5:1,74,τὰς,ὁ,RA.APF,G3588,Rahlfs,LXX
17,Esther,5,1,Esther 5:1,75,θύρας,θύρα,N.APF,G2374,Rahlfs,LXX
17,Esther,5,1,Esther 5:1,76,κατέστη,καθίστημι,V.AAI3S,G2525,Rahlfs,LXX
17,Esther,5,1,Esther 5:1,77,ἐνώπιον,ἐνώπιος,P,G1799,Rahlfs,LXX
17,Esther,5,1,Esther 5:1,78,τοῦ,ὁ,RA.GSM,G3588,Rahlfs,LXX
17,Esther,5,1,Esther 5:1,79,βασιλέως,βασιλεύς,N.GSM,G935,Rahlfs,LXX
17,Esther,5,1,Esther 5:1,80,καὶ,καί,C,G2532,Rahlfs,LXX
17,Esther,5,1,Esther 5:1,81,αὐτὸς,αὐτός,RD.NSM,G846,Rahlfs,LXX
17,Esther,5,1,Esther 5:1,82,ἐκάθητο,κάθημαι,V.IAI3S,G2521,Rahlfs,LXX
17,Esther,5,1,Esther 5:1,83,ἐπὶ,ἐπί,P,G1909,Rahlfs,LXX
17,Esther,5,1,Esther 5:1,84,τοῦ,ὁ,RA.GSM,G3588,Rahlfs,LXX
17,Esther,5,1,Esther 5:1,85,θρόνου,θρόνος,N.GSM,G2362,Rahlfs,LXX
17,Esther,5,1,Esther 5:1,86,τῆς,ὁ,RA.GSF,G3588,Rahlfs,LXX
17,Esther,5,1,Esther 5:1,87,βασιλείας,βασιλεία,N.GSF,G932,Rahlfs,LXX
17,Esther,5,1,Esther 5:1,88,αὐτοῦ,αὐτός,RD.GSM,G846,Rahlfs,LXX
17,Esther,5,1,Esther 5:1,89,καὶ,καί,C,G2532,Rahlfs,LXX
17,Esther,5,1,Esther 5:1,90,πᾶσαν,πᾶς,A.ASF,G3956,Rahlfs,LXX
17,Esther,5,1,Esther 5:1,91,στολὴν,στολή,N.ASF,G4749,Rahlfs,LXX
17,Esther,5,1,Esther 5:1,92,τῆς,ὁ,RA.GSF,G3588,Rahlfs,LXX
17,Esther,5,1,Esther 5:1,93,ἐπιφανείας,ἐπιφάνεια,N.GSF,G2015,Rahlfs,LXX
17,Esther,5,1,Esther 5:1,94,αὐτοῦ,αὐτός,RD.GSM,G846,Rahlfs,LXX
17,Esther,5,1,Esther 5:1,95,ἐνεδεδύκει,ἐνδύω,V.YAI3S,G1746,Rahlfs,LXX
17,Esther,5,1,Esther 5:1,96,ὅλος,ὅλος,A.NSM,G3650,Rahlfs,LXX
17,Esther,5,1,Esther 5:1,97,διὰ,διά,P,G1223,Rahlfs,LXX
17,Esther,5,1,Esther 5:1,98,χρυσοῦ,χρυσός,N.GSM,G5557,Rahlfs,LXX
17,Esther,5,1,Esther 5:1,99,καὶ,καί,C,G2532,Rahlfs,LXX
17,Esther,5,1,Esther 5:1,100,λίθων,λίθος,N.GPM,G3037,Rahlfs,LXX
17,Esther,5,1,Esther 5:1,101,πολυτελῶν,πολυτελής,A.GPM,G4185,Rahlfs,LXX
17,Esther,5,1,Esther 5:1,102,καὶ,καί,C,G2532,Rahlfs,LXX
17,Esther,5,1,Esther 5:1,103,ἦν,εἰμί,V.IAI3S,G1510,Rahlfs,LXX
17,Esther,5,1,Esther 5:1,104,φοβερὸς,φοβερός,A.NSM,G5398,Rahlfs,LXX
17,Esther,5,1,Esther 5:1,105,σφόδρα,σφόδρα,D,G4970,Rahlfs,LXX
17,Esther,5,1,Esther 5:1,106,καὶ,καί,C,G2532,Rahlfs,LXX
17,Esther,5,1,Esther 5:1,107,ἄρας,αἴρω,V.AAPNSM,G142,Rahlfs,LXX
17,Esther,5,1,Esther 5:1,108,τὸ,ὁ,RA.ASN,G3588,Rahlfs,LXX
17,Esther,5,1,Esther 5:1,109,πρόσωπον,πρόσωπον,N.ASN,G4383,Rahlfs,LXX
17,Esther,5,1,Esther 5:1,110,αὐτοῦ,αὐτός,RD.GSM,G846,Rahlfs,LXX
17,Esther,5,1,Esther 5:1,111,πεπυρωμένον,πυρόω,V.XMPASN,G4448,Rahlfs,LXX
17,Esther,5,1,Esther 5:1,112,δόξῃ,δόξα,N.DSF,G1391,Rahlfs,LXX
17,Esther,5,1,Esther 5:1,113,ἐν,ἐν,P,G1722,Rahlfs,LXX
17,Esther,5,1,Esther 5:1,114,ἀκμῇ,ἀκμή,N.DSF,,Rahlfs,LXX
17,Esther,5,1,Esther 5:1,115,θυμοῦ,θυμός,N.GSM,G2372,Rahlfs,LXX
17,Esther,5,1,Esther 5:1,116,ἔβλεψεν,βλέπω,V.AAI3S,G991,Rahlfs,LXX
17,Esther,5,1,Esther 5:1,117,καὶ,καί,C,G2532,Rahlfs,LXX
17,Esther,5,1,Esther 5:1,118,ἔπεσεν,πίπτω,V.AAI3S,G4098,Rahlfs,LXX
17,Esther,5,1,Esther 5:1,119,ἡ,ὁ,RA.NSF,G3588,Rahlfs,LXX
17,Esther,5,1,Esther 5:1,120,βασίλισσα,βασίλισσα,N.NSF,G938,Rahlfs,LXX
17,Esther,5,1,Esther 5:1,121,καὶ,καί,C,G2532,Rahlfs,LXX
17,Esther,5,1,Esther 5:1,122,μετέβαλεν,μεταβάλλω,V.AAI3S,G3328,Rahlfs,LXX
17,Esther,5,1,Esther 5:1,123,τὸ,ὁ,RA.ASN,G3588,Rahlfs,LXX
17,Esther,5,1,Esther 5:1,124,χρῶμα,χρῶμα,N.ASN,,Rahlfs,LXX
17,Esther,5,1,Esther 5:1,125,αὐτῆς,αὐτός,RD.GSF,G846,Rahlfs,LXX
17,Esther,5,1,Esther 5:1,126,ἐν,ἐν,P,G1722,Rahlfs,LXX
17,Esther,5,1,Esther 5:1,127,ἐκλύσει,ἔκλυσις,N.DSF,,Rahlfs,LXX
17,Esther,5,1,Esther 5:1,128,καὶ,καί,C,G2532,Rahlfs,LXX
17,Esther,5,1,Esther 5:1,129,κατεπέκυψεν,κατεπικύπτω,V.AAI3S,,Rahlfs,LXX
17,Esther,5,1,Esther 5:1,130,ἐπὶ,ἐπί,P,G1909,Rahlfs,LXX
17,Esther,5,1,Esther 5:1,131,τὴν,ὁ,RA.ASF,G3588,Rahlfs,LXX
17,Esther,5,1,Esther 5:1,132,κεφαλὴν,κεφαλή,N.ASF,G2776,Rahlfs,LXX
17,Esther,5,1,Esther 5:1,133,τῆς,ὁ,RA.GSF,G3588,Rahlfs,LXX
17,Esther,5,1,Esther 5:1,134,ἅβρας,ἅβρα,N.GSF,,Rahlfs,LXX
17,Esther,5,1,Esther 5:1,135,τῆς,ὁ,RA.GSF,G3588,Rahlfs,LXX
17,Esther,5,1,Esther 5:1,136,προπορευομένης,προπορεύομαι,V.PMPGSF,G4313,Rahlfs,LXX
17,Esther,5,1,Esther 5:1,137,καὶ,καί,C,G2532,Rahlfs,LXX
17,Esther,5,1,Esther 5:1,138,μετέβαλεν,μεταβάλλω,V.AAI3S,G3328,Rahlfs,LXX
17,Esther,5,1,Esther 5:1,139,ὁ,ὁ,RA.NSM,G3588,Rahlfs,LXX
17,Esther,5,1,Esther 5:1,140,θεὸς,θεός,N.NSM,G2316,Rahlfs,LXX
17,Esther,5,1,Esther 5:1,141,τὸ,ὁ,RA.ASN,G3588,Rahlfs,LXX
17,Esther,5,1,Esther 5:1,142,πνεῦμα,πνεῦμα,N.ASN,G4151,Rahlfs,LXX
17,Esther,5,1,Esther 5:1,143,τοῦ,ὁ,RA.GSM,G3588,Rahlfs,LXX
17,Esther,5,1,Esther 5:1,144,βασιλέως,βασιλεύς,N.GSM,G935,Rahlfs,LXX
17,Esther,5,1,Esther 5:1,145,εἰς,εἰς,P,G1519,Rahlfs,LXX
17,Esther,5,1,Esther 5:1,146,πραΰτητα,πραΰτης,N.ASF,G4240,Rahlfs,LXX
17,Esther,5,1,Esther 5:1,147,καὶ,καί,C,G2532,Rahlfs,LXX
17,Esther,5,1,Esther 5:1,148,ἀγωνιάσας,ἀγωνιάω,V.AAPNSM,,Rahlfs,LXX
17,Esther,5,1,Esther 5:1,149,ἀνεπήδησεν,ἀναπηδάω,V.AAI3S,,Rahlfs,LXX
17,Esther,5,1,Esther 5:1,150,ἀπὸ,ἀπό,P,G575,Rahlfs,LXX
17,Esther,5,1,Esther 5:1,151,τοῦ,ὁ,RA.GSM,G3588,Rahlfs,LXX
17,Esther,5,1,Esther 5:1,152,θρόνου,θρόνος,N.GSM,G2362,Rahlfs,LXX
17,Esther,5,1,Esther 5:1,153,αὐτοῦ,αὐτός,RD.GSM,G846,Rahlfs,LXX
17,Esther,5,1,Esther 5:1,154,καὶ,καί,C,G2532,Rahlfs,LXX
17,Esther,5,1,Esther 5:1,155,ἀνέλαβεν,ἀναλαμβάνω,V.AAI3S,G353,Rahlfs,LXX
17,Esther,5,1,Esther 5:1,156,αὐτὴν,αὐτός,RD.ASF,G846,Rahlfs,LXX
17,Esther,5,1,Esther 5:1,157,ἐπὶ,ἐπί,P,G1909,Rahlfs,LXX
17,Esther,5,1,Esther 5:1,158,τὰς,ὁ,RA.APF,G3588,Rahlfs,LXX
17,Esther,5,1,Esther 5:1,159,ἀγκάλας,ἀγκάλη,N.APF,G43,Rahlfs,LXX
17,Esther,5,1,Esther 5:1,160,αὐτοῦ,αὐτός,RD.GSM,G846,Rahlfs,LXX
17,Esther,5,1,Esther 5:1,161,μέχρις,μέχρι,P,G3360,Rahlfs,LXX
17,Esther,5,1,Esther 5:1,162,οὗ,ὅς,RR.GSM,G3739,Rahlfs,LXX
17,Esther,5,1,Esther 5:1,163,κατέστη,καθίστημι,V.AAI3S,G2525,Rahlfs,LXX
17,Esther,5,1,Esther 5:1,164,καὶ,καί,C,G2532,Rahlfs,LXX
17,Esther,5,1,Esther 5:1,165,παρεκάλει,παρακαλέω,V.IAI3S,G3870,Rahlfs,LXX
17,Esther,5,1,Esther 5:1,166,αὐτὴν,αὐτός,RD.ASF,G846,Rahlfs,LXX
17,Esther,5,1,Esther 5:1,167,λόγοις,λόγος,N.DPM,G3056,Rahlfs,LXX
17,Esther,5,1,Esther 5:1,168,εἰρηνικοῖς,εἰρηνικός,A.DPM,G1516,Rahlfs,LXX
17,Esther,5,1,Esther 5:1,169,καὶ,καί,C,G2532,Rahlfs,LXX
17,Esther,5,1,Esther 5:1,170,εἶπεν,ἔπω,V.AAI3S,G2036,Rahlfs,LXX
17,Esther,5,1,Esther 5:1,171,αὐτῇ,αὐτός,RD.DSF,G846,Rahlfs,LXX
17,Esther,5,1,Esther 5:1,172,τί,τίς,RI.NSN,G5101,Rahlfs,LXX
17,Esther,5,1,Esther 5:1,173,ἐστιν,εἰμί,V.PAI3S,G1510,Rahlfs,LXX
17,Esther,5,1,Esther 5:1,174,Εσθηρ,Εσθηρ,N.VSF,,Rahlfs,LXX
17,Esther,5,1,Esther 5:1,175,ἐγὼ,ἐγώ,RP.NS,G1473,Rahlfs,LXX
17,Esther,5,1,Esther 5:1,176,ὁ,ὁ,RA.NSM,G3588,Rahlfs,LXX
17,Esther,5,1,Esther 5:1,177,ἀδελφός,ἀδελφός,N.NSM,G80,Rahlfs,LXX
17,Esther,5,1,Esther 5:1,178,σου,σοῦ,RP.GS,G4675,Rahlfs,LXX
17,Esther,5,1,Esther 5:1,179,θάρσει,θαρσέω,V.PAD2S,G2293,Rahlfs,LXX
17,Esther,5,1,Esther 5:1,180,οὐ,οὐ,D,G3756,Rahlfs,LXX
17,Esther,5,1,Esther 5:1,181,μὴ,μή,D,G3361,Rahlfs,LXX
17,Esther,5,1,Esther 5:1,182,ἀποθάνῃς,ἀποθνήσκω,V.AAS2S,G599,Rahlfs,LXX
17,Esther,5,1,Esther 5:1,183,ὅτι,ὅτι,C,G3754,Rahlfs,LXX
17,Esther,5,1,Esther 5:1,184,κοινὸν,κοινός,A.NSN,G2839,Rahlfs,LXX
17,Esther,5,1,Esther 5:1,185,τὸ,ὁ,RA.NSN,G3588,Rahlfs,LXX
17,Esther,5,1,Esther 5:1,186,πρόσταγμα,πρόσταγμα,N.NSN,,Rahlfs,LXX
17,Esther,5,1,Esther 5:1,187,ἡμῶν,ἡμῶν,RP.GP,G2257,Rahlfs,LXX
17,Esther,5,1,Esther 5:1,188,ἐστιν,εἰμί,V.PAI3S,G1510,Rahlfs,LXX
17,Esther,5,1,Esther 5:1,189,πρόσελθε,προσέρχομαι,V.AAD2S,G4334,Rahlfs,LXX
17,Esther,5,2,Esther 5:2,1,καὶ,καί,C,G2532,Rahlfs,LXX
17,Esther,5,2,Esther 5:2,2,ἄρας,αἴρω,V.AAPNSM,G142,Rahlfs,LXX
17,Esther,5,2,Esther 5:2,3,τὴν,ὁ,RA.ASF,G3588,Rahlfs,LXX
17,Esther,5,2,Esther 5:2,4,χρυσῆν,χρύσεος,A.ASF,G5552,Rahlfs,LXX
17,Esther,5,2,Esther 5:2,5,ῥάβδον,ῥάβδος,N.ASF,G4464,Rahlfs,LXX
17,Esther,5,2,Esther 5:2,6,ἐπέθηκεν,ἐπιτίθημι,V.AAI3S,G2007,Rahlfs,LXX
17,Esther,5,2,Esther 5:2,7,ἐπὶ,ἐπί,P,G1909,Rahlfs,LXX
17,Esther,5,2,Esther 5:2,8,τὸν,ὁ,RA.ASM,G3588,Rahlfs,LXX
17,Esther,5,2,Esther 5:2,9,τράχηλον,τράχηλος,N.ASM,G5137,Rahlfs,LXX
17,Esther,5,2,Esther 5:2,10,αὐτῆς,αὐτός,RD.GSF,G846,Rahlfs,LXX
17,Esther,5,2,Esther 5:2,11,καὶ,καί,C,G2532,Rahlfs,LXX
17,Esther,5,2,Esther 5:2,12,ἠσπάσατο,ἀσπάζομαι,V.AMI3S,G782,Rahlfs,LXX
17,Esther,5,2,Esther 5:2,13,αὐτὴν,αὐτός,RD.ASF,G846,Rahlfs,LXX
17,Esther,5,2,Esther 5:2,14,καὶ,καί,C,G2532,Rahlfs,LXX
17,Esther,5,2,Esther 5:2,15,εἶπεν,ἔπω,V.AAI3S,G2036,Rahlfs,LXX
17,Esther,5,2,Esther 5:2,16,λάλησόν,λαλέω,V.AAD2S,G2980,Rahlfs,LXX
17,Esther,5,2,Esther 5:2,17,μοι,μοι,RP.DS,G3427,Rahlfs,LXX
17,Esther,5,2,Esther 5:2,18,καὶ,καί,C,G2532,Rahlfs,LXX
17,Esther,5,2,Esther 5:2,19,εἶπεν,ἔπω,V.AAI3S,G2036,Rahlfs,LXX
17,Esther,5,2,Esther 5:2,20,αὐτῷ,αὐτός,RD.DSM,G846,Rahlfs,LXX
17,Esther,5,2,Esther 5:2,21,εἶδόν,ὁράω,V.AAI1S,G3708,Rahlfs,LXX
17,Esther,5,2,Esther 5:2,22,σε,σέ,RP.AS,G4571,Rahlfs,LXX
17,Esther,5,2,Esther 5:2,23,κύριε,κύριος,N.VSM,G2962,Rahlfs,LXX
17,Esther,5,2,Esther 5:2,24,ὡς,ὥς,C,G5613,Rahlfs,LXX
17,Esther,5,2,Esther 5:2,25,ἄγγελον,ἄγγελος,N.ASM,G32,Rahlfs,LXX
17,Esther,5,2,Esther 5:2,26,θεοῦ,θεός,N.GSM,G2316,Rahlfs,LXX
17,Esther,5,2,Esther 5:2,27,καὶ,καί,C,G2532,Rahlfs,LXX
17,Esther,5,2,Esther 5:2,28,ἐταράχθη,ταράσσω,V.API3S,G5015,Rahlfs,LXX
17,Esther,5,2,Esther 5:2,29,ἡ,ὁ,RA.NSF,G3588,Rahlfs,LXX
17,Esther,5,2,Esther 5:2,30,καρδία,καρδία,N.NSF,G2588,Rahlfs,LXX
17,Esther,5,2,Esther 5:2,31,μου,μου,RP.GS,G3450,Rahlfs,LXX
17,Esther,5,2,Esther 5:2,32,ἀπὸ,ἀπό,P,G575,Rahlfs,LXX
17,Esther,5,2,Esther 5:2,33,φόβου,φόβος,N.GSM,G5401,Rahlfs,LXX
17,Esther,5,2,Esther 5:2,34,τῆς,ὁ,RA.GSF,G3588,Rahlfs,LXX
17,Esther,5,2,Esther 5:2,35,δόξης,δόξα,N.GSF,G1391,Rahlfs,LXX
17,Esther,5,2,Esther 5:2,36,σου,σοῦ,RP.GS,G4675,Rahlfs,LXX
17,Esther,5,2,Esther 5:2,37,ὅτι,ὅτι,C,G3754,Rahlfs,LXX
17,Esther,5,2,Esther 5:2,38,θαυμαστὸς,θαυμαστός,A.NSM,G2298,Rahlfs,LXX
17,Esther,5,2,Esther 5:2,39,εἶ,εἰμί,V.PAI2S,G1510,Rahlfs,LXX
17,Esther,5,2,Esther 5:2,40,κύριε,κύριος,N.VSM,G2962,Rahlfs,LXX
17,Esther,5,2,Esther 5:2,41,καὶ,καί,C,G2532,Rahlfs,LXX
17,Esther,5,2,Esther 5:2,42,τὸ,ὁ,RA.NSN,G3588,Rahlfs,LXX
17,Esther,5,2,Esther 5:2,43,πρόσωπόν,πρόσωπον,N.NSN,G4383,Rahlfs,LXX
17,Esther,5,2,Esther 5:2,44,σου,σοῦ,RP.GS,G4675,Rahlfs,LXX
17,Esther,5,2,Esther 5:2,45,χαρίτων,χάρις,N.GPF,G5485,Rahlfs,LXX
17,Esther,5,2,Esther 5:2,46,μεστόν,μεστός,A.NSN,G3324,Rahlfs,LXX
17,Esther,5,2,Esther 5:2,47,ἐν,ἐν,P,G1722,Rahlfs,LXX
17,Esther,5,2,Esther 5:2,48,δὲ,δέ,X,G1161,Rahlfs,LXX
17,Esther,5,2,Esther 5:2,49,τῷ,ὁ,RA.DSN,G3588,Rahlfs,LXX
17,Esther,5,2,Esther 5:2,50,διαλέγεσθαι,διαλέγομαι,V.PMN,G1256,Rahlfs,LXX
17,Esther,5,2,Esther 5:2,51,αὐτὴν,αὐτός,RD.ASF,G846,Rahlfs,LXX
17,Esther,5,2,Esther 5:2,52,ἔπεσεν,πίπτω,V.AAI3S,G4098,Rahlfs,LXX
17,Esther,5,2,Esther 5:2,53,ἀπὸ,ἀπό,P,G575,Rahlfs,LXX
17,Esther,5,2,Esther 5:2,54,ἐκλύσεως,ἔκλυσις,N.GSF,,Rahlfs,LXX
17,Esther,5,2,Esther 5:2,55,αὐτῆς,αὐτός,RD.GSF,G846,Rahlfs,LXX
17,Esther,5,2,Esther 5:2,56,καὶ,καί,C,G2532,Rahlfs,LXX
17,Esther,5,2,Esther 5:2,57,ὁ,ὁ,RA.NSM,G3588,Rahlfs,LXX
17,Esther,5,2,Esther 5:2,58,βασιλεὺς,βασιλεύς,N.NSM,G935,Rahlfs,LXX
17,Esther,5,2,Esther 5:2,59,ἐταράσσετο,ταράσσω,V.IMI3S,G5015,Rahlfs,LXX
17,Esther,5,2,Esther 5:2,60,καὶ,καί,C,G2532,Rahlfs,LXX
17,Esther,5,2,Esther 5:2,61,πᾶσα,πᾶς,A.NSF,G3956,Rahlfs,LXX
17,Esther,5,2,Esther 5:2,62,ἡ,ὁ,RA.NSF,G3588,Rahlfs,LXX
17,Esther,5,2,Esther 5:2,63,θεραπεία,θεραπεία,N.NSF,G2322,Rahlfs,LXX
17,Esther,5,2,Esther 5:2,64,αὐτοῦ,αὐτός,RD.GSM,G846,Rahlfs,LXX
17,Esther,5,2,Esther 5:2,65,παρεκάλει,παρακαλέω,V.IAI3S,G3870,Rahlfs,LXX
17,Esther,5,2,Esther 5:2,66,αὐτήν,αὐτός,RD.ASF,G846,Rahlfs,LXX
17,Esther,5,3,Esther 5:3,1,καὶ,καί,C,G2532,Rahlfs,LXX
17,Esther,5,3,Esther 5:3,2,εἶπεν,ἔπω,V.AAI3S,G2036,Rahlfs,LXX
17,Esther,5,3,Esther 5:3,3,ὁ,ὁ,RA.NSM,G3588,Rahlfs,LXX
17,Esther,5,3,Esther 5:3,4,βασιλεύς,βασιλεύς,N.NSM,G935,Rahlfs,LXX
17,Esther,5,3,Esther 5:3,5,τί,τίς,RI.ASN,G5101,Rahlfs,LXX
17,Esther,5,3,Esther 5:3,6,θέλεις,θέλω,V.PAI2S,G2309,Rahlfs,LXX
17,Esther,5,3,Esther 5:3,7,Εσθηρ,Εσθηρ,N.VSF,,Rahlfs,LXX
17,Esther,5,3,Esther 5:3,8,καὶ,καί,C,G2532,Rahlfs,LXX
17,Esther,5,3,Esther 5:3,9,τί,τίς,RI.NSN,G5101,Rahlfs,LXX
17,Esther,5,3,Esther 5:3,10,σού,σοῦ,RP.GS,G4675,Rahlfs,LXX
17,Esther,5,3,Esther 5:3,11,ἐστιν,εἰμί,V.PAI3S,G1510,Rahlfs,LXX
17,Esther,5,3,Esther 5:3,12,τὸ,ὁ,RA.NSN,G3588,Rahlfs,LXX
17,Esther,5,3,Esther 5:3,13,ἀξίωμα,ἀξίωμα,N.NSN,,Rahlfs,LXX
17,Esther,5,3,Esther 5:3,14,ἕως,ἕως,P,G2193,Rahlfs,LXX
17,Esther,5,3,Esther 5:3,15,τοῦ,ὁ,RA.GSN,G3588,Rahlfs,LXX
17,Esther,5,3,Esther 5:3,16,ἡμίσους,ἥμισυς,A.GSN,G2255,Rahlfs,LXX
17,Esther,5,3,Esther 5:3,17,τῆς,ὁ,RA.GSF,G3588,Rahlfs,LXX
17,Esther,5,3,Esther 5:3,18,βασιλείας,βασιλεία,N.GSF,G932,Rahlfs,LXX
17,Esther,5,3,Esther 5:3,19,μου,μου,RP.GS,G3450,Rahlfs,LXX
17,Esther,5,3,Esther 5:3,20,καὶ,καί,C,G2532,Rahlfs,LXX
17,Esther,5,3,Esther 5:3,21,ἔσται,εἰμί,V.FMI3S,G1510,Rahlfs,LXX
17,Esther,5,3,Esther 5:3,22,σοι,σοί,RP.DS,G4671,Rahlfs,LXX
17,Esther,5,4,Esther 5:4,1,εἶπεν,ἔπω,V.AAI3S,G2036,Rahlfs,LXX
17,Esther,5,4,Esther 5:4,2,δὲ,δέ,X,G1161,Rahlfs,LXX
17,Esther,5,4,Esther 5:4,3,Εσθηρ,Εσθηρ,N.NSF,,Rahlfs,LXX
17,Esther,5,4,Esther 5:4,4,ἡμέρα,ἡμέρα,N.NSF,G2250,Rahlfs,LXX
17,Esther,5,4,Esther 5:4,5,μου,μου,RP.GS,G3450,Rahlfs,LXX
17,Esther,5,4,Esther 5:4,6,ἐπίσημος,ἐπίσημος,A.NSF,G1978,Rahlfs,LXX
17,Esther,5,4,Esther 5:4,7,σήμερόν,σήμερον,D,G4594,Rahlfs,LXX
17,Esther,5,4,Esther 5:4,8,ἐστιν,εἰμί,V.PAI3S,G1510,Rahlfs,LXX
17,Esther,5,4,Esther 5:4,9,εἰ,εἰ,C,G1487,Rahlfs,LXX
17,Esther,5,4,Esther 5:4,10,οὖν,οὖν,X,G3767,Rahlfs,LXX
17,Esther,5,4,Esther 5:4,11,δοκεῖ,δοκέω,V.PAI3S,G1380,Rahlfs,LXX
17,Esther,5,4,Esther 5:4,12,τῷ,ὁ,RA.DSM,G3588,Rahlfs,LXX
17,Esther,5,4,Esther 5:4,13,βασιλεῖ,βασιλεύς,N.DSM,G935,Rahlfs,LXX
17,Esther,5,4,Esther 5:4,14,ἐλθάτω,ἔρχομαι,V.AAD3S,G2064,Rahlfs,LXX
17,Esther,5,4,Esther 5:4,15,καὶ,καί,C,G2532,Rahlfs,LXX
17,Esther,5,4,Esther 5:4,16,αὐτὸς,αὐτός,RD.NSM,G846,Rahlfs,LXX
17,Esther,5,4,Esther 5:4,17,καὶ,καί,C,G2532,Rahlfs,LXX
17,Esther,5,4,Esther 5:4,18,Αμαν,Ἁμάν,N.NSM,,Rahlfs,LXX
17,Esther,5,4,Esther 5:4,19,εἰς,εἰς,P,G1519,Rahlfs,LXX
17,Esther,5,4,Esther 5:4,20,τὴν,ὁ,RA.ASF,G3588,Rahlfs,LXX
17,Esther,5,4,Esther 5:4,21,δοχήν,δοχή,N.ASF,G1403,Rahlfs,LXX
17,Esther,5,4,Esther 5:4,22,ἣν,ὅς,RR.ASF,G3739,Rahlfs,LXX
17,Esther,5,4,Esther 5:4,23,ποιήσω,ποιέω,V.FAI1S,G4160,Rahlfs,LXX
17,Esther,5,4,Esther 5:4,24,σήμερον,σήμερον,D,G4594,Rahlfs,LXX
17,Esther,5,5,Esther 5:5,1,καὶ,καί,C,G2532,Rahlfs,LXX
17,Esther,5,5,Esther 5:5,2,εἶπεν,ἔπω,V.AAI3S,G2036,Rahlfs,LXX
17,Esther,5,5,Esther 5:5,3,ὁ,ὁ,RA.NSM,G3588,Rahlfs,LXX
17,Esther,5,5,Esther 5:5,4,βασιλεύς,βασιλεύς,N.NSM,G935,Rahlfs,LXX
17,Esther,5,5,Esther 5:5,5,κατασπεύσατε,κατασπεύδω,V.AAD2P,,Rahlfs,LXX
17,Esther,5,5,Esther 5:5,6,Αμαν,Ἁμάν,N.ASM,,Rahlfs,LXX
17,Esther,5,5,Esther 5:5,7,ὅπως,ὅπως,C,G3704,Rahlfs,LXX
17,Esther,5,5,Esther 5:5,8,ποιήσωμεν,ποιέω,V.AAS1P,G4160,Rahlfs,LXX
17,Esther,5,5,Esther 5:5,9,τὸν,ὁ,RA.ASM,G3588,Rahlfs,LXX
17,Esther,5,5,Esther 5:5,10,λόγον,λόγος,N.ASM,G3056,Rahlfs,LXX
17,Esther,5,5,Esther 5:5,11,Εσθηρ,Εσθηρ,N.GSF,,Rahlfs,LXX
17,Esther,5,5,Esther 5:5,12,καὶ,καί,C,G2532,Rahlfs,LXX
17,Esther,5,5,Esther 5:5,13,παραγίνονται,παραγίνομαι,V.PMI3P,G3854,Rahlfs,LXX
17,Esther,5,5,Esther 5:5,14,ἀμφότεροι,ἀμφότερος,A.NPM,G297,Rahlfs,LXX
17,Esther,5,5,Esther 5:5,15,εἰς,εἰς,P,G1519,Rahlfs,LXX
17,Esther,5,5,Esther 5:5,16,τὴν,ὁ,RA.ASF,G3588,Rahlfs,LXX
17,Esther,5,5,Esther 5:5,17,δοχήν,δοχή,N.ASF,G1403,Rahlfs,LXX
17,Esther,5,5,Esther 5:5,18,ἣν,ὅς,RR.ASF,G3739,Rahlfs,LXX
17,Esther,5,5,Esther 5:5,19,εἶπεν,ἔπω,V.AAI3S,G2036,Rahlfs,LXX
17,Esther,5,5,Esther 5:5,20,Εσθηρ,Εσθηρ,N.NSF,,Rahlfs,LXX
17,Esther,5,6,Esther 5:6,1,ἐν,ἐν,P,G1722,Rahlfs,LXX
17,Esther,5,6,Esther 5:6,2,δὲ,δέ,X,G1161,Rahlfs,LXX
17,Esther,5,6,Esther 5:6,3,τῷ,ὁ,RA.DSN,G3588,Rahlfs,LXX
17,Esther,5,6,Esther 5:6,4,πότῳ,πότος,N.DSN,G4224,Rahlfs,LXX
17,Esther,5,6,Esther 5:6,5,εἶπεν,ἔπω,V.AAI3S,G2036,Rahlfs,LXX
17,Esther,5,6,Esther 5:6,6,ὁ,ὁ,RA.NSM,G3588,Rahlfs,LXX
17,Esther,5,6,Esther 5:6,7,βασιλεὺς,βασιλεύς,N.NSM,G935,Rahlfs,LXX
17,Esther,5,6,Esther 5:6,8,πρὸς,πρός,P,G4314,Rahlfs,LXX
17,Esther,5,6,Esther 5:6,9,Εσθηρ,Εσθηρ,N.ASF,,Rahlfs,LXX
17,Esther,5,6,Esther 5:6,10,τί,τίς,RI.NSN,G5101,Rahlfs,LXX
17,Esther,5,6,Esther 5:6,11,ἐστιν,εἰμί,V.PAI3S,G1510,Rahlfs,LXX
17,Esther,5,6,Esther 5:6,12,βασίλισσα,βασίλισσα,N.VSF,G938,Rahlfs,LXX
17,Esther,5,6,Esther 5:6,13,Εσθηρ,Εσθηρ,N.VSF,,Rahlfs,LXX
17,Esther,5,6,Esther 5:6,14,καὶ,καί,C,G2532,Rahlfs,LXX
17,Esther,5,6,Esther 5:6,15,ἔσται,εἰμί,V.FMI3S,G1510,Rahlfs,LXX
17,Esther,5,6,Esther 5:6,16,σοι,σοί,RP.DS,G4671,Rahlfs,LXX
17,Esther,5,6,Esther 5:6,17,ὅσα,ὅσος,A.APN,G3745,Rahlfs,LXX
17,Esther,5,6,Esther 5:6,18,ἀξιοῖς,ἀξιόω,V.PAI2S,G515,Rahlfs,LXX
17,Esther,5,7,Esther 5:7,1,καὶ,καί,C,G2532,Rahlfs,LXX
17,Esther,5,7,Esther 5:7,2,εἶπεν,ἔπω,V.AAI3S,G2036,Rahlfs,LXX
17,Esther,5,7,Esther 5:7,3,τὸ,ὁ,RA.NSN,G3588,Rahlfs,LXX
17,Esther,5,7,Esther 5:7,4,αἴτημά,αἴτημα,N.NSN,G155,Rahlfs,LXX
17,Esther,5,7,Esther 5:7,5,μου,μου,RP.GS,G3450,Rahlfs,LXX
17,Esther,5,7,Esther 5:7,6,καὶ,καί,C,G2532,Rahlfs,LXX
17,Esther,5,7,Esther 5:7,7,τὸ,ὁ,RA.NSN,G3588,Rahlfs,LXX
17,Esther,5,7,Esther 5:7,8,ἀξίωμά,ἀξίωμα,N.NSN,,Rahlfs,LXX
17,Esther,5,7,Esther 5:7,9,μου,μου,RP.GS,G3450,Rahlfs,LXX
17,Esther,5,8,Esther 5:8,1,εἰ,εἰ,C,G1487,Rahlfs,LXX
17,Esther,5,8,Esther 5:8,2,εὗρον,εὑρίσκω,V.AAI1S,G2147,Rahlfs,LXX
17,Esther,5,8,Esther 5:8,3,χάριν,χάρις,N.ASF,G5485,Rahlfs,LXX
17,Esther,5,8,Esther 5:8,4,ἐνώπιον,ἐνώπιος,P,G1799,Rahlfs,LXX
17,Esther,5,8,Esther 5:8,5,τοῦ,ὁ,RA.GSM,G3588,Rahlfs,LXX
17,Esther,5,8,Esther 5:8,6,βασιλέως,βασιλεύς,N.GSM,G935,Rahlfs,LXX
17,Esther,5,8,Esther 5:8,7,ἐλθάτω,ἔρχομαι,V.AAD3S,G2064,Rahlfs,LXX
17,Esther,5,8,Esther 5:8,8,ὁ,ὁ,RA.NSM,G3588,Rahlfs,LXX
17,Esther,5,8,Esther 5:8,9,βασιλεὺς,βασιλεύς,N.NSM,G935,Rahlfs,LXX
17,Esther,5,8,Esther 5:8,10,καὶ,καί,C,G2532,Rahlfs,LXX
17,Esther,5,8,Esther 5:8,11,Αμαν,Ἁμάν,N.NSM,,Rahlfs,LXX
17,Esther,5,8,Esther 5:8,12,ἐπὶ,ἐπί,P,G1909,Rahlfs,LXX
17,Esther,5,8,Esther 5:8,13,τὴν,ὁ,RA.ASF,G3588,Rahlfs,LXX
17,Esther,5,8,Esther 5:8,14,αὔριον,αὔριον,D,G839,Rahlfs,LXX
17,Esther,5,8,Esther 5:8,15,εἰς,εἰς,P,G1519,Rahlfs,LXX
17,Esther,5,8,Esther 5:8,16,τὴν,ὁ,RA.ASF,G3588,Rahlfs,LXX
17,Esther,5,8,Esther 5:8,17,δοχήν,δοχή,N.ASF,G1403,Rahlfs,LXX
17,Esther,5,8,Esther 5:8,18,ἣν,ὅς,RR.ASF,G3739,Rahlfs,LXX
17,Esther,5,8,Esther 5:8,19,ποιήσω,ποιέω,V.FAI1S,G4160,Rahlfs,LXX
17,Esther,5,8,Esther 5:8,20,αὐτοῖς,αὐτός,RD.DPM,G846,Rahlfs,LXX
17,Esther,5,8,Esther 5:8,21,καὶ,καί,C,G2532,Rahlfs,LXX
17,Esther,5,8,Esther 5:8,22,αὔριον,αὔριον,D,G839,Rahlfs,LXX
17,Esther,5,8,Esther 5:8,23,ποιήσω,ποιέω,V.FAI1S,G4160,Rahlfs,LXX
17,Esther,5,8,Esther 5:8,24,τὰ,ὁ,RA.APN,G3588,Rahlfs,LXX
17,Esther,5,8,Esther 5:8,25,αὐτά,αὐτός,RD.APN,G846,Rahlfs,LXX
17,Esther,5,9,Esther 5:9,1,καὶ,καί,C,G2532,Rahlfs,LXX
17,Esther,5,9,Esther 5:9,2,ἐξῆλθεν,ἐξέρχομαι,V.AAI3S,G1831,Rahlfs,LXX
17,Esther,5,9,Esther 5:9,3,ὁ,ὁ,RA.NSM,G3588,Rahlfs,LXX
17,Esther,5,9,Esther 5:9,4,Αμαν,Ἁμάν,N.NSM,,Rahlfs,LXX
17,Esther,5,9,Esther 5:9,5,ἀπὸ,ἀπό,P,G575,Rahlfs,LXX
17,Esther,5,9,Esther 5:9,6,τοῦ,ὁ,RA.GSM,G3588,Rahlfs,LXX
17,Esther,5,9,Esther 5:9,7,βασιλέως,βασιλεύς,N.GSM,G935,Rahlfs,LXX
17,Esther,5,9,Esther 5:9,8,ὑπερχαρὴς,ὑπερχαρής,A.NSM,,Rahlfs,LXX
17,Esther,5,9,Esther 5:9,9,εὐφραινόμενος,εὐφραίνω,V.PMPNSM,G2165,Rahlfs,LXX
17,Esther,5,9,Esther 5:9,10,ἐν,ἐν,P,G1722,Rahlfs,LXX
17,Esther,5,9,Esther 5:9,11,δὲ,δέ,X,G1161,Rahlfs,LXX
17,Esther,5,9,Esther 5:9,12,τῷ,ὁ,RA.DSN,G3588,Rahlfs,LXX
17,Esther,5,9,Esther 5:9,13,ἰδεῖν,ὁράω,V.AAN,G3708,Rahlfs,LXX
17,Esther,5,9,Esther 5:9,14,Αμαν,Ἁμάν,N.ASM,,Rahlfs,LXX
17,Esther,5,9,Esther 5:9,15,Μαρδοχαῖον,Μαρδοχαῖος,N.ASM,,Rahlfs,LXX
17,Esther,5,9,Esther 5:9,16,τὸν,ὁ,RA.ASM,G3588,Rahlfs,LXX
17,Esther,5,9,Esther 5:9,17,Ιουδαῖον,Ἰουδαῖος,N.ASM,G2453,Rahlfs,LXX
17,Esther,5,9,Esther 5:9,18,ἐν,ἐν,P,G1722,Rahlfs,LXX
17,Esther,5,9,Esther 5:9,19,τῇ,ὁ,RA.DSF,G3588,Rahlfs,LXX
17,Esther,5,9,Esther 5:9,20,αὐλῇ,αὐλή,N.DSF,G833,Rahlfs,LXX
17,Esther,5,9,Esther 5:9,21,ἐθυμώθη,θυμόω,V.API3S,G2373,Rahlfs,LXX
17,Esther,5,9,Esther 5:9,22,σφόδρα,σφόδρα,D,G4970,Rahlfs,LXX
17,Esther,5,10,Esther 5:10,1,καὶ,καί,C,G2532,Rahlfs,LXX
17,Esther,5,10,Esther 5:10,2,εἰσελθὼν,εἰσέρχομαι,V.AAPNSM,G1525,Rahlfs,LXX
17,Esther,5,10,Esther 5:10,3,εἰς,εἰς,P,G1519,Rahlfs,LXX
17,Esther,5,10,Esther 5:10,4,τὰ,ὁ,RA.APN,G3588,Rahlfs,LXX
17,Esther,5,10,Esther 5:10,5,ἴδια,ἴδιος,A.APN,G2398,Rahlfs,LXX
17,Esther,5,10,Esther 5:10,6,ἐκάλεσεν,καλέω,V.AAI3S,G2564,Rahlfs,LXX
17,Esther,5,10,Esther 5:10,7,τοὺς,ὁ,RA.APM,G3588,Rahlfs,LXX
17,Esther,5,10,Esther 5:10,8,φίλους,φίλος,A.APM,G5384,Rahlfs,LXX
17,Esther,5,10,Esther 5:10,9,καὶ,καί,C,G2532,Rahlfs,LXX
17,Esther,5,10,Esther 5:10,10,Ζωσαραν,Ζωσαρα,N.ASF,,Rahlfs,LXX
17,Esther,5,10,Esther 5:10,11,τὴν,ὁ,RA.ASF,G3588,Rahlfs,LXX
17,Esther,5,10,Esther 5:10,12,γυναῖκα,γυνή,N.ASF,G1135,Rahlfs,LXX
17,Esther,5,10,Esther 5:10,13,αὐτοῦ,αὐτός,RD.GSM,G846,Rahlfs,LXX
17,Esther,5,11,Esther 5:11,1,καὶ,καί,C,G2532,Rahlfs,LXX
17,Esther,5,11,Esther 5:11,2,ὑπέδειξεν,ὑποδείκνυμι,V.AAI3S,G5263,Rahlfs,LXX
17,Esther,5,11,Esther 5:11,3,αὐτοῖς,αὐτός,RD.DPM,G846,Rahlfs,LXX
17,Esther,5,11,Esther 5:11,4,τὸν,ὁ,RA.ASM,G3588,Rahlfs,LXX
17,Esther,5,11,Esther 5:11,5,πλοῦτον,πλοῦτος,N.ASM,G4149,Rahlfs,LXX
17,Esther,5,11,Esther 5:11,6,αὐτοῦ,αὐτός,RD.GSM,G846,Rahlfs,LXX
17,Esther,5,11,Esther 5:11,7,καὶ,καί,C,G2532,Rahlfs,LXX
17,Esther,5,11,Esther 5:11,8,τὴν,ὁ,RA.ASF,G3588,Rahlfs,LXX
17,Esther,5,11,Esther 5:11,9,δόξαν,δόξα,N.ASF,G1391,Rahlfs,LXX
17,Esther,5,11,Esther 5:11,10,ἣν,ὅς,RR.ASF,G3739,Rahlfs,LXX
17,Esther,5,11,Esther 5:11,11,ὁ,ὁ,RA.NSM,G3588,Rahlfs,LXX
17,Esther,5,11,Esther 5:11,12,βασιλεὺς,βασιλεύς,N.NSM,G935,Rahlfs,LXX
17,Esther,5,11,Esther 5:11,13,αὐτῷ,αὐτός,RD.DSM,G846,Rahlfs,LXX
17,Esther,5,11,Esther 5:11,14,περιέθηκεν,περιτίθημι,V.AAI3S,G4060,Rahlfs,LXX
17,Esther,5,11,Esther 5:11,15,καὶ,καί,C,G2532,Rahlfs,LXX
17,Esther,5,11,Esther 5:11,16,ὡς,ὥς,C,G5613,Rahlfs,LXX
17,Esther,5,11,Esther 5:11,17,ἐποίησεν,ποιέω,V.AAI3S,G4160,Rahlfs,LXX
17,Esther,5,11,Esther 5:11,18,αὐτὸν,αὐτός,RD.ASM,G846,Rahlfs,LXX
17,Esther,5,11,Esther 5:11,19,πρωτεύειν,πρωτεύω,V.PAN,G4409,Rahlfs,LXX
17,Esther,5,11,Esther 5:11,20,καὶ,καί,C,G2532,Rahlfs,LXX
17,Esther,5,11,Esther 5:11,21,ἡγεῖσθαι,ἡγέομαι,V.PMN,G2233,Rahlfs,LXX
17,Esther,5,11,Esther 5:11,22,τῆς,ὁ,RA.GSF,G3588,Rahlfs,LXX
17,Esther,5,11,Esther 5:11,23,βασιλείας,βασιλεία,N.GSF,G932,Rahlfs,LXX
17,Esther,5,12,Esther 5:12,1,καὶ,καί,C,G2532,Rahlfs,LXX
17,Esther,5,12,Esther 5:12,2,εἶπεν,ἔπω,V.AAI3S,G2036,Rahlfs,LXX
17,Esther,5,12,Esther 5:12,3,Αμαν,Ἁμάν,N.NSM,,Rahlfs,LXX
17,Esther,5,12,Esther 5:12,4,οὐ,οὐ,D,G3756,Rahlfs,LXX
17,Esther,5,12,Esther 5:12,5,κέκληκεν,καλέω,V.XAI3S,G2564,Rahlfs,LXX
17,Esther,5,12,Esther 5:12,6,ἡ,ὁ,RA.NSF,G3588,Rahlfs,LXX
17,Esther,5,12,Esther 5:12,7,βασίλισσα,βασίλισσα,N.NSF,G938,Rahlfs,LXX
17,Esther,5,12,Esther 5:12,8,μετὰ,μετά,P,G3326,Rahlfs,LXX
17,Esther,5,12,Esther 5:12,9,τοῦ,ὁ,RA.GSM,G3588,Rahlfs,LXX
17,Esther,5,12,Esther 5:12,10,βασιλέως,βασιλεύς,N.GSM,G935,Rahlfs,LXX
17,Esther,5,12,Esther 5:12,11,οὐδένα,οὐδείς,A.ASM,G3762,Rahlfs,LXX
17,Esther,5,12,Esther 5:12,12,εἰς,εἰς,P,G1519,Rahlfs,LXX
17,Esther,5,12,Esther 5:12,13,τὴν,ὁ,RA.ASF,G3588,Rahlfs,LXX
17,Esther,5,12,Esther 5:12,14,δοχὴν,δοχή,N.ASF,G1403,Rahlfs,LXX
17,Esther,5,12,Esther 5:12,15,ἀλλ᾿,ἀλλά,C,G235,Rahlfs,LXX
17,Esther,5,12,Esther 5:12,16,ἢ,ἤ,C,G2228,Rahlfs,LXX
17,Esther,5,12,Esther 5:12,17,ἐμέ,ἐμέ,RP.AS,G1691,Rahlfs,LXX
17,Esther,5,12,Esther 5:12,18,καὶ,καί,C,G2532,Rahlfs,LXX
17,Esther,5,12,Esther 5:12,19,εἰς,εἰς,P,G1519,Rahlfs,LXX
17,Esther,5,12,Esther 5:12,20,τὴν,ὁ,RA.ASF,G3588,Rahlfs,LXX
17,Esther,5,12,Esther 5:12,21,αὔριον,αὔριον,D,G839,Rahlfs,LXX
17,Esther,5,12,Esther 5:12,22,κέκλημαι,καλέω,V.XMI1S,G2564,Rahlfs,LXX
17,Esther,5,13,Esther 5:13,1,καὶ,καί,C,G2532,Rahlfs,LXX
17,Esther,5,13,Esther 5:13,2,ταῦτά,οὗτος,RD.NPN,G3778,Rahlfs,LXX
17,Esther,5,13,Esther 5:13,3,μοι,μοι,RP.DS,G3427,Rahlfs,LXX
17,Esther,5,13,Esther 5:13,4,οὐκ,οὐ,D,G3756,Rahlfs,LXX
17,Esther,5,13,Esther 5:13,5,ἀρέσκει,ἀρέσκω,V.PAI3S,G700,Rahlfs,LXX
17,Esther,5,13,Esther 5:13,6,ὅταν,ὅταν,D,G3752,Rahlfs,LXX
17,Esther,5,13,Esther 5:13,7,ἴδω,ὁράω,V.AAS1S,G3708,Rahlfs,LXX
17,Esther,5,13,Esther 5:13,8,Μαρδοχαῖον,Μαρδοχαῖος,N.ASM,,Rahlfs,LXX
17,Esther,5,13,Esther 5:13,9,τὸν,ὁ,RA.ASM,G3588,Rahlfs,LXX
17,Esther,5,13,Esther 5:13,10,Ιουδαῖον,Ἰουδαῖος,N.ASM,G2453,Rahlfs,LXX
17,Esther,5,13,Esther 5:13,11,ἐν,ἐν,P,G1722,Rahlfs,LXX
17,Esther,5,13,Esther 5:13,12,τῇ,ὁ,RA.DSF,G3588,Rahlfs,LXX
17,Esther,5,13,Esther 5:13,13,αὐλῇ,αὐλή,N.DSF,G833,Rahlfs,LXX
17,Esther,5,14,Esther 5:14,1,καὶ,καί,C,G2532,Rahlfs,LXX
17,Esther,5,14,Esther 5:14,2,εἶπεν,ἔπω,V.AAI3S,G2036,Rahlfs,LXX
17,Esther,5,14,Esther 5:14,3,πρὸς,πρός,P,G4314,Rahlfs,LXX
17,Esther,5,14,Esther 5:14,4,αὐτὸν,αὐτός,RD.ASM,G846,Rahlfs,LXX
17,Esther,5,14,Esther 5:14,5,Ζωσαρα,Ζωσαρα,N.NSF,,Rahlfs,LXX
17,Esther,5,14,Esther 5:14,6,ἡ,ὁ,RA.NSF,G3588,Rahlfs,LXX
17,Esther,5,14,Esther 5:14,7,γυνὴ,γυνή,N.NSF,G1135,Rahlfs,LXX
17,Esther,5,14,Esther 5:14,8,αὐτοῦ,αὐτός,RD.GSM,G846,Rahlfs,LXX
17,Esther,5,14,Esther 5:14,9,καὶ,καί,C,G2532,Rahlfs,LXX
17,Esther,5,14,Esther 5:14,10,οἱ,ὁ,RA.NPM,G3588,Rahlfs,LXX
17,Esther,5,14,Esther 5:14,11,φίλοι,φίλος,A.NPM,G5384,Rahlfs,LXX
17,Esther,5,14,Esther 5:14,12,κοπήτω,κόπτω,V.AAD3S,G2875,Rahlfs,LXX
17,Esther,5,14,Esther 5:14,13,σοι,σοί,RP.DS,G4671,Rahlfs,LXX
17,Esther,5,14,Esther 5:14,14,ξύλον,ξύλον,N.ASN,G3586,Rahlfs,LXX
17,Esther,5,14,Esther 5:14,15,πηχῶν,πῆχυς,N.GPM,G4083,Rahlfs,LXX
17,Esther,5,14,Esther 5:14,16,πεντήκοντα,πεντήκοντα,M,G4004,Rahlfs,LXX
17,Esther,5,14,Esther 5:14,17,ὄρθρου,ὄρθρος,N.GSM,G3722,Rahlfs,LXX
17,Esther,5,14,Esther 5:14,18,δὲ,δέ,X,G1161,Rahlfs,LXX
17,Esther,5,14,Esther 5:14,19,εἰπὸν,ἔπω,V.AAD2S,G2036,Rahlfs,LXX
17,Esther,5,14,Esther 5:14,20,τῷ,ὁ,RA.DSM,G3588,Rahlfs,LXX
17,Esther,5,14,Esther 5:14,21,βασιλεῖ,βασιλεύς,N.DSM,G935,Rahlfs,LXX
17,Esther,5,14,Esther 5:14,22,καὶ,καί,C,G2532,Rahlfs,LXX
17,Esther,5,14,Esther 5:14,23,κρεμασθήτω,κρεμάννυμι,V.APD3S,G2910,Rahlfs,LXX
17,Esther,5,14,Esther 5:14,24,Μαρδοχαῖος,Μαρδοχαῖος,N.NSM,,Rahlfs,LXX
17,Esther,5,14,Esther 5:14,25,ἐπὶ,ἐπί,P,G1909,Rahlfs,LXX
17,Esther,5,14,Esther 5:14,26,τοῦ,ὁ,RA.GSN,G3588,Rahlfs,LXX
17,Esther,5,14,Esther 5:14,27,ξύλου,ξύλον,N.GSN,G3586,Rahlfs,LXX
17,Esther,5,14,Esther 5:14,28,σὺ,σύ,RP.NS,G4771,Rahlfs,LXX
17,Esther,5,14,Esther 5:14,29,δὲ,δέ,X,G1161,Rahlfs,LXX
17,Esther,5,14,Esther 5:14,30,εἴσελθε,εἰσέρχομαι,V.AAD2S,G1525,Rahlfs,LXX
17,Esther,5,14,Esther 5:14,31,εἰς,εἰς,P,G1519,Rahlfs,LXX
17,Esther,5,14,Esther 5:14,32,τὴν,ὁ,RA.ASF,G3588,Rahlfs,LXX
17,Esther,5,14,Esther 5:14,33,δοχὴν,δοχή,N.ASF,G1403,Rahlfs,LXX
17,Esther,5,14,Esther 5:14,34,σὺν,σύν,P,G4862,Rahlfs,LXX
17,Esther,5,14,Esther 5:14,35,τῷ,ὁ,RA.DSM,G3588,Rahlfs,LXX
17,Esther,5,14,Esther 5:14,36,βασιλεῖ,βασιλεύς,N.DSM,G935,Rahlfs,LXX
17,Esther,5,14,Esther 5:14,37,καὶ,καί,C,G2532,Rahlfs,LXX
17,Esther,5,14,Esther 5:14,38,εὐφραίνου,εὐφραίνω,V.PMD2S,G2165,Rahlfs,LXX
17,Esther,5,14,Esther 5:14,39,καὶ,καί,C,G2532,Rahlfs,LXX
17,Esther,5,14,Esther 5:14,40,ἤρεσεν,ἀρέσκω,V.AAI3S,G700,Rahlfs,LXX
17,Esther,5,14,Esther 5:14,41,τὸ,ὁ,RA.NSN,G3588,Rahlfs,LXX
17,Esther,5,14,Esther 5:14,42,ῥῆμα,ῥῆμα,N.NSN,G4487,Rahlfs,LXX
17,Esther,5,14,Esther 5:14,43,τῷ,ὁ,RA.DSM,G3588,Rahlfs,LXX
17,Esther,5,14,Esther 5:14,44,Αμαν,Ἁμάν,N.DSM,,Rahlfs,LXX
17,Esther,5,14,Esther 5:14,45,καὶ,καί,C,G2532,Rahlfs,LXX
17,Esther,5,14,Esther 5:14,46,ἡτοιμάσθη,ἑτοιμάζω,V.API3S,G2090,Rahlfs,LXX
17,Esther,5,14,Esther 5:14,47,τὸ,ὁ,RA.NSN,G3588,Rahlfs,LXX
17,Esther,5,14,Esther 5:14,48,ξύλον,ξύλον,N.NSN,G3586,Rahlfs,LXX
17,Esther,6,1,Esther 6:1,1,ὁ,ὁ,RA.NSM,G3588,Rahlfs,LXX
17,Esther,6,1,Esther 6:1,2,δὲ,δέ,X,G1161,Rahlfs,LXX
17,Esther,6,1,Esther 6:1,3,κύριος,κύριος,N.NSM,G2962,Rahlfs,LXX
17,Esther,6,1,Esther 6:1,4,ἀπέστησεν,ἀφίστημι,V.AAI3S,G868,Rahlfs,LXX
17,Esther,6,1,Esther 6:1,5,τὸν,ὁ,RA.ASM,G3588,Rahlfs,LXX
17,Esther,6,1,Esther 6:1,6,ὕπνον,ὕπνος,N.ASM,G5258,Rahlfs,LXX
17,Esther,6,1,Esther 6:1,7,ἀπὸ,ἀπό,P,G575,Rahlfs,LXX
17,Esther,6,1,Esther 6:1,8,τοῦ,ὁ,RA.GSM,G3588,Rahlfs,LXX
17,Esther,6,1,Esther 6:1,9,βασιλέως,βασιλεύς,N.GSM,G935,Rahlfs,LXX
17,Esther,6,1,Esther 6:1,10,τὴν,ὁ,RA.ASF,G3588,Rahlfs,LXX
17,Esther,6,1,Esther 6:1,11,νύκτα,νύξ,N.ASF,G3571,Rahlfs,LXX
17,Esther,6,1,Esther 6:1,12,ἐκείνην,ἐκεῖνος,RD.ASF,G1565,Rahlfs,LXX
17,Esther,6,1,Esther 6:1,13,καὶ,καί,C,G2532,Rahlfs,LXX
17,Esther,6,1,Esther 6:1,14,εἶπεν,ἔπω,V.AAI3S,G2036,Rahlfs,LXX
17,Esther,6,1,Esther 6:1,15,τῷ,ὁ,RA.DSM,G3588,Rahlfs,LXX
17,Esther,6,1,Esther 6:1,16,διδασκάλῳ,διδάσκαλος,N.DSM,G1320,Rahlfs,LXX
17,Esther,6,1,Esther 6:1,17,αὐτοῦ,αὐτός,RD.GSM,G846,Rahlfs,LXX
17,Esther,6,1,Esther 6:1,18,εἰσφέρειν,εἰσφέρω,V.PAN,G1533,Rahlfs,LXX
17,Esther,6,1,Esther 6:1,19,γράμματα,γράμμα,N.APN,G1121,Rahlfs,LXX
17,Esther,6,1,Esther 6:1,20,μνημόσυνα,μνημόσυνον,N.APN,G3422,Rahlfs,LXX
17,Esther,6,1,Esther 6:1,21,τῶν,ὁ,RA.GPF,G3588,Rahlfs,LXX
17,Esther,6,1,Esther 6:1,22,ἡμερῶν,ἡμέρα,N.GPF,G2250,Rahlfs,LXX
17,Esther,6,1,Esther 6:1,23,ἀναγινώσκειν,ἀναγινώσκω,V.PAN,G314,Rahlfs,LXX
17,Esther,6,1,Esther 6:1,24,αὐτῷ,αὐτός,RD.DSM,G846,Rahlfs,LXX
17,Esther,6,2,Esther 6:2,1,εὗρεν,εὑρίσκω,V.AAI3S,G2147,Rahlfs,LXX
17,Esther,6,2,Esther 6:2,2,δὲ,δέ,X,G1161,Rahlfs,LXX
17,Esther,6,2,Esther 6:2,3,τὰ,ὁ,RA.APN,G3588,Rahlfs,LXX
17,Esther,6,2,Esther 6:2,4,γράμματα,γράμμα,N.APN,G1121,Rahlfs,LXX
17,Esther,6,2,Esther 6:2,5,τὰ,ὁ,RA.APN,G3588,Rahlfs,LXX
17,Esther,6,2,Esther 6:2,6,γραφέντα,γράφω,V.APPAPN,G1125,Rahlfs,LXX
17,Esther,6,2,Esther 6:2,7,περὶ,περί,P,G4012,Rahlfs,LXX
17,Esther,6,2,Esther 6:2,8,Μαρδοχαίου,Μαρδοχαῖος,N.GSM,,Rahlfs,LXX
17,Esther,6,2,Esther 6:2,9,ὡς,ὥς,C,G5613,Rahlfs,LXX
17,Esther,6,2,Esther 6:2,10,ἀπήγγειλεν,ἀπαγγέλλω,V.AAI3S,G518,Rahlfs,LXX
17,Esther,6,2,Esther 6:2,11,τῷ,ὁ,RA.DSM,G3588,Rahlfs,LXX
17,Esther,6,2,Esther 6:2,12,βασιλεῖ,βασιλεύς,N.DSM,G935,Rahlfs,LXX
17,Esther,6,2,Esther 6:2,13,περὶ,περί,P,G4012,Rahlfs,LXX
17,Esther,6,2,Esther 6:2,14,τῶν,ὁ,RA.GPM,G3588,Rahlfs,LXX
17,Esther,6,2,Esther 6:2,15,δύο,δύο,M,G1417,Rahlfs,LXX
17,Esther,6,2,Esther 6:2,16,εὐνούχων,εὐνοῦχος,N.GPM,G2135,Rahlfs,LXX
17,Esther,6,2,Esther 6:2,17,τοῦ,ὁ,RA.GSM,G3588,Rahlfs,LXX
17,Esther,6,2,Esther 6:2,18,βασιλέως,βασιλεύς,N.GSM,G935,Rahlfs,LXX
17,Esther,6,2,Esther 6:2,19,ἐν,ἐν,P,G1722,Rahlfs,LXX
17,Esther,6,2,Esther 6:2,20,τῷ,ὁ,RA.DSN,G3588,Rahlfs,LXX
17,Esther,6,2,Esther 6:2,21,φυλάσσειν,φυλάσσω,V.PAN,G5442,Rahlfs,LXX
17,Esther,6,2,Esther 6:2,22,αὐτοὺς,αὐτός,RD.APM,G846,Rahlfs,LXX
17,Esther,6,2,Esther 6:2,23,καὶ,καί,C,G2532,Rahlfs,LXX
17,Esther,6,2,Esther 6:2,24,ζητῆσαι,ζητέω,V.AAN,G2212,Rahlfs,LXX
17,Esther,6,2,Esther 6:2,25,ἐπιβαλεῖν,ἐπιβάλλω,V.AAN,G1911,Rahlfs,LXX
17,Esther,6,2,Esther 6:2,26,τὰς,ὁ,RA.APF,G3588,Rahlfs,LXX
17,Esther,6,2,Esther 6:2,27,χεῖρας,χείρ,N.APF,G5495,Rahlfs,LXX
17,Esther,6,2,Esther 6:2,28,Ἀρταξέρξῃ,Ἀρταξέρξης,N.DSM,,Rahlfs,LXX
17,Esther,6,3,Esther 6:3,1,εἶπεν,ἔπω,V.AAI3S,G2036,Rahlfs,LXX
17,Esther,6,3,Esther 6:3,2,δὲ,δέ,X,G1161,Rahlfs,LXX
17,Esther,6,3,Esther 6:3,3,ὁ,ὁ,RA.NSM,G3588,Rahlfs,LXX
17,Esther,6,3,Esther 6:3,4,βασιλεύς,βασιλεύς,N.NSM,G935,Rahlfs,LXX
17,Esther,6,3,Esther 6:3,5,τίνα,τίς,RI.ASF,G5101,Rahlfs,LXX
17,Esther,6,3,Esther 6:3,6,δόξαν,δόξα,N.ASF,G1391,Rahlfs,LXX
17,Esther,6,3,Esther 6:3,7,ἢ,ἤ,C,G2228,Rahlfs,LXX
17,Esther,6,3,Esther 6:3,8,χάριν,χάρις,N.ASF,G5485,Rahlfs,LXX
17,Esther,6,3,Esther 6:3,9,ἐποιήσαμεν,ποιέω,V.AAI1P,G4160,Rahlfs,LXX
17,Esther,6,3,Esther 6:3,10,τῷ,ὁ,RA.DSM,G3588,Rahlfs,LXX
17,Esther,6,3,Esther 6:3,11,Μαρδοχαίῳ,Μαρδοχαῖος,N.DSM,,Rahlfs,LXX
17,Esther,6,3,Esther 6:3,12,καὶ,καί,C,G2532,Rahlfs,LXX
17,Esther,6,3,Esther 6:3,13,εἶπαν,ἔπω,V.AAI3P,G2036,Rahlfs,LXX
17,Esther,6,3,Esther 6:3,14,οἱ,ὁ,RA.NPM,G3588,Rahlfs,LXX
17,Esther,6,3,Esther 6:3,15,διάκονοι,διάκονος,N.NPM,G1249,Rahlfs,LXX
17,Esther,6,3,Esther 6:3,16,τοῦ,ὁ,RA.GSM,G3588,Rahlfs,LXX
17,Esther,6,3,Esther 6:3,17,βασιλέως,βασιλεύς,N.GSM,G935,Rahlfs,LXX
17,Esther,6,3,Esther 6:3,18,οὐκ,οὐ,D,G3756,Rahlfs,LXX
17,Esther,6,3,Esther 6:3,19,ἐποίησας,ποιέω,V.AAI2S,G4160,Rahlfs,LXX
17,Esther,6,3,Esther 6:3,20,αὐτῷ,αὐτός,RD.DSM,G846,Rahlfs,LXX
17,Esther,6,3,Esther 6:3,21,οὐδέν,οὐδείς,A.ASN,G3762,Rahlfs,LXX
17,Esther,6,4,Esther 6:4,1,ἐν,ἐν,P,G1722,Rahlfs,LXX
17,Esther,6,4,Esther 6:4,2,δὲ,δέ,X,G1161,Rahlfs,LXX
17,Esther,6,4,Esther 6:4,3,τῷ,ὁ,RA.DSN,G3588,Rahlfs,LXX
17,Esther,6,4,Esther 6:4,4,πυνθάνεσθαι,πυνθάνομαι,V.PMN,G4441,Rahlfs,LXX
17,Esther,6,4,Esther 6:4,5,τὸν,ὁ,RA.ASM,G3588,Rahlfs,LXX
17,Esther,6,4,Esther 6:4,6,βασιλέα,βασιλεύς,N.ASM,G935,Rahlfs,LXX
17,Esther,6,4,Esther 6:4,7,περὶ,περί,P,G4012,Rahlfs,LXX
17,Esther,6,4,Esther 6:4,8,τῆς,ὁ,RA.GSF,G3588,Rahlfs,LXX
17,Esther,6,4,Esther 6:4,9,εὐνοίας,εὔνοια,N.GSF,G2133,Rahlfs,LXX
17,Esther,6,4,Esther 6:4,10,Μαρδοχαίου,Μαρδοχαῖος,N.GSM,,Rahlfs,LXX
17,Esther,6,4,Esther 6:4,11,ἰδοὺ,ἰδού,I,G2400,Rahlfs,LXX
17,Esther,6,4,Esther 6:4,12,Αμαν,Ἁμάν,N.NSM,,Rahlfs,LXX
17,Esther,6,4,Esther 6:4,13,ἐν,ἐν,P,G1722,Rahlfs,LXX
17,Esther,6,4,Esther 6:4,14,τῇ,ὁ,RA.DSF,G3588,Rahlfs,LXX
17,Esther,6,4,Esther 6:4,15,αὐλῇ,αὐλή,N.DSF,G833,Rahlfs,LXX
17,Esther,6,4,Esther 6:4,16,εἶπεν,ἔπω,V.AAI3S,G2036,Rahlfs,LXX
17,Esther,6,4,Esther 6:4,17,δὲ,δέ,X,G1161,Rahlfs,LXX
17,Esther,6,4,Esther 6:4,18,ὁ,ὁ,RA.NSM,G3588,Rahlfs,LXX
17,Esther,6,4,Esther 6:4,19,βασιλεύς,βασιλεύς,N.NSM,G935,Rahlfs,LXX
17,Esther,6,4,Esther 6:4,20,τίς,τίς,RI.NSM,G5101,Rahlfs,LXX
17,Esther,6,4,Esther 6:4,21,ἐν,ἐν,P,G1722,Rahlfs,LXX
17,Esther,6,4,Esther 6:4,22,τῇ,ὁ,RA.DSF,G3588,Rahlfs,LXX
17,Esther,6,4,Esther 6:4,23,αὐλῇ,αὐλή,N.DSF,G833,Rahlfs,LXX
17,Esther,6,4,Esther 6:4,24,ὁ,ὁ,RA.NSM,G3588,Rahlfs,LXX
17,Esther,6,4,Esther 6:4,25,δὲ,δέ,X,G1161,Rahlfs,LXX
17,Esther,6,4,Esther 6:4,26,Αμαν,Ἁμάν,N.NSM,,Rahlfs,LXX
17,Esther,6,4,Esther 6:4,27,εἰσῆλθεν,εἰσέρχομαι,V.AAI3S,G1525,Rahlfs,LXX
17,Esther,6,4,Esther 6:4,28,εἰπεῖν,λέγω,V.AAN,G3004,Rahlfs,LXX
17,Esther,6,4,Esther 6:4,29,τῷ,ὁ,RA.DSM,G3588,Rahlfs,LXX
17,Esther,6,4,Esther 6:4,30,βασιλεῖ,βασιλεύς,N.DSM,G935,Rahlfs,LXX
17,Esther,6,4,Esther 6:4,31,κρεμάσαι,κρεμάννυμι,V.AAN,G2910,Rahlfs,LXX
17,Esther,6,4,Esther 6:4,32,τὸν,ὁ,RA.ASM,G3588,Rahlfs,LXX
17,Esther,6,4,Esther 6:4,33,Μαρδοχαῖον,Μαρδοχαῖος,N.ASM,,Rahlfs,LXX
17,Esther,6,4,Esther 6:4,34,ἐπὶ,ἐπί,P,G1909,Rahlfs,LXX
17,Esther,6,4,Esther 6:4,35,τῷ,ὁ,RA.DSN,G3588,Rahlfs,LXX
17,Esther,6,4,Esther 6:4,36,ξύλῳ,ξύλον,N.DSN,G3586,Rahlfs,LXX
17,Esther,6,4,Esther 6:4,37,ᾧ,ὅς,RR.DSN,G3739,Rahlfs,LXX
17,Esther,6,4,Esther 6:4,38,ἡτοίμασεν,ἑτοιμάζω,V.AAI3S,G2090,Rahlfs,LXX
17,Esther,6,5,Esther 6:5,1,καὶ,καί,C,G2532,Rahlfs,LXX
17,Esther,6,5,Esther 6:5,2,εἶπαν,ἔπω,V.AAI3P,G2036,Rahlfs,LXX
17,Esther,6,5,Esther 6:5,3,οἱ,ὁ,RA.NPM,G3588,Rahlfs,LXX
17,Esther,6,5,Esther 6:5,4,διάκονοι,διάκονος,N.NPM,G1249,Rahlfs,LXX
17,Esther,6,5,Esther 6:5,5,τοῦ,ὁ,RA.GSM,G3588,Rahlfs,LXX
17,Esther,6,5,Esther 6:5,6,βασιλέως,βασιλεύς,N.GSM,G935,Rahlfs,LXX
17,Esther,6,5,Esther 6:5,7,ἰδοὺ,ἰδού,I,G2400,Rahlfs,LXX
17,Esther,6,5,Esther 6:5,8,Αμαν,Ἁμάν,N.NSM,,Rahlfs,LXX
17,Esther,6,5,Esther 6:5,9,ἕστηκεν,ἵστημι,V.XAI3S,G2476,Rahlfs,LXX
17,Esther,6,5,Esther 6:5,10,ἐν,ἐν,P,G1722,Rahlfs,LXX
17,Esther,6,5,Esther 6:5,11,τῇ,ὁ,RA.DSF,G3588,Rahlfs,LXX
17,Esther,6,5,Esther 6:5,12,αὐλῇ,αὐλή,N.DSF,G833,Rahlfs,LXX
17,Esther,6,5,Esther 6:5,13,καὶ,καί,C,G2532,Rahlfs,LXX
17,Esther,6,5,Esther 6:5,14,εἶπεν,ἔπω,V.AAI3S,G2036,Rahlfs,LXX
17,Esther,6,5,Esther 6:5,15,ὁ,ὁ,RA.NSM,G3588,Rahlfs,LXX
17,Esther,6,5,Esther 6:5,16,βασιλεύς,βασιλεύς,N.NSM,G935,Rahlfs,LXX
17,Esther,6,5,Esther 6:5,17,καλέσατε,καλέω,V.AAD2P,G2564,Rahlfs,LXX
17,Esther,6,5,Esther 6:5,18,αὐτόν,αὐτός,RD.ASM,G846,Rahlfs,LXX
17,Esther,6,6,Esther 6:6,1,εἶπεν,ἔπω,V.AAI3S,G2036,Rahlfs,LXX
17,Esther,6,6,Esther 6:6,2,δὲ,δέ,X,G1161,Rahlfs,LXX
17,Esther,6,6,Esther 6:6,3,ὁ,ὁ,RA.NSM,G3588,Rahlfs,LXX
17,Esther,6,6,Esther 6:6,4,βασιλεὺς,βασιλεύς,N.NSM,G935,Rahlfs,LXX
17,Esther,6,6,Esther 6:6,5,τῷ,ὁ,RA.DSM,G3588,Rahlfs,LXX
17,Esther,6,6,Esther 6:6,6,Αμαν,Ἁμάν,N.DSM,,Rahlfs,LXX
17,Esther,6,6,Esther 6:6,7,τί,τίς,RI.ASN,G5101,Rahlfs,LXX
17,Esther,6,6,Esther 6:6,8,ποιήσω,ποιέω,V.FAI1S,G4160,Rahlfs,LXX
17,Esther,6,6,Esther 6:6,9,τῷ,ὁ,RA.DSM,G3588,Rahlfs,LXX
17,Esther,6,6,Esther 6:6,10,ἀνθρώπῳ,ἄνθρωπος,N.DSM,G444,Rahlfs,LXX
17,Esther,6,6,Esther 6:6,11,ὃν,ὅς,RR.ASM,G3739,Rahlfs,LXX
17,Esther,6,6,Esther 6:6,12,ἐγὼ,ἐγώ,RP.NS,G1473,Rahlfs,LXX
17,Esther,6,6,Esther 6:6,13,θέλω,θέλω,V.PAI1S,G2309,Rahlfs,LXX
17,Esther,6,6,Esther 6:6,14,δοξάσαι,δοξάζω,V.AAN,G1392,Rahlfs,LXX
17,Esther,6,6,Esther 6:6,15,εἶπεν,ἔπω,V.AAI3S,G2036,Rahlfs,LXX
17,Esther,6,6,Esther 6:6,16,δὲ,δέ,X,G1161,Rahlfs,LXX
17,Esther,6,6,Esther 6:6,17,ἐν,ἐν,P,G1722,Rahlfs,LXX
17,Esther,6,6,Esther 6:6,18,ἑαυτῷ,ἑαυτοῦ,RD.DSM,G1438,Rahlfs,LXX
17,Esther,6,6,Esther 6:6,19,Αμαν,Ἁμάν,N.NSM,,Rahlfs,LXX
17,Esther,6,6,Esther 6:6,20,τίνα,τίς,RI.ASM,G5101,Rahlfs,LXX
17,Esther,6,6,Esther 6:6,21,θέλει,θέλω,V.PAI3S,G2309,Rahlfs,LXX
17,Esther,6,6,Esther 6:6,22,ὁ,ὁ,RA.NSM,G3588,Rahlfs,LXX
17,Esther,6,6,Esther 6:6,23,βασιλεὺς,βασιλεύς,N.NSM,G935,Rahlfs,LXX
17,Esther,6,6,Esther 6:6,24,δοξάσαι,δοξάζω,V.AAN,G1392,Rahlfs,LXX
17,Esther,6,6,Esther 6:6,25,εἰ,εἰ,C,G1487,Rahlfs,LXX
17,Esther,6,6,Esther 6:6,26,μὴ,μή,D,G3361,Rahlfs,LXX
17,Esther,6,6,Esther 6:6,27,ἐμέ,ἐμέ,RP.AS,G1691,Rahlfs,LXX
17,Esther,6,7,Esther 6:7,1,εἶπεν,ἔπω,V.AAI3S,G2036,Rahlfs,LXX
17,Esther,6,7,Esther 6:7,2,δὲ,δέ,X,G1161,Rahlfs,LXX
17,Esther,6,7,Esther 6:7,3,πρὸς,πρός,P,G4314,Rahlfs,LXX
17,Esther,6,7,Esther 6:7,4,τὸν,ὁ,RA.ASM,G3588,Rahlfs,LXX
17,Esther,6,7,Esther 6:7,5,βασιλέα,βασιλεύς,N.ASM,G935,Rahlfs,LXX
17,Esther,6,7,Esther 6:7,6,ἄνθρωπον,ἄνθρωπος,N.ASM,G444,Rahlfs,LXX
17,Esther,6,7,Esther 6:7,7,ὃν,ὅς,RR.ASM,G3739,Rahlfs,LXX
17,Esther,6,7,Esther 6:7,8,ὁ,ὁ,RA.NSM,G3588,Rahlfs,LXX
17,Esther,6,7,Esther 6:7,9,βασιλεὺς,βασιλεύς,N.NSM,G935,Rahlfs,LXX
17,Esther,6,7,Esther 6:7,10,θέλει,θέλω,V.PAI3S,G2309,Rahlfs,LXX
17,Esther,6,7,Esther 6:7,11,δοξάσαι,δοξάζω,V.AAN,G1392,Rahlfs,LXX
17,Esther,6,8,Esther 6:8,1,ἐνεγκάτωσαν,φέρω,V.AAD3P,G5342,Rahlfs,LXX
17,Esther,6,8,Esther 6:8,2,οἱ,ὁ,RA.NPM,G3588,Rahlfs,LXX
17,Esther,6,8,Esther 6:8,3,παῖδες,παῖς,N.NPM,G3816,Rahlfs,LXX
17,Esther,6,8,Esther 6:8,4,τοῦ,ὁ,RA.GSM,G3588,Rahlfs,LXX
17,Esther,6,8,Esther 6:8,5,βασιλέως,βασιλεύς,N.GSM,G935,Rahlfs,LXX
17,Esther,6,8,Esther 6:8,6,στολὴν,στολή,N.ASF,G4749,Rahlfs,LXX
17,Esther,6,8,Esther 6:8,7,βυσσίνην,βύσσινος,A.ASF,G1039,Rahlfs,LXX
17,Esther,6,8,Esther 6:8,8,ἣν,ὅς,RR.ASF,G3739,Rahlfs,LXX
17,Esther,6,8,Esther 6:8,9,ὁ,ὁ,RA.NSM,G3588,Rahlfs,LXX
17,Esther,6,8,Esther 6:8,10,βασιλεὺς,βασιλεύς,N.NSM,G935,Rahlfs,LXX
17,Esther,6,8,Esther 6:8,11,περιβάλλεται,περιβάλλω,V.PMI3S,G4016,Rahlfs,LXX
17,Esther,6,8,Esther 6:8,12,καὶ,καί,C,G2532,Rahlfs,LXX
17,Esther,6,8,Esther 6:8,13,ἵππον,ἵππος,N.ASM,G2462,Rahlfs,LXX
17,Esther,6,8,Esther 6:8,14,ἐφ᾿,ἐπί,P,G1909,Rahlfs,LXX
17,Esther,6,8,Esther 6:8,15,ὃν,ὅς,RR.ASM,G3739,Rahlfs,LXX
17,Esther,6,8,Esther 6:8,16,ὁ,ὁ,RA.NSM,G3588,Rahlfs,LXX
17,Esther,6,8,Esther 6:8,17,βασιλεὺς,βασιλεύς,N.NSM,G935,Rahlfs,LXX
17,Esther,6,8,Esther 6:8,18,ἐπιβαίνει,ἐπιβαίνω,V.PAI3S,G1910,Rahlfs,LXX
17,Esther,6,9,Esther 6:9,1,καὶ,καί,C,G2532,Rahlfs,LXX
17,Esther,6,9,Esther 6:9,2,δότω,δίδωμι,V.AAD3S,G1325,Rahlfs,LXX
17,Esther,6,9,Esther 6:9,3,ἑνὶ,εἷς,A.DSM,G1520,Rahlfs,LXX
17,Esther,6,9,Esther 6:9,4,τῶν,ὁ,RA.GPM,G3588,Rahlfs,LXX
17,Esther,6,9,Esther 6:9,5,φίλων,φίλος,A.GPM,G5384,Rahlfs,LXX
17,Esther,6,9,Esther 6:9,6,τοῦ,ὁ,RA.GSM,G3588,Rahlfs,LXX
17,Esther,6,9,Esther 6:9,7,βασιλέως,βασιλεύς,N.GSM,G935,Rahlfs,LXX
17,Esther,6,9,Esther 6:9,8,τῶν,ὁ,RA.GPM,G3588,Rahlfs,LXX
17,Esther,6,9,Esther 6:9,9,ἐνδόξων,ἔνδοξος,A.GPM,G1741,Rahlfs,LXX
17,Esther,6,9,Esther 6:9,10,καὶ,καί,C,G2532,Rahlfs,LXX
17,Esther,6,9,Esther 6:9,11,στολισάτω,στολίζω,V.AAD3S,,Rahlfs,LXX
17,Esther,6,9,Esther 6:9,12,τὸν,ὁ,RA.ASM,G3588,Rahlfs,LXX
17,Esther,6,9,Esther 6:9,13,ἄνθρωπον,ἄνθρωπος,N.ASM,G444,Rahlfs,LXX
17,Esther,6,9,Esther 6:9,14,ὃν,ὅς,RR.ASM,G3739,Rahlfs,LXX
17,Esther,6,9,Esther 6:9,15,ὁ,ὁ,RA.NSM,G3588,Rahlfs,LXX
17,Esther,6,9,Esther 6:9,16,βασιλεὺς,βασιλεύς,N.NSM,G935,Rahlfs,LXX
17,Esther,6,9,Esther 6:9,17,ἀγαπᾷ,ἀγαπάω,V.PAI3S,G25,Rahlfs,LXX
17,Esther,6,9,Esther 6:9,18,καὶ,καί,C,G2532,Rahlfs,LXX
17,Esther,6,9,Esther 6:9,19,ἀναβιβασάτω,ἀναβιβάζω,V.AAD3S,G307,Rahlfs,LXX
17,Esther,6,9,Esther 6:9,20,αὐτὸν,αὐτός,RD.ASM,G846,Rahlfs,LXX
17,Esther,6,9,Esther 6:9,21,ἐπὶ,ἐπί,P,G1909,Rahlfs,LXX
17,Esther,6,9,Esther 6:9,22,τὸν,ὁ,RA.ASM,G3588,Rahlfs,LXX
17,Esther,6,9,Esther 6:9,23,ἵππον,ἵππος,N.ASM,G2462,Rahlfs,LXX
17,Esther,6,9,Esther 6:9,24,καὶ,καί,C,G2532,Rahlfs,LXX
17,Esther,6,9,Esther 6:9,25,κηρυσσέτω,κηρύσσω,V.PAD3S,G2784,Rahlfs,LXX
17,Esther,6,9,Esther 6:9,26,διὰ,διά,P,G1223,Rahlfs,LXX
17,Esther,6,9,Esther 6:9,27,τῆς,ὁ,RA.GSF,G3588,Rahlfs,LXX
17,Esther,6,9,Esther 6:9,28,πλατείας,πλατεῖα,N.GSF,G4113,Rahlfs,LXX
17,Esther,6,9,Esther 6:9,29,τῆς,ὁ,RA.GSF,G3588,Rahlfs,LXX
17,Esther,6,9,Esther 6:9,30,πόλεως,πόλις,N.GSF,G4172,Rahlfs,LXX
17,Esther,6,9,Esther 6:9,31,λέγων,λέγω,V.PAPNSM,G3004,Rahlfs,LXX
17,Esther,6,9,Esther 6:9,32,οὕτως,οὕτως,D,G3779,Rahlfs,LXX
17,Esther,6,9,Esther 6:9,33,ἔσται,εἰμί,V.FMI3S,G1510,Rahlfs,LXX
17,Esther,6,9,Esther 6:9,34,παντὶ,πᾶς,A.DSM,G3956,Rahlfs,LXX
17,Esther,6,9,Esther 6:9,35,ἀνθρώπῳ,ἄνθρωπος,N.DSM,G444,Rahlfs,LXX
17,Esther,6,9,Esther 6:9,36,ὃν,ὅς,RR.ASM,G3739,Rahlfs,LXX
17,Esther,6,9,Esther 6:9,37,ὁ,ὁ,RA.NSM,G3588,Rahlfs,LXX
17,Esther,6,9,Esther 6:9,38,βασιλεὺς,βασιλεύς,N.NSM,G935,Rahlfs,LXX
17,Esther,6,9,Esther 6:9,39,δοξάζει,δοξάζω,V.PAI3S,G1392,Rahlfs,LXX
17,Esther,6,10,Esther 6:10,1,εἶπεν,ἔπω,V.AAI3S,G2036,Rahlfs,LXX
17,Esther,6,10,Esther 6:10,2,δὲ,δέ,X,G1161,Rahlfs,LXX
17,Esther,6,10,Esther 6:10,3,ὁ,ὁ,RA.NSM,G3588,Rahlfs,LXX
17,Esther,6,10,Esther 6:10,4,βασιλεὺς,βασιλεύς,N.NSM,G935,Rahlfs,LXX
17,Esther,6,10,Esther 6:10,5,τῷ,ὁ,RA.DSM,G3588,Rahlfs,LXX
17,Esther,6,10,Esther 6:10,6,Αμαν,Ἁμάν,N.DSM,,Rahlfs,LXX
17,Esther,6,10,Esther 6:10,7,καθὼς,καθώς,D,G2531,Rahlfs,LXX
17,Esther,6,10,Esther 6:10,8,ἐλάλησας,λαλέω,V.AAI2S,G2980,Rahlfs,LXX
17,Esther,6,10,Esther 6:10,9,οὕτως,οὕτως,D,G3779,Rahlfs,LXX
17,Esther,6,10,Esther 6:10,10,ποίησον,ποιέω,V.AAD2S,G4160,Rahlfs,LXX
17,Esther,6,10,Esther 6:10,11,τῷ,ὁ,RA.DSM,G3588,Rahlfs,LXX
17,Esther,6,10,Esther 6:10,12,Μαρδοχαίῳ,Μαρδοχαῖος,N.DSM,,Rahlfs,LXX
17,Esther,6,10,Esther 6:10,13,τῷ,ὁ,RA.DSM,G3588,Rahlfs,LXX
17,Esther,6,10,Esther 6:10,14,Ιουδαίῳ,Ἰουδαῖος,N.DSM,G2453,Rahlfs,LXX
17,Esther,6,10,Esther 6:10,15,τῷ,ὁ,RA.DSM,G3588,Rahlfs,LXX
17,Esther,6,10,Esther 6:10,16,θεραπεύοντι,θεραπεύω,V.PAPDSM,G2323,Rahlfs,LXX
17,Esther,6,10,Esther 6:10,17,ἐν,ἐν,P,G1722,Rahlfs,LXX
17,Esther,6,10,Esther 6:10,18,τῇ,ὁ,RA.DSF,G3588,Rahlfs,LXX
17,Esther,6,10,Esther 6:10,19,αὐλῇ,αὐλή,N.DSF,G833,Rahlfs,LXX
17,Esther,6,10,Esther 6:10,20,καὶ,καί,C,G2532,Rahlfs,LXX
17,Esther,6,10,Esther 6:10,21,μὴ,μή,D,G3361,Rahlfs,LXX
17,Esther,6,10,Esther 6:10,22,παραπεσάτω,παραπίπτω,V.AAD3S,G3895,Rahlfs,LXX
17,Esther,6,10,Esther 6:10,23,σου,σοῦ,RP.GS,G4675,Rahlfs,LXX
17,Esther,6,10,Esther 6:10,24,λόγος,λόγος,N.NSM,G3056,Rahlfs,LXX
17,Esther,6,10,Esther 6:10,25,ὧν,ὅς,RR.GPM,G3739,Rahlfs,LXX
17,Esther,6,10,Esther 6:10,26,ἐλάλησας,λαλέω,V.AAI2S,G2980,Rahlfs,LXX
17,Esther,6,11,Esther 6:11,1,ἔλαβεν,λαμβάνω,V.AAI3S,G2983,Rahlfs,LXX
17,Esther,6,11,Esther 6:11,2,δὲ,δέ,X,G1161,Rahlfs,LXX
17,Esther,6,11,Esther 6:11,3,Αμαν,Ἁμάν,N.NSM,,Rahlfs,LXX
17,Esther,6,11,Esther 6:11,4,τὴν,ὁ,RA.ASF,G3588,Rahlfs,LXX
17,Esther,6,11,Esther 6:11,5,στολὴν,στολή,N.ASF,G4749,Rahlfs,LXX
17,Esther,6,11,Esther 6:11,6,καὶ,καί,C,G2532,Rahlfs,LXX
17,Esther,6,11,Esther 6:11,7,τὸν,ὁ,RA.ASM,G3588,Rahlfs,LXX
17,Esther,6,11,Esther 6:11,8,ἵππον,ἵππος,N.ASM,G2462,Rahlfs,LXX
17,Esther,6,11,Esther 6:11,9,καὶ,καί,C,G2532,Rahlfs,LXX
17,Esther,6,11,Esther 6:11,10,ἐστόλισεν,στολίζω,V.AAI3S,,Rahlfs,LXX
17,Esther,6,11,Esther 6:11,11,τὸν,ὁ,RA.ASM,G3588,Rahlfs,LXX
17,Esther,6,11,Esther 6:11,12,Μαρδοχαῖον,Μαρδοχαῖος,N.ASM,,Rahlfs,LXX
17,Esther,6,11,Esther 6:11,13,καὶ,καί,C,G2532,Rahlfs,LXX
17,Esther,6,11,Esther 6:11,14,ἀνεβίβασεν,ἀναβιβάζω,V.AAI3S,G307,Rahlfs,LXX
17,Esther,6,11,Esther 6:11,15,αὐτὸν,αὐτός,RD.ASM,G846,Rahlfs,LXX
17,Esther,6,11,Esther 6:11,16,ἐπὶ,ἐπί,P,G1909,Rahlfs,LXX
17,Esther,6,11,Esther 6:11,17,τὸν,ὁ,RA.ASM,G3588,Rahlfs,LXX
17,Esther,6,11,Esther 6:11,18,ἵππον,ἵππος,N.ASM,G2462,Rahlfs,LXX
17,Esther,6,11,Esther 6:11,19,καὶ,καί,C,G2532,Rahlfs,LXX
17,Esther,6,11,Esther 6:11,20,διῆλθεν,διέρχομαι,V.AAI3S,G1330,Rahlfs,LXX
17,Esther,6,11,Esther 6:11,21,διὰ,διά,P,G1223,Rahlfs,LXX
17,Esther,6,11,Esther 6:11,22,τῆς,ὁ,RA.GSF,G3588,Rahlfs,LXX
17,Esther,6,11,Esther 6:11,23,πλατείας,πλατεῖα,N.GSF,G4113,Rahlfs,LXX
17,Esther,6,11,Esther 6:11,24,τῆς,ὁ,RA.GSF,G3588,Rahlfs,LXX
17,Esther,6,11,Esther 6:11,25,πόλεως,πόλις,N.GSF,G4172,Rahlfs,LXX
17,Esther,6,11,Esther 6:11,26,καὶ,καί,C,G2532,Rahlfs,LXX
17,Esther,6,11,Esther 6:11,27,ἐκήρυσσεν,κηρύσσω,V.AAI3S,G2784,Rahlfs,LXX
17,Esther,6,11,Esther 6:11,28,λέγων,λέγω,V.PAPNSM,G3004,Rahlfs,LXX
17,Esther,6,11,Esther 6:11,29,οὕτως,οὕτως,D,G3779,Rahlfs,LXX
17,Esther,6,11,Esther 6:11,30,ἔσται,εἰμί,V.FMI3S,G1510,Rahlfs,LXX
17,Esther,6,11,Esther 6:11,31,παντὶ,πᾶς,A.DSM,G3956,Rahlfs,LXX
17,Esther,6,11,Esther 6:11,32,ἀνθρώπῳ,ἄνθρωπος,N.DSM,G444,Rahlfs,LXX
17,Esther,6,11,Esther 6:11,33,ὃν,ὅς,RR.ASM,G3739,Rahlfs,LXX
17,Esther,6,11,Esther 6:11,34,ὁ,ὁ,RA.NSM,G3588,Rahlfs,LXX
17,Esther,6,11,Esther 6:11,35,βασιλεὺς,βασιλεύς,N.NSM,G935,Rahlfs,LXX
17,Esther,6,11,Esther 6:11,36,θέλει,θέλω,V.PAI3S,G2309,Rahlfs,LXX
17,Esther,6,11,Esther 6:11,37,δοξάσαι,δοξάζω,V.AAN,G1392,Rahlfs,LXX
17,Esther,6,12,Esther 6:12,1,ἐπέστρεψεν,ἐπιστρέφω,V.AAI3S,G1994,Rahlfs,LXX
17,Esther,6,12,Esther 6:12,2,δὲ,δέ,X,G1161,Rahlfs,LXX
17,Esther,6,12,Esther 6:12,3,ὁ,ὁ,RA.NSM,G3588,Rahlfs,LXX
17,Esther,6,12,Esther 6:12,4,Μαρδοχαῖος,Μαρδοχαῖος,N.NSM,,Rahlfs,LXX
17,Esther,6,12,Esther 6:12,5,εἰς,εἰς,P,G1519,Rahlfs,LXX
17,Esther,6,12,Esther 6:12,6,τὴν,ὁ,RA.ASF,G3588,Rahlfs,LXX
17,Esther,6,12,Esther 6:12,7,αὐλήν,αὐλή,N.ASF,G833,Rahlfs,LXX
17,Esther,6,12,Esther 6:12,8,Αμαν,Ἁμάν,N.NSM,,Rahlfs,LXX
17,Esther,6,12,Esther 6:12,9,δὲ,δέ,X,G1161,Rahlfs,LXX
17,Esther,6,12,Esther 6:12,10,ὑπέστρεψεν,ὑποστρέφω,V.AAI3S,G5290,Rahlfs,LXX
17,Esther,6,12,Esther 6:12,11,εἰς,εἰς,P,G1519,Rahlfs,LXX
17,Esther,6,12,Esther 6:12,12,τὰ,ὁ,RA.APN,G3588,Rahlfs,LXX
17,Esther,6,12,Esther 6:12,13,ἴδια,ἴδιος,A.APN,G2398,Rahlfs,LXX
17,Esther,6,12,Esther 6:12,14,λυπούμενος,λυπέω,V.PMPNSM,G3076,Rahlfs,LXX
17,Esther,6,12,Esther 6:12,15,κατὰ,κατά,P,G2596,Rahlfs,LXX
17,Esther,6,12,Esther 6:12,16,κεφαλῆς,κεφαλή,N.GSF,G2776,Rahlfs,LXX
17,Esther,6,13,Esther 6:13,1,καὶ,καί,C,G2532,Rahlfs,LXX
17,Esther,6,13,Esther 6:13,2,διηγήσατο,διηγέομαι,V.AMI3S,G1334,Rahlfs,LXX
17,Esther,6,13,Esther 6:13,3,Αμαν,Ἁμάν,N.NSM,,Rahlfs,LXX
17,Esther,6,13,Esther 6:13,4,τὰ,ὁ,RA.APN,G3588,Rahlfs,LXX
17,Esther,6,13,Esther 6:13,5,συμβεβηκότα,συμβαίνω,V.XAPAPN,G4819,Rahlfs,LXX
17,Esther,6,13,Esther 6:13,6,αὐτῷ,αὐτός,RD.DSM,G846,Rahlfs,LXX
17,Esther,6,13,Esther 6:13,7,Ζωσαρα,Ζωσαρα,N.DSF,,Rahlfs,LXX
17,Esther,6,13,Esther 6:13,8,τῇ,ὁ,RA.DSF,G3588,Rahlfs,LXX
17,Esther,6,13,Esther 6:13,9,γυναικὶ,γυνή,N.DSF,G1135,Rahlfs,LXX
17,Esther,6,13,Esther 6:13,10,αὐτοῦ,αὐτός,RD.GSM,G846,Rahlfs,LXX
17,Esther,6,13,Esther 6:13,11,καὶ,καί,C,G2532,Rahlfs,LXX
17,Esther,6,13,Esther 6:13,12,τοῖς,ὁ,RA.DPM,G3588,Rahlfs,LXX
17,Esther,6,13,Esther 6:13,13,φίλοις,φίλος,A.DPM,G5384,Rahlfs,LXX
17,Esther,6,13,Esther 6:13,14,καὶ,καί,C,G2532,Rahlfs,LXX
17,Esther,6,13,Esther 6:13,15,εἶπαν,ἔπω,V.AAI3P,G2036,Rahlfs,LXX
17,Esther,6,13,Esther 6:13,16,πρὸς,πρός,P,G4314,Rahlfs,LXX
17,Esther,6,13,Esther 6:13,17,αὐτὸν,αὐτός,RD.ASM,G846,Rahlfs,LXX
17,Esther,6,13,Esther 6:13,18,οἱ,ὁ,RA.NPM,G3588,Rahlfs,LXX
17,Esther,6,13,Esther 6:13,19,φίλοι,φίλος,A.NPM,G5384,Rahlfs,LXX
17,Esther,6,13,Esther 6:13,20,καὶ,καί,C,G2532,Rahlfs,LXX
17,Esther,6,13,Esther 6:13,21,ἡ,ὁ,RA.NSF,G3588,Rahlfs,LXX
17,Esther,6,13,Esther 6:13,22,γυνή,γυνή,N.NSF,G1135,Rahlfs,LXX
17,Esther,6,13,Esther 6:13,23,εἰ,εἰ,C,G1487,Rahlfs,LXX
17,Esther,6,13,Esther 6:13,24,ἐκ,ἐκ,P,G1537,Rahlfs,LXX
17,Esther,6,13,Esther 6:13,25,γένους,γένος,N.GSN,G1085,Rahlfs,LXX
17,Esther,6,13,Esther 6:13,26,Ιουδαίων,Ἰουδαῖος,N.GPM,G2453,Rahlfs,LXX
17,Esther,6,13,Esther 6:13,27,Μαρδοχαῖος,Μαρδοχαῖος,N.NSM,,Rahlfs,LXX
17,Esther,6,13,Esther 6:13,28,ἦρξαι,ἄρχω,V.AAN,G757,Rahlfs,LXX
17,Esther,6,13,Esther 6:13,29,ταπεινοῦσθαι,ταπεινόω,V.PMN,G5013,Rahlfs,LXX
17,Esther,6,13,Esther 6:13,30,ἐνώπιον,ἐνώπιος,P,G1799,Rahlfs,LXX
17,Esther,6,13,Esther 6:13,31,αὐτοῦ,αὐτός,RD.GSM,G846,Rahlfs,LXX
17,Esther,6,13,Esther 6:13,32,πεσὼν,πίπτω,V.AAPNSM,G4098,Rahlfs,LXX
17,Esther,6,13,Esther 6:13,33,πεσῇ,πίπτω,V.FMI2S,G4098,Rahlfs,LXX
17,Esther,6,13,Esther 6:13,34,οὐ,οὐ,D,G3756,Rahlfs,LXX
17,Esther,6,13,Esther 6:13,35,μὴ,μή,D,G3361,Rahlfs,LXX
17,Esther,6,13,Esther 6:13,36,δύνῃ,δύναμαι,V.PMI2S,G1410,Rahlfs,LXX
17,Esther,6,13,Esther 6:13,37,αὐτὸν,αὐτός,RD.ASM,G846,Rahlfs,LXX
17,Esther,6,13,Esther 6:13,38,ἀμύνασθαι,ἀμύνω,V.AMN,G292,Rahlfs,LXX
17,Esther,6,13,Esther 6:13,39,ὅτι,ὅτι,C,G3754,Rahlfs,LXX
17,Esther,6,13,Esther 6:13,40,θεὸς,θεός,N.NSM,G2316,Rahlfs,LXX
17,Esther,6,13,Esther 6:13,41,ζῶν,ζάω,V.PAPNSM,G2198,Rahlfs,LXX
17,Esther,6,13,Esther 6:13,42,μετ᾿,μετά,P,G3326,Rahlfs,LXX
17,Esther,6,13,Esther 6:13,43,αὐτοῦ,αὐτός,RD.GSM,G846,Rahlfs,LXX
17,Esther,6,14,Esther 6:14,1,ἔτι,ἔτι,D,G2089,Rahlfs,LXX
17,Esther,6,14,Esther 6:14,2,αὐτῶν,αὐτός,RD.GPM,G846,Rahlfs,LXX
17,Esther,6,14,Esther 6:14,3,λαλούντων,λαλέω,V.PAPGPM,G2980,Rahlfs,LXX
17,Esther,6,14,Esther 6:14,4,παραγίνονται,παραγίνομαι,V.PMI3P,G3854,Rahlfs,LXX
17,Esther,6,14,Esther 6:14,5,οἱ,ὁ,RA.NPM,G3588,Rahlfs,LXX
17,Esther,6,14,Esther 6:14,6,εὐνοῦχοι,εὐνοῦχος,N.NPM,G2135,Rahlfs,LXX
17,Esther,6,14,Esther 6:14,7,ἐπισπεύδοντες,ἐπισπεύδω,V.PAPNPM,,Rahlfs,LXX
17,Esther,6,14,Esther 6:14,8,τὸν,ὁ,RA.ASM,G3588,Rahlfs,LXX
17,Esther,6,14,Esther 6:14,9,Αμαν,Ἁμάν,N.ASM,,Rahlfs,LXX
17,Esther,6,14,Esther 6:14,10,ἐπὶ,ἐπί,P,G1909,Rahlfs,LXX
17,Esther,6,14,Esther 6:14,11,τὸν,ὁ,RA.ASM,G3588,Rahlfs,LXX
17,Esther,6,14,Esther 6:14,12,πότον,πότος,N.ASM,G4224,Rahlfs,LXX
17,Esther,6,14,Esther 6:14,13,ὃν,ὅς,RR.ASM,G3739,Rahlfs,LXX
17,Esther,6,14,Esther 6:14,14,ἡτοίμασεν,ἑτοιμάζω,V.AAI3S,G2090,Rahlfs,LXX
17,Esther,6,14,Esther 6:14,15,Εσθηρ,Εσθηρ,N.NSF,,Rahlfs,LXX
17,Esther,7,1,Esther 7:1,1,εἰσῆλθεν,εἰσέρχομαι,V.AAI3S,G1525,Rahlfs,LXX
17,Esther,7,1,Esther 7:1,2,δὲ,δέ,X,G1161,Rahlfs,LXX
17,Esther,7,1,Esther 7:1,3,ὁ,ὁ,RA.NSM,G3588,Rahlfs,LXX
17,Esther,7,1,Esther 7:1,4,βασιλεὺς,βασιλεύς,N.NSM,G935,Rahlfs,LXX
17,Esther,7,1,Esther 7:1,5,καὶ,καί,C,G2532,Rahlfs,LXX
17,Esther,7,1,Esther 7:1,6,Αμαν,Ἁμάν,N.NSM,,Rahlfs,LXX
17,Esther,7,1,Esther 7:1,7,συμπιεῖν,συμπίνω,V.AAN,G4844,Rahlfs,LXX
17,Esther,7,1,Esther 7:1,8,τῇ,ὁ,RA.DSF,G3588,Rahlfs,LXX
17,Esther,7,1,Esther 7:1,9,βασιλίσσῃ,βασίλισσα,N.DSF,G938,Rahlfs,LXX
17,Esther,7,2,Esther 7:2,1,εἶπεν,ἔπω,V.AAI3S,G2036,Rahlfs,LXX
17,Esther,7,2,Esther 7:2,2,δὲ,δέ,X,G1161,Rahlfs,LXX
17,Esther,7,2,Esther 7:2,3,ὁ,ὁ,RA.NSM,G3588,Rahlfs,LXX
17,Esther,7,2,Esther 7:2,4,βασιλεὺς,βασιλεύς,N.NSM,G935,Rahlfs,LXX
17,Esther,7,2,Esther 7:2,5,Εσθηρ,Εσθηρ,N.DSF,,Rahlfs,LXX
17,Esther,7,2,Esther 7:2,6,τῇ,ὁ,RA.DSF,G3588,Rahlfs,LXX
17,Esther,7,2,Esther 7:2,7,δευτέρᾳ,δεύτερος,A.DSF,G1208,Rahlfs,LXX
17,Esther,7,2,Esther 7:2,8,ἡμέρᾳ,ἡμέρα,N.DSF,G2250,Rahlfs,LXX
17,Esther,7,2,Esther 7:2,9,ἐν,ἐν,P,G1722,Rahlfs,LXX
17,Esther,7,2,Esther 7:2,10,τῷ,ὁ,RA.DSN,G3588,Rahlfs,LXX
17,Esther,7,2,Esther 7:2,11,πότῳ,πότος,N.DSN,G4224,Rahlfs,LXX
17,Esther,7,2,Esther 7:2,12,τί,τίς,RI.NSN,G5101,Rahlfs,LXX
17,Esther,7,2,Esther 7:2,13,ἐστιν,εἰμί,V.PAI3S,G1510,Rahlfs,LXX
17,Esther,7,2,Esther 7:2,14,Εσθηρ,Εσθηρ,N.VSF,,Rahlfs,LXX
17,Esther,7,2,Esther 7:2,15,βασίλισσα,βασίλισσα,N.VSF,G938,Rahlfs,LXX
17,Esther,7,2,Esther 7:2,16,καὶ,καί,C,G2532,Rahlfs,LXX
17,Esther,7,2,Esther 7:2,17,τί,τίς,RI.NSN,G5101,Rahlfs,LXX
17,Esther,7,2,Esther 7:2,18,τὸ,ὁ,RA.NSN,G3588,Rahlfs,LXX
17,Esther,7,2,Esther 7:2,19,αἴτημά,αἴτημα,N.NSN,G155,Rahlfs,LXX
17,Esther,7,2,Esther 7:2,20,σου,σοῦ,RP.GS,G4675,Rahlfs,LXX
17,Esther,7,2,Esther 7:2,21,καὶ,καί,C,G2532,Rahlfs,LXX
17,Esther,7,2,Esther 7:2,22,τί,τίς,RI.NSN,G5101,Rahlfs,LXX
17,Esther,7,2,Esther 7:2,23,τὸ,ὁ,RA.NSN,G3588,Rahlfs,LXX
17,Esther,7,2,Esther 7:2,24,ἀξίωμά,ἀξίωμα,N.NSN,,Rahlfs,LXX
17,Esther,7,2,Esther 7:2,25,σου,σοῦ,RP.GS,G4675,Rahlfs,LXX
17,Esther,7,2,Esther 7:2,26,καὶ,καί,C,G2532,Rahlfs,LXX
17,Esther,7,2,Esther 7:2,27,ἔστω,εἰμί,V.PAD3S,G1510,Rahlfs,LXX
17,Esther,7,2,Esther 7:2,28,σοι,σοί,RP.DS,G4671,Rahlfs,LXX
17,Esther,7,2,Esther 7:2,29,ἕως,ἕως,P,G2193,Rahlfs,LXX
17,Esther,7,2,Esther 7:2,30,τοῦ,ὁ,RA.GSN,G3588,Rahlfs,LXX
17,Esther,7,2,Esther 7:2,31,ἡμίσους,ἥμισυς,A.GSN,G2255,Rahlfs,LXX
17,Esther,7,2,Esther 7:2,32,τῆς,ὁ,RA.GSF,G3588,Rahlfs,LXX
17,Esther,7,2,Esther 7:2,33,βασιλείας,βασιλεία,N.GSF,G932,Rahlfs,LXX
17,Esther,7,2,Esther 7:2,34,μου,μου,RP.GS,G3450,Rahlfs,LXX
17,Esther,7,3,Esther 7:3,1,καὶ,καί,C,G2532,Rahlfs,LXX
17,Esther,7,3,Esther 7:3,2,ἀποκριθεῖσα,ἀποκρίνομαι,V.APPNSF,G611,Rahlfs,LXX
17,Esther,7,3,Esther 7:3,3,εἶπεν,ἔπω,V.AAI3S,G2036,Rahlfs,LXX
17,Esther,7,3,Esther 7:3,4,εἰ,εἰ,C,G1487,Rahlfs,LXX
17,Esther,7,3,Esther 7:3,5,εὗρον,εὑρίσκω,V.AAI1S,G2147,Rahlfs,LXX
17,Esther,7,3,Esther 7:3,6,χάριν,χάρις,N.ASF,G5485,Rahlfs,LXX
17,Esther,7,3,Esther 7:3,7,ἐνώπιον,ἐνώπιος,P,G1799,Rahlfs,LXX
17,Esther,7,3,Esther 7:3,8,τοῦ,ὁ,RA.GSM,G3588,Rahlfs,LXX
17,Esther,7,3,Esther 7:3,9,βασιλέως,βασιλεύς,N.GSM,G935,Rahlfs,LXX
17,Esther,7,3,Esther 7:3,10,δοθήτω,δίδωμι,V.APD3S,G1325,Rahlfs,LXX
17,Esther,7,3,Esther 7:3,11,ἡ,ὁ,RA.NSF,G3588,Rahlfs,LXX
17,Esther,7,3,Esther 7:3,12,ψυχή,ψυχή,N.NSF,G5590,Rahlfs,LXX
17,Esther,7,3,Esther 7:3,13,μου,μου,RP.GS,G3450,Rahlfs,LXX
17,Esther,7,3,Esther 7:3,14,τῷ,ὁ,RA.DSN,G3588,Rahlfs,LXX
17,Esther,7,3,Esther 7:3,15,αἰτήματί,αἴτημα,N.DSN,G155,Rahlfs,LXX
17,Esther,7,3,Esther 7:3,16,μου,μου,RP.GS,G3450,Rahlfs,LXX
17,Esther,7,3,Esther 7:3,17,καὶ,καί,C,G2532,Rahlfs,LXX
17,Esther,7,3,Esther 7:3,18,ὁ,ὁ,RA.NSM,G3588,Rahlfs,LXX
17,Esther,7,3,Esther 7:3,19,λαός,λαός,N.NSM,G2992,Rahlfs,LXX
17,Esther,7,3,Esther 7:3,20,μου,μου,RP.GS,G3450,Rahlfs,LXX
17,Esther,7,3,Esther 7:3,21,τῷ,ὁ,RA.DSN,G3588,Rahlfs,LXX
17,Esther,7,3,Esther 7:3,22,ἀξιώματί,ἀξίωμα,N.DSN,,Rahlfs,LXX
17,Esther,7,3,Esther 7:3,23,μου,μου,RP.GS,G3450,Rahlfs,LXX
17,Esther,7,4,Esther 7:4,1,ἐπράθημεν,πιπράσκω,V.API1P,G4097,Rahlfs,LXX
17,Esther,7,4,Esther 7:4,2,γὰρ,γάρ,X,G1063,Rahlfs,LXX
17,Esther,7,4,Esther 7:4,3,ἐγώ,ἐγώ,RP.NS,G1473,Rahlfs,LXX
17,Esther,7,4,Esther 7:4,4,τε,τε,X,G5037,Rahlfs,LXX
17,Esther,7,4,Esther 7:4,5,καὶ,καί,C,G2532,Rahlfs,LXX
17,Esther,7,4,Esther 7:4,6,ὁ,ὁ,RA.NSM,G3588,Rahlfs,LXX
17,Esther,7,4,Esther 7:4,7,λαός,λαός,N.NSM,G2992,Rahlfs,LXX
17,Esther,7,4,Esther 7:4,8,μου,μου,RP.GS,G3450,Rahlfs,LXX
17,Esther,7,4,Esther 7:4,9,εἰς,εἰς,P,G1519,Rahlfs,LXX
17,Esther,7,4,Esther 7:4,10,ἀπώλειαν,ἀπώλεια,N.ASF,G684,Rahlfs,LXX
17,Esther,7,4,Esther 7:4,11,καὶ,καί,C,G2532,Rahlfs,LXX
17,Esther,7,4,Esther 7:4,12,διαρπαγὴν,διαρπαγή,N.ASF,,Rahlfs,LXX
17,Esther,7,4,Esther 7:4,13,καὶ,καί,C,G2532,Rahlfs,LXX
17,Esther,7,4,Esther 7:4,14,δουλείαν,δουλεία,N.ASF,G1397,Rahlfs,LXX
17,Esther,7,4,Esther 7:4,15,ἡμεῖς,ἡμεῖς,RP.NP,G2249,Rahlfs,LXX
17,Esther,7,4,Esther 7:4,16,καὶ,καί,C,G2532,Rahlfs,LXX
17,Esther,7,4,Esther 7:4,17,τὰ,ὁ,RA.NPN,G3588,Rahlfs,LXX
17,Esther,7,4,Esther 7:4,18,τέκνα,τέκνον,N.NPN,G5043,Rahlfs,LXX
17,Esther,7,4,Esther 7:4,19,ἡμῶν,ἡμῶν,RP.GP,G2257,Rahlfs,LXX
17,Esther,7,4,Esther 7:4,20,εἰς,εἰς,P,G1519,Rahlfs,LXX
17,Esther,7,4,Esther 7:4,21,παῖδας,παῖς,N.APM,G3816,Rahlfs,LXX
17,Esther,7,4,Esther 7:4,22,καὶ,καί,C,G2532,Rahlfs,LXX
17,Esther,7,4,Esther 7:4,23,παιδίσκας,παιδίσκη,N.APF,G3814,Rahlfs,LXX
17,Esther,7,4,Esther 7:4,24,καὶ,καί,C,G2532,Rahlfs,LXX
17,Esther,7,4,Esther 7:4,25,παρήκουσα,παρακούω,V.AAI1S,G3878,Rahlfs,LXX
17,Esther,7,4,Esther 7:4,26,οὐ,οὐ,D,G3756,Rahlfs,LXX
17,Esther,7,4,Esther 7:4,27,γὰρ,γάρ,X,G1063,Rahlfs,LXX
17,Esther,7,4,Esther 7:4,28,ἄξιος,ἄξιος,A.NSM,G514,Rahlfs,LXX
17,Esther,7,4,Esther 7:4,29,ὁ,ὁ,RA.NSM,G3588,Rahlfs,LXX
17,Esther,7,4,Esther 7:4,30,διάβολος,διάβολος,N.NSM,G1228,Rahlfs,LXX
17,Esther,7,4,Esther 7:4,31,τῆς,ὁ,RA.GSF,G3588,Rahlfs,LXX
17,Esther,7,4,Esther 7:4,32,αὐλῆς,αὐλή,N.GSF,G833,Rahlfs,LXX
17,Esther,7,4,Esther 7:4,33,τοῦ,ὁ,RA.GSM,G3588,Rahlfs,LXX
17,Esther,7,4,Esther 7:4,34,βασιλέως,βασιλεύς,N.GSM,G935,Rahlfs,LXX
17,Esther,7,5,Esther 7:5,1,εἶπεν,ἔπω,V.AAI3S,G2036,Rahlfs,LXX
17,Esther,7,5,Esther 7:5,2,δὲ,δέ,X,G1161,Rahlfs,LXX
17,Esther,7,5,Esther 7:5,3,ὁ,ὁ,RA.NSM,G3588,Rahlfs,LXX
17,Esther,7,5,Esther 7:5,4,βασιλεύς,βασιλεύς,N.NSM,G935,Rahlfs,LXX
17,Esther,7,5,Esther 7:5,5,τίς,τίς,RI.NSM,G5101,Rahlfs,LXX
17,Esther,7,5,Esther 7:5,6,οὗτος,οὗτος,RD.NSM,G3778,Rahlfs,LXX
17,Esther,7,5,Esther 7:5,7,ὅστις,ὅστις,RX.NSM,G3748,Rahlfs,LXX
17,Esther,7,5,Esther 7:5,8,ἐτόλμησεν,τολμάω,V.AAI3S,G5111,Rahlfs,LXX
17,Esther,7,5,Esther 7:5,9,ποιῆσαι,ποιέω,V.AAN,G4160,Rahlfs,LXX
17,Esther,7,5,Esther 7:5,10,τὸ,ὁ,RA.ASN,G3588,Rahlfs,LXX
17,Esther,7,5,Esther 7:5,11,πρᾶγμα,πρᾶγμα,N.ASN,G4229,Rahlfs,LXX
17,Esther,7,5,Esther 7:5,12,τοῦτο,οὗτος,RD.ASN,G3778,Rahlfs,LXX
17,Esther,7,6,Esther 7:6,1,εἶπεν,ἔπω,V.AAI3S,G2036,Rahlfs,LXX
17,Esther,7,6,Esther 7:6,2,δὲ,δέ,X,G1161,Rahlfs,LXX
17,Esther,7,6,Esther 7:6,3,Εσθηρ,Εσθηρ,N.NSF,,Rahlfs,LXX
17,Esther,7,6,Esther 7:6,4,ἄνθρωπος,ἄνθρωπος,N.NSM,G444,Rahlfs,LXX
17,Esther,7,6,Esther 7:6,5,ἐχθρὸς,ἐχθρός,A.NSM,G2190,Rahlfs,LXX
17,Esther,7,6,Esther 7:6,6,Αμαν,Ἁμάν,N.NSM,,Rahlfs,LXX
17,Esther,7,6,Esther 7:6,7,ὁ,ὁ,RA.NSM,G3588,Rahlfs,LXX
17,Esther,7,6,Esther 7:6,8,πονηρὸς,πονηρός,A.NSM,G4190,Rahlfs,LXX
17,Esther,7,6,Esther 7:6,9,οὗτος,οὗτος,RD.NSM,G3778,Rahlfs,LXX
17,Esther,7,6,Esther 7:6,10,Αμαν,Ἁμάν,N.NSM,,Rahlfs,LXX
17,Esther,7,6,Esther 7:6,11,δὲ,δέ,X,G1161,Rahlfs,LXX
17,Esther,7,6,Esther 7:6,12,ἐταράχθη,ταράσσω,V.API3S,G5015,Rahlfs,LXX
17,Esther,7,6,Esther 7:6,13,ἀπὸ,ἀπό,P,G575,Rahlfs,LXX
17,Esther,7,6,Esther 7:6,14,τοῦ,ὁ,RA.GSM,G3588,Rahlfs,LXX
17,Esther,7,6,Esther 7:6,15,βασιλέως,βασιλεύς,N.GSM,G935,Rahlfs,LXX
17,Esther,7,6,Esther 7:6,16,καὶ,καί,C,G2532,Rahlfs,LXX
17,Esther,7,6,Esther 7:6,17,τῆς,ὁ,RA.GSF,G3588,Rahlfs,LXX
17,Esther,7,6,Esther 7:6,18,βασιλίσσης,βασίλισσα,N.GSF,G938,Rahlfs,LXX
17,Esther,7,7,Esther 7:7,1,ὁ,ὁ,RA.NSM,G3588,Rahlfs,LXX
17,Esther,7,7,Esther 7:7,2,δὲ,δέ,X,G1161,Rahlfs,LXX
17,Esther,7,7,Esther 7:7,3,βασιλεὺς,βασιλεύς,N.NSM,G935,Rahlfs,LXX
17,Esther,7,7,Esther 7:7,4,ἐξανέστη,ἐξανίστημι,V.AAI3S,G1817,Rahlfs,LXX
17,Esther,7,7,Esther 7:7,5,ἐκ,ἐκ,P,G1537,Rahlfs,LXX
17,Esther,7,7,Esther 7:7,6,τοῦ,ὁ,RA.GSN,G3588,Rahlfs,LXX
17,Esther,7,7,Esther 7:7,7,συμποσίου,συμπόσιον,N.GSN,G4849,Rahlfs,LXX
17,Esther,7,7,Esther 7:7,8,εἰς,εἰς,P,G1519,Rahlfs,LXX
17,Esther,7,7,Esther 7:7,9,τὸν,ὁ,RA.ASM,G3588,Rahlfs,LXX
17,Esther,7,7,Esther 7:7,10,κῆπον,κῆπος,N.ASM,G2779,Rahlfs,LXX
17,Esther,7,7,Esther 7:7,11,ὁ,ὁ,RA.NSM,G3588,Rahlfs,LXX
17,Esther,7,7,Esther 7:7,12,δὲ,δέ,X,G1161,Rahlfs,LXX
17,Esther,7,7,Esther 7:7,13,Αμαν,Ἁμάν,N.NSM,,Rahlfs,LXX
17,Esther,7,7,Esther 7:7,14,παρῃτεῖτο,παραιτέομαι,V.IMI3S,G3868,Rahlfs,LXX
17,Esther,7,7,Esther 7:7,15,τὴν,ὁ,RA.ASF,G3588,Rahlfs,LXX
17,Esther,7,7,Esther 7:7,16,βασίλισσαν,βασίλισσα,N.ASF,G938,Rahlfs,LXX
17,Esther,7,7,Esther 7:7,17,ἑώρα,ὁράω,V.IAI3S,G3708,Rahlfs,LXX
17,Esther,7,7,Esther 7:7,18,γὰρ,γάρ,X,G1063,Rahlfs,LXX
17,Esther,7,7,Esther 7:7,19,ἑαυτὸν,ἑαυτοῦ,RD.ASM,G1438,Rahlfs,LXX
17,Esther,7,7,Esther 7:7,20,ἐν,ἐν,P,G1722,Rahlfs,LXX
17,Esther,7,7,Esther 7:7,21,κακοῖς,κακός,A.DPN,G2556,Rahlfs,LXX
17,Esther,7,7,Esther 7:7,22,ὄντα,εἰμί,V.PAPASM,G1510,Rahlfs,LXX
17,Esther,7,8,Esther 7:8,1,ἐπέστρεψεν,ἐπιστρέφω,V.AAI3S,G1994,Rahlfs,LXX
17,Esther,7,8,Esther 7:8,2,δὲ,δέ,X,G1161,Rahlfs,LXX
17,Esther,7,8,Esther 7:8,3,ὁ,ὁ,RA.NSM,G3588,Rahlfs,LXX
17,Esther,7,8,Esther 7:8,4,βασιλεὺς,βασιλεύς,N.NSM,G935,Rahlfs,LXX
17,Esther,7,8,Esther 7:8,5,ἐκ,ἐκ,P,G1537,Rahlfs,LXX
17,Esther,7,8,Esther 7:8,6,τοῦ,ὁ,RA.GSM,G3588,Rahlfs,LXX
17,Esther,7,8,Esther 7:8,7,κήπου,κῆπος,N.GSM,G2779,Rahlfs,LXX
17,Esther,7,8,Esther 7:8,8,Αμαν,Ἁμάν,N.NSM,,Rahlfs,LXX
17,Esther,7,8,Esther 7:8,9,δὲ,δέ,X,G1161,Rahlfs,LXX
17,Esther,7,8,Esther 7:8,10,ἐπιπεπτώκει,ἐπιπίπτω,V.XAI3S,G1968,Rahlfs,LXX
17,Esther,7,8,Esther 7:8,11,ἐπὶ,ἐπί,P,G1909,Rahlfs,LXX
17,Esther,7,8,Esther 7:8,12,τὴν,ὁ,RA.ASF,G3588,Rahlfs,LXX
17,Esther,7,8,Esther 7:8,13,κλίνην,κλίνη,N.ASF,G2825,Rahlfs,LXX
17,Esther,7,8,Esther 7:8,14,ἀξιῶν,ἀξιόω,V.PAPNSM,G515,Rahlfs,LXX
17,Esther,7,8,Esther 7:8,15,τὴν,ὁ,RA.ASF,G3588,Rahlfs,LXX
17,Esther,7,8,Esther 7:8,16,βασίλισσαν,βασίλισσα,N.ASF,G938,Rahlfs,LXX
17,Esther,7,8,Esther 7:8,17,εἶπεν,ἔπω,V.AAI3S,G2036,Rahlfs,LXX
17,Esther,7,8,Esther 7:8,18,δὲ,δέ,X,G1161,Rahlfs,LXX
17,Esther,7,8,Esther 7:8,19,ὁ,ὁ,RA.NSM,G3588,Rahlfs,LXX
17,Esther,7,8,Esther 7:8,20,βασιλεύς,βασιλεύς,N.NSM,G935,Rahlfs,LXX
17,Esther,7,8,Esther 7:8,21,ὥστε,ὥστε,C,G5620,Rahlfs,LXX
17,Esther,7,8,Esther 7:8,22,καὶ,καί,D,G2532,Rahlfs,LXX
17,Esther,7,8,Esther 7:8,23,τὴν,ὁ,RA.ASF,G3588,Rahlfs,LXX
17,Esther,7,8,Esther 7:8,24,γυναῖκα,γυνή,N.ASF,G1135,Rahlfs,LXX
17,Esther,7,8,Esther 7:8,25,βιάζῃ,βιάζω,V.PMI2S,G971,Rahlfs,LXX
17,Esther,7,8,Esther 7:8,26,ἐν,ἐν,P,G1722,Rahlfs,LXX
17,Esther,7,8,Esther 7:8,27,τῇ,ὁ,RA.DSF,G3588,Rahlfs,LXX
17,Esther,7,8,Esther 7:8,28,οἰκίᾳ,οἰκία,N.DSF,G3614,Rahlfs,LXX
17,Esther,7,8,Esther 7:8,29,μου,μου,RP.GS,G3450,Rahlfs,LXX
17,Esther,7,8,Esther 7:8,30,Αμαν,Ἁμάν,N.NSM,,Rahlfs,LXX
17,Esther,7,8,Esther 7:8,31,δὲ,δέ,X,G1161,Rahlfs,LXX
17,Esther,7,8,Esther 7:8,32,ἀκούσας,ἀκούω,V.AAPNSM,G191,Rahlfs,LXX
17,Esther,7,8,Esther 7:8,33,διετράπη,διατρέπω,V.API3S,,Rahlfs,LXX
17,Esther,7,8,Esther 7:8,34,τῷ,ὁ,RA.DSN,G3588,Rahlfs,LXX
17,Esther,7,8,Esther 7:8,35,προσώπῳ,πρόσωπον,N.DSN,G4383,Rahlfs,LXX
17,Esther,7,9,Esther 7:9,1,εἶπεν,ἔπω,V.AAI3S,G2036,Rahlfs,LXX
17,Esther,7,9,Esther 7:9,2,δὲ,δέ,X,G1161,Rahlfs,LXX
17,Esther,7,9,Esther 7:9,3,Βουγαθαν,Βουγαθαν,N.NSM,,Rahlfs,LXX
17,Esther,7,9,Esther 7:9,4,εἷς,εἷς,M.NSM,G1520,Rahlfs,LXX
17,Esther,7,9,Esther 7:9,5,τῶν,ὁ,RA.GPM,G3588,Rahlfs,LXX
17,Esther,7,9,Esther 7:9,6,εὐνούχων,εὐνοῦχος,N.GPM,G2135,Rahlfs,LXX
17,Esther,7,9,Esther 7:9,7,πρὸς,πρός,P,G4314,Rahlfs,LXX
17,Esther,7,9,Esther 7:9,8,τὸν,ὁ,RA.ASM,G3588,Rahlfs,LXX
17,Esther,7,9,Esther 7:9,9,βασιλέα,βασιλεύς,N.ASM,G935,Rahlfs,LXX
17,Esther,7,9,Esther 7:9,10,ἰδοὺ,ἰδού,I,G2400,Rahlfs,LXX
17,Esther,7,9,Esther 7:9,11,καὶ,καί,D,G2532,Rahlfs,LXX
17,Esther,7,9,Esther 7:9,12,ξύλον,ξύλον,N.ASN,G3586,Rahlfs,LXX
17,Esther,7,9,Esther 7:9,13,ἡτοίμασεν,ἑτοιμάζω,V.AAI3S,G2090,Rahlfs,LXX
17,Esther,7,9,Esther 7:9,14,Αμαν,Ἁμάν,N.NSM,,Rahlfs,LXX
17,Esther,7,9,Esther 7:9,15,Μαρδοχαίῳ,Μαρδοχαῖος,N.DSM,,Rahlfs,LXX
17,Esther,7,9,Esther 7:9,16,τῷ,ὁ,RA.DSM,G3588,Rahlfs,LXX
17,Esther,7,9,Esther 7:9,17,λαλήσαντι,λαλέω,V.AAPDSM,G2980,Rahlfs,LXX
17,Esther,7,9,Esther 7:9,18,περὶ,περί,P,G4012,Rahlfs,LXX
17,Esther,7,9,Esther 7:9,19,τοῦ,ὁ,RA.GSM,G3588,Rahlfs,LXX
17,Esther,7,9,Esther 7:9,20,βασιλέως,βασιλεύς,N.GSM,G935,Rahlfs,LXX
17,Esther,7,9,Esther 7:9,21,καὶ,καί,C,G2532,Rahlfs,LXX
17,Esther,7,9,Esther 7:9,22,ὤρθωται,ὀρθόω,V.AMI3S,,Rahlfs,LXX
17,Esther,7,9,Esther 7:9,23,ἐν,ἐν,P,G1722,Rahlfs,LXX
17,Esther,7,9,Esther 7:9,24,τοῖς,ὁ,RA.DPM,G3588,Rahlfs,LXX
17,Esther,7,9,Esther 7:9,25,Αμαν,Ἁμάν,N.GSM,,Rahlfs,LXX
17,Esther,7,9,Esther 7:9,26,ξύλον,ξύλον,N.NSN,G3586,Rahlfs,LXX
17,Esther,7,9,Esther 7:9,27,πηχῶν,πῆχυς,N.GPM,G4083,Rahlfs,LXX
17,Esther,7,9,Esther 7:9,28,πεντήκοντα,πεντήκοντα,M,G4004,Rahlfs,LXX
17,Esther,7,9,Esther 7:9,29,εἶπεν,ἔπω,V.AAI3S,G2036,Rahlfs,LXX
17,Esther,7,9,Esther 7:9,30,δὲ,δέ,X,G1161,Rahlfs,LXX
17,Esther,7,9,Esther 7:9,31,ὁ,ὁ,RA.NSM,G3588,Rahlfs,LXX
17,Esther,7,9,Esther 7:9,32,βασιλεύς,βασιλεύς,N.NSM,G935,Rahlfs,LXX
17,Esther,7,9,Esther 7:9,33,σταυρωθήτω,σταυρόω,V.APD3S,G4717,Rahlfs,LXX
17,Esther,7,9,Esther 7:9,34,ἐπ᾿,ἐπί,P,G1909,Rahlfs,LXX
17,Esther,7,9,Esther 7:9,35,αὐτοῦ,αὐτός,RD.GSN,G846,Rahlfs,LXX
17,Esther,7,10,Esther 7:10,1,καὶ,καί,C,G2532,Rahlfs,LXX
17,Esther,7,10,Esther 7:10,2,ἐκρεμάσθη,κρεμάννυμι,V.API3S,G2910,Rahlfs,LXX
17,Esther,7,10,Esther 7:10,3,Αμαν,Ἁμάν,N.NSM,,Rahlfs,LXX
17,Esther,7,10,Esther 7:10,4,ἐπὶ,ἐπί,P,G1909,Rahlfs,LXX
17,Esther,7,10,Esther 7:10,5,τοῦ,ὁ,RA.GSN,G3588,Rahlfs,LXX
17,Esther,7,10,Esther 7:10,6,ξύλου,ξύλον,N.GSN,G3586,Rahlfs,LXX
17,Esther,7,10,Esther 7:10,7,ὃ,ὅς,RR.ASN,G3739,Rahlfs,LXX
17,Esther,7,10,Esther 7:10,8,ἡτοίμασεν,ἑτοιμάζω,V.AAI3S,G2090,Rahlfs,LXX
17,Esther,7,10,Esther 7:10,9,Μαρδοχαίῳ,Μαρδοχαῖος,N.DSM,,Rahlfs,LXX
17,Esther,7,10,Esther 7:10,10,καὶ,καί,C,G2532,Rahlfs,LXX
17,Esther,7,10,Esther 7:10,11,τότε,τότε,D,G5119,Rahlfs,LXX
17,Esther,7,10,Esther 7:10,12,ὁ,ὁ,RA.NSM,G3588,Rahlfs,LXX
17,Esther,7,10,Esther 7:10,13,βασιλεὺς,βασιλεύς,N.NSM,G935,Rahlfs,LXX
17,Esther,7,10,Esther 7:10,14,ἐκόπασεν,κοπάζω,V.AAI3S,G2869,Rahlfs,LXX
17,Esther,7,10,Esther 7:10,15,τοῦ,ὁ,RA.GSM,G3588,Rahlfs,LXX
17,Esther,7,10,Esther 7:10,16,θυμοῦ,θυμός,N.GSM,G2372,Rahlfs,LXX
17,Esther,8,1,Esther 8:1,1,καὶ,καί,C,G2532,Rahlfs,LXX
17,Esther,8,1,Esther 8:1,2,ἐν,ἐν,P,G1722,Rahlfs,LXX
17,Esther,8,1,Esther 8:1,3,αὐτῇ,αὐτός,RD.DSF,G846,Rahlfs,LXX
17,Esther,8,1,Esther 8:1,4,τῇ,ὁ,RA.DSF,G3588,Rahlfs,LXX
17,Esther,8,1,Esther 8:1,5,ἡμέρᾳ,ἡμέρα,N.DSF,G2250,Rahlfs,LXX
17,Esther,8,1,Esther 8:1,6,ὁ,ὁ,RA.NSM,G3588,Rahlfs,LXX
17,Esther,8,1,Esther 8:1,7,βασιλεὺς,βασιλεύς,N.NSM,G935,Rahlfs,LXX
17,Esther,8,1,Esther 8:1,8,Ἀρταξέρξης,Ἀρταξέρξης,N.NSM,,Rahlfs,LXX
17,Esther,8,1,Esther 8:1,9,ἐδωρήσατο,δωρέομαι,V.AMI3S,G1433,Rahlfs,LXX
17,Esther,8,1,Esther 8:1,10,Εσθηρ,Εσθηρ,N.DSF,,Rahlfs,LXX
17,Esther,8,1,Esther 8:1,11,ὅσα,ὅσος,A.NPN,G3745,Rahlfs,LXX
17,Esther,8,1,Esther 8:1,12,ὑπῆρχεν,ὑπάρχω,V.IAI3S,G5225,Rahlfs,LXX
17,Esther,8,1,Esther 8:1,13,Αμαν,Ἁμάν,N.DSM,,Rahlfs,LXX
17,Esther,8,1,Esther 8:1,14,τῷ,ὁ,RA.DSM,G3588,Rahlfs,LXX
17,Esther,8,1,Esther 8:1,15,διαβόλῳ,διάβολος,N.DSM,G1228,Rahlfs,LXX
17,Esther,8,1,Esther 8:1,16,καὶ,καί,C,G2532,Rahlfs,LXX
17,Esther,8,1,Esther 8:1,17,Μαρδοχαῖος,Μαρδοχαῖος,N.NSM,,Rahlfs,LXX
17,Esther,8,1,Esther 8:1,18,προσεκλήθη,προσκαλέω,V.API3S,G4341,Rahlfs,LXX
17,Esther,8,1,Esther 8:1,19,ὑπὸ,ὑπό,P,G5259,Rahlfs,LXX
17,Esther,8,1,Esther 8:1,20,τοῦ,ὁ,RA.GSM,G3588,Rahlfs,LXX
17,Esther,8,1,Esther 8:1,21,βασιλέως,βασιλεύς,N.GSM,G935,Rahlfs,LXX
17,Esther,8,1,Esther 8:1,22,ὑπέδειξεν,ὑποδείκνυμι,V.AAI3S,G5263,Rahlfs,LXX
17,Esther,8,1,Esther 8:1,23,γὰρ,γάρ,X,G1063,Rahlfs,LXX
17,Esther,8,1,Esther 8:1,24,Εσθηρ,Εσθηρ,N.NSF,,Rahlfs,LXX
17,Esther,8,1,Esther 8:1,25,ὅτι,ὅτι,C,G3754,Rahlfs,LXX
17,Esther,8,1,Esther 8:1,26,ἐνοικείωται,ἐνοικειόω,V.PMS3S,,Rahlfs,LXX
17,Esther,8,1,Esther 8:1,27,αὐτῇ,αὐτός,RD.DSF,G846,Rahlfs,LXX
17,Esther,8,2,Esther 8:2,1,ἔλαβεν,λαμβάνω,V.AAI3S,G2983,Rahlfs,LXX
17,Esther,8,2,Esther 8:2,2,δὲ,δέ,X,G1161,Rahlfs,LXX
17,Esther,8,2,Esther 8:2,3,ὁ,ὁ,RA.NSM,G3588,Rahlfs,LXX
17,Esther,8,2,Esther 8:2,4,βασιλεὺς,βασιλεύς,N.NSM,G935,Rahlfs,LXX
17,Esther,8,2,Esther 8:2,5,τὸν,ὁ,RA.ASM,G3588,Rahlfs,LXX
17,Esther,8,2,Esther 8:2,6,δακτύλιον,δακτύλιος,N.ASM,G1146,Rahlfs,LXX
17,Esther,8,2,Esther 8:2,7,ὃν,ὅς,RR.ASM,G3739,Rahlfs,LXX
17,Esther,8,2,Esther 8:2,8,ἀφείλατο,ἀφαιρέω,V.AMI3S,G851,Rahlfs,LXX
17,Esther,8,2,Esther 8:2,9,Αμαν,Ἁμάν,N.GSM,,Rahlfs,LXX
17,Esther,8,2,Esther 8:2,10,καὶ,καί,C,G2532,Rahlfs,LXX
17,Esther,8,2,Esther 8:2,11,ἔδωκεν,δίδωμι,V.AAI3S,G1325,Rahlfs,LXX
17,Esther,8,2,Esther 8:2,12,αὐτὸν,αὐτός,RD.ASM,G846,Rahlfs,LXX
17,Esther,8,2,Esther 8:2,13,Μαρδοχαίῳ,Μαρδοχαῖος,N.DSM,,Rahlfs,LXX
17,Esther,8,2,Esther 8:2,14,καὶ,καί,C,G2532,Rahlfs,LXX
17,Esther,8,2,Esther 8:2,15,κατέστησεν,καθίστημι,V.AAI3S,G2525,Rahlfs,LXX
17,Esther,8,2,Esther 8:2,16,Εσθηρ,Εσθηρ,N.NSF,,Rahlfs,LXX
17,Esther,8,2,Esther 8:2,17,Μαρδοχαῖον,Μαρδοχαῖος,N.ASM,,Rahlfs,LXX
17,Esther,8,2,Esther 8:2,18,ἐπὶ,ἐπί,P,G1909,Rahlfs,LXX
17,Esther,8,2,Esther 8:2,19,πάντων,πᾶς,A.GPN,G3956,Rahlfs,LXX
17,Esther,8,2,Esther 8:2,20,τῶν,ὁ,RA.GPN,G3588,Rahlfs,LXX
17,Esther,8,2,Esther 8:2,21,Αμαν,Ἁμάν,N.GSM,,Rahlfs,LXX
17,Esther,8,3,Esther 8:3,1,καὶ,καί,C,G2532,Rahlfs,LXX
17,Esther,8,3,Esther 8:3,2,προσθεῖσα,προστίθημι,V.AAPNSF,G4369,Rahlfs,LXX
17,Esther,8,3,Esther 8:3,3,ἐλάλησεν,λαλέω,V.AAI3S,G2980,Rahlfs,LXX
17,Esther,8,3,Esther 8:3,4,πρὸς,πρός,P,G4314,Rahlfs,LXX
17,Esther,8,3,Esther 8:3,5,τὸν,ὁ,RA.ASM,G3588,Rahlfs,LXX
17,Esther,8,3,Esther 8:3,6,βασιλέα,βασιλεύς,N.ASM,G935,Rahlfs,LXX
17,Esther,8,3,Esther 8:3,7,καὶ,καί,C,G2532,Rahlfs,LXX
17,Esther,8,3,Esther 8:3,8,προσέπεσεν,προσπίπτω,V.AAI3S,G4363,Rahlfs,LXX
17,Esther,8,3,Esther 8:3,9,πρὸς,πρός,P,G4314,Rahlfs,LXX
17,Esther,8,3,Esther 8:3,10,τοὺς,ὁ,RA.APM,G3588,Rahlfs,LXX
17,Esther,8,3,Esther 8:3,11,πόδας,πούς,N.APM,G4228,Rahlfs,LXX
17,Esther,8,3,Esther 8:3,12,αὐτοῦ,αὐτός,RD.GSM,G846,Rahlfs,LXX
17,Esther,8,3,Esther 8:3,13,καὶ,καί,C,G2532,Rahlfs,LXX
17,Esther,8,3,Esther 8:3,14,ἠξίου,ἀξιόω,V.IAI3S,G515,Rahlfs,LXX
17,Esther,8,3,Esther 8:3,15,ἀφελεῖν,ἀφαιρέω,V.AAN,G851,Rahlfs,LXX
17,Esther,8,3,Esther 8:3,16,τὴν,ὁ,RA.ASF,G3588,Rahlfs,LXX
17,Esther,8,3,Esther 8:3,17,Αμαν,Ἁμάν,N.GSM,,Rahlfs,LXX
17,Esther,8,3,Esther 8:3,18,κακίαν,κακία,N.ASF,G2549,Rahlfs,LXX
17,Esther,8,3,Esther 8:3,19,καὶ,καί,C,G2532,Rahlfs,LXX
17,Esther,8,3,Esther 8:3,20,ὅσα,ὅσος,A.APN,G3745,Rahlfs,LXX
17,Esther,8,3,Esther 8:3,21,ἐποίησεν,ποιέω,V.AAI3S,G4160,Rahlfs,LXX
17,Esther,8,3,Esther 8:3,22,τοῖς,ὁ,RA.DPM,G3588,Rahlfs,LXX
17,Esther,8,3,Esther 8:3,23,Ιουδαίοις,Ἰουδαῖος,N.DPM,G2453,Rahlfs,LXX
17,Esther,8,4,Esther 8:4,1,ἐξέτεινεν,ἐκτείνω,V.AAI3S,G1614,Rahlfs,LXX
17,Esther,8,4,Esther 8:4,2,δὲ,δέ,X,G1161,Rahlfs,LXX
17,Esther,8,4,Esther 8:4,3,ὁ,ὁ,RA.NSM,G3588,Rahlfs,LXX
17,Esther,8,4,Esther 8:4,4,βασιλεὺς,βασιλεύς,N.NSM,G935,Rahlfs,LXX
17,Esther,8,4,Esther 8:4,5,Εσθηρ,Εσθηρ,N.DSF,,Rahlfs,LXX
17,Esther,8,4,Esther 8:4,6,τὴν,ὁ,RA.ASF,G3588,Rahlfs,LXX
17,Esther,8,4,Esther 8:4,7,ῥάβδον,ῥάβδος,N.ASF,G4464,Rahlfs,LXX
17,Esther,8,4,Esther 8:4,8,τὴν,ὁ,RA.ASF,G3588,Rahlfs,LXX
17,Esther,8,4,Esther 8:4,9,χρυσῆν,χρύσεος,A.ASF,G5552,Rahlfs,LXX
17,Esther,8,4,Esther 8:4,10,ἐξηγέρθη,ἐξεγείρω,V.API3S,G1825,Rahlfs,LXX
17,Esther,8,4,Esther 8:4,11,δὲ,δέ,X,G1161,Rahlfs,LXX
17,Esther,8,4,Esther 8:4,12,Εσθηρ,Εσθηρ,N.NSF,,Rahlfs,LXX
17,Esther,8,4,Esther 8:4,13,παρεστηκέναι,παρίστημι,V.XAN,G3936,Rahlfs,LXX
17,Esther,8,4,Esther 8:4,14,τῷ,ὁ,RA.DSM,G3588,Rahlfs,LXX
17,Esther,8,4,Esther 8:4,15,βασιλεῖ,βασιλεύς,N.DSM,G935,Rahlfs,LXX
17,Esther,8,5,Esther 8:5,1,καὶ,καί,C,G2532,Rahlfs,LXX
17,Esther,8,5,Esther 8:5,2,εἶπεν,ἔπω,V.AAI3S,G2036,Rahlfs,LXX
17,Esther,8,5,Esther 8:5,3,Εσθηρ,Εσθηρ,N.NSF,,Rahlfs,LXX
17,Esther,8,5,Esther 8:5,4,εἰ,εἰ,C,G1487,Rahlfs,LXX
17,Esther,8,5,Esther 8:5,5,δοκεῖ,δοκέω,V.PAI3S,G1380,Rahlfs,LXX
17,Esther,8,5,Esther 8:5,6,σοι,σοί,RP.DS,G4671,Rahlfs,LXX
17,Esther,8,5,Esther 8:5,7,καὶ,καί,C,G2532,Rahlfs,LXX
17,Esther,8,5,Esther 8:5,8,εὗρον,εὑρίσκω,V.AAI1S,G2147,Rahlfs,LXX
17,Esther,8,5,Esther 8:5,9,χάριν,χάρις,N.ASF,G5485,Rahlfs,LXX
17,Esther,8,5,Esther 8:5,10,πεμφθήτω,πέμπω,V.APD3S,G3992,Rahlfs,LXX
17,Esther,8,5,Esther 8:5,11,ἀποστραφῆναι,ἀποστρέφω,V.APN,G654,Rahlfs,LXX
17,Esther,8,5,Esther 8:5,12,τὰ,ὁ,RA.APN,G3588,Rahlfs,LXX
17,Esther,8,5,Esther 8:5,13,γράμματα,γράμμα,N.APN,G1121,Rahlfs,LXX
17,Esther,8,5,Esther 8:5,14,τὰ,ὁ,RA.APN,G3588,Rahlfs,LXX
17,Esther,8,5,Esther 8:5,15,ἀπεσταλμένα,ἀποστέλλω,V.XMPAPN,G649,Rahlfs,LXX
17,Esther,8,5,Esther 8:5,16,ὑπὸ,ὑπό,P,G5259,Rahlfs,LXX
17,Esther,8,5,Esther 8:5,17,Αμαν,Ἁμάν,N.GSM,,Rahlfs,LXX
17,Esther,8,5,Esther 8:5,18,τὰ,ὁ,RA.APN,G3588,Rahlfs,LXX
17,Esther,8,5,Esther 8:5,19,γραφέντα,γράφω,V.APPAPN,G1125,Rahlfs,LXX
17,Esther,8,5,Esther 8:5,20,ἀπολέσθαι,ἀπόλλυμι,V.AMN,G622,Rahlfs,LXX
17,Esther,8,5,Esther 8:5,21,τοὺς,ὁ,RA.APM,G3588,Rahlfs,LXX
17,Esther,8,5,Esther 8:5,22,Ιουδαίους,Ἰουδαῖος,N.APM,G2453,Rahlfs,LXX
17,Esther,8,5,Esther 8:5,23,οἵ,ὅς,RR.NPM,G3739,Rahlfs,LXX
17,Esther,8,5,Esther 8:5,24,εἰσιν,εἰμί,V.PAI3P,G1510,Rahlfs,LXX
17,Esther,8,5,Esther 8:5,25,ἐν,ἐν,P,G1722,Rahlfs,LXX
17,Esther,8,5,Esther 8:5,26,τῇ,ὁ,RA.DSF,G3588,Rahlfs,LXX
17,Esther,8,5,Esther 8:5,27,βασιλείᾳ,βασιλεία,N.DSF,G932,Rahlfs,LXX
17,Esther,8,5,Esther 8:5,28,σου,σοῦ,RP.GS,G4675,Rahlfs,LXX
17,Esther,8,6,Esther 8:6,1,πῶς,πῶς,D,G4459,Rahlfs,LXX
17,Esther,8,6,Esther 8:6,2,γὰρ,γάρ,X,G1063,Rahlfs,LXX
17,Esther,8,6,Esther 8:6,3,δυνήσομαι,δύναμαι,V.FMI1S,G1410,Rahlfs,LXX
17,Esther,8,6,Esther 8:6,4,ἰδεῖν,ὁράω,V.AAN,G3708,Rahlfs,LXX
17,Esther,8,6,Esther 8:6,5,τὴν,ὁ,RA.ASF,G3588,Rahlfs,LXX
17,Esther,8,6,Esther 8:6,6,κάκωσιν,κάκωσις,N.ASF,G2561,Rahlfs,LXX
17,Esther,8,6,Esther 8:6,7,τοῦ,ὁ,RA.GSM,G3588,Rahlfs,LXX
17,Esther,8,6,Esther 8:6,8,λαοῦ,λαός,N.GSM,G2992,Rahlfs,LXX
17,Esther,8,6,Esther 8:6,9,μου,μου,RP.GS,G3450,Rahlfs,LXX
17,Esther,8,6,Esther 8:6,10,καὶ,καί,C,G2532,Rahlfs,LXX
17,Esther,8,6,Esther 8:6,11,πῶς,πῶς,D,G4459,Rahlfs,LXX
17,Esther,8,6,Esther 8:6,12,δυνήσομαι,δύναμαι,V.FMI1S,G1410,Rahlfs,LXX
17,Esther,8,6,Esther 8:6,13,σωθῆναι,σώζω,V.APN,G4982,Rahlfs,LXX
17,Esther,8,6,Esther 8:6,14,ἐν,ἐν,P,G1722,Rahlfs,LXX
17,Esther,8,6,Esther 8:6,15,τῇ,ὁ,RA.DSF,G3588,Rahlfs,LXX
17,Esther,8,6,Esther 8:6,16,ἀπωλείᾳ,ἀπώλεια,N.DSF,G684,Rahlfs,LXX
17,Esther,8,6,Esther 8:6,17,τῆς,ὁ,RA.GSF,G3588,Rahlfs,LXX
17,Esther,8,6,Esther 8:6,18,πατρίδος,πατρίς,N.GSF,G3968,Rahlfs,LXX
17,Esther,8,6,Esther 8:6,19,μου,μου,RP.GS,G3450,Rahlfs,LXX
17,Esther,8,7,Esther 8:7,1,καὶ,καί,C,G2532,Rahlfs,LXX
17,Esther,8,7,Esther 8:7,2,εἶπεν,ἔπω,V.AAI3S,G2036,Rahlfs,LXX
17,Esther,8,7,Esther 8:7,3,ὁ,ὁ,RA.NSM,G3588,Rahlfs,LXX
17,Esther,8,7,Esther 8:7,4,βασιλεὺς,βασιλεύς,N.NSM,G935,Rahlfs,LXX
17,Esther,8,7,Esther 8:7,5,πρὸς,πρός,P,G4314,Rahlfs,LXX
17,Esther,8,7,Esther 8:7,6,Εσθηρ,Εσθηρ,N.ASF,,Rahlfs,LXX
17,Esther,8,7,Esther 8:7,7,εἰ,εἰ,C,G1487,Rahlfs,LXX
17,Esther,8,7,Esther 8:7,8,πάντα,πᾶς,A.APN,G3956,Rahlfs,LXX
17,Esther,8,7,Esther 8:7,9,τὰ,ὁ,RA.APN,G3588,Rahlfs,LXX
17,Esther,8,7,Esther 8:7,10,ὑπάρχοντα,ὑπάρχοντα,V.PAPAPN,G5224,Rahlfs,LXX
17,Esther,8,7,Esther 8:7,11,Αμαν,Ἁμάν,N.GSM,,Rahlfs,LXX
17,Esther,8,7,Esther 8:7,12,ἔδωκα,δίδωμι,V.AAI1S,G1325,Rahlfs,LXX
17,Esther,8,7,Esther 8:7,13,καὶ,καί,C,G2532,Rahlfs,LXX
17,Esther,8,7,Esther 8:7,14,ἐχαρισάμην,χαρίζομαι,V.AMI1S,G5483,Rahlfs,LXX
17,Esther,8,7,Esther 8:7,15,σοι,σοί,RP.DS,G4671,Rahlfs,LXX
17,Esther,8,7,Esther 8:7,16,καὶ,καί,C,G2532,Rahlfs,LXX
17,Esther,8,7,Esther 8:7,17,αὐτὸν,αὐτός,RD.ASM,G846,Rahlfs,LXX
17,Esther,8,7,Esther 8:7,18,ἐκρέμασα,κρεμάννυμι,V.AAI1S,G2910,Rahlfs,LXX
17,Esther,8,7,Esther 8:7,19,ἐπὶ,ἐπί,P,G1909,Rahlfs,LXX
17,Esther,8,7,Esther 8:7,20,ξύλου,ξύλον,N.GSN,G3586,Rahlfs,LXX
17,Esther,8,7,Esther 8:7,21,ὅτι,ὅτι,C,G3754,Rahlfs,LXX
17,Esther,8,7,Esther 8:7,22,τὰς,ὁ,RA.APF,G3588,Rahlfs,LXX
17,Esther,8,7,Esther 8:7,23,χεῖρας,χείρ,N.APF,G5495,Rahlfs,LXX
17,Esther,8,7,Esther 8:7,24,ἐπήνεγκε,ἐπιφέρω,V.AAI3S,G2018,Rahlfs,LXX
17,Esther,8,7,Esther 8:7,25,τοῖς,ὁ,RA.DPM,G3588,Rahlfs,LXX
17,Esther,8,7,Esther 8:7,26,Ιουδαίοις,Ἰουδαῖος,N.DPM,G2453,Rahlfs,LXX
17,Esther,8,7,Esther 8:7,27,τί,τίς,RI.ASN,G5101,Rahlfs,LXX
17,Esther,8,7,Esther 8:7,28,ἔτι,ἔτι,D,G2089,Rahlfs,LXX
17,Esther,8,7,Esther 8:7,29,ἐπιζητεῖς,ἐπιζητέω,V.PAI2S,G1934,Rahlfs,LXX
17,Esther,8,8,Esther 8:8,1,γράψατε,γράφω,V.AAD2P,G1125,Rahlfs,LXX
17,Esther,8,8,Esther 8:8,2,καὶ,καί,D,G2532,Rahlfs,LXX
17,Esther,8,8,Esther 8:8,3,ὑμεῖς,ὑμεῖς,RP.NP,G5210,Rahlfs,LXX
17,Esther,8,8,Esther 8:8,4,ἐκ,ἐκ,P,G1537,Rahlfs,LXX
17,Esther,8,8,Esther 8:8,5,τοῦ,ὁ,RA.GSN,G3588,Rahlfs,LXX
17,Esther,8,8,Esther 8:8,6,ὀνόματός,ὄνομα,N.GSN,G3686,Rahlfs,LXX
17,Esther,8,8,Esther 8:8,7,μου,μου,RP.GS,G3450,Rahlfs,LXX
17,Esther,8,8,Esther 8:8,8,ὡς,ὥς,C,G5613,Rahlfs,LXX
17,Esther,8,8,Esther 8:8,9,δοκεῖ,δοκέω,V.PAI3S,G1380,Rahlfs,LXX
17,Esther,8,8,Esther 8:8,10,ὑμῖν,ὑμῖν,RP.DP,G5213,Rahlfs,LXX
17,Esther,8,8,Esther 8:8,11,καὶ,καί,C,G2532,Rahlfs,LXX
17,Esther,8,8,Esther 8:8,12,σφραγίσατε,σφραγίζω,V.AAD2P,G4972,Rahlfs,LXX
17,Esther,8,8,Esther 8:8,13,τῷ,ὁ,RA.DSM,G3588,Rahlfs,LXX
17,Esther,8,8,Esther 8:8,14,δακτυλίῳ,δακτύλιος,N.DSM,G1146,Rahlfs,LXX
17,Esther,8,8,Esther 8:8,15,μου,μου,RP.GS,G3450,Rahlfs,LXX
17,Esther,8,8,Esther 8:8,16,ὅσα,ὅσος,A.APN,G3745,Rahlfs,LXX
17,Esther,8,8,Esther 8:8,17,γὰρ,γάρ,X,G1063,Rahlfs,LXX
17,Esther,8,8,Esther 8:8,18,γράφεται,γράφω,V.PPI3S,G1125,Rahlfs,LXX
17,Esther,8,8,Esther 8:8,19,τοῦ,ὁ,RA.GSM,G3588,Rahlfs,LXX
17,Esther,8,8,Esther 8:8,20,βασιλέως,βασιλεύς,N.GSM,G935,Rahlfs,LXX
17,Esther,8,8,Esther 8:8,21,ἐπιτάξαντος,ἐπιτάσσω,V.AAPGSM,G2004,Rahlfs,LXX
17,Esther,8,8,Esther 8:8,22,καὶ,καί,C,G2532,Rahlfs,LXX
17,Esther,8,8,Esther 8:8,23,σφραγισθῇ,σφραγίζω,V.APS3S,G4972,Rahlfs,LXX
17,Esther,8,8,Esther 8:8,24,τῷ,ὁ,RA.DSM,G3588,Rahlfs,LXX
17,Esther,8,8,Esther 8:8,25,δακτυλίῳ,δακτύλιος,N.DSM,G1146,Rahlfs,LXX
17,Esther,8,8,Esther 8:8,26,μου,μου,RP.GS,G3450,Rahlfs,LXX
17,Esther,8,8,Esther 8:8,27,οὐκ,οὐ,D,G3756,Rahlfs,LXX
17,Esther,8,8,Esther 8:8,28,ἔστιν,εἰμί,V.PAI3S,G1510,Rahlfs,LXX
17,Esther,8,8,Esther 8:8,29,αὐτοῖς,αὐτός,RD.DPM,G846,Rahlfs,LXX
17,Esther,8,8,Esther 8:8,30,ἀντειπεῖν,ἀντέπω,V.AAN,G471,Rahlfs,LXX
17,Esther,8,9,Esther 8:9,1,ἐκλήθησαν,καλέω,V.API3P,G2564,Rahlfs,LXX
17,Esther,8,9,Esther 8:9,2,δὲ,δέ,X,G1161,Rahlfs,LXX
17,Esther,8,9,Esther 8:9,3,οἱ,ὁ,RA.NPM,G3588,Rahlfs,LXX
17,Esther,8,9,Esther 8:9,4,γραμματεῖς,γραμματεύς,N.NPM,G1122,Rahlfs,LXX
17,Esther,8,9,Esther 8:9,5,ἐν,ἐν,P,G1722,Rahlfs,LXX
17,Esther,8,9,Esther 8:9,6,τῷ,ὁ,RA.DSM,G3588,Rahlfs,LXX
17,Esther,8,9,Esther 8:9,7,πρώτῳ,πρῶτος,A.DSMS,G4413,Rahlfs,LXX
17,Esther,8,9,Esther 8:9,8,μηνί,μήν,N.DSM,G3376,Rahlfs,LXX
17,Esther,8,9,Esther 8:9,9,ὅς,ὅς,RR.NSM,G3739,Rahlfs,LXX
17,Esther,8,9,Esther 8:9,10,ἐστι,εἰμί,V.PAI3S,G1510,Rahlfs,LXX
17,Esther,8,9,Esther 8:9,11,Νισα,Νισα,N.NSF,,Rahlfs,LXX
17,Esther,8,9,Esther 8:9,12,τρίτῃ,τρίτος,A.DSF,G5154,Rahlfs,LXX
17,Esther,8,9,Esther 8:9,13,καὶ,καί,C,G2532,Rahlfs,LXX
17,Esther,8,9,Esther 8:9,14,εἰκάδι,εἰκάς,N.DSF,,Rahlfs,LXX
17,Esther,8,9,Esther 8:9,15,τοῦ,ὁ,RA.GSN,G3588,Rahlfs,LXX
17,Esther,8,9,Esther 8:9,16,αὐτοῦ,αὐτός,RD.GSN,G846,Rahlfs,LXX
17,Esther,8,9,Esther 8:9,17,ἔτους,ἔτος,N.GSN,G2094,Rahlfs,LXX
17,Esther,8,9,Esther 8:9,18,καὶ,καί,C,G2532,Rahlfs,LXX
17,Esther,8,9,Esther 8:9,19,ἐγράφη,γράφω,V.API3S,G1125,Rahlfs,LXX
17,Esther,8,9,Esther 8:9,20,τοῖς,ὁ,RA.DPM,G3588,Rahlfs,LXX
17,Esther,8,9,Esther 8:9,21,Ιουδαίοις,Ἰουδαῖος,N.DPM,G2453,Rahlfs,LXX
17,Esther,8,9,Esther 8:9,22,ὅσα,ὅσος,A.NPN,G3745,Rahlfs,LXX
17,Esther,8,9,Esther 8:9,23,ἐνετείλατο,ἐντέλλομαι,V.AMI3S,G1781,Rahlfs,LXX
17,Esther,8,9,Esther 8:9,24,τοῖς,ὁ,RA.DPM,G3588,Rahlfs,LXX
17,Esther,8,9,Esther 8:9,25,οἰκονόμοις,οἰκονόμος,N.DPM,G3623,Rahlfs,LXX
17,Esther,8,9,Esther 8:9,26,καὶ,καί,C,G2532,Rahlfs,LXX
17,Esther,8,9,Esther 8:9,27,τοῖς,ὁ,RA.DPM,G3588,Rahlfs,LXX
17,Esther,8,9,Esther 8:9,28,ἄρχουσιν,ἄρχων,N.DPM,G758,Rahlfs,LXX
17,Esther,8,9,Esther 8:9,29,τῶν,ὁ,RA.GPM,G3588,Rahlfs,LXX
17,Esther,8,9,Esther 8:9,30,σατραπῶν,σατράπης,N.GPM,,Rahlfs,LXX
17,Esther,8,9,Esther 8:9,31,ἀπὸ,ἀπό,P,G575,Rahlfs,LXX
17,Esther,8,9,Esther 8:9,32,τῆς,ὁ,RA.GSF,G3588,Rahlfs,LXX
17,Esther,8,9,Esther 8:9,33,Ἰνδικῆς,Ἰνδική,N.GSF,,Rahlfs,LXX
17,Esther,8,9,Esther 8:9,34,ἕως,ἕως,P,G2193,Rahlfs,LXX
17,Esther,8,9,Esther 8:9,35,τῆς,ὁ,RA.GSF,G3588,Rahlfs,LXX
17,Esther,8,9,Esther 8:9,36,Αἰθιοπίας,Αἰθιοπία,N.GSF,,Rahlfs,LXX
17,Esther,8,9,Esther 8:9,37,ἑκατὸν,ἑκατόν,M,G1540,Rahlfs,LXX
17,Esther,8,9,Esther 8:9,38,εἴκοσι,εἴκοσι,M,G1501,Rahlfs,LXX
17,Esther,8,9,Esther 8:9,39,ἑπτὰ,ἑπτά,M,G2033,Rahlfs,LXX
17,Esther,8,9,Esther 8:9,40,σατραπείαις,σατραπεία,N.DPF,,Rahlfs,LXX
17,Esther,8,9,Esther 8:9,41,κατὰ,κατά,P,G2596,Rahlfs,LXX
17,Esther,8,9,Esther 8:9,42,χώραν,χώρα,N.ASF,G5561,Rahlfs,LXX
17,Esther,8,9,Esther 8:9,43,καὶ,καί,C,G2532,Rahlfs,LXX
17,Esther,8,9,Esther 8:9,44,χώραν,χώρα,N.ASF,G5561,Rahlfs,LXX
17,Esther,8,9,Esther 8:9,45,κατὰ,κατά,P,G2596,Rahlfs,LXX
17,Esther,8,9,Esther 8:9,46,τὴν,ὁ,RA.ASF,G3588,Rahlfs,LXX
17,Esther,8,9,Esther 8:9,47,ἑαυτῶν,ἑαυτοῦ,RD.GPM,G1438,Rahlfs,LXX
17,Esther,8,9,Esther 8:9,48,λέξιν,λέξις,N.ASF,,Rahlfs,LXX
17,Esther,8,10,Esther 8:10,1,ἐγράφη,γράφω,V.API3S,G1125,Rahlfs,LXX
17,Esther,8,10,Esther 8:10,2,δὲ,δέ,X,G1161,Rahlfs,LXX
17,Esther,8,10,Esther 8:10,3,διὰ,διά,P,G1223,Rahlfs,LXX
17,Esther,8,10,Esther 8:10,4,τοῦ,ὁ,RA.GSM,G3588,Rahlfs,LXX
17,Esther,8,10,Esther 8:10,5,βασιλέως,βασιλεύς,N.GSM,G935,Rahlfs,LXX
17,Esther,8,10,Esther 8:10,6,καὶ,καί,C,G2532,Rahlfs,LXX
17,Esther,8,10,Esther 8:10,7,ἐσφραγίσθη,σφραγίζω,V.API3S,G4972,Rahlfs,LXX
17,Esther,8,10,Esther 8:10,8,τῷ,ὁ,RA.DSM,G3588,Rahlfs,LXX
17,Esther,8,10,Esther 8:10,9,δακτυλίῳ,δακτύλιος,N.DSM,G1146,Rahlfs,LXX
17,Esther,8,10,Esther 8:10,10,αὐτοῦ,αὐτός,RD.GSM,G846,Rahlfs,LXX
17,Esther,8,10,Esther 8:10,11,καὶ,καί,C,G2532,Rahlfs,LXX
17,Esther,8,10,Esther 8:10,12,ἐξαπέστειλαν,ἐξαποστέλλω,V.AAI3P,G1821,Rahlfs,LXX
17,Esther,8,10,Esther 8:10,13,τὰ,ὁ,RA.APN,G3588,Rahlfs,LXX
17,Esther,8,10,Esther 8:10,14,γράμματα,γράμμα,N.APN,G1121,Rahlfs,LXX
17,Esther,8,10,Esther 8:10,15,διὰ,διά,P,G1223,Rahlfs,LXX
17,Esther,8,10,Esther 8:10,16,βιβλιαφόρων,βιβλιαφόρος,N.GPM,,Rahlfs,LXX
17,Esther,8,11,Esther 8:11,1,ὡς,ὥς,C,G5613,Rahlfs,LXX
17,Esther,8,11,Esther 8:11,2,ἐπέταξεν,ἐπιτάσσω,V.AAI3S,G2004,Rahlfs,LXX
17,Esther,8,11,Esther 8:11,3,αὐτοῖς,αὐτός,RD.DPM,G846,Rahlfs,LXX
17,Esther,8,11,Esther 8:11,4,χρῆσθαι,χράομαι,V.PMN,G5530,Rahlfs,LXX
17,Esther,8,11,Esther 8:11,5,τοῖς,ὁ,RA.DPM,G3588,Rahlfs,LXX
17,Esther,8,11,Esther 8:11,6,νόμοις,νόμος,N.DPM,G3551,Rahlfs,LXX
17,Esther,8,11,Esther 8:11,7,αὐτῶν,αὐτός,RD.GPM,G846,Rahlfs,LXX
17,Esther,8,11,Esther 8:11,8,ἐν,ἐν,P,G1722,Rahlfs,LXX
17,Esther,8,11,Esther 8:11,9,πάσῃ,πᾶς,A.DSF,G3956,Rahlfs,LXX
17,Esther,8,11,Esther 8:11,10,πόλει,πόλις,N.DSF,G4172,Rahlfs,LXX
17,Esther,8,11,Esther 8:11,11,βοηθῆσαί,βοηθέω,V.AAN,G997,Rahlfs,LXX
17,Esther,8,11,Esther 8:11,12,τε,τε,X,G5037,Rahlfs,LXX
17,Esther,8,11,Esther 8:11,13,αὑτοῖς,ἑαυτοῦ,RD.DPM,G1438,Rahlfs,LXX
17,Esther,8,11,Esther 8:11,14,καὶ,καί,C,G2532,Rahlfs,LXX
17,Esther,8,11,Esther 8:11,15,χρῆσθαι,χράομαι,V.PMN,G5530,Rahlfs,LXX
17,Esther,8,11,Esther 8:11,16,τοῖς,ὁ,RA.DPM,G3588,Rahlfs,LXX
17,Esther,8,11,Esther 8:11,17,ἀντιδίκοις,ἀντίδικος,N.DPM,G476,Rahlfs,LXX
17,Esther,8,11,Esther 8:11,18,αὐτῶν,αὐτός,RD.GPM,G846,Rahlfs,LXX
17,Esther,8,11,Esther 8:11,19,καὶ,καί,C,G2532,Rahlfs,LXX
17,Esther,8,11,Esther 8:11,20,τοῖς,ὁ,RA.DPM,G3588,Rahlfs,LXX
17,Esther,8,11,Esther 8:11,21,ἀντικειμένοις,ἀντίκειμαι,V.PMPDPM,G480,Rahlfs,LXX
17,Esther,8,11,Esther 8:11,22,αὐτῶν,αὐτός,RD.GPM,G846,Rahlfs,LXX
17,Esther,8,11,Esther 8:11,23,ὡς,ὥς,C,G5613,Rahlfs,LXX
17,Esther,8,11,Esther 8:11,24,βούλονται,βούλομαι,V.PMI3P,G1014,Rahlfs,LXX
17,Esther,8,12,Esther 8:12,1,ἐν,ἐν,P,G1722,Rahlfs,LXX
17,Esther,8,12,Esther 8:12,2,ἡμέρᾳ,ἡμέρα,N.DSF,G2250,Rahlfs,LXX
17,Esther,8,12,Esther 8:12,3,μιᾷ,εἷς,A.DSF,G1520,Rahlfs,LXX
17,Esther,8,12,Esther 8:12,4,ἐν,ἐν,P,G1722,Rahlfs,LXX
17,Esther,8,12,Esther 8:12,5,πάσῃ,πᾶς,A.DSF,G3956,Rahlfs,LXX
17,Esther,8,12,Esther 8:12,6,τῇ,ὁ,RA.DSF,G3588,Rahlfs,LXX
17,Esther,8,12,Esther 8:12,7,βασιλείᾳ,βασιλεία,N.DSF,G932,Rahlfs,LXX
17,Esther,8,12,Esther 8:12,8,Ἀρταξέρξου,Ἀρταξέρξης,N.GSM,,Rahlfs,LXX
17,Esther,8,12,Esther 8:12,9,τῇ,ὁ,RA.DSF,G3588,Rahlfs,LXX
17,Esther,8,12,Esther 8:12,10,τρισκαιδεκάτῃ,τρισκαιδέκατος,A.DSF,,Rahlfs,LXX
17,Esther,8,12,Esther 8:12,11,τοῦ,ὁ,RA.GSM,G3588,Rahlfs,LXX
17,Esther,8,12,Esther 8:12,12,δωδεκάτου,δωδέκατος,A.GSM,G1428,Rahlfs,LXX
17,Esther,8,12,Esther 8:12,13,μηνός,μήν,N.GSM,G3376,Rahlfs,LXX
17,Esther,8,12,Esther 8:12,14,ὅς,ὅς,RR.NSM,G3739,Rahlfs,LXX
17,Esther,8,12,Esther 8:12,15,ἐστιν,εἰμί,V.PAI3S,G1510,Rahlfs,LXX
17,Esther,8,12,Esther 8:12,16,Αδαρ,Αδαρ,N.NSM,,Rahlfs,LXX
17,Esther,8,12,Esther 8:12,17,ὧν,ὅς,RR.GPM,G3739,Rahlfs,LXX
17,Esther,8,12,Esther 8:12,18,ἐστιν,εἰμί,V.PAI3S,G1510,Rahlfs,LXX
17,Esther,8,12,Esther 8:12,19,ἀντίγραφον,ἀντίγραφον,N.NSN,,Rahlfs,LXX
17,Esther,8,12,Esther 8:12,20,τῆς,ὁ,RA.GSF,G3588,Rahlfs,LXX
17,Esther,8,12,Esther 8:12,21,ἐπιστολῆς,ἐπιστολή,N.GSF,G1992,Rahlfs,LXX
17,Esther,8,12,Esther 8:12,22,τὰ,ὁ,RA.NPN,G3588,Rahlfs,LXX
17,Esther,8,12,Esther 8:12,23,ὑπογεγραμμένα,ὑπογράφω,V.XMPNPN,,Rahlfs,LXX
17,Esther,8,12,Esther 8:12,24,βασιλεὺς,βασιλεύς,N.NSM,G935,Rahlfs,LXX
17,Esther,8,12,Esther 8:12,25,μέγας,μέγας,A.NSM,G3173,Rahlfs,LXX
17,Esther,8,12,Esther 8:12,26,Ἀρταξέρξης,Ἀρταξέρξης,N.NSM,,Rahlfs,LXX
17,Esther,8,12,Esther 8:12,27,τοῖς,ὁ,RA.DPM,G3588,Rahlfs,LXX
17,Esther,8,12,Esther 8:12,28,ἀπὸ,ἀπό,P,G575,Rahlfs,LXX
17,Esther,8,12,Esther 8:12,29,τῆς,ὁ,RA.GSF,G3588,Rahlfs,LXX
17,Esther,8,12,Esther 8:12,30,Ἰνδικῆς,Ἰνδική,N.GSF,,Rahlfs,LXX
17,Esther,8,12,Esther 8:12,31,ἕως,ἕως,P,G2193,Rahlfs,LXX
17,Esther,8,12,Esther 8:12,32,τῆς,ὁ,RA.GSF,G3588,Rahlfs,LXX
17,Esther,8,12,Esther 8:12,33,Αἰθιοπίας,Αἰθιοπία,N.GSF,,Rahlfs,LXX
17,Esther,8,12,Esther 8:12,34,ἑκατὸν,ἑκατόν,M,G1540,Rahlfs,LXX
17,Esther,8,12,Esther 8:12,35,εἴκοσι,εἴκοσι,M,G1501,Rahlfs,LXX
17,Esther,8,12,Esther 8:12,36,ἑπτὰ,ἑπτά,M,G2033,Rahlfs,LXX
17,Esther,8,12,Esther 8:12,37,σατραπείαις,σατραπεία,N.DPF,,Rahlfs,LXX
17,Esther,8,12,Esther 8:12,38,χωρῶν,χώρα,N.GPF,G5561,Rahlfs,LXX
17,Esther,8,12,Esther 8:12,39,ἄρχουσι,ἄρχων,N.DPM,G758,Rahlfs,LXX
17,Esther,8,12,Esther 8:12,40,καὶ,καί,C,G2532,Rahlfs,LXX
17,Esther,8,12,Esther 8:12,41,τοῖς,ὁ,RA.DPM,G3588,Rahlfs,LXX
17,Esther,8,12,Esther 8:12,42,τὰ,ὁ,RA.APN,G3588,Rahlfs,LXX
17,Esther,8,12,Esther 8:12,43,ἡμέτερα,ἡμέτερος,A.APN,G2251,Rahlfs,LXX
17,Esther,8,12,Esther 8:12,44,φρονοῦσι,φρονέω,V.PAPDPM,G5426,Rahlfs,LXX
17,Esther,8,12,Esther 8:12,45,χαίρειν,χαίρω,V.PAN,G5463,Rahlfs,LXX
17,Esther,8,12,Esther 8:12,46,πολλοὶ,πολύς,A.NPM,G4183,Rahlfs,LXX
17,Esther,8,12,Esther 8:12,47,τῇ,ὁ,RA.DSF,G3588,Rahlfs,LXX
17,Esther,8,12,Esther 8:12,48,πλείστῃ,πολύς,A.DSFS,G4183,Rahlfs,LXX
17,Esther,8,12,Esther 8:12,49,τῶν,ὁ,RA.GPM,G3588,Rahlfs,LXX
17,Esther,8,12,Esther 8:12,50,εὐεργετούντων,εὐεργετέω,V.PAPGPM,G2109,Rahlfs,LXX
17,Esther,8,12,Esther 8:12,51,χρηστότητι,χρηστότης,N.DSF,G5544,Rahlfs,LXX
17,Esther,8,12,Esther 8:12,52,πυκνότερον,πυκνός,D,G4437,Rahlfs,LXX
17,Esther,8,12,Esther 8:12,53,τιμώμενοι,τιμάω,V.PMPNPM,G5091,Rahlfs,LXX
17,Esther,8,12,Esther 8:12,54,μεῖζον,μεῖζον,A.ASN,G3185,Rahlfs,LXX
17,Esther,8,12,Esther 8:12,55,ἐφρόνησαν,φρονέω,V.AAI3P,G5426,Rahlfs,LXX
17,Esther,8,12,Esther 8:12,56,καὶ,καί,C,G2532,Rahlfs,LXX
17,Esther,8,12,Esther 8:12,57,οὐ,οὐ,D,G3756,Rahlfs,LXX
17,Esther,8,12,Esther 8:12,58,μόνον,μόνον,D,G3440,Rahlfs,LXX
17,Esther,8,12,Esther 8:12,59,τοὺς,ὁ,RA.APM,G3588,Rahlfs,LXX
17,Esther,8,12,Esther 8:12,60,ὑποτεταγμένους,ὑποτάσσω,V.XMPAPM,G5293,Rahlfs,LXX
17,Esther,8,12,Esther 8:12,61,ἡμῖν,ἡμῖν,RP.DP,G2254,Rahlfs,LXX
17,Esther,8,12,Esther 8:12,62,ζητοῦσι,ζητέω,V.PAI3P,G2212,Rahlfs,LXX
17,Esther,8,12,Esther 8:12,63,κακοποιεῖν,κακοποιέω,V.PAN,G2554,Rahlfs,LXX
17,Esther,8,12,Esther 8:12,64,τόν,ὁ,RA.ASM,G3588,Rahlfs,LXX
17,Esther,8,12,Esther 8:12,65,τε,τε,X,G5037,Rahlfs,LXX
17,Esther,8,12,Esther 8:12,66,κόρον,κόρος,N.ASM,G2884,Rahlfs,LXX
17,Esther,8,12,Esther 8:12,67,οὐ,οὐ,D,G3756,Rahlfs,LXX
17,Esther,8,12,Esther 8:12,68,δυνάμενοι,δύναμαι,V.PMPNPM,G1410,Rahlfs,LXX
17,Esther,8,12,Esther 8:12,69,φέρειν,φέρω,V.PAN,G5342,Rahlfs,LXX
17,Esther,8,12,Esther 8:12,70,καὶ,καί,C,G2532,Rahlfs,LXX
17,Esther,8,12,Esther 8:12,71,τοῖς,ὁ,RA.DPM,G3588,Rahlfs,LXX
17,Esther,8,12,Esther 8:12,72,ἑαυτῶν,ἑαυτοῦ,RD.GPM,G1438,Rahlfs,LXX
17,Esther,8,12,Esther 8:12,73,εὐεργέταις,εὐεργέτης,N.DPM,G2110,Rahlfs,LXX
17,Esther,8,12,Esther 8:12,74,ἐπιχειροῦσι,ἐπιχειρέω,V.PAI3P,G2021,Rahlfs,LXX
17,Esther,8,12,Esther 8:12,75,μηχανᾶσθαι,μηχανάομαι,V.PMN,,Rahlfs,LXX
17,Esther,8,12,Esther 8:12,76,καὶ,καί,C,G2532,Rahlfs,LXX
17,Esther,8,12,Esther 8:12,77,τὴν,ὁ,RA.ASF,G3588,Rahlfs,LXX
17,Esther,8,12,Esther 8:12,78,εὐχαριστίαν,εὐχαριστία,N.ASF,G2169,Rahlfs,LXX
17,Esther,8,12,Esther 8:12,79,οὐ,οὐ,D,G3756,Rahlfs,LXX
17,Esther,8,12,Esther 8:12,80,μόνον,μόνον,D,G3440,Rahlfs,LXX
17,Esther,8,12,Esther 8:12,81,ἐκ,ἐκ,P,G1537,Rahlfs,LXX
17,Esther,8,12,Esther 8:12,82,τῶν,ὁ,RA.GPM,G3588,Rahlfs,LXX
17,Esther,8,12,Esther 8:12,83,ἀνθρώπων,ἄνθρωπος,N.GPM,G444,Rahlfs,LXX
17,Esther,8,12,Esther 8:12,84,ἀνταναιροῦντες,ἀνταναιρέω,V.PAPNPM,,Rahlfs,LXX
17,Esther,8,12,Esther 8:12,85,ἀλλὰ,ἀλλά,C,G235,Rahlfs,LXX
17,Esther,8,12,Esther 8:12,86,καὶ,καί,C,G2532,Rahlfs,LXX
17,Esther,8,12,Esther 8:12,87,τοῖς,ὁ,RA.DPM,G3588,Rahlfs,LXX
17,Esther,8,12,Esther 8:12,88,τῶν,ὁ,RA.GPM,G3588,Rahlfs,LXX
17,Esther,8,12,Esther 8:12,89,ἀπειραγάθων,ἀπειράγαθος,N.GPM,,Rahlfs,LXX
17,Esther,8,12,Esther 8:12,90,κόμποις,κόμπος,N.DPM,,Rahlfs,LXX
17,Esther,8,12,Esther 8:12,91,ἐπαρθέντες,ἐπαίρω,V.APPNPM,G1869,Rahlfs,LXX
17,Esther,8,12,Esther 8:12,92,τοῦ,ὁ,RA.GSM,G3588,Rahlfs,LXX
17,Esther,8,12,Esther 8:12,93,τὰ,ὁ,RA.APN,G3588,Rahlfs,LXX
17,Esther,8,12,Esther 8:12,94,πάντα,πᾶς,A.APN,G3956,Rahlfs,LXX
17,Esther,8,12,Esther 8:12,95,κατοπτεύοντος,κατοπτεύω,V.PAPGSM,,Rahlfs,LXX
17,Esther,8,12,Esther 8:12,96,ἀεὶ,ἀεί,D,G104,Rahlfs,LXX
17,Esther,8,12,Esther 8:12,97,θεοῦ,θεός,N.GSM,G2316,Rahlfs,LXX
17,Esther,8,12,Esther 8:12,98,μισοπόνηρον,μισοπόνηρος,A.ASM,,Rahlfs,LXX
17,Esther,8,12,Esther 8:12,99,ὑπολαμβάνουσιν,ὑπολαμβάνω,V.PAI3P,G5274,Rahlfs,LXX
17,Esther,8,12,Esther 8:12,100,ἐκφεύξεσθαι,ἐκφεύγω,V.FMN,G1628,Rahlfs,LXX
17,Esther,8,12,Esther 8:12,101,δίκην,δίκη,N.ASF,G1349,Rahlfs,LXX
17,Esther,8,12,Esther 8:12,102,πολλάκις,πολλάκις,D,G4178,Rahlfs,LXX
17,Esther,8,12,Esther 8:12,103,δὲ,δέ,X,G1161,Rahlfs,LXX
17,Esther,8,12,Esther 8:12,104,καὶ,καί,C,G2532,Rahlfs,LXX
17,Esther,8,12,Esther 8:12,105,πολλοὺς,πολύς,A.APM,G4183,Rahlfs,LXX
17,Esther,8,12,Esther 8:12,106,τῶν,ὁ,RA.GPM,G3588,Rahlfs,LXX
17,Esther,8,12,Esther 8:12,107,ἐπ᾿,ἐπί,P,G1909,Rahlfs,LXX
17,Esther,8,12,Esther 8:12,108,ἐξουσίαις,ἐξουσία,N.DPF,G1849,Rahlfs,LXX
17,Esther,8,12,Esther 8:12,109,τεταγμένων,τάσσω,V.XMPGPM,G5021,Rahlfs,LXX
17,Esther,8,12,Esther 8:12,110,τῶν,ὁ,RA.GPM,G3588,Rahlfs,LXX
17,Esther,8,12,Esther 8:12,111,πιστευθέντων,πιστεύω,V.APPGPM,G4100,Rahlfs,LXX
17,Esther,8,12,Esther 8:12,112,χειρίζειν,χειρίζω,V.PAN,,Rahlfs,LXX
17,Esther,8,12,Esther 8:12,113,φίλων,φίλος,A.GPM,G5384,Rahlfs,LXX
17,Esther,8,12,Esther 8:12,114,τὰ,ὁ,RA.APN,G3588,Rahlfs,LXX
17,Esther,8,12,Esther 8:12,115,πράγματα,πρᾶγμα,N.APN,G4229,Rahlfs,LXX
17,Esther,8,12,Esther 8:12,116,παραμυθία,παραμυθία,N.NSF,G3889,Rahlfs,LXX
17,Esther,8,12,Esther 8:12,117,μεταιτίους,μεταίτιος,A.APM,,Rahlfs,LXX
17,Esther,8,12,Esther 8:12,118,αἱμάτων,αἷμα,N.GPN,G129,Rahlfs,LXX
17,Esther,8,12,Esther 8:12,119,ἀθῴων,ἀθῷος,A.GPM,G121,Rahlfs,LXX
17,Esther,8,12,Esther 8:12,120,καταστήσασα,καθίστημι,V.AAPNSF,G2525,Rahlfs,LXX
17,Esther,8,12,Esther 8:12,121,περιέβαλε,περιβάλλω,V.AAI3S,G4016,Rahlfs,LXX
17,Esther,8,12,Esther 8:12,122,συμφοραῖς,συμφορά,N.DPF,,Rahlfs,LXX
17,Esther,8,12,Esther 8:12,123,ἀνηκέστοις,ἀνήκεστος,A.DPM,,Rahlfs,LXX
17,Esther,8,12,Esther 8:12,124,τῷ,ὁ,RA.DSM,G3588,Rahlfs,LXX
17,Esther,8,12,Esther 8:12,125,τῆς,ὁ,RA.GSF,G3588,Rahlfs,LXX
17,Esther,8,12,Esther 8:12,126,κακοηθείας,κακοήθεια,N.GSF,G2550,Rahlfs,LXX
17,Esther,8,12,Esther 8:12,127,ψευδεῖ,ψευδής,A.DSM,G5571,Rahlfs,LXX
17,Esther,8,12,Esther 8:12,128,παραλογισμῷ,παραλογισμός,N.DSM,,Rahlfs,LXX
17,Esther,8,12,Esther 8:12,129,παραλογισαμένων,παραλογίζομαι,V.AMPGPM,G3884,Rahlfs,LXX
17,Esther,8,12,Esther 8:12,130,τὴν,ὁ,RA.ASF,G3588,Rahlfs,LXX
17,Esther,8,12,Esther 8:12,131,τῶν,ὁ,RA.GPM,G3588,Rahlfs,LXX
17,Esther,8,12,Esther 8:12,132,ἐπικρατούντων,ἐπικρατέω,V.PAPGPM,,Rahlfs,LXX
17,Esther,8,12,Esther 8:12,133,ἀκέραιον,ἀκέραιος,A.ASF,G185,Rahlfs,LXX
17,Esther,8,12,Esther 8:12,134,εὐγνωμοσύνην,εὐγνωμοσύνη,N.ASF,,Rahlfs,LXX
17,Esther,8,12,Esther 8:12,135,σκοπεῖν,σκοπέω,V.PAN,G4648,Rahlfs,LXX
17,Esther,8,12,Esther 8:12,136,δὲ,δέ,X,G1161,Rahlfs,LXX
17,Esther,8,12,Esther 8:12,137,ἔξεστιν,ἔξεστι,V.PAI3S,G1832,Rahlfs,LXX
17,Esther,8,12,Esther 8:12,138,οὐ,οὐ,D,G3756,Rahlfs,LXX
17,Esther,8,12,Esther 8:12,139,τοσοῦτον,τοσοῦτος,A.ASM,G5118,Rahlfs,LXX
17,Esther,8,12,Esther 8:12,140,ἐκ,ἐκ,P,G1537,Rahlfs,LXX
17,Esther,8,12,Esther 8:12,141,τῶν,ὁ,RA.GPM,G3588,Rahlfs,LXX
17,Esther,8,12,Esther 8:12,142,παλαιοτέρων,παλαιός,A.GPM,G3820,Rahlfs,LXX
17,Esther,8,12,Esther 8:12,143,ὧν,ὅς,RR.GPM,G3739,Rahlfs,LXX
17,Esther,8,12,Esther 8:12,144,παρεδώκαμεν,παραδίδωμι,V.AAI1P,G3860,Rahlfs,LXX
17,Esther,8,12,Esther 8:12,145,ἱστοριῶν,ἱστορία,N.GPF,,Rahlfs,LXX
17,Esther,8,12,Esther 8:12,146,ὅσα,ὅσος,A.NPN,G3745,Rahlfs,LXX
17,Esther,8,12,Esther 8:12,147,ἐστὶν,εἰμί,V.PAI3S,G1510,Rahlfs,LXX
17,Esther,8,12,Esther 8:12,148,παρὰ,παρά,P,G3844,Rahlfs,LXX
17,Esther,8,12,Esther 8:12,149,πόδας,πούς,N.APM,G4228,Rahlfs,LXX
17,Esther,8,12,Esther 8:12,150,ὑμᾶς,ὑμᾶς,RP.AP,G5209,Rahlfs,LXX
17,Esther,8,12,Esther 8:12,151,ἐκζητοῦντας,ἐκζητέω,V.PAPAPM,G1567,Rahlfs,LXX
17,Esther,8,12,Esther 8:12,152,ἀνοσίως,ἀνοσίως,D,,Rahlfs,LXX
17,Esther,8,12,Esther 8:12,153,συντετελεσμένα,συντελέω,V.XMPAPN,G4931,Rahlfs,LXX
17,Esther,8,12,Esther 8:12,154,τῇ,ὁ,RA.DSF,G3588,Rahlfs,LXX
17,Esther,8,12,Esther 8:12,155,τῶν,ὁ,RA.GPM,G3588,Rahlfs,LXX
17,Esther,8,12,Esther 8:12,156,ἀνάξια,ἀνάξιος,A.APN,G370,Rahlfs,LXX
17,Esther,8,12,Esther 8:12,157,δυναστευόντων,δυναστεύω,V.PAPGPM,,Rahlfs,LXX
17,Esther,8,12,Esther 8:12,158,λοιμότητι,λοιμότης,N.DSF,,Rahlfs,LXX
17,Esther,8,12,Esther 8:12,159,καὶ,καί,C,G2532,Rahlfs,LXX
17,Esther,8,12,Esther 8:12,160,προσέχειν,προσέχω,V.PAN,G4337,Rahlfs,LXX
17,Esther,8,12,Esther 8:12,161,εἰς,εἰς,P,G1519,Rahlfs,LXX
17,Esther,8,12,Esther 8:12,162,τὰ,ὁ,RA.APN,G3588,Rahlfs,LXX
17,Esther,8,12,Esther 8:12,163,μετὰ,μετά,P,G3326,Rahlfs,LXX
17,Esther,8,12,Esther 8:12,164,ταῦτα,οὗτος,RD.APN,G3778,Rahlfs,LXX
17,Esther,8,12,Esther 8:12,165,εἰς,εἰς,P,G1519,Rahlfs,LXX
17,Esther,8,12,Esther 8:12,166,τὸ,ὁ,RA.ASN,G3588,Rahlfs,LXX
17,Esther,8,12,Esther 8:12,167,τὴν,ὁ,RA.ASF,G3588,Rahlfs,LXX
17,Esther,8,12,Esther 8:12,168,βασιλείαν,βασιλεία,N.ASF,G932,Rahlfs,LXX
17,Esther,8,12,Esther 8:12,169,ἀτάραχον,ἀτάραχος,A.ASN,,Rahlfs,LXX
17,Esther,8,12,Esther 8:12,170,τοῖς,ὁ,RA.DPM,G3588,Rahlfs,LXX
17,Esther,8,12,Esther 8:12,171,πᾶσιν,πᾶς,A.DPM,G3956,Rahlfs,LXX
17,Esther,8,12,Esther 8:12,172,ἀνθρώποις,ἄνθρωπος,N.DPM,G444,Rahlfs,LXX
17,Esther,8,12,Esther 8:12,173,μετ᾿,μετά,P,G3326,Rahlfs,LXX
17,Esther,8,12,Esther 8:12,174,εἰρήνης,εἰρήνη,N.GSF,G1515,Rahlfs,LXX
17,Esther,8,12,Esther 8:12,175,παρεξόμεθα,παρέχω,V.FMI1P,G3930,Rahlfs,LXX
17,Esther,8,12,Esther 8:12,176,χρώμενοι,χράομαι,V.PMPNPM,G5530,Rahlfs,LXX
17,Esther,8,12,Esther 8:12,177,ταῖς,ὁ,RA.DPF,G3588,Rahlfs,LXX
17,Esther,8,12,Esther 8:12,178,μεταβολαῖς,μεταβολή,N.DPF,,Rahlfs,LXX
17,Esther,8,12,Esther 8:12,179,τὰ,ὁ,RA.APN,G3588,Rahlfs,LXX
17,Esther,8,12,Esther 8:12,180,δὲ,δέ,X,G1161,Rahlfs,LXX
17,Esther,8,12,Esther 8:12,181,ὑπὸ,ὑπό,P,G5259,Rahlfs,LXX
17,Esther,8,12,Esther 8:12,182,τὴν,ὁ,RA.ASF,G3588,Rahlfs,LXX
17,Esther,8,12,Esther 8:12,183,ὄψιν,ὄψις,N.ASF,G3799,Rahlfs,LXX
17,Esther,8,12,Esther 8:12,184,ἐρχόμενα,ἔρχομαι,V.PMPAPN,G2064,Rahlfs,LXX
17,Esther,8,12,Esther 8:12,185,διακρίνοντες,διακρίνω,V.PAPNPM,G1252,Rahlfs,LXX
17,Esther,8,12,Esther 8:12,186,ἀεὶ,ἀεί,D,G104,Rahlfs,LXX
17,Esther,8,12,Esther 8:12,187,μετ᾿,μετά,P,G3326,Rahlfs,LXX
17,Esther,8,12,Esther 8:12,188,ἐπιεικεστέρας,ἐπιεικής,A.GSF,G1933,Rahlfs,LXX
17,Esther,8,12,Esther 8:12,189,ἀπαντήσεως,ἀπάντησις,N.GSF,G529,Rahlfs,LXX
17,Esther,8,12,Esther 8:12,190,ὡς,ὥς,C,G5613,Rahlfs,LXX
17,Esther,8,12,Esther 8:12,191,γὰρ,γάρ,X,G1063,Rahlfs,LXX
17,Esther,8,12,Esther 8:12,192,Αμαν,Ἁμάν,N.NSM,,Rahlfs,LXX
17,Esther,8,12,Esther 8:12,193,Αμαδαθου,Αμαδαθου,N.GSM,,Rahlfs,LXX
17,Esther,8,12,Esther 8:12,194,Μακεδών,Μακεδών,N.NSM,G3110,Rahlfs,LXX
17,Esther,8,12,Esther 8:12,195,ταῖς,ὁ,RA.DPF,G3588,Rahlfs,LXX
17,Esther,8,12,Esther 8:12,196,ἀληθείαις,ἀλήθεια,N.DPF,G225,Rahlfs,LXX
17,Esther,8,12,Esther 8:12,197,ἀλλότριος,ἀλλότριος,A.NSM,G245,Rahlfs,LXX
17,Esther,8,12,Esther 8:12,198,τοῦ,ὁ,RA.GSN,G3588,Rahlfs,LXX
17,Esther,8,12,Esther 8:12,199,τῶν,ὁ,RA.GPM,G3588,Rahlfs,LXX
17,Esther,8,12,Esther 8:12,200,Περσῶν,Πέρσης,N.GPM,,Rahlfs,LXX
17,Esther,8,12,Esther 8:12,201,αἵματος,αἷμα,N.GSN,G129,Rahlfs,LXX
17,Esther,8,12,Esther 8:12,202,καὶ,καί,C,G2532,Rahlfs,LXX
17,Esther,8,12,Esther 8:12,203,πολὺ,πολύς,A.ASN,G4183,Rahlfs,LXX
17,Esther,8,12,Esther 8:12,204,διεστηκὼς,διΐστημι,V.XAPNSM,G1339,Rahlfs,LXX
17,Esther,8,12,Esther 8:12,205,τῆς,ὁ,RA.GSF,G3588,Rahlfs,LXX
17,Esther,8,12,Esther 8:12,206,ἡμετέρας,ἡμέτερος,A.GSF,G2251,Rahlfs,LXX
17,Esther,8,12,Esther 8:12,207,χρηστότητος,χρηστότης,N.GSF,G5544,Rahlfs,LXX
17,Esther,8,12,Esther 8:12,208,ἐπιξενωθεὶς,ἐπιξενόομαι,V.APPNSM,,Rahlfs,LXX
17,Esther,8,12,Esther 8:12,209,ἡμῖν,ἡμῖν,RP.DP,G2254,Rahlfs,LXX
17,Esther,8,12,Esther 8:12,210,ἔτυχεν,τυγχάνω,V.AAI3S,G5177,Rahlfs,LXX
17,Esther,8,12,Esther 8:12,211,ἧς,ὅς,RR.GSF,G3739,Rahlfs,LXX
17,Esther,8,12,Esther 8:12,212,ἔχομεν,ἔχω,V.PAI1P,G2192,Rahlfs,LXX
17,Esther,8,12,Esther 8:12,213,πρὸς,πρός,P,G4314,Rahlfs,LXX
17,Esther,8,12,Esther 8:12,214,πᾶν,πᾶς,A.ASN,G3956,Rahlfs,LXX
17,Esther,8,12,Esther 8:12,215,ἔθνος,ἔθνος,N.ASN,G1484,Rahlfs,LXX
17,Esther,8,12,Esther 8:12,216,φιλανθρωπίας,φιλανθρωπία,N.GSF,G5363,Rahlfs,LXX
17,Esther,8,12,Esther 8:12,217,ἐπὶ,ἐπί,P,G1909,Rahlfs,LXX
17,Esther,8,12,Esther 8:12,218,τοσοῦτον,τοσοῦτος,A.ASM,G5118,Rahlfs,LXX
17,Esther,8,12,Esther 8:12,219,ὥστε,ὥστε,C,G5620,Rahlfs,LXX
17,Esther,8,12,Esther 8:12,220,ἀναγορεύεσθαι,ἀναγορεύω,V.PMN,,Rahlfs,LXX
17,Esther,8,12,Esther 8:12,221,ἡμῶν,ἡμῶν,RP.GP,G2257,Rahlfs,LXX
17,Esther,8,12,Esther 8:12,222,πατέρα,πατήρ,N.ASM,G3962,Rahlfs,LXX
17,Esther,8,12,Esther 8:12,223,καὶ,καί,C,G2532,Rahlfs,LXX
17,Esther,8,12,Esther 8:12,224,προσκυνούμενον,προσκυνέω,V.PMPASM,G4352,Rahlfs,LXX
17,Esther,8,12,Esther 8:12,225,ὑπὸ,ὑπό,P,G5259,Rahlfs,LXX
17,Esther,8,12,Esther 8:12,226,πάντων,πᾶς,A.GPM,G3956,Rahlfs,LXX
17,Esther,8,12,Esther 8:12,227,τὸ,ὁ,RA.ASN,G3588,Rahlfs,LXX
17,Esther,8,12,Esther 8:12,228,δεύτερον,δεύτερος,A.ASN,G1208,Rahlfs,LXX
17,Esther,8,12,Esther 8:12,229,τοῦ,ὁ,RA.GSM,G3588,Rahlfs,LXX
17,Esther,8,12,Esther 8:12,230,βασιλικοῦ,βασιλικός,A.GSM,G937,Rahlfs,LXX
17,Esther,8,12,Esther 8:12,231,θρόνου,θρόνος,N.GSM,G2362,Rahlfs,LXX
17,Esther,8,12,Esther 8:12,232,πρόσωπον,πρόσωπον,N.ASN,G4383,Rahlfs,LXX
17,Esther,8,12,Esther 8:12,233,διατελεῖν,διατελέω,V.PAN,G1300,Rahlfs,LXX
17,Esther,8,12,Esther 8:12,234,οὐκ,οὐ,D,G3756,Rahlfs,LXX
17,Esther,8,12,Esther 8:12,235,ἐνέγκας,φέρω,V.AAPNSM,G5342,Rahlfs,LXX
17,Esther,8,12,Esther 8:12,236,δὲ,δέ,X,G1161,Rahlfs,LXX
17,Esther,8,12,Esther 8:12,237,τὴν,ὁ,RA.ASF,G3588,Rahlfs,LXX
17,Esther,8,12,Esther 8:12,238,ὑπερηφανίαν,ὑπερηφανία,N.ASF,G5243,Rahlfs,LXX
17,Esther,8,12,Esther 8:12,239,ἐπετήδευσεν,ἐπιτηδεύω,V.AAI3S,,Rahlfs,LXX
17,Esther,8,12,Esther 8:12,240,τῆς,ὁ,RA.GSF,G3588,Rahlfs,LXX
17,Esther,8,12,Esther 8:12,241,ἀρχῆς,ἀρχή,N.GSF,G746,Rahlfs,LXX
17,Esther,8,12,Esther 8:12,242,στερῆσαι,στερεόω,V.AAN,G4732,Rahlfs,LXX
17,Esther,8,12,Esther 8:12,243,ἡμᾶς,ἡμᾶς,RP.AP,G2248,Rahlfs,LXX
17,Esther,8,12,Esther 8:12,244,καὶ,καί,C,G2532,Rahlfs,LXX
17,Esther,8,12,Esther 8:12,245,τοῦ,ὁ,RA.GSN,G3588,Rahlfs,LXX
17,Esther,8,12,Esther 8:12,246,πνεύματος,πνεῦμα,N.GSN,G4151,Rahlfs,LXX
17,Esther,8,12,Esther 8:12,247,τόν,ὁ,RA.ASM,G3588,Rahlfs,LXX
17,Esther,8,12,Esther 8:12,248,τε,τε,X,G5037,Rahlfs,LXX
17,Esther,8,12,Esther 8:12,249,ἡμέτερον,ἡμέτερος,A.ASM,G2251,Rahlfs,LXX
17,Esther,8,12,Esther 8:12,250,σωτῆρα,σωτήρ,N.ASM,G4990,Rahlfs,LXX
17,Esther,8,12,Esther 8:12,251,καὶ,καί,C,G2532,Rahlfs,LXX
17,Esther,8,12,Esther 8:12,252,διὰ,διά,P,G1223,Rahlfs,LXX
17,Esther,8,12,Esther 8:12,253,παντὸς,πᾶς,A.GSM,G3956,Rahlfs,LXX
17,Esther,8,12,Esther 8:12,254,εὐεργέτην,εὐεργέτης,N.ASM,G2110,Rahlfs,LXX
17,Esther,8,12,Esther 8:12,255,Μαρδοχαῖον,Μαρδοχαῖος,N.ASM,,Rahlfs,LXX
17,Esther,8,12,Esther 8:12,256,καὶ,καί,C,G2532,Rahlfs,LXX
17,Esther,8,12,Esther 8:12,257,τὴν,ὁ,RA.ASF,G3588,Rahlfs,LXX
17,Esther,8,12,Esther 8:12,258,ἄμεμπτον,ἄμεμπτος,A.ASF,G273,Rahlfs,LXX
17,Esther,8,12,Esther 8:12,259,τῆς,ὁ,RA.GSF,G3588,Rahlfs,LXX
17,Esther,8,12,Esther 8:12,260,βασιλείας,βασιλεία,N.GSF,G932,Rahlfs,LXX
17,Esther,8,12,Esther 8:12,261,κοινωνὸν,κοινωνός,N.ASF,G2844,Rahlfs,LXX
17,Esther,8,12,Esther 8:12,262,Εσθηρ,Εσθηρ,N.ASF,,Rahlfs,LXX
17,Esther,8,12,Esther 8:12,263,σὺν,σύν,P,G4862,Rahlfs,LXX
17,Esther,8,12,Esther 8:12,264,παντὶ,πᾶς,A.DSN,G3956,Rahlfs,LXX
17,Esther,8,12,Esther 8:12,265,τῷ,ὁ,RA.DSN,G3588,Rahlfs,LXX
17,Esther,8,12,Esther 8:12,266,τούτων,οὗτος,RD.GPM,G3778,Rahlfs,LXX
17,Esther,8,12,Esther 8:12,267,ἔθνει,ἔθνος,N.DSN,G1484,Rahlfs,LXX
17,Esther,8,12,Esther 8:12,268,πολυπλόκοις,πολύπλοκος,A.DPM,,Rahlfs,LXX
17,Esther,8,12,Esther 8:12,269,μεθόδων,μέθοδος,N.GPF,,Rahlfs,LXX
17,Esther,8,12,Esther 8:12,270,παραλογισμοῖς,παραλογισμός,N.DPM,,Rahlfs,LXX
17,Esther,8,12,Esther 8:12,271,αἰτησάμενος,αἰτέω,V.AMPNSM,G154,Rahlfs,LXX
17,Esther,8,12,Esther 8:12,272,εἰς,εἰς,P,G1519,Rahlfs,LXX
17,Esther,8,12,Esther 8:12,273,ἀπώλειαν,ἀπώλεια,N.ASF,G684,Rahlfs,LXX
17,Esther,8,12,Esther 8:12,274,διὰ,διά,P,G1223,Rahlfs,LXX
17,Esther,8,12,Esther 8:12,275,γὰρ,γάρ,X,G1063,Rahlfs,LXX
17,Esther,8,12,Esther 8:12,276,τῶν,ὁ,RA.GPM,G3588,Rahlfs,LXX
17,Esther,8,12,Esther 8:12,277,τρόπων,τρόπος,N.GPM,G5158,Rahlfs,LXX
17,Esther,8,12,Esther 8:12,278,τούτων,οὗτος,RD.GPM,G3778,Rahlfs,LXX
17,Esther,8,12,Esther 8:12,279,ᾠήθη,οἴομαι,V.API3S,G3633,Rahlfs,LXX
17,Esther,8,12,Esther 8:12,280,λαβὼν,λαμβάνω,V.AAPNSM,G2983,Rahlfs,LXX
17,Esther,8,12,Esther 8:12,281,ἡμᾶς,ἡμᾶς,RP.AP,G2248,Rahlfs,LXX
17,Esther,8,12,Esther 8:12,282,ἐρήμους,ἔρημος,A.APM,G2048,Rahlfs,LXX
17,Esther,8,12,Esther 8:12,283,τὴν,ὁ,RA.ASF,G3588,Rahlfs,LXX
17,Esther,8,12,Esther 8:12,284,τῶν,ὁ,RA.GPM,G3588,Rahlfs,LXX
17,Esther,8,12,Esther 8:12,285,Περσῶν,Πέρσης,N.GPM,,Rahlfs,LXX
17,Esther,8,12,Esther 8:12,286,ἐπικράτησιν,ἐπικράτησις,N.ASF,,Rahlfs,LXX
17,Esther,8,12,Esther 8:12,287,εἰς,εἰς,P,G1519,Rahlfs,LXX
17,Esther,8,12,Esther 8:12,288,τοὺς,ὁ,RA.APM,G3588,Rahlfs,LXX
17,Esther,8,12,Esther 8:12,289,Μακεδόνας,Μακεδών,N.APM,G3110,Rahlfs,LXX
17,Esther,8,12,Esther 8:12,290,μετάξαι,μετάγω,V.AAN,G3329,Rahlfs,LXX
17,Esther,8,12,Esther 8:12,291,ἡμεῖς,ἡμεῖς,RP.NP,G2249,Rahlfs,LXX
17,Esther,8,12,Esther 8:12,292,δὲ,δέ,X,G1161,Rahlfs,LXX
17,Esther,8,12,Esther 8:12,293,τοὺς,ὁ,RA.APM,G3588,Rahlfs,LXX
17,Esther,8,12,Esther 8:12,294,ὑπὸ,ὑπό,P,G5259,Rahlfs,LXX
17,Esther,8,12,Esther 8:12,295,τοῦ,ὁ,RA.GSM,G3588,Rahlfs,LXX
17,Esther,8,12,Esther 8:12,296,τρισαλιτηρίου,τρισαλιτήριος,N.GSM,,Rahlfs,LXX
17,Esther,8,12,Esther 8:12,297,παραδεδομένους,παραδίδωμι,V.XMPAPM,G3860,Rahlfs,LXX
17,Esther,8,12,Esther 8:12,298,εἰς,εἰς,P,G1519,Rahlfs,LXX
17,Esther,8,12,Esther 8:12,299,ἀφανισμὸν,ἀφανισμός,N.ASM,G854,Rahlfs,LXX
17,Esther,8,12,Esther 8:12,300,Ιουδαίους,Ἰουδαῖος,N.APM,G2453,Rahlfs,LXX
17,Esther,8,12,Esther 8:12,301,εὑρίσκομεν,εὑρίσκω,V.PAI1P,G2147,Rahlfs,LXX
17,Esther,8,12,Esther 8:12,302,οὐ,οὐ,D,G3756,Rahlfs,LXX
17,Esther,8,12,Esther 8:12,303,κακούργους,κακοῦργος,A.APM,G2557,Rahlfs,LXX
17,Esther,8,12,Esther 8:12,304,ὄντας,εἰμί,V.PAPAPM,G1510,Rahlfs,LXX
17,Esther,8,12,Esther 8:12,305,δικαιοτάτοις,δίκαιος,A.DPMS,G1342,Rahlfs,LXX
17,Esther,8,12,Esther 8:12,306,δὲ,δέ,X,G1161,Rahlfs,LXX
17,Esther,8,12,Esther 8:12,307,πολιτευομένους,πολιτεύω,V.PMPAPM,,Rahlfs,LXX
17,Esther,8,12,Esther 8:12,308,νόμοις,νόμος,N.DPM,G3551,Rahlfs,LXX
17,Esther,8,12,Esther 8:12,309,ὄντας,εἰμί,V.PAPAPM,G1510,Rahlfs,LXX
17,Esther,8,12,Esther 8:12,310,δὲ,δέ,X,G1161,Rahlfs,LXX
17,Esther,8,12,Esther 8:12,311,υἱοὺς,υἱός,N.APM,G5207,Rahlfs,LXX
17,Esther,8,12,Esther 8:12,312,τοῦ,ὁ,RA.GSM,G3588,Rahlfs,LXX
17,Esther,8,12,Esther 8:12,313,ὑψίστου,ὕψιστος,N.GSM,G5310,Rahlfs,LXX
17,Esther,8,12,Esther 8:12,314,μεγίστου,μέγας,A.GSMS,G3173,Rahlfs,LXX
17,Esther,8,12,Esther 8:12,315,ζῶντος,ζάω,V.PAPGSM,G2198,Rahlfs,LXX
17,Esther,8,12,Esther 8:12,316,θεοῦ,θεός,N.GSM,G2316,Rahlfs,LXX
17,Esther,8,12,Esther 8:12,317,τοῦ,ὁ,RA.GSM,G3588,Rahlfs,LXX
17,Esther,8,12,Esther 8:12,318,κατευθύνοντος,κατευθύνω,V.PAPGSM,G2720,Rahlfs,LXX
17,Esther,8,12,Esther 8:12,319,ἡμῖν,ἡμῖν,RP.DP,G2254,Rahlfs,LXX
17,Esther,8,12,Esther 8:12,320,τε,τε,X,G5037,Rahlfs,LXX
17,Esther,8,12,Esther 8:12,321,καὶ,καί,C,G2532,Rahlfs,LXX
17,Esther,8,12,Esther 8:12,322,τοῖς,ὁ,RA.DPM,G3588,Rahlfs,LXX
17,Esther,8,12,Esther 8:12,323,προγόνοις,πρόγονος,N.DPM,G4269,Rahlfs,LXX
17,Esther,8,12,Esther 8:12,324,ἡμῶν,ἡμῶν,RP.GP,G2257,Rahlfs,LXX
17,Esther,8,12,Esther 8:12,325,τὴν,ὁ,RA.ASF,G3588,Rahlfs,LXX
17,Esther,8,12,Esther 8:12,326,βασιλείαν,βασιλεία,N.ASF,G932,Rahlfs,LXX
17,Esther,8,12,Esther 8:12,327,ἐν,ἐν,P,G1722,Rahlfs,LXX
17,Esther,8,12,Esther 8:12,328,τῇ,ὁ,RA.DSF,G3588,Rahlfs,LXX
17,Esther,8,12,Esther 8:12,329,καλλίστῃ,καλός,A.DSFS,G2570,Rahlfs,LXX
17,Esther,8,12,Esther 8:12,330,διαθέσει,διάθεσις,N.DSF,,Rahlfs,LXX
17,Esther,8,12,Esther 8:12,331,καλῶς,καλῶς,D,G2573,Rahlfs,LXX
17,Esther,8,12,Esther 8:12,332,οὖν,οὖν,X,G3767,Rahlfs,LXX
17,Esther,8,12,Esther 8:12,333,ποιήσετε,ποιέω,V.FAI2P,G4160,Rahlfs,LXX
17,Esther,8,12,Esther 8:12,334,μὴ,μή,D,G3361,Rahlfs,LXX
17,Esther,8,12,Esther 8:12,335,προσχρησάμενοι,προσχράομαι,V.AMPNPM,,Rahlfs,LXX
17,Esther,8,12,Esther 8:12,336,τοῖς,ὁ,RA.DPN,G3588,Rahlfs,LXX
17,Esther,8,12,Esther 8:12,337,ὑπὸ,ὑπό,P,G5259,Rahlfs,LXX
17,Esther,8,12,Esther 8:12,338,Αμαν,Ἁμάν,N.GSM,,Rahlfs,LXX
17,Esther,8,12,Esther 8:12,339,Αμαδαθου,Αμαδαθος,N.GSM,,Rahlfs,LXX
17,Esther,8,12,Esther 8:12,340,ἀποσταλεῖσι,ἀποστέλλω,V.AAPDPN,G649,Rahlfs,LXX
17,Esther,8,12,Esther 8:12,341,γράμμασιν,γράμμα,N.DPN,G1121,Rahlfs,LXX
17,Esther,8,12,Esther 8:12,342,διὰ,διά,P,G1223,Rahlfs,LXX
17,Esther,8,12,Esther 8:12,343,τὸ,ὁ,RA.ASN,G3588,Rahlfs,LXX
17,Esther,8,12,Esther 8:12,344,αὐτὸν,αὐτός,RD.ASM,G846,Rahlfs,LXX
17,Esther,8,12,Esther 8:12,345,τὸν,ὁ,RA.ASM,G3588,Rahlfs,LXX
17,Esther,8,12,Esther 8:12,346,ταῦτα,οὗτος,RD.APN,G3778,Rahlfs,LXX
17,Esther,8,12,Esther 8:12,347,ἐξεργασάμενον,ἐξεργάζομαι,V.AMPASM,,Rahlfs,LXX
17,Esther,8,12,Esther 8:12,348,πρὸς,πρός,P,G4314,Rahlfs,LXX
17,Esther,8,12,Esther 8:12,349,ταῖς,ὁ,RA.DPF,G3588,Rahlfs,LXX
17,Esther,8,12,Esther 8:12,350,Σούσων,Σουσά,N.GPN,,Rahlfs,LXX
17,Esther,8,12,Esther 8:12,351,πύλαις,πύλη,N.DPF,G4439,Rahlfs,LXX
17,Esther,8,12,Esther 8:12,352,ἐσταυρῶσθαι,σταυρόω,V.XMN,G4717,Rahlfs,LXX
17,Esther,8,12,Esther 8:12,353,σὺν,σύν,P,G4862,Rahlfs,LXX
17,Esther,8,12,Esther 8:12,354,τῇ,ὁ,RA.DSF,G3588,Rahlfs,LXX
17,Esther,8,12,Esther 8:12,355,πανοικίᾳ,πανοικία,N.DSF,,Rahlfs,LXX
17,Esther,8,12,Esther 8:12,356,τὴν,ὁ,RA.ASF,G3588,Rahlfs,LXX
17,Esther,8,12,Esther 8:12,357,καταξίαν,κατάξιος,A.ASF,,Rahlfs,LXX
17,Esther,8,12,Esther 8:12,358,τοῦ,ὁ,RA.GSM,G3588,Rahlfs,LXX
17,Esther,8,12,Esther 8:12,359,τὰ,ὁ,RA.APN,G3588,Rahlfs,LXX
17,Esther,8,12,Esther 8:12,360,πάντα,πᾶς,A.APN,G3956,Rahlfs,LXX
17,Esther,8,12,Esther 8:12,361,ἐπικρατοῦντος,ἐπικρατέω,V.PAPGSM,,Rahlfs,LXX
17,Esther,8,12,Esther 8:12,362,θεοῦ,θεός,N.GSM,G2316,Rahlfs,LXX
17,Esther,8,12,Esther 8:12,363,διὰ,διά,P,G1223,Rahlfs,LXX
17,Esther,8,12,Esther 8:12,364,τάχους,τάχος,N.GSN,G5034,Rahlfs,LXX
17,Esther,8,12,Esther 8:12,365,ἀποδόντος,ἀποδίδωμι,V.AAPGSM,G591,Rahlfs,LXX
17,Esther,8,12,Esther 8:12,366,αὐτῷ,αὐτός,RD.DSM,G846,Rahlfs,LXX
17,Esther,8,12,Esther 8:12,367,κρίσιν,κρίσις,N.ASF,G2920,Rahlfs,LXX
17,Esther,8,12,Esther 8:12,368,τὸ,ὁ,RA.NSN,G3588,Rahlfs,LXX
17,Esther,8,12,Esther 8:12,369,δὲ,δέ,X,G1161,Rahlfs,LXX
17,Esther,8,12,Esther 8:12,370,ἀντίγραφον,ἀντίγραφον,N.NSN,,Rahlfs,LXX
17,Esther,8,12,Esther 8:12,371,τῆς,ὁ,RA.GSF,G3588,Rahlfs,LXX
17,Esther,8,12,Esther 8:12,372,ἐπιστολῆς,ἐπιστολή,N.GSF,G1992,Rahlfs,LXX
17,Esther,8,12,Esther 8:12,373,ταύτης,οὗτος,RD.GSF,G3778,Rahlfs,LXX
17,Esther,8,12,Esther 8:12,374,ἐκθέντες,ἐκτίθημι,V.AAPNPM,G1620,Rahlfs,LXX
17,Esther,8,12,Esther 8:12,375,ἐν,ἐν,P,G1722,Rahlfs,LXX
17,Esther,8,12,Esther 8:12,376,παντὶ,πᾶς,A.DSM,G3956,Rahlfs,LXX
17,Esther,8,12,Esther 8:12,377,τόπῳ,τόπος,N.DSM,G5117,Rahlfs,LXX
17,Esther,8,12,Esther 8:12,378,μετὰ,μετά,P,G3326,Rahlfs,LXX
17,Esther,8,12,Esther 8:12,379,παρρησίας,παρρησία,N.GSF,G3954,Rahlfs,LXX
17,Esther,8,12,Esther 8:12,380,ἐᾶν,ἐάν,C,G1437,Rahlfs,LXX
17,Esther,8,12,Esther 8:12,381,τοὺς,ὁ,RA.APM,G3588,Rahlfs,LXX
17,Esther,8,12,Esther 8:12,382,Ιουδαίους,Ἰουδαῖος,N.APM,G2453,Rahlfs,LXX
17,Esther,8,12,Esther 8:12,383,χρῆσθαι,χράομαι,V.PMN,G5530,Rahlfs,LXX
17,Esther,8,12,Esther 8:12,384,τοῖς,ὁ,RA.DPM,G3588,Rahlfs,LXX
17,Esther,8,12,Esther 8:12,385,ἑαυτῶν,ἑαυτοῦ,RD.GPM,G1438,Rahlfs,LXX
17,Esther,8,12,Esther 8:12,386,νομίμοις,νόμιμος,A.DPM,,Rahlfs,LXX
17,Esther,8,12,Esther 8:12,387,καὶ,καί,C,G2532,Rahlfs,LXX
17,Esther,8,12,Esther 8:12,388,συνεπισχύειν,συνεπισχύω,V.PAN,,Rahlfs,LXX
17,Esther,8,12,Esther 8:12,389,αὐτοῖς,αὐτός,RD.DPM,G846,Rahlfs,LXX
17,Esther,8,12,Esther 8:12,390,ὅπως,ὅπως,C,G3704,Rahlfs,LXX
17,Esther,8,12,Esther 8:12,391,τοὺς,ὁ,RA.APM,G3588,Rahlfs,LXX
17,Esther,8,12,Esther 8:12,392,ἐν,ἐν,P,G1722,Rahlfs,LXX
17,Esther,8,12,Esther 8:12,393,καιρῷ,καιρός,N.DSM,G2540,Rahlfs,LXX
17,Esther,8,12,Esther 8:12,394,θλίψεως,θλῖψις,N.GSF,G2347,Rahlfs,LXX
17,Esther,8,12,Esther 8:12,395,ἐπιθεμένους,ἐπιτίθημι,V.AMPAPM,G2007,Rahlfs,LXX
17,Esther,8,12,Esther 8:12,396,αὐτοῖς,αὐτός,RD.DPM,G846,Rahlfs,LXX
17,Esther,8,12,Esther 8:12,397,ἀμύνωνται,ἀμύνω,V.PMS3P,G292,Rahlfs,LXX
17,Esther,8,12,Esther 8:12,398,τῇ,ὁ,RA.DSF,G3588,Rahlfs,LXX
17,Esther,8,12,Esther 8:12,399,τρισκαιδεκάτῃ,τρισκαιδέκατος,A.DSF,,Rahlfs,LXX
17,Esther,8,12,Esther 8:12,400,τοῦ,ὁ,RA.GSM,G3588,Rahlfs,LXX
17,Esther,8,12,Esther 8:12,401,δωδεκάτου,δωδέκατος,A.GSM,G1428,Rahlfs,LXX
17,Esther,8,12,Esther 8:12,402,μηνὸς,μήν,N.GSM,G3376,Rahlfs,LXX
17,Esther,8,12,Esther 8:12,403,Αδαρ,Αδαρ,N.GSM,,Rahlfs,LXX
17,Esther,8,12,Esther 8:12,404,τῇ,ὁ,RA.DSF,G3588,Rahlfs,LXX
17,Esther,8,12,Esther 8:12,405,αὐτῇ,αὐτός,RD.DSF,G846,Rahlfs,LXX
17,Esther,8,12,Esther 8:12,406,ἡμέρᾳ,ἡμέρα,N.DSF,G2250,Rahlfs,LXX
17,Esther,8,12,Esther 8:12,407,ταύτην,οὗτος,RD.ASF,G3778,Rahlfs,LXX
17,Esther,8,12,Esther 8:12,408,γὰρ,γάρ,X,G1063,Rahlfs,LXX
17,Esther,8,12,Esther 8:12,409,ὁ,ὁ,RA.NSM,G3588,Rahlfs,LXX
17,Esther,8,12,Esther 8:12,410,πάντα,πᾶς,A.APN,G3956,Rahlfs,LXX
17,Esther,8,12,Esther 8:12,411,δυναστεύων,δυναστεύω,V.PAPNSM,,Rahlfs,LXX
17,Esther,8,12,Esther 8:12,412,θεὸς,θεός,N.NSM,G2316,Rahlfs,LXX
17,Esther,8,12,Esther 8:12,413,ἀντ᾿,ἀντί,P,G473,Rahlfs,LXX
17,Esther,8,12,Esther 8:12,414,ὀλεθρίας,ὀλεθρία,N.GSF,,Rahlfs,LXX
17,Esther,8,12,Esther 8:12,415,τοῦ,ὁ,RA.GSN,G3588,Rahlfs,LXX
17,Esther,8,12,Esther 8:12,416,ἐκλεκτοῦ,ἐκλεκτός,A.GSN,G1588,Rahlfs,LXX
17,Esther,8,12,Esther 8:12,417,γένους,γένος,N.GSN,G1085,Rahlfs,LXX
17,Esther,8,12,Esther 8:12,418,ἐποίησεν,ποιέω,V.AAI3S,G4160,Rahlfs,LXX
17,Esther,8,12,Esther 8:12,419,αὐτοῖς,αὐτός,RD.DPM,G846,Rahlfs,LXX
17,Esther,8,12,Esther 8:12,420,εὐφροσύνην,εὐφροσύνη,N.ASF,G2167,Rahlfs,LXX
17,Esther,8,12,Esther 8:12,421,καὶ,καί,D,G2532,Rahlfs,LXX
17,Esther,8,12,Esther 8:12,422,ὑμεῖς,ὑμεῖς,RP.NP,G5210,Rahlfs,LXX
17,Esther,8,12,Esther 8:12,423,οὖν,οὖν,X,G3767,Rahlfs,LXX
17,Esther,8,12,Esther 8:12,424,ἐν,ἐν,P,G1722,Rahlfs,LXX
17,Esther,8,12,Esther 8:12,425,ταῖς,ὁ,RA.DPF,G3588,Rahlfs,LXX
17,Esther,8,12,Esther 8:12,426,ἐπωνύμοις,ἐπώνυμος,N.DPF,,Rahlfs,LXX
17,Esther,8,12,Esther 8:12,427,ὑμῶν,ὑμῶν,RP.GP,G5216,Rahlfs,LXX
17,Esther,8,12,Esther 8:12,428,ἑορταῖς,ἑορτή,N.DPF,G1859,Rahlfs,LXX
17,Esther,8,12,Esther 8:12,429,ἐπίσημον,ἐπίσημος,A.ASF,G1978,Rahlfs,LXX
17,Esther,8,12,Esther 8:12,430,ἡμέραν,ἡμέρα,N.ASF,G2250,Rahlfs,LXX
17,Esther,8,12,Esther 8:12,431,μετὰ,μετά,P,G3326,Rahlfs,LXX
17,Esther,8,12,Esther 8:12,432,πάσης,πᾶς,A.GSF,G3956,Rahlfs,LXX
17,Esther,8,12,Esther 8:12,433,εὐωχίας,εὐωχία,N.GSF,,Rahlfs,LXX
17,Esther,8,12,Esther 8:12,434,ἄγετε,ἄγω,V.PAI2P,G71,Rahlfs,LXX
17,Esther,8,12,Esther 8:12,435,ὅπως,ὅπως,C,G3704,Rahlfs,LXX
17,Esther,8,12,Esther 8:12,436,καὶ,καί,C,G2532,Rahlfs,LXX
17,Esther,8,12,Esther 8:12,437,νῦν,νῦν,D,G3568,Rahlfs,LXX
17,Esther,8,12,Esther 8:12,438,καὶ,καί,C,G2532,Rahlfs,LXX
17,Esther,8,12,Esther 8:12,439,μετὰ,μετά,P,G3326,Rahlfs,LXX
17,Esther,8,12,Esther 8:12,440,ταῦτα,οὗτος,RD.APN,G3778,Rahlfs,LXX
17,Esther,8,12,Esther 8:12,441,σωτηρία,σωτηρία,N.NSF,G4991,Rahlfs,LXX
17,Esther,8,12,Esther 8:12,442,ᾖ,εἰμί,V.PAS3S,G1510,Rahlfs,LXX
17,Esther,8,12,Esther 8:12,443,ἡμῖν,ἡμῖν,RP.DP,G2254,Rahlfs,LXX
17,Esther,8,12,Esther 8:12,444,καὶ,καί,C,G2532,Rahlfs,LXX
17,Esther,8,12,Esther 8:12,445,τοῖς,ὁ,RA.DPM,G3588,Rahlfs,LXX
17,Esther,8,12,Esther 8:12,446,εὐνοοῦσιν,εὐνοέω,V.PAPDPM,G2132,Rahlfs,LXX
17,Esther,8,12,Esther 8:12,447,Πέρσαις,Πέρσης,N.DPM,,Rahlfs,LXX
17,Esther,8,12,Esther 8:12,448,τοῖς,ὁ,RA.DPM,G3588,Rahlfs,LXX
17,Esther,8,12,Esther 8:12,449,δὲ,δέ,X,G1161,Rahlfs,LXX
17,Esther,8,12,Esther 8:12,450,ἡμῖν,ἡμῖν,RP.DP,G2254,Rahlfs,LXX
17,Esther,8,12,Esther 8:12,451,ἐπιβουλεύουσιν,ἐπιβουλεύω,V.PAPDPM,,Rahlfs,LXX
17,Esther,8,12,Esther 8:12,452,μνημόσυνον,μνημόσυνον,N.NSN,G3422,Rahlfs,LXX
17,Esther,8,12,Esther 8:12,453,τῆς,ὁ,RA.GSF,G3588,Rahlfs,LXX
17,Esther,8,12,Esther 8:12,454,ἀπωλείας,ἀπώλεια,N.GSF,G684,Rahlfs,LXX
17,Esther,8,12,Esther 8:12,455,πᾶσα,πᾶς,A.NSF,G3956,Rahlfs,LXX
17,Esther,8,12,Esther 8:12,456,δὲ,δέ,X,G1161,Rahlfs,LXX
17,Esther,8,12,Esther 8:12,457,πόλις,πόλις,N.NSF,G4172,Rahlfs,LXX
17,Esther,8,12,Esther 8:12,458,ἢ,ἤ,C,G2228,Rahlfs,LXX
17,Esther,8,12,Esther 8:12,459,χώρα,χώρα,N.NSF,G5561,Rahlfs,LXX
17,Esther,8,12,Esther 8:12,460,τὸ,ὁ,RA.ASN,G3588,Rahlfs,LXX
17,Esther,8,12,Esther 8:12,461,σύνολον,σύνολος,A.ASN,,Rahlfs,LXX
17,Esther,8,12,Esther 8:12,462,ἥτις,ὅστις,RX.NSF,G3748,Rahlfs,LXX
17,Esther,8,12,Esther 8:12,463,κατὰ,κατά,P,G2596,Rahlfs,LXX
17,Esther,8,12,Esther 8:12,464,ταῦτα,οὗτος,RD.APN,G3778,Rahlfs,LXX
17,Esther,8,12,Esther 8:12,465,μὴ,μή,D,G3361,Rahlfs,LXX
17,Esther,8,12,Esther 8:12,466,ποιήσῃ,ποιέω,V.AAS3S,G4160,Rahlfs,LXX
17,Esther,8,12,Esther 8:12,467,δόρατι,δόρυ,N.DSN,,Rahlfs,LXX
17,Esther,8,12,Esther 8:12,468,καὶ,καί,C,G2532,Rahlfs,LXX
17,Esther,8,12,Esther 8:12,469,πυρὶ,πῦρ,N.DSN,G4442,Rahlfs,LXX
17,Esther,8,12,Esther 8:12,470,καταναλωθήσεται,καταναλίσκω,V.FPI3S,G2654,Rahlfs,LXX
17,Esther,8,12,Esther 8:12,471,μετ᾿,μετά,P,G3326,Rahlfs,LXX
17,Esther,8,12,Esther 8:12,472,ὀργῆς,ὀργή,N.GSF,G3709,Rahlfs,LXX
17,Esther,8,12,Esther 8:12,473,οὐ,οὐ,D,G3756,Rahlfs,LXX
17,Esther,8,12,Esther 8:12,474,μόνον,μόνον,D,G3440,Rahlfs,LXX
17,Esther,8,12,Esther 8:12,475,ἀνθρώποις,ἄνθρωπος,N.DPM,G444,Rahlfs,LXX
17,Esther,8,12,Esther 8:12,476,ἄβατος,ἄβατος,A.NSM,,Rahlfs,LXX
17,Esther,8,12,Esther 8:12,477,ἀλλὰ,ἀλλά,C,G235,Rahlfs,LXX
17,Esther,8,12,Esther 8:12,478,καὶ,καί,D,G2532,Rahlfs,LXX
17,Esther,8,12,Esther 8:12,479,θηρίοις,θηρίον,N.DPN,G2342,Rahlfs,LXX
17,Esther,8,12,Esther 8:12,480,καὶ,καί,C,G2532,Rahlfs,LXX
17,Esther,8,12,Esther 8:12,481,πετεινοῖς,πετεινός,N.DPN,G4071,Rahlfs,LXX
17,Esther,8,12,Esther 8:12,482,εἰς,εἰς,P,G1519,Rahlfs,LXX
17,Esther,8,12,Esther 8:12,483,τὸν,ὁ,RA.ASM,G3588,Rahlfs,LXX
17,Esther,8,12,Esther 8:12,484,ἅπαντα,ἅπας,A.ASM,G537,Rahlfs,LXX
17,Esther,8,12,Esther 8:12,485,χρόνον,χρόνος,N.ASM,G5550,Rahlfs,LXX
17,Esther,8,12,Esther 8:12,486,ἔχθιστος,ἐχθρός,A.NSMS,G2190,Rahlfs,LXX
17,Esther,8,12,Esther 8:12,487,κατασταθήσεται,καθίστημι,V.FPI3S,G2525,Rahlfs,LXX
17,Esther,8,13,Esther 8:13,1,τὰ,ὁ,RA.NPN,G3588,Rahlfs,LXX
17,Esther,8,13,Esther 8:13,2,δὲ,δέ,X,G1161,Rahlfs,LXX
17,Esther,8,13,Esther 8:13,3,ἀντίγραφα,ἀντίγραφον,N.NPN,,Rahlfs,LXX
17,Esther,8,13,Esther 8:13,4,ἐκτιθέσθωσαν,ἐκτίθημι,V.PPD3P,G1620,Rahlfs,LXX
17,Esther,8,13,Esther 8:13,5,ὀφθαλμοφανῶς,ὀφθαλμοφανῶς,D,,Rahlfs,LXX
17,Esther,8,13,Esther 8:13,6,ἐν,ἐν,P,G1722,Rahlfs,LXX
17,Esther,8,13,Esther 8:13,7,πάσῃ,πᾶς,A.DSF,G3956,Rahlfs,LXX
17,Esther,8,13,Esther 8:13,8,τῇ,ὁ,RA.DSF,G3588,Rahlfs,LXX
17,Esther,8,13,Esther 8:13,9,βασιλείᾳ,βασιλεία,N.DSF,G932,Rahlfs,LXX
17,Esther,8,13,Esther 8:13,10,ἑτοίμους,ἑτοίμος,A.APM,G2092,Rahlfs,LXX
17,Esther,8,13,Esther 8:13,11,τε,τε,X,G5037,Rahlfs,LXX
17,Esther,8,13,Esther 8:13,12,εἶναι,εἰμί,V.PAN,G1510,Rahlfs,LXX
17,Esther,8,13,Esther 8:13,13,πάντας,πᾶς,A.APM,G3956,Rahlfs,LXX
17,Esther,8,13,Esther 8:13,14,τοὺς,ὁ,RA.APM,G3588,Rahlfs,LXX
17,Esther,8,13,Esther 8:13,15,Ιουδαίους,Ἰουδαῖος,N.APM,G2453,Rahlfs,LXX
17,Esther,8,13,Esther 8:13,16,εἰς,εἰς,P,G1519,Rahlfs,LXX
17,Esther,8,13,Esther 8:13,17,ταύτην,οὗτος,RD.ASF,G3778,Rahlfs,LXX
17,Esther,8,13,Esther 8:13,18,τὴν,ὁ,RA.ASF,G3588,Rahlfs,LXX
17,Esther,8,13,Esther 8:13,19,ἡμέραν,ἡμέρα,N.ASF,G2250,Rahlfs,LXX
17,Esther,8,13,Esther 8:13,20,πολεμῆσαι,πολεμέω,V.AAN,G4170,Rahlfs,LXX
17,Esther,8,13,Esther 8:13,21,αὐτῶν,αὐτός,RD.GPM,G846,Rahlfs,LXX
17,Esther,8,13,Esther 8:13,22,τοὺς,ὁ,RA.APM,G3588,Rahlfs,LXX
17,Esther,8,13,Esther 8:13,23,ὑπεναντίους,ὑπεναντίος,A.APM,G5227,Rahlfs,LXX
17,Esther,8,14,Esther 8:14,1,οἱ,ὁ,RA.NPM,G3588,Rahlfs,LXX
17,Esther,8,14,Esther 8:14,2,μὲν,μέν,X,G3303,Rahlfs,LXX
17,Esther,8,14,Esther 8:14,3,οὖν,οὖν,X,G3767,Rahlfs,LXX
17,Esther,8,14,Esther 8:14,4,ἱππεῖς,ἱππεύς,N.NPM,G2460,Rahlfs,LXX
17,Esther,8,14,Esther 8:14,5,ἐξῆλθον,ἐξέρχομαι,V.AAI3P,G1831,Rahlfs,LXX
17,Esther,8,14,Esther 8:14,6,σπεύδοντες,σπεύδω,V.PAPNPM,G4692,Rahlfs,LXX
17,Esther,8,14,Esther 8:14,7,τὰ,ὁ,RA.APN,G3588,Rahlfs,LXX
17,Esther,8,14,Esther 8:14,8,ὑπὸ,ὑπό,P,G5259,Rahlfs,LXX
17,Esther,8,14,Esther 8:14,9,τοῦ,ὁ,RA.GSM,G3588,Rahlfs,LXX
17,Esther,8,14,Esther 8:14,10,βασιλέως,βασιλεύς,N.GSM,G935,Rahlfs,LXX
17,Esther,8,14,Esther 8:14,11,λεγόμενα,λέγω,V.PPPAPN,G3004,Rahlfs,LXX
17,Esther,8,14,Esther 8:14,12,ἐπιτελεῖν,ἐπιτελέω,V.PAN,G2005,Rahlfs,LXX
17,Esther,8,14,Esther 8:14,13,ἐξετέθη,ἐκτίθημι,V.API3S,G1620,Rahlfs,LXX
17,Esther,8,14,Esther 8:14,14,δὲ,δέ,X,G1161,Rahlfs,LXX
17,Esther,8,14,Esther 8:14,15,τὸ,ὁ,RA.NSN,G3588,Rahlfs,LXX
17,Esther,8,14,Esther 8:14,16,πρόσταγμα,πρόσταγμα,N.NSN,,Rahlfs,LXX
17,Esther,8,14,Esther 8:14,17,καὶ,καί,D,G2532,Rahlfs,LXX
17,Esther,8,14,Esther 8:14,18,ἐν,ἐν,P,G1722,Rahlfs,LXX
17,Esther,8,14,Esther 8:14,19,Σούσοις,Σουσά,N.DPN,,Rahlfs,LXX
17,Esther,8,15,Esther 8:15,1,ὁ,ὁ,RA.NSM,G3588,Rahlfs,LXX
17,Esther,8,15,Esther 8:15,2,δὲ,δέ,X,G1161,Rahlfs,LXX
17,Esther,8,15,Esther 8:15,3,Μαρδοχαῖος,Μαρδοχαῖος,N.NSM,,Rahlfs,LXX
17,Esther,8,15,Esther 8:15,4,ἐξῆλθεν,ἐξέρχομαι,V.AAI3S,G1831,Rahlfs,LXX
17,Esther,8,15,Esther 8:15,5,ἐστολισμένος,στολίζω,V.XPPNSM,,Rahlfs,LXX
17,Esther,8,15,Esther 8:15,6,τὴν,ὁ,RA.ASF,G3588,Rahlfs,LXX
17,Esther,8,15,Esther 8:15,7,βασιλικὴν,βασιλικός,A.ASF,G937,Rahlfs,LXX
17,Esther,8,15,Esther 8:15,8,στολὴν,στολή,N.ASF,G4749,Rahlfs,LXX
17,Esther,8,15,Esther 8:15,9,καὶ,καί,C,G2532,Rahlfs,LXX
17,Esther,8,15,Esther 8:15,10,στέφανον,στέφανος,N.ASM,G4735,Rahlfs,LXX
17,Esther,8,15,Esther 8:15,11,ἔχων,ἔχω,V.PAPNSM,G2192,Rahlfs,LXX
17,Esther,8,15,Esther 8:15,12,χρυσοῦν,χρύσεος,A.ASM,G5552,Rahlfs,LXX
17,Esther,8,15,Esther 8:15,13,καὶ,καί,C,G2532,Rahlfs,LXX
17,Esther,8,15,Esther 8:15,14,διάδημα,διάδημα,N.ASN,G1238,Rahlfs,LXX
17,Esther,8,15,Esther 8:15,15,βύσσινον,βύσσινος,A.ASN,G1039,Rahlfs,LXX
17,Esther,8,15,Esther 8:15,16,πορφυροῦν,πορφυροῦς,A.ASN,G4210,Rahlfs,LXX
17,Esther,8,15,Esther 8:15,17,ἰδόντες,ὁράω,V.AAPNPM,G3708,Rahlfs,LXX
17,Esther,8,15,Esther 8:15,18,δὲ,δέ,X,G1161,Rahlfs,LXX
17,Esther,8,15,Esther 8:15,19,οἱ,ὁ,RA.NPM,G3588,Rahlfs,LXX
17,Esther,8,15,Esther 8:15,20,ἐν,ἐν,P,G1722,Rahlfs,LXX
17,Esther,8,15,Esther 8:15,21,Σούσοις,Σουσά,N.DPN,,Rahlfs,LXX
17,Esther,8,15,Esther 8:15,22,ἐχάρησαν,χαίρω,V.API3P,G5463,Rahlfs,LXX
17,Esther,8,16,Esther 8:16,1,τοῖς,ὁ,RA.DPM,G3588,Rahlfs,LXX
17,Esther,8,16,Esther 8:16,2,δὲ,δέ,X,G1161,Rahlfs,LXX
17,Esther,8,16,Esther 8:16,3,Ιουδαίοις,Ἰουδαῖος,N.DPM,G2453,Rahlfs,LXX
17,Esther,8,16,Esther 8:16,4,ἐγένετο,γίνομαι,V.AMI3S,G1096,Rahlfs,LXX
17,Esther,8,16,Esther 8:16,5,φῶς,φῶς,N.NSN,G5457,Rahlfs,LXX
17,Esther,8,16,Esther 8:16,6,καὶ,καί,C,G2532,Rahlfs,LXX
17,Esther,8,16,Esther 8:16,7,εὐφροσύνη,εὐφροσύνη,N.NSF,G2167,Rahlfs,LXX
17,Esther,8,17,Esther 8:17,1,κατὰ,κατά,P,G2596,Rahlfs,LXX
17,Esther,8,17,Esther 8:17,2,πόλιν,πόλις,N.ASF,G4172,Rahlfs,LXX
17,Esther,8,17,Esther 8:17,3,καὶ,καί,C,G2532,Rahlfs,LXX
17,Esther,8,17,Esther 8:17,4,χώραν,χώρα,N.ASF,G5561,Rahlfs,LXX
17,Esther,8,17,Esther 8:17,5,οὗ,οὗ,D,G3757,Rahlfs,LXX
17,Esther,8,17,Esther 8:17,6,ἂν,ἄν,X,G302,Rahlfs,LXX
17,Esther,8,17,Esther 8:17,7,ἐξετέθη,ἐκτίθημι,V.API3S,G1620,Rahlfs,LXX
17,Esther,8,17,Esther 8:17,8,τὸ,ὁ,RA.NSN,G3588,Rahlfs,LXX
17,Esther,8,17,Esther 8:17,9,πρόσταγμα,πρόσταγμα,N.NSN,,Rahlfs,LXX
17,Esther,8,17,Esther 8:17,10,οὗ,οὗ,D,G3757,Rahlfs,LXX
17,Esther,8,17,Esther 8:17,11,ἂν,ἄν,X,G302,Rahlfs,LXX
17,Esther,8,17,Esther 8:17,12,ἐξετέθη,ἐκτίθημι,V.API3S,G1620,Rahlfs,LXX
17,Esther,8,17,Esther 8:17,13,τὸ,ὁ,RA.NSN,G3588,Rahlfs,LXX
17,Esther,8,17,Esther 8:17,14,ἔκθεμα,ἔκθεμα,N.NSN,,Rahlfs,LXX
17,Esther,8,17,Esther 8:17,15,χαρὰ,χαρά,N.NSF,G5479,Rahlfs,LXX
17,Esther,8,17,Esther 8:17,16,καὶ,καί,C,G2532,Rahlfs,LXX
17,Esther,8,17,Esther 8:17,17,εὐφροσύνη,εὐφροσύνη,N.NSF,G2167,Rahlfs,LXX
17,Esther,8,17,Esther 8:17,18,τοῖς,ὁ,RA.DPM,G3588,Rahlfs,LXX
17,Esther,8,17,Esther 8:17,19,Ιουδαίοις,Ἰουδαῖος,N.DPM,G2453,Rahlfs,LXX
17,Esther,8,17,Esther 8:17,20,κώθων,κώθων,N.NSM,,Rahlfs,LXX
17,Esther,8,17,Esther 8:17,21,καὶ,καί,C,G2532,Rahlfs,LXX
17,Esther,8,17,Esther 8:17,22,εὐφροσύνη,εὐφροσύνη,N.NSF,G2167,Rahlfs,LXX
17,Esther,8,17,Esther 8:17,23,καὶ,καί,C,G2532,Rahlfs,LXX
17,Esther,8,17,Esther 8:17,24,πολλοὶ,πολύς,A.NPM,G4183,Rahlfs,LXX
17,Esther,8,17,Esther 8:17,25,τῶν,ὁ,RA.GPN,G3588,Rahlfs,LXX
17,Esther,8,17,Esther 8:17,26,ἐθνῶν,ἔθνος,N.GPN,G1484,Rahlfs,LXX
17,Esther,8,17,Esther 8:17,27,περιετέμοντο,περιτέμνω,V.AMI3P,G4059,Rahlfs,LXX
17,Esther,8,17,Esther 8:17,28,καὶ,καί,C,G2532,Rahlfs,LXX
17,Esther,8,17,Esther 8:17,29,ιουδάιζον,Ἰουδαΐζω,V.AAI3P,G2450,Rahlfs,LXX
17,Esther,8,17,Esther 8:17,30,διὰ,διά,P,G1223,Rahlfs,LXX
17,Esther,8,17,Esther 8:17,31,τὸν,ὁ,RA.ASM,G3588,Rahlfs,LXX
17,Esther,8,17,Esther 8:17,32,φόβον,φόβος,N.ASM,G5401,Rahlfs,LXX
17,Esther,8,17,Esther 8:17,33,τῶν,ὁ,RA.GPM,G3588,Rahlfs,LXX
17,Esther,8,17,Esther 8:17,34,Ιουδαίων,Ἰουδαῖος,N.GPM,G2453,Rahlfs,LXX
17,Esther,9,1,Esther 9:1,1,ἐν,ἐν,P,G1722,Rahlfs,LXX
17,Esther,9,1,Esther 9:1,2,γὰρ,γάρ,X,G1063,Rahlfs,LXX
17,Esther,9,1,Esther 9:1,3,τῷ,ὁ,RA.DSM,G3588,Rahlfs,LXX
17,Esther,9,1,Esther 9:1,4,δωδεκάτῳ,δωδέκατος,A.DSM,G1428,Rahlfs,LXX
17,Esther,9,1,Esther 9:1,5,μηνὶ,μήν,N.DSM,G3376,Rahlfs,LXX
17,Esther,9,1,Esther 9:1,6,τρισκαιδεκάτῃ,τρισκαιδέκατος,A.DSF,,Rahlfs,LXX
17,Esther,9,1,Esther 9:1,7,τοῦ,ὁ,RA.GSM,G3588,Rahlfs,LXX
17,Esther,9,1,Esther 9:1,8,μηνός,μήν,N.GSM,G3376,Rahlfs,LXX
17,Esther,9,1,Esther 9:1,9,ὅς,ὅς,RR.NSM,G3739,Rahlfs,LXX
17,Esther,9,1,Esther 9:1,10,ἐστιν,εἰμί,V.PAI3S,G1510,Rahlfs,LXX
17,Esther,9,1,Esther 9:1,11,Αδαρ,Αδαρ,N.NSM,,Rahlfs,LXX
17,Esther,9,1,Esther 9:1,12,παρῆν,πάρειμι,V.IAI3S,G3918,Rahlfs,LXX
17,Esther,9,1,Esther 9:1,13,τὰ,ὁ,RA.NPN,G3588,Rahlfs,LXX
17,Esther,9,1,Esther 9:1,14,γράμματα,γράμμα,N.NPN,G1121,Rahlfs,LXX
17,Esther,9,1,Esther 9:1,15,τὰ,ὁ,RA.NPN,G3588,Rahlfs,LXX
17,Esther,9,1,Esther 9:1,16,γραφέντα,γράφω,V.APPNPN,G1125,Rahlfs,LXX
17,Esther,9,1,Esther 9:1,17,ὑπὸ,ὑπό,P,G5259,Rahlfs,LXX
17,Esther,9,1,Esther 9:1,18,τοῦ,ὁ,RA.GSM,G3588,Rahlfs,LXX
17,Esther,9,1,Esther 9:1,19,βασιλέως,βασιλεύς,N.GSM,G935,Rahlfs,LXX
17,Esther,9,2,Esther 9:2,1,ἐν,ἐν,P,G1722,Rahlfs,LXX
17,Esther,9,2,Esther 9:2,2,αὐτῇ,αὐτός,RD.DSF,G846,Rahlfs,LXX
17,Esther,9,2,Esther 9:2,3,τῇ,ὁ,RA.DSF,G3588,Rahlfs,LXX
17,Esther,9,2,Esther 9:2,4,ἡμέρᾳ,ἡμέρα,N.DSF,G2250,Rahlfs,LXX
17,Esther,9,2,Esther 9:2,5,ἀπώλοντο,ἀπόλλυμι,V.AMI3P,G622,Rahlfs,LXX
17,Esther,9,2,Esther 9:2,6,οἱ,ὁ,RA.NPM,G3588,Rahlfs,LXX
17,Esther,9,2,Esther 9:2,7,ἀντικείμενοι,ἀντίκειμαι,V.PMPNPM,G480,Rahlfs,LXX
17,Esther,9,2,Esther 9:2,8,τοῖς,ὁ,RA.DPM,G3588,Rahlfs,LXX
17,Esther,9,2,Esther 9:2,9,Ιουδαίοις,Ἰουδαῖος,N.DPM,G2453,Rahlfs,LXX
17,Esther,9,2,Esther 9:2,10,οὐδεὶς,οὐδείς,A.NSM,G3762,Rahlfs,LXX
17,Esther,9,2,Esther 9:2,11,γὰρ,γάρ,X,G1063,Rahlfs,LXX
17,Esther,9,2,Esther 9:2,12,ἀντέστη,ἀνθίστημι,V.AAI3S,G436,Rahlfs,LXX
17,Esther,9,2,Esther 9:2,13,φοβούμενος,φοβέω,V.PMPNSM,G5399,Rahlfs,LXX
17,Esther,9,2,Esther 9:2,14,αὐτούς,αὐτός,RD.APM,G846,Rahlfs,LXX
17,Esther,9,3,Esther 9:3,1,οἱ,ὁ,RA.NPM,G3588,Rahlfs,LXX
17,Esther,9,3,Esther 9:3,2,γὰρ,γάρ,X,G1063,Rahlfs,LXX
17,Esther,9,3,Esther 9:3,3,ἄρχοντες,ἄρχων,N.NPM,G758,Rahlfs,LXX
17,Esther,9,3,Esther 9:3,4,τῶν,ὁ,RA.GPM,G3588,Rahlfs,LXX
17,Esther,9,3,Esther 9:3,5,σατραπῶν,σατράπης,N.GPM,,Rahlfs,LXX
17,Esther,9,3,Esther 9:3,6,καὶ,καί,C,G2532,Rahlfs,LXX
17,Esther,9,3,Esther 9:3,7,οἱ,ὁ,RA.NPM,G3588,Rahlfs,LXX
17,Esther,9,3,Esther 9:3,8,τύραννοι,τύραννος,N.NPM,,Rahlfs,LXX
17,Esther,9,3,Esther 9:3,9,καὶ,καί,C,G2532,Rahlfs,LXX
17,Esther,9,3,Esther 9:3,10,οἱ,ὁ,RA.NPM,G3588,Rahlfs,LXX
17,Esther,9,3,Esther 9:3,11,βασιλικοὶ,βασιλικός,A.NPM,G937,Rahlfs,LXX
17,Esther,9,3,Esther 9:3,12,γραμματεῖς,γραμματεύς,N.NPM,G1122,Rahlfs,LXX
17,Esther,9,3,Esther 9:3,13,ἐτίμων,τιμάω,V.IAI3P,G5091,Rahlfs,LXX
17,Esther,9,3,Esther 9:3,14,τοὺς,ὁ,RA.APM,G3588,Rahlfs,LXX
17,Esther,9,3,Esther 9:3,15,Ιουδαίους,Ἰουδαῖος,N.APM,G2453,Rahlfs,LXX
17,Esther,9,3,Esther 9:3,16,ὁ,ὁ,RA.NSM,G3588,Rahlfs,LXX
17,Esther,9,3,Esther 9:3,17,γὰρ,γάρ,X,G1063,Rahlfs,LXX
17,Esther,9,3,Esther 9:3,18,φόβος,φόβος,N.NSM,G5401,Rahlfs,LXX
17,Esther,9,3,Esther 9:3,19,Μαρδοχαίου,Μαρδοχαῖος,N.GSM,,Rahlfs,LXX
17,Esther,9,3,Esther 9:3,20,ἐνέκειτο,ἔγκειμαι,V.IMI3S,,Rahlfs,LXX
17,Esther,9,3,Esther 9:3,21,αὐτοῖς,αὐτός,RD.DPM,G846,Rahlfs,LXX
17,Esther,9,4,Esther 9:4,1,προσέπεσεν,προσπίπτω,V.AAI3S,G4363,Rahlfs,LXX
17,Esther,9,4,Esther 9:4,2,γὰρ,γάρ,X,G1063,Rahlfs,LXX
17,Esther,9,4,Esther 9:4,3,τὸ,ὁ,RA.NSN,G3588,Rahlfs,LXX
17,Esther,9,4,Esther 9:4,4,πρόσταγμα,πρόσταγμα,N.NSN,,Rahlfs,LXX
17,Esther,9,4,Esther 9:4,5,τοῦ,ὁ,RA.GSM,G3588,Rahlfs,LXX
17,Esther,9,4,Esther 9:4,6,βασιλέως,βασιλεύς,N.GSM,G935,Rahlfs,LXX
17,Esther,9,4,Esther 9:4,7,ὀνομασθῆναι,ὀνομάζω,V.APN,G3687,Rahlfs,LXX
17,Esther,9,4,Esther 9:4,8,ἐν,ἐν,P,G1722,Rahlfs,LXX
17,Esther,9,4,Esther 9:4,9,πάσῃ,πᾶς,A.DSF,G3956,Rahlfs,LXX
17,Esther,9,4,Esther 9:4,10,τῇ,ὁ,RA.DSF,G3588,Rahlfs,LXX
17,Esther,9,4,Esther 9:4,11,βασιλείᾳ,βασιλεία,N.DSF,G932,Rahlfs,LXX
17,Esther,9,6,Esther 9:6,1,καὶ,καί,C,G2532,Rahlfs,LXX
17,Esther,9,6,Esther 9:6,2,ἐν,ἐν,P,G1722,Rahlfs,LXX
17,Esther,9,6,Esther 9:6,3,Σούσοις,Σουσά,N.DPN,,Rahlfs,LXX
17,Esther,9,6,Esther 9:6,4,τῇ,ὁ,RA.DSF,G3588,Rahlfs,LXX
17,Esther,9,6,Esther 9:6,5,πόλει,πόλις,N.DSF,G4172,Rahlfs,LXX
17,Esther,9,6,Esther 9:6,6,ἀπέκτειναν,ἀποκτείνω,V.AAI3P,G615,Rahlfs,LXX
17,Esther,9,6,Esther 9:6,7,οἱ,ὁ,RA.NPM,G3588,Rahlfs,LXX
17,Esther,9,6,Esther 9:6,8,Ιουδαῖοι,Ἰουδαῖος,N.NPM,G2453,Rahlfs,LXX
17,Esther,9,6,Esther 9:6,9,ἄνδρας,ἀνήρ,N.APM,G435,Rahlfs,LXX
17,Esther,9,6,Esther 9:6,10,πεντακοσίους,πεντακόσιοι,A.APM,G4001,Rahlfs,LXX
17,Esther,9,7,Esther 9:7,1,τόν,ὁ,RA.ASM,G3588,Rahlfs,LXX
17,Esther,9,7,Esther 9:7,2,τε,τε,X,G5037,Rahlfs,LXX
17,Esther,9,7,Esther 9:7,3,Φαρσαννεσταιν,Φαρσαννεσταιν,N.ASM,,Rahlfs,LXX
17,Esther,9,7,Esther 9:7,4,καὶ,καί,C,G2532,Rahlfs,LXX
17,Esther,9,7,Esther 9:7,5,Δελφων,Δελφων,N.ASM,,Rahlfs,LXX
17,Esther,9,7,Esther 9:7,6,καὶ,καί,C,G2532,Rahlfs,LXX
17,Esther,9,7,Esther 9:7,7,Φασγα,Φασγα,N.ASM,,Rahlfs,LXX
17,Esther,9,8,Esther 9:8,1,καὶ,καί,C,G2532,Rahlfs,LXX
17,Esther,9,8,Esther 9:8,2,Φαρδαθα,Φαρδαθα,N.ASM,,Rahlfs,LXX
17,Esther,9,8,Esther 9:8,3,καὶ,καί,C,G2532,Rahlfs,LXX
17,Esther,9,8,Esther 9:8,4,Βαρεα,Βαρεα,N.ASM,,Rahlfs,LXX
17,Esther,9,8,Esther 9:8,5,καὶ,καί,C,G2532,Rahlfs,LXX
17,Esther,9,8,Esther 9:8,6,Σαρβαχα,Σαρβαχα,N.ASM,,Rahlfs,LXX
17,Esther,9,9,Esther 9:9,1,καὶ,καί,C,G2532,Rahlfs,LXX
17,Esther,9,9,Esther 9:9,2,Μαρμασιμα,Μαρμασιμα,N.ASM,,Rahlfs,LXX
17,Esther,9,9,Esther 9:9,3,καὶ,καί,C,G2532,Rahlfs,LXX
17,Esther,9,9,Esther 9:9,4,Αρουφαιον,Αρουφαιος,N.ASM,,Rahlfs,LXX
17,Esther,9,9,Esther 9:9,5,καὶ,καί,C,G2532,Rahlfs,LXX
17,Esther,9,9,Esther 9:9,6,Αρσαιον,Αρσαιος,N.ASM,,Rahlfs,LXX
17,Esther,9,9,Esther 9:9,7,καὶ,καί,C,G2532,Rahlfs,LXX
17,Esther,9,9,Esther 9:9,8,Ζαβουθαιθαν,Ζαβουθαιθαν,N.ASM,,Rahlfs,LXX
17,Esther,9,10,Esther 9:10,1,τοὺς,ὁ,RA.APM,G3588,Rahlfs,LXX
17,Esther,9,10,Esther 9:10,2,δέκα,δέκα,M,G1176,Rahlfs,LXX
17,Esther,9,10,Esther 9:10,3,υἱοὺς,υἱός,N.APM,G5207,Rahlfs,LXX
17,Esther,9,10,Esther 9:10,4,Αμαν,Ἁμάν,N.GSM,,Rahlfs,LXX
17,Esther,9,10,Esther 9:10,5,Αμαδαθου,Αμαδαθος,N.GSM,,Rahlfs,LXX
17,Esther,9,10,Esther 9:10,6,Βουγαίου,Βουγαῖος,N.GSM,,Rahlfs,LXX
17,Esther,9,10,Esther 9:10,7,τοῦ,ὁ,RA.GSM,G3588,Rahlfs,LXX
17,Esther,9,10,Esther 9:10,8,ἐχθροῦ,ἐχθρός,A.GSM,G2190,Rahlfs,LXX
17,Esther,9,10,Esther 9:10,9,τῶν,ὁ,RA.GPM,G3588,Rahlfs,LXX
17,Esther,9,10,Esther 9:10,10,Ιουδαίων,Ἰουδαῖος,N.GPM,G2453,Rahlfs,LXX
17,Esther,9,10,Esther 9:10,11,καὶ,καί,C,G2532,Rahlfs,LXX
17,Esther,9,10,Esther 9:10,12,διήρπασαν,διαρπάζω,V.AAI3P,G1283,Rahlfs,LXX
17,Esther,9,11,Esther 9:11,1,ἐν,ἐν,P,G1722,Rahlfs,LXX
17,Esther,9,11,Esther 9:11,2,αὐτῇ,αὐτός,RD.DSF,G846,Rahlfs,LXX
17,Esther,9,11,Esther 9:11,3,τῇ,ὁ,RA.DSF,G3588,Rahlfs,LXX
17,Esther,9,11,Esther 9:11,4,ἡμέρᾳ,ἡμέρα,N.DSF,G2250,Rahlfs,LXX
17,Esther,9,11,Esther 9:11,5,ἐπεδόθη,ἐπιδίδωμι,V.API3S,G1929,Rahlfs,LXX
17,Esther,9,11,Esther 9:11,6,ὁ,ὁ,RA.NSM,G3588,Rahlfs,LXX
17,Esther,9,11,Esther 9:11,7,ἀριθμὸς,ἀριθμός,N.NSM,G706,Rahlfs,LXX
17,Esther,9,11,Esther 9:11,8,τῷ,ὁ,RA.DSM,G3588,Rahlfs,LXX
17,Esther,9,11,Esther 9:11,9,βασιλεῖ,βασιλεύς,N.DSM,G935,Rahlfs,LXX
17,Esther,9,11,Esther 9:11,10,τῶν,ὁ,RA.GPM,G3588,Rahlfs,LXX
17,Esther,9,11,Esther 9:11,11,ἀπολωλότων,ἀπόλλυμι,V.XAPGPM,G622,Rahlfs,LXX
17,Esther,9,11,Esther 9:11,12,ἐν,ἐν,P,G1722,Rahlfs,LXX
17,Esther,9,11,Esther 9:11,13,Σούσοις,Σουσά,N.DPN,,Rahlfs,LXX
17,Esther,9,12,Esther 9:12,1,εἶπεν,ἔπω,V.AAI3S,G2036,Rahlfs,LXX
17,Esther,9,12,Esther 9:12,2,δὲ,δέ,X,G1161,Rahlfs,LXX
17,Esther,9,12,Esther 9:12,3,ὁ,ὁ,RA.NSM,G3588,Rahlfs,LXX
17,Esther,9,12,Esther 9:12,4,βασιλεὺς,βασιλεύς,N.NSM,G935,Rahlfs,LXX
17,Esther,9,12,Esther 9:12,5,πρὸς,πρός,P,G4314,Rahlfs,LXX
17,Esther,9,12,Esther 9:12,6,Εσθηρ,Εσθηρ,N.ASF,,Rahlfs,LXX
17,Esther,9,12,Esther 9:12,7,ἀπώλεσαν,ἀπόλλυμι,V.AAI3P,G622,Rahlfs,LXX
17,Esther,9,12,Esther 9:12,8,οἱ,ὁ,RA.NPM,G3588,Rahlfs,LXX
17,Esther,9,12,Esther 9:12,9,Ιουδαῖοι,Ἰουδαῖος,N.NPM,G2453,Rahlfs,LXX
17,Esther,9,12,Esther 9:12,10,ἐν,ἐν,P,G1722,Rahlfs,LXX
17,Esther,9,12,Esther 9:12,11,Σούσοις,Σουσά,N.DPN,,Rahlfs,LXX
17,Esther,9,12,Esther 9:12,12,τῇ,ὁ,RA.DSF,G3588,Rahlfs,LXX
17,Esther,9,12,Esther 9:12,13,πόλει,πόλις,N.DSF,G4172,Rahlfs,LXX
17,Esther,9,12,Esther 9:12,14,ἄνδρας,ἀνήρ,N.APM,G435,Rahlfs,LXX
17,Esther,9,12,Esther 9:12,15,πεντακοσίους,πεντακόσιοι,A.APM,G4001,Rahlfs,LXX
17,Esther,9,12,Esther 9:12,16,ἐν,ἐν,P,G1722,Rahlfs,LXX
17,Esther,9,12,Esther 9:12,17,δὲ,δέ,X,G1161,Rahlfs,LXX
17,Esther,9,12,Esther 9:12,18,τῇ,ὁ,RA.DSF,G3588,Rahlfs,LXX
17,Esther,9,12,Esther 9:12,19,περιχώρῳ,περίχωρος,A.DSF,G4066,Rahlfs,LXX
17,Esther,9,12,Esther 9:12,20,πῶς,πῶς,D,G4459,Rahlfs,LXX
17,Esther,9,12,Esther 9:12,21,οἴει,οἴομαι,V.PMI2S,G3633,Rahlfs,LXX
17,Esther,9,12,Esther 9:12,22,ἐχρήσαντο,χράω,V.AMI3P,G5531,Rahlfs,LXX
17,Esther,9,12,Esther 9:12,23,τί,τίς,RI.ASN,G5101,Rahlfs,LXX
17,Esther,9,12,Esther 9:12,24,οὖν,οὖν,X,G3767,Rahlfs,LXX
17,Esther,9,12,Esther 9:12,25,ἀξιοῖς,ἀξιόω,V.PAI2S,G515,Rahlfs,LXX
17,Esther,9,12,Esther 9:12,26,ἔτι,ἔτι,D,G2089,Rahlfs,LXX
17,Esther,9,12,Esther 9:12,27,καὶ,καί,C,G2532,Rahlfs,LXX
17,Esther,9,12,Esther 9:12,28,ἔσται,εἰμί,V.FMI3S,G1510,Rahlfs,LXX
17,Esther,9,12,Esther 9:12,29,σοι,σοί,RP.DS,G4671,Rahlfs,LXX
17,Esther,9,13,Esther 9:13,1,καὶ,καί,C,G2532,Rahlfs,LXX
17,Esther,9,13,Esther 9:13,2,εἶπεν,ἔπω,V.AAI3S,G2036,Rahlfs,LXX
17,Esther,9,13,Esther 9:13,3,Εσθηρ,Εσθηρ,N.NSF,,Rahlfs,LXX
17,Esther,9,13,Esther 9:13,4,τῷ,ὁ,RA.DSM,G3588,Rahlfs,LXX
17,Esther,9,13,Esther 9:13,5,βασιλεῖ,βασιλεύς,N.DSM,G935,Rahlfs,LXX
17,Esther,9,13,Esther 9:13,6,δοθήτω,δίδωμι,V.APD3S,G1325,Rahlfs,LXX
17,Esther,9,13,Esther 9:13,7,τοῖς,ὁ,RA.DPM,G3588,Rahlfs,LXX
17,Esther,9,13,Esther 9:13,8,Ιουδαίοις,Ἰουδαῖος,N.DPM,G2453,Rahlfs,LXX
17,Esther,9,13,Esther 9:13,9,χρῆσθαι,χράομαι,V.PMN,G5530,Rahlfs,LXX
17,Esther,9,13,Esther 9:13,10,ὡσαύτως,ὡσαύτως,D,G5615,Rahlfs,LXX
17,Esther,9,13,Esther 9:13,11,τὴν,ὁ,RA.ASF,G3588,Rahlfs,LXX
17,Esther,9,13,Esther 9:13,12,αὔριον,αὔριον,D,G839,Rahlfs,LXX
17,Esther,9,13,Esther 9:13,13,ὥστε,ὥστε,C,G5620,Rahlfs,LXX
17,Esther,9,13,Esther 9:13,14,τοὺς,ὁ,RA.APM,G3588,Rahlfs,LXX
17,Esther,9,13,Esther 9:13,15,δέκα,δέκα,M,G1176,Rahlfs,LXX
17,Esther,9,13,Esther 9:13,16,υἱοὺς,υἱός,N.APM,G5207,Rahlfs,LXX
17,Esther,9,13,Esther 9:13,17,κρεμάσαι,κρεμάννυμι,V.AAN,G2910,Rahlfs,LXX
17,Esther,9,13,Esther 9:13,18,Αμαν,Ἁμάν,N.GSM,,Rahlfs,LXX
17,Esther,9,14,Esther 9:14,1,καὶ,καί,C,G2532,Rahlfs,LXX
17,Esther,9,14,Esther 9:14,2,ἐπέτρεψεν,ἐπιτρέπω,V.AAI3S,G2010,Rahlfs,LXX
17,Esther,9,14,Esther 9:14,3,οὕτως,οὕτως,D,G3779,Rahlfs,LXX
17,Esther,9,14,Esther 9:14,4,γενέσθαι,γίνομαι,V.AMN,G1096,Rahlfs,LXX
17,Esther,9,14,Esther 9:14,5,καὶ,καί,C,G2532,Rahlfs,LXX
17,Esther,9,14,Esther 9:14,6,ἐξέθηκε,ἐκτίθημι,V.AAI3S,G1620,Rahlfs,LXX
17,Esther,9,14,Esther 9:14,7,τοῖς,ὁ,RA.DPM,G3588,Rahlfs,LXX
17,Esther,9,14,Esther 9:14,8,Ιουδαίοις,Ἰουδαῖος,N.DPM,G2453,Rahlfs,LXX
17,Esther,9,14,Esther 9:14,9,τῆς,ὁ,RA.GSF,G3588,Rahlfs,LXX
17,Esther,9,14,Esther 9:14,10,πόλεως,πόλις,N.GSF,G4172,Rahlfs,LXX
17,Esther,9,14,Esther 9:14,11,τὰ,ὁ,RA.APN,G3588,Rahlfs,LXX
17,Esther,9,14,Esther 9:14,12,σώματα,σῶμα,N.APN,G4983,Rahlfs,LXX
17,Esther,9,14,Esther 9:14,13,τῶν,ὁ,RA.GPM,G3588,Rahlfs,LXX
17,Esther,9,14,Esther 9:14,14,υἱῶν,υἱός,N.GPM,G5207,Rahlfs,LXX
17,Esther,9,14,Esther 9:14,15,Αμαν,Ἁμάν,N.GSM,,Rahlfs,LXX
17,Esther,9,14,Esther 9:14,16,κρεμάσαι,κρεμάννυμι,V.AAN,G2910,Rahlfs,LXX
17,Esther,9,15,Esther 9:15,1,καὶ,καί,C,G2532,Rahlfs,LXX
17,Esther,9,15,Esther 9:15,2,συνήχθησαν,συνάγω,V.API3P,G4863,Rahlfs,LXX
17,Esther,9,15,Esther 9:15,3,οἱ,ὁ,RA.NPM,G3588,Rahlfs,LXX
17,Esther,9,15,Esther 9:15,4,Ιουδαῖοι,Ἰουδαῖος,N.NPM,G2453,Rahlfs,LXX
17,Esther,9,15,Esther 9:15,5,ἐν,ἐν,P,G1722,Rahlfs,LXX
17,Esther,9,15,Esther 9:15,6,Σούσοις,Σουσά,N.DPN,,Rahlfs,LXX
17,Esther,9,15,Esther 9:15,7,τῇ,ὁ,RA.DSF,G3588,Rahlfs,LXX
17,Esther,9,15,Esther 9:15,8,τεσσαρεσκαιδεκάτῃ,τεσσαρεσκαιδέκατος,A.DSF,G5065,Rahlfs,LXX
17,Esther,9,15,Esther 9:15,9,τοῦ,ὁ,RA.GSM,G3588,Rahlfs,LXX
17,Esther,9,15,Esther 9:15,10,Αδαρ,Αδαρ,N.GSM,,Rahlfs,LXX
17,Esther,9,15,Esther 9:15,11,καὶ,καί,C,G2532,Rahlfs,LXX
17,Esther,9,15,Esther 9:15,12,ἀπέκτειναν,ἀποκτείνω,V.AAI3P,G615,Rahlfs,LXX
17,Esther,9,15,Esther 9:15,13,ἄνδρας,ἀνήρ,N.APM,G435,Rahlfs,LXX
17,Esther,9,15,Esther 9:15,14,τριακοσίους,τριακόσιοι,A.APM,G5145,Rahlfs,LXX
17,Esther,9,15,Esther 9:15,15,καὶ,καί,C,G2532,Rahlfs,LXX
17,Esther,9,15,Esther 9:15,16,οὐδὲν,οὐδείς,A.ASN,G3762,Rahlfs,LXX
17,Esther,9,15,Esther 9:15,17,διήρπασαν,διαρπάζω,V.AAI3P,G1283,Rahlfs,LXX
17,Esther,9,16,Esther 9:16,1,οἱ,ὁ,RA.NPM,G3588,Rahlfs,LXX
17,Esther,9,16,Esther 9:16,2,δὲ,δέ,X,G1161,Rahlfs,LXX
17,Esther,9,16,Esther 9:16,3,λοιποὶ,λοιπός,A.NPM,G3062,Rahlfs,LXX
17,Esther,9,16,Esther 9:16,4,τῶν,ὁ,RA.GPM,G3588,Rahlfs,LXX
17,Esther,9,16,Esther 9:16,5,Ιουδαίων,Ἰουδαῖος,N.GPM,G2453,Rahlfs,LXX
17,Esther,9,16,Esther 9:16,6,οἱ,ὁ,RA.NPM,G3588,Rahlfs,LXX
17,Esther,9,16,Esther 9:16,7,ἐν,ἐν,P,G1722,Rahlfs,LXX
17,Esther,9,16,Esther 9:16,8,τῇ,ὁ,RA.DSF,G3588,Rahlfs,LXX
17,Esther,9,16,Esther 9:16,9,βασιλείᾳ,βασιλεία,N.DSF,G932,Rahlfs,LXX
17,Esther,9,16,Esther 9:16,10,συνήχθησαν,συνάγω,V.API3P,G4863,Rahlfs,LXX
17,Esther,9,16,Esther 9:16,11,καὶ,καί,C,G2532,Rahlfs,LXX
17,Esther,9,16,Esther 9:16,12,ἑαυτοῖς,ἑαυτοῦ,RD.DPM,G1438,Rahlfs,LXX
17,Esther,9,16,Esther 9:16,13,ἐβοήθουν,βοηθέω,V.IAI3P,G997,Rahlfs,LXX
17,Esther,9,16,Esther 9:16,14,καὶ,καί,C,G2532,Rahlfs,LXX
17,Esther,9,16,Esther 9:16,15,ἀνεπαύσαντο,ἀναπαύω,V.AMI3P,G373,Rahlfs,LXX
17,Esther,9,16,Esther 9:16,16,ἀπὸ,ἀπό,P,G575,Rahlfs,LXX
17,Esther,9,16,Esther 9:16,17,τῶν,ὁ,RA.GPM,G3588,Rahlfs,LXX
17,Esther,9,16,Esther 9:16,18,πολεμίων,πολέμιος,A.GPM,,Rahlfs,LXX
17,Esther,9,16,Esther 9:16,19,ἀπώλεσαν,ἀπόλλυμι,V.AAI3P,G622,Rahlfs,LXX
17,Esther,9,16,Esther 9:16,20,γὰρ,γάρ,X,G1063,Rahlfs,LXX
17,Esther,9,16,Esther 9:16,21,αὐτῶν,αὐτός,RD.GPM,G846,Rahlfs,LXX
17,Esther,9,16,Esther 9:16,22,μυρίους,μύριοι,A.APM,G3463,Rahlfs,LXX
17,Esther,9,16,Esther 9:16,23,πεντακισχιλίους,πεντακισχίλιοι,A.APM,G4000,Rahlfs,LXX
17,Esther,9,16,Esther 9:16,24,τῇ,ὁ,RA.DSF,G3588,Rahlfs,LXX
17,Esther,9,16,Esther 9:16,25,τρισκαιδεκάτῃ,τρισκαιδέκατος,A.DSF,,Rahlfs,LXX
17,Esther,9,16,Esther 9:16,26,τοῦ,ὁ,RA.GSM,G3588,Rahlfs,LXX
17,Esther,9,16,Esther 9:16,27,Αδαρ,Αδαρ,N.GSM,,Rahlfs,LXX
17,Esther,9,16,Esther 9:16,28,καὶ,καί,C,G2532,Rahlfs,LXX
17,Esther,9,16,Esther 9:16,29,οὐδὲν,οὐδείς,A.ASN,G3762,Rahlfs,LXX
17,Esther,9,16,Esther 9:16,30,διήρπασαν,διαρπάζω,V.AAI3P,G1283,Rahlfs,LXX
17,Esther,9,17,Esther 9:17,1,καὶ,καί,C,G2532,Rahlfs,LXX
17,Esther,9,17,Esther 9:17,2,ἀνεπαύσαντο,ἀναπαύω,V.AMI3P,G373,Rahlfs,LXX
17,Esther,9,17,Esther 9:17,3,τῇ,ὁ,RA.DSF,G3588,Rahlfs,LXX
17,Esther,9,17,Esther 9:17,4,τεσσαρεσκαιδεκάτῃ,τεσσαρεσκαιδέκατος,A.DSF,G5065,Rahlfs,LXX
17,Esther,9,17,Esther 9:17,5,τοῦ,ὁ,RA.GSM,G3588,Rahlfs,LXX
17,Esther,9,17,Esther 9:17,6,αὐτοῦ,αὐτός,RD.GSM,G846,Rahlfs,LXX
17,Esther,9,17,Esther 9:17,7,μηνὸς,μήν,N.GSM,G3376,Rahlfs,LXX
17,Esther,9,17,Esther 9:17,8,καὶ,καί,C,G2532,Rahlfs,LXX
17,Esther,9,17,Esther 9:17,9,ἦγον,ἄγω,V.IAI3P,G71,Rahlfs,LXX
17,Esther,9,17,Esther 9:17,10,αὐτὴν,αὐτός,RD.ASF,G846,Rahlfs,LXX
17,Esther,9,17,Esther 9:17,11,ἡμέραν,ἡμέρα,N.ASF,G2250,Rahlfs,LXX
17,Esther,9,17,Esther 9:17,12,ἀναπαύσεως,ἀνάπαυσις,N.GSF,G372,Rahlfs,LXX
17,Esther,9,17,Esther 9:17,13,μετὰ,μετά,P,G3326,Rahlfs,LXX
17,Esther,9,17,Esther 9:17,14,χαρᾶς,χαρά,N.GSF,G5479,Rahlfs,LXX
17,Esther,9,17,Esther 9:17,15,καὶ,καί,C,G2532,Rahlfs,LXX
17,Esther,9,17,Esther 9:17,16,εὐφροσύνης,εὐφροσύνη,N.GSF,G2167,Rahlfs,LXX
17,Esther,9,18,Esther 9:18,1,οἱ,ὁ,RA.NPM,G3588,Rahlfs,LXX
17,Esther,9,18,Esther 9:18,2,δὲ,δέ,X,G1161,Rahlfs,LXX
17,Esther,9,18,Esther 9:18,3,Ιουδαῖοι,Ἰουδαῖος,N.NPM,G2453,Rahlfs,LXX
17,Esther,9,18,Esther 9:18,4,οἱ,ὁ,RA.NPM,G3588,Rahlfs,LXX
17,Esther,9,18,Esther 9:18,5,ἐν,ἐν,P,G1722,Rahlfs,LXX
17,Esther,9,18,Esther 9:18,6,Σούσοις,Σουσά,N.DPN,,Rahlfs,LXX
17,Esther,9,18,Esther 9:18,7,τῇ,ὁ,RA.DSF,G3588,Rahlfs,LXX
17,Esther,9,18,Esther 9:18,8,πόλει,πόλις,N.DSF,G4172,Rahlfs,LXX
17,Esther,9,18,Esther 9:18,9,συνήχθησαν,συνάγω,V.API3P,G4863,Rahlfs,LXX
17,Esther,9,18,Esther 9:18,10,καὶ,καί,D,G2532,Rahlfs,LXX
17,Esther,9,18,Esther 9:18,11,τῇ,ὁ,RA.DSF,G3588,Rahlfs,LXX
17,Esther,9,18,Esther 9:18,12,τεσσαρεσκαιδεκάτῃ,τεσσαρεσκαιδέκατος,A.DSF,G5065,Rahlfs,LXX
17,Esther,9,18,Esther 9:18,13,καὶ,καί,C,G2532,Rahlfs,LXX
17,Esther,9,18,Esther 9:18,14,οὐκ,οὐ,D,G3756,Rahlfs,LXX
17,Esther,9,18,Esther 9:18,15,ἀνεπαύσαντο,ἀναπαύω,V.AMI3P,G373,Rahlfs,LXX
17,Esther,9,18,Esther 9:18,16,ἦγον,ἄγω,V.IAI3P,G71,Rahlfs,LXX
17,Esther,9,18,Esther 9:18,17,δὲ,δέ,X,G1161,Rahlfs,LXX
17,Esther,9,18,Esther 9:18,18,καὶ,καί,D,G2532,Rahlfs,LXX
17,Esther,9,18,Esther 9:18,19,τὴν,ὁ,RA.ASF,G3588,Rahlfs,LXX
17,Esther,9,18,Esther 9:18,20,πεντεκαιδεκάτην,πεντεκαιδέκατος,A.ASF,G4003,Rahlfs,LXX
17,Esther,9,18,Esther 9:18,21,μετὰ,μετά,P,G3326,Rahlfs,LXX
17,Esther,9,18,Esther 9:18,22,χαρᾶς,χαρά,N.GSF,G5479,Rahlfs,LXX
17,Esther,9,18,Esther 9:18,23,καὶ,καί,C,G2532,Rahlfs,LXX
17,Esther,9,18,Esther 9:18,24,εὐφροσύνης,εὐφροσύνη,N.GSF,G2167,Rahlfs,LXX
17,Esther,9,19,Esther 9:19,1,διὰ,διά,P,G1223,Rahlfs,LXX
17,Esther,9,19,Esther 9:19,2,τοῦτο,οὗτος,RD.ASN,G3778,Rahlfs,LXX
17,Esther,9,19,Esther 9:19,3,οὖν,οὖν,X,G3767,Rahlfs,LXX
17,Esther,9,19,Esther 9:19,4,οἱ,ὁ,RA.NPM,G3588,Rahlfs,LXX
17,Esther,9,19,Esther 9:19,5,Ιουδαῖοι,Ἰουδαῖος,N.NPM,G2453,Rahlfs,LXX
17,Esther,9,19,Esther 9:19,6,οἱ,ὁ,RA.NPM,G3588,Rahlfs,LXX
17,Esther,9,19,Esther 9:19,7,διεσπαρμένοι,διασπείρω,V.XMPNPM,G1289,Rahlfs,LXX
17,Esther,9,19,Esther 9:19,8,ἐν,ἐν,P,G1722,Rahlfs,LXX
17,Esther,9,19,Esther 9:19,9,πάσῃ,πᾶς,A.DSF,G3956,Rahlfs,LXX
17,Esther,9,19,Esther 9:19,10,χώρᾳ,χώρα,N.DSF,G5561,Rahlfs,LXX
17,Esther,9,19,Esther 9:19,11,τῇ,ὁ,RA.DSF,G3588,Rahlfs,LXX
17,Esther,9,19,Esther 9:19,12,ἔξω,ἔξω,D,G1854,Rahlfs,LXX
17,Esther,9,19,Esther 9:19,13,ἄγουσιν,ἄγω,V.PAI3P,G71,Rahlfs,LXX
17,Esther,9,19,Esther 9:19,14,τὴν,ὁ,RA.ASF,G3588,Rahlfs,LXX
17,Esther,9,19,Esther 9:19,15,τεσσαρεσκαιδεκάτην,τεσσαρεσκαιδέκατος,A.ASF,G5065,Rahlfs,LXX
17,Esther,9,19,Esther 9:19,16,τοῦ,ὁ,RA.GSM,G3588,Rahlfs,LXX
17,Esther,9,19,Esther 9:19,17,Αδαρ,Αδαρ,N.GSM,,Rahlfs,LXX
17,Esther,9,19,Esther 9:19,18,ἡμέραν,ἡμέρα,N.ASF,G2250,Rahlfs,LXX
17,Esther,9,19,Esther 9:19,19,ἀγαθὴν,ἀγαθός,A.ASF,G18,Rahlfs,LXX
17,Esther,9,19,Esther 9:19,20,μετ᾿,μετά,P,G3326,Rahlfs,LXX
17,Esther,9,19,Esther 9:19,21,εὐφροσύνης,εὐφροσύνη,N.GSF,G2167,Rahlfs,LXX
17,Esther,9,19,Esther 9:19,22,ἀποστέλλοντες,ἀποστέλλω,V.PAPNPM,G649,Rahlfs,LXX
17,Esther,9,19,Esther 9:19,23,μερίδας,μερίς,N.APF,G3310,Rahlfs,LXX
17,Esther,9,19,Esther 9:19,24,ἕκαστος,ἕκαστος,A.NSM,G1538,Rahlfs,LXX
17,Esther,9,19,Esther 9:19,25,τῷ,ὁ,RA.DSM,G3588,Rahlfs,LXX
17,Esther,9,19,Esther 9:19,26,πλησίον,πλησίον,D,G4139,Rahlfs,LXX
17,Esther,9,19,Esther 9:19,27,οἱ,ὁ,RA.NPM,G3588,Rahlfs,LXX
17,Esther,9,19,Esther 9:19,28,δὲ,δέ,X,G1161,Rahlfs,LXX
17,Esther,9,19,Esther 9:19,29,κατοικοῦντες,κατοικέω,V.PAPNPM,G2730,Rahlfs,LXX
17,Esther,9,19,Esther 9:19,30,ἐν,ἐν,P,G1722,Rahlfs,LXX
17,Esther,9,19,Esther 9:19,31,ταῖς,ὁ,RA.DPF,G3588,Rahlfs,LXX
17,Esther,9,19,Esther 9:19,32,μητροπόλεσιν,μητρόπολις,N.DPF,G3390,Rahlfs,LXX
17,Esther,9,19,Esther 9:19,33,καὶ,καί,D,G2532,Rahlfs,LXX
17,Esther,9,19,Esther 9:19,34,τὴν,ὁ,RA.ASF,G3588,Rahlfs,LXX
17,Esther,9,19,Esther 9:19,35,πεντεκαιδεκάτην,πεντεκαιδέκατος,A.ASF,G4003,Rahlfs,LXX
17,Esther,9,19,Esther 9:19,36,τοῦ,ὁ,RA.GSM,G3588,Rahlfs,LXX
17,Esther,9,19,Esther 9:19,37,Αδαρ,Αδαρ,N.GSM,,Rahlfs,LXX
17,Esther,9,19,Esther 9:19,38,ἡμέραν,ἡμέρα,N.ASF,G2250,Rahlfs,LXX
17,Esther,9,19,Esther 9:19,39,εὐφροσύνην,εὐφροσύνη,N.ASF,G2167,Rahlfs,LXX
17,Esther,9,19,Esther 9:19,40,ἀγαθὴν,ἀγαθός,A.ASF,G18,Rahlfs,LXX
17,Esther,9,19,Esther 9:19,41,ἄγουσιν,ἄγω,V.PAI3P,G71,Rahlfs,LXX
17,Esther,9,19,Esther 9:19,42,ἐξαποστέλλοντες,ἐξαποστέλλω,V.PAPNPM,G1821,Rahlfs,LXX
17,Esther,9,19,Esther 9:19,43,μερίδας,μερίς,N.APF,G3310,Rahlfs,LXX
17,Esther,9,19,Esther 9:19,44,τοῖς,ὁ,RA.DPM,G3588,Rahlfs,LXX
17,Esther,9,19,Esther 9:19,45,πλησίον,πλησίον,D,G4139,Rahlfs,LXX
17,Esther,9,20,Esther 9:20,1,ἔγραψεν,γράφω,V.AAI3S,G1125,Rahlfs,LXX
17,Esther,9,20,Esther 9:20,2,δὲ,δέ,X,G1161,Rahlfs,LXX
17,Esther,9,20,Esther 9:20,3,Μαρδοχαῖος,Μαρδοχαῖος,N.NSM,,Rahlfs,LXX
17,Esther,9,20,Esther 9:20,4,τοὺς,ὁ,RA.APM,G3588,Rahlfs,LXX
17,Esther,9,20,Esther 9:20,5,λόγους,λόγος,N.APM,G3056,Rahlfs,LXX
17,Esther,9,20,Esther 9:20,6,τούτους,οὗτος,RD.APM,G3778,Rahlfs,LXX
17,Esther,9,20,Esther 9:20,7,εἰς,εἰς,P,G1519,Rahlfs,LXX
17,Esther,9,20,Esther 9:20,8,βιβλίον,βιβλίον,N.ASN,G975,Rahlfs,LXX
17,Esther,9,20,Esther 9:20,9,καὶ,καί,C,G2532,Rahlfs,LXX
17,Esther,9,20,Esther 9:20,10,ἐξαπέστειλεν,ἐξαποστέλλω,V.AAI3S,G1821,Rahlfs,LXX
17,Esther,9,20,Esther 9:20,11,τοῖς,ὁ,RA.DPM,G3588,Rahlfs,LXX
17,Esther,9,20,Esther 9:20,12,Ιουδαίοις,Ἰουδαῖος,N.DPM,G2453,Rahlfs,LXX
17,Esther,9,20,Esther 9:20,13,ὅσοι,ὅσος,A.NPM,G3745,Rahlfs,LXX
17,Esther,9,20,Esther 9:20,14,ἦσαν,εἰμί,V.IAI3P,G1510,Rahlfs,LXX
17,Esther,9,20,Esther 9:20,15,ἐν,ἐν,P,G1722,Rahlfs,LXX
17,Esther,9,20,Esther 9:20,16,τῇ,ὁ,RA.DSF,G3588,Rahlfs,LXX
17,Esther,9,20,Esther 9:20,17,Ἀρταξέρξου,Ἀρταξέρξης,N.GSM,,Rahlfs,LXX
17,Esther,9,20,Esther 9:20,18,βασιλείᾳ,βασιλεία,N.DSF,G932,Rahlfs,LXX
17,Esther,9,20,Esther 9:20,19,τοῖς,ὁ,RA.DPM,G3588,Rahlfs,LXX
17,Esther,9,20,Esther 9:20,20,ἐγγὺς,ἐγγύς,D,G1451,Rahlfs,LXX
17,Esther,9,20,Esther 9:20,21,καὶ,καί,C,G2532,Rahlfs,LXX
17,Esther,9,20,Esther 9:20,22,τοῖς,ὁ,RA.DPM,G3588,Rahlfs,LXX
17,Esther,9,20,Esther 9:20,23,μακράν,μακράν,D,G3112,Rahlfs,LXX
17,Esther,9,21,Esther 9:21,1,στῆσαι,ἵστημι,V.AAN,G2476,Rahlfs,LXX
17,Esther,9,21,Esther 9:21,2,τὰς,ὁ,RA.APF,G3588,Rahlfs,LXX
17,Esther,9,21,Esther 9:21,3,ἡμέρας,ἡμέρα,N.APF,G2250,Rahlfs,LXX
17,Esther,9,21,Esther 9:21,4,ταύτας,οὗτος,RD.APF,G3778,Rahlfs,LXX
17,Esther,9,21,Esther 9:21,5,ἀγαθὰς,ἀγαθός,A.APF,G18,Rahlfs,LXX
17,Esther,9,21,Esther 9:21,6,ἄγειν,ἄγω,V.PAN,G71,Rahlfs,LXX
17,Esther,9,21,Esther 9:21,7,τε,τε,X,G5037,Rahlfs,LXX
17,Esther,9,21,Esther 9:21,8,τὴν,ὁ,RA.ASF,G3588,Rahlfs,LXX
17,Esther,9,21,Esther 9:21,9,τεσσαρεσκαιδεκάτην,τεσσαρεσκαιδέκατος,A.ASF,G5065,Rahlfs,LXX
17,Esther,9,21,Esther 9:21,10,καὶ,καί,C,G2532,Rahlfs,LXX
17,Esther,9,21,Esther 9:21,11,τὴν,ὁ,RA.ASF,G3588,Rahlfs,LXX
17,Esther,9,21,Esther 9:21,12,πεντεκαιδεκάτην,πεντεκαιδέκατος,A.ASF,G4003,Rahlfs,LXX
17,Esther,9,21,Esther 9:21,13,τοῦ,ὁ,RA.GSM,G3588,Rahlfs,LXX
17,Esther,9,21,Esther 9:21,14,Αδαρ,Αδαρ,N.GSM,,Rahlfs,LXX
17,Esther,9,22,Esther 9:22,1,ἐν,ἐν,P,G1722,Rahlfs,LXX
17,Esther,9,22,Esther 9:22,2,γὰρ,γάρ,X,G1063,Rahlfs,LXX
17,Esther,9,22,Esther 9:22,3,ταύταις,οὗτος,RD.DPF,G3778,Rahlfs,LXX
17,Esther,9,22,Esther 9:22,4,ταῖς,ὁ,RA.DPF,G3588,Rahlfs,LXX
17,Esther,9,22,Esther 9:22,5,ἡμέραις,ἡμέρα,N.DPF,G2250,Rahlfs,LXX
17,Esther,9,22,Esther 9:22,6,ἀνεπαύσαντο,ἀναπαύω,V.AMI3P,G373,Rahlfs,LXX
17,Esther,9,22,Esther 9:22,7,οἱ,ὁ,RA.NPM,G3588,Rahlfs,LXX
17,Esther,9,22,Esther 9:22,8,Ιουδαῖοι,Ἰουδαῖος,N.NPM,G2453,Rahlfs,LXX
17,Esther,9,22,Esther 9:22,9,ἀπὸ,ἀπό,P,G575,Rahlfs,LXX
17,Esther,9,22,Esther 9:22,10,τῶν,ὁ,RA.GPM,G3588,Rahlfs,LXX
17,Esther,9,22,Esther 9:22,11,ἐχθρῶν,ἐχθρός,A.GPM,G2190,Rahlfs,LXX
17,Esther,9,22,Esther 9:22,12,αὐτῶν,αὐτός,RD.GPM,G846,Rahlfs,LXX
17,Esther,9,22,Esther 9:22,13,καὶ,καί,C,G2532,Rahlfs,LXX
17,Esther,9,22,Esther 9:22,14,τὸν,ὁ,RA.ASM,G3588,Rahlfs,LXX
17,Esther,9,22,Esther 9:22,15,μῆνα,μήν,N.ASM,G3376,Rahlfs,LXX
17,Esther,9,22,Esther 9:22,16,ἐν,ἐν,P,G1722,Rahlfs,LXX
17,Esther,9,22,Esther 9:22,17,ᾧ,ὅς,RR.DSM,G3739,Rahlfs,LXX
17,Esther,9,22,Esther 9:22,18,ἐστράφη,στρέφω,V.API3S,G4762,Rahlfs,LXX
17,Esther,9,22,Esther 9:22,19,αὐτοῖς,αὐτός,RD.DPM,G846,Rahlfs,LXX
17,Esther,9,22,Esther 9:22,20,ὃς,ὅς,RR.NSM,G3739,Rahlfs,LXX
17,Esther,9,22,Esther 9:22,21,ἦν,εἰμί,V.IAI3S,G1510,Rahlfs,LXX
17,Esther,9,22,Esther 9:22,22,Αδαρ,Αδαρ,N.NSM,,Rahlfs,LXX
17,Esther,9,22,Esther 9:22,23,ἀπὸ,ἀπό,P,G575,Rahlfs,LXX
17,Esther,9,22,Esther 9:22,24,πένθους,πένθος,N.GSN,G3997,Rahlfs,LXX
17,Esther,9,22,Esther 9:22,25,εἰς,εἰς,P,G1519,Rahlfs,LXX
17,Esther,9,22,Esther 9:22,26,χαρὰν,χαρά,N.ASF,G5479,Rahlfs,LXX
17,Esther,9,22,Esther 9:22,27,καὶ,καί,C,G2532,Rahlfs,LXX
17,Esther,9,22,Esther 9:22,28,ἀπὸ,ἀπό,P,G575,Rahlfs,LXX
17,Esther,9,22,Esther 9:22,29,ὀδύνης,ὀδύνη,N.GSF,G3601,Rahlfs,LXX
17,Esther,9,22,Esther 9:22,30,εἰς,εἰς,P,G1519,Rahlfs,LXX
17,Esther,9,22,Esther 9:22,31,ἀγαθὴν,ἀγαθός,A.ASF,G18,Rahlfs,LXX
17,Esther,9,22,Esther 9:22,32,ἡμέραν,ἡμέρα,N.ASF,G2250,Rahlfs,LXX
17,Esther,9,22,Esther 9:22,33,ἄγειν,ἄγω,V.PAN,G71,Rahlfs,LXX
17,Esther,9,22,Esther 9:22,34,ὅλον,ὅλος,A.ASM,G3650,Rahlfs,LXX
17,Esther,9,22,Esther 9:22,35,ἀγαθὰς,ἀγαθός,A.APF,G18,Rahlfs,LXX
17,Esther,9,22,Esther 9:22,36,ἡμέρας,ἡμέρα,N.APF,G2250,Rahlfs,LXX
17,Esther,9,22,Esther 9:22,37,γάμων,γάμος,N.GPM,G1062,Rahlfs,LXX
17,Esther,9,22,Esther 9:22,38,καὶ,καί,C,G2532,Rahlfs,LXX
17,Esther,9,22,Esther 9:22,39,εὐφροσύνης,εὐφροσύνη,N.GSF,G2167,Rahlfs,LXX
17,Esther,9,22,Esther 9:22,40,ἐξαποστέλλοντας,ἐξαποστέλλω,V.PAPAPM,G1821,Rahlfs,LXX
17,Esther,9,22,Esther 9:22,41,μερίδας,μερίς,N.APF,G3310,Rahlfs,LXX
17,Esther,9,22,Esther 9:22,42,τοῖς,ὁ,RA.DPM,G3588,Rahlfs,LXX
17,Esther,9,22,Esther 9:22,43,φίλοις,φίλος,A.DPM,G5384,Rahlfs,LXX
17,Esther,9,22,Esther 9:22,44,καὶ,καί,C,G2532,Rahlfs,LXX
17,Esther,9,22,Esther 9:22,45,τοῖς,ὁ,RA.DPM,G3588,Rahlfs,LXX
17,Esther,9,22,Esther 9:22,46,πτωχοῖς,πτωχός,N.DPM,G4434,Rahlfs,LXX
17,Esther,9,23,Esther 9:23,1,καὶ,καί,C,G2532,Rahlfs,LXX
17,Esther,9,23,Esther 9:23,2,προσεδέξαντο,προσδέχομαι,V.AMI3P,G4327,Rahlfs,LXX
17,Esther,9,23,Esther 9:23,3,οἱ,ὁ,RA.NPM,G3588,Rahlfs,LXX
17,Esther,9,23,Esther 9:23,4,Ιουδαῖοι,Ἰουδαῖος,N.NPM,G2453,Rahlfs,LXX
17,Esther,9,23,Esther 9:23,5,καθὼς,καθώς,D,G2531,Rahlfs,LXX
17,Esther,9,23,Esther 9:23,6,ἔγραψεν,γράφω,V.AAI3S,G1125,Rahlfs,LXX
17,Esther,9,23,Esther 9:23,7,αὐτοῖς,αὐτός,RD.DPM,G846,Rahlfs,LXX
17,Esther,9,23,Esther 9:23,8,ὁ,ὁ,RA.NSM,G3588,Rahlfs,LXX
17,Esther,9,23,Esther 9:23,9,Μαρδοχαῖος,Μαρδοχαῖος,N.NSM,,Rahlfs,LXX
17,Esther,9,24,Esther 9:24,1,πῶς,πῶς,D,G4459,Rahlfs,LXX
17,Esther,9,24,Esther 9:24,2,Αμαν,Ἁμάν,N.NSM,,Rahlfs,LXX
17,Esther,9,24,Esther 9:24,3,Αμαδαθου,Αμαδαθος,N.GSM,,Rahlfs,LXX
17,Esther,9,24,Esther 9:24,4,ὁ,ὁ,RA.NSM,G3588,Rahlfs,LXX
17,Esther,9,24,Esther 9:24,5,Μακεδὼν,Μακεδών,N.NSM,G3110,Rahlfs,LXX
17,Esther,9,24,Esther 9:24,6,ἐπολέμει,πολεμέω,V.IAI3S,G4170,Rahlfs,LXX
17,Esther,9,24,Esther 9:24,7,αὐτούς,αὐτός,RD.APM,G846,Rahlfs,LXX
17,Esther,9,24,Esther 9:24,8,καθὼς,καθώς,D,G2531,Rahlfs,LXX
17,Esther,9,24,Esther 9:24,9,ἔθετο,τίθημι,V.AMI3S,G5087,Rahlfs,LXX
17,Esther,9,24,Esther 9:24,10,ψήφισμα,ψήφισμα,N.ASN,,Rahlfs,LXX
17,Esther,9,24,Esther 9:24,11,καὶ,καί,C,G2532,Rahlfs,LXX
17,Esther,9,24,Esther 9:24,12,κλῆρον,κλῆρος,N.ASM,G2819,Rahlfs,LXX
17,Esther,9,24,Esther 9:24,13,ἀφανίσαι,ἀφανίζω,V.AAN,G853,Rahlfs,LXX
17,Esther,9,24,Esther 9:24,14,αὐτούς,αὐτός,RD.APM,G846,Rahlfs,LXX
17,Esther,9,25,Esther 9:25,1,καὶ,καί,C,G2532,Rahlfs,LXX
17,Esther,9,25,Esther 9:25,2,ὡς,ὥς,C,G5613,Rahlfs,LXX
17,Esther,9,25,Esther 9:25,3,εἰσῆλθεν,εἰσέρχομαι,V.AAI3S,G1525,Rahlfs,LXX
17,Esther,9,25,Esther 9:25,4,πρὸς,πρός,P,G4314,Rahlfs,LXX
17,Esther,9,25,Esther 9:25,5,τὸν,ὁ,RA.ASM,G3588,Rahlfs,LXX
17,Esther,9,25,Esther 9:25,6,βασιλέα,βασιλεύς,N.ASM,G935,Rahlfs,LXX
17,Esther,9,25,Esther 9:25,7,λέγων,λέγω,V.PAPNSM,G3004,Rahlfs,LXX
17,Esther,9,25,Esther 9:25,8,κρεμάσαι,κρεμάννυμι,V.AAN,G2910,Rahlfs,LXX
17,Esther,9,25,Esther 9:25,9,τὸν,ὁ,RA.ASM,G3588,Rahlfs,LXX
17,Esther,9,25,Esther 9:25,10,Μαρδοχαῖον,Μαρδοχαῖος,N.ASM,,Rahlfs,LXX
17,Esther,9,25,Esther 9:25,11,ὅσα,ὅσος,A.APN,G3745,Rahlfs,LXX
17,Esther,9,25,Esther 9:25,12,δὲ,δέ,X,G1161,Rahlfs,LXX
17,Esther,9,25,Esther 9:25,13,ἐπεχείρησεν,ἐπιχειρέω,V.AAI3S,G2021,Rahlfs,LXX
17,Esther,9,25,Esther 9:25,14,ἐπάξαι,ἐπάγω,V.AAN,G1863,Rahlfs,LXX
17,Esther,9,25,Esther 9:25,15,ἐπὶ,ἐπί,P,G1909,Rahlfs,LXX
17,Esther,9,25,Esther 9:25,16,τοὺς,ὁ,RA.APM,G3588,Rahlfs,LXX
17,Esther,9,25,Esther 9:25,17,Ιουδαίους,Ἰουδαῖος,N.APM,G2453,Rahlfs,LXX
17,Esther,9,25,Esther 9:25,18,κακά,κακός,A.APN,G2556,Rahlfs,LXX
17,Esther,9,25,Esther 9:25,19,ἐπ᾿,ἐπί,P,G1909,Rahlfs,LXX
17,Esther,9,25,Esther 9:25,20,αὐτὸν,αὐτός,RD.ASM,G846,Rahlfs,LXX
17,Esther,9,25,Esther 9:25,21,ἐγένοντο,γίνομαι,V.AMI3P,G1096,Rahlfs,LXX
17,Esther,9,25,Esther 9:25,22,καὶ,καί,C,G2532,Rahlfs,LXX
17,Esther,9,25,Esther 9:25,23,ἐκρεμάσθη,κρεμάννυμι,V.API3S,G2910,Rahlfs,LXX
17,Esther,9,25,Esther 9:25,24,αὐτὸς,αὐτός,RD.NSM,G846,Rahlfs,LXX
17,Esther,9,25,Esther 9:25,25,καὶ,καί,C,G2532,Rahlfs,LXX
17,Esther,9,25,Esther 9:25,26,τὰ,ὁ,RA.NPN,G3588,Rahlfs,LXX
17,Esther,9,25,Esther 9:25,27,τέκνα,τέκνον,N.NPN,G5043,Rahlfs,LXX
17,Esther,9,25,Esther 9:25,28,αὐτοῦ,αὐτός,RD.GSM,G846,Rahlfs,LXX
17,Esther,9,26,Esther 9:26,1,διὰ,διά,P,G1223,Rahlfs,LXX
17,Esther,9,26,Esther 9:26,2,τοῦτο,οὗτος,RD.ASN,G3778,Rahlfs,LXX
17,Esther,9,26,Esther 9:26,3,ἐπεκλήθησαν,ἐπικαλέω,V.API3P,G1941,Rahlfs,LXX
17,Esther,9,26,Esther 9:26,4,αἱ,ὁ,RA.NPF,G3588,Rahlfs,LXX
17,Esther,9,26,Esther 9:26,5,ἡμέραι,ἡμέρα,N.NPF,G2250,Rahlfs,LXX
17,Esther,9,26,Esther 9:26,6,αὗται,οὗτος,RD.NPF,G3778,Rahlfs,LXX
17,Esther,9,26,Esther 9:26,7,Φρουραι,Φρουραι,N.NP,,Rahlfs,LXX
17,Esther,9,26,Esther 9:26,8,διὰ,διά,P,G1223,Rahlfs,LXX
17,Esther,9,26,Esther 9:26,9,τοὺς,ὁ,RA.APM,G3588,Rahlfs,LXX
17,Esther,9,26,Esther 9:26,10,κλήρους,κλῆρος,N.APM,G2819,Rahlfs,LXX
17,Esther,9,26,Esther 9:26,11,ὅτι,ὅτι,C,G3754,Rahlfs,LXX
17,Esther,9,26,Esther 9:26,12,τῇ,ὁ,RA.DSF,G3588,Rahlfs,LXX
17,Esther,9,26,Esther 9:26,13,διαλέκτῳ,διάλεκτος,N.DSF,G1258,Rahlfs,LXX
17,Esther,9,26,Esther 9:26,14,αὐτῶν,αὐτός,RD.GPM,G846,Rahlfs,LXX
17,Esther,9,26,Esther 9:26,15,καλοῦνται,καλέω,V.PMI3P,G2564,Rahlfs,LXX
17,Esther,9,26,Esther 9:26,16,Φρουραι,Φρουραι,N.NPF,,Rahlfs,LXX
17,Esther,9,26,Esther 9:26,17,διὰ,διά,P,G1223,Rahlfs,LXX
17,Esther,9,26,Esther 9:26,18,τοὺς,ὁ,RA.APM,G3588,Rahlfs,LXX
17,Esther,9,26,Esther 9:26,19,λόγους,λόγος,N.APM,G3056,Rahlfs,LXX
17,Esther,9,26,Esther 9:26,20,τῆς,ὁ,RA.GSF,G3588,Rahlfs,LXX
17,Esther,9,26,Esther 9:26,21,ἐπιστολῆς,ἐπιστολή,N.GSF,G1992,Rahlfs,LXX
17,Esther,9,26,Esther 9:26,22,ταύτης,οὗτος,RD.GSF,G3778,Rahlfs,LXX
17,Esther,9,26,Esther 9:26,23,καὶ,καί,C,G2532,Rahlfs,LXX
17,Esther,9,26,Esther 9:26,24,ὅσα,ὅσος,A.NPN,G3745,Rahlfs,LXX
17,Esther,9,26,Esther 9:26,25,πεπόνθασιν,πάσχω,V.XAI3P,G3958,Rahlfs,LXX
17,Esther,9,26,Esther 9:26,26,διὰ,διά,P,G1223,Rahlfs,LXX
17,Esther,9,26,Esther 9:26,27,ταῦτα,οὗτος,RD.APN,G3778,Rahlfs,LXX
17,Esther,9,26,Esther 9:26,28,καὶ,καί,C,G2532,Rahlfs,LXX
17,Esther,9,26,Esther 9:26,29,ὅσα,ὅσος,A.NPN,G3745,Rahlfs,LXX
17,Esther,9,26,Esther 9:26,30,αὐτοῖς,αὐτός,RD.DPM,G846,Rahlfs,LXX
17,Esther,9,26,Esther 9:26,31,ἐγένετο,γίνομαι,V.AMI3S,G1096,Rahlfs,LXX
17,Esther,9,27,Esther 9:27,1,καὶ,καί,C,G2532,Rahlfs,LXX
17,Esther,9,27,Esther 9:27,2,ἔστησεν,ἵστημι,V.AAI3S,G2476,Rahlfs,LXX
17,Esther,9,27,Esther 9:27,3,καὶ,καί,C,G2532,Rahlfs,LXX
17,Esther,9,27,Esther 9:27,4,προσεδέχοντο,προσδέχομαι,V.IMI3P,G4327,Rahlfs,LXX
17,Esther,9,27,Esther 9:27,5,οἱ,ὁ,RA.NPM,G3588,Rahlfs,LXX
17,Esther,9,27,Esther 9:27,6,Ιουδαῖοι,Ἰουδαῖος,N.NPM,G2453,Rahlfs,LXX
17,Esther,9,27,Esther 9:27,7,ἐφ᾿,ἐπί,P,G1909,Rahlfs,LXX
17,Esther,9,27,Esther 9:27,8,ἑαυτοῖς,ἑαυτοῦ,RD.DPM,G1438,Rahlfs,LXX
17,Esther,9,27,Esther 9:27,9,καὶ,καί,C,G2532,Rahlfs,LXX
17,Esther,9,27,Esther 9:27,10,ἐπὶ,ἐπί,P,G1909,Rahlfs,LXX
17,Esther,9,27,Esther 9:27,11,τῷ,ὁ,RA.DSN,G3588,Rahlfs,LXX
17,Esther,9,27,Esther 9:27,12,σπέρματι,σπέρμα,N.DSN,G4690,Rahlfs,LXX
17,Esther,9,27,Esther 9:27,13,αὐτῶν,αὐτός,RD.GPM,G846,Rahlfs,LXX
17,Esther,9,27,Esther 9:27,14,καὶ,καί,C,G2532,Rahlfs,LXX
17,Esther,9,27,Esther 9:27,15,ἐπὶ,ἐπί,P,G1909,Rahlfs,LXX
17,Esther,9,27,Esther 9:27,16,τοῖς,ὁ,RA.DPM,G3588,Rahlfs,LXX
17,Esther,9,27,Esther 9:27,17,προστεθειμένοις,προστίθημι,V.XMPDPM,G4369,Rahlfs,LXX
17,Esther,9,27,Esther 9:27,18,ἐπ᾿,ἐπί,P,G1909,Rahlfs,LXX
17,Esther,9,27,Esther 9:27,19,αὐτῶν,αὐτός,RD.GPM,G846,Rahlfs,LXX
17,Esther,9,27,Esther 9:27,20,οὐδὲ,οὐδέ,C,G3761,Rahlfs,LXX
17,Esther,9,27,Esther 9:27,21,μὴν,μήν,X,G3375,Rahlfs,LXX
17,Esther,9,27,Esther 9:27,22,ἄλλως,ἄλλως,D,G247,Rahlfs,LXX
17,Esther,9,27,Esther 9:27,23,χρήσονται,χράω,V.FMI3P,G5531,Rahlfs,LXX
17,Esther,9,27,Esther 9:27,24,αἱ,ὁ,RA.NPF,G3588,Rahlfs,LXX
17,Esther,9,27,Esther 9:27,25,δὲ,δέ,X,G1161,Rahlfs,LXX
17,Esther,9,27,Esther 9:27,26,ἡμέραι,ἡμέρα,N.NPF,G2250,Rahlfs,LXX
17,Esther,9,27,Esther 9:27,27,αὗται,οὗτος,RD.NPF,G3778,Rahlfs,LXX
17,Esther,9,27,Esther 9:27,28,μνημόσυνον,μνημόσυνον,N.NSN,G3422,Rahlfs,LXX
17,Esther,9,27,Esther 9:27,29,ἐπιτελούμενον,ἐπιτελέω,V.PMPNSN,G2005,Rahlfs,LXX
17,Esther,9,27,Esther 9:27,30,κατὰ,κατά,P,G2596,Rahlfs,LXX
17,Esther,9,27,Esther 9:27,31,γενεὰν,γενεά,N.ASF,G1074,Rahlfs,LXX
17,Esther,9,27,Esther 9:27,32,καὶ,καί,C,G2532,Rahlfs,LXX
17,Esther,9,27,Esther 9:27,33,γενεὰν,γενεά,N.ASF,G1074,Rahlfs,LXX
17,Esther,9,27,Esther 9:27,34,καὶ,καί,C,G2532,Rahlfs,LXX
17,Esther,9,27,Esther 9:27,35,πόλιν,πόλις,N.ASF,G4172,Rahlfs,LXX
17,Esther,9,27,Esther 9:27,36,καὶ,καί,C,G2532,Rahlfs,LXX
17,Esther,9,27,Esther 9:27,37,πατριὰν,πατριά,N.ASF,G3965,Rahlfs,LXX
17,Esther,9,27,Esther 9:27,38,καὶ,καί,C,G2532,Rahlfs,LXX
17,Esther,9,27,Esther 9:27,39,χώραν,χώρα,N.ASF,G5561,Rahlfs,LXX
17,Esther,9,28,Esther 9:28,1,αἱ,ὁ,RA.NPF,G3588,Rahlfs,LXX
17,Esther,9,28,Esther 9:28,2,δὲ,δέ,X,G1161,Rahlfs,LXX
17,Esther,9,28,Esther 9:28,3,ἡμέραι,ἡμέρα,N.NPF,G2250,Rahlfs,LXX
17,Esther,9,28,Esther 9:28,4,αὗται,οὗτος,RD.NPF,G3778,Rahlfs,LXX
17,Esther,9,28,Esther 9:28,5,τῶν,ὁ,RA.GPF,G3588,Rahlfs,LXX
17,Esther,9,28,Esther 9:28,6,Φρουραι,Φρουραι,N.GPF,,Rahlfs,LXX
17,Esther,9,28,Esther 9:28,7,ἀχθήσονται,ἄγω,V.FPI3P,G71,Rahlfs,LXX
17,Esther,9,28,Esther 9:28,8,εἰς,εἰς,P,G1519,Rahlfs,LXX
17,Esther,9,28,Esther 9:28,9,τὸν,ὁ,RA.ASM,G3588,Rahlfs,LXX
17,Esther,9,28,Esther 9:28,10,ἅπαντα,ἅπας,A.ASM,G537,Rahlfs,LXX
17,Esther,9,28,Esther 9:28,11,χρόνον,χρόνος,N.ASM,G5550,Rahlfs,LXX
17,Esther,9,28,Esther 9:28,12,καὶ,καί,C,G2532,Rahlfs,LXX
17,Esther,9,28,Esther 9:28,13,τὸ,ὁ,RA.NSN,G3588,Rahlfs,LXX
17,Esther,9,28,Esther 9:28,14,μνημόσυνον,μνημόσυνον,N.NSN,G3422,Rahlfs,LXX
17,Esther,9,28,Esther 9:28,15,αὐτῶν,αὐτός,RD.GPF,G846,Rahlfs,LXX
17,Esther,9,28,Esther 9:28,16,οὐ,οὐ,D,G3756,Rahlfs,LXX
17,Esther,9,28,Esther 9:28,17,μὴ,μή,D,G3361,Rahlfs,LXX
17,Esther,9,28,Esther 9:28,18,ἐκλίπῃ,ἐκλείπω,V.AAS3S,G1587,Rahlfs,LXX
17,Esther,9,28,Esther 9:28,19,ἐκ,ἐκ,P,G1537,Rahlfs,LXX
17,Esther,9,28,Esther 9:28,20,τῶν,ὁ,RA.GPF,G3588,Rahlfs,LXX
17,Esther,9,28,Esther 9:28,21,γενεῶν,γενεά,N.GPF,G1074,Rahlfs,LXX
17,Esther,9,29,Esther 9:29,1,καὶ,καί,C,G2532,Rahlfs,LXX
17,Esther,9,29,Esther 9:29,2,ἔγραψεν,γράφω,V.AAI3S,G1125,Rahlfs,LXX
17,Esther,9,29,Esther 9:29,3,Εσθηρ,Εσθηρ,N.NSF,,Rahlfs,LXX
17,Esther,9,29,Esther 9:29,4,ἡ,ὁ,RA.NSF,G3588,Rahlfs,LXX
17,Esther,9,29,Esther 9:29,5,βασίλισσα,βασίλισσα,N.NSF,G938,Rahlfs,LXX
17,Esther,9,29,Esther 9:29,6,θυγάτηρ,θυγάτηρ,N.NSF,G2364,Rahlfs,LXX
17,Esther,9,29,Esther 9:29,7,Αμιναδαβ,Ἀμιναδάβ,N.GSM,G284,Rahlfs,LXX
17,Esther,9,29,Esther 9:29,8,καὶ,καί,C,G2532,Rahlfs,LXX
17,Esther,9,29,Esther 9:29,9,Μαρδοχαῖος,Μαρδοχαῖος,N.NSM,,Rahlfs,LXX
17,Esther,9,29,Esther 9:29,10,ὁ,ὁ,RA.NSM,G3588,Rahlfs,LXX
17,Esther,9,29,Esther 9:29,11,Ιουδαῖος,Ἰουδαῖος,N.NSM,G2453,Rahlfs,LXX
17,Esther,9,29,Esther 9:29,12,ὅσα,ὅσος,A.APN,G3745,Rahlfs,LXX
17,Esther,9,29,Esther 9:29,13,ἐποίησαν,ποιέω,V.AAI3P,G4160,Rahlfs,LXX
17,Esther,9,29,Esther 9:29,14,τό,ὁ,RA.ASN,G3588,Rahlfs,LXX
17,Esther,9,29,Esther 9:29,15,τε,τε,X,G5037,Rahlfs,LXX
17,Esther,9,29,Esther 9:29,16,στερέωμα,στερέωμα,N.ASN,G4733,Rahlfs,LXX
17,Esther,9,29,Esther 9:29,17,τῆς,ὁ,RA.GSF,G3588,Rahlfs,LXX
17,Esther,9,29,Esther 9:29,18,ἐπιστολῆς,ἐπιστολή,N.GSF,G1992,Rahlfs,LXX
17,Esther,9,29,Esther 9:29,19,τῶν,ὁ,RA.GPF,G3588,Rahlfs,LXX
17,Esther,9,29,Esther 9:29,20,Φρουραι,Φρουραι,N.GPF,,Rahlfs,LXX
17,Esther,9,31,Esther 9:31,1,καὶ,καί,C,G2532,Rahlfs,LXX
17,Esther,9,31,Esther 9:31,2,Μαρδοχαῖος,Μαρδοχαῖος,N.NSM,,Rahlfs,LXX
17,Esther,9,31,Esther 9:31,3,καὶ,καί,C,G2532,Rahlfs,LXX
17,Esther,9,31,Esther 9:31,4,Εσθηρ,Εσθηρ,N.NSF,,Rahlfs,LXX
17,Esther,9,31,Esther 9:31,5,ἡ,ὁ,RA.NSF,G3588,Rahlfs,LXX
17,Esther,9,31,Esther 9:31,6,βασίλισσα,βασίλισσα,N.NSF,G938,Rahlfs,LXX
17,Esther,9,31,Esther 9:31,7,ἔστησαν,ἵστημι,V.AAI3P,G2476,Rahlfs,LXX
17,Esther,9,31,Esther 9:31,8,ἑαυτοῖς,ἑαυτοῦ,RD.DPM,G1438,Rahlfs,LXX
17,Esther,9,31,Esther 9:31,9,καθ᾿,κατά,P,G2596,Rahlfs,LXX
17,Esther,9,31,Esther 9:31,10,ἑαυτῶν,ἑαυτοῦ,RD.GPM,G1438,Rahlfs,LXX
17,Esther,9,31,Esther 9:31,11,καὶ,καί,C,G2532,Rahlfs,LXX
17,Esther,9,31,Esther 9:31,12,τότε,τότε,D,G5119,Rahlfs,LXX
17,Esther,9,31,Esther 9:31,13,στήσαντες,ἵστημι,V.AAPNPM,G2476,Rahlfs,LXX
17,Esther,9,31,Esther 9:31,14,κατὰ,κατά,P,G2596,Rahlfs,LXX
17,Esther,9,31,Esther 9:31,15,τῆς,ὁ,RA.GSF,G3588,Rahlfs,LXX
17,Esther,9,31,Esther 9:31,16,ὑγιείας,ὑγίεια,N.GSF,,Rahlfs,LXX
17,Esther,9,31,Esther 9:31,17,αὐτῶν,αὐτός,RD.GPM,G846,Rahlfs,LXX
17,Esther,9,31,Esther 9:31,18,καὶ,καί,C,G2532,Rahlfs,LXX
17,Esther,9,31,Esther 9:31,19,τὴν,ὁ,RA.ASF,G3588,Rahlfs,LXX
17,Esther,9,31,Esther 9:31,20,βουλὴν,βουλή,N.ASF,G1012,Rahlfs,LXX
17,Esther,9,31,Esther 9:31,21,αὐτῶν,αὐτός,RD.GPM,G846,Rahlfs,LXX
17,Esther,9,32,Esther 9:32,1,καὶ,καί,C,G2532,Rahlfs,LXX
17,Esther,9,32,Esther 9:32,2,Εσθηρ,Εσθηρ,N.NSF,,Rahlfs,LXX
17,Esther,9,32,Esther 9:32,3,λόγῳ,λόγος,N.DSM,G3056,Rahlfs,LXX
17,Esther,9,32,Esther 9:32,4,ἔστησεν,ἵστημι,V.AAI3S,G2476,Rahlfs,LXX
17,Esther,9,32,Esther 9:32,5,εἰς,εἰς,P,G1519,Rahlfs,LXX
17,Esther,9,32,Esther 9:32,6,τὸν,ὁ,RA.ASM,G3588,Rahlfs,LXX
17,Esther,9,32,Esther 9:32,7,αἰῶνα,αἰών,N.ASM,G165,Rahlfs,LXX
17,Esther,9,32,Esther 9:32,8,καὶ,καί,C,G2532,Rahlfs,LXX
17,Esther,9,32,Esther 9:32,9,ἐγράφη,γράφω,V.API3S,G1125,Rahlfs,LXX
17,Esther,9,32,Esther 9:32,10,εἰς,εἰς,P,G1519,Rahlfs,LXX
17,Esther,9,32,Esther 9:32,11,μνημόσυνον,μνημόσυνον,N.ASN,G3422,Rahlfs,LXX
17,Esther,10,1,Esther 10:1,1,ἔγραψεν,γράφω,V.AAI3S,G1125,Rahlfs,LXX
17,Esther,10,1,Esther 10:1,2,δὲ,δέ,X,G1161,Rahlfs,LXX
17,Esther,10,1,Esther 10:1,3,ὁ,ὁ,RA.NSM,G3588,Rahlfs,LXX
17,Esther,10,1,Esther 10:1,4,βασιλεὺς,βασιλεύς,N.NSM,G935,Rahlfs,LXX
17,Esther,10,1,Esther 10:1,5,τέλη,τέλος,N.APN,G5056,Rahlfs,LXX
17,Esther,10,1,Esther 10:1,6,ἐπὶ,ἐπί,P,G1909,Rahlfs,LXX
17,Esther,10,1,Esther 10:1,7,τὴν,ὁ,RA.ASF,G3588,Rahlfs,LXX
17,Esther,10,1,Esther 10:1,8,βασιλείαν,βασιλεία,N.ASF,G932,Rahlfs,LXX
17,Esther,10,1,Esther 10:1,9,τῆς,ὁ,RA.GSF,G3588,Rahlfs,LXX
17,Esther,10,1,Esther 10:1,10,τε,τε,X,G5037,Rahlfs,LXX
17,Esther,10,1,Esther 10:1,11,γῆς,γῆ,N.GSF,G1093,Rahlfs,LXX
17,Esther,10,1,Esther 10:1,12,καὶ,καί,C,G2532,Rahlfs,LXX
17,Esther,10,1,Esther 10:1,13,τῆς,ὁ,RA.GSF,G3588,Rahlfs,LXX
17,Esther,10,1,Esther 10:1,14,θαλάσσης,θάλασσα,N.GSF,G2281,Rahlfs,LXX
17,Esther,10,2,Esther 10:2,1,καὶ,καί,C,G2532,Rahlfs,LXX
17,Esther,10,2,Esther 10:2,2,τὴν,ὁ,RA.ASF,G3588,Rahlfs,LXX
17,Esther,10,2,Esther 10:2,3,ἰσχὺν,ἰσχύς,N.ASF,G2479,Rahlfs,LXX
17,Esther,10,2,Esther 10:2,4,αὐτοῦ,αὐτός,RD.GSM,G846,Rahlfs,LXX
17,Esther,10,2,Esther 10:2,5,καὶ,καί,C,G2532,Rahlfs,LXX
17,Esther,10,2,Esther 10:2,6,ἀνδραγαθίαν,ἀνδραγαθία,N.ASF,,Rahlfs,LXX
17,Esther,10,2,Esther 10:2,7,πλοῦτόν,πλοῦτος,N.ASM,G4149,Rahlfs,LXX
17,Esther,10,2,Esther 10:2,8,τε,τε,X,G5037,Rahlfs,LXX
17,Esther,10,2,Esther 10:2,9,καὶ,καί,C,G2532,Rahlfs,LXX
17,Esther,10,2,Esther 10:2,10,δόξαν,δόξα,N.ASF,G1391,Rahlfs,LXX
17,Esther,10,2,Esther 10:2,11,τῆς,ὁ,RA.GSF,G3588,Rahlfs,LXX
17,Esther,10,2,Esther 10:2,12,βασιλείας,βασιλεία,N.GSF,G932,Rahlfs,LXX
17,Esther,10,2,Esther 10:2,13,αὐτοῦ,αὐτός,RD.GSM,G846,Rahlfs,LXX
17,Esther,10,2,Esther 10:2,14,ἰδοὺ,ἰδού,I,G2400,Rahlfs,LXX
17,Esther,10,2,Esther 10:2,15,γέγραπται,γράφω,V.XMI3S,G1125,Rahlfs,LXX
17,Esther,10,2,Esther 10:2,16,ἐν,ἐν,P,G1722,Rahlfs,LXX
17,Esther,10,2,Esther 10:2,17,βιβλίῳ,βιβλίον,N.DSN,G975,Rahlfs,LXX
17,Esther,10,2,Esther 10:2,18,βασιλέων,βασιλεύς,N.GPM,G935,Rahlfs,LXX
17,Esther,10,2,Esther 10:2,19,Περσῶν,Πέρσης,N.GPM,,Rahlfs,LXX
17,Esther,10,2,Esther 10:2,20,καὶ,καί,C,G2532,Rahlfs,LXX
17,Esther,10,2,Esther 10:2,21,Μήδων,Μῆδος,N.GPM,G3370,Rahlfs,LXX
17,Esther,10,2,Esther 10:2,22,εἰς,εἰς,P,G1519,Rahlfs,LXX
17,Esther,10,2,Esther 10:2,23,μνημόσυνον,μνημόσυνον,N.ASN,G3422,Rahlfs,LXX
17,Esther,10,3,Esther 10:3,1,ὁ,ὁ,RA.NSM,G3588,Rahlfs,LXX
17,Esther,10,3,Esther 10:3,2,δὲ,δέ,X,G1161,Rahlfs,LXX
17,Esther,10,3,Esther 10:3,3,Μαρδοχαῖος,Μαρδοχαῖος,N.NSM,,Rahlfs,LXX
17,Esther,10,3,Esther 10:3,4,διεδέχετο,διαδέχομαι,V.IMI3S,G1237,Rahlfs,LXX
17,Esther,10,3,Esther 10:3,5,τὸν,ὁ,RA.ASM,G3588,Rahlfs,LXX
17,Esther,10,3,Esther 10:3,6,βασιλέα,βασιλεύς,N.ASM,G935,Rahlfs,LXX
17,Esther,10,3,Esther 10:3,7,Ἀρταξέρξην,Ἀρταξέρξης,N.ASM,,Rahlfs,LXX
17,Esther,10,3,Esther 10:3,8,καὶ,καί,C,G2532,Rahlfs,LXX
17,Esther,10,3,Esther 10:3,9,μέγας,μέγας,A.NSM,G3173,Rahlfs,LXX
17,Esther,10,3,Esther 10:3,10,ἦν,εἰμί,V.IAI3S,G1510,Rahlfs,LXX
17,Esther,10,3,Esther 10:3,11,ἐν,ἐν,P,G1722,Rahlfs,LXX
17,Esther,10,3,Esther 10:3,12,τῇ,ὁ,RA.DSF,G3588,Rahlfs,LXX
17,Esther,10,3,Esther 10:3,13,βασιλείᾳ,βασιλεία,N.DSF,G932,Rahlfs,LXX
17,Esther,10,3,Esther 10:3,14,καὶ,καί,C,G2532,Rahlfs,LXX
17,Esther,10,3,Esther 10:3,15,δεδοξασμένος,δοξάζω,V.XPPNSM,G1392,Rahlfs,LXX
17,Esther,10,3,Esther 10:3,16,ὑπὸ,ὑπό,P,G5259,Rahlfs,LXX
17,Esther,10,3,Esther 10:3,17,τῶν,ὁ,RA.GPM,G3588,Rahlfs,LXX
17,Esther,10,3,Esther 10:3,18,Ιουδαίων,Ἰουδαῖος,N.GPM,G2453,Rahlfs,LXX
17,Esther,10,3,Esther 10:3,19,καὶ,καί,C,G2532,Rahlfs,LXX
17,Esther,10,3,Esther 10:3,20,φιλούμενος,φιλέω,V.PPPNSM,G5368,Rahlfs,LXX
17,Esther,10,3,Esther 10:3,21,διηγεῖτο,διηγέομαι,V.IMI3S,G1334,Rahlfs,LXX
17,Esther,10,3,Esther 10:3,22,τὴν,ὁ,RA.ASF,G3588,Rahlfs,LXX
17,Esther,10,3,Esther 10:3,23,ἀγωγὴν,ἀγωγή,N.ASF,G72,Rahlfs,LXX
17,Esther,10,3,Esther 10:3,24,παντὶ,πᾶς,A.DSN,G3956,Rahlfs,LXX
17,Esther,10,3,Esther 10:3,25,τῷ,ὁ,RA.DSN,G3588,Rahlfs,LXX
17,Esther,10,3,Esther 10:3,26,ἔθνει,ἔθνος,N.DSN,G1484,Rahlfs,LXX
17,Esther,10,3,Esther 10:3,27,αὐτοῦ,αὐτός,RD.GSM,G846,Rahlfs,LXX
17,Esther,10,3,Esther 10:3,28,καὶ,καί,C,G2532,Rahlfs,LXX
17,Esther,10,3,Esther 10:3,29,εἶπεν,ἔπω,V.AAI3S,G2036,Rahlfs,LXX
17,Esther,10,3,Esther 10:3,30,Μαρδοχαῖος,Μαρδοχαῖος,N.NSM,,Rahlfs,LXX
17,Esther,10,3,Esther 10:3,31,παρὰ,παρά,P,G3844,Rahlfs,LXX
17,Esther,10,3,Esther 10:3,32,τοῦ,ὁ,RA.GSM,G3588,Rahlfs,LXX
17,Esther,10,3,Esther 10:3,33,θεοῦ,θεός,N.GSM,G2316,Rahlfs,LXX
17,Esther,10,3,Esther 10:3,34,ἐγένετο,γίνομαι,V.AMI3S,G1096,Rahlfs,LXX
17,Esther,10,3,Esther 10:3,35,ταῦτα,οὗτος,RD.NPN,G3778,Rahlfs,LXX
17,Esther,10,3,Esther 10:3,36,ἐμνήσθην,μνάομαι,V.API1S,G3415,Rahlfs,LXX
17,Esther,10,3,Esther 10:3,37,γὰρ,γάρ,X,G1063,Rahlfs,LXX
17,Esther,10,3,Esther 10:3,38,περὶ,περί,P,G4012,Rahlfs,LXX
17,Esther,10,3,Esther 10:3,39,τοῦ,ὁ,RA.GSN,G3588,Rahlfs,LXX
17,Esther,10,3,Esther 10:3,40,ἐνυπνίου,ἐνύπνιον,N.GSN,G1798,Rahlfs,LXX
17,Esther,10,3,Esther 10:3,41,οὗ,ὅς,RR.GSN,G3739,Rahlfs,LXX
17,Esther,10,3,Esther 10:3,42,εἶδον,ὁράω,V.AAI1S,G3708,Rahlfs,LXX
17,Esther,10,3,Esther 10:3,43,περὶ,περί,P,G4012,Rahlfs,LXX
17,Esther,10,3,Esther 10:3,44,τῶν,ὁ,RA.GPM,G3588,Rahlfs,LXX
17,Esther,10,3,Esther 10:3,45,λόγων,λόγος,N.GPM,G3056,Rahlfs,LXX
17,Esther,10,3,Esther 10:3,46,τούτων,οὗτος,RD.GPM,G3778,Rahlfs,LXX
17,Esther,10,3,Esther 10:3,47,οὐδὲ,οὐδέ,C,G3761,Rahlfs,LXX
17,Esther,10,3,Esther 10:3,48,γὰρ,γάρ,X,G1063,Rahlfs,LXX
17,Esther,10,3,Esther 10:3,49,παρῆλθεν,παρέρχομαι,V.AAI3S,G3928,Rahlfs,LXX
17,Esther,10,3,Esther 10:3,50,ἀπ᾿,ἀπό,P,G575,Rahlfs,LXX
17,Esther,10,3,Esther 10:3,51,αὐτῶν,αὐτός,RD.GPM,G846,Rahlfs,LXX
17,Esther,10,3,Esther 10:3,52,λόγος,λόγος,N.NSM,G3056,Rahlfs,LXX
17,Esther,10,3,Esther 10:3,53,ἡ,ὁ,RA.NSF,G3588,Rahlfs,LXX
17,Esther,10,3,Esther 10:3,54,μικρὰ,μικρός,A.NSF,G3398,Rahlfs,LXX
17,Esther,10,3,Esther 10:3,55,πηγή,πηγή,N.NSF,G4077,Rahlfs,LXX
17,Esther,10,3,Esther 10:3,56,ἣ,ὅς,RR.NSF,G3739,Rahlfs,LXX
17,Esther,10,3,Esther 10:3,57,ἐγένετο,γίνομαι,V.AMI3S,G1096,Rahlfs,LXX
17,Esther,10,3,Esther 10:3,58,ποταμὸς,ποταμός,N.NSM,G4215,Rahlfs,LXX
17,Esther,10,3,Esther 10:3,59,καὶ,καί,C,G2532,Rahlfs,LXX
17,Esther,10,3,Esther 10:3,60,ἦν,εἰμί,V.IAI3S,G1510,Rahlfs,LXX
17,Esther,10,3,Esther 10:3,61,φῶς,φῶς,N.NSN,G5457,Rahlfs,LXX
17,Esther,10,3,Esther 10:3,62,καὶ,καί,C,G2532,Rahlfs,LXX
17,Esther,10,3,Esther 10:3,63,ἥλιος,ἥλιος,N.NSM,G2246,Rahlfs,LXX
17,Esther,10,3,Esther 10:3,64,καὶ,καί,C,G2532,Rahlfs,LXX
17,Esther,10,3,Esther 10:3,65,ὕδωρ,ὕδωρ,N.NSN,G5204,Rahlfs,LXX
17,Esther,10,3,Esther 10:3,66,πολύ,πολύς,A.NSN,G4183,Rahlfs,LXX
17,Esther,10,3,Esther 10:3,67,Εσθηρ,Εσθηρ,N.NSF,,Rahlfs,LXX
17,Esther,10,3,Esther 10:3,68,ἐστὶν,εἰμί,V.PAI3S,G1510,Rahlfs,LXX
17,Esther,10,3,Esther 10:3,69,ὁ,ὁ,RA.NSM,G3588,Rahlfs,LXX
17,Esther,10,3,Esther 10:3,70,ποταμός,ποταμός,N.NSM,G4215,Rahlfs,LXX
17,Esther,10,3,Esther 10:3,71,ἣν,ὅς,RR.ASF,G3739,Rahlfs,LXX
17,Esther,10,3,Esther 10:3,72,ἐγάμησεν,γαμέω,V.AAI3S,G1060,Rahlfs,LXX
17,Esther,10,3,Esther 10:3,73,ὁ,ὁ,RA.NSM,G3588,Rahlfs,LXX
17,Esther,10,3,Esther 10:3,74,βασιλεὺς,βασιλεύς,N.NSM,G935,Rahlfs,LXX
17,Esther,10,3,Esther 10:3,75,καὶ,καί,C,G2532,Rahlfs,LXX
17,Esther,10,3,Esther 10:3,76,ἐποίησεν,ποιέω,V.AAI3S,G4160,Rahlfs,LXX
17,Esther,10,3,Esther 10:3,77,βασίλισσαν,βασίλισσα,N.ASF,G938,Rahlfs,LXX
17,Esther,10,3,Esther 10:3,78,οἱ,ὁ,RA.NPM,G3588,Rahlfs,LXX
17,Esther,10,3,Esther 10:3,79,δὲ,δέ,X,G1161,Rahlfs,LXX
17,Esther,10,3,Esther 10:3,80,δύο,δύο,M,G1417,Rahlfs,LXX
17,Esther,10,3,Esther 10:3,81,δράκοντες,δράκων,N.NPM,G1404,Rahlfs,LXX
17,Esther,10,3,Esther 10:3,82,ἐγώ,ἐγώ,RP.NS,G1473,Rahlfs,LXX
17,Esther,10,3,Esther 10:3,83,εἰμι,εἰμί,V.PAI1S,G1510,Rahlfs,LXX
17,Esther,10,3,Esther 10:3,84,καὶ,καί,C,G2532,Rahlfs,LXX
17,Esther,10,3,Esther 10:3,85,Αμαν,Ἁμάν,N.NSM,,Rahlfs,LXX
17,Esther,10,3,Esther 10:3,86,τὰ,ὁ,RA.NPN,G3588,Rahlfs,LXX
17,Esther,10,3,Esther 10:3,87,δὲ,δέ,X,G1161,Rahlfs,LXX
17,Esther,10,3,Esther 10:3,88,ἔθνη,ἔθνος,N.NPN,G1484,Rahlfs,LXX
17,Esther,10,3,Esther 10:3,89,τὰ,ὁ,RA.NPN,G3588,Rahlfs,LXX
17,Esther,10,3,Esther 10:3,90,ἐπισυναχθέντα,ἐπισυνάγω,V.APPNPN,G1996,Rahlfs,LXX
17,Esther,10,3,Esther 10:3,91,ἀπολέσαι,ἀπόλλυμι,V.AAN,G622,Rahlfs,LXX
17,Esther,10,3,Esther 10:3,92,τὸ,ὁ,RA.ASN,G3588,Rahlfs,LXX
17,Esther,10,3,Esther 10:3,93,ὄνομα,ὄνομα,N.ASN,G3686,Rahlfs,LXX
17,Esther,10,3,Esther 10:3,94,τῶν,ὁ,RA.GPM,G3588,Rahlfs,LXX
17,Esther,10,3,Esther 10:3,95,Ιουδαίων,Ἰουδαῖος,N.GPM,G2453,Rahlfs,LXX
17,Esther,10,3,Esther 10:3,96,τὸ,ὁ,RA.NSN,G3588,Rahlfs,LXX
17,Esther,10,3,Esther 10:3,97,δὲ,δέ,X,G1161,Rahlfs,LXX
17,Esther,10,3,Esther 10:3,98,ἔθνος,ἔθνος,N.NSN,G1484,Rahlfs,LXX
17,Esther,10,3,Esther 10:3,99,τὸ,ὁ,RA.NSN,G3588,Rahlfs,LXX
17,Esther,10,3,Esther 10:3,100,ἐμόν,ἐμός,A.NSN,G1699,Rahlfs,LXX
17,Esther,10,3,Esther 10:3,101,οὗτός,οὗτος,RD.NSM,G3778,Rahlfs,LXX
17,Esther,10,3,Esther 10:3,102,ἐστιν,εἰμί,V.PAI3S,G1510,Rahlfs,LXX
17,Esther,10,3,Esther 10:3,103,Ισραηλ,Ἰσραήλ,N.NSM,G2474,Rahlfs,LXX
17,Esther,10,3,Esther 10:3,104,οἱ,ὁ,RA.NPM,G3588,Rahlfs,LXX
17,Esther,10,3,Esther 10:3,105,βοήσαντες,βοάω,V.AAPNPM,G994,Rahlfs,LXX
17,Esther,10,3,Esther 10:3,106,πρὸς,πρός,P,G4314,Rahlfs,LXX
17,Esther,10,3,Esther 10:3,107,τὸν,ὁ,RA.ASM,G3588,Rahlfs,LXX
17,Esther,10,3,Esther 10:3,108,θεὸν,θεός,N.ASM,G2316,Rahlfs,LXX
17,Esther,10,3,Esther 10:3,109,καὶ,καί,C,G2532,Rahlfs,LXX
17,Esther,10,3,Esther 10:3,110,σωθέντες,σώζω,V.APPNPM,G4982,Rahlfs,LXX
17,Esther,10,3,Esther 10:3,111,καὶ,καί,C,G2532,Rahlfs,LXX
17,Esther,10,3,Esther 10:3,112,ἔσωσεν,σώζω,V.AAI3S,G4982,Rahlfs,LXX
17,Esther,10,3,Esther 10:3,113,κύριος,κύριος,N.NSM,G2962,Rahlfs,LXX
17,Esther,10,3,Esther 10:3,114,τὸν,ὁ,RA.ASM,G3588,Rahlfs,LXX
17,Esther,10,3,Esther 10:3,115,λαὸν,λαός,N.ASM,G2992,Rahlfs,LXX
17,Esther,10,3,Esther 10:3,116,αὐτοῦ,αὐτός,RD.GSM,G846,Rahlfs,LXX
17,Esther,10,3,Esther 10:3,117,καὶ,καί,C,G2532,Rahlfs,LXX
17,Esther,10,3,Esther 10:3,118,ἐρρύσατο,ῥύομαι,V.AMI3S,G4506,Rahlfs,LXX
17,Esther,10,3,Esther 10:3,119,κύριος,κύριος,N.NSM,G2962,Rahlfs,LXX
17,Esther,10,3,Esther 10:3,120,ἡμᾶς,ἡμᾶς,RP.AP,G2248,Rahlfs,LXX
17,Esther,10,3,Esther 10:3,121,ἐκ,ἐκ,P,G1537,Rahlfs,LXX
17,Esther,10,3,Esther 10:3,122,πάντων,πᾶς,A.GPN,G3956,Rahlfs,LXX
17,Esther,10,3,Esther 10:3,123,τῶν,ὁ,RA.GPN,G3588,Rahlfs,LXX
17,Esther,10,3,Esther 10:3,124,κακῶν,κακός,A.GPN,G2556,Rahlfs,LXX
17,Esther,10,3,Esther 10:3,125,τούτων,οὗτος,RD.GPN,G3778,Rahlfs,LXX
17,Esther,10,3,Esther 10:3,126,καὶ,καί,C,G2532,Rahlfs,LXX
17,Esther,10,3,Esther 10:3,127,ἐποίησεν,ποιέω,V.AAI3S,G4160,Rahlfs,LXX
17,Esther,10,3,Esther 10:3,128,ὁ,ὁ,RA.NSM,G3588,Rahlfs,LXX
17,Esther,10,3,Esther 10:3,129,θεὸς,θεός,N.NSM,G2316,Rahlfs,LXX
17,Esther,10,3,Esther 10:3,130,τὰ,ὁ,RA.APN,G3588,Rahlfs,LXX
17,Esther,10,3,Esther 10:3,131,σημεῖα,σημεῖον,N.APN,G4592,Rahlfs,LXX
17,Esther,10,3,Esther 10:3,132,καὶ,καί,C,G2532,Rahlfs,LXX
17,Esther,10,3,Esther 10:3,133,τὰ,ὁ,RA.APN,G3588,Rahlfs,LXX
17,Esther,10,3,Esther 10:3,134,τέρατα,τέρας,N.APN,G5059,Rahlfs,LXX
17,Esther,10,3,Esther 10:3,135,τὰ,ὁ,RA.APN,G3588,Rahlfs,LXX
17,Esther,10,3,Esther 10:3,136,μεγάλα,μέγας,A.APN,G3173,Rahlfs,LXX
17,Esther,10,3,Esther 10:3,137,ἃ,ὅς,RR.NPN,G3739,Rahlfs,LXX
17,Esther,10,3,Esther 10:3,138,οὐ,οὐ,D,G3756,Rahlfs,LXX
17,Esther,10,3,Esther 10:3,139,γέγονεν,γίνομαι,V.XAI3S,G1096,Rahlfs,LXX
17,Esther,10,3,Esther 10:3,140,ἐν,ἐν,P,G1722,Rahlfs,LXX
17,Esther,10,3,Esther 10:3,141,τοῖς,ὁ,RA.DPN,G3588,Rahlfs,LXX
17,Esther,10,3,Esther 10:3,142,ἔθνεσιν,ἔθνος,N.DPN,G1484,Rahlfs,LXX
17,Esther,10,3,Esther 10:3,143,διὰ,διά,P,G1223,Rahlfs,LXX
17,Esther,10,3,Esther 10:3,144,τοῦτο,οὗτος,RD.ASN,G3778,Rahlfs,LXX
17,Esther,10,3,Esther 10:3,145,ἐποίησεν,ποιέω,V.AAI3S,G4160,Rahlfs,LXX
17,Esther,10,3,Esther 10:3,146,κλήρους,κλῆρος,N.APM,G2819,Rahlfs,LXX
17,Esther,10,3,Esther 10:3,147,δύο,δύο,M,G1417,Rahlfs,LXX
17,Esther,10,3,Esther 10:3,148,ἕνα,εἷς,A.ASM,G1520,Rahlfs,LXX
17,Esther,10,3,Esther 10:3,149,τῷ,ὁ,RA.DSM,G3588,Rahlfs,LXX
17,Esther,10,3,Esther 10:3,150,λαῷ,λαός,N.DSM,G2992,Rahlfs,LXX
17,Esther,10,3,Esther 10:3,151,τοῦ,ὁ,RA.GSM,G3588,Rahlfs,LXX
17,Esther,10,3,Esther 10:3,152,θεοῦ,θεός,N.GSM,G2316,Rahlfs,LXX
17,Esther,10,3,Esther 10:3,153,καὶ,καί,C,G2532,Rahlfs,LXX
17,Esther,10,3,Esther 10:3,154,ἕνα,εἷς,A.ASM,G1520,Rahlfs,LXX
17,Esther,10,3,Esther 10:3,155,πᾶσι,πᾶς,A.DPN,G3956,Rahlfs,LXX
17,Esther,10,3,Esther 10:3,156,τοῖς,ὁ,RA.DPN,G3588,Rahlfs,LXX
17,Esther,10,3,Esther 10:3,157,ἔθνεσιν,ἔθνος,N.DPN,G1484,Rahlfs,LXX
17,Esther,10,3,Esther 10:3,158,καὶ,καί,C,G2532,Rahlfs,LXX
17,Esther,10,3,Esther 10:3,159,ἦλθον,ἔρχομαι,V.AAI3P,G2064,Rahlfs,LXX
17,Esther,10,3,Esther 10:3,160,οἱ,ὁ,RA.NPM,G3588,Rahlfs,LXX
17,Esther,10,3,Esther 10:3,161,δύο,δύο,M,G1417,Rahlfs,LXX
17,Esther,10,3,Esther 10:3,162,κλῆροι,κλῆρος,N.NPM,G2819,Rahlfs,LXX
17,Esther,10,3,Esther 10:3,163,οὗτοι,οὗτος,RD.NPM,G3778,Rahlfs,LXX
17,Esther,10,3,Esther 10:3,164,εἰς,εἰς,P,G1519,Rahlfs,LXX
17,Esther,10,3,Esther 10:3,165,ὥραν,ὥρα,N.ASF,G5610,Rahlfs,LXX
17,Esther,10,3,Esther 10:3,166,καὶ,καί,C,G2532,Rahlfs,LXX
17,Esther,10,3,Esther 10:3,167,καιρὸν,καιρός,N.ASM,G2540,Rahlfs,LXX
17,Esther,10,3,Esther 10:3,168,καὶ,καί,C,G2532,Rahlfs,LXX
17,Esther,10,3,Esther 10:3,169,εἰς,εἰς,P,G1519,Rahlfs,LXX
17,Esther,10,3,Esther 10:3,170,ἡμέραν,ἡμέρα,N.ASF,G2250,Rahlfs,LXX
17,Esther,10,3,Esther 10:3,171,κρίσεως,κρίσις,N.GSF,G2920,Rahlfs,LXX
17,Esther,10,3,Esther 10:3,172,ἐνώπιον,ἐνώπιος,P,G1799,Rahlfs,LXX
17,Esther,10,3,Esther 10:3,173,τοῦ,ὁ,RA.GSM,G3588,Rahlfs,LXX
17,Esther,10,3,Esther 10:3,174,θεοῦ,θεός,N.GSM,G2316,Rahlfs,LXX
17,Esther,10,3,Esther 10:3,175,καὶ,καί,C,G2532,Rahlfs,LXX
17,Esther,10,3,Esther 10:3,176,ἐν,ἐν,P,G1722,Rahlfs,LXX
17,Esther,10,3,Esther 10:3,177,πᾶσι,πᾶς,A.DPN,G3956,Rahlfs,LXX
17,Esther,10,3,Esther 10:3,178,τοῖς,ὁ,RA.DPN,G3588,Rahlfs,LXX
17,Esther,10,3,Esther 10:3,179,ἔθνεσιν,ἔθνος,N.DPN,G1484,Rahlfs,LXX
17,Esther,10,3,Esther 10:3,180,καὶ,καί,C,G2532,Rahlfs,LXX
17,Esther,10,3,Esther 10:3,181,ἐμνήσθη,μνάομαι,V.API3S,G3415,Rahlfs,LXX
17,Esther,10,3,Esther 10:3,182,ὁ,ὁ,RA.NSM,G3588,Rahlfs,LXX
17,Esther,10,3,Esther 10:3,183,θεὸς,θεός,N.NSM,G2316,Rahlfs,LXX
17,Esther,10,3,Esther 10:3,184,τοῦ,ὁ,RA.GSM,G3588,Rahlfs,LXX
17,Esther,10,3,Esther 10:3,185,λαοῦ,λαός,N.GSM,G2992,Rahlfs,LXX
17,Esther,10,3,Esther 10:3,186,αὐτοῦ,αὐτός,RD.GSM,G846,Rahlfs,LXX
17,Esther,10,3,Esther 10:3,187,καὶ,καί,C,G2532,Rahlfs,LXX
17,Esther,10,3,Esther 10:3,188,ἐδικαίωσεν,δικαιόω,V.AAI3S,G1344,Rahlfs,LXX
17,Esther,10,3,Esther 10:3,189,τὴν,ὁ,RA.ASF,G3588,Rahlfs,LXX
17,Esther,10,3,Esther 10:3,190,κληρονομίαν,κληρονομία,N.ASF,G2817,Rahlfs,LXX
17,Esther,10,3,Esther 10:3,191,αὐτοῦ,αὐτός,RD.GSM,G846,Rahlfs,LXX
17,Esther,10,3,Esther 10:3,192,καὶ,καί,C,G2532,Rahlfs,LXX
17,Esther,10,3,Esther 10:3,193,ἔσονται,εἰμί,V.FMI3P,G1510,Rahlfs,LXX
17,Esther,10,3,Esther 10:3,194,αὐτοῖς,αὐτός,RD.DPM,G846,Rahlfs,LXX
17,Esther,10,3,Esther 10:3,195,αἱ,ὁ,RA.NPF,G3588,Rahlfs,LXX
17,Esther,10,3,Esther 10:3,196,ἡμέραι,ἡμέρα,N.NPF,G2250,Rahlfs,LXX
17,Esther,10,3,Esther 10:3,197,αὗται,οὗτος,RD.NPF,G3778,Rahlfs,LXX
17,Esther,10,3,Esther 10:3,198,ἐν,ἐν,P,G1722,Rahlfs,LXX
17,Esther,10,3,Esther 10:3,199,μηνὶ,μήν,N.DSM,G3376,Rahlfs,LXX
17,Esther,10,3,Esther 10:3,200,Αδαρ,Αδαρ,N.GSM,,Rahlfs,LXX
17,Esther,10,3,Esther 10:3,201,τῇ,ὁ,RA.DSF,G3588,Rahlfs,LXX
17,Esther,10,3,Esther 10:3,202,τεσσαρεσκαιδεκάτῃ,τεσσαρεσκαιδέκατος,A.DSF,G5065,Rahlfs,LXX
17,Esther,10,3,Esther 10:3,203,καὶ,καί,C,G2532,Rahlfs,LXX
17,Esther,10,3,Esther 10:3,204,τῇ,ὁ,RA.DSF,G3588,Rahlfs,LXX
17,Esther,10,3,Esther 10:3,205,πεντεκαιδεκάτῃ,πεντεκαιδέκατος,A.DSF,G4003,Rahlfs,LXX
17,Esther,10,3,Esther 10:3,206,τοῦ,ὁ,RA.GSM,G3588,Rahlfs,LXX
17,Esther,10,3,Esther 10:3,207,αὐτοῦ,αὐτός,RD.GSM,G846,Rahlfs,LXX
17,Esther,10,3,Esther 10:3,208,μηνὸς,μήν,N.GSM,G3376,Rahlfs,LXX
17,Esther,10,3,Esther 10:3,209,μετὰ,μετά,P,G3326,Rahlfs,LXX
17,Esther,10,3,Esther 10:3,210,συναγωγῆς,συναγωγή,N.GSF,G4864,Rahlfs,LXX
17,Esther,10,3,Esther 10:3,211,καὶ,καί,C,G2532,Rahlfs,LXX
17,Esther,10,3,Esther 10:3,212,χαρᾶς,χαρά,N.GSF,G5479,Rahlfs,LXX
17,Esther,10,3,Esther 10:3,213,καὶ,καί,C,G2532,Rahlfs,LXX
17,Esther,10,3,Esther 10:3,214,εὐφροσύνης,εὐφροσύνη,N.GSF,G2167,Rahlfs,LXX
17,Esther,10,3,Esther 10:3,215,ἐνώπιον,ἐνώπιος,P,G1799,Rahlfs,LXX
17,Esther,10,3,Esther 10:3,216,τοῦ,ὁ,RA.GSM,G3588,Rahlfs,LXX
17,Esther,10,3,Esther 10:3,217,θεοῦ,θεός,N.GSM,G2316,Rahlfs,LXX
17,Esther,10,3,Esther 10:3,218,κατὰ,κατά,P,G2596,Rahlfs,LXX
17,Esther,10,3,Esther 10:3,219,γενεὰς,γενεά,N.APF,G1074,Rahlfs,LXX
17,Esther,10,3,Esther 10:3,220,εἰς,εἰς,P,G1519,Rahlfs,LXX
17,Esther,10,3,Esther 10:3,221,τὸν,ὁ,RA.ASM,G3588,Rahlfs,LXX
17,Esther,10,3,Esther 10:3,222,αἰῶνα,αἰών,N.ASM,G165,Rahlfs,LXX
17,Esther,10,3,Esther 10:3,223,ἐν,ἐν,P,G1722,Rahlfs,LXX
17,Esther,10,3,Esther 10:3,224,τῷ,ὁ,RA.DSM,G3588,Rahlfs,LXX
17,Esther,10,3,Esther 10:3,225,λαῷ,λαός,N.DSM,G2992,Rahlfs,LXX
17,Esther,10,3,Esther 10:3,226,αὐτοῦ,αὐτός,RD.GSM,G846,Rahlfs,LXX
17,Esther,10,3,Esther 10:3,227,Ισραηλ,Ἰσραήλ,N.DSM,G2474,Rahlfs,LXX
17,Esther,10,3,Esther 10:3,228,ἔτους,ἔτος,N.GSN,G2094,Rahlfs,LXX
17,Esther,10,3,Esther 10:3,229,τετάρτου,τέταρτος,A.GSN,G5067,Rahlfs,LXX
17,Esther,10,3,Esther 10:3,230,βασιλεύοντος,βασιλεύω,V.PAPGSM,G936,Rahlfs,LXX
17,Esther,10,3,Esther 10:3,231,Πτολεμαίου,Πτολεμαΐς,N.GSM,G4424,Rahlfs,LXX
17,Esther,10,3,Esther 10:3,232,καὶ,καί,C,G2532,Rahlfs,LXX
17,Esther,10,3,Esther 10:3,233,Κλεοπάτρας,Κλεοπάτρα,N.GSF,,Rahlfs,LXX
17,Esther,10,3,Esther 10:3,234,εἰσήνεγκεν,εἰσφέρω,V.AAI3S,G1533,Rahlfs,LXX
17,Esther,10,3,Esther 10:3,235,Δωσίθεος,Δωσίθεος,N.NSM,,Rahlfs,LXX
17,Esther,10,3,Esther 10:3,236,ὃς,ὅς,RR.NSM,G3739,Rahlfs,LXX
17,Esther,10,3,Esther 10:3,237,ἔφη,φημί,V.IAI3S,G5346,Rahlfs,LXX
17,Esther,10,3,Esther 10:3,238,εἶναι,εἰμί,V.PAN,G1510,Rahlfs,LXX
17,Esther,10,3,Esther 10:3,239,ἱερεὺς,ἱερεύς,N.NSM,G2409,Rahlfs,LXX
17,Esther,10,3,Esther 10:3,240,καὶ,καί,C,G2532,Rahlfs,LXX
17,Esther,10,3,Esther 10:3,241,Λευίτης,Λευΐτης,N.NSM,G3019,Rahlfs,LXX
17,Esther,10,3,Esther 10:3,242,καὶ,καί,C,G2532,Rahlfs,LXX
17,Esther,10,3,Esther 10:3,243,Πτολεμαῖος,Πτολεμαΐς,N.NSM,G4424,Rahlfs,LXX
17,Esther,10,3,Esther 10:3,244,ὁ,ὁ,RA.NSM,G3588,Rahlfs,LXX
17,Esther,10,3,Esther 10:3,245,υἱὸς,υἱός,N.NSM,G5207,Rahlfs,LXX
17,Esther,10,3,Esther 10:3,246,αὐτοῦ,αὐτός,RD.GSM,G846,Rahlfs,LXX
17,Esther,10,3,Esther 10:3,247,τὴν,ὁ,RA.ASF,G3588,Rahlfs,LXX
17,Esther,10,3,Esther 10:3,248,προκειμένην,πρόκειμαι,V.PMPASF,G4295,Rahlfs,LXX
17,Esther,10,3,Esther 10:3,249,ἐπιστολὴν,ἐπιστολή,N.ASF,G1992,Rahlfs,LXX
17,Esther,10,3,Esther 10:3,250,τῶν,ὁ,RA.GPF,G3588,Rahlfs,LXX
17,Esther,10,3,Esther 10:3,251,Φρουραι,Φρουραι,N.GPF,,Rahlfs,LXX
17,Esther,10,3,Esther 10:3,252,ἣν,ὅς,RR.ASF,G3739,Rahlfs,LXX
17,Esther,10,3,Esther 10:3,253,ἔφασαν,φημί,V.IAI3P,G5346,Rahlfs,LXX
17,Esther,10,3,Esther 10:3,254,εἶναι,εἰμί,V.PAN,G1510,Rahlfs,LXX
17,Esther,10,3,Esther 10:3,255,καὶ,καί,C,G2532,Rahlfs,LXX
17,Esther,10,3,Esther 10:3,256,ἑρμηνευκέναι,ἑρμηνεύω,V.XAN,G2059,Rahlfs,LXX
17,Esther,10,3,Esther 10:3,257,Λυσίμαχον,Λυσίμαχος,N.ASM,,Rahlfs,LXX
17,Esther,10,3,Esther 10:3,258,Πτολεμαίου,Πτολεμαΐς,N.GSM,G4424,Rahlfs,LXX
17,Esther,10,3,Esther 10:3,259,τῶν,ὁ,RA.GPM,G3588,Rahlfs,LXX
17,Esther,10,3,Esther 10:3,260,ἐν,ἐν,P,G1722,Rahlfs,LXX
17,Esther,10,3,Esther 10:3,261,Ιερουσαλημ,Ἱερουσαλήμ,N.DSF,G2419,Rahlfs,LXX
