book_order,book,chapter,verse,reference,position,word_text,lemma,morph,strong,manuscript,tradition
48,Galatians,1,1,Galatians 1:1,1,Παῦλος,Παῦλος,N-.----NSM-,,SBLGNT,GNT
48,Galatians,1,1,Galatians 1:1,2,ἀπόστολος,ἀπόστολος,N-.----NSM-,,SBLGNT,GNT
48,Galatians,1,1,Galatians 1:1,3,οὐ,οὐ,D-.--------,,SBLGNT,GNT
48,Galatians,1,1,Galatians 1:1,4,ἀπό,ἀπό,P-.--------,,SBLGNT,GNT
48,Galatians,1,1,Galatians 1:1,5,ἀνθρώπων,ἄνθρωπος,N-.----GPM-,,SBLGNT,GNT
48,Galatians,1,1,Galatians 1:1,6,οὐδέ,οὐδέ,C-.--------,,SBLGNT,GNT
48,Galatians,1,1,Galatians 1:1,7,διά,διά,P-.--------,,SBLGNT,GNT
48,Galatians,1,1,Galatians 1:1,8,ἀνθρώπου,ἄνθρωπος,N-.----GSM-,,SBLGNT,GNT
48,Galatians,1,1,Galatians 1:1,9,ἀλλά,ἀλλά,C-.--------,,SBLGNT,GNT
48,Galatians,1,1,Galatians 1:1,10,διά,διά,P-.--------,,SBLGNT,GNT
48,Galatians,1,1,Galatians 1:1,11,Ἰησοῦ,Ἰησοῦς,N-.----GSM-,,SBLGNT,GNT
48,Galatians,1,1,Galatians 1:1,12,Χριστοῦ,Χριστός,N-.----GSM-,,SBLGNT,GNT
48,Galatians,1,1,Galatians 1:1,13,καί,καί,C-.--------,,SBLGNT,GNT
48,Galatians,1,1,Galatians 1:1,14,θεοῦ,θεός,N-.----GSM-,,SBLGNT,GNT
48,Galatians,1,1,Galatians 1:1,15,πατρός,πατήρ,N-.----GSM-,,SBLGNT,GNT
48,Galatians,1,1,Galatians 1:1,16,τοῦ,ὁ,RA.----GSM-,,SBLGNT,GNT
48,Galatians,1,1,Galatians 1:1,17,ἐγείραντος,ἐγείρω,V-.-AAPGSM-,,SBLGNT,GNT
48,Galatians,1,1,Galatians 1:1,18,αὐτόν,αὐτός,RP.----ASM-,,SBLGNT,GNT
48,Galatians,1,1,Galatians 1:1,19,ἐκ,ἐκ,P-.--------,,SBLGNT,GNT
48,Galatians,1,1,Galatians 1:1,20,νεκρῶν,νεκρός,A-.----GPM-,,SBLGNT,GNT
48,Galatians,1,2,Galatians 1:2,1,καί,καί,C-.--------,,SBLGNT,GNT
48,Galatians,1,2,Galatians 1:2,2,οἱ,ὁ,RA.----NPM-,,SBLGNT,GNT
48,Galatians,1,2,Galatians 1:2,3,σύν,σύν,P-.--------,,SBLGNT,GNT
48,Galatians,1,2,Galatians 1:2,4,ἐμοί,ἐγώ,RP.----DS--,,SBLGNT,GNT
48,Galatians,1,2,Galatians 1:2,5,πάντες,πᾶς,A-.----NPM-,,SBLGNT,GNT
48,Galatians,1,2,Galatians 1:2,6,ἀδελφοί,ἀδελφός,N-.----NPM-,,SBLGNT,GNT
48,Galatians,1,2,Galatians 1:2,7,ταῖς,ὁ,RA.----DPF-,,SBLGNT,GNT
48,Galatians,1,2,Galatians 1:2,8,ἐκκλησίαις,ἐκκλησία,N-.----DPF-,,SBLGNT,GNT
48,Galatians,1,2,Galatians 1:2,9,τῆς,ὁ,RA.----GSF-,,SBLGNT,GNT
48,Galatians,1,2,Galatians 1:2,10,Γαλατίας,Γαλατία,N-.----GSF-,,SBLGNT,GNT
48,Galatians,1,3,Galatians 1:3,1,χάρις,χάρις,N-.----NSF-,,SBLGNT,GNT
48,Galatians,1,3,Galatians 1:3,2,ὑμῖν,σύ,RP.----DP--,,SBLGNT,GNT
48,Galatians,1,3,Galatians 1:3,3,καί,καί,C-.--------,,SBLGNT,GNT
48,Galatians,1,3,Galatians 1:3,4,εἰρήνη,εἰρήνη,N-.----NSF-,,SBLGNT,GNT
48,Galatians,1,3,Galatians 1:3,5,ἀπό,ἀπό,P-.--------,,SBLGNT,GNT
48,Galatians,1,3,Galatians 1:3,6,θεοῦ,θεός,N-.----GSM-,,SBLGNT,GNT
48,Galatians,1,3,Galatians 1:3,7,πατρός,πατήρ,N-.----GSM-,,SBLGNT,GNT
48,Galatians,1,3,Galatians 1:3,8,καί,καί,C-.--------,,SBLGNT,GNT
48,Galatians,1,3,Galatians 1:3,9,κυρίου,κύριος,N-.----GSM-,,SBLGNT,GNT
48,Galatians,1,3,Galatians 1:3,10,ἡμῶν,ἐγώ,RP.----GP--,,SBLGNT,GNT
48,Galatians,1,3,Galatians 1:3,11,Ἰησοῦ,Ἰησοῦς,N-.----GSM-,,SBLGNT,GNT
48,Galatians,1,3,Galatians 1:3,12,Χριστοῦ,Χριστός,N-.----GSM-,,SBLGNT,GNT
48,Galatians,1,4,Galatians 1:4,1,τοῦ,ὁ,RA.----GSM-,,SBLGNT,GNT
48,Galatians,1,4,Galatians 1:4,2,δόντος,δίδωμι,V-.-AAPGSM-,,SBLGNT,GNT
48,Galatians,1,4,Galatians 1:4,3,ἑαυτόν,ἑαυτοῦ,RP.----ASM-,,SBLGNT,GNT
48,Galatians,1,4,Galatians 1:4,4,ὑπέρ,ὑπέρ,P-.--------,,SBLGNT,GNT
48,Galatians,1,4,Galatians 1:4,5,τῶν,ὁ,RA.----GPF-,,SBLGNT,GNT
48,Galatians,1,4,Galatians 1:4,6,ἁμαρτιῶν,ἁμαρτία,N-.----GPF-,,SBLGNT,GNT
48,Galatians,1,4,Galatians 1:4,7,ἡμῶν,ἐγώ,RP.----GP--,,SBLGNT,GNT
48,Galatians,1,4,Galatians 1:4,8,ὅπως,ὅπως,C-.--------,,SBLGNT,GNT
48,Galatians,1,4,Galatians 1:4,9,ἐξέληται,ἐξαιρέω,V-.3AMS-S--,,SBLGNT,GNT
48,Galatians,1,4,Galatians 1:4,10,ἡμᾶς,ἐγώ,RP.----AP--,,SBLGNT,GNT
48,Galatians,1,4,Galatians 1:4,11,ἐκ,ἐκ,P-.--------,,SBLGNT,GNT
48,Galatians,1,4,Galatians 1:4,12,τοῦ,ὁ,RA.----GSM-,,SBLGNT,GNT
48,Galatians,1,4,Galatians 1:4,13,αἰῶνος,αἰών,N-.----GSM-,,SBLGNT,GNT
48,Galatians,1,4,Galatians 1:4,14,τοῦ,ὁ,RA.----GSM-,,SBLGNT,GNT
48,Galatians,1,4,Galatians 1:4,15,ἐνεστῶτος,ἐνίστημι,V-.-XAPGSM-,,SBLGNT,GNT
48,Galatians,1,4,Galatians 1:4,16,πονηροῦ,πονηρός,A-.----GSM-,,SBLGNT,GNT
48,Galatians,1,4,Galatians 1:4,17,κατά,κατά,P-.--------,,SBLGNT,GNT
48,Galatians,1,4,Galatians 1:4,18,τό,ὁ,RA.----ASN-,,SBLGNT,GNT
48,Galatians,1,4,Galatians 1:4,19,θέλημα,θέλημα,N-.----ASN-,,SBLGNT,GNT
48,Galatians,1,4,Galatians 1:4,20,τοῦ,ὁ,RA.----GSM-,,SBLGNT,GNT
48,Galatians,1,4,Galatians 1:4,21,θεοῦ,θεός,N-.----GSM-,,SBLGNT,GNT
48,Galatians,1,4,Galatians 1:4,22,καί,καί,C-.--------,,SBLGNT,GNT
48,Galatians,1,4,Galatians 1:4,23,πατρός,πατήρ,N-.----GSM-,,SBLGNT,GNT
48,Galatians,1,4,Galatians 1:4,24,ἡμῶν,ἐγώ,RP.----GP--,,SBLGNT,GNT
48,Galatians,1,5,Galatians 1:5,1,ᾧ,ὅς,RR.----DSM-,,SBLGNT,GNT
48,Galatians,1,5,Galatians 1:5,2,ἡ,ὁ,RA.----NSF-,,SBLGNT,GNT
48,Galatians,1,5,Galatians 1:5,3,δόξα,δόξα,N-.----NSF-,,SBLGNT,GNT
48,Galatians,1,5,Galatians 1:5,4,εἰς,εἰς,P-.--------,,SBLGNT,GNT
48,Galatians,1,5,Galatians 1:5,5,τούς,ὁ,RA.----APM-,,SBLGNT,GNT
48,Galatians,1,5,Galatians 1:5,6,αἰῶνας,αἰών,N-.----APM-,,SBLGNT,GNT
48,Galatians,1,5,Galatians 1:5,7,τῶν,ὁ,RA.----GPM-,,SBLGNT,GNT
48,Galatians,1,5,Galatians 1:5,8,αἰώνων,αἰών,N-.----GPM-,,SBLGNT,GNT
48,Galatians,1,5,Galatians 1:5,9,ἀμήν,ἀμήν,X-.--------,,SBLGNT,GNT
48,Galatians,1,6,Galatians 1:6,1,θαυμάζω,θαυμάζω,V-.1PAI-S--,,SBLGNT,GNT
48,Galatians,1,6,Galatians 1:6,2,ὅτι,ὅτι,C-.--------,,SBLGNT,GNT
48,Galatians,1,6,Galatians 1:6,3,οὕτω(ς),οὕτω(ς),D-.--------,,SBLGNT,GNT
48,Galatians,1,6,Galatians 1:6,4,ταχέως,ταχέως,D-.--------,,SBLGNT,GNT
48,Galatians,1,6,Galatians 1:6,5,μετατίθεσθε,μετατίθημι,V-.2PMI-P--,,SBLGNT,GNT
48,Galatians,1,6,Galatians 1:6,6,ἀπό,ἀπό,P-.--------,,SBLGNT,GNT
48,Galatians,1,6,Galatians 1:6,7,τοῦ,ὁ,RA.----GSM-,,SBLGNT,GNT
48,Galatians,1,6,Galatians 1:6,8,καλέσαντος,καλέω,V-.-AAPGSM-,,SBLGNT,GNT
48,Galatians,1,6,Galatians 1:6,9,ὑμᾶς,σύ,RP.----AP--,,SBLGNT,GNT
48,Galatians,1,6,Galatians 1:6,10,ἐν,ἐν,P-.--------,,SBLGNT,GNT
48,Galatians,1,6,Galatians 1:6,11,χάριτι,χάρις,N-.----DSF-,,SBLGNT,GNT
48,Galatians,1,6,Galatians 1:6,12,Χριστοῦ,Χριστός,N-.----GSM-,,SBLGNT,GNT
48,Galatians,1,6,Galatians 1:6,13,εἰς,εἰς,P-.--------,,SBLGNT,GNT
48,Galatians,1,6,Galatians 1:6,14,ἕτερον,ἕτερος,A-.----ASN-,,SBLGNT,GNT
48,Galatians,1,6,Galatians 1:6,15,εὐαγγέλιον,εὐαγγέλιον,N-.----ASN-,,SBLGNT,GNT
48,Galatians,1,7,Galatians 1:7,1,ὅ,ὅς,RR.----NSN-,,SBLGNT,GNT
48,Galatians,1,7,Galatians 1:7,2,οὐ,οὐ,D-.--------,,SBLGNT,GNT
48,Galatians,1,7,Galatians 1:7,3,ἐστί(ν),εἰμί,V-.3PAI-S--,,SBLGNT,GNT
48,Galatians,1,7,Galatians 1:7,4,ἄλλο,ἄλλος,A-.----NSN-,,SBLGNT,GNT
48,Galatians,1,7,Galatians 1:7,5,εἰ,εἰ,C-.--------,,SBLGNT,GNT
48,Galatians,1,7,Galatians 1:7,6,μή,μή,D-.--------,,SBLGNT,GNT
48,Galatians,1,7,Galatians 1:7,7,τινές,τις,RI.----NPM-,,SBLGNT,GNT
48,Galatians,1,7,Galatians 1:7,8,εἰσί(ν),εἰμί,V-.3PAI-P--,,SBLGNT,GNT
48,Galatians,1,7,Galatians 1:7,9,οἱ,ὁ,RA.----NPM-,,SBLGNT,GNT
48,Galatians,1,7,Galatians 1:7,10,ταράσσοντες,ταράσσω,V-.-PAPNPM-,,SBLGNT,GNT
48,Galatians,1,7,Galatians 1:7,11,ὑμᾶς,σύ,RP.----AP--,,SBLGNT,GNT
48,Galatians,1,7,Galatians 1:7,12,καί,καί,C-.--------,,SBLGNT,GNT
48,Galatians,1,7,Galatians 1:7,13,θέλοντες,θέλω,V-.-PAPNPM-,,SBLGNT,GNT
48,Galatians,1,7,Galatians 1:7,14,μεταστρέψαι,μεταστρέφω,V-.-AAN----,,SBLGNT,GNT
48,Galatians,1,7,Galatians 1:7,15,τό,ὁ,RA.----ASN-,,SBLGNT,GNT
48,Galatians,1,7,Galatians 1:7,16,εὐαγγέλιον,εὐαγγέλιον,N-.----ASN-,,SBLGNT,GNT
48,Galatians,1,7,Galatians 1:7,17,τοῦ,ὁ,RA.----GSM-,,SBLGNT,GNT
48,Galatians,1,7,Galatians 1:7,18,Χριστοῦ,Χριστός,N-.----GSM-,,SBLGNT,GNT
48,Galatians,1,8,Galatians 1:8,1,ἀλλά,ἀλλά,C-.--------,,SBLGNT,GNT
48,Galatians,1,8,Galatians 1:8,2,καί,καί,D-.--------,,SBLGNT,GNT
48,Galatians,1,8,Galatians 1:8,3,ἐάν,ἐάν,C-.--------,,SBLGNT,GNT
48,Galatians,1,8,Galatians 1:8,4,ἡμεῖς,ἐγώ,RP.----NP--,,SBLGNT,GNT
48,Galatians,1,8,Galatians 1:8,5,ἤ,ἤ,C-.--------,,SBLGNT,GNT
48,Galatians,1,8,Galatians 1:8,6,ἄγγελος,ἄγγελος,N-.----NSM-,,SBLGNT,GNT
48,Galatians,1,8,Galatians 1:8,7,ἐκ,ἐκ,P-.--------,,SBLGNT,GNT
48,Galatians,1,8,Galatians 1:8,8,οὐρανοῦ,οὐρανός,N-.----GSM-,,SBLGNT,GNT
48,Galatians,1,8,Galatians 1:8,9,εὐαγγελίζηται,εὐαγγελίζω,V-.3PMS-S--,,SBLGNT,GNT
48,Galatians,1,8,Galatians 1:8,10,ὑμῖν,σύ,RP.----DP--,,SBLGNT,GNT
48,Galatians,1,8,Galatians 1:8,11,παρά,παρά,P-.--------,,SBLGNT,GNT
48,Galatians,1,8,Galatians 1:8,12,ὅ,ὅς,RR.----ASN-,,SBLGNT,GNT
48,Galatians,1,8,Galatians 1:8,13,εὐηγγελισάμεθα,εὐαγγελίζω,V-.1AMI-P--,,SBLGNT,GNT
48,Galatians,1,8,Galatians 1:8,14,ὑμῖν,σύ,RP.----DP--,,SBLGNT,GNT
48,Galatians,1,8,Galatians 1:8,15,ἀνάθεμα,ἀνάθεμα,N-.----NSN-,,SBLGNT,GNT
48,Galatians,1,8,Galatians 1:8,16,ἔστω,εἰμί,V-.3PAD-S--,,SBLGNT,GNT
48,Galatians,1,9,Galatians 1:9,1,ὡς,ὡς,C-.--------,,SBLGNT,GNT
48,Galatians,1,9,Galatians 1:9,2,προειρήκαμεν,προλέγω,V-.1XAI-P--,,SBLGNT,GNT
48,Galatians,1,9,Galatians 1:9,3,καί,καί,D-.--------,,SBLGNT,GNT
48,Galatians,1,9,Galatians 1:9,4,ἄρτι,ἄρτι,D-.--------,,SBLGNT,GNT
48,Galatians,1,9,Galatians 1:9,5,πάλιν,πάλιν,D-.--------,,SBLGNT,GNT
48,Galatians,1,9,Galatians 1:9,6,λέγω,λέγω,V-.1PAI-S--,,SBLGNT,GNT
48,Galatians,1,9,Galatians 1:9,7,εἰ,εἰ,C-.--------,,SBLGNT,GNT
48,Galatians,1,9,Galatians 1:9,8,τὶς,τις,RI.----NSM-,,SBLGNT,GNT
48,Galatians,1,9,Galatians 1:9,9,ὑμᾶς,σύ,RP.----AP--,,SBLGNT,GNT
48,Galatians,1,9,Galatians 1:9,10,εὐαγγελίζεται,εὐαγγελίζω,V-.3PMI-S--,,SBLGNT,GNT
48,Galatians,1,9,Galatians 1:9,11,παρά,παρά,P-.--------,,SBLGNT,GNT
48,Galatians,1,9,Galatians 1:9,12,ὅ,ὅς,RR.----ASN-,,SBLGNT,GNT
48,Galatians,1,9,Galatians 1:9,13,παρελάβετε,παραλαμβάνω,V-.2AAI-P--,,SBLGNT,GNT
48,Galatians,1,9,Galatians 1:9,14,ἀνάθεμα,ἀνάθεμα,N-.----NSN-,,SBLGNT,GNT
48,Galatians,1,9,Galatians 1:9,15,ἔστω,εἰμί,V-.3PAD-S--,,SBLGNT,GNT
48,Galatians,1,10,Galatians 1:10,1,ἄρτι,ἄρτι,D-.--------,,SBLGNT,GNT
48,Galatians,1,10,Galatians 1:10,2,γάρ,γάρ,C-.--------,,SBLGNT,GNT
48,Galatians,1,10,Galatians 1:10,3,ἀνθρώπους,ἄνθρωπος,N-.----APM-,,SBLGNT,GNT
48,Galatians,1,10,Galatians 1:10,4,πείθω,πείθω,V-.1PAI-S--,,SBLGNT,GNT
48,Galatians,1,10,Galatians 1:10,5,ἤ,ἤ,C-.--------,,SBLGNT,GNT
48,Galatians,1,10,Galatians 1:10,6,τόν,ὁ,RA.----ASM-,,SBLGNT,GNT
48,Galatians,1,10,Galatians 1:10,7,θεόν,θεός,N-.----ASM-,,SBLGNT,GNT
48,Galatians,1,10,Galatians 1:10,8,ἤ,ἤ,C-.--------,,SBLGNT,GNT
48,Galatians,1,10,Galatians 1:10,9,ζητῶ,ζητέω,V-.1PAI-S--,,SBLGNT,GNT
48,Galatians,1,10,Galatians 1:10,10,ἀνθρώποις,ἄνθρωπος,N-.----DPM-,,SBLGNT,GNT
48,Galatians,1,10,Galatians 1:10,11,ἀρέσκειν,ἀρέσκω,V-.-PAN----,,SBLGNT,GNT
48,Galatians,1,10,Galatians 1:10,12,εἰ,εἰ,C-.--------,,SBLGNT,GNT
48,Galatians,1,10,Galatians 1:10,13,ἔτι,ἔτι,D-.--------,,SBLGNT,GNT
48,Galatians,1,10,Galatians 1:10,14,ἀνθρώποις,ἄνθρωπος,N-.----DPM-,,SBLGNT,GNT
48,Galatians,1,10,Galatians 1:10,15,ἤρεσκον,ἀρέσκω,V-.1IAI-S--,,SBLGNT,GNT
48,Galatians,1,10,Galatians 1:10,16,Χριστοῦ,Χριστός,N-.----GSM-,,SBLGNT,GNT
48,Galatians,1,10,Galatians 1:10,17,δοῦλος,δοῦλος,N-.----NSM-,,SBLGNT,GNT
48,Galatians,1,10,Galatians 1:10,18,οὐ,οὐ,D-.--------,,SBLGNT,GNT
48,Galatians,1,10,Galatians 1:10,19,ἄν,ἄν,X-.--------,,SBLGNT,GNT
48,Galatians,1,10,Galatians 1:10,20,ἤμην,εἰμί,V-.1IMI-S--,,SBLGNT,GNT
48,Galatians,1,11,Galatians 1:11,1,γνωρίζω,γνωρίζω,V-.1PAI-S--,,SBLGNT,GNT
48,Galatians,1,11,Galatians 1:11,2,γάρ,γάρ,C-.--------,,SBLGNT,GNT
48,Galatians,1,11,Galatians 1:11,3,ὑμῖν,σύ,RP.----DP--,,SBLGNT,GNT
48,Galatians,1,11,Galatians 1:11,4,ἀδελφοί,ἀδελφός,N-.----VPM-,,SBLGNT,GNT
48,Galatians,1,11,Galatians 1:11,5,τό,ὁ,RA.----ASN-,,SBLGNT,GNT
48,Galatians,1,11,Galatians 1:11,6,εὐαγγέλιον,εὐαγγέλιον,N-.----ASN-,,SBLGNT,GNT
48,Galatians,1,11,Galatians 1:11,7,τό,ὁ,RA.----ASN-,,SBLGNT,GNT
48,Galatians,1,11,Galatians 1:11,8,εὐαγγελισθέν,εὐαγγελίζω,V-.-APPASN-,,SBLGNT,GNT
48,Galatians,1,11,Galatians 1:11,9,ὑπό,ὑπό,P-.--------,,SBLGNT,GNT
48,Galatians,1,11,Galatians 1:11,10,ἐμοῦ,ἐγώ,RP.----GS--,,SBLGNT,GNT
48,Galatians,1,11,Galatians 1:11,11,ὅτι,ὅτι,C-.--------,,SBLGNT,GNT
48,Galatians,1,11,Galatians 1:11,12,οὐ,οὐ,D-.--------,,SBLGNT,GNT
48,Galatians,1,11,Galatians 1:11,13,ἐστί(ν),εἰμί,V-.3PAI-S--,,SBLGNT,GNT
48,Galatians,1,11,Galatians 1:11,14,κατά,κατά,P-.--------,,SBLGNT,GNT
48,Galatians,1,11,Galatians 1:11,15,ἄνθρωπον,ἄνθρωπος,N-.----ASM-,,SBLGNT,GNT
48,Galatians,1,12,Galatians 1:12,1,οὐδέ,οὐδέ,D-.--------,,SBLGNT,GNT
48,Galatians,1,12,Galatians 1:12,2,γάρ,γάρ,C-.--------,,SBLGNT,GNT
48,Galatians,1,12,Galatians 1:12,3,ἐγώ,ἐγώ,RP.----NS--,,SBLGNT,GNT
48,Galatians,1,12,Galatians 1:12,4,παρά,παρά,P-.--------,,SBLGNT,GNT
48,Galatians,1,12,Galatians 1:12,5,ἀνθρώπου,ἄνθρωπος,N-.----GSM-,,SBLGNT,GNT
48,Galatians,1,12,Galatians 1:12,6,παρέλαβον,παραλαμβάνω,V-.1AAI-S--,,SBLGNT,GNT
48,Galatians,1,12,Galatians 1:12,7,αὐτό,αὐτός,RP.----ASN-,,SBLGNT,GNT
48,Galatians,1,12,Galatians 1:12,8,οὔτε,οὔτε,C-.--------,,SBLGNT,GNT
48,Galatians,1,12,Galatians 1:12,9,ἐδιδάχθην,διδάσκω,V-.1API-S--,,SBLGNT,GNT
48,Galatians,1,12,Galatians 1:12,10,ἀλλά,ἀλλά,C-.--------,,SBLGNT,GNT
48,Galatians,1,12,Galatians 1:12,11,διά,διά,P-.--------,,SBLGNT,GNT
48,Galatians,1,12,Galatians 1:12,12,ἀποκαλύψεως,ἀποκάλυψις,N-.----GSF-,,SBLGNT,GNT
48,Galatians,1,12,Galatians 1:12,13,Ἰησοῦ,Ἰησοῦς,N-.----GSM-,,SBLGNT,GNT
48,Galatians,1,12,Galatians 1:12,14,Χριστοῦ,Χριστός,N-.----GSM-,,SBLGNT,GNT
48,Galatians,1,13,Galatians 1:13,1,ἠκούσατε,ἀκούω,V-.2AAI-P--,,SBLGNT,GNT
48,Galatians,1,13,Galatians 1:13,2,γάρ,γάρ,C-.--------,,SBLGNT,GNT
48,Galatians,1,13,Galatians 1:13,3,τήν,ὁ,RA.----ASF-,,SBLGNT,GNT
48,Galatians,1,13,Galatians 1:13,4,ἐμήν,ἐμός,A-.----ASF-,,SBLGNT,GNT
48,Galatians,1,13,Galatians 1:13,5,ἀναστροφήν,ἀναστροφή,N-.----ASF-,,SBLGNT,GNT
48,Galatians,1,13,Galatians 1:13,6,ποτέ,ποτέ,D-.--------,,SBLGNT,GNT
48,Galatians,1,13,Galatians 1:13,7,ἐν,ἐν,P-.--------,,SBLGNT,GNT
48,Galatians,1,13,Galatians 1:13,8,τῷ,ὁ,RA.----DSM-,,SBLGNT,GNT
48,Galatians,1,13,Galatians 1:13,9,Ἰουδαϊσμῷ,Ἰουδαϊσμός,N-.----DSM-,,SBLGNT,GNT
48,Galatians,1,13,Galatians 1:13,10,ὅτι,ὅτι,D-.--------,,SBLGNT,GNT
48,Galatians,1,13,Galatians 1:13,11,κατά,κατά,P-.--------,,SBLGNT,GNT
48,Galatians,1,13,Galatians 1:13,12,ὑπερβολήν,ὑπερβολή,N-.----ASF-,,SBLGNT,GNT
48,Galatians,1,13,Galatians 1:13,13,ἐδίωκον,διώκω,V-.1IAI-S--,,SBLGNT,GNT
48,Galatians,1,13,Galatians 1:13,14,τήν,ὁ,RA.----ASF-,,SBLGNT,GNT
48,Galatians,1,13,Galatians 1:13,15,ἐκκλησίαν,ἐκκλησία,N-.----ASF-,,SBLGNT,GNT
48,Galatians,1,13,Galatians 1:13,16,τοῦ,ὁ,RA.----GSM-,,SBLGNT,GNT
48,Galatians,1,13,Galatians 1:13,17,θεοῦ,θεός,N-.----GSM-,,SBLGNT,GNT
48,Galatians,1,13,Galatians 1:13,18,καί,καί,C-.--------,,SBLGNT,GNT
48,Galatians,1,13,Galatians 1:13,19,ἐπόρθουν,πορθέω,V-.1IAI-S--,,SBLGNT,GNT
48,Galatians,1,13,Galatians 1:13,20,αὐτήν,αὐτός,RP.----ASF-,,SBLGNT,GNT
48,Galatians,1,14,Galatians 1:14,1,καί,καί,C-.--------,,SBLGNT,GNT
48,Galatians,1,14,Galatians 1:14,2,προέκοπτον,προκόπτω,V-.1IAI-S--,,SBLGNT,GNT
48,Galatians,1,14,Galatians 1:14,3,ἐν,ἐν,P-.--------,,SBLGNT,GNT
48,Galatians,1,14,Galatians 1:14,4,τῷ,ὁ,RA.----DSM-,,SBLGNT,GNT
48,Galatians,1,14,Galatians 1:14,5,Ἰουδαϊσμῷ,Ἰουδαϊσμός,N-.----DSM-,,SBLGNT,GNT
48,Galatians,1,14,Galatians 1:14,6,ὑπέρ,ὑπέρ,P-.--------,,SBLGNT,GNT
48,Galatians,1,14,Galatians 1:14,7,πολλούς,πολύς,A-.----APM-,,SBLGNT,GNT
48,Galatians,1,14,Galatians 1:14,8,συνηλικιώτας,συνηλικιώτης,N-.----APM-,,SBLGNT,GNT
48,Galatians,1,14,Galatians 1:14,9,ἐν,ἐν,P-.--------,,SBLGNT,GNT
48,Galatians,1,14,Galatians 1:14,10,τῷ,ὁ,RA.----DSN-,,SBLGNT,GNT
48,Galatians,1,14,Galatians 1:14,11,γένει,γένος,N-.----DSN-,,SBLGNT,GNT
48,Galatians,1,14,Galatians 1:14,12,μου,ἐγώ,RP.----GS--,,SBLGNT,GNT
48,Galatians,1,14,Galatians 1:14,13,περισσοτέρως,περισσοτέρως,D-.--------,,SBLGNT,GNT
48,Galatians,1,14,Galatians 1:14,14,ζηλωτής,ζηλωτής,N-.----NSM-,,SBLGNT,GNT
48,Galatians,1,14,Galatians 1:14,15,ὑπάρχων,ὑπάρχω,V-.-PAPNSM-,,SBLGNT,GNT
48,Galatians,1,14,Galatians 1:14,16,τῶν,ὁ,RA.----GPF-,,SBLGNT,GNT
48,Galatians,1,14,Galatians 1:14,17,πατρικῶν,πατρικός,A-.----GPF-,,SBLGNT,GNT
48,Galatians,1,14,Galatians 1:14,18,μου,ἐγώ,RP.----GS--,,SBLGNT,GNT
48,Galatians,1,14,Galatians 1:14,19,παραδόσεων,παράδοσις,N-.----GPF-,,SBLGNT,GNT
48,Galatians,1,15,Galatians 1:15,1,ὅτε,ὅτε,C-.--------,,SBLGNT,GNT
48,Galatians,1,15,Galatians 1:15,2,δέ,δέ,C-.--------,,SBLGNT,GNT
48,Galatians,1,15,Galatians 1:15,3,εὐδόκησε(ν),εὐδοκέω,V-.3AAI-S--,,SBLGNT,GNT
48,Galatians,1,15,Galatians 1:15,4,ὁ,ὁ,RA.----NSM-,,SBLGNT,GNT
48,Galatians,1,15,Galatians 1:15,5,ἀφορίσας,ἀφορίζω,V-.-AAPNSM-,,SBLGNT,GNT
48,Galatians,1,15,Galatians 1:15,6,με,ἐγώ,RP.----AS--,,SBLGNT,GNT
48,Galatians,1,15,Galatians 1:15,7,ἐκ,ἐκ,P-.--------,,SBLGNT,GNT
48,Galatians,1,15,Galatians 1:15,8,κοιλίας,κοιλία,N-.----GSF-,,SBLGNT,GNT
48,Galatians,1,15,Galatians 1:15,9,μητρός,μήτηρ,N-.----GSF-,,SBLGNT,GNT
48,Galatians,1,15,Galatians 1:15,10,μου,ἐγώ,RP.----GS--,,SBLGNT,GNT
48,Galatians,1,15,Galatians 1:15,11,καί,καί,C-.--------,,SBLGNT,GNT
48,Galatians,1,15,Galatians 1:15,12,καλέσας,καλέω,V-.-AAPNSM-,,SBLGNT,GNT
48,Galatians,1,15,Galatians 1:15,13,διά,διά,P-.--------,,SBLGNT,GNT
48,Galatians,1,15,Galatians 1:15,14,τῆς,ὁ,RA.----GSF-,,SBLGNT,GNT
48,Galatians,1,15,Galatians 1:15,15,χάριτος,χάρις,N-.----GSF-,,SBLGNT,GNT
48,Galatians,1,15,Galatians 1:15,16,αὐτοῦ,αὐτός,RP.----GSM-,,SBLGNT,GNT
48,Galatians,1,16,Galatians 1:16,1,ἀποκαλύψαι,ἀποκαλύπτω,V-.-AAN----,,SBLGNT,GNT
48,Galatians,1,16,Galatians 1:16,2,τόν,ὁ,RA.----ASM-,,SBLGNT,GNT
48,Galatians,1,16,Galatians 1:16,3,υἱόν,υἱός,N-.----ASM-,,SBLGNT,GNT
48,Galatians,1,16,Galatians 1:16,4,αὐτοῦ,αὐτός,RP.----GSM-,,SBLGNT,GNT
48,Galatians,1,16,Galatians 1:16,5,ἐν,ἐν,P-.--------,,SBLGNT,GNT
48,Galatians,1,16,Galatians 1:16,6,ἐμοί,ἐγώ,RP.----DS--,,SBLGNT,GNT
48,Galatians,1,16,Galatians 1:16,7,ἵνα,ἵνα,C-.--------,,SBLGNT,GNT
48,Galatians,1,16,Galatians 1:16,8,εὐαγγελίζωμαι,εὐαγγελίζω,V-.1PMS-S--,,SBLGNT,GNT
48,Galatians,1,16,Galatians 1:16,9,αὐτόν,αὐτός,RP.----ASM-,,SBLGNT,GNT
48,Galatians,1,16,Galatians 1:16,10,ἐν,ἐν,P-.--------,,SBLGNT,GNT
48,Galatians,1,16,Galatians 1:16,11,τοῖς,ὁ,RA.----DPN-,,SBLGNT,GNT
48,Galatians,1,16,Galatians 1:16,12,ἔθνεσι(ν),ἔθνος,N-.----DPN-,,SBLGNT,GNT
48,Galatians,1,16,Galatians 1:16,13,εὐθέως,εὐθέως,D-.--------,,SBLGNT,GNT
48,Galatians,1,16,Galatians 1:16,14,οὐ,οὐ,D-.--------,,SBLGNT,GNT
48,Galatians,1,16,Galatians 1:16,15,προσανεθέμην,προσανατίθημι,V-.1AMI-S--,,SBLGNT,GNT
48,Galatians,1,16,Galatians 1:16,16,σαρκί,σάρξ,N-.----DSF-,,SBLGNT,GNT
48,Galatians,1,16,Galatians 1:16,17,καί,καί,C-.--------,,SBLGNT,GNT
48,Galatians,1,16,Galatians 1:16,18,αἵματι,αἷμα,N-.----DSN-,,SBLGNT,GNT
48,Galatians,1,17,Galatians 1:17,1,οὐδέ,οὐδέ,C-.--------,,SBLGNT,GNT
48,Galatians,1,17,Galatians 1:17,2,ἀνῆλθον,ἀνέρχομαι,V-.1AAI-S--,,SBLGNT,GNT
48,Galatians,1,17,Galatians 1:17,3,εἰς,εἰς,P-.--------,,SBLGNT,GNT
48,Galatians,1,17,Galatians 1:17,4,Ἱεροσόλυμα,Ἱεροσόλυμα,N-.----APN-,,SBLGNT,GNT
48,Galatians,1,17,Galatians 1:17,5,πρός,πρός,P-.--------,,SBLGNT,GNT
48,Galatians,1,17,Galatians 1:17,6,τούς,ὁ,RA.----APM-,,SBLGNT,GNT
48,Galatians,1,17,Galatians 1:17,7,πρό,πρό,P-.--------,,SBLGNT,GNT
48,Galatians,1,17,Galatians 1:17,8,ἐμοῦ,ἐγώ,RP.----GS--,,SBLGNT,GNT
48,Galatians,1,17,Galatians 1:17,9,ἀποστόλους,ἀπόστολος,N-.----APM-,,SBLGNT,GNT
48,Galatians,1,17,Galatians 1:17,10,ἀλλά,ἀλλά,C-.--------,,SBLGNT,GNT
48,Galatians,1,17,Galatians 1:17,11,ἀπῆλθον,ἀπέρχομαι,V-.1AAI-S--,,SBLGNT,GNT
48,Galatians,1,17,Galatians 1:17,12,εἰς,εἰς,P-.--------,,SBLGNT,GNT
48,Galatians,1,17,Galatians 1:17,13,Ἀραβίαν,Ἀραβία,N-.----ASF-,,SBLGNT,GNT
48,Galatians,1,17,Galatians 1:17,14,καί,καί,C-.--------,,SBLGNT,GNT
48,Galatians,1,17,Galatians 1:17,15,πάλιν,πάλιν,D-.--------,,SBLGNT,GNT
48,Galatians,1,17,Galatians 1:17,16,ὑπέστρεψα,ὑποστρέφω,V-.1AAI-S--,,SBLGNT,GNT
48,Galatians,1,17,Galatians 1:17,17,εἰς,εἰς,P-.--------,,SBLGNT,GNT
48,Galatians,1,17,Galatians 1:17,18,Δαμασκόν,Δαμασκός,N-.----ASF-,,SBLGNT,GNT
48,Galatians,1,18,Galatians 1:18,1,ἔπειτα,ἔπειτα,D-.--------,,SBLGNT,GNT
48,Galatians,1,18,Galatians 1:18,2,μετά,μετά,P-.--------,,SBLGNT,GNT
48,Galatians,1,18,Galatians 1:18,3,ἔτη,ἔτος,N-.----APN-,,SBLGNT,GNT
48,Galatians,1,18,Galatians 1:18,4,τρία,τρεῖς,A-.----APN-,,SBLGNT,GNT
48,Galatians,1,18,Galatians 1:18,5,ἀνῆλθον,ἀνέρχομαι,V-.1AAI-S--,,SBLGNT,GNT
48,Galatians,1,18,Galatians 1:18,6,εἰς,εἰς,P-.--------,,SBLGNT,GNT
48,Galatians,1,18,Galatians 1:18,7,Ἱεροσόλυμα,Ἱεροσόλυμα,N-.----APN-,,SBLGNT,GNT
48,Galatians,1,18,Galatians 1:18,8,ἱστορῆσαι,ἱστορέω,V-.-AAN----,,SBLGNT,GNT
48,Galatians,1,18,Galatians 1:18,9,Κηφᾶν,Κηφᾶς,N-.----ASM-,,SBLGNT,GNT
48,Galatians,1,18,Galatians 1:18,10,καί,καί,C-.--------,,SBLGNT,GNT
48,Galatians,1,18,Galatians 1:18,11,ἐπέμεινα,ἐπιμένω,V-.1AAI-S--,,SBLGNT,GNT
48,Galatians,1,18,Galatians 1:18,12,πρός,πρός,P-.--------,,SBLGNT,GNT
48,Galatians,1,18,Galatians 1:18,13,αὐτόν,αὐτός,RP.----ASM-,,SBLGNT,GNT
48,Galatians,1,18,Galatians 1:18,14,ἡμέρας,ἡμέρα,N-.----APF-,,SBLGNT,GNT
48,Galatians,1,18,Galatians 1:18,15,δεκαπέντε,δεκαπέντε,A-.----APF-,,SBLGNT,GNT
48,Galatians,1,19,Galatians 1:19,1,ἕτερον,ἕτερος,A-.----ASM-,,SBLGNT,GNT
48,Galatians,1,19,Galatians 1:19,2,δέ,δέ,C-.--------,,SBLGNT,GNT
48,Galatians,1,19,Galatians 1:19,3,τῶν,ὁ,RA.----GPM-,,SBLGNT,GNT
48,Galatians,1,19,Galatians 1:19,4,ἀποστόλων,ἀπόστολος,N-.----GPM-,,SBLGNT,GNT
48,Galatians,1,19,Galatians 1:19,5,οὐ,οὐ,D-.--------,,SBLGNT,GNT
48,Galatians,1,19,Galatians 1:19,6,εἶδον,ὁράω,V-.1AAI-S--,,SBLGNT,GNT
48,Galatians,1,19,Galatians 1:19,7,εἰ,εἰ,C-.--------,,SBLGNT,GNT
48,Galatians,1,19,Galatians 1:19,8,μή,μή,D-.--------,,SBLGNT,GNT
48,Galatians,1,19,Galatians 1:19,9,Ἰάκωβον,Ἰάκωβος,N-.----ASM-,,SBLGNT,GNT
48,Galatians,1,19,Galatians 1:19,10,τόν,ὁ,RA.----ASM-,,SBLGNT,GNT
48,Galatians,1,19,Galatians 1:19,11,ἀδελφόν,ἀδελφός,N-.----ASM-,,SBLGNT,GNT
48,Galatians,1,19,Galatians 1:19,12,τοῦ,ὁ,RA.----GSM-,,SBLGNT,GNT
48,Galatians,1,19,Galatians 1:19,13,κυρίου,κύριος,N-.----GSM-,,SBLGNT,GNT
48,Galatians,1,20,Galatians 1:20,1,ἅ,ὅς,RR.----APN-,,SBLGNT,GNT
48,Galatians,1,20,Galatians 1:20,2,δέ,δέ,C-.--------,,SBLGNT,GNT
48,Galatians,1,20,Galatians 1:20,3,γράφω,γράφω,V-.1PAI-S--,,SBLGNT,GNT
48,Galatians,1,20,Galatians 1:20,4,ὑμῖν,σύ,RP.----DP--,,SBLGNT,GNT
48,Galatians,1,20,Galatians 1:20,5,ἰδού,ἰδού,X-.--------,,SBLGNT,GNT
48,Galatians,1,20,Galatians 1:20,6,ἐνώπιον,ἐνώπιον,P-.--------,,SBLGNT,GNT
48,Galatians,1,20,Galatians 1:20,7,τοῦ,ὁ,RA.----GSM-,,SBLGNT,GNT
48,Galatians,1,20,Galatians 1:20,8,θεοῦ,θεός,N-.----GSM-,,SBLGNT,GNT
48,Galatians,1,20,Galatians 1:20,9,ὅτι,ὅτι,C-.--------,,SBLGNT,GNT
48,Galatians,1,20,Galatians 1:20,10,οὐ,οὐ,D-.--------,,SBLGNT,GNT
48,Galatians,1,20,Galatians 1:20,11,ψεύδομαι,ψεύδομαι,V-.1PMI-S--,,SBLGNT,GNT
48,Galatians,1,21,Galatians 1:21,1,ἔπειτα,ἔπειτα,D-.--------,,SBLGNT,GNT
48,Galatians,1,21,Galatians 1:21,2,ἦλθον,ἔρχομαι,V-.1AAI-S--,,SBLGNT,GNT
48,Galatians,1,21,Galatians 1:21,3,εἰς,εἰς,P-.--------,,SBLGNT,GNT
48,Galatians,1,21,Galatians 1:21,4,τά,ὁ,RA.----APN-,,SBLGNT,GNT
48,Galatians,1,21,Galatians 1:21,5,κλίματα,κλίμα,N-.----APN-,,SBLGNT,GNT
48,Galatians,1,21,Galatians 1:21,6,τῆς,ὁ,RA.----GSF-,,SBLGNT,GNT
48,Galatians,1,21,Galatians 1:21,7,Συρίας,Συρία,N-.----GSF-,,SBLGNT,GNT
48,Galatians,1,21,Galatians 1:21,8,καί,καί,C-.--------,,SBLGNT,GNT
48,Galatians,1,21,Galatians 1:21,9,τῆς,ὁ,RA.----GSF-,,SBLGNT,GNT
48,Galatians,1,21,Galatians 1:21,10,Κιλικίας,Κιλικία,N-.----GSF-,,SBLGNT,GNT
48,Galatians,1,22,Galatians 1:22,1,ἤμην,εἰμί,V-.1IMI-S--,,SBLGNT,GNT
48,Galatians,1,22,Galatians 1:22,2,δέ,δέ,C-.--------,,SBLGNT,GNT
48,Galatians,1,22,Galatians 1:22,3,ἀγνοούμενος,ἀγνοέω,V-.-PPPNSM-,,SBLGNT,GNT
48,Galatians,1,22,Galatians 1:22,4,τῷ,ὁ,RA.----DSN-,,SBLGNT,GNT
48,Galatians,1,22,Galatians 1:22,5,προσώπῳ,πρόσωπον,N-.----DSN-,,SBLGNT,GNT
48,Galatians,1,22,Galatians 1:22,6,ταῖς,ὁ,RA.----DPF-,,SBLGNT,GNT
48,Galatians,1,22,Galatians 1:22,7,ἐκκλησίαις,ἐκκλησία,N-.----DPF-,,SBLGNT,GNT
48,Galatians,1,22,Galatians 1:22,8,τῆς,ὁ,RA.----GSF-,,SBLGNT,GNT
48,Galatians,1,22,Galatians 1:22,9,Ἰουδαίας,Ἰουδαία,N-.----GSF-,,SBLGNT,GNT
48,Galatians,1,22,Galatians 1:22,10,ταῖς,ὁ,RA.----DPF-,,SBLGNT,GNT
48,Galatians,1,22,Galatians 1:22,11,ἐν,ἐν,P-.--------,,SBLGNT,GNT
48,Galatians,1,22,Galatians 1:22,12,Χριστῷ,Χριστός,N-.----DSM-,,SBLGNT,GNT
48,Galatians,1,23,Galatians 1:23,1,μόνον,μόνος,A-.----ASN-,,SBLGNT,GNT
48,Galatians,1,23,Galatians 1:23,2,δέ,δέ,C-.--------,,SBLGNT,GNT
48,Galatians,1,23,Galatians 1:23,3,ἀκούοντες,ἀκούω,V-.-PAPNPM-,,SBLGNT,GNT
48,Galatians,1,23,Galatians 1:23,4,ἦσαν,εἰμί,V-.3IAI-P--,,SBLGNT,GNT
48,Galatians,1,23,Galatians 1:23,5,ὅτι,ὅτι,C-.--------,,SBLGNT,GNT
48,Galatians,1,23,Galatians 1:23,6,ὁ,ὁ,RA.----NSM-,,SBLGNT,GNT
48,Galatians,1,23,Galatians 1:23,7,διώκων,διώκω,V-.-PAPNSM-,,SBLGNT,GNT
48,Galatians,1,23,Galatians 1:23,8,ἡμᾶς,ἐγώ,RP.----AP--,,SBLGNT,GNT
48,Galatians,1,23,Galatians 1:23,9,ποτέ,ποτέ,D-.--------,,SBLGNT,GNT
48,Galatians,1,23,Galatians 1:23,10,νῦν,νῦν,D-.--------,,SBLGNT,GNT
48,Galatians,1,23,Galatians 1:23,11,εὐαγγελίζεται,εὐαγγελίζω,V-.3PMI-S--,,SBLGNT,GNT
48,Galatians,1,23,Galatians 1:23,12,τήν,ὁ,RA.----ASF-,,SBLGNT,GNT
48,Galatians,1,23,Galatians 1:23,13,πίστιν,πίστις,N-.----ASF-,,SBLGNT,GNT
48,Galatians,1,23,Galatians 1:23,14,ἥν,ὅς,RR.----ASF-,,SBLGNT,GNT
48,Galatians,1,23,Galatians 1:23,15,ποτέ,ποτέ,D-.--------,,SBLGNT,GNT
48,Galatians,1,23,Galatians 1:23,16,ἐπόρθει,πορθέω,V-.3IAI-S--,,SBLGNT,GNT
48,Galatians,1,24,Galatians 1:24,1,καί,καί,C-.--------,,SBLGNT,GNT
48,Galatians,1,24,Galatians 1:24,2,ἐδόξαζον,δοξάζω,V-.3IAI-P--,,SBLGNT,GNT
48,Galatians,1,24,Galatians 1:24,3,ἐν,ἐν,P-.--------,,SBLGNT,GNT
48,Galatians,1,24,Galatians 1:24,4,ἐμοί,ἐγώ,RP.----DS--,,SBLGNT,GNT
48,Galatians,1,24,Galatians 1:24,5,τόν,ὁ,RA.----ASM-,,SBLGNT,GNT
48,Galatians,1,24,Galatians 1:24,6,θεόν,θεός,N-.----ASM-,,SBLGNT,GNT
48,Galatians,2,1,Galatians 2:1,1,ἔπειτα,ἔπειτα,D-.--------,,SBLGNT,GNT
48,Galatians,2,1,Galatians 2:1,2,διά,διά,P-.--------,,SBLGNT,GNT
48,Galatians,2,1,Galatians 2:1,3,δεκατεσσάρων,δεκατέσσαρες,A-.----GPN-,,SBLGNT,GNT
48,Galatians,2,1,Galatians 2:1,4,ἐτῶν,ἔτος,N-.----GPN-,,SBLGNT,GNT
48,Galatians,2,1,Galatians 2:1,5,πάλιν,πάλιν,D-.--------,,SBLGNT,GNT
48,Galatians,2,1,Galatians 2:1,6,ἀνέβην,ἀναβαίνω,V-.1AAI-S--,,SBLGNT,GNT
48,Galatians,2,1,Galatians 2:1,7,εἰς,εἰς,P-.--------,,SBLGNT,GNT
48,Galatians,2,1,Galatians 2:1,8,Ἱεροσόλυμα,Ἱεροσόλυμα,N-.----APN-,,SBLGNT,GNT
48,Galatians,2,1,Galatians 2:1,9,μετά,μετά,P-.--------,,SBLGNT,GNT
48,Galatians,2,1,Galatians 2:1,10,Βαρναβᾶ,Βαρναβᾶς,N-.----GSM-,,SBLGNT,GNT
48,Galatians,2,1,Galatians 2:1,11,συμπαραλαβών,συμπαραλαμβάνω,V-.-AAPNSM-,,SBLGNT,GNT
48,Galatians,2,1,Galatians 2:1,12,καί,καί,D-.--------,,SBLGNT,GNT
48,Galatians,2,1,Galatians 2:1,13,Τίτον,Τίτος,N-.----ASM-,,SBLGNT,GNT
48,Galatians,2,2,Galatians 2:2,1,ἀνέβην,ἀναβαίνω,V-.1AAI-S--,,SBLGNT,GNT
48,Galatians,2,2,Galatians 2:2,2,δέ,δέ,C-.--------,,SBLGNT,GNT
48,Galatians,2,2,Galatians 2:2,3,κατά,κατά,P-.--------,,SBLGNT,GNT
48,Galatians,2,2,Galatians 2:2,4,ἀποκάλυψιν,ἀποκάλυψις,N-.----ASF-,,SBLGNT,GNT
48,Galatians,2,2,Galatians 2:2,5,καί,καί,C-.--------,,SBLGNT,GNT
48,Galatians,2,2,Galatians 2:2,6,ἀνεθέμην,ἀνατίθεμαι,V-.1AMI-S--,,SBLGNT,GNT
48,Galatians,2,2,Galatians 2:2,7,αὐτοῖς,αὐτός,RP.----DPM-,,SBLGNT,GNT
48,Galatians,2,2,Galatians 2:2,8,τό,ὁ,RA.----ASN-,,SBLGNT,GNT
48,Galatians,2,2,Galatians 2:2,9,εὐαγγέλιον,εὐαγγέλιον,N-.----ASN-,,SBLGNT,GNT
48,Galatians,2,2,Galatians 2:2,10,ὅ,ὅς,RR.----ASN-,,SBLGNT,GNT
48,Galatians,2,2,Galatians 2:2,11,κηρύσσω,κηρύσσω,V-.1PAI-S--,,SBLGNT,GNT
48,Galatians,2,2,Galatians 2:2,12,ἐν,ἐν,P-.--------,,SBLGNT,GNT
48,Galatians,2,2,Galatians 2:2,13,τοῖς,ὁ,RA.----DPN-,,SBLGNT,GNT
48,Galatians,2,2,Galatians 2:2,14,ἔθνεσι(ν),ἔθνος,N-.----DPN-,,SBLGNT,GNT
48,Galatians,2,2,Galatians 2:2,15,κατά,κατά,P-.--------,,SBLGNT,GNT
48,Galatians,2,2,Galatians 2:2,16,ἰδίαν,ἴδιος,A-.----ASF-,,SBLGNT,GNT
48,Galatians,2,2,Galatians 2:2,17,δέ,δέ,C-.--------,,SBLGNT,GNT
48,Galatians,2,2,Galatians 2:2,18,τοῖς,ὁ,RA.----DPM-,,SBLGNT,GNT
48,Galatians,2,2,Galatians 2:2,19,δοκοῦσι(ν),δοκέω,V-.-PAPDPM-,,SBLGNT,GNT
48,Galatians,2,2,Galatians 2:2,20,μή,μή,C-.--------,,SBLGNT,GNT
48,Galatians,2,2,Galatians 2:2,21,πώς,πώς,D-.--------,,SBLGNT,GNT
48,Galatians,2,2,Galatians 2:2,22,εἰς,εἰς,P-.--------,,SBLGNT,GNT
48,Galatians,2,2,Galatians 2:2,23,κενόν,κενός,A-.----ASN-,,SBLGNT,GNT
48,Galatians,2,2,Galatians 2:2,24,τρέχω,τρέχω,V-.1PAS-S--,,SBLGNT,GNT
48,Galatians,2,2,Galatians 2:2,25,ἤ,ἤ,C-.--------,,SBLGNT,GNT
48,Galatians,2,2,Galatians 2:2,26,ἔδραμον,τρέχω,V-.1AAI-S--,,SBLGNT,GNT
48,Galatians,2,3,Galatians 2:3,1,ἀλλά,ἀλλά,C-.--------,,SBLGNT,GNT
48,Galatians,2,3,Galatians 2:3,2,οὐδέ,οὐδέ,D-.--------,,SBLGNT,GNT
48,Galatians,2,3,Galatians 2:3,3,Τίτος,Τίτος,N-.----NSM-,,SBLGNT,GNT
48,Galatians,2,3,Galatians 2:3,4,ὁ,ὁ,RA.----NSM-,,SBLGNT,GNT
48,Galatians,2,3,Galatians 2:3,5,σύν,σύν,P-.--------,,SBLGNT,GNT
48,Galatians,2,3,Galatians 2:3,6,ἐμοί,ἐγώ,RP.----DS--,,SBLGNT,GNT
48,Galatians,2,3,Galatians 2:3,7,Ἕλλην,Ἕλλην,N-.----NSM-,,SBLGNT,GNT
48,Galatians,2,3,Galatians 2:3,8,ὤν,εἰμί,V-.-PAPNSM-,,SBLGNT,GNT
48,Galatians,2,3,Galatians 2:3,9,ἠναγκάσθη,ἀναγκάζω,V-.3API-S--,,SBLGNT,GNT
48,Galatians,2,3,Galatians 2:3,10,περιτμηθῆναι,περιτέμνω,V-.-APN----,,SBLGNT,GNT
48,Galatians,2,4,Galatians 2:4,1,διά,διά,P-.--------,,SBLGNT,GNT
48,Galatians,2,4,Galatians 2:4,2,δέ,δέ,C-.--------,,SBLGNT,GNT
48,Galatians,2,4,Galatians 2:4,3,τούς,ὁ,RA.----APM-,,SBLGNT,GNT
48,Galatians,2,4,Galatians 2:4,4,παρεισάκτους,παρείσακτος,A-.----APM-,,SBLGNT,GNT
48,Galatians,2,4,Galatians 2:4,5,ψευδαδέλφους,ψευδάδελφος,N-.----APM-,,SBLGNT,GNT
48,Galatians,2,4,Galatians 2:4,6,οἵτινες,ὅστις,RR.----NPM-,,SBLGNT,GNT
48,Galatians,2,4,Galatians 2:4,7,παρεισῆλθον,παρεισέρχομαι,V-.3AAI-P--,,SBLGNT,GNT
48,Galatians,2,4,Galatians 2:4,8,κατασκοπῆσαι,κατασκοπέω,V-.-AAN----,,SBLGNT,GNT
48,Galatians,2,4,Galatians 2:4,9,τήν,ὁ,RA.----ASF-,,SBLGNT,GNT
48,Galatians,2,4,Galatians 2:4,10,ἐλευθερίαν,ἐλευθερία,N-.----ASF-,,SBLGNT,GNT
48,Galatians,2,4,Galatians 2:4,11,ἡμῶν,ἐγώ,RP.----GP--,,SBLGNT,GNT
48,Galatians,2,4,Galatians 2:4,12,ἥν,ὅς,RR.----ASF-,,SBLGNT,GNT
48,Galatians,2,4,Galatians 2:4,13,ἔχομεν,ἔχω,V-.1PAI-P--,,SBLGNT,GNT
48,Galatians,2,4,Galatians 2:4,14,ἐν,ἐν,P-.--------,,SBLGNT,GNT
48,Galatians,2,4,Galatians 2:4,15,Χριστῷ,Χριστός,N-.----DSM-,,SBLGNT,GNT
48,Galatians,2,4,Galatians 2:4,16,Ἰησοῦ,Ἰησοῦς,N-.----DSM-,,SBLGNT,GNT
48,Galatians,2,4,Galatians 2:4,17,ἵνα,ἵνα,C-.--------,,SBLGNT,GNT
48,Galatians,2,4,Galatians 2:4,18,ἡμᾶς,ἐγώ,RP.----AP--,,SBLGNT,GNT
48,Galatians,2,4,Galatians 2:4,19,καταδουλώσουσι(ν),καταδουλόω,V-.3FAI-P--,,SBLGNT,GNT
48,Galatians,2,5,Galatians 2:5,1,οἷς,ὅς,RR.----DPM-,,SBLGNT,GNT
48,Galatians,2,5,Galatians 2:5,2,οὐδέ,οὐδέ,D-.--------,,SBLGNT,GNT
48,Galatians,2,5,Galatians 2:5,3,πρός,πρός,P-.--------,,SBLGNT,GNT
48,Galatians,2,5,Galatians 2:5,4,ὥραν,ὥρα,N-.----ASF-,,SBLGNT,GNT
48,Galatians,2,5,Galatians 2:5,5,εἴξαμεν,εἴκω,V-.1AAI-P--,,SBLGNT,GNT
48,Galatians,2,5,Galatians 2:5,6,τῇ,ὁ,RA.----DSF-,,SBLGNT,GNT
48,Galatians,2,5,Galatians 2:5,7,ὑποταγῇ,ὑποταγή,N-.----DSF-,,SBLGNT,GNT
48,Galatians,2,5,Galatians 2:5,8,ἵνα,ἵνα,C-.--------,,SBLGNT,GNT
48,Galatians,2,5,Galatians 2:5,9,ἡ,ὁ,RA.----NSF-,,SBLGNT,GNT
48,Galatians,2,5,Galatians 2:5,10,ἀλήθεια,ἀλήθεια,N-.----NSF-,,SBLGNT,GNT
48,Galatians,2,5,Galatians 2:5,11,τοῦ,ὁ,RA.----GSN-,,SBLGNT,GNT
48,Galatians,2,5,Galatians 2:5,12,εὐαγγελίου,εὐαγγέλιον,N-.----GSN-,,SBLGNT,GNT
48,Galatians,2,5,Galatians 2:5,13,διαμείνῃ,διαμένω,V-.3AAS-S--,,SBLGNT,GNT
48,Galatians,2,5,Galatians 2:5,14,πρός,πρός,P-.--------,,SBLGNT,GNT
48,Galatians,2,5,Galatians 2:5,15,ὑμᾶς,σύ,RP.----AP--,,SBLGNT,GNT
48,Galatians,2,6,Galatians 2:6,1,ἀπό,ἀπό,P-.--------,,SBLGNT,GNT
48,Galatians,2,6,Galatians 2:6,2,δέ,δέ,C-.--------,,SBLGNT,GNT
48,Galatians,2,6,Galatians 2:6,3,τῶν,ὁ,RA.----GPM-,,SBLGNT,GNT
48,Galatians,2,6,Galatians 2:6,4,δοκούντων,δοκέω,V-.-PAPGPM-,,SBLGNT,GNT
48,Galatians,2,6,Galatians 2:6,5,εἶναι,εἰμί,V-.-PAN----,,SBLGNT,GNT
48,Galatians,2,6,Galatians 2:6,6,τὶ,τις,RI.----ASN-,,SBLGNT,GNT
48,Galatians,2,6,Galatians 2:6,7,ὁποῖοι,ὁποῖος,RI.----NPM-,,SBLGNT,GNT
48,Galatians,2,6,Galatians 2:6,8,ποτέ,ποτέ,D-.--------,,SBLGNT,GNT
48,Galatians,2,6,Galatians 2:6,9,ἦσαν,εἰμί,V-.3IAI-P--,,SBLGNT,GNT
48,Galatians,2,6,Galatians 2:6,10,οὐδέν,οὐδείς,A-.----ASN-,,SBLGNT,GNT
48,Galatians,2,6,Galatians 2:6,11,μοι,ἐγώ,RP.----DS--,,SBLGNT,GNT
48,Galatians,2,6,Galatians 2:6,12,διαφέρει,διαφέρω,V-.3PAI-S--,,SBLGNT,GNT
48,Galatians,2,6,Galatians 2:6,13,πρόσωπον,πρόσωπον,N-.----ASN-,,SBLGNT,GNT
48,Galatians,2,6,Galatians 2:6,14,θεός,θεός,N-.----NSM-,,SBLGNT,GNT
48,Galatians,2,6,Galatians 2:6,15,ἀνθρώπου,ἄνθρωπος,N-.----GSM-,,SBLGNT,GNT
48,Galatians,2,6,Galatians 2:6,16,οὐ,οὐ,D-.--------,,SBLGNT,GNT
48,Galatians,2,6,Galatians 2:6,17,λαμβάνει,λαμβάνω,V-.3PAI-S--,,SBLGNT,GNT
48,Galatians,2,6,Galatians 2:6,18,ἐμοί,ἐγώ,RP.----DS--,,SBLGNT,GNT
48,Galatians,2,6,Galatians 2:6,19,γάρ,γάρ,C-.--------,,SBLGNT,GNT
48,Galatians,2,6,Galatians 2:6,20,οἱ,ὁ,RA.----NPM-,,SBLGNT,GNT
48,Galatians,2,6,Galatians 2:6,21,δοκοῦντες,δοκέω,V-.-PAPNPM-,,SBLGNT,GNT
48,Galatians,2,6,Galatians 2:6,22,οὐδέν,οὐδείς,A-.----ASN-,,SBLGNT,GNT
48,Galatians,2,6,Galatians 2:6,23,προσανέθεντο,προσανατίθημι,V-.3AMI-P--,,SBLGNT,GNT
48,Galatians,2,7,Galatians 2:7,1,ἀλλά,ἀλλά,C-.--------,,SBLGNT,GNT
48,Galatians,2,7,Galatians 2:7,2,τοὐναντίον,τοὐναντίον,N-.----ASN-,,SBLGNT,GNT
48,Galatians,2,7,Galatians 2:7,3,ἰδόντες,ὁράω,V-.-AAPNPM-,,SBLGNT,GNT
48,Galatians,2,7,Galatians 2:7,4,ὅτι,ὅτι,C-.--------,,SBLGNT,GNT
48,Galatians,2,7,Galatians 2:7,5,πεπίστευμαι,πιστεύω,V-.1XPI-S--,,SBLGNT,GNT
48,Galatians,2,7,Galatians 2:7,6,τό,ὁ,RA.----ASN-,,SBLGNT,GNT
48,Galatians,2,7,Galatians 2:7,7,εὐαγγέλιον,εὐαγγέλιον,N-.----ASN-,,SBLGNT,GNT
48,Galatians,2,7,Galatians 2:7,8,τῆς,ὁ,RA.----GSF-,,SBLGNT,GNT
48,Galatians,2,7,Galatians 2:7,9,ἀκροβυστίας,ἀκροβυστία,N-.----GSF-,,SBLGNT,GNT
48,Galatians,2,7,Galatians 2:7,10,καθώς,καθώς,C-.--------,,SBLGNT,GNT
48,Galatians,2,7,Galatians 2:7,11,Πέτρος,Πέτρος,N-.----NSM-,,SBLGNT,GNT
48,Galatians,2,7,Galatians 2:7,12,τῆς,ὁ,RA.----GSF-,,SBLGNT,GNT
48,Galatians,2,7,Galatians 2:7,13,περιτομῆς,περιτομή,N-.----GSF-,,SBLGNT,GNT
48,Galatians,2,8,Galatians 2:8,1,ὁ,ὁ,RA.----NSM-,,SBLGNT,GNT
48,Galatians,2,8,Galatians 2:8,2,γάρ,γάρ,C-.--------,,SBLGNT,GNT
48,Galatians,2,8,Galatians 2:8,3,ἐνεργήσας,ἐνεργέω,V-.-AAPNSM-,,SBLGNT,GNT
48,Galatians,2,8,Galatians 2:8,4,Πέτρῳ,Πέτρος,N-.----DSM-,,SBLGNT,GNT
48,Galatians,2,8,Galatians 2:8,5,εἰς,εἰς,P-.--------,,SBLGNT,GNT
48,Galatians,2,8,Galatians 2:8,6,ἀποστολήν,ἀποστολή,N-.----ASF-,,SBLGNT,GNT
48,Galatians,2,8,Galatians 2:8,7,τῆς,ὁ,RA.----GSF-,,SBLGNT,GNT
48,Galatians,2,8,Galatians 2:8,8,περιτομῆς,περιτομή,N-.----GSF-,,SBLGNT,GNT
48,Galatians,2,8,Galatians 2:8,9,ἐνήργησε(ν),ἐνεργέω,V-.3AAI-S--,,SBLGNT,GNT
48,Galatians,2,8,Galatians 2:8,10,καί,καί,D-.--------,,SBLGNT,GNT
48,Galatians,2,8,Galatians 2:8,11,ἐμοί,ἐγώ,RP.----DS--,,SBLGNT,GNT
48,Galatians,2,8,Galatians 2:8,12,εἰς,εἰς,P-.--------,,SBLGNT,GNT
48,Galatians,2,8,Galatians 2:8,13,τά,ὁ,RA.----APN-,,SBLGNT,GNT
48,Galatians,2,8,Galatians 2:8,14,ἔθνη,ἔθνος,N-.----APN-,,SBLGNT,GNT
48,Galatians,2,9,Galatians 2:9,1,καί,καί,C-.--------,,SBLGNT,GNT
48,Galatians,2,9,Galatians 2:9,2,γνόντες,γινώσκω,V-.-AAPNPM-,,SBLGNT,GNT
48,Galatians,2,9,Galatians 2:9,3,τήν,ὁ,RA.----ASF-,,SBLGNT,GNT
48,Galatians,2,9,Galatians 2:9,4,χάριν,χάρις,N-.----ASF-,,SBLGNT,GNT
48,Galatians,2,9,Galatians 2:9,5,τήν,ὁ,RA.----ASF-,,SBLGNT,GNT
48,Galatians,2,9,Galatians 2:9,6,δοθεῖσαν,δίδωμι,V-.-APPASF-,,SBLGNT,GNT
48,Galatians,2,9,Galatians 2:9,7,μοι,ἐγώ,RP.----DS--,,SBLGNT,GNT
48,Galatians,2,9,Galatians 2:9,8,Ἰάκωβος,Ἰάκωβος,N-.----NSM-,,SBLGNT,GNT
48,Galatians,2,9,Galatians 2:9,9,καί,καί,C-.--------,,SBLGNT,GNT
48,Galatians,2,9,Galatians 2:9,10,Κηφᾶς,Κηφᾶς,N-.----NSM-,,SBLGNT,GNT
48,Galatians,2,9,Galatians 2:9,11,καί,καί,C-.--------,,SBLGNT,GNT
48,Galatians,2,9,Galatians 2:9,12,Ἰωάννης,Ἰωάννης,N-.----NSM-,,SBLGNT,GNT
48,Galatians,2,9,Galatians 2:9,13,οἱ,ὁ,RA.----NPM-,,SBLGNT,GNT
48,Galatians,2,9,Galatians 2:9,14,δοκοῦντες,δοκέω,V-.-PAPNPM-,,SBLGNT,GNT
48,Galatians,2,9,Galatians 2:9,15,στῦλοι,στῦλος,N-.----NPM-,,SBLGNT,GNT
48,Galatians,2,9,Galatians 2:9,16,εἶναι,εἰμί,V-.-PAN----,,SBLGNT,GNT
48,Galatians,2,9,Galatians 2:9,17,δεξιάς,δεξιός,A-.----APF-,,SBLGNT,GNT
48,Galatians,2,9,Galatians 2:9,18,ἔδωκαν,δίδωμι,V-.3AAI-P--,,SBLGNT,GNT
48,Galatians,2,9,Galatians 2:9,19,ἐμοί,ἐγώ,RP.----DS--,,SBLGNT,GNT
48,Galatians,2,9,Galatians 2:9,20,καί,καί,C-.--------,,SBLGNT,GNT
48,Galatians,2,9,Galatians 2:9,21,Βαρναβᾷ,Βαρναβᾶς,N-.----DSM-,,SBLGNT,GNT
48,Galatians,2,9,Galatians 2:9,22,κοινωνίας,κοινωνία,N-.----GSF-,,SBLGNT,GNT
48,Galatians,2,9,Galatians 2:9,23,ἵνα,ἵνα,C-.--------,,SBLGNT,GNT
48,Galatians,2,9,Galatians 2:9,24,ἡμεῖς,ἐγώ,RP.----NP--,,SBLGNT,GNT
48,Galatians,2,9,Galatians 2:9,25,εἰς,εἰς,P-.--------,,SBLGNT,GNT
48,Galatians,2,9,Galatians 2:9,26,τά,ὁ,RA.----APN-,,SBLGNT,GNT
48,Galatians,2,9,Galatians 2:9,27,ἔθνη,ἔθνος,N-.----APN-,,SBLGNT,GNT
48,Galatians,2,9,Galatians 2:9,28,αὐτοί,αὐτός,RP.----NPM-,,SBLGNT,GNT
48,Galatians,2,9,Galatians 2:9,29,δέ,δέ,C-.--------,,SBLGNT,GNT
48,Galatians,2,9,Galatians 2:9,30,εἰς,εἰς,P-.--------,,SBLGNT,GNT
48,Galatians,2,9,Galatians 2:9,31,τήν,ὁ,RA.----ASF-,,SBLGNT,GNT
48,Galatians,2,9,Galatians 2:9,32,περιτομήν,περιτομή,N-.----ASF-,,SBLGNT,GNT
48,Galatians,2,10,Galatians 2:10,1,μόνον,μόνος,A-.----ASN-,,SBLGNT,GNT
48,Galatians,2,10,Galatians 2:10,2,τῶν,ὁ,RA.----GPM-,,SBLGNT,GNT
48,Galatians,2,10,Galatians 2:10,3,πτωχῶν,πτωχός,A-.----GPM-,,SBLGNT,GNT
48,Galatians,2,10,Galatians 2:10,4,ἵνα,ἵνα,C-.--------,,SBLGNT,GNT
48,Galatians,2,10,Galatians 2:10,5,μνημονεύωμεν,μνημονεύω,V-.1PAS-P--,,SBLGNT,GNT
48,Galatians,2,10,Galatians 2:10,6,ὅ,ὅς,RR.----ASN-,,SBLGNT,GNT
48,Galatians,2,10,Galatians 2:10,7,καί,καί,D-.--------,,SBLGNT,GNT
48,Galatians,2,10,Galatians 2:10,8,ἐσπούδασα,σπουδάζω,V-.1AAI-S--,,SBLGNT,GNT
48,Galatians,2,10,Galatians 2:10,9,αὐτό,αὐτός,A-.----ASN-,,SBLGNT,GNT
48,Galatians,2,10,Galatians 2:10,10,τοῦτο,οὗτος,RD.----ASN-,,SBLGNT,GNT
48,Galatians,2,10,Galatians 2:10,11,ποιῆσαι,ποιέω,V-.-AAN----,,SBLGNT,GNT
48,Galatians,2,11,Galatians 2:11,1,ὅτε,ὅτε,C-.--------,,SBLGNT,GNT
48,Galatians,2,11,Galatians 2:11,2,δέ,δέ,C-.--------,,SBLGNT,GNT
48,Galatians,2,11,Galatians 2:11,3,ἦλθε(ν),ἔρχομαι,V-.3AAI-S--,,SBLGNT,GNT
48,Galatians,2,11,Galatians 2:11,4,Κηφᾶς,Κηφᾶς,N-.----NSM-,,SBLGNT,GNT
48,Galatians,2,11,Galatians 2:11,5,εἰς,εἰς,P-.--------,,SBLGNT,GNT
48,Galatians,2,11,Galatians 2:11,6,Ἀντιόχειαν,Ἀντιόχεια,N-.----ASF-,,SBLGNT,GNT
48,Galatians,2,11,Galatians 2:11,7,κατά,κατά,P-.--------,,SBLGNT,GNT
48,Galatians,2,11,Galatians 2:11,8,πρόσωπον,πρόσωπον,N-.----ASN-,,SBLGNT,GNT
48,Galatians,2,11,Galatians 2:11,9,αὐτῷ,αὐτός,RP.----DSM-,,SBLGNT,GNT
48,Galatians,2,11,Galatians 2:11,10,ἀντέστην,ἀνθίστημι,V-.1AAI-S--,,SBLGNT,GNT
48,Galatians,2,11,Galatians 2:11,11,ὅτι,ὅτι,C-.--------,,SBLGNT,GNT
48,Galatians,2,11,Galatians 2:11,12,κατεγνωσμένος,καταγινώσκω,V-.-XPPNSM-,,SBLGNT,GNT
48,Galatians,2,11,Galatians 2:11,13,ἦν,εἰμί,V-.3IAI-S--,,SBLGNT,GNT
48,Galatians,2,12,Galatians 2:12,1,πρό,πρό,P-.--------,,SBLGNT,GNT
48,Galatians,2,12,Galatians 2:12,2,τοῦ,ὁ,RA.----GSN-,,SBLGNT,GNT
48,Galatians,2,12,Galatians 2:12,3,γάρ,γάρ,C-.--------,,SBLGNT,GNT
48,Galatians,2,12,Galatians 2:12,4,ἐλθεῖν,ἔρχομαι,V-.-AAN----,,SBLGNT,GNT
48,Galatians,2,12,Galatians 2:12,5,τινάς,τις,RI.----APM-,,SBLGNT,GNT
48,Galatians,2,12,Galatians 2:12,6,ἀπό,ἀπό,P-.--------,,SBLGNT,GNT
48,Galatians,2,12,Galatians 2:12,7,Ἰακώβου,Ἰάκωβος,N-.----GSM-,,SBLGNT,GNT
48,Galatians,2,12,Galatians 2:12,8,μετά,μετά,P-.--------,,SBLGNT,GNT
48,Galatians,2,12,Galatians 2:12,9,τῶν,ὁ,RA.----GPN-,,SBLGNT,GNT
48,Galatians,2,12,Galatians 2:12,10,ἐθνῶν,ἔθνος,N-.----GPN-,,SBLGNT,GNT
48,Galatians,2,12,Galatians 2:12,11,συνήσθιε(ν),συνεσθίω,V-.3IAI-S--,,SBLGNT,GNT
48,Galatians,2,12,Galatians 2:12,12,ὅτε,ὅτε,C-.--------,,SBLGNT,GNT
48,Galatians,2,12,Galatians 2:12,13,δέ,δέ,C-.--------,,SBLGNT,GNT
48,Galatians,2,12,Galatians 2:12,14,ἦλθον,ἔρχομαι,V-.3AAI-P--,,SBLGNT,GNT
48,Galatians,2,12,Galatians 2:12,15,ὑπέστελλε(ν),ὑποστέλλω,V-.3IAI-S--,,SBLGNT,GNT
48,Galatians,2,12,Galatians 2:12,16,καί,καί,C-.--------,,SBLGNT,GNT
48,Galatians,2,12,Galatians 2:12,17,ἀφώριζε(ν),ἀφορίζω,V-.3IAI-S--,,SBLGNT,GNT
48,Galatians,2,12,Galatians 2:12,18,ἑαυτόν,ἑαυτοῦ,RP.----ASM-,,SBLGNT,GNT
48,Galatians,2,12,Galatians 2:12,19,φοβούμενος,φοβέομαι,V-.-PMPNSM-,,SBLGNT,GNT
48,Galatians,2,12,Galatians 2:12,20,τούς,ὁ,RA.----APM-,,SBLGNT,GNT
48,Galatians,2,12,Galatians 2:12,21,ἐκ,ἐκ,P-.--------,,SBLGNT,GNT
48,Galatians,2,12,Galatians 2:12,22,περιτομῆς,περιτομή,N-.----GSF-,,SBLGNT,GNT
48,Galatians,2,13,Galatians 2:13,1,καί,καί,C-.--------,,SBLGNT,GNT
48,Galatians,2,13,Galatians 2:13,2,συνυπεκρίθησαν,συνυποκρίνομαι,V-.3API-P--,,SBLGNT,GNT
48,Galatians,2,13,Galatians 2:13,3,αὐτῷ,αὐτός,RP.----DSM-,,SBLGNT,GNT
48,Galatians,2,13,Galatians 2:13,4,καί,καί,D-.--------,,SBLGNT,GNT
48,Galatians,2,13,Galatians 2:13,5,οἱ,ὁ,RA.----NPM-,,SBLGNT,GNT
48,Galatians,2,13,Galatians 2:13,6,λοιποί,λοιπός,A-.----NPM-,,SBLGNT,GNT
48,Galatians,2,13,Galatians 2:13,7,Ἰουδαῖοι,Ἰουδαῖος,A-.----NPM-,,SBLGNT,GNT
48,Galatians,2,13,Galatians 2:13,8,ὥστε,ὥστε,C-.--------,,SBLGNT,GNT
48,Galatians,2,13,Galatians 2:13,9,καί,καί,D-.--------,,SBLGNT,GNT
48,Galatians,2,13,Galatians 2:13,10,Βαρναβᾶς,Βαρναβᾶς,N-.----NSM-,,SBLGNT,GNT
48,Galatians,2,13,Galatians 2:13,11,συναπήχθη,συναπάγω,V-.3API-S--,,SBLGNT,GNT
48,Galatians,2,13,Galatians 2:13,12,αὐτῶν,αὐτός,RP.----GPM-,,SBLGNT,GNT
48,Galatians,2,13,Galatians 2:13,13,τῇ,ὁ,RA.----DSF-,,SBLGNT,GNT
48,Galatians,2,13,Galatians 2:13,14,ὑποκρίσει,ὑπόκρισις,N-.----DSF-,,SBLGNT,GNT
48,Galatians,2,14,Galatians 2:14,1,ἀλλά,ἀλλά,C-.--------,,SBLGNT,GNT
48,Galatians,2,14,Galatians 2:14,2,ὅτε,ὅτε,C-.--------,,SBLGNT,GNT
48,Galatians,2,14,Galatians 2:14,3,εἶδον,ὁράω,V-.1AAI-S--,,SBLGNT,GNT
48,Galatians,2,14,Galatians 2:14,4,ὅτι,ὅτι,C-.--------,,SBLGNT,GNT
48,Galatians,2,14,Galatians 2:14,5,οὐ,οὐ,D-.--------,,SBLGNT,GNT
48,Galatians,2,14,Galatians 2:14,6,ὀρθοποδοῦσι(ν),ὀρθοποδέω,V-.3PAI-P--,,SBLGNT,GNT
48,Galatians,2,14,Galatians 2:14,7,πρός,πρός,P-.--------,,SBLGNT,GNT
48,Galatians,2,14,Galatians 2:14,8,τήν,ὁ,RA.----ASF-,,SBLGNT,GNT
48,Galatians,2,14,Galatians 2:14,9,ἀλήθειαν,ἀλήθεια,N-.----ASF-,,SBLGNT,GNT
48,Galatians,2,14,Galatians 2:14,10,τοῦ,ὁ,RA.----GSN-,,SBLGNT,GNT
48,Galatians,2,14,Galatians 2:14,11,εὐαγγελίου,εὐαγγέλιον,N-.----GSN-,,SBLGNT,GNT
48,Galatians,2,14,Galatians 2:14,12,εἶπον,λέγω,V-.1AAI-S--,,SBLGNT,GNT
48,Galatians,2,14,Galatians 2:14,13,τῷ,ὁ,RA.----DSM-,,SBLGNT,GNT
48,Galatians,2,14,Galatians 2:14,14,Κηφᾷ,Κηφᾶς,N-.----DSM-,,SBLGNT,GNT
48,Galatians,2,14,Galatians 2:14,15,ἔμπροσθεν,ἔμπροσθεν,P-.--------,,SBLGNT,GNT
48,Galatians,2,14,Galatians 2:14,16,πάντων,πᾶς,A-.----GPM-,,SBLGNT,GNT
48,Galatians,2,14,Galatians 2:14,17,εἰ,εἰ,C-.--------,,SBLGNT,GNT
48,Galatians,2,14,Galatians 2:14,18,σύ,σύ,RP.----NS--,,SBLGNT,GNT
48,Galatians,2,14,Galatians 2:14,19,Ἰουδαῖος,Ἰουδαῖος,A-.----NSM-,,SBLGNT,GNT
48,Galatians,2,14,Galatians 2:14,20,ὑπάρχων,ὑπάρχω,V-.-PAPNSM-,,SBLGNT,GNT
48,Galatians,2,14,Galatians 2:14,21,ἐθνικῶς,ἐθνικῶς,D-.--------,,SBLGNT,GNT
48,Galatians,2,14,Galatians 2:14,22,καί,καί,C-.--------,,SBLGNT,GNT
48,Galatians,2,14,Galatians 2:14,23,οὐ,οὐ,D-.--------,,SBLGNT,GNT
48,Galatians,2,14,Galatians 2:14,24,Ἰουδαϊκῶς,Ἰουδαϊκῶς,D-.--------,,SBLGNT,GNT
48,Galatians,2,14,Galatians 2:14,25,ζῇς,ζάω,V-.2PAI-S--,,SBLGNT,GNT
48,Galatians,2,14,Galatians 2:14,26,πῶς,πῶς,D-.--------,,SBLGNT,GNT
48,Galatians,2,14,Galatians 2:14,27,τά,ὁ,RA.----APN-,,SBLGNT,GNT
48,Galatians,2,14,Galatians 2:14,28,ἔθνη,ἔθνος,N-.----APN-,,SBLGNT,GNT
48,Galatians,2,14,Galatians 2:14,29,ἀναγκάζεις,ἀναγκάζω,V-.2PAI-S--,,SBLGNT,GNT
48,Galatians,2,14,Galatians 2:14,30,ἰουδαΐζειν,ἰουδαΐζω,V-.-PAN----,,SBLGNT,GNT
48,Galatians,2,15,Galatians 2:15,1,ἡμεῖς,ἐγώ,RP.----NP--,,SBLGNT,GNT
48,Galatians,2,15,Galatians 2:15,2,φύσει,φύσις,N-.----DSF-,,SBLGNT,GNT
48,Galatians,2,15,Galatians 2:15,3,Ἰουδαῖοι,Ἰουδαῖος,A-.----NPM-,,SBLGNT,GNT
48,Galatians,2,15,Galatians 2:15,4,καί,καί,C-.--------,,SBLGNT,GNT
48,Galatians,2,15,Galatians 2:15,5,οὐ,οὐ,D-.--------,,SBLGNT,GNT
48,Galatians,2,15,Galatians 2:15,6,ἐκ,ἐκ,P-.--------,,SBLGNT,GNT
48,Galatians,2,15,Galatians 2:15,7,ἐθνῶν,ἔθνος,N-.----GPN-,,SBLGNT,GNT
48,Galatians,2,15,Galatians 2:15,8,ἁμαρτωλοί,ἁμαρτωλός,A-.----NPM-,,SBLGNT,GNT
48,Galatians,2,16,Galatians 2:16,1,εἰδότες,οἶδα,V-.-XAPNPM-,,SBLGNT,GNT
48,Galatians,2,16,Galatians 2:16,2,δέ,δέ,C-.--------,,SBLGNT,GNT
48,Galatians,2,16,Galatians 2:16,3,ὅτι,ὅτι,C-.--------,,SBLGNT,GNT
48,Galatians,2,16,Galatians 2:16,4,οὐ,οὐ,D-.--------,,SBLGNT,GNT
48,Galatians,2,16,Galatians 2:16,5,δικαιοῦται,δικαιόω,V-.3PPI-S--,,SBLGNT,GNT
48,Galatians,2,16,Galatians 2:16,6,ἄνθρωπος,ἄνθρωπος,N-.----NSM-,,SBLGNT,GNT
48,Galatians,2,16,Galatians 2:16,7,ἐκ,ἐκ,P-.--------,,SBLGNT,GNT
48,Galatians,2,16,Galatians 2:16,8,ἔργων,ἔργον,N-.----GPN-,,SBLGNT,GNT
48,Galatians,2,16,Galatians 2:16,9,νόμου,νόμος,N-.----GSM-,,SBLGNT,GNT
48,Galatians,2,16,Galatians 2:16,10,ἐάν,ἐάν,C-.--------,,SBLGNT,GNT
48,Galatians,2,16,Galatians 2:16,11,μή,μή,D-.--------,,SBLGNT,GNT
48,Galatians,2,16,Galatians 2:16,12,διά,διά,P-.--------,,SBLGNT,GNT
48,Galatians,2,16,Galatians 2:16,13,πίστεως,πίστις,N-.----GSF-,,SBLGNT,GNT
48,Galatians,2,16,Galatians 2:16,14,Ἰησοῦ,Ἰησοῦς,N-.----GSM-,,SBLGNT,GNT
48,Galatians,2,16,Galatians 2:16,15,Χριστοῦ,Χριστός,N-.----GSM-,,SBLGNT,GNT
48,Galatians,2,16,Galatians 2:16,16,καί,καί,D-.--------,,SBLGNT,GNT
48,Galatians,2,16,Galatians 2:16,17,ἡμεῖς,ἐγώ,RP.----NP--,,SBLGNT,GNT
48,Galatians,2,16,Galatians 2:16,18,εἰς,εἰς,P-.--------,,SBLGNT,GNT
48,Galatians,2,16,Galatians 2:16,19,Χριστόν,Χριστός,N-.----ASM-,,SBLGNT,GNT
48,Galatians,2,16,Galatians 2:16,20,Ἰησοῦν,Ἰησοῦς,N-.----ASM-,,SBLGNT,GNT
48,Galatians,2,16,Galatians 2:16,21,ἐπιστεύσαμεν,πιστεύω,V-.1AAI-P--,,SBLGNT,GNT
48,Galatians,2,16,Galatians 2:16,22,ἵνα,ἵνα,C-.--------,,SBLGNT,GNT
48,Galatians,2,16,Galatians 2:16,23,δικαιωθῶμεν,δικαιόω,V-.1APS-P--,,SBLGNT,GNT
48,Galatians,2,16,Galatians 2:16,24,ἐκ,ἐκ,P-.--------,,SBLGNT,GNT
48,Galatians,2,16,Galatians 2:16,25,πίστεως,πίστις,N-.----GSF-,,SBLGNT,GNT
48,Galatians,2,16,Galatians 2:16,26,Χριστοῦ,Χριστός,N-.----GSM-,,SBLGNT,GNT
48,Galatians,2,16,Galatians 2:16,27,καί,καί,C-.--------,,SBLGNT,GNT
48,Galatians,2,16,Galatians 2:16,28,οὐ,οὐ,D-.--------,,SBLGNT,GNT
48,Galatians,2,16,Galatians 2:16,29,ἐκ,ἐκ,P-.--------,,SBLGNT,GNT
48,Galatians,2,16,Galatians 2:16,30,ἔργων,ἔργον,N-.----GPN-,,SBLGNT,GNT
48,Galatians,2,16,Galatians 2:16,31,νόμου,νόμος,N-.----GSM-,,SBLGNT,GNT
48,Galatians,2,16,Galatians 2:16,32,ὅτι,ὅτι,C-.--------,,SBLGNT,GNT
48,Galatians,2,16,Galatians 2:16,33,ἐκ,ἐκ,P-.--------,,SBLGNT,GNT
48,Galatians,2,16,Galatians 2:16,34,ἔργων,ἔργον,N-.----GPN-,,SBLGNT,GNT
48,Galatians,2,16,Galatians 2:16,35,νόμου,νόμος,N-.----GSM-,,SBLGNT,GNT
48,Galatians,2,16,Galatians 2:16,36,οὐ,οὐ,D-.--------,,SBLGNT,GNT
48,Galatians,2,16,Galatians 2:16,37,δικαιωθήσεται,δικαιόω,V-.3FPI-S--,,SBLGNT,GNT
48,Galatians,2,16,Galatians 2:16,38,πᾶσα,πᾶς,A-.----NSF-,,SBLGNT,GNT
48,Galatians,2,16,Galatians 2:16,39,σάρξ,σάρξ,N-.----NSF-,,SBLGNT,GNT
48,Galatians,2,17,Galatians 2:17,1,εἰ,εἰ,C-.--------,,SBLGNT,GNT
48,Galatians,2,17,Galatians 2:17,2,δέ,δέ,C-.--------,,SBLGNT,GNT
48,Galatians,2,17,Galatians 2:17,3,ζητοῦντες,ζητέω,V-.-PAPNPM-,,SBLGNT,GNT
48,Galatians,2,17,Galatians 2:17,4,δικαιωθῆναι,δικαιόω,V-.-APN----,,SBLGNT,GNT
48,Galatians,2,17,Galatians 2:17,5,ἐν,ἐν,P-.--------,,SBLGNT,GNT
48,Galatians,2,17,Galatians 2:17,6,Χριστῷ,Χριστός,N-.----DSM-,,SBLGNT,GNT
48,Galatians,2,17,Galatians 2:17,7,εὑρέθημεν,εὑρίσκω,V-.1API-P--,,SBLGNT,GNT
48,Galatians,2,17,Galatians 2:17,8,καί,καί,D-.--------,,SBLGNT,GNT
48,Galatians,2,17,Galatians 2:17,9,αὐτοί,αὐτός,RP.----NPM-,,SBLGNT,GNT
48,Galatians,2,17,Galatians 2:17,10,ἁμαρτωλοί,ἁμαρτωλός,A-.----NPM-,,SBLGNT,GNT
48,Galatians,2,17,Galatians 2:17,11,ἆρα,ἆρα,C-.--------,,SBLGNT,GNT
48,Galatians,2,17,Galatians 2:17,12,Χριστός,Χριστός,N-.----NSM-,,SBLGNT,GNT
48,Galatians,2,17,Galatians 2:17,13,ἁμαρτίας,ἁμαρτία,N-.----GSF-,,SBLGNT,GNT
48,Galatians,2,17,Galatians 2:17,14,διάκονος,διάκονος,N-.----NSM-,,SBLGNT,GNT
48,Galatians,2,17,Galatians 2:17,15,μή,μή,D-.--------,,SBLGNT,GNT
48,Galatians,2,17,Galatians 2:17,16,γένοιτο,γίνομαι,V-.3AMO-S--,,SBLGNT,GNT
48,Galatians,2,18,Galatians 2:18,1,εἰ,εἰ,C-.--------,,SBLGNT,GNT
48,Galatians,2,18,Galatians 2:18,2,γάρ,γάρ,C-.--------,,SBLGNT,GNT
48,Galatians,2,18,Galatians 2:18,3,ἅ,ὅς,RR.----APN-,,SBLGNT,GNT
48,Galatians,2,18,Galatians 2:18,4,κατέλυσα,καταλύω,V-.1AAI-S--,,SBLGNT,GNT
48,Galatians,2,18,Galatians 2:18,5,ταῦτα,οὗτος,RD.----APN-,,SBLGNT,GNT
48,Galatians,2,18,Galatians 2:18,6,πάλιν,πάλιν,D-.--------,,SBLGNT,GNT
48,Galatians,2,18,Galatians 2:18,7,οἰκοδομῶ,οἰκοδομέω,V-.1PAI-S--,,SBLGNT,GNT
48,Galatians,2,18,Galatians 2:18,8,παραβάτην,παραβάτης,N-.----ASM-,,SBLGNT,GNT
48,Galatians,2,18,Galatians 2:18,9,ἐμαυτόν,ἐμαυτοῦ,RP.----ASM-,,SBLGNT,GNT
48,Galatians,2,18,Galatians 2:18,10,συνιστάνω,συνιστάνω,V-.1PAI-S--,,SBLGNT,GNT
48,Galatians,2,19,Galatians 2:19,1,ἐγώ,ἐγώ,RP.----NS--,,SBLGNT,GNT
48,Galatians,2,19,Galatians 2:19,2,γάρ,γάρ,C-.--------,,SBLGNT,GNT
48,Galatians,2,19,Galatians 2:19,3,διά,διά,P-.--------,,SBLGNT,GNT
48,Galatians,2,19,Galatians 2:19,4,νόμου,νόμος,N-.----GSM-,,SBLGNT,GNT
48,Galatians,2,19,Galatians 2:19,5,νόμῳ,νόμος,N-.----DSM-,,SBLGNT,GNT
48,Galatians,2,19,Galatians 2:19,6,ἀπέθανον,ἀποθνῄσκω,V-.1AAI-S--,,SBLGNT,GNT
48,Galatians,2,19,Galatians 2:19,7,ἵνα,ἵνα,C-.--------,,SBLGNT,GNT
48,Galatians,2,19,Galatians 2:19,8,θεῷ,θεός,N-.----DSM-,,SBLGNT,GNT
48,Galatians,2,19,Galatians 2:19,9,ζήσω,ζάω,V-.1AAS-S--,,SBLGNT,GNT
48,Galatians,2,19,Galatians 2:19,10,Χριστῷ,Χριστός,N-.----DSM-,,SBLGNT,GNT
48,Galatians,2,19,Galatians 2:19,11,συνεσταύρωμαι,συσταυρόομαι,V-.1XPI-S--,,SBLGNT,GNT
48,Galatians,2,20,Galatians 2:20,1,ζῶ,ζάω,V-.1PAI-S--,,SBLGNT,GNT
48,Galatians,2,20,Galatians 2:20,2,δέ,δέ,C-.--------,,SBLGNT,GNT
48,Galatians,2,20,Galatians 2:20,3,οὐκέτι,οὐκέτι,D-.--------,,SBLGNT,GNT
48,Galatians,2,20,Galatians 2:20,4,ἐγώ,ἐγώ,RP.----NS--,,SBLGNT,GNT
48,Galatians,2,20,Galatians 2:20,5,ζῇ,ζάω,V-.3PAI-S--,,SBLGNT,GNT
48,Galatians,2,20,Galatians 2:20,6,δέ,δέ,C-.--------,,SBLGNT,GNT
48,Galatians,2,20,Galatians 2:20,7,ἐν,ἐν,P-.--------,,SBLGNT,GNT
48,Galatians,2,20,Galatians 2:20,8,ἐμοί,ἐγώ,RP.----DS--,,SBLGNT,GNT
48,Galatians,2,20,Galatians 2:20,9,Χριστός,Χριστός,N-.----NSM-,,SBLGNT,GNT
48,Galatians,2,20,Galatians 2:20,10,ὅ,ὅς,RR.----ASN-,,SBLGNT,GNT
48,Galatians,2,20,Galatians 2:20,11,δέ,δέ,C-.--------,,SBLGNT,GNT
48,Galatians,2,20,Galatians 2:20,12,νῦν,νῦν,D-.--------,,SBLGNT,GNT
48,Galatians,2,20,Galatians 2:20,13,ζῶ,ζάω,V-.1PAI-S--,,SBLGNT,GNT
48,Galatians,2,20,Galatians 2:20,14,ἐν,ἐν,P-.--------,,SBLGNT,GNT
48,Galatians,2,20,Galatians 2:20,15,σαρκί,σάρξ,N-.----DSF-,,SBLGNT,GNT
48,Galatians,2,20,Galatians 2:20,16,ἐν,ἐν,P-.--------,,SBLGNT,GNT
48,Galatians,2,20,Galatians 2:20,17,πίστει,πίστις,N-.----DSF-,,SBLGNT,GNT
48,Galatians,2,20,Galatians 2:20,18,ζῶ,ζάω,V-.1PAI-S--,,SBLGNT,GNT
48,Galatians,2,20,Galatians 2:20,19,τῇ,ὁ,RA.----DSF-,,SBLGNT,GNT
48,Galatians,2,20,Galatians 2:20,20,τοῦ,ὁ,RA.----GSM-,,SBLGNT,GNT
48,Galatians,2,20,Galatians 2:20,21,υἱοῦ,υἱός,N-.----GSM-,,SBLGNT,GNT
48,Galatians,2,20,Galatians 2:20,22,τοῦ,ὁ,RA.----GSM-,,SBLGNT,GNT
48,Galatians,2,20,Galatians 2:20,23,θεοῦ,θεός,N-.----GSM-,,SBLGNT,GNT
48,Galatians,2,20,Galatians 2:20,24,τοῦ,ὁ,RA.----GSM-,,SBLGNT,GNT
48,Galatians,2,20,Galatians 2:20,25,ἀγαπήσαντος,ἀγαπάω,V-.-AAPGSM-,,SBLGNT,GNT
48,Galatians,2,20,Galatians 2:20,26,με,ἐγώ,RP.----AS--,,SBLGNT,GNT
48,Galatians,2,20,Galatians 2:20,27,καί,καί,C-.--------,,SBLGNT,GNT
48,Galatians,2,20,Galatians 2:20,28,παραδόντος,παραδίδωμι,V-.-AAPGSM-,,SBLGNT,GNT
48,Galatians,2,20,Galatians 2:20,29,ἑαυτόν,ἑαυτοῦ,RP.----ASM-,,SBLGNT,GNT
48,Galatians,2,20,Galatians 2:20,30,ὑπέρ,ὑπέρ,P-.--------,,SBLGNT,GNT
48,Galatians,2,20,Galatians 2:20,31,ἐμοῦ,ἐγώ,RP.----GS--,,SBLGNT,GNT
48,Galatians,2,21,Galatians 2:21,1,οὐ,οὐ,D-.--------,,SBLGNT,GNT
48,Galatians,2,21,Galatians 2:21,2,ἀθετῶ,ἀθετέω,V-.1PAI-S--,,SBLGNT,GNT
48,Galatians,2,21,Galatians 2:21,3,τήν,ὁ,RA.----ASF-,,SBLGNT,GNT
48,Galatians,2,21,Galatians 2:21,4,χάριν,χάρις,N-.----ASF-,,SBLGNT,GNT
48,Galatians,2,21,Galatians 2:21,5,τοῦ,ὁ,RA.----GSM-,,SBLGNT,GNT
48,Galatians,2,21,Galatians 2:21,6,θεοῦ,θεός,N-.----GSM-,,SBLGNT,GNT
48,Galatians,2,21,Galatians 2:21,7,εἰ,εἰ,C-.--------,,SBLGNT,GNT
48,Galatians,2,21,Galatians 2:21,8,γάρ,γάρ,C-.--------,,SBLGNT,GNT
48,Galatians,2,21,Galatians 2:21,9,διά,διά,P-.--------,,SBLGNT,GNT
48,Galatians,2,21,Galatians 2:21,10,νόμου,νόμος,N-.----GSM-,,SBLGNT,GNT
48,Galatians,2,21,Galatians 2:21,11,δικαιοσύνη,δικαιοσύνη,N-.----NSF-,,SBLGNT,GNT
48,Galatians,2,21,Galatians 2:21,12,ἄρα,ἄρα,C-.--------,,SBLGNT,GNT
48,Galatians,2,21,Galatians 2:21,13,Χριστός,Χριστός,N-.----NSM-,,SBLGNT,GNT
48,Galatians,2,21,Galatians 2:21,14,δωρεάν,δωρεάν,D-.--------,,SBLGNT,GNT
48,Galatians,2,21,Galatians 2:21,15,ἀπέθανε(ν),ἀποθνῄσκω,V-.3AAI-S--,,SBLGNT,GNT
48,Galatians,3,1,Galatians 3:1,1,ὦ,ὦ,X-.--------,,SBLGNT,GNT
48,Galatians,3,1,Galatians 3:1,2,ἀνόητοι,ἀνόητος,A-.----VPM-,,SBLGNT,GNT
48,Galatians,3,1,Galatians 3:1,3,Γαλάται,Γαλάτης,N-.----VPM-,,SBLGNT,GNT
48,Galatians,3,1,Galatians 3:1,4,τίς,τίς,RI.----NSM-,,SBLGNT,GNT
48,Galatians,3,1,Galatians 3:1,5,ὑμᾶς,σύ,RP.----AP--,,SBLGNT,GNT
48,Galatians,3,1,Galatians 3:1,6,ἐβάσκανε(ν),βασκαίνω,V-.3AAI-S--,,SBLGNT,GNT
48,Galatians,3,1,Galatians 3:1,7,οἷς,ὅς,RR.----DPM-,,SBLGNT,GNT
48,Galatians,3,1,Galatians 3:1,8,κατά,κατά,P-.--------,,SBLGNT,GNT
48,Galatians,3,1,Galatians 3:1,9,ὀφθαλμούς,ὀφθαλμός,N-.----APM-,,SBLGNT,GNT
48,Galatians,3,1,Galatians 3:1,10,Ἰησοῦς,Ἰησοῦς,N-.----NSM-,,SBLGNT,GNT
48,Galatians,3,1,Galatians 3:1,11,Χριστός,Χριστός,N-.----NSM-,,SBLGNT,GNT
48,Galatians,3,1,Galatians 3:1,12,προεγράφη,προγράφω,V-.3API-S--,,SBLGNT,GNT
48,Galatians,3,1,Galatians 3:1,13,ἐσταυρωμένος,σταυρόω,V-.-XPPNSM-,,SBLGNT,GNT
48,Galatians,3,2,Galatians 3:2,1,τοῦτο,οὗτος,RD.----ASN-,,SBLGNT,GNT
48,Galatians,3,2,Galatians 3:2,2,μόνον,μόνος,A-.----ASN-,,SBLGNT,GNT
48,Galatians,3,2,Galatians 3:2,3,θέλω,θέλω,V-.1PAI-S--,,SBLGNT,GNT
48,Galatians,3,2,Galatians 3:2,4,μαθεῖν,μανθάνω,V-.-AAN----,,SBLGNT,GNT
48,Galatians,3,2,Galatians 3:2,5,ἀπό,ἀπό,P-.--------,,SBLGNT,GNT
48,Galatians,3,2,Galatians 3:2,6,ὑμῶν,σύ,RP.----GP--,,SBLGNT,GNT
48,Galatians,3,2,Galatians 3:2,7,ἐκ,ἐκ,P-.--------,,SBLGNT,GNT
48,Galatians,3,2,Galatians 3:2,8,ἔργων,ἔργον,N-.----GPN-,,SBLGNT,GNT
48,Galatians,3,2,Galatians 3:2,9,νόμου,νόμος,N-.----GSM-,,SBLGNT,GNT
48,Galatians,3,2,Galatians 3:2,10,τό,ὁ,RA.----ASN-,,SBLGNT,GNT
48,Galatians,3,2,Galatians 3:2,11,πνεῦμα,πνεῦμα,N-.----ASN-,,SBLGNT,GNT
48,Galatians,3,2,Galatians 3:2,12,ἐλάβετε,λαμβάνω,V-.2AAI-P--,,SBLGNT,GNT
48,Galatians,3,2,Galatians 3:2,13,ἤ,ἤ,C-.--------,,SBLGNT,GNT
48,Galatians,3,2,Galatians 3:2,14,ἐκ,ἐκ,P-.--------,,SBLGNT,GNT
48,Galatians,3,2,Galatians 3:2,15,ἀκοῆς,ἀκοή,N-.----GSF-,,SBLGNT,GNT
48,Galatians,3,2,Galatians 3:2,16,πίστεως,πίστις,N-.----GSF-,,SBLGNT,GNT
48,Galatians,3,3,Galatians 3:3,1,οὕτω(ς),οὕτω(ς),D-.--------,,SBLGNT,GNT
48,Galatians,3,3,Galatians 3:3,2,ἀνόητοι,ἀνόητος,A-.----NPM-,,SBLGNT,GNT
48,Galatians,3,3,Galatians 3:3,3,ἐστέ,εἰμί,V-.2PAI-P--,,SBLGNT,GNT
48,Galatians,3,3,Galatians 3:3,4,ἐναρξάμενοι,ἐνάρχομαι,V-.-AMPNPM-,,SBLGNT,GNT
48,Galatians,3,3,Galatians 3:3,5,πνεύματι,πνεῦμα,N-.----DSN-,,SBLGNT,GNT
48,Galatians,3,3,Galatians 3:3,6,νῦν,νῦν,D-.--------,,SBLGNT,GNT
48,Galatians,3,3,Galatians 3:3,7,σαρκί,σάρξ,N-.----DSF-,,SBLGNT,GNT
48,Galatians,3,3,Galatians 3:3,8,ἐπιτελεῖσθε,ἐπιτελέω,V-.2PMI-P--,,SBLGNT,GNT
48,Galatians,3,4,Galatians 3:4,1,τοσαῦτα,τοσοῦτος,RD.----APN-,,SBLGNT,GNT
48,Galatians,3,4,Galatians 3:4,2,ἐπάθετε,πάσχω,V-.2AAI-P--,,SBLGNT,GNT
48,Galatians,3,4,Galatians 3:4,3,εἰκῇ,εἰκῇ,D-.--------,,SBLGNT,GNT
48,Galatians,3,4,Galatians 3:4,4,εἰ,εἰ,C-.--------,,SBLGNT,GNT
48,Galatians,3,4,Galatians 3:4,5,γέ,γέ,X-.--------,,SBLGNT,GNT
48,Galatians,3,4,Galatians 3:4,6,καί,καί,D-.--------,,SBLGNT,GNT
48,Galatians,3,4,Galatians 3:4,7,εἰκῇ,εἰκῇ,D-.--------,,SBLGNT,GNT
48,Galatians,3,5,Galatians 3:5,1,ὁ,ὁ,RA.----NSM-,,SBLGNT,GNT
48,Galatians,3,5,Galatians 3:5,2,οὖν,οὖν,C-.--------,,SBLGNT,GNT
48,Galatians,3,5,Galatians 3:5,3,ἐπιχορηγῶν,ἐπιχορηγέω,V-.-PAPNSM-,,SBLGNT,GNT
48,Galatians,3,5,Galatians 3:5,4,ὑμῖν,σύ,RP.----DP--,,SBLGNT,GNT
48,Galatians,3,5,Galatians 3:5,5,τό,ὁ,RA.----ASN-,,SBLGNT,GNT
48,Galatians,3,5,Galatians 3:5,6,πνεῦμα,πνεῦμα,N-.----ASN-,,SBLGNT,GNT
48,Galatians,3,5,Galatians 3:5,7,καί,καί,C-.--------,,SBLGNT,GNT
48,Galatians,3,5,Galatians 3:5,8,ἐνεργῶν,ἐνεργέω,V-.-PAPNSM-,,SBLGNT,GNT
48,Galatians,3,5,Galatians 3:5,9,δυνάμεις,δύναμις,N-.----APF-,,SBLGNT,GNT
48,Galatians,3,5,Galatians 3:5,10,ἐν,ἐν,P-.--------,,SBLGNT,GNT
48,Galatians,3,5,Galatians 3:5,11,ὑμῖν,σύ,RP.----DP--,,SBLGNT,GNT
48,Galatians,3,5,Galatians 3:5,12,ἐκ,ἐκ,P-.--------,,SBLGNT,GNT
48,Galatians,3,5,Galatians 3:5,13,ἔργων,ἔργον,N-.----GPN-,,SBLGNT,GNT
48,Galatians,3,5,Galatians 3:5,14,νόμου,νόμος,N-.----GSM-,,SBLGNT,GNT
48,Galatians,3,5,Galatians 3:5,15,ἤ,ἤ,C-.--------,,SBLGNT,GNT
48,Galatians,3,5,Galatians 3:5,16,ἐκ,ἐκ,P-.--------,,SBLGNT,GNT
48,Galatians,3,5,Galatians 3:5,17,ἀκοῆς,ἀκοή,N-.----GSF-,,SBLGNT,GNT
48,Galatians,3,5,Galatians 3:5,18,πίστεως,πίστις,N-.----GSF-,,SBLGNT,GNT
48,Galatians,3,6,Galatians 3:6,1,καθώς,καθώς,C-.--------,,SBLGNT,GNT
48,Galatians,3,6,Galatians 3:6,2,Ἀβραάμ,Ἀβραάμ,N-.----NSM-,,SBLGNT,GNT
48,Galatians,3,6,Galatians 3:6,3,ἐπίστευσε(ν),πιστεύω,V-.3AAI-S--,,SBLGNT,GNT
48,Galatians,3,6,Galatians 3:6,4,τῷ,ὁ,RA.----DSM-,,SBLGNT,GNT
48,Galatians,3,6,Galatians 3:6,5,θεῷ,θεός,N-.----DSM-,,SBLGNT,GNT
48,Galatians,3,6,Galatians 3:6,6,καί,καί,C-.--------,,SBLGNT,GNT
48,Galatians,3,6,Galatians 3:6,7,ἐλογίσθη,λογίζομαι,V-.3API-S--,,SBLGNT,GNT
48,Galatians,3,6,Galatians 3:6,8,αὐτῷ,αὐτός,RP.----DSM-,,SBLGNT,GNT
48,Galatians,3,6,Galatians 3:6,9,εἰς,εἰς,P-.--------,,SBLGNT,GNT
48,Galatians,3,6,Galatians 3:6,10,δικαιοσύνην,δικαιοσύνη,N-.----ASF-,,SBLGNT,GNT
48,Galatians,3,7,Galatians 3:7,1,γινώσκετε,γινώσκω,V-.2PAD-P--,,SBLGNT,GNT
48,Galatians,3,7,Galatians 3:7,2,ἄρα,ἄρα,C-.--------,,SBLGNT,GNT
48,Galatians,3,7,Galatians 3:7,3,ὅτι,ὅτι,C-.--------,,SBLGNT,GNT
48,Galatians,3,7,Galatians 3:7,4,οἱ,ὁ,RA.----NPM-,,SBLGNT,GNT
48,Galatians,3,7,Galatians 3:7,5,ἐκ,ἐκ,P-.--------,,SBLGNT,GNT
48,Galatians,3,7,Galatians 3:7,6,πίστεως,πίστις,N-.----GSF-,,SBLGNT,GNT
48,Galatians,3,7,Galatians 3:7,7,οὗτοι,οὗτος,RD.----NPM-,,SBLGNT,GNT
48,Galatians,3,7,Galatians 3:7,8,υἱοί,υἱός,N-.----NPM-,,SBLGNT,GNT
48,Galatians,3,7,Galatians 3:7,9,εἰσί(ν),εἰμί,V-.3PAI-P--,,SBLGNT,GNT
48,Galatians,3,7,Galatians 3:7,10,Ἀβραάμ,Ἀβραάμ,N-.----GSM-,,SBLGNT,GNT
48,Galatians,3,8,Galatians 3:8,1,προϊδοῦσα,προοράω,V-.-AAPNSF-,,SBLGNT,GNT
48,Galatians,3,8,Galatians 3:8,2,δέ,δέ,C-.--------,,SBLGNT,GNT
48,Galatians,3,8,Galatians 3:8,3,ἡ,ὁ,RA.----NSF-,,SBLGNT,GNT
48,Galatians,3,8,Galatians 3:8,4,γραφή,γραφή,N-.----NSF-,,SBLGNT,GNT
48,Galatians,3,8,Galatians 3:8,5,ὅτι,ὅτι,C-.--------,,SBLGNT,GNT
48,Galatians,3,8,Galatians 3:8,6,ἐκ,ἐκ,P-.--------,,SBLGNT,GNT
48,Galatians,3,8,Galatians 3:8,7,πίστεως,πίστις,N-.----GSF-,,SBLGNT,GNT
48,Galatians,3,8,Galatians 3:8,8,δικαιοῖ,δικαιόω,V-.3PAI-S--,,SBLGNT,GNT
48,Galatians,3,8,Galatians 3:8,9,τά,ὁ,RA.----APN-,,SBLGNT,GNT
48,Galatians,3,8,Galatians 3:8,10,ἔθνη,ἔθνος,N-.----APN-,,SBLGNT,GNT
48,Galatians,3,8,Galatians 3:8,11,ὁ,ὁ,RA.----NSM-,,SBLGNT,GNT
48,Galatians,3,8,Galatians 3:8,12,θεός,θεός,N-.----NSM-,,SBLGNT,GNT
48,Galatians,3,8,Galatians 3:8,13,προευηγγελίσατο,προευαγγελίζομαι,V-.3AMI-S--,,SBLGNT,GNT
48,Galatians,3,8,Galatians 3:8,14,τῷ,ὁ,RA.----DSM-,,SBLGNT,GNT
48,Galatians,3,8,Galatians 3:8,15,Ἀβραάμ,Ἀβραάμ,N-.----DSM-,,SBLGNT,GNT
48,Galatians,3,8,Galatians 3:8,16,ὅτι,ὅτι,C-.--------,,SBLGNT,GNT
48,Galatians,3,8,Galatians 3:8,17,ἐνευλογηθήσονται,ἐνευλογέω,V-.3FPI-P--,,SBLGNT,GNT
48,Galatians,3,8,Galatians 3:8,18,ἐν,ἐν,P-.--------,,SBLGNT,GNT
48,Galatians,3,8,Galatians 3:8,19,σοί,σύ,RP.----DS--,,SBLGNT,GNT
48,Galatians,3,8,Galatians 3:8,20,πάντα,πᾶς,A-.----NPN-,,SBLGNT,GNT
48,Galatians,3,8,Galatians 3:8,21,τά,ὁ,RA.----NPN-,,SBLGNT,GNT
48,Galatians,3,8,Galatians 3:8,22,ἔθνη,ἔθνος,N-.----NPN-,,SBLGNT,GNT
48,Galatians,3,9,Galatians 3:9,1,ὥστε,ὥστε,C-.--------,,SBLGNT,GNT
48,Galatians,3,9,Galatians 3:9,2,οἱ,ὁ,RA.----NPM-,,SBLGNT,GNT
48,Galatians,3,9,Galatians 3:9,3,ἐκ,ἐκ,P-.--------,,SBLGNT,GNT
48,Galatians,3,9,Galatians 3:9,4,πίστεως,πίστις,N-.----GSF-,,SBLGNT,GNT
48,Galatians,3,9,Galatians 3:9,5,εὐλογοῦνται,εὐλογέω,V-.3PPI-P--,,SBLGNT,GNT
48,Galatians,3,9,Galatians 3:9,6,σύν,σύν,P-.--------,,SBLGNT,GNT
48,Galatians,3,9,Galatians 3:9,7,τῷ,ὁ,RA.----DSM-,,SBLGNT,GNT
48,Galatians,3,9,Galatians 3:9,8,πιστῷ,πιστός,A-.----DSM-,,SBLGNT,GNT
48,Galatians,3,9,Galatians 3:9,9,Ἀβραάμ,Ἀβραάμ,N-.----DSM-,,SBLGNT,GNT
48,Galatians,3,10,Galatians 3:10,1,ὅσοι,ὅσος,RR.----NPM-,,SBLGNT,GNT
48,Galatians,3,10,Galatians 3:10,2,γάρ,γάρ,C-.--------,,SBLGNT,GNT
48,Galatians,3,10,Galatians 3:10,3,ἐκ,ἐκ,P-.--------,,SBLGNT,GNT
48,Galatians,3,10,Galatians 3:10,4,ἔργων,ἔργον,N-.----GPN-,,SBLGNT,GNT
48,Galatians,3,10,Galatians 3:10,5,νόμου,νόμος,N-.----GSM-,,SBLGNT,GNT
48,Galatians,3,10,Galatians 3:10,6,εἰσί(ν),εἰμί,V-.3PAI-P--,,SBLGNT,GNT
48,Galatians,3,10,Galatians 3:10,7,ὑπό,ὑπό,P-.--------,,SBLGNT,GNT
48,Galatians,3,10,Galatians 3:10,8,κατάραν,κατάρα,N-.----ASF-,,SBLGNT,GNT
48,Galatians,3,10,Galatians 3:10,9,εἰσί(ν),εἰμί,V-.3PAI-P--,,SBLGNT,GNT
48,Galatians,3,10,Galatians 3:10,10,γέγραπται,γράφω,V-.3XPI-S--,,SBLGNT,GNT
48,Galatians,3,10,Galatians 3:10,11,γάρ,γάρ,C-.--------,,SBLGNT,GNT
48,Galatians,3,10,Galatians 3:10,12,ὅτι,ὅτι,C-.--------,,SBLGNT,GNT
48,Galatians,3,10,Galatians 3:10,13,ἐπικατάρατος,ἐπικατάρατος,A-.----NSM-,,SBLGNT,GNT
48,Galatians,3,10,Galatians 3:10,14,πᾶς,πᾶς,A-.----NSM-,,SBLGNT,GNT
48,Galatians,3,10,Galatians 3:10,15,ὅς,ὅς,RR.----NSM-,,SBLGNT,GNT
48,Galatians,3,10,Galatians 3:10,16,οὐ,οὐ,D-.--------,,SBLGNT,GNT
48,Galatians,3,10,Galatians 3:10,17,ἐμμένει,ἐμμένω,V-.3PAI-S--,,SBLGNT,GNT
48,Galatians,3,10,Galatians 3:10,18,πᾶσι(ν),πᾶς,A-.----DPN-,,SBLGNT,GNT
48,Galatians,3,10,Galatians 3:10,19,τοῖς,ὁ,RA.----DPN-,,SBLGNT,GNT
48,Galatians,3,10,Galatians 3:10,20,γεγραμμένοις,γράφω,V-.-XPPDPN-,,SBLGNT,GNT
48,Galatians,3,10,Galatians 3:10,21,ἐν,ἐν,P-.--------,,SBLGNT,GNT
48,Galatians,3,10,Galatians 3:10,22,τῷ,ὁ,RA.----DSN-,,SBLGNT,GNT
48,Galatians,3,10,Galatians 3:10,23,βιβλίῳ,βιβλίον,N-.----DSN-,,SBLGNT,GNT
48,Galatians,3,10,Galatians 3:10,24,τοῦ,ὁ,RA.----GSM-,,SBLGNT,GNT
48,Galatians,3,10,Galatians 3:10,25,νόμου,νόμος,N-.----GSM-,,SBLGNT,GNT
48,Galatians,3,10,Galatians 3:10,26,τοῦ,ὁ,RA.----GSN-,,SBLGNT,GNT
48,Galatians,3,10,Galatians 3:10,27,ποιῆσαι,ποιέω,V-.-AAN----,,SBLGNT,GNT
48,Galatians,3,10,Galatians 3:10,28,αὐτά,αὐτός,RP.----APN-,,SBLGNT,GNT
48,Galatians,3,11,Galatians 3:11,1,ὅτι,ὅτι,C-.--------,,SBLGNT,GNT
48,Galatians,3,11,Galatians 3:11,2,δέ,δέ,C-.--------,,SBLGNT,GNT
48,Galatians,3,11,Galatians 3:11,3,ἐν,ἐν,P-.--------,,SBLGNT,GNT
48,Galatians,3,11,Galatians 3:11,4,νόμῳ,νόμος,N-.----DSM-,,SBLGNT,GNT
48,Galatians,3,11,Galatians 3:11,5,οὐδείς,οὐδείς,A-.----NSM-,,SBLGNT,GNT
48,Galatians,3,11,Galatians 3:11,6,δικαιοῦται,δικαιόω,V-.3PPI-S--,,SBLGNT,GNT
48,Galatians,3,11,Galatians 3:11,7,παρά,παρά,P-.--------,,SBLGNT,GNT
48,Galatians,3,11,Galatians 3:11,8,τῷ,ὁ,RA.----DSM-,,SBLGNT,GNT
48,Galatians,3,11,Galatians 3:11,9,θεῷ,θεός,N-.----DSM-,,SBLGNT,GNT
48,Galatians,3,11,Galatians 3:11,10,δῆλον,δῆλος,A-.----NSN-,,SBLGNT,GNT
48,Galatians,3,11,Galatians 3:11,11,ὅτι,ὅτι,C-.--------,,SBLGNT,GNT
48,Galatians,3,11,Galatians 3:11,12,ὁ,ὁ,RA.----NSM-,,SBLGNT,GNT
48,Galatians,3,11,Galatians 3:11,13,δίκαιος,δίκαιος,A-.----NSM-,,SBLGNT,GNT
48,Galatians,3,11,Galatians 3:11,14,ἐκ,ἐκ,P-.--------,,SBLGNT,GNT
48,Galatians,3,11,Galatians 3:11,15,πίστεως,πίστις,N-.----GSF-,,SBLGNT,GNT
48,Galatians,3,11,Galatians 3:11,16,ζήσεται,ζάω,V-.3FMI-S--,,SBLGNT,GNT
48,Galatians,3,12,Galatians 3:12,1,ὁ,ὁ,RA.----NSM-,,SBLGNT,GNT
48,Galatians,3,12,Galatians 3:12,2,δέ,δέ,C-.--------,,SBLGNT,GNT
48,Galatians,3,12,Galatians 3:12,3,νόμος,νόμος,N-.----NSM-,,SBLGNT,GNT
48,Galatians,3,12,Galatians 3:12,4,οὐ,οὐ,D-.--------,,SBLGNT,GNT
48,Galatians,3,12,Galatians 3:12,5,ἐστί(ν),εἰμί,V-.3PAI-S--,,SBLGNT,GNT
48,Galatians,3,12,Galatians 3:12,6,ἐκ,ἐκ,P-.--------,,SBLGNT,GNT
48,Galatians,3,12,Galatians 3:12,7,πίστεως,πίστις,N-.----GSF-,,SBLGNT,GNT
48,Galatians,3,12,Galatians 3:12,8,ἀλλά,ἀλλά,C-.--------,,SBLGNT,GNT
48,Galatians,3,12,Galatians 3:12,9,ὁ,ὁ,RA.----NSM-,,SBLGNT,GNT
48,Galatians,3,12,Galatians 3:12,10,ποιήσας,ποιέω,V-.-AAPNSM-,,SBLGNT,GNT
48,Galatians,3,12,Galatians 3:12,11,αὐτά,αὐτός,RP.----APN-,,SBLGNT,GNT
48,Galatians,3,12,Galatians 3:12,12,ζήσεται,ζάω,V-.3FMI-S--,,SBLGNT,GNT
48,Galatians,3,12,Galatians 3:12,13,ἐν,ἐν,P-.--------,,SBLGNT,GNT
48,Galatians,3,12,Galatians 3:12,14,αὐτοῖς,αὐτός,RP.----DPN-,,SBLGNT,GNT
48,Galatians,3,13,Galatians 3:13,1,Χριστός,Χριστός,N-.----NSM-,,SBLGNT,GNT
48,Galatians,3,13,Galatians 3:13,2,ἡμᾶς,ἐγώ,RP.----AP--,,SBLGNT,GNT
48,Galatians,3,13,Galatians 3:13,3,ἐξηγόρασε(ν),ἐξαγοράζω,V-.3AAI-S--,,SBLGNT,GNT
48,Galatians,3,13,Galatians 3:13,4,ἐκ,ἐκ,P-.--------,,SBLGNT,GNT
48,Galatians,3,13,Galatians 3:13,5,τῆς,ὁ,RA.----GSF-,,SBLGNT,GNT
48,Galatians,3,13,Galatians 3:13,6,κατάρας,κατάρα,N-.----GSF-,,SBLGNT,GNT
48,Galatians,3,13,Galatians 3:13,7,τοῦ,ὁ,RA.----GSM-,,SBLGNT,GNT
48,Galatians,3,13,Galatians 3:13,8,νόμου,νόμος,N-.----GSM-,,SBLGNT,GNT
48,Galatians,3,13,Galatians 3:13,9,γενόμενος,γίνομαι,V-.-AMPNSM-,,SBLGNT,GNT
48,Galatians,3,13,Galatians 3:13,10,ὑπέρ,ὑπέρ,P-.--------,,SBLGNT,GNT
48,Galatians,3,13,Galatians 3:13,11,ἡμῶν,ἐγώ,RP.----GP--,,SBLGNT,GNT
48,Galatians,3,13,Galatians 3:13,12,κατάρα,κατάρα,N-.----NSF-,,SBLGNT,GNT
48,Galatians,3,13,Galatians 3:13,13,ὅτι,ὅτι,C-.--------,,SBLGNT,GNT
48,Galatians,3,13,Galatians 3:13,14,γέγραπται,γράφω,V-.3XPI-S--,,SBLGNT,GNT
48,Galatians,3,13,Galatians 3:13,15,ἐπικατάρατος,ἐπικατάρατος,A-.----NSM-,,SBLGNT,GNT
48,Galatians,3,13,Galatians 3:13,16,πᾶς,πᾶς,A-.----NSM-,,SBLGNT,GNT
48,Galatians,3,13,Galatians 3:13,17,ὁ,ὁ,RA.----NSM-,,SBLGNT,GNT
48,Galatians,3,13,Galatians 3:13,18,κρεμάμενος,κρεμάννυμι,V-.-AMPNSM-,,SBLGNT,GNT
48,Galatians,3,13,Galatians 3:13,19,ἐπί,ἐπί,P-.--------,,SBLGNT,GNT
48,Galatians,3,13,Galatians 3:13,20,ξύλου,ξύλον,N-.----GSN-,,SBLGNT,GNT
48,Galatians,3,14,Galatians 3:14,1,ἵνα,ἵνα,C-.--------,,SBLGNT,GNT
48,Galatians,3,14,Galatians 3:14,2,εἰς,εἰς,P-.--------,,SBLGNT,GNT
48,Galatians,3,14,Galatians 3:14,3,τά,ὁ,RA.----APN-,,SBLGNT,GNT
48,Galatians,3,14,Galatians 3:14,4,ἔθνη,ἔθνος,N-.----APN-,,SBLGNT,GNT
48,Galatians,3,14,Galatians 3:14,5,ἡ,ὁ,RA.----NSF-,,SBLGNT,GNT
48,Galatians,3,14,Galatians 3:14,6,εὐλογία,εὐλογία,N-.----NSF-,,SBLGNT,GNT
48,Galatians,3,14,Galatians 3:14,7,τοῦ,ὁ,RA.----GSM-,,SBLGNT,GNT
48,Galatians,3,14,Galatians 3:14,8,Ἀβραάμ,Ἀβραάμ,N-.----GSM-,,SBLGNT,GNT
48,Galatians,3,14,Galatians 3:14,9,γένηται,γίνομαι,V-.3AMS-S--,,SBLGNT,GNT
48,Galatians,3,14,Galatians 3:14,10,ἐν,ἐν,P-.--------,,SBLGNT,GNT
48,Galatians,3,14,Galatians 3:14,11,Χριστῷ,Χριστός,N-.----DSM-,,SBLGNT,GNT
48,Galatians,3,14,Galatians 3:14,12,Ἰησοῦ,Ἰησοῦς,N-.----DSM-,,SBLGNT,GNT
48,Galatians,3,14,Galatians 3:14,13,ἵνα,ἵνα,C-.--------,,SBLGNT,GNT
48,Galatians,3,14,Galatians 3:14,14,τήν,ὁ,RA.----ASF-,,SBLGNT,GNT
48,Galatians,3,14,Galatians 3:14,15,ἐπαγγελίαν,ἐπαγγελία,N-.----ASF-,,SBLGNT,GNT
48,Galatians,3,14,Galatians 3:14,16,τοῦ,ὁ,RA.----GSN-,,SBLGNT,GNT
48,Galatians,3,14,Galatians 3:14,17,πνεύματος,πνεῦμα,N-.----GSN-,,SBLGNT,GNT
48,Galatians,3,14,Galatians 3:14,18,λάβωμεν,λαμβάνω,V-.1AAS-P--,,SBLGNT,GNT
48,Galatians,3,14,Galatians 3:14,19,διά,διά,P-.--------,,SBLGNT,GNT
48,Galatians,3,14,Galatians 3:14,20,τῆς,ὁ,RA.----GSF-,,SBLGNT,GNT
48,Galatians,3,14,Galatians 3:14,21,πίστεως,πίστις,N-.----GSF-,,SBLGNT,GNT
48,Galatians,3,15,Galatians 3:15,1,ἀδελφοί,ἀδελφός,N-.----VPM-,,SBLGNT,GNT
48,Galatians,3,15,Galatians 3:15,2,κατά,κατά,P-.--------,,SBLGNT,GNT
48,Galatians,3,15,Galatians 3:15,3,ἄνθρωπον,ἄνθρωπος,N-.----ASM-,,SBLGNT,GNT
48,Galatians,3,15,Galatians 3:15,4,λέγω,λέγω,V-.1PAI-S--,,SBLGNT,GNT
48,Galatians,3,15,Galatians 3:15,5,ὅμως,ὅμως,D-.--------,,SBLGNT,GNT
48,Galatians,3,15,Galatians 3:15,6,ἀνθρώπου,ἄνθρωπος,N-.----GSM-,,SBLGNT,GNT
48,Galatians,3,15,Galatians 3:15,7,κεκυρωμένην,κυρόω,V-.-XPPASF-,,SBLGNT,GNT
48,Galatians,3,15,Galatians 3:15,8,διαθήκην,διαθήκη,N-.----ASF-,,SBLGNT,GNT
48,Galatians,3,15,Galatians 3:15,9,οὐδείς,οὐδείς,A-.----NSM-,,SBLGNT,GNT
48,Galatians,3,15,Galatians 3:15,10,ἀθετεῖ,ἀθετέω,V-.3PAI-S--,,SBLGNT,GNT
48,Galatians,3,15,Galatians 3:15,11,ἤ,ἤ,C-.--------,,SBLGNT,GNT
48,Galatians,3,15,Galatians 3:15,12,ἐπιδιατάσσεται,ἐπιδιατάσσομαι,V-.3PMI-S--,,SBLGNT,GNT
48,Galatians,3,16,Galatians 3:16,1,τῷ,ὁ,RA.----DSM-,,SBLGNT,GNT
48,Galatians,3,16,Galatians 3:16,2,δέ,δέ,C-.--------,,SBLGNT,GNT
48,Galatians,3,16,Galatians 3:16,3,Ἀβραάμ,Ἀβραάμ,N-.----DSM-,,SBLGNT,GNT
48,Galatians,3,16,Galatians 3:16,4,ἐρρέθησαν,λέγω,V-.3API-P--,,SBLGNT,GNT
48,Galatians,3,16,Galatians 3:16,5,αἱ,ὁ,RA.----NPF-,,SBLGNT,GNT
48,Galatians,3,16,Galatians 3:16,6,ἐπαγγελίαι,ἐπαγγελία,N-.----NPF-,,SBLGNT,GNT
48,Galatians,3,16,Galatians 3:16,7,καί,καί,C-.--------,,SBLGNT,GNT
48,Galatians,3,16,Galatians 3:16,8,τῷ,ὁ,RA.----DSN-,,SBLGNT,GNT
48,Galatians,3,16,Galatians 3:16,9,σπέρματι,σπέρμα,N-.----DSN-,,SBLGNT,GNT
48,Galatians,3,16,Galatians 3:16,10,αὐτοῦ,αὐτός,RP.----GSM-,,SBLGNT,GNT
48,Galatians,3,16,Galatians 3:16,11,οὐ,οὐ,D-.--------,,SBLGNT,GNT
48,Galatians,3,16,Galatians 3:16,12,λέγει,λέγω,V-.3PAI-S--,,SBLGNT,GNT
48,Galatians,3,16,Galatians 3:16,13,καί,καί,C-.--------,,SBLGNT,GNT
48,Galatians,3,16,Galatians 3:16,14,τοῖς,ὁ,RA.----DPN-,,SBLGNT,GNT
48,Galatians,3,16,Galatians 3:16,15,σπέρμασι(ν),σπέρμα,N-.----DPN-,,SBLGNT,GNT
48,Galatians,3,16,Galatians 3:16,16,ὡς,ὡς,C-.--------,,SBLGNT,GNT
48,Galatians,3,16,Galatians 3:16,17,ἐπί,ἐπί,P-.--------,,SBLGNT,GNT
48,Galatians,3,16,Galatians 3:16,18,πολλῶν,πολύς,A-.----GPN-,,SBLGNT,GNT
48,Galatians,3,16,Galatians 3:16,19,ἀλλά,ἀλλά,C-.--------,,SBLGNT,GNT
48,Galatians,3,16,Galatians 3:16,20,ὡς,ὡς,C-.--------,,SBLGNT,GNT
48,Galatians,3,16,Galatians 3:16,21,ἐπί,ἐπί,P-.--------,,SBLGNT,GNT
48,Galatians,3,16,Galatians 3:16,22,ἑνός,εἷς,A-.----GSN-,,SBLGNT,GNT
48,Galatians,3,16,Galatians 3:16,23,καί,καί,C-.--------,,SBLGNT,GNT
48,Galatians,3,16,Galatians 3:16,24,τῷ,ὁ,RA.----DSN-,,SBLGNT,GNT
48,Galatians,3,16,Galatians 3:16,25,σπέρματι,σπέρμα,N-.----DSN-,,SBLGNT,GNT
48,Galatians,3,16,Galatians 3:16,26,σου,σύ,RP.----GS--,,SBLGNT,GNT
48,Galatians,3,16,Galatians 3:16,27,ὅς,ὅς,RR.----NSM-,,SBLGNT,GNT
48,Galatians,3,16,Galatians 3:16,28,ἐστί(ν),εἰμί,V-.3PAI-S--,,SBLGNT,GNT
48,Galatians,3,16,Galatians 3:16,29,Χριστός,Χριστός,N-.----NSM-,,SBLGNT,GNT
48,Galatians,3,17,Galatians 3:17,1,τοῦτο,οὗτος,RD.----ASN-,,SBLGNT,GNT
48,Galatians,3,17,Galatians 3:17,2,δέ,δέ,C-.--------,,SBLGNT,GNT
48,Galatians,3,17,Galatians 3:17,3,λέγω,λέγω,V-.1PAI-S--,,SBLGNT,GNT
48,Galatians,3,17,Galatians 3:17,4,διαθήκην,διαθήκη,N-.----ASF-,,SBLGNT,GNT
48,Galatians,3,17,Galatians 3:17,5,προκεκυρωμένην,προκυρόω,V-.-XPPASF-,,SBLGNT,GNT
48,Galatians,3,17,Galatians 3:17,6,ὑπό,ὑπό,P-.--------,,SBLGNT,GNT
48,Galatians,3,17,Galatians 3:17,7,τοῦ,ὁ,RA.----GSM-,,SBLGNT,GNT
48,Galatians,3,17,Galatians 3:17,8,θεοῦ,θεός,N-.----GSM-,,SBLGNT,GNT
48,Galatians,3,17,Galatians 3:17,9,ὁ,ὁ,RA.----NSM-,,SBLGNT,GNT
48,Galatians,3,17,Galatians 3:17,10,μετά,μετά,P-.--------,,SBLGNT,GNT
48,Galatians,3,17,Galatians 3:17,11,τετρακόσια,τετρακόσιοι,A-.----APN-,,SBLGNT,GNT
48,Galatians,3,17,Galatians 3:17,12,καί,καί,C-.--------,,SBLGNT,GNT
48,Galatians,3,17,Galatians 3:17,13,τριάκοντα,τριάκοντα,A-.----APN-,,SBLGNT,GNT
48,Galatians,3,17,Galatians 3:17,14,ἔτη,ἔτος,N-.----APN-,,SBLGNT,GNT
48,Galatians,3,17,Galatians 3:17,15,γεγονώς,γίνομαι,V-.-XAPNSM-,,SBLGNT,GNT
48,Galatians,3,17,Galatians 3:17,16,νόμος,νόμος,N-.----NSM-,,SBLGNT,GNT
48,Galatians,3,17,Galatians 3:17,17,οὐ,οὐ,D-.--------,,SBLGNT,GNT
48,Galatians,3,17,Galatians 3:17,18,ἀκυροῖ,ἀκυρόω,V-.3PAI-S--,,SBLGNT,GNT
48,Galatians,3,17,Galatians 3:17,19,εἰς,εἰς,P-.--------,,SBLGNT,GNT
48,Galatians,3,17,Galatians 3:17,20,τό,ὁ,RA.----ASN-,,SBLGNT,GNT
48,Galatians,3,17,Galatians 3:17,21,καταργῆσαι,καταργέω,V-.-AAN----,,SBLGNT,GNT
48,Galatians,3,17,Galatians 3:17,22,τήν,ὁ,RA.----ASF-,,SBLGNT,GNT
48,Galatians,3,17,Galatians 3:17,23,ἐπαγγελίαν,ἐπαγγελία,N-.----ASF-,,SBLGNT,GNT
48,Galatians,3,18,Galatians 3:18,1,εἰ,εἰ,C-.--------,,SBLGNT,GNT
48,Galatians,3,18,Galatians 3:18,2,γάρ,γάρ,C-.--------,,SBLGNT,GNT
48,Galatians,3,18,Galatians 3:18,3,ἐκ,ἐκ,P-.--------,,SBLGNT,GNT
48,Galatians,3,18,Galatians 3:18,4,νόμου,νόμος,N-.----GSM-,,SBLGNT,GNT
48,Galatians,3,18,Galatians 3:18,5,ἡ,ὁ,RA.----NSF-,,SBLGNT,GNT
48,Galatians,3,18,Galatians 3:18,6,κληρονομία,κληρονομία,N-.----NSF-,,SBLGNT,GNT
48,Galatians,3,18,Galatians 3:18,7,οὐκέτι,οὐκέτι,D-.--------,,SBLGNT,GNT
48,Galatians,3,18,Galatians 3:18,8,ἐκ,ἐκ,P-.--------,,SBLGNT,GNT
48,Galatians,3,18,Galatians 3:18,9,ἐπαγγελίας,ἐπαγγελία,N-.----GSF-,,SBLGNT,GNT
48,Galatians,3,18,Galatians 3:18,10,τῷ,ὁ,RA.----DSM-,,SBLGNT,GNT
48,Galatians,3,18,Galatians 3:18,11,δέ,δέ,C-.--------,,SBLGNT,GNT
48,Galatians,3,18,Galatians 3:18,12,Ἀβραάμ,Ἀβραάμ,N-.----DSM-,,SBLGNT,GNT
48,Galatians,3,18,Galatians 3:18,13,διά,διά,P-.--------,,SBLGNT,GNT
48,Galatians,3,18,Galatians 3:18,14,ἐπαγγελίας,ἐπαγγελία,N-.----GSF-,,SBLGNT,GNT
48,Galatians,3,18,Galatians 3:18,15,κεχάρισται,χαρίζομαι,V-.3XMI-S--,,SBLGNT,GNT
48,Galatians,3,18,Galatians 3:18,16,ὁ,ὁ,RA.----NSM-,,SBLGNT,GNT
48,Galatians,3,18,Galatians 3:18,17,θεός,θεός,N-.----NSM-,,SBLGNT,GNT
48,Galatians,3,19,Galatians 3:19,1,τί,τίς,RI.----ASN-,,SBLGNT,GNT
48,Galatians,3,19,Galatians 3:19,2,οὖν,οὖν,C-.--------,,SBLGNT,GNT
48,Galatians,3,19,Galatians 3:19,3,ὁ,ὁ,RA.----NSM-,,SBLGNT,GNT
48,Galatians,3,19,Galatians 3:19,4,νόμος,νόμος,N-.----NSM-,,SBLGNT,GNT
48,Galatians,3,19,Galatians 3:19,5,τῶν,ὁ,RA.----GPF-,,SBLGNT,GNT
48,Galatians,3,19,Galatians 3:19,6,παραβάσεων,παράβασις,N-.----GPF-,,SBLGNT,GNT
48,Galatians,3,19,Galatians 3:19,7,χάριν,χάριν,P-.--------,,SBLGNT,GNT
48,Galatians,3,19,Galatians 3:19,8,προσετέθη,προστίθημι,V-.3API-S--,,SBLGNT,GNT
48,Galatians,3,19,Galatians 3:19,9,ἄχρις,ἄχρις,P-.--------,,SBLGNT,GNT
48,Galatians,3,19,Galatians 3:19,10,οὗ,ὅς,RR.----GSM-,,SBLGNT,GNT
48,Galatians,3,19,Galatians 3:19,11,ἔλθῃ,ἔρχομαι,V-.3AAS-S--,,SBLGNT,GNT
48,Galatians,3,19,Galatians 3:19,12,τό,ὁ,RA.----NSN-,,SBLGNT,GNT
48,Galatians,3,19,Galatians 3:19,13,σπέρμα,σπέρμα,N-.----NSN-,,SBLGNT,GNT
48,Galatians,3,19,Galatians 3:19,14,ᾧ,ὅς,RR.----DSN-,,SBLGNT,GNT
48,Galatians,3,19,Galatians 3:19,15,ἐπήγγελται,ἐπαγγέλλομαι,V-.3XPI-S--,,SBLGNT,GNT
48,Galatians,3,19,Galatians 3:19,16,διαταγείς,διατάσσω,V-.-APPNSM-,,SBLGNT,GNT
48,Galatians,3,19,Galatians 3:19,17,διά,διά,P-.--------,,SBLGNT,GNT
48,Galatians,3,19,Galatians 3:19,18,ἀγγέλων,ἄγγελος,N-.----GPM-,,SBLGNT,GNT
48,Galatians,3,19,Galatians 3:19,19,ἐν,ἐν,P-.--------,,SBLGNT,GNT
48,Galatians,3,19,Galatians 3:19,20,χειρί,χείρ,N-.----DSF-,,SBLGNT,GNT
48,Galatians,3,19,Galatians 3:19,21,μεσίτου,μεσίτης,N-.----GSM-,,SBLGNT,GNT
48,Galatians,3,20,Galatians 3:20,1,ὁ,ὁ,RA.----NSM-,,SBLGNT,GNT
48,Galatians,3,20,Galatians 3:20,2,δέ,δέ,C-.--------,,SBLGNT,GNT
48,Galatians,3,20,Galatians 3:20,3,μεσίτης,μεσίτης,N-.----NSM-,,SBLGNT,GNT
48,Galatians,3,20,Galatians 3:20,4,ἑνός,εἷς,A-.----GSM-,,SBLGNT,GNT
48,Galatians,3,20,Galatians 3:20,5,οὐ,οὐ,D-.--------,,SBLGNT,GNT
48,Galatians,3,20,Galatians 3:20,6,ἐστί(ν),εἰμί,V-.3PAI-S--,,SBLGNT,GNT
48,Galatians,3,20,Galatians 3:20,7,ὁ,ὁ,RA.----NSM-,,SBLGNT,GNT
48,Galatians,3,20,Galatians 3:20,8,δέ,δέ,C-.--------,,SBLGNT,GNT
48,Galatians,3,20,Galatians 3:20,9,θεός,θεός,N-.----NSM-,,SBLGNT,GNT
48,Galatians,3,20,Galatians 3:20,10,εἷς,εἷς,A-.----NSM-,,SBLGNT,GNT
48,Galatians,3,20,Galatians 3:20,11,ἐστί(ν),εἰμί,V-.3PAI-S--,,SBLGNT,GNT
48,Galatians,3,21,Galatians 3:21,1,ὁ,ὁ,RA.----NSM-,,SBLGNT,GNT
48,Galatians,3,21,Galatians 3:21,2,οὖν,οὖν,C-.--------,,SBLGNT,GNT
48,Galatians,3,21,Galatians 3:21,3,νόμος,νόμος,N-.----NSM-,,SBLGNT,GNT
48,Galatians,3,21,Galatians 3:21,4,κατά,κατά,P-.--------,,SBLGNT,GNT
48,Galatians,3,21,Galatians 3:21,5,τῶν,ὁ,RA.----GPF-,,SBLGNT,GNT
48,Galatians,3,21,Galatians 3:21,6,ἐπαγγελιῶν,ἐπαγγελία,N-.----GPF-,,SBLGNT,GNT
48,Galatians,3,21,Galatians 3:21,7,τοῦ,ὁ,RA.----GSM-,,SBLGNT,GNT
48,Galatians,3,21,Galatians 3:21,8,θεοῦ,θεός,N-.----GSM-,,SBLGNT,GNT
48,Galatians,3,21,Galatians 3:21,9,μή,μή,D-.--------,,SBLGNT,GNT
48,Galatians,3,21,Galatians 3:21,10,γένοιτο,γίνομαι,V-.3AMO-S--,,SBLGNT,GNT
48,Galatians,3,21,Galatians 3:21,11,εἰ,εἰ,C-.--------,,SBLGNT,GNT
48,Galatians,3,21,Galatians 3:21,12,γάρ,γάρ,C-.--------,,SBLGNT,GNT
48,Galatians,3,21,Galatians 3:21,13,ἐδόθη,δίδωμι,V-.3API-S--,,SBLGNT,GNT
48,Galatians,3,21,Galatians 3:21,14,νόμος,νόμος,N-.----NSM-,,SBLGNT,GNT
48,Galatians,3,21,Galatians 3:21,15,ὁ,ὁ,RA.----NSM-,,SBLGNT,GNT
48,Galatians,3,21,Galatians 3:21,16,δυνάμενος,δύναμαι,V-.-PMPNSM-,,SBLGNT,GNT
48,Galatians,3,21,Galatians 3:21,17,ζῳοποιῆσαι,ζῳοποιέω,V-.-AAN----,,SBLGNT,GNT
48,Galatians,3,21,Galatians 3:21,18,ὄντως,ὄντως,D-.--------,,SBLGNT,GNT
48,Galatians,3,21,Galatians 3:21,19,ἐκ,ἐκ,P-.--------,,SBLGNT,GNT
48,Galatians,3,21,Galatians 3:21,20,νόμου,νόμος,N-.----GSM-,,SBLGNT,GNT
48,Galatians,3,21,Galatians 3:21,21,ἄν,ἄν,X-.--------,,SBLGNT,GNT
48,Galatians,3,21,Galatians 3:21,22,ἦν,εἰμί,V-.3IAI-S--,,SBLGNT,GNT
48,Galatians,3,21,Galatians 3:21,23,ἡ,ὁ,RA.----NSF-,,SBLGNT,GNT
48,Galatians,3,21,Galatians 3:21,24,δικαιοσύνη,δικαιοσύνη,N-.----NSF-,,SBLGNT,GNT
48,Galatians,3,22,Galatians 3:22,1,ἀλλά,ἀλλά,C-.--------,,SBLGNT,GNT
48,Galatians,3,22,Galatians 3:22,2,συνέκλεισε(ν),συγκλείω,V-.3AAI-S--,,SBLGNT,GNT
48,Galatians,3,22,Galatians 3:22,3,ἡ,ὁ,RA.----NSF-,,SBLGNT,GNT
48,Galatians,3,22,Galatians 3:22,4,γραφή,γραφή,N-.----NSF-,,SBLGNT,GNT
48,Galatians,3,22,Galatians 3:22,5,τά,ὁ,RA.----APN-,,SBLGNT,GNT
48,Galatians,3,22,Galatians 3:22,6,πάντα,πᾶς,A-.----APN-,,SBLGNT,GNT
48,Galatians,3,22,Galatians 3:22,7,ὑπό,ὑπό,P-.--------,,SBLGNT,GNT
48,Galatians,3,22,Galatians 3:22,8,ἁμαρτίαν,ἁμαρτία,N-.----ASF-,,SBLGNT,GNT
48,Galatians,3,22,Galatians 3:22,9,ἵνα,ἵνα,C-.--------,,SBLGNT,GNT
48,Galatians,3,22,Galatians 3:22,10,ἡ,ὁ,RA.----NSF-,,SBLGNT,GNT
48,Galatians,3,22,Galatians 3:22,11,ἐπαγγελία,ἐπαγγελία,N-.----NSF-,,SBLGNT,GNT
48,Galatians,3,22,Galatians 3:22,12,ἐκ,ἐκ,P-.--------,,SBLGNT,GNT
48,Galatians,3,22,Galatians 3:22,13,πίστεως,πίστις,N-.----GSF-,,SBLGNT,GNT
48,Galatians,3,22,Galatians 3:22,14,Ἰησοῦ,Ἰησοῦς,N-.----GSM-,,SBLGNT,GNT
48,Galatians,3,22,Galatians 3:22,15,Χριστοῦ,Χριστός,N-.----GSM-,,SBLGNT,GNT
48,Galatians,3,22,Galatians 3:22,16,δοθῇ,δίδωμι,V-.3APS-S--,,SBLGNT,GNT
48,Galatians,3,22,Galatians 3:22,17,τοῖς,ὁ,RA.----DPM-,,SBLGNT,GNT
48,Galatians,3,22,Galatians 3:22,18,πιστεύουσι(ν),πιστεύω,V-.-PAPDPM-,,SBLGNT,GNT
48,Galatians,3,23,Galatians 3:23,1,πρό,πρό,P-.--------,,SBLGNT,GNT
48,Galatians,3,23,Galatians 3:23,2,τοῦ,ὁ,RA.----GSN-,,SBLGNT,GNT
48,Galatians,3,23,Galatians 3:23,3,δέ,δέ,C-.--------,,SBLGNT,GNT
48,Galatians,3,23,Galatians 3:23,4,ἐλθεῖν,ἔρχομαι,V-.-AAN----,,SBLGNT,GNT
48,Galatians,3,23,Galatians 3:23,5,τήν,ὁ,RA.----ASF-,,SBLGNT,GNT
48,Galatians,3,23,Galatians 3:23,6,πίστιν,πίστις,N-.----ASF-,,SBLGNT,GNT
48,Galatians,3,23,Galatians 3:23,7,ὑπό,ὑπό,P-.--------,,SBLGNT,GNT
48,Galatians,3,23,Galatians 3:23,8,νόμον,νόμος,N-.----ASM-,,SBLGNT,GNT
48,Galatians,3,23,Galatians 3:23,9,ἐφρουρούμεθα,φρουρέω,V-.1IPI-P--,,SBLGNT,GNT
48,Galatians,3,23,Galatians 3:23,10,συγκλειόμενοι,συγκλείω,V-.-PPPNPM-,,SBLGNT,GNT
48,Galatians,3,23,Galatians 3:23,11,εἰς,εἰς,P-.--------,,SBLGNT,GNT
48,Galatians,3,23,Galatians 3:23,12,τήν,ὁ,RA.----ASF-,,SBLGNT,GNT
48,Galatians,3,23,Galatians 3:23,13,μέλλουσαν,μέλλω,V-.-PAPASF-,,SBLGNT,GNT
48,Galatians,3,23,Galatians 3:23,14,πίστιν,πίστις,N-.----ASF-,,SBLGNT,GNT
48,Galatians,3,23,Galatians 3:23,15,ἀποκαλυφθῆναι,ἀποκαλύπτω,V-.-APN----,,SBLGNT,GNT
48,Galatians,3,24,Galatians 3:24,1,ὥστε,ὥστε,C-.--------,,SBLGNT,GNT
48,Galatians,3,24,Galatians 3:24,2,ὁ,ὁ,RA.----NSM-,,SBLGNT,GNT
48,Galatians,3,24,Galatians 3:24,3,νόμος,νόμος,N-.----NSM-,,SBLGNT,GNT
48,Galatians,3,24,Galatians 3:24,4,παιδαγωγός,παιδαγωγός,N-.----NSM-,,SBLGNT,GNT
48,Galatians,3,24,Galatians 3:24,5,ἡμῶν,ἐγώ,RP.----GP--,,SBLGNT,GNT
48,Galatians,3,24,Galatians 3:24,6,γέγονε(ν),γίνομαι,V-.3XAI-S--,,SBLGNT,GNT
48,Galatians,3,24,Galatians 3:24,7,εἰς,εἰς,P-.--------,,SBLGNT,GNT
48,Galatians,3,24,Galatians 3:24,8,Χριστόν,Χριστός,N-.----ASM-,,SBLGNT,GNT
48,Galatians,3,24,Galatians 3:24,9,ἵνα,ἵνα,C-.--------,,SBLGNT,GNT
48,Galatians,3,24,Galatians 3:24,10,ἐκ,ἐκ,P-.--------,,SBLGNT,GNT
48,Galatians,3,24,Galatians 3:24,11,πίστεως,πίστις,N-.----GSF-,,SBLGNT,GNT
48,Galatians,3,24,Galatians 3:24,12,δικαιωθῶμεν,δικαιόω,V-.1APS-P--,,SBLGNT,GNT
48,Galatians,3,25,Galatians 3:25,1,ἐλθούσης,ἔρχομαι,V-.-AAPGSF-,,SBLGNT,GNT
48,Galatians,3,25,Galatians 3:25,2,δέ,δέ,C-.--------,,SBLGNT,GNT
48,Galatians,3,25,Galatians 3:25,3,τῆς,ὁ,RA.----GSF-,,SBLGNT,GNT
48,Galatians,3,25,Galatians 3:25,4,πίστεως,πίστις,N-.----GSF-,,SBLGNT,GNT
48,Galatians,3,25,Galatians 3:25,5,οὐκέτι,οὐκέτι,D-.--------,,SBLGNT,GNT
48,Galatians,3,25,Galatians 3:25,6,ὑπό,ὑπό,P-.--------,,SBLGNT,GNT
48,Galatians,3,25,Galatians 3:25,7,παιδαγωγόν,παιδαγωγός,N-.----ASM-,,SBLGNT,GNT
48,Galatians,3,25,Galatians 3:25,8,ἐσμέν,εἰμί,V-.1PAI-P--,,SBLGNT,GNT
48,Galatians,3,26,Galatians 3:26,1,πάντες,πᾶς,A-.----NPM-,,SBLGNT,GNT
48,Galatians,3,26,Galatians 3:26,2,γάρ,γάρ,C-.--------,,SBLGNT,GNT
48,Galatians,3,26,Galatians 3:26,3,υἱοί,υἱός,N-.----NPM-,,SBLGNT,GNT
48,Galatians,3,26,Galatians 3:26,4,θεοῦ,θεός,N-.----GSM-,,SBLGNT,GNT
48,Galatians,3,26,Galatians 3:26,5,ἐστέ,εἰμί,V-.2PAI-P--,,SBLGNT,GNT
48,Galatians,3,26,Galatians 3:26,6,διά,διά,P-.--------,,SBLGNT,GNT
48,Galatians,3,26,Galatians 3:26,7,τῆς,ὁ,RA.----GSF-,,SBLGNT,GNT
48,Galatians,3,26,Galatians 3:26,8,πίστεως,πίστις,N-.----GSF-,,SBLGNT,GNT
48,Galatians,3,26,Galatians 3:26,9,ἐν,ἐν,P-.--------,,SBLGNT,GNT
48,Galatians,3,26,Galatians 3:26,10,Χριστῷ,Χριστός,N-.----DSM-,,SBLGNT,GNT
48,Galatians,3,26,Galatians 3:26,11,Ἰησοῦ,Ἰησοῦς,N-.----DSM-,,SBLGNT,GNT
48,Galatians,3,27,Galatians 3:27,1,ὅσοι,ὅσος,RR.----NPM-,,SBLGNT,GNT
48,Galatians,3,27,Galatians 3:27,2,γάρ,γάρ,C-.--------,,SBLGNT,GNT
48,Galatians,3,27,Galatians 3:27,3,εἰς,εἰς,P-.--------,,SBLGNT,GNT
48,Galatians,3,27,Galatians 3:27,4,Χριστόν,Χριστός,N-.----ASM-,,SBLGNT,GNT
48,Galatians,3,27,Galatians 3:27,5,ἐβαπτίσθητε,βαπτίζω,V-.2API-P--,,SBLGNT,GNT
48,Galatians,3,27,Galatians 3:27,6,Χριστόν,Χριστός,N-.----ASM-,,SBLGNT,GNT
48,Galatians,3,27,Galatians 3:27,7,ἐνεδύσασθε,ἐνδύω,V-.2AMI-P--,,SBLGNT,GNT
48,Galatians,3,28,Galatians 3:28,1,οὐ,οὐ,D-.--------,,SBLGNT,GNT
48,Galatians,3,28,Galatians 3:28,2,ἔνι,ἔνι,V-.3PAI-S--,,SBLGNT,GNT
48,Galatians,3,28,Galatians 3:28,3,Ἰουδαῖος,Ἰουδαῖος,A-.----NSM-,,SBLGNT,GNT
48,Galatians,3,28,Galatians 3:28,4,οὐδέ,οὐδέ,C-.--------,,SBLGNT,GNT
48,Galatians,3,28,Galatians 3:28,5,Ἕλλην,Ἕλλην,N-.----NSM-,,SBLGNT,GNT
48,Galatians,3,28,Galatians 3:28,6,οὐ,οὐ,D-.--------,,SBLGNT,GNT
48,Galatians,3,28,Galatians 3:28,7,ἔνι,ἔνι,V-.3PAI-S--,,SBLGNT,GNT
48,Galatians,3,28,Galatians 3:28,8,δοῦλος,δοῦλος,N-.----NSM-,,SBLGNT,GNT
48,Galatians,3,28,Galatians 3:28,9,οὐδέ,οὐδέ,C-.--------,,SBLGNT,GNT
48,Galatians,3,28,Galatians 3:28,10,ἐλεύθερος,ἐλεύθερος,A-.----NSM-,,SBLGNT,GNT
48,Galatians,3,28,Galatians 3:28,11,οὐ,οὐ,D-.--------,,SBLGNT,GNT
48,Galatians,3,28,Galatians 3:28,12,ἔνι,ἔνι,V-.3PAI-S--,,SBLGNT,GNT
48,Galatians,3,28,Galatians 3:28,13,ἄρσεν,ἄρσην,A-.----NSN-,,SBLGNT,GNT
48,Galatians,3,28,Galatians 3:28,14,καί,καί,C-.--------,,SBLGNT,GNT
48,Galatians,3,28,Galatians 3:28,15,θῆλυ,θῆλυς,A-.----NSN-,,SBLGNT,GNT
48,Galatians,3,28,Galatians 3:28,16,πάντες,πᾶς,A-.----NPM-,,SBLGNT,GNT
48,Galatians,3,28,Galatians 3:28,17,γάρ,γάρ,C-.--------,,SBLGNT,GNT
48,Galatians,3,28,Galatians 3:28,18,ὑμεῖς,σύ,RP.----NP--,,SBLGNT,GNT
48,Galatians,3,28,Galatians 3:28,19,εἷς,εἷς,A-.----NSM-,,SBLGNT,GNT
48,Galatians,3,28,Galatians 3:28,20,ἐστέ,εἰμί,V-.2PAI-P--,,SBLGNT,GNT
48,Galatians,3,28,Galatians 3:28,21,ἐν,ἐν,P-.--------,,SBLGNT,GNT
48,Galatians,3,28,Galatians 3:28,22,Χριστῷ,Χριστός,N-.----DSM-,,SBLGNT,GNT
48,Galatians,3,28,Galatians 3:28,23,Ἰησοῦ,Ἰησοῦς,N-.----DSM-,,SBLGNT,GNT
48,Galatians,3,29,Galatians 3:29,1,εἰ,εἰ,C-.--------,,SBLGNT,GNT
48,Galatians,3,29,Galatians 3:29,2,δέ,δέ,C-.--------,,SBLGNT,GNT
48,Galatians,3,29,Galatians 3:29,3,ὑμεῖς,σύ,RP.----NP--,,SBLGNT,GNT
48,Galatians,3,29,Galatians 3:29,4,Χριστοῦ,Χριστός,N-.----GSM-,,SBLGNT,GNT
48,Galatians,3,29,Galatians 3:29,5,ἄρα,ἄρα,C-.--------,,SBLGNT,GNT
48,Galatians,3,29,Galatians 3:29,6,τοῦ,ὁ,RA.----GSM-,,SBLGNT,GNT
48,Galatians,3,29,Galatians 3:29,7,Ἀβραάμ,Ἀβραάμ,N-.----GSM-,,SBLGNT,GNT
48,Galatians,3,29,Galatians 3:29,8,σπέρμα,σπέρμα,N-.----NSN-,,SBLGNT,GNT
48,Galatians,3,29,Galatians 3:29,9,ἐστέ,εἰμί,V-.2PAI-P--,,SBLGNT,GNT
48,Galatians,3,29,Galatians 3:29,10,κατά,κατά,P-.--------,,SBLGNT,GNT
48,Galatians,3,29,Galatians 3:29,11,ἐπαγγελίαν,ἐπαγγελία,N-.----ASF-,,SBLGNT,GNT
48,Galatians,3,29,Galatians 3:29,12,κληρονόμοι,κληρονόμος,N-.----NPM-,,SBLGNT,GNT
48,Galatians,4,1,Galatians 4:1,1,λέγω,λέγω,V-.1PAI-S--,,SBLGNT,GNT
48,Galatians,4,1,Galatians 4:1,2,δέ,δέ,C-.--------,,SBLGNT,GNT
48,Galatians,4,1,Galatians 4:1,3,ἐπί,ἐπί,P-.--------,,SBLGNT,GNT
48,Galatians,4,1,Galatians 4:1,4,ὅσον,ὅσος,RR.----ASM-,,SBLGNT,GNT
48,Galatians,4,1,Galatians 4:1,5,χρόνον,χρόνος,N-.----ASM-,,SBLGNT,GNT
48,Galatians,4,1,Galatians 4:1,6,ὁ,ὁ,RA.----NSM-,,SBLGNT,GNT
48,Galatians,4,1,Galatians 4:1,7,κληρονόμος,κληρονόμος,N-.----NSM-,,SBLGNT,GNT
48,Galatians,4,1,Galatians 4:1,8,νήπιος,νήπιος,A-.----NSM-,,SBLGNT,GNT
48,Galatians,4,1,Galatians 4:1,9,ἐστί(ν),εἰμί,V-.3PAI-S--,,SBLGNT,GNT
48,Galatians,4,1,Galatians 4:1,10,οὐδέν,οὐδείς,A-.----ASN-,,SBLGNT,GNT
48,Galatians,4,1,Galatians 4:1,11,διαφέρει,διαφέρω,V-.3PAI-S--,,SBLGNT,GNT
48,Galatians,4,1,Galatians 4:1,12,δούλου,δοῦλος,N-.----GSM-,,SBLGNT,GNT
48,Galatians,4,1,Galatians 4:1,13,κύριος,κύριος,N-.----NSM-,,SBLGNT,GNT
48,Galatians,4,1,Galatians 4:1,14,πάντων,πᾶς,A-.----GPN-,,SBLGNT,GNT
48,Galatians,4,1,Galatians 4:1,15,ὤν,εἰμί,V-.-PAPNSM-,,SBLGNT,GNT
48,Galatians,4,2,Galatians 4:2,1,ἀλλά,ἀλλά,C-.--------,,SBLGNT,GNT
48,Galatians,4,2,Galatians 4:2,2,ὑπό,ὑπό,P-.--------,,SBLGNT,GNT
48,Galatians,4,2,Galatians 4:2,3,ἐπιτρόπους,ἐπίτροπος,N-.----APM-,,SBLGNT,GNT
48,Galatians,4,2,Galatians 4:2,4,ἐστί(ν),εἰμί,V-.3PAI-S--,,SBLGNT,GNT
48,Galatians,4,2,Galatians 4:2,5,καί,καί,C-.--------,,SBLGNT,GNT
48,Galatians,4,2,Galatians 4:2,6,οἰκονόμους,οἰκονόμος,N-.----APM-,,SBLGNT,GNT
48,Galatians,4,2,Galatians 4:2,7,ἄχρι,ἄχρι,P-.--------,,SBLGNT,GNT
48,Galatians,4,2,Galatians 4:2,8,τῆς,ὁ,RA.----GSF-,,SBLGNT,GNT
48,Galatians,4,2,Galatians 4:2,9,προθεσμίας,προθεσμία,N-.----GSF-,,SBLGNT,GNT
48,Galatians,4,2,Galatians 4:2,10,τοῦ,ὁ,RA.----GSM-,,SBLGNT,GNT
48,Galatians,4,2,Galatians 4:2,11,πατρός,πατήρ,N-.----GSM-,,SBLGNT,GNT
48,Galatians,4,3,Galatians 4:3,1,οὕτω(ς),οὕτω(ς),D-.--------,,SBLGNT,GNT
48,Galatians,4,3,Galatians 4:3,2,καί,καί,D-.--------,,SBLGNT,GNT
48,Galatians,4,3,Galatians 4:3,3,ἡμεῖς,ἐγώ,RP.----NP--,,SBLGNT,GNT
48,Galatians,4,3,Galatians 4:3,4,ὅτε,ὅτε,C-.--------,,SBLGNT,GNT
48,Galatians,4,3,Galatians 4:3,5,ἦμεν,εἰμί,V-.1IAI-P--,,SBLGNT,GNT
48,Galatians,4,3,Galatians 4:3,6,νήπιοι,νήπιος,A-.----NPM-,,SBLGNT,GNT
48,Galatians,4,3,Galatians 4:3,7,ὑπό,ὑπό,P-.--------,,SBLGNT,GNT
48,Galatians,4,3,Galatians 4:3,8,τά,ὁ,RA.----APN-,,SBLGNT,GNT
48,Galatians,4,3,Galatians 4:3,9,στοιχεῖα,στοιχεῖον,N-.----APN-,,SBLGNT,GNT
48,Galatians,4,3,Galatians 4:3,10,τοῦ,ὁ,RA.----GSM-,,SBLGNT,GNT
48,Galatians,4,3,Galatians 4:3,11,κόσμου,κόσμος,N-.----GSM-,,SBLGNT,GNT
48,Galatians,4,3,Galatians 4:3,12,ἤμεθα,εἰμί,V-.1IMI-P--,,SBLGNT,GNT
48,Galatians,4,3,Galatians 4:3,13,δεδουλωμένοι,δουλεύω,V-.-XPPNPM-,,SBLGNT,GNT
48,Galatians,4,4,Galatians 4:4,1,ὅτε,ὅτε,C-.--------,,SBLGNT,GNT
48,Galatians,4,4,Galatians 4:4,2,δέ,δέ,C-.--------,,SBLGNT,GNT
48,Galatians,4,4,Galatians 4:4,3,ἦλθε(ν),ἔρχομαι,V-.3AAI-S--,,SBLGNT,GNT
48,Galatians,4,4,Galatians 4:4,4,τό,ὁ,RA.----NSN-,,SBLGNT,GNT
48,Galatians,4,4,Galatians 4:4,5,πλήρωμα,πλήρωμα,N-.----NSN-,,SBLGNT,GNT
48,Galatians,4,4,Galatians 4:4,6,τοῦ,ὁ,RA.----GSM-,,SBLGNT,GNT
48,Galatians,4,4,Galatians 4:4,7,χρόνου,χρόνος,N-.----GSM-,,SBLGNT,GNT
48,Galatians,4,4,Galatians 4:4,8,ἐξαπέστειλε(ν),ἐξαποστέλλω,V-.3AAI-S--,,SBLGNT,GNT
48,Galatians,4,4,Galatians 4:4,9,ὁ,ὁ,RA.----NSM-,,SBLGNT,GNT
48,Galatians,4,4,Galatians 4:4,10,θεός,θεός,N-.----NSM-,,SBLGNT,GNT
48,Galatians,4,4,Galatians 4:4,11,τόν,ὁ,RA.----ASM-,,SBLGNT,GNT
48,Galatians,4,4,Galatians 4:4,12,υἱόν,υἱός,N-.----ASM-,,SBLGNT,GNT
48,Galatians,4,4,Galatians 4:4,13,αὐτοῦ,αὐτός,RP.----GSM-,,SBLGNT,GNT
48,Galatians,4,4,Galatians 4:4,14,γενόμενον,γίνομαι,V-.-AMPASM-,,SBLGNT,GNT
48,Galatians,4,4,Galatians 4:4,15,ἐκ,ἐκ,P-.--------,,SBLGNT,GNT
48,Galatians,4,4,Galatians 4:4,16,γυναικός,γυνή,N-.----GSF-,,SBLGNT,GNT
48,Galatians,4,4,Galatians 4:4,17,γενόμενον,γίνομαι,V-.-AMPASM-,,SBLGNT,GNT
48,Galatians,4,4,Galatians 4:4,18,ὑπό,ὑπό,P-.--------,,SBLGNT,GNT
48,Galatians,4,4,Galatians 4:4,19,νόμον,νόμος,N-.----ASM-,,SBLGNT,GNT
48,Galatians,4,5,Galatians 4:5,1,ἵνα,ἵνα,C-.--------,,SBLGNT,GNT
48,Galatians,4,5,Galatians 4:5,2,τούς,ὁ,RA.----APM-,,SBLGNT,GNT
48,Galatians,4,5,Galatians 4:5,3,ὑπό,ὑπό,P-.--------,,SBLGNT,GNT
48,Galatians,4,5,Galatians 4:5,4,νόμον,νόμος,N-.----ASM-,,SBLGNT,GNT
48,Galatians,4,5,Galatians 4:5,5,ἐξαγοράσῃ,ἐξαγοράζω,V-.3AAS-S--,,SBLGNT,GNT
48,Galatians,4,5,Galatians 4:5,6,ἵνα,ἵνα,C-.--------,,SBLGNT,GNT
48,Galatians,4,5,Galatians 4:5,7,τήν,ὁ,RA.----ASF-,,SBLGNT,GNT
48,Galatians,4,5,Galatians 4:5,8,υἱοθεσίαν,υἱοθεσία,N-.----ASF-,,SBLGNT,GNT
48,Galatians,4,5,Galatians 4:5,9,ἀπολάβωμεν,ἀπολαμβάνω,V-.1AAS-P--,,SBLGNT,GNT
48,Galatians,4,6,Galatians 4:6,1,ὅτι,ὅτι,C-.--------,,SBLGNT,GNT
48,Galatians,4,6,Galatians 4:6,2,δέ,δέ,C-.--------,,SBLGNT,GNT
48,Galatians,4,6,Galatians 4:6,3,ἐστέ,εἰμί,V-.2PAI-P--,,SBLGNT,GNT
48,Galatians,4,6,Galatians 4:6,4,υἱοί,υἱός,N-.----NPM-,,SBLGNT,GNT
48,Galatians,4,6,Galatians 4:6,5,ἐξαπέστειλε(ν),ἐξαποστέλλω,V-.3AAI-S--,,SBLGNT,GNT
48,Galatians,4,6,Galatians 4:6,6,ὁ,ὁ,RA.----NSM-,,SBLGNT,GNT
48,Galatians,4,6,Galatians 4:6,7,θεός,θεός,N-.----NSM-,,SBLGNT,GNT
48,Galatians,4,6,Galatians 4:6,8,τό,ὁ,RA.----ASN-,,SBLGNT,GNT
48,Galatians,4,6,Galatians 4:6,9,πνεῦμα,πνεῦμα,N-.----ASN-,,SBLGNT,GNT
48,Galatians,4,6,Galatians 4:6,10,τοῦ,ὁ,RA.----GSM-,,SBLGNT,GNT
48,Galatians,4,6,Galatians 4:6,11,υἱοῦ,υἱός,N-.----GSM-,,SBLGNT,GNT
48,Galatians,4,6,Galatians 4:6,12,αὐτοῦ,αὐτός,RP.----GSM-,,SBLGNT,GNT
48,Galatians,4,6,Galatians 4:6,13,εἰς,εἰς,P-.--------,,SBLGNT,GNT
48,Galatians,4,6,Galatians 4:6,14,τάς,ὁ,RA.----APF-,,SBLGNT,GNT
48,Galatians,4,6,Galatians 4:6,15,καρδίας,καρδία,N-.----APF-,,SBLGNT,GNT
48,Galatians,4,6,Galatians 4:6,16,ἡμῶν,ἐγώ,RP.----GP--,,SBLGNT,GNT
48,Galatians,4,6,Galatians 4:6,17,κρᾶζον,κράζω,V-.-PAPASN-,,SBLGNT,GNT
48,Galatians,4,6,Galatians 4:6,18,αββα,αββα,N-.----VSM-,,SBLGNT,GNT
48,Galatians,4,6,Galatians 4:6,19,ὁ,ὁ,RA.----NSM-,,SBLGNT,GNT
48,Galatians,4,6,Galatians 4:6,20,πατήρ,πατήρ,N-.----NSM-,,SBLGNT,GNT
48,Galatians,4,7,Galatians 4:7,1,ὥστε,ὥστε,C-.--------,,SBLGNT,GNT
48,Galatians,4,7,Galatians 4:7,2,οὐκέτι,οὐκέτι,D-.--------,,SBLGNT,GNT
48,Galatians,4,7,Galatians 4:7,3,εἶ,εἰμί,V-.2PAI-S--,,SBLGNT,GNT
48,Galatians,4,7,Galatians 4:7,4,δοῦλος,δοῦλος,N-.----NSM-,,SBLGNT,GNT
48,Galatians,4,7,Galatians 4:7,5,ἀλλά,ἀλλά,C-.--------,,SBLGNT,GNT
48,Galatians,4,7,Galatians 4:7,6,υἱός,υἱός,N-.----NSM-,,SBLGNT,GNT
48,Galatians,4,7,Galatians 4:7,7,εἰ,εἰ,C-.--------,,SBLGNT,GNT
48,Galatians,4,7,Galatians 4:7,8,δέ,δέ,C-.--------,,SBLGNT,GNT
48,Galatians,4,7,Galatians 4:7,9,υἱός,υἱός,N-.----NSM-,,SBLGNT,GNT
48,Galatians,4,7,Galatians 4:7,10,καί,καί,D-.--------,,SBLGNT,GNT
48,Galatians,4,7,Galatians 4:7,11,κληρονόμος,κληρονόμος,N-.----NSM-,,SBLGNT,GNT
48,Galatians,4,7,Galatians 4:7,12,διά,διά,P-.--------,,SBLGNT,GNT
48,Galatians,4,7,Galatians 4:7,13,θεοῦ,θεός,N-.----GSM-,,SBLGNT,GNT
48,Galatians,4,8,Galatians 4:8,1,ἀλλά,ἀλλά,C-.--------,,SBLGNT,GNT
48,Galatians,4,8,Galatians 4:8,2,τότε,τότε,D-.--------,,SBLGNT,GNT
48,Galatians,4,8,Galatians 4:8,3,μέν,μέν,C-.--------,,SBLGNT,GNT
48,Galatians,4,8,Galatians 4:8,4,οὐ,οὐ,D-.--------,,SBLGNT,GNT
48,Galatians,4,8,Galatians 4:8,5,εἰδότες,οἶδα,V-.-XAPNPM-,,SBLGNT,GNT
48,Galatians,4,8,Galatians 4:8,6,θεόν,θεός,N-.----ASM-,,SBLGNT,GNT
48,Galatians,4,8,Galatians 4:8,7,ἐδουλεύσατε,δουλεύω,V-.2AAI-P--,,SBLGNT,GNT
48,Galatians,4,8,Galatians 4:8,8,τοῖς,ὁ,RA.----DPM-,,SBLGNT,GNT
48,Galatians,4,8,Galatians 4:8,9,φύσει,φύσις,N-.----DSF-,,SBLGNT,GNT
48,Galatians,4,8,Galatians 4:8,10,μή,μή,D-.--------,,SBLGNT,GNT
48,Galatians,4,8,Galatians 4:8,11,οὖσι(ν),εἰμί,V-.-PAPDPM-,,SBLGNT,GNT
48,Galatians,4,8,Galatians 4:8,12,θεοῖς,θεός,N-.----DPM-,,SBLGNT,GNT
48,Galatians,4,9,Galatians 4:9,1,νῦν,νῦν,D-.--------,,SBLGNT,GNT
48,Galatians,4,9,Galatians 4:9,2,δέ,δέ,C-.--------,,SBLGNT,GNT
48,Galatians,4,9,Galatians 4:9,3,γνόντες,γινώσκω,V-.-AAPNPM-,,SBLGNT,GNT
48,Galatians,4,9,Galatians 4:9,4,θεόν,θεός,N-.----ASM-,,SBLGNT,GNT
48,Galatians,4,9,Galatians 4:9,5,μᾶλλον,μᾶλλον,D-.--------,,SBLGNT,GNT
48,Galatians,4,9,Galatians 4:9,6,δέ,δέ,C-.--------,,SBLGNT,GNT
48,Galatians,4,9,Galatians 4:9,7,γνωσθέντες,γινώσκω,V-.-APPNPM-,,SBLGNT,GNT
48,Galatians,4,9,Galatians 4:9,8,ὑπό,ὑπό,P-.--------,,SBLGNT,GNT
48,Galatians,4,9,Galatians 4:9,9,θεοῦ,θεός,N-.----GSM-,,SBLGNT,GNT
48,Galatians,4,9,Galatians 4:9,10,πῶς,πῶς,D-.--------,,SBLGNT,GNT
48,Galatians,4,9,Galatians 4:9,11,ἐπιστρέφετε,ἐπιστρέφω,V-.2PAI-P--,,SBLGNT,GNT
48,Galatians,4,9,Galatians 4:9,12,πάλιν,πάλιν,D-.--------,,SBLGNT,GNT
48,Galatians,4,9,Galatians 4:9,13,ἐπί,ἐπί,P-.--------,,SBLGNT,GNT
48,Galatians,4,9,Galatians 4:9,14,τά,ὁ,RA.----APN-,,SBLGNT,GNT
48,Galatians,4,9,Galatians 4:9,15,ἀσθενῆ,ἀσθενής,A-.----APN-,,SBLGNT,GNT
48,Galatians,4,9,Galatians 4:9,16,καί,καί,C-.--------,,SBLGNT,GNT
48,Galatians,4,9,Galatians 4:9,17,πτωχά,πτωχός,A-.----APN-,,SBLGNT,GNT
48,Galatians,4,9,Galatians 4:9,18,στοιχεῖα,στοιχεῖον,N-.----APN-,,SBLGNT,GNT
48,Galatians,4,9,Galatians 4:9,19,οἷς,ὅς,RR.----DPN-,,SBLGNT,GNT
48,Galatians,4,9,Galatians 4:9,20,πάλιν,πάλιν,D-.--------,,SBLGNT,GNT
48,Galatians,4,9,Galatians 4:9,21,ἄνωθεν,ἄνωθεν,D-.--------,,SBLGNT,GNT
48,Galatians,4,9,Galatians 4:9,22,δουλεύειν,δουλεύω,V-.-PAN----,,SBLGNT,GNT
48,Galatians,4,9,Galatians 4:9,23,θέλετε,θέλω,V-.2PAI-P--,,SBLGNT,GNT
48,Galatians,4,10,Galatians 4:10,1,ἡμέρας,ἡμέρα,N-.----APF-,,SBLGNT,GNT
48,Galatians,4,10,Galatians 4:10,2,παρατηρεῖσθε,παρατηρέω,V-.2PMI-P--,,SBLGNT,GNT
48,Galatians,4,10,Galatians 4:10,3,καί,καί,C-.--------,,SBLGNT,GNT
48,Galatians,4,10,Galatians 4:10,4,μῆνας,μήν,N-.----APM-,,SBLGNT,GNT
48,Galatians,4,10,Galatians 4:10,5,καί,καί,C-.--------,,SBLGNT,GNT
48,Galatians,4,10,Galatians 4:10,6,καιρούς,καιρός,N-.----APM-,,SBLGNT,GNT
48,Galatians,4,10,Galatians 4:10,7,καί,καί,C-.--------,,SBLGNT,GNT
48,Galatians,4,10,Galatians 4:10,8,ἐνιαυτούς,ἐνιαυτός,N-.----APM-,,SBLGNT,GNT
48,Galatians,4,11,Galatians 4:11,1,φοβοῦμαι,φοβέομαι,V-.1PMI-S--,,SBLGNT,GNT
48,Galatians,4,11,Galatians 4:11,2,ὑμᾶς,σύ,RP.----AP--,,SBLGNT,GNT
48,Galatians,4,11,Galatians 4:11,3,μή,μή,C-.--------,,SBLGNT,GNT
48,Galatians,4,11,Galatians 4:11,4,πώς,πώς,D-.--------,,SBLGNT,GNT
48,Galatians,4,11,Galatians 4:11,5,εἰκῇ,εἰκῇ,D-.--------,,SBLGNT,GNT
48,Galatians,4,11,Galatians 4:11,6,κεκοπίακα,κοπιάω,V-.1XAI-S--,,SBLGNT,GNT
48,Galatians,4,11,Galatians 4:11,7,εἰς,εἰς,P-.--------,,SBLGNT,GNT
48,Galatians,4,11,Galatians 4:11,8,ὑμᾶς,σύ,RP.----AP--,,SBLGNT,GNT
48,Galatians,4,12,Galatians 4:12,1,γίνεσθε,γίνομαι,V-.2PMD-P--,,SBLGNT,GNT
48,Galatians,4,12,Galatians 4:12,2,ὡς,ὡς,C-.--------,,SBLGNT,GNT
48,Galatians,4,12,Galatians 4:12,3,ἐγώ,ἐγώ,RP.----NS--,,SBLGNT,GNT
48,Galatians,4,12,Galatians 4:12,4,ὅτι,ὅτι,C-.--------,,SBLGNT,GNT
48,Galatians,4,12,Galatians 4:12,5,κἀγώ,κἀγώ,RP.----NS--,,SBLGNT,GNT
48,Galatians,4,12,Galatians 4:12,6,ὡς,ὡς,C-.--------,,SBLGNT,GNT
48,Galatians,4,12,Galatians 4:12,7,ὑμεῖς,σύ,RP.----NP--,,SBLGNT,GNT
48,Galatians,4,12,Galatians 4:12,8,ἀδελφοί,ἀδελφός,N-.----VPM-,,SBLGNT,GNT
48,Galatians,4,12,Galatians 4:12,9,δέομαι,δέομαι,V-.1PMI-S--,,SBLGNT,GNT
48,Galatians,4,12,Galatians 4:12,10,ὑμῶν,σύ,RP.----GP--,,SBLGNT,GNT
48,Galatians,4,12,Galatians 4:12,11,οὐδέν,οὐδείς,A-.----ASN-,,SBLGNT,GNT
48,Galatians,4,12,Galatians 4:12,12,με,ἐγώ,RP.----AS--,,SBLGNT,GNT
48,Galatians,4,12,Galatians 4:12,13,ἠδικήσατε,ἀδικέω,V-.2AAI-P--,,SBLGNT,GNT
48,Galatians,4,13,Galatians 4:13,1,οἴδατε,οἶδα,V-.2XAI-P--,,SBLGNT,GNT
48,Galatians,4,13,Galatians 4:13,2,δέ,δέ,C-.--------,,SBLGNT,GNT
48,Galatians,4,13,Galatians 4:13,3,ὅτι,ὅτι,C-.--------,,SBLGNT,GNT
48,Galatians,4,13,Galatians 4:13,4,διά,διά,P-.--------,,SBLGNT,GNT
48,Galatians,4,13,Galatians 4:13,5,ἀσθένειαν,ἀσθένεια,N-.----ASF-,,SBLGNT,GNT
48,Galatians,4,13,Galatians 4:13,6,τῆς,ὁ,RA.----GSF-,,SBLGNT,GNT
48,Galatians,4,13,Galatians 4:13,7,σαρκός,σάρξ,N-.----GSF-,,SBLGNT,GNT
48,Galatians,4,13,Galatians 4:13,8,εὐηγγελισάμην,εὐαγγελίζω,V-.1AMI-S--,,SBLGNT,GNT
48,Galatians,4,13,Galatians 4:13,9,ὑμῖν,σύ,RP.----DP--,,SBLGNT,GNT
48,Galatians,4,13,Galatians 4:13,10,τό,ὁ,RA.----ASN-,,SBLGNT,GNT
48,Galatians,4,13,Galatians 4:13,11,πρότερον,πρότερος,A-.----ASNC,,SBLGNT,GNT
48,Galatians,4,14,Galatians 4:14,1,καί,καί,C-.--------,,SBLGNT,GNT
48,Galatians,4,14,Galatians 4:14,2,τόν,ὁ,RA.----ASM-,,SBLGNT,GNT
48,Galatians,4,14,Galatians 4:14,3,πειρασμόν,πειρασμός,N-.----ASM-,,SBLGNT,GNT
48,Galatians,4,14,Galatians 4:14,4,ὑμῶν,σύ,RP.----GP--,,SBLGNT,GNT
48,Galatians,4,14,Galatians 4:14,5,ἐν,ἐν,P-.--------,,SBLGNT,GNT
48,Galatians,4,14,Galatians 4:14,6,τῇ,ὁ,RA.----DSF-,,SBLGNT,GNT
48,Galatians,4,14,Galatians 4:14,7,σαρκί,σάρξ,N-.----DSF-,,SBLGNT,GNT
48,Galatians,4,14,Galatians 4:14,8,μου,ἐγώ,RP.----GS--,,SBLGNT,GNT
48,Galatians,4,14,Galatians 4:14,9,οὐ,οὐ,D-.--------,,SBLGNT,GNT
48,Galatians,4,14,Galatians 4:14,10,ἐξουθενήσατε,ἐξουθενέω,V-.2AAI-P--,,SBLGNT,GNT
48,Galatians,4,14,Galatians 4:14,11,οὐδέ,οὐδέ,C-.--------,,SBLGNT,GNT
48,Galatians,4,14,Galatians 4:14,12,ἐξεπτύσατε,ἐκπτύω,V-.2AAI-P--,,SBLGNT,GNT
48,Galatians,4,14,Galatians 4:14,13,ἀλλά,ἀλλά,C-.--------,,SBLGNT,GNT
48,Galatians,4,14,Galatians 4:14,14,ὡς,ὡς,C-.--------,,SBLGNT,GNT
48,Galatians,4,14,Galatians 4:14,15,ἄγγελον,ἄγγελος,N-.----ASM-,,SBLGNT,GNT
48,Galatians,4,14,Galatians 4:14,16,θεοῦ,θεός,N-.----GSM-,,SBLGNT,GNT
48,Galatians,4,14,Galatians 4:14,17,ἐδέξασθε,δέχομαι,V-.2AMI-P--,,SBLGNT,GNT
48,Galatians,4,14,Galatians 4:14,18,με,ἐγώ,RP.----AS--,,SBLGNT,GNT
48,Galatians,4,14,Galatians 4:14,19,ὡς,ὡς,C-.--------,,SBLGNT,GNT
48,Galatians,4,14,Galatians 4:14,20,Χριστόν,Χριστός,N-.----ASM-,,SBLGNT,GNT
48,Galatians,4,14,Galatians 4:14,21,Ἰησοῦν,Ἰησοῦς,N-.----ASM-,,SBLGNT,GNT
48,Galatians,4,15,Galatians 4:15,1,ποῦ,ποῦ,D-.--------,,SBLGNT,GNT
48,Galatians,4,15,Galatians 4:15,2,οὖν,οὖν,C-.--------,,SBLGNT,GNT
48,Galatians,4,15,Galatians 4:15,3,ὁ,ὁ,RA.----NSM-,,SBLGNT,GNT
48,Galatians,4,15,Galatians 4:15,4,μακαρισμός,μακαρισμός,N-.----NSM-,,SBLGNT,GNT
48,Galatians,4,15,Galatians 4:15,5,ὑμῶν,σύ,RP.----GP--,,SBLGNT,GNT
48,Galatians,4,15,Galatians 4:15,6,μαρτυρῶ,μαρτυρέω,V-.1PAI-S--,,SBLGNT,GNT
48,Galatians,4,15,Galatians 4:15,7,γάρ,γάρ,C-.--------,,SBLGNT,GNT
48,Galatians,4,15,Galatians 4:15,8,ὑμῖν,σύ,RP.----DP--,,SBLGNT,GNT
48,Galatians,4,15,Galatians 4:15,9,ὅτι,ὅτι,C-.--------,,SBLGNT,GNT
48,Galatians,4,15,Galatians 4:15,10,εἰ,εἰ,C-.--------,,SBLGNT,GNT
48,Galatians,4,15,Galatians 4:15,11,δυνατόν,δυνατός,A-.----NSN-,,SBLGNT,GNT
48,Galatians,4,15,Galatians 4:15,12,τούς,ὁ,RA.----APM-,,SBLGNT,GNT
48,Galatians,4,15,Galatians 4:15,13,ὀφθαλμούς,ὀφθαλμός,N-.----APM-,,SBLGNT,GNT
48,Galatians,4,15,Galatians 4:15,14,ὑμῶν,σύ,RP.----GP--,,SBLGNT,GNT
48,Galatians,4,15,Galatians 4:15,15,ἐξορύξαντες,ἐξορύσσω,V-.-AAPNPM-,,SBLGNT,GNT
48,Galatians,4,15,Galatians 4:15,16,ἐδώκατε,δίδωμι,V-.2AAI-P--,,SBLGNT,GNT
48,Galatians,4,15,Galatians 4:15,17,μοι,ἐγώ,RP.----DS--,,SBLGNT,GNT
48,Galatians,4,16,Galatians 4:16,1,ὥστε,ὥστε,C-.--------,,SBLGNT,GNT
48,Galatians,4,16,Galatians 4:16,2,ἐχθρός,ἐχθρός,A-.----NSM-,,SBLGNT,GNT
48,Galatians,4,16,Galatians 4:16,3,ὑμῶν,σύ,RP.----GP--,,SBLGNT,GNT
48,Galatians,4,16,Galatians 4:16,4,γέγονα,γίνομαι,V-.1XAI-S--,,SBLGNT,GNT
48,Galatians,4,16,Galatians 4:16,5,ἀληθεύων,ἀληθεύω,V-.-PAPNSM-,,SBLGNT,GNT
48,Galatians,4,16,Galatians 4:16,6,ὑμῖν,σύ,RP.----DP--,,SBLGNT,GNT
48,Galatians,4,17,Galatians 4:17,1,ζηλοῦσι(ν),ζηλόω,V-.3PAI-P--,,SBLGNT,GNT
48,Galatians,4,17,Galatians 4:17,2,ὑμᾶς,σύ,RP.----AP--,,SBLGNT,GNT
48,Galatians,4,17,Galatians 4:17,3,οὐ,οὐ,D-.--------,,SBLGNT,GNT
48,Galatians,4,17,Galatians 4:17,4,καλῶς,καλῶς,D-.--------,,SBLGNT,GNT
48,Galatians,4,17,Galatians 4:17,5,ἀλλά,ἀλλά,C-.--------,,SBLGNT,GNT
48,Galatians,4,17,Galatians 4:17,6,ἐκκλεῖσαι,ἐκκλείω,V-.-AAN----,,SBLGNT,GNT
48,Galatians,4,17,Galatians 4:17,7,ὑμᾶς,σύ,RP.----AP--,,SBLGNT,GNT
48,Galatians,4,17,Galatians 4:17,8,θέλουσι(ν),θέλω,V-.3PAI-P--,,SBLGNT,GNT
48,Galatians,4,17,Galatians 4:17,9,ἵνα,ἵνα,C-.--------,,SBLGNT,GNT
48,Galatians,4,17,Galatians 4:17,10,αὐτούς,αὐτός,RP.----APM-,,SBLGNT,GNT
48,Galatians,4,17,Galatians 4:17,11,ζηλοῦτε,ζηλόω,V-.2PAS-P--,,SBLGNT,GNT
48,Galatians,4,18,Galatians 4:18,1,καλόν,καλός,A-.----NSN-,,SBLGNT,GNT
48,Galatians,4,18,Galatians 4:18,2,δέ,δέ,C-.--------,,SBLGNT,GNT
48,Galatians,4,18,Galatians 4:18,3,ζηλοῦσθαι,ζηλόω,V-.-PMN----,,SBLGNT,GNT
48,Galatians,4,18,Galatians 4:18,4,ἐν,ἐν,P-.--------,,SBLGNT,GNT
48,Galatians,4,18,Galatians 4:18,5,καλῷ,καλός,A-.----DSN-,,SBLGNT,GNT
48,Galatians,4,18,Galatians 4:18,6,πάντοτε,πάντοτε,D-.--------,,SBLGNT,GNT
48,Galatians,4,18,Galatians 4:18,7,καί,καί,C-.--------,,SBLGNT,GNT
48,Galatians,4,18,Galatians 4:18,8,μή,μή,D-.--------,,SBLGNT,GNT
48,Galatians,4,18,Galatians 4:18,9,μόνον,μόνος,A-.----ASN-,,SBLGNT,GNT
48,Galatians,4,18,Galatians 4:18,10,ἐν,ἐν,P-.--------,,SBLGNT,GNT
48,Galatians,4,18,Galatians 4:18,11,τῷ,ὁ,RA.----DSN-,,SBLGNT,GNT
48,Galatians,4,18,Galatians 4:18,12,παρεῖναι,πάρειμι,V-.-PAN----,,SBLGNT,GNT
48,Galatians,4,18,Galatians 4:18,13,με,ἐγώ,RP.----AS--,,SBLGNT,GNT
48,Galatians,4,18,Galatians 4:18,14,πρός,πρός,P-.--------,,SBLGNT,GNT
48,Galatians,4,18,Galatians 4:18,15,ὑμᾶς,σύ,RP.----AP--,,SBLGNT,GNT
48,Galatians,4,19,Galatians 4:19,1,τέκνα,τέκνον,N-.----VPN-,,SBLGNT,GNT
48,Galatians,4,19,Galatians 4:19,2,μου,ἐγώ,RP.----GS--,,SBLGNT,GNT
48,Galatians,4,19,Galatians 4:19,3,οὕς,ὅς,RR.----APM-,,SBLGNT,GNT
48,Galatians,4,19,Galatians 4:19,4,πάλιν,πάλιν,D-.--------,,SBLGNT,GNT
48,Galatians,4,19,Galatians 4:19,5,ὠδίνω,ὠδίνω,V-.1PAI-S--,,SBLGNT,GNT
48,Galatians,4,19,Galatians 4:19,6,μέχρι(ς),μέχρι(ς),P-.--------,,SBLGNT,GNT
48,Galatians,4,19,Galatians 4:19,7,οὗ,ὅς,RR.----GSM-,,SBLGNT,GNT
48,Galatians,4,19,Galatians 4:19,8,μορφωθῇ,μορφόω,V-.3APS-S--,,SBLGNT,GNT
48,Galatians,4,19,Galatians 4:19,9,Χριστός,Χριστός,N-.----NSM-,,SBLGNT,GNT
48,Galatians,4,19,Galatians 4:19,10,ἐν,ἐν,P-.--------,,SBLGNT,GNT
48,Galatians,4,19,Galatians 4:19,11,ὑμῖν,σύ,RP.----DP--,,SBLGNT,GNT
48,Galatians,4,20,Galatians 4:20,1,ἤθελον,θέλω,V-.1IAI-S--,,SBLGNT,GNT
48,Galatians,4,20,Galatians 4:20,2,δέ,δέ,C-.--------,,SBLGNT,GNT
48,Galatians,4,20,Galatians 4:20,3,παρεῖναι,πάρειμι,V-.-PAN----,,SBLGNT,GNT
48,Galatians,4,20,Galatians 4:20,4,πρός,πρός,P-.--------,,SBLGNT,GNT
48,Galatians,4,20,Galatians 4:20,5,ὑμᾶς,σύ,RP.----AP--,,SBLGNT,GNT
48,Galatians,4,20,Galatians 4:20,6,ἄρτι,ἄρτι,D-.--------,,SBLGNT,GNT
48,Galatians,4,20,Galatians 4:20,7,καί,καί,C-.--------,,SBLGNT,GNT
48,Galatians,4,20,Galatians 4:20,8,ἀλλάξαι,ἀλλάσσω,V-.-AAN----,,SBLGNT,GNT
48,Galatians,4,20,Galatians 4:20,9,τήν,ὁ,RA.----ASF-,,SBLGNT,GNT
48,Galatians,4,20,Galatians 4:20,10,φωνήν,φωνή,N-.----ASF-,,SBLGNT,GNT
48,Galatians,4,20,Galatians 4:20,11,μου,ἐγώ,RP.----GS--,,SBLGNT,GNT
48,Galatians,4,20,Galatians 4:20,12,ὅτι,ὅτι,C-.--------,,SBLGNT,GNT
48,Galatians,4,20,Galatians 4:20,13,ἀποροῦμαι,ἀπορέω,V-.1PMI-S--,,SBLGNT,GNT
48,Galatians,4,20,Galatians 4:20,14,ἐν,ἐν,P-.--------,,SBLGNT,GNT
48,Galatians,4,20,Galatians 4:20,15,ὑμῖν,σύ,RP.----DP--,,SBLGNT,GNT
48,Galatians,4,21,Galatians 4:21,1,λέγετε,λέγω,V-.2PAD-P--,,SBLGNT,GNT
48,Galatians,4,21,Galatians 4:21,2,μοι,ἐγώ,RP.----DS--,,SBLGNT,GNT
48,Galatians,4,21,Galatians 4:21,3,οἱ,ὁ,RA.----NPM-,,SBLGNT,GNT
48,Galatians,4,21,Galatians 4:21,4,ὑπό,ὑπό,P-.--------,,SBLGNT,GNT
48,Galatians,4,21,Galatians 4:21,5,νόμον,νόμος,N-.----ASM-,,SBLGNT,GNT
48,Galatians,4,21,Galatians 4:21,6,θέλοντες,θέλω,V-.-PAPNPM-,,SBLGNT,GNT
48,Galatians,4,21,Galatians 4:21,7,εἶναι,εἰμί,V-.-PAN----,,SBLGNT,GNT
48,Galatians,4,21,Galatians 4:21,8,τόν,ὁ,RA.----ASM-,,SBLGNT,GNT
48,Galatians,4,21,Galatians 4:21,9,νόμον,νόμος,N-.----ASM-,,SBLGNT,GNT
48,Galatians,4,21,Galatians 4:21,10,οὐ,οὐ,D-.--------,,SBLGNT,GNT
48,Galatians,4,21,Galatians 4:21,11,ἀκούετε,ἀκούω,V-.2PAI-P--,,SBLGNT,GNT
48,Galatians,4,22,Galatians 4:22,1,γέγραπται,γράφω,V-.3XPI-S--,,SBLGNT,GNT
48,Galatians,4,22,Galatians 4:22,2,γάρ,γάρ,C-.--------,,SBLGNT,GNT
48,Galatians,4,22,Galatians 4:22,3,ὅτι,ὅτι,C-.--------,,SBLGNT,GNT
48,Galatians,4,22,Galatians 4:22,4,Ἀβραάμ,Ἀβραάμ,N-.----NSM-,,SBLGNT,GNT
48,Galatians,4,22,Galatians 4:22,5,δύο,δύο,A-.----APM-,,SBLGNT,GNT
48,Galatians,4,22,Galatians 4:22,6,υἱούς,υἱός,N-.----APM-,,SBLGNT,GNT
48,Galatians,4,22,Galatians 4:22,7,ἔσχε(ν),ἔχω,V-.3AAI-S--,,SBLGNT,GNT
48,Galatians,4,22,Galatians 4:22,8,ἕνα,εἷς,A-.----ASM-,,SBLGNT,GNT
48,Galatians,4,22,Galatians 4:22,9,ἐκ,ἐκ,P-.--------,,SBLGNT,GNT
48,Galatians,4,22,Galatians 4:22,10,τῆς,ὁ,RA.----GSF-,,SBLGNT,GNT
48,Galatians,4,22,Galatians 4:22,11,παιδίσκης,παιδίσκη,N-.----GSF-,,SBLGNT,GNT
48,Galatians,4,22,Galatians 4:22,12,καί,καί,C-.--------,,SBLGNT,GNT
48,Galatians,4,22,Galatians 4:22,13,ἕνα,εἷς,A-.----ASM-,,SBLGNT,GNT
48,Galatians,4,22,Galatians 4:22,14,ἐκ,ἐκ,P-.--------,,SBLGNT,GNT
48,Galatians,4,22,Galatians 4:22,15,τῆς,ὁ,RA.----GSF-,,SBLGNT,GNT
48,Galatians,4,22,Galatians 4:22,16,ἐλευθέρας,ἐλεύθερος,A-.----GSF-,,SBLGNT,GNT
48,Galatians,4,23,Galatians 4:23,1,ἀλλά,ἀλλά,C-.--------,,SBLGNT,GNT
48,Galatians,4,23,Galatians 4:23,2,ὁ,ὁ,RA.----NSM-,,SBLGNT,GNT
48,Galatians,4,23,Galatians 4:23,3,μέν,μέν,C-.--------,,SBLGNT,GNT
48,Galatians,4,23,Galatians 4:23,4,ἐκ,ἐκ,P-.--------,,SBLGNT,GNT
48,Galatians,4,23,Galatians 4:23,5,τῆς,ὁ,RA.----GSF-,,SBLGNT,GNT
48,Galatians,4,23,Galatians 4:23,6,παιδίσκης,παιδίσκη,N-.----GSF-,,SBLGNT,GNT
48,Galatians,4,23,Galatians 4:23,7,κατά,κατά,P-.--------,,SBLGNT,GNT
48,Galatians,4,23,Galatians 4:23,8,σάρκα,σάρξ,N-.----ASF-,,SBLGNT,GNT
48,Galatians,4,23,Galatians 4:23,9,γεγέννηται,γεννάω,V-.3XPI-S--,,SBLGNT,GNT
48,Galatians,4,23,Galatians 4:23,10,ὁ,ὁ,RA.----NSM-,,SBLGNT,GNT
48,Galatians,4,23,Galatians 4:23,11,δέ,δέ,C-.--------,,SBLGNT,GNT
48,Galatians,4,23,Galatians 4:23,12,ἐκ,ἐκ,P-.--------,,SBLGNT,GNT
48,Galatians,4,23,Galatians 4:23,13,τῆς,ὁ,RA.----GSF-,,SBLGNT,GNT
48,Galatians,4,23,Galatians 4:23,14,ἐλευθέρας,ἐλεύθερος,A-.----GSF-,,SBLGNT,GNT
48,Galatians,4,23,Galatians 4:23,15,διά,διά,P-.--------,,SBLGNT,GNT
48,Galatians,4,23,Galatians 4:23,16,ἐπαγγελίας,ἐπαγγελία,N-.----GSF-,,SBLGNT,GNT
48,Galatians,4,24,Galatians 4:24,1,ἅτινα,ὅστις,RR.----NPN-,,SBLGNT,GNT
48,Galatians,4,24,Galatians 4:24,2,ἐστί(ν),εἰμί,V-.3PAI-S--,,SBLGNT,GNT
48,Galatians,4,24,Galatians 4:24,3,ἀλληγορούμενα,ἀλληγορέω,V-.-PPPNPN-,,SBLGNT,GNT
48,Galatians,4,24,Galatians 4:24,4,αὗται,οὗτος,RD.----NPF-,,SBLGNT,GNT
48,Galatians,4,24,Galatians 4:24,5,γάρ,γάρ,C-.--------,,SBLGNT,GNT
48,Galatians,4,24,Galatians 4:24,6,εἰσί(ν),εἰμί,V-.3PAI-P--,,SBLGNT,GNT
48,Galatians,4,24,Galatians 4:24,7,δύο,δύο,A-.----NPF-,,SBLGNT,GNT
48,Galatians,4,24,Galatians 4:24,8,διαθῆκαι,διαθήκη,N-.----NPF-,,SBLGNT,GNT
48,Galatians,4,24,Galatians 4:24,9,μία,εἷς,A-.----NSF-,,SBLGNT,GNT
48,Galatians,4,24,Galatians 4:24,10,μέν,μέν,C-.--------,,SBLGNT,GNT
48,Galatians,4,24,Galatians 4:24,11,ἀπό,ἀπό,P-.--------,,SBLGNT,GNT
48,Galatians,4,24,Galatians 4:24,12,ὄρους,ὄρος,N-.----GSN-,,SBLGNT,GNT
48,Galatians,4,24,Galatians 4:24,13,Σινᾶ,Σινᾶ,N-.----GSN-,,SBLGNT,GNT
48,Galatians,4,24,Galatians 4:24,14,εἰς,εἰς,P-.--------,,SBLGNT,GNT
48,Galatians,4,24,Galatians 4:24,15,δουλείαν,δουλεία,N-.----ASF-,,SBLGNT,GNT
48,Galatians,4,24,Galatians 4:24,16,γεννῶσα,γεννάω,V-.-PAPNSF-,,SBLGNT,GNT
48,Galatians,4,24,Galatians 4:24,17,ἥτις,ὅστις,RR.----NSF-,,SBLGNT,GNT
48,Galatians,4,24,Galatians 4:24,18,ἐστί(ν),εἰμί,V-.3PAI-S--,,SBLGNT,GNT
48,Galatians,4,24,Galatians 4:24,19,Ἁγάρ,Ἁγάρ,N-.----NSF-,,SBLGNT,GNT
48,Galatians,4,25,Galatians 4:25,1,τό,ὁ,RA.----NSN-,,SBLGNT,GNT
48,Galatians,4,25,Galatians 4:25,2,δέ,δέ,C-.--------,,SBLGNT,GNT
48,Galatians,4,25,Galatians 4:25,3,Ἁγάρ,Ἁγάρ,N-.----NSF-,,SBLGNT,GNT
48,Galatians,4,25,Galatians 4:25,4,Σινᾶ,Σινᾶ,N-.----NSN-,,SBLGNT,GNT
48,Galatians,4,25,Galatians 4:25,5,ὄρος,ὄρος,N-.----NSN-,,SBLGNT,GNT
48,Galatians,4,25,Galatians 4:25,6,ἐστί(ν),εἰμί,V-.3PAI-S--,,SBLGNT,GNT
48,Galatians,4,25,Galatians 4:25,7,ἐν,ἐν,P-.--------,,SBLGNT,GNT
48,Galatians,4,25,Galatians 4:25,8,τῇ,ὁ,RA.----DSF-,,SBLGNT,GNT
48,Galatians,4,25,Galatians 4:25,9,Ἀραβίᾳ,Ἀραβία,N-.----DSF-,,SBLGNT,GNT
48,Galatians,4,25,Galatians 4:25,10,συστοιχεῖ,συστοιχέω,V-.3PAI-S--,,SBLGNT,GNT
48,Galatians,4,25,Galatians 4:25,11,δέ,δέ,C-.--------,,SBLGNT,GNT
48,Galatians,4,25,Galatians 4:25,12,τῇ,ὁ,RA.----DSF-,,SBLGNT,GNT
48,Galatians,4,25,Galatians 4:25,13,νῦν,νῦν,D-.--------,,SBLGNT,GNT
48,Galatians,4,25,Galatians 4:25,14,Ἰερουσαλήμ,Ἰερουσαλήμ,N-.----DSF-,,SBLGNT,GNT
48,Galatians,4,25,Galatians 4:25,15,δουλεύει,δουλεύω,V-.3PAI-S--,,SBLGNT,GNT
48,Galatians,4,25,Galatians 4:25,16,γάρ,γάρ,C-.--------,,SBLGNT,GNT
48,Galatians,4,25,Galatians 4:25,17,μετά,μετά,P-.--------,,SBLGNT,GNT
48,Galatians,4,25,Galatians 4:25,18,τῶν,ὁ,RA.----GPN-,,SBLGNT,GNT
48,Galatians,4,25,Galatians 4:25,19,τέκνων,τέκνον,N-.----GPN-,,SBLGNT,GNT
48,Galatians,4,25,Galatians 4:25,20,αὐτῆς,αὐτός,RP.----GSF-,,SBLGNT,GNT
48,Galatians,4,26,Galatians 4:26,1,ἡ,ὁ,RA.----NSF-,,SBLGNT,GNT
48,Galatians,4,26,Galatians 4:26,2,δέ,δέ,C-.--------,,SBLGNT,GNT
48,Galatians,4,26,Galatians 4:26,3,ἄνω,ἄνω,D-.--------,,SBLGNT,GNT
48,Galatians,4,26,Galatians 4:26,4,Ἰερουσαλήμ,Ἰερουσαλήμ,N-.----NSF-,,SBLGNT,GNT
48,Galatians,4,26,Galatians 4:26,5,ἐλευθέρα,ἐλεύθερος,A-.----NSF-,,SBLGNT,GNT
48,Galatians,4,26,Galatians 4:26,6,ἐστί(ν),εἰμί,V-.3PAI-S--,,SBLGNT,GNT
48,Galatians,4,26,Galatians 4:26,7,ἥτις,ὅστις,RR.----NSF-,,SBLGNT,GNT
48,Galatians,4,26,Galatians 4:26,8,ἐστί(ν),εἰμί,V-.3PAI-S--,,SBLGNT,GNT
48,Galatians,4,26,Galatians 4:26,9,μήτηρ,μήτηρ,N-.----NSF-,,SBLGNT,GNT
48,Galatians,4,26,Galatians 4:26,10,ἡμῶν,ἐγώ,RP.----GP--,,SBLGNT,GNT
48,Galatians,4,27,Galatians 4:27,1,γέγραπται,γράφω,V-.3XPI-S--,,SBLGNT,GNT
48,Galatians,4,27,Galatians 4:27,2,γάρ,γάρ,C-.--------,,SBLGNT,GNT
48,Galatians,4,27,Galatians 4:27,3,εὐφράνθητι,εὐφραίνω,V-.2APD-S--,,SBLGNT,GNT
48,Galatians,4,27,Galatians 4:27,4,στεῖρα,στεῖρα,A-.----VSF-,,SBLGNT,GNT
48,Galatians,4,27,Galatians 4:27,5,ἡ,ὁ,RA.----NSF-,,SBLGNT,GNT
48,Galatians,4,27,Galatians 4:27,6,οὐ,οὐ,D-.--------,,SBLGNT,GNT
48,Galatians,4,27,Galatians 4:27,7,τίκτουσα,τίκτω,V-.-PAPNSF-,,SBLGNT,GNT
48,Galatians,4,27,Galatians 4:27,8,ῥῆξον,ῥήγνυμι,V-.2AAD-S--,,SBLGNT,GNT
48,Galatians,4,27,Galatians 4:27,9,καί,καί,C-.--------,,SBLGNT,GNT
48,Galatians,4,27,Galatians 4:27,10,βόησον,βοάω,V-.2AAD-S--,,SBLGNT,GNT
48,Galatians,4,27,Galatians 4:27,11,ἡ,ὁ,RA.----NSF-,,SBLGNT,GNT
48,Galatians,4,27,Galatians 4:27,12,οὐ,οὐ,D-.--------,,SBLGNT,GNT
48,Galatians,4,27,Galatians 4:27,13,ὠδίνουσα,ὠδίνω,V-.-PAPNSF-,,SBLGNT,GNT
48,Galatians,4,27,Galatians 4:27,14,ὅτι,ὅτι,C-.--------,,SBLGNT,GNT
48,Galatians,4,27,Galatians 4:27,15,πολλά,πολύς,A-.----NPN-,,SBLGNT,GNT
48,Galatians,4,27,Galatians 4:27,16,τά,ὁ,RA.----NPN-,,SBLGNT,GNT
48,Galatians,4,27,Galatians 4:27,17,τέκνα,τέκνον,N-.----NPN-,,SBLGNT,GNT
48,Galatians,4,27,Galatians 4:27,18,τῆς,ὁ,RA.----GSF-,,SBLGNT,GNT
48,Galatians,4,27,Galatians 4:27,19,ἐρήμου,ἔρημος,A-.----GSF-,,SBLGNT,GNT
48,Galatians,4,27,Galatians 4:27,20,μᾶλλον,μᾶλλον,D-.--------,,SBLGNT,GNT
48,Galatians,4,27,Galatians 4:27,21,ἤ,ἤ,C-.--------,,SBLGNT,GNT
48,Galatians,4,27,Galatians 4:27,22,τῆς,ὁ,RA.----GSF-,,SBLGNT,GNT
48,Galatians,4,27,Galatians 4:27,23,ἐχούσης,ἔχω,V-.-PAPGSF-,,SBLGNT,GNT
48,Galatians,4,27,Galatians 4:27,24,τόν,ὁ,RA.----ASM-,,SBLGNT,GNT
48,Galatians,4,27,Galatians 4:27,25,ἄνδρα,ἀνήρ,N-.----ASM-,,SBLGNT,GNT
48,Galatians,4,28,Galatians 4:28,1,ὑμεῖς,σύ,RP.----NP--,,SBLGNT,GNT
48,Galatians,4,28,Galatians 4:28,2,δέ,δέ,C-.--------,,SBLGNT,GNT
48,Galatians,4,28,Galatians 4:28,3,ἀδελφοί,ἀδελφός,N-.----VPM-,,SBLGNT,GNT
48,Galatians,4,28,Galatians 4:28,4,κατά,κατά,P-.--------,,SBLGNT,GNT
48,Galatians,4,28,Galatians 4:28,5,Ἰσαάκ,Ἰσαάκ,N-.----ASM-,,SBLGNT,GNT
48,Galatians,4,28,Galatians 4:28,6,ἐπαγγελίας,ἐπαγγελία,N-.----GSF-,,SBLGNT,GNT
48,Galatians,4,28,Galatians 4:28,7,τέκνα,τέκνον,N-.----NPN-,,SBLGNT,GNT
48,Galatians,4,28,Galatians 4:28,8,ἐστέ,εἰμί,V-.2PAI-P--,,SBLGNT,GNT
48,Galatians,4,29,Galatians 4:29,1,ἀλλά,ἀλλά,C-.--------,,SBLGNT,GNT
48,Galatians,4,29,Galatians 4:29,2,ὥσπερ,ὥσπερ,C-.--------,,SBLGNT,GNT
48,Galatians,4,29,Galatians 4:29,3,τότε,τότε,D-.--------,,SBLGNT,GNT
48,Galatians,4,29,Galatians 4:29,4,ὁ,ὁ,RA.----NSM-,,SBLGNT,GNT
48,Galatians,4,29,Galatians 4:29,5,κατά,κατά,P-.--------,,SBLGNT,GNT
48,Galatians,4,29,Galatians 4:29,6,σάρκα,σάρξ,N-.----ASF-,,SBLGNT,GNT
48,Galatians,4,29,Galatians 4:29,7,γεννηθείς,γεννάω,V-.-APPNSM-,,SBLGNT,GNT
48,Galatians,4,29,Galatians 4:29,8,ἐδίωκε(ν),διώκω,V-.3IAI-S--,,SBLGNT,GNT
48,Galatians,4,29,Galatians 4:29,9,τόν,ὁ,RA.----ASM-,,SBLGNT,GNT
48,Galatians,4,29,Galatians 4:29,10,κατά,κατά,P-.--------,,SBLGNT,GNT
48,Galatians,4,29,Galatians 4:29,11,πνεῦμα,πνεῦμα,N-.----ASN-,,SBLGNT,GNT
48,Galatians,4,29,Galatians 4:29,12,οὕτω(ς),οὕτω(ς),D-.--------,,SBLGNT,GNT
48,Galatians,4,29,Galatians 4:29,13,καί,καί,D-.--------,,SBLGNT,GNT
48,Galatians,4,29,Galatians 4:29,14,νῦν,νῦν,D-.--------,,SBLGNT,GNT
48,Galatians,4,30,Galatians 4:30,1,ἀλλά,ἀλλά,C-.--------,,SBLGNT,GNT
48,Galatians,4,30,Galatians 4:30,2,τί,τίς,RI.----ASN-,,SBLGNT,GNT
48,Galatians,4,30,Galatians 4:30,3,λέγει,λέγω,V-.3PAI-S--,,SBLGNT,GNT
48,Galatians,4,30,Galatians 4:30,4,ἡ,ὁ,RA.----NSF-,,SBLGNT,GNT
48,Galatians,4,30,Galatians 4:30,5,γραφή,γραφή,N-.----NSF-,,SBLGNT,GNT
48,Galatians,4,30,Galatians 4:30,6,ἔκβαλε,ἐκβάλλω,V-.2AAD-S--,,SBLGNT,GNT
48,Galatians,4,30,Galatians 4:30,7,τήν,ὁ,RA.----ASF-,,SBLGNT,GNT
48,Galatians,4,30,Galatians 4:30,8,παιδίσκην,παιδίσκη,N-.----ASF-,,SBLGNT,GNT
48,Galatians,4,30,Galatians 4:30,9,καί,καί,C-.--------,,SBLGNT,GNT
48,Galatians,4,30,Galatians 4:30,10,τόν,ὁ,RA.----ASM-,,SBLGNT,GNT
48,Galatians,4,30,Galatians 4:30,11,υἱόν,υἱός,N-.----ASM-,,SBLGNT,GNT
48,Galatians,4,30,Galatians 4:30,12,αὐτῆς,αὐτός,RP.----GSF-,,SBLGNT,GNT
48,Galatians,4,30,Galatians 4:30,13,οὐ,οὐ,D-.--------,,SBLGNT,GNT
48,Galatians,4,30,Galatians 4:30,14,γάρ,γάρ,C-.--------,,SBLGNT,GNT
48,Galatians,4,30,Galatians 4:30,15,μή,μή,D-.--------,,SBLGNT,GNT
48,Galatians,4,30,Galatians 4:30,16,κληρονομήσει,κληρονομέω,V-.3FAI-S--,,SBLGNT,GNT
48,Galatians,4,30,Galatians 4:30,17,ὁ,ὁ,RA.----NSM-,,SBLGNT,GNT
48,Galatians,4,30,Galatians 4:30,18,υἱός,υἱός,N-.----NSM-,,SBLGNT,GNT
48,Galatians,4,30,Galatians 4:30,19,τῆς,ὁ,RA.----GSF-,,SBLGNT,GNT
48,Galatians,4,30,Galatians 4:30,20,παιδίσκης,παιδίσκη,N-.----GSF-,,SBLGNT,GNT
48,Galatians,4,30,Galatians 4:30,21,μετά,μετά,P-.--------,,SBLGNT,GNT
48,Galatians,4,30,Galatians 4:30,22,τοῦ,ὁ,RA.----GSM-,,SBLGNT,GNT
48,Galatians,4,30,Galatians 4:30,23,υἱοῦ,υἱός,N-.----GSM-,,SBLGNT,GNT
48,Galatians,4,30,Galatians 4:30,24,τῆς,ὁ,RA.----GSF-,,SBLGNT,GNT
48,Galatians,4,30,Galatians 4:30,25,ἐλευθέρας,ἐλεύθερος,A-.----GSF-,,SBLGNT,GNT
48,Galatians,4,31,Galatians 4:31,1,διό,διό,C-.--------,,SBLGNT,GNT
48,Galatians,4,31,Galatians 4:31,2,ἀδελφοί,ἀδελφός,N-.----VPM-,,SBLGNT,GNT
48,Galatians,4,31,Galatians 4:31,3,οὐ,οὐ,D-.--------,,SBLGNT,GNT
48,Galatians,4,31,Galatians 4:31,4,ἐσμέν,εἰμί,V-.1PAI-P--,,SBLGNT,GNT
48,Galatians,4,31,Galatians 4:31,5,παιδίσκης,παιδίσκη,N-.----GSF-,,SBLGNT,GNT
48,Galatians,4,31,Galatians 4:31,6,τέκνα,τέκνον,N-.----NPN-,,SBLGNT,GNT
48,Galatians,4,31,Galatians 4:31,7,ἀλλά,ἀλλά,C-.--------,,SBLGNT,GNT
48,Galatians,4,31,Galatians 4:31,8,τῆς,ὁ,RA.----GSF-,,SBLGNT,GNT
48,Galatians,4,31,Galatians 4:31,9,ἐλευθέρας,ἐλεύθερος,A-.----GSF-,,SBLGNT,GNT
48,Galatians,5,1,Galatians 5:1,1,τῇ,ὁ,RA.----DSF-,,SBLGNT,GNT
48,Galatians,5,1,Galatians 5:1,2,ἐλευθερίᾳ,ἐλευθερία,N-.----DSF-,,SBLGNT,GNT
48,Galatians,5,1,Galatians 5:1,3,ἡμᾶς,ἐγώ,RP.----AP--,,SBLGNT,GNT
48,Galatians,5,1,Galatians 5:1,4,Χριστός,Χριστός,N-.----NSM-,,SBLGNT,GNT
48,Galatians,5,1,Galatians 5:1,5,ἠλευθέρωσε(ν),ἐλευθερόω,V-.3AAI-S--,,SBLGNT,GNT
48,Galatians,5,1,Galatians 5:1,6,στήκετε,στήκω,V-.2PAD-P--,,SBLGNT,GNT
48,Galatians,5,1,Galatians 5:1,7,οὖν,οὖν,C-.--------,,SBLGNT,GNT
48,Galatians,5,1,Galatians 5:1,8,καί,καί,C-.--------,,SBLGNT,GNT
48,Galatians,5,1,Galatians 5:1,9,μή,μή,D-.--------,,SBLGNT,GNT
48,Galatians,5,1,Galatians 5:1,10,πάλιν,πάλιν,D-.--------,,SBLGNT,GNT
48,Galatians,5,1,Galatians 5:1,11,ζυγῷ,ζυγός,N-.----DSM-,,SBLGNT,GNT
48,Galatians,5,1,Galatians 5:1,12,δουλείας,δουλεία,N-.----GSF-,,SBLGNT,GNT
48,Galatians,5,1,Galatians 5:1,13,ἐνέχεσθε,ἐνέχω,V-.2PPD-P--,,SBLGNT,GNT
48,Galatians,5,2,Galatians 5:2,1,ἴδε,ἴδε,X-.--------,,SBLGNT,GNT
48,Galatians,5,2,Galatians 5:2,2,ἐγώ,ἐγώ,RP.----NS--,,SBLGNT,GNT
48,Galatians,5,2,Galatians 5:2,3,Παῦλος,Παῦλος,N-.----NSM-,,SBLGNT,GNT
48,Galatians,5,2,Galatians 5:2,4,λέγω,λέγω,V-.1PAI-S--,,SBLGNT,GNT
48,Galatians,5,2,Galatians 5:2,5,ὑμῖν,σύ,RP.----DP--,,SBLGNT,GNT
48,Galatians,5,2,Galatians 5:2,6,ὅτι,ὅτι,C-.--------,,SBLGNT,GNT
48,Galatians,5,2,Galatians 5:2,7,ἐάν,ἐάν,C-.--------,,SBLGNT,GNT
48,Galatians,5,2,Galatians 5:2,8,περιτέμνησθε,περιτέμνω,V-.2PPS-P--,,SBLGNT,GNT
48,Galatians,5,2,Galatians 5:2,9,Χριστός,Χριστός,N-.----NSM-,,SBLGNT,GNT
48,Galatians,5,2,Galatians 5:2,10,ὑμᾶς,σύ,RP.----AP--,,SBLGNT,GNT
48,Galatians,5,2,Galatians 5:2,11,οὐδέν,οὐδείς,A-.----ASN-,,SBLGNT,GNT
48,Galatians,5,2,Galatians 5:2,12,ὠφελήσει,ὠφελέω,V-.3FAI-S--,,SBLGNT,GNT
48,Galatians,5,3,Galatians 5:3,1,μαρτύρομαι,μαρτύρομαι,V-.1PMI-S--,,SBLGNT,GNT
48,Galatians,5,3,Galatians 5:3,2,δέ,δέ,C-.--------,,SBLGNT,GNT
48,Galatians,5,3,Galatians 5:3,3,πάλιν,πάλιν,D-.--------,,SBLGNT,GNT
48,Galatians,5,3,Galatians 5:3,4,παντί,πᾶς,A-.----DSM-,,SBLGNT,GNT
48,Galatians,5,3,Galatians 5:3,5,ἀνθρώπῳ,ἄνθρωπος,N-.----DSM-,,SBLGNT,GNT
48,Galatians,5,3,Galatians 5:3,6,περιτεμνομένῳ,περιτέμνω,V-.-PPPDSM-,,SBLGNT,GNT
48,Galatians,5,3,Galatians 5:3,7,ὅτι,ὅτι,C-.--------,,SBLGNT,GNT
48,Galatians,5,3,Galatians 5:3,8,ὀφειλέτης,ὀφειλέτης,N-.----NSM-,,SBLGNT,GNT
48,Galatians,5,3,Galatians 5:3,9,ἐστί(ν),εἰμί,V-.3PAI-S--,,SBLGNT,GNT
48,Galatians,5,3,Galatians 5:3,10,ὅλον,ὅλος,A-.----ASM-,,SBLGNT,GNT
48,Galatians,5,3,Galatians 5:3,11,τόν,ὁ,RA.----ASM-,,SBLGNT,GNT
48,Galatians,5,3,Galatians 5:3,12,νόμον,νόμος,N-.----ASM-,,SBLGNT,GNT
48,Galatians,5,3,Galatians 5:3,13,ποιῆσαι,ποιέω,V-.-AAN----,,SBLGNT,GNT
48,Galatians,5,4,Galatians 5:4,1,κατηργήθητε,καταργέω,V-.2API-P--,,SBLGNT,GNT
48,Galatians,5,4,Galatians 5:4,2,ἀπό,ἀπό,P-.--------,,SBLGNT,GNT
48,Galatians,5,4,Galatians 5:4,3,Χριστοῦ,Χριστός,N-.----GSM-,,SBLGNT,GNT
48,Galatians,5,4,Galatians 5:4,4,οἵτινες,ὅστις,RR.----NPM-,,SBLGNT,GNT
48,Galatians,5,4,Galatians 5:4,5,ἐν,ἐν,P-.--------,,SBLGNT,GNT
48,Galatians,5,4,Galatians 5:4,6,νόμῳ,νόμος,N-.----DSM-,,SBLGNT,GNT
48,Galatians,5,4,Galatians 5:4,7,δικαιοῦσθε,δικαιόω,V-.2PPI-P--,,SBLGNT,GNT
48,Galatians,5,4,Galatians 5:4,8,τῆς,ὁ,RA.----GSF-,,SBLGNT,GNT
48,Galatians,5,4,Galatians 5:4,9,χάριτος,χάρις,N-.----GSF-,,SBLGNT,GNT
48,Galatians,5,4,Galatians 5:4,10,ἐξεπέσατε,ἐκπίπτω,V-.2AAI-P--,,SBLGNT,GNT
48,Galatians,5,5,Galatians 5:5,1,ἡμεῖς,ἐγώ,RP.----NP--,,SBLGNT,GNT
48,Galatians,5,5,Galatians 5:5,2,γάρ,γάρ,C-.--------,,SBLGNT,GNT
48,Galatians,5,5,Galatians 5:5,3,πνεύματι,πνεῦμα,N-.----DSN-,,SBLGNT,GNT
48,Galatians,5,5,Galatians 5:5,4,ἐκ,ἐκ,P-.--------,,SBLGNT,GNT
48,Galatians,5,5,Galatians 5:5,5,πίστεως,πίστις,N-.----GSF-,,SBLGNT,GNT
48,Galatians,5,5,Galatians 5:5,6,ἐλπίδα,ἐλπίς,N-.----ASF-,,SBLGNT,GNT
48,Galatians,5,5,Galatians 5:5,7,δικαιοσύνης,δικαιοσύνη,N-.----GSF-,,SBLGNT,GNT
48,Galatians,5,5,Galatians 5:5,8,ἀπεκδεχόμεθα,ἀπεκδέχομαι,V-.1PMI-P--,,SBLGNT,GNT
48,Galatians,5,6,Galatians 5:6,1,ἐν,ἐν,P-.--------,,SBLGNT,GNT
48,Galatians,5,6,Galatians 5:6,2,γάρ,γάρ,C-.--------,,SBLGNT,GNT
48,Galatians,5,6,Galatians 5:6,3,Χριστῷ,Χριστός,N-.----DSM-,,SBLGNT,GNT
48,Galatians,5,6,Galatians 5:6,4,Ἰησοῦ,Ἰησοῦς,N-.----DSM-,,SBLGNT,GNT
48,Galatians,5,6,Galatians 5:6,5,οὔτε,οὔτε,C-.--------,,SBLGNT,GNT
48,Galatians,5,6,Galatians 5:6,6,περιτομή,περιτομή,N-.----NSF-,,SBLGNT,GNT
48,Galatians,5,6,Galatians 5:6,7,τὶ,τις,RI.----ASN-,,SBLGNT,GNT
48,Galatians,5,6,Galatians 5:6,8,ἰσχύει,ἰσχύω,V-.3PAI-S--,,SBLGNT,GNT
48,Galatians,5,6,Galatians 5:6,9,οὔτε,οὔτε,C-.--------,,SBLGNT,GNT
48,Galatians,5,6,Galatians 5:6,10,ἀκροβυστία,ἀκροβυστία,N-.----NSF-,,SBLGNT,GNT
48,Galatians,5,6,Galatians 5:6,11,ἀλλά,ἀλλά,C-.--------,,SBLGNT,GNT
48,Galatians,5,6,Galatians 5:6,12,πίστις,πίστις,N-.----NSF-,,SBLGNT,GNT
48,Galatians,5,6,Galatians 5:6,13,διά,διά,P-.--------,,SBLGNT,GNT
48,Galatians,5,6,Galatians 5:6,14,ἀγάπης,ἀγάπη,N-.----GSF-,,SBLGNT,GNT
48,Galatians,5,6,Galatians 5:6,15,ἐνεργουμένη,ἐνεργέω,V-.-PMPNSF-,,SBLGNT,GNT
48,Galatians,5,7,Galatians 5:7,1,ἐτρέχετε,τρέχω,V-.2IAI-P--,,SBLGNT,GNT
48,Galatians,5,7,Galatians 5:7,2,καλῶς,καλῶς,D-.--------,,SBLGNT,GNT
48,Galatians,5,7,Galatians 5:7,3,τίς,τίς,RI.----NSM-,,SBLGNT,GNT
48,Galatians,5,7,Galatians 5:7,4,ὑμᾶς,σύ,RP.----AP--,,SBLGNT,GNT
48,Galatians,5,7,Galatians 5:7,5,ἐνέκοψε(ν),ἐγκόπτω,V-.3AAI-S--,,SBLGNT,GNT
48,Galatians,5,7,Galatians 5:7,6,τῇ,ὁ,RA.----DSF-,,SBLGNT,GNT
48,Galatians,5,7,Galatians 5:7,7,ἀληθείᾳ,ἀλήθεια,N-.----DSF-,,SBLGNT,GNT
48,Galatians,5,7,Galatians 5:7,8,μή,μή,D-.--------,,SBLGNT,GNT
48,Galatians,5,7,Galatians 5:7,9,πείθεσθαι,πείθω,V-.-PPN----,,SBLGNT,GNT
48,Galatians,5,8,Galatians 5:8,1,ἡ,ὁ,RA.----NSF-,,SBLGNT,GNT
48,Galatians,5,8,Galatians 5:8,2,πεισμονή,πεισμονή,N-.----NSF-,,SBLGNT,GNT
48,Galatians,5,8,Galatians 5:8,3,οὐ,οὐ,D-.--------,,SBLGNT,GNT
48,Galatians,5,8,Galatians 5:8,4,ἐκ,ἐκ,P-.--------,,SBLGNT,GNT
48,Galatians,5,8,Galatians 5:8,5,τοῦ,ὁ,RA.----GSM-,,SBLGNT,GNT
48,Galatians,5,8,Galatians 5:8,6,καλοῦντος,καλέω,V-.-PAPGSM-,,SBLGNT,GNT
48,Galatians,5,8,Galatians 5:8,7,ὑμᾶς,σύ,RP.----AP--,,SBLGNT,GNT
48,Galatians,5,9,Galatians 5:9,1,μικρά,μικρός,A-.----NSF-,,SBLGNT,GNT
48,Galatians,5,9,Galatians 5:9,2,ζύμη,ζύμη,N-.----NSF-,,SBLGNT,GNT
48,Galatians,5,9,Galatians 5:9,3,ὅλον,ὅλος,A-.----ASN-,,SBLGNT,GNT
48,Galatians,5,9,Galatians 5:9,4,τό,ὁ,RA.----ASN-,,SBLGNT,GNT
48,Galatians,5,9,Galatians 5:9,5,φύραμα,φύραμα,N-.----ASN-,,SBLGNT,GNT
48,Galatians,5,9,Galatians 5:9,6,ζυμοῖ,ζυμόω,V-.3PAI-S--,,SBLGNT,GNT
48,Galatians,5,10,Galatians 5:10,1,ἐγώ,ἐγώ,RP.----NS--,,SBLGNT,GNT
48,Galatians,5,10,Galatians 5:10,2,πέποιθα,πείθω,V-.1XAI-S--,,SBLGNT,GNT
48,Galatians,5,10,Galatians 5:10,3,εἰς,εἰς,P-.--------,,SBLGNT,GNT
48,Galatians,5,10,Galatians 5:10,4,ὑμᾶς,σύ,RP.----AP--,,SBLGNT,GNT
48,Galatians,5,10,Galatians 5:10,5,ἐν,ἐν,P-.--------,,SBLGNT,GNT
48,Galatians,5,10,Galatians 5:10,6,κυρίῳ,κύριος,N-.----DSM-,,SBLGNT,GNT
48,Galatians,5,10,Galatians 5:10,7,ὅτι,ὅτι,C-.--------,,SBLGNT,GNT
48,Galatians,5,10,Galatians 5:10,8,οὐδέν,οὐδείς,A-.----ASN-,,SBLGNT,GNT
48,Galatians,5,10,Galatians 5:10,9,ἄλλο,ἄλλος,A-.----ASN-,,SBLGNT,GNT
48,Galatians,5,10,Galatians 5:10,10,φρονήσετε,φρονέω,V-.2FAI-P--,,SBLGNT,GNT
48,Galatians,5,10,Galatians 5:10,11,ὁ,ὁ,RA.----NSM-,,SBLGNT,GNT
48,Galatians,5,10,Galatians 5:10,12,δέ,δέ,C-.--------,,SBLGNT,GNT
48,Galatians,5,10,Galatians 5:10,13,ταράσσων,ταράσσω,V-.-PAPNSM-,,SBLGNT,GNT
48,Galatians,5,10,Galatians 5:10,14,ὑμᾶς,σύ,RP.----AP--,,SBLGNT,GNT
48,Galatians,5,10,Galatians 5:10,15,βαστάσει,βαστάζω,V-.3FAI-S--,,SBLGNT,GNT
48,Galatians,5,10,Galatians 5:10,16,τό,ὁ,RA.----ASN-,,SBLGNT,GNT
48,Galatians,5,10,Galatians 5:10,17,κρίμα,κρίμα,N-.----ASN-,,SBLGNT,GNT
48,Galatians,5,10,Galatians 5:10,18,ὅστις,ὅστις,RR.----NSM-,,SBLGNT,GNT
48,Galatians,5,10,Galatians 5:10,19,ἐάν,ἐάν,X-.--------,,SBLGNT,GNT
48,Galatians,5,10,Galatians 5:10,20,ᾖ,εἰμί,V-.3PAS-S--,,SBLGNT,GNT
48,Galatians,5,11,Galatians 5:11,1,ἐγώ,ἐγώ,RP.----NS--,,SBLGNT,GNT
48,Galatians,5,11,Galatians 5:11,2,δέ,δέ,C-.--------,,SBLGNT,GNT
48,Galatians,5,11,Galatians 5:11,3,ἀδελφοί,ἀδελφός,N-.----VPM-,,SBLGNT,GNT
48,Galatians,5,11,Galatians 5:11,4,εἰ,εἰ,C-.--------,,SBLGNT,GNT
48,Galatians,5,11,Galatians 5:11,5,περιτομήν,περιτομή,N-.----ASF-,,SBLGNT,GNT
48,Galatians,5,11,Galatians 5:11,6,ἔτι,ἔτι,D-.--------,,SBLGNT,GNT
48,Galatians,5,11,Galatians 5:11,7,κηρύσσω,κηρύσσω,V-.1PAI-S--,,SBLGNT,GNT
48,Galatians,5,11,Galatians 5:11,8,τί,τίς,RI.----ASN-,,SBLGNT,GNT
48,Galatians,5,11,Galatians 5:11,9,ἔτι,ἔτι,D-.--------,,SBLGNT,GNT
48,Galatians,5,11,Galatians 5:11,10,διώκομαι,διώκω,V-.1PPI-S--,,SBLGNT,GNT
48,Galatians,5,11,Galatians 5:11,11,ἄρα,ἄρα,C-.--------,,SBLGNT,GNT
48,Galatians,5,11,Galatians 5:11,12,κατήργηται,καταργέω,V-.3XPI-S--,,SBLGNT,GNT
48,Galatians,5,11,Galatians 5:11,13,τό,ὁ,RA.----NSN-,,SBLGNT,GNT
48,Galatians,5,11,Galatians 5:11,14,σκάνδαλον,σκάνδαλον,N-.----NSN-,,SBLGNT,GNT
48,Galatians,5,11,Galatians 5:11,15,τοῦ,ὁ,RA.----GSM-,,SBLGNT,GNT
48,Galatians,5,11,Galatians 5:11,16,σταυροῦ,σταυρός,N-.----GSM-,,SBLGNT,GNT
48,Galatians,5,12,Galatians 5:12,1,ὄφελον,ὄφελον,X-.--------,,SBLGNT,GNT
48,Galatians,5,12,Galatians 5:12,2,καί,καί,D-.--------,,SBLGNT,GNT
48,Galatians,5,12,Galatians 5:12,3,ἀποκόψονται,ἀποκόπτω,V-.3FMI-P--,,SBLGNT,GNT
48,Galatians,5,12,Galatians 5:12,4,οἱ,ὁ,RA.----NPM-,,SBLGNT,GNT
48,Galatians,5,12,Galatians 5:12,5,ἀναστατοῦντες,ἀναστατόω,V-.-PAPNPM-,,SBLGNT,GNT
48,Galatians,5,12,Galatians 5:12,6,ὑμᾶς,σύ,RP.----AP--,,SBLGNT,GNT
48,Galatians,5,13,Galatians 5:13,1,ὑμεῖς,σύ,RP.----NP--,,SBLGNT,GNT
48,Galatians,5,13,Galatians 5:13,2,γάρ,γάρ,C-.--------,,SBLGNT,GNT
48,Galatians,5,13,Galatians 5:13,3,ἐπί,ἐπί,P-.--------,,SBLGNT,GNT
48,Galatians,5,13,Galatians 5:13,4,ἐλευθερίᾳ,ἐλευθερία,N-.----DSF-,,SBLGNT,GNT
48,Galatians,5,13,Galatians 5:13,5,ἐκλήθητε,καλέω,V-.2API-P--,,SBLGNT,GNT
48,Galatians,5,13,Galatians 5:13,6,ἀδελφοί,ἀδελφός,N-.----VPM-,,SBLGNT,GNT
48,Galatians,5,13,Galatians 5:13,7,μόνον,μόνος,A-.----ASN-,,SBLGNT,GNT
48,Galatians,5,13,Galatians 5:13,8,μή,μή,D-.--------,,SBLGNT,GNT
48,Galatians,5,13,Galatians 5:13,9,τήν,ὁ,RA.----ASF-,,SBLGNT,GNT
48,Galatians,5,13,Galatians 5:13,10,ἐλευθερίαν,ἐλευθερία,N-.----ASF-,,SBLGNT,GNT
48,Galatians,5,13,Galatians 5:13,11,εἰς,εἰς,P-.--------,,SBLGNT,GNT
48,Galatians,5,13,Galatians 5:13,12,ἀφορμήν,ἀφορμή,N-.----ASF-,,SBLGNT,GNT
48,Galatians,5,13,Galatians 5:13,13,τῇ,ὁ,RA.----DSF-,,SBLGNT,GNT
48,Galatians,5,13,Galatians 5:13,14,σαρκί,σάρξ,N-.----DSF-,,SBLGNT,GNT
48,Galatians,5,13,Galatians 5:13,15,ἀλλά,ἀλλά,C-.--------,,SBLGNT,GNT
48,Galatians,5,13,Galatians 5:13,16,διά,διά,P-.--------,,SBLGNT,GNT
48,Galatians,5,13,Galatians 5:13,17,τῆς,ὁ,RA.----GSF-,,SBLGNT,GNT
48,Galatians,5,13,Galatians 5:13,18,ἀγάπης,ἀγάπη,N-.----GSF-,,SBLGNT,GNT
48,Galatians,5,13,Galatians 5:13,19,δουλεύετε,δουλεύω,V-.2PAD-P--,,SBLGNT,GNT
48,Galatians,5,13,Galatians 5:13,20,ἀλλήλοις,ἀλλήλων,RP.----DPM-,,SBLGNT,GNT
48,Galatians,5,14,Galatians 5:14,1,ὁ,ὁ,RA.----NSM-,,SBLGNT,GNT
48,Galatians,5,14,Galatians 5:14,2,γάρ,γάρ,C-.--------,,SBLGNT,GNT
48,Galatians,5,14,Galatians 5:14,3,πᾶς,πᾶς,A-.----NSM-,,SBLGNT,GNT
48,Galatians,5,14,Galatians 5:14,4,νόμος,νόμος,N-.----NSM-,,SBLGNT,GNT
48,Galatians,5,14,Galatians 5:14,5,ἐν,ἐν,P-.--------,,SBLGNT,GNT
48,Galatians,5,14,Galatians 5:14,6,ἑνί,εἷς,A-.----DSM-,,SBLGNT,GNT
48,Galatians,5,14,Galatians 5:14,7,λόγῳ,λόγος,N-.----DSM-,,SBLGNT,GNT
48,Galatians,5,14,Galatians 5:14,8,πεπλήρωται,πληρόω,V-.3XPI-S--,,SBLGNT,GNT
48,Galatians,5,14,Galatians 5:14,9,ἐν,ἐν,P-.--------,,SBLGNT,GNT
48,Galatians,5,14,Galatians 5:14,10,τῷ,ὁ,RA.----DSM-,,SBLGNT,GNT
48,Galatians,5,14,Galatians 5:14,11,ἀγαπήσεις,ἀγαπάω,V-.2FAI-S--,,SBLGNT,GNT
48,Galatians,5,14,Galatians 5:14,12,τόν,ὁ,RA.----ASM-,,SBLGNT,GNT
48,Galatians,5,14,Galatians 5:14,13,πλησίον,πλησίον,D-.--------,,SBLGNT,GNT
48,Galatians,5,14,Galatians 5:14,14,σου,σύ,RP.----GS--,,SBLGNT,GNT
48,Galatians,5,14,Galatians 5:14,15,ὡς,ὡς,C-.--------,,SBLGNT,GNT
48,Galatians,5,14,Galatians 5:14,16,σεαυτόν,σεαυτοῦ,RP.----ASM-,,SBLGNT,GNT
48,Galatians,5,15,Galatians 5:15,1,εἰ,εἰ,C-.--------,,SBLGNT,GNT
48,Galatians,5,15,Galatians 5:15,2,δέ,δέ,C-.--------,,SBLGNT,GNT
48,Galatians,5,15,Galatians 5:15,3,ἀλλήλους,ἀλλήλων,RP.----APM-,,SBLGNT,GNT
48,Galatians,5,15,Galatians 5:15,4,δάκνετε,δάκνω,V-.2PAI-P--,,SBLGNT,GNT
48,Galatians,5,15,Galatians 5:15,5,καί,καί,C-.--------,,SBLGNT,GNT
48,Galatians,5,15,Galatians 5:15,6,κατεσθίετε,κατεσθίω,V-.2PAI-P--,,SBLGNT,GNT
48,Galatians,5,15,Galatians 5:15,7,βλέπετε,βλέπω,V-.2PAD-P--,,SBLGNT,GNT
48,Galatians,5,15,Galatians 5:15,8,μή,μή,C-.--------,,SBLGNT,GNT
48,Galatians,5,15,Galatians 5:15,9,ὑπό,ὑπό,P-.--------,,SBLGNT,GNT
48,Galatians,5,15,Galatians 5:15,10,ἀλλήλων,ἀλλήλων,RP.----GPM-,,SBLGNT,GNT
48,Galatians,5,15,Galatians 5:15,11,ἀναλωθῆτε,ἀναλίσκω,V-.2APS-P--,,SBLGNT,GNT
48,Galatians,5,16,Galatians 5:16,1,λέγω,λέγω,V-.1PAI-S--,,SBLGNT,GNT
48,Galatians,5,16,Galatians 5:16,2,δέ,δέ,C-.--------,,SBLGNT,GNT
48,Galatians,5,16,Galatians 5:16,3,πνεύματι,πνεῦμα,N-.----DSN-,,SBLGNT,GNT
48,Galatians,5,16,Galatians 5:16,4,περιπατεῖτε,περιπατέω,V-.2PAD-P--,,SBLGNT,GNT
48,Galatians,5,16,Galatians 5:16,5,καί,καί,C-.--------,,SBLGNT,GNT
48,Galatians,5,16,Galatians 5:16,6,ἐπιθυμίαν,ἐπιθυμία,N-.----ASF-,,SBLGNT,GNT
48,Galatians,5,16,Galatians 5:16,7,σαρκός,σάρξ,N-.----GSF-,,SBLGNT,GNT
48,Galatians,5,16,Galatians 5:16,8,οὐ,οὐ,D-.--------,,SBLGNT,GNT
48,Galatians,5,16,Galatians 5:16,9,μή,μή,D-.--------,,SBLGNT,GNT
48,Galatians,5,16,Galatians 5:16,10,τελέσητε,τελέω,V-.2AAS-P--,,SBLGNT,GNT
48,Galatians,5,17,Galatians 5:17,1,ἡ,ὁ,RA.----NSF-,,SBLGNT,GNT
48,Galatians,5,17,Galatians 5:17,2,γάρ,γάρ,C-.--------,,SBLGNT,GNT
48,Galatians,5,17,Galatians 5:17,3,σάρξ,σάρξ,N-.----NSF-,,SBLGNT,GNT
48,Galatians,5,17,Galatians 5:17,4,ἐπιθυμεῖ,ἐπιθυμέω,V-.3PAI-S--,,SBLGNT,GNT
48,Galatians,5,17,Galatians 5:17,5,κατά,κατά,P-.--------,,SBLGNT,GNT
48,Galatians,5,17,Galatians 5:17,6,τοῦ,ὁ,RA.----GSN-,,SBLGNT,GNT
48,Galatians,5,17,Galatians 5:17,7,πνεύματος,πνεῦμα,N-.----GSN-,,SBLGNT,GNT
48,Galatians,5,17,Galatians 5:17,8,τό,ὁ,RA.----NSN-,,SBLGNT,GNT
48,Galatians,5,17,Galatians 5:17,9,δέ,δέ,C-.--------,,SBLGNT,GNT
48,Galatians,5,17,Galatians 5:17,10,πνεῦμα,πνεῦμα,N-.----NSN-,,SBLGNT,GNT
48,Galatians,5,17,Galatians 5:17,11,κατά,κατά,P-.--------,,SBLGNT,GNT
48,Galatians,5,17,Galatians 5:17,12,τῆς,ὁ,RA.----GSF-,,SBLGNT,GNT
48,Galatians,5,17,Galatians 5:17,13,σαρκός,σάρξ,N-.----GSF-,,SBLGNT,GNT
48,Galatians,5,17,Galatians 5:17,14,ταῦτα,οὗτος,RD.----NPN-,,SBLGNT,GNT
48,Galatians,5,17,Galatians 5:17,15,γάρ,γάρ,C-.--------,,SBLGNT,GNT
48,Galatians,5,17,Galatians 5:17,16,ἀλλήλοις,ἀλλήλων,RP.----DPN-,,SBLGNT,GNT
48,Galatians,5,17,Galatians 5:17,17,ἀντίκειται,ἀντίκειμαι,V-.3PMI-S--,,SBLGNT,GNT
48,Galatians,5,17,Galatians 5:17,18,ἵνα,ἵνα,C-.--------,,SBLGNT,GNT
48,Galatians,5,17,Galatians 5:17,19,μή,μή,D-.--------,,SBLGNT,GNT
48,Galatians,5,17,Galatians 5:17,20,ἅ,ὅς,RR.----APN-,,SBLGNT,GNT
48,Galatians,5,17,Galatians 5:17,21,ἐάν,ἐάν,X-.--------,,SBLGNT,GNT
48,Galatians,5,17,Galatians 5:17,22,θέλητε,θέλω,V-.2PAS-P--,,SBLGNT,GNT
48,Galatians,5,17,Galatians 5:17,23,ταῦτα,οὗτος,RD.----APN-,,SBLGNT,GNT
48,Galatians,5,17,Galatians 5:17,24,ποιῆτε,ποιέω,V-.2PAS-P--,,SBLGNT,GNT
48,Galatians,5,18,Galatians 5:18,1,εἰ,εἰ,C-.--------,,SBLGNT,GNT
48,Galatians,5,18,Galatians 5:18,2,δέ,δέ,C-.--------,,SBLGNT,GNT
48,Galatians,5,18,Galatians 5:18,3,πνεύματι,πνεῦμα,N-.----DSN-,,SBLGNT,GNT
48,Galatians,5,18,Galatians 5:18,4,ἄγεσθε,ἄγω,V-.2PPI-P--,,SBLGNT,GNT
48,Galatians,5,18,Galatians 5:18,5,οὐ,οὐ,D-.--------,,SBLGNT,GNT
48,Galatians,5,18,Galatians 5:18,6,ἐστέ,εἰμί,V-.2PAI-P--,,SBLGNT,GNT
48,Galatians,5,18,Galatians 5:18,7,ὑπό,ὑπό,P-.--------,,SBLGNT,GNT
48,Galatians,5,18,Galatians 5:18,8,νόμον,νόμος,N-.----ASM-,,SBLGNT,GNT
48,Galatians,5,19,Galatians 5:19,1,φανερά,φανερός,A-.----NPN-,,SBLGNT,GNT
48,Galatians,5,19,Galatians 5:19,2,δέ,δέ,C-.--------,,SBLGNT,GNT
48,Galatians,5,19,Galatians 5:19,3,ἐστί(ν),εἰμί,V-.3PAI-S--,,SBLGNT,GNT
48,Galatians,5,19,Galatians 5:19,4,τά,ὁ,RA.----NPN-,,SBLGNT,GNT
48,Galatians,5,19,Galatians 5:19,5,ἔργα,ἔργον,N-.----NPN-,,SBLGNT,GNT
48,Galatians,5,19,Galatians 5:19,6,τῆς,ὁ,RA.----GSF-,,SBLGNT,GNT
48,Galatians,5,19,Galatians 5:19,7,σαρκός,σάρξ,N-.----GSF-,,SBLGNT,GNT
48,Galatians,5,19,Galatians 5:19,8,ἅτινα,ὅστις,RR.----NPN-,,SBLGNT,GNT
48,Galatians,5,19,Galatians 5:19,9,ἐστί(ν),εἰμί,V-.3PAI-S--,,SBLGNT,GNT
48,Galatians,5,19,Galatians 5:19,10,πορνεία,πορνεία,N-.----NSF-,,SBLGNT,GNT
48,Galatians,5,19,Galatians 5:19,11,ἀκαθαρσία,ἀκαθαρσία,N-.----NSF-,,SBLGNT,GNT
48,Galatians,5,19,Galatians 5:19,12,ἀσέλγεια,ἀσέλγεια,N-.----NSF-,,SBLGNT,GNT
48,Galatians,5,20,Galatians 5:20,1,εἰδωλολατρία,εἰδωλολατρία,N-.----NSF-,,SBLGNT,GNT
48,Galatians,5,20,Galatians 5:20,2,φαρμακεία,φαρμακεία,N-.----NSF-,,SBLGNT,GNT
48,Galatians,5,20,Galatians 5:20,3,ἔχθραι,ἔχθρα,N-.----NPF-,,SBLGNT,GNT
48,Galatians,5,20,Galatians 5:20,4,ἔρις,ἔρις,N-.----NSF-,,SBLGNT,GNT
48,Galatians,5,20,Galatians 5:20,5,ζῆλος,ζῆλος,N-.----NSM-,,SBLGNT,GNT
48,Galatians,5,20,Galatians 5:20,6,θυμοί,θυμός,N-.----NPM-,,SBLGNT,GNT
48,Galatians,5,20,Galatians 5:20,7,ἐριθεῖαι,ἐριθεία,N-.----NPF-,,SBLGNT,GNT
48,Galatians,5,20,Galatians 5:20,8,διχοστασίαι,διχοστασία,N-.----NPF-,,SBLGNT,GNT
48,Galatians,5,20,Galatians 5:20,9,αἱρέσεις,αἵρεσις,N-.----NPF-,,SBLGNT,GNT
48,Galatians,5,21,Galatians 5:21,1,φθόνοι,φθόνος,N-.----NPM-,,SBLGNT,GNT
48,Galatians,5,21,Galatians 5:21,2,μέθαι,μέθη,N-.----NPF-,,SBLGNT,GNT
48,Galatians,5,21,Galatians 5:21,3,κῶμοι,κῶμος,N-.----NPM-,,SBLGNT,GNT
48,Galatians,5,21,Galatians 5:21,4,καί,καί,C-.--------,,SBLGNT,GNT
48,Galatians,5,21,Galatians 5:21,5,τά,ὁ,RA.----NPN-,,SBLGNT,GNT
48,Galatians,5,21,Galatians 5:21,6,ὅμοια,ὅμοιος,A-.----NPN-,,SBLGNT,GNT
48,Galatians,5,21,Galatians 5:21,7,τούτοις,οὗτος,RD.----DPN-,,SBLGNT,GNT
48,Galatians,5,21,Galatians 5:21,8,ἅ,ὅς,RR.----APN-,,SBLGNT,GNT
48,Galatians,5,21,Galatians 5:21,9,προλέγω,προλέγω,V-.1PAI-S--,,SBLGNT,GNT
48,Galatians,5,21,Galatians 5:21,10,ὑμῖν,σύ,RP.----DP--,,SBLGNT,GNT
48,Galatians,5,21,Galatians 5:21,11,καθώς,καθώς,C-.--------,,SBLGNT,GNT
48,Galatians,5,21,Galatians 5:21,12,προεῖπον,προλέγω,V-.1AAI-S--,,SBLGNT,GNT
48,Galatians,5,21,Galatians 5:21,13,ὅτι,ὅτι,C-.--------,,SBLGNT,GNT
48,Galatians,5,21,Galatians 5:21,14,οἱ,ὁ,RA.----NPM-,,SBLGNT,GNT
48,Galatians,5,21,Galatians 5:21,15,τά,ὁ,RA.----APN-,,SBLGNT,GNT
48,Galatians,5,21,Galatians 5:21,16,τοιαῦτα,τοιοῦτος,RD.----APN-,,SBLGNT,GNT
48,Galatians,5,21,Galatians 5:21,17,πράσσοντες,πράσσω,V-.-PAPNPM-,,SBLGNT,GNT
48,Galatians,5,21,Galatians 5:21,18,βασιλείαν,βασιλεία,N-.----ASF-,,SBLGNT,GNT
48,Galatians,5,21,Galatians 5:21,19,θεοῦ,θεός,N-.----GSM-,,SBLGNT,GNT
48,Galatians,5,21,Galatians 5:21,20,οὐ,οὐ,D-.--------,,SBLGNT,GNT
48,Galatians,5,21,Galatians 5:21,21,κληρονομήσουσι(ν),κληρονομέω,V-.3FAI-P--,,SBLGNT,GNT
48,Galatians,5,22,Galatians 5:22,1,ὁ,ὁ,RA.----NSM-,,SBLGNT,GNT
48,Galatians,5,22,Galatians 5:22,2,δέ,δέ,C-.--------,,SBLGNT,GNT
48,Galatians,5,22,Galatians 5:22,3,καρπός,καρπός,N-.----NSM-,,SBLGNT,GNT
48,Galatians,5,22,Galatians 5:22,4,τοῦ,ὁ,RA.----GSN-,,SBLGNT,GNT
48,Galatians,5,22,Galatians 5:22,5,πνεύματος,πνεῦμα,N-.----GSN-,,SBLGNT,GNT
48,Galatians,5,22,Galatians 5:22,6,ἐστί(ν),εἰμί,V-.3PAI-S--,,SBLGNT,GNT
48,Galatians,5,22,Galatians 5:22,7,ἀγάπη,ἀγάπη,N-.----NSF-,,SBLGNT,GNT
48,Galatians,5,22,Galatians 5:22,8,χαρά,χαρά,N-.----NSF-,,SBLGNT,GNT
48,Galatians,5,22,Galatians 5:22,9,εἰρήνη,εἰρήνη,N-.----NSF-,,SBLGNT,GNT
48,Galatians,5,22,Galatians 5:22,10,μακροθυμία,μακροθυμία,N-.----NSF-,,SBLGNT,GNT
48,Galatians,5,22,Galatians 5:22,11,χρηστότης,χρηστότης,N-.----NSF-,,SBLGNT,GNT
48,Galatians,5,22,Galatians 5:22,12,ἀγαθωσύνη,ἀγαθωσύνη,N-.----NSF-,,SBLGNT,GNT
48,Galatians,5,22,Galatians 5:22,13,πίστις,πίστις,N-.----NSF-,,SBLGNT,GNT
48,Galatians,5,23,Galatians 5:23,1,πραΰτης,πραΰτης,N-.----NSF-,,SBLGNT,GNT
48,Galatians,5,23,Galatians 5:23,2,ἐγκράτεια,ἐγκράτεια,N-.----NSF-,,SBLGNT,GNT
48,Galatians,5,23,Galatians 5:23,3,κατά,κατά,P-.--------,,SBLGNT,GNT
48,Galatians,5,23,Galatians 5:23,4,τῶν,ὁ,RA.----GPN-,,SBLGNT,GNT
48,Galatians,5,23,Galatians 5:23,5,τοιούτων,τοιοῦτος,RD.----GPN-,,SBLGNT,GNT
48,Galatians,5,23,Galatians 5:23,6,οὐ,οὐ,D-.--------,,SBLGNT,GNT
48,Galatians,5,23,Galatians 5:23,7,ἐστί(ν),εἰμί,V-.3PAI-S--,,SBLGNT,GNT
48,Galatians,5,23,Galatians 5:23,8,νόμος,νόμος,N-.----NSM-,,SBLGNT,GNT
48,Galatians,5,24,Galatians 5:24,1,οἱ,ὁ,RA.----NPM-,,SBLGNT,GNT
48,Galatians,5,24,Galatians 5:24,2,δέ,δέ,C-.--------,,SBLGNT,GNT
48,Galatians,5,24,Galatians 5:24,3,τοῦ,ὁ,RA.----GSM-,,SBLGNT,GNT
48,Galatians,5,24,Galatians 5:24,4,Χριστοῦ,Χριστός,N-.----GSM-,,SBLGNT,GNT
48,Galatians,5,24,Galatians 5:24,5,τήν,ὁ,RA.----ASF-,,SBLGNT,GNT
48,Galatians,5,24,Galatians 5:24,6,σάρκα,σάρξ,N-.----ASF-,,SBLGNT,GNT
48,Galatians,5,24,Galatians 5:24,7,ἐσταύρωσαν,σταυρόω,V-.3AAI-P--,,SBLGNT,GNT
48,Galatians,5,24,Galatians 5:24,8,σύν,σύν,P-.--------,,SBLGNT,GNT
48,Galatians,5,24,Galatians 5:24,9,τοῖς,ὁ,RA.----DPN-,,SBLGNT,GNT
48,Galatians,5,24,Galatians 5:24,10,παθήμασι(ν),πάθημα,N-.----DPN-,,SBLGNT,GNT
48,Galatians,5,24,Galatians 5:24,11,καί,καί,C-.--------,,SBLGNT,GNT
48,Galatians,5,24,Galatians 5:24,12,ταῖς,ὁ,RA.----DPF-,,SBLGNT,GNT
48,Galatians,5,24,Galatians 5:24,13,ἐπιθυμίαις,ἐπιθυμία,N-.----DPF-,,SBLGNT,GNT
48,Galatians,5,25,Galatians 5:25,1,εἰ,εἰ,C-.--------,,SBLGNT,GNT
48,Galatians,5,25,Galatians 5:25,2,ζῶμεν,ζάω,V-.1PAI-P--,,SBLGNT,GNT
48,Galatians,5,25,Galatians 5:25,3,πνεύματι,πνεῦμα,N-.----DSN-,,SBLGNT,GNT
48,Galatians,5,25,Galatians 5:25,4,πνεύματι,πνεῦμα,N-.----DSN-,,SBLGNT,GNT
48,Galatians,5,25,Galatians 5:25,5,καί,καί,D-.--------,,SBLGNT,GNT
48,Galatians,5,25,Galatians 5:25,6,στοιχῶμεν,στοιχέω,V-.1PAS-P--,,SBLGNT,GNT
48,Galatians,5,26,Galatians 5:26,1,μή,μή,D-.--------,,SBLGNT,GNT
48,Galatians,5,26,Galatians 5:26,2,γινώμεθα,γίνομαι,V-.1PMS-P--,,SBLGNT,GNT
48,Galatians,5,26,Galatians 5:26,3,κενόδοξοι,κενόδοξος,A-.----NPM-,,SBLGNT,GNT
48,Galatians,5,26,Galatians 5:26,4,ἀλλήλους,ἀλλήλων,RP.----APM-,,SBLGNT,GNT
48,Galatians,5,26,Galatians 5:26,5,προκαλούμενοι,προκαλέομαι,V-.-PMPNPM-,,SBLGNT,GNT
48,Galatians,5,26,Galatians 5:26,6,ἀλλήλοις,ἀλλήλων,RP.----DPM-,,SBLGNT,GNT
48,Galatians,5,26,Galatians 5:26,7,φθονοῦντες,φθονέω,V-.-PAPNPM-,,SBLGNT,GNT
48,Galatians,6,1,Galatians 6:1,1,ἀδελφοί,ἀδελφός,N-.----VPM-,,SBLGNT,GNT
48,Galatians,6,1,Galatians 6:1,2,ἐάν,ἐάν,C-.--------,,SBLGNT,GNT
48,Galatians,6,1,Galatians 6:1,3,καί,καί,D-.--------,,SBLGNT,GNT
48,Galatians,6,1,Galatians 6:1,4,προλημφθῇ,προλαμβάνω,V-.3APS-S--,,SBLGNT,GNT
48,Galatians,6,1,Galatians 6:1,5,ἄνθρωπος,ἄνθρωπος,N-.----NSM-,,SBLGNT,GNT
48,Galatians,6,1,Galatians 6:1,6,ἐν,ἐν,P-.--------,,SBLGNT,GNT
48,Galatians,6,1,Galatians 6:1,7,τινί,τις,RI.----DSN-,,SBLGNT,GNT
48,Galatians,6,1,Galatians 6:1,8,παραπτώματι,παράπτωμα,N-.----DSN-,,SBLGNT,GNT
48,Galatians,6,1,Galatians 6:1,9,ὑμεῖς,σύ,RP.----NP--,,SBLGNT,GNT
48,Galatians,6,1,Galatians 6:1,10,οἱ,ὁ,RA.----NPM-,,SBLGNT,GNT
48,Galatians,6,1,Galatians 6:1,11,πνευματικοί,πνευματικός,A-.----NPM-,,SBLGNT,GNT
48,Galatians,6,1,Galatians 6:1,12,καταρτίζετε,καταρτίζω,V-.2PAD-P--,,SBLGNT,GNT
48,Galatians,6,1,Galatians 6:1,13,τόν,ὁ,RA.----ASM-,,SBLGNT,GNT
48,Galatians,6,1,Galatians 6:1,14,τοιοῦτον,τοιοῦτος,RD.----ASM-,,SBLGNT,GNT
48,Galatians,6,1,Galatians 6:1,15,ἐν,ἐν,P-.--------,,SBLGNT,GNT
48,Galatians,6,1,Galatians 6:1,16,πνεύματι,πνεῦμα,N-.----DSN-,,SBLGNT,GNT
48,Galatians,6,1,Galatians 6:1,17,πραΰτητος,πραΰτης,N-.----GSF-,,SBLGNT,GNT
48,Galatians,6,1,Galatians 6:1,18,σκοπῶν,σκοπέω,V-.-PAPNSM-,,SBLGNT,GNT
48,Galatians,6,1,Galatians 6:1,19,σεαυτόν,σεαυτοῦ,RP.----ASM-,,SBLGNT,GNT
48,Galatians,6,1,Galatians 6:1,20,μή,μή,C-.--------,,SBLGNT,GNT
48,Galatians,6,1,Galatians 6:1,21,καί,καί,D-.--------,,SBLGNT,GNT
48,Galatians,6,1,Galatians 6:1,22,σύ,σύ,RP.----NS--,,SBLGNT,GNT
48,Galatians,6,1,Galatians 6:1,23,πειρασθῇς,πειράζω,V-.2APS-S--,,SBLGNT,GNT
48,Galatians,6,2,Galatians 6:2,1,ἀλλήλων,ἀλλήλων,RP.----GPM-,,SBLGNT,GNT
48,Galatians,6,2,Galatians 6:2,2,τά,ὁ,RA.----APN-,,SBLGNT,GNT
48,Galatians,6,2,Galatians 6:2,3,βάρη,βάρος,N-.----APN-,,SBLGNT,GNT
48,Galatians,6,2,Galatians 6:2,4,βαστάζετε,βαστάζω,V-.2PAD-P--,,SBLGNT,GNT
48,Galatians,6,2,Galatians 6:2,5,καί,καί,C-.--------,,SBLGNT,GNT
48,Galatians,6,2,Galatians 6:2,6,οὕτω(ς),οὕτω(ς),D-.--------,,SBLGNT,GNT
48,Galatians,6,2,Galatians 6:2,7,ἀναπληρώσετε,ἀναπληρόω,V-.2FAI-P--,,SBLGNT,GNT
48,Galatians,6,2,Galatians 6:2,8,τόν,ὁ,RA.----ASM-,,SBLGNT,GNT
48,Galatians,6,2,Galatians 6:2,9,νόμον,νόμος,N-.----ASM-,,SBLGNT,GNT
48,Galatians,6,2,Galatians 6:2,10,τοῦ,ὁ,RA.----GSM-,,SBLGNT,GNT
48,Galatians,6,2,Galatians 6:2,11,Χριστοῦ,Χριστός,N-.----GSM-,,SBLGNT,GNT
48,Galatians,6,3,Galatians 6:3,1,εἰ,εἰ,C-.--------,,SBLGNT,GNT
48,Galatians,6,3,Galatians 6:3,2,γάρ,γάρ,C-.--------,,SBLGNT,GNT
48,Galatians,6,3,Galatians 6:3,3,δοκεῖ,δοκέω,V-.3PAI-S--,,SBLGNT,GNT
48,Galatians,6,3,Galatians 6:3,4,τὶς,τις,RI.----NSM-,,SBLGNT,GNT
48,Galatians,6,3,Galatians 6:3,5,εἶναι,εἰμί,V-.-PAN----,,SBLGNT,GNT
48,Galatians,6,3,Galatians 6:3,6,τὶ,τις,RI.----NSN-,,SBLGNT,GNT
48,Galatians,6,3,Galatians 6:3,7,μηδέν,μηδείς,A-.----NSN-,,SBLGNT,GNT
48,Galatians,6,3,Galatians 6:3,8,ὤν,εἰμί,V-.-PAPNSM-,,SBLGNT,GNT
48,Galatians,6,3,Galatians 6:3,9,φρεναπατᾷ,φρεναπατάω,V-.3PAI-S--,,SBLGNT,GNT
48,Galatians,6,3,Galatians 6:3,10,ἑαυτόν,ἑαυτοῦ,RP.----ASM-,,SBLGNT,GNT
48,Galatians,6,4,Galatians 6:4,1,τό,ὁ,RA.----ASN-,,SBLGNT,GNT
48,Galatians,6,4,Galatians 6:4,2,δέ,δέ,C-.--------,,SBLGNT,GNT
48,Galatians,6,4,Galatians 6:4,3,ἔργον,ἔργον,N-.----ASN-,,SBLGNT,GNT
48,Galatians,6,4,Galatians 6:4,4,ἑαυτοῦ,ἑαυτοῦ,RP.----GSM-,,SBLGNT,GNT
48,Galatians,6,4,Galatians 6:4,5,δοκιμαζέτω,δοκιμάζω,V-.3PAD-S--,,SBLGNT,GNT
48,Galatians,6,4,Galatians 6:4,6,ἕκαστος,ἕκαστος,A-.----NSM-,,SBLGNT,GNT
48,Galatians,6,4,Galatians 6:4,7,καί,καί,C-.--------,,SBLGNT,GNT
48,Galatians,6,4,Galatians 6:4,8,τότε,τότε,D-.--------,,SBLGNT,GNT
48,Galatians,6,4,Galatians 6:4,9,εἰς,εἰς,P-.--------,,SBLGNT,GNT
48,Galatians,6,4,Galatians 6:4,10,ἑαυτόν,ἑαυτοῦ,RP.----ASM-,,SBLGNT,GNT
48,Galatians,6,4,Galatians 6:4,11,μόνον,μόνος,A-.----ASM-,,SBLGNT,GNT
48,Galatians,6,4,Galatians 6:4,12,τό,ὁ,RA.----ASN-,,SBLGNT,GNT
48,Galatians,6,4,Galatians 6:4,13,καύχημα,καύχημα,N-.----ASN-,,SBLGNT,GNT
48,Galatians,6,4,Galatians 6:4,14,ἕξει,ἔχω,V-.3FAI-S--,,SBLGNT,GNT
48,Galatians,6,4,Galatians 6:4,15,καί,καί,C-.--------,,SBLGNT,GNT
48,Galatians,6,4,Galatians 6:4,16,οὐ,οὐ,D-.--------,,SBLGNT,GNT
48,Galatians,6,4,Galatians 6:4,17,εἰς,εἰς,P-.--------,,SBLGNT,GNT
48,Galatians,6,4,Galatians 6:4,18,τόν,ὁ,RA.----ASM-,,SBLGNT,GNT
48,Galatians,6,4,Galatians 6:4,19,ἕτερον,ἕτερος,A-.----ASM-,,SBLGNT,GNT
48,Galatians,6,5,Galatians 6:5,1,ἕκαστος,ἕκαστος,A-.----NSM-,,SBLGNT,GNT
48,Galatians,6,5,Galatians 6:5,2,γάρ,γάρ,C-.--------,,SBLGNT,GNT
48,Galatians,6,5,Galatians 6:5,3,τό,ὁ,RA.----ASN-,,SBLGNT,GNT
48,Galatians,6,5,Galatians 6:5,4,ἴδιον,ἴδιος,A-.----ASN-,,SBLGNT,GNT
48,Galatians,6,5,Galatians 6:5,5,φορτίον,φορτίον,N-.----ASN-,,SBLGNT,GNT
48,Galatians,6,5,Galatians 6:5,6,βαστάσει,βαστάζω,V-.3FAI-S--,,SBLGNT,GNT
48,Galatians,6,6,Galatians 6:6,1,κοινωνείτω,κοινωνέω,V-.3PAD-S--,,SBLGNT,GNT
48,Galatians,6,6,Galatians 6:6,2,δέ,δέ,C-.--------,,SBLGNT,GNT
48,Galatians,6,6,Galatians 6:6,3,ὁ,ὁ,RA.----NSM-,,SBLGNT,GNT
48,Galatians,6,6,Galatians 6:6,4,κατηχούμενος,κατηχέω,V-.-PPPNSM-,,SBLGNT,GNT
48,Galatians,6,6,Galatians 6:6,5,τόν,ὁ,RA.----ASM-,,SBLGNT,GNT
48,Galatians,6,6,Galatians 6:6,6,λόγον,λόγος,N-.----ASM-,,SBLGNT,GNT
48,Galatians,6,6,Galatians 6:6,7,τῷ,ὁ,RA.----DSM-,,SBLGNT,GNT
48,Galatians,6,6,Galatians 6:6,8,κατηχοῦντι,κατηχέω,V-.-PAPDSM-,,SBLGNT,GNT
48,Galatians,6,6,Galatians 6:6,9,ἐν,ἐν,P-.--------,,SBLGNT,GNT
48,Galatians,6,6,Galatians 6:6,10,πᾶσι(ν),πᾶς,A-.----DPN-,,SBLGNT,GNT
48,Galatians,6,6,Galatians 6:6,11,ἀγαθοῖς,ἀγαθός,A-.----DPN-,,SBLGNT,GNT
48,Galatians,6,7,Galatians 6:7,1,μή,μή,D-.--------,,SBLGNT,GNT
48,Galatians,6,7,Galatians 6:7,2,πλανᾶσθε,πλανάω,V-.2PPD-P--,,SBLGNT,GNT
48,Galatians,6,7,Galatians 6:7,3,θεός,θεός,N-.----NSM-,,SBLGNT,GNT
48,Galatians,6,7,Galatians 6:7,4,οὐ,οὐ,D-.--------,,SBLGNT,GNT
48,Galatians,6,7,Galatians 6:7,5,μυκτηρίζεται,μυκτηρίζω,V-.3PPI-S--,,SBLGNT,GNT
48,Galatians,6,7,Galatians 6:7,6,ὅ,ὅς,RR.----ASN-,,SBLGNT,GNT
48,Galatians,6,7,Galatians 6:7,7,γάρ,γάρ,C-.--------,,SBLGNT,GNT
48,Galatians,6,7,Galatians 6:7,8,ἐάν,ἐάν,X-.--------,,SBLGNT,GNT
48,Galatians,6,7,Galatians 6:7,9,σπείρῃ,σπείρω,V-.3PAS-S--,,SBLGNT,GNT
48,Galatians,6,7,Galatians 6:7,10,ἄνθρωπος,ἄνθρωπος,N-.----NSM-,,SBLGNT,GNT
48,Galatians,6,7,Galatians 6:7,11,τοῦτο,οὗτος,RD.----ASN-,,SBLGNT,GNT
48,Galatians,6,7,Galatians 6:7,12,καί,καί,D-.--------,,SBLGNT,GNT
48,Galatians,6,7,Galatians 6:7,13,θερίσει,θερίζω,V-.3FAI-S--,,SBLGNT,GNT
48,Galatians,6,8,Galatians 6:8,1,ὅτι,ὅτι,C-.--------,,SBLGNT,GNT
48,Galatians,6,8,Galatians 6:8,2,ὁ,ὁ,RA.----NSM-,,SBLGNT,GNT
48,Galatians,6,8,Galatians 6:8,3,σπείρων,σπείρω,V-.-PAPNSM-,,SBLGNT,GNT
48,Galatians,6,8,Galatians 6:8,4,εἰς,εἰς,P-.--------,,SBLGNT,GNT
48,Galatians,6,8,Galatians 6:8,5,τήν,ὁ,RA.----ASF-,,SBLGNT,GNT
48,Galatians,6,8,Galatians 6:8,6,σάρκα,σάρξ,N-.----ASF-,,SBLGNT,GNT
48,Galatians,6,8,Galatians 6:8,7,ἑαυτοῦ,ἑαυτοῦ,RP.----GSM-,,SBLGNT,GNT
48,Galatians,6,8,Galatians 6:8,8,ἐκ,ἐκ,P-.--------,,SBLGNT,GNT
48,Galatians,6,8,Galatians 6:8,9,τῆς,ὁ,RA.----GSF-,,SBLGNT,GNT
48,Galatians,6,8,Galatians 6:8,10,σαρκός,σάρξ,N-.----GSF-,,SBLGNT,GNT
48,Galatians,6,8,Galatians 6:8,11,θερίσει,θερίζω,V-.3FAI-S--,,SBLGNT,GNT
48,Galatians,6,8,Galatians 6:8,12,φθοράν,φθορά,N-.----ASF-,,SBLGNT,GNT
48,Galatians,6,8,Galatians 6:8,13,ὁ,ὁ,RA.----NSM-,,SBLGNT,GNT
48,Galatians,6,8,Galatians 6:8,14,δέ,δέ,C-.--------,,SBLGNT,GNT
48,Galatians,6,8,Galatians 6:8,15,σπείρων,σπείρω,V-.-PAPNSM-,,SBLGNT,GNT
48,Galatians,6,8,Galatians 6:8,16,εἰς,εἰς,P-.--------,,SBLGNT,GNT
48,Galatians,6,8,Galatians 6:8,17,τό,ὁ,RA.----ASN-,,SBLGNT,GNT
48,Galatians,6,8,Galatians 6:8,18,πνεῦμα,πνεῦμα,N-.----ASN-,,SBLGNT,GNT
48,Galatians,6,8,Galatians 6:8,19,ἐκ,ἐκ,P-.--------,,SBLGNT,GNT
48,Galatians,6,8,Galatians 6:8,20,τοῦ,ὁ,RA.----GSN-,,SBLGNT,GNT
48,Galatians,6,8,Galatians 6:8,21,πνεύματος,πνεῦμα,N-.----GSN-,,SBLGNT,GNT
48,Galatians,6,8,Galatians 6:8,22,θερίσει,θερίζω,V-.3FAI-S--,,SBLGNT,GNT
48,Galatians,6,8,Galatians 6:8,23,ζωήν,ζωή,N-.----ASF-,,SBLGNT,GNT
48,Galatians,6,8,Galatians 6:8,24,αἰώνιον,αἰώνιος,A-.----ASF-,,SBLGNT,GNT
48,Galatians,6,9,Galatians 6:9,1,τό,ὁ,RA.----ASN-,,SBLGNT,GNT
48,Galatians,6,9,Galatians 6:9,2,δέ,δέ,C-.--------,,SBLGNT,GNT
48,Galatians,6,9,Galatians 6:9,3,καλόν,καλός,A-.----ASN-,,SBLGNT,GNT
48,Galatians,6,9,Galatians 6:9,4,ποιοῦντες,ποιέω,V-.-PAPNPM-,,SBLGNT,GNT
48,Galatians,6,9,Galatians 6:9,5,μή,μή,D-.--------,,SBLGNT,GNT
48,Galatians,6,9,Galatians 6:9,6,ἐγκακῶμεν,ἐγκακέω,V-.1PAS-P--,,SBLGNT,GNT
48,Galatians,6,9,Galatians 6:9,7,καιρῷ,καιρός,N-.----DSM-,,SBLGNT,GNT
48,Galatians,6,9,Galatians 6:9,8,γάρ,γάρ,C-.--------,,SBLGNT,GNT
48,Galatians,6,9,Galatians 6:9,9,ἰδίῳ,ἴδιος,A-.----DSM-,,SBLGNT,GNT
48,Galatians,6,9,Galatians 6:9,10,θερίσομεν,θερίζω,V-.1FAI-P--,,SBLGNT,GNT
48,Galatians,6,9,Galatians 6:9,11,μή,μή,D-.--------,,SBLGNT,GNT
48,Galatians,6,9,Galatians 6:9,12,ἐκλυόμενοι,ἐκλύομαι,V-.-PPPNPM-,,SBLGNT,GNT
48,Galatians,6,10,Galatians 6:10,1,ἄρα,ἄρα,C-.--------,,SBLGNT,GNT
48,Galatians,6,10,Galatians 6:10,2,οὖν,οὖν,C-.--------,,SBLGNT,GNT
48,Galatians,6,10,Galatians 6:10,3,ὡς,ὡς,C-.--------,,SBLGNT,GNT
48,Galatians,6,10,Galatians 6:10,4,καιρόν,καιρός,N-.----ASM-,,SBLGNT,GNT
48,Galatians,6,10,Galatians 6:10,5,ἔχομεν,ἔχω,V-.1PAI-P--,,SBLGNT,GNT
48,Galatians,6,10,Galatians 6:10,6,ἐργαζώμεθα,ἐργάζομαι,V-.1PMS-P--,,SBLGNT,GNT
48,Galatians,6,10,Galatians 6:10,7,τό,ὁ,RA.----ASN-,,SBLGNT,GNT
48,Galatians,6,10,Galatians 6:10,8,ἀγαθόν,ἀγαθός,A-.----ASN-,,SBLGNT,GNT
48,Galatians,6,10,Galatians 6:10,9,πρός,πρός,P-.--------,,SBLGNT,GNT
48,Galatians,6,10,Galatians 6:10,10,πάντας,πᾶς,A-.----APM-,,SBLGNT,GNT
48,Galatians,6,10,Galatians 6:10,11,μάλιστα,μάλιστα,D-.--------,,SBLGNT,GNT
48,Galatians,6,10,Galatians 6:10,12,δέ,δέ,C-.--------,,SBLGNT,GNT
48,Galatians,6,10,Galatians 6:10,13,πρός,πρός,P-.--------,,SBLGNT,GNT
48,Galatians,6,10,Galatians 6:10,14,τούς,ὁ,RA.----APM-,,SBLGNT,GNT
48,Galatians,6,10,Galatians 6:10,15,οἰκείους,οἰκεῖος,A-.----APM-,,SBLGNT,GNT
48,Galatians,6,10,Galatians 6:10,16,τῆς,ὁ,RA.----GSF-,,SBLGNT,GNT
48,Galatians,6,10,Galatians 6:10,17,πίστεως,πίστις,N-.----GSF-,,SBLGNT,GNT
48,Galatians,6,11,Galatians 6:11,1,ἴδετε,ὁράω,V-.2AAD-P--,,SBLGNT,GNT
48,Galatians,6,11,Galatians 6:11,2,πηλίκοις,πηλίκος,RI.----DPN-,,SBLGNT,GNT
48,Galatians,6,11,Galatians 6:11,3,ὑμῖν,σύ,RP.----DP--,,SBLGNT,GNT
48,Galatians,6,11,Galatians 6:11,4,γράμμασι(ν),γράμμα,N-.----DPN-,,SBLGNT,GNT
48,Galatians,6,11,Galatians 6:11,5,ἔγραψα,γράφω,V-.1AAI-S--,,SBLGNT,GNT
48,Galatians,6,11,Galatians 6:11,6,τῇ,ὁ,RA.----DSF-,,SBLGNT,GNT
48,Galatians,6,11,Galatians 6:11,7,ἐμῇ,ἐμός,A-.----DSF-,,SBLGNT,GNT
48,Galatians,6,11,Galatians 6:11,8,χειρί,χείρ,N-.----DSF-,,SBLGNT,GNT
48,Galatians,6,12,Galatians 6:12,1,ὅσοι,ὅσος,RR.----NPM-,,SBLGNT,GNT
48,Galatians,6,12,Galatians 6:12,2,θέλουσι(ν),θέλω,V-.3PAI-P--,,SBLGNT,GNT
48,Galatians,6,12,Galatians 6:12,3,εὐπροσωπῆσαι,εὐπροσωπέω,V-.-AAN----,,SBLGNT,GNT
48,Galatians,6,12,Galatians 6:12,4,ἐν,ἐν,P-.--------,,SBLGNT,GNT
48,Galatians,6,12,Galatians 6:12,5,σαρκί,σάρξ,N-.----DSF-,,SBLGNT,GNT
48,Galatians,6,12,Galatians 6:12,6,οὗτοι,οὗτος,RD.----NPM-,,SBLGNT,GNT
48,Galatians,6,12,Galatians 6:12,7,ἀναγκάζουσι(ν),ἀναγκάζω,V-.3PAI-P--,,SBLGNT,GNT
48,Galatians,6,12,Galatians 6:12,8,ὑμᾶς,σύ,RP.----AP--,,SBLGNT,GNT
48,Galatians,6,12,Galatians 6:12,9,περιτέμνεσθαι,περιτέμνω,V-.-PPN----,,SBLGNT,GNT
48,Galatians,6,12,Galatians 6:12,10,μόνον,μόνος,A-.----ASN-,,SBLGNT,GNT
48,Galatians,6,12,Galatians 6:12,11,ἵνα,ἵνα,C-.--------,,SBLGNT,GNT
48,Galatians,6,12,Galatians 6:12,12,τῷ,ὁ,RA.----DSM-,,SBLGNT,GNT
48,Galatians,6,12,Galatians 6:12,13,σταυρῷ,σταυρός,N-.----DSM-,,SBLGNT,GNT
48,Galatians,6,12,Galatians 6:12,14,τοῦ,ὁ,RA.----GSM-,,SBLGNT,GNT
48,Galatians,6,12,Galatians 6:12,15,Χριστοῦ,Χριστός,N-.----GSM-,,SBLGNT,GNT
48,Galatians,6,12,Galatians 6:12,16,μή,μή,D-.--------,,SBLGNT,GNT
48,Galatians,6,12,Galatians 6:12,17,διώκωνται,διώκω,V-.3PPS-P--,,SBLGNT,GNT
48,Galatians,6,13,Galatians 6:13,1,οὐδέ,οὐδέ,D-.--------,,SBLGNT,GNT
48,Galatians,6,13,Galatians 6:13,2,γάρ,γάρ,C-.--------,,SBLGNT,GNT
48,Galatians,6,13,Galatians 6:13,3,οἱ,ὁ,RA.----NPM-,,SBLGNT,GNT
48,Galatians,6,13,Galatians 6:13,4,περιτεμνόμενοι,περιτέμνω,V-.-PPPNPM-,,SBLGNT,GNT
48,Galatians,6,13,Galatians 6:13,5,αὐτοί,αὐτός,RP.----NPM-,,SBLGNT,GNT
48,Galatians,6,13,Galatians 6:13,6,νόμον,νόμος,N-.----ASM-,,SBLGNT,GNT
48,Galatians,6,13,Galatians 6:13,7,φυλάσσουσι(ν),φυλάσσω,V-.3PAI-P--,,SBLGNT,GNT
48,Galatians,6,13,Galatians 6:13,8,ἀλλά,ἀλλά,C-.--------,,SBLGNT,GNT
48,Galatians,6,13,Galatians 6:13,9,θέλουσι(ν),θέλω,V-.3PAI-P--,,SBLGNT,GNT
48,Galatians,6,13,Galatians 6:13,10,ὑμᾶς,σύ,RP.----AP--,,SBLGNT,GNT
48,Galatians,6,13,Galatians 6:13,11,περιτέμνεσθαι,περιτέμνω,V-.-PPN----,,SBLGNT,GNT
48,Galatians,6,13,Galatians 6:13,12,ἵνα,ἵνα,C-.--------,,SBLGNT,GNT
48,Galatians,6,13,Galatians 6:13,13,ἐν,ἐν,P-.--------,,SBLGNT,GNT
48,Galatians,6,13,Galatians 6:13,14,τῇ,ὁ,RA.----DSF-,,SBLGNT,GNT
48,Galatians,6,13,Galatians 6:13,15,ὑμετέρᾳ,ὑμέτερος,A-.----DSF-,,SBLGNT,GNT
48,Galatians,6,13,Galatians 6:13,16,σαρκί,σάρξ,N-.----DSF-,,SBLGNT,GNT
48,Galatians,6,13,Galatians 6:13,17,καυχήσωνται,καυχάομαι,V-.3AMS-P--,,SBLGNT,GNT
48,Galatians,6,14,Galatians 6:14,1,ἐμοί,ἐγώ,RP.----DS--,,SBLGNT,GNT
48,Galatians,6,14,Galatians 6:14,2,δέ,δέ,C-.--------,,SBLGNT,GNT
48,Galatians,6,14,Galatians 6:14,3,μή,μή,D-.--------,,SBLGNT,GNT
48,Galatians,6,14,Galatians 6:14,4,γένοιτο,γίνομαι,V-.3AMO-S--,,SBLGNT,GNT
48,Galatians,6,14,Galatians 6:14,5,καυχᾶσθαι,καυχάομαι,V-.-PMN----,,SBLGNT,GNT
48,Galatians,6,14,Galatians 6:14,6,εἰ,εἰ,C-.--------,,SBLGNT,GNT
48,Galatians,6,14,Galatians 6:14,7,μή,μή,D-.--------,,SBLGNT,GNT
48,Galatians,6,14,Galatians 6:14,8,ἐν,ἐν,P-.--------,,SBLGNT,GNT
48,Galatians,6,14,Galatians 6:14,9,τῷ,ὁ,RA.----DSM-,,SBLGNT,GNT
48,Galatians,6,14,Galatians 6:14,10,σταυρῷ,σταυρός,N-.----DSM-,,SBLGNT,GNT
48,Galatians,6,14,Galatians 6:14,11,τοῦ,ὁ,RA.----GSM-,,SBLGNT,GNT
48,Galatians,6,14,Galatians 6:14,12,κυρίου,κύριος,N-.----GSM-,,SBLGNT,GNT
48,Galatians,6,14,Galatians 6:14,13,ἡμῶν,ἐγώ,RP.----GP--,,SBLGNT,GNT
48,Galatians,6,14,Galatians 6:14,14,Ἰησοῦ,Ἰησοῦς,N-.----GSM-,,SBLGNT,GNT
48,Galatians,6,14,Galatians 6:14,15,Χριστοῦ,Χριστός,N-.----GSM-,,SBLGNT,GNT
48,Galatians,6,14,Galatians 6:14,16,διά,διά,P-.--------,,SBLGNT,GNT
48,Galatians,6,14,Galatians 6:14,17,οὗ,ὅς,RR.----GSM-,,SBLGNT,GNT
48,Galatians,6,14,Galatians 6:14,18,ἐμοί,ἐγώ,RP.----DS--,,SBLGNT,GNT
48,Galatians,6,14,Galatians 6:14,19,κόσμος,κόσμος,N-.----NSM-,,SBLGNT,GNT
48,Galatians,6,14,Galatians 6:14,20,ἐσταύρωται,σταυρόω,V-.3XPI-S--,,SBLGNT,GNT
48,Galatians,6,14,Galatians 6:14,21,κἀγώ,κἀγώ,RP.----NS--,,SBLGNT,GNT
48,Galatians,6,14,Galatians 6:14,22,κόσμῳ,κόσμος,N-.----DSM-,,SBLGNT,GNT
48,Galatians,6,15,Galatians 6:15,1,οὔτε,οὔτε,C-.--------,,SBLGNT,GNT
48,Galatians,6,15,Galatians 6:15,2,γάρ,γάρ,C-.--------,,SBLGNT,GNT
48,Galatians,6,15,Galatians 6:15,3,περιτομή,περιτομή,N-.----NSF-,,SBLGNT,GNT
48,Galatians,6,15,Galatians 6:15,4,τὶ,τις,RI.----NSN-,,SBLGNT,GNT
48,Galatians,6,15,Galatians 6:15,5,ἐστί(ν),εἰμί,V-.3PAI-S--,,SBLGNT,GNT
48,Galatians,6,15,Galatians 6:15,6,οὔτε,οὔτε,C-.--------,,SBLGNT,GNT
48,Galatians,6,15,Galatians 6:15,7,ἀκροβυστία,ἀκροβυστία,N-.----NSF-,,SBLGNT,GNT
48,Galatians,6,15,Galatians 6:15,8,ἀλλά,ἀλλά,C-.--------,,SBLGNT,GNT
48,Galatians,6,15,Galatians 6:15,9,καινή,καινός,A-.----NSF-,,SBLGNT,GNT
48,Galatians,6,15,Galatians 6:15,10,κτίσις,κτίσις,N-.----NSF-,,SBLGNT,GNT
48,Galatians,6,16,Galatians 6:16,1,καί,καί,C-.--------,,SBLGNT,GNT
48,Galatians,6,16,Galatians 6:16,2,ὅσοι,ὅσος,RR.----NPM-,,SBLGNT,GNT
48,Galatians,6,16,Galatians 6:16,3,τῷ,ὁ,RA.----DSM-,,SBLGNT,GNT
48,Galatians,6,16,Galatians 6:16,4,κανόνι,κανών,N-.----DSM-,,SBLGNT,GNT
48,Galatians,6,16,Galatians 6:16,5,τούτῳ,οὗτος,RD.----DSM-,,SBLGNT,GNT
48,Galatians,6,16,Galatians 6:16,6,στοιχήσουσι(ν),στοιχέω,V-.3FAI-P--,,SBLGNT,GNT
48,Galatians,6,16,Galatians 6:16,7,εἰρήνη,εἰρήνη,N-.----NSF-,,SBLGNT,GNT
48,Galatians,6,16,Galatians 6:16,8,ἐπί,ἐπί,P-.--------,,SBLGNT,GNT
48,Galatians,6,16,Galatians 6:16,9,αὐτούς,αὐτός,RP.----APM-,,SBLGNT,GNT
48,Galatians,6,16,Galatians 6:16,10,καί,καί,C-.--------,,SBLGNT,GNT
48,Galatians,6,16,Galatians 6:16,11,ἔλεος,ἔλεος,N-.----NSN-,,SBLGNT,GNT
48,Galatians,6,16,Galatians 6:16,12,καί,καί,C-.--------,,SBLGNT,GNT
48,Galatians,6,16,Galatians 6:16,13,ἐπί,ἐπί,P-.--------,,SBLGNT,GNT
48,Galatians,6,16,Galatians 6:16,14,τόν,ὁ,RA.----ASM-,,SBLGNT,GNT
48,Galatians,6,16,Galatians 6:16,15,Ἰσραήλ,Ἰσραήλ,N-.----ASM-,,SBLGNT,GNT
48,Galatians,6,16,Galatians 6:16,16,τοῦ,ὁ,RA.----GSM-,,SBLGNT,GNT
48,Galatians,6,16,Galatians 6:16,17,θεοῦ,θεός,N-.----GSM-,,SBLGNT,GNT
48,Galatians,6,17,Galatians 6:17,1,τοῦ,ὁ,RA.----GSN-,,SBLGNT,GNT
48,Galatians,6,17,Galatians 6:17,2,λοιποῦ,λοιπός,A-.----GSN-,,SBLGNT,GNT
48,Galatians,6,17,Galatians 6:17,3,κόπους,κόπος,N-.----APM-,,SBLGNT,GNT
48,Galatians,6,17,Galatians 6:17,4,μοι,ἐγώ,RP.----DS--,,SBLGNT,GNT
48,Galatians,6,17,Galatians 6:17,5,μηδείς,μηδείς,A-.----NSM-,,SBLGNT,GNT
48,Galatians,6,17,Galatians 6:17,6,παρεχέτω,παρέχω,V-.3PAD-S--,,SBLGNT,GNT
48,Galatians,6,17,Galatians 6:17,7,ἐγώ,ἐγώ,RP.----NS--,,SBLGNT,GNT
48,Galatians,6,17,Galatians 6:17,8,γάρ,γάρ,C-.--------,,SBLGNT,GNT
48,Galatians,6,17,Galatians 6:17,9,τά,ὁ,RA.----APN-,,SBLGNT,GNT
48,Galatians,6,17,Galatians 6:17,10,στίγματα,στίγμα,N-.----APN-,,SBLGNT,GNT
48,Galatians,6,17,Galatians 6:17,11,τοῦ,ὁ,RA.----GSM-,,SBLGNT,GNT
48,Galatians,6,17,Galatians 6:17,12,Ἰησοῦ,Ἰησοῦς,N-.----GSM-,,SBLGNT,GNT
48,Galatians,6,17,Galatians 6:17,13,ἐν,ἐν,P-.--------,,SBLGNT,GNT
48,Galatians,6,17,Galatians 6:17,14,τῷ,ὁ,RA.----DSN-,,SBLGNT,GNT
48,Galatians,6,17,Galatians 6:17,15,σώματι,σῶμα,N-.----DSN-,,SBLGNT,GNT
48,Galatians,6,17,Galatians 6:17,16,μου,ἐγώ,RP.----GS--,,SBLGNT,GNT
48,Galatians,6,17,Galatians 6:17,17,βαστάζω,βαστάζω,V-.1PAI-S--,,SBLGNT,GNT
48,Galatians,6,18,Galatians 6:18,1,ἡ,ὁ,RA.----NSF-,,SBLGNT,GNT
48,Galatians,6,18,Galatians 6:18,2,χάρις,χάρις,N-.----NSF-,,SBLGNT,GNT
48,Galatians,6,18,Galatians 6:18,3,τοῦ,ὁ,RA.----GSM-,,SBLGNT,GNT
48,Galatians,6,18,Galatians 6:18,4,κυρίου,κύριος,N-.----GSM-,,SBLGNT,GNT
48,Galatians,6,18,Galatians 6:18,5,ἡμῶν,ἐγώ,RP.----GP--,,SBLGNT,GNT
48,Galatians,6,18,Galatians 6:18,6,Ἰησοῦ,Ἰησοῦς,N-.----GSM-,,SBLGNT,GNT
48,Galatians,6,18,Galatians 6:18,7,Χριστοῦ,Χριστός,N-.----GSM-,,SBLGNT,GNT
48,Galatians,6,18,Galatians 6:18,8,μετά,μετά,P-.--------,,SBLGNT,GNT
48,Galatians,6,18,Galatians 6:18,9,τοῦ,ὁ,RA.----GSN-,,SBLGNT,GNT
48,Galatians,6,18,Galatians 6:18,10,πνεύματος,πνεῦμα,N-.----GSN-,,SBLGNT,GNT
48,Galatians,6,18,Galatians 6:18,11,ὑμῶν,σύ,RP.----GP--,,SBLGNT,GNT
48,Galatians,6,18,Galatians 6:18,12,ἀδελφοί,ἀδελφός,N-.----VPM-,,SBLGNT,GNT
48,Galatians,6,18,Galatians 6:18,13,ἀμήν,ἀμήν,X-.--------,,SBLGNT,GNT
